id	family	shape	selectivity	operator	boundary	projection	limit	targetGraphId	targetGraphIds	selectedGraphCount	workloadIdentity	outcome	rowCount	responseBytes	digest	latencyNanos	fixtureDistributionId	hitGraphIds	executionPath	inputSourceCount	accessedGraphCount	accessedGraphIds	targetGraphAccessCount	nonTargetGraphAccessCount	parallelScanCount	indexLookupCount	peakActiveWorkers	graphWorkUnits	graphIdSourceSelections	graphIdSourcePruningExecutions	graphIdSourcesPruned	filteredNodeLimitFastPathExecutions	generalFallbackExecutions
request-selected-set-wrapped-contains-k64-group-00-zero	graph-set-reference	request-selected-set-wrapped-contains	zero	request-graph-set-selection-and-wrapped-contains	request-selected-source	properties	200	fixture-android-00	fixture-android-00,fixture-android-01,fixture-android-02,fixture-android-03,fixture-android-04,fixture-android-05,fixture-android-06,fixture-android-07,fixture-android-08,fixture-android-09,fixture-android-10,fixture-android-11,fixture-android-12,fixture-android-13,fixture-android-14,fixture-android-15,fixture-tika-00,fixture-tika-01,fixture-tika-02,fixture-tika-03,fixture-tika-04,fixture-tika-05,fixture-tika-06,fixture-tika-07,fixture-tika-08,fixture-tika-09,fixture-tika-10,fixture-tika-11,fixture-tika-12,fixture-tika-13,fixture-tika-14,fixture-tika-15,fixture-hive-00,fixture-hive-01,fixture-hive-02,fixture-hive-03,fixture-hive-04,fixture-hive-05,fixture-hive-06,fixture-hive-07,fixture-hive-08,fixture-hive-09,fixture-hive-10,fixture-hive-11,fixture-hive-12,fixture-hive-13,fixture-hive-14,fixture-hive-15,fixture-kotlin-compiler-00,fixture-kotlin-compiler-01,fixture-kotlin-compiler-02,fixture-kotlin-compiler-03,fixture-kotlin-compiler-04,fixture-kotlin-compiler-05,fixture-kotlin-compiler-06,fixture-kotlin-compiler-07,fixture-kotlin-compiler-08,fixture-kotlin-compiler-09,fixture-kotlin-compiler-10,fixture-kotlin-compiler-11,fixture-kotlin-compiler-12,fixture-kotlin-compiler-13,fixture-kotlin-compiler-14,fixture-kotlin-compiler-15	64	35bad66d358dca7faeb0cdf55b64b864a288b1b7a4100dbf64766839a0267284	success	0	147	805c8c7334c868e18e2be84be95b83cc60895722d739c2b164a68be4cd410c49	471723			request-selected-source	64	64	fixture-android-00,fixture-android-01,fixture-android-02,fixture-android-03,fixture-android-04,fixture-android-05,fixture-android-06,fixture-android-07,fixture-android-08,fixture-android-09,fixture-android-10,fixture-android-11,fixture-android-12,fixture-android-13,fixture-android-14,fixture-android-15,fixture-hive-00,fixture-hive-01,fixture-hive-02,fixture-hive-03,fixture-hive-04,fixture-hive-05,fixture-hive-06,fixture-hive-07,fixture-hive-08,fixture-hive-09,fixture-hive-10,fixture-hive-11,fixture-hive-12,fixture-hive-13,fixture-hive-14,fixture-hive-15,fixture-kotlin-compiler-00,fixture-kotlin-compiler-01,fixture-kotlin-compiler-02,fixture-kotlin-compiler-03,fixture-kotlin-compiler-04,fixture-kotlin-compiler-05,fixture-kotlin-compiler-06,fixture-kotlin-compiler-07,fixture-kotlin-compiler-08,fixture-kotlin-compiler-09,fixture-kotlin-compiler-10,fixture-kotlin-compiler-11,fixture-kotlin-compiler-12,fixture-kotlin-compiler-13,fixture-kotlin-compiler-14,fixture-kotlin-compiler-15,fixture-tika-00,fixture-tika-01,fixture-tika-02,fixture-tika-03,fixture-tika-04,fixture-tika-05,fixture-tika-06,fixture-tika-07,fixture-tika-08,fixture-tika-09,fixture-tika-10,fixture-tika-11,fixture-tika-12,fixture-tika-13,fixture-tika-14,fixture-tika-15	64	0	0	64	0	64	0	0	0	1	0
graph-id-property-wrapped-contains-target-00-zero	graph-id	graph-id-property-wrapped-contains	zero	graph-id-equals-and-wrapped-contains	graph-routing	properties	200	fixture-android-00	fixture-android-00	1	47c5f2f8275ab2447995a1b45a36cd5b0b70e258e0f75934abd1f0cef5c2b93e	success	0	147	805c8c7334c868e18e2be84be95b83cc60895722d739c2b164a68be4cd410c49	222256			cypher-graph-id-predicate	64	1	fixture-android-00	1	0	0	1	0	1	1	1	63	1	0
graph-id-property-wrapped-contains-target-00-targeted	graph-id	graph-id-property-wrapped-contains	targeted	graph-id-equals-and-wrapped-contains	graph-routing	properties	200	fixture-android-00	fixture-android-00	1	47c5f2f8275ab2447995a1b45a36cd5b0b70e258e0f75934abd1f0cef5c2b93e	success	10	5730	00c81103244dc6d42abdc3894d771e5a24957dcf7e5ad4d8dc686b1d7e0cb89e	199464		fixture-android-00	cypher-graph-id-predicate	64	1	fixture-android-00	1	0	0	1	0	10	1	1	63	1	0
graph-id-property-wrapped-contains-target-00-dense	graph-id	graph-id-property-wrapped-contains	dense	graph-id-equals-and-wrapped-contains	graph-routing	properties	200	fixture-android-00	fixture-android-00	1	47c5f2f8275ab2447995a1b45a36cd5b0b70e258e0f75934abd1f0cef5c2b93e	success	200	84411	3bdee68309e62bee93f47848258ded90b1763d55841fa57d8b8fd21867653c44	273863		fixture-android-00	cypher-graph-id-predicate	64	1	fixture-android-00	1	0	0	1	0	200	1	1	63	1	0
graph-id-property-wrapped-contains-target-01-zero	graph-id	graph-id-property-wrapped-contains	zero	graph-id-equals-and-wrapped-contains	graph-routing	properties	200	fixture-android-01	fixture-android-01	1	e4528616b87301f557512ab9d9e4e598561300f98d2e85100725c35158534ecc	success	0	147	805c8c7334c868e18e2be84be95b83cc60895722d739c2b164a68be4cd410c49	143148			cypher-graph-id-predicate	64	1	fixture-android-01	1	0	0	1	0	1	1	1	63	1	0
graph-id-property-wrapped-contains-target-01-targeted	graph-id	graph-id-property-wrapped-contains	targeted	graph-id-equals-and-wrapped-contains	graph-routing	properties	200	fixture-android-01	fixture-android-01	1	e4528616b87301f557512ab9d9e4e598561300f98d2e85100725c35158534ecc	success	1	758	b33173a678013ac093c95f3fccc5cd5af96ea18082387e1fc872de4817e234b2	237945		fixture-android-01	cypher-graph-id-predicate	64	1	fixture-android-01	1	0	0	1	0	1	1	1	63	1	0
graph-id-property-wrapped-contains-target-01-dense	graph-id	graph-id-property-wrapped-contains	dense	graph-id-equals-and-wrapped-contains	graph-routing	properties	200	fixture-android-01	fixture-android-01	1	e4528616b87301f557512ab9d9e4e598561300f98d2e85100725c35158534ecc	success	200	84093	d9daf98f04e06930dfeb91ddd4e8ae597b8f9154e54ac1018db6a25ea8ddd84f	313397		fixture-android-01	cypher-graph-id-predicate	64	1	fixture-android-01	1	0	0	1	0	200	1	1	63	1	0
graph-id-property-wrapped-contains-target-02-zero	graph-id	graph-id-property-wrapped-contains	zero	graph-id-equals-and-wrapped-contains	graph-routing	properties	200	fixture-android-02	fixture-android-02	1	1a026780ab945a978bf2d821f0728dd8a679a4b4838c8a3b7703d006d3fae584	success	0	147	805c8c7334c868e18e2be84be95b83cc60895722d739c2b164a68be4cd410c49	145693			cypher-graph-id-predicate	64	1	fixture-android-02	1	0	0	1	0	1	1	1	63	1	0
graph-id-property-wrapped-contains-target-02-targeted	graph-id	graph-id-property-wrapped-contains	targeted	graph-id-equals-and-wrapped-contains	graph-routing	properties	200	fixture-android-02	fixture-android-02	1	1a026780ab945a978bf2d821f0728dd8a679a4b4838c8a3b7703d006d3fae584	success	9	5751	0754b66fd035110585cc31e6af555127395a9cd85c413f0a859de6b596c3b70d	153688		fixture-android-02	cypher-graph-id-predicate	64	1	fixture-android-02	1	0	0	1	0	9	1	1	63	1	0
graph-id-property-wrapped-contains-target-02-dense	graph-id	graph-id-property-wrapped-contains	dense	graph-id-equals-and-wrapped-contains	graph-routing	properties	200	fixture-android-02	fixture-android-02	1	1a026780ab945a978bf2d821f0728dd8a679a4b4838c8a3b7703d006d3fae584	success	200	86930	a289774d080329d12351d967c614eae9b16190b55970a757b1f268e21aee3975	255629		fixture-android-02	cypher-graph-id-predicate	64	1	fixture-android-02	1	0	0	1	0	200	1	1	63	1	0
graph-id-property-wrapped-contains-target-03-zero	graph-id	graph-id-property-wrapped-contains	zero	graph-id-equals-and-wrapped-contains	graph-routing	properties	200	fixture-android-03	fixture-android-03	1	3a085dec137def84e2f0fd6c417ca6216ad5c22c415250ab8d225957a37eb876	success	0	147	805c8c7334c868e18e2be84be95b83cc60895722d739c2b164a68be4cd410c49	135053			cypher-graph-id-predicate	64	1	fixture-android-03	1	0	0	1	0	1	1	1	63	1	0
graph-id-property-wrapped-contains-target-03-targeted	graph-id	graph-id-property-wrapped-contains	targeted	graph-id-equals-and-wrapped-contains	graph-routing	properties	200	fixture-android-03	fixture-android-03	1	3a085dec137def84e2f0fd6c417ca6216ad5c22c415250ab8d225957a37eb876	success	2	1333	77f2da9b0b5a99e6332b957b281149f5e269d152177e36aaa74e86db4bc23bf9	154038		fixture-android-03	cypher-graph-id-predicate	64	1	fixture-android-03	1	0	0	1	0	2	1	1	63	1	0
graph-id-property-wrapped-contains-target-03-dense	graph-id	graph-id-property-wrapped-contains	dense	graph-id-equals-and-wrapped-contains	graph-routing	properties	200	fixture-android-03	fixture-android-03	1	3a085dec137def84e2f0fd6c417ca6216ad5c22c415250ab8d225957a37eb876	success	200	85151	08fbf5fde8e917175e0dca625983535621218120265897bdd0781fe99669b859	249247		fixture-android-03	cypher-graph-id-predicate	64	1	fixture-android-03	1	0	0	1	0	200	1	1	63	1	0
graph-id-property-wrapped-contains-target-04-zero	graph-id	graph-id-property-wrapped-contains	zero	graph-id-equals-and-wrapped-contains	graph-routing	properties	200	fixture-android-04	fixture-android-04	1	72b2db3813782b7057457474cb692d1ab65cbced9ccd76e7a6348806a1a0fdd6	success	0	147	805c8c7334c868e18e2be84be95b83cc60895722d739c2b164a68be4cd410c49	1093417			cypher-graph-id-predicate	64	1	fixture-android-04	1	0	0	1	0	1	1	1	63	1	0
graph-id-property-wrapped-contains-target-04-targeted	graph-id	graph-id-property-wrapped-contains	targeted	graph-id-equals-and-wrapped-contains	graph-routing	properties	200	fixture-android-04	fixture-android-04	1	72b2db3813782b7057457474cb692d1ab65cbced9ccd76e7a6348806a1a0fdd6	success	9	5762	527d81de9e8ca9f5fe9ad0166e1e1711fbccaf3c53281e7e95375f6d55e3a3c7	103504		fixture-android-04	cypher-graph-id-predicate	64	1	fixture-android-04	1	0	0	1	0	9	1	1	63	1	0
graph-id-property-wrapped-contains-target-04-dense	graph-id	graph-id-property-wrapped-contains	dense	graph-id-equals-and-wrapped-contains	graph-routing	properties	200	fixture-android-04	fixture-android-04	1	72b2db3813782b7057457474cb692d1ab65cbced9ccd76e7a6348806a1a0fdd6	success	200	86152	85d9bac3392391ae56f1f03af81d888f398336c8e33a1ef1e42c5409f746f730	361857		fixture-android-04	cypher-graph-id-predicate	64	1	fixture-android-04	1	0	0	1	0	200	1	1	63	1	0
graph-id-property-wrapped-contains-target-05-zero	graph-id	graph-id-property-wrapped-contains	zero	graph-id-equals-and-wrapped-contains	graph-routing	properties	200	fixture-android-05	fixture-android-05	1	9ccc65db4edf2ad696714957f6291e11ba1a158b062c135b909367736aa1cb91	success	0	147	805c8c7334c868e18e2be84be95b83cc60895722d739c2b164a68be4cd410c49	144220			cypher-graph-id-predicate	64	1	fixture-android-05	1	0	0	1	0	1	1	1	63	1	0
graph-id-property-wrapped-contains-target-05-targeted	graph-id	graph-id-property-wrapped-contains	targeted	graph-id-equals-and-wrapped-contains	graph-routing	properties	200	fixture-android-05	fixture-android-05	1	9ccc65db4edf2ad696714957f6291e11ba1a158b062c135b909367736aa1cb91	success	9	5751	48fbef6ae3373a73cfbd3690497aae4d0773c2f4ddadb5d217061398978bcac5	154359		fixture-android-05	cypher-graph-id-predicate	64	1	fixture-android-05	1	0	0	1	0	9	1	1	63	1	0
graph-id-property-wrapped-contains-target-05-dense	graph-id	graph-id-property-wrapped-contains	dense	graph-id-equals-and-wrapped-contains	graph-routing	properties	200	fixture-android-05	fixture-android-05	1	9ccc65db4edf2ad696714957f6291e11ba1a158b062c135b909367736aa1cb91	success	200	90860	57ae61ccbdbf1e83a9ab8de2923c4ac26bcc634ed53a2f1c1a3ee3682afe8cd8	366066		fixture-android-05	cypher-graph-id-predicate	64	1	fixture-android-05	1	0	0	1	0	200	1	1	63	1	0
graph-id-property-wrapped-contains-target-06-zero	graph-id	graph-id-property-wrapped-contains	zero	graph-id-equals-and-wrapped-contains	graph-routing	properties	200	fixture-android-06	fixture-android-06	1	aef2397f89755e0b59e944f9b6062fb5611eea3ea4b05762643e082168bd9526	success	0	147	805c8c7334c868e18e2be84be95b83cc60895722d739c2b164a68be4cd410c49	150993			cypher-graph-id-predicate	64	1	fixture-android-06	1	0	0	1	0	1	1	1	63	1	0
graph-id-property-wrapped-contains-target-06-targeted	graph-id	graph-id-property-wrapped-contains	targeted	graph-id-equals-and-wrapped-contains	graph-routing	properties	200	fixture-android-06	fixture-android-06	1	aef2397f89755e0b59e944f9b6062fb5611eea3ea4b05762643e082168bd9526	success	1	734	2c8962bfda6df26238f145f32f089e1ccdb69cc26ea9c2fde590f543638ba060	194865		fixture-android-06	cypher-graph-id-predicate	64	1	fixture-android-06	1	0	0	1	0	1	1	1	63	1	0
graph-id-property-wrapped-contains-target-06-dense	graph-id	graph-id-property-wrapped-contains	dense	graph-id-equals-and-wrapped-contains	graph-routing	properties	200	fixture-android-06	fixture-android-06	1	aef2397f89755e0b59e944f9b6062fb5611eea3ea4b05762643e082168bd9526	success	200	83941	f7f169fb4cd9a2408b058d9e03502907fe0d9372ba70f2f3749aeaffa464e292	261149		fixture-android-06	cypher-graph-id-predicate	64	1	fixture-android-06	1	0	0	1	0	200	1	1	63	1	0
graph-id-property-wrapped-contains-target-07-zero	graph-id	graph-id-property-wrapped-contains	zero	graph-id-equals-and-wrapped-contains	graph-routing	properties	200	fixture-android-07	fixture-android-07	1	2884fe5070e6e70bd2c44e54af37c56e2cfd19343a8721d5b36093d7d1db0f7d	success	0	147	805c8c7334c868e18e2be84be95b83cc60895722d739c2b164a68be4cd410c49	245927			cypher-graph-id-predicate	64	1	fixture-android-07	1	0	0	1	0	1	1	1	63	1	0
graph-id-property-wrapped-contains-target-07-targeted	graph-id	graph-id-property-wrapped-contains	targeted	graph-id-equals-and-wrapped-contains	graph-routing	properties	200	fixture-android-07	fixture-android-07	1	2884fe5070e6e70bd2c44e54af37c56e2cfd19343a8721d5b36093d7d1db0f7d	success	1	762	d5674d7adcd2d58f93c5f2849f690003bc45d523850181c23ceaa0aacd7e6709	142707		fixture-android-07	cypher-graph-id-predicate	64	1	fixture-android-07	1	0	0	1	0	1	1	1	63	1	0
graph-id-property-wrapped-contains-target-07-dense	graph-id	graph-id-property-wrapped-contains	dense	graph-id-equals-and-wrapped-contains	graph-routing	properties	200	fixture-android-07	fixture-android-07	1	2884fe5070e6e70bd2c44e54af37c56e2cfd19343a8721d5b36093d7d1db0f7d	success	200	84999	35604ee2a3d19ee64c97fa99f4be154714c60028f948c7a23f75b925d4520a5d	389289		fixture-android-07	cypher-graph-id-predicate	64	1	fixture-android-07	1	0	0	1	0	200	1	1	63	1	0
graph-id-property-wrapped-contains-target-08-zero	graph-id	graph-id-property-wrapped-contains	zero	graph-id-equals-and-wrapped-contains	graph-routing	properties	200	fixture-android-08	fixture-android-08	1	25fcd87fe0d089932a1b7f325e822252e3042b73178c7aa80e1c0d12bcef2e47	success	0	147	805c8c7334c868e18e2be84be95b83cc60895722d739c2b164a68be4cd410c49	159331			cypher-graph-id-predicate	64	1	fixture-android-08	1	0	0	1	0	1	1	1	63	1	0
graph-id-property-wrapped-contains-target-08-targeted	graph-id	graph-id-property-wrapped-contains	targeted	graph-id-equals-and-wrapped-contains	graph-routing	properties	200	fixture-android-08	fixture-android-08	1	25fcd87fe0d089932a1b7f325e822252e3042b73178c7aa80e1c0d12bcef2e47	success	2	1322	4b49b28d836e57c2c3f8d43a93acd00a93b169fcd603338f9ab350f541e9665c	130334		fixture-android-08	cypher-graph-id-predicate	64	1	fixture-android-08	1	0	0	1	0	2	1	1	63	1	0
graph-id-property-wrapped-contains-target-08-dense	graph-id	graph-id-property-wrapped-contains	dense	graph-id-equals-and-wrapped-contains	graph-routing	properties	200	fixture-android-08	fixture-android-08	1	25fcd87fe0d089932a1b7f325e822252e3042b73178c7aa80e1c0d12bcef2e47	success	200	85531	ed34441ff634f19c276911a1fa193106a9070fde1065b57fc7ec71132b8d5f66	260688		fixture-android-08	cypher-graph-id-predicate	64	1	fixture-android-08	1	0	0	1	0	200	1	1	63	1	0
graph-id-property-wrapped-contains-target-09-zero	graph-id	graph-id-property-wrapped-contains	zero	graph-id-equals-and-wrapped-contains	graph-routing	properties	200	fixture-android-09	fixture-android-09	1	976770abc561e74e52c74c7f3b827fe70800ef502defdde9a4fa534aa511bd33	success	0	147	805c8c7334c868e18e2be84be95b83cc60895722d739c2b164a68be4cd410c49	130444			cypher-graph-id-predicate	64	1	fixture-android-09	1	0	0	1	0	1	1	1	63	1	0
graph-id-property-wrapped-contains-target-09-targeted	graph-id	graph-id-property-wrapped-contains	targeted	graph-id-equals-and-wrapped-contains	graph-routing	properties	200	fixture-android-09	fixture-android-09	1	976770abc561e74e52c74c7f3b827fe70800ef502defdde9a4fa534aa511bd33	success	1	758	cd83129b7654f9c1ac40c94032a03833f5b559e4d6d903ce58c899d274674334	124082		fixture-android-09	cypher-graph-id-predicate	64	1	fixture-android-09	1	0	0	1	0	1	1	1	63	1	0
graph-id-property-wrapped-contains-target-09-dense	graph-id	graph-id-property-wrapped-contains	dense	graph-id-equals-and-wrapped-contains	graph-routing	properties	200	fixture-android-09	fixture-android-09	1	976770abc561e74e52c74c7f3b827fe70800ef502defdde9a4fa534aa511bd33	success	200	84710	8302a9dc08d5cf465b56333dad5757a62c24d743692acbdbf8e81919ebd097a0	332803		fixture-android-09	cypher-graph-id-predicate	64	1	fixture-android-09	1	0	0	1	0	200	1	1	63	1	0
graph-id-property-wrapped-contains-target-10-zero	graph-id	graph-id-property-wrapped-contains	zero	graph-id-equals-and-wrapped-contains	graph-routing	properties	200	fixture-android-10	fixture-android-10	1	b80280988a4b3197bdd2348d3550b46e5d99e01f6e4a1abcb8668612b4a7bcf1	success	0	147	805c8c7334c868e18e2be84be95b83cc60895722d739c2b164a68be4cd410c49	151774			cypher-graph-id-predicate	64	1	fixture-android-10	1	0	0	1	0	1	1	1	63	1	0
graph-id-property-wrapped-contains-target-10-targeted	graph-id	graph-id-property-wrapped-contains	targeted	graph-id-equals-and-wrapped-contains	graph-routing	properties	200	fixture-android-10	fixture-android-10	1	b80280988a4b3197bdd2348d3550b46e5d99e01f6e4a1abcb8668612b4a7bcf1	success	1	821	f3f4d5fb39ff9fde7dcf6d88e4f52bcc4c277ed98626ccca0b17c4ddbb20b035	147306		fixture-android-10	cypher-graph-id-predicate	64	1	fixture-android-10	1	0	0	1	0	1	1	1	63	1	0
graph-id-property-wrapped-contains-target-10-dense	graph-id	graph-id-property-wrapped-contains	dense	graph-id-equals-and-wrapped-contains	graph-routing	properties	200	fixture-android-10	fixture-android-10	1	b80280988a4b3197bdd2348d3550b46e5d99e01f6e4a1abcb8668612b4a7bcf1	success	200	86914	eec30bd784e53b80ccd384559e9d1f853b8152ad8db90ad1f27d391bf03fc0d8	269184		fixture-android-10	cypher-graph-id-predicate	64	1	fixture-android-10	1	0	0	1	0	200	1	1	63	1	0
graph-id-property-wrapped-contains-target-11-zero	graph-id	graph-id-property-wrapped-contains	zero	graph-id-equals-and-wrapped-contains	graph-routing	properties	200	fixture-android-11	fixture-android-11	1	ff7c9f064acf1b8f0c7104242efebdb73dfcc6db0739150c3d56bcc4ebbfb47f	success	0	147	805c8c7334c868e18e2be84be95b83cc60895722d739c2b164a68be4cd410c49	132718			cypher-graph-id-predicate	64	1	fixture-android-11	1	0	0	1	0	1	1	1	63	1	0
graph-id-property-wrapped-contains-target-11-targeted	graph-id	graph-id-property-wrapped-contains	targeted	graph-id-equals-and-wrapped-contains	graph-routing	properties	200	fixture-android-11	fixture-android-11	1	ff7c9f064acf1b8f0c7104242efebdb73dfcc6db0739150c3d56bcc4ebbfb47f	success	1	758	f8ea31527e372a7d8e0f896bc894b97d788067aa20d0af371a4239382f72a4d1	123692		fixture-android-11	cypher-graph-id-predicate	64	1	fixture-android-11	1	0	0	1	0	1	1	1	63	1	0
graph-id-property-wrapped-contains-target-11-dense	graph-id	graph-id-property-wrapped-contains	dense	graph-id-equals-and-wrapped-contains	graph-routing	properties	200	fixture-android-11	fixture-android-11	1	ff7c9f064acf1b8f0c7104242efebdb73dfcc6db0739150c3d56bcc4ebbfb47f	success	200	84862	36598e3ab73085dce50e849dda8b6a32b1088eab3f02f052e9536f16613b5d4b	318547		fixture-android-11	cypher-graph-id-predicate	64	1	fixture-android-11	1	0	0	1	0	200	1	1	63	1	0
graph-id-property-wrapped-contains-target-12-zero	graph-id	graph-id-property-wrapped-contains	zero	graph-id-equals-and-wrapped-contains	graph-routing	properties	200	fixture-android-12	fixture-android-12	1	fbfd92bdb617f8eef3c84ce77e1116d4f0d1116a40b9fc543770c1a430e829ec	success	0	147	805c8c7334c868e18e2be84be95b83cc60895722d739c2b164a68be4cd410c49	383879			cypher-graph-id-predicate	64	1	fixture-android-12	1	0	0	1	0	1	1	1	63	1	0
graph-id-property-wrapped-contains-target-12-targeted	graph-id	graph-id-property-wrapped-contains	targeted	graph-id-equals-and-wrapped-contains	graph-routing	properties	200	fixture-android-12	fixture-android-12	1	fbfd92bdb617f8eef3c84ce77e1116d4f0d1116a40b9fc543770c1a430e829ec	success	2	1348	569ba2c2d8626f5c6804b713aa9f9bd5155648246e0bb082ab37cf407a3ccee9	125445		fixture-android-12	cypher-graph-id-predicate	64	1	fixture-android-12	1	0	0	1	0	2	1	1	63	1	0
graph-id-property-wrapped-contains-target-12-dense	graph-id	graph-id-property-wrapped-contains	dense	graph-id-equals-and-wrapped-contains	graph-routing	properties	200	fixture-android-12	fixture-android-12	1	fbfd92bdb617f8eef3c84ce77e1116d4f0d1116a40b9fc543770c1a430e829ec	success	200	85894	f22afa8ccaad259750ce50e850502822308b2565f707f284de32cd44d5ef328a	276488		fixture-android-12	cypher-graph-id-predicate	64	1	fixture-android-12	1	0	0	1	0	200	1	1	63	1	0
graph-id-property-wrapped-contains-target-13-zero	graph-id	graph-id-property-wrapped-contains	zero	graph-id-equals-and-wrapped-contains	graph-routing	properties	200	fixture-android-13	fixture-android-13	1	99b23d6e37ddba640f96acd0d7b903185c9b38cc0e6df93374f9fe569bbc4c38	success	0	147	805c8c7334c868e18e2be84be95b83cc60895722d739c2b164a68be4cd410c49	129853			cypher-graph-id-predicate	64	1	fixture-android-13	1	0	0	1	0	1	1	1	63	1	0
graph-id-property-wrapped-contains-target-13-targeted	graph-id	graph-id-property-wrapped-contains	targeted	graph-id-equals-and-wrapped-contains	graph-routing	properties	200	fixture-android-13	fixture-android-13	1	99b23d6e37ddba640f96acd0d7b903185c9b38cc0e6df93374f9fe569bbc4c38	success	5	2824	ebb699b5b0554cc639408add00ca9d9aae37f3553c5e6ea606cb7e66e171933f	124843		fixture-android-13	cypher-graph-id-predicate	64	1	fixture-android-13	1	0	0	1	0	5	1	1	63	1	0
graph-id-property-wrapped-contains-target-13-dense	graph-id	graph-id-property-wrapped-contains	dense	graph-id-equals-and-wrapped-contains	graph-routing	properties	200	fixture-android-13	fixture-android-13	1	99b23d6e37ddba640f96acd0d7b903185c9b38cc0e6df93374f9fe569bbc4c38	success	200	86344	2e714969993f2a86ba5c715dc52b2c7d6dbaed9b2320da2399ecdf29ec9f1e4e	254076		fixture-android-13	cypher-graph-id-predicate	64	1	fixture-android-13	1	0	0	1	0	200	1	1	63	1	0
graph-id-property-wrapped-contains-target-14-zero	graph-id	graph-id-property-wrapped-contains	zero	graph-id-equals-and-wrapped-contains	graph-routing	properties	200	fixture-android-14	fixture-android-14	1	caf42d54ef3437f216c963929327ed5ef3f52ce080fa2be4c3305c2370617ab1	success	0	147	805c8c7334c868e18e2be84be95b83cc60895722d739c2b164a68be4cd410c49	126897			cypher-graph-id-predicate	64	1	fixture-android-14	1	0	0	1	0	1	1	1	63	1	0
graph-id-property-wrapped-contains-target-14-targeted	graph-id	graph-id-property-wrapped-contains	targeted	graph-id-equals-and-wrapped-contains	graph-routing	properties	200	fixture-android-14	fixture-android-14	1	caf42d54ef3437f216c963929327ed5ef3f52ce080fa2be4c3305c2370617ab1	success	3	1887	cfce92c06f8a0a93444f0ec3592aad57c255799cc7a1286e673f5c8cc3173d20	122099		fixture-android-14	cypher-graph-id-predicate	64	1	fixture-android-14	1	0	0	1	0	3	1	1	63	1	0
graph-id-property-wrapped-contains-target-14-dense	graph-id	graph-id-property-wrapped-contains	dense	graph-id-equals-and-wrapped-contains	graph-routing	properties	200	fixture-android-14	fixture-android-14	1	caf42d54ef3437f216c963929327ed5ef3f52ce080fa2be4c3305c2370617ab1	success	200	88102	f384f54b9e0494c603dd9e83eb2ca0ad0386a359a2e1d6a356e225c072977e41	1484148		fixture-android-14	cypher-graph-id-predicate	64	1	fixture-android-14	1	0	0	1	0	200	1	1	63	1	0
graph-id-property-wrapped-contains-target-15-zero	graph-id	graph-id-property-wrapped-contains	zero	graph-id-equals-and-wrapped-contains	graph-routing	properties	200	fixture-android-15	fixture-android-15	1	396286291622042417a1e42f88e1a07f9e973d88a4b45b59c7408d3e8fe8e4cd	success	0	147	805c8c7334c868e18e2be84be95b83cc60895722d739c2b164a68be4cd410c49	123571			cypher-graph-id-predicate	64	1	fixture-android-15	1	0	0	1	0	1	1	1	63	1	0
graph-id-property-wrapped-contains-target-15-targeted	graph-id	graph-id-property-wrapped-contains	targeted	graph-id-equals-and-wrapped-contains	graph-routing	properties	200	fixture-android-15	fixture-android-15	1	396286291622042417a1e42f88e1a07f9e973d88a4b45b59c7408d3e8fe8e4cd	success	1	765	ae20f86c5a0d43140079bdbb52041ad145178823d6189b8171bbe58dc0d82dcc	142594		fixture-android-15	cypher-graph-id-predicate	64	1	fixture-android-15	1	0	0	1	0	1	1	1	63	1	0
graph-id-property-wrapped-contains-target-15-dense	graph-id	graph-id-property-wrapped-contains	dense	graph-id-equals-and-wrapped-contains	graph-routing	properties	200	fixture-android-15	fixture-android-15	1	396286291622042417a1e42f88e1a07f9e973d88a4b45b59c7408d3e8fe8e4cd	success	200	82358	6db1e45464dd1e42fc627a3ee68393b586d132e4817f87f1da72cb180e7925bb	216596		fixture-android-15	cypher-graph-id-predicate	64	1	fixture-android-15	1	0	0	1	0	200	1	1	63	1	0
graph-id-property-wrapped-contains-target-16-zero	graph-id	graph-id-property-wrapped-contains	zero	graph-id-equals-and-wrapped-contains	graph-routing	properties	200	fixture-tika-00	fixture-tika-00	1	3ffa856892be3e0263f2c72254cefdb4bafce48e10eea2a8426b6af88f144658	success	0	147	805c8c7334c868e18e2be84be95b83cc60895722d739c2b164a68be4cd410c49	127518			cypher-graph-id-predicate	64	1	fixture-tika-00	1	0	0	1	0	1	1	1	63	1	0
graph-id-property-wrapped-contains-target-16-targeted	graph-id	graph-id-property-wrapped-contains	targeted	graph-id-equals-and-wrapped-contains	graph-routing	properties	200	fixture-tika-00	fixture-tika-00	1	3ffa856892be3e0263f2c72254cefdb4bafce48e10eea2a8426b6af88f144658	success	1	771	41ad9b5110585bc89df35b9d0a0c6bd66daaf6c239b4212552d078b2f2a28c34	269916		fixture-tika-00	cypher-graph-id-predicate	64	1	fixture-tika-00	1	0	0	1	0	1	1	1	63	1	0
graph-id-property-wrapped-contains-target-16-dense	graph-id	graph-id-property-wrapped-contains	dense	graph-id-equals-and-wrapped-contains	graph-routing	properties	200	fixture-tika-00	fixture-tika-00	1	3ffa856892be3e0263f2c72254cefdb4bafce48e10eea2a8426b6af88f144658	success	200	94237	51b180cd96740a311cc61165baa84cc05517b2f28ac6c70debc25f8e14514414	248666		fixture-tika-00	cypher-graph-id-predicate	64	1	fixture-tika-00	1	0	0	1	0	200	1	1	63	1	0
graph-id-property-wrapped-contains-target-17-zero	graph-id	graph-id-property-wrapped-contains	zero	graph-id-equals-and-wrapped-contains	graph-routing	properties	200	fixture-tika-01	fixture-tika-01	1	5bd11253ba6bcbac28c2d0805dbd50585f63593fbbabbc299bce9c8b5e4238f0	success	0	147	805c8c7334c868e18e2be84be95b83cc60895722d739c2b164a68be4cd410c49	114364			cypher-graph-id-predicate	64	1	fixture-tika-01	1	0	0	1	0	1	1	1	63	1	0
graph-id-property-wrapped-contains-target-17-targeted	graph-id	graph-id-property-wrapped-contains	targeted	graph-id-equals-and-wrapped-contains	graph-routing	properties	200	fixture-tika-01	fixture-tika-01	1	5bd11253ba6bcbac28c2d0805dbd50585f63593fbbabbc299bce9c8b5e4238f0	success	5	2976	7d286938fe2f40cd4cb86cd26be11c3221bfff86202fa9b705bdc1c77967743f	151664		fixture-tika-01	cypher-graph-id-predicate	64	1	fixture-tika-01	1	0	0	1	0	5	1	1	63	1	0
graph-id-property-wrapped-contains-target-17-dense	graph-id	graph-id-property-wrapped-contains	dense	graph-id-equals-and-wrapped-contains	graph-routing	properties	200	fixture-tika-01	fixture-tika-01	1	5bd11253ba6bcbac28c2d0805dbd50585f63593fbbabbc299bce9c8b5e4238f0	success	200	92381	87c915d88746be4a40b85e67e7de71966365a455358cc138185e5c1f5bcf1251	1060726		fixture-tika-01	cypher-graph-id-predicate	64	1	fixture-tika-01	1	0	0	1	0	200	1	1	63	1	0
graph-id-property-wrapped-contains-target-18-zero	graph-id	graph-id-property-wrapped-contains	zero	graph-id-equals-and-wrapped-contains	graph-routing	properties	200	fixture-tika-02	fixture-tika-02	1	4f53553340fcd09378fe28c9d287d1bd3c78d0e5004534ad87493f082178a0db	success	0	147	805c8c7334c868e18e2be84be95b83cc60895722d739c2b164a68be4cd410c49	128400			cypher-graph-id-predicate	64	1	fixture-tika-02	1	0	0	1	0	1	1	1	63	1	0
graph-id-property-wrapped-contains-target-18-targeted	graph-id	graph-id-property-wrapped-contains	targeted	graph-id-equals-and-wrapped-contains	graph-routing	properties	200	fixture-tika-02	fixture-tika-02	1	4f53553340fcd09378fe28c9d287d1bd3c78d0e5004534ad87493f082178a0db	success	12	6781	abf0682228739bdef1eb0d4b5b1449d7697f9412e644bd07a974f6e04213652e	125866		fixture-tika-02	cypher-graph-id-predicate	64	1	fixture-tika-02	1	0	0	1	0	12	1	1	63	1	0
graph-id-property-wrapped-contains-target-18-dense	graph-id	graph-id-property-wrapped-contains	dense	graph-id-equals-and-wrapped-contains	graph-routing	properties	200	fixture-tika-02	fixture-tika-02	1	4f53553340fcd09378fe28c9d287d1bd3c78d0e5004534ad87493f082178a0db	success	200	95198	7d65fbc43e0cf8a1d4323c709e6963c32bdea3f389f5b683f619eee1fd79dc90	290424		fixture-tika-02	cypher-graph-id-predicate	64	1	fixture-tika-02	1	0	0	1	0	200	1	1	63	1	0
graph-id-property-wrapped-contains-target-19-zero	graph-id	graph-id-property-wrapped-contains	zero	graph-id-equals-and-wrapped-contains	graph-routing	properties	200	fixture-tika-03	fixture-tika-03	1	e68986e5919884640710cc61d8f44310a6d888f55992390edbcc7ae70b8b8fa8	success	0	147	805c8c7334c868e18e2be84be95b83cc60895722d739c2b164a68be4cd410c49	131416			cypher-graph-id-predicate	64	1	fixture-tika-03	1	0	0	1	0	1	1	1	63	1	0
graph-id-property-wrapped-contains-target-19-targeted	graph-id	graph-id-property-wrapped-contains	targeted	graph-id-equals-and-wrapped-contains	graph-routing	properties	200	fixture-tika-03	fixture-tika-03	1	e68986e5919884640710cc61d8f44310a6d888f55992390edbcc7ae70b8b8fa8	success	11	6327	72232d5a8299b69c619beb4cebd0967a4ca8f1378844d7914f795f7c5126cc48	126476		fixture-tika-03	cypher-graph-id-predicate	64	1	fixture-tika-03	1	0	0	1	0	11	1	1	63	1	0
graph-id-property-wrapped-contains-target-19-dense	graph-id	graph-id-property-wrapped-contains	dense	graph-id-equals-and-wrapped-contains	graph-routing	properties	200	fixture-tika-03	fixture-tika-03	1	e68986e5919884640710cc61d8f44310a6d888f55992390edbcc7ae70b8b8fa8	success	200	96673	6ab8193cda24a8f589b0e7412ffcc3549afc3180a092c899437bb3ef2f8324ef	268613		fixture-tika-03	cypher-graph-id-predicate	64	1	fixture-tika-03	1	0	0	1	0	200	1	1	63	1	0
graph-id-property-wrapped-contains-target-20-zero	graph-id	graph-id-property-wrapped-contains	zero	graph-id-equals-and-wrapped-contains	graph-routing	properties	200	fixture-tika-04	fixture-tika-04	1	2d9d29e96c28d6df21e1933cc2da3a076217ec4c30461070c5e997e04aa952cb	success	0	147	805c8c7334c868e18e2be84be95b83cc60895722d739c2b164a68be4cd410c49	123782			cypher-graph-id-predicate	64	1	fixture-tika-04	1	0	0	1	0	1	1	1	63	1	0
graph-id-property-wrapped-contains-target-20-targeted	graph-id	graph-id-property-wrapped-contains	targeted	graph-id-equals-and-wrapped-contains	graph-routing	properties	200	fixture-tika-04	fixture-tika-04	1	2d9d29e96c28d6df21e1933cc2da3a076217ec4c30461070c5e997e04aa952cb	success	1	763	7811e1c0f64fb9174b112349d7a5f89fec8a71f59a6b66db3b1e97241f5dc93c	122930		fixture-tika-04	cypher-graph-id-predicate	64	1	fixture-tika-04	1	0	0	1	0	1	1	1	63	1	0
graph-id-property-wrapped-contains-target-20-dense	graph-id	graph-id-property-wrapped-contains	dense	graph-id-equals-and-wrapped-contains	graph-routing	properties	200	fixture-tika-04	fixture-tika-04	1	2d9d29e96c28d6df21e1933cc2da3a076217ec4c30461070c5e997e04aa952cb	success	200	91604	a93cd6116bda146e01916f4ab7d54aa664da5b5c2287de109c82d6c48fcd38f8	606516		fixture-tika-04	cypher-graph-id-predicate	64	1	fixture-tika-04	1	0	0	1	0	200	1	1	63	1	0
graph-id-property-wrapped-contains-target-21-zero	graph-id	graph-id-property-wrapped-contains	zero	graph-id-equals-and-wrapped-contains	graph-routing	properties	200	fixture-tika-05	fixture-tika-05	1	a70ca503c8d7edc9fd5b26430e9c4bd9517cfcf9084469733cfeff8a4fef63f8	success	0	147	805c8c7334c868e18e2be84be95b83cc60895722d739c2b164a68be4cd410c49	119163			cypher-graph-id-predicate	64	1	fixture-tika-05	1	0	0	1	0	1	1	1	63	1	0
graph-id-property-wrapped-contains-target-21-targeted	graph-id	graph-id-property-wrapped-contains	targeted	graph-id-equals-and-wrapped-contains	graph-routing	properties	200	fixture-tika-05	fixture-tika-05	1	a70ca503c8d7edc9fd5b26430e9c4bd9517cfcf9084469733cfeff8a4fef63f8	success	1	765	1cf450577b12b3b6a7c19f53479709a92a169add0c4f9defecbc55254bf8d5b3	134171		fixture-tika-05	cypher-graph-id-predicate	64	1	fixture-tika-05	1	0	0	1	0	1	1	1	63	1	0
graph-id-property-wrapped-contains-target-21-dense	graph-id	graph-id-property-wrapped-contains	dense	graph-id-equals-and-wrapped-contains	graph-routing	properties	200	fixture-tika-05	fixture-tika-05	1	a70ca503c8d7edc9fd5b26430e9c4bd9517cfcf9084469733cfeff8a4fef63f8	success	200	96334	eb6b03599a26f520b43896ee6af6cb6d2a3ec0783b66a0bcb29642b029a4b6eb	256631		fixture-tika-05	cypher-graph-id-predicate	64	1	fixture-tika-05	1	0	0	1	0	200	1	1	63	1	0
graph-id-property-wrapped-contains-target-22-zero	graph-id	graph-id-property-wrapped-contains	zero	graph-id-equals-and-wrapped-contains	graph-routing	properties	200	fixture-tika-06	fixture-tika-06	1	629a75c155a37bcac72d6d131b20156694ded2e8aa1abe1c7f03ac03374020b7	success	0	147	805c8c7334c868e18e2be84be95b83cc60895722d739c2b164a68be4cd410c49	116819			cypher-graph-id-predicate	64	1	fixture-tika-06	1	0	0	1	0	1	1	1	63	1	0
graph-id-property-wrapped-contains-target-22-targeted	graph-id	graph-id-property-wrapped-contains	targeted	graph-id-equals-and-wrapped-contains	graph-routing	properties	200	fixture-tika-06	fixture-tika-06	1	629a75c155a37bcac72d6d131b20156694ded2e8aa1abe1c7f03ac03374020b7	success	11	6331	43d88524d9da26840d520d8260a6801a2d864c2023e9806c3df4a5e673a5fd66	126006		fixture-tika-06	cypher-graph-id-predicate	64	1	fixture-tika-06	1	0	0	1	0	11	1	1	63	1	0
graph-id-property-wrapped-contains-target-22-dense	graph-id	graph-id-property-wrapped-contains	dense	graph-id-equals-and-wrapped-contains	graph-routing	properties	200	fixture-tika-06	fixture-tika-06	1	629a75c155a37bcac72d6d131b20156694ded2e8aa1abe1c7f03ac03374020b7	success	200	98397	b1cc908cf8cd6a2354b320afca9ad225990c59be93a53ddc3912afb3b0d46d7b	288607		fixture-tika-06	cypher-graph-id-predicate	64	1	fixture-tika-06	1	0	0	1	0	200	1	1	63	1	0
graph-id-property-wrapped-contains-target-23-zero	graph-id	graph-id-property-wrapped-contains	zero	graph-id-equals-and-wrapped-contains	graph-routing	properties	200	fixture-tika-07	fixture-tika-07	1	1f60bc193af0a0c32ae2bc0a840b7da98c896a5343d2d4a4871500ea55b0d8a0	success	0	147	805c8c7334c868e18e2be84be95b83cc60895722d739c2b164a68be4cd410c49	137326			cypher-graph-id-predicate	64	1	fixture-tika-07	1	0	0	1	0	1	1	1	63	1	0
graph-id-property-wrapped-contains-target-23-targeted	graph-id	graph-id-property-wrapped-contains	targeted	graph-id-equals-and-wrapped-contains	graph-routing	properties	200	fixture-tika-07	fixture-tika-07	1	1f60bc193af0a0c32ae2bc0a840b7da98c896a5343d2d4a4871500ea55b0d8a0	success	11	6135	718b52d4d32659cb9b39b84bdb87d6226a9be4436e73fa316936d1333dfa50c0	195577		fixture-tika-07	cypher-graph-id-predicate	64	1	fixture-tika-07	1	0	0	1	0	11	1	1	63	1	0
graph-id-property-wrapped-contains-target-23-dense	graph-id	graph-id-property-wrapped-contains	dense	graph-id-equals-and-wrapped-contains	graph-routing	properties	200	fixture-tika-07	fixture-tika-07	1	1f60bc193af0a0c32ae2bc0a840b7da98c896a5343d2d4a4871500ea55b0d8a0	success	200	95056	d5aa9163a912371065002f30549de9cefea57af859f009a275e381b0a849633e	351698		fixture-tika-07	cypher-graph-id-predicate	64	1	fixture-tika-07	1	0	0	1	0	200	1	1	63	1	0
graph-id-property-wrapped-contains-target-24-zero	graph-id	graph-id-property-wrapped-contains	zero	graph-id-equals-and-wrapped-contains	graph-routing	properties	200	fixture-tika-08	fixture-tika-08	1	e9768e2189edf3079c0f4ce1fe9374fe3873b9ef6253d25bd7952c9e3f9e2f89	success	0	147	805c8c7334c868e18e2be84be95b83cc60895722d739c2b164a68be4cd410c49	104606			cypher-graph-id-predicate	64	1	fixture-tika-08	1	0	0	1	0	1	1	1	63	1	0
graph-id-property-wrapped-contains-target-24-targeted	graph-id	graph-id-property-wrapped-contains	targeted	graph-id-equals-and-wrapped-contains	graph-routing	properties	200	fixture-tika-08	fixture-tika-08	1	e9768e2189edf3079c0f4ce1fe9374fe3873b9ef6253d25bd7952c9e3f9e2f89	success	1	754	033650595463ffba6f1f515fc8a38ba023fdd37a0e2442442be40f2d8baee0b4	102832		fixture-tika-08	cypher-graph-id-predicate	64	1	fixture-tika-08	1	0	0	1	0	1	1	1	63	1	0
graph-id-property-wrapped-contains-target-24-dense	graph-id	graph-id-property-wrapped-contains	dense	graph-id-equals-and-wrapped-contains	graph-routing	properties	200	fixture-tika-08	fixture-tika-08	1	e9768e2189edf3079c0f4ce1fe9374fe3873b9ef6253d25bd7952c9e3f9e2f89	success	200	96144	13cc3d04be15c5d98101b6676211e0260c08571becd6cbc7be1dcfad1b7efce8	183374		fixture-tika-08	cypher-graph-id-predicate	64	1	fixture-tika-08	1	0	0	1	0	200	1	1	63	1	0
graph-id-property-wrapped-contains-target-25-zero	graph-id	graph-id-property-wrapped-contains	zero	graph-id-equals-and-wrapped-contains	graph-routing	properties	200	fixture-tika-09	fixture-tika-09	1	f96e2b0b7f375cf347f289b0d59b047835095d1452b52dcff16ad07fa5ff5aaa	success	0	147	805c8c7334c868e18e2be84be95b83cc60895722d739c2b164a68be4cd410c49	119924			cypher-graph-id-predicate	64	1	fixture-tika-09	1	0	0	1	0	1	1	1	63	1	0
graph-id-property-wrapped-contains-target-25-targeted	graph-id	graph-id-property-wrapped-contains	targeted	graph-id-equals-and-wrapped-contains	graph-routing	properties	200	fixture-tika-09	fixture-tika-09	1	f96e2b0b7f375cf347f289b0d59b047835095d1452b52dcff16ad07fa5ff5aaa	success	17	9434	57a7fb26e2c1557848eddaabb17076d92c9b2ef2e0ff6b92be3de4374fe1fa9b	217207		fixture-tika-09	cypher-graph-id-predicate	64	1	fixture-tika-09	1	0	0	1	0	17	1	1	63	1	0
graph-id-property-wrapped-contains-target-25-dense	graph-id	graph-id-property-wrapped-contains	dense	graph-id-equals-and-wrapped-contains	graph-routing	properties	200	fixture-tika-09	fixture-tika-09	1	f96e2b0b7f375cf347f289b0d59b047835095d1452b52dcff16ad07fa5ff5aaa	success	200	90260	d606d19bfcb83b224b953bd70176bc52dc06d427ef6ab3d0cc311bc6ed6fc260	261600		fixture-tika-09	cypher-graph-id-predicate	64	1	fixture-tika-09	1	0	0	1	0	200	1	1	63	1	0
graph-id-property-wrapped-contains-target-26-zero	graph-id	graph-id-property-wrapped-contains	zero	graph-id-equals-and-wrapped-contains	graph-routing	properties	200	fixture-tika-10	fixture-tika-10	1	724e820888f0db8884af940cbe8a364f2dce6bfc9b2c72fb09abe933fa439c0c	success	0	147	805c8c7334c868e18e2be84be95b83cc60895722d739c2b164a68be4cd410c49	420036			cypher-graph-id-predicate	64	1	fixture-tika-10	1	0	0	1	0	1	1	1	63	1	0
graph-id-property-wrapped-contains-target-26-targeted	graph-id	graph-id-property-wrapped-contains	targeted	graph-id-equals-and-wrapped-contains	graph-routing	properties	200	fixture-tika-10	fixture-tika-10	1	724e820888f0db8884af940cbe8a364f2dce6bfc9b2c72fb09abe933fa439c0c	success	1	791	550bd45f802381cb65ea30928a856fc0c2bc207cbfc2a147aad4312130548c9a	133420		fixture-tika-10	cypher-graph-id-predicate	64	1	fixture-tika-10	1	0	0	1	0	1	1	1	63	1	0
graph-id-property-wrapped-contains-target-26-dense	graph-id	graph-id-property-wrapped-contains	dense	graph-id-equals-and-wrapped-contains	graph-routing	properties	200	fixture-tika-10	fixture-tika-10	1	724e820888f0db8884af940cbe8a364f2dce6bfc9b2c72fb09abe933fa439c0c	success	200	96089	d0bdae62973cb737c05eda37d83d6fd7dea4520a7f87acdd4ed9a2fba1f97888	249898		fixture-tika-10	cypher-graph-id-predicate	64	1	fixture-tika-10	1	0	0	1	0	200	1	1	63	1	0
graph-id-property-wrapped-contains-target-27-zero	graph-id	graph-id-property-wrapped-contains	zero	graph-id-equals-and-wrapped-contains	graph-routing	properties	200	fixture-tika-11	fixture-tika-11	1	947144f7fe63615dab1057f152a266b87c870ae6b1d136ebead3ef2860ecaaf9	success	0	147	805c8c7334c868e18e2be84be95b83cc60895722d739c2b164a68be4cd410c49	131175			cypher-graph-id-predicate	64	1	fixture-tika-11	1	0	0	1	0	1	1	1	63	1	0
graph-id-property-wrapped-contains-target-27-targeted	graph-id	graph-id-property-wrapped-contains	targeted	graph-id-equals-and-wrapped-contains	graph-routing	properties	200	fixture-tika-11	fixture-tika-11	1	947144f7fe63615dab1057f152a266b87c870ae6b1d136ebead3ef2860ecaaf9	success	14	8030	e1858d468e2cee9daff29f91791894b539cc1c9bfb8d57bb0eaa364a24ec0f04	141936		fixture-tika-11	cypher-graph-id-predicate	64	1	fixture-tika-11	1	0	0	1	0	14	1	1	63	1	0
graph-id-property-wrapped-contains-target-27-dense	graph-id	graph-id-property-wrapped-contains	dense	graph-id-equals-and-wrapped-contains	graph-routing	properties	200	fixture-tika-11	fixture-tika-11	1	947144f7fe63615dab1057f152a266b87c870ae6b1d136ebead3ef2860ecaaf9	success	200	95559	bcb492a91a247979acd291eaea381c0db6d952c0baff29193145ae7356b00907	241813		fixture-tika-11	cypher-graph-id-predicate	64	1	fixture-tika-11	1	0	0	1	0	200	1	1	63	1	0
graph-id-property-wrapped-contains-target-28-zero	graph-id	graph-id-property-wrapped-contains	zero	graph-id-equals-and-wrapped-contains	graph-routing	properties	200	fixture-tika-12	fixture-tika-12	1	333b320af3f398d083e1d44b1a79e54fa546da12ce118f18db6f7cc3387398c8	success	0	147	805c8c7334c868e18e2be84be95b83cc60895722d739c2b164a68be4cd410c49	134261			cypher-graph-id-predicate	64	1	fixture-tika-12	1	0	0	1	0	1	1	1	63	1	0
graph-id-property-wrapped-contains-target-28-targeted	graph-id	graph-id-property-wrapped-contains	targeted	graph-id-equals-and-wrapped-contains	graph-routing	properties	200	fixture-tika-12	fixture-tika-12	1	333b320af3f398d083e1d44b1a79e54fa546da12ce118f18db6f7cc3387398c8	success	12	6370	8871e0dc77f7df7110f742adaac439b8d2f4e912a3a21e1793fda026e0955f9b	128550		fixture-tika-12	cypher-graph-id-predicate	64	1	fixture-tika-12	1	0	0	1	0	12	1	1	63	1	0
graph-id-property-wrapped-contains-target-28-dense	graph-id	graph-id-property-wrapped-contains	dense	graph-id-equals-and-wrapped-contains	graph-routing	properties	200	fixture-tika-12	fixture-tika-12	1	333b320af3f398d083e1d44b1a79e54fa546da12ce118f18db6f7cc3387398c8	success	200	101142	3ec255435f1804ca883e61ce69218b0c9b6812e5f4d6241be813f3a04980ff78	248194		fixture-tika-12	cypher-graph-id-predicate	64	1	fixture-tika-12	1	0	0	1	0	200	1	1	63	1	0
graph-id-property-wrapped-contains-target-29-zero	graph-id	graph-id-property-wrapped-contains	zero	graph-id-equals-and-wrapped-contains	graph-routing	properties	200	fixture-tika-13	fixture-tika-13	1	697a328efd3d35078aa3cf7115b978f697299f7e0612d464eae79dc1cbc3f3c7	success	0	147	805c8c7334c868e18e2be84be95b83cc60895722d739c2b164a68be4cd410c49	116568			cypher-graph-id-predicate	64	1	fixture-tika-13	1	0	0	1	0	1	1	1	63	1	0
graph-id-property-wrapped-contains-target-29-targeted	graph-id	graph-id-property-wrapped-contains	targeted	graph-id-equals-and-wrapped-contains	graph-routing	properties	200	fixture-tika-13	fixture-tika-13	1	697a328efd3d35078aa3cf7115b978f697299f7e0612d464eae79dc1cbc3f3c7	success	1	759	7c9cbf2db3468e4d9ec5f9ce37c29746bb3071949804d250165a0310edd3182c	141585		fixture-tika-13	cypher-graph-id-predicate	64	1	fixture-tika-13	1	0	0	1	0	1	1	1	63	1	0
graph-id-property-wrapped-contains-target-29-dense	graph-id	graph-id-property-wrapped-contains	dense	graph-id-equals-and-wrapped-contains	graph-routing	properties	200	fixture-tika-13	fixture-tika-13	1	697a328efd3d35078aa3cf7115b978f697299f7e0612d464eae79dc1cbc3f3c7	success	200	96005	cb6245f16fc1df4cadc32295db3c94d74d99d6ac24ca00ba686085574c3842f9	248756		fixture-tika-13	cypher-graph-id-predicate	64	1	fixture-tika-13	1	0	0	1	0	200	1	1	63	1	0
graph-id-property-wrapped-contains-target-30-zero	graph-id	graph-id-property-wrapped-contains	zero	graph-id-equals-and-wrapped-contains	graph-routing	properties	200	fixture-tika-14	fixture-tika-14	1	530ac22d92e73256c57c4e234fccac50105308bcc26304451ee74f20a619f7a5	success	0	147	805c8c7334c868e18e2be84be95b83cc60895722d739c2b164a68be4cd410c49	119103			cypher-graph-id-predicate	64	1	fixture-tika-14	1	0	0	1	0	1	1	1	63	1	0
graph-id-property-wrapped-contains-target-30-targeted	graph-id	graph-id-property-wrapped-contains	targeted	graph-id-equals-and-wrapped-contains	graph-routing	properties	200	fixture-tika-14	fixture-tika-14	1	530ac22d92e73256c57c4e234fccac50105308bcc26304451ee74f20a619f7a5	success	10	5866	c85815e1257e7d89a547803b839a8fa3d5c32a25ad93fc4df95c67dd0df38386	122530		fixture-tika-14	cypher-graph-id-predicate	64	1	fixture-tika-14	1	0	0	1	0	10	1	1	63	1	0
graph-id-property-wrapped-contains-target-30-dense	graph-id	graph-id-property-wrapped-contains	dense	graph-id-equals-and-wrapped-contains	graph-routing	properties	200	fixture-tika-14	fixture-tika-14	1	530ac22d92e73256c57c4e234fccac50105308bcc26304451ee74f20a619f7a5	success	200	95471	766b9ef7e8ecf0adce38af75461cc8c431950c6a78cf29871668bb82bbc59681	271308		fixture-tika-14	cypher-graph-id-predicate	64	1	fixture-tika-14	1	0	0	1	0	200	1	1	63	1	0
graph-id-property-wrapped-contains-target-31-zero	graph-id	graph-id-property-wrapped-contains	zero	graph-id-equals-and-wrapped-contains	graph-routing	properties	200	fixture-tika-15	fixture-tika-15	1	80331285783d790177bcaeeebf677e98900445b2273d41781c6e07aa5683a500	success	0	147	805c8c7334c868e18e2be84be95b83cc60895722d739c2b164a68be4cd410c49	121468			cypher-graph-id-predicate	64	1	fixture-tika-15	1	0	0	1	0	1	1	1	63	1	0
graph-id-property-wrapped-contains-target-31-targeted	graph-id	graph-id-property-wrapped-contains	targeted	graph-id-equals-and-wrapped-contains	graph-routing	properties	200	fixture-tika-15	fixture-tika-15	1	80331285783d790177bcaeeebf677e98900445b2273d41781c6e07aa5683a500	success	1	779	5b2641a56fc0d1ce3cad560f98de3ab642d893c5f6c2be5bb57444732d364805	123771		fixture-tika-15	cypher-graph-id-predicate	64	1	fixture-tika-15	1	0	0	1	0	1	1	1	63	1	0
graph-id-property-wrapped-contains-target-31-dense	graph-id	graph-id-property-wrapped-contains	dense	graph-id-equals-and-wrapped-contains	graph-routing	properties	200	fixture-tika-15	fixture-tika-15	1	80331285783d790177bcaeeebf677e98900445b2273d41781c6e07aa5683a500	success	200	90493	6cea2d1b1fba9817e31904018fa5ce3734b41bb641feab5c7c6849206b05e3c1	237164		fixture-tika-15	cypher-graph-id-predicate	64	1	fixture-tika-15	1	0	0	1	0	200	1	1	63	1	0
graph-id-property-wrapped-contains-target-32-zero	graph-id	graph-id-property-wrapped-contains	zero	graph-id-equals-and-wrapped-contains	graph-routing	properties	200	fixture-hive-00	fixture-hive-00	1	ea11677be4d3166ee79e7aa4f8c5ff603c5cb6bb9f65649cfc46854eedb1b466	success	0	147	805c8c7334c868e18e2be84be95b83cc60895722d739c2b164a68be4cd410c49	114644			cypher-graph-id-predicate	64	1	fixture-hive-00	1	0	0	1	0	1	1	1	63	1	0
graph-id-property-wrapped-contains-target-32-targeted	graph-id	graph-id-property-wrapped-contains	targeted	graph-id-equals-and-wrapped-contains	graph-routing	properties	200	fixture-hive-00	fixture-hive-00	1	ea11677be4d3166ee79e7aa4f8c5ff603c5cb6bb9f65649cfc46854eedb1b466	success	4	2862	72e96499d86d64ae9da267f3b15791817d4250f06a8dfea9d09edd8c3c23a440	122830		fixture-hive-00	cypher-graph-id-predicate	64	1	fixture-hive-00	1	0	0	1	0	4	1	1	63	1	0
graph-id-property-wrapped-contains-target-32-dense	graph-id	graph-id-property-wrapped-contains	dense	graph-id-equals-and-wrapped-contains	graph-routing	properties	200	fixture-hive-00	fixture-hive-00	1	ea11677be4d3166ee79e7aa4f8c5ff603c5cb6bb9f65649cfc46854eedb1b466	success	200	92864	0ad6a5ae10cb27d8dd28af205e0df8ebd79b3e1ca0079c8c876100ee108fc38d	234990		fixture-hive-00	cypher-graph-id-predicate	64	1	fixture-hive-00	1	0	0	1	0	200	1	1	63	1	0
graph-id-property-wrapped-contains-target-33-zero	graph-id	graph-id-property-wrapped-contains	zero	graph-id-equals-and-wrapped-contains	graph-routing	properties	200	fixture-hive-01	fixture-hive-01	1	3a9bab8befb64a5c5518ec83add10138c13ae31dfad00b5a26547f3cfc2bf0bb	success	0	147	805c8c7334c868e18e2be84be95b83cc60895722d739c2b164a68be4cd410c49	122159			cypher-graph-id-predicate	64	1	fixture-hive-01	1	0	0	1	0	1	1	1	63	1	0
graph-id-property-wrapped-contains-target-33-targeted	graph-id	graph-id-property-wrapped-contains	targeted	graph-id-equals-and-wrapped-contains	graph-routing	properties	200	fixture-hive-01	fixture-hive-01	1	3a9bab8befb64a5c5518ec83add10138c13ae31dfad00b5a26547f3cfc2bf0bb	success	4	2862	5436abb5d5a82ddf1b71cf6459ce0de5fe56d25b825b58b20bbe8cace9e3cde7	125936		fixture-hive-01	cypher-graph-id-predicate	64	1	fixture-hive-01	1	0	0	1	0	4	1	1	63	1	0
graph-id-property-wrapped-contains-target-33-dense	graph-id	graph-id-property-wrapped-contains	dense	graph-id-equals-and-wrapped-contains	graph-routing	properties	200	fixture-hive-01	fixture-hive-01	1	3a9bab8befb64a5c5518ec83add10138c13ae31dfad00b5a26547f3cfc2bf0bb	success	200	92578	e10f119cab32a77f2d8107211e2addcc69d3ab151ee08f60199ff7a8db9b6a1c	248896		fixture-hive-01	cypher-graph-id-predicate	64	1	fixture-hive-01	1	0	0	1	0	200	1	1	63	1	0
graph-id-property-wrapped-contains-target-34-zero	graph-id	graph-id-property-wrapped-contains	zero	graph-id-equals-and-wrapped-contains	graph-routing	properties	200	fixture-hive-02	fixture-hive-02	1	058d31d4f0a17f6c8e80480702d6c2099e48867673bc0a8d99037f2244a27bbf	success	0	147	805c8c7334c868e18e2be84be95b83cc60895722d739c2b164a68be4cd410c49	116317			cypher-graph-id-predicate	64	1	fixture-hive-02	1	0	0	1	0	1	1	1	63	1	0
graph-id-property-wrapped-contains-target-34-targeted	graph-id	graph-id-property-wrapped-contains	targeted	graph-id-equals-and-wrapped-contains	graph-routing	properties	200	fixture-hive-02	fixture-hive-02	1	058d31d4f0a17f6c8e80480702d6c2099e48867673bc0a8d99037f2244a27bbf	success	4	2883	e83a01bd4b4e8f51ba0c51a53e73f87ec8dd6170bd60b37ef57b4eb9aba8bcc7	144120		fixture-hive-02	cypher-graph-id-predicate	64	1	fixture-hive-02	1	0	0	1	0	4	1	1	63	1	0
graph-id-property-wrapped-contains-target-34-dense	graph-id	graph-id-property-wrapped-contains	dense	graph-id-equals-and-wrapped-contains	graph-routing	properties	200	fixture-hive-02	fixture-hive-02	1	058d31d4f0a17f6c8e80480702d6c2099e48867673bc0a8d99037f2244a27bbf	success	200	94183	b06f89a813919b2f4278637c18773fe7508c48351caa08a76cefe1f54c9b7715	222186		fixture-hive-02	cypher-graph-id-predicate	64	1	fixture-hive-02	1	0	0	1	0	200	1	1	63	1	0
graph-id-property-wrapped-contains-target-35-zero	graph-id	graph-id-property-wrapped-contains	zero	graph-id-equals-and-wrapped-contains	graph-routing	properties	200	fixture-hive-03	fixture-hive-03	1	bc37ba5880a9fc3e89dea2bf6571ad8db10f8c499dfca7c678b831d8edb064fe	success	0	147	805c8c7334c868e18e2be84be95b83cc60895722d739c2b164a68be4cd410c49	112350			cypher-graph-id-predicate	64	1	fixture-hive-03	1	0	0	1	0	1	1	1	63	1	0
graph-id-property-wrapped-contains-target-35-targeted	graph-id	graph-id-property-wrapped-contains	targeted	graph-id-equals-and-wrapped-contains	graph-routing	properties	200	fixture-hive-03	fixture-hive-03	1	bc37ba5880a9fc3e89dea2bf6571ad8db10f8c499dfca7c678b831d8edb064fe	success	1	771	134378d176ef9559b3b9b40557762648c5aa55be889ba8cb2e7f752130b85ab7	109726		fixture-hive-03	cypher-graph-id-predicate	64	1	fixture-hive-03	1	0	0	1	0	1	1	1	63	1	0
graph-id-property-wrapped-contains-target-35-dense	graph-id	graph-id-property-wrapped-contains	dense	graph-id-equals-and-wrapped-contains	graph-routing	properties	200	fixture-hive-03	fixture-hive-03	1	bc37ba5880a9fc3e89dea2bf6571ad8db10f8c499dfca7c678b831d8edb064fe	success	200	91613	71eca3baa7c5adda9a19daaba5b66d08f4d30beebcfc1f6f8f3125a009484e93	236212		fixture-hive-03	cypher-graph-id-predicate	64	1	fixture-hive-03	1	0	0	1	0	200	1	1	63	1	0
graph-id-property-wrapped-contains-target-36-zero	graph-id	graph-id-property-wrapped-contains	zero	graph-id-equals-and-wrapped-contains	graph-routing	properties	200	fixture-hive-04	fixture-hive-04	1	d6abca6af79ede3e783b4b1d1bb2f17c22db5cf0b5c70506d31ea6d33509dcc5	success	0	147	805c8c7334c868e18e2be84be95b83cc60895722d739c2b164a68be4cd410c49	152826			cypher-graph-id-predicate	64	1	fixture-hive-04	1	0	0	1	0	1	1	1	63	1	0
graph-id-property-wrapped-contains-target-36-targeted	graph-id	graph-id-property-wrapped-contains	targeted	graph-id-equals-and-wrapped-contains	graph-routing	properties	200	fixture-hive-04	fixture-hive-04	1	d6abca6af79ede3e783b4b1d1bb2f17c22db5cf0b5c70506d31ea6d33509dcc5	success	1	795	6f5022183da52ea8cb963f17c4b86a6270dc9bfe0ca358e5ec7d6bdf4c95879f	106630		fixture-hive-04	cypher-graph-id-predicate	64	1	fixture-hive-04	1	0	0	1	0	1	1	1	63	1	0
graph-id-property-wrapped-contains-target-36-dense	graph-id	graph-id-property-wrapped-contains	dense	graph-id-equals-and-wrapped-contains	graph-routing	properties	200	fixture-hive-04	fixture-hive-04	1	d6abca6af79ede3e783b4b1d1bb2f17c22db5cf0b5c70506d31ea6d33509dcc5	success	200	91716	5d2df55fe9df550bd17a462dbec1bd958f7c0d5940c160537976ecc80d5cb22f	195586		fixture-hive-04	cypher-graph-id-predicate	64	1	fixture-hive-04	1	0	0	1	0	200	1	1	63	1	0
graph-id-property-wrapped-contains-target-37-zero	graph-id	graph-id-property-wrapped-contains	zero	graph-id-equals-and-wrapped-contains	graph-routing	properties	200	fixture-hive-05	fixture-hive-05	1	f7f4c2e85299b39f0b295436a0a678be80ea1fe4bd065c984fac7e3e79c02a1f	success	0	147	805c8c7334c868e18e2be84be95b83cc60895722d739c2b164a68be4cd410c49	115165			cypher-graph-id-predicate	64	1	fixture-hive-05	1	0	0	1	0	1	1	1	63	1	0
graph-id-property-wrapped-contains-target-37-targeted	graph-id	graph-id-property-wrapped-contains	targeted	graph-id-equals-and-wrapped-contains	graph-routing	properties	200	fixture-hive-05	fixture-hive-05	1	f7f4c2e85299b39f0b295436a0a678be80ea1fe4bd065c984fac7e3e79c02a1f	success	51	31472	b9433fbd59011f3771f14c8abacb0cbca913b3ccb9b85649a8f98d4c6f628703	156854		fixture-hive-05	cypher-graph-id-predicate	64	1	fixture-hive-05	1	0	0	1	0	51	1	1	63	1	0
graph-id-property-wrapped-contains-target-37-dense	graph-id	graph-id-property-wrapped-contains	dense	graph-id-equals-and-wrapped-contains	graph-routing	properties	200	fixture-hive-05	fixture-hive-05	1	f7f4c2e85299b39f0b295436a0a678be80ea1fe4bd065c984fac7e3e79c02a1f	success	200	91795	dbb6e258143695218279e10cbea2bf21ad0c5b1330a8fc3e3470b176ae0b6f42	406411		fixture-hive-05	cypher-graph-id-predicate	64	1	fixture-hive-05	1	0	0	1	0	200	1	1	63	1	0
graph-id-property-wrapped-contains-target-38-zero	graph-id	graph-id-property-wrapped-contains	zero	graph-id-equals-and-wrapped-contains	graph-routing	properties	200	fixture-hive-06	fixture-hive-06	1	ddfe0a17a6b176061c6908248fc9bbb24510f00e8ed40c2c068587464d0ab767	success	0	147	805c8c7334c868e18e2be84be95b83cc60895722d739c2b164a68be4cd410c49	117661			cypher-graph-id-predicate	64	1	fixture-hive-06	1	0	0	1	0	1	1	1	63	1	0
graph-id-property-wrapped-contains-target-38-targeted	graph-id	graph-id-property-wrapped-contains	targeted	graph-id-equals-and-wrapped-contains	graph-routing	properties	200	fixture-hive-06	fixture-hive-06	1	ddfe0a17a6b176061c6908248fc9bbb24510f00e8ed40c2c068587464d0ab767	success	1	801	6e224732564976ab3ad1b488a2dcb0c2a2f84050ab25d529f41b87f4de3c406c	110357		fixture-hive-06	cypher-graph-id-predicate	64	1	fixture-hive-06	1	0	0	1	0	1	1	1	63	1	0
graph-id-property-wrapped-contains-target-38-dense	graph-id	graph-id-property-wrapped-contains	dense	graph-id-equals-and-wrapped-contains	graph-routing	properties	200	fixture-hive-06	fixture-hive-06	1	ddfe0a17a6b176061c6908248fc9bbb24510f00e8ed40c2c068587464d0ab767	success	200	92968	77adda61bf8a66745500e9e1b739302ae425b75af5d5199095bd9c0f56151e04	185227		fixture-hive-06	cypher-graph-id-predicate	64	1	fixture-hive-06	1	0	0	1	0	200	1	1	63	1	0
graph-id-property-wrapped-contains-target-39-zero	graph-id	graph-id-property-wrapped-contains	zero	graph-id-equals-and-wrapped-contains	graph-routing	properties	200	fixture-hive-07	fixture-hive-07	1	5b909537f8397e9b454c56026974d9a0348f5c6147e1f2169fbaaa2eb1645822	success	0	147	805c8c7334c868e18e2be84be95b83cc60895722d739c2b164a68be4cd410c49	108844			cypher-graph-id-predicate	64	1	fixture-hive-07	1	0	0	1	0	1	1	1	63	1	0
graph-id-property-wrapped-contains-target-39-targeted	graph-id	graph-id-property-wrapped-contains	targeted	graph-id-equals-and-wrapped-contains	graph-routing	properties	200	fixture-hive-07	fixture-hive-07	1	5b909537f8397e9b454c56026974d9a0348f5c6147e1f2169fbaaa2eb1645822	success	4	2855	db8e5b7500b38c30ff9ca554407e1c3f066cc32ce80520e31c63fe8f4f34048e	114404		fixture-hive-07	cypher-graph-id-predicate	64	1	fixture-hive-07	1	0	0	1	0	4	1	1	63	1	0
graph-id-property-wrapped-contains-target-39-dense	graph-id	graph-id-property-wrapped-contains	dense	graph-id-equals-and-wrapped-contains	graph-routing	properties	200	fixture-hive-07	fixture-hive-07	1	5b909537f8397e9b454c56026974d9a0348f5c6147e1f2169fbaaa2eb1645822	success	200	91298	153dc7ab9d3d22961d16bfae52d0b5cd4c7d97177e0e57e7c086294f37d00f0f	179086		fixture-hive-07	cypher-graph-id-predicate	64	1	fixture-hive-07	1	0	0	1	0	200	1	1	63	1	0
graph-id-property-wrapped-contains-target-40-zero	graph-id	graph-id-property-wrapped-contains	zero	graph-id-equals-and-wrapped-contains	graph-routing	properties	200	fixture-hive-08	fixture-hive-08	1	a73da7b76b921f77b9fadceff4ca8a9274fa7524e6ce2fb87c035b118fdb9e31	success	0	147	805c8c7334c868e18e2be84be95b83cc60895722d739c2b164a68be4cd410c49	150401			cypher-graph-id-predicate	64	1	fixture-hive-08	1	0	0	1	0	1	1	1	63	1	0
graph-id-property-wrapped-contains-target-40-targeted	graph-id	graph-id-property-wrapped-contains	targeted	graph-id-equals-and-wrapped-contains	graph-routing	properties	200	fixture-hive-08	fixture-hive-08	1	a73da7b76b921f77b9fadceff4ca8a9274fa7524e6ce2fb87c035b118fdb9e31	success	4	2911	6520445594f6fc1d080f2e441beea159540f21b52c555b515dbd7ba1fee2a37f	297226		fixture-hive-08	cypher-graph-id-predicate	64	1	fixture-hive-08	1	0	0	1	0	4	1	1	63	1	0
graph-id-property-wrapped-contains-target-40-dense	graph-id	graph-id-property-wrapped-contains	dense	graph-id-equals-and-wrapped-contains	graph-routing	properties	200	fixture-hive-08	fixture-hive-08	1	a73da7b76b921f77b9fadceff4ca8a9274fa7524e6ce2fb87c035b118fdb9e31	success	200	95189	6547ed796970ad3186785ae6dc7d6b1328d226d1878e5144fdb98c21fcba06f9	223018		fixture-hive-08	cypher-graph-id-predicate	64	1	fixture-hive-08	1	0	0	1	0	200	1	1	63	1	0
graph-id-property-wrapped-contains-target-41-zero	graph-id	graph-id-property-wrapped-contains	zero	graph-id-equals-and-wrapped-contains	graph-routing	properties	200	fixture-hive-09	fixture-hive-09	1	295df7bb9f479be56469bcfb34b70c143d1aff6e47944b80de9fd42e774be779	success	0	147	805c8c7334c868e18e2be84be95b83cc60895722d739c2b164a68be4cd410c49	137798			cypher-graph-id-predicate	64	1	fixture-hive-09	1	0	0	1	0	1	1	1	63	1	0
graph-id-property-wrapped-contains-target-41-targeted	graph-id	graph-id-property-wrapped-contains	targeted	graph-id-equals-and-wrapped-contains	graph-routing	properties	200	fixture-hive-09	fixture-hive-09	1	295df7bb9f479be56469bcfb34b70c143d1aff6e47944b80de9fd42e774be779	success	4	2883	42fd2fd2ff37d34c0cfb2146cde4be9387147a4cc07443bd58969c3f1e25556e	135614		fixture-hive-09	cypher-graph-id-predicate	64	1	fixture-hive-09	1	0	0	1	0	4	1	1	63	1	0
graph-id-property-wrapped-contains-target-41-dense	graph-id	graph-id-property-wrapped-contains	dense	graph-id-equals-and-wrapped-contains	graph-routing	properties	200	fixture-hive-09	fixture-hive-09	1	295df7bb9f479be56469bcfb34b70c143d1aff6e47944b80de9fd42e774be779	success	200	92146	1d23f5a918b6a408d8eae300e7aa799801aecc62fcc85667af567e3c95156cb9	326361		fixture-hive-09	cypher-graph-id-predicate	64	1	fixture-hive-09	1	0	0	1	0	200	1	1	63	1	0
graph-id-property-wrapped-contains-target-42-zero	graph-id	graph-id-property-wrapped-contains	zero	graph-id-equals-and-wrapped-contains	graph-routing	properties	200	fixture-hive-10	fixture-hive-10	1	e942f277a2b44bd11b03bd9380dd5388338721030a1701c31ff2277dd8f8cd9a	success	0	147	805c8c7334c868e18e2be84be95b83cc60895722d739c2b164a68be4cd410c49	143368			cypher-graph-id-predicate	64	1	fixture-hive-10	1	0	0	1	0	1	1	1	63	1	0
graph-id-property-wrapped-contains-target-42-targeted	graph-id	graph-id-property-wrapped-contains	targeted	graph-id-equals-and-wrapped-contains	graph-routing	properties	200	fixture-hive-10	fixture-hive-10	1	e942f277a2b44bd11b03bd9380dd5388338721030a1701c31ff2277dd8f8cd9a	success	63	39077	2d20a012ee335ff72d99f67135e1ac36defbca676c07a298d3df15c7c1e33f7d	152506		fixture-hive-10	cypher-graph-id-predicate	64	1	fixture-hive-10	1	0	0	1	0	63	1	1	63	1	0
graph-id-property-wrapped-contains-target-42-dense	graph-id	graph-id-property-wrapped-contains	dense	graph-id-equals-and-wrapped-contains	graph-routing	properties	200	fixture-hive-10	fixture-hive-10	1	e942f277a2b44bd11b03bd9380dd5388338721030a1701c31ff2277dd8f8cd9a	success	200	93248	bd7a2cfc84011237aca413f8fd4b6ee9130043dc1530bc214cc965d935dc3d88	205495		fixture-hive-10	cypher-graph-id-predicate	64	1	fixture-hive-10	1	0	0	1	0	200	1	1	63	1	0
graph-id-property-wrapped-contains-target-43-zero	graph-id	graph-id-property-wrapped-contains	zero	graph-id-equals-and-wrapped-contains	graph-routing	properties	200	fixture-hive-11	fixture-hive-11	1	fc0779b8fe9d9937d1e4cb4a3dba1379fc83c9a81125f4350e46a986c8531889	success	0	147	805c8c7334c868e18e2be84be95b83cc60895722d739c2b164a68be4cd410c49	127790			cypher-graph-id-predicate	64	1	fixture-hive-11	1	0	0	1	0	1	1	1	63	1	0
graph-id-property-wrapped-contains-target-43-targeted	graph-id	graph-id-property-wrapped-contains	targeted	graph-id-equals-and-wrapped-contains	graph-routing	properties	200	fixture-hive-11	fixture-hive-11	1	fc0779b8fe9d9937d1e4cb4a3dba1379fc83c9a81125f4350e46a986c8531889	success	4	2743	a7aaae25732eb3fc39e7e9697120f6a4534e52262fb153e4201e51d7b31e4606	124043		fixture-hive-11	cypher-graph-id-predicate	64	1	fixture-hive-11	1	0	0	1	0	4	1	1	63	1	0
graph-id-property-wrapped-contains-target-43-dense	graph-id	graph-id-property-wrapped-contains	dense	graph-id-equals-and-wrapped-contains	graph-routing	properties	200	fixture-hive-11	fixture-hive-11	1	fc0779b8fe9d9937d1e4cb4a3dba1379fc83c9a81125f4350e46a986c8531889	success	200	94063	f5c81d8aabcfe449e1a20e1133f0ce5a6c25cde54cfb7e82531ff93f87b6f89e	461885		fixture-hive-11	cypher-graph-id-predicate	64	1	fixture-hive-11	1	0	0	1	0	200	1	1	63	1	0
graph-id-property-wrapped-contains-target-44-zero	graph-id	graph-id-property-wrapped-contains	zero	graph-id-equals-and-wrapped-contains	graph-routing	properties	200	fixture-hive-12	fixture-hive-12	1	b0c62bc41512e26a42d23ec1fd21c12eb0d433e252eed22e92d2246689f7489a	success	0	147	805c8c7334c868e18e2be84be95b83cc60895722d739c2b164a68be4cd410c49	128841			cypher-graph-id-predicate	64	1	fixture-hive-12	1	0	0	1	0	1	1	1	63	1	0
graph-id-property-wrapped-contains-target-44-targeted	graph-id	graph-id-property-wrapped-contains	targeted	graph-id-equals-and-wrapped-contains	graph-routing	properties	200	fixture-hive-12	fixture-hive-12	1	b0c62bc41512e26a42d23ec1fd21c12eb0d433e252eed22e92d2246689f7489a	success	4	2890	b8c7750587d3cb95373de074cba017cf14e5d85811bfc8cc2b49fa06615dc14f	137778		fixture-hive-12	cypher-graph-id-predicate	64	1	fixture-hive-12	1	0	0	1	0	4	1	1	63	1	0
graph-id-property-wrapped-contains-target-44-dense	graph-id	graph-id-property-wrapped-contains	dense	graph-id-equals-and-wrapped-contains	graph-routing	properties	200	fixture-hive-12	fixture-hive-12	1	b0c62bc41512e26a42d23ec1fd21c12eb0d433e252eed22e92d2246689f7489a	success	200	90517	901cb7ad5a7cef604f7264d87d81f85a7b3e521b0175839dd61f15fa140b58cf	228017		fixture-hive-12	cypher-graph-id-predicate	64	1	fixture-hive-12	1	0	0	1	0	200	1	1	63	1	0
graph-id-property-wrapped-contains-target-45-zero	graph-id	graph-id-property-wrapped-contains	zero	graph-id-equals-and-wrapped-contains	graph-routing	properties	200	fixture-hive-13	fixture-hive-13	1	2f758a1599ac4d799ee27ae81f81bfe54bc6240d59e8f003bf5cd782742affd0	success	0	147	805c8c7334c868e18e2be84be95b83cc60895722d739c2b164a68be4cd410c49	126156			cypher-graph-id-predicate	64	1	fixture-hive-13	1	0	0	1	0	1	1	1	63	1	0
graph-id-property-wrapped-contains-target-45-targeted	graph-id	graph-id-property-wrapped-contains	targeted	graph-id-equals-and-wrapped-contains	graph-routing	properties	200	fixture-hive-13	fixture-hive-13	1	2f758a1599ac4d799ee27ae81f81bfe54bc6240d59e8f003bf5cd782742affd0	success	1	807	7a2ea6e6b7c61f333c01be975226570ddf428683fdf6c4eb419e09457718acf9	126657		fixture-hive-13	cypher-graph-id-predicate	64	1	fixture-hive-13	1	0	0	1	0	1	1	1	63	1	0
graph-id-property-wrapped-contains-target-45-dense	graph-id	graph-id-property-wrapped-contains	dense	graph-id-equals-and-wrapped-contains	graph-routing	properties	200	fixture-hive-13	fixture-hive-13	1	2f758a1599ac4d799ee27ae81f81bfe54bc6240d59e8f003bf5cd782742affd0	success	200	92534	8ce2fca3adf975e2913f1d7a0f91465f04ef5e5cdbaaa1f51ca68901be616480	390050		fixture-hive-13	cypher-graph-id-predicate	64	1	fixture-hive-13	1	0	0	1	0	200	1	1	63	1	0
graph-id-property-wrapped-contains-target-46-zero	graph-id	graph-id-property-wrapped-contains	zero	graph-id-equals-and-wrapped-contains	graph-routing	properties	200	fixture-hive-14	fixture-hive-14	1	960cf66cc8af0003002afe076d1f893b29b2a55fabfac7d5316eb3e3b9c46f67	success	0	147	805c8c7334c868e18e2be84be95b83cc60895722d739c2b164a68be4cd410c49	115827			cypher-graph-id-predicate	64	1	fixture-hive-14	1	0	0	1	0	1	1	1	63	1	0
graph-id-property-wrapped-contains-target-46-targeted	graph-id	graph-id-property-wrapped-contains	targeted	graph-id-equals-and-wrapped-contains	graph-routing	properties	200	fixture-hive-14	fixture-hive-14	1	960cf66cc8af0003002afe076d1f893b29b2a55fabfac7d5316eb3e3b9c46f67	success	45	27605	5de372ca8e19ec486456452fc7bd2d9f18c4d7b0beb5e238b24073911e1d2e3a	171672		fixture-hive-14	cypher-graph-id-predicate	64	1	fixture-hive-14	1	0	0	1	0	45	1	1	63	1	0
graph-id-property-wrapped-contains-target-46-dense	graph-id	graph-id-property-wrapped-contains	dense	graph-id-equals-and-wrapped-contains	graph-routing	properties	200	fixture-hive-14	fixture-hive-14	1	960cf66cc8af0003002afe076d1f893b29b2a55fabfac7d5316eb3e3b9c46f67	success	200	96641	3ad39c9167b00424c5957087068cab90d47268c9063b8d9e565113275edd98c8	218679		fixture-hive-14	cypher-graph-id-predicate	64	1	fixture-hive-14	1	0	0	1	0	200	1	1	63	1	0
graph-id-property-wrapped-contains-target-47-zero	graph-id	graph-id-property-wrapped-contains	zero	graph-id-equals-and-wrapped-contains	graph-routing	properties	200	fixture-hive-15	fixture-hive-15	1	d5c3f70f4e04fa9e3851b5ba956c39c64ff3bf4c48028255a069369d65d3e3dc	success	0	147	805c8c7334c868e18e2be84be95b83cc60895722d739c2b164a68be4cd410c49	123962			cypher-graph-id-predicate	64	1	fixture-hive-15	1	0	0	1	0	1	1	1	63	1	0
graph-id-property-wrapped-contains-target-47-targeted	graph-id	graph-id-property-wrapped-contains	targeted	graph-id-equals-and-wrapped-contains	graph-routing	properties	200	fixture-hive-15	fixture-hive-15	1	d5c3f70f4e04fa9e3851b5ba956c39c64ff3bf4c48028255a069369d65d3e3dc	success	66	40159	fcfc173325ae104971344d6daea93c8089a472f712f938cfbd16c519ba82c551	166021		fixture-hive-15	cypher-graph-id-predicate	64	1	fixture-hive-15	1	0	0	1	0	66	1	1	63	1	0
graph-id-property-wrapped-contains-target-47-dense	graph-id	graph-id-property-wrapped-contains	dense	graph-id-equals-and-wrapped-contains	graph-routing	properties	200	fixture-hive-15	fixture-hive-15	1	d5c3f70f4e04fa9e3851b5ba956c39c64ff3bf4c48028255a069369d65d3e3dc	success	200	97359	d162ad37d2e7b659e55cddb63b7d42e922fbd2396ae9679f7648226751bb7a13	212969		fixture-hive-15	cypher-graph-id-predicate	64	1	fixture-hive-15	1	0	0	1	0	200	1	1	63	1	0
graph-id-property-wrapped-contains-target-48-zero	graph-id	graph-id-property-wrapped-contains	zero	graph-id-equals-and-wrapped-contains	graph-routing	properties	200	fixture-kotlin-compiler-00	fixture-kotlin-compiler-00	1	e0590ddba3b9b9f8de79bee6771cc2f41482d9bcf2b6d495c533f4d523602a1c	success	0	147	805c8c7334c868e18e2be84be95b83cc60895722d739c2b164a68be4cd410c49	118532			cypher-graph-id-predicate	64	1	fixture-kotlin-compiler-00	1	0	0	1	0	1	1	1	63	1	0
graph-id-property-wrapped-contains-target-48-targeted	graph-id	graph-id-property-wrapped-contains	targeted	graph-id-equals-and-wrapped-contains	graph-routing	properties	200	fixture-kotlin-compiler-00	fixture-kotlin-compiler-00	1	e0590ddba3b9b9f8de79bee6771cc2f41482d9bcf2b6d495c533f4d523602a1c	success	10	6351	274597a5e0e535d6581734920f9ffbc39062a84a13ad9d85823a8f12df219dfd	133260		fixture-kotlin-compiler-00	cypher-graph-id-predicate	64	1	fixture-kotlin-compiler-00	1	0	0	1	0	10	1	1	63	1	0
graph-id-property-wrapped-contains-target-48-dense	graph-id	graph-id-property-wrapped-contains	dense	graph-id-equals-and-wrapped-contains	graph-routing	properties	200	fixture-kotlin-compiler-00	fixture-kotlin-compiler-00	1	e0590ddba3b9b9f8de79bee6771cc2f41482d9bcf2b6d495c533f4d523602a1c	success	200	97301	4abd067ea3c7496241f2623586a132809a81e33bd08c7645b717be3ee7ee2542	377096		fixture-kotlin-compiler-00	cypher-graph-id-predicate	64	1	fixture-kotlin-compiler-00	1	0	0	1	0	200	1	1	63	1	0
graph-id-property-wrapped-contains-target-49-zero	graph-id	graph-id-property-wrapped-contains	zero	graph-id-equals-and-wrapped-contains	graph-routing	properties	200	fixture-kotlin-compiler-01	fixture-kotlin-compiler-01	1	a2378f34cd746f343988852d75ea5d50b8bfe89e6cd965dacb19b742e3a8c966	success	0	147	805c8c7334c868e18e2be84be95b83cc60895722d739c2b164a68be4cd410c49	136115			cypher-graph-id-predicate	64	1	fixture-kotlin-compiler-01	1	0	0	1	0	1	1	1	63	1	0
graph-id-property-wrapped-contains-target-49-targeted	graph-id	graph-id-property-wrapped-contains	targeted	graph-id-equals-and-wrapped-contains	graph-routing	properties	200	fixture-kotlin-compiler-01	fixture-kotlin-compiler-01	1	a2378f34cd746f343988852d75ea5d50b8bfe89e6cd965dacb19b742e3a8c966	success	4	2598	d72c68d3fe0e8e0257e28136dfcba3f279a31d304b51dc9611dfa7b0f16169a8	124433		fixture-kotlin-compiler-01	cypher-graph-id-predicate	64	1	fixture-kotlin-compiler-01	1	0	0	1	0	4	1	1	63	1	0
graph-id-property-wrapped-contains-target-49-dense	graph-id	graph-id-property-wrapped-contains	dense	graph-id-equals-and-wrapped-contains	graph-routing	properties	200	fixture-kotlin-compiler-01	fixture-kotlin-compiler-01	1	a2378f34cd746f343988852d75ea5d50b8bfe89e6cd965dacb19b742e3a8c966	success	200	95854	6848b85ce01299f2ea05bcca3edaa8c69792c61113aeaea43a401f01793bb61d	228789		fixture-kotlin-compiler-01	cypher-graph-id-predicate	64	1	fixture-kotlin-compiler-01	1	0	0	1	0	200	1	1	63	1	0
graph-id-property-wrapped-contains-target-50-zero	graph-id	graph-id-property-wrapped-contains	zero	graph-id-equals-and-wrapped-contains	graph-routing	properties	200	fixture-kotlin-compiler-02	fixture-kotlin-compiler-02	1	b4996e09ff7c9fb90ce978374faa803d01485382a499402abfd9028048b79bf7	success	0	147	805c8c7334c868e18e2be84be95b83cc60895722d739c2b164a68be4cd410c49	129703			cypher-graph-id-predicate	64	1	fixture-kotlin-compiler-02	1	0	0	1	0	1	1	1	63	1	0
graph-id-property-wrapped-contains-target-50-targeted	graph-id	graph-id-property-wrapped-contains	targeted	graph-id-equals-and-wrapped-contains	graph-routing	properties	200	fixture-kotlin-compiler-02	fixture-kotlin-compiler-02	1	b4996e09ff7c9fb90ce978374faa803d01485382a499402abfd9028048b79bf7	success	1	791	85dd6bfd8cfa28628294c822275e5bb7a279ea8142c47ff362a55c060e68da37	291967		fixture-kotlin-compiler-02	cypher-graph-id-predicate	64	1	fixture-kotlin-compiler-02	1	0	0	1	0	1	1	1	63	1	0
graph-id-property-wrapped-contains-target-50-dense	graph-id	graph-id-property-wrapped-contains	dense	graph-id-equals-and-wrapped-contains	graph-routing	properties	200	fixture-kotlin-compiler-02	fixture-kotlin-compiler-02	1	b4996e09ff7c9fb90ce978374faa803d01485382a499402abfd9028048b79bf7	success	200	91564	fbf180fab82c32493738bb60bb29955d3f45810bb23806d614f71964200069bc	177733		fixture-kotlin-compiler-02	cypher-graph-id-predicate	64	1	fixture-kotlin-compiler-02	1	0	0	1	0	200	1	1	63	1	0
graph-id-property-wrapped-contains-target-51-zero	graph-id	graph-id-property-wrapped-contains	zero	graph-id-equals-and-wrapped-contains	graph-routing	properties	200	fixture-kotlin-compiler-03	fixture-kotlin-compiler-03	1	a2350bbcc2f1ba8738ae72b167e586240ce7149551e3fba11f7a358d11b7801e	success	0	147	805c8c7334c868e18e2be84be95b83cc60895722d739c2b164a68be4cd410c49	103634			cypher-graph-id-predicate	64	1	fixture-kotlin-compiler-03	1	0	0	1	0	1	1	1	63	1	0
graph-id-property-wrapped-contains-target-51-targeted	graph-id	graph-id-property-wrapped-contains	targeted	graph-id-equals-and-wrapped-contains	graph-routing	properties	200	fixture-kotlin-compiler-03	fixture-kotlin-compiler-03	1	a2350bbcc2f1ba8738ae72b167e586240ce7149551e3fba11f7a358d11b7801e	success	1	798	64ae9673d519a121b865dc50f576291bddc3c4c81c474d10cfb9d0da1dce7c60	288030		fixture-kotlin-compiler-03	cypher-graph-id-predicate	64	1	fixture-kotlin-compiler-03	1	0	0	1	0	1	1	1	63	1	0
graph-id-property-wrapped-contains-target-51-dense	graph-id	graph-id-property-wrapped-contains	dense	graph-id-equals-and-wrapped-contains	graph-routing	properties	200	fixture-kotlin-compiler-03	fixture-kotlin-compiler-03	1	a2350bbcc2f1ba8738ae72b167e586240ce7149551e3fba11f7a358d11b7801e	success	200	94730	d508f1cb1d0c5646118a68e8a87c49c66a454661e438e3f033289c173598f51f	182472		fixture-kotlin-compiler-03	cypher-graph-id-predicate	64	1	fixture-kotlin-compiler-03	1	0	0	1	0	200	1	1	63	1	0
graph-id-property-wrapped-contains-target-52-zero	graph-id	graph-id-property-wrapped-contains	zero	graph-id-equals-and-wrapped-contains	graph-routing	properties	200	fixture-kotlin-compiler-04	fixture-kotlin-compiler-04	1	1835d0591826a821b1c4a8a0df21cd273c40697176c253109b1663d9e56d64a0	success	0	147	805c8c7334c868e18e2be84be95b83cc60895722d739c2b164a68be4cd410c49	265527			cypher-graph-id-predicate	64	1	fixture-kotlin-compiler-04	1	0	0	1	0	1	1	1	63	1	0
graph-id-property-wrapped-contains-target-52-targeted	graph-id	graph-id-property-wrapped-contains	targeted	graph-id-equals-and-wrapped-contains	graph-routing	properties	200	fixture-kotlin-compiler-04	fixture-kotlin-compiler-04	1	1835d0591826a821b1c4a8a0df21cd273c40697176c253109b1663d9e56d64a0	success	1	792	6691abe0a1f608719107bf4ffc3fa52632123ab77cb7c2c3c6536cd32de533b1	111328		fixture-kotlin-compiler-04	cypher-graph-id-predicate	64	1	fixture-kotlin-compiler-04	1	0	0	1	0	1	1	1	63	1	0
graph-id-property-wrapped-contains-target-52-dense	graph-id	graph-id-property-wrapped-contains	dense	graph-id-equals-and-wrapped-contains	graph-routing	properties	200	fixture-kotlin-compiler-04	fixture-kotlin-compiler-04	1	1835d0591826a821b1c4a8a0df21cd273c40697176c253109b1663d9e56d64a0	success	200	96891	db4b9bfadbbb61a039e76484090eda57349ec9585a7c795f46793352fb739e7c	199955		fixture-kotlin-compiler-04	cypher-graph-id-predicate	64	1	fixture-kotlin-compiler-04	1	0	0	1	0	200	1	1	63	1	0
graph-id-property-wrapped-contains-target-53-zero	graph-id	graph-id-property-wrapped-contains	zero	graph-id-equals-and-wrapped-contains	graph-routing	properties	200	fixture-kotlin-compiler-05	fixture-kotlin-compiler-05	1	65de36ec09041582c4ff4a57708f099a7d72d4907a327e47ae026767f5ff0db0	success	0	147	805c8c7334c868e18e2be84be95b83cc60895722d739c2b164a68be4cd410c49	113452			cypher-graph-id-predicate	64	1	fixture-kotlin-compiler-05	1	0	0	1	0	1	1	1	63	1	0
graph-id-property-wrapped-contains-target-53-targeted	graph-id	graph-id-property-wrapped-contains	targeted	graph-id-equals-and-wrapped-contains	graph-routing	properties	200	fixture-kotlin-compiler-05	fixture-kotlin-compiler-05	1	65de36ec09041582c4ff4a57708f099a7d72d4907a327e47ae026767f5ff0db0	success	6	3910	d987ccd9722d9cd5492fcbb62423f1a89bb41e05ea0e3fb44e7cc793b9656b12	114444		fixture-kotlin-compiler-05	cypher-graph-id-predicate	64	1	fixture-kotlin-compiler-05	1	0	0	1	0	6	1	1	63	1	0
graph-id-property-wrapped-contains-target-53-dense	graph-id	graph-id-property-wrapped-contains	dense	graph-id-equals-and-wrapped-contains	graph-routing	properties	200	fixture-kotlin-compiler-05	fixture-kotlin-compiler-05	1	65de36ec09041582c4ff4a57708f099a7d72d4907a327e47ae026767f5ff0db0	success	200	94720	c9e7b59e830a820a47234ca1fd54046d1c260db318e05adc24dc748ca7fe29c0	173695		fixture-kotlin-compiler-05	cypher-graph-id-predicate	64	1	fixture-kotlin-compiler-05	1	0	0	1	0	200	1	1	63	1	0
graph-id-property-wrapped-contains-target-54-zero	graph-id	graph-id-property-wrapped-contains	zero	graph-id-equals-and-wrapped-contains	graph-routing	properties	200	fixture-kotlin-compiler-06	fixture-kotlin-compiler-06	1	455e2dea20c33d78ad4888048700c76ead131cc5fff61b1b6745f3cf019d98c7	success	0	147	805c8c7334c868e18e2be84be95b83cc60895722d739c2b164a68be4cd410c49	135183			cypher-graph-id-predicate	64	1	fixture-kotlin-compiler-06	1	0	0	1	0	1	1	1	63	1	0
graph-id-property-wrapped-contains-target-54-targeted	graph-id	graph-id-property-wrapped-contains	targeted	graph-id-equals-and-wrapped-contains	graph-routing	properties	200	fixture-kotlin-compiler-06	fixture-kotlin-compiler-06	1	455e2dea20c33d78ad4888048700c76ead131cc5fff61b1b6745f3cf019d98c7	success	3	1869	5157205e66d4cebff8b628175c555fdb333564013eabc5f496e37f9a4ad2b606	113503		fixture-kotlin-compiler-06	cypher-graph-id-predicate	64	1	fixture-kotlin-compiler-06	1	0	0	1	0	3	1	1	63	1	0
graph-id-property-wrapped-contains-target-54-dense	graph-id	graph-id-property-wrapped-contains	dense	graph-id-equals-and-wrapped-contains	graph-routing	properties	200	fixture-kotlin-compiler-06	fixture-kotlin-compiler-06	1	455e2dea20c33d78ad4888048700c76ead131cc5fff61b1b6745f3cf019d98c7	success	200	92798	60b390f0b190e46f6fd1b4929641c7324c9142e0f18a85bc338e7b41ebe62db5	187421		fixture-kotlin-compiler-06	cypher-graph-id-predicate	64	1	fixture-kotlin-compiler-06	1	0	0	1	0	200	1	1	63	1	0
graph-id-property-wrapped-contains-target-55-zero	graph-id	graph-id-property-wrapped-contains	zero	graph-id-equals-and-wrapped-contains	graph-routing	properties	200	fixture-kotlin-compiler-07	fixture-kotlin-compiler-07	1	6c1c49dd5e3fe90a5fa68f9ab09606732d59b2cb006a42f463d6390d9a27f2a1	success	0	147	805c8c7334c868e18e2be84be95b83cc60895722d739c2b164a68be4cd410c49	106299			cypher-graph-id-predicate	64	1	fixture-kotlin-compiler-07	1	0	0	1	0	1	1	1	63	1	0
graph-id-property-wrapped-contains-target-55-targeted	graph-id	graph-id-property-wrapped-contains	targeted	graph-id-equals-and-wrapped-contains	graph-routing	properties	200	fixture-kotlin-compiler-07	fixture-kotlin-compiler-07	1	6c1c49dd5e3fe90a5fa68f9ab09606732d59b2cb006a42f463d6390d9a27f2a1	success	10	6054	f5c10be5db49f33f0b8307328bfb058b342da4d9241c33217038447620028ab5	176881		fixture-kotlin-compiler-07	cypher-graph-id-predicate	64	1	fixture-kotlin-compiler-07	1	0	0	1	0	10	1	1	63	1	0
graph-id-property-wrapped-contains-target-55-dense	graph-id	graph-id-property-wrapped-contains	dense	graph-id-equals-and-wrapped-contains	graph-routing	properties	200	fixture-kotlin-compiler-07	fixture-kotlin-compiler-07	1	6c1c49dd5e3fe90a5fa68f9ab09606732d59b2cb006a42f463d6390d9a27f2a1	success	200	96112	0f6d4800cdd86ccdf20aab2fe6bd2924f66d70c9fcca46057385e09ba151a798	179646		fixture-kotlin-compiler-07	cypher-graph-id-predicate	64	1	fixture-kotlin-compiler-07	1	0	0	1	0	200	1	1	63	1	0
graph-id-property-wrapped-contains-target-56-zero	graph-id	graph-id-property-wrapped-contains	zero	graph-id-equals-and-wrapped-contains	graph-routing	properties	200	fixture-kotlin-compiler-08	fixture-kotlin-compiler-08	1	37be466842d1f239df76fe55e92f6769fc0b2d6e47e43f0020c40a8ce8422cb0	success	0	147	805c8c7334c868e18e2be84be95b83cc60895722d739c2b164a68be4cd410c49	90840			cypher-graph-id-predicate	64	1	fixture-kotlin-compiler-08	1	0	0	1	0	1	1	1	63	1	0
graph-id-property-wrapped-contains-target-56-targeted	graph-id	graph-id-property-wrapped-contains	targeted	graph-id-equals-and-wrapped-contains	graph-routing	properties	200	fixture-kotlin-compiler-08	fixture-kotlin-compiler-08	1	37be466842d1f239df76fe55e92f6769fc0b2d6e47e43f0020c40a8ce8422cb0	success	1	802	7ebbe5301915ad5c39692b733c3f39851576d09270c89f830b9e80b342a866f6	85350		fixture-kotlin-compiler-08	cypher-graph-id-predicate	64	1	fixture-kotlin-compiler-08	1	0	0	1	0	1	1	1	63	1	0
graph-id-property-wrapped-contains-target-56-dense	graph-id	graph-id-property-wrapped-contains	dense	graph-id-equals-and-wrapped-contains	graph-routing	properties	200	fixture-kotlin-compiler-08	fixture-kotlin-compiler-08	1	37be466842d1f239df76fe55e92f6769fc0b2d6e47e43f0020c40a8ce8422cb0	success	200	93704	b778fc4edfb3c1031b90b2d3d121fd31958733afdc68d3f1cde538a17b738328	156022		fixture-kotlin-compiler-08	cypher-graph-id-predicate	64	1	fixture-kotlin-compiler-08	1	0	0	1	0	200	1	1	63	1	0
graph-id-property-wrapped-contains-target-57-zero	graph-id	graph-id-property-wrapped-contains	zero	graph-id-equals-and-wrapped-contains	graph-routing	properties	200	fixture-kotlin-compiler-09	fixture-kotlin-compiler-09	1	5bacb6648bba38e91cc033e69d42538b040b89f913b58ee2afebb53ba8d35c57	success	0	147	805c8c7334c868e18e2be84be95b83cc60895722d739c2b164a68be4cd410c49	85239			cypher-graph-id-predicate	64	1	fixture-kotlin-compiler-09	1	0	0	1	0	1	1	1	63	1	0
graph-id-property-wrapped-contains-target-57-targeted	graph-id	graph-id-property-wrapped-contains	targeted	graph-id-equals-and-wrapped-contains	graph-routing	properties	200	fixture-kotlin-compiler-09	fixture-kotlin-compiler-09	1	5bacb6648bba38e91cc033e69d42538b040b89f913b58ee2afebb53ba8d35c57	success	1	765	0812dc51126311be5cac082c5d39676905cd9a0811e6a08f17ec6343dc843471	132138		fixture-kotlin-compiler-09	cypher-graph-id-predicate	64	1	fixture-kotlin-compiler-09	1	0	0	1	0	1	1	1	63	1	0
graph-id-property-wrapped-contains-target-57-dense	graph-id	graph-id-property-wrapped-contains	dense	graph-id-equals-and-wrapped-contains	graph-routing	properties	200	fixture-kotlin-compiler-09	fixture-kotlin-compiler-09	1	5bacb6648bba38e91cc033e69d42538b040b89f913b58ee2afebb53ba8d35c57	success	200	99258	415f437224f091ed04a72fa493ee405ec437acfcfdf54dee50789c56e5356f10	246952		fixture-kotlin-compiler-09	cypher-graph-id-predicate	64	1	fixture-kotlin-compiler-09	1	0	0	1	0	200	1	1	63	1	0
graph-id-property-wrapped-contains-target-58-zero	graph-id	graph-id-property-wrapped-contains	zero	graph-id-equals-and-wrapped-contains	graph-routing	properties	200	fixture-kotlin-compiler-10	fixture-kotlin-compiler-10	1	634f1070c869c5f39ed7722d97b19c8976bc7fee623a8cfc705bcdd955e20759	success	0	147	805c8c7334c868e18e2be84be95b83cc60895722d739c2b164a68be4cd410c49	120375			cypher-graph-id-predicate	64	1	fixture-kotlin-compiler-10	1	0	0	1	0	1	1	1	63	1	0
graph-id-property-wrapped-contains-target-58-targeted	graph-id	graph-id-property-wrapped-contains	targeted	graph-id-equals-and-wrapped-contains	graph-routing	properties	200	fixture-kotlin-compiler-10	fixture-kotlin-compiler-10	1	634f1070c869c5f39ed7722d97b19c8976bc7fee623a8cfc705bcdd955e20759	success	12	7029	1df616dc12f8aa99df8ef1921ad6c878afdd2d37362d488527ffbb7ddbe7f6e3	127389		fixture-kotlin-compiler-10	cypher-graph-id-predicate	64	1	fixture-kotlin-compiler-10	1	0	0	1	0	12	1	1	63	1	0
graph-id-property-wrapped-contains-target-58-dense	graph-id	graph-id-property-wrapped-contains	dense	graph-id-equals-and-wrapped-contains	graph-routing	properties	200	fixture-kotlin-compiler-10	fixture-kotlin-compiler-10	1	634f1070c869c5f39ed7722d97b19c8976bc7fee623a8cfc705bcdd955e20759	success	200	94948	3f3fd3df372307937afdfd0915ce035266497833c5712760faf456eece659c97	231466		fixture-kotlin-compiler-10	cypher-graph-id-predicate	64	1	fixture-kotlin-compiler-10	1	0	0	1	0	200	1	1	63	1	0
graph-id-property-wrapped-contains-target-59-zero	graph-id	graph-id-property-wrapped-contains	zero	graph-id-equals-and-wrapped-contains	graph-routing	properties	200	fixture-kotlin-compiler-11	fixture-kotlin-compiler-11	1	9e1bbfe33d12ec072b828f417bb9dcdab26d7daecb14898f31eb2d73cdaff93c	success	0	147	805c8c7334c868e18e2be84be95b83cc60895722d739c2b164a68be4cd410c49	107070			cypher-graph-id-predicate	64	1	fixture-kotlin-compiler-11	1	0	0	1	0	1	1	1	63	1	0
graph-id-property-wrapped-contains-target-59-targeted	graph-id	graph-id-property-wrapped-contains	targeted	graph-id-equals-and-wrapped-contains	graph-routing	properties	200	fixture-kotlin-compiler-11	fixture-kotlin-compiler-11	1	9e1bbfe33d12ec072b828f417bb9dcdab26d7daecb14898f31eb2d73cdaff93c	success	11	6729	3d47749a3f582c73a2df58bf3f9b3beed9c001af5d9bd91af1d30abe76d3f524	122009		fixture-kotlin-compiler-11	cypher-graph-id-predicate	64	1	fixture-kotlin-compiler-11	1	0	0	1	0	11	1	1	63	1	0
graph-id-property-wrapped-contains-target-59-dense	graph-id	graph-id-property-wrapped-contains	dense	graph-id-equals-and-wrapped-contains	graph-routing	properties	200	fixture-kotlin-compiler-11	fixture-kotlin-compiler-11	1	9e1bbfe33d12ec072b828f417bb9dcdab26d7daecb14898f31eb2d73cdaff93c	success	200	89429	54106029dd8c0484e4d4612954bdb30eebd525f910018413d1ee09bf2ea5c8ac	168154		fixture-kotlin-compiler-11	cypher-graph-id-predicate	64	1	fixture-kotlin-compiler-11	1	0	0	1	0	200	1	1	63	1	0
graph-id-property-wrapped-contains-target-60-zero	graph-id	graph-id-property-wrapped-contains	zero	graph-id-equals-and-wrapped-contains	graph-routing	properties	200	fixture-kotlin-compiler-12	fixture-kotlin-compiler-12	1	45b0266366bbda196d2004ab993b070c325a01ec90b2c254cb7a89f0070e843a	success	0	147	805c8c7334c868e18e2be84be95b83cc60895722d739c2b164a68be4cd410c49	112160			cypher-graph-id-predicate	64	1	fixture-kotlin-compiler-12	1	0	0	1	0	1	1	1	63	1	0
graph-id-property-wrapped-contains-target-60-targeted	graph-id	graph-id-property-wrapped-contains	targeted	graph-id-equals-and-wrapped-contains	graph-routing	properties	200	fixture-kotlin-compiler-12	fixture-kotlin-compiler-12	1	45b0266366bbda196d2004ab993b070c325a01ec90b2c254cb7a89f0070e843a	success	13	7599	88379c6b80e2b23974c6b6a1e2c6fc3f3680ec705c71b7cecbc9a2228bf7fa26	113493		fixture-kotlin-compiler-12	cypher-graph-id-predicate	64	1	fixture-kotlin-compiler-12	1	0	0	1	0	13	1	1	63	1	0
graph-id-property-wrapped-contains-target-60-dense	graph-id	graph-id-property-wrapped-contains	dense	graph-id-equals-and-wrapped-contains	graph-routing	properties	200	fixture-kotlin-compiler-12	fixture-kotlin-compiler-12	1	45b0266366bbda196d2004ab993b070c325a01ec90b2c254cb7a89f0070e843a	success	200	94040	5d662b90e716477fff887768402c85462026d6042e22f1d7fafdb565b9f9efc8	186009		fixture-kotlin-compiler-12	cypher-graph-id-predicate	64	1	fixture-kotlin-compiler-12	1	0	0	1	0	200	1	1	63	1	0
graph-id-property-wrapped-contains-target-61-zero	graph-id	graph-id-property-wrapped-contains	zero	graph-id-equals-and-wrapped-contains	graph-routing	properties	200	fixture-kotlin-compiler-13	fixture-kotlin-compiler-13	1	aedca61396c53e1f40a6a8408974c2e44a02b0dd40978618ab51b02da9ecb430	success	0	147	805c8c7334c868e18e2be84be95b83cc60895722d739c2b164a68be4cd410c49	105207			cypher-graph-id-predicate	64	1	fixture-kotlin-compiler-13	1	0	0	1	0	1	1	1	63	1	0
graph-id-property-wrapped-contains-target-61-targeted	graph-id	graph-id-property-wrapped-contains	targeted	graph-id-equals-and-wrapped-contains	graph-routing	properties	200	fixture-kotlin-compiler-13	fixture-kotlin-compiler-13	1	aedca61396c53e1f40a6a8408974c2e44a02b0dd40978618ab51b02da9ecb430	success	8	5180	b6f5bd5828bd66e4f09f8198b509f3673986060cf32e2725dff13d9bcb4d6e9b	119223		fixture-kotlin-compiler-13	cypher-graph-id-predicate	64	1	fixture-kotlin-compiler-13	1	0	0	1	0	8	1	1	63	1	0
graph-id-property-wrapped-contains-target-61-dense	graph-id	graph-id-property-wrapped-contains	dense	graph-id-equals-and-wrapped-contains	graph-routing	properties	200	fixture-kotlin-compiler-13	fixture-kotlin-compiler-13	1	aedca61396c53e1f40a6a8408974c2e44a02b0dd40978618ab51b02da9ecb430	success	200	93638	00f9fdf9bf9dc94ccc0d67b35cb45c01a8e623cfaedfdb70da1cc1bfa69daf82	169537		fixture-kotlin-compiler-13	cypher-graph-id-predicate	64	1	fixture-kotlin-compiler-13	1	0	0	1	0	200	1	1	63	1	0
graph-id-property-wrapped-contains-target-62-zero	graph-id	graph-id-property-wrapped-contains	zero	graph-id-equals-and-wrapped-contains	graph-routing	properties	200	fixture-kotlin-compiler-14	fixture-kotlin-compiler-14	1	7f28ad9f946e8d01109ca70944e08883f52dd5c6cb287fa2d5fade1909b610b0	success	0	147	805c8c7334c868e18e2be84be95b83cc60895722d739c2b164a68be4cd410c49	100919			cypher-graph-id-predicate	64	1	fixture-kotlin-compiler-14	1	0	0	1	0	1	1	1	63	1	0
graph-id-property-wrapped-contains-target-62-targeted	graph-id	graph-id-property-wrapped-contains	targeted	graph-id-equals-and-wrapped-contains	graph-routing	properties	200	fixture-kotlin-compiler-14	fixture-kotlin-compiler-14	1	7f28ad9f946e8d01109ca70944e08883f52dd5c6cb287fa2d5fade1909b610b0	success	1	877	f04b3035acb1285487cb68f126c796fd316b35c6ce630f1e71efd88436bf28f2	100258		fixture-kotlin-compiler-14	cypher-graph-id-predicate	64	1	fixture-kotlin-compiler-14	1	0	0	1	0	1	1	1	63	1	0
graph-id-property-wrapped-contains-target-62-dense	graph-id	graph-id-property-wrapped-contains	dense	graph-id-equals-and-wrapped-contains	graph-routing	properties	200	fixture-kotlin-compiler-14	fixture-kotlin-compiler-14	1	7f28ad9f946e8d01109ca70944e08883f52dd5c6cb287fa2d5fade1909b610b0	success	200	97449	f19574ac46a01dafc16136d9e8c4835b8d40c72753078eb8a67a1d7d438dd937	173405		fixture-kotlin-compiler-14	cypher-graph-id-predicate	64	1	fixture-kotlin-compiler-14	1	0	0	1	0	200	1	1	63	1	0
graph-id-property-wrapped-contains-target-63-zero	graph-id	graph-id-property-wrapped-contains	zero	graph-id-equals-and-wrapped-contains	graph-routing	properties	200	fixture-kotlin-compiler-15	fixture-kotlin-compiler-15	1	86015e396789c5c1cf86d1df3b0b97987a7b461bfcfb129491f3d758793d1d65	success	0	147	805c8c7334c868e18e2be84be95b83cc60895722d739c2b164a68be4cd410c49	107702			cypher-graph-id-predicate	64	1	fixture-kotlin-compiler-15	1	0	0	1	0	1	1	1	63	1	0
graph-id-property-wrapped-contains-target-63-targeted	graph-id	graph-id-property-wrapped-contains	targeted	graph-id-equals-and-wrapped-contains	graph-routing	properties	200	fixture-kotlin-compiler-15	fixture-kotlin-compiler-15	1	86015e396789c5c1cf86d1df3b0b97987a7b461bfcfb129491f3d758793d1d65	success	1	778	1734729b6952d2a8eff267ca86b458aa4fd5e0c703c1fa60dd66478cd3c49356	94948		fixture-kotlin-compiler-15	cypher-graph-id-predicate	64	1	fixture-kotlin-compiler-15	1	0	0	1	0	1	1	1	63	1	0
graph-id-property-wrapped-contains-target-63-dense	graph-id	graph-id-property-wrapped-contains	dense	graph-id-equals-and-wrapped-contains	graph-routing	properties	200	fixture-kotlin-compiler-15	fixture-kotlin-compiler-15	1	86015e396789c5c1cf86d1df3b0b97987a7b461bfcfb129491f3d758793d1d65	success	200	91412	082721be4b0e9234c67505fe172c638dcb4ef8924db9c6264a191473dfc4e443	168285		fixture-kotlin-compiler-15	cypher-graph-id-predicate	64	1	fixture-kotlin-compiler-15	1	0	0	1	0	200	1	1	63	1	0
graph-id-function-wrapped-contains-target-00-zero	graph-id	graph-id-function-wrapped-contains	zero	graph-id-function-equals-and-wrapped-contains	graph-routing	properties	200	fixture-android-00	fixture-android-00	1	47c5f2f8275ab2447995a1b45a36cd5b0b70e258e0f75934abd1f0cef5c2b93e	success	0	147	805c8c7334c868e18e2be84be95b83cc60895722d739c2b164a68be4cd410c49	103183			cypher-graph-id-predicate	64	1	fixture-android-00	1	0	0	1	0	1	1	1	63	1	0
graph-id-function-wrapped-contains-target-00-targeted	graph-id	graph-id-function-wrapped-contains	targeted	graph-id-function-equals-and-wrapped-contains	graph-routing	properties	200	fixture-android-00	fixture-android-00	1	47c5f2f8275ab2447995a1b45a36cd5b0b70e258e0f75934abd1f0cef5c2b93e	success	10	5730	00c81103244dc6d42abdc3894d771e5a24957dcf7e5ad4d8dc686b1d7e0cb89e	132277		fixture-android-00	cypher-graph-id-predicate	64	1	fixture-android-00	1	0	0	1	0	10	1	1	63	1	0
graph-id-function-wrapped-contains-target-00-dense	graph-id	graph-id-function-wrapped-contains	dense	graph-id-function-equals-and-wrapped-contains	graph-routing	properties	200	fixture-android-00	fixture-android-00	1	47c5f2f8275ab2447995a1b45a36cd5b0b70e258e0f75934abd1f0cef5c2b93e	success	200	84411	3bdee68309e62bee93f47848258ded90b1763d55841fa57d8b8fd21867653c44	162594		fixture-android-00	cypher-graph-id-predicate	64	1	fixture-android-00	1	0	0	1	0	200	1	1	63	1	0
graph-id-function-wrapped-contains-target-01-zero	graph-id	graph-id-function-wrapped-contains	zero	graph-id-function-equals-and-wrapped-contains	graph-routing	properties	200	fixture-android-01	fixture-android-01	1	e4528616b87301f557512ab9d9e4e598561300f98d2e85100725c35158534ecc	success	0	147	805c8c7334c868e18e2be84be95b83cc60895722d739c2b164a68be4cd410c49	145983			cypher-graph-id-predicate	64	1	fixture-android-01	1	0	0	1	0	1	1	1	63	1	0
graph-id-function-wrapped-contains-target-01-targeted	graph-id	graph-id-function-wrapped-contains	targeted	graph-id-function-equals-and-wrapped-contains	graph-routing	properties	200	fixture-android-01	fixture-android-01	1	e4528616b87301f557512ab9d9e4e598561300f98d2e85100725c35158534ecc	success	1	758	b33173a678013ac093c95f3fccc5cd5af96ea18082387e1fc872de4817e234b2	181247		fixture-android-01	cypher-graph-id-predicate	64	1	fixture-android-01	1	0	0	1	0	1	1	1	63	1	0
graph-id-function-wrapped-contains-target-01-dense	graph-id	graph-id-function-wrapped-contains	dense	graph-id-function-equals-and-wrapped-contains	graph-routing	properties	200	fixture-android-01	fixture-android-01	1	e4528616b87301f557512ab9d9e4e598561300f98d2e85100725c35158534ecc	success	200	84093	d9daf98f04e06930dfeb91ddd4e8ae597b8f9154e54ac1018db6a25ea8ddd84f	214812		fixture-android-01	cypher-graph-id-predicate	64	1	fixture-android-01	1	0	0	1	0	200	1	1	63	1	0
graph-id-function-wrapped-contains-target-02-zero	graph-id	graph-id-function-wrapped-contains	zero	graph-id-function-equals-and-wrapped-contains	graph-routing	properties	200	fixture-android-02	fixture-android-02	1	1a026780ab945a978bf2d821f0728dd8a679a4b4838c8a3b7703d006d3fae584	success	0	147	805c8c7334c868e18e2be84be95b83cc60895722d739c2b164a68be4cd410c49	118012			cypher-graph-id-predicate	64	1	fixture-android-02	1	0	0	1	0	1	1	1	63	1	0
graph-id-function-wrapped-contains-target-02-targeted	graph-id	graph-id-function-wrapped-contains	targeted	graph-id-function-equals-and-wrapped-contains	graph-routing	properties	200	fixture-android-02	fixture-android-02	1	1a026780ab945a978bf2d821f0728dd8a679a4b4838c8a3b7703d006d3fae584	success	9	5751	0754b66fd035110585cc31e6af555127395a9cd85c413f0a859de6b596c3b70d	129953		fixture-android-02	cypher-graph-id-predicate	64	1	fixture-android-02	1	0	0	1	0	9	1	1	63	1	0
graph-id-function-wrapped-contains-target-02-dense	graph-id	graph-id-function-wrapped-contains	dense	graph-id-function-equals-and-wrapped-contains	graph-routing	properties	200	fixture-android-02	fixture-android-02	1	1a026780ab945a978bf2d821f0728dd8a679a4b4838c8a3b7703d006d3fae584	success	200	86930	a289774d080329d12351d967c614eae9b16190b55970a757b1f268e21aee3975	245179		fixture-android-02	cypher-graph-id-predicate	64	1	fixture-android-02	1	0	0	1	0	200	1	1	63	1	0
graph-id-function-wrapped-contains-target-03-zero	graph-id	graph-id-function-wrapped-contains	zero	graph-id-function-equals-and-wrapped-contains	graph-routing	properties	200	fixture-android-03	fixture-android-03	1	3a085dec137def84e2f0fd6c417ca6216ad5c22c415250ab8d225957a37eb876	success	0	147	805c8c7334c868e18e2be84be95b83cc60895722d739c2b164a68be4cd410c49	115576			cypher-graph-id-predicate	64	1	fixture-android-03	1	0	0	1	0	1	1	1	63	1	0
graph-id-function-wrapped-contains-target-03-targeted	graph-id	graph-id-function-wrapped-contains	targeted	graph-id-function-equals-and-wrapped-contains	graph-routing	properties	200	fixture-android-03	fixture-android-03	1	3a085dec137def84e2f0fd6c417ca6216ad5c22c415250ab8d225957a37eb876	success	2	1333	77f2da9b0b5a99e6332b957b281149f5e269d152177e36aaa74e86db4bc23bf9	117440		fixture-android-03	cypher-graph-id-predicate	64	1	fixture-android-03	1	0	0	1	0	2	1	1	63	1	0
graph-id-function-wrapped-contains-target-03-dense	graph-id	graph-id-function-wrapped-contains	dense	graph-id-function-equals-and-wrapped-contains	graph-routing	properties	200	fixture-android-03	fixture-android-03	1	3a085dec137def84e2f0fd6c417ca6216ad5c22c415250ab8d225957a37eb876	success	200	85151	08fbf5fde8e917175e0dca625983535621218120265897bdd0781fe99669b859	228378		fixture-android-03	cypher-graph-id-predicate	64	1	fixture-android-03	1	0	0	1	0	200	1	1	63	1	0
graph-id-function-wrapped-contains-target-04-zero	graph-id	graph-id-function-wrapped-contains	zero	graph-id-function-equals-and-wrapped-contains	graph-routing	properties	200	fixture-android-04	fixture-android-04	1	72b2db3813782b7057457474cb692d1ab65cbced9ccd76e7a6348806a1a0fdd6	success	0	147	805c8c7334c868e18e2be84be95b83cc60895722d739c2b164a68be4cd410c49	117360			cypher-graph-id-predicate	64	1	fixture-android-04	1	0	0	1	0	1	1	1	63	1	0
graph-id-function-wrapped-contains-target-04-targeted	graph-id	graph-id-function-wrapped-contains	targeted	graph-id-function-equals-and-wrapped-contains	graph-routing	properties	200	fixture-android-04	fixture-android-04	1	72b2db3813782b7057457474cb692d1ab65cbced9ccd76e7a6348806a1a0fdd6	success	9	5762	527d81de9e8ca9f5fe9ad0166e1e1711fbccaf3c53281e7e95375f6d55e3a3c7	126817		fixture-android-04	cypher-graph-id-predicate	64	1	fixture-android-04	1	0	0	1	0	9	1	1	63	1	0
graph-id-function-wrapped-contains-target-04-dense	graph-id	graph-id-function-wrapped-contains	dense	graph-id-function-equals-and-wrapped-contains	graph-routing	properties	200	fixture-android-04	fixture-android-04	1	72b2db3813782b7057457474cb692d1ab65cbced9ccd76e7a6348806a1a0fdd6	success	200	86152	85d9bac3392391ae56f1f03af81d888f398336c8e33a1ef1e42c5409f746f730	506148		fixture-android-04	cypher-graph-id-predicate	64	1	fixture-android-04	1	0	0	1	0	200	1	1	63	1	0
graph-id-function-wrapped-contains-target-05-zero	graph-id	graph-id-function-wrapped-contains	zero	graph-id-function-equals-and-wrapped-contains	graph-routing	properties	200	fixture-android-05	fixture-android-05	1	9ccc65db4edf2ad696714957f6291e11ba1a158b062c135b909367736aa1cb91	success	0	147	805c8c7334c868e18e2be84be95b83cc60895722d739c2b164a68be4cd410c49	112371			cypher-graph-id-predicate	64	1	fixture-android-05	1	0	0	1	0	1	1	1	63	1	0
graph-id-function-wrapped-contains-target-05-targeted	graph-id	graph-id-function-wrapped-contains	targeted	graph-id-function-equals-and-wrapped-contains	graph-routing	properties	200	fixture-android-05	fixture-android-05	1	9ccc65db4edf2ad696714957f6291e11ba1a158b062c135b909367736aa1cb91	success	9	5751	48fbef6ae3373a73cfbd3690497aae4d0773c2f4ddadb5d217061398978bcac5	117580		fixture-android-05	cypher-graph-id-predicate	64	1	fixture-android-05	1	0	0	1	0	9	1	1	63	1	0
graph-id-function-wrapped-contains-target-05-dense	graph-id	graph-id-function-wrapped-contains	dense	graph-id-function-equals-and-wrapped-contains	graph-routing	properties	200	fixture-android-05	fixture-android-05	1	9ccc65db4edf2ad696714957f6291e11ba1a158b062c135b909367736aa1cb91	success	200	90860	57ae61ccbdbf1e83a9ab8de2923c4ac26bcc634ed53a2f1c1a3ee3682afe8cd8	234399		fixture-android-05	cypher-graph-id-predicate	64	1	fixture-android-05	1	0	0	1	0	200	1	1	63	1	0
graph-id-function-wrapped-contains-target-06-zero	graph-id	graph-id-function-wrapped-contains	zero	graph-id-function-equals-and-wrapped-contains	graph-routing	properties	200	fixture-android-06	fixture-android-06	1	aef2397f89755e0b59e944f9b6062fb5611eea3ea4b05762643e082168bd9526	success	0	147	805c8c7334c868e18e2be84be95b83cc60895722d739c2b164a68be4cd410c49	120345			cypher-graph-id-predicate	64	1	fixture-android-06	1	0	0	1	0	1	1	1	63	1	0
graph-id-function-wrapped-contains-target-06-targeted	graph-id	graph-id-function-wrapped-contains	targeted	graph-id-function-equals-and-wrapped-contains	graph-routing	properties	200	fixture-android-06	fixture-android-06	1	aef2397f89755e0b59e944f9b6062fb5611eea3ea4b05762643e082168bd9526	success	1	734	2c8962bfda6df26238f145f32f089e1ccdb69cc26ea9c2fde590f543638ba060	176531		fixture-android-06	cypher-graph-id-predicate	64	1	fixture-android-06	1	0	0	1	0	1	1	1	63	1	0
graph-id-function-wrapped-contains-target-06-dense	graph-id	graph-id-function-wrapped-contains	dense	graph-id-function-equals-and-wrapped-contains	graph-routing	properties	200	fixture-android-06	fixture-android-06	1	aef2397f89755e0b59e944f9b6062fb5611eea3ea4b05762643e082168bd9526	success	200	83941	f7f169fb4cd9a2408b058d9e03502907fe0d9372ba70f2f3749aeaffa464e292	217568		fixture-android-06	cypher-graph-id-predicate	64	1	fixture-android-06	1	0	0	1	0	200	1	1	63	1	0
graph-id-function-wrapped-contains-target-07-zero	graph-id	graph-id-function-wrapped-contains	zero	graph-id-function-equals-and-wrapped-contains	graph-routing	properties	200	fixture-android-07	fixture-android-07	1	2884fe5070e6e70bd2c44e54af37c56e2cfd19343a8721d5b36093d7d1db0f7d	success	0	147	805c8c7334c868e18e2be84be95b83cc60895722d739c2b164a68be4cd410c49	109224			cypher-graph-id-predicate	64	1	fixture-android-07	1	0	0	1	0	1	1	1	63	1	0
graph-id-function-wrapped-contains-target-07-targeted	graph-id	graph-id-function-wrapped-contains	targeted	graph-id-function-equals-and-wrapped-contains	graph-routing	properties	200	fixture-android-07	fixture-android-07	1	2884fe5070e6e70bd2c44e54af37c56e2cfd19343a8721d5b36093d7d1db0f7d	success	1	762	d5674d7adcd2d58f93c5f2849f690003bc45d523850181c23ceaa0aacd7e6709	117680		fixture-android-07	cypher-graph-id-predicate	64	1	fixture-android-07	1	0	0	1	0	1	1	1	63	1	0
graph-id-function-wrapped-contains-target-07-dense	graph-id	graph-id-function-wrapped-contains	dense	graph-id-function-equals-and-wrapped-contains	graph-routing	properties	200	fixture-android-07	fixture-android-07	1	2884fe5070e6e70bd2c44e54af37c56e2cfd19343a8721d5b36093d7d1db0f7d	success	200	84999	35604ee2a3d19ee64c97fa99f4be154714c60028f948c7a23f75b925d4520a5d	212087		fixture-android-07	cypher-graph-id-predicate	64	1	fixture-android-07	1	0	0	1	0	200	1	1	63	1	0
graph-id-function-wrapped-contains-target-08-zero	graph-id	graph-id-function-wrapped-contains	zero	graph-id-function-equals-and-wrapped-contains	graph-routing	properties	200	fixture-android-08	fixture-android-08	1	25fcd87fe0d089932a1b7f325e822252e3042b73178c7aa80e1c0d12bcef2e47	success	0	147	805c8c7334c868e18e2be84be95b83cc60895722d739c2b164a68be4cd410c49	111308			cypher-graph-id-predicate	64	1	fixture-android-08	1	0	0	1	0	1	1	1	63	1	0
graph-id-function-wrapped-contains-target-08-targeted	graph-id	graph-id-function-wrapped-contains	targeted	graph-id-function-equals-and-wrapped-contains	graph-routing	properties	200	fixture-android-08	fixture-android-08	1	25fcd87fe0d089932a1b7f325e822252e3042b73178c7aa80e1c0d12bcef2e47	success	2	1322	4b49b28d836e57c2c3f8d43a93acd00a93b169fcd603338f9ab350f541e9665c	120025		fixture-android-08	cypher-graph-id-predicate	64	1	fixture-android-08	1	0	0	1	0	2	1	1	63	1	0
graph-id-function-wrapped-contains-target-08-dense	graph-id	graph-id-function-wrapped-contains	dense	graph-id-function-equals-and-wrapped-contains	graph-routing	properties	200	fixture-android-08	fixture-android-08	1	25fcd87fe0d089932a1b7f325e822252e3042b73178c7aa80e1c0d12bcef2e47	success	200	85531	ed34441ff634f19c276911a1fa193106a9070fde1065b57fc7ec71132b8d5f66	223568		fixture-android-08	cypher-graph-id-predicate	64	1	fixture-android-08	1	0	0	1	0	200	1	1	63	1	0
graph-id-function-wrapped-contains-target-09-zero	graph-id	graph-id-function-wrapped-contains	zero	graph-id-function-equals-and-wrapped-contains	graph-routing	properties	200	fixture-android-09	fixture-android-09	1	976770abc561e74e52c74c7f3b827fe70800ef502defdde9a4fa534aa511bd33	success	0	147	805c8c7334c868e18e2be84be95b83cc60895722d739c2b164a68be4cd410c49	111890			cypher-graph-id-predicate	64	1	fixture-android-09	1	0	0	1	0	1	1	1	63	1	0
graph-id-function-wrapped-contains-target-09-targeted	graph-id	graph-id-function-wrapped-contains	targeted	graph-id-function-equals-and-wrapped-contains	graph-routing	properties	200	fixture-android-09	fixture-android-09	1	976770abc561e74e52c74c7f3b827fe70800ef502defdde9a4fa534aa511bd33	success	1	758	cd83129b7654f9c1ac40c94032a03833f5b559e4d6d903ce58c899d274674334	131807		fixture-android-09	cypher-graph-id-predicate	64	1	fixture-android-09	1	0	0	1	0	1	1	1	63	1	0
graph-id-function-wrapped-contains-target-09-dense	graph-id	graph-id-function-wrapped-contains	dense	graph-id-function-equals-and-wrapped-contains	graph-routing	properties	200	fixture-android-09	fixture-android-09	1	976770abc561e74e52c74c7f3b827fe70800ef502defdde9a4fa534aa511bd33	success	200	84710	8302a9dc08d5cf465b56333dad5757a62c24d743692acbdbf8e81919ebd097a0	222607		fixture-android-09	cypher-graph-id-predicate	64	1	fixture-android-09	1	0	0	1	0	200	1	1	63	1	0
graph-id-function-wrapped-contains-target-10-zero	graph-id	graph-id-function-wrapped-contains	zero	graph-id-function-equals-and-wrapped-contains	graph-routing	properties	200	fixture-android-10	fixture-android-10	1	b80280988a4b3197bdd2348d3550b46e5d99e01f6e4a1abcb8668612b4a7bcf1	success	0	147	805c8c7334c868e18e2be84be95b83cc60895722d739c2b164a68be4cd410c49	122609			cypher-graph-id-predicate	64	1	fixture-android-10	1	0	0	1	0	1	1	1	63	1	0
graph-id-function-wrapped-contains-target-10-targeted	graph-id	graph-id-function-wrapped-contains	targeted	graph-id-function-equals-and-wrapped-contains	graph-routing	properties	200	fixture-android-10	fixture-android-10	1	b80280988a4b3197bdd2348d3550b46e5d99e01f6e4a1abcb8668612b4a7bcf1	success	1	821	f3f4d5fb39ff9fde7dcf6d88e4f52bcc4c277ed98626ccca0b17c4ddbb20b035	112971		fixture-android-10	cypher-graph-id-predicate	64	1	fixture-android-10	1	0	0	1	0	1	1	1	63	1	0
graph-id-function-wrapped-contains-target-10-dense	graph-id	graph-id-function-wrapped-contains	dense	graph-id-function-equals-and-wrapped-contains	graph-routing	properties	200	fixture-android-10	fixture-android-10	1	b80280988a4b3197bdd2348d3550b46e5d99e01f6e4a1abcb8668612b4a7bcf1	success	200	86914	eec30bd784e53b80ccd384559e9d1f853b8152ad8db90ad1f27d391bf03fc0d8	216275		fixture-android-10	cypher-graph-id-predicate	64	1	fixture-android-10	1	0	0	1	0	200	1	1	63	1	0
graph-id-function-wrapped-contains-target-11-zero	graph-id	graph-id-function-wrapped-contains	zero	graph-id-function-equals-and-wrapped-contains	graph-routing	properties	200	fixture-android-11	fixture-android-11	1	ff7c9f064acf1b8f0c7104242efebdb73dfcc6db0739150c3d56bcc4ebbfb47f	success	0	147	805c8c7334c868e18e2be84be95b83cc60895722d739c2b164a68be4cd410c49	109225			cypher-graph-id-predicate	64	1	fixture-android-11	1	0	0	1	0	1	1	1	63	1	0
graph-id-function-wrapped-contains-target-11-targeted	graph-id	graph-id-function-wrapped-contains	targeted	graph-id-function-equals-and-wrapped-contains	graph-routing	properties	200	fixture-android-11	fixture-android-11	1	ff7c9f064acf1b8f0c7104242efebdb73dfcc6db0739150c3d56bcc4ebbfb47f	success	1	758	f8ea31527e372a7d8e0f896bc894b97d788067aa20d0af371a4239382f72a4d1	121848		fixture-android-11	cypher-graph-id-predicate	64	1	fixture-android-11	1	0	0	1	0	1	1	1	63	1	0
graph-id-function-wrapped-contains-target-11-dense	graph-id	graph-id-function-wrapped-contains	dense	graph-id-function-equals-and-wrapped-contains	graph-routing	properties	200	fixture-android-11	fixture-android-11	1	ff7c9f064acf1b8f0c7104242efebdb73dfcc6db0739150c3d56bcc4ebbfb47f	success	200	84862	36598e3ab73085dce50e849dda8b6a32b1088eab3f02f052e9536f16613b5d4b	201297		fixture-android-11	cypher-graph-id-predicate	64	1	fixture-android-11	1	0	0	1	0	200	1	1	63	1	0
graph-id-function-wrapped-contains-target-12-zero	graph-id	graph-id-function-wrapped-contains	zero	graph-id-function-equals-and-wrapped-contains	graph-routing	properties	200	fixture-android-12	fixture-android-12	1	fbfd92bdb617f8eef3c84ce77e1116d4f0d1116a40b9fc543770c1a430e829ec	success	0	147	805c8c7334c868e18e2be84be95b83cc60895722d739c2b164a68be4cd410c49	107230			cypher-graph-id-predicate	64	1	fixture-android-12	1	0	0	1	0	1	1	1	63	1	0
graph-id-function-wrapped-contains-target-12-targeted	graph-id	graph-id-function-wrapped-contains	targeted	graph-id-function-equals-and-wrapped-contains	graph-routing	properties	200	fixture-android-12	fixture-android-12	1	fbfd92bdb617f8eef3c84ce77e1116d4f0d1116a40b9fc543770c1a430e829ec	success	2	1348	569ba2c2d8626f5c6804b713aa9f9bd5155648246e0bb082ab37cf407a3ccee9	109065		fixture-android-12	cypher-graph-id-predicate	64	1	fixture-android-12	1	0	0	1	0	2	1	1	63	1	0
graph-id-function-wrapped-contains-target-12-dense	graph-id	graph-id-function-wrapped-contains	dense	graph-id-function-equals-and-wrapped-contains	graph-routing	properties	200	fixture-android-12	fixture-android-12	1	fbfd92bdb617f8eef3c84ce77e1116d4f0d1116a40b9fc543770c1a430e829ec	success	200	85894	f22afa8ccaad259750ce50e850502822308b2565f707f284de32cd44d5ef328a	256430		fixture-android-12	cypher-graph-id-predicate	64	1	fixture-android-12	1	0	0	1	0	200	1	1	63	1	0
graph-id-function-wrapped-contains-target-13-zero	graph-id	graph-id-function-wrapped-contains	zero	graph-id-function-equals-and-wrapped-contains	graph-routing	properties	200	fixture-android-13	fixture-android-13	1	99b23d6e37ddba640f96acd0d7b903185c9b38cc0e6df93374f9fe569bbc4c38	success	0	147	805c8c7334c868e18e2be84be95b83cc60895722d739c2b164a68be4cd410c49	107060			cypher-graph-id-predicate	64	1	fixture-android-13	1	0	0	1	0	1	1	1	63	1	0
graph-id-function-wrapped-contains-target-13-targeted	graph-id	graph-id-function-wrapped-contains	targeted	graph-id-function-equals-and-wrapped-contains	graph-routing	properties	200	fixture-android-13	fixture-android-13	1	99b23d6e37ddba640f96acd0d7b903185c9b38cc0e6df93374f9fe569bbc4c38	success	5	2824	ebb699b5b0554cc639408add00ca9d9aae37f3553c5e6ea606cb7e66e171933f	119224		fixture-android-13	cypher-graph-id-predicate	64	1	fixture-android-13	1	0	0	1	0	5	1	1	63	1	0
graph-id-function-wrapped-contains-target-13-dense	graph-id	graph-id-function-wrapped-contains	dense	graph-id-function-equals-and-wrapped-contains	graph-routing	properties	200	fixture-android-13	fixture-android-13	1	99b23d6e37ddba640f96acd0d7b903185c9b38cc0e6df93374f9fe569bbc4c38	success	200	86344	2e714969993f2a86ba5c715dc52b2c7d6dbaed9b2320da2399ecdf29ec9f1e4e	242284		fixture-android-13	cypher-graph-id-predicate	64	1	fixture-android-13	1	0	0	1	0	200	1	1	63	1	0
graph-id-function-wrapped-contains-target-14-zero	graph-id	graph-id-function-wrapped-contains	zero	graph-id-function-equals-and-wrapped-contains	graph-routing	properties	200	fixture-android-14	fixture-android-14	1	caf42d54ef3437f216c963929327ed5ef3f52ce080fa2be4c3305c2370617ab1	success	0	147	805c8c7334c868e18e2be84be95b83cc60895722d739c2b164a68be4cd410c49	128721			cypher-graph-id-predicate	64	1	fixture-android-14	1	0	0	1	0	1	1	1	63	1	0
graph-id-function-wrapped-contains-target-14-targeted	graph-id	graph-id-function-wrapped-contains	targeted	graph-id-function-equals-and-wrapped-contains	graph-routing	properties	200	fixture-android-14	fixture-android-14	1	caf42d54ef3437f216c963929327ed5ef3f52ce080fa2be4c3305c2370617ab1	success	3	1887	cfce92c06f8a0a93444f0ec3592aad57c255799cc7a1286e673f5c8cc3173d20	121918		fixture-android-14	cypher-graph-id-predicate	64	1	fixture-android-14	1	0	0	1	0	3	1	1	63	1	0
graph-id-function-wrapped-contains-target-14-dense	graph-id	graph-id-function-wrapped-contains	dense	graph-id-function-equals-and-wrapped-contains	graph-routing	properties	200	fixture-android-14	fixture-android-14	1	caf42d54ef3437f216c963929327ed5ef3f52ce080fa2be4c3305c2370617ab1	success	200	88102	f384f54b9e0494c603dd9e83eb2ca0ad0386a359a2e1d6a356e225c072977e41	212979		fixture-android-14	cypher-graph-id-predicate	64	1	fixture-android-14	1	0	0	1	0	200	1	1	63	1	0
graph-id-function-wrapped-contains-target-15-zero	graph-id	graph-id-function-wrapped-contains	zero	graph-id-function-equals-and-wrapped-contains	graph-routing	properties	200	fixture-android-15	fixture-android-15	1	396286291622042417a1e42f88e1a07f9e973d88a4b45b59c7408d3e8fe8e4cd	success	0	147	805c8c7334c868e18e2be84be95b83cc60895722d739c2b164a68be4cd410c49	123591			cypher-graph-id-predicate	64	1	fixture-android-15	1	0	0	1	0	1	1	1	63	1	0
graph-id-function-wrapped-contains-target-15-targeted	graph-id	graph-id-function-wrapped-contains	targeted	graph-id-function-equals-and-wrapped-contains	graph-routing	properties	200	fixture-android-15	fixture-android-15	1	396286291622042417a1e42f88e1a07f9e973d88a4b45b59c7408d3e8fe8e4cd	success	1	765	ae20f86c5a0d43140079bdbb52041ad145178823d6189b8171bbe58dc0d82dcc	118061		fixture-android-15	cypher-graph-id-predicate	64	1	fixture-android-15	1	0	0	1	0	1	1	1	63	1	0
graph-id-function-wrapped-contains-target-15-dense	graph-id	graph-id-function-wrapped-contains	dense	graph-id-function-equals-and-wrapped-contains	graph-routing	properties	200	fixture-android-15	fixture-android-15	1	396286291622042417a1e42f88e1a07f9e973d88a4b45b59c7408d3e8fe8e4cd	success	200	82358	6db1e45464dd1e42fc627a3ee68393b586d132e4817f87f1da72cb180e7925bb	195025		fixture-android-15	cypher-graph-id-predicate	64	1	fixture-android-15	1	0	0	1	0	200	1	1	63	1	0
graph-id-function-wrapped-contains-target-16-zero	graph-id	graph-id-function-wrapped-contains	zero	graph-id-function-equals-and-wrapped-contains	graph-routing	properties	200	fixture-tika-00	fixture-tika-00	1	3ffa856892be3e0263f2c72254cefdb4bafce48e10eea2a8426b6af88f144658	success	0	147	805c8c7334c868e18e2be84be95b83cc60895722d739c2b164a68be4cd410c49	101400			cypher-graph-id-predicate	64	1	fixture-tika-00	1	0	0	1	0	1	1	1	63	1	0
graph-id-function-wrapped-contains-target-16-targeted	graph-id	graph-id-function-wrapped-contains	targeted	graph-id-function-equals-and-wrapped-contains	graph-routing	properties	200	fixture-tika-00	fixture-tika-00	1	3ffa856892be3e0263f2c72254cefdb4bafce48e10eea2a8426b6af88f144658	success	1	771	41ad9b5110585bc89df35b9d0a0c6bd66daaf6c239b4212552d078b2f2a28c34	105237		fixture-tika-00	cypher-graph-id-predicate	64	1	fixture-tika-00	1	0	0	1	0	1	1	1	63	1	0
graph-id-function-wrapped-contains-target-16-dense	graph-id	graph-id-function-wrapped-contains	dense	graph-id-function-equals-and-wrapped-contains	graph-routing	properties	200	fixture-tika-00	fixture-tika-00	1	3ffa856892be3e0263f2c72254cefdb4bafce48e10eea2a8426b6af88f144658	success	200	94237	51b180cd96740a311cc61165baa84cc05517b2f28ac6c70debc25f8e14514414	245479		fixture-tika-00	cypher-graph-id-predicate	64	1	fixture-tika-00	1	0	0	1	0	200	1	1	63	1	0
graph-id-function-wrapped-contains-target-17-zero	graph-id	graph-id-function-wrapped-contains	zero	graph-id-function-equals-and-wrapped-contains	graph-routing	properties	200	fixture-tika-01	fixture-tika-01	1	5bd11253ba6bcbac28c2d0805dbd50585f63593fbbabbc299bce9c8b5e4238f0	success	0	147	805c8c7334c868e18e2be84be95b83cc60895722d739c2b164a68be4cd410c49	157666			cypher-graph-id-predicate	64	1	fixture-tika-01	1	0	0	1	0	1	1	1	63	1	0
graph-id-function-wrapped-contains-target-17-targeted	graph-id	graph-id-function-wrapped-contains	targeted	graph-id-function-equals-and-wrapped-contains	graph-routing	properties	200	fixture-tika-01	fixture-tika-01	1	5bd11253ba6bcbac28c2d0805dbd50585f63593fbbabbc299bce9c8b5e4238f0	success	5	2976	7d286938fe2f40cd4cb86cd26be11c3221bfff86202fa9b705bdc1c77967743f	142848		fixture-tika-01	cypher-graph-id-predicate	64	1	fixture-tika-01	1	0	0	1	0	5	1	1	63	1	0
graph-id-function-wrapped-contains-target-17-dense	graph-id	graph-id-function-wrapped-contains	dense	graph-id-function-equals-and-wrapped-contains	graph-routing	properties	200	fixture-tika-01	fixture-tika-01	1	5bd11253ba6bcbac28c2d0805dbd50585f63593fbbabbc299bce9c8b5e4238f0	success	200	92381	87c915d88746be4a40b85e67e7de71966365a455358cc138185e5c1f5bcf1251	259717		fixture-tika-01	cypher-graph-id-predicate	64	1	fixture-tika-01	1	0	0	1	0	200	1	1	63	1	0
graph-id-function-wrapped-contains-target-18-zero	graph-id	graph-id-function-wrapped-contains	zero	graph-id-function-equals-and-wrapped-contains	graph-routing	properties	200	fixture-tika-02	fixture-tika-02	1	4f53553340fcd09378fe28c9d287d1bd3c78d0e5004534ad87493f082178a0db	success	0	147	805c8c7334c868e18e2be84be95b83cc60895722d739c2b164a68be4cd410c49	118051			cypher-graph-id-predicate	64	1	fixture-tika-02	1	0	0	1	0	1	1	1	63	1	0
graph-id-function-wrapped-contains-target-18-targeted	graph-id	graph-id-function-wrapped-contains	targeted	graph-id-function-equals-and-wrapped-contains	graph-routing	properties	200	fixture-tika-02	fixture-tika-02	1	4f53553340fcd09378fe28c9d287d1bd3c78d0e5004534ad87493f082178a0db	success	12	6781	abf0682228739bdef1eb0d4b5b1449d7697f9412e644bd07a974f6e04213652e	133120		fixture-tika-02	cypher-graph-id-predicate	64	1	fixture-tika-02	1	0	0	1	0	12	1	1	63	1	0
graph-id-function-wrapped-contains-target-18-dense	graph-id	graph-id-function-wrapped-contains	dense	graph-id-function-equals-and-wrapped-contains	graph-routing	properties	200	fixture-tika-02	fixture-tika-02	1	4f53553340fcd09378fe28c9d287d1bd3c78d0e5004534ad87493f082178a0db	success	200	95198	7d65fbc43e0cf8a1d4323c709e6963c32bdea3f389f5b683f619eee1fd79dc90	217076		fixture-tika-02	cypher-graph-id-predicate	64	1	fixture-tika-02	1	0	0	1	0	200	1	1	63	1	0
graph-id-function-wrapped-contains-target-19-zero	graph-id	graph-id-function-wrapped-contains	zero	graph-id-function-equals-and-wrapped-contains	graph-routing	properties	200	fixture-tika-03	fixture-tika-03	1	e68986e5919884640710cc61d8f44310a6d888f55992390edbcc7ae70b8b8fa8	success	0	147	805c8c7334c868e18e2be84be95b83cc60895722d739c2b164a68be4cd410c49	107211			cypher-graph-id-predicate	64	1	fixture-tika-03	1	0	0	1	0	1	1	1	63	1	0
graph-id-function-wrapped-contains-target-19-targeted	graph-id	graph-id-function-wrapped-contains	targeted	graph-id-function-equals-and-wrapped-contains	graph-routing	properties	200	fixture-tika-03	fixture-tika-03	1	e68986e5919884640710cc61d8f44310a6d888f55992390edbcc7ae70b8b8fa8	success	11	6327	72232d5a8299b69c619beb4cebd0967a4ca8f1378844d7914f795f7c5126cc48	118732		fixture-tika-03	cypher-graph-id-predicate	64	1	fixture-tika-03	1	0	0	1	0	11	1	1	63	1	0
graph-id-function-wrapped-contains-target-19-dense	graph-id	graph-id-function-wrapped-contains	dense	graph-id-function-equals-and-wrapped-contains	graph-routing	properties	200	fixture-tika-03	fixture-tika-03	1	e68986e5919884640710cc61d8f44310a6d888f55992390edbcc7ae70b8b8fa8	success	200	96673	6ab8193cda24a8f589b0e7412ffcc3549afc3180a092c899437bb3ef2f8324ef	235832		fixture-tika-03	cypher-graph-id-predicate	64	1	fixture-tika-03	1	0	0	1	0	200	1	1	63	1	0
graph-id-function-wrapped-contains-target-20-zero	graph-id	graph-id-function-wrapped-contains	zero	graph-id-function-equals-and-wrapped-contains	graph-routing	properties	200	fixture-tika-04	fixture-tika-04	1	2d9d29e96c28d6df21e1933cc2da3a076217ec4c30461070c5e997e04aa952cb	success	0	147	805c8c7334c868e18e2be84be95b83cc60895722d739c2b164a68be4cd410c49	118431			cypher-graph-id-predicate	64	1	fixture-tika-04	1	0	0	1	0	1	1	1	63	1	0
graph-id-function-wrapped-contains-target-20-targeted	graph-id	graph-id-function-wrapped-contains	targeted	graph-id-function-equals-and-wrapped-contains	graph-routing	properties	200	fixture-tika-04	fixture-tika-04	1	2d9d29e96c28d6df21e1933cc2da3a076217ec4c30461070c5e997e04aa952cb	success	1	763	7811e1c0f64fb9174b112349d7a5f89fec8a71f59a6b66db3b1e97241f5dc93c	117530		fixture-tika-04	cypher-graph-id-predicate	64	1	fixture-tika-04	1	0	0	1	0	1	1	1	63	1	0
graph-id-function-wrapped-contains-target-20-dense	graph-id	graph-id-function-wrapped-contains	dense	graph-id-function-equals-and-wrapped-contains	graph-routing	properties	200	fixture-tika-04	fixture-tika-04	1	2d9d29e96c28d6df21e1933cc2da3a076217ec4c30461070c5e997e04aa952cb	success	200	91604	a93cd6116bda146e01916f4ab7d54aa664da5b5c2287de109c82d6c48fcd38f8	227045		fixture-tika-04	cypher-graph-id-predicate	64	1	fixture-tika-04	1	0	0	1	0	200	1	1	63	1	0
graph-id-function-wrapped-contains-target-21-zero	graph-id	graph-id-function-wrapped-contains	zero	graph-id-function-equals-and-wrapped-contains	graph-routing	properties	200	fixture-tika-05	fixture-tika-05	1	a70ca503c8d7edc9fd5b26430e9c4bd9517cfcf9084469733cfeff8a4fef63f8	success	0	147	805c8c7334c868e18e2be84be95b83cc60895722d739c2b164a68be4cd410c49	114555			cypher-graph-id-predicate	64	1	fixture-tika-05	1	0	0	1	0	1	1	1	63	1	0
graph-id-function-wrapped-contains-target-21-targeted	graph-id	graph-id-function-wrapped-contains	targeted	graph-id-function-equals-and-wrapped-contains	graph-routing	properties	200	fixture-tika-05	fixture-tika-05	1	a70ca503c8d7edc9fd5b26430e9c4bd9517cfcf9084469733cfeff8a4fef63f8	success	1	765	1cf450577b12b3b6a7c19f53479709a92a169add0c4f9defecbc55254bf8d5b3	111419		fixture-tika-05	cypher-graph-id-predicate	64	1	fixture-tika-05	1	0	0	1	0	1	1	1	63	1	0
graph-id-function-wrapped-contains-target-21-dense	graph-id	graph-id-function-wrapped-contains	dense	graph-id-function-equals-and-wrapped-contains	graph-routing	properties	200	fixture-tika-05	fixture-tika-05	1	a70ca503c8d7edc9fd5b26430e9c4bd9517cfcf9084469733cfeff8a4fef63f8	success	200	96334	eb6b03599a26f520b43896ee6af6cb6d2a3ec0783b66a0bcb29642b029a4b6eb	234268		fixture-tika-05	cypher-graph-id-predicate	64	1	fixture-tika-05	1	0	0	1	0	200	1	1	63	1	0
graph-id-function-wrapped-contains-target-22-zero	graph-id	graph-id-function-wrapped-contains	zero	graph-id-function-equals-and-wrapped-contains	graph-routing	properties	200	fixture-tika-06	fixture-tika-06	1	629a75c155a37bcac72d6d131b20156694ded2e8aa1abe1c7f03ac03374020b7	success	0	147	805c8c7334c868e18e2be84be95b83cc60895722d739c2b164a68be4cd410c49	117199			cypher-graph-id-predicate	64	1	fixture-tika-06	1	0	0	1	0	1	1	1	63	1	0
graph-id-function-wrapped-contains-target-22-targeted	graph-id	graph-id-function-wrapped-contains	targeted	graph-id-function-equals-and-wrapped-contains	graph-routing	properties	200	fixture-tika-06	fixture-tika-06	1	629a75c155a37bcac72d6d131b20156694ded2e8aa1abe1c7f03ac03374020b7	success	11	6331	43d88524d9da26840d520d8260a6801a2d864c2023e9806c3df4a5e673a5fd66	117109		fixture-tika-06	cypher-graph-id-predicate	64	1	fixture-tika-06	1	0	0	1	0	11	1	1	63	1	0
graph-id-function-wrapped-contains-target-22-dense	graph-id	graph-id-function-wrapped-contains	dense	graph-id-function-equals-and-wrapped-contains	graph-routing	properties	200	fixture-tika-06	fixture-tika-06	1	629a75c155a37bcac72d6d131b20156694ded2e8aa1abe1c7f03ac03374020b7	success	200	98397	b1cc908cf8cd6a2354b320afca9ad225990c59be93a53ddc3912afb3b0d46d7b	224460		fixture-tika-06	cypher-graph-id-predicate	64	1	fixture-tika-06	1	0	0	1	0	200	1	1	63	1	0
graph-id-function-wrapped-contains-target-23-zero	graph-id	graph-id-function-wrapped-contains	zero	graph-id-function-equals-and-wrapped-contains	graph-routing	properties	200	fixture-tika-07	fixture-tika-07	1	1f60bc193af0a0c32ae2bc0a840b7da98c896a5343d2d4a4871500ea55b0d8a0	success	0	147	805c8c7334c868e18e2be84be95b83cc60895722d739c2b164a68be4cd410c49	116428			cypher-graph-id-predicate	64	1	fixture-tika-07	1	0	0	1	0	1	1	1	63	1	0
graph-id-function-wrapped-contains-target-23-targeted	graph-id	graph-id-function-wrapped-contains	targeted	graph-id-function-equals-and-wrapped-contains	graph-routing	properties	200	fixture-tika-07	fixture-tika-07	1	1f60bc193af0a0c32ae2bc0a840b7da98c896a5343d2d4a4871500ea55b0d8a0	success	11	6135	718b52d4d32659cb9b39b84bdb87d6226a9be4436e73fa316936d1333dfa50c0	201728		fixture-tika-07	cypher-graph-id-predicate	64	1	fixture-tika-07	1	0	0	1	0	11	1	1	63	1	0
graph-id-function-wrapped-contains-target-23-dense	graph-id	graph-id-function-wrapped-contains	dense	graph-id-function-equals-and-wrapped-contains	graph-routing	properties	200	fixture-tika-07	fixture-tika-07	1	1f60bc193af0a0c32ae2bc0a840b7da98c896a5343d2d4a4871500ea55b0d8a0	success	200	95056	d5aa9163a912371065002f30549de9cefea57af859f009a275e381b0a849633e	268071		fixture-tika-07	cypher-graph-id-predicate	64	1	fixture-tika-07	1	0	0	1	0	200	1	1	63	1	0
graph-id-function-wrapped-contains-target-24-zero	graph-id	graph-id-function-wrapped-contains	zero	graph-id-function-equals-and-wrapped-contains	graph-routing	properties	200	fixture-tika-08	fixture-tika-08	1	e9768e2189edf3079c0f4ce1fe9374fe3873b9ef6253d25bd7952c9e3f9e2f89	success	0	147	805c8c7334c868e18e2be84be95b83cc60895722d739c2b164a68be4cd410c49	125335			cypher-graph-id-predicate	64	1	fixture-tika-08	1	0	0	1	0	1	1	1	63	1	0
graph-id-function-wrapped-contains-target-24-targeted	graph-id	graph-id-function-wrapped-contains	targeted	graph-id-function-equals-and-wrapped-contains	graph-routing	properties	200	fixture-tika-08	fixture-tika-08	1	e9768e2189edf3079c0f4ce1fe9374fe3873b9ef6253d25bd7952c9e3f9e2f89	success	1	754	033650595463ffba6f1f515fc8a38ba023fdd37a0e2442442be40f2d8baee0b4	109505		fixture-tika-08	cypher-graph-id-predicate	64	1	fixture-tika-08	1	0	0	1	0	1	1	1	63	1	0
graph-id-function-wrapped-contains-target-24-dense	graph-id	graph-id-function-wrapped-contains	dense	graph-id-function-equals-and-wrapped-contains	graph-routing	properties	200	fixture-tika-08	fixture-tika-08	1	e9768e2189edf3079c0f4ce1fe9374fe3873b9ef6253d25bd7952c9e3f9e2f89	success	200	96144	13cc3d04be15c5d98101b6676211e0260c08571becd6cbc7be1dcfad1b7efce8	243024		fixture-tika-08	cypher-graph-id-predicate	64	1	fixture-tika-08	1	0	0	1	0	200	1	1	63	1	0
graph-id-function-wrapped-contains-target-25-zero	graph-id	graph-id-function-wrapped-contains	zero	graph-id-function-equals-and-wrapped-contains	graph-routing	properties	200	fixture-tika-09	fixture-tika-09	1	f96e2b0b7f375cf347f289b0d59b047835095d1452b52dcff16ad07fa5ff5aaa	success	0	147	805c8c7334c868e18e2be84be95b83cc60895722d739c2b164a68be4cd410c49	118692			cypher-graph-id-predicate	64	1	fixture-tika-09	1	0	0	1	0	1	1	1	63	1	0
graph-id-function-wrapped-contains-target-25-targeted	graph-id	graph-id-function-wrapped-contains	targeted	graph-id-function-equals-and-wrapped-contains	graph-routing	properties	200	fixture-tika-09	fixture-tika-09	1	f96e2b0b7f375cf347f289b0d59b047835095d1452b52dcff16ad07fa5ff5aaa	success	17	9434	57a7fb26e2c1557848eddaabb17076d92c9b2ef2e0ff6b92be3de4374fe1fa9b	126547		fixture-tika-09	cypher-graph-id-predicate	64	1	fixture-tika-09	1	0	0	1	0	17	1	1	63	1	0
graph-id-function-wrapped-contains-target-25-dense	graph-id	graph-id-function-wrapped-contains	dense	graph-id-function-equals-and-wrapped-contains	graph-routing	properties	200	fixture-tika-09	fixture-tika-09	1	f96e2b0b7f375cf347f289b0d59b047835095d1452b52dcff16ad07fa5ff5aaa	success	200	90260	d606d19bfcb83b224b953bd70176bc52dc06d427ef6ab3d0cc311bc6ed6fc260	240811		fixture-tika-09	cypher-graph-id-predicate	64	1	fixture-tika-09	1	0	0	1	0	200	1	1	63	1	0
graph-id-function-wrapped-contains-target-26-zero	graph-id	graph-id-function-wrapped-contains	zero	graph-id-function-equals-and-wrapped-contains	graph-routing	properties	200	fixture-tika-10	fixture-tika-10	1	724e820888f0db8884af940cbe8a364f2dce6bfc9b2c72fb09abe933fa439c0c	success	0	147	805c8c7334c868e18e2be84be95b83cc60895722d739c2b164a68be4cd410c49	941152			cypher-graph-id-predicate	64	1	fixture-tika-10	1	0	0	1	0	1	1	1	63	1	0
graph-id-function-wrapped-contains-target-26-targeted	graph-id	graph-id-function-wrapped-contains	targeted	graph-id-function-equals-and-wrapped-contains	graph-routing	properties	200	fixture-tika-10	fixture-tika-10	1	724e820888f0db8884af940cbe8a364f2dce6bfc9b2c72fb09abe933fa439c0c	success	1	791	550bd45f802381cb65ea30928a856fc0c2bc207cbfc2a147aad4312130548c9a	115115		fixture-tika-10	cypher-graph-id-predicate	64	1	fixture-tika-10	1	0	0	1	0	1	1	1	63	1	0
graph-id-function-wrapped-contains-target-26-dense	graph-id	graph-id-function-wrapped-contains	dense	graph-id-function-equals-and-wrapped-contains	graph-routing	properties	200	fixture-tika-10	fixture-tika-10	1	724e820888f0db8884af940cbe8a364f2dce6bfc9b2c72fb09abe933fa439c0c	success	200	96089	d0bdae62973cb737c05eda37d83d6fd7dea4520a7f87acdd4ed9a2fba1f97888	731853		fixture-tika-10	cypher-graph-id-predicate	64	1	fixture-tika-10	1	0	0	1	0	200	1	1	63	1	0
graph-id-function-wrapped-contains-target-27-zero	graph-id	graph-id-function-wrapped-contains	zero	graph-id-function-equals-and-wrapped-contains	graph-routing	properties	200	fixture-tika-11	fixture-tika-11	1	947144f7fe63615dab1057f152a266b87c870ae6b1d136ebead3ef2860ecaaf9	success	0	147	805c8c7334c868e18e2be84be95b83cc60895722d739c2b164a68be4cd410c49	121798			cypher-graph-id-predicate	64	1	fixture-tika-11	1	0	0	1	0	1	1	1	63	1	0
graph-id-function-wrapped-contains-target-27-targeted	graph-id	graph-id-function-wrapped-contains	targeted	graph-id-function-equals-and-wrapped-contains	graph-routing	properties	200	fixture-tika-11	fixture-tika-11	1	947144f7fe63615dab1057f152a266b87c870ae6b1d136ebead3ef2860ecaaf9	success	14	8030	e1858d468e2cee9daff29f91791894b539cc1c9bfb8d57bb0eaa364a24ec0f04	149367		fixture-tika-11	cypher-graph-id-predicate	64	1	fixture-tika-11	1	0	0	1	0	14	1	1	63	1	0
graph-id-function-wrapped-contains-target-27-dense	graph-id	graph-id-function-wrapped-contains	dense	graph-id-function-equals-and-wrapped-contains	graph-routing	properties	200	fixture-tika-11	fixture-tika-11	1	947144f7fe63615dab1057f152a266b87c870ae6b1d136ebead3ef2860ecaaf9	success	200	95559	bcb492a91a247979acd291eaea381c0db6d952c0baff29193145ae7356b00907	204573		fixture-tika-11	cypher-graph-id-predicate	64	1	fixture-tika-11	1	0	0	1	0	200	1	1	63	1	0
graph-id-function-wrapped-contains-target-28-zero	graph-id	graph-id-function-wrapped-contains	zero	graph-id-function-equals-and-wrapped-contains	graph-routing	properties	200	fixture-tika-12	fixture-tika-12	1	333b320af3f398d083e1d44b1a79e54fa546da12ce118f18db6f7cc3387398c8	success	0	147	805c8c7334c868e18e2be84be95b83cc60895722d739c2b164a68be4cd410c49	108493			cypher-graph-id-predicate	64	1	fixture-tika-12	1	0	0	1	0	1	1	1	63	1	0
graph-id-function-wrapped-contains-target-28-targeted	graph-id	graph-id-function-wrapped-contains	targeted	graph-id-function-equals-and-wrapped-contains	graph-routing	properties	200	fixture-tika-12	fixture-tika-12	1	333b320af3f398d083e1d44b1a79e54fa546da12ce118f18db6f7cc3387398c8	success	12	6370	8871e0dc77f7df7110f742adaac439b8d2f4e912a3a21e1793fda026e0955f9b	114665		fixture-tika-12	cypher-graph-id-predicate	64	1	fixture-tika-12	1	0	0	1	0	12	1	1	63	1	0
graph-id-function-wrapped-contains-target-28-dense	graph-id	graph-id-function-wrapped-contains	dense	graph-id-function-equals-and-wrapped-contains	graph-routing	properties	200	fixture-tika-12	fixture-tika-12	1	333b320af3f398d083e1d44b1a79e54fa546da12ce118f18db6f7cc3387398c8	success	200	101142	3ec255435f1804ca883e61ce69218b0c9b6812e5f4d6241be813f3a04980ff78	225192		fixture-tika-12	cypher-graph-id-predicate	64	1	fixture-tika-12	1	0	0	1	0	200	1	1	63	1	0
graph-id-function-wrapped-contains-target-29-zero	graph-id	graph-id-function-wrapped-contains	zero	graph-id-function-equals-and-wrapped-contains	graph-routing	properties	200	fixture-tika-13	fixture-tika-13	1	697a328efd3d35078aa3cf7115b978f697299f7e0612d464eae79dc1cbc3f3c7	success	0	147	805c8c7334c868e18e2be84be95b83cc60895722d739c2b164a68be4cd410c49	112600			cypher-graph-id-predicate	64	1	fixture-tika-13	1	0	0	1	0	1	1	1	63	1	0
graph-id-function-wrapped-contains-target-29-targeted	graph-id	graph-id-function-wrapped-contains	targeted	graph-id-function-equals-and-wrapped-contains	graph-routing	properties	200	fixture-tika-13	fixture-tika-13	1	697a328efd3d35078aa3cf7115b978f697299f7e0612d464eae79dc1cbc3f3c7	success	1	759	7c9cbf2db3468e4d9ec5f9ce37c29746bb3071949804d250165a0310edd3182c	111739		fixture-tika-13	cypher-graph-id-predicate	64	1	fixture-tika-13	1	0	0	1	0	1	1	1	63	1	0
graph-id-function-wrapped-contains-target-29-dense	graph-id	graph-id-function-wrapped-contains	dense	graph-id-function-equals-and-wrapped-contains	graph-routing	properties	200	fixture-tika-13	fixture-tika-13	1	697a328efd3d35078aa3cf7115b978f697299f7e0612d464eae79dc1cbc3f3c7	success	200	96005	cb6245f16fc1df4cadc32295db3c94d74d99d6ac24ca00ba686085574c3842f9	224039		fixture-tika-13	cypher-graph-id-predicate	64	1	fixture-tika-13	1	0	0	1	0	200	1	1	63	1	0
graph-id-function-wrapped-contains-target-30-zero	graph-id	graph-id-function-wrapped-contains	zero	graph-id-function-equals-and-wrapped-contains	graph-routing	properties	200	fixture-tika-14	fixture-tika-14	1	530ac22d92e73256c57c4e234fccac50105308bcc26304451ee74f20a619f7a5	success	0	147	805c8c7334c868e18e2be84be95b83cc60895722d739c2b164a68be4cd410c49	133349			cypher-graph-id-predicate	64	1	fixture-tika-14	1	0	0	1	0	1	1	1	63	1	0
graph-id-function-wrapped-contains-target-30-targeted	graph-id	graph-id-function-wrapped-contains	targeted	graph-id-function-equals-and-wrapped-contains	graph-routing	properties	200	fixture-tika-14	fixture-tika-14	1	530ac22d92e73256c57c4e234fccac50105308bcc26304451ee74f20a619f7a5	success	10	5866	c85815e1257e7d89a547803b839a8fa3d5c32a25ad93fc4df95c67dd0df38386	109344		fixture-tika-14	cypher-graph-id-predicate	64	1	fixture-tika-14	1	0	0	1	0	10	1	1	63	1	0
graph-id-function-wrapped-contains-target-30-dense	graph-id	graph-id-function-wrapped-contains	dense	graph-id-function-equals-and-wrapped-contains	graph-routing	properties	200	fixture-tika-14	fixture-tika-14	1	530ac22d92e73256c57c4e234fccac50105308bcc26304451ee74f20a619f7a5	success	200	95471	766b9ef7e8ecf0adce38af75461cc8c431950c6a78cf29871668bb82bbc59681	208440		fixture-tika-14	cypher-graph-id-predicate	64	1	fixture-tika-14	1	0	0	1	0	200	1	1	63	1	0
graph-id-function-wrapped-contains-target-31-zero	graph-id	graph-id-function-wrapped-contains	zero	graph-id-function-equals-and-wrapped-contains	graph-routing	properties	200	fixture-tika-15	fixture-tika-15	1	80331285783d790177bcaeeebf677e98900445b2273d41781c6e07aa5683a500	success	0	147	805c8c7334c868e18e2be84be95b83cc60895722d739c2b164a68be4cd410c49	105166			cypher-graph-id-predicate	64	1	fixture-tika-15	1	0	0	1	0	1	1	1	63	1	0
graph-id-function-wrapped-contains-target-31-targeted	graph-id	graph-id-function-wrapped-contains	targeted	graph-id-function-equals-and-wrapped-contains	graph-routing	properties	200	fixture-tika-15	fixture-tika-15	1	80331285783d790177bcaeeebf677e98900445b2273d41781c6e07aa5683a500	success	1	779	5b2641a56fc0d1ce3cad560f98de3ab642d893c5f6c2be5bb57444732d364805	1038314		fixture-tika-15	cypher-graph-id-predicate	64	1	fixture-tika-15	1	0	0	1	0	1	1	1	63	1	0
graph-id-function-wrapped-contains-target-31-dense	graph-id	graph-id-function-wrapped-contains	dense	graph-id-function-equals-and-wrapped-contains	graph-routing	properties	200	fixture-tika-15	fixture-tika-15	1	80331285783d790177bcaeeebf677e98900445b2273d41781c6e07aa5683a500	success	200	90493	6cea2d1b1fba9817e31904018fa5ce3734b41bb641feab5c7c6849206b05e3c1	220383		fixture-tika-15	cypher-graph-id-predicate	64	1	fixture-tika-15	1	0	0	1	0	200	1	1	63	1	0
graph-id-function-wrapped-contains-target-32-zero	graph-id	graph-id-function-wrapped-contains	zero	graph-id-function-equals-and-wrapped-contains	graph-routing	properties	200	fixture-hive-00	fixture-hive-00	1	ea11677be4d3166ee79e7aa4f8c5ff603c5cb6bb9f65649cfc46854eedb1b466	success	0	147	805c8c7334c868e18e2be84be95b83cc60895722d739c2b164a68be4cd410c49	104004			cypher-graph-id-predicate	64	1	fixture-hive-00	1	0	0	1	0	1	1	1	63	1	0
graph-id-function-wrapped-contains-target-32-targeted	graph-id	graph-id-function-wrapped-contains	targeted	graph-id-function-equals-and-wrapped-contains	graph-routing	properties	200	fixture-hive-00	fixture-hive-00	1	ea11677be4d3166ee79e7aa4f8c5ff603c5cb6bb9f65649cfc46854eedb1b466	success	4	2862	72e96499d86d64ae9da267f3b15791817d4250f06a8dfea9d09edd8c3c23a440	116037		fixture-hive-00	cypher-graph-id-predicate	64	1	fixture-hive-00	1	0	0	1	0	4	1	1	63	1	0
graph-id-function-wrapped-contains-target-32-dense	graph-id	graph-id-function-wrapped-contains	dense	graph-id-function-equals-and-wrapped-contains	graph-routing	properties	200	fixture-hive-00	fixture-hive-00	1	ea11677be4d3166ee79e7aa4f8c5ff603c5cb6bb9f65649cfc46854eedb1b466	success	200	92864	0ad6a5ae10cb27d8dd28af205e0df8ebd79b3e1ca0079c8c876100ee108fc38d	219059		fixture-hive-00	cypher-graph-id-predicate	64	1	fixture-hive-00	1	0	0	1	0	200	1	1	63	1	0
graph-id-function-wrapped-contains-target-33-zero	graph-id	graph-id-function-wrapped-contains	zero	graph-id-function-equals-and-wrapped-contains	graph-routing	properties	200	fixture-hive-01	fixture-hive-01	1	3a9bab8befb64a5c5518ec83add10138c13ae31dfad00b5a26547f3cfc2bf0bb	success	0	147	805c8c7334c868e18e2be84be95b83cc60895722d739c2b164a68be4cd410c49	104265			cypher-graph-id-predicate	64	1	fixture-hive-01	1	0	0	1	0	1	1	1	63	1	0
graph-id-function-wrapped-contains-target-33-targeted	graph-id	graph-id-function-wrapped-contains	targeted	graph-id-function-equals-and-wrapped-contains	graph-routing	properties	200	fixture-hive-01	fixture-hive-01	1	3a9bab8befb64a5c5518ec83add10138c13ae31dfad00b5a26547f3cfc2bf0bb	success	4	2862	5436abb5d5a82ddf1b71cf6459ce0de5fe56d25b825b58b20bbe8cace9e3cde7	108313		fixture-hive-01	cypher-graph-id-predicate	64	1	fixture-hive-01	1	0	0	1	0	4	1	1	63	1	0
graph-id-function-wrapped-contains-target-33-dense	graph-id	graph-id-function-wrapped-contains	dense	graph-id-function-equals-and-wrapped-contains	graph-routing	properties	200	fixture-hive-01	fixture-hive-01	1	3a9bab8befb64a5c5518ec83add10138c13ae31dfad00b5a26547f3cfc2bf0bb	success	200	92578	e10f119cab32a77f2d8107211e2addcc69d3ab151ee08f60199ff7a8db9b6a1c	240149		fixture-hive-01	cypher-graph-id-predicate	64	1	fixture-hive-01	1	0	0	1	0	200	1	1	63	1	0
graph-id-function-wrapped-contains-target-34-zero	graph-id	graph-id-function-wrapped-contains	zero	graph-id-function-equals-and-wrapped-contains	graph-routing	properties	200	fixture-hive-02	fixture-hive-02	1	058d31d4f0a17f6c8e80480702d6c2099e48867673bc0a8d99037f2244a27bbf	success	0	147	805c8c7334c868e18e2be84be95b83cc60895722d739c2b164a68be4cd410c49	102201			cypher-graph-id-predicate	64	1	fixture-hive-02	1	0	0	1	0	1	1	1	63	1	0
graph-id-function-wrapped-contains-target-34-targeted	graph-id	graph-id-function-wrapped-contains	targeted	graph-id-function-equals-and-wrapped-contains	graph-routing	properties	200	fixture-hive-02	fixture-hive-02	1	058d31d4f0a17f6c8e80480702d6c2099e48867673bc0a8d99037f2244a27bbf	success	4	2883	e83a01bd4b4e8f51ba0c51a53e73f87ec8dd6170bd60b37ef57b4eb9aba8bcc7	108794		fixture-hive-02	cypher-graph-id-predicate	64	1	fixture-hive-02	1	0	0	1	0	4	1	1	63	1	0
graph-id-function-wrapped-contains-target-34-dense	graph-id	graph-id-function-wrapped-contains	dense	graph-id-function-equals-and-wrapped-contains	graph-routing	properties	200	fixture-hive-02	fixture-hive-02	1	058d31d4f0a17f6c8e80480702d6c2099e48867673bc0a8d99037f2244a27bbf	success	200	94183	b06f89a813919b2f4278637c18773fe7508c48351caa08a76cefe1f54c9b7715	215453		fixture-hive-02	cypher-graph-id-predicate	64	1	fixture-hive-02	1	0	0	1	0	200	1	1	63	1	0
graph-id-function-wrapped-contains-target-35-zero	graph-id	graph-id-function-wrapped-contains	zero	graph-id-function-equals-and-wrapped-contains	graph-routing	properties	200	fixture-hive-03	fixture-hive-03	1	bc37ba5880a9fc3e89dea2bf6571ad8db10f8c499dfca7c678b831d8edb064fe	success	0	147	805c8c7334c868e18e2be84be95b83cc60895722d739c2b164a68be4cd410c49	107792			cypher-graph-id-predicate	64	1	fixture-hive-03	1	0	0	1	0	1	1	1	63	1	0
graph-id-function-wrapped-contains-target-35-targeted	graph-id	graph-id-function-wrapped-contains	targeted	graph-id-function-equals-and-wrapped-contains	graph-routing	properties	200	fixture-hive-03	fixture-hive-03	1	bc37ba5880a9fc3e89dea2bf6571ad8db10f8c499dfca7c678b831d8edb064fe	success	1	771	134378d176ef9559b3b9b40557762648c5aa55be889ba8cb2e7f752130b85ab7	116178		fixture-hive-03	cypher-graph-id-predicate	64	1	fixture-hive-03	1	0	0	1	0	1	1	1	63	1	0
graph-id-function-wrapped-contains-target-35-dense	graph-id	graph-id-function-wrapped-contains	dense	graph-id-function-equals-and-wrapped-contains	graph-routing	properties	200	fixture-hive-03	fixture-hive-03	1	bc37ba5880a9fc3e89dea2bf6571ad8db10f8c499dfca7c678b831d8edb064fe	success	200	91613	71eca3baa7c5adda9a19daaba5b66d08f4d30beebcfc1f6f8f3125a009484e93	214732		fixture-hive-03	cypher-graph-id-predicate	64	1	fixture-hive-03	1	0	0	1	0	200	1	1	63	1	0
graph-id-function-wrapped-contains-target-36-zero	graph-id	graph-id-function-wrapped-contains	zero	graph-id-function-equals-and-wrapped-contains	graph-routing	properties	200	fixture-hive-04	fixture-hive-04	1	d6abca6af79ede3e783b4b1d1bb2f17c22db5cf0b5c70506d31ea6d33509dcc5	success	0	147	805c8c7334c868e18e2be84be95b83cc60895722d739c2b164a68be4cd410c49	194414			cypher-graph-id-predicate	64	1	fixture-hive-04	1	0	0	1	0	1	1	1	63	1	0
graph-id-function-wrapped-contains-target-36-targeted	graph-id	graph-id-function-wrapped-contains	targeted	graph-id-function-equals-and-wrapped-contains	graph-routing	properties	200	fixture-hive-04	fixture-hive-04	1	d6abca6af79ede3e783b4b1d1bb2f17c22db5cf0b5c70506d31ea6d33509dcc5	success	1	795	6f5022183da52ea8cb963f17c4b86a6270dc9bfe0ca358e5ec7d6bdf4c95879f	107030		fixture-hive-04	cypher-graph-id-predicate	64	1	fixture-hive-04	1	0	0	1	0	1	1	1	63	1	0
graph-id-function-wrapped-contains-target-36-dense	graph-id	graph-id-function-wrapped-contains	dense	graph-id-function-equals-and-wrapped-contains	graph-routing	properties	200	fixture-hive-04	fixture-hive-04	1	d6abca6af79ede3e783b4b1d1bb2f17c22db5cf0b5c70506d31ea6d33509dcc5	success	200	91716	5d2df55fe9df550bd17a462dbec1bd958f7c0d5940c160537976ecc80d5cb22f	233758		fixture-hive-04	cypher-graph-id-predicate	64	1	fixture-hive-04	1	0	0	1	0	200	1	1	63	1	0
graph-id-function-wrapped-contains-target-37-zero	graph-id	graph-id-function-wrapped-contains	zero	graph-id-function-equals-and-wrapped-contains	graph-routing	properties	200	fixture-hive-05	fixture-hive-05	1	f7f4c2e85299b39f0b295436a0a678be80ea1fe4bd065c984fac7e3e79c02a1f	success	0	147	805c8c7334c868e18e2be84be95b83cc60895722d739c2b164a68be4cd410c49	106179			cypher-graph-id-predicate	64	1	fixture-hive-05	1	0	0	1	0	1	1	1	63	1	0
graph-id-function-wrapped-contains-target-37-targeted	graph-id	graph-id-function-wrapped-contains	targeted	graph-id-function-equals-and-wrapped-contains	graph-routing	properties	200	fixture-hive-05	fixture-hive-05	1	f7f4c2e85299b39f0b295436a0a678be80ea1fe4bd065c984fac7e3e79c02a1f	success	51	31472	b9433fbd59011f3771f14c8abacb0cbca913b3ccb9b85649a8f98d4c6f628703	132809		fixture-hive-05	cypher-graph-id-predicate	64	1	fixture-hive-05	1	0	0	1	0	51	1	1	63	1	0
graph-id-function-wrapped-contains-target-37-dense	graph-id	graph-id-function-wrapped-contains	dense	graph-id-function-equals-and-wrapped-contains	graph-routing	properties	200	fixture-hive-05	fixture-hive-05	1	f7f4c2e85299b39f0b295436a0a678be80ea1fe4bd065c984fac7e3e79c02a1f	success	200	91795	dbb6e258143695218279e10cbea2bf21ad0c5b1330a8fc3e3470b176ae0b6f42	223448		fixture-hive-05	cypher-graph-id-predicate	64	1	fixture-hive-05	1	0	0	1	0	200	1	1	63	1	0
graph-id-function-wrapped-contains-target-38-zero	graph-id	graph-id-function-wrapped-contains	zero	graph-id-function-equals-and-wrapped-contains	graph-routing	properties	200	fixture-hive-06	fixture-hive-06	1	ddfe0a17a6b176061c6908248fc9bbb24510f00e8ed40c2c068587464d0ab767	success	0	147	805c8c7334c868e18e2be84be95b83cc60895722d739c2b164a68be4cd410c49	114745			cypher-graph-id-predicate	64	1	fixture-hive-06	1	0	0	1	0	1	1	1	63	1	0
graph-id-function-wrapped-contains-target-38-targeted	graph-id	graph-id-function-wrapped-contains	targeted	graph-id-function-equals-and-wrapped-contains	graph-routing	properties	200	fixture-hive-06	fixture-hive-06	1	ddfe0a17a6b176061c6908248fc9bbb24510f00e8ed40c2c068587464d0ab767	success	1	801	6e224732564976ab3ad1b488a2dcb0c2a2f84050ab25d529f41b87f4de3c406c	102852		fixture-hive-06	cypher-graph-id-predicate	64	1	fixture-hive-06	1	0	0	1	0	1	1	1	63	1	0
graph-id-function-wrapped-contains-target-38-dense	graph-id	graph-id-function-wrapped-contains	dense	graph-id-function-equals-and-wrapped-contains	graph-routing	properties	200	fixture-hive-06	fixture-hive-06	1	ddfe0a17a6b176061c6908248fc9bbb24510f00e8ed40c2c068587464d0ab767	success	200	92968	77adda61bf8a66745500e9e1b739302ae425b75af5d5199095bd9c0f56151e04	230331		fixture-hive-06	cypher-graph-id-predicate	64	1	fixture-hive-06	1	0	0	1	0	200	1	1	63	1	0
graph-id-function-wrapped-contains-target-39-zero	graph-id	graph-id-function-wrapped-contains	zero	graph-id-function-equals-and-wrapped-contains	graph-routing	properties	200	fixture-hive-07	fixture-hive-07	1	5b909537f8397e9b454c56026974d9a0348f5c6147e1f2169fbaaa2eb1645822	success	0	147	805c8c7334c868e18e2be84be95b83cc60895722d739c2b164a68be4cd410c49	128260			cypher-graph-id-predicate	64	1	fixture-hive-07	1	0	0	1	0	1	1	1	63	1	0
graph-id-function-wrapped-contains-target-39-targeted	graph-id	graph-id-function-wrapped-contains	targeted	graph-id-function-equals-and-wrapped-contains	graph-routing	properties	200	fixture-hive-07	fixture-hive-07	1	5b909537f8397e9b454c56026974d9a0348f5c6147e1f2169fbaaa2eb1645822	success	4	2855	db8e5b7500b38c30ff9ca554407e1c3f066cc32ce80520e31c63fe8f4f34048e	115396		fixture-hive-07	cypher-graph-id-predicate	64	1	fixture-hive-07	1	0	0	1	0	4	1	1	63	1	0
graph-id-function-wrapped-contains-target-39-dense	graph-id	graph-id-function-wrapped-contains	dense	graph-id-function-equals-and-wrapped-contains	graph-routing	properties	200	fixture-hive-07	fixture-hive-07	1	5b909537f8397e9b454c56026974d9a0348f5c6147e1f2169fbaaa2eb1645822	success	200	91298	153dc7ab9d3d22961d16bfae52d0b5cd4c7d97177e0e57e7c086294f37d00f0f	242534		fixture-hive-07	cypher-graph-id-predicate	64	1	fixture-hive-07	1	0	0	1	0	200	1	1	63	1	0
graph-id-function-wrapped-contains-target-40-zero	graph-id	graph-id-function-wrapped-contains	zero	graph-id-function-equals-and-wrapped-contains	graph-routing	properties	200	fixture-hive-08	fixture-hive-08	1	a73da7b76b921f77b9fadceff4ca8a9274fa7524e6ce2fb87c035b118fdb9e31	success	0	147	805c8c7334c868e18e2be84be95b83cc60895722d739c2b164a68be4cd410c49	179245			cypher-graph-id-predicate	64	1	fixture-hive-08	1	0	0	1	0	1	1	1	63	1	0
graph-id-function-wrapped-contains-target-40-targeted	graph-id	graph-id-function-wrapped-contains	targeted	graph-id-function-equals-and-wrapped-contains	graph-routing	properties	200	fixture-hive-08	fixture-hive-08	1	a73da7b76b921f77b9fadceff4ca8a9274fa7524e6ce2fb87c035b118fdb9e31	success	4	2911	6520445594f6fc1d080f2e441beea159540f21b52c555b515dbd7ba1fee2a37f	123011		fixture-hive-08	cypher-graph-id-predicate	64	1	fixture-hive-08	1	0	0	1	0	4	1	1	63	1	0
graph-id-function-wrapped-contains-target-40-dense	graph-id	graph-id-function-wrapped-contains	dense	graph-id-function-equals-and-wrapped-contains	graph-routing	properties	200	fixture-hive-08	fixture-hive-08	1	a73da7b76b921f77b9fadceff4ca8a9274fa7524e6ce2fb87c035b118fdb9e31	success	200	95189	6547ed796970ad3186785ae6dc7d6b1328d226d1878e5144fdb98c21fcba06f9	245108		fixture-hive-08	cypher-graph-id-predicate	64	1	fixture-hive-08	1	0	0	1	0	200	1	1	63	1	0
graph-id-function-wrapped-contains-target-41-zero	graph-id	graph-id-function-wrapped-contains	zero	graph-id-function-equals-and-wrapped-contains	graph-routing	properties	200	fixture-hive-09	fixture-hive-09	1	295df7bb9f479be56469bcfb34b70c143d1aff6e47944b80de9fd42e774be779	success	0	147	805c8c7334c868e18e2be84be95b83cc60895722d739c2b164a68be4cd410c49	120796			cypher-graph-id-predicate	64	1	fixture-hive-09	1	0	0	1	0	1	1	1	63	1	0
graph-id-function-wrapped-contains-target-41-targeted	graph-id	graph-id-function-wrapped-contains	targeted	graph-id-function-equals-and-wrapped-contains	graph-routing	properties	200	fixture-hive-09	fixture-hive-09	1	295df7bb9f479be56469bcfb34b70c143d1aff6e47944b80de9fd42e774be779	success	4	2883	42fd2fd2ff37d34c0cfb2146cde4be9387147a4cc07443bd58969c3f1e25556e	115436		fixture-hive-09	cypher-graph-id-predicate	64	1	fixture-hive-09	1	0	0	1	0	4	1	1	63	1	0
graph-id-function-wrapped-contains-target-41-dense	graph-id	graph-id-function-wrapped-contains	dense	graph-id-function-equals-and-wrapped-contains	graph-routing	properties	200	fixture-hive-09	fixture-hive-09	1	295df7bb9f479be56469bcfb34b70c143d1aff6e47944b80de9fd42e774be779	success	200	92146	1d23f5a918b6a408d8eae300e7aa799801aecc62fcc85667af567e3c95156cb9	210685		fixture-hive-09	cypher-graph-id-predicate	64	1	fixture-hive-09	1	0	0	1	0	200	1	1	63	1	0
graph-id-function-wrapped-contains-target-42-zero	graph-id	graph-id-function-wrapped-contains	zero	graph-id-function-equals-and-wrapped-contains	graph-routing	properties	200	fixture-hive-10	fixture-hive-10	1	e942f277a2b44bd11b03bd9380dd5388338721030a1701c31ff2277dd8f8cd9a	success	0	147	805c8c7334c868e18e2be84be95b83cc60895722d739c2b164a68be4cd410c49	109565			cypher-graph-id-predicate	64	1	fixture-hive-10	1	0	0	1	0	1	1	1	63	1	0
graph-id-function-wrapped-contains-target-42-targeted	graph-id	graph-id-function-wrapped-contains	targeted	graph-id-function-equals-and-wrapped-contains	graph-routing	properties	200	fixture-hive-10	fixture-hive-10	1	e942f277a2b44bd11b03bd9380dd5388338721030a1701c31ff2277dd8f8cd9a	success	63	39077	2d20a012ee335ff72d99f67135e1ac36defbca676c07a298d3df15c7c1e33f7d	150221		fixture-hive-10	cypher-graph-id-predicate	64	1	fixture-hive-10	1	0	0	1	0	63	1	1	63	1	0
graph-id-function-wrapped-contains-target-42-dense	graph-id	graph-id-function-wrapped-contains	dense	graph-id-function-equals-and-wrapped-contains	graph-routing	properties	200	fixture-hive-10	fixture-hive-10	1	e942f277a2b44bd11b03bd9380dd5388338721030a1701c31ff2277dd8f8cd9a	success	200	93248	bd7a2cfc84011237aca413f8fd4b6ee9130043dc1530bc214cc965d935dc3d88	226494		fixture-hive-10	cypher-graph-id-predicate	64	1	fixture-hive-10	1	0	0	1	0	200	1	1	63	1	0
graph-id-function-wrapped-contains-target-43-zero	graph-id	graph-id-function-wrapped-contains	zero	graph-id-function-equals-and-wrapped-contains	graph-routing	properties	200	fixture-hive-11	fixture-hive-11	1	fc0779b8fe9d9937d1e4cb4a3dba1379fc83c9a81125f4350e46a986c8531889	success	0	147	805c8c7334c868e18e2be84be95b83cc60895722d739c2b164a68be4cd410c49	113041			cypher-graph-id-predicate	64	1	fixture-hive-11	1	0	0	1	0	1	1	1	63	1	0
graph-id-function-wrapped-contains-target-43-targeted	graph-id	graph-id-function-wrapped-contains	targeted	graph-id-function-equals-and-wrapped-contains	graph-routing	properties	200	fixture-hive-11	fixture-hive-11	1	fc0779b8fe9d9937d1e4cb4a3dba1379fc83c9a81125f4350e46a986c8531889	success	4	2743	a7aaae25732eb3fc39e7e9697120f6a4534e52262fb153e4201e51d7b31e4606	137317		fixture-hive-11	cypher-graph-id-predicate	64	1	fixture-hive-11	1	0	0	1	0	4	1	1	63	1	0
graph-id-function-wrapped-contains-target-43-dense	graph-id	graph-id-function-wrapped-contains	dense	graph-id-function-equals-and-wrapped-contains	graph-routing	properties	200	fixture-hive-11	fixture-hive-11	1	fc0779b8fe9d9937d1e4cb4a3dba1379fc83c9a81125f4350e46a986c8531889	success	200	94063	f5c81d8aabcfe449e1a20e1133f0ce5a6c25cde54cfb7e82531ff93f87b6f89e	217087		fixture-hive-11	cypher-graph-id-predicate	64	1	fixture-hive-11	1	0	0	1	0	200	1	1	63	1	0
graph-id-function-wrapped-contains-target-44-zero	graph-id	graph-id-function-wrapped-contains	zero	graph-id-function-equals-and-wrapped-contains	graph-routing	properties	200	fixture-hive-12	fixture-hive-12	1	b0c62bc41512e26a42d23ec1fd21c12eb0d433e252eed22e92d2246689f7489a	success	0	147	805c8c7334c868e18e2be84be95b83cc60895722d739c2b164a68be4cd410c49	114845			cypher-graph-id-predicate	64	1	fixture-hive-12	1	0	0	1	0	1	1	1	63	1	0
graph-id-function-wrapped-contains-target-44-targeted	graph-id	graph-id-function-wrapped-contains	targeted	graph-id-function-equals-and-wrapped-contains	graph-routing	properties	200	fixture-hive-12	fixture-hive-12	1	b0c62bc41512e26a42d23ec1fd21c12eb0d433e252eed22e92d2246689f7489a	success	4	2890	b8c7750587d3cb95373de074cba017cf14e5d85811bfc8cc2b49fa06615dc14f	125424		fixture-hive-12	cypher-graph-id-predicate	64	1	fixture-hive-12	1	0	0	1	0	4	1	1	63	1	0
graph-id-function-wrapped-contains-target-44-dense	graph-id	graph-id-function-wrapped-contains	dense	graph-id-function-equals-and-wrapped-contains	graph-routing	properties	200	fixture-hive-12	fixture-hive-12	1	b0c62bc41512e26a42d23ec1fd21c12eb0d433e252eed22e92d2246689f7489a	success	200	90517	901cb7ad5a7cef604f7264d87d81f85a7b3e521b0175839dd61f15fa140b58cf	231663		fixture-hive-12	cypher-graph-id-predicate	64	1	fixture-hive-12	1	0	0	1	0	200	1	1	63	1	0
graph-id-function-wrapped-contains-target-45-zero	graph-id	graph-id-function-wrapped-contains	zero	graph-id-function-equals-and-wrapped-contains	graph-routing	properties	200	fixture-hive-13	fixture-hive-13	1	2f758a1599ac4d799ee27ae81f81bfe54bc6240d59e8f003bf5cd782742affd0	success	0	147	805c8c7334c868e18e2be84be95b83cc60895722d739c2b164a68be4cd410c49	114875			cypher-graph-id-predicate	64	1	fixture-hive-13	1	0	0	1	0	1	1	1	63	1	0
graph-id-function-wrapped-contains-target-45-targeted	graph-id	graph-id-function-wrapped-contains	targeted	graph-id-function-equals-and-wrapped-contains	graph-routing	properties	200	fixture-hive-13	fixture-hive-13	1	2f758a1599ac4d799ee27ae81f81bfe54bc6240d59e8f003bf5cd782742affd0	success	1	807	7a2ea6e6b7c61f333c01be975226570ddf428683fdf6c4eb419e09457718acf9	141495		fixture-hive-13	cypher-graph-id-predicate	64	1	fixture-hive-13	1	0	0	1	0	1	1	1	63	1	0
graph-id-function-wrapped-contains-target-45-dense	graph-id	graph-id-function-wrapped-contains	dense	graph-id-function-equals-and-wrapped-contains	graph-routing	properties	200	fixture-hive-13	fixture-hive-13	1	2f758a1599ac4d799ee27ae81f81bfe54bc6240d59e8f003bf5cd782742affd0	success	200	92534	8ce2fca3adf975e2913f1d7a0f91465f04ef5e5cdbaaa1f51ca68901be616480	225893		fixture-hive-13	cypher-graph-id-predicate	64	1	fixture-hive-13	1	0	0	1	0	200	1	1	63	1	0
graph-id-function-wrapped-contains-target-46-zero	graph-id	graph-id-function-wrapped-contains	zero	graph-id-function-equals-and-wrapped-contains	graph-routing	properties	200	fixture-hive-14	fixture-hive-14	1	960cf66cc8af0003002afe076d1f893b29b2a55fabfac7d5316eb3e3b9c46f67	success	0	147	805c8c7334c868e18e2be84be95b83cc60895722d739c2b164a68be4cd410c49	124783			cypher-graph-id-predicate	64	1	fixture-hive-14	1	0	0	1	0	1	1	1	63	1	0
graph-id-function-wrapped-contains-target-46-targeted	graph-id	graph-id-function-wrapped-contains	targeted	graph-id-function-equals-and-wrapped-contains	graph-routing	properties	200	fixture-hive-14	fixture-hive-14	1	960cf66cc8af0003002afe076d1f893b29b2a55fabfac7d5316eb3e3b9c46f67	success	45	27605	5de372ca8e19ec486456452fc7bd2d9f18c4d7b0beb5e238b24073911e1d2e3a	142026		fixture-hive-14	cypher-graph-id-predicate	64	1	fixture-hive-14	1	0	0	1	0	45	1	1	63	1	0
graph-id-function-wrapped-contains-target-46-dense	graph-id	graph-id-function-wrapped-contains	dense	graph-id-function-equals-and-wrapped-contains	graph-routing	properties	200	fixture-hive-14	fixture-hive-14	1	960cf66cc8af0003002afe076d1f893b29b2a55fabfac7d5316eb3e3b9c46f67	success	200	96641	3ad39c9167b00424c5957087068cab90d47268c9063b8d9e565113275edd98c8	219941		fixture-hive-14	cypher-graph-id-predicate	64	1	fixture-hive-14	1	0	0	1	0	200	1	1	63	1	0
graph-id-function-wrapped-contains-target-47-zero	graph-id	graph-id-function-wrapped-contains	zero	graph-id-function-equals-and-wrapped-contains	graph-routing	properties	200	fixture-hive-15	fixture-hive-15	1	d5c3f70f4e04fa9e3851b5ba956c39c64ff3bf4c48028255a069369d65d3e3dc	success	0	147	805c8c7334c868e18e2be84be95b83cc60895722d739c2b164a68be4cd410c49	107251			cypher-graph-id-predicate	64	1	fixture-hive-15	1	0	0	1	0	1	1	1	63	1	0
graph-id-function-wrapped-contains-target-47-targeted	graph-id	graph-id-function-wrapped-contains	targeted	graph-id-function-equals-and-wrapped-contains	graph-routing	properties	200	fixture-hive-15	fixture-hive-15	1	d5c3f70f4e04fa9e3851b5ba956c39c64ff3bf4c48028255a069369d65d3e3dc	success	66	40159	fcfc173325ae104971344d6daea93c8089a472f712f938cfbd16c519ba82c551	152826		fixture-hive-15	cypher-graph-id-predicate	64	1	fixture-hive-15	1	0	0	1	0	66	1	1	63	1	0
graph-id-function-wrapped-contains-target-47-dense	graph-id	graph-id-function-wrapped-contains	dense	graph-id-function-equals-and-wrapped-contains	graph-routing	properties	200	fixture-hive-15	fixture-hive-15	1	d5c3f70f4e04fa9e3851b5ba956c39c64ff3bf4c48028255a069369d65d3e3dc	success	200	97359	d162ad37d2e7b659e55cddb63b7d42e922fbd2396ae9679f7648226751bb7a13	220343		fixture-hive-15	cypher-graph-id-predicate	64	1	fixture-hive-15	1	0	0	1	0	200	1	1	63	1	0
graph-id-function-wrapped-contains-target-48-zero	graph-id	graph-id-function-wrapped-contains	zero	graph-id-function-equals-and-wrapped-contains	graph-routing	properties	200	fixture-kotlin-compiler-00	fixture-kotlin-compiler-00	1	e0590ddba3b9b9f8de79bee6771cc2f41482d9bcf2b6d495c533f4d523602a1c	success	0	147	805c8c7334c868e18e2be84be95b83cc60895722d739c2b164a68be4cd410c49	108794			cypher-graph-id-predicate	64	1	fixture-kotlin-compiler-00	1	0	0	1	0	1	1	1	63	1	0
graph-id-function-wrapped-contains-target-48-targeted	graph-id	graph-id-function-wrapped-contains	targeted	graph-id-function-equals-and-wrapped-contains	graph-routing	properties	200	fixture-kotlin-compiler-00	fixture-kotlin-compiler-00	1	e0590ddba3b9b9f8de79bee6771cc2f41482d9bcf2b6d495c533f4d523602a1c	success	10	6351	274597a5e0e535d6581734920f9ffbc39062a84a13ad9d85823a8f12df219dfd	119344		fixture-kotlin-compiler-00	cypher-graph-id-predicate	64	1	fixture-kotlin-compiler-00	1	0	0	1	0	10	1	1	63	1	0
graph-id-function-wrapped-contains-target-48-dense	graph-id	graph-id-function-wrapped-contains	dense	graph-id-function-equals-and-wrapped-contains	graph-routing	properties	200	fixture-kotlin-compiler-00	fixture-kotlin-compiler-00	1	e0590ddba3b9b9f8de79bee6771cc2f41482d9bcf2b6d495c533f4d523602a1c	success	200	97301	4abd067ea3c7496241f2623586a132809a81e33bd08c7645b717be3ee7ee2542	246722		fixture-kotlin-compiler-00	cypher-graph-id-predicate	64	1	fixture-kotlin-compiler-00	1	0	0	1	0	200	1	1	63	1	0
graph-id-function-wrapped-contains-target-49-zero	graph-id	graph-id-function-wrapped-contains	zero	graph-id-function-equals-and-wrapped-contains	graph-routing	properties	200	fixture-kotlin-compiler-01	fixture-kotlin-compiler-01	1	a2378f34cd746f343988852d75ea5d50b8bfe89e6cd965dacb19b742e3a8c966	success	0	147	805c8c7334c868e18e2be84be95b83cc60895722d739c2b164a68be4cd410c49	106399			cypher-graph-id-predicate	64	1	fixture-kotlin-compiler-01	1	0	0	1	0	1	1	1	63	1	0
graph-id-function-wrapped-contains-target-49-targeted	graph-id	graph-id-function-wrapped-contains	targeted	graph-id-function-equals-and-wrapped-contains	graph-routing	properties	200	fixture-kotlin-compiler-01	fixture-kotlin-compiler-01	1	a2378f34cd746f343988852d75ea5d50b8bfe89e6cd965dacb19b742e3a8c966	success	4	2598	d72c68d3fe0e8e0257e28136dfcba3f279a31d304b51dc9611dfa7b0f16169a8	117529		fixture-kotlin-compiler-01	cypher-graph-id-predicate	64	1	fixture-kotlin-compiler-01	1	0	0	1	0	4	1	1	63	1	0
graph-id-function-wrapped-contains-target-49-dense	graph-id	graph-id-function-wrapped-contains	dense	graph-id-function-equals-and-wrapped-contains	graph-routing	properties	200	fixture-kotlin-compiler-01	fixture-kotlin-compiler-01	1	a2378f34cd746f343988852d75ea5d50b8bfe89e6cd965dacb19b742e3a8c966	success	200	95854	6848b85ce01299f2ea05bcca3edaa8c69792c61113aeaea43a401f01793bb61d	214592		fixture-kotlin-compiler-01	cypher-graph-id-predicate	64	1	fixture-kotlin-compiler-01	1	0	0	1	0	200	1	1	63	1	0
graph-id-function-wrapped-contains-target-50-zero	graph-id	graph-id-function-wrapped-contains	zero	graph-id-function-equals-and-wrapped-contains	graph-routing	properties	200	fixture-kotlin-compiler-02	fixture-kotlin-compiler-02	1	b4996e09ff7c9fb90ce978374faa803d01485382a499402abfd9028048b79bf7	success	0	147	805c8c7334c868e18e2be84be95b83cc60895722d739c2b164a68be4cd410c49	118372			cypher-graph-id-predicate	64	1	fixture-kotlin-compiler-02	1	0	0	1	0	1	1	1	63	1	0
graph-id-function-wrapped-contains-target-50-targeted	graph-id	graph-id-function-wrapped-contains	targeted	graph-id-function-equals-and-wrapped-contains	graph-routing	properties	200	fixture-kotlin-compiler-02	fixture-kotlin-compiler-02	1	b4996e09ff7c9fb90ce978374faa803d01485382a499402abfd9028048b79bf7	success	1	791	85dd6bfd8cfa28628294c822275e5bb7a279ea8142c47ff362a55c060e68da37	102512		fixture-kotlin-compiler-02	cypher-graph-id-predicate	64	1	fixture-kotlin-compiler-02	1	0	0	1	0	1	1	1	63	1	0
graph-id-function-wrapped-contains-target-50-dense	graph-id	graph-id-function-wrapped-contains	dense	graph-id-function-equals-and-wrapped-contains	graph-routing	properties	200	fixture-kotlin-compiler-02	fixture-kotlin-compiler-02	1	b4996e09ff7c9fb90ce978374faa803d01485382a499402abfd9028048b79bf7	success	200	91564	fbf180fab82c32493738bb60bb29955d3f45810bb23806d614f71964200069bc	175008		fixture-kotlin-compiler-02	cypher-graph-id-predicate	64	1	fixture-kotlin-compiler-02	1	0	0	1	0	200	1	1	63	1	0
graph-id-function-wrapped-contains-target-51-zero	graph-id	graph-id-function-wrapped-contains	zero	graph-id-function-equals-and-wrapped-contains	graph-routing	properties	200	fixture-kotlin-compiler-03	fixture-kotlin-compiler-03	1	a2350bbcc2f1ba8738ae72b167e586240ce7149551e3fba11f7a358d11b7801e	success	0	147	805c8c7334c868e18e2be84be95b83cc60895722d739c2b164a68be4cd410c49	108483			cypher-graph-id-predicate	64	1	fixture-kotlin-compiler-03	1	0	0	1	0	1	1	1	63	1	0
graph-id-function-wrapped-contains-target-51-targeted	graph-id	graph-id-function-wrapped-contains	targeted	graph-id-function-equals-and-wrapped-contains	graph-routing	properties	200	fixture-kotlin-compiler-03	fixture-kotlin-compiler-03	1	a2350bbcc2f1ba8738ae72b167e586240ce7149551e3fba11f7a358d11b7801e	success	1	798	64ae9673d519a121b865dc50f576291bddc3c4c81c474d10cfb9d0da1dce7c60	102962		fixture-kotlin-compiler-03	cypher-graph-id-predicate	64	1	fixture-kotlin-compiler-03	1	0	0	1	0	1	1	1	63	1	0
graph-id-function-wrapped-contains-target-51-dense	graph-id	graph-id-function-wrapped-contains	dense	graph-id-function-equals-and-wrapped-contains	graph-routing	properties	200	fixture-kotlin-compiler-03	fixture-kotlin-compiler-03	1	a2350bbcc2f1ba8738ae72b167e586240ce7149551e3fba11f7a358d11b7801e	success	200	94730	d508f1cb1d0c5646118a68e8a87c49c66a454661e438e3f033289c173598f51f	248626		fixture-kotlin-compiler-03	cypher-graph-id-predicate	64	1	fixture-kotlin-compiler-03	1	0	0	1	0	200	1	1	63	1	0
graph-id-function-wrapped-contains-target-52-zero	graph-id	graph-id-function-wrapped-contains	zero	graph-id-function-equals-and-wrapped-contains	graph-routing	properties	200	fixture-kotlin-compiler-04	fixture-kotlin-compiler-04	1	1835d0591826a821b1c4a8a0df21cd273c40697176c253109b1663d9e56d64a0	success	0	147	805c8c7334c868e18e2be84be95b83cc60895722d739c2b164a68be4cd410c49	99867			cypher-graph-id-predicate	64	1	fixture-kotlin-compiler-04	1	0	0	1	0	1	1	1	63	1	0
graph-id-function-wrapped-contains-target-52-targeted	graph-id	graph-id-function-wrapped-contains	targeted	graph-id-function-equals-and-wrapped-contains	graph-routing	properties	200	fixture-kotlin-compiler-04	fixture-kotlin-compiler-04	1	1835d0591826a821b1c4a8a0df21cd273c40697176c253109b1663d9e56d64a0	success	1	792	6691abe0a1f608719107bf4ffc3fa52632123ab77cb7c2c3c6536cd32de533b1	97131		fixture-kotlin-compiler-04	cypher-graph-id-predicate	64	1	fixture-kotlin-compiler-04	1	0	0	1	0	1	1	1	63	1	0
graph-id-function-wrapped-contains-target-52-dense	graph-id	graph-id-function-wrapped-contains	dense	graph-id-function-equals-and-wrapped-contains	graph-routing	properties	200	fixture-kotlin-compiler-04	fixture-kotlin-compiler-04	1	1835d0591826a821b1c4a8a0df21cd273c40697176c253109b1663d9e56d64a0	success	200	96891	db4b9bfadbbb61a039e76484090eda57349ec9585a7c795f46793352fb739e7c	211907		fixture-kotlin-compiler-04	cypher-graph-id-predicate	64	1	fixture-kotlin-compiler-04	1	0	0	1	0	200	1	1	63	1	0
graph-id-function-wrapped-contains-target-53-zero	graph-id	graph-id-function-wrapped-contains	zero	graph-id-function-equals-and-wrapped-contains	graph-routing	properties	200	fixture-kotlin-compiler-05	fixture-kotlin-compiler-05	1	65de36ec09041582c4ff4a57708f099a7d72d4907a327e47ae026767f5ff0db0	success	0	147	805c8c7334c868e18e2be84be95b83cc60895722d739c2b164a68be4cd410c49	118733			cypher-graph-id-predicate	64	1	fixture-kotlin-compiler-05	1	0	0	1	0	1	1	1	63	1	0
graph-id-function-wrapped-contains-target-53-targeted	graph-id	graph-id-function-wrapped-contains	targeted	graph-id-function-equals-and-wrapped-contains	graph-routing	properties	200	fixture-kotlin-compiler-05	fixture-kotlin-compiler-05	1	65de36ec09041582c4ff4a57708f099a7d72d4907a327e47ae026767f5ff0db0	success	6	3910	d987ccd9722d9cd5492fcbb62423f1a89bb41e05ea0e3fb44e7cc793b9656b12	394539		fixture-kotlin-compiler-05	cypher-graph-id-predicate	64	1	fixture-kotlin-compiler-05	1	0	0	1	0	6	1	1	63	1	0
graph-id-function-wrapped-contains-target-53-dense	graph-id	graph-id-function-wrapped-contains	dense	graph-id-function-equals-and-wrapped-contains	graph-routing	properties	200	fixture-kotlin-compiler-05	fixture-kotlin-compiler-05	1	65de36ec09041582c4ff4a57708f099a7d72d4907a327e47ae026767f5ff0db0	success	200	94720	c9e7b59e830a820a47234ca1fd54046d1c260db318e05adc24dc748ca7fe29c0	282890		fixture-kotlin-compiler-05	cypher-graph-id-predicate	64	1	fixture-kotlin-compiler-05	1	0	0	1	0	200	1	1	63	1	0
graph-id-function-wrapped-contains-target-54-zero	graph-id	graph-id-function-wrapped-contains	zero	graph-id-function-equals-and-wrapped-contains	graph-routing	properties	200	fixture-kotlin-compiler-06	fixture-kotlin-compiler-06	1	455e2dea20c33d78ad4888048700c76ead131cc5fff61b1b6745f3cf019d98c7	success	0	147	805c8c7334c868e18e2be84be95b83cc60895722d739c2b164a68be4cd410c49	149349			cypher-graph-id-predicate	64	1	fixture-kotlin-compiler-06	1	0	0	1	0	1	1	1	63	1	0
graph-id-function-wrapped-contains-target-54-targeted	graph-id	graph-id-function-wrapped-contains	targeted	graph-id-function-equals-and-wrapped-contains	graph-routing	properties	200	fixture-kotlin-compiler-06	fixture-kotlin-compiler-06	1	455e2dea20c33d78ad4888048700c76ead131cc5fff61b1b6745f3cf019d98c7	success	3	1869	5157205e66d4cebff8b628175c555fdb333564013eabc5f496e37f9a4ad2b606	169417		fixture-kotlin-compiler-06	cypher-graph-id-predicate	64	1	fixture-kotlin-compiler-06	1	0	0	1	0	3	1	1	63	1	0
graph-id-function-wrapped-contains-target-54-dense	graph-id	graph-id-function-wrapped-contains	dense	graph-id-function-equals-and-wrapped-contains	graph-routing	properties	200	fixture-kotlin-compiler-06	fixture-kotlin-compiler-06	1	455e2dea20c33d78ad4888048700c76ead131cc5fff61b1b6745f3cf019d98c7	success	200	92798	60b390f0b190e46f6fd1b4929641c7324c9142e0f18a85bc338e7b41ebe62db5	203582		fixture-kotlin-compiler-06	cypher-graph-id-predicate	64	1	fixture-kotlin-compiler-06	1	0	0	1	0	200	1	1	63	1	0
graph-id-function-wrapped-contains-target-55-zero	graph-id	graph-id-function-wrapped-contains	zero	graph-id-function-equals-and-wrapped-contains	graph-routing	properties	200	fixture-kotlin-compiler-07	fixture-kotlin-compiler-07	1	6c1c49dd5e3fe90a5fa68f9ab09606732d59b2cb006a42f463d6390d9a27f2a1	success	0	147	805c8c7334c868e18e2be84be95b83cc60895722d739c2b164a68be4cd410c49	136495			cypher-graph-id-predicate	64	1	fixture-kotlin-compiler-07	1	0	0	1	0	1	1	1	63	1	0
graph-id-function-wrapped-contains-target-55-targeted	graph-id	graph-id-function-wrapped-contains	targeted	graph-id-function-equals-and-wrapped-contains	graph-routing	properties	200	fixture-kotlin-compiler-07	fixture-kotlin-compiler-07	1	6c1c49dd5e3fe90a5fa68f9ab09606732d59b2cb006a42f463d6390d9a27f2a1	success	10	6054	f5c10be5db49f33f0b8307328bfb058b342da4d9241c33217038447620028ab5	121798		fixture-kotlin-compiler-07	cypher-graph-id-predicate	64	1	fixture-kotlin-compiler-07	1	0	0	1	0	10	1	1	63	1	0
graph-id-function-wrapped-contains-target-55-dense	graph-id	graph-id-function-wrapped-contains	dense	graph-id-function-equals-and-wrapped-contains	graph-routing	properties	200	fixture-kotlin-compiler-07	fixture-kotlin-compiler-07	1	6c1c49dd5e3fe90a5fa68f9ab09606732d59b2cb006a42f463d6390d9a27f2a1	success	200	96112	0f6d4800cdd86ccdf20aab2fe6bd2924f66d70c9fcca46057385e09ba151a798	194223		fixture-kotlin-compiler-07	cypher-graph-id-predicate	64	1	fixture-kotlin-compiler-07	1	0	0	1	0	200	1	1	63	1	0
graph-id-function-wrapped-contains-target-56-zero	graph-id	graph-id-function-wrapped-contains	zero	graph-id-function-equals-and-wrapped-contains	graph-routing	properties	200	fixture-kotlin-compiler-08	fixture-kotlin-compiler-08	1	37be466842d1f239df76fe55e92f6769fc0b2d6e47e43f0020c40a8ce8422cb0	success	0	147	805c8c7334c868e18e2be84be95b83cc60895722d739c2b164a68be4cd410c49	114835			cypher-graph-id-predicate	64	1	fixture-kotlin-compiler-08	1	0	0	1	0	1	1	1	63	1	0
graph-id-function-wrapped-contains-target-56-targeted	graph-id	graph-id-function-wrapped-contains	targeted	graph-id-function-equals-and-wrapped-contains	graph-routing	properties	200	fixture-kotlin-compiler-08	fixture-kotlin-compiler-08	1	37be466842d1f239df76fe55e92f6769fc0b2d6e47e43f0020c40a8ce8422cb0	success	1	802	7ebbe5301915ad5c39692b733c3f39851576d09270c89f830b9e80b342a866f6	124543		fixture-kotlin-compiler-08	cypher-graph-id-predicate	64	1	fixture-kotlin-compiler-08	1	0	0	1	0	1	1	1	63	1	0
graph-id-function-wrapped-contains-target-56-dense	graph-id	graph-id-function-wrapped-contains	dense	graph-id-function-equals-and-wrapped-contains	graph-routing	properties	200	fixture-kotlin-compiler-08	fixture-kotlin-compiler-08	1	37be466842d1f239df76fe55e92f6769fc0b2d6e47e43f0020c40a8ce8422cb0	success	200	93704	b778fc4edfb3c1031b90b2d3d121fd31958733afdc68d3f1cde538a17b738328	255909		fixture-kotlin-compiler-08	cypher-graph-id-predicate	64	1	fixture-kotlin-compiler-08	1	0	0	1	0	200	1	1	63	1	0
graph-id-function-wrapped-contains-target-57-zero	graph-id	graph-id-function-wrapped-contains	zero	graph-id-function-equals-and-wrapped-contains	graph-routing	properties	200	fixture-kotlin-compiler-09	fixture-kotlin-compiler-09	1	5bacb6648bba38e91cc033e69d42538b040b89f913b58ee2afebb53ba8d35c57	success	0	147	805c8c7334c868e18e2be84be95b83cc60895722d739c2b164a68be4cd410c49	133009			cypher-graph-id-predicate	64	1	fixture-kotlin-compiler-09	1	0	0	1	0	1	1	1	63	1	0
graph-id-function-wrapped-contains-target-57-targeted	graph-id	graph-id-function-wrapped-contains	targeted	graph-id-function-equals-and-wrapped-contains	graph-routing	properties	200	fixture-kotlin-compiler-09	fixture-kotlin-compiler-09	1	5bacb6648bba38e91cc033e69d42538b040b89f913b58ee2afebb53ba8d35c57	success	1	765	0812dc51126311be5cac082c5d39676905cd9a0811e6a08f17ec6343dc843471	144551		fixture-kotlin-compiler-09	cypher-graph-id-predicate	64	1	fixture-kotlin-compiler-09	1	0	0	1	0	1	1	1	63	1	0
graph-id-function-wrapped-contains-target-57-dense	graph-id	graph-id-function-wrapped-contains	dense	graph-id-function-equals-and-wrapped-contains	graph-routing	properties	200	fixture-kotlin-compiler-09	fixture-kotlin-compiler-09	1	5bacb6648bba38e91cc033e69d42538b040b89f913b58ee2afebb53ba8d35c57	success	200	99258	415f437224f091ed04a72fa493ee405ec437acfcfdf54dee50789c56e5356f10	285515		fixture-kotlin-compiler-09	cypher-graph-id-predicate	64	1	fixture-kotlin-compiler-09	1	0	0	1	0	200	1	1	63	1	0
graph-id-function-wrapped-contains-target-58-zero	graph-id	graph-id-function-wrapped-contains	zero	graph-id-function-equals-and-wrapped-contains	graph-routing	properties	200	fixture-kotlin-compiler-10	fixture-kotlin-compiler-10	1	634f1070c869c5f39ed7722d97b19c8976bc7fee623a8cfc705bcdd955e20759	success	0	147	805c8c7334c868e18e2be84be95b83cc60895722d739c2b164a68be4cd410c49	135694			cypher-graph-id-predicate	64	1	fixture-kotlin-compiler-10	1	0	0	1	0	1	1	1	63	1	0
graph-id-function-wrapped-contains-target-58-targeted	graph-id	graph-id-function-wrapped-contains	targeted	graph-id-function-equals-and-wrapped-contains	graph-routing	properties	200	fixture-kotlin-compiler-10	fixture-kotlin-compiler-10	1	634f1070c869c5f39ed7722d97b19c8976bc7fee623a8cfc705bcdd955e20759	success	12	7029	1df616dc12f8aa99df8ef1921ad6c878afdd2d37362d488527ffbb7ddbe7f6e3	131116		fixture-kotlin-compiler-10	cypher-graph-id-predicate	64	1	fixture-kotlin-compiler-10	1	0	0	1	0	12	1	1	63	1	0
graph-id-function-wrapped-contains-target-58-dense	graph-id	graph-id-function-wrapped-contains	dense	graph-id-function-equals-and-wrapped-contains	graph-routing	properties	200	fixture-kotlin-compiler-10	fixture-kotlin-compiler-10	1	634f1070c869c5f39ed7722d97b19c8976bc7fee623a8cfc705bcdd955e20759	success	200	94948	3f3fd3df372307937afdfd0915ce035266497833c5712760faf456eece659c97	243566		fixture-kotlin-compiler-10	cypher-graph-id-predicate	64	1	fixture-kotlin-compiler-10	1	0	0	1	0	200	1	1	63	1	0
graph-id-function-wrapped-contains-target-59-zero	graph-id	graph-id-function-wrapped-contains	zero	graph-id-function-equals-and-wrapped-contains	graph-routing	properties	200	fixture-kotlin-compiler-11	fixture-kotlin-compiler-11	1	9e1bbfe33d12ec072b828f417bb9dcdab26d7daecb14898f31eb2d73cdaff93c	success	0	147	805c8c7334c868e18e2be84be95b83cc60895722d739c2b164a68be4cd410c49	131066			cypher-graph-id-predicate	64	1	fixture-kotlin-compiler-11	1	0	0	1	0	1	1	1	63	1	0
graph-id-function-wrapped-contains-target-59-targeted	graph-id	graph-id-function-wrapped-contains	targeted	graph-id-function-equals-and-wrapped-contains	graph-routing	properties	200	fixture-kotlin-compiler-11	fixture-kotlin-compiler-11	1	9e1bbfe33d12ec072b828f417bb9dcdab26d7daecb14898f31eb2d73cdaff93c	success	11	6729	3d47749a3f582c73a2df58bf3f9b3beed9c001af5d9bd91af1d30abe76d3f524	137036		fixture-kotlin-compiler-11	cypher-graph-id-predicate	64	1	fixture-kotlin-compiler-11	1	0	0	1	0	11	1	1	63	1	0
graph-id-function-wrapped-contains-target-59-dense	graph-id	graph-id-function-wrapped-contains	dense	graph-id-function-equals-and-wrapped-contains	graph-routing	properties	200	fixture-kotlin-compiler-11	fixture-kotlin-compiler-11	1	9e1bbfe33d12ec072b828f417bb9dcdab26d7daecb14898f31eb2d73cdaff93c	success	200	89429	54106029dd8c0484e4d4612954bdb30eebd525f910018413d1ee09bf2ea5c8ac	243156		fixture-kotlin-compiler-11	cypher-graph-id-predicate	64	1	fixture-kotlin-compiler-11	1	0	0	1	0	200	1	1	63	1	0
graph-id-function-wrapped-contains-target-60-zero	graph-id	graph-id-function-wrapped-contains	zero	graph-id-function-equals-and-wrapped-contains	graph-routing	properties	200	fixture-kotlin-compiler-12	fixture-kotlin-compiler-12	1	45b0266366bbda196d2004ab993b070c325a01ec90b2c254cb7a89f0070e843a	success	0	147	805c8c7334c868e18e2be84be95b83cc60895722d739c2b164a68be4cd410c49	128190			cypher-graph-id-predicate	64	1	fixture-kotlin-compiler-12	1	0	0	1	0	1	1	1	63	1	0
graph-id-function-wrapped-contains-target-60-targeted	graph-id	graph-id-function-wrapped-contains	targeted	graph-id-function-equals-and-wrapped-contains	graph-routing	properties	200	fixture-kotlin-compiler-12	fixture-kotlin-compiler-12	1	45b0266366bbda196d2004ab993b070c325a01ec90b2c254cb7a89f0070e843a	success	13	7599	88379c6b80e2b23974c6b6a1e2c6fc3f3680ec705c71b7cecbc9a2228bf7fa26	133651		fixture-kotlin-compiler-12	cypher-graph-id-predicate	64	1	fixture-kotlin-compiler-12	1	0	0	1	0	13	1	1	63	1	0
graph-id-function-wrapped-contains-target-60-dense	graph-id	graph-id-function-wrapped-contains	dense	graph-id-function-equals-and-wrapped-contains	graph-routing	properties	200	fixture-kotlin-compiler-12	fixture-kotlin-compiler-12	1	45b0266366bbda196d2004ab993b070c325a01ec90b2c254cb7a89f0070e843a	success	200	94040	5d662b90e716477fff887768402c85462026d6042e22f1d7fafdb565b9f9efc8	256280		fixture-kotlin-compiler-12	cypher-graph-id-predicate	64	1	fixture-kotlin-compiler-12	1	0	0	1	0	200	1	1	63	1	0
graph-id-function-wrapped-contains-target-61-zero	graph-id	graph-id-function-wrapped-contains	zero	graph-id-function-equals-and-wrapped-contains	graph-routing	properties	200	fixture-kotlin-compiler-13	fixture-kotlin-compiler-13	1	aedca61396c53e1f40a6a8408974c2e44a02b0dd40978618ab51b02da9ecb430	success	0	147	805c8c7334c868e18e2be84be95b83cc60895722d739c2b164a68be4cd410c49	128220			cypher-graph-id-predicate	64	1	fixture-kotlin-compiler-13	1	0	0	1	0	1	1	1	63	1	0
graph-id-function-wrapped-contains-target-61-targeted	graph-id	graph-id-function-wrapped-contains	targeted	graph-id-function-equals-and-wrapped-contains	graph-routing	properties	200	fixture-kotlin-compiler-13	fixture-kotlin-compiler-13	1	aedca61396c53e1f40a6a8408974c2e44a02b0dd40978618ab51b02da9ecb430	success	8	5180	b6f5bd5828bd66e4f09f8198b509f3673986060cf32e2725dff13d9bcb4d6e9b	135454		fixture-kotlin-compiler-13	cypher-graph-id-predicate	64	1	fixture-kotlin-compiler-13	1	0	0	1	0	8	1	1	63	1	0
graph-id-function-wrapped-contains-target-61-dense	graph-id	graph-id-function-wrapped-contains	dense	graph-id-function-equals-and-wrapped-contains	graph-routing	properties	200	fixture-kotlin-compiler-13	fixture-kotlin-compiler-13	1	aedca61396c53e1f40a6a8408974c2e44a02b0dd40978618ab51b02da9ecb430	success	200	93638	00f9fdf9bf9dc94ccc0d67b35cb45c01a8e623cfaedfdb70da1cc1bfa69daf82	258754		fixture-kotlin-compiler-13	cypher-graph-id-predicate	64	1	fixture-kotlin-compiler-13	1	0	0	1	0	200	1	1	63	1	0
graph-id-function-wrapped-contains-target-62-zero	graph-id	graph-id-function-wrapped-contains	zero	graph-id-function-equals-and-wrapped-contains	graph-routing	properties	200	fixture-kotlin-compiler-14	fixture-kotlin-compiler-14	1	7f28ad9f946e8d01109ca70944e08883f52dd5c6cb287fa2d5fade1909b610b0	success	0	147	805c8c7334c868e18e2be84be95b83cc60895722d739c2b164a68be4cd410c49	125415			cypher-graph-id-predicate	64	1	fixture-kotlin-compiler-14	1	0	0	1	0	1	1	1	63	1	0
graph-id-function-wrapped-contains-target-62-targeted	graph-id	graph-id-function-wrapped-contains	targeted	graph-id-function-equals-and-wrapped-contains	graph-routing	properties	200	fixture-kotlin-compiler-14	fixture-kotlin-compiler-14	1	7f28ad9f946e8d01109ca70944e08883f52dd5c6cb287fa2d5fade1909b610b0	success	1	877	f04b3035acb1285487cb68f126c796fd316b35c6ce630f1e71efd88436bf28f2	135493		fixture-kotlin-compiler-14	cypher-graph-id-predicate	64	1	fixture-kotlin-compiler-14	1	0	0	1	0	1	1	1	63	1	0
graph-id-function-wrapped-contains-target-62-dense	graph-id	graph-id-function-wrapped-contains	dense	graph-id-function-equals-and-wrapped-contains	graph-routing	properties	200	fixture-kotlin-compiler-14	fixture-kotlin-compiler-14	1	7f28ad9f946e8d01109ca70944e08883f52dd5c6cb287fa2d5fade1909b610b0	success	200	97449	f19574ac46a01dafc16136d9e8c4835b8d40c72753078eb8a67a1d7d438dd937	254687		fixture-kotlin-compiler-14	cypher-graph-id-predicate	64	1	fixture-kotlin-compiler-14	1	0	0	1	0	200	1	1	63	1	0
graph-id-function-wrapped-contains-target-63-zero	graph-id	graph-id-function-wrapped-contains	zero	graph-id-function-equals-and-wrapped-contains	graph-routing	properties	200	fixture-kotlin-compiler-15	fixture-kotlin-compiler-15	1	86015e396789c5c1cf86d1df3b0b97987a7b461bfcfb129491f3d758793d1d65	success	0	147	805c8c7334c868e18e2be84be95b83cc60895722d739c2b164a68be4cd410c49	144201			cypher-graph-id-predicate	64	1	fixture-kotlin-compiler-15	1	0	0	1	0	1	1	1	63	1	0
graph-id-function-wrapped-contains-target-63-targeted	graph-id	graph-id-function-wrapped-contains	targeted	graph-id-function-equals-and-wrapped-contains	graph-routing	properties	200	fixture-kotlin-compiler-15	fixture-kotlin-compiler-15	1	86015e396789c5c1cf86d1df3b0b97987a7b461bfcfb129491f3d758793d1d65	success	1	778	1734729b6952d2a8eff267ca86b458aa4fd5e0c703c1fa60dd66478cd3c49356	126577		fixture-kotlin-compiler-15	cypher-graph-id-predicate	64	1	fixture-kotlin-compiler-15	1	0	0	1	0	1	1	1	63	1	0
graph-id-function-wrapped-contains-target-63-dense	graph-id	graph-id-function-wrapped-contains	dense	graph-id-function-equals-and-wrapped-contains	graph-routing	properties	200	fixture-kotlin-compiler-15	fixture-kotlin-compiler-15	1	86015e396789c5c1cf86d1df3b0b97987a7b461bfcfb129491f3d758793d1d65	success	200	91412	082721be4b0e9234c67505fe172c638dcb4ef8924db9c6264a191473dfc4e443	225842		fixture-kotlin-compiler-15	cypher-graph-id-predicate	64	1	fixture-kotlin-compiler-15	1	0	0	1	0	200	1	1	63	1	0
graph-id-parameter-wrapped-contains-target-00-zero	graph-id	graph-id-parameter-wrapped-contains	zero	graph-id-parameter-equals-and-wrapped-contains	parameters	properties	200	fixture-android-00	fixture-android-00	1	47c5f2f8275ab2447995a1b45a36cd5b0b70e258e0f75934abd1f0cef5c2b93e	success	0	147	805c8c7334c868e18e2be84be95b83cc60895722d739c2b164a68be4cd410c49	149489			cypher-graph-id-predicate	64	1	fixture-android-00	1	0	0	1	0	1	1	1	63	1	0
graph-id-parameter-wrapped-contains-target-00-targeted	graph-id	graph-id-parameter-wrapped-contains	targeted	graph-id-parameter-equals-and-wrapped-contains	parameters	properties	200	fixture-android-00	fixture-android-00	1	47c5f2f8275ab2447995a1b45a36cd5b0b70e258e0f75934abd1f0cef5c2b93e	success	10	5730	00c81103244dc6d42abdc3894d771e5a24957dcf7e5ad4d8dc686b1d7e0cb89e	150431		fixture-android-00	cypher-graph-id-predicate	64	1	fixture-android-00	1	0	0	1	0	10	1	1	63	1	0
graph-id-parameter-wrapped-contains-target-00-dense	graph-id	graph-id-parameter-wrapped-contains	dense	graph-id-parameter-equals-and-wrapped-contains	parameters	properties	200	fixture-android-00	fixture-android-00	1	47c5f2f8275ab2447995a1b45a36cd5b0b70e258e0f75934abd1f0cef5c2b93e	success	200	84411	3bdee68309e62bee93f47848258ded90b1763d55841fa57d8b8fd21867653c44	224050		fixture-android-00	cypher-graph-id-predicate	64	1	fixture-android-00	1	0	0	1	0	200	1	1	63	1	0
graph-id-parameter-wrapped-contains-target-01-zero	graph-id	graph-id-parameter-wrapped-contains	zero	graph-id-parameter-equals-and-wrapped-contains	parameters	properties	200	fixture-android-01	fixture-android-01	1	e4528616b87301f557512ab9d9e4e598561300f98d2e85100725c35158534ecc	success	0	147	805c8c7334c868e18e2be84be95b83cc60895722d739c2b164a68be4cd410c49	164308			cypher-graph-id-predicate	64	1	fixture-android-01	1	0	0	1	0	1	1	1	63	1	0
graph-id-parameter-wrapped-contains-target-01-targeted	graph-id	graph-id-parameter-wrapped-contains	targeted	graph-id-parameter-equals-and-wrapped-contains	parameters	properties	200	fixture-android-01	fixture-android-01	1	e4528616b87301f557512ab9d9e4e598561300f98d2e85100725c35158534ecc	success	1	758	b33173a678013ac093c95f3fccc5cd5af96ea18082387e1fc872de4817e234b2	147265		fixture-android-01	cypher-graph-id-predicate	64	1	fixture-android-01	1	0	0	1	0	1	1	1	63	1	0
graph-id-parameter-wrapped-contains-target-01-dense	graph-id	graph-id-parameter-wrapped-contains	dense	graph-id-parameter-equals-and-wrapped-contains	parameters	properties	200	fixture-android-01	fixture-android-01	1	e4528616b87301f557512ab9d9e4e598561300f98d2e85100725c35158534ecc	success	200	84093	d9daf98f04e06930dfeb91ddd4e8ae597b8f9154e54ac1018db6a25ea8ddd84f	253034		fixture-android-01	cypher-graph-id-predicate	64	1	fixture-android-01	1	0	0	1	0	200	1	1	63	1	0
graph-id-parameter-wrapped-contains-target-02-zero	graph-id	graph-id-parameter-wrapped-contains	zero	graph-id-parameter-equals-and-wrapped-contains	parameters	properties	200	fixture-android-02	fixture-android-02	1	1a026780ab945a978bf2d821f0728dd8a679a4b4838c8a3b7703d006d3fae584	success	0	147	805c8c7334c868e18e2be84be95b83cc60895722d739c2b164a68be4cd410c49	175147			cypher-graph-id-predicate	64	1	fixture-android-02	1	0	0	1	0	1	1	1	63	1	0
graph-id-parameter-wrapped-contains-target-02-targeted	graph-id	graph-id-parameter-wrapped-contains	targeted	graph-id-parameter-equals-and-wrapped-contains	parameters	properties	200	fixture-android-02	fixture-android-02	1	1a026780ab945a978bf2d821f0728dd8a679a4b4838c8a3b7703d006d3fae584	success	9	5751	0754b66fd035110585cc31e6af555127395a9cd85c413f0a859de6b596c3b70d	134803		fixture-android-02	cypher-graph-id-predicate	64	1	fixture-android-02	1	0	0	1	0	9	1	1	63	1	0
graph-id-parameter-wrapped-contains-target-02-dense	graph-id	graph-id-parameter-wrapped-contains	dense	graph-id-parameter-equals-and-wrapped-contains	parameters	properties	200	fixture-android-02	fixture-android-02	1	1a026780ab945a978bf2d821f0728dd8a679a4b4838c8a3b7703d006d3fae584	success	200	86930	a289774d080329d12351d967c614eae9b16190b55970a757b1f268e21aee3975	193362		fixture-android-02	cypher-graph-id-predicate	64	1	fixture-android-02	1	0	0	1	0	200	1	1	63	1	0
graph-id-parameter-wrapped-contains-target-03-zero	graph-id	graph-id-parameter-wrapped-contains	zero	graph-id-parameter-equals-and-wrapped-contains	parameters	properties	200	fixture-android-03	fixture-android-03	1	3a085dec137def84e2f0fd6c417ca6216ad5c22c415250ab8d225957a37eb876	success	0	147	805c8c7334c868e18e2be84be95b83cc60895722d739c2b164a68be4cd410c49	125466			cypher-graph-id-predicate	64	1	fixture-android-03	1	0	0	1	0	1	1	1	63	1	0
graph-id-parameter-wrapped-contains-target-03-targeted	graph-id	graph-id-parameter-wrapped-contains	targeted	graph-id-parameter-equals-and-wrapped-contains	parameters	properties	200	fixture-android-03	fixture-android-03	1	3a085dec137def84e2f0fd6c417ca6216ad5c22c415250ab8d225957a37eb876	success	2	1333	77f2da9b0b5a99e6332b957b281149f5e269d152177e36aaa74e86db4bc23bf9	117790		fixture-android-03	cypher-graph-id-predicate	64	1	fixture-android-03	1	0	0	1	0	2	1	1	63	1	0
graph-id-parameter-wrapped-contains-target-03-dense	graph-id	graph-id-parameter-wrapped-contains	dense	graph-id-parameter-equals-and-wrapped-contains	parameters	properties	200	fixture-android-03	fixture-android-03	1	3a085dec137def84e2f0fd6c417ca6216ad5c22c415250ab8d225957a37eb876	success	200	85151	08fbf5fde8e917175e0dca625983535621218120265897bdd0781fe99669b859	200124		fixture-android-03	cypher-graph-id-predicate	64	1	fixture-android-03	1	0	0	1	0	200	1	1	63	1	0
graph-id-parameter-wrapped-contains-target-04-zero	graph-id	graph-id-parameter-wrapped-contains	zero	graph-id-parameter-equals-and-wrapped-contains	parameters	properties	200	fixture-android-04	fixture-android-04	1	72b2db3813782b7057457474cb692d1ab65cbced9ccd76e7a6348806a1a0fdd6	success	0	147	805c8c7334c868e18e2be84be95b83cc60895722d739c2b164a68be4cd410c49	112010			cypher-graph-id-predicate	64	1	fixture-android-04	1	0	0	1	0	1	1	1	63	1	0
graph-id-parameter-wrapped-contains-target-04-targeted	graph-id	graph-id-parameter-wrapped-contains	targeted	graph-id-parameter-equals-and-wrapped-contains	parameters	properties	200	fixture-android-04	fixture-android-04	1	72b2db3813782b7057457474cb692d1ab65cbced9ccd76e7a6348806a1a0fdd6	success	9	5762	527d81de9e8ca9f5fe9ad0166e1e1711fbccaf3c53281e7e95375f6d55e3a3c7	129953		fixture-android-04	cypher-graph-id-predicate	64	1	fixture-android-04	1	0	0	1	0	9	1	1	63	1	0
graph-id-parameter-wrapped-contains-target-04-dense	graph-id	graph-id-parameter-wrapped-contains	dense	graph-id-parameter-equals-and-wrapped-contains	parameters	properties	200	fixture-android-04	fixture-android-04	1	72b2db3813782b7057457474cb692d1ab65cbced9ccd76e7a6348806a1a0fdd6	success	200	86152	85d9bac3392391ae56f1f03af81d888f398336c8e33a1ef1e42c5409f746f730	187501		fixture-android-04	cypher-graph-id-predicate	64	1	fixture-android-04	1	0	0	1	0	200	1	1	63	1	0
graph-id-parameter-wrapped-contains-target-05-zero	graph-id	graph-id-parameter-wrapped-contains	zero	graph-id-parameter-equals-and-wrapped-contains	parameters	properties	200	fixture-android-05	fixture-android-05	1	9ccc65db4edf2ad696714957f6291e11ba1a158b062c135b909367736aa1cb91	success	0	147	805c8c7334c868e18e2be84be95b83cc60895722d739c2b164a68be4cd410c49	113222			cypher-graph-id-predicate	64	1	fixture-android-05	1	0	0	1	0	1	1	1	63	1	0
graph-id-parameter-wrapped-contains-target-05-targeted	graph-id	graph-id-parameter-wrapped-contains	targeted	graph-id-parameter-equals-and-wrapped-contains	parameters	properties	200	fixture-android-05	fixture-android-05	1	9ccc65db4edf2ad696714957f6291e11ba1a158b062c135b909367736aa1cb91	success	9	5751	48fbef6ae3373a73cfbd3690497aae4d0773c2f4ddadb5d217061398978bcac5	117330		fixture-android-05	cypher-graph-id-predicate	64	1	fixture-android-05	1	0	0	1	0	9	1	1	63	1	0
graph-id-parameter-wrapped-contains-target-05-dense	graph-id	graph-id-parameter-wrapped-contains	dense	graph-id-parameter-equals-and-wrapped-contains	parameters	properties	200	fixture-android-05	fixture-android-05	1	9ccc65db4edf2ad696714957f6291e11ba1a158b062c135b909367736aa1cb91	success	200	90860	57ae61ccbdbf1e83a9ab8de2923c4ac26bcc634ed53a2f1c1a3ee3682afe8cd8	198030		fixture-android-05	cypher-graph-id-predicate	64	1	fixture-android-05	1	0	0	1	0	200	1	1	63	1	0
graph-id-parameter-wrapped-contains-target-06-zero	graph-id	graph-id-parameter-wrapped-contains	zero	graph-id-parameter-equals-and-wrapped-contains	parameters	properties	200	fixture-android-06	fixture-android-06	1	aef2397f89755e0b59e944f9b6062fb5611eea3ea4b05762643e082168bd9526	success	0	147	805c8c7334c868e18e2be84be95b83cc60895722d739c2b164a68be4cd410c49	113563			cypher-graph-id-predicate	64	1	fixture-android-06	1	0	0	1	0	1	1	1	63	1	0
graph-id-parameter-wrapped-contains-target-06-targeted	graph-id	graph-id-parameter-wrapped-contains	targeted	graph-id-parameter-equals-and-wrapped-contains	parameters	properties	200	fixture-android-06	fixture-android-06	1	aef2397f89755e0b59e944f9b6062fb5611eea3ea4b05762643e082168bd9526	success	1	734	2c8962bfda6df26238f145f32f089e1ccdb69cc26ea9c2fde590f543638ba060	111388		fixture-android-06	cypher-graph-id-predicate	64	1	fixture-android-06	1	0	0	1	0	1	1	1	63	1	0
graph-id-parameter-wrapped-contains-target-06-dense	graph-id	graph-id-parameter-wrapped-contains	dense	graph-id-parameter-equals-and-wrapped-contains	parameters	properties	200	fixture-android-06	fixture-android-06	1	aef2397f89755e0b59e944f9b6062fb5611eea3ea4b05762643e082168bd9526	success	200	83941	f7f169fb4cd9a2408b058d9e03502907fe0d9372ba70f2f3749aeaffa464e292	174076		fixture-android-06	cypher-graph-id-predicate	64	1	fixture-android-06	1	0	0	1	0	200	1	1	63	1	0
graph-id-parameter-wrapped-contains-target-07-zero	graph-id	graph-id-parameter-wrapped-contains	zero	graph-id-parameter-equals-and-wrapped-contains	parameters	properties	200	fixture-android-07	fixture-android-07	1	2884fe5070e6e70bd2c44e54af37c56e2cfd19343a8721d5b36093d7d1db0f7d	success	0	147	805c8c7334c868e18e2be84be95b83cc60895722d739c2b164a68be4cd410c49	122790			cypher-graph-id-predicate	64	1	fixture-android-07	1	0	0	1	0	1	1	1	63	1	0
graph-id-parameter-wrapped-contains-target-07-targeted	graph-id	graph-id-parameter-wrapped-contains	targeted	graph-id-parameter-equals-and-wrapped-contains	parameters	properties	200	fixture-android-07	fixture-android-07	1	2884fe5070e6e70bd2c44e54af37c56e2cfd19343a8721d5b36093d7d1db0f7d	success	1	762	d5674d7adcd2d58f93c5f2849f690003bc45d523850181c23ceaa0aacd7e6709	110777		fixture-android-07	cypher-graph-id-predicate	64	1	fixture-android-07	1	0	0	1	0	1	1	1	63	1	0
graph-id-parameter-wrapped-contains-target-07-dense	graph-id	graph-id-parameter-wrapped-contains	dense	graph-id-parameter-equals-and-wrapped-contains	parameters	properties	200	fixture-android-07	fixture-android-07	1	2884fe5070e6e70bd2c44e54af37c56e2cfd19343a8721d5b36093d7d1db0f7d	success	200	84999	35604ee2a3d19ee64c97fa99f4be154714c60028f948c7a23f75b925d4520a5d	175088		fixture-android-07	cypher-graph-id-predicate	64	1	fixture-android-07	1	0	0	1	0	200	1	1	63	1	0
graph-id-parameter-wrapped-contains-target-08-zero	graph-id	graph-id-parameter-wrapped-contains	zero	graph-id-parameter-equals-and-wrapped-contains	parameters	properties	200	fixture-android-08	fixture-android-08	1	25fcd87fe0d089932a1b7f325e822252e3042b73178c7aa80e1c0d12bcef2e47	success	0	147	805c8c7334c868e18e2be84be95b83cc60895722d739c2b164a68be4cd410c49	291355			cypher-graph-id-predicate	64	1	fixture-android-08	1	0	0	1	0	1	1	1	63	1	0
graph-id-parameter-wrapped-contains-target-08-targeted	graph-id	graph-id-parameter-wrapped-contains	targeted	graph-id-parameter-equals-and-wrapped-contains	parameters	properties	200	fixture-android-08	fixture-android-08	1	25fcd87fe0d089932a1b7f325e822252e3042b73178c7aa80e1c0d12bcef2e47	success	2	1322	4b49b28d836e57c2c3f8d43a93acd00a93b169fcd603338f9ab350f541e9665c	113352		fixture-android-08	cypher-graph-id-predicate	64	1	fixture-android-08	1	0	0	1	0	2	1	1	63	1	0
graph-id-parameter-wrapped-contains-target-08-dense	graph-id	graph-id-parameter-wrapped-contains	dense	graph-id-parameter-equals-and-wrapped-contains	parameters	properties	200	fixture-android-08	fixture-android-08	1	25fcd87fe0d089932a1b7f325e822252e3042b73178c7aa80e1c0d12bcef2e47	success	200	85531	ed34441ff634f19c276911a1fa193106a9070fde1065b57fc7ec71132b8d5f66	158406		fixture-android-08	cypher-graph-id-predicate	64	1	fixture-android-08	1	0	0	1	0	200	1	1	63	1	0
graph-id-parameter-wrapped-contains-target-09-zero	graph-id	graph-id-parameter-wrapped-contains	zero	graph-id-parameter-equals-and-wrapped-contains	parameters	properties	200	fixture-android-09	fixture-android-09	1	976770abc561e74e52c74c7f3b827fe70800ef502defdde9a4fa534aa511bd33	success	0	147	805c8c7334c868e18e2be84be95b83cc60895722d739c2b164a68be4cd410c49	102312			cypher-graph-id-predicate	64	1	fixture-android-09	1	0	0	1	0	1	1	1	63	1	0
graph-id-parameter-wrapped-contains-target-09-targeted	graph-id	graph-id-parameter-wrapped-contains	targeted	graph-id-parameter-equals-and-wrapped-contains	parameters	properties	200	fixture-android-09	fixture-android-09	1	976770abc561e74e52c74c7f3b827fe70800ef502defdde9a4fa534aa511bd33	success	1	758	cd83129b7654f9c1ac40c94032a03833f5b559e4d6d903ce58c899d274674334	94497		fixture-android-09	cypher-graph-id-predicate	64	1	fixture-android-09	1	0	0	1	0	1	1	1	63	1	0
graph-id-parameter-wrapped-contains-target-09-dense	graph-id	graph-id-parameter-wrapped-contains	dense	graph-id-parameter-equals-and-wrapped-contains	parameters	properties	200	fixture-android-09	fixture-android-09	1	976770abc561e74e52c74c7f3b827fe70800ef502defdde9a4fa534aa511bd33	success	200	84710	8302a9dc08d5cf465b56333dad5757a62c24d743692acbdbf8e81919ebd097a0	170399		fixture-android-09	cypher-graph-id-predicate	64	1	fixture-android-09	1	0	0	1	0	200	1	1	63	1	0
graph-id-parameter-wrapped-contains-target-10-zero	graph-id	graph-id-parameter-wrapped-contains	zero	graph-id-parameter-equals-and-wrapped-contains	parameters	properties	200	fixture-android-10	fixture-android-10	1	b80280988a4b3197bdd2348d3550b46e5d99e01f6e4a1abcb8668612b4a7bcf1	success	0	147	805c8c7334c868e18e2be84be95b83cc60895722d739c2b164a68be4cd410c49	97453			cypher-graph-id-predicate	64	1	fixture-android-10	1	0	0	1	0	1	1	1	63	1	0
graph-id-parameter-wrapped-contains-target-10-targeted	graph-id	graph-id-parameter-wrapped-contains	targeted	graph-id-parameter-equals-and-wrapped-contains	parameters	properties	200	fixture-android-10	fixture-android-10	1	b80280988a4b3197bdd2348d3550b46e5d99e01f6e4a1abcb8668612b4a7bcf1	success	1	821	f3f4d5fb39ff9fde7dcf6d88e4f52bcc4c277ed98626ccca0b17c4ddbb20b035	96019		fixture-android-10	cypher-graph-id-predicate	64	1	fixture-android-10	1	0	0	1	0	1	1	1	63	1	0
graph-id-parameter-wrapped-contains-target-10-dense	graph-id	graph-id-parameter-wrapped-contains	dense	graph-id-parameter-equals-and-wrapped-contains	parameters	properties	200	fixture-android-10	fixture-android-10	1	b80280988a4b3197bdd2348d3550b46e5d99e01f6e4a1abcb8668612b4a7bcf1	success	200	86914	eec30bd784e53b80ccd384559e9d1f853b8152ad8db90ad1f27d391bf03fc0d8	174046		fixture-android-10	cypher-graph-id-predicate	64	1	fixture-android-10	1	0	0	1	0	200	1	1	63	1	0
graph-id-parameter-wrapped-contains-target-11-zero	graph-id	graph-id-parameter-wrapped-contains	zero	graph-id-parameter-equals-and-wrapped-contains	parameters	properties	200	fixture-android-11	fixture-android-11	1	ff7c9f064acf1b8f0c7104242efebdb73dfcc6db0739150c3d56bcc4ebbfb47f	success	0	147	805c8c7334c868e18e2be84be95b83cc60895722d739c2b164a68be4cd410c49	108904			cypher-graph-id-predicate	64	1	fixture-android-11	1	0	0	1	0	1	1	1	63	1	0
graph-id-parameter-wrapped-contains-target-11-targeted	graph-id	graph-id-parameter-wrapped-contains	targeted	graph-id-parameter-equals-and-wrapped-contains	parameters	properties	200	fixture-android-11	fixture-android-11	1	ff7c9f064acf1b8f0c7104242efebdb73dfcc6db0739150c3d56bcc4ebbfb47f	success	1	758	f8ea31527e372a7d8e0f896bc894b97d788067aa20d0af371a4239382f72a4d1	100598		fixture-android-11	cypher-graph-id-predicate	64	1	fixture-android-11	1	0	0	1	0	1	1	1	63	1	0
graph-id-parameter-wrapped-contains-target-11-dense	graph-id	graph-id-parameter-wrapped-contains	dense	graph-id-parameter-equals-and-wrapped-contains	parameters	properties	200	fixture-android-11	fixture-android-11	1	ff7c9f064acf1b8f0c7104242efebdb73dfcc6db0739150c3d56bcc4ebbfb47f	success	200	84862	36598e3ab73085dce50e849dda8b6a32b1088eab3f02f052e9536f16613b5d4b	158897		fixture-android-11	cypher-graph-id-predicate	64	1	fixture-android-11	1	0	0	1	0	200	1	1	63	1	0
graph-id-parameter-wrapped-contains-target-12-zero	graph-id	graph-id-parameter-wrapped-contains	zero	graph-id-parameter-equals-and-wrapped-contains	parameters	properties	200	fixture-android-12	fixture-android-12	1	fbfd92bdb617f8eef3c84ce77e1116d4f0d1116a40b9fc543770c1a430e829ec	success	0	147	805c8c7334c868e18e2be84be95b83cc60895722d739c2b164a68be4cd410c49	93956			cypher-graph-id-predicate	64	1	fixture-android-12	1	0	0	1	0	1	1	1	63	1	0
graph-id-parameter-wrapped-contains-target-12-targeted	graph-id	graph-id-parameter-wrapped-contains	targeted	graph-id-parameter-equals-and-wrapped-contains	parameters	properties	200	fixture-android-12	fixture-android-12	1	fbfd92bdb617f8eef3c84ce77e1116d4f0d1116a40b9fc543770c1a430e829ec	success	2	1348	569ba2c2d8626f5c6804b713aa9f9bd5155648246e0bb082ab37cf407a3ccee9	94577		fixture-android-12	cypher-graph-id-predicate	64	1	fixture-android-12	1	0	0	1	0	2	1	1	63	1	0
graph-id-parameter-wrapped-contains-target-12-dense	graph-id	graph-id-parameter-wrapped-contains	dense	graph-id-parameter-equals-and-wrapped-contains	parameters	properties	200	fixture-android-12	fixture-android-12	1	fbfd92bdb617f8eef3c84ce77e1116d4f0d1116a40b9fc543770c1a430e829ec	success	200	85894	f22afa8ccaad259750ce50e850502822308b2565f707f284de32cd44d5ef328a	149871		fixture-android-12	cypher-graph-id-predicate	64	1	fixture-android-12	1	0	0	1	0	200	1	1	63	1	0
graph-id-parameter-wrapped-contains-target-13-zero	graph-id	graph-id-parameter-wrapped-contains	zero	graph-id-parameter-equals-and-wrapped-contains	parameters	properties	200	fixture-android-13	fixture-android-13	1	99b23d6e37ddba640f96acd0d7b903185c9b38cc0e6df93374f9fe569bbc4c38	success	0	147	805c8c7334c868e18e2be84be95b83cc60895722d739c2b164a68be4cd410c49	95148			cypher-graph-id-predicate	64	1	fixture-android-13	1	0	0	1	0	1	1	1	63	1	0
graph-id-parameter-wrapped-contains-target-13-targeted	graph-id	graph-id-parameter-wrapped-contains	targeted	graph-id-parameter-equals-and-wrapped-contains	parameters	properties	200	fixture-android-13	fixture-android-13	1	99b23d6e37ddba640f96acd0d7b903185c9b38cc0e6df93374f9fe569bbc4c38	success	5	2824	ebb699b5b0554cc639408add00ca9d9aae37f3553c5e6ea606cb7e66e171933f	97072		fixture-android-13	cypher-graph-id-predicate	64	1	fixture-android-13	1	0	0	1	0	5	1	1	63	1	0
graph-id-parameter-wrapped-contains-target-13-dense	graph-id	graph-id-parameter-wrapped-contains	dense	graph-id-parameter-equals-and-wrapped-contains	parameters	properties	200	fixture-android-13	fixture-android-13	1	99b23d6e37ddba640f96acd0d7b903185c9b38cc0e6df93374f9fe569bbc4c38	success	200	86344	2e714969993f2a86ba5c715dc52b2c7d6dbaed9b2320da2399ecdf29ec9f1e4e	148869		fixture-android-13	cypher-graph-id-predicate	64	1	fixture-android-13	1	0	0	1	0	200	1	1	63	1	0
graph-id-parameter-wrapped-contains-target-14-zero	graph-id	graph-id-parameter-wrapped-contains	zero	graph-id-parameter-equals-and-wrapped-contains	parameters	properties	200	fixture-android-14	fixture-android-14	1	caf42d54ef3437f216c963929327ed5ef3f52ce080fa2be4c3305c2370617ab1	success	0	147	805c8c7334c868e18e2be84be95b83cc60895722d739c2b164a68be4cd410c49	98223			cypher-graph-id-predicate	64	1	fixture-android-14	1	0	0	1	0	1	1	1	63	1	0
graph-id-parameter-wrapped-contains-target-14-targeted	graph-id	graph-id-parameter-wrapped-contains	targeted	graph-id-parameter-equals-and-wrapped-contains	parameters	properties	200	fixture-android-14	fixture-android-14	1	caf42d54ef3437f216c963929327ed5ef3f52ce080fa2be4c3305c2370617ab1	success	3	1887	cfce92c06f8a0a93444f0ec3592aad57c255799cc7a1286e673f5c8cc3173d20	95589		fixture-android-14	cypher-graph-id-predicate	64	1	fixture-android-14	1	0	0	1	0	3	1	1	63	1	0
graph-id-parameter-wrapped-contains-target-14-dense	graph-id	graph-id-parameter-wrapped-contains	dense	graph-id-parameter-equals-and-wrapped-contains	parameters	properties	200	fixture-android-14	fixture-android-14	1	caf42d54ef3437f216c963929327ed5ef3f52ce080fa2be4c3305c2370617ab1	success	200	88102	f384f54b9e0494c603dd9e83eb2ca0ad0386a359a2e1d6a356e225c072977e41	159609		fixture-android-14	cypher-graph-id-predicate	64	1	fixture-android-14	1	0	0	1	0	200	1	1	63	1	0
graph-id-parameter-wrapped-contains-target-15-zero	graph-id	graph-id-parameter-wrapped-contains	zero	graph-id-parameter-equals-and-wrapped-contains	parameters	properties	200	fixture-android-15	fixture-android-15	1	396286291622042417a1e42f88e1a07f9e973d88a4b45b59c7408d3e8fe8e4cd	success	0	147	805c8c7334c868e18e2be84be95b83cc60895722d739c2b164a68be4cd410c49	102603			cypher-graph-id-predicate	64	1	fixture-android-15	1	0	0	1	0	1	1	1	63	1	0
graph-id-parameter-wrapped-contains-target-15-targeted	graph-id	graph-id-parameter-wrapped-contains	targeted	graph-id-parameter-equals-and-wrapped-contains	parameters	properties	200	fixture-android-15	fixture-android-15	1	396286291622042417a1e42f88e1a07f9e973d88a4b45b59c7408d3e8fe8e4cd	success	1	765	ae20f86c5a0d43140079bdbb52041ad145178823d6189b8171bbe58dc0d82dcc	94216		fixture-android-15	cypher-graph-id-predicate	64	1	fixture-android-15	1	0	0	1	0	1	1	1	63	1	0
graph-id-parameter-wrapped-contains-target-15-dense	graph-id	graph-id-parameter-wrapped-contains	dense	graph-id-parameter-equals-and-wrapped-contains	parameters	properties	200	fixture-android-15	fixture-android-15	1	396286291622042417a1e42f88e1a07f9e973d88a4b45b59c7408d3e8fe8e4cd	success	200	82358	6db1e45464dd1e42fc627a3ee68393b586d132e4817f87f1da72cb180e7925bb	147766		fixture-android-15	cypher-graph-id-predicate	64	1	fixture-android-15	1	0	0	1	0	200	1	1	63	1	0
graph-id-parameter-wrapped-contains-target-16-zero	graph-id	graph-id-parameter-wrapped-contains	zero	graph-id-parameter-equals-and-wrapped-contains	parameters	properties	200	fixture-tika-00	fixture-tika-00	1	3ffa856892be3e0263f2c72254cefdb4bafce48e10eea2a8426b6af88f144658	success	0	147	805c8c7334c868e18e2be84be95b83cc60895722d739c2b164a68be4cd410c49	101971			cypher-graph-id-predicate	64	1	fixture-tika-00	1	0	0	1	0	1	1	1	63	1	0
graph-id-parameter-wrapped-contains-target-16-targeted	graph-id	graph-id-parameter-wrapped-contains	targeted	graph-id-parameter-equals-and-wrapped-contains	parameters	properties	200	fixture-tika-00	fixture-tika-00	1	3ffa856892be3e0263f2c72254cefdb4bafce48e10eea2a8426b6af88f144658	success	1	771	41ad9b5110585bc89df35b9d0a0c6bd66daaf6c239b4212552d078b2f2a28c34	93796		fixture-tika-00	cypher-graph-id-predicate	64	1	fixture-tika-00	1	0	0	1	0	1	1	1	63	1	0
graph-id-parameter-wrapped-contains-target-16-dense	graph-id	graph-id-parameter-wrapped-contains	dense	graph-id-parameter-equals-and-wrapped-contains	parameters	properties	200	fixture-tika-00	fixture-tika-00	1	3ffa856892be3e0263f2c72254cefdb4bafce48e10eea2a8426b6af88f144658	success	200	94237	51b180cd96740a311cc61165baa84cc05517b2f28ac6c70debc25f8e14514414	165961		fixture-tika-00	cypher-graph-id-predicate	64	1	fixture-tika-00	1	0	0	1	0	200	1	1	63	1	0
graph-id-parameter-wrapped-contains-target-17-zero	graph-id	graph-id-parameter-wrapped-contains	zero	graph-id-parameter-equals-and-wrapped-contains	parameters	properties	200	fixture-tika-01	fixture-tika-01	1	5bd11253ba6bcbac28c2d0805dbd50585f63593fbbabbc299bce9c8b5e4238f0	success	0	147	805c8c7334c868e18e2be84be95b83cc60895722d739c2b164a68be4cd410c49	94878			cypher-graph-id-predicate	64	1	fixture-tika-01	1	0	0	1	0	1	1	1	63	1	0
graph-id-parameter-wrapped-contains-target-17-targeted	graph-id	graph-id-parameter-wrapped-contains	targeted	graph-id-parameter-equals-and-wrapped-contains	parameters	properties	200	fixture-tika-01	fixture-tika-01	1	5bd11253ba6bcbac28c2d0805dbd50585f63593fbbabbc299bce9c8b5e4238f0	success	5	2976	7d286938fe2f40cd4cb86cd26be11c3221bfff86202fa9b705bdc1c77967743f	97132		fixture-tika-01	cypher-graph-id-predicate	64	1	fixture-tika-01	1	0	0	1	0	5	1	1	63	1	0
graph-id-parameter-wrapped-contains-target-17-dense	graph-id	graph-id-parameter-wrapped-contains	dense	graph-id-parameter-equals-and-wrapped-contains	parameters	properties	200	fixture-tika-01	fixture-tika-01	1	5bd11253ba6bcbac28c2d0805dbd50585f63593fbbabbc299bce9c8b5e4238f0	success	200	92381	87c915d88746be4a40b85e67e7de71966365a455358cc138185e5c1f5bcf1251	179427		fixture-tika-01	cypher-graph-id-predicate	64	1	fixture-tika-01	1	0	0	1	0	200	1	1	63	1	0
graph-id-parameter-wrapped-contains-target-18-zero	graph-id	graph-id-parameter-wrapped-contains	zero	graph-id-parameter-equals-and-wrapped-contains	parameters	properties	200	fixture-tika-02	fixture-tika-02	1	4f53553340fcd09378fe28c9d287d1bd3c78d0e5004534ad87493f082178a0db	success	0	147	805c8c7334c868e18e2be84be95b83cc60895722d739c2b164a68be4cd410c49	102111			cypher-graph-id-predicate	64	1	fixture-tika-02	1	0	0	1	0	1	1	1	63	1	0
graph-id-parameter-wrapped-contains-target-18-targeted	graph-id	graph-id-parameter-wrapped-contains	targeted	graph-id-parameter-equals-and-wrapped-contains	parameters	properties	200	fixture-tika-02	fixture-tika-02	1	4f53553340fcd09378fe28c9d287d1bd3c78d0e5004534ad87493f082178a0db	success	12	6781	abf0682228739bdef1eb0d4b5b1449d7697f9412e644bd07a974f6e04213652e	101941		fixture-tika-02	cypher-graph-id-predicate	64	1	fixture-tika-02	1	0	0	1	0	12	1	1	63	1	0
graph-id-parameter-wrapped-contains-target-18-dense	graph-id	graph-id-parameter-wrapped-contains	dense	graph-id-parameter-equals-and-wrapped-contains	parameters	properties	200	fixture-tika-02	fixture-tika-02	1	4f53553340fcd09378fe28c9d287d1bd3c78d0e5004534ad87493f082178a0db	success	200	95198	7d65fbc43e0cf8a1d4323c709e6963c32bdea3f389f5b683f619eee1fd79dc90	171922		fixture-tika-02	cypher-graph-id-predicate	64	1	fixture-tika-02	1	0	0	1	0	200	1	1	63	1	0
graph-id-parameter-wrapped-contains-target-19-zero	graph-id	graph-id-parameter-wrapped-contains	zero	graph-id-parameter-equals-and-wrapped-contains	parameters	properties	200	fixture-tika-03	fixture-tika-03	1	e68986e5919884640710cc61d8f44310a6d888f55992390edbcc7ae70b8b8fa8	success	0	147	805c8c7334c868e18e2be84be95b83cc60895722d739c2b164a68be4cd410c49	104426			cypher-graph-id-predicate	64	1	fixture-tika-03	1	0	0	1	0	1	1	1	63	1	0
graph-id-parameter-wrapped-contains-target-19-targeted	graph-id	graph-id-parameter-wrapped-contains	targeted	graph-id-parameter-equals-and-wrapped-contains	parameters	properties	200	fixture-tika-03	fixture-tika-03	1	e68986e5919884640710cc61d8f44310a6d888f55992390edbcc7ae70b8b8fa8	success	11	6327	72232d5a8299b69c619beb4cebd0967a4ca8f1378844d7914f795f7c5126cc48	99216		fixture-tika-03	cypher-graph-id-predicate	64	1	fixture-tika-03	1	0	0	1	0	11	1	1	63	1	0
graph-id-parameter-wrapped-contains-target-19-dense	graph-id	graph-id-parameter-wrapped-contains	dense	graph-id-parameter-equals-and-wrapped-contains	parameters	properties	200	fixture-tika-03	fixture-tika-03	1	e68986e5919884640710cc61d8f44310a6d888f55992390edbcc7ae70b8b8fa8	success	200	96673	6ab8193cda24a8f589b0e7412ffcc3549afc3180a092c899437bb3ef2f8324ef	144019		fixture-tika-03	cypher-graph-id-predicate	64	1	fixture-tika-03	1	0	0	1	0	200	1	1	63	1	0
graph-id-parameter-wrapped-contains-target-20-zero	graph-id	graph-id-parameter-wrapped-contains	zero	graph-id-parameter-equals-and-wrapped-contains	parameters	properties	200	fixture-tika-04	fixture-tika-04	1	2d9d29e96c28d6df21e1933cc2da3a076217ec4c30461070c5e997e04aa952cb	success	0	147	805c8c7334c868e18e2be84be95b83cc60895722d739c2b164a68be4cd410c49	94828			cypher-graph-id-predicate	64	1	fixture-tika-04	1	0	0	1	0	1	1	1	63	1	0
graph-id-parameter-wrapped-contains-target-20-targeted	graph-id	graph-id-parameter-wrapped-contains	targeted	graph-id-parameter-equals-and-wrapped-contains	parameters	properties	200	fixture-tika-04	fixture-tika-04	1	2d9d29e96c28d6df21e1933cc2da3a076217ec4c30461070c5e997e04aa952cb	success	1	763	7811e1c0f64fb9174b112349d7a5f89fec8a71f59a6b66db3b1e97241f5dc93c	95879		fixture-tika-04	cypher-graph-id-predicate	64	1	fixture-tika-04	1	0	0	1	0	1	1	1	63	1	0
graph-id-parameter-wrapped-contains-target-20-dense	graph-id	graph-id-parameter-wrapped-contains	dense	graph-id-parameter-equals-and-wrapped-contains	parameters	properties	200	fixture-tika-04	fixture-tika-04	1	2d9d29e96c28d6df21e1933cc2da3a076217ec4c30461070c5e997e04aa952cb	success	200	91604	a93cd6116bda146e01916f4ab7d54aa664da5b5c2287de109c82d6c48fcd38f8	178164		fixture-tika-04	cypher-graph-id-predicate	64	1	fixture-tika-04	1	0	0	1	0	200	1	1	63	1	0
graph-id-parameter-wrapped-contains-target-21-zero	graph-id	graph-id-parameter-wrapped-contains	zero	graph-id-parameter-equals-and-wrapped-contains	parameters	properties	200	fixture-tika-05	fixture-tika-05	1	a70ca503c8d7edc9fd5b26430e9c4bd9517cfcf9084469733cfeff8a4fef63f8	success	0	147	805c8c7334c868e18e2be84be95b83cc60895722d739c2b164a68be4cd410c49	102893			cypher-graph-id-predicate	64	1	fixture-tika-05	1	0	0	1	0	1	1	1	63	1	0
graph-id-parameter-wrapped-contains-target-21-targeted	graph-id	graph-id-parameter-wrapped-contains	targeted	graph-id-parameter-equals-and-wrapped-contains	parameters	properties	200	fixture-tika-05	fixture-tika-05	1	a70ca503c8d7edc9fd5b26430e9c4bd9517cfcf9084469733cfeff8a4fef63f8	success	1	765	1cf450577b12b3b6a7c19f53479709a92a169add0c4f9defecbc55254bf8d5b3	95589		fixture-tika-05	cypher-graph-id-predicate	64	1	fixture-tika-05	1	0	0	1	0	1	1	1	63	1	0
graph-id-parameter-wrapped-contains-target-21-dense	graph-id	graph-id-parameter-wrapped-contains	dense	graph-id-parameter-equals-and-wrapped-contains	parameters	properties	200	fixture-tika-05	fixture-tika-05	1	a70ca503c8d7edc9fd5b26430e9c4bd9517cfcf9084469733cfeff8a4fef63f8	success	200	96334	eb6b03599a26f520b43896ee6af6cb6d2a3ec0783b66a0bcb29642b029a4b6eb	168927		fixture-tika-05	cypher-graph-id-predicate	64	1	fixture-tika-05	1	0	0	1	0	200	1	1	63	1	0
graph-id-parameter-wrapped-contains-target-22-zero	graph-id	graph-id-parameter-wrapped-contains	zero	graph-id-parameter-equals-and-wrapped-contains	parameters	properties	200	fixture-tika-06	fixture-tika-06	1	629a75c155a37bcac72d6d131b20156694ded2e8aa1abe1c7f03ac03374020b7	success	0	147	805c8c7334c868e18e2be84be95b83cc60895722d739c2b164a68be4cd410c49	105217			cypher-graph-id-predicate	64	1	fixture-tika-06	1	0	0	1	0	1	1	1	63	1	0
graph-id-parameter-wrapped-contains-target-22-targeted	graph-id	graph-id-parameter-wrapped-contains	targeted	graph-id-parameter-equals-and-wrapped-contains	parameters	properties	200	fixture-tika-06	fixture-tika-06	1	629a75c155a37bcac72d6d131b20156694ded2e8aa1abe1c7f03ac03374020b7	success	11	6331	43d88524d9da26840d520d8260a6801a2d864c2023e9806c3df4a5e673a5fd66	99617		fixture-tika-06	cypher-graph-id-predicate	64	1	fixture-tika-06	1	0	0	1	0	11	1	1	63	1	0
graph-id-parameter-wrapped-contains-target-22-dense	graph-id	graph-id-parameter-wrapped-contains	dense	graph-id-parameter-equals-and-wrapped-contains	parameters	properties	200	fixture-tika-06	fixture-tika-06	1	629a75c155a37bcac72d6d131b20156694ded2e8aa1abe1c7f03ac03374020b7	success	200	98397	b1cc908cf8cd6a2354b320afca9ad225990c59be93a53ddc3912afb3b0d46d7b	160691		fixture-tika-06	cypher-graph-id-predicate	64	1	fixture-tika-06	1	0	0	1	0	200	1	1	63	1	0
graph-id-parameter-wrapped-contains-target-23-zero	graph-id	graph-id-parameter-wrapped-contains	zero	graph-id-parameter-equals-and-wrapped-contains	parameters	properties	200	fixture-tika-07	fixture-tika-07	1	1f60bc193af0a0c32ae2bc0a840b7da98c896a5343d2d4a4871500ea55b0d8a0	success	0	147	805c8c7334c868e18e2be84be95b83cc60895722d739c2b164a68be4cd410c49	99626			cypher-graph-id-predicate	64	1	fixture-tika-07	1	0	0	1	0	1	1	1	63	1	0
graph-id-parameter-wrapped-contains-target-23-targeted	graph-id	graph-id-parameter-wrapped-contains	targeted	graph-id-parameter-equals-and-wrapped-contains	parameters	properties	200	fixture-tika-07	fixture-tika-07	1	1f60bc193af0a0c32ae2bc0a840b7da98c896a5343d2d4a4871500ea55b0d8a0	success	11	6135	718b52d4d32659cb9b39b84bdb87d6226a9be4436e73fa316936d1333dfa50c0	99326		fixture-tika-07	cypher-graph-id-predicate	64	1	fixture-tika-07	1	0	0	1	0	11	1	1	63	1	0
graph-id-parameter-wrapped-contains-target-23-dense	graph-id	graph-id-parameter-wrapped-contains	dense	graph-id-parameter-equals-and-wrapped-contains	parameters	properties	200	fixture-tika-07	fixture-tika-07	1	1f60bc193af0a0c32ae2bc0a840b7da98c896a5343d2d4a4871500ea55b0d8a0	success	200	95056	d5aa9163a912371065002f30549de9cefea57af859f009a275e381b0a849633e	170480		fixture-tika-07	cypher-graph-id-predicate	64	1	fixture-tika-07	1	0	0	1	0	200	1	1	63	1	0
graph-id-parameter-wrapped-contains-target-24-zero	graph-id	graph-id-parameter-wrapped-contains	zero	graph-id-parameter-equals-and-wrapped-contains	parameters	properties	200	fixture-tika-08	fixture-tika-08	1	e9768e2189edf3079c0f4ce1fe9374fe3873b9ef6253d25bd7952c9e3f9e2f89	success	0	147	805c8c7334c868e18e2be84be95b83cc60895722d739c2b164a68be4cd410c49	95679			cypher-graph-id-predicate	64	1	fixture-tika-08	1	0	0	1	0	1	1	1	63	1	0
graph-id-parameter-wrapped-contains-target-24-targeted	graph-id	graph-id-parameter-wrapped-contains	targeted	graph-id-parameter-equals-and-wrapped-contains	parameters	properties	200	fixture-tika-08	fixture-tika-08	1	e9768e2189edf3079c0f4ce1fe9374fe3873b9ef6253d25bd7952c9e3f9e2f89	success	1	754	033650595463ffba6f1f515fc8a38ba023fdd37a0e2442442be40f2d8baee0b4	96280		fixture-tika-08	cypher-graph-id-predicate	64	1	fixture-tika-08	1	0	0	1	0	1	1	1	63	1	0
graph-id-parameter-wrapped-contains-target-24-dense	graph-id	graph-id-parameter-wrapped-contains	dense	graph-id-parameter-equals-and-wrapped-contains	parameters	properties	200	fixture-tika-08	fixture-tika-08	1	e9768e2189edf3079c0f4ce1fe9374fe3873b9ef6253d25bd7952c9e3f9e2f89	success	200	96144	13cc3d04be15c5d98101b6676211e0260c08571becd6cbc7be1dcfad1b7efce8	188072		fixture-tika-08	cypher-graph-id-predicate	64	1	fixture-tika-08	1	0	0	1	0	200	1	1	63	1	0
graph-id-parameter-wrapped-contains-target-25-zero	graph-id	graph-id-parameter-wrapped-contains	zero	graph-id-parameter-equals-and-wrapped-contains	parameters	properties	200	fixture-tika-09	fixture-tika-09	1	f96e2b0b7f375cf347f289b0d59b047835095d1452b52dcff16ad07fa5ff5aaa	success	0	147	805c8c7334c868e18e2be84be95b83cc60895722d739c2b164a68be4cd410c49	100268			cypher-graph-id-predicate	64	1	fixture-tika-09	1	0	0	1	0	1	1	1	63	1	0
graph-id-parameter-wrapped-contains-target-25-targeted	graph-id	graph-id-parameter-wrapped-contains	targeted	graph-id-parameter-equals-and-wrapped-contains	parameters	properties	200	fixture-tika-09	fixture-tika-09	1	f96e2b0b7f375cf347f289b0d59b047835095d1452b52dcff16ad07fa5ff5aaa	success	17	9434	57a7fb26e2c1557848eddaabb17076d92c9b2ef2e0ff6b92be3de4374fe1fa9b	101841		fixture-tika-09	cypher-graph-id-predicate	64	1	fixture-tika-09	1	0	0	1	0	17	1	1	63	1	0
graph-id-parameter-wrapped-contains-target-25-dense	graph-id	graph-id-parameter-wrapped-contains	dense	graph-id-parameter-equals-and-wrapped-contains	parameters	properties	200	fixture-tika-09	fixture-tika-09	1	f96e2b0b7f375cf347f289b0d59b047835095d1452b52dcff16ad07fa5ff5aaa	success	200	90260	d606d19bfcb83b224b953bd70176bc52dc06d427ef6ab3d0cc311bc6ed6fc260	174456		fixture-tika-09	cypher-graph-id-predicate	64	1	fixture-tika-09	1	0	0	1	0	200	1	1	63	1	0
graph-id-parameter-wrapped-contains-target-26-zero	graph-id	graph-id-parameter-wrapped-contains	zero	graph-id-parameter-equals-and-wrapped-contains	parameters	properties	200	fixture-tika-10	fixture-tika-10	1	724e820888f0db8884af940cbe8a364f2dce6bfc9b2c72fb09abe933fa439c0c	success	0	147	805c8c7334c868e18e2be84be95b83cc60895722d739c2b164a68be4cd410c49	97333			cypher-graph-id-predicate	64	1	fixture-tika-10	1	0	0	1	0	1	1	1	63	1	0
graph-id-parameter-wrapped-contains-target-26-targeted	graph-id	graph-id-parameter-wrapped-contains	targeted	graph-id-parameter-equals-and-wrapped-contains	parameters	properties	200	fixture-tika-10	fixture-tika-10	1	724e820888f0db8884af940cbe8a364f2dce6bfc9b2c72fb09abe933fa439c0c	success	1	791	550bd45f802381cb65ea30928a856fc0c2bc207cbfc2a147aad4312130548c9a	100277		fixture-tika-10	cypher-graph-id-predicate	64	1	fixture-tika-10	1	0	0	1	0	1	1	1	63	1	0
graph-id-parameter-wrapped-contains-target-26-dense	graph-id	graph-id-parameter-wrapped-contains	dense	graph-id-parameter-equals-and-wrapped-contains	parameters	properties	200	fixture-tika-10	fixture-tika-10	1	724e820888f0db8884af940cbe8a364f2dce6bfc9b2c72fb09abe933fa439c0c	success	200	96089	d0bdae62973cb737c05eda37d83d6fd7dea4520a7f87acdd4ed9a2fba1f97888	211546		fixture-tika-10	cypher-graph-id-predicate	64	1	fixture-tika-10	1	0	0	1	0	200	1	1	63	1	0
graph-id-parameter-wrapped-contains-target-27-zero	graph-id	graph-id-parameter-wrapped-contains	zero	graph-id-parameter-equals-and-wrapped-contains	parameters	properties	200	fixture-tika-11	fixture-tika-11	1	947144f7fe63615dab1057f152a266b87c870ae6b1d136ebead3ef2860ecaaf9	success	0	147	805c8c7334c868e18e2be84be95b83cc60895722d739c2b164a68be4cd410c49	99487			cypher-graph-id-predicate	64	1	fixture-tika-11	1	0	0	1	0	1	1	1	63	1	0
graph-id-parameter-wrapped-contains-target-27-targeted	graph-id	graph-id-parameter-wrapped-contains	targeted	graph-id-parameter-equals-and-wrapped-contains	parameters	properties	200	fixture-tika-11	fixture-tika-11	1	947144f7fe63615dab1057f152a266b87c870ae6b1d136ebead3ef2860ecaaf9	success	14	8030	e1858d468e2cee9daff29f91791894b539cc1c9bfb8d57bb0eaa364a24ec0f04	100048		fixture-tika-11	cypher-graph-id-predicate	64	1	fixture-tika-11	1	0	0	1	0	14	1	1	63	1	0
graph-id-parameter-wrapped-contains-target-27-dense	graph-id	graph-id-parameter-wrapped-contains	dense	graph-id-parameter-equals-and-wrapped-contains	parameters	properties	200	fixture-tika-11	fixture-tika-11	1	947144f7fe63615dab1057f152a266b87c870ae6b1d136ebead3ef2860ecaaf9	success	200	95559	bcb492a91a247979acd291eaea381c0db6d952c0baff29193145ae7356b00907	171681		fixture-tika-11	cypher-graph-id-predicate	64	1	fixture-tika-11	1	0	0	1	0	200	1	1	63	1	0
graph-id-parameter-wrapped-contains-target-28-zero	graph-id	graph-id-parameter-wrapped-contains	zero	graph-id-parameter-equals-and-wrapped-contains	parameters	properties	200	fixture-tika-12	fixture-tika-12	1	333b320af3f398d083e1d44b1a79e54fa546da12ce118f18db6f7cc3387398c8	success	0	147	805c8c7334c868e18e2be84be95b83cc60895722d739c2b164a68be4cd410c49	97963			cypher-graph-id-predicate	64	1	fixture-tika-12	1	0	0	1	0	1	1	1	63	1	0
graph-id-parameter-wrapped-contains-target-28-targeted	graph-id	graph-id-parameter-wrapped-contains	targeted	graph-id-parameter-equals-and-wrapped-contains	parameters	properties	200	fixture-tika-12	fixture-tika-12	1	333b320af3f398d083e1d44b1a79e54fa546da12ce118f18db6f7cc3387398c8	success	12	6370	8871e0dc77f7df7110f742adaac439b8d2f4e912a3a21e1793fda026e0955f9b	100328		fixture-tika-12	cypher-graph-id-predicate	64	1	fixture-tika-12	1	0	0	1	0	12	1	1	63	1	0
graph-id-parameter-wrapped-contains-target-28-dense	graph-id	graph-id-parameter-wrapped-contains	dense	graph-id-parameter-equals-and-wrapped-contains	parameters	properties	200	fixture-tika-12	fixture-tika-12	1	333b320af3f398d083e1d44b1a79e54fa546da12ce118f18db6f7cc3387398c8	success	200	101142	3ec255435f1804ca883e61ce69218b0c9b6812e5f4d6241be813f3a04980ff78	176209		fixture-tika-12	cypher-graph-id-predicate	64	1	fixture-tika-12	1	0	0	1	0	200	1	1	63	1	0
graph-id-parameter-wrapped-contains-target-29-zero	graph-id	graph-id-parameter-wrapped-contains	zero	graph-id-parameter-equals-and-wrapped-contains	parameters	properties	200	fixture-tika-13	fixture-tika-13	1	697a328efd3d35078aa3cf7115b978f697299f7e0612d464eae79dc1cbc3f3c7	success	0	147	805c8c7334c868e18e2be84be95b83cc60895722d739c2b164a68be4cd410c49	129933			cypher-graph-id-predicate	64	1	fixture-tika-13	1	0	0	1	0	1	1	1	63	1	0
graph-id-parameter-wrapped-contains-target-29-targeted	graph-id	graph-id-parameter-wrapped-contains	targeted	graph-id-parameter-equals-and-wrapped-contains	parameters	properties	200	fixture-tika-13	fixture-tika-13	1	697a328efd3d35078aa3cf7115b978f697299f7e0612d464eae79dc1cbc3f3c7	success	1	759	7c9cbf2db3468e4d9ec5f9ce37c29746bb3071949804d250165a0310edd3182c	98144		fixture-tika-13	cypher-graph-id-predicate	64	1	fixture-tika-13	1	0	0	1	0	1	1	1	63	1	0
graph-id-parameter-wrapped-contains-target-29-dense	graph-id	graph-id-parameter-wrapped-contains	dense	graph-id-parameter-equals-and-wrapped-contains	parameters	properties	200	fixture-tika-13	fixture-tika-13	1	697a328efd3d35078aa3cf7115b978f697299f7e0612d464eae79dc1cbc3f3c7	success	200	96005	cb6245f16fc1df4cadc32295db3c94d74d99d6ac24ca00ba686085574c3842f9	167844		fixture-tika-13	cypher-graph-id-predicate	64	1	fixture-tika-13	1	0	0	1	0	200	1	1	63	1	0
graph-id-parameter-wrapped-contains-target-30-zero	graph-id	graph-id-parameter-wrapped-contains	zero	graph-id-parameter-equals-and-wrapped-contains	parameters	properties	200	fixture-tika-14	fixture-tika-14	1	530ac22d92e73256c57c4e234fccac50105308bcc26304451ee74f20a619f7a5	success	0	147	805c8c7334c868e18e2be84be95b83cc60895722d739c2b164a68be4cd410c49	96801			cypher-graph-id-predicate	64	1	fixture-tika-14	1	0	0	1	0	1	1	1	63	1	0
graph-id-parameter-wrapped-contains-target-30-targeted	graph-id	graph-id-parameter-wrapped-contains	targeted	graph-id-parameter-equals-and-wrapped-contains	parameters	properties	200	fixture-tika-14	fixture-tika-14	1	530ac22d92e73256c57c4e234fccac50105308bcc26304451ee74f20a619f7a5	success	10	5866	c85815e1257e7d89a547803b839a8fa3d5c32a25ad93fc4df95c67dd0df38386	102852		fixture-tika-14	cypher-graph-id-predicate	64	1	fixture-tika-14	1	0	0	1	0	10	1	1	63	1	0
graph-id-parameter-wrapped-contains-target-30-dense	graph-id	graph-id-parameter-wrapped-contains	dense	graph-id-parameter-equals-and-wrapped-contains	parameters	properties	200	fixture-tika-14	fixture-tika-14	1	530ac22d92e73256c57c4e234fccac50105308bcc26304451ee74f20a619f7a5	success	200	95471	766b9ef7e8ecf0adce38af75461cc8c431950c6a78cf29871668bb82bbc59681	167233		fixture-tika-14	cypher-graph-id-predicate	64	1	fixture-tika-14	1	0	0	1	0	200	1	1	63	1	0
graph-id-parameter-wrapped-contains-target-31-zero	graph-id	graph-id-parameter-wrapped-contains	zero	graph-id-parameter-equals-and-wrapped-contains	parameters	properties	200	fixture-tika-15	fixture-tika-15	1	80331285783d790177bcaeeebf677e98900445b2273d41781c6e07aa5683a500	success	0	147	805c8c7334c868e18e2be84be95b83cc60895722d739c2b164a68be4cd410c49	97433			cypher-graph-id-predicate	64	1	fixture-tika-15	1	0	0	1	0	1	1	1	63	1	0
graph-id-parameter-wrapped-contains-target-31-targeted	graph-id	graph-id-parameter-wrapped-contains	targeted	graph-id-parameter-equals-and-wrapped-contains	parameters	properties	200	fixture-tika-15	fixture-tika-15	1	80331285783d790177bcaeeebf677e98900445b2273d41781c6e07aa5683a500	success	1	779	5b2641a56fc0d1ce3cad560f98de3ab642d893c5f6c2be5bb57444732d364805	98034		fixture-tika-15	cypher-graph-id-predicate	64	1	fixture-tika-15	1	0	0	1	0	1	1	1	63	1	0
graph-id-parameter-wrapped-contains-target-31-dense	graph-id	graph-id-parameter-wrapped-contains	dense	graph-id-parameter-equals-and-wrapped-contains	parameters	properties	200	fixture-tika-15	fixture-tika-15	1	80331285783d790177bcaeeebf677e98900445b2273d41781c6e07aa5683a500	success	200	90493	6cea2d1b1fba9817e31904018fa5ce3734b41bb641feab5c7c6849206b05e3c1	172844		fixture-tika-15	cypher-graph-id-predicate	64	1	fixture-tika-15	1	0	0	1	0	200	1	1	63	1	0
graph-id-parameter-wrapped-contains-target-32-zero	graph-id	graph-id-parameter-wrapped-contains	zero	graph-id-parameter-equals-and-wrapped-contains	parameters	properties	200	fixture-hive-00	fixture-hive-00	1	ea11677be4d3166ee79e7aa4f8c5ff603c5cb6bb9f65649cfc46854eedb1b466	success	0	147	805c8c7334c868e18e2be84be95b83cc60895722d739c2b164a68be4cd410c49	101861			cypher-graph-id-predicate	64	1	fixture-hive-00	1	0	0	1	0	1	1	1	63	1	0
graph-id-parameter-wrapped-contains-target-32-targeted	graph-id	graph-id-parameter-wrapped-contains	targeted	graph-id-parameter-equals-and-wrapped-contains	parameters	properties	200	fixture-hive-00	fixture-hive-00	1	ea11677be4d3166ee79e7aa4f8c5ff603c5cb6bb9f65649cfc46854eedb1b466	success	4	2862	72e96499d86d64ae9da267f3b15791817d4250f06a8dfea9d09edd8c3c23a440	112982		fixture-hive-00	cypher-graph-id-predicate	64	1	fixture-hive-00	1	0	0	1	0	4	1	1	63	1	0
graph-id-parameter-wrapped-contains-target-32-dense	graph-id	graph-id-parameter-wrapped-contains	dense	graph-id-parameter-equals-and-wrapped-contains	parameters	properties	200	fixture-hive-00	fixture-hive-00	1	ea11677be4d3166ee79e7aa4f8c5ff603c5cb6bb9f65649cfc46854eedb1b466	success	200	92864	0ad6a5ae10cb27d8dd28af205e0df8ebd79b3e1ca0079c8c876100ee108fc38d	162334		fixture-hive-00	cypher-graph-id-predicate	64	1	fixture-hive-00	1	0	0	1	0	200	1	1	63	1	0
graph-id-parameter-wrapped-contains-target-33-zero	graph-id	graph-id-parameter-wrapped-contains	zero	graph-id-parameter-equals-and-wrapped-contains	parameters	properties	200	fixture-hive-01	fixture-hive-01	1	3a9bab8befb64a5c5518ec83add10138c13ae31dfad00b5a26547f3cfc2bf0bb	success	0	147	805c8c7334c868e18e2be84be95b83cc60895722d739c2b164a68be4cd410c49	97161			cypher-graph-id-predicate	64	1	fixture-hive-01	1	0	0	1	0	1	1	1	63	1	0
graph-id-parameter-wrapped-contains-target-33-targeted	graph-id	graph-id-parameter-wrapped-contains	targeted	graph-id-parameter-equals-and-wrapped-contains	parameters	properties	200	fixture-hive-01	fixture-hive-01	1	3a9bab8befb64a5c5518ec83add10138c13ae31dfad00b5a26547f3cfc2bf0bb	success	4	2862	5436abb5d5a82ddf1b71cf6459ce0de5fe56d25b825b58b20bbe8cace9e3cde7	98515		fixture-hive-01	cypher-graph-id-predicate	64	1	fixture-hive-01	1	0	0	1	0	4	1	1	63	1	0
graph-id-parameter-wrapped-contains-target-33-dense	graph-id	graph-id-parameter-wrapped-contains	dense	graph-id-parameter-equals-and-wrapped-contains	parameters	properties	200	fixture-hive-01	fixture-hive-01	1	3a9bab8befb64a5c5518ec83add10138c13ae31dfad00b5a26547f3cfc2bf0bb	success	200	92578	e10f119cab32a77f2d8107211e2addcc69d3ab151ee08f60199ff7a8db9b6a1c	165659		fixture-hive-01	cypher-graph-id-predicate	64	1	fixture-hive-01	1	0	0	1	0	200	1	1	63	1	0
graph-id-parameter-wrapped-contains-target-34-zero	graph-id	graph-id-parameter-wrapped-contains	zero	graph-id-parameter-equals-and-wrapped-contains	parameters	properties	200	fixture-hive-02	fixture-hive-02	1	058d31d4f0a17f6c8e80480702d6c2099e48867673bc0a8d99037f2244a27bbf	success	0	147	805c8c7334c868e18e2be84be95b83cc60895722d739c2b164a68be4cd410c49	99075			cypher-graph-id-predicate	64	1	fixture-hive-02	1	0	0	1	0	1	1	1	63	1	0
graph-id-parameter-wrapped-contains-target-34-targeted	graph-id	graph-id-parameter-wrapped-contains	targeted	graph-id-parameter-equals-and-wrapped-contains	parameters	properties	200	fixture-hive-02	fixture-hive-02	1	058d31d4f0a17f6c8e80480702d6c2099e48867673bc0a8d99037f2244a27bbf	success	4	2883	e83a01bd4b4e8f51ba0c51a53e73f87ec8dd6170bd60b37ef57b4eb9aba8bcc7	93956		fixture-hive-02	cypher-graph-id-predicate	64	1	fixture-hive-02	1	0	0	1	0	4	1	1	63	1	0
graph-id-parameter-wrapped-contains-target-34-dense	graph-id	graph-id-parameter-wrapped-contains	dense	graph-id-parameter-equals-and-wrapped-contains	parameters	properties	200	fixture-hive-02	fixture-hive-02	1	058d31d4f0a17f6c8e80480702d6c2099e48867673bc0a8d99037f2244a27bbf	success	200	94183	b06f89a813919b2f4278637c18773fe7508c48351caa08a76cefe1f54c9b7715	176310		fixture-hive-02	cypher-graph-id-predicate	64	1	fixture-hive-02	1	0	0	1	0	200	1	1	63	1	0
graph-id-parameter-wrapped-contains-target-35-zero	graph-id	graph-id-parameter-wrapped-contains	zero	graph-id-parameter-equals-and-wrapped-contains	parameters	properties	200	fixture-hive-03	fixture-hive-03	1	bc37ba5880a9fc3e89dea2bf6571ad8db10f8c499dfca7c678b831d8edb064fe	success	0	147	805c8c7334c868e18e2be84be95b83cc60895722d739c2b164a68be4cd410c49	95028			cypher-graph-id-predicate	64	1	fixture-hive-03	1	0	0	1	0	1	1	1	63	1	0
graph-id-parameter-wrapped-contains-target-35-targeted	graph-id	graph-id-parameter-wrapped-contains	targeted	graph-id-parameter-equals-and-wrapped-contains	parameters	properties	200	fixture-hive-03	fixture-hive-03	1	bc37ba5880a9fc3e89dea2bf6571ad8db10f8c499dfca7c678b831d8edb064fe	success	1	771	134378d176ef9559b3b9b40557762648c5aa55be889ba8cb2e7f752130b85ab7	93105		fixture-hive-03	cypher-graph-id-predicate	64	1	fixture-hive-03	1	0	0	1	0	1	1	1	63	1	0
graph-id-parameter-wrapped-contains-target-35-dense	graph-id	graph-id-parameter-wrapped-contains	dense	graph-id-parameter-equals-and-wrapped-contains	parameters	properties	200	fixture-hive-03	fixture-hive-03	1	bc37ba5880a9fc3e89dea2bf6571ad8db10f8c499dfca7c678b831d8edb064fe	success	200	91613	71eca3baa7c5adda9a19daaba5b66d08f4d30beebcfc1f6f8f3125a009484e93	185888		fixture-hive-03	cypher-graph-id-predicate	64	1	fixture-hive-03	1	0	0	1	0	200	1	1	63	1	0
graph-id-parameter-wrapped-contains-target-36-zero	graph-id	graph-id-parameter-wrapped-contains	zero	graph-id-parameter-equals-and-wrapped-contains	parameters	properties	200	fixture-hive-04	fixture-hive-04	1	d6abca6af79ede3e783b4b1d1bb2f17c22db5cf0b5c70506d31ea6d33509dcc5	success	0	147	805c8c7334c868e18e2be84be95b83cc60895722d739c2b164a68be4cd410c49	99366			cypher-graph-id-predicate	64	1	fixture-hive-04	1	0	0	1	0	1	1	1	63	1	0
graph-id-parameter-wrapped-contains-target-36-targeted	graph-id	graph-id-parameter-wrapped-contains	targeted	graph-id-parameter-equals-and-wrapped-contains	parameters	properties	200	fixture-hive-04	fixture-hive-04	1	d6abca6af79ede3e783b4b1d1bb2f17c22db5cf0b5c70506d31ea6d33509dcc5	success	1	795	6f5022183da52ea8cb963f17c4b86a6270dc9bfe0ca358e5ec7d6bdf4c95879f	126357		fixture-hive-04	cypher-graph-id-predicate	64	1	fixture-hive-04	1	0	0	1	0	1	1	1	63	1	0
graph-id-parameter-wrapped-contains-target-36-dense	graph-id	graph-id-parameter-wrapped-contains	dense	graph-id-parameter-equals-and-wrapped-contains	parameters	properties	200	fixture-hive-04	fixture-hive-04	1	d6abca6af79ede3e783b4b1d1bb2f17c22db5cf0b5c70506d31ea6d33509dcc5	success	200	91716	5d2df55fe9df550bd17a462dbec1bd958f7c0d5940c160537976ecc80d5cb22f	189024		fixture-hive-04	cypher-graph-id-predicate	64	1	fixture-hive-04	1	0	0	1	0	200	1	1	63	1	0
graph-id-parameter-wrapped-contains-target-37-zero	graph-id	graph-id-parameter-wrapped-contains	zero	graph-id-parameter-equals-and-wrapped-contains	parameters	properties	200	fixture-hive-05	fixture-hive-05	1	f7f4c2e85299b39f0b295436a0a678be80ea1fe4bd065c984fac7e3e79c02a1f	success	0	147	805c8c7334c868e18e2be84be95b83cc60895722d739c2b164a68be4cd410c49	102883			cypher-graph-id-predicate	64	1	fixture-hive-05	1	0	0	1	0	1	1	1	63	1	0
graph-id-parameter-wrapped-contains-target-37-targeted	graph-id	graph-id-parameter-wrapped-contains	targeted	graph-id-parameter-equals-and-wrapped-contains	parameters	properties	200	fixture-hive-05	fixture-hive-05	1	f7f4c2e85299b39f0b295436a0a678be80ea1fe4bd065c984fac7e3e79c02a1f	success	51	31472	b9433fbd59011f3771f14c8abacb0cbca913b3ccb9b85649a8f98d4c6f628703	119594		fixture-hive-05	cypher-graph-id-predicate	64	1	fixture-hive-05	1	0	0	1	0	51	1	1	63	1	0
graph-id-parameter-wrapped-contains-target-37-dense	graph-id	graph-id-parameter-wrapped-contains	dense	graph-id-parameter-equals-and-wrapped-contains	parameters	properties	200	fixture-hive-05	fixture-hive-05	1	f7f4c2e85299b39f0b295436a0a678be80ea1fe4bd065c984fac7e3e79c02a1f	success	200	91795	dbb6e258143695218279e10cbea2bf21ad0c5b1330a8fc3e3470b176ae0b6f42	173274		fixture-hive-05	cypher-graph-id-predicate	64	1	fixture-hive-05	1	0	0	1	0	200	1	1	63	1	0
graph-id-parameter-wrapped-contains-target-38-zero	graph-id	graph-id-parameter-wrapped-contains	zero	graph-id-parameter-equals-and-wrapped-contains	parameters	properties	200	fixture-hive-06	fixture-hive-06	1	ddfe0a17a6b176061c6908248fc9bbb24510f00e8ed40c2c068587464d0ab767	success	0	147	805c8c7334c868e18e2be84be95b83cc60895722d739c2b164a68be4cd410c49	95669			cypher-graph-id-predicate	64	1	fixture-hive-06	1	0	0	1	0	1	1	1	63	1	0
graph-id-parameter-wrapped-contains-target-38-targeted	graph-id	graph-id-parameter-wrapped-contains	targeted	graph-id-parameter-equals-and-wrapped-contains	parameters	properties	200	fixture-hive-06	fixture-hive-06	1	ddfe0a17a6b176061c6908248fc9bbb24510f00e8ed40c2c068587464d0ab767	success	1	801	6e224732564976ab3ad1b488a2dcb0c2a2f84050ab25d529f41b87f4de3c406c	96100		fixture-hive-06	cypher-graph-id-predicate	64	1	fixture-hive-06	1	0	0	1	0	1	1	1	63	1	0
graph-id-parameter-wrapped-contains-target-38-dense	graph-id	graph-id-parameter-wrapped-contains	dense	graph-id-parameter-equals-and-wrapped-contains	parameters	properties	200	fixture-hive-06	fixture-hive-06	1	ddfe0a17a6b176061c6908248fc9bbb24510f00e8ed40c2c068587464d0ab767	success	200	92968	77adda61bf8a66745500e9e1b739302ae425b75af5d5199095bd9c0f56151e04	184846		fixture-hive-06	cypher-graph-id-predicate	64	1	fixture-hive-06	1	0	0	1	0	200	1	1	63	1	0
graph-id-parameter-wrapped-contains-target-39-zero	graph-id	graph-id-parameter-wrapped-contains	zero	graph-id-parameter-equals-and-wrapped-contains	parameters	properties	200	fixture-hive-07	fixture-hive-07	1	5b909537f8397e9b454c56026974d9a0348f5c6147e1f2169fbaaa2eb1645822	success	0	147	805c8c7334c868e18e2be84be95b83cc60895722d739c2b164a68be4cd410c49	94076			cypher-graph-id-predicate	64	1	fixture-hive-07	1	0	0	1	0	1	1	1	63	1	0
graph-id-parameter-wrapped-contains-target-39-targeted	graph-id	graph-id-parameter-wrapped-contains	targeted	graph-id-parameter-equals-and-wrapped-contains	parameters	properties	200	fixture-hive-07	fixture-hive-07	1	5b909537f8397e9b454c56026974d9a0348f5c6147e1f2169fbaaa2eb1645822	success	4	2855	db8e5b7500b38c30ff9ca554407e1c3f066cc32ce80520e31c63fe8f4f34048e	96871		fixture-hive-07	cypher-graph-id-predicate	64	1	fixture-hive-07	1	0	0	1	0	4	1	1	63	1	0
graph-id-parameter-wrapped-contains-target-39-dense	graph-id	graph-id-parameter-wrapped-contains	dense	graph-id-parameter-equals-and-wrapped-contains	parameters	properties	200	fixture-hive-07	fixture-hive-07	1	5b909537f8397e9b454c56026974d9a0348f5c6147e1f2169fbaaa2eb1645822	success	200	91298	153dc7ab9d3d22961d16bfae52d0b5cd4c7d97177e0e57e7c086294f37d00f0f	161983		fixture-hive-07	cypher-graph-id-predicate	64	1	fixture-hive-07	1	0	0	1	0	200	1	1	63	1	0
graph-id-parameter-wrapped-contains-target-40-zero	graph-id	graph-id-parameter-wrapped-contains	zero	graph-id-parameter-equals-and-wrapped-contains	parameters	properties	200	fixture-hive-08	fixture-hive-08	1	a73da7b76b921f77b9fadceff4ca8a9274fa7524e6ce2fb87c035b118fdb9e31	success	0	147	805c8c7334c868e18e2be84be95b83cc60895722d739c2b164a68be4cd410c49	102652			cypher-graph-id-predicate	64	1	fixture-hive-08	1	0	0	1	0	1	1	1	63	1	0
graph-id-parameter-wrapped-contains-target-40-targeted	graph-id	graph-id-parameter-wrapped-contains	targeted	graph-id-parameter-equals-and-wrapped-contains	parameters	properties	200	fixture-hive-08	fixture-hive-08	1	a73da7b76b921f77b9fadceff4ca8a9274fa7524e6ce2fb87c035b118fdb9e31	success	4	2911	6520445594f6fc1d080f2e441beea159540f21b52c555b515dbd7ba1fee2a37f	100879		fixture-hive-08	cypher-graph-id-predicate	64	1	fixture-hive-08	1	0	0	1	0	4	1	1	63	1	0
graph-id-parameter-wrapped-contains-target-40-dense	graph-id	graph-id-parameter-wrapped-contains	dense	graph-id-parameter-equals-and-wrapped-contains	parameters	properties	200	fixture-hive-08	fixture-hive-08	1	a73da7b76b921f77b9fadceff4ca8a9274fa7524e6ce2fb87c035b118fdb9e31	success	200	95189	6547ed796970ad3186785ae6dc7d6b1328d226d1878e5144fdb98c21fcba06f9	167103		fixture-hive-08	cypher-graph-id-predicate	64	1	fixture-hive-08	1	0	0	1	0	200	1	1	63	1	0
graph-id-parameter-wrapped-contains-target-41-zero	graph-id	graph-id-parameter-wrapped-contains	zero	graph-id-parameter-equals-and-wrapped-contains	parameters	properties	200	fixture-hive-09	fixture-hive-09	1	295df7bb9f479be56469bcfb34b70c143d1aff6e47944b80de9fd42e774be779	success	0	147	805c8c7334c868e18e2be84be95b83cc60895722d739c2b164a68be4cd410c49	96481			cypher-graph-id-predicate	64	1	fixture-hive-09	1	0	0	1	0	1	1	1	63	1	0
graph-id-parameter-wrapped-contains-target-41-targeted	graph-id	graph-id-parameter-wrapped-contains	targeted	graph-id-parameter-equals-and-wrapped-contains	parameters	properties	200	fixture-hive-09	fixture-hive-09	1	295df7bb9f479be56469bcfb34b70c143d1aff6e47944b80de9fd42e774be779	success	4	2883	42fd2fd2ff37d34c0cfb2146cde4be9387147a4cc07443bd58969c3f1e25556e	98455		fixture-hive-09	cypher-graph-id-predicate	64	1	fixture-hive-09	1	0	0	1	0	4	1	1	63	1	0
graph-id-parameter-wrapped-contains-target-41-dense	graph-id	graph-id-parameter-wrapped-contains	dense	graph-id-parameter-equals-and-wrapped-contains	parameters	properties	200	fixture-hive-09	fixture-hive-09	1	295df7bb9f479be56469bcfb34b70c143d1aff6e47944b80de9fd42e774be779	success	200	92146	1d23f5a918b6a408d8eae300e7aa799801aecc62fcc85667af567e3c95156cb9	164197		fixture-hive-09	cypher-graph-id-predicate	64	1	fixture-hive-09	1	0	0	1	0	200	1	1	63	1	0
graph-id-parameter-wrapped-contains-target-42-zero	graph-id	graph-id-parameter-wrapped-contains	zero	graph-id-parameter-equals-and-wrapped-contains	parameters	properties	200	fixture-hive-10	fixture-hive-10	1	e942f277a2b44bd11b03bd9380dd5388338721030a1701c31ff2277dd8f8cd9a	success	0	147	805c8c7334c868e18e2be84be95b83cc60895722d739c2b164a68be4cd410c49	95629			cypher-graph-id-predicate	64	1	fixture-hive-10	1	0	0	1	0	1	1	1	63	1	0
graph-id-parameter-wrapped-contains-target-42-targeted	graph-id	graph-id-parameter-wrapped-contains	targeted	graph-id-parameter-equals-and-wrapped-contains	parameters	properties	200	fixture-hive-10	fixture-hive-10	1	e942f277a2b44bd11b03bd9380dd5388338721030a1701c31ff2277dd8f8cd9a	success	63	39077	2d20a012ee335ff72d99f67135e1ac36defbca676c07a298d3df15c7c1e33f7d	137317		fixture-hive-10	cypher-graph-id-predicate	64	1	fixture-hive-10	1	0	0	1	0	63	1	1	63	1	0
graph-id-parameter-wrapped-contains-target-42-dense	graph-id	graph-id-parameter-wrapped-contains	dense	graph-id-parameter-equals-and-wrapped-contains	parameters	properties	200	fixture-hive-10	fixture-hive-10	1	e942f277a2b44bd11b03bd9380dd5388338721030a1701c31ff2277dd8f8cd9a	success	200	93248	bd7a2cfc84011237aca413f8fd4b6ee9130043dc1530bc214cc965d935dc3d88	165119		fixture-hive-10	cypher-graph-id-predicate	64	1	fixture-hive-10	1	0	0	1	0	200	1	1	63	1	0
graph-id-parameter-wrapped-contains-target-43-zero	graph-id	graph-id-parameter-wrapped-contains	zero	graph-id-parameter-equals-and-wrapped-contains	parameters	properties	200	fixture-hive-11	fixture-hive-11	1	fc0779b8fe9d9937d1e4cb4a3dba1379fc83c9a81125f4350e46a986c8531889	success	0	147	805c8c7334c868e18e2be84be95b83cc60895722d739c2b164a68be4cd410c49	97112			cypher-graph-id-predicate	64	1	fixture-hive-11	1	0	0	1	0	1	1	1	63	1	0
graph-id-parameter-wrapped-contains-target-43-targeted	graph-id	graph-id-parameter-wrapped-contains	targeted	graph-id-parameter-equals-and-wrapped-contains	parameters	properties	200	fixture-hive-11	fixture-hive-11	1	fc0779b8fe9d9937d1e4cb4a3dba1379fc83c9a81125f4350e46a986c8531889	success	4	2743	a7aaae25732eb3fc39e7e9697120f6a4534e52262fb153e4201e51d7b31e4606	95048		fixture-hive-11	cypher-graph-id-predicate	64	1	fixture-hive-11	1	0	0	1	0	4	1	1	63	1	0
graph-id-parameter-wrapped-contains-target-43-dense	graph-id	graph-id-parameter-wrapped-contains	dense	graph-id-parameter-equals-and-wrapped-contains	parameters	properties	200	fixture-hive-11	fixture-hive-11	1	fc0779b8fe9d9937d1e4cb4a3dba1379fc83c9a81125f4350e46a986c8531889	success	200	94063	f5c81d8aabcfe449e1a20e1133f0ce5a6c25cde54cfb7e82531ff93f87b6f89e	174576		fixture-hive-11	cypher-graph-id-predicate	64	1	fixture-hive-11	1	0	0	1	0	200	1	1	63	1	0
graph-id-parameter-wrapped-contains-target-44-zero	graph-id	graph-id-parameter-wrapped-contains	zero	graph-id-parameter-equals-and-wrapped-contains	parameters	properties	200	fixture-hive-12	fixture-hive-12	1	b0c62bc41512e26a42d23ec1fd21c12eb0d433e252eed22e92d2246689f7489a	success	0	147	805c8c7334c868e18e2be84be95b83cc60895722d739c2b164a68be4cd410c49	100779			cypher-graph-id-predicate	64	1	fixture-hive-12	1	0	0	1	0	1	1	1	63	1	0
graph-id-parameter-wrapped-contains-target-44-targeted	graph-id	graph-id-parameter-wrapped-contains	targeted	graph-id-parameter-equals-and-wrapped-contains	parameters	properties	200	fixture-hive-12	fixture-hive-12	1	b0c62bc41512e26a42d23ec1fd21c12eb0d433e252eed22e92d2246689f7489a	success	4	2890	b8c7750587d3cb95373de074cba017cf14e5d85811bfc8cc2b49fa06615dc14f	97533		fixture-hive-12	cypher-graph-id-predicate	64	1	fixture-hive-12	1	0	0	1	0	4	1	1	63	1	0
graph-id-parameter-wrapped-contains-target-44-dense	graph-id	graph-id-parameter-wrapped-contains	dense	graph-id-parameter-equals-and-wrapped-contains	parameters	properties	200	fixture-hive-12	fixture-hive-12	1	b0c62bc41512e26a42d23ec1fd21c12eb0d433e252eed22e92d2246689f7489a	success	200	90517	901cb7ad5a7cef604f7264d87d81f85a7b3e521b0175839dd61f15fa140b58cf	169888		fixture-hive-12	cypher-graph-id-predicate	64	1	fixture-hive-12	1	0	0	1	0	200	1	1	63	1	0
graph-id-parameter-wrapped-contains-target-45-zero	graph-id	graph-id-parameter-wrapped-contains	zero	graph-id-parameter-equals-and-wrapped-contains	parameters	properties	200	fixture-hive-13	fixture-hive-13	1	2f758a1599ac4d799ee27ae81f81bfe54bc6240d59e8f003bf5cd782742affd0	success	0	147	805c8c7334c868e18e2be84be95b83cc60895722d739c2b164a68be4cd410c49	96411			cypher-graph-id-predicate	64	1	fixture-hive-13	1	0	0	1	0	1	1	1	63	1	0
graph-id-parameter-wrapped-contains-target-45-targeted	graph-id	graph-id-parameter-wrapped-contains	targeted	graph-id-parameter-equals-and-wrapped-contains	parameters	properties	200	fixture-hive-13	fixture-hive-13	1	2f758a1599ac4d799ee27ae81f81bfe54bc6240d59e8f003bf5cd782742affd0	success	1	807	7a2ea6e6b7c61f333c01be975226570ddf428683fdf6c4eb419e09457718acf9	95740		fixture-hive-13	cypher-graph-id-predicate	64	1	fixture-hive-13	1	0	0	1	0	1	1	1	63	1	0
graph-id-parameter-wrapped-contains-target-45-dense	graph-id	graph-id-parameter-wrapped-contains	dense	graph-id-parameter-equals-and-wrapped-contains	parameters	properties	200	fixture-hive-13	fixture-hive-13	1	2f758a1599ac4d799ee27ae81f81bfe54bc6240d59e8f003bf5cd782742affd0	success	200	92534	8ce2fca3adf975e2913f1d7a0f91465f04ef5e5cdbaaa1f51ca68901be616480	174908		fixture-hive-13	cypher-graph-id-predicate	64	1	fixture-hive-13	1	0	0	1	0	200	1	1	63	1	0
graph-id-parameter-wrapped-contains-target-46-zero	graph-id	graph-id-parameter-wrapped-contains	zero	graph-id-parameter-equals-and-wrapped-contains	parameters	properties	200	fixture-hive-14	fixture-hive-14	1	960cf66cc8af0003002afe076d1f893b29b2a55fabfac7d5316eb3e3b9c46f67	success	0	147	805c8c7334c868e18e2be84be95b83cc60895722d739c2b164a68be4cd410c49	97853			cypher-graph-id-predicate	64	1	fixture-hive-14	1	0	0	1	0	1	1	1	63	1	0
graph-id-parameter-wrapped-contains-target-46-targeted	graph-id	graph-id-parameter-wrapped-contains	targeted	graph-id-parameter-equals-and-wrapped-contains	parameters	properties	200	fixture-hive-14	fixture-hive-14	1	960cf66cc8af0003002afe076d1f893b29b2a55fabfac7d5316eb3e3b9c46f67	success	45	27605	5de372ca8e19ec486456452fc7bd2d9f18c4d7b0beb5e238b24073911e1d2e3a	172703		fixture-hive-14	cypher-graph-id-predicate	64	1	fixture-hive-14	1	0	0	1	0	45	1	1	63	1	0
graph-id-parameter-wrapped-contains-target-46-dense	graph-id	graph-id-parameter-wrapped-contains	dense	graph-id-parameter-equals-and-wrapped-contains	parameters	properties	200	fixture-hive-14	fixture-hive-14	1	960cf66cc8af0003002afe076d1f893b29b2a55fabfac7d5316eb3e3b9c46f67	success	200	96641	3ad39c9167b00424c5957087068cab90d47268c9063b8d9e565113275edd98c8	182021		fixture-hive-14	cypher-graph-id-predicate	64	1	fixture-hive-14	1	0	0	1	0	200	1	1	63	1	0
graph-id-parameter-wrapped-contains-target-47-zero	graph-id	graph-id-parameter-wrapped-contains	zero	graph-id-parameter-equals-and-wrapped-contains	parameters	properties	200	fixture-hive-15	fixture-hive-15	1	d5c3f70f4e04fa9e3851b5ba956c39c64ff3bf4c48028255a069369d65d3e3dc	success	0	147	805c8c7334c868e18e2be84be95b83cc60895722d739c2b164a68be4cd410c49	97393			cypher-graph-id-predicate	64	1	fixture-hive-15	1	0	0	1	0	1	1	1	63	1	0
graph-id-parameter-wrapped-contains-target-47-targeted	graph-id	graph-id-parameter-wrapped-contains	targeted	graph-id-parameter-equals-and-wrapped-contains	parameters	properties	200	fixture-hive-15	fixture-hive-15	1	d5c3f70f4e04fa9e3851b5ba956c39c64ff3bf4c48028255a069369d65d3e3dc	success	66	40159	fcfc173325ae104971344d6daea93c8089a472f712f938cfbd16c519ba82c551	149149		fixture-hive-15	cypher-graph-id-predicate	64	1	fixture-hive-15	1	0	0	1	0	66	1	1	63	1	0
graph-id-parameter-wrapped-contains-target-47-dense	graph-id	graph-id-parameter-wrapped-contains	dense	graph-id-parameter-equals-and-wrapped-contains	parameters	properties	200	fixture-hive-15	fixture-hive-15	1	d5c3f70f4e04fa9e3851b5ba956c39c64ff3bf4c48028255a069369d65d3e3dc	success	200	97359	d162ad37d2e7b659e55cddb63b7d42e922fbd2396ae9679f7648226751bb7a13	249999		fixture-hive-15	cypher-graph-id-predicate	64	1	fixture-hive-15	1	0	0	1	0	200	1	1	63	1	0
graph-id-parameter-wrapped-contains-target-48-zero	graph-id	graph-id-parameter-wrapped-contains	zero	graph-id-parameter-equals-and-wrapped-contains	parameters	properties	200	fixture-kotlin-compiler-00	fixture-kotlin-compiler-00	1	e0590ddba3b9b9f8de79bee6771cc2f41482d9bcf2b6d495c533f4d523602a1c	success	0	147	805c8c7334c868e18e2be84be95b83cc60895722d739c2b164a68be4cd410c49	111229			cypher-graph-id-predicate	64	1	fixture-kotlin-compiler-00	1	0	0	1	0	1	1	1	63	1	0
graph-id-parameter-wrapped-contains-target-48-targeted	graph-id	graph-id-parameter-wrapped-contains	targeted	graph-id-parameter-equals-and-wrapped-contains	parameters	properties	200	fixture-kotlin-compiler-00	fixture-kotlin-compiler-00	1	e0590ddba3b9b9f8de79bee6771cc2f41482d9bcf2b6d495c533f4d523602a1c	success	10	6351	274597a5e0e535d6581734920f9ffbc39062a84a13ad9d85823a8f12df219dfd	109656		fixture-kotlin-compiler-00	cypher-graph-id-predicate	64	1	fixture-kotlin-compiler-00	1	0	0	1	0	10	1	1	63	1	0
graph-id-parameter-wrapped-contains-target-48-dense	graph-id	graph-id-parameter-wrapped-contains	dense	graph-id-parameter-equals-and-wrapped-contains	parameters	properties	200	fixture-kotlin-compiler-00	fixture-kotlin-compiler-00	1	e0590ddba3b9b9f8de79bee6771cc2f41482d9bcf2b6d495c533f4d523602a1c	success	200	97301	4abd067ea3c7496241f2623586a132809a81e33bd08c7645b717be3ee7ee2542	196588		fixture-kotlin-compiler-00	cypher-graph-id-predicate	64	1	fixture-kotlin-compiler-00	1	0	0	1	0	200	1	1	63	1	0
graph-id-parameter-wrapped-contains-target-49-zero	graph-id	graph-id-parameter-wrapped-contains	zero	graph-id-parameter-equals-and-wrapped-contains	parameters	properties	200	fixture-kotlin-compiler-01	fixture-kotlin-compiler-01	1	a2378f34cd746f343988852d75ea5d50b8bfe89e6cd965dacb19b742e3a8c966	success	0	147	805c8c7334c868e18e2be84be95b83cc60895722d739c2b164a68be4cd410c49	114825			cypher-graph-id-predicate	64	1	fixture-kotlin-compiler-01	1	0	0	1	0	1	1	1	63	1	0
graph-id-parameter-wrapped-contains-target-49-targeted	graph-id	graph-id-parameter-wrapped-contains	targeted	graph-id-parameter-equals-and-wrapped-contains	parameters	properties	200	fixture-kotlin-compiler-01	fixture-kotlin-compiler-01	1	a2378f34cd746f343988852d75ea5d50b8bfe89e6cd965dacb19b742e3a8c966	success	4	2598	d72c68d3fe0e8e0257e28136dfcba3f279a31d304b51dc9611dfa7b0f16169a8	120736		fixture-kotlin-compiler-01	cypher-graph-id-predicate	64	1	fixture-kotlin-compiler-01	1	0	0	1	0	4	1	1	63	1	0
graph-id-parameter-wrapped-contains-target-49-dense	graph-id	graph-id-parameter-wrapped-contains	dense	graph-id-parameter-equals-and-wrapped-contains	parameters	properties	200	fixture-kotlin-compiler-01	fixture-kotlin-compiler-01	1	a2378f34cd746f343988852d75ea5d50b8bfe89e6cd965dacb19b742e3a8c966	success	200	95854	6848b85ce01299f2ea05bcca3edaa8c69792c61113aeaea43a401f01793bb61d	174246		fixture-kotlin-compiler-01	cypher-graph-id-predicate	64	1	fixture-kotlin-compiler-01	1	0	0	1	0	200	1	1	63	1	0
graph-id-parameter-wrapped-contains-target-50-zero	graph-id	graph-id-parameter-wrapped-contains	zero	graph-id-parameter-equals-and-wrapped-contains	parameters	properties	200	fixture-kotlin-compiler-02	fixture-kotlin-compiler-02	1	b4996e09ff7c9fb90ce978374faa803d01485382a499402abfd9028048b79bf7	success	0	147	805c8c7334c868e18e2be84be95b83cc60895722d739c2b164a68be4cd410c49	100759			cypher-graph-id-predicate	64	1	fixture-kotlin-compiler-02	1	0	0	1	0	1	1	1	63	1	0
graph-id-parameter-wrapped-contains-target-50-targeted	graph-id	graph-id-parameter-wrapped-contains	targeted	graph-id-parameter-equals-and-wrapped-contains	parameters	properties	200	fixture-kotlin-compiler-02	fixture-kotlin-compiler-02	1	b4996e09ff7c9fb90ce978374faa803d01485382a499402abfd9028048b79bf7	success	1	791	85dd6bfd8cfa28628294c822275e5bb7a279ea8142c47ff362a55c060e68da37	96561		fixture-kotlin-compiler-02	cypher-graph-id-predicate	64	1	fixture-kotlin-compiler-02	1	0	0	1	0	1	1	1	63	1	0
graph-id-parameter-wrapped-contains-target-50-dense	graph-id	graph-id-parameter-wrapped-contains	dense	graph-id-parameter-equals-and-wrapped-contains	parameters	properties	200	fixture-kotlin-compiler-02	fixture-kotlin-compiler-02	1	b4996e09ff7c9fb90ce978374faa803d01485382a499402abfd9028048b79bf7	success	200	91564	fbf180fab82c32493738bb60bb29955d3f45810bb23806d614f71964200069bc	180228		fixture-kotlin-compiler-02	cypher-graph-id-predicate	64	1	fixture-kotlin-compiler-02	1	0	0	1	0	200	1	1	63	1	0
graph-id-parameter-wrapped-contains-target-51-zero	graph-id	graph-id-parameter-wrapped-contains	zero	graph-id-parameter-equals-and-wrapped-contains	parameters	properties	200	fixture-kotlin-compiler-03	fixture-kotlin-compiler-03	1	a2350bbcc2f1ba8738ae72b167e586240ce7149551e3fba11f7a358d11b7801e	success	0	147	805c8c7334c868e18e2be84be95b83cc60895722d739c2b164a68be4cd410c49	95629			cypher-graph-id-predicate	64	1	fixture-kotlin-compiler-03	1	0	0	1	0	1	1	1	63	1	0
graph-id-parameter-wrapped-contains-target-51-targeted	graph-id	graph-id-parameter-wrapped-contains	targeted	graph-id-parameter-equals-and-wrapped-contains	parameters	properties	200	fixture-kotlin-compiler-03	fixture-kotlin-compiler-03	1	a2350bbcc2f1ba8738ae72b167e586240ce7149551e3fba11f7a358d11b7801e	success	1	798	64ae9673d519a121b865dc50f576291bddc3c4c81c474d10cfb9d0da1dce7c60	89037		fixture-kotlin-compiler-03	cypher-graph-id-predicate	64	1	fixture-kotlin-compiler-03	1	0	0	1	0	1	1	1	63	1	0
graph-id-parameter-wrapped-contains-target-51-dense	graph-id	graph-id-parameter-wrapped-contains	dense	graph-id-parameter-equals-and-wrapped-contains	parameters	properties	200	fixture-kotlin-compiler-03	fixture-kotlin-compiler-03	1	a2350bbcc2f1ba8738ae72b167e586240ce7149551e3fba11f7a358d11b7801e	success	200	94730	d508f1cb1d0c5646118a68e8a87c49c66a454661e438e3f033289c173598f51f	166662		fixture-kotlin-compiler-03	cypher-graph-id-predicate	64	1	fixture-kotlin-compiler-03	1	0	0	1	0	200	1	1	63	1	0
graph-id-parameter-wrapped-contains-target-52-zero	graph-id	graph-id-parameter-wrapped-contains	zero	graph-id-parameter-equals-and-wrapped-contains	parameters	properties	200	fixture-kotlin-compiler-04	fixture-kotlin-compiler-04	1	1835d0591826a821b1c4a8a0df21cd273c40697176c253109b1663d9e56d64a0	success	0	147	805c8c7334c868e18e2be84be95b83cc60895722d739c2b164a68be4cd410c49	81263			cypher-graph-id-predicate	64	1	fixture-kotlin-compiler-04	1	0	0	1	0	1	1	1	63	1	0
graph-id-parameter-wrapped-contains-target-52-targeted	graph-id	graph-id-parameter-wrapped-contains	targeted	graph-id-parameter-equals-and-wrapped-contains	parameters	properties	200	fixture-kotlin-compiler-04	fixture-kotlin-compiler-04	1	1835d0591826a821b1c4a8a0df21cd273c40697176c253109b1663d9e56d64a0	success	1	792	6691abe0a1f608719107bf4ffc3fa52632123ab77cb7c2c3c6536cd32de533b1	79138		fixture-kotlin-compiler-04	cypher-graph-id-predicate	64	1	fixture-kotlin-compiler-04	1	0	0	1	0	1	1	1	63	1	0
graph-id-parameter-wrapped-contains-target-52-dense	graph-id	graph-id-parameter-wrapped-contains	dense	graph-id-parameter-equals-and-wrapped-contains	parameters	properties	200	fixture-kotlin-compiler-04	fixture-kotlin-compiler-04	1	1835d0591826a821b1c4a8a0df21cd273c40697176c253109b1663d9e56d64a0	success	200	96891	db4b9bfadbbb61a039e76484090eda57349ec9585a7c795f46793352fb739e7c	167603		fixture-kotlin-compiler-04	cypher-graph-id-predicate	64	1	fixture-kotlin-compiler-04	1	0	0	1	0	200	1	1	63	1	0
graph-id-parameter-wrapped-contains-target-53-zero	graph-id	graph-id-parameter-wrapped-contains	zero	graph-id-parameter-equals-and-wrapped-contains	parameters	properties	200	fixture-kotlin-compiler-05	fixture-kotlin-compiler-05	1	65de36ec09041582c4ff4a57708f099a7d72d4907a327e47ae026767f5ff0db0	success	0	147	805c8c7334c868e18e2be84be95b83cc60895722d739c2b164a68be4cd410c49	88916			cypher-graph-id-predicate	64	1	fixture-kotlin-compiler-05	1	0	0	1	0	1	1	1	63	1	0
graph-id-parameter-wrapped-contains-target-53-targeted	graph-id	graph-id-parameter-wrapped-contains	targeted	graph-id-parameter-equals-and-wrapped-contains	parameters	properties	200	fixture-kotlin-compiler-05	fixture-kotlin-compiler-05	1	65de36ec09041582c4ff4a57708f099a7d72d4907a327e47ae026767f5ff0db0	success	6	3910	d987ccd9722d9cd5492fcbb62423f1a89bb41e05ea0e3fb44e7cc793b9656b12	115917		fixture-kotlin-compiler-05	cypher-graph-id-predicate	64	1	fixture-kotlin-compiler-05	1	0	0	1	0	6	1	1	63	1	0
graph-id-parameter-wrapped-contains-target-53-dense	graph-id	graph-id-parameter-wrapped-contains	dense	graph-id-parameter-equals-and-wrapped-contains	parameters	properties	200	fixture-kotlin-compiler-05	fixture-kotlin-compiler-05	1	65de36ec09041582c4ff4a57708f099a7d72d4907a327e47ae026767f5ff0db0	success	200	94720	c9e7b59e830a820a47234ca1fd54046d1c260db318e05adc24dc748ca7fe29c0	188853		fixture-kotlin-compiler-05	cypher-graph-id-predicate	64	1	fixture-kotlin-compiler-05	1	0	0	1	0	200	1	1	63	1	0
graph-id-parameter-wrapped-contains-target-54-zero	graph-id	graph-id-parameter-wrapped-contains	zero	graph-id-parameter-equals-and-wrapped-contains	parameters	properties	200	fixture-kotlin-compiler-06	fixture-kotlin-compiler-06	1	455e2dea20c33d78ad4888048700c76ead131cc5fff61b1b6745f3cf019d98c7	success	0	147	805c8c7334c868e18e2be84be95b83cc60895722d739c2b164a68be4cd410c49	103584			cypher-graph-id-predicate	64	1	fixture-kotlin-compiler-06	1	0	0	1	0	1	1	1	63	1	0
graph-id-parameter-wrapped-contains-target-54-targeted	graph-id	graph-id-parameter-wrapped-contains	targeted	graph-id-parameter-equals-and-wrapped-contains	parameters	properties	200	fixture-kotlin-compiler-06	fixture-kotlin-compiler-06	1	455e2dea20c33d78ad4888048700c76ead131cc5fff61b1b6745f3cf019d98c7	success	3	1869	5157205e66d4cebff8b628175c555fdb333564013eabc5f496e37f9a4ad2b606	96400		fixture-kotlin-compiler-06	cypher-graph-id-predicate	64	1	fixture-kotlin-compiler-06	1	0	0	1	0	3	1	1	63	1	0
graph-id-parameter-wrapped-contains-target-54-dense	graph-id	graph-id-parameter-wrapped-contains	dense	graph-id-parameter-equals-and-wrapped-contains	parameters	properties	200	fixture-kotlin-compiler-06	fixture-kotlin-compiler-06	1	455e2dea20c33d78ad4888048700c76ead131cc5fff61b1b6745f3cf019d98c7	success	200	92798	60b390f0b190e46f6fd1b4929641c7324c9142e0f18a85bc338e7b41ebe62db5	168575		fixture-kotlin-compiler-06	cypher-graph-id-predicate	64	1	fixture-kotlin-compiler-06	1	0	0	1	0	200	1	1	63	1	0
graph-id-parameter-wrapped-contains-target-55-zero	graph-id	graph-id-parameter-wrapped-contains	zero	graph-id-parameter-equals-and-wrapped-contains	parameters	properties	200	fixture-kotlin-compiler-07	fixture-kotlin-compiler-07	1	6c1c49dd5e3fe90a5fa68f9ab09606732d59b2cb006a42f463d6390d9a27f2a1	success	0	147	805c8c7334c868e18e2be84be95b83cc60895722d739c2b164a68be4cd410c49	95919			cypher-graph-id-predicate	64	1	fixture-kotlin-compiler-07	1	0	0	1	0	1	1	1	63	1	0
graph-id-parameter-wrapped-contains-target-55-targeted	graph-id	graph-id-parameter-wrapped-contains	targeted	graph-id-parameter-equals-and-wrapped-contains	parameters	properties	200	fixture-kotlin-compiler-07	fixture-kotlin-compiler-07	1	6c1c49dd5e3fe90a5fa68f9ab09606732d59b2cb006a42f463d6390d9a27f2a1	success	10	6054	f5c10be5db49f33f0b8307328bfb058b342da4d9241c33217038447620028ab5	99095		fixture-kotlin-compiler-07	cypher-graph-id-predicate	64	1	fixture-kotlin-compiler-07	1	0	0	1	0	10	1	1	63	1	0
graph-id-parameter-wrapped-contains-target-55-dense	graph-id	graph-id-parameter-wrapped-contains	dense	graph-id-parameter-equals-and-wrapped-contains	parameters	properties	200	fixture-kotlin-compiler-07	fixture-kotlin-compiler-07	1	6c1c49dd5e3fe90a5fa68f9ab09606732d59b2cb006a42f463d6390d9a27f2a1	success	200	96112	0f6d4800cdd86ccdf20aab2fe6bd2924f66d70c9fcca46057385e09ba151a798	168585		fixture-kotlin-compiler-07	cypher-graph-id-predicate	64	1	fixture-kotlin-compiler-07	1	0	0	1	0	200	1	1	63	1	0
graph-id-parameter-wrapped-contains-target-56-zero	graph-id	graph-id-parameter-wrapped-contains	zero	graph-id-parameter-equals-and-wrapped-contains	parameters	properties	200	fixture-kotlin-compiler-08	fixture-kotlin-compiler-08	1	37be466842d1f239df76fe55e92f6769fc0b2d6e47e43f0020c40a8ce8422cb0	success	0	147	805c8c7334c868e18e2be84be95b83cc60895722d739c2b164a68be4cd410c49	100949			cypher-graph-id-predicate	64	1	fixture-kotlin-compiler-08	1	0	0	1	0	1	1	1	63	1	0
graph-id-parameter-wrapped-contains-target-56-targeted	graph-id	graph-id-parameter-wrapped-contains	targeted	graph-id-parameter-equals-and-wrapped-contains	parameters	properties	200	fixture-kotlin-compiler-08	fixture-kotlin-compiler-08	1	37be466842d1f239df76fe55e92f6769fc0b2d6e47e43f0020c40a8ce8422cb0	success	1	802	7ebbe5301915ad5c39692b733c3f39851576d09270c89f830b9e80b342a866f6	93756		fixture-kotlin-compiler-08	cypher-graph-id-predicate	64	1	fixture-kotlin-compiler-08	1	0	0	1	0	1	1	1	63	1	0
graph-id-parameter-wrapped-contains-target-56-dense	graph-id	graph-id-parameter-wrapped-contains	dense	graph-id-parameter-equals-and-wrapped-contains	parameters	properties	200	fixture-kotlin-compiler-08	fixture-kotlin-compiler-08	1	37be466842d1f239df76fe55e92f6769fc0b2d6e47e43f0020c40a8ce8422cb0	success	200	93704	b778fc4edfb3c1031b90b2d3d121fd31958733afdc68d3f1cde538a17b738328	176650		fixture-kotlin-compiler-08	cypher-graph-id-predicate	64	1	fixture-kotlin-compiler-08	1	0	0	1	0	200	1	1	63	1	0
graph-id-parameter-wrapped-contains-target-57-zero	graph-id	graph-id-parameter-wrapped-contains	zero	graph-id-parameter-equals-and-wrapped-contains	parameters	properties	200	fixture-kotlin-compiler-09	fixture-kotlin-compiler-09	1	5bacb6648bba38e91cc033e69d42538b040b89f913b58ee2afebb53ba8d35c57	success	0	147	805c8c7334c868e18e2be84be95b83cc60895722d739c2b164a68be4cd410c49	92212			cypher-graph-id-predicate	64	1	fixture-kotlin-compiler-09	1	0	0	1	0	1	1	1	63	1	0
graph-id-parameter-wrapped-contains-target-57-targeted	graph-id	graph-id-parameter-wrapped-contains	targeted	graph-id-parameter-equals-and-wrapped-contains	parameters	properties	200	fixture-kotlin-compiler-09	fixture-kotlin-compiler-09	1	5bacb6648bba38e91cc033e69d42538b040b89f913b58ee2afebb53ba8d35c57	success	1	765	0812dc51126311be5cac082c5d39676905cd9a0811e6a08f17ec6343dc843471	102051		fixture-kotlin-compiler-09	cypher-graph-id-predicate	64	1	fixture-kotlin-compiler-09	1	0	0	1	0	1	1	1	63	1	0
graph-id-parameter-wrapped-contains-target-57-dense	graph-id	graph-id-parameter-wrapped-contains	dense	graph-id-parameter-equals-and-wrapped-contains	parameters	properties	200	fixture-kotlin-compiler-09	fixture-kotlin-compiler-09	1	5bacb6648bba38e91cc033e69d42538b040b89f913b58ee2afebb53ba8d35c57	success	200	99258	415f437224f091ed04a72fa493ee405ec437acfcfdf54dee50789c56e5356f10	177693		fixture-kotlin-compiler-09	cypher-graph-id-predicate	64	1	fixture-kotlin-compiler-09	1	0	0	1	0	200	1	1	63	1	0
graph-id-parameter-wrapped-contains-target-58-zero	graph-id	graph-id-parameter-wrapped-contains	zero	graph-id-parameter-equals-and-wrapped-contains	parameters	properties	200	fixture-kotlin-compiler-10	fixture-kotlin-compiler-10	1	634f1070c869c5f39ed7722d97b19c8976bc7fee623a8cfc705bcdd955e20759	success	0	147	805c8c7334c868e18e2be84be95b83cc60895722d739c2b164a68be4cd410c49	131667			cypher-graph-id-predicate	64	1	fixture-kotlin-compiler-10	1	0	0	1	0	1	1	1	63	1	0
graph-id-parameter-wrapped-contains-target-58-targeted	graph-id	graph-id-parameter-wrapped-contains	targeted	graph-id-parameter-equals-and-wrapped-contains	parameters	properties	200	fixture-kotlin-compiler-10	fixture-kotlin-compiler-10	1	634f1070c869c5f39ed7722d97b19c8976bc7fee623a8cfc705bcdd955e20759	success	12	7029	1df616dc12f8aa99df8ef1921ad6c878afdd2d37362d488527ffbb7ddbe7f6e3	123681		fixture-kotlin-compiler-10	cypher-graph-id-predicate	64	1	fixture-kotlin-compiler-10	1	0	0	1	0	12	1	1	63	1	0
graph-id-parameter-wrapped-contains-target-58-dense	graph-id	graph-id-parameter-wrapped-contains	dense	graph-id-parameter-equals-and-wrapped-contains	parameters	properties	200	fixture-kotlin-compiler-10	fixture-kotlin-compiler-10	1	634f1070c869c5f39ed7722d97b19c8976bc7fee623a8cfc705bcdd955e20759	success	200	94948	3f3fd3df372307937afdfd0915ce035266497833c5712760faf456eece659c97	171200		fixture-kotlin-compiler-10	cypher-graph-id-predicate	64	1	fixture-kotlin-compiler-10	1	0	0	1	0	200	1	1	63	1	0
graph-id-parameter-wrapped-contains-target-59-zero	graph-id	graph-id-parameter-wrapped-contains	zero	graph-id-parameter-equals-and-wrapped-contains	parameters	properties	200	fixture-kotlin-compiler-11	fixture-kotlin-compiler-11	1	9e1bbfe33d12ec072b828f417bb9dcdab26d7daecb14898f31eb2d73cdaff93c	success	0	147	805c8c7334c868e18e2be84be95b83cc60895722d739c2b164a68be4cd410c49	89307			cypher-graph-id-predicate	64	1	fixture-kotlin-compiler-11	1	0	0	1	0	1	1	1	63	1	0
graph-id-parameter-wrapped-contains-target-59-targeted	graph-id	graph-id-parameter-wrapped-contains	targeted	graph-id-parameter-equals-and-wrapped-contains	parameters	properties	200	fixture-kotlin-compiler-11	fixture-kotlin-compiler-11	1	9e1bbfe33d12ec072b828f417bb9dcdab26d7daecb14898f31eb2d73cdaff93c	success	11	6729	3d47749a3f582c73a2df58bf3f9b3beed9c001af5d9bd91af1d30abe76d3f524	88596		fixture-kotlin-compiler-11	cypher-graph-id-predicate	64	1	fixture-kotlin-compiler-11	1	0	0	1	0	11	1	1	63	1	0
graph-id-parameter-wrapped-contains-target-59-dense	graph-id	graph-id-parameter-wrapped-contains	dense	graph-id-parameter-equals-and-wrapped-contains	parameters	properties	200	fixture-kotlin-compiler-11	fixture-kotlin-compiler-11	1	9e1bbfe33d12ec072b828f417bb9dcdab26d7daecb14898f31eb2d73cdaff93c	success	200	89429	54106029dd8c0484e4d4612954bdb30eebd525f910018413d1ee09bf2ea5c8ac	157224		fixture-kotlin-compiler-11	cypher-graph-id-predicate	64	1	fixture-kotlin-compiler-11	1	0	0	1	0	200	1	1	63	1	0
graph-id-parameter-wrapped-contains-target-60-zero	graph-id	graph-id-parameter-wrapped-contains	zero	graph-id-parameter-equals-and-wrapped-contains	parameters	properties	200	fixture-kotlin-compiler-12	fixture-kotlin-compiler-12	1	45b0266366bbda196d2004ab993b070c325a01ec90b2c254cb7a89f0070e843a	success	0	147	805c8c7334c868e18e2be84be95b83cc60895722d739c2b164a68be4cd410c49	107541			cypher-graph-id-predicate	64	1	fixture-kotlin-compiler-12	1	0	0	1	0	1	1	1	63	1	0
graph-id-parameter-wrapped-contains-target-60-targeted	graph-id	graph-id-parameter-wrapped-contains	targeted	graph-id-parameter-equals-and-wrapped-contains	parameters	properties	200	fixture-kotlin-compiler-12	fixture-kotlin-compiler-12	1	45b0266366bbda196d2004ab993b070c325a01ec90b2c254cb7a89f0070e843a	success	13	7599	88379c6b80e2b23974c6b6a1e2c6fc3f3680ec705c71b7cecbc9a2228bf7fa26	117480		fixture-kotlin-compiler-12	cypher-graph-id-predicate	64	1	fixture-kotlin-compiler-12	1	0	0	1	0	13	1	1	63	1	0
graph-id-parameter-wrapped-contains-target-60-dense	graph-id	graph-id-parameter-wrapped-contains	dense	graph-id-parameter-equals-and-wrapped-contains	parameters	properties	200	fixture-kotlin-compiler-12	fixture-kotlin-compiler-12	1	45b0266366bbda196d2004ab993b070c325a01ec90b2c254cb7a89f0070e843a	success	200	94040	5d662b90e716477fff887768402c85462026d6042e22f1d7fafdb565b9f9efc8	154549		fixture-kotlin-compiler-12	cypher-graph-id-predicate	64	1	fixture-kotlin-compiler-12	1	0	0	1	0	200	1	1	63	1	0
graph-id-parameter-wrapped-contains-target-61-zero	graph-id	graph-id-parameter-wrapped-contains	zero	graph-id-parameter-equals-and-wrapped-contains	parameters	properties	200	fixture-kotlin-compiler-13	fixture-kotlin-compiler-13	1	aedca61396c53e1f40a6a8408974c2e44a02b0dd40978618ab51b02da9ecb430	success	0	147	805c8c7334c868e18e2be84be95b83cc60895722d739c2b164a68be4cd410c49	135791			cypher-graph-id-predicate	64	1	fixture-kotlin-compiler-13	1	0	0	1	0	1	1	1	63	1	0
graph-id-parameter-wrapped-contains-target-61-targeted	graph-id	graph-id-parameter-wrapped-contains	targeted	graph-id-parameter-equals-and-wrapped-contains	parameters	properties	200	fixture-kotlin-compiler-13	fixture-kotlin-compiler-13	1	aedca61396c53e1f40a6a8408974c2e44a02b0dd40978618ab51b02da9ecb430	success	8	5180	b6f5bd5828bd66e4f09f8198b509f3673986060cf32e2725dff13d9bcb4d6e9b	208330		fixture-kotlin-compiler-13	cypher-graph-id-predicate	64	1	fixture-kotlin-compiler-13	1	0	0	1	0	8	1	1	63	1	0
graph-id-parameter-wrapped-contains-target-61-dense	graph-id	graph-id-parameter-wrapped-contains	dense	graph-id-parameter-equals-and-wrapped-contains	parameters	properties	200	fixture-kotlin-compiler-13	fixture-kotlin-compiler-13	1	aedca61396c53e1f40a6a8408974c2e44a02b0dd40978618ab51b02da9ecb430	success	200	93638	00f9fdf9bf9dc94ccc0d67b35cb45c01a8e623cfaedfdb70da1cc1bfa69daf82	213961		fixture-kotlin-compiler-13	cypher-graph-id-predicate	64	1	fixture-kotlin-compiler-13	1	0	0	1	0	200	1	1	63	1	0
graph-id-parameter-wrapped-contains-target-62-zero	graph-id	graph-id-parameter-wrapped-contains	zero	graph-id-parameter-equals-and-wrapped-contains	parameters	properties	200	fixture-kotlin-compiler-14	fixture-kotlin-compiler-14	1	7f28ad9f946e8d01109ca70944e08883f52dd5c6cb287fa2d5fade1909b610b0	success	0	147	805c8c7334c868e18e2be84be95b83cc60895722d739c2b164a68be4cd410c49	106800			cypher-graph-id-predicate	64	1	fixture-kotlin-compiler-14	1	0	0	1	0	1	1	1	63	1	0
graph-id-parameter-wrapped-contains-target-62-targeted	graph-id	graph-id-parameter-wrapped-contains	targeted	graph-id-parameter-equals-and-wrapped-contains	parameters	properties	200	fixture-kotlin-compiler-14	fixture-kotlin-compiler-14	1	7f28ad9f946e8d01109ca70944e08883f52dd5c6cb287fa2d5fade1909b610b0	success	1	877	f04b3035acb1285487cb68f126c796fd316b35c6ce630f1e71efd88436bf28f2	106069		fixture-kotlin-compiler-14	cypher-graph-id-predicate	64	1	fixture-kotlin-compiler-14	1	0	0	1	0	1	1	1	63	1	0
graph-id-parameter-wrapped-contains-target-62-dense	graph-id	graph-id-parameter-wrapped-contains	dense	graph-id-parameter-equals-and-wrapped-contains	parameters	properties	200	fixture-kotlin-compiler-14	fixture-kotlin-compiler-14	1	7f28ad9f946e8d01109ca70944e08883f52dd5c6cb287fa2d5fade1909b610b0	success	200	97449	f19574ac46a01dafc16136d9e8c4835b8d40c72753078eb8a67a1d7d438dd937	209061		fixture-kotlin-compiler-14	cypher-graph-id-predicate	64	1	fixture-kotlin-compiler-14	1	0	0	1	0	200	1	1	63	1	0
graph-id-parameter-wrapped-contains-target-63-zero	graph-id	graph-id-parameter-wrapped-contains	zero	graph-id-parameter-equals-and-wrapped-contains	parameters	properties	200	fixture-kotlin-compiler-15	fixture-kotlin-compiler-15	1	86015e396789c5c1cf86d1df3b0b97987a7b461bfcfb129491f3d758793d1d65	success	0	147	805c8c7334c868e18e2be84be95b83cc60895722d739c2b164a68be4cd410c49	103624			cypher-graph-id-predicate	64	1	fixture-kotlin-compiler-15	1	0	0	1	0	1	1	1	63	1	0
graph-id-parameter-wrapped-contains-target-63-targeted	graph-id	graph-id-parameter-wrapped-contains	targeted	graph-id-parameter-equals-and-wrapped-contains	parameters	properties	200	fixture-kotlin-compiler-15	fixture-kotlin-compiler-15	1	86015e396789c5c1cf86d1df3b0b97987a7b461bfcfb129491f3d758793d1d65	success	1	778	1734729b6952d2a8eff267ca86b458aa4fd5e0c703c1fa60dd66478cd3c49356	127769		fixture-kotlin-compiler-15	cypher-graph-id-predicate	64	1	fixture-kotlin-compiler-15	1	0	0	1	0	1	1	1	63	1	0
graph-id-parameter-wrapped-contains-target-63-dense	graph-id	graph-id-parameter-wrapped-contains	dense	graph-id-parameter-equals-and-wrapped-contains	parameters	properties	200	fixture-kotlin-compiler-15	fixture-kotlin-compiler-15	1	86015e396789c5c1cf86d1df3b0b97987a7b461bfcfb129491f3d758793d1d65	success	200	91412	082721be4b0e9234c67505fe172c638dcb4ef8924db9c6264a191473dfc4e443	218438		fixture-kotlin-compiler-15	cypher-graph-id-predicate	64	1	fixture-kotlin-compiler-15	1	0	0	1	0	200	1	1	63	1	0
request-selected-source-wrapped-contains-target-00-zero	graph-parameter	request-selected-source-wrapped-contains	zero	request-graph-selection-and-wrapped-contains	request-selected-source	properties	200	fixture-android-00	fixture-android-00	1	47c5f2f8275ab2447995a1b45a36cd5b0b70e258e0f75934abd1f0cef5c2b93e	success	0	147	805c8c7334c868e18e2be84be95b83cc60895722d739c2b164a68be4cd410c49	103113			request-selected-source	1	1	fixture-android-00	1	0	0	1	0	1	0	0	0	1	0
request-selected-source-wrapped-contains-target-00-targeted	graph-parameter	request-selected-source-wrapped-contains	targeted	request-graph-selection-and-wrapped-contains	request-selected-source	properties	200	fixture-android-00	fixture-android-00	1	47c5f2f8275ab2447995a1b45a36cd5b0b70e258e0f75934abd1f0cef5c2b93e	success	10	5730	00c81103244dc6d42abdc3894d771e5a24957dcf7e5ad4d8dc686b1d7e0cb89e	108202		fixture-android-00	request-selected-source	1	1	fixture-android-00	1	0	0	1	0	10	0	0	0	1	0
request-selected-source-wrapped-contains-target-00-dense	graph-parameter	request-selected-source-wrapped-contains	dense	request-graph-selection-and-wrapped-contains	request-selected-source	properties	200	fixture-android-00	fixture-android-00	1	47c5f2f8275ab2447995a1b45a36cd5b0b70e258e0f75934abd1f0cef5c2b93e	success	200	84411	3bdee68309e62bee93f47848258ded90b1763d55841fa57d8b8fd21867653c44	216585		fixture-android-00	request-selected-source	1	1	fixture-android-00	1	0	0	1	0	200	0	0	0	1	0
request-selected-source-wrapped-contains-target-01-zero	graph-parameter	request-selected-source-wrapped-contains	zero	request-graph-selection-and-wrapped-contains	request-selected-source	properties	200	fixture-android-01	fixture-android-01	1	e4528616b87301f557512ab9d9e4e598561300f98d2e85100725c35158534ecc	success	0	147	805c8c7334c868e18e2be84be95b83cc60895722d739c2b164a68be4cd410c49	116038			request-selected-source	1	1	fixture-android-01	1	0	0	1	0	1	0	0	0	1	0
request-selected-source-wrapped-contains-target-01-targeted	graph-parameter	request-selected-source-wrapped-contains	targeted	request-graph-selection-and-wrapped-contains	request-selected-source	properties	200	fixture-android-01	fixture-android-01	1	e4528616b87301f557512ab9d9e4e598561300f98d2e85100725c35158534ecc	success	1	758	b33173a678013ac093c95f3fccc5cd5af96ea18082387e1fc872de4817e234b2	110678		fixture-android-01	request-selected-source	1	1	fixture-android-01	1	0	0	1	0	1	0	0	0	1	0
request-selected-source-wrapped-contains-target-01-dense	graph-parameter	request-selected-source-wrapped-contains	dense	request-graph-selection-and-wrapped-contains	request-selected-source	properties	200	fixture-android-01	fixture-android-01	1	e4528616b87301f557512ab9d9e4e598561300f98d2e85100725c35158534ecc	success	200	84093	d9daf98f04e06930dfeb91ddd4e8ae597b8f9154e54ac1018db6a25ea8ddd84f	205955		fixture-android-01	request-selected-source	1	1	fixture-android-01	1	0	0	1	0	200	0	0	0	1	0
request-selected-source-wrapped-contains-target-02-zero	graph-parameter	request-selected-source-wrapped-contains	zero	request-graph-selection-and-wrapped-contains	request-selected-source	properties	200	fixture-android-02	fixture-android-02	1	1a026780ab945a978bf2d821f0728dd8a679a4b4838c8a3b7703d006d3fae584	success	0	147	805c8c7334c868e18e2be84be95b83cc60895722d739c2b164a68be4cd410c49	101229			request-selected-source	1	1	fixture-android-02	1	0	0	1	0	1	0	0	0	1	0
request-selected-source-wrapped-contains-target-02-targeted	graph-parameter	request-selected-source-wrapped-contains	targeted	request-graph-selection-and-wrapped-contains	request-selected-source	properties	200	fixture-android-02	fixture-android-02	1	1a026780ab945a978bf2d821f0728dd8a679a4b4838c8a3b7703d006d3fae584	success	9	5751	0754b66fd035110585cc31e6af555127395a9cd85c413f0a859de6b596c3b70d	132938		fixture-android-02	request-selected-source	1	1	fixture-android-02	1	0	0	1	0	9	0	0	0	1	0
request-selected-source-wrapped-contains-target-02-dense	graph-parameter	request-selected-source-wrapped-contains	dense	request-graph-selection-and-wrapped-contains	request-selected-source	properties	200	fixture-android-02	fixture-android-02	1	1a026780ab945a978bf2d821f0728dd8a679a4b4838c8a3b7703d006d3fae584	success	200	86930	a289774d080329d12351d967c614eae9b16190b55970a757b1f268e21aee3975	182221		fixture-android-02	request-selected-source	1	1	fixture-android-02	1	0	0	1	0	200	0	0	0	1	0
request-selected-source-wrapped-contains-target-03-zero	graph-parameter	request-selected-source-wrapped-contains	zero	request-graph-selection-and-wrapped-contains	request-selected-source	properties	200	fixture-android-03	fixture-android-03	1	3a085dec137def84e2f0fd6c417ca6216ad5c22c415250ab8d225957a37eb876	success	0	147	805c8c7334c868e18e2be84be95b83cc60895722d739c2b164a68be4cd410c49	85571			request-selected-source	1	1	fixture-android-03	1	0	0	1	0	1	0	0	0	1	0
request-selected-source-wrapped-contains-target-03-targeted	graph-parameter	request-selected-source-wrapped-contains	targeted	request-graph-selection-and-wrapped-contains	request-selected-source	properties	200	fixture-android-03	fixture-android-03	1	3a085dec137def84e2f0fd6c417ca6216ad5c22c415250ab8d225957a37eb876	success	2	1333	77f2da9b0b5a99e6332b957b281149f5e269d152177e36aaa74e86db4bc23bf9	113653		fixture-android-03	request-selected-source	1	1	fixture-android-03	1	0	0	1	0	2	0	0	0	1	0
request-selected-source-wrapped-contains-target-03-dense	graph-parameter	request-selected-source-wrapped-contains	dense	request-graph-selection-and-wrapped-contains	request-selected-source	properties	200	fixture-android-03	fixture-android-03	1	3a085dec137def84e2f0fd6c417ca6216ad5c22c415250ab8d225957a37eb876	success	200	85151	08fbf5fde8e917175e0dca625983535621218120265897bdd0781fe99669b859	205755		fixture-android-03	request-selected-source	1	1	fixture-android-03	1	0	0	1	0	200	0	0	0	1	0
request-selected-source-wrapped-contains-target-04-zero	graph-parameter	request-selected-source-wrapped-contains	zero	request-graph-selection-and-wrapped-contains	request-selected-source	properties	200	fixture-android-04	fixture-android-04	1	72b2db3813782b7057457474cb692d1ab65cbced9ccd76e7a6348806a1a0fdd6	success	0	147	805c8c7334c868e18e2be84be95b83cc60895722d739c2b164a68be4cd410c49	98013			request-selected-source	1	1	fixture-android-04	1	0	0	1	0	1	0	0	0	1	0
request-selected-source-wrapped-contains-target-04-targeted	graph-parameter	request-selected-source-wrapped-contains	targeted	request-graph-selection-and-wrapped-contains	request-selected-source	properties	200	fixture-android-04	fixture-android-04	1	72b2db3813782b7057457474cb692d1ab65cbced9ccd76e7a6348806a1a0fdd6	success	9	5762	527d81de9e8ca9f5fe9ad0166e1e1711fbccaf3c53281e7e95375f6d55e3a3c7	108743		fixture-android-04	request-selected-source	1	1	fixture-android-04	1	0	0	1	0	9	0	0	0	1	0
request-selected-source-wrapped-contains-target-04-dense	graph-parameter	request-selected-source-wrapped-contains	dense	request-graph-selection-and-wrapped-contains	request-selected-source	properties	200	fixture-android-04	fixture-android-04	1	72b2db3813782b7057457474cb692d1ab65cbced9ccd76e7a6348806a1a0fdd6	success	200	86152	85d9bac3392391ae56f1f03af81d888f398336c8e33a1ef1e42c5409f746f730	224380		fixture-android-04	request-selected-source	1	1	fixture-android-04	1	0	0	1	0	200	0	0	0	1	0
request-selected-source-wrapped-contains-target-05-zero	graph-parameter	request-selected-source-wrapped-contains	zero	request-graph-selection-and-wrapped-contains	request-selected-source	properties	200	fixture-android-05	fixture-android-05	1	9ccc65db4edf2ad696714957f6291e11ba1a158b062c135b909367736aa1cb91	success	0	147	805c8c7334c868e18e2be84be95b83cc60895722d739c2b164a68be4cd410c49	110658			request-selected-source	1	1	fixture-android-05	1	0	0	1	0	1	0	0	0	1	0
request-selected-source-wrapped-contains-target-05-targeted	graph-parameter	request-selected-source-wrapped-contains	targeted	request-graph-selection-and-wrapped-contains	request-selected-source	properties	200	fixture-android-05	fixture-android-05	1	9ccc65db4edf2ad696714957f6291e11ba1a158b062c135b909367736aa1cb91	success	9	5751	48fbef6ae3373a73cfbd3690497aae4d0773c2f4ddadb5d217061398978bcac5	109595		fixture-android-05	request-selected-source	1	1	fixture-android-05	1	0	0	1	0	9	0	0	0	1	0
request-selected-source-wrapped-contains-target-05-dense	graph-parameter	request-selected-source-wrapped-contains	dense	request-graph-selection-and-wrapped-contains	request-selected-source	properties	200	fixture-android-05	fixture-android-05	1	9ccc65db4edf2ad696714957f6291e11ba1a158b062c135b909367736aa1cb91	success	200	90860	57ae61ccbdbf1e83a9ab8de2923c4ac26bcc634ed53a2f1c1a3ee3682afe8cd8	204402		fixture-android-05	request-selected-source	1	1	fixture-android-05	1	0	0	1	0	200	0	0	0	1	0
request-selected-source-wrapped-contains-target-06-zero	graph-parameter	request-selected-source-wrapped-contains	zero	request-graph-selection-and-wrapped-contains	request-selected-source	properties	200	fixture-android-06	fixture-android-06	1	aef2397f89755e0b59e944f9b6062fb5611eea3ea4b05762643e082168bd9526	success	0	147	805c8c7334c868e18e2be84be95b83cc60895722d739c2b164a68be4cd410c49	96100			request-selected-source	1	1	fixture-android-06	1	0	0	1	0	1	0	0	0	1	0
request-selected-source-wrapped-contains-target-06-targeted	graph-parameter	request-selected-source-wrapped-contains	targeted	request-graph-selection-and-wrapped-contains	request-selected-source	properties	200	fixture-android-06	fixture-android-06	1	aef2397f89755e0b59e944f9b6062fb5611eea3ea4b05762643e082168bd9526	success	1	734	2c8962bfda6df26238f145f32f089e1ccdb69cc26ea9c2fde590f543638ba060	129522		fixture-android-06	request-selected-source	1	1	fixture-android-06	1	0	0	1	0	1	0	0	0	1	0
request-selected-source-wrapped-contains-target-06-dense	graph-parameter	request-selected-source-wrapped-contains	dense	request-graph-selection-and-wrapped-contains	request-selected-source	properties	200	fixture-android-06	fixture-android-06	1	aef2397f89755e0b59e944f9b6062fb5611eea3ea4b05762643e082168bd9526	success	200	83941	f7f169fb4cd9a2408b058d9e03502907fe0d9372ba70f2f3749aeaffa464e292	214241		fixture-android-06	request-selected-source	1	1	fixture-android-06	1	0	0	1	0	200	0	0	0	1	0
request-selected-source-wrapped-contains-target-07-zero	graph-parameter	request-selected-source-wrapped-contains	zero	request-graph-selection-and-wrapped-contains	request-selected-source	properties	200	fixture-android-07	fixture-android-07	1	2884fe5070e6e70bd2c44e54af37c56e2cfd19343a8721d5b36093d7d1db0f7d	success	0	147	805c8c7334c868e18e2be84be95b83cc60895722d739c2b164a68be4cd410c49	107080			request-selected-source	1	1	fixture-android-07	1	0	0	1	0	1	0	0	0	1	0
request-selected-source-wrapped-contains-target-07-targeted	graph-parameter	request-selected-source-wrapped-contains	targeted	request-graph-selection-and-wrapped-contains	request-selected-source	properties	200	fixture-android-07	fixture-android-07	1	2884fe5070e6e70bd2c44e54af37c56e2cfd19343a8721d5b36093d7d1db0f7d	success	1	762	d5674d7adcd2d58f93c5f2849f690003bc45d523850181c23ceaa0aacd7e6709	100268		fixture-android-07	request-selected-source	1	1	fixture-android-07	1	0	0	1	0	1	0	0	0	1	0
request-selected-source-wrapped-contains-target-07-dense	graph-parameter	request-selected-source-wrapped-contains	dense	request-graph-selection-and-wrapped-contains	request-selected-source	properties	200	fixture-android-07	fixture-android-07	1	2884fe5070e6e70bd2c44e54af37c56e2cfd19343a8721d5b36093d7d1db0f7d	success	200	84999	35604ee2a3d19ee64c97fa99f4be154714c60028f948c7a23f75b925d4520a5d	151203		fixture-android-07	request-selected-source	1	1	fixture-android-07	1	0	0	1	0	200	0	0	0	1	0
request-selected-source-wrapped-contains-target-08-zero	graph-parameter	request-selected-source-wrapped-contains	zero	request-graph-selection-and-wrapped-contains	request-selected-source	properties	200	fixture-android-08	fixture-android-08	1	25fcd87fe0d089932a1b7f325e822252e3042b73178c7aa80e1c0d12bcef2e47	success	0	147	805c8c7334c868e18e2be84be95b83cc60895722d739c2b164a68be4cd410c49	86773			request-selected-source	1	1	fixture-android-08	1	0	0	1	0	1	0	0	0	1	0
request-selected-source-wrapped-contains-target-08-targeted	graph-parameter	request-selected-source-wrapped-contains	targeted	request-graph-selection-and-wrapped-contains	request-selected-source	properties	200	fixture-android-08	fixture-android-08	1	25fcd87fe0d089932a1b7f325e822252e3042b73178c7aa80e1c0d12bcef2e47	success	2	1322	4b49b28d836e57c2c3f8d43a93acd00a93b169fcd603338f9ab350f541e9665c	71674		fixture-android-08	request-selected-source	1	1	fixture-android-08	1	0	0	1	0	2	0	0	0	1	0
request-selected-source-wrapped-contains-target-08-dense	graph-parameter	request-selected-source-wrapped-contains	dense	request-graph-selection-and-wrapped-contains	request-selected-source	properties	200	fixture-android-08	fixture-android-08	1	25fcd87fe0d089932a1b7f325e822252e3042b73178c7aa80e1c0d12bcef2e47	success	200	85531	ed34441ff634f19c276911a1fa193106a9070fde1065b57fc7ec71132b8d5f66	201277		fixture-android-08	request-selected-source	1	1	fixture-android-08	1	0	0	1	0	200	0	0	0	1	0
request-selected-source-wrapped-contains-target-09-zero	graph-parameter	request-selected-source-wrapped-contains	zero	request-graph-selection-and-wrapped-contains	request-selected-source	properties	200	fixture-android-09	fixture-android-09	1	976770abc561e74e52c74c7f3b827fe70800ef502defdde9a4fa534aa511bd33	success	0	147	805c8c7334c868e18e2be84be95b83cc60895722d739c2b164a68be4cd410c49	99476			request-selected-source	1	1	fixture-android-09	1	0	0	1	0	1	0	0	0	1	0
request-selected-source-wrapped-contains-target-09-targeted	graph-parameter	request-selected-source-wrapped-contains	targeted	request-graph-selection-and-wrapped-contains	request-selected-source	properties	200	fixture-android-09	fixture-android-09	1	976770abc561e74e52c74c7f3b827fe70800ef502defdde9a4fa534aa511bd33	success	1	758	cd83129b7654f9c1ac40c94032a03833f5b559e4d6d903ce58c899d274674334	86452		fixture-android-09	request-selected-source	1	1	fixture-android-09	1	0	0	1	0	1	0	0	0	1	0
request-selected-source-wrapped-contains-target-09-dense	graph-parameter	request-selected-source-wrapped-contains	dense	request-graph-selection-and-wrapped-contains	request-selected-source	properties	200	fixture-android-09	fixture-android-09	1	976770abc561e74e52c74c7f3b827fe70800ef502defdde9a4fa534aa511bd33	success	200	84710	8302a9dc08d5cf465b56333dad5757a62c24d743692acbdbf8e81919ebd097a0	178213		fixture-android-09	request-selected-source	1	1	fixture-android-09	1	0	0	1	0	200	0	0	0	1	0
request-selected-source-wrapped-contains-target-10-zero	graph-parameter	request-selected-source-wrapped-contains	zero	request-graph-selection-and-wrapped-contains	request-selected-source	properties	200	fixture-android-10	fixture-android-10	1	b80280988a4b3197bdd2348d3550b46e5d99e01f6e4a1abcb8668612b4a7bcf1	success	0	147	805c8c7334c868e18e2be84be95b83cc60895722d739c2b164a68be4cd410c49	86001			request-selected-source	1	1	fixture-android-10	1	0	0	1	0	1	0	0	0	1	0
request-selected-source-wrapped-contains-target-10-targeted	graph-parameter	request-selected-source-wrapped-contains	targeted	request-graph-selection-and-wrapped-contains	request-selected-source	properties	200	fixture-android-10	fixture-android-10	1	b80280988a4b3197bdd2348d3550b46e5d99e01f6e4a1abcb8668612b4a7bcf1	success	1	821	f3f4d5fb39ff9fde7dcf6d88e4f52bcc4c277ed98626ccca0b17c4ddbb20b035	84849		fixture-android-10	request-selected-source	1	1	fixture-android-10	1	0	0	1	0	1	0	0	0	1	0
request-selected-source-wrapped-contains-target-10-dense	graph-parameter	request-selected-source-wrapped-contains	dense	request-graph-selection-and-wrapped-contains	request-selected-source	properties	200	fixture-android-10	fixture-android-10	1	b80280988a4b3197bdd2348d3550b46e5d99e01f6e4a1abcb8668612b4a7bcf1	success	200	86914	eec30bd784e53b80ccd384559e9d1f853b8152ad8db90ad1f27d391bf03fc0d8	143709		fixture-android-10	request-selected-source	1	1	fixture-android-10	1	0	0	1	0	200	0	0	0	1	0
request-selected-source-wrapped-contains-target-11-zero	graph-parameter	request-selected-source-wrapped-contains	zero	request-graph-selection-and-wrapped-contains	request-selected-source	properties	200	fixture-android-11	fixture-android-11	1	ff7c9f064acf1b8f0c7104242efebdb73dfcc6db0739150c3d56bcc4ebbfb47f	success	0	147	805c8c7334c868e18e2be84be95b83cc60895722d739c2b164a68be4cd410c49	89988			request-selected-source	1	1	fixture-android-11	1	0	0	1	0	1	0	0	0	1	0
request-selected-source-wrapped-contains-target-11-targeted	graph-parameter	request-selected-source-wrapped-contains	targeted	request-graph-selection-and-wrapped-contains	request-selected-source	properties	200	fixture-android-11	fixture-android-11	1	ff7c9f064acf1b8f0c7104242efebdb73dfcc6db0739150c3d56bcc4ebbfb47f	success	1	758	f8ea31527e372a7d8e0f896bc894b97d788067aa20d0af371a4239382f72a4d1	102872		fixture-android-11	request-selected-source	1	1	fixture-android-11	1	0	0	1	0	1	0	0	0	1	0
request-selected-source-wrapped-contains-target-11-dense	graph-parameter	request-selected-source-wrapped-contains	dense	request-graph-selection-and-wrapped-contains	request-selected-source	properties	200	fixture-android-11	fixture-android-11	1	ff7c9f064acf1b8f0c7104242efebdb73dfcc6db0739150c3d56bcc4ebbfb47f	success	200	84862	36598e3ab73085dce50e849dda8b6a32b1088eab3f02f052e9536f16613b5d4b	145202		fixture-android-11	request-selected-source	1	1	fixture-android-11	1	0	0	1	0	200	0	0	0	1	0
request-selected-source-wrapped-contains-target-12-zero	graph-parameter	request-selected-source-wrapped-contains	zero	request-graph-selection-and-wrapped-contains	request-selected-source	properties	200	fixture-android-12	fixture-android-12	1	fbfd92bdb617f8eef3c84ce77e1116d4f0d1116a40b9fc543770c1a430e829ec	success	0	147	805c8c7334c868e18e2be84be95b83cc60895722d739c2b164a68be4cd410c49	84007			request-selected-source	1	1	fixture-android-12	1	0	0	1	0	1	0	0	0	1	0
request-selected-source-wrapped-contains-target-12-targeted	graph-parameter	request-selected-source-wrapped-contains	targeted	request-graph-selection-and-wrapped-contains	request-selected-source	properties	200	fixture-android-12	fixture-android-12	1	fbfd92bdb617f8eef3c84ce77e1116d4f0d1116a40b9fc543770c1a430e829ec	success	2	1348	569ba2c2d8626f5c6804b713aa9f9bd5155648246e0bb082ab37cf407a3ccee9	84829		fixture-android-12	request-selected-source	1	1	fixture-android-12	1	0	0	1	0	2	0	0	0	1	0
request-selected-source-wrapped-contains-target-12-dense	graph-parameter	request-selected-source-wrapped-contains	dense	request-graph-selection-and-wrapped-contains	request-selected-source	properties	200	fixture-android-12	fixture-android-12	1	fbfd92bdb617f8eef3c84ce77e1116d4f0d1116a40b9fc543770c1a430e829ec	success	200	85894	f22afa8ccaad259750ce50e850502822308b2565f707f284de32cd44d5ef328a	139061		fixture-android-12	request-selected-source	1	1	fixture-android-12	1	0	0	1	0	200	0	0	0	1	0
request-selected-source-wrapped-contains-target-13-zero	graph-parameter	request-selected-source-wrapped-contains	zero	request-graph-selection-and-wrapped-contains	request-selected-source	properties	200	fixture-android-13	fixture-android-13	1	99b23d6e37ddba640f96acd0d7b903185c9b38cc0e6df93374f9fe569bbc4c38	success	0	147	805c8c7334c868e18e2be84be95b83cc60895722d739c2b164a68be4cd410c49	86703			request-selected-source	1	1	fixture-android-13	1	0	0	1	0	1	0	0	0	1	0
request-selected-source-wrapped-contains-target-13-targeted	graph-parameter	request-selected-source-wrapped-contains	targeted	request-graph-selection-and-wrapped-contains	request-selected-source	properties	200	fixture-android-13	fixture-android-13	1	99b23d6e37ddba640f96acd0d7b903185c9b38cc0e6df93374f9fe569bbc4c38	success	5	2824	ebb699b5b0554cc639408add00ca9d9aae37f3553c5e6ea606cb7e66e171933f	85249		fixture-android-13	request-selected-source	1	1	fixture-android-13	1	0	0	1	0	5	0	0	0	1	0
request-selected-source-wrapped-contains-target-13-dense	graph-parameter	request-selected-source-wrapped-contains	dense	request-graph-selection-and-wrapped-contains	request-selected-source	properties	200	fixture-android-13	fixture-android-13	1	99b23d6e37ddba640f96acd0d7b903185c9b38cc0e6df93374f9fe569bbc4c38	success	200	86344	2e714969993f2a86ba5c715dc52b2c7d6dbaed9b2320da2399ecdf29ec9f1e4e	190838		fixture-android-13	request-selected-source	1	1	fixture-android-13	1	0	0	1	0	200	0	0	0	1	0
request-selected-source-wrapped-contains-target-14-zero	graph-parameter	request-selected-source-wrapped-contains	zero	request-graph-selection-and-wrapped-contains	request-selected-source	properties	200	fixture-android-14	fixture-android-14	1	caf42d54ef3437f216c963929327ed5ef3f52ce080fa2be4c3305c2370617ab1	success	0	147	805c8c7334c868e18e2be84be95b83cc60895722d739c2b164a68be4cd410c49	104555			request-selected-source	1	1	fixture-android-14	1	0	0	1	0	1	0	0	0	1	0
request-selected-source-wrapped-contains-target-14-targeted	graph-parameter	request-selected-source-wrapped-contains	targeted	request-graph-selection-and-wrapped-contains	request-selected-source	properties	200	fixture-android-14	fixture-android-14	1	caf42d54ef3437f216c963929327ed5ef3f52ce080fa2be4c3305c2370617ab1	success	3	1887	cfce92c06f8a0a93444f0ec3592aad57c255799cc7a1286e673f5c8cc3173d20	86592		fixture-android-14	request-selected-source	1	1	fixture-android-14	1	0	0	1	0	3	0	0	0	1	0
request-selected-source-wrapped-contains-target-14-dense	graph-parameter	request-selected-source-wrapped-contains	dense	request-graph-selection-and-wrapped-contains	request-selected-source	properties	200	fixture-android-14	fixture-android-14	1	caf42d54ef3437f216c963929327ed5ef3f52ce080fa2be4c3305c2370617ab1	success	200	88102	f384f54b9e0494c603dd9e83eb2ca0ad0386a359a2e1d6a356e225c072977e41	159499		fixture-android-14	request-selected-source	1	1	fixture-android-14	1	0	0	1	0	200	0	0	0	1	0
request-selected-source-wrapped-contains-target-15-zero	graph-parameter	request-selected-source-wrapped-contains	zero	request-graph-selection-and-wrapped-contains	request-selected-source	properties	200	fixture-android-15	fixture-android-15	1	396286291622042417a1e42f88e1a07f9e973d88a4b45b59c7408d3e8fe8e4cd	success	0	147	805c8c7334c868e18e2be84be95b83cc60895722d739c2b164a68be4cd410c49	95068			request-selected-source	1	1	fixture-android-15	1	0	0	1	0	1	0	0	0	1	0
request-selected-source-wrapped-contains-target-15-targeted	graph-parameter	request-selected-source-wrapped-contains	targeted	request-graph-selection-and-wrapped-contains	request-selected-source	properties	200	fixture-android-15	fixture-android-15	1	396286291622042417a1e42f88e1a07f9e973d88a4b45b59c7408d3e8fe8e4cd	success	1	765	ae20f86c5a0d43140079bdbb52041ad145178823d6189b8171bbe58dc0d82dcc	103044		fixture-android-15	request-selected-source	1	1	fixture-android-15	1	0	0	1	0	1	0	0	0	1	0
request-selected-source-wrapped-contains-target-15-dense	graph-parameter	request-selected-source-wrapped-contains	dense	request-graph-selection-and-wrapped-contains	request-selected-source	properties	200	fixture-android-15	fixture-android-15	1	396286291622042417a1e42f88e1a07f9e973d88a4b45b59c7408d3e8fe8e4cd	success	200	82358	6db1e45464dd1e42fc627a3ee68393b586d132e4817f87f1da72cb180e7925bb	155923		fixture-android-15	request-selected-source	1	1	fixture-android-15	1	0	0	1	0	200	0	0	0	1	0
request-selected-source-wrapped-contains-target-16-zero	graph-parameter	request-selected-source-wrapped-contains	zero	request-graph-selection-and-wrapped-contains	request-selected-source	properties	200	fixture-tika-00	fixture-tika-00	1	3ffa856892be3e0263f2c72254cefdb4bafce48e10eea2a8426b6af88f144658	success	0	147	805c8c7334c868e18e2be84be95b83cc60895722d739c2b164a68be4cd410c49	112752			request-selected-source	1	1	fixture-tika-00	1	0	0	1	0	1	0	0	0	1	0
request-selected-source-wrapped-contains-target-16-targeted	graph-parameter	request-selected-source-wrapped-contains	targeted	request-graph-selection-and-wrapped-contains	request-selected-source	properties	200	fixture-tika-00	fixture-tika-00	1	3ffa856892be3e0263f2c72254cefdb4bafce48e10eea2a8426b6af88f144658	success	1	771	41ad9b5110585bc89df35b9d0a0c6bd66daaf6c239b4212552d078b2f2a28c34	92643		fixture-tika-00	request-selected-source	1	1	fixture-tika-00	1	0	0	1	0	1	0	0	0	1	0
request-selected-source-wrapped-contains-target-16-dense	graph-parameter	request-selected-source-wrapped-contains	dense	request-graph-selection-and-wrapped-contains	request-selected-source	properties	200	fixture-tika-00	fixture-tika-00	1	3ffa856892be3e0263f2c72254cefdb4bafce48e10eea2a8426b6af88f144658	success	200	94237	51b180cd96740a311cc61165baa84cc05517b2f28ac6c70debc25f8e14514414	155061		fixture-tika-00	request-selected-source	1	1	fixture-tika-00	1	0	0	1	0	200	0	0	0	1	0
request-selected-source-wrapped-contains-target-17-zero	graph-parameter	request-selected-source-wrapped-contains	zero	request-graph-selection-and-wrapped-contains	request-selected-source	properties	200	fixture-tika-01	fixture-tika-01	1	5bd11253ba6bcbac28c2d0805dbd50585f63593fbbabbc299bce9c8b5e4238f0	success	0	147	805c8c7334c868e18e2be84be95b83cc60895722d739c2b164a68be4cd410c49	91661			request-selected-source	1	1	fixture-tika-01	1	0	0	1	0	1	0	0	0	1	0
request-selected-source-wrapped-contains-target-17-targeted	graph-parameter	request-selected-source-wrapped-contains	targeted	request-graph-selection-and-wrapped-contains	request-selected-source	properties	200	fixture-tika-01	fixture-tika-01	1	5bd11253ba6bcbac28c2d0805dbd50585f63593fbbabbc299bce9c8b5e4238f0	success	5	2976	7d286938fe2f40cd4cb86cd26be11c3221bfff86202fa9b705bdc1c77967743f	103213		fixture-tika-01	request-selected-source	1	1	fixture-tika-01	1	0	0	1	0	5	0	0	0	1	0
request-selected-source-wrapped-contains-target-17-dense	graph-parameter	request-selected-source-wrapped-contains	dense	request-graph-selection-and-wrapped-contains	request-selected-source	properties	200	fixture-tika-01	fixture-tika-01	1	5bd11253ba6bcbac28c2d0805dbd50585f63593fbbabbc299bce9c8b5e4238f0	success	200	92381	87c915d88746be4a40b85e67e7de71966365a455358cc138185e5c1f5bcf1251	147576		fixture-tika-01	request-selected-source	1	1	fixture-tika-01	1	0	0	1	0	200	0	0	0	1	0
request-selected-source-wrapped-contains-target-18-zero	graph-parameter	request-selected-source-wrapped-contains	zero	request-graph-selection-and-wrapped-contains	request-selected-source	properties	200	fixture-tika-02	fixture-tika-02	1	4f53553340fcd09378fe28c9d287d1bd3c78d0e5004534ad87493f082178a0db	success	0	147	805c8c7334c868e18e2be84be95b83cc60895722d739c2b164a68be4cd410c49	90239			request-selected-source	1	1	fixture-tika-02	1	0	0	1	0	1	0	0	0	1	0
request-selected-source-wrapped-contains-target-18-targeted	graph-parameter	request-selected-source-wrapped-contains	targeted	request-graph-selection-and-wrapped-contains	request-selected-source	properties	200	fixture-tika-02	fixture-tika-02	1	4f53553340fcd09378fe28c9d287d1bd3c78d0e5004534ad87493f082178a0db	success	12	6781	abf0682228739bdef1eb0d4b5b1449d7697f9412e644bd07a974f6e04213652e	97482		fixture-tika-02	request-selected-source	1	1	fixture-tika-02	1	0	0	1	0	12	0	0	0	1	0
request-selected-source-wrapped-contains-target-18-dense	graph-parameter	request-selected-source-wrapped-contains	dense	request-graph-selection-and-wrapped-contains	request-selected-source	properties	200	fixture-tika-02	fixture-tika-02	1	4f53553340fcd09378fe28c9d287d1bd3c78d0e5004534ad87493f082178a0db	success	200	95198	7d65fbc43e0cf8a1d4323c709e6963c32bdea3f389f5b683f619eee1fd79dc90	317475		fixture-tika-02	request-selected-source	1	1	fixture-tika-02	1	0	0	1	0	200	0	0	0	1	0
request-selected-source-wrapped-contains-target-19-zero	graph-parameter	request-selected-source-wrapped-contains	zero	request-graph-selection-and-wrapped-contains	request-selected-source	properties	200	fixture-tika-03	fixture-tika-03	1	e68986e5919884640710cc61d8f44310a6d888f55992390edbcc7ae70b8b8fa8	success	0	147	805c8c7334c868e18e2be84be95b83cc60895722d739c2b164a68be4cd410c49	110357			request-selected-source	1	1	fixture-tika-03	1	0	0	1	0	1	0	0	0	1	0
request-selected-source-wrapped-contains-target-19-targeted	graph-parameter	request-selected-source-wrapped-contains	targeted	request-graph-selection-and-wrapped-contains	request-selected-source	properties	200	fixture-tika-03	fixture-tika-03	1	e68986e5919884640710cc61d8f44310a6d888f55992390edbcc7ae70b8b8fa8	success	11	6327	72232d5a8299b69c619beb4cebd0967a4ca8f1378844d7914f795f7c5126cc48	97743		fixture-tika-03	request-selected-source	1	1	fixture-tika-03	1	0	0	1	0	11	0	0	0	1	0
request-selected-source-wrapped-contains-target-19-dense	graph-parameter	request-selected-source-wrapped-contains	dense	request-graph-selection-and-wrapped-contains	request-selected-source	properties	200	fixture-tika-03	fixture-tika-03	1	e68986e5919884640710cc61d8f44310a6d888f55992390edbcc7ae70b8b8fa8	success	200	96673	6ab8193cda24a8f589b0e7412ffcc3549afc3180a092c899437bb3ef2f8324ef	170399		fixture-tika-03	request-selected-source	1	1	fixture-tika-03	1	0	0	1	0	200	0	0	0	1	0
request-selected-source-wrapped-contains-target-20-zero	graph-parameter	request-selected-source-wrapped-contains	zero	request-graph-selection-and-wrapped-contains	request-selected-source	properties	200	fixture-tika-04	fixture-tika-04	1	2d9d29e96c28d6df21e1933cc2da3a076217ec4c30461070c5e997e04aa952cb	success	0	147	805c8c7334c868e18e2be84be95b83cc60895722d739c2b164a68be4cd410c49	116859			request-selected-source	1	1	fixture-tika-04	1	0	0	1	0	1	0	0	0	1	0
request-selected-source-wrapped-contains-target-20-targeted	graph-parameter	request-selected-source-wrapped-contains	targeted	request-graph-selection-and-wrapped-contains	request-selected-source	properties	200	fixture-tika-04	fixture-tika-04	1	2d9d29e96c28d6df21e1933cc2da3a076217ec4c30461070c5e997e04aa952cb	success	1	763	7811e1c0f64fb9174b112349d7a5f89fec8a71f59a6b66db3b1e97241f5dc93c	96851		fixture-tika-04	request-selected-source	1	1	fixture-tika-04	1	0	0	1	0	1	0	0	0	1	0
request-selected-source-wrapped-contains-target-20-dense	graph-parameter	request-selected-source-wrapped-contains	dense	request-graph-selection-and-wrapped-contains	request-selected-source	properties	200	fixture-tika-04	fixture-tika-04	1	2d9d29e96c28d6df21e1933cc2da3a076217ec4c30461070c5e997e04aa952cb	success	200	91604	a93cd6116bda146e01916f4ab7d54aa664da5b5c2287de109c82d6c48fcd38f8	190377		fixture-tika-04	request-selected-source	1	1	fixture-tika-04	1	0	0	1	0	200	0	0	0	1	0
request-selected-source-wrapped-contains-target-21-zero	graph-parameter	request-selected-source-wrapped-contains	zero	request-graph-selection-and-wrapped-contains	request-selected-source	properties	200	fixture-tika-05	fixture-tika-05	1	a70ca503c8d7edc9fd5b26430e9c4bd9517cfcf9084469733cfeff8a4fef63f8	success	0	147	805c8c7334c868e18e2be84be95b83cc60895722d739c2b164a68be4cd410c49	91051			request-selected-source	1	1	fixture-tika-05	1	0	0	1	0	1	0	0	0	1	0
request-selected-source-wrapped-contains-target-21-targeted	graph-parameter	request-selected-source-wrapped-contains	targeted	request-graph-selection-and-wrapped-contains	request-selected-source	properties	200	fixture-tika-05	fixture-tika-05	1	a70ca503c8d7edc9fd5b26430e9c4bd9517cfcf9084469733cfeff8a4fef63f8	success	1	765	1cf450577b12b3b6a7c19f53479709a92a169add0c4f9defecbc55254bf8d5b3	90339		fixture-tika-05	request-selected-source	1	1	fixture-tika-05	1	0	0	1	0	1	0	0	0	1	0
request-selected-source-wrapped-contains-target-21-dense	graph-parameter	request-selected-source-wrapped-contains	dense	request-graph-selection-and-wrapped-contains	request-selected-source	properties	200	fixture-tika-05	fixture-tika-05	1	a70ca503c8d7edc9fd5b26430e9c4bd9517cfcf9084469733cfeff8a4fef63f8	success	200	96334	eb6b03599a26f520b43896ee6af6cb6d2a3ec0783b66a0bcb29642b029a4b6eb	160361		fixture-tika-05	request-selected-source	1	1	fixture-tika-05	1	0	0	1	0	200	0	0	0	1	0
request-selected-source-wrapped-contains-target-22-zero	graph-parameter	request-selected-source-wrapped-contains	zero	request-graph-selection-and-wrapped-contains	request-selected-source	properties	200	fixture-tika-06	fixture-tika-06	1	629a75c155a37bcac72d6d131b20156694ded2e8aa1abe1c7f03ac03374020b7	success	0	147	805c8c7334c868e18e2be84be95b83cc60895722d739c2b164a68be4cd410c49	91821			request-selected-source	1	1	fixture-tika-06	1	0	0	1	0	1	0	0	0	1	0
request-selected-source-wrapped-contains-target-22-targeted	graph-parameter	request-selected-source-wrapped-contains	targeted	request-graph-selection-and-wrapped-contains	request-selected-source	properties	200	fixture-tika-06	fixture-tika-06	1	629a75c155a37bcac72d6d131b20156694ded2e8aa1abe1c7f03ac03374020b7	success	11	6331	43d88524d9da26840d520d8260a6801a2d864c2023e9806c3df4a5e673a5fd66	108974		fixture-tika-06	request-selected-source	1	1	fixture-tika-06	1	0	0	1	0	11	0	0	0	1	0
request-selected-source-wrapped-contains-target-22-dense	graph-parameter	request-selected-source-wrapped-contains	dense	request-graph-selection-and-wrapped-contains	request-selected-source	properties	200	fixture-tika-06	fixture-tika-06	1	629a75c155a37bcac72d6d131b20156694ded2e8aa1abe1c7f03ac03374020b7	success	200	98397	b1cc908cf8cd6a2354b320afca9ad225990c59be93a53ddc3912afb3b0d46d7b	154069		fixture-tika-06	request-selected-source	1	1	fixture-tika-06	1	0	0	1	0	200	0	0	0	1	0
request-selected-source-wrapped-contains-target-23-zero	graph-parameter	request-selected-source-wrapped-contains	zero	request-graph-selection-and-wrapped-contains	request-selected-source	properties	200	fixture-tika-07	fixture-tika-07	1	1f60bc193af0a0c32ae2bc0a840b7da98c896a5343d2d4a4871500ea55b0d8a0	success	0	147	805c8c7334c868e18e2be84be95b83cc60895722d739c2b164a68be4cd410c49	92483			request-selected-source	1	1	fixture-tika-07	1	0	0	1	0	1	0	0	0	1	0
request-selected-source-wrapped-contains-target-23-targeted	graph-parameter	request-selected-source-wrapped-contains	targeted	request-graph-selection-and-wrapped-contains	request-selected-source	properties	200	fixture-tika-07	fixture-tika-07	1	1f60bc193af0a0c32ae2bc0a840b7da98c896a5343d2d4a4871500ea55b0d8a0	success	11	6135	718b52d4d32659cb9b39b84bdb87d6226a9be4436e73fa316936d1333dfa50c0	93996		fixture-tika-07	request-selected-source	1	1	fixture-tika-07	1	0	0	1	0	11	0	0	0	1	0
request-selected-source-wrapped-contains-target-23-dense	graph-parameter	request-selected-source-wrapped-contains	dense	request-graph-selection-and-wrapped-contains	request-selected-source	properties	200	fixture-tika-07	fixture-tika-07	1	1f60bc193af0a0c32ae2bc0a840b7da98c896a5343d2d4a4871500ea55b0d8a0	success	200	95056	d5aa9163a912371065002f30549de9cefea57af859f009a275e381b0a849633e	151444		fixture-tika-07	request-selected-source	1	1	fixture-tika-07	1	0	0	1	0	200	0	0	0	1	0
request-selected-source-wrapped-contains-target-24-zero	graph-parameter	request-selected-source-wrapped-contains	zero	request-graph-selection-and-wrapped-contains	request-selected-source	properties	200	fixture-tika-08	fixture-tika-08	1	e9768e2189edf3079c0f4ce1fe9374fe3873b9ef6253d25bd7952c9e3f9e2f89	success	0	147	805c8c7334c868e18e2be84be95b83cc60895722d739c2b164a68be4cd410c49	88826			request-selected-source	1	1	fixture-tika-08	1	0	0	1	0	1	0	0	0	1	0
request-selected-source-wrapped-contains-target-24-targeted	graph-parameter	request-selected-source-wrapped-contains	targeted	request-graph-selection-and-wrapped-contains	request-selected-source	properties	200	fixture-tika-08	fixture-tika-08	1	e9768e2189edf3079c0f4ce1fe9374fe3873b9ef6253d25bd7952c9e3f9e2f89	success	1	754	033650595463ffba6f1f515fc8a38ba023fdd37a0e2442442be40f2d8baee0b4	90149		fixture-tika-08	request-selected-source	1	1	fixture-tika-08	1	0	0	1	0	1	0	0	0	1	0
request-selected-source-wrapped-contains-target-24-dense	graph-parameter	request-selected-source-wrapped-contains	dense	request-graph-selection-and-wrapped-contains	request-selected-source	properties	200	fixture-tika-08	fixture-tika-08	1	e9768e2189edf3079c0f4ce1fe9374fe3873b9ef6253d25bd7952c9e3f9e2f89	success	200	96144	13cc3d04be15c5d98101b6676211e0260c08571becd6cbc7be1dcfad1b7efce8	163346		fixture-tika-08	request-selected-source	1	1	fixture-tika-08	1	0	0	1	0	200	0	0	0	1	0
request-selected-source-wrapped-contains-target-25-zero	graph-parameter	request-selected-source-wrapped-contains	zero	request-graph-selection-and-wrapped-contains	request-selected-source	properties	200	fixture-tika-09	fixture-tika-09	1	f96e2b0b7f375cf347f289b0d59b047835095d1452b52dcff16ad07fa5ff5aaa	success	0	147	805c8c7334c868e18e2be84be95b83cc60895722d739c2b164a68be4cd410c49	88927			request-selected-source	1	1	fixture-tika-09	1	0	0	1	0	1	0	0	0	1	0
request-selected-source-wrapped-contains-target-25-targeted	graph-parameter	request-selected-source-wrapped-contains	targeted	request-graph-selection-and-wrapped-contains	request-selected-source	properties	200	fixture-tika-09	fixture-tika-09	1	f96e2b0b7f375cf347f289b0d59b047835095d1452b52dcff16ad07fa5ff5aaa	success	17	9434	57a7fb26e2c1557848eddaabb17076d92c9b2ef2e0ff6b92be3de4374fe1fa9b	99727		fixture-tika-09	request-selected-source	1	1	fixture-tika-09	1	0	0	1	0	17	0	0	0	1	0
request-selected-source-wrapped-contains-target-25-dense	graph-parameter	request-selected-source-wrapped-contains	dense	request-graph-selection-and-wrapped-contains	request-selected-source	properties	200	fixture-tika-09	fixture-tika-09	1	f96e2b0b7f375cf347f289b0d59b047835095d1452b52dcff16ad07fa5ff5aaa	success	200	90260	d606d19bfcb83b224b953bd70176bc52dc06d427ef6ab3d0cc311bc6ed6fc260	153127		fixture-tika-09	request-selected-source	1	1	fixture-tika-09	1	0	0	1	0	200	0	0	0	1	0
request-selected-source-wrapped-contains-target-26-zero	graph-parameter	request-selected-source-wrapped-contains	zero	request-graph-selection-and-wrapped-contains	request-selected-source	properties	200	fixture-tika-10	fixture-tika-10	1	724e820888f0db8884af940cbe8a364f2dce6bfc9b2c72fb09abe933fa439c0c	success	0	147	805c8c7334c868e18e2be84be95b83cc60895722d739c2b164a68be4cd410c49	89918			request-selected-source	1	1	fixture-tika-10	1	0	0	1	0	1	0	0	0	1	0
request-selected-source-wrapped-contains-target-26-targeted	graph-parameter	request-selected-source-wrapped-contains	targeted	request-graph-selection-and-wrapped-contains	request-selected-source	properties	200	fixture-tika-10	fixture-tika-10	1	724e820888f0db8884af940cbe8a364f2dce6bfc9b2c72fb09abe933fa439c0c	success	1	791	550bd45f802381cb65ea30928a856fc0c2bc207cbfc2a147aad4312130548c9a	91872		fixture-tika-10	request-selected-source	1	1	fixture-tika-10	1	0	0	1	0	1	0	0	0	1	0
request-selected-source-wrapped-contains-target-26-dense	graph-parameter	request-selected-source-wrapped-contains	dense	request-graph-selection-and-wrapped-contains	request-selected-source	properties	200	fixture-tika-10	fixture-tika-10	1	724e820888f0db8884af940cbe8a364f2dce6bfc9b2c72fb09abe933fa439c0c	success	200	96089	d0bdae62973cb737c05eda37d83d6fd7dea4520a7f87acdd4ed9a2fba1f97888	170490		fixture-tika-10	request-selected-source	1	1	fixture-tika-10	1	0	0	1	0	200	0	0	0	1	0
request-selected-source-wrapped-contains-target-27-zero	graph-parameter	request-selected-source-wrapped-contains	zero	request-graph-selection-and-wrapped-contains	request-selected-source	properties	200	fixture-tika-11	fixture-tika-11	1	947144f7fe63615dab1057f152a266b87c870ae6b1d136ebead3ef2860ecaaf9	success	0	147	805c8c7334c868e18e2be84be95b83cc60895722d739c2b164a68be4cd410c49	90189			request-selected-source	1	1	fixture-tika-11	1	0	0	1	0	1	0	0	0	1	0
request-selected-source-wrapped-contains-target-27-targeted	graph-parameter	request-selected-source-wrapped-contains	targeted	request-graph-selection-and-wrapped-contains	request-selected-source	properties	200	fixture-tika-11	fixture-tika-11	1	947144f7fe63615dab1057f152a266b87c870ae6b1d136ebead3ef2860ecaaf9	success	14	8030	e1858d468e2cee9daff29f91791894b539cc1c9bfb8d57bb0eaa364a24ec0f04	95318		fixture-tika-11	request-selected-source	1	1	fixture-tika-11	1	0	0	1	0	14	0	0	0	1	0
request-selected-source-wrapped-contains-target-27-dense	graph-parameter	request-selected-source-wrapped-contains	dense	request-graph-selection-and-wrapped-contains	request-selected-source	properties	200	fixture-tika-11	fixture-tika-11	1	947144f7fe63615dab1057f152a266b87c870ae6b1d136ebead3ef2860ecaaf9	success	200	95559	bcb492a91a247979acd291eaea381c0db6d952c0baff29193145ae7356b00907	162123		fixture-tika-11	request-selected-source	1	1	fixture-tika-11	1	0	0	1	0	200	0	0	0	1	0
request-selected-source-wrapped-contains-target-28-zero	graph-parameter	request-selected-source-wrapped-contains	zero	request-graph-selection-and-wrapped-contains	request-selected-source	properties	200	fixture-tika-12	fixture-tika-12	1	333b320af3f398d083e1d44b1a79e54fa546da12ce118f18db6f7cc3387398c8	success	0	147	805c8c7334c868e18e2be84be95b83cc60895722d739c2b164a68be4cd410c49	91822			request-selected-source	1	1	fixture-tika-12	1	0	0	1	0	1	0	0	0	1	0
request-selected-source-wrapped-contains-target-28-targeted	graph-parameter	request-selected-source-wrapped-contains	targeted	request-graph-selection-and-wrapped-contains	request-selected-source	properties	200	fixture-tika-12	fixture-tika-12	1	333b320af3f398d083e1d44b1a79e54fa546da12ce118f18db6f7cc3387398c8	success	12	6370	8871e0dc77f7df7110f742adaac439b8d2f4e912a3a21e1793fda026e0955f9b	96240		fixture-tika-12	request-selected-source	1	1	fixture-tika-12	1	0	0	1	0	12	0	0	0	1	0
request-selected-source-wrapped-contains-target-28-dense	graph-parameter	request-selected-source-wrapped-contains	dense	request-graph-selection-and-wrapped-contains	request-selected-source	properties	200	fixture-tika-12	fixture-tika-12	1	333b320af3f398d083e1d44b1a79e54fa546da12ce118f18db6f7cc3387398c8	success	200	101142	3ec255435f1804ca883e61ce69218b0c9b6812e5f4d6241be813f3a04980ff78	157165		fixture-tika-12	request-selected-source	1	1	fixture-tika-12	1	0	0	1	0	200	0	0	0	1	0
request-selected-source-wrapped-contains-target-29-zero	graph-parameter	request-selected-source-wrapped-contains	zero	request-graph-selection-and-wrapped-contains	request-selected-source	properties	200	fixture-tika-13	fixture-tika-13	1	697a328efd3d35078aa3cf7115b978f697299f7e0612d464eae79dc1cbc3f3c7	success	0	147	805c8c7334c868e18e2be84be95b83cc60895722d739c2b164a68be4cd410c49	90881			request-selected-source	1	1	fixture-tika-13	1	0	0	1	0	1	0	0	0	1	0
request-selected-source-wrapped-contains-target-29-targeted	graph-parameter	request-selected-source-wrapped-contains	targeted	request-graph-selection-and-wrapped-contains	request-selected-source	properties	200	fixture-tika-13	fixture-tika-13	1	697a328efd3d35078aa3cf7115b978f697299f7e0612d464eae79dc1cbc3f3c7	success	1	759	7c9cbf2db3468e4d9ec5f9ce37c29746bb3071949804d250165a0310edd3182c	89197		fixture-tika-13	request-selected-source	1	1	fixture-tika-13	1	0	0	1	0	1	0	0	0	1	0
request-selected-source-wrapped-contains-target-29-dense	graph-parameter	request-selected-source-wrapped-contains	dense	request-graph-selection-and-wrapped-contains	request-selected-source	properties	200	fixture-tika-13	fixture-tika-13	1	697a328efd3d35078aa3cf7115b978f697299f7e0612d464eae79dc1cbc3f3c7	success	200	96005	cb6245f16fc1df4cadc32295db3c94d74d99d6ac24ca00ba686085574c3842f9	159008		fixture-tika-13	request-selected-source	1	1	fixture-tika-13	1	0	0	1	0	200	0	0	0	1	0
request-selected-source-wrapped-contains-target-30-zero	graph-parameter	request-selected-source-wrapped-contains	zero	request-graph-selection-and-wrapped-contains	request-selected-source	properties	200	fixture-tika-14	fixture-tika-14	1	530ac22d92e73256c57c4e234fccac50105308bcc26304451ee74f20a619f7a5	success	0	147	805c8c7334c868e18e2be84be95b83cc60895722d739c2b164a68be4cd410c49	91231			request-selected-source	1	1	fixture-tika-14	1	0	0	1	0	1	0	0	0	1	0
request-selected-source-wrapped-contains-target-30-targeted	graph-parameter	request-selected-source-wrapped-contains	targeted	request-graph-selection-and-wrapped-contains	request-selected-source	properties	200	fixture-tika-14	fixture-tika-14	1	530ac22d92e73256c57c4e234fccac50105308bcc26304451ee74f20a619f7a5	success	10	5866	c85815e1257e7d89a547803b839a8fa3d5c32a25ad93fc4df95c67dd0df38386	95980		fixture-tika-14	request-selected-source	1	1	fixture-tika-14	1	0	0	1	0	10	0	0	0	1	0
request-selected-source-wrapped-contains-target-30-dense	graph-parameter	request-selected-source-wrapped-contains	dense	request-graph-selection-and-wrapped-contains	request-selected-source	properties	200	fixture-tika-14	fixture-tika-14	1	530ac22d92e73256c57c4e234fccac50105308bcc26304451ee74f20a619f7a5	success	200	95471	766b9ef7e8ecf0adce38af75461cc8c431950c6a78cf29871668bb82bbc59681	158287		fixture-tika-14	request-selected-source	1	1	fixture-tika-14	1	0	0	1	0	200	0	0	0	1	0
request-selected-source-wrapped-contains-target-31-zero	graph-parameter	request-selected-source-wrapped-contains	zero	request-graph-selection-and-wrapped-contains	request-selected-source	properties	200	fixture-tika-15	fixture-tika-15	1	80331285783d790177bcaeeebf677e98900445b2273d41781c6e07aa5683a500	success	0	147	805c8c7334c868e18e2be84be95b83cc60895722d739c2b164a68be4cd410c49	89698			request-selected-source	1	1	fixture-tika-15	1	0	0	1	0	1	0	0	0	1	0
request-selected-source-wrapped-contains-target-31-targeted	graph-parameter	request-selected-source-wrapped-contains	targeted	request-graph-selection-and-wrapped-contains	request-selected-source	properties	200	fixture-tika-15	fixture-tika-15	1	80331285783d790177bcaeeebf677e98900445b2273d41781c6e07aa5683a500	success	1	779	5b2641a56fc0d1ce3cad560f98de3ab642d893c5f6c2be5bb57444732d364805	84739		fixture-tika-15	request-selected-source	1	1	fixture-tika-15	1	0	0	1	0	1	0	0	0	1	0
request-selected-source-wrapped-contains-target-31-dense	graph-parameter	request-selected-source-wrapped-contains	dense	request-graph-selection-and-wrapped-contains	request-selected-source	properties	200	fixture-tika-15	fixture-tika-15	1	80331285783d790177bcaeeebf677e98900445b2273d41781c6e07aa5683a500	success	200	90493	6cea2d1b1fba9817e31904018fa5ce3734b41bb641feab5c7c6849206b05e3c1	158747		fixture-tika-15	request-selected-source	1	1	fixture-tika-15	1	0	0	1	0	200	0	0	0	1	0
request-selected-source-wrapped-contains-target-32-zero	graph-parameter	request-selected-source-wrapped-contains	zero	request-graph-selection-and-wrapped-contains	request-selected-source	properties	200	fixture-hive-00	fixture-hive-00	1	ea11677be4d3166ee79e7aa4f8c5ff603c5cb6bb9f65649cfc46854eedb1b466	success	0	147	805c8c7334c868e18e2be84be95b83cc60895722d739c2b164a68be4cd410c49	91320			request-selected-source	1	1	fixture-hive-00	1	0	0	1	0	1	0	0	0	1	0
request-selected-source-wrapped-contains-target-32-targeted	graph-parameter	request-selected-source-wrapped-contains	targeted	request-graph-selection-and-wrapped-contains	request-selected-source	properties	200	fixture-hive-00	fixture-hive-00	1	ea11677be4d3166ee79e7aa4f8c5ff603c5cb6bb9f65649cfc46854eedb1b466	success	4	2862	72e96499d86d64ae9da267f3b15791817d4250f06a8dfea9d09edd8c3c23a440	88626		fixture-hive-00	request-selected-source	1	1	fixture-hive-00	1	0	0	1	0	4	0	0	0	1	0
request-selected-source-wrapped-contains-target-32-dense	graph-parameter	request-selected-source-wrapped-contains	dense	request-graph-selection-and-wrapped-contains	request-selected-source	properties	200	fixture-hive-00	fixture-hive-00	1	ea11677be4d3166ee79e7aa4f8c5ff603c5cb6bb9f65649cfc46854eedb1b466	success	200	92864	0ad6a5ae10cb27d8dd28af205e0df8ebd79b3e1ca0079c8c876100ee108fc38d	158546		fixture-hive-00	request-selected-source	1	1	fixture-hive-00	1	0	0	1	0	200	0	0	0	1	0
request-selected-source-wrapped-contains-target-33-zero	graph-parameter	request-selected-source-wrapped-contains	zero	request-graph-selection-and-wrapped-contains	request-selected-source	properties	200	fixture-hive-01	fixture-hive-01	1	3a9bab8befb64a5c5518ec83add10138c13ae31dfad00b5a26547f3cfc2bf0bb	success	0	147	805c8c7334c868e18e2be84be95b83cc60895722d739c2b164a68be4cd410c49	93114			request-selected-source	1	1	fixture-hive-01	1	0	0	1	0	1	0	0	0	1	0
request-selected-source-wrapped-contains-target-33-targeted	graph-parameter	request-selected-source-wrapped-contains	targeted	request-graph-selection-and-wrapped-contains	request-selected-source	properties	200	fixture-hive-01	fixture-hive-01	1	3a9bab8befb64a5c5518ec83add10138c13ae31dfad00b5a26547f3cfc2bf0bb	success	4	2862	5436abb5d5a82ddf1b71cf6459ce0de5fe56d25b825b58b20bbe8cace9e3cde7	94466		fixture-hive-01	request-selected-source	1	1	fixture-hive-01	1	0	0	1	0	4	0	0	0	1	0
request-selected-source-wrapped-contains-target-33-dense	graph-parameter	request-selected-source-wrapped-contains	dense	request-graph-selection-and-wrapped-contains	request-selected-source	properties	200	fixture-hive-01	fixture-hive-01	1	3a9bab8befb64a5c5518ec83add10138c13ae31dfad00b5a26547f3cfc2bf0bb	success	200	92578	e10f119cab32a77f2d8107211e2addcc69d3ab151ee08f60199ff7a8db9b6a1c	166472		fixture-hive-01	request-selected-source	1	1	fixture-hive-01	1	0	0	1	0	200	0	0	0	1	0
request-selected-source-wrapped-contains-target-34-zero	graph-parameter	request-selected-source-wrapped-contains	zero	request-graph-selection-and-wrapped-contains	request-selected-source	properties	200	fixture-hive-02	fixture-hive-02	1	058d31d4f0a17f6c8e80480702d6c2099e48867673bc0a8d99037f2244a27bbf	success	0	147	805c8c7334c868e18e2be84be95b83cc60895722d739c2b164a68be4cd410c49	88937			request-selected-source	1	1	fixture-hive-02	1	0	0	1	0	1	0	0	0	1	0
request-selected-source-wrapped-contains-target-34-targeted	graph-parameter	request-selected-source-wrapped-contains	targeted	request-graph-selection-and-wrapped-contains	request-selected-source	properties	200	fixture-hive-02	fixture-hive-02	1	058d31d4f0a17f6c8e80480702d6c2099e48867673bc0a8d99037f2244a27bbf	success	4	2883	e83a01bd4b4e8f51ba0c51a53e73f87ec8dd6170bd60b37ef57b4eb9aba8bcc7	92834		fixture-hive-02	request-selected-source	1	1	fixture-hive-02	1	0	0	1	0	4	0	0	0	1	0
request-selected-source-wrapped-contains-target-34-dense	graph-parameter	request-selected-source-wrapped-contains	dense	request-graph-selection-and-wrapped-contains	request-selected-source	properties	200	fixture-hive-02	fixture-hive-02	1	058d31d4f0a17f6c8e80480702d6c2099e48867673bc0a8d99037f2244a27bbf	success	200	94183	b06f89a813919b2f4278637c18773fe7508c48351caa08a76cefe1f54c9b7715	161832		fixture-hive-02	request-selected-source	1	1	fixture-hive-02	1	0	0	1	0	200	0	0	0	1	0
request-selected-source-wrapped-contains-target-35-zero	graph-parameter	request-selected-source-wrapped-contains	zero	request-graph-selection-and-wrapped-contains	request-selected-source	properties	200	fixture-hive-03	fixture-hive-03	1	bc37ba5880a9fc3e89dea2bf6571ad8db10f8c499dfca7c678b831d8edb064fe	success	0	147	805c8c7334c868e18e2be84be95b83cc60895722d739c2b164a68be4cd410c49	85941			request-selected-source	1	1	fixture-hive-03	1	0	0	1	0	1	0	0	0	1	0
request-selected-source-wrapped-contains-target-35-targeted	graph-parameter	request-selected-source-wrapped-contains	targeted	request-graph-selection-and-wrapped-contains	request-selected-source	properties	200	fixture-hive-03	fixture-hive-03	1	bc37ba5880a9fc3e89dea2bf6571ad8db10f8c499dfca7c678b831d8edb064fe	success	1	771	134378d176ef9559b3b9b40557762648c5aa55be889ba8cb2e7f752130b85ab7	92833		fixture-hive-03	request-selected-source	1	1	fixture-hive-03	1	0	0	1	0	1	0	0	0	1	0
request-selected-source-wrapped-contains-target-35-dense	graph-parameter	request-selected-source-wrapped-contains	dense	request-graph-selection-and-wrapped-contains	request-selected-source	properties	200	fixture-hive-03	fixture-hive-03	1	bc37ba5880a9fc3e89dea2bf6571ad8db10f8c499dfca7c678b831d8edb064fe	success	200	91613	71eca3baa7c5adda9a19daaba5b66d08f4d30beebcfc1f6f8f3125a009484e93	164868		fixture-hive-03	request-selected-source	1	1	fixture-hive-03	1	0	0	1	0	200	0	0	0	1	0
request-selected-source-wrapped-contains-target-36-zero	graph-parameter	request-selected-source-wrapped-contains	zero	request-graph-selection-and-wrapped-contains	request-selected-source	properties	200	fixture-hive-04	fixture-hive-04	1	d6abca6af79ede3e783b4b1d1bb2f17c22db5cf0b5c70506d31ea6d33509dcc5	success	0	147	805c8c7334c868e18e2be84be95b83cc60895722d739c2b164a68be4cd410c49	91832			request-selected-source	1	1	fixture-hive-04	1	0	0	1	0	1	0	0	0	1	0
request-selected-source-wrapped-contains-target-36-targeted	graph-parameter	request-selected-source-wrapped-contains	targeted	request-graph-selection-and-wrapped-contains	request-selected-source	properties	200	fixture-hive-04	fixture-hive-04	1	d6abca6af79ede3e783b4b1d1bb2f17c22db5cf0b5c70506d31ea6d33509dcc5	success	1	795	6f5022183da52ea8cb963f17c4b86a6270dc9bfe0ca358e5ec7d6bdf4c95879f	107912		fixture-hive-04	request-selected-source	1	1	fixture-hive-04	1	0	0	1	0	1	0	0	0	1	0
request-selected-source-wrapped-contains-target-36-dense	graph-parameter	request-selected-source-wrapped-contains	dense	request-graph-selection-and-wrapped-contains	request-selected-source	properties	200	fixture-hive-04	fixture-hive-04	1	d6abca6af79ede3e783b4b1d1bb2f17c22db5cf0b5c70506d31ea6d33509dcc5	success	200	91716	5d2df55fe9df550bd17a462dbec1bd958f7c0d5940c160537976ecc80d5cb22f	161542		fixture-hive-04	request-selected-source	1	1	fixture-hive-04	1	0	0	1	0	200	0	0	0	1	0
request-selected-source-wrapped-contains-target-37-zero	graph-parameter	request-selected-source-wrapped-contains	zero	request-graph-selection-and-wrapped-contains	request-selected-source	properties	200	fixture-hive-05	fixture-hive-05	1	f7f4c2e85299b39f0b295436a0a678be80ea1fe4bd065c984fac7e3e79c02a1f	success	0	147	805c8c7334c868e18e2be84be95b83cc60895722d739c2b164a68be4cd410c49	90370			request-selected-source	1	1	fixture-hive-05	1	0	0	1	0	1	0	0	0	1	0
request-selected-source-wrapped-contains-target-37-targeted	graph-parameter	request-selected-source-wrapped-contains	targeted	request-graph-selection-and-wrapped-contains	request-selected-source	properties	200	fixture-hive-05	fixture-hive-05	1	f7f4c2e85299b39f0b295436a0a678be80ea1fe4bd065c984fac7e3e79c02a1f	success	51	31472	b9433fbd59011f3771f14c8abacb0cbca913b3ccb9b85649a8f98d4c6f628703	116869		fixture-hive-05	request-selected-source	1	1	fixture-hive-05	1	0	0	1	0	51	0	0	0	1	0
request-selected-source-wrapped-contains-target-37-dense	graph-parameter	request-selected-source-wrapped-contains	dense	request-graph-selection-and-wrapped-contains	request-selected-source	properties	200	fixture-hive-05	fixture-hive-05	1	f7f4c2e85299b39f0b295436a0a678be80ea1fe4bd065c984fac7e3e79c02a1f	success	200	91795	dbb6e258143695218279e10cbea2bf21ad0c5b1330a8fc3e3470b176ae0b6f42	158807		fixture-hive-05	request-selected-source	1	1	fixture-hive-05	1	0	0	1	0	200	0	0	0	1	0
request-selected-source-wrapped-contains-target-38-zero	graph-parameter	request-selected-source-wrapped-contains	zero	request-graph-selection-and-wrapped-contains	request-selected-source	properties	200	fixture-hive-06	fixture-hive-06	1	ddfe0a17a6b176061c6908248fc9bbb24510f00e8ed40c2c068587464d0ab767	success	0	147	805c8c7334c868e18e2be84be95b83cc60895722d739c2b164a68be4cd410c49	90079			request-selected-source	1	1	fixture-hive-06	1	0	0	1	0	1	0	0	0	1	0
request-selected-source-wrapped-contains-target-38-targeted	graph-parameter	request-selected-source-wrapped-contains	targeted	request-graph-selection-and-wrapped-contains	request-selected-source	properties	200	fixture-hive-06	fixture-hive-06	1	ddfe0a17a6b176061c6908248fc9bbb24510f00e8ed40c2c068587464d0ab767	success	1	801	6e224732564976ab3ad1b488a2dcb0c2a2f84050ab25d529f41b87f4de3c406c	89838		fixture-hive-06	request-selected-source	1	1	fixture-hive-06	1	0	0	1	0	1	0	0	0	1	0
request-selected-source-wrapped-contains-target-38-dense	graph-parameter	request-selected-source-wrapped-contains	dense	request-graph-selection-and-wrapped-contains	request-selected-source	properties	200	fixture-hive-06	fixture-hive-06	1	ddfe0a17a6b176061c6908248fc9bbb24510f00e8ed40c2c068587464d0ab767	success	200	92968	77adda61bf8a66745500e9e1b739302ae425b75af5d5199095bd9c0f56151e04	160350		fixture-hive-06	request-selected-source	1	1	fixture-hive-06	1	0	0	1	0	200	0	0	0	1	0
request-selected-source-wrapped-contains-target-39-zero	graph-parameter	request-selected-source-wrapped-contains	zero	request-graph-selection-and-wrapped-contains	request-selected-source	properties	200	fixture-hive-07	fixture-hive-07	1	5b909537f8397e9b454c56026974d9a0348f5c6147e1f2169fbaaa2eb1645822	success	0	147	805c8c7334c868e18e2be84be95b83cc60895722d739c2b164a68be4cd410c49	90770			request-selected-source	1	1	fixture-hive-07	1	0	0	1	0	1	0	0	0	1	0
request-selected-source-wrapped-contains-target-39-targeted	graph-parameter	request-selected-source-wrapped-contains	targeted	request-graph-selection-and-wrapped-contains	request-selected-source	properties	200	fixture-hive-07	fixture-hive-07	1	5b909537f8397e9b454c56026974d9a0348f5c6147e1f2169fbaaa2eb1645822	success	4	2855	db8e5b7500b38c30ff9ca554407e1c3f066cc32ce80520e31c63fe8f4f34048e	83557		fixture-hive-07	request-selected-source	1	1	fixture-hive-07	1	0	0	1	0	4	0	0	0	1	0
request-selected-source-wrapped-contains-target-39-dense	graph-parameter	request-selected-source-wrapped-contains	dense	request-graph-selection-and-wrapped-contains	request-selected-source	properties	200	fixture-hive-07	fixture-hive-07	1	5b909537f8397e9b454c56026974d9a0348f5c6147e1f2169fbaaa2eb1645822	success	200	91298	153dc7ab9d3d22961d16bfae52d0b5cd4c7d97177e0e57e7c086294f37d00f0f	155130		fixture-hive-07	request-selected-source	1	1	fixture-hive-07	1	0	0	1	0	200	0	0	0	1	0
request-selected-source-wrapped-contains-target-40-zero	graph-parameter	request-selected-source-wrapped-contains	zero	request-graph-selection-and-wrapped-contains	request-selected-source	properties	200	fixture-hive-08	fixture-hive-08	1	a73da7b76b921f77b9fadceff4ca8a9274fa7524e6ce2fb87c035b118fdb9e31	success	0	147	805c8c7334c868e18e2be84be95b83cc60895722d739c2b164a68be4cd410c49	88175			request-selected-source	1	1	fixture-hive-08	1	0	0	1	0	1	0	0	0	1	0
request-selected-source-wrapped-contains-target-40-targeted	graph-parameter	request-selected-source-wrapped-contains	targeted	request-graph-selection-and-wrapped-contains	request-selected-source	properties	200	fixture-hive-08	fixture-hive-08	1	a73da7b76b921f77b9fadceff4ca8a9274fa7524e6ce2fb87c035b118fdb9e31	success	4	2911	6520445594f6fc1d080f2e441beea159540f21b52c555b515dbd7ba1fee2a37f	90510		fixture-hive-08	request-selected-source	1	1	fixture-hive-08	1	0	0	1	0	4	0	0	0	1	0
request-selected-source-wrapped-contains-target-40-dense	graph-parameter	request-selected-source-wrapped-contains	dense	request-graph-selection-and-wrapped-contains	request-selected-source	properties	200	fixture-hive-08	fixture-hive-08	1	a73da7b76b921f77b9fadceff4ca8a9274fa7524e6ce2fb87c035b118fdb9e31	success	200	95189	6547ed796970ad3186785ae6dc7d6b1328d226d1878e5144fdb98c21fcba06f9	155692		fixture-hive-08	request-selected-source	1	1	fixture-hive-08	1	0	0	1	0	200	0	0	0	1	0
request-selected-source-wrapped-contains-target-41-zero	graph-parameter	request-selected-source-wrapped-contains	zero	request-graph-selection-and-wrapped-contains	request-selected-source	properties	200	fixture-hive-09	fixture-hive-09	1	295df7bb9f479be56469bcfb34b70c143d1aff6e47944b80de9fd42e774be779	success	0	147	805c8c7334c868e18e2be84be95b83cc60895722d739c2b164a68be4cd410c49	85580			request-selected-source	1	1	fixture-hive-09	1	0	0	1	0	1	0	0	0	1	0
request-selected-source-wrapped-contains-target-41-targeted	graph-parameter	request-selected-source-wrapped-contains	targeted	request-graph-selection-and-wrapped-contains	request-selected-source	properties	200	fixture-hive-09	fixture-hive-09	1	295df7bb9f479be56469bcfb34b70c143d1aff6e47944b80de9fd42e774be779	success	4	2883	42fd2fd2ff37d34c0cfb2146cde4be9387147a4cc07443bd58969c3f1e25556e	90169		fixture-hive-09	request-selected-source	1	1	fixture-hive-09	1	0	0	1	0	4	0	0	0	1	0
request-selected-source-wrapped-contains-target-41-dense	graph-parameter	request-selected-source-wrapped-contains	dense	request-graph-selection-and-wrapped-contains	request-selected-source	properties	200	fixture-hive-09	fixture-hive-09	1	295df7bb9f479be56469bcfb34b70c143d1aff6e47944b80de9fd42e774be779	success	200	92146	1d23f5a918b6a408d8eae300e7aa799801aecc62fcc85667af567e3c95156cb9	163165		fixture-hive-09	request-selected-source	1	1	fixture-hive-09	1	0	0	1	0	200	0	0	0	1	0
request-selected-source-wrapped-contains-target-42-zero	graph-parameter	request-selected-source-wrapped-contains	zero	request-graph-selection-and-wrapped-contains	request-selected-source	properties	200	fixture-hive-10	fixture-hive-10	1	e942f277a2b44bd11b03bd9380dd5388338721030a1701c31ff2277dd8f8cd9a	success	0	147	805c8c7334c868e18e2be84be95b83cc60895722d739c2b164a68be4cd410c49	91832			request-selected-source	1	1	fixture-hive-10	1	0	0	1	0	1	0	0	0	1	0
request-selected-source-wrapped-contains-target-42-targeted	graph-parameter	request-selected-source-wrapped-contains	targeted	request-graph-selection-and-wrapped-contains	request-selected-source	properties	200	fixture-hive-10	fixture-hive-10	1	e942f277a2b44bd11b03bd9380dd5388338721030a1701c31ff2277dd8f8cd9a	success	63	39077	2d20a012ee335ff72d99f67135e1ac36defbca676c07a298d3df15c7c1e33f7d	118762		fixture-hive-10	request-selected-source	1	1	fixture-hive-10	1	0	0	1	0	63	0	0	0	1	0
request-selected-source-wrapped-contains-target-42-dense	graph-parameter	request-selected-source-wrapped-contains	dense	request-graph-selection-and-wrapped-contains	request-selected-source	properties	200	fixture-hive-10	fixture-hive-10	1	e942f277a2b44bd11b03bd9380dd5388338721030a1701c31ff2277dd8f8cd9a	success	200	93248	bd7a2cfc84011237aca413f8fd4b6ee9130043dc1530bc214cc965d935dc3d88	157886		fixture-hive-10	request-selected-source	1	1	fixture-hive-10	1	0	0	1	0	200	0	0	0	1	0
request-selected-source-wrapped-contains-target-43-zero	graph-parameter	request-selected-source-wrapped-contains	zero	request-graph-selection-and-wrapped-contains	request-selected-source	properties	200	fixture-hive-11	fixture-hive-11	1	fc0779b8fe9d9937d1e4cb4a3dba1379fc83c9a81125f4350e46a986c8531889	success	0	147	805c8c7334c868e18e2be84be95b83cc60895722d739c2b164a68be4cd410c49	86743			request-selected-source	1	1	fixture-hive-11	1	0	0	1	0	1	0	0	0	1	0
request-selected-source-wrapped-contains-target-43-targeted	graph-parameter	request-selected-source-wrapped-contains	targeted	request-graph-selection-and-wrapped-contains	request-selected-source	properties	200	fixture-hive-11	fixture-hive-11	1	fc0779b8fe9d9937d1e4cb4a3dba1379fc83c9a81125f4350e46a986c8531889	success	4	2743	a7aaae25732eb3fc39e7e9697120f6a4534e52262fb153e4201e51d7b31e4606	95589		fixture-hive-11	request-selected-source	1	1	fixture-hive-11	1	0	0	1	0	4	0	0	0	1	0
request-selected-source-wrapped-contains-target-43-dense	graph-parameter	request-selected-source-wrapped-contains	dense	request-graph-selection-and-wrapped-contains	request-selected-source	properties	200	fixture-hive-11	fixture-hive-11	1	fc0779b8fe9d9937d1e4cb4a3dba1379fc83c9a81125f4350e46a986c8531889	success	200	94063	f5c81d8aabcfe449e1a20e1133f0ce5a6c25cde54cfb7e82531ff93f87b6f89e	179185		fixture-hive-11	request-selected-source	1	1	fixture-hive-11	1	0	0	1	0	200	0	0	0	1	0
request-selected-source-wrapped-contains-target-44-zero	graph-parameter	request-selected-source-wrapped-contains	zero	request-graph-selection-and-wrapped-contains	request-selected-source	properties	200	fixture-hive-12	fixture-hive-12	1	b0c62bc41512e26a42d23ec1fd21c12eb0d433e252eed22e92d2246689f7489a	success	0	147	805c8c7334c868e18e2be84be95b83cc60895722d739c2b164a68be4cd410c49	88625			request-selected-source	1	1	fixture-hive-12	1	0	0	1	0	1	0	0	0	1	0
request-selected-source-wrapped-contains-target-44-targeted	graph-parameter	request-selected-source-wrapped-contains	targeted	request-graph-selection-and-wrapped-contains	request-selected-source	properties	200	fixture-hive-12	fixture-hive-12	1	b0c62bc41512e26a42d23ec1fd21c12eb0d433e252eed22e92d2246689f7489a	success	4	2890	b8c7750587d3cb95373de074cba017cf14e5d85811bfc8cc2b49fa06615dc14f	88786		fixture-hive-12	request-selected-source	1	1	fixture-hive-12	1	0	0	1	0	4	0	0	0	1	0
request-selected-source-wrapped-contains-target-44-dense	graph-parameter	request-selected-source-wrapped-contains	dense	request-graph-selection-and-wrapped-contains	request-selected-source	properties	200	fixture-hive-12	fixture-hive-12	1	b0c62bc41512e26a42d23ec1fd21c12eb0d433e252eed22e92d2246689f7489a	success	200	90517	901cb7ad5a7cef604f7264d87d81f85a7b3e521b0175839dd61f15fa140b58cf	162965		fixture-hive-12	request-selected-source	1	1	fixture-hive-12	1	0	0	1	0	200	0	0	0	1	0
request-selected-source-wrapped-contains-target-45-zero	graph-parameter	request-selected-source-wrapped-contains	zero	request-graph-selection-and-wrapped-contains	request-selected-source	properties	200	fixture-hive-13	fixture-hive-13	1	2f758a1599ac4d799ee27ae81f81bfe54bc6240d59e8f003bf5cd782742affd0	success	0	147	805c8c7334c868e18e2be84be95b83cc60895722d739c2b164a68be4cd410c49	91442			request-selected-source	1	1	fixture-hive-13	1	0	0	1	0	1	0	0	0	1	0
request-selected-source-wrapped-contains-target-45-targeted	graph-parameter	request-selected-source-wrapped-contains	targeted	request-graph-selection-and-wrapped-contains	request-selected-source	properties	200	fixture-hive-13	fixture-hive-13	1	2f758a1599ac4d799ee27ae81f81bfe54bc6240d59e8f003bf5cd782742affd0	success	1	807	7a2ea6e6b7c61f333c01be975226570ddf428683fdf6c4eb419e09457718acf9	87795		fixture-hive-13	request-selected-source	1	1	fixture-hive-13	1	0	0	1	0	1	0	0	0	1	0
request-selected-source-wrapped-contains-target-45-dense	graph-parameter	request-selected-source-wrapped-contains	dense	request-graph-selection-and-wrapped-contains	request-selected-source	properties	200	fixture-hive-13	fixture-hive-13	1	2f758a1599ac4d799ee27ae81f81bfe54bc6240d59e8f003bf5cd782742affd0	success	200	92534	8ce2fca3adf975e2913f1d7a0f91465f04ef5e5cdbaaa1f51ca68901be616480	161713		fixture-hive-13	request-selected-source	1	1	fixture-hive-13	1	0	0	1	0	200	0	0	0	1	0
request-selected-source-wrapped-contains-target-46-zero	graph-parameter	request-selected-source-wrapped-contains	zero	request-graph-selection-and-wrapped-contains	request-selected-source	properties	200	fixture-hive-14	fixture-hive-14	1	960cf66cc8af0003002afe076d1f893b29b2a55fabfac7d5316eb3e3b9c46f67	success	0	147	805c8c7334c868e18e2be84be95b83cc60895722d739c2b164a68be4cd410c49	88345			request-selected-source	1	1	fixture-hive-14	1	0	0	1	0	1	0	0	0	1	0
request-selected-source-wrapped-contains-target-46-targeted	graph-parameter	request-selected-source-wrapped-contains	targeted	request-graph-selection-and-wrapped-contains	request-selected-source	properties	200	fixture-hive-14	fixture-hive-14	1	960cf66cc8af0003002afe076d1f893b29b2a55fabfac7d5316eb3e3b9c46f67	success	45	27605	5de372ca8e19ec486456452fc7bd2d9f18c4d7b0beb5e238b24073911e1d2e3a	107412		fixture-hive-14	request-selected-source	1	1	fixture-hive-14	1	0	0	1	0	45	0	0	0	1	0
request-selected-source-wrapped-contains-target-46-dense	graph-parameter	request-selected-source-wrapped-contains	dense	request-graph-selection-and-wrapped-contains	request-selected-source	properties	200	fixture-hive-14	fixture-hive-14	1	960cf66cc8af0003002afe076d1f893b29b2a55fabfac7d5316eb3e3b9c46f67	success	200	96641	3ad39c9167b00424c5957087068cab90d47268c9063b8d9e565113275edd98c8	174256		fixture-hive-14	request-selected-source	1	1	fixture-hive-14	1	0	0	1	0	200	0	0	0	1	0
request-selected-source-wrapped-contains-target-47-zero	graph-parameter	request-selected-source-wrapped-contains	zero	request-graph-selection-and-wrapped-contains	request-selected-source	properties	200	fixture-hive-15	fixture-hive-15	1	d5c3f70f4e04fa9e3851b5ba956c39c64ff3bf4c48028255a069369d65d3e3dc	success	0	147	805c8c7334c868e18e2be84be95b83cc60895722d739c2b164a68be4cd410c49	153697			request-selected-source	1	1	fixture-hive-15	1	0	0	1	0	1	0	0	0	1	0
request-selected-source-wrapped-contains-target-47-targeted	graph-parameter	request-selected-source-wrapped-contains	targeted	request-graph-selection-and-wrapped-contains	request-selected-source	properties	200	fixture-hive-15	fixture-hive-15	1	d5c3f70f4e04fa9e3851b5ba956c39c64ff3bf4c48028255a069369d65d3e3dc	success	66	40159	fcfc173325ae104971344d6daea93c8089a472f712f938cfbd16c519ba82c551	187891		fixture-hive-15	request-selected-source	1	1	fixture-hive-15	1	0	0	1	0	66	0	0	0	1	0
request-selected-source-wrapped-contains-target-47-dense	graph-parameter	request-selected-source-wrapped-contains	dense	request-graph-selection-and-wrapped-contains	request-selected-source	properties	200	fixture-hive-15	fixture-hive-15	1	d5c3f70f4e04fa9e3851b5ba956c39c64ff3bf4c48028255a069369d65d3e3dc	success	200	97359	d162ad37d2e7b659e55cddb63b7d42e922fbd2396ae9679f7648226751bb7a13	200145		fixture-hive-15	request-selected-source	1	1	fixture-hive-15	1	0	0	1	0	200	0	0	0	1	0
request-selected-source-wrapped-contains-target-48-zero	graph-parameter	request-selected-source-wrapped-contains	zero	request-graph-selection-and-wrapped-contains	request-selected-source	properties	200	fixture-kotlin-compiler-00	fixture-kotlin-compiler-00	1	e0590ddba3b9b9f8de79bee6771cc2f41482d9bcf2b6d495c533f4d523602a1c	success	0	147	805c8c7334c868e18e2be84be95b83cc60895722d739c2b164a68be4cd410c49	104576			request-selected-source	1	1	fixture-kotlin-compiler-00	1	0	0	1	0	1	0	0	0	1	0
request-selected-source-wrapped-contains-target-48-targeted	graph-parameter	request-selected-source-wrapped-contains	targeted	request-graph-selection-and-wrapped-contains	request-selected-source	properties	200	fixture-kotlin-compiler-00	fixture-kotlin-compiler-00	1	e0590ddba3b9b9f8de79bee6771cc2f41482d9bcf2b6d495c533f4d523602a1c	success	10	6351	274597a5e0e535d6581734920f9ffbc39062a84a13ad9d85823a8f12df219dfd	111749		fixture-kotlin-compiler-00	request-selected-source	1	1	fixture-kotlin-compiler-00	1	0	0	1	0	10	0	0	0	1	0
request-selected-source-wrapped-contains-target-48-dense	graph-parameter	request-selected-source-wrapped-contains	dense	request-graph-selection-and-wrapped-contains	request-selected-source	properties	200	fixture-kotlin-compiler-00	fixture-kotlin-compiler-00	1	e0590ddba3b9b9f8de79bee6771cc2f41482d9bcf2b6d495c533f4d523602a1c	success	200	97301	4abd067ea3c7496241f2623586a132809a81e33bd08c7645b717be3ee7ee2542	204372		fixture-kotlin-compiler-00	request-selected-source	1	1	fixture-kotlin-compiler-00	1	0	0	1	0	200	0	0	0	1	0
request-selected-source-wrapped-contains-target-49-zero	graph-parameter	request-selected-source-wrapped-contains	zero	request-graph-selection-and-wrapped-contains	request-selected-source	properties	200	fixture-kotlin-compiler-01	fixture-kotlin-compiler-01	1	a2378f34cd746f343988852d75ea5d50b8bfe89e6cd965dacb19b742e3a8c966	success	0	147	805c8c7334c868e18e2be84be95b83cc60895722d739c2b164a68be4cd410c49	100989			request-selected-source	1	1	fixture-kotlin-compiler-01	1	0	0	1	0	1	0	0	0	1	0
request-selected-source-wrapped-contains-target-49-targeted	graph-parameter	request-selected-source-wrapped-contains	targeted	request-graph-selection-and-wrapped-contains	request-selected-source	properties	200	fixture-kotlin-compiler-01	fixture-kotlin-compiler-01	1	a2378f34cd746f343988852d75ea5d50b8bfe89e6cd965dacb19b742e3a8c966	success	4	2598	d72c68d3fe0e8e0257e28136dfcba3f279a31d304b51dc9611dfa7b0f16169a8	98234		fixture-kotlin-compiler-01	request-selected-source	1	1	fixture-kotlin-compiler-01	1	0	0	1	0	4	0	0	0	1	0
request-selected-source-wrapped-contains-target-49-dense	graph-parameter	request-selected-source-wrapped-contains	dense	request-graph-selection-and-wrapped-contains	request-selected-source	properties	200	fixture-kotlin-compiler-01	fixture-kotlin-compiler-01	1	a2378f34cd746f343988852d75ea5d50b8bfe89e6cd965dacb19b742e3a8c966	success	200	95854	6848b85ce01299f2ea05bcca3edaa8c69792c61113aeaea43a401f01793bb61d	168024		fixture-kotlin-compiler-01	request-selected-source	1	1	fixture-kotlin-compiler-01	1	0	0	1	0	200	0	0	0	1	0
request-selected-source-wrapped-contains-target-50-zero	graph-parameter	request-selected-source-wrapped-contains	zero	request-graph-selection-and-wrapped-contains	request-selected-source	properties	200	fixture-kotlin-compiler-02	fixture-kotlin-compiler-02	1	b4996e09ff7c9fb90ce978374faa803d01485382a499402abfd9028048b79bf7	success	0	147	805c8c7334c868e18e2be84be95b83cc60895722d739c2b164a68be4cd410c49	93275			request-selected-source	1	1	fixture-kotlin-compiler-02	1	0	0	1	0	1	0	0	0	1	0
request-selected-source-wrapped-contains-target-50-targeted	graph-parameter	request-selected-source-wrapped-contains	targeted	request-graph-selection-and-wrapped-contains	request-selected-source	properties	200	fixture-kotlin-compiler-02	fixture-kotlin-compiler-02	1	b4996e09ff7c9fb90ce978374faa803d01485382a499402abfd9028048b79bf7	success	1	791	85dd6bfd8cfa28628294c822275e5bb7a279ea8142c47ff362a55c060e68da37	88246		fixture-kotlin-compiler-02	request-selected-source	1	1	fixture-kotlin-compiler-02	1	0	0	1	0	1	0	0	0	1	0
request-selected-source-wrapped-contains-target-50-dense	graph-parameter	request-selected-source-wrapped-contains	dense	request-graph-selection-and-wrapped-contains	request-selected-source	properties	200	fixture-kotlin-compiler-02	fixture-kotlin-compiler-02	1	b4996e09ff7c9fb90ce978374faa803d01485382a499402abfd9028048b79bf7	success	200	91564	fbf180fab82c32493738bb60bb29955d3f45810bb23806d614f71964200069bc	176550		fixture-kotlin-compiler-02	request-selected-source	1	1	fixture-kotlin-compiler-02	1	0	0	1	0	200	0	0	0	1	0
request-selected-source-wrapped-contains-target-51-zero	graph-parameter	request-selected-source-wrapped-contains	zero	request-graph-selection-and-wrapped-contains	request-selected-source	properties	200	fixture-kotlin-compiler-03	fixture-kotlin-compiler-03	1	a2350bbcc2f1ba8738ae72b167e586240ce7149551e3fba11f7a358d11b7801e	success	0	147	805c8c7334c868e18e2be84be95b83cc60895722d739c2b164a68be4cd410c49	89468			request-selected-source	1	1	fixture-kotlin-compiler-03	1	0	0	1	0	1	0	0	0	1	0
request-selected-source-wrapped-contains-target-51-targeted	graph-parameter	request-selected-source-wrapped-contains	targeted	request-graph-selection-and-wrapped-contains	request-selected-source	properties	200	fixture-kotlin-compiler-03	fixture-kotlin-compiler-03	1	a2350bbcc2f1ba8738ae72b167e586240ce7149551e3fba11f7a358d11b7801e	success	1	798	64ae9673d519a121b865dc50f576291bddc3c4c81c474d10cfb9d0da1dce7c60	88987		fixture-kotlin-compiler-03	request-selected-source	1	1	fixture-kotlin-compiler-03	1	0	0	1	0	1	0	0	0	1	0
request-selected-source-wrapped-contains-target-51-dense	graph-parameter	request-selected-source-wrapped-contains	dense	request-graph-selection-and-wrapped-contains	request-selected-source	properties	200	fixture-kotlin-compiler-03	fixture-kotlin-compiler-03	1	a2350bbcc2f1ba8738ae72b167e586240ce7149551e3fba11f7a358d11b7801e	success	200	94730	d508f1cb1d0c5646118a68e8a87c49c66a454661e438e3f033289c173598f51f	157505		fixture-kotlin-compiler-03	request-selected-source	1	1	fixture-kotlin-compiler-03	1	0	0	1	0	200	0	0	0	1	0
request-selected-source-wrapped-contains-target-52-zero	graph-parameter	request-selected-source-wrapped-contains	zero	request-graph-selection-and-wrapped-contains	request-selected-source	properties	200	fixture-kotlin-compiler-04	fixture-kotlin-compiler-04	1	1835d0591826a821b1c4a8a0df21cd273c40697176c253109b1663d9e56d64a0	success	0	147	805c8c7334c868e18e2be84be95b83cc60895722d739c2b164a68be4cd410c49	94227			request-selected-source	1	1	fixture-kotlin-compiler-04	1	0	0	1	0	1	0	0	0	1	0
request-selected-source-wrapped-contains-target-52-targeted	graph-parameter	request-selected-source-wrapped-contains	targeted	request-graph-selection-and-wrapped-contains	request-selected-source	properties	200	fixture-kotlin-compiler-04	fixture-kotlin-compiler-04	1	1835d0591826a821b1c4a8a0df21cd273c40697176c253109b1663d9e56d64a0	success	1	792	6691abe0a1f608719107bf4ffc3fa52632123ab77cb7c2c3c6536cd32de533b1	88035		fixture-kotlin-compiler-04	request-selected-source	1	1	fixture-kotlin-compiler-04	1	0	0	1	0	1	0	0	0	1	0
request-selected-source-wrapped-contains-target-52-dense	graph-parameter	request-selected-source-wrapped-contains	dense	request-graph-selection-and-wrapped-contains	request-selected-source	properties	200	fixture-kotlin-compiler-04	fixture-kotlin-compiler-04	1	1835d0591826a821b1c4a8a0df21cd273c40697176c253109b1663d9e56d64a0	success	200	96891	db4b9bfadbbb61a039e76484090eda57349ec9585a7c795f46793352fb739e7c	154549		fixture-kotlin-compiler-04	request-selected-source	1	1	fixture-kotlin-compiler-04	1	0	0	1	0	200	0	0	0	1	0
request-selected-source-wrapped-contains-target-53-zero	graph-parameter	request-selected-source-wrapped-contains	zero	request-graph-selection-and-wrapped-contains	request-selected-source	properties	200	fixture-kotlin-compiler-05	fixture-kotlin-compiler-05	1	65de36ec09041582c4ff4a57708f099a7d72d4907a327e47ae026767f5ff0db0	success	0	147	805c8c7334c868e18e2be84be95b83cc60895722d739c2b164a68be4cd410c49	91000			request-selected-source	1	1	fixture-kotlin-compiler-05	1	0	0	1	0	1	0	0	0	1	0
request-selected-source-wrapped-contains-target-53-targeted	graph-parameter	request-selected-source-wrapped-contains	targeted	request-graph-selection-and-wrapped-contains	request-selected-source	properties	200	fixture-kotlin-compiler-05	fixture-kotlin-compiler-05	1	65de36ec09041582c4ff4a57708f099a7d72d4907a327e47ae026767f5ff0db0	success	6	3910	d987ccd9722d9cd5492fcbb62423f1a89bb41e05ea0e3fb44e7cc793b9656b12	90820		fixture-kotlin-compiler-05	request-selected-source	1	1	fixture-kotlin-compiler-05	1	0	0	1	0	6	0	0	0	1	0
request-selected-source-wrapped-contains-target-53-dense	graph-parameter	request-selected-source-wrapped-contains	dense	request-graph-selection-and-wrapped-contains	request-selected-source	properties	200	fixture-kotlin-compiler-05	fixture-kotlin-compiler-05	1	65de36ec09041582c4ff4a57708f099a7d72d4907a327e47ae026767f5ff0db0	success	200	94720	c9e7b59e830a820a47234ca1fd54046d1c260db318e05adc24dc748ca7fe29c0	158556		fixture-kotlin-compiler-05	request-selected-source	1	1	fixture-kotlin-compiler-05	1	0	0	1	0	200	0	0	0	1	0
request-selected-source-wrapped-contains-target-54-zero	graph-parameter	request-selected-source-wrapped-contains	zero	request-graph-selection-and-wrapped-contains	request-selected-source	properties	200	fixture-kotlin-compiler-06	fixture-kotlin-compiler-06	1	455e2dea20c33d78ad4888048700c76ead131cc5fff61b1b6745f3cf019d98c7	success	0	147	805c8c7334c868e18e2be84be95b83cc60895722d739c2b164a68be4cd410c49	90108			request-selected-source	1	1	fixture-kotlin-compiler-06	1	0	0	1	0	1	0	0	0	1	0
request-selected-source-wrapped-contains-target-54-targeted	graph-parameter	request-selected-source-wrapped-contains	targeted	request-graph-selection-and-wrapped-contains	request-selected-source	properties	200	fixture-kotlin-compiler-06	fixture-kotlin-compiler-06	1	455e2dea20c33d78ad4888048700c76ead131cc5fff61b1b6745f3cf019d98c7	success	3	1869	5157205e66d4cebff8b628175c555fdb333564013eabc5f496e37f9a4ad2b606	90550		fixture-kotlin-compiler-06	request-selected-source	1	1	fixture-kotlin-compiler-06	1	0	0	1	0	3	0	0	0	1	0
request-selected-source-wrapped-contains-target-54-dense	graph-parameter	request-selected-source-wrapped-contains	dense	request-graph-selection-and-wrapped-contains	request-selected-source	properties	200	fixture-kotlin-compiler-06	fixture-kotlin-compiler-06	1	455e2dea20c33d78ad4888048700c76ead131cc5fff61b1b6745f3cf019d98c7	success	200	92798	60b390f0b190e46f6fd1b4929641c7324c9142e0f18a85bc338e7b41ebe62db5	159528		fixture-kotlin-compiler-06	request-selected-source	1	1	fixture-kotlin-compiler-06	1	0	0	1	0	200	0	0	0	1	0
request-selected-source-wrapped-contains-target-55-zero	graph-parameter	request-selected-source-wrapped-contains	zero	request-graph-selection-and-wrapped-contains	request-selected-source	properties	200	fixture-kotlin-compiler-07	fixture-kotlin-compiler-07	1	6c1c49dd5e3fe90a5fa68f9ab09606732d59b2cb006a42f463d6390d9a27f2a1	success	0	147	805c8c7334c868e18e2be84be95b83cc60895722d739c2b164a68be4cd410c49	125885			request-selected-source	1	1	fixture-kotlin-compiler-07	1	0	0	1	0	1	0	0	0	1	0
request-selected-source-wrapped-contains-target-55-targeted	graph-parameter	request-selected-source-wrapped-contains	targeted	request-graph-selection-and-wrapped-contains	request-selected-source	properties	200	fixture-kotlin-compiler-07	fixture-kotlin-compiler-07	1	6c1c49dd5e3fe90a5fa68f9ab09606732d59b2cb006a42f463d6390d9a27f2a1	success	10	6054	f5c10be5db49f33f0b8307328bfb058b342da4d9241c33217038447620028ab5	109956		fixture-kotlin-compiler-07	request-selected-source	1	1	fixture-kotlin-compiler-07	1	0	0	1	0	10	0	0	0	1	0
request-selected-source-wrapped-contains-target-55-dense	graph-parameter	request-selected-source-wrapped-contains	dense	request-graph-selection-and-wrapped-contains	request-selected-source	properties	200	fixture-kotlin-compiler-07	fixture-kotlin-compiler-07	1	6c1c49dd5e3fe90a5fa68f9ab09606732d59b2cb006a42f463d6390d9a27f2a1	success	200	96112	0f6d4800cdd86ccdf20aab2fe6bd2924f66d70c9fcca46057385e09ba151a798	181089		fixture-kotlin-compiler-07	request-selected-source	1	1	fixture-kotlin-compiler-07	1	0	0	1	0	200	0	0	0	1	0
request-selected-source-wrapped-contains-target-56-zero	graph-parameter	request-selected-source-wrapped-contains	zero	request-graph-selection-and-wrapped-contains	request-selected-source	properties	200	fixture-kotlin-compiler-08	fixture-kotlin-compiler-08	1	37be466842d1f239df76fe55e92f6769fc0b2d6e47e43f0020c40a8ce8422cb0	success	0	147	805c8c7334c868e18e2be84be95b83cc60895722d739c2b164a68be4cd410c49	101169			request-selected-source	1	1	fixture-kotlin-compiler-08	1	0	0	1	0	1	0	0	0	1	0
request-selected-source-wrapped-contains-target-56-targeted	graph-parameter	request-selected-source-wrapped-contains	targeted	request-graph-selection-and-wrapped-contains	request-selected-source	properties	200	fixture-kotlin-compiler-08	fixture-kotlin-compiler-08	1	37be466842d1f239df76fe55e92f6769fc0b2d6e47e43f0020c40a8ce8422cb0	success	1	802	7ebbe5301915ad5c39692b733c3f39851576d09270c89f830b9e80b342a866f6	102863		fixture-kotlin-compiler-08	request-selected-source	1	1	fixture-kotlin-compiler-08	1	0	0	1	0	1	0	0	0	1	0
request-selected-source-wrapped-contains-target-56-dense	graph-parameter	request-selected-source-wrapped-contains	dense	request-graph-selection-and-wrapped-contains	request-selected-source	properties	200	fixture-kotlin-compiler-08	fixture-kotlin-compiler-08	1	37be466842d1f239df76fe55e92f6769fc0b2d6e47e43f0020c40a8ce8422cb0	success	200	93704	b778fc4edfb3c1031b90b2d3d121fd31958733afdc68d3f1cde538a17b738328	174587		fixture-kotlin-compiler-08	request-selected-source	1	1	fixture-kotlin-compiler-08	1	0	0	1	0	200	0	0	0	1	0
request-selected-source-wrapped-contains-target-57-zero	graph-parameter	request-selected-source-wrapped-contains	zero	request-graph-selection-and-wrapped-contains	request-selected-source	properties	200	fixture-kotlin-compiler-09	fixture-kotlin-compiler-09	1	5bacb6648bba38e91cc033e69d42538b040b89f913b58ee2afebb53ba8d35c57	success	0	147	805c8c7334c868e18e2be84be95b83cc60895722d739c2b164a68be4cd410c49	118082			request-selected-source	1	1	fixture-kotlin-compiler-09	1	0	0	1	0	1	0	0	0	1	0
request-selected-source-wrapped-contains-target-57-targeted	graph-parameter	request-selected-source-wrapped-contains	targeted	request-graph-selection-and-wrapped-contains	request-selected-source	properties	200	fixture-kotlin-compiler-09	fixture-kotlin-compiler-09	1	5bacb6648bba38e91cc033e69d42538b040b89f913b58ee2afebb53ba8d35c57	success	1	765	0812dc51126311be5cac082c5d39676905cd9a0811e6a08f17ec6343dc843471	87233		fixture-kotlin-compiler-09	request-selected-source	1	1	fixture-kotlin-compiler-09	1	0	0	1	0	1	0	0	0	1	0
request-selected-source-wrapped-contains-target-57-dense	graph-parameter	request-selected-source-wrapped-contains	dense	request-graph-selection-and-wrapped-contains	request-selected-source	properties	200	fixture-kotlin-compiler-09	fixture-kotlin-compiler-09	1	5bacb6648bba38e91cc033e69d42538b040b89f913b58ee2afebb53ba8d35c57	success	200	99258	415f437224f091ed04a72fa493ee405ec437acfcfdf54dee50789c56e5356f10	254830		fixture-kotlin-compiler-09	request-selected-source	1	1	fixture-kotlin-compiler-09	1	0	0	1	0	200	0	0	0	1	0
request-selected-source-wrapped-contains-target-58-zero	graph-parameter	request-selected-source-wrapped-contains	zero	request-graph-selection-and-wrapped-contains	request-selected-source	properties	200	fixture-kotlin-compiler-10	fixture-kotlin-compiler-10	1	634f1070c869c5f39ed7722d97b19c8976bc7fee623a8cfc705bcdd955e20759	success	0	147	805c8c7334c868e18e2be84be95b83cc60895722d739c2b164a68be4cd410c49	119734			request-selected-source	1	1	fixture-kotlin-compiler-10	1	0	0	1	0	1	0	0	0	1	0
request-selected-source-wrapped-contains-target-58-targeted	graph-parameter	request-selected-source-wrapped-contains	targeted	request-graph-selection-and-wrapped-contains	request-selected-source	properties	200	fixture-kotlin-compiler-10	fixture-kotlin-compiler-10	1	634f1070c869c5f39ed7722d97b19c8976bc7fee623a8cfc705bcdd955e20759	success	12	7029	1df616dc12f8aa99df8ef1921ad6c878afdd2d37362d488527ffbb7ddbe7f6e3	134912		fixture-kotlin-compiler-10	request-selected-source	1	1	fixture-kotlin-compiler-10	1	0	0	1	0	12	0	0	0	1	0
request-selected-source-wrapped-contains-target-58-dense	graph-parameter	request-selected-source-wrapped-contains	dense	request-graph-selection-and-wrapped-contains	request-selected-source	properties	200	fixture-kotlin-compiler-10	fixture-kotlin-compiler-10	1	634f1070c869c5f39ed7722d97b19c8976bc7fee623a8cfc705bcdd955e20759	success	200	94948	3f3fd3df372307937afdfd0915ce035266497833c5712760faf456eece659c97	271184		fixture-kotlin-compiler-10	request-selected-source	1	1	fixture-kotlin-compiler-10	1	0	0	1	0	200	0	0	0	1	0
request-selected-source-wrapped-contains-target-59-zero	graph-parameter	request-selected-source-wrapped-contains	zero	request-graph-selection-and-wrapped-contains	request-selected-source	properties	200	fixture-kotlin-compiler-11	fixture-kotlin-compiler-11	1	9e1bbfe33d12ec072b828f417bb9dcdab26d7daecb14898f31eb2d73cdaff93c	success	0	147	805c8c7334c868e18e2be84be95b83cc60895722d739c2b164a68be4cd410c49	83837			request-selected-source	1	1	fixture-kotlin-compiler-11	1	0	0	1	0	1	0	0	0	1	0
request-selected-source-wrapped-contains-target-59-targeted	graph-parameter	request-selected-source-wrapped-contains	targeted	request-graph-selection-and-wrapped-contains	request-selected-source	properties	200	fixture-kotlin-compiler-11	fixture-kotlin-compiler-11	1	9e1bbfe33d12ec072b828f417bb9dcdab26d7daecb14898f31eb2d73cdaff93c	success	11	6729	3d47749a3f582c73a2df58bf3f9b3beed9c001af5d9bd91af1d30abe76d3f524	89868		fixture-kotlin-compiler-11	request-selected-source	1	1	fixture-kotlin-compiler-11	1	0	0	1	0	11	0	0	0	1	0
request-selected-source-wrapped-contains-target-59-dense	graph-parameter	request-selected-source-wrapped-contains	dense	request-graph-selection-and-wrapped-contains	request-selected-source	properties	200	fixture-kotlin-compiler-11	fixture-kotlin-compiler-11	1	9e1bbfe33d12ec072b828f417bb9dcdab26d7daecb14898f31eb2d73cdaff93c	success	200	89429	54106029dd8c0484e4d4612954bdb30eebd525f910018413d1ee09bf2ea5c8ac	188453		fixture-kotlin-compiler-11	request-selected-source	1	1	fixture-kotlin-compiler-11	1	0	0	1	0	200	0	0	0	1	0
request-selected-source-wrapped-contains-target-60-zero	graph-parameter	request-selected-source-wrapped-contains	zero	request-graph-selection-and-wrapped-contains	request-selected-source	properties	200	fixture-kotlin-compiler-12	fixture-kotlin-compiler-12	1	45b0266366bbda196d2004ab993b070c325a01ec90b2c254cb7a89f0070e843a	success	0	147	805c8c7334c868e18e2be84be95b83cc60895722d739c2b164a68be4cd410c49	99125			request-selected-source	1	1	fixture-kotlin-compiler-12	1	0	0	1	0	1	0	0	0	1	0
request-selected-source-wrapped-contains-target-60-targeted	graph-parameter	request-selected-source-wrapped-contains	targeted	request-graph-selection-and-wrapped-contains	request-selected-source	properties	200	fixture-kotlin-compiler-12	fixture-kotlin-compiler-12	1	45b0266366bbda196d2004ab993b070c325a01ec90b2c254cb7a89f0070e843a	success	13	7599	88379c6b80e2b23974c6b6a1e2c6fc3f3680ec705c71b7cecbc9a2228bf7fa26	88526		fixture-kotlin-compiler-12	request-selected-source	1	1	fixture-kotlin-compiler-12	1	0	0	1	0	13	0	0	0	1	0
request-selected-source-wrapped-contains-target-60-dense	graph-parameter	request-selected-source-wrapped-contains	dense	request-graph-selection-and-wrapped-contains	request-selected-source	properties	200	fixture-kotlin-compiler-12	fixture-kotlin-compiler-12	1	45b0266366bbda196d2004ab993b070c325a01ec90b2c254cb7a89f0070e843a	success	200	94040	5d662b90e716477fff887768402c85462026d6042e22f1d7fafdb565b9f9efc8	148808		fixture-kotlin-compiler-12	request-selected-source	1	1	fixture-kotlin-compiler-12	1	0	0	1	0	200	0	0	0	1	0
request-selected-source-wrapped-contains-target-61-zero	graph-parameter	request-selected-source-wrapped-contains	zero	request-graph-selection-and-wrapped-contains	request-selected-source	properties	200	fixture-kotlin-compiler-13	fixture-kotlin-compiler-13	1	aedca61396c53e1f40a6a8408974c2e44a02b0dd40978618ab51b02da9ecb430	success	0	147	805c8c7334c868e18e2be84be95b83cc60895722d739c2b164a68be4cd410c49	81763			request-selected-source	1	1	fixture-kotlin-compiler-13	1	0	0	1	0	1	0	0	0	1	0
request-selected-source-wrapped-contains-target-61-targeted	graph-parameter	request-selected-source-wrapped-contains	targeted	request-graph-selection-and-wrapped-contains	request-selected-source	properties	200	fixture-kotlin-compiler-13	fixture-kotlin-compiler-13	1	aedca61396c53e1f40a6a8408974c2e44a02b0dd40978618ab51b02da9ecb430	success	8	5180	b6f5bd5828bd66e4f09f8198b509f3673986060cf32e2725dff13d9bcb4d6e9b	104215		fixture-kotlin-compiler-13	request-selected-source	1	1	fixture-kotlin-compiler-13	1	0	0	1	0	8	0	0	0	1	0
request-selected-source-wrapped-contains-target-61-dense	graph-parameter	request-selected-source-wrapped-contains	dense	request-graph-selection-and-wrapped-contains	request-selected-source	properties	200	fixture-kotlin-compiler-13	fixture-kotlin-compiler-13	1	aedca61396c53e1f40a6a8408974c2e44a02b0dd40978618ab51b02da9ecb430	success	200	93638	00f9fdf9bf9dc94ccc0d67b35cb45c01a8e623cfaedfdb70da1cc1bfa69daf82	143458		fixture-kotlin-compiler-13	request-selected-source	1	1	fixture-kotlin-compiler-13	1	0	0	1	0	200	0	0	0	1	0
request-selected-source-wrapped-contains-target-62-zero	graph-parameter	request-selected-source-wrapped-contains	zero	request-graph-selection-and-wrapped-contains	request-selected-source	properties	200	fixture-kotlin-compiler-14	fixture-kotlin-compiler-14	1	7f28ad9f946e8d01109ca70944e08883f52dd5c6cb287fa2d5fade1909b610b0	success	0	147	805c8c7334c868e18e2be84be95b83cc60895722d739c2b164a68be4cd410c49	85119			request-selected-source	1	1	fixture-kotlin-compiler-14	1	0	0	1	0	1	0	0	0	1	0
request-selected-source-wrapped-contains-target-62-targeted	graph-parameter	request-selected-source-wrapped-contains	targeted	request-graph-selection-and-wrapped-contains	request-selected-source	properties	200	fixture-kotlin-compiler-14	fixture-kotlin-compiler-14	1	7f28ad9f946e8d01109ca70944e08883f52dd5c6cb287fa2d5fade1909b610b0	success	1	877	f04b3035acb1285487cb68f126c796fd316b35c6ce630f1e71efd88436bf28f2	80961		fixture-kotlin-compiler-14	request-selected-source	1	1	fixture-kotlin-compiler-14	1	0	0	1	0	1	0	0	0	1	0
request-selected-source-wrapped-contains-target-62-dense	graph-parameter	request-selected-source-wrapped-contains	dense	request-graph-selection-and-wrapped-contains	request-selected-source	properties	200	fixture-kotlin-compiler-14	fixture-kotlin-compiler-14	1	7f28ad9f946e8d01109ca70944e08883f52dd5c6cb287fa2d5fade1909b610b0	success	200	97449	f19574ac46a01dafc16136d9e8c4835b8d40c72753078eb8a67a1d7d438dd937	167204		fixture-kotlin-compiler-14	request-selected-source	1	1	fixture-kotlin-compiler-14	1	0	0	1	0	200	0	0	0	1	0
request-selected-source-wrapped-contains-target-63-zero	graph-parameter	request-selected-source-wrapped-contains	zero	request-graph-selection-and-wrapped-contains	request-selected-source	properties	200	fixture-kotlin-compiler-15	fixture-kotlin-compiler-15	1	86015e396789c5c1cf86d1df3b0b97987a7b461bfcfb129491f3d758793d1d65	success	0	147	805c8c7334c868e18e2be84be95b83cc60895722d739c2b164a68be4cd410c49	98444			request-selected-source	1	1	fixture-kotlin-compiler-15	1	0	0	1	0	1	0	0	0	1	0
request-selected-source-wrapped-contains-target-63-targeted	graph-parameter	request-selected-source-wrapped-contains	targeted	request-graph-selection-and-wrapped-contains	request-selected-source	properties	200	fixture-kotlin-compiler-15	fixture-kotlin-compiler-15	1	86015e396789c5c1cf86d1df3b0b97987a7b461bfcfb129491f3d758793d1d65	success	1	778	1734729b6952d2a8eff267ca86b458aa4fd5e0c703c1fa60dd66478cd3c49356	81543		fixture-kotlin-compiler-15	request-selected-source	1	1	fixture-kotlin-compiler-15	1	0	0	1	0	1	0	0	0	1	0
request-selected-source-wrapped-contains-target-63-dense	graph-parameter	request-selected-source-wrapped-contains	dense	request-graph-selection-and-wrapped-contains	request-selected-source	properties	200	fixture-kotlin-compiler-15	fixture-kotlin-compiler-15	1	86015e396789c5c1cf86d1df3b0b97987a7b461bfcfb129491f3d758793d1d65	success	200	91412	082721be4b0e9234c67505fe172c638dcb4ef8924db9c6264a191473dfc4e443	146134		fixture-kotlin-compiler-15	request-selected-source	1	1	fixture-kotlin-compiler-15	1	0	0	1	0	200	0	0	0	1	0
graph-id-in-literal-wrapped-contains-k02-group-00-zero	graph-id-set	graph-id-in-literal-wrapped-contains	zero	graph-id-in-literal-and-wrapped-contains	graph-routing-set	properties	200	fixture-android-00	fixture-android-00,fixture-android-01	2	c5e427ee59fd172b027152e6baa9bd2cb81ab90e16b12acf9406ffe97ce9ae6a	success	0	147	805c8c7334c868e18e2be84be95b83cc60895722d739c2b164a68be4cd410c49	168435			cypher-graph-id-predicate	64	2	fixture-android-00,fixture-android-01	2	0	0	2	0	2	1	1	62	1	0
graph-id-in-parameter-wrapped-contains-k02-group-00-zero	graph-id-set	graph-id-in-parameter-wrapped-contains	zero	graph-id-in-parameter-and-wrapped-contains	parameters	properties	200	fixture-android-00	fixture-android-00,fixture-android-01	2	c5e427ee59fd172b027152e6baa9bd2cb81ab90e16b12acf9406ffe97ce9ae6a	success	0	147	805c8c7334c868e18e2be84be95b83cc60895722d739c2b164a68be4cd410c49	96481			cypher-graph-id-predicate	64	2	fixture-android-00,fixture-android-01	2	0	0	2	0	2	1	1	62	1	0
request-selected-set-wrapped-contains-k02-group-00-zero	graph-set-reference	request-selected-set-wrapped-contains	zero	request-graph-set-selection-and-wrapped-contains	request-selected-source	properties	200	fixture-android-00	fixture-android-00,fixture-android-01	2	c5e427ee59fd172b027152e6baa9bd2cb81ab90e16b12acf9406ffe97ce9ae6a	success	0	147	805c8c7334c868e18e2be84be95b83cc60895722d739c2b164a68be4cd410c49	82965			request-selected-source	2	2	fixture-android-00,fixture-android-01	2	0	0	2	0	2	0	0	0	1	0
graph-id-in-literal-wrapped-contains-k02-group-00-targeted	graph-id-set	graph-id-in-literal-wrapped-contains	targeted	graph-id-in-literal-and-wrapped-contains	graph-routing-set	properties	200	fixture-android-00	fixture-android-00,fixture-android-01	2	c5e427ee59fd172b027152e6baa9bd2cb81ab90e16b12acf9406ffe97ce9ae6a	success	10	5730	00c81103244dc6d42abdc3894d771e5a24957dcf7e5ad4d8dc686b1d7e0cb89e	116017		fixture-android-00	cypher-graph-id-predicate	64	2	fixture-android-00,fixture-android-01	2	0	0	2	0	11	1	1	62	1	0
graph-id-in-parameter-wrapped-contains-k02-group-00-targeted	graph-id-set	graph-id-in-parameter-wrapped-contains	targeted	graph-id-in-parameter-and-wrapped-contains	parameters	properties	200	fixture-android-00	fixture-android-00,fixture-android-01	2	c5e427ee59fd172b027152e6baa9bd2cb81ab90e16b12acf9406ffe97ce9ae6a	success	10	5730	00c81103244dc6d42abdc3894d771e5a24957dcf7e5ad4d8dc686b1d7e0cb89e	92243		fixture-android-00	cypher-graph-id-predicate	64	2	fixture-android-00,fixture-android-01	2	0	0	2	0	11	1	1	62	1	0
request-selected-set-wrapped-contains-k02-group-00-targeted	graph-set-reference	request-selected-set-wrapped-contains	targeted	request-graph-set-selection-and-wrapped-contains	request-selected-source	properties	200	fixture-android-00	fixture-android-00,fixture-android-01	2	c5e427ee59fd172b027152e6baa9bd2cb81ab90e16b12acf9406ffe97ce9ae6a	success	10	5730	00c81103244dc6d42abdc3894d771e5a24957dcf7e5ad4d8dc686b1d7e0cb89e	91210		fixture-android-00	request-selected-source	2	2	fixture-android-00,fixture-android-01	2	0	0	2	0	11	0	0	0	1	0
graph-id-in-literal-wrapped-contains-k02-group-00-dense	graph-id-set	graph-id-in-literal-wrapped-contains	dense	graph-id-in-literal-and-wrapped-contains	graph-routing-set	properties	200	fixture-android-00	fixture-android-00,fixture-android-01	2	c5e427ee59fd172b027152e6baa9bd2cb81ab90e16b12acf9406ffe97ce9ae6a	success	200	84411	3bdee68309e62bee93f47848258ded90b1763d55841fa57d8b8fd21867653c44	219701		fixture-android-00	cypher-graph-id-predicate	64	1	fixture-android-00	1	0	0	1	0	200	1	1	62	1	0
graph-id-in-parameter-wrapped-contains-k02-group-00-dense	graph-id-set	graph-id-in-parameter-wrapped-contains	dense	graph-id-in-parameter-and-wrapped-contains	parameters	properties	200	fixture-android-00	fixture-android-00,fixture-android-01	2	c5e427ee59fd172b027152e6baa9bd2cb81ab90e16b12acf9406ffe97ce9ae6a	success	200	84411	3bdee68309e62bee93f47848258ded90b1763d55841fa57d8b8fd21867653c44	131045		fixture-android-00	cypher-graph-id-predicate	64	1	fixture-android-00	1	0	0	1	0	200	1	1	62	1	0
request-selected-set-wrapped-contains-k02-group-00-dense	graph-set-reference	request-selected-set-wrapped-contains	dense	request-graph-set-selection-and-wrapped-contains	request-selected-source	properties	200	fixture-android-00	fixture-android-00,fixture-android-01	2	c5e427ee59fd172b027152e6baa9bd2cb81ab90e16b12acf9406ffe97ce9ae6a	success	200	84411	3bdee68309e62bee93f47848258ded90b1763d55841fa57d8b8fd21867653c44	136666		fixture-android-00	request-selected-source	2	1	fixture-android-00	1	0	0	1	0	200	0	0	0	1	0
graph-id-in-literal-wrapped-contains-k02-group-01-zero	graph-id-set	graph-id-in-literal-wrapped-contains	zero	graph-id-in-literal-and-wrapped-contains	graph-routing-set	properties	200	fixture-android-02	fixture-android-02,fixture-android-03	2	d64cb658b49ae8aa8f854034e272f5ae61430151b877619dd59a5dae05bbec09	success	0	147	805c8c7334c868e18e2be84be95b83cc60895722d739c2b164a68be4cd410c49	105678			cypher-graph-id-predicate	64	2	fixture-android-02,fixture-android-03	2	0	0	2	0	2	1	1	62	1	0
graph-id-in-parameter-wrapped-contains-k02-group-01-zero	graph-id-set	graph-id-in-parameter-wrapped-contains	zero	graph-id-in-parameter-and-wrapped-contains	parameters	properties	200	fixture-android-02	fixture-android-02,fixture-android-03	2	d64cb658b49ae8aa8f854034e272f5ae61430151b877619dd59a5dae05bbec09	success	0	147	805c8c7334c868e18e2be84be95b83cc60895722d739c2b164a68be4cd410c49	91541			cypher-graph-id-predicate	64	2	fixture-android-02,fixture-android-03	2	0	0	2	0	2	1	1	62	1	0
request-selected-set-wrapped-contains-k02-group-01-zero	graph-set-reference	request-selected-set-wrapped-contains	zero	request-graph-set-selection-and-wrapped-contains	request-selected-source	properties	200	fixture-android-02	fixture-android-02,fixture-android-03	2	d64cb658b49ae8aa8f854034e272f5ae61430151b877619dd59a5dae05bbec09	success	0	147	805c8c7334c868e18e2be84be95b83cc60895722d739c2b164a68be4cd410c49	85339			request-selected-source	2	2	fixture-android-02,fixture-android-03	2	0	0	2	0	2	0	0	0	1	0
graph-id-in-literal-wrapped-contains-k02-group-01-targeted	graph-id-set	graph-id-in-literal-wrapped-contains	targeted	graph-id-in-literal-and-wrapped-contains	graph-routing-set	properties	200	fixture-android-02	fixture-android-02,fixture-android-03	2	d64cb658b49ae8aa8f854034e272f5ae61430151b877619dd59a5dae05bbec09	success	9	5751	0754b66fd035110585cc31e6af555127395a9cd85c413f0a859de6b596c3b70d	96731		fixture-android-02	cypher-graph-id-predicate	64	2	fixture-android-02,fixture-android-03	2	0	0	2	0	10	1	1	62	1	0
graph-id-in-parameter-wrapped-contains-k02-group-01-targeted	graph-id-set	graph-id-in-parameter-wrapped-contains	targeted	graph-id-in-parameter-and-wrapped-contains	parameters	properties	200	fixture-android-02	fixture-android-02,fixture-android-03	2	d64cb658b49ae8aa8f854034e272f5ae61430151b877619dd59a5dae05bbec09	success	9	5751	0754b66fd035110585cc31e6af555127395a9cd85c413f0a859de6b596c3b70d	92663		fixture-android-02	cypher-graph-id-predicate	64	2	fixture-android-02,fixture-android-03	2	0	0	2	0	10	1	1	62	1	0
request-selected-set-wrapped-contains-k02-group-01-targeted	graph-set-reference	request-selected-set-wrapped-contains	targeted	request-graph-set-selection-and-wrapped-contains	request-selected-source	properties	200	fixture-android-02	fixture-android-02,fixture-android-03	2	d64cb658b49ae8aa8f854034e272f5ae61430151b877619dd59a5dae05bbec09	success	9	5751	0754b66fd035110585cc31e6af555127395a9cd85c413f0a859de6b596c3b70d	85179		fixture-android-02	request-selected-source	2	2	fixture-android-02,fixture-android-03	2	0	0	2	0	10	0	0	0	1	0
graph-id-in-literal-wrapped-contains-k02-group-01-dense	graph-id-set	graph-id-in-literal-wrapped-contains	dense	graph-id-in-literal-and-wrapped-contains	graph-routing-set	properties	200	fixture-android-02	fixture-android-02,fixture-android-03	2	d64cb658b49ae8aa8f854034e272f5ae61430151b877619dd59a5dae05bbec09	success	200	86930	a289774d080329d12351d967c614eae9b16190b55970a757b1f268e21aee3975	162454		fixture-android-02	cypher-graph-id-predicate	64	1	fixture-android-02	1	0	0	1	0	200	1	1	62	1	0
graph-id-in-parameter-wrapped-contains-k02-group-01-dense	graph-id-set	graph-id-in-parameter-wrapped-contains	dense	graph-id-in-parameter-and-wrapped-contains	parameters	properties	200	fixture-android-02	fixture-android-02,fixture-android-03	2	d64cb658b49ae8aa8f854034e272f5ae61430151b877619dd59a5dae05bbec09	success	200	86930	a289774d080329d12351d967c614eae9b16190b55970a757b1f268e21aee3975	100698		fixture-android-02	cypher-graph-id-predicate	64	1	fixture-android-02	1	0	0	1	0	200	1	1	62	1	0
request-selected-set-wrapped-contains-k02-group-01-dense	graph-set-reference	request-selected-set-wrapped-contains	dense	request-graph-set-selection-and-wrapped-contains	request-selected-source	properties	200	fixture-android-02	fixture-android-02,fixture-android-03	2	d64cb658b49ae8aa8f854034e272f5ae61430151b877619dd59a5dae05bbec09	success	200	86930	a289774d080329d12351d967c614eae9b16190b55970a757b1f268e21aee3975	104215		fixture-android-02	request-selected-source	2	1	fixture-android-02	1	0	0	1	0	200	0	0	0	1	0
graph-id-in-literal-wrapped-contains-k02-group-02-zero	graph-id-set	graph-id-in-literal-wrapped-contains	zero	graph-id-in-literal-and-wrapped-contains	graph-routing-set	properties	200	fixture-android-04	fixture-android-04,fixture-android-05	2	b8fdb740afd79a8321e4190db7c093a8e1259183d215b7f96692345a6e8a0185	success	0	147	805c8c7334c868e18e2be84be95b83cc60895722d739c2b164a68be4cd410c49	422394			cypher-graph-id-predicate	64	2	fixture-android-04,fixture-android-05	2	0	0	2	0	2	1	1	62	1	0
graph-id-in-parameter-wrapped-contains-k02-group-02-zero	graph-id-set	graph-id-in-parameter-wrapped-contains	zero	graph-id-in-parameter-and-wrapped-contains	parameters	properties	200	fixture-android-04	fixture-android-04,fixture-android-05	2	b8fdb740afd79a8321e4190db7c093a8e1259183d215b7f96692345a6e8a0185	success	0	147	805c8c7334c868e18e2be84be95b83cc60895722d739c2b164a68be4cd410c49	117079			cypher-graph-id-predicate	64	2	fixture-android-04,fixture-android-05	2	0	0	2	0	2	1	1	62	1	0
request-selected-set-wrapped-contains-k02-group-02-zero	graph-set-reference	request-selected-set-wrapped-contains	zero	request-graph-set-selection-and-wrapped-contains	request-selected-source	properties	200	fixture-android-04	fixture-android-04,fixture-android-05	2	b8fdb740afd79a8321e4190db7c093a8e1259183d215b7f96692345a6e8a0185	success	0	147	805c8c7334c868e18e2be84be95b83cc60895722d739c2b164a68be4cd410c49	98384			request-selected-source	2	2	fixture-android-04,fixture-android-05	2	0	0	2	0	2	0	0	0	1	0
graph-id-in-literal-wrapped-contains-k02-group-02-targeted	graph-id-set	graph-id-in-literal-wrapped-contains	targeted	graph-id-in-literal-and-wrapped-contains	graph-routing-set	properties	200	fixture-android-04	fixture-android-04,fixture-android-05	2	b8fdb740afd79a8321e4190db7c093a8e1259183d215b7f96692345a6e8a0185	success	9	5762	527d81de9e8ca9f5fe9ad0166e1e1711fbccaf3c53281e7e95375f6d55e3a3c7	114875		fixture-android-04	cypher-graph-id-predicate	64	2	fixture-android-04,fixture-android-05	2	0	0	2	0	10	1	1	62	1	0
graph-id-in-parameter-wrapped-contains-k02-group-02-targeted	graph-id-set	graph-id-in-parameter-wrapped-contains	targeted	graph-id-in-parameter-and-wrapped-contains	parameters	properties	200	fixture-android-04	fixture-android-04,fixture-android-05	2	b8fdb740afd79a8321e4190db7c093a8e1259183d215b7f96692345a6e8a0185	success	9	5762	527d81de9e8ca9f5fe9ad0166e1e1711fbccaf3c53281e7e95375f6d55e3a3c7	126236		fixture-android-04	cypher-graph-id-predicate	64	2	fixture-android-04,fixture-android-05	2	0	0	2	0	10	1	1	62	1	0
request-selected-set-wrapped-contains-k02-group-02-targeted	graph-set-reference	request-selected-set-wrapped-contains	targeted	request-graph-set-selection-and-wrapped-contains	request-selected-source	properties	200	fixture-android-04	fixture-android-04,fixture-android-05	2	b8fdb740afd79a8321e4190db7c093a8e1259183d215b7f96692345a6e8a0185	success	9	5762	527d81de9e8ca9f5fe9ad0166e1e1711fbccaf3c53281e7e95375f6d55e3a3c7	133881		fixture-android-04	request-selected-source	2	2	fixture-android-04,fixture-android-05	2	0	0	2	0	10	0	0	0	1	0
graph-id-in-literal-wrapped-contains-k02-group-02-dense	graph-id-set	graph-id-in-literal-wrapped-contains	dense	graph-id-in-literal-and-wrapped-contains	graph-routing-set	properties	200	fixture-android-04	fixture-android-04,fixture-android-05	2	b8fdb740afd79a8321e4190db7c093a8e1259183d215b7f96692345a6e8a0185	success	200	86152	85d9bac3392391ae56f1f03af81d888f398336c8e33a1ef1e42c5409f746f730	163787		fixture-android-04	cypher-graph-id-predicate	64	1	fixture-android-04	1	0	0	1	0	200	1	1	62	1	0
graph-id-in-parameter-wrapped-contains-k02-group-02-dense	graph-id-set	graph-id-in-parameter-wrapped-contains	dense	graph-id-in-parameter-and-wrapped-contains	parameters	properties	200	fixture-android-04	fixture-android-04,fixture-android-05	2	b8fdb740afd79a8321e4190db7c093a8e1259183d215b7f96692345a6e8a0185	success	200	86152	85d9bac3392391ae56f1f03af81d888f398336c8e33a1ef1e42c5409f746f730	99487		fixture-android-04	cypher-graph-id-predicate	64	1	fixture-android-04	1	0	0	1	0	200	1	1	62	1	0
request-selected-set-wrapped-contains-k02-group-02-dense	graph-set-reference	request-selected-set-wrapped-contains	dense	request-graph-set-selection-and-wrapped-contains	request-selected-source	properties	200	fixture-android-04	fixture-android-04,fixture-android-05	2	b8fdb740afd79a8321e4190db7c093a8e1259183d215b7f96692345a6e8a0185	success	200	86152	85d9bac3392391ae56f1f03af81d888f398336c8e33a1ef1e42c5409f746f730	91221		fixture-android-04	request-selected-source	2	1	fixture-android-04	1	0	0	1	0	200	0	0	0	1	0
graph-id-in-literal-wrapped-contains-k02-group-03-zero	graph-id-set	graph-id-in-literal-wrapped-contains	zero	graph-id-in-literal-and-wrapped-contains	graph-routing-set	properties	200	fixture-android-06	fixture-android-06,fixture-android-07	2	6fe6d1e974e6baa1651257376dccb286a52017ff70666b6755aad54482e00b40	success	0	147	805c8c7334c868e18e2be84be95b83cc60895722d739c2b164a68be4cd410c49	122509			cypher-graph-id-predicate	64	2	fixture-android-06,fixture-android-07	2	0	0	2	0	2	1	1	62	1	0
graph-id-in-parameter-wrapped-contains-k02-group-03-zero	graph-id-set	graph-id-in-parameter-wrapped-contains	zero	graph-id-in-parameter-and-wrapped-contains	parameters	properties	200	fixture-android-06	fixture-android-06,fixture-android-07	2	6fe6d1e974e6baa1651257376dccb286a52017ff70666b6755aad54482e00b40	success	0	147	805c8c7334c868e18e2be84be95b83cc60895722d739c2b164a68be4cd410c49	139208			cypher-graph-id-predicate	64	2	fixture-android-06,fixture-android-07	2	0	0	2	0	2	1	1	62	1	0
request-selected-set-wrapped-contains-k02-group-03-zero	graph-set-reference	request-selected-set-wrapped-contains	zero	request-graph-set-selection-and-wrapped-contains	request-selected-source	properties	200	fixture-android-06	fixture-android-06,fixture-android-07	2	6fe6d1e974e6baa1651257376dccb286a52017ff70666b6755aad54482e00b40	success	0	147	805c8c7334c868e18e2be84be95b83cc60895722d739c2b164a68be4cd410c49	107482			request-selected-source	2	2	fixture-android-06,fixture-android-07	2	0	0	2	0	2	0	0	0	1	0
graph-id-in-literal-wrapped-contains-k02-group-03-targeted	graph-id-set	graph-id-in-literal-wrapped-contains	targeted	graph-id-in-literal-and-wrapped-contains	graph-routing-set	properties	200	fixture-android-06	fixture-android-06,fixture-android-07	2	6fe6d1e974e6baa1651257376dccb286a52017ff70666b6755aad54482e00b40	success	1	734	2c8962bfda6df26238f145f32f089e1ccdb69cc26ea9c2fde590f543638ba060	124093		fixture-android-06	cypher-graph-id-predicate	64	2	fixture-android-06,fixture-android-07	2	0	0	2	0	2	1	1	62	1	0
graph-id-in-parameter-wrapped-contains-k02-group-03-targeted	graph-id-set	graph-id-in-parameter-wrapped-contains	targeted	graph-id-in-parameter-and-wrapped-contains	parameters	properties	200	fixture-android-06	fixture-android-06,fixture-android-07	2	6fe6d1e974e6baa1651257376dccb286a52017ff70666b6755aad54482e00b40	success	1	734	2c8962bfda6df26238f145f32f089e1ccdb69cc26ea9c2fde590f543638ba060	114444		fixture-android-06	cypher-graph-id-predicate	64	2	fixture-android-06,fixture-android-07	2	0	0	2	0	2	1	1	62	1	0
request-selected-set-wrapped-contains-k02-group-03-targeted	graph-set-reference	request-selected-set-wrapped-contains	targeted	request-graph-set-selection-and-wrapped-contains	request-selected-source	properties	200	fixture-android-06	fixture-android-06,fixture-android-07	2	6fe6d1e974e6baa1651257376dccb286a52017ff70666b6755aad54482e00b40	success	1	734	2c8962bfda6df26238f145f32f089e1ccdb69cc26ea9c2fde590f543638ba060	101700		fixture-android-06	request-selected-source	2	2	fixture-android-06,fixture-android-07	2	0	0	2	0	2	0	0	0	1	0
graph-id-in-literal-wrapped-contains-k02-group-03-dense	graph-id-set	graph-id-in-literal-wrapped-contains	dense	graph-id-in-literal-and-wrapped-contains	graph-routing-set	properties	200	fixture-android-06	fixture-android-06,fixture-android-07	2	6fe6d1e974e6baa1651257376dccb286a52017ff70666b6755aad54482e00b40	success	200	83941	f7f169fb4cd9a2408b058d9e03502907fe0d9372ba70f2f3749aeaffa464e292	158347		fixture-android-06	cypher-graph-id-predicate	64	1	fixture-android-06	1	0	0	1	0	200	1	1	62	1	0
graph-id-in-parameter-wrapped-contains-k02-group-03-dense	graph-id-set	graph-id-in-parameter-wrapped-contains	dense	graph-id-in-parameter-and-wrapped-contains	parameters	properties	200	fixture-android-06	fixture-android-06,fixture-android-07	2	6fe6d1e974e6baa1651257376dccb286a52017ff70666b6755aad54482e00b40	success	200	83941	f7f169fb4cd9a2408b058d9e03502907fe0d9372ba70f2f3749aeaffa464e292	97041		fixture-android-06	cypher-graph-id-predicate	64	1	fixture-android-06	1	0	0	1	0	200	1	1	62	1	0
request-selected-set-wrapped-contains-k02-group-03-dense	graph-set-reference	request-selected-set-wrapped-contains	dense	request-graph-set-selection-and-wrapped-contains	request-selected-source	properties	200	fixture-android-06	fixture-android-06,fixture-android-07	2	6fe6d1e974e6baa1651257376dccb286a52017ff70666b6755aad54482e00b40	success	200	83941	f7f169fb4cd9a2408b058d9e03502907fe0d9372ba70f2f3749aeaffa464e292	96030		fixture-android-06	request-selected-source	2	1	fixture-android-06	1	0	0	1	0	200	0	0	0	1	0
graph-id-in-literal-wrapped-contains-k02-group-04-zero	graph-id-set	graph-id-in-literal-wrapped-contains	zero	graph-id-in-literal-and-wrapped-contains	graph-routing-set	properties	200	fixture-android-08	fixture-android-08,fixture-android-09	2	9ec81a90c045de286a3929ee12d1d47e12620e8c018cdd08ec574a7d9d754d97	success	0	147	805c8c7334c868e18e2be84be95b83cc60895722d739c2b164a68be4cd410c49	103984			cypher-graph-id-predicate	64	2	fixture-android-08,fixture-android-09	2	0	0	2	0	2	1	1	62	1	0
graph-id-in-parameter-wrapped-contains-k02-group-04-zero	graph-id-set	graph-id-in-parameter-wrapped-contains	zero	graph-id-in-parameter-and-wrapped-contains	parameters	properties	200	fixture-android-08	fixture-android-08,fixture-android-09	2	9ec81a90c045de286a3929ee12d1d47e12620e8c018cdd08ec574a7d9d754d97	success	0	147	805c8c7334c868e18e2be84be95b83cc60895722d739c2b164a68be4cd410c49	90098			cypher-graph-id-predicate	64	2	fixture-android-08,fixture-android-09	2	0	0	2	0	2	1	1	62	1	0
request-selected-set-wrapped-contains-k02-group-04-zero	graph-set-reference	request-selected-set-wrapped-contains	zero	request-graph-set-selection-and-wrapped-contains	request-selected-source	properties	200	fixture-android-08	fixture-android-08,fixture-android-09	2	9ec81a90c045de286a3929ee12d1d47e12620e8c018cdd08ec574a7d9d754d97	success	0	147	805c8c7334c868e18e2be84be95b83cc60895722d739c2b164a68be4cd410c49	80501			request-selected-source	2	2	fixture-android-08,fixture-android-09	2	0	0	2	0	2	0	0	0	1	0
graph-id-in-literal-wrapped-contains-k02-group-04-targeted	graph-id-set	graph-id-in-literal-wrapped-contains	targeted	graph-id-in-literal-and-wrapped-contains	graph-routing-set	properties	200	fixture-android-08	fixture-android-08,fixture-android-09	2	9ec81a90c045de286a3929ee12d1d47e12620e8c018cdd08ec574a7d9d754d97	success	2	1322	4b49b28d836e57c2c3f8d43a93acd00a93b169fcd603338f9ab350f541e9665c	104606		fixture-android-08	cypher-graph-id-predicate	64	2	fixture-android-08,fixture-android-09	2	0	0	2	0	3	1	1	62	1	0
graph-id-in-parameter-wrapped-contains-k02-group-04-targeted	graph-id-set	graph-id-in-parameter-wrapped-contains	targeted	graph-id-in-parameter-and-wrapped-contains	parameters	properties	200	fixture-android-08	fixture-android-08,fixture-android-09	2	9ec81a90c045de286a3929ee12d1d47e12620e8c018cdd08ec574a7d9d754d97	success	2	1322	4b49b28d836e57c2c3f8d43a93acd00a93b169fcd603338f9ab350f541e9665c	76593		fixture-android-08	cypher-graph-id-predicate	64	2	fixture-android-08,fixture-android-09	2	0	0	2	0	3	1	1	62	1	0
request-selected-set-wrapped-contains-k02-group-04-targeted	graph-set-reference	request-selected-set-wrapped-contains	targeted	request-graph-set-selection-and-wrapped-contains	request-selected-source	properties	200	fixture-android-08	fixture-android-08,fixture-android-09	2	9ec81a90c045de286a3929ee12d1d47e12620e8c018cdd08ec574a7d9d754d97	success	2	1322	4b49b28d836e57c2c3f8d43a93acd00a93b169fcd603338f9ab350f541e9665c	114164		fixture-android-08	request-selected-source	2	2	fixture-android-08,fixture-android-09	2	0	0	2	0	3	0	0	0	1	0
graph-id-in-literal-wrapped-contains-k02-group-04-dense	graph-id-set	graph-id-in-literal-wrapped-contains	dense	graph-id-in-literal-and-wrapped-contains	graph-routing-set	properties	200	fixture-android-08	fixture-android-08,fixture-android-09	2	9ec81a90c045de286a3929ee12d1d47e12620e8c018cdd08ec574a7d9d754d97	success	200	85531	ed34441ff634f19c276911a1fa193106a9070fde1065b57fc7ec71132b8d5f66	194504		fixture-android-08	cypher-graph-id-predicate	64	1	fixture-android-08	1	0	0	1	0	200	1	1	62	1	0
graph-id-in-parameter-wrapped-contains-k02-group-04-dense	graph-id-set	graph-id-in-parameter-wrapped-contains	dense	graph-id-in-parameter-and-wrapped-contains	parameters	properties	200	fixture-android-08	fixture-android-08,fixture-android-09	2	9ec81a90c045de286a3929ee12d1d47e12620e8c018cdd08ec574a7d9d754d97	success	200	85531	ed34441ff634f19c276911a1fa193106a9070fde1065b57fc7ec71132b8d5f66	102060		fixture-android-08	cypher-graph-id-predicate	64	1	fixture-android-08	1	0	0	1	0	200	1	1	62	1	0
request-selected-set-wrapped-contains-k02-group-04-dense	graph-set-reference	request-selected-set-wrapped-contains	dense	request-graph-set-selection-and-wrapped-contains	request-selected-source	properties	200	fixture-android-08	fixture-android-08,fixture-android-09	2	9ec81a90c045de286a3929ee12d1d47e12620e8c018cdd08ec574a7d9d754d97	success	200	85531	ed34441ff634f19c276911a1fa193106a9070fde1065b57fc7ec71132b8d5f66	100428		fixture-android-08	request-selected-source	2	1	fixture-android-08	1	0	0	1	0	200	0	0	0	1	0
graph-id-in-literal-wrapped-contains-k02-group-05-zero	graph-id-set	graph-id-in-literal-wrapped-contains	zero	graph-id-in-literal-and-wrapped-contains	graph-routing-set	properties	200	fixture-android-10	fixture-android-10,fixture-android-11	2	260eebba364a9fc7120210e771f0b6bb86afe03c57c19e1b80a6f5a3e4ae88d8	success	0	147	805c8c7334c868e18e2be84be95b83cc60895722d739c2b164a68be4cd410c49	92554			cypher-graph-id-predicate	64	2	fixture-android-10,fixture-android-11	2	0	0	2	0	2	1	1	62	1	0
graph-id-in-parameter-wrapped-contains-k02-group-05-zero	graph-id-set	graph-id-in-parameter-wrapped-contains	zero	graph-id-in-parameter-and-wrapped-contains	parameters	properties	200	fixture-android-10	fixture-android-10,fixture-android-11	2	260eebba364a9fc7120210e771f0b6bb86afe03c57c19e1b80a6f5a3e4ae88d8	success	0	147	805c8c7334c868e18e2be84be95b83cc60895722d739c2b164a68be4cd410c49	86062			cypher-graph-id-predicate	64	2	fixture-android-10,fixture-android-11	2	0	0	2	0	2	1	1	62	1	0
request-selected-set-wrapped-contains-k02-group-05-zero	graph-set-reference	request-selected-set-wrapped-contains	zero	request-graph-set-selection-and-wrapped-contains	request-selected-source	properties	200	fixture-android-10	fixture-android-10,fixture-android-11	2	260eebba364a9fc7120210e771f0b6bb86afe03c57c19e1b80a6f5a3e4ae88d8	success	0	147	805c8c7334c868e18e2be84be95b83cc60895722d739c2b164a68be4cd410c49	83406			request-selected-source	2	2	fixture-android-10,fixture-android-11	2	0	0	2	0	2	0	0	0	1	0
graph-id-in-literal-wrapped-contains-k02-group-05-targeted	graph-id-set	graph-id-in-literal-wrapped-contains	targeted	graph-id-in-literal-and-wrapped-contains	graph-routing-set	properties	200	fixture-android-10	fixture-android-10,fixture-android-11	2	260eebba364a9fc7120210e771f0b6bb86afe03c57c19e1b80a6f5a3e4ae88d8	success	1	821	f3f4d5fb39ff9fde7dcf6d88e4f52bcc4c277ed98626ccca0b17c4ddbb20b035	113332		fixture-android-10	cypher-graph-id-predicate	64	2	fixture-android-10,fixture-android-11	2	0	0	2	0	2	1	1	62	1	0
graph-id-in-parameter-wrapped-contains-k02-group-05-targeted	graph-id-set	graph-id-in-parameter-wrapped-contains	targeted	graph-id-in-parameter-and-wrapped-contains	parameters	properties	200	fixture-android-10	fixture-android-10,fixture-android-11	2	260eebba364a9fc7120210e771f0b6bb86afe03c57c19e1b80a6f5a3e4ae88d8	success	1	821	f3f4d5fb39ff9fde7dcf6d88e4f52bcc4c277ed98626ccca0b17c4ddbb20b035	89207		fixture-android-10	cypher-graph-id-predicate	64	2	fixture-android-10,fixture-android-11	2	0	0	2	0	2	1	1	62	1	0
request-selected-set-wrapped-contains-k02-group-05-targeted	graph-set-reference	request-selected-set-wrapped-contains	targeted	request-graph-set-selection-and-wrapped-contains	request-selected-source	properties	200	fixture-android-10	fixture-android-10,fixture-android-11	2	260eebba364a9fc7120210e771f0b6bb86afe03c57c19e1b80a6f5a3e4ae88d8	success	1	821	f3f4d5fb39ff9fde7dcf6d88e4f52bcc4c277ed98626ccca0b17c4ddbb20b035	86782		fixture-android-10	request-selected-source	2	2	fixture-android-10,fixture-android-11	2	0	0	2	0	2	0	0	0	1	0
graph-id-in-literal-wrapped-contains-k02-group-05-dense	graph-id-set	graph-id-in-literal-wrapped-contains	dense	graph-id-in-literal-and-wrapped-contains	graph-routing-set	properties	200	fixture-android-10	fixture-android-10,fixture-android-11	2	260eebba364a9fc7120210e771f0b6bb86afe03c57c19e1b80a6f5a3e4ae88d8	success	200	86914	eec30bd784e53b80ccd384559e9d1f853b8152ad8db90ad1f27d391bf03fc0d8	156082		fixture-android-10	cypher-graph-id-predicate	64	1	fixture-android-10	1	0	0	1	0	200	1	1	62	1	0
graph-id-in-parameter-wrapped-contains-k02-group-05-dense	graph-id-set	graph-id-in-parameter-wrapped-contains	dense	graph-id-in-parameter-and-wrapped-contains	parameters	properties	200	fixture-android-10	fixture-android-10,fixture-android-11	2	260eebba364a9fc7120210e771f0b6bb86afe03c57c19e1b80a6f5a3e4ae88d8	success	200	86914	eec30bd784e53b80ccd384559e9d1f853b8152ad8db90ad1f27d391bf03fc0d8	123902		fixture-android-10	cypher-graph-id-predicate	64	1	fixture-android-10	1	0	0	1	0	200	1	1	62	1	0
request-selected-set-wrapped-contains-k02-group-05-dense	graph-set-reference	request-selected-set-wrapped-contains	dense	request-graph-set-selection-and-wrapped-contains	request-selected-source	properties	200	fixture-android-10	fixture-android-10,fixture-android-11	2	260eebba364a9fc7120210e771f0b6bb86afe03c57c19e1b80a6f5a3e4ae88d8	success	200	86914	eec30bd784e53b80ccd384559e9d1f853b8152ad8db90ad1f27d391bf03fc0d8	118672		fixture-android-10	request-selected-source	2	1	fixture-android-10	1	0	0	1	0	200	0	0	0	1	0
graph-id-in-literal-wrapped-contains-k02-group-06-zero	graph-id-set	graph-id-in-literal-wrapped-contains	zero	graph-id-in-literal-and-wrapped-contains	graph-routing-set	properties	200	fixture-android-12	fixture-android-12,fixture-android-13	2	53a2cc8450ae462342eae55ee18f75ffa0aadf3bacfbd392f69f35c17509903f	success	0	147	805c8c7334c868e18e2be84be95b83cc60895722d739c2b164a68be4cd410c49	123641			cypher-graph-id-predicate	64	2	fixture-android-12,fixture-android-13	2	0	0	2	0	2	1	1	62	1	0
graph-id-in-parameter-wrapped-contains-k02-group-06-zero	graph-id-set	graph-id-in-parameter-wrapped-contains	zero	graph-id-in-parameter-and-wrapped-contains	parameters	properties	200	fixture-android-12	fixture-android-12,fixture-android-13	2	53a2cc8450ae462342eae55ee18f75ffa0aadf3bacfbd392f69f35c17509903f	success	0	147	805c8c7334c868e18e2be84be95b83cc60895722d739c2b164a68be4cd410c49	97242			cypher-graph-id-predicate	64	2	fixture-android-12,fixture-android-13	2	0	0	2	0	2	1	1	62	1	0
request-selected-set-wrapped-contains-k02-group-06-zero	graph-set-reference	request-selected-set-wrapped-contains	zero	request-graph-set-selection-and-wrapped-contains	request-selected-source	properties	200	fixture-android-12	fixture-android-12,fixture-android-13	2	53a2cc8450ae462342eae55ee18f75ffa0aadf3bacfbd392f69f35c17509903f	success	0	147	805c8c7334c868e18e2be84be95b83cc60895722d739c2b164a68be4cd410c49	84218			request-selected-source	2	2	fixture-android-12,fixture-android-13	2	0	0	2	0	2	0	0	0	1	0
graph-id-in-literal-wrapped-contains-k02-group-06-targeted	graph-id-set	graph-id-in-literal-wrapped-contains	targeted	graph-id-in-literal-and-wrapped-contains	graph-routing-set	properties	200	fixture-android-12	fixture-android-12,fixture-android-13	2	53a2cc8450ae462342eae55ee18f75ffa0aadf3bacfbd392f69f35c17509903f	success	2	1348	569ba2c2d8626f5c6804b713aa9f9bd5155648246e0bb082ab37cf407a3ccee9	97483		fixture-android-12	cypher-graph-id-predicate	64	2	fixture-android-12,fixture-android-13	2	0	0	2	0	3	1	1	62	1	0
graph-id-in-parameter-wrapped-contains-k02-group-06-targeted	graph-id-set	graph-id-in-parameter-wrapped-contains	targeted	graph-id-in-parameter-and-wrapped-contains	parameters	properties	200	fixture-android-12	fixture-android-12,fixture-android-13	2	53a2cc8450ae462342eae55ee18f75ffa0aadf3bacfbd392f69f35c17509903f	success	2	1348	569ba2c2d8626f5c6804b713aa9f9bd5155648246e0bb082ab37cf407a3ccee9	89658		fixture-android-12	cypher-graph-id-predicate	64	2	fixture-android-12,fixture-android-13	2	0	0	2	0	3	1	1	62	1	0
request-selected-set-wrapped-contains-k02-group-06-targeted	graph-set-reference	request-selected-set-wrapped-contains	targeted	request-graph-set-selection-and-wrapped-contains	request-selected-source	properties	200	fixture-android-12	fixture-android-12,fixture-android-13	2	53a2cc8450ae462342eae55ee18f75ffa0aadf3bacfbd392f69f35c17509903f	success	2	1348	569ba2c2d8626f5c6804b713aa9f9bd5155648246e0bb082ab37cf407a3ccee9	104595		fixture-android-12	request-selected-source	2	2	fixture-android-12,fixture-android-13	2	0	0	2	0	3	0	0	0	1	0
graph-id-in-literal-wrapped-contains-k02-group-06-dense	graph-id-set	graph-id-in-literal-wrapped-contains	dense	graph-id-in-literal-and-wrapped-contains	graph-routing-set	properties	200	fixture-android-12	fixture-android-12,fixture-android-13	2	53a2cc8450ae462342eae55ee18f75ffa0aadf3bacfbd392f69f35c17509903f	success	200	85894	f22afa8ccaad259750ce50e850502822308b2565f707f284de32cd44d5ef328a	153848		fixture-android-12	cypher-graph-id-predicate	64	1	fixture-android-12	1	0	0	1	0	200	1	1	62	1	0
graph-id-in-parameter-wrapped-contains-k02-group-06-dense	graph-id-set	graph-id-in-parameter-wrapped-contains	dense	graph-id-in-parameter-and-wrapped-contains	parameters	properties	200	fixture-android-12	fixture-android-12,fixture-android-13	2	53a2cc8450ae462342eae55ee18f75ffa0aadf3bacfbd392f69f35c17509903f	success	200	85894	f22afa8ccaad259750ce50e850502822308b2565f707f284de32cd44d5ef328a	113753		fixture-android-12	cypher-graph-id-predicate	64	1	fixture-android-12	1	0	0	1	0	200	1	1	62	1	0
request-selected-set-wrapped-contains-k02-group-06-dense	graph-set-reference	request-selected-set-wrapped-contains	dense	request-graph-set-selection-and-wrapped-contains	request-selected-source	properties	200	fixture-android-12	fixture-android-12,fixture-android-13	2	53a2cc8450ae462342eae55ee18f75ffa0aadf3bacfbd392f69f35c17509903f	success	200	85894	f22afa8ccaad259750ce50e850502822308b2565f707f284de32cd44d5ef328a	95448		fixture-android-12	request-selected-source	2	1	fixture-android-12	1	0	0	1	0	200	0	0	0	1	0
graph-id-in-literal-wrapped-contains-k02-group-07-zero	graph-id-set	graph-id-in-literal-wrapped-contains	zero	graph-id-in-literal-and-wrapped-contains	graph-routing-set	properties	200	fixture-android-14	fixture-android-14,fixture-android-15	2	807fc4e1c3f01ad53261af7c98e5428363e2112772ec0681a9e0eb128a146fff	success	0	147	805c8c7334c868e18e2be84be95b83cc60895722d739c2b164a68be4cd410c49	93895			cypher-graph-id-predicate	64	2	fixture-android-14,fixture-android-15	2	0	0	2	0	2	1	1	62	1	0
graph-id-in-parameter-wrapped-contains-k02-group-07-zero	graph-id-set	graph-id-in-parameter-wrapped-contains	zero	graph-id-in-parameter-and-wrapped-contains	parameters	properties	200	fixture-android-14	fixture-android-14,fixture-android-15	2	807fc4e1c3f01ad53261af7c98e5428363e2112772ec0681a9e0eb128a146fff	success	0	147	805c8c7334c868e18e2be84be95b83cc60895722d739c2b164a68be4cd410c49	86352			cypher-graph-id-predicate	64	2	fixture-android-14,fixture-android-15	2	0	0	2	0	2	1	1	62	1	0
request-selected-set-wrapped-contains-k02-group-07-zero	graph-set-reference	request-selected-set-wrapped-contains	zero	request-graph-set-selection-and-wrapped-contains	request-selected-source	properties	200	fixture-android-14	fixture-android-14,fixture-android-15	2	807fc4e1c3f01ad53261af7c98e5428363e2112772ec0681a9e0eb128a146fff	success	0	147	805c8c7334c868e18e2be84be95b83cc60895722d739c2b164a68be4cd410c49	103293			request-selected-source	2	2	fixture-android-14,fixture-android-15	2	0	0	2	0	2	0	0	0	1	0
graph-id-in-literal-wrapped-contains-k02-group-07-targeted	graph-id-set	graph-id-in-literal-wrapped-contains	targeted	graph-id-in-literal-and-wrapped-contains	graph-routing-set	properties	200	fixture-android-14	fixture-android-14,fixture-android-15	2	807fc4e1c3f01ad53261af7c98e5428363e2112772ec0681a9e0eb128a146fff	success	3	1887	cfce92c06f8a0a93444f0ec3592aad57c255799cc7a1286e673f5c8cc3173d20	97012		fixture-android-14	cypher-graph-id-predicate	64	2	fixture-android-14,fixture-android-15	2	0	0	2	0	4	1	1	62	1	0
graph-id-in-parameter-wrapped-contains-k02-group-07-targeted	graph-id-set	graph-id-in-parameter-wrapped-contains	targeted	graph-id-in-parameter-and-wrapped-contains	parameters	properties	200	fixture-android-14	fixture-android-14,fixture-android-15	2	807fc4e1c3f01ad53261af7c98e5428363e2112772ec0681a9e0eb128a146fff	success	3	1887	cfce92c06f8a0a93444f0ec3592aad57c255799cc7a1286e673f5c8cc3173d20	87974		fixture-android-14	cypher-graph-id-predicate	64	2	fixture-android-14,fixture-android-15	2	0	0	2	0	4	1	1	62	1	0
request-selected-set-wrapped-contains-k02-group-07-targeted	graph-set-reference	request-selected-set-wrapped-contains	targeted	request-graph-set-selection-and-wrapped-contains	request-selected-source	properties	200	fixture-android-14	fixture-android-14,fixture-android-15	2	807fc4e1c3f01ad53261af7c98e5428363e2112772ec0681a9e0eb128a146fff	success	3	1887	cfce92c06f8a0a93444f0ec3592aad57c255799cc7a1286e673f5c8cc3173d20	83727		fixture-android-14	request-selected-source	2	2	fixture-android-14,fixture-android-15	2	0	0	2	0	4	0	0	0	1	0
graph-id-in-literal-wrapped-contains-k02-group-07-dense	graph-id-set	graph-id-in-literal-wrapped-contains	dense	graph-id-in-literal-and-wrapped-contains	graph-routing-set	properties	200	fixture-android-14	fixture-android-14,fixture-android-15	2	807fc4e1c3f01ad53261af7c98e5428363e2112772ec0681a9e0eb128a146fff	success	200	88102	f384f54b9e0494c603dd9e83eb2ca0ad0386a359a2e1d6a356e225c072977e41	154219		fixture-android-14	cypher-graph-id-predicate	64	1	fixture-android-14	1	0	0	1	0	200	1	1	62	1	0
graph-id-in-parameter-wrapped-contains-k02-group-07-dense	graph-id-set	graph-id-in-parameter-wrapped-contains	dense	graph-id-in-parameter-and-wrapped-contains	parameters	properties	200	fixture-android-14	fixture-android-14,fixture-android-15	2	807fc4e1c3f01ad53261af7c98e5428363e2112772ec0681a9e0eb128a146fff	success	200	88102	f384f54b9e0494c603dd9e83eb2ca0ad0386a359a2e1d6a356e225c072977e41	139043		fixture-android-14	cypher-graph-id-predicate	64	1	fixture-android-14	1	0	0	1	0	200	1	1	62	1	0
request-selected-set-wrapped-contains-k02-group-07-dense	graph-set-reference	request-selected-set-wrapped-contains	dense	request-graph-set-selection-and-wrapped-contains	request-selected-source	properties	200	fixture-android-14	fixture-android-14,fixture-android-15	2	807fc4e1c3f01ad53261af7c98e5428363e2112772ec0681a9e0eb128a146fff	success	200	88102	f384f54b9e0494c603dd9e83eb2ca0ad0386a359a2e1d6a356e225c072977e41	101490		fixture-android-14	request-selected-source	2	1	fixture-android-14	1	0	0	1	0	200	0	0	0	1	0
graph-id-in-literal-wrapped-contains-k02-group-08-zero	graph-id-set	graph-id-in-literal-wrapped-contains	zero	graph-id-in-literal-and-wrapped-contains	graph-routing-set	properties	200	fixture-tika-00	fixture-tika-00,fixture-tika-01	2	c3e632cd7b5e41a9b9b771b93da235f946c29739547e67bc94c675345340a35d	success	0	147	805c8c7334c868e18e2be84be95b83cc60895722d739c2b164a68be4cd410c49	93755			cypher-graph-id-predicate	64	2	fixture-tika-00,fixture-tika-01	2	0	0	2	0	2	1	1	62	1	0
graph-id-in-parameter-wrapped-contains-k02-group-08-zero	graph-id-set	graph-id-in-parameter-wrapped-contains	zero	graph-id-in-parameter-and-wrapped-contains	parameters	properties	200	fixture-tika-00	fixture-tika-00,fixture-tika-01	2	c3e632cd7b5e41a9b9b771b93da235f946c29739547e67bc94c675345340a35d	success	0	147	805c8c7334c868e18e2be84be95b83cc60895722d739c2b164a68be4cd410c49	90510			cypher-graph-id-predicate	64	2	fixture-tika-00,fixture-tika-01	2	0	0	2	0	2	1	1	62	1	0
request-selected-set-wrapped-contains-k02-group-08-zero	graph-set-reference	request-selected-set-wrapped-contains	zero	request-graph-set-selection-and-wrapped-contains	request-selected-source	properties	200	fixture-tika-00	fixture-tika-00,fixture-tika-01	2	c3e632cd7b5e41a9b9b771b93da235f946c29739547e67bc94c675345340a35d	success	0	147	805c8c7334c868e18e2be84be95b83cc60895722d739c2b164a68be4cd410c49	97472			request-selected-source	2	2	fixture-tika-00,fixture-tika-01	2	0	0	2	0	2	0	0	0	1	0
graph-id-in-literal-wrapped-contains-k02-group-08-targeted	graph-id-set	graph-id-in-literal-wrapped-contains	targeted	graph-id-in-literal-and-wrapped-contains	graph-routing-set	properties	200	fixture-tika-00	fixture-tika-00,fixture-tika-01	2	c3e632cd7b5e41a9b9b771b93da235f946c29739547e67bc94c675345340a35d	success	1	771	41ad9b5110585bc89df35b9d0a0c6bd66daaf6c239b4212552d078b2f2a28c34	94968		fixture-tika-00	cypher-graph-id-predicate	64	2	fixture-tika-00,fixture-tika-01	2	0	0	2	0	2	1	1	62	1	0
graph-id-in-parameter-wrapped-contains-k02-group-08-targeted	graph-id-set	graph-id-in-parameter-wrapped-contains	targeted	graph-id-in-parameter-and-wrapped-contains	parameters	properties	200	fixture-tika-00	fixture-tika-00,fixture-tika-01	2	c3e632cd7b5e41a9b9b771b93da235f946c29739547e67bc94c675345340a35d	success	1	771	41ad9b5110585bc89df35b9d0a0c6bd66daaf6c239b4212552d078b2f2a28c34	82936		fixture-tika-00	cypher-graph-id-predicate	64	2	fixture-tika-00,fixture-tika-01	2	0	0	2	0	2	1	1	62	1	0
request-selected-set-wrapped-contains-k02-group-08-targeted	graph-set-reference	request-selected-set-wrapped-contains	targeted	request-graph-set-selection-and-wrapped-contains	request-selected-source	properties	200	fixture-tika-00	fixture-tika-00,fixture-tika-01	2	c3e632cd7b5e41a9b9b771b93da235f946c29739547e67bc94c675345340a35d	success	1	771	41ad9b5110585bc89df35b9d0a0c6bd66daaf6c239b4212552d078b2f2a28c34	79860		fixture-tika-00	request-selected-source	2	2	fixture-tika-00,fixture-tika-01	2	0	0	2	0	2	0	0	0	1	0
graph-id-in-literal-wrapped-contains-k02-group-08-dense	graph-id-set	graph-id-in-literal-wrapped-contains	dense	graph-id-in-literal-and-wrapped-contains	graph-routing-set	properties	200	fixture-tika-00	fixture-tika-00,fixture-tika-01	2	c3e632cd7b5e41a9b9b771b93da235f946c29739547e67bc94c675345340a35d	success	200	94237	51b180cd96740a311cc61165baa84cc05517b2f28ac6c70debc25f8e14514414	171822		fixture-tika-00	cypher-graph-id-predicate	64	1	fixture-tika-00	1	0	0	1	0	200	1	1	62	1	0
graph-id-in-parameter-wrapped-contains-k02-group-08-dense	graph-id-set	graph-id-in-parameter-wrapped-contains	dense	graph-id-in-parameter-and-wrapped-contains	parameters	properties	200	fixture-tika-00	fixture-tika-00,fixture-tika-01	2	c3e632cd7b5e41a9b9b771b93da235f946c29739547e67bc94c675345340a35d	success	200	94237	51b180cd96740a311cc61165baa84cc05517b2f28ac6c70debc25f8e14514414	109054		fixture-tika-00	cypher-graph-id-predicate	64	1	fixture-tika-00	1	0	0	1	0	200	1	1	62	1	0
request-selected-set-wrapped-contains-k02-group-08-dense	graph-set-reference	request-selected-set-wrapped-contains	dense	request-graph-set-selection-and-wrapped-contains	request-selected-source	properties	200	fixture-tika-00	fixture-tika-00,fixture-tika-01	2	c3e632cd7b5e41a9b9b771b93da235f946c29739547e67bc94c675345340a35d	success	200	94237	51b180cd96740a311cc61165baa84cc05517b2f28ac6c70debc25f8e14514414	105367		fixture-tika-00	request-selected-source	2	1	fixture-tika-00	1	0	0	1	0	200	0	0	0	1	0
graph-id-in-literal-wrapped-contains-k02-group-09-zero	graph-id-set	graph-id-in-literal-wrapped-contains	zero	graph-id-in-literal-and-wrapped-contains	graph-routing-set	properties	200	fixture-tika-02	fixture-tika-02,fixture-tika-03	2	d42c4fb1fadb4a56f8aa46ebc02f39c62dce2b3cdf701dfa45b0d250730192da	success	0	147	805c8c7334c868e18e2be84be95b83cc60895722d739c2b164a68be4cd410c49	92083			cypher-graph-id-predicate	64	2	fixture-tika-02,fixture-tika-03	2	0	0	2	0	2	1	1	62	1	0
graph-id-in-parameter-wrapped-contains-k02-group-09-zero	graph-id-set	graph-id-in-parameter-wrapped-contains	zero	graph-id-in-parameter-and-wrapped-contains	parameters	properties	200	fixture-tika-02	fixture-tika-02,fixture-tika-03	2	d42c4fb1fadb4a56f8aa46ebc02f39c62dce2b3cdf701dfa45b0d250730192da	success	0	147	805c8c7334c868e18e2be84be95b83cc60895722d739c2b164a68be4cd410c49	113582			cypher-graph-id-predicate	64	2	fixture-tika-02,fixture-tika-03	2	0	0	2	0	2	1	1	62	1	0
request-selected-set-wrapped-contains-k02-group-09-zero	graph-set-reference	request-selected-set-wrapped-contains	zero	request-graph-set-selection-and-wrapped-contains	request-selected-source	properties	200	fixture-tika-02	fixture-tika-02,fixture-tika-03	2	d42c4fb1fadb4a56f8aa46ebc02f39c62dce2b3cdf701dfa45b0d250730192da	success	0	147	805c8c7334c868e18e2be84be95b83cc60895722d739c2b164a68be4cd410c49	85140			request-selected-source	2	2	fixture-tika-02,fixture-tika-03	2	0	0	2	0	2	0	0	0	1	0
graph-id-in-literal-wrapped-contains-k02-group-09-targeted	graph-id-set	graph-id-in-literal-wrapped-contains	targeted	graph-id-in-literal-and-wrapped-contains	graph-routing-set	properties	200	fixture-tika-02	fixture-tika-02,fixture-tika-03	2	d42c4fb1fadb4a56f8aa46ebc02f39c62dce2b3cdf701dfa45b0d250730192da	success	12	6781	abf0682228739bdef1eb0d4b5b1449d7697f9412e644bd07a974f6e04213652e	96320		fixture-tika-02	cypher-graph-id-predicate	64	2	fixture-tika-02,fixture-tika-03	2	0	0	2	0	13	1	1	62	1	0
graph-id-in-parameter-wrapped-contains-k02-group-09-targeted	graph-id-set	graph-id-in-parameter-wrapped-contains	targeted	graph-id-in-parameter-and-wrapped-contains	parameters	properties	200	fixture-tika-02	fixture-tika-02,fixture-tika-03	2	d42c4fb1fadb4a56f8aa46ebc02f39c62dce2b3cdf701dfa45b0d250730192da	success	12	6781	abf0682228739bdef1eb0d4b5b1449d7697f9412e644bd07a974f6e04213652e	83717		fixture-tika-02	cypher-graph-id-predicate	64	2	fixture-tika-02,fixture-tika-03	2	0	0	2	0	13	1	1	62	1	0
request-selected-set-wrapped-contains-k02-group-09-targeted	graph-set-reference	request-selected-set-wrapped-contains	targeted	request-graph-set-selection-and-wrapped-contains	request-selected-source	properties	200	fixture-tika-02	fixture-tika-02,fixture-tika-03	2	d42c4fb1fadb4a56f8aa46ebc02f39c62dce2b3cdf701dfa45b0d250730192da	success	12	6781	abf0682228739bdef1eb0d4b5b1449d7697f9412e644bd07a974f6e04213652e	100869		fixture-tika-02	request-selected-source	2	2	fixture-tika-02,fixture-tika-03	2	0	0	2	0	13	0	0	0	1	0
graph-id-in-literal-wrapped-contains-k02-group-09-dense	graph-id-set	graph-id-in-literal-wrapped-contains	dense	graph-id-in-literal-and-wrapped-contains	graph-routing-set	properties	200	fixture-tika-02	fixture-tika-02,fixture-tika-03	2	d42c4fb1fadb4a56f8aa46ebc02f39c62dce2b3cdf701dfa45b0d250730192da	success	200	95198	7d65fbc43e0cf8a1d4323c709e6963c32bdea3f389f5b683f619eee1fd79dc90	183294		fixture-tika-02	cypher-graph-id-predicate	64	1	fixture-tika-02	1	0	0	1	0	200	1	1	62	1	0
graph-id-in-parameter-wrapped-contains-k02-group-09-dense	graph-id-set	graph-id-in-parameter-wrapped-contains	dense	graph-id-in-parameter-and-wrapped-contains	parameters	properties	200	fixture-tika-02	fixture-tika-02,fixture-tika-03	2	d42c4fb1fadb4a56f8aa46ebc02f39c62dce2b3cdf701dfa45b0d250730192da	success	200	95198	7d65fbc43e0cf8a1d4323c709e6963c32bdea3f389f5b683f619eee1fd79dc90	135073		fixture-tika-02	cypher-graph-id-predicate	64	1	fixture-tika-02	1	0	0	1	0	200	1	1	62	1	0
request-selected-set-wrapped-contains-k02-group-09-dense	graph-set-reference	request-selected-set-wrapped-contains	dense	request-graph-set-selection-and-wrapped-contains	request-selected-source	properties	200	fixture-tika-02	fixture-tika-02,fixture-tika-03	2	d42c4fb1fadb4a56f8aa46ebc02f39c62dce2b3cdf701dfa45b0d250730192da	success	200	95198	7d65fbc43e0cf8a1d4323c709e6963c32bdea3f389f5b683f619eee1fd79dc90	109365		fixture-tika-02	request-selected-source	2	1	fixture-tika-02	1	0	0	1	0	200	0	0	0	1	0
graph-id-in-literal-wrapped-contains-k02-group-10-zero	graph-id-set	graph-id-in-literal-wrapped-contains	zero	graph-id-in-literal-and-wrapped-contains	graph-routing-set	properties	200	fixture-tika-04	fixture-tika-04,fixture-tika-05	2	67bc0a9151ff4ff0b7a4cbe142cd1a0aa27d2df9ea1eefb583b41c4bac55cbc0	success	0	147	805c8c7334c868e18e2be84be95b83cc60895722d739c2b164a68be4cd410c49	134442			cypher-graph-id-predicate	64	2	fixture-tika-04,fixture-tika-05	2	0	0	2	0	2	1	1	62	1	0
graph-id-in-parameter-wrapped-contains-k02-group-10-zero	graph-id-set	graph-id-in-parameter-wrapped-contains	zero	graph-id-in-parameter-and-wrapped-contains	parameters	properties	200	fixture-tika-04	fixture-tika-04,fixture-tika-05	2	67bc0a9151ff4ff0b7a4cbe142cd1a0aa27d2df9ea1eefb583b41c4bac55cbc0	success	0	147	805c8c7334c868e18e2be84be95b83cc60895722d739c2b164a68be4cd410c49	113272			cypher-graph-id-predicate	64	2	fixture-tika-04,fixture-tika-05	2	0	0	2	0	2	1	1	62	1	0
request-selected-set-wrapped-contains-k02-group-10-zero	graph-set-reference	request-selected-set-wrapped-contains	zero	request-graph-set-selection-and-wrapped-contains	request-selected-source	properties	200	fixture-tika-04	fixture-tika-04,fixture-tika-05	2	67bc0a9151ff4ff0b7a4cbe142cd1a0aa27d2df9ea1eefb583b41c4bac55cbc0	success	0	147	805c8c7334c868e18e2be84be95b83cc60895722d739c2b164a68be4cd410c49	121939			request-selected-source	2	2	fixture-tika-04,fixture-tika-05	2	0	0	2	0	2	0	0	0	1	0
graph-id-in-literal-wrapped-contains-k02-group-10-targeted	graph-id-set	graph-id-in-literal-wrapped-contains	targeted	graph-id-in-literal-and-wrapped-contains	graph-routing-set	properties	200	fixture-tika-04	fixture-tika-04,fixture-tika-05	2	67bc0a9151ff4ff0b7a4cbe142cd1a0aa27d2df9ea1eefb583b41c4bac55cbc0	success	1	763	7811e1c0f64fb9174b112349d7a5f89fec8a71f59a6b66db3b1e97241f5dc93c	120305		fixture-tika-04	cypher-graph-id-predicate	64	2	fixture-tika-04,fixture-tika-05	2	0	0	2	0	2	1	1	62	1	0
graph-id-in-parameter-wrapped-contains-k02-group-10-targeted	graph-id-set	graph-id-in-parameter-wrapped-contains	targeted	graph-id-in-parameter-and-wrapped-contains	parameters	properties	200	fixture-tika-04	fixture-tika-04,fixture-tika-05	2	67bc0a9151ff4ff0b7a4cbe142cd1a0aa27d2df9ea1eefb583b41c4bac55cbc0	success	1	763	7811e1c0f64fb9174b112349d7a5f89fec8a71f59a6b66db3b1e97241f5dc93c	121777		fixture-tika-04	cypher-graph-id-predicate	64	2	fixture-tika-04,fixture-tika-05	2	0	0	2	0	2	1	1	62	1	0
request-selected-set-wrapped-contains-k02-group-10-targeted	graph-set-reference	request-selected-set-wrapped-contains	targeted	request-graph-set-selection-and-wrapped-contains	request-selected-source	properties	200	fixture-tika-04	fixture-tika-04,fixture-tika-05	2	67bc0a9151ff4ff0b7a4cbe142cd1a0aa27d2df9ea1eefb583b41c4bac55cbc0	success	1	763	7811e1c0f64fb9174b112349d7a5f89fec8a71f59a6b66db3b1e97241f5dc93c	107862		fixture-tika-04	request-selected-source	2	2	fixture-tika-04,fixture-tika-05	2	0	0	2	0	2	0	0	0	1	0
graph-id-in-literal-wrapped-contains-k02-group-10-dense	graph-id-set	graph-id-in-literal-wrapped-contains	dense	graph-id-in-literal-and-wrapped-contains	graph-routing-set	properties	200	fixture-tika-04	fixture-tika-04,fixture-tika-05	2	67bc0a9151ff4ff0b7a4cbe142cd1a0aa27d2df9ea1eefb583b41c4bac55cbc0	success	200	91604	a93cd6116bda146e01916f4ab7d54aa664da5b5c2287de109c82d6c48fcd38f8	231854		fixture-tika-04	cypher-graph-id-predicate	64	1	fixture-tika-04	1	0	0	1	0	200	1	1	62	1	0
graph-id-in-parameter-wrapped-contains-k02-group-10-dense	graph-id-set	graph-id-in-parameter-wrapped-contains	dense	graph-id-in-parameter-and-wrapped-contains	parameters	properties	200	fixture-tika-04	fixture-tika-04,fixture-tika-05	2	67bc0a9151ff4ff0b7a4cbe142cd1a0aa27d2df9ea1eefb583b41c4bac55cbc0	success	200	91604	a93cd6116bda146e01916f4ab7d54aa664da5b5c2287de109c82d6c48fcd38f8	142316		fixture-tika-04	cypher-graph-id-predicate	64	1	fixture-tika-04	1	0	0	1	0	200	1	1	62	1	0
request-selected-set-wrapped-contains-k02-group-10-dense	graph-set-reference	request-selected-set-wrapped-contains	dense	request-graph-set-selection-and-wrapped-contains	request-selected-source	properties	200	fixture-tika-04	fixture-tika-04,fixture-tika-05	2	67bc0a9151ff4ff0b7a4cbe142cd1a0aa27d2df9ea1eefb583b41c4bac55cbc0	success	200	91604	a93cd6116bda146e01916f4ab7d54aa664da5b5c2287de109c82d6c48fcd38f8	123030		fixture-tika-04	request-selected-source	2	1	fixture-tika-04	1	0	0	1	0	200	0	0	0	1	0
graph-id-in-literal-wrapped-contains-k02-group-11-zero	graph-id-set	graph-id-in-literal-wrapped-contains	zero	graph-id-in-literal-and-wrapped-contains	graph-routing-set	properties	200	fixture-tika-06	fixture-tika-06,fixture-tika-07	2	88f6182281df14e6b0b855b5dde4dd3044f375804b3633c972ce4d3e08b43ba6	success	0	147	805c8c7334c868e18e2be84be95b83cc60895722d739c2b164a68be4cd410c49	123592			cypher-graph-id-predicate	64	2	fixture-tika-06,fixture-tika-07	2	0	0	2	0	2	1	1	62	1	0
graph-id-in-parameter-wrapped-contains-k02-group-11-zero	graph-id-set	graph-id-in-parameter-wrapped-contains	zero	graph-id-in-parameter-and-wrapped-contains	parameters	properties	200	fixture-tika-06	fixture-tika-06,fixture-tika-07	2	88f6182281df14e6b0b855b5dde4dd3044f375804b3633c972ce4d3e08b43ba6	success	0	147	805c8c7334c868e18e2be84be95b83cc60895722d739c2b164a68be4cd410c49	108763			cypher-graph-id-predicate	64	2	fixture-tika-06,fixture-tika-07	2	0	0	2	0	2	1	1	62	1	0
request-selected-set-wrapped-contains-k02-group-11-zero	graph-set-reference	request-selected-set-wrapped-contains	zero	request-graph-set-selection-and-wrapped-contains	request-selected-source	properties	200	fixture-tika-06	fixture-tika-06,fixture-tika-07	2	88f6182281df14e6b0b855b5dde4dd3044f375804b3633c972ce4d3e08b43ba6	success	0	147	805c8c7334c868e18e2be84be95b83cc60895722d739c2b164a68be4cd410c49	103323			request-selected-source	2	2	fixture-tika-06,fixture-tika-07	2	0	0	2	0	2	0	0	0	1	0
graph-id-in-literal-wrapped-contains-k02-group-11-targeted	graph-id-set	graph-id-in-literal-wrapped-contains	targeted	graph-id-in-literal-and-wrapped-contains	graph-routing-set	properties	200	fixture-tika-06	fixture-tika-06,fixture-tika-07	2	88f6182281df14e6b0b855b5dde4dd3044f375804b3633c972ce4d3e08b43ba6	success	11	6331	43d88524d9da26840d520d8260a6801a2d864c2023e9806c3df4a5e673a5fd66	126126		fixture-tika-06	cypher-graph-id-predicate	64	2	fixture-tika-06,fixture-tika-07	2	0	0	2	0	12	1	1	62	1	0
graph-id-in-parameter-wrapped-contains-k02-group-11-targeted	graph-id-set	graph-id-in-parameter-wrapped-contains	targeted	graph-id-in-parameter-and-wrapped-contains	parameters	properties	200	fixture-tika-06	fixture-tika-06,fixture-tika-07	2	88f6182281df14e6b0b855b5dde4dd3044f375804b3633c972ce4d3e08b43ba6	success	11	6331	43d88524d9da26840d520d8260a6801a2d864c2023e9806c3df4a5e673a5fd66	106559		fixture-tika-06	cypher-graph-id-predicate	64	2	fixture-tika-06,fixture-tika-07	2	0	0	2	0	12	1	1	62	1	0
request-selected-set-wrapped-contains-k02-group-11-targeted	graph-set-reference	request-selected-set-wrapped-contains	targeted	request-graph-set-selection-and-wrapped-contains	request-selected-source	properties	200	fixture-tika-06	fixture-tika-06,fixture-tika-07	2	88f6182281df14e6b0b855b5dde4dd3044f375804b3633c972ce4d3e08b43ba6	success	11	6331	43d88524d9da26840d520d8260a6801a2d864c2023e9806c3df4a5e673a5fd66	101170		fixture-tika-06	request-selected-source	2	2	fixture-tika-06,fixture-tika-07	2	0	0	2	0	12	0	0	0	1	0
graph-id-in-literal-wrapped-contains-k02-group-11-dense	graph-id-set	graph-id-in-literal-wrapped-contains	dense	graph-id-in-literal-and-wrapped-contains	graph-routing-set	properties	200	fixture-tika-06	fixture-tika-06,fixture-tika-07	2	88f6182281df14e6b0b855b5dde4dd3044f375804b3633c972ce4d3e08b43ba6	success	200	98397	b1cc908cf8cd6a2354b320afca9ad225990c59be93a53ddc3912afb3b0d46d7b	221615		fixture-tika-06	cypher-graph-id-predicate	64	1	fixture-tika-06	1	0	0	1	0	200	1	1	62	1	0
graph-id-in-parameter-wrapped-contains-k02-group-11-dense	graph-id-set	graph-id-in-parameter-wrapped-contains	dense	graph-id-in-parameter-and-wrapped-contains	parameters	properties	200	fixture-tika-06	fixture-tika-06,fixture-tika-07	2	88f6182281df14e6b0b855b5dde4dd3044f375804b3633c972ce4d3e08b43ba6	success	200	98397	b1cc908cf8cd6a2354b320afca9ad225990c59be93a53ddc3912afb3b0d46d7b	124894		fixture-tika-06	cypher-graph-id-predicate	64	1	fixture-tika-06	1	0	0	1	0	200	1	1	62	1	0
request-selected-set-wrapped-contains-k02-group-11-dense	graph-set-reference	request-selected-set-wrapped-contains	dense	request-graph-set-selection-and-wrapped-contains	request-selected-source	properties	200	fixture-tika-06	fixture-tika-06,fixture-tika-07	2	88f6182281df14e6b0b855b5dde4dd3044f375804b3633c972ce4d3e08b43ba6	success	200	98397	b1cc908cf8cd6a2354b320afca9ad225990c59be93a53ddc3912afb3b0d46d7b	119294		fixture-tika-06	request-selected-source	2	1	fixture-tika-06	1	0	0	1	0	200	0	0	0	1	0
graph-id-in-literal-wrapped-contains-k02-group-12-zero	graph-id-set	graph-id-in-literal-wrapped-contains	zero	graph-id-in-literal-and-wrapped-contains	graph-routing-set	properties	200	fixture-tika-08	fixture-tika-08,fixture-tika-09	2	3c4fe65bc14eb1937d189a248b52326721309f2001ec6e35ad622817cf54c66a	success	0	147	805c8c7334c868e18e2be84be95b83cc60895722d739c2b164a68be4cd410c49	118442			cypher-graph-id-predicate	64	2	fixture-tika-08,fixture-tika-09	2	0	0	2	0	2	1	1	62	1	0
graph-id-in-parameter-wrapped-contains-k02-group-12-zero	graph-id-set	graph-id-in-parameter-wrapped-contains	zero	graph-id-in-parameter-and-wrapped-contains	parameters	properties	200	fixture-tika-08	fixture-tika-08,fixture-tika-09	2	3c4fe65bc14eb1937d189a248b52326721309f2001ec6e35ad622817cf54c66a	success	0	147	805c8c7334c868e18e2be84be95b83cc60895722d739c2b164a68be4cd410c49	113142			cypher-graph-id-predicate	64	2	fixture-tika-08,fixture-tika-09	2	0	0	2	0	2	1	1	62	1	0
request-selected-set-wrapped-contains-k02-group-12-zero	graph-set-reference	request-selected-set-wrapped-contains	zero	request-graph-set-selection-and-wrapped-contains	request-selected-source	properties	200	fixture-tika-08	fixture-tika-08,fixture-tika-09	2	3c4fe65bc14eb1937d189a248b52326721309f2001ec6e35ad622817cf54c66a	success	0	147	805c8c7334c868e18e2be84be95b83cc60895722d739c2b164a68be4cd410c49	123170			request-selected-source	2	2	fixture-tika-08,fixture-tika-09	2	0	0	2	0	2	0	0	0	1	0
graph-id-in-literal-wrapped-contains-k02-group-12-targeted	graph-id-set	graph-id-in-literal-wrapped-contains	targeted	graph-id-in-literal-and-wrapped-contains	graph-routing-set	properties	200	fixture-tika-08	fixture-tika-08,fixture-tika-09	2	3c4fe65bc14eb1937d189a248b52326721309f2001ec6e35ad622817cf54c66a	success	1	754	033650595463ffba6f1f515fc8a38ba023fdd37a0e2442442be40f2d8baee0b4	122610		fixture-tika-08	cypher-graph-id-predicate	64	2	fixture-tika-08,fixture-tika-09	2	0	0	2	0	2	1	1	62	1	0
graph-id-in-parameter-wrapped-contains-k02-group-12-targeted	graph-id-set	graph-id-in-parameter-wrapped-contains	targeted	graph-id-in-parameter-and-wrapped-contains	parameters	properties	200	fixture-tika-08	fixture-tika-08,fixture-tika-09	2	3c4fe65bc14eb1937d189a248b52326721309f2001ec6e35ad622817cf54c66a	success	1	754	033650595463ffba6f1f515fc8a38ba023fdd37a0e2442442be40f2d8baee0b4	105066		fixture-tika-08	cypher-graph-id-predicate	64	2	fixture-tika-08,fixture-tika-09	2	0	0	2	0	2	1	1	62	1	0
request-selected-set-wrapped-contains-k02-group-12-targeted	graph-set-reference	request-selected-set-wrapped-contains	targeted	request-graph-set-selection-and-wrapped-contains	request-selected-source	properties	200	fixture-tika-08	fixture-tika-08,fixture-tika-09	2	3c4fe65bc14eb1937d189a248b52326721309f2001ec6e35ad622817cf54c66a	success	1	754	033650595463ffba6f1f515fc8a38ba023fdd37a0e2442442be40f2d8baee0b4	84709		fixture-tika-08	request-selected-source	2	2	fixture-tika-08,fixture-tika-09	2	0	0	2	0	2	0	0	0	1	0
graph-id-in-literal-wrapped-contains-k02-group-12-dense	graph-id-set	graph-id-in-literal-wrapped-contains	dense	graph-id-in-literal-and-wrapped-contains	graph-routing-set	properties	200	fixture-tika-08	fixture-tika-08,fixture-tika-09	2	3c4fe65bc14eb1937d189a248b52326721309f2001ec6e35ad622817cf54c66a	success	200	96144	13cc3d04be15c5d98101b6676211e0260c08571becd6cbc7be1dcfad1b7efce8	153177		fixture-tika-08	cypher-graph-id-predicate	64	1	fixture-tika-08	1	0	0	1	0	200	1	1	62	1	0
graph-id-in-parameter-wrapped-contains-k02-group-12-dense	graph-id-set	graph-id-in-parameter-wrapped-contains	dense	graph-id-in-parameter-and-wrapped-contains	parameters	properties	200	fixture-tika-08	fixture-tika-08,fixture-tika-09	2	3c4fe65bc14eb1937d189a248b52326721309f2001ec6e35ad622817cf54c66a	success	200	96144	13cc3d04be15c5d98101b6676211e0260c08571becd6cbc7be1dcfad1b7efce8	89207		fixture-tika-08	cypher-graph-id-predicate	64	1	fixture-tika-08	1	0	0	1	0	200	1	1	62	1	0
request-selected-set-wrapped-contains-k02-group-12-dense	graph-set-reference	request-selected-set-wrapped-contains	dense	request-graph-set-selection-and-wrapped-contains	request-selected-source	properties	200	fixture-tika-08	fixture-tika-08,fixture-tika-09	2	3c4fe65bc14eb1937d189a248b52326721309f2001ec6e35ad622817cf54c66a	success	200	96144	13cc3d04be15c5d98101b6676211e0260c08571becd6cbc7be1dcfad1b7efce8	95729		fixture-tika-08	request-selected-source	2	1	fixture-tika-08	1	0	0	1	0	200	0	0	0	1	0
graph-id-in-literal-wrapped-contains-k02-group-13-zero	graph-id-set	graph-id-in-literal-wrapped-contains	zero	graph-id-in-literal-and-wrapped-contains	graph-routing-set	properties	200	fixture-tika-10	fixture-tika-10,fixture-tika-11	2	0526cfacee057116a16a7ad29d96c8d047d97847720c0657c7391b944df05e2d	success	0	147	805c8c7334c868e18e2be84be95b83cc60895722d739c2b164a68be4cd410c49	106930			cypher-graph-id-predicate	64	2	fixture-tika-10,fixture-tika-11	2	0	0	2	0	2	1	1	62	1	0
graph-id-in-parameter-wrapped-contains-k02-group-13-zero	graph-id-set	graph-id-in-parameter-wrapped-contains	zero	graph-id-in-parameter-and-wrapped-contains	parameters	properties	200	fixture-tika-10	fixture-tika-10,fixture-tika-11	2	0526cfacee057116a16a7ad29d96c8d047d97847720c0657c7391b944df05e2d	success	0	147	805c8c7334c868e18e2be84be95b83cc60895722d739c2b164a68be4cd410c49	152636			cypher-graph-id-predicate	64	2	fixture-tika-10,fixture-tika-11	2	0	0	2	0	2	1	1	62	1	0
request-selected-set-wrapped-contains-k02-group-13-zero	graph-set-reference	request-selected-set-wrapped-contains	zero	request-graph-set-selection-and-wrapped-contains	request-selected-source	properties	200	fixture-tika-10	fixture-tika-10,fixture-tika-11	2	0526cfacee057116a16a7ad29d96c8d047d97847720c0657c7391b944df05e2d	success	0	147	805c8c7334c868e18e2be84be95b83cc60895722d739c2b164a68be4cd410c49	103954			request-selected-source	2	2	fixture-tika-10,fixture-tika-11	2	0	0	2	0	2	0	0	0	1	0
graph-id-in-literal-wrapped-contains-k02-group-13-targeted	graph-id-set	graph-id-in-literal-wrapped-contains	targeted	graph-id-in-literal-and-wrapped-contains	graph-routing-set	properties	200	fixture-tika-10	fixture-tika-10,fixture-tika-11	2	0526cfacee057116a16a7ad29d96c8d047d97847720c0657c7391b944df05e2d	success	1	791	550bd45f802381cb65ea30928a856fc0c2bc207cbfc2a147aad4312130548c9a	144530		fixture-tika-10	cypher-graph-id-predicate	64	2	fixture-tika-10,fixture-tika-11	2	0	0	2	0	2	1	1	62	1	0
graph-id-in-parameter-wrapped-contains-k02-group-13-targeted	graph-id-set	graph-id-in-parameter-wrapped-contains	targeted	graph-id-in-parameter-and-wrapped-contains	parameters	properties	200	fixture-tika-10	fixture-tika-10,fixture-tika-11	2	0526cfacee057116a16a7ad29d96c8d047d97847720c0657c7391b944df05e2d	success	1	791	550bd45f802381cb65ea30928a856fc0c2bc207cbfc2a147aad4312130548c9a	135905		fixture-tika-10	cypher-graph-id-predicate	64	2	fixture-tika-10,fixture-tika-11	2	0	0	2	0	2	1	1	62	1	0
request-selected-set-wrapped-contains-k02-group-13-targeted	graph-set-reference	request-selected-set-wrapped-contains	targeted	request-graph-set-selection-and-wrapped-contains	request-selected-source	properties	200	fixture-tika-10	fixture-tika-10,fixture-tika-11	2	0526cfacee057116a16a7ad29d96c8d047d97847720c0657c7391b944df05e2d	success	1	791	550bd45f802381cb65ea30928a856fc0c2bc207cbfc2a147aad4312130548c9a	120505		fixture-tika-10	request-selected-source	2	2	fixture-tika-10,fixture-tika-11	2	0	0	2	0	2	0	0	0	1	0
graph-id-in-literal-wrapped-contains-k02-group-13-dense	graph-id-set	graph-id-in-literal-wrapped-contains	dense	graph-id-in-literal-and-wrapped-contains	graph-routing-set	properties	200	fixture-tika-10	fixture-tika-10,fixture-tika-11	2	0526cfacee057116a16a7ad29d96c8d047d97847720c0657c7391b944df05e2d	success	200	96089	d0bdae62973cb737c05eda37d83d6fd7dea4520a7f87acdd4ed9a2fba1f97888	239628		fixture-tika-10	cypher-graph-id-predicate	64	1	fixture-tika-10	1	0	0	1	0	200	1	1	62	1	0
graph-id-in-parameter-wrapped-contains-k02-group-13-dense	graph-id-set	graph-id-in-parameter-wrapped-contains	dense	graph-id-in-parameter-and-wrapped-contains	parameters	properties	200	fixture-tika-10	fixture-tika-10,fixture-tika-11	2	0526cfacee057116a16a7ad29d96c8d047d97847720c0657c7391b944df05e2d	success	200	96089	d0bdae62973cb737c05eda37d83d6fd7dea4520a7f87acdd4ed9a2fba1f97888	155020		fixture-tika-10	cypher-graph-id-predicate	64	1	fixture-tika-10	1	0	0	1	0	200	1	1	62	1	0
request-selected-set-wrapped-contains-k02-group-13-dense	graph-set-reference	request-selected-set-wrapped-contains	dense	request-graph-set-selection-and-wrapped-contains	request-selected-source	properties	200	fixture-tika-10	fixture-tika-10,fixture-tika-11	2	0526cfacee057116a16a7ad29d96c8d047d97847720c0657c7391b944df05e2d	success	200	96089	d0bdae62973cb737c05eda37d83d6fd7dea4520a7f87acdd4ed9a2fba1f97888	133490		fixture-tika-10	request-selected-source	2	1	fixture-tika-10	1	0	0	1	0	200	0	0	0	1	0
graph-id-in-literal-wrapped-contains-k02-group-14-zero	graph-id-set	graph-id-in-literal-wrapped-contains	zero	graph-id-in-literal-and-wrapped-contains	graph-routing-set	properties	200	fixture-tika-12	fixture-tika-12,fixture-tika-13	2	7e4325da346bf50d66313a73dc0a884bc6af8412dad5468ea789b15a6b8231c8	success	0	147	805c8c7334c868e18e2be84be95b83cc60895722d739c2b164a68be4cd410c49	129071			cypher-graph-id-predicate	64	2	fixture-tika-12,fixture-tika-13	2	0	0	2	0	2	1	1	62	1	0
graph-id-in-parameter-wrapped-contains-k02-group-14-zero	graph-id-set	graph-id-in-parameter-wrapped-contains	zero	graph-id-in-parameter-and-wrapped-contains	parameters	properties	200	fixture-tika-12	fixture-tika-12,fixture-tika-13	2	7e4325da346bf50d66313a73dc0a884bc6af8412dad5468ea789b15a6b8231c8	success	0	147	805c8c7334c868e18e2be84be95b83cc60895722d739c2b164a68be4cd410c49	123421			cypher-graph-id-predicate	64	2	fixture-tika-12,fixture-tika-13	2	0	0	2	0	2	1	1	62	1	0
request-selected-set-wrapped-contains-k02-group-14-zero	graph-set-reference	request-selected-set-wrapped-contains	zero	request-graph-set-selection-and-wrapped-contains	request-selected-source	properties	200	fixture-tika-12	fixture-tika-12,fixture-tika-13	2	7e4325da346bf50d66313a73dc0a884bc6af8412dad5468ea789b15a6b8231c8	success	0	147	805c8c7334c868e18e2be84be95b83cc60895722d739c2b164a68be4cd410c49	110707			request-selected-source	2	2	fixture-tika-12,fixture-tika-13	2	0	0	2	0	2	0	0	0	1	0
graph-id-in-literal-wrapped-contains-k02-group-14-targeted	graph-id-set	graph-id-in-literal-wrapped-contains	targeted	graph-id-in-literal-and-wrapped-contains	graph-routing-set	properties	200	fixture-tika-12	fixture-tika-12,fixture-tika-13	2	7e4325da346bf50d66313a73dc0a884bc6af8412dad5468ea789b15a6b8231c8	success	12	6370	8871e0dc77f7df7110f742adaac439b8d2f4e912a3a21e1793fda026e0955f9b	129623		fixture-tika-12	cypher-graph-id-predicate	64	2	fixture-tika-12,fixture-tika-13	2	0	0	2	0	13	1	1	62	1	0
graph-id-in-parameter-wrapped-contains-k02-group-14-targeted	graph-id-set	graph-id-in-parameter-wrapped-contains	targeted	graph-id-in-parameter-and-wrapped-contains	parameters	properties	200	fixture-tika-12	fixture-tika-12,fixture-tika-13	2	7e4325da346bf50d66313a73dc0a884bc6af8412dad5468ea789b15a6b8231c8	success	12	6370	8871e0dc77f7df7110f742adaac439b8d2f4e912a3a21e1793fda026e0955f9b	132529		fixture-tika-12	cypher-graph-id-predicate	64	2	fixture-tika-12,fixture-tika-13	2	0	0	2	0	13	1	1	62	1	0
request-selected-set-wrapped-contains-k02-group-14-targeted	graph-set-reference	request-selected-set-wrapped-contains	targeted	request-graph-set-selection-and-wrapped-contains	request-selected-source	properties	200	fixture-tika-12	fixture-tika-12,fixture-tika-13	2	7e4325da346bf50d66313a73dc0a884bc6af8412dad5468ea789b15a6b8231c8	success	12	6370	8871e0dc77f7df7110f742adaac439b8d2f4e912a3a21e1793fda026e0955f9b	114274		fixture-tika-12	request-selected-source	2	2	fixture-tika-12,fixture-tika-13	2	0	0	2	0	13	0	0	0	1	0
graph-id-in-literal-wrapped-contains-k02-group-14-dense	graph-id-set	graph-id-in-literal-wrapped-contains	dense	graph-id-in-literal-and-wrapped-contains	graph-routing-set	properties	200	fixture-tika-12	fixture-tika-12,fixture-tika-13	2	7e4325da346bf50d66313a73dc0a884bc6af8412dad5468ea789b15a6b8231c8	success	200	101142	3ec255435f1804ca883e61ce69218b0c9b6812e5f4d6241be813f3a04980ff78	228598		fixture-tika-12	cypher-graph-id-predicate	64	1	fixture-tika-12	1	0	0	1	0	200	1	1	62	1	0
graph-id-in-parameter-wrapped-contains-k02-group-14-dense	graph-id-set	graph-id-in-parameter-wrapped-contains	dense	graph-id-in-parameter-and-wrapped-contains	parameters	properties	200	fixture-tika-12	fixture-tika-12,fixture-tika-13	2	7e4325da346bf50d66313a73dc0a884bc6af8412dad5468ea789b15a6b8231c8	success	200	101142	3ec255435f1804ca883e61ce69218b0c9b6812e5f4d6241be813f3a04980ff78	128370		fixture-tika-12	cypher-graph-id-predicate	64	1	fixture-tika-12	1	0	0	1	0	200	1	1	62	1	0
request-selected-set-wrapped-contains-k02-group-14-dense	graph-set-reference	request-selected-set-wrapped-contains	dense	request-graph-set-selection-and-wrapped-contains	request-selected-source	properties	200	fixture-tika-12	fixture-tika-12,fixture-tika-13	2	7e4325da346bf50d66313a73dc0a884bc6af8412dad5468ea789b15a6b8231c8	success	200	101142	3ec255435f1804ca883e61ce69218b0c9b6812e5f4d6241be813f3a04980ff78	133920		fixture-tika-12	request-selected-source	2	1	fixture-tika-12	1	0	0	1	0	200	0	0	0	1	0
graph-id-in-literal-wrapped-contains-k02-group-15-zero	graph-id-set	graph-id-in-literal-wrapped-contains	zero	graph-id-in-literal-and-wrapped-contains	graph-routing-set	properties	200	fixture-tika-14	fixture-tika-14,fixture-tika-15	2	ff1c574984d7f5cb982a7847808ebb0e754bcffae09b4865ea65cc857bde09f8	success	0	147	805c8c7334c868e18e2be84be95b83cc60895722d739c2b164a68be4cd410c49	122410			cypher-graph-id-predicate	64	2	fixture-tika-14,fixture-tika-15	2	0	0	2	0	2	1	1	62	1	0
graph-id-in-parameter-wrapped-contains-k02-group-15-zero	graph-id-set	graph-id-in-parameter-wrapped-contains	zero	graph-id-in-parameter-and-wrapped-contains	parameters	properties	200	fixture-tika-14	fixture-tika-14,fixture-tika-15	2	ff1c574984d7f5cb982a7847808ebb0e754bcffae09b4865ea65cc857bde09f8	success	0	147	805c8c7334c868e18e2be84be95b83cc60895722d739c2b164a68be4cd410c49	102963			cypher-graph-id-predicate	64	2	fixture-tika-14,fixture-tika-15	2	0	0	2	0	2	1	1	62	1	0
request-selected-set-wrapped-contains-k02-group-15-zero	graph-set-reference	request-selected-set-wrapped-contains	zero	request-graph-set-selection-and-wrapped-contains	request-selected-source	properties	200	fixture-tika-14	fixture-tika-14,fixture-tika-15	2	ff1c574984d7f5cb982a7847808ebb0e754bcffae09b4865ea65cc857bde09f8	success	0	147	805c8c7334c868e18e2be84be95b83cc60895722d739c2b164a68be4cd410c49	97914			request-selected-source	2	2	fixture-tika-14,fixture-tika-15	2	0	0	2	0	2	0	0	0	1	0
graph-id-in-literal-wrapped-contains-k02-group-15-targeted	graph-id-set	graph-id-in-literal-wrapped-contains	targeted	graph-id-in-literal-and-wrapped-contains	graph-routing-set	properties	200	fixture-tika-14	fixture-tika-14,fixture-tika-15	2	ff1c574984d7f5cb982a7847808ebb0e754bcffae09b4865ea65cc857bde09f8	success	10	5866	c85815e1257e7d89a547803b839a8fa3d5c32a25ad93fc4df95c67dd0df38386	120355		fixture-tika-14	cypher-graph-id-predicate	64	2	fixture-tika-14,fixture-tika-15	2	0	0	2	0	11	1	1	62	1	0
graph-id-in-parameter-wrapped-contains-k02-group-15-targeted	graph-id-set	graph-id-in-parameter-wrapped-contains	targeted	graph-id-in-parameter-and-wrapped-contains	parameters	properties	200	fixture-tika-14	fixture-tika-14,fixture-tika-15	2	ff1c574984d7f5cb982a7847808ebb0e754bcffae09b4865ea65cc857bde09f8	success	10	5866	c85815e1257e7d89a547803b839a8fa3d5c32a25ad93fc4df95c67dd0df38386	95960		fixture-tika-14	cypher-graph-id-predicate	64	2	fixture-tika-14,fixture-tika-15	2	0	0	2	0	11	1	1	62	1	0
request-selected-set-wrapped-contains-k02-group-15-targeted	graph-set-reference	request-selected-set-wrapped-contains	targeted	request-graph-set-selection-and-wrapped-contains	request-selected-source	properties	200	fixture-tika-14	fixture-tika-14,fixture-tika-15	2	ff1c574984d7f5cb982a7847808ebb0e754bcffae09b4865ea65cc857bde09f8	success	10	5866	c85815e1257e7d89a547803b839a8fa3d5c32a25ad93fc4df95c67dd0df38386	93064		fixture-tika-14	request-selected-source	2	2	fixture-tika-14,fixture-tika-15	2	0	0	2	0	11	0	0	0	1	0
graph-id-in-literal-wrapped-contains-k02-group-15-dense	graph-id-set	graph-id-in-literal-wrapped-contains	dense	graph-id-in-literal-and-wrapped-contains	graph-routing-set	properties	200	fixture-tika-14	fixture-tika-14,fixture-tika-15	2	ff1c574984d7f5cb982a7847808ebb0e754bcffae09b4865ea65cc857bde09f8	success	200	95471	766b9ef7e8ecf0adce38af75461cc8c431950c6a78cf29871668bb82bbc59681	230121		fixture-tika-14	cypher-graph-id-predicate	64	1	fixture-tika-14	1	0	0	1	0	200	1	1	62	1	0
graph-id-in-parameter-wrapped-contains-k02-group-15-dense	graph-id-set	graph-id-in-parameter-wrapped-contains	dense	graph-id-in-parameter-and-wrapped-contains	parameters	properties	200	fixture-tika-14	fixture-tika-14,fixture-tika-15	2	ff1c574984d7f5cb982a7847808ebb0e754bcffae09b4865ea65cc857bde09f8	success	200	95471	766b9ef7e8ecf0adce38af75461cc8c431950c6a78cf29871668bb82bbc59681	131126		fixture-tika-14	cypher-graph-id-predicate	64	1	fixture-tika-14	1	0	0	1	0	200	1	1	62	1	0
request-selected-set-wrapped-contains-k02-group-15-dense	graph-set-reference	request-selected-set-wrapped-contains	dense	request-graph-set-selection-and-wrapped-contains	request-selected-source	properties	200	fixture-tika-14	fixture-tika-14,fixture-tika-15	2	ff1c574984d7f5cb982a7847808ebb0e754bcffae09b4865ea65cc857bde09f8	success	200	95471	766b9ef7e8ecf0adce38af75461cc8c431950c6a78cf29871668bb82bbc59681	124142		fixture-tika-14	request-selected-source	2	1	fixture-tika-14	1	0	0	1	0	200	0	0	0	1	0
graph-id-in-literal-wrapped-contains-k02-group-16-zero	graph-id-set	graph-id-in-literal-wrapped-contains	zero	graph-id-in-literal-and-wrapped-contains	graph-routing-set	properties	200	fixture-hive-00	fixture-hive-00,fixture-hive-01	2	abf7df661332aac0b7f397aa323cf0332248ba918e275776d5c53f638ffe4a81	success	0	147	805c8c7334c868e18e2be84be95b83cc60895722d739c2b164a68be4cd410c49	140874			cypher-graph-id-predicate	64	2	fixture-hive-00,fixture-hive-01	2	0	0	2	0	2	1	1	62	1	0
graph-id-in-parameter-wrapped-contains-k02-group-16-zero	graph-id-set	graph-id-in-parameter-wrapped-contains	zero	graph-id-in-parameter-and-wrapped-contains	parameters	properties	200	fixture-hive-00	fixture-hive-00,fixture-hive-01	2	abf7df661332aac0b7f397aa323cf0332248ba918e275776d5c53f638ffe4a81	success	0	147	805c8c7334c868e18e2be84be95b83cc60895722d739c2b164a68be4cd410c49	118101			cypher-graph-id-predicate	64	2	fixture-hive-00,fixture-hive-01	2	0	0	2	0	2	1	1	62	1	0
request-selected-set-wrapped-contains-k02-group-16-zero	graph-set-reference	request-selected-set-wrapped-contains	zero	request-graph-set-selection-and-wrapped-contains	request-selected-source	properties	200	fixture-hive-00	fixture-hive-00,fixture-hive-01	2	abf7df661332aac0b7f397aa323cf0332248ba918e275776d5c53f638ffe4a81	success	0	147	805c8c7334c868e18e2be84be95b83cc60895722d739c2b164a68be4cd410c49	102351			request-selected-source	2	2	fixture-hive-00,fixture-hive-01	2	0	0	2	0	2	0	0	0	1	0
graph-id-in-literal-wrapped-contains-k02-group-16-targeted	graph-id-set	graph-id-in-literal-wrapped-contains	targeted	graph-id-in-literal-and-wrapped-contains	graph-routing-set	properties	200	fixture-hive-00	fixture-hive-00,fixture-hive-01	2	abf7df661332aac0b7f397aa323cf0332248ba918e275776d5c53f638ffe4a81	success	4	2862	72e96499d86d64ae9da267f3b15791817d4250f06a8dfea9d09edd8c3c23a440	118010		fixture-hive-00	cypher-graph-id-predicate	64	2	fixture-hive-00,fixture-hive-01	2	0	0	2	0	5	1	1	62	1	0
graph-id-in-parameter-wrapped-contains-k02-group-16-targeted	graph-id-set	graph-id-in-parameter-wrapped-contains	targeted	graph-id-in-parameter-and-wrapped-contains	parameters	properties	200	fixture-hive-00	fixture-hive-00,fixture-hive-01	2	abf7df661332aac0b7f397aa323cf0332248ba918e275776d5c53f638ffe4a81	success	4	2862	72e96499d86d64ae9da267f3b15791817d4250f06a8dfea9d09edd8c3c23a440	104326		fixture-hive-00	cypher-graph-id-predicate	64	2	fixture-hive-00,fixture-hive-01	2	0	0	2	0	5	1	1	62	1	0
request-selected-set-wrapped-contains-k02-group-16-targeted	graph-set-reference	request-selected-set-wrapped-contains	targeted	request-graph-set-selection-and-wrapped-contains	request-selected-source	properties	200	fixture-hive-00	fixture-hive-00,fixture-hive-01	2	abf7df661332aac0b7f397aa323cf0332248ba918e275776d5c53f638ffe4a81	success	4	2862	72e96499d86d64ae9da267f3b15791817d4250f06a8dfea9d09edd8c3c23a440	96501		fixture-hive-00	request-selected-source	2	2	fixture-hive-00,fixture-hive-01	2	0	0	2	0	5	0	0	0	1	0
graph-id-in-literal-wrapped-contains-k02-group-16-dense	graph-id-set	graph-id-in-literal-wrapped-contains	dense	graph-id-in-literal-and-wrapped-contains	graph-routing-set	properties	200	fixture-hive-00	fixture-hive-00,fixture-hive-01	2	abf7df661332aac0b7f397aa323cf0332248ba918e275776d5c53f638ffe4a81	success	200	92864	0ad6a5ae10cb27d8dd28af205e0df8ebd79b3e1ca0079c8c876100ee108fc38d	208670		fixture-hive-00	cypher-graph-id-predicate	64	1	fixture-hive-00	1	0	0	1	0	200	1	1	62	1	0
graph-id-in-parameter-wrapped-contains-k02-group-16-dense	graph-id-set	graph-id-in-parameter-wrapped-contains	dense	graph-id-in-parameter-and-wrapped-contains	parameters	properties	200	fixture-hive-00	fixture-hive-00,fixture-hive-01	2	abf7df661332aac0b7f397aa323cf0332248ba918e275776d5c53f638ffe4a81	success	200	92864	0ad6a5ae10cb27d8dd28af205e0df8ebd79b3e1ca0079c8c876100ee108fc38d	123361		fixture-hive-00	cypher-graph-id-predicate	64	1	fixture-hive-00	1	0	0	1	0	200	1	1	62	1	0
request-selected-set-wrapped-contains-k02-group-16-dense	graph-set-reference	request-selected-set-wrapped-contains	dense	request-graph-set-selection-and-wrapped-contains	request-selected-source	properties	200	fixture-hive-00	fixture-hive-00,fixture-hive-01	2	abf7df661332aac0b7f397aa323cf0332248ba918e275776d5c53f638ffe4a81	success	200	92864	0ad6a5ae10cb27d8dd28af205e0df8ebd79b3e1ca0079c8c876100ee108fc38d	122749		fixture-hive-00	request-selected-source	2	1	fixture-hive-00	1	0	0	1	0	200	0	0	0	1	0
graph-id-in-literal-wrapped-contains-k02-group-17-zero	graph-id-set	graph-id-in-literal-wrapped-contains	zero	graph-id-in-literal-and-wrapped-contains	graph-routing-set	properties	200	fixture-hive-02	fixture-hive-02,fixture-hive-03	2	186cc0634154d673c1ee10ca7ac2ad0225d4c836a71b3b566f2c4bdfd0423900	success	0	147	805c8c7334c868e18e2be84be95b83cc60895722d739c2b164a68be4cd410c49	122249			cypher-graph-id-predicate	64	2	fixture-hive-02,fixture-hive-03	2	0	0	2	0	2	1	1	62	1	0
graph-id-in-parameter-wrapped-contains-k02-group-17-zero	graph-id-set	graph-id-in-parameter-wrapped-contains	zero	graph-id-in-parameter-and-wrapped-contains	parameters	properties	200	fixture-hive-02	fixture-hive-02,fixture-hive-03	2	186cc0634154d673c1ee10ca7ac2ad0225d4c836a71b3b566f2c4bdfd0423900	success	0	147	805c8c7334c868e18e2be84be95b83cc60895722d739c2b164a68be4cd410c49	115096			cypher-graph-id-predicate	64	2	fixture-hive-02,fixture-hive-03	2	0	0	2	0	2	1	1	62	1	0
request-selected-set-wrapped-contains-k02-group-17-zero	graph-set-reference	request-selected-set-wrapped-contains	zero	request-graph-set-selection-and-wrapped-contains	request-selected-source	properties	200	fixture-hive-02	fixture-hive-02,fixture-hive-03	2	186cc0634154d673c1ee10ca7ac2ad0225d4c836a71b3b566f2c4bdfd0423900	success	0	147	805c8c7334c868e18e2be84be95b83cc60895722d739c2b164a68be4cd410c49	120355			request-selected-source	2	2	fixture-hive-02,fixture-hive-03	2	0	0	2	0	2	0	0	0	1	0
graph-id-in-literal-wrapped-contains-k02-group-17-targeted	graph-id-set	graph-id-in-literal-wrapped-contains	targeted	graph-id-in-literal-and-wrapped-contains	graph-routing-set	properties	200	fixture-hive-02	fixture-hive-02,fixture-hive-03	2	186cc0634154d673c1ee10ca7ac2ad0225d4c836a71b3b566f2c4bdfd0423900	success	4	2883	e83a01bd4b4e8f51ba0c51a53e73f87ec8dd6170bd60b37ef57b4eb9aba8bcc7	107501		fixture-hive-02	cypher-graph-id-predicate	64	2	fixture-hive-02,fixture-hive-03	2	0	0	2	0	5	1	1	62	1	0
graph-id-in-parameter-wrapped-contains-k02-group-17-targeted	graph-id-set	graph-id-in-parameter-wrapped-contains	targeted	graph-id-in-parameter-and-wrapped-contains	parameters	properties	200	fixture-hive-02	fixture-hive-02,fixture-hive-03	2	186cc0634154d673c1ee10ca7ac2ad0225d4c836a71b3b566f2c4bdfd0423900	success	4	2883	e83a01bd4b4e8f51ba0c51a53e73f87ec8dd6170bd60b37ef57b4eb9aba8bcc7	115285		fixture-hive-02	cypher-graph-id-predicate	64	2	fixture-hive-02,fixture-hive-03	2	0	0	2	0	5	1	1	62	1	0
request-selected-set-wrapped-contains-k02-group-17-targeted	graph-set-reference	request-selected-set-wrapped-contains	targeted	request-graph-set-selection-and-wrapped-contains	request-selected-source	properties	200	fixture-hive-02	fixture-hive-02,fixture-hive-03	2	186cc0634154d673c1ee10ca7ac2ad0225d4c836a71b3b566f2c4bdfd0423900	success	4	2883	e83a01bd4b4e8f51ba0c51a53e73f87ec8dd6170bd60b37ef57b4eb9aba8bcc7	109746		fixture-hive-02	request-selected-source	2	2	fixture-hive-02,fixture-hive-03	2	0	0	2	0	5	0	0	0	1	0
graph-id-in-literal-wrapped-contains-k02-group-17-dense	graph-id-set	graph-id-in-literal-wrapped-contains	dense	graph-id-in-literal-and-wrapped-contains	graph-routing-set	properties	200	fixture-hive-02	fixture-hive-02,fixture-hive-03	2	186cc0634154d673c1ee10ca7ac2ad0225d4c836a71b3b566f2c4bdfd0423900	success	200	94183	b06f89a813919b2f4278637c18773fe7508c48351caa08a76cefe1f54c9b7715	240901		fixture-hive-02	cypher-graph-id-predicate	64	1	fixture-hive-02	1	0	0	1	0	200	1	1	62	1	0
graph-id-in-parameter-wrapped-contains-k02-group-17-dense	graph-id-set	graph-id-in-parameter-wrapped-contains	dense	graph-id-in-parameter-and-wrapped-contains	parameters	properties	200	fixture-hive-02	fixture-hive-02,fixture-hive-03	2	186cc0634154d673c1ee10ca7ac2ad0225d4c836a71b3b566f2c4bdfd0423900	success	200	94183	b06f89a813919b2f4278637c18773fe7508c48351caa08a76cefe1f54c9b7715	123902		fixture-hive-02	cypher-graph-id-predicate	64	1	fixture-hive-02	1	0	0	1	0	200	1	1	62	1	0
request-selected-set-wrapped-contains-k02-group-17-dense	graph-set-reference	request-selected-set-wrapped-contains	dense	request-graph-set-selection-and-wrapped-contains	request-selected-source	properties	200	fixture-hive-02	fixture-hive-02,fixture-hive-03	2	186cc0634154d673c1ee10ca7ac2ad0225d4c836a71b3b566f2c4bdfd0423900	success	200	94183	b06f89a813919b2f4278637c18773fe7508c48351caa08a76cefe1f54c9b7715	143950		fixture-hive-02	request-selected-source	2	1	fixture-hive-02	1	0	0	1	0	200	0	0	0	1	0
graph-id-in-literal-wrapped-contains-k02-group-18-zero	graph-id-set	graph-id-in-literal-wrapped-contains	zero	graph-id-in-literal-and-wrapped-contains	graph-routing-set	properties	200	fixture-hive-04	fixture-hive-04,fixture-hive-05	2	f41121acbf1fbaf3038c33bd3e9d0c46d75f4fff7791b6123e418412592ec20e	success	0	147	805c8c7334c868e18e2be84be95b83cc60895722d739c2b164a68be4cd410c49	115877			cypher-graph-id-predicate	64	2	fixture-hive-04,fixture-hive-05	2	0	0	2	0	2	1	1	62	1	0
graph-id-in-parameter-wrapped-contains-k02-group-18-zero	graph-id-set	graph-id-in-parameter-wrapped-contains	zero	graph-id-in-parameter-and-wrapped-contains	parameters	properties	200	fixture-hive-04	fixture-hive-04,fixture-hive-05	2	f41121acbf1fbaf3038c33bd3e9d0c46d75f4fff7791b6123e418412592ec20e	success	0	147	805c8c7334c868e18e2be84be95b83cc60895722d739c2b164a68be4cd410c49	123521			cypher-graph-id-predicate	64	2	fixture-hive-04,fixture-hive-05	2	0	0	2	0	2	1	1	62	1	0
request-selected-set-wrapped-contains-k02-group-18-zero	graph-set-reference	request-selected-set-wrapped-contains	zero	request-graph-set-selection-and-wrapped-contains	request-selected-source	properties	200	fixture-hive-04	fixture-hive-04,fixture-hive-05	2	f41121acbf1fbaf3038c33bd3e9d0c46d75f4fff7791b6123e418412592ec20e	success	0	147	805c8c7334c868e18e2be84be95b83cc60895722d739c2b164a68be4cd410c49	102131			request-selected-source	2	2	fixture-hive-04,fixture-hive-05	2	0	0	2	0	2	0	0	0	1	0
graph-id-in-literal-wrapped-contains-k02-group-18-targeted	graph-id-set	graph-id-in-literal-wrapped-contains	targeted	graph-id-in-literal-and-wrapped-contains	graph-routing-set	properties	200	fixture-hive-04	fixture-hive-04,fixture-hive-05	2	f41121acbf1fbaf3038c33bd3e9d0c46d75f4fff7791b6123e418412592ec20e	success	1	795	6f5022183da52ea8cb963f17c4b86a6270dc9bfe0ca358e5ec7d6bdf4c95879f	121898		fixture-hive-04	cypher-graph-id-predicate	64	2	fixture-hive-04,fixture-hive-05	2	0	0	2	0	2	1	1	62	1	0
graph-id-in-parameter-wrapped-contains-k02-group-18-targeted	graph-id-set	graph-id-in-parameter-wrapped-contains	targeted	graph-id-in-parameter-and-wrapped-contains	parameters	properties	200	fixture-hive-04	fixture-hive-04,fixture-hive-05	2	f41121acbf1fbaf3038c33bd3e9d0c46d75f4fff7791b6123e418412592ec20e	success	1	795	6f5022183da52ea8cb963f17c4b86a6270dc9bfe0ca358e5ec7d6bdf4c95879f	127830		fixture-hive-04	cypher-graph-id-predicate	64	2	fixture-hive-04,fixture-hive-05	2	0	0	2	0	2	1	1	62	1	0
request-selected-set-wrapped-contains-k02-group-18-targeted	graph-set-reference	request-selected-set-wrapped-contains	targeted	request-graph-set-selection-and-wrapped-contains	request-selected-source	properties	200	fixture-hive-04	fixture-hive-04,fixture-hive-05	2	f41121acbf1fbaf3038c33bd3e9d0c46d75f4fff7791b6123e418412592ec20e	success	1	795	6f5022183da52ea8cb963f17c4b86a6270dc9bfe0ca358e5ec7d6bdf4c95879f	101079		fixture-hive-04	request-selected-source	2	2	fixture-hive-04,fixture-hive-05	2	0	0	2	0	2	0	0	0	1	0
graph-id-in-literal-wrapped-contains-k02-group-18-dense	graph-id-set	graph-id-in-literal-wrapped-contains	dense	graph-id-in-literal-and-wrapped-contains	graph-routing-set	properties	200	fixture-hive-04	fixture-hive-04,fixture-hive-05	2	f41121acbf1fbaf3038c33bd3e9d0c46d75f4fff7791b6123e418412592ec20e	success	200	91716	5d2df55fe9df550bd17a462dbec1bd958f7c0d5940c160537976ecc80d5cb22f	227847		fixture-hive-04	cypher-graph-id-predicate	64	1	fixture-hive-04	1	0	0	1	0	200	1	1	62	1	0
graph-id-in-parameter-wrapped-contains-k02-group-18-dense	graph-id-set	graph-id-in-parameter-wrapped-contains	dense	graph-id-in-parameter-and-wrapped-contains	parameters	properties	200	fixture-hive-04	fixture-hive-04,fixture-hive-05	2	f41121acbf1fbaf3038c33bd3e9d0c46d75f4fff7791b6123e418412592ec20e	success	200	91716	5d2df55fe9df550bd17a462dbec1bd958f7c0d5940c160537976ecc80d5cb22f	123021		fixture-hive-04	cypher-graph-id-predicate	64	1	fixture-hive-04	1	0	0	1	0	200	1	1	62	1	0
request-selected-set-wrapped-contains-k02-group-18-dense	graph-set-reference	request-selected-set-wrapped-contains	dense	request-graph-set-selection-and-wrapped-contains	request-selected-source	properties	200	fixture-hive-04	fixture-hive-04,fixture-hive-05	2	f41121acbf1fbaf3038c33bd3e9d0c46d75f4fff7791b6123e418412592ec20e	success	200	91716	5d2df55fe9df550bd17a462dbec1bd958f7c0d5940c160537976ecc80d5cb22f	120917		fixture-hive-04	request-selected-source	2	1	fixture-hive-04	1	0	0	1	0	200	0	0	0	1	0
graph-id-in-literal-wrapped-contains-k02-group-19-zero	graph-id-set	graph-id-in-literal-wrapped-contains	zero	graph-id-in-literal-and-wrapped-contains	graph-routing-set	properties	200	fixture-hive-06	fixture-hive-06,fixture-hive-07	2	0e195fcce31a7a5d9a769104e3dfcae5e0ad6d412a7d0ec410082e682a53bc92	success	0	147	805c8c7334c868e18e2be84be95b83cc60895722d739c2b164a68be4cd410c49	118692			cypher-graph-id-predicate	64	2	fixture-hive-06,fixture-hive-07	2	0	0	2	0	2	1	1	62	1	0
graph-id-in-parameter-wrapped-contains-k02-group-19-zero	graph-id-set	graph-id-in-parameter-wrapped-contains	zero	graph-id-in-parameter-and-wrapped-contains	parameters	properties	200	fixture-hive-06	fixture-hive-06,fixture-hive-07	2	0e195fcce31a7a5d9a769104e3dfcae5e0ad6d412a7d0ec410082e682a53bc92	success	0	147	805c8c7334c868e18e2be84be95b83cc60895722d739c2b164a68be4cd410c49	115436			cypher-graph-id-predicate	64	2	fixture-hive-06,fixture-hive-07	2	0	0	2	0	2	1	1	62	1	0
request-selected-set-wrapped-contains-k02-group-19-zero	graph-set-reference	request-selected-set-wrapped-contains	zero	request-graph-set-selection-and-wrapped-contains	request-selected-source	properties	200	fixture-hive-06	fixture-hive-06,fixture-hive-07	2	0e195fcce31a7a5d9a769104e3dfcae5e0ad6d412a7d0ec410082e682a53bc92	success	0	147	805c8c7334c868e18e2be84be95b83cc60895722d739c2b164a68be4cd410c49	103153			request-selected-source	2	2	fixture-hive-06,fixture-hive-07	2	0	0	2	0	2	0	0	0	1	0
graph-id-in-literal-wrapped-contains-k02-group-19-targeted	graph-id-set	graph-id-in-literal-wrapped-contains	targeted	graph-id-in-literal-and-wrapped-contains	graph-routing-set	properties	200	fixture-hive-06	fixture-hive-06,fixture-hive-07	2	0e195fcce31a7a5d9a769104e3dfcae5e0ad6d412a7d0ec410082e682a53bc92	success	1	801	6e224732564976ab3ad1b488a2dcb0c2a2f84050ab25d529f41b87f4de3c406c	118622		fixture-hive-06	cypher-graph-id-predicate	64	2	fixture-hive-06,fixture-hive-07	2	0	0	2	0	2	1	1	62	1	0
graph-id-in-parameter-wrapped-contains-k02-group-19-targeted	graph-id-set	graph-id-in-parameter-wrapped-contains	targeted	graph-id-in-parameter-and-wrapped-contains	parameters	properties	200	fixture-hive-06	fixture-hive-06,fixture-hive-07	2	0e195fcce31a7a5d9a769104e3dfcae5e0ad6d412a7d0ec410082e682a53bc92	success	1	801	6e224732564976ab3ad1b488a2dcb0c2a2f84050ab25d529f41b87f4de3c406c	121748		fixture-hive-06	cypher-graph-id-predicate	64	2	fixture-hive-06,fixture-hive-07	2	0	0	2	0	2	1	1	62	1	0
request-selected-set-wrapped-contains-k02-group-19-targeted	graph-set-reference	request-selected-set-wrapped-contains	targeted	request-graph-set-selection-and-wrapped-contains	request-selected-source	properties	200	fixture-hive-06	fixture-hive-06,fixture-hive-07	2	0e195fcce31a7a5d9a769104e3dfcae5e0ad6d412a7d0ec410082e682a53bc92	success	1	801	6e224732564976ab3ad1b488a2dcb0c2a2f84050ab25d529f41b87f4de3c406c	107451		fixture-hive-06	request-selected-source	2	2	fixture-hive-06,fixture-hive-07	2	0	0	2	0	2	0	0	0	1	0
graph-id-in-literal-wrapped-contains-k02-group-19-dense	graph-id-set	graph-id-in-literal-wrapped-contains	dense	graph-id-in-literal-and-wrapped-contains	graph-routing-set	properties	200	fixture-hive-06	fixture-hive-06,fixture-hive-07	2	0e195fcce31a7a5d9a769104e3dfcae5e0ad6d412a7d0ec410082e682a53bc92	success	200	92968	77adda61bf8a66745500e9e1b739302ae425b75af5d5199095bd9c0f56151e04	244809		fixture-hive-06	cypher-graph-id-predicate	64	1	fixture-hive-06	1	0	0	1	0	200	1	1	62	1	0
graph-id-in-parameter-wrapped-contains-k02-group-19-dense	graph-id-set	graph-id-in-parameter-wrapped-contains	dense	graph-id-in-parameter-and-wrapped-contains	parameters	properties	200	fixture-hive-06	fixture-hive-06,fixture-hive-07	2	0e195fcce31a7a5d9a769104e3dfcae5e0ad6d412a7d0ec410082e682a53bc92	success	200	92968	77adda61bf8a66745500e9e1b739302ae425b75af5d5199095bd9c0f56151e04	142076		fixture-hive-06	cypher-graph-id-predicate	64	1	fixture-hive-06	1	0	0	1	0	200	1	1	62	1	0
request-selected-set-wrapped-contains-k02-group-19-dense	graph-set-reference	request-selected-set-wrapped-contains	dense	request-graph-set-selection-and-wrapped-contains	request-selected-source	properties	200	fixture-hive-06	fixture-hive-06,fixture-hive-07	2	0e195fcce31a7a5d9a769104e3dfcae5e0ad6d412a7d0ec410082e682a53bc92	success	200	92968	77adda61bf8a66745500e9e1b739302ae425b75af5d5199095bd9c0f56151e04	112310		fixture-hive-06	request-selected-source	2	1	fixture-hive-06	1	0	0	1	0	200	0	0	0	1	0
graph-id-in-literal-wrapped-contains-k02-group-20-zero	graph-id-set	graph-id-in-literal-wrapped-contains	zero	graph-id-in-literal-and-wrapped-contains	graph-routing-set	properties	200	fixture-hive-08	fixture-hive-08,fixture-hive-09	2	14fa8c483af9a14e524a47ac5609a1da648fc7c17053e8b2cd7462c591d4c7cf	success	0	147	805c8c7334c868e18e2be84be95b83cc60895722d739c2b164a68be4cd410c49	109154			cypher-graph-id-predicate	64	2	fixture-hive-08,fixture-hive-09	2	0	0	2	0	2	1	1	62	1	0
graph-id-in-parameter-wrapped-contains-k02-group-20-zero	graph-id-set	graph-id-in-parameter-wrapped-contains	zero	graph-id-in-parameter-and-wrapped-contains	parameters	properties	200	fixture-hive-08	fixture-hive-08,fixture-hive-09	2	14fa8c483af9a14e524a47ac5609a1da648fc7c17053e8b2cd7462c591d4c7cf	success	0	147	805c8c7334c868e18e2be84be95b83cc60895722d739c2b164a68be4cd410c49	121137			cypher-graph-id-predicate	64	2	fixture-hive-08,fixture-hive-09	2	0	0	2	0	2	1	1	62	1	0
request-selected-set-wrapped-contains-k02-group-20-zero	graph-set-reference	request-selected-set-wrapped-contains	zero	request-graph-set-selection-and-wrapped-contains	request-selected-source	properties	200	fixture-hive-08	fixture-hive-08,fixture-hive-09	2	14fa8c483af9a14e524a47ac5609a1da648fc7c17053e8b2cd7462c591d4c7cf	success	0	147	805c8c7334c868e18e2be84be95b83cc60895722d739c2b164a68be4cd410c49	101500			request-selected-source	2	2	fixture-hive-08,fixture-hive-09	2	0	0	2	0	2	0	0	0	1	0
graph-id-in-literal-wrapped-contains-k02-group-20-targeted	graph-id-set	graph-id-in-literal-wrapped-contains	targeted	graph-id-in-literal-and-wrapped-contains	graph-routing-set	properties	200	fixture-hive-08	fixture-hive-08,fixture-hive-09	2	14fa8c483af9a14e524a47ac5609a1da648fc7c17053e8b2cd7462c591d4c7cf	success	4	2911	6520445594f6fc1d080f2e441beea159540f21b52c555b515dbd7ba1fee2a37f	111118		fixture-hive-08	cypher-graph-id-predicate	64	2	fixture-hive-08,fixture-hive-09	2	0	0	2	0	5	1	1	62	1	0
graph-id-in-parameter-wrapped-contains-k02-group-20-targeted	graph-id-set	graph-id-in-parameter-wrapped-contains	targeted	graph-id-in-parameter-and-wrapped-contains	parameters	properties	200	fixture-hive-08	fixture-hive-08,fixture-hive-09	2	14fa8c483af9a14e524a47ac5609a1da648fc7c17053e8b2cd7462c591d4c7cf	success	4	2911	6520445594f6fc1d080f2e441beea159540f21b52c555b515dbd7ba1fee2a37f	115476		fixture-hive-08	cypher-graph-id-predicate	64	2	fixture-hive-08,fixture-hive-09	2	0	0	2	0	5	1	1	62	1	0
request-selected-set-wrapped-contains-k02-group-20-targeted	graph-set-reference	request-selected-set-wrapped-contains	targeted	request-graph-set-selection-and-wrapped-contains	request-selected-source	properties	200	fixture-hive-08	fixture-hive-08,fixture-hive-09	2	14fa8c483af9a14e524a47ac5609a1da648fc7c17053e8b2cd7462c591d4c7cf	success	4	2911	6520445594f6fc1d080f2e441beea159540f21b52c555b515dbd7ba1fee2a37f	99837		fixture-hive-08	request-selected-source	2	2	fixture-hive-08,fixture-hive-09	2	0	0	2	0	5	0	0	0	1	0
graph-id-in-literal-wrapped-contains-k02-group-20-dense	graph-id-set	graph-id-in-literal-wrapped-contains	dense	graph-id-in-literal-and-wrapped-contains	graph-routing-set	properties	200	fixture-hive-08	fixture-hive-08,fixture-hive-09	2	14fa8c483af9a14e524a47ac5609a1da648fc7c17053e8b2cd7462c591d4c7cf	success	200	95189	6547ed796970ad3186785ae6dc7d6b1328d226d1878e5144fdb98c21fcba06f9	207689		fixture-hive-08	cypher-graph-id-predicate	64	1	fixture-hive-08	1	0	0	1	0	200	1	1	62	1	0
graph-id-in-parameter-wrapped-contains-k02-group-20-dense	graph-id-set	graph-id-in-parameter-wrapped-contains	dense	graph-id-in-parameter-and-wrapped-contains	parameters	properties	200	fixture-hive-08	fixture-hive-08,fixture-hive-09	2	14fa8c483af9a14e524a47ac5609a1da648fc7c17053e8b2cd7462c591d4c7cf	success	200	95189	6547ed796970ad3186785ae6dc7d6b1328d226d1878e5144fdb98c21fcba06f9	126217		fixture-hive-08	cypher-graph-id-predicate	64	1	fixture-hive-08	1	0	0	1	0	200	1	1	62	1	0
request-selected-set-wrapped-contains-k02-group-20-dense	graph-set-reference	request-selected-set-wrapped-contains	dense	request-graph-set-selection-and-wrapped-contains	request-selected-source	properties	200	fixture-hive-08	fixture-hive-08,fixture-hive-09	2	14fa8c483af9a14e524a47ac5609a1da648fc7c17053e8b2cd7462c591d4c7cf	success	200	95189	6547ed796970ad3186785ae6dc7d6b1328d226d1878e5144fdb98c21fcba06f9	117931		fixture-hive-08	request-selected-source	2	1	fixture-hive-08	1	0	0	1	0	200	0	0	0	1	0
graph-id-in-literal-wrapped-contains-k02-group-21-zero	graph-id-set	graph-id-in-literal-wrapped-contains	zero	graph-id-in-literal-and-wrapped-contains	graph-routing-set	properties	200	fixture-hive-10	fixture-hive-10,fixture-hive-11	2	ee5df13e4758327832f92663d242553d12beefe11136b61c03c5ba789d0d0644	success	0	147	805c8c7334c868e18e2be84be95b83cc60895722d739c2b164a68be4cd410c49	128100			cypher-graph-id-predicate	64	2	fixture-hive-10,fixture-hive-11	2	0	0	2	0	2	1	1	62	1	0
graph-id-in-parameter-wrapped-contains-k02-group-21-zero	graph-id-set	graph-id-in-parameter-wrapped-contains	zero	graph-id-in-parameter-and-wrapped-contains	parameters	properties	200	fixture-hive-10	fixture-hive-10,fixture-hive-11	2	ee5df13e4758327832f92663d242553d12beefe11136b61c03c5ba789d0d0644	success	0	147	805c8c7334c868e18e2be84be95b83cc60895722d739c2b164a68be4cd410c49	113322			cypher-graph-id-predicate	64	2	fixture-hive-10,fixture-hive-11	2	0	0	2	0	2	1	1	62	1	0
request-selected-set-wrapped-contains-k02-group-21-zero	graph-set-reference	request-selected-set-wrapped-contains	zero	request-graph-set-selection-and-wrapped-contains	request-selected-source	properties	200	fixture-hive-10	fixture-hive-10,fixture-hive-11	2	ee5df13e4758327832f92663d242553d12beefe11136b61c03c5ba789d0d0644	success	0	147	805c8c7334c868e18e2be84be95b83cc60895722d739c2b164a68be4cd410c49	110907			request-selected-source	2	2	fixture-hive-10,fixture-hive-11	2	0	0	2	0	2	0	0	0	1	0
graph-id-in-literal-wrapped-contains-k02-group-21-targeted	graph-id-set	graph-id-in-literal-wrapped-contains	targeted	graph-id-in-literal-and-wrapped-contains	graph-routing-set	properties	200	fixture-hive-10	fixture-hive-10,fixture-hive-11	2	ee5df13e4758327832f92663d242553d12beefe11136b61c03c5ba789d0d0644	success	63	39077	2d20a012ee335ff72d99f67135e1ac36defbca676c07a298d3df15c7c1e33f7d	148919		fixture-hive-10	cypher-graph-id-predicate	64	2	fixture-hive-10,fixture-hive-11	2	0	0	2	0	64	1	1	62	1	0
graph-id-in-parameter-wrapped-contains-k02-group-21-targeted	graph-id-set	graph-id-in-parameter-wrapped-contains	targeted	graph-id-in-parameter-and-wrapped-contains	parameters	properties	200	fixture-hive-10	fixture-hive-10,fixture-hive-11	2	ee5df13e4758327832f92663d242553d12beefe11136b61c03c5ba789d0d0644	success	63	39077	2d20a012ee335ff72d99f67135e1ac36defbca676c07a298d3df15c7c1e33f7d	116078		fixture-hive-10	cypher-graph-id-predicate	64	2	fixture-hive-10,fixture-hive-11	2	0	0	2	0	64	1	1	62	1	0
request-selected-set-wrapped-contains-k02-group-21-targeted	graph-set-reference	request-selected-set-wrapped-contains	targeted	request-graph-set-selection-and-wrapped-contains	request-selected-source	properties	200	fixture-hive-10	fixture-hive-10,fixture-hive-11	2	ee5df13e4758327832f92663d242553d12beefe11136b61c03c5ba789d0d0644	success	63	39077	2d20a012ee335ff72d99f67135e1ac36defbca676c07a298d3df15c7c1e33f7d	106880		fixture-hive-10	request-selected-source	2	2	fixture-hive-10,fixture-hive-11	2	0	0	2	0	64	0	0	0	1	0
graph-id-in-literal-wrapped-contains-k02-group-21-dense	graph-id-set	graph-id-in-literal-wrapped-contains	dense	graph-id-in-literal-and-wrapped-contains	graph-routing-set	properties	200	fixture-hive-10	fixture-hive-10,fixture-hive-11	2	ee5df13e4758327832f92663d242553d12beefe11136b61c03c5ba789d0d0644	success	200	93248	bd7a2cfc84011237aca413f8fd4b6ee9130043dc1530bc214cc965d935dc3d88	212317		fixture-hive-10	cypher-graph-id-predicate	64	1	fixture-hive-10	1	0	0	1	0	200	1	1	62	1	0
graph-id-in-parameter-wrapped-contains-k02-group-21-dense	graph-id-set	graph-id-in-parameter-wrapped-contains	dense	graph-id-in-parameter-and-wrapped-contains	parameters	properties	200	fixture-hive-10	fixture-hive-10,fixture-hive-11	2	ee5df13e4758327832f92663d242553d12beefe11136b61c03c5ba789d0d0644	success	200	93248	bd7a2cfc84011237aca413f8fd4b6ee9130043dc1530bc214cc965d935dc3d88	119063		fixture-hive-10	cypher-graph-id-predicate	64	1	fixture-hive-10	1	0	0	1	0	200	1	1	62	1	0
request-selected-set-wrapped-contains-k02-group-21-dense	graph-set-reference	request-selected-set-wrapped-contains	dense	request-graph-set-selection-and-wrapped-contains	request-selected-source	properties	200	fixture-hive-10	fixture-hive-10,fixture-hive-11	2	ee5df13e4758327832f92663d242553d12beefe11136b61c03c5ba789d0d0644	success	200	93248	bd7a2cfc84011237aca413f8fd4b6ee9130043dc1530bc214cc965d935dc3d88	109725		fixture-hive-10	request-selected-source	2	1	fixture-hive-10	1	0	0	1	0	200	0	0	0	1	0
graph-id-in-literal-wrapped-contains-k02-group-22-zero	graph-id-set	graph-id-in-literal-wrapped-contains	zero	graph-id-in-literal-and-wrapped-contains	graph-routing-set	properties	200	fixture-hive-12	fixture-hive-12,fixture-hive-13	2	428722215ca496d4e4f9c9d5a05310cce042e146f4e82a55e5db3c76468c51e0	success	0	147	805c8c7334c868e18e2be84be95b83cc60895722d739c2b164a68be4cd410c49	117510			cypher-graph-id-predicate	64	2	fixture-hive-12,fixture-hive-13	2	0	0	2	0	2	1	1	62	1	0
graph-id-in-parameter-wrapped-contains-k02-group-22-zero	graph-id-set	graph-id-in-parameter-wrapped-contains	zero	graph-id-in-parameter-and-wrapped-contains	parameters	properties	200	fixture-hive-12	fixture-hive-12,fixture-hive-13	2	428722215ca496d4e4f9c9d5a05310cce042e146f4e82a55e5db3c76468c51e0	success	0	147	805c8c7334c868e18e2be84be95b83cc60895722d739c2b164a68be4cd410c49	112761			cypher-graph-id-predicate	64	2	fixture-hive-12,fixture-hive-13	2	0	0	2	0	2	1	1	62	1	0
request-selected-set-wrapped-contains-k02-group-22-zero	graph-set-reference	request-selected-set-wrapped-contains	zero	request-graph-set-selection-and-wrapped-contains	request-selected-source	properties	200	fixture-hive-12	fixture-hive-12,fixture-hive-13	2	428722215ca496d4e4f9c9d5a05310cce042e146f4e82a55e5db3c76468c51e0	success	0	147	805c8c7334c868e18e2be84be95b83cc60895722d739c2b164a68be4cd410c49	100958			request-selected-source	2	2	fixture-hive-12,fixture-hive-13	2	0	0	2	0	2	0	0	0	1	0
graph-id-in-literal-wrapped-contains-k02-group-22-targeted	graph-id-set	graph-id-in-literal-wrapped-contains	targeted	graph-id-in-literal-and-wrapped-contains	graph-routing-set	properties	200	fixture-hive-12	fixture-hive-12,fixture-hive-13	2	428722215ca496d4e4f9c9d5a05310cce042e146f4e82a55e5db3c76468c51e0	success	5	3545	4491fecdbf798782a80b3c646f871b5d7a5bb168536f84f8e4718b2551f81515	122499		fixture-hive-12,fixture-hive-13	cypher-graph-id-predicate	64	2	fixture-hive-12,fixture-hive-13	2	0	0	2	0	5	1	1	62	1	0
graph-id-in-parameter-wrapped-contains-k02-group-22-targeted	graph-id-set	graph-id-in-parameter-wrapped-contains	targeted	graph-id-in-parameter-and-wrapped-contains	parameters	properties	200	fixture-hive-12	fixture-hive-12,fixture-hive-13	2	428722215ca496d4e4f9c9d5a05310cce042e146f4e82a55e5db3c76468c51e0	success	5	3545	4491fecdbf798782a80b3c646f871b5d7a5bb168536f84f8e4718b2551f81515	98525		fixture-hive-12,fixture-hive-13	cypher-graph-id-predicate	64	2	fixture-hive-12,fixture-hive-13	2	0	0	2	0	5	1	1	62	1	0
request-selected-set-wrapped-contains-k02-group-22-targeted	graph-set-reference	request-selected-set-wrapped-contains	targeted	request-graph-set-selection-and-wrapped-contains	request-selected-source	properties	200	fixture-hive-12	fixture-hive-12,fixture-hive-13	2	428722215ca496d4e4f9c9d5a05310cce042e146f4e82a55e5db3c76468c51e0	success	5	3545	4491fecdbf798782a80b3c646f871b5d7a5bb168536f84f8e4718b2551f81515	98294		fixture-hive-12,fixture-hive-13	request-selected-source	2	2	fixture-hive-12,fixture-hive-13	2	0	0	2	0	5	0	0	0	1	0
graph-id-in-literal-wrapped-contains-k02-group-22-dense	graph-id-set	graph-id-in-literal-wrapped-contains	dense	graph-id-in-literal-and-wrapped-contains	graph-routing-set	properties	200	fixture-hive-12	fixture-hive-12,fixture-hive-13	2	428722215ca496d4e4f9c9d5a05310cce042e146f4e82a55e5db3c76468c51e0	success	200	90517	901cb7ad5a7cef604f7264d87d81f85a7b3e521b0175839dd61f15fa140b58cf	209933		fixture-hive-12	cypher-graph-id-predicate	64	1	fixture-hive-12	1	0	0	1	0	200	1	1	62	1	0
graph-id-in-parameter-wrapped-contains-k02-group-22-dense	graph-id-set	graph-id-in-parameter-wrapped-contains	dense	graph-id-in-parameter-and-wrapped-contains	parameters	properties	200	fixture-hive-12	fixture-hive-12,fixture-hive-13	2	428722215ca496d4e4f9c9d5a05310cce042e146f4e82a55e5db3c76468c51e0	success	200	90517	901cb7ad5a7cef604f7264d87d81f85a7b3e521b0175839dd61f15fa140b58cf	143940		fixture-hive-12	cypher-graph-id-predicate	64	1	fixture-hive-12	1	0	0	1	0	200	1	1	62	1	0
request-selected-set-wrapped-contains-k02-group-22-dense	graph-set-reference	request-selected-set-wrapped-contains	dense	request-graph-set-selection-and-wrapped-contains	request-selected-source	properties	200	fixture-hive-12	fixture-hive-12,fixture-hive-13	2	428722215ca496d4e4f9c9d5a05310cce042e146f4e82a55e5db3c76468c51e0	success	200	90517	901cb7ad5a7cef604f7264d87d81f85a7b3e521b0175839dd61f15fa140b58cf	130424		fixture-hive-12	request-selected-source	2	1	fixture-hive-12	1	0	0	1	0	200	0	0	0	1	0
graph-id-in-literal-wrapped-contains-k02-group-23-zero	graph-id-set	graph-id-in-literal-wrapped-contains	zero	graph-id-in-literal-and-wrapped-contains	graph-routing-set	properties	200	fixture-hive-14	fixture-hive-14,fixture-hive-15	2	bd3a86601d2d33fe9db8ca75e93e1f2fa47efb0ab641799ac8bb16d5574f73c4	success	0	147	805c8c7334c868e18e2be84be95b83cc60895722d739c2b164a68be4cd410c49	117299			cypher-graph-id-predicate	64	2	fixture-hive-14,fixture-hive-15	2	0	0	2	0	2	1	1	62	1	0
graph-id-in-parameter-wrapped-contains-k02-group-23-zero	graph-id-set	graph-id-in-parameter-wrapped-contains	zero	graph-id-in-parameter-and-wrapped-contains	parameters	properties	200	fixture-hive-14	fixture-hive-14,fixture-hive-15	2	bd3a86601d2d33fe9db8ca75e93e1f2fa47efb0ab641799ac8bb16d5574f73c4	success	0	147	805c8c7334c868e18e2be84be95b83cc60895722d739c2b164a68be4cd410c49	104245			cypher-graph-id-predicate	64	2	fixture-hive-14,fixture-hive-15	2	0	0	2	0	2	1	1	62	1	0
request-selected-set-wrapped-contains-k02-group-23-zero	graph-set-reference	request-selected-set-wrapped-contains	zero	request-graph-set-selection-and-wrapped-contains	request-selected-source	properties	200	fixture-hive-14	fixture-hive-14,fixture-hive-15	2	bd3a86601d2d33fe9db8ca75e93e1f2fa47efb0ab641799ac8bb16d5574f73c4	success	0	147	805c8c7334c868e18e2be84be95b83cc60895722d739c2b164a68be4cd410c49	103965			request-selected-source	2	2	fixture-hive-14,fixture-hive-15	2	0	0	2	0	2	0	0	0	1	0
graph-id-in-literal-wrapped-contains-k02-group-23-targeted	graph-id-set	graph-id-in-literal-wrapped-contains	targeted	graph-id-in-literal-and-wrapped-contains	graph-routing-set	properties	200	fixture-hive-14	fixture-hive-14,fixture-hive-15	2	bd3a86601d2d33fe9db8ca75e93e1f2fa47efb0ab641799ac8bb16d5574f73c4	success	45	27605	5de372ca8e19ec486456452fc7bd2d9f18c4d7b0beb5e238b24073911e1d2e3a	146885		fixture-hive-14	cypher-graph-id-predicate	64	2	fixture-hive-14,fixture-hive-15	2	0	0	2	0	46	1	1	62	1	0
graph-id-in-parameter-wrapped-contains-k02-group-23-targeted	graph-id-set	graph-id-in-parameter-wrapped-contains	targeted	graph-id-in-parameter-and-wrapped-contains	parameters	properties	200	fixture-hive-14	fixture-hive-14,fixture-hive-15	2	bd3a86601d2d33fe9db8ca75e93e1f2fa47efb0ab641799ac8bb16d5574f73c4	success	45	27605	5de372ca8e19ec486456452fc7bd2d9f18c4d7b0beb5e238b24073911e1d2e3a	105638		fixture-hive-14	cypher-graph-id-predicate	64	2	fixture-hive-14,fixture-hive-15	2	0	0	2	0	46	1	1	62	1	0
request-selected-set-wrapped-contains-k02-group-23-targeted	graph-set-reference	request-selected-set-wrapped-contains	targeted	request-graph-set-selection-and-wrapped-contains	request-selected-source	properties	200	fixture-hive-14	fixture-hive-14,fixture-hive-15	2	bd3a86601d2d33fe9db8ca75e93e1f2fa47efb0ab641799ac8bb16d5574f73c4	success	45	27605	5de372ca8e19ec486456452fc7bd2d9f18c4d7b0beb5e238b24073911e1d2e3a	103594		fixture-hive-14	request-selected-source	2	2	fixture-hive-14,fixture-hive-15	2	0	0	2	0	46	0	0	0	1	0
graph-id-in-literal-wrapped-contains-k02-group-23-dense	graph-id-set	graph-id-in-literal-wrapped-contains	dense	graph-id-in-literal-and-wrapped-contains	graph-routing-set	properties	200	fixture-hive-14	fixture-hive-14,fixture-hive-15	2	bd3a86601d2d33fe9db8ca75e93e1f2fa47efb0ab641799ac8bb16d5574f73c4	success	200	96641	3ad39c9167b00424c5957087068cab90d47268c9063b8d9e565113275edd98c8	219100		fixture-hive-14	cypher-graph-id-predicate	64	1	fixture-hive-14	1	0	0	1	0	200	1	1	62	1	0
graph-id-in-parameter-wrapped-contains-k02-group-23-dense	graph-id-set	graph-id-in-parameter-wrapped-contains	dense	graph-id-in-parameter-and-wrapped-contains	parameters	properties	200	fixture-hive-14	fixture-hive-14,fixture-hive-15	2	bd3a86601d2d33fe9db8ca75e93e1f2fa47efb0ab641799ac8bb16d5574f73c4	success	200	96641	3ad39c9167b00424c5957087068cab90d47268c9063b8d9e565113275edd98c8	117050		fixture-hive-14	cypher-graph-id-predicate	64	1	fixture-hive-14	1	0	0	1	0	200	1	1	62	1	0
request-selected-set-wrapped-contains-k02-group-23-dense	graph-set-reference	request-selected-set-wrapped-contains	dense	request-graph-set-selection-and-wrapped-contains	request-selected-source	properties	200	fixture-hive-14	fixture-hive-14,fixture-hive-15	2	bd3a86601d2d33fe9db8ca75e93e1f2fa47efb0ab641799ac8bb16d5574f73c4	success	200	96641	3ad39c9167b00424c5957087068cab90d47268c9063b8d9e565113275edd98c8	130614		fixture-hive-14	request-selected-source	2	1	fixture-hive-14	1	0	0	1	0	200	0	0	0	1	0
graph-id-in-literal-wrapped-contains-k02-group-24-zero	graph-id-set	graph-id-in-literal-wrapped-contains	zero	graph-id-in-literal-and-wrapped-contains	graph-routing-set	properties	200	fixture-kotlin-compiler-00	fixture-kotlin-compiler-00,fixture-kotlin-compiler-01	2	56868f1a9cf217da4efc67ad27fa437371abf57f3bb39fd488b176b7b556f456	success	0	147	805c8c7334c868e18e2be84be95b83cc60895722d739c2b164a68be4cd410c49	117359			cypher-graph-id-predicate	64	2	fixture-kotlin-compiler-00,fixture-kotlin-compiler-01	2	0	0	2	0	2	1	1	62	1	0
graph-id-in-parameter-wrapped-contains-k02-group-24-zero	graph-id-set	graph-id-in-parameter-wrapped-contains	zero	graph-id-in-parameter-and-wrapped-contains	parameters	properties	200	fixture-kotlin-compiler-00	fixture-kotlin-compiler-00,fixture-kotlin-compiler-01	2	56868f1a9cf217da4efc67ad27fa437371abf57f3bb39fd488b176b7b556f456	success	0	147	805c8c7334c868e18e2be84be95b83cc60895722d739c2b164a68be4cd410c49	116778			cypher-graph-id-predicate	64	2	fixture-kotlin-compiler-00,fixture-kotlin-compiler-01	2	0	0	2	0	2	1	1	62	1	0
request-selected-set-wrapped-contains-k02-group-24-zero	graph-set-reference	request-selected-set-wrapped-contains	zero	request-graph-set-selection-and-wrapped-contains	request-selected-source	properties	200	fixture-kotlin-compiler-00	fixture-kotlin-compiler-00,fixture-kotlin-compiler-01	2	56868f1a9cf217da4efc67ad27fa437371abf57f3bb39fd488b176b7b556f456	success	0	147	805c8c7334c868e18e2be84be95b83cc60895722d739c2b164a68be4cd410c49	244007			request-selected-source	2	2	fixture-kotlin-compiler-00,fixture-kotlin-compiler-01	2	0	0	2	0	2	0	0	0	1	0
graph-id-in-literal-wrapped-contains-k02-group-24-targeted	graph-id-set	graph-id-in-literal-wrapped-contains	targeted	graph-id-in-literal-and-wrapped-contains	graph-routing-set	properties	200	fixture-kotlin-compiler-00	fixture-kotlin-compiler-00,fixture-kotlin-compiler-01	2	56868f1a9cf217da4efc67ad27fa437371abf57f3bb39fd488b176b7b556f456	success	10	6351	274597a5e0e535d6581734920f9ffbc39062a84a13ad9d85823a8f12df219dfd	157535		fixture-kotlin-compiler-00	cypher-graph-id-predicate	64	2	fixture-kotlin-compiler-00,fixture-kotlin-compiler-01	2	0	0	2	0	11	1	1	62	1	0
graph-id-in-parameter-wrapped-contains-k02-group-24-targeted	graph-id-set	graph-id-in-parameter-wrapped-contains	targeted	graph-id-in-parameter-and-wrapped-contains	parameters	properties	200	fixture-kotlin-compiler-00	fixture-kotlin-compiler-00,fixture-kotlin-compiler-01	2	56868f1a9cf217da4efc67ad27fa437371abf57f3bb39fd488b176b7b556f456	success	10	6351	274597a5e0e535d6581734920f9ffbc39062a84a13ad9d85823a8f12df219dfd	121979		fixture-kotlin-compiler-00	cypher-graph-id-predicate	64	2	fixture-kotlin-compiler-00,fixture-kotlin-compiler-01	2	0	0	2	0	11	1	1	62	1	0
request-selected-set-wrapped-contains-k02-group-24-targeted	graph-set-reference	request-selected-set-wrapped-contains	targeted	request-graph-set-selection-and-wrapped-contains	request-selected-source	properties	200	fixture-kotlin-compiler-00	fixture-kotlin-compiler-00,fixture-kotlin-compiler-01	2	56868f1a9cf217da4efc67ad27fa437371abf57f3bb39fd488b176b7b556f456	success	10	6351	274597a5e0e535d6581734920f9ffbc39062a84a13ad9d85823a8f12df219dfd	105828		fixture-kotlin-compiler-00	request-selected-source	2	2	fixture-kotlin-compiler-00,fixture-kotlin-compiler-01	2	0	0	2	0	11	0	0	0	1	0
graph-id-in-literal-wrapped-contains-k02-group-24-dense	graph-id-set	graph-id-in-literal-wrapped-contains	dense	graph-id-in-literal-and-wrapped-contains	graph-routing-set	properties	200	fixture-kotlin-compiler-00	fixture-kotlin-compiler-00,fixture-kotlin-compiler-01	2	56868f1a9cf217da4efc67ad27fa437371abf57f3bb39fd488b176b7b556f456	success	200	97301	4abd067ea3c7496241f2623586a132809a81e33bd08c7645b717be3ee7ee2542	236954		fixture-kotlin-compiler-00	cypher-graph-id-predicate	64	1	fixture-kotlin-compiler-00	1	0	0	1	0	200	1	1	62	1	0
graph-id-in-parameter-wrapped-contains-k02-group-24-dense	graph-id-set	graph-id-in-parameter-wrapped-contains	dense	graph-id-in-parameter-and-wrapped-contains	parameters	properties	200	fixture-kotlin-compiler-00	fixture-kotlin-compiler-00,fixture-kotlin-compiler-01	2	56868f1a9cf217da4efc67ad27fa437371abf57f3bb39fd488b176b7b556f456	success	200	97301	4abd067ea3c7496241f2623586a132809a81e33bd08c7645b717be3ee7ee2542	130395		fixture-kotlin-compiler-00	cypher-graph-id-predicate	64	1	fixture-kotlin-compiler-00	1	0	0	1	0	200	1	1	62	1	0
request-selected-set-wrapped-contains-k02-group-24-dense	graph-set-reference	request-selected-set-wrapped-contains	dense	request-graph-set-selection-and-wrapped-contains	request-selected-source	properties	200	fixture-kotlin-compiler-00	fixture-kotlin-compiler-00,fixture-kotlin-compiler-01	2	56868f1a9cf217da4efc67ad27fa437371abf57f3bb39fd488b176b7b556f456	success	200	97301	4abd067ea3c7496241f2623586a132809a81e33bd08c7645b717be3ee7ee2542	111038		fixture-kotlin-compiler-00	request-selected-source	2	1	fixture-kotlin-compiler-00	1	0	0	1	0	200	0	0	0	1	0
graph-id-in-literal-wrapped-contains-k02-group-25-zero	graph-id-set	graph-id-in-literal-wrapped-contains	zero	graph-id-in-literal-and-wrapped-contains	graph-routing-set	properties	200	fixture-kotlin-compiler-02	fixture-kotlin-compiler-02,fixture-kotlin-compiler-03	2	f1fbbdfc216b798281dff3d7ec29043bf8683f075ffe543077be5a013bd32241	success	0	147	805c8c7334c868e18e2be84be95b83cc60895722d739c2b164a68be4cd410c49	122228			cypher-graph-id-predicate	64	2	fixture-kotlin-compiler-02,fixture-kotlin-compiler-03	2	0	0	2	0	2	1	1	62	1	0
graph-id-in-parameter-wrapped-contains-k02-group-25-zero	graph-id-set	graph-id-in-parameter-wrapped-contains	zero	graph-id-in-parameter-and-wrapped-contains	parameters	properties	200	fixture-kotlin-compiler-02	fixture-kotlin-compiler-02,fixture-kotlin-compiler-03	2	f1fbbdfc216b798281dff3d7ec29043bf8683f075ffe543077be5a013bd32241	success	0	147	805c8c7334c868e18e2be84be95b83cc60895722d739c2b164a68be4cd410c49	111329			cypher-graph-id-predicate	64	2	fixture-kotlin-compiler-02,fixture-kotlin-compiler-03	2	0	0	2	0	2	1	1	62	1	0
request-selected-set-wrapped-contains-k02-group-25-zero	graph-set-reference	request-selected-set-wrapped-contains	zero	request-graph-set-selection-and-wrapped-contains	request-selected-source	properties	200	fixture-kotlin-compiler-02	fixture-kotlin-compiler-02,fixture-kotlin-compiler-03	2	f1fbbdfc216b798281dff3d7ec29043bf8683f075ffe543077be5a013bd32241	success	0	147	805c8c7334c868e18e2be84be95b83cc60895722d739c2b164a68be4cd410c49	97182			request-selected-source	2	2	fixture-kotlin-compiler-02,fixture-kotlin-compiler-03	2	0	0	2	0	2	0	0	0	1	0
graph-id-in-literal-wrapped-contains-k02-group-25-targeted	graph-id-set	graph-id-in-literal-wrapped-contains	targeted	graph-id-in-literal-and-wrapped-contains	graph-routing-set	properties	200	fixture-kotlin-compiler-02	fixture-kotlin-compiler-02,fixture-kotlin-compiler-03	2	f1fbbdfc216b798281dff3d7ec29043bf8683f075ffe543077be5a013bd32241	success	11	6749	2381a85a5b438c2bf70fa3be382bc797869fcc97bf32160c293adfc9bc311b40	120336		fixture-kotlin-compiler-02,fixture-kotlin-compiler-03	cypher-graph-id-predicate	64	2	fixture-kotlin-compiler-02,fixture-kotlin-compiler-03	2	0	0	2	0	11	1	1	62	1	0
graph-id-in-parameter-wrapped-contains-k02-group-25-targeted	graph-id-set	graph-id-in-parameter-wrapped-contains	targeted	graph-id-in-parameter-and-wrapped-contains	parameters	properties	200	fixture-kotlin-compiler-02	fixture-kotlin-compiler-02,fixture-kotlin-compiler-03	2	f1fbbdfc216b798281dff3d7ec29043bf8683f075ffe543077be5a013bd32241	success	11	6749	2381a85a5b438c2bf70fa3be382bc797869fcc97bf32160c293adfc9bc311b40	158067		fixture-kotlin-compiler-02,fixture-kotlin-compiler-03	cypher-graph-id-predicate	64	2	fixture-kotlin-compiler-02,fixture-kotlin-compiler-03	2	0	0	2	0	11	1	1	62	1	0
request-selected-set-wrapped-contains-k02-group-25-targeted	graph-set-reference	request-selected-set-wrapped-contains	targeted	request-graph-set-selection-and-wrapped-contains	request-selected-source	properties	200	fixture-kotlin-compiler-02	fixture-kotlin-compiler-02,fixture-kotlin-compiler-03	2	f1fbbdfc216b798281dff3d7ec29043bf8683f075ffe543077be5a013bd32241	success	11	6749	2381a85a5b438c2bf70fa3be382bc797869fcc97bf32160c293adfc9bc311b40	109465		fixture-kotlin-compiler-02,fixture-kotlin-compiler-03	request-selected-source	2	2	fixture-kotlin-compiler-02,fixture-kotlin-compiler-03	2	0	0	2	0	11	0	0	0	1	0
graph-id-in-literal-wrapped-contains-k02-group-25-dense	graph-id-set	graph-id-in-literal-wrapped-contains	dense	graph-id-in-literal-and-wrapped-contains	graph-routing-set	properties	200	fixture-kotlin-compiler-02	fixture-kotlin-compiler-02,fixture-kotlin-compiler-03	2	f1fbbdfc216b798281dff3d7ec29043bf8683f075ffe543077be5a013bd32241	success	200	91564	fbf180fab82c32493738bb60bb29955d3f45810bb23806d614f71964200069bc	224801		fixture-kotlin-compiler-02	cypher-graph-id-predicate	64	1	fixture-kotlin-compiler-02	1	0	0	1	0	200	1	1	62	1	0
graph-id-in-parameter-wrapped-contains-k02-group-25-dense	graph-id-set	graph-id-in-parameter-wrapped-contains	dense	graph-id-in-parameter-and-wrapped-contains	parameters	properties	200	fixture-kotlin-compiler-02	fixture-kotlin-compiler-02,fixture-kotlin-compiler-03	2	f1fbbdfc216b798281dff3d7ec29043bf8683f075ffe543077be5a013bd32241	success	200	91564	fbf180fab82c32493738bb60bb29955d3f45810bb23806d614f71964200069bc	133170		fixture-kotlin-compiler-02	cypher-graph-id-predicate	64	1	fixture-kotlin-compiler-02	1	0	0	1	0	200	1	1	62	1	0
request-selected-set-wrapped-contains-k02-group-25-dense	graph-set-reference	request-selected-set-wrapped-contains	dense	request-graph-set-selection-and-wrapped-contains	request-selected-source	properties	200	fixture-kotlin-compiler-02	fixture-kotlin-compiler-02,fixture-kotlin-compiler-03	2	f1fbbdfc216b798281dff3d7ec29043bf8683f075ffe543077be5a013bd32241	success	200	91564	fbf180fab82c32493738bb60bb29955d3f45810bb23806d614f71964200069bc	131646		fixture-kotlin-compiler-02	request-selected-source	2	1	fixture-kotlin-compiler-02	1	0	0	1	0	200	0	0	0	1	0
graph-id-in-literal-wrapped-contains-k02-group-26-zero	graph-id-set	graph-id-in-literal-wrapped-contains	zero	graph-id-in-literal-and-wrapped-contains	graph-routing-set	properties	200	fixture-kotlin-compiler-04	fixture-kotlin-compiler-04,fixture-kotlin-compiler-05	2	6005c0bb3303f9c6835a728e243c23da436498b9fd73b3be82ee3853503dd674	success	0	147	805c8c7334c868e18e2be84be95b83cc60895722d739c2b164a68be4cd410c49	111739			cypher-graph-id-predicate	64	2	fixture-kotlin-compiler-04,fixture-kotlin-compiler-05	2	0	0	2	0	2	1	1	62	1	0
graph-id-in-parameter-wrapped-contains-k02-group-26-zero	graph-id-set	graph-id-in-parameter-wrapped-contains	zero	graph-id-in-parameter-and-wrapped-contains	parameters	properties	200	fixture-kotlin-compiler-04	fixture-kotlin-compiler-04,fixture-kotlin-compiler-05	2	6005c0bb3303f9c6835a728e243c23da436498b9fd73b3be82ee3853503dd674	success	0	147	805c8c7334c868e18e2be84be95b83cc60895722d739c2b164a68be4cd410c49	112982			cypher-graph-id-predicate	64	2	fixture-kotlin-compiler-04,fixture-kotlin-compiler-05	2	0	0	2	0	2	1	1	62	1	0
request-selected-set-wrapped-contains-k02-group-26-zero	graph-set-reference	request-selected-set-wrapped-contains	zero	request-graph-set-selection-and-wrapped-contains	request-selected-source	properties	200	fixture-kotlin-compiler-04	fixture-kotlin-compiler-04,fixture-kotlin-compiler-05	2	6005c0bb3303f9c6835a728e243c23da436498b9fd73b3be82ee3853503dd674	success	0	147	805c8c7334c868e18e2be84be95b83cc60895722d739c2b164a68be4cd410c49	110888			request-selected-source	2	2	fixture-kotlin-compiler-04,fixture-kotlin-compiler-05	2	0	0	2	0	2	0	0	0	1	0
graph-id-in-literal-wrapped-contains-k02-group-26-targeted	graph-id-set	graph-id-in-literal-wrapped-contains	targeted	graph-id-in-literal-and-wrapped-contains	graph-routing-set	properties	200	fixture-kotlin-compiler-04	fixture-kotlin-compiler-04,fixture-kotlin-compiler-05	2	6005c0bb3303f9c6835a728e243c23da436498b9fd73b3be82ee3853503dd674	success	1	792	6691abe0a1f608719107bf4ffc3fa52632123ab77cb7c2c3c6536cd32de533b1	119023		fixture-kotlin-compiler-04	cypher-graph-id-predicate	64	2	fixture-kotlin-compiler-04,fixture-kotlin-compiler-05	2	0	0	2	0	2	1	1	62	1	0
graph-id-in-parameter-wrapped-contains-k02-group-26-targeted	graph-id-set	graph-id-in-parameter-wrapped-contains	targeted	graph-id-in-parameter-and-wrapped-contains	parameters	properties	200	fixture-kotlin-compiler-04	fixture-kotlin-compiler-04,fixture-kotlin-compiler-05	2	6005c0bb3303f9c6835a728e243c23da436498b9fd73b3be82ee3853503dd674	success	1	792	6691abe0a1f608719107bf4ffc3fa52632123ab77cb7c2c3c6536cd32de533b1	109655		fixture-kotlin-compiler-04	cypher-graph-id-predicate	64	2	fixture-kotlin-compiler-04,fixture-kotlin-compiler-05	2	0	0	2	0	2	1	1	62	1	0
request-selected-set-wrapped-contains-k02-group-26-targeted	graph-set-reference	request-selected-set-wrapped-contains	targeted	request-graph-set-selection-and-wrapped-contains	request-selected-source	properties	200	fixture-kotlin-compiler-04	fixture-kotlin-compiler-04,fixture-kotlin-compiler-05	2	6005c0bb3303f9c6835a728e243c23da436498b9fd73b3be82ee3853503dd674	success	1	792	6691abe0a1f608719107bf4ffc3fa52632123ab77cb7c2c3c6536cd32de533b1	100408		fixture-kotlin-compiler-04	request-selected-source	2	2	fixture-kotlin-compiler-04,fixture-kotlin-compiler-05	2	0	0	2	0	2	0	0	0	1	0
graph-id-in-literal-wrapped-contains-k02-group-26-dense	graph-id-set	graph-id-in-literal-wrapped-contains	dense	graph-id-in-literal-and-wrapped-contains	graph-routing-set	properties	200	fixture-kotlin-compiler-04	fixture-kotlin-compiler-04,fixture-kotlin-compiler-05	2	6005c0bb3303f9c6835a728e243c23da436498b9fd73b3be82ee3853503dd674	success	200	96891	db4b9bfadbbb61a039e76484090eda57349ec9585a7c795f46793352fb739e7c	242094		fixture-kotlin-compiler-04	cypher-graph-id-predicate	64	1	fixture-kotlin-compiler-04	1	0	0	1	0	200	1	1	62	1	0
graph-id-in-parameter-wrapped-contains-k02-group-26-dense	graph-id-set	graph-id-in-parameter-wrapped-contains	dense	graph-id-in-parameter-and-wrapped-contains	parameters	properties	200	fixture-kotlin-compiler-04	fixture-kotlin-compiler-04,fixture-kotlin-compiler-05	2	6005c0bb3303f9c6835a728e243c23da436498b9fd73b3be82ee3853503dd674	success	200	96891	db4b9bfadbbb61a039e76484090eda57349ec9585a7c795f46793352fb739e7c	133790		fixture-kotlin-compiler-04	cypher-graph-id-predicate	64	1	fixture-kotlin-compiler-04	1	0	0	1	0	200	1	1	62	1	0
request-selected-set-wrapped-contains-k02-group-26-dense	graph-set-reference	request-selected-set-wrapped-contains	dense	request-graph-set-selection-and-wrapped-contains	request-selected-source	properties	200	fixture-kotlin-compiler-04	fixture-kotlin-compiler-04,fixture-kotlin-compiler-05	2	6005c0bb3303f9c6835a728e243c23da436498b9fd73b3be82ee3853503dd674	success	200	96891	db4b9bfadbbb61a039e76484090eda57349ec9585a7c795f46793352fb739e7c	116097		fixture-kotlin-compiler-04	request-selected-source	2	1	fixture-kotlin-compiler-04	1	0	0	1	0	200	0	0	0	1	0
graph-id-in-literal-wrapped-contains-k02-group-27-zero	graph-id-set	graph-id-in-literal-wrapped-contains	zero	graph-id-in-literal-and-wrapped-contains	graph-routing-set	properties	200	fixture-kotlin-compiler-06	fixture-kotlin-compiler-06,fixture-kotlin-compiler-07	2	2d145c224cad1d0a7643198ce0a477e3ade909c82d95bce66020ba683dccd83a	success	0	147	805c8c7334c868e18e2be84be95b83cc60895722d739c2b164a68be4cd410c49	108774			cypher-graph-id-predicate	64	2	fixture-kotlin-compiler-06,fixture-kotlin-compiler-07	2	0	0	2	0	2	1	1	62	1	0
graph-id-in-parameter-wrapped-contains-k02-group-27-zero	graph-id-set	graph-id-in-parameter-wrapped-contains	zero	graph-id-in-parameter-and-wrapped-contains	parameters	properties	200	fixture-kotlin-compiler-06	fixture-kotlin-compiler-06,fixture-kotlin-compiler-07	2	2d145c224cad1d0a7643198ce0a477e3ade909c82d95bce66020ba683dccd83a	success	0	147	805c8c7334c868e18e2be84be95b83cc60895722d739c2b164a68be4cd410c49	111589			cypher-graph-id-predicate	64	2	fixture-kotlin-compiler-06,fixture-kotlin-compiler-07	2	0	0	2	0	2	1	1	62	1	0
request-selected-set-wrapped-contains-k02-group-27-zero	graph-set-reference	request-selected-set-wrapped-contains	zero	request-graph-set-selection-and-wrapped-contains	request-selected-source	properties	200	fixture-kotlin-compiler-06	fixture-kotlin-compiler-06,fixture-kotlin-compiler-07	2	2d145c224cad1d0a7643198ce0a477e3ade909c82d95bce66020ba683dccd83a	success	0	147	805c8c7334c868e18e2be84be95b83cc60895722d739c2b164a68be4cd410c49	97843			request-selected-source	2	2	fixture-kotlin-compiler-06,fixture-kotlin-compiler-07	2	0	0	2	0	2	0	0	0	1	0
graph-id-in-literal-wrapped-contains-k02-group-27-targeted	graph-id-set	graph-id-in-literal-wrapped-contains	targeted	graph-id-in-literal-and-wrapped-contains	graph-routing-set	properties	200	fixture-kotlin-compiler-06	fixture-kotlin-compiler-06,fixture-kotlin-compiler-07	2	2d145c224cad1d0a7643198ce0a477e3ade909c82d95bce66020ba683dccd83a	success	3	1869	5157205e66d4cebff8b628175c555fdb333564013eabc5f496e37f9a4ad2b606	106851		fixture-kotlin-compiler-06	cypher-graph-id-predicate	64	2	fixture-kotlin-compiler-06,fixture-kotlin-compiler-07	2	0	0	2	0	4	1	1	62	1	0
graph-id-in-parameter-wrapped-contains-k02-group-27-targeted	graph-id-set	graph-id-in-parameter-wrapped-contains	targeted	graph-id-in-parameter-and-wrapped-contains	parameters	properties	200	fixture-kotlin-compiler-06	fixture-kotlin-compiler-06,fixture-kotlin-compiler-07	2	2d145c224cad1d0a7643198ce0a477e3ade909c82d95bce66020ba683dccd83a	success	3	1869	5157205e66d4cebff8b628175c555fdb333564013eabc5f496e37f9a4ad2b606	118432		fixture-kotlin-compiler-06	cypher-graph-id-predicate	64	2	fixture-kotlin-compiler-06,fixture-kotlin-compiler-07	2	0	0	2	0	4	1	1	62	1	0
request-selected-set-wrapped-contains-k02-group-27-targeted	graph-set-reference	request-selected-set-wrapped-contains	targeted	request-graph-set-selection-and-wrapped-contains	request-selected-source	properties	200	fixture-kotlin-compiler-06	fixture-kotlin-compiler-06,fixture-kotlin-compiler-07	2	2d145c224cad1d0a7643198ce0a477e3ade909c82d95bce66020ba683dccd83a	success	3	1869	5157205e66d4cebff8b628175c555fdb333564013eabc5f496e37f9a4ad2b606	97082		fixture-kotlin-compiler-06	request-selected-source	2	2	fixture-kotlin-compiler-06,fixture-kotlin-compiler-07	2	0	0	2	0	4	0	0	0	1	0
graph-id-in-literal-wrapped-contains-k02-group-27-dense	graph-id-set	graph-id-in-literal-wrapped-contains	dense	graph-id-in-literal-and-wrapped-contains	graph-routing-set	properties	200	fixture-kotlin-compiler-06	fixture-kotlin-compiler-06,fixture-kotlin-compiler-07	2	2d145c224cad1d0a7643198ce0a477e3ade909c82d95bce66020ba683dccd83a	success	200	92798	60b390f0b190e46f6fd1b4929641c7324c9142e0f18a85bc338e7b41ebe62db5	213580		fixture-kotlin-compiler-06	cypher-graph-id-predicate	64	1	fixture-kotlin-compiler-06	1	0	0	1	0	200	1	1	62	1	0
graph-id-in-parameter-wrapped-contains-k02-group-27-dense	graph-id-set	graph-id-in-parameter-wrapped-contains	dense	graph-id-in-parameter-and-wrapped-contains	parameters	properties	200	fixture-kotlin-compiler-06	fixture-kotlin-compiler-06,fixture-kotlin-compiler-07	2	2d145c224cad1d0a7643198ce0a477e3ade909c82d95bce66020ba683dccd83a	success	200	92798	60b390f0b190e46f6fd1b4929641c7324c9142e0f18a85bc338e7b41ebe62db5	124453		fixture-kotlin-compiler-06	cypher-graph-id-predicate	64	1	fixture-kotlin-compiler-06	1	0	0	1	0	200	1	1	62	1	0
request-selected-set-wrapped-contains-k02-group-27-dense	graph-set-reference	request-selected-set-wrapped-contains	dense	request-graph-set-selection-and-wrapped-contains	request-selected-source	properties	200	fixture-kotlin-compiler-06	fixture-kotlin-compiler-06,fixture-kotlin-compiler-07	2	2d145c224cad1d0a7643198ce0a477e3ade909c82d95bce66020ba683dccd83a	success	200	92798	60b390f0b190e46f6fd1b4929641c7324c9142e0f18a85bc338e7b41ebe62db5	115906		fixture-kotlin-compiler-06	request-selected-source	2	1	fixture-kotlin-compiler-06	1	0	0	1	0	200	0	0	0	1	0
graph-id-in-literal-wrapped-contains-k02-group-28-zero	graph-id-set	graph-id-in-literal-wrapped-contains	zero	graph-id-in-literal-and-wrapped-contains	graph-routing-set	properties	200	fixture-kotlin-compiler-08	fixture-kotlin-compiler-08,fixture-kotlin-compiler-09	2	bab3820ed800cc5e6b90eb1ad9b3a8d49e3293ed875112e3eea39aaed3805873	success	0	147	805c8c7334c868e18e2be84be95b83cc60895722d739c2b164a68be4cd410c49	106860			cypher-graph-id-predicate	64	2	fixture-kotlin-compiler-08,fixture-kotlin-compiler-09	2	0	0	2	0	2	1	1	62	1	0
graph-id-in-parameter-wrapped-contains-k02-group-28-zero	graph-id-set	graph-id-in-parameter-wrapped-contains	zero	graph-id-in-parameter-and-wrapped-contains	parameters	properties	200	fixture-kotlin-compiler-08	fixture-kotlin-compiler-08,fixture-kotlin-compiler-09	2	bab3820ed800cc5e6b90eb1ad9b3a8d49e3293ed875112e3eea39aaed3805873	success	0	147	805c8c7334c868e18e2be84be95b83cc60895722d739c2b164a68be4cd410c49	116357			cypher-graph-id-predicate	64	2	fixture-kotlin-compiler-08,fixture-kotlin-compiler-09	2	0	0	2	0	2	1	1	62	1	0
request-selected-set-wrapped-contains-k02-group-28-zero	graph-set-reference	request-selected-set-wrapped-contains	zero	request-graph-set-selection-and-wrapped-contains	request-selected-source	properties	200	fixture-kotlin-compiler-08	fixture-kotlin-compiler-08,fixture-kotlin-compiler-09	2	bab3820ed800cc5e6b90eb1ad9b3a8d49e3293ed875112e3eea39aaed3805873	success	0	147	805c8c7334c868e18e2be84be95b83cc60895722d739c2b164a68be4cd410c49	89707			request-selected-source	2	2	fixture-kotlin-compiler-08,fixture-kotlin-compiler-09	2	0	0	2	0	2	0	0	0	1	0
graph-id-in-literal-wrapped-contains-k02-group-28-targeted	graph-id-set	graph-id-in-literal-wrapped-contains	targeted	graph-id-in-literal-and-wrapped-contains	graph-routing-set	properties	200	fixture-kotlin-compiler-08	fixture-kotlin-compiler-08,fixture-kotlin-compiler-09	2	bab3820ed800cc5e6b90eb1ad9b3a8d49e3293ed875112e3eea39aaed3805873	success	1	802	7ebbe5301915ad5c39692b733c3f39851576d09270c89f830b9e80b342a866f6	104536		fixture-kotlin-compiler-08	cypher-graph-id-predicate	64	2	fixture-kotlin-compiler-08,fixture-kotlin-compiler-09	2	0	0	2	0	2	1	1	62	1	0
graph-id-in-parameter-wrapped-contains-k02-group-28-targeted	graph-id-set	graph-id-in-parameter-wrapped-contains	targeted	graph-id-in-parameter-and-wrapped-contains	parameters	properties	200	fixture-kotlin-compiler-08	fixture-kotlin-compiler-08,fixture-kotlin-compiler-09	2	bab3820ed800cc5e6b90eb1ad9b3a8d49e3293ed875112e3eea39aaed3805873	success	1	802	7ebbe5301915ad5c39692b733c3f39851576d09270c89f830b9e80b342a866f6	112972		fixture-kotlin-compiler-08	cypher-graph-id-predicate	64	2	fixture-kotlin-compiler-08,fixture-kotlin-compiler-09	2	0	0	2	0	2	1	1	62	1	0
request-selected-set-wrapped-contains-k02-group-28-targeted	graph-set-reference	request-selected-set-wrapped-contains	targeted	request-graph-set-selection-and-wrapped-contains	request-selected-source	properties	200	fixture-kotlin-compiler-08	fixture-kotlin-compiler-08,fixture-kotlin-compiler-09	2	bab3820ed800cc5e6b90eb1ad9b3a8d49e3293ed875112e3eea39aaed3805873	success	1	802	7ebbe5301915ad5c39692b733c3f39851576d09270c89f830b9e80b342a866f6	110277		fixture-kotlin-compiler-08	request-selected-source	2	2	fixture-kotlin-compiler-08,fixture-kotlin-compiler-09	2	0	0	2	0	2	0	0	0	1	0
graph-id-in-literal-wrapped-contains-k02-group-28-dense	graph-id-set	graph-id-in-literal-wrapped-contains	dense	graph-id-in-literal-and-wrapped-contains	graph-routing-set	properties	200	fixture-kotlin-compiler-08	fixture-kotlin-compiler-08,fixture-kotlin-compiler-09	2	bab3820ed800cc5e6b90eb1ad9b3a8d49e3293ed875112e3eea39aaed3805873	success	200	93704	b778fc4edfb3c1031b90b2d3d121fd31958733afdc68d3f1cde538a17b738328	165250		fixture-kotlin-compiler-08	cypher-graph-id-predicate	64	1	fixture-kotlin-compiler-08	1	0	0	1	0	200	1	1	62	1	0
graph-id-in-parameter-wrapped-contains-k02-group-28-dense	graph-id-set	graph-id-in-parameter-wrapped-contains	dense	graph-id-in-parameter-and-wrapped-contains	parameters	properties	200	fixture-kotlin-compiler-08	fixture-kotlin-compiler-08,fixture-kotlin-compiler-09	2	bab3820ed800cc5e6b90eb1ad9b3a8d49e3293ed875112e3eea39aaed3805873	success	200	93704	b778fc4edfb3c1031b90b2d3d121fd31958733afdc68d3f1cde538a17b738328	93475		fixture-kotlin-compiler-08	cypher-graph-id-predicate	64	1	fixture-kotlin-compiler-08	1	0	0	1	0	200	1	1	62	1	0
request-selected-set-wrapped-contains-k02-group-28-dense	graph-set-reference	request-selected-set-wrapped-contains	dense	request-graph-set-selection-and-wrapped-contains	request-selected-source	properties	200	fixture-kotlin-compiler-08	fixture-kotlin-compiler-08,fixture-kotlin-compiler-09	2	bab3820ed800cc5e6b90eb1ad9b3a8d49e3293ed875112e3eea39aaed3805873	success	200	93704	b778fc4edfb3c1031b90b2d3d121fd31958733afdc68d3f1cde538a17b738328	94076		fixture-kotlin-compiler-08	request-selected-source	2	1	fixture-kotlin-compiler-08	1	0	0	1	0	200	0	0	0	1	0
graph-id-in-literal-wrapped-contains-k02-group-29-zero	graph-id-set	graph-id-in-literal-wrapped-contains	zero	graph-id-in-literal-and-wrapped-contains	graph-routing-set	properties	200	fixture-kotlin-compiler-10	fixture-kotlin-compiler-10,fixture-kotlin-compiler-11	2	20341b7b9938ddb55fbb28df934295ce73aa657110196eceeb02f06a2d7ad4f1	success	0	147	805c8c7334c868e18e2be84be95b83cc60895722d739c2b164a68be4cd410c49	74760			cypher-graph-id-predicate	64	2	fixture-kotlin-compiler-10,fixture-kotlin-compiler-11	2	0	0	2	0	2	1	1	62	1	0
graph-id-in-parameter-wrapped-contains-k02-group-29-zero	graph-id-set	graph-id-in-parameter-wrapped-contains	zero	graph-id-in-parameter-and-wrapped-contains	parameters	properties	200	fixture-kotlin-compiler-10	fixture-kotlin-compiler-10,fixture-kotlin-compiler-11	2	20341b7b9938ddb55fbb28df934295ce73aa657110196eceeb02f06a2d7ad4f1	success	0	147	805c8c7334c868e18e2be84be95b83cc60895722d739c2b164a68be4cd410c49	78838			cypher-graph-id-predicate	64	2	fixture-kotlin-compiler-10,fixture-kotlin-compiler-11	2	0	0	2	0	2	1	1	62	1	0
request-selected-set-wrapped-contains-k02-group-29-zero	graph-set-reference	request-selected-set-wrapped-contains	zero	request-graph-set-selection-and-wrapped-contains	request-selected-source	properties	200	fixture-kotlin-compiler-10	fixture-kotlin-compiler-10,fixture-kotlin-compiler-11	2	20341b7b9938ddb55fbb28df934295ce73aa657110196eceeb02f06a2d7ad4f1	success	0	147	805c8c7334c868e18e2be84be95b83cc60895722d739c2b164a68be4cd410c49	69660			request-selected-source	2	2	fixture-kotlin-compiler-10,fixture-kotlin-compiler-11	2	0	0	2	0	2	0	0	0	1	0
graph-id-in-literal-wrapped-contains-k02-group-29-targeted	graph-id-set	graph-id-in-literal-wrapped-contains	targeted	graph-id-in-literal-and-wrapped-contains	graph-routing-set	properties	200	fixture-kotlin-compiler-10	fixture-kotlin-compiler-10,fixture-kotlin-compiler-11	2	20341b7b9938ddb55fbb28df934295ce73aa657110196eceeb02f06a2d7ad4f1	success	12	7029	1df616dc12f8aa99df8ef1921ad6c878afdd2d37362d488527ffbb7ddbe7f6e3	88014		fixture-kotlin-compiler-10	cypher-graph-id-predicate	64	2	fixture-kotlin-compiler-10,fixture-kotlin-compiler-11	2	0	0	2	0	13	1	1	62	1	0
graph-id-in-parameter-wrapped-contains-k02-group-29-targeted	graph-id-set	graph-id-in-parameter-wrapped-contains	targeted	graph-id-in-parameter-and-wrapped-contains	parameters	properties	200	fixture-kotlin-compiler-10	fixture-kotlin-compiler-10,fixture-kotlin-compiler-11	2	20341b7b9938ddb55fbb28df934295ce73aa657110196eceeb02f06a2d7ad4f1	success	12	7029	1df616dc12f8aa99df8ef1921ad6c878afdd2d37362d488527ffbb7ddbe7f6e3	115537		fixture-kotlin-compiler-10	cypher-graph-id-predicate	64	2	fixture-kotlin-compiler-10,fixture-kotlin-compiler-11	2	0	0	2	0	13	1	1	62	1	0
request-selected-set-wrapped-contains-k02-group-29-targeted	graph-set-reference	request-selected-set-wrapped-contains	targeted	request-graph-set-selection-and-wrapped-contains	request-selected-source	properties	200	fixture-kotlin-compiler-10	fixture-kotlin-compiler-10,fixture-kotlin-compiler-11	2	20341b7b9938ddb55fbb28df934295ce73aa657110196eceeb02f06a2d7ad4f1	success	12	7029	1df616dc12f8aa99df8ef1921ad6c878afdd2d37362d488527ffbb7ddbe7f6e3	75862		fixture-kotlin-compiler-10	request-selected-source	2	2	fixture-kotlin-compiler-10,fixture-kotlin-compiler-11	2	0	0	2	0	13	0	0	0	1	0
graph-id-in-literal-wrapped-contains-k02-group-29-dense	graph-id-set	graph-id-in-literal-wrapped-contains	dense	graph-id-in-literal-and-wrapped-contains	graph-routing-set	properties	200	fixture-kotlin-compiler-10	fixture-kotlin-compiler-10,fixture-kotlin-compiler-11	2	20341b7b9938ddb55fbb28df934295ce73aa657110196eceeb02f06a2d7ad4f1	success	200	94948	3f3fd3df372307937afdfd0915ce035266497833c5712760faf456eece659c97	153768		fixture-kotlin-compiler-10	cypher-graph-id-predicate	64	1	fixture-kotlin-compiler-10	1	0	0	1	0	200	1	1	62	1	0
graph-id-in-parameter-wrapped-contains-k02-group-29-dense	graph-id-set	graph-id-in-parameter-wrapped-contains	dense	graph-id-in-parameter-and-wrapped-contains	parameters	properties	200	fixture-kotlin-compiler-10	fixture-kotlin-compiler-10,fixture-kotlin-compiler-11	2	20341b7b9938ddb55fbb28df934295ce73aa657110196eceeb02f06a2d7ad4f1	success	200	94948	3f3fd3df372307937afdfd0915ce035266497833c5712760faf456eece659c97	94036		fixture-kotlin-compiler-10	cypher-graph-id-predicate	64	1	fixture-kotlin-compiler-10	1	0	0	1	0	200	1	1	62	1	0
request-selected-set-wrapped-contains-k02-group-29-dense	graph-set-reference	request-selected-set-wrapped-contains	dense	request-graph-set-selection-and-wrapped-contains	request-selected-source	properties	200	fixture-kotlin-compiler-10	fixture-kotlin-compiler-10,fixture-kotlin-compiler-11	2	20341b7b9938ddb55fbb28df934295ce73aa657110196eceeb02f06a2d7ad4f1	success	200	94948	3f3fd3df372307937afdfd0915ce035266497833c5712760faf456eece659c97	88545		fixture-kotlin-compiler-10	request-selected-source	2	1	fixture-kotlin-compiler-10	1	0	0	1	0	200	0	0	0	1	0
graph-id-in-literal-wrapped-contains-k02-group-30-zero	graph-id-set	graph-id-in-literal-wrapped-contains	zero	graph-id-in-literal-and-wrapped-contains	graph-routing-set	properties	200	fixture-kotlin-compiler-12	fixture-kotlin-compiler-12,fixture-kotlin-compiler-13	2	b389935714dfde3a641840786b7e9d99d650f759bbcbd2d6d3c9cb7de6772b8e	success	0	147	805c8c7334c868e18e2be84be95b83cc60895722d739c2b164a68be4cd410c49	125074			cypher-graph-id-predicate	64	2	fixture-kotlin-compiler-12,fixture-kotlin-compiler-13	2	0	0	2	0	2	1	1	62	1	0
graph-id-in-parameter-wrapped-contains-k02-group-30-zero	graph-id-set	graph-id-in-parameter-wrapped-contains	zero	graph-id-in-parameter-and-wrapped-contains	parameters	properties	200	fixture-kotlin-compiler-12	fixture-kotlin-compiler-12,fixture-kotlin-compiler-13	2	b389935714dfde3a641840786b7e9d99d650f759bbcbd2d6d3c9cb7de6772b8e	success	0	147	805c8c7334c868e18e2be84be95b83cc60895722d739c2b164a68be4cd410c49	112952			cypher-graph-id-predicate	64	2	fixture-kotlin-compiler-12,fixture-kotlin-compiler-13	2	0	0	2	0	2	1	1	62	1	0
request-selected-set-wrapped-contains-k02-group-30-zero	graph-set-reference	request-selected-set-wrapped-contains	zero	request-graph-set-selection-and-wrapped-contains	request-selected-source	properties	200	fixture-kotlin-compiler-12	fixture-kotlin-compiler-12,fixture-kotlin-compiler-13	2	b389935714dfde3a641840786b7e9d99d650f759bbcbd2d6d3c9cb7de6772b8e	success	0	147	805c8c7334c868e18e2be84be95b83cc60895722d739c2b164a68be4cd410c49	97763			request-selected-source	2	2	fixture-kotlin-compiler-12,fixture-kotlin-compiler-13	2	0	0	2	0	2	0	0	0	1	0
graph-id-in-literal-wrapped-contains-k02-group-30-targeted	graph-id-set	graph-id-in-literal-wrapped-contains	targeted	graph-id-in-literal-and-wrapped-contains	graph-routing-set	properties	200	fixture-kotlin-compiler-12	fixture-kotlin-compiler-12,fixture-kotlin-compiler-13	2	b389935714dfde3a641840786b7e9d99d650f759bbcbd2d6d3c9cb7de6772b8e	success	13	7599	88379c6b80e2b23974c6b6a1e2c6fc3f3680ec705c71b7cecbc9a2228bf7fa26	118362		fixture-kotlin-compiler-12	cypher-graph-id-predicate	64	2	fixture-kotlin-compiler-12,fixture-kotlin-compiler-13	2	0	0	2	0	14	1	1	62	1	0
graph-id-in-parameter-wrapped-contains-k02-group-30-targeted	graph-id-set	graph-id-in-parameter-wrapped-contains	targeted	graph-id-in-parameter-and-wrapped-contains	parameters	properties	200	fixture-kotlin-compiler-12	fixture-kotlin-compiler-12,fixture-kotlin-compiler-13	2	b389935714dfde3a641840786b7e9d99d650f759bbcbd2d6d3c9cb7de6772b8e	success	13	7599	88379c6b80e2b23974c6b6a1e2c6fc3f3680ec705c71b7cecbc9a2228bf7fa26	142687		fixture-kotlin-compiler-12	cypher-graph-id-predicate	64	2	fixture-kotlin-compiler-12,fixture-kotlin-compiler-13	2	0	0	2	0	14	1	1	62	1	0
request-selected-set-wrapped-contains-k02-group-30-targeted	graph-set-reference	request-selected-set-wrapped-contains	targeted	request-graph-set-selection-and-wrapped-contains	request-selected-source	properties	200	fixture-kotlin-compiler-12	fixture-kotlin-compiler-12,fixture-kotlin-compiler-13	2	b389935714dfde3a641840786b7e9d99d650f759bbcbd2d6d3c9cb7de6772b8e	success	13	7599	88379c6b80e2b23974c6b6a1e2c6fc3f3680ec705c71b7cecbc9a2228bf7fa26	100368		fixture-kotlin-compiler-12	request-selected-source	2	2	fixture-kotlin-compiler-12,fixture-kotlin-compiler-13	2	0	0	2	0	14	0	0	0	1	0
graph-id-in-literal-wrapped-contains-k02-group-30-dense	graph-id-set	graph-id-in-literal-wrapped-contains	dense	graph-id-in-literal-and-wrapped-contains	graph-routing-set	properties	200	fixture-kotlin-compiler-12	fixture-kotlin-compiler-12,fixture-kotlin-compiler-13	2	b389935714dfde3a641840786b7e9d99d650f759bbcbd2d6d3c9cb7de6772b8e	success	200	94040	5d662b90e716477fff887768402c85462026d6042e22f1d7fafdb565b9f9efc8	184215		fixture-kotlin-compiler-12	cypher-graph-id-predicate	64	1	fixture-kotlin-compiler-12	1	0	0	1	0	200	1	1	62	1	0
graph-id-in-parameter-wrapped-contains-k02-group-30-dense	graph-id-set	graph-id-in-parameter-wrapped-contains	dense	graph-id-in-parameter-and-wrapped-contains	parameters	properties	200	fixture-kotlin-compiler-12	fixture-kotlin-compiler-12,fixture-kotlin-compiler-13	2	b389935714dfde3a641840786b7e9d99d650f759bbcbd2d6d3c9cb7de6772b8e	success	200	94040	5d662b90e716477fff887768402c85462026d6042e22f1d7fafdb565b9f9efc8	92733		fixture-kotlin-compiler-12	cypher-graph-id-predicate	64	1	fixture-kotlin-compiler-12	1	0	0	1	0	200	1	1	62	1	0
request-selected-set-wrapped-contains-k02-group-30-dense	graph-set-reference	request-selected-set-wrapped-contains	dense	request-graph-set-selection-and-wrapped-contains	request-selected-source	properties	200	fixture-kotlin-compiler-12	fixture-kotlin-compiler-12,fixture-kotlin-compiler-13	2	b389935714dfde3a641840786b7e9d99d650f759bbcbd2d6d3c9cb7de6772b8e	success	200	94040	5d662b90e716477fff887768402c85462026d6042e22f1d7fafdb565b9f9efc8	89648		fixture-kotlin-compiler-12	request-selected-source	2	1	fixture-kotlin-compiler-12	1	0	0	1	0	200	0	0	0	1	0
graph-id-in-literal-wrapped-contains-k02-group-31-zero	graph-id-set	graph-id-in-literal-wrapped-contains	zero	graph-id-in-literal-and-wrapped-contains	graph-routing-set	properties	200	fixture-kotlin-compiler-14	fixture-kotlin-compiler-14,fixture-kotlin-compiler-15	2	a6b35e4854d4df9691d25961b5ef3b872fce047e43f6d0e6b70ecd7de191d4de	success	0	147	805c8c7334c868e18e2be84be95b83cc60895722d739c2b164a68be4cd410c49	108944			cypher-graph-id-predicate	64	2	fixture-kotlin-compiler-14,fixture-kotlin-compiler-15	2	0	0	2	0	2	1	1	62	1	0
graph-id-in-parameter-wrapped-contains-k02-group-31-zero	graph-id-set	graph-id-in-parameter-wrapped-contains	zero	graph-id-in-parameter-and-wrapped-contains	parameters	properties	200	fixture-kotlin-compiler-14	fixture-kotlin-compiler-14,fixture-kotlin-compiler-15	2	a6b35e4854d4df9691d25961b5ef3b872fce047e43f6d0e6b70ecd7de191d4de	success	0	147	805c8c7334c868e18e2be84be95b83cc60895722d739c2b164a68be4cd410c49	80701			cypher-graph-id-predicate	64	2	fixture-kotlin-compiler-14,fixture-kotlin-compiler-15	2	0	0	2	0	2	1	1	62	1	0
request-selected-set-wrapped-contains-k02-group-31-zero	graph-set-reference	request-selected-set-wrapped-contains	zero	request-graph-set-selection-and-wrapped-contains	request-selected-source	properties	200	fixture-kotlin-compiler-14	fixture-kotlin-compiler-14,fixture-kotlin-compiler-15	2	a6b35e4854d4df9691d25961b5ef3b872fce047e43f6d0e6b70ecd7de191d4de	success	0	147	805c8c7334c868e18e2be84be95b83cc60895722d739c2b164a68be4cd410c49	78367			request-selected-source	2	2	fixture-kotlin-compiler-14,fixture-kotlin-compiler-15	2	0	0	2	0	2	0	0	0	1	0
graph-id-in-literal-wrapped-contains-k02-group-31-targeted	graph-id-set	graph-id-in-literal-wrapped-contains	targeted	graph-id-in-literal-and-wrapped-contains	graph-routing-set	properties	200	fixture-kotlin-compiler-14	fixture-kotlin-compiler-14,fixture-kotlin-compiler-15	2	a6b35e4854d4df9691d25961b5ef3b872fce047e43f6d0e6b70ecd7de191d4de	success	1	877	f04b3035acb1285487cb68f126c796fd316b35c6ce630f1e71efd88436bf28f2	98314		fixture-kotlin-compiler-14	cypher-graph-id-predicate	64	2	fixture-kotlin-compiler-14,fixture-kotlin-compiler-15	2	0	0	2	0	2	1	1	62	1	0
graph-id-in-parameter-wrapped-contains-k02-group-31-targeted	graph-id-set	graph-id-in-parameter-wrapped-contains	targeted	graph-id-in-parameter-and-wrapped-contains	parameters	properties	200	fixture-kotlin-compiler-14	fixture-kotlin-compiler-14,fixture-kotlin-compiler-15	2	a6b35e4854d4df9691d25961b5ef3b872fce047e43f6d0e6b70ecd7de191d4de	success	1	877	f04b3035acb1285487cb68f126c796fd316b35c6ce630f1e71efd88436bf28f2	80781		fixture-kotlin-compiler-14	cypher-graph-id-predicate	64	2	fixture-kotlin-compiler-14,fixture-kotlin-compiler-15	2	0	0	2	0	2	1	1	62	1	0
request-selected-set-wrapped-contains-k02-group-31-targeted	graph-set-reference	request-selected-set-wrapped-contains	targeted	request-graph-set-selection-and-wrapped-contains	request-selected-source	properties	200	fixture-kotlin-compiler-14	fixture-kotlin-compiler-14,fixture-kotlin-compiler-15	2	a6b35e4854d4df9691d25961b5ef3b872fce047e43f6d0e6b70ecd7de191d4de	success	1	877	f04b3035acb1285487cb68f126c796fd316b35c6ce630f1e71efd88436bf28f2	84789		fixture-kotlin-compiler-14	request-selected-source	2	2	fixture-kotlin-compiler-14,fixture-kotlin-compiler-15	2	0	0	2	0	2	0	0	0	1	0
graph-id-in-literal-wrapped-contains-k02-group-31-dense	graph-id-set	graph-id-in-literal-wrapped-contains	dense	graph-id-in-literal-and-wrapped-contains	graph-routing-set	properties	200	fixture-kotlin-compiler-14	fixture-kotlin-compiler-14,fixture-kotlin-compiler-15	2	a6b35e4854d4df9691d25961b5ef3b872fce047e43f6d0e6b70ecd7de191d4de	success	200	97449	f19574ac46a01dafc16136d9e8c4835b8d40c72753078eb8a67a1d7d438dd937	221494		fixture-kotlin-compiler-14	cypher-graph-id-predicate	64	1	fixture-kotlin-compiler-14	1	0	0	1	0	200	1	1	62	1	0
graph-id-in-parameter-wrapped-contains-k02-group-31-dense	graph-id-set	graph-id-in-parameter-wrapped-contains	dense	graph-id-in-parameter-and-wrapped-contains	parameters	properties	200	fixture-kotlin-compiler-14	fixture-kotlin-compiler-14,fixture-kotlin-compiler-15	2	a6b35e4854d4df9691d25961b5ef3b872fce047e43f6d0e6b70ecd7de191d4de	success	200	97449	f19574ac46a01dafc16136d9e8c4835b8d40c72753078eb8a67a1d7d438dd937	96681		fixture-kotlin-compiler-14	cypher-graph-id-predicate	64	1	fixture-kotlin-compiler-14	1	0	0	1	0	200	1	1	62	1	0
request-selected-set-wrapped-contains-k02-group-31-dense	graph-set-reference	request-selected-set-wrapped-contains	dense	request-graph-set-selection-and-wrapped-contains	request-selected-source	properties	200	fixture-kotlin-compiler-14	fixture-kotlin-compiler-14,fixture-kotlin-compiler-15	2	a6b35e4854d4df9691d25961b5ef3b872fce047e43f6d0e6b70ecd7de191d4de	success	200	97449	f19574ac46a01dafc16136d9e8c4835b8d40c72753078eb8a67a1d7d438dd937	86411		fixture-kotlin-compiler-14	request-selected-source	2	1	fixture-kotlin-compiler-14	1	0	0	1	0	200	0	0	0	1	0
graph-id-in-literal-wrapped-contains-k08-group-00-zero	graph-id-set	graph-id-in-literal-wrapped-contains	zero	graph-id-in-literal-and-wrapped-contains	graph-routing-set	properties	200	fixture-android-00	fixture-android-00,fixture-android-01,fixture-android-02,fixture-android-03,fixture-android-04,fixture-android-05,fixture-android-06,fixture-android-07	8	dbb4c7670cb50175e1ed9aecd02894c9b46357a21973cc2bfb55c04754222a47	success	0	147	805c8c7334c868e18e2be84be95b83cc60895722d739c2b164a68be4cd410c49	155691			cypher-graph-id-predicate	64	8	fixture-android-00,fixture-android-01,fixture-android-02,fixture-android-03,fixture-android-04,fixture-android-05,fixture-android-06,fixture-android-07	8	0	0	8	0	8	1	1	56	1	0
graph-id-in-parameter-wrapped-contains-k08-group-00-zero	graph-id-set	graph-id-in-parameter-wrapped-contains	zero	graph-id-in-parameter-and-wrapped-contains	parameters	properties	200	fixture-android-00	fixture-android-00,fixture-android-01,fixture-android-02,fixture-android-03,fixture-android-04,fixture-android-05,fixture-android-06,fixture-android-07	8	dbb4c7670cb50175e1ed9aecd02894c9b46357a21973cc2bfb55c04754222a47	success	0	147	805c8c7334c868e18e2be84be95b83cc60895722d739c2b164a68be4cd410c49	102132			cypher-graph-id-predicate	64	8	fixture-android-00,fixture-android-01,fixture-android-02,fixture-android-03,fixture-android-04,fixture-android-05,fixture-android-06,fixture-android-07	8	0	0	8	0	8	1	1	56	1	0
request-selected-set-wrapped-contains-k08-group-00-zero	graph-set-reference	request-selected-set-wrapped-contains	zero	request-graph-set-selection-and-wrapped-contains	request-selected-source	properties	200	fixture-android-00	fixture-android-00,fixture-android-01,fixture-android-02,fixture-android-03,fixture-android-04,fixture-android-05,fixture-android-06,fixture-android-07	8	dbb4c7670cb50175e1ed9aecd02894c9b46357a21973cc2bfb55c04754222a47	success	0	147	805c8c7334c868e18e2be84be95b83cc60895722d739c2b164a68be4cd410c49	128099			request-selected-source	8	8	fixture-android-00,fixture-android-01,fixture-android-02,fixture-android-03,fixture-android-04,fixture-android-05,fixture-android-06,fixture-android-07	8	0	0	8	0	8	0	0	0	1	0
graph-id-in-literal-wrapped-contains-k08-group-00-targeted	graph-id-set	graph-id-in-literal-wrapped-contains	targeted	graph-id-in-literal-and-wrapped-contains	graph-routing-set	properties	200	fixture-android-00	fixture-android-00,fixture-android-01,fixture-android-02,fixture-android-03,fixture-android-04,fixture-android-05,fixture-android-06,fixture-android-07	8	dbb4c7670cb50175e1ed9aecd02894c9b46357a21973cc2bfb55c04754222a47	success	10	5730	00c81103244dc6d42abdc3894d771e5a24957dcf7e5ad4d8dc686b1d7e0cb89e	158176		fixture-android-00	cypher-graph-id-predicate	64	8	fixture-android-00,fixture-android-01,fixture-android-02,fixture-android-03,fixture-android-04,fixture-android-05,fixture-android-06,fixture-android-07	8	0	0	8	0	17	1	1	56	1	0
graph-id-in-parameter-wrapped-contains-k08-group-00-targeted	graph-id-set	graph-id-in-parameter-wrapped-contains	targeted	graph-id-in-parameter-and-wrapped-contains	parameters	properties	200	fixture-android-00	fixture-android-00,fixture-android-01,fixture-android-02,fixture-android-03,fixture-android-04,fixture-android-05,fixture-android-06,fixture-android-07	8	dbb4c7670cb50175e1ed9aecd02894c9b46357a21973cc2bfb55c04754222a47	success	10	5730	00c81103244dc6d42abdc3894d771e5a24957dcf7e5ad4d8dc686b1d7e0cb89e	98745		fixture-android-00	cypher-graph-id-predicate	64	8	fixture-android-00,fixture-android-01,fixture-android-02,fixture-android-03,fixture-android-04,fixture-android-05,fixture-android-06,fixture-android-07	8	0	0	8	0	17	1	1	56	1	0
request-selected-set-wrapped-contains-k08-group-00-targeted	graph-set-reference	request-selected-set-wrapped-contains	targeted	request-graph-set-selection-and-wrapped-contains	request-selected-source	properties	200	fixture-android-00	fixture-android-00,fixture-android-01,fixture-android-02,fixture-android-03,fixture-android-04,fixture-android-05,fixture-android-06,fixture-android-07	8	dbb4c7670cb50175e1ed9aecd02894c9b46357a21973cc2bfb55c04754222a47	success	10	5730	00c81103244dc6d42abdc3894d771e5a24957dcf7e5ad4d8dc686b1d7e0cb89e	94507		fixture-android-00	request-selected-source	8	8	fixture-android-00,fixture-android-01,fixture-android-02,fixture-android-03,fixture-android-04,fixture-android-05,fixture-android-06,fixture-android-07	8	0	0	8	0	17	0	0	0	1	0
graph-id-in-literal-wrapped-contains-k08-group-00-dense	graph-id-set	graph-id-in-literal-wrapped-contains	dense	graph-id-in-literal-and-wrapped-contains	graph-routing-set	properties	200	fixture-android-00	fixture-android-00,fixture-android-01,fixture-android-02,fixture-android-03,fixture-android-04,fixture-android-05,fixture-android-06,fixture-android-07	8	dbb4c7670cb50175e1ed9aecd02894c9b46357a21973cc2bfb55c04754222a47	success	200	84411	3bdee68309e62bee93f47848258ded90b1763d55841fa57d8b8fd21867653c44	155090		fixture-android-00	cypher-graph-id-predicate	64	1	fixture-android-00	1	0	0	1	0	200	1	1	56	1	0
graph-id-in-parameter-wrapped-contains-k08-group-00-dense	graph-id-set	graph-id-in-parameter-wrapped-contains	dense	graph-id-in-parameter-and-wrapped-contains	parameters	properties	200	fixture-android-00	fixture-android-00,fixture-android-01,fixture-android-02,fixture-android-03,fixture-android-04,fixture-android-05,fixture-android-06,fixture-android-07	8	dbb4c7670cb50175e1ed9aecd02894c9b46357a21973cc2bfb55c04754222a47	success	200	84411	3bdee68309e62bee93f47848258ded90b1763d55841fa57d8b8fd21867653c44	120245		fixture-android-00	cypher-graph-id-predicate	64	1	fixture-android-00	1	0	0	1	0	200	1	1	56	1	0
request-selected-set-wrapped-contains-k08-group-00-dense	graph-set-reference	request-selected-set-wrapped-contains	dense	request-graph-set-selection-and-wrapped-contains	request-selected-source	properties	200	fixture-android-00	fixture-android-00,fixture-android-01,fixture-android-02,fixture-android-03,fixture-android-04,fixture-android-05,fixture-android-06,fixture-android-07	8	dbb4c7670cb50175e1ed9aecd02894c9b46357a21973cc2bfb55c04754222a47	success	200	84411	3bdee68309e62bee93f47848258ded90b1763d55841fa57d8b8fd21867653c44	111328		fixture-android-00	request-selected-source	8	1	fixture-android-00	1	0	0	1	0	200	0	0	0	1	0
graph-id-in-literal-wrapped-contains-k08-group-01-zero	graph-id-set	graph-id-in-literal-wrapped-contains	zero	graph-id-in-literal-and-wrapped-contains	graph-routing-set	properties	200	fixture-android-08	fixture-android-08,fixture-android-09,fixture-android-10,fixture-android-11,fixture-android-12,fixture-android-13,fixture-android-14,fixture-android-15	8	4e8edbc5e09d25d8440c7dafb09ee365bd5069d78d874ddbf91e893197558fb0	success	0	147	805c8c7334c868e18e2be84be95b83cc60895722d739c2b164a68be4cd410c49	143429			cypher-graph-id-predicate	64	8	fixture-android-08,fixture-android-09,fixture-android-10,fixture-android-11,fixture-android-12,fixture-android-13,fixture-android-14,fixture-android-15	8	0	0	8	0	8	1	1	56	1	0
graph-id-in-parameter-wrapped-contains-k08-group-01-zero	graph-id-set	graph-id-in-parameter-wrapped-contains	zero	graph-id-in-parameter-and-wrapped-contains	parameters	properties	200	fixture-android-08	fixture-android-08,fixture-android-09,fixture-android-10,fixture-android-11,fixture-android-12,fixture-android-13,fixture-android-14,fixture-android-15	8	4e8edbc5e09d25d8440c7dafb09ee365bd5069d78d874ddbf91e893197558fb0	success	0	147	805c8c7334c868e18e2be84be95b83cc60895722d739c2b164a68be4cd410c49	113292			cypher-graph-id-predicate	64	8	fixture-android-08,fixture-android-09,fixture-android-10,fixture-android-11,fixture-android-12,fixture-android-13,fixture-android-14,fixture-android-15	8	0	0	8	0	8	1	1	56	1	0
request-selected-set-wrapped-contains-k08-group-01-zero	graph-set-reference	request-selected-set-wrapped-contains	zero	request-graph-set-selection-and-wrapped-contains	request-selected-source	properties	200	fixture-android-08	fixture-android-08,fixture-android-09,fixture-android-10,fixture-android-11,fixture-android-12,fixture-android-13,fixture-android-14,fixture-android-15	8	4e8edbc5e09d25d8440c7dafb09ee365bd5069d78d874ddbf91e893197558fb0	success	0	147	805c8c7334c868e18e2be84be95b83cc60895722d739c2b164a68be4cd410c49	107732			request-selected-source	8	8	fixture-android-08,fixture-android-09,fixture-android-10,fixture-android-11,fixture-android-12,fixture-android-13,fixture-android-14,fixture-android-15	8	0	0	8	0	8	0	0	0	1	0
graph-id-in-literal-wrapped-contains-k08-group-01-targeted	graph-id-set	graph-id-in-literal-wrapped-contains	targeted	graph-id-in-literal-and-wrapped-contains	graph-routing-set	properties	200	fixture-android-08	fixture-android-08,fixture-android-09,fixture-android-10,fixture-android-11,fixture-android-12,fixture-android-13,fixture-android-14,fixture-android-15	8	4e8edbc5e09d25d8440c7dafb09ee365bd5069d78d874ddbf91e893197558fb0	success	2	1322	4b49b28d836e57c2c3f8d43a93acd00a93b169fcd603338f9ab350f541e9665c	115276		fixture-android-08	cypher-graph-id-predicate	64	8	fixture-android-08,fixture-android-09,fixture-android-10,fixture-android-11,fixture-android-12,fixture-android-13,fixture-android-14,fixture-android-15	8	0	0	8	0	9	1	1	56	1	0
graph-id-in-parameter-wrapped-contains-k08-group-01-targeted	graph-id-set	graph-id-in-parameter-wrapped-contains	targeted	graph-id-in-parameter-and-wrapped-contains	parameters	properties	200	fixture-android-08	fixture-android-08,fixture-android-09,fixture-android-10,fixture-android-11,fixture-android-12,fixture-android-13,fixture-android-14,fixture-android-15	8	4e8edbc5e09d25d8440c7dafb09ee365bd5069d78d874ddbf91e893197558fb0	success	2	1322	4b49b28d836e57c2c3f8d43a93acd00a93b169fcd603338f9ab350f541e9665c	130925		fixture-android-08	cypher-graph-id-predicate	64	8	fixture-android-08,fixture-android-09,fixture-android-10,fixture-android-11,fixture-android-12,fixture-android-13,fixture-android-14,fixture-android-15	8	0	0	8	0	9	1	1	56	1	0
request-selected-set-wrapped-contains-k08-group-01-targeted	graph-set-reference	request-selected-set-wrapped-contains	targeted	request-graph-set-selection-and-wrapped-contains	request-selected-source	properties	200	fixture-android-08	fixture-android-08,fixture-android-09,fixture-android-10,fixture-android-11,fixture-android-12,fixture-android-13,fixture-android-14,fixture-android-15	8	4e8edbc5e09d25d8440c7dafb09ee365bd5069d78d874ddbf91e893197558fb0	success	2	1322	4b49b28d836e57c2c3f8d43a93acd00a93b169fcd603338f9ab350f541e9665c	104586		fixture-android-08	request-selected-source	8	8	fixture-android-08,fixture-android-09,fixture-android-10,fixture-android-11,fixture-android-12,fixture-android-13,fixture-android-14,fixture-android-15	8	0	0	8	0	9	0	0	0	1	0
graph-id-in-literal-wrapped-contains-k08-group-01-dense	graph-id-set	graph-id-in-literal-wrapped-contains	dense	graph-id-in-literal-and-wrapped-contains	graph-routing-set	properties	200	fixture-android-08	fixture-android-08,fixture-android-09,fixture-android-10,fixture-android-11,fixture-android-12,fixture-android-13,fixture-android-14,fixture-android-15	8	4e8edbc5e09d25d8440c7dafb09ee365bd5069d78d874ddbf91e893197558fb0	success	200	85531	ed34441ff634f19c276911a1fa193106a9070fde1065b57fc7ec71132b8d5f66	192400		fixture-android-08	cypher-graph-id-predicate	64	1	fixture-android-08	1	0	0	1	0	200	1	1	56	1	0
graph-id-in-parameter-wrapped-contains-k08-group-01-dense	graph-id-set	graph-id-in-parameter-wrapped-contains	dense	graph-id-in-parameter-and-wrapped-contains	parameters	properties	200	fixture-android-08	fixture-android-08,fixture-android-09,fixture-android-10,fixture-android-11,fixture-android-12,fixture-android-13,fixture-android-14,fixture-android-15	8	4e8edbc5e09d25d8440c7dafb09ee365bd5069d78d874ddbf91e893197558fb0	success	200	85531	ed34441ff634f19c276911a1fa193106a9070fde1065b57fc7ec71132b8d5f66	111679		fixture-android-08	cypher-graph-id-predicate	64	1	fixture-android-08	1	0	0	1	0	200	1	1	56	1	0
request-selected-set-wrapped-contains-k08-group-01-dense	graph-set-reference	request-selected-set-wrapped-contains	dense	request-graph-set-selection-and-wrapped-contains	request-selected-source	properties	200	fixture-android-08	fixture-android-08,fixture-android-09,fixture-android-10,fixture-android-11,fixture-android-12,fixture-android-13,fixture-android-14,fixture-android-15	8	4e8edbc5e09d25d8440c7dafb09ee365bd5069d78d874ddbf91e893197558fb0	success	200	85531	ed34441ff634f19c276911a1fa193106a9070fde1065b57fc7ec71132b8d5f66	112831		fixture-android-08	request-selected-source	8	1	fixture-android-08	1	0	0	1	0	200	0	0	0	1	0
graph-id-in-literal-wrapped-contains-k08-group-02-zero	graph-id-set	graph-id-in-literal-wrapped-contains	zero	graph-id-in-literal-and-wrapped-contains	graph-routing-set	properties	200	fixture-tika-00	fixture-tika-00,fixture-tika-01,fixture-tika-02,fixture-tika-03,fixture-tika-04,fixture-tika-05,fixture-tika-06,fixture-tika-07	8	b6d4d08b650d299fbabdb34c9023e4fcf2b9df516edbf304a8f77ace3ec43d22	success	0	147	805c8c7334c868e18e2be84be95b83cc60895722d739c2b164a68be4cd410c49	120145			cypher-graph-id-predicate	64	8	fixture-tika-00,fixture-tika-01,fixture-tika-02,fixture-tika-03,fixture-tika-04,fixture-tika-05,fixture-tika-06,fixture-tika-07	8	0	0	8	0	8	1	1	56	1	0
graph-id-in-parameter-wrapped-contains-k08-group-02-zero	graph-id-set	graph-id-in-parameter-wrapped-contains	zero	graph-id-in-parameter-and-wrapped-contains	parameters	properties	200	fixture-tika-00	fixture-tika-00,fixture-tika-01,fixture-tika-02,fixture-tika-03,fixture-tika-04,fixture-tika-05,fixture-tika-06,fixture-tika-07	8	b6d4d08b650d299fbabdb34c9023e4fcf2b9df516edbf304a8f77ace3ec43d22	success	0	147	805c8c7334c868e18e2be84be95b83cc60895722d739c2b164a68be4cd410c49	117770			cypher-graph-id-predicate	64	8	fixture-tika-00,fixture-tika-01,fixture-tika-02,fixture-tika-03,fixture-tika-04,fixture-tika-05,fixture-tika-06,fixture-tika-07	8	0	0	8	0	8	1	1	56	1	0
request-selected-set-wrapped-contains-k08-group-02-zero	graph-set-reference	request-selected-set-wrapped-contains	zero	request-graph-set-selection-and-wrapped-contains	request-selected-source	properties	200	fixture-tika-00	fixture-tika-00,fixture-tika-01,fixture-tika-02,fixture-tika-03,fixture-tika-04,fixture-tika-05,fixture-tika-06,fixture-tika-07	8	b6d4d08b650d299fbabdb34c9023e4fcf2b9df516edbf304a8f77ace3ec43d22	success	0	147	805c8c7334c868e18e2be84be95b83cc60895722d739c2b164a68be4cd410c49	113702			request-selected-source	8	8	fixture-tika-00,fixture-tika-01,fixture-tika-02,fixture-tika-03,fixture-tika-04,fixture-tika-05,fixture-tika-06,fixture-tika-07	8	0	0	8	0	8	0	0	0	1	0
graph-id-in-literal-wrapped-contains-k08-group-02-targeted	graph-id-set	graph-id-in-literal-wrapped-contains	targeted	graph-id-in-literal-and-wrapped-contains	graph-routing-set	properties	200	fixture-tika-00	fixture-tika-00,fixture-tika-01,fixture-tika-02,fixture-tika-03,fixture-tika-04,fixture-tika-05,fixture-tika-06,fixture-tika-07	8	b6d4d08b650d299fbabdb34c9023e4fcf2b9df516edbf304a8f77ace3ec43d22	success	1	771	41ad9b5110585bc89df35b9d0a0c6bd66daaf6c239b4212552d078b2f2a28c34	119694		fixture-tika-00	cypher-graph-id-predicate	64	8	fixture-tika-00,fixture-tika-01,fixture-tika-02,fixture-tika-03,fixture-tika-04,fixture-tika-05,fixture-tika-06,fixture-tika-07	8	0	0	8	0	8	1	1	56	1	0
graph-id-in-parameter-wrapped-contains-k08-group-02-targeted	graph-id-set	graph-id-in-parameter-wrapped-contains	targeted	graph-id-in-parameter-and-wrapped-contains	parameters	properties	200	fixture-tika-00	fixture-tika-00,fixture-tika-01,fixture-tika-02,fixture-tika-03,fixture-tika-04,fixture-tika-05,fixture-tika-06,fixture-tika-07	8	b6d4d08b650d299fbabdb34c9023e4fcf2b9df516edbf304a8f77ace3ec43d22	success	1	771	41ad9b5110585bc89df35b9d0a0c6bd66daaf6c239b4212552d078b2f2a28c34	110277		fixture-tika-00	cypher-graph-id-predicate	64	8	fixture-tika-00,fixture-tika-01,fixture-tika-02,fixture-tika-03,fixture-tika-04,fixture-tika-05,fixture-tika-06,fixture-tika-07	8	0	0	8	0	8	1	1	56	1	0
request-selected-set-wrapped-contains-k08-group-02-targeted	graph-set-reference	request-selected-set-wrapped-contains	targeted	request-graph-set-selection-and-wrapped-contains	request-selected-source	properties	200	fixture-tika-00	fixture-tika-00,fixture-tika-01,fixture-tika-02,fixture-tika-03,fixture-tika-04,fixture-tika-05,fixture-tika-06,fixture-tika-07	8	b6d4d08b650d299fbabdb34c9023e4fcf2b9df516edbf304a8f77ace3ec43d22	success	1	771	41ad9b5110585bc89df35b9d0a0c6bd66daaf6c239b4212552d078b2f2a28c34	110016		fixture-tika-00	request-selected-source	8	8	fixture-tika-00,fixture-tika-01,fixture-tika-02,fixture-tika-03,fixture-tika-04,fixture-tika-05,fixture-tika-06,fixture-tika-07	8	0	0	8	0	8	0	0	0	1	0
graph-id-in-literal-wrapped-contains-k08-group-02-dense	graph-id-set	graph-id-in-literal-wrapped-contains	dense	graph-id-in-literal-and-wrapped-contains	graph-routing-set	properties	200	fixture-tika-00	fixture-tika-00,fixture-tika-01,fixture-tika-02,fixture-tika-03,fixture-tika-04,fixture-tika-05,fixture-tika-06,fixture-tika-07	8	b6d4d08b650d299fbabdb34c9023e4fcf2b9df516edbf304a8f77ace3ec43d22	success	200	94237	51b180cd96740a311cc61165baa84cc05517b2f28ac6c70debc25f8e14514414	220933		fixture-tika-00	cypher-graph-id-predicate	64	1	fixture-tika-00	1	0	0	1	0	200	1	1	56	1	0
graph-id-in-parameter-wrapped-contains-k08-group-02-dense	graph-id-set	graph-id-in-parameter-wrapped-contains	dense	graph-id-in-parameter-and-wrapped-contains	parameters	properties	200	fixture-tika-00	fixture-tika-00,fixture-tika-01,fixture-tika-02,fixture-tika-03,fixture-tika-04,fixture-tika-05,fixture-tika-06,fixture-tika-07	8	b6d4d08b650d299fbabdb34c9023e4fcf2b9df516edbf304a8f77ace3ec43d22	success	200	94237	51b180cd96740a311cc61165baa84cc05517b2f28ac6c70debc25f8e14514414	114064		fixture-tika-00	cypher-graph-id-predicate	64	1	fixture-tika-00	1	0	0	1	0	200	1	1	56	1	0
request-selected-set-wrapped-contains-k08-group-02-dense	graph-set-reference	request-selected-set-wrapped-contains	dense	request-graph-set-selection-and-wrapped-contains	request-selected-source	properties	200	fixture-tika-00	fixture-tika-00,fixture-tika-01,fixture-tika-02,fixture-tika-03,fixture-tika-04,fixture-tika-05,fixture-tika-06,fixture-tika-07	8	b6d4d08b650d299fbabdb34c9023e4fcf2b9df516edbf304a8f77ace3ec43d22	success	200	94237	51b180cd96740a311cc61165baa84cc05517b2f28ac6c70debc25f8e14514414	112330		fixture-tika-00	request-selected-source	8	1	fixture-tika-00	1	0	0	1	0	200	0	0	0	1	0
graph-id-in-literal-wrapped-contains-k08-group-03-zero	graph-id-set	graph-id-in-literal-wrapped-contains	zero	graph-id-in-literal-and-wrapped-contains	graph-routing-set	properties	200	fixture-tika-08	fixture-tika-08,fixture-tika-09,fixture-tika-10,fixture-tika-11,fixture-tika-12,fixture-tika-13,fixture-tika-14,fixture-tika-15	8	1fba2dcdc700431fd973003335e6b9da0f283364e98b1312179ba06acf69d85a	success	0	147	805c8c7334c868e18e2be84be95b83cc60895722d739c2b164a68be4cd410c49	123131			cypher-graph-id-predicate	64	8	fixture-tika-08,fixture-tika-09,fixture-tika-10,fixture-tika-11,fixture-tika-12,fixture-tika-13,fixture-tika-14,fixture-tika-15	8	0	0	8	0	8	1	1	56	1	0
graph-id-in-parameter-wrapped-contains-k08-group-03-zero	graph-id-set	graph-id-in-parameter-wrapped-contains	zero	graph-id-in-parameter-and-wrapped-contains	parameters	properties	200	fixture-tika-08	fixture-tika-08,fixture-tika-09,fixture-tika-10,fixture-tika-11,fixture-tika-12,fixture-tika-13,fixture-tika-14,fixture-tika-15	8	1fba2dcdc700431fd973003335e6b9da0f283364e98b1312179ba06acf69d85a	success	0	147	805c8c7334c868e18e2be84be95b83cc60895722d739c2b164a68be4cd410c49	112911			cypher-graph-id-predicate	64	8	fixture-tika-08,fixture-tika-09,fixture-tika-10,fixture-tika-11,fixture-tika-12,fixture-tika-13,fixture-tika-14,fixture-tika-15	8	0	0	8	0	8	1	1	56	1	0
request-selected-set-wrapped-contains-k08-group-03-zero	graph-set-reference	request-selected-set-wrapped-contains	zero	request-graph-set-selection-and-wrapped-contains	request-selected-source	properties	200	fixture-tika-08	fixture-tika-08,fixture-tika-09,fixture-tika-10,fixture-tika-11,fixture-tika-12,fixture-tika-13,fixture-tika-14,fixture-tika-15	8	1fba2dcdc700431fd973003335e6b9da0f283364e98b1312179ba06acf69d85a	success	0	147	805c8c7334c868e18e2be84be95b83cc60895722d739c2b164a68be4cd410c49	109565			request-selected-source	8	8	fixture-tika-08,fixture-tika-09,fixture-tika-10,fixture-tika-11,fixture-tika-12,fixture-tika-13,fixture-tika-14,fixture-tika-15	8	0	0	8	0	8	0	0	0	1	0
graph-id-in-literal-wrapped-contains-k08-group-03-targeted	graph-id-set	graph-id-in-literal-wrapped-contains	targeted	graph-id-in-literal-and-wrapped-contains	graph-routing-set	properties	200	fixture-tika-08	fixture-tika-08,fixture-tika-09,fixture-tika-10,fixture-tika-11,fixture-tika-12,fixture-tika-13,fixture-tika-14,fixture-tika-15	8	1fba2dcdc700431fd973003335e6b9da0f283364e98b1312179ba06acf69d85a	success	11	6471	f7053dac9cedfeddd8e106fa7637705f2074a663f1e92a91b4f90ae3e2987a4d	121457		fixture-tika-08,fixture-tika-14	cypher-graph-id-predicate	64	8	fixture-tika-08,fixture-tika-09,fixture-tika-10,fixture-tika-11,fixture-tika-12,fixture-tika-13,fixture-tika-14,fixture-tika-15	8	0	0	8	0	17	1	1	56	1	0
graph-id-in-parameter-wrapped-contains-k08-group-03-targeted	graph-id-set	graph-id-in-parameter-wrapped-contains	targeted	graph-id-in-parameter-and-wrapped-contains	parameters	properties	200	fixture-tika-08	fixture-tika-08,fixture-tika-09,fixture-tika-10,fixture-tika-11,fixture-tika-12,fixture-tika-13,fixture-tika-14,fixture-tika-15	8	1fba2dcdc700431fd973003335e6b9da0f283364e98b1312179ba06acf69d85a	success	11	6471	f7053dac9cedfeddd8e106fa7637705f2074a663f1e92a91b4f90ae3e2987a4d	112881		fixture-tika-08,fixture-tika-14	cypher-graph-id-predicate	64	8	fixture-tika-08,fixture-tika-09,fixture-tika-10,fixture-tika-11,fixture-tika-12,fixture-tika-13,fixture-tika-14,fixture-tika-15	8	0	0	8	0	17	1	1	56	1	0
request-selected-set-wrapped-contains-k08-group-03-targeted	graph-set-reference	request-selected-set-wrapped-contains	targeted	request-graph-set-selection-and-wrapped-contains	request-selected-source	properties	200	fixture-tika-08	fixture-tika-08,fixture-tika-09,fixture-tika-10,fixture-tika-11,fixture-tika-12,fixture-tika-13,fixture-tika-14,fixture-tika-15	8	1fba2dcdc700431fd973003335e6b9da0f283364e98b1312179ba06acf69d85a	success	11	6471	f7053dac9cedfeddd8e106fa7637705f2074a663f1e92a91b4f90ae3e2987a4d	105608		fixture-tika-08,fixture-tika-14	request-selected-source	8	8	fixture-tika-08,fixture-tika-09,fixture-tika-10,fixture-tika-11,fixture-tika-12,fixture-tika-13,fixture-tika-14,fixture-tika-15	8	0	0	8	0	17	0	0	0	1	0
graph-id-in-literal-wrapped-contains-k08-group-03-dense	graph-id-set	graph-id-in-literal-wrapped-contains	dense	graph-id-in-literal-and-wrapped-contains	graph-routing-set	properties	200	fixture-tika-08	fixture-tika-08,fixture-tika-09,fixture-tika-10,fixture-tika-11,fixture-tika-12,fixture-tika-13,fixture-tika-14,fixture-tika-15	8	1fba2dcdc700431fd973003335e6b9da0f283364e98b1312179ba06acf69d85a	success	200	96144	13cc3d04be15c5d98101b6676211e0260c08571becd6cbc7be1dcfad1b7efce8	171641		fixture-tika-08	cypher-graph-id-predicate	64	1	fixture-tika-08	1	0	0	1	0	200	1	1	56	1	0
graph-id-in-parameter-wrapped-contains-k08-group-03-dense	graph-id-set	graph-id-in-parameter-wrapped-contains	dense	graph-id-in-parameter-and-wrapped-contains	parameters	properties	200	fixture-tika-08	fixture-tika-08,fixture-tika-09,fixture-tika-10,fixture-tika-11,fixture-tika-12,fixture-tika-13,fixture-tika-14,fixture-tika-15	8	1fba2dcdc700431fd973003335e6b9da0f283364e98b1312179ba06acf69d85a	success	200	96144	13cc3d04be15c5d98101b6676211e0260c08571becd6cbc7be1dcfad1b7efce8	107922		fixture-tika-08	cypher-graph-id-predicate	64	1	fixture-tika-08	1	0	0	1	0	200	1	1	56	1	0
request-selected-set-wrapped-contains-k08-group-03-dense	graph-set-reference	request-selected-set-wrapped-contains	dense	request-graph-set-selection-and-wrapped-contains	request-selected-source	properties	200	fixture-tika-08	fixture-tika-08,fixture-tika-09,fixture-tika-10,fixture-tika-11,fixture-tika-12,fixture-tika-13,fixture-tika-14,fixture-tika-15	8	1fba2dcdc700431fd973003335e6b9da0f283364e98b1312179ba06acf69d85a	success	200	96144	13cc3d04be15c5d98101b6676211e0260c08571becd6cbc7be1dcfad1b7efce8	105878		fixture-tika-08	request-selected-source	8	1	fixture-tika-08	1	0	0	1	0	200	0	0	0	1	0
graph-id-in-literal-wrapped-contains-k08-group-04-zero	graph-id-set	graph-id-in-literal-wrapped-contains	zero	graph-id-in-literal-and-wrapped-contains	graph-routing-set	properties	200	fixture-hive-00	fixture-hive-00,fixture-hive-01,fixture-hive-02,fixture-hive-03,fixture-hive-04,fixture-hive-05,fixture-hive-06,fixture-hive-07	8	c73b793b361718f9fcb7830a3d6ea2484143494adffc46c81528bda08ea9c1a0	success	0	147	805c8c7334c868e18e2be84be95b83cc60895722d739c2b164a68be4cd410c49	113773			cypher-graph-id-predicate	64	8	fixture-hive-00,fixture-hive-01,fixture-hive-02,fixture-hive-03,fixture-hive-04,fixture-hive-05,fixture-hive-06,fixture-hive-07	8	0	0	8	0	8	1	1	56	1	0
graph-id-in-parameter-wrapped-contains-k08-group-04-zero	graph-id-set	graph-id-in-parameter-wrapped-contains	zero	graph-id-in-parameter-and-wrapped-contains	parameters	properties	200	fixture-hive-00	fixture-hive-00,fixture-hive-01,fixture-hive-02,fixture-hive-03,fixture-hive-04,fixture-hive-05,fixture-hive-06,fixture-hive-07	8	c73b793b361718f9fcb7830a3d6ea2484143494adffc46c81528bda08ea9c1a0	success	0	147	805c8c7334c868e18e2be84be95b83cc60895722d739c2b164a68be4cd410c49	101570			cypher-graph-id-predicate	64	8	fixture-hive-00,fixture-hive-01,fixture-hive-02,fixture-hive-03,fixture-hive-04,fixture-hive-05,fixture-hive-06,fixture-hive-07	8	0	0	8	0	8	1	1	56	1	0
request-selected-set-wrapped-contains-k08-group-04-zero	graph-set-reference	request-selected-set-wrapped-contains	zero	request-graph-set-selection-and-wrapped-contains	request-selected-source	properties	200	fixture-hive-00	fixture-hive-00,fixture-hive-01,fixture-hive-02,fixture-hive-03,fixture-hive-04,fixture-hive-05,fixture-hive-06,fixture-hive-07	8	c73b793b361718f9fcb7830a3d6ea2484143494adffc46c81528bda08ea9c1a0	success	0	147	805c8c7334c868e18e2be84be95b83cc60895722d739c2b164a68be4cd410c49	118091			request-selected-source	8	8	fixture-hive-00,fixture-hive-01,fixture-hive-02,fixture-hive-03,fixture-hive-04,fixture-hive-05,fixture-hive-06,fixture-hive-07	8	0	0	8	0	8	0	0	0	1	0
graph-id-in-literal-wrapped-contains-k08-group-04-targeted	graph-id-set	graph-id-in-literal-wrapped-contains	targeted	graph-id-in-literal-and-wrapped-contains	graph-routing-set	properties	200	fixture-hive-00	fixture-hive-00,fixture-hive-01,fixture-hive-02,fixture-hive-03,fixture-hive-04,fixture-hive-05,fixture-hive-06,fixture-hive-07	8	c73b793b361718f9fcb7830a3d6ea2484143494adffc46c81528bda08ea9c1a0	success	4	2862	72e96499d86d64ae9da267f3b15791817d4250f06a8dfea9d09edd8c3c23a440	123982		fixture-hive-00	cypher-graph-id-predicate	64	8	fixture-hive-00,fixture-hive-01,fixture-hive-02,fixture-hive-03,fixture-hive-04,fixture-hive-05,fixture-hive-06,fixture-hive-07	8	0	0	8	0	11	1	1	56	1	0
graph-id-in-parameter-wrapped-contains-k08-group-04-targeted	graph-id-set	graph-id-in-parameter-wrapped-contains	targeted	graph-id-in-parameter-and-wrapped-contains	parameters	properties	200	fixture-hive-00	fixture-hive-00,fixture-hive-01,fixture-hive-02,fixture-hive-03,fixture-hive-04,fixture-hive-05,fixture-hive-06,fixture-hive-07	8	c73b793b361718f9fcb7830a3d6ea2484143494adffc46c81528bda08ea9c1a0	success	4	2862	72e96499d86d64ae9da267f3b15791817d4250f06a8dfea9d09edd8c3c23a440	122540		fixture-hive-00	cypher-graph-id-predicate	64	8	fixture-hive-00,fixture-hive-01,fixture-hive-02,fixture-hive-03,fixture-hive-04,fixture-hive-05,fixture-hive-06,fixture-hive-07	8	0	0	8	0	11	1	1	56	1	0
request-selected-set-wrapped-contains-k08-group-04-targeted	graph-set-reference	request-selected-set-wrapped-contains	targeted	request-graph-set-selection-and-wrapped-contains	request-selected-source	properties	200	fixture-hive-00	fixture-hive-00,fixture-hive-01,fixture-hive-02,fixture-hive-03,fixture-hive-04,fixture-hive-05,fixture-hive-06,fixture-hive-07	8	c73b793b361718f9fcb7830a3d6ea2484143494adffc46c81528bda08ea9c1a0	success	4	2862	72e96499d86d64ae9da267f3b15791817d4250f06a8dfea9d09edd8c3c23a440	102813		fixture-hive-00	request-selected-source	8	8	fixture-hive-00,fixture-hive-01,fixture-hive-02,fixture-hive-03,fixture-hive-04,fixture-hive-05,fixture-hive-06,fixture-hive-07	8	0	0	8	0	11	0	0	0	1	0
graph-id-in-literal-wrapped-contains-k08-group-04-dense	graph-id-set	graph-id-in-literal-wrapped-contains	dense	graph-id-in-literal-and-wrapped-contains	graph-routing-set	properties	200	fixture-hive-00	fixture-hive-00,fixture-hive-01,fixture-hive-02,fixture-hive-03,fixture-hive-04,fixture-hive-05,fixture-hive-06,fixture-hive-07	8	c73b793b361718f9fcb7830a3d6ea2484143494adffc46c81528bda08ea9c1a0	success	200	92864	0ad6a5ae10cb27d8dd28af205e0df8ebd79b3e1ca0079c8c876100ee108fc38d	176982		fixture-hive-00	cypher-graph-id-predicate	64	1	fixture-hive-00	1	0	0	1	0	200	1	1	56	1	0
graph-id-in-parameter-wrapped-contains-k08-group-04-dense	graph-id-set	graph-id-in-parameter-wrapped-contains	dense	graph-id-in-parameter-and-wrapped-contains	parameters	properties	200	fixture-hive-00	fixture-hive-00,fixture-hive-01,fixture-hive-02,fixture-hive-03,fixture-hive-04,fixture-hive-05,fixture-hive-06,fixture-hive-07	8	c73b793b361718f9fcb7830a3d6ea2484143494adffc46c81528bda08ea9c1a0	success	200	92864	0ad6a5ae10cb27d8dd28af205e0df8ebd79b3e1ca0079c8c876100ee108fc38d	116247		fixture-hive-00	cypher-graph-id-predicate	64	1	fixture-hive-00	1	0	0	1	0	200	1	1	56	1	0
request-selected-set-wrapped-contains-k08-group-04-dense	graph-set-reference	request-selected-set-wrapped-contains	dense	request-graph-set-selection-and-wrapped-contains	request-selected-source	properties	200	fixture-hive-00	fixture-hive-00,fixture-hive-01,fixture-hive-02,fixture-hive-03,fixture-hive-04,fixture-hive-05,fixture-hive-06,fixture-hive-07	8	c73b793b361718f9fcb7830a3d6ea2484143494adffc46c81528bda08ea9c1a0	success	200	92864	0ad6a5ae10cb27d8dd28af205e0df8ebd79b3e1ca0079c8c876100ee108fc38d	107231		fixture-hive-00	request-selected-source	8	1	fixture-hive-00	1	0	0	1	0	200	0	0	0	1	0
graph-id-in-literal-wrapped-contains-k08-group-05-zero	graph-id-set	graph-id-in-literal-wrapped-contains	zero	graph-id-in-literal-and-wrapped-contains	graph-routing-set	properties	200	fixture-hive-08	fixture-hive-08,fixture-hive-09,fixture-hive-10,fixture-hive-11,fixture-hive-12,fixture-hive-13,fixture-hive-14,fixture-hive-15	8	245d2497bfa92e7d039f67f8e03641c96de00028dde14456a9c51af75ba33ebf	success	0	147	805c8c7334c868e18e2be84be95b83cc60895722d739c2b164a68be4cd410c49	122570			cypher-graph-id-predicate	64	8	fixture-hive-08,fixture-hive-09,fixture-hive-10,fixture-hive-11,fixture-hive-12,fixture-hive-13,fixture-hive-14,fixture-hive-15	8	0	0	8	0	8	1	1	56	1	0
graph-id-in-parameter-wrapped-contains-k08-group-05-zero	graph-id-set	graph-id-in-parameter-wrapped-contains	zero	graph-id-in-parameter-and-wrapped-contains	parameters	properties	200	fixture-hive-08	fixture-hive-08,fixture-hive-09,fixture-hive-10,fixture-hive-11,fixture-hive-12,fixture-hive-13,fixture-hive-14,fixture-hive-15	8	245d2497bfa92e7d039f67f8e03641c96de00028dde14456a9c51af75ba33ebf	success	0	147	805c8c7334c868e18e2be84be95b83cc60895722d739c2b164a68be4cd410c49	108613			cypher-graph-id-predicate	64	8	fixture-hive-08,fixture-hive-09,fixture-hive-10,fixture-hive-11,fixture-hive-12,fixture-hive-13,fixture-hive-14,fixture-hive-15	8	0	0	8	0	8	1	1	56	1	0
request-selected-set-wrapped-contains-k08-group-05-zero	graph-set-reference	request-selected-set-wrapped-contains	zero	request-graph-set-selection-and-wrapped-contains	request-selected-source	properties	200	fixture-hive-08	fixture-hive-08,fixture-hive-09,fixture-hive-10,fixture-hive-11,fixture-hive-12,fixture-hive-13,fixture-hive-14,fixture-hive-15	8	245d2497bfa92e7d039f67f8e03641c96de00028dde14456a9c51af75ba33ebf	success	0	147	805c8c7334c868e18e2be84be95b83cc60895722d739c2b164a68be4cd410c49	113472			request-selected-source	8	8	fixture-hive-08,fixture-hive-09,fixture-hive-10,fixture-hive-11,fixture-hive-12,fixture-hive-13,fixture-hive-14,fixture-hive-15	8	0	0	8	0	8	0	0	0	1	0
graph-id-in-literal-wrapped-contains-k08-group-05-targeted	graph-id-set	graph-id-in-literal-wrapped-contains	targeted	graph-id-in-literal-and-wrapped-contains	graph-routing-set	properties	200	fixture-hive-08	fixture-hive-08,fixture-hive-09,fixture-hive-10,fixture-hive-11,fixture-hive-12,fixture-hive-13,fixture-hive-14,fixture-hive-15	8	245d2497bfa92e7d039f67f8e03641c96de00028dde14456a9c51af75ba33ebf	success	5	3569	2e8b431c58e14625230a8348815c48031083a65c269f458638b01cdf99fff211	103714		fixture-hive-08,fixture-hive-13	cypher-graph-id-predicate	64	8	fixture-hive-08,fixture-hive-09,fixture-hive-10,fixture-hive-11,fixture-hive-12,fixture-hive-13,fixture-hive-14,fixture-hive-15	8	0	0	8	0	11	1	1	56	1	0
graph-id-in-parameter-wrapped-contains-k08-group-05-targeted	graph-id-set	graph-id-in-parameter-wrapped-contains	targeted	graph-id-in-parameter-and-wrapped-contains	parameters	properties	200	fixture-hive-08	fixture-hive-08,fixture-hive-09,fixture-hive-10,fixture-hive-11,fixture-hive-12,fixture-hive-13,fixture-hive-14,fixture-hive-15	8	245d2497bfa92e7d039f67f8e03641c96de00028dde14456a9c51af75ba33ebf	success	5	3569	2e8b431c58e14625230a8348815c48031083a65c269f458638b01cdf99fff211	110297		fixture-hive-08,fixture-hive-13	cypher-graph-id-predicate	64	8	fixture-hive-08,fixture-hive-09,fixture-hive-10,fixture-hive-11,fixture-hive-12,fixture-hive-13,fixture-hive-14,fixture-hive-15	8	0	0	8	0	11	1	1	56	1	0
request-selected-set-wrapped-contains-k08-group-05-targeted	graph-set-reference	request-selected-set-wrapped-contains	targeted	request-graph-set-selection-and-wrapped-contains	request-selected-source	properties	200	fixture-hive-08	fixture-hive-08,fixture-hive-09,fixture-hive-10,fixture-hive-11,fixture-hive-12,fixture-hive-13,fixture-hive-14,fixture-hive-15	8	245d2497bfa92e7d039f67f8e03641c96de00028dde14456a9c51af75ba33ebf	success	5	3569	2e8b431c58e14625230a8348815c48031083a65c269f458638b01cdf99fff211	103263		fixture-hive-08,fixture-hive-13	request-selected-source	8	8	fixture-hive-08,fixture-hive-09,fixture-hive-10,fixture-hive-11,fixture-hive-12,fixture-hive-13,fixture-hive-14,fixture-hive-15	8	0	0	8	0	11	0	0	0	1	0
graph-id-in-literal-wrapped-contains-k08-group-05-dense	graph-id-set	graph-id-in-literal-wrapped-contains	dense	graph-id-in-literal-and-wrapped-contains	graph-routing-set	properties	200	fixture-hive-08	fixture-hive-08,fixture-hive-09,fixture-hive-10,fixture-hive-11,fixture-hive-12,fixture-hive-13,fixture-hive-14,fixture-hive-15	8	245d2497bfa92e7d039f67f8e03641c96de00028dde14456a9c51af75ba33ebf	success	200	95189	6547ed796970ad3186785ae6dc7d6b1328d226d1878e5144fdb98c21fcba06f9	165560		fixture-hive-08	cypher-graph-id-predicate	64	1	fixture-hive-08	1	0	0	1	0	200	1	1	56	1	0
graph-id-in-parameter-wrapped-contains-k08-group-05-dense	graph-id-set	graph-id-in-parameter-wrapped-contains	dense	graph-id-in-parameter-and-wrapped-contains	parameters	properties	200	fixture-hive-08	fixture-hive-08,fixture-hive-09,fixture-hive-10,fixture-hive-11,fixture-hive-12,fixture-hive-13,fixture-hive-14,fixture-hive-15	8	245d2497bfa92e7d039f67f8e03641c96de00028dde14456a9c51af75ba33ebf	success	200	95189	6547ed796970ad3186785ae6dc7d6b1328d226d1878e5144fdb98c21fcba06f9	107551		fixture-hive-08	cypher-graph-id-predicate	64	1	fixture-hive-08	1	0	0	1	0	200	1	1	56	1	0
request-selected-set-wrapped-contains-k08-group-05-dense	graph-set-reference	request-selected-set-wrapped-contains	dense	request-graph-set-selection-and-wrapped-contains	request-selected-source	properties	200	fixture-hive-08	fixture-hive-08,fixture-hive-09,fixture-hive-10,fixture-hive-11,fixture-hive-12,fixture-hive-13,fixture-hive-14,fixture-hive-15	8	245d2497bfa92e7d039f67f8e03641c96de00028dde14456a9c51af75ba33ebf	success	200	95189	6547ed796970ad3186785ae6dc7d6b1328d226d1878e5144fdb98c21fcba06f9	119173		fixture-hive-08	request-selected-source	8	1	fixture-hive-08	1	0	0	1	0	200	0	0	0	1	0
graph-id-in-literal-wrapped-contains-k08-group-06-zero	graph-id-set	graph-id-in-literal-wrapped-contains	zero	graph-id-in-literal-and-wrapped-contains	graph-routing-set	properties	200	fixture-kotlin-compiler-00	fixture-kotlin-compiler-00,fixture-kotlin-compiler-01,fixture-kotlin-compiler-02,fixture-kotlin-compiler-03,fixture-kotlin-compiler-04,fixture-kotlin-compiler-05,fixture-kotlin-compiler-06,fixture-kotlin-compiler-07	8	2357f16b816a2884469ac1d6be7fe0f5b175a808aaff08b348c930099991c386	success	0	147	805c8c7334c868e18e2be84be95b83cc60895722d739c2b164a68be4cd410c49	127349			cypher-graph-id-predicate	64	8	fixture-kotlin-compiler-00,fixture-kotlin-compiler-01,fixture-kotlin-compiler-02,fixture-kotlin-compiler-03,fixture-kotlin-compiler-04,fixture-kotlin-compiler-05,fixture-kotlin-compiler-06,fixture-kotlin-compiler-07	8	0	0	8	0	8	1	1	56	1	0
graph-id-in-parameter-wrapped-contains-k08-group-06-zero	graph-id-set	graph-id-in-parameter-wrapped-contains	zero	graph-id-in-parameter-and-wrapped-contains	parameters	properties	200	fixture-kotlin-compiler-00	fixture-kotlin-compiler-00,fixture-kotlin-compiler-01,fixture-kotlin-compiler-02,fixture-kotlin-compiler-03,fixture-kotlin-compiler-04,fixture-kotlin-compiler-05,fixture-kotlin-compiler-06,fixture-kotlin-compiler-07	8	2357f16b816a2884469ac1d6be7fe0f5b175a808aaff08b348c930099991c386	success	0	147	805c8c7334c868e18e2be84be95b83cc60895722d739c2b164a68be4cd410c49	116779			cypher-graph-id-predicate	64	8	fixture-kotlin-compiler-00,fixture-kotlin-compiler-01,fixture-kotlin-compiler-02,fixture-kotlin-compiler-03,fixture-kotlin-compiler-04,fixture-kotlin-compiler-05,fixture-kotlin-compiler-06,fixture-kotlin-compiler-07	8	0	0	8	0	8	1	1	56	1	0
request-selected-set-wrapped-contains-k08-group-06-zero	graph-set-reference	request-selected-set-wrapped-contains	zero	request-graph-set-selection-and-wrapped-contains	request-selected-source	properties	200	fixture-kotlin-compiler-00	fixture-kotlin-compiler-00,fixture-kotlin-compiler-01,fixture-kotlin-compiler-02,fixture-kotlin-compiler-03,fixture-kotlin-compiler-04,fixture-kotlin-compiler-05,fixture-kotlin-compiler-06,fixture-kotlin-compiler-07	8	2357f16b816a2884469ac1d6be7fe0f5b175a808aaff08b348c930099991c386	success	0	147	805c8c7334c868e18e2be84be95b83cc60895722d739c2b164a68be4cd410c49	104435			request-selected-source	8	8	fixture-kotlin-compiler-00,fixture-kotlin-compiler-01,fixture-kotlin-compiler-02,fixture-kotlin-compiler-03,fixture-kotlin-compiler-04,fixture-kotlin-compiler-05,fixture-kotlin-compiler-06,fixture-kotlin-compiler-07	8	0	0	8	0	8	0	0	0	1	0
graph-id-in-literal-wrapped-contains-k08-group-06-targeted	graph-id-set	graph-id-in-literal-wrapped-contains	targeted	graph-id-in-literal-and-wrapped-contains	graph-routing-set	properties	200	fixture-kotlin-compiler-00	fixture-kotlin-compiler-00,fixture-kotlin-compiler-01,fixture-kotlin-compiler-02,fixture-kotlin-compiler-03,fixture-kotlin-compiler-04,fixture-kotlin-compiler-05,fixture-kotlin-compiler-06,fixture-kotlin-compiler-07	8	2357f16b816a2884469ac1d6be7fe0f5b175a808aaff08b348c930099991c386	success	10	6351	274597a5e0e535d6581734920f9ffbc39062a84a13ad9d85823a8f12df219dfd	120646		fixture-kotlin-compiler-00	cypher-graph-id-predicate	64	8	fixture-kotlin-compiler-00,fixture-kotlin-compiler-01,fixture-kotlin-compiler-02,fixture-kotlin-compiler-03,fixture-kotlin-compiler-04,fixture-kotlin-compiler-05,fixture-kotlin-compiler-06,fixture-kotlin-compiler-07	8	0	0	8	0	17	1	1	56	1	0
graph-id-in-parameter-wrapped-contains-k08-group-06-targeted	graph-id-set	graph-id-in-parameter-wrapped-contains	targeted	graph-id-in-parameter-and-wrapped-contains	parameters	properties	200	fixture-kotlin-compiler-00	fixture-kotlin-compiler-00,fixture-kotlin-compiler-01,fixture-kotlin-compiler-02,fixture-kotlin-compiler-03,fixture-kotlin-compiler-04,fixture-kotlin-compiler-05,fixture-kotlin-compiler-06,fixture-kotlin-compiler-07	8	2357f16b816a2884469ac1d6be7fe0f5b175a808aaff08b348c930099991c386	success	10	6351	274597a5e0e535d6581734920f9ffbc39062a84a13ad9d85823a8f12df219dfd	108523		fixture-kotlin-compiler-00	cypher-graph-id-predicate	64	8	fixture-kotlin-compiler-00,fixture-kotlin-compiler-01,fixture-kotlin-compiler-02,fixture-kotlin-compiler-03,fixture-kotlin-compiler-04,fixture-kotlin-compiler-05,fixture-kotlin-compiler-06,fixture-kotlin-compiler-07	8	0	0	8	0	17	1	1	56	1	0
request-selected-set-wrapped-contains-k08-group-06-targeted	graph-set-reference	request-selected-set-wrapped-contains	targeted	request-graph-set-selection-and-wrapped-contains	request-selected-source	properties	200	fixture-kotlin-compiler-00	fixture-kotlin-compiler-00,fixture-kotlin-compiler-01,fixture-kotlin-compiler-02,fixture-kotlin-compiler-03,fixture-kotlin-compiler-04,fixture-kotlin-compiler-05,fixture-kotlin-compiler-06,fixture-kotlin-compiler-07	8	2357f16b816a2884469ac1d6be7fe0f5b175a808aaff08b348c930099991c386	success	10	6351	274597a5e0e535d6581734920f9ffbc39062a84a13ad9d85823a8f12df219dfd	104827		fixture-kotlin-compiler-00	request-selected-source	8	8	fixture-kotlin-compiler-00,fixture-kotlin-compiler-01,fixture-kotlin-compiler-02,fixture-kotlin-compiler-03,fixture-kotlin-compiler-04,fixture-kotlin-compiler-05,fixture-kotlin-compiler-06,fixture-kotlin-compiler-07	8	0	0	8	0	17	0	0	0	1	0
graph-id-in-literal-wrapped-contains-k08-group-06-dense	graph-id-set	graph-id-in-literal-wrapped-contains	dense	graph-id-in-literal-and-wrapped-contains	graph-routing-set	properties	200	fixture-kotlin-compiler-00	fixture-kotlin-compiler-00,fixture-kotlin-compiler-01,fixture-kotlin-compiler-02,fixture-kotlin-compiler-03,fixture-kotlin-compiler-04,fixture-kotlin-compiler-05,fixture-kotlin-compiler-06,fixture-kotlin-compiler-07	8	2357f16b816a2884469ac1d6be7fe0f5b175a808aaff08b348c930099991c386	success	200	97301	4abd067ea3c7496241f2623586a132809a81e33bd08c7645b717be3ee7ee2542	177181		fixture-kotlin-compiler-00	cypher-graph-id-predicate	64	1	fixture-kotlin-compiler-00	1	0	0	1	0	200	1	1	56	1	0
graph-id-in-parameter-wrapped-contains-k08-group-06-dense	graph-id-set	graph-id-in-parameter-wrapped-contains	dense	graph-id-in-parameter-and-wrapped-contains	parameters	properties	200	fixture-kotlin-compiler-00	fixture-kotlin-compiler-00,fixture-kotlin-compiler-01,fixture-kotlin-compiler-02,fixture-kotlin-compiler-03,fixture-kotlin-compiler-04,fixture-kotlin-compiler-05,fixture-kotlin-compiler-06,fixture-kotlin-compiler-07	8	2357f16b816a2884469ac1d6be7fe0f5b175a808aaff08b348c930099991c386	success	200	97301	4abd067ea3c7496241f2623586a132809a81e33bd08c7645b717be3ee7ee2542	108863		fixture-kotlin-compiler-00	cypher-graph-id-predicate	64	1	fixture-kotlin-compiler-00	1	0	0	1	0	200	1	1	56	1	0
request-selected-set-wrapped-contains-k08-group-06-dense	graph-set-reference	request-selected-set-wrapped-contains	dense	request-graph-set-selection-and-wrapped-contains	request-selected-source	properties	200	fixture-kotlin-compiler-00	fixture-kotlin-compiler-00,fixture-kotlin-compiler-01,fixture-kotlin-compiler-02,fixture-kotlin-compiler-03,fixture-kotlin-compiler-04,fixture-kotlin-compiler-05,fixture-kotlin-compiler-06,fixture-kotlin-compiler-07	8	2357f16b816a2884469ac1d6be7fe0f5b175a808aaff08b348c930099991c386	success	200	97301	4abd067ea3c7496241f2623586a132809a81e33bd08c7645b717be3ee7ee2542	105226		fixture-kotlin-compiler-00	request-selected-source	8	1	fixture-kotlin-compiler-00	1	0	0	1	0	200	0	0	0	1	0
graph-id-in-literal-wrapped-contains-k08-group-07-zero	graph-id-set	graph-id-in-literal-wrapped-contains	zero	graph-id-in-literal-and-wrapped-contains	graph-routing-set	properties	200	fixture-kotlin-compiler-08	fixture-kotlin-compiler-08,fixture-kotlin-compiler-09,fixture-kotlin-compiler-10,fixture-kotlin-compiler-11,fixture-kotlin-compiler-12,fixture-kotlin-compiler-13,fixture-kotlin-compiler-14,fixture-kotlin-compiler-15	8	9292ac32ef9f293478d3503f3f9fc5ad57387486cc5526339373d8f264b933aa	success	0	147	805c8c7334c868e18e2be84be95b83cc60895722d739c2b164a68be4cd410c49	112380			cypher-graph-id-predicate	64	8	fixture-kotlin-compiler-08,fixture-kotlin-compiler-09,fixture-kotlin-compiler-10,fixture-kotlin-compiler-11,fixture-kotlin-compiler-12,fixture-kotlin-compiler-13,fixture-kotlin-compiler-14,fixture-kotlin-compiler-15	8	0	0	8	0	8	1	1	56	1	0
graph-id-in-parameter-wrapped-contains-k08-group-07-zero	graph-id-set	graph-id-in-parameter-wrapped-contains	zero	graph-id-in-parameter-and-wrapped-contains	parameters	properties	200	fixture-kotlin-compiler-08	fixture-kotlin-compiler-08,fixture-kotlin-compiler-09,fixture-kotlin-compiler-10,fixture-kotlin-compiler-11,fixture-kotlin-compiler-12,fixture-kotlin-compiler-13,fixture-kotlin-compiler-14,fixture-kotlin-compiler-15	8	9292ac32ef9f293478d3503f3f9fc5ad57387486cc5526339373d8f264b933aa	success	0	147	805c8c7334c868e18e2be84be95b83cc60895722d739c2b164a68be4cd410c49	105107			cypher-graph-id-predicate	64	8	fixture-kotlin-compiler-08,fixture-kotlin-compiler-09,fixture-kotlin-compiler-10,fixture-kotlin-compiler-11,fixture-kotlin-compiler-12,fixture-kotlin-compiler-13,fixture-kotlin-compiler-14,fixture-kotlin-compiler-15	8	0	0	8	0	8	1	1	56	1	0
request-selected-set-wrapped-contains-k08-group-07-zero	graph-set-reference	request-selected-set-wrapped-contains	zero	request-graph-set-selection-and-wrapped-contains	request-selected-source	properties	200	fixture-kotlin-compiler-08	fixture-kotlin-compiler-08,fixture-kotlin-compiler-09,fixture-kotlin-compiler-10,fixture-kotlin-compiler-11,fixture-kotlin-compiler-12,fixture-kotlin-compiler-13,fixture-kotlin-compiler-14,fixture-kotlin-compiler-15	8	9292ac32ef9f293478d3503f3f9fc5ad57387486cc5526339373d8f264b933aa	success	0	147	805c8c7334c868e18e2be84be95b83cc60895722d739c2b164a68be4cd410c49	103985			request-selected-source	8	8	fixture-kotlin-compiler-08,fixture-kotlin-compiler-09,fixture-kotlin-compiler-10,fixture-kotlin-compiler-11,fixture-kotlin-compiler-12,fixture-kotlin-compiler-13,fixture-kotlin-compiler-14,fixture-kotlin-compiler-15	8	0	0	8	0	8	0	0	0	1	0
graph-id-in-literal-wrapped-contains-k08-group-07-targeted	graph-id-set	graph-id-in-literal-wrapped-contains	targeted	graph-id-in-literal-and-wrapped-contains	graph-routing-set	properties	200	fixture-kotlin-compiler-08	fixture-kotlin-compiler-08,fixture-kotlin-compiler-09,fixture-kotlin-compiler-10,fixture-kotlin-compiler-11,fixture-kotlin-compiler-12,fixture-kotlin-compiler-13,fixture-kotlin-compiler-14,fixture-kotlin-compiler-15	8	9292ac32ef9f293478d3503f3f9fc5ad57387486cc5526339373d8f264b933aa	success	5	3192	6be81ce87c99d083628d76b0dce1e105c3d7fae110ebf15207143c3be7df8eeb	115146		fixture-kotlin-compiler-08,fixture-kotlin-compiler-14	cypher-graph-id-predicate	64	8	fixture-kotlin-compiler-08,fixture-kotlin-compiler-09,fixture-kotlin-compiler-10,fixture-kotlin-compiler-11,fixture-kotlin-compiler-12,fixture-kotlin-compiler-13,fixture-kotlin-compiler-14,fixture-kotlin-compiler-15	8	0	0	8	0	11	1	1	56	1	0
graph-id-in-parameter-wrapped-contains-k08-group-07-targeted	graph-id-set	graph-id-in-parameter-wrapped-contains	targeted	graph-id-in-parameter-and-wrapped-contains	parameters	properties	200	fixture-kotlin-compiler-08	fixture-kotlin-compiler-08,fixture-kotlin-compiler-09,fixture-kotlin-compiler-10,fixture-kotlin-compiler-11,fixture-kotlin-compiler-12,fixture-kotlin-compiler-13,fixture-kotlin-compiler-14,fixture-kotlin-compiler-15	8	9292ac32ef9f293478d3503f3f9fc5ad57387486cc5526339373d8f264b933aa	success	5	3192	6be81ce87c99d083628d76b0dce1e105c3d7fae110ebf15207143c3be7df8eeb	111238		fixture-kotlin-compiler-08,fixture-kotlin-compiler-14	cypher-graph-id-predicate	64	8	fixture-kotlin-compiler-08,fixture-kotlin-compiler-09,fixture-kotlin-compiler-10,fixture-kotlin-compiler-11,fixture-kotlin-compiler-12,fixture-kotlin-compiler-13,fixture-kotlin-compiler-14,fixture-kotlin-compiler-15	8	0	0	8	0	11	1	1	56	1	0
request-selected-set-wrapped-contains-k08-group-07-targeted	graph-set-reference	request-selected-set-wrapped-contains	targeted	request-graph-set-selection-and-wrapped-contains	request-selected-source	properties	200	fixture-kotlin-compiler-08	fixture-kotlin-compiler-08,fixture-kotlin-compiler-09,fixture-kotlin-compiler-10,fixture-kotlin-compiler-11,fixture-kotlin-compiler-12,fixture-kotlin-compiler-13,fixture-kotlin-compiler-14,fixture-kotlin-compiler-15	8	9292ac32ef9f293478d3503f3f9fc5ad57387486cc5526339373d8f264b933aa	success	5	3192	6be81ce87c99d083628d76b0dce1e105c3d7fae110ebf15207143c3be7df8eeb	102893		fixture-kotlin-compiler-08,fixture-kotlin-compiler-14	request-selected-source	8	8	fixture-kotlin-compiler-08,fixture-kotlin-compiler-09,fixture-kotlin-compiler-10,fixture-kotlin-compiler-11,fixture-kotlin-compiler-12,fixture-kotlin-compiler-13,fixture-kotlin-compiler-14,fixture-kotlin-compiler-15	8	0	0	8	0	11	0	0	0	1	0
graph-id-in-literal-wrapped-contains-k08-group-07-dense	graph-id-set	graph-id-in-literal-wrapped-contains	dense	graph-id-in-literal-and-wrapped-contains	graph-routing-set	properties	200	fixture-kotlin-compiler-08	fixture-kotlin-compiler-08,fixture-kotlin-compiler-09,fixture-kotlin-compiler-10,fixture-kotlin-compiler-11,fixture-kotlin-compiler-12,fixture-kotlin-compiler-13,fixture-kotlin-compiler-14,fixture-kotlin-compiler-15	8	9292ac32ef9f293478d3503f3f9fc5ad57387486cc5526339373d8f264b933aa	success	200	93704	b778fc4edfb3c1031b90b2d3d121fd31958733afdc68d3f1cde538a17b738328	191759		fixture-kotlin-compiler-08	cypher-graph-id-predicate	64	1	fixture-kotlin-compiler-08	1	0	0	1	0	200	1	1	56	1	0
graph-id-in-parameter-wrapped-contains-k08-group-07-dense	graph-id-set	graph-id-in-parameter-wrapped-contains	dense	graph-id-in-parameter-and-wrapped-contains	parameters	properties	200	fixture-kotlin-compiler-08	fixture-kotlin-compiler-08,fixture-kotlin-compiler-09,fixture-kotlin-compiler-10,fixture-kotlin-compiler-11,fixture-kotlin-compiler-12,fixture-kotlin-compiler-13,fixture-kotlin-compiler-14,fixture-kotlin-compiler-15	8	9292ac32ef9f293478d3503f3f9fc5ad57387486cc5526339373d8f264b933aa	success	200	93704	b778fc4edfb3c1031b90b2d3d121fd31958733afdc68d3f1cde538a17b738328	109294		fixture-kotlin-compiler-08	cypher-graph-id-predicate	64	1	fixture-kotlin-compiler-08	1	0	0	1	0	200	1	1	56	1	0
request-selected-set-wrapped-contains-k08-group-07-dense	graph-set-reference	request-selected-set-wrapped-contains	dense	request-graph-set-selection-and-wrapped-contains	request-selected-source	properties	200	fixture-kotlin-compiler-08	fixture-kotlin-compiler-08,fixture-kotlin-compiler-09,fixture-kotlin-compiler-10,fixture-kotlin-compiler-11,fixture-kotlin-compiler-12,fixture-kotlin-compiler-13,fixture-kotlin-compiler-14,fixture-kotlin-compiler-15	8	9292ac32ef9f293478d3503f3f9fc5ad57387486cc5526339373d8f264b933aa	success	200	93704	b778fc4edfb3c1031b90b2d3d121fd31958733afdc68d3f1cde538a17b738328	104295		fixture-kotlin-compiler-08	request-selected-source	8	1	fixture-kotlin-compiler-08	1	0	0	1	0	200	0	0	0	1	0
graph-id-in-literal-wrapped-contains-k64-group-00-zero	graph-id-set	graph-id-in-literal-wrapped-contains	zero	graph-id-in-literal-and-wrapped-contains	graph-routing-set	properties	200	fixture-android-00	fixture-android-00,fixture-android-01,fixture-android-02,fixture-android-03,fixture-android-04,fixture-android-05,fixture-android-06,fixture-android-07,fixture-android-08,fixture-android-09,fixture-android-10,fixture-android-11,fixture-android-12,fixture-android-13,fixture-android-14,fixture-android-15,fixture-tika-00,fixture-tika-01,fixture-tika-02,fixture-tika-03,fixture-tika-04,fixture-tika-05,fixture-tika-06,fixture-tika-07,fixture-tika-08,fixture-tika-09,fixture-tika-10,fixture-tika-11,fixture-tika-12,fixture-tika-13,fixture-tika-14,fixture-tika-15,fixture-hive-00,fixture-hive-01,fixture-hive-02,fixture-hive-03,fixture-hive-04,fixture-hive-05,fixture-hive-06,fixture-hive-07,fixture-hive-08,fixture-hive-09,fixture-hive-10,fixture-hive-11,fixture-hive-12,fixture-hive-13,fixture-hive-14,fixture-hive-15,fixture-kotlin-compiler-00,fixture-kotlin-compiler-01,fixture-kotlin-compiler-02,fixture-kotlin-compiler-03,fixture-kotlin-compiler-04,fixture-kotlin-compiler-05,fixture-kotlin-compiler-06,fixture-kotlin-compiler-07,fixture-kotlin-compiler-08,fixture-kotlin-compiler-09,fixture-kotlin-compiler-10,fixture-kotlin-compiler-11,fixture-kotlin-compiler-12,fixture-kotlin-compiler-13,fixture-kotlin-compiler-14,fixture-kotlin-compiler-15	64	35bad66d358dca7faeb0cdf55b64b864a288b1b7a4100dbf64766839a0267284	success	0	147	805c8c7334c868e18e2be84be95b83cc60895722d739c2b164a68be4cd410c49	227305			cypher-graph-id-predicate	64	64	fixture-android-00,fixture-android-01,fixture-android-02,fixture-android-03,fixture-android-04,fixture-android-05,fixture-android-06,fixture-android-07,fixture-android-08,fixture-android-09,fixture-android-10,fixture-android-11,fixture-android-12,fixture-android-13,fixture-android-14,fixture-android-15,fixture-hive-00,fixture-hive-01,fixture-hive-02,fixture-hive-03,fixture-hive-04,fixture-hive-05,fixture-hive-06,fixture-hive-07,fixture-hive-08,fixture-hive-09,fixture-hive-10,fixture-hive-11,fixture-hive-12,fixture-hive-13,fixture-hive-14,fixture-hive-15,fixture-kotlin-compiler-00,fixture-kotlin-compiler-01,fixture-kotlin-compiler-02,fixture-kotlin-compiler-03,fixture-kotlin-compiler-04,fixture-kotlin-compiler-05,fixture-kotlin-compiler-06,fixture-kotlin-compiler-07,fixture-kotlin-compiler-08,fixture-kotlin-compiler-09,fixture-kotlin-compiler-10,fixture-kotlin-compiler-11,fixture-kotlin-compiler-12,fixture-kotlin-compiler-13,fixture-kotlin-compiler-14,fixture-kotlin-compiler-15,fixture-tika-00,fixture-tika-01,fixture-tika-02,fixture-tika-03,fixture-tika-04,fixture-tika-05,fixture-tika-06,fixture-tika-07,fixture-tika-08,fixture-tika-09,fixture-tika-10,fixture-tika-11,fixture-tika-12,fixture-tika-13,fixture-tika-14,fixture-tika-15	64	0	0	64	0	64	1	0	0	1	0
graph-id-in-parameter-wrapped-contains-k64-group-00-zero	graph-id-set	graph-id-in-parameter-wrapped-contains	zero	graph-id-in-parameter-and-wrapped-contains	parameters	properties	200	fixture-android-00	fixture-android-00,fixture-android-01,fixture-android-02,fixture-android-03,fixture-android-04,fixture-android-05,fixture-android-06,fixture-android-07,fixture-android-08,fixture-android-09,fixture-android-10,fixture-android-11,fixture-android-12,fixture-android-13,fixture-android-14,fixture-android-15,fixture-tika-00,fixture-tika-01,fixture-tika-02,fixture-tika-03,fixture-tika-04,fixture-tika-05,fixture-tika-06,fixture-tika-07,fixture-tika-08,fixture-tika-09,fixture-tika-10,fixture-tika-11,fixture-tika-12,fixture-tika-13,fixture-tika-14,fixture-tika-15,fixture-hive-00,fixture-hive-01,fixture-hive-02,fixture-hive-03,fixture-hive-04,fixture-hive-05,fixture-hive-06,fixture-hive-07,fixture-hive-08,fixture-hive-09,fixture-hive-10,fixture-hive-11,fixture-hive-12,fixture-hive-13,fixture-hive-14,fixture-hive-15,fixture-kotlin-compiler-00,fixture-kotlin-compiler-01,fixture-kotlin-compiler-02,fixture-kotlin-compiler-03,fixture-kotlin-compiler-04,fixture-kotlin-compiler-05,fixture-kotlin-compiler-06,fixture-kotlin-compiler-07,fixture-kotlin-compiler-08,fixture-kotlin-compiler-09,fixture-kotlin-compiler-10,fixture-kotlin-compiler-11,fixture-kotlin-compiler-12,fixture-kotlin-compiler-13,fixture-kotlin-compiler-14,fixture-kotlin-compiler-15	64	35bad66d358dca7faeb0cdf55b64b864a288b1b7a4100dbf64766839a0267284	success	0	147	805c8c7334c868e18e2be84be95b83cc60895722d739c2b164a68be4cd410c49	210063			cypher-graph-id-predicate	64	64	fixture-android-00,fixture-android-01,fixture-android-02,fixture-android-03,fixture-android-04,fixture-android-05,fixture-android-06,fixture-android-07,fixture-android-08,fixture-android-09,fixture-android-10,fixture-android-11,fixture-android-12,fixture-android-13,fixture-android-14,fixture-android-15,fixture-hive-00,fixture-hive-01,fixture-hive-02,fixture-hive-03,fixture-hive-04,fixture-hive-05,fixture-hive-06,fixture-hive-07,fixture-hive-08,fixture-hive-09,fixture-hive-10,fixture-hive-11,fixture-hive-12,fixture-hive-13,fixture-hive-14,fixture-hive-15,fixture-kotlin-compiler-00,fixture-kotlin-compiler-01,fixture-kotlin-compiler-02,fixture-kotlin-compiler-03,fixture-kotlin-compiler-04,fixture-kotlin-compiler-05,fixture-kotlin-compiler-06,fixture-kotlin-compiler-07,fixture-kotlin-compiler-08,fixture-kotlin-compiler-09,fixture-kotlin-compiler-10,fixture-kotlin-compiler-11,fixture-kotlin-compiler-12,fixture-kotlin-compiler-13,fixture-kotlin-compiler-14,fixture-kotlin-compiler-15,fixture-tika-00,fixture-tika-01,fixture-tika-02,fixture-tika-03,fixture-tika-04,fixture-tika-05,fixture-tika-06,fixture-tika-07,fixture-tika-08,fixture-tika-09,fixture-tika-10,fixture-tika-11,fixture-tika-12,fixture-tika-13,fixture-tika-14,fixture-tika-15	64	0	0	64	0	64	1	0	0	1	0
graph-id-in-literal-wrapped-contains-k64-group-00-targeted	graph-id-set	graph-id-in-literal-wrapped-contains	targeted	graph-id-in-literal-and-wrapped-contains	graph-routing-set	properties	200	fixture-android-00	fixture-android-00,fixture-android-01,fixture-android-02,fixture-android-03,fixture-android-04,fixture-android-05,fixture-android-06,fixture-android-07,fixture-android-08,fixture-android-09,fixture-android-10,fixture-android-11,fixture-android-12,fixture-android-13,fixture-android-14,fixture-android-15,fixture-tika-00,fixture-tika-01,fixture-tika-02,fixture-tika-03,fixture-tika-04,fixture-tika-05,fixture-tika-06,fixture-tika-07,fixture-tika-08,fixture-tika-09,fixture-tika-10,fixture-tika-11,fixture-tika-12,fixture-tika-13,fixture-tika-14,fixture-tika-15,fixture-hive-00,fixture-hive-01,fixture-hive-02,fixture-hive-03,fixture-hive-04,fixture-hive-05,fixture-hive-06,fixture-hive-07,fixture-hive-08,fixture-hive-09,fixture-hive-10,fixture-hive-11,fixture-hive-12,fixture-hive-13,fixture-hive-14,fixture-hive-15,fixture-kotlin-compiler-00,fixture-kotlin-compiler-01,fixture-kotlin-compiler-02,fixture-kotlin-compiler-03,fixture-kotlin-compiler-04,fixture-kotlin-compiler-05,fixture-kotlin-compiler-06,fixture-kotlin-compiler-07,fixture-kotlin-compiler-08,fixture-kotlin-compiler-09,fixture-kotlin-compiler-10,fixture-kotlin-compiler-11,fixture-kotlin-compiler-12,fixture-kotlin-compiler-13,fixture-kotlin-compiler-14,fixture-kotlin-compiler-15	64	35bad66d358dca7faeb0cdf55b64b864a288b1b7a4100dbf64766839a0267284	success	11	6277	ca01ade166f4156fe11d166c7832fed45bfbdf107060915eb0c8f2df36ef35ed	222536		fixture-android-00,fixture-android-09	cypher-graph-id-predicate	64	64	fixture-android-00,fixture-android-01,fixture-android-02,fixture-android-03,fixture-android-04,fixture-android-05,fixture-android-06,fixture-android-07,fixture-android-08,fixture-android-09,fixture-android-10,fixture-android-11,fixture-android-12,fixture-android-13,fixture-android-14,fixture-android-15,fixture-hive-00,fixture-hive-01,fixture-hive-02,fixture-hive-03,fixture-hive-04,fixture-hive-05,fixture-hive-06,fixture-hive-07,fixture-hive-08,fixture-hive-09,fixture-hive-10,fixture-hive-11,fixture-hive-12,fixture-hive-13,fixture-hive-14,fixture-hive-15,fixture-kotlin-compiler-00,fixture-kotlin-compiler-01,fixture-kotlin-compiler-02,fixture-kotlin-compiler-03,fixture-kotlin-compiler-04,fixture-kotlin-compiler-05,fixture-kotlin-compiler-06,fixture-kotlin-compiler-07,fixture-kotlin-compiler-08,fixture-kotlin-compiler-09,fixture-kotlin-compiler-10,fixture-kotlin-compiler-11,fixture-kotlin-compiler-12,fixture-kotlin-compiler-13,fixture-kotlin-compiler-14,fixture-kotlin-compiler-15,fixture-tika-00,fixture-tika-01,fixture-tika-02,fixture-tika-03,fixture-tika-04,fixture-tika-05,fixture-tika-06,fixture-tika-07,fixture-tika-08,fixture-tika-09,fixture-tika-10,fixture-tika-11,fixture-tika-12,fixture-tika-13,fixture-tika-14,fixture-tika-15	64	0	0	64	0	73	1	0	0	1	0
graph-id-in-parameter-wrapped-contains-k64-group-00-targeted	graph-id-set	graph-id-in-parameter-wrapped-contains	targeted	graph-id-in-parameter-and-wrapped-contains	parameters	properties	200	fixture-android-00	fixture-android-00,fixture-android-01,fixture-android-02,fixture-android-03,fixture-android-04,fixture-android-05,fixture-android-06,fixture-android-07,fixture-android-08,fixture-android-09,fixture-android-10,fixture-android-11,fixture-android-12,fixture-android-13,fixture-android-14,fixture-android-15,fixture-tika-00,fixture-tika-01,fixture-tika-02,fixture-tika-03,fixture-tika-04,fixture-tika-05,fixture-tika-06,fixture-tika-07,fixture-tika-08,fixture-tika-09,fixture-tika-10,fixture-tika-11,fixture-tika-12,fixture-tika-13,fixture-tika-14,fixture-tika-15,fixture-hive-00,fixture-hive-01,fixture-hive-02,fixture-hive-03,fixture-hive-04,fixture-hive-05,fixture-hive-06,fixture-hive-07,fixture-hive-08,fixture-hive-09,fixture-hive-10,fixture-hive-11,fixture-hive-12,fixture-hive-13,fixture-hive-14,fixture-hive-15,fixture-kotlin-compiler-00,fixture-kotlin-compiler-01,fixture-kotlin-compiler-02,fixture-kotlin-compiler-03,fixture-kotlin-compiler-04,fixture-kotlin-compiler-05,fixture-kotlin-compiler-06,fixture-kotlin-compiler-07,fixture-kotlin-compiler-08,fixture-kotlin-compiler-09,fixture-kotlin-compiler-10,fixture-kotlin-compiler-11,fixture-kotlin-compiler-12,fixture-kotlin-compiler-13,fixture-kotlin-compiler-14,fixture-kotlin-compiler-15	64	35bad66d358dca7faeb0cdf55b64b864a288b1b7a4100dbf64766839a0267284	success	11	6277	ca01ade166f4156fe11d166c7832fed45bfbdf107060915eb0c8f2df36ef35ed	203401		fixture-android-00,fixture-android-09	cypher-graph-id-predicate	64	64	fixture-android-00,fixture-android-01,fixture-android-02,fixture-android-03,fixture-android-04,fixture-android-05,fixture-android-06,fixture-android-07,fixture-android-08,fixture-android-09,fixture-android-10,fixture-android-11,fixture-android-12,fixture-android-13,fixture-android-14,fixture-android-15,fixture-hive-00,fixture-hive-01,fixture-hive-02,fixture-hive-03,fixture-hive-04,fixture-hive-05,fixture-hive-06,fixture-hive-07,fixture-hive-08,fixture-hive-09,fixture-hive-10,fixture-hive-11,fixture-hive-12,fixture-hive-13,fixture-hive-14,fixture-hive-15,fixture-kotlin-compiler-00,fixture-kotlin-compiler-01,fixture-kotlin-compiler-02,fixture-kotlin-compiler-03,fixture-kotlin-compiler-04,fixture-kotlin-compiler-05,fixture-kotlin-compiler-06,fixture-kotlin-compiler-07,fixture-kotlin-compiler-08,fixture-kotlin-compiler-09,fixture-kotlin-compiler-10,fixture-kotlin-compiler-11,fixture-kotlin-compiler-12,fixture-kotlin-compiler-13,fixture-kotlin-compiler-14,fixture-kotlin-compiler-15,fixture-tika-00,fixture-tika-01,fixture-tika-02,fixture-tika-03,fixture-tika-04,fixture-tika-05,fixture-tika-06,fixture-tika-07,fixture-tika-08,fixture-tika-09,fixture-tika-10,fixture-tika-11,fixture-tika-12,fixture-tika-13,fixture-tika-14,fixture-tika-15	64	0	0	64	0	73	1	0	0	1	0
request-selected-set-wrapped-contains-k64-group-00-targeted	graph-set-reference	request-selected-set-wrapped-contains	targeted	request-graph-set-selection-and-wrapped-contains	request-selected-source	properties	200	fixture-android-00	fixture-android-00,fixture-android-01,fixture-android-02,fixture-android-03,fixture-android-04,fixture-android-05,fixture-android-06,fixture-android-07,fixture-android-08,fixture-android-09,fixture-android-10,fixture-android-11,fixture-android-12,fixture-android-13,fixture-android-14,fixture-android-15,fixture-tika-00,fixture-tika-01,fixture-tika-02,fixture-tika-03,fixture-tika-04,fixture-tika-05,fixture-tika-06,fixture-tika-07,fixture-tika-08,fixture-tika-09,fixture-tika-10,fixture-tika-11,fixture-tika-12,fixture-tika-13,fixture-tika-14,fixture-tika-15,fixture-hive-00,fixture-hive-01,fixture-hive-02,fixture-hive-03,fixture-hive-04,fixture-hive-05,fixture-hive-06,fixture-hive-07,fixture-hive-08,fixture-hive-09,fixture-hive-10,fixture-hive-11,fixture-hive-12,fixture-hive-13,fixture-hive-14,fixture-hive-15,fixture-kotlin-compiler-00,fixture-kotlin-compiler-01,fixture-kotlin-compiler-02,fixture-kotlin-compiler-03,fixture-kotlin-compiler-04,fixture-kotlin-compiler-05,fixture-kotlin-compiler-06,fixture-kotlin-compiler-07,fixture-kotlin-compiler-08,fixture-kotlin-compiler-09,fixture-kotlin-compiler-10,fixture-kotlin-compiler-11,fixture-kotlin-compiler-12,fixture-kotlin-compiler-13,fixture-kotlin-compiler-14,fixture-kotlin-compiler-15	64	35bad66d358dca7faeb0cdf55b64b864a288b1b7a4100dbf64766839a0267284	success	11	6277	ca01ade166f4156fe11d166c7832fed45bfbdf107060915eb0c8f2df36ef35ed	231613		fixture-android-00,fixture-android-09	request-selected-source	64	64	fixture-android-00,fixture-android-01,fixture-android-02,fixture-android-03,fixture-android-04,fixture-android-05,fixture-android-06,fixture-android-07,fixture-android-08,fixture-android-09,fixture-android-10,fixture-android-11,fixture-android-12,fixture-android-13,fixture-android-14,fixture-android-15,fixture-hive-00,fixture-hive-01,fixture-hive-02,fixture-hive-03,fixture-hive-04,fixture-hive-05,fixture-hive-06,fixture-hive-07,fixture-hive-08,fixture-hive-09,fixture-hive-10,fixture-hive-11,fixture-hive-12,fixture-hive-13,fixture-hive-14,fixture-hive-15,fixture-kotlin-compiler-00,fixture-kotlin-compiler-01,fixture-kotlin-compiler-02,fixture-kotlin-compiler-03,fixture-kotlin-compiler-04,fixture-kotlin-compiler-05,fixture-kotlin-compiler-06,fixture-kotlin-compiler-07,fixture-kotlin-compiler-08,fixture-kotlin-compiler-09,fixture-kotlin-compiler-10,fixture-kotlin-compiler-11,fixture-kotlin-compiler-12,fixture-kotlin-compiler-13,fixture-kotlin-compiler-14,fixture-kotlin-compiler-15,fixture-tika-00,fixture-tika-01,fixture-tika-02,fixture-tika-03,fixture-tika-04,fixture-tika-05,fixture-tika-06,fixture-tika-07,fixture-tika-08,fixture-tika-09,fixture-tika-10,fixture-tika-11,fixture-tika-12,fixture-tika-13,fixture-tika-14,fixture-tika-15	64	0	0	64	0	73	0	0	0	1	0
graph-id-in-literal-wrapped-contains-k64-group-00-dense	graph-id-set	graph-id-in-literal-wrapped-contains	dense	graph-id-in-literal-and-wrapped-contains	graph-routing-set	properties	200	fixture-android-00	fixture-android-00,fixture-android-01,fixture-android-02,fixture-android-03,fixture-android-04,fixture-android-05,fixture-android-06,fixture-android-07,fixture-android-08,fixture-android-09,fixture-android-10,fixture-android-11,fixture-android-12,fixture-android-13,fixture-android-14,fixture-android-15,fixture-tika-00,fixture-tika-01,fixture-tika-02,fixture-tika-03,fixture-tika-04,fixture-tika-05,fixture-tika-06,fixture-tika-07,fixture-tika-08,fixture-tika-09,fixture-tika-10,fixture-tika-11,fixture-tika-12,fixture-tika-13,fixture-tika-14,fixture-tika-15,fixture-hive-00,fixture-hive-01,fixture-hive-02,fixture-hive-03,fixture-hive-04,fixture-hive-05,fixture-hive-06,fixture-hive-07,fixture-hive-08,fixture-hive-09,fixture-hive-10,fixture-hive-11,fixture-hive-12,fixture-hive-13,fixture-hive-14,fixture-hive-15,fixture-kotlin-compiler-00,fixture-kotlin-compiler-01,fixture-kotlin-compiler-02,fixture-kotlin-compiler-03,fixture-kotlin-compiler-04,fixture-kotlin-compiler-05,fixture-kotlin-compiler-06,fixture-kotlin-compiler-07,fixture-kotlin-compiler-08,fixture-kotlin-compiler-09,fixture-kotlin-compiler-10,fixture-kotlin-compiler-11,fixture-kotlin-compiler-12,fixture-kotlin-compiler-13,fixture-kotlin-compiler-14,fixture-kotlin-compiler-15	64	35bad66d358dca7faeb0cdf55b64b864a288b1b7a4100dbf64766839a0267284	success	200	84411	3bdee68309e62bee93f47848258ded90b1763d55841fa57d8b8fd21867653c44	186038		fixture-android-00	cypher-graph-id-predicate	64	1	fixture-android-00	1	0	0	1	0	200	1	0	0	1	0
graph-id-in-parameter-wrapped-contains-k64-group-00-dense	graph-id-set	graph-id-in-parameter-wrapped-contains	dense	graph-id-in-parameter-and-wrapped-contains	parameters	properties	200	fixture-android-00	fixture-android-00,fixture-android-01,fixture-android-02,fixture-android-03,fixture-android-04,fixture-android-05,fixture-android-06,fixture-android-07,fixture-android-08,fixture-android-09,fixture-android-10,fixture-android-11,fixture-android-12,fixture-android-13,fixture-android-14,fixture-android-15,fixture-tika-00,fixture-tika-01,fixture-tika-02,fixture-tika-03,fixture-tika-04,fixture-tika-05,fixture-tika-06,fixture-tika-07,fixture-tika-08,fixture-tika-09,fixture-tika-10,fixture-tika-11,fixture-tika-12,fixture-tika-13,fixture-tika-14,fixture-tika-15,fixture-hive-00,fixture-hive-01,fixture-hive-02,fixture-hive-03,fixture-hive-04,fixture-hive-05,fixture-hive-06,fixture-hive-07,fixture-hive-08,fixture-hive-09,fixture-hive-10,fixture-hive-11,fixture-hive-12,fixture-hive-13,fixture-hive-14,fixture-hive-15,fixture-kotlin-compiler-00,fixture-kotlin-compiler-01,fixture-kotlin-compiler-02,fixture-kotlin-compiler-03,fixture-kotlin-compiler-04,fixture-kotlin-compiler-05,fixture-kotlin-compiler-06,fixture-kotlin-compiler-07,fixture-kotlin-compiler-08,fixture-kotlin-compiler-09,fixture-kotlin-compiler-10,fixture-kotlin-compiler-11,fixture-kotlin-compiler-12,fixture-kotlin-compiler-13,fixture-kotlin-compiler-14,fixture-kotlin-compiler-15	64	35bad66d358dca7faeb0cdf55b64b864a288b1b7a4100dbf64766839a0267284	success	200	84411	3bdee68309e62bee93f47848258ded90b1763d55841fa57d8b8fd21867653c44	119774		fixture-android-00	cypher-graph-id-predicate	64	1	fixture-android-00	1	0	0	1	0	200	1	0	0	1	0
request-selected-set-wrapped-contains-k64-group-00-dense	graph-set-reference	request-selected-set-wrapped-contains	dense	request-graph-set-selection-and-wrapped-contains	request-selected-source	properties	200	fixture-android-00	fixture-android-00,fixture-android-01,fixture-android-02,fixture-android-03,fixture-android-04,fixture-android-05,fixture-android-06,fixture-android-07,fixture-android-08,fixture-android-09,fixture-android-10,fixture-android-11,fixture-android-12,fixture-android-13,fixture-android-14,fixture-android-15,fixture-tika-00,fixture-tika-01,fixture-tika-02,fixture-tika-03,fixture-tika-04,fixture-tika-05,fixture-tika-06,fixture-tika-07,fixture-tika-08,fixture-tika-09,fixture-tika-10,fixture-tika-11,fixture-tika-12,fixture-tika-13,fixture-tika-14,fixture-tika-15,fixture-hive-00,fixture-hive-01,fixture-hive-02,fixture-hive-03,fixture-hive-04,fixture-hive-05,fixture-hive-06,fixture-hive-07,fixture-hive-08,fixture-hive-09,fixture-hive-10,fixture-hive-11,fixture-hive-12,fixture-hive-13,fixture-hive-14,fixture-hive-15,fixture-kotlin-compiler-00,fixture-kotlin-compiler-01,fixture-kotlin-compiler-02,fixture-kotlin-compiler-03,fixture-kotlin-compiler-04,fixture-kotlin-compiler-05,fixture-kotlin-compiler-06,fixture-kotlin-compiler-07,fixture-kotlin-compiler-08,fixture-kotlin-compiler-09,fixture-kotlin-compiler-10,fixture-kotlin-compiler-11,fixture-kotlin-compiler-12,fixture-kotlin-compiler-13,fixture-kotlin-compiler-14,fixture-kotlin-compiler-15	64	35bad66d358dca7faeb0cdf55b64b864a288b1b7a4100dbf64766839a0267284	success	200	84411	3bdee68309e62bee93f47848258ded90b1763d55841fa57d8b8fd21867653c44	125935		fixture-android-00	request-selected-source	64	1	fixture-android-00	1	0	0	1	0	200	0	0	0	1	0
