id	family	shape	selectivity	operator	boundary	projection	limit	targetGraphId	targetGraphIds	selectedGraphCount	workloadIdentity	outcome	rowCount	responseBytes	digest	latencyNanos	fixtureDistributionId	hitGraphIds	executionPath	inputSourceCount	accessedGraphCount	accessedGraphIds	targetGraphAccessCount	nonTargetGraphAccessCount	parallelScanCount	indexLookupCount	peakActiveWorkers	graphWorkUnits	graphIdSourceSelections	graphIdSourcePruningExecutions	graphIdSourcesPruned	filteredNodeLimitFastPathExecutions	generalFallbackExecutions
request-selected-set-wrapped-contains-k64-group-00-zero	graph-set-reference	request-selected-set-wrapped-contains	zero	request-graph-set-selection-and-wrapped-contains	request-selected-source	properties	200	fixture-android-00	fixture-android-00,fixture-android-01,fixture-android-02,fixture-android-03,fixture-android-04,fixture-android-05,fixture-android-06,fixture-android-07,fixture-android-08,fixture-android-09,fixture-android-10,fixture-android-11,fixture-android-12,fixture-android-13,fixture-android-14,fixture-android-15,fixture-tika-00,fixture-tika-01,fixture-tika-02,fixture-tika-03,fixture-tika-04,fixture-tika-05,fixture-tika-06,fixture-tika-07,fixture-tika-08,fixture-tika-09,fixture-tika-10,fixture-tika-11,fixture-tika-12,fixture-tika-13,fixture-tika-14,fixture-tika-15,fixture-hive-00,fixture-hive-01,fixture-hive-02,fixture-hive-03,fixture-hive-04,fixture-hive-05,fixture-hive-06,fixture-hive-07,fixture-hive-08,fixture-hive-09,fixture-hive-10,fixture-hive-11,fixture-hive-12,fixture-hive-13,fixture-hive-14,fixture-hive-15,fixture-kotlin-compiler-00,fixture-kotlin-compiler-01,fixture-kotlin-compiler-02,fixture-kotlin-compiler-03,fixture-kotlin-compiler-04,fixture-kotlin-compiler-05,fixture-kotlin-compiler-06,fixture-kotlin-compiler-07,fixture-kotlin-compiler-08,fixture-kotlin-compiler-09,fixture-kotlin-compiler-10,fixture-kotlin-compiler-11,fixture-kotlin-compiler-12,fixture-kotlin-compiler-13,fixture-kotlin-compiler-14,fixture-kotlin-compiler-15	64	35bad66d358dca7faeb0cdf55b64b864a288b1b7a4100dbf64766839a0267284	success	0	147	805c8c7334c868e18e2be84be95b83cc60895722d739c2b164a68be4cd410c49	351658			request-selected-source	64	64	fixture-android-00,fixture-android-01,fixture-android-02,fixture-android-03,fixture-android-04,fixture-android-05,fixture-android-06,fixture-android-07,fixture-android-08,fixture-android-09,fixture-android-10,fixture-android-11,fixture-android-12,fixture-android-13,fixture-android-14,fixture-android-15,fixture-hive-00,fixture-hive-01,fixture-hive-02,fixture-hive-03,fixture-hive-04,fixture-hive-05,fixture-hive-06,fixture-hive-07,fixture-hive-08,fixture-hive-09,fixture-hive-10,fixture-hive-11,fixture-hive-12,fixture-hive-13,fixture-hive-14,fixture-hive-15,fixture-kotlin-compiler-00,fixture-kotlin-compiler-01,fixture-kotlin-compiler-02,fixture-kotlin-compiler-03,fixture-kotlin-compiler-04,fixture-kotlin-compiler-05,fixture-kotlin-compiler-06,fixture-kotlin-compiler-07,fixture-kotlin-compiler-08,fixture-kotlin-compiler-09,fixture-kotlin-compiler-10,fixture-kotlin-compiler-11,fixture-kotlin-compiler-12,fixture-kotlin-compiler-13,fixture-kotlin-compiler-14,fixture-kotlin-compiler-15,fixture-tika-00,fixture-tika-01,fixture-tika-02,fixture-tika-03,fixture-tika-04,fixture-tika-05,fixture-tika-06,fixture-tika-07,fixture-tika-08,fixture-tika-09,fixture-tika-10,fixture-tika-11,fixture-tika-12,fixture-tika-13,fixture-tika-14,fixture-tika-15	64	0	0	64	0	64	0	0	0	1	0
graph-id-property-wrapped-contains-target-00-zero	graph-id	graph-id-property-wrapped-contains	zero	graph-id-equals-and-wrapped-contains	graph-routing	properties	200	fixture-android-00	fixture-android-00	1	47c5f2f8275ab2447995a1b45a36cd5b0b70e258e0f75934abd1f0cef5c2b93e	success	0	147	805c8c7334c868e18e2be84be95b83cc60895722d739c2b164a68be4cd410c49	167113			cypher-graph-id-predicate	64	1	fixture-android-00	1	0	0	1	0	1	1	1	63	1	0
graph-id-property-wrapped-contains-target-00-targeted	graph-id	graph-id-property-wrapped-contains	targeted	graph-id-equals-and-wrapped-contains	graph-routing	properties	200	fixture-android-00	fixture-android-00	1	47c5f2f8275ab2447995a1b45a36cd5b0b70e258e0f75934abd1f0cef5c2b93e	success	10	5730	00c81103244dc6d42abdc3894d771e5a24957dcf7e5ad4d8dc686b1d7e0cb89e	153528		fixture-android-00	cypher-graph-id-predicate	64	1	fixture-android-00	1	0	0	1	0	10	1	1	63	1	0
graph-id-property-wrapped-contains-target-00-dense	graph-id	graph-id-property-wrapped-contains	dense	graph-id-equals-and-wrapped-contains	graph-routing	properties	200	fixture-android-00	fixture-android-00	1	47c5f2f8275ab2447995a1b45a36cd5b0b70e258e0f75934abd1f0cef5c2b93e	success	200	84411	3bdee68309e62bee93f47848258ded90b1763d55841fa57d8b8fd21867653c44	236523		fixture-android-00	cypher-graph-id-predicate	64	1	fixture-android-00	1	0	0	1	0	200	1	1	63	1	0
graph-id-property-wrapped-contains-target-01-zero	graph-id	graph-id-property-wrapped-contains	zero	graph-id-equals-and-wrapped-contains	graph-routing	properties	200	fixture-android-01	fixture-android-01	1	e4528616b87301f557512ab9d9e4e598561300f98d2e85100725c35158534ecc	success	0	147	805c8c7334c868e18e2be84be95b83cc60895722d739c2b164a68be4cd410c49	98354			cypher-graph-id-predicate	64	1	fixture-android-01	1	0	0	1	0	1	1	1	63	1	0
graph-id-property-wrapped-contains-target-01-targeted	graph-id	graph-id-property-wrapped-contains	targeted	graph-id-equals-and-wrapped-contains	graph-routing	properties	200	fixture-android-01	fixture-android-01	1	e4528616b87301f557512ab9d9e4e598561300f98d2e85100725c35158534ecc	success	1	758	b33173a678013ac093c95f3fccc5cd5af96ea18082387e1fc872de4817e234b2	119955		fixture-android-01	cypher-graph-id-predicate	64	1	fixture-android-01	1	0	0	1	0	1	1	1	63	1	0
graph-id-property-wrapped-contains-target-01-dense	graph-id	graph-id-property-wrapped-contains	dense	graph-id-equals-and-wrapped-contains	graph-routing	properties	200	fixture-android-01	fixture-android-01	1	e4528616b87301f557512ab9d9e4e598561300f98d2e85100725c35158534ecc	success	200	84093	d9daf98f04e06930dfeb91ddd4e8ae597b8f9154e54ac1018db6a25ea8ddd84f	308144		fixture-android-01	cypher-graph-id-predicate	64	1	fixture-android-01	1	0	0	1	0	200	1	1	63	1	0
graph-id-property-wrapped-contains-target-02-zero	graph-id	graph-id-property-wrapped-contains	zero	graph-id-equals-and-wrapped-contains	graph-routing	properties	200	fixture-android-02	fixture-android-02	1	1a026780ab945a978bf2d821f0728dd8a679a4b4838c8a3b7703d006d3fae584	success	0	147	805c8c7334c868e18e2be84be95b83cc60895722d739c2b164a68be4cd410c49	156433			cypher-graph-id-predicate	64	1	fixture-android-02	1	0	0	1	0	1	1	1	63	1	0
graph-id-property-wrapped-contains-target-02-targeted	graph-id	graph-id-property-wrapped-contains	targeted	graph-id-equals-and-wrapped-contains	graph-routing	properties	200	fixture-android-02	fixture-android-02	1	1a026780ab945a978bf2d821f0728dd8a679a4b4838c8a3b7703d006d3fae584	success	9	5751	0754b66fd035110585cc31e6af555127395a9cd85c413f0a859de6b596c3b70d	138159		fixture-android-02	cypher-graph-id-predicate	64	1	fixture-android-02	1	0	0	1	0	9	1	1	63	1	0
graph-id-property-wrapped-contains-target-02-dense	graph-id	graph-id-property-wrapped-contains	dense	graph-id-equals-and-wrapped-contains	graph-routing	properties	200	fixture-android-02	fixture-android-02	1	1a026780ab945a978bf2d821f0728dd8a679a4b4838c8a3b7703d006d3fae584	success	200	86930	a289774d080329d12351d967c614eae9b16190b55970a757b1f268e21aee3975	434178		fixture-android-02	cypher-graph-id-predicate	64	1	fixture-android-02	1	0	0	1	0	200	1	1	63	1	0
graph-id-property-wrapped-contains-target-03-zero	graph-id	graph-id-property-wrapped-contains	zero	graph-id-equals-and-wrapped-contains	graph-routing	properties	200	fixture-android-03	fixture-android-03	1	3a085dec137def84e2f0fd6c417ca6216ad5c22c415250ab8d225957a37eb876	success	0	147	805c8c7334c868e18e2be84be95b83cc60895722d739c2b164a68be4cd410c49	121647			cypher-graph-id-predicate	64	1	fixture-android-03	1	0	0	1	0	1	1	1	63	1	0
graph-id-property-wrapped-contains-target-03-targeted	graph-id	graph-id-property-wrapped-contains	targeted	graph-id-equals-and-wrapped-contains	graph-routing	properties	200	fixture-android-03	fixture-android-03	1	3a085dec137def84e2f0fd6c417ca6216ad5c22c415250ab8d225957a37eb876	success	2	1333	77f2da9b0b5a99e6332b957b281149f5e269d152177e36aaa74e86db4bc23bf9	435565		fixture-android-03	cypher-graph-id-predicate	64	1	fixture-android-03	1	0	0	1	0	2	1	1	63	1	0
graph-id-property-wrapped-contains-target-03-dense	graph-id	graph-id-property-wrapped-contains	dense	graph-id-equals-and-wrapped-contains	graph-routing	properties	200	fixture-android-03	fixture-android-03	1	3a085dec137def84e2f0fd6c417ca6216ad5c22c415250ab8d225957a37eb876	success	200	85151	08fbf5fde8e917175e0dca625983535621218120265897bdd0781fe99669b859	466613		fixture-android-03	cypher-graph-id-predicate	64	1	fixture-android-03	1	0	0	1	0	200	1	1	63	1	0
graph-id-property-wrapped-contains-target-04-zero	graph-id	graph-id-property-wrapped-contains	zero	graph-id-equals-and-wrapped-contains	graph-routing	properties	200	fixture-android-04	fixture-android-04	1	72b2db3813782b7057457474cb692d1ab65cbced9ccd76e7a6348806a1a0fdd6	success	0	147	805c8c7334c868e18e2be84be95b83cc60895722d739c2b164a68be4cd410c49	123311			cypher-graph-id-predicate	64	1	fixture-android-04	1	0	0	1	0	1	1	1	63	1	0
graph-id-property-wrapped-contains-target-04-targeted	graph-id	graph-id-property-wrapped-contains	targeted	graph-id-equals-and-wrapped-contains	graph-routing	properties	200	fixture-android-04	fixture-android-04	1	72b2db3813782b7057457474cb692d1ab65cbced9ccd76e7a6348806a1a0fdd6	success	9	5762	527d81de9e8ca9f5fe9ad0166e1e1711fbccaf3c53281e7e95375f6d55e3a3c7	123461		fixture-android-04	cypher-graph-id-predicate	64	1	fixture-android-04	1	0	0	1	0	9	1	1	63	1	0
graph-id-property-wrapped-contains-target-04-dense	graph-id	graph-id-property-wrapped-contains	dense	graph-id-equals-and-wrapped-contains	graph-routing	properties	200	fixture-android-04	fixture-android-04	1	72b2db3813782b7057457474cb692d1ab65cbced9ccd76e7a6348806a1a0fdd6	success	200	86152	85d9bac3392391ae56f1f03af81d888f398336c8e33a1ef1e42c5409f746f730	632614		fixture-android-04	cypher-graph-id-predicate	64	1	fixture-android-04	1	0	0	1	0	200	1	1	63	1	0
graph-id-property-wrapped-contains-target-05-zero	graph-id	graph-id-property-wrapped-contains	zero	graph-id-equals-and-wrapped-contains	graph-routing	properties	200	fixture-android-05	fixture-android-05	1	9ccc65db4edf2ad696714957f6291e11ba1a158b062c135b909367736aa1cb91	success	0	147	805c8c7334c868e18e2be84be95b83cc60895722d739c2b164a68be4cd410c49	92032			cypher-graph-id-predicate	64	1	fixture-android-05	1	0	0	1	0	1	1	1	63	1	0
graph-id-property-wrapped-contains-target-05-targeted	graph-id	graph-id-property-wrapped-contains	targeted	graph-id-equals-and-wrapped-contains	graph-routing	properties	200	fixture-android-05	fixture-android-05	1	9ccc65db4edf2ad696714957f6291e11ba1a158b062c135b909367736aa1cb91	success	9	5751	48fbef6ae3373a73cfbd3690497aae4d0773c2f4ddadb5d217061398978bcac5	124393		fixture-android-05	cypher-graph-id-predicate	64	1	fixture-android-05	1	0	0	1	0	9	1	1	63	1	0
graph-id-property-wrapped-contains-target-05-dense	graph-id	graph-id-property-wrapped-contains	dense	graph-id-equals-and-wrapped-contains	graph-routing	properties	200	fixture-android-05	fixture-android-05	1	9ccc65db4edf2ad696714957f6291e11ba1a158b062c135b909367736aa1cb91	success	200	90860	57ae61ccbdbf1e83a9ab8de2923c4ac26bcc634ed53a2f1c1a3ee3682afe8cd8	519773		fixture-android-05	cypher-graph-id-predicate	64	1	fixture-android-05	1	0	0	1	0	200	1	1	63	1	0
graph-id-property-wrapped-contains-target-06-zero	graph-id	graph-id-property-wrapped-contains	zero	graph-id-equals-and-wrapped-contains	graph-routing	properties	200	fixture-android-06	fixture-android-06	1	aef2397f89755e0b59e944f9b6062fb5611eea3ea4b05762643e082168bd9526	success	0	147	805c8c7334c868e18e2be84be95b83cc60895722d739c2b164a68be4cd410c49	144391			cypher-graph-id-predicate	64	1	fixture-android-06	1	0	0	1	0	1	1	1	63	1	0
graph-id-property-wrapped-contains-target-06-targeted	graph-id	graph-id-property-wrapped-contains	targeted	graph-id-equals-and-wrapped-contains	graph-routing	properties	200	fixture-android-06	fixture-android-06	1	aef2397f89755e0b59e944f9b6062fb5611eea3ea4b05762643e082168bd9526	success	1	734	2c8962bfda6df26238f145f32f089e1ccdb69cc26ea9c2fde590f543638ba060	437430		fixture-android-06	cypher-graph-id-predicate	64	1	fixture-android-06	1	0	0	1	0	1	1	1	63	1	0
graph-id-property-wrapped-contains-target-06-dense	graph-id	graph-id-property-wrapped-contains	dense	graph-id-equals-and-wrapped-contains	graph-routing	properties	200	fixture-android-06	fixture-android-06	1	aef2397f89755e0b59e944f9b6062fb5611eea3ea4b05762643e082168bd9526	success	200	83941	f7f169fb4cd9a2408b058d9e03502907fe0d9372ba70f2f3749aeaffa464e292	530030		fixture-android-06	cypher-graph-id-predicate	64	1	fixture-android-06	1	0	0	1	0	200	1	1	63	1	0
graph-id-property-wrapped-contains-target-07-zero	graph-id	graph-id-property-wrapped-contains	zero	graph-id-equals-and-wrapped-contains	graph-routing	properties	200	fixture-android-07	fixture-android-07	1	2884fe5070e6e70bd2c44e54af37c56e2cfd19343a8721d5b36093d7d1db0f7d	success	0	147	805c8c7334c868e18e2be84be95b83cc60895722d739c2b164a68be4cd410c49	109915			cypher-graph-id-predicate	64	1	fixture-android-07	1	0	0	1	0	1	1	1	63	1	0
graph-id-property-wrapped-contains-target-07-targeted	graph-id	graph-id-property-wrapped-contains	targeted	graph-id-equals-and-wrapped-contains	graph-routing	properties	200	fixture-android-07	fixture-android-07	1	2884fe5070e6e70bd2c44e54af37c56e2cfd19343a8721d5b36093d7d1db0f7d	success	1	762	d5674d7adcd2d58f93c5f2849f690003bc45d523850181c23ceaa0aacd7e6709	116848		fixture-android-07	cypher-graph-id-predicate	64	1	fixture-android-07	1	0	0	1	0	1	1	1	63	1	0
graph-id-property-wrapped-contains-target-07-dense	graph-id	graph-id-property-wrapped-contains	dense	graph-id-equals-and-wrapped-contains	graph-routing	properties	200	fixture-android-07	fixture-android-07	1	2884fe5070e6e70bd2c44e54af37c56e2cfd19343a8721d5b36093d7d1db0f7d	success	200	84999	35604ee2a3d19ee64c97fa99f4be154714c60028f948c7a23f75b925d4520a5d	248425		fixture-android-07	cypher-graph-id-predicate	64	1	fixture-android-07	1	0	0	1	0	200	1	1	63	1	0
graph-id-property-wrapped-contains-target-08-zero	graph-id	graph-id-property-wrapped-contains	zero	graph-id-equals-and-wrapped-contains	graph-routing	properties	200	fixture-android-08	fixture-android-08	1	25fcd87fe0d089932a1b7f325e822252e3042b73178c7aa80e1c0d12bcef2e47	success	0	147	805c8c7334c868e18e2be84be95b83cc60895722d739c2b164a68be4cd410c49	116057			cypher-graph-id-predicate	64	1	fixture-android-08	1	0	0	1	0	1	1	1	63	1	0
graph-id-property-wrapped-contains-target-08-targeted	graph-id	graph-id-property-wrapped-contains	targeted	graph-id-equals-and-wrapped-contains	graph-routing	properties	200	fixture-android-08	fixture-android-08	1	25fcd87fe0d089932a1b7f325e822252e3042b73178c7aa80e1c0d12bcef2e47	success	2	1322	4b49b28d836e57c2c3f8d43a93acd00a93b169fcd603338f9ab350f541e9665c	118161		fixture-android-08	cypher-graph-id-predicate	64	1	fixture-android-08	1	0	0	1	0	2	1	1	63	1	0
graph-id-property-wrapped-contains-target-08-dense	graph-id	graph-id-property-wrapped-contains	dense	graph-id-equals-and-wrapped-contains	graph-routing	properties	200	fixture-android-08	fixture-android-08	1	25fcd87fe0d089932a1b7f325e822252e3042b73178c7aa80e1c0d12bcef2e47	success	200	85531	ed34441ff634f19c276911a1fa193106a9070fde1065b57fc7ec71132b8d5f66	216575		fixture-android-08	cypher-graph-id-predicate	64	1	fixture-android-08	1	0	0	1	0	200	1	1	63	1	0
graph-id-property-wrapped-contains-target-09-zero	graph-id	graph-id-property-wrapped-contains	zero	graph-id-equals-and-wrapped-contains	graph-routing	properties	200	fixture-android-09	fixture-android-09	1	976770abc561e74e52c74c7f3b827fe70800ef502defdde9a4fa534aa511bd33	success	0	147	805c8c7334c868e18e2be84be95b83cc60895722d739c2b164a68be4cd410c49	419205			cypher-graph-id-predicate	64	1	fixture-android-09	1	0	0	1	0	1	1	1	63	1	0
graph-id-property-wrapped-contains-target-09-targeted	graph-id	graph-id-property-wrapped-contains	targeted	graph-id-equals-and-wrapped-contains	graph-routing	properties	200	fixture-android-09	fixture-android-09	1	976770abc561e74e52c74c7f3b827fe70800ef502defdde9a4fa534aa511bd33	success	1	758	cd83129b7654f9c1ac40c94032a03833f5b559e4d6d903ce58c899d274674334	103313		fixture-android-09	cypher-graph-id-predicate	64	1	fixture-android-09	1	0	0	1	0	1	1	1	63	1	0
graph-id-property-wrapped-contains-target-09-dense	graph-id	graph-id-property-wrapped-contains	dense	graph-id-equals-and-wrapped-contains	graph-routing	properties	200	fixture-android-09	fixture-android-09	1	976770abc561e74e52c74c7f3b827fe70800ef502defdde9a4fa534aa511bd33	success	200	84710	8302a9dc08d5cf465b56333dad5757a62c24d743692acbdbf8e81919ebd097a0	198672		fixture-android-09	cypher-graph-id-predicate	64	1	fixture-android-09	1	0	0	1	0	200	1	1	63	1	0
graph-id-property-wrapped-contains-target-10-zero	graph-id	graph-id-property-wrapped-contains	zero	graph-id-equals-and-wrapped-contains	graph-routing	properties	200	fixture-android-10	fixture-android-10	1	b80280988a4b3197bdd2348d3550b46e5d99e01f6e4a1abcb8668612b4a7bcf1	success	0	147	805c8c7334c868e18e2be84be95b83cc60895722d739c2b164a68be4cd410c49	112541			cypher-graph-id-predicate	64	1	fixture-android-10	1	0	0	1	0	1	1	1	63	1	0
graph-id-property-wrapped-contains-target-10-targeted	graph-id	graph-id-property-wrapped-contains	targeted	graph-id-equals-and-wrapped-contains	graph-routing	properties	200	fixture-android-10	fixture-android-10	1	b80280988a4b3197bdd2348d3550b46e5d99e01f6e4a1abcb8668612b4a7bcf1	success	1	821	f3f4d5fb39ff9fde7dcf6d88e4f52bcc4c277ed98626ccca0b17c4ddbb20b035	96580		fixture-android-10	cypher-graph-id-predicate	64	1	fixture-android-10	1	0	0	1	0	1	1	1	63	1	0
graph-id-property-wrapped-contains-target-10-dense	graph-id	graph-id-property-wrapped-contains	dense	graph-id-equals-and-wrapped-contains	graph-routing	properties	200	fixture-android-10	fixture-android-10	1	b80280988a4b3197bdd2348d3550b46e5d99e01f6e4a1abcb8668612b4a7bcf1	success	200	86914	eec30bd784e53b80ccd384559e9d1f853b8152ad8db90ad1f27d391bf03fc0d8	219544		fixture-android-10	cypher-graph-id-predicate	64	1	fixture-android-10	1	0	0	1	0	200	1	1	63	1	0
graph-id-property-wrapped-contains-target-11-zero	graph-id	graph-id-property-wrapped-contains	zero	graph-id-equals-and-wrapped-contains	graph-routing	properties	200	fixture-android-11	fixture-android-11	1	ff7c9f064acf1b8f0c7104242efebdb73dfcc6db0739150c3d56bcc4ebbfb47f	success	0	147	805c8c7334c868e18e2be84be95b83cc60895722d739c2b164a68be4cd410c49	112621			cypher-graph-id-predicate	64	1	fixture-android-11	1	0	0	1	0	1	1	1	63	1	0
graph-id-property-wrapped-contains-target-11-targeted	graph-id	graph-id-property-wrapped-contains	targeted	graph-id-equals-and-wrapped-contains	graph-routing	properties	200	fixture-android-11	fixture-android-11	1	ff7c9f064acf1b8f0c7104242efebdb73dfcc6db0739150c3d56bcc4ebbfb47f	success	1	758	f8ea31527e372a7d8e0f896bc894b97d788067aa20d0af371a4239382f72a4d1	108273		fixture-android-11	cypher-graph-id-predicate	64	1	fixture-android-11	1	0	0	1	0	1	1	1	63	1	0
graph-id-property-wrapped-contains-target-11-dense	graph-id	graph-id-property-wrapped-contains	dense	graph-id-equals-and-wrapped-contains	graph-routing	properties	200	fixture-android-11	fixture-android-11	1	ff7c9f064acf1b8f0c7104242efebdb73dfcc6db0739150c3d56bcc4ebbfb47f	success	200	84862	36598e3ab73085dce50e849dda8b6a32b1088eab3f02f052e9536f16613b5d4b	351959		fixture-android-11	cypher-graph-id-predicate	64	1	fixture-android-11	1	0	0	1	0	200	1	1	63	1	0
graph-id-property-wrapped-contains-target-12-zero	graph-id	graph-id-property-wrapped-contains	zero	graph-id-equals-and-wrapped-contains	graph-routing	properties	200	fixture-android-12	fixture-android-12	1	fbfd92bdb617f8eef3c84ce77e1116d4f0d1116a40b9fc543770c1a430e829ec	success	0	147	805c8c7334c868e18e2be84be95b83cc60895722d739c2b164a68be4cd410c49	107832			cypher-graph-id-predicate	64	1	fixture-android-12	1	0	0	1	0	1	1	1	63	1	0
graph-id-property-wrapped-contains-target-12-targeted	graph-id	graph-id-property-wrapped-contains	targeted	graph-id-equals-and-wrapped-contains	graph-routing	properties	200	fixture-android-12	fixture-android-12	1	fbfd92bdb617f8eef3c84ce77e1116d4f0d1116a40b9fc543770c1a430e829ec	success	2	1348	569ba2c2d8626f5c6804b713aa9f9bd5155648246e0bb082ab37cf407a3ccee9	122819		fixture-android-12	cypher-graph-id-predicate	64	1	fixture-android-12	1	0	0	1	0	2	1	1	63	1	0
graph-id-property-wrapped-contains-target-12-dense	graph-id	graph-id-property-wrapped-contains	dense	graph-id-equals-and-wrapped-contains	graph-routing	properties	200	fixture-android-12	fixture-android-12	1	fbfd92bdb617f8eef3c84ce77e1116d4f0d1116a40b9fc543770c1a430e829ec	success	200	85894	f22afa8ccaad259750ce50e850502822308b2565f707f284de32cd44d5ef328a	194945		fixture-android-12	cypher-graph-id-predicate	64	1	fixture-android-12	1	0	0	1	0	200	1	1	63	1	0
graph-id-property-wrapped-contains-target-13-zero	graph-id	graph-id-property-wrapped-contains	zero	graph-id-equals-and-wrapped-contains	graph-routing	properties	200	fixture-android-13	fixture-android-13	1	99b23d6e37ddba640f96acd0d7b903185c9b38cc0e6df93374f9fe569bbc4c38	success	0	147	805c8c7334c868e18e2be84be95b83cc60895722d739c2b164a68be4cd410c49	100909			cypher-graph-id-predicate	64	1	fixture-android-13	1	0	0	1	0	1	1	1	63	1	0
graph-id-property-wrapped-contains-target-13-targeted	graph-id	graph-id-property-wrapped-contains	targeted	graph-id-equals-and-wrapped-contains	graph-routing	properties	200	fixture-android-13	fixture-android-13	1	99b23d6e37ddba640f96acd0d7b903185c9b38cc0e6df93374f9fe569bbc4c38	success	5	2824	ebb699b5b0554cc639408add00ca9d9aae37f3553c5e6ea606cb7e66e171933f	114445		fixture-android-13	cypher-graph-id-predicate	64	1	fixture-android-13	1	0	0	1	0	5	1	1	63	1	0
graph-id-property-wrapped-contains-target-13-dense	graph-id	graph-id-property-wrapped-contains	dense	graph-id-equals-and-wrapped-contains	graph-routing	properties	200	fixture-android-13	fixture-android-13	1	99b23d6e37ddba640f96acd0d7b903185c9b38cc0e6df93374f9fe569bbc4c38	success	200	86344	2e714969993f2a86ba5c715dc52b2c7d6dbaed9b2320da2399ecdf29ec9f1e4e	192781		fixture-android-13	cypher-graph-id-predicate	64	1	fixture-android-13	1	0	0	1	0	200	1	1	63	1	0
graph-id-property-wrapped-contains-target-14-zero	graph-id	graph-id-property-wrapped-contains	zero	graph-id-equals-and-wrapped-contains	graph-routing	properties	200	fixture-android-14	fixture-android-14	1	caf42d54ef3437f216c963929327ed5ef3f52ce080fa2be4c3305c2370617ab1	success	0	147	805c8c7334c868e18e2be84be95b83cc60895722d739c2b164a68be4cd410c49	475350			cypher-graph-id-predicate	64	1	fixture-android-14	1	0	0	1	0	1	1	1	63	1	0
graph-id-property-wrapped-contains-target-14-targeted	graph-id	graph-id-property-wrapped-contains	targeted	graph-id-equals-and-wrapped-contains	graph-routing	properties	200	fixture-android-14	fixture-android-14	1	caf42d54ef3437f216c963929327ed5ef3f52ce080fa2be4c3305c2370617ab1	success	3	1887	cfce92c06f8a0a93444f0ec3592aad57c255799cc7a1286e673f5c8cc3173d20	164187		fixture-android-14	cypher-graph-id-predicate	64	1	fixture-android-14	1	0	0	1	0	3	1	1	63	1	0
graph-id-property-wrapped-contains-target-14-dense	graph-id	graph-id-property-wrapped-contains	dense	graph-id-equals-and-wrapped-contains	graph-routing	properties	200	fixture-android-14	fixture-android-14	1	caf42d54ef3437f216c963929327ed5ef3f52ce080fa2be4c3305c2370617ab1	success	200	88102	f384f54b9e0494c603dd9e83eb2ca0ad0386a359a2e1d6a356e225c072977e41	303616		fixture-android-14	cypher-graph-id-predicate	64	1	fixture-android-14	1	0	0	1	0	200	1	1	63	1	0
graph-id-property-wrapped-contains-target-15-zero	graph-id	graph-id-property-wrapped-contains	zero	graph-id-equals-and-wrapped-contains	graph-routing	properties	200	fixture-android-15	fixture-android-15	1	396286291622042417a1e42f88e1a07f9e973d88a4b45b59c7408d3e8fe8e4cd	success	0	147	805c8c7334c868e18e2be84be95b83cc60895722d739c2b164a68be4cd410c49	148137			cypher-graph-id-predicate	64	1	fixture-android-15	1	0	0	1	0	1	1	1	63	1	0
graph-id-property-wrapped-contains-target-15-targeted	graph-id	graph-id-property-wrapped-contains	targeted	graph-id-equals-and-wrapped-contains	graph-routing	properties	200	fixture-android-15	fixture-android-15	1	396286291622042417a1e42f88e1a07f9e973d88a4b45b59c7408d3e8fe8e4cd	success	1	765	ae20f86c5a0d43140079bdbb52041ad145178823d6189b8171bbe58dc0d82dcc	102822		fixture-android-15	cypher-graph-id-predicate	64	1	fixture-android-15	1	0	0	1	0	1	1	1	63	1	0
graph-id-property-wrapped-contains-target-15-dense	graph-id	graph-id-property-wrapped-contains	dense	graph-id-equals-and-wrapped-contains	graph-routing	properties	200	fixture-android-15	fixture-android-15	1	396286291622042417a1e42f88e1a07f9e973d88a4b45b59c7408d3e8fe8e4cd	success	200	82358	6db1e45464dd1e42fc627a3ee68393b586d132e4817f87f1da72cb180e7925bb	267591		fixture-android-15	cypher-graph-id-predicate	64	1	fixture-android-15	1	0	0	1	0	200	1	1	63	1	0
graph-id-property-wrapped-contains-target-16-zero	graph-id	graph-id-property-wrapped-contains	zero	graph-id-equals-and-wrapped-contains	graph-routing	properties	200	fixture-tika-00	fixture-tika-00	1	3ffa856892be3e0263f2c72254cefdb4bafce48e10eea2a8426b6af88f144658	success	0	147	805c8c7334c868e18e2be84be95b83cc60895722d739c2b164a68be4cd410c49	109765			cypher-graph-id-predicate	64	1	fixture-tika-00	1	0	0	1	0	1	1	1	63	1	0
graph-id-property-wrapped-contains-target-16-targeted	graph-id	graph-id-property-wrapped-contains	targeted	graph-id-equals-and-wrapped-contains	graph-routing	properties	200	fixture-tika-00	fixture-tika-00	1	3ffa856892be3e0263f2c72254cefdb4bafce48e10eea2a8426b6af88f144658	success	1	771	41ad9b5110585bc89df35b9d0a0c6bd66daaf6c239b4212552d078b2f2a28c34	103965		fixture-tika-00	cypher-graph-id-predicate	64	1	fixture-tika-00	1	0	0	1	0	1	1	1	63	1	0
graph-id-property-wrapped-contains-target-16-dense	graph-id	graph-id-property-wrapped-contains	dense	graph-id-equals-and-wrapped-contains	graph-routing	properties	200	fixture-tika-00	fixture-tika-00	1	3ffa856892be3e0263f2c72254cefdb4bafce48e10eea2a8426b6af88f144658	success	200	94237	51b180cd96740a311cc61165baa84cc05517b2f28ac6c70debc25f8e14514414	217026		fixture-tika-00	cypher-graph-id-predicate	64	1	fixture-tika-00	1	0	0	1	0	200	1	1	63	1	0
graph-id-property-wrapped-contains-target-17-zero	graph-id	graph-id-property-wrapped-contains	zero	graph-id-equals-and-wrapped-contains	graph-routing	properties	200	fixture-tika-01	fixture-tika-01	1	5bd11253ba6bcbac28c2d0805dbd50585f63593fbbabbc299bce9c8b5e4238f0	success	0	147	805c8c7334c868e18e2be84be95b83cc60895722d739c2b164a68be4cd410c49	101710			cypher-graph-id-predicate	64	1	fixture-tika-01	1	0	0	1	0	1	1	1	63	1	0
graph-id-property-wrapped-contains-target-17-targeted	graph-id	graph-id-property-wrapped-contains	targeted	graph-id-equals-and-wrapped-contains	graph-routing	properties	200	fixture-tika-01	fixture-tika-01	1	5bd11253ba6bcbac28c2d0805dbd50585f63593fbbabbc299bce9c8b5e4238f0	success	5	2976	7d286938fe2f40cd4cb86cd26be11c3221bfff86202fa9b705bdc1c77967743f	142276		fixture-tika-01	cypher-graph-id-predicate	64	1	fixture-tika-01	1	0	0	1	0	5	1	1	63	1	0
graph-id-property-wrapped-contains-target-17-dense	graph-id	graph-id-property-wrapped-contains	dense	graph-id-equals-and-wrapped-contains	graph-routing	properties	200	fixture-tika-01	fixture-tika-01	1	5bd11253ba6bcbac28c2d0805dbd50585f63593fbbabbc299bce9c8b5e4238f0	success	200	92381	87c915d88746be4a40b85e67e7de71966365a455358cc138185e5c1f5bcf1251	258845		fixture-tika-01	cypher-graph-id-predicate	64	1	fixture-tika-01	1	0	0	1	0	200	1	1	63	1	0
graph-id-property-wrapped-contains-target-18-zero	graph-id	graph-id-property-wrapped-contains	zero	graph-id-equals-and-wrapped-contains	graph-routing	properties	200	fixture-tika-02	fixture-tika-02	1	4f53553340fcd09378fe28c9d287d1bd3c78d0e5004534ad87493f082178a0db	success	0	147	805c8c7334c868e18e2be84be95b83cc60895722d739c2b164a68be4cd410c49	91762			cypher-graph-id-predicate	64	1	fixture-tika-02	1	0	0	1	0	1	1	1	63	1	0
graph-id-property-wrapped-contains-target-18-targeted	graph-id	graph-id-property-wrapped-contains	targeted	graph-id-equals-and-wrapped-contains	graph-routing	properties	200	fixture-tika-02	fixture-tika-02	1	4f53553340fcd09378fe28c9d287d1bd3c78d0e5004534ad87493f082178a0db	success	12	6781	abf0682228739bdef1eb0d4b5b1449d7697f9412e644bd07a974f6e04213652e	105437		fixture-tika-02	cypher-graph-id-predicate	64	1	fixture-tika-02	1	0	0	1	0	12	1	1	63	1	0
graph-id-property-wrapped-contains-target-18-dense	graph-id	graph-id-property-wrapped-contains	dense	graph-id-equals-and-wrapped-contains	graph-routing	properties	200	fixture-tika-02	fixture-tika-02	1	4f53553340fcd09378fe28c9d287d1bd3c78d0e5004534ad87493f082178a0db	success	200	95198	7d65fbc43e0cf8a1d4323c709e6963c32bdea3f389f5b683f619eee1fd79dc90	275947		fixture-tika-02	cypher-graph-id-predicate	64	1	fixture-tika-02	1	0	0	1	0	200	1	1	63	1	0
graph-id-property-wrapped-contains-target-19-zero	graph-id	graph-id-property-wrapped-contains	zero	graph-id-equals-and-wrapped-contains	graph-routing	properties	200	fixture-tika-03	fixture-tika-03	1	e68986e5919884640710cc61d8f44310a6d888f55992390edbcc7ae70b8b8fa8	success	0	147	805c8c7334c868e18e2be84be95b83cc60895722d739c2b164a68be4cd410c49	114645			cypher-graph-id-predicate	64	1	fixture-tika-03	1	0	0	1	0	1	1	1	63	1	0
graph-id-property-wrapped-contains-target-19-targeted	graph-id	graph-id-property-wrapped-contains	targeted	graph-id-equals-and-wrapped-contains	graph-routing	properties	200	fixture-tika-03	fixture-tika-03	1	e68986e5919884640710cc61d8f44310a6d888f55992390edbcc7ae70b8b8fa8	success	11	6327	72232d5a8299b69c619beb4cebd0967a4ca8f1378844d7914f795f7c5126cc48	97412		fixture-tika-03	cypher-graph-id-predicate	64	1	fixture-tika-03	1	0	0	1	0	11	1	1	63	1	0
graph-id-property-wrapped-contains-target-19-dense	graph-id	graph-id-property-wrapped-contains	dense	graph-id-equals-and-wrapped-contains	graph-routing	properties	200	fixture-tika-03	fixture-tika-03	1	e68986e5919884640710cc61d8f44310a6d888f55992390edbcc7ae70b8b8fa8	success	200	96673	6ab8193cda24a8f589b0e7412ffcc3549afc3180a092c899437bb3ef2f8324ef	349033		fixture-tika-03	cypher-graph-id-predicate	64	1	fixture-tika-03	1	0	0	1	0	200	1	1	63	1	0
graph-id-property-wrapped-contains-target-20-zero	graph-id	graph-id-property-wrapped-contains	zero	graph-id-equals-and-wrapped-contains	graph-routing	properties	200	fixture-tika-04	fixture-tika-04	1	2d9d29e96c28d6df21e1933cc2da3a076217ec4c30461070c5e997e04aa952cb	success	0	147	805c8c7334c868e18e2be84be95b83cc60895722d739c2b164a68be4cd410c49	110727			cypher-graph-id-predicate	64	1	fixture-tika-04	1	0	0	1	0	1	1	1	63	1	0
graph-id-property-wrapped-contains-target-20-targeted	graph-id	graph-id-property-wrapped-contains	targeted	graph-id-equals-and-wrapped-contains	graph-routing	properties	200	fixture-tika-04	fixture-tika-04	1	2d9d29e96c28d6df21e1933cc2da3a076217ec4c30461070c5e997e04aa952cb	success	1	763	7811e1c0f64fb9174b112349d7a5f89fec8a71f59a6b66db3b1e97241f5dc93c	111479		fixture-tika-04	cypher-graph-id-predicate	64	1	fixture-tika-04	1	0	0	1	0	1	1	1	63	1	0
graph-id-property-wrapped-contains-target-20-dense	graph-id	graph-id-property-wrapped-contains	dense	graph-id-equals-and-wrapped-contains	graph-routing	properties	200	fixture-tika-04	fixture-tika-04	1	2d9d29e96c28d6df21e1933cc2da3a076217ec4c30461070c5e997e04aa952cb	success	200	91604	a93cd6116bda146e01916f4ab7d54aa664da5b5c2287de109c82d6c48fcd38f8	220071		fixture-tika-04	cypher-graph-id-predicate	64	1	fixture-tika-04	1	0	0	1	0	200	1	1	63	1	0
graph-id-property-wrapped-contains-target-21-zero	graph-id	graph-id-property-wrapped-contains	zero	graph-id-equals-and-wrapped-contains	graph-routing	properties	200	fixture-tika-05	fixture-tika-05	1	a70ca503c8d7edc9fd5b26430e9c4bd9517cfcf9084469733cfeff8a4fef63f8	success	0	147	805c8c7334c868e18e2be84be95b83cc60895722d739c2b164a68be4cd410c49	165490			cypher-graph-id-predicate	64	1	fixture-tika-05	1	0	0	1	0	1	1	1	63	1	0
graph-id-property-wrapped-contains-target-21-targeted	graph-id	graph-id-property-wrapped-contains	targeted	graph-id-equals-and-wrapped-contains	graph-routing	properties	200	fixture-tika-05	fixture-tika-05	1	a70ca503c8d7edc9fd5b26430e9c4bd9517cfcf9084469733cfeff8a4fef63f8	success	1	765	1cf450577b12b3b6a7c19f53479709a92a169add0c4f9defecbc55254bf8d5b3	113623		fixture-tika-05	cypher-graph-id-predicate	64	1	fixture-tika-05	1	0	0	1	0	1	1	1	63	1	0
graph-id-property-wrapped-contains-target-21-dense	graph-id	graph-id-property-wrapped-contains	dense	graph-id-equals-and-wrapped-contains	graph-routing	properties	200	fixture-tika-05	fixture-tika-05	1	a70ca503c8d7edc9fd5b26430e9c4bd9517cfcf9084469733cfeff8a4fef63f8	success	200	96334	eb6b03599a26f520b43896ee6af6cb6d2a3ec0783b66a0bcb29642b029a4b6eb	266550		fixture-tika-05	cypher-graph-id-predicate	64	1	fixture-tika-05	1	0	0	1	0	200	1	1	63	1	0
graph-id-property-wrapped-contains-target-22-zero	graph-id	graph-id-property-wrapped-contains	zero	graph-id-equals-and-wrapped-contains	graph-routing	properties	200	fixture-tika-06	fixture-tika-06	1	629a75c155a37bcac72d6d131b20156694ded2e8aa1abe1c7f03ac03374020b7	success	0	147	805c8c7334c868e18e2be84be95b83cc60895722d739c2b164a68be4cd410c49	113032			cypher-graph-id-predicate	64	1	fixture-tika-06	1	0	0	1	0	1	1	1	63	1	0
graph-id-property-wrapped-contains-target-22-targeted	graph-id	graph-id-property-wrapped-contains	targeted	graph-id-equals-and-wrapped-contains	graph-routing	properties	200	fixture-tika-06	fixture-tika-06	1	629a75c155a37bcac72d6d131b20156694ded2e8aa1abe1c7f03ac03374020b7	success	11	6331	43d88524d9da26840d520d8260a6801a2d864c2023e9806c3df4a5e673a5fd66	119514		fixture-tika-06	cypher-graph-id-predicate	64	1	fixture-tika-06	1	0	0	1	0	11	1	1	63	1	0
graph-id-property-wrapped-contains-target-22-dense	graph-id	graph-id-property-wrapped-contains	dense	graph-id-equals-and-wrapped-contains	graph-routing	properties	200	fixture-tika-06	fixture-tika-06	1	629a75c155a37bcac72d6d131b20156694ded2e8aa1abe1c7f03ac03374020b7	success	200	98397	b1cc908cf8cd6a2354b320afca9ad225990c59be93a53ddc3912afb3b0d46d7b	404918		fixture-tika-06	cypher-graph-id-predicate	64	1	fixture-tika-06	1	0	0	1	0	200	1	1	63	1	0
graph-id-property-wrapped-contains-target-23-zero	graph-id	graph-id-property-wrapped-contains	zero	graph-id-equals-and-wrapped-contains	graph-routing	properties	200	fixture-tika-07	fixture-tika-07	1	1f60bc193af0a0c32ae2bc0a840b7da98c896a5343d2d4a4871500ea55b0d8a0	success	0	147	805c8c7334c868e18e2be84be95b83cc60895722d739c2b164a68be4cd410c49	277379			cypher-graph-id-predicate	64	1	fixture-tika-07	1	0	0	1	0	1	1	1	63	1	0
graph-id-property-wrapped-contains-target-23-targeted	graph-id	graph-id-property-wrapped-contains	targeted	graph-id-equals-and-wrapped-contains	graph-routing	properties	200	fixture-tika-07	fixture-tika-07	1	1f60bc193af0a0c32ae2bc0a840b7da98c896a5343d2d4a4871500ea55b0d8a0	success	11	6135	718b52d4d32659cb9b39b84bdb87d6226a9be4436e73fa316936d1333dfa50c0	123021		fixture-tika-07	cypher-graph-id-predicate	64	1	fixture-tika-07	1	0	0	1	0	11	1	1	63	1	0
graph-id-property-wrapped-contains-target-23-dense	graph-id	graph-id-property-wrapped-contains	dense	graph-id-equals-and-wrapped-contains	graph-routing	properties	200	fixture-tika-07	fixture-tika-07	1	1f60bc193af0a0c32ae2bc0a840b7da98c896a5343d2d4a4871500ea55b0d8a0	success	200	95056	d5aa9163a912371065002f30549de9cefea57af859f009a275e381b0a849633e	269805		fixture-tika-07	cypher-graph-id-predicate	64	1	fixture-tika-07	1	0	0	1	0	200	1	1	63	1	0
graph-id-property-wrapped-contains-target-24-zero	graph-id	graph-id-property-wrapped-contains	zero	graph-id-equals-and-wrapped-contains	graph-routing	properties	200	fixture-tika-08	fixture-tika-08	1	e9768e2189edf3079c0f4ce1fe9374fe3873b9ef6253d25bd7952c9e3f9e2f89	success	0	147	805c8c7334c868e18e2be84be95b83cc60895722d739c2b164a68be4cd410c49	127007			cypher-graph-id-predicate	64	1	fixture-tika-08	1	0	0	1	0	1	1	1	63	1	0
graph-id-property-wrapped-contains-target-24-targeted	graph-id	graph-id-property-wrapped-contains	targeted	graph-id-equals-and-wrapped-contains	graph-routing	properties	200	fixture-tika-08	fixture-tika-08	1	e9768e2189edf3079c0f4ce1fe9374fe3873b9ef6253d25bd7952c9e3f9e2f89	success	1	754	033650595463ffba6f1f515fc8a38ba023fdd37a0e2442442be40f2d8baee0b4	108053		fixture-tika-08	cypher-graph-id-predicate	64	1	fixture-tika-08	1	0	0	1	0	1	1	1	63	1	0
graph-id-property-wrapped-contains-target-24-dense	graph-id	graph-id-property-wrapped-contains	dense	graph-id-equals-and-wrapped-contains	graph-routing	properties	200	fixture-tika-08	fixture-tika-08	1	e9768e2189edf3079c0f4ce1fe9374fe3873b9ef6253d25bd7952c9e3f9e2f89	success	200	96144	13cc3d04be15c5d98101b6676211e0260c08571becd6cbc7be1dcfad1b7efce8	282359		fixture-tika-08	cypher-graph-id-predicate	64	1	fixture-tika-08	1	0	0	1	0	200	1	1	63	1	0
graph-id-property-wrapped-contains-target-25-zero	graph-id	graph-id-property-wrapped-contains	zero	graph-id-equals-and-wrapped-contains	graph-routing	properties	200	fixture-tika-09	fixture-tika-09	1	f96e2b0b7f375cf347f289b0d59b047835095d1452b52dcff16ad07fa5ff5aaa	success	0	147	805c8c7334c868e18e2be84be95b83cc60895722d739c2b164a68be4cd410c49	116579			cypher-graph-id-predicate	64	1	fixture-tika-09	1	0	0	1	0	1	1	1	63	1	0
graph-id-property-wrapped-contains-target-25-targeted	graph-id	graph-id-property-wrapped-contains	targeted	graph-id-equals-and-wrapped-contains	graph-routing	properties	200	fixture-tika-09	fixture-tika-09	1	f96e2b0b7f375cf347f289b0d59b047835095d1452b52dcff16ad07fa5ff5aaa	success	17	9434	57a7fb26e2c1557848eddaabb17076d92c9b2ef2e0ff6b92be3de4374fe1fa9b	216448		fixture-tika-09	cypher-graph-id-predicate	64	1	fixture-tika-09	1	0	0	1	0	17	1	1	63	1	0
graph-id-property-wrapped-contains-target-25-dense	graph-id	graph-id-property-wrapped-contains	dense	graph-id-equals-and-wrapped-contains	graph-routing	properties	200	fixture-tika-09	fixture-tika-09	1	f96e2b0b7f375cf347f289b0d59b047835095d1452b52dcff16ad07fa5ff5aaa	success	200	90260	d606d19bfcb83b224b953bd70176bc52dc06d427ef6ab3d0cc311bc6ed6fc260	298378		fixture-tika-09	cypher-graph-id-predicate	64	1	fixture-tika-09	1	0	0	1	0	200	1	1	63	1	0
graph-id-property-wrapped-contains-target-26-zero	graph-id	graph-id-property-wrapped-contains	zero	graph-id-equals-and-wrapped-contains	graph-routing	properties	200	fixture-tika-10	fixture-tika-10	1	724e820888f0db8884af940cbe8a364f2dce6bfc9b2c72fb09abe933fa439c0c	success	0	147	805c8c7334c868e18e2be84be95b83cc60895722d739c2b164a68be4cd410c49	163746			cypher-graph-id-predicate	64	1	fixture-tika-10	1	0	0	1	0	1	1	1	63	1	0
graph-id-property-wrapped-contains-target-26-targeted	graph-id	graph-id-property-wrapped-contains	targeted	graph-id-equals-and-wrapped-contains	graph-routing	properties	200	fixture-tika-10	fixture-tika-10	1	724e820888f0db8884af940cbe8a364f2dce6bfc9b2c72fb09abe933fa439c0c	success	1	791	550bd45f802381cb65ea30928a856fc0c2bc207cbfc2a147aad4312130548c9a	149039		fixture-tika-10	cypher-graph-id-predicate	64	1	fixture-tika-10	1	0	0	1	0	1	1	1	63	1	0
graph-id-property-wrapped-contains-target-26-dense	graph-id	graph-id-property-wrapped-contains	dense	graph-id-equals-and-wrapped-contains	graph-routing	properties	200	fixture-tika-10	fixture-tika-10	1	724e820888f0db8884af940cbe8a364f2dce6bfc9b2c72fb09abe933fa439c0c	success	200	96089	d0bdae62973cb737c05eda37d83d6fd7dea4520a7f87acdd4ed9a2fba1f97888	337802		fixture-tika-10	cypher-graph-id-predicate	64	1	fixture-tika-10	1	0	0	1	0	200	1	1	63	1	0
graph-id-property-wrapped-contains-target-27-zero	graph-id	graph-id-property-wrapped-contains	zero	graph-id-equals-and-wrapped-contains	graph-routing	properties	200	fixture-tika-11	fixture-tika-11	1	947144f7fe63615dab1057f152a266b87c870ae6b1d136ebead3ef2860ecaaf9	success	0	147	805c8c7334c868e18e2be84be95b83cc60895722d739c2b164a68be4cd410c49	135834			cypher-graph-id-predicate	64	1	fixture-tika-11	1	0	0	1	0	1	1	1	63	1	0
graph-id-property-wrapped-contains-target-27-targeted	graph-id	graph-id-property-wrapped-contains	targeted	graph-id-equals-and-wrapped-contains	graph-routing	properties	200	fixture-tika-11	fixture-tika-11	1	947144f7fe63615dab1057f152a266b87c870ae6b1d136ebead3ef2860ecaaf9	success	14	8030	e1858d468e2cee9daff29f91791894b539cc1c9bfb8d57bb0eaa364a24ec0f04	169427		fixture-tika-11	cypher-graph-id-predicate	64	1	fixture-tika-11	1	0	0	1	0	14	1	1	63	1	0
graph-id-property-wrapped-contains-target-27-dense	graph-id	graph-id-property-wrapped-contains	dense	graph-id-equals-and-wrapped-contains	graph-routing	properties	200	fixture-tika-11	fixture-tika-11	1	947144f7fe63615dab1057f152a266b87c870ae6b1d136ebead3ef2860ecaaf9	success	200	95559	bcb492a91a247979acd291eaea381c0db6d952c0baff29193145ae7356b00907	283290		fixture-tika-11	cypher-graph-id-predicate	64	1	fixture-tika-11	1	0	0	1	0	200	1	1	63	1	0
graph-id-property-wrapped-contains-target-28-zero	graph-id	graph-id-property-wrapped-contains	zero	graph-id-equals-and-wrapped-contains	graph-routing	properties	200	fixture-tika-12	fixture-tika-12	1	333b320af3f398d083e1d44b1a79e54fa546da12ce118f18db6f7cc3387398c8	success	0	147	805c8c7334c868e18e2be84be95b83cc60895722d739c2b164a68be4cd410c49	400189			cypher-graph-id-predicate	64	1	fixture-tika-12	1	0	0	1	0	1	1	1	63	1	0
graph-id-property-wrapped-contains-target-28-targeted	graph-id	graph-id-property-wrapped-contains	targeted	graph-id-equals-and-wrapped-contains	graph-routing	properties	200	fixture-tika-12	fixture-tika-12	1	333b320af3f398d083e1d44b1a79e54fa546da12ce118f18db6f7cc3387398c8	success	12	6370	8871e0dc77f7df7110f742adaac439b8d2f4e912a3a21e1793fda026e0955f9b	139101		fixture-tika-12	cypher-graph-id-predicate	64	1	fixture-tika-12	1	0	0	1	0	12	1	1	63	1	0
graph-id-property-wrapped-contains-target-28-dense	graph-id	graph-id-property-wrapped-contains	dense	graph-id-equals-and-wrapped-contains	graph-routing	properties	200	fixture-tika-12	fixture-tika-12	1	333b320af3f398d083e1d44b1a79e54fa546da12ce118f18db6f7cc3387398c8	success	200	101142	3ec255435f1804ca883e61ce69218b0c9b6812e5f4d6241be813f3a04980ff78	619751		fixture-tika-12	cypher-graph-id-predicate	64	1	fixture-tika-12	1	0	0	1	0	200	1	1	63	1	0
graph-id-property-wrapped-contains-target-29-zero	graph-id	graph-id-property-wrapped-contains	zero	graph-id-equals-and-wrapped-contains	graph-routing	properties	200	fixture-tika-13	fixture-tika-13	1	697a328efd3d35078aa3cf7115b978f697299f7e0612d464eae79dc1cbc3f3c7	success	0	147	805c8c7334c868e18e2be84be95b83cc60895722d739c2b164a68be4cd410c49	144962			cypher-graph-id-predicate	64	1	fixture-tika-13	1	0	0	1	0	1	1	1	63	1	0
graph-id-property-wrapped-contains-target-29-targeted	graph-id	graph-id-property-wrapped-contains	targeted	graph-id-equals-and-wrapped-contains	graph-routing	properties	200	fixture-tika-13	fixture-tika-13	1	697a328efd3d35078aa3cf7115b978f697299f7e0612d464eae79dc1cbc3f3c7	success	1	759	7c9cbf2db3468e4d9ec5f9ce37c29746bb3071949804d250165a0310edd3182c	137798		fixture-tika-13	cypher-graph-id-predicate	64	1	fixture-tika-13	1	0	0	1	0	1	1	1	63	1	0
graph-id-property-wrapped-contains-target-29-dense	graph-id	graph-id-property-wrapped-contains	dense	graph-id-equals-and-wrapped-contains	graph-routing	properties	200	fixture-tika-13	fixture-tika-13	1	697a328efd3d35078aa3cf7115b978f697299f7e0612d464eae79dc1cbc3f3c7	success	200	96005	cb6245f16fc1df4cadc32295db3c94d74d99d6ac24ca00ba686085574c3842f9	372869		fixture-tika-13	cypher-graph-id-predicate	64	1	fixture-tika-13	1	0	0	1	0	200	1	1	63	1	0
graph-id-property-wrapped-contains-target-30-zero	graph-id	graph-id-property-wrapped-contains	zero	graph-id-equals-and-wrapped-contains	graph-routing	properties	200	fixture-tika-14	fixture-tika-14	1	530ac22d92e73256c57c4e234fccac50105308bcc26304451ee74f20a619f7a5	success	0	147	805c8c7334c868e18e2be84be95b83cc60895722d739c2b164a68be4cd410c49	153497			cypher-graph-id-predicate	64	1	fixture-tika-14	1	0	0	1	0	1	1	1	63	1	0
graph-id-property-wrapped-contains-target-30-targeted	graph-id	graph-id-property-wrapped-contains	targeted	graph-id-equals-and-wrapped-contains	graph-routing	properties	200	fixture-tika-14	fixture-tika-14	1	530ac22d92e73256c57c4e234fccac50105308bcc26304451ee74f20a619f7a5	success	10	5866	c85815e1257e7d89a547803b839a8fa3d5c32a25ad93fc4df95c67dd0df38386	119344		fixture-tika-14	cypher-graph-id-predicate	64	1	fixture-tika-14	1	0	0	1	0	10	1	1	63	1	0
graph-id-property-wrapped-contains-target-30-dense	graph-id	graph-id-property-wrapped-contains	dense	graph-id-equals-and-wrapped-contains	graph-routing	properties	200	fixture-tika-14	fixture-tika-14	1	530ac22d92e73256c57c4e234fccac50105308bcc26304451ee74f20a619f7a5	success	200	95471	766b9ef7e8ecf0adce38af75461cc8c431950c6a78cf29871668bb82bbc59681	264645		fixture-tika-14	cypher-graph-id-predicate	64	1	fixture-tika-14	1	0	0	1	0	200	1	1	63	1	0
graph-id-property-wrapped-contains-target-31-zero	graph-id	graph-id-property-wrapped-contains	zero	graph-id-equals-and-wrapped-contains	graph-routing	properties	200	fixture-tika-15	fixture-tika-15	1	80331285783d790177bcaeeebf677e98900445b2273d41781c6e07aa5683a500	success	0	147	805c8c7334c868e18e2be84be95b83cc60895722d739c2b164a68be4cd410c49	381254			cypher-graph-id-predicate	64	1	fixture-tika-15	1	0	0	1	0	1	1	1	63	1	0
graph-id-property-wrapped-contains-target-31-targeted	graph-id	graph-id-property-wrapped-contains	targeted	graph-id-equals-and-wrapped-contains	graph-routing	properties	200	fixture-tika-15	fixture-tika-15	1	80331285783d790177bcaeeebf677e98900445b2273d41781c6e07aa5683a500	success	1	779	5b2641a56fc0d1ce3cad560f98de3ab642d893c5f6c2be5bb57444732d364805	120325		fixture-tika-15	cypher-graph-id-predicate	64	1	fixture-tika-15	1	0	0	1	0	1	1	1	63	1	0
graph-id-property-wrapped-contains-target-31-dense	graph-id	graph-id-property-wrapped-contains	dense	graph-id-equals-and-wrapped-contains	graph-routing	properties	200	fixture-tika-15	fixture-tika-15	1	80331285783d790177bcaeeebf677e98900445b2273d41781c6e07aa5683a500	success	200	90493	6cea2d1b1fba9817e31904018fa5ce3734b41bb641feab5c7c6849206b05e3c1	244457		fixture-tika-15	cypher-graph-id-predicate	64	1	fixture-tika-15	1	0	0	1	0	200	1	1	63	1	0
graph-id-property-wrapped-contains-target-32-zero	graph-id	graph-id-property-wrapped-contains	zero	graph-id-equals-and-wrapped-contains	graph-routing	properties	200	fixture-hive-00	fixture-hive-00	1	ea11677be4d3166ee79e7aa4f8c5ff603c5cb6bb9f65649cfc46854eedb1b466	success	0	147	805c8c7334c868e18e2be84be95b83cc60895722d739c2b164a68be4cd410c49	156283			cypher-graph-id-predicate	64	1	fixture-hive-00	1	0	0	1	0	1	1	1	63	1	0
graph-id-property-wrapped-contains-target-32-targeted	graph-id	graph-id-property-wrapped-contains	targeted	graph-id-equals-and-wrapped-contains	graph-routing	properties	200	fixture-hive-00	fixture-hive-00	1	ea11677be4d3166ee79e7aa4f8c5ff603c5cb6bb9f65649cfc46854eedb1b466	success	4	2862	72e96499d86d64ae9da267f3b15791817d4250f06a8dfea9d09edd8c3c23a440	147456		fixture-hive-00	cypher-graph-id-predicate	64	1	fixture-hive-00	1	0	0	1	0	4	1	1	63	1	0
graph-id-property-wrapped-contains-target-32-dense	graph-id	graph-id-property-wrapped-contains	dense	graph-id-equals-and-wrapped-contains	graph-routing	properties	200	fixture-hive-00	fixture-hive-00	1	ea11677be4d3166ee79e7aa4f8c5ff603c5cb6bb9f65649cfc46854eedb1b466	success	200	92864	0ad6a5ae10cb27d8dd28af205e0df8ebd79b3e1ca0079c8c876100ee108fc38d	389669		fixture-hive-00	cypher-graph-id-predicate	64	1	fixture-hive-00	1	0	0	1	0	200	1	1	63	1	0
graph-id-property-wrapped-contains-target-33-zero	graph-id	graph-id-property-wrapped-contains	zero	graph-id-equals-and-wrapped-contains	graph-routing	properties	200	fixture-hive-01	fixture-hive-01	1	3a9bab8befb64a5c5518ec83add10138c13ae31dfad00b5a26547f3cfc2bf0bb	success	0	147	805c8c7334c868e18e2be84be95b83cc60895722d739c2b164a68be4cd410c49	153477			cypher-graph-id-predicate	64	1	fixture-hive-01	1	0	0	1	0	1	1	1	63	1	0
graph-id-property-wrapped-contains-target-33-targeted	graph-id	graph-id-property-wrapped-contains	targeted	graph-id-equals-and-wrapped-contains	graph-routing	properties	200	fixture-hive-01	fixture-hive-01	1	3a9bab8befb64a5c5518ec83add10138c13ae31dfad00b5a26547f3cfc2bf0bb	success	4	2862	5436abb5d5a82ddf1b71cf6459ce0de5fe56d25b825b58b20bbe8cace9e3cde7	139120		fixture-hive-01	cypher-graph-id-predicate	64	1	fixture-hive-01	1	0	0	1	0	4	1	1	63	1	0
graph-id-property-wrapped-contains-target-33-dense	graph-id	graph-id-property-wrapped-contains	dense	graph-id-equals-and-wrapped-contains	graph-routing	properties	200	fixture-hive-01	fixture-hive-01	1	3a9bab8befb64a5c5518ec83add10138c13ae31dfad00b5a26547f3cfc2bf0bb	success	200	92578	e10f119cab32a77f2d8107211e2addcc69d3ab151ee08f60199ff7a8db9b6a1c	263343		fixture-hive-01	cypher-graph-id-predicate	64	1	fixture-hive-01	1	0	0	1	0	200	1	1	63	1	0
graph-id-property-wrapped-contains-target-34-zero	graph-id	graph-id-property-wrapped-contains	zero	graph-id-equals-and-wrapped-contains	graph-routing	properties	200	fixture-hive-02	fixture-hive-02	1	058d31d4f0a17f6c8e80480702d6c2099e48867673bc0a8d99037f2244a27bbf	success	0	147	805c8c7334c868e18e2be84be95b83cc60895722d739c2b164a68be4cd410c49	145563			cypher-graph-id-predicate	64	1	fixture-hive-02	1	0	0	1	0	1	1	1	63	1	0
graph-id-property-wrapped-contains-target-34-targeted	graph-id	graph-id-property-wrapped-contains	targeted	graph-id-equals-and-wrapped-contains	graph-routing	properties	200	fixture-hive-02	fixture-hive-02	1	058d31d4f0a17f6c8e80480702d6c2099e48867673bc0a8d99037f2244a27bbf	success	4	2883	e83a01bd4b4e8f51ba0c51a53e73f87ec8dd6170bd60b37ef57b4eb9aba8bcc7	128842		fixture-hive-02	cypher-graph-id-predicate	64	1	fixture-hive-02	1	0	0	1	0	4	1	1	63	1	0
graph-id-property-wrapped-contains-target-34-dense	graph-id	graph-id-property-wrapped-contains	dense	graph-id-equals-and-wrapped-contains	graph-routing	properties	200	fixture-hive-02	fixture-hive-02	1	058d31d4f0a17f6c8e80480702d6c2099e48867673bc0a8d99037f2244a27bbf	success	200	94183	b06f89a813919b2f4278637c18773fe7508c48351caa08a76cefe1f54c9b7715	256871		fixture-hive-02	cypher-graph-id-predicate	64	1	fixture-hive-02	1	0	0	1	0	200	1	1	63	1	0
graph-id-property-wrapped-contains-target-35-zero	graph-id	graph-id-property-wrapped-contains	zero	graph-id-equals-and-wrapped-contains	graph-routing	properties	200	fixture-hive-03	fixture-hive-03	1	bc37ba5880a9fc3e89dea2bf6571ad8db10f8c499dfca7c678b831d8edb064fe	success	0	147	805c8c7334c868e18e2be84be95b83cc60895722d739c2b164a68be4cd410c49	149440			cypher-graph-id-predicate	64	1	fixture-hive-03	1	0	0	1	0	1	1	1	63	1	0
graph-id-property-wrapped-contains-target-35-targeted	graph-id	graph-id-property-wrapped-contains	targeted	graph-id-equals-and-wrapped-contains	graph-routing	properties	200	fixture-hive-03	fixture-hive-03	1	bc37ba5880a9fc3e89dea2bf6571ad8db10f8c499dfca7c678b831d8edb064fe	success	1	771	134378d176ef9559b3b9b40557762648c5aa55be889ba8cb2e7f752130b85ab7	491069		fixture-hive-03	cypher-graph-id-predicate	64	1	fixture-hive-03	1	0	0	1	0	1	1	1	63	1	0
graph-id-property-wrapped-contains-target-35-dense	graph-id	graph-id-property-wrapped-contains	dense	graph-id-equals-and-wrapped-contains	graph-routing	properties	200	fixture-hive-03	fixture-hive-03	1	bc37ba5880a9fc3e89dea2bf6571ad8db10f8c499dfca7c678b831d8edb064fe	success	200	91613	71eca3baa7c5adda9a19daaba5b66d08f4d30beebcfc1f6f8f3125a009484e93	881040		fixture-hive-03	cypher-graph-id-predicate	64	1	fixture-hive-03	1	0	0	1	0	200	1	1	63	1	0
graph-id-property-wrapped-contains-target-36-zero	graph-id	graph-id-property-wrapped-contains	zero	graph-id-equals-and-wrapped-contains	graph-routing	properties	200	fixture-hive-04	fixture-hive-04	1	d6abca6af79ede3e783b4b1d1bb2f17c22db5cf0b5c70506d31ea6d33509dcc5	success	0	147	805c8c7334c868e18e2be84be95b83cc60895722d739c2b164a68be4cd410c49	190036			cypher-graph-id-predicate	64	1	fixture-hive-04	1	0	0	1	0	1	1	1	63	1	0
graph-id-property-wrapped-contains-target-36-targeted	graph-id	graph-id-property-wrapped-contains	targeted	graph-id-equals-and-wrapped-contains	graph-routing	properties	200	fixture-hive-04	fixture-hive-04	1	d6abca6af79ede3e783b4b1d1bb2f17c22db5cf0b5c70506d31ea6d33509dcc5	success	1	795	6f5022183da52ea8cb963f17c4b86a6270dc9bfe0ca358e5ec7d6bdf4c95879f	157314		fixture-hive-04	cypher-graph-id-predicate	64	1	fixture-hive-04	1	0	0	1	0	1	1	1	63	1	0
graph-id-property-wrapped-contains-target-36-dense	graph-id	graph-id-property-wrapped-contains	dense	graph-id-equals-and-wrapped-contains	graph-routing	properties	200	fixture-hive-04	fixture-hive-04	1	d6abca6af79ede3e783b4b1d1bb2f17c22db5cf0b5c70506d31ea6d33509dcc5	success	200	91716	5d2df55fe9df550bd17a462dbec1bd958f7c0d5940c160537976ecc80d5cb22f	282218		fixture-hive-04	cypher-graph-id-predicate	64	1	fixture-hive-04	1	0	0	1	0	200	1	1	63	1	0
graph-id-property-wrapped-contains-target-37-zero	graph-id	graph-id-property-wrapped-contains	zero	graph-id-equals-and-wrapped-contains	graph-routing	properties	200	fixture-hive-05	fixture-hive-05	1	f7f4c2e85299b39f0b295436a0a678be80ea1fe4bd065c984fac7e3e79c02a1f	success	0	147	805c8c7334c868e18e2be84be95b83cc60895722d739c2b164a68be4cd410c49	114745			cypher-graph-id-predicate	64	1	fixture-hive-05	1	0	0	1	0	1	1	1	63	1	0
graph-id-property-wrapped-contains-target-37-targeted	graph-id	graph-id-property-wrapped-contains	targeted	graph-id-equals-and-wrapped-contains	graph-routing	properties	200	fixture-hive-05	fixture-hive-05	1	f7f4c2e85299b39f0b295436a0a678be80ea1fe4bd065c984fac7e3e79c02a1f	success	51	31472	b9433fbd59011f3771f14c8abacb0cbca913b3ccb9b85649a8f98d4c6f628703	146214		fixture-hive-05	cypher-graph-id-predicate	64	1	fixture-hive-05	1	0	0	1	0	51	1	1	63	1	0
graph-id-property-wrapped-contains-target-37-dense	graph-id	graph-id-property-wrapped-contains	dense	graph-id-equals-and-wrapped-contains	graph-routing	properties	200	fixture-hive-05	fixture-hive-05	1	f7f4c2e85299b39f0b295436a0a678be80ea1fe4bd065c984fac7e3e79c02a1f	success	200	91795	dbb6e258143695218279e10cbea2bf21ad0c5b1330a8fc3e3470b176ae0b6f42	161873		fixture-hive-05	cypher-graph-id-predicate	64	1	fixture-hive-05	1	0	0	1	0	200	1	1	63	1	0
graph-id-property-wrapped-contains-target-38-zero	graph-id	graph-id-property-wrapped-contains	zero	graph-id-equals-and-wrapped-contains	graph-routing	properties	200	fixture-hive-06	fixture-hive-06	1	ddfe0a17a6b176061c6908248fc9bbb24510f00e8ed40c2c068587464d0ab767	success	0	147	805c8c7334c868e18e2be84be95b83cc60895722d739c2b164a68be4cd410c49	80922			cypher-graph-id-predicate	64	1	fixture-hive-06	1	0	0	1	0	1	1	1	63	1	0
graph-id-property-wrapped-contains-target-38-targeted	graph-id	graph-id-property-wrapped-contains	targeted	graph-id-equals-and-wrapped-contains	graph-routing	properties	200	fixture-hive-06	fixture-hive-06	1	ddfe0a17a6b176061c6908248fc9bbb24510f00e8ed40c2c068587464d0ab767	success	1	801	6e224732564976ab3ad1b488a2dcb0c2a2f84050ab25d529f41b87f4de3c406c	83316		fixture-hive-06	cypher-graph-id-predicate	64	1	fixture-hive-06	1	0	0	1	0	1	1	1	63	1	0
graph-id-property-wrapped-contains-target-38-dense	graph-id	graph-id-property-wrapped-contains	dense	graph-id-equals-and-wrapped-contains	graph-routing	properties	200	fixture-hive-06	fixture-hive-06	1	ddfe0a17a6b176061c6908248fc9bbb24510f00e8ed40c2c068587464d0ab767	success	200	92968	77adda61bf8a66745500e9e1b739302ae425b75af5d5199095bd9c0f56151e04	197590		fixture-hive-06	cypher-graph-id-predicate	64	1	fixture-hive-06	1	0	0	1	0	200	1	1	63	1	0
graph-id-property-wrapped-contains-target-39-zero	graph-id	graph-id-property-wrapped-contains	zero	graph-id-equals-and-wrapped-contains	graph-routing	properties	200	fixture-hive-07	fixture-hive-07	1	5b909537f8397e9b454c56026974d9a0348f5c6147e1f2169fbaaa2eb1645822	success	0	147	805c8c7334c868e18e2be84be95b83cc60895722d739c2b164a68be4cd410c49	102652			cypher-graph-id-predicate	64	1	fixture-hive-07	1	0	0	1	0	1	1	1	63	1	0
graph-id-property-wrapped-contains-target-39-targeted	graph-id	graph-id-property-wrapped-contains	targeted	graph-id-equals-and-wrapped-contains	graph-routing	properties	200	fixture-hive-07	fixture-hive-07	1	5b909537f8397e9b454c56026974d9a0348f5c6147e1f2169fbaaa2eb1645822	success	4	2855	db8e5b7500b38c30ff9ca554407e1c3f066cc32ce80520e31c63fe8f4f34048e	80040		fixture-hive-07	cypher-graph-id-predicate	64	1	fixture-hive-07	1	0	0	1	0	4	1	1	63	1	0
graph-id-property-wrapped-contains-target-39-dense	graph-id	graph-id-property-wrapped-contains	dense	graph-id-equals-and-wrapped-contains	graph-routing	properties	200	fixture-hive-07	fixture-hive-07	1	5b909537f8397e9b454c56026974d9a0348f5c6147e1f2169fbaaa2eb1645822	success	200	91298	153dc7ab9d3d22961d16bfae52d0b5cd4c7d97177e0e57e7c086294f37d00f0f	461161		fixture-hive-07	cypher-graph-id-predicate	64	1	fixture-hive-07	1	0	0	1	0	200	1	1	63	1	0
graph-id-property-wrapped-contains-target-40-zero	graph-id	graph-id-property-wrapped-contains	zero	graph-id-equals-and-wrapped-contains	graph-routing	properties	200	fixture-hive-08	fixture-hive-08	1	a73da7b76b921f77b9fadceff4ca8a9274fa7524e6ce2fb87c035b118fdb9e31	success	0	147	805c8c7334c868e18e2be84be95b83cc60895722d739c2b164a68be4cd410c49	133811			cypher-graph-id-predicate	64	1	fixture-hive-08	1	0	0	1	0	1	1	1	63	1	0
graph-id-property-wrapped-contains-target-40-targeted	graph-id	graph-id-property-wrapped-contains	targeted	graph-id-equals-and-wrapped-contains	graph-routing	properties	200	fixture-hive-08	fixture-hive-08	1	a73da7b76b921f77b9fadceff4ca8a9274fa7524e6ce2fb87c035b118fdb9e31	success	4	2911	6520445594f6fc1d080f2e441beea159540f21b52c555b515dbd7ba1fee2a37f	130845		fixture-hive-08	cypher-graph-id-predicate	64	1	fixture-hive-08	1	0	0	1	0	4	1	1	63	1	0
graph-id-property-wrapped-contains-target-40-dense	graph-id	graph-id-property-wrapped-contains	dense	graph-id-equals-and-wrapped-contains	graph-routing	properties	200	fixture-hive-08	fixture-hive-08	1	a73da7b76b921f77b9fadceff4ca8a9274fa7524e6ce2fb87c035b118fdb9e31	success	200	95189	6547ed796970ad3186785ae6dc7d6b1328d226d1878e5144fdb98c21fcba06f9	255599		fixture-hive-08	cypher-graph-id-predicate	64	1	fixture-hive-08	1	0	0	1	0	200	1	1	63	1	0
graph-id-property-wrapped-contains-target-41-zero	graph-id	graph-id-property-wrapped-contains	zero	graph-id-equals-and-wrapped-contains	graph-routing	properties	200	fixture-hive-09	fixture-hive-09	1	295df7bb9f479be56469bcfb34b70c143d1aff6e47944b80de9fd42e774be779	success	0	147	805c8c7334c868e18e2be84be95b83cc60895722d739c2b164a68be4cd410c49	128160			cypher-graph-id-predicate	64	1	fixture-hive-09	1	0	0	1	0	1	1	1	63	1	0
graph-id-property-wrapped-contains-target-41-targeted	graph-id	graph-id-property-wrapped-contains	targeted	graph-id-equals-and-wrapped-contains	graph-routing	properties	200	fixture-hive-09	fixture-hive-09	1	295df7bb9f479be56469bcfb34b70c143d1aff6e47944b80de9fd42e774be779	success	4	2883	42fd2fd2ff37d34c0cfb2146cde4be9387147a4cc07443bd58969c3f1e25556e	146154		fixture-hive-09	cypher-graph-id-predicate	64	1	fixture-hive-09	1	0	0	1	0	4	1	1	63	1	0
graph-id-property-wrapped-contains-target-41-dense	graph-id	graph-id-property-wrapped-contains	dense	graph-id-equals-and-wrapped-contains	graph-routing	properties	200	fixture-hive-09	fixture-hive-09	1	295df7bb9f479be56469bcfb34b70c143d1aff6e47944b80de9fd42e774be779	success	200	92146	1d23f5a918b6a408d8eae300e7aa799801aecc62fcc85667af567e3c95156cb9	223458		fixture-hive-09	cypher-graph-id-predicate	64	1	fixture-hive-09	1	0	0	1	0	200	1	1	63	1	0
graph-id-property-wrapped-contains-target-42-zero	graph-id	graph-id-property-wrapped-contains	zero	graph-id-equals-and-wrapped-contains	graph-routing	properties	200	fixture-hive-10	fixture-hive-10	1	e942f277a2b44bd11b03bd9380dd5388338721030a1701c31ff2277dd8f8cd9a	success	0	147	805c8c7334c868e18e2be84be95b83cc60895722d739c2b164a68be4cd410c49	120386			cypher-graph-id-predicate	64	1	fixture-hive-10	1	0	0	1	0	1	1	1	63	1	0
graph-id-property-wrapped-contains-target-42-targeted	graph-id	graph-id-property-wrapped-contains	targeted	graph-id-equals-and-wrapped-contains	graph-routing	properties	200	fixture-hive-10	fixture-hive-10	1	e942f277a2b44bd11b03bd9380dd5388338721030a1701c31ff2277dd8f8cd9a	success	63	39077	2d20a012ee335ff72d99f67135e1ac36defbca676c07a298d3df15c7c1e33f7d	142186		fixture-hive-10	cypher-graph-id-predicate	64	1	fixture-hive-10	1	0	0	1	0	63	1	1	63	1	0
graph-id-property-wrapped-contains-target-42-dense	graph-id	graph-id-property-wrapped-contains	dense	graph-id-equals-and-wrapped-contains	graph-routing	properties	200	fixture-hive-10	fixture-hive-10	1	e942f277a2b44bd11b03bd9380dd5388338721030a1701c31ff2277dd8f8cd9a	success	200	93248	bd7a2cfc84011237aca413f8fd4b6ee9130043dc1530bc214cc965d935dc3d88	264635		fixture-hive-10	cypher-graph-id-predicate	64	1	fixture-hive-10	1	0	0	1	0	200	1	1	63	1	0
graph-id-property-wrapped-contains-target-43-zero	graph-id	graph-id-property-wrapped-contains	zero	graph-id-equals-and-wrapped-contains	graph-routing	properties	200	fixture-hive-11	fixture-hive-11	1	fc0779b8fe9d9937d1e4cb4a3dba1379fc83c9a81125f4350e46a986c8531889	success	0	147	805c8c7334c868e18e2be84be95b83cc60895722d739c2b164a68be4cd410c49	147486			cypher-graph-id-predicate	64	1	fixture-hive-11	1	0	0	1	0	1	1	1	63	1	0
graph-id-property-wrapped-contains-target-43-targeted	graph-id	graph-id-property-wrapped-contains	targeted	graph-id-equals-and-wrapped-contains	graph-routing	properties	200	fixture-hive-11	fixture-hive-11	1	fc0779b8fe9d9937d1e4cb4a3dba1379fc83c9a81125f4350e46a986c8531889	success	4	2743	a7aaae25732eb3fc39e7e9697120f6a4534e52262fb153e4201e51d7b31e4606	130615		fixture-hive-11	cypher-graph-id-predicate	64	1	fixture-hive-11	1	0	0	1	0	4	1	1	63	1	0
graph-id-property-wrapped-contains-target-43-dense	graph-id	graph-id-property-wrapped-contains	dense	graph-id-equals-and-wrapped-contains	graph-routing	properties	200	fixture-hive-11	fixture-hive-11	1	fc0779b8fe9d9937d1e4cb4a3dba1379fc83c9a81125f4350e46a986c8531889	success	200	94063	f5c81d8aabcfe449e1a20e1133f0ce5a6c25cde54cfb7e82531ff93f87b6f89e	230652		fixture-hive-11	cypher-graph-id-predicate	64	1	fixture-hive-11	1	0	0	1	0	200	1	1	63	1	0
graph-id-property-wrapped-contains-target-44-zero	graph-id	graph-id-property-wrapped-contains	zero	graph-id-equals-and-wrapped-contains	graph-routing	properties	200	fixture-hive-12	fixture-hive-12	1	b0c62bc41512e26a42d23ec1fd21c12eb0d433e252eed22e92d2246689f7489a	success	0	147	805c8c7334c868e18e2be84be95b83cc60895722d739c2b164a68be4cd410c49	121057			cypher-graph-id-predicate	64	1	fixture-hive-12	1	0	0	1	0	1	1	1	63	1	0
graph-id-property-wrapped-contains-target-44-targeted	graph-id	graph-id-property-wrapped-contains	targeted	graph-id-equals-and-wrapped-contains	graph-routing	properties	200	fixture-hive-12	fixture-hive-12	1	b0c62bc41512e26a42d23ec1fd21c12eb0d433e252eed22e92d2246689f7489a	success	4	2890	b8c7750587d3cb95373de074cba017cf14e5d85811bfc8cc2b49fa06615dc14f	153086		fixture-hive-12	cypher-graph-id-predicate	64	1	fixture-hive-12	1	0	0	1	0	4	1	1	63	1	0
graph-id-property-wrapped-contains-target-44-dense	graph-id	graph-id-property-wrapped-contains	dense	graph-id-equals-and-wrapped-contains	graph-routing	properties	200	fixture-hive-12	fixture-hive-12	1	b0c62bc41512e26a42d23ec1fd21c12eb0d433e252eed22e92d2246689f7489a	success	200	90517	901cb7ad5a7cef604f7264d87d81f85a7b3e521b0175839dd61f15fa140b58cf	260508		fixture-hive-12	cypher-graph-id-predicate	64	1	fixture-hive-12	1	0	0	1	0	200	1	1	63	1	0
graph-id-property-wrapped-contains-target-45-zero	graph-id	graph-id-property-wrapped-contains	zero	graph-id-equals-and-wrapped-contains	graph-routing	properties	200	fixture-hive-13	fixture-hive-13	1	2f758a1599ac4d799ee27ae81f81bfe54bc6240d59e8f003bf5cd782742affd0	success	0	147	805c8c7334c868e18e2be84be95b83cc60895722d739c2b164a68be4cd410c49	525533			cypher-graph-id-predicate	64	1	fixture-hive-13	1	0	0	1	0	1	1	1	63	1	0
graph-id-property-wrapped-contains-target-45-targeted	graph-id	graph-id-property-wrapped-contains	targeted	graph-id-equals-and-wrapped-contains	graph-routing	properties	200	fixture-hive-13	fixture-hive-13	1	2f758a1599ac4d799ee27ae81f81bfe54bc6240d59e8f003bf5cd782742affd0	success	1	807	7a2ea6e6b7c61f333c01be975226570ddf428683fdf6c4eb419e09457718acf9	152626		fixture-hive-13	cypher-graph-id-predicate	64	1	fixture-hive-13	1	0	0	1	0	1	1	1	63	1	0
graph-id-property-wrapped-contains-target-45-dense	graph-id	graph-id-property-wrapped-contains	dense	graph-id-equals-and-wrapped-contains	graph-routing	properties	200	fixture-hive-13	fixture-hive-13	1	2f758a1599ac4d799ee27ae81f81bfe54bc6240d59e8f003bf5cd782742affd0	success	200	92534	8ce2fca3adf975e2913f1d7a0f91465f04ef5e5cdbaaa1f51ca68901be616480	490689		fixture-hive-13	cypher-graph-id-predicate	64	1	fixture-hive-13	1	0	0	1	0	200	1	1	63	1	0
graph-id-property-wrapped-contains-target-46-zero	graph-id	graph-id-property-wrapped-contains	zero	graph-id-equals-and-wrapped-contains	graph-routing	properties	200	fixture-hive-14	fixture-hive-14	1	960cf66cc8af0003002afe076d1f893b29b2a55fabfac7d5316eb3e3b9c46f67	success	0	147	805c8c7334c868e18e2be84be95b83cc60895722d739c2b164a68be4cd410c49	193111			cypher-graph-id-predicate	64	1	fixture-hive-14	1	0	0	1	0	1	1	1	63	1	0
graph-id-property-wrapped-contains-target-46-targeted	graph-id	graph-id-property-wrapped-contains	targeted	graph-id-equals-and-wrapped-contains	graph-routing	properties	200	fixture-hive-14	fixture-hive-14	1	960cf66cc8af0003002afe076d1f893b29b2a55fabfac7d5316eb3e3b9c46f67	success	45	27605	5de372ca8e19ec486456452fc7bd2d9f18c4d7b0beb5e238b24073911e1d2e3a	208159		fixture-hive-14	cypher-graph-id-predicate	64	1	fixture-hive-14	1	0	0	1	0	45	1	1	63	1	0
graph-id-property-wrapped-contains-target-46-dense	graph-id	graph-id-property-wrapped-contains	dense	graph-id-equals-and-wrapped-contains	graph-routing	properties	200	fixture-hive-14	fixture-hive-14	1	960cf66cc8af0003002afe076d1f893b29b2a55fabfac7d5316eb3e3b9c46f67	success	200	96641	3ad39c9167b00424c5957087068cab90d47268c9063b8d9e565113275edd98c8	472815		fixture-hive-14	cypher-graph-id-predicate	64	1	fixture-hive-14	1	0	0	1	0	200	1	1	63	1	0
graph-id-property-wrapped-contains-target-47-zero	graph-id	graph-id-property-wrapped-contains	zero	graph-id-equals-and-wrapped-contains	graph-routing	properties	200	fixture-hive-15	fixture-hive-15	1	d5c3f70f4e04fa9e3851b5ba956c39c64ff3bf4c48028255a069369d65d3e3dc	success	0	147	805c8c7334c868e18e2be84be95b83cc60895722d739c2b164a68be4cd410c49	435967			cypher-graph-id-predicate	64	1	fixture-hive-15	1	0	0	1	0	1	1	1	63	1	0
graph-id-property-wrapped-contains-target-47-targeted	graph-id	graph-id-property-wrapped-contains	targeted	graph-id-equals-and-wrapped-contains	graph-routing	properties	200	fixture-hive-15	fixture-hive-15	1	d5c3f70f4e04fa9e3851b5ba956c39c64ff3bf4c48028255a069369d65d3e3dc	success	66	40159	fcfc173325ae104971344d6daea93c8089a472f712f938cfbd16c519ba82c551	362058		fixture-hive-15	cypher-graph-id-predicate	64	1	fixture-hive-15	1	0	0	1	0	66	1	1	63	1	0
graph-id-property-wrapped-contains-target-47-dense	graph-id	graph-id-property-wrapped-contains	dense	graph-id-equals-and-wrapped-contains	graph-routing	properties	200	fixture-hive-15	fixture-hive-15	1	d5c3f70f4e04fa9e3851b5ba956c39c64ff3bf4c48028255a069369d65d3e3dc	success	200	97359	d162ad37d2e7b659e55cddb63b7d42e922fbd2396ae9679f7648226751bb7a13	458198		fixture-hive-15	cypher-graph-id-predicate	64	1	fixture-hive-15	1	0	0	1	0	200	1	1	63	1	0
graph-id-property-wrapped-contains-target-48-zero	graph-id	graph-id-property-wrapped-contains	zero	graph-id-equals-and-wrapped-contains	graph-routing	properties	200	fixture-kotlin-compiler-00	fixture-kotlin-compiler-00	1	e0590ddba3b9b9f8de79bee6771cc2f41482d9bcf2b6d495c533f4d523602a1c	success	0	147	805c8c7334c868e18e2be84be95b83cc60895722d739c2b164a68be4cd410c49	159218			cypher-graph-id-predicate	64	1	fixture-kotlin-compiler-00	1	0	0	1	0	1	1	1	63	1	0
graph-id-property-wrapped-contains-target-48-targeted	graph-id	graph-id-property-wrapped-contains	targeted	graph-id-equals-and-wrapped-contains	graph-routing	properties	200	fixture-kotlin-compiler-00	fixture-kotlin-compiler-00	1	e0590ddba3b9b9f8de79bee6771cc2f41482d9bcf2b6d495c533f4d523602a1c	success	10	6351	274597a5e0e535d6581734920f9ffbc39062a84a13ad9d85823a8f12df219dfd	272580		fixture-kotlin-compiler-00	cypher-graph-id-predicate	64	1	fixture-kotlin-compiler-00	1	0	0	1	0	10	1	1	63	1	0
graph-id-property-wrapped-contains-target-48-dense	graph-id	graph-id-property-wrapped-contains	dense	graph-id-equals-and-wrapped-contains	graph-routing	properties	200	fixture-kotlin-compiler-00	fixture-kotlin-compiler-00	1	e0590ddba3b9b9f8de79bee6771cc2f41482d9bcf2b6d495c533f4d523602a1c	success	200	97301	4abd067ea3c7496241f2623586a132809a81e33bd08c7645b717be3ee7ee2542	272851		fixture-kotlin-compiler-00	cypher-graph-id-predicate	64	1	fixture-kotlin-compiler-00	1	0	0	1	0	200	1	1	63	1	0
graph-id-property-wrapped-contains-target-49-zero	graph-id	graph-id-property-wrapped-contains	zero	graph-id-equals-and-wrapped-contains	graph-routing	properties	200	fixture-kotlin-compiler-01	fixture-kotlin-compiler-01	1	a2378f34cd746f343988852d75ea5d50b8bfe89e6cd965dacb19b742e3a8c966	success	0	147	805c8c7334c868e18e2be84be95b83cc60895722d739c2b164a68be4cd410c49	425316			cypher-graph-id-predicate	64	1	fixture-kotlin-compiler-01	1	0	0	1	0	1	1	1	63	1	0
graph-id-property-wrapped-contains-target-49-targeted	graph-id	graph-id-property-wrapped-contains	targeted	graph-id-equals-and-wrapped-contains	graph-routing	properties	200	fixture-kotlin-compiler-01	fixture-kotlin-compiler-01	1	a2378f34cd746f343988852d75ea5d50b8bfe89e6cd965dacb19b742e3a8c966	success	4	2598	d72c68d3fe0e8e0257e28136dfcba3f279a31d304b51dc9611dfa7b0f16169a8	137286		fixture-kotlin-compiler-01	cypher-graph-id-predicate	64	1	fixture-kotlin-compiler-01	1	0	0	1	0	4	1	1	63	1	0
graph-id-property-wrapped-contains-target-49-dense	graph-id	graph-id-property-wrapped-contains	dense	graph-id-equals-and-wrapped-contains	graph-routing	properties	200	fixture-kotlin-compiler-01	fixture-kotlin-compiler-01	1	a2378f34cd746f343988852d75ea5d50b8bfe89e6cd965dacb19b742e3a8c966	success	200	95854	6848b85ce01299f2ea05bcca3edaa8c69792c61113aeaea43a401f01793bb61d	1122404		fixture-kotlin-compiler-01	cypher-graph-id-predicate	64	1	fixture-kotlin-compiler-01	1	0	0	1	0	200	1	1	63	1	0
graph-id-property-wrapped-contains-target-50-zero	graph-id	graph-id-property-wrapped-contains	zero	graph-id-equals-and-wrapped-contains	graph-routing	properties	200	fixture-kotlin-compiler-02	fixture-kotlin-compiler-02	1	b4996e09ff7c9fb90ce978374faa803d01485382a499402abfd9028048b79bf7	success	0	147	805c8c7334c868e18e2be84be95b83cc60895722d739c2b164a68be4cd410c49	165730			cypher-graph-id-predicate	64	1	fixture-kotlin-compiler-02	1	0	0	1	0	1	1	1	63	1	0
graph-id-property-wrapped-contains-target-50-targeted	graph-id	graph-id-property-wrapped-contains	targeted	graph-id-equals-and-wrapped-contains	graph-routing	properties	200	fixture-kotlin-compiler-02	fixture-kotlin-compiler-02	1	b4996e09ff7c9fb90ce978374faa803d01485382a499402abfd9028048b79bf7	success	1	791	85dd6bfd8cfa28628294c822275e5bb7a279ea8142c47ff362a55c060e68da37	113221		fixture-kotlin-compiler-02	cypher-graph-id-predicate	64	1	fixture-kotlin-compiler-02	1	0	0	1	0	1	1	1	63	1	0
graph-id-property-wrapped-contains-target-50-dense	graph-id	graph-id-property-wrapped-contains	dense	graph-id-equals-and-wrapped-contains	graph-routing	properties	200	fixture-kotlin-compiler-02	fixture-kotlin-compiler-02	1	b4996e09ff7c9fb90ce978374faa803d01485382a499402abfd9028048b79bf7	success	200	91564	fbf180fab82c32493738bb60bb29955d3f45810bb23806d614f71964200069bc	251701		fixture-kotlin-compiler-02	cypher-graph-id-predicate	64	1	fixture-kotlin-compiler-02	1	0	0	1	0	200	1	1	63	1	0
graph-id-property-wrapped-contains-target-51-zero	graph-id	graph-id-property-wrapped-contains	zero	graph-id-equals-and-wrapped-contains	graph-routing	properties	200	fixture-kotlin-compiler-03	fixture-kotlin-compiler-03	1	a2350bbcc2f1ba8738ae72b167e586240ce7149551e3fba11f7a358d11b7801e	success	0	147	805c8c7334c868e18e2be84be95b83cc60895722d739c2b164a68be4cd410c49	145012			cypher-graph-id-predicate	64	1	fixture-kotlin-compiler-03	1	0	0	1	0	1	1	1	63	1	0
graph-id-property-wrapped-contains-target-51-targeted	graph-id	graph-id-property-wrapped-contains	targeted	graph-id-equals-and-wrapped-contains	graph-routing	properties	200	fixture-kotlin-compiler-03	fixture-kotlin-compiler-03	1	a2350bbcc2f1ba8738ae72b167e586240ce7149551e3fba11f7a358d11b7801e	success	1	798	64ae9673d519a121b865dc50f576291bddc3c4c81c474d10cfb9d0da1dce7c60	279143		fixture-kotlin-compiler-03	cypher-graph-id-predicate	64	1	fixture-kotlin-compiler-03	1	0	0	1	0	1	1	1	63	1	0
graph-id-property-wrapped-contains-target-51-dense	graph-id	graph-id-property-wrapped-contains	dense	graph-id-equals-and-wrapped-contains	graph-routing	properties	200	fixture-kotlin-compiler-03	fixture-kotlin-compiler-03	1	a2350bbcc2f1ba8738ae72b167e586240ce7149551e3fba11f7a358d11b7801e	success	200	94730	d508f1cb1d0c5646118a68e8a87c49c66a454661e438e3f033289c173598f51f	161773		fixture-kotlin-compiler-03	cypher-graph-id-predicate	64	1	fixture-kotlin-compiler-03	1	0	0	1	0	200	1	1	63	1	0
graph-id-property-wrapped-contains-target-52-zero	graph-id	graph-id-property-wrapped-contains	zero	graph-id-equals-and-wrapped-contains	graph-routing	properties	200	fixture-kotlin-compiler-04	fixture-kotlin-compiler-04	1	1835d0591826a821b1c4a8a0df21cd273c40697176c253109b1663d9e56d64a0	success	0	147	805c8c7334c868e18e2be84be95b83cc60895722d739c2b164a68be4cd410c49	111920			cypher-graph-id-predicate	64	1	fixture-kotlin-compiler-04	1	0	0	1	0	1	1	1	63	1	0
graph-id-property-wrapped-contains-target-52-targeted	graph-id	graph-id-property-wrapped-contains	targeted	graph-id-equals-and-wrapped-contains	graph-routing	properties	200	fixture-kotlin-compiler-04	fixture-kotlin-compiler-04	1	1835d0591826a821b1c4a8a0df21cd273c40697176c253109b1663d9e56d64a0	success	1	792	6691abe0a1f608719107bf4ffc3fa52632123ab77cb7c2c3c6536cd32de533b1	93785		fixture-kotlin-compiler-04	cypher-graph-id-predicate	64	1	fixture-kotlin-compiler-04	1	0	0	1	0	1	1	1	63	1	0
graph-id-property-wrapped-contains-target-52-dense	graph-id	graph-id-property-wrapped-contains	dense	graph-id-equals-and-wrapped-contains	graph-routing	properties	200	fixture-kotlin-compiler-04	fixture-kotlin-compiler-04	1	1835d0591826a821b1c4a8a0df21cd273c40697176c253109b1663d9e56d64a0	success	200	96891	db4b9bfadbbb61a039e76484090eda57349ec9585a7c795f46793352fb739e7c	132158		fixture-kotlin-compiler-04	cypher-graph-id-predicate	64	1	fixture-kotlin-compiler-04	1	0	0	1	0	200	1	1	63	1	0
graph-id-property-wrapped-contains-target-53-zero	graph-id	graph-id-property-wrapped-contains	zero	graph-id-equals-and-wrapped-contains	graph-routing	properties	200	fixture-kotlin-compiler-05	fixture-kotlin-compiler-05	1	65de36ec09041582c4ff4a57708f099a7d72d4907a327e47ae026767f5ff0db0	success	0	147	805c8c7334c868e18e2be84be95b83cc60895722d739c2b164a68be4cd410c49	98164			cypher-graph-id-predicate	64	1	fixture-kotlin-compiler-05	1	0	0	1	0	1	1	1	63	1	0
graph-id-property-wrapped-contains-target-53-targeted	graph-id	graph-id-property-wrapped-contains	targeted	graph-id-equals-and-wrapped-contains	graph-routing	properties	200	fixture-kotlin-compiler-05	fixture-kotlin-compiler-05	1	65de36ec09041582c4ff4a57708f099a7d72d4907a327e47ae026767f5ff0db0	success	6	3910	d987ccd9722d9cd5492fcbb62423f1a89bb41e05ea0e3fb44e7cc793b9656b12	122229		fixture-kotlin-compiler-05	cypher-graph-id-predicate	64	1	fixture-kotlin-compiler-05	1	0	0	1	0	6	1	1	63	1	0
graph-id-property-wrapped-contains-target-53-dense	graph-id	graph-id-property-wrapped-contains	dense	graph-id-equals-and-wrapped-contains	graph-routing	properties	200	fixture-kotlin-compiler-05	fixture-kotlin-compiler-05	1	65de36ec09041582c4ff4a57708f099a7d72d4907a327e47ae026767f5ff0db0	success	200	94720	c9e7b59e830a820a47234ca1fd54046d1c260db318e05adc24dc748ca7fe29c0	238476		fixture-kotlin-compiler-05	cypher-graph-id-predicate	64	1	fixture-kotlin-compiler-05	1	0	0	1	0	200	1	1	63	1	0
graph-id-property-wrapped-contains-target-54-zero	graph-id	graph-id-property-wrapped-contains	zero	graph-id-equals-and-wrapped-contains	graph-routing	properties	200	fixture-kotlin-compiler-06	fixture-kotlin-compiler-06	1	455e2dea20c33d78ad4888048700c76ead131cc5fff61b1b6745f3cf019d98c7	success	0	147	805c8c7334c868e18e2be84be95b83cc60895722d739c2b164a68be4cd410c49	144160			cypher-graph-id-predicate	64	1	fixture-kotlin-compiler-06	1	0	0	1	0	1	1	1	63	1	0
graph-id-property-wrapped-contains-target-54-targeted	graph-id	graph-id-property-wrapped-contains	targeted	graph-id-equals-and-wrapped-contains	graph-routing	properties	200	fixture-kotlin-compiler-06	fixture-kotlin-compiler-06	1	455e2dea20c33d78ad4888048700c76ead131cc5fff61b1b6745f3cf019d98c7	success	3	1869	5157205e66d4cebff8b628175c555fdb333564013eabc5f496e37f9a4ad2b606	143779		fixture-kotlin-compiler-06	cypher-graph-id-predicate	64	1	fixture-kotlin-compiler-06	1	0	0	1	0	3	1	1	63	1	0
graph-id-property-wrapped-contains-target-54-dense	graph-id	graph-id-property-wrapped-contains	dense	graph-id-equals-and-wrapped-contains	graph-routing	properties	200	fixture-kotlin-compiler-06	fixture-kotlin-compiler-06	1	455e2dea20c33d78ad4888048700c76ead131cc5fff61b1b6745f3cf019d98c7	success	200	92798	60b390f0b190e46f6fd1b4929641c7324c9142e0f18a85bc338e7b41ebe62db5	223759		fixture-kotlin-compiler-06	cypher-graph-id-predicate	64	1	fixture-kotlin-compiler-06	1	0	0	1	0	200	1	1	63	1	0
graph-id-property-wrapped-contains-target-55-zero	graph-id	graph-id-property-wrapped-contains	zero	graph-id-equals-and-wrapped-contains	graph-routing	properties	200	fixture-kotlin-compiler-07	fixture-kotlin-compiler-07	1	6c1c49dd5e3fe90a5fa68f9ab09606732d59b2cb006a42f463d6390d9a27f2a1	success	0	147	805c8c7334c868e18e2be84be95b83cc60895722d739c2b164a68be4cd410c49	119423			cypher-graph-id-predicate	64	1	fixture-kotlin-compiler-07	1	0	0	1	0	1	1	1	63	1	0
graph-id-property-wrapped-contains-target-55-targeted	graph-id	graph-id-property-wrapped-contains	targeted	graph-id-equals-and-wrapped-contains	graph-routing	properties	200	fixture-kotlin-compiler-07	fixture-kotlin-compiler-07	1	6c1c49dd5e3fe90a5fa68f9ab09606732d59b2cb006a42f463d6390d9a27f2a1	success	10	6054	f5c10be5db49f33f0b8307328bfb058b342da4d9241c33217038447620028ab5	154059		fixture-kotlin-compiler-07	cypher-graph-id-predicate	64	1	fixture-kotlin-compiler-07	1	0	0	1	0	10	1	1	63	1	0
graph-id-property-wrapped-contains-target-55-dense	graph-id	graph-id-property-wrapped-contains	dense	graph-id-equals-and-wrapped-contains	graph-routing	properties	200	fixture-kotlin-compiler-07	fixture-kotlin-compiler-07	1	6c1c49dd5e3fe90a5fa68f9ab09606732d59b2cb006a42f463d6390d9a27f2a1	success	200	96112	0f6d4800cdd86ccdf20aab2fe6bd2924f66d70c9fcca46057385e09ba151a798	193201		fixture-kotlin-compiler-07	cypher-graph-id-predicate	64	1	fixture-kotlin-compiler-07	1	0	0	1	0	200	1	1	63	1	0
graph-id-property-wrapped-contains-target-56-zero	graph-id	graph-id-property-wrapped-contains	zero	graph-id-equals-and-wrapped-contains	graph-routing	properties	200	fixture-kotlin-compiler-08	fixture-kotlin-compiler-08	1	37be466842d1f239df76fe55e92f6769fc0b2d6e47e43f0020c40a8ce8422cb0	success	0	147	805c8c7334c868e18e2be84be95b83cc60895722d739c2b164a68be4cd410c49	129984			cypher-graph-id-predicate	64	1	fixture-kotlin-compiler-08	1	0	0	1	0	1	1	1	63	1	0
graph-id-property-wrapped-contains-target-56-targeted	graph-id	graph-id-property-wrapped-contains	targeted	graph-id-equals-and-wrapped-contains	graph-routing	properties	200	fixture-kotlin-compiler-08	fixture-kotlin-compiler-08	1	37be466842d1f239df76fe55e92f6769fc0b2d6e47e43f0020c40a8ce8422cb0	success	1	802	7ebbe5301915ad5c39692b733c3f39851576d09270c89f830b9e80b342a866f6	121788		fixture-kotlin-compiler-08	cypher-graph-id-predicate	64	1	fixture-kotlin-compiler-08	1	0	0	1	0	1	1	1	63	1	0
graph-id-property-wrapped-contains-target-56-dense	graph-id	graph-id-property-wrapped-contains	dense	graph-id-equals-and-wrapped-contains	graph-routing	properties	200	fixture-kotlin-compiler-08	fixture-kotlin-compiler-08	1	37be466842d1f239df76fe55e92f6769fc0b2d6e47e43f0020c40a8ce8422cb0	success	200	93704	b778fc4edfb3c1031b90b2d3d121fd31958733afdc68d3f1cde538a17b738328	214301		fixture-kotlin-compiler-08	cypher-graph-id-predicate	64	1	fixture-kotlin-compiler-08	1	0	0	1	0	200	1	1	63	1	0
graph-id-property-wrapped-contains-target-57-zero	graph-id	graph-id-property-wrapped-contains	zero	graph-id-equals-and-wrapped-contains	graph-routing	properties	200	fixture-kotlin-compiler-09	fixture-kotlin-compiler-09	1	5bacb6648bba38e91cc033e69d42538b040b89f913b58ee2afebb53ba8d35c57	success	0	147	805c8c7334c868e18e2be84be95b83cc60895722d739c2b164a68be4cd410c49	129331			cypher-graph-id-predicate	64	1	fixture-kotlin-compiler-09	1	0	0	1	0	1	1	1	63	1	0
graph-id-property-wrapped-contains-target-57-targeted	graph-id	graph-id-property-wrapped-contains	targeted	graph-id-equals-and-wrapped-contains	graph-routing	properties	200	fixture-kotlin-compiler-09	fixture-kotlin-compiler-09	1	5bacb6648bba38e91cc033e69d42538b040b89f913b58ee2afebb53ba8d35c57	success	1	765	0812dc51126311be5cac082c5d39676905cd9a0811e6a08f17ec6343dc843471	124713		fixture-kotlin-compiler-09	cypher-graph-id-predicate	64	1	fixture-kotlin-compiler-09	1	0	0	1	0	1	1	1	63	1	0
graph-id-property-wrapped-contains-target-57-dense	graph-id	graph-id-property-wrapped-contains	dense	graph-id-equals-and-wrapped-contains	graph-routing	properties	200	fixture-kotlin-compiler-09	fixture-kotlin-compiler-09	1	5bacb6648bba38e91cc033e69d42538b040b89f913b58ee2afebb53ba8d35c57	success	200	99258	415f437224f091ed04a72fa493ee405ec437acfcfdf54dee50789c56e5356f10	255558		fixture-kotlin-compiler-09	cypher-graph-id-predicate	64	1	fixture-kotlin-compiler-09	1	0	0	1	0	200	1	1	63	1	0
graph-id-property-wrapped-contains-target-58-zero	graph-id	graph-id-property-wrapped-contains	zero	graph-id-equals-and-wrapped-contains	graph-routing	properties	200	fixture-kotlin-compiler-10	fixture-kotlin-compiler-10	1	634f1070c869c5f39ed7722d97b19c8976bc7fee623a8cfc705bcdd955e20759	success	0	147	805c8c7334c868e18e2be84be95b83cc60895722d739c2b164a68be4cd410c49	118642			cypher-graph-id-predicate	64	1	fixture-kotlin-compiler-10	1	0	0	1	0	1	1	1	63	1	0
graph-id-property-wrapped-contains-target-58-targeted	graph-id	graph-id-property-wrapped-contains	targeted	graph-id-equals-and-wrapped-contains	graph-routing	properties	200	fixture-kotlin-compiler-10	fixture-kotlin-compiler-10	1	634f1070c869c5f39ed7722d97b19c8976bc7fee623a8cfc705bcdd955e20759	success	12	7029	1df616dc12f8aa99df8ef1921ad6c878afdd2d37362d488527ffbb7ddbe7f6e3	129372		fixture-kotlin-compiler-10	cypher-graph-id-predicate	64	1	fixture-kotlin-compiler-10	1	0	0	1	0	12	1	1	63	1	0
graph-id-property-wrapped-contains-target-58-dense	graph-id	graph-id-property-wrapped-contains	dense	graph-id-equals-and-wrapped-contains	graph-routing	properties	200	fixture-kotlin-compiler-10	fixture-kotlin-compiler-10	1	634f1070c869c5f39ed7722d97b19c8976bc7fee623a8cfc705bcdd955e20759	success	200	94948	3f3fd3df372307937afdfd0915ce035266497833c5712760faf456eece659c97	238266		fixture-kotlin-compiler-10	cypher-graph-id-predicate	64	1	fixture-kotlin-compiler-10	1	0	0	1	0	200	1	1	63	1	0
graph-id-property-wrapped-contains-target-59-zero	graph-id	graph-id-property-wrapped-contains	zero	graph-id-equals-and-wrapped-contains	graph-routing	properties	200	fixture-kotlin-compiler-11	fixture-kotlin-compiler-11	1	9e1bbfe33d12ec072b828f417bb9dcdab26d7daecb14898f31eb2d73cdaff93c	success	0	147	805c8c7334c868e18e2be84be95b83cc60895722d739c2b164a68be4cd410c49	127149			cypher-graph-id-predicate	64	1	fixture-kotlin-compiler-11	1	0	0	1	0	1	1	1	63	1	0
graph-id-property-wrapped-contains-target-59-targeted	graph-id	graph-id-property-wrapped-contains	targeted	graph-id-equals-and-wrapped-contains	graph-routing	properties	200	fixture-kotlin-compiler-11	fixture-kotlin-compiler-11	1	9e1bbfe33d12ec072b828f417bb9dcdab26d7daecb14898f31eb2d73cdaff93c	success	11	6729	3d47749a3f582c73a2df58bf3f9b3beed9c001af5d9bd91af1d30abe76d3f524	144120		fixture-kotlin-compiler-11	cypher-graph-id-predicate	64	1	fixture-kotlin-compiler-11	1	0	0	1	0	11	1	1	63	1	0
graph-id-property-wrapped-contains-target-59-dense	graph-id	graph-id-property-wrapped-contains	dense	graph-id-equals-and-wrapped-contains	graph-routing	properties	200	fixture-kotlin-compiler-11	fixture-kotlin-compiler-11	1	9e1bbfe33d12ec072b828f417bb9dcdab26d7daecb14898f31eb2d73cdaff93c	success	200	89429	54106029dd8c0484e4d4612954bdb30eebd525f910018413d1ee09bf2ea5c8ac	222818		fixture-kotlin-compiler-11	cypher-graph-id-predicate	64	1	fixture-kotlin-compiler-11	1	0	0	1	0	200	1	1	63	1	0
graph-id-property-wrapped-contains-target-60-zero	graph-id	graph-id-property-wrapped-contains	zero	graph-id-equals-and-wrapped-contains	graph-routing	properties	200	fixture-kotlin-compiler-12	fixture-kotlin-compiler-12	1	45b0266366bbda196d2004ab993b070c325a01ec90b2c254cb7a89f0070e843a	success	0	147	805c8c7334c868e18e2be84be95b83cc60895722d739c2b164a68be4cd410c49	130935			cypher-graph-id-predicate	64	1	fixture-kotlin-compiler-12	1	0	0	1	0	1	1	1	63	1	0
graph-id-property-wrapped-contains-target-60-targeted	graph-id	graph-id-property-wrapped-contains	targeted	graph-id-equals-and-wrapped-contains	graph-routing	properties	200	fixture-kotlin-compiler-12	fixture-kotlin-compiler-12	1	45b0266366bbda196d2004ab993b070c325a01ec90b2c254cb7a89f0070e843a	success	13	7599	88379c6b80e2b23974c6b6a1e2c6fc3f3680ec705c71b7cecbc9a2228bf7fa26	134111		fixture-kotlin-compiler-12	cypher-graph-id-predicate	64	1	fixture-kotlin-compiler-12	1	0	0	1	0	13	1	1	63	1	0
graph-id-property-wrapped-contains-target-60-dense	graph-id	graph-id-property-wrapped-contains	dense	graph-id-equals-and-wrapped-contains	graph-routing	properties	200	fixture-kotlin-compiler-12	fixture-kotlin-compiler-12	1	45b0266366bbda196d2004ab993b070c325a01ec90b2c254cb7a89f0070e843a	success	200	94040	5d662b90e716477fff887768402c85462026d6042e22f1d7fafdb565b9f9efc8	237916		fixture-kotlin-compiler-12	cypher-graph-id-predicate	64	1	fixture-kotlin-compiler-12	1	0	0	1	0	200	1	1	63	1	0
graph-id-property-wrapped-contains-target-61-zero	graph-id	graph-id-property-wrapped-contains	zero	graph-id-equals-and-wrapped-contains	graph-routing	properties	200	fixture-kotlin-compiler-13	fixture-kotlin-compiler-13	1	aedca61396c53e1f40a6a8408974c2e44a02b0dd40978618ab51b02da9ecb430	success	0	147	805c8c7334c868e18e2be84be95b83cc60895722d739c2b164a68be4cd410c49	117513			cypher-graph-id-predicate	64	1	fixture-kotlin-compiler-13	1	0	0	1	0	1	1	1	63	1	0
graph-id-property-wrapped-contains-target-61-targeted	graph-id	graph-id-property-wrapped-contains	targeted	graph-id-equals-and-wrapped-contains	graph-routing	properties	200	fixture-kotlin-compiler-13	fixture-kotlin-compiler-13	1	aedca61396c53e1f40a6a8408974c2e44a02b0dd40978618ab51b02da9ecb430	success	8	5180	b6f5bd5828bd66e4f09f8198b509f3673986060cf32e2725dff13d9bcb4d6e9b	157271		fixture-kotlin-compiler-13	cypher-graph-id-predicate	64	1	fixture-kotlin-compiler-13	1	0	0	1	0	8	1	1	63	1	0
graph-id-property-wrapped-contains-target-61-dense	graph-id	graph-id-property-wrapped-contains	dense	graph-id-equals-and-wrapped-contains	graph-routing	properties	200	fixture-kotlin-compiler-13	fixture-kotlin-compiler-13	1	aedca61396c53e1f40a6a8408974c2e44a02b0dd40978618ab51b02da9ecb430	success	200	93638	00f9fdf9bf9dc94ccc0d67b35cb45c01a8e623cfaedfdb70da1cc1bfa69daf82	177282		fixture-kotlin-compiler-13	cypher-graph-id-predicate	64	1	fixture-kotlin-compiler-13	1	0	0	1	0	200	1	1	63	1	0
graph-id-property-wrapped-contains-target-62-zero	graph-id	graph-id-property-wrapped-contains	zero	graph-id-equals-and-wrapped-contains	graph-routing	properties	200	fixture-kotlin-compiler-14	fixture-kotlin-compiler-14	1	7f28ad9f946e8d01109ca70944e08883f52dd5c6cb287fa2d5fade1909b610b0	success	0	147	805c8c7334c868e18e2be84be95b83cc60895722d739c2b164a68be4cd410c49	125455			cypher-graph-id-predicate	64	1	fixture-kotlin-compiler-14	1	0	0	1	0	1	1	1	63	1	0
graph-id-property-wrapped-contains-target-62-targeted	graph-id	graph-id-property-wrapped-contains	targeted	graph-id-equals-and-wrapped-contains	graph-routing	properties	200	fixture-kotlin-compiler-14	fixture-kotlin-compiler-14	1	7f28ad9f946e8d01109ca70944e08883f52dd5c6cb287fa2d5fade1909b610b0	success	1	877	f04b3035acb1285487cb68f126c796fd316b35c6ce630f1e71efd88436bf28f2	153397		fixture-kotlin-compiler-14	cypher-graph-id-predicate	64	1	fixture-kotlin-compiler-14	1	0	0	1	0	1	1	1	63	1	0
graph-id-property-wrapped-contains-target-62-dense	graph-id	graph-id-property-wrapped-contains	dense	graph-id-equals-and-wrapped-contains	graph-routing	properties	200	fixture-kotlin-compiler-14	fixture-kotlin-compiler-14	1	7f28ad9f946e8d01109ca70944e08883f52dd5c6cb287fa2d5fade1909b610b0	success	200	97449	f19574ac46a01dafc16136d9e8c4835b8d40c72753078eb8a67a1d7d438dd937	205487		fixture-kotlin-compiler-14	cypher-graph-id-predicate	64	1	fixture-kotlin-compiler-14	1	0	0	1	0	200	1	1	63	1	0
graph-id-property-wrapped-contains-target-63-zero	graph-id	graph-id-property-wrapped-contains	zero	graph-id-equals-and-wrapped-contains	graph-routing	properties	200	fixture-kotlin-compiler-15	fixture-kotlin-compiler-15	1	86015e396789c5c1cf86d1df3b0b97987a7b461bfcfb129491f3d758793d1d65	success	0	147	805c8c7334c868e18e2be84be95b83cc60895722d739c2b164a68be4cd410c49	149230			cypher-graph-id-predicate	64	1	fixture-kotlin-compiler-15	1	0	0	1	0	1	1	1	63	1	0
graph-id-property-wrapped-contains-target-63-targeted	graph-id	graph-id-property-wrapped-contains	targeted	graph-id-equals-and-wrapped-contains	graph-routing	properties	200	fixture-kotlin-compiler-15	fixture-kotlin-compiler-15	1	86015e396789c5c1cf86d1df3b0b97987a7b461bfcfb129491f3d758793d1d65	success	1	778	1734729b6952d2a8eff267ca86b458aa4fd5e0c703c1fa60dd66478cd3c49356	116749		fixture-kotlin-compiler-15	cypher-graph-id-predicate	64	1	fixture-kotlin-compiler-15	1	0	0	1	0	1	1	1	63	1	0
graph-id-property-wrapped-contains-target-63-dense	graph-id	graph-id-property-wrapped-contains	dense	graph-id-equals-and-wrapped-contains	graph-routing	properties	200	fixture-kotlin-compiler-15	fixture-kotlin-compiler-15	1	86015e396789c5c1cf86d1df3b0b97987a7b461bfcfb129491f3d758793d1d65	success	200	91412	082721be4b0e9234c67505fe172c638dcb4ef8924db9c6264a191473dfc4e443	218799		fixture-kotlin-compiler-15	cypher-graph-id-predicate	64	1	fixture-kotlin-compiler-15	1	0	0	1	0	200	1	1	63	1	0
graph-id-function-wrapped-contains-target-00-zero	graph-id	graph-id-function-wrapped-contains	zero	graph-id-function-equals-and-wrapped-contains	graph-routing	properties	200	fixture-android-00	fixture-android-00	1	47c5f2f8275ab2447995a1b45a36cd5b0b70e258e0f75934abd1f0cef5c2b93e	success	0	147	805c8c7334c868e18e2be84be95b83cc60895722d739c2b164a68be4cd410c49	221435			cypher-graph-id-predicate	64	1	fixture-android-00	1	0	0	1	0	1	1	1	63	1	0
graph-id-function-wrapped-contains-target-00-targeted	graph-id	graph-id-function-wrapped-contains	targeted	graph-id-function-equals-and-wrapped-contains	graph-routing	properties	200	fixture-android-00	fixture-android-00	1	47c5f2f8275ab2447995a1b45a36cd5b0b70e258e0f75934abd1f0cef5c2b93e	success	10	5730	00c81103244dc6d42abdc3894d771e5a24957dcf7e5ad4d8dc686b1d7e0cb89e	164157		fixture-android-00	cypher-graph-id-predicate	64	1	fixture-android-00	1	0	0	1	0	10	1	1	63	1	0
graph-id-function-wrapped-contains-target-00-dense	graph-id	graph-id-function-wrapped-contains	dense	graph-id-function-equals-and-wrapped-contains	graph-routing	properties	200	fixture-android-00	fixture-android-00	1	47c5f2f8275ab2447995a1b45a36cd5b0b70e258e0f75934abd1f0cef5c2b93e	success	200	84411	3bdee68309e62bee93f47848258ded90b1763d55841fa57d8b8fd21867653c44	242093		fixture-android-00	cypher-graph-id-predicate	64	1	fixture-android-00	1	0	0	1	0	200	1	1	63	1	0
graph-id-function-wrapped-contains-target-01-zero	graph-id	graph-id-function-wrapped-contains	zero	graph-id-function-equals-and-wrapped-contains	graph-routing	properties	200	fixture-android-01	fixture-android-01	1	e4528616b87301f557512ab9d9e4e598561300f98d2e85100725c35158534ecc	success	0	147	805c8c7334c868e18e2be84be95b83cc60895722d739c2b164a68be4cd410c49	153917			cypher-graph-id-predicate	64	1	fixture-android-01	1	0	0	1	0	1	1	1	63	1	0
graph-id-function-wrapped-contains-target-01-targeted	graph-id	graph-id-function-wrapped-contains	targeted	graph-id-function-equals-and-wrapped-contains	graph-routing	properties	200	fixture-android-01	fixture-android-01	1	e4528616b87301f557512ab9d9e4e598561300f98d2e85100725c35158534ecc	success	1	758	b33173a678013ac093c95f3fccc5cd5af96ea18082387e1fc872de4817e234b2	184806		fixture-android-01	cypher-graph-id-predicate	64	1	fixture-android-01	1	0	0	1	0	1	1	1	63	1	0
graph-id-function-wrapped-contains-target-01-dense	graph-id	graph-id-function-wrapped-contains	dense	graph-id-function-equals-and-wrapped-contains	graph-routing	properties	200	fixture-android-01	fixture-android-01	1	e4528616b87301f557512ab9d9e4e598561300f98d2e85100725c35158534ecc	success	200	84093	d9daf98f04e06930dfeb91ddd4e8ae597b8f9154e54ac1018db6a25ea8ddd84f	420397		fixture-android-01	cypher-graph-id-predicate	64	1	fixture-android-01	1	0	0	1	0	200	1	1	63	1	0
graph-id-function-wrapped-contains-target-02-zero	graph-id	graph-id-function-wrapped-contains	zero	graph-id-function-equals-and-wrapped-contains	graph-routing	properties	200	fixture-android-02	fixture-android-02	1	1a026780ab945a978bf2d821f0728dd8a679a4b4838c8a3b7703d006d3fae584	success	0	147	805c8c7334c868e18e2be84be95b83cc60895722d739c2b164a68be4cd410c49	160120			cypher-graph-id-predicate	64	1	fixture-android-02	1	0	0	1	0	1	1	1	63	1	0
graph-id-function-wrapped-contains-target-02-targeted	graph-id	graph-id-function-wrapped-contains	targeted	graph-id-function-equals-and-wrapped-contains	graph-routing	properties	200	fixture-android-02	fixture-android-02	1	1a026780ab945a978bf2d821f0728dd8a679a4b4838c8a3b7703d006d3fae584	success	9	5751	0754b66fd035110585cc31e6af555127395a9cd85c413f0a859de6b596c3b70d	161072		fixture-android-02	cypher-graph-id-predicate	64	1	fixture-android-02	1	0	0	1	0	9	1	1	63	1	0
graph-id-function-wrapped-contains-target-02-dense	graph-id	graph-id-function-wrapped-contains	dense	graph-id-function-equals-and-wrapped-contains	graph-routing	properties	200	fixture-android-02	fixture-android-02	1	1a026780ab945a978bf2d821f0728dd8a679a4b4838c8a3b7703d006d3fae584	success	200	86930	a289774d080329d12351d967c614eae9b16190b55970a757b1f268e21aee3975	255849		fixture-android-02	cypher-graph-id-predicate	64	1	fixture-android-02	1	0	0	1	0	200	1	1	63	1	0
graph-id-function-wrapped-contains-target-03-zero	graph-id	graph-id-function-wrapped-contains	zero	graph-id-function-equals-and-wrapped-contains	graph-routing	properties	200	fixture-android-03	fixture-android-03	1	3a085dec137def84e2f0fd6c417ca6216ad5c22c415250ab8d225957a37eb876	success	0	147	805c8c7334c868e18e2be84be95b83cc60895722d739c2b164a68be4cd410c49	274183			cypher-graph-id-predicate	64	1	fixture-android-03	1	0	0	1	0	1	1	1	63	1	0
graph-id-function-wrapped-contains-target-03-targeted	graph-id	graph-id-function-wrapped-contains	targeted	graph-id-function-equals-and-wrapped-contains	graph-routing	properties	200	fixture-android-03	fixture-android-03	1	3a085dec137def84e2f0fd6c417ca6216ad5c22c415250ab8d225957a37eb876	success	2	1333	77f2da9b0b5a99e6332b957b281149f5e269d152177e36aaa74e86db4bc23bf9	110958		fixture-android-03	cypher-graph-id-predicate	64	1	fixture-android-03	1	0	0	1	0	2	1	1	63	1	0
graph-id-function-wrapped-contains-target-03-dense	graph-id	graph-id-function-wrapped-contains	dense	graph-id-function-equals-and-wrapped-contains	graph-routing	properties	200	fixture-android-03	fixture-android-03	1	3a085dec137def84e2f0fd6c417ca6216ad5c22c415250ab8d225957a37eb876	success	200	85151	08fbf5fde8e917175e0dca625983535621218120265897bdd0781fe99669b859	165099		fixture-android-03	cypher-graph-id-predicate	64	1	fixture-android-03	1	0	0	1	0	200	1	1	63	1	0
graph-id-function-wrapped-contains-target-04-zero	graph-id	graph-id-function-wrapped-contains	zero	graph-id-function-equals-and-wrapped-contains	graph-routing	properties	200	fixture-android-04	fixture-android-04	1	72b2db3813782b7057457474cb692d1ab65cbced9ccd76e7a6348806a1a0fdd6	success	0	147	805c8c7334c868e18e2be84be95b83cc60895722d739c2b164a68be4cd410c49	116328			cypher-graph-id-predicate	64	1	fixture-android-04	1	0	0	1	0	1	1	1	63	1	0
graph-id-function-wrapped-contains-target-04-targeted	graph-id	graph-id-function-wrapped-contains	targeted	graph-id-function-equals-and-wrapped-contains	graph-routing	properties	200	fixture-android-04	fixture-android-04	1	72b2db3813782b7057457474cb692d1ab65cbced9ccd76e7a6348806a1a0fdd6	success	9	5762	527d81de9e8ca9f5fe9ad0166e1e1711fbccaf3c53281e7e95375f6d55e3a3c7	160180		fixture-android-04	cypher-graph-id-predicate	64	1	fixture-android-04	1	0	0	1	0	9	1	1	63	1	0
graph-id-function-wrapped-contains-target-04-dense	graph-id	graph-id-function-wrapped-contains	dense	graph-id-function-equals-and-wrapped-contains	graph-routing	properties	200	fixture-android-04	fixture-android-04	1	72b2db3813782b7057457474cb692d1ab65cbced9ccd76e7a6348806a1a0fdd6	success	200	86152	85d9bac3392391ae56f1f03af81d888f398336c8e33a1ef1e42c5409f746f730	180798		fixture-android-04	cypher-graph-id-predicate	64	1	fixture-android-04	1	0	0	1	0	200	1	1	63	1	0
graph-id-function-wrapped-contains-target-05-zero	graph-id	graph-id-function-wrapped-contains	zero	graph-id-function-equals-and-wrapped-contains	graph-routing	properties	200	fixture-android-05	fixture-android-05	1	9ccc65db4edf2ad696714957f6291e11ba1a158b062c135b909367736aa1cb91	success	0	147	805c8c7334c868e18e2be84be95b83cc60895722d739c2b164a68be4cd410c49	87905			cypher-graph-id-predicate	64	1	fixture-android-05	1	0	0	1	0	1	1	1	63	1	0
graph-id-function-wrapped-contains-target-05-targeted	graph-id	graph-id-function-wrapped-contains	targeted	graph-id-function-equals-and-wrapped-contains	graph-routing	properties	200	fixture-android-05	fixture-android-05	1	9ccc65db4edf2ad696714957f6291e11ba1a158b062c135b909367736aa1cb91	success	9	5751	48fbef6ae3373a73cfbd3690497aae4d0773c2f4ddadb5d217061398978bcac5	77124		fixture-android-05	cypher-graph-id-predicate	64	1	fixture-android-05	1	0	0	1	0	9	1	1	63	1	0
graph-id-function-wrapped-contains-target-05-dense	graph-id	graph-id-function-wrapped-contains	dense	graph-id-function-equals-and-wrapped-contains	graph-routing	properties	200	fixture-android-05	fixture-android-05	1	9ccc65db4edf2ad696714957f6291e11ba1a158b062c135b909367736aa1cb91	success	200	90860	57ae61ccbdbf1e83a9ab8de2923c4ac26bcc634ed53a2f1c1a3ee3682afe8cd8	143097		fixture-android-05	cypher-graph-id-predicate	64	1	fixture-android-05	1	0	0	1	0	200	1	1	63	1	0
graph-id-function-wrapped-contains-target-06-zero	graph-id	graph-id-function-wrapped-contains	zero	graph-id-function-equals-and-wrapped-contains	graph-routing	properties	200	fixture-android-06	fixture-android-06	1	aef2397f89755e0b59e944f9b6062fb5611eea3ea4b05762643e082168bd9526	success	0	147	805c8c7334c868e18e2be84be95b83cc60895722d739c2b164a68be4cd410c49	91571			cypher-graph-id-predicate	64	1	fixture-android-06	1	0	0	1	0	1	1	1	63	1	0
graph-id-function-wrapped-contains-target-06-targeted	graph-id	graph-id-function-wrapped-contains	targeted	graph-id-function-equals-and-wrapped-contains	graph-routing	properties	200	fixture-android-06	fixture-android-06	1	aef2397f89755e0b59e944f9b6062fb5611eea3ea4b05762643e082168bd9526	success	1	734	2c8962bfda6df26238f145f32f089e1ccdb69cc26ea9c2fde590f543638ba060	93274		fixture-android-06	cypher-graph-id-predicate	64	1	fixture-android-06	1	0	0	1	0	1	1	1	63	1	0
graph-id-function-wrapped-contains-target-06-dense	graph-id	graph-id-function-wrapped-contains	dense	graph-id-function-equals-and-wrapped-contains	graph-routing	properties	200	fixture-android-06	fixture-android-06	1	aef2397f89755e0b59e944f9b6062fb5611eea3ea4b05762643e082168bd9526	success	200	83941	f7f169fb4cd9a2408b058d9e03502907fe0d9372ba70f2f3749aeaffa464e292	154930		fixture-android-06	cypher-graph-id-predicate	64	1	fixture-android-06	1	0	0	1	0	200	1	1	63	1	0
graph-id-function-wrapped-contains-target-07-zero	graph-id	graph-id-function-wrapped-contains	zero	graph-id-function-equals-and-wrapped-contains	graph-routing	properties	200	fixture-android-07	fixture-android-07	1	2884fe5070e6e70bd2c44e54af37c56e2cfd19343a8721d5b36093d7d1db0f7d	success	0	147	805c8c7334c868e18e2be84be95b83cc60895722d739c2b164a68be4cd410c49	95078			cypher-graph-id-predicate	64	1	fixture-android-07	1	0	0	1	0	1	1	1	63	1	0
graph-id-function-wrapped-contains-target-07-targeted	graph-id	graph-id-function-wrapped-contains	targeted	graph-id-function-equals-and-wrapped-contains	graph-routing	properties	200	fixture-android-07	fixture-android-07	1	2884fe5070e6e70bd2c44e54af37c56e2cfd19343a8721d5b36093d7d1db0f7d	success	1	762	d5674d7adcd2d58f93c5f2849f690003bc45d523850181c23ceaa0aacd7e6709	85811		fixture-android-07	cypher-graph-id-predicate	64	1	fixture-android-07	1	0	0	1	0	1	1	1	63	1	0
graph-id-function-wrapped-contains-target-07-dense	graph-id	graph-id-function-wrapped-contains	dense	graph-id-function-equals-and-wrapped-contains	graph-routing	properties	200	fixture-android-07	fixture-android-07	1	2884fe5070e6e70bd2c44e54af37c56e2cfd19343a8721d5b36093d7d1db0f7d	success	200	84999	35604ee2a3d19ee64c97fa99f4be154714c60028f948c7a23f75b925d4520a5d	159969		fixture-android-07	cypher-graph-id-predicate	64	1	fixture-android-07	1	0	0	1	0	200	1	1	63	1	0
graph-id-function-wrapped-contains-target-08-zero	graph-id	graph-id-function-wrapped-contains	zero	graph-id-function-equals-and-wrapped-contains	graph-routing	properties	200	fixture-android-08	fixture-android-08	1	25fcd87fe0d089932a1b7f325e822252e3042b73178c7aa80e1c0d12bcef2e47	success	0	147	805c8c7334c868e18e2be84be95b83cc60895722d739c2b164a68be4cd410c49	90619			cypher-graph-id-predicate	64	1	fixture-android-08	1	0	0	1	0	1	1	1	63	1	0
graph-id-function-wrapped-contains-target-08-targeted	graph-id	graph-id-function-wrapped-contains	targeted	graph-id-function-equals-and-wrapped-contains	graph-routing	properties	200	fixture-android-08	fixture-android-08	1	25fcd87fe0d089932a1b7f325e822252e3042b73178c7aa80e1c0d12bcef2e47	success	2	1322	4b49b28d836e57c2c3f8d43a93acd00a93b169fcd603338f9ab350f541e9665c	92203		fixture-android-08	cypher-graph-id-predicate	64	1	fixture-android-08	1	0	0	1	0	2	1	1	63	1	0
graph-id-function-wrapped-contains-target-08-dense	graph-id	graph-id-function-wrapped-contains	dense	graph-id-function-equals-and-wrapped-contains	graph-routing	properties	200	fixture-android-08	fixture-android-08	1	25fcd87fe0d089932a1b7f325e822252e3042b73178c7aa80e1c0d12bcef2e47	success	200	85531	ed34441ff634f19c276911a1fa193106a9070fde1065b57fc7ec71132b8d5f66	160841		fixture-android-08	cypher-graph-id-predicate	64	1	fixture-android-08	1	0	0	1	0	200	1	1	63	1	0
graph-id-function-wrapped-contains-target-09-zero	graph-id	graph-id-function-wrapped-contains	zero	graph-id-function-equals-and-wrapped-contains	graph-routing	properties	200	fixture-android-09	fixture-android-09	1	976770abc561e74e52c74c7f3b827fe70800ef502defdde9a4fa534aa511bd33	success	0	147	805c8c7334c868e18e2be84be95b83cc60895722d739c2b164a68be4cd410c49	90139			cypher-graph-id-predicate	64	1	fixture-android-09	1	0	0	1	0	1	1	1	63	1	0
graph-id-function-wrapped-contains-target-09-targeted	graph-id	graph-id-function-wrapped-contains	targeted	graph-id-function-equals-and-wrapped-contains	graph-routing	properties	200	fixture-android-09	fixture-android-09	1	976770abc561e74e52c74c7f3b827fe70800ef502defdde9a4fa534aa511bd33	success	1	758	cd83129b7654f9c1ac40c94032a03833f5b559e4d6d903ce58c899d274674334	89898		fixture-android-09	cypher-graph-id-predicate	64	1	fixture-android-09	1	0	0	1	0	1	1	1	63	1	0
graph-id-function-wrapped-contains-target-09-dense	graph-id	graph-id-function-wrapped-contains	dense	graph-id-function-equals-and-wrapped-contains	graph-routing	properties	200	fixture-android-09	fixture-android-09	1	976770abc561e74e52c74c7f3b827fe70800ef502defdde9a4fa534aa511bd33	success	200	84710	8302a9dc08d5cf465b56333dad5757a62c24d743692acbdbf8e81919ebd097a0	154409		fixture-android-09	cypher-graph-id-predicate	64	1	fixture-android-09	1	0	0	1	0	200	1	1	63	1	0
graph-id-function-wrapped-contains-target-10-zero	graph-id	graph-id-function-wrapped-contains	zero	graph-id-function-equals-and-wrapped-contains	graph-routing	properties	200	fixture-android-10	fixture-android-10	1	b80280988a4b3197bdd2348d3550b46e5d99e01f6e4a1abcb8668612b4a7bcf1	success	0	147	805c8c7334c868e18e2be84be95b83cc60895722d739c2b164a68be4cd410c49	90780			cypher-graph-id-predicate	64	1	fixture-android-10	1	0	0	1	0	1	1	1	63	1	0
graph-id-function-wrapped-contains-target-10-targeted	graph-id	graph-id-function-wrapped-contains	targeted	graph-id-function-equals-and-wrapped-contains	graph-routing	properties	200	fixture-android-10	fixture-android-10	1	b80280988a4b3197bdd2348d3550b46e5d99e01f6e4a1abcb8668612b4a7bcf1	success	1	821	f3f4d5fb39ff9fde7dcf6d88e4f52bcc4c277ed98626ccca0b17c4ddbb20b035	91150		fixture-android-10	cypher-graph-id-predicate	64	1	fixture-android-10	1	0	0	1	0	1	1	1	63	1	0
graph-id-function-wrapped-contains-target-10-dense	graph-id	graph-id-function-wrapped-contains	dense	graph-id-function-equals-and-wrapped-contains	graph-routing	properties	200	fixture-android-10	fixture-android-10	1	b80280988a4b3197bdd2348d3550b46e5d99e01f6e4a1abcb8668612b4a7bcf1	success	200	86914	eec30bd784e53b80ccd384559e9d1f853b8152ad8db90ad1f27d391bf03fc0d8	239689		fixture-android-10	cypher-graph-id-predicate	64	1	fixture-android-10	1	0	0	1	0	200	1	1	63	1	0
graph-id-function-wrapped-contains-target-11-zero	graph-id	graph-id-function-wrapped-contains	zero	graph-id-function-equals-and-wrapped-contains	graph-routing	properties	200	fixture-android-11	fixture-android-11	1	ff7c9f064acf1b8f0c7104242efebdb73dfcc6db0739150c3d56bcc4ebbfb47f	success	0	147	805c8c7334c868e18e2be84be95b83cc60895722d739c2b164a68be4cd410c49	97743			cypher-graph-id-predicate	64	1	fixture-android-11	1	0	0	1	0	1	1	1	63	1	0
graph-id-function-wrapped-contains-target-11-targeted	graph-id	graph-id-function-wrapped-contains	targeted	graph-id-function-equals-and-wrapped-contains	graph-routing	properties	200	fixture-android-11	fixture-android-11	1	ff7c9f064acf1b8f0c7104242efebdb73dfcc6db0739150c3d56bcc4ebbfb47f	success	1	758	f8ea31527e372a7d8e0f896bc894b97d788067aa20d0af371a4239382f72a4d1	101660		fixture-android-11	cypher-graph-id-predicate	64	1	fixture-android-11	1	0	0	1	0	1	1	1	63	1	0
graph-id-function-wrapped-contains-target-11-dense	graph-id	graph-id-function-wrapped-contains	dense	graph-id-function-equals-and-wrapped-contains	graph-routing	properties	200	fixture-android-11	fixture-android-11	1	ff7c9f064acf1b8f0c7104242efebdb73dfcc6db0739150c3d56bcc4ebbfb47f	success	200	84862	36598e3ab73085dce50e849dda8b6a32b1088eab3f02f052e9536f16613b5d4b	235380		fixture-android-11	cypher-graph-id-predicate	64	1	fixture-android-11	1	0	0	1	0	200	1	1	63	1	0
graph-id-function-wrapped-contains-target-12-zero	graph-id	graph-id-function-wrapped-contains	zero	graph-id-function-equals-and-wrapped-contains	graph-routing	properties	200	fixture-android-12	fixture-android-12	1	fbfd92bdb617f8eef3c84ce77e1116d4f0d1116a40b9fc543770c1a430e829ec	success	0	147	805c8c7334c868e18e2be84be95b83cc60895722d739c2b164a68be4cd410c49	93626			cypher-graph-id-predicate	64	1	fixture-android-12	1	0	0	1	0	1	1	1	63	1	0
graph-id-function-wrapped-contains-target-12-targeted	graph-id	graph-id-function-wrapped-contains	targeted	graph-id-function-equals-and-wrapped-contains	graph-routing	properties	200	fixture-android-12	fixture-android-12	1	fbfd92bdb617f8eef3c84ce77e1116d4f0d1116a40b9fc543770c1a430e829ec	success	2	1348	569ba2c2d8626f5c6804b713aa9f9bd5155648246e0bb082ab37cf407a3ccee9	91702		fixture-android-12	cypher-graph-id-predicate	64	1	fixture-android-12	1	0	0	1	0	2	1	1	63	1	0
graph-id-function-wrapped-contains-target-12-dense	graph-id	graph-id-function-wrapped-contains	dense	graph-id-function-equals-and-wrapped-contains	graph-routing	properties	200	fixture-android-12	fixture-android-12	1	fbfd92bdb617f8eef3c84ce77e1116d4f0d1116a40b9fc543770c1a430e829ec	success	200	85894	f22afa8ccaad259750ce50e850502822308b2565f707f284de32cd44d5ef328a	201207		fixture-android-12	cypher-graph-id-predicate	64	1	fixture-android-12	1	0	0	1	0	200	1	1	63	1	0
graph-id-function-wrapped-contains-target-13-zero	graph-id	graph-id-function-wrapped-contains	zero	graph-id-function-equals-and-wrapped-contains	graph-routing	properties	200	fixture-android-13	fixture-android-13	1	99b23d6e37ddba640f96acd0d7b903185c9b38cc0e6df93374f9fe569bbc4c38	success	0	147	805c8c7334c868e18e2be84be95b83cc60895722d739c2b164a68be4cd410c49	86752			cypher-graph-id-predicate	64	1	fixture-android-13	1	0	0	1	0	1	1	1	63	1	0
graph-id-function-wrapped-contains-target-13-targeted	graph-id	graph-id-function-wrapped-contains	targeted	graph-id-function-equals-and-wrapped-contains	graph-routing	properties	200	fixture-android-13	fixture-android-13	1	99b23d6e37ddba640f96acd0d7b903185c9b38cc0e6df93374f9fe569bbc4c38	success	5	2824	ebb699b5b0554cc639408add00ca9d9aae37f3553c5e6ea606cb7e66e171933f	93464		fixture-android-13	cypher-graph-id-predicate	64	1	fixture-android-13	1	0	0	1	0	5	1	1	63	1	0
graph-id-function-wrapped-contains-target-13-dense	graph-id	graph-id-function-wrapped-contains	dense	graph-id-function-equals-and-wrapped-contains	graph-routing	properties	200	fixture-android-13	fixture-android-13	1	99b23d6e37ddba640f96acd0d7b903185c9b38cc0e6df93374f9fe569bbc4c38	success	200	86344	2e714969993f2a86ba5c715dc52b2c7d6dbaed9b2320da2399ecdf29ec9f1e4e	172062		fixture-android-13	cypher-graph-id-predicate	64	1	fixture-android-13	1	0	0	1	0	200	1	1	63	1	0
graph-id-function-wrapped-contains-target-14-zero	graph-id	graph-id-function-wrapped-contains	zero	graph-id-function-equals-and-wrapped-contains	graph-routing	properties	200	fixture-android-14	fixture-android-14	1	caf42d54ef3437f216c963929327ed5ef3f52ce080fa2be4c3305c2370617ab1	success	0	147	805c8c7334c868e18e2be84be95b83cc60895722d739c2b164a68be4cd410c49	92733			cypher-graph-id-predicate	64	1	fixture-android-14	1	0	0	1	0	1	1	1	63	1	0
graph-id-function-wrapped-contains-target-14-targeted	graph-id	graph-id-function-wrapped-contains	targeted	graph-id-function-equals-and-wrapped-contains	graph-routing	properties	200	fixture-android-14	fixture-android-14	1	caf42d54ef3437f216c963929327ed5ef3f52ce080fa2be4c3305c2370617ab1	success	3	1887	cfce92c06f8a0a93444f0ec3592aad57c255799cc7a1286e673f5c8cc3173d20	132438		fixture-android-14	cypher-graph-id-predicate	64	1	fixture-android-14	1	0	0	1	0	3	1	1	63	1	0
graph-id-function-wrapped-contains-target-14-dense	graph-id	graph-id-function-wrapped-contains	dense	graph-id-function-equals-and-wrapped-contains	graph-routing	properties	200	fixture-android-14	fixture-android-14	1	caf42d54ef3437f216c963929327ed5ef3f52ce080fa2be4c3305c2370617ab1	success	200	88102	f384f54b9e0494c603dd9e83eb2ca0ad0386a359a2e1d6a356e225c072977e41	267791		fixture-android-14	cypher-graph-id-predicate	64	1	fixture-android-14	1	0	0	1	0	200	1	1	63	1	0
graph-id-function-wrapped-contains-target-15-zero	graph-id	graph-id-function-wrapped-contains	zero	graph-id-function-equals-and-wrapped-contains	graph-routing	properties	200	fixture-android-15	fixture-android-15	1	396286291622042417a1e42f88e1a07f9e973d88a4b45b59c7408d3e8fe8e4cd	success	0	147	805c8c7334c868e18e2be84be95b83cc60895722d739c2b164a68be4cd410c49	128660			cypher-graph-id-predicate	64	1	fixture-android-15	1	0	0	1	0	1	1	1	63	1	0
graph-id-function-wrapped-contains-target-15-targeted	graph-id	graph-id-function-wrapped-contains	targeted	graph-id-function-equals-and-wrapped-contains	graph-routing	properties	200	fixture-android-15	fixture-android-15	1	396286291622042417a1e42f88e1a07f9e973d88a4b45b59c7408d3e8fe8e4cd	success	1	765	ae20f86c5a0d43140079bdbb52041ad145178823d6189b8171bbe58dc0d82dcc	146785		fixture-android-15	cypher-graph-id-predicate	64	1	fixture-android-15	1	0	0	1	0	1	1	1	63	1	0
graph-id-function-wrapped-contains-target-15-dense	graph-id	graph-id-function-wrapped-contains	dense	graph-id-function-equals-and-wrapped-contains	graph-routing	properties	200	fixture-android-15	fixture-android-15	1	396286291622042417a1e42f88e1a07f9e973d88a4b45b59c7408d3e8fe8e4cd	success	200	82358	6db1e45464dd1e42fc627a3ee68393b586d132e4817f87f1da72cb180e7925bb	229600		fixture-android-15	cypher-graph-id-predicate	64	1	fixture-android-15	1	0	0	1	0	200	1	1	63	1	0
graph-id-function-wrapped-contains-target-16-zero	graph-id	graph-id-function-wrapped-contains	zero	graph-id-function-equals-and-wrapped-contains	graph-routing	properties	200	fixture-tika-00	fixture-tika-00	1	3ffa856892be3e0263f2c72254cefdb4bafce48e10eea2a8426b6af88f144658	success	0	147	805c8c7334c868e18e2be84be95b83cc60895722d739c2b164a68be4cd410c49	120315			cypher-graph-id-predicate	64	1	fixture-tika-00	1	0	0	1	0	1	1	1	63	1	0
graph-id-function-wrapped-contains-target-16-targeted	graph-id	graph-id-function-wrapped-contains	targeted	graph-id-function-equals-and-wrapped-contains	graph-routing	properties	200	fixture-tika-00	fixture-tika-00	1	3ffa856892be3e0263f2c72254cefdb4bafce48e10eea2a8426b6af88f144658	success	1	771	41ad9b5110585bc89df35b9d0a0c6bd66daaf6c239b4212552d078b2f2a28c34	128320		fixture-tika-00	cypher-graph-id-predicate	64	1	fixture-tika-00	1	0	0	1	0	1	1	1	63	1	0
graph-id-function-wrapped-contains-target-16-dense	graph-id	graph-id-function-wrapped-contains	dense	graph-id-function-equals-and-wrapped-contains	graph-routing	properties	200	fixture-tika-00	fixture-tika-00	1	3ffa856892be3e0263f2c72254cefdb4bafce48e10eea2a8426b6af88f144658	success	200	94237	51b180cd96740a311cc61165baa84cc05517b2f28ac6c70debc25f8e14514414	274153		fixture-tika-00	cypher-graph-id-predicate	64	1	fixture-tika-00	1	0	0	1	0	200	1	1	63	1	0
graph-id-function-wrapped-contains-target-17-zero	graph-id	graph-id-function-wrapped-contains	zero	graph-id-function-equals-and-wrapped-contains	graph-routing	properties	200	fixture-tika-01	fixture-tika-01	1	5bd11253ba6bcbac28c2d0805dbd50585f63593fbbabbc299bce9c8b5e4238f0	success	0	147	805c8c7334c868e18e2be84be95b83cc60895722d739c2b164a68be4cd410c49	96972			cypher-graph-id-predicate	64	1	fixture-tika-01	1	0	0	1	0	1	1	1	63	1	0
graph-id-function-wrapped-contains-target-17-targeted	graph-id	graph-id-function-wrapped-contains	targeted	graph-id-function-equals-and-wrapped-contains	graph-routing	properties	200	fixture-tika-01	fixture-tika-01	1	5bd11253ba6bcbac28c2d0805dbd50585f63593fbbabbc299bce9c8b5e4238f0	success	5	2976	7d286938fe2f40cd4cb86cd26be11c3221bfff86202fa9b705bdc1c77967743f	107211		fixture-tika-01	cypher-graph-id-predicate	64	1	fixture-tika-01	1	0	0	1	0	5	1	1	63	1	0
graph-id-function-wrapped-contains-target-17-dense	graph-id	graph-id-function-wrapped-contains	dense	graph-id-function-equals-and-wrapped-contains	graph-routing	properties	200	fixture-tika-01	fixture-tika-01	1	5bd11253ba6bcbac28c2d0805dbd50585f63593fbbabbc299bce9c8b5e4238f0	success	200	92381	87c915d88746be4a40b85e67e7de71966365a455358cc138185e5c1f5bcf1251	182752		fixture-tika-01	cypher-graph-id-predicate	64	1	fixture-tika-01	1	0	0	1	0	200	1	1	63	1	0
graph-id-function-wrapped-contains-target-18-zero	graph-id	graph-id-function-wrapped-contains	zero	graph-id-function-equals-and-wrapped-contains	graph-routing	properties	200	fixture-tika-02	fixture-tika-02	1	4f53553340fcd09378fe28c9d287d1bd3c78d0e5004534ad87493f082178a0db	success	0	147	805c8c7334c868e18e2be84be95b83cc60895722d739c2b164a68be4cd410c49	92423			cypher-graph-id-predicate	64	1	fixture-tika-02	1	0	0	1	0	1	1	1	63	1	0
graph-id-function-wrapped-contains-target-18-targeted	graph-id	graph-id-function-wrapped-contains	targeted	graph-id-function-equals-and-wrapped-contains	graph-routing	properties	200	fixture-tika-02	fixture-tika-02	1	4f53553340fcd09378fe28c9d287d1bd3c78d0e5004534ad87493f082178a0db	success	12	6781	abf0682228739bdef1eb0d4b5b1449d7697f9412e644bd07a974f6e04213652e	99987		fixture-tika-02	cypher-graph-id-predicate	64	1	fixture-tika-02	1	0	0	1	0	12	1	1	63	1	0
graph-id-function-wrapped-contains-target-18-dense	graph-id	graph-id-function-wrapped-contains	dense	graph-id-function-equals-and-wrapped-contains	graph-routing	properties	200	fixture-tika-02	fixture-tika-02	1	4f53553340fcd09378fe28c9d287d1bd3c78d0e5004534ad87493f082178a0db	success	200	95198	7d65fbc43e0cf8a1d4323c709e6963c32bdea3f389f5b683f619eee1fd79dc90	171191		fixture-tika-02	cypher-graph-id-predicate	64	1	fixture-tika-02	1	0	0	1	0	200	1	1	63	1	0
graph-id-function-wrapped-contains-target-19-zero	graph-id	graph-id-function-wrapped-contains	zero	graph-id-function-equals-and-wrapped-contains	graph-routing	properties	200	fixture-tika-03	fixture-tika-03	1	e68986e5919884640710cc61d8f44310a6d888f55992390edbcc7ae70b8b8fa8	success	0	147	805c8c7334c868e18e2be84be95b83cc60895722d739c2b164a68be4cd410c49	91882			cypher-graph-id-predicate	64	1	fixture-tika-03	1	0	0	1	0	1	1	1	63	1	0
graph-id-function-wrapped-contains-target-19-targeted	graph-id	graph-id-function-wrapped-contains	targeted	graph-id-function-equals-and-wrapped-contains	graph-routing	properties	200	fixture-tika-03	fixture-tika-03	1	e68986e5919884640710cc61d8f44310a6d888f55992390edbcc7ae70b8b8fa8	success	11	6327	72232d5a8299b69c619beb4cebd0967a4ca8f1378844d7914f795f7c5126cc48	97733		fixture-tika-03	cypher-graph-id-predicate	64	1	fixture-tika-03	1	0	0	1	0	11	1	1	63	1	0
graph-id-function-wrapped-contains-target-19-dense	graph-id	graph-id-function-wrapped-contains	dense	graph-id-function-equals-and-wrapped-contains	graph-routing	properties	200	fixture-tika-03	fixture-tika-03	1	e68986e5919884640710cc61d8f44310a6d888f55992390edbcc7ae70b8b8fa8	success	200	96673	6ab8193cda24a8f589b0e7412ffcc3549afc3180a092c899437bb3ef2f8324ef	162495		fixture-tika-03	cypher-graph-id-predicate	64	1	fixture-tika-03	1	0	0	1	0	200	1	1	63	1	0
graph-id-function-wrapped-contains-target-20-zero	graph-id	graph-id-function-wrapped-contains	zero	graph-id-function-equals-and-wrapped-contains	graph-routing	properties	200	fixture-tika-04	fixture-tika-04	1	2d9d29e96c28d6df21e1933cc2da3a076217ec4c30461070c5e997e04aa952cb	success	0	147	805c8c7334c868e18e2be84be95b83cc60895722d739c2b164a68be4cd410c49	92894			cypher-graph-id-predicate	64	1	fixture-tika-04	1	0	0	1	0	1	1	1	63	1	0
graph-id-function-wrapped-contains-target-20-targeted	graph-id	graph-id-function-wrapped-contains	targeted	graph-id-function-equals-and-wrapped-contains	graph-routing	properties	200	fixture-tika-04	fixture-tika-04	1	2d9d29e96c28d6df21e1933cc2da3a076217ec4c30461070c5e997e04aa952cb	success	1	763	7811e1c0f64fb9174b112349d7a5f89fec8a71f59a6b66db3b1e97241f5dc93c	91601		fixture-tika-04	cypher-graph-id-predicate	64	1	fixture-tika-04	1	0	0	1	0	1	1	1	63	1	0
graph-id-function-wrapped-contains-target-20-dense	graph-id	graph-id-function-wrapped-contains	dense	graph-id-function-equals-and-wrapped-contains	graph-routing	properties	200	fixture-tika-04	fixture-tika-04	1	2d9d29e96c28d6df21e1933cc2da3a076217ec4c30461070c5e997e04aa952cb	success	200	91604	a93cd6116bda146e01916f4ab7d54aa664da5b5c2287de109c82d6c48fcd38f8	203010		fixture-tika-04	cypher-graph-id-predicate	64	1	fixture-tika-04	1	0	0	1	0	200	1	1	63	1	0
graph-id-function-wrapped-contains-target-21-zero	graph-id	graph-id-function-wrapped-contains	zero	graph-id-function-equals-and-wrapped-contains	graph-routing	properties	200	fixture-tika-05	fixture-tika-05	1	a70ca503c8d7edc9fd5b26430e9c4bd9517cfcf9084469733cfeff8a4fef63f8	success	0	147	805c8c7334c868e18e2be84be95b83cc60895722d739c2b164a68be4cd410c49	106960			cypher-graph-id-predicate	64	1	fixture-tika-05	1	0	0	1	0	1	1	1	63	1	0
graph-id-function-wrapped-contains-target-21-targeted	graph-id	graph-id-function-wrapped-contains	targeted	graph-id-function-equals-and-wrapped-contains	graph-routing	properties	200	fixture-tika-05	fixture-tika-05	1	a70ca503c8d7edc9fd5b26430e9c4bd9517cfcf9084469733cfeff8a4fef63f8	success	1	765	1cf450577b12b3b6a7c19f53479709a92a169add0c4f9defecbc55254bf8d5b3	101891		fixture-tika-05	cypher-graph-id-predicate	64	1	fixture-tika-05	1	0	0	1	0	1	1	1	63	1	0
graph-id-function-wrapped-contains-target-21-dense	graph-id	graph-id-function-wrapped-contains	dense	graph-id-function-equals-and-wrapped-contains	graph-routing	properties	200	fixture-tika-05	fixture-tika-05	1	a70ca503c8d7edc9fd5b26430e9c4bd9517cfcf9084469733cfeff8a4fef63f8	success	200	96334	eb6b03599a26f520b43896ee6af6cb6d2a3ec0783b66a0bcb29642b029a4b6eb	159038		fixture-tika-05	cypher-graph-id-predicate	64	1	fixture-tika-05	1	0	0	1	0	200	1	1	63	1	0
graph-id-function-wrapped-contains-target-22-zero	graph-id	graph-id-function-wrapped-contains	zero	graph-id-function-equals-and-wrapped-contains	graph-routing	properties	200	fixture-tika-06	fixture-tika-06	1	629a75c155a37bcac72d6d131b20156694ded2e8aa1abe1c7f03ac03374020b7	success	0	147	805c8c7334c868e18e2be84be95b83cc60895722d739c2b164a68be4cd410c49	133520			cypher-graph-id-predicate	64	1	fixture-tika-06	1	0	0	1	0	1	1	1	63	1	0
graph-id-function-wrapped-contains-target-22-targeted	graph-id	graph-id-function-wrapped-contains	targeted	graph-id-function-equals-and-wrapped-contains	graph-routing	properties	200	fixture-tika-06	fixture-tika-06	1	629a75c155a37bcac72d6d131b20156694ded2e8aa1abe1c7f03ac03374020b7	success	11	6331	43d88524d9da26840d520d8260a6801a2d864c2023e9806c3df4a5e673a5fd66	104425		fixture-tika-06	cypher-graph-id-predicate	64	1	fixture-tika-06	1	0	0	1	0	11	1	1	63	1	0
graph-id-function-wrapped-contains-target-22-dense	graph-id	graph-id-function-wrapped-contains	dense	graph-id-function-equals-and-wrapped-contains	graph-routing	properties	200	fixture-tika-06	fixture-tika-06	1	629a75c155a37bcac72d6d131b20156694ded2e8aa1abe1c7f03ac03374020b7	success	200	98397	b1cc908cf8cd6a2354b320afca9ad225990c59be93a53ddc3912afb3b0d46d7b	187071		fixture-tika-06	cypher-graph-id-predicate	64	1	fixture-tika-06	1	0	0	1	0	200	1	1	63	1	0
graph-id-function-wrapped-contains-target-23-zero	graph-id	graph-id-function-wrapped-contains	zero	graph-id-function-equals-and-wrapped-contains	graph-routing	properties	200	fixture-tika-07	fixture-tika-07	1	1f60bc193af0a0c32ae2bc0a840b7da98c896a5343d2d4a4871500ea55b0d8a0	success	0	147	805c8c7334c868e18e2be84be95b83cc60895722d739c2b164a68be4cd410c49	89007			cypher-graph-id-predicate	64	1	fixture-tika-07	1	0	0	1	0	1	1	1	63	1	0
graph-id-function-wrapped-contains-target-23-targeted	graph-id	graph-id-function-wrapped-contains	targeted	graph-id-function-equals-and-wrapped-contains	graph-routing	properties	200	fixture-tika-07	fixture-tika-07	1	1f60bc193af0a0c32ae2bc0a840b7da98c896a5343d2d4a4871500ea55b0d8a0	success	11	6135	718b52d4d32659cb9b39b84bdb87d6226a9be4436e73fa316936d1333dfa50c0	90029		fixture-tika-07	cypher-graph-id-predicate	64	1	fixture-tika-07	1	0	0	1	0	11	1	1	63	1	0
graph-id-function-wrapped-contains-target-23-dense	graph-id	graph-id-function-wrapped-contains	dense	graph-id-function-equals-and-wrapped-contains	graph-routing	properties	200	fixture-tika-07	fixture-tika-07	1	1f60bc193af0a0c32ae2bc0a840b7da98c896a5343d2d4a4871500ea55b0d8a0	success	200	95056	d5aa9163a912371065002f30549de9cefea57af859f009a275e381b0a849633e	175388		fixture-tika-07	cypher-graph-id-predicate	64	1	fixture-tika-07	1	0	0	1	0	200	1	1	63	1	0
graph-id-function-wrapped-contains-target-24-zero	graph-id	graph-id-function-wrapped-contains	zero	graph-id-function-equals-and-wrapped-contains	graph-routing	properties	200	fixture-tika-08	fixture-tika-08	1	e9768e2189edf3079c0f4ce1fe9374fe3873b9ef6253d25bd7952c9e3f9e2f89	success	0	147	805c8c7334c868e18e2be84be95b83cc60895722d739c2b164a68be4cd410c49	89417			cypher-graph-id-predicate	64	1	fixture-tika-08	1	0	0	1	0	1	1	1	63	1	0
graph-id-function-wrapped-contains-target-24-targeted	graph-id	graph-id-function-wrapped-contains	targeted	graph-id-function-equals-and-wrapped-contains	graph-routing	properties	200	fixture-tika-08	fixture-tika-08	1	e9768e2189edf3079c0f4ce1fe9374fe3873b9ef6253d25bd7952c9e3f9e2f89	success	1	754	033650595463ffba6f1f515fc8a38ba023fdd37a0e2442442be40f2d8baee0b4	121617		fixture-tika-08	cypher-graph-id-predicate	64	1	fixture-tika-08	1	0	0	1	0	1	1	1	63	1	0
graph-id-function-wrapped-contains-target-24-dense	graph-id	graph-id-function-wrapped-contains	dense	graph-id-function-equals-and-wrapped-contains	graph-routing	properties	200	fixture-tika-08	fixture-tika-08	1	e9768e2189edf3079c0f4ce1fe9374fe3873b9ef6253d25bd7952c9e3f9e2f89	success	200	96144	13cc3d04be15c5d98101b6676211e0260c08571becd6cbc7be1dcfad1b7efce8	238817		fixture-tika-08	cypher-graph-id-predicate	64	1	fixture-tika-08	1	0	0	1	0	200	1	1	63	1	0
graph-id-function-wrapped-contains-target-25-zero	graph-id	graph-id-function-wrapped-contains	zero	graph-id-function-equals-and-wrapped-contains	graph-routing	properties	200	fixture-tika-09	fixture-tika-09	1	f96e2b0b7f375cf347f289b0d59b047835095d1452b52dcff16ad07fa5ff5aaa	success	0	147	805c8c7334c868e18e2be84be95b83cc60895722d739c2b164a68be4cd410c49	103563			cypher-graph-id-predicate	64	1	fixture-tika-09	1	0	0	1	0	1	1	1	63	1	0
graph-id-function-wrapped-contains-target-25-targeted	graph-id	graph-id-function-wrapped-contains	targeted	graph-id-function-equals-and-wrapped-contains	graph-routing	properties	200	fixture-tika-09	fixture-tika-09	1	f96e2b0b7f375cf347f289b0d59b047835095d1452b52dcff16ad07fa5ff5aaa	success	17	9434	57a7fb26e2c1557848eddaabb17076d92c9b2ef2e0ff6b92be3de4374fe1fa9b	100699		fixture-tika-09	cypher-graph-id-predicate	64	1	fixture-tika-09	1	0	0	1	0	17	1	1	63	1	0
graph-id-function-wrapped-contains-target-25-dense	graph-id	graph-id-function-wrapped-contains	dense	graph-id-function-equals-and-wrapped-contains	graph-routing	properties	200	fixture-tika-09	fixture-tika-09	1	f96e2b0b7f375cf347f289b0d59b047835095d1452b52dcff16ad07fa5ff5aaa	success	200	90260	d606d19bfcb83b224b953bd70176bc52dc06d427ef6ab3d0cc311bc6ed6fc260	214381		fixture-tika-09	cypher-graph-id-predicate	64	1	fixture-tika-09	1	0	0	1	0	200	1	1	63	1	0
graph-id-function-wrapped-contains-target-26-zero	graph-id	graph-id-function-wrapped-contains	zero	graph-id-function-equals-and-wrapped-contains	graph-routing	properties	200	fixture-tika-10	fixture-tika-10	1	724e820888f0db8884af940cbe8a364f2dce6bfc9b2c72fb09abe933fa439c0c	success	0	147	805c8c7334c868e18e2be84be95b83cc60895722d739c2b164a68be4cd410c49	90530			cypher-graph-id-predicate	64	1	fixture-tika-10	1	0	0	1	0	1	1	1	63	1	0
graph-id-function-wrapped-contains-target-26-targeted	graph-id	graph-id-function-wrapped-contains	targeted	graph-id-function-equals-and-wrapped-contains	graph-routing	properties	200	fixture-tika-10	fixture-tika-10	1	724e820888f0db8884af940cbe8a364f2dce6bfc9b2c72fb09abe933fa439c0c	success	1	791	550bd45f802381cb65ea30928a856fc0c2bc207cbfc2a147aad4312130548c9a	93084		fixture-tika-10	cypher-graph-id-predicate	64	1	fixture-tika-10	1	0	0	1	0	1	1	1	63	1	0
graph-id-function-wrapped-contains-target-26-dense	graph-id	graph-id-function-wrapped-contains	dense	graph-id-function-equals-and-wrapped-contains	graph-routing	properties	200	fixture-tika-10	fixture-tika-10	1	724e820888f0db8884af940cbe8a364f2dce6bfc9b2c72fb09abe933fa439c0c	success	200	96089	d0bdae62973cb737c05eda37d83d6fd7dea4520a7f87acdd4ed9a2fba1f97888	232626		fixture-tika-10	cypher-graph-id-predicate	64	1	fixture-tika-10	1	0	0	1	0	200	1	1	63	1	0
graph-id-function-wrapped-contains-target-27-zero	graph-id	graph-id-function-wrapped-contains	zero	graph-id-function-equals-and-wrapped-contains	graph-routing	properties	200	fixture-tika-11	fixture-tika-11	1	947144f7fe63615dab1057f152a266b87c870ae6b1d136ebead3ef2860ecaaf9	success	0	147	805c8c7334c868e18e2be84be95b83cc60895722d739c2b164a68be4cd410c49	883795			cypher-graph-id-predicate	64	1	fixture-tika-11	1	0	0	1	0	1	1	1	63	1	0
graph-id-function-wrapped-contains-target-27-targeted	graph-id	graph-id-function-wrapped-contains	targeted	graph-id-function-equals-and-wrapped-contains	graph-routing	properties	200	fixture-tika-11	fixture-tika-11	1	947144f7fe63615dab1057f152a266b87c870ae6b1d136ebead3ef2860ecaaf9	success	14	8030	e1858d468e2cee9daff29f91791894b539cc1c9bfb8d57bb0eaa364a24ec0f04	132007		fixture-tika-11	cypher-graph-id-predicate	64	1	fixture-tika-11	1	0	0	1	0	14	1	1	63	1	0
graph-id-function-wrapped-contains-target-27-dense	graph-id	graph-id-function-wrapped-contains	dense	graph-id-function-equals-and-wrapped-contains	graph-routing	properties	200	fixture-tika-11	fixture-tika-11	1	947144f7fe63615dab1057f152a266b87c870ae6b1d136ebead3ef2860ecaaf9	success	200	95559	bcb492a91a247979acd291eaea381c0db6d952c0baff29193145ae7356b00907	237776		fixture-tika-11	cypher-graph-id-predicate	64	1	fixture-tika-11	1	0	0	1	0	200	1	1	63	1	0
graph-id-function-wrapped-contains-target-28-zero	graph-id	graph-id-function-wrapped-contains	zero	graph-id-function-equals-and-wrapped-contains	graph-routing	properties	200	fixture-tika-12	fixture-tika-12	1	333b320af3f398d083e1d44b1a79e54fa546da12ce118f18db6f7cc3387398c8	success	0	147	805c8c7334c868e18e2be84be95b83cc60895722d739c2b164a68be4cd410c49	107250			cypher-graph-id-predicate	64	1	fixture-tika-12	1	0	0	1	0	1	1	1	63	1	0
graph-id-function-wrapped-contains-target-28-targeted	graph-id	graph-id-function-wrapped-contains	targeted	graph-id-function-equals-and-wrapped-contains	graph-routing	properties	200	fixture-tika-12	fixture-tika-12	1	333b320af3f398d083e1d44b1a79e54fa546da12ce118f18db6f7cc3387398c8	success	12	6370	8871e0dc77f7df7110f742adaac439b8d2f4e912a3a21e1793fda026e0955f9b	96341		fixture-tika-12	cypher-graph-id-predicate	64	1	fixture-tika-12	1	0	0	1	0	12	1	1	63	1	0
graph-id-function-wrapped-contains-target-28-dense	graph-id	graph-id-function-wrapped-contains	dense	graph-id-function-equals-and-wrapped-contains	graph-routing	properties	200	fixture-tika-12	fixture-tika-12	1	333b320af3f398d083e1d44b1a79e54fa546da12ce118f18db6f7cc3387398c8	success	200	101142	3ec255435f1804ca883e61ce69218b0c9b6812e5f4d6241be813f3a04980ff78	171611		fixture-tika-12	cypher-graph-id-predicate	64	1	fixture-tika-12	1	0	0	1	0	200	1	1	63	1	0
graph-id-function-wrapped-contains-target-29-zero	graph-id	graph-id-function-wrapped-contains	zero	graph-id-function-equals-and-wrapped-contains	graph-routing	properties	200	fixture-tika-13	fixture-tika-13	1	697a328efd3d35078aa3cf7115b978f697299f7e0612d464eae79dc1cbc3f3c7	success	0	147	805c8c7334c868e18e2be84be95b83cc60895722d739c2b164a68be4cd410c49	117210			cypher-graph-id-predicate	64	1	fixture-tika-13	1	0	0	1	0	1	1	1	63	1	0
graph-id-function-wrapped-contains-target-29-targeted	graph-id	graph-id-function-wrapped-contains	targeted	graph-id-function-equals-and-wrapped-contains	graph-routing	properties	200	fixture-tika-13	fixture-tika-13	1	697a328efd3d35078aa3cf7115b978f697299f7e0612d464eae79dc1cbc3f3c7	success	1	759	7c9cbf2db3468e4d9ec5f9ce37c29746bb3071949804d250165a0310edd3182c	76073		fixture-tika-13	cypher-graph-id-predicate	64	1	fixture-tika-13	1	0	0	1	0	1	1	1	63	1	0
graph-id-function-wrapped-contains-target-29-dense	graph-id	graph-id-function-wrapped-contains	dense	graph-id-function-equals-and-wrapped-contains	graph-routing	properties	200	fixture-tika-13	fixture-tika-13	1	697a328efd3d35078aa3cf7115b978f697299f7e0612d464eae79dc1cbc3f3c7	success	200	96005	cb6245f16fc1df4cadc32295db3c94d74d99d6ac24ca00ba686085574c3842f9	146063		fixture-tika-13	cypher-graph-id-predicate	64	1	fixture-tika-13	1	0	0	1	0	200	1	1	63	1	0
graph-id-function-wrapped-contains-target-30-zero	graph-id	graph-id-function-wrapped-contains	zero	graph-id-function-equals-and-wrapped-contains	graph-routing	properties	200	fixture-tika-14	fixture-tika-14	1	530ac22d92e73256c57c4e234fccac50105308bcc26304451ee74f20a619f7a5	success	0	147	805c8c7334c868e18e2be84be95b83cc60895722d739c2b164a68be4cd410c49	70773			cypher-graph-id-predicate	64	1	fixture-tika-14	1	0	0	1	0	1	1	1	63	1	0
graph-id-function-wrapped-contains-target-30-targeted	graph-id	graph-id-function-wrapped-contains	targeted	graph-id-function-equals-and-wrapped-contains	graph-routing	properties	200	fixture-tika-14	fixture-tika-14	1	530ac22d92e73256c57c4e234fccac50105308bcc26304451ee74f20a619f7a5	success	10	5866	c85815e1257e7d89a547803b839a8fa3d5c32a25ad93fc4df95c67dd0df38386	80982		fixture-tika-14	cypher-graph-id-predicate	64	1	fixture-tika-14	1	0	0	1	0	10	1	1	63	1	0
graph-id-function-wrapped-contains-target-30-dense	graph-id	graph-id-function-wrapped-contains	dense	graph-id-function-equals-and-wrapped-contains	graph-routing	properties	200	fixture-tika-14	fixture-tika-14	1	530ac22d92e73256c57c4e234fccac50105308bcc26304451ee74f20a619f7a5	success	200	95471	766b9ef7e8ecf0adce38af75461cc8c431950c6a78cf29871668bb82bbc59681	169236		fixture-tika-14	cypher-graph-id-predicate	64	1	fixture-tika-14	1	0	0	1	0	200	1	1	63	1	0
graph-id-function-wrapped-contains-target-31-zero	graph-id	graph-id-function-wrapped-contains	zero	graph-id-function-equals-and-wrapped-contains	graph-routing	properties	200	fixture-tika-15	fixture-tika-15	1	80331285783d790177bcaeeebf677e98900445b2273d41781c6e07aa5683a500	success	0	147	805c8c7334c868e18e2be84be95b83cc60895722d739c2b164a68be4cd410c49	98946			cypher-graph-id-predicate	64	1	fixture-tika-15	1	0	0	1	0	1	1	1	63	1	0
graph-id-function-wrapped-contains-target-31-targeted	graph-id	graph-id-function-wrapped-contains	targeted	graph-id-function-equals-and-wrapped-contains	graph-routing	properties	200	fixture-tika-15	fixture-tika-15	1	80331285783d790177bcaeeebf677e98900445b2273d41781c6e07aa5683a500	success	1	779	5b2641a56fc0d1ce3cad560f98de3ab642d893c5f6c2be5bb57444732d364805	90429		fixture-tika-15	cypher-graph-id-predicate	64	1	fixture-tika-15	1	0	0	1	0	1	1	1	63	1	0
graph-id-function-wrapped-contains-target-31-dense	graph-id	graph-id-function-wrapped-contains	dense	graph-id-function-equals-and-wrapped-contains	graph-routing	properties	200	fixture-tika-15	fixture-tika-15	1	80331285783d790177bcaeeebf677e98900445b2273d41781c6e07aa5683a500	success	200	90493	6cea2d1b1fba9817e31904018fa5ce3734b41bb641feab5c7c6849206b05e3c1	171971		fixture-tika-15	cypher-graph-id-predicate	64	1	fixture-tika-15	1	0	0	1	0	200	1	1	63	1	0
graph-id-function-wrapped-contains-target-32-zero	graph-id	graph-id-function-wrapped-contains	zero	graph-id-function-equals-and-wrapped-contains	graph-routing	properties	200	fixture-hive-00	fixture-hive-00	1	ea11677be4d3166ee79e7aa4f8c5ff603c5cb6bb9f65649cfc46854eedb1b466	success	0	147	805c8c7334c868e18e2be84be95b83cc60895722d739c2b164a68be4cd410c49	106810			cypher-graph-id-predicate	64	1	fixture-hive-00	1	0	0	1	0	1	1	1	63	1	0
graph-id-function-wrapped-contains-target-32-targeted	graph-id	graph-id-function-wrapped-contains	targeted	graph-id-function-equals-and-wrapped-contains	graph-routing	properties	200	fixture-hive-00	fixture-hive-00	1	ea11677be4d3166ee79e7aa4f8c5ff603c5cb6bb9f65649cfc46854eedb1b466	success	4	2862	72e96499d86d64ae9da267f3b15791817d4250f06a8dfea9d09edd8c3c23a440	109536		fixture-hive-00	cypher-graph-id-predicate	64	1	fixture-hive-00	1	0	0	1	0	4	1	1	63	1	0
graph-id-function-wrapped-contains-target-32-dense	graph-id	graph-id-function-wrapped-contains	dense	graph-id-function-equals-and-wrapped-contains	graph-routing	properties	200	fixture-hive-00	fixture-hive-00	1	ea11677be4d3166ee79e7aa4f8c5ff603c5cb6bb9f65649cfc46854eedb1b466	success	200	92864	0ad6a5ae10cb27d8dd28af205e0df8ebd79b3e1ca0079c8c876100ee108fc38d	169147		fixture-hive-00	cypher-graph-id-predicate	64	1	fixture-hive-00	1	0	0	1	0	200	1	1	63	1	0
graph-id-function-wrapped-contains-target-33-zero	graph-id	graph-id-function-wrapped-contains	zero	graph-id-function-equals-and-wrapped-contains	graph-routing	properties	200	fixture-hive-01	fixture-hive-01	1	3a9bab8befb64a5c5518ec83add10138c13ae31dfad00b5a26547f3cfc2bf0bb	success	0	147	805c8c7334c868e18e2be84be95b83cc60895722d739c2b164a68be4cd410c49	74830			cypher-graph-id-predicate	64	1	fixture-hive-01	1	0	0	1	0	1	1	1	63	1	0
graph-id-function-wrapped-contains-target-33-targeted	graph-id	graph-id-function-wrapped-contains	targeted	graph-id-function-equals-and-wrapped-contains	graph-routing	properties	200	fixture-hive-01	fixture-hive-01	1	3a9bab8befb64a5c5518ec83add10138c13ae31dfad00b5a26547f3cfc2bf0bb	success	4	2862	5436abb5d5a82ddf1b71cf6459ce0de5fe56d25b825b58b20bbe8cace9e3cde7	84228		fixture-hive-01	cypher-graph-id-predicate	64	1	fixture-hive-01	1	0	0	1	0	4	1	1	63	1	0
graph-id-function-wrapped-contains-target-33-dense	graph-id	graph-id-function-wrapped-contains	dense	graph-id-function-equals-and-wrapped-contains	graph-routing	properties	200	fixture-hive-01	fixture-hive-01	1	3a9bab8befb64a5c5518ec83add10138c13ae31dfad00b5a26547f3cfc2bf0bb	success	200	92578	e10f119cab32a77f2d8107211e2addcc69d3ab151ee08f60199ff7a8db9b6a1c	138789		fixture-hive-01	cypher-graph-id-predicate	64	1	fixture-hive-01	1	0	0	1	0	200	1	1	63	1	0
graph-id-function-wrapped-contains-target-34-zero	graph-id	graph-id-function-wrapped-contains	zero	graph-id-function-equals-and-wrapped-contains	graph-routing	properties	200	fixture-hive-02	fixture-hive-02	1	058d31d4f0a17f6c8e80480702d6c2099e48867673bc0a8d99037f2244a27bbf	success	0	147	805c8c7334c868e18e2be84be95b83cc60895722d739c2b164a68be4cd410c49	68408			cypher-graph-id-predicate	64	1	fixture-hive-02	1	0	0	1	0	1	1	1	63	1	0
graph-id-function-wrapped-contains-target-34-targeted	graph-id	graph-id-function-wrapped-contains	targeted	graph-id-function-equals-and-wrapped-contains	graph-routing	properties	200	fixture-hive-02	fixture-hive-02	1	058d31d4f0a17f6c8e80480702d6c2099e48867673bc0a8d99037f2244a27bbf	success	4	2883	e83a01bd4b4e8f51ba0c51a53e73f87ec8dd6170bd60b37ef57b4eb9aba8bcc7	96200		fixture-hive-02	cypher-graph-id-predicate	64	1	fixture-hive-02	1	0	0	1	0	4	1	1	63	1	0
graph-id-function-wrapped-contains-target-34-dense	graph-id	graph-id-function-wrapped-contains	dense	graph-id-function-equals-and-wrapped-contains	graph-routing	properties	200	fixture-hive-02	fixture-hive-02	1	058d31d4f0a17f6c8e80480702d6c2099e48867673bc0a8d99037f2244a27bbf	success	200	94183	b06f89a813919b2f4278637c18773fe7508c48351caa08a76cefe1f54c9b7715	157155		fixture-hive-02	cypher-graph-id-predicate	64	1	fixture-hive-02	1	0	0	1	0	200	1	1	63	1	0
graph-id-function-wrapped-contains-target-35-zero	graph-id	graph-id-function-wrapped-contains	zero	graph-id-function-equals-and-wrapped-contains	graph-routing	properties	200	fixture-hive-03	fixture-hive-03	1	bc37ba5880a9fc3e89dea2bf6571ad8db10f8c499dfca7c678b831d8edb064fe	success	0	147	805c8c7334c868e18e2be84be95b83cc60895722d739c2b164a68be4cd410c49	74650			cypher-graph-id-predicate	64	1	fixture-hive-03	1	0	0	1	0	1	1	1	63	1	0
graph-id-function-wrapped-contains-target-35-targeted	graph-id	graph-id-function-wrapped-contains	targeted	graph-id-function-equals-and-wrapped-contains	graph-routing	properties	200	fixture-hive-03	fixture-hive-03	1	bc37ba5880a9fc3e89dea2bf6571ad8db10f8c499dfca7c678b831d8edb064fe	success	1	771	134378d176ef9559b3b9b40557762648c5aa55be889ba8cb2e7f752130b85ab7	65623		fixture-hive-03	cypher-graph-id-predicate	64	1	fixture-hive-03	1	0	0	1	0	1	1	1	63	1	0
graph-id-function-wrapped-contains-target-35-dense	graph-id	graph-id-function-wrapped-contains	dense	graph-id-function-equals-and-wrapped-contains	graph-routing	properties	200	fixture-hive-03	fixture-hive-03	1	bc37ba5880a9fc3e89dea2bf6571ad8db10f8c499dfca7c678b831d8edb064fe	success	200	91613	71eca3baa7c5adda9a19daaba5b66d08f4d30beebcfc1f6f8f3125a009484e93	167033		fixture-hive-03	cypher-graph-id-predicate	64	1	fixture-hive-03	1	0	0	1	0	200	1	1	63	1	0
graph-id-function-wrapped-contains-target-36-zero	graph-id	graph-id-function-wrapped-contains	zero	graph-id-function-equals-and-wrapped-contains	graph-routing	properties	200	fixture-hive-04	fixture-hive-04	1	d6abca6af79ede3e783b4b1d1bb2f17c22db5cf0b5c70506d31ea6d33509dcc5	success	0	147	805c8c7334c868e18e2be84be95b83cc60895722d739c2b164a68be4cd410c49	83366			cypher-graph-id-predicate	64	1	fixture-hive-04	1	0	0	1	0	1	1	1	63	1	0
graph-id-function-wrapped-contains-target-36-targeted	graph-id	graph-id-function-wrapped-contains	targeted	graph-id-function-equals-and-wrapped-contains	graph-routing	properties	200	fixture-hive-04	fixture-hive-04	1	d6abca6af79ede3e783b4b1d1bb2f17c22db5cf0b5c70506d31ea6d33509dcc5	success	1	795	6f5022183da52ea8cb963f17c4b86a6270dc9bfe0ca358e5ec7d6bdf4c95879f	80240		fixture-hive-04	cypher-graph-id-predicate	64	1	fixture-hive-04	1	0	0	1	0	1	1	1	63	1	0
graph-id-function-wrapped-contains-target-36-dense	graph-id	graph-id-function-wrapped-contains	dense	graph-id-function-equals-and-wrapped-contains	graph-routing	properties	200	fixture-hive-04	fixture-hive-04	1	d6abca6af79ede3e783b4b1d1bb2f17c22db5cf0b5c70506d31ea6d33509dcc5	success	200	91716	5d2df55fe9df550bd17a462dbec1bd958f7c0d5940c160537976ecc80d5cb22f	147136		fixture-hive-04	cypher-graph-id-predicate	64	1	fixture-hive-04	1	0	0	1	0	200	1	1	63	1	0
graph-id-function-wrapped-contains-target-37-zero	graph-id	graph-id-function-wrapped-contains	zero	graph-id-function-equals-and-wrapped-contains	graph-routing	properties	200	fixture-hive-05	fixture-hive-05	1	f7f4c2e85299b39f0b295436a0a678be80ea1fe4bd065c984fac7e3e79c02a1f	success	0	147	805c8c7334c868e18e2be84be95b83cc60895722d739c2b164a68be4cd410c49	76613			cypher-graph-id-predicate	64	1	fixture-hive-05	1	0	0	1	0	1	1	1	63	1	0
graph-id-function-wrapped-contains-target-37-targeted	graph-id	graph-id-function-wrapped-contains	targeted	graph-id-function-equals-and-wrapped-contains	graph-routing	properties	200	fixture-hive-05	fixture-hive-05	1	f7f4c2e85299b39f0b295436a0a678be80ea1fe4bd065c984fac7e3e79c02a1f	success	51	31472	b9433fbd59011f3771f14c8abacb0cbca913b3ccb9b85649a8f98d4c6f628703	99957		fixture-hive-05	cypher-graph-id-predicate	64	1	fixture-hive-05	1	0	0	1	0	51	1	1	63	1	0
graph-id-function-wrapped-contains-target-37-dense	graph-id	graph-id-function-wrapped-contains	dense	graph-id-function-equals-and-wrapped-contains	graph-routing	properties	200	fixture-hive-05	fixture-hive-05	1	f7f4c2e85299b39f0b295436a0a678be80ea1fe4bd065c984fac7e3e79c02a1f	success	200	91795	dbb6e258143695218279e10cbea2bf21ad0c5b1330a8fc3e3470b176ae0b6f42	153457		fixture-hive-05	cypher-graph-id-predicate	64	1	fixture-hive-05	1	0	0	1	0	200	1	1	63	1	0
graph-id-function-wrapped-contains-target-38-zero	graph-id	graph-id-function-wrapped-contains	zero	graph-id-function-equals-and-wrapped-contains	graph-routing	properties	200	fixture-hive-06	fixture-hive-06	1	ddfe0a17a6b176061c6908248fc9bbb24510f00e8ed40c2c068587464d0ab767	success	0	147	805c8c7334c868e18e2be84be95b83cc60895722d739c2b164a68be4cd410c49	77665			cypher-graph-id-predicate	64	1	fixture-hive-06	1	0	0	1	0	1	1	1	63	1	0
graph-id-function-wrapped-contains-target-38-targeted	graph-id	graph-id-function-wrapped-contains	targeted	graph-id-function-equals-and-wrapped-contains	graph-routing	properties	200	fixture-hive-06	fixture-hive-06	1	ddfe0a17a6b176061c6908248fc9bbb24510f00e8ed40c2c068587464d0ab767	success	1	801	6e224732564976ab3ad1b488a2dcb0c2a2f84050ab25d529f41b87f4de3c406c	74249		fixture-hive-06	cypher-graph-id-predicate	64	1	fixture-hive-06	1	0	0	1	0	1	1	1	63	1	0
graph-id-function-wrapped-contains-target-38-dense	graph-id	graph-id-function-wrapped-contains	dense	graph-id-function-equals-and-wrapped-contains	graph-routing	properties	200	fixture-hive-06	fixture-hive-06	1	ddfe0a17a6b176061c6908248fc9bbb24510f00e8ed40c2c068587464d0ab767	success	200	92968	77adda61bf8a66745500e9e1b739302ae425b75af5d5199095bd9c0f56151e04	152806		fixture-hive-06	cypher-graph-id-predicate	64	1	fixture-hive-06	1	0	0	1	0	200	1	1	63	1	0
graph-id-function-wrapped-contains-target-39-zero	graph-id	graph-id-function-wrapped-contains	zero	graph-id-function-equals-and-wrapped-contains	graph-routing	properties	200	fixture-hive-07	fixture-hive-07	1	5b909537f8397e9b454c56026974d9a0348f5c6147e1f2169fbaaa2eb1645822	success	0	147	805c8c7334c868e18e2be84be95b83cc60895722d739c2b164a68be4cd410c49	71523			cypher-graph-id-predicate	64	1	fixture-hive-07	1	0	0	1	0	1	1	1	63	1	0
graph-id-function-wrapped-contains-target-39-targeted	graph-id	graph-id-function-wrapped-contains	targeted	graph-id-function-equals-and-wrapped-contains	graph-routing	properties	200	fixture-hive-07	fixture-hive-07	1	5b909537f8397e9b454c56026974d9a0348f5c6147e1f2169fbaaa2eb1645822	success	4	2855	db8e5b7500b38c30ff9ca554407e1c3f066cc32ce80520e31c63fe8f4f34048e	102031		fixture-hive-07	cypher-graph-id-predicate	64	1	fixture-hive-07	1	0	0	1	0	4	1	1	63	1	0
graph-id-function-wrapped-contains-target-39-dense	graph-id	graph-id-function-wrapped-contains	dense	graph-id-function-equals-and-wrapped-contains	graph-routing	properties	200	fixture-hive-07	fixture-hive-07	1	5b909537f8397e9b454c56026974d9a0348f5c6147e1f2169fbaaa2eb1645822	success	200	91298	153dc7ab9d3d22961d16bfae52d0b5cd4c7d97177e0e57e7c086294f37d00f0f	165631		fixture-hive-07	cypher-graph-id-predicate	64	1	fixture-hive-07	1	0	0	1	0	200	1	1	63	1	0
graph-id-function-wrapped-contains-target-40-zero	graph-id	graph-id-function-wrapped-contains	zero	graph-id-function-equals-and-wrapped-contains	graph-routing	properties	200	fixture-hive-08	fixture-hive-08	1	a73da7b76b921f77b9fadceff4ca8a9274fa7524e6ce2fb87c035b118fdb9e31	success	0	147	805c8c7334c868e18e2be84be95b83cc60895722d739c2b164a68be4cd410c49	91050			cypher-graph-id-predicate	64	1	fixture-hive-08	1	0	0	1	0	1	1	1	63	1	0
graph-id-function-wrapped-contains-target-40-targeted	graph-id	graph-id-function-wrapped-contains	targeted	graph-id-function-equals-and-wrapped-contains	graph-routing	properties	200	fixture-hive-08	fixture-hive-08	1	a73da7b76b921f77b9fadceff4ca8a9274fa7524e6ce2fb87c035b118fdb9e31	success	4	2911	6520445594f6fc1d080f2e441beea159540f21b52c555b515dbd7ba1fee2a37f	93475		fixture-hive-08	cypher-graph-id-predicate	64	1	fixture-hive-08	1	0	0	1	0	4	1	1	63	1	0
graph-id-function-wrapped-contains-target-40-dense	graph-id	graph-id-function-wrapped-contains	dense	graph-id-function-equals-and-wrapped-contains	graph-routing	properties	200	fixture-hive-08	fixture-hive-08	1	a73da7b76b921f77b9fadceff4ca8a9274fa7524e6ce2fb87c035b118fdb9e31	success	200	95189	6547ed796970ad3186785ae6dc7d6b1328d226d1878e5144fdb98c21fcba06f9	169527		fixture-hive-08	cypher-graph-id-predicate	64	1	fixture-hive-08	1	0	0	1	0	200	1	1	63	1	0
graph-id-function-wrapped-contains-target-41-zero	graph-id	graph-id-function-wrapped-contains	zero	graph-id-function-equals-and-wrapped-contains	graph-routing	properties	200	fixture-hive-09	fixture-hive-09	1	295df7bb9f479be56469bcfb34b70c143d1aff6e47944b80de9fd42e774be779	success	0	147	805c8c7334c868e18e2be84be95b83cc60895722d739c2b164a68be4cd410c49	90229			cypher-graph-id-predicate	64	1	fixture-hive-09	1	0	0	1	0	1	1	1	63	1	0
graph-id-function-wrapped-contains-target-41-targeted	graph-id	graph-id-function-wrapped-contains	targeted	graph-id-function-equals-and-wrapped-contains	graph-routing	properties	200	fixture-hive-09	fixture-hive-09	1	295df7bb9f479be56469bcfb34b70c143d1aff6e47944b80de9fd42e774be779	success	4	2883	42fd2fd2ff37d34c0cfb2146cde4be9387147a4cc07443bd58969c3f1e25556e	93615		fixture-hive-09	cypher-graph-id-predicate	64	1	fixture-hive-09	1	0	0	1	0	4	1	1	63	1	0
graph-id-function-wrapped-contains-target-41-dense	graph-id	graph-id-function-wrapped-contains	dense	graph-id-function-equals-and-wrapped-contains	graph-routing	properties	200	fixture-hive-09	fixture-hive-09	1	295df7bb9f479be56469bcfb34b70c143d1aff6e47944b80de9fd42e774be779	success	200	92146	1d23f5a918b6a408d8eae300e7aa799801aecc62fcc85667af567e3c95156cb9	185057		fixture-hive-09	cypher-graph-id-predicate	64	1	fixture-hive-09	1	0	0	1	0	200	1	1	63	1	0
graph-id-function-wrapped-contains-target-42-zero	graph-id	graph-id-function-wrapped-contains	zero	graph-id-function-equals-and-wrapped-contains	graph-routing	properties	200	fixture-hive-10	fixture-hive-10	1	e942f277a2b44bd11b03bd9380dd5388338721030a1701c31ff2277dd8f8cd9a	success	0	147	805c8c7334c868e18e2be84be95b83cc60895722d739c2b164a68be4cd410c49	90209			cypher-graph-id-predicate	64	1	fixture-hive-10	1	0	0	1	0	1	1	1	63	1	0
graph-id-function-wrapped-contains-target-42-targeted	graph-id	graph-id-function-wrapped-contains	targeted	graph-id-function-equals-and-wrapped-contains	graph-routing	properties	200	fixture-hive-10	fixture-hive-10	1	e942f277a2b44bd11b03bd9380dd5388338721030a1701c31ff2277dd8f8cd9a	success	63	39077	2d20a012ee335ff72d99f67135e1ac36defbca676c07a298d3df15c7c1e33f7d	119203		fixture-hive-10	cypher-graph-id-predicate	64	1	fixture-hive-10	1	0	0	1	0	63	1	1	63	1	0
graph-id-function-wrapped-contains-target-42-dense	graph-id	graph-id-function-wrapped-contains	dense	graph-id-function-equals-and-wrapped-contains	graph-routing	properties	200	fixture-hive-10	fixture-hive-10	1	e942f277a2b44bd11b03bd9380dd5388338721030a1701c31ff2277dd8f8cd9a	success	200	93248	bd7a2cfc84011237aca413f8fd4b6ee9130043dc1530bc214cc965d935dc3d88	151303		fixture-hive-10	cypher-graph-id-predicate	64	1	fixture-hive-10	1	0	0	1	0	200	1	1	63	1	0
graph-id-function-wrapped-contains-target-43-zero	graph-id	graph-id-function-wrapped-contains	zero	graph-id-function-equals-and-wrapped-contains	graph-routing	properties	200	fixture-hive-11	fixture-hive-11	1	fc0779b8fe9d9937d1e4cb4a3dba1379fc83c9a81125f4350e46a986c8531889	success	0	147	805c8c7334c868e18e2be84be95b83cc60895722d739c2b164a68be4cd410c49	99376			cypher-graph-id-predicate	64	1	fixture-hive-11	1	0	0	1	0	1	1	1	63	1	0
graph-id-function-wrapped-contains-target-43-targeted	graph-id	graph-id-function-wrapped-contains	targeted	graph-id-function-equals-and-wrapped-contains	graph-routing	properties	200	fixture-hive-11	fixture-hive-11	1	fc0779b8fe9d9937d1e4cb4a3dba1379fc83c9a81125f4350e46a986c8531889	success	4	2743	a7aaae25732eb3fc39e7e9697120f6a4534e52262fb153e4201e51d7b31e4606	92293		fixture-hive-11	cypher-graph-id-predicate	64	1	fixture-hive-11	1	0	0	1	0	4	1	1	63	1	0
graph-id-function-wrapped-contains-target-43-dense	graph-id	graph-id-function-wrapped-contains	dense	graph-id-function-equals-and-wrapped-contains	graph-routing	properties	200	fixture-hive-11	fixture-hive-11	1	fc0779b8fe9d9937d1e4cb4a3dba1379fc83c9a81125f4350e46a986c8531889	success	200	94063	f5c81d8aabcfe449e1a20e1133f0ce5a6c25cde54cfb7e82531ff93f87b6f89e	149139		fixture-hive-11	cypher-graph-id-predicate	64	1	fixture-hive-11	1	0	0	1	0	200	1	1	63	1	0
graph-id-function-wrapped-contains-target-44-zero	graph-id	graph-id-function-wrapped-contains	zero	graph-id-function-equals-and-wrapped-contains	graph-routing	properties	200	fixture-hive-12	fixture-hive-12	1	b0c62bc41512e26a42d23ec1fd21c12eb0d433e252eed22e92d2246689f7489a	success	0	147	805c8c7334c868e18e2be84be95b83cc60895722d739c2b164a68be4cd410c49	94006			cypher-graph-id-predicate	64	1	fixture-hive-12	1	0	0	1	0	1	1	1	63	1	0
graph-id-function-wrapped-contains-target-44-targeted	graph-id	graph-id-function-wrapped-contains	targeted	graph-id-function-equals-and-wrapped-contains	graph-routing	properties	200	fixture-hive-12	fixture-hive-12	1	b0c62bc41512e26a42d23ec1fd21c12eb0d433e252eed22e92d2246689f7489a	success	4	2890	b8c7750587d3cb95373de074cba017cf14e5d85811bfc8cc2b49fa06615dc14f	95178		fixture-hive-12	cypher-graph-id-predicate	64	1	fixture-hive-12	1	0	0	1	0	4	1	1	63	1	0
graph-id-function-wrapped-contains-target-44-dense	graph-id	graph-id-function-wrapped-contains	dense	graph-id-function-equals-and-wrapped-contains	graph-routing	properties	200	fixture-hive-12	fixture-hive-12	1	b0c62bc41512e26a42d23ec1fd21c12eb0d433e252eed22e92d2246689f7489a	success	200	90517	901cb7ad5a7cef604f7264d87d81f85a7b3e521b0175839dd61f15fa140b58cf	151433		fixture-hive-12	cypher-graph-id-predicate	64	1	fixture-hive-12	1	0	0	1	0	200	1	1	63	1	0
graph-id-function-wrapped-contains-target-45-zero	graph-id	graph-id-function-wrapped-contains	zero	graph-id-function-equals-and-wrapped-contains	graph-routing	properties	200	fixture-hive-13	fixture-hive-13	1	2f758a1599ac4d799ee27ae81f81bfe54bc6240d59e8f003bf5cd782742affd0	success	0	147	805c8c7334c868e18e2be84be95b83cc60895722d739c2b164a68be4cd410c49	92814			cypher-graph-id-predicate	64	1	fixture-hive-13	1	0	0	1	0	1	1	1	63	1	0
graph-id-function-wrapped-contains-target-45-targeted	graph-id	graph-id-function-wrapped-contains	targeted	graph-id-function-equals-and-wrapped-contains	graph-routing	properties	200	fixture-hive-13	fixture-hive-13	1	2f758a1599ac4d799ee27ae81f81bfe54bc6240d59e8f003bf5cd782742affd0	success	1	807	7a2ea6e6b7c61f333c01be975226570ddf428683fdf6c4eb419e09457718acf9	90169		fixture-hive-13	cypher-graph-id-predicate	64	1	fixture-hive-13	1	0	0	1	0	1	1	1	63	1	0
graph-id-function-wrapped-contains-target-45-dense	graph-id	graph-id-function-wrapped-contains	dense	graph-id-function-equals-and-wrapped-contains	graph-routing	properties	200	fixture-hive-13	fixture-hive-13	1	2f758a1599ac4d799ee27ae81f81bfe54bc6240d59e8f003bf5cd782742affd0	success	200	92534	8ce2fca3adf975e2913f1d7a0f91465f04ef5e5cdbaaa1f51ca68901be616480	159008		fixture-hive-13	cypher-graph-id-predicate	64	1	fixture-hive-13	1	0	0	1	0	200	1	1	63	1	0
graph-id-function-wrapped-contains-target-46-zero	graph-id	graph-id-function-wrapped-contains	zero	graph-id-function-equals-and-wrapped-contains	graph-routing	properties	200	fixture-hive-14	fixture-hive-14	1	960cf66cc8af0003002afe076d1f893b29b2a55fabfac7d5316eb3e3b9c46f67	success	0	147	805c8c7334c868e18e2be84be95b83cc60895722d739c2b164a68be4cd410c49	103333			cypher-graph-id-predicate	64	1	fixture-hive-14	1	0	0	1	0	1	1	1	63	1	0
graph-id-function-wrapped-contains-target-46-targeted	graph-id	graph-id-function-wrapped-contains	targeted	graph-id-function-equals-and-wrapped-contains	graph-routing	properties	200	fixture-hive-14	fixture-hive-14	1	960cf66cc8af0003002afe076d1f893b29b2a55fabfac7d5316eb3e3b9c46f67	success	45	27605	5de372ca8e19ec486456452fc7bd2d9f18c4d7b0beb5e238b24073911e1d2e3a	114855		fixture-hive-14	cypher-graph-id-predicate	64	1	fixture-hive-14	1	0	0	1	0	45	1	1	63	1	0
graph-id-function-wrapped-contains-target-46-dense	graph-id	graph-id-function-wrapped-contains	dense	graph-id-function-equals-and-wrapped-contains	graph-routing	properties	200	fixture-hive-14	fixture-hive-14	1	960cf66cc8af0003002afe076d1f893b29b2a55fabfac7d5316eb3e3b9c46f67	success	200	96641	3ad39c9167b00424c5957087068cab90d47268c9063b8d9e565113275edd98c8	158677		fixture-hive-14	cypher-graph-id-predicate	64	1	fixture-hive-14	1	0	0	1	0	200	1	1	63	1	0
graph-id-function-wrapped-contains-target-47-zero	graph-id	graph-id-function-wrapped-contains	zero	graph-id-function-equals-and-wrapped-contains	graph-routing	properties	200	fixture-hive-15	fixture-hive-15	1	d5c3f70f4e04fa9e3851b5ba956c39c64ff3bf4c48028255a069369d65d3e3dc	success	0	147	805c8c7334c868e18e2be84be95b83cc60895722d739c2b164a68be4cd410c49	91050			cypher-graph-id-predicate	64	1	fixture-hive-15	1	0	0	1	0	1	1	1	63	1	0
graph-id-function-wrapped-contains-target-47-targeted	graph-id	graph-id-function-wrapped-contains	targeted	graph-id-function-equals-and-wrapped-contains	graph-routing	properties	200	fixture-hive-15	fixture-hive-15	1	d5c3f70f4e04fa9e3851b5ba956c39c64ff3bf4c48028255a069369d65d3e3dc	success	66	40159	fcfc173325ae104971344d6daea93c8089a472f712f938cfbd16c519ba82c551	134211		fixture-hive-15	cypher-graph-id-predicate	64	1	fixture-hive-15	1	0	0	1	0	66	1	1	63	1	0
graph-id-function-wrapped-contains-target-47-dense	graph-id	graph-id-function-wrapped-contains	dense	graph-id-function-equals-and-wrapped-contains	graph-routing	properties	200	fixture-hive-15	fixture-hive-15	1	d5c3f70f4e04fa9e3851b5ba956c39c64ff3bf4c48028255a069369d65d3e3dc	success	200	97359	d162ad37d2e7b659e55cddb63b7d42e922fbd2396ae9679f7648226751bb7a13	173004		fixture-hive-15	cypher-graph-id-predicate	64	1	fixture-hive-15	1	0	0	1	0	200	1	1	63	1	0
graph-id-function-wrapped-contains-target-48-zero	graph-id	graph-id-function-wrapped-contains	zero	graph-id-function-equals-and-wrapped-contains	graph-routing	properties	200	fixture-kotlin-compiler-00	fixture-kotlin-compiler-00	1	e0590ddba3b9b9f8de79bee6771cc2f41482d9bcf2b6d495c533f4d523602a1c	success	0	147	805c8c7334c868e18e2be84be95b83cc60895722d739c2b164a68be4cd410c49	86943			cypher-graph-id-predicate	64	1	fixture-kotlin-compiler-00	1	0	0	1	0	1	1	1	63	1	0
graph-id-function-wrapped-contains-target-48-targeted	graph-id	graph-id-function-wrapped-contains	targeted	graph-id-function-equals-and-wrapped-contains	graph-routing	properties	200	fixture-kotlin-compiler-00	fixture-kotlin-compiler-00	1	e0590ddba3b9b9f8de79bee6771cc2f41482d9bcf2b6d495c533f4d523602a1c	success	10	6351	274597a5e0e535d6581734920f9ffbc39062a84a13ad9d85823a8f12df219dfd	94698		fixture-kotlin-compiler-00	cypher-graph-id-predicate	64	1	fixture-kotlin-compiler-00	1	0	0	1	0	10	1	1	63	1	0
graph-id-function-wrapped-contains-target-48-dense	graph-id	graph-id-function-wrapped-contains	dense	graph-id-function-equals-and-wrapped-contains	graph-routing	properties	200	fixture-kotlin-compiler-00	fixture-kotlin-compiler-00	1	e0590ddba3b9b9f8de79bee6771cc2f41482d9bcf2b6d495c533f4d523602a1c	success	200	97301	4abd067ea3c7496241f2623586a132809a81e33bd08c7645b717be3ee7ee2542	185447		fixture-kotlin-compiler-00	cypher-graph-id-predicate	64	1	fixture-kotlin-compiler-00	1	0	0	1	0	200	1	1	63	1	0
graph-id-function-wrapped-contains-target-49-zero	graph-id	graph-id-function-wrapped-contains	zero	graph-id-function-equals-and-wrapped-contains	graph-routing	properties	200	fixture-kotlin-compiler-01	fixture-kotlin-compiler-01	1	a2378f34cd746f343988852d75ea5d50b8bfe89e6cd965dacb19b742e3a8c966	success	0	147	805c8c7334c868e18e2be84be95b83cc60895722d739c2b164a68be4cd410c49	91381			cypher-graph-id-predicate	64	1	fixture-kotlin-compiler-01	1	0	0	1	0	1	1	1	63	1	0
graph-id-function-wrapped-contains-target-49-targeted	graph-id	graph-id-function-wrapped-contains	targeted	graph-id-function-equals-and-wrapped-contains	graph-routing	properties	200	fixture-kotlin-compiler-01	fixture-kotlin-compiler-01	1	a2378f34cd746f343988852d75ea5d50b8bfe89e6cd965dacb19b742e3a8c966	success	4	2598	d72c68d3fe0e8e0257e28136dfcba3f279a31d304b51dc9611dfa7b0f16169a8	90679		fixture-kotlin-compiler-01	cypher-graph-id-predicate	64	1	fixture-kotlin-compiler-01	1	0	0	1	0	4	1	1	63	1	0
graph-id-function-wrapped-contains-target-49-dense	graph-id	graph-id-function-wrapped-contains	dense	graph-id-function-equals-and-wrapped-contains	graph-routing	properties	200	fixture-kotlin-compiler-01	fixture-kotlin-compiler-01	1	a2378f34cd746f343988852d75ea5d50b8bfe89e6cd965dacb19b742e3a8c966	success	200	95854	6848b85ce01299f2ea05bcca3edaa8c69792c61113aeaea43a401f01793bb61d	161472		fixture-kotlin-compiler-01	cypher-graph-id-predicate	64	1	fixture-kotlin-compiler-01	1	0	0	1	0	200	1	1	63	1	0
graph-id-function-wrapped-contains-target-50-zero	graph-id	graph-id-function-wrapped-contains	zero	graph-id-function-equals-and-wrapped-contains	graph-routing	properties	200	fixture-kotlin-compiler-02	fixture-kotlin-compiler-02	1	b4996e09ff7c9fb90ce978374faa803d01485382a499402abfd9028048b79bf7	success	0	147	805c8c7334c868e18e2be84be95b83cc60895722d739c2b164a68be4cd410c49	90619			cypher-graph-id-predicate	64	1	fixture-kotlin-compiler-02	1	0	0	1	0	1	1	1	63	1	0
graph-id-function-wrapped-contains-target-50-targeted	graph-id	graph-id-function-wrapped-contains	targeted	graph-id-function-equals-and-wrapped-contains	graph-routing	properties	200	fixture-kotlin-compiler-02	fixture-kotlin-compiler-02	1	b4996e09ff7c9fb90ce978374faa803d01485382a499402abfd9028048b79bf7	success	1	791	85dd6bfd8cfa28628294c822275e5bb7a279ea8142c47ff362a55c060e68da37	90669		fixture-kotlin-compiler-02	cypher-graph-id-predicate	64	1	fixture-kotlin-compiler-02	1	0	0	1	0	1	1	1	63	1	0
graph-id-function-wrapped-contains-target-50-dense	graph-id	graph-id-function-wrapped-contains	dense	graph-id-function-equals-and-wrapped-contains	graph-routing	properties	200	fixture-kotlin-compiler-02	fixture-kotlin-compiler-02	1	b4996e09ff7c9fb90ce978374faa803d01485382a499402abfd9028048b79bf7	success	200	91564	fbf180fab82c32493738bb60bb29955d3f45810bb23806d614f71964200069bc	165920		fixture-kotlin-compiler-02	cypher-graph-id-predicate	64	1	fixture-kotlin-compiler-02	1	0	0	1	0	200	1	1	63	1	0
graph-id-function-wrapped-contains-target-51-zero	graph-id	graph-id-function-wrapped-contains	zero	graph-id-function-equals-and-wrapped-contains	graph-routing	properties	200	fixture-kotlin-compiler-03	fixture-kotlin-compiler-03	1	a2350bbcc2f1ba8738ae72b167e586240ce7149551e3fba11f7a358d11b7801e	success	0	147	805c8c7334c868e18e2be84be95b83cc60895722d739c2b164a68be4cd410c49	89037			cypher-graph-id-predicate	64	1	fixture-kotlin-compiler-03	1	0	0	1	0	1	1	1	63	1	0
graph-id-function-wrapped-contains-target-51-targeted	graph-id	graph-id-function-wrapped-contains	targeted	graph-id-function-equals-and-wrapped-contains	graph-routing	properties	200	fixture-kotlin-compiler-03	fixture-kotlin-compiler-03	1	a2350bbcc2f1ba8738ae72b167e586240ce7149551e3fba11f7a358d11b7801e	success	1	798	64ae9673d519a121b865dc50f576291bddc3c4c81c474d10cfb9d0da1dce7c60	89337		fixture-kotlin-compiler-03	cypher-graph-id-predicate	64	1	fixture-kotlin-compiler-03	1	0	0	1	0	1	1	1	63	1	0
graph-id-function-wrapped-contains-target-51-dense	graph-id	graph-id-function-wrapped-contains	dense	graph-id-function-equals-and-wrapped-contains	graph-routing	properties	200	fixture-kotlin-compiler-03	fixture-kotlin-compiler-03	1	a2350bbcc2f1ba8738ae72b167e586240ce7149551e3fba11f7a358d11b7801e	success	200	94730	d508f1cb1d0c5646118a68e8a87c49c66a454661e438e3f033289c173598f51f	178313		fixture-kotlin-compiler-03	cypher-graph-id-predicate	64	1	fixture-kotlin-compiler-03	1	0	0	1	0	200	1	1	63	1	0
graph-id-function-wrapped-contains-target-52-zero	graph-id	graph-id-function-wrapped-contains	zero	graph-id-function-equals-and-wrapped-contains	graph-routing	properties	200	fixture-kotlin-compiler-04	fixture-kotlin-compiler-04	1	1835d0591826a821b1c4a8a0df21cd273c40697176c253109b1663d9e56d64a0	success	0	147	805c8c7334c868e18e2be84be95b83cc60895722d739c2b164a68be4cd410c49	89738			cypher-graph-id-predicate	64	1	fixture-kotlin-compiler-04	1	0	0	1	0	1	1	1	63	1	0
graph-id-function-wrapped-contains-target-52-targeted	graph-id	graph-id-function-wrapped-contains	targeted	graph-id-function-equals-and-wrapped-contains	graph-routing	properties	200	fixture-kotlin-compiler-04	fixture-kotlin-compiler-04	1	1835d0591826a821b1c4a8a0df21cd273c40697176c253109b1663d9e56d64a0	success	1	792	6691abe0a1f608719107bf4ffc3fa52632123ab77cb7c2c3c6536cd32de533b1	92773		fixture-kotlin-compiler-04	cypher-graph-id-predicate	64	1	fixture-kotlin-compiler-04	1	0	0	1	0	1	1	1	63	1	0
graph-id-function-wrapped-contains-target-52-dense	graph-id	graph-id-function-wrapped-contains	dense	graph-id-function-equals-and-wrapped-contains	graph-routing	properties	200	fixture-kotlin-compiler-04	fixture-kotlin-compiler-04	1	1835d0591826a821b1c4a8a0df21cd273c40697176c253109b1663d9e56d64a0	success	200	96891	db4b9bfadbbb61a039e76484090eda57349ec9585a7c795f46793352fb739e7c	157755		fixture-kotlin-compiler-04	cypher-graph-id-predicate	64	1	fixture-kotlin-compiler-04	1	0	0	1	0	200	1	1	63	1	0
graph-id-function-wrapped-contains-target-53-zero	graph-id	graph-id-function-wrapped-contains	zero	graph-id-function-equals-and-wrapped-contains	graph-routing	properties	200	fixture-kotlin-compiler-05	fixture-kotlin-compiler-05	1	65de36ec09041582c4ff4a57708f099a7d72d4907a327e47ae026767f5ff0db0	success	0	147	805c8c7334c868e18e2be84be95b83cc60895722d739c2b164a68be4cd410c49	90008			cypher-graph-id-predicate	64	1	fixture-kotlin-compiler-05	1	0	0	1	0	1	1	1	63	1	0
graph-id-function-wrapped-contains-target-53-targeted	graph-id	graph-id-function-wrapped-contains	targeted	graph-id-function-equals-and-wrapped-contains	graph-routing	properties	200	fixture-kotlin-compiler-05	fixture-kotlin-compiler-05	1	65de36ec09041582c4ff4a57708f099a7d72d4907a327e47ae026767f5ff0db0	success	6	3910	d987ccd9722d9cd5492fcbb62423f1a89bb41e05ea0e3fb44e7cc793b9656b12	96130		fixture-kotlin-compiler-05	cypher-graph-id-predicate	64	1	fixture-kotlin-compiler-05	1	0	0	1	0	6	1	1	63	1	0
graph-id-function-wrapped-contains-target-53-dense	graph-id	graph-id-function-wrapped-contains	dense	graph-id-function-equals-and-wrapped-contains	graph-routing	properties	200	fixture-kotlin-compiler-05	fixture-kotlin-compiler-05	1	65de36ec09041582c4ff4a57708f099a7d72d4907a327e47ae026767f5ff0db0	success	200	94720	c9e7b59e830a820a47234ca1fd54046d1c260db318e05adc24dc748ca7fe29c0	160090		fixture-kotlin-compiler-05	cypher-graph-id-predicate	64	1	fixture-kotlin-compiler-05	1	0	0	1	0	200	1	1	63	1	0
graph-id-function-wrapped-contains-target-54-zero	graph-id	graph-id-function-wrapped-contains	zero	graph-id-function-equals-and-wrapped-contains	graph-routing	properties	200	fixture-kotlin-compiler-06	fixture-kotlin-compiler-06	1	455e2dea20c33d78ad4888048700c76ead131cc5fff61b1b6745f3cf019d98c7	success	0	147	805c8c7334c868e18e2be84be95b83cc60895722d739c2b164a68be4cd410c49	86782			cypher-graph-id-predicate	64	1	fixture-kotlin-compiler-06	1	0	0	1	0	1	1	1	63	1	0
graph-id-function-wrapped-contains-target-54-targeted	graph-id	graph-id-function-wrapped-contains	targeted	graph-id-function-equals-and-wrapped-contains	graph-routing	properties	200	fixture-kotlin-compiler-06	fixture-kotlin-compiler-06	1	455e2dea20c33d78ad4888048700c76ead131cc5fff61b1b6745f3cf019d98c7	success	3	1869	5157205e66d4cebff8b628175c555fdb333564013eabc5f496e37f9a4ad2b606	89939		fixture-kotlin-compiler-06	cypher-graph-id-predicate	64	1	fixture-kotlin-compiler-06	1	0	0	1	0	3	1	1	63	1	0
graph-id-function-wrapped-contains-target-54-dense	graph-id	graph-id-function-wrapped-contains	dense	graph-id-function-equals-and-wrapped-contains	graph-routing	properties	200	fixture-kotlin-compiler-06	fixture-kotlin-compiler-06	1	455e2dea20c33d78ad4888048700c76ead131cc5fff61b1b6745f3cf019d98c7	success	200	92798	60b390f0b190e46f6fd1b4929641c7324c9142e0f18a85bc338e7b41ebe62db5	175379		fixture-kotlin-compiler-06	cypher-graph-id-predicate	64	1	fixture-kotlin-compiler-06	1	0	0	1	0	200	1	1	63	1	0
graph-id-function-wrapped-contains-target-55-zero	graph-id	graph-id-function-wrapped-contains	zero	graph-id-function-equals-and-wrapped-contains	graph-routing	properties	200	fixture-kotlin-compiler-07	fixture-kotlin-compiler-07	1	6c1c49dd5e3fe90a5fa68f9ab09606732d59b2cb006a42f463d6390d9a27f2a1	success	0	147	805c8c7334c868e18e2be84be95b83cc60895722d739c2b164a68be4cd410c49	88767			cypher-graph-id-predicate	64	1	fixture-kotlin-compiler-07	1	0	0	1	0	1	1	1	63	1	0
graph-id-function-wrapped-contains-target-55-targeted	graph-id	graph-id-function-wrapped-contains	targeted	graph-id-function-equals-and-wrapped-contains	graph-routing	properties	200	fixture-kotlin-compiler-07	fixture-kotlin-compiler-07	1	6c1c49dd5e3fe90a5fa68f9ab09606732d59b2cb006a42f463d6390d9a27f2a1	success	10	6054	f5c10be5db49f33f0b8307328bfb058b342da4d9241c33217038447620028ab5	91320		fixture-kotlin-compiler-07	cypher-graph-id-predicate	64	1	fixture-kotlin-compiler-07	1	0	0	1	0	10	1	1	63	1	0
graph-id-function-wrapped-contains-target-55-dense	graph-id	graph-id-function-wrapped-contains	dense	graph-id-function-equals-and-wrapped-contains	graph-routing	properties	200	fixture-kotlin-compiler-07	fixture-kotlin-compiler-07	1	6c1c49dd5e3fe90a5fa68f9ab09606732d59b2cb006a42f463d6390d9a27f2a1	success	200	96112	0f6d4800cdd86ccdf20aab2fe6bd2924f66d70c9fcca46057385e09ba151a798	163396		fixture-kotlin-compiler-07	cypher-graph-id-predicate	64	1	fixture-kotlin-compiler-07	1	0	0	1	0	200	1	1	63	1	0
graph-id-function-wrapped-contains-target-56-zero	graph-id	graph-id-function-wrapped-contains	zero	graph-id-function-equals-and-wrapped-contains	graph-routing	properties	200	fixture-kotlin-compiler-08	fixture-kotlin-compiler-08	1	37be466842d1f239df76fe55e92f6769fc0b2d6e47e43f0020c40a8ce8422cb0	success	0	147	805c8c7334c868e18e2be84be95b83cc60895722d739c2b164a68be4cd410c49	86742			cypher-graph-id-predicate	64	1	fixture-kotlin-compiler-08	1	0	0	1	0	1	1	1	63	1	0
graph-id-function-wrapped-contains-target-56-targeted	graph-id	graph-id-function-wrapped-contains	targeted	graph-id-function-equals-and-wrapped-contains	graph-routing	properties	200	fixture-kotlin-compiler-08	fixture-kotlin-compiler-08	1	37be466842d1f239df76fe55e92f6769fc0b2d6e47e43f0020c40a8ce8422cb0	success	1	802	7ebbe5301915ad5c39692b733c3f39851576d09270c89f830b9e80b342a866f6	92764		fixture-kotlin-compiler-08	cypher-graph-id-predicate	64	1	fixture-kotlin-compiler-08	1	0	0	1	0	1	1	1	63	1	0
graph-id-function-wrapped-contains-target-56-dense	graph-id	graph-id-function-wrapped-contains	dense	graph-id-function-equals-and-wrapped-contains	graph-routing	properties	200	fixture-kotlin-compiler-08	fixture-kotlin-compiler-08	1	37be466842d1f239df76fe55e92f6769fc0b2d6e47e43f0020c40a8ce8422cb0	success	200	93704	b778fc4edfb3c1031b90b2d3d121fd31958733afdc68d3f1cde538a17b738328	143258		fixture-kotlin-compiler-08	cypher-graph-id-predicate	64	1	fixture-kotlin-compiler-08	1	0	0	1	0	200	1	1	63	1	0
graph-id-function-wrapped-contains-target-57-zero	graph-id	graph-id-function-wrapped-contains	zero	graph-id-function-equals-and-wrapped-contains	graph-routing	properties	200	fixture-kotlin-compiler-09	fixture-kotlin-compiler-09	1	5bacb6648bba38e91cc033e69d42538b040b89f913b58ee2afebb53ba8d35c57	success	0	147	805c8c7334c868e18e2be84be95b83cc60895722d739c2b164a68be4cd410c49	86993			cypher-graph-id-predicate	64	1	fixture-kotlin-compiler-09	1	0	0	1	0	1	1	1	63	1	0
graph-id-function-wrapped-contains-target-57-targeted	graph-id	graph-id-function-wrapped-contains	targeted	graph-id-function-equals-and-wrapped-contains	graph-routing	properties	200	fixture-kotlin-compiler-09	fixture-kotlin-compiler-09	1	5bacb6648bba38e91cc033e69d42538b040b89f913b58ee2afebb53ba8d35c57	success	1	765	0812dc51126311be5cac082c5d39676905cd9a0811e6a08f17ec6343dc843471	85330		fixture-kotlin-compiler-09	cypher-graph-id-predicate	64	1	fixture-kotlin-compiler-09	1	0	0	1	0	1	1	1	63	1	0
graph-id-function-wrapped-contains-target-57-dense	graph-id	graph-id-function-wrapped-contains	dense	graph-id-function-equals-and-wrapped-contains	graph-routing	properties	200	fixture-kotlin-compiler-09	fixture-kotlin-compiler-09	1	5bacb6648bba38e91cc033e69d42538b040b89f913b58ee2afebb53ba8d35c57	success	200	99258	415f437224f091ed04a72fa493ee405ec437acfcfdf54dee50789c56e5356f10	164958		fixture-kotlin-compiler-09	cypher-graph-id-predicate	64	1	fixture-kotlin-compiler-09	1	0	0	1	0	200	1	1	63	1	0
graph-id-function-wrapped-contains-target-58-zero	graph-id	graph-id-function-wrapped-contains	zero	graph-id-function-equals-and-wrapped-contains	graph-routing	properties	200	fixture-kotlin-compiler-10	fixture-kotlin-compiler-10	1	634f1070c869c5f39ed7722d97b19c8976bc7fee623a8cfc705bcdd955e20759	success	0	147	805c8c7334c868e18e2be84be95b83cc60895722d739c2b164a68be4cd410c49	90990			cypher-graph-id-predicate	64	1	fixture-kotlin-compiler-10	1	0	0	1	0	1	1	1	63	1	0
graph-id-function-wrapped-contains-target-58-targeted	graph-id	graph-id-function-wrapped-contains	targeted	graph-id-function-equals-and-wrapped-contains	graph-routing	properties	200	fixture-kotlin-compiler-10	fixture-kotlin-compiler-10	1	634f1070c869c5f39ed7722d97b19c8976bc7fee623a8cfc705bcdd955e20759	success	12	7029	1df616dc12f8aa99df8ef1921ad6c878afdd2d37362d488527ffbb7ddbe7f6e3	89278		fixture-kotlin-compiler-10	cypher-graph-id-predicate	64	1	fixture-kotlin-compiler-10	1	0	0	1	0	12	1	1	63	1	0
graph-id-function-wrapped-contains-target-58-dense	graph-id	graph-id-function-wrapped-contains	dense	graph-id-function-equals-and-wrapped-contains	graph-routing	properties	200	fixture-kotlin-compiler-10	fixture-kotlin-compiler-10	1	634f1070c869c5f39ed7722d97b19c8976bc7fee623a8cfc705bcdd955e20759	success	200	94948	3f3fd3df372307937afdfd0915ce035266497833c5712760faf456eece659c97	155070		fixture-kotlin-compiler-10	cypher-graph-id-predicate	64	1	fixture-kotlin-compiler-10	1	0	0	1	0	200	1	1	63	1	0
graph-id-function-wrapped-contains-target-59-zero	graph-id	graph-id-function-wrapped-contains	zero	graph-id-function-equals-and-wrapped-contains	graph-routing	properties	200	fixture-kotlin-compiler-11	fixture-kotlin-compiler-11	1	9e1bbfe33d12ec072b828f417bb9dcdab26d7daecb14898f31eb2d73cdaff93c	success	0	147	805c8c7334c868e18e2be84be95b83cc60895722d739c2b164a68be4cd410c49	86211			cypher-graph-id-predicate	64	1	fixture-kotlin-compiler-11	1	0	0	1	0	1	1	1	63	1	0
graph-id-function-wrapped-contains-target-59-targeted	graph-id	graph-id-function-wrapped-contains	targeted	graph-id-function-equals-and-wrapped-contains	graph-routing	properties	200	fixture-kotlin-compiler-11	fixture-kotlin-compiler-11	1	9e1bbfe33d12ec072b828f417bb9dcdab26d7daecb14898f31eb2d73cdaff93c	success	11	6729	3d47749a3f582c73a2df58bf3f9b3beed9c001af5d9bd91af1d30abe76d3f524	106169		fixture-kotlin-compiler-11	cypher-graph-id-predicate	64	1	fixture-kotlin-compiler-11	1	0	0	1	0	11	1	1	63	1	0
graph-id-function-wrapped-contains-target-59-dense	graph-id	graph-id-function-wrapped-contains	dense	graph-id-function-equals-and-wrapped-contains	graph-routing	properties	200	fixture-kotlin-compiler-11	fixture-kotlin-compiler-11	1	9e1bbfe33d12ec072b828f417bb9dcdab26d7daecb14898f31eb2d73cdaff93c	success	200	89429	54106029dd8c0484e4d4612954bdb30eebd525f910018413d1ee09bf2ea5c8ac	173354		fixture-kotlin-compiler-11	cypher-graph-id-predicate	64	1	fixture-kotlin-compiler-11	1	0	0	1	0	200	1	1	63	1	0
graph-id-function-wrapped-contains-target-60-zero	graph-id	graph-id-function-wrapped-contains	zero	graph-id-function-equals-and-wrapped-contains	graph-routing	properties	200	fixture-kotlin-compiler-12	fixture-kotlin-compiler-12	1	45b0266366bbda196d2004ab993b070c325a01ec90b2c254cb7a89f0070e843a	success	0	147	805c8c7334c868e18e2be84be95b83cc60895722d739c2b164a68be4cd410c49	89156			cypher-graph-id-predicate	64	1	fixture-kotlin-compiler-12	1	0	0	1	0	1	1	1	63	1	0
graph-id-function-wrapped-contains-target-60-targeted	graph-id	graph-id-function-wrapped-contains	targeted	graph-id-function-equals-and-wrapped-contains	graph-routing	properties	200	fixture-kotlin-compiler-12	fixture-kotlin-compiler-12	1	45b0266366bbda196d2004ab993b070c325a01ec90b2c254cb7a89f0070e843a	success	13	7599	88379c6b80e2b23974c6b6a1e2c6fc3f3680ec705c71b7cecbc9a2228bf7fa26	95939		fixture-kotlin-compiler-12	cypher-graph-id-predicate	64	1	fixture-kotlin-compiler-12	1	0	0	1	0	13	1	1	63	1	0
graph-id-function-wrapped-contains-target-60-dense	graph-id	graph-id-function-wrapped-contains	dense	graph-id-function-equals-and-wrapped-contains	graph-routing	properties	200	fixture-kotlin-compiler-12	fixture-kotlin-compiler-12	1	45b0266366bbda196d2004ab993b070c325a01ec90b2c254cb7a89f0070e843a	success	200	94040	5d662b90e716477fff887768402c85462026d6042e22f1d7fafdb565b9f9efc8	155972		fixture-kotlin-compiler-12	cypher-graph-id-predicate	64	1	fixture-kotlin-compiler-12	1	0	0	1	0	200	1	1	63	1	0
graph-id-function-wrapped-contains-target-61-zero	graph-id	graph-id-function-wrapped-contains	zero	graph-id-function-equals-and-wrapped-contains	graph-routing	properties	200	fixture-kotlin-compiler-13	fixture-kotlin-compiler-13	1	aedca61396c53e1f40a6a8408974c2e44a02b0dd40978618ab51b02da9ecb430	success	0	147	805c8c7334c868e18e2be84be95b83cc60895722d739c2b164a68be4cd410c49	90749			cypher-graph-id-predicate	64	1	fixture-kotlin-compiler-13	1	0	0	1	0	1	1	1	63	1	0
graph-id-function-wrapped-contains-target-61-targeted	graph-id	graph-id-function-wrapped-contains	targeted	graph-id-function-equals-and-wrapped-contains	graph-routing	properties	200	fixture-kotlin-compiler-13	fixture-kotlin-compiler-13	1	aedca61396c53e1f40a6a8408974c2e44a02b0dd40978618ab51b02da9ecb430	success	8	5180	b6f5bd5828bd66e4f09f8198b509f3673986060cf32e2725dff13d9bcb4d6e9b	89578		fixture-kotlin-compiler-13	cypher-graph-id-predicate	64	1	fixture-kotlin-compiler-13	1	0	0	1	0	8	1	1	63	1	0
graph-id-function-wrapped-contains-target-61-dense	graph-id	graph-id-function-wrapped-contains	dense	graph-id-function-equals-and-wrapped-contains	graph-routing	properties	200	fixture-kotlin-compiler-13	fixture-kotlin-compiler-13	1	aedca61396c53e1f40a6a8408974c2e44a02b0dd40978618ab51b02da9ecb430	success	200	93638	00f9fdf9bf9dc94ccc0d67b35cb45c01a8e623cfaedfdb70da1cc1bfa69daf82	154108		fixture-kotlin-compiler-13	cypher-graph-id-predicate	64	1	fixture-kotlin-compiler-13	1	0	0	1	0	200	1	1	63	1	0
graph-id-function-wrapped-contains-target-62-zero	graph-id	graph-id-function-wrapped-contains	zero	graph-id-function-equals-and-wrapped-contains	graph-routing	properties	200	fixture-kotlin-compiler-14	fixture-kotlin-compiler-14	1	7f28ad9f946e8d01109ca70944e08883f52dd5c6cb287fa2d5fade1909b610b0	success	0	147	805c8c7334c868e18e2be84be95b83cc60895722d739c2b164a68be4cd410c49	87874			cypher-graph-id-predicate	64	1	fixture-kotlin-compiler-14	1	0	0	1	0	1	1	1	63	1	0
graph-id-function-wrapped-contains-target-62-targeted	graph-id	graph-id-function-wrapped-contains	targeted	graph-id-function-equals-and-wrapped-contains	graph-routing	properties	200	fixture-kotlin-compiler-14	fixture-kotlin-compiler-14	1	7f28ad9f946e8d01109ca70944e08883f52dd5c6cb287fa2d5fade1909b610b0	success	1	877	f04b3035acb1285487cb68f126c796fd316b35c6ce630f1e71efd88436bf28f2	87183		fixture-kotlin-compiler-14	cypher-graph-id-predicate	64	1	fixture-kotlin-compiler-14	1	0	0	1	0	1	1	1	63	1	0
graph-id-function-wrapped-contains-target-62-dense	graph-id	graph-id-function-wrapped-contains	dense	graph-id-function-equals-and-wrapped-contains	graph-routing	properties	200	fixture-kotlin-compiler-14	fixture-kotlin-compiler-14	1	7f28ad9f946e8d01109ca70944e08883f52dd5c6cb287fa2d5fade1909b610b0	success	200	97449	f19574ac46a01dafc16136d9e8c4835b8d40c72753078eb8a67a1d7d438dd937	165460		fixture-kotlin-compiler-14	cypher-graph-id-predicate	64	1	fixture-kotlin-compiler-14	1	0	0	1	0	200	1	1	63	1	0
graph-id-function-wrapped-contains-target-63-zero	graph-id	graph-id-function-wrapped-contains	zero	graph-id-function-equals-and-wrapped-contains	graph-routing	properties	200	fixture-kotlin-compiler-15	fixture-kotlin-compiler-15	1	86015e396789c5c1cf86d1df3b0b97987a7b461bfcfb129491f3d758793d1d65	success	0	147	805c8c7334c868e18e2be84be95b83cc60895722d739c2b164a68be4cd410c49	85239			cypher-graph-id-predicate	64	1	fixture-kotlin-compiler-15	1	0	0	1	0	1	1	1	63	1	0
graph-id-function-wrapped-contains-target-63-targeted	graph-id	graph-id-function-wrapped-contains	targeted	graph-id-function-equals-and-wrapped-contains	graph-routing	properties	200	fixture-kotlin-compiler-15	fixture-kotlin-compiler-15	1	86015e396789c5c1cf86d1df3b0b97987a7b461bfcfb129491f3d758793d1d65	success	1	778	1734729b6952d2a8eff267ca86b458aa4fd5e0c703c1fa60dd66478cd3c49356	90379		fixture-kotlin-compiler-15	cypher-graph-id-predicate	64	1	fixture-kotlin-compiler-15	1	0	0	1	0	1	1	1	63	1	0
graph-id-function-wrapped-contains-target-63-dense	graph-id	graph-id-function-wrapped-contains	dense	graph-id-function-equals-and-wrapped-contains	graph-routing	properties	200	fixture-kotlin-compiler-15	fixture-kotlin-compiler-15	1	86015e396789c5c1cf86d1df3b0b97987a7b461bfcfb129491f3d758793d1d65	success	200	91412	082721be4b0e9234c67505fe172c638dcb4ef8924db9c6264a191473dfc4e443	148878		fixture-kotlin-compiler-15	cypher-graph-id-predicate	64	1	fixture-kotlin-compiler-15	1	0	0	1	0	200	1	1	63	1	0
graph-id-parameter-wrapped-contains-target-00-zero	graph-id	graph-id-parameter-wrapped-contains	zero	graph-id-parameter-equals-and-wrapped-contains	parameters	properties	200	fixture-android-00	fixture-android-00	1	47c5f2f8275ab2447995a1b45a36cd5b0b70e258e0f75934abd1f0cef5c2b93e	success	0	147	805c8c7334c868e18e2be84be95b83cc60895722d739c2b164a68be4cd410c49	157174			cypher-graph-id-predicate	64	1	fixture-android-00	1	0	0	1	0	1	1	1	63	1	0
graph-id-parameter-wrapped-contains-target-00-targeted	graph-id	graph-id-parameter-wrapped-contains	targeted	graph-id-parameter-equals-and-wrapped-contains	parameters	properties	200	fixture-android-00	fixture-android-00	1	47c5f2f8275ab2447995a1b45a36cd5b0b70e258e0f75934abd1f0cef5c2b93e	success	10	5730	00c81103244dc6d42abdc3894d771e5a24957dcf7e5ad4d8dc686b1d7e0cb89e	107972		fixture-android-00	cypher-graph-id-predicate	64	1	fixture-android-00	1	0	0	1	0	10	1	1	63	1	0
graph-id-parameter-wrapped-contains-target-00-dense	graph-id	graph-id-parameter-wrapped-contains	dense	graph-id-parameter-equals-and-wrapped-contains	parameters	properties	200	fixture-android-00	fixture-android-00	1	47c5f2f8275ab2447995a1b45a36cd5b0b70e258e0f75934abd1f0cef5c2b93e	success	200	84411	3bdee68309e62bee93f47848258ded90b1763d55841fa57d8b8fd21867653c44	161753		fixture-android-00	cypher-graph-id-predicate	64	1	fixture-android-00	1	0	0	1	0	200	1	1	63	1	0
graph-id-parameter-wrapped-contains-target-01-zero	graph-id	graph-id-parameter-wrapped-contains	zero	graph-id-parameter-equals-and-wrapped-contains	parameters	properties	200	fixture-android-01	fixture-android-01	1	e4528616b87301f557512ab9d9e4e598561300f98d2e85100725c35158534ecc	success	0	147	805c8c7334c868e18e2be84be95b83cc60895722d739c2b164a68be4cd410c49	90350			cypher-graph-id-predicate	64	1	fixture-android-01	1	0	0	1	0	1	1	1	63	1	0
graph-id-parameter-wrapped-contains-target-01-targeted	graph-id	graph-id-parameter-wrapped-contains	targeted	graph-id-parameter-equals-and-wrapped-contains	parameters	properties	200	fixture-android-01	fixture-android-01	1	e4528616b87301f557512ab9d9e4e598561300f98d2e85100725c35158534ecc	success	1	758	b33173a678013ac093c95f3fccc5cd5af96ea18082387e1fc872de4817e234b2	109294		fixture-android-01	cypher-graph-id-predicate	64	1	fixture-android-01	1	0	0	1	0	1	1	1	63	1	0
graph-id-parameter-wrapped-contains-target-01-dense	graph-id	graph-id-parameter-wrapped-contains	dense	graph-id-parameter-equals-and-wrapped-contains	parameters	properties	200	fixture-android-01	fixture-android-01	1	e4528616b87301f557512ab9d9e4e598561300f98d2e85100725c35158534ecc	success	200	84093	d9daf98f04e06930dfeb91ddd4e8ae597b8f9154e54ac1018db6a25ea8ddd84f	150181		fixture-android-01	cypher-graph-id-predicate	64	1	fixture-android-01	1	0	0	1	0	200	1	1	63	1	0
graph-id-parameter-wrapped-contains-target-02-zero	graph-id	graph-id-parameter-wrapped-contains	zero	graph-id-parameter-equals-and-wrapped-contains	parameters	properties	200	fixture-android-02	fixture-android-02	1	1a026780ab945a978bf2d821f0728dd8a679a4b4838c8a3b7703d006d3fae584	success	0	147	805c8c7334c868e18e2be84be95b83cc60895722d739c2b164a68be4cd410c49	129432			cypher-graph-id-predicate	64	1	fixture-android-02	1	0	0	1	0	1	1	1	63	1	0
graph-id-parameter-wrapped-contains-target-02-targeted	graph-id	graph-id-parameter-wrapped-contains	targeted	graph-id-parameter-equals-and-wrapped-contains	parameters	properties	200	fixture-android-02	fixture-android-02	1	1a026780ab945a978bf2d821f0728dd8a679a4b4838c8a3b7703d006d3fae584	success	9	5751	0754b66fd035110585cc31e6af555127395a9cd85c413f0a859de6b596c3b70d	89127		fixture-android-02	cypher-graph-id-predicate	64	1	fixture-android-02	1	0	0	1	0	9	1	1	63	1	0
graph-id-parameter-wrapped-contains-target-02-dense	graph-id	graph-id-parameter-wrapped-contains	dense	graph-id-parameter-equals-and-wrapped-contains	parameters	properties	200	fixture-android-02	fixture-android-02	1	1a026780ab945a978bf2d821f0728dd8a679a4b4838c8a3b7703d006d3fae584	success	200	86930	a289774d080329d12351d967c614eae9b16190b55970a757b1f268e21aee3975	139561		fixture-android-02	cypher-graph-id-predicate	64	1	fixture-android-02	1	0	0	1	0	200	1	1	63	1	0
graph-id-parameter-wrapped-contains-target-03-zero	graph-id	graph-id-parameter-wrapped-contains	zero	graph-id-parameter-equals-and-wrapped-contains	parameters	properties	200	fixture-android-03	fixture-android-03	1	3a085dec137def84e2f0fd6c417ca6216ad5c22c415250ab8d225957a37eb876	success	0	147	805c8c7334c868e18e2be84be95b83cc60895722d739c2b164a68be4cd410c49	72195			cypher-graph-id-predicate	64	1	fixture-android-03	1	0	0	1	0	1	1	1	63	1	0
graph-id-parameter-wrapped-contains-target-03-targeted	graph-id	graph-id-parameter-wrapped-contains	targeted	graph-id-parameter-equals-and-wrapped-contains	parameters	properties	200	fixture-android-03	fixture-android-03	1	3a085dec137def84e2f0fd6c417ca6216ad5c22c415250ab8d225957a37eb876	success	2	1333	77f2da9b0b5a99e6332b957b281149f5e269d152177e36aaa74e86db4bc23bf9	81944		fixture-android-03	cypher-graph-id-predicate	64	1	fixture-android-03	1	0	0	1	0	2	1	1	63	1	0
graph-id-parameter-wrapped-contains-target-03-dense	graph-id	graph-id-parameter-wrapped-contains	dense	graph-id-parameter-equals-and-wrapped-contains	parameters	properties	200	fixture-android-03	fixture-android-03	1	3a085dec137def84e2f0fd6c417ca6216ad5c22c415250ab8d225957a37eb876	success	200	85151	08fbf5fde8e917175e0dca625983535621218120265897bdd0781fe99669b859	160019		fixture-android-03	cypher-graph-id-predicate	64	1	fixture-android-03	1	0	0	1	0	200	1	1	63	1	0
graph-id-parameter-wrapped-contains-target-04-zero	graph-id	graph-id-parameter-wrapped-contains	zero	graph-id-parameter-equals-and-wrapped-contains	parameters	properties	200	fixture-android-04	fixture-android-04	1	72b2db3813782b7057457474cb692d1ab65cbced9ccd76e7a6348806a1a0fdd6	success	0	147	805c8c7334c868e18e2be84be95b83cc60895722d739c2b164a68be4cd410c49	75421			cypher-graph-id-predicate	64	1	fixture-android-04	1	0	0	1	0	1	1	1	63	1	0
graph-id-parameter-wrapped-contains-target-04-targeted	graph-id	graph-id-parameter-wrapped-contains	targeted	graph-id-parameter-equals-and-wrapped-contains	parameters	properties	200	fixture-android-04	fixture-android-04	1	72b2db3813782b7057457474cb692d1ab65cbced9ccd76e7a6348806a1a0fdd6	success	9	5762	527d81de9e8ca9f5fe9ad0166e1e1711fbccaf3c53281e7e95375f6d55e3a3c7	93305		fixture-android-04	cypher-graph-id-predicate	64	1	fixture-android-04	1	0	0	1	0	9	1	1	63	1	0
graph-id-parameter-wrapped-contains-target-04-dense	graph-id	graph-id-parameter-wrapped-contains	dense	graph-id-parameter-equals-and-wrapped-contains	parameters	properties	200	fixture-android-04	fixture-android-04	1	72b2db3813782b7057457474cb692d1ab65cbced9ccd76e7a6348806a1a0fdd6	success	200	86152	85d9bac3392391ae56f1f03af81d888f398336c8e33a1ef1e42c5409f746f730	205716		fixture-android-04	cypher-graph-id-predicate	64	1	fixture-android-04	1	0	0	1	0	200	1	1	63	1	0
graph-id-parameter-wrapped-contains-target-05-zero	graph-id	graph-id-parameter-wrapped-contains	zero	graph-id-parameter-equals-and-wrapped-contains	parameters	properties	200	fixture-android-05	fixture-android-05	1	9ccc65db4edf2ad696714957f6291e11ba1a158b062c135b909367736aa1cb91	success	0	147	805c8c7334c868e18e2be84be95b83cc60895722d739c2b164a68be4cd410c49	105727			cypher-graph-id-predicate	64	1	fixture-android-05	1	0	0	1	0	1	1	1	63	1	0
graph-id-parameter-wrapped-contains-target-05-targeted	graph-id	graph-id-parameter-wrapped-contains	targeted	graph-id-parameter-equals-and-wrapped-contains	parameters	properties	200	fixture-android-05	fixture-android-05	1	9ccc65db4edf2ad696714957f6291e11ba1a158b062c135b909367736aa1cb91	success	9	5751	48fbef6ae3373a73cfbd3690497aae4d0773c2f4ddadb5d217061398978bcac5	123631		fixture-android-05	cypher-graph-id-predicate	64	1	fixture-android-05	1	0	0	1	0	9	1	1	63	1	0
graph-id-parameter-wrapped-contains-target-05-dense	graph-id	graph-id-parameter-wrapped-contains	dense	graph-id-parameter-equals-and-wrapped-contains	parameters	properties	200	fixture-android-05	fixture-android-05	1	9ccc65db4edf2ad696714957f6291e11ba1a158b062c135b909367736aa1cb91	success	200	90860	57ae61ccbdbf1e83a9ab8de2923c4ac26bcc634ed53a2f1c1a3ee3682afe8cd8	163627		fixture-android-05	cypher-graph-id-predicate	64	1	fixture-android-05	1	0	0	1	0	200	1	1	63	1	0
graph-id-parameter-wrapped-contains-target-06-zero	graph-id	graph-id-parameter-wrapped-contains	zero	graph-id-parameter-equals-and-wrapped-contains	parameters	properties	200	fixture-android-06	fixture-android-06	1	aef2397f89755e0b59e944f9b6062fb5611eea3ea4b05762643e082168bd9526	success	0	147	805c8c7334c868e18e2be84be95b83cc60895722d739c2b164a68be4cd410c49	93305			cypher-graph-id-predicate	64	1	fixture-android-06	1	0	0	1	0	1	1	1	63	1	0
graph-id-parameter-wrapped-contains-target-06-targeted	graph-id	graph-id-parameter-wrapped-contains	targeted	graph-id-parameter-equals-and-wrapped-contains	parameters	properties	200	fixture-android-06	fixture-android-06	1	aef2397f89755e0b59e944f9b6062fb5611eea3ea4b05762643e082168bd9526	success	1	734	2c8962bfda6df26238f145f32f089e1ccdb69cc26ea9c2fde590f543638ba060	93445		fixture-android-06	cypher-graph-id-predicate	64	1	fixture-android-06	1	0	0	1	0	1	1	1	63	1	0
graph-id-parameter-wrapped-contains-target-06-dense	graph-id	graph-id-parameter-wrapped-contains	dense	graph-id-parameter-equals-and-wrapped-contains	parameters	properties	200	fixture-android-06	fixture-android-06	1	aef2397f89755e0b59e944f9b6062fb5611eea3ea4b05762643e082168bd9526	success	200	83941	f7f169fb4cd9a2408b058d9e03502907fe0d9372ba70f2f3749aeaffa464e292	153698		fixture-android-06	cypher-graph-id-predicate	64	1	fixture-android-06	1	0	0	1	0	200	1	1	63	1	0
graph-id-parameter-wrapped-contains-target-07-zero	graph-id	graph-id-parameter-wrapped-contains	zero	graph-id-parameter-equals-and-wrapped-contains	parameters	properties	200	fixture-android-07	fixture-android-07	1	2884fe5070e6e70bd2c44e54af37c56e2cfd19343a8721d5b36093d7d1db0f7d	success	0	147	805c8c7334c868e18e2be84be95b83cc60895722d739c2b164a68be4cd410c49	120476			cypher-graph-id-predicate	64	1	fixture-android-07	1	0	0	1	0	1	1	1	63	1	0
graph-id-parameter-wrapped-contains-target-07-targeted	graph-id	graph-id-parameter-wrapped-contains	targeted	graph-id-parameter-equals-and-wrapped-contains	parameters	properties	200	fixture-android-07	fixture-android-07	1	2884fe5070e6e70bd2c44e54af37c56e2cfd19343a8721d5b36093d7d1db0f7d	success	1	762	d5674d7adcd2d58f93c5f2849f690003bc45d523850181c23ceaa0aacd7e6709	87614		fixture-android-07	cypher-graph-id-predicate	64	1	fixture-android-07	1	0	0	1	0	1	1	1	63	1	0
graph-id-parameter-wrapped-contains-target-07-dense	graph-id	graph-id-parameter-wrapped-contains	dense	graph-id-parameter-equals-and-wrapped-contains	parameters	properties	200	fixture-android-07	fixture-android-07	1	2884fe5070e6e70bd2c44e54af37c56e2cfd19343a8721d5b36093d7d1db0f7d	success	200	84999	35604ee2a3d19ee64c97fa99f4be154714c60028f948c7a23f75b925d4520a5d	150852		fixture-android-07	cypher-graph-id-predicate	64	1	fixture-android-07	1	0	0	1	0	200	1	1	63	1	0
graph-id-parameter-wrapped-contains-target-08-zero	graph-id	graph-id-parameter-wrapped-contains	zero	graph-id-parameter-equals-and-wrapped-contains	parameters	properties	200	fixture-android-08	fixture-android-08	1	25fcd87fe0d089932a1b7f325e822252e3042b73178c7aa80e1c0d12bcef2e47	success	0	147	805c8c7334c868e18e2be84be95b83cc60895722d739c2b164a68be4cd410c49	89768			cypher-graph-id-predicate	64	1	fixture-android-08	1	0	0	1	0	1	1	1	63	1	0
graph-id-parameter-wrapped-contains-target-08-targeted	graph-id	graph-id-parameter-wrapped-contains	targeted	graph-id-parameter-equals-and-wrapped-contains	parameters	properties	200	fixture-android-08	fixture-android-08	1	25fcd87fe0d089932a1b7f325e822252e3042b73178c7aa80e1c0d12bcef2e47	success	2	1322	4b49b28d836e57c2c3f8d43a93acd00a93b169fcd603338f9ab350f541e9665c	89407		fixture-android-08	cypher-graph-id-predicate	64	1	fixture-android-08	1	0	0	1	0	2	1	1	63	1	0
graph-id-parameter-wrapped-contains-target-08-dense	graph-id	graph-id-parameter-wrapped-contains	dense	graph-id-parameter-equals-and-wrapped-contains	parameters	properties	200	fixture-android-08	fixture-android-08	1	25fcd87fe0d089932a1b7f325e822252e3042b73178c7aa80e1c0d12bcef2e47	success	200	85531	ed34441ff634f19c276911a1fa193106a9070fde1065b57fc7ec71132b8d5f66	162554		fixture-android-08	cypher-graph-id-predicate	64	1	fixture-android-08	1	0	0	1	0	200	1	1	63	1	0
graph-id-parameter-wrapped-contains-target-09-zero	graph-id	graph-id-parameter-wrapped-contains	zero	graph-id-parameter-equals-and-wrapped-contains	parameters	properties	200	fixture-android-09	fixture-android-09	1	976770abc561e74e52c74c7f3b827fe70800ef502defdde9a4fa534aa511bd33	success	0	147	805c8c7334c868e18e2be84be95b83cc60895722d739c2b164a68be4cd410c49	88726			cypher-graph-id-predicate	64	1	fixture-android-09	1	0	0	1	0	1	1	1	63	1	0
graph-id-parameter-wrapped-contains-target-09-targeted	graph-id	graph-id-parameter-wrapped-contains	targeted	graph-id-parameter-equals-and-wrapped-contains	parameters	properties	200	fixture-android-09	fixture-android-09	1	976770abc561e74e52c74c7f3b827fe70800ef502defdde9a4fa534aa511bd33	success	1	758	cd83129b7654f9c1ac40c94032a03833f5b559e4d6d903ce58c899d274674334	90459		fixture-android-09	cypher-graph-id-predicate	64	1	fixture-android-09	1	0	0	1	0	1	1	1	63	1	0
graph-id-parameter-wrapped-contains-target-09-dense	graph-id	graph-id-parameter-wrapped-contains	dense	graph-id-parameter-equals-and-wrapped-contains	parameters	properties	200	fixture-android-09	fixture-android-09	1	976770abc561e74e52c74c7f3b827fe70800ef502defdde9a4fa534aa511bd33	success	200	84710	8302a9dc08d5cf465b56333dad5757a62c24d743692acbdbf8e81919ebd097a0	153998		fixture-android-09	cypher-graph-id-predicate	64	1	fixture-android-09	1	0	0	1	0	200	1	1	63	1	0
graph-id-parameter-wrapped-contains-target-10-zero	graph-id	graph-id-parameter-wrapped-contains	zero	graph-id-parameter-equals-and-wrapped-contains	parameters	properties	200	fixture-android-10	fixture-android-10	1	b80280988a4b3197bdd2348d3550b46e5d99e01f6e4a1abcb8668612b4a7bcf1	success	0	147	805c8c7334c868e18e2be84be95b83cc60895722d739c2b164a68be4cd410c49	85691			cypher-graph-id-predicate	64	1	fixture-android-10	1	0	0	1	0	1	1	1	63	1	0
graph-id-parameter-wrapped-contains-target-10-targeted	graph-id	graph-id-parameter-wrapped-contains	targeted	graph-id-parameter-equals-and-wrapped-contains	parameters	properties	200	fixture-android-10	fixture-android-10	1	b80280988a4b3197bdd2348d3550b46e5d99e01f6e4a1abcb8668612b4a7bcf1	success	1	821	f3f4d5fb39ff9fde7dcf6d88e4f52bcc4c277ed98626ccca0b17c4ddbb20b035	86041		fixture-android-10	cypher-graph-id-predicate	64	1	fixture-android-10	1	0	0	1	0	1	1	1	63	1	0
graph-id-parameter-wrapped-contains-target-10-dense	graph-id	graph-id-parameter-wrapped-contains	dense	graph-id-parameter-equals-and-wrapped-contains	parameters	properties	200	fixture-android-10	fixture-android-10	1	b80280988a4b3197bdd2348d3550b46e5d99e01f6e4a1abcb8668612b4a7bcf1	success	200	86914	eec30bd784e53b80ccd384559e9d1f853b8152ad8db90ad1f27d391bf03fc0d8	142967		fixture-android-10	cypher-graph-id-predicate	64	1	fixture-android-10	1	0	0	1	0	200	1	1	63	1	0
graph-id-parameter-wrapped-contains-target-11-zero	graph-id	graph-id-parameter-wrapped-contains	zero	graph-id-parameter-equals-and-wrapped-contains	parameters	properties	200	fixture-android-11	fixture-android-11	1	ff7c9f064acf1b8f0c7104242efebdb73dfcc6db0739150c3d56bcc4ebbfb47f	success	0	147	805c8c7334c868e18e2be84be95b83cc60895722d739c2b164a68be4cd410c49	90980			cypher-graph-id-predicate	64	1	fixture-android-11	1	0	0	1	0	1	1	1	63	1	0
graph-id-parameter-wrapped-contains-target-11-targeted	graph-id	graph-id-parameter-wrapped-contains	targeted	graph-id-parameter-equals-and-wrapped-contains	parameters	properties	200	fixture-android-11	fixture-android-11	1	ff7c9f064acf1b8f0c7104242efebdb73dfcc6db0739150c3d56bcc4ebbfb47f	success	1	758	f8ea31527e372a7d8e0f896bc894b97d788067aa20d0af371a4239382f72a4d1	94777		fixture-android-11	cypher-graph-id-predicate	64	1	fixture-android-11	1	0	0	1	0	1	1	1	63	1	0
graph-id-parameter-wrapped-contains-target-11-dense	graph-id	graph-id-parameter-wrapped-contains	dense	graph-id-parameter-equals-and-wrapped-contains	parameters	properties	200	fixture-android-11	fixture-android-11	1	ff7c9f064acf1b8f0c7104242efebdb73dfcc6db0739150c3d56bcc4ebbfb47f	success	200	84862	36598e3ab73085dce50e849dda8b6a32b1088eab3f02f052e9536f16613b5d4b	158627		fixture-android-11	cypher-graph-id-predicate	64	1	fixture-android-11	1	0	0	1	0	200	1	1	63	1	0
graph-id-parameter-wrapped-contains-target-12-zero	graph-id	graph-id-parameter-wrapped-contains	zero	graph-id-parameter-equals-and-wrapped-contains	parameters	properties	200	fixture-android-12	fixture-android-12	1	fbfd92bdb617f8eef3c84ce77e1116d4f0d1116a40b9fc543770c1a430e829ec	success	0	147	805c8c7334c868e18e2be84be95b83cc60895722d739c2b164a68be4cd410c49	90399			cypher-graph-id-predicate	64	1	fixture-android-12	1	0	0	1	0	1	1	1	63	1	0
graph-id-parameter-wrapped-contains-target-12-targeted	graph-id	graph-id-parameter-wrapped-contains	targeted	graph-id-parameter-equals-and-wrapped-contains	parameters	properties	200	fixture-android-12	fixture-android-12	1	fbfd92bdb617f8eef3c84ce77e1116d4f0d1116a40b9fc543770c1a430e829ec	success	2	1348	569ba2c2d8626f5c6804b713aa9f9bd5155648246e0bb082ab37cf407a3ccee9	88205		fixture-android-12	cypher-graph-id-predicate	64	1	fixture-android-12	1	0	0	1	0	2	1	1	63	1	0
graph-id-parameter-wrapped-contains-target-12-dense	graph-id	graph-id-parameter-wrapped-contains	dense	graph-id-parameter-equals-and-wrapped-contains	parameters	properties	200	fixture-android-12	fixture-android-12	1	fbfd92bdb617f8eef3c84ce77e1116d4f0d1116a40b9fc543770c1a430e829ec	success	200	85894	f22afa8ccaad259750ce50e850502822308b2565f707f284de32cd44d5ef328a	156944		fixture-android-12	cypher-graph-id-predicate	64	1	fixture-android-12	1	0	0	1	0	200	1	1	63	1	0
graph-id-parameter-wrapped-contains-target-13-zero	graph-id	graph-id-parameter-wrapped-contains	zero	graph-id-parameter-equals-and-wrapped-contains	parameters	properties	200	fixture-android-13	fixture-android-13	1	99b23d6e37ddba640f96acd0d7b903185c9b38cc0e6df93374f9fe569bbc4c38	success	0	147	805c8c7334c868e18e2be84be95b83cc60895722d739c2b164a68be4cd410c49	88505			cypher-graph-id-predicate	64	1	fixture-android-13	1	0	0	1	0	1	1	1	63	1	0
graph-id-parameter-wrapped-contains-target-13-targeted	graph-id	graph-id-parameter-wrapped-contains	targeted	graph-id-parameter-equals-and-wrapped-contains	parameters	properties	200	fixture-android-13	fixture-android-13	1	99b23d6e37ddba640f96acd0d7b903185c9b38cc0e6df93374f9fe569bbc4c38	success	5	2824	ebb699b5b0554cc639408add00ca9d9aae37f3553c5e6ea606cb7e66e171933f	88195		fixture-android-13	cypher-graph-id-predicate	64	1	fixture-android-13	1	0	0	1	0	5	1	1	63	1	0
graph-id-parameter-wrapped-contains-target-13-dense	graph-id	graph-id-parameter-wrapped-contains	dense	graph-id-parameter-equals-and-wrapped-contains	parameters	properties	200	fixture-android-13	fixture-android-13	1	99b23d6e37ddba640f96acd0d7b903185c9b38cc0e6df93374f9fe569bbc4c38	success	200	86344	2e714969993f2a86ba5c715dc52b2c7d6dbaed9b2320da2399ecdf29ec9f1e4e	183283		fixture-android-13	cypher-graph-id-predicate	64	1	fixture-android-13	1	0	0	1	0	200	1	1	63	1	0
graph-id-parameter-wrapped-contains-target-14-zero	graph-id	graph-id-parameter-wrapped-contains	zero	graph-id-parameter-equals-and-wrapped-contains	parameters	properties	200	fixture-android-14	fixture-android-14	1	caf42d54ef3437f216c963929327ed5ef3f52ce080fa2be4c3305c2370617ab1	success	0	147	805c8c7334c868e18e2be84be95b83cc60895722d739c2b164a68be4cd410c49	95889			cypher-graph-id-predicate	64	1	fixture-android-14	1	0	0	1	0	1	1	1	63	1	0
graph-id-parameter-wrapped-contains-target-14-targeted	graph-id	graph-id-parameter-wrapped-contains	targeted	graph-id-parameter-equals-and-wrapped-contains	parameters	properties	200	fixture-android-14	fixture-android-14	1	caf42d54ef3437f216c963929327ed5ef3f52ce080fa2be4c3305c2370617ab1	success	3	1887	cfce92c06f8a0a93444f0ec3592aad57c255799cc7a1286e673f5c8cc3173d20	99837		fixture-android-14	cypher-graph-id-predicate	64	1	fixture-android-14	1	0	0	1	0	3	1	1	63	1	0
graph-id-parameter-wrapped-contains-target-14-dense	graph-id	graph-id-parameter-wrapped-contains	dense	graph-id-parameter-equals-and-wrapped-contains	parameters	properties	200	fixture-android-14	fixture-android-14	1	caf42d54ef3437f216c963929327ed5ef3f52ce080fa2be4c3305c2370617ab1	success	200	88102	f384f54b9e0494c603dd9e83eb2ca0ad0386a359a2e1d6a356e225c072977e41	164979		fixture-android-14	cypher-graph-id-predicate	64	1	fixture-android-14	1	0	0	1	0	200	1	1	63	1	0
graph-id-parameter-wrapped-contains-target-15-zero	graph-id	graph-id-parameter-wrapped-contains	zero	graph-id-parameter-equals-and-wrapped-contains	parameters	properties	200	fixture-android-15	fixture-android-15	1	396286291622042417a1e42f88e1a07f9e973d88a4b45b59c7408d3e8fe8e4cd	success	0	147	805c8c7334c868e18e2be84be95b83cc60895722d739c2b164a68be4cd410c49	96160			cypher-graph-id-predicate	64	1	fixture-android-15	1	0	0	1	0	1	1	1	63	1	0
graph-id-parameter-wrapped-contains-target-15-targeted	graph-id	graph-id-parameter-wrapped-contains	targeted	graph-id-parameter-equals-and-wrapped-contains	parameters	properties	200	fixture-android-15	fixture-android-15	1	396286291622042417a1e42f88e1a07f9e973d88a4b45b59c7408d3e8fe8e4cd	success	1	765	ae20f86c5a0d43140079bdbb52041ad145178823d6189b8171bbe58dc0d82dcc	89478		fixture-android-15	cypher-graph-id-predicate	64	1	fixture-android-15	1	0	0	1	0	1	1	1	63	1	0
graph-id-parameter-wrapped-contains-target-15-dense	graph-id	graph-id-parameter-wrapped-contains	dense	graph-id-parameter-equals-and-wrapped-contains	parameters	properties	200	fixture-android-15	fixture-android-15	1	396286291622042417a1e42f88e1a07f9e973d88a4b45b59c7408d3e8fe8e4cd	success	200	82358	6db1e45464dd1e42fc627a3ee68393b586d132e4817f87f1da72cb180e7925bb	164288		fixture-android-15	cypher-graph-id-predicate	64	1	fixture-android-15	1	0	0	1	0	200	1	1	63	1	0
graph-id-parameter-wrapped-contains-target-16-zero	graph-id	graph-id-parameter-wrapped-contains	zero	graph-id-parameter-equals-and-wrapped-contains	parameters	properties	200	fixture-tika-00	fixture-tika-00	1	3ffa856892be3e0263f2c72254cefdb4bafce48e10eea2a8426b6af88f144658	success	0	147	805c8c7334c868e18e2be84be95b83cc60895722d739c2b164a68be4cd410c49	98805			cypher-graph-id-predicate	64	1	fixture-tika-00	1	0	0	1	0	1	1	1	63	1	0
graph-id-parameter-wrapped-contains-target-16-targeted	graph-id	graph-id-parameter-wrapped-contains	targeted	graph-id-parameter-equals-and-wrapped-contains	parameters	properties	200	fixture-tika-00	fixture-tika-00	1	3ffa856892be3e0263f2c72254cefdb4bafce48e10eea2a8426b6af88f144658	success	1	771	41ad9b5110585bc89df35b9d0a0c6bd66daaf6c239b4212552d078b2f2a28c34	85510		fixture-tika-00	cypher-graph-id-predicate	64	1	fixture-tika-00	1	0	0	1	0	1	1	1	63	1	0
graph-id-parameter-wrapped-contains-target-16-dense	graph-id	graph-id-parameter-wrapped-contains	dense	graph-id-parameter-equals-and-wrapped-contains	parameters	properties	200	fixture-tika-00	fixture-tika-00	1	3ffa856892be3e0263f2c72254cefdb4bafce48e10eea2a8426b6af88f144658	success	200	94237	51b180cd96740a311cc61165baa84cc05517b2f28ac6c70debc25f8e14514414	163646		fixture-tika-00	cypher-graph-id-predicate	64	1	fixture-tika-00	1	0	0	1	0	200	1	1	63	1	0
graph-id-parameter-wrapped-contains-target-17-zero	graph-id	graph-id-parameter-wrapped-contains	zero	graph-id-parameter-equals-and-wrapped-contains	parameters	properties	200	fixture-tika-01	fixture-tika-01	1	5bd11253ba6bcbac28c2d0805dbd50585f63593fbbabbc299bce9c8b5e4238f0	success	0	147	805c8c7334c868e18e2be84be95b83cc60895722d739c2b164a68be4cd410c49	100549			cypher-graph-id-predicate	64	1	fixture-tika-01	1	0	0	1	0	1	1	1	63	1	0
graph-id-parameter-wrapped-contains-target-17-targeted	graph-id	graph-id-parameter-wrapped-contains	targeted	graph-id-parameter-equals-and-wrapped-contains	parameters	properties	200	fixture-tika-01	fixture-tika-01	1	5bd11253ba6bcbac28c2d0805dbd50585f63593fbbabbc299bce9c8b5e4238f0	success	5	2976	7d286938fe2f40cd4cb86cd26be11c3221bfff86202fa9b705bdc1c77967743f	89998		fixture-tika-01	cypher-graph-id-predicate	64	1	fixture-tika-01	1	0	0	1	0	5	1	1	63	1	0
graph-id-parameter-wrapped-contains-target-17-dense	graph-id	graph-id-parameter-wrapped-contains	dense	graph-id-parameter-equals-and-wrapped-contains	parameters	properties	200	fixture-tika-01	fixture-tika-01	1	5bd11253ba6bcbac28c2d0805dbd50585f63593fbbabbc299bce9c8b5e4238f0	success	200	92381	87c915d88746be4a40b85e67e7de71966365a455358cc138185e5c1f5bcf1251	171742		fixture-tika-01	cypher-graph-id-predicate	64	1	fixture-tika-01	1	0	0	1	0	200	1	1	63	1	0
graph-id-parameter-wrapped-contains-target-18-zero	graph-id	graph-id-parameter-wrapped-contains	zero	graph-id-parameter-equals-and-wrapped-contains	parameters	properties	200	fixture-tika-02	fixture-tika-02	1	4f53553340fcd09378fe28c9d287d1bd3c78d0e5004534ad87493f082178a0db	success	0	147	805c8c7334c868e18e2be84be95b83cc60895722d739c2b164a68be4cd410c49	100357			cypher-graph-id-predicate	64	1	fixture-tika-02	1	0	0	1	0	1	1	1	63	1	0
graph-id-parameter-wrapped-contains-target-18-targeted	graph-id	graph-id-parameter-wrapped-contains	targeted	graph-id-parameter-equals-and-wrapped-contains	parameters	properties	200	fixture-tika-02	fixture-tika-02	1	4f53553340fcd09378fe28c9d287d1bd3c78d0e5004534ad87493f082178a0db	success	12	6781	abf0682228739bdef1eb0d4b5b1449d7697f9412e644bd07a974f6e04213652e	94316		fixture-tika-02	cypher-graph-id-predicate	64	1	fixture-tika-02	1	0	0	1	0	12	1	1	63	1	0
graph-id-parameter-wrapped-contains-target-18-dense	graph-id	graph-id-parameter-wrapped-contains	dense	graph-id-parameter-equals-and-wrapped-contains	parameters	properties	200	fixture-tika-02	fixture-tika-02	1	4f53553340fcd09378fe28c9d287d1bd3c78d0e5004534ad87493f082178a0db	success	200	95198	7d65fbc43e0cf8a1d4323c709e6963c32bdea3f389f5b683f619eee1fd79dc90	173004		fixture-tika-02	cypher-graph-id-predicate	64	1	fixture-tika-02	1	0	0	1	0	200	1	1	63	1	0
graph-id-parameter-wrapped-contains-target-19-zero	graph-id	graph-id-parameter-wrapped-contains	zero	graph-id-parameter-equals-and-wrapped-contains	parameters	properties	200	fixture-tika-03	fixture-tika-03	1	e68986e5919884640710cc61d8f44310a6d888f55992390edbcc7ae70b8b8fa8	success	0	147	805c8c7334c868e18e2be84be95b83cc60895722d739c2b164a68be4cd410c49	98274			cypher-graph-id-predicate	64	1	fixture-tika-03	1	0	0	1	0	1	1	1	63	1	0
graph-id-parameter-wrapped-contains-target-19-targeted	graph-id	graph-id-parameter-wrapped-contains	targeted	graph-id-parameter-equals-and-wrapped-contains	parameters	properties	200	fixture-tika-03	fixture-tika-03	1	e68986e5919884640710cc61d8f44310a6d888f55992390edbcc7ae70b8b8fa8	success	11	6327	72232d5a8299b69c619beb4cebd0967a4ca8f1378844d7914f795f7c5126cc48	86993		fixture-tika-03	cypher-graph-id-predicate	64	1	fixture-tika-03	1	0	0	1	0	11	1	1	63	1	0
graph-id-parameter-wrapped-contains-target-19-dense	graph-id	graph-id-parameter-wrapped-contains	dense	graph-id-parameter-equals-and-wrapped-contains	parameters	properties	200	fixture-tika-03	fixture-tika-03	1	e68986e5919884640710cc61d8f44310a6d888f55992390edbcc7ae70b8b8fa8	success	200	96673	6ab8193cda24a8f589b0e7412ffcc3549afc3180a092c899437bb3ef2f8324ef	162804		fixture-tika-03	cypher-graph-id-predicate	64	1	fixture-tika-03	1	0	0	1	0	200	1	1	63	1	0
graph-id-parameter-wrapped-contains-target-20-zero	graph-id	graph-id-parameter-wrapped-contains	zero	graph-id-parameter-equals-and-wrapped-contains	parameters	properties	200	fixture-tika-04	fixture-tika-04	1	2d9d29e96c28d6df21e1933cc2da3a076217ec4c30461070c5e997e04aa952cb	success	0	147	805c8c7334c868e18e2be84be95b83cc60895722d739c2b164a68be4cd410c49	109836			cypher-graph-id-predicate	64	1	fixture-tika-04	1	0	0	1	0	1	1	1	63	1	0
graph-id-parameter-wrapped-contains-target-20-targeted	graph-id	graph-id-parameter-wrapped-contains	targeted	graph-id-parameter-equals-and-wrapped-contains	parameters	properties	200	fixture-tika-04	fixture-tika-04	1	2d9d29e96c28d6df21e1933cc2da3a076217ec4c30461070c5e997e04aa952cb	success	1	763	7811e1c0f64fb9174b112349d7a5f89fec8a71f59a6b66db3b1e97241f5dc93c	88425		fixture-tika-04	cypher-graph-id-predicate	64	1	fixture-tika-04	1	0	0	1	0	1	1	1	63	1	0
graph-id-parameter-wrapped-contains-target-20-dense	graph-id	graph-id-parameter-wrapped-contains	dense	graph-id-parameter-equals-and-wrapped-contains	parameters	properties	200	fixture-tika-04	fixture-tika-04	1	2d9d29e96c28d6df21e1933cc2da3a076217ec4c30461070c5e997e04aa952cb	success	200	91604	a93cd6116bda146e01916f4ab7d54aa664da5b5c2287de109c82d6c48fcd38f8	150702		fixture-tika-04	cypher-graph-id-predicate	64	1	fixture-tika-04	1	0	0	1	0	200	1	1	63	1	0
graph-id-parameter-wrapped-contains-target-21-zero	graph-id	graph-id-parameter-wrapped-contains	zero	graph-id-parameter-equals-and-wrapped-contains	parameters	properties	200	fixture-tika-05	fixture-tika-05	1	a70ca503c8d7edc9fd5b26430e9c4bd9517cfcf9084469733cfeff8a4fef63f8	success	0	147	805c8c7334c868e18e2be84be95b83cc60895722d739c2b164a68be4cd410c49	120716			cypher-graph-id-predicate	64	1	fixture-tika-05	1	0	0	1	0	1	1	1	63	1	0
graph-id-parameter-wrapped-contains-target-21-targeted	graph-id	graph-id-parameter-wrapped-contains	targeted	graph-id-parameter-equals-and-wrapped-contains	parameters	properties	200	fixture-tika-05	fixture-tika-05	1	a70ca503c8d7edc9fd5b26430e9c4bd9517cfcf9084469733cfeff8a4fef63f8	success	1	765	1cf450577b12b3b6a7c19f53479709a92a169add0c4f9defecbc55254bf8d5b3	86442		fixture-tika-05	cypher-graph-id-predicate	64	1	fixture-tika-05	1	0	0	1	0	1	1	1	63	1	0
graph-id-parameter-wrapped-contains-target-21-dense	graph-id	graph-id-parameter-wrapped-contains	dense	graph-id-parameter-equals-and-wrapped-contains	parameters	properties	200	fixture-tika-05	fixture-tika-05	1	a70ca503c8d7edc9fd5b26430e9c4bd9517cfcf9084469733cfeff8a4fef63f8	success	200	96334	eb6b03599a26f520b43896ee6af6cb6d2a3ec0783b66a0bcb29642b029a4b6eb	161663		fixture-tika-05	cypher-graph-id-predicate	64	1	fixture-tika-05	1	0	0	1	0	200	1	1	63	1	0
graph-id-parameter-wrapped-contains-target-22-zero	graph-id	graph-id-parameter-wrapped-contains	zero	graph-id-parameter-equals-and-wrapped-contains	parameters	properties	200	fixture-tika-06	fixture-tika-06	1	629a75c155a37bcac72d6d131b20156694ded2e8aa1abe1c7f03ac03374020b7	success	0	147	805c8c7334c868e18e2be84be95b83cc60895722d739c2b164a68be4cd410c49	91722			cypher-graph-id-predicate	64	1	fixture-tika-06	1	0	0	1	0	1	1	1	63	1	0
graph-id-parameter-wrapped-contains-target-22-targeted	graph-id	graph-id-parameter-wrapped-contains	targeted	graph-id-parameter-equals-and-wrapped-contains	parameters	properties	200	fixture-tika-06	fixture-tika-06	1	629a75c155a37bcac72d6d131b20156694ded2e8aa1abe1c7f03ac03374020b7	success	11	6331	43d88524d9da26840d520d8260a6801a2d864c2023e9806c3df4a5e673a5fd66	90770		fixture-tika-06	cypher-graph-id-predicate	64	1	fixture-tika-06	1	0	0	1	0	11	1	1	63	1	0
graph-id-parameter-wrapped-contains-target-22-dense	graph-id	graph-id-parameter-wrapped-contains	dense	graph-id-parameter-equals-and-wrapped-contains	parameters	properties	200	fixture-tika-06	fixture-tika-06	1	629a75c155a37bcac72d6d131b20156694ded2e8aa1abe1c7f03ac03374020b7	success	200	98397	b1cc908cf8cd6a2354b320afca9ad225990c59be93a53ddc3912afb3b0d46d7b	187020		fixture-tika-06	cypher-graph-id-predicate	64	1	fixture-tika-06	1	0	0	1	0	200	1	1	63	1	0
graph-id-parameter-wrapped-contains-target-23-zero	graph-id	graph-id-parameter-wrapped-contains	zero	graph-id-parameter-equals-and-wrapped-contains	parameters	properties	200	fixture-tika-07	fixture-tika-07	1	1f60bc193af0a0c32ae2bc0a840b7da98c896a5343d2d4a4871500ea55b0d8a0	success	0	147	805c8c7334c868e18e2be84be95b83cc60895722d739c2b164a68be4cd410c49	92523			cypher-graph-id-predicate	64	1	fixture-tika-07	1	0	0	1	0	1	1	1	63	1	0
graph-id-parameter-wrapped-contains-target-23-targeted	graph-id	graph-id-parameter-wrapped-contains	targeted	graph-id-parameter-equals-and-wrapped-contains	parameters	properties	200	fixture-tika-07	fixture-tika-07	1	1f60bc193af0a0c32ae2bc0a840b7da98c896a5343d2d4a4871500ea55b0d8a0	success	11	6135	718b52d4d32659cb9b39b84bdb87d6226a9be4436e73fa316936d1333dfa50c0	91081		fixture-tika-07	cypher-graph-id-predicate	64	1	fixture-tika-07	1	0	0	1	0	11	1	1	63	1	0
graph-id-parameter-wrapped-contains-target-23-dense	graph-id	graph-id-parameter-wrapped-contains	dense	graph-id-parameter-equals-and-wrapped-contains	parameters	properties	200	fixture-tika-07	fixture-tika-07	1	1f60bc193af0a0c32ae2bc0a840b7da98c896a5343d2d4a4871500ea55b0d8a0	success	200	95056	d5aa9163a912371065002f30549de9cefea57af859f009a275e381b0a849633e	188850		fixture-tika-07	cypher-graph-id-predicate	64	1	fixture-tika-07	1	0	0	1	0	200	1	1	63	1	0
graph-id-parameter-wrapped-contains-target-24-zero	graph-id	graph-id-parameter-wrapped-contains	zero	graph-id-parameter-equals-and-wrapped-contains	parameters	properties	200	fixture-tika-08	fixture-tika-08	1	e9768e2189edf3079c0f4ce1fe9374fe3873b9ef6253d25bd7952c9e3f9e2f89	success	0	147	805c8c7334c868e18e2be84be95b83cc60895722d739c2b164a68be4cd410c49	115115			cypher-graph-id-predicate	64	1	fixture-tika-08	1	0	0	1	0	1	1	1	63	1	0
graph-id-parameter-wrapped-contains-target-24-targeted	graph-id	graph-id-parameter-wrapped-contains	targeted	graph-id-parameter-equals-and-wrapped-contains	parameters	properties	200	fixture-tika-08	fixture-tika-08	1	e9768e2189edf3079c0f4ce1fe9374fe3873b9ef6253d25bd7952c9e3f9e2f89	success	1	754	033650595463ffba6f1f515fc8a38ba023fdd37a0e2442442be40f2d8baee0b4	105858		fixture-tika-08	cypher-graph-id-predicate	64	1	fixture-tika-08	1	0	0	1	0	1	1	1	63	1	0
graph-id-parameter-wrapped-contains-target-24-dense	graph-id	graph-id-parameter-wrapped-contains	dense	graph-id-parameter-equals-and-wrapped-contains	parameters	properties	200	fixture-tika-08	fixture-tika-08	1	e9768e2189edf3079c0f4ce1fe9374fe3873b9ef6253d25bd7952c9e3f9e2f89	success	200	96144	13cc3d04be15c5d98101b6676211e0260c08571becd6cbc7be1dcfad1b7efce8	246241		fixture-tika-08	cypher-graph-id-predicate	64	1	fixture-tika-08	1	0	0	1	0	200	1	1	63	1	0
graph-id-parameter-wrapped-contains-target-25-zero	graph-id	graph-id-parameter-wrapped-contains	zero	graph-id-parameter-equals-and-wrapped-contains	parameters	properties	200	fixture-tika-09	fixture-tika-09	1	f96e2b0b7f375cf347f289b0d59b047835095d1452b52dcff16ad07fa5ff5aaa	success	0	147	805c8c7334c868e18e2be84be95b83cc60895722d739c2b164a68be4cd410c49	89207			cypher-graph-id-predicate	64	1	fixture-tika-09	1	0	0	1	0	1	1	1	63	1	0
graph-id-parameter-wrapped-contains-target-25-targeted	graph-id	graph-id-parameter-wrapped-contains	targeted	graph-id-parameter-equals-and-wrapped-contains	parameters	properties	200	fixture-tika-09	fixture-tika-09	1	f96e2b0b7f375cf347f289b0d59b047835095d1452b52dcff16ad07fa5ff5aaa	success	17	9434	57a7fb26e2c1557848eddaabb17076d92c9b2ef2e0ff6b92be3de4374fe1fa9b	86381		fixture-tika-09	cypher-graph-id-predicate	64	1	fixture-tika-09	1	0	0	1	0	17	1	1	63	1	0
graph-id-parameter-wrapped-contains-target-25-dense	graph-id	graph-id-parameter-wrapped-contains	dense	graph-id-parameter-equals-and-wrapped-contains	parameters	properties	200	fixture-tika-09	fixture-tika-09	1	f96e2b0b7f375cf347f289b0d59b047835095d1452b52dcff16ad07fa5ff5aaa	success	200	90260	d606d19bfcb83b224b953bd70176bc52dc06d427ef6ab3d0cc311bc6ed6fc260	190146		fixture-tika-09	cypher-graph-id-predicate	64	1	fixture-tika-09	1	0	0	1	0	200	1	1	63	1	0
graph-id-parameter-wrapped-contains-target-26-zero	graph-id	graph-id-parameter-wrapped-contains	zero	graph-id-parameter-equals-and-wrapped-contains	parameters	properties	200	fixture-tika-10	fixture-tika-10	1	724e820888f0db8884af940cbe8a364f2dce6bfc9b2c72fb09abe933fa439c0c	success	0	147	805c8c7334c868e18e2be84be95b83cc60895722d739c2b164a68be4cd410c49	113022			cypher-graph-id-predicate	64	1	fixture-tika-10	1	0	0	1	0	1	1	1	63	1	0
graph-id-parameter-wrapped-contains-target-26-targeted	graph-id	graph-id-parameter-wrapped-contains	targeted	graph-id-parameter-equals-and-wrapped-contains	parameters	properties	200	fixture-tika-10	fixture-tika-10	1	724e820888f0db8884af940cbe8a364f2dce6bfc9b2c72fb09abe933fa439c0c	success	1	791	550bd45f802381cb65ea30928a856fc0c2bc207cbfc2a147aad4312130548c9a	83626		fixture-tika-10	cypher-graph-id-predicate	64	1	fixture-tika-10	1	0	0	1	0	1	1	1	63	1	0
graph-id-parameter-wrapped-contains-target-26-dense	graph-id	graph-id-parameter-wrapped-contains	dense	graph-id-parameter-equals-and-wrapped-contains	parameters	properties	200	fixture-tika-10	fixture-tika-10	1	724e820888f0db8884af940cbe8a364f2dce6bfc9b2c72fb09abe933fa439c0c	success	200	96089	d0bdae62973cb737c05eda37d83d6fd7dea4520a7f87acdd4ed9a2fba1f97888	167383		fixture-tika-10	cypher-graph-id-predicate	64	1	fixture-tika-10	1	0	0	1	0	200	1	1	63	1	0
graph-id-parameter-wrapped-contains-target-27-zero	graph-id	graph-id-parameter-wrapped-contains	zero	graph-id-parameter-equals-and-wrapped-contains	parameters	properties	200	fixture-tika-11	fixture-tika-11	1	947144f7fe63615dab1057f152a266b87c870ae6b1d136ebead3ef2860ecaaf9	success	0	147	805c8c7334c868e18e2be84be95b83cc60895722d739c2b164a68be4cd410c49	78957			cypher-graph-id-predicate	64	1	fixture-tika-11	1	0	0	1	0	1	1	1	63	1	0
graph-id-parameter-wrapped-contains-target-27-targeted	graph-id	graph-id-parameter-wrapped-contains	targeted	graph-id-parameter-equals-and-wrapped-contains	parameters	properties	200	fixture-tika-11	fixture-tika-11	1	947144f7fe63615dab1057f152a266b87c870ae6b1d136ebead3ef2860ecaaf9	success	14	8030	e1858d468e2cee9daff29f91791894b539cc1c9bfb8d57bb0eaa364a24ec0f04	85190		fixture-tika-11	cypher-graph-id-predicate	64	1	fixture-tika-11	1	0	0	1	0	14	1	1	63	1	0
graph-id-parameter-wrapped-contains-target-27-dense	graph-id	graph-id-parameter-wrapped-contains	dense	graph-id-parameter-equals-and-wrapped-contains	parameters	properties	200	fixture-tika-11	fixture-tika-11	1	947144f7fe63615dab1057f152a266b87c870ae6b1d136ebead3ef2860ecaaf9	success	200	95559	bcb492a91a247979acd291eaea381c0db6d952c0baff29193145ae7356b00907	150291		fixture-tika-11	cypher-graph-id-predicate	64	1	fixture-tika-11	1	0	0	1	0	200	1	1	63	1	0
graph-id-parameter-wrapped-contains-target-28-zero	graph-id	graph-id-parameter-wrapped-contains	zero	graph-id-parameter-equals-and-wrapped-contains	parameters	properties	200	fixture-tika-12	fixture-tika-12	1	333b320af3f398d083e1d44b1a79e54fa546da12ce118f18db6f7cc3387398c8	success	0	147	805c8c7334c868e18e2be84be95b83cc60895722d739c2b164a68be4cd410c49	83166			cypher-graph-id-predicate	64	1	fixture-tika-12	1	0	0	1	0	1	1	1	63	1	0
graph-id-parameter-wrapped-contains-target-28-targeted	graph-id	graph-id-parameter-wrapped-contains	targeted	graph-id-parameter-equals-and-wrapped-contains	parameters	properties	200	fixture-tika-12	fixture-tika-12	1	333b320af3f398d083e1d44b1a79e54fa546da12ce118f18db6f7cc3387398c8	success	12	6370	8871e0dc77f7df7110f742adaac439b8d2f4e912a3a21e1793fda026e0955f9b	103935		fixture-tika-12	cypher-graph-id-predicate	64	1	fixture-tika-12	1	0	0	1	0	12	1	1	63	1	0
graph-id-parameter-wrapped-contains-target-28-dense	graph-id	graph-id-parameter-wrapped-contains	dense	graph-id-parameter-equals-and-wrapped-contains	parameters	properties	200	fixture-tika-12	fixture-tika-12	1	333b320af3f398d083e1d44b1a79e54fa546da12ce118f18db6f7cc3387398c8	success	200	101142	3ec255435f1804ca883e61ce69218b0c9b6812e5f4d6241be813f3a04980ff78	175088		fixture-tika-12	cypher-graph-id-predicate	64	1	fixture-tika-12	1	0	0	1	0	200	1	1	63	1	0
graph-id-parameter-wrapped-contains-target-29-zero	graph-id	graph-id-parameter-wrapped-contains	zero	graph-id-parameter-equals-and-wrapped-contains	parameters	properties	200	fixture-tika-13	fixture-tika-13	1	697a328efd3d35078aa3cf7115b978f697299f7e0612d464eae79dc1cbc3f3c7	success	0	147	805c8c7334c868e18e2be84be95b83cc60895722d739c2b164a68be4cd410c49	105207			cypher-graph-id-predicate	64	1	fixture-tika-13	1	0	0	1	0	1	1	1	63	1	0
graph-id-parameter-wrapped-contains-target-29-targeted	graph-id	graph-id-parameter-wrapped-contains	targeted	graph-id-parameter-equals-and-wrapped-contains	parameters	properties	200	fixture-tika-13	fixture-tika-13	1	697a328efd3d35078aa3cf7115b978f697299f7e0612d464eae79dc1cbc3f3c7	success	1	759	7c9cbf2db3468e4d9ec5f9ce37c29746bb3071949804d250165a0310edd3182c	91972		fixture-tika-13	cypher-graph-id-predicate	64	1	fixture-tika-13	1	0	0	1	0	1	1	1	63	1	0
graph-id-parameter-wrapped-contains-target-29-dense	graph-id	graph-id-parameter-wrapped-contains	dense	graph-id-parameter-equals-and-wrapped-contains	parameters	properties	200	fixture-tika-13	fixture-tika-13	1	697a328efd3d35078aa3cf7115b978f697299f7e0612d464eae79dc1cbc3f3c7	success	200	96005	cb6245f16fc1df4cadc32295db3c94d74d99d6ac24ca00ba686085574c3842f9	181660		fixture-tika-13	cypher-graph-id-predicate	64	1	fixture-tika-13	1	0	0	1	0	200	1	1	63	1	0
graph-id-parameter-wrapped-contains-target-30-zero	graph-id	graph-id-parameter-wrapped-contains	zero	graph-id-parameter-equals-and-wrapped-contains	parameters	properties	200	fixture-tika-14	fixture-tika-14	1	530ac22d92e73256c57c4e234fccac50105308bcc26304451ee74f20a619f7a5	success	0	147	805c8c7334c868e18e2be84be95b83cc60895722d739c2b164a68be4cd410c49	83576			cypher-graph-id-predicate	64	1	fixture-tika-14	1	0	0	1	0	1	1	1	63	1	0
graph-id-parameter-wrapped-contains-target-30-targeted	graph-id	graph-id-parameter-wrapped-contains	targeted	graph-id-parameter-equals-and-wrapped-contains	parameters	properties	200	fixture-tika-14	fixture-tika-14	1	530ac22d92e73256c57c4e234fccac50105308bcc26304451ee74f20a619f7a5	success	10	5866	c85815e1257e7d89a547803b839a8fa3d5c32a25ad93fc4df95c67dd0df38386	101009		fixture-tika-14	cypher-graph-id-predicate	64	1	fixture-tika-14	1	0	0	1	0	10	1	1	63	1	0
graph-id-parameter-wrapped-contains-target-30-dense	graph-id	graph-id-parameter-wrapped-contains	dense	graph-id-parameter-equals-and-wrapped-contains	parameters	properties	200	fixture-tika-14	fixture-tika-14	1	530ac22d92e73256c57c4e234fccac50105308bcc26304451ee74f20a619f7a5	success	200	95471	766b9ef7e8ecf0adce38af75461cc8c431950c6a78cf29871668bb82bbc59681	164007		fixture-tika-14	cypher-graph-id-predicate	64	1	fixture-tika-14	1	0	0	1	0	200	1	1	63	1	0
graph-id-parameter-wrapped-contains-target-31-zero	graph-id	graph-id-parameter-wrapped-contains	zero	graph-id-parameter-equals-and-wrapped-contains	parameters	properties	200	fixture-tika-15	fixture-tika-15	1	80331285783d790177bcaeeebf677e98900445b2273d41781c6e07aa5683a500	success	0	147	805c8c7334c868e18e2be84be95b83cc60895722d739c2b164a68be4cd410c49	82945			cypher-graph-id-predicate	64	1	fixture-tika-15	1	0	0	1	0	1	1	1	63	1	0
graph-id-parameter-wrapped-contains-target-31-targeted	graph-id	graph-id-parameter-wrapped-contains	targeted	graph-id-parameter-equals-and-wrapped-contains	parameters	properties	200	fixture-tika-15	fixture-tika-15	1	80331285783d790177bcaeeebf677e98900445b2273d41781c6e07aa5683a500	success	1	779	5b2641a56fc0d1ce3cad560f98de3ab642d893c5f6c2be5bb57444732d364805	84738		fixture-tika-15	cypher-graph-id-predicate	64	1	fixture-tika-15	1	0	0	1	0	1	1	1	63	1	0
graph-id-parameter-wrapped-contains-target-31-dense	graph-id	graph-id-parameter-wrapped-contains	dense	graph-id-parameter-equals-and-wrapped-contains	parameters	properties	200	fixture-tika-15	fixture-tika-15	1	80331285783d790177bcaeeebf677e98900445b2273d41781c6e07aa5683a500	success	200	90493	6cea2d1b1fba9817e31904018fa5ce3734b41bb641feab5c7c6849206b05e3c1	154259		fixture-tika-15	cypher-graph-id-predicate	64	1	fixture-tika-15	1	0	0	1	0	200	1	1	63	1	0
graph-id-parameter-wrapped-contains-target-32-zero	graph-id	graph-id-parameter-wrapped-contains	zero	graph-id-parameter-equals-and-wrapped-contains	parameters	properties	200	fixture-hive-00	fixture-hive-00	1	ea11677be4d3166ee79e7aa4f8c5ff603c5cb6bb9f65649cfc46854eedb1b466	success	0	147	805c8c7334c868e18e2be84be95b83cc60895722d739c2b164a68be4cd410c49	89387			cypher-graph-id-predicate	64	1	fixture-hive-00	1	0	0	1	0	1	1	1	63	1	0
graph-id-parameter-wrapped-contains-target-32-targeted	graph-id	graph-id-parameter-wrapped-contains	targeted	graph-id-parameter-equals-and-wrapped-contains	parameters	properties	200	fixture-hive-00	fixture-hive-00	1	ea11677be4d3166ee79e7aa4f8c5ff603c5cb6bb9f65649cfc46854eedb1b466	success	4	2862	72e96499d86d64ae9da267f3b15791817d4250f06a8dfea9d09edd8c3c23a440	85851		fixture-hive-00	cypher-graph-id-predicate	64	1	fixture-hive-00	1	0	0	1	0	4	1	1	63	1	0
graph-id-parameter-wrapped-contains-target-32-dense	graph-id	graph-id-parameter-wrapped-contains	dense	graph-id-parameter-equals-and-wrapped-contains	parameters	properties	200	fixture-hive-00	fixture-hive-00	1	ea11677be4d3166ee79e7aa4f8c5ff603c5cb6bb9f65649cfc46854eedb1b466	success	200	92864	0ad6a5ae10cb27d8dd28af205e0df8ebd79b3e1ca0079c8c876100ee108fc38d	159889		fixture-hive-00	cypher-graph-id-predicate	64	1	fixture-hive-00	1	0	0	1	0	200	1	1	63	1	0
graph-id-parameter-wrapped-contains-target-33-zero	graph-id	graph-id-parameter-wrapped-contains	zero	graph-id-parameter-equals-and-wrapped-contains	parameters	properties	200	fixture-hive-01	fixture-hive-01	1	3a9bab8befb64a5c5518ec83add10138c13ae31dfad00b5a26547f3cfc2bf0bb	success	0	147	805c8c7334c868e18e2be84be95b83cc60895722d739c2b164a68be4cd410c49	78938			cypher-graph-id-predicate	64	1	fixture-hive-01	1	0	0	1	0	1	1	1	63	1	0
graph-id-parameter-wrapped-contains-target-33-targeted	graph-id	graph-id-parameter-wrapped-contains	targeted	graph-id-parameter-equals-and-wrapped-contains	parameters	properties	200	fixture-hive-01	fixture-hive-01	1	3a9bab8befb64a5c5518ec83add10138c13ae31dfad00b5a26547f3cfc2bf0bb	success	4	2862	5436abb5d5a82ddf1b71cf6459ce0de5fe56d25b825b58b20bbe8cace9e3cde7	74829		fixture-hive-01	cypher-graph-id-predicate	64	1	fixture-hive-01	1	0	0	1	0	4	1	1	63	1	0
graph-id-parameter-wrapped-contains-target-33-dense	graph-id	graph-id-parameter-wrapped-contains	dense	graph-id-parameter-equals-and-wrapped-contains	parameters	properties	200	fixture-hive-01	fixture-hive-01	1	3a9bab8befb64a5c5518ec83add10138c13ae31dfad00b5a26547f3cfc2bf0bb	success	200	92578	e10f119cab32a77f2d8107211e2addcc69d3ab151ee08f60199ff7a8db9b6a1c	214020		fixture-hive-01	cypher-graph-id-predicate	64	1	fixture-hive-01	1	0	0	1	0	200	1	1	63	1	0
graph-id-parameter-wrapped-contains-target-34-zero	graph-id	graph-id-parameter-wrapped-contains	zero	graph-id-parameter-equals-and-wrapped-contains	parameters	properties	200	fixture-hive-02	fixture-hive-02	1	058d31d4f0a17f6c8e80480702d6c2099e48867673bc0a8d99037f2244a27bbf	success	0	147	805c8c7334c868e18e2be84be95b83cc60895722d739c2b164a68be4cd410c49	96641			cypher-graph-id-predicate	64	1	fixture-hive-02	1	0	0	1	0	1	1	1	63	1	0
graph-id-parameter-wrapped-contains-target-34-targeted	graph-id	graph-id-parameter-wrapped-contains	targeted	graph-id-parameter-equals-and-wrapped-contains	parameters	properties	200	fixture-hive-02	fixture-hive-02	1	058d31d4f0a17f6c8e80480702d6c2099e48867673bc0a8d99037f2244a27bbf	success	4	2883	e83a01bd4b4e8f51ba0c51a53e73f87ec8dd6170bd60b37ef57b4eb9aba8bcc7	79870		fixture-hive-02	cypher-graph-id-predicate	64	1	fixture-hive-02	1	0	0	1	0	4	1	1	63	1	0
graph-id-parameter-wrapped-contains-target-34-dense	graph-id	graph-id-parameter-wrapped-contains	dense	graph-id-parameter-equals-and-wrapped-contains	parameters	properties	200	fixture-hive-02	fixture-hive-02	1	058d31d4f0a17f6c8e80480702d6c2099e48867673bc0a8d99037f2244a27bbf	success	200	94183	b06f89a813919b2f4278637c18773fe7508c48351caa08a76cefe1f54c9b7715	149940		fixture-hive-02	cypher-graph-id-predicate	64	1	fixture-hive-02	1	0	0	1	0	200	1	1	63	1	0
graph-id-parameter-wrapped-contains-target-35-zero	graph-id	graph-id-parameter-wrapped-contains	zero	graph-id-parameter-equals-and-wrapped-contains	parameters	properties	200	fixture-hive-03	fixture-hive-03	1	bc37ba5880a9fc3e89dea2bf6571ad8db10f8c499dfca7c678b831d8edb064fe	success	0	147	805c8c7334c868e18e2be84be95b83cc60895722d739c2b164a68be4cd410c49	87134			cypher-graph-id-predicate	64	1	fixture-hive-03	1	0	0	1	0	1	1	1	63	1	0
graph-id-parameter-wrapped-contains-target-35-targeted	graph-id	graph-id-parameter-wrapped-contains	targeted	graph-id-parameter-equals-and-wrapped-contains	parameters	properties	200	fixture-hive-03	fixture-hive-03	1	bc37ba5880a9fc3e89dea2bf6571ad8db10f8c499dfca7c678b831d8edb064fe	success	1	771	134378d176ef9559b3b9b40557762648c5aa55be889ba8cb2e7f752130b85ab7	105588		fixture-hive-03	cypher-graph-id-predicate	64	1	fixture-hive-03	1	0	0	1	0	1	1	1	63	1	0
graph-id-parameter-wrapped-contains-target-35-dense	graph-id	graph-id-parameter-wrapped-contains	dense	graph-id-parameter-equals-and-wrapped-contains	parameters	properties	200	fixture-hive-03	fixture-hive-03	1	bc37ba5880a9fc3e89dea2bf6571ad8db10f8c499dfca7c678b831d8edb064fe	success	200	91613	71eca3baa7c5adda9a19daaba5b66d08f4d30beebcfc1f6f8f3125a009484e93	210505		fixture-hive-03	cypher-graph-id-predicate	64	1	fixture-hive-03	1	0	0	1	0	200	1	1	63	1	0
graph-id-parameter-wrapped-contains-target-36-zero	graph-id	graph-id-parameter-wrapped-contains	zero	graph-id-parameter-equals-and-wrapped-contains	parameters	properties	200	fixture-hive-04	fixture-hive-04	1	d6abca6af79ede3e783b4b1d1bb2f17c22db5cf0b5c70506d31ea6d33509dcc5	success	0	147	805c8c7334c868e18e2be84be95b83cc60895722d739c2b164a68be4cd410c49	103283			cypher-graph-id-predicate	64	1	fixture-hive-04	1	0	0	1	0	1	1	1	63	1	0
graph-id-parameter-wrapped-contains-target-36-targeted	graph-id	graph-id-parameter-wrapped-contains	targeted	graph-id-parameter-equals-and-wrapped-contains	parameters	properties	200	fixture-hive-04	fixture-hive-04	1	d6abca6af79ede3e783b4b1d1bb2f17c22db5cf0b5c70506d31ea6d33509dcc5	success	1	795	6f5022183da52ea8cb963f17c4b86a6270dc9bfe0ca358e5ec7d6bdf4c95879f	133160		fixture-hive-04	cypher-graph-id-predicate	64	1	fixture-hive-04	1	0	0	1	0	1	1	1	63	1	0
graph-id-parameter-wrapped-contains-target-36-dense	graph-id	graph-id-parameter-wrapped-contains	dense	graph-id-parameter-equals-and-wrapped-contains	parameters	properties	200	fixture-hive-04	fixture-hive-04	1	d6abca6af79ede3e783b4b1d1bb2f17c22db5cf0b5c70506d31ea6d33509dcc5	success	200	91716	5d2df55fe9df550bd17a462dbec1bd958f7c0d5940c160537976ecc80d5cb22f	213910		fixture-hive-04	cypher-graph-id-predicate	64	1	fixture-hive-04	1	0	0	1	0	200	1	1	63	1	0
graph-id-parameter-wrapped-contains-target-37-zero	graph-id	graph-id-parameter-wrapped-contains	zero	graph-id-parameter-equals-and-wrapped-contains	parameters	properties	200	fixture-hive-05	fixture-hive-05	1	f7f4c2e85299b39f0b295436a0a678be80ea1fe4bd065c984fac7e3e79c02a1f	success	0	147	805c8c7334c868e18e2be84be95b83cc60895722d739c2b164a68be4cd410c49	112871			cypher-graph-id-predicate	64	1	fixture-hive-05	1	0	0	1	0	1	1	1	63	1	0
graph-id-parameter-wrapped-contains-target-37-targeted	graph-id	graph-id-parameter-wrapped-contains	targeted	graph-id-parameter-equals-and-wrapped-contains	parameters	properties	200	fixture-hive-05	fixture-hive-05	1	f7f4c2e85299b39f0b295436a0a678be80ea1fe4bd065c984fac7e3e79c02a1f	success	51	31472	b9433fbd59011f3771f14c8abacb0cbca913b3ccb9b85649a8f98d4c6f628703	142246		fixture-hive-05	cypher-graph-id-predicate	64	1	fixture-hive-05	1	0	0	1	0	51	1	1	63	1	0
graph-id-parameter-wrapped-contains-target-37-dense	graph-id	graph-id-parameter-wrapped-contains	dense	graph-id-parameter-equals-and-wrapped-contains	parameters	properties	200	fixture-hive-05	fixture-hive-05	1	f7f4c2e85299b39f0b295436a0a678be80ea1fe4bd065c984fac7e3e79c02a1f	success	200	91795	dbb6e258143695218279e10cbea2bf21ad0c5b1330a8fc3e3470b176ae0b6f42	239398		fixture-hive-05	cypher-graph-id-predicate	64	1	fixture-hive-05	1	0	0	1	0	200	1	1	63	1	0
graph-id-parameter-wrapped-contains-target-38-zero	graph-id	graph-id-parameter-wrapped-contains	zero	graph-id-parameter-equals-and-wrapped-contains	parameters	properties	200	fixture-hive-06	fixture-hive-06	1	ddfe0a17a6b176061c6908248fc9bbb24510f00e8ed40c2c068587464d0ab767	success	0	147	805c8c7334c868e18e2be84be95b83cc60895722d739c2b164a68be4cd410c49	104896			cypher-graph-id-predicate	64	1	fixture-hive-06	1	0	0	1	0	1	1	1	63	1	0
graph-id-parameter-wrapped-contains-target-38-targeted	graph-id	graph-id-parameter-wrapped-contains	targeted	graph-id-parameter-equals-and-wrapped-contains	parameters	properties	200	fixture-hive-06	fixture-hive-06	1	ddfe0a17a6b176061c6908248fc9bbb24510f00e8ed40c2c068587464d0ab767	success	1	801	6e224732564976ab3ad1b488a2dcb0c2a2f84050ab25d529f41b87f4de3c406c	111339		fixture-hive-06	cypher-graph-id-predicate	64	1	fixture-hive-06	1	0	0	1	0	1	1	1	63	1	0
graph-id-parameter-wrapped-contains-target-38-dense	graph-id	graph-id-parameter-wrapped-contains	dense	graph-id-parameter-equals-and-wrapped-contains	parameters	properties	200	fixture-hive-06	fixture-hive-06	1	ddfe0a17a6b176061c6908248fc9bbb24510f00e8ed40c2c068587464d0ab767	success	200	92968	77adda61bf8a66745500e9e1b739302ae425b75af5d5199095bd9c0f56151e04	225623		fixture-hive-06	cypher-graph-id-predicate	64	1	fixture-hive-06	1	0	0	1	0	200	1	1	63	1	0
graph-id-parameter-wrapped-contains-target-39-zero	graph-id	graph-id-parameter-wrapped-contains	zero	graph-id-parameter-equals-and-wrapped-contains	parameters	properties	200	fixture-hive-07	fixture-hive-07	1	5b909537f8397e9b454c56026974d9a0348f5c6147e1f2169fbaaa2eb1645822	success	0	147	805c8c7334c868e18e2be84be95b83cc60895722d739c2b164a68be4cd410c49	117410			cypher-graph-id-predicate	64	1	fixture-hive-07	1	0	0	1	0	1	1	1	63	1	0
graph-id-parameter-wrapped-contains-target-39-targeted	graph-id	graph-id-parameter-wrapped-contains	targeted	graph-id-parameter-equals-and-wrapped-contains	parameters	properties	200	fixture-hive-07	fixture-hive-07	1	5b909537f8397e9b454c56026974d9a0348f5c6147e1f2169fbaaa2eb1645822	success	4	2855	db8e5b7500b38c30ff9ca554407e1c3f066cc32ce80520e31c63fe8f4f34048e	97683		fixture-hive-07	cypher-graph-id-predicate	64	1	fixture-hive-07	1	0	0	1	0	4	1	1	63	1	0
graph-id-parameter-wrapped-contains-target-39-dense	graph-id	graph-id-parameter-wrapped-contains	dense	graph-id-parameter-equals-and-wrapped-contains	parameters	properties	200	fixture-hive-07	fixture-hive-07	1	5b909537f8397e9b454c56026974d9a0348f5c6147e1f2169fbaaa2eb1645822	success	200	91298	153dc7ab9d3d22961d16bfae52d0b5cd4c7d97177e0e57e7c086294f37d00f0f	185560		fixture-hive-07	cypher-graph-id-predicate	64	1	fixture-hive-07	1	0	0	1	0	200	1	1	63	1	0
graph-id-parameter-wrapped-contains-target-40-zero	graph-id	graph-id-parameter-wrapped-contains	zero	graph-id-parameter-equals-and-wrapped-contains	parameters	properties	200	fixture-hive-08	fixture-hive-08	1	a73da7b76b921f77b9fadceff4ca8a9274fa7524e6ce2fb87c035b118fdb9e31	success	0	147	805c8c7334c868e18e2be84be95b83cc60895722d739c2b164a68be4cd410c49	104949			cypher-graph-id-predicate	64	1	fixture-hive-08	1	0	0	1	0	1	1	1	63	1	0
graph-id-parameter-wrapped-contains-target-40-targeted	graph-id	graph-id-parameter-wrapped-contains	targeted	graph-id-parameter-equals-and-wrapped-contains	parameters	properties	200	fixture-hive-08	fixture-hive-08	1	a73da7b76b921f77b9fadceff4ca8a9274fa7524e6ce2fb87c035b118fdb9e31	success	4	2911	6520445594f6fc1d080f2e441beea159540f21b52c555b515dbd7ba1fee2a37f	104235		fixture-hive-08	cypher-graph-id-predicate	64	1	fixture-hive-08	1	0	0	1	0	4	1	1	63	1	0
graph-id-parameter-wrapped-contains-target-40-dense	graph-id	graph-id-parameter-wrapped-contains	dense	graph-id-parameter-equals-and-wrapped-contains	parameters	properties	200	fixture-hive-08	fixture-hive-08	1	a73da7b76b921f77b9fadceff4ca8a9274fa7524e6ce2fb87c035b118fdb9e31	success	200	95189	6547ed796970ad3186785ae6dc7d6b1328d226d1878e5144fdb98c21fcba06f9	196338		fixture-hive-08	cypher-graph-id-predicate	64	1	fixture-hive-08	1	0	0	1	0	200	1	1	63	1	0
graph-id-parameter-wrapped-contains-target-41-zero	graph-id	graph-id-parameter-wrapped-contains	zero	graph-id-parameter-equals-and-wrapped-contains	parameters	properties	200	fixture-hive-09	fixture-hive-09	1	295df7bb9f479be56469bcfb34b70c143d1aff6e47944b80de9fd42e774be779	success	0	147	805c8c7334c868e18e2be84be95b83cc60895722d739c2b164a68be4cd410c49	104556			cypher-graph-id-predicate	64	1	fixture-hive-09	1	0	0	1	0	1	1	1	63	1	0
graph-id-parameter-wrapped-contains-target-41-targeted	graph-id	graph-id-parameter-wrapped-contains	targeted	graph-id-parameter-equals-and-wrapped-contains	parameters	properties	200	fixture-hive-09	fixture-hive-09	1	295df7bb9f479be56469bcfb34b70c143d1aff6e47944b80de9fd42e774be779	success	4	2883	42fd2fd2ff37d34c0cfb2146cde4be9387147a4cc07443bd58969c3f1e25556e	89608		fixture-hive-09	cypher-graph-id-predicate	64	1	fixture-hive-09	1	0	0	1	0	4	1	1	63	1	0
graph-id-parameter-wrapped-contains-target-41-dense	graph-id	graph-id-parameter-wrapped-contains	dense	graph-id-parameter-equals-and-wrapped-contains	parameters	properties	200	fixture-hive-09	fixture-hive-09	1	295df7bb9f479be56469bcfb34b70c143d1aff6e47944b80de9fd42e774be779	success	200	92146	1d23f5a918b6a408d8eae300e7aa799801aecc62fcc85667af567e3c95156cb9	164367		fixture-hive-09	cypher-graph-id-predicate	64	1	fixture-hive-09	1	0	0	1	0	200	1	1	63	1	0
graph-id-parameter-wrapped-contains-target-42-zero	graph-id	graph-id-parameter-wrapped-contains	zero	graph-id-parameter-equals-and-wrapped-contains	parameters	properties	200	fixture-hive-10	fixture-hive-10	1	e942f277a2b44bd11b03bd9380dd5388338721030a1701c31ff2277dd8f8cd9a	success	0	147	805c8c7334c868e18e2be84be95b83cc60895722d739c2b164a68be4cd410c49	87233			cypher-graph-id-predicate	64	1	fixture-hive-10	1	0	0	1	0	1	1	1	63	1	0
graph-id-parameter-wrapped-contains-target-42-targeted	graph-id	graph-id-parameter-wrapped-contains	targeted	graph-id-parameter-equals-and-wrapped-contains	parameters	properties	200	fixture-hive-10	fixture-hive-10	1	e942f277a2b44bd11b03bd9380dd5388338721030a1701c31ff2277dd8f8cd9a	success	63	39077	2d20a012ee335ff72d99f67135e1ac36defbca676c07a298d3df15c7c1e33f7d	117269		fixture-hive-10	cypher-graph-id-predicate	64	1	fixture-hive-10	1	0	0	1	0	63	1	1	63	1	0
graph-id-parameter-wrapped-contains-target-42-dense	graph-id	graph-id-parameter-wrapped-contains	dense	graph-id-parameter-equals-and-wrapped-contains	parameters	properties	200	fixture-hive-10	fixture-hive-10	1	e942f277a2b44bd11b03bd9380dd5388338721030a1701c31ff2277dd8f8cd9a	success	200	93248	bd7a2cfc84011237aca413f8fd4b6ee9130043dc1530bc214cc965d935dc3d88	166551		fixture-hive-10	cypher-graph-id-predicate	64	1	fixture-hive-10	1	0	0	1	0	200	1	1	63	1	0
graph-id-parameter-wrapped-contains-target-43-zero	graph-id	graph-id-parameter-wrapped-contains	zero	graph-id-parameter-equals-and-wrapped-contains	parameters	properties	200	fixture-hive-11	fixture-hive-11	1	fc0779b8fe9d9937d1e4cb4a3dba1379fc83c9a81125f4350e46a986c8531889	success	0	147	805c8c7334c868e18e2be84be95b83cc60895722d739c2b164a68be4cd410c49	94888			cypher-graph-id-predicate	64	1	fixture-hive-11	1	0	0	1	0	1	1	1	63	1	0
graph-id-parameter-wrapped-contains-target-43-targeted	graph-id	graph-id-parameter-wrapped-contains	targeted	graph-id-parameter-equals-and-wrapped-contains	parameters	properties	200	fixture-hive-11	fixture-hive-11	1	fc0779b8fe9d9937d1e4cb4a3dba1379fc83c9a81125f4350e46a986c8531889	success	4	2743	a7aaae25732eb3fc39e7e9697120f6a4534e52262fb153e4201e51d7b31e4606	86733		fixture-hive-11	cypher-graph-id-predicate	64	1	fixture-hive-11	1	0	0	1	0	4	1	1	63	1	0
graph-id-parameter-wrapped-contains-target-43-dense	graph-id	graph-id-parameter-wrapped-contains	dense	graph-id-parameter-equals-and-wrapped-contains	parameters	properties	200	fixture-hive-11	fixture-hive-11	1	fc0779b8fe9d9937d1e4cb4a3dba1379fc83c9a81125f4350e46a986c8531889	success	200	94063	f5c81d8aabcfe449e1a20e1133f0ce5a6c25cde54cfb7e82531ff93f87b6f89e	150932		fixture-hive-11	cypher-graph-id-predicate	64	1	fixture-hive-11	1	0	0	1	0	200	1	1	63	1	0
graph-id-parameter-wrapped-contains-target-44-zero	graph-id	graph-id-parameter-wrapped-contains	zero	graph-id-parameter-equals-and-wrapped-contains	parameters	properties	200	fixture-hive-12	fixture-hive-12	1	b0c62bc41512e26a42d23ec1fd21c12eb0d433e252eed22e92d2246689f7489a	success	0	147	805c8c7334c868e18e2be84be95b83cc60895722d739c2b164a68be4cd410c49	92213			cypher-graph-id-predicate	64	1	fixture-hive-12	1	0	0	1	0	1	1	1	63	1	0
graph-id-parameter-wrapped-contains-target-44-targeted	graph-id	graph-id-parameter-wrapped-contains	targeted	graph-id-parameter-equals-and-wrapped-contains	parameters	properties	200	fixture-hive-12	fixture-hive-12	1	b0c62bc41512e26a42d23ec1fd21c12eb0d433e252eed22e92d2246689f7489a	success	4	2890	b8c7750587d3cb95373de074cba017cf14e5d85811bfc8cc2b49fa06615dc14f	87414		fixture-hive-12	cypher-graph-id-predicate	64	1	fixture-hive-12	1	0	0	1	0	4	1	1	63	1	0
graph-id-parameter-wrapped-contains-target-44-dense	graph-id	graph-id-parameter-wrapped-contains	dense	graph-id-parameter-equals-and-wrapped-contains	parameters	properties	200	fixture-hive-12	fixture-hive-12	1	b0c62bc41512e26a42d23ec1fd21c12eb0d433e252eed22e92d2246689f7489a	success	200	90517	901cb7ad5a7cef604f7264d87d81f85a7b3e521b0175839dd61f15fa140b58cf	162685		fixture-hive-12	cypher-graph-id-predicate	64	1	fixture-hive-12	1	0	0	1	0	200	1	1	63	1	0
graph-id-parameter-wrapped-contains-target-45-zero	graph-id	graph-id-parameter-wrapped-contains	zero	graph-id-parameter-equals-and-wrapped-contains	parameters	properties	200	fixture-hive-13	fixture-hive-13	1	2f758a1599ac4d799ee27ae81f81bfe54bc6240d59e8f003bf5cd782742affd0	success	0	147	805c8c7334c868e18e2be84be95b83cc60895722d739c2b164a68be4cd410c49	86181			cypher-graph-id-predicate	64	1	fixture-hive-13	1	0	0	1	0	1	1	1	63	1	0
graph-id-parameter-wrapped-contains-target-45-targeted	graph-id	graph-id-parameter-wrapped-contains	targeted	graph-id-parameter-equals-and-wrapped-contains	parameters	properties	200	fixture-hive-13	fixture-hive-13	1	2f758a1599ac4d799ee27ae81f81bfe54bc6240d59e8f003bf5cd782742affd0	success	1	807	7a2ea6e6b7c61f333c01be975226570ddf428683fdf6c4eb419e09457718acf9	85831		fixture-hive-13	cypher-graph-id-predicate	64	1	fixture-hive-13	1	0	0	1	0	1	1	1	63	1	0
graph-id-parameter-wrapped-contains-target-45-dense	graph-id	graph-id-parameter-wrapped-contains	dense	graph-id-parameter-equals-and-wrapped-contains	parameters	properties	200	fixture-hive-13	fixture-hive-13	1	2f758a1599ac4d799ee27ae81f81bfe54bc6240d59e8f003bf5cd782742affd0	success	200	92534	8ce2fca3adf975e2913f1d7a0f91465f04ef5e5cdbaaa1f51ca68901be616480	165670		fixture-hive-13	cypher-graph-id-predicate	64	1	fixture-hive-13	1	0	0	1	0	200	1	1	63	1	0
graph-id-parameter-wrapped-contains-target-46-zero	graph-id	graph-id-parameter-wrapped-contains	zero	graph-id-parameter-equals-and-wrapped-contains	parameters	properties	200	fixture-hive-14	fixture-hive-14	1	960cf66cc8af0003002afe076d1f893b29b2a55fabfac7d5316eb3e3b9c46f67	success	0	147	805c8c7334c868e18e2be84be95b83cc60895722d739c2b164a68be4cd410c49	87915			cypher-graph-id-predicate	64	1	fixture-hive-14	1	0	0	1	0	1	1	1	63	1	0
graph-id-parameter-wrapped-contains-target-46-targeted	graph-id	graph-id-parameter-wrapped-contains	targeted	graph-id-parameter-equals-and-wrapped-contains	parameters	properties	200	fixture-hive-14	fixture-hive-14	1	960cf66cc8af0003002afe076d1f893b29b2a55fabfac7d5316eb3e3b9c46f67	success	45	27605	5de372ca8e19ec486456452fc7bd2d9f18c4d7b0beb5e238b24073911e1d2e3a	151283		fixture-hive-14	cypher-graph-id-predicate	64	1	fixture-hive-14	1	0	0	1	0	45	1	1	63	1	0
graph-id-parameter-wrapped-contains-target-46-dense	graph-id	graph-id-parameter-wrapped-contains	dense	graph-id-parameter-equals-and-wrapped-contains	parameters	properties	200	fixture-hive-14	fixture-hive-14	1	960cf66cc8af0003002afe076d1f893b29b2a55fabfac7d5316eb3e3b9c46f67	success	200	96641	3ad39c9167b00424c5957087068cab90d47268c9063b8d9e565113275edd98c8	188984		fixture-hive-14	cypher-graph-id-predicate	64	1	fixture-hive-14	1	0	0	1	0	200	1	1	63	1	0
graph-id-parameter-wrapped-contains-target-47-zero	graph-id	graph-id-parameter-wrapped-contains	zero	graph-id-parameter-equals-and-wrapped-contains	parameters	properties	200	fixture-hive-15	fixture-hive-15	1	d5c3f70f4e04fa9e3851b5ba956c39c64ff3bf4c48028255a069369d65d3e3dc	success	0	147	805c8c7334c868e18e2be84be95b83cc60895722d739c2b164a68be4cd410c49	106399			cypher-graph-id-predicate	64	1	fixture-hive-15	1	0	0	1	0	1	1	1	63	1	0
graph-id-parameter-wrapped-contains-target-47-targeted	graph-id	graph-id-parameter-wrapped-contains	targeted	graph-id-parameter-equals-and-wrapped-contains	parameters	properties	200	fixture-hive-15	fixture-hive-15	1	d5c3f70f4e04fa9e3851b5ba956c39c64ff3bf4c48028255a069369d65d3e3dc	success	66	40159	fcfc173325ae104971344d6daea93c8089a472f712f938cfbd16c519ba82c551	119644		fixture-hive-15	cypher-graph-id-predicate	64	1	fixture-hive-15	1	0	0	1	0	66	1	1	63	1	0
graph-id-parameter-wrapped-contains-target-47-dense	graph-id	graph-id-parameter-wrapped-contains	dense	graph-id-parameter-equals-and-wrapped-contains	parameters	properties	200	fixture-hive-15	fixture-hive-15	1	d5c3f70f4e04fa9e3851b5ba956c39c64ff3bf4c48028255a069369d65d3e3dc	success	200	97359	d162ad37d2e7b659e55cddb63b7d42e922fbd2396ae9679f7648226751bb7a13	260608		fixture-hive-15	cypher-graph-id-predicate	64	1	fixture-hive-15	1	0	0	1	0	200	1	1	63	1	0
graph-id-parameter-wrapped-contains-target-48-zero	graph-id	graph-id-parameter-wrapped-contains	zero	graph-id-parameter-equals-and-wrapped-contains	parameters	properties	200	fixture-kotlin-compiler-00	fixture-kotlin-compiler-00	1	e0590ddba3b9b9f8de79bee6771cc2f41482d9bcf2b6d495c533f4d523602a1c	success	0	147	805c8c7334c868e18e2be84be95b83cc60895722d739c2b164a68be4cd410c49	94147			cypher-graph-id-predicate	64	1	fixture-kotlin-compiler-00	1	0	0	1	0	1	1	1	63	1	0
graph-id-parameter-wrapped-contains-target-48-targeted	graph-id	graph-id-parameter-wrapped-contains	targeted	graph-id-parameter-equals-and-wrapped-contains	parameters	properties	200	fixture-kotlin-compiler-00	fixture-kotlin-compiler-00	1	e0590ddba3b9b9f8de79bee6771cc2f41482d9bcf2b6d495c533f4d523602a1c	success	10	6351	274597a5e0e535d6581734920f9ffbc39062a84a13ad9d85823a8f12df219dfd	119523		fixture-kotlin-compiler-00	cypher-graph-id-predicate	64	1	fixture-kotlin-compiler-00	1	0	0	1	0	10	1	1	63	1	0
graph-id-parameter-wrapped-contains-target-48-dense	graph-id	graph-id-parameter-wrapped-contains	dense	graph-id-parameter-equals-and-wrapped-contains	parameters	properties	200	fixture-kotlin-compiler-00	fixture-kotlin-compiler-00	1	e0590ddba3b9b9f8de79bee6771cc2f41482d9bcf2b6d495c533f4d523602a1c	success	200	97301	4abd067ea3c7496241f2623586a132809a81e33bd08c7645b717be3ee7ee2542	174106		fixture-kotlin-compiler-00	cypher-graph-id-predicate	64	1	fixture-kotlin-compiler-00	1	0	0	1	0	200	1	1	63	1	0
graph-id-parameter-wrapped-contains-target-49-zero	graph-id	graph-id-parameter-wrapped-contains	zero	graph-id-parameter-equals-and-wrapped-contains	parameters	properties	200	fixture-kotlin-compiler-01	fixture-kotlin-compiler-01	1	a2378f34cd746f343988852d75ea5d50b8bfe89e6cd965dacb19b742e3a8c966	success	0	147	805c8c7334c868e18e2be84be95b83cc60895722d739c2b164a68be4cd410c49	96651			cypher-graph-id-predicate	64	1	fixture-kotlin-compiler-01	1	0	0	1	0	1	1	1	63	1	0
graph-id-parameter-wrapped-contains-target-49-targeted	graph-id	graph-id-parameter-wrapped-contains	targeted	graph-id-parameter-equals-and-wrapped-contains	parameters	properties	200	fixture-kotlin-compiler-01	fixture-kotlin-compiler-01	1	a2378f34cd746f343988852d75ea5d50b8bfe89e6cd965dacb19b742e3a8c966	success	4	2598	d72c68d3fe0e8e0257e28136dfcba3f279a31d304b51dc9611dfa7b0f16169a8	92944		fixture-kotlin-compiler-01	cypher-graph-id-predicate	64	1	fixture-kotlin-compiler-01	1	0	0	1	0	4	1	1	63	1	0
graph-id-parameter-wrapped-contains-target-49-dense	graph-id	graph-id-parameter-wrapped-contains	dense	graph-id-parameter-equals-and-wrapped-contains	parameters	properties	200	fixture-kotlin-compiler-01	fixture-kotlin-compiler-01	1	a2378f34cd746f343988852d75ea5d50b8bfe89e6cd965dacb19b742e3a8c966	success	200	95854	6848b85ce01299f2ea05bcca3edaa8c69792c61113aeaea43a401f01793bb61d	168686		fixture-kotlin-compiler-01	cypher-graph-id-predicate	64	1	fixture-kotlin-compiler-01	1	0	0	1	0	200	1	1	63	1	0
graph-id-parameter-wrapped-contains-target-50-zero	graph-id	graph-id-parameter-wrapped-contains	zero	graph-id-parameter-equals-and-wrapped-contains	parameters	properties	200	fixture-kotlin-compiler-02	fixture-kotlin-compiler-02	1	b4996e09ff7c9fb90ce978374faa803d01485382a499402abfd9028048b79bf7	success	0	147	805c8c7334c868e18e2be84be95b83cc60895722d739c2b164a68be4cd410c49	88536			cypher-graph-id-predicate	64	1	fixture-kotlin-compiler-02	1	0	0	1	0	1	1	1	63	1	0
graph-id-parameter-wrapped-contains-target-50-targeted	graph-id	graph-id-parameter-wrapped-contains	targeted	graph-id-parameter-equals-and-wrapped-contains	parameters	properties	200	fixture-kotlin-compiler-02	fixture-kotlin-compiler-02	1	b4996e09ff7c9fb90ce978374faa803d01485382a499402abfd9028048b79bf7	success	1	791	85dd6bfd8cfa28628294c822275e5bb7a279ea8142c47ff362a55c060e68da37	86341		fixture-kotlin-compiler-02	cypher-graph-id-predicate	64	1	fixture-kotlin-compiler-02	1	0	0	1	0	1	1	1	63	1	0
graph-id-parameter-wrapped-contains-target-50-dense	graph-id	graph-id-parameter-wrapped-contains	dense	graph-id-parameter-equals-and-wrapped-contains	parameters	properties	200	fixture-kotlin-compiler-02	fixture-kotlin-compiler-02	1	b4996e09ff7c9fb90ce978374faa803d01485382a499402abfd9028048b79bf7	success	200	91564	fbf180fab82c32493738bb60bb29955d3f45810bb23806d614f71964200069bc	171992		fixture-kotlin-compiler-02	cypher-graph-id-predicate	64	1	fixture-kotlin-compiler-02	1	0	0	1	0	200	1	1	63	1	0
graph-id-parameter-wrapped-contains-target-51-zero	graph-id	graph-id-parameter-wrapped-contains	zero	graph-id-parameter-equals-and-wrapped-contains	parameters	properties	200	fixture-kotlin-compiler-03	fixture-kotlin-compiler-03	1	a2350bbcc2f1ba8738ae72b167e586240ce7149551e3fba11f7a358d11b7801e	success	0	147	805c8c7334c868e18e2be84be95b83cc60895722d739c2b164a68be4cd410c49	90910			cypher-graph-id-predicate	64	1	fixture-kotlin-compiler-03	1	0	0	1	0	1	1	1	63	1	0
graph-id-parameter-wrapped-contains-target-51-targeted	graph-id	graph-id-parameter-wrapped-contains	targeted	graph-id-parameter-equals-and-wrapped-contains	parameters	properties	200	fixture-kotlin-compiler-03	fixture-kotlin-compiler-03	1	a2350bbcc2f1ba8738ae72b167e586240ce7149551e3fba11f7a358d11b7801e	success	1	798	64ae9673d519a121b865dc50f576291bddc3c4c81c474d10cfb9d0da1dce7c60	88987		fixture-kotlin-compiler-03	cypher-graph-id-predicate	64	1	fixture-kotlin-compiler-03	1	0	0	1	0	1	1	1	63	1	0
graph-id-parameter-wrapped-contains-target-51-dense	graph-id	graph-id-parameter-wrapped-contains	dense	graph-id-parameter-equals-and-wrapped-contains	parameters	properties	200	fixture-kotlin-compiler-03	fixture-kotlin-compiler-03	1	a2350bbcc2f1ba8738ae72b167e586240ce7149551e3fba11f7a358d11b7801e	success	200	94730	d508f1cb1d0c5646118a68e8a87c49c66a454661e438e3f033289c173598f51f	173615		fixture-kotlin-compiler-03	cypher-graph-id-predicate	64	1	fixture-kotlin-compiler-03	1	0	0	1	0	200	1	1	63	1	0
graph-id-parameter-wrapped-contains-target-52-zero	graph-id	graph-id-parameter-wrapped-contains	zero	graph-id-parameter-equals-and-wrapped-contains	parameters	properties	200	fixture-kotlin-compiler-04	fixture-kotlin-compiler-04	1	1835d0591826a821b1c4a8a0df21cd273c40697176c253109b1663d9e56d64a0	success	0	147	805c8c7334c868e18e2be84be95b83cc60895722d739c2b164a68be4cd410c49	102652			cypher-graph-id-predicate	64	1	fixture-kotlin-compiler-04	1	0	0	1	0	1	1	1	63	1	0
graph-id-parameter-wrapped-contains-target-52-targeted	graph-id	graph-id-parameter-wrapped-contains	targeted	graph-id-parameter-equals-and-wrapped-contains	parameters	properties	200	fixture-kotlin-compiler-04	fixture-kotlin-compiler-04	1	1835d0591826a821b1c4a8a0df21cd273c40697176c253109b1663d9e56d64a0	success	1	792	6691abe0a1f608719107bf4ffc3fa52632123ab77cb7c2c3c6536cd32de533b1	89428		fixture-kotlin-compiler-04	cypher-graph-id-predicate	64	1	fixture-kotlin-compiler-04	1	0	0	1	0	1	1	1	63	1	0
graph-id-parameter-wrapped-contains-target-52-dense	graph-id	graph-id-parameter-wrapped-contains	dense	graph-id-parameter-equals-and-wrapped-contains	parameters	properties	200	fixture-kotlin-compiler-04	fixture-kotlin-compiler-04	1	1835d0591826a821b1c4a8a0df21cd273c40697176c253109b1663d9e56d64a0	success	200	96891	db4b9bfadbbb61a039e76484090eda57349ec9585a7c795f46793352fb739e7c	166993		fixture-kotlin-compiler-04	cypher-graph-id-predicate	64	1	fixture-kotlin-compiler-04	1	0	0	1	0	200	1	1	63	1	0
graph-id-parameter-wrapped-contains-target-53-zero	graph-id	graph-id-parameter-wrapped-contains	zero	graph-id-parameter-equals-and-wrapped-contains	parameters	properties	200	fixture-kotlin-compiler-05	fixture-kotlin-compiler-05	1	65de36ec09041582c4ff4a57708f099a7d72d4907a327e47ae026767f5ff0db0	success	0	147	805c8c7334c868e18e2be84be95b83cc60895722d739c2b164a68be4cd410c49	94557			cypher-graph-id-predicate	64	1	fixture-kotlin-compiler-05	1	0	0	1	0	1	1	1	63	1	0
graph-id-parameter-wrapped-contains-target-53-targeted	graph-id	graph-id-parameter-wrapped-contains	targeted	graph-id-parameter-equals-and-wrapped-contains	parameters	properties	200	fixture-kotlin-compiler-05	fixture-kotlin-compiler-05	1	65de36ec09041582c4ff4a57708f099a7d72d4907a327e47ae026767f5ff0db0	success	6	3910	d987ccd9722d9cd5492fcbb62423f1a89bb41e05ea0e3fb44e7cc793b9656b12	91732		fixture-kotlin-compiler-05	cypher-graph-id-predicate	64	1	fixture-kotlin-compiler-05	1	0	0	1	0	6	1	1	63	1	0
graph-id-parameter-wrapped-contains-target-53-dense	graph-id	graph-id-parameter-wrapped-contains	dense	graph-id-parameter-equals-and-wrapped-contains	parameters	properties	200	fixture-kotlin-compiler-05	fixture-kotlin-compiler-05	1	65de36ec09041582c4ff4a57708f099a7d72d4907a327e47ae026767f5ff0db0	success	200	94720	c9e7b59e830a820a47234ca1fd54046d1c260db318e05adc24dc748ca7fe29c0	168515		fixture-kotlin-compiler-05	cypher-graph-id-predicate	64	1	fixture-kotlin-compiler-05	1	0	0	1	0	200	1	1	63	1	0
graph-id-parameter-wrapped-contains-target-54-zero	graph-id	graph-id-parameter-wrapped-contains	zero	graph-id-parameter-equals-and-wrapped-contains	parameters	properties	200	fixture-kotlin-compiler-06	fixture-kotlin-compiler-06	1	455e2dea20c33d78ad4888048700c76ead131cc5fff61b1b6745f3cf019d98c7	success	0	147	805c8c7334c868e18e2be84be95b83cc60895722d739c2b164a68be4cd410c49	89668			cypher-graph-id-predicate	64	1	fixture-kotlin-compiler-06	1	0	0	1	0	1	1	1	63	1	0
graph-id-parameter-wrapped-contains-target-54-targeted	graph-id	graph-id-parameter-wrapped-contains	targeted	graph-id-parameter-equals-and-wrapped-contains	parameters	properties	200	fixture-kotlin-compiler-06	fixture-kotlin-compiler-06	1	455e2dea20c33d78ad4888048700c76ead131cc5fff61b1b6745f3cf019d98c7	success	3	1869	5157205e66d4cebff8b628175c555fdb333564013eabc5f496e37f9a4ad2b606	90209		fixture-kotlin-compiler-06	cypher-graph-id-predicate	64	1	fixture-kotlin-compiler-06	1	0	0	1	0	3	1	1	63	1	0
graph-id-parameter-wrapped-contains-target-54-dense	graph-id	graph-id-parameter-wrapped-contains	dense	graph-id-parameter-equals-and-wrapped-contains	parameters	properties	200	fixture-kotlin-compiler-06	fixture-kotlin-compiler-06	1	455e2dea20c33d78ad4888048700c76ead131cc5fff61b1b6745f3cf019d98c7	success	200	92798	60b390f0b190e46f6fd1b4929641c7324c9142e0f18a85bc338e7b41ebe62db5	168315		fixture-kotlin-compiler-06	cypher-graph-id-predicate	64	1	fixture-kotlin-compiler-06	1	0	0	1	0	200	1	1	63	1	0
graph-id-parameter-wrapped-contains-target-55-zero	graph-id	graph-id-parameter-wrapped-contains	zero	graph-id-parameter-equals-and-wrapped-contains	parameters	properties	200	fixture-kotlin-compiler-07	fixture-kotlin-compiler-07	1	6c1c49dd5e3fe90a5fa68f9ab09606732d59b2cb006a42f463d6390d9a27f2a1	success	0	147	805c8c7334c868e18e2be84be95b83cc60895722d739c2b164a68be4cd410c49	102191			cypher-graph-id-predicate	64	1	fixture-kotlin-compiler-07	1	0	0	1	0	1	1	1	63	1	0
graph-id-parameter-wrapped-contains-target-55-targeted	graph-id	graph-id-parameter-wrapped-contains	targeted	graph-id-parameter-equals-and-wrapped-contains	parameters	properties	200	fixture-kotlin-compiler-07	fixture-kotlin-compiler-07	1	6c1c49dd5e3fe90a5fa68f9ab09606732d59b2cb006a42f463d6390d9a27f2a1	success	10	6054	f5c10be5db49f33f0b8307328bfb058b342da4d9241c33217038447620028ab5	93254		fixture-kotlin-compiler-07	cypher-graph-id-predicate	64	1	fixture-kotlin-compiler-07	1	0	0	1	0	10	1	1	63	1	0
graph-id-parameter-wrapped-contains-target-55-dense	graph-id	graph-id-parameter-wrapped-contains	dense	graph-id-parameter-equals-and-wrapped-contains	parameters	properties	200	fixture-kotlin-compiler-07	fixture-kotlin-compiler-07	1	6c1c49dd5e3fe90a5fa68f9ab09606732d59b2cb006a42f463d6390d9a27f2a1	success	200	96112	0f6d4800cdd86ccdf20aab2fe6bd2924f66d70c9fcca46057385e09ba151a798	176551		fixture-kotlin-compiler-07	cypher-graph-id-predicate	64	1	fixture-kotlin-compiler-07	1	0	0	1	0	200	1	1	63	1	0
graph-id-parameter-wrapped-contains-target-56-zero	graph-id	graph-id-parameter-wrapped-contains	zero	graph-id-parameter-equals-and-wrapped-contains	parameters	properties	200	fixture-kotlin-compiler-08	fixture-kotlin-compiler-08	1	37be466842d1f239df76fe55e92f6769fc0b2d6e47e43f0020c40a8ce8422cb0	success	0	147	805c8c7334c868e18e2be84be95b83cc60895722d739c2b164a68be4cd410c49	114505			cypher-graph-id-predicate	64	1	fixture-kotlin-compiler-08	1	0	0	1	0	1	1	1	63	1	0
graph-id-parameter-wrapped-contains-target-56-targeted	graph-id	graph-id-parameter-wrapped-contains	targeted	graph-id-parameter-equals-and-wrapped-contains	parameters	properties	200	fixture-kotlin-compiler-08	fixture-kotlin-compiler-08	1	37be466842d1f239df76fe55e92f6769fc0b2d6e47e43f0020c40a8ce8422cb0	success	1	802	7ebbe5301915ad5c39692b733c3f39851576d09270c89f830b9e80b342a866f6	101890		fixture-kotlin-compiler-08	cypher-graph-id-predicate	64	1	fixture-kotlin-compiler-08	1	0	0	1	0	1	1	1	63	1	0
graph-id-parameter-wrapped-contains-target-56-dense	graph-id	graph-id-parameter-wrapped-contains	dense	graph-id-parameter-equals-and-wrapped-contains	parameters	properties	200	fixture-kotlin-compiler-08	fixture-kotlin-compiler-08	1	37be466842d1f239df76fe55e92f6769fc0b2d6e47e43f0020c40a8ce8422cb0	success	200	93704	b778fc4edfb3c1031b90b2d3d121fd31958733afdc68d3f1cde538a17b738328	211485		fixture-kotlin-compiler-08	cypher-graph-id-predicate	64	1	fixture-kotlin-compiler-08	1	0	0	1	0	200	1	1	63	1	0
graph-id-parameter-wrapped-contains-target-57-zero	graph-id	graph-id-parameter-wrapped-contains	zero	graph-id-parameter-equals-and-wrapped-contains	parameters	properties	200	fixture-kotlin-compiler-09	fixture-kotlin-compiler-09	1	5bacb6648bba38e91cc033e69d42538b040b89f913b58ee2afebb53ba8d35c57	success	0	147	805c8c7334c868e18e2be84be95b83cc60895722d739c2b164a68be4cd410c49	95589			cypher-graph-id-predicate	64	1	fixture-kotlin-compiler-09	1	0	0	1	0	1	1	1	63	1	0
graph-id-parameter-wrapped-contains-target-57-targeted	graph-id	graph-id-parameter-wrapped-contains	targeted	graph-id-parameter-equals-and-wrapped-contains	parameters	properties	200	fixture-kotlin-compiler-09	fixture-kotlin-compiler-09	1	5bacb6648bba38e91cc033e69d42538b040b89f913b58ee2afebb53ba8d35c57	success	1	765	0812dc51126311be5cac082c5d39676905cd9a0811e6a08f17ec6343dc843471	84287		fixture-kotlin-compiler-09	cypher-graph-id-predicate	64	1	fixture-kotlin-compiler-09	1	0	0	1	0	1	1	1	63	1	0
graph-id-parameter-wrapped-contains-target-57-dense	graph-id	graph-id-parameter-wrapped-contains	dense	graph-id-parameter-equals-and-wrapped-contains	parameters	properties	200	fixture-kotlin-compiler-09	fixture-kotlin-compiler-09	1	5bacb6648bba38e91cc033e69d42538b040b89f913b58ee2afebb53ba8d35c57	success	200	99258	415f437224f091ed04a72fa493ee405ec437acfcfdf54dee50789c56e5356f10	173115		fixture-kotlin-compiler-09	cypher-graph-id-predicate	64	1	fixture-kotlin-compiler-09	1	0	0	1	0	200	1	1	63	1	0
graph-id-parameter-wrapped-contains-target-58-zero	graph-id	graph-id-parameter-wrapped-contains	zero	graph-id-parameter-equals-and-wrapped-contains	parameters	properties	200	fixture-kotlin-compiler-10	fixture-kotlin-compiler-10	1	634f1070c869c5f39ed7722d97b19c8976bc7fee623a8cfc705bcdd955e20759	success	0	147	805c8c7334c868e18e2be84be95b83cc60895722d739c2b164a68be4cd410c49	94627			cypher-graph-id-predicate	64	1	fixture-kotlin-compiler-10	1	0	0	1	0	1	1	1	63	1	0
graph-id-parameter-wrapped-contains-target-58-targeted	graph-id	graph-id-parameter-wrapped-contains	targeted	graph-id-parameter-equals-and-wrapped-contains	parameters	properties	200	fixture-kotlin-compiler-10	fixture-kotlin-compiler-10	1	634f1070c869c5f39ed7722d97b19c8976bc7fee623a8cfc705bcdd955e20759	success	12	7029	1df616dc12f8aa99df8ef1921ad6c878afdd2d37362d488527ffbb7ddbe7f6e3	109164		fixture-kotlin-compiler-10	cypher-graph-id-predicate	64	1	fixture-kotlin-compiler-10	1	0	0	1	0	12	1	1	63	1	0
graph-id-parameter-wrapped-contains-target-58-dense	graph-id	graph-id-parameter-wrapped-contains	dense	graph-id-parameter-equals-and-wrapped-contains	parameters	properties	200	fixture-kotlin-compiler-10	fixture-kotlin-compiler-10	1	634f1070c869c5f39ed7722d97b19c8976bc7fee623a8cfc705bcdd955e20759	success	200	94948	3f3fd3df372307937afdfd0915ce035266497833c5712760faf456eece659c97	153677		fixture-kotlin-compiler-10	cypher-graph-id-predicate	64	1	fixture-kotlin-compiler-10	1	0	0	1	0	200	1	1	63	1	0
graph-id-parameter-wrapped-contains-target-59-zero	graph-id	graph-id-parameter-wrapped-contains	zero	graph-id-parameter-equals-and-wrapped-contains	parameters	properties	200	fixture-kotlin-compiler-11	fixture-kotlin-compiler-11	1	9e1bbfe33d12ec072b828f417bb9dcdab26d7daecb14898f31eb2d73cdaff93c	success	0	147	805c8c7334c868e18e2be84be95b83cc60895722d739c2b164a68be4cd410c49	95328			cypher-graph-id-predicate	64	1	fixture-kotlin-compiler-11	1	0	0	1	0	1	1	1	63	1	0
graph-id-parameter-wrapped-contains-target-59-targeted	graph-id	graph-id-parameter-wrapped-contains	targeted	graph-id-parameter-equals-and-wrapped-contains	parameters	properties	200	fixture-kotlin-compiler-11	fixture-kotlin-compiler-11	1	9e1bbfe33d12ec072b828f417bb9dcdab26d7daecb14898f31eb2d73cdaff93c	success	11	6729	3d47749a3f582c73a2df58bf3f9b3beed9c001af5d9bd91af1d30abe76d3f524	95438		fixture-kotlin-compiler-11	cypher-graph-id-predicate	64	1	fixture-kotlin-compiler-11	1	0	0	1	0	11	1	1	63	1	0
graph-id-parameter-wrapped-contains-target-59-dense	graph-id	graph-id-parameter-wrapped-contains	dense	graph-id-parameter-equals-and-wrapped-contains	parameters	properties	200	fixture-kotlin-compiler-11	fixture-kotlin-compiler-11	1	9e1bbfe33d12ec072b828f417bb9dcdab26d7daecb14898f31eb2d73cdaff93c	success	200	89429	54106029dd8c0484e4d4612954bdb30eebd525f910018413d1ee09bf2ea5c8ac	192761		fixture-kotlin-compiler-11	cypher-graph-id-predicate	64	1	fixture-kotlin-compiler-11	1	0	0	1	0	200	1	1	63	1	0
graph-id-parameter-wrapped-contains-target-60-zero	graph-id	graph-id-parameter-wrapped-contains	zero	graph-id-parameter-equals-and-wrapped-contains	parameters	properties	200	fixture-kotlin-compiler-12	fixture-kotlin-compiler-12	1	45b0266366bbda196d2004ab993b070c325a01ec90b2c254cb7a89f0070e843a	success	0	147	805c8c7334c868e18e2be84be95b83cc60895722d739c2b164a68be4cd410c49	100599			cypher-graph-id-predicate	64	1	fixture-kotlin-compiler-12	1	0	0	1	0	1	1	1	63	1	0
graph-id-parameter-wrapped-contains-target-60-targeted	graph-id	graph-id-parameter-wrapped-contains	targeted	graph-id-parameter-equals-and-wrapped-contains	parameters	properties	200	fixture-kotlin-compiler-12	fixture-kotlin-compiler-12	1	45b0266366bbda196d2004ab993b070c325a01ec90b2c254cb7a89f0070e843a	success	13	7599	88379c6b80e2b23974c6b6a1e2c6fc3f3680ec705c71b7cecbc9a2228bf7fa26	90099		fixture-kotlin-compiler-12	cypher-graph-id-predicate	64	1	fixture-kotlin-compiler-12	1	0	0	1	0	13	1	1	63	1	0
graph-id-parameter-wrapped-contains-target-60-dense	graph-id	graph-id-parameter-wrapped-contains	dense	graph-id-parameter-equals-and-wrapped-contains	parameters	properties	200	fixture-kotlin-compiler-12	fixture-kotlin-compiler-12	1	45b0266366bbda196d2004ab993b070c325a01ec90b2c254cb7a89f0070e843a	success	200	94040	5d662b90e716477fff887768402c85462026d6042e22f1d7fafdb565b9f9efc8	151353		fixture-kotlin-compiler-12	cypher-graph-id-predicate	64	1	fixture-kotlin-compiler-12	1	0	0	1	0	200	1	1	63	1	0
graph-id-parameter-wrapped-contains-target-61-zero	graph-id	graph-id-parameter-wrapped-contains	zero	graph-id-parameter-equals-and-wrapped-contains	parameters	properties	200	fixture-kotlin-compiler-13	fixture-kotlin-compiler-13	1	aedca61396c53e1f40a6a8408974c2e44a02b0dd40978618ab51b02da9ecb430	success	0	147	805c8c7334c868e18e2be84be95b83cc60895722d739c2b164a68be4cd410c49	88095			cypher-graph-id-predicate	64	1	fixture-kotlin-compiler-13	1	0	0	1	0	1	1	1	63	1	0
graph-id-parameter-wrapped-contains-target-61-targeted	graph-id	graph-id-parameter-wrapped-contains	targeted	graph-id-parameter-equals-and-wrapped-contains	parameters	properties	200	fixture-kotlin-compiler-13	fixture-kotlin-compiler-13	1	aedca61396c53e1f40a6a8408974c2e44a02b0dd40978618ab51b02da9ecb430	success	8	5180	b6f5bd5828bd66e4f09f8198b509f3673986060cf32e2725dff13d9bcb4d6e9b	101369		fixture-kotlin-compiler-13	cypher-graph-id-predicate	64	1	fixture-kotlin-compiler-13	1	0	0	1	0	8	1	1	63	1	0
graph-id-parameter-wrapped-contains-target-61-dense	graph-id	graph-id-parameter-wrapped-contains	dense	graph-id-parameter-equals-and-wrapped-contains	parameters	properties	200	fixture-kotlin-compiler-13	fixture-kotlin-compiler-13	1	aedca61396c53e1f40a6a8408974c2e44a02b0dd40978618ab51b02da9ecb430	success	200	93638	00f9fdf9bf9dc94ccc0d67b35cb45c01a8e623cfaedfdb70da1cc1bfa69daf82	158857		fixture-kotlin-compiler-13	cypher-graph-id-predicate	64	1	fixture-kotlin-compiler-13	1	0	0	1	0	200	1	1	63	1	0
graph-id-parameter-wrapped-contains-target-62-zero	graph-id	graph-id-parameter-wrapped-contains	zero	graph-id-parameter-equals-and-wrapped-contains	parameters	properties	200	fixture-kotlin-compiler-14	fixture-kotlin-compiler-14	1	7f28ad9f946e8d01109ca70944e08883f52dd5c6cb287fa2d5fade1909b610b0	success	0	147	805c8c7334c868e18e2be84be95b83cc60895722d739c2b164a68be4cd410c49	93836			cypher-graph-id-predicate	64	1	fixture-kotlin-compiler-14	1	0	0	1	0	1	1	1	63	1	0
graph-id-parameter-wrapped-contains-target-62-targeted	graph-id	graph-id-parameter-wrapped-contains	targeted	graph-id-parameter-equals-and-wrapped-contains	parameters	properties	200	fixture-kotlin-compiler-14	fixture-kotlin-compiler-14	1	7f28ad9f946e8d01109ca70944e08883f52dd5c6cb287fa2d5fade1909b610b0	success	1	877	f04b3035acb1285487cb68f126c796fd316b35c6ce630f1e71efd88436bf28f2	90149		fixture-kotlin-compiler-14	cypher-graph-id-predicate	64	1	fixture-kotlin-compiler-14	1	0	0	1	0	1	1	1	63	1	0
graph-id-parameter-wrapped-contains-target-62-dense	graph-id	graph-id-parameter-wrapped-contains	dense	graph-id-parameter-equals-and-wrapped-contains	parameters	properties	200	fixture-kotlin-compiler-14	fixture-kotlin-compiler-14	1	7f28ad9f946e8d01109ca70944e08883f52dd5c6cb287fa2d5fade1909b610b0	success	200	97449	f19574ac46a01dafc16136d9e8c4835b8d40c72753078eb8a67a1d7d438dd937	184255		fixture-kotlin-compiler-14	cypher-graph-id-predicate	64	1	fixture-kotlin-compiler-14	1	0	0	1	0	200	1	1	63	1	0
graph-id-parameter-wrapped-contains-target-63-zero	graph-id	graph-id-parameter-wrapped-contains	zero	graph-id-parameter-equals-and-wrapped-contains	parameters	properties	200	fixture-kotlin-compiler-15	fixture-kotlin-compiler-15	1	86015e396789c5c1cf86d1df3b0b97987a7b461bfcfb129491f3d758793d1d65	success	0	147	805c8c7334c868e18e2be84be95b83cc60895722d739c2b164a68be4cd410c49	96952			cypher-graph-id-predicate	64	1	fixture-kotlin-compiler-15	1	0	0	1	0	1	1	1	63	1	0
graph-id-parameter-wrapped-contains-target-63-targeted	graph-id	graph-id-parameter-wrapped-contains	targeted	graph-id-parameter-equals-and-wrapped-contains	parameters	properties	200	fixture-kotlin-compiler-15	fixture-kotlin-compiler-15	1	86015e396789c5c1cf86d1df3b0b97987a7b461bfcfb129491f3d758793d1d65	success	1	778	1734729b6952d2a8eff267ca86b458aa4fd5e0c703c1fa60dd66478cd3c49356	87243		fixture-kotlin-compiler-15	cypher-graph-id-predicate	64	1	fixture-kotlin-compiler-15	1	0	0	1	0	1	1	1	63	1	0
graph-id-parameter-wrapped-contains-target-63-dense	graph-id	graph-id-parameter-wrapped-contains	dense	graph-id-parameter-equals-and-wrapped-contains	parameters	properties	200	fixture-kotlin-compiler-15	fixture-kotlin-compiler-15	1	86015e396789c5c1cf86d1df3b0b97987a7b461bfcfb129491f3d758793d1d65	success	200	91412	082721be4b0e9234c67505fe172c638dcb4ef8924db9c6264a191473dfc4e443	152986		fixture-kotlin-compiler-15	cypher-graph-id-predicate	64	1	fixture-kotlin-compiler-15	1	0	0	1	0	200	1	1	63	1	0
request-selected-source-wrapped-contains-target-00-zero	graph-parameter	request-selected-source-wrapped-contains	zero	request-graph-selection-and-wrapped-contains	request-selected-source	properties	200	fixture-android-00	fixture-android-00	1	47c5f2f8275ab2447995a1b45a36cd5b0b70e258e0f75934abd1f0cef5c2b93e	success	0	147	805c8c7334c868e18e2be84be95b83cc60895722d739c2b164a68be4cd410c49	113562			request-selected-source	1	1	fixture-android-00	1	0	0	1	0	1	0	0	0	1	0
request-selected-source-wrapped-contains-target-00-targeted	graph-parameter	request-selected-source-wrapped-contains	targeted	request-graph-selection-and-wrapped-contains	request-selected-source	properties	200	fixture-android-00	fixture-android-00	1	47c5f2f8275ab2447995a1b45a36cd5b0b70e258e0f75934abd1f0cef5c2b93e	success	10	5730	00c81103244dc6d42abdc3894d771e5a24957dcf7e5ad4d8dc686b1d7e0cb89e	99296		fixture-android-00	request-selected-source	1	1	fixture-android-00	1	0	0	1	0	10	0	0	0	1	0
request-selected-source-wrapped-contains-target-00-dense	graph-parameter	request-selected-source-wrapped-contains	dense	request-graph-selection-and-wrapped-contains	request-selected-source	properties	200	fixture-android-00	fixture-android-00	1	47c5f2f8275ab2447995a1b45a36cd5b0b70e258e0f75934abd1f0cef5c2b93e	success	200	84411	3bdee68309e62bee93f47848258ded90b1763d55841fa57d8b8fd21867653c44	166501		fixture-android-00	request-selected-source	1	1	fixture-android-00	1	0	0	1	0	200	0	0	0	1	0
request-selected-source-wrapped-contains-target-01-zero	graph-parameter	request-selected-source-wrapped-contains	zero	request-graph-selection-and-wrapped-contains	request-selected-source	properties	200	fixture-android-01	fixture-android-01	1	e4528616b87301f557512ab9d9e4e598561300f98d2e85100725c35158534ecc	success	0	147	805c8c7334c868e18e2be84be95b83cc60895722d739c2b164a68be4cd410c49	88346			request-selected-source	1	1	fixture-android-01	1	0	0	1	0	1	0	0	0	1	0
request-selected-source-wrapped-contains-target-01-targeted	graph-parameter	request-selected-source-wrapped-contains	targeted	request-graph-selection-and-wrapped-contains	request-selected-source	properties	200	fixture-android-01	fixture-android-01	1	e4528616b87301f557512ab9d9e4e598561300f98d2e85100725c35158534ecc	success	1	758	b33173a678013ac093c95f3fccc5cd5af96ea18082387e1fc872de4817e234b2	94978		fixture-android-01	request-selected-source	1	1	fixture-android-01	1	0	0	1	0	1	0	0	0	1	0
request-selected-source-wrapped-contains-target-01-dense	graph-parameter	request-selected-source-wrapped-contains	dense	request-graph-selection-and-wrapped-contains	request-selected-source	properties	200	fixture-android-01	fixture-android-01	1	e4528616b87301f557512ab9d9e4e598561300f98d2e85100725c35158534ecc	success	200	84093	d9daf98f04e06930dfeb91ddd4e8ae597b8f9154e54ac1018db6a25ea8ddd84f	162223		fixture-android-01	request-selected-source	1	1	fixture-android-01	1	0	0	1	0	200	0	0	0	1	0
request-selected-source-wrapped-contains-target-02-zero	graph-parameter	request-selected-source-wrapped-contains	zero	request-graph-selection-and-wrapped-contains	request-selected-source	properties	200	fixture-android-02	fixture-android-02	1	1a026780ab945a978bf2d821f0728dd8a679a4b4838c8a3b7703d006d3fae584	success	0	147	805c8c7334c868e18e2be84be95b83cc60895722d739c2b164a68be4cd410c49	86602			request-selected-source	1	1	fixture-android-02	1	0	0	1	0	1	0	0	0	1	0
request-selected-source-wrapped-contains-target-02-targeted	graph-parameter	request-selected-source-wrapped-contains	targeted	request-graph-selection-and-wrapped-contains	request-selected-source	properties	200	fixture-android-02	fixture-android-02	1	1a026780ab945a978bf2d821f0728dd8a679a4b4838c8a3b7703d006d3fae584	success	9	5751	0754b66fd035110585cc31e6af555127395a9cd85c413f0a859de6b596c3b70d	100428		fixture-android-02	request-selected-source	1	1	fixture-android-02	1	0	0	1	0	9	0	0	0	1	0
request-selected-source-wrapped-contains-target-02-dense	graph-parameter	request-selected-source-wrapped-contains	dense	request-graph-selection-and-wrapped-contains	request-selected-source	properties	200	fixture-android-02	fixture-android-02	1	1a026780ab945a978bf2d821f0728dd8a679a4b4838c8a3b7703d006d3fae584	success	200	86930	a289774d080329d12351d967c614eae9b16190b55970a757b1f268e21aee3975	169387		fixture-android-02	request-selected-source	1	1	fixture-android-02	1	0	0	1	0	200	0	0	0	1	0
request-selected-source-wrapped-contains-target-03-zero	graph-parameter	request-selected-source-wrapped-contains	zero	request-graph-selection-and-wrapped-contains	request-selected-source	properties	200	fixture-android-03	fixture-android-03	1	3a085dec137def84e2f0fd6c417ca6216ad5c22c415250ab8d225957a37eb876	success	0	147	805c8c7334c868e18e2be84be95b83cc60895722d739c2b164a68be4cd410c49	87244			request-selected-source	1	1	fixture-android-03	1	0	0	1	0	1	0	0	0	1	0
request-selected-source-wrapped-contains-target-03-targeted	graph-parameter	request-selected-source-wrapped-contains	targeted	request-graph-selection-and-wrapped-contains	request-selected-source	properties	200	fixture-android-03	fixture-android-03	1	3a085dec137def84e2f0fd6c417ca6216ad5c22c415250ab8d225957a37eb876	success	2	1333	77f2da9b0b5a99e6332b957b281149f5e269d152177e36aaa74e86db4bc23bf9	93645		fixture-android-03	request-selected-source	1	1	fixture-android-03	1	0	0	1	0	2	0	0	0	1	0
request-selected-source-wrapped-contains-target-03-dense	graph-parameter	request-selected-source-wrapped-contains	dense	request-graph-selection-and-wrapped-contains	request-selected-source	properties	200	fixture-android-03	fixture-android-03	1	3a085dec137def84e2f0fd6c417ca6216ad5c22c415250ab8d225957a37eb876	success	200	85151	08fbf5fde8e917175e0dca625983535621218120265897bdd0781fe99669b859	195005		fixture-android-03	request-selected-source	1	1	fixture-android-03	1	0	0	1	0	200	0	0	0	1	0
request-selected-source-wrapped-contains-target-04-zero	graph-parameter	request-selected-source-wrapped-contains	zero	request-graph-selection-and-wrapped-contains	request-selected-source	properties	200	fixture-android-04	fixture-android-04	1	72b2db3813782b7057457474cb692d1ab65cbced9ccd76e7a6348806a1a0fdd6	success	0	147	805c8c7334c868e18e2be84be95b83cc60895722d739c2b164a68be4cd410c49	98795			request-selected-source	1	1	fixture-android-04	1	0	0	1	0	1	0	0	0	1	0
request-selected-source-wrapped-contains-target-04-targeted	graph-parameter	request-selected-source-wrapped-contains	targeted	request-graph-selection-and-wrapped-contains	request-selected-source	properties	200	fixture-android-04	fixture-android-04	1	72b2db3813782b7057457474cb692d1ab65cbced9ccd76e7a6348806a1a0fdd6	success	9	5762	527d81de9e8ca9f5fe9ad0166e1e1711fbccaf3c53281e7e95375f6d55e3a3c7	92384		fixture-android-04	request-selected-source	1	1	fixture-android-04	1	0	0	1	0	9	0	0	0	1	0
request-selected-source-wrapped-contains-target-04-dense	graph-parameter	request-selected-source-wrapped-contains	dense	request-graph-selection-and-wrapped-contains	request-selected-source	properties	200	fixture-android-04	fixture-android-04	1	72b2db3813782b7057457474cb692d1ab65cbced9ccd76e7a6348806a1a0fdd6	success	200	86152	85d9bac3392391ae56f1f03af81d888f398336c8e33a1ef1e42c5409f746f730	162344		fixture-android-04	request-selected-source	1	1	fixture-android-04	1	0	0	1	0	200	0	0	0	1	0
request-selected-source-wrapped-contains-target-05-zero	graph-parameter	request-selected-source-wrapped-contains	zero	request-graph-selection-and-wrapped-contains	request-selected-source	properties	200	fixture-android-05	fixture-android-05	1	9ccc65db4edf2ad696714957f6291e11ba1a158b062c135b909367736aa1cb91	success	0	147	805c8c7334c868e18e2be84be95b83cc60895722d739c2b164a68be4cd410c49	96641			request-selected-source	1	1	fixture-android-05	1	0	0	1	0	1	0	0	0	1	0
request-selected-source-wrapped-contains-target-05-targeted	graph-parameter	request-selected-source-wrapped-contains	targeted	request-graph-selection-and-wrapped-contains	request-selected-source	properties	200	fixture-android-05	fixture-android-05	1	9ccc65db4edf2ad696714957f6291e11ba1a158b062c135b909367736aa1cb91	success	9	5751	48fbef6ae3373a73cfbd3690497aae4d0773c2f4ddadb5d217061398978bcac5	86161		fixture-android-05	request-selected-source	1	1	fixture-android-05	1	0	0	1	0	9	0	0	0	1	0
request-selected-source-wrapped-contains-target-05-dense	graph-parameter	request-selected-source-wrapped-contains	dense	request-graph-selection-and-wrapped-contains	request-selected-source	properties	200	fixture-android-05	fixture-android-05	1	9ccc65db4edf2ad696714957f6291e11ba1a158b062c135b909367736aa1cb91	success	200	90860	57ae61ccbdbf1e83a9ab8de2923c4ac26bcc634ed53a2f1c1a3ee3682afe8cd8	172683		fixture-android-05	request-selected-source	1	1	fixture-android-05	1	0	0	1	0	200	0	0	0	1	0
request-selected-source-wrapped-contains-target-06-zero	graph-parameter	request-selected-source-wrapped-contains	zero	request-graph-selection-and-wrapped-contains	request-selected-source	properties	200	fixture-android-06	fixture-android-06	1	aef2397f89755e0b59e944f9b6062fb5611eea3ea4b05762643e082168bd9526	success	0	147	805c8c7334c868e18e2be84be95b83cc60895722d739c2b164a68be4cd410c49	77445			request-selected-source	1	1	fixture-android-06	1	0	0	1	0	1	0	0	0	1	0
request-selected-source-wrapped-contains-target-06-targeted	graph-parameter	request-selected-source-wrapped-contains	targeted	request-graph-selection-and-wrapped-contains	request-selected-source	properties	200	fixture-android-06	fixture-android-06	1	aef2397f89755e0b59e944f9b6062fb5611eea3ea4b05762643e082168bd9526	success	1	734	2c8962bfda6df26238f145f32f089e1ccdb69cc26ea9c2fde590f543638ba060	91492		fixture-android-06	request-selected-source	1	1	fixture-android-06	1	0	0	1	0	1	0	0	0	1	0
request-selected-source-wrapped-contains-target-06-dense	graph-parameter	request-selected-source-wrapped-contains	dense	request-graph-selection-and-wrapped-contains	request-selected-source	properties	200	fixture-android-06	fixture-android-06	1	aef2397f89755e0b59e944f9b6062fb5611eea3ea4b05762643e082168bd9526	success	200	83941	f7f169fb4cd9a2408b058d9e03502907fe0d9372ba70f2f3749aeaffa464e292	155701		fixture-android-06	request-selected-source	1	1	fixture-android-06	1	0	0	1	0	200	0	0	0	1	0
request-selected-source-wrapped-contains-target-07-zero	graph-parameter	request-selected-source-wrapped-contains	zero	request-graph-selection-and-wrapped-contains	request-selected-source	properties	200	fixture-android-07	fixture-android-07	1	2884fe5070e6e70bd2c44e54af37c56e2cfd19343a8721d5b36093d7d1db0f7d	success	0	147	805c8c7334c868e18e2be84be95b83cc60895722d739c2b164a68be4cd410c49	86341			request-selected-source	1	1	fixture-android-07	1	0	0	1	0	1	0	0	0	1	0
request-selected-source-wrapped-contains-target-07-targeted	graph-parameter	request-selected-source-wrapped-contains	targeted	request-graph-selection-and-wrapped-contains	request-selected-source	properties	200	fixture-android-07	fixture-android-07	1	2884fe5070e6e70bd2c44e54af37c56e2cfd19343a8721d5b36093d7d1db0f7d	success	1	762	d5674d7adcd2d58f93c5f2849f690003bc45d523850181c23ceaa0aacd7e6709	85821		fixture-android-07	request-selected-source	1	1	fixture-android-07	1	0	0	1	0	1	0	0	0	1	0
request-selected-source-wrapped-contains-target-07-dense	graph-parameter	request-selected-source-wrapped-contains	dense	request-graph-selection-and-wrapped-contains	request-selected-source	properties	200	fixture-android-07	fixture-android-07	1	2884fe5070e6e70bd2c44e54af37c56e2cfd19343a8721d5b36093d7d1db0f7d	success	200	84999	35604ee2a3d19ee64c97fa99f4be154714c60028f948c7a23f75b925d4520a5d	160761		fixture-android-07	request-selected-source	1	1	fixture-android-07	1	0	0	1	0	200	0	0	0	1	0
request-selected-source-wrapped-contains-target-08-zero	graph-parameter	request-selected-source-wrapped-contains	zero	request-graph-selection-and-wrapped-contains	request-selected-source	properties	200	fixture-android-08	fixture-android-08	1	25fcd87fe0d089932a1b7f325e822252e3042b73178c7aa80e1c0d12bcef2e47	success	0	147	805c8c7334c868e18e2be84be95b83cc60895722d739c2b164a68be4cd410c49	93335			request-selected-source	1	1	fixture-android-08	1	0	0	1	0	1	0	0	0	1	0
request-selected-source-wrapped-contains-target-08-targeted	graph-parameter	request-selected-source-wrapped-contains	targeted	request-graph-selection-and-wrapped-contains	request-selected-source	properties	200	fixture-android-08	fixture-android-08	1	25fcd87fe0d089932a1b7f325e822252e3042b73178c7aa80e1c0d12bcef2e47	success	2	1322	4b49b28d836e57c2c3f8d43a93acd00a93b169fcd603338f9ab350f541e9665c	85140		fixture-android-08	request-selected-source	1	1	fixture-android-08	1	0	0	1	0	2	0	0	0	1	0
request-selected-source-wrapped-contains-target-08-dense	graph-parameter	request-selected-source-wrapped-contains	dense	request-graph-selection-and-wrapped-contains	request-selected-source	properties	200	fixture-android-08	fixture-android-08	1	25fcd87fe0d089932a1b7f325e822252e3042b73178c7aa80e1c0d12bcef2e47	success	200	85531	ed34441ff634f19c276911a1fa193106a9070fde1065b57fc7ec71132b8d5f66	162995		fixture-android-08	request-selected-source	1	1	fixture-android-08	1	0	0	1	0	200	0	0	0	1	0
request-selected-source-wrapped-contains-target-09-zero	graph-parameter	request-selected-source-wrapped-contains	zero	request-graph-selection-and-wrapped-contains	request-selected-source	properties	200	fixture-android-09	fixture-android-09	1	976770abc561e74e52c74c7f3b827fe70800ef502defdde9a4fa534aa511bd33	success	0	147	805c8c7334c868e18e2be84be95b83cc60895722d739c2b164a68be4cd410c49	87353			request-selected-source	1	1	fixture-android-09	1	0	0	1	0	1	0	0	0	1	0
request-selected-source-wrapped-contains-target-09-targeted	graph-parameter	request-selected-source-wrapped-contains	targeted	request-graph-selection-and-wrapped-contains	request-selected-source	properties	200	fixture-android-09	fixture-android-09	1	976770abc561e74e52c74c7f3b827fe70800ef502defdde9a4fa534aa511bd33	success	1	758	cd83129b7654f9c1ac40c94032a03833f5b559e4d6d903ce58c899d274674334	93485		fixture-android-09	request-selected-source	1	1	fixture-android-09	1	0	0	1	0	1	0	0	0	1	0
request-selected-source-wrapped-contains-target-09-dense	graph-parameter	request-selected-source-wrapped-contains	dense	request-graph-selection-and-wrapped-contains	request-selected-source	properties	200	fixture-android-09	fixture-android-09	1	976770abc561e74e52c74c7f3b827fe70800ef502defdde9a4fa534aa511bd33	success	200	84710	8302a9dc08d5cf465b56333dad5757a62c24d743692acbdbf8e81919ebd097a0	151593		fixture-android-09	request-selected-source	1	1	fixture-android-09	1	0	0	1	0	200	0	0	0	1	0
request-selected-source-wrapped-contains-target-10-zero	graph-parameter	request-selected-source-wrapped-contains	zero	request-graph-selection-and-wrapped-contains	request-selected-source	properties	200	fixture-android-10	fixture-android-10	1	b80280988a4b3197bdd2348d3550b46e5d99e01f6e4a1abcb8668612b4a7bcf1	success	0	147	805c8c7334c868e18e2be84be95b83cc60895722d739c2b164a68be4cd410c49	84689			request-selected-source	1	1	fixture-android-10	1	0	0	1	0	1	0	0	0	1	0
request-selected-source-wrapped-contains-target-10-targeted	graph-parameter	request-selected-source-wrapped-contains	targeted	request-graph-selection-and-wrapped-contains	request-selected-source	properties	200	fixture-android-10	fixture-android-10	1	b80280988a4b3197bdd2348d3550b46e5d99e01f6e4a1abcb8668612b4a7bcf1	success	1	821	f3f4d5fb39ff9fde7dcf6d88e4f52bcc4c277ed98626ccca0b17c4ddbb20b035	77134		fixture-android-10	request-selected-source	1	1	fixture-android-10	1	0	0	1	0	1	0	0	0	1	0
request-selected-source-wrapped-contains-target-10-dense	graph-parameter	request-selected-source-wrapped-contains	dense	request-graph-selection-and-wrapped-contains	request-selected-source	properties	200	fixture-android-10	fixture-android-10	1	b80280988a4b3197bdd2348d3550b46e5d99e01f6e4a1abcb8668612b4a7bcf1	success	200	86914	eec30bd784e53b80ccd384559e9d1f853b8152ad8db90ad1f27d391bf03fc0d8	153327		fixture-android-10	request-selected-source	1	1	fixture-android-10	1	0	0	1	0	200	0	0	0	1	0
request-selected-source-wrapped-contains-target-11-zero	graph-parameter	request-selected-source-wrapped-contains	zero	request-graph-selection-and-wrapped-contains	request-selected-source	properties	200	fixture-android-11	fixture-android-11	1	ff7c9f064acf1b8f0c7104242efebdb73dfcc6db0739150c3d56bcc4ebbfb47f	success	0	147	805c8c7334c868e18e2be84be95b83cc60895722d739c2b164a68be4cd410c49	86672			request-selected-source	1	1	fixture-android-11	1	0	0	1	0	1	0	0	0	1	0
request-selected-source-wrapped-contains-target-11-targeted	graph-parameter	request-selected-source-wrapped-contains	targeted	request-graph-selection-and-wrapped-contains	request-selected-source	properties	200	fixture-android-11	fixture-android-11	1	ff7c9f064acf1b8f0c7104242efebdb73dfcc6db0739150c3d56bcc4ebbfb47f	success	1	758	f8ea31527e372a7d8e0f896bc894b97d788067aa20d0af371a4239382f72a4d1	93816		fixture-android-11	request-selected-source	1	1	fixture-android-11	1	0	0	1	0	1	0	0	0	1	0
request-selected-source-wrapped-contains-target-11-dense	graph-parameter	request-selected-source-wrapped-contains	dense	request-graph-selection-and-wrapped-contains	request-selected-source	properties	200	fixture-android-11	fixture-android-11	1	ff7c9f064acf1b8f0c7104242efebdb73dfcc6db0739150c3d56bcc4ebbfb47f	success	200	84862	36598e3ab73085dce50e849dda8b6a32b1088eab3f02f052e9536f16613b5d4b	156873		fixture-android-11	request-selected-source	1	1	fixture-android-11	1	0	0	1	0	200	0	0	0	1	0
request-selected-source-wrapped-contains-target-12-zero	graph-parameter	request-selected-source-wrapped-contains	zero	request-graph-selection-and-wrapped-contains	request-selected-source	properties	200	fixture-android-12	fixture-android-12	1	fbfd92bdb617f8eef3c84ce77e1116d4f0d1116a40b9fc543770c1a430e829ec	success	0	147	805c8c7334c868e18e2be84be95b83cc60895722d739c2b164a68be4cd410c49	96240			request-selected-source	1	1	fixture-android-12	1	0	0	1	0	1	0	0	0	1	0
request-selected-source-wrapped-contains-target-12-targeted	graph-parameter	request-selected-source-wrapped-contains	targeted	request-graph-selection-and-wrapped-contains	request-selected-source	properties	200	fixture-android-12	fixture-android-12	1	fbfd92bdb617f8eef3c84ce77e1116d4f0d1116a40b9fc543770c1a430e829ec	success	2	1348	569ba2c2d8626f5c6804b713aa9f9bd5155648246e0bb082ab37cf407a3ccee9	87424		fixture-android-12	request-selected-source	1	1	fixture-android-12	1	0	0	1	0	2	0	0	0	1	0
request-selected-source-wrapped-contains-target-12-dense	graph-parameter	request-selected-source-wrapped-contains	dense	request-graph-selection-and-wrapped-contains	request-selected-source	properties	200	fixture-android-12	fixture-android-12	1	fbfd92bdb617f8eef3c84ce77e1116d4f0d1116a40b9fc543770c1a430e829ec	success	200	85894	f22afa8ccaad259750ce50e850502822308b2565f707f284de32cd44d5ef328a	184506		fixture-android-12	request-selected-source	1	1	fixture-android-12	1	0	0	1	0	200	0	0	0	1	0
request-selected-source-wrapped-contains-target-13-zero	graph-parameter	request-selected-source-wrapped-contains	zero	request-graph-selection-and-wrapped-contains	request-selected-source	properties	200	fixture-android-13	fixture-android-13	1	99b23d6e37ddba640f96acd0d7b903185c9b38cc0e6df93374f9fe569bbc4c38	success	0	147	805c8c7334c868e18e2be84be95b83cc60895722d739c2b164a68be4cd410c49	86933			request-selected-source	1	1	fixture-android-13	1	0	0	1	0	1	0	0	0	1	0
request-selected-source-wrapped-contains-target-13-targeted	graph-parameter	request-selected-source-wrapped-contains	targeted	request-graph-selection-and-wrapped-contains	request-selected-source	properties	200	fixture-android-13	fixture-android-13	1	99b23d6e37ddba640f96acd0d7b903185c9b38cc0e6df93374f9fe569bbc4c38	success	5	2824	ebb699b5b0554cc639408add00ca9d9aae37f3553c5e6ea606cb7e66e171933f	89467		fixture-android-13	request-selected-source	1	1	fixture-android-13	1	0	0	1	0	5	0	0	0	1	0
request-selected-source-wrapped-contains-target-13-dense	graph-parameter	request-selected-source-wrapped-contains	dense	request-graph-selection-and-wrapped-contains	request-selected-source	properties	200	fixture-android-13	fixture-android-13	1	99b23d6e37ddba640f96acd0d7b903185c9b38cc0e6df93374f9fe569bbc4c38	success	200	86344	2e714969993f2a86ba5c715dc52b2c7d6dbaed9b2320da2399ecdf29ec9f1e4e	158226		fixture-android-13	request-selected-source	1	1	fixture-android-13	1	0	0	1	0	200	0	0	0	1	0
request-selected-source-wrapped-contains-target-14-zero	graph-parameter	request-selected-source-wrapped-contains	zero	request-graph-selection-and-wrapped-contains	request-selected-source	properties	200	fixture-android-14	fixture-android-14	1	caf42d54ef3437f216c963929327ed5ef3f52ce080fa2be4c3305c2370617ab1	success	0	147	805c8c7334c868e18e2be84be95b83cc60895722d739c2b164a68be4cd410c49	94868			request-selected-source	1	1	fixture-android-14	1	0	0	1	0	1	0	0	0	1	0
request-selected-source-wrapped-contains-target-14-targeted	graph-parameter	request-selected-source-wrapped-contains	targeted	request-graph-selection-and-wrapped-contains	request-selected-source	properties	200	fixture-android-14	fixture-android-14	1	caf42d54ef3437f216c963929327ed5ef3f52ce080fa2be4c3305c2370617ab1	success	3	1887	cfce92c06f8a0a93444f0ec3592aad57c255799cc7a1286e673f5c8cc3173d20	104475		fixture-android-14	request-selected-source	1	1	fixture-android-14	1	0	0	1	0	3	0	0	0	1	0
request-selected-source-wrapped-contains-target-14-dense	graph-parameter	request-selected-source-wrapped-contains	dense	request-graph-selection-and-wrapped-contains	request-selected-source	properties	200	fixture-android-14	fixture-android-14	1	caf42d54ef3437f216c963929327ed5ef3f52ce080fa2be4c3305c2370617ab1	success	200	88102	f384f54b9e0494c603dd9e83eb2ca0ad0386a359a2e1d6a356e225c072977e41	182221		fixture-android-14	request-selected-source	1	1	fixture-android-14	1	0	0	1	0	200	0	0	0	1	0
request-selected-source-wrapped-contains-target-15-zero	graph-parameter	request-selected-source-wrapped-contains	zero	request-graph-selection-and-wrapped-contains	request-selected-source	properties	200	fixture-android-15	fixture-android-15	1	396286291622042417a1e42f88e1a07f9e973d88a4b45b59c7408d3e8fe8e4cd	success	0	147	805c8c7334c868e18e2be84be95b83cc60895722d739c2b164a68be4cd410c49	78877			request-selected-source	1	1	fixture-android-15	1	0	0	1	0	1	0	0	0	1	0
request-selected-source-wrapped-contains-target-15-targeted	graph-parameter	request-selected-source-wrapped-contains	targeted	request-graph-selection-and-wrapped-contains	request-selected-source	properties	200	fixture-android-15	fixture-android-15	1	396286291622042417a1e42f88e1a07f9e973d88a4b45b59c7408d3e8fe8e4cd	success	1	765	ae20f86c5a0d43140079bdbb52041ad145178823d6189b8171bbe58dc0d82dcc	89608		fixture-android-15	request-selected-source	1	1	fixture-android-15	1	0	0	1	0	1	0	0	0	1	0
request-selected-source-wrapped-contains-target-15-dense	graph-parameter	request-selected-source-wrapped-contains	dense	request-graph-selection-and-wrapped-contains	request-selected-source	properties	200	fixture-android-15	fixture-android-15	1	396286291622042417a1e42f88e1a07f9e973d88a4b45b59c7408d3e8fe8e4cd	success	200	82358	6db1e45464dd1e42fc627a3ee68393b586d132e4817f87f1da72cb180e7925bb	154248		fixture-android-15	request-selected-source	1	1	fixture-android-15	1	0	0	1	0	200	0	0	0	1	0
request-selected-source-wrapped-contains-target-16-zero	graph-parameter	request-selected-source-wrapped-contains	zero	request-graph-selection-and-wrapped-contains	request-selected-source	properties	200	fixture-tika-00	fixture-tika-00	1	3ffa856892be3e0263f2c72254cefdb4bafce48e10eea2a8426b6af88f144658	success	0	147	805c8c7334c868e18e2be84be95b83cc60895722d739c2b164a68be4cd410c49	86703			request-selected-source	1	1	fixture-tika-00	1	0	0	1	0	1	0	0	0	1	0
request-selected-source-wrapped-contains-target-16-targeted	graph-parameter	request-selected-source-wrapped-contains	targeted	request-graph-selection-and-wrapped-contains	request-selected-source	properties	200	fixture-tika-00	fixture-tika-00	1	3ffa856892be3e0263f2c72254cefdb4bafce48e10eea2a8426b6af88f144658	success	1	771	41ad9b5110585bc89df35b9d0a0c6bd66daaf6c239b4212552d078b2f2a28c34	93865		fixture-tika-00	request-selected-source	1	1	fixture-tika-00	1	0	0	1	0	1	0	0	0	1	0
request-selected-source-wrapped-contains-target-16-dense	graph-parameter	request-selected-source-wrapped-contains	dense	request-graph-selection-and-wrapped-contains	request-selected-source	properties	200	fixture-tika-00	fixture-tika-00	1	3ffa856892be3e0263f2c72254cefdb4bafce48e10eea2a8426b6af88f144658	success	200	94237	51b180cd96740a311cc61165baa84cc05517b2f28ac6c70debc25f8e14514414	166661		fixture-tika-00	request-selected-source	1	1	fixture-tika-00	1	0	0	1	0	200	0	0	0	1	0
request-selected-source-wrapped-contains-target-17-zero	graph-parameter	request-selected-source-wrapped-contains	zero	request-graph-selection-and-wrapped-contains	request-selected-source	properties	200	fixture-tika-01	fixture-tika-01	1	5bd11253ba6bcbac28c2d0805dbd50585f63593fbbabbc299bce9c8b5e4238f0	success	0	147	805c8c7334c868e18e2be84be95b83cc60895722d739c2b164a68be4cd410c49	86151			request-selected-source	1	1	fixture-tika-01	1	0	0	1	0	1	0	0	0	1	0
request-selected-source-wrapped-contains-target-17-targeted	graph-parameter	request-selected-source-wrapped-contains	targeted	request-graph-selection-and-wrapped-contains	request-selected-source	properties	200	fixture-tika-01	fixture-tika-01	1	5bd11253ba6bcbac28c2d0805dbd50585f63593fbbabbc299bce9c8b5e4238f0	success	5	2976	7d286938fe2f40cd4cb86cd26be11c3221bfff86202fa9b705bdc1c77967743f	92943		fixture-tika-01	request-selected-source	1	1	fixture-tika-01	1	0	0	1	0	5	0	0	0	1	0
request-selected-source-wrapped-contains-target-17-dense	graph-parameter	request-selected-source-wrapped-contains	dense	request-graph-selection-and-wrapped-contains	request-selected-source	properties	200	fixture-tika-01	fixture-tika-01	1	5bd11253ba6bcbac28c2d0805dbd50585f63593fbbabbc299bce9c8b5e4238f0	success	200	92381	87c915d88746be4a40b85e67e7de71966365a455358cc138185e5c1f5bcf1251	157044		fixture-tika-01	request-selected-source	1	1	fixture-tika-01	1	0	0	1	0	200	0	0	0	1	0
request-selected-source-wrapped-contains-target-18-zero	graph-parameter	request-selected-source-wrapped-contains	zero	request-graph-selection-and-wrapped-contains	request-selected-source	properties	200	fixture-tika-02	fixture-tika-02	1	4f53553340fcd09378fe28c9d287d1bd3c78d0e5004534ad87493f082178a0db	success	0	147	805c8c7334c868e18e2be84be95b83cc60895722d739c2b164a68be4cd410c49	85531			request-selected-source	1	1	fixture-tika-02	1	0	0	1	0	1	0	0	0	1	0
request-selected-source-wrapped-contains-target-18-targeted	graph-parameter	request-selected-source-wrapped-contains	targeted	request-graph-selection-and-wrapped-contains	request-selected-source	properties	200	fixture-tika-02	fixture-tika-02	1	4f53553340fcd09378fe28c9d287d1bd3c78d0e5004534ad87493f082178a0db	success	12	6781	abf0682228739bdef1eb0d4b5b1449d7697f9412e644bd07a974f6e04213652e	90840		fixture-tika-02	request-selected-source	1	1	fixture-tika-02	1	0	0	1	0	12	0	0	0	1	0
request-selected-source-wrapped-contains-target-18-dense	graph-parameter	request-selected-source-wrapped-contains	dense	request-graph-selection-and-wrapped-contains	request-selected-source	properties	200	fixture-tika-02	fixture-tika-02	1	4f53553340fcd09378fe28c9d287d1bd3c78d0e5004534ad87493f082178a0db	success	200	95198	7d65fbc43e0cf8a1d4323c709e6963c32bdea3f389f5b683f619eee1fd79dc90	159760		fixture-tika-02	request-selected-source	1	1	fixture-tika-02	1	0	0	1	0	200	0	0	0	1	0
request-selected-source-wrapped-contains-target-19-zero	graph-parameter	request-selected-source-wrapped-contains	zero	request-graph-selection-and-wrapped-contains	request-selected-source	properties	200	fixture-tika-03	fixture-tika-03	1	e68986e5919884640710cc61d8f44310a6d888f55992390edbcc7ae70b8b8fa8	success	0	147	805c8c7334c868e18e2be84be95b83cc60895722d739c2b164a68be4cd410c49	83346			request-selected-source	1	1	fixture-tika-03	1	0	0	1	0	1	0	0	0	1	0
request-selected-source-wrapped-contains-target-19-targeted	graph-parameter	request-selected-source-wrapped-contains	targeted	request-graph-selection-and-wrapped-contains	request-selected-source	properties	200	fixture-tika-03	fixture-tika-03	1	e68986e5919884640710cc61d8f44310a6d888f55992390edbcc7ae70b8b8fa8	success	11	6327	72232d5a8299b69c619beb4cebd0967a4ca8f1378844d7914f795f7c5126cc48	93024		fixture-tika-03	request-selected-source	1	1	fixture-tika-03	1	0	0	1	0	11	0	0	0	1	0
request-selected-source-wrapped-contains-target-19-dense	graph-parameter	request-selected-source-wrapped-contains	dense	request-graph-selection-and-wrapped-contains	request-selected-source	properties	200	fixture-tika-03	fixture-tika-03	1	e68986e5919884640710cc61d8f44310a6d888f55992390edbcc7ae70b8b8fa8	success	200	96673	6ab8193cda24a8f589b0e7412ffcc3549afc3180a092c899437bb3ef2f8324ef	154379		fixture-tika-03	request-selected-source	1	1	fixture-tika-03	1	0	0	1	0	200	0	0	0	1	0
request-selected-source-wrapped-contains-target-20-zero	graph-parameter	request-selected-source-wrapped-contains	zero	request-graph-selection-and-wrapped-contains	request-selected-source	properties	200	fixture-tika-04	fixture-tika-04	1	2d9d29e96c28d6df21e1933cc2da3a076217ec4c30461070c5e997e04aa952cb	success	0	147	805c8c7334c868e18e2be84be95b83cc60895722d739c2b164a68be4cd410c49	84168			request-selected-source	1	1	fixture-tika-04	1	0	0	1	0	1	0	0	0	1	0
request-selected-source-wrapped-contains-target-20-targeted	graph-parameter	request-selected-source-wrapped-contains	targeted	request-graph-selection-and-wrapped-contains	request-selected-source	properties	200	fixture-tika-04	fixture-tika-04	1	2d9d29e96c28d6df21e1933cc2da3a076217ec4c30461070c5e997e04aa952cb	success	1	763	7811e1c0f64fb9174b112349d7a5f89fec8a71f59a6b66db3b1e97241f5dc93c	89006		fixture-tika-04	request-selected-source	1	1	fixture-tika-04	1	0	0	1	0	1	0	0	0	1	0
request-selected-source-wrapped-contains-target-20-dense	graph-parameter	request-selected-source-wrapped-contains	dense	request-graph-selection-and-wrapped-contains	request-selected-source	properties	200	fixture-tika-04	fixture-tika-04	1	2d9d29e96c28d6df21e1933cc2da3a076217ec4c30461070c5e997e04aa952cb	success	200	91604	a93cd6116bda146e01916f4ab7d54aa664da5b5c2287de109c82d6c48fcd38f8	135423		fixture-tika-04	request-selected-source	1	1	fixture-tika-04	1	0	0	1	0	200	0	0	0	1	0
request-selected-source-wrapped-contains-target-21-zero	graph-parameter	request-selected-source-wrapped-contains	zero	request-graph-selection-and-wrapped-contains	request-selected-source	properties	200	fixture-tika-05	fixture-tika-05	1	a70ca503c8d7edc9fd5b26430e9c4bd9517cfcf9084469733cfeff8a4fef63f8	success	0	147	805c8c7334c868e18e2be84be95b83cc60895722d739c2b164a68be4cd410c49	86251			request-selected-source	1	1	fixture-tika-05	1	0	0	1	0	1	0	0	0	1	0
request-selected-source-wrapped-contains-target-21-targeted	graph-parameter	request-selected-source-wrapped-contains	targeted	request-graph-selection-and-wrapped-contains	request-selected-source	properties	200	fixture-tika-05	fixture-tika-05	1	a70ca503c8d7edc9fd5b26430e9c4bd9517cfcf9084469733cfeff8a4fef63f8	success	1	765	1cf450577b12b3b6a7c19f53479709a92a169add0c4f9defecbc55254bf8d5b3	97933		fixture-tika-05	request-selected-source	1	1	fixture-tika-05	1	0	0	1	0	1	0	0	0	1	0
request-selected-source-wrapped-contains-target-21-dense	graph-parameter	request-selected-source-wrapped-contains	dense	request-graph-selection-and-wrapped-contains	request-selected-source	properties	200	fixture-tika-05	fixture-tika-05	1	a70ca503c8d7edc9fd5b26430e9c4bd9517cfcf9084469733cfeff8a4fef63f8	success	200	96334	eb6b03599a26f520b43896ee6af6cb6d2a3ec0783b66a0bcb29642b029a4b6eb	183954		fixture-tika-05	request-selected-source	1	1	fixture-tika-05	1	0	0	1	0	200	0	0	0	1	0
request-selected-source-wrapped-contains-target-22-zero	graph-parameter	request-selected-source-wrapped-contains	zero	request-graph-selection-and-wrapped-contains	request-selected-source	properties	200	fixture-tika-06	fixture-tika-06	1	629a75c155a37bcac72d6d131b20156694ded2e8aa1abe1c7f03ac03374020b7	success	0	147	805c8c7334c868e18e2be84be95b83cc60895722d739c2b164a68be4cd410c49	86452			request-selected-source	1	1	fixture-tika-06	1	0	0	1	0	1	0	0	0	1	0
request-selected-source-wrapped-contains-target-22-targeted	graph-parameter	request-selected-source-wrapped-contains	targeted	request-graph-selection-and-wrapped-contains	request-selected-source	properties	200	fixture-tika-06	fixture-tika-06	1	629a75c155a37bcac72d6d131b20156694ded2e8aa1abe1c7f03ac03374020b7	success	11	6331	43d88524d9da26840d520d8260a6801a2d864c2023e9806c3df4a5e673a5fd66	88525		fixture-tika-06	request-selected-source	1	1	fixture-tika-06	1	0	0	1	0	11	0	0	0	1	0
request-selected-source-wrapped-contains-target-22-dense	graph-parameter	request-selected-source-wrapped-contains	dense	request-graph-selection-and-wrapped-contains	request-selected-source	properties	200	fixture-tika-06	fixture-tika-06	1	629a75c155a37bcac72d6d131b20156694ded2e8aa1abe1c7f03ac03374020b7	success	200	98397	b1cc908cf8cd6a2354b320afca9ad225990c59be93a53ddc3912afb3b0d46d7b	160430		fixture-tika-06	request-selected-source	1	1	fixture-tika-06	1	0	0	1	0	200	0	0	0	1	0
request-selected-source-wrapped-contains-target-23-zero	graph-parameter	request-selected-source-wrapped-contains	zero	request-graph-selection-and-wrapped-contains	request-selected-source	properties	200	fixture-tika-07	fixture-tika-07	1	1f60bc193af0a0c32ae2bc0a840b7da98c896a5343d2d4a4871500ea55b0d8a0	success	0	147	805c8c7334c868e18e2be84be95b83cc60895722d739c2b164a68be4cd410c49	92002			request-selected-source	1	1	fixture-tika-07	1	0	0	1	0	1	0	0	0	1	0
request-selected-source-wrapped-contains-target-23-targeted	graph-parameter	request-selected-source-wrapped-contains	targeted	request-graph-selection-and-wrapped-contains	request-selected-source	properties	200	fixture-tika-07	fixture-tika-07	1	1f60bc193af0a0c32ae2bc0a840b7da98c896a5343d2d4a4871500ea55b0d8a0	success	11	6135	718b52d4d32659cb9b39b84bdb87d6226a9be4436e73fa316936d1333dfa50c0	90960		fixture-tika-07	request-selected-source	1	1	fixture-tika-07	1	0	0	1	0	11	0	0	0	1	0
request-selected-source-wrapped-contains-target-23-dense	graph-parameter	request-selected-source-wrapped-contains	dense	request-graph-selection-and-wrapped-contains	request-selected-source	properties	200	fixture-tika-07	fixture-tika-07	1	1f60bc193af0a0c32ae2bc0a840b7da98c896a5343d2d4a4871500ea55b0d8a0	success	200	95056	d5aa9163a912371065002f30549de9cefea57af859f009a275e381b0a849633e	169397		fixture-tika-07	request-selected-source	1	1	fixture-tika-07	1	0	0	1	0	200	0	0	0	1	0
request-selected-source-wrapped-contains-target-24-zero	graph-parameter	request-selected-source-wrapped-contains	zero	request-graph-selection-and-wrapped-contains	request-selected-source	properties	200	fixture-tika-08	fixture-tika-08	1	e9768e2189edf3079c0f4ce1fe9374fe3873b9ef6253d25bd7952c9e3f9e2f89	success	0	147	805c8c7334c868e18e2be84be95b83cc60895722d739c2b164a68be4cd410c49	87894			request-selected-source	1	1	fixture-tika-08	1	0	0	1	0	1	0	0	0	1	0
request-selected-source-wrapped-contains-target-24-targeted	graph-parameter	request-selected-source-wrapped-contains	targeted	request-graph-selection-and-wrapped-contains	request-selected-source	properties	200	fixture-tika-08	fixture-tika-08	1	e9768e2189edf3079c0f4ce1fe9374fe3873b9ef6253d25bd7952c9e3f9e2f89	success	1	754	033650595463ffba6f1f515fc8a38ba023fdd37a0e2442442be40f2d8baee0b4	78096		fixture-tika-08	request-selected-source	1	1	fixture-tika-08	1	0	0	1	0	1	0	0	0	1	0
request-selected-source-wrapped-contains-target-24-dense	graph-parameter	request-selected-source-wrapped-contains	dense	request-graph-selection-and-wrapped-contains	request-selected-source	properties	200	fixture-tika-08	fixture-tika-08	1	e9768e2189edf3079c0f4ce1fe9374fe3873b9ef6253d25bd7952c9e3f9e2f89	success	200	96144	13cc3d04be15c5d98101b6676211e0260c08571becd6cbc7be1dcfad1b7efce8	155000		fixture-tika-08	request-selected-source	1	1	fixture-tika-08	1	0	0	1	0	200	0	0	0	1	0
request-selected-source-wrapped-contains-target-25-zero	graph-parameter	request-selected-source-wrapped-contains	zero	request-graph-selection-and-wrapped-contains	request-selected-source	properties	200	fixture-tika-09	fixture-tika-09	1	f96e2b0b7f375cf347f289b0d59b047835095d1452b52dcff16ad07fa5ff5aaa	success	0	147	805c8c7334c868e18e2be84be95b83cc60895722d739c2b164a68be4cd410c49	81673			request-selected-source	1	1	fixture-tika-09	1	0	0	1	0	1	0	0	0	1	0
request-selected-source-wrapped-contains-target-25-targeted	graph-parameter	request-selected-source-wrapped-contains	targeted	request-graph-selection-and-wrapped-contains	request-selected-source	properties	200	fixture-tika-09	fixture-tika-09	1	f96e2b0b7f375cf347f289b0d59b047835095d1452b52dcff16ad07fa5ff5aaa	success	17	9434	57a7fb26e2c1557848eddaabb17076d92c9b2ef2e0ff6b92be3de4374fe1fa9b	94497		fixture-tika-09	request-selected-source	1	1	fixture-tika-09	1	0	0	1	0	17	0	0	0	1	0
request-selected-source-wrapped-contains-target-25-dense	graph-parameter	request-selected-source-wrapped-contains	dense	request-graph-selection-and-wrapped-contains	request-selected-source	properties	200	fixture-tika-09	fixture-tika-09	1	f96e2b0b7f375cf347f289b0d59b047835095d1452b52dcff16ad07fa5ff5aaa	success	200	90260	d606d19bfcb83b224b953bd70176bc52dc06d427ef6ab3d0cc311bc6ed6fc260	155782		fixture-tika-09	request-selected-source	1	1	fixture-tika-09	1	0	0	1	0	200	0	0	0	1	0
request-selected-source-wrapped-contains-target-26-zero	graph-parameter	request-selected-source-wrapped-contains	zero	request-graph-selection-and-wrapped-contains	request-selected-source	properties	200	fixture-tika-10	fixture-tika-10	1	724e820888f0db8884af940cbe8a364f2dce6bfc9b2c72fb09abe933fa439c0c	success	0	147	805c8c7334c868e18e2be84be95b83cc60895722d739c2b164a68be4cd410c49	87544			request-selected-source	1	1	fixture-tika-10	1	0	0	1	0	1	0	0	0	1	0
request-selected-source-wrapped-contains-target-26-targeted	graph-parameter	request-selected-source-wrapped-contains	targeted	request-graph-selection-and-wrapped-contains	request-selected-source	properties	200	fixture-tika-10	fixture-tika-10	1	724e820888f0db8884af940cbe8a364f2dce6bfc9b2c72fb09abe933fa439c0c	success	1	791	550bd45f802381cb65ea30928a856fc0c2bc207cbfc2a147aad4312130548c9a	90459		fixture-tika-10	request-selected-source	1	1	fixture-tika-10	1	0	0	1	0	1	0	0	0	1	0
request-selected-source-wrapped-contains-target-26-dense	graph-parameter	request-selected-source-wrapped-contains	dense	request-graph-selection-and-wrapped-contains	request-selected-source	properties	200	fixture-tika-10	fixture-tika-10	1	724e820888f0db8884af940cbe8a364f2dce6bfc9b2c72fb09abe933fa439c0c	success	200	96089	d0bdae62973cb737c05eda37d83d6fd7dea4520a7f87acdd4ed9a2fba1f97888	167894		fixture-tika-10	request-selected-source	1	1	fixture-tika-10	1	0	0	1	0	200	0	0	0	1	0
request-selected-source-wrapped-contains-target-27-zero	graph-parameter	request-selected-source-wrapped-contains	zero	request-graph-selection-and-wrapped-contains	request-selected-source	properties	200	fixture-tika-11	fixture-tika-11	1	947144f7fe63615dab1057f152a266b87c870ae6b1d136ebead3ef2860ecaaf9	success	0	147	805c8c7334c868e18e2be84be95b83cc60895722d739c2b164a68be4cd410c49	88345			request-selected-source	1	1	fixture-tika-11	1	0	0	1	0	1	0	0	0	1	0
request-selected-source-wrapped-contains-target-27-targeted	graph-parameter	request-selected-source-wrapped-contains	targeted	request-graph-selection-and-wrapped-contains	request-selected-source	properties	200	fixture-tika-11	fixture-tika-11	1	947144f7fe63615dab1057f152a266b87c870ae6b1d136ebead3ef2860ecaaf9	success	14	8030	e1858d468e2cee9daff29f91791894b539cc1c9bfb8d57bb0eaa364a24ec0f04	104476		fixture-tika-11	request-selected-source	1	1	fixture-tika-11	1	0	0	1	0	14	0	0	0	1	0
request-selected-source-wrapped-contains-target-27-dense	graph-parameter	request-selected-source-wrapped-contains	dense	request-graph-selection-and-wrapped-contains	request-selected-source	properties	200	fixture-tika-11	fixture-tika-11	1	947144f7fe63615dab1057f152a266b87c870ae6b1d136ebead3ef2860ecaaf9	success	200	95559	bcb492a91a247979acd291eaea381c0db6d952c0baff29193145ae7356b00907	157685		fixture-tika-11	request-selected-source	1	1	fixture-tika-11	1	0	0	1	0	200	0	0	0	1	0
request-selected-source-wrapped-contains-target-28-zero	graph-parameter	request-selected-source-wrapped-contains	zero	request-graph-selection-and-wrapped-contains	request-selected-source	properties	200	fixture-tika-12	fixture-tika-12	1	333b320af3f398d083e1d44b1a79e54fa546da12ce118f18db6f7cc3387398c8	success	0	147	805c8c7334c868e18e2be84be95b83cc60895722d739c2b164a68be4cd410c49	83867			request-selected-source	1	1	fixture-tika-12	1	0	0	1	0	1	0	0	0	1	0
request-selected-source-wrapped-contains-target-28-targeted	graph-parameter	request-selected-source-wrapped-contains	targeted	request-graph-selection-and-wrapped-contains	request-selected-source	properties	200	fixture-tika-12	fixture-tika-12	1	333b320af3f398d083e1d44b1a79e54fa546da12ce118f18db6f7cc3387398c8	success	12	6370	8871e0dc77f7df7110f742adaac439b8d2f4e912a3a21e1793fda026e0955f9b	92493		fixture-tika-12	request-selected-source	1	1	fixture-tika-12	1	0	0	1	0	12	0	0	0	1	0
request-selected-source-wrapped-contains-target-28-dense	graph-parameter	request-selected-source-wrapped-contains	dense	request-graph-selection-and-wrapped-contains	request-selected-source	properties	200	fixture-tika-12	fixture-tika-12	1	333b320af3f398d083e1d44b1a79e54fa546da12ce118f18db6f7cc3387398c8	success	200	101142	3ec255435f1804ca883e61ce69218b0c9b6812e5f4d6241be813f3a04980ff78	158948		fixture-tika-12	request-selected-source	1	1	fixture-tika-12	1	0	0	1	0	200	0	0	0	1	0
request-selected-source-wrapped-contains-target-29-zero	graph-parameter	request-selected-source-wrapped-contains	zero	request-graph-selection-and-wrapped-contains	request-selected-source	properties	200	fixture-tika-13	fixture-tika-13	1	697a328efd3d35078aa3cf7115b978f697299f7e0612d464eae79dc1cbc3f3c7	success	0	147	805c8c7334c868e18e2be84be95b83cc60895722d739c2b164a68be4cd410c49	87384			request-selected-source	1	1	fixture-tika-13	1	0	0	1	0	1	0	0	0	1	0
request-selected-source-wrapped-contains-target-29-targeted	graph-parameter	request-selected-source-wrapped-contains	targeted	request-graph-selection-and-wrapped-contains	request-selected-source	properties	200	fixture-tika-13	fixture-tika-13	1	697a328efd3d35078aa3cf7115b978f697299f7e0612d464eae79dc1cbc3f3c7	success	1	759	7c9cbf2db3468e4d9ec5f9ce37c29746bb3071949804d250165a0310edd3182c	85009		fixture-tika-13	request-selected-source	1	1	fixture-tika-13	1	0	0	1	0	1	0	0	0	1	0
request-selected-source-wrapped-contains-target-29-dense	graph-parameter	request-selected-source-wrapped-contains	dense	request-graph-selection-and-wrapped-contains	request-selected-source	properties	200	fixture-tika-13	fixture-tika-13	1	697a328efd3d35078aa3cf7115b978f697299f7e0612d464eae79dc1cbc3f3c7	success	200	96005	cb6245f16fc1df4cadc32295db3c94d74d99d6ac24ca00ba686085574c3842f9	167714		fixture-tika-13	request-selected-source	1	1	fixture-tika-13	1	0	0	1	0	200	0	0	0	1	0
request-selected-source-wrapped-contains-target-30-zero	graph-parameter	request-selected-source-wrapped-contains	zero	request-graph-selection-and-wrapped-contains	request-selected-source	properties	200	fixture-tika-14	fixture-tika-14	1	530ac22d92e73256c57c4e234fccac50105308bcc26304451ee74f20a619f7a5	success	0	147	805c8c7334c868e18e2be84be95b83cc60895722d739c2b164a68be4cd410c49	90540			request-selected-source	1	1	fixture-tika-14	1	0	0	1	0	1	0	0	0	1	0
request-selected-source-wrapped-contains-target-30-targeted	graph-parameter	request-selected-source-wrapped-contains	targeted	request-graph-selection-and-wrapped-contains	request-selected-source	properties	200	fixture-tika-14	fixture-tika-14	1	530ac22d92e73256c57c4e234fccac50105308bcc26304451ee74f20a619f7a5	success	10	5866	c85815e1257e7d89a547803b839a8fa3d5c32a25ad93fc4df95c67dd0df38386	91200		fixture-tika-14	request-selected-source	1	1	fixture-tika-14	1	0	0	1	0	10	0	0	0	1	0
request-selected-source-wrapped-contains-target-30-dense	graph-parameter	request-selected-source-wrapped-contains	dense	request-graph-selection-and-wrapped-contains	request-selected-source	properties	200	fixture-tika-14	fixture-tika-14	1	530ac22d92e73256c57c4e234fccac50105308bcc26304451ee74f20a619f7a5	success	200	95471	766b9ef7e8ecf0adce38af75461cc8c431950c6a78cf29871668bb82bbc59681	154419		fixture-tika-14	request-selected-source	1	1	fixture-tika-14	1	0	0	1	0	200	0	0	0	1	0
request-selected-source-wrapped-contains-target-31-zero	graph-parameter	request-selected-source-wrapped-contains	zero	request-graph-selection-and-wrapped-contains	request-selected-source	properties	200	fixture-tika-15	fixture-tika-15	1	80331285783d790177bcaeeebf677e98900445b2273d41781c6e07aa5683a500	success	0	147	805c8c7334c868e18e2be84be95b83cc60895722d739c2b164a68be4cd410c49	83016			request-selected-source	1	1	fixture-tika-15	1	0	0	1	0	1	0	0	0	1	0
request-selected-source-wrapped-contains-target-31-targeted	graph-parameter	request-selected-source-wrapped-contains	targeted	request-graph-selection-and-wrapped-contains	request-selected-source	properties	200	fixture-tika-15	fixture-tika-15	1	80331285783d790177bcaeeebf677e98900445b2273d41781c6e07aa5683a500	success	1	779	5b2641a56fc0d1ce3cad560f98de3ab642d893c5f6c2be5bb57444732d364805	88295		fixture-tika-15	request-selected-source	1	1	fixture-tika-15	1	0	0	1	0	1	0	0	0	1	0
request-selected-source-wrapped-contains-target-31-dense	graph-parameter	request-selected-source-wrapped-contains	dense	request-graph-selection-and-wrapped-contains	request-selected-source	properties	200	fixture-tika-15	fixture-tika-15	1	80331285783d790177bcaeeebf677e98900445b2273d41781c6e07aa5683a500	success	200	90493	6cea2d1b1fba9817e31904018fa5ce3734b41bb641feab5c7c6849206b05e3c1	158216		fixture-tika-15	request-selected-source	1	1	fixture-tika-15	1	0	0	1	0	200	0	0	0	1	0
request-selected-source-wrapped-contains-target-32-zero	graph-parameter	request-selected-source-wrapped-contains	zero	request-graph-selection-and-wrapped-contains	request-selected-source	properties	200	fixture-hive-00	fixture-hive-00	1	ea11677be4d3166ee79e7aa4f8c5ff603c5cb6bb9f65649cfc46854eedb1b466	success	0	147	805c8c7334c868e18e2be84be95b83cc60895722d739c2b164a68be4cd410c49	87604			request-selected-source	1	1	fixture-hive-00	1	0	0	1	0	1	0	0	0	1	0
request-selected-source-wrapped-contains-target-32-targeted	graph-parameter	request-selected-source-wrapped-contains	targeted	request-graph-selection-and-wrapped-contains	request-selected-source	properties	200	fixture-hive-00	fixture-hive-00	1	ea11677be4d3166ee79e7aa4f8c5ff603c5cb6bb9f65649cfc46854eedb1b466	success	4	2862	72e96499d86d64ae9da267f3b15791817d4250f06a8dfea9d09edd8c3c23a440	99376		fixture-hive-00	request-selected-source	1	1	fixture-hive-00	1	0	0	1	0	4	0	0	0	1	0
request-selected-source-wrapped-contains-target-32-dense	graph-parameter	request-selected-source-wrapped-contains	dense	request-graph-selection-and-wrapped-contains	request-selected-source	properties	200	fixture-hive-00	fixture-hive-00	1	ea11677be4d3166ee79e7aa4f8c5ff603c5cb6bb9f65649cfc46854eedb1b466	success	200	92864	0ad6a5ae10cb27d8dd28af205e0df8ebd79b3e1ca0079c8c876100ee108fc38d	149971		fixture-hive-00	request-selected-source	1	1	fixture-hive-00	1	0	0	1	0	200	0	0	0	1	0
request-selected-source-wrapped-contains-target-33-zero	graph-parameter	request-selected-source-wrapped-contains	zero	request-graph-selection-and-wrapped-contains	request-selected-source	properties	200	fixture-hive-01	fixture-hive-01	1	3a9bab8befb64a5c5518ec83add10138c13ae31dfad00b5a26547f3cfc2bf0bb	success	0	147	805c8c7334c868e18e2be84be95b83cc60895722d739c2b164a68be4cd410c49	82935			request-selected-source	1	1	fixture-hive-01	1	0	0	1	0	1	0	0	0	1	0
request-selected-source-wrapped-contains-target-33-targeted	graph-parameter	request-selected-source-wrapped-contains	targeted	request-graph-selection-and-wrapped-contains	request-selected-source	properties	200	fixture-hive-01	fixture-hive-01	1	3a9bab8befb64a5c5518ec83add10138c13ae31dfad00b5a26547f3cfc2bf0bb	success	4	2862	5436abb5d5a82ddf1b71cf6459ce0de5fe56d25b825b58b20bbe8cace9e3cde7	92142		fixture-hive-01	request-selected-source	1	1	fixture-hive-01	1	0	0	1	0	4	0	0	0	1	0
request-selected-source-wrapped-contains-target-33-dense	graph-parameter	request-selected-source-wrapped-contains	dense	request-graph-selection-and-wrapped-contains	request-selected-source	properties	200	fixture-hive-01	fixture-hive-01	1	3a9bab8befb64a5c5518ec83add10138c13ae31dfad00b5a26547f3cfc2bf0bb	success	200	92578	e10f119cab32a77f2d8107211e2addcc69d3ab151ee08f60199ff7a8db9b6a1c	160230		fixture-hive-01	request-selected-source	1	1	fixture-hive-01	1	0	0	1	0	200	0	0	0	1	0
request-selected-source-wrapped-contains-target-34-zero	graph-parameter	request-selected-source-wrapped-contains	zero	request-graph-selection-and-wrapped-contains	request-selected-source	properties	200	fixture-hive-02	fixture-hive-02	1	058d31d4f0a17f6c8e80480702d6c2099e48867673bc0a8d99037f2244a27bbf	success	0	147	805c8c7334c868e18e2be84be95b83cc60895722d739c2b164a68be4cd410c49	87133			request-selected-source	1	1	fixture-hive-02	1	0	0	1	0	1	0	0	0	1	0
request-selected-source-wrapped-contains-target-34-targeted	graph-parameter	request-selected-source-wrapped-contains	targeted	request-graph-selection-and-wrapped-contains	request-selected-source	properties	200	fixture-hive-02	fixture-hive-02	1	058d31d4f0a17f6c8e80480702d6c2099e48867673bc0a8d99037f2244a27bbf	success	4	2883	e83a01bd4b4e8f51ba0c51a53e73f87ec8dd6170bd60b37ef57b4eb9aba8bcc7	83225		fixture-hive-02	request-selected-source	1	1	fixture-hive-02	1	0	0	1	0	4	0	0	0	1	0
request-selected-source-wrapped-contains-target-34-dense	graph-parameter	request-selected-source-wrapped-contains	dense	request-graph-selection-and-wrapped-contains	request-selected-source	properties	200	fixture-hive-02	fixture-hive-02	1	058d31d4f0a17f6c8e80480702d6c2099e48867673bc0a8d99037f2244a27bbf	success	200	94183	b06f89a813919b2f4278637c18773fe7508c48351caa08a76cefe1f54c9b7715	155802		fixture-hive-02	request-selected-source	1	1	fixture-hive-02	1	0	0	1	0	200	0	0	0	1	0
request-selected-source-wrapped-contains-target-35-zero	graph-parameter	request-selected-source-wrapped-contains	zero	request-graph-selection-and-wrapped-contains	request-selected-source	properties	200	fixture-hive-03	fixture-hive-03	1	bc37ba5880a9fc3e89dea2bf6571ad8db10f8c499dfca7c678b831d8edb064fe	success	0	147	805c8c7334c868e18e2be84be95b83cc60895722d739c2b164a68be4cd410c49	90099			request-selected-source	1	1	fixture-hive-03	1	0	0	1	0	1	0	0	0	1	0
request-selected-source-wrapped-contains-target-35-targeted	graph-parameter	request-selected-source-wrapped-contains	targeted	request-graph-selection-and-wrapped-contains	request-selected-source	properties	200	fixture-hive-03	fixture-hive-03	1	bc37ba5880a9fc3e89dea2bf6571ad8db10f8c499dfca7c678b831d8edb064fe	success	1	771	134378d176ef9559b3b9b40557762648c5aa55be889ba8cb2e7f752130b85ab7	85300		fixture-hive-03	request-selected-source	1	1	fixture-hive-03	1	0	0	1	0	1	0	0	0	1	0
request-selected-source-wrapped-contains-target-35-dense	graph-parameter	request-selected-source-wrapped-contains	dense	request-graph-selection-and-wrapped-contains	request-selected-source	properties	200	fixture-hive-03	fixture-hive-03	1	bc37ba5880a9fc3e89dea2bf6571ad8db10f8c499dfca7c678b831d8edb064fe	success	200	91613	71eca3baa7c5adda9a19daaba5b66d08f4d30beebcfc1f6f8f3125a009484e93	158998		fixture-hive-03	request-selected-source	1	1	fixture-hive-03	1	0	0	1	0	200	0	0	0	1	0
request-selected-source-wrapped-contains-target-36-zero	graph-parameter	request-selected-source-wrapped-contains	zero	request-graph-selection-and-wrapped-contains	request-selected-source	properties	200	fixture-hive-04	fixture-hive-04	1	d6abca6af79ede3e783b4b1d1bb2f17c22db5cf0b5c70506d31ea6d33509dcc5	success	0	147	805c8c7334c868e18e2be84be95b83cc60895722d739c2b164a68be4cd410c49	104656			request-selected-source	1	1	fixture-hive-04	1	0	0	1	0	1	0	0	0	1	0
request-selected-source-wrapped-contains-target-36-targeted	graph-parameter	request-selected-source-wrapped-contains	targeted	request-graph-selection-and-wrapped-contains	request-selected-source	properties	200	fixture-hive-04	fixture-hive-04	1	d6abca6af79ede3e783b4b1d1bb2f17c22db5cf0b5c70506d31ea6d33509dcc5	success	1	795	6f5022183da52ea8cb963f17c4b86a6270dc9bfe0ca358e5ec7d6bdf4c95879f	80741		fixture-hive-04	request-selected-source	1	1	fixture-hive-04	1	0	0	1	0	1	0	0	0	1	0
request-selected-source-wrapped-contains-target-36-dense	graph-parameter	request-selected-source-wrapped-contains	dense	request-graph-selection-and-wrapped-contains	request-selected-source	properties	200	fixture-hive-04	fixture-hive-04	1	d6abca6af79ede3e783b4b1d1bb2f17c22db5cf0b5c70506d31ea6d33509dcc5	success	200	91716	5d2df55fe9df550bd17a462dbec1bd958f7c0d5940c160537976ecc80d5cb22f	155541		fixture-hive-04	request-selected-source	1	1	fixture-hive-04	1	0	0	1	0	200	0	0	0	1	0
request-selected-source-wrapped-contains-target-37-zero	graph-parameter	request-selected-source-wrapped-contains	zero	request-graph-selection-and-wrapped-contains	request-selected-source	properties	200	fixture-hive-05	fixture-hive-05	1	f7f4c2e85299b39f0b295436a0a678be80ea1fe4bd065c984fac7e3e79c02a1f	success	0	147	805c8c7334c868e18e2be84be95b83cc60895722d739c2b164a68be4cd410c49	85310			request-selected-source	1	1	fixture-hive-05	1	0	0	1	0	1	0	0	0	1	0
request-selected-source-wrapped-contains-target-37-targeted	graph-parameter	request-selected-source-wrapped-contains	targeted	request-graph-selection-and-wrapped-contains	request-selected-source	properties	200	fixture-hive-05	fixture-hive-05	1	f7f4c2e85299b39f0b295436a0a678be80ea1fe4bd065c984fac7e3e79c02a1f	success	51	31472	b9433fbd59011f3771f14c8abacb0cbca913b3ccb9b85649a8f98d4c6f628703	105197		fixture-hive-05	request-selected-source	1	1	fixture-hive-05	1	0	0	1	0	51	0	0	0	1	0
request-selected-source-wrapped-contains-target-37-dense	graph-parameter	request-selected-source-wrapped-contains	dense	request-graph-selection-and-wrapped-contains	request-selected-source	properties	200	fixture-hive-05	fixture-hive-05	1	f7f4c2e85299b39f0b295436a0a678be80ea1fe4bd065c984fac7e3e79c02a1f	success	200	91795	dbb6e258143695218279e10cbea2bf21ad0c5b1330a8fc3e3470b176ae0b6f42	157585		fixture-hive-05	request-selected-source	1	1	fixture-hive-05	1	0	0	1	0	200	0	0	0	1	0
request-selected-source-wrapped-contains-target-38-zero	graph-parameter	request-selected-source-wrapped-contains	zero	request-graph-selection-and-wrapped-contains	request-selected-source	properties	200	fixture-hive-06	fixture-hive-06	1	ddfe0a17a6b176061c6908248fc9bbb24510f00e8ed40c2c068587464d0ab767	success	0	147	805c8c7334c868e18e2be84be95b83cc60895722d739c2b164a68be4cd410c49	86202			request-selected-source	1	1	fixture-hive-06	1	0	0	1	0	1	0	0	0	1	0
request-selected-source-wrapped-contains-target-38-targeted	graph-parameter	request-selected-source-wrapped-contains	targeted	request-graph-selection-and-wrapped-contains	request-selected-source	properties	200	fixture-hive-06	fixture-hive-06	1	ddfe0a17a6b176061c6908248fc9bbb24510f00e8ed40c2c068587464d0ab767	success	1	801	6e224732564976ab3ad1b488a2dcb0c2a2f84050ab25d529f41b87f4de3c406c	75913		fixture-hive-06	request-selected-source	1	1	fixture-hive-06	1	0	0	1	0	1	0	0	0	1	0
request-selected-source-wrapped-contains-target-38-dense	graph-parameter	request-selected-source-wrapped-contains	dense	request-graph-selection-and-wrapped-contains	request-selected-source	properties	200	fixture-hive-06	fixture-hive-06	1	ddfe0a17a6b176061c6908248fc9bbb24510f00e8ed40c2c068587464d0ab767	success	200	92968	77adda61bf8a66745500e9e1b739302ae425b75af5d5199095bd9c0f56151e04	164808		fixture-hive-06	request-selected-source	1	1	fixture-hive-06	1	0	0	1	0	200	0	0	0	1	0
request-selected-source-wrapped-contains-target-39-zero	graph-parameter	request-selected-source-wrapped-contains	zero	request-graph-selection-and-wrapped-contains	request-selected-source	properties	200	fixture-hive-07	fixture-hive-07	1	5b909537f8397e9b454c56026974d9a0348f5c6147e1f2169fbaaa2eb1645822	success	0	147	805c8c7334c868e18e2be84be95b83cc60895722d739c2b164a68be4cd410c49	83617			request-selected-source	1	1	fixture-hive-07	1	0	0	1	0	1	0	0	0	1	0
request-selected-source-wrapped-contains-target-39-targeted	graph-parameter	request-selected-source-wrapped-contains	targeted	request-graph-selection-and-wrapped-contains	request-selected-source	properties	200	fixture-hive-07	fixture-hive-07	1	5b909537f8397e9b454c56026974d9a0348f5c6147e1f2169fbaaa2eb1645822	success	4	2855	db8e5b7500b38c30ff9ca554407e1c3f066cc32ce80520e31c63fe8f4f34048e	83937		fixture-hive-07	request-selected-source	1	1	fixture-hive-07	1	0	0	1	0	4	0	0	0	1	0
request-selected-source-wrapped-contains-target-39-dense	graph-parameter	request-selected-source-wrapped-contains	dense	request-graph-selection-and-wrapped-contains	request-selected-source	properties	200	fixture-hive-07	fixture-hive-07	1	5b909537f8397e9b454c56026974d9a0348f5c6147e1f2169fbaaa2eb1645822	success	200	91298	153dc7ab9d3d22961d16bfae52d0b5cd4c7d97177e0e57e7c086294f37d00f0f	155070		fixture-hive-07	request-selected-source	1	1	fixture-hive-07	1	0	0	1	0	200	0	0	0	1	0
request-selected-source-wrapped-contains-target-40-zero	graph-parameter	request-selected-source-wrapped-contains	zero	request-graph-selection-and-wrapped-contains	request-selected-source	properties	200	fixture-hive-08	fixture-hive-08	1	a73da7b76b921f77b9fadceff4ca8a9274fa7524e6ce2fb87c035b118fdb9e31	success	0	147	805c8c7334c868e18e2be84be95b83cc60895722d739c2b164a68be4cd410c49	96040			request-selected-source	1	1	fixture-hive-08	1	0	0	1	0	1	0	0	0	1	0
request-selected-source-wrapped-contains-target-40-targeted	graph-parameter	request-selected-source-wrapped-contains	targeted	request-graph-selection-and-wrapped-contains	request-selected-source	properties	200	fixture-hive-08	fixture-hive-08	1	a73da7b76b921f77b9fadceff4ca8a9274fa7524e6ce2fb87c035b118fdb9e31	success	4	2911	6520445594f6fc1d080f2e441beea159540f21b52c555b515dbd7ba1fee2a37f	84738		fixture-hive-08	request-selected-source	1	1	fixture-hive-08	1	0	0	1	0	4	0	0	0	1	0
request-selected-source-wrapped-contains-target-40-dense	graph-parameter	request-selected-source-wrapped-contains	dense	request-graph-selection-and-wrapped-contains	request-selected-source	properties	200	fixture-hive-08	fixture-hive-08	1	a73da7b76b921f77b9fadceff4ca8a9274fa7524e6ce2fb87c035b118fdb9e31	success	200	95189	6547ed796970ad3186785ae6dc7d6b1328d226d1878e5144fdb98c21fcba06f9	150732		fixture-hive-08	request-selected-source	1	1	fixture-hive-08	1	0	0	1	0	200	0	0	0	1	0
request-selected-source-wrapped-contains-target-41-zero	graph-parameter	request-selected-source-wrapped-contains	zero	request-graph-selection-and-wrapped-contains	request-selected-source	properties	200	fixture-hive-09	fixture-hive-09	1	295df7bb9f479be56469bcfb34b70c143d1aff6e47944b80de9fd42e774be779	success	0	147	805c8c7334c868e18e2be84be95b83cc60895722d739c2b164a68be4cd410c49	87995			request-selected-source	1	1	fixture-hive-09	1	0	0	1	0	1	0	0	0	1	0
request-selected-source-wrapped-contains-target-41-targeted	graph-parameter	request-selected-source-wrapped-contains	targeted	request-graph-selection-and-wrapped-contains	request-selected-source	properties	200	fixture-hive-09	fixture-hive-09	1	295df7bb9f479be56469bcfb34b70c143d1aff6e47944b80de9fd42e774be779	success	4	2883	42fd2fd2ff37d34c0cfb2146cde4be9387147a4cc07443bd58969c3f1e25556e	84228		fixture-hive-09	request-selected-source	1	1	fixture-hive-09	1	0	0	1	0	4	0	0	0	1	0
request-selected-source-wrapped-contains-target-41-dense	graph-parameter	request-selected-source-wrapped-contains	dense	request-graph-selection-and-wrapped-contains	request-selected-source	properties	200	fixture-hive-09	fixture-hive-09	1	295df7bb9f479be56469bcfb34b70c143d1aff6e47944b80de9fd42e774be779	success	200	92146	1d23f5a918b6a408d8eae300e7aa799801aecc62fcc85667af567e3c95156cb9	160771		fixture-hive-09	request-selected-source	1	1	fixture-hive-09	1	0	0	1	0	200	0	0	0	1	0
request-selected-source-wrapped-contains-target-42-zero	graph-parameter	request-selected-source-wrapped-contains	zero	request-graph-selection-and-wrapped-contains	request-selected-source	properties	200	fixture-hive-10	fixture-hive-10	1	e942f277a2b44bd11b03bd9380dd5388338721030a1701c31ff2277dd8f8cd9a	success	0	147	805c8c7334c868e18e2be84be95b83cc60895722d739c2b164a68be4cd410c49	86031			request-selected-source	1	1	fixture-hive-10	1	0	0	1	0	1	0	0	0	1	0
request-selected-source-wrapped-contains-target-42-targeted	graph-parameter	request-selected-source-wrapped-contains	targeted	request-graph-selection-and-wrapped-contains	request-selected-source	properties	200	fixture-hive-10	fixture-hive-10	1	e942f277a2b44bd11b03bd9380dd5388338721030a1701c31ff2277dd8f8cd9a	success	63	39077	2d20a012ee335ff72d99f67135e1ac36defbca676c07a298d3df15c7c1e33f7d	112250		fixture-hive-10	request-selected-source	1	1	fixture-hive-10	1	0	0	1	0	63	0	0	0	1	0
request-selected-source-wrapped-contains-target-42-dense	graph-parameter	request-selected-source-wrapped-contains	dense	request-graph-selection-and-wrapped-contains	request-selected-source	properties	200	fixture-hive-10	fixture-hive-10	1	e942f277a2b44bd11b03bd9380dd5388338721030a1701c31ff2277dd8f8cd9a	success	200	93248	bd7a2cfc84011237aca413f8fd4b6ee9130043dc1530bc214cc965d935dc3d88	151434		fixture-hive-10	request-selected-source	1	1	fixture-hive-10	1	0	0	1	0	200	0	0	0	1	0
request-selected-source-wrapped-contains-target-43-zero	graph-parameter	request-selected-source-wrapped-contains	zero	request-graph-selection-and-wrapped-contains	request-selected-source	properties	200	fixture-hive-11	fixture-hive-11	1	fc0779b8fe9d9937d1e4cb4a3dba1379fc83c9a81125f4350e46a986c8531889	success	0	147	805c8c7334c868e18e2be84be95b83cc60895722d739c2b164a68be4cd410c49	106199			request-selected-source	1	1	fixture-hive-11	1	0	0	1	0	1	0	0	0	1	0
request-selected-source-wrapped-contains-target-43-targeted	graph-parameter	request-selected-source-wrapped-contains	targeted	request-graph-selection-and-wrapped-contains	request-selected-source	properties	200	fixture-hive-11	fixture-hive-11	1	fc0779b8fe9d9937d1e4cb4a3dba1379fc83c9a81125f4350e46a986c8531889	success	4	2743	a7aaae25732eb3fc39e7e9697120f6a4534e52262fb153e4201e51d7b31e4606	85540		fixture-hive-11	request-selected-source	1	1	fixture-hive-11	1	0	0	1	0	4	0	0	0	1	0
request-selected-source-wrapped-contains-target-43-dense	graph-parameter	request-selected-source-wrapped-contains	dense	request-graph-selection-and-wrapped-contains	request-selected-source	properties	200	fixture-hive-11	fixture-hive-11	1	fc0779b8fe9d9937d1e4cb4a3dba1379fc83c9a81125f4350e46a986c8531889	success	200	94063	f5c81d8aabcfe449e1a20e1133f0ce5a6c25cde54cfb7e82531ff93f87b6f89e	135494		fixture-hive-11	request-selected-source	1	1	fixture-hive-11	1	0	0	1	0	200	0	0	0	1	0
request-selected-source-wrapped-contains-target-44-zero	graph-parameter	request-selected-source-wrapped-contains	zero	request-graph-selection-and-wrapped-contains	request-selected-source	properties	200	fixture-hive-12	fixture-hive-12	1	b0c62bc41512e26a42d23ec1fd21c12eb0d433e252eed22e92d2246689f7489a	success	0	147	805c8c7334c868e18e2be84be95b83cc60895722d739c2b164a68be4cd410c49	93225			request-selected-source	1	1	fixture-hive-12	1	0	0	1	0	1	0	0	0	1	0
request-selected-source-wrapped-contains-target-44-targeted	graph-parameter	request-selected-source-wrapped-contains	targeted	request-graph-selection-and-wrapped-contains	request-selected-source	properties	200	fixture-hive-12	fixture-hive-12	1	b0c62bc41512e26a42d23ec1fd21c12eb0d433e252eed22e92d2246689f7489a	success	4	2890	b8c7750587d3cb95373de074cba017cf14e5d85811bfc8cc2b49fa06615dc14f	83396		fixture-hive-12	request-selected-source	1	1	fixture-hive-12	1	0	0	1	0	4	0	0	0	1	0
request-selected-source-wrapped-contains-target-44-dense	graph-parameter	request-selected-source-wrapped-contains	dense	request-graph-selection-and-wrapped-contains	request-selected-source	properties	200	fixture-hive-12	fixture-hive-12	1	b0c62bc41512e26a42d23ec1fd21c12eb0d433e252eed22e92d2246689f7489a	success	200	90517	901cb7ad5a7cef604f7264d87d81f85a7b3e521b0175839dd61f15fa140b58cf	150001		fixture-hive-12	request-selected-source	1	1	fixture-hive-12	1	0	0	1	0	200	0	0	0	1	0
request-selected-source-wrapped-contains-target-45-zero	graph-parameter	request-selected-source-wrapped-contains	zero	request-graph-selection-and-wrapped-contains	request-selected-source	properties	200	fixture-hive-13	fixture-hive-13	1	2f758a1599ac4d799ee27ae81f81bfe54bc6240d59e8f003bf5cd782742affd0	success	0	147	805c8c7334c868e18e2be84be95b83cc60895722d739c2b164a68be4cd410c49	83386			request-selected-source	1	1	fixture-hive-13	1	0	0	1	0	1	0	0	0	1	0
request-selected-source-wrapped-contains-target-45-targeted	graph-parameter	request-selected-source-wrapped-contains	targeted	request-graph-selection-and-wrapped-contains	request-selected-source	properties	200	fixture-hive-13	fixture-hive-13	1	2f758a1599ac4d799ee27ae81f81bfe54bc6240d59e8f003bf5cd782742affd0	success	1	807	7a2ea6e6b7c61f333c01be975226570ddf428683fdf6c4eb419e09457718acf9	82835		fixture-hive-13	request-selected-source	1	1	fixture-hive-13	1	0	0	1	0	1	0	0	0	1	0
request-selected-source-wrapped-contains-target-45-dense	graph-parameter	request-selected-source-wrapped-contains	dense	request-graph-selection-and-wrapped-contains	request-selected-source	properties	200	fixture-hive-13	fixture-hive-13	1	2f758a1599ac4d799ee27ae81f81bfe54bc6240d59e8f003bf5cd782742affd0	success	200	92534	8ce2fca3adf975e2913f1d7a0f91465f04ef5e5cdbaaa1f51ca68901be616480	161813		fixture-hive-13	request-selected-source	1	1	fixture-hive-13	1	0	0	1	0	200	0	0	0	1	0
request-selected-source-wrapped-contains-target-46-zero	graph-parameter	request-selected-source-wrapped-contains	zero	request-graph-selection-and-wrapped-contains	request-selected-source	properties	200	fixture-hive-14	fixture-hive-14	1	960cf66cc8af0003002afe076d1f893b29b2a55fabfac7d5316eb3e3b9c46f67	success	0	147	805c8c7334c868e18e2be84be95b83cc60895722d739c2b164a68be4cd410c49	98639			request-selected-source	1	1	fixture-hive-14	1	0	0	1	0	1	0	0	0	1	0
request-selected-source-wrapped-contains-target-46-targeted	graph-parameter	request-selected-source-wrapped-contains	targeted	request-graph-selection-and-wrapped-contains	request-selected-source	properties	200	fixture-hive-14	fixture-hive-14	1	960cf66cc8af0003002afe076d1f893b29b2a55fabfac7d5316eb3e3b9c46f67	success	45	27605	5de372ca8e19ec486456452fc7bd2d9f18c4d7b0beb5e238b24073911e1d2e3a	113523		fixture-hive-14	request-selected-source	1	1	fixture-hive-14	1	0	0	1	0	45	0	0	0	1	0
request-selected-source-wrapped-contains-target-46-dense	graph-parameter	request-selected-source-wrapped-contains	dense	request-graph-selection-and-wrapped-contains	request-selected-source	properties	200	fixture-hive-14	fixture-hive-14	1	960cf66cc8af0003002afe076d1f893b29b2a55fabfac7d5316eb3e3b9c46f67	success	200	96641	3ad39c9167b00424c5957087068cab90d47268c9063b8d9e565113275edd98c8	166582		fixture-hive-14	request-selected-source	1	1	fixture-hive-14	1	0	0	1	0	200	0	0	0	1	0
request-selected-source-wrapped-contains-target-47-zero	graph-parameter	request-selected-source-wrapped-contains	zero	request-graph-selection-and-wrapped-contains	request-selected-source	properties	200	fixture-hive-15	fixture-hive-15	1	d5c3f70f4e04fa9e3851b5ba956c39c64ff3bf4c48028255a069369d65d3e3dc	success	0	147	805c8c7334c868e18e2be84be95b83cc60895722d739c2b164a68be4cd410c49	83005			request-selected-source	1	1	fixture-hive-15	1	0	0	1	0	1	0	0	0	1	0
request-selected-source-wrapped-contains-target-47-targeted	graph-parameter	request-selected-source-wrapped-contains	targeted	request-graph-selection-and-wrapped-contains	request-selected-source	properties	200	fixture-hive-15	fixture-hive-15	1	d5c3f70f4e04fa9e3851b5ba956c39c64ff3bf4c48028255a069369d65d3e3dc	success	66	40159	fcfc173325ae104971344d6daea93c8089a472f712f938cfbd16c519ba82c551	118893		fixture-hive-15	request-selected-source	1	1	fixture-hive-15	1	0	0	1	0	66	0	0	0	1	0
request-selected-source-wrapped-contains-target-47-dense	graph-parameter	request-selected-source-wrapped-contains	dense	request-graph-selection-and-wrapped-contains	request-selected-source	properties	200	fixture-hive-15	fixture-hive-15	1	d5c3f70f4e04fa9e3851b5ba956c39c64ff3bf4c48028255a069369d65d3e3dc	success	200	97359	d162ad37d2e7b659e55cddb63b7d42e922fbd2396ae9679f7648226751bb7a13	205705		fixture-hive-15	request-selected-source	1	1	fixture-hive-15	1	0	0	1	0	200	0	0	0	1	0
request-selected-source-wrapped-contains-target-48-zero	graph-parameter	request-selected-source-wrapped-contains	zero	request-graph-selection-and-wrapped-contains	request-selected-source	properties	200	fixture-kotlin-compiler-00	fixture-kotlin-compiler-00	1	e0590ddba3b9b9f8de79bee6771cc2f41482d9bcf2b6d495c533f4d523602a1c	success	0	147	805c8c7334c868e18e2be84be95b83cc60895722d739c2b164a68be4cd410c49	108743			request-selected-source	1	1	fixture-kotlin-compiler-00	1	0	0	1	0	1	0	0	0	1	0
request-selected-source-wrapped-contains-target-48-targeted	graph-parameter	request-selected-source-wrapped-contains	targeted	request-graph-selection-and-wrapped-contains	request-selected-source	properties	200	fixture-kotlin-compiler-00	fixture-kotlin-compiler-00	1	e0590ddba3b9b9f8de79bee6771cc2f41482d9bcf2b6d495c533f4d523602a1c	success	10	6351	274597a5e0e535d6581734920f9ffbc39062a84a13ad9d85823a8f12df219dfd	126847		fixture-kotlin-compiler-00	request-selected-source	1	1	fixture-kotlin-compiler-00	1	0	0	1	0	10	0	0	0	1	0
request-selected-source-wrapped-contains-target-48-dense	graph-parameter	request-selected-source-wrapped-contains	dense	request-graph-selection-and-wrapped-contains	request-selected-source	properties	200	fixture-kotlin-compiler-00	fixture-kotlin-compiler-00	1	e0590ddba3b9b9f8de79bee6771cc2f41482d9bcf2b6d495c533f4d523602a1c	success	200	97301	4abd067ea3c7496241f2623586a132809a81e33bd08c7645b717be3ee7ee2542	231544		fixture-kotlin-compiler-00	request-selected-source	1	1	fixture-kotlin-compiler-00	1	0	0	1	0	200	0	0	0	1	0
request-selected-source-wrapped-contains-target-49-zero	graph-parameter	request-selected-source-wrapped-contains	zero	request-graph-selection-and-wrapped-contains	request-selected-source	properties	200	fixture-kotlin-compiler-01	fixture-kotlin-compiler-01	1	a2378f34cd746f343988852d75ea5d50b8bfe89e6cd965dacb19b742e3a8c966	success	0	147	805c8c7334c868e18e2be84be95b83cc60895722d739c2b164a68be4cd410c49	98845			request-selected-source	1	1	fixture-kotlin-compiler-01	1	0	0	1	0	1	0	0	0	1	0
request-selected-source-wrapped-contains-target-49-targeted	graph-parameter	request-selected-source-wrapped-contains	targeted	request-graph-selection-and-wrapped-contains	request-selected-source	properties	200	fixture-kotlin-compiler-01	fixture-kotlin-compiler-01	1	a2378f34cd746f343988852d75ea5d50b8bfe89e6cd965dacb19b742e3a8c966	success	4	2598	d72c68d3fe0e8e0257e28136dfcba3f279a31d304b51dc9611dfa7b0f16169a8	247333		fixture-kotlin-compiler-01	request-selected-source	1	1	fixture-kotlin-compiler-01	1	0	0	1	0	4	0	0	0	1	0
request-selected-source-wrapped-contains-target-49-dense	graph-parameter	request-selected-source-wrapped-contains	dense	request-graph-selection-and-wrapped-contains	request-selected-source	properties	200	fixture-kotlin-compiler-01	fixture-kotlin-compiler-01	1	a2378f34cd746f343988852d75ea5d50b8bfe89e6cd965dacb19b742e3a8c966	success	200	95854	6848b85ce01299f2ea05bcca3edaa8c69792c61113aeaea43a401f01793bb61d	188493		fixture-kotlin-compiler-01	request-selected-source	1	1	fixture-kotlin-compiler-01	1	0	0	1	0	200	0	0	0	1	0
request-selected-source-wrapped-contains-target-50-zero	graph-parameter	request-selected-source-wrapped-contains	zero	request-graph-selection-and-wrapped-contains	request-selected-source	properties	200	fixture-kotlin-compiler-02	fixture-kotlin-compiler-02	1	b4996e09ff7c9fb90ce978374faa803d01485382a499402abfd9028048b79bf7	success	0	147	805c8c7334c868e18e2be84be95b83cc60895722d739c2b164a68be4cd410c49	92082			request-selected-source	1	1	fixture-kotlin-compiler-02	1	0	0	1	0	1	0	0	0	1	0
request-selected-source-wrapped-contains-target-50-targeted	graph-parameter	request-selected-source-wrapped-contains	targeted	request-graph-selection-and-wrapped-contains	request-selected-source	properties	200	fixture-kotlin-compiler-02	fixture-kotlin-compiler-02	1	b4996e09ff7c9fb90ce978374faa803d01485382a499402abfd9028048b79bf7	success	1	791	85dd6bfd8cfa28628294c822275e5bb7a279ea8142c47ff362a55c060e68da37	80611		fixture-kotlin-compiler-02	request-selected-source	1	1	fixture-kotlin-compiler-02	1	0	0	1	0	1	0	0	0	1	0
request-selected-source-wrapped-contains-target-50-dense	graph-parameter	request-selected-source-wrapped-contains	dense	request-graph-selection-and-wrapped-contains	request-selected-source	properties	200	fixture-kotlin-compiler-02	fixture-kotlin-compiler-02	1	b4996e09ff7c9fb90ce978374faa803d01485382a499402abfd9028048b79bf7	success	200	91564	fbf180fab82c32493738bb60bb29955d3f45810bb23806d614f71964200069bc	271018		fixture-kotlin-compiler-02	request-selected-source	1	1	fixture-kotlin-compiler-02	1	0	0	1	0	200	0	0	0	1	0
request-selected-source-wrapped-contains-target-51-zero	graph-parameter	request-selected-source-wrapped-contains	zero	request-graph-selection-and-wrapped-contains	request-selected-source	properties	200	fixture-kotlin-compiler-03	fixture-kotlin-compiler-03	1	a2350bbcc2f1ba8738ae72b167e586240ce7149551e3fba11f7a358d11b7801e	success	0	147	805c8c7334c868e18e2be84be95b83cc60895722d739c2b164a68be4cd410c49	109435			request-selected-source	1	1	fixture-kotlin-compiler-03	1	0	0	1	0	1	0	0	0	1	0
request-selected-source-wrapped-contains-target-51-targeted	graph-parameter	request-selected-source-wrapped-contains	targeted	request-graph-selection-and-wrapped-contains	request-selected-source	properties	200	fixture-kotlin-compiler-03	fixture-kotlin-compiler-03	1	a2350bbcc2f1ba8738ae72b167e586240ce7149551e3fba11f7a358d11b7801e	success	1	798	64ae9673d519a121b865dc50f576291bddc3c4c81c474d10cfb9d0da1dce7c60	73258		fixture-kotlin-compiler-03	request-selected-source	1	1	fixture-kotlin-compiler-03	1	0	0	1	0	1	0	0	0	1	0
request-selected-source-wrapped-contains-target-51-dense	graph-parameter	request-selected-source-wrapped-contains	dense	request-graph-selection-and-wrapped-contains	request-selected-source	properties	200	fixture-kotlin-compiler-03	fixture-kotlin-compiler-03	1	a2350bbcc2f1ba8738ae72b167e586240ce7149551e3fba11f7a358d11b7801e	success	200	94730	d508f1cb1d0c5646118a68e8a87c49c66a454661e438e3f033289c173598f51f	170098		fixture-kotlin-compiler-03	request-selected-source	1	1	fixture-kotlin-compiler-03	1	0	0	1	0	200	0	0	0	1	0
request-selected-source-wrapped-contains-target-52-zero	graph-parameter	request-selected-source-wrapped-contains	zero	request-graph-selection-and-wrapped-contains	request-selected-source	properties	200	fixture-kotlin-compiler-04	fixture-kotlin-compiler-04	1	1835d0591826a821b1c4a8a0df21cd273c40697176c253109b1663d9e56d64a0	success	0	147	805c8c7334c868e18e2be84be95b83cc60895722d739c2b164a68be4cd410c49	71103			request-selected-source	1	1	fixture-kotlin-compiler-04	1	0	0	1	0	1	0	0	0	1	0
request-selected-source-wrapped-contains-target-52-targeted	graph-parameter	request-selected-source-wrapped-contains	targeted	request-graph-selection-and-wrapped-contains	request-selected-source	properties	200	fixture-kotlin-compiler-04	fixture-kotlin-compiler-04	1	1835d0591826a821b1c4a8a0df21cd273c40697176c253109b1663d9e56d64a0	success	1	792	6691abe0a1f608719107bf4ffc3fa52632123ab77cb7c2c3c6536cd32de533b1	71545		fixture-kotlin-compiler-04	request-selected-source	1	1	fixture-kotlin-compiler-04	1	0	0	1	0	1	0	0	0	1	0
request-selected-source-wrapped-contains-target-52-dense	graph-parameter	request-selected-source-wrapped-contains	dense	request-graph-selection-and-wrapped-contains	request-selected-source	properties	200	fixture-kotlin-compiler-04	fixture-kotlin-compiler-04	1	1835d0591826a821b1c4a8a0df21cd273c40697176c253109b1663d9e56d64a0	success	200	96891	db4b9bfadbbb61a039e76484090eda57349ec9585a7c795f46793352fb739e7c	145372		fixture-kotlin-compiler-04	request-selected-source	1	1	fixture-kotlin-compiler-04	1	0	0	1	0	200	0	0	0	1	0
request-selected-source-wrapped-contains-target-53-zero	graph-parameter	request-selected-source-wrapped-contains	zero	request-graph-selection-and-wrapped-contains	request-selected-source	properties	200	fixture-kotlin-compiler-05	fixture-kotlin-compiler-05	1	65de36ec09041582c4ff4a57708f099a7d72d4907a327e47ae026767f5ff0db0	success	0	147	805c8c7334c868e18e2be84be95b83cc60895722d739c2b164a68be4cd410c49	69470			request-selected-source	1	1	fixture-kotlin-compiler-05	1	0	0	1	0	1	0	0	0	1	0
request-selected-source-wrapped-contains-target-53-targeted	graph-parameter	request-selected-source-wrapped-contains	targeted	request-graph-selection-and-wrapped-contains	request-selected-source	properties	200	fixture-kotlin-compiler-05	fixture-kotlin-compiler-05	1	65de36ec09041582c4ff4a57708f099a7d72d4907a327e47ae026767f5ff0db0	success	6	3910	d987ccd9722d9cd5492fcbb62423f1a89bb41e05ea0e3fb44e7cc793b9656b12	81503		fixture-kotlin-compiler-05	request-selected-source	1	1	fixture-kotlin-compiler-05	1	0	0	1	0	6	0	0	0	1	0
request-selected-source-wrapped-contains-target-53-dense	graph-parameter	request-selected-source-wrapped-contains	dense	request-graph-selection-and-wrapped-contains	request-selected-source	properties	200	fixture-kotlin-compiler-05	fixture-kotlin-compiler-05	1	65de36ec09041582c4ff4a57708f099a7d72d4907a327e47ae026767f5ff0db0	success	200	94720	c9e7b59e830a820a47234ca1fd54046d1c260db318e05adc24dc748ca7fe29c0	144110		fixture-kotlin-compiler-05	request-selected-source	1	1	fixture-kotlin-compiler-05	1	0	0	1	0	200	0	0	0	1	0
request-selected-source-wrapped-contains-target-54-zero	graph-parameter	request-selected-source-wrapped-contains	zero	request-graph-selection-and-wrapped-contains	request-selected-source	properties	200	fixture-kotlin-compiler-06	fixture-kotlin-compiler-06	1	455e2dea20c33d78ad4888048700c76ead131cc5fff61b1b6745f3cf019d98c7	success	0	147	805c8c7334c868e18e2be84be95b83cc60895722d739c2b164a68be4cd410c49	96000			request-selected-source	1	1	fixture-kotlin-compiler-06	1	0	0	1	0	1	0	0	0	1	0
request-selected-source-wrapped-contains-target-54-targeted	graph-parameter	request-selected-source-wrapped-contains	targeted	request-graph-selection-and-wrapped-contains	request-selected-source	properties	200	fixture-kotlin-compiler-06	fixture-kotlin-compiler-06	1	455e2dea20c33d78ad4888048700c76ead131cc5fff61b1b6745f3cf019d98c7	success	3	1869	5157205e66d4cebff8b628175c555fdb333564013eabc5f496e37f9a4ad2b606	66675		fixture-kotlin-compiler-06	request-selected-source	1	1	fixture-kotlin-compiler-06	1	0	0	1	0	3	0	0	0	1	0
request-selected-source-wrapped-contains-target-54-dense	graph-parameter	request-selected-source-wrapped-contains	dense	request-graph-selection-and-wrapped-contains	request-selected-source	properties	200	fixture-kotlin-compiler-06	fixture-kotlin-compiler-06	1	455e2dea20c33d78ad4888048700c76ead131cc5fff61b1b6745f3cf019d98c7	success	200	92798	60b390f0b190e46f6fd1b4929641c7324c9142e0f18a85bc338e7b41ebe62db5	183894		fixture-kotlin-compiler-06	request-selected-source	1	1	fixture-kotlin-compiler-06	1	0	0	1	0	200	0	0	0	1	0
request-selected-source-wrapped-contains-target-55-zero	graph-parameter	request-selected-source-wrapped-contains	zero	request-graph-selection-and-wrapped-contains	request-selected-source	properties	200	fixture-kotlin-compiler-07	fixture-kotlin-compiler-07	1	6c1c49dd5e3fe90a5fa68f9ab09606732d59b2cb006a42f463d6390d9a27f2a1	success	0	147	805c8c7334c868e18e2be84be95b83cc60895722d739c2b164a68be4cd410c49	79468			request-selected-source	1	1	fixture-kotlin-compiler-07	1	0	0	1	0	1	0	0	0	1	0
request-selected-source-wrapped-contains-target-55-targeted	graph-parameter	request-selected-source-wrapped-contains	targeted	request-graph-selection-and-wrapped-contains	request-selected-source	properties	200	fixture-kotlin-compiler-07	fixture-kotlin-compiler-07	1	6c1c49dd5e3fe90a5fa68f9ab09606732d59b2cb006a42f463d6390d9a27f2a1	success	10	6054	f5c10be5db49f33f0b8307328bfb058b342da4d9241c33217038447620028ab5	84197		fixture-kotlin-compiler-07	request-selected-source	1	1	fixture-kotlin-compiler-07	1	0	0	1	0	10	0	0	0	1	0
request-selected-source-wrapped-contains-target-55-dense	graph-parameter	request-selected-source-wrapped-contains	dense	request-graph-selection-and-wrapped-contains	request-selected-source	properties	200	fixture-kotlin-compiler-07	fixture-kotlin-compiler-07	1	6c1c49dd5e3fe90a5fa68f9ab09606732d59b2cb006a42f463d6390d9a27f2a1	success	200	96112	0f6d4800cdd86ccdf20aab2fe6bd2924f66d70c9fcca46057385e09ba151a798	147507		fixture-kotlin-compiler-07	request-selected-source	1	1	fixture-kotlin-compiler-07	1	0	0	1	0	200	0	0	0	1	0
request-selected-source-wrapped-contains-target-56-zero	graph-parameter	request-selected-source-wrapped-contains	zero	request-graph-selection-and-wrapped-contains	request-selected-source	properties	200	fixture-kotlin-compiler-08	fixture-kotlin-compiler-08	1	37be466842d1f239df76fe55e92f6769fc0b2d6e47e43f0020c40a8ce8422cb0	success	0	147	805c8c7334c868e18e2be84be95b83cc60895722d739c2b164a68be4cd410c49	96360			request-selected-source	1	1	fixture-kotlin-compiler-08	1	0	0	1	0	1	0	0	0	1	0
request-selected-source-wrapped-contains-target-56-targeted	graph-parameter	request-selected-source-wrapped-contains	targeted	request-graph-selection-and-wrapped-contains	request-selected-source	properties	200	fixture-kotlin-compiler-08	fixture-kotlin-compiler-08	1	37be466842d1f239df76fe55e92f6769fc0b2d6e47e43f0020c40a8ce8422cb0	success	1	802	7ebbe5301915ad5c39692b733c3f39851576d09270c89f830b9e80b342a866f6	78407		fixture-kotlin-compiler-08	request-selected-source	1	1	fixture-kotlin-compiler-08	1	0	0	1	0	1	0	0	0	1	0
request-selected-source-wrapped-contains-target-56-dense	graph-parameter	request-selected-source-wrapped-contains	dense	request-graph-selection-and-wrapped-contains	request-selected-source	properties	200	fixture-kotlin-compiler-08	fixture-kotlin-compiler-08	1	37be466842d1f239df76fe55e92f6769fc0b2d6e47e43f0020c40a8ce8422cb0	success	200	93704	b778fc4edfb3c1031b90b2d3d121fd31958733afdc68d3f1cde538a17b738328	185267		fixture-kotlin-compiler-08	request-selected-source	1	1	fixture-kotlin-compiler-08	1	0	0	1	0	200	0	0	0	1	0
request-selected-source-wrapped-contains-target-57-zero	graph-parameter	request-selected-source-wrapped-contains	zero	request-graph-selection-and-wrapped-contains	request-selected-source	properties	200	fixture-kotlin-compiler-09	fixture-kotlin-compiler-09	1	5bacb6648bba38e91cc033e69d42538b040b89f913b58ee2afebb53ba8d35c57	success	0	147	805c8c7334c868e18e2be84be95b83cc60895722d739c2b164a68be4cd410c49	76172			request-selected-source	1	1	fixture-kotlin-compiler-09	1	0	0	1	0	1	0	0	0	1	0
request-selected-source-wrapped-contains-target-57-targeted	graph-parameter	request-selected-source-wrapped-contains	targeted	request-graph-selection-and-wrapped-contains	request-selected-source	properties	200	fixture-kotlin-compiler-09	fixture-kotlin-compiler-09	1	5bacb6648bba38e91cc033e69d42538b040b89f913b58ee2afebb53ba8d35c57	success	1	765	0812dc51126311be5cac082c5d39676905cd9a0811e6a08f17ec6343dc843471	80180		fixture-kotlin-compiler-09	request-selected-source	1	1	fixture-kotlin-compiler-09	1	0	0	1	0	1	0	0	0	1	0
request-selected-source-wrapped-contains-target-57-dense	graph-parameter	request-selected-source-wrapped-contains	dense	request-graph-selection-and-wrapped-contains	request-selected-source	properties	200	fixture-kotlin-compiler-09	fixture-kotlin-compiler-09	1	5bacb6648bba38e91cc033e69d42538b040b89f913b58ee2afebb53ba8d35c57	success	200	99258	415f437224f091ed04a72fa493ee405ec437acfcfdf54dee50789c56e5356f10	184154		fixture-kotlin-compiler-09	request-selected-source	1	1	fixture-kotlin-compiler-09	1	0	0	1	0	200	0	0	0	1	0
request-selected-source-wrapped-contains-target-58-zero	graph-parameter	request-selected-source-wrapped-contains	zero	request-graph-selection-and-wrapped-contains	request-selected-source	properties	200	fixture-kotlin-compiler-10	fixture-kotlin-compiler-10	1	634f1070c869c5f39ed7722d97b19c8976bc7fee623a8cfc705bcdd955e20759	success	0	147	805c8c7334c868e18e2be84be95b83cc60895722d739c2b164a68be4cd410c49	77284			request-selected-source	1	1	fixture-kotlin-compiler-10	1	0	0	1	0	1	0	0	0	1	0
request-selected-source-wrapped-contains-target-58-targeted	graph-parameter	request-selected-source-wrapped-contains	targeted	request-graph-selection-and-wrapped-contains	request-selected-source	properties	200	fixture-kotlin-compiler-10	fixture-kotlin-compiler-10	1	634f1070c869c5f39ed7722d97b19c8976bc7fee623a8cfc705bcdd955e20759	success	12	7029	1df616dc12f8aa99df8ef1921ad6c878afdd2d37362d488527ffbb7ddbe7f6e3	80010		fixture-kotlin-compiler-10	request-selected-source	1	1	fixture-kotlin-compiler-10	1	0	0	1	0	12	0	0	0	1	0
request-selected-source-wrapped-contains-target-58-dense	graph-parameter	request-selected-source-wrapped-contains	dense	request-graph-selection-and-wrapped-contains	request-selected-source	properties	200	fixture-kotlin-compiler-10	fixture-kotlin-compiler-10	1	634f1070c869c5f39ed7722d97b19c8976bc7fee623a8cfc705bcdd955e20759	success	200	94948	3f3fd3df372307937afdfd0915ce035266497833c5712760faf456eece659c97	138399		fixture-kotlin-compiler-10	request-selected-source	1	1	fixture-kotlin-compiler-10	1	0	0	1	0	200	0	0	0	1	0
request-selected-source-wrapped-contains-target-59-zero	graph-parameter	request-selected-source-wrapped-contains	zero	request-graph-selection-and-wrapped-contains	request-selected-source	properties	200	fixture-kotlin-compiler-11	fixture-kotlin-compiler-11	1	9e1bbfe33d12ec072b828f417bb9dcdab26d7daecb14898f31eb2d73cdaff93c	success	0	147	805c8c7334c868e18e2be84be95b83cc60895722d739c2b164a68be4cd410c49	100168			request-selected-source	1	1	fixture-kotlin-compiler-11	1	0	0	1	0	1	0	0	0	1	0
request-selected-source-wrapped-contains-target-59-targeted	graph-parameter	request-selected-source-wrapped-contains	targeted	request-graph-selection-and-wrapped-contains	request-selected-source	properties	200	fixture-kotlin-compiler-11	fixture-kotlin-compiler-11	1	9e1bbfe33d12ec072b828f417bb9dcdab26d7daecb14898f31eb2d73cdaff93c	success	11	6729	3d47749a3f582c73a2df58bf3f9b3beed9c001af5d9bd91af1d30abe76d3f524	80350		fixture-kotlin-compiler-11	request-selected-source	1	1	fixture-kotlin-compiler-11	1	0	0	1	0	11	0	0	0	1	0
request-selected-source-wrapped-contains-target-59-dense	graph-parameter	request-selected-source-wrapped-contains	dense	request-graph-selection-and-wrapped-contains	request-selected-source	properties	200	fixture-kotlin-compiler-11	fixture-kotlin-compiler-11	1	9e1bbfe33d12ec072b828f417bb9dcdab26d7daecb14898f31eb2d73cdaff93c	success	200	89429	54106029dd8c0484e4d4612954bdb30eebd525f910018413d1ee09bf2ea5c8ac	145573		fixture-kotlin-compiler-11	request-selected-source	1	1	fixture-kotlin-compiler-11	1	0	0	1	0	200	0	0	0	1	0
request-selected-source-wrapped-contains-target-60-zero	graph-parameter	request-selected-source-wrapped-contains	zero	request-graph-selection-and-wrapped-contains	request-selected-source	properties	200	fixture-kotlin-compiler-12	fixture-kotlin-compiler-12	1	45b0266366bbda196d2004ab993b070c325a01ec90b2c254cb7a89f0070e843a	success	0	147	805c8c7334c868e18e2be84be95b83cc60895722d739c2b164a68be4cd410c49	76052			request-selected-source	1	1	fixture-kotlin-compiler-12	1	0	0	1	0	1	0	0	0	1	0
request-selected-source-wrapped-contains-target-60-targeted	graph-parameter	request-selected-source-wrapped-contains	targeted	request-graph-selection-and-wrapped-contains	request-selected-source	properties	200	fixture-kotlin-compiler-12	fixture-kotlin-compiler-12	1	45b0266366bbda196d2004ab993b070c325a01ec90b2c254cb7a89f0070e843a	success	13	7599	88379c6b80e2b23974c6b6a1e2c6fc3f3680ec705c71b7cecbc9a2228bf7fa26	96761		fixture-kotlin-compiler-12	request-selected-source	1	1	fixture-kotlin-compiler-12	1	0	0	1	0	13	0	0	0	1	0
request-selected-source-wrapped-contains-target-60-dense	graph-parameter	request-selected-source-wrapped-contains	dense	request-graph-selection-and-wrapped-contains	request-selected-source	properties	200	fixture-kotlin-compiler-12	fixture-kotlin-compiler-12	1	45b0266366bbda196d2004ab993b070c325a01ec90b2c254cb7a89f0070e843a	success	200	94040	5d662b90e716477fff887768402c85462026d6042e22f1d7fafdb565b9f9efc8	144611		fixture-kotlin-compiler-12	request-selected-source	1	1	fixture-kotlin-compiler-12	1	0	0	1	0	200	0	0	0	1	0
request-selected-source-wrapped-contains-target-61-zero	graph-parameter	request-selected-source-wrapped-contains	zero	request-graph-selection-and-wrapped-contains	request-selected-source	properties	200	fixture-kotlin-compiler-13	fixture-kotlin-compiler-13	1	aedca61396c53e1f40a6a8408974c2e44a02b0dd40978618ab51b02da9ecb430	success	0	147	805c8c7334c868e18e2be84be95b83cc60895722d739c2b164a68be4cd410c49	73678			request-selected-source	1	1	fixture-kotlin-compiler-13	1	0	0	1	0	1	0	0	0	1	0
request-selected-source-wrapped-contains-target-61-targeted	graph-parameter	request-selected-source-wrapped-contains	targeted	request-graph-selection-and-wrapped-contains	request-selected-source	properties	200	fixture-kotlin-compiler-13	fixture-kotlin-compiler-13	1	aedca61396c53e1f40a6a8408974c2e44a02b0dd40978618ab51b02da9ecb430	success	8	5180	b6f5bd5828bd66e4f09f8198b509f3673986060cf32e2725dff13d9bcb4d6e9b	84808		fixture-kotlin-compiler-13	request-selected-source	1	1	fixture-kotlin-compiler-13	1	0	0	1	0	8	0	0	0	1	0
request-selected-source-wrapped-contains-target-61-dense	graph-parameter	request-selected-source-wrapped-contains	dense	request-graph-selection-and-wrapped-contains	request-selected-source	properties	200	fixture-kotlin-compiler-13	fixture-kotlin-compiler-13	1	aedca61396c53e1f40a6a8408974c2e44a02b0dd40978618ab51b02da9ecb430	success	200	93638	00f9fdf9bf9dc94ccc0d67b35cb45c01a8e623cfaedfdb70da1cc1bfa69daf82	200996		fixture-kotlin-compiler-13	request-selected-source	1	1	fixture-kotlin-compiler-13	1	0	0	1	0	200	0	0	0	1	0
request-selected-source-wrapped-contains-target-62-zero	graph-parameter	request-selected-source-wrapped-contains	zero	request-graph-selection-and-wrapped-contains	request-selected-source	properties	200	fixture-kotlin-compiler-14	fixture-kotlin-compiler-14	1	7f28ad9f946e8d01109ca70944e08883f52dd5c6cb287fa2d5fade1909b610b0	success	0	147	805c8c7334c868e18e2be84be95b83cc60895722d739c2b164a68be4cd410c49	75461			request-selected-source	1	1	fixture-kotlin-compiler-14	1	0	0	1	0	1	0	0	0	1	0
request-selected-source-wrapped-contains-target-62-targeted	graph-parameter	request-selected-source-wrapped-contains	targeted	request-graph-selection-and-wrapped-contains	request-selected-source	properties	200	fixture-kotlin-compiler-14	fixture-kotlin-compiler-14	1	7f28ad9f946e8d01109ca70944e08883f52dd5c6cb287fa2d5fade1909b610b0	success	1	877	f04b3035acb1285487cb68f126c796fd316b35c6ce630f1e71efd88436bf28f2	70863		fixture-kotlin-compiler-14	request-selected-source	1	1	fixture-kotlin-compiler-14	1	0	0	1	0	1	0	0	0	1	0
request-selected-source-wrapped-contains-target-62-dense	graph-parameter	request-selected-source-wrapped-contains	dense	request-graph-selection-and-wrapped-contains	request-selected-source	properties	200	fixture-kotlin-compiler-14	fixture-kotlin-compiler-14	1	7f28ad9f946e8d01109ca70944e08883f52dd5c6cb287fa2d5fade1909b610b0	success	200	97449	f19574ac46a01dafc16136d9e8c4835b8d40c72753078eb8a67a1d7d438dd937	146995		fixture-kotlin-compiler-14	request-selected-source	1	1	fixture-kotlin-compiler-14	1	0	0	1	0	200	0	0	0	1	0
request-selected-source-wrapped-contains-target-63-zero	graph-parameter	request-selected-source-wrapped-contains	zero	request-graph-selection-and-wrapped-contains	request-selected-source	properties	200	fixture-kotlin-compiler-15	fixture-kotlin-compiler-15	1	86015e396789c5c1cf86d1df3b0b97987a7b461bfcfb129491f3d758793d1d65	success	0	147	805c8c7334c868e18e2be84be95b83cc60895722d739c2b164a68be4cd410c49	71674			request-selected-source	1	1	fixture-kotlin-compiler-15	1	0	0	1	0	1	0	0	0	1	0
request-selected-source-wrapped-contains-target-63-targeted	graph-parameter	request-selected-source-wrapped-contains	targeted	request-graph-selection-and-wrapped-contains	request-selected-source	properties	200	fixture-kotlin-compiler-15	fixture-kotlin-compiler-15	1	86015e396789c5c1cf86d1df3b0b97987a7b461bfcfb129491f3d758793d1d65	success	1	778	1734729b6952d2a8eff267ca86b458aa4fd5e0c703c1fa60dd66478cd3c49356	85831		fixture-kotlin-compiler-15	request-selected-source	1	1	fixture-kotlin-compiler-15	1	0	0	1	0	1	0	0	0	1	0
request-selected-source-wrapped-contains-target-63-dense	graph-parameter	request-selected-source-wrapped-contains	dense	request-graph-selection-and-wrapped-contains	request-selected-source	properties	200	fixture-kotlin-compiler-15	fixture-kotlin-compiler-15	1	86015e396789c5c1cf86d1df3b0b97987a7b461bfcfb129491f3d758793d1d65	success	200	91412	082721be4b0e9234c67505fe172c638dcb4ef8924db9c6264a191473dfc4e443	141194		fixture-kotlin-compiler-15	request-selected-source	1	1	fixture-kotlin-compiler-15	1	0	0	1	0	200	0	0	0	1	0
graph-id-in-literal-wrapped-contains-k02-group-00-zero	graph-id-set	graph-id-in-literal-wrapped-contains	zero	graph-id-in-literal-and-wrapped-contains	graph-routing-set	properties	200	fixture-android-00	fixture-android-00,fixture-android-01	2	c5e427ee59fd172b027152e6baa9bd2cb81ab90e16b12acf9406ffe97ce9ae6a	success	0	147	805c8c7334c868e18e2be84be95b83cc60895722d739c2b164a68be4cd410c49	183855			cypher-graph-id-predicate	64	2	fixture-android-00,fixture-android-01	2	0	0	2	0	2	1	1	62	1	0
graph-id-in-parameter-wrapped-contains-k02-group-00-zero	graph-id-set	graph-id-in-parameter-wrapped-contains	zero	graph-id-in-parameter-and-wrapped-contains	parameters	properties	200	fixture-android-00	fixture-android-00,fixture-android-01	2	c5e427ee59fd172b027152e6baa9bd2cb81ab90e16b12acf9406ffe97ce9ae6a	success	0	147	805c8c7334c868e18e2be84be95b83cc60895722d739c2b164a68be4cd410c49	84649			cypher-graph-id-predicate	64	2	fixture-android-00,fixture-android-01	2	0	0	2	0	2	1	1	62	1	0
request-selected-set-wrapped-contains-k02-group-00-zero	graph-set-reference	request-selected-set-wrapped-contains	zero	request-graph-set-selection-and-wrapped-contains	request-selected-source	properties	200	fixture-android-00	fixture-android-00,fixture-android-01	2	c5e427ee59fd172b027152e6baa9bd2cb81ab90e16b12acf9406ffe97ce9ae6a	success	0	147	805c8c7334c868e18e2be84be95b83cc60895722d739c2b164a68be4cd410c49	77315			request-selected-source	2	2	fixture-android-00,fixture-android-01	2	0	0	2	0	2	0	0	0	1	0
graph-id-in-literal-wrapped-contains-k02-group-00-targeted	graph-id-set	graph-id-in-literal-wrapped-contains	targeted	graph-id-in-literal-and-wrapped-contains	graph-routing-set	properties	200	fixture-android-00	fixture-android-00,fixture-android-01	2	c5e427ee59fd172b027152e6baa9bd2cb81ab90e16b12acf9406ffe97ce9ae6a	success	10	5730	00c81103244dc6d42abdc3894d771e5a24957dcf7e5ad4d8dc686b1d7e0cb89e	100979		fixture-android-00	cypher-graph-id-predicate	64	2	fixture-android-00,fixture-android-01	2	0	0	2	0	11	1	1	62	1	0
graph-id-in-parameter-wrapped-contains-k02-group-00-targeted	graph-id-set	graph-id-in-parameter-wrapped-contains	targeted	graph-id-in-parameter-and-wrapped-contains	parameters	properties	200	fixture-android-00	fixture-android-00,fixture-android-01	2	c5e427ee59fd172b027152e6baa9bd2cb81ab90e16b12acf9406ffe97ce9ae6a	success	10	5730	00c81103244dc6d42abdc3894d771e5a24957dcf7e5ad4d8dc686b1d7e0cb89e	93565		fixture-android-00	cypher-graph-id-predicate	64	2	fixture-android-00,fixture-android-01	2	0	0	2	0	11	1	1	62	1	0
request-selected-set-wrapped-contains-k02-group-00-targeted	graph-set-reference	request-selected-set-wrapped-contains	targeted	request-graph-set-selection-and-wrapped-contains	request-selected-source	properties	200	fixture-android-00	fixture-android-00,fixture-android-01	2	c5e427ee59fd172b027152e6baa9bd2cb81ab90e16b12acf9406ffe97ce9ae6a	success	10	5730	00c81103244dc6d42abdc3894d771e5a24957dcf7e5ad4d8dc686b1d7e0cb89e	84147		fixture-android-00	request-selected-source	2	2	fixture-android-00,fixture-android-01	2	0	0	2	0	11	0	0	0	1	0
graph-id-in-literal-wrapped-contains-k02-group-00-dense	graph-id-set	graph-id-in-literal-wrapped-contains	dense	graph-id-in-literal-and-wrapped-contains	graph-routing-set	properties	200	fixture-android-00	fixture-android-00,fixture-android-01	2	c5e427ee59fd172b027152e6baa9bd2cb81ab90e16b12acf9406ffe97ce9ae6a	success	200	84411	3bdee68309e62bee93f47848258ded90b1763d55841fa57d8b8fd21867653c44	179887		fixture-android-00	cypher-graph-id-predicate	64	1	fixture-android-00	1	0	0	1	0	200	1	1	62	1	0
graph-id-in-parameter-wrapped-contains-k02-group-00-dense	graph-id-set	graph-id-in-parameter-wrapped-contains	dense	graph-id-in-parameter-and-wrapped-contains	parameters	properties	200	fixture-android-00	fixture-android-00,fixture-android-01	2	c5e427ee59fd172b027152e6baa9bd2cb81ab90e16b12acf9406ffe97ce9ae6a	success	200	84411	3bdee68309e62bee93f47848258ded90b1763d55841fa57d8b8fd21867653c44	92784		fixture-android-00	cypher-graph-id-predicate	64	1	fixture-android-00	1	0	0	1	0	200	1	1	62	1	0
request-selected-set-wrapped-contains-k02-group-00-dense	graph-set-reference	request-selected-set-wrapped-contains	dense	request-graph-set-selection-and-wrapped-contains	request-selected-source	properties	200	fixture-android-00	fixture-android-00,fixture-android-01	2	c5e427ee59fd172b027152e6baa9bd2cb81ab90e16b12acf9406ffe97ce9ae6a	success	200	84411	3bdee68309e62bee93f47848258ded90b1763d55841fa57d8b8fd21867653c44	83336		fixture-android-00	request-selected-source	2	1	fixture-android-00	1	0	0	1	0	200	0	0	0	1	0
graph-id-in-literal-wrapped-contains-k02-group-01-zero	graph-id-set	graph-id-in-literal-wrapped-contains	zero	graph-id-in-literal-and-wrapped-contains	graph-routing-set	properties	200	fixture-android-02	fixture-android-02,fixture-android-03	2	d64cb658b49ae8aa8f854034e272f5ae61430151b877619dd59a5dae05bbec09	success	0	147	805c8c7334c868e18e2be84be95b83cc60895722d739c2b164a68be4cd410c49	93515			cypher-graph-id-predicate	64	2	fixture-android-02,fixture-android-03	2	0	0	2	0	2	1	1	62	1	0
graph-id-in-parameter-wrapped-contains-k02-group-01-zero	graph-id-set	graph-id-in-parameter-wrapped-contains	zero	graph-id-in-parameter-and-wrapped-contains	parameters	properties	200	fixture-android-02	fixture-android-02,fixture-android-03	2	d64cb658b49ae8aa8f854034e272f5ae61430151b877619dd59a5dae05bbec09	success	0	147	805c8c7334c868e18e2be84be95b83cc60895722d739c2b164a68be4cd410c49	85060			cypher-graph-id-predicate	64	2	fixture-android-02,fixture-android-03	2	0	0	2	0	2	1	1	62	1	0
request-selected-set-wrapped-contains-k02-group-01-zero	graph-set-reference	request-selected-set-wrapped-contains	zero	request-graph-set-selection-and-wrapped-contains	request-selected-source	properties	200	fixture-android-02	fixture-android-02,fixture-android-03	2	d64cb658b49ae8aa8f854034e272f5ae61430151b877619dd59a5dae05bbec09	success	0	147	805c8c7334c868e18e2be84be95b83cc60895722d739c2b164a68be4cd410c49	98975			request-selected-source	2	2	fixture-android-02,fixture-android-03	2	0	0	2	0	2	0	0	0	1	0
graph-id-in-literal-wrapped-contains-k02-group-01-targeted	graph-id-set	graph-id-in-literal-wrapped-contains	targeted	graph-id-in-literal-and-wrapped-contains	graph-routing-set	properties	200	fixture-android-02	fixture-android-02,fixture-android-03	2	d64cb658b49ae8aa8f854034e272f5ae61430151b877619dd59a5dae05bbec09	success	9	5751	0754b66fd035110585cc31e6af555127395a9cd85c413f0a859de6b596c3b70d	86532		fixture-android-02	cypher-graph-id-predicate	64	2	fixture-android-02,fixture-android-03	2	0	0	2	0	10	1	1	62	1	0
graph-id-in-parameter-wrapped-contains-k02-group-01-targeted	graph-id-set	graph-id-in-parameter-wrapped-contains	targeted	graph-id-in-parameter-and-wrapped-contains	parameters	properties	200	fixture-android-02	fixture-android-02,fixture-android-03	2	d64cb658b49ae8aa8f854034e272f5ae61430151b877619dd59a5dae05bbec09	success	9	5751	0754b66fd035110585cc31e6af555127395a9cd85c413f0a859de6b596c3b70d	88756		fixture-android-02	cypher-graph-id-predicate	64	2	fixture-android-02,fixture-android-03	2	0	0	2	0	10	1	1	62	1	0
request-selected-set-wrapped-contains-k02-group-01-targeted	graph-set-reference	request-selected-set-wrapped-contains	targeted	request-graph-set-selection-and-wrapped-contains	request-selected-source	properties	200	fixture-android-02	fixture-android-02,fixture-android-03	2	d64cb658b49ae8aa8f854034e272f5ae61430151b877619dd59a5dae05bbec09	success	9	5751	0754b66fd035110585cc31e6af555127395a9cd85c413f0a859de6b596c3b70d	90219		fixture-android-02	request-selected-source	2	2	fixture-android-02,fixture-android-03	2	0	0	2	0	10	0	0	0	1	0
graph-id-in-literal-wrapped-contains-k02-group-01-dense	graph-id-set	graph-id-in-literal-wrapped-contains	dense	graph-id-in-literal-and-wrapped-contains	graph-routing-set	properties	200	fixture-android-02	fixture-android-02,fixture-android-03	2	d64cb658b49ae8aa8f854034e272f5ae61430151b877619dd59a5dae05bbec09	success	200	86930	a289774d080329d12351d967c614eae9b16190b55970a757b1f268e21aee3975	165099		fixture-android-02	cypher-graph-id-predicate	64	1	fixture-android-02	1	0	0	1	0	200	1	1	62	1	0
graph-id-in-parameter-wrapped-contains-k02-group-01-dense	graph-id-set	graph-id-in-parameter-wrapped-contains	dense	graph-id-in-parameter-and-wrapped-contains	parameters	properties	200	fixture-android-02	fixture-android-02,fixture-android-03	2	d64cb658b49ae8aa8f854034e272f5ae61430151b877619dd59a5dae05bbec09	success	200	86930	a289774d080329d12351d967c614eae9b16190b55970a757b1f268e21aee3975	92252		fixture-android-02	cypher-graph-id-predicate	64	1	fixture-android-02	1	0	0	1	0	200	1	1	62	1	0
request-selected-set-wrapped-contains-k02-group-01-dense	graph-set-reference	request-selected-set-wrapped-contains	dense	request-graph-set-selection-and-wrapped-contains	request-selected-source	properties	200	fixture-android-02	fixture-android-02,fixture-android-03	2	d64cb658b49ae8aa8f854034e272f5ae61430151b877619dd59a5dae05bbec09	success	200	86930	a289774d080329d12351d967c614eae9b16190b55970a757b1f268e21aee3975	106880		fixture-android-02	request-selected-source	2	1	fixture-android-02	1	0	0	1	0	200	0	0	0	1	0
graph-id-in-literal-wrapped-contains-k02-group-02-zero	graph-id-set	graph-id-in-literal-wrapped-contains	zero	graph-id-in-literal-and-wrapped-contains	graph-routing-set	properties	200	fixture-android-04	fixture-android-04,fixture-android-05	2	b8fdb740afd79a8321e4190db7c093a8e1259183d215b7f96692345a6e8a0185	success	0	147	805c8c7334c868e18e2be84be95b83cc60895722d739c2b164a68be4cd410c49	108744			cypher-graph-id-predicate	64	2	fixture-android-04,fixture-android-05	2	0	0	2	0	2	1	1	62	1	0
graph-id-in-parameter-wrapped-contains-k02-group-02-zero	graph-id-set	graph-id-in-parameter-wrapped-contains	zero	graph-id-in-parameter-and-wrapped-contains	parameters	properties	200	fixture-android-04	fixture-android-04,fixture-android-05	2	b8fdb740afd79a8321e4190db7c093a8e1259183d215b7f96692345a6e8a0185	success	0	147	805c8c7334c868e18e2be84be95b83cc60895722d739c2b164a68be4cd410c49	120596			cypher-graph-id-predicate	64	2	fixture-android-04,fixture-android-05	2	0	0	2	0	2	1	1	62	1	0
request-selected-set-wrapped-contains-k02-group-02-zero	graph-set-reference	request-selected-set-wrapped-contains	zero	request-graph-set-selection-and-wrapped-contains	request-selected-source	properties	200	fixture-android-04	fixture-android-04,fixture-android-05	2	b8fdb740afd79a8321e4190db7c093a8e1259183d215b7f96692345a6e8a0185	success	0	147	805c8c7334c868e18e2be84be95b83cc60895722d739c2b164a68be4cd410c49	85731			request-selected-source	2	2	fixture-android-04,fixture-android-05	2	0	0	2	0	2	0	0	0	1	0
graph-id-in-literal-wrapped-contains-k02-group-02-targeted	graph-id-set	graph-id-in-literal-wrapped-contains	targeted	graph-id-in-literal-and-wrapped-contains	graph-routing-set	properties	200	fixture-android-04	fixture-android-04,fixture-android-05	2	b8fdb740afd79a8321e4190db7c093a8e1259183d215b7f96692345a6e8a0185	success	9	5762	527d81de9e8ca9f5fe9ad0166e1e1711fbccaf3c53281e7e95375f6d55e3a3c7	100758		fixture-android-04	cypher-graph-id-predicate	64	2	fixture-android-04,fixture-android-05	2	0	0	2	0	10	1	1	62	1	0
graph-id-in-parameter-wrapped-contains-k02-group-02-targeted	graph-id-set	graph-id-in-parameter-wrapped-contains	targeted	graph-id-in-parameter-and-wrapped-contains	parameters	properties	200	fixture-android-04	fixture-android-04,fixture-android-05	2	b8fdb740afd79a8321e4190db7c093a8e1259183d215b7f96692345a6e8a0185	success	9	5762	527d81de9e8ca9f5fe9ad0166e1e1711fbccaf3c53281e7e95375f6d55e3a3c7	97423		fixture-android-04	cypher-graph-id-predicate	64	2	fixture-android-04,fixture-android-05	2	0	0	2	0	10	1	1	62	1	0
request-selected-set-wrapped-contains-k02-group-02-targeted	graph-set-reference	request-selected-set-wrapped-contains	targeted	request-graph-set-selection-and-wrapped-contains	request-selected-source	properties	200	fixture-android-04	fixture-android-04,fixture-android-05	2	b8fdb740afd79a8321e4190db7c093a8e1259183d215b7f96692345a6e8a0185	success	9	5762	527d81de9e8ca9f5fe9ad0166e1e1711fbccaf3c53281e7e95375f6d55e3a3c7	131315		fixture-android-04	request-selected-source	2	2	fixture-android-04,fixture-android-05	2	0	0	2	0	10	0	0	0	1	0
graph-id-in-literal-wrapped-contains-k02-group-02-dense	graph-id-set	graph-id-in-literal-wrapped-contains	dense	graph-id-in-literal-and-wrapped-contains	graph-routing-set	properties	200	fixture-android-04	fixture-android-04,fixture-android-05	2	b8fdb740afd79a8321e4190db7c093a8e1259183d215b7f96692345a6e8a0185	success	200	86152	85d9bac3392391ae56f1f03af81d888f398336c8e33a1ef1e42c5409f746f730	189555		fixture-android-04	cypher-graph-id-predicate	64	1	fixture-android-04	1	0	0	1	0	200	1	1	62	1	0
graph-id-in-parameter-wrapped-contains-k02-group-02-dense	graph-id-set	graph-id-in-parameter-wrapped-contains	dense	graph-id-in-parameter-and-wrapped-contains	parameters	properties	200	fixture-android-04	fixture-android-04,fixture-android-05	2	b8fdb740afd79a8321e4190db7c093a8e1259183d215b7f96692345a6e8a0185	success	200	86152	85d9bac3392391ae56f1f03af81d888f398336c8e33a1ef1e42c5409f746f730	115526		fixture-android-04	cypher-graph-id-predicate	64	1	fixture-android-04	1	0	0	1	0	200	1	1	62	1	0
request-selected-set-wrapped-contains-k02-group-02-dense	graph-set-reference	request-selected-set-wrapped-contains	dense	request-graph-set-selection-and-wrapped-contains	request-selected-source	properties	200	fixture-android-04	fixture-android-04,fixture-android-05	2	b8fdb740afd79a8321e4190db7c093a8e1259183d215b7f96692345a6e8a0185	success	200	86152	85d9bac3392391ae56f1f03af81d888f398336c8e33a1ef1e42c5409f746f730	109155		fixture-android-04	request-selected-source	2	1	fixture-android-04	1	0	0	1	0	200	0	0	0	1	0
graph-id-in-literal-wrapped-contains-k02-group-03-zero	graph-id-set	graph-id-in-literal-wrapped-contains	zero	graph-id-in-literal-and-wrapped-contains	graph-routing-set	properties	200	fixture-android-06	fixture-android-06,fixture-android-07	2	6fe6d1e974e6baa1651257376dccb286a52017ff70666b6755aad54482e00b40	success	0	147	805c8c7334c868e18e2be84be95b83cc60895722d739c2b164a68be4cd410c49	99356			cypher-graph-id-predicate	64	2	fixture-android-06,fixture-android-07	2	0	0	2	0	2	1	1	62	1	0
graph-id-in-parameter-wrapped-contains-k02-group-03-zero	graph-id-set	graph-id-in-parameter-wrapped-contains	zero	graph-id-in-parameter-and-wrapped-contains	parameters	properties	200	fixture-android-06	fixture-android-06,fixture-android-07	2	6fe6d1e974e6baa1651257376dccb286a52017ff70666b6755aad54482e00b40	success	0	147	805c8c7334c868e18e2be84be95b83cc60895722d739c2b164a68be4cd410c49	79198			cypher-graph-id-predicate	64	2	fixture-android-06,fixture-android-07	2	0	0	2	0	2	1	1	62	1	0
request-selected-set-wrapped-contains-k02-group-03-zero	graph-set-reference	request-selected-set-wrapped-contains	zero	request-graph-set-selection-and-wrapped-contains	request-selected-source	properties	200	fixture-android-06	fixture-android-06,fixture-android-07	2	6fe6d1e974e6baa1651257376dccb286a52017ff70666b6755aad54482e00b40	success	0	147	805c8c7334c868e18e2be84be95b83cc60895722d739c2b164a68be4cd410c49	90249			request-selected-source	2	2	fixture-android-06,fixture-android-07	2	0	0	2	0	2	0	0	0	1	0
graph-id-in-literal-wrapped-contains-k02-group-03-targeted	graph-id-set	graph-id-in-literal-wrapped-contains	targeted	graph-id-in-literal-and-wrapped-contains	graph-routing-set	properties	200	fixture-android-06	fixture-android-06,fixture-android-07	2	6fe6d1e974e6baa1651257376dccb286a52017ff70666b6755aad54482e00b40	success	1	734	2c8962bfda6df26238f145f32f089e1ccdb69cc26ea9c2fde590f543638ba060	114244		fixture-android-06	cypher-graph-id-predicate	64	2	fixture-android-06,fixture-android-07	2	0	0	2	0	2	1	1	62	1	0
graph-id-in-parameter-wrapped-contains-k02-group-03-targeted	graph-id-set	graph-id-in-parameter-wrapped-contains	targeted	graph-id-in-parameter-and-wrapped-contains	parameters	properties	200	fixture-android-06	fixture-android-06,fixture-android-07	2	6fe6d1e974e6baa1651257376dccb286a52017ff70666b6755aad54482e00b40	success	1	734	2c8962bfda6df26238f145f32f089e1ccdb69cc26ea9c2fde590f543638ba060	98715		fixture-android-06	cypher-graph-id-predicate	64	2	fixture-android-06,fixture-android-07	2	0	0	2	0	2	1	1	62	1	0
request-selected-set-wrapped-contains-k02-group-03-targeted	graph-set-reference	request-selected-set-wrapped-contains	targeted	request-graph-set-selection-and-wrapped-contains	request-selected-source	properties	200	fixture-android-06	fixture-android-06,fixture-android-07	2	6fe6d1e974e6baa1651257376dccb286a52017ff70666b6755aad54482e00b40	success	1	734	2c8962bfda6df26238f145f32f089e1ccdb69cc26ea9c2fde590f543638ba060	84728		fixture-android-06	request-selected-source	2	2	fixture-android-06,fixture-android-07	2	0	0	2	0	2	0	0	0	1	0
graph-id-in-literal-wrapped-contains-k02-group-03-dense	graph-id-set	graph-id-in-literal-wrapped-contains	dense	graph-id-in-literal-and-wrapped-contains	graph-routing-set	properties	200	fixture-android-06	fixture-android-06,fixture-android-07	2	6fe6d1e974e6baa1651257376dccb286a52017ff70666b6755aad54482e00b40	success	200	83941	f7f169fb4cd9a2408b058d9e03502907fe0d9372ba70f2f3749aeaffa464e292	159659		fixture-android-06	cypher-graph-id-predicate	64	1	fixture-android-06	1	0	0	1	0	200	1	1	62	1	0
graph-id-in-parameter-wrapped-contains-k02-group-03-dense	graph-id-set	graph-id-in-parameter-wrapped-contains	dense	graph-id-in-parameter-and-wrapped-contains	parameters	properties	200	fixture-android-06	fixture-android-06,fixture-android-07	2	6fe6d1e974e6baa1651257376dccb286a52017ff70666b6755aad54482e00b40	success	200	83941	f7f169fb4cd9a2408b058d9e03502907fe0d9372ba70f2f3749aeaffa464e292	100008		fixture-android-06	cypher-graph-id-predicate	64	1	fixture-android-06	1	0	0	1	0	200	1	1	62	1	0
request-selected-set-wrapped-contains-k02-group-03-dense	graph-set-reference	request-selected-set-wrapped-contains	dense	request-graph-set-selection-and-wrapped-contains	request-selected-source	properties	200	fixture-android-06	fixture-android-06,fixture-android-07	2	6fe6d1e974e6baa1651257376dccb286a52017ff70666b6755aad54482e00b40	success	200	83941	f7f169fb4cd9a2408b058d9e03502907fe0d9372ba70f2f3749aeaffa464e292	101830		fixture-android-06	request-selected-source	2	1	fixture-android-06	1	0	0	1	0	200	0	0	0	1	0
graph-id-in-literal-wrapped-contains-k02-group-04-zero	graph-id-set	graph-id-in-literal-wrapped-contains	zero	graph-id-in-literal-and-wrapped-contains	graph-routing-set	properties	200	fixture-android-08	fixture-android-08,fixture-android-09	2	9ec81a90c045de286a3929ee12d1d47e12620e8c018cdd08ec574a7d9d754d97	success	0	147	805c8c7334c868e18e2be84be95b83cc60895722d739c2b164a68be4cd410c49	91952			cypher-graph-id-predicate	64	2	fixture-android-08,fixture-android-09	2	0	0	2	0	2	1	1	62	1	0
graph-id-in-parameter-wrapped-contains-k02-group-04-zero	graph-id-set	graph-id-in-parameter-wrapped-contains	zero	graph-id-in-parameter-and-wrapped-contains	parameters	properties	200	fixture-android-08	fixture-android-08,fixture-android-09	2	9ec81a90c045de286a3929ee12d1d47e12620e8c018cdd08ec574a7d9d754d97	success	0	147	805c8c7334c868e18e2be84be95b83cc60895722d739c2b164a68be4cd410c49	85230			cypher-graph-id-predicate	64	2	fixture-android-08,fixture-android-09	2	0	0	2	0	2	1	1	62	1	0
request-selected-set-wrapped-contains-k02-group-04-zero	graph-set-reference	request-selected-set-wrapped-contains	zero	request-graph-set-selection-and-wrapped-contains	request-selected-source	properties	200	fixture-android-08	fixture-android-08,fixture-android-09	2	9ec81a90c045de286a3929ee12d1d47e12620e8c018cdd08ec574a7d9d754d97	success	0	147	805c8c7334c868e18e2be84be95b83cc60895722d739c2b164a68be4cd410c49	94868			request-selected-source	2	2	fixture-android-08,fixture-android-09	2	0	0	2	0	2	0	0	0	1	0
graph-id-in-literal-wrapped-contains-k02-group-04-targeted	graph-id-set	graph-id-in-literal-wrapped-contains	targeted	graph-id-in-literal-and-wrapped-contains	graph-routing-set	properties	200	fixture-android-08	fixture-android-08,fixture-android-09	2	9ec81a90c045de286a3929ee12d1d47e12620e8c018cdd08ec574a7d9d754d97	success	2	1322	4b49b28d836e57c2c3f8d43a93acd00a93b169fcd603338f9ab350f541e9665c	95610		fixture-android-08	cypher-graph-id-predicate	64	2	fixture-android-08,fixture-android-09	2	0	0	2	0	3	1	1	62	1	0
graph-id-in-parameter-wrapped-contains-k02-group-04-targeted	graph-id-set	graph-id-in-parameter-wrapped-contains	targeted	graph-id-in-parameter-and-wrapped-contains	parameters	properties	200	fixture-android-08	fixture-android-08,fixture-android-09	2	9ec81a90c045de286a3929ee12d1d47e12620e8c018cdd08ec574a7d9d754d97	success	2	1322	4b49b28d836e57c2c3f8d43a93acd00a93b169fcd603338f9ab350f541e9665c	88576		fixture-android-08	cypher-graph-id-predicate	64	2	fixture-android-08,fixture-android-09	2	0	0	2	0	3	1	1	62	1	0
request-selected-set-wrapped-contains-k02-group-04-targeted	graph-set-reference	request-selected-set-wrapped-contains	targeted	request-graph-set-selection-and-wrapped-contains	request-selected-source	properties	200	fixture-android-08	fixture-android-08,fixture-android-09	2	9ec81a90c045de286a3929ee12d1d47e12620e8c018cdd08ec574a7d9d754d97	success	2	1322	4b49b28d836e57c2c3f8d43a93acd00a93b169fcd603338f9ab350f541e9665c	79549		fixture-android-08	request-selected-source	2	2	fixture-android-08,fixture-android-09	2	0	0	2	0	3	0	0	0	1	0
graph-id-in-literal-wrapped-contains-k02-group-04-dense	graph-id-set	graph-id-in-literal-wrapped-contains	dense	graph-id-in-literal-and-wrapped-contains	graph-routing-set	properties	200	fixture-android-08	fixture-android-08,fixture-android-09	2	9ec81a90c045de286a3929ee12d1d47e12620e8c018cdd08ec574a7d9d754d97	success	200	85531	ed34441ff634f19c276911a1fa193106a9070fde1065b57fc7ec71132b8d5f66	160289		fixture-android-08	cypher-graph-id-predicate	64	1	fixture-android-08	1	0	0	1	0	200	1	1	62	1	0
graph-id-in-parameter-wrapped-contains-k02-group-04-dense	graph-id-set	graph-id-in-parameter-wrapped-contains	dense	graph-id-in-parameter-and-wrapped-contains	parameters	properties	200	fixture-android-08	fixture-android-08,fixture-android-09	2	9ec81a90c045de286a3929ee12d1d47e12620e8c018cdd08ec574a7d9d754d97	success	200	85531	ed34441ff634f19c276911a1fa193106a9070fde1065b57fc7ec71132b8d5f66	94376		fixture-android-08	cypher-graph-id-predicate	64	1	fixture-android-08	1	0	0	1	0	200	1	1	62	1	0
request-selected-set-wrapped-contains-k02-group-04-dense	graph-set-reference	request-selected-set-wrapped-contains	dense	request-graph-set-selection-and-wrapped-contains	request-selected-source	properties	200	fixture-android-08	fixture-android-08,fixture-android-09	2	9ec81a90c045de286a3929ee12d1d47e12620e8c018cdd08ec574a7d9d754d97	success	200	85531	ed34441ff634f19c276911a1fa193106a9070fde1065b57fc7ec71132b8d5f66	91612		fixture-android-08	request-selected-source	2	1	fixture-android-08	1	0	0	1	0	200	0	0	0	1	0
graph-id-in-literal-wrapped-contains-k02-group-05-zero	graph-id-set	graph-id-in-literal-wrapped-contains	zero	graph-id-in-literal-and-wrapped-contains	graph-routing-set	properties	200	fixture-android-10	fixture-android-10,fixture-android-11	2	260eebba364a9fc7120210e771f0b6bb86afe03c57c19e1b80a6f5a3e4ae88d8	success	0	147	805c8c7334c868e18e2be84be95b83cc60895722d739c2b164a68be4cd410c49	93635			cypher-graph-id-predicate	64	2	fixture-android-10,fixture-android-11	2	0	0	2	0	2	1	1	62	1	0
graph-id-in-parameter-wrapped-contains-k02-group-05-zero	graph-id-set	graph-id-in-parameter-wrapped-contains	zero	graph-id-in-parameter-and-wrapped-contains	parameters	properties	200	fixture-android-10	fixture-android-10,fixture-android-11	2	260eebba364a9fc7120210e771f0b6bb86afe03c57c19e1b80a6f5a3e4ae88d8	success	0	147	805c8c7334c868e18e2be84be95b83cc60895722d739c2b164a68be4cd410c49	86522			cypher-graph-id-predicate	64	2	fixture-android-10,fixture-android-11	2	0	0	2	0	2	1	1	62	1	0
request-selected-set-wrapped-contains-k02-group-05-zero	graph-set-reference	request-selected-set-wrapped-contains	zero	request-graph-set-selection-and-wrapped-contains	request-selected-source	properties	200	fixture-android-10	fixture-android-10,fixture-android-11	2	260eebba364a9fc7120210e771f0b6bb86afe03c57c19e1b80a6f5a3e4ae88d8	success	0	147	805c8c7334c868e18e2be84be95b83cc60895722d739c2b164a68be4cd410c49	96951			request-selected-source	2	2	fixture-android-10,fixture-android-11	2	0	0	2	0	2	0	0	0	1	0
graph-id-in-literal-wrapped-contains-k02-group-05-targeted	graph-id-set	graph-id-in-literal-wrapped-contains	targeted	graph-id-in-literal-and-wrapped-contains	graph-routing-set	properties	200	fixture-android-10	fixture-android-10,fixture-android-11	2	260eebba364a9fc7120210e771f0b6bb86afe03c57c19e1b80a6f5a3e4ae88d8	success	1	821	f3f4d5fb39ff9fde7dcf6d88e4f52bcc4c277ed98626ccca0b17c4ddbb20b035	86472		fixture-android-10	cypher-graph-id-predicate	64	2	fixture-android-10,fixture-android-11	2	0	0	2	0	2	1	1	62	1	0
graph-id-in-parameter-wrapped-contains-k02-group-05-targeted	graph-id-set	graph-id-in-parameter-wrapped-contains	targeted	graph-id-in-parameter-and-wrapped-contains	parameters	properties	200	fixture-android-10	fixture-android-10,fixture-android-11	2	260eebba364a9fc7120210e771f0b6bb86afe03c57c19e1b80a6f5a3e4ae88d8	success	1	821	f3f4d5fb39ff9fde7dcf6d88e4f52bcc4c277ed98626ccca0b17c4ddbb20b035	82895		fixture-android-10	cypher-graph-id-predicate	64	2	fixture-android-10,fixture-android-11	2	0	0	2	0	2	1	1	62	1	0
request-selected-set-wrapped-contains-k02-group-05-targeted	graph-set-reference	request-selected-set-wrapped-contains	targeted	request-graph-set-selection-and-wrapped-contains	request-selected-source	properties	200	fixture-android-10	fixture-android-10,fixture-android-11	2	260eebba364a9fc7120210e771f0b6bb86afe03c57c19e1b80a6f5a3e4ae88d8	success	1	821	f3f4d5fb39ff9fde7dcf6d88e4f52bcc4c277ed98626ccca0b17c4ddbb20b035	72476		fixture-android-10	request-selected-source	2	2	fixture-android-10,fixture-android-11	2	0	0	2	0	2	0	0	0	1	0
graph-id-in-literal-wrapped-contains-k02-group-05-dense	graph-id-set	graph-id-in-literal-wrapped-contains	dense	graph-id-in-literal-and-wrapped-contains	graph-routing-set	properties	200	fixture-android-10	fixture-android-10,fixture-android-11	2	260eebba364a9fc7120210e771f0b6bb86afe03c57c19e1b80a6f5a3e4ae88d8	success	200	86914	eec30bd784e53b80ccd384559e9d1f853b8152ad8db90ad1f27d391bf03fc0d8	152836		fixture-android-10	cypher-graph-id-predicate	64	1	fixture-android-10	1	0	0	1	0	200	1	1	62	1	0
graph-id-in-parameter-wrapped-contains-k02-group-05-dense	graph-id-set	graph-id-in-parameter-wrapped-contains	dense	graph-id-in-parameter-and-wrapped-contains	parameters	properties	200	fixture-android-10	fixture-android-10,fixture-android-11	2	260eebba364a9fc7120210e771f0b6bb86afe03c57c19e1b80a6f5a3e4ae88d8	success	200	86914	eec30bd784e53b80ccd384559e9d1f853b8152ad8db90ad1f27d391bf03fc0d8	98354		fixture-android-10	cypher-graph-id-predicate	64	1	fixture-android-10	1	0	0	1	0	200	1	1	62	1	0
request-selected-set-wrapped-contains-k02-group-05-dense	graph-set-reference	request-selected-set-wrapped-contains	dense	request-graph-set-selection-and-wrapped-contains	request-selected-source	properties	200	fixture-android-10	fixture-android-10,fixture-android-11	2	260eebba364a9fc7120210e771f0b6bb86afe03c57c19e1b80a6f5a3e4ae88d8	success	200	86914	eec30bd784e53b80ccd384559e9d1f853b8152ad8db90ad1f27d391bf03fc0d8	85100		fixture-android-10	request-selected-source	2	1	fixture-android-10	1	0	0	1	0	200	0	0	0	1	0
graph-id-in-literal-wrapped-contains-k02-group-06-zero	graph-id-set	graph-id-in-literal-wrapped-contains	zero	graph-id-in-literal-and-wrapped-contains	graph-routing-set	properties	200	fixture-android-12	fixture-android-12,fixture-android-13	2	53a2cc8450ae462342eae55ee18f75ffa0aadf3bacfbd392f69f35c17509903f	success	0	147	805c8c7334c868e18e2be84be95b83cc60895722d739c2b164a68be4cd410c49	89748			cypher-graph-id-predicate	64	2	fixture-android-12,fixture-android-13	2	0	0	2	0	2	1	1	62	1	0
graph-id-in-parameter-wrapped-contains-k02-group-06-zero	graph-id-set	graph-id-in-parameter-wrapped-contains	zero	graph-id-in-parameter-and-wrapped-contains	parameters	properties	200	fixture-android-12	fixture-android-12,fixture-android-13	2	53a2cc8450ae462342eae55ee18f75ffa0aadf3bacfbd392f69f35c17509903f	success	0	147	805c8c7334c868e18e2be84be95b83cc60895722d739c2b164a68be4cd410c49	84558			cypher-graph-id-predicate	64	2	fixture-android-12,fixture-android-13	2	0	0	2	0	2	1	1	62	1	0
request-selected-set-wrapped-contains-k02-group-06-zero	graph-set-reference	request-selected-set-wrapped-contains	zero	request-graph-set-selection-and-wrapped-contains	request-selected-source	properties	200	fixture-android-12	fixture-android-12,fixture-android-13	2	53a2cc8450ae462342eae55ee18f75ffa0aadf3bacfbd392f69f35c17509903f	success	0	147	805c8c7334c868e18e2be84be95b83cc60895722d739c2b164a68be4cd410c49	100929			request-selected-source	2	2	fixture-android-12,fixture-android-13	2	0	0	2	0	2	0	0	0	1	0
graph-id-in-literal-wrapped-contains-k02-group-06-targeted	graph-id-set	graph-id-in-literal-wrapped-contains	targeted	graph-id-in-literal-and-wrapped-contains	graph-routing-set	properties	200	fixture-android-12	fixture-android-12,fixture-android-13	2	53a2cc8450ae462342eae55ee18f75ffa0aadf3bacfbd392f69f35c17509903f	success	2	1348	569ba2c2d8626f5c6804b713aa9f9bd5155648246e0bb082ab37cf407a3ccee9	87354		fixture-android-12	cypher-graph-id-predicate	64	2	fixture-android-12,fixture-android-13	2	0	0	2	0	3	1	1	62	1	0
graph-id-in-parameter-wrapped-contains-k02-group-06-targeted	graph-id-set	graph-id-in-parameter-wrapped-contains	targeted	graph-id-in-parameter-and-wrapped-contains	parameters	properties	200	fixture-android-12	fixture-android-12,fixture-android-13	2	53a2cc8450ae462342eae55ee18f75ffa0aadf3bacfbd392f69f35c17509903f	success	2	1348	569ba2c2d8626f5c6804b713aa9f9bd5155648246e0bb082ab37cf407a3ccee9	86061		fixture-android-12	cypher-graph-id-predicate	64	2	fixture-android-12,fixture-android-13	2	0	0	2	0	3	1	1	62	1	0
request-selected-set-wrapped-contains-k02-group-06-targeted	graph-set-reference	request-selected-set-wrapped-contains	targeted	request-graph-set-selection-and-wrapped-contains	request-selected-source	properties	200	fixture-android-12	fixture-android-12,fixture-android-13	2	53a2cc8450ae462342eae55ee18f75ffa0aadf3bacfbd392f69f35c17509903f	success	2	1348	569ba2c2d8626f5c6804b713aa9f9bd5155648246e0bb082ab37cf407a3ccee9	80781		fixture-android-12	request-selected-source	2	2	fixture-android-12,fixture-android-13	2	0	0	2	0	3	0	0	0	1	0
graph-id-in-literal-wrapped-contains-k02-group-06-dense	graph-id-set	graph-id-in-literal-wrapped-contains	dense	graph-id-in-literal-and-wrapped-contains	graph-routing-set	properties	200	fixture-android-12	fixture-android-12,fixture-android-13	2	53a2cc8450ae462342eae55ee18f75ffa0aadf3bacfbd392f69f35c17509903f	success	200	85894	f22afa8ccaad259750ce50e850502822308b2565f707f284de32cd44d5ef328a	163256		fixture-android-12	cypher-graph-id-predicate	64	1	fixture-android-12	1	0	0	1	0	200	1	1	62	1	0
graph-id-in-parameter-wrapped-contains-k02-group-06-dense	graph-id-set	graph-id-in-parameter-wrapped-contains	dense	graph-id-in-parameter-and-wrapped-contains	parameters	properties	200	fixture-android-12	fixture-android-12,fixture-android-13	2	53a2cc8450ae462342eae55ee18f75ffa0aadf3bacfbd392f69f35c17509903f	success	200	85894	f22afa8ccaad259750ce50e850502822308b2565f707f284de32cd44d5ef328a	96812		fixture-android-12	cypher-graph-id-predicate	64	1	fixture-android-12	1	0	0	1	0	200	1	1	62	1	0
request-selected-set-wrapped-contains-k02-group-06-dense	graph-set-reference	request-selected-set-wrapped-contains	dense	request-graph-set-selection-and-wrapped-contains	request-selected-source	properties	200	fixture-android-12	fixture-android-12,fixture-android-13	2	53a2cc8450ae462342eae55ee18f75ffa0aadf3bacfbd392f69f35c17509903f	success	200	85894	f22afa8ccaad259750ce50e850502822308b2565f707f284de32cd44d5ef328a	110426		fixture-android-12	request-selected-source	2	1	fixture-android-12	1	0	0	1	0	200	0	0	0	1	0
graph-id-in-literal-wrapped-contains-k02-group-07-zero	graph-id-set	graph-id-in-literal-wrapped-contains	zero	graph-id-in-literal-and-wrapped-contains	graph-routing-set	properties	200	fixture-android-14	fixture-android-14,fixture-android-15	2	807fc4e1c3f01ad53261af7c98e5428363e2112772ec0681a9e0eb128a146fff	success	0	147	805c8c7334c868e18e2be84be95b83cc60895722d739c2b164a68be4cd410c49	89527			cypher-graph-id-predicate	64	2	fixture-android-14,fixture-android-15	2	0	0	2	0	2	1	1	62	1	0
graph-id-in-parameter-wrapped-contains-k02-group-07-zero	graph-id-set	graph-id-in-parameter-wrapped-contains	zero	graph-id-in-parameter-and-wrapped-contains	parameters	properties	200	fixture-android-14	fixture-android-14,fixture-android-15	2	807fc4e1c3f01ad53261af7c98e5428363e2112772ec0681a9e0eb128a146fff	success	0	147	805c8c7334c868e18e2be84be95b83cc60895722d739c2b164a68be4cd410c49	83787			cypher-graph-id-predicate	64	2	fixture-android-14,fixture-android-15	2	0	0	2	0	2	1	1	62	1	0
request-selected-set-wrapped-contains-k02-group-07-zero	graph-set-reference	request-selected-set-wrapped-contains	zero	request-graph-set-selection-and-wrapped-contains	request-selected-source	properties	200	fixture-android-14	fixture-android-14,fixture-android-15	2	807fc4e1c3f01ad53261af7c98e5428363e2112772ec0681a9e0eb128a146fff	success	0	147	805c8c7334c868e18e2be84be95b83cc60895722d739c2b164a68be4cd410c49	97603			request-selected-source	2	2	fixture-android-14,fixture-android-15	2	0	0	2	0	2	0	0	0	1	0
graph-id-in-literal-wrapped-contains-k02-group-07-targeted	graph-id-set	graph-id-in-literal-wrapped-contains	targeted	graph-id-in-literal-and-wrapped-contains	graph-routing-set	properties	200	fixture-android-14	fixture-android-14,fixture-android-15	2	807fc4e1c3f01ad53261af7c98e5428363e2112772ec0681a9e0eb128a146fff	success	3	1887	cfce92c06f8a0a93444f0ec3592aad57c255799cc7a1286e673f5c8cc3173d20	89347		fixture-android-14	cypher-graph-id-predicate	64	2	fixture-android-14,fixture-android-15	2	0	0	2	0	4	1	1	62	1	0
graph-id-in-parameter-wrapped-contains-k02-group-07-targeted	graph-id-set	graph-id-in-parameter-wrapped-contains	targeted	graph-id-in-parameter-and-wrapped-contains	parameters	properties	200	fixture-android-14	fixture-android-14,fixture-android-15	2	807fc4e1c3f01ad53261af7c98e5428363e2112772ec0681a9e0eb128a146fff	success	3	1887	cfce92c06f8a0a93444f0ec3592aad57c255799cc7a1286e673f5c8cc3173d20	86742		fixture-android-14	cypher-graph-id-predicate	64	2	fixture-android-14,fixture-android-15	2	0	0	2	0	4	1	1	62	1	0
request-selected-set-wrapped-contains-k02-group-07-targeted	graph-set-reference	request-selected-set-wrapped-contains	targeted	request-graph-set-selection-and-wrapped-contains	request-selected-source	properties	200	fixture-android-14	fixture-android-14,fixture-android-15	2	807fc4e1c3f01ad53261af7c98e5428363e2112772ec0681a9e0eb128a146fff	success	3	1887	cfce92c06f8a0a93444f0ec3592aad57c255799cc7a1286e673f5c8cc3173d20	79108		fixture-android-14	request-selected-source	2	2	fixture-android-14,fixture-android-15	2	0	0	2	0	4	0	0	0	1	0
graph-id-in-literal-wrapped-contains-k02-group-07-dense	graph-id-set	graph-id-in-literal-wrapped-contains	dense	graph-id-in-literal-and-wrapped-contains	graph-routing-set	properties	200	fixture-android-14	fixture-android-14,fixture-android-15	2	807fc4e1c3f01ad53261af7c98e5428363e2112772ec0681a9e0eb128a146fff	success	200	88102	f384f54b9e0494c603dd9e83eb2ca0ad0386a359a2e1d6a356e225c072977e41	184966		fixture-android-14	cypher-graph-id-predicate	64	1	fixture-android-14	1	0	0	1	0	200	1	1	62	1	0
graph-id-in-parameter-wrapped-contains-k02-group-07-dense	graph-id-set	graph-id-in-parameter-wrapped-contains	dense	graph-id-in-parameter-and-wrapped-contains	parameters	properties	200	fixture-android-14	fixture-android-14,fixture-android-15	2	807fc4e1c3f01ad53261af7c98e5428363e2112772ec0681a9e0eb128a146fff	success	200	88102	f384f54b9e0494c603dd9e83eb2ca0ad0386a359a2e1d6a356e225c072977e41	99908		fixture-android-14	cypher-graph-id-predicate	64	1	fixture-android-14	1	0	0	1	0	200	1	1	62	1	0
request-selected-set-wrapped-contains-k02-group-07-dense	graph-set-reference	request-selected-set-wrapped-contains	dense	request-graph-set-selection-and-wrapped-contains	request-selected-source	properties	200	fixture-android-14	fixture-android-14,fixture-android-15	2	807fc4e1c3f01ad53261af7c98e5428363e2112772ec0681a9e0eb128a146fff	success	200	88102	f384f54b9e0494c603dd9e83eb2ca0ad0386a359a2e1d6a356e225c072977e41	93305		fixture-android-14	request-selected-source	2	1	fixture-android-14	1	0	0	1	0	200	0	0	0	1	0
graph-id-in-literal-wrapped-contains-k02-group-08-zero	graph-id-set	graph-id-in-literal-wrapped-contains	zero	graph-id-in-literal-and-wrapped-contains	graph-routing-set	properties	200	fixture-tika-00	fixture-tika-00,fixture-tika-01	2	c3e632cd7b5e41a9b9b771b93da235f946c29739547e67bc94c675345340a35d	success	0	147	805c8c7334c868e18e2be84be95b83cc60895722d739c2b164a68be4cd410c49	88797			cypher-graph-id-predicate	64	2	fixture-tika-00,fixture-tika-01	2	0	0	2	0	2	1	1	62	1	0
graph-id-in-parameter-wrapped-contains-k02-group-08-zero	graph-id-set	graph-id-in-parameter-wrapped-contains	zero	graph-id-in-parameter-and-wrapped-contains	parameters	properties	200	fixture-tika-00	fixture-tika-00,fixture-tika-01	2	c3e632cd7b5e41a9b9b771b93da235f946c29739547e67bc94c675345340a35d	success	0	147	805c8c7334c868e18e2be84be95b83cc60895722d739c2b164a68be4cd410c49	85420			cypher-graph-id-predicate	64	2	fixture-tika-00,fixture-tika-01	2	0	0	2	0	2	1	1	62	1	0
request-selected-set-wrapped-contains-k02-group-08-zero	graph-set-reference	request-selected-set-wrapped-contains	zero	request-graph-set-selection-and-wrapped-contains	request-selected-source	properties	200	fixture-tika-00	fixture-tika-00,fixture-tika-01	2	c3e632cd7b5e41a9b9b771b93da235f946c29739547e67bc94c675345340a35d	success	0	147	805c8c7334c868e18e2be84be95b83cc60895722d739c2b164a68be4cd410c49	79920			request-selected-source	2	2	fixture-tika-00,fixture-tika-01	2	0	0	2	0	2	0	0	0	1	0
graph-id-in-literal-wrapped-contains-k02-group-08-targeted	graph-id-set	graph-id-in-literal-wrapped-contains	targeted	graph-id-in-literal-and-wrapped-contains	graph-routing-set	properties	200	fixture-tika-00	fixture-tika-00,fixture-tika-01	2	c3e632cd7b5e41a9b9b771b93da235f946c29739547e67bc94c675345340a35d	success	1	771	41ad9b5110585bc89df35b9d0a0c6bd66daaf6c239b4212552d078b2f2a28c34	86913		fixture-tika-00	cypher-graph-id-predicate	64	2	fixture-tika-00,fixture-tika-01	2	0	0	2	0	2	1	1	62	1	0
graph-id-in-parameter-wrapped-contains-k02-group-08-targeted	graph-id-set	graph-id-in-parameter-wrapped-contains	targeted	graph-id-in-parameter-and-wrapped-contains	parameters	properties	200	fixture-tika-00	fixture-tika-00,fixture-tika-01	2	c3e632cd7b5e41a9b9b771b93da235f946c29739547e67bc94c675345340a35d	success	1	771	41ad9b5110585bc89df35b9d0a0c6bd66daaf6c239b4212552d078b2f2a28c34	86522		fixture-tika-00	cypher-graph-id-predicate	64	2	fixture-tika-00,fixture-tika-01	2	0	0	2	0	2	1	1	62	1	0
request-selected-set-wrapped-contains-k02-group-08-targeted	graph-set-reference	request-selected-set-wrapped-contains	targeted	request-graph-set-selection-and-wrapped-contains	request-selected-source	properties	200	fixture-tika-00	fixture-tika-00,fixture-tika-01	2	c3e632cd7b5e41a9b9b771b93da235f946c29739547e67bc94c675345340a35d	success	1	771	41ad9b5110585bc89df35b9d0a0c6bd66daaf6c239b4212552d078b2f2a28c34	78156		fixture-tika-00	request-selected-source	2	2	fixture-tika-00,fixture-tika-01	2	0	0	2	0	2	0	0	0	1	0
graph-id-in-literal-wrapped-contains-k02-group-08-dense	graph-id-set	graph-id-in-literal-wrapped-contains	dense	graph-id-in-literal-and-wrapped-contains	graph-routing-set	properties	200	fixture-tika-00	fixture-tika-00,fixture-tika-01	2	c3e632cd7b5e41a9b9b771b93da235f946c29739547e67bc94c675345340a35d	success	200	94237	51b180cd96740a311cc61165baa84cc05517b2f28ac6c70debc25f8e14514414	192781		fixture-tika-00	cypher-graph-id-predicate	64	1	fixture-tika-00	1	0	0	1	0	200	1	1	62	1	0
graph-id-in-parameter-wrapped-contains-k02-group-08-dense	graph-id-set	graph-id-in-parameter-wrapped-contains	dense	graph-id-in-parameter-and-wrapped-contains	parameters	properties	200	fixture-tika-00	fixture-tika-00,fixture-tika-01	2	c3e632cd7b5e41a9b9b771b93da235f946c29739547e67bc94c675345340a35d	success	200	94237	51b180cd96740a311cc61165baa84cc05517b2f28ac6c70debc25f8e14514414	110426		fixture-tika-00	cypher-graph-id-predicate	64	1	fixture-tika-00	1	0	0	1	0	200	1	1	62	1	0
request-selected-set-wrapped-contains-k02-group-08-dense	graph-set-reference	request-selected-set-wrapped-contains	dense	request-graph-set-selection-and-wrapped-contains	request-selected-source	properties	200	fixture-tika-00	fixture-tika-00,fixture-tika-01	2	c3e632cd7b5e41a9b9b771b93da235f946c29739547e67bc94c675345340a35d	success	200	94237	51b180cd96740a311cc61165baa84cc05517b2f28ac6c70debc25f8e14514414	92754		fixture-tika-00	request-selected-source	2	1	fixture-tika-00	1	0	0	1	0	200	0	0	0	1	0
graph-id-in-literal-wrapped-contains-k02-group-09-zero	graph-id-set	graph-id-in-literal-wrapped-contains	zero	graph-id-in-literal-and-wrapped-contains	graph-routing-set	properties	200	fixture-tika-02	fixture-tika-02,fixture-tika-03	2	d42c4fb1fadb4a56f8aa46ebc02f39c62dce2b3cdf701dfa45b0d250730192da	success	0	147	805c8c7334c868e18e2be84be95b83cc60895722d739c2b164a68be4cd410c49	86491			cypher-graph-id-predicate	64	2	fixture-tika-02,fixture-tika-03	2	0	0	2	0	2	1	1	62	1	0
graph-id-in-parameter-wrapped-contains-k02-group-09-zero	graph-id-set	graph-id-in-parameter-wrapped-contains	zero	graph-id-in-parameter-and-wrapped-contains	parameters	properties	200	fixture-tika-02	fixture-tika-02,fixture-tika-03	2	d42c4fb1fadb4a56f8aa46ebc02f39c62dce2b3cdf701dfa45b0d250730192da	success	0	147	805c8c7334c868e18e2be84be95b83cc60895722d739c2b164a68be4cd410c49	80771			cypher-graph-id-predicate	64	2	fixture-tika-02,fixture-tika-03	2	0	0	2	0	2	1	1	62	1	0
request-selected-set-wrapped-contains-k02-group-09-zero	graph-set-reference	request-selected-set-wrapped-contains	zero	request-graph-set-selection-and-wrapped-contains	request-selected-source	properties	200	fixture-tika-02	fixture-tika-02,fixture-tika-03	2	d42c4fb1fadb4a56f8aa46ebc02f39c62dce2b3cdf701dfa45b0d250730192da	success	0	147	805c8c7334c868e18e2be84be95b83cc60895722d739c2b164a68be4cd410c49	70572			request-selected-source	2	2	fixture-tika-02,fixture-tika-03	2	0	0	2	0	2	0	0	0	1	0
graph-id-in-literal-wrapped-contains-k02-group-09-targeted	graph-id-set	graph-id-in-literal-wrapped-contains	targeted	graph-id-in-literal-and-wrapped-contains	graph-routing-set	properties	200	fixture-tika-02	fixture-tika-02,fixture-tika-03	2	d42c4fb1fadb4a56f8aa46ebc02f39c62dce2b3cdf701dfa45b0d250730192da	success	12	6781	abf0682228739bdef1eb0d4b5b1449d7697f9412e644bd07a974f6e04213652e	107642		fixture-tika-02	cypher-graph-id-predicate	64	2	fixture-tika-02,fixture-tika-03	2	0	0	2	0	13	1	1	62	1	0
graph-id-in-parameter-wrapped-contains-k02-group-09-targeted	graph-id-set	graph-id-in-parameter-wrapped-contains	targeted	graph-id-in-parameter-and-wrapped-contains	parameters	properties	200	fixture-tika-02	fixture-tika-02,fixture-tika-03	2	d42c4fb1fadb4a56f8aa46ebc02f39c62dce2b3cdf701dfa45b0d250730192da	success	12	6781	abf0682228739bdef1eb0d4b5b1449d7697f9412e644bd07a974f6e04213652e	86382		fixture-tika-02	cypher-graph-id-predicate	64	2	fixture-tika-02,fixture-tika-03	2	0	0	2	0	13	1	1	62	1	0
request-selected-set-wrapped-contains-k02-group-09-targeted	graph-set-reference	request-selected-set-wrapped-contains	targeted	request-graph-set-selection-and-wrapped-contains	request-selected-source	properties	200	fixture-tika-02	fixture-tika-02,fixture-tika-03	2	d42c4fb1fadb4a56f8aa46ebc02f39c62dce2b3cdf701dfa45b0d250730192da	success	12	6781	abf0682228739bdef1eb0d4b5b1449d7697f9412e644bd07a974f6e04213652e	80030		fixture-tika-02	request-selected-source	2	2	fixture-tika-02,fixture-tika-03	2	0	0	2	0	13	0	0	0	1	0
graph-id-in-literal-wrapped-contains-k02-group-09-dense	graph-id-set	graph-id-in-literal-wrapped-contains	dense	graph-id-in-literal-and-wrapped-contains	graph-routing-set	properties	200	fixture-tika-02	fixture-tika-02,fixture-tika-03	2	d42c4fb1fadb4a56f8aa46ebc02f39c62dce2b3cdf701dfa45b0d250730192da	success	200	95198	7d65fbc43e0cf8a1d4323c709e6963c32bdea3f389f5b683f619eee1fd79dc90	167043		fixture-tika-02	cypher-graph-id-predicate	64	1	fixture-tika-02	1	0	0	1	0	200	1	1	62	1	0
graph-id-in-parameter-wrapped-contains-k02-group-09-dense	graph-id-set	graph-id-in-parameter-wrapped-contains	dense	graph-id-in-parameter-and-wrapped-contains	parameters	properties	200	fixture-tika-02	fixture-tika-02,fixture-tika-03	2	d42c4fb1fadb4a56f8aa46ebc02f39c62dce2b3cdf701dfa45b0d250730192da	success	200	95198	7d65fbc43e0cf8a1d4323c709e6963c32bdea3f389f5b683f619eee1fd79dc90	90740		fixture-tika-02	cypher-graph-id-predicate	64	1	fixture-tika-02	1	0	0	1	0	200	1	1	62	1	0
request-selected-set-wrapped-contains-k02-group-09-dense	graph-set-reference	request-selected-set-wrapped-contains	dense	request-graph-set-selection-and-wrapped-contains	request-selected-source	properties	200	fixture-tika-02	fixture-tika-02,fixture-tika-03	2	d42c4fb1fadb4a56f8aa46ebc02f39c62dce2b3cdf701dfa45b0d250730192da	success	200	95198	7d65fbc43e0cf8a1d4323c709e6963c32bdea3f389f5b683f619eee1fd79dc90	88235		fixture-tika-02	request-selected-source	2	1	fixture-tika-02	1	0	0	1	0	200	0	0	0	1	0
graph-id-in-literal-wrapped-contains-k02-group-10-zero	graph-id-set	graph-id-in-literal-wrapped-contains	zero	graph-id-in-literal-and-wrapped-contains	graph-routing-set	properties	200	fixture-tika-04	fixture-tika-04,fixture-tika-05	2	67bc0a9151ff4ff0b7a4cbe142cd1a0aa27d2df9ea1eefb583b41c4bac55cbc0	success	0	147	805c8c7334c868e18e2be84be95b83cc60895722d739c2b164a68be4cd410c49	87244			cypher-graph-id-predicate	64	2	fixture-tika-04,fixture-tika-05	2	0	0	2	0	2	1	1	62	1	0
graph-id-in-parameter-wrapped-contains-k02-group-10-zero	graph-id-set	graph-id-in-parameter-wrapped-contains	zero	graph-id-in-parameter-and-wrapped-contains	parameters	properties	200	fixture-tika-04	fixture-tika-04,fixture-tika-05	2	67bc0a9151ff4ff0b7a4cbe142cd1a0aa27d2df9ea1eefb583b41c4bac55cbc0	success	0	147	805c8c7334c868e18e2be84be95b83cc60895722d739c2b164a68be4cd410c49	83186			cypher-graph-id-predicate	64	2	fixture-tika-04,fixture-tika-05	2	0	0	2	0	2	1	1	62	1	0
request-selected-set-wrapped-contains-k02-group-10-zero	graph-set-reference	request-selected-set-wrapped-contains	zero	request-graph-set-selection-and-wrapped-contains	request-selected-source	properties	200	fixture-tika-04	fixture-tika-04,fixture-tika-05	2	67bc0a9151ff4ff0b7a4cbe142cd1a0aa27d2df9ea1eefb583b41c4bac55cbc0	success	0	147	805c8c7334c868e18e2be84be95b83cc60895722d739c2b164a68be4cd410c49	74810			request-selected-source	2	2	fixture-tika-04,fixture-tika-05	2	0	0	2	0	2	0	0	0	1	0
graph-id-in-literal-wrapped-contains-k02-group-10-targeted	graph-id-set	graph-id-in-literal-wrapped-contains	targeted	graph-id-in-literal-and-wrapped-contains	graph-routing-set	properties	200	fixture-tika-04	fixture-tika-04,fixture-tika-05	2	67bc0a9151ff4ff0b7a4cbe142cd1a0aa27d2df9ea1eefb583b41c4bac55cbc0	success	1	763	7811e1c0f64fb9174b112349d7a5f89fec8a71f59a6b66db3b1e97241f5dc93c	88576		fixture-tika-04	cypher-graph-id-predicate	64	2	fixture-tika-04,fixture-tika-05	2	0	0	2	0	2	1	1	62	1	0
graph-id-in-parameter-wrapped-contains-k02-group-10-targeted	graph-id-set	graph-id-in-parameter-wrapped-contains	targeted	graph-id-in-parameter-and-wrapped-contains	parameters	properties	200	fixture-tika-04	fixture-tika-04,fixture-tika-05	2	67bc0a9151ff4ff0b7a4cbe142cd1a0aa27d2df9ea1eefb583b41c4bac55cbc0	success	1	763	7811e1c0f64fb9174b112349d7a5f89fec8a71f59a6b66db3b1e97241f5dc93c	101851		fixture-tika-04	cypher-graph-id-predicate	64	2	fixture-tika-04,fixture-tika-05	2	0	0	2	0	2	1	1	62	1	0
request-selected-set-wrapped-contains-k02-group-10-targeted	graph-set-reference	request-selected-set-wrapped-contains	targeted	request-graph-set-selection-and-wrapped-contains	request-selected-source	properties	200	fixture-tika-04	fixture-tika-04,fixture-tika-05	2	67bc0a9151ff4ff0b7a4cbe142cd1a0aa27d2df9ea1eefb583b41c4bac55cbc0	success	1	763	7811e1c0f64fb9174b112349d7a5f89fec8a71f59a6b66db3b1e97241f5dc93c	81472		fixture-tika-04	request-selected-source	2	2	fixture-tika-04,fixture-tika-05	2	0	0	2	0	2	0	0	0	1	0
graph-id-in-literal-wrapped-contains-k02-group-10-dense	graph-id-set	graph-id-in-literal-wrapped-contains	dense	graph-id-in-literal-and-wrapped-contains	graph-routing-set	properties	200	fixture-tika-04	fixture-tika-04,fixture-tika-05	2	67bc0a9151ff4ff0b7a4cbe142cd1a0aa27d2df9ea1eefb583b41c4bac55cbc0	success	200	91604	a93cd6116bda146e01916f4ab7d54aa664da5b5c2287de109c82d6c48fcd38f8	144661		fixture-tika-04	cypher-graph-id-predicate	64	1	fixture-tika-04	1	0	0	1	0	200	1	1	62	1	0
graph-id-in-parameter-wrapped-contains-k02-group-10-dense	graph-id-set	graph-id-in-parameter-wrapped-contains	dense	graph-id-in-parameter-and-wrapped-contains	parameters	properties	200	fixture-tika-04	fixture-tika-04,fixture-tika-05	2	67bc0a9151ff4ff0b7a4cbe142cd1a0aa27d2df9ea1eefb583b41c4bac55cbc0	success	200	91604	a93cd6116bda146e01916f4ab7d54aa664da5b5c2287de109c82d6c48fcd38f8	91261		fixture-tika-04	cypher-graph-id-predicate	64	1	fixture-tika-04	1	0	0	1	0	200	1	1	62	1	0
request-selected-set-wrapped-contains-k02-group-10-dense	graph-set-reference	request-selected-set-wrapped-contains	dense	request-graph-set-selection-and-wrapped-contains	request-selected-source	properties	200	fixture-tika-04	fixture-tika-04,fixture-tika-05	2	67bc0a9151ff4ff0b7a4cbe142cd1a0aa27d2df9ea1eefb583b41c4bac55cbc0	success	200	91604	a93cd6116bda146e01916f4ab7d54aa664da5b5c2287de109c82d6c48fcd38f8	91001		fixture-tika-04	request-selected-source	2	1	fixture-tika-04	1	0	0	1	0	200	0	0	0	1	0
graph-id-in-literal-wrapped-contains-k02-group-11-zero	graph-id-set	graph-id-in-literal-wrapped-contains	zero	graph-id-in-literal-and-wrapped-contains	graph-routing-set	properties	200	fixture-tika-06	fixture-tika-06,fixture-tika-07	2	88f6182281df14e6b0b855b5dde4dd3044f375804b3633c972ce4d3e08b43ba6	success	0	147	805c8c7334c868e18e2be84be95b83cc60895722d739c2b164a68be4cd410c49	87453			cypher-graph-id-predicate	64	2	fixture-tika-06,fixture-tika-07	2	0	0	2	0	2	1	1	62	1	0
graph-id-in-parameter-wrapped-contains-k02-group-11-zero	graph-id-set	graph-id-in-parameter-wrapped-contains	zero	graph-id-in-parameter-and-wrapped-contains	parameters	properties	200	fixture-tika-06	fixture-tika-06,fixture-tika-07	2	88f6182281df14e6b0b855b5dde4dd3044f375804b3633c972ce4d3e08b43ba6	success	0	147	805c8c7334c868e18e2be84be95b83cc60895722d739c2b164a68be4cd410c49	101600			cypher-graph-id-predicate	64	2	fixture-tika-06,fixture-tika-07	2	0	0	2	0	2	1	1	62	1	0
request-selected-set-wrapped-contains-k02-group-11-zero	graph-set-reference	request-selected-set-wrapped-contains	zero	request-graph-set-selection-and-wrapped-contains	request-selected-source	properties	200	fixture-tika-06	fixture-tika-06,fixture-tika-07	2	88f6182281df14e6b0b855b5dde4dd3044f375804b3633c972ce4d3e08b43ba6	success	0	147	805c8c7334c868e18e2be84be95b83cc60895722d739c2b164a68be4cd410c49	75151			request-selected-source	2	2	fixture-tika-06,fixture-tika-07	2	0	0	2	0	2	0	0	0	1	0
graph-id-in-literal-wrapped-contains-k02-group-11-targeted	graph-id-set	graph-id-in-literal-wrapped-contains	targeted	graph-id-in-literal-and-wrapped-contains	graph-routing-set	properties	200	fixture-tika-06	fixture-tika-06,fixture-tika-07	2	88f6182281df14e6b0b855b5dde4dd3044f375804b3633c972ce4d3e08b43ba6	success	11	6331	43d88524d9da26840d520d8260a6801a2d864c2023e9806c3df4a5e673a5fd66	88445		fixture-tika-06	cypher-graph-id-predicate	64	2	fixture-tika-06,fixture-tika-07	2	0	0	2	0	12	1	1	62	1	0
graph-id-in-parameter-wrapped-contains-k02-group-11-targeted	graph-id-set	graph-id-in-parameter-wrapped-contains	targeted	graph-id-in-parameter-and-wrapped-contains	parameters	properties	200	fixture-tika-06	fixture-tika-06,fixture-tika-07	2	88f6182281df14e6b0b855b5dde4dd3044f375804b3633c972ce4d3e08b43ba6	success	11	6331	43d88524d9da26840d520d8260a6801a2d864c2023e9806c3df4a5e673a5fd66	77736		fixture-tika-06	cypher-graph-id-predicate	64	2	fixture-tika-06,fixture-tika-07	2	0	0	2	0	12	1	1	62	1	0
request-selected-set-wrapped-contains-k02-group-11-targeted	graph-set-reference	request-selected-set-wrapped-contains	targeted	request-graph-set-selection-and-wrapped-contains	request-selected-source	properties	200	fixture-tika-06	fixture-tika-06,fixture-tika-07	2	88f6182281df14e6b0b855b5dde4dd3044f375804b3633c972ce4d3e08b43ba6	success	11	6331	43d88524d9da26840d520d8260a6801a2d864c2023e9806c3df4a5e673a5fd66	77605		fixture-tika-06	request-selected-source	2	2	fixture-tika-06,fixture-tika-07	2	0	0	2	0	12	0	0	0	1	0
graph-id-in-literal-wrapped-contains-k02-group-11-dense	graph-id-set	graph-id-in-literal-wrapped-contains	dense	graph-id-in-literal-and-wrapped-contains	graph-routing-set	properties	200	fixture-tika-06	fixture-tika-06,fixture-tika-07	2	88f6182281df14e6b0b855b5dde4dd3044f375804b3633c972ce4d3e08b43ba6	success	200	98397	b1cc908cf8cd6a2354b320afca9ad225990c59be93a53ddc3912afb3b0d46d7b	195105		fixture-tika-06	cypher-graph-id-predicate	64	1	fixture-tika-06	1	0	0	1	0	200	1	1	62	1	0
graph-id-in-parameter-wrapped-contains-k02-group-11-dense	graph-id-set	graph-id-in-parameter-wrapped-contains	dense	graph-id-in-parameter-and-wrapped-contains	parameters	properties	200	fixture-tika-06	fixture-tika-06,fixture-tika-07	2	88f6182281df14e6b0b855b5dde4dd3044f375804b3633c972ce4d3e08b43ba6	success	200	98397	b1cc908cf8cd6a2354b320afca9ad225990c59be93a53ddc3912afb3b0d46d7b	101029		fixture-tika-06	cypher-graph-id-predicate	64	1	fixture-tika-06	1	0	0	1	0	200	1	1	62	1	0
request-selected-set-wrapped-contains-k02-group-11-dense	graph-set-reference	request-selected-set-wrapped-contains	dense	request-graph-set-selection-and-wrapped-contains	request-selected-source	properties	200	fixture-tika-06	fixture-tika-06,fixture-tika-07	2	88f6182281df14e6b0b855b5dde4dd3044f375804b3633c972ce4d3e08b43ba6	success	200	98397	b1cc908cf8cd6a2354b320afca9ad225990c59be93a53ddc3912afb3b0d46d7b	91411		fixture-tika-06	request-selected-source	2	1	fixture-tika-06	1	0	0	1	0	200	0	0	0	1	0
graph-id-in-literal-wrapped-contains-k02-group-12-zero	graph-id-set	graph-id-in-literal-wrapped-contains	zero	graph-id-in-literal-and-wrapped-contains	graph-routing-set	properties	200	fixture-tika-08	fixture-tika-08,fixture-tika-09	2	3c4fe65bc14eb1937d189a248b52326721309f2001ec6e35ad622817cf54c66a	success	0	147	805c8c7334c868e18e2be84be95b83cc60895722d739c2b164a68be4cd410c49	89858			cypher-graph-id-predicate	64	2	fixture-tika-08,fixture-tika-09	2	0	0	2	0	2	1	1	62	1	0
graph-id-in-parameter-wrapped-contains-k02-group-12-zero	graph-id-set	graph-id-in-parameter-wrapped-contains	zero	graph-id-in-parameter-and-wrapped-contains	parameters	properties	200	fixture-tika-08	fixture-tika-08,fixture-tika-09	2	3c4fe65bc14eb1937d189a248b52326721309f2001ec6e35ad622817cf54c66a	success	0	147	805c8c7334c868e18e2be84be95b83cc60895722d739c2b164a68be4cd410c49	82164			cypher-graph-id-predicate	64	2	fixture-tika-08,fixture-tika-09	2	0	0	2	0	2	1	1	62	1	0
request-selected-set-wrapped-contains-k02-group-12-zero	graph-set-reference	request-selected-set-wrapped-contains	zero	request-graph-set-selection-and-wrapped-contains	request-selected-source	properties	200	fixture-tika-08	fixture-tika-08,fixture-tika-09	2	3c4fe65bc14eb1937d189a248b52326721309f2001ec6e35ad622817cf54c66a	success	0	147	805c8c7334c868e18e2be84be95b83cc60895722d739c2b164a68be4cd410c49	78677			request-selected-source	2	2	fixture-tika-08,fixture-tika-09	2	0	0	2	0	2	0	0	0	1	0
graph-id-in-literal-wrapped-contains-k02-group-12-targeted	graph-id-set	graph-id-in-literal-wrapped-contains	targeted	graph-id-in-literal-and-wrapped-contains	graph-routing-set	properties	200	fixture-tika-08	fixture-tika-08,fixture-tika-09	2	3c4fe65bc14eb1937d189a248b52326721309f2001ec6e35ad622817cf54c66a	success	1	754	033650595463ffba6f1f515fc8a38ba023fdd37a0e2442442be40f2d8baee0b4	82795		fixture-tika-08	cypher-graph-id-predicate	64	2	fixture-tika-08,fixture-tika-09	2	0	0	2	0	2	1	1	62	1	0
graph-id-in-parameter-wrapped-contains-k02-group-12-targeted	graph-id-set	graph-id-in-parameter-wrapped-contains	targeted	graph-id-in-parameter-and-wrapped-contains	parameters	properties	200	fixture-tika-08	fixture-tika-08,fixture-tika-09	2	3c4fe65bc14eb1937d189a248b52326721309f2001ec6e35ad622817cf54c66a	success	1	754	033650595463ffba6f1f515fc8a38ba023fdd37a0e2442442be40f2d8baee0b4	95188		fixture-tika-08	cypher-graph-id-predicate	64	2	fixture-tika-08,fixture-tika-09	2	0	0	2	0	2	1	1	62	1	0
request-selected-set-wrapped-contains-k02-group-12-targeted	graph-set-reference	request-selected-set-wrapped-contains	targeted	request-graph-set-selection-and-wrapped-contains	request-selected-source	properties	200	fixture-tika-08	fixture-tika-08,fixture-tika-09	2	3c4fe65bc14eb1937d189a248b52326721309f2001ec6e35ad622817cf54c66a	success	1	754	033650595463ffba6f1f515fc8a38ba023fdd37a0e2442442be40f2d8baee0b4	72075		fixture-tika-08	request-selected-source	2	2	fixture-tika-08,fixture-tika-09	2	0	0	2	0	2	0	0	0	1	0
graph-id-in-literal-wrapped-contains-k02-group-12-dense	graph-id-set	graph-id-in-literal-wrapped-contains	dense	graph-id-in-literal-and-wrapped-contains	graph-routing-set	properties	200	fixture-tika-08	fixture-tika-08,fixture-tika-09	2	3c4fe65bc14eb1937d189a248b52326721309f2001ec6e35ad622817cf54c66a	success	200	96144	13cc3d04be15c5d98101b6676211e0260c08571becd6cbc7be1dcfad1b7efce8	153718		fixture-tika-08	cypher-graph-id-predicate	64	1	fixture-tika-08	1	0	0	1	0	200	1	1	62	1	0
graph-id-in-parameter-wrapped-contains-k02-group-12-dense	graph-id-set	graph-id-in-parameter-wrapped-contains	dense	graph-id-in-parameter-and-wrapped-contains	parameters	properties	200	fixture-tika-08	fixture-tika-08,fixture-tika-09	2	3c4fe65bc14eb1937d189a248b52326721309f2001ec6e35ad622817cf54c66a	success	200	96144	13cc3d04be15c5d98101b6676211e0260c08571becd6cbc7be1dcfad1b7efce8	89558		fixture-tika-08	cypher-graph-id-predicate	64	1	fixture-tika-08	1	0	0	1	0	200	1	1	62	1	0
request-selected-set-wrapped-contains-k02-group-12-dense	graph-set-reference	request-selected-set-wrapped-contains	dense	request-graph-set-selection-and-wrapped-contains	request-selected-source	properties	200	fixture-tika-08	fixture-tika-08,fixture-tika-09	2	3c4fe65bc14eb1937d189a248b52326721309f2001ec6e35ad622817cf54c66a	success	200	96144	13cc3d04be15c5d98101b6676211e0260c08571becd6cbc7be1dcfad1b7efce8	87564		fixture-tika-08	request-selected-source	2	1	fixture-tika-08	1	0	0	1	0	200	0	0	0	1	0
graph-id-in-literal-wrapped-contains-k02-group-13-zero	graph-id-set	graph-id-in-literal-wrapped-contains	zero	graph-id-in-literal-and-wrapped-contains	graph-routing-set	properties	200	fixture-tika-10	fixture-tika-10,fixture-tika-11	2	0526cfacee057116a16a7ad29d96c8d047d97847720c0657c7391b944df05e2d	success	0	147	805c8c7334c868e18e2be84be95b83cc60895722d739c2b164a68be4cd410c49	92012			cypher-graph-id-predicate	64	2	fixture-tika-10,fixture-tika-11	2	0	0	2	0	2	1	1	62	1	0
graph-id-in-parameter-wrapped-contains-k02-group-13-zero	graph-id-set	graph-id-in-parameter-wrapped-contains	zero	graph-id-in-parameter-and-wrapped-contains	parameters	properties	200	fixture-tika-10	fixture-tika-10,fixture-tika-11	2	0526cfacee057116a16a7ad29d96c8d047d97847720c0657c7391b944df05e2d	success	0	147	805c8c7334c868e18e2be84be95b83cc60895722d739c2b164a68be4cd410c49	93726			cypher-graph-id-predicate	64	2	fixture-tika-10,fixture-tika-11	2	0	0	2	0	2	1	1	62	1	0
request-selected-set-wrapped-contains-k02-group-13-zero	graph-set-reference	request-selected-set-wrapped-contains	zero	request-graph-set-selection-and-wrapped-contains	request-selected-source	properties	200	fixture-tika-10	fixture-tika-10,fixture-tika-11	2	0526cfacee057116a16a7ad29d96c8d047d97847720c0657c7391b944df05e2d	success	0	147	805c8c7334c868e18e2be84be95b83cc60895722d739c2b164a68be4cd410c49	75572			request-selected-source	2	2	fixture-tika-10,fixture-tika-11	2	0	0	2	0	2	0	0	0	1	0
graph-id-in-literal-wrapped-contains-k02-group-13-targeted	graph-id-set	graph-id-in-literal-wrapped-contains	targeted	graph-id-in-literal-and-wrapped-contains	graph-routing-set	properties	200	fixture-tika-10	fixture-tika-10,fixture-tika-11	2	0526cfacee057116a16a7ad29d96c8d047d97847720c0657c7391b944df05e2d	success	1	791	550bd45f802381cb65ea30928a856fc0c2bc207cbfc2a147aad4312130548c9a	101710		fixture-tika-10	cypher-graph-id-predicate	64	2	fixture-tika-10,fixture-tika-11	2	0	0	2	0	2	1	1	62	1	0
graph-id-in-parameter-wrapped-contains-k02-group-13-targeted	graph-id-set	graph-id-in-parameter-wrapped-contains	targeted	graph-id-in-parameter-and-wrapped-contains	parameters	properties	200	fixture-tika-10	fixture-tika-10,fixture-tika-11	2	0526cfacee057116a16a7ad29d96c8d047d97847720c0657c7391b944df05e2d	success	1	791	550bd45f802381cb65ea30928a856fc0c2bc207cbfc2a147aad4312130548c9a	116017		fixture-tika-10	cypher-graph-id-predicate	64	2	fixture-tika-10,fixture-tika-11	2	0	0	2	0	2	1	1	62	1	0
request-selected-set-wrapped-contains-k02-group-13-targeted	graph-set-reference	request-selected-set-wrapped-contains	targeted	request-graph-set-selection-and-wrapped-contains	request-selected-source	properties	200	fixture-tika-10	fixture-tika-10,fixture-tika-11	2	0526cfacee057116a16a7ad29d96c8d047d97847720c0657c7391b944df05e2d	success	1	791	550bd45f802381cb65ea30928a856fc0c2bc207cbfc2a147aad4312130548c9a	80170		fixture-tika-10	request-selected-source	2	2	fixture-tika-10,fixture-tika-11	2	0	0	2	0	2	0	0	0	1	0
graph-id-in-literal-wrapped-contains-k02-group-13-dense	graph-id-set	graph-id-in-literal-wrapped-contains	dense	graph-id-in-literal-and-wrapped-contains	graph-routing-set	properties	200	fixture-tika-10	fixture-tika-10,fixture-tika-11	2	0526cfacee057116a16a7ad29d96c8d047d97847720c0657c7391b944df05e2d	success	200	96089	d0bdae62973cb737c05eda37d83d6fd7dea4520a7f87acdd4ed9a2fba1f97888	172723		fixture-tika-10	cypher-graph-id-predicate	64	1	fixture-tika-10	1	0	0	1	0	200	1	1	62	1	0
graph-id-in-parameter-wrapped-contains-k02-group-13-dense	graph-id-set	graph-id-in-parameter-wrapped-contains	dense	graph-id-in-parameter-and-wrapped-contains	parameters	properties	200	fixture-tika-10	fixture-tika-10,fixture-tika-11	2	0526cfacee057116a16a7ad29d96c8d047d97847720c0657c7391b944df05e2d	success	200	96089	d0bdae62973cb737c05eda37d83d6fd7dea4520a7f87acdd4ed9a2fba1f97888	92233		fixture-tika-10	cypher-graph-id-predicate	64	1	fixture-tika-10	1	0	0	1	0	200	1	1	62	1	0
request-selected-set-wrapped-contains-k02-group-13-dense	graph-set-reference	request-selected-set-wrapped-contains	dense	request-graph-set-selection-and-wrapped-contains	request-selected-source	properties	200	fixture-tika-10	fixture-tika-10,fixture-tika-11	2	0526cfacee057116a16a7ad29d96c8d047d97847720c0657c7391b944df05e2d	success	200	96089	d0bdae62973cb737c05eda37d83d6fd7dea4520a7f87acdd4ed9a2fba1f97888	90821		fixture-tika-10	request-selected-source	2	1	fixture-tika-10	1	0	0	1	0	200	0	0	0	1	0
graph-id-in-literal-wrapped-contains-k02-group-14-zero	graph-id-set	graph-id-in-literal-wrapped-contains	zero	graph-id-in-literal-and-wrapped-contains	graph-routing-set	properties	200	fixture-tika-12	fixture-tika-12,fixture-tika-13	2	7e4325da346bf50d66313a73dc0a884bc6af8412dad5468ea789b15a6b8231c8	success	0	147	805c8c7334c868e18e2be84be95b83cc60895722d739c2b164a68be4cd410c49	90109			cypher-graph-id-predicate	64	2	fixture-tika-12,fixture-tika-13	2	0	0	2	0	2	1	1	62	1	0
graph-id-in-parameter-wrapped-contains-k02-group-14-zero	graph-id-set	graph-id-in-parameter-wrapped-contains	zero	graph-id-in-parameter-and-wrapped-contains	parameters	properties	200	fixture-tika-12	fixture-tika-12,fixture-tika-13	2	7e4325da346bf50d66313a73dc0a884bc6af8412dad5468ea789b15a6b8231c8	success	0	147	805c8c7334c868e18e2be84be95b83cc60895722d739c2b164a68be4cd410c49	78437			cypher-graph-id-predicate	64	2	fixture-tika-12,fixture-tika-13	2	0	0	2	0	2	1	1	62	1	0
request-selected-set-wrapped-contains-k02-group-14-zero	graph-set-reference	request-selected-set-wrapped-contains	zero	request-graph-set-selection-and-wrapped-contains	request-selected-source	properties	200	fixture-tika-12	fixture-tika-12,fixture-tika-13	2	7e4325da346bf50d66313a73dc0a884bc6af8412dad5468ea789b15a6b8231c8	success	0	147	805c8c7334c868e18e2be84be95b83cc60895722d739c2b164a68be4cd410c49	74569			request-selected-source	2	2	fixture-tika-12,fixture-tika-13	2	0	0	2	0	2	0	0	0	1	0
graph-id-in-literal-wrapped-contains-k02-group-14-targeted	graph-id-set	graph-id-in-literal-wrapped-contains	targeted	graph-id-in-literal-and-wrapped-contains	graph-routing-set	properties	200	fixture-tika-12	fixture-tika-12,fixture-tika-13	2	7e4325da346bf50d66313a73dc0a884bc6af8412dad5468ea789b15a6b8231c8	success	12	6370	8871e0dc77f7df7110f742adaac439b8d2f4e912a3a21e1793fda026e0955f9b	87614		fixture-tika-12	cypher-graph-id-predicate	64	2	fixture-tika-12,fixture-tika-13	2	0	0	2	0	13	1	1	62	1	0
graph-id-in-parameter-wrapped-contains-k02-group-14-targeted	graph-id-set	graph-id-in-parameter-wrapped-contains	targeted	graph-id-in-parameter-and-wrapped-contains	parameters	properties	200	fixture-tika-12	fixture-tika-12,fixture-tika-13	2	7e4325da346bf50d66313a73dc0a884bc6af8412dad5468ea789b15a6b8231c8	success	12	6370	8871e0dc77f7df7110f742adaac439b8d2f4e912a3a21e1793fda026e0955f9b	108363		fixture-tika-12	cypher-graph-id-predicate	64	2	fixture-tika-12,fixture-tika-13	2	0	0	2	0	13	1	1	62	1	0
request-selected-set-wrapped-contains-k02-group-14-targeted	graph-set-reference	request-selected-set-wrapped-contains	targeted	request-graph-set-selection-and-wrapped-contains	request-selected-source	properties	200	fixture-tika-12	fixture-tika-12,fixture-tika-13	2	7e4325da346bf50d66313a73dc0a884bc6af8412dad5468ea789b15a6b8231c8	success	12	6370	8871e0dc77f7df7110f742adaac439b8d2f4e912a3a21e1793fda026e0955f9b	79188		fixture-tika-12	request-selected-source	2	2	fixture-tika-12,fixture-tika-13	2	0	0	2	0	13	0	0	0	1	0
graph-id-in-literal-wrapped-contains-k02-group-14-dense	graph-id-set	graph-id-in-literal-wrapped-contains	dense	graph-id-in-literal-and-wrapped-contains	graph-routing-set	properties	200	fixture-tika-12	fixture-tika-12,fixture-tika-13	2	7e4325da346bf50d66313a73dc0a884bc6af8412dad5468ea789b15a6b8231c8	success	200	101142	3ec255435f1804ca883e61ce69218b0c9b6812e5f4d6241be813f3a04980ff78	203180		fixture-tika-12	cypher-graph-id-predicate	64	1	fixture-tika-12	1	0	0	1	0	200	1	1	62	1	0
graph-id-in-parameter-wrapped-contains-k02-group-14-dense	graph-id-set	graph-id-in-parameter-wrapped-contains	dense	graph-id-in-parameter-and-wrapped-contains	parameters	properties	200	fixture-tika-12	fixture-tika-12,fixture-tika-13	2	7e4325da346bf50d66313a73dc0a884bc6af8412dad5468ea789b15a6b8231c8	success	200	101142	3ec255435f1804ca883e61ce69218b0c9b6812e5f4d6241be813f3a04980ff78	120375		fixture-tika-12	cypher-graph-id-predicate	64	1	fixture-tika-12	1	0	0	1	0	200	1	1	62	1	0
request-selected-set-wrapped-contains-k02-group-14-dense	graph-set-reference	request-selected-set-wrapped-contains	dense	request-graph-set-selection-and-wrapped-contains	request-selected-source	properties	200	fixture-tika-12	fixture-tika-12,fixture-tika-13	2	7e4325da346bf50d66313a73dc0a884bc6af8412dad5468ea789b15a6b8231c8	success	200	101142	3ec255435f1804ca883e61ce69218b0c9b6812e5f4d6241be813f3a04980ff78	123752		fixture-tika-12	request-selected-source	2	1	fixture-tika-12	1	0	0	1	0	200	0	0	0	1	0
graph-id-in-literal-wrapped-contains-k02-group-15-zero	graph-id-set	graph-id-in-literal-wrapped-contains	zero	graph-id-in-literal-and-wrapped-contains	graph-routing-set	properties	200	fixture-tika-14	fixture-tika-14,fixture-tika-15	2	ff1c574984d7f5cb982a7847808ebb0e754bcffae09b4865ea65cc857bde09f8	success	0	147	805c8c7334c868e18e2be84be95b83cc60895722d739c2b164a68be4cd410c49	137507			cypher-graph-id-predicate	64	2	fixture-tika-14,fixture-tika-15	2	0	0	2	0	2	1	1	62	1	0
graph-id-in-parameter-wrapped-contains-k02-group-15-zero	graph-id-set	graph-id-in-parameter-wrapped-contains	zero	graph-id-in-parameter-and-wrapped-contains	parameters	properties	200	fixture-tika-14	fixture-tika-14,fixture-tika-15	2	ff1c574984d7f5cb982a7847808ebb0e754bcffae09b4865ea65cc857bde09f8	success	0	147	805c8c7334c868e18e2be84be95b83cc60895722d739c2b164a68be4cd410c49	143218			cypher-graph-id-predicate	64	2	fixture-tika-14,fixture-tika-15	2	0	0	2	0	2	1	1	62	1	0
request-selected-set-wrapped-contains-k02-group-15-zero	graph-set-reference	request-selected-set-wrapped-contains	zero	request-graph-set-selection-and-wrapped-contains	request-selected-source	properties	200	fixture-tika-14	fixture-tika-14,fixture-tika-15	2	ff1c574984d7f5cb982a7847808ebb0e754bcffae09b4865ea65cc857bde09f8	success	0	147	805c8c7334c868e18e2be84be95b83cc60895722d739c2b164a68be4cd410c49	97432			request-selected-source	2	2	fixture-tika-14,fixture-tika-15	2	0	0	2	0	2	0	0	0	1	0
graph-id-in-literal-wrapped-contains-k02-group-15-targeted	graph-id-set	graph-id-in-literal-wrapped-contains	targeted	graph-id-in-literal-and-wrapped-contains	graph-routing-set	properties	200	fixture-tika-14	fixture-tika-14,fixture-tika-15	2	ff1c574984d7f5cb982a7847808ebb0e754bcffae09b4865ea65cc857bde09f8	success	10	5866	c85815e1257e7d89a547803b839a8fa3d5c32a25ad93fc4df95c67dd0df38386	121256		fixture-tika-14	cypher-graph-id-predicate	64	2	fixture-tika-14,fixture-tika-15	2	0	0	2	0	11	1	1	62	1	0
graph-id-in-parameter-wrapped-contains-k02-group-15-targeted	graph-id-set	graph-id-in-parameter-wrapped-contains	targeted	graph-id-in-parameter-and-wrapped-contains	parameters	properties	200	fixture-tika-14	fixture-tika-14,fixture-tika-15	2	ff1c574984d7f5cb982a7847808ebb0e754bcffae09b4865ea65cc857bde09f8	success	10	5866	c85815e1257e7d89a547803b839a8fa3d5c32a25ad93fc4df95c67dd0df38386	123421		fixture-tika-14	cypher-graph-id-predicate	64	2	fixture-tika-14,fixture-tika-15	2	0	0	2	0	11	1	1	62	1	0
request-selected-set-wrapped-contains-k02-group-15-targeted	graph-set-reference	request-selected-set-wrapped-contains	targeted	request-graph-set-selection-and-wrapped-contains	request-selected-source	properties	200	fixture-tika-14	fixture-tika-14,fixture-tika-15	2	ff1c574984d7f5cb982a7847808ebb0e754bcffae09b4865ea65cc857bde09f8	success	10	5866	c85815e1257e7d89a547803b839a8fa3d5c32a25ad93fc4df95c67dd0df38386	97332		fixture-tika-14	request-selected-source	2	2	fixture-tika-14,fixture-tika-15	2	0	0	2	0	11	0	0	0	1	0
graph-id-in-literal-wrapped-contains-k02-group-15-dense	graph-id-set	graph-id-in-literal-wrapped-contains	dense	graph-id-in-literal-and-wrapped-contains	graph-routing-set	properties	200	fixture-tika-14	fixture-tika-14,fixture-tika-15	2	ff1c574984d7f5cb982a7847808ebb0e754bcffae09b4865ea65cc857bde09f8	success	200	95471	766b9ef7e8ecf0adce38af75461cc8c431950c6a78cf29871668bb82bbc59681	222747		fixture-tika-14	cypher-graph-id-predicate	64	1	fixture-tika-14	1	0	0	1	0	200	1	1	62	1	0
graph-id-in-parameter-wrapped-contains-k02-group-15-dense	graph-id-set	graph-id-in-parameter-wrapped-contains	dense	graph-id-in-parameter-and-wrapped-contains	parameters	properties	200	fixture-tika-14	fixture-tika-14,fixture-tika-15	2	ff1c574984d7f5cb982a7847808ebb0e754bcffae09b4865ea65cc857bde09f8	success	200	95471	766b9ef7e8ecf0adce38af75461cc8c431950c6a78cf29871668bb82bbc59681	130424		fixture-tika-14	cypher-graph-id-predicate	64	1	fixture-tika-14	1	0	0	1	0	200	1	1	62	1	0
request-selected-set-wrapped-contains-k02-group-15-dense	graph-set-reference	request-selected-set-wrapped-contains	dense	request-graph-set-selection-and-wrapped-contains	request-selected-source	properties	200	fixture-tika-14	fixture-tika-14,fixture-tika-15	2	ff1c574984d7f5cb982a7847808ebb0e754bcffae09b4865ea65cc857bde09f8	success	200	95471	766b9ef7e8ecf0adce38af75461cc8c431950c6a78cf29871668bb82bbc59681	136285		fixture-tika-14	request-selected-source	2	1	fixture-tika-14	1	0	0	1	0	200	0	0	0	1	0
graph-id-in-literal-wrapped-contains-k02-group-16-zero	graph-id-set	graph-id-in-literal-wrapped-contains	zero	graph-id-in-literal-and-wrapped-contains	graph-routing-set	properties	200	fixture-hive-00	fixture-hive-00,fixture-hive-01	2	abf7df661332aac0b7f397aa323cf0332248ba918e275776d5c53f638ffe4a81	success	0	147	805c8c7334c868e18e2be84be95b83cc60895722d739c2b164a68be4cd410c49	120636			cypher-graph-id-predicate	64	2	fixture-hive-00,fixture-hive-01	2	0	0	2	0	2	1	1	62	1	0
graph-id-in-parameter-wrapped-contains-k02-group-16-zero	graph-id-set	graph-id-in-parameter-wrapped-contains	zero	graph-id-in-parameter-and-wrapped-contains	parameters	properties	200	fixture-hive-00	fixture-hive-00,fixture-hive-01	2	abf7df661332aac0b7f397aa323cf0332248ba918e275776d5c53f638ffe4a81	success	0	147	805c8c7334c868e18e2be84be95b83cc60895722d739c2b164a68be4cd410c49	107952			cypher-graph-id-predicate	64	2	fixture-hive-00,fixture-hive-01	2	0	0	2	0	2	1	1	62	1	0
request-selected-set-wrapped-contains-k02-group-16-zero	graph-set-reference	request-selected-set-wrapped-contains	zero	request-graph-set-selection-and-wrapped-contains	request-selected-source	properties	200	fixture-hive-00	fixture-hive-00,fixture-hive-01	2	abf7df661332aac0b7f397aa323cf0332248ba918e275776d5c53f638ffe4a81	success	0	147	805c8c7334c868e18e2be84be95b83cc60895722d739c2b164a68be4cd410c49	116138			request-selected-source	2	2	fixture-hive-00,fixture-hive-01	2	0	0	2	0	2	0	0	0	1	0
graph-id-in-literal-wrapped-contains-k02-group-16-targeted	graph-id-set	graph-id-in-literal-wrapped-contains	targeted	graph-id-in-literal-and-wrapped-contains	graph-routing-set	properties	200	fixture-hive-00	fixture-hive-00,fixture-hive-01	2	abf7df661332aac0b7f397aa323cf0332248ba918e275776d5c53f638ffe4a81	success	4	2862	72e96499d86d64ae9da267f3b15791817d4250f06a8dfea9d09edd8c3c23a440	132247		fixture-hive-00	cypher-graph-id-predicate	64	2	fixture-hive-00,fixture-hive-01	2	0	0	2	0	5	1	1	62	1	0
graph-id-in-parameter-wrapped-contains-k02-group-16-targeted	graph-id-set	graph-id-in-parameter-wrapped-contains	targeted	graph-id-in-parameter-and-wrapped-contains	parameters	properties	200	fixture-hive-00	fixture-hive-00,fixture-hive-01	2	abf7df661332aac0b7f397aa323cf0332248ba918e275776d5c53f638ffe4a81	success	4	2862	72e96499d86d64ae9da267f3b15791817d4250f06a8dfea9d09edd8c3c23a440	124763		fixture-hive-00	cypher-graph-id-predicate	64	2	fixture-hive-00,fixture-hive-01	2	0	0	2	0	5	1	1	62	1	0
request-selected-set-wrapped-contains-k02-group-16-targeted	graph-set-reference	request-selected-set-wrapped-contains	targeted	request-graph-set-selection-and-wrapped-contains	request-selected-source	properties	200	fixture-hive-00	fixture-hive-00,fixture-hive-01	2	abf7df661332aac0b7f397aa323cf0332248ba918e275776d5c53f638ffe4a81	success	4	2862	72e96499d86d64ae9da267f3b15791817d4250f06a8dfea9d09edd8c3c23a440	104787		fixture-hive-00	request-selected-source	2	2	fixture-hive-00,fixture-hive-01	2	0	0	2	0	5	0	0	0	1	0
graph-id-in-literal-wrapped-contains-k02-group-16-dense	graph-id-set	graph-id-in-literal-wrapped-contains	dense	graph-id-in-literal-and-wrapped-contains	graph-routing-set	properties	200	fixture-hive-00	fixture-hive-00,fixture-hive-01	2	abf7df661332aac0b7f397aa323cf0332248ba918e275776d5c53f638ffe4a81	success	200	92864	0ad6a5ae10cb27d8dd28af205e0df8ebd79b3e1ca0079c8c876100ee108fc38d	218349		fixture-hive-00	cypher-graph-id-predicate	64	1	fixture-hive-00	1	0	0	1	0	200	1	1	62	1	0
graph-id-in-parameter-wrapped-contains-k02-group-16-dense	graph-id-set	graph-id-in-parameter-wrapped-contains	dense	graph-id-in-parameter-and-wrapped-contains	parameters	properties	200	fixture-hive-00	fixture-hive-00,fixture-hive-01	2	abf7df661332aac0b7f397aa323cf0332248ba918e275776d5c53f638ffe4a81	success	200	92864	0ad6a5ae10cb27d8dd28af205e0df8ebd79b3e1ca0079c8c876100ee108fc38d	122699		fixture-hive-00	cypher-graph-id-predicate	64	1	fixture-hive-00	1	0	0	1	0	200	1	1	62	1	0
request-selected-set-wrapped-contains-k02-group-16-dense	graph-set-reference	request-selected-set-wrapped-contains	dense	request-graph-set-selection-and-wrapped-contains	request-selected-source	properties	200	fixture-hive-00	fixture-hive-00,fixture-hive-01	2	abf7df661332aac0b7f397aa323cf0332248ba918e275776d5c53f638ffe4a81	success	200	92864	0ad6a5ae10cb27d8dd28af205e0df8ebd79b3e1ca0079c8c876100ee108fc38d	124503		fixture-hive-00	request-selected-source	2	1	fixture-hive-00	1	0	0	1	0	200	0	0	0	1	0
graph-id-in-literal-wrapped-contains-k02-group-17-zero	graph-id-set	graph-id-in-literal-wrapped-contains	zero	graph-id-in-literal-and-wrapped-contains	graph-routing-set	properties	200	fixture-hive-02	fixture-hive-02,fixture-hive-03	2	186cc0634154d673c1ee10ca7ac2ad0225d4c836a71b3b566f2c4bdfd0423900	success	0	147	805c8c7334c868e18e2be84be95b83cc60895722d739c2b164a68be4cd410c49	117681			cypher-graph-id-predicate	64	2	fixture-hive-02,fixture-hive-03	2	0	0	2	0	2	1	1	62	1	0
graph-id-in-parameter-wrapped-contains-k02-group-17-zero	graph-id-set	graph-id-in-parameter-wrapped-contains	zero	graph-id-in-parameter-and-wrapped-contains	parameters	properties	200	fixture-hive-02	fixture-hive-02,fixture-hive-03	2	186cc0634154d673c1ee10ca7ac2ad0225d4c836a71b3b566f2c4bdfd0423900	success	0	147	805c8c7334c868e18e2be84be95b83cc60895722d739c2b164a68be4cd410c49	102011			cypher-graph-id-predicate	64	2	fixture-hive-02,fixture-hive-03	2	0	0	2	0	2	1	1	62	1	0
request-selected-set-wrapped-contains-k02-group-17-zero	graph-set-reference	request-selected-set-wrapped-contains	zero	request-graph-set-selection-and-wrapped-contains	request-selected-source	properties	200	fixture-hive-02	fixture-hive-02,fixture-hive-03	2	186cc0634154d673c1ee10ca7ac2ad0225d4c836a71b3b566f2c4bdfd0423900	success	0	147	805c8c7334c868e18e2be84be95b83cc60895722d739c2b164a68be4cd410c49	96640			request-selected-source	2	2	fixture-hive-02,fixture-hive-03	2	0	0	2	0	2	0	0	0	1	0
graph-id-in-literal-wrapped-contains-k02-group-17-targeted	graph-id-set	graph-id-in-literal-wrapped-contains	targeted	graph-id-in-literal-and-wrapped-contains	graph-routing-set	properties	200	fixture-hive-02	fixture-hive-02,fixture-hive-03	2	186cc0634154d673c1ee10ca7ac2ad0225d4c836a71b3b566f2c4bdfd0423900	success	4	2883	e83a01bd4b4e8f51ba0c51a53e73f87ec8dd6170bd60b37ef57b4eb9aba8bcc7	128120		fixture-hive-02	cypher-graph-id-predicate	64	2	fixture-hive-02,fixture-hive-03	2	0	0	2	0	5	1	1	62	1	0
graph-id-in-parameter-wrapped-contains-k02-group-17-targeted	graph-id-set	graph-id-in-parameter-wrapped-contains	targeted	graph-id-in-parameter-and-wrapped-contains	parameters	properties	200	fixture-hive-02	fixture-hive-02,fixture-hive-03	2	186cc0634154d673c1ee10ca7ac2ad0225d4c836a71b3b566f2c4bdfd0423900	success	4	2883	e83a01bd4b4e8f51ba0c51a53e73f87ec8dd6170bd60b37ef57b4eb9aba8bcc7	115376		fixture-hive-02	cypher-graph-id-predicate	64	2	fixture-hive-02,fixture-hive-03	2	0	0	2	0	5	1	1	62	1	0
request-selected-set-wrapped-contains-k02-group-17-targeted	graph-set-reference	request-selected-set-wrapped-contains	targeted	request-graph-set-selection-and-wrapped-contains	request-selected-source	properties	200	fixture-hive-02	fixture-hive-02,fixture-hive-03	2	186cc0634154d673c1ee10ca7ac2ad0225d4c836a71b3b566f2c4bdfd0423900	success	4	2883	e83a01bd4b4e8f51ba0c51a53e73f87ec8dd6170bd60b37ef57b4eb9aba8bcc7	106560		fixture-hive-02	request-selected-source	2	2	fixture-hive-02,fixture-hive-03	2	0	0	2	0	5	0	0	0	1	0
graph-id-in-literal-wrapped-contains-k02-group-17-dense	graph-id-set	graph-id-in-literal-wrapped-contains	dense	graph-id-in-literal-and-wrapped-contains	graph-routing-set	properties	200	fixture-hive-02	fixture-hive-02,fixture-hive-03	2	186cc0634154d673c1ee10ca7ac2ad0225d4c836a71b3b566f2c4bdfd0423900	success	200	94183	b06f89a813919b2f4278637c18773fe7508c48351caa08a76cefe1f54c9b7715	216465		fixture-hive-02	cypher-graph-id-predicate	64	1	fixture-hive-02	1	0	0	1	0	200	1	1	62	1	0
graph-id-in-parameter-wrapped-contains-k02-group-17-dense	graph-id-set	graph-id-in-parameter-wrapped-contains	dense	graph-id-in-parameter-and-wrapped-contains	parameters	properties	200	fixture-hive-02	fixture-hive-02,fixture-hive-03	2	186cc0634154d673c1ee10ca7ac2ad0225d4c836a71b3b566f2c4bdfd0423900	success	200	94183	b06f89a813919b2f4278637c18773fe7508c48351caa08a76cefe1f54c9b7715	122238		fixture-hive-02	cypher-graph-id-predicate	64	1	fixture-hive-02	1	0	0	1	0	200	1	1	62	1	0
request-selected-set-wrapped-contains-k02-group-17-dense	graph-set-reference	request-selected-set-wrapped-contains	dense	request-graph-set-selection-and-wrapped-contains	request-selected-source	properties	200	fixture-hive-02	fixture-hive-02,fixture-hive-03	2	186cc0634154d673c1ee10ca7ac2ad0225d4c836a71b3b566f2c4bdfd0423900	success	200	94183	b06f89a813919b2f4278637c18773fe7508c48351caa08a76cefe1f54c9b7715	108152		fixture-hive-02	request-selected-source	2	1	fixture-hive-02	1	0	0	1	0	200	0	0	0	1	0
graph-id-in-literal-wrapped-contains-k02-group-18-zero	graph-id-set	graph-id-in-literal-wrapped-contains	zero	graph-id-in-literal-and-wrapped-contains	graph-routing-set	properties	200	fixture-hive-04	fixture-hive-04,fixture-hive-05	2	f41121acbf1fbaf3038c33bd3e9d0c46d75f4fff7791b6123e418412592ec20e	success	0	147	805c8c7334c868e18e2be84be95b83cc60895722d739c2b164a68be4cd410c49	114715			cypher-graph-id-predicate	64	2	fixture-hive-04,fixture-hive-05	2	0	0	2	0	2	1	1	62	1	0
graph-id-in-parameter-wrapped-contains-k02-group-18-zero	graph-id-set	graph-id-in-parameter-wrapped-contains	zero	graph-id-in-parameter-and-wrapped-contains	parameters	properties	200	fixture-hive-04	fixture-hive-04,fixture-hive-05	2	f41121acbf1fbaf3038c33bd3e9d0c46d75f4fff7791b6123e418412592ec20e	success	0	147	805c8c7334c868e18e2be84be95b83cc60895722d739c2b164a68be4cd410c49	100137			cypher-graph-id-predicate	64	2	fixture-hive-04,fixture-hive-05	2	0	0	2	0	2	1	1	62	1	0
request-selected-set-wrapped-contains-k02-group-18-zero	graph-set-reference	request-selected-set-wrapped-contains	zero	request-graph-set-selection-and-wrapped-contains	request-selected-source	properties	200	fixture-hive-04	fixture-hive-04,fixture-hive-05	2	f41121acbf1fbaf3038c33bd3e9d0c46d75f4fff7791b6123e418412592ec20e	success	0	147	805c8c7334c868e18e2be84be95b83cc60895722d739c2b164a68be4cd410c49	106620			request-selected-source	2	2	fixture-hive-04,fixture-hive-05	2	0	0	2	0	2	0	0	0	1	0
graph-id-in-literal-wrapped-contains-k02-group-18-targeted	graph-id-set	graph-id-in-literal-wrapped-contains	targeted	graph-id-in-literal-and-wrapped-contains	graph-routing-set	properties	200	fixture-hive-04	fixture-hive-04,fixture-hive-05	2	f41121acbf1fbaf3038c33bd3e9d0c46d75f4fff7791b6123e418412592ec20e	success	1	795	6f5022183da52ea8cb963f17c4b86a6270dc9bfe0ca358e5ec7d6bdf4c95879f	131145		fixture-hive-04	cypher-graph-id-predicate	64	2	fixture-hive-04,fixture-hive-05	2	0	0	2	0	2	1	1	62	1	0
graph-id-in-parameter-wrapped-contains-k02-group-18-targeted	graph-id-set	graph-id-in-parameter-wrapped-contains	targeted	graph-id-in-parameter-and-wrapped-contains	parameters	properties	200	fixture-hive-04	fixture-hive-04,fixture-hive-05	2	f41121acbf1fbaf3038c33bd3e9d0c46d75f4fff7791b6123e418412592ec20e	success	1	795	6f5022183da52ea8cb963f17c4b86a6270dc9bfe0ca358e5ec7d6bdf4c95879f	94898		fixture-hive-04	cypher-graph-id-predicate	64	2	fixture-hive-04,fixture-hive-05	2	0	0	2	0	2	1	1	62	1	0
request-selected-set-wrapped-contains-k02-group-18-targeted	graph-set-reference	request-selected-set-wrapped-contains	targeted	request-graph-set-selection-and-wrapped-contains	request-selected-source	properties	200	fixture-hive-04	fixture-hive-04,fixture-hive-05	2	f41121acbf1fbaf3038c33bd3e9d0c46d75f4fff7791b6123e418412592ec20e	success	1	795	6f5022183da52ea8cb963f17c4b86a6270dc9bfe0ca358e5ec7d6bdf4c95879f	99447		fixture-hive-04	request-selected-source	2	2	fixture-hive-04,fixture-hive-05	2	0	0	2	0	2	0	0	0	1	0
graph-id-in-literal-wrapped-contains-k02-group-18-dense	graph-id-set	graph-id-in-literal-wrapped-contains	dense	graph-id-in-literal-and-wrapped-contains	graph-routing-set	properties	200	fixture-hive-04	fixture-hive-04,fixture-hive-05	2	f41121acbf1fbaf3038c33bd3e9d0c46d75f4fff7791b6123e418412592ec20e	success	200	91716	5d2df55fe9df550bd17a462dbec1bd958f7c0d5940c160537976ecc80d5cb22f	233086		fixture-hive-04	cypher-graph-id-predicate	64	1	fixture-hive-04	1	0	0	1	0	200	1	1	62	1	0
graph-id-in-parameter-wrapped-contains-k02-group-18-dense	graph-id-set	graph-id-in-parameter-wrapped-contains	dense	graph-id-in-parameter-and-wrapped-contains	parameters	properties	200	fixture-hive-04	fixture-hive-04,fixture-hive-05	2	f41121acbf1fbaf3038c33bd3e9d0c46d75f4fff7791b6123e418412592ec20e	success	200	91716	5d2df55fe9df550bd17a462dbec1bd958f7c0d5940c160537976ecc80d5cb22f	118962		fixture-hive-04	cypher-graph-id-predicate	64	1	fixture-hive-04	1	0	0	1	0	200	1	1	62	1	0
request-selected-set-wrapped-contains-k02-group-18-dense	graph-set-reference	request-selected-set-wrapped-contains	dense	request-graph-set-selection-and-wrapped-contains	request-selected-source	properties	200	fixture-hive-04	fixture-hive-04,fixture-hive-05	2	f41121acbf1fbaf3038c33bd3e9d0c46d75f4fff7791b6123e418412592ec20e	success	200	91716	5d2df55fe9df550bd17a462dbec1bd958f7c0d5940c160537976ecc80d5cb22f	105908		fixture-hive-04	request-selected-source	2	1	fixture-hive-04	1	0	0	1	0	200	0	0	0	1	0
graph-id-in-literal-wrapped-contains-k02-group-19-zero	graph-id-set	graph-id-in-literal-wrapped-contains	zero	graph-id-in-literal-and-wrapped-contains	graph-routing-set	properties	200	fixture-hive-06	fixture-hive-06,fixture-hive-07	2	0e195fcce31a7a5d9a769104e3dfcae5e0ad6d412a7d0ec410082e682a53bc92	success	0	147	805c8c7334c868e18e2be84be95b83cc60895722d739c2b164a68be4cd410c49	127909			cypher-graph-id-predicate	64	2	fixture-hive-06,fixture-hive-07	2	0	0	2	0	2	1	1	62	1	0
graph-id-in-parameter-wrapped-contains-k02-group-19-zero	graph-id-set	graph-id-in-parameter-wrapped-contains	zero	graph-id-in-parameter-and-wrapped-contains	parameters	properties	200	fixture-hive-06	fixture-hive-06,fixture-hive-07	2	0e195fcce31a7a5d9a769104e3dfcae5e0ad6d412a7d0ec410082e682a53bc92	success	0	147	805c8c7334c868e18e2be84be95b83cc60895722d739c2b164a68be4cd410c49	101369			cypher-graph-id-predicate	64	2	fixture-hive-06,fixture-hive-07	2	0	0	2	0	2	1	1	62	1	0
request-selected-set-wrapped-contains-k02-group-19-zero	graph-set-reference	request-selected-set-wrapped-contains	zero	request-graph-set-selection-and-wrapped-contains	request-selected-source	properties	200	fixture-hive-06	fixture-hive-06,fixture-hive-07	2	0e195fcce31a7a5d9a769104e3dfcae5e0ad6d412a7d0ec410082e682a53bc92	success	0	147	805c8c7334c868e18e2be84be95b83cc60895722d739c2b164a68be4cd410c49	105637			request-selected-source	2	2	fixture-hive-06,fixture-hive-07	2	0	0	2	0	2	0	0	0	1	0
graph-id-in-literal-wrapped-contains-k02-group-19-targeted	graph-id-set	graph-id-in-literal-wrapped-contains	targeted	graph-id-in-literal-and-wrapped-contains	graph-routing-set	properties	200	fixture-hive-06	fixture-hive-06,fixture-hive-07	2	0e195fcce31a7a5d9a769104e3dfcae5e0ad6d412a7d0ec410082e682a53bc92	success	1	801	6e224732564976ab3ad1b488a2dcb0c2a2f84050ab25d529f41b87f4de3c406c	114214		fixture-hive-06	cypher-graph-id-predicate	64	2	fixture-hive-06,fixture-hive-07	2	0	0	2	0	2	1	1	62	1	0
graph-id-in-parameter-wrapped-contains-k02-group-19-targeted	graph-id-set	graph-id-in-parameter-wrapped-contains	targeted	graph-id-in-parameter-and-wrapped-contains	parameters	properties	200	fixture-hive-06	fixture-hive-06,fixture-hive-07	2	0e195fcce31a7a5d9a769104e3dfcae5e0ad6d412a7d0ec410082e682a53bc92	success	1	801	6e224732564976ab3ad1b488a2dcb0c2a2f84050ab25d529f41b87f4de3c406c	100087		fixture-hive-06	cypher-graph-id-predicate	64	2	fixture-hive-06,fixture-hive-07	2	0	0	2	0	2	1	1	62	1	0
request-selected-set-wrapped-contains-k02-group-19-targeted	graph-set-reference	request-selected-set-wrapped-contains	targeted	request-graph-set-selection-and-wrapped-contains	request-selected-source	properties	200	fixture-hive-06	fixture-hive-06,fixture-hive-07	2	0e195fcce31a7a5d9a769104e3dfcae5e0ad6d412a7d0ec410082e682a53bc92	success	1	801	6e224732564976ab3ad1b488a2dcb0c2a2f84050ab25d529f41b87f4de3c406c	100609		fixture-hive-06	request-selected-source	2	2	fixture-hive-06,fixture-hive-07	2	0	0	2	0	2	0	0	0	1	0
graph-id-in-literal-wrapped-contains-k02-group-19-dense	graph-id-set	graph-id-in-literal-wrapped-contains	dense	graph-id-in-literal-and-wrapped-contains	graph-routing-set	properties	200	fixture-hive-06	fixture-hive-06,fixture-hive-07	2	0e195fcce31a7a5d9a769104e3dfcae5e0ad6d412a7d0ec410082e682a53bc92	success	200	92968	77adda61bf8a66745500e9e1b739302ae425b75af5d5199095bd9c0f56151e04	172964		fixture-hive-06	cypher-graph-id-predicate	64	1	fixture-hive-06	1	0	0	1	0	200	1	1	62	1	0
graph-id-in-parameter-wrapped-contains-k02-group-19-dense	graph-id-set	graph-id-in-parameter-wrapped-contains	dense	graph-id-in-parameter-and-wrapped-contains	parameters	properties	200	fixture-hive-06	fixture-hive-06,fixture-hive-07	2	0e195fcce31a7a5d9a769104e3dfcae5e0ad6d412a7d0ec410082e682a53bc92	success	200	92968	77adda61bf8a66745500e9e1b739302ae425b75af5d5199095bd9c0f56151e04	130925		fixture-hive-06	cypher-graph-id-predicate	64	1	fixture-hive-06	1	0	0	1	0	200	1	1	62	1	0
request-selected-set-wrapped-contains-k02-group-19-dense	graph-set-reference	request-selected-set-wrapped-contains	dense	request-graph-set-selection-and-wrapped-contains	request-selected-source	properties	200	fixture-hive-06	fixture-hive-06,fixture-hive-07	2	0e195fcce31a7a5d9a769104e3dfcae5e0ad6d412a7d0ec410082e682a53bc92	success	200	92968	77adda61bf8a66745500e9e1b739302ae425b75af5d5199095bd9c0f56151e04	107261		fixture-hive-06	request-selected-source	2	1	fixture-hive-06	1	0	0	1	0	200	0	0	0	1	0
graph-id-in-literal-wrapped-contains-k02-group-20-zero	graph-id-set	graph-id-in-literal-wrapped-contains	zero	graph-id-in-literal-and-wrapped-contains	graph-routing-set	properties	200	fixture-hive-08	fixture-hive-08,fixture-hive-09	2	14fa8c483af9a14e524a47ac5609a1da648fc7c17053e8b2cd7462c591d4c7cf	success	0	147	805c8c7334c868e18e2be84be95b83cc60895722d739c2b164a68be4cd410c49	125585			cypher-graph-id-predicate	64	2	fixture-hive-08,fixture-hive-09	2	0	0	2	0	2	1	1	62	1	0
graph-id-in-parameter-wrapped-contains-k02-group-20-zero	graph-id-set	graph-id-in-parameter-wrapped-contains	zero	graph-id-in-parameter-and-wrapped-contains	parameters	properties	200	fixture-hive-08	fixture-hive-08,fixture-hive-09	2	14fa8c483af9a14e524a47ac5609a1da648fc7c17053e8b2cd7462c591d4c7cf	success	0	147	805c8c7334c868e18e2be84be95b83cc60895722d739c2b164a68be4cd410c49	100588			cypher-graph-id-predicate	64	2	fixture-hive-08,fixture-hive-09	2	0	0	2	0	2	1	1	62	1	0
request-selected-set-wrapped-contains-k02-group-20-zero	graph-set-reference	request-selected-set-wrapped-contains	zero	request-graph-set-selection-and-wrapped-contains	request-selected-source	properties	200	fixture-hive-08	fixture-hive-08,fixture-hive-09	2	14fa8c483af9a14e524a47ac5609a1da648fc7c17053e8b2cd7462c591d4c7cf	success	0	147	805c8c7334c868e18e2be84be95b83cc60895722d739c2b164a68be4cd410c49	93155			request-selected-source	2	2	fixture-hive-08,fixture-hive-09	2	0	0	2	0	2	0	0	0	1	0
graph-id-in-literal-wrapped-contains-k02-group-20-targeted	graph-id-set	graph-id-in-literal-wrapped-contains	targeted	graph-id-in-literal-and-wrapped-contains	graph-routing-set	properties	200	fixture-hive-08	fixture-hive-08,fixture-hive-09	2	14fa8c483af9a14e524a47ac5609a1da648fc7c17053e8b2cd7462c591d4c7cf	success	4	2911	6520445594f6fc1d080f2e441beea159540f21b52c555b515dbd7ba1fee2a37f	110276		fixture-hive-08	cypher-graph-id-predicate	64	2	fixture-hive-08,fixture-hive-09	2	0	0	2	0	5	1	1	62	1	0
graph-id-in-parameter-wrapped-contains-k02-group-20-targeted	graph-id-set	graph-id-in-parameter-wrapped-contains	targeted	graph-id-in-parameter-and-wrapped-contains	parameters	properties	200	fixture-hive-08	fixture-hive-08,fixture-hive-09	2	14fa8c483af9a14e524a47ac5609a1da648fc7c17053e8b2cd7462c591d4c7cf	success	4	2911	6520445594f6fc1d080f2e441beea159540f21b52c555b515dbd7ba1fee2a37f	97903		fixture-hive-08	cypher-graph-id-predicate	64	2	fixture-hive-08,fixture-hive-09	2	0	0	2	0	5	1	1	62	1	0
request-selected-set-wrapped-contains-k02-group-20-targeted	graph-set-reference	request-selected-set-wrapped-contains	targeted	request-graph-set-selection-and-wrapped-contains	request-selected-source	properties	200	fixture-hive-08	fixture-hive-08,fixture-hive-09	2	14fa8c483af9a14e524a47ac5609a1da648fc7c17053e8b2cd7462c591d4c7cf	success	4	2911	6520445594f6fc1d080f2e441beea159540f21b52c555b515dbd7ba1fee2a37f	95028		fixture-hive-08	request-selected-source	2	2	fixture-hive-08,fixture-hive-09	2	0	0	2	0	5	0	0	0	1	0
graph-id-in-literal-wrapped-contains-k02-group-20-dense	graph-id-set	graph-id-in-literal-wrapped-contains	dense	graph-id-in-literal-and-wrapped-contains	graph-routing-set	properties	200	fixture-hive-08	fixture-hive-08,fixture-hive-09	2	14fa8c483af9a14e524a47ac5609a1da648fc7c17053e8b2cd7462c591d4c7cf	success	200	95189	6547ed796970ad3186785ae6dc7d6b1328d226d1878e5144fdb98c21fcba06f9	200585		fixture-hive-08	cypher-graph-id-predicate	64	1	fixture-hive-08	1	0	0	1	0	200	1	1	62	1	0
graph-id-in-parameter-wrapped-contains-k02-group-20-dense	graph-id-set	graph-id-in-parameter-wrapped-contains	dense	graph-id-in-parameter-and-wrapped-contains	parameters	properties	200	fixture-hive-08	fixture-hive-08,fixture-hive-09	2	14fa8c483af9a14e524a47ac5609a1da648fc7c17053e8b2cd7462c591d4c7cf	success	200	95189	6547ed796970ad3186785ae6dc7d6b1328d226d1878e5144fdb98c21fcba06f9	155331		fixture-hive-08	cypher-graph-id-predicate	64	1	fixture-hive-08	1	0	0	1	0	200	1	1	62	1	0
request-selected-set-wrapped-contains-k02-group-20-dense	graph-set-reference	request-selected-set-wrapped-contains	dense	request-graph-set-selection-and-wrapped-contains	request-selected-source	properties	200	fixture-hive-08	fixture-hive-08,fixture-hive-09	2	14fa8c483af9a14e524a47ac5609a1da648fc7c17053e8b2cd7462c591d4c7cf	success	200	95189	6547ed796970ad3186785ae6dc7d6b1328d226d1878e5144fdb98c21fcba06f9	121437		fixture-hive-08	request-selected-source	2	1	fixture-hive-08	1	0	0	1	0	200	0	0	0	1	0
graph-id-in-literal-wrapped-contains-k02-group-21-zero	graph-id-set	graph-id-in-literal-wrapped-contains	zero	graph-id-in-literal-and-wrapped-contains	graph-routing-set	properties	200	fixture-hive-10	fixture-hive-10,fixture-hive-11	2	ee5df13e4758327832f92663d242553d12beefe11136b61c03c5ba789d0d0644	success	0	147	805c8c7334c868e18e2be84be95b83cc60895722d739c2b164a68be4cd410c49	101159			cypher-graph-id-predicate	64	2	fixture-hive-10,fixture-hive-11	2	0	0	2	0	2	1	1	62	1	0
graph-id-in-parameter-wrapped-contains-k02-group-21-zero	graph-id-set	graph-id-in-parameter-wrapped-contains	zero	graph-id-in-parameter-and-wrapped-contains	parameters	properties	200	fixture-hive-10	fixture-hive-10,fixture-hive-11	2	ee5df13e4758327832f92663d242553d12beefe11136b61c03c5ba789d0d0644	success	0	147	805c8c7334c868e18e2be84be95b83cc60895722d739c2b164a68be4cd410c49	76594			cypher-graph-id-predicate	64	2	fixture-hive-10,fixture-hive-11	2	0	0	2	0	2	1	1	62	1	0
request-selected-set-wrapped-contains-k02-group-21-zero	graph-set-reference	request-selected-set-wrapped-contains	zero	request-graph-set-selection-and-wrapped-contains	request-selected-source	properties	200	fixture-hive-10	fixture-hive-10,fixture-hive-11	2	ee5df13e4758327832f92663d242553d12beefe11136b61c03c5ba789d0d0644	success	0	147	805c8c7334c868e18e2be84be95b83cc60895722d739c2b164a68be4cd410c49	76764			request-selected-source	2	2	fixture-hive-10,fixture-hive-11	2	0	0	2	0	2	0	0	0	1	0
graph-id-in-literal-wrapped-contains-k02-group-21-targeted	graph-id-set	graph-id-in-literal-wrapped-contains	targeted	graph-id-in-literal-and-wrapped-contains	graph-routing-set	properties	200	fixture-hive-10	fixture-hive-10,fixture-hive-11	2	ee5df13e4758327832f92663d242553d12beefe11136b61c03c5ba789d0d0644	success	63	39077	2d20a012ee335ff72d99f67135e1ac36defbca676c07a298d3df15c7c1e33f7d	117680		fixture-hive-10	cypher-graph-id-predicate	64	2	fixture-hive-10,fixture-hive-11	2	0	0	2	0	64	1	1	62	1	0
graph-id-in-parameter-wrapped-contains-k02-group-21-targeted	graph-id-set	graph-id-in-parameter-wrapped-contains	targeted	graph-id-in-parameter-and-wrapped-contains	parameters	properties	200	fixture-hive-10	fixture-hive-10,fixture-hive-11	2	ee5df13e4758327832f92663d242553d12beefe11136b61c03c5ba789d0d0644	success	63	39077	2d20a012ee335ff72d99f67135e1ac36defbca676c07a298d3df15c7c1e33f7d	91982		fixture-hive-10	cypher-graph-id-predicate	64	2	fixture-hive-10,fixture-hive-11	2	0	0	2	0	64	1	1	62	1	0
request-selected-set-wrapped-contains-k02-group-21-targeted	graph-set-reference	request-selected-set-wrapped-contains	targeted	request-graph-set-selection-and-wrapped-contains	request-selected-source	properties	200	fixture-hive-10	fixture-hive-10,fixture-hive-11	2	ee5df13e4758327832f92663d242553d12beefe11136b61c03c5ba789d0d0644	success	63	39077	2d20a012ee335ff72d99f67135e1ac36defbca676c07a298d3df15c7c1e33f7d	75011		fixture-hive-10	request-selected-source	2	2	fixture-hive-10,fixture-hive-11	2	0	0	2	0	64	0	0	0	1	0
graph-id-in-literal-wrapped-contains-k02-group-21-dense	graph-id-set	graph-id-in-literal-wrapped-contains	dense	graph-id-in-literal-and-wrapped-contains	graph-routing-set	properties	200	fixture-hive-10	fixture-hive-10,fixture-hive-11	2	ee5df13e4758327832f92663d242553d12beefe11136b61c03c5ba789d0d0644	success	200	93248	bd7a2cfc84011237aca413f8fd4b6ee9130043dc1530bc214cc965d935dc3d88	170780		fixture-hive-10	cypher-graph-id-predicate	64	1	fixture-hive-10	1	0	0	1	0	200	1	1	62	1	0
graph-id-in-parameter-wrapped-contains-k02-group-21-dense	graph-id-set	graph-id-in-parameter-wrapped-contains	dense	graph-id-in-parameter-and-wrapped-contains	parameters	properties	200	fixture-hive-10	fixture-hive-10,fixture-hive-11	2	ee5df13e4758327832f92663d242553d12beefe11136b61c03c5ba789d0d0644	success	200	93248	bd7a2cfc84011237aca413f8fd4b6ee9130043dc1530bc214cc965d935dc3d88	92313		fixture-hive-10	cypher-graph-id-predicate	64	1	fixture-hive-10	1	0	0	1	0	200	1	1	62	1	0
request-selected-set-wrapped-contains-k02-group-21-dense	graph-set-reference	request-selected-set-wrapped-contains	dense	request-graph-set-selection-and-wrapped-contains	request-selected-source	properties	200	fixture-hive-10	fixture-hive-10,fixture-hive-11	2	ee5df13e4758327832f92663d242553d12beefe11136b61c03c5ba789d0d0644	success	200	93248	bd7a2cfc84011237aca413f8fd4b6ee9130043dc1530bc214cc965d935dc3d88	95288		fixture-hive-10	request-selected-source	2	1	fixture-hive-10	1	0	0	1	0	200	0	0	0	1	0
graph-id-in-literal-wrapped-contains-k02-group-22-zero	graph-id-set	graph-id-in-literal-wrapped-contains	zero	graph-id-in-literal-and-wrapped-contains	graph-routing-set	properties	200	fixture-hive-12	fixture-hive-12,fixture-hive-13	2	428722215ca496d4e4f9c9d5a05310cce042e146f4e82a55e5db3c76468c51e0	success	0	147	805c8c7334c868e18e2be84be95b83cc60895722d739c2b164a68be4cd410c49	144701			cypher-graph-id-predicate	64	2	fixture-hive-12,fixture-hive-13	2	0	0	2	0	2	1	1	62	1	0
graph-id-in-parameter-wrapped-contains-k02-group-22-zero	graph-id-set	graph-id-in-parameter-wrapped-contains	zero	graph-id-in-parameter-and-wrapped-contains	parameters	properties	200	fixture-hive-12	fixture-hive-12,fixture-hive-13	2	428722215ca496d4e4f9c9d5a05310cce042e146f4e82a55e5db3c76468c51e0	success	0	147	805c8c7334c868e18e2be84be95b83cc60895722d739c2b164a68be4cd410c49	133690			cypher-graph-id-predicate	64	2	fixture-hive-12,fixture-hive-13	2	0	0	2	0	2	1	1	62	1	0
request-selected-set-wrapped-contains-k02-group-22-zero	graph-set-reference	request-selected-set-wrapped-contains	zero	request-graph-set-selection-and-wrapped-contains	request-selected-source	properties	200	fixture-hive-12	fixture-hive-12,fixture-hive-13	2	428722215ca496d4e4f9c9d5a05310cce042e146f4e82a55e5db3c76468c51e0	success	0	147	805c8c7334c868e18e2be84be95b83cc60895722d739c2b164a68be4cd410c49	107061			request-selected-source	2	2	fixture-hive-12,fixture-hive-13	2	0	0	2	0	2	0	0	0	1	0
graph-id-in-literal-wrapped-contains-k02-group-22-targeted	graph-id-set	graph-id-in-literal-wrapped-contains	targeted	graph-id-in-literal-and-wrapped-contains	graph-routing-set	properties	200	fixture-hive-12	fixture-hive-12,fixture-hive-13	2	428722215ca496d4e4f9c9d5a05310cce042e146f4e82a55e5db3c76468c51e0	success	5	3545	4491fecdbf798782a80b3c646f871b5d7a5bb168536f84f8e4718b2551f81515	115516		fixture-hive-12,fixture-hive-13	cypher-graph-id-predicate	64	2	fixture-hive-12,fixture-hive-13	2	0	0	2	0	5	1	1	62	1	0
graph-id-in-parameter-wrapped-contains-k02-group-22-targeted	graph-id-set	graph-id-in-parameter-wrapped-contains	targeted	graph-id-in-parameter-and-wrapped-contains	parameters	properties	200	fixture-hive-12	fixture-hive-12,fixture-hive-13	2	428722215ca496d4e4f9c9d5a05310cce042e146f4e82a55e5db3c76468c51e0	success	5	3545	4491fecdbf798782a80b3c646f871b5d7a5bb168536f84f8e4718b2551f81515	104316		fixture-hive-12,fixture-hive-13	cypher-graph-id-predicate	64	2	fixture-hive-12,fixture-hive-13	2	0	0	2	0	5	1	1	62	1	0
request-selected-set-wrapped-contains-k02-group-22-targeted	graph-set-reference	request-selected-set-wrapped-contains	targeted	request-graph-set-selection-and-wrapped-contains	request-selected-source	properties	200	fixture-hive-12	fixture-hive-12,fixture-hive-13	2	428722215ca496d4e4f9c9d5a05310cce042e146f4e82a55e5db3c76468c51e0	success	5	3545	4491fecdbf798782a80b3c646f871b5d7a5bb168536f84f8e4718b2551f81515	93906		fixture-hive-12,fixture-hive-13	request-selected-source	2	2	fixture-hive-12,fixture-hive-13	2	0	0	2	0	5	0	0	0	1	0
graph-id-in-literal-wrapped-contains-k02-group-22-dense	graph-id-set	graph-id-in-literal-wrapped-contains	dense	graph-id-in-literal-and-wrapped-contains	graph-routing-set	properties	200	fixture-hive-12	fixture-hive-12,fixture-hive-13	2	428722215ca496d4e4f9c9d5a05310cce042e146f4e82a55e5db3c76468c51e0	success	200	90517	901cb7ad5a7cef604f7264d87d81f85a7b3e521b0175839dd61f15fa140b58cf	208771		fixture-hive-12	cypher-graph-id-predicate	64	1	fixture-hive-12	1	0	0	1	0	200	1	1	62	1	0
graph-id-in-parameter-wrapped-contains-k02-group-22-dense	graph-id-set	graph-id-in-parameter-wrapped-contains	dense	graph-id-in-parameter-and-wrapped-contains	parameters	properties	200	fixture-hive-12	fixture-hive-12,fixture-hive-13	2	428722215ca496d4e4f9c9d5a05310cce042e146f4e82a55e5db3c76468c51e0	success	200	90517	901cb7ad5a7cef604f7264d87d81f85a7b3e521b0175839dd61f15fa140b58cf	135273		fixture-hive-12	cypher-graph-id-predicate	64	1	fixture-hive-12	1	0	0	1	0	200	1	1	62	1	0
request-selected-set-wrapped-contains-k02-group-22-dense	graph-set-reference	request-selected-set-wrapped-contains	dense	request-graph-set-selection-and-wrapped-contains	request-selected-source	properties	200	fixture-hive-12	fixture-hive-12,fixture-hive-13	2	428722215ca496d4e4f9c9d5a05310cce042e146f4e82a55e5db3c76468c51e0	success	200	90517	901cb7ad5a7cef604f7264d87d81f85a7b3e521b0175839dd61f15fa140b58cf	118081		fixture-hive-12	request-selected-source	2	1	fixture-hive-12	1	0	0	1	0	200	0	0	0	1	0
graph-id-in-literal-wrapped-contains-k02-group-23-zero	graph-id-set	graph-id-in-literal-wrapped-contains	zero	graph-id-in-literal-and-wrapped-contains	graph-routing-set	properties	200	fixture-hive-14	fixture-hive-14,fixture-hive-15	2	bd3a86601d2d33fe9db8ca75e93e1f2fa47efb0ab641799ac8bb16d5574f73c4	success	0	147	805c8c7334c868e18e2be84be95b83cc60895722d739c2b164a68be4cd410c49	124784			cypher-graph-id-predicate	64	2	fixture-hive-14,fixture-hive-15	2	0	0	2	0	2	1	1	62	1	0
graph-id-in-parameter-wrapped-contains-k02-group-23-zero	graph-id-set	graph-id-in-parameter-wrapped-contains	zero	graph-id-in-parameter-and-wrapped-contains	parameters	properties	200	fixture-hive-14	fixture-hive-14,fixture-hive-15	2	bd3a86601d2d33fe9db8ca75e93e1f2fa47efb0ab641799ac8bb16d5574f73c4	success	0	147	805c8c7334c868e18e2be84be95b83cc60895722d739c2b164a68be4cd410c49	103724			cypher-graph-id-predicate	64	2	fixture-hive-14,fixture-hive-15	2	0	0	2	0	2	1	1	62	1	0
request-selected-set-wrapped-contains-k02-group-23-zero	graph-set-reference	request-selected-set-wrapped-contains	zero	request-graph-set-selection-and-wrapped-contains	request-selected-source	properties	200	fixture-hive-14	fixture-hive-14,fixture-hive-15	2	bd3a86601d2d33fe9db8ca75e93e1f2fa47efb0ab641799ac8bb16d5574f73c4	success	0	147	805c8c7334c868e18e2be84be95b83cc60895722d739c2b164a68be4cd410c49	99196			request-selected-source	2	2	fixture-hive-14,fixture-hive-15	2	0	0	2	0	2	0	0	0	1	0
graph-id-in-literal-wrapped-contains-k02-group-23-targeted	graph-id-set	graph-id-in-literal-wrapped-contains	targeted	graph-id-in-literal-and-wrapped-contains	graph-routing-set	properties	200	fixture-hive-14	fixture-hive-14,fixture-hive-15	2	bd3a86601d2d33fe9db8ca75e93e1f2fa47efb0ab641799ac8bb16d5574f73c4	success	45	27605	5de372ca8e19ec486456452fc7bd2d9f18c4d7b0beb5e238b24073911e1d2e3a	141736		fixture-hive-14	cypher-graph-id-predicate	64	2	fixture-hive-14,fixture-hive-15	2	0	0	2	0	46	1	1	62	1	0
graph-id-in-parameter-wrapped-contains-k02-group-23-targeted	graph-id-set	graph-id-in-parameter-wrapped-contains	targeted	graph-id-in-parameter-and-wrapped-contains	parameters	properties	200	fixture-hive-14	fixture-hive-14,fixture-hive-15	2	bd3a86601d2d33fe9db8ca75e93e1f2fa47efb0ab641799ac8bb16d5574f73c4	success	45	27605	5de372ca8e19ec486456452fc7bd2d9f18c4d7b0beb5e238b24073911e1d2e3a	115446		fixture-hive-14	cypher-graph-id-predicate	64	2	fixture-hive-14,fixture-hive-15	2	0	0	2	0	46	1	1	62	1	0
request-selected-set-wrapped-contains-k02-group-23-targeted	graph-set-reference	request-selected-set-wrapped-contains	targeted	request-graph-set-selection-and-wrapped-contains	request-selected-source	properties	200	fixture-hive-14	fixture-hive-14,fixture-hive-15	2	bd3a86601d2d33fe9db8ca75e93e1f2fa47efb0ab641799ac8bb16d5574f73c4	success	45	27605	5de372ca8e19ec486456452fc7bd2d9f18c4d7b0beb5e238b24073911e1d2e3a	95248		fixture-hive-14	request-selected-source	2	2	fixture-hive-14,fixture-hive-15	2	0	0	2	0	46	0	0	0	1	0
graph-id-in-literal-wrapped-contains-k02-group-23-dense	graph-id-set	graph-id-in-literal-wrapped-contains	dense	graph-id-in-literal-and-wrapped-contains	graph-routing-set	properties	200	fixture-hive-14	fixture-hive-14,fixture-hive-15	2	bd3a86601d2d33fe9db8ca75e93e1f2fa47efb0ab641799ac8bb16d5574f73c4	success	200	96641	3ad39c9167b00424c5957087068cab90d47268c9063b8d9e565113275edd98c8	167103		fixture-hive-14	cypher-graph-id-predicate	64	1	fixture-hive-14	1	0	0	1	0	200	1	1	62	1	0
graph-id-in-parameter-wrapped-contains-k02-group-23-dense	graph-id-set	graph-id-in-parameter-wrapped-contains	dense	graph-id-in-parameter-and-wrapped-contains	parameters	properties	200	fixture-hive-14	fixture-hive-14,fixture-hive-15	2	bd3a86601d2d33fe9db8ca75e93e1f2fa47efb0ab641799ac8bb16d5574f73c4	success	200	96641	3ad39c9167b00424c5957087068cab90d47268c9063b8d9e565113275edd98c8	106409		fixture-hive-14	cypher-graph-id-predicate	64	1	fixture-hive-14	1	0	0	1	0	200	1	1	62	1	0
request-selected-set-wrapped-contains-k02-group-23-dense	graph-set-reference	request-selected-set-wrapped-contains	dense	request-graph-set-selection-and-wrapped-contains	request-selected-source	properties	200	fixture-hive-14	fixture-hive-14,fixture-hive-15	2	bd3a86601d2d33fe9db8ca75e93e1f2fa47efb0ab641799ac8bb16d5574f73c4	success	200	96641	3ad39c9167b00424c5957087068cab90d47268c9063b8d9e565113275edd98c8	102161		fixture-hive-14	request-selected-source	2	1	fixture-hive-14	1	0	0	1	0	200	0	0	0	1	0
graph-id-in-literal-wrapped-contains-k02-group-24-zero	graph-id-set	graph-id-in-literal-wrapped-contains	zero	graph-id-in-literal-and-wrapped-contains	graph-routing-set	properties	200	fixture-kotlin-compiler-00	fixture-kotlin-compiler-00,fixture-kotlin-compiler-01	2	56868f1a9cf217da4efc67ad27fa437371abf57f3bb39fd488b176b7b556f456	success	0	147	805c8c7334c868e18e2be84be95b83cc60895722d739c2b164a68be4cd410c49	107391			cypher-graph-id-predicate	64	2	fixture-kotlin-compiler-00,fixture-kotlin-compiler-01	2	0	0	2	0	2	1	1	62	1	0
graph-id-in-parameter-wrapped-contains-k02-group-24-zero	graph-id-set	graph-id-in-parameter-wrapped-contains	zero	graph-id-in-parameter-and-wrapped-contains	parameters	properties	200	fixture-kotlin-compiler-00	fixture-kotlin-compiler-00,fixture-kotlin-compiler-01	2	56868f1a9cf217da4efc67ad27fa437371abf57f3bb39fd488b176b7b556f456	success	0	147	805c8c7334c868e18e2be84be95b83cc60895722d739c2b164a68be4cd410c49	112050			cypher-graph-id-predicate	64	2	fixture-kotlin-compiler-00,fixture-kotlin-compiler-01	2	0	0	2	0	2	1	1	62	1	0
request-selected-set-wrapped-contains-k02-group-24-zero	graph-set-reference	request-selected-set-wrapped-contains	zero	request-graph-set-selection-and-wrapped-contains	request-selected-source	properties	200	fixture-kotlin-compiler-00	fixture-kotlin-compiler-00,fixture-kotlin-compiler-01	2	56868f1a9cf217da4efc67ad27fa437371abf57f3bb39fd488b176b7b556f456	success	0	147	805c8c7334c868e18e2be84be95b83cc60895722d739c2b164a68be4cd410c49	89798			request-selected-source	2	2	fixture-kotlin-compiler-00,fixture-kotlin-compiler-01	2	0	0	2	0	2	0	0	0	1	0
graph-id-in-literal-wrapped-contains-k02-group-24-targeted	graph-id-set	graph-id-in-literal-wrapped-contains	targeted	graph-id-in-literal-and-wrapped-contains	graph-routing-set	properties	200	fixture-kotlin-compiler-00	fixture-kotlin-compiler-00,fixture-kotlin-compiler-01	2	56868f1a9cf217da4efc67ad27fa437371abf57f3bb39fd488b176b7b556f456	success	10	6351	274597a5e0e535d6581734920f9ffbc39062a84a13ad9d85823a8f12df219dfd	110988		fixture-kotlin-compiler-00	cypher-graph-id-predicate	64	2	fixture-kotlin-compiler-00,fixture-kotlin-compiler-01	2	0	0	2	0	11	1	1	62	1	0
graph-id-in-parameter-wrapped-contains-k02-group-24-targeted	graph-id-set	graph-id-in-parameter-wrapped-contains	targeted	graph-id-in-parameter-and-wrapped-contains	parameters	properties	200	fixture-kotlin-compiler-00	fixture-kotlin-compiler-00,fixture-kotlin-compiler-01	2	56868f1a9cf217da4efc67ad27fa437371abf57f3bb39fd488b176b7b556f456	success	10	6351	274597a5e0e535d6581734920f9ffbc39062a84a13ad9d85823a8f12df219dfd	96721		fixture-kotlin-compiler-00	cypher-graph-id-predicate	64	2	fixture-kotlin-compiler-00,fixture-kotlin-compiler-01	2	0	0	2	0	11	1	1	62	1	0
request-selected-set-wrapped-contains-k02-group-24-targeted	graph-set-reference	request-selected-set-wrapped-contains	targeted	request-graph-set-selection-and-wrapped-contains	request-selected-source	properties	200	fixture-kotlin-compiler-00	fixture-kotlin-compiler-00,fixture-kotlin-compiler-01	2	56868f1a9cf217da4efc67ad27fa437371abf57f3bb39fd488b176b7b556f456	success	10	6351	274597a5e0e535d6581734920f9ffbc39062a84a13ad9d85823a8f12df219dfd	96681		fixture-kotlin-compiler-00	request-selected-source	2	2	fixture-kotlin-compiler-00,fixture-kotlin-compiler-01	2	0	0	2	0	11	0	0	0	1	0
graph-id-in-literal-wrapped-contains-k02-group-24-dense	graph-id-set	graph-id-in-literal-wrapped-contains	dense	graph-id-in-literal-and-wrapped-contains	graph-routing-set	properties	200	fixture-kotlin-compiler-00	fixture-kotlin-compiler-00,fixture-kotlin-compiler-01	2	56868f1a9cf217da4efc67ad27fa437371abf57f3bb39fd488b176b7b556f456	success	200	97301	4abd067ea3c7496241f2623586a132809a81e33bd08c7645b717be3ee7ee2542	176330		fixture-kotlin-compiler-00	cypher-graph-id-predicate	64	1	fixture-kotlin-compiler-00	1	0	0	1	0	200	1	1	62	1	0
graph-id-in-parameter-wrapped-contains-k02-group-24-dense	graph-id-set	graph-id-in-parameter-wrapped-contains	dense	graph-id-in-parameter-and-wrapped-contains	parameters	properties	200	fixture-kotlin-compiler-00	fixture-kotlin-compiler-00,fixture-kotlin-compiler-01	2	56868f1a9cf217da4efc67ad27fa437371abf57f3bb39fd488b176b7b556f456	success	200	97301	4abd067ea3c7496241f2623586a132809a81e33bd08c7645b717be3ee7ee2542	106068		fixture-kotlin-compiler-00	cypher-graph-id-predicate	64	1	fixture-kotlin-compiler-00	1	0	0	1	0	200	1	1	62	1	0
request-selected-set-wrapped-contains-k02-group-24-dense	graph-set-reference	request-selected-set-wrapped-contains	dense	request-graph-set-selection-and-wrapped-contains	request-selected-source	properties	200	fixture-kotlin-compiler-00	fixture-kotlin-compiler-00,fixture-kotlin-compiler-01	2	56868f1a9cf217da4efc67ad27fa437371abf57f3bb39fd488b176b7b556f456	success	200	97301	4abd067ea3c7496241f2623586a132809a81e33bd08c7645b717be3ee7ee2542	109605		fixture-kotlin-compiler-00	request-selected-source	2	1	fixture-kotlin-compiler-00	1	0	0	1	0	200	0	0	0	1	0
graph-id-in-literal-wrapped-contains-k02-group-25-zero	graph-id-set	graph-id-in-literal-wrapped-contains	zero	graph-id-in-literal-and-wrapped-contains	graph-routing-set	properties	200	fixture-kotlin-compiler-02	fixture-kotlin-compiler-02,fixture-kotlin-compiler-03	2	f1fbbdfc216b798281dff3d7ec29043bf8683f075ffe543077be5a013bd32241	success	0	147	805c8c7334c868e18e2be84be95b83cc60895722d739c2b164a68be4cd410c49	100077			cypher-graph-id-predicate	64	2	fixture-kotlin-compiler-02,fixture-kotlin-compiler-03	2	0	0	2	0	2	1	1	62	1	0
graph-id-in-parameter-wrapped-contains-k02-group-25-zero	graph-id-set	graph-id-in-parameter-wrapped-contains	zero	graph-id-in-parameter-and-wrapped-contains	parameters	properties	200	fixture-kotlin-compiler-02	fixture-kotlin-compiler-02,fixture-kotlin-compiler-03	2	f1fbbdfc216b798281dff3d7ec29043bf8683f075ffe543077be5a013bd32241	success	0	147	805c8c7334c868e18e2be84be95b83cc60895722d739c2b164a68be4cd410c49	91531			cypher-graph-id-predicate	64	2	fixture-kotlin-compiler-02,fixture-kotlin-compiler-03	2	0	0	2	0	2	1	1	62	1	0
request-selected-set-wrapped-contains-k02-group-25-zero	graph-set-reference	request-selected-set-wrapped-contains	zero	request-graph-set-selection-and-wrapped-contains	request-selected-source	properties	200	fixture-kotlin-compiler-02	fixture-kotlin-compiler-02,fixture-kotlin-compiler-03	2	f1fbbdfc216b798281dff3d7ec29043bf8683f075ffe543077be5a013bd32241	success	0	147	805c8c7334c868e18e2be84be95b83cc60895722d739c2b164a68be4cd410c49	88446			request-selected-source	2	2	fixture-kotlin-compiler-02,fixture-kotlin-compiler-03	2	0	0	2	0	2	0	0	0	1	0
graph-id-in-literal-wrapped-contains-k02-group-25-targeted	graph-id-set	graph-id-in-literal-wrapped-contains	targeted	graph-id-in-literal-and-wrapped-contains	graph-routing-set	properties	200	fixture-kotlin-compiler-02	fixture-kotlin-compiler-02,fixture-kotlin-compiler-03	2	f1fbbdfc216b798281dff3d7ec29043bf8683f075ffe543077be5a013bd32241	success	11	6749	2381a85a5b438c2bf70fa3be382bc797869fcc97bf32160c293adfc9bc311b40	100127		fixture-kotlin-compiler-02,fixture-kotlin-compiler-03	cypher-graph-id-predicate	64	2	fixture-kotlin-compiler-02,fixture-kotlin-compiler-03	2	0	0	2	0	11	1	1	62	1	0
graph-id-in-parameter-wrapped-contains-k02-group-25-targeted	graph-id-set	graph-id-in-parameter-wrapped-contains	targeted	graph-id-in-parameter-and-wrapped-contains	parameters	properties	200	fixture-kotlin-compiler-02	fixture-kotlin-compiler-02,fixture-kotlin-compiler-03	2	f1fbbdfc216b798281dff3d7ec29043bf8683f075ffe543077be5a013bd32241	success	11	6749	2381a85a5b438c2bf70fa3be382bc797869fcc97bf32160c293adfc9bc311b40	96520		fixture-kotlin-compiler-02,fixture-kotlin-compiler-03	cypher-graph-id-predicate	64	2	fixture-kotlin-compiler-02,fixture-kotlin-compiler-03	2	0	0	2	0	11	1	1	62	1	0
request-selected-set-wrapped-contains-k02-group-25-targeted	graph-set-reference	request-selected-set-wrapped-contains	targeted	request-graph-set-selection-and-wrapped-contains	request-selected-source	properties	200	fixture-kotlin-compiler-02	fixture-kotlin-compiler-02,fixture-kotlin-compiler-03	2	f1fbbdfc216b798281dff3d7ec29043bf8683f075ffe543077be5a013bd32241	success	11	6749	2381a85a5b438c2bf70fa3be382bc797869fcc97bf32160c293adfc9bc311b40	87103		fixture-kotlin-compiler-02,fixture-kotlin-compiler-03	request-selected-source	2	2	fixture-kotlin-compiler-02,fixture-kotlin-compiler-03	2	0	0	2	0	11	0	0	0	1	0
graph-id-in-literal-wrapped-contains-k02-group-25-dense	graph-id-set	graph-id-in-literal-wrapped-contains	dense	graph-id-in-literal-and-wrapped-contains	graph-routing-set	properties	200	fixture-kotlin-compiler-02	fixture-kotlin-compiler-02,fixture-kotlin-compiler-03	2	f1fbbdfc216b798281dff3d7ec29043bf8683f075ffe543077be5a013bd32241	success	200	91564	fbf180fab82c32493738bb60bb29955d3f45810bb23806d614f71964200069bc	189145		fixture-kotlin-compiler-02	cypher-graph-id-predicate	64	1	fixture-kotlin-compiler-02	1	0	0	1	0	200	1	1	62	1	0
graph-id-in-parameter-wrapped-contains-k02-group-25-dense	graph-id-set	graph-id-in-parameter-wrapped-contains	dense	graph-id-in-parameter-and-wrapped-contains	parameters	properties	200	fixture-kotlin-compiler-02	fixture-kotlin-compiler-02,fixture-kotlin-compiler-03	2	f1fbbdfc216b798281dff3d7ec29043bf8683f075ffe543077be5a013bd32241	success	200	91564	fbf180fab82c32493738bb60bb29955d3f45810bb23806d614f71964200069bc	105818		fixture-kotlin-compiler-02	cypher-graph-id-predicate	64	1	fixture-kotlin-compiler-02	1	0	0	1	0	200	1	1	62	1	0
request-selected-set-wrapped-contains-k02-group-25-dense	graph-set-reference	request-selected-set-wrapped-contains	dense	request-graph-set-selection-and-wrapped-contains	request-selected-source	properties	200	fixture-kotlin-compiler-02	fixture-kotlin-compiler-02,fixture-kotlin-compiler-03	2	f1fbbdfc216b798281dff3d7ec29043bf8683f075ffe543077be5a013bd32241	success	200	91564	fbf180fab82c32493738bb60bb29955d3f45810bb23806d614f71964200069bc	99557		fixture-kotlin-compiler-02	request-selected-source	2	1	fixture-kotlin-compiler-02	1	0	0	1	0	200	0	0	0	1	0
graph-id-in-literal-wrapped-contains-k02-group-26-zero	graph-id-set	graph-id-in-literal-wrapped-contains	zero	graph-id-in-literal-and-wrapped-contains	graph-routing-set	properties	200	fixture-kotlin-compiler-04	fixture-kotlin-compiler-04,fixture-kotlin-compiler-05	2	6005c0bb3303f9c6835a728e243c23da436498b9fd73b3be82ee3853503dd674	success	0	147	805c8c7334c868e18e2be84be95b83cc60895722d739c2b164a68be4cd410c49	109235			cypher-graph-id-predicate	64	2	fixture-kotlin-compiler-04,fixture-kotlin-compiler-05	2	0	0	2	0	2	1	1	62	1	0
graph-id-in-parameter-wrapped-contains-k02-group-26-zero	graph-id-set	graph-id-in-parameter-wrapped-contains	zero	graph-id-in-parameter-and-wrapped-contains	parameters	properties	200	fixture-kotlin-compiler-04	fixture-kotlin-compiler-04,fixture-kotlin-compiler-05	2	6005c0bb3303f9c6835a728e243c23da436498b9fd73b3be82ee3853503dd674	success	0	147	805c8c7334c868e18e2be84be95b83cc60895722d739c2b164a68be4cd410c49	101029			cypher-graph-id-predicate	64	2	fixture-kotlin-compiler-04,fixture-kotlin-compiler-05	2	0	0	2	0	2	1	1	62	1	0
request-selected-set-wrapped-contains-k02-group-26-zero	graph-set-reference	request-selected-set-wrapped-contains	zero	request-graph-set-selection-and-wrapped-contains	request-selected-source	properties	200	fixture-kotlin-compiler-04	fixture-kotlin-compiler-04,fixture-kotlin-compiler-05	2	6005c0bb3303f9c6835a728e243c23da436498b9fd73b3be82ee3853503dd674	success	0	147	805c8c7334c868e18e2be84be95b83cc60895722d739c2b164a68be4cd410c49	90249			request-selected-source	2	2	fixture-kotlin-compiler-04,fixture-kotlin-compiler-05	2	0	0	2	0	2	0	0	0	1	0
graph-id-in-literal-wrapped-contains-k02-group-26-targeted	graph-id-set	graph-id-in-literal-wrapped-contains	targeted	graph-id-in-literal-and-wrapped-contains	graph-routing-set	properties	200	fixture-kotlin-compiler-04	fixture-kotlin-compiler-04,fixture-kotlin-compiler-05	2	6005c0bb3303f9c6835a728e243c23da436498b9fd73b3be82ee3853503dd674	success	1	792	6691abe0a1f608719107bf4ffc3fa52632123ab77cb7c2c3c6536cd32de533b1	101570		fixture-kotlin-compiler-04	cypher-graph-id-predicate	64	2	fixture-kotlin-compiler-04,fixture-kotlin-compiler-05	2	0	0	2	0	2	1	1	62	1	0
graph-id-in-parameter-wrapped-contains-k02-group-26-targeted	graph-id-set	graph-id-in-parameter-wrapped-contains	targeted	graph-id-in-parameter-and-wrapped-contains	parameters	properties	200	fixture-kotlin-compiler-04	fixture-kotlin-compiler-04,fixture-kotlin-compiler-05	2	6005c0bb3303f9c6835a728e243c23da436498b9fd73b3be82ee3853503dd674	success	1	792	6691abe0a1f608719107bf4ffc3fa52632123ab77cb7c2c3c6536cd32de533b1	96110		fixture-kotlin-compiler-04	cypher-graph-id-predicate	64	2	fixture-kotlin-compiler-04,fixture-kotlin-compiler-05	2	0	0	2	0	2	1	1	62	1	0
request-selected-set-wrapped-contains-k02-group-26-targeted	graph-set-reference	request-selected-set-wrapped-contains	targeted	request-graph-set-selection-and-wrapped-contains	request-selected-source	properties	200	fixture-kotlin-compiler-04	fixture-kotlin-compiler-04,fixture-kotlin-compiler-05	2	6005c0bb3303f9c6835a728e243c23da436498b9fd73b3be82ee3853503dd674	success	1	792	6691abe0a1f608719107bf4ffc3fa52632123ab77cb7c2c3c6536cd32de533b1	85781		fixture-kotlin-compiler-04	request-selected-source	2	2	fixture-kotlin-compiler-04,fixture-kotlin-compiler-05	2	0	0	2	0	2	0	0	0	1	0
graph-id-in-literal-wrapped-contains-k02-group-26-dense	graph-id-set	graph-id-in-literal-wrapped-contains	dense	graph-id-in-literal-and-wrapped-contains	graph-routing-set	properties	200	fixture-kotlin-compiler-04	fixture-kotlin-compiler-04,fixture-kotlin-compiler-05	2	6005c0bb3303f9c6835a728e243c23da436498b9fd73b3be82ee3853503dd674	success	200	96891	db4b9bfadbbb61a039e76484090eda57349ec9585a7c795f46793352fb739e7c	163686		fixture-kotlin-compiler-04	cypher-graph-id-predicate	64	1	fixture-kotlin-compiler-04	1	0	0	1	0	200	1	1	62	1	0
graph-id-in-parameter-wrapped-contains-k02-group-26-dense	graph-id-set	graph-id-in-parameter-wrapped-contains	dense	graph-id-in-parameter-and-wrapped-contains	parameters	properties	200	fixture-kotlin-compiler-04	fixture-kotlin-compiler-04,fixture-kotlin-compiler-05	2	6005c0bb3303f9c6835a728e243c23da436498b9fd73b3be82ee3853503dd674	success	200	96891	db4b9bfadbbb61a039e76484090eda57349ec9585a7c795f46793352fb739e7c	106980		fixture-kotlin-compiler-04	cypher-graph-id-predicate	64	1	fixture-kotlin-compiler-04	1	0	0	1	0	200	1	1	62	1	0
request-selected-set-wrapped-contains-k02-group-26-dense	graph-set-reference	request-selected-set-wrapped-contains	dense	request-graph-set-selection-and-wrapped-contains	request-selected-source	properties	200	fixture-kotlin-compiler-04	fixture-kotlin-compiler-04,fixture-kotlin-compiler-05	2	6005c0bb3303f9c6835a728e243c23da436498b9fd73b3be82ee3853503dd674	success	200	96891	db4b9bfadbbb61a039e76484090eda57349ec9585a7c795f46793352fb739e7c	113984		fixture-kotlin-compiler-04	request-selected-source	2	1	fixture-kotlin-compiler-04	1	0	0	1	0	200	0	0	0	1	0
graph-id-in-literal-wrapped-contains-k02-group-27-zero	graph-id-set	graph-id-in-literal-wrapped-contains	zero	graph-id-in-literal-and-wrapped-contains	graph-routing-set	properties	200	fixture-kotlin-compiler-06	fixture-kotlin-compiler-06,fixture-kotlin-compiler-07	2	2d145c224cad1d0a7643198ce0a477e3ade909c82d95bce66020ba683dccd83a	success	0	147	805c8c7334c868e18e2be84be95b83cc60895722d739c2b164a68be4cd410c49	104144			cypher-graph-id-predicate	64	2	fixture-kotlin-compiler-06,fixture-kotlin-compiler-07	2	0	0	2	0	2	1	1	62	1	0
graph-id-in-parameter-wrapped-contains-k02-group-27-zero	graph-id-set	graph-id-in-parameter-wrapped-contains	zero	graph-id-in-parameter-and-wrapped-contains	parameters	properties	200	fixture-kotlin-compiler-06	fixture-kotlin-compiler-06,fixture-kotlin-compiler-07	2	2d145c224cad1d0a7643198ce0a477e3ade909c82d95bce66020ba683dccd83a	success	0	147	805c8c7334c868e18e2be84be95b83cc60895722d739c2b164a68be4cd410c49	108332			cypher-graph-id-predicate	64	2	fixture-kotlin-compiler-06,fixture-kotlin-compiler-07	2	0	0	2	0	2	1	1	62	1	0
request-selected-set-wrapped-contains-k02-group-27-zero	graph-set-reference	request-selected-set-wrapped-contains	zero	request-graph-set-selection-and-wrapped-contains	request-selected-source	properties	200	fixture-kotlin-compiler-06	fixture-kotlin-compiler-06,fixture-kotlin-compiler-07	2	2d145c224cad1d0a7643198ce0a477e3ade909c82d95bce66020ba683dccd83a	success	0	147	805c8c7334c868e18e2be84be95b83cc60895722d739c2b164a68be4cd410c49	90229			request-selected-source	2	2	fixture-kotlin-compiler-06,fixture-kotlin-compiler-07	2	0	0	2	0	2	0	0	0	1	0
graph-id-in-literal-wrapped-contains-k02-group-27-targeted	graph-id-set	graph-id-in-literal-wrapped-contains	targeted	graph-id-in-literal-and-wrapped-contains	graph-routing-set	properties	200	fixture-kotlin-compiler-06	fixture-kotlin-compiler-06,fixture-kotlin-compiler-07	2	2d145c224cad1d0a7643198ce0a477e3ade909c82d95bce66020ba683dccd83a	success	3	1869	5157205e66d4cebff8b628175c555fdb333564013eabc5f496e37f9a4ad2b606	103805		fixture-kotlin-compiler-06	cypher-graph-id-predicate	64	2	fixture-kotlin-compiler-06,fixture-kotlin-compiler-07	2	0	0	2	0	4	1	1	62	1	0
graph-id-in-parameter-wrapped-contains-k02-group-27-targeted	graph-id-set	graph-id-in-parameter-wrapped-contains	targeted	graph-id-in-parameter-and-wrapped-contains	parameters	properties	200	fixture-kotlin-compiler-06	fixture-kotlin-compiler-06,fixture-kotlin-compiler-07	2	2d145c224cad1d0a7643198ce0a477e3ade909c82d95bce66020ba683dccd83a	success	3	1869	5157205e66d4cebff8b628175c555fdb333564013eabc5f496e37f9a4ad2b606	100849		fixture-kotlin-compiler-06	cypher-graph-id-predicate	64	2	fixture-kotlin-compiler-06,fixture-kotlin-compiler-07	2	0	0	2	0	4	1	1	62	1	0
request-selected-set-wrapped-contains-k02-group-27-targeted	graph-set-reference	request-selected-set-wrapped-contains	targeted	request-graph-set-selection-and-wrapped-contains	request-selected-source	properties	200	fixture-kotlin-compiler-06	fixture-kotlin-compiler-06,fixture-kotlin-compiler-07	2	2d145c224cad1d0a7643198ce0a477e3ade909c82d95bce66020ba683dccd83a	success	3	1869	5157205e66d4cebff8b628175c555fdb333564013eabc5f496e37f9a4ad2b606	92844		fixture-kotlin-compiler-06	request-selected-source	2	2	fixture-kotlin-compiler-06,fixture-kotlin-compiler-07	2	0	0	2	0	4	0	0	0	1	0
graph-id-in-literal-wrapped-contains-k02-group-27-dense	graph-id-set	graph-id-in-literal-wrapped-contains	dense	graph-id-in-literal-and-wrapped-contains	graph-routing-set	properties	200	fixture-kotlin-compiler-06	fixture-kotlin-compiler-06,fixture-kotlin-compiler-07	2	2d145c224cad1d0a7643198ce0a477e3ade909c82d95bce66020ba683dccd83a	success	200	92798	60b390f0b190e46f6fd1b4929641c7324c9142e0f18a85bc338e7b41ebe62db5	189806		fixture-kotlin-compiler-06	cypher-graph-id-predicate	64	1	fixture-kotlin-compiler-06	1	0	0	1	0	200	1	1	62	1	0
graph-id-in-parameter-wrapped-contains-k02-group-27-dense	graph-id-set	graph-id-in-parameter-wrapped-contains	dense	graph-id-in-parameter-and-wrapped-contains	parameters	properties	200	fixture-kotlin-compiler-06	fixture-kotlin-compiler-06,fixture-kotlin-compiler-07	2	2d145c224cad1d0a7643198ce0a477e3ade909c82d95bce66020ba683dccd83a	success	200	92798	60b390f0b190e46f6fd1b4929641c7324c9142e0f18a85bc338e7b41ebe62db5	120556		fixture-kotlin-compiler-06	cypher-graph-id-predicate	64	1	fixture-kotlin-compiler-06	1	0	0	1	0	200	1	1	62	1	0
request-selected-set-wrapped-contains-k02-group-27-dense	graph-set-reference	request-selected-set-wrapped-contains	dense	request-graph-set-selection-and-wrapped-contains	request-selected-source	properties	200	fixture-kotlin-compiler-06	fixture-kotlin-compiler-06,fixture-kotlin-compiler-07	2	2d145c224cad1d0a7643198ce0a477e3ade909c82d95bce66020ba683dccd83a	success	200	92798	60b390f0b190e46f6fd1b4929641c7324c9142e0f18a85bc338e7b41ebe62db5	124864		fixture-kotlin-compiler-06	request-selected-source	2	1	fixture-kotlin-compiler-06	1	0	0	1	0	200	0	0	0	1	0
graph-id-in-literal-wrapped-contains-k02-group-28-zero	graph-id-set	graph-id-in-literal-wrapped-contains	zero	graph-id-in-literal-and-wrapped-contains	graph-routing-set	properties	200	fixture-kotlin-compiler-08	fixture-kotlin-compiler-08,fixture-kotlin-compiler-09	2	bab3820ed800cc5e6b90eb1ad9b3a8d49e3293ed875112e3eea39aaed3805873	success	0	147	805c8c7334c868e18e2be84be95b83cc60895722d739c2b164a68be4cd410c49	124904			cypher-graph-id-predicate	64	2	fixture-kotlin-compiler-08,fixture-kotlin-compiler-09	2	0	0	2	0	2	1	1	62	1	0
graph-id-in-parameter-wrapped-contains-k02-group-28-zero	graph-id-set	graph-id-in-parameter-wrapped-contains	zero	graph-id-in-parameter-and-wrapped-contains	parameters	properties	200	fixture-kotlin-compiler-08	fixture-kotlin-compiler-08,fixture-kotlin-compiler-09	2	bab3820ed800cc5e6b90eb1ad9b3a8d49e3293ed875112e3eea39aaed3805873	success	0	147	805c8c7334c868e18e2be84be95b83cc60895722d739c2b164a68be4cd410c49	104686			cypher-graph-id-predicate	64	2	fixture-kotlin-compiler-08,fixture-kotlin-compiler-09	2	0	0	2	0	2	1	1	62	1	0
request-selected-set-wrapped-contains-k02-group-28-zero	graph-set-reference	request-selected-set-wrapped-contains	zero	request-graph-set-selection-and-wrapped-contains	request-selected-source	properties	200	fixture-kotlin-compiler-08	fixture-kotlin-compiler-08,fixture-kotlin-compiler-09	2	bab3820ed800cc5e6b90eb1ad9b3a8d49e3293ed875112e3eea39aaed3805873	success	0	147	805c8c7334c868e18e2be84be95b83cc60895722d739c2b164a68be4cd410c49	97082			request-selected-source	2	2	fixture-kotlin-compiler-08,fixture-kotlin-compiler-09	2	0	0	2	0	2	0	0	0	1	0
graph-id-in-literal-wrapped-contains-k02-group-28-targeted	graph-id-set	graph-id-in-literal-wrapped-contains	targeted	graph-id-in-literal-and-wrapped-contains	graph-routing-set	properties	200	fixture-kotlin-compiler-08	fixture-kotlin-compiler-08,fixture-kotlin-compiler-09	2	bab3820ed800cc5e6b90eb1ad9b3a8d49e3293ed875112e3eea39aaed3805873	success	1	802	7ebbe5301915ad5c39692b733c3f39851576d09270c89f830b9e80b342a866f6	100558		fixture-kotlin-compiler-08	cypher-graph-id-predicate	64	2	fixture-kotlin-compiler-08,fixture-kotlin-compiler-09	2	0	0	2	0	2	1	1	62	1	0
graph-id-in-parameter-wrapped-contains-k02-group-28-targeted	graph-id-set	graph-id-in-parameter-wrapped-contains	targeted	graph-id-in-parameter-and-wrapped-contains	parameters	properties	200	fixture-kotlin-compiler-08	fixture-kotlin-compiler-08,fixture-kotlin-compiler-09	2	bab3820ed800cc5e6b90eb1ad9b3a8d49e3293ed875112e3eea39aaed3805873	success	1	802	7ebbe5301915ad5c39692b733c3f39851576d09270c89f830b9e80b342a866f6	94587		fixture-kotlin-compiler-08	cypher-graph-id-predicate	64	2	fixture-kotlin-compiler-08,fixture-kotlin-compiler-09	2	0	0	2	0	2	1	1	62	1	0
request-selected-set-wrapped-contains-k02-group-28-targeted	graph-set-reference	request-selected-set-wrapped-contains	targeted	request-graph-set-selection-and-wrapped-contains	request-selected-source	properties	200	fixture-kotlin-compiler-08	fixture-kotlin-compiler-08,fixture-kotlin-compiler-09	2	bab3820ed800cc5e6b90eb1ad9b3a8d49e3293ed875112e3eea39aaed3805873	success	1	802	7ebbe5301915ad5c39692b733c3f39851576d09270c89f830b9e80b342a866f6	89517		fixture-kotlin-compiler-08	request-selected-source	2	2	fixture-kotlin-compiler-08,fixture-kotlin-compiler-09	2	0	0	2	0	2	0	0	0	1	0
graph-id-in-literal-wrapped-contains-k02-group-28-dense	graph-id-set	graph-id-in-literal-wrapped-contains	dense	graph-id-in-literal-and-wrapped-contains	graph-routing-set	properties	200	fixture-kotlin-compiler-08	fixture-kotlin-compiler-08,fixture-kotlin-compiler-09	2	bab3820ed800cc5e6b90eb1ad9b3a8d49e3293ed875112e3eea39aaed3805873	success	200	93704	b778fc4edfb3c1031b90b2d3d121fd31958733afdc68d3f1cde538a17b738328	161913		fixture-kotlin-compiler-08	cypher-graph-id-predicate	64	1	fixture-kotlin-compiler-08	1	0	0	1	0	200	1	1	62	1	0
graph-id-in-parameter-wrapped-contains-k02-group-28-dense	graph-id-set	graph-id-in-parameter-wrapped-contains	dense	graph-id-in-parameter-and-wrapped-contains	parameters	properties	200	fixture-kotlin-compiler-08	fixture-kotlin-compiler-08,fixture-kotlin-compiler-09	2	bab3820ed800cc5e6b90eb1ad9b3a8d49e3293ed875112e3eea39aaed3805873	success	200	93704	b778fc4edfb3c1031b90b2d3d121fd31958733afdc68d3f1cde538a17b738328	108584		fixture-kotlin-compiler-08	cypher-graph-id-predicate	64	1	fixture-kotlin-compiler-08	1	0	0	1	0	200	1	1	62	1	0
request-selected-set-wrapped-contains-k02-group-28-dense	graph-set-reference	request-selected-set-wrapped-contains	dense	request-graph-set-selection-and-wrapped-contains	request-selected-source	properties	200	fixture-kotlin-compiler-08	fixture-kotlin-compiler-08,fixture-kotlin-compiler-09	2	bab3820ed800cc5e6b90eb1ad9b3a8d49e3293ed875112e3eea39aaed3805873	success	200	93704	b778fc4edfb3c1031b90b2d3d121fd31958733afdc68d3f1cde538a17b738328	105117		fixture-kotlin-compiler-08	request-selected-source	2	1	fixture-kotlin-compiler-08	1	0	0	1	0	200	0	0	0	1	0
graph-id-in-literal-wrapped-contains-k02-group-29-zero	graph-id-set	graph-id-in-literal-wrapped-contains	zero	graph-id-in-literal-and-wrapped-contains	graph-routing-set	properties	200	fixture-kotlin-compiler-10	fixture-kotlin-compiler-10,fixture-kotlin-compiler-11	2	20341b7b9938ddb55fbb28df934295ce73aa657110196eceeb02f06a2d7ad4f1	success	0	147	805c8c7334c868e18e2be84be95b83cc60895722d739c2b164a68be4cd410c49	96511			cypher-graph-id-predicate	64	2	fixture-kotlin-compiler-10,fixture-kotlin-compiler-11	2	0	0	2	0	2	1	1	62	1	0
graph-id-in-parameter-wrapped-contains-k02-group-29-zero	graph-id-set	graph-id-in-parameter-wrapped-contains	zero	graph-id-in-parameter-and-wrapped-contains	parameters	properties	200	fixture-kotlin-compiler-10	fixture-kotlin-compiler-10,fixture-kotlin-compiler-11	2	20341b7b9938ddb55fbb28df934295ce73aa657110196eceeb02f06a2d7ad4f1	success	0	147	805c8c7334c868e18e2be84be95b83cc60895722d739c2b164a68be4cd410c49	98725			cypher-graph-id-predicate	64	2	fixture-kotlin-compiler-10,fixture-kotlin-compiler-11	2	0	0	2	0	2	1	1	62	1	0
request-selected-set-wrapped-contains-k02-group-29-zero	graph-set-reference	request-selected-set-wrapped-contains	zero	request-graph-set-selection-and-wrapped-contains	request-selected-source	properties	200	fixture-kotlin-compiler-10	fixture-kotlin-compiler-10,fixture-kotlin-compiler-11	2	20341b7b9938ddb55fbb28df934295ce73aa657110196eceeb02f06a2d7ad4f1	success	0	147	805c8c7334c868e18e2be84be95b83cc60895722d739c2b164a68be4cd410c49	90700			request-selected-source	2	2	fixture-kotlin-compiler-10,fixture-kotlin-compiler-11	2	0	0	2	0	2	0	0	0	1	0
graph-id-in-literal-wrapped-contains-k02-group-29-targeted	graph-id-set	graph-id-in-literal-wrapped-contains	targeted	graph-id-in-literal-and-wrapped-contains	graph-routing-set	properties	200	fixture-kotlin-compiler-10	fixture-kotlin-compiler-10,fixture-kotlin-compiler-11	2	20341b7b9938ddb55fbb28df934295ce73aa657110196eceeb02f06a2d7ad4f1	success	12	7029	1df616dc12f8aa99df8ef1921ad6c878afdd2d37362d488527ffbb7ddbe7f6e3	110647		fixture-kotlin-compiler-10	cypher-graph-id-predicate	64	2	fixture-kotlin-compiler-10,fixture-kotlin-compiler-11	2	0	0	2	0	13	1	1	62	1	0
graph-id-in-parameter-wrapped-contains-k02-group-29-targeted	graph-id-set	graph-id-in-parameter-wrapped-contains	targeted	graph-id-in-parameter-and-wrapped-contains	parameters	properties	200	fixture-kotlin-compiler-10	fixture-kotlin-compiler-10,fixture-kotlin-compiler-11	2	20341b7b9938ddb55fbb28df934295ce73aa657110196eceeb02f06a2d7ad4f1	success	12	7029	1df616dc12f8aa99df8ef1921ad6c878afdd2d37362d488527ffbb7ddbe7f6e3	99626		fixture-kotlin-compiler-10	cypher-graph-id-predicate	64	2	fixture-kotlin-compiler-10,fixture-kotlin-compiler-11	2	0	0	2	0	13	1	1	62	1	0
request-selected-set-wrapped-contains-k02-group-29-targeted	graph-set-reference	request-selected-set-wrapped-contains	targeted	request-graph-set-selection-and-wrapped-contains	request-selected-source	properties	200	fixture-kotlin-compiler-10	fixture-kotlin-compiler-10,fixture-kotlin-compiler-11	2	20341b7b9938ddb55fbb28df934295ce73aa657110196eceeb02f06a2d7ad4f1	success	12	7029	1df616dc12f8aa99df8ef1921ad6c878afdd2d37362d488527ffbb7ddbe7f6e3	90519		fixture-kotlin-compiler-10	request-selected-source	2	2	fixture-kotlin-compiler-10,fixture-kotlin-compiler-11	2	0	0	2	0	13	0	0	0	1	0
graph-id-in-literal-wrapped-contains-k02-group-29-dense	graph-id-set	graph-id-in-literal-wrapped-contains	dense	graph-id-in-literal-and-wrapped-contains	graph-routing-set	properties	200	fixture-kotlin-compiler-10	fixture-kotlin-compiler-10,fixture-kotlin-compiler-11	2	20341b7b9938ddb55fbb28df934295ce73aa657110196eceeb02f06a2d7ad4f1	success	200	94948	3f3fd3df372307937afdfd0915ce035266497833c5712760faf456eece659c97	154028		fixture-kotlin-compiler-10	cypher-graph-id-predicate	64	1	fixture-kotlin-compiler-10	1	0	0	1	0	200	1	1	62	1	0
graph-id-in-parameter-wrapped-contains-k02-group-29-dense	graph-id-set	graph-id-in-parameter-wrapped-contains	dense	graph-id-in-parameter-and-wrapped-contains	parameters	properties	200	fixture-kotlin-compiler-10	fixture-kotlin-compiler-10,fixture-kotlin-compiler-11	2	20341b7b9938ddb55fbb28df934295ce73aa657110196eceeb02f06a2d7ad4f1	success	200	94948	3f3fd3df372307937afdfd0915ce035266497833c5712760faf456eece659c97	120376		fixture-kotlin-compiler-10	cypher-graph-id-predicate	64	1	fixture-kotlin-compiler-10	1	0	0	1	0	200	1	1	62	1	0
request-selected-set-wrapped-contains-k02-group-29-dense	graph-set-reference	request-selected-set-wrapped-contains	dense	request-graph-set-selection-and-wrapped-contains	request-selected-source	properties	200	fixture-kotlin-compiler-10	fixture-kotlin-compiler-10,fixture-kotlin-compiler-11	2	20341b7b9938ddb55fbb28df934295ce73aa657110196eceeb02f06a2d7ad4f1	success	200	94948	3f3fd3df372307937afdfd0915ce035266497833c5712760faf456eece659c97	100248		fixture-kotlin-compiler-10	request-selected-source	2	1	fixture-kotlin-compiler-10	1	0	0	1	0	200	0	0	0	1	0
graph-id-in-literal-wrapped-contains-k02-group-30-zero	graph-id-set	graph-id-in-literal-wrapped-contains	zero	graph-id-in-literal-and-wrapped-contains	graph-routing-set	properties	200	fixture-kotlin-compiler-12	fixture-kotlin-compiler-12,fixture-kotlin-compiler-13	2	b389935714dfde3a641840786b7e9d99d650f759bbcbd2d6d3c9cb7de6772b8e	success	0	147	805c8c7334c868e18e2be84be95b83cc60895722d739c2b164a68be4cd410c49	106860			cypher-graph-id-predicate	64	2	fixture-kotlin-compiler-12,fixture-kotlin-compiler-13	2	0	0	2	0	2	1	1	62	1	0
graph-id-in-parameter-wrapped-contains-k02-group-30-zero	graph-id-set	graph-id-in-parameter-wrapped-contains	zero	graph-id-in-parameter-and-wrapped-contains	parameters	properties	200	fixture-kotlin-compiler-12	fixture-kotlin-compiler-12,fixture-kotlin-compiler-13	2	b389935714dfde3a641840786b7e9d99d650f759bbcbd2d6d3c9cb7de6772b8e	success	0	147	805c8c7334c868e18e2be84be95b83cc60895722d739c2b164a68be4cd410c49	92393			cypher-graph-id-predicate	64	2	fixture-kotlin-compiler-12,fixture-kotlin-compiler-13	2	0	0	2	0	2	1	1	62	1	0
request-selected-set-wrapped-contains-k02-group-30-zero	graph-set-reference	request-selected-set-wrapped-contains	zero	request-graph-set-selection-and-wrapped-contains	request-selected-source	properties	200	fixture-kotlin-compiler-12	fixture-kotlin-compiler-12,fixture-kotlin-compiler-13	2	b389935714dfde3a641840786b7e9d99d650f759bbcbd2d6d3c9cb7de6772b8e	success	0	147	805c8c7334c868e18e2be84be95b83cc60895722d739c2b164a68be4cd410c49	102812			request-selected-source	2	2	fixture-kotlin-compiler-12,fixture-kotlin-compiler-13	2	0	0	2	0	2	0	0	0	1	0
graph-id-in-literal-wrapped-contains-k02-group-30-targeted	graph-id-set	graph-id-in-literal-wrapped-contains	targeted	graph-id-in-literal-and-wrapped-contains	graph-routing-set	properties	200	fixture-kotlin-compiler-12	fixture-kotlin-compiler-12,fixture-kotlin-compiler-13	2	b389935714dfde3a641840786b7e9d99d650f759bbcbd2d6d3c9cb7de6772b8e	success	13	7599	88379c6b80e2b23974c6b6a1e2c6fc3f3680ec705c71b7cecbc9a2228bf7fa26	117490		fixture-kotlin-compiler-12	cypher-graph-id-predicate	64	2	fixture-kotlin-compiler-12,fixture-kotlin-compiler-13	2	0	0	2	0	14	1	1	62	1	0
graph-id-in-parameter-wrapped-contains-k02-group-30-targeted	graph-id-set	graph-id-in-parameter-wrapped-contains	targeted	graph-id-in-parameter-and-wrapped-contains	parameters	properties	200	fixture-kotlin-compiler-12	fixture-kotlin-compiler-12,fixture-kotlin-compiler-13	2	b389935714dfde3a641840786b7e9d99d650f759bbcbd2d6d3c9cb7de6772b8e	success	13	7599	88379c6b80e2b23974c6b6a1e2c6fc3f3680ec705c71b7cecbc9a2228bf7fa26	107401		fixture-kotlin-compiler-12	cypher-graph-id-predicate	64	2	fixture-kotlin-compiler-12,fixture-kotlin-compiler-13	2	0	0	2	0	14	1	1	62	1	0
request-selected-set-wrapped-contains-k02-group-30-targeted	graph-set-reference	request-selected-set-wrapped-contains	targeted	request-graph-set-selection-and-wrapped-contains	request-selected-source	properties	200	fixture-kotlin-compiler-12	fixture-kotlin-compiler-12,fixture-kotlin-compiler-13	2	b389935714dfde3a641840786b7e9d99d650f759bbcbd2d6d3c9cb7de6772b8e	success	13	7599	88379c6b80e2b23974c6b6a1e2c6fc3f3680ec705c71b7cecbc9a2228bf7fa26	93695		fixture-kotlin-compiler-12	request-selected-source	2	2	fixture-kotlin-compiler-12,fixture-kotlin-compiler-13	2	0	0	2	0	14	0	0	0	1	0
graph-id-in-literal-wrapped-contains-k02-group-30-dense	graph-id-set	graph-id-in-literal-wrapped-contains	dense	graph-id-in-literal-and-wrapped-contains	graph-routing-set	properties	200	fixture-kotlin-compiler-12	fixture-kotlin-compiler-12,fixture-kotlin-compiler-13	2	b389935714dfde3a641840786b7e9d99d650f759bbcbd2d6d3c9cb7de6772b8e	success	200	94040	5d662b90e716477fff887768402c85462026d6042e22f1d7fafdb565b9f9efc8	185988		fixture-kotlin-compiler-12	cypher-graph-id-predicate	64	1	fixture-kotlin-compiler-12	1	0	0	1	0	200	1	1	62	1	0
graph-id-in-parameter-wrapped-contains-k02-group-30-dense	graph-id-set	graph-id-in-parameter-wrapped-contains	dense	graph-id-in-parameter-and-wrapped-contains	parameters	properties	200	fixture-kotlin-compiler-12	fixture-kotlin-compiler-12,fixture-kotlin-compiler-13	2	b389935714dfde3a641840786b7e9d99d650f759bbcbd2d6d3c9cb7de6772b8e	success	200	94040	5d662b90e716477fff887768402c85462026d6042e22f1d7fafdb565b9f9efc8	103002		fixture-kotlin-compiler-12	cypher-graph-id-predicate	64	1	fixture-kotlin-compiler-12	1	0	0	1	0	200	1	1	62	1	0
request-selected-set-wrapped-contains-k02-group-30-dense	graph-set-reference	request-selected-set-wrapped-contains	dense	request-graph-set-selection-and-wrapped-contains	request-selected-source	properties	200	fixture-kotlin-compiler-12	fixture-kotlin-compiler-12,fixture-kotlin-compiler-13	2	b389935714dfde3a641840786b7e9d99d650f759bbcbd2d6d3c9cb7de6772b8e	success	200	94040	5d662b90e716477fff887768402c85462026d6042e22f1d7fafdb565b9f9efc8	98214		fixture-kotlin-compiler-12	request-selected-source	2	1	fixture-kotlin-compiler-12	1	0	0	1	0	200	0	0	0	1	0
graph-id-in-literal-wrapped-contains-k02-group-31-zero	graph-id-set	graph-id-in-literal-wrapped-contains	zero	graph-id-in-literal-and-wrapped-contains	graph-routing-set	properties	200	fixture-kotlin-compiler-14	fixture-kotlin-compiler-14,fixture-kotlin-compiler-15	2	a6b35e4854d4df9691d25961b5ef3b872fce047e43f6d0e6b70ecd7de191d4de	success	0	147	805c8c7334c868e18e2be84be95b83cc60895722d739c2b164a68be4cd410c49	101901			cypher-graph-id-predicate	64	2	fixture-kotlin-compiler-14,fixture-kotlin-compiler-15	2	0	0	2	0	2	1	1	62	1	0
graph-id-in-parameter-wrapped-contains-k02-group-31-zero	graph-id-set	graph-id-in-parameter-wrapped-contains	zero	graph-id-in-parameter-and-wrapped-contains	parameters	properties	200	fixture-kotlin-compiler-14	fixture-kotlin-compiler-14,fixture-kotlin-compiler-15	2	a6b35e4854d4df9691d25961b5ef3b872fce047e43f6d0e6b70ecd7de191d4de	success	0	147	805c8c7334c868e18e2be84be95b83cc60895722d739c2b164a68be4cd410c49	100248			cypher-graph-id-predicate	64	2	fixture-kotlin-compiler-14,fixture-kotlin-compiler-15	2	0	0	2	0	2	1	1	62	1	0
request-selected-set-wrapped-contains-k02-group-31-zero	graph-set-reference	request-selected-set-wrapped-contains	zero	request-graph-set-selection-and-wrapped-contains	request-selected-source	properties	200	fixture-kotlin-compiler-14	fixture-kotlin-compiler-14,fixture-kotlin-compiler-15	2	a6b35e4854d4df9691d25961b5ef3b872fce047e43f6d0e6b70ecd7de191d4de	success	0	147	805c8c7334c868e18e2be84be95b83cc60895722d739c2b164a68be4cd410c49	87855			request-selected-source	2	2	fixture-kotlin-compiler-14,fixture-kotlin-compiler-15	2	0	0	2	0	2	0	0	0	1	0
graph-id-in-literal-wrapped-contains-k02-group-31-targeted	graph-id-set	graph-id-in-literal-wrapped-contains	targeted	graph-id-in-literal-and-wrapped-contains	graph-routing-set	properties	200	fixture-kotlin-compiler-14	fixture-kotlin-compiler-14,fixture-kotlin-compiler-15	2	a6b35e4854d4df9691d25961b5ef3b872fce047e43f6d0e6b70ecd7de191d4de	success	1	877	f04b3035acb1285487cb68f126c796fd316b35c6ce630f1e71efd88436bf28f2	97783		fixture-kotlin-compiler-14	cypher-graph-id-predicate	64	2	fixture-kotlin-compiler-14,fixture-kotlin-compiler-15	2	0	0	2	0	2	1	1	62	1	0
graph-id-in-parameter-wrapped-contains-k02-group-31-targeted	graph-id-set	graph-id-in-parameter-wrapped-contains	targeted	graph-id-in-parameter-and-wrapped-contains	parameters	properties	200	fixture-kotlin-compiler-14	fixture-kotlin-compiler-14,fixture-kotlin-compiler-15	2	a6b35e4854d4df9691d25961b5ef3b872fce047e43f6d0e6b70ecd7de191d4de	success	1	877	f04b3035acb1285487cb68f126c796fd316b35c6ce630f1e71efd88436bf28f2	92883		fixture-kotlin-compiler-14	cypher-graph-id-predicate	64	2	fixture-kotlin-compiler-14,fixture-kotlin-compiler-15	2	0	0	2	0	2	1	1	62	1	0
request-selected-set-wrapped-contains-k02-group-31-targeted	graph-set-reference	request-selected-set-wrapped-contains	targeted	request-graph-set-selection-and-wrapped-contains	request-selected-source	properties	200	fixture-kotlin-compiler-14	fixture-kotlin-compiler-14,fixture-kotlin-compiler-15	2	a6b35e4854d4df9691d25961b5ef3b872fce047e43f6d0e6b70ecd7de191d4de	success	1	877	f04b3035acb1285487cb68f126c796fd316b35c6ce630f1e71efd88436bf28f2	87233		fixture-kotlin-compiler-14	request-selected-source	2	2	fixture-kotlin-compiler-14,fixture-kotlin-compiler-15	2	0	0	2	0	2	0	0	0	1	0
graph-id-in-literal-wrapped-contains-k02-group-31-dense	graph-id-set	graph-id-in-literal-wrapped-contains	dense	graph-id-in-literal-and-wrapped-contains	graph-routing-set	properties	200	fixture-kotlin-compiler-14	fixture-kotlin-compiler-14,fixture-kotlin-compiler-15	2	a6b35e4854d4df9691d25961b5ef3b872fce047e43f6d0e6b70ecd7de191d4de	success	200	97449	f19574ac46a01dafc16136d9e8c4835b8d40c72753078eb8a67a1d7d438dd937	158426		fixture-kotlin-compiler-14	cypher-graph-id-predicate	64	1	fixture-kotlin-compiler-14	1	0	0	1	0	200	1	1	62	1	0
graph-id-in-parameter-wrapped-contains-k02-group-31-dense	graph-id-set	graph-id-in-parameter-wrapped-contains	dense	graph-id-in-parameter-and-wrapped-contains	parameters	properties	200	fixture-kotlin-compiler-14	fixture-kotlin-compiler-14,fixture-kotlin-compiler-15	2	a6b35e4854d4df9691d25961b5ef3b872fce047e43f6d0e6b70ecd7de191d4de	success	200	97449	f19574ac46a01dafc16136d9e8c4835b8d40c72753078eb8a67a1d7d438dd937	103564		fixture-kotlin-compiler-14	cypher-graph-id-predicate	64	1	fixture-kotlin-compiler-14	1	0	0	1	0	200	1	1	62	1	0
request-selected-set-wrapped-contains-k02-group-31-dense	graph-set-reference	request-selected-set-wrapped-contains	dense	request-graph-set-selection-and-wrapped-contains	request-selected-source	properties	200	fixture-kotlin-compiler-14	fixture-kotlin-compiler-14,fixture-kotlin-compiler-15	2	a6b35e4854d4df9691d25961b5ef3b872fce047e43f6d0e6b70ecd7de191d4de	success	200	97449	f19574ac46a01dafc16136d9e8c4835b8d40c72753078eb8a67a1d7d438dd937	102522		fixture-kotlin-compiler-14	request-selected-source	2	1	fixture-kotlin-compiler-14	1	0	0	1	0	200	0	0	0	1	0
graph-id-in-literal-wrapped-contains-k08-group-00-zero	graph-id-set	graph-id-in-literal-wrapped-contains	zero	graph-id-in-literal-and-wrapped-contains	graph-routing-set	properties	200	fixture-android-00	fixture-android-00,fixture-android-01,fixture-android-02,fixture-android-03,fixture-android-04,fixture-android-05,fixture-android-06,fixture-android-07	8	dbb4c7670cb50175e1ed9aecd02894c9b46357a21973cc2bfb55c04754222a47	success	0	147	805c8c7334c868e18e2be84be95b83cc60895722d739c2b164a68be4cd410c49	113964			cypher-graph-id-predicate	64	8	fixture-android-00,fixture-android-01,fixture-android-02,fixture-android-03,fixture-android-04,fixture-android-05,fixture-android-06,fixture-android-07	8	0	0	8	0	8	1	1	56	1	0
graph-id-in-parameter-wrapped-contains-k08-group-00-zero	graph-id-set	graph-id-in-parameter-wrapped-contains	zero	graph-id-in-parameter-and-wrapped-contains	parameters	properties	200	fixture-android-00	fixture-android-00,fixture-android-01,fixture-android-02,fixture-android-03,fixture-android-04,fixture-android-05,fixture-android-06,fixture-android-07	8	dbb4c7670cb50175e1ed9aecd02894c9b46357a21973cc2bfb55c04754222a47	success	0	147	805c8c7334c868e18e2be84be95b83cc60895722d739c2b164a68be4cd410c49	102523			cypher-graph-id-predicate	64	8	fixture-android-00,fixture-android-01,fixture-android-02,fixture-android-03,fixture-android-04,fixture-android-05,fixture-android-06,fixture-android-07	8	0	0	8	0	8	1	1	56	1	0
request-selected-set-wrapped-contains-k08-group-00-zero	graph-set-reference	request-selected-set-wrapped-contains	zero	request-graph-set-selection-and-wrapped-contains	request-selected-source	properties	200	fixture-android-00	fixture-android-00,fixture-android-01,fixture-android-02,fixture-android-03,fixture-android-04,fixture-android-05,fixture-android-06,fixture-android-07	8	dbb4c7670cb50175e1ed9aecd02894c9b46357a21973cc2bfb55c04754222a47	success	0	147	805c8c7334c868e18e2be84be95b83cc60895722d739c2b164a68be4cd410c49	98455			request-selected-source	8	8	fixture-android-00,fixture-android-01,fixture-android-02,fixture-android-03,fixture-android-04,fixture-android-05,fixture-android-06,fixture-android-07	8	0	0	8	0	8	0	0	0	1	0
graph-id-in-literal-wrapped-contains-k08-group-00-targeted	graph-id-set	graph-id-in-literal-wrapped-contains	targeted	graph-id-in-literal-and-wrapped-contains	graph-routing-set	properties	200	fixture-android-00	fixture-android-00,fixture-android-01,fixture-android-02,fixture-android-03,fixture-android-04,fixture-android-05,fixture-android-06,fixture-android-07	8	dbb4c7670cb50175e1ed9aecd02894c9b46357a21973cc2bfb55c04754222a47	success	10	5730	00c81103244dc6d42abdc3894d771e5a24957dcf7e5ad4d8dc686b1d7e0cb89e	111368		fixture-android-00	cypher-graph-id-predicate	64	8	fixture-android-00,fixture-android-01,fixture-android-02,fixture-android-03,fixture-android-04,fixture-android-05,fixture-android-06,fixture-android-07	8	0	0	8	0	17	1	1	56	1	0
graph-id-in-parameter-wrapped-contains-k08-group-00-targeted	graph-id-set	graph-id-in-parameter-wrapped-contains	targeted	graph-id-in-parameter-and-wrapped-contains	parameters	properties	200	fixture-android-00	fixture-android-00,fixture-android-01,fixture-android-02,fixture-android-03,fixture-android-04,fixture-android-05,fixture-android-06,fixture-android-07	8	dbb4c7670cb50175e1ed9aecd02894c9b46357a21973cc2bfb55c04754222a47	success	10	5730	00c81103244dc6d42abdc3894d771e5a24957dcf7e5ad4d8dc686b1d7e0cb89e	105367		fixture-android-00	cypher-graph-id-predicate	64	8	fixture-android-00,fixture-android-01,fixture-android-02,fixture-android-03,fixture-android-04,fixture-android-05,fixture-android-06,fixture-android-07	8	0	0	8	0	17	1	1	56	1	0
request-selected-set-wrapped-contains-k08-group-00-targeted	graph-set-reference	request-selected-set-wrapped-contains	targeted	request-graph-set-selection-and-wrapped-contains	request-selected-source	properties	200	fixture-android-00	fixture-android-00,fixture-android-01,fixture-android-02,fixture-android-03,fixture-android-04,fixture-android-05,fixture-android-06,fixture-android-07	8	dbb4c7670cb50175e1ed9aecd02894c9b46357a21973cc2bfb55c04754222a47	success	10	5730	00c81103244dc6d42abdc3894d771e5a24957dcf7e5ad4d8dc686b1d7e0cb89e	97773		fixture-android-00	request-selected-source	8	8	fixture-android-00,fixture-android-01,fixture-android-02,fixture-android-03,fixture-android-04,fixture-android-05,fixture-android-06,fixture-android-07	8	0	0	8	0	17	0	0	0	1	0
graph-id-in-literal-wrapped-contains-k08-group-00-dense	graph-id-set	graph-id-in-literal-wrapped-contains	dense	graph-id-in-literal-and-wrapped-contains	graph-routing-set	properties	200	fixture-android-00	fixture-android-00,fixture-android-01,fixture-android-02,fixture-android-03,fixture-android-04,fixture-android-05,fixture-android-06,fixture-android-07	8	dbb4c7670cb50175e1ed9aecd02894c9b46357a21973cc2bfb55c04754222a47	success	200	84411	3bdee68309e62bee93f47848258ded90b1763d55841fa57d8b8fd21867653c44	172352		fixture-android-00	cypher-graph-id-predicate	64	1	fixture-android-00	1	0	0	1	0	200	1	1	56	1	0
graph-id-in-parameter-wrapped-contains-k08-group-00-dense	graph-id-set	graph-id-in-parameter-wrapped-contains	dense	graph-id-in-parameter-and-wrapped-contains	parameters	properties	200	fixture-android-00	fixture-android-00,fixture-android-01,fixture-android-02,fixture-android-03,fixture-android-04,fixture-android-05,fixture-android-06,fixture-android-07	8	dbb4c7670cb50175e1ed9aecd02894c9b46357a21973cc2bfb55c04754222a47	success	200	84411	3bdee68309e62bee93f47848258ded90b1763d55841fa57d8b8fd21867653c44	106038		fixture-android-00	cypher-graph-id-predicate	64	1	fixture-android-00	1	0	0	1	0	200	1	1	56	1	0
request-selected-set-wrapped-contains-k08-group-00-dense	graph-set-reference	request-selected-set-wrapped-contains	dense	request-graph-set-selection-and-wrapped-contains	request-selected-source	properties	200	fixture-android-00	fixture-android-00,fixture-android-01,fixture-android-02,fixture-android-03,fixture-android-04,fixture-android-05,fixture-android-06,fixture-android-07	8	dbb4c7670cb50175e1ed9aecd02894c9b46357a21973cc2bfb55c04754222a47	success	200	84411	3bdee68309e62bee93f47848258ded90b1763d55841fa57d8b8fd21867653c44	99576		fixture-android-00	request-selected-source	8	1	fixture-android-00	1	0	0	1	0	200	0	0	0	1	0
graph-id-in-literal-wrapped-contains-k08-group-01-zero	graph-id-set	graph-id-in-literal-wrapped-contains	zero	graph-id-in-literal-and-wrapped-contains	graph-routing-set	properties	200	fixture-android-08	fixture-android-08,fixture-android-09,fixture-android-10,fixture-android-11,fixture-android-12,fixture-android-13,fixture-android-14,fixture-android-15	8	4e8edbc5e09d25d8440c7dafb09ee365bd5069d78d874ddbf91e893197558fb0	success	0	147	805c8c7334c868e18e2be84be95b83cc60895722d739c2b164a68be4cd410c49	124884			cypher-graph-id-predicate	64	8	fixture-android-08,fixture-android-09,fixture-android-10,fixture-android-11,fixture-android-12,fixture-android-13,fixture-android-14,fixture-android-15	8	0	0	8	0	8	1	1	56	1	0
graph-id-in-parameter-wrapped-contains-k08-group-01-zero	graph-id-set	graph-id-in-parameter-wrapped-contains	zero	graph-id-in-parameter-and-wrapped-contains	parameters	properties	200	fixture-android-08	fixture-android-08,fixture-android-09,fixture-android-10,fixture-android-11,fixture-android-12,fixture-android-13,fixture-android-14,fixture-android-15	8	4e8edbc5e09d25d8440c7dafb09ee365bd5069d78d874ddbf91e893197558fb0	success	0	147	805c8c7334c868e18e2be84be95b83cc60895722d739c2b164a68be4cd410c49	103994			cypher-graph-id-predicate	64	8	fixture-android-08,fixture-android-09,fixture-android-10,fixture-android-11,fixture-android-12,fixture-android-13,fixture-android-14,fixture-android-15	8	0	0	8	0	8	1	1	56	1	0
request-selected-set-wrapped-contains-k08-group-01-zero	graph-set-reference	request-selected-set-wrapped-contains	zero	request-graph-set-selection-and-wrapped-contains	request-selected-source	properties	200	fixture-android-08	fixture-android-08,fixture-android-09,fixture-android-10,fixture-android-11,fixture-android-12,fixture-android-13,fixture-android-14,fixture-android-15	8	4e8edbc5e09d25d8440c7dafb09ee365bd5069d78d874ddbf91e893197558fb0	success	0	147	805c8c7334c868e18e2be84be95b83cc60895722d739c2b164a68be4cd410c49	99015			request-selected-source	8	8	fixture-android-08,fixture-android-09,fixture-android-10,fixture-android-11,fixture-android-12,fixture-android-13,fixture-android-14,fixture-android-15	8	0	0	8	0	8	0	0	0	1	0
graph-id-in-literal-wrapped-contains-k08-group-01-targeted	graph-id-set	graph-id-in-literal-wrapped-contains	targeted	graph-id-in-literal-and-wrapped-contains	graph-routing-set	properties	200	fixture-android-08	fixture-android-08,fixture-android-09,fixture-android-10,fixture-android-11,fixture-android-12,fixture-android-13,fixture-android-14,fixture-android-15	8	4e8edbc5e09d25d8440c7dafb09ee365bd5069d78d874ddbf91e893197558fb0	success	2	1322	4b49b28d836e57c2c3f8d43a93acd00a93b169fcd603338f9ab350f541e9665c	108904		fixture-android-08	cypher-graph-id-predicate	64	8	fixture-android-08,fixture-android-09,fixture-android-10,fixture-android-11,fixture-android-12,fixture-android-13,fixture-android-14,fixture-android-15	8	0	0	8	0	9	1	1	56	1	0
graph-id-in-parameter-wrapped-contains-k08-group-01-targeted	graph-id-set	graph-id-in-parameter-wrapped-contains	targeted	graph-id-in-parameter-and-wrapped-contains	parameters	properties	200	fixture-android-08	fixture-android-08,fixture-android-09,fixture-android-10,fixture-android-11,fixture-android-12,fixture-android-13,fixture-android-14,fixture-android-15	8	4e8edbc5e09d25d8440c7dafb09ee365bd5069d78d874ddbf91e893197558fb0	success	2	1322	4b49b28d836e57c2c3f8d43a93acd00a93b169fcd603338f9ab350f541e9665c	101590		fixture-android-08	cypher-graph-id-predicate	64	8	fixture-android-08,fixture-android-09,fixture-android-10,fixture-android-11,fixture-android-12,fixture-android-13,fixture-android-14,fixture-android-15	8	0	0	8	0	9	1	1	56	1	0
request-selected-set-wrapped-contains-k08-group-01-targeted	graph-set-reference	request-selected-set-wrapped-contains	targeted	request-graph-set-selection-and-wrapped-contains	request-selected-source	properties	200	fixture-android-08	fixture-android-08,fixture-android-09,fixture-android-10,fixture-android-11,fixture-android-12,fixture-android-13,fixture-android-14,fixture-android-15	8	4e8edbc5e09d25d8440c7dafb09ee365bd5069d78d874ddbf91e893197558fb0	success	2	1322	4b49b28d836e57c2c3f8d43a93acd00a93b169fcd603338f9ab350f541e9665c	121437		fixture-android-08	request-selected-source	8	8	fixture-android-08,fixture-android-09,fixture-android-10,fixture-android-11,fixture-android-12,fixture-android-13,fixture-android-14,fixture-android-15	8	0	0	8	0	9	0	0	0	1	0
graph-id-in-literal-wrapped-contains-k08-group-01-dense	graph-id-set	graph-id-in-literal-wrapped-contains	dense	graph-id-in-literal-and-wrapped-contains	graph-routing-set	properties	200	fixture-android-08	fixture-android-08,fixture-android-09,fixture-android-10,fixture-android-11,fixture-android-12,fixture-android-13,fixture-android-14,fixture-android-15	8	4e8edbc5e09d25d8440c7dafb09ee365bd5069d78d874ddbf91e893197558fb0	success	200	85531	ed34441ff634f19c276911a1fa193106a9070fde1065b57fc7ec71132b8d5f66	172813		fixture-android-08	cypher-graph-id-predicate	64	1	fixture-android-08	1	0	0	1	0	200	1	1	56	1	0
graph-id-in-parameter-wrapped-contains-k08-group-01-dense	graph-id-set	graph-id-in-parameter-wrapped-contains	dense	graph-id-in-parameter-and-wrapped-contains	parameters	properties	200	fixture-android-08	fixture-android-08,fixture-android-09,fixture-android-10,fixture-android-11,fixture-android-12,fixture-android-13,fixture-android-14,fixture-android-15	8	4e8edbc5e09d25d8440c7dafb09ee365bd5069d78d874ddbf91e893197558fb0	success	200	85531	ed34441ff634f19c276911a1fa193106a9070fde1065b57fc7ec71132b8d5f66	127969		fixture-android-08	cypher-graph-id-predicate	64	1	fixture-android-08	1	0	0	1	0	200	1	1	56	1	0
request-selected-set-wrapped-contains-k08-group-01-dense	graph-set-reference	request-selected-set-wrapped-contains	dense	request-graph-set-selection-and-wrapped-contains	request-selected-source	properties	200	fixture-android-08	fixture-android-08,fixture-android-09,fixture-android-10,fixture-android-11,fixture-android-12,fixture-android-13,fixture-android-14,fixture-android-15	8	4e8edbc5e09d25d8440c7dafb09ee365bd5069d78d874ddbf91e893197558fb0	success	200	85531	ed34441ff634f19c276911a1fa193106a9070fde1065b57fc7ec71132b8d5f66	122719		fixture-android-08	request-selected-source	8	1	fixture-android-08	1	0	0	1	0	200	0	0	0	1	0
graph-id-in-literal-wrapped-contains-k08-group-02-zero	graph-id-set	graph-id-in-literal-wrapped-contains	zero	graph-id-in-literal-and-wrapped-contains	graph-routing-set	properties	200	fixture-tika-00	fixture-tika-00,fixture-tika-01,fixture-tika-02,fixture-tika-03,fixture-tika-04,fixture-tika-05,fixture-tika-06,fixture-tika-07	8	b6d4d08b650d299fbabdb34c9023e4fcf2b9df516edbf304a8f77ace3ec43d22	success	0	147	805c8c7334c868e18e2be84be95b83cc60895722d739c2b164a68be4cd410c49	127138			cypher-graph-id-predicate	64	8	fixture-tika-00,fixture-tika-01,fixture-tika-02,fixture-tika-03,fixture-tika-04,fixture-tika-05,fixture-tika-06,fixture-tika-07	8	0	0	8	0	8	1	1	56	1	0
graph-id-in-parameter-wrapped-contains-k08-group-02-zero	graph-id-set	graph-id-in-parameter-wrapped-contains	zero	graph-id-in-parameter-and-wrapped-contains	parameters	properties	200	fixture-tika-00	fixture-tika-00,fixture-tika-01,fixture-tika-02,fixture-tika-03,fixture-tika-04,fixture-tika-05,fixture-tika-06,fixture-tika-07	8	b6d4d08b650d299fbabdb34c9023e4fcf2b9df516edbf304a8f77ace3ec43d22	success	0	147	805c8c7334c868e18e2be84be95b83cc60895722d739c2b164a68be4cd410c49	106950			cypher-graph-id-predicate	64	8	fixture-tika-00,fixture-tika-01,fixture-tika-02,fixture-tika-03,fixture-tika-04,fixture-tika-05,fixture-tika-06,fixture-tika-07	8	0	0	8	0	8	1	1	56	1	0
request-selected-set-wrapped-contains-k08-group-02-zero	graph-set-reference	request-selected-set-wrapped-contains	zero	request-graph-set-selection-and-wrapped-contains	request-selected-source	properties	200	fixture-tika-00	fixture-tika-00,fixture-tika-01,fixture-tika-02,fixture-tika-03,fixture-tika-04,fixture-tika-05,fixture-tika-06,fixture-tika-07	8	b6d4d08b650d299fbabdb34c9023e4fcf2b9df516edbf304a8f77ace3ec43d22	success	0	147	805c8c7334c868e18e2be84be95b83cc60895722d739c2b164a68be4cd410c49	101190			request-selected-source	8	8	fixture-tika-00,fixture-tika-01,fixture-tika-02,fixture-tika-03,fixture-tika-04,fixture-tika-05,fixture-tika-06,fixture-tika-07	8	0	0	8	0	8	0	0	0	1	0
graph-id-in-literal-wrapped-contains-k08-group-02-targeted	graph-id-set	graph-id-in-literal-wrapped-contains	targeted	graph-id-in-literal-and-wrapped-contains	graph-routing-set	properties	200	fixture-tika-00	fixture-tika-00,fixture-tika-01,fixture-tika-02,fixture-tika-03,fixture-tika-04,fixture-tika-05,fixture-tika-06,fixture-tika-07	8	b6d4d08b650d299fbabdb34c9023e4fcf2b9df516edbf304a8f77ace3ec43d22	success	1	771	41ad9b5110585bc89df35b9d0a0c6bd66daaf6c239b4212552d078b2f2a28c34	128731		fixture-tika-00	cypher-graph-id-predicate	64	8	fixture-tika-00,fixture-tika-01,fixture-tika-02,fixture-tika-03,fixture-tika-04,fixture-tika-05,fixture-tika-06,fixture-tika-07	8	0	0	8	0	8	1	1	56	1	0
graph-id-in-parameter-wrapped-contains-k08-group-02-targeted	graph-id-set	graph-id-in-parameter-wrapped-contains	targeted	graph-id-in-parameter-and-wrapped-contains	parameters	properties	200	fixture-tika-00	fixture-tika-00,fixture-tika-01,fixture-tika-02,fixture-tika-03,fixture-tika-04,fixture-tika-05,fixture-tika-06,fixture-tika-07	8	b6d4d08b650d299fbabdb34c9023e4fcf2b9df516edbf304a8f77ace3ec43d22	success	1	771	41ad9b5110585bc89df35b9d0a0c6bd66daaf6c239b4212552d078b2f2a28c34	103423		fixture-tika-00	cypher-graph-id-predicate	64	8	fixture-tika-00,fixture-tika-01,fixture-tika-02,fixture-tika-03,fixture-tika-04,fixture-tika-05,fixture-tika-06,fixture-tika-07	8	0	0	8	0	8	1	1	56	1	0
request-selected-set-wrapped-contains-k08-group-02-targeted	graph-set-reference	request-selected-set-wrapped-contains	targeted	request-graph-set-selection-and-wrapped-contains	request-selected-source	properties	200	fixture-tika-00	fixture-tika-00,fixture-tika-01,fixture-tika-02,fixture-tika-03,fixture-tika-04,fixture-tika-05,fixture-tika-06,fixture-tika-07	8	b6d4d08b650d299fbabdb34c9023e4fcf2b9df516edbf304a8f77ace3ec43d22	success	1	771	41ad9b5110585bc89df35b9d0a0c6bd66daaf6c239b4212552d078b2f2a28c34	97482		fixture-tika-00	request-selected-source	8	8	fixture-tika-00,fixture-tika-01,fixture-tika-02,fixture-tika-03,fixture-tika-04,fixture-tika-05,fixture-tika-06,fixture-tika-07	8	0	0	8	0	8	0	0	0	1	0
graph-id-in-literal-wrapped-contains-k08-group-02-dense	graph-id-set	graph-id-in-literal-wrapped-contains	dense	graph-id-in-literal-and-wrapped-contains	graph-routing-set	properties	200	fixture-tika-00	fixture-tika-00,fixture-tika-01,fixture-tika-02,fixture-tika-03,fixture-tika-04,fixture-tika-05,fixture-tika-06,fixture-tika-07	8	b6d4d08b650d299fbabdb34c9023e4fcf2b9df516edbf304a8f77ace3ec43d22	success	200	94237	51b180cd96740a311cc61165baa84cc05517b2f28ac6c70debc25f8e14514414	233823		fixture-tika-00	cypher-graph-id-predicate	64	1	fixture-tika-00	1	0	0	1	0	200	1	1	56	1	0
graph-id-in-parameter-wrapped-contains-k08-group-02-dense	graph-id-set	graph-id-in-parameter-wrapped-contains	dense	graph-id-in-parameter-and-wrapped-contains	parameters	properties	200	fixture-tika-00	fixture-tika-00,fixture-tika-01,fixture-tika-02,fixture-tika-03,fixture-tika-04,fixture-tika-05,fixture-tika-06,fixture-tika-07	8	b6d4d08b650d299fbabdb34c9023e4fcf2b9df516edbf304a8f77ace3ec43d22	success	200	94237	51b180cd96740a311cc61165baa84cc05517b2f28ac6c70debc25f8e14514414	88866		fixture-tika-00	cypher-graph-id-predicate	64	1	fixture-tika-00	1	0	0	1	0	200	1	1	56	1	0
request-selected-set-wrapped-contains-k08-group-02-dense	graph-set-reference	request-selected-set-wrapped-contains	dense	request-graph-set-selection-and-wrapped-contains	request-selected-source	properties	200	fixture-tika-00	fixture-tika-00,fixture-tika-01,fixture-tika-02,fixture-tika-03,fixture-tika-04,fixture-tika-05,fixture-tika-06,fixture-tika-07	8	b6d4d08b650d299fbabdb34c9023e4fcf2b9df516edbf304a8f77ace3ec43d22	success	200	94237	51b180cd96740a311cc61165baa84cc05517b2f28ac6c70debc25f8e14514414	78237		fixture-tika-00	request-selected-source	8	1	fixture-tika-00	1	0	0	1	0	200	0	0	0	1	0
graph-id-in-literal-wrapped-contains-k08-group-03-zero	graph-id-set	graph-id-in-literal-wrapped-contains	zero	graph-id-in-literal-and-wrapped-contains	graph-routing-set	properties	200	fixture-tika-08	fixture-tika-08,fixture-tika-09,fixture-tika-10,fixture-tika-11,fixture-tika-12,fixture-tika-13,fixture-tika-14,fixture-tika-15	8	1fba2dcdc700431fd973003335e6b9da0f283364e98b1312179ba06acf69d85a	success	0	147	805c8c7334c868e18e2be84be95b83cc60895722d739c2b164a68be4cd410c49	99316			cypher-graph-id-predicate	64	8	fixture-tika-08,fixture-tika-09,fixture-tika-10,fixture-tika-11,fixture-tika-12,fixture-tika-13,fixture-tika-14,fixture-tika-15	8	0	0	8	0	8	1	1	56	1	0
graph-id-in-parameter-wrapped-contains-k08-group-03-zero	graph-id-set	graph-id-in-parameter-wrapped-contains	zero	graph-id-in-parameter-and-wrapped-contains	parameters	properties	200	fixture-tika-08	fixture-tika-08,fixture-tika-09,fixture-tika-10,fixture-tika-11,fixture-tika-12,fixture-tika-13,fixture-tika-14,fixture-tika-15	8	1fba2dcdc700431fd973003335e6b9da0f283364e98b1312179ba06acf69d85a	success	0	147	805c8c7334c868e18e2be84be95b83cc60895722d739c2b164a68be4cd410c49	82825			cypher-graph-id-predicate	64	8	fixture-tika-08,fixture-tika-09,fixture-tika-10,fixture-tika-11,fixture-tika-12,fixture-tika-13,fixture-tika-14,fixture-tika-15	8	0	0	8	0	8	1	1	56	1	0
request-selected-set-wrapped-contains-k08-group-03-zero	graph-set-reference	request-selected-set-wrapped-contains	zero	request-graph-set-selection-and-wrapped-contains	request-selected-source	properties	200	fixture-tika-08	fixture-tika-08,fixture-tika-09,fixture-tika-10,fixture-tika-11,fixture-tika-12,fixture-tika-13,fixture-tika-14,fixture-tika-15	8	1fba2dcdc700431fd973003335e6b9da0f283364e98b1312179ba06acf69d85a	success	0	147	805c8c7334c868e18e2be84be95b83cc60895722d739c2b164a68be4cd410c49	84448			request-selected-source	8	8	fixture-tika-08,fixture-tika-09,fixture-tika-10,fixture-tika-11,fixture-tika-12,fixture-tika-13,fixture-tika-14,fixture-tika-15	8	0	0	8	0	8	0	0	0	1	0
graph-id-in-literal-wrapped-contains-k08-group-03-targeted	graph-id-set	graph-id-in-literal-wrapped-contains	targeted	graph-id-in-literal-and-wrapped-contains	graph-routing-set	properties	200	fixture-tika-08	fixture-tika-08,fixture-tika-09,fixture-tika-10,fixture-tika-11,fixture-tika-12,fixture-tika-13,fixture-tika-14,fixture-tika-15	8	1fba2dcdc700431fd973003335e6b9da0f283364e98b1312179ba06acf69d85a	success	11	6471	f7053dac9cedfeddd8e106fa7637705f2074a663f1e92a91b4f90ae3e2987a4d	94547		fixture-tika-08,fixture-tika-14	cypher-graph-id-predicate	64	8	fixture-tika-08,fixture-tika-09,fixture-tika-10,fixture-tika-11,fixture-tika-12,fixture-tika-13,fixture-tika-14,fixture-tika-15	8	0	0	8	0	17	1	1	56	1	0
graph-id-in-parameter-wrapped-contains-k08-group-03-targeted	graph-id-set	graph-id-in-parameter-wrapped-contains	targeted	graph-id-in-parameter-and-wrapped-contains	parameters	properties	200	fixture-tika-08	fixture-tika-08,fixture-tika-09,fixture-tika-10,fixture-tika-11,fixture-tika-12,fixture-tika-13,fixture-tika-14,fixture-tika-15	8	1fba2dcdc700431fd973003335e6b9da0f283364e98b1312179ba06acf69d85a	success	11	6471	f7053dac9cedfeddd8e106fa7637705f2074a663f1e92a91b4f90ae3e2987a4d	82735		fixture-tika-08,fixture-tika-14	cypher-graph-id-predicate	64	8	fixture-tika-08,fixture-tika-09,fixture-tika-10,fixture-tika-11,fixture-tika-12,fixture-tika-13,fixture-tika-14,fixture-tika-15	8	0	0	8	0	17	1	1	56	1	0
request-selected-set-wrapped-contains-k08-group-03-targeted	graph-set-reference	request-selected-set-wrapped-contains	targeted	request-graph-set-selection-and-wrapped-contains	request-selected-source	properties	200	fixture-tika-08	fixture-tika-08,fixture-tika-09,fixture-tika-10,fixture-tika-11,fixture-tika-12,fixture-tika-13,fixture-tika-14,fixture-tika-15	8	1fba2dcdc700431fd973003335e6b9da0f283364e98b1312179ba06acf69d85a	success	11	6471	f7053dac9cedfeddd8e106fa7637705f2074a663f1e92a91b4f90ae3e2987a4d	76624		fixture-tika-08,fixture-tika-14	request-selected-source	8	8	fixture-tika-08,fixture-tika-09,fixture-tika-10,fixture-tika-11,fixture-tika-12,fixture-tika-13,fixture-tika-14,fixture-tika-15	8	0	0	8	0	17	0	0	0	1	0
graph-id-in-literal-wrapped-contains-k08-group-03-dense	graph-id-set	graph-id-in-literal-wrapped-contains	dense	graph-id-in-literal-and-wrapped-contains	graph-routing-set	properties	200	fixture-tika-08	fixture-tika-08,fixture-tika-09,fixture-tika-10,fixture-tika-11,fixture-tika-12,fixture-tika-13,fixture-tika-14,fixture-tika-15	8	1fba2dcdc700431fd973003335e6b9da0f283364e98b1312179ba06acf69d85a	success	200	96144	13cc3d04be15c5d98101b6676211e0260c08571becd6cbc7be1dcfad1b7efce8	156944		fixture-tika-08	cypher-graph-id-predicate	64	1	fixture-tika-08	1	0	0	1	0	200	1	1	56	1	0
graph-id-in-parameter-wrapped-contains-k08-group-03-dense	graph-id-set	graph-id-in-parameter-wrapped-contains	dense	graph-id-in-parameter-and-wrapped-contains	parameters	properties	200	fixture-tika-08	fixture-tika-08,fixture-tika-09,fixture-tika-10,fixture-tika-11,fixture-tika-12,fixture-tika-13,fixture-tika-14,fixture-tika-15	8	1fba2dcdc700431fd973003335e6b9da0f283364e98b1312179ba06acf69d85a	success	200	96144	13cc3d04be15c5d98101b6676211e0260c08571becd6cbc7be1dcfad1b7efce8	144430		fixture-tika-08	cypher-graph-id-predicate	64	1	fixture-tika-08	1	0	0	1	0	200	1	1	56	1	0
request-selected-set-wrapped-contains-k08-group-03-dense	graph-set-reference	request-selected-set-wrapped-contains	dense	request-graph-set-selection-and-wrapped-contains	request-selected-source	properties	200	fixture-tika-08	fixture-tika-08,fixture-tika-09,fixture-tika-10,fixture-tika-11,fixture-tika-12,fixture-tika-13,fixture-tika-14,fixture-tika-15	8	1fba2dcdc700431fd973003335e6b9da0f283364e98b1312179ba06acf69d85a	success	200	96144	13cc3d04be15c5d98101b6676211e0260c08571becd6cbc7be1dcfad1b7efce8	98785		fixture-tika-08	request-selected-source	8	1	fixture-tika-08	1	0	0	1	0	200	0	0	0	1	0
graph-id-in-literal-wrapped-contains-k08-group-04-zero	graph-id-set	graph-id-in-literal-wrapped-contains	zero	graph-id-in-literal-and-wrapped-contains	graph-routing-set	properties	200	fixture-hive-00	fixture-hive-00,fixture-hive-01,fixture-hive-02,fixture-hive-03,fixture-hive-04,fixture-hive-05,fixture-hive-06,fixture-hive-07	8	c73b793b361718f9fcb7830a3d6ea2484143494adffc46c81528bda08ea9c1a0	success	0	147	805c8c7334c868e18e2be84be95b83cc60895722d739c2b164a68be4cd410c49	110006			cypher-graph-id-predicate	64	8	fixture-hive-00,fixture-hive-01,fixture-hive-02,fixture-hive-03,fixture-hive-04,fixture-hive-05,fixture-hive-06,fixture-hive-07	8	0	0	8	0	8	1	1	56	1	0
graph-id-in-parameter-wrapped-contains-k08-group-04-zero	graph-id-set	graph-id-in-parameter-wrapped-contains	zero	graph-id-in-parameter-and-wrapped-contains	parameters	properties	200	fixture-hive-00	fixture-hive-00,fixture-hive-01,fixture-hive-02,fixture-hive-03,fixture-hive-04,fixture-hive-05,fixture-hive-06,fixture-hive-07	8	c73b793b361718f9fcb7830a3d6ea2484143494adffc46c81528bda08ea9c1a0	success	0	147	805c8c7334c868e18e2be84be95b83cc60895722d739c2b164a68be4cd410c49	95319			cypher-graph-id-predicate	64	8	fixture-hive-00,fixture-hive-01,fixture-hive-02,fixture-hive-03,fixture-hive-04,fixture-hive-05,fixture-hive-06,fixture-hive-07	8	0	0	8	0	8	1	1	56	1	0
request-selected-set-wrapped-contains-k08-group-04-zero	graph-set-reference	request-selected-set-wrapped-contains	zero	request-graph-set-selection-and-wrapped-contains	request-selected-source	properties	200	fixture-hive-00	fixture-hive-00,fixture-hive-01,fixture-hive-02,fixture-hive-03,fixture-hive-04,fixture-hive-05,fixture-hive-06,fixture-hive-07	8	c73b793b361718f9fcb7830a3d6ea2484143494adffc46c81528bda08ea9c1a0	success	0	147	805c8c7334c868e18e2be84be95b83cc60895722d739c2b164a68be4cd410c49	88576			request-selected-source	8	8	fixture-hive-00,fixture-hive-01,fixture-hive-02,fixture-hive-03,fixture-hive-04,fixture-hive-05,fixture-hive-06,fixture-hive-07	8	0	0	8	0	8	0	0	0	1	0
graph-id-in-literal-wrapped-contains-k08-group-04-targeted	graph-id-set	graph-id-in-literal-wrapped-contains	targeted	graph-id-in-literal-and-wrapped-contains	graph-routing-set	properties	200	fixture-hive-00	fixture-hive-00,fixture-hive-01,fixture-hive-02,fixture-hive-03,fixture-hive-04,fixture-hive-05,fixture-hive-06,fixture-hive-07	8	c73b793b361718f9fcb7830a3d6ea2484143494adffc46c81528bda08ea9c1a0	success	4	2862	72e96499d86d64ae9da267f3b15791817d4250f06a8dfea9d09edd8c3c23a440	141556		fixture-hive-00	cypher-graph-id-predicate	64	8	fixture-hive-00,fixture-hive-01,fixture-hive-02,fixture-hive-03,fixture-hive-04,fixture-hive-05,fixture-hive-06,fixture-hive-07	8	0	0	8	0	11	1	1	56	1	0
graph-id-in-parameter-wrapped-contains-k08-group-04-targeted	graph-id-set	graph-id-in-parameter-wrapped-contains	targeted	graph-id-in-parameter-and-wrapped-contains	parameters	properties	200	fixture-hive-00	fixture-hive-00,fixture-hive-01,fixture-hive-02,fixture-hive-03,fixture-hive-04,fixture-hive-05,fixture-hive-06,fixture-hive-07	8	c73b793b361718f9fcb7830a3d6ea2484143494adffc46c81528bda08ea9c1a0	success	4	2862	72e96499d86d64ae9da267f3b15791817d4250f06a8dfea9d09edd8c3c23a440	90980		fixture-hive-00	cypher-graph-id-predicate	64	8	fixture-hive-00,fixture-hive-01,fixture-hive-02,fixture-hive-03,fixture-hive-04,fixture-hive-05,fixture-hive-06,fixture-hive-07	8	0	0	8	0	11	1	1	56	1	0
request-selected-set-wrapped-contains-k08-group-04-targeted	graph-set-reference	request-selected-set-wrapped-contains	targeted	request-graph-set-selection-and-wrapped-contains	request-selected-source	properties	200	fixture-hive-00	fixture-hive-00,fixture-hive-01,fixture-hive-02,fixture-hive-03,fixture-hive-04,fixture-hive-05,fixture-hive-06,fixture-hive-07	8	c73b793b361718f9fcb7830a3d6ea2484143494adffc46c81528bda08ea9c1a0	success	4	2862	72e96499d86d64ae9da267f3b15791817d4250f06a8dfea9d09edd8c3c23a440	101500		fixture-hive-00	request-selected-source	8	8	fixture-hive-00,fixture-hive-01,fixture-hive-02,fixture-hive-03,fixture-hive-04,fixture-hive-05,fixture-hive-06,fixture-hive-07	8	0	0	8	0	11	0	0	0	1	0
graph-id-in-literal-wrapped-contains-k08-group-04-dense	graph-id-set	graph-id-in-literal-wrapped-contains	dense	graph-id-in-literal-and-wrapped-contains	graph-routing-set	properties	200	fixture-hive-00	fixture-hive-00,fixture-hive-01,fixture-hive-02,fixture-hive-03,fixture-hive-04,fixture-hive-05,fixture-hive-06,fixture-hive-07	8	c73b793b361718f9fcb7830a3d6ea2484143494adffc46c81528bda08ea9c1a0	success	200	92864	0ad6a5ae10cb27d8dd28af205e0df8ebd79b3e1ca0079c8c876100ee108fc38d	219000		fixture-hive-00	cypher-graph-id-predicate	64	1	fixture-hive-00	1	0	0	1	0	200	1	1	56	1	0
graph-id-in-parameter-wrapped-contains-k08-group-04-dense	graph-id-set	graph-id-in-parameter-wrapped-contains	dense	graph-id-in-parameter-and-wrapped-contains	parameters	properties	200	fixture-hive-00	fixture-hive-00,fixture-hive-01,fixture-hive-02,fixture-hive-03,fixture-hive-04,fixture-hive-05,fixture-hive-06,fixture-hive-07	8	c73b793b361718f9fcb7830a3d6ea2484143494adffc46c81528bda08ea9c1a0	success	200	92864	0ad6a5ae10cb27d8dd28af205e0df8ebd79b3e1ca0079c8c876100ee108fc38d	93525		fixture-hive-00	cypher-graph-id-predicate	64	1	fixture-hive-00	1	0	0	1	0	200	1	1	56	1	0
request-selected-set-wrapped-contains-k08-group-04-dense	graph-set-reference	request-selected-set-wrapped-contains	dense	request-graph-set-selection-and-wrapped-contains	request-selected-source	properties	200	fixture-hive-00	fixture-hive-00,fixture-hive-01,fixture-hive-02,fixture-hive-03,fixture-hive-04,fixture-hive-05,fixture-hive-06,fixture-hive-07	8	c73b793b361718f9fcb7830a3d6ea2484143494adffc46c81528bda08ea9c1a0	success	200	92864	0ad6a5ae10cb27d8dd28af205e0df8ebd79b3e1ca0079c8c876100ee108fc38d	92082		fixture-hive-00	request-selected-source	8	1	fixture-hive-00	1	0	0	1	0	200	0	0	0	1	0
graph-id-in-literal-wrapped-contains-k08-group-05-zero	graph-id-set	graph-id-in-literal-wrapped-contains	zero	graph-id-in-literal-and-wrapped-contains	graph-routing-set	properties	200	fixture-hive-08	fixture-hive-08,fixture-hive-09,fixture-hive-10,fixture-hive-11,fixture-hive-12,fixture-hive-13,fixture-hive-14,fixture-hive-15	8	245d2497bfa92e7d039f67f8e03641c96de00028dde14456a9c51af75ba33ebf	success	0	147	805c8c7334c868e18e2be84be95b83cc60895722d739c2b164a68be4cd410c49	106399			cypher-graph-id-predicate	64	8	fixture-hive-08,fixture-hive-09,fixture-hive-10,fixture-hive-11,fixture-hive-12,fixture-hive-13,fixture-hive-14,fixture-hive-15	8	0	0	8	0	8	1	1	56	1	0
graph-id-in-parameter-wrapped-contains-k08-group-05-zero	graph-id-set	graph-id-in-parameter-wrapped-contains	zero	graph-id-in-parameter-and-wrapped-contains	parameters	properties	200	fixture-hive-08	fixture-hive-08,fixture-hive-09,fixture-hive-10,fixture-hive-11,fixture-hive-12,fixture-hive-13,fixture-hive-14,fixture-hive-15	8	245d2497bfa92e7d039f67f8e03641c96de00028dde14456a9c51af75ba33ebf	success	0	147	805c8c7334c868e18e2be84be95b83cc60895722d739c2b164a68be4cd410c49	106809			cypher-graph-id-predicate	64	8	fixture-hive-08,fixture-hive-09,fixture-hive-10,fixture-hive-11,fixture-hive-12,fixture-hive-13,fixture-hive-14,fixture-hive-15	8	0	0	8	0	8	1	1	56	1	0
request-selected-set-wrapped-contains-k08-group-05-zero	graph-set-reference	request-selected-set-wrapped-contains	zero	request-graph-set-selection-and-wrapped-contains	request-selected-source	properties	200	fixture-hive-08	fixture-hive-08,fixture-hive-09,fixture-hive-10,fixture-hive-11,fixture-hive-12,fixture-hive-13,fixture-hive-14,fixture-hive-15	8	245d2497bfa92e7d039f67f8e03641c96de00028dde14456a9c51af75ba33ebf	success	0	147	805c8c7334c868e18e2be84be95b83cc60895722d739c2b164a68be4cd410c49	86642			request-selected-source	8	8	fixture-hive-08,fixture-hive-09,fixture-hive-10,fixture-hive-11,fixture-hive-12,fixture-hive-13,fixture-hive-14,fixture-hive-15	8	0	0	8	0	8	0	0	0	1	0
graph-id-in-literal-wrapped-contains-k08-group-05-targeted	graph-id-set	graph-id-in-literal-wrapped-contains	targeted	graph-id-in-literal-and-wrapped-contains	graph-routing-set	properties	200	fixture-hive-08	fixture-hive-08,fixture-hive-09,fixture-hive-10,fixture-hive-11,fixture-hive-12,fixture-hive-13,fixture-hive-14,fixture-hive-15	8	245d2497bfa92e7d039f67f8e03641c96de00028dde14456a9c51af75ba33ebf	success	5	3569	2e8b431c58e14625230a8348815c48031083a65c269f458638b01cdf99fff211	104545		fixture-hive-08,fixture-hive-13	cypher-graph-id-predicate	64	8	fixture-hive-08,fixture-hive-09,fixture-hive-10,fixture-hive-11,fixture-hive-12,fixture-hive-13,fixture-hive-14,fixture-hive-15	8	0	0	8	0	11	1	1	56	1	0
graph-id-in-parameter-wrapped-contains-k08-group-05-targeted	graph-id-set	graph-id-in-parameter-wrapped-contains	targeted	graph-id-in-parameter-and-wrapped-contains	parameters	properties	200	fixture-hive-08	fixture-hive-08,fixture-hive-09,fixture-hive-10,fixture-hive-11,fixture-hive-12,fixture-hive-13,fixture-hive-14,fixture-hive-15	8	245d2497bfa92e7d039f67f8e03641c96de00028dde14456a9c51af75ba33ebf	success	5	3569	2e8b431c58e14625230a8348815c48031083a65c269f458638b01cdf99fff211	89408		fixture-hive-08,fixture-hive-13	cypher-graph-id-predicate	64	8	fixture-hive-08,fixture-hive-09,fixture-hive-10,fixture-hive-11,fixture-hive-12,fixture-hive-13,fixture-hive-14,fixture-hive-15	8	0	0	8	0	11	1	1	56	1	0
request-selected-set-wrapped-contains-k08-group-05-targeted	graph-set-reference	request-selected-set-wrapped-contains	targeted	request-graph-set-selection-and-wrapped-contains	request-selected-source	properties	200	fixture-hive-08	fixture-hive-08,fixture-hive-09,fixture-hive-10,fixture-hive-11,fixture-hive-12,fixture-hive-13,fixture-hive-14,fixture-hive-15	8	245d2497bfa92e7d039f67f8e03641c96de00028dde14456a9c51af75ba33ebf	success	5	3569	2e8b431c58e14625230a8348815c48031083a65c269f458638b01cdf99fff211	88646		fixture-hive-08,fixture-hive-13	request-selected-source	8	8	fixture-hive-08,fixture-hive-09,fixture-hive-10,fixture-hive-11,fixture-hive-12,fixture-hive-13,fixture-hive-14,fixture-hive-15	8	0	0	8	0	11	0	0	0	1	0
graph-id-in-literal-wrapped-contains-k08-group-05-dense	graph-id-set	graph-id-in-literal-wrapped-contains	dense	graph-id-in-literal-and-wrapped-contains	graph-routing-set	properties	200	fixture-hive-08	fixture-hive-08,fixture-hive-09,fixture-hive-10,fixture-hive-11,fixture-hive-12,fixture-hive-13,fixture-hive-14,fixture-hive-15	8	245d2497bfa92e7d039f67f8e03641c96de00028dde14456a9c51af75ba33ebf	success	200	95189	6547ed796970ad3186785ae6dc7d6b1328d226d1878e5144fdb98c21fcba06f9	193813		fixture-hive-08	cypher-graph-id-predicate	64	1	fixture-hive-08	1	0	0	1	0	200	1	1	56	1	0
graph-id-in-parameter-wrapped-contains-k08-group-05-dense	graph-id-set	graph-id-in-parameter-wrapped-contains	dense	graph-id-in-parameter-and-wrapped-contains	parameters	properties	200	fixture-hive-08	fixture-hive-08,fixture-hive-09,fixture-hive-10,fixture-hive-11,fixture-hive-12,fixture-hive-13,fixture-hive-14,fixture-hive-15	8	245d2497bfa92e7d039f67f8e03641c96de00028dde14456a9c51af75ba33ebf	success	200	95189	6547ed796970ad3186785ae6dc7d6b1328d226d1878e5144fdb98c21fcba06f9	115255		fixture-hive-08	cypher-graph-id-predicate	64	1	fixture-hive-08	1	0	0	1	0	200	1	1	56	1	0
request-selected-set-wrapped-contains-k08-group-05-dense	graph-set-reference	request-selected-set-wrapped-contains	dense	request-graph-set-selection-and-wrapped-contains	request-selected-source	properties	200	fixture-hive-08	fixture-hive-08,fixture-hive-09,fixture-hive-10,fixture-hive-11,fixture-hive-12,fixture-hive-13,fixture-hive-14,fixture-hive-15	8	245d2497bfa92e7d039f67f8e03641c96de00028dde14456a9c51af75ba33ebf	success	200	95189	6547ed796970ad3186785ae6dc7d6b1328d226d1878e5144fdb98c21fcba06f9	87424		fixture-hive-08	request-selected-source	8	1	fixture-hive-08	1	0	0	1	0	200	0	0	0	1	0
graph-id-in-literal-wrapped-contains-k08-group-06-zero	graph-id-set	graph-id-in-literal-wrapped-contains	zero	graph-id-in-literal-and-wrapped-contains	graph-routing-set	properties	200	fixture-kotlin-compiler-00	fixture-kotlin-compiler-00,fixture-kotlin-compiler-01,fixture-kotlin-compiler-02,fixture-kotlin-compiler-03,fixture-kotlin-compiler-04,fixture-kotlin-compiler-05,fixture-kotlin-compiler-06,fixture-kotlin-compiler-07	8	2357f16b816a2884469ac1d6be7fe0f5b175a808aaff08b348c930099991c386	success	0	147	805c8c7334c868e18e2be84be95b83cc60895722d739c2b164a68be4cd410c49	116828			cypher-graph-id-predicate	64	8	fixture-kotlin-compiler-00,fixture-kotlin-compiler-01,fixture-kotlin-compiler-02,fixture-kotlin-compiler-03,fixture-kotlin-compiler-04,fixture-kotlin-compiler-05,fixture-kotlin-compiler-06,fixture-kotlin-compiler-07	8	0	0	8	0	8	1	1	56	1	0
graph-id-in-parameter-wrapped-contains-k08-group-06-zero	graph-id-set	graph-id-in-parameter-wrapped-contains	zero	graph-id-in-parameter-and-wrapped-contains	parameters	properties	200	fixture-kotlin-compiler-00	fixture-kotlin-compiler-00,fixture-kotlin-compiler-01,fixture-kotlin-compiler-02,fixture-kotlin-compiler-03,fixture-kotlin-compiler-04,fixture-kotlin-compiler-05,fixture-kotlin-compiler-06,fixture-kotlin-compiler-07	8	2357f16b816a2884469ac1d6be7fe0f5b175a808aaff08b348c930099991c386	success	0	147	805c8c7334c868e18e2be84be95b83cc60895722d739c2b164a68be4cd410c49	115627			cypher-graph-id-predicate	64	8	fixture-kotlin-compiler-00,fixture-kotlin-compiler-01,fixture-kotlin-compiler-02,fixture-kotlin-compiler-03,fixture-kotlin-compiler-04,fixture-kotlin-compiler-05,fixture-kotlin-compiler-06,fixture-kotlin-compiler-07	8	0	0	8	0	8	1	1	56	1	0
request-selected-set-wrapped-contains-k08-group-06-zero	graph-set-reference	request-selected-set-wrapped-contains	zero	request-graph-set-selection-and-wrapped-contains	request-selected-source	properties	200	fixture-kotlin-compiler-00	fixture-kotlin-compiler-00,fixture-kotlin-compiler-01,fixture-kotlin-compiler-02,fixture-kotlin-compiler-03,fixture-kotlin-compiler-04,fixture-kotlin-compiler-05,fixture-kotlin-compiler-06,fixture-kotlin-compiler-07	8	2357f16b816a2884469ac1d6be7fe0f5b175a808aaff08b348c930099991c386	success	0	147	805c8c7334c868e18e2be84be95b83cc60895722d739c2b164a68be4cd410c49	90188			request-selected-source	8	8	fixture-kotlin-compiler-00,fixture-kotlin-compiler-01,fixture-kotlin-compiler-02,fixture-kotlin-compiler-03,fixture-kotlin-compiler-04,fixture-kotlin-compiler-05,fixture-kotlin-compiler-06,fixture-kotlin-compiler-07	8	0	0	8	0	8	0	0	0	1	0
graph-id-in-literal-wrapped-contains-k08-group-06-targeted	graph-id-set	graph-id-in-literal-wrapped-contains	targeted	graph-id-in-literal-and-wrapped-contains	graph-routing-set	properties	200	fixture-kotlin-compiler-00	fixture-kotlin-compiler-00,fixture-kotlin-compiler-01,fixture-kotlin-compiler-02,fixture-kotlin-compiler-03,fixture-kotlin-compiler-04,fixture-kotlin-compiler-05,fixture-kotlin-compiler-06,fixture-kotlin-compiler-07	8	2357f16b816a2884469ac1d6be7fe0f5b175a808aaff08b348c930099991c386	success	10	6351	274597a5e0e535d6581734920f9ffbc39062a84a13ad9d85823a8f12df219dfd	104345		fixture-kotlin-compiler-00	cypher-graph-id-predicate	64	8	fixture-kotlin-compiler-00,fixture-kotlin-compiler-01,fixture-kotlin-compiler-02,fixture-kotlin-compiler-03,fixture-kotlin-compiler-04,fixture-kotlin-compiler-05,fixture-kotlin-compiler-06,fixture-kotlin-compiler-07	8	0	0	8	0	17	1	1	56	1	0
graph-id-in-parameter-wrapped-contains-k08-group-06-targeted	graph-id-set	graph-id-in-parameter-wrapped-contains	targeted	graph-id-in-parameter-and-wrapped-contains	parameters	properties	200	fixture-kotlin-compiler-00	fixture-kotlin-compiler-00,fixture-kotlin-compiler-01,fixture-kotlin-compiler-02,fixture-kotlin-compiler-03,fixture-kotlin-compiler-04,fixture-kotlin-compiler-05,fixture-kotlin-compiler-06,fixture-kotlin-compiler-07	8	2357f16b816a2884469ac1d6be7fe0f5b175a808aaff08b348c930099991c386	success	10	6351	274597a5e0e535d6581734920f9ffbc39062a84a13ad9d85823a8f12df219dfd	93996		fixture-kotlin-compiler-00	cypher-graph-id-predicate	64	8	fixture-kotlin-compiler-00,fixture-kotlin-compiler-01,fixture-kotlin-compiler-02,fixture-kotlin-compiler-03,fixture-kotlin-compiler-04,fixture-kotlin-compiler-05,fixture-kotlin-compiler-06,fixture-kotlin-compiler-07	8	0	0	8	0	17	1	1	56	1	0
request-selected-set-wrapped-contains-k08-group-06-targeted	graph-set-reference	request-selected-set-wrapped-contains	targeted	request-graph-set-selection-and-wrapped-contains	request-selected-source	properties	200	fixture-kotlin-compiler-00	fixture-kotlin-compiler-00,fixture-kotlin-compiler-01,fixture-kotlin-compiler-02,fixture-kotlin-compiler-03,fixture-kotlin-compiler-04,fixture-kotlin-compiler-05,fixture-kotlin-compiler-06,fixture-kotlin-compiler-07	8	2357f16b816a2884469ac1d6be7fe0f5b175a808aaff08b348c930099991c386	success	10	6351	274597a5e0e535d6581734920f9ffbc39062a84a13ad9d85823a8f12df219dfd	92723		fixture-kotlin-compiler-00	request-selected-source	8	8	fixture-kotlin-compiler-00,fixture-kotlin-compiler-01,fixture-kotlin-compiler-02,fixture-kotlin-compiler-03,fixture-kotlin-compiler-04,fixture-kotlin-compiler-05,fixture-kotlin-compiler-06,fixture-kotlin-compiler-07	8	0	0	8	0	17	0	0	0	1	0
graph-id-in-literal-wrapped-contains-k08-group-06-dense	graph-id-set	graph-id-in-literal-wrapped-contains	dense	graph-id-in-literal-and-wrapped-contains	graph-routing-set	properties	200	fixture-kotlin-compiler-00	fixture-kotlin-compiler-00,fixture-kotlin-compiler-01,fixture-kotlin-compiler-02,fixture-kotlin-compiler-03,fixture-kotlin-compiler-04,fixture-kotlin-compiler-05,fixture-kotlin-compiler-06,fixture-kotlin-compiler-07	8	2357f16b816a2884469ac1d6be7fe0f5b175a808aaff08b348c930099991c386	success	200	97301	4abd067ea3c7496241f2623586a132809a81e33bd08c7645b717be3ee7ee2542	206817		fixture-kotlin-compiler-00	cypher-graph-id-predicate	64	1	fixture-kotlin-compiler-00	1	0	0	1	0	200	1	1	56	1	0
graph-id-in-parameter-wrapped-contains-k08-group-06-dense	graph-id-set	graph-id-in-parameter-wrapped-contains	dense	graph-id-in-parameter-and-wrapped-contains	parameters	properties	200	fixture-kotlin-compiler-00	fixture-kotlin-compiler-00,fixture-kotlin-compiler-01,fixture-kotlin-compiler-02,fixture-kotlin-compiler-03,fixture-kotlin-compiler-04,fixture-kotlin-compiler-05,fixture-kotlin-compiler-06,fixture-kotlin-compiler-07	8	2357f16b816a2884469ac1d6be7fe0f5b175a808aaff08b348c930099991c386	success	200	97301	4abd067ea3c7496241f2623586a132809a81e33bd08c7645b717be3ee7ee2542	112270		fixture-kotlin-compiler-00	cypher-graph-id-predicate	64	1	fixture-kotlin-compiler-00	1	0	0	1	0	200	1	1	56	1	0
request-selected-set-wrapped-contains-k08-group-06-dense	graph-set-reference	request-selected-set-wrapped-contains	dense	request-graph-set-selection-and-wrapped-contains	request-selected-source	properties	200	fixture-kotlin-compiler-00	fixture-kotlin-compiler-00,fixture-kotlin-compiler-01,fixture-kotlin-compiler-02,fixture-kotlin-compiler-03,fixture-kotlin-compiler-04,fixture-kotlin-compiler-05,fixture-kotlin-compiler-06,fixture-kotlin-compiler-07	8	2357f16b816a2884469ac1d6be7fe0f5b175a808aaff08b348c930099991c386	success	200	97301	4abd067ea3c7496241f2623586a132809a81e33bd08c7645b717be3ee7ee2542	93104		fixture-kotlin-compiler-00	request-selected-source	8	1	fixture-kotlin-compiler-00	1	0	0	1	0	200	0	0	0	1	0
graph-id-in-literal-wrapped-contains-k08-group-07-zero	graph-id-set	graph-id-in-literal-wrapped-contains	zero	graph-id-in-literal-and-wrapped-contains	graph-routing-set	properties	200	fixture-kotlin-compiler-08	fixture-kotlin-compiler-08,fixture-kotlin-compiler-09,fixture-kotlin-compiler-10,fixture-kotlin-compiler-11,fixture-kotlin-compiler-12,fixture-kotlin-compiler-13,fixture-kotlin-compiler-14,fixture-kotlin-compiler-15	8	9292ac32ef9f293478d3503f3f9fc5ad57387486cc5526339373d8f264b933aa	success	0	147	805c8c7334c868e18e2be84be95b83cc60895722d739c2b164a68be4cd410c49	124413			cypher-graph-id-predicate	64	8	fixture-kotlin-compiler-08,fixture-kotlin-compiler-09,fixture-kotlin-compiler-10,fixture-kotlin-compiler-11,fixture-kotlin-compiler-12,fixture-kotlin-compiler-13,fixture-kotlin-compiler-14,fixture-kotlin-compiler-15	8	0	0	8	0	8	1	1	56	1	0
graph-id-in-parameter-wrapped-contains-k08-group-07-zero	graph-id-set	graph-id-in-parameter-wrapped-contains	zero	graph-id-in-parameter-and-wrapped-contains	parameters	properties	200	fixture-kotlin-compiler-08	fixture-kotlin-compiler-08,fixture-kotlin-compiler-09,fixture-kotlin-compiler-10,fixture-kotlin-compiler-11,fixture-kotlin-compiler-12,fixture-kotlin-compiler-13,fixture-kotlin-compiler-14,fixture-kotlin-compiler-15	8	9292ac32ef9f293478d3503f3f9fc5ad57387486cc5526339373d8f264b933aa	success	0	147	805c8c7334c868e18e2be84be95b83cc60895722d739c2b164a68be4cd410c49	114345			cypher-graph-id-predicate	64	8	fixture-kotlin-compiler-08,fixture-kotlin-compiler-09,fixture-kotlin-compiler-10,fixture-kotlin-compiler-11,fixture-kotlin-compiler-12,fixture-kotlin-compiler-13,fixture-kotlin-compiler-14,fixture-kotlin-compiler-15	8	0	0	8	0	8	1	1	56	1	0
request-selected-set-wrapped-contains-k08-group-07-zero	graph-set-reference	request-selected-set-wrapped-contains	zero	request-graph-set-selection-and-wrapped-contains	request-selected-source	properties	200	fixture-kotlin-compiler-08	fixture-kotlin-compiler-08,fixture-kotlin-compiler-09,fixture-kotlin-compiler-10,fixture-kotlin-compiler-11,fixture-kotlin-compiler-12,fixture-kotlin-compiler-13,fixture-kotlin-compiler-14,fixture-kotlin-compiler-15	8	9292ac32ef9f293478d3503f3f9fc5ad57387486cc5526339373d8f264b933aa	success	0	147	805c8c7334c868e18e2be84be95b83cc60895722d739c2b164a68be4cd410c49	102933			request-selected-source	8	8	fixture-kotlin-compiler-08,fixture-kotlin-compiler-09,fixture-kotlin-compiler-10,fixture-kotlin-compiler-11,fixture-kotlin-compiler-12,fixture-kotlin-compiler-13,fixture-kotlin-compiler-14,fixture-kotlin-compiler-15	8	0	0	8	0	8	0	0	0	1	0
graph-id-in-literal-wrapped-contains-k08-group-07-targeted	graph-id-set	graph-id-in-literal-wrapped-contains	targeted	graph-id-in-literal-and-wrapped-contains	graph-routing-set	properties	200	fixture-kotlin-compiler-08	fixture-kotlin-compiler-08,fixture-kotlin-compiler-09,fixture-kotlin-compiler-10,fixture-kotlin-compiler-11,fixture-kotlin-compiler-12,fixture-kotlin-compiler-13,fixture-kotlin-compiler-14,fixture-kotlin-compiler-15	8	9292ac32ef9f293478d3503f3f9fc5ad57387486cc5526339373d8f264b933aa	success	5	3192	6be81ce87c99d083628d76b0dce1e105c3d7fae110ebf15207143c3be7df8eeb	111800		fixture-kotlin-compiler-08,fixture-kotlin-compiler-14	cypher-graph-id-predicate	64	8	fixture-kotlin-compiler-08,fixture-kotlin-compiler-09,fixture-kotlin-compiler-10,fixture-kotlin-compiler-11,fixture-kotlin-compiler-12,fixture-kotlin-compiler-13,fixture-kotlin-compiler-14,fixture-kotlin-compiler-15	8	0	0	8	0	11	1	1	56	1	0
graph-id-in-parameter-wrapped-contains-k08-group-07-targeted	graph-id-set	graph-id-in-parameter-wrapped-contains	targeted	graph-id-in-parameter-and-wrapped-contains	parameters	properties	200	fixture-kotlin-compiler-08	fixture-kotlin-compiler-08,fixture-kotlin-compiler-09,fixture-kotlin-compiler-10,fixture-kotlin-compiler-11,fixture-kotlin-compiler-12,fixture-kotlin-compiler-13,fixture-kotlin-compiler-14,fixture-kotlin-compiler-15	8	9292ac32ef9f293478d3503f3f9fc5ad57387486cc5526339373d8f264b933aa	success	5	3192	6be81ce87c99d083628d76b0dce1e105c3d7fae110ebf15207143c3be7df8eeb	94597		fixture-kotlin-compiler-08,fixture-kotlin-compiler-14	cypher-graph-id-predicate	64	8	fixture-kotlin-compiler-08,fixture-kotlin-compiler-09,fixture-kotlin-compiler-10,fixture-kotlin-compiler-11,fixture-kotlin-compiler-12,fixture-kotlin-compiler-13,fixture-kotlin-compiler-14,fixture-kotlin-compiler-15	8	0	0	8	0	11	1	1	56	1	0
request-selected-set-wrapped-contains-k08-group-07-targeted	graph-set-reference	request-selected-set-wrapped-contains	targeted	request-graph-set-selection-and-wrapped-contains	request-selected-source	properties	200	fixture-kotlin-compiler-08	fixture-kotlin-compiler-08,fixture-kotlin-compiler-09,fixture-kotlin-compiler-10,fixture-kotlin-compiler-11,fixture-kotlin-compiler-12,fixture-kotlin-compiler-13,fixture-kotlin-compiler-14,fixture-kotlin-compiler-15	8	9292ac32ef9f293478d3503f3f9fc5ad57387486cc5526339373d8f264b933aa	success	5	3192	6be81ce87c99d083628d76b0dce1e105c3d7fae110ebf15207143c3be7df8eeb	104165		fixture-kotlin-compiler-08,fixture-kotlin-compiler-14	request-selected-source	8	8	fixture-kotlin-compiler-08,fixture-kotlin-compiler-09,fixture-kotlin-compiler-10,fixture-kotlin-compiler-11,fixture-kotlin-compiler-12,fixture-kotlin-compiler-13,fixture-kotlin-compiler-14,fixture-kotlin-compiler-15	8	0	0	8	0	11	0	0	0	1	0
graph-id-in-literal-wrapped-contains-k08-group-07-dense	graph-id-set	graph-id-in-literal-wrapped-contains	dense	graph-id-in-literal-and-wrapped-contains	graph-routing-set	properties	200	fixture-kotlin-compiler-08	fixture-kotlin-compiler-08,fixture-kotlin-compiler-09,fixture-kotlin-compiler-10,fixture-kotlin-compiler-11,fixture-kotlin-compiler-12,fixture-kotlin-compiler-13,fixture-kotlin-compiler-14,fixture-kotlin-compiler-15	8	9292ac32ef9f293478d3503f3f9fc5ad57387486cc5526339373d8f264b933aa	success	200	93704	b778fc4edfb3c1031b90b2d3d121fd31958733afdc68d3f1cde538a17b738328	155552		fixture-kotlin-compiler-08	cypher-graph-id-predicate	64	1	fixture-kotlin-compiler-08	1	0	0	1	0	200	1	1	56	1	0
graph-id-in-parameter-wrapped-contains-k08-group-07-dense	graph-id-set	graph-id-in-parameter-wrapped-contains	dense	graph-id-in-parameter-and-wrapped-contains	parameters	properties	200	fixture-kotlin-compiler-08	fixture-kotlin-compiler-08,fixture-kotlin-compiler-09,fixture-kotlin-compiler-10,fixture-kotlin-compiler-11,fixture-kotlin-compiler-12,fixture-kotlin-compiler-13,fixture-kotlin-compiler-14,fixture-kotlin-compiler-15	8	9292ac32ef9f293478d3503f3f9fc5ad57387486cc5526339373d8f264b933aa	success	200	93704	b778fc4edfb3c1031b90b2d3d121fd31958733afdc68d3f1cde538a17b738328	101640		fixture-kotlin-compiler-08	cypher-graph-id-predicate	64	1	fixture-kotlin-compiler-08	1	0	0	1	0	200	1	1	56	1	0
request-selected-set-wrapped-contains-k08-group-07-dense	graph-set-reference	request-selected-set-wrapped-contains	dense	request-graph-set-selection-and-wrapped-contains	request-selected-source	properties	200	fixture-kotlin-compiler-08	fixture-kotlin-compiler-08,fixture-kotlin-compiler-09,fixture-kotlin-compiler-10,fixture-kotlin-compiler-11,fixture-kotlin-compiler-12,fixture-kotlin-compiler-13,fixture-kotlin-compiler-14,fixture-kotlin-compiler-15	8	9292ac32ef9f293478d3503f3f9fc5ad57387486cc5526339373d8f264b933aa	success	200	93704	b778fc4edfb3c1031b90b2d3d121fd31958733afdc68d3f1cde538a17b738328	118021		fixture-kotlin-compiler-08	request-selected-source	8	1	fixture-kotlin-compiler-08	1	0	0	1	0	200	0	0	0	1	0
graph-id-in-literal-wrapped-contains-k64-group-00-zero	graph-id-set	graph-id-in-literal-wrapped-contains	zero	graph-id-in-literal-and-wrapped-contains	graph-routing-set	properties	200	fixture-android-00	fixture-android-00,fixture-android-01,fixture-android-02,fixture-android-03,fixture-android-04,fixture-android-05,fixture-android-06,fixture-android-07,fixture-android-08,fixture-android-09,fixture-android-10,fixture-android-11,fixture-android-12,fixture-android-13,fixture-android-14,fixture-android-15,fixture-tika-00,fixture-tika-01,fixture-tika-02,fixture-tika-03,fixture-tika-04,fixture-tika-05,fixture-tika-06,fixture-tika-07,fixture-tika-08,fixture-tika-09,fixture-tika-10,fixture-tika-11,fixture-tika-12,fixture-tika-13,fixture-tika-14,fixture-tika-15,fixture-hive-00,fixture-hive-01,fixture-hive-02,fixture-hive-03,fixture-hive-04,fixture-hive-05,fixture-hive-06,fixture-hive-07,fixture-hive-08,fixture-hive-09,fixture-hive-10,fixture-hive-11,fixture-hive-12,fixture-hive-13,fixture-hive-14,fixture-hive-15,fixture-kotlin-compiler-00,fixture-kotlin-compiler-01,fixture-kotlin-compiler-02,fixture-kotlin-compiler-03,fixture-kotlin-compiler-04,fixture-kotlin-compiler-05,fixture-kotlin-compiler-06,fixture-kotlin-compiler-07,fixture-kotlin-compiler-08,fixture-kotlin-compiler-09,fixture-kotlin-compiler-10,fixture-kotlin-compiler-11,fixture-kotlin-compiler-12,fixture-kotlin-compiler-13,fixture-kotlin-compiler-14,fixture-kotlin-compiler-15	64	35bad66d358dca7faeb0cdf55b64b864a288b1b7a4100dbf64766839a0267284	success	0	147	805c8c7334c868e18e2be84be95b83cc60895722d739c2b164a68be4cd410c49	266749			cypher-graph-id-predicate	64	64	fixture-android-00,fixture-android-01,fixture-android-02,fixture-android-03,fixture-android-04,fixture-android-05,fixture-android-06,fixture-android-07,fixture-android-08,fixture-android-09,fixture-android-10,fixture-android-11,fixture-android-12,fixture-android-13,fixture-android-14,fixture-android-15,fixture-hive-00,fixture-hive-01,fixture-hive-02,fixture-hive-03,fixture-hive-04,fixture-hive-05,fixture-hive-06,fixture-hive-07,fixture-hive-08,fixture-hive-09,fixture-hive-10,fixture-hive-11,fixture-hive-12,fixture-hive-13,fixture-hive-14,fixture-hive-15,fixture-kotlin-compiler-00,fixture-kotlin-compiler-01,fixture-kotlin-compiler-02,fixture-kotlin-compiler-03,fixture-kotlin-compiler-04,fixture-kotlin-compiler-05,fixture-kotlin-compiler-06,fixture-kotlin-compiler-07,fixture-kotlin-compiler-08,fixture-kotlin-compiler-09,fixture-kotlin-compiler-10,fixture-kotlin-compiler-11,fixture-kotlin-compiler-12,fixture-kotlin-compiler-13,fixture-kotlin-compiler-14,fixture-kotlin-compiler-15,fixture-tika-00,fixture-tika-01,fixture-tika-02,fixture-tika-03,fixture-tika-04,fixture-tika-05,fixture-tika-06,fixture-tika-07,fixture-tika-08,fixture-tika-09,fixture-tika-10,fixture-tika-11,fixture-tika-12,fixture-tika-13,fixture-tika-14,fixture-tika-15	64	0	0	64	0	64	1	0	0	1	0
graph-id-in-parameter-wrapped-contains-k64-group-00-zero	graph-id-set	graph-id-in-parameter-wrapped-contains	zero	graph-id-in-parameter-and-wrapped-contains	parameters	properties	200	fixture-android-00	fixture-android-00,fixture-android-01,fixture-android-02,fixture-android-03,fixture-android-04,fixture-android-05,fixture-android-06,fixture-android-07,fixture-android-08,fixture-android-09,fixture-android-10,fixture-android-11,fixture-android-12,fixture-android-13,fixture-android-14,fixture-android-15,fixture-tika-00,fixture-tika-01,fixture-tika-02,fixture-tika-03,fixture-tika-04,fixture-tika-05,fixture-tika-06,fixture-tika-07,fixture-tika-08,fixture-tika-09,fixture-tika-10,fixture-tika-11,fixture-tika-12,fixture-tika-13,fixture-tika-14,fixture-tika-15,fixture-hive-00,fixture-hive-01,fixture-hive-02,fixture-hive-03,fixture-hive-04,fixture-hive-05,fixture-hive-06,fixture-hive-07,fixture-hive-08,fixture-hive-09,fixture-hive-10,fixture-hive-11,fixture-hive-12,fixture-hive-13,fixture-hive-14,fixture-hive-15,fixture-kotlin-compiler-00,fixture-kotlin-compiler-01,fixture-kotlin-compiler-02,fixture-kotlin-compiler-03,fixture-kotlin-compiler-04,fixture-kotlin-compiler-05,fixture-kotlin-compiler-06,fixture-kotlin-compiler-07,fixture-kotlin-compiler-08,fixture-kotlin-compiler-09,fixture-kotlin-compiler-10,fixture-kotlin-compiler-11,fixture-kotlin-compiler-12,fixture-kotlin-compiler-13,fixture-kotlin-compiler-14,fixture-kotlin-compiler-15	64	35bad66d358dca7faeb0cdf55b64b864a288b1b7a4100dbf64766839a0267284	success	0	147	805c8c7334c868e18e2be84be95b83cc60895722d739c2b164a68be4cd410c49	177202			cypher-graph-id-predicate	64	64	fixture-android-00,fixture-android-01,fixture-android-02,fixture-android-03,fixture-android-04,fixture-android-05,fixture-android-06,fixture-android-07,fixture-android-08,fixture-android-09,fixture-android-10,fixture-android-11,fixture-android-12,fixture-android-13,fixture-android-14,fixture-android-15,fixture-hive-00,fixture-hive-01,fixture-hive-02,fixture-hive-03,fixture-hive-04,fixture-hive-05,fixture-hive-06,fixture-hive-07,fixture-hive-08,fixture-hive-09,fixture-hive-10,fixture-hive-11,fixture-hive-12,fixture-hive-13,fixture-hive-14,fixture-hive-15,fixture-kotlin-compiler-00,fixture-kotlin-compiler-01,fixture-kotlin-compiler-02,fixture-kotlin-compiler-03,fixture-kotlin-compiler-04,fixture-kotlin-compiler-05,fixture-kotlin-compiler-06,fixture-kotlin-compiler-07,fixture-kotlin-compiler-08,fixture-kotlin-compiler-09,fixture-kotlin-compiler-10,fixture-kotlin-compiler-11,fixture-kotlin-compiler-12,fixture-kotlin-compiler-13,fixture-kotlin-compiler-14,fixture-kotlin-compiler-15,fixture-tika-00,fixture-tika-01,fixture-tika-02,fixture-tika-03,fixture-tika-04,fixture-tika-05,fixture-tika-06,fixture-tika-07,fixture-tika-08,fixture-tika-09,fixture-tika-10,fixture-tika-11,fixture-tika-12,fixture-tika-13,fixture-tika-14,fixture-tika-15	64	0	0	64	0	64	1	0	0	1	0
graph-id-in-literal-wrapped-contains-k64-group-00-targeted	graph-id-set	graph-id-in-literal-wrapped-contains	targeted	graph-id-in-literal-and-wrapped-contains	graph-routing-set	properties	200	fixture-android-00	fixture-android-00,fixture-android-01,fixture-android-02,fixture-android-03,fixture-android-04,fixture-android-05,fixture-android-06,fixture-android-07,fixture-android-08,fixture-android-09,fixture-android-10,fixture-android-11,fixture-android-12,fixture-android-13,fixture-android-14,fixture-android-15,fixture-tika-00,fixture-tika-01,fixture-tika-02,fixture-tika-03,fixture-tika-04,fixture-tika-05,fixture-tika-06,fixture-tika-07,fixture-tika-08,fixture-tika-09,fixture-tika-10,fixture-tika-11,fixture-tika-12,fixture-tika-13,fixture-tika-14,fixture-tika-15,fixture-hive-00,fixture-hive-01,fixture-hive-02,fixture-hive-03,fixture-hive-04,fixture-hive-05,fixture-hive-06,fixture-hive-07,fixture-hive-08,fixture-hive-09,fixture-hive-10,fixture-hive-11,fixture-hive-12,fixture-hive-13,fixture-hive-14,fixture-hive-15,fixture-kotlin-compiler-00,fixture-kotlin-compiler-01,fixture-kotlin-compiler-02,fixture-kotlin-compiler-03,fixture-kotlin-compiler-04,fixture-kotlin-compiler-05,fixture-kotlin-compiler-06,fixture-kotlin-compiler-07,fixture-kotlin-compiler-08,fixture-kotlin-compiler-09,fixture-kotlin-compiler-10,fixture-kotlin-compiler-11,fixture-kotlin-compiler-12,fixture-kotlin-compiler-13,fixture-kotlin-compiler-14,fixture-kotlin-compiler-15	64	35bad66d358dca7faeb0cdf55b64b864a288b1b7a4100dbf64766839a0267284	success	11	6277	ca01ade166f4156fe11d166c7832fed45bfbdf107060915eb0c8f2df36ef35ed	193052		fixture-android-00,fixture-android-09	cypher-graph-id-predicate	64	64	fixture-android-00,fixture-android-01,fixture-android-02,fixture-android-03,fixture-android-04,fixture-android-05,fixture-android-06,fixture-android-07,fixture-android-08,fixture-android-09,fixture-android-10,fixture-android-11,fixture-android-12,fixture-android-13,fixture-android-14,fixture-android-15,fixture-hive-00,fixture-hive-01,fixture-hive-02,fixture-hive-03,fixture-hive-04,fixture-hive-05,fixture-hive-06,fixture-hive-07,fixture-hive-08,fixture-hive-09,fixture-hive-10,fixture-hive-11,fixture-hive-12,fixture-hive-13,fixture-hive-14,fixture-hive-15,fixture-kotlin-compiler-00,fixture-kotlin-compiler-01,fixture-kotlin-compiler-02,fixture-kotlin-compiler-03,fixture-kotlin-compiler-04,fixture-kotlin-compiler-05,fixture-kotlin-compiler-06,fixture-kotlin-compiler-07,fixture-kotlin-compiler-08,fixture-kotlin-compiler-09,fixture-kotlin-compiler-10,fixture-kotlin-compiler-11,fixture-kotlin-compiler-12,fixture-kotlin-compiler-13,fixture-kotlin-compiler-14,fixture-kotlin-compiler-15,fixture-tika-00,fixture-tika-01,fixture-tika-02,fixture-tika-03,fixture-tika-04,fixture-tika-05,fixture-tika-06,fixture-tika-07,fixture-tika-08,fixture-tika-09,fixture-tika-10,fixture-tika-11,fixture-tika-12,fixture-tika-13,fixture-tika-14,fixture-tika-15	64	0	0	64	0	73	1	0	0	1	0
graph-id-in-parameter-wrapped-contains-k64-group-00-targeted	graph-id-set	graph-id-in-parameter-wrapped-contains	targeted	graph-id-in-parameter-and-wrapped-contains	parameters	properties	200	fixture-android-00	fixture-android-00,fixture-android-01,fixture-android-02,fixture-android-03,fixture-android-04,fixture-android-05,fixture-android-06,fixture-android-07,fixture-android-08,fixture-android-09,fixture-android-10,fixture-android-11,fixture-android-12,fixture-android-13,fixture-android-14,fixture-android-15,fixture-tika-00,fixture-tika-01,fixture-tika-02,fixture-tika-03,fixture-tika-04,fixture-tika-05,fixture-tika-06,fixture-tika-07,fixture-tika-08,fixture-tika-09,fixture-tika-10,fixture-tika-11,fixture-tika-12,fixture-tika-13,fixture-tika-14,fixture-tika-15,fixture-hive-00,fixture-hive-01,fixture-hive-02,fixture-hive-03,fixture-hive-04,fixture-hive-05,fixture-hive-06,fixture-hive-07,fixture-hive-08,fixture-hive-09,fixture-hive-10,fixture-hive-11,fixture-hive-12,fixture-hive-13,fixture-hive-14,fixture-hive-15,fixture-kotlin-compiler-00,fixture-kotlin-compiler-01,fixture-kotlin-compiler-02,fixture-kotlin-compiler-03,fixture-kotlin-compiler-04,fixture-kotlin-compiler-05,fixture-kotlin-compiler-06,fixture-kotlin-compiler-07,fixture-kotlin-compiler-08,fixture-kotlin-compiler-09,fixture-kotlin-compiler-10,fixture-kotlin-compiler-11,fixture-kotlin-compiler-12,fixture-kotlin-compiler-13,fixture-kotlin-compiler-14,fixture-kotlin-compiler-15	64	35bad66d358dca7faeb0cdf55b64b864a288b1b7a4100dbf64766839a0267284	success	11	6277	ca01ade166f4156fe11d166c7832fed45bfbdf107060915eb0c8f2df36ef35ed	210073		fixture-android-00,fixture-android-09	cypher-graph-id-predicate	64	64	fixture-android-00,fixture-android-01,fixture-android-02,fixture-android-03,fixture-android-04,fixture-android-05,fixture-android-06,fixture-android-07,fixture-android-08,fixture-android-09,fixture-android-10,fixture-android-11,fixture-android-12,fixture-android-13,fixture-android-14,fixture-android-15,fixture-hive-00,fixture-hive-01,fixture-hive-02,fixture-hive-03,fixture-hive-04,fixture-hive-05,fixture-hive-06,fixture-hive-07,fixture-hive-08,fixture-hive-09,fixture-hive-10,fixture-hive-11,fixture-hive-12,fixture-hive-13,fixture-hive-14,fixture-hive-15,fixture-kotlin-compiler-00,fixture-kotlin-compiler-01,fixture-kotlin-compiler-02,fixture-kotlin-compiler-03,fixture-kotlin-compiler-04,fixture-kotlin-compiler-05,fixture-kotlin-compiler-06,fixture-kotlin-compiler-07,fixture-kotlin-compiler-08,fixture-kotlin-compiler-09,fixture-kotlin-compiler-10,fixture-kotlin-compiler-11,fixture-kotlin-compiler-12,fixture-kotlin-compiler-13,fixture-kotlin-compiler-14,fixture-kotlin-compiler-15,fixture-tika-00,fixture-tika-01,fixture-tika-02,fixture-tika-03,fixture-tika-04,fixture-tika-05,fixture-tika-06,fixture-tika-07,fixture-tika-08,fixture-tika-09,fixture-tika-10,fixture-tika-11,fixture-tika-12,fixture-tika-13,fixture-tika-14,fixture-tika-15	64	0	0	64	0	73	1	0	0	1	0
request-selected-set-wrapped-contains-k64-group-00-targeted	graph-set-reference	request-selected-set-wrapped-contains	targeted	request-graph-set-selection-and-wrapped-contains	request-selected-source	properties	200	fixture-android-00	fixture-android-00,fixture-android-01,fixture-android-02,fixture-android-03,fixture-android-04,fixture-android-05,fixture-android-06,fixture-android-07,fixture-android-08,fixture-android-09,fixture-android-10,fixture-android-11,fixture-android-12,fixture-android-13,fixture-android-14,fixture-android-15,fixture-tika-00,fixture-tika-01,fixture-tika-02,fixture-tika-03,fixture-tika-04,fixture-tika-05,fixture-tika-06,fixture-tika-07,fixture-tika-08,fixture-tika-09,fixture-tika-10,fixture-tika-11,fixture-tika-12,fixture-tika-13,fixture-tika-14,fixture-tika-15,fixture-hive-00,fixture-hive-01,fixture-hive-02,fixture-hive-03,fixture-hive-04,fixture-hive-05,fixture-hive-06,fixture-hive-07,fixture-hive-08,fixture-hive-09,fixture-hive-10,fixture-hive-11,fixture-hive-12,fixture-hive-13,fixture-hive-14,fixture-hive-15,fixture-kotlin-compiler-00,fixture-kotlin-compiler-01,fixture-kotlin-compiler-02,fixture-kotlin-compiler-03,fixture-kotlin-compiler-04,fixture-kotlin-compiler-05,fixture-kotlin-compiler-06,fixture-kotlin-compiler-07,fixture-kotlin-compiler-08,fixture-kotlin-compiler-09,fixture-kotlin-compiler-10,fixture-kotlin-compiler-11,fixture-kotlin-compiler-12,fixture-kotlin-compiler-13,fixture-kotlin-compiler-14,fixture-kotlin-compiler-15	64	35bad66d358dca7faeb0cdf55b64b864a288b1b7a4100dbf64766839a0267284	success	11	6277	ca01ade166f4156fe11d166c7832fed45bfbdf107060915eb0c8f2df36ef35ed	206516		fixture-android-00,fixture-android-09	request-selected-source	64	64	fixture-android-00,fixture-android-01,fixture-android-02,fixture-android-03,fixture-android-04,fixture-android-05,fixture-android-06,fixture-android-07,fixture-android-08,fixture-android-09,fixture-android-10,fixture-android-11,fixture-android-12,fixture-android-13,fixture-android-14,fixture-android-15,fixture-hive-00,fixture-hive-01,fixture-hive-02,fixture-hive-03,fixture-hive-04,fixture-hive-05,fixture-hive-06,fixture-hive-07,fixture-hive-08,fixture-hive-09,fixture-hive-10,fixture-hive-11,fixture-hive-12,fixture-hive-13,fixture-hive-14,fixture-hive-15,fixture-kotlin-compiler-00,fixture-kotlin-compiler-01,fixture-kotlin-compiler-02,fixture-kotlin-compiler-03,fixture-kotlin-compiler-04,fixture-kotlin-compiler-05,fixture-kotlin-compiler-06,fixture-kotlin-compiler-07,fixture-kotlin-compiler-08,fixture-kotlin-compiler-09,fixture-kotlin-compiler-10,fixture-kotlin-compiler-11,fixture-kotlin-compiler-12,fixture-kotlin-compiler-13,fixture-kotlin-compiler-14,fixture-kotlin-compiler-15,fixture-tika-00,fixture-tika-01,fixture-tika-02,fixture-tika-03,fixture-tika-04,fixture-tika-05,fixture-tika-06,fixture-tika-07,fixture-tika-08,fixture-tika-09,fixture-tika-10,fixture-tika-11,fixture-tika-12,fixture-tika-13,fixture-tika-14,fixture-tika-15	64	0	0	64	0	73	0	0	0	1	0
graph-id-in-literal-wrapped-contains-k64-group-00-dense	graph-id-set	graph-id-in-literal-wrapped-contains	dense	graph-id-in-literal-and-wrapped-contains	graph-routing-set	properties	200	fixture-android-00	fixture-android-00,fixture-android-01,fixture-android-02,fixture-android-03,fixture-android-04,fixture-android-05,fixture-android-06,fixture-android-07,fixture-android-08,fixture-android-09,fixture-android-10,fixture-android-11,fixture-android-12,fixture-android-13,fixture-android-14,fixture-android-15,fixture-tika-00,fixture-tika-01,fixture-tika-02,fixture-tika-03,fixture-tika-04,fixture-tika-05,fixture-tika-06,fixture-tika-07,fixture-tika-08,fixture-tika-09,fixture-tika-10,fixture-tika-11,fixture-tika-12,fixture-tika-13,fixture-tika-14,fixture-tika-15,fixture-hive-00,fixture-hive-01,fixture-hive-02,fixture-hive-03,fixture-hive-04,fixture-hive-05,fixture-hive-06,fixture-hive-07,fixture-hive-08,fixture-hive-09,fixture-hive-10,fixture-hive-11,fixture-hive-12,fixture-hive-13,fixture-hive-14,fixture-hive-15,fixture-kotlin-compiler-00,fixture-kotlin-compiler-01,fixture-kotlin-compiler-02,fixture-kotlin-compiler-03,fixture-kotlin-compiler-04,fixture-kotlin-compiler-05,fixture-kotlin-compiler-06,fixture-kotlin-compiler-07,fixture-kotlin-compiler-08,fixture-kotlin-compiler-09,fixture-kotlin-compiler-10,fixture-kotlin-compiler-11,fixture-kotlin-compiler-12,fixture-kotlin-compiler-13,fixture-kotlin-compiler-14,fixture-kotlin-compiler-15	64	35bad66d358dca7faeb0cdf55b64b864a288b1b7a4100dbf64766839a0267284	success	200	84411	3bdee68309e62bee93f47848258ded90b1763d55841fa57d8b8fd21867653c44	200364		fixture-android-00	cypher-graph-id-predicate	64	1	fixture-android-00	1	0	0	1	0	200	1	0	0	1	0
graph-id-in-parameter-wrapped-contains-k64-group-00-dense	graph-id-set	graph-id-in-parameter-wrapped-contains	dense	graph-id-in-parameter-and-wrapped-contains	parameters	properties	200	fixture-android-00	fixture-android-00,fixture-android-01,fixture-android-02,fixture-android-03,fixture-android-04,fixture-android-05,fixture-android-06,fixture-android-07,fixture-android-08,fixture-android-09,fixture-android-10,fixture-android-11,fixture-android-12,fixture-android-13,fixture-android-14,fixture-android-15,fixture-tika-00,fixture-tika-01,fixture-tika-02,fixture-tika-03,fixture-tika-04,fixture-tika-05,fixture-tika-06,fixture-tika-07,fixture-tika-08,fixture-tika-09,fixture-tika-10,fixture-tika-11,fixture-tika-12,fixture-tika-13,fixture-tika-14,fixture-tika-15,fixture-hive-00,fixture-hive-01,fixture-hive-02,fixture-hive-03,fixture-hive-04,fixture-hive-05,fixture-hive-06,fixture-hive-07,fixture-hive-08,fixture-hive-09,fixture-hive-10,fixture-hive-11,fixture-hive-12,fixture-hive-13,fixture-hive-14,fixture-hive-15,fixture-kotlin-compiler-00,fixture-kotlin-compiler-01,fixture-kotlin-compiler-02,fixture-kotlin-compiler-03,fixture-kotlin-compiler-04,fixture-kotlin-compiler-05,fixture-kotlin-compiler-06,fixture-kotlin-compiler-07,fixture-kotlin-compiler-08,fixture-kotlin-compiler-09,fixture-kotlin-compiler-10,fixture-kotlin-compiler-11,fixture-kotlin-compiler-12,fixture-kotlin-compiler-13,fixture-kotlin-compiler-14,fixture-kotlin-compiler-15	64	35bad66d358dca7faeb0cdf55b64b864a288b1b7a4100dbf64766839a0267284	success	200	84411	3bdee68309e62bee93f47848258ded90b1763d55841fa57d8b8fd21867653c44	139020		fixture-android-00	cypher-graph-id-predicate	64	1	fixture-android-00	1	0	0	1	0	200	1	0	0	1	0
request-selected-set-wrapped-contains-k64-group-00-dense	graph-set-reference	request-selected-set-wrapped-contains	dense	request-graph-set-selection-and-wrapped-contains	request-selected-source	properties	200	fixture-android-00	fixture-android-00,fixture-android-01,fixture-android-02,fixture-android-03,fixture-android-04,fixture-android-05,fixture-android-06,fixture-android-07,fixture-android-08,fixture-android-09,fixture-android-10,fixture-android-11,fixture-android-12,fixture-android-13,fixture-android-14,fixture-android-15,fixture-tika-00,fixture-tika-01,fixture-tika-02,fixture-tika-03,fixture-tika-04,fixture-tika-05,fixture-tika-06,fixture-tika-07,fixture-tika-08,fixture-tika-09,fixture-tika-10,fixture-tika-11,fixture-tika-12,fixture-tika-13,fixture-tika-14,fixture-tika-15,fixture-hive-00,fixture-hive-01,fixture-hive-02,fixture-hive-03,fixture-hive-04,fixture-hive-05,fixture-hive-06,fixture-hive-07,fixture-hive-08,fixture-hive-09,fixture-hive-10,fixture-hive-11,fixture-hive-12,fixture-hive-13,fixture-hive-14,fixture-hive-15,fixture-kotlin-compiler-00,fixture-kotlin-compiler-01,fixture-kotlin-compiler-02,fixture-kotlin-compiler-03,fixture-kotlin-compiler-04,fixture-kotlin-compiler-05,fixture-kotlin-compiler-06,fixture-kotlin-compiler-07,fixture-kotlin-compiler-08,fixture-kotlin-compiler-09,fixture-kotlin-compiler-10,fixture-kotlin-compiler-11,fixture-kotlin-compiler-12,fixture-kotlin-compiler-13,fixture-kotlin-compiler-14,fixture-kotlin-compiler-15	64	35bad66d358dca7faeb0cdf55b64b864a288b1b7a4100dbf64766839a0267284	success	200	84411	3bdee68309e62bee93f47848258ded90b1763d55841fa57d8b8fd21867653c44	117349		fixture-android-00	request-selected-source	64	1	fixture-android-00	1	0	0	1	0	200	0	0	0	1	0
