id	family	shape	selectivity	operator	boundary	projection	limit	targetGraphId	targetGraphIds	selectedGraphCount	workloadIdentity	outcome	rowCount	responseBytes	digest	latencyNanos	fixtureDistributionId	hitGraphIds	executionPath	inputSourceCount	accessedGraphCount	accessedGraphIds	targetGraphAccessCount	nonTargetGraphAccessCount	parallelScanCount	indexLookupCount	peakActiveWorkers	graphWorkUnits	graphIdSourceSelections	graphIdSourcePruningExecutions	graphIdSourcesPruned	filteredNodeLimitFastPathExecutions	generalFallbackExecutions
request-selected-set-wrapped-contains-k64-group-00-zero	graph-set-reference	request-selected-set-wrapped-contains	zero	request-graph-set-selection-and-wrapped-contains	request-selected-source	properties	200	fixture-android-00	fixture-android-00,fixture-android-01,fixture-android-02,fixture-android-03,fixture-android-04,fixture-android-05,fixture-android-06,fixture-android-07,fixture-android-08,fixture-android-09,fixture-android-10,fixture-android-11,fixture-android-12,fixture-android-13,fixture-android-14,fixture-android-15,fixture-tika-00,fixture-tika-01,fixture-tika-02,fixture-tika-03,fixture-tika-04,fixture-tika-05,fixture-tika-06,fixture-tika-07,fixture-tika-08,fixture-tika-09,fixture-tika-10,fixture-tika-11,fixture-tika-12,fixture-tika-13,fixture-tika-14,fixture-tika-15,fixture-hive-00,fixture-hive-01,fixture-hive-02,fixture-hive-03,fixture-hive-04,fixture-hive-05,fixture-hive-06,fixture-hive-07,fixture-hive-08,fixture-hive-09,fixture-hive-10,fixture-hive-11,fixture-hive-12,fixture-hive-13,fixture-hive-14,fixture-hive-15,fixture-kotlin-compiler-00,fixture-kotlin-compiler-01,fixture-kotlin-compiler-02,fixture-kotlin-compiler-03,fixture-kotlin-compiler-04,fixture-kotlin-compiler-05,fixture-kotlin-compiler-06,fixture-kotlin-compiler-07,fixture-kotlin-compiler-08,fixture-kotlin-compiler-09,fixture-kotlin-compiler-10,fixture-kotlin-compiler-11,fixture-kotlin-compiler-12,fixture-kotlin-compiler-13,fixture-kotlin-compiler-14,fixture-kotlin-compiler-15	64	35bad66d358dca7faeb0cdf55b64b864a288b1b7a4100dbf64766839a0267284	success	0	147	805c8c7334c868e18e2be84be95b83cc60895722d739c2b164a68be4cd410c49	33985378			request-selected-source	64	64	fixture-android-00,fixture-android-01,fixture-android-02,fixture-android-03,fixture-android-04,fixture-android-05,fixture-android-06,fixture-android-07,fixture-android-08,fixture-android-09,fixture-android-10,fixture-android-11,fixture-android-12,fixture-android-13,fixture-android-14,fixture-android-15,fixture-hive-00,fixture-hive-01,fixture-hive-02,fixture-hive-03,fixture-hive-04,fixture-hive-05,fixture-hive-06,fixture-hive-07,fixture-hive-08,fixture-hive-09,fixture-hive-10,fixture-hive-11,fixture-hive-12,fixture-hive-13,fixture-hive-14,fixture-hive-15,fixture-kotlin-compiler-00,fixture-kotlin-compiler-01,fixture-kotlin-compiler-02,fixture-kotlin-compiler-03,fixture-kotlin-compiler-04,fixture-kotlin-compiler-05,fixture-kotlin-compiler-06,fixture-kotlin-compiler-07,fixture-kotlin-compiler-08,fixture-kotlin-compiler-09,fixture-kotlin-compiler-10,fixture-kotlin-compiler-11,fixture-kotlin-compiler-12,fixture-kotlin-compiler-13,fixture-kotlin-compiler-14,fixture-kotlin-compiler-15,fixture-tika-00,fixture-tika-01,fixture-tika-02,fixture-tika-03,fixture-tika-04,fixture-tika-05,fixture-tika-06,fixture-tika-07,fixture-tika-08,fixture-tika-09,fixture-tika-10,fixture-tika-11,fixture-tika-12,fixture-tika-13,fixture-tika-14,fixture-tika-15	64	0	0	64	0	198	0	0	0	1	0
graph-id-property-wrapped-contains-target-00-zero	graph-id	graph-id-property-wrapped-contains	zero	graph-id-equals-and-wrapped-contains	graph-routing	properties	200	fixture-android-00	fixture-android-00	1	47c5f2f8275ab2447995a1b45a36cd5b0b70e258e0f75934abd1f0cef5c2b93e	success	0	147	805c8c7334c868e18e2be84be95b83cc60895722d739c2b164a68be4cd410c49	2147971			cypher-graph-id-predicate	64	1	fixture-android-00	1	0	0	1	0	1	1	1	63	1	0
graph-id-property-wrapped-contains-target-00-targeted	graph-id	graph-id-property-wrapped-contains	targeted	graph-id-equals-and-wrapped-contains	graph-routing	properties	200	fixture-android-00	fixture-android-00	1	47c5f2f8275ab2447995a1b45a36cd5b0b70e258e0f75934abd1f0cef5c2b93e	success	10	5730	00c81103244dc6d42abdc3894d771e5a24957dcf7e5ad4d8dc686b1d7e0cb89e	12124031		fixture-android-00	cypher-graph-id-predicate	64	1	fixture-android-00	1	0	0	1	0	380	1	1	63	1	0
graph-id-property-wrapped-contains-target-00-dense	graph-id	graph-id-property-wrapped-contains	dense	graph-id-equals-and-wrapped-contains	graph-routing	properties	200	fixture-android-00	fixture-android-00	1	47c5f2f8275ab2447995a1b45a36cd5b0b70e258e0f75934abd1f0cef5c2b93e	success	200	84411	3bdee68309e62bee93f47848258ded90b1763d55841fa57d8b8fd21867653c44	22582738		fixture-android-00	cypher-graph-id-predicate	64	1	fixture-android-00	1	0	0	1	0	17783	1	1	63	1	0
graph-id-property-wrapped-contains-target-01-zero	graph-id	graph-id-property-wrapped-contains	zero	graph-id-equals-and-wrapped-contains	graph-routing	properties	200	fixture-android-01	fixture-android-01	1	e4528616b87301f557512ab9d9e4e598561300f98d2e85100725c35158534ecc	success	0	147	805c8c7334c868e18e2be84be95b83cc60895722d739c2b164a68be4cd410c49	765413			cypher-graph-id-predicate	64	1	fixture-android-01	1	0	0	1	0	2	1	1	63	1	0
graph-id-property-wrapped-contains-target-01-targeted	graph-id	graph-id-property-wrapped-contains	targeted	graph-id-equals-and-wrapped-contains	graph-routing	properties	200	fixture-android-01	fixture-android-01	1	e4528616b87301f557512ab9d9e4e598561300f98d2e85100725c35158534ecc	success	1	758	b33173a678013ac093c95f3fccc5cd5af96ea18082387e1fc872de4817e234b2	1572073		fixture-android-01	cypher-graph-id-predicate	64	1	fixture-android-01	1	0	0	1	0	415	1	1	63	1	0
graph-id-property-wrapped-contains-target-01-dense	graph-id	graph-id-property-wrapped-contains	dense	graph-id-equals-and-wrapped-contains	graph-routing	properties	200	fixture-android-01	fixture-android-01	1	e4528616b87301f557512ab9d9e4e598561300f98d2e85100725c35158534ecc	success	200	84093	d9daf98f04e06930dfeb91ddd4e8ae597b8f9154e54ac1018db6a25ea8ddd84f	10450279		fixture-android-01	cypher-graph-id-predicate	64	1	fixture-android-01	1	0	0	1	0	18675	1	1	63	1	0
graph-id-property-wrapped-contains-target-02-zero	graph-id	graph-id-property-wrapped-contains	zero	graph-id-equals-and-wrapped-contains	graph-routing	properties	200	fixture-android-02	fixture-android-02	1	1a026780ab945a978bf2d821f0728dd8a679a4b4838c8a3b7703d006d3fae584	success	0	147	805c8c7334c868e18e2be84be95b83cc60895722d739c2b164a68be4cd410c49	640029			cypher-graph-id-predicate	64	1	fixture-android-02	1	0	0	1	0	38	1	1	63	1	0
graph-id-property-wrapped-contains-target-02-targeted	graph-id	graph-id-property-wrapped-contains	targeted	graph-id-equals-and-wrapped-contains	graph-routing	properties	200	fixture-android-02	fixture-android-02	1	1a026780ab945a978bf2d821f0728dd8a679a4b4838c8a3b7703d006d3fae584	success	9	5751	0754b66fd035110585cc31e6af555127395a9cd85c413f0a859de6b596c3b70d	2574469		fixture-android-02	cypher-graph-id-predicate	64	1	fixture-android-02	1	0	0	1	0	472	1	1	63	1	0
graph-id-property-wrapped-contains-target-02-dense	graph-id	graph-id-property-wrapped-contains	dense	graph-id-equals-and-wrapped-contains	graph-routing	properties	200	fixture-android-02	fixture-android-02	1	1a026780ab945a978bf2d821f0728dd8a679a4b4838c8a3b7703d006d3fae584	success	200	86930	a289774d080329d12351d967c614eae9b16190b55970a757b1f268e21aee3975	7596118		fixture-android-02	cypher-graph-id-predicate	64	1	fixture-android-02	1	0	0	1	0	18305	1	1	63	1	0
graph-id-property-wrapped-contains-target-03-zero	graph-id	graph-id-property-wrapped-contains	zero	graph-id-equals-and-wrapped-contains	graph-routing	properties	200	fixture-android-03	fixture-android-03	1	3a085dec137def84e2f0fd6c417ca6216ad5c22c415250ab8d225957a37eb876	success	0	147	805c8c7334c868e18e2be84be95b83cc60895722d739c2b164a68be4cd410c49	538037			cypher-graph-id-predicate	64	1	fixture-android-03	1	0	0	1	0	2	1	1	63	1	0
graph-id-property-wrapped-contains-target-03-targeted	graph-id	graph-id-property-wrapped-contains	targeted	graph-id-equals-and-wrapped-contains	graph-routing	properties	200	fixture-android-03	fixture-android-03	1	3a085dec137def84e2f0fd6c417ca6216ad5c22c415250ab8d225957a37eb876	success	2	1333	77f2da9b0b5a99e6332b957b281149f5e269d152177e36aaa74e86db4bc23bf9	1297920		fixture-android-03	cypher-graph-id-predicate	64	1	fixture-android-03	1	0	0	1	0	460	1	1	63	1	0
graph-id-property-wrapped-contains-target-03-dense	graph-id	graph-id-property-wrapped-contains	dense	graph-id-equals-and-wrapped-contains	graph-routing	properties	200	fixture-android-03	fixture-android-03	1	3a085dec137def84e2f0fd6c417ca6216ad5c22c415250ab8d225957a37eb876	success	200	85151	08fbf5fde8e917175e0dca625983535621218120265897bdd0781fe99669b859	5482912		fixture-android-03	cypher-graph-id-predicate	64	1	fixture-android-03	1	0	0	1	0	18896	1	1	63	1	0
graph-id-property-wrapped-contains-target-04-zero	graph-id	graph-id-property-wrapped-contains	zero	graph-id-equals-and-wrapped-contains	graph-routing	properties	200	fixture-android-04	fixture-android-04	1	72b2db3813782b7057457474cb692d1ab65cbced9ccd76e7a6348806a1a0fdd6	success	0	147	805c8c7334c868e18e2be84be95b83cc60895722d739c2b164a68be4cd410c49	466824			cypher-graph-id-predicate	64	1	fixture-android-04	1	0	0	1	0	2	1	1	63	1	0
graph-id-property-wrapped-contains-target-04-targeted	graph-id	graph-id-property-wrapped-contains	targeted	graph-id-equals-and-wrapped-contains	graph-routing	properties	200	fixture-android-04	fixture-android-04	1	72b2db3813782b7057457474cb692d1ab65cbced9ccd76e7a6348806a1a0fdd6	success	9	5762	527d81de9e8ca9f5fe9ad0166e1e1711fbccaf3c53281e7e95375f6d55e3a3c7	2307196		fixture-android-04	cypher-graph-id-predicate	64	1	fixture-android-04	1	0	0	1	0	471	1	1	63	1	0
graph-id-property-wrapped-contains-target-04-dense	graph-id	graph-id-property-wrapped-contains	dense	graph-id-equals-and-wrapped-contains	graph-routing	properties	200	fixture-android-04	fixture-android-04	1	72b2db3813782b7057457474cb692d1ab65cbced9ccd76e7a6348806a1a0fdd6	success	200	86152	85d9bac3392391ae56f1f03af81d888f398336c8e33a1ef1e42c5409f746f730	5037191		fixture-android-04	cypher-graph-id-predicate	64	1	fixture-android-04	1	0	0	1	0	17674	1	1	63	1	0
graph-id-property-wrapped-contains-target-05-zero	graph-id	graph-id-property-wrapped-contains	zero	graph-id-equals-and-wrapped-contains	graph-routing	properties	200	fixture-android-05	fixture-android-05	1	9ccc65db4edf2ad696714957f6291e11ba1a158b062c135b909367736aa1cb91	success	0	147	805c8c7334c868e18e2be84be95b83cc60895722d739c2b164a68be4cd410c49	469569			cypher-graph-id-predicate	64	1	fixture-android-05	1	0	0	1	0	2	1	1	63	1	0
graph-id-property-wrapped-contains-target-05-targeted	graph-id	graph-id-property-wrapped-contains	targeted	graph-id-equals-and-wrapped-contains	graph-routing	properties	200	fixture-android-05	fixture-android-05	1	9ccc65db4edf2ad696714957f6291e11ba1a158b062c135b909367736aa1cb91	success	9	5751	48fbef6ae3373a73cfbd3690497aae4d0773c2f4ddadb5d217061398978bcac5	928087		fixture-android-05	cypher-graph-id-predicate	64	1	fixture-android-05	1	0	0	1	0	472	1	1	63	1	0
graph-id-property-wrapped-contains-target-05-dense	graph-id	graph-id-property-wrapped-contains	dense	graph-id-equals-and-wrapped-contains	graph-routing	properties	200	fixture-android-05	fixture-android-05	1	9ccc65db4edf2ad696714957f6291e11ba1a158b062c135b909367736aa1cb91	success	200	90860	57ae61ccbdbf1e83a9ab8de2923c4ac26bcc634ed53a2f1c1a3ee3682afe8cd8	5159287		fixture-android-05	cypher-graph-id-predicate	64	1	fixture-android-05	1	0	0	1	0	18524	1	1	63	1	0
graph-id-property-wrapped-contains-target-06-zero	graph-id	graph-id-property-wrapped-contains	zero	graph-id-equals-and-wrapped-contains	graph-routing	properties	200	fixture-android-06	fixture-android-06	1	aef2397f89755e0b59e944f9b6062fb5611eea3ea4b05762643e082168bd9526	success	0	147	805c8c7334c868e18e2be84be95b83cc60895722d739c2b164a68be4cd410c49	1067388			cypher-graph-id-predicate	64	1	fixture-android-06	1	0	0	1	0	2	1	1	63	1	0
graph-id-property-wrapped-contains-target-06-targeted	graph-id	graph-id-property-wrapped-contains	targeted	graph-id-equals-and-wrapped-contains	graph-routing	properties	200	fixture-android-06	fixture-android-06	1	aef2397f89755e0b59e944f9b6062fb5611eea3ea4b05762643e082168bd9526	success	1	734	2c8962bfda6df26238f145f32f089e1ccdb69cc26ea9c2fde590f543638ba060	926665		fixture-android-06	cypher-graph-id-predicate	64	1	fixture-android-06	1	0	0	1	0	375	1	1	63	1	0
graph-id-property-wrapped-contains-target-06-dense	graph-id	graph-id-property-wrapped-contains	dense	graph-id-equals-and-wrapped-contains	graph-routing	properties	200	fixture-android-06	fixture-android-06	1	aef2397f89755e0b59e944f9b6062fb5611eea3ea4b05762643e082168bd9526	success	200	83941	f7f169fb4cd9a2408b058d9e03502907fe0d9372ba70f2f3749aeaffa464e292	4779125		fixture-android-06	cypher-graph-id-predicate	64	1	fixture-android-06	1	0	0	1	0	20008	1	1	63	1	0
graph-id-property-wrapped-contains-target-07-zero	graph-id	graph-id-property-wrapped-contains	zero	graph-id-equals-and-wrapped-contains	graph-routing	properties	200	fixture-android-07	fixture-android-07	1	2884fe5070e6e70bd2c44e54af37c56e2cfd19343a8721d5b36093d7d1db0f7d	success	0	147	805c8c7334c868e18e2be84be95b83cc60895722d739c2b164a68be4cd410c49	436918			cypher-graph-id-predicate	64	1	fixture-android-07	1	0	0	1	0	2	1	1	63	1	0
graph-id-property-wrapped-contains-target-07-targeted	graph-id	graph-id-property-wrapped-contains	targeted	graph-id-equals-and-wrapped-contains	graph-routing	properties	200	fixture-android-07	fixture-android-07	1	2884fe5070e6e70bd2c44e54af37c56e2cfd19343a8721d5b36093d7d1db0f7d	success	1	762	d5674d7adcd2d58f93c5f2849f690003bc45d523850181c23ceaa0aacd7e6709	1274796		fixture-android-07	cypher-graph-id-predicate	64	1	fixture-android-07	1	0	0	1	0	305	1	1	63	1	0
graph-id-property-wrapped-contains-target-07-dense	graph-id	graph-id-property-wrapped-contains	dense	graph-id-equals-and-wrapped-contains	graph-routing	properties	200	fixture-android-07	fixture-android-07	1	2884fe5070e6e70bd2c44e54af37c56e2cfd19343a8721d5b36093d7d1db0f7d	success	200	84999	35604ee2a3d19ee64c97fa99f4be154714c60028f948c7a23f75b925d4520a5d	4378235		fixture-android-07	cypher-graph-id-predicate	64	1	fixture-android-07	1	0	0	1	0	18538	1	1	63	1	0
graph-id-property-wrapped-contains-target-08-zero	graph-id	graph-id-property-wrapped-contains	zero	graph-id-equals-and-wrapped-contains	graph-routing	properties	200	fixture-android-08	fixture-android-08	1	25fcd87fe0d089932a1b7f325e822252e3042b73178c7aa80e1c0d12bcef2e47	success	0	147	805c8c7334c868e18e2be84be95b83cc60895722d739c2b164a68be4cd410c49	579004			cypher-graph-id-predicate	64	1	fixture-android-08	1	0	0	1	0	2	1	1	63	1	0
graph-id-property-wrapped-contains-target-08-targeted	graph-id	graph-id-property-wrapped-contains	targeted	graph-id-equals-and-wrapped-contains	graph-routing	properties	200	fixture-android-08	fixture-android-08	1	25fcd87fe0d089932a1b7f325e822252e3042b73178c7aa80e1c0d12bcef2e47	success	2	1322	4b49b28d836e57c2c3f8d43a93acd00a93b169fcd603338f9ab350f541e9665c	958273		fixture-android-08	cypher-graph-id-predicate	64	1	fixture-android-08	1	0	0	1	0	371	1	1	63	1	0
graph-id-property-wrapped-contains-target-08-dense	graph-id	graph-id-property-wrapped-contains	dense	graph-id-equals-and-wrapped-contains	graph-routing	properties	200	fixture-android-08	fixture-android-08	1	25fcd87fe0d089932a1b7f325e822252e3042b73178c7aa80e1c0d12bcef2e47	success	200	85531	ed34441ff634f19c276911a1fa193106a9070fde1065b57fc7ec71132b8d5f66	5126385		fixture-android-08	cypher-graph-id-predicate	64	1	fixture-android-08	1	0	0	1	0	20276	1	1	63	1	0
graph-id-property-wrapped-contains-target-09-zero	graph-id	graph-id-property-wrapped-contains	zero	graph-id-equals-and-wrapped-contains	graph-routing	properties	200	fixture-android-09	fixture-android-09	1	976770abc561e74e52c74c7f3b827fe70800ef502defdde9a4fa534aa511bd33	success	0	147	805c8c7334c868e18e2be84be95b83cc60895722d739c2b164a68be4cd410c49	443690			cypher-graph-id-predicate	64	1	fixture-android-09	1	0	0	1	0	2	1	1	63	1	0
graph-id-property-wrapped-contains-target-09-targeted	graph-id	graph-id-property-wrapped-contains	targeted	graph-id-equals-and-wrapped-contains	graph-routing	properties	200	fixture-android-09	fixture-android-09	1	976770abc561e74e52c74c7f3b827fe70800ef502defdde9a4fa534aa511bd33	success	1	758	cd83129b7654f9c1ac40c94032a03833f5b559e4d6d903ce58c899d274674334	1334919		fixture-android-09	cypher-graph-id-predicate	64	1	fixture-android-09	1	0	0	1	0	417	1	1	63	1	0
graph-id-property-wrapped-contains-target-09-dense	graph-id	graph-id-property-wrapped-contains	dense	graph-id-equals-and-wrapped-contains	graph-routing	properties	200	fixture-android-09	fixture-android-09	1	976770abc561e74e52c74c7f3b827fe70800ef502defdde9a4fa534aa511bd33	success	200	84710	8302a9dc08d5cf465b56333dad5757a62c24d743692acbdbf8e81919ebd097a0	4713753		fixture-android-09	cypher-graph-id-predicate	64	1	fixture-android-09	1	0	0	1	0	19325	1	1	63	1	0
graph-id-property-wrapped-contains-target-10-zero	graph-id	graph-id-property-wrapped-contains	zero	graph-id-equals-and-wrapped-contains	graph-routing	properties	200	fixture-android-10	fixture-android-10	1	b80280988a4b3197bdd2348d3550b46e5d99e01f6e4a1abcb8668612b4a7bcf1	success	0	147	805c8c7334c868e18e2be84be95b83cc60895722d739c2b164a68be4cd410c49	650147			cypher-graph-id-predicate	64	1	fixture-android-10	1	0	0	1	0	34	1	1	63	1	0
graph-id-property-wrapped-contains-target-10-targeted	graph-id	graph-id-property-wrapped-contains	targeted	graph-id-equals-and-wrapped-contains	graph-routing	properties	200	fixture-android-10	fixture-android-10	1	b80280988a4b3197bdd2348d3550b46e5d99e01f6e4a1abcb8668612b4a7bcf1	success	1	821	f3f4d5fb39ff9fde7dcf6d88e4f52bcc4c277ed98626ccca0b17c4ddbb20b035	849790		fixture-android-10	cypher-graph-id-predicate	64	1	fixture-android-10	1	0	0	1	0	557	1	1	63	1	0
graph-id-property-wrapped-contains-target-10-dense	graph-id	graph-id-property-wrapped-contains	dense	graph-id-equals-and-wrapped-contains	graph-routing	properties	200	fixture-android-10	fixture-android-10	1	b80280988a4b3197bdd2348d3550b46e5d99e01f6e4a1abcb8668612b4a7bcf1	success	200	86914	eec30bd784e53b80ccd384559e9d1f853b8152ad8db90ad1f27d391bf03fc0d8	4783564		fixture-android-10	cypher-graph-id-predicate	64	1	fixture-android-10	1	0	0	1	0	18670	1	1	63	1	0
graph-id-property-wrapped-contains-target-11-zero	graph-id	graph-id-property-wrapped-contains	zero	graph-id-equals-and-wrapped-contains	graph-routing	properties	200	fixture-android-11	fixture-android-11	1	ff7c9f064acf1b8f0c7104242efebdb73dfcc6db0739150c3d56bcc4ebbfb47f	success	0	147	805c8c7334c868e18e2be84be95b83cc60895722d739c2b164a68be4cd410c49	452818			cypher-graph-id-predicate	64	1	fixture-android-11	1	0	0	1	0	2	1	1	63	1	0
graph-id-property-wrapped-contains-target-11-targeted	graph-id	graph-id-property-wrapped-contains	targeted	graph-id-equals-and-wrapped-contains	graph-routing	properties	200	fixture-android-11	fixture-android-11	1	ff7c9f064acf1b8f0c7104242efebdb73dfcc6db0739150c3d56bcc4ebbfb47f	success	1	758	f8ea31527e372a7d8e0f896bc894b97d788067aa20d0af371a4239382f72a4d1	887321		fixture-android-11	cypher-graph-id-predicate	64	1	fixture-android-11	1	0	0	1	0	415	1	1	63	1	0
graph-id-property-wrapped-contains-target-11-dense	graph-id	graph-id-property-wrapped-contains	dense	graph-id-equals-and-wrapped-contains	graph-routing	properties	200	fixture-android-11	fixture-android-11	1	ff7c9f064acf1b8f0c7104242efebdb73dfcc6db0739150c3d56bcc4ebbfb47f	success	200	84862	36598e3ab73085dce50e849dda8b6a32b1088eab3f02f052e9536f16613b5d4b	6057701		fixture-android-11	cypher-graph-id-predicate	64	1	fixture-android-11	1	0	0	1	0	18586	1	1	63	1	0
graph-id-property-wrapped-contains-target-12-zero	graph-id	graph-id-property-wrapped-contains	zero	graph-id-equals-and-wrapped-contains	graph-routing	properties	200	fixture-android-12	fixture-android-12	1	fbfd92bdb617f8eef3c84ce77e1116d4f0d1116a40b9fc543770c1a430e829ec	success	0	147	805c8c7334c868e18e2be84be95b83cc60895722d739c2b164a68be4cd410c49	648204			cypher-graph-id-predicate	64	1	fixture-android-12	1	0	0	1	0	2	1	1	63	1	0
graph-id-property-wrapped-contains-target-12-targeted	graph-id	graph-id-property-wrapped-contains	targeted	graph-id-equals-and-wrapped-contains	graph-routing	properties	200	fixture-android-12	fixture-android-12	1	fbfd92bdb617f8eef3c84ce77e1116d4f0d1116a40b9fc543770c1a430e829ec	success	2	1348	569ba2c2d8626f5c6804b713aa9f9bd5155648246e0bb082ab37cf407a3ccee9	2659906		fixture-android-12	cypher-graph-id-predicate	64	1	fixture-android-12	1	0	0	1	0	363	1	1	63	1	0
graph-id-property-wrapped-contains-target-12-dense	graph-id	graph-id-property-wrapped-contains	dense	graph-id-equals-and-wrapped-contains	graph-routing	properties	200	fixture-android-12	fixture-android-12	1	fbfd92bdb617f8eef3c84ce77e1116d4f0d1116a40b9fc543770c1a430e829ec	success	200	85894	f22afa8ccaad259750ce50e850502822308b2565f707f284de32cd44d5ef328a	4549816		fixture-android-12	cypher-graph-id-predicate	64	1	fixture-android-12	1	0	0	1	0	18823	1	1	63	1	0
graph-id-property-wrapped-contains-target-13-zero	graph-id	graph-id-property-wrapped-contains	zero	graph-id-equals-and-wrapped-contains	graph-routing	properties	200	fixture-android-13	fixture-android-13	1	99b23d6e37ddba640f96acd0d7b903185c9b38cc0e6df93374f9fe569bbc4c38	success	0	147	805c8c7334c868e18e2be84be95b83cc60895722d739c2b164a68be4cd410c49	524993			cypher-graph-id-predicate	64	1	fixture-android-13	1	0	0	1	0	2	1	1	63	1	0
graph-id-property-wrapped-contains-target-13-targeted	graph-id	graph-id-property-wrapped-contains	targeted	graph-id-equals-and-wrapped-contains	graph-routing	properties	200	fixture-android-13	fixture-android-13	1	99b23d6e37ddba640f96acd0d7b903185c9b38cc0e6df93374f9fe569bbc4c38	success	5	2824	ebb699b5b0554cc639408add00ca9d9aae37f3553c5e6ea606cb7e66e171933f	1310473		fixture-android-13	cypher-graph-id-predicate	64	1	fixture-android-13	1	0	0	1	0	315	1	1	63	1	0
graph-id-property-wrapped-contains-target-13-dense	graph-id	graph-id-property-wrapped-contains	dense	graph-id-equals-and-wrapped-contains	graph-routing	properties	200	fixture-android-13	fixture-android-13	1	99b23d6e37ddba640f96acd0d7b903185c9b38cc0e6df93374f9fe569bbc4c38	success	200	86344	2e714969993f2a86ba5c715dc52b2c7d6dbaed9b2320da2399ecdf29ec9f1e4e	4786506		fixture-android-13	cypher-graph-id-predicate	64	1	fixture-android-13	1	0	0	1	0	19375	1	1	63	1	0
graph-id-property-wrapped-contains-target-14-zero	graph-id	graph-id-property-wrapped-contains	zero	graph-id-equals-and-wrapped-contains	graph-routing	properties	200	fixture-android-14	fixture-android-14	1	caf42d54ef3437f216c963929327ed5ef3f52ce080fa2be4c3305c2370617ab1	success	0	147	805c8c7334c868e18e2be84be95b83cc60895722d739c2b164a68be4cd410c49	473707			cypher-graph-id-predicate	64	1	fixture-android-14	1	0	0	1	0	2	1	1	63	1	0
graph-id-property-wrapped-contains-target-14-targeted	graph-id	graph-id-property-wrapped-contains	targeted	graph-id-equals-and-wrapped-contains	graph-routing	properties	200	fixture-android-14	fixture-android-14	1	caf42d54ef3437f216c963929327ed5ef3f52ce080fa2be4c3305c2370617ab1	success	3	1887	cfce92c06f8a0a93444f0ec3592aad57c255799cc7a1286e673f5c8cc3173d20	658703		fixture-android-14	cypher-graph-id-predicate	64	1	fixture-android-14	1	0	0	1	0	381	1	1	63	1	0
graph-id-property-wrapped-contains-target-14-dense	graph-id	graph-id-property-wrapped-contains	dense	graph-id-equals-and-wrapped-contains	graph-routing	properties	200	fixture-android-14	fixture-android-14	1	caf42d54ef3437f216c963929327ed5ef3f52ce080fa2be4c3305c2370617ab1	success	200	88102	f384f54b9e0494c603dd9e83eb2ca0ad0386a359a2e1d6a356e225c072977e41	4200119		fixture-android-14	cypher-graph-id-predicate	64	1	fixture-android-14	1	0	0	1	0	18675	1	1	63	1	0
graph-id-property-wrapped-contains-target-15-zero	graph-id	graph-id-property-wrapped-contains	zero	graph-id-equals-and-wrapped-contains	graph-routing	properties	200	fixture-android-15	fixture-android-15	1	396286291622042417a1e42f88e1a07f9e973d88a4b45b59c7408d3e8fe8e4cd	success	0	147	805c8c7334c868e18e2be84be95b83cc60895722d739c2b164a68be4cd410c49	354133			cypher-graph-id-predicate	64	1	fixture-android-15	1	0	0	1	0	2	1	1	63	1	0
graph-id-property-wrapped-contains-target-15-targeted	graph-id	graph-id-property-wrapped-contains	targeted	graph-id-equals-and-wrapped-contains	graph-routing	properties	200	fixture-android-15	fixture-android-15	1	396286291622042417a1e42f88e1a07f9e973d88a4b45b59c7408d3e8fe8e4cd	success	1	765	ae20f86c5a0d43140079bdbb52041ad145178823d6189b8171bbe58dc0d82dcc	855952		fixture-android-15	cypher-graph-id-predicate	64	1	fixture-android-15	1	0	0	1	0	401	1	1	63	1	0
graph-id-property-wrapped-contains-target-15-dense	graph-id	graph-id-property-wrapped-contains	dense	graph-id-equals-and-wrapped-contains	graph-routing	properties	200	fixture-android-15	fixture-android-15	1	396286291622042417a1e42f88e1a07f9e973d88a4b45b59c7408d3e8fe8e4cd	success	200	82358	6db1e45464dd1e42fc627a3ee68393b586d132e4817f87f1da72cb180e7925bb	3909808		fixture-android-15	cypher-graph-id-predicate	64	1	fixture-android-15	1	0	0	1	0	17032	1	1	63	1	0
graph-id-property-wrapped-contains-target-16-zero	graph-id	graph-id-property-wrapped-contains	zero	graph-id-equals-and-wrapped-contains	graph-routing	properties	200	fixture-tika-00	fixture-tika-00	1	3ffa856892be3e0263f2c72254cefdb4bafce48e10eea2a8426b6af88f144658	success	0	147	805c8c7334c868e18e2be84be95b83cc60895722d739c2b164a68be4cd410c49	458636			cypher-graph-id-predicate	64	1	fixture-tika-00	1	0	0	1	0	2	1	1	63	1	0
graph-id-property-wrapped-contains-target-16-targeted	graph-id	graph-id-property-wrapped-contains	targeted	graph-id-equals-and-wrapped-contains	graph-routing	properties	200	fixture-tika-00	fixture-tika-00	1	3ffa856892be3e0263f2c72254cefdb4bafce48e10eea2a8426b6af88f144658	success	1	771	41ad9b5110585bc89df35b9d0a0c6bd66daaf6c239b4212552d078b2f2a28c34	635780		fixture-tika-00	cypher-graph-id-predicate	64	1	fixture-tika-00	1	0	0	1	0	470	1	1	63	1	0
graph-id-property-wrapped-contains-target-16-dense	graph-id	graph-id-property-wrapped-contains	dense	graph-id-equals-and-wrapped-contains	graph-routing	properties	200	fixture-tika-00	fixture-tika-00	1	3ffa856892be3e0263f2c72254cefdb4bafce48e10eea2a8426b6af88f144658	success	200	94237	51b180cd96740a311cc61165baa84cc05517b2f28ac6c70debc25f8e14514414	4310200		fixture-tika-00	cypher-graph-id-predicate	64	1	fixture-tika-00	1	0	0	1	0	11538	1	1	63	1	0
graph-id-property-wrapped-contains-target-17-zero	graph-id	graph-id-property-wrapped-contains	zero	graph-id-equals-and-wrapped-contains	graph-routing	properties	200	fixture-tika-01	fixture-tika-01	1	5bd11253ba6bcbac28c2d0805dbd50585f63593fbbabbc299bce9c8b5e4238f0	success	0	147	805c8c7334c868e18e2be84be95b83cc60895722d739c2b164a68be4cd410c49	342041			cypher-graph-id-predicate	64	1	fixture-tika-01	1	0	0	1	0	2	1	1	63	1	0
graph-id-property-wrapped-contains-target-17-targeted	graph-id	graph-id-property-wrapped-contains	targeted	graph-id-equals-and-wrapped-contains	graph-routing	properties	200	fixture-tika-01	fixture-tika-01	1	5bd11253ba6bcbac28c2d0805dbd50585f63593fbbabbc299bce9c8b5e4238f0	success	5	2976	7d286938fe2f40cd4cb86cd26be11c3221bfff86202fa9b705bdc1c77967743f	809264		fixture-tika-01	cypher-graph-id-predicate	64	1	fixture-tika-01	1	0	0	1	0	451	1	1	63	1	0
graph-id-property-wrapped-contains-target-17-dense	graph-id	graph-id-property-wrapped-contains	dense	graph-id-equals-and-wrapped-contains	graph-routing	properties	200	fixture-tika-01	fixture-tika-01	1	5bd11253ba6bcbac28c2d0805dbd50585f63593fbbabbc299bce9c8b5e4238f0	success	200	92381	87c915d88746be4a40b85e67e7de71966365a455358cc138185e5c1f5bcf1251	3606981		fixture-tika-01	cypher-graph-id-predicate	64	1	fixture-tika-01	1	0	0	1	0	13126	1	1	63	1	0
graph-id-property-wrapped-contains-target-18-zero	graph-id	graph-id-property-wrapped-contains	zero	graph-id-equals-and-wrapped-contains	graph-routing	properties	200	fixture-tika-02	fixture-tika-02	1	4f53553340fcd09378fe28c9d287d1bd3c78d0e5004534ad87493f082178a0db	success	0	147	805c8c7334c868e18e2be84be95b83cc60895722d739c2b164a68be4cd410c49	434834			cypher-graph-id-predicate	64	1	fixture-tika-02	1	0	0	1	0	2	1	1	63	1	0
graph-id-property-wrapped-contains-target-18-targeted	graph-id	graph-id-property-wrapped-contains	targeted	graph-id-equals-and-wrapped-contains	graph-routing	properties	200	fixture-tika-02	fixture-tika-02	1	4f53553340fcd09378fe28c9d287d1bd3c78d0e5004534ad87493f082178a0db	success	12	6781	abf0682228739bdef1eb0d4b5b1449d7697f9412e644bd07a974f6e04213652e	736268		fixture-tika-02	cypher-graph-id-predicate	64	1	fixture-tika-02	1	0	0	1	0	442	1	1	63	1	0
graph-id-property-wrapped-contains-target-18-dense	graph-id	graph-id-property-wrapped-contains	dense	graph-id-equals-and-wrapped-contains	graph-routing	properties	200	fixture-tika-02	fixture-tika-02	1	4f53553340fcd09378fe28c9d287d1bd3c78d0e5004534ad87493f082178a0db	success	200	95198	7d65fbc43e0cf8a1d4323c709e6963c32bdea3f389f5b683f619eee1fd79dc90	2306826		fixture-tika-02	cypher-graph-id-predicate	64	1	fixture-tika-02	1	0	0	1	0	11847	1	1	63	1	0
graph-id-property-wrapped-contains-target-19-zero	graph-id	graph-id-property-wrapped-contains	zero	graph-id-equals-and-wrapped-contains	graph-routing	properties	200	fixture-tika-03	fixture-tika-03	1	e68986e5919884640710cc61d8f44310a6d888f55992390edbcc7ae70b8b8fa8	success	0	147	805c8c7334c868e18e2be84be95b83cc60895722d739c2b164a68be4cd410c49	530874			cypher-graph-id-predicate	64	1	fixture-tika-03	1	0	0	1	0	2	1	1	63	1	0
graph-id-property-wrapped-contains-target-19-targeted	graph-id	graph-id-property-wrapped-contains	targeted	graph-id-equals-and-wrapped-contains	graph-routing	properties	200	fixture-tika-03	fixture-tika-03	1	e68986e5919884640710cc61d8f44310a6d888f55992390edbcc7ae70b8b8fa8	success	11	6327	72232d5a8299b69c619beb4cebd0967a4ca8f1378844d7914f795f7c5126cc48	938456		fixture-tika-03	cypher-graph-id-predicate	64	1	fixture-tika-03	1	0	0	1	0	473	1	1	63	1	0
graph-id-property-wrapped-contains-target-19-dense	graph-id	graph-id-property-wrapped-contains	dense	graph-id-equals-and-wrapped-contains	graph-routing	properties	200	fixture-tika-03	fixture-tika-03	1	e68986e5919884640710cc61d8f44310a6d888f55992390edbcc7ae70b8b8fa8	success	200	96673	6ab8193cda24a8f589b0e7412ffcc3549afc3180a092c899437bb3ef2f8324ef	2266442		fixture-tika-03	cypher-graph-id-predicate	64	1	fixture-tika-03	1	0	0	1	0	11300	1	1	63	1	0
graph-id-property-wrapped-contains-target-20-zero	graph-id	graph-id-property-wrapped-contains	zero	graph-id-equals-and-wrapped-contains	graph-routing	properties	200	fixture-tika-04	fixture-tika-04	1	2d9d29e96c28d6df21e1933cc2da3a076217ec4c30461070c5e997e04aa952cb	success	0	147	805c8c7334c868e18e2be84be95b83cc60895722d739c2b164a68be4cd410c49	363691			cypher-graph-id-predicate	64	1	fixture-tika-04	1	0	0	1	0	2	1	1	63	1	0
graph-id-property-wrapped-contains-target-20-targeted	graph-id	graph-id-property-wrapped-contains	targeted	graph-id-equals-and-wrapped-contains	graph-routing	properties	200	fixture-tika-04	fixture-tika-04	1	2d9d29e96c28d6df21e1933cc2da3a076217ec4c30461070c5e997e04aa952cb	success	1	763	7811e1c0f64fb9174b112349d7a5f89fec8a71f59a6b66db3b1e97241f5dc93c	703908		fixture-tika-04	cypher-graph-id-predicate	64	1	fixture-tika-04	1	0	0	1	0	404	1	1	63	1	0
graph-id-property-wrapped-contains-target-20-dense	graph-id	graph-id-property-wrapped-contains	dense	graph-id-equals-and-wrapped-contains	graph-routing	properties	200	fixture-tika-04	fixture-tika-04	1	2d9d29e96c28d6df21e1933cc2da3a076217ec4c30461070c5e997e04aa952cb	success	200	91604	a93cd6116bda146e01916f4ab7d54aa664da5b5c2287de109c82d6c48fcd38f8	3558350		fixture-tika-04	cypher-graph-id-predicate	64	1	fixture-tika-04	1	0	0	1	0	12430	1	1	63	1	0
graph-id-property-wrapped-contains-target-21-zero	graph-id	graph-id-property-wrapped-contains	zero	graph-id-equals-and-wrapped-contains	graph-routing	properties	200	fixture-tika-05	fixture-tika-05	1	a70ca503c8d7edc9fd5b26430e9c4bd9517cfcf9084469733cfeff8a4fef63f8	success	0	147	805c8c7334c868e18e2be84be95b83cc60895722d739c2b164a68be4cd410c49	446977			cypher-graph-id-predicate	64	1	fixture-tika-05	1	0	0	1	0	2	1	1	63	1	0
graph-id-property-wrapped-contains-target-21-targeted	graph-id	graph-id-property-wrapped-contains	targeted	graph-id-equals-and-wrapped-contains	graph-routing	properties	200	fixture-tika-05	fixture-tika-05	1	a70ca503c8d7edc9fd5b26430e9c4bd9517cfcf9084469733cfeff8a4fef63f8	success	1	765	1cf450577b12b3b6a7c19f53479709a92a169add0c4f9defecbc55254bf8d5b3	958575		fixture-tika-05	cypher-graph-id-predicate	64	1	fixture-tika-05	1	0	0	1	0	472	1	1	63	1	0
graph-id-property-wrapped-contains-target-21-dense	graph-id	graph-id-property-wrapped-contains	dense	graph-id-equals-and-wrapped-contains	graph-routing	properties	200	fixture-tika-05	fixture-tika-05	1	a70ca503c8d7edc9fd5b26430e9c4bd9517cfcf9084469733cfeff8a4fef63f8	success	200	96334	eb6b03599a26f520b43896ee6af6cb6d2a3ec0783b66a0bcb29642b029a4b6eb	2376318		fixture-tika-05	cypher-graph-id-predicate	64	1	fixture-tika-05	1	0	0	1	0	12222	1	1	63	1	0
graph-id-property-wrapped-contains-target-22-zero	graph-id	graph-id-property-wrapped-contains	zero	graph-id-equals-and-wrapped-contains	graph-routing	properties	200	fixture-tika-06	fixture-tika-06	1	629a75c155a37bcac72d6d131b20156694ded2e8aa1abe1c7f03ac03374020b7	success	0	147	805c8c7334c868e18e2be84be95b83cc60895722d739c2b164a68be4cd410c49	540753			cypher-graph-id-predicate	64	1	fixture-tika-06	1	0	0	1	0	2	1	1	63	1	0
graph-id-property-wrapped-contains-target-22-targeted	graph-id	graph-id-property-wrapped-contains	targeted	graph-id-equals-and-wrapped-contains	graph-routing	properties	200	fixture-tika-06	fixture-tika-06	1	629a75c155a37bcac72d6d131b20156694ded2e8aa1abe1c7f03ac03374020b7	success	11	6331	43d88524d9da26840d520d8260a6801a2d864c2023e9806c3df4a5e673a5fd66	624348		fixture-tika-06	cypher-graph-id-predicate	64	1	fixture-tika-06	1	0	0	1	0	488	1	1	63	1	0
graph-id-property-wrapped-contains-target-22-dense	graph-id	graph-id-property-wrapped-contains	dense	graph-id-equals-and-wrapped-contains	graph-routing	properties	200	fixture-tika-06	fixture-tika-06	1	629a75c155a37bcac72d6d131b20156694ded2e8aa1abe1c7f03ac03374020b7	success	200	98397	b1cc908cf8cd6a2354b320afca9ad225990c59be93a53ddc3912afb3b0d46d7b	2177025		fixture-tika-06	cypher-graph-id-predicate	64	1	fixture-tika-06	1	0	0	1	0	11649	1	1	63	1	0
graph-id-property-wrapped-contains-target-23-zero	graph-id	graph-id-property-wrapped-contains	zero	graph-id-equals-and-wrapped-contains	graph-routing	properties	200	fixture-tika-07	fixture-tika-07	1	1f60bc193af0a0c32ae2bc0a840b7da98c896a5343d2d4a4871500ea55b0d8a0	success	0	147	805c8c7334c868e18e2be84be95b83cc60895722d739c2b164a68be4cd410c49	303138			cypher-graph-id-predicate	64	1	fixture-tika-07	1	0	0	1	0	2	1	1	63	1	0
graph-id-property-wrapped-contains-target-23-targeted	graph-id	graph-id-property-wrapped-contains	targeted	graph-id-equals-and-wrapped-contains	graph-routing	properties	200	fixture-tika-07	fixture-tika-07	1	1f60bc193af0a0c32ae2bc0a840b7da98c896a5343d2d4a4871500ea55b0d8a0	success	11	6135	718b52d4d32659cb9b39b84bdb87d6226a9be4436e73fa316936d1333dfa50c0	813182		fixture-tika-07	cypher-graph-id-predicate	64	1	fixture-tika-07	1	0	0	1	0	462	1	1	63	1	0
graph-id-property-wrapped-contains-target-23-dense	graph-id	graph-id-property-wrapped-contains	dense	graph-id-equals-and-wrapped-contains	graph-routing	properties	200	fixture-tika-07	fixture-tika-07	1	1f60bc193af0a0c32ae2bc0a840b7da98c896a5343d2d4a4871500ea55b0d8a0	success	200	95056	d5aa9163a912371065002f30549de9cefea57af859f009a275e381b0a849633e	2319852		fixture-tika-07	cypher-graph-id-predicate	64	1	fixture-tika-07	1	0	0	1	0	11781	1	1	63	1	0
graph-id-property-wrapped-contains-target-24-zero	graph-id	graph-id-property-wrapped-contains	zero	graph-id-equals-and-wrapped-contains	graph-routing	properties	200	fixture-tika-08	fixture-tika-08	1	e9768e2189edf3079c0f4ce1fe9374fe3873b9ef6253d25bd7952c9e3f9e2f89	success	0	147	805c8c7334c868e18e2be84be95b83cc60895722d739c2b164a68be4cd410c49	407415			cypher-graph-id-predicate	64	1	fixture-tika-08	1	0	0	1	0	2	1	1	63	1	0
graph-id-property-wrapped-contains-target-24-targeted	graph-id	graph-id-property-wrapped-contains	targeted	graph-id-equals-and-wrapped-contains	graph-routing	properties	200	fixture-tika-08	fixture-tika-08	1	e9768e2189edf3079c0f4ce1fe9374fe3873b9ef6253d25bd7952c9e3f9e2f89	success	1	754	033650595463ffba6f1f515fc8a38ba023fdd37a0e2442442be40f2d8baee0b4	692073		fixture-tika-08	cypher-graph-id-predicate	64	1	fixture-tika-08	1	0	0	1	0	503	1	1	63	1	0
graph-id-property-wrapped-contains-target-24-dense	graph-id	graph-id-property-wrapped-contains	dense	graph-id-equals-and-wrapped-contains	graph-routing	properties	200	fixture-tika-08	fixture-tika-08	1	e9768e2189edf3079c0f4ce1fe9374fe3873b9ef6253d25bd7952c9e3f9e2f89	success	200	96144	13cc3d04be15c5d98101b6676211e0260c08571becd6cbc7be1dcfad1b7efce8	3250326		fixture-tika-08	cypher-graph-id-predicate	64	1	fixture-tika-08	1	0	0	1	0	13300	1	1	63	1	0
graph-id-property-wrapped-contains-target-25-zero	graph-id	graph-id-property-wrapped-contains	zero	graph-id-equals-and-wrapped-contains	graph-routing	properties	200	fixture-tika-09	fixture-tika-09	1	f96e2b0b7f375cf347f289b0d59b047835095d1452b52dcff16ad07fa5ff5aaa	success	0	147	805c8c7334c868e18e2be84be95b83cc60895722d739c2b164a68be4cd410c49	363440			cypher-graph-id-predicate	64	1	fixture-tika-09	1	0	0	1	0	2	1	1	63	1	0
graph-id-property-wrapped-contains-target-25-targeted	graph-id	graph-id-property-wrapped-contains	targeted	graph-id-equals-and-wrapped-contains	graph-routing	properties	200	fixture-tika-09	fixture-tika-09	1	f96e2b0b7f375cf347f289b0d59b047835095d1452b52dcff16ad07fa5ff5aaa	success	17	9434	57a7fb26e2c1557848eddaabb17076d92c9b2ef2e0ff6b92be3de4374fe1fa9b	653594		fixture-tika-09	cypher-graph-id-predicate	64	1	fixture-tika-09	1	0	0	1	0	429	1	1	63	1	0
graph-id-property-wrapped-contains-target-25-dense	graph-id	graph-id-property-wrapped-contains	dense	graph-id-equals-and-wrapped-contains	graph-routing	properties	200	fixture-tika-09	fixture-tika-09	1	f96e2b0b7f375cf347f289b0d59b047835095d1452b52dcff16ad07fa5ff5aaa	success	200	90260	d606d19bfcb83b224b953bd70176bc52dc06d427ef6ab3d0cc311bc6ed6fc260	2561404		fixture-tika-09	cypher-graph-id-predicate	64	1	fixture-tika-09	1	0	0	1	0	13018	1	1	63	1	0
graph-id-property-wrapped-contains-target-26-zero	graph-id	graph-id-property-wrapped-contains	zero	graph-id-equals-and-wrapped-contains	graph-routing	properties	200	fixture-tika-10	fixture-tika-10	1	724e820888f0db8884af940cbe8a364f2dce6bfc9b2c72fb09abe933fa439c0c	success	0	147	805c8c7334c868e18e2be84be95b83cc60895722d739c2b164a68be4cd410c49	526676			cypher-graph-id-predicate	64	1	fixture-tika-10	1	0	0	1	0	2	1	1	63	1	0
graph-id-property-wrapped-contains-target-26-targeted	graph-id	graph-id-property-wrapped-contains	targeted	graph-id-equals-and-wrapped-contains	graph-routing	properties	200	fixture-tika-10	fixture-tika-10	1	724e820888f0db8884af940cbe8a364f2dce6bfc9b2c72fb09abe933fa439c0c	success	1	791	550bd45f802381cb65ea30928a856fc0c2bc207cbfc2a147aad4312130548c9a	659594		fixture-tika-10	cypher-graph-id-predicate	64	1	fixture-tika-10	1	0	0	1	0	436	1	1	63	1	0
graph-id-property-wrapped-contains-target-26-dense	graph-id	graph-id-property-wrapped-contains	dense	graph-id-equals-and-wrapped-contains	graph-routing	properties	200	fixture-tika-10	fixture-tika-10	1	724e820888f0db8884af940cbe8a364f2dce6bfc9b2c72fb09abe933fa439c0c	success	200	96089	d0bdae62973cb737c05eda37d83d6fd7dea4520a7f87acdd4ed9a2fba1f97888	2217461		fixture-tika-10	cypher-graph-id-predicate	64	1	fixture-tika-10	1	0	0	1	0	13760	1	1	63	1	0
graph-id-property-wrapped-contains-target-27-zero	graph-id	graph-id-property-wrapped-contains	zero	graph-id-equals-and-wrapped-contains	graph-routing	properties	200	fixture-tika-11	fixture-tika-11	1	947144f7fe63615dab1057f152a266b87c870ae6b1d136ebead3ef2860ecaaf9	success	0	147	805c8c7334c868e18e2be84be95b83cc60895722d739c2b164a68be4cd410c49	300983			cypher-graph-id-predicate	64	1	fixture-tika-11	1	0	0	1	0	2	1	1	63	1	0
graph-id-property-wrapped-contains-target-27-targeted	graph-id	graph-id-property-wrapped-contains	targeted	graph-id-equals-and-wrapped-contains	graph-routing	properties	200	fixture-tika-11	fixture-tika-11	1	947144f7fe63615dab1057f152a266b87c870ae6b1d136ebead3ef2860ecaaf9	success	14	8030	e1858d468e2cee9daff29f91791894b539cc1c9bfb8d57bb0eaa364a24ec0f04	2565683		fixture-tika-11	cypher-graph-id-predicate	64	1	fixture-tika-11	1	0	0	1	0	455	1	1	63	1	0
graph-id-property-wrapped-contains-target-27-dense	graph-id	graph-id-property-wrapped-contains	dense	graph-id-equals-and-wrapped-contains	graph-routing	properties	200	fixture-tika-11	fixture-tika-11	1	947144f7fe63615dab1057f152a266b87c870ae6b1d136ebead3ef2860ecaaf9	success	200	95559	bcb492a91a247979acd291eaea381c0db6d952c0baff29193145ae7356b00907	2394602		fixture-tika-11	cypher-graph-id-predicate	64	1	fixture-tika-11	1	0	0	1	0	12739	1	1	63	1	0
graph-id-property-wrapped-contains-target-28-zero	graph-id	graph-id-property-wrapped-contains	zero	graph-id-equals-and-wrapped-contains	graph-routing	properties	200	fixture-tika-12	fixture-tika-12	1	333b320af3f398d083e1d44b1a79e54fa546da12ce118f18db6f7cc3387398c8	success	0	147	805c8c7334c868e18e2be84be95b83cc60895722d739c2b164a68be4cd410c49	366657			cypher-graph-id-predicate	64	1	fixture-tika-12	1	0	0	1	0	2	1	1	63	1	0
graph-id-property-wrapped-contains-target-28-targeted	graph-id	graph-id-property-wrapped-contains	targeted	graph-id-equals-and-wrapped-contains	graph-routing	properties	200	fixture-tika-12	fixture-tika-12	1	333b320af3f398d083e1d44b1a79e54fa546da12ce118f18db6f7cc3387398c8	success	12	6370	8871e0dc77f7df7110f742adaac439b8d2f4e912a3a21e1793fda026e0955f9b	542896		fixture-tika-12	cypher-graph-id-predicate	64	1	fixture-tika-12	1	0	0	1	0	394	1	1	63	1	0
graph-id-property-wrapped-contains-target-28-dense	graph-id	graph-id-property-wrapped-contains	dense	graph-id-equals-and-wrapped-contains	graph-routing	properties	200	fixture-tika-12	fixture-tika-12	1	333b320af3f398d083e1d44b1a79e54fa546da12ce118f18db6f7cc3387398c8	success	200	101142	3ec255435f1804ca883e61ce69218b0c9b6812e5f4d6241be813f3a04980ff78	2083760		fixture-tika-12	cypher-graph-id-predicate	64	1	fixture-tika-12	1	0	0	1	0	12087	1	1	63	1	0
graph-id-property-wrapped-contains-target-29-zero	graph-id	graph-id-property-wrapped-contains	zero	graph-id-equals-and-wrapped-contains	graph-routing	properties	200	fixture-tika-13	fixture-tika-13	1	697a328efd3d35078aa3cf7115b978f697299f7e0612d464eae79dc1cbc3f3c7	success	0	147	805c8c7334c868e18e2be84be95b83cc60895722d739c2b164a68be4cd410c49	343904			cypher-graph-id-predicate	64	1	fixture-tika-13	1	0	0	1	0	4	1	1	63	1	0
graph-id-property-wrapped-contains-target-29-targeted	graph-id	graph-id-property-wrapped-contains	targeted	graph-id-equals-and-wrapped-contains	graph-routing	properties	200	fixture-tika-13	fixture-tika-13	1	697a328efd3d35078aa3cf7115b978f697299f7e0612d464eae79dc1cbc3f3c7	success	1	759	7c9cbf2db3468e4d9ec5f9ce37c29746bb3071949804d250165a0310edd3182c	606385		fixture-tika-13	cypher-graph-id-predicate	64	1	fixture-tika-13	1	0	0	1	0	395	1	1	63	1	0
graph-id-property-wrapped-contains-target-29-dense	graph-id	graph-id-property-wrapped-contains	dense	graph-id-equals-and-wrapped-contains	graph-routing	properties	200	fixture-tika-13	fixture-tika-13	1	697a328efd3d35078aa3cf7115b978f697299f7e0612d464eae79dc1cbc3f3c7	success	200	96005	cb6245f16fc1df4cadc32295db3c94d74d99d6ac24ca00ba686085574c3842f9	2301909		fixture-tika-13	cypher-graph-id-predicate	64	1	fixture-tika-13	1	0	0	1	0	12019	1	1	63	1	0
graph-id-property-wrapped-contains-target-30-zero	graph-id	graph-id-property-wrapped-contains	zero	graph-id-equals-and-wrapped-contains	graph-routing	properties	200	fixture-tika-14	fixture-tika-14	1	530ac22d92e73256c57c4e234fccac50105308bcc26304451ee74f20a619f7a5	success	0	147	805c8c7334c868e18e2be84be95b83cc60895722d739c2b164a68be4cd410c49	361116			cypher-graph-id-predicate	64	1	fixture-tika-14	1	0	0	1	0	2	1	1	63	1	0
graph-id-property-wrapped-contains-target-30-targeted	graph-id	graph-id-property-wrapped-contains	targeted	graph-id-equals-and-wrapped-contains	graph-routing	properties	200	fixture-tika-14	fixture-tika-14	1	530ac22d92e73256c57c4e234fccac50105308bcc26304451ee74f20a619f7a5	success	10	5866	c85815e1257e7d89a547803b839a8fa3d5c32a25ad93fc4df95c67dd0df38386	604554		fixture-tika-14	cypher-graph-id-predicate	64	1	fixture-tika-14	1	0	0	1	0	497	1	1	63	1	0
graph-id-property-wrapped-contains-target-30-dense	graph-id	graph-id-property-wrapped-contains	dense	graph-id-equals-and-wrapped-contains	graph-routing	properties	200	fixture-tika-14	fixture-tika-14	1	530ac22d92e73256c57c4e234fccac50105308bcc26304451ee74f20a619f7a5	success	200	95471	766b9ef7e8ecf0adce38af75461cc8c431950c6a78cf29871668bb82bbc59681	2158941		fixture-tika-14	cypher-graph-id-predicate	64	1	fixture-tika-14	1	0	0	1	0	12857	1	1	63	1	0
graph-id-property-wrapped-contains-target-31-zero	graph-id	graph-id-property-wrapped-contains	zero	graph-id-equals-and-wrapped-contains	graph-routing	properties	200	fixture-tika-15	fixture-tika-15	1	80331285783d790177bcaeeebf677e98900445b2273d41781c6e07aa5683a500	success	0	147	805c8c7334c868e18e2be84be95b83cc60895722d739c2b164a68be4cd410c49	315630			cypher-graph-id-predicate	64	1	fixture-tika-15	1	0	0	1	0	2	1	1	63	1	0
graph-id-property-wrapped-contains-target-31-targeted	graph-id	graph-id-property-wrapped-contains	targeted	graph-id-equals-and-wrapped-contains	graph-routing	properties	200	fixture-tika-15	fixture-tika-15	1	80331285783d790177bcaeeebf677e98900445b2273d41781c6e07aa5683a500	success	1	779	5b2641a56fc0d1ce3cad560f98de3ab642d893c5f6c2be5bb57444732d364805	716492		fixture-tika-15	cypher-graph-id-predicate	64	1	fixture-tika-15	1	0	0	1	0	456	1	1	63	1	0
graph-id-property-wrapped-contains-target-31-dense	graph-id	graph-id-property-wrapped-contains	dense	graph-id-equals-and-wrapped-contains	graph-routing	properties	200	fixture-tika-15	fixture-tika-15	1	80331285783d790177bcaeeebf677e98900445b2273d41781c6e07aa5683a500	success	200	90493	6cea2d1b1fba9817e31904018fa5ce3734b41bb641feab5c7c6849206b05e3c1	3613604		fixture-tika-15	cypher-graph-id-predicate	64	1	fixture-tika-15	1	0	0	1	0	14166	1	1	63	1	0
graph-id-property-wrapped-contains-target-32-zero	graph-id	graph-id-property-wrapped-contains	zero	graph-id-equals-and-wrapped-contains	graph-routing	properties	200	fixture-hive-00	fixture-hive-00	1	ea11677be4d3166ee79e7aa4f8c5ff603c5cb6bb9f65649cfc46854eedb1b466	success	0	147	805c8c7334c868e18e2be84be95b83cc60895722d739c2b164a68be4cd410c49	319028			cypher-graph-id-predicate	64	1	fixture-hive-00	1	0	0	1	0	2	1	1	63	1	0
graph-id-property-wrapped-contains-target-32-targeted	graph-id	graph-id-property-wrapped-contains	targeted	graph-id-equals-and-wrapped-contains	graph-routing	properties	200	fixture-hive-00	fixture-hive-00	1	ea11677be4d3166ee79e7aa4f8c5ff603c5cb6bb9f65649cfc46854eedb1b466	success	4	2862	72e96499d86d64ae9da267f3b15791817d4250f06a8dfea9d09edd8c3c23a440	728444		fixture-hive-00	cypher-graph-id-predicate	64	1	fixture-hive-00	1	0	0	1	0	483	1	1	63	1	0
graph-id-property-wrapped-contains-target-32-dense	graph-id	graph-id-property-wrapped-contains	dense	graph-id-equals-and-wrapped-contains	graph-routing	properties	200	fixture-hive-00	fixture-hive-00	1	ea11677be4d3166ee79e7aa4f8c5ff603c5cb6bb9f65649cfc46854eedb1b466	success	200	92864	0ad6a5ae10cb27d8dd28af205e0df8ebd79b3e1ca0079c8c876100ee108fc38d	4976063		fixture-hive-00	cypher-graph-id-predicate	64	1	fixture-hive-00	1	0	0	1	0	16392	1	1	63	1	0
graph-id-property-wrapped-contains-target-33-zero	graph-id	graph-id-property-wrapped-contains	zero	graph-id-equals-and-wrapped-contains	graph-routing	properties	200	fixture-hive-01	fixture-hive-01	1	3a9bab8befb64a5c5518ec83add10138c13ae31dfad00b5a26547f3cfc2bf0bb	success	0	147	805c8c7334c868e18e2be84be95b83cc60895722d739c2b164a68be4cd410c49	379430			cypher-graph-id-predicate	64	1	fixture-hive-01	1	0	0	1	0	2	1	1	63	1	0
graph-id-property-wrapped-contains-target-33-targeted	graph-id	graph-id-property-wrapped-contains	targeted	graph-id-equals-and-wrapped-contains	graph-routing	properties	200	fixture-hive-01	fixture-hive-01	1	3a9bab8befb64a5c5518ec83add10138c13ae31dfad00b5a26547f3cfc2bf0bb	success	4	2862	5436abb5d5a82ddf1b71cf6459ce0de5fe56d25b825b58b20bbe8cace9e3cde7	3311358		fixture-hive-01	cypher-graph-id-predicate	64	1	fixture-hive-01	1	0	0	1	0	496	1	1	63	1	0
graph-id-property-wrapped-contains-target-33-dense	graph-id	graph-id-property-wrapped-contains	dense	graph-id-equals-and-wrapped-contains	graph-routing	properties	200	fixture-hive-01	fixture-hive-01	1	3a9bab8befb64a5c5518ec83add10138c13ae31dfad00b5a26547f3cfc2bf0bb	success	200	92578	e10f119cab32a77f2d8107211e2addcc69d3ab151ee08f60199ff7a8db9b6a1c	2799527		fixture-hive-01	cypher-graph-id-predicate	64	1	fixture-hive-01	1	0	0	1	0	12654	1	1	63	1	0
graph-id-property-wrapped-contains-target-34-zero	graph-id	graph-id-property-wrapped-contains	zero	graph-id-equals-and-wrapped-contains	graph-routing	properties	200	fixture-hive-02	fixture-hive-02	1	058d31d4f0a17f6c8e80480702d6c2099e48867673bc0a8d99037f2244a27bbf	success	0	147	805c8c7334c868e18e2be84be95b83cc60895722d739c2b164a68be4cd410c49	410639			cypher-graph-id-predicate	64	1	fixture-hive-02	1	0	0	1	0	2	1	1	63	1	0
graph-id-property-wrapped-contains-target-34-targeted	graph-id	graph-id-property-wrapped-contains	targeted	graph-id-equals-and-wrapped-contains	graph-routing	properties	200	fixture-hive-02	fixture-hive-02	1	058d31d4f0a17f6c8e80480702d6c2099e48867673bc0a8d99037f2244a27bbf	success	4	2883	e83a01bd4b4e8f51ba0c51a53e73f87ec8dd6170bd60b37ef57b4eb9aba8bcc7	1026210		fixture-hive-02	cypher-graph-id-predicate	64	1	fixture-hive-02	1	0	0	1	0	503	1	1	63	1	0
graph-id-property-wrapped-contains-target-34-dense	graph-id	graph-id-property-wrapped-contains	dense	graph-id-equals-and-wrapped-contains	graph-routing	properties	200	fixture-hive-02	fixture-hive-02	1	058d31d4f0a17f6c8e80480702d6c2099e48867673bc0a8d99037f2244a27bbf	success	200	94183	b06f89a813919b2f4278637c18773fe7508c48351caa08a76cefe1f54c9b7715	3299336		fixture-hive-02	cypher-graph-id-predicate	64	1	fixture-hive-02	1	0	0	1	0	14868	1	1	63	1	0
graph-id-property-wrapped-contains-target-35-zero	graph-id	graph-id-property-wrapped-contains	zero	graph-id-equals-and-wrapped-contains	graph-routing	properties	200	fixture-hive-03	fixture-hive-03	1	bc37ba5880a9fc3e89dea2bf6571ad8db10f8c499dfca7c678b831d8edb064fe	success	0	147	805c8c7334c868e18e2be84be95b83cc60895722d739c2b164a68be4cd410c49	412473			cypher-graph-id-predicate	64	1	fixture-hive-03	1	0	0	1	0	2	1	1	63	1	0
graph-id-property-wrapped-contains-target-35-targeted	graph-id	graph-id-property-wrapped-contains	targeted	graph-id-equals-and-wrapped-contains	graph-routing	properties	200	fixture-hive-03	fixture-hive-03	1	bc37ba5880a9fc3e89dea2bf6571ad8db10f8c499dfca7c678b831d8edb064fe	success	1	771	134378d176ef9559b3b9b40557762648c5aa55be889ba8cb2e7f752130b85ab7	829873		fixture-hive-03	cypher-graph-id-predicate	64	1	fixture-hive-03	1	0	0	1	0	430	1	1	63	1	0
graph-id-property-wrapped-contains-target-35-dense	graph-id	graph-id-property-wrapped-contains	dense	graph-id-equals-and-wrapped-contains	graph-routing	properties	200	fixture-hive-03	fixture-hive-03	1	bc37ba5880a9fc3e89dea2bf6571ad8db10f8c499dfca7c678b831d8edb064fe	success	200	91613	71eca3baa7c5adda9a19daaba5b66d08f4d30beebcfc1f6f8f3125a009484e93	6746678		fixture-hive-03	cypher-graph-id-predicate	64	1	fixture-hive-03	1	0	0	1	0	15134	1	1	63	1	0
graph-id-property-wrapped-contains-target-36-zero	graph-id	graph-id-property-wrapped-contains	zero	graph-id-equals-and-wrapped-contains	graph-routing	properties	200	fixture-hive-04	fixture-hive-04	1	d6abca6af79ede3e783b4b1d1bb2f17c22db5cf0b5c70506d31ea6d33509dcc5	success	0	147	805c8c7334c868e18e2be84be95b83cc60895722d739c2b164a68be4cd410c49	445765			cypher-graph-id-predicate	64	1	fixture-hive-04	1	0	0	1	0	2	1	1	63	1	0
graph-id-property-wrapped-contains-target-36-targeted	graph-id	graph-id-property-wrapped-contains	targeted	graph-id-equals-and-wrapped-contains	graph-routing	properties	200	fixture-hive-04	fixture-hive-04	1	d6abca6af79ede3e783b4b1d1bb2f17c22db5cf0b5c70506d31ea6d33509dcc5	success	1	795	6f5022183da52ea8cb963f17c4b86a6270dc9bfe0ca358e5ec7d6bdf4c95879f	1031540		fixture-hive-04	cypher-graph-id-predicate	64	1	fixture-hive-04	1	0	0	1	0	509	1	1	63	1	0
graph-id-property-wrapped-contains-target-36-dense	graph-id	graph-id-property-wrapped-contains	dense	graph-id-equals-and-wrapped-contains	graph-routing	properties	200	fixture-hive-04	fixture-hive-04	1	d6abca6af79ede3e783b4b1d1bb2f17c22db5cf0b5c70506d31ea6d33509dcc5	success	200	91716	5d2df55fe9df550bd17a462dbec1bd958f7c0d5940c160537976ecc80d5cb22f	2809348		fixture-hive-04	cypher-graph-id-predicate	64	1	fixture-hive-04	1	0	0	1	0	13326	1	1	63	1	0
graph-id-property-wrapped-contains-target-37-zero	graph-id	graph-id-property-wrapped-contains	zero	graph-id-equals-and-wrapped-contains	graph-routing	properties	200	fixture-hive-05	fixture-hive-05	1	f7f4c2e85299b39f0b295436a0a678be80ea1fe4bd065c984fac7e3e79c02a1f	success	0	147	805c8c7334c868e18e2be84be95b83cc60895722d739c2b164a68be4cd410c49	668261			cypher-graph-id-predicate	64	1	fixture-hive-05	1	0	0	1	0	2	1	1	63	1	0
graph-id-property-wrapped-contains-target-37-targeted	graph-id	graph-id-property-wrapped-contains	targeted	graph-id-equals-and-wrapped-contains	graph-routing	properties	200	fixture-hive-05	fixture-hive-05	1	f7f4c2e85299b39f0b295436a0a678be80ea1fe4bd065c984fac7e3e79c02a1f	success	51	31472	b9433fbd59011f3771f14c8abacb0cbca913b3ccb9b85649a8f98d4c6f628703	2641236		fixture-hive-05	cypher-graph-id-predicate	64	1	fixture-hive-05	1	0	0	1	0	549	1	1	63	1	0
graph-id-property-wrapped-contains-target-37-dense	graph-id	graph-id-property-wrapped-contains	dense	graph-id-equals-and-wrapped-contains	graph-routing	properties	200	fixture-hive-05	fixture-hive-05	1	f7f4c2e85299b39f0b295436a0a678be80ea1fe4bd065c984fac7e3e79c02a1f	success	200	91795	dbb6e258143695218279e10cbea2bf21ad0c5b1330a8fc3e3470b176ae0b6f42	2502614		fixture-hive-05	cypher-graph-id-predicate	64	1	fixture-hive-05	1	0	0	1	0	14029	1	1	63	1	0
graph-id-property-wrapped-contains-target-38-zero	graph-id	graph-id-property-wrapped-contains	zero	graph-id-equals-and-wrapped-contains	graph-routing	properties	200	fixture-hive-06	fixture-hive-06	1	ddfe0a17a6b176061c6908248fc9bbb24510f00e8ed40c2c068587464d0ab767	success	0	147	805c8c7334c868e18e2be84be95b83cc60895722d739c2b164a68be4cd410c49	319549			cypher-graph-id-predicate	64	1	fixture-hive-06	1	0	0	1	0	2	1	1	63	1	0
graph-id-property-wrapped-contains-target-38-targeted	graph-id	graph-id-property-wrapped-contains	targeted	graph-id-equals-and-wrapped-contains	graph-routing	properties	200	fixture-hive-06	fixture-hive-06	1	ddfe0a17a6b176061c6908248fc9bbb24510f00e8ed40c2c068587464d0ab767	success	1	801	6e224732564976ab3ad1b488a2dcb0c2a2f84050ab25d529f41b87f4de3c406c	951200		fixture-hive-06	cypher-graph-id-predicate	64	1	fixture-hive-06	1	0	0	1	0	494	1	1	63	1	0
graph-id-property-wrapped-contains-target-38-dense	graph-id	graph-id-property-wrapped-contains	dense	graph-id-equals-and-wrapped-contains	graph-routing	properties	200	fixture-hive-06	fixture-hive-06	1	ddfe0a17a6b176061c6908248fc9bbb24510f00e8ed40c2c068587464d0ab767	success	200	92968	77adda61bf8a66745500e9e1b739302ae425b75af5d5199095bd9c0f56151e04	3200080		fixture-hive-06	cypher-graph-id-predicate	64	1	fixture-hive-06	1	0	0	1	0	14074	1	1	63	1	0
graph-id-property-wrapped-contains-target-39-zero	graph-id	graph-id-property-wrapped-contains	zero	graph-id-equals-and-wrapped-contains	graph-routing	properties	200	fixture-hive-07	fixture-hive-07	1	5b909537f8397e9b454c56026974d9a0348f5c6147e1f2169fbaaa2eb1645822	success	0	147	805c8c7334c868e18e2be84be95b83cc60895722d739c2b164a68be4cd410c49	377948			cypher-graph-id-predicate	64	1	fixture-hive-07	1	0	0	1	0	2	1	1	63	1	0
graph-id-property-wrapped-contains-target-39-targeted	graph-id	graph-id-property-wrapped-contains	targeted	graph-id-equals-and-wrapped-contains	graph-routing	properties	200	fixture-hive-07	fixture-hive-07	1	5b909537f8397e9b454c56026974d9a0348f5c6147e1f2169fbaaa2eb1645822	success	4	2855	db8e5b7500b38c30ff9ca554407e1c3f066cc32ce80520e31c63fe8f4f34048e	1229752		fixture-hive-07	cypher-graph-id-predicate	64	1	fixture-hive-07	1	0	0	1	0	540	1	1	63	1	0
graph-id-property-wrapped-contains-target-39-dense	graph-id	graph-id-property-wrapped-contains	dense	graph-id-equals-and-wrapped-contains	graph-routing	properties	200	fixture-hive-07	fixture-hive-07	1	5b909537f8397e9b454c56026974d9a0348f5c6147e1f2169fbaaa2eb1645822	success	200	91298	153dc7ab9d3d22961d16bfae52d0b5cd4c7d97177e0e57e7c086294f37d00f0f	2702435		fixture-hive-07	cypher-graph-id-predicate	64	1	fixture-hive-07	1	0	0	1	0	13588	1	1	63	1	0
graph-id-property-wrapped-contains-target-40-zero	graph-id	graph-id-property-wrapped-contains	zero	graph-id-equals-and-wrapped-contains	graph-routing	properties	200	fixture-hive-08	fixture-hive-08	1	a73da7b76b921f77b9fadceff4ca8a9274fa7524e6ce2fb87c035b118fdb9e31	success	0	147	805c8c7334c868e18e2be84be95b83cc60895722d739c2b164a68be4cd410c49	380012			cypher-graph-id-predicate	64	1	fixture-hive-08	1	0	0	1	0	2	1	1	63	1	0
graph-id-property-wrapped-contains-target-40-targeted	graph-id	graph-id-property-wrapped-contains	targeted	graph-id-equals-and-wrapped-contains	graph-routing	properties	200	fixture-hive-08	fixture-hive-08	1	a73da7b76b921f77b9fadceff4ca8a9274fa7524e6ce2fb87c035b118fdb9e31	success	4	2911	6520445594f6fc1d080f2e441beea159540f21b52c555b515dbd7ba1fee2a37f	2806834		fixture-hive-08	cypher-graph-id-predicate	64	1	fixture-hive-08	1	0	0	1	0	549	1	1	63	1	0
graph-id-property-wrapped-contains-target-40-dense	graph-id	graph-id-property-wrapped-contains	dense	graph-id-equals-and-wrapped-contains	graph-routing	properties	200	fixture-hive-08	fixture-hive-08	1	a73da7b76b921f77b9fadceff4ca8a9274fa7524e6ce2fb87c035b118fdb9e31	success	200	95189	6547ed796970ad3186785ae6dc7d6b1328d226d1878e5144fdb98c21fcba06f9	3343268		fixture-hive-08	cypher-graph-id-predicate	64	1	fixture-hive-08	1	0	0	1	0	15256	1	1	63	1	0
graph-id-property-wrapped-contains-target-41-zero	graph-id	graph-id-property-wrapped-contains	zero	graph-id-equals-and-wrapped-contains	graph-routing	properties	200	fixture-hive-09	fixture-hive-09	1	295df7bb9f479be56469bcfb34b70c143d1aff6e47944b80de9fd42e774be779	success	0	147	805c8c7334c868e18e2be84be95b83cc60895722d739c2b164a68be4cd410c49	375393			cypher-graph-id-predicate	64	1	fixture-hive-09	1	0	0	1	0	2	1	1	63	1	0
graph-id-property-wrapped-contains-target-41-targeted	graph-id	graph-id-property-wrapped-contains	targeted	graph-id-equals-and-wrapped-contains	graph-routing	properties	200	fixture-hive-09	fixture-hive-09	1	295df7bb9f479be56469bcfb34b70c143d1aff6e47944b80de9fd42e774be779	success	4	2883	42fd2fd2ff37d34c0cfb2146cde4be9387147a4cc07443bd58969c3f1e25556e	704629		fixture-hive-09	cypher-graph-id-predicate	64	1	fixture-hive-09	1	0	0	1	0	519	1	1	63	1	0
graph-id-property-wrapped-contains-target-41-dense	graph-id	graph-id-property-wrapped-contains	dense	graph-id-equals-and-wrapped-contains	graph-routing	properties	200	fixture-hive-09	fixture-hive-09	1	295df7bb9f479be56469bcfb34b70c143d1aff6e47944b80de9fd42e774be779	success	200	92146	1d23f5a918b6a408d8eae300e7aa799801aecc62fcc85667af567e3c95156cb9	3773203		fixture-hive-09	cypher-graph-id-predicate	64	1	fixture-hive-09	1	0	0	1	0	14450	1	1	63	1	0
graph-id-property-wrapped-contains-target-42-zero	graph-id	graph-id-property-wrapped-contains	zero	graph-id-equals-and-wrapped-contains	graph-routing	properties	200	fixture-hive-10	fixture-hive-10	1	e942f277a2b44bd11b03bd9380dd5388338721030a1701c31ff2277dd8f8cd9a	success	0	147	805c8c7334c868e18e2be84be95b83cc60895722d739c2b164a68be4cd410c49	803985			cypher-graph-id-predicate	64	1	fixture-hive-10	1	0	0	1	0	2	1	1	63	1	0
graph-id-property-wrapped-contains-target-42-targeted	graph-id	graph-id-property-wrapped-contains	targeted	graph-id-equals-and-wrapped-contains	graph-routing	properties	200	fixture-hive-10	fixture-hive-10	1	e942f277a2b44bd11b03bd9380dd5388338721030a1701c31ff2277dd8f8cd9a	success	63	39077	2d20a012ee335ff72d99f67135e1ac36defbca676c07a298d3df15c7c1e33f7d	1689038		fixture-hive-10	cypher-graph-id-predicate	64	1	fixture-hive-10	1	0	0	1	0	548	1	1	63	1	0
graph-id-property-wrapped-contains-target-42-dense	graph-id	graph-id-property-wrapped-contains	dense	graph-id-equals-and-wrapped-contains	graph-routing	properties	200	fixture-hive-10	fixture-hive-10	1	e942f277a2b44bd11b03bd9380dd5388338721030a1701c31ff2277dd8f8cd9a	success	200	93248	bd7a2cfc84011237aca413f8fd4b6ee9130043dc1530bc214cc965d935dc3d88	2848943		fixture-hive-10	cypher-graph-id-predicate	64	1	fixture-hive-10	1	0	0	1	0	12690	1	1	63	1	0
graph-id-property-wrapped-contains-target-43-zero	graph-id	graph-id-property-wrapped-contains	zero	graph-id-equals-and-wrapped-contains	graph-routing	properties	200	fixture-hive-11	fixture-hive-11	1	fc0779b8fe9d9937d1e4cb4a3dba1379fc83c9a81125f4350e46a986c8531889	success	0	147	805c8c7334c868e18e2be84be95b83cc60895722d739c2b164a68be4cd410c49	323776			cypher-graph-id-predicate	64	1	fixture-hive-11	1	0	0	1	0	2	1	1	63	1	0
graph-id-property-wrapped-contains-target-43-targeted	graph-id	graph-id-property-wrapped-contains	targeted	graph-id-equals-and-wrapped-contains	graph-routing	properties	200	fixture-hive-11	fixture-hive-11	1	fc0779b8fe9d9937d1e4cb4a3dba1379fc83c9a81125f4350e46a986c8531889	success	4	2743	a7aaae25732eb3fc39e7e9697120f6a4534e52262fb153e4201e51d7b31e4606	995313		fixture-hive-11	cypher-graph-id-predicate	64	1	fixture-hive-11	1	0	0	1	0	433	1	1	63	1	0
graph-id-property-wrapped-contains-target-43-dense	graph-id	graph-id-property-wrapped-contains	dense	graph-id-equals-and-wrapped-contains	graph-routing	properties	200	fixture-hive-11	fixture-hive-11	1	fc0779b8fe9d9937d1e4cb4a3dba1379fc83c9a81125f4350e46a986c8531889	success	200	94063	f5c81d8aabcfe449e1a20e1133f0ce5a6c25cde54cfb7e82531ff93f87b6f89e	3422636		fixture-hive-11	cypher-graph-id-predicate	64	1	fixture-hive-11	1	0	0	1	0	14425	1	1	63	1	0
graph-id-property-wrapped-contains-target-44-zero	graph-id	graph-id-property-wrapped-contains	zero	graph-id-equals-and-wrapped-contains	graph-routing	properties	200	fixture-hive-12	fixture-hive-12	1	b0c62bc41512e26a42d23ec1fd21c12eb0d433e252eed22e92d2246689f7489a	success	0	147	805c8c7334c868e18e2be84be95b83cc60895722d739c2b164a68be4cd410c49	314038			cypher-graph-id-predicate	64	1	fixture-hive-12	1	0	0	1	0	2	1	1	63	1	0
graph-id-property-wrapped-contains-target-44-targeted	graph-id	graph-id-property-wrapped-contains	targeted	graph-id-equals-and-wrapped-contains	graph-routing	properties	200	fixture-hive-12	fixture-hive-12	1	b0c62bc41512e26a42d23ec1fd21c12eb0d433e252eed22e92d2246689f7489a	success	4	2890	b8c7750587d3cb95373de074cba017cf14e5d85811bfc8cc2b49fa06615dc14f	2485552		fixture-hive-12	cypher-graph-id-predicate	64	1	fixture-hive-12	1	0	0	1	0	506	1	1	63	1	0
graph-id-property-wrapped-contains-target-44-dense	graph-id	graph-id-property-wrapped-contains	dense	graph-id-equals-and-wrapped-contains	graph-routing	properties	200	fixture-hive-12	fixture-hive-12	1	b0c62bc41512e26a42d23ec1fd21c12eb0d433e252eed22e92d2246689f7489a	success	200	90517	901cb7ad5a7cef604f7264d87d81f85a7b3e521b0175839dd61f15fa140b58cf	2820660		fixture-hive-12	cypher-graph-id-predicate	64	1	fixture-hive-12	1	0	0	1	0	13479	1	1	63	1	0
graph-id-property-wrapped-contains-target-45-zero	graph-id	graph-id-property-wrapped-contains	zero	graph-id-equals-and-wrapped-contains	graph-routing	properties	200	fixture-hive-13	fixture-hive-13	1	2f758a1599ac4d799ee27ae81f81bfe54bc6240d59e8f003bf5cd782742affd0	success	0	147	805c8c7334c868e18e2be84be95b83cc60895722d739c2b164a68be4cd410c49	407753			cypher-graph-id-predicate	64	1	fixture-hive-13	1	0	0	1	0	2	1	1	63	1	0
graph-id-property-wrapped-contains-target-45-targeted	graph-id	graph-id-property-wrapped-contains	targeted	graph-id-equals-and-wrapped-contains	graph-routing	properties	200	fixture-hive-13	fixture-hive-13	1	2f758a1599ac4d799ee27ae81f81bfe54bc6240d59e8f003bf5cd782742affd0	success	1	807	7a2ea6e6b7c61f333c01be975226570ddf428683fdf6c4eb419e09457718acf9	965136		fixture-hive-13	cypher-graph-id-predicate	64	1	fixture-hive-13	1	0	0	1	0	535	1	1	63	1	0
graph-id-property-wrapped-contains-target-45-dense	graph-id	graph-id-property-wrapped-contains	dense	graph-id-equals-and-wrapped-contains	graph-routing	properties	200	fixture-hive-13	fixture-hive-13	1	2f758a1599ac4d799ee27ae81f81bfe54bc6240d59e8f003bf5cd782742affd0	success	200	92534	8ce2fca3adf975e2913f1d7a0f91465f04ef5e5cdbaaa1f51ca68901be616480	2711896		fixture-hive-13	cypher-graph-id-predicate	64	1	fixture-hive-13	1	0	0	1	0	13584	1	1	63	1	0
graph-id-property-wrapped-contains-target-46-zero	graph-id	graph-id-property-wrapped-contains	zero	graph-id-equals-and-wrapped-contains	graph-routing	properties	200	fixture-hive-14	fixture-hive-14	1	960cf66cc8af0003002afe076d1f893b29b2a55fabfac7d5316eb3e3b9c46f67	success	0	147	805c8c7334c868e18e2be84be95b83cc60895722d739c2b164a68be4cd410c49	330189			cypher-graph-id-predicate	64	1	fixture-hive-14	1	0	0	1	0	2	1	1	63	1	0
graph-id-property-wrapped-contains-target-46-targeted	graph-id	graph-id-property-wrapped-contains	targeted	graph-id-equals-and-wrapped-contains	graph-routing	properties	200	fixture-hive-14	fixture-hive-14	1	960cf66cc8af0003002afe076d1f893b29b2a55fabfac7d5316eb3e3b9c46f67	success	45	27605	5de372ca8e19ec486456452fc7bd2d9f18c4d7b0beb5e238b24073911e1d2e3a	930311		fixture-hive-14	cypher-graph-id-predicate	64	1	fixture-hive-14	1	0	0	1	0	498	1	1	63	1	0
graph-id-property-wrapped-contains-target-46-dense	graph-id	graph-id-property-wrapped-contains	dense	graph-id-equals-and-wrapped-contains	graph-routing	properties	200	fixture-hive-14	fixture-hive-14	1	960cf66cc8af0003002afe076d1f893b29b2a55fabfac7d5316eb3e3b9c46f67	success	200	96641	3ad39c9167b00424c5957087068cab90d47268c9063b8d9e565113275edd98c8	2977213		fixture-hive-14	cypher-graph-id-predicate	64	1	fixture-hive-14	1	0	0	1	0	13971	1	1	63	1	0
graph-id-property-wrapped-contains-target-47-zero	graph-id	graph-id-property-wrapped-contains	zero	graph-id-equals-and-wrapped-contains	graph-routing	properties	200	fixture-hive-15	fixture-hive-15	1	d5c3f70f4e04fa9e3851b5ba956c39c64ff3bf4c48028255a069369d65d3e3dc	success	0	147	805c8c7334c868e18e2be84be95b83cc60895722d739c2b164a68be4cd410c49	284422			cypher-graph-id-predicate	64	1	fixture-hive-15	1	0	0	1	0	2	1	1	63	1	0
graph-id-property-wrapped-contains-target-47-targeted	graph-id	graph-id-property-wrapped-contains	targeted	graph-id-equals-and-wrapped-contains	graph-routing	properties	200	fixture-hive-15	fixture-hive-15	1	d5c3f70f4e04fa9e3851b5ba956c39c64ff3bf4c48028255a069369d65d3e3dc	success	66	40159	fcfc173325ae104971344d6daea93c8089a472f712f938cfbd16c519ba82c551	824994		fixture-hive-15	cypher-graph-id-predicate	64	1	fixture-hive-15	1	0	0	1	0	510	1	1	63	1	0
graph-id-property-wrapped-contains-target-47-dense	graph-id	graph-id-property-wrapped-contains	dense	graph-id-equals-and-wrapped-contains	graph-routing	properties	200	fixture-hive-15	fixture-hive-15	1	d5c3f70f4e04fa9e3851b5ba956c39c64ff3bf4c48028255a069369d65d3e3dc	success	200	97359	d162ad37d2e7b659e55cddb63b7d42e922fbd2396ae9679f7648226751bb7a13	3096085		fixture-hive-15	cypher-graph-id-predicate	64	1	fixture-hive-15	1	0	0	1	0	13221	1	1	63	1	0
graph-id-property-wrapped-contains-target-48-zero	graph-id	graph-id-property-wrapped-contains	zero	graph-id-equals-and-wrapped-contains	graph-routing	properties	200	fixture-kotlin-compiler-00	fixture-kotlin-compiler-00	1	e0590ddba3b9b9f8de79bee6771cc2f41482d9bcf2b6d495c533f4d523602a1c	success	0	147	805c8c7334c868e18e2be84be95b83cc60895722d739c2b164a68be4cd410c49	475871			cypher-graph-id-predicate	64	1	fixture-kotlin-compiler-00	1	0	0	1	0	2	1	1	63	1	0
graph-id-property-wrapped-contains-target-48-targeted	graph-id	graph-id-property-wrapped-contains	targeted	graph-id-equals-and-wrapped-contains	graph-routing	properties	200	fixture-kotlin-compiler-00	fixture-kotlin-compiler-00	1	e0590ddba3b9b9f8de79bee6771cc2f41482d9bcf2b6d495c533f4d523602a1c	success	10	6351	274597a5e0e535d6581734920f9ffbc39062a84a13ad9d85823a8f12df219dfd	550971		fixture-kotlin-compiler-00	cypher-graph-id-predicate	64	1	fixture-kotlin-compiler-00	1	0	0	1	0	453	1	1	63	1	0
graph-id-property-wrapped-contains-target-48-dense	graph-id	graph-id-property-wrapped-contains	dense	graph-id-equals-and-wrapped-contains	graph-routing	properties	200	fixture-kotlin-compiler-00	fixture-kotlin-compiler-00	1	e0590ddba3b9b9f8de79bee6771cc2f41482d9bcf2b6d495c533f4d523602a1c	success	200	97301	4abd067ea3c7496241f2623586a132809a81e33bd08c7645b717be3ee7ee2542	3304335		fixture-kotlin-compiler-00	cypher-graph-id-predicate	64	1	fixture-kotlin-compiler-00	1	0	0	1	0	12409	1	1	63	1	0
graph-id-property-wrapped-contains-target-49-zero	graph-id	graph-id-property-wrapped-contains	zero	graph-id-equals-and-wrapped-contains	graph-routing	properties	200	fixture-kotlin-compiler-01	fixture-kotlin-compiler-01	1	a2378f34cd746f343988852d75ea5d50b8bfe89e6cd965dacb19b742e3a8c966	success	0	147	805c8c7334c868e18e2be84be95b83cc60895722d739c2b164a68be4cd410c49	263794			cypher-graph-id-predicate	64	1	fixture-kotlin-compiler-01	1	0	0	1	0	2	1	1	63	1	0
graph-id-property-wrapped-contains-target-49-targeted	graph-id	graph-id-property-wrapped-contains	targeted	graph-id-equals-and-wrapped-contains	graph-routing	properties	200	fixture-kotlin-compiler-01	fixture-kotlin-compiler-01	1	a2378f34cd746f343988852d75ea5d50b8bfe89e6cd965dacb19b742e3a8c966	success	4	2598	d72c68d3fe0e8e0257e28136dfcba3f279a31d304b51dc9611dfa7b0f16169a8	567782		fixture-kotlin-compiler-01	cypher-graph-id-predicate	64	1	fixture-kotlin-compiler-01	1	0	0	1	0	500	1	1	63	1	0
graph-id-property-wrapped-contains-target-49-dense	graph-id	graph-id-property-wrapped-contains	dense	graph-id-equals-and-wrapped-contains	graph-routing	properties	200	fixture-kotlin-compiler-01	fixture-kotlin-compiler-01	1	a2378f34cd746f343988852d75ea5d50b8bfe89e6cd965dacb19b742e3a8c966	success	200	95854	6848b85ce01299f2ea05bcca3edaa8c69792c61113aeaea43a401f01793bb61d	2444014		fixture-kotlin-compiler-01	cypher-graph-id-predicate	64	1	fixture-kotlin-compiler-01	1	0	0	1	0	12047	1	1	63	1	0
graph-id-property-wrapped-contains-target-50-zero	graph-id	graph-id-property-wrapped-contains	zero	graph-id-equals-and-wrapped-contains	graph-routing	properties	200	fixture-kotlin-compiler-02	fixture-kotlin-compiler-02	1	b4996e09ff7c9fb90ce978374faa803d01485382a499402abfd9028048b79bf7	success	0	147	805c8c7334c868e18e2be84be95b83cc60895722d739c2b164a68be4cd410c49	442509			cypher-graph-id-predicate	64	1	fixture-kotlin-compiler-02	1	0	0	1	0	2	1	1	63	1	0
graph-id-property-wrapped-contains-target-50-targeted	graph-id	graph-id-property-wrapped-contains	targeted	graph-id-equals-and-wrapped-contains	graph-routing	properties	200	fixture-kotlin-compiler-02	fixture-kotlin-compiler-02	1	b4996e09ff7c9fb90ce978374faa803d01485382a499402abfd9028048b79bf7	success	1	791	85dd6bfd8cfa28628294c822275e5bb7a279ea8142c47ff362a55c060e68da37	581919		fixture-kotlin-compiler-02	cypher-graph-id-predicate	64	1	fixture-kotlin-compiler-02	1	0	0	1	0	440	1	1	63	1	0
graph-id-property-wrapped-contains-target-50-dense	graph-id	graph-id-property-wrapped-contains	dense	graph-id-equals-and-wrapped-contains	graph-routing	properties	200	fixture-kotlin-compiler-02	fixture-kotlin-compiler-02	1	b4996e09ff7c9fb90ce978374faa803d01485382a499402abfd9028048b79bf7	success	200	91564	fbf180fab82c32493738bb60bb29955d3f45810bb23806d614f71964200069bc	1865361		fixture-kotlin-compiler-02	cypher-graph-id-predicate	64	1	fixture-kotlin-compiler-02	1	0	0	1	0	12211	1	1	63	1	0
graph-id-property-wrapped-contains-target-51-zero	graph-id	graph-id-property-wrapped-contains	zero	graph-id-equals-and-wrapped-contains	graph-routing	properties	200	fixture-kotlin-compiler-03	fixture-kotlin-compiler-03	1	a2350bbcc2f1ba8738ae72b167e586240ce7149551e3fba11f7a358d11b7801e	success	0	147	805c8c7334c868e18e2be84be95b83cc60895722d739c2b164a68be4cd410c49	332439			cypher-graph-id-predicate	64	1	fixture-kotlin-compiler-03	1	0	0	1	0	2	1	1	63	1	0
graph-id-property-wrapped-contains-target-51-targeted	graph-id	graph-id-property-wrapped-contains	targeted	graph-id-equals-and-wrapped-contains	graph-routing	properties	200	fixture-kotlin-compiler-03	fixture-kotlin-compiler-03	1	a2350bbcc2f1ba8738ae72b167e586240ce7149551e3fba11f7a358d11b7801e	success	1	798	64ae9673d519a121b865dc50f576291bddc3c4c81c474d10cfb9d0da1dce7c60	566540		fixture-kotlin-compiler-03	cypher-graph-id-predicate	64	1	fixture-kotlin-compiler-03	1	0	0	1	0	517	1	1	63	1	0
graph-id-property-wrapped-contains-target-51-dense	graph-id	graph-id-property-wrapped-contains	dense	graph-id-equals-and-wrapped-contains	graph-routing	properties	200	fixture-kotlin-compiler-03	fixture-kotlin-compiler-03	1	a2350bbcc2f1ba8738ae72b167e586240ce7149551e3fba11f7a358d11b7801e	success	200	94730	d508f1cb1d0c5646118a68e8a87c49c66a454661e438e3f033289c173598f51f	1687478		fixture-kotlin-compiler-03	cypher-graph-id-predicate	64	1	fixture-kotlin-compiler-03	1	0	0	1	0	10940	1	1	63	1	0
graph-id-property-wrapped-contains-target-52-zero	graph-id	graph-id-property-wrapped-contains	zero	graph-id-equals-and-wrapped-contains	graph-routing	properties	200	fixture-kotlin-compiler-04	fixture-kotlin-compiler-04	1	1835d0591826a821b1c4a8a0df21cd273c40697176c253109b1663d9e56d64a0	success	0	147	805c8c7334c868e18e2be84be95b83cc60895722d739c2b164a68be4cd410c49	621286			cypher-graph-id-predicate	64	1	fixture-kotlin-compiler-04	1	0	0	1	0	2	1	1	63	1	0
graph-id-property-wrapped-contains-target-52-targeted	graph-id	graph-id-property-wrapped-contains	targeted	graph-id-equals-and-wrapped-contains	graph-routing	properties	200	fixture-kotlin-compiler-04	fixture-kotlin-compiler-04	1	1835d0591826a821b1c4a8a0df21cd273c40697176c253109b1663d9e56d64a0	success	1	792	6691abe0a1f608719107bf4ffc3fa52632123ab77cb7c2c3c6536cd32de533b1	549288		fixture-kotlin-compiler-04	cypher-graph-id-predicate	64	1	fixture-kotlin-compiler-04	1	0	0	1	0	505	1	1	63	1	0
graph-id-property-wrapped-contains-target-52-dense	graph-id	graph-id-property-wrapped-contains	dense	graph-id-equals-and-wrapped-contains	graph-routing	properties	200	fixture-kotlin-compiler-04	fixture-kotlin-compiler-04	1	1835d0591826a821b1c4a8a0df21cd273c40697176c253109b1663d9e56d64a0	success	200	96891	db4b9bfadbbb61a039e76484090eda57349ec9585a7c795f46793352fb739e7c	1910166		fixture-kotlin-compiler-04	cypher-graph-id-predicate	64	1	fixture-kotlin-compiler-04	1	0	0	1	0	12680	1	1	63	1	0
graph-id-property-wrapped-contains-target-53-zero	graph-id	graph-id-property-wrapped-contains	zero	graph-id-equals-and-wrapped-contains	graph-routing	properties	200	fixture-kotlin-compiler-05	fixture-kotlin-compiler-05	1	65de36ec09041582c4ff4a57708f099a7d72d4907a327e47ae026767f5ff0db0	success	0	147	805c8c7334c868e18e2be84be95b83cc60895722d739c2b164a68be4cd410c49	264735			cypher-graph-id-predicate	64	1	fixture-kotlin-compiler-05	1	0	0	1	0	2	1	1	63	1	0
graph-id-property-wrapped-contains-target-53-targeted	graph-id	graph-id-property-wrapped-contains	targeted	graph-id-equals-and-wrapped-contains	graph-routing	properties	200	fixture-kotlin-compiler-05	fixture-kotlin-compiler-05	1	65de36ec09041582c4ff4a57708f099a7d72d4907a327e47ae026767f5ff0db0	success	6	3910	d987ccd9722d9cd5492fcbb62423f1a89bb41e05ea0e3fb44e7cc793b9656b12	475962		fixture-kotlin-compiler-05	cypher-graph-id-predicate	64	1	fixture-kotlin-compiler-05	1	0	0	1	0	432	1	1	63	1	0
graph-id-property-wrapped-contains-target-53-dense	graph-id	graph-id-property-wrapped-contains	dense	graph-id-equals-and-wrapped-contains	graph-routing	properties	200	fixture-kotlin-compiler-05	fixture-kotlin-compiler-05	1	65de36ec09041582c4ff4a57708f099a7d72d4907a327e47ae026767f5ff0db0	success	200	94720	c9e7b59e830a820a47234ca1fd54046d1c260db318e05adc24dc748ca7fe29c0	2128191		fixture-kotlin-compiler-05	cypher-graph-id-predicate	64	1	fixture-kotlin-compiler-05	1	0	0	1	0	12733	1	1	63	1	0
graph-id-property-wrapped-contains-target-54-zero	graph-id	graph-id-property-wrapped-contains	zero	graph-id-equals-and-wrapped-contains	graph-routing	properties	200	fixture-kotlin-compiler-06	fixture-kotlin-compiler-06	1	455e2dea20c33d78ad4888048700c76ead131cc5fff61b1b6745f3cf019d98c7	success	0	147	805c8c7334c868e18e2be84be95b83cc60895722d739c2b164a68be4cd410c49	280225			cypher-graph-id-predicate	64	1	fixture-kotlin-compiler-06	1	0	0	1	0	2	1	1	63	1	0
graph-id-property-wrapped-contains-target-54-targeted	graph-id	graph-id-property-wrapped-contains	targeted	graph-id-equals-and-wrapped-contains	graph-routing	properties	200	fixture-kotlin-compiler-06	fixture-kotlin-compiler-06	1	455e2dea20c33d78ad4888048700c76ead131cc5fff61b1b6745f3cf019d98c7	success	3	1869	5157205e66d4cebff8b628175c555fdb333564013eabc5f496e37f9a4ad2b606	663291		fixture-kotlin-compiler-06	cypher-graph-id-predicate	64	1	fixture-kotlin-compiler-06	1	0	0	1	0	433	1	1	63	1	0
graph-id-property-wrapped-contains-target-54-dense	graph-id	graph-id-property-wrapped-contains	dense	graph-id-equals-and-wrapped-contains	graph-routing	properties	200	fixture-kotlin-compiler-06	fixture-kotlin-compiler-06	1	455e2dea20c33d78ad4888048700c76ead131cc5fff61b1b6745f3cf019d98c7	success	200	92798	60b390f0b190e46f6fd1b4929641c7324c9142e0f18a85bc338e7b41ebe62db5	2658286		fixture-kotlin-compiler-06	cypher-graph-id-predicate	64	1	fixture-kotlin-compiler-06	1	0	0	1	0	12188	1	1	63	1	0
graph-id-property-wrapped-contains-target-55-zero	graph-id	graph-id-property-wrapped-contains	zero	graph-id-equals-and-wrapped-contains	graph-routing	properties	200	fixture-kotlin-compiler-07	fixture-kotlin-compiler-07	1	6c1c49dd5e3fe90a5fa68f9ab09606732d59b2cb006a42f463d6390d9a27f2a1	success	0	147	805c8c7334c868e18e2be84be95b83cc60895722d739c2b164a68be4cd410c49	305672			cypher-graph-id-predicate	64	1	fixture-kotlin-compiler-07	1	0	0	1	0	2	1	1	63	1	0
graph-id-property-wrapped-contains-target-55-targeted	graph-id	graph-id-property-wrapped-contains	targeted	graph-id-equals-and-wrapped-contains	graph-routing	properties	200	fixture-kotlin-compiler-07	fixture-kotlin-compiler-07	1	6c1c49dd5e3fe90a5fa68f9ab09606732d59b2cb006a42f463d6390d9a27f2a1	success	10	6054	f5c10be5db49f33f0b8307328bfb058b342da4d9241c33217038447620028ab5	753310		fixture-kotlin-compiler-07	cypher-graph-id-predicate	64	1	fixture-kotlin-compiler-07	1	0	0	1	0	540	1	1	63	1	0
graph-id-property-wrapped-contains-target-55-dense	graph-id	graph-id-property-wrapped-contains	dense	graph-id-equals-and-wrapped-contains	graph-routing	properties	200	fixture-kotlin-compiler-07	fixture-kotlin-compiler-07	1	6c1c49dd5e3fe90a5fa68f9ab09606732d59b2cb006a42f463d6390d9a27f2a1	success	200	96112	0f6d4800cdd86ccdf20aab2fe6bd2924f66d70c9fcca46057385e09ba151a798	2476966		fixture-kotlin-compiler-07	cypher-graph-id-predicate	64	1	fixture-kotlin-compiler-07	1	0	0	1	0	11861	1	1	63	1	0
graph-id-property-wrapped-contains-target-56-zero	graph-id	graph-id-property-wrapped-contains	zero	graph-id-equals-and-wrapped-contains	graph-routing	properties	200	fixture-kotlin-compiler-08	fixture-kotlin-compiler-08	1	37be466842d1f239df76fe55e92f6769fc0b2d6e47e43f0020c40a8ce8422cb0	success	0	147	805c8c7334c868e18e2be84be95b83cc60895722d739c2b164a68be4cd410c49	394388			cypher-graph-id-predicate	64	1	fixture-kotlin-compiler-08	1	0	0	1	0	2	1	1	63	1	0
graph-id-property-wrapped-contains-target-56-targeted	graph-id	graph-id-property-wrapped-contains	targeted	graph-id-equals-and-wrapped-contains	graph-routing	properties	200	fixture-kotlin-compiler-08	fixture-kotlin-compiler-08	1	37be466842d1f239df76fe55e92f6769fc0b2d6e47e43f0020c40a8ce8422cb0	success	1	802	7ebbe5301915ad5c39692b733c3f39851576d09270c89f830b9e80b342a866f6	3135990		fixture-kotlin-compiler-08	cypher-graph-id-predicate	64	1	fixture-kotlin-compiler-08	1	0	0	1	0	570	1	1	63	1	0
graph-id-property-wrapped-contains-target-56-dense	graph-id	graph-id-property-wrapped-contains	dense	graph-id-equals-and-wrapped-contains	graph-routing	properties	200	fixture-kotlin-compiler-08	fixture-kotlin-compiler-08	1	37be466842d1f239df76fe55e92f6769fc0b2d6e47e43f0020c40a8ce8422cb0	success	200	93704	b778fc4edfb3c1031b90b2d3d121fd31958733afdc68d3f1cde538a17b738328	3255704		fixture-kotlin-compiler-08	cypher-graph-id-predicate	64	1	fixture-kotlin-compiler-08	1	0	0	1	0	12042	1	1	63	1	0
graph-id-property-wrapped-contains-target-57-zero	graph-id	graph-id-property-wrapped-contains	zero	graph-id-equals-and-wrapped-contains	graph-routing	properties	200	fixture-kotlin-compiler-09	fixture-kotlin-compiler-09	1	5bacb6648bba38e91cc033e69d42538b040b89f913b58ee2afebb53ba8d35c57	success	0	147	805c8c7334c868e18e2be84be95b83cc60895722d739c2b164a68be4cd410c49	540281			cypher-graph-id-predicate	64	1	fixture-kotlin-compiler-09	1	0	0	1	0	2	1	1	63	1	0
graph-id-property-wrapped-contains-target-57-targeted	graph-id	graph-id-property-wrapped-contains	targeted	graph-id-equals-and-wrapped-contains	graph-routing	properties	200	fixture-kotlin-compiler-09	fixture-kotlin-compiler-09	1	5bacb6648bba38e91cc033e69d42538b040b89f913b58ee2afebb53ba8d35c57	success	1	765	0812dc51126311be5cac082c5d39676905cd9a0811e6a08f17ec6343dc843471	622365		fixture-kotlin-compiler-09	cypher-graph-id-predicate	64	1	fixture-kotlin-compiler-09	1	0	0	1	0	413	1	1	63	1	0
graph-id-property-wrapped-contains-target-57-dense	graph-id	graph-id-property-wrapped-contains	dense	graph-id-equals-and-wrapped-contains	graph-routing	properties	200	fixture-kotlin-compiler-09	fixture-kotlin-compiler-09	1	5bacb6648bba38e91cc033e69d42538b040b89f913b58ee2afebb53ba8d35c57	success	200	99258	415f437224f091ed04a72fa493ee405ec437acfcfdf54dee50789c56e5356f10	3017297		fixture-kotlin-compiler-09	cypher-graph-id-predicate	64	1	fixture-kotlin-compiler-09	1	0	0	1	0	12430	1	1	63	1	0
graph-id-property-wrapped-contains-target-58-zero	graph-id	graph-id-property-wrapped-contains	zero	graph-id-equals-and-wrapped-contains	graph-routing	properties	200	fixture-kotlin-compiler-10	fixture-kotlin-compiler-10	1	634f1070c869c5f39ed7722d97b19c8976bc7fee623a8cfc705bcdd955e20759	success	0	147	805c8c7334c868e18e2be84be95b83cc60895722d739c2b164a68be4cd410c49	309149			cypher-graph-id-predicate	64	1	fixture-kotlin-compiler-10	1	0	0	1	0	2	1	1	63	1	0
graph-id-property-wrapped-contains-target-58-targeted	graph-id	graph-id-property-wrapped-contains	targeted	graph-id-equals-and-wrapped-contains	graph-routing	properties	200	fixture-kotlin-compiler-10	fixture-kotlin-compiler-10	1	634f1070c869c5f39ed7722d97b19c8976bc7fee623a8cfc705bcdd955e20759	success	12	7029	1df616dc12f8aa99df8ef1921ad6c878afdd2d37362d488527ffbb7ddbe7f6e3	733653		fixture-kotlin-compiler-10	cypher-graph-id-predicate	64	1	fixture-kotlin-compiler-10	1	0	0	1	0	505	1	1	63	1	0
graph-id-property-wrapped-contains-target-58-dense	graph-id	graph-id-property-wrapped-contains	dense	graph-id-equals-and-wrapped-contains	graph-routing	properties	200	fixture-kotlin-compiler-10	fixture-kotlin-compiler-10	1	634f1070c869c5f39ed7722d97b19c8976bc7fee623a8cfc705bcdd955e20759	success	200	94948	3f3fd3df372307937afdfd0915ce035266497833c5712760faf456eece659c97	3608233		fixture-kotlin-compiler-10	cypher-graph-id-predicate	64	1	fixture-kotlin-compiler-10	1	0	0	1	0	13503	1	1	63	1	0
graph-id-property-wrapped-contains-target-59-zero	graph-id	graph-id-property-wrapped-contains	zero	graph-id-equals-and-wrapped-contains	graph-routing	properties	200	fixture-kotlin-compiler-11	fixture-kotlin-compiler-11	1	9e1bbfe33d12ec072b828f417bb9dcdab26d7daecb14898f31eb2d73cdaff93c	success	0	147	805c8c7334c868e18e2be84be95b83cc60895722d739c2b164a68be4cd410c49	326041			cypher-graph-id-predicate	64	1	fixture-kotlin-compiler-11	1	0	0	1	0	2	1	1	63	1	0
graph-id-property-wrapped-contains-target-59-targeted	graph-id	graph-id-property-wrapped-contains	targeted	graph-id-equals-and-wrapped-contains	graph-routing	properties	200	fixture-kotlin-compiler-11	fixture-kotlin-compiler-11	1	9e1bbfe33d12ec072b828f417bb9dcdab26d7daecb14898f31eb2d73cdaff93c	success	11	6729	3d47749a3f582c73a2df58bf3f9b3beed9c001af5d9bd91af1d30abe76d3f524	873796		fixture-kotlin-compiler-11	cypher-graph-id-predicate	64	1	fixture-kotlin-compiler-11	1	0	0	1	0	494	1	1	63	1	0
graph-id-property-wrapped-contains-target-59-dense	graph-id	graph-id-property-wrapped-contains	dense	graph-id-equals-and-wrapped-contains	graph-routing	properties	200	fixture-kotlin-compiler-11	fixture-kotlin-compiler-11	1	9e1bbfe33d12ec072b828f417bb9dcdab26d7daecb14898f31eb2d73cdaff93c	success	200	89429	54106029dd8c0484e4d4612954bdb30eebd525f910018413d1ee09bf2ea5c8ac	2430710		fixture-kotlin-compiler-11	cypher-graph-id-predicate	64	1	fixture-kotlin-compiler-11	1	0	0	1	0	11438	1	1	63	1	0
graph-id-property-wrapped-contains-target-60-zero	graph-id	graph-id-property-wrapped-contains	zero	graph-id-equals-and-wrapped-contains	graph-routing	properties	200	fixture-kotlin-compiler-12	fixture-kotlin-compiler-12	1	45b0266366bbda196d2004ab993b070c325a01ec90b2c254cb7a89f0070e843a	success	0	147	805c8c7334c868e18e2be84be95b83cc60895722d739c2b164a68be4cd410c49	551713			cypher-graph-id-predicate	64	1	fixture-kotlin-compiler-12	1	0	0	1	0	2	1	1	63	1	0
graph-id-property-wrapped-contains-target-60-targeted	graph-id	graph-id-property-wrapped-contains	targeted	graph-id-equals-and-wrapped-contains	graph-routing	properties	200	fixture-kotlin-compiler-12	fixture-kotlin-compiler-12	1	45b0266366bbda196d2004ab993b070c325a01ec90b2c254cb7a89f0070e843a	success	13	7599	88379c6b80e2b23974c6b6a1e2c6fc3f3680ec705c71b7cecbc9a2228bf7fa26	1056104		fixture-kotlin-compiler-12	cypher-graph-id-predicate	64	1	fixture-kotlin-compiler-12	1	0	0	1	0	530	1	1	63	1	0
graph-id-property-wrapped-contains-target-60-dense	graph-id	graph-id-property-wrapped-contains	dense	graph-id-equals-and-wrapped-contains	graph-routing	properties	200	fixture-kotlin-compiler-12	fixture-kotlin-compiler-12	1	45b0266366bbda196d2004ab993b070c325a01ec90b2c254cb7a89f0070e843a	success	200	94040	5d662b90e716477fff887768402c85462026d6042e22f1d7fafdb565b9f9efc8	1882383		fixture-kotlin-compiler-12	cypher-graph-id-predicate	64	1	fixture-kotlin-compiler-12	1	0	0	1	0	12063	1	1	63	1	0
graph-id-property-wrapped-contains-target-61-zero	graph-id	graph-id-property-wrapped-contains	zero	graph-id-equals-and-wrapped-contains	graph-routing	properties	200	fixture-kotlin-compiler-13	fixture-kotlin-compiler-13	1	aedca61396c53e1f40a6a8408974c2e44a02b0dd40978618ab51b02da9ecb430	success	0	147	805c8c7334c868e18e2be84be95b83cc60895722d739c2b164a68be4cd410c49	203430			cypher-graph-id-predicate	64	1	fixture-kotlin-compiler-13	1	0	0	1	0	2	1	1	63	1	0
graph-id-property-wrapped-contains-target-61-targeted	graph-id	graph-id-property-wrapped-contains	targeted	graph-id-equals-and-wrapped-contains	graph-routing	properties	200	fixture-kotlin-compiler-13	fixture-kotlin-compiler-13	1	aedca61396c53e1f40a6a8408974c2e44a02b0dd40978618ab51b02da9ecb430	success	8	5180	b6f5bd5828bd66e4f09f8198b509f3673986060cf32e2725dff13d9bcb4d6e9b	494576		fixture-kotlin-compiler-13	cypher-graph-id-predicate	64	1	fixture-kotlin-compiler-13	1	0	0	1	0	479	1	1	63	1	0
graph-id-property-wrapped-contains-target-61-dense	graph-id	graph-id-property-wrapped-contains	dense	graph-id-equals-and-wrapped-contains	graph-routing	properties	200	fixture-kotlin-compiler-13	fixture-kotlin-compiler-13	1	aedca61396c53e1f40a6a8408974c2e44a02b0dd40978618ab51b02da9ecb430	success	200	93638	00f9fdf9bf9dc94ccc0d67b35cb45c01a8e623cfaedfdb70da1cc1bfa69daf82	1960650		fixture-kotlin-compiler-13	cypher-graph-id-predicate	64	1	fixture-kotlin-compiler-13	1	0	0	1	0	12956	1	1	63	1	0
graph-id-property-wrapped-contains-target-62-zero	graph-id	graph-id-property-wrapped-contains	zero	graph-id-equals-and-wrapped-contains	graph-routing	properties	200	fixture-kotlin-compiler-14	fixture-kotlin-compiler-14	1	7f28ad9f946e8d01109ca70944e08883f52dd5c6cb287fa2d5fade1909b610b0	success	0	147	805c8c7334c868e18e2be84be95b83cc60895722d739c2b164a68be4cd410c49	243832			cypher-graph-id-predicate	64	1	fixture-kotlin-compiler-14	1	0	0	1	0	2	1	1	63	1	0
graph-id-property-wrapped-contains-target-62-targeted	graph-id	graph-id-property-wrapped-contains	targeted	graph-id-equals-and-wrapped-contains	graph-routing	properties	200	fixture-kotlin-compiler-14	fixture-kotlin-compiler-14	1	7f28ad9f946e8d01109ca70944e08883f52dd5c6cb287fa2d5fade1909b610b0	success	1	877	f04b3035acb1285487cb68f126c796fd316b35c6ce630f1e71efd88436bf28f2	431006		fixture-kotlin-compiler-14	cypher-graph-id-predicate	64	1	fixture-kotlin-compiler-14	1	0	0	1	0	470	1	1	63	1	0
graph-id-property-wrapped-contains-target-62-dense	graph-id	graph-id-property-wrapped-contains	dense	graph-id-equals-and-wrapped-contains	graph-routing	properties	200	fixture-kotlin-compiler-14	fixture-kotlin-compiler-14	1	7f28ad9f946e8d01109ca70944e08883f52dd5c6cb287fa2d5fade1909b610b0	success	200	97449	f19574ac46a01dafc16136d9e8c4835b8d40c72753078eb8a67a1d7d438dd937	1786133		fixture-kotlin-compiler-14	cypher-graph-id-predicate	64	1	fixture-kotlin-compiler-14	1	0	0	1	0	12121	1	1	63	1	0
graph-id-property-wrapped-contains-target-63-zero	graph-id	graph-id-property-wrapped-contains	zero	graph-id-equals-and-wrapped-contains	graph-routing	properties	200	fixture-kotlin-compiler-15	fixture-kotlin-compiler-15	1	86015e396789c5c1cf86d1df3b0b97987a7b461bfcfb129491f3d758793d1d65	success	0	147	805c8c7334c868e18e2be84be95b83cc60895722d739c2b164a68be4cd410c49	209022			cypher-graph-id-predicate	64	1	fixture-kotlin-compiler-15	1	0	0	1	0	2	1	1	63	1	0
graph-id-property-wrapped-contains-target-63-targeted	graph-id	graph-id-property-wrapped-contains	targeted	graph-id-equals-and-wrapped-contains	graph-routing	properties	200	fixture-kotlin-compiler-15	fixture-kotlin-compiler-15	1	86015e396789c5c1cf86d1df3b0b97987a7b461bfcfb129491f3d758793d1d65	success	1	778	1734729b6952d2a8eff267ca86b458aa4fd5e0c703c1fa60dd66478cd3c49356	3094342		fixture-kotlin-compiler-15	cypher-graph-id-predicate	64	1	fixture-kotlin-compiler-15	1	0	0	1	0	484	1	1	63	1	0
graph-id-property-wrapped-contains-target-63-dense	graph-id	graph-id-property-wrapped-contains	dense	graph-id-equals-and-wrapped-contains	graph-routing	properties	200	fixture-kotlin-compiler-15	fixture-kotlin-compiler-15	1	86015e396789c5c1cf86d1df3b0b97987a7b461bfcfb129491f3d758793d1d65	success	200	91412	082721be4b0e9234c67505fe172c638dcb4ef8924db9c6264a191473dfc4e443	2395891		fixture-kotlin-compiler-15	cypher-graph-id-predicate	64	1	fixture-kotlin-compiler-15	1	0	0	1	0	11385	1	1	63	1	0
graph-id-function-wrapped-contains-target-00-zero	graph-id	graph-id-function-wrapped-contains	zero	graph-id-function-equals-and-wrapped-contains	graph-routing	properties	200	fixture-android-00	fixture-android-00	1	47c5f2f8275ab2447995a1b45a36cd5b0b70e258e0f75934abd1f0cef5c2b93e	success	0	147	805c8c7334c868e18e2be84be95b83cc60895722d739c2b164a68be4cd410c49	234248			cypher-graph-id-predicate	64	1	fixture-android-00	1	0	0	1	0	1	1	1	63	1	0
graph-id-function-wrapped-contains-target-00-targeted	graph-id	graph-id-function-wrapped-contains	targeted	graph-id-function-equals-and-wrapped-contains	graph-routing	properties	200	fixture-android-00	fixture-android-00	1	47c5f2f8275ab2447995a1b45a36cd5b0b70e258e0f75934abd1f0cef5c2b93e	success	10	5730	00c81103244dc6d42abdc3894d771e5a24957dcf7e5ad4d8dc686b1d7e0cb89e	290433		fixture-android-00	cypher-graph-id-predicate	64	1	fixture-android-00	1	0	0	1	0	10	1	1	63	1	0
graph-id-function-wrapped-contains-target-00-dense	graph-id	graph-id-function-wrapped-contains	dense	graph-id-function-equals-and-wrapped-contains	graph-routing	properties	200	fixture-android-00	fixture-android-00	1	47c5f2f8275ab2447995a1b45a36cd5b0b70e258e0f75934abd1f0cef5c2b93e	success	200	84411	3bdee68309e62bee93f47848258ded90b1763d55841fa57d8b8fd21867653c44	307909		fixture-android-00	cypher-graph-id-predicate	64	1	fixture-android-00	1	0	0	1	0	200	1	1	63	1	0
graph-id-function-wrapped-contains-target-01-zero	graph-id	graph-id-function-wrapped-contains	zero	graph-id-function-equals-and-wrapped-contains	graph-routing	properties	200	fixture-android-01	fixture-android-01	1	e4528616b87301f557512ab9d9e4e598561300f98d2e85100725c35158534ecc	success	0	147	805c8c7334c868e18e2be84be95b83cc60895722d739c2b164a68be4cd410c49	190737			cypher-graph-id-predicate	64	1	fixture-android-01	1	0	0	1	0	1	1	1	63	1	0
graph-id-function-wrapped-contains-target-01-targeted	graph-id	graph-id-function-wrapped-contains	targeted	graph-id-function-equals-and-wrapped-contains	graph-routing	properties	200	fixture-android-01	fixture-android-01	1	e4528616b87301f557512ab9d9e4e598561300f98d2e85100725c35158534ecc	success	1	758	b33173a678013ac093c95f3fccc5cd5af96ea18082387e1fc872de4817e234b2	210644		fixture-android-01	cypher-graph-id-predicate	64	1	fixture-android-01	1	0	0	1	0	1	1	1	63	1	0
graph-id-function-wrapped-contains-target-01-dense	graph-id	graph-id-function-wrapped-contains	dense	graph-id-function-equals-and-wrapped-contains	graph-routing	properties	200	fixture-android-01	fixture-android-01	1	e4528616b87301f557512ab9d9e4e598561300f98d2e85100725c35158534ecc	success	200	84093	d9daf98f04e06930dfeb91ddd4e8ae597b8f9154e54ac1018db6a25ea8ddd84f	438856		fixture-android-01	cypher-graph-id-predicate	64	1	fixture-android-01	1	0	0	1	0	200	1	1	63	1	0
graph-id-function-wrapped-contains-target-02-zero	graph-id	graph-id-function-wrapped-contains	zero	graph-id-function-equals-and-wrapped-contains	graph-routing	properties	200	fixture-android-02	fixture-android-02	1	1a026780ab945a978bf2d821f0728dd8a679a4b4838c8a3b7703d006d3fae584	success	0	147	805c8c7334c868e18e2be84be95b83cc60895722d739c2b164a68be4cd410c49	809465			cypher-graph-id-predicate	64	1	fixture-android-02	1	0	0	1	0	1	1	1	63	1	0
graph-id-function-wrapped-contains-target-02-targeted	graph-id	graph-id-function-wrapped-contains	targeted	graph-id-function-equals-and-wrapped-contains	graph-routing	properties	200	fixture-android-02	fixture-android-02	1	1a026780ab945a978bf2d821f0728dd8a679a4b4838c8a3b7703d006d3fae584	success	9	5751	0754b66fd035110585cc31e6af555127395a9cd85c413f0a859de6b596c3b70d	204833		fixture-android-02	cypher-graph-id-predicate	64	1	fixture-android-02	1	0	0	1	0	9	1	1	63	1	0
graph-id-function-wrapped-contains-target-02-dense	graph-id	graph-id-function-wrapped-contains	dense	graph-id-function-equals-and-wrapped-contains	graph-routing	properties	200	fixture-android-02	fixture-android-02	1	1a026780ab945a978bf2d821f0728dd8a679a4b4838c8a3b7703d006d3fae584	success	200	86930	a289774d080329d12351d967c614eae9b16190b55970a757b1f268e21aee3975	318185		fixture-android-02	cypher-graph-id-predicate	64	1	fixture-android-02	1	0	0	1	0	200	1	1	63	1	0
graph-id-function-wrapped-contains-target-03-zero	graph-id	graph-id-function-wrapped-contains	zero	graph-id-function-equals-and-wrapped-contains	graph-routing	properties	200	fixture-android-03	fixture-android-03	1	3a085dec137def84e2f0fd6c417ca6216ad5c22c415250ab8d225957a37eb876	success	0	147	805c8c7334c868e18e2be84be95b83cc60895722d739c2b164a68be4cd410c49	1193213			cypher-graph-id-predicate	64	1	fixture-android-03	1	0	0	1	0	1	1	1	63	1	0
graph-id-function-wrapped-contains-target-03-targeted	graph-id	graph-id-function-wrapped-contains	targeted	graph-id-function-equals-and-wrapped-contains	graph-routing	properties	200	fixture-android-03	fixture-android-03	1	3a085dec137def84e2f0fd6c417ca6216ad5c22c415250ab8d225957a37eb876	success	2	1333	77f2da9b0b5a99e6332b957b281149f5e269d152177e36aaa74e86db4bc23bf9	185136		fixture-android-03	cypher-graph-id-predicate	64	1	fixture-android-03	1	0	0	1	0	2	1	1	63	1	0
graph-id-function-wrapped-contains-target-03-dense	graph-id	graph-id-function-wrapped-contains	dense	graph-id-function-equals-and-wrapped-contains	graph-routing	properties	200	fixture-android-03	fixture-android-03	1	3a085dec137def84e2f0fd6c417ca6216ad5c22c415250ab8d225957a37eb876	success	200	85151	08fbf5fde8e917175e0dca625983535621218120265897bdd0781fe99669b859	307606		fixture-android-03	cypher-graph-id-predicate	64	1	fixture-android-03	1	0	0	1	0	200	1	1	63	1	0
graph-id-function-wrapped-contains-target-04-zero	graph-id	graph-id-function-wrapped-contains	zero	graph-id-function-equals-and-wrapped-contains	graph-routing	properties	200	fixture-android-04	fixture-android-04	1	72b2db3813782b7057457474cb692d1ab65cbced9ccd76e7a6348806a1a0fdd6	success	0	147	805c8c7334c868e18e2be84be95b83cc60895722d739c2b164a68be4cd410c49	1174428			cypher-graph-id-predicate	64	1	fixture-android-04	1	0	0	1	0	1	1	1	63	1	0
graph-id-function-wrapped-contains-target-04-targeted	graph-id	graph-id-function-wrapped-contains	targeted	graph-id-function-equals-and-wrapped-contains	graph-routing	properties	200	fixture-android-04	fixture-android-04	1	72b2db3813782b7057457474cb692d1ab65cbced9ccd76e7a6348806a1a0fdd6	success	9	5762	527d81de9e8ca9f5fe9ad0166e1e1711fbccaf3c53281e7e95375f6d55e3a3c7	394712		fixture-android-04	cypher-graph-id-predicate	64	1	fixture-android-04	1	0	0	1	0	9	1	1	63	1	0
graph-id-function-wrapped-contains-target-04-dense	graph-id	graph-id-function-wrapped-contains	dense	graph-id-function-equals-and-wrapped-contains	graph-routing	properties	200	fixture-android-04	fixture-android-04	1	72b2db3813782b7057457474cb692d1ab65cbced9ccd76e7a6348806a1a0fdd6	success	200	86152	85d9bac3392391ae56f1f03af81d888f398336c8e33a1ef1e42c5409f746f730	431678		fixture-android-04	cypher-graph-id-predicate	64	1	fixture-android-04	1	0	0	1	0	200	1	1	63	1	0
graph-id-function-wrapped-contains-target-05-zero	graph-id	graph-id-function-wrapped-contains	zero	graph-id-function-equals-and-wrapped-contains	graph-routing	properties	200	fixture-android-05	fixture-android-05	1	9ccc65db4edf2ad696714957f6291e11ba1a158b062c135b909367736aa1cb91	success	0	147	805c8c7334c868e18e2be84be95b83cc60895722d739c2b164a68be4cd410c49	225171			cypher-graph-id-predicate	64	1	fixture-android-05	1	0	0	1	0	1	1	1	63	1	0
graph-id-function-wrapped-contains-target-05-targeted	graph-id	graph-id-function-wrapped-contains	targeted	graph-id-function-equals-and-wrapped-contains	graph-routing	properties	200	fixture-android-05	fixture-android-05	1	9ccc65db4edf2ad696714957f6291e11ba1a158b062c135b909367736aa1cb91	success	9	5751	48fbef6ae3373a73cfbd3690497aae4d0773c2f4ddadb5d217061398978bcac5	235581		fixture-android-05	cypher-graph-id-predicate	64	1	fixture-android-05	1	0	0	1	0	9	1	1	63	1	0
graph-id-function-wrapped-contains-target-05-dense	graph-id	graph-id-function-wrapped-contains	dense	graph-id-function-equals-and-wrapped-contains	graph-routing	properties	200	fixture-android-05	fixture-android-05	1	9ccc65db4edf2ad696714957f6291e11ba1a158b062c135b909367736aa1cb91	success	200	90860	57ae61ccbdbf1e83a9ab8de2923c4ac26bcc634ed53a2f1c1a3ee3682afe8cd8	367137		fixture-android-05	cypher-graph-id-predicate	64	1	fixture-android-05	1	0	0	1	0	200	1	1	63	1	0
graph-id-function-wrapped-contains-target-06-zero	graph-id	graph-id-function-wrapped-contains	zero	graph-id-function-equals-and-wrapped-contains	graph-routing	properties	200	fixture-android-06	fixture-android-06	1	aef2397f89755e0b59e944f9b6062fb5611eea3ea4b05762643e082168bd9526	success	0	147	805c8c7334c868e18e2be84be95b83cc60895722d739c2b164a68be4cd410c49	232435			cypher-graph-id-predicate	64	1	fixture-android-06	1	0	0	1	0	1	1	1	63	1	0
graph-id-function-wrapped-contains-target-06-targeted	graph-id	graph-id-function-wrapped-contains	targeted	graph-id-function-equals-and-wrapped-contains	graph-routing	properties	200	fixture-android-06	fixture-android-06	1	aef2397f89755e0b59e944f9b6062fb5611eea3ea4b05762643e082168bd9526	success	1	734	2c8962bfda6df26238f145f32f089e1ccdb69cc26ea9c2fde590f543638ba060	202519		fixture-android-06	cypher-graph-id-predicate	64	1	fixture-android-06	1	0	0	1	0	1	1	1	63	1	0
graph-id-function-wrapped-contains-target-06-dense	graph-id	graph-id-function-wrapped-contains	dense	graph-id-function-equals-and-wrapped-contains	graph-routing	properties	200	fixture-android-06	fixture-android-06	1	aef2397f89755e0b59e944f9b6062fb5611eea3ea4b05762643e082168bd9526	success	200	83941	f7f169fb4cd9a2408b058d9e03502907fe0d9372ba70f2f3749aeaffa464e292	507169		fixture-android-06	cypher-graph-id-predicate	64	1	fixture-android-06	1	0	0	1	0	200	1	1	63	1	0
graph-id-function-wrapped-contains-target-07-zero	graph-id	graph-id-function-wrapped-contains	zero	graph-id-function-equals-and-wrapped-contains	graph-routing	properties	200	fixture-android-07	fixture-android-07	1	2884fe5070e6e70bd2c44e54af37c56e2cfd19343a8721d5b36093d7d1db0f7d	success	0	147	805c8c7334c868e18e2be84be95b83cc60895722d739c2b164a68be4cd410c49	202699			cypher-graph-id-predicate	64	1	fixture-android-07	1	0	0	1	0	1	1	1	63	1	0
graph-id-function-wrapped-contains-target-07-targeted	graph-id	graph-id-function-wrapped-contains	targeted	graph-id-function-equals-and-wrapped-contains	graph-routing	properties	200	fixture-android-07	fixture-android-07	1	2884fe5070e6e70bd2c44e54af37c56e2cfd19343a8721d5b36093d7d1db0f7d	success	1	762	d5674d7adcd2d58f93c5f2849f690003bc45d523850181c23ceaa0aacd7e6709	177592		fixture-android-07	cypher-graph-id-predicate	64	1	fixture-android-07	1	0	0	1	0	1	1	1	63	1	0
graph-id-function-wrapped-contains-target-07-dense	graph-id	graph-id-function-wrapped-contains	dense	graph-id-function-equals-and-wrapped-contains	graph-routing	properties	200	fixture-android-07	fixture-android-07	1	2884fe5070e6e70bd2c44e54af37c56e2cfd19343a8721d5b36093d7d1db0f7d	success	200	84999	35604ee2a3d19ee64c97fa99f4be154714c60028f948c7a23f75b925d4520a5d	409366		fixture-android-07	cypher-graph-id-predicate	64	1	fixture-android-07	1	0	0	1	0	200	1	1	63	1	0
graph-id-function-wrapped-contains-target-08-zero	graph-id	graph-id-function-wrapped-contains	zero	graph-id-function-equals-and-wrapped-contains	graph-routing	properties	200	fixture-android-08	fixture-android-08	1	25fcd87fe0d089932a1b7f325e822252e3042b73178c7aa80e1c0d12bcef2e47	success	0	147	805c8c7334c868e18e2be84be95b83cc60895722d739c2b164a68be4cd410c49	182482			cypher-graph-id-predicate	64	1	fixture-android-08	1	0	0	1	0	1	1	1	63	1	0
graph-id-function-wrapped-contains-target-08-targeted	graph-id	graph-id-function-wrapped-contains	targeted	graph-id-function-equals-and-wrapped-contains	graph-routing	properties	200	fixture-android-08	fixture-android-08	1	25fcd87fe0d089932a1b7f325e822252e3042b73178c7aa80e1c0d12bcef2e47	success	2	1322	4b49b28d836e57c2c3f8d43a93acd00a93b169fcd603338f9ab350f541e9665c	181840		fixture-android-08	cypher-graph-id-predicate	64	1	fixture-android-08	1	0	0	1	0	2	1	1	63	1	0
graph-id-function-wrapped-contains-target-08-dense	graph-id	graph-id-function-wrapped-contains	dense	graph-id-function-equals-and-wrapped-contains	graph-routing	properties	200	fixture-android-08	fixture-android-08	1	25fcd87fe0d089932a1b7f325e822252e3042b73178c7aa80e1c0d12bcef2e47	success	200	85531	ed34441ff634f19c276911a1fa193106a9070fde1065b57fc7ec71132b8d5f66	420447		fixture-android-08	cypher-graph-id-predicate	64	1	fixture-android-08	1	0	0	1	0	200	1	1	63	1	0
graph-id-function-wrapped-contains-target-09-zero	graph-id	graph-id-function-wrapped-contains	zero	graph-id-function-equals-and-wrapped-contains	graph-routing	properties	200	fixture-android-09	fixture-android-09	1	976770abc561e74e52c74c7f3b827fe70800ef502defdde9a4fa534aa511bd33	success	0	147	805c8c7334c868e18e2be84be95b83cc60895722d739c2b164a68be4cd410c49	197751			cypher-graph-id-predicate	64	1	fixture-android-09	1	0	0	1	0	1	1	1	63	1	0
graph-id-function-wrapped-contains-target-09-targeted	graph-id	graph-id-function-wrapped-contains	targeted	graph-id-function-equals-and-wrapped-contains	graph-routing	properties	200	fixture-android-09	fixture-android-09	1	976770abc561e74e52c74c7f3b827fe70800ef502defdde9a4fa534aa511bd33	success	1	758	cd83129b7654f9c1ac40c94032a03833f5b559e4d6d903ce58c899d274674334	202940		fixture-android-09	cypher-graph-id-predicate	64	1	fixture-android-09	1	0	0	1	0	1	1	1	63	1	0
graph-id-function-wrapped-contains-target-09-dense	graph-id	graph-id-function-wrapped-contains	dense	graph-id-function-equals-and-wrapped-contains	graph-routing	properties	200	fixture-android-09	fixture-android-09	1	976770abc561e74e52c74c7f3b827fe70800ef502defdde9a4fa534aa511bd33	success	200	84710	8302a9dc08d5cf465b56333dad5757a62c24d743692acbdbf8e81919ebd097a0	524121		fixture-android-09	cypher-graph-id-predicate	64	1	fixture-android-09	1	0	0	1	0	200	1	1	63	1	0
graph-id-function-wrapped-contains-target-10-zero	graph-id	graph-id-function-wrapped-contains	zero	graph-id-function-equals-and-wrapped-contains	graph-routing	properties	200	fixture-android-10	fixture-android-10	1	b80280988a4b3197bdd2348d3550b46e5d99e01f6e4a1abcb8668612b4a7bcf1	success	0	147	805c8c7334c868e18e2be84be95b83cc60895722d739c2b164a68be4cd410c49	194304			cypher-graph-id-predicate	64	1	fixture-android-10	1	0	0	1	0	1	1	1	63	1	0
graph-id-function-wrapped-contains-target-10-targeted	graph-id	graph-id-function-wrapped-contains	targeted	graph-id-function-equals-and-wrapped-contains	graph-routing	properties	200	fixture-android-10	fixture-android-10	1	b80280988a4b3197bdd2348d3550b46e5d99e01f6e4a1abcb8668612b4a7bcf1	success	1	821	f3f4d5fb39ff9fde7dcf6d88e4f52bcc4c277ed98626ccca0b17c4ddbb20b035	214301		fixture-android-10	cypher-graph-id-predicate	64	1	fixture-android-10	1	0	0	1	0	1	1	1	63	1	0
graph-id-function-wrapped-contains-target-10-dense	graph-id	graph-id-function-wrapped-contains	dense	graph-id-function-equals-and-wrapped-contains	graph-routing	properties	200	fixture-android-10	fixture-android-10	1	b80280988a4b3197bdd2348d3550b46e5d99e01f6e4a1abcb8668612b4a7bcf1	success	200	86914	eec30bd784e53b80ccd384559e9d1f853b8152ad8db90ad1f27d391bf03fc0d8	464118		fixture-android-10	cypher-graph-id-predicate	64	1	fixture-android-10	1	0	0	1	0	200	1	1	63	1	0
graph-id-function-wrapped-contains-target-11-zero	graph-id	graph-id-function-wrapped-contains	zero	graph-id-function-equals-and-wrapped-contains	graph-routing	properties	200	fixture-android-11	fixture-android-11	1	ff7c9f064acf1b8f0c7104242efebdb73dfcc6db0739150c3d56bcc4ebbfb47f	success	0	147	805c8c7334c868e18e2be84be95b83cc60895722d739c2b164a68be4cd410c49	247413			cypher-graph-id-predicate	64	1	fixture-android-11	1	0	0	1	0	1	1	1	63	1	0
graph-id-function-wrapped-contains-target-11-targeted	graph-id	graph-id-function-wrapped-contains	targeted	graph-id-function-equals-and-wrapped-contains	graph-routing	properties	200	fixture-android-11	fixture-android-11	1	ff7c9f064acf1b8f0c7104242efebdb73dfcc6db0739150c3d56bcc4ebbfb47f	success	1	758	f8ea31527e372a7d8e0f896bc894b97d788067aa20d0af371a4239382f72a4d1	218649		fixture-android-11	cypher-graph-id-predicate	64	1	fixture-android-11	1	0	0	1	0	1	1	1	63	1	0
graph-id-function-wrapped-contains-target-11-dense	graph-id	graph-id-function-wrapped-contains	dense	graph-id-function-equals-and-wrapped-contains	graph-routing	properties	200	fixture-android-11	fixture-android-11	1	ff7c9f064acf1b8f0c7104242efebdb73dfcc6db0739150c3d56bcc4ebbfb47f	success	200	84862	36598e3ab73085dce50e849dda8b6a32b1088eab3f02f052e9536f16613b5d4b	456764		fixture-android-11	cypher-graph-id-predicate	64	1	fixture-android-11	1	0	0	1	0	200	1	1	63	1	0
graph-id-function-wrapped-contains-target-12-zero	graph-id	graph-id-function-wrapped-contains	zero	graph-id-function-equals-and-wrapped-contains	graph-routing	properties	200	fixture-android-12	fixture-android-12	1	fbfd92bdb617f8eef3c84ce77e1116d4f0d1116a40b9fc543770c1a430e829ec	success	0	147	805c8c7334c868e18e2be84be95b83cc60895722d739c2b164a68be4cd410c49	1718817			cypher-graph-id-predicate	64	1	fixture-android-12	1	0	0	1	0	1	1	1	63	1	0
graph-id-function-wrapped-contains-target-12-targeted	graph-id	graph-id-function-wrapped-contains	targeted	graph-id-function-equals-and-wrapped-contains	graph-routing	properties	200	fixture-android-12	fixture-android-12	1	fbfd92bdb617f8eef3c84ce77e1116d4f0d1116a40b9fc543770c1a430e829ec	success	2	1348	569ba2c2d8626f5c6804b713aa9f9bd5155648246e0bb082ab37cf407a3ccee9	217788		fixture-android-12	cypher-graph-id-predicate	64	1	fixture-android-12	1	0	0	1	0	2	1	1	63	1	0
graph-id-function-wrapped-contains-target-12-dense	graph-id	graph-id-function-wrapped-contains	dense	graph-id-function-equals-and-wrapped-contains	graph-routing	properties	200	fixture-android-12	fixture-android-12	1	fbfd92bdb617f8eef3c84ce77e1116d4f0d1116a40b9fc543770c1a430e829ec	success	200	85894	f22afa8ccaad259750ce50e850502822308b2565f707f284de32cd44d5ef328a	289471		fixture-android-12	cypher-graph-id-predicate	64	1	fixture-android-12	1	0	0	1	0	200	1	1	63	1	0
graph-id-function-wrapped-contains-target-13-zero	graph-id	graph-id-function-wrapped-contains	zero	graph-id-function-equals-and-wrapped-contains	graph-routing	properties	200	fixture-android-13	fixture-android-13	1	99b23d6e37ddba640f96acd0d7b903185c9b38cc0e6df93374f9fe569bbc4c38	success	0	147	805c8c7334c868e18e2be84be95b83cc60895722d739c2b164a68be4cd410c49	181049			cypher-graph-id-predicate	64	1	fixture-android-13	1	0	0	1	0	1	1	1	63	1	0
graph-id-function-wrapped-contains-target-13-targeted	graph-id	graph-id-function-wrapped-contains	targeted	graph-id-function-equals-and-wrapped-contains	graph-routing	properties	200	fixture-android-13	fixture-android-13	1	99b23d6e37ddba640f96acd0d7b903185c9b38cc0e6df93374f9fe569bbc4c38	success	5	2824	ebb699b5b0554cc639408add00ca9d9aae37f3553c5e6ea606cb7e66e171933f	184695		fixture-android-13	cypher-graph-id-predicate	64	1	fixture-android-13	1	0	0	1	0	5	1	1	63	1	0
graph-id-function-wrapped-contains-target-13-dense	graph-id	graph-id-function-wrapped-contains	dense	graph-id-function-equals-and-wrapped-contains	graph-routing	properties	200	fixture-android-13	fixture-android-13	1	99b23d6e37ddba640f96acd0d7b903185c9b38cc0e6df93374f9fe569bbc4c38	success	200	86344	2e714969993f2a86ba5c715dc52b2c7d6dbaed9b2320da2399ecdf29ec9f1e4e	385372		fixture-android-13	cypher-graph-id-predicate	64	1	fixture-android-13	1	0	0	1	0	200	1	1	63	1	0
graph-id-function-wrapped-contains-target-14-zero	graph-id	graph-id-function-wrapped-contains	zero	graph-id-function-equals-and-wrapped-contains	graph-routing	properties	200	fixture-android-14	fixture-android-14	1	caf42d54ef3437f216c963929327ed5ef3f52ce080fa2be4c3305c2370617ab1	success	0	147	805c8c7334c868e18e2be84be95b83cc60895722d739c2b164a68be4cd410c49	176621			cypher-graph-id-predicate	64	1	fixture-android-14	1	0	0	1	0	1	1	1	63	1	0
graph-id-function-wrapped-contains-target-14-targeted	graph-id	graph-id-function-wrapped-contains	targeted	graph-id-function-equals-and-wrapped-contains	graph-routing	properties	200	fixture-android-14	fixture-android-14	1	caf42d54ef3437f216c963929327ed5ef3f52ce080fa2be4c3305c2370617ab1	success	3	1887	cfce92c06f8a0a93444f0ec3592aad57c255799cc7a1286e673f5c8cc3173d20	219190		fixture-android-14	cypher-graph-id-predicate	64	1	fixture-android-14	1	0	0	1	0	3	1	1	63	1	0
graph-id-function-wrapped-contains-target-14-dense	graph-id	graph-id-function-wrapped-contains	dense	graph-id-function-equals-and-wrapped-contains	graph-routing	properties	200	fixture-android-14	fixture-android-14	1	caf42d54ef3437f216c963929327ed5ef3f52ce080fa2be4c3305c2370617ab1	success	200	88102	f384f54b9e0494c603dd9e83eb2ca0ad0386a359a2e1d6a356e225c072977e41	422872		fixture-android-14	cypher-graph-id-predicate	64	1	fixture-android-14	1	0	0	1	0	200	1	1	63	1	0
graph-id-function-wrapped-contains-target-15-zero	graph-id	graph-id-function-wrapped-contains	zero	graph-id-function-equals-and-wrapped-contains	graph-routing	properties	200	fixture-android-15	fixture-android-15	1	396286291622042417a1e42f88e1a07f9e973d88a4b45b59c7408d3e8fe8e4cd	success	0	147	805c8c7334c868e18e2be84be95b83cc60895722d739c2b164a68be4cd410c49	213279			cypher-graph-id-predicate	64	1	fixture-android-15	1	0	0	1	0	1	1	1	63	1	0
graph-id-function-wrapped-contains-target-15-targeted	graph-id	graph-id-function-wrapped-contains	targeted	graph-id-function-equals-and-wrapped-contains	graph-routing	properties	200	fixture-android-15	fixture-android-15	1	396286291622042417a1e42f88e1a07f9e973d88a4b45b59c7408d3e8fe8e4cd	success	1	765	ae20f86c5a0d43140079bdbb52041ad145178823d6189b8171bbe58dc0d82dcc	190888		fixture-android-15	cypher-graph-id-predicate	64	1	fixture-android-15	1	0	0	1	0	1	1	1	63	1	0
graph-id-function-wrapped-contains-target-15-dense	graph-id	graph-id-function-wrapped-contains	dense	graph-id-function-equals-and-wrapped-contains	graph-routing	properties	200	fixture-android-15	fixture-android-15	1	396286291622042417a1e42f88e1a07f9e973d88a4b45b59c7408d3e8fe8e4cd	success	200	82358	6db1e45464dd1e42fc627a3ee68393b586d132e4817f87f1da72cb180e7925bb	935962		fixture-android-15	cypher-graph-id-predicate	64	1	fixture-android-15	1	0	0	1	0	200	1	1	63	1	0
graph-id-function-wrapped-contains-target-16-zero	graph-id	graph-id-function-wrapped-contains	zero	graph-id-function-equals-and-wrapped-contains	graph-routing	properties	200	fixture-tika-00	fixture-tika-00	1	3ffa856892be3e0263f2c72254cefdb4bafce48e10eea2a8426b6af88f144658	success	0	147	805c8c7334c868e18e2be84be95b83cc60895722d739c2b164a68be4cd410c49	710861			cypher-graph-id-predicate	64	1	fixture-tika-00	1	0	0	1	0	1	1	1	63	1	0
graph-id-function-wrapped-contains-target-16-targeted	graph-id	graph-id-function-wrapped-contains	targeted	graph-id-function-equals-and-wrapped-contains	graph-routing	properties	200	fixture-tika-00	fixture-tika-00	1	3ffa856892be3e0263f2c72254cefdb4bafce48e10eea2a8426b6af88f144658	success	1	771	41ad9b5110585bc89df35b9d0a0c6bd66daaf6c239b4212552d078b2f2a28c34	221154		fixture-tika-00	cypher-graph-id-predicate	64	1	fixture-tika-00	1	0	0	1	0	1	1	1	63	1	0
graph-id-function-wrapped-contains-target-16-dense	graph-id	graph-id-function-wrapped-contains	dense	graph-id-function-equals-and-wrapped-contains	graph-routing	properties	200	fixture-tika-00	fixture-tika-00	1	3ffa856892be3e0263f2c72254cefdb4bafce48e10eea2a8426b6af88f144658	success	200	94237	51b180cd96740a311cc61165baa84cc05517b2f28ac6c70debc25f8e14514414	423252		fixture-tika-00	cypher-graph-id-predicate	64	1	fixture-tika-00	1	0	0	1	0	200	1	1	63	1	0
graph-id-function-wrapped-contains-target-17-zero	graph-id	graph-id-function-wrapped-contains	zero	graph-id-function-equals-and-wrapped-contains	graph-routing	properties	200	fixture-tika-01	fixture-tika-01	1	5bd11253ba6bcbac28c2d0805dbd50585f63593fbbabbc299bce9c8b5e4238f0	success	0	147	805c8c7334c868e18e2be84be95b83cc60895722d739c2b164a68be4cd410c49	465150			cypher-graph-id-predicate	64	1	fixture-tika-01	1	0	0	1	0	1	1	1	63	1	0
graph-id-function-wrapped-contains-target-17-targeted	graph-id	graph-id-function-wrapped-contains	targeted	graph-id-function-equals-and-wrapped-contains	graph-routing	properties	200	fixture-tika-01	fixture-tika-01	1	5bd11253ba6bcbac28c2d0805dbd50585f63593fbbabbc299bce9c8b5e4238f0	success	5	2976	7d286938fe2f40cd4cb86cd26be11c3221bfff86202fa9b705bdc1c77967743f	515194		fixture-tika-01	cypher-graph-id-predicate	64	1	fixture-tika-01	1	0	0	1	0	5	1	1	63	1	0
graph-id-function-wrapped-contains-target-17-dense	graph-id	graph-id-function-wrapped-contains	dense	graph-id-function-equals-and-wrapped-contains	graph-routing	properties	200	fixture-tika-01	fixture-tika-01	1	5bd11253ba6bcbac28c2d0805dbd50585f63593fbbabbc299bce9c8b5e4238f0	success	200	92381	87c915d88746be4a40b85e67e7de71966365a455358cc138185e5c1f5bcf1251	743612		fixture-tika-01	cypher-graph-id-predicate	64	1	fixture-tika-01	1	0	0	1	0	200	1	1	63	1	0
graph-id-function-wrapped-contains-target-18-zero	graph-id	graph-id-function-wrapped-contains	zero	graph-id-function-equals-and-wrapped-contains	graph-routing	properties	200	fixture-tika-02	fixture-tika-02	1	4f53553340fcd09378fe28c9d287d1bd3c78d0e5004534ad87493f082178a0db	success	0	147	805c8c7334c868e18e2be84be95b83cc60895722d739c2b164a68be4cd410c49	267861			cypher-graph-id-predicate	64	1	fixture-tika-02	1	0	0	1	0	1	1	1	63	1	0
graph-id-function-wrapped-contains-target-18-targeted	graph-id	graph-id-function-wrapped-contains	targeted	graph-id-function-equals-and-wrapped-contains	graph-routing	properties	200	fixture-tika-02	fixture-tika-02	1	4f53553340fcd09378fe28c9d287d1bd3c78d0e5004534ad87493f082178a0db	success	12	6781	abf0682228739bdef1eb0d4b5b1449d7697f9412e644bd07a974f6e04213652e	266819		fixture-tika-02	cypher-graph-id-predicate	64	1	fixture-tika-02	1	0	0	1	0	12	1	1	63	1	0
graph-id-function-wrapped-contains-target-18-dense	graph-id	graph-id-function-wrapped-contains	dense	graph-id-function-equals-and-wrapped-contains	graph-routing	properties	200	fixture-tika-02	fixture-tika-02	1	4f53553340fcd09378fe28c9d287d1bd3c78d0e5004534ad87493f082178a0db	success	200	95198	7d65fbc43e0cf8a1d4323c709e6963c32bdea3f389f5b683f619eee1fd79dc90	473967		fixture-tika-02	cypher-graph-id-predicate	64	1	fixture-tika-02	1	0	0	1	0	200	1	1	63	1	0
graph-id-function-wrapped-contains-target-19-zero	graph-id	graph-id-function-wrapped-contains	zero	graph-id-function-equals-and-wrapped-contains	graph-routing	properties	200	fixture-tika-03	fixture-tika-03	1	e68986e5919884640710cc61d8f44310a6d888f55992390edbcc7ae70b8b8fa8	success	0	147	805c8c7334c868e18e2be84be95b83cc60895722d739c2b164a68be4cd410c49	266890			cypher-graph-id-predicate	64	1	fixture-tika-03	1	0	0	1	0	1	1	1	63	1	0
graph-id-function-wrapped-contains-target-19-targeted	graph-id	graph-id-function-wrapped-contains	targeted	graph-id-function-equals-and-wrapped-contains	graph-routing	properties	200	fixture-tika-03	fixture-tika-03	1	e68986e5919884640710cc61d8f44310a6d888f55992390edbcc7ae70b8b8fa8	success	11	6327	72232d5a8299b69c619beb4cebd0967a4ca8f1378844d7914f795f7c5126cc48	299109		fixture-tika-03	cypher-graph-id-predicate	64	1	fixture-tika-03	1	0	0	1	0	11	1	1	63	1	0
graph-id-function-wrapped-contains-target-19-dense	graph-id	graph-id-function-wrapped-contains	dense	graph-id-function-equals-and-wrapped-contains	graph-routing	properties	200	fixture-tika-03	fixture-tika-03	1	e68986e5919884640710cc61d8f44310a6d888f55992390edbcc7ae70b8b8fa8	success	200	96673	6ab8193cda24a8f589b0e7412ffcc3549afc3180a092c899437bb3ef2f8324ef	798595		fixture-tika-03	cypher-graph-id-predicate	64	1	fixture-tika-03	1	0	0	1	0	200	1	1	63	1	0
graph-id-function-wrapped-contains-target-20-zero	graph-id	graph-id-function-wrapped-contains	zero	graph-id-function-equals-and-wrapped-contains	graph-routing	properties	200	fixture-tika-04	fixture-tika-04	1	2d9d29e96c28d6df21e1933cc2da3a076217ec4c30461070c5e997e04aa952cb	success	0	147	805c8c7334c868e18e2be84be95b83cc60895722d739c2b164a68be4cd410c49	2667784			cypher-graph-id-predicate	64	1	fixture-tika-04	1	0	0	1	0	1	1	1	63	1	0
graph-id-function-wrapped-contains-target-20-targeted	graph-id	graph-id-function-wrapped-contains	targeted	graph-id-function-equals-and-wrapped-contains	graph-routing	properties	200	fixture-tika-04	fixture-tika-04	1	2d9d29e96c28d6df21e1933cc2da3a076217ec4c30461070c5e997e04aa952cb	success	1	763	7811e1c0f64fb9174b112349d7a5f89fec8a71f59a6b66db3b1e97241f5dc93c	310642		fixture-tika-04	cypher-graph-id-predicate	64	1	fixture-tika-04	1	0	0	1	0	1	1	1	63	1	0
graph-id-function-wrapped-contains-target-20-dense	graph-id	graph-id-function-wrapped-contains	dense	graph-id-function-equals-and-wrapped-contains	graph-routing	properties	200	fixture-tika-04	fixture-tika-04	1	2d9d29e96c28d6df21e1933cc2da3a076217ec4c30461070c5e997e04aa952cb	success	200	91604	a93cd6116bda146e01916f4ab7d54aa664da5b5c2287de109c82d6c48fcd38f8	449762		fixture-tika-04	cypher-graph-id-predicate	64	1	fixture-tika-04	1	0	0	1	0	200	1	1	63	1	0
graph-id-function-wrapped-contains-target-21-zero	graph-id	graph-id-function-wrapped-contains	zero	graph-id-function-equals-and-wrapped-contains	graph-routing	properties	200	fixture-tika-05	fixture-tika-05	1	a70ca503c8d7edc9fd5b26430e9c4bd9517cfcf9084469733cfeff8a4fef63f8	success	0	147	805c8c7334c868e18e2be84be95b83cc60895722d739c2b164a68be4cd410c49	289803			cypher-graph-id-predicate	64	1	fixture-tika-05	1	0	0	1	0	1	1	1	63	1	0
graph-id-function-wrapped-contains-target-21-targeted	graph-id	graph-id-function-wrapped-contains	targeted	graph-id-function-equals-and-wrapped-contains	graph-routing	properties	200	fixture-tika-05	fixture-tika-05	1	a70ca503c8d7edc9fd5b26430e9c4bd9517cfcf9084469733cfeff8a4fef63f8	success	1	765	1cf450577b12b3b6a7c19f53479709a92a169add0c4f9defecbc55254bf8d5b3	237133		fixture-tika-05	cypher-graph-id-predicate	64	1	fixture-tika-05	1	0	0	1	0	1	1	1	63	1	0
graph-id-function-wrapped-contains-target-21-dense	graph-id	graph-id-function-wrapped-contains	dense	graph-id-function-equals-and-wrapped-contains	graph-routing	properties	200	fixture-tika-05	fixture-tika-05	1	a70ca503c8d7edc9fd5b26430e9c4bd9517cfcf9084469733cfeff8a4fef63f8	success	200	96334	eb6b03599a26f520b43896ee6af6cb6d2a3ec0783b66a0bcb29642b029a4b6eb	569997		fixture-tika-05	cypher-graph-id-predicate	64	1	fixture-tika-05	1	0	0	1	0	200	1	1	63	1	0
graph-id-function-wrapped-contains-target-22-zero	graph-id	graph-id-function-wrapped-contains	zero	graph-id-function-equals-and-wrapped-contains	graph-routing	properties	200	fixture-tika-06	fixture-tika-06	1	629a75c155a37bcac72d6d131b20156694ded2e8aa1abe1c7f03ac03374020b7	success	0	147	805c8c7334c868e18e2be84be95b83cc60895722d739c2b164a68be4cd410c49	227156			cypher-graph-id-predicate	64	1	fixture-tika-06	1	0	0	1	0	1	1	1	63	1	0
graph-id-function-wrapped-contains-target-22-targeted	graph-id	graph-id-function-wrapped-contains	targeted	graph-id-function-equals-and-wrapped-contains	graph-routing	properties	200	fixture-tika-06	fixture-tika-06	1	629a75c155a37bcac72d6d131b20156694ded2e8aa1abe1c7f03ac03374020b7	success	11	6331	43d88524d9da26840d520d8260a6801a2d864c2023e9806c3df4a5e673a5fd66	224530		fixture-tika-06	cypher-graph-id-predicate	64	1	fixture-tika-06	1	0	0	1	0	11	1	1	63	1	0
graph-id-function-wrapped-contains-target-22-dense	graph-id	graph-id-function-wrapped-contains	dense	graph-id-function-equals-and-wrapped-contains	graph-routing	properties	200	fixture-tika-06	fixture-tika-06	1	629a75c155a37bcac72d6d131b20156694ded2e8aa1abe1c7f03ac03374020b7	success	200	98397	b1cc908cf8cd6a2354b320afca9ad225990c59be93a53ddc3912afb3b0d46d7b	460161		fixture-tika-06	cypher-graph-id-predicate	64	1	fixture-tika-06	1	0	0	1	0	200	1	1	63	1	0
graph-id-function-wrapped-contains-target-23-zero	graph-id	graph-id-function-wrapped-contains	zero	graph-id-function-equals-and-wrapped-contains	graph-routing	properties	200	fixture-tika-07	fixture-tika-07	1	1f60bc193af0a0c32ae2bc0a840b7da98c896a5343d2d4a4871500ea55b0d8a0	success	0	147	805c8c7334c868e18e2be84be95b83cc60895722d739c2b164a68be4cd410c49	209573			cypher-graph-id-predicate	64	1	fixture-tika-07	1	0	0	1	0	1	1	1	63	1	0
graph-id-function-wrapped-contains-target-23-targeted	graph-id	graph-id-function-wrapped-contains	targeted	graph-id-function-equals-and-wrapped-contains	graph-routing	properties	200	fixture-tika-07	fixture-tika-07	1	1f60bc193af0a0c32ae2bc0a840b7da98c896a5343d2d4a4871500ea55b0d8a0	success	11	6135	718b52d4d32659cb9b39b84bdb87d6226a9be4436e73fa316936d1333dfa50c0	261639		fixture-tika-07	cypher-graph-id-predicate	64	1	fixture-tika-07	1	0	0	1	0	11	1	1	63	1	0
graph-id-function-wrapped-contains-target-23-dense	graph-id	graph-id-function-wrapped-contains	dense	graph-id-function-equals-and-wrapped-contains	graph-routing	properties	200	fixture-tika-07	fixture-tika-07	1	1f60bc193af0a0c32ae2bc0a840b7da98c896a5343d2d4a4871500ea55b0d8a0	success	200	95056	d5aa9163a912371065002f30549de9cefea57af859f009a275e381b0a849633e	456064		fixture-tika-07	cypher-graph-id-predicate	64	1	fixture-tika-07	1	0	0	1	0	200	1	1	63	1	0
graph-id-function-wrapped-contains-target-24-zero	graph-id	graph-id-function-wrapped-contains	zero	graph-id-function-equals-and-wrapped-contains	graph-routing	properties	200	fixture-tika-08	fixture-tika-08	1	e9768e2189edf3079c0f4ce1fe9374fe3873b9ef6253d25bd7952c9e3f9e2f89	success	0	147	805c8c7334c868e18e2be84be95b83cc60895722d739c2b164a68be4cd410c49	508141			cypher-graph-id-predicate	64	1	fixture-tika-08	1	0	0	1	0	1	1	1	63	1	0
graph-id-function-wrapped-contains-target-24-targeted	graph-id	graph-id-function-wrapped-contains	targeted	graph-id-function-equals-and-wrapped-contains	graph-routing	properties	200	fixture-tika-08	fixture-tika-08	1	e9768e2189edf3079c0f4ce1fe9374fe3873b9ef6253d25bd7952c9e3f9e2f89	success	1	754	033650595463ffba6f1f515fc8a38ba023fdd37a0e2442442be40f2d8baee0b4	254817		fixture-tika-08	cypher-graph-id-predicate	64	1	fixture-tika-08	1	0	0	1	0	1	1	1	63	1	0
graph-id-function-wrapped-contains-target-24-dense	graph-id	graph-id-function-wrapped-contains	dense	graph-id-function-equals-and-wrapped-contains	graph-routing	properties	200	fixture-tika-08	fixture-tika-08	1	e9768e2189edf3079c0f4ce1fe9374fe3873b9ef6253d25bd7952c9e3f9e2f89	success	200	96144	13cc3d04be15c5d98101b6676211e0260c08571becd6cbc7be1dcfad1b7efce8	427139		fixture-tika-08	cypher-graph-id-predicate	64	1	fixture-tika-08	1	0	0	1	0	200	1	1	63	1	0
graph-id-function-wrapped-contains-target-25-zero	graph-id	graph-id-function-wrapped-contains	zero	graph-id-function-equals-and-wrapped-contains	graph-routing	properties	200	fixture-tika-09	fixture-tika-09	1	f96e2b0b7f375cf347f289b0d59b047835095d1452b52dcff16ad07fa5ff5aaa	success	0	147	805c8c7334c868e18e2be84be95b83cc60895722d739c2b164a68be4cd410c49	233527			cypher-graph-id-predicate	64	1	fixture-tika-09	1	0	0	1	0	1	1	1	63	1	0
graph-id-function-wrapped-contains-target-25-targeted	graph-id	graph-id-function-wrapped-contains	targeted	graph-id-function-equals-and-wrapped-contains	graph-routing	properties	200	fixture-tika-09	fixture-tika-09	1	f96e2b0b7f375cf347f289b0d59b047835095d1452b52dcff16ad07fa5ff5aaa	success	17	9434	57a7fb26e2c1557848eddaabb17076d92c9b2ef2e0ff6b92be3de4374fe1fa9b	234590		fixture-tika-09	cypher-graph-id-predicate	64	1	fixture-tika-09	1	0	0	1	0	17	1	1	63	1	0
graph-id-function-wrapped-contains-target-25-dense	graph-id	graph-id-function-wrapped-contains	dense	graph-id-function-equals-and-wrapped-contains	graph-routing	properties	200	fixture-tika-09	fixture-tika-09	1	f96e2b0b7f375cf347f289b0d59b047835095d1452b52dcff16ad07fa5ff5aaa	success	200	90260	d606d19bfcb83b224b953bd70176bc52dc06d427ef6ab3d0cc311bc6ed6fc260	454520		fixture-tika-09	cypher-graph-id-predicate	64	1	fixture-tika-09	1	0	0	1	0	200	1	1	63	1	0
graph-id-function-wrapped-contains-target-26-zero	graph-id	graph-id-function-wrapped-contains	zero	graph-id-function-equals-and-wrapped-contains	graph-routing	properties	200	fixture-tika-10	fixture-tika-10	1	724e820888f0db8884af940cbe8a364f2dce6bfc9b2c72fb09abe933fa439c0c	success	0	147	805c8c7334c868e18e2be84be95b83cc60895722d739c2b164a68be4cd410c49	606946			cypher-graph-id-predicate	64	1	fixture-tika-10	1	0	0	1	0	1	1	1	63	1	0
graph-id-function-wrapped-contains-target-26-targeted	graph-id	graph-id-function-wrapped-contains	targeted	graph-id-function-equals-and-wrapped-contains	graph-routing	properties	200	fixture-tika-10	fixture-tika-10	1	724e820888f0db8884af940cbe8a364f2dce6bfc9b2c72fb09abe933fa439c0c	success	1	791	550bd45f802381cb65ea30928a856fc0c2bc207cbfc2a147aad4312130548c9a	486431		fixture-tika-10	cypher-graph-id-predicate	64	1	fixture-tika-10	1	0	0	1	0	1	1	1	63	1	0
graph-id-function-wrapped-contains-target-26-dense	graph-id	graph-id-function-wrapped-contains	dense	graph-id-function-equals-and-wrapped-contains	graph-routing	properties	200	fixture-tika-10	fixture-tika-10	1	724e820888f0db8884af940cbe8a364f2dce6bfc9b2c72fb09abe933fa439c0c	success	200	96089	d0bdae62973cb737c05eda37d83d6fd7dea4520a7f87acdd4ed9a2fba1f97888	395701		fixture-tika-10	cypher-graph-id-predicate	64	1	fixture-tika-10	1	0	0	1	0	200	1	1	63	1	0
graph-id-function-wrapped-contains-target-27-zero	graph-id	graph-id-function-wrapped-contains	zero	graph-id-function-equals-and-wrapped-contains	graph-routing	properties	200	fixture-tika-11	fixture-tika-11	1	947144f7fe63615dab1057f152a266b87c870ae6b1d136ebead3ef2860ecaaf9	success	0	147	805c8c7334c868e18e2be84be95b83cc60895722d739c2b164a68be4cd410c49	271508			cypher-graph-id-predicate	64	1	fixture-tika-11	1	0	0	1	0	1	1	1	63	1	0
graph-id-function-wrapped-contains-target-27-targeted	graph-id	graph-id-function-wrapped-contains	targeted	graph-id-function-equals-and-wrapped-contains	graph-routing	properties	200	fixture-tika-11	fixture-tika-11	1	947144f7fe63615dab1057f152a266b87c870ae6b1d136ebead3ef2860ecaaf9	success	14	8030	e1858d468e2cee9daff29f91791894b539cc1c9bfb8d57bb0eaa364a24ec0f04	207058		fixture-tika-11	cypher-graph-id-predicate	64	1	fixture-tika-11	1	0	0	1	0	14	1	1	63	1	0
graph-id-function-wrapped-contains-target-27-dense	graph-id	graph-id-function-wrapped-contains	dense	graph-id-function-equals-and-wrapped-contains	graph-routing	properties	200	fixture-tika-11	fixture-tika-11	1	947144f7fe63615dab1057f152a266b87c870ae6b1d136ebead3ef2860ecaaf9	success	200	95559	bcb492a91a247979acd291eaea381c0db6d952c0baff29193145ae7356b00907	383328		fixture-tika-11	cypher-graph-id-predicate	64	1	fixture-tika-11	1	0	0	1	0	200	1	1	63	1	0
graph-id-function-wrapped-contains-target-28-zero	graph-id	graph-id-function-wrapped-contains	zero	graph-id-function-equals-and-wrapped-contains	graph-routing	properties	200	fixture-tika-12	fixture-tika-12	1	333b320af3f398d083e1d44b1a79e54fa546da12ce118f18db6f7cc3387398c8	success	0	147	805c8c7334c868e18e2be84be95b83cc60895722d739c2b164a68be4cd410c49	458138			cypher-graph-id-predicate	64	1	fixture-tika-12	1	0	0	1	0	1	1	1	63	1	0
graph-id-function-wrapped-contains-target-28-targeted	graph-id	graph-id-function-wrapped-contains	targeted	graph-id-function-equals-and-wrapped-contains	graph-routing	properties	200	fixture-tika-12	fixture-tika-12	1	333b320af3f398d083e1d44b1a79e54fa546da12ce118f18db6f7cc3387398c8	success	12	6370	8871e0dc77f7df7110f742adaac439b8d2f4e912a3a21e1793fda026e0955f9b	340688		fixture-tika-12	cypher-graph-id-predicate	64	1	fixture-tika-12	1	0	0	1	0	12	1	1	63	1	0
graph-id-function-wrapped-contains-target-28-dense	graph-id	graph-id-function-wrapped-contains	dense	graph-id-function-equals-and-wrapped-contains	graph-routing	properties	200	fixture-tika-12	fixture-tika-12	1	333b320af3f398d083e1d44b1a79e54fa546da12ce118f18db6f7cc3387398c8	success	200	101142	3ec255435f1804ca883e61ce69218b0c9b6812e5f4d6241be813f3a04980ff78	396802		fixture-tika-12	cypher-graph-id-predicate	64	1	fixture-tika-12	1	0	0	1	0	200	1	1	63	1	0
graph-id-function-wrapped-contains-target-29-zero	graph-id	graph-id-function-wrapped-contains	zero	graph-id-function-equals-and-wrapped-contains	graph-routing	properties	200	fixture-tika-13	fixture-tika-13	1	697a328efd3d35078aa3cf7115b978f697299f7e0612d464eae79dc1cbc3f3c7	success	0	147	805c8c7334c868e18e2be84be95b83cc60895722d739c2b164a68be4cd410c49	166040			cypher-graph-id-predicate	64	1	fixture-tika-13	1	0	0	1	0	1	1	1	63	1	0
graph-id-function-wrapped-contains-target-29-targeted	graph-id	graph-id-function-wrapped-contains	targeted	graph-id-function-equals-and-wrapped-contains	graph-routing	properties	200	fixture-tika-13	fixture-tika-13	1	697a328efd3d35078aa3cf7115b978f697299f7e0612d464eae79dc1cbc3f3c7	success	1	759	7c9cbf2db3468e4d9ec5f9ce37c29746bb3071949804d250165a0310edd3182c	177883		fixture-tika-13	cypher-graph-id-predicate	64	1	fixture-tika-13	1	0	0	1	0	1	1	1	63	1	0
graph-id-function-wrapped-contains-target-29-dense	graph-id	graph-id-function-wrapped-contains	dense	graph-id-function-equals-and-wrapped-contains	graph-routing	properties	200	fixture-tika-13	fixture-tika-13	1	697a328efd3d35078aa3cf7115b978f697299f7e0612d464eae79dc1cbc3f3c7	success	200	96005	cb6245f16fc1df4cadc32295db3c94d74d99d6ac24ca00ba686085574c3842f9	332562		fixture-tika-13	cypher-graph-id-predicate	64	1	fixture-tika-13	1	0	0	1	0	200	1	1	63	1	0
graph-id-function-wrapped-contains-target-30-zero	graph-id	graph-id-function-wrapped-contains	zero	graph-id-function-equals-and-wrapped-contains	graph-routing	properties	200	fixture-tika-14	fixture-tika-14	1	530ac22d92e73256c57c4e234fccac50105308bcc26304451ee74f20a619f7a5	success	0	147	805c8c7334c868e18e2be84be95b83cc60895722d739c2b164a68be4cd410c49	205054			cypher-graph-id-predicate	64	1	fixture-tika-14	1	0	0	1	0	1	1	1	63	1	0
graph-id-function-wrapped-contains-target-30-targeted	graph-id	graph-id-function-wrapped-contains	targeted	graph-id-function-equals-and-wrapped-contains	graph-routing	properties	200	fixture-tika-14	fixture-tika-14	1	530ac22d92e73256c57c4e234fccac50105308bcc26304451ee74f20a619f7a5	success	10	5866	c85815e1257e7d89a547803b839a8fa3d5c32a25ad93fc4df95c67dd0df38386	228277		fixture-tika-14	cypher-graph-id-predicate	64	1	fixture-tika-14	1	0	0	1	0	10	1	1	63	1	0
graph-id-function-wrapped-contains-target-30-dense	graph-id	graph-id-function-wrapped-contains	dense	graph-id-function-equals-and-wrapped-contains	graph-routing	properties	200	fixture-tika-14	fixture-tika-14	1	530ac22d92e73256c57c4e234fccac50105308bcc26304451ee74f20a619f7a5	success	200	95471	766b9ef7e8ecf0adce38af75461cc8c431950c6a78cf29871668bb82bbc59681	669673		fixture-tika-14	cypher-graph-id-predicate	64	1	fixture-tika-14	1	0	0	1	0	200	1	1	63	1	0
graph-id-function-wrapped-contains-target-31-zero	graph-id	graph-id-function-wrapped-contains	zero	graph-id-function-equals-and-wrapped-contains	graph-routing	properties	200	fixture-tika-15	fixture-tika-15	1	80331285783d790177bcaeeebf677e98900445b2273d41781c6e07aa5683a500	success	0	147	805c8c7334c868e18e2be84be95b83cc60895722d739c2b164a68be4cd410c49	403906			cypher-graph-id-predicate	64	1	fixture-tika-15	1	0	0	1	0	1	1	1	63	1	0
graph-id-function-wrapped-contains-target-31-targeted	graph-id	graph-id-function-wrapped-contains	targeted	graph-id-function-equals-and-wrapped-contains	graph-routing	properties	200	fixture-tika-15	fixture-tika-15	1	80331285783d790177bcaeeebf677e98900445b2273d41781c6e07aa5683a500	success	1	779	5b2641a56fc0d1ce3cad560f98de3ab642d893c5f6c2be5bb57444732d364805	674903		fixture-tika-15	cypher-graph-id-predicate	64	1	fixture-tika-15	1	0	0	1	0	1	1	1	63	1	0
graph-id-function-wrapped-contains-target-31-dense	graph-id	graph-id-function-wrapped-contains	dense	graph-id-function-equals-and-wrapped-contains	graph-routing	properties	200	fixture-tika-15	fixture-tika-15	1	80331285783d790177bcaeeebf677e98900445b2273d41781c6e07aa5683a500	success	200	90493	6cea2d1b1fba9817e31904018fa5ce3734b41bb641feab5c7c6849206b05e3c1	406250		fixture-tika-15	cypher-graph-id-predicate	64	1	fixture-tika-15	1	0	0	1	0	200	1	1	63	1	0
graph-id-function-wrapped-contains-target-32-zero	graph-id	graph-id-function-wrapped-contains	zero	graph-id-function-equals-and-wrapped-contains	graph-routing	properties	200	fixture-hive-00	fixture-hive-00	1	ea11677be4d3166ee79e7aa4f8c5ff603c5cb6bb9f65649cfc46854eedb1b466	success	0	147	805c8c7334c868e18e2be84be95b83cc60895722d739c2b164a68be4cd410c49	230151			cypher-graph-id-predicate	64	1	fixture-hive-00	1	0	0	1	0	1	1	1	63	1	0
graph-id-function-wrapped-contains-target-32-targeted	graph-id	graph-id-function-wrapped-contains	targeted	graph-id-function-equals-and-wrapped-contains	graph-routing	properties	200	fixture-hive-00	fixture-hive-00	1	ea11677be4d3166ee79e7aa4f8c5ff603c5cb6bb9f65649cfc46854eedb1b466	success	4	2862	72e96499d86d64ae9da267f3b15791817d4250f06a8dfea9d09edd8c3c23a440	200015		fixture-hive-00	cypher-graph-id-predicate	64	1	fixture-hive-00	1	0	0	1	0	4	1	1	63	1	0
graph-id-function-wrapped-contains-target-32-dense	graph-id	graph-id-function-wrapped-contains	dense	graph-id-function-equals-and-wrapped-contains	graph-routing	properties	200	fixture-hive-00	fixture-hive-00	1	ea11677be4d3166ee79e7aa4f8c5ff603c5cb6bb9f65649cfc46854eedb1b466	success	200	92864	0ad6a5ae10cb27d8dd28af205e0df8ebd79b3e1ca0079c8c876100ee108fc38d	332773		fixture-hive-00	cypher-graph-id-predicate	64	1	fixture-hive-00	1	0	0	1	0	200	1	1	63	1	0
graph-id-function-wrapped-contains-target-33-zero	graph-id	graph-id-function-wrapped-contains	zero	graph-id-function-equals-and-wrapped-contains	graph-routing	properties	200	fixture-hive-01	fixture-hive-01	1	3a9bab8befb64a5c5518ec83add10138c13ae31dfad00b5a26547f3cfc2bf0bb	success	0	147	805c8c7334c868e18e2be84be95b83cc60895722d739c2b164a68be4cd410c49	260410			cypher-graph-id-predicate	64	1	fixture-hive-01	1	0	0	1	0	1	1	1	63	1	0
graph-id-function-wrapped-contains-target-33-targeted	graph-id	graph-id-function-wrapped-contains	targeted	graph-id-function-equals-and-wrapped-contains	graph-routing	properties	200	fixture-hive-01	fixture-hive-01	1	3a9bab8befb64a5c5518ec83add10138c13ae31dfad00b5a26547f3cfc2bf0bb	success	4	2862	5436abb5d5a82ddf1b71cf6459ce0de5fe56d25b825b58b20bbe8cace9e3cde7	280595		fixture-hive-01	cypher-graph-id-predicate	64	1	fixture-hive-01	1	0	0	1	0	4	1	1	63	1	0
graph-id-function-wrapped-contains-target-33-dense	graph-id	graph-id-function-wrapped-contains	dense	graph-id-function-equals-and-wrapped-contains	graph-routing	properties	200	fixture-hive-01	fixture-hive-01	1	3a9bab8befb64a5c5518ec83add10138c13ae31dfad00b5a26547f3cfc2bf0bb	success	200	92578	e10f119cab32a77f2d8107211e2addcc69d3ab151ee08f60199ff7a8db9b6a1c	433852		fixture-hive-01	cypher-graph-id-predicate	64	1	fixture-hive-01	1	0	0	1	0	200	1	1	63	1	0
graph-id-function-wrapped-contains-target-34-zero	graph-id	graph-id-function-wrapped-contains	zero	graph-id-function-equals-and-wrapped-contains	graph-routing	properties	200	fixture-hive-02	fixture-hive-02	1	058d31d4f0a17f6c8e80480702d6c2099e48867673bc0a8d99037f2244a27bbf	success	0	147	805c8c7334c868e18e2be84be95b83cc60895722d739c2b164a68be4cd410c49	291015			cypher-graph-id-predicate	64	1	fixture-hive-02	1	0	0	1	0	1	1	1	63	1	0
graph-id-function-wrapped-contains-target-34-targeted	graph-id	graph-id-function-wrapped-contains	targeted	graph-id-function-equals-and-wrapped-contains	graph-routing	properties	200	fixture-hive-02	fixture-hive-02	1	058d31d4f0a17f6c8e80480702d6c2099e48867673bc0a8d99037f2244a27bbf	success	4	2883	e83a01bd4b4e8f51ba0c51a53e73f87ec8dd6170bd60b37ef57b4eb9aba8bcc7	210084		fixture-hive-02	cypher-graph-id-predicate	64	1	fixture-hive-02	1	0	0	1	0	4	1	1	63	1	0
graph-id-function-wrapped-contains-target-34-dense	graph-id	graph-id-function-wrapped-contains	dense	graph-id-function-equals-and-wrapped-contains	graph-routing	properties	200	fixture-hive-02	fixture-hive-02	1	058d31d4f0a17f6c8e80480702d6c2099e48867673bc0a8d99037f2244a27bbf	success	200	94183	b06f89a813919b2f4278637c18773fe7508c48351caa08a76cefe1f54c9b7715	352119		fixture-hive-02	cypher-graph-id-predicate	64	1	fixture-hive-02	1	0	0	1	0	200	1	1	63	1	0
graph-id-function-wrapped-contains-target-35-zero	graph-id	graph-id-function-wrapped-contains	zero	graph-id-function-equals-and-wrapped-contains	graph-routing	properties	200	fixture-hive-03	fixture-hive-03	1	bc37ba5880a9fc3e89dea2bf6571ad8db10f8c499dfca7c678b831d8edb064fe	success	0	147	805c8c7334c868e18e2be84be95b83cc60895722d739c2b164a68be4cd410c49	2773471			cypher-graph-id-predicate	64	1	fixture-hive-03	1	0	0	1	0	1	1	1	63	1	0
graph-id-function-wrapped-contains-target-35-targeted	graph-id	graph-id-function-wrapped-contains	targeted	graph-id-function-equals-and-wrapped-contains	graph-routing	properties	200	fixture-hive-03	fixture-hive-03	1	bc37ba5880a9fc3e89dea2bf6571ad8db10f8c499dfca7c678b831d8edb064fe	success	1	771	134378d176ef9559b3b9b40557762648c5aa55be889ba8cb2e7f752130b85ab7	220031		fixture-hive-03	cypher-graph-id-predicate	64	1	fixture-hive-03	1	0	0	1	0	1	1	1	63	1	0
graph-id-function-wrapped-contains-target-35-dense	graph-id	graph-id-function-wrapped-contains	dense	graph-id-function-equals-and-wrapped-contains	graph-routing	properties	200	fixture-hive-03	fixture-hive-03	1	bc37ba5880a9fc3e89dea2bf6571ad8db10f8c499dfca7c678b831d8edb064fe	success	200	91613	71eca3baa7c5adda9a19daaba5b66d08f4d30beebcfc1f6f8f3125a009484e93	386724		fixture-hive-03	cypher-graph-id-predicate	64	1	fixture-hive-03	1	0	0	1	0	200	1	1	63	1	0
graph-id-function-wrapped-contains-target-36-zero	graph-id	graph-id-function-wrapped-contains	zero	graph-id-function-equals-and-wrapped-contains	graph-routing	properties	200	fixture-hive-04	fixture-hive-04	1	d6abca6af79ede3e783b4b1d1bb2f17c22db5cf0b5c70506d31ea6d33509dcc5	success	0	147	805c8c7334c868e18e2be84be95b83cc60895722d739c2b164a68be4cd410c49	367418			cypher-graph-id-predicate	64	1	fixture-hive-04	1	0	0	1	0	1	1	1	63	1	0
graph-id-function-wrapped-contains-target-36-targeted	graph-id	graph-id-function-wrapped-contains	targeted	graph-id-function-equals-and-wrapped-contains	graph-routing	properties	200	fixture-hive-04	fixture-hive-04	1	d6abca6af79ede3e783b4b1d1bb2f17c22db5cf0b5c70506d31ea6d33509dcc5	success	1	795	6f5022183da52ea8cb963f17c4b86a6270dc9bfe0ca358e5ec7d6bdf4c95879f	226383		fixture-hive-04	cypher-graph-id-predicate	64	1	fixture-hive-04	1	0	0	1	0	1	1	1	63	1	0
graph-id-function-wrapped-contains-target-36-dense	graph-id	graph-id-function-wrapped-contains	dense	graph-id-function-equals-and-wrapped-contains	graph-routing	properties	200	fixture-hive-04	fixture-hive-04	1	d6abca6af79ede3e783b4b1d1bb2f17c22db5cf0b5c70506d31ea6d33509dcc5	success	200	91716	5d2df55fe9df550bd17a462dbec1bd958f7c0d5940c160537976ecc80d5cb22f	428482		fixture-hive-04	cypher-graph-id-predicate	64	1	fixture-hive-04	1	0	0	1	0	200	1	1	63	1	0
graph-id-function-wrapped-contains-target-37-zero	graph-id	graph-id-function-wrapped-contains	zero	graph-id-function-equals-and-wrapped-contains	graph-routing	properties	200	fixture-hive-05	fixture-hive-05	1	f7f4c2e85299b39f0b295436a0a678be80ea1fe4bd065c984fac7e3e79c02a1f	success	0	147	805c8c7334c868e18e2be84be95b83cc60895722d739c2b164a68be4cd410c49	221916			cypher-graph-id-predicate	64	1	fixture-hive-05	1	0	0	1	0	1	1	1	63	1	0
graph-id-function-wrapped-contains-target-37-targeted	graph-id	graph-id-function-wrapped-contains	targeted	graph-id-function-equals-and-wrapped-contains	graph-routing	properties	200	fixture-hive-05	fixture-hive-05	1	f7f4c2e85299b39f0b295436a0a678be80ea1fe4bd065c984fac7e3e79c02a1f	success	51	31472	b9433fbd59011f3771f14c8abacb0cbca913b3ccb9b85649a8f98d4c6f628703	307764		fixture-hive-05	cypher-graph-id-predicate	64	1	fixture-hive-05	1	0	0	1	0	51	1	1	63	1	0
graph-id-function-wrapped-contains-target-37-dense	graph-id	graph-id-function-wrapped-contains	dense	graph-id-function-equals-and-wrapped-contains	graph-routing	properties	200	fixture-hive-05	fixture-hive-05	1	f7f4c2e85299b39f0b295436a0a678be80ea1fe4bd065c984fac7e3e79c02a1f	success	200	91795	dbb6e258143695218279e10cbea2bf21ad0c5b1330a8fc3e3470b176ae0b6f42	322223		fixture-hive-05	cypher-graph-id-predicate	64	1	fixture-hive-05	1	0	0	1	0	200	1	1	63	1	0
graph-id-function-wrapped-contains-target-38-zero	graph-id	graph-id-function-wrapped-contains	zero	graph-id-function-equals-and-wrapped-contains	graph-routing	properties	200	fixture-hive-06	fixture-hive-06	1	ddfe0a17a6b176061c6908248fc9bbb24510f00e8ed40c2c068587464d0ab767	success	0	147	805c8c7334c868e18e2be84be95b83cc60895722d739c2b164a68be4cd410c49	1525849			cypher-graph-id-predicate	64	1	fixture-hive-06	1	0	0	1	0	1	1	1	63	1	0
graph-id-function-wrapped-contains-target-38-targeted	graph-id	graph-id-function-wrapped-contains	targeted	graph-id-function-equals-and-wrapped-contains	graph-routing	properties	200	fixture-hive-06	fixture-hive-06	1	ddfe0a17a6b176061c6908248fc9bbb24510f00e8ed40c2c068587464d0ab767	success	1	801	6e224732564976ab3ad1b488a2dcb0c2a2f84050ab25d529f41b87f4de3c406c	204683		fixture-hive-06	cypher-graph-id-predicate	64	1	fixture-hive-06	1	0	0	1	0	1	1	1	63	1	0
graph-id-function-wrapped-contains-target-38-dense	graph-id	graph-id-function-wrapped-contains	dense	graph-id-function-equals-and-wrapped-contains	graph-routing	properties	200	fixture-hive-06	fixture-hive-06	1	ddfe0a17a6b176061c6908248fc9bbb24510f00e8ed40c2c068587464d0ab767	success	200	92968	77adda61bf8a66745500e9e1b739302ae425b75af5d5199095bd9c0f56151e04	358421		fixture-hive-06	cypher-graph-id-predicate	64	1	fixture-hive-06	1	0	0	1	0	200	1	1	63	1	0
graph-id-function-wrapped-contains-target-39-zero	graph-id	graph-id-function-wrapped-contains	zero	graph-id-function-equals-and-wrapped-contains	graph-routing	properties	200	fixture-hive-07	fixture-hive-07	1	5b909537f8397e9b454c56026974d9a0348f5c6147e1f2169fbaaa2eb1645822	success	0	147	805c8c7334c868e18e2be84be95b83cc60895722d739c2b164a68be4cd410c49	163537			cypher-graph-id-predicate	64	1	fixture-hive-07	1	0	0	1	0	1	1	1	63	1	0
graph-id-function-wrapped-contains-target-39-targeted	graph-id	graph-id-function-wrapped-contains	targeted	graph-id-function-equals-and-wrapped-contains	graph-routing	properties	200	fixture-hive-07	fixture-hive-07	1	5b909537f8397e9b454c56026974d9a0348f5c6147e1f2169fbaaa2eb1645822	success	4	2855	db8e5b7500b38c30ff9ca554407e1c3f066cc32ce80520e31c63fe8f4f34048e	160230		fixture-hive-07	cypher-graph-id-predicate	64	1	fixture-hive-07	1	0	0	1	0	4	1	1	63	1	0
graph-id-function-wrapped-contains-target-39-dense	graph-id	graph-id-function-wrapped-contains	dense	graph-id-function-equals-and-wrapped-contains	graph-routing	properties	200	fixture-hive-07	fixture-hive-07	1	5b909537f8397e9b454c56026974d9a0348f5c6147e1f2169fbaaa2eb1645822	success	200	91298	153dc7ab9d3d22961d16bfae52d0b5cd4c7d97177e0e57e7c086294f37d00f0f	212187		fixture-hive-07	cypher-graph-id-predicate	64	1	fixture-hive-07	1	0	0	1	0	200	1	1	63	1	0
graph-id-function-wrapped-contains-target-40-zero	graph-id	graph-id-function-wrapped-contains	zero	graph-id-function-equals-and-wrapped-contains	graph-routing	properties	200	fixture-hive-08	fixture-hive-08	1	a73da7b76b921f77b9fadceff4ca8a9274fa7524e6ce2fb87c035b118fdb9e31	success	0	147	805c8c7334c868e18e2be84be95b83cc60895722d739c2b164a68be4cd410c49	155081			cypher-graph-id-predicate	64	1	fixture-hive-08	1	0	0	1	0	1	1	1	63	1	0
graph-id-function-wrapped-contains-target-40-targeted	graph-id	graph-id-function-wrapped-contains	targeted	graph-id-function-equals-and-wrapped-contains	graph-routing	properties	200	fixture-hive-08	fixture-hive-08	1	a73da7b76b921f77b9fadceff4ca8a9274fa7524e6ce2fb87c035b118fdb9e31	success	4	2911	6520445594f6fc1d080f2e441beea159540f21b52c555b515dbd7ba1fee2a37f	155341		fixture-hive-08	cypher-graph-id-predicate	64	1	fixture-hive-08	1	0	0	1	0	4	1	1	63	1	0
graph-id-function-wrapped-contains-target-40-dense	graph-id	graph-id-function-wrapped-contains	dense	graph-id-function-equals-and-wrapped-contains	graph-routing	properties	200	fixture-hive-08	fixture-hive-08	1	a73da7b76b921f77b9fadceff4ca8a9274fa7524e6ce2fb87c035b118fdb9e31	success	200	95189	6547ed796970ad3186785ae6dc7d6b1328d226d1878e5144fdb98c21fcba06f9	222016		fixture-hive-08	cypher-graph-id-predicate	64	1	fixture-hive-08	1	0	0	1	0	200	1	1	63	1	0
graph-id-function-wrapped-contains-target-41-zero	graph-id	graph-id-function-wrapped-contains	zero	graph-id-function-equals-and-wrapped-contains	graph-routing	properties	200	fixture-hive-09	fixture-hive-09	1	295df7bb9f479be56469bcfb34b70c143d1aff6e47944b80de9fd42e774be779	success	0	147	805c8c7334c868e18e2be84be95b83cc60895722d739c2b164a68be4cd410c49	149991			cypher-graph-id-predicate	64	1	fixture-hive-09	1	0	0	1	0	1	1	1	63	1	0
graph-id-function-wrapped-contains-target-41-targeted	graph-id	graph-id-function-wrapped-contains	targeted	graph-id-function-equals-and-wrapped-contains	graph-routing	properties	200	fixture-hive-09	fixture-hive-09	1	295df7bb9f479be56469bcfb34b70c143d1aff6e47944b80de9fd42e774be779	success	4	2883	42fd2fd2ff37d34c0cfb2146cde4be9387147a4cc07443bd58969c3f1e25556e	145693		fixture-hive-09	cypher-graph-id-predicate	64	1	fixture-hive-09	1	0	0	1	0	4	1	1	63	1	0
graph-id-function-wrapped-contains-target-41-dense	graph-id	graph-id-function-wrapped-contains	dense	graph-id-function-equals-and-wrapped-contains	graph-routing	properties	200	fixture-hive-09	fixture-hive-09	1	295df7bb9f479be56469bcfb34b70c143d1aff6e47944b80de9fd42e774be779	success	200	92146	1d23f5a918b6a408d8eae300e7aa799801aecc62fcc85667af567e3c95156cb9	287649		fixture-hive-09	cypher-graph-id-predicate	64	1	fixture-hive-09	1	0	0	1	0	200	1	1	63	1	0
graph-id-function-wrapped-contains-target-42-zero	graph-id	graph-id-function-wrapped-contains	zero	graph-id-function-equals-and-wrapped-contains	graph-routing	properties	200	fixture-hive-10	fixture-hive-10	1	e942f277a2b44bd11b03bd9380dd5388338721030a1701c31ff2277dd8f8cd9a	success	0	147	805c8c7334c868e18e2be84be95b83cc60895722d739c2b164a68be4cd410c49	339495			cypher-graph-id-predicate	64	1	fixture-hive-10	1	0	0	1	0	1	1	1	63	1	0
graph-id-function-wrapped-contains-target-42-targeted	graph-id	graph-id-function-wrapped-contains	targeted	graph-id-function-equals-and-wrapped-contains	graph-routing	properties	200	fixture-hive-10	fixture-hive-10	1	e942f277a2b44bd11b03bd9380dd5388338721030a1701c31ff2277dd8f8cd9a	success	63	39077	2d20a012ee335ff72d99f67135e1ac36defbca676c07a298d3df15c7c1e33f7d	463057		fixture-hive-10	cypher-graph-id-predicate	64	1	fixture-hive-10	1	0	0	1	0	63	1	1	63	1	0
graph-id-function-wrapped-contains-target-42-dense	graph-id	graph-id-function-wrapped-contains	dense	graph-id-function-equals-and-wrapped-contains	graph-routing	properties	200	fixture-hive-10	fixture-hive-10	1	e942f277a2b44bd11b03bd9380dd5388338721030a1701c31ff2277dd8f8cd9a	success	200	93248	bd7a2cfc84011237aca413f8fd4b6ee9130043dc1530bc214cc965d935dc3d88	304100		fixture-hive-10	cypher-graph-id-predicate	64	1	fixture-hive-10	1	0	0	1	0	200	1	1	63	1	0
graph-id-function-wrapped-contains-target-43-zero	graph-id	graph-id-function-wrapped-contains	zero	graph-id-function-equals-and-wrapped-contains	graph-routing	properties	200	fixture-hive-11	fixture-hive-11	1	fc0779b8fe9d9937d1e4cb4a3dba1379fc83c9a81125f4350e46a986c8531889	success	0	147	805c8c7334c868e18e2be84be95b83cc60895722d739c2b164a68be4cd410c49	159859			cypher-graph-id-predicate	64	1	fixture-hive-11	1	0	0	1	0	1	1	1	63	1	0
graph-id-function-wrapped-contains-target-43-targeted	graph-id	graph-id-function-wrapped-contains	targeted	graph-id-function-equals-and-wrapped-contains	graph-routing	properties	200	fixture-hive-11	fixture-hive-11	1	fc0779b8fe9d9937d1e4cb4a3dba1379fc83c9a81125f4350e46a986c8531889	success	4	2743	a7aaae25732eb3fc39e7e9697120f6a4534e52262fb153e4201e51d7b31e4606	157215		fixture-hive-11	cypher-graph-id-predicate	64	1	fixture-hive-11	1	0	0	1	0	4	1	1	63	1	0
graph-id-function-wrapped-contains-target-43-dense	graph-id	graph-id-function-wrapped-contains	dense	graph-id-function-equals-and-wrapped-contains	graph-routing	properties	200	fixture-hive-11	fixture-hive-11	1	fc0779b8fe9d9937d1e4cb4a3dba1379fc83c9a81125f4350e46a986c8531889	success	200	94063	f5c81d8aabcfe449e1a20e1133f0ce5a6c25cde54cfb7e82531ff93f87b6f89e	225012		fixture-hive-11	cypher-graph-id-predicate	64	1	fixture-hive-11	1	0	0	1	0	200	1	1	63	1	0
graph-id-function-wrapped-contains-target-44-zero	graph-id	graph-id-function-wrapped-contains	zero	graph-id-function-equals-and-wrapped-contains	graph-routing	properties	200	fixture-hive-12	fixture-hive-12	1	b0c62bc41512e26a42d23ec1fd21c12eb0d433e252eed22e92d2246689f7489a	success	0	147	805c8c7334c868e18e2be84be95b83cc60895722d739c2b164a68be4cd410c49	331921			cypher-graph-id-predicate	64	1	fixture-hive-12	1	0	0	1	0	1	1	1	63	1	0
graph-id-function-wrapped-contains-target-44-targeted	graph-id	graph-id-function-wrapped-contains	targeted	graph-id-function-equals-and-wrapped-contains	graph-routing	properties	200	fixture-hive-12	fixture-hive-12	1	b0c62bc41512e26a42d23ec1fd21c12eb0d433e252eed22e92d2246689f7489a	success	4	2890	b8c7750587d3cb95373de074cba017cf14e5d85811bfc8cc2b49fa06615dc14f	342942		fixture-hive-12	cypher-graph-id-predicate	64	1	fixture-hive-12	1	0	0	1	0	4	1	1	63	1	0
graph-id-function-wrapped-contains-target-44-dense	graph-id	graph-id-function-wrapped-contains	dense	graph-id-function-equals-and-wrapped-contains	graph-routing	properties	200	fixture-hive-12	fixture-hive-12	1	b0c62bc41512e26a42d23ec1fd21c12eb0d433e252eed22e92d2246689f7489a	success	200	90517	901cb7ad5a7cef604f7264d87d81f85a7b3e521b0175839dd61f15fa140b58cf	277900		fixture-hive-12	cypher-graph-id-predicate	64	1	fixture-hive-12	1	0	0	1	0	200	1	1	63	1	0
graph-id-function-wrapped-contains-target-45-zero	graph-id	graph-id-function-wrapped-contains	zero	graph-id-function-equals-and-wrapped-contains	graph-routing	properties	200	fixture-hive-13	fixture-hive-13	1	2f758a1599ac4d799ee27ae81f81bfe54bc6240d59e8f003bf5cd782742affd0	success	0	147	805c8c7334c868e18e2be84be95b83cc60895722d739c2b164a68be4cd410c49	177162			cypher-graph-id-predicate	64	1	fixture-hive-13	1	0	0	1	0	1	1	1	63	1	0
graph-id-function-wrapped-contains-target-45-targeted	graph-id	graph-id-function-wrapped-contains	targeted	graph-id-function-equals-and-wrapped-contains	graph-routing	properties	200	fixture-hive-13	fixture-hive-13	1	2f758a1599ac4d799ee27ae81f81bfe54bc6240d59e8f003bf5cd782742affd0	success	1	807	7a2ea6e6b7c61f333c01be975226570ddf428683fdf6c4eb419e09457718acf9	151323		fixture-hive-13	cypher-graph-id-predicate	64	1	fixture-hive-13	1	0	0	1	0	1	1	1	63	1	0
graph-id-function-wrapped-contains-target-45-dense	graph-id	graph-id-function-wrapped-contains	dense	graph-id-function-equals-and-wrapped-contains	graph-routing	properties	200	fixture-hive-13	fixture-hive-13	1	2f758a1599ac4d799ee27ae81f81bfe54bc6240d59e8f003bf5cd782742affd0	success	200	92534	8ce2fca3adf975e2913f1d7a0f91465f04ef5e5cdbaaa1f51ca68901be616480	283320		fixture-hive-13	cypher-graph-id-predicate	64	1	fixture-hive-13	1	0	0	1	0	200	1	1	63	1	0
graph-id-function-wrapped-contains-target-46-zero	graph-id	graph-id-function-wrapped-contains	zero	graph-id-function-equals-and-wrapped-contains	graph-routing	properties	200	fixture-hive-14	fixture-hive-14	1	960cf66cc8af0003002afe076d1f893b29b2a55fabfac7d5316eb3e3b9c46f67	success	0	147	805c8c7334c868e18e2be84be95b83cc60895722d739c2b164a68be4cd410c49	175548			cypher-graph-id-predicate	64	1	fixture-hive-14	1	0	0	1	0	1	1	1	63	1	0
graph-id-function-wrapped-contains-target-46-targeted	graph-id	graph-id-function-wrapped-contains	targeted	graph-id-function-equals-and-wrapped-contains	graph-routing	properties	200	fixture-hive-14	fixture-hive-14	1	960cf66cc8af0003002afe076d1f893b29b2a55fabfac7d5316eb3e3b9c46f67	success	45	27605	5de372ca8e19ec486456452fc7bd2d9f18c4d7b0beb5e238b24073911e1d2e3a	223679		fixture-hive-14	cypher-graph-id-predicate	64	1	fixture-hive-14	1	0	0	1	0	45	1	1	63	1	0
graph-id-function-wrapped-contains-target-46-dense	graph-id	graph-id-function-wrapped-contains	dense	graph-id-function-equals-and-wrapped-contains	graph-routing	properties	200	fixture-hive-14	fixture-hive-14	1	960cf66cc8af0003002afe076d1f893b29b2a55fabfac7d5316eb3e3b9c46f67	success	200	96641	3ad39c9167b00424c5957087068cab90d47268c9063b8d9e565113275edd98c8	334757		fixture-hive-14	cypher-graph-id-predicate	64	1	fixture-hive-14	1	0	0	1	0	200	1	1	63	1	0
graph-id-function-wrapped-contains-target-47-zero	graph-id	graph-id-function-wrapped-contains	zero	graph-id-function-equals-and-wrapped-contains	graph-routing	properties	200	fixture-hive-15	fixture-hive-15	1	d5c3f70f4e04fa9e3851b5ba956c39c64ff3bf4c48028255a069369d65d3e3dc	success	0	147	805c8c7334c868e18e2be84be95b83cc60895722d739c2b164a68be4cd410c49	194524			cypher-graph-id-predicate	64	1	fixture-hive-15	1	0	0	1	0	1	1	1	63	1	0
graph-id-function-wrapped-contains-target-47-targeted	graph-id	graph-id-function-wrapped-contains	targeted	graph-id-function-equals-and-wrapped-contains	graph-routing	properties	200	fixture-hive-15	fixture-hive-15	1	d5c3f70f4e04fa9e3851b5ba956c39c64ff3bf4c48028255a069369d65d3e3dc	success	66	40159	fcfc173325ae104971344d6daea93c8089a472f712f938cfbd16c519ba82c551	358100		fixture-hive-15	cypher-graph-id-predicate	64	1	fixture-hive-15	1	0	0	1	0	66	1	1	63	1	0
graph-id-function-wrapped-contains-target-47-dense	graph-id	graph-id-function-wrapped-contains	dense	graph-id-function-equals-and-wrapped-contains	graph-routing	properties	200	fixture-hive-15	fixture-hive-15	1	d5c3f70f4e04fa9e3851b5ba956c39c64ff3bf4c48028255a069369d65d3e3dc	success	200	97359	d162ad37d2e7b659e55cddb63b7d42e922fbd2396ae9679f7648226751bb7a13	293159		fixture-hive-15	cypher-graph-id-predicate	64	1	fixture-hive-15	1	0	0	1	0	200	1	1	63	1	0
graph-id-function-wrapped-contains-target-48-zero	graph-id	graph-id-function-wrapped-contains	zero	graph-id-function-equals-and-wrapped-contains	graph-routing	properties	200	fixture-kotlin-compiler-00	fixture-kotlin-compiler-00	1	e0590ddba3b9b9f8de79bee6771cc2f41482d9bcf2b6d495c533f4d523602a1c	success	0	147	805c8c7334c868e18e2be84be95b83cc60895722d739c2b164a68be4cd410c49	253425			cypher-graph-id-predicate	64	1	fixture-kotlin-compiler-00	1	0	0	1	0	1	1	1	63	1	0
graph-id-function-wrapped-contains-target-48-targeted	graph-id	graph-id-function-wrapped-contains	targeted	graph-id-function-equals-and-wrapped-contains	graph-routing	properties	200	fixture-kotlin-compiler-00	fixture-kotlin-compiler-00	1	e0590ddba3b9b9f8de79bee6771cc2f41482d9bcf2b6d495c533f4d523602a1c	success	10	6351	274597a5e0e535d6581734920f9ffbc39062a84a13ad9d85823a8f12df219dfd	324738		fixture-kotlin-compiler-00	cypher-graph-id-predicate	64	1	fixture-kotlin-compiler-00	1	0	0	1	0	10	1	1	63	1	0
graph-id-function-wrapped-contains-target-48-dense	graph-id	graph-id-function-wrapped-contains	dense	graph-id-function-equals-and-wrapped-contains	graph-routing	properties	200	fixture-kotlin-compiler-00	fixture-kotlin-compiler-00	1	e0590ddba3b9b9f8de79bee6771cc2f41482d9bcf2b6d495c533f4d523602a1c	success	200	97301	4abd067ea3c7496241f2623586a132809a81e33bd08c7645b717be3ee7ee2542	426698		fixture-kotlin-compiler-00	cypher-graph-id-predicate	64	1	fixture-kotlin-compiler-00	1	0	0	1	0	200	1	1	63	1	0
graph-id-function-wrapped-contains-target-49-zero	graph-id	graph-id-function-wrapped-contains	zero	graph-id-function-equals-and-wrapped-contains	graph-routing	properties	200	fixture-kotlin-compiler-01	fixture-kotlin-compiler-01	1	a2378f34cd746f343988852d75ea5d50b8bfe89e6cd965dacb19b742e3a8c966	success	0	147	805c8c7334c868e18e2be84be95b83cc60895722d739c2b164a68be4cd410c49	179226			cypher-graph-id-predicate	64	1	fixture-kotlin-compiler-01	1	0	0	1	0	1	1	1	63	1	0
graph-id-function-wrapped-contains-target-49-targeted	graph-id	graph-id-function-wrapped-contains	targeted	graph-id-function-equals-and-wrapped-contains	graph-routing	properties	200	fixture-kotlin-compiler-01	fixture-kotlin-compiler-01	1	a2378f34cd746f343988852d75ea5d50b8bfe89e6cd965dacb19b742e3a8c966	success	4	2598	d72c68d3fe0e8e0257e28136dfcba3f279a31d304b51dc9611dfa7b0f16169a8	823281		fixture-kotlin-compiler-01	cypher-graph-id-predicate	64	1	fixture-kotlin-compiler-01	1	0	0	1	0	4	1	1	63	1	0
graph-id-function-wrapped-contains-target-49-dense	graph-id	graph-id-function-wrapped-contains	dense	graph-id-function-equals-and-wrapped-contains	graph-routing	properties	200	fixture-kotlin-compiler-01	fixture-kotlin-compiler-01	1	a2378f34cd746f343988852d75ea5d50b8bfe89e6cd965dacb19b742e3a8c966	success	200	95854	6848b85ce01299f2ea05bcca3edaa8c69792c61113aeaea43a401f01793bb61d	347630		fixture-kotlin-compiler-01	cypher-graph-id-predicate	64	1	fixture-kotlin-compiler-01	1	0	0	1	0	200	1	1	63	1	0
graph-id-function-wrapped-contains-target-50-zero	graph-id	graph-id-function-wrapped-contains	zero	graph-id-function-equals-and-wrapped-contains	graph-routing	properties	200	fixture-kotlin-compiler-02	fixture-kotlin-compiler-02	1	b4996e09ff7c9fb90ce978374faa803d01485382a499402abfd9028048b79bf7	success	0	147	805c8c7334c868e18e2be84be95b83cc60895722d739c2b164a68be4cd410c49	443630			cypher-graph-id-predicate	64	1	fixture-kotlin-compiler-02	1	0	0	1	0	1	1	1	63	1	0
graph-id-function-wrapped-contains-target-50-targeted	graph-id	graph-id-function-wrapped-contains	targeted	graph-id-function-equals-and-wrapped-contains	graph-routing	properties	200	fixture-kotlin-compiler-02	fixture-kotlin-compiler-02	1	b4996e09ff7c9fb90ce978374faa803d01485382a499402abfd9028048b79bf7	success	1	791	85dd6bfd8cfa28628294c822275e5bb7a279ea8142c47ff362a55c060e68da37	150512		fixture-kotlin-compiler-02	cypher-graph-id-predicate	64	1	fixture-kotlin-compiler-02	1	0	0	1	0	1	1	1	63	1	0
graph-id-function-wrapped-contains-target-50-dense	graph-id	graph-id-function-wrapped-contains	dense	graph-id-function-equals-and-wrapped-contains	graph-routing	properties	200	fixture-kotlin-compiler-02	fixture-kotlin-compiler-02	1	b4996e09ff7c9fb90ce978374faa803d01485382a499402abfd9028048b79bf7	success	200	91564	fbf180fab82c32493738bb60bb29955d3f45810bb23806d614f71964200069bc	266008		fixture-kotlin-compiler-02	cypher-graph-id-predicate	64	1	fixture-kotlin-compiler-02	1	0	0	1	0	200	1	1	63	1	0
graph-id-function-wrapped-contains-target-51-zero	graph-id	graph-id-function-wrapped-contains	zero	graph-id-function-equals-and-wrapped-contains	graph-routing	properties	200	fixture-kotlin-compiler-03	fixture-kotlin-compiler-03	1	a2350bbcc2f1ba8738ae72b167e586240ce7149551e3fba11f7a358d11b7801e	success	0	147	805c8c7334c868e18e2be84be95b83cc60895722d739c2b164a68be4cd410c49	153127			cypher-graph-id-predicate	64	1	fixture-kotlin-compiler-03	1	0	0	1	0	1	1	1	63	1	0
graph-id-function-wrapped-contains-target-51-targeted	graph-id	graph-id-function-wrapped-contains	targeted	graph-id-function-equals-and-wrapped-contains	graph-routing	properties	200	fixture-kotlin-compiler-03	fixture-kotlin-compiler-03	1	a2350bbcc2f1ba8738ae72b167e586240ce7149551e3fba11f7a358d11b7801e	success	1	798	64ae9673d519a121b865dc50f576291bddc3c4c81c474d10cfb9d0da1dce7c60	152666		fixture-kotlin-compiler-03	cypher-graph-id-predicate	64	1	fixture-kotlin-compiler-03	1	0	0	1	0	1	1	1	63	1	0
graph-id-function-wrapped-contains-target-51-dense	graph-id	graph-id-function-wrapped-contains	dense	graph-id-function-equals-and-wrapped-contains	graph-routing	properties	200	fixture-kotlin-compiler-03	fixture-kotlin-compiler-03	1	a2350bbcc2f1ba8738ae72b167e586240ce7149551e3fba11f7a358d11b7801e	success	200	94730	d508f1cb1d0c5646118a68e8a87c49c66a454661e438e3f033289c173598f51f	221425		fixture-kotlin-compiler-03	cypher-graph-id-predicate	64	1	fixture-kotlin-compiler-03	1	0	0	1	0	200	1	1	63	1	0
graph-id-function-wrapped-contains-target-52-zero	graph-id	graph-id-function-wrapped-contains	zero	graph-id-function-equals-and-wrapped-contains	graph-routing	properties	200	fixture-kotlin-compiler-04	fixture-kotlin-compiler-04	1	1835d0591826a821b1c4a8a0df21cd273c40697176c253109b1663d9e56d64a0	success	0	147	805c8c7334c868e18e2be84be95b83cc60895722d739c2b164a68be4cd410c49	137087			cypher-graph-id-predicate	64	1	fixture-kotlin-compiler-04	1	0	0	1	0	1	1	1	63	1	0
graph-id-function-wrapped-contains-target-52-targeted	graph-id	graph-id-function-wrapped-contains	targeted	graph-id-function-equals-and-wrapped-contains	graph-routing	properties	200	fixture-kotlin-compiler-04	fixture-kotlin-compiler-04	1	1835d0591826a821b1c4a8a0df21cd273c40697176c253109b1663d9e56d64a0	success	1	792	6691abe0a1f608719107bf4ffc3fa52632123ab77cb7c2c3c6536cd32de533b1	139972		fixture-kotlin-compiler-04	cypher-graph-id-predicate	64	1	fixture-kotlin-compiler-04	1	0	0	1	0	1	1	1	63	1	0
graph-id-function-wrapped-contains-target-52-dense	graph-id	graph-id-function-wrapped-contains	dense	graph-id-function-equals-and-wrapped-contains	graph-routing	properties	200	fixture-kotlin-compiler-04	fixture-kotlin-compiler-04	1	1835d0591826a821b1c4a8a0df21cd273c40697176c253109b1663d9e56d64a0	success	200	96891	db4b9bfadbbb61a039e76484090eda57349ec9585a7c795f46793352fb739e7c	227767		fixture-kotlin-compiler-04	cypher-graph-id-predicate	64	1	fixture-kotlin-compiler-04	1	0	0	1	0	200	1	1	63	1	0
graph-id-function-wrapped-contains-target-53-zero	graph-id	graph-id-function-wrapped-contains	zero	graph-id-function-equals-and-wrapped-contains	graph-routing	properties	200	fixture-kotlin-compiler-05	fixture-kotlin-compiler-05	1	65de36ec09041582c4ff4a57708f099a7d72d4907a327e47ae026767f5ff0db0	success	0	147	805c8c7334c868e18e2be84be95b83cc60895722d739c2b164a68be4cd410c49	141595			cypher-graph-id-predicate	64	1	fixture-kotlin-compiler-05	1	0	0	1	0	1	1	1	63	1	0
graph-id-function-wrapped-contains-target-53-targeted	graph-id	graph-id-function-wrapped-contains	targeted	graph-id-function-equals-and-wrapped-contains	graph-routing	properties	200	fixture-kotlin-compiler-05	fixture-kotlin-compiler-05	1	65de36ec09041582c4ff4a57708f099a7d72d4907a327e47ae026767f5ff0db0	success	6	3910	d987ccd9722d9cd5492fcbb62423f1a89bb41e05ea0e3fb44e7cc793b9656b12	144210		fixture-kotlin-compiler-05	cypher-graph-id-predicate	64	1	fixture-kotlin-compiler-05	1	0	0	1	0	6	1	1	63	1	0
graph-id-function-wrapped-contains-target-53-dense	graph-id	graph-id-function-wrapped-contains	dense	graph-id-function-equals-and-wrapped-contains	graph-routing	properties	200	fixture-kotlin-compiler-05	fixture-kotlin-compiler-05	1	65de36ec09041582c4ff4a57708f099a7d72d4907a327e47ae026767f5ff0db0	success	200	94720	c9e7b59e830a820a47234ca1fd54046d1c260db318e05adc24dc748ca7fe29c0	268182		fixture-kotlin-compiler-05	cypher-graph-id-predicate	64	1	fixture-kotlin-compiler-05	1	0	0	1	0	200	1	1	63	1	0
graph-id-function-wrapped-contains-target-54-zero	graph-id	graph-id-function-wrapped-contains	zero	graph-id-function-equals-and-wrapped-contains	graph-routing	properties	200	fixture-kotlin-compiler-06	fixture-kotlin-compiler-06	1	455e2dea20c33d78ad4888048700c76ead131cc5fff61b1b6745f3cf019d98c7	success	0	147	805c8c7334c868e18e2be84be95b83cc60895722d739c2b164a68be4cd410c49	161221			cypher-graph-id-predicate	64	1	fixture-kotlin-compiler-06	1	0	0	1	0	1	1	1	63	1	0
graph-id-function-wrapped-contains-target-54-targeted	graph-id	graph-id-function-wrapped-contains	targeted	graph-id-function-equals-and-wrapped-contains	graph-routing	properties	200	fixture-kotlin-compiler-06	fixture-kotlin-compiler-06	1	455e2dea20c33d78ad4888048700c76ead131cc5fff61b1b6745f3cf019d98c7	success	3	1869	5157205e66d4cebff8b628175c555fdb333564013eabc5f496e37f9a4ad2b606	166301		fixture-kotlin-compiler-06	cypher-graph-id-predicate	64	1	fixture-kotlin-compiler-06	1	0	0	1	0	3	1	1	63	1	0
graph-id-function-wrapped-contains-target-54-dense	graph-id	graph-id-function-wrapped-contains	dense	graph-id-function-equals-and-wrapped-contains	graph-routing	properties	200	fixture-kotlin-compiler-06	fixture-kotlin-compiler-06	1	455e2dea20c33d78ad4888048700c76ead131cc5fff61b1b6745f3cf019d98c7	success	200	92798	60b390f0b190e46f6fd1b4929641c7324c9142e0f18a85bc338e7b41ebe62db5	1062198		fixture-kotlin-compiler-06	cypher-graph-id-predicate	64	1	fixture-kotlin-compiler-06	1	0	0	1	0	200	1	1	63	1	0
graph-id-function-wrapped-contains-target-55-zero	graph-id	graph-id-function-wrapped-contains	zero	graph-id-function-equals-and-wrapped-contains	graph-routing	properties	200	fixture-kotlin-compiler-07	fixture-kotlin-compiler-07	1	6c1c49dd5e3fe90a5fa68f9ab09606732d59b2cb006a42f463d6390d9a27f2a1	success	0	147	805c8c7334c868e18e2be84be95b83cc60895722d739c2b164a68be4cd410c49	179837			cypher-graph-id-predicate	64	1	fixture-kotlin-compiler-07	1	0	0	1	0	1	1	1	63	1	0
graph-id-function-wrapped-contains-target-55-targeted	graph-id	graph-id-function-wrapped-contains	targeted	graph-id-function-equals-and-wrapped-contains	graph-routing	properties	200	fixture-kotlin-compiler-07	fixture-kotlin-compiler-07	1	6c1c49dd5e3fe90a5fa68f9ab09606732d59b2cb006a42f463d6390d9a27f2a1	success	10	6054	f5c10be5db49f33f0b8307328bfb058b342da4d9241c33217038447620028ab5	222516		fixture-kotlin-compiler-07	cypher-graph-id-predicate	64	1	fixture-kotlin-compiler-07	1	0	0	1	0	10	1	1	63	1	0
graph-id-function-wrapped-contains-target-55-dense	graph-id	graph-id-function-wrapped-contains	dense	graph-id-function-equals-and-wrapped-contains	graph-routing	properties	200	fixture-kotlin-compiler-07	fixture-kotlin-compiler-07	1	6c1c49dd5e3fe90a5fa68f9ab09606732d59b2cb006a42f463d6390d9a27f2a1	success	200	96112	0f6d4800cdd86ccdf20aab2fe6bd2924f66d70c9fcca46057385e09ba151a798	306103		fixture-kotlin-compiler-07	cypher-graph-id-predicate	64	1	fixture-kotlin-compiler-07	1	0	0	1	0	200	1	1	63	1	0
graph-id-function-wrapped-contains-target-56-zero	graph-id	graph-id-function-wrapped-contains	zero	graph-id-function-equals-and-wrapped-contains	graph-routing	properties	200	fixture-kotlin-compiler-08	fixture-kotlin-compiler-08	1	37be466842d1f239df76fe55e92f6769fc0b2d6e47e43f0020c40a8ce8422cb0	success	0	147	805c8c7334c868e18e2be84be95b83cc60895722d739c2b164a68be4cd410c49	333745			cypher-graph-id-predicate	64	1	fixture-kotlin-compiler-08	1	0	0	1	0	1	1	1	63	1	0
graph-id-function-wrapped-contains-target-56-targeted	graph-id	graph-id-function-wrapped-contains	targeted	graph-id-function-equals-and-wrapped-contains	graph-routing	properties	200	fixture-kotlin-compiler-08	fixture-kotlin-compiler-08	1	37be466842d1f239df76fe55e92f6769fc0b2d6e47e43f0020c40a8ce8422cb0	success	1	802	7ebbe5301915ad5c39692b733c3f39851576d09270c89f830b9e80b342a866f6	223449		fixture-kotlin-compiler-08	cypher-graph-id-predicate	64	1	fixture-kotlin-compiler-08	1	0	0	1	0	1	1	1	63	1	0
graph-id-function-wrapped-contains-target-56-dense	graph-id	graph-id-function-wrapped-contains	dense	graph-id-function-equals-and-wrapped-contains	graph-routing	properties	200	fixture-kotlin-compiler-08	fixture-kotlin-compiler-08	1	37be466842d1f239df76fe55e92f6769fc0b2d6e47e43f0020c40a8ce8422cb0	success	200	93704	b778fc4edfb3c1031b90b2d3d121fd31958733afdc68d3f1cde538a17b738328	316442		fixture-kotlin-compiler-08	cypher-graph-id-predicate	64	1	fixture-kotlin-compiler-08	1	0	0	1	0	200	1	1	63	1	0
graph-id-function-wrapped-contains-target-57-zero	graph-id	graph-id-function-wrapped-contains	zero	graph-id-function-equals-and-wrapped-contains	graph-routing	properties	200	fixture-kotlin-compiler-09	fixture-kotlin-compiler-09	1	5bacb6648bba38e91cc033e69d42538b040b89f913b58ee2afebb53ba8d35c57	success	0	147	805c8c7334c868e18e2be84be95b83cc60895722d739c2b164a68be4cd410c49	379701			cypher-graph-id-predicate	64	1	fixture-kotlin-compiler-09	1	0	0	1	0	1	1	1	63	1	0
graph-id-function-wrapped-contains-target-57-targeted	graph-id	graph-id-function-wrapped-contains	targeted	graph-id-function-equals-and-wrapped-contains	graph-routing	properties	200	fixture-kotlin-compiler-09	fixture-kotlin-compiler-09	1	5bacb6648bba38e91cc033e69d42538b040b89f913b58ee2afebb53ba8d35c57	success	1	765	0812dc51126311be5cac082c5d39676905cd9a0811e6a08f17ec6343dc843471	312355		fixture-kotlin-compiler-09	cypher-graph-id-predicate	64	1	fixture-kotlin-compiler-09	1	0	0	1	0	1	1	1	63	1	0
graph-id-function-wrapped-contains-target-57-dense	graph-id	graph-id-function-wrapped-contains	dense	graph-id-function-equals-and-wrapped-contains	graph-routing	properties	200	fixture-kotlin-compiler-09	fixture-kotlin-compiler-09	1	5bacb6648bba38e91cc033e69d42538b040b89f913b58ee2afebb53ba8d35c57	success	200	99258	415f437224f091ed04a72fa493ee405ec437acfcfdf54dee50789c56e5356f10	307576		fixture-kotlin-compiler-09	cypher-graph-id-predicate	64	1	fixture-kotlin-compiler-09	1	0	0	1	0	200	1	1	63	1	0
graph-id-function-wrapped-contains-target-58-zero	graph-id	graph-id-function-wrapped-contains	zero	graph-id-function-equals-and-wrapped-contains	graph-routing	properties	200	fixture-kotlin-compiler-10	fixture-kotlin-compiler-10	1	634f1070c869c5f39ed7722d97b19c8976bc7fee623a8cfc705bcdd955e20759	success	0	147	805c8c7334c868e18e2be84be95b83cc60895722d739c2b164a68be4cd410c49	169668			cypher-graph-id-predicate	64	1	fixture-kotlin-compiler-10	1	0	0	1	0	1	1	1	63	1	0
graph-id-function-wrapped-contains-target-58-targeted	graph-id	graph-id-function-wrapped-contains	targeted	graph-id-function-equals-and-wrapped-contains	graph-routing	properties	200	fixture-kotlin-compiler-10	fixture-kotlin-compiler-10	1	634f1070c869c5f39ed7722d97b19c8976bc7fee623a8cfc705bcdd955e20759	success	12	7029	1df616dc12f8aa99df8ef1921ad6c878afdd2d37362d488527ffbb7ddbe7f6e3	184255		fixture-kotlin-compiler-10	cypher-graph-id-predicate	64	1	fixture-kotlin-compiler-10	1	0	0	1	0	12	1	1	63	1	0
graph-id-function-wrapped-contains-target-58-dense	graph-id	graph-id-function-wrapped-contains	dense	graph-id-function-equals-and-wrapped-contains	graph-routing	properties	200	fixture-kotlin-compiler-10	fixture-kotlin-compiler-10	1	634f1070c869c5f39ed7722d97b19c8976bc7fee623a8cfc705bcdd955e20759	success	200	94948	3f3fd3df372307937afdfd0915ce035266497833c5712760faf456eece659c97	318977		fixture-kotlin-compiler-10	cypher-graph-id-predicate	64	1	fixture-kotlin-compiler-10	1	0	0	1	0	200	1	1	63	1	0
graph-id-function-wrapped-contains-target-59-zero	graph-id	graph-id-function-wrapped-contains	zero	graph-id-function-equals-and-wrapped-contains	graph-routing	properties	200	fixture-kotlin-compiler-11	fixture-kotlin-compiler-11	1	9e1bbfe33d12ec072b828f417bb9dcdab26d7daecb14898f31eb2d73cdaff93c	success	0	147	805c8c7334c868e18e2be84be95b83cc60895722d739c2b164a68be4cd410c49	180468			cypher-graph-id-predicate	64	1	fixture-kotlin-compiler-11	1	0	0	1	0	1	1	1	63	1	0
graph-id-function-wrapped-contains-target-59-targeted	graph-id	graph-id-function-wrapped-contains	targeted	graph-id-function-equals-and-wrapped-contains	graph-routing	properties	200	fixture-kotlin-compiler-11	fixture-kotlin-compiler-11	1	9e1bbfe33d12ec072b828f417bb9dcdab26d7daecb14898f31eb2d73cdaff93c	success	11	6729	3d47749a3f582c73a2df58bf3f9b3beed9c001af5d9bd91af1d30abe76d3f524	201216		fixture-kotlin-compiler-11	cypher-graph-id-predicate	64	1	fixture-kotlin-compiler-11	1	0	0	1	0	11	1	1	63	1	0
graph-id-function-wrapped-contains-target-59-dense	graph-id	graph-id-function-wrapped-contains	dense	graph-id-function-equals-and-wrapped-contains	graph-routing	properties	200	fixture-kotlin-compiler-11	fixture-kotlin-compiler-11	1	9e1bbfe33d12ec072b828f417bb9dcdab26d7daecb14898f31eb2d73cdaff93c	success	200	89429	54106029dd8c0484e4d4612954bdb30eebd525f910018413d1ee09bf2ea5c8ac	292798		fixture-kotlin-compiler-11	cypher-graph-id-predicate	64	1	fixture-kotlin-compiler-11	1	0	0	1	0	200	1	1	63	1	0
graph-id-function-wrapped-contains-target-60-zero	graph-id	graph-id-function-wrapped-contains	zero	graph-id-function-equals-and-wrapped-contains	graph-routing	properties	200	fixture-kotlin-compiler-12	fixture-kotlin-compiler-12	1	45b0266366bbda196d2004ab993b070c325a01ec90b2c254cb7a89f0070e843a	success	0	147	805c8c7334c868e18e2be84be95b83cc60895722d739c2b164a68be4cd410c49	202830			cypher-graph-id-predicate	64	1	fixture-kotlin-compiler-12	1	0	0	1	0	1	1	1	63	1	0
graph-id-function-wrapped-contains-target-60-targeted	graph-id	graph-id-function-wrapped-contains	targeted	graph-id-function-equals-and-wrapped-contains	graph-routing	properties	200	fixture-kotlin-compiler-12	fixture-kotlin-compiler-12	1	45b0266366bbda196d2004ab993b070c325a01ec90b2c254cb7a89f0070e843a	success	13	7599	88379c6b80e2b23974c6b6a1e2c6fc3f3680ec705c71b7cecbc9a2228bf7fa26	2111141		fixture-kotlin-compiler-12	cypher-graph-id-predicate	64	1	fixture-kotlin-compiler-12	1	0	0	1	0	13	1	1	63	1	0
graph-id-function-wrapped-contains-target-60-dense	graph-id	graph-id-function-wrapped-contains	dense	graph-id-function-equals-and-wrapped-contains	graph-routing	properties	200	fixture-kotlin-compiler-12	fixture-kotlin-compiler-12	1	45b0266366bbda196d2004ab993b070c325a01ec90b2c254cb7a89f0070e843a	success	200	94040	5d662b90e716477fff887768402c85462026d6042e22f1d7fafdb565b9f9efc8	348913		fixture-kotlin-compiler-12	cypher-graph-id-predicate	64	1	fixture-kotlin-compiler-12	1	0	0	1	0	200	1	1	63	1	0
graph-id-function-wrapped-contains-target-61-zero	graph-id	graph-id-function-wrapped-contains	zero	graph-id-function-equals-and-wrapped-contains	graph-routing	properties	200	fixture-kotlin-compiler-13	fixture-kotlin-compiler-13	1	aedca61396c53e1f40a6a8408974c2e44a02b0dd40978618ab51b02da9ecb430	success	0	147	805c8c7334c868e18e2be84be95b83cc60895722d739c2b164a68be4cd410c49	191859			cypher-graph-id-predicate	64	1	fixture-kotlin-compiler-13	1	0	0	1	0	1	1	1	63	1	0
graph-id-function-wrapped-contains-target-61-targeted	graph-id	graph-id-function-wrapped-contains	targeted	graph-id-function-equals-and-wrapped-contains	graph-routing	properties	200	fixture-kotlin-compiler-13	fixture-kotlin-compiler-13	1	aedca61396c53e1f40a6a8408974c2e44a02b0dd40978618ab51b02da9ecb430	success	8	5180	b6f5bd5828bd66e4f09f8198b509f3673986060cf32e2725dff13d9bcb4d6e9b	197900		fixture-kotlin-compiler-13	cypher-graph-id-predicate	64	1	fixture-kotlin-compiler-13	1	0	0	1	0	8	1	1	63	1	0
graph-id-function-wrapped-contains-target-61-dense	graph-id	graph-id-function-wrapped-contains	dense	graph-id-function-equals-and-wrapped-contains	graph-routing	properties	200	fixture-kotlin-compiler-13	fixture-kotlin-compiler-13	1	aedca61396c53e1f40a6a8408974c2e44a02b0dd40978618ab51b02da9ecb430	success	200	93638	00f9fdf9bf9dc94ccc0d67b35cb45c01a8e623cfaedfdb70da1cc1bfa69daf82	341770		fixture-kotlin-compiler-13	cypher-graph-id-predicate	64	1	fixture-kotlin-compiler-13	1	0	0	1	0	200	1	1	63	1	0
graph-id-function-wrapped-contains-target-62-zero	graph-id	graph-id-function-wrapped-contains	zero	graph-id-function-equals-and-wrapped-contains	graph-routing	properties	200	fixture-kotlin-compiler-14	fixture-kotlin-compiler-14	1	7f28ad9f946e8d01109ca70944e08883f52dd5c6cb287fa2d5fade1909b610b0	success	0	147	805c8c7334c868e18e2be84be95b83cc60895722d739c2b164a68be4cd410c49	199734			cypher-graph-id-predicate	64	1	fixture-kotlin-compiler-14	1	0	0	1	0	1	1	1	63	1	0
graph-id-function-wrapped-contains-target-62-targeted	graph-id	graph-id-function-wrapped-contains	targeted	graph-id-function-equals-and-wrapped-contains	graph-routing	properties	200	fixture-kotlin-compiler-14	fixture-kotlin-compiler-14	1	7f28ad9f946e8d01109ca70944e08883f52dd5c6cb287fa2d5fade1909b610b0	success	1	877	f04b3035acb1285487cb68f126c796fd316b35c6ce630f1e71efd88436bf28f2	374040		fixture-kotlin-compiler-14	cypher-graph-id-predicate	64	1	fixture-kotlin-compiler-14	1	0	0	1	0	1	1	1	63	1	0
graph-id-function-wrapped-contains-target-62-dense	graph-id	graph-id-function-wrapped-contains	dense	graph-id-function-equals-and-wrapped-contains	graph-routing	properties	200	fixture-kotlin-compiler-14	fixture-kotlin-compiler-14	1	7f28ad9f946e8d01109ca70944e08883f52dd5c6cb287fa2d5fade1909b610b0	success	200	97449	f19574ac46a01dafc16136d9e8c4835b8d40c72753078eb8a67a1d7d438dd937	340938		fixture-kotlin-compiler-14	cypher-graph-id-predicate	64	1	fixture-kotlin-compiler-14	1	0	0	1	0	200	1	1	63	1	0
graph-id-function-wrapped-contains-target-63-zero	graph-id	graph-id-function-wrapped-contains	zero	graph-id-function-equals-and-wrapped-contains	graph-routing	properties	200	fixture-kotlin-compiler-15	fixture-kotlin-compiler-15	1	86015e396789c5c1cf86d1df3b0b97987a7b461bfcfb129491f3d758793d1d65	success	0	147	805c8c7334c868e18e2be84be95b83cc60895722d739c2b164a68be4cd410c49	1380233			cypher-graph-id-predicate	64	1	fixture-kotlin-compiler-15	1	0	0	1	0	1	1	1	63	1	0
graph-id-function-wrapped-contains-target-63-targeted	graph-id	graph-id-function-wrapped-contains	targeted	graph-id-function-equals-and-wrapped-contains	graph-routing	properties	200	fixture-kotlin-compiler-15	fixture-kotlin-compiler-15	1	86015e396789c5c1cf86d1df3b0b97987a7b461bfcfb129491f3d758793d1d65	success	1	778	1734729b6952d2a8eff267ca86b458aa4fd5e0c703c1fa60dd66478cd3c49356	252793		fixture-kotlin-compiler-15	cypher-graph-id-predicate	64	1	fixture-kotlin-compiler-15	1	0	0	1	0	1	1	1	63	1	0
graph-id-function-wrapped-contains-target-63-dense	graph-id	graph-id-function-wrapped-contains	dense	graph-id-function-equals-and-wrapped-contains	graph-routing	properties	200	fixture-kotlin-compiler-15	fixture-kotlin-compiler-15	1	86015e396789c5c1cf86d1df3b0b97987a7b461bfcfb129491f3d758793d1d65	success	200	91412	082721be4b0e9234c67505fe172c638dcb4ef8924db9c6264a191473dfc4e443	306513		fixture-kotlin-compiler-15	cypher-graph-id-predicate	64	1	fixture-kotlin-compiler-15	1	0	0	1	0	200	1	1	63	1	0
graph-id-parameter-wrapped-contains-target-00-zero	graph-id	graph-id-parameter-wrapped-contains	zero	graph-id-parameter-equals-and-wrapped-contains	parameters	properties	200	fixture-android-00	fixture-android-00	1	47c5f2f8275ab2447995a1b45a36cd5b0b70e258e0f75934abd1f0cef5c2b93e	success	0	147	805c8c7334c868e18e2be84be95b83cc60895722d739c2b164a68be4cd410c49	316583			cypher-graph-id-predicate	64	1	fixture-android-00	1	0	0	1	0	1	1	1	63	1	0
graph-id-parameter-wrapped-contains-target-00-targeted	graph-id	graph-id-parameter-wrapped-contains	targeted	graph-id-parameter-equals-and-wrapped-contains	parameters	properties	200	fixture-android-00	fixture-android-00	1	47c5f2f8275ab2447995a1b45a36cd5b0b70e258e0f75934abd1f0cef5c2b93e	success	10	5730	00c81103244dc6d42abdc3894d771e5a24957dcf7e5ad4d8dc686b1d7e0cb89e	227135		fixture-android-00	cypher-graph-id-predicate	64	1	fixture-android-00	1	0	0	1	0	10	1	1	63	1	0
graph-id-parameter-wrapped-contains-target-00-dense	graph-id	graph-id-parameter-wrapped-contains	dense	graph-id-parameter-equals-and-wrapped-contains	parameters	properties	200	fixture-android-00	fixture-android-00	1	47c5f2f8275ab2447995a1b45a36cd5b0b70e258e0f75934abd1f0cef5c2b93e	success	200	84411	3bdee68309e62bee93f47848258ded90b1763d55841fa57d8b8fd21867653c44	440214		fixture-android-00	cypher-graph-id-predicate	64	1	fixture-android-00	1	0	0	1	0	200	1	1	63	1	0
graph-id-parameter-wrapped-contains-target-01-zero	graph-id	graph-id-parameter-wrapped-contains	zero	graph-id-parameter-equals-and-wrapped-contains	parameters	properties	200	fixture-android-01	fixture-android-01	1	e4528616b87301f557512ab9d9e4e598561300f98d2e85100725c35158534ecc	success	0	147	805c8c7334c868e18e2be84be95b83cc60895722d739c2b164a68be4cd410c49	200926			cypher-graph-id-predicate	64	1	fixture-android-01	1	0	0	1	0	1	1	1	63	1	0
graph-id-parameter-wrapped-contains-target-01-targeted	graph-id	graph-id-parameter-wrapped-contains	targeted	graph-id-parameter-equals-and-wrapped-contains	parameters	properties	200	fixture-android-01	fixture-android-01	1	e4528616b87301f557512ab9d9e4e598561300f98d2e85100725c35158534ecc	success	1	758	b33173a678013ac093c95f3fccc5cd5af96ea18082387e1fc872de4817e234b2	180568		fixture-android-01	cypher-graph-id-predicate	64	1	fixture-android-01	1	0	0	1	0	1	1	1	63	1	0
graph-id-parameter-wrapped-contains-target-01-dense	graph-id	graph-id-parameter-wrapped-contains	dense	graph-id-parameter-equals-and-wrapped-contains	parameters	properties	200	fixture-android-01	fixture-android-01	1	e4528616b87301f557512ab9d9e4e598561300f98d2e85100725c35158534ecc	success	200	84093	d9daf98f04e06930dfeb91ddd4e8ae597b8f9154e54ac1018db6a25ea8ddd84f	304931		fixture-android-01	cypher-graph-id-predicate	64	1	fixture-android-01	1	0	0	1	0	200	1	1	63	1	0
graph-id-parameter-wrapped-contains-target-02-zero	graph-id	graph-id-parameter-wrapped-contains	zero	graph-id-parameter-equals-and-wrapped-contains	parameters	properties	200	fixture-android-02	fixture-android-02	1	1a026780ab945a978bf2d821f0728dd8a679a4b4838c8a3b7703d006d3fae584	success	0	147	805c8c7334c868e18e2be84be95b83cc60895722d739c2b164a68be4cd410c49	171531			cypher-graph-id-predicate	64	1	fixture-android-02	1	0	0	1	0	1	1	1	63	1	0
graph-id-parameter-wrapped-contains-target-02-targeted	graph-id	graph-id-parameter-wrapped-contains	targeted	graph-id-parameter-equals-and-wrapped-contains	parameters	properties	200	fixture-android-02	fixture-android-02	1	1a026780ab945a978bf2d821f0728dd8a679a4b4838c8a3b7703d006d3fae584	success	9	5751	0754b66fd035110585cc31e6af555127395a9cd85c413f0a859de6b596c3b70d	200446		fixture-android-02	cypher-graph-id-predicate	64	1	fixture-android-02	1	0	0	1	0	9	1	1	63	1	0
graph-id-parameter-wrapped-contains-target-02-dense	graph-id	graph-id-parameter-wrapped-contains	dense	graph-id-parameter-equals-and-wrapped-contains	parameters	properties	200	fixture-android-02	fixture-android-02	1	1a026780ab945a978bf2d821f0728dd8a679a4b4838c8a3b7703d006d3fae584	success	200	86930	a289774d080329d12351d967c614eae9b16190b55970a757b1f268e21aee3975	289762		fixture-android-02	cypher-graph-id-predicate	64	1	fixture-android-02	1	0	0	1	0	200	1	1	63	1	0
graph-id-parameter-wrapped-contains-target-03-zero	graph-id	graph-id-parameter-wrapped-contains	zero	graph-id-parameter-equals-and-wrapped-contains	parameters	properties	200	fixture-android-03	fixture-android-03	1	3a085dec137def84e2f0fd6c417ca6216ad5c22c415250ab8d225957a37eb876	success	0	147	805c8c7334c868e18e2be84be95b83cc60895722d739c2b164a68be4cd410c49	338704			cypher-graph-id-predicate	64	1	fixture-android-03	1	0	0	1	0	1	1	1	63	1	0
graph-id-parameter-wrapped-contains-target-03-targeted	graph-id	graph-id-parameter-wrapped-contains	targeted	graph-id-parameter-equals-and-wrapped-contains	parameters	properties	200	fixture-android-03	fixture-android-03	1	3a085dec137def84e2f0fd6c417ca6216ad5c22c415250ab8d225957a37eb876	success	2	1333	77f2da9b0b5a99e6332b957b281149f5e269d152177e36aaa74e86db4bc23bf9	178654		fixture-android-03	cypher-graph-id-predicate	64	1	fixture-android-03	1	0	0	1	0	2	1	1	63	1	0
graph-id-parameter-wrapped-contains-target-03-dense	graph-id	graph-id-parameter-wrapped-contains	dense	graph-id-parameter-equals-and-wrapped-contains	parameters	properties	200	fixture-android-03	fixture-android-03	1	3a085dec137def84e2f0fd6c417ca6216ad5c22c415250ab8d225957a37eb876	success	200	85151	08fbf5fde8e917175e0dca625983535621218120265897bdd0781fe99669b859	298358		fixture-android-03	cypher-graph-id-predicate	64	1	fixture-android-03	1	0	0	1	0	200	1	1	63	1	0
graph-id-parameter-wrapped-contains-target-04-zero	graph-id	graph-id-parameter-wrapped-contains	zero	graph-id-parameter-equals-and-wrapped-contains	parameters	properties	200	fixture-android-04	fixture-android-04	1	72b2db3813782b7057457474cb692d1ab65cbced9ccd76e7a6348806a1a0fdd6	success	0	147	805c8c7334c868e18e2be84be95b83cc60895722d739c2b164a68be4cd410c49	195136			cypher-graph-id-predicate	64	1	fixture-android-04	1	0	0	1	0	1	1	1	63	1	0
graph-id-parameter-wrapped-contains-target-04-targeted	graph-id	graph-id-parameter-wrapped-contains	targeted	graph-id-parameter-equals-and-wrapped-contains	parameters	properties	200	fixture-android-04	fixture-android-04	1	72b2db3813782b7057457474cb692d1ab65cbced9ccd76e7a6348806a1a0fdd6	success	9	5762	527d81de9e8ca9f5fe9ad0166e1e1711fbccaf3c53281e7e95375f6d55e3a3c7	211666		fixture-android-04	cypher-graph-id-predicate	64	1	fixture-android-04	1	0	0	1	0	9	1	1	63	1	0
graph-id-parameter-wrapped-contains-target-04-dense	graph-id	graph-id-parameter-wrapped-contains	dense	graph-id-parameter-equals-and-wrapped-contains	parameters	properties	200	fixture-android-04	fixture-android-04	1	72b2db3813782b7057457474cb692d1ab65cbced9ccd76e7a6348806a1a0fdd6	success	200	86152	85d9bac3392391ae56f1f03af81d888f398336c8e33a1ef1e42c5409f746f730	438892		fixture-android-04	cypher-graph-id-predicate	64	1	fixture-android-04	1	0	0	1	0	200	1	1	63	1	0
graph-id-parameter-wrapped-contains-target-05-zero	graph-id	graph-id-parameter-wrapped-contains	zero	graph-id-parameter-equals-and-wrapped-contains	parameters	properties	200	fixture-android-05	fixture-android-05	1	9ccc65db4edf2ad696714957f6291e11ba1a158b062c135b909367736aa1cb91	success	0	147	805c8c7334c868e18e2be84be95b83cc60895722d739c2b164a68be4cd410c49	1900437			cypher-graph-id-predicate	64	1	fixture-android-05	1	0	0	1	0	1	1	1	63	1	0
graph-id-parameter-wrapped-contains-target-05-targeted	graph-id	graph-id-parameter-wrapped-contains	targeted	graph-id-parameter-equals-and-wrapped-contains	parameters	properties	200	fixture-android-05	fixture-android-05	1	9ccc65db4edf2ad696714957f6291e11ba1a158b062c135b909367736aa1cb91	success	9	5751	48fbef6ae3373a73cfbd3690497aae4d0773c2f4ddadb5d217061398978bcac5	157455		fixture-android-05	cypher-graph-id-predicate	64	1	fixture-android-05	1	0	0	1	0	9	1	1	63	1	0
graph-id-parameter-wrapped-contains-target-05-dense	graph-id	graph-id-parameter-wrapped-contains	dense	graph-id-parameter-equals-and-wrapped-contains	parameters	properties	200	fixture-android-05	fixture-android-05	1	9ccc65db4edf2ad696714957f6291e11ba1a158b062c135b909367736aa1cb91	success	200	90860	57ae61ccbdbf1e83a9ab8de2923c4ac26bcc634ed53a2f1c1a3ee3682afe8cd8	309079		fixture-android-05	cypher-graph-id-predicate	64	1	fixture-android-05	1	0	0	1	0	200	1	1	63	1	0
graph-id-parameter-wrapped-contains-target-06-zero	graph-id	graph-id-parameter-wrapped-contains	zero	graph-id-parameter-equals-and-wrapped-contains	parameters	properties	200	fixture-android-06	fixture-android-06	1	aef2397f89755e0b59e944f9b6062fb5611eea3ea4b05762643e082168bd9526	success	0	147	805c8c7334c868e18e2be84be95b83cc60895722d739c2b164a68be4cd410c49	171461			cypher-graph-id-predicate	64	1	fixture-android-06	1	0	0	1	0	1	1	1	63	1	0
graph-id-parameter-wrapped-contains-target-06-targeted	graph-id	graph-id-parameter-wrapped-contains	targeted	graph-id-parameter-equals-and-wrapped-contains	parameters	properties	200	fixture-android-06	fixture-android-06	1	aef2397f89755e0b59e944f9b6062fb5611eea3ea4b05762643e082168bd9526	success	1	734	2c8962bfda6df26238f145f32f089e1ccdb69cc26ea9c2fde590f543638ba060	161552		fixture-android-06	cypher-graph-id-predicate	64	1	fixture-android-06	1	0	0	1	0	1	1	1	63	1	0
graph-id-parameter-wrapped-contains-target-06-dense	graph-id	graph-id-parameter-wrapped-contains	dense	graph-id-parameter-equals-and-wrapped-contains	parameters	properties	200	fixture-android-06	fixture-android-06	1	aef2397f89755e0b59e944f9b6062fb5611eea3ea4b05762643e082168bd9526	success	200	83941	f7f169fb4cd9a2408b058d9e03502907fe0d9372ba70f2f3749aeaffa464e292	199544		fixture-android-06	cypher-graph-id-predicate	64	1	fixture-android-06	1	0	0	1	0	200	1	1	63	1	0
graph-id-parameter-wrapped-contains-target-07-zero	graph-id	graph-id-parameter-wrapped-contains	zero	graph-id-parameter-equals-and-wrapped-contains	parameters	properties	200	fixture-android-07	fixture-android-07	1	2884fe5070e6e70bd2c44e54af37c56e2cfd19343a8721d5b36093d7d1db0f7d	success	0	147	805c8c7334c868e18e2be84be95b83cc60895722d739c2b164a68be4cd410c49	130645			cypher-graph-id-predicate	64	1	fixture-android-07	1	0	0	1	0	1	1	1	63	1	0
graph-id-parameter-wrapped-contains-target-07-targeted	graph-id	graph-id-parameter-wrapped-contains	targeted	graph-id-parameter-equals-and-wrapped-contains	parameters	properties	200	fixture-android-07	fixture-android-07	1	2884fe5070e6e70bd2c44e54af37c56e2cfd19343a8721d5b36093d7d1db0f7d	success	1	762	d5674d7adcd2d58f93c5f2849f690003bc45d523850181c23ceaa0aacd7e6709	112881		fixture-android-07	cypher-graph-id-predicate	64	1	fixture-android-07	1	0	0	1	0	1	1	1	63	1	0
graph-id-parameter-wrapped-contains-target-07-dense	graph-id	graph-id-parameter-wrapped-contains	dense	graph-id-parameter-equals-and-wrapped-contains	parameters	properties	200	fixture-android-07	fixture-android-07	1	2884fe5070e6e70bd2c44e54af37c56e2cfd19343a8721d5b36093d7d1db0f7d	success	200	84999	35604ee2a3d19ee64c97fa99f4be154714c60028f948c7a23f75b925d4520a5d	170619		fixture-android-07	cypher-graph-id-predicate	64	1	fixture-android-07	1	0	0	1	0	200	1	1	63	1	0
graph-id-parameter-wrapped-contains-target-08-zero	graph-id	graph-id-parameter-wrapped-contains	zero	graph-id-parameter-equals-and-wrapped-contains	parameters	properties	200	fixture-android-08	fixture-android-08	1	25fcd87fe0d089932a1b7f325e822252e3042b73178c7aa80e1c0d12bcef2e47	success	0	147	805c8c7334c868e18e2be84be95b83cc60895722d739c2b164a68be4cd410c49	119183			cypher-graph-id-predicate	64	1	fixture-android-08	1	0	0	1	0	1	1	1	63	1	0
graph-id-parameter-wrapped-contains-target-08-targeted	graph-id	graph-id-parameter-wrapped-contains	targeted	graph-id-parameter-equals-and-wrapped-contains	parameters	properties	200	fixture-android-08	fixture-android-08	1	25fcd87fe0d089932a1b7f325e822252e3042b73178c7aa80e1c0d12bcef2e47	success	2	1322	4b49b28d836e57c2c3f8d43a93acd00a93b169fcd603338f9ab350f541e9665c	119784		fixture-android-08	cypher-graph-id-predicate	64	1	fixture-android-08	1	0	0	1	0	2	1	1	63	1	0
graph-id-parameter-wrapped-contains-target-08-dense	graph-id	graph-id-parameter-wrapped-contains	dense	graph-id-parameter-equals-and-wrapped-contains	parameters	properties	200	fixture-android-08	fixture-android-08	1	25fcd87fe0d089932a1b7f325e822252e3042b73178c7aa80e1c0d12bcef2e47	success	200	85531	ed34441ff634f19c276911a1fa193106a9070fde1065b57fc7ec71132b8d5f66	197921		fixture-android-08	cypher-graph-id-predicate	64	1	fixture-android-08	1	0	0	1	0	200	1	1	63	1	0
graph-id-parameter-wrapped-contains-target-09-zero	graph-id	graph-id-parameter-wrapped-contains	zero	graph-id-parameter-equals-and-wrapped-contains	parameters	properties	200	fixture-android-09	fixture-android-09	1	976770abc561e74e52c74c7f3b827fe70800ef502defdde9a4fa534aa511bd33	success	0	147	805c8c7334c868e18e2be84be95b83cc60895722d739c2b164a68be4cd410c49	131526			cypher-graph-id-predicate	64	1	fixture-android-09	1	0	0	1	0	1	1	1	63	1	0
graph-id-parameter-wrapped-contains-target-09-targeted	graph-id	graph-id-parameter-wrapped-contains	targeted	graph-id-parameter-equals-and-wrapped-contains	parameters	properties	200	fixture-android-09	fixture-android-09	1	976770abc561e74e52c74c7f3b827fe70800ef502defdde9a4fa534aa511bd33	success	1	758	cd83129b7654f9c1ac40c94032a03833f5b559e4d6d903ce58c899d274674334	146123		fixture-android-09	cypher-graph-id-predicate	64	1	fixture-android-09	1	0	0	1	0	1	1	1	63	1	0
graph-id-parameter-wrapped-contains-target-09-dense	graph-id	graph-id-parameter-wrapped-contains	dense	graph-id-parameter-equals-and-wrapped-contains	parameters	properties	200	fixture-android-09	fixture-android-09	1	976770abc561e74e52c74c7f3b827fe70800ef502defdde9a4fa534aa511bd33	success	200	84710	8302a9dc08d5cf465b56333dad5757a62c24d743692acbdbf8e81919ebd097a0	184605		fixture-android-09	cypher-graph-id-predicate	64	1	fixture-android-09	1	0	0	1	0	200	1	1	63	1	0
graph-id-parameter-wrapped-contains-target-10-zero	graph-id	graph-id-parameter-wrapped-contains	zero	graph-id-parameter-equals-and-wrapped-contains	parameters	properties	200	fixture-android-10	fixture-android-10	1	b80280988a4b3197bdd2348d3550b46e5d99e01f6e4a1abcb8668612b4a7bcf1	success	0	147	805c8c7334c868e18e2be84be95b83cc60895722d739c2b164a68be4cd410c49	134672			cypher-graph-id-predicate	64	1	fixture-android-10	1	0	0	1	0	1	1	1	63	1	0
graph-id-parameter-wrapped-contains-target-10-targeted	graph-id	graph-id-parameter-wrapped-contains	targeted	graph-id-parameter-equals-and-wrapped-contains	parameters	properties	200	fixture-android-10	fixture-android-10	1	b80280988a4b3197bdd2348d3550b46e5d99e01f6e4a1abcb8668612b4a7bcf1	success	1	821	f3f4d5fb39ff9fde7dcf6d88e4f52bcc4c277ed98626ccca0b17c4ddbb20b035	107301		fixture-android-10	cypher-graph-id-predicate	64	1	fixture-android-10	1	0	0	1	0	1	1	1	63	1	0
graph-id-parameter-wrapped-contains-target-10-dense	graph-id	graph-id-parameter-wrapped-contains	dense	graph-id-parameter-equals-and-wrapped-contains	parameters	properties	200	fixture-android-10	fixture-android-10	1	b80280988a4b3197bdd2348d3550b46e5d99e01f6e4a1abcb8668612b4a7bcf1	success	200	86914	eec30bd784e53b80ccd384559e9d1f853b8152ad8db90ad1f27d391bf03fc0d8	180158		fixture-android-10	cypher-graph-id-predicate	64	1	fixture-android-10	1	0	0	1	0	200	1	1	63	1	0
graph-id-parameter-wrapped-contains-target-11-zero	graph-id	graph-id-parameter-wrapped-contains	zero	graph-id-parameter-equals-and-wrapped-contains	parameters	properties	200	fixture-android-11	fixture-android-11	1	ff7c9f064acf1b8f0c7104242efebdb73dfcc6db0739150c3d56bcc4ebbfb47f	success	0	147	805c8c7334c868e18e2be84be95b83cc60895722d739c2b164a68be4cd410c49	163766			cypher-graph-id-predicate	64	1	fixture-android-11	1	0	0	1	0	1	1	1	63	1	0
graph-id-parameter-wrapped-contains-target-11-targeted	graph-id	graph-id-parameter-wrapped-contains	targeted	graph-id-parameter-equals-and-wrapped-contains	parameters	properties	200	fixture-android-11	fixture-android-11	1	ff7c9f064acf1b8f0c7104242efebdb73dfcc6db0739150c3d56bcc4ebbfb47f	success	1	758	f8ea31527e372a7d8e0f896bc894b97d788067aa20d0af371a4239382f72a4d1	159117		fixture-android-11	cypher-graph-id-predicate	64	1	fixture-android-11	1	0	0	1	0	1	1	1	63	1	0
graph-id-parameter-wrapped-contains-target-11-dense	graph-id	graph-id-parameter-wrapped-contains	dense	graph-id-parameter-equals-and-wrapped-contains	parameters	properties	200	fixture-android-11	fixture-android-11	1	ff7c9f064acf1b8f0c7104242efebdb73dfcc6db0739150c3d56bcc4ebbfb47f	success	200	84862	36598e3ab73085dce50e849dda8b6a32b1088eab3f02f052e9536f16613b5d4b	198922		fixture-android-11	cypher-graph-id-predicate	64	1	fixture-android-11	1	0	0	1	0	200	1	1	63	1	0
graph-id-parameter-wrapped-contains-target-12-zero	graph-id	graph-id-parameter-wrapped-contains	zero	graph-id-parameter-equals-and-wrapped-contains	parameters	properties	200	fixture-android-12	fixture-android-12	1	fbfd92bdb617f8eef3c84ce77e1116d4f0d1116a40b9fc543770c1a430e829ec	success	0	147	805c8c7334c868e18e2be84be95b83cc60895722d739c2b164a68be4cd410c49	131877			cypher-graph-id-predicate	64	1	fixture-android-12	1	0	0	1	0	1	1	1	63	1	0
graph-id-parameter-wrapped-contains-target-12-targeted	graph-id	graph-id-parameter-wrapped-contains	targeted	graph-id-parameter-equals-and-wrapped-contains	parameters	properties	200	fixture-android-12	fixture-android-12	1	fbfd92bdb617f8eef3c84ce77e1116d4f0d1116a40b9fc543770c1a430e829ec	success	2	1348	569ba2c2d8626f5c6804b713aa9f9bd5155648246e0bb082ab37cf407a3ccee9	129392		fixture-android-12	cypher-graph-id-predicate	64	1	fixture-android-12	1	0	0	1	0	2	1	1	63	1	0
graph-id-parameter-wrapped-contains-target-12-dense	graph-id	graph-id-parameter-wrapped-contains	dense	graph-id-parameter-equals-and-wrapped-contains	parameters	properties	200	fixture-android-12	fixture-android-12	1	fbfd92bdb617f8eef3c84ce77e1116d4f0d1116a40b9fc543770c1a430e829ec	success	200	85894	f22afa8ccaad259750ce50e850502822308b2565f707f284de32cd44d5ef328a	243997		fixture-android-12	cypher-graph-id-predicate	64	1	fixture-android-12	1	0	0	1	0	200	1	1	63	1	0
graph-id-parameter-wrapped-contains-target-13-zero	graph-id	graph-id-parameter-wrapped-contains	zero	graph-id-parameter-equals-and-wrapped-contains	parameters	properties	200	fixture-android-13	fixture-android-13	1	99b23d6e37ddba640f96acd0d7b903185c9b38cc0e6df93374f9fe569bbc4c38	success	0	147	805c8c7334c868e18e2be84be95b83cc60895722d739c2b164a68be4cd410c49	128901			cypher-graph-id-predicate	64	1	fixture-android-13	1	0	0	1	0	1	1	1	63	1	0
graph-id-parameter-wrapped-contains-target-13-targeted	graph-id	graph-id-parameter-wrapped-contains	targeted	graph-id-parameter-equals-and-wrapped-contains	parameters	properties	200	fixture-android-13	fixture-android-13	1	99b23d6e37ddba640f96acd0d7b903185c9b38cc0e6df93374f9fe569bbc4c38	success	5	2824	ebb699b5b0554cc639408add00ca9d9aae37f3553c5e6ea606cb7e66e171933f	137949		fixture-android-13	cypher-graph-id-predicate	64	1	fixture-android-13	1	0	0	1	0	5	1	1	63	1	0
graph-id-parameter-wrapped-contains-target-13-dense	graph-id	graph-id-parameter-wrapped-contains	dense	graph-id-parameter-equals-and-wrapped-contains	parameters	properties	200	fixture-android-13	fixture-android-13	1	99b23d6e37ddba640f96acd0d7b903185c9b38cc0e6df93374f9fe569bbc4c38	success	200	86344	2e714969993f2a86ba5c715dc52b2c7d6dbaed9b2320da2399ecdf29ec9f1e4e	307475		fixture-android-13	cypher-graph-id-predicate	64	1	fixture-android-13	1	0	0	1	0	200	1	1	63	1	0
graph-id-parameter-wrapped-contains-target-14-zero	graph-id	graph-id-parameter-wrapped-contains	zero	graph-id-parameter-equals-and-wrapped-contains	parameters	properties	200	fixture-android-14	fixture-android-14	1	caf42d54ef3437f216c963929327ed5ef3f52ce080fa2be4c3305c2370617ab1	success	0	147	805c8c7334c868e18e2be84be95b83cc60895722d739c2b164a68be4cd410c49	166892			cypher-graph-id-predicate	64	1	fixture-android-14	1	0	0	1	0	1	1	1	63	1	0
graph-id-parameter-wrapped-contains-target-14-targeted	graph-id	graph-id-parameter-wrapped-contains	targeted	graph-id-parameter-equals-and-wrapped-contains	parameters	properties	200	fixture-android-14	fixture-android-14	1	caf42d54ef3437f216c963929327ed5ef3f52ce080fa2be4c3305c2370617ab1	success	3	1887	cfce92c06f8a0a93444f0ec3592aad57c255799cc7a1286e673f5c8cc3173d20	182461		fixture-android-14	cypher-graph-id-predicate	64	1	fixture-android-14	1	0	0	1	0	3	1	1	63	1	0
graph-id-parameter-wrapped-contains-target-14-dense	graph-id	graph-id-parameter-wrapped-contains	dense	graph-id-parameter-equals-and-wrapped-contains	parameters	properties	200	fixture-android-14	fixture-android-14	1	caf42d54ef3437f216c963929327ed5ef3f52ce080fa2be4c3305c2370617ab1	success	200	88102	f384f54b9e0494c603dd9e83eb2ca0ad0386a359a2e1d6a356e225c072977e41	244097		fixture-android-14	cypher-graph-id-predicate	64	1	fixture-android-14	1	0	0	1	0	200	1	1	63	1	0
graph-id-parameter-wrapped-contains-target-15-zero	graph-id	graph-id-parameter-wrapped-contains	zero	graph-id-parameter-equals-and-wrapped-contains	parameters	properties	200	fixture-android-15	fixture-android-15	1	396286291622042417a1e42f88e1a07f9e973d88a4b45b59c7408d3e8fe8e4cd	success	0	147	805c8c7334c868e18e2be84be95b83cc60895722d739c2b164a68be4cd410c49	137808			cypher-graph-id-predicate	64	1	fixture-android-15	1	0	0	1	0	1	1	1	63	1	0
graph-id-parameter-wrapped-contains-target-15-targeted	graph-id	graph-id-parameter-wrapped-contains	targeted	graph-id-parameter-equals-and-wrapped-contains	parameters	properties	200	fixture-android-15	fixture-android-15	1	396286291622042417a1e42f88e1a07f9e973d88a4b45b59c7408d3e8fe8e4cd	success	1	765	ae20f86c5a0d43140079bdbb52041ad145178823d6189b8171bbe58dc0d82dcc	153858		fixture-android-15	cypher-graph-id-predicate	64	1	fixture-android-15	1	0	0	1	0	1	1	1	63	1	0
graph-id-parameter-wrapped-contains-target-15-dense	graph-id	graph-id-parameter-wrapped-contains	dense	graph-id-parameter-equals-and-wrapped-contains	parameters	properties	200	fixture-android-15	fixture-android-15	1	396286291622042417a1e42f88e1a07f9e973d88a4b45b59c7408d3e8fe8e4cd	success	200	82358	6db1e45464dd1e42fc627a3ee68393b586d132e4817f87f1da72cb180e7925bb	198401		fixture-android-15	cypher-graph-id-predicate	64	1	fixture-android-15	1	0	0	1	0	200	1	1	63	1	0
graph-id-parameter-wrapped-contains-target-16-zero	graph-id	graph-id-parameter-wrapped-contains	zero	graph-id-parameter-equals-and-wrapped-contains	parameters	properties	200	fixture-tika-00	fixture-tika-00	1	3ffa856892be3e0263f2c72254cefdb4bafce48e10eea2a8426b6af88f144658	success	0	147	805c8c7334c868e18e2be84be95b83cc60895722d739c2b164a68be4cd410c49	132849			cypher-graph-id-predicate	64	1	fixture-tika-00	1	0	0	1	0	1	1	1	63	1	0
graph-id-parameter-wrapped-contains-target-16-targeted	graph-id	graph-id-parameter-wrapped-contains	targeted	graph-id-parameter-equals-and-wrapped-contains	parameters	properties	200	fixture-tika-00	fixture-tika-00	1	3ffa856892be3e0263f2c72254cefdb4bafce48e10eea2a8426b6af88f144658	success	1	771	41ad9b5110585bc89df35b9d0a0c6bd66daaf6c239b4212552d078b2f2a28c34	134632		fixture-tika-00	cypher-graph-id-predicate	64	1	fixture-tika-00	1	0	0	1	0	1	1	1	63	1	0
graph-id-parameter-wrapped-contains-target-16-dense	graph-id	graph-id-parameter-wrapped-contains	dense	graph-id-parameter-equals-and-wrapped-contains	parameters	properties	200	fixture-tika-00	fixture-tika-00	1	3ffa856892be3e0263f2c72254cefdb4bafce48e10eea2a8426b6af88f144658	success	200	94237	51b180cd96740a311cc61165baa84cc05517b2f28ac6c70debc25f8e14514414	203220		fixture-tika-00	cypher-graph-id-predicate	64	1	fixture-tika-00	1	0	0	1	0	200	1	1	63	1	0
graph-id-parameter-wrapped-contains-target-17-zero	graph-id	graph-id-parameter-wrapped-contains	zero	graph-id-parameter-equals-and-wrapped-contains	parameters	properties	200	fixture-tika-01	fixture-tika-01	1	5bd11253ba6bcbac28c2d0805dbd50585f63593fbbabbc299bce9c8b5e4238f0	success	0	147	805c8c7334c868e18e2be84be95b83cc60895722d739c2b164a68be4cd410c49	135624			cypher-graph-id-predicate	64	1	fixture-tika-01	1	0	0	1	0	1	1	1	63	1	0
graph-id-parameter-wrapped-contains-target-17-targeted	graph-id	graph-id-parameter-wrapped-contains	targeted	graph-id-parameter-equals-and-wrapped-contains	parameters	properties	200	fixture-tika-01	fixture-tika-01	1	5bd11253ba6bcbac28c2d0805dbd50585f63593fbbabbc299bce9c8b5e4238f0	success	5	2976	7d286938fe2f40cd4cb86cd26be11c3221bfff86202fa9b705bdc1c77967743f	135624		fixture-tika-01	cypher-graph-id-predicate	64	1	fixture-tika-01	1	0	0	1	0	5	1	1	63	1	0
graph-id-parameter-wrapped-contains-target-17-dense	graph-id	graph-id-parameter-wrapped-contains	dense	graph-id-parameter-equals-and-wrapped-contains	parameters	properties	200	fixture-tika-01	fixture-tika-01	1	5bd11253ba6bcbac28c2d0805dbd50585f63593fbbabbc299bce9c8b5e4238f0	success	200	92381	87c915d88746be4a40b85e67e7de71966365a455358cc138185e5c1f5bcf1251	234539		fixture-tika-01	cypher-graph-id-predicate	64	1	fixture-tika-01	1	0	0	1	0	200	1	1	63	1	0
graph-id-parameter-wrapped-contains-target-18-zero	graph-id	graph-id-parameter-wrapped-contains	zero	graph-id-parameter-equals-and-wrapped-contains	parameters	properties	200	fixture-tika-02	fixture-tika-02	1	4f53553340fcd09378fe28c9d287d1bd3c78d0e5004534ad87493f082178a0db	success	0	147	805c8c7334c868e18e2be84be95b83cc60895722d739c2b164a68be4cd410c49	138940			cypher-graph-id-predicate	64	1	fixture-tika-02	1	0	0	1	0	1	1	1	63	1	0
graph-id-parameter-wrapped-contains-target-18-targeted	graph-id	graph-id-parameter-wrapped-contains	targeted	graph-id-parameter-equals-and-wrapped-contains	parameters	properties	200	fixture-tika-02	fixture-tika-02	1	4f53553340fcd09378fe28c9d287d1bd3c78d0e5004534ad87493f082178a0db	success	12	6781	abf0682228739bdef1eb0d4b5b1449d7697f9412e644bd07a974f6e04213652e	140803		fixture-tika-02	cypher-graph-id-predicate	64	1	fixture-tika-02	1	0	0	1	0	12	1	1	63	1	0
graph-id-parameter-wrapped-contains-target-18-dense	graph-id	graph-id-parameter-wrapped-contains	dense	graph-id-parameter-equals-and-wrapped-contains	parameters	properties	200	fixture-tika-02	fixture-tika-02	1	4f53553340fcd09378fe28c9d287d1bd3c78d0e5004534ad87493f082178a0db	success	200	95198	7d65fbc43e0cf8a1d4323c709e6963c32bdea3f389f5b683f619eee1fd79dc90	207729		fixture-tika-02	cypher-graph-id-predicate	64	1	fixture-tika-02	1	0	0	1	0	200	1	1	63	1	0
graph-id-parameter-wrapped-contains-target-19-zero	graph-id	graph-id-parameter-wrapped-contains	zero	graph-id-parameter-equals-and-wrapped-contains	parameters	properties	200	fixture-tika-03	fixture-tika-03	1	e68986e5919884640710cc61d8f44310a6d888f55992390edbcc7ae70b8b8fa8	success	0	147	805c8c7334c868e18e2be84be95b83cc60895722d739c2b164a68be4cd410c49	133119			cypher-graph-id-predicate	64	1	fixture-tika-03	1	0	0	1	0	1	1	1	63	1	0
graph-id-parameter-wrapped-contains-target-19-targeted	graph-id	graph-id-parameter-wrapped-contains	targeted	graph-id-parameter-equals-and-wrapped-contains	parameters	properties	200	fixture-tika-03	fixture-tika-03	1	e68986e5919884640710cc61d8f44310a6d888f55992390edbcc7ae70b8b8fa8	success	11	6327	72232d5a8299b69c619beb4cebd0967a4ca8f1378844d7914f795f7c5126cc48	138519		fixture-tika-03	cypher-graph-id-predicate	64	1	fixture-tika-03	1	0	0	1	0	11	1	1	63	1	0
graph-id-parameter-wrapped-contains-target-19-dense	graph-id	graph-id-parameter-wrapped-contains	dense	graph-id-parameter-equals-and-wrapped-contains	parameters	properties	200	fixture-tika-03	fixture-tika-03	1	e68986e5919884640710cc61d8f44310a6d888f55992390edbcc7ae70b8b8fa8	success	200	96673	6ab8193cda24a8f589b0e7412ffcc3549afc3180a092c899437bb3ef2f8324ef	196367		fixture-tika-03	cypher-graph-id-predicate	64	1	fixture-tika-03	1	0	0	1	0	200	1	1	63	1	0
graph-id-parameter-wrapped-contains-target-20-zero	graph-id	graph-id-parameter-wrapped-contains	zero	graph-id-parameter-equals-and-wrapped-contains	parameters	properties	200	fixture-tika-04	fixture-tika-04	1	2d9d29e96c28d6df21e1933cc2da3a076217ec4c30461070c5e997e04aa952cb	success	0	147	805c8c7334c868e18e2be84be95b83cc60895722d739c2b164a68be4cd410c49	130644			cypher-graph-id-predicate	64	1	fixture-tika-04	1	0	0	1	0	1	1	1	63	1	0
graph-id-parameter-wrapped-contains-target-20-targeted	graph-id	graph-id-parameter-wrapped-contains	targeted	graph-id-parameter-equals-and-wrapped-contains	parameters	properties	200	fixture-tika-04	fixture-tika-04	1	2d9d29e96c28d6df21e1933cc2da3a076217ec4c30461070c5e997e04aa952cb	success	1	763	7811e1c0f64fb9174b112349d7a5f89fec8a71f59a6b66db3b1e97241f5dc93c	153086		fixture-tika-04	cypher-graph-id-predicate	64	1	fixture-tika-04	1	0	0	1	0	1	1	1	63	1	0
graph-id-parameter-wrapped-contains-target-20-dense	graph-id	graph-id-parameter-wrapped-contains	dense	graph-id-parameter-equals-and-wrapped-contains	parameters	properties	200	fixture-tika-04	fixture-tika-04	1	2d9d29e96c28d6df21e1933cc2da3a076217ec4c30461070c5e997e04aa952cb	success	200	91604	a93cd6116bda146e01916f4ab7d54aa664da5b5c2287de109c82d6c48fcd38f8	305051		fixture-tika-04	cypher-graph-id-predicate	64	1	fixture-tika-04	1	0	0	1	0	200	1	1	63	1	0
graph-id-parameter-wrapped-contains-target-21-zero	graph-id	graph-id-parameter-wrapped-contains	zero	graph-id-parameter-equals-and-wrapped-contains	parameters	properties	200	fixture-tika-05	fixture-tika-05	1	a70ca503c8d7edc9fd5b26430e9c4bd9517cfcf9084469733cfeff8a4fef63f8	success	0	147	805c8c7334c868e18e2be84be95b83cc60895722d739c2b164a68be4cd410c49	196338			cypher-graph-id-predicate	64	1	fixture-tika-05	1	0	0	1	0	1	1	1	63	1	0
graph-id-parameter-wrapped-contains-target-21-targeted	graph-id	graph-id-parameter-wrapped-contains	targeted	graph-id-parameter-equals-and-wrapped-contains	parameters	properties	200	fixture-tika-05	fixture-tika-05	1	a70ca503c8d7edc9fd5b26430e9c4bd9517cfcf9084469733cfeff8a4fef63f8	success	1	765	1cf450577b12b3b6a7c19f53479709a92a169add0c4f9defecbc55254bf8d5b3	155170		fixture-tika-05	cypher-graph-id-predicate	64	1	fixture-tika-05	1	0	0	1	0	1	1	1	63	1	0
graph-id-parameter-wrapped-contains-target-21-dense	graph-id	graph-id-parameter-wrapped-contains	dense	graph-id-parameter-equals-and-wrapped-contains	parameters	properties	200	fixture-tika-05	fixture-tika-05	1	a70ca503c8d7edc9fd5b26430e9c4bd9517cfcf9084469733cfeff8a4fef63f8	success	200	96334	eb6b03599a26f520b43896ee6af6cb6d2a3ec0783b66a0bcb29642b029a4b6eb	236482		fixture-tika-05	cypher-graph-id-predicate	64	1	fixture-tika-05	1	0	0	1	0	200	1	1	63	1	0
graph-id-parameter-wrapped-contains-target-22-zero	graph-id	graph-id-parameter-wrapped-contains	zero	graph-id-parameter-equals-and-wrapped-contains	parameters	properties	200	fixture-tika-06	fixture-tika-06	1	629a75c155a37bcac72d6d131b20156694ded2e8aa1abe1c7f03ac03374020b7	success	0	147	805c8c7334c868e18e2be84be95b83cc60895722d739c2b164a68be4cd410c49	129843			cypher-graph-id-predicate	64	1	fixture-tika-06	1	0	0	1	0	1	1	1	63	1	0
graph-id-parameter-wrapped-contains-target-22-targeted	graph-id	graph-id-parameter-wrapped-contains	targeted	graph-id-parameter-equals-and-wrapped-contains	parameters	properties	200	fixture-tika-06	fixture-tika-06	1	629a75c155a37bcac72d6d131b20156694ded2e8aa1abe1c7f03ac03374020b7	success	11	6331	43d88524d9da26840d520d8260a6801a2d864c2023e9806c3df4a5e673a5fd66	153607		fixture-tika-06	cypher-graph-id-predicate	64	1	fixture-tika-06	1	0	0	1	0	11	1	1	63	1	0
graph-id-parameter-wrapped-contains-target-22-dense	graph-id	graph-id-parameter-wrapped-contains	dense	graph-id-parameter-equals-and-wrapped-contains	parameters	properties	200	fixture-tika-06	fixture-tika-06	1	629a75c155a37bcac72d6d131b20156694ded2e8aa1abe1c7f03ac03374020b7	success	200	98397	b1cc908cf8cd6a2354b320afca9ad225990c59be93a53ddc3912afb3b0d46d7b	224169		fixture-tika-06	cypher-graph-id-predicate	64	1	fixture-tika-06	1	0	0	1	0	200	1	1	63	1	0
graph-id-parameter-wrapped-contains-target-23-zero	graph-id	graph-id-parameter-wrapped-contains	zero	graph-id-parameter-equals-and-wrapped-contains	parameters	properties	200	fixture-tika-07	fixture-tika-07	1	1f60bc193af0a0c32ae2bc0a840b7da98c896a5343d2d4a4871500ea55b0d8a0	success	0	147	805c8c7334c868e18e2be84be95b83cc60895722d739c2b164a68be4cd410c49	138900			cypher-graph-id-predicate	64	1	fixture-tika-07	1	0	0	1	0	1	1	1	63	1	0
graph-id-parameter-wrapped-contains-target-23-targeted	graph-id	graph-id-parameter-wrapped-contains	targeted	graph-id-parameter-equals-and-wrapped-contains	parameters	properties	200	fixture-tika-07	fixture-tika-07	1	1f60bc193af0a0c32ae2bc0a840b7da98c896a5343d2d4a4871500ea55b0d8a0	success	11	6135	718b52d4d32659cb9b39b84bdb87d6226a9be4436e73fa316936d1333dfa50c0	139090		fixture-tika-07	cypher-graph-id-predicate	64	1	fixture-tika-07	1	0	0	1	0	11	1	1	63	1	0
graph-id-parameter-wrapped-contains-target-23-dense	graph-id	graph-id-parameter-wrapped-contains	dense	graph-id-parameter-equals-and-wrapped-contains	parameters	properties	200	fixture-tika-07	fixture-tika-07	1	1f60bc193af0a0c32ae2bc0a840b7da98c896a5343d2d4a4871500ea55b0d8a0	success	200	95056	d5aa9163a912371065002f30549de9cefea57af859f009a275e381b0a849633e	270787		fixture-tika-07	cypher-graph-id-predicate	64	1	fixture-tika-07	1	0	0	1	0	200	1	1	63	1	0
graph-id-parameter-wrapped-contains-target-24-zero	graph-id	graph-id-parameter-wrapped-contains	zero	graph-id-parameter-equals-and-wrapped-contains	parameters	properties	200	fixture-tika-08	fixture-tika-08	1	e9768e2189edf3079c0f4ce1fe9374fe3873b9ef6253d25bd7952c9e3f9e2f89	success	0	147	805c8c7334c868e18e2be84be95b83cc60895722d739c2b164a68be4cd410c49	189124			cypher-graph-id-predicate	64	1	fixture-tika-08	1	0	0	1	0	1	1	1	63	1	0
graph-id-parameter-wrapped-contains-target-24-targeted	graph-id	graph-id-parameter-wrapped-contains	targeted	graph-id-parameter-equals-and-wrapped-contains	parameters	properties	200	fixture-tika-08	fixture-tika-08	1	e9768e2189edf3079c0f4ce1fe9374fe3873b9ef6253d25bd7952c9e3f9e2f89	success	1	754	033650595463ffba6f1f515fc8a38ba023fdd37a0e2442442be40f2d8baee0b4	161913		fixture-tika-08	cypher-graph-id-predicate	64	1	fixture-tika-08	1	0	0	1	0	1	1	1	63	1	0
graph-id-parameter-wrapped-contains-target-24-dense	graph-id	graph-id-parameter-wrapped-contains	dense	graph-id-parameter-equals-and-wrapped-contains	parameters	properties	200	fixture-tika-08	fixture-tika-08	1	e9768e2189edf3079c0f4ce1fe9374fe3873b9ef6253d25bd7952c9e3f9e2f89	success	200	96144	13cc3d04be15c5d98101b6676211e0260c08571becd6cbc7be1dcfad1b7efce8	206376		fixture-tika-08	cypher-graph-id-predicate	64	1	fixture-tika-08	1	0	0	1	0	200	1	1	63	1	0
graph-id-parameter-wrapped-contains-target-25-zero	graph-id	graph-id-parameter-wrapped-contains	zero	graph-id-parameter-equals-and-wrapped-contains	parameters	properties	200	fixture-tika-09	fixture-tika-09	1	f96e2b0b7f375cf347f289b0d59b047835095d1452b52dcff16ad07fa5ff5aaa	success	0	147	805c8c7334c868e18e2be84be95b83cc60895722d739c2b164a68be4cd410c49	147566			cypher-graph-id-predicate	64	1	fixture-tika-09	1	0	0	1	0	1	1	1	63	1	0
graph-id-parameter-wrapped-contains-target-25-targeted	graph-id	graph-id-parameter-wrapped-contains	targeted	graph-id-parameter-equals-and-wrapped-contains	parameters	properties	200	fixture-tika-09	fixture-tika-09	1	f96e2b0b7f375cf347f289b0d59b047835095d1452b52dcff16ad07fa5ff5aaa	success	17	9434	57a7fb26e2c1557848eddaabb17076d92c9b2ef2e0ff6b92be3de4374fe1fa9b	144491		fixture-tika-09	cypher-graph-id-predicate	64	1	fixture-tika-09	1	0	0	1	0	17	1	1	63	1	0
graph-id-parameter-wrapped-contains-target-25-dense	graph-id	graph-id-parameter-wrapped-contains	dense	graph-id-parameter-equals-and-wrapped-contains	parameters	properties	200	fixture-tika-09	fixture-tika-09	1	f96e2b0b7f375cf347f289b0d59b047835095d1452b52dcff16ad07fa5ff5aaa	success	200	90260	d606d19bfcb83b224b953bd70176bc52dc06d427ef6ab3d0cc311bc6ed6fc260	235651		fixture-tika-09	cypher-graph-id-predicate	64	1	fixture-tika-09	1	0	0	1	0	200	1	1	63	1	0
graph-id-parameter-wrapped-contains-target-26-zero	graph-id	graph-id-parameter-wrapped-contains	zero	graph-id-parameter-equals-and-wrapped-contains	parameters	properties	200	fixture-tika-10	fixture-tika-10	1	724e820888f0db8884af940cbe8a364f2dce6bfc9b2c72fb09abe933fa439c0c	success	0	147	805c8c7334c868e18e2be84be95b83cc60895722d739c2b164a68be4cd410c49	132107			cypher-graph-id-predicate	64	1	fixture-tika-10	1	0	0	1	0	1	1	1	63	1	0
graph-id-parameter-wrapped-contains-target-26-targeted	graph-id	graph-id-parameter-wrapped-contains	targeted	graph-id-parameter-equals-and-wrapped-contains	parameters	properties	200	fixture-tika-10	fixture-tika-10	1	724e820888f0db8884af940cbe8a364f2dce6bfc9b2c72fb09abe933fa439c0c	success	1	791	550bd45f802381cb65ea30928a856fc0c2bc207cbfc2a147aad4312130548c9a	130995		fixture-tika-10	cypher-graph-id-predicate	64	1	fixture-tika-10	1	0	0	1	0	1	1	1	63	1	0
graph-id-parameter-wrapped-contains-target-26-dense	graph-id	graph-id-parameter-wrapped-contains	dense	graph-id-parameter-equals-and-wrapped-contains	parameters	properties	200	fixture-tika-10	fixture-tika-10	1	724e820888f0db8884af940cbe8a364f2dce6bfc9b2c72fb09abe933fa439c0c	success	200	96089	d0bdae62973cb737c05eda37d83d6fd7dea4520a7f87acdd4ed9a2fba1f97888	201196		fixture-tika-10	cypher-graph-id-predicate	64	1	fixture-tika-10	1	0	0	1	0	200	1	1	63	1	0
graph-id-parameter-wrapped-contains-target-27-zero	graph-id	graph-id-parameter-wrapped-contains	zero	graph-id-parameter-equals-and-wrapped-contains	parameters	properties	200	fixture-tika-11	fixture-tika-11	1	947144f7fe63615dab1057f152a266b87c870ae6b1d136ebead3ef2860ecaaf9	success	0	147	805c8c7334c868e18e2be84be95b83cc60895722d739c2b164a68be4cd410c49	132167			cypher-graph-id-predicate	64	1	fixture-tika-11	1	0	0	1	0	1	1	1	63	1	0
graph-id-parameter-wrapped-contains-target-27-targeted	graph-id	graph-id-parameter-wrapped-contains	targeted	graph-id-parameter-equals-and-wrapped-contains	parameters	properties	200	fixture-tika-11	fixture-tika-11	1	947144f7fe63615dab1057f152a266b87c870ae6b1d136ebead3ef2860ecaaf9	success	14	8030	e1858d468e2cee9daff29f91791894b539cc1c9bfb8d57bb0eaa364a24ec0f04	141104		fixture-tika-11	cypher-graph-id-predicate	64	1	fixture-tika-11	1	0	0	1	0	14	1	1	63	1	0
graph-id-parameter-wrapped-contains-target-27-dense	graph-id	graph-id-parameter-wrapped-contains	dense	graph-id-parameter-equals-and-wrapped-contains	parameters	properties	200	fixture-tika-11	fixture-tika-11	1	947144f7fe63615dab1057f152a266b87c870ae6b1d136ebead3ef2860ecaaf9	success	200	95559	bcb492a91a247979acd291eaea381c0db6d952c0baff29193145ae7356b00907	201667		fixture-tika-11	cypher-graph-id-predicate	64	1	fixture-tika-11	1	0	0	1	0	200	1	1	63	1	0
graph-id-parameter-wrapped-contains-target-28-zero	graph-id	graph-id-parameter-wrapped-contains	zero	graph-id-parameter-equals-and-wrapped-contains	parameters	properties	200	fixture-tika-12	fixture-tika-12	1	333b320af3f398d083e1d44b1a79e54fa546da12ce118f18db6f7cc3387398c8	success	0	147	805c8c7334c868e18e2be84be95b83cc60895722d739c2b164a68be4cd410c49	138760			cypher-graph-id-predicate	64	1	fixture-tika-12	1	0	0	1	0	1	1	1	63	1	0
graph-id-parameter-wrapped-contains-target-28-targeted	graph-id	graph-id-parameter-wrapped-contains	targeted	graph-id-parameter-equals-and-wrapped-contains	parameters	properties	200	fixture-tika-12	fixture-tika-12	1	333b320af3f398d083e1d44b1a79e54fa546da12ce118f18db6f7cc3387398c8	success	12	6370	8871e0dc77f7df7110f742adaac439b8d2f4e912a3a21e1793fda026e0955f9b	166682		fixture-tika-12	cypher-graph-id-predicate	64	1	fixture-tika-12	1	0	0	1	0	12	1	1	63	1	0
graph-id-parameter-wrapped-contains-target-28-dense	graph-id	graph-id-parameter-wrapped-contains	dense	graph-id-parameter-equals-and-wrapped-contains	parameters	properties	200	fixture-tika-12	fixture-tika-12	1	333b320af3f398d083e1d44b1a79e54fa546da12ce118f18db6f7cc3387398c8	success	200	101142	3ec255435f1804ca883e61ce69218b0c9b6812e5f4d6241be813f3a04980ff78	223178		fixture-tika-12	cypher-graph-id-predicate	64	1	fixture-tika-12	1	0	0	1	0	200	1	1	63	1	0
graph-id-parameter-wrapped-contains-target-29-zero	graph-id	graph-id-parameter-wrapped-contains	zero	graph-id-parameter-equals-and-wrapped-contains	parameters	properties	200	fixture-tika-13	fixture-tika-13	1	697a328efd3d35078aa3cf7115b978f697299f7e0612d464eae79dc1cbc3f3c7	success	0	147	805c8c7334c868e18e2be84be95b83cc60895722d739c2b164a68be4cd410c49	130555			cypher-graph-id-predicate	64	1	fixture-tika-13	1	0	0	1	0	1	1	1	63	1	0
graph-id-parameter-wrapped-contains-target-29-targeted	graph-id	graph-id-parameter-wrapped-contains	targeted	graph-id-parameter-equals-and-wrapped-contains	parameters	properties	200	fixture-tika-13	fixture-tika-13	1	697a328efd3d35078aa3cf7115b978f697299f7e0612d464eae79dc1cbc3f3c7	success	1	759	7c9cbf2db3468e4d9ec5f9ce37c29746bb3071949804d250165a0310edd3182c	134361		fixture-tika-13	cypher-graph-id-predicate	64	1	fixture-tika-13	1	0	0	1	0	1	1	1	63	1	0
graph-id-parameter-wrapped-contains-target-29-dense	graph-id	graph-id-parameter-wrapped-contains	dense	graph-id-parameter-equals-and-wrapped-contains	parameters	properties	200	fixture-tika-13	fixture-tika-13	1	697a328efd3d35078aa3cf7115b978f697299f7e0612d464eae79dc1cbc3f3c7	success	200	96005	cb6245f16fc1df4cadc32295db3c94d74d99d6ac24ca00ba686085574c3842f9	232565		fixture-tika-13	cypher-graph-id-predicate	64	1	fixture-tika-13	1	0	0	1	0	200	1	1	63	1	0
graph-id-parameter-wrapped-contains-target-30-zero	graph-id	graph-id-parameter-wrapped-contains	zero	graph-id-parameter-equals-and-wrapped-contains	parameters	properties	200	fixture-tika-14	fixture-tika-14	1	530ac22d92e73256c57c4e234fccac50105308bcc26304451ee74f20a619f7a5	success	0	147	805c8c7334c868e18e2be84be95b83cc60895722d739c2b164a68be4cd410c49	135413			cypher-graph-id-predicate	64	1	fixture-tika-14	1	0	0	1	0	1	1	1	63	1	0
graph-id-parameter-wrapped-contains-target-30-targeted	graph-id	graph-id-parameter-wrapped-contains	targeted	graph-id-parameter-equals-and-wrapped-contains	parameters	properties	200	fixture-tika-14	fixture-tika-14	1	530ac22d92e73256c57c4e234fccac50105308bcc26304451ee74f20a619f7a5	success	10	5866	c85815e1257e7d89a547803b839a8fa3d5c32a25ad93fc4df95c67dd0df38386	146074		fixture-tika-14	cypher-graph-id-predicate	64	1	fixture-tika-14	1	0	0	1	0	10	1	1	63	1	0
graph-id-parameter-wrapped-contains-target-30-dense	graph-id	graph-id-parameter-wrapped-contains	dense	graph-id-parameter-equals-and-wrapped-contains	parameters	properties	200	fixture-tika-14	fixture-tika-14	1	530ac22d92e73256c57c4e234fccac50105308bcc26304451ee74f20a619f7a5	success	200	95471	766b9ef7e8ecf0adce38af75461cc8c431950c6a78cf29871668bb82bbc59681	257712		fixture-tika-14	cypher-graph-id-predicate	64	1	fixture-tika-14	1	0	0	1	0	200	1	1	63	1	0
graph-id-parameter-wrapped-contains-target-31-zero	graph-id	graph-id-parameter-wrapped-contains	zero	graph-id-parameter-equals-and-wrapped-contains	parameters	properties	200	fixture-tika-15	fixture-tika-15	1	80331285783d790177bcaeeebf677e98900445b2273d41781c6e07aa5683a500	success	0	147	805c8c7334c868e18e2be84be95b83cc60895722d739c2b164a68be4cd410c49	149650			cypher-graph-id-predicate	64	1	fixture-tika-15	1	0	0	1	0	1	1	1	63	1	0
graph-id-parameter-wrapped-contains-target-31-targeted	graph-id	graph-id-parameter-wrapped-contains	targeted	graph-id-parameter-equals-and-wrapped-contains	parameters	properties	200	fixture-tika-15	fixture-tika-15	1	80331285783d790177bcaeeebf677e98900445b2273d41781c6e07aa5683a500	success	1	779	5b2641a56fc0d1ce3cad560f98de3ab642d893c5f6c2be5bb57444732d364805	123211		fixture-tika-15	cypher-graph-id-predicate	64	1	fixture-tika-15	1	0	0	1	0	1	1	1	63	1	0
graph-id-parameter-wrapped-contains-target-31-dense	graph-id	graph-id-parameter-wrapped-contains	dense	graph-id-parameter-equals-and-wrapped-contains	parameters	properties	200	fixture-tika-15	fixture-tika-15	1	80331285783d790177bcaeeebf677e98900445b2273d41781c6e07aa5683a500	success	200	90493	6cea2d1b1fba9817e31904018fa5ce3734b41bb641feab5c7c6849206b05e3c1	219571		fixture-tika-15	cypher-graph-id-predicate	64	1	fixture-tika-15	1	0	0	1	0	200	1	1	63	1	0
graph-id-parameter-wrapped-contains-target-32-zero	graph-id	graph-id-parameter-wrapped-contains	zero	graph-id-parameter-equals-and-wrapped-contains	parameters	properties	200	fixture-hive-00	fixture-hive-00	1	ea11677be4d3166ee79e7aa4f8c5ff603c5cb6bb9f65649cfc46854eedb1b466	success	0	147	805c8c7334c868e18e2be84be95b83cc60895722d739c2b164a68be4cd410c49	131085			cypher-graph-id-predicate	64	1	fixture-hive-00	1	0	0	1	0	1	1	1	63	1	0
graph-id-parameter-wrapped-contains-target-32-targeted	graph-id	graph-id-parameter-wrapped-contains	targeted	graph-id-parameter-equals-and-wrapped-contains	parameters	properties	200	fixture-hive-00	fixture-hive-00	1	ea11677be4d3166ee79e7aa4f8c5ff603c5cb6bb9f65649cfc46854eedb1b466	success	4	2862	72e96499d86d64ae9da267f3b15791817d4250f06a8dfea9d09edd8c3c23a440	117791		fixture-hive-00	cypher-graph-id-predicate	64	1	fixture-hive-00	1	0	0	1	0	4	1	1	63	1	0
graph-id-parameter-wrapped-contains-target-32-dense	graph-id	graph-id-parameter-wrapped-contains	dense	graph-id-parameter-equals-and-wrapped-contains	parameters	properties	200	fixture-hive-00	fixture-hive-00	1	ea11677be4d3166ee79e7aa4f8c5ff603c5cb6bb9f65649cfc46854eedb1b466	success	200	92864	0ad6a5ae10cb27d8dd28af205e0df8ebd79b3e1ca0079c8c876100ee108fc38d	216756		fixture-hive-00	cypher-graph-id-predicate	64	1	fixture-hive-00	1	0	0	1	0	200	1	1	63	1	0
graph-id-parameter-wrapped-contains-target-33-zero	graph-id	graph-id-parameter-wrapped-contains	zero	graph-id-parameter-equals-and-wrapped-contains	parameters	properties	200	fixture-hive-01	fixture-hive-01	1	3a9bab8befb64a5c5518ec83add10138c13ae31dfad00b5a26547f3cfc2bf0bb	success	0	147	805c8c7334c868e18e2be84be95b83cc60895722d739c2b164a68be4cd410c49	113452			cypher-graph-id-predicate	64	1	fixture-hive-01	1	0	0	1	0	1	1	1	63	1	0
graph-id-parameter-wrapped-contains-target-33-targeted	graph-id	graph-id-parameter-wrapped-contains	targeted	graph-id-parameter-equals-and-wrapped-contains	parameters	properties	200	fixture-hive-01	fixture-hive-01	1	3a9bab8befb64a5c5518ec83add10138c13ae31dfad00b5a26547f3cfc2bf0bb	success	4	2862	5436abb5d5a82ddf1b71cf6459ce0de5fe56d25b825b58b20bbe8cace9e3cde7	164297		fixture-hive-01	cypher-graph-id-predicate	64	1	fixture-hive-01	1	0	0	1	0	4	1	1	63	1	0
graph-id-parameter-wrapped-contains-target-33-dense	graph-id	graph-id-parameter-wrapped-contains	dense	graph-id-parameter-equals-and-wrapped-contains	parameters	properties	200	fixture-hive-01	fixture-hive-01	1	3a9bab8befb64a5c5518ec83add10138c13ae31dfad00b5a26547f3cfc2bf0bb	success	200	92578	e10f119cab32a77f2d8107211e2addcc69d3ab151ee08f60199ff7a8db9b6a1c	217798		fixture-hive-01	cypher-graph-id-predicate	64	1	fixture-hive-01	1	0	0	1	0	200	1	1	63	1	0
graph-id-parameter-wrapped-contains-target-34-zero	graph-id	graph-id-parameter-wrapped-contains	zero	graph-id-parameter-equals-and-wrapped-contains	parameters	properties	200	fixture-hive-02	fixture-hive-02	1	058d31d4f0a17f6c8e80480702d6c2099e48867673bc0a8d99037f2244a27bbf	success	0	147	805c8c7334c868e18e2be84be95b83cc60895722d739c2b164a68be4cd410c49	112881			cypher-graph-id-predicate	64	1	fixture-hive-02	1	0	0	1	0	1	1	1	63	1	0
graph-id-parameter-wrapped-contains-target-34-targeted	graph-id	graph-id-parameter-wrapped-contains	targeted	graph-id-parameter-equals-and-wrapped-contains	parameters	properties	200	fixture-hive-02	fixture-hive-02	1	058d31d4f0a17f6c8e80480702d6c2099e48867673bc0a8d99037f2244a27bbf	success	4	2883	e83a01bd4b4e8f51ba0c51a53e73f87ec8dd6170bd60b37ef57b4eb9aba8bcc7	117850		fixture-hive-02	cypher-graph-id-predicate	64	1	fixture-hive-02	1	0	0	1	0	4	1	1	63	1	0
graph-id-parameter-wrapped-contains-target-34-dense	graph-id	graph-id-parameter-wrapped-contains	dense	graph-id-parameter-equals-and-wrapped-contains	parameters	properties	200	fixture-hive-02	fixture-hive-02	1	058d31d4f0a17f6c8e80480702d6c2099e48867673bc0a8d99037f2244a27bbf	success	200	94183	b06f89a813919b2f4278637c18773fe7508c48351caa08a76cefe1f54c9b7715	201848		fixture-hive-02	cypher-graph-id-predicate	64	1	fixture-hive-02	1	0	0	1	0	200	1	1	63	1	0
graph-id-parameter-wrapped-contains-target-35-zero	graph-id	graph-id-parameter-wrapped-contains	zero	graph-id-parameter-equals-and-wrapped-contains	parameters	properties	200	fixture-hive-03	fixture-hive-03	1	bc37ba5880a9fc3e89dea2bf6571ad8db10f8c499dfca7c678b831d8edb064fe	success	0	147	805c8c7334c868e18e2be84be95b83cc60895722d739c2b164a68be4cd410c49	117710			cypher-graph-id-predicate	64	1	fixture-hive-03	1	0	0	1	0	1	1	1	63	1	0
graph-id-parameter-wrapped-contains-target-35-targeted	graph-id	graph-id-parameter-wrapped-contains	targeted	graph-id-parameter-equals-and-wrapped-contains	parameters	properties	200	fixture-hive-03	fixture-hive-03	1	bc37ba5880a9fc3e89dea2bf6571ad8db10f8c499dfca7c678b831d8edb064fe	success	1	771	134378d176ef9559b3b9b40557762648c5aa55be889ba8cb2e7f752130b85ab7	152315		fixture-hive-03	cypher-graph-id-predicate	64	1	fixture-hive-03	1	0	0	1	0	1	1	1	63	1	0
graph-id-parameter-wrapped-contains-target-35-dense	graph-id	graph-id-parameter-wrapped-contains	dense	graph-id-parameter-equals-and-wrapped-contains	parameters	properties	200	fixture-hive-03	fixture-hive-03	1	bc37ba5880a9fc3e89dea2bf6571ad8db10f8c499dfca7c678b831d8edb064fe	success	200	91613	71eca3baa7c5adda9a19daaba5b66d08f4d30beebcfc1f6f8f3125a009484e93	208079		fixture-hive-03	cypher-graph-id-predicate	64	1	fixture-hive-03	1	0	0	1	0	200	1	1	63	1	0
graph-id-parameter-wrapped-contains-target-36-zero	graph-id	graph-id-parameter-wrapped-contains	zero	graph-id-parameter-equals-and-wrapped-contains	parameters	properties	200	fixture-hive-04	fixture-hive-04	1	d6abca6af79ede3e783b4b1d1bb2f17c22db5cf0b5c70506d31ea6d33509dcc5	success	0	147	805c8c7334c868e18e2be84be95b83cc60895722d739c2b164a68be4cd410c49	120085			cypher-graph-id-predicate	64	1	fixture-hive-04	1	0	0	1	0	1	1	1	63	1	0
graph-id-parameter-wrapped-contains-target-36-targeted	graph-id	graph-id-parameter-wrapped-contains	targeted	graph-id-parameter-equals-and-wrapped-contains	parameters	properties	200	fixture-hive-04	fixture-hive-04	1	d6abca6af79ede3e783b4b1d1bb2f17c22db5cf0b5c70506d31ea6d33509dcc5	success	1	795	6f5022183da52ea8cb963f17c4b86a6270dc9bfe0ca358e5ec7d6bdf4c95879f	150662		fixture-hive-04	cypher-graph-id-predicate	64	1	fixture-hive-04	1	0	0	1	0	1	1	1	63	1	0
graph-id-parameter-wrapped-contains-target-36-dense	graph-id	graph-id-parameter-wrapped-contains	dense	graph-id-parameter-equals-and-wrapped-contains	parameters	properties	200	fixture-hive-04	fixture-hive-04	1	d6abca6af79ede3e783b4b1d1bb2f17c22db5cf0b5c70506d31ea6d33509dcc5	success	200	91716	5d2df55fe9df550bd17a462dbec1bd958f7c0d5940c160537976ecc80d5cb22f	271428		fixture-hive-04	cypher-graph-id-predicate	64	1	fixture-hive-04	1	0	0	1	0	200	1	1	63	1	0
graph-id-parameter-wrapped-contains-target-37-zero	graph-id	graph-id-parameter-wrapped-contains	zero	graph-id-parameter-equals-and-wrapped-contains	parameters	properties	200	fixture-hive-05	fixture-hive-05	1	f7f4c2e85299b39f0b295436a0a678be80ea1fe4bd065c984fac7e3e79c02a1f	success	0	147	805c8c7334c868e18e2be84be95b83cc60895722d739c2b164a68be4cd410c49	134451			cypher-graph-id-predicate	64	1	fixture-hive-05	1	0	0	1	0	1	1	1	63	1	0
graph-id-parameter-wrapped-contains-target-37-targeted	graph-id	graph-id-parameter-wrapped-contains	targeted	graph-id-parameter-equals-and-wrapped-contains	parameters	properties	200	fixture-hive-05	fixture-hive-05	1	f7f4c2e85299b39f0b295436a0a678be80ea1fe4bd065c984fac7e3e79c02a1f	success	51	31472	b9433fbd59011f3771f14c8abacb0cbca913b3ccb9b85649a8f98d4c6f628703	150512		fixture-hive-05	cypher-graph-id-predicate	64	1	fixture-hive-05	1	0	0	1	0	51	1	1	63	1	0
graph-id-parameter-wrapped-contains-target-37-dense	graph-id	graph-id-parameter-wrapped-contains	dense	graph-id-parameter-equals-and-wrapped-contains	parameters	properties	200	fixture-hive-05	fixture-hive-05	1	f7f4c2e85299b39f0b295436a0a678be80ea1fe4bd065c984fac7e3e79c02a1f	success	200	91795	dbb6e258143695218279e10cbea2bf21ad0c5b1330a8fc3e3470b176ae0b6f42	222326		fixture-hive-05	cypher-graph-id-predicate	64	1	fixture-hive-05	1	0	0	1	0	200	1	1	63	1	0
graph-id-parameter-wrapped-contains-target-38-zero	graph-id	graph-id-parameter-wrapped-contains	zero	graph-id-parameter-equals-and-wrapped-contains	parameters	properties	200	fixture-hive-06	fixture-hive-06	1	ddfe0a17a6b176061c6908248fc9bbb24510f00e8ed40c2c068587464d0ab767	success	0	147	805c8c7334c868e18e2be84be95b83cc60895722d739c2b164a68be4cd410c49	119093			cypher-graph-id-predicate	64	1	fixture-hive-06	1	0	0	1	0	1	1	1	63	1	0
graph-id-parameter-wrapped-contains-target-38-targeted	graph-id	graph-id-parameter-wrapped-contains	targeted	graph-id-parameter-equals-and-wrapped-contains	parameters	properties	200	fixture-hive-06	fixture-hive-06	1	ddfe0a17a6b176061c6908248fc9bbb24510f00e8ed40c2c068587464d0ab767	success	1	801	6e224732564976ab3ad1b488a2dcb0c2a2f84050ab25d529f41b87f4de3c406c	118902		fixture-hive-06	cypher-graph-id-predicate	64	1	fixture-hive-06	1	0	0	1	0	1	1	1	63	1	0
graph-id-parameter-wrapped-contains-target-38-dense	graph-id	graph-id-parameter-wrapped-contains	dense	graph-id-parameter-equals-and-wrapped-contains	parameters	properties	200	fixture-hive-06	fixture-hive-06	1	ddfe0a17a6b176061c6908248fc9bbb24510f00e8ed40c2c068587464d0ab767	success	200	92968	77adda61bf8a66745500e9e1b739302ae425b75af5d5199095bd9c0f56151e04	281557		fixture-hive-06	cypher-graph-id-predicate	64	1	fixture-hive-06	1	0	0	1	0	200	1	1	63	1	0
graph-id-parameter-wrapped-contains-target-39-zero	graph-id	graph-id-parameter-wrapped-contains	zero	graph-id-parameter-equals-and-wrapped-contains	parameters	properties	200	fixture-hive-07	fixture-hive-07	1	5b909537f8397e9b454c56026974d9a0348f5c6147e1f2169fbaaa2eb1645822	success	0	147	805c8c7334c868e18e2be84be95b83cc60895722d739c2b164a68be4cd410c49	354884			cypher-graph-id-predicate	64	1	fixture-hive-07	1	0	0	1	0	1	1	1	63	1	0
graph-id-parameter-wrapped-contains-target-39-targeted	graph-id	graph-id-parameter-wrapped-contains	targeted	graph-id-parameter-equals-and-wrapped-contains	parameters	properties	200	fixture-hive-07	fixture-hive-07	1	5b909537f8397e9b454c56026974d9a0348f5c6147e1f2169fbaaa2eb1645822	success	4	2855	db8e5b7500b38c30ff9ca554407e1c3f066cc32ce80520e31c63fe8f4f34048e	161443		fixture-hive-07	cypher-graph-id-predicate	64	1	fixture-hive-07	1	0	0	1	0	4	1	1	63	1	0
graph-id-parameter-wrapped-contains-target-39-dense	graph-id	graph-id-parameter-wrapped-contains	dense	graph-id-parameter-equals-and-wrapped-contains	parameters	properties	200	fixture-hive-07	fixture-hive-07	1	5b909537f8397e9b454c56026974d9a0348f5c6147e1f2169fbaaa2eb1645822	success	200	91298	153dc7ab9d3d22961d16bfae52d0b5cd4c7d97177e0e57e7c086294f37d00f0f	226544		fixture-hive-07	cypher-graph-id-predicate	64	1	fixture-hive-07	1	0	0	1	0	200	1	1	63	1	0
graph-id-parameter-wrapped-contains-target-40-zero	graph-id	graph-id-parameter-wrapped-contains	zero	graph-id-parameter-equals-and-wrapped-contains	parameters	properties	200	fixture-hive-08	fixture-hive-08	1	a73da7b76b921f77b9fadceff4ca8a9274fa7524e6ce2fb87c035b118fdb9e31	success	0	147	805c8c7334c868e18e2be84be95b83cc60895722d739c2b164a68be4cd410c49	118412			cypher-graph-id-predicate	64	1	fixture-hive-08	1	0	0	1	0	1	1	1	63	1	0
graph-id-parameter-wrapped-contains-target-40-targeted	graph-id	graph-id-parameter-wrapped-contains	targeted	graph-id-parameter-equals-and-wrapped-contains	parameters	properties	200	fixture-hive-08	fixture-hive-08	1	a73da7b76b921f77b9fadceff4ca8a9274fa7524e6ce2fb87c035b118fdb9e31	success	4	2911	6520445594f6fc1d080f2e441beea159540f21b52c555b515dbd7ba1fee2a37f	122259		fixture-hive-08	cypher-graph-id-predicate	64	1	fixture-hive-08	1	0	0	1	0	4	1	1	63	1	0
graph-id-parameter-wrapped-contains-target-40-dense	graph-id	graph-id-parameter-wrapped-contains	dense	graph-id-parameter-equals-and-wrapped-contains	parameters	properties	200	fixture-hive-08	fixture-hive-08	1	a73da7b76b921f77b9fadceff4ca8a9274fa7524e6ce2fb87c035b118fdb9e31	success	200	95189	6547ed796970ad3186785ae6dc7d6b1328d226d1878e5144fdb98c21fcba06f9	208059		fixture-hive-08	cypher-graph-id-predicate	64	1	fixture-hive-08	1	0	0	1	0	200	1	1	63	1	0
graph-id-parameter-wrapped-contains-target-41-zero	graph-id	graph-id-parameter-wrapped-contains	zero	graph-id-parameter-equals-and-wrapped-contains	parameters	properties	200	fixture-hive-09	fixture-hive-09	1	295df7bb9f479be56469bcfb34b70c143d1aff6e47944b80de9fd42e774be779	success	0	147	805c8c7334c868e18e2be84be95b83cc60895722d739c2b164a68be4cd410c49	117771			cypher-graph-id-predicate	64	1	fixture-hive-09	1	0	0	1	0	1	1	1	63	1	0
graph-id-parameter-wrapped-contains-target-41-targeted	graph-id	graph-id-parameter-wrapped-contains	targeted	graph-id-parameter-equals-and-wrapped-contains	parameters	properties	200	fixture-hive-09	fixture-hive-09	1	295df7bb9f479be56469bcfb34b70c143d1aff6e47944b80de9fd42e774be779	success	4	2883	42fd2fd2ff37d34c0cfb2146cde4be9387147a4cc07443bd58969c3f1e25556e	121557		fixture-hive-09	cypher-graph-id-predicate	64	1	fixture-hive-09	1	0	0	1	0	4	1	1	63	1	0
graph-id-parameter-wrapped-contains-target-41-dense	graph-id	graph-id-parameter-wrapped-contains	dense	graph-id-parameter-equals-and-wrapped-contains	parameters	properties	200	fixture-hive-09	fixture-hive-09	1	295df7bb9f479be56469bcfb34b70c143d1aff6e47944b80de9fd42e774be779	success	200	92146	1d23f5a918b6a408d8eae300e7aa799801aecc62fcc85667af567e3c95156cb9	296285		fixture-hive-09	cypher-graph-id-predicate	64	1	fixture-hive-09	1	0	0	1	0	200	1	1	63	1	0
graph-id-parameter-wrapped-contains-target-42-zero	graph-id	graph-id-parameter-wrapped-contains	zero	graph-id-parameter-equals-and-wrapped-contains	parameters	properties	200	fixture-hive-10	fixture-hive-10	1	e942f277a2b44bd11b03bd9380dd5388338721030a1701c31ff2277dd8f8cd9a	success	0	147	805c8c7334c868e18e2be84be95b83cc60895722d739c2b164a68be4cd410c49	580486			cypher-graph-id-predicate	64	1	fixture-hive-10	1	0	0	1	0	1	1	1	63	1	0
graph-id-parameter-wrapped-contains-target-42-targeted	graph-id	graph-id-parameter-wrapped-contains	targeted	graph-id-parameter-equals-and-wrapped-contains	parameters	properties	200	fixture-hive-10	fixture-hive-10	1	e942f277a2b44bd11b03bd9380dd5388338721030a1701c31ff2277dd8f8cd9a	success	63	39077	2d20a012ee335ff72d99f67135e1ac36defbca676c07a298d3df15c7c1e33f7d	391342		fixture-hive-10	cypher-graph-id-predicate	64	1	fixture-hive-10	1	0	0	1	0	63	1	1	63	1	0
graph-id-parameter-wrapped-contains-target-42-dense	graph-id	graph-id-parameter-wrapped-contains	dense	graph-id-parameter-equals-and-wrapped-contains	parameters	properties	200	fixture-hive-10	fixture-hive-10	1	e942f277a2b44bd11b03bd9380dd5388338721030a1701c31ff2277dd8f8cd9a	success	200	93248	bd7a2cfc84011237aca413f8fd4b6ee9130043dc1530bc214cc965d935dc3d88	1193126		fixture-hive-10	cypher-graph-id-predicate	64	1	fixture-hive-10	1	0	0	1	0	200	1	1	63	1	0
graph-id-parameter-wrapped-contains-target-43-zero	graph-id	graph-id-parameter-wrapped-contains	zero	graph-id-parameter-equals-and-wrapped-contains	parameters	properties	200	fixture-hive-11	fixture-hive-11	1	fc0779b8fe9d9937d1e4cb4a3dba1379fc83c9a81125f4350e46a986c8531889	success	0	147	805c8c7334c868e18e2be84be95b83cc60895722d739c2b164a68be4cd410c49	206356			cypher-graph-id-predicate	64	1	fixture-hive-11	1	0	0	1	0	1	1	1	63	1	0
graph-id-parameter-wrapped-contains-target-43-targeted	graph-id	graph-id-parameter-wrapped-contains	targeted	graph-id-parameter-equals-and-wrapped-contains	parameters	properties	200	fixture-hive-11	fixture-hive-11	1	fc0779b8fe9d9937d1e4cb4a3dba1379fc83c9a81125f4350e46a986c8531889	success	4	2743	a7aaae25732eb3fc39e7e9697120f6a4534e52262fb153e4201e51d7b31e4606	125635		fixture-hive-11	cypher-graph-id-predicate	64	1	fixture-hive-11	1	0	0	1	0	4	1	1	63	1	0
graph-id-parameter-wrapped-contains-target-43-dense	graph-id	graph-id-parameter-wrapped-contains	dense	graph-id-parameter-equals-and-wrapped-contains	parameters	properties	200	fixture-hive-11	fixture-hive-11	1	fc0779b8fe9d9937d1e4cb4a3dba1379fc83c9a81125f4350e46a986c8531889	success	200	94063	f5c81d8aabcfe449e1a20e1133f0ce5a6c25cde54cfb7e82531ff93f87b6f89e	237965		fixture-hive-11	cypher-graph-id-predicate	64	1	fixture-hive-11	1	0	0	1	0	200	1	1	63	1	0
graph-id-parameter-wrapped-contains-target-44-zero	graph-id	graph-id-parameter-wrapped-contains	zero	graph-id-parameter-equals-and-wrapped-contains	parameters	properties	200	fixture-hive-12	fixture-hive-12	1	b0c62bc41512e26a42d23ec1fd21c12eb0d433e252eed22e92d2246689f7489a	success	0	147	805c8c7334c868e18e2be84be95b83cc60895722d739c2b164a68be4cd410c49	136085			cypher-graph-id-predicate	64	1	fixture-hive-12	1	0	0	1	0	1	1	1	63	1	0
graph-id-parameter-wrapped-contains-target-44-targeted	graph-id	graph-id-parameter-wrapped-contains	targeted	graph-id-parameter-equals-and-wrapped-contains	parameters	properties	200	fixture-hive-12	fixture-hive-12	1	b0c62bc41512e26a42d23ec1fd21c12eb0d433e252eed22e92d2246689f7489a	success	4	2890	b8c7750587d3cb95373de074cba017cf14e5d85811bfc8cc2b49fa06615dc14f	164117		fixture-hive-12	cypher-graph-id-predicate	64	1	fixture-hive-12	1	0	0	1	0	4	1	1	63	1	0
graph-id-parameter-wrapped-contains-target-44-dense	graph-id	graph-id-parameter-wrapped-contains	dense	graph-id-parameter-equals-and-wrapped-contains	parameters	properties	200	fixture-hive-12	fixture-hive-12	1	b0c62bc41512e26a42d23ec1fd21c12eb0d433e252eed22e92d2246689f7489a	success	200	90517	901cb7ad5a7cef604f7264d87d81f85a7b3e521b0175839dd61f15fa140b58cf	184054		fixture-hive-12	cypher-graph-id-predicate	64	1	fixture-hive-12	1	0	0	1	0	200	1	1	63	1	0
graph-id-parameter-wrapped-contains-target-45-zero	graph-id	graph-id-parameter-wrapped-contains	zero	graph-id-parameter-equals-and-wrapped-contains	parameters	properties	200	fixture-hive-13	fixture-hive-13	1	2f758a1599ac4d799ee27ae81f81bfe54bc6240d59e8f003bf5cd782742affd0	success	0	147	805c8c7334c868e18e2be84be95b83cc60895722d739c2b164a68be4cd410c49	133990			cypher-graph-id-predicate	64	1	fixture-hive-13	1	0	0	1	0	1	1	1	63	1	0
graph-id-parameter-wrapped-contains-target-45-targeted	graph-id	graph-id-parameter-wrapped-contains	targeted	graph-id-parameter-equals-and-wrapped-contains	parameters	properties	200	fixture-hive-13	fixture-hive-13	1	2f758a1599ac4d799ee27ae81f81bfe54bc6240d59e8f003bf5cd782742affd0	success	1	807	7a2ea6e6b7c61f333c01be975226570ddf428683fdf6c4eb419e09457718acf9	112972		fixture-hive-13	cypher-graph-id-predicate	64	1	fixture-hive-13	1	0	0	1	0	1	1	1	63	1	0
graph-id-parameter-wrapped-contains-target-45-dense	graph-id	graph-id-parameter-wrapped-contains	dense	graph-id-parameter-equals-and-wrapped-contains	parameters	properties	200	fixture-hive-13	fixture-hive-13	1	2f758a1599ac4d799ee27ae81f81bfe54bc6240d59e8f003bf5cd782742affd0	success	200	92534	8ce2fca3adf975e2913f1d7a0f91465f04ef5e5cdbaaa1f51ca68901be616480	218579		fixture-hive-13	cypher-graph-id-predicate	64	1	fixture-hive-13	1	0	0	1	0	200	1	1	63	1	0
graph-id-parameter-wrapped-contains-target-46-zero	graph-id	graph-id-parameter-wrapped-contains	zero	graph-id-parameter-equals-and-wrapped-contains	parameters	properties	200	fixture-hive-14	fixture-hive-14	1	960cf66cc8af0003002afe076d1f893b29b2a55fabfac7d5316eb3e3b9c46f67	success	0	147	805c8c7334c868e18e2be84be95b83cc60895722d739c2b164a68be4cd410c49	126958			cypher-graph-id-predicate	64	1	fixture-hive-14	1	0	0	1	0	1	1	1	63	1	0
graph-id-parameter-wrapped-contains-target-46-targeted	graph-id	graph-id-parameter-wrapped-contains	targeted	graph-id-parameter-equals-and-wrapped-contains	parameters	properties	200	fixture-hive-14	fixture-hive-14	1	960cf66cc8af0003002afe076d1f893b29b2a55fabfac7d5316eb3e3b9c46f67	success	45	27605	5de372ca8e19ec486456452fc7bd2d9f18c4d7b0beb5e238b24073911e1d2e3a	164728		fixture-hive-14	cypher-graph-id-predicate	64	1	fixture-hive-14	1	0	0	1	0	45	1	1	63	1	0
graph-id-parameter-wrapped-contains-target-46-dense	graph-id	graph-id-parameter-wrapped-contains	dense	graph-id-parameter-equals-and-wrapped-contains	parameters	properties	200	fixture-hive-14	fixture-hive-14	1	960cf66cc8af0003002afe076d1f893b29b2a55fabfac7d5316eb3e3b9c46f67	success	200	96641	3ad39c9167b00424c5957087068cab90d47268c9063b8d9e565113275edd98c8	256120		fixture-hive-14	cypher-graph-id-predicate	64	1	fixture-hive-14	1	0	0	1	0	200	1	1	63	1	0
graph-id-parameter-wrapped-contains-target-47-zero	graph-id	graph-id-parameter-wrapped-contains	zero	graph-id-parameter-equals-and-wrapped-contains	parameters	properties	200	fixture-hive-15	fixture-hive-15	1	d5c3f70f4e04fa9e3851b5ba956c39c64ff3bf4c48028255a069369d65d3e3dc	success	0	147	805c8c7334c868e18e2be84be95b83cc60895722d739c2b164a68be4cd410c49	123231			cypher-graph-id-predicate	64	1	fixture-hive-15	1	0	0	1	0	1	1	1	63	1	0
graph-id-parameter-wrapped-contains-target-47-targeted	graph-id	graph-id-parameter-wrapped-contains	targeted	graph-id-parameter-equals-and-wrapped-contains	parameters	properties	200	fixture-hive-15	fixture-hive-15	1	d5c3f70f4e04fa9e3851b5ba956c39c64ff3bf4c48028255a069369d65d3e3dc	success	66	40159	fcfc173325ae104971344d6daea93c8089a472f712f938cfbd16c519ba82c551	243997		fixture-hive-15	cypher-graph-id-predicate	64	1	fixture-hive-15	1	0	0	1	0	66	1	1	63	1	0
graph-id-parameter-wrapped-contains-target-47-dense	graph-id	graph-id-parameter-wrapped-contains	dense	graph-id-parameter-equals-and-wrapped-contains	parameters	properties	200	fixture-hive-15	fixture-hive-15	1	d5c3f70f4e04fa9e3851b5ba956c39c64ff3bf4c48028255a069369d65d3e3dc	success	200	97359	d162ad37d2e7b659e55cddb63b7d42e922fbd2396ae9679f7648226751bb7a13	354133		fixture-hive-15	cypher-graph-id-predicate	64	1	fixture-hive-15	1	0	0	1	0	200	1	1	63	1	0
graph-id-parameter-wrapped-contains-target-48-zero	graph-id	graph-id-parameter-wrapped-contains	zero	graph-id-parameter-equals-and-wrapped-contains	parameters	properties	200	fixture-kotlin-compiler-00	fixture-kotlin-compiler-00	1	e0590ddba3b9b9f8de79bee6771cc2f41482d9bcf2b6d495c533f4d523602a1c	success	0	147	805c8c7334c868e18e2be84be95b83cc60895722d739c2b164a68be4cd410c49	138860			cypher-graph-id-predicate	64	1	fixture-kotlin-compiler-00	1	0	0	1	0	1	1	1	63	1	0
graph-id-parameter-wrapped-contains-target-48-targeted	graph-id	graph-id-parameter-wrapped-contains	targeted	graph-id-parameter-equals-and-wrapped-contains	parameters	properties	200	fixture-kotlin-compiler-00	fixture-kotlin-compiler-00	1	e0590ddba3b9b9f8de79bee6771cc2f41482d9bcf2b6d495c533f4d523602a1c	success	10	6351	274597a5e0e535d6581734920f9ffbc39062a84a13ad9d85823a8f12df219dfd	161482		fixture-kotlin-compiler-00	cypher-graph-id-predicate	64	1	fixture-kotlin-compiler-00	1	0	0	1	0	10	1	1	63	1	0
graph-id-parameter-wrapped-contains-target-48-dense	graph-id	graph-id-parameter-wrapped-contains	dense	graph-id-parameter-equals-and-wrapped-contains	parameters	properties	200	fixture-kotlin-compiler-00	fixture-kotlin-compiler-00	1	e0590ddba3b9b9f8de79bee6771cc2f41482d9bcf2b6d495c533f4d523602a1c	success	200	97301	4abd067ea3c7496241f2623586a132809a81e33bd08c7645b717be3ee7ee2542	292948		fixture-kotlin-compiler-00	cypher-graph-id-predicate	64	1	fixture-kotlin-compiler-00	1	0	0	1	0	200	1	1	63	1	0
graph-id-parameter-wrapped-contains-target-49-zero	graph-id	graph-id-parameter-wrapped-contains	zero	graph-id-parameter-equals-and-wrapped-contains	parameters	properties	200	fixture-kotlin-compiler-01	fixture-kotlin-compiler-01	1	a2378f34cd746f343988852d75ea5d50b8bfe89e6cd965dacb19b742e3a8c966	success	0	147	805c8c7334c868e18e2be84be95b83cc60895722d739c2b164a68be4cd410c49	140844			cypher-graph-id-predicate	64	1	fixture-kotlin-compiler-01	1	0	0	1	0	1	1	1	63	1	0
graph-id-parameter-wrapped-contains-target-49-targeted	graph-id	graph-id-parameter-wrapped-contains	targeted	graph-id-parameter-equals-and-wrapped-contains	parameters	properties	200	fixture-kotlin-compiler-01	fixture-kotlin-compiler-01	1	a2378f34cd746f343988852d75ea5d50b8bfe89e6cd965dacb19b742e3a8c966	success	4	2598	d72c68d3fe0e8e0257e28136dfcba3f279a31d304b51dc9611dfa7b0f16169a8	126176		fixture-kotlin-compiler-01	cypher-graph-id-predicate	64	1	fixture-kotlin-compiler-01	1	0	0	1	0	4	1	1	63	1	0
graph-id-parameter-wrapped-contains-target-49-dense	graph-id	graph-id-parameter-wrapped-contains	dense	graph-id-parameter-equals-and-wrapped-contains	parameters	properties	200	fixture-kotlin-compiler-01	fixture-kotlin-compiler-01	1	a2378f34cd746f343988852d75ea5d50b8bfe89e6cd965dacb19b742e3a8c966	success	200	95854	6848b85ce01299f2ea05bcca3edaa8c69792c61113aeaea43a401f01793bb61d	261509		fixture-kotlin-compiler-01	cypher-graph-id-predicate	64	1	fixture-kotlin-compiler-01	1	0	0	1	0	200	1	1	63	1	0
graph-id-parameter-wrapped-contains-target-50-zero	graph-id	graph-id-parameter-wrapped-contains	zero	graph-id-parameter-equals-and-wrapped-contains	parameters	properties	200	fixture-kotlin-compiler-02	fixture-kotlin-compiler-02	1	b4996e09ff7c9fb90ce978374faa803d01485382a499402abfd9028048b79bf7	success	0	147	805c8c7334c868e18e2be84be95b83cc60895722d739c2b164a68be4cd410c49	147296			cypher-graph-id-predicate	64	1	fixture-kotlin-compiler-02	1	0	0	1	0	1	1	1	63	1	0
graph-id-parameter-wrapped-contains-target-50-targeted	graph-id	graph-id-parameter-wrapped-contains	targeted	graph-id-parameter-equals-and-wrapped-contains	parameters	properties	200	fixture-kotlin-compiler-02	fixture-kotlin-compiler-02	1	b4996e09ff7c9fb90ce978374faa803d01485382a499402abfd9028048b79bf7	success	1	791	85dd6bfd8cfa28628294c822275e5bb7a279ea8142c47ff362a55c060e68da37	130353		fixture-kotlin-compiler-02	cypher-graph-id-predicate	64	1	fixture-kotlin-compiler-02	1	0	0	1	0	1	1	1	63	1	0
graph-id-parameter-wrapped-contains-target-50-dense	graph-id	graph-id-parameter-wrapped-contains	dense	graph-id-parameter-equals-and-wrapped-contains	parameters	properties	200	fixture-kotlin-compiler-02	fixture-kotlin-compiler-02	1	b4996e09ff7c9fb90ce978374faa803d01485382a499402abfd9028048b79bf7	success	200	91564	fbf180fab82c32493738bb60bb29955d3f45810bb23806d614f71964200069bc	258684		fixture-kotlin-compiler-02	cypher-graph-id-predicate	64	1	fixture-kotlin-compiler-02	1	0	0	1	0	200	1	1	63	1	0
graph-id-parameter-wrapped-contains-target-51-zero	graph-id	graph-id-parameter-wrapped-contains	zero	graph-id-parameter-equals-and-wrapped-contains	parameters	properties	200	fixture-kotlin-compiler-03	fixture-kotlin-compiler-03	1	a2350bbcc2f1ba8738ae72b167e586240ce7149551e3fba11f7a358d11b7801e	success	0	147	805c8c7334c868e18e2be84be95b83cc60895722d739c2b164a68be4cd410c49	204363			cypher-graph-id-predicate	64	1	fixture-kotlin-compiler-03	1	0	0	1	0	1	1	1	63	1	0
graph-id-parameter-wrapped-contains-target-51-targeted	graph-id	graph-id-parameter-wrapped-contains	targeted	graph-id-parameter-equals-and-wrapped-contains	parameters	properties	200	fixture-kotlin-compiler-03	fixture-kotlin-compiler-03	1	a2350bbcc2f1ba8738ae72b167e586240ce7149551e3fba11f7a358d11b7801e	success	1	798	64ae9673d519a121b865dc50f576291bddc3c4c81c474d10cfb9d0da1dce7c60	156754		fixture-kotlin-compiler-03	cypher-graph-id-predicate	64	1	fixture-kotlin-compiler-03	1	0	0	1	0	1	1	1	63	1	0
graph-id-parameter-wrapped-contains-target-51-dense	graph-id	graph-id-parameter-wrapped-contains	dense	graph-id-parameter-equals-and-wrapped-contains	parameters	properties	200	fixture-kotlin-compiler-03	fixture-kotlin-compiler-03	1	a2350bbcc2f1ba8738ae72b167e586240ce7149551e3fba11f7a358d11b7801e	success	200	94730	d508f1cb1d0c5646118a68e8a87c49c66a454661e438e3f033289c173598f51f	316755		fixture-kotlin-compiler-03	cypher-graph-id-predicate	64	1	fixture-kotlin-compiler-03	1	0	0	1	0	200	1	1	63	1	0
graph-id-parameter-wrapped-contains-target-52-zero	graph-id	graph-id-parameter-wrapped-contains	zero	graph-id-parameter-equals-and-wrapped-contains	parameters	properties	200	fixture-kotlin-compiler-04	fixture-kotlin-compiler-04	1	1835d0591826a821b1c4a8a0df21cd273c40697176c253109b1663d9e56d64a0	success	0	147	805c8c7334c868e18e2be84be95b83cc60895722d739c2b164a68be4cd410c49	148318			cypher-graph-id-predicate	64	1	fixture-kotlin-compiler-04	1	0	0	1	0	1	1	1	63	1	0
graph-id-parameter-wrapped-contains-target-52-targeted	graph-id	graph-id-parameter-wrapped-contains	targeted	graph-id-parameter-equals-and-wrapped-contains	parameters	properties	200	fixture-kotlin-compiler-04	fixture-kotlin-compiler-04	1	1835d0591826a821b1c4a8a0df21cd273c40697176c253109b1663d9e56d64a0	success	1	792	6691abe0a1f608719107bf4ffc3fa52632123ab77cb7c2c3c6536cd32de533b1	145302		fixture-kotlin-compiler-04	cypher-graph-id-predicate	64	1	fixture-kotlin-compiler-04	1	0	0	1	0	1	1	1	63	1	0
graph-id-parameter-wrapped-contains-target-52-dense	graph-id	graph-id-parameter-wrapped-contains	dense	graph-id-parameter-equals-and-wrapped-contains	parameters	properties	200	fixture-kotlin-compiler-04	fixture-kotlin-compiler-04	1	1835d0591826a821b1c4a8a0df21cd273c40697176c253109b1663d9e56d64a0	success	200	96891	db4b9bfadbbb61a039e76484090eda57349ec9585a7c795f46793352fb739e7c	270656		fixture-kotlin-compiler-04	cypher-graph-id-predicate	64	1	fixture-kotlin-compiler-04	1	0	0	1	0	200	1	1	63	1	0
graph-id-parameter-wrapped-contains-target-53-zero	graph-id	graph-id-parameter-wrapped-contains	zero	graph-id-parameter-equals-and-wrapped-contains	parameters	properties	200	fixture-kotlin-compiler-05	fixture-kotlin-compiler-05	1	65de36ec09041582c4ff4a57708f099a7d72d4907a327e47ae026767f5ff0db0	success	0	147	805c8c7334c868e18e2be84be95b83cc60895722d739c2b164a68be4cd410c49	236993			cypher-graph-id-predicate	64	1	fixture-kotlin-compiler-05	1	0	0	1	0	1	1	1	63	1	0
graph-id-parameter-wrapped-contains-target-53-targeted	graph-id	graph-id-parameter-wrapped-contains	targeted	graph-id-parameter-equals-and-wrapped-contains	parameters	properties	200	fixture-kotlin-compiler-05	fixture-kotlin-compiler-05	1	65de36ec09041582c4ff4a57708f099a7d72d4907a327e47ae026767f5ff0db0	success	6	3910	d987ccd9722d9cd5492fcbb62423f1a89bb41e05ea0e3fb44e7cc793b9656b12	163015		fixture-kotlin-compiler-05	cypher-graph-id-predicate	64	1	fixture-kotlin-compiler-05	1	0	0	1	0	6	1	1	63	1	0
graph-id-parameter-wrapped-contains-target-53-dense	graph-id	graph-id-parameter-wrapped-contains	dense	graph-id-parameter-equals-and-wrapped-contains	parameters	properties	200	fixture-kotlin-compiler-05	fixture-kotlin-compiler-05	1	65de36ec09041582c4ff4a57708f099a7d72d4907a327e47ae026767f5ff0db0	success	200	94720	c9e7b59e830a820a47234ca1fd54046d1c260db318e05adc24dc748ca7fe29c0	190316		fixture-kotlin-compiler-05	cypher-graph-id-predicate	64	1	fixture-kotlin-compiler-05	1	0	0	1	0	200	1	1	63	1	0
graph-id-parameter-wrapped-contains-target-54-zero	graph-id	graph-id-parameter-wrapped-contains	zero	graph-id-parameter-equals-and-wrapped-contains	parameters	properties	200	fixture-kotlin-compiler-06	fixture-kotlin-compiler-06	1	455e2dea20c33d78ad4888048700c76ead131cc5fff61b1b6745f3cf019d98c7	success	0	147	805c8c7334c868e18e2be84be95b83cc60895722d739c2b164a68be4cd410c49	105869			cypher-graph-id-predicate	64	1	fixture-kotlin-compiler-06	1	0	0	1	0	1	1	1	63	1	0
graph-id-parameter-wrapped-contains-target-54-targeted	graph-id	graph-id-parameter-wrapped-contains	targeted	graph-id-parameter-equals-and-wrapped-contains	parameters	properties	200	fixture-kotlin-compiler-06	fixture-kotlin-compiler-06	1	455e2dea20c33d78ad4888048700c76ead131cc5fff61b1b6745f3cf019d98c7	success	3	1869	5157205e66d4cebff8b628175c555fdb333564013eabc5f496e37f9a4ad2b606	103754		fixture-kotlin-compiler-06	cypher-graph-id-predicate	64	1	fixture-kotlin-compiler-06	1	0	0	1	0	3	1	1	63	1	0
graph-id-parameter-wrapped-contains-target-54-dense	graph-id	graph-id-parameter-wrapped-contains	dense	graph-id-parameter-equals-and-wrapped-contains	parameters	properties	200	fixture-kotlin-compiler-06	fixture-kotlin-compiler-06	1	455e2dea20c33d78ad4888048700c76ead131cc5fff61b1b6745f3cf019d98c7	success	200	92798	60b390f0b190e46f6fd1b4929641c7324c9142e0f18a85bc338e7b41ebe62db5	187451		fixture-kotlin-compiler-06	cypher-graph-id-predicate	64	1	fixture-kotlin-compiler-06	1	0	0	1	0	200	1	1	63	1	0
graph-id-parameter-wrapped-contains-target-55-zero	graph-id	graph-id-parameter-wrapped-contains	zero	graph-id-parameter-equals-and-wrapped-contains	parameters	properties	200	fixture-kotlin-compiler-07	fixture-kotlin-compiler-07	1	6c1c49dd5e3fe90a5fa68f9ab09606732d59b2cb006a42f463d6390d9a27f2a1	success	0	147	805c8c7334c868e18e2be84be95b83cc60895722d739c2b164a68be4cd410c49	117019			cypher-graph-id-predicate	64	1	fixture-kotlin-compiler-07	1	0	0	1	0	1	1	1	63	1	0
graph-id-parameter-wrapped-contains-target-55-targeted	graph-id	graph-id-parameter-wrapped-contains	targeted	graph-id-parameter-equals-and-wrapped-contains	parameters	properties	200	fixture-kotlin-compiler-07	fixture-kotlin-compiler-07	1	6c1c49dd5e3fe90a5fa68f9ab09606732d59b2cb006a42f463d6390d9a27f2a1	success	10	6054	f5c10be5db49f33f0b8307328bfb058b342da4d9241c33217038447620028ab5	118051		fixture-kotlin-compiler-07	cypher-graph-id-predicate	64	1	fixture-kotlin-compiler-07	1	0	0	1	0	10	1	1	63	1	0
graph-id-parameter-wrapped-contains-target-55-dense	graph-id	graph-id-parameter-wrapped-contains	dense	graph-id-parameter-equals-and-wrapped-contains	parameters	properties	200	fixture-kotlin-compiler-07	fixture-kotlin-compiler-07	1	6c1c49dd5e3fe90a5fa68f9ab09606732d59b2cb006a42f463d6390d9a27f2a1	success	200	96112	0f6d4800cdd86ccdf20aab2fe6bd2924f66d70c9fcca46057385e09ba151a798	176079		fixture-kotlin-compiler-07	cypher-graph-id-predicate	64	1	fixture-kotlin-compiler-07	1	0	0	1	0	200	1	1	63	1	0
graph-id-parameter-wrapped-contains-target-56-zero	graph-id	graph-id-parameter-wrapped-contains	zero	graph-id-parameter-equals-and-wrapped-contains	parameters	properties	200	fixture-kotlin-compiler-08	fixture-kotlin-compiler-08	1	37be466842d1f239df76fe55e92f6769fc0b2d6e47e43f0020c40a8ce8422cb0	success	0	147	805c8c7334c868e18e2be84be95b83cc60895722d739c2b164a68be4cd410c49	112100			cypher-graph-id-predicate	64	1	fixture-kotlin-compiler-08	1	0	0	1	0	1	1	1	63	1	0
graph-id-parameter-wrapped-contains-target-56-targeted	graph-id	graph-id-parameter-wrapped-contains	targeted	graph-id-parameter-equals-and-wrapped-contains	parameters	properties	200	fixture-kotlin-compiler-08	fixture-kotlin-compiler-08	1	37be466842d1f239df76fe55e92f6769fc0b2d6e47e43f0020c40a8ce8422cb0	success	1	802	7ebbe5301915ad5c39692b733c3f39851576d09270c89f830b9e80b342a866f6	102883		fixture-kotlin-compiler-08	cypher-graph-id-predicate	64	1	fixture-kotlin-compiler-08	1	0	0	1	0	1	1	1	63	1	0
graph-id-parameter-wrapped-contains-target-56-dense	graph-id	graph-id-parameter-wrapped-contains	dense	graph-id-parameter-equals-and-wrapped-contains	parameters	properties	200	fixture-kotlin-compiler-08	fixture-kotlin-compiler-08	1	37be466842d1f239df76fe55e92f6769fc0b2d6e47e43f0020c40a8ce8422cb0	success	200	93704	b778fc4edfb3c1031b90b2d3d121fd31958733afdc68d3f1cde538a17b738328	182712		fixture-kotlin-compiler-08	cypher-graph-id-predicate	64	1	fixture-kotlin-compiler-08	1	0	0	1	0	200	1	1	63	1	0
graph-id-parameter-wrapped-contains-target-57-zero	graph-id	graph-id-parameter-wrapped-contains	zero	graph-id-parameter-equals-and-wrapped-contains	parameters	properties	200	fixture-kotlin-compiler-09	fixture-kotlin-compiler-09	1	5bacb6648bba38e91cc033e69d42538b040b89f913b58ee2afebb53ba8d35c57	success	0	147	805c8c7334c868e18e2be84be95b83cc60895722d739c2b164a68be4cd410c49	107541			cypher-graph-id-predicate	64	1	fixture-kotlin-compiler-09	1	0	0	1	0	1	1	1	63	1	0
graph-id-parameter-wrapped-contains-target-57-targeted	graph-id	graph-id-parameter-wrapped-contains	targeted	graph-id-parameter-equals-and-wrapped-contains	parameters	properties	200	fixture-kotlin-compiler-09	fixture-kotlin-compiler-09	1	5bacb6648bba38e91cc033e69d42538b040b89f913b58ee2afebb53ba8d35c57	success	1	765	0812dc51126311be5cac082c5d39676905cd9a0811e6a08f17ec6343dc843471	106891		fixture-kotlin-compiler-09	cypher-graph-id-predicate	64	1	fixture-kotlin-compiler-09	1	0	0	1	0	1	1	1	63	1	0
graph-id-parameter-wrapped-contains-target-57-dense	graph-id	graph-id-parameter-wrapped-contains	dense	graph-id-parameter-equals-and-wrapped-contains	parameters	properties	200	fixture-kotlin-compiler-09	fixture-kotlin-compiler-09	1	5bacb6648bba38e91cc033e69d42538b040b89f913b58ee2afebb53ba8d35c57	success	200	99258	415f437224f091ed04a72fa493ee405ec437acfcfdf54dee50789c56e5356f10	220683		fixture-kotlin-compiler-09	cypher-graph-id-predicate	64	1	fixture-kotlin-compiler-09	1	0	0	1	0	200	1	1	63	1	0
graph-id-parameter-wrapped-contains-target-58-zero	graph-id	graph-id-parameter-wrapped-contains	zero	graph-id-parameter-equals-and-wrapped-contains	parameters	properties	200	fixture-kotlin-compiler-10	fixture-kotlin-compiler-10	1	634f1070c869c5f39ed7722d97b19c8976bc7fee623a8cfc705bcdd955e20759	success	0	147	805c8c7334c868e18e2be84be95b83cc60895722d739c2b164a68be4cd410c49	110416			cypher-graph-id-predicate	64	1	fixture-kotlin-compiler-10	1	0	0	1	0	1	1	1	63	1	0
graph-id-parameter-wrapped-contains-target-58-targeted	graph-id	graph-id-parameter-wrapped-contains	targeted	graph-id-parameter-equals-and-wrapped-contains	parameters	properties	200	fixture-kotlin-compiler-10	fixture-kotlin-compiler-10	1	634f1070c869c5f39ed7722d97b19c8976bc7fee623a8cfc705bcdd955e20759	success	12	7029	1df616dc12f8aa99df8ef1921ad6c878afdd2d37362d488527ffbb7ddbe7f6e3	121537		fixture-kotlin-compiler-10	cypher-graph-id-predicate	64	1	fixture-kotlin-compiler-10	1	0	0	1	0	12	1	1	63	1	0
graph-id-parameter-wrapped-contains-target-58-dense	graph-id	graph-id-parameter-wrapped-contains	dense	graph-id-parameter-equals-and-wrapped-contains	parameters	properties	200	fixture-kotlin-compiler-10	fixture-kotlin-compiler-10	1	634f1070c869c5f39ed7722d97b19c8976bc7fee623a8cfc705bcdd955e20759	success	200	94948	3f3fd3df372307937afdfd0915ce035266497833c5712760faf456eece659c97	176811		fixture-kotlin-compiler-10	cypher-graph-id-predicate	64	1	fixture-kotlin-compiler-10	1	0	0	1	0	200	1	1	63	1	0
graph-id-parameter-wrapped-contains-target-59-zero	graph-id	graph-id-parameter-wrapped-contains	zero	graph-id-parameter-equals-and-wrapped-contains	parameters	properties	200	fixture-kotlin-compiler-11	fixture-kotlin-compiler-11	1	9e1bbfe33d12ec072b828f417bb9dcdab26d7daecb14898f31eb2d73cdaff93c	success	0	147	805c8c7334c868e18e2be84be95b83cc60895722d739c2b164a68be4cd410c49	116227			cypher-graph-id-predicate	64	1	fixture-kotlin-compiler-11	1	0	0	1	0	1	1	1	63	1	0
graph-id-parameter-wrapped-contains-target-59-targeted	graph-id	graph-id-parameter-wrapped-contains	targeted	graph-id-parameter-equals-and-wrapped-contains	parameters	properties	200	fixture-kotlin-compiler-11	fixture-kotlin-compiler-11	1	9e1bbfe33d12ec072b828f417bb9dcdab26d7daecb14898f31eb2d73cdaff93c	success	11	6729	3d47749a3f582c73a2df58bf3f9b3beed9c001af5d9bd91af1d30abe76d3f524	123762		fixture-kotlin-compiler-11	cypher-graph-id-predicate	64	1	fixture-kotlin-compiler-11	1	0	0	1	0	11	1	1	63	1	0
graph-id-parameter-wrapped-contains-target-59-dense	graph-id	graph-id-parameter-wrapped-contains	dense	graph-id-parameter-equals-and-wrapped-contains	parameters	properties	200	fixture-kotlin-compiler-11	fixture-kotlin-compiler-11	1	9e1bbfe33d12ec072b828f417bb9dcdab26d7daecb14898f31eb2d73cdaff93c	success	200	89429	54106029dd8c0484e4d4612954bdb30eebd525f910018413d1ee09bf2ea5c8ac	231083		fixture-kotlin-compiler-11	cypher-graph-id-predicate	64	1	fixture-kotlin-compiler-11	1	0	0	1	0	200	1	1	63	1	0
graph-id-parameter-wrapped-contains-target-60-zero	graph-id	graph-id-parameter-wrapped-contains	zero	graph-id-parameter-equals-and-wrapped-contains	parameters	properties	200	fixture-kotlin-compiler-12	fixture-kotlin-compiler-12	1	45b0266366bbda196d2004ab993b070c325a01ec90b2c254cb7a89f0070e843a	success	0	147	805c8c7334c868e18e2be84be95b83cc60895722d739c2b164a68be4cd410c49	114875			cypher-graph-id-predicate	64	1	fixture-kotlin-compiler-12	1	0	0	1	0	1	1	1	63	1	0
graph-id-parameter-wrapped-contains-target-60-targeted	graph-id	graph-id-parameter-wrapped-contains	targeted	graph-id-parameter-equals-and-wrapped-contains	parameters	properties	200	fixture-kotlin-compiler-12	fixture-kotlin-compiler-12	1	45b0266366bbda196d2004ab993b070c325a01ec90b2c254cb7a89f0070e843a	success	13	7599	88379c6b80e2b23974c6b6a1e2c6fc3f3680ec705c71b7cecbc9a2228bf7fa26	118131		fixture-kotlin-compiler-12	cypher-graph-id-predicate	64	1	fixture-kotlin-compiler-12	1	0	0	1	0	13	1	1	63	1	0
graph-id-parameter-wrapped-contains-target-60-dense	graph-id	graph-id-parameter-wrapped-contains	dense	graph-id-parameter-equals-and-wrapped-contains	parameters	properties	200	fixture-kotlin-compiler-12	fixture-kotlin-compiler-12	1	45b0266366bbda196d2004ab993b070c325a01ec90b2c254cb7a89f0070e843a	success	200	94040	5d662b90e716477fff887768402c85462026d6042e22f1d7fafdb565b9f9efc8	190407		fixture-kotlin-compiler-12	cypher-graph-id-predicate	64	1	fixture-kotlin-compiler-12	1	0	0	1	0	200	1	1	63	1	0
graph-id-parameter-wrapped-contains-target-61-zero	graph-id	graph-id-parameter-wrapped-contains	zero	graph-id-parameter-equals-and-wrapped-contains	parameters	properties	200	fixture-kotlin-compiler-13	fixture-kotlin-compiler-13	1	aedca61396c53e1f40a6a8408974c2e44a02b0dd40978618ab51b02da9ecb430	success	0	147	805c8c7334c868e18e2be84be95b83cc60895722d739c2b164a68be4cd410c49	109756			cypher-graph-id-predicate	64	1	fixture-kotlin-compiler-13	1	0	0	1	0	1	1	1	63	1	0
graph-id-parameter-wrapped-contains-target-61-targeted	graph-id	graph-id-parameter-wrapped-contains	targeted	graph-id-parameter-equals-and-wrapped-contains	parameters	properties	200	fixture-kotlin-compiler-13	fixture-kotlin-compiler-13	1	aedca61396c53e1f40a6a8408974c2e44a02b0dd40978618ab51b02da9ecb430	success	8	5180	b6f5bd5828bd66e4f09f8198b509f3673986060cf32e2725dff13d9bcb4d6e9b	114454		fixture-kotlin-compiler-13	cypher-graph-id-predicate	64	1	fixture-kotlin-compiler-13	1	0	0	1	0	8	1	1	63	1	0
graph-id-parameter-wrapped-contains-target-61-dense	graph-id	graph-id-parameter-wrapped-contains	dense	graph-id-parameter-equals-and-wrapped-contains	parameters	properties	200	fixture-kotlin-compiler-13	fixture-kotlin-compiler-13	1	aedca61396c53e1f40a6a8408974c2e44a02b0dd40978618ab51b02da9ecb430	success	200	93638	00f9fdf9bf9dc94ccc0d67b35cb45c01a8e623cfaedfdb70da1cc1bfa69daf82	239758		fixture-kotlin-compiler-13	cypher-graph-id-predicate	64	1	fixture-kotlin-compiler-13	1	0	0	1	0	200	1	1	63	1	0
graph-id-parameter-wrapped-contains-target-62-zero	graph-id	graph-id-parameter-wrapped-contains	zero	graph-id-parameter-equals-and-wrapped-contains	parameters	properties	200	fixture-kotlin-compiler-14	fixture-kotlin-compiler-14	1	7f28ad9f946e8d01109ca70944e08883f52dd5c6cb287fa2d5fade1909b610b0	success	0	147	805c8c7334c868e18e2be84be95b83cc60895722d739c2b164a68be4cd410c49	125745			cypher-graph-id-predicate	64	1	fixture-kotlin-compiler-14	1	0	0	1	0	1	1	1	63	1	0
graph-id-parameter-wrapped-contains-target-62-targeted	graph-id	graph-id-parameter-wrapped-contains	targeted	graph-id-parameter-equals-and-wrapped-contains	parameters	properties	200	fixture-kotlin-compiler-14	fixture-kotlin-compiler-14	1	7f28ad9f946e8d01109ca70944e08883f52dd5c6cb287fa2d5fade1909b610b0	success	1	877	f04b3035acb1285487cb68f126c796fd316b35c6ce630f1e71efd88436bf28f2	115657		fixture-kotlin-compiler-14	cypher-graph-id-predicate	64	1	fixture-kotlin-compiler-14	1	0	0	1	0	1	1	1	63	1	0
graph-id-parameter-wrapped-contains-target-62-dense	graph-id	graph-id-parameter-wrapped-contains	dense	graph-id-parameter-equals-and-wrapped-contains	parameters	properties	200	fixture-kotlin-compiler-14	fixture-kotlin-compiler-14	1	7f28ad9f946e8d01109ca70944e08883f52dd5c6cb287fa2d5fade1909b610b0	success	200	97449	f19574ac46a01dafc16136d9e8c4835b8d40c72753078eb8a67a1d7d438dd937	313958		fixture-kotlin-compiler-14	cypher-graph-id-predicate	64	1	fixture-kotlin-compiler-14	1	0	0	1	0	200	1	1	63	1	0
graph-id-parameter-wrapped-contains-target-63-zero	graph-id	graph-id-parameter-wrapped-contains	zero	graph-id-parameter-equals-and-wrapped-contains	parameters	properties	200	fixture-kotlin-compiler-15	fixture-kotlin-compiler-15	1	86015e396789c5c1cf86d1df3b0b97987a7b461bfcfb129491f3d758793d1d65	success	0	147	805c8c7334c868e18e2be84be95b83cc60895722d739c2b164a68be4cd410c49	128671			cypher-graph-id-predicate	64	1	fixture-kotlin-compiler-15	1	0	0	1	0	1	1	1	63	1	0
graph-id-parameter-wrapped-contains-target-63-targeted	graph-id	graph-id-parameter-wrapped-contains	targeted	graph-id-parameter-equals-and-wrapped-contains	parameters	properties	200	fixture-kotlin-compiler-15	fixture-kotlin-compiler-15	1	86015e396789c5c1cf86d1df3b0b97987a7b461bfcfb129491f3d758793d1d65	success	1	778	1734729b6952d2a8eff267ca86b458aa4fd5e0c703c1fa60dd66478cd3c49356	124352		fixture-kotlin-compiler-15	cypher-graph-id-predicate	64	1	fixture-kotlin-compiler-15	1	0	0	1	0	1	1	1	63	1	0
graph-id-parameter-wrapped-contains-target-63-dense	graph-id	graph-id-parameter-wrapped-contains	dense	graph-id-parameter-equals-and-wrapped-contains	parameters	properties	200	fixture-kotlin-compiler-15	fixture-kotlin-compiler-15	1	86015e396789c5c1cf86d1df3b0b97987a7b461bfcfb129491f3d758793d1d65	success	200	91412	082721be4b0e9234c67505fe172c638dcb4ef8924db9c6264a191473dfc4e443	265597		fixture-kotlin-compiler-15	cypher-graph-id-predicate	64	1	fixture-kotlin-compiler-15	1	0	0	1	0	200	1	1	63	1	0
request-selected-source-wrapped-contains-target-00-zero	graph-parameter	request-selected-source-wrapped-contains	zero	request-graph-selection-and-wrapped-contains	request-selected-source	properties	200	fixture-android-00	fixture-android-00	1	47c5f2f8275ab2447995a1b45a36cd5b0b70e258e0f75934abd1f0cef5c2b93e	success	0	147	805c8c7334c868e18e2be84be95b83cc60895722d739c2b164a68be4cd410c49	243846			request-selected-source	1	1	fixture-android-00	1	0	0	1	0	1	0	0	0	1	0
request-selected-source-wrapped-contains-target-00-targeted	graph-parameter	request-selected-source-wrapped-contains	targeted	request-graph-selection-and-wrapped-contains	request-selected-source	properties	200	fixture-android-00	fixture-android-00	1	47c5f2f8275ab2447995a1b45a36cd5b0b70e258e0f75934abd1f0cef5c2b93e	success	10	5730	00c81103244dc6d42abdc3894d771e5a24957dcf7e5ad4d8dc686b1d7e0cb89e	1471622		fixture-android-00	request-selected-source	1	1	fixture-android-00	1	0	0	1	0	10	0	0	0	1	0
request-selected-source-wrapped-contains-target-00-dense	graph-parameter	request-selected-source-wrapped-contains	dense	request-graph-selection-and-wrapped-contains	request-selected-source	properties	200	fixture-android-00	fixture-android-00	1	47c5f2f8275ab2447995a1b45a36cd5b0b70e258e0f75934abd1f0cef5c2b93e	success	200	84411	3bdee68309e62bee93f47848258ded90b1763d55841fa57d8b8fd21867653c44	212387		fixture-android-00	request-selected-source	1	1	fixture-android-00	1	0	0	1	0	200	0	0	0	1	0
request-selected-source-wrapped-contains-target-01-zero	graph-parameter	request-selected-source-wrapped-contains	zero	request-graph-selection-and-wrapped-contains	request-selected-source	properties	200	fixture-android-01	fixture-android-01	1	e4528616b87301f557512ab9d9e4e598561300f98d2e85100725c35158534ecc	success	0	147	805c8c7334c868e18e2be84be95b83cc60895722d739c2b164a68be4cd410c49	117901			request-selected-source	1	1	fixture-android-01	1	0	0	1	0	1	0	0	0	1	0
request-selected-source-wrapped-contains-target-01-targeted	graph-parameter	request-selected-source-wrapped-contains	targeted	request-graph-selection-and-wrapped-contains	request-selected-source	properties	200	fixture-android-01	fixture-android-01	1	e4528616b87301f557512ab9d9e4e598561300f98d2e85100725c35158534ecc	success	1	758	b33173a678013ac093c95f3fccc5cd5af96ea18082387e1fc872de4817e234b2	107912		fixture-android-01	request-selected-source	1	1	fixture-android-01	1	0	0	1	0	1	0	0	0	1	0
request-selected-source-wrapped-contains-target-01-dense	graph-parameter	request-selected-source-wrapped-contains	dense	request-graph-selection-and-wrapped-contains	request-selected-source	properties	200	fixture-android-01	fixture-android-01	1	e4528616b87301f557512ab9d9e4e598561300f98d2e85100725c35158534ecc	success	200	84093	d9daf98f04e06930dfeb91ddd4e8ae597b8f9154e54ac1018db6a25ea8ddd84f	218319		fixture-android-01	request-selected-source	1	1	fixture-android-01	1	0	0	1	0	200	0	0	0	1	0
request-selected-source-wrapped-contains-target-02-zero	graph-parameter	request-selected-source-wrapped-contains	zero	request-graph-selection-and-wrapped-contains	request-selected-source	properties	200	fixture-android-02	fixture-android-02	1	1a026780ab945a978bf2d821f0728dd8a679a4b4838c8a3b7703d006d3fae584	success	0	147	805c8c7334c868e18e2be84be95b83cc60895722d739c2b164a68be4cd410c49	117240			request-selected-source	1	1	fixture-android-02	1	0	0	1	0	1	0	0	0	1	0
request-selected-source-wrapped-contains-target-02-targeted	graph-parameter	request-selected-source-wrapped-contains	targeted	request-graph-selection-and-wrapped-contains	request-selected-source	properties	200	fixture-android-02	fixture-android-02	1	1a026780ab945a978bf2d821f0728dd8a679a4b4838c8a3b7703d006d3fae584	success	9	5751	0754b66fd035110585cc31e6af555127395a9cd85c413f0a859de6b596c3b70d	110908		fixture-android-02	request-selected-source	1	1	fixture-android-02	1	0	0	1	0	9	0	0	0	1	0
request-selected-source-wrapped-contains-target-02-dense	graph-parameter	request-selected-source-wrapped-contains	dense	request-graph-selection-and-wrapped-contains	request-selected-source	properties	200	fixture-android-02	fixture-android-02	1	1a026780ab945a978bf2d821f0728dd8a679a4b4838c8a3b7703d006d3fae584	success	200	86930	a289774d080329d12351d967c614eae9b16190b55970a757b1f268e21aee3975	188643		fixture-android-02	request-selected-source	1	1	fixture-android-02	1	0	0	1	0	200	0	0	0	1	0
request-selected-source-wrapped-contains-target-03-zero	graph-parameter	request-selected-source-wrapped-contains	zero	request-graph-selection-and-wrapped-contains	request-selected-source	properties	200	fixture-android-03	fixture-android-03	1	3a085dec137def84e2f0fd6c417ca6216ad5c22c415250ab8d225957a37eb876	success	0	147	805c8c7334c868e18e2be84be95b83cc60895722d739c2b164a68be4cd410c49	110297			request-selected-source	1	1	fixture-android-03	1	0	0	1	0	1	0	0	0	1	0
request-selected-source-wrapped-contains-target-03-targeted	graph-parameter	request-selected-source-wrapped-contains	targeted	request-graph-selection-and-wrapped-contains	request-selected-source	properties	200	fixture-android-03	fixture-android-03	1	3a085dec137def84e2f0fd6c417ca6216ad5c22c415250ab8d225957a37eb876	success	2	1333	77f2da9b0b5a99e6332b957b281149f5e269d152177e36aaa74e86db4bc23bf9	135553		fixture-android-03	request-selected-source	1	1	fixture-android-03	1	0	0	1	0	2	0	0	0	1	0
request-selected-source-wrapped-contains-target-03-dense	graph-parameter	request-selected-source-wrapped-contains	dense	request-graph-selection-and-wrapped-contains	request-selected-source	properties	200	fixture-android-03	fixture-android-03	1	3a085dec137def84e2f0fd6c417ca6216ad5c22c415250ab8d225957a37eb876	success	200	85151	08fbf5fde8e917175e0dca625983535621218120265897bdd0781fe99669b859	205295		fixture-android-03	request-selected-source	1	1	fixture-android-03	1	0	0	1	0	200	0	0	0	1	0
request-selected-source-wrapped-contains-target-04-zero	graph-parameter	request-selected-source-wrapped-contains	zero	request-graph-selection-and-wrapped-contains	request-selected-source	properties	200	fixture-android-04	fixture-android-04	1	72b2db3813782b7057457474cb692d1ab65cbced9ccd76e7a6348806a1a0fdd6	success	0	147	805c8c7334c868e18e2be84be95b83cc60895722d739c2b164a68be4cd410c49	111949			request-selected-source	1	1	fixture-android-04	1	0	0	1	0	1	0	0	0	1	0
request-selected-source-wrapped-contains-target-04-targeted	graph-parameter	request-selected-source-wrapped-contains	targeted	request-graph-selection-and-wrapped-contains	request-selected-source	properties	200	fixture-android-04	fixture-android-04	1	72b2db3813782b7057457474cb692d1ab65cbced9ccd76e7a6348806a1a0fdd6	success	9	5762	527d81de9e8ca9f5fe9ad0166e1e1711fbccaf3c53281e7e95375f6d55e3a3c7	109355		fixture-android-04	request-selected-source	1	1	fixture-android-04	1	0	0	1	0	9	0	0	0	1	0
request-selected-source-wrapped-contains-target-04-dense	graph-parameter	request-selected-source-wrapped-contains	dense	request-graph-selection-and-wrapped-contains	request-selected-source	properties	200	fixture-android-04	fixture-android-04	1	72b2db3813782b7057457474cb692d1ab65cbced9ccd76e7a6348806a1a0fdd6	success	200	86152	85d9bac3392391ae56f1f03af81d888f398336c8e33a1ef1e42c5409f746f730	586449		fixture-android-04	request-selected-source	1	1	fixture-android-04	1	0	0	1	0	200	0	0	0	1	0
request-selected-source-wrapped-contains-target-05-zero	graph-parameter	request-selected-source-wrapped-contains	zero	request-graph-selection-and-wrapped-contains	request-selected-source	properties	200	fixture-android-05	fixture-android-05	1	9ccc65db4edf2ad696714957f6291e11ba1a158b062c135b909367736aa1cb91	success	0	147	805c8c7334c868e18e2be84be95b83cc60895722d739c2b164a68be4cd410c49	143779			request-selected-source	1	1	fixture-android-05	1	0	0	1	0	1	0	0	0	1	0
request-selected-source-wrapped-contains-target-05-targeted	graph-parameter	request-selected-source-wrapped-contains	targeted	request-graph-selection-and-wrapped-contains	request-selected-source	properties	200	fixture-android-05	fixture-android-05	1	9ccc65db4edf2ad696714957f6291e11ba1a158b062c135b909367736aa1cb91	success	9	5751	48fbef6ae3373a73cfbd3690497aae4d0773c2f4ddadb5d217061398978bcac5	117089		fixture-android-05	request-selected-source	1	1	fixture-android-05	1	0	0	1	0	9	0	0	0	1	0
request-selected-source-wrapped-contains-target-05-dense	graph-parameter	request-selected-source-wrapped-contains	dense	request-graph-selection-and-wrapped-contains	request-selected-source	properties	200	fixture-android-05	fixture-android-05	1	9ccc65db4edf2ad696714957f6291e11ba1a158b062c135b909367736aa1cb91	success	200	90860	57ae61ccbdbf1e83a9ab8de2923c4ac26bcc634ed53a2f1c1a3ee3682afe8cd8	180228		fixture-android-05	request-selected-source	1	1	fixture-android-05	1	0	0	1	0	200	0	0	0	1	0
request-selected-source-wrapped-contains-target-06-zero	graph-parameter	request-selected-source-wrapped-contains	zero	request-graph-selection-and-wrapped-contains	request-selected-source	properties	200	fixture-android-06	fixture-android-06	1	aef2397f89755e0b59e944f9b6062fb5611eea3ea4b05762643e082168bd9526	success	0	147	805c8c7334c868e18e2be84be95b83cc60895722d739c2b164a68be4cd410c49	100178			request-selected-source	1	1	fixture-android-06	1	0	0	1	0	1	0	0	0	1	0
request-selected-source-wrapped-contains-target-06-targeted	graph-parameter	request-selected-source-wrapped-contains	targeted	request-graph-selection-and-wrapped-contains	request-selected-source	properties	200	fixture-android-06	fixture-android-06	1	aef2397f89755e0b59e944f9b6062fb5611eea3ea4b05762643e082168bd9526	success	1	734	2c8962bfda6df26238f145f32f089e1ccdb69cc26ea9c2fde590f543638ba060	106400		fixture-android-06	request-selected-source	1	1	fixture-android-06	1	0	0	1	0	1	0	0	0	1	0
request-selected-source-wrapped-contains-target-06-dense	graph-parameter	request-selected-source-wrapped-contains	dense	request-graph-selection-and-wrapped-contains	request-selected-source	properties	200	fixture-android-06	fixture-android-06	1	aef2397f89755e0b59e944f9b6062fb5611eea3ea4b05762643e082168bd9526	success	200	83941	f7f169fb4cd9a2408b058d9e03502907fe0d9372ba70f2f3749aeaffa464e292	165881		fixture-android-06	request-selected-source	1	1	fixture-android-06	1	0	0	1	0	200	0	0	0	1	0
request-selected-source-wrapped-contains-target-07-zero	graph-parameter	request-selected-source-wrapped-contains	zero	request-graph-selection-and-wrapped-contains	request-selected-source	properties	200	fixture-android-07	fixture-android-07	1	2884fe5070e6e70bd2c44e54af37c56e2cfd19343a8721d5b36093d7d1db0f7d	success	0	147	805c8c7334c868e18e2be84be95b83cc60895722d739c2b164a68be4cd410c49	135473			request-selected-source	1	1	fixture-android-07	1	0	0	1	0	1	0	0	0	1	0
request-selected-source-wrapped-contains-target-07-targeted	graph-parameter	request-selected-source-wrapped-contains	targeted	request-graph-selection-and-wrapped-contains	request-selected-source	properties	200	fixture-android-07	fixture-android-07	1	2884fe5070e6e70bd2c44e54af37c56e2cfd19343a8721d5b36093d7d1db0f7d	success	1	762	d5674d7adcd2d58f93c5f2849f690003bc45d523850181c23ceaa0aacd7e6709	144059		fixture-android-07	request-selected-source	1	1	fixture-android-07	1	0	0	1	0	1	0	0	0	1	0
request-selected-source-wrapped-contains-target-07-dense	graph-parameter	request-selected-source-wrapped-contains	dense	request-graph-selection-and-wrapped-contains	request-selected-source	properties	200	fixture-android-07	fixture-android-07	1	2884fe5070e6e70bd2c44e54af37c56e2cfd19343a8721d5b36093d7d1db0f7d	success	200	84999	35604ee2a3d19ee64c97fa99f4be154714c60028f948c7a23f75b925d4520a5d	226664		fixture-android-07	request-selected-source	1	1	fixture-android-07	1	0	0	1	0	200	0	0	0	1	0
request-selected-source-wrapped-contains-target-08-zero	graph-parameter	request-selected-source-wrapped-contains	zero	request-graph-selection-and-wrapped-contains	request-selected-source	properties	200	fixture-android-08	fixture-android-08	1	25fcd87fe0d089932a1b7f325e822252e3042b73178c7aa80e1c0d12bcef2e47	success	0	147	805c8c7334c868e18e2be84be95b83cc60895722d739c2b164a68be4cd410c49	117990			request-selected-source	1	1	fixture-android-08	1	0	0	1	0	1	0	0	0	1	0
request-selected-source-wrapped-contains-target-08-targeted	graph-parameter	request-selected-source-wrapped-contains	targeted	request-graph-selection-and-wrapped-contains	request-selected-source	properties	200	fixture-android-08	fixture-android-08	1	25fcd87fe0d089932a1b7f325e822252e3042b73178c7aa80e1c0d12bcef2e47	success	2	1322	4b49b28d836e57c2c3f8d43a93acd00a93b169fcd603338f9ab350f541e9665c	114594		fixture-android-08	request-selected-source	1	1	fixture-android-08	1	0	0	1	0	2	0	0	0	1	0
request-selected-source-wrapped-contains-target-08-dense	graph-parameter	request-selected-source-wrapped-contains	dense	request-graph-selection-and-wrapped-contains	request-selected-source	properties	200	fixture-android-08	fixture-android-08	1	25fcd87fe0d089932a1b7f325e822252e3042b73178c7aa80e1c0d12bcef2e47	success	200	85531	ed34441ff634f19c276911a1fa193106a9070fde1065b57fc7ec71132b8d5f66	182040		fixture-android-08	request-selected-source	1	1	fixture-android-08	1	0	0	1	0	200	0	0	0	1	0
request-selected-source-wrapped-contains-target-09-zero	graph-parameter	request-selected-source-wrapped-contains	zero	request-graph-selection-and-wrapped-contains	request-selected-source	properties	200	fixture-android-09	fixture-android-09	1	976770abc561e74e52c74c7f3b827fe70800ef502defdde9a4fa534aa511bd33	success	0	147	805c8c7334c868e18e2be84be95b83cc60895722d739c2b164a68be4cd410c49	115897			request-selected-source	1	1	fixture-android-09	1	0	0	1	0	1	0	0	0	1	0
request-selected-source-wrapped-contains-target-09-targeted	graph-parameter	request-selected-source-wrapped-contains	targeted	request-graph-selection-and-wrapped-contains	request-selected-source	properties	200	fixture-android-09	fixture-android-09	1	976770abc561e74e52c74c7f3b827fe70800ef502defdde9a4fa534aa511bd33	success	1	758	cd83129b7654f9c1ac40c94032a03833f5b559e4d6d903ce58c899d274674334	118973		fixture-android-09	request-selected-source	1	1	fixture-android-09	1	0	0	1	0	1	0	0	0	1	0
request-selected-source-wrapped-contains-target-09-dense	graph-parameter	request-selected-source-wrapped-contains	dense	request-graph-selection-and-wrapped-contains	request-selected-source	properties	200	fixture-android-09	fixture-android-09	1	976770abc561e74e52c74c7f3b827fe70800ef502defdde9a4fa534aa511bd33	success	200	84710	8302a9dc08d5cf465b56333dad5757a62c24d743692acbdbf8e81919ebd097a0	178545		fixture-android-09	request-selected-source	1	1	fixture-android-09	1	0	0	1	0	200	0	0	0	1	0
request-selected-source-wrapped-contains-target-10-zero	graph-parameter	request-selected-source-wrapped-contains	zero	request-graph-selection-and-wrapped-contains	request-selected-source	properties	200	fixture-android-10	fixture-android-10	1	b80280988a4b3197bdd2348d3550b46e5d99e01f6e4a1abcb8668612b4a7bcf1	success	0	147	805c8c7334c868e18e2be84be95b83cc60895722d739c2b164a68be4cd410c49	115917			request-selected-source	1	1	fixture-android-10	1	0	0	1	0	1	0	0	0	1	0
request-selected-source-wrapped-contains-target-10-targeted	graph-parameter	request-selected-source-wrapped-contains	targeted	request-graph-selection-and-wrapped-contains	request-selected-source	properties	200	fixture-android-10	fixture-android-10	1	b80280988a4b3197bdd2348d3550b46e5d99e01f6e4a1abcb8668612b4a7bcf1	success	1	821	f3f4d5fb39ff9fde7dcf6d88e4f52bcc4c277ed98626ccca0b17c4ddbb20b035	124543		fixture-android-10	request-selected-source	1	1	fixture-android-10	1	0	0	1	0	1	0	0	0	1	0
request-selected-source-wrapped-contains-target-10-dense	graph-parameter	request-selected-source-wrapped-contains	dense	request-graph-selection-and-wrapped-contains	request-selected-source	properties	200	fixture-android-10	fixture-android-10	1	b80280988a4b3197bdd2348d3550b46e5d99e01f6e4a1abcb8668612b4a7bcf1	success	200	86914	eec30bd784e53b80ccd384559e9d1f853b8152ad8db90ad1f27d391bf03fc0d8	170869		fixture-android-10	request-selected-source	1	1	fixture-android-10	1	0	0	1	0	200	0	0	0	1	0
request-selected-source-wrapped-contains-target-11-zero	graph-parameter	request-selected-source-wrapped-contains	zero	request-graph-selection-and-wrapped-contains	request-selected-source	properties	200	fixture-android-11	fixture-android-11	1	ff7c9f064acf1b8f0c7104242efebdb73dfcc6db0739150c3d56bcc4ebbfb47f	success	0	147	805c8c7334c868e18e2be84be95b83cc60895722d739c2b164a68be4cd410c49	113483			request-selected-source	1	1	fixture-android-11	1	0	0	1	0	1	0	0	0	1	0
request-selected-source-wrapped-contains-target-11-targeted	graph-parameter	request-selected-source-wrapped-contains	targeted	request-graph-selection-and-wrapped-contains	request-selected-source	properties	200	fixture-android-11	fixture-android-11	1	ff7c9f064acf1b8f0c7104242efebdb73dfcc6db0739150c3d56bcc4ebbfb47f	success	1	758	f8ea31527e372a7d8e0f896bc894b97d788067aa20d0af371a4239382f72a4d1	129256		fixture-android-11	request-selected-source	1	1	fixture-android-11	1	0	0	1	0	1	0	0	0	1	0
request-selected-source-wrapped-contains-target-11-dense	graph-parameter	request-selected-source-wrapped-contains	dense	request-graph-selection-and-wrapped-contains	request-selected-source	properties	200	fixture-android-11	fixture-android-11	1	ff7c9f064acf1b8f0c7104242efebdb73dfcc6db0739150c3d56bcc4ebbfb47f	success	200	84862	36598e3ab73085dce50e849dda8b6a32b1088eab3f02f052e9536f16613b5d4b	178895		fixture-android-11	request-selected-source	1	1	fixture-android-11	1	0	0	1	0	200	0	0	0	1	0
request-selected-source-wrapped-contains-target-12-zero	graph-parameter	request-selected-source-wrapped-contains	zero	request-graph-selection-and-wrapped-contains	request-selected-source	properties	200	fixture-android-12	fixture-android-12	1	fbfd92bdb617f8eef3c84ce77e1116d4f0d1116a40b9fc543770c1a430e829ec	success	0	147	805c8c7334c868e18e2be84be95b83cc60895722d739c2b164a68be4cd410c49	110747			request-selected-source	1	1	fixture-android-12	1	0	0	1	0	1	0	0	0	1	0
request-selected-source-wrapped-contains-target-12-targeted	graph-parameter	request-selected-source-wrapped-contains	targeted	request-graph-selection-and-wrapped-contains	request-selected-source	properties	200	fixture-android-12	fixture-android-12	1	fbfd92bdb617f8eef3c84ce77e1116d4f0d1116a40b9fc543770c1a430e829ec	success	2	1348	569ba2c2d8626f5c6804b713aa9f9bd5155648246e0bb082ab37cf407a3ccee9	104967		fixture-android-12	request-selected-source	1	1	fixture-android-12	1	0	0	1	0	2	0	0	0	1	0
request-selected-source-wrapped-contains-target-12-dense	graph-parameter	request-selected-source-wrapped-contains	dense	request-graph-selection-and-wrapped-contains	request-selected-source	properties	200	fixture-android-12	fixture-android-12	1	fbfd92bdb617f8eef3c84ce77e1116d4f0d1116a40b9fc543770c1a430e829ec	success	200	85894	f22afa8ccaad259750ce50e850502822308b2565f707f284de32cd44d5ef328a	232906		fixture-android-12	request-selected-source	1	1	fixture-android-12	1	0	0	1	0	200	0	0	0	1	0
request-selected-source-wrapped-contains-target-13-zero	graph-parameter	request-selected-source-wrapped-contains	zero	request-graph-selection-and-wrapped-contains	request-selected-source	properties	200	fixture-android-13	fixture-android-13	1	99b23d6e37ddba640f96acd0d7b903185c9b38cc0e6df93374f9fe569bbc4c38	success	0	147	805c8c7334c868e18e2be84be95b83cc60895722d739c2b164a68be4cd410c49	114314			request-selected-source	1	1	fixture-android-13	1	0	0	1	0	1	0	0	0	1	0
request-selected-source-wrapped-contains-target-13-targeted	graph-parameter	request-selected-source-wrapped-contains	targeted	request-graph-selection-and-wrapped-contains	request-selected-source	properties	200	fixture-android-13	fixture-android-13	1	99b23d6e37ddba640f96acd0d7b903185c9b38cc0e6df93374f9fe569bbc4c38	success	5	2824	ebb699b5b0554cc639408add00ca9d9aae37f3553c5e6ea606cb7e66e171933f	134762		fixture-android-13	request-selected-source	1	1	fixture-android-13	1	0	0	1	0	5	0	0	0	1	0
request-selected-source-wrapped-contains-target-13-dense	graph-parameter	request-selected-source-wrapped-contains	dense	request-graph-selection-and-wrapped-contains	request-selected-source	properties	200	fixture-android-13	fixture-android-13	1	99b23d6e37ddba640f96acd0d7b903185c9b38cc0e6df93374f9fe569bbc4c38	success	200	86344	2e714969993f2a86ba5c715dc52b2c7d6dbaed9b2320da2399ecdf29ec9f1e4e	174496		fixture-android-13	request-selected-source	1	1	fixture-android-13	1	0	0	1	0	200	0	0	0	1	0
request-selected-source-wrapped-contains-target-14-zero	graph-parameter	request-selected-source-wrapped-contains	zero	request-graph-selection-and-wrapped-contains	request-selected-source	properties	200	fixture-android-14	fixture-android-14	1	caf42d54ef3437f216c963929327ed5ef3f52ce080fa2be4c3305c2370617ab1	success	0	147	805c8c7334c868e18e2be84be95b83cc60895722d739c2b164a68be4cd410c49	104065			request-selected-source	1	1	fixture-android-14	1	0	0	1	0	1	0	0	0	1	0
request-selected-source-wrapped-contains-target-14-targeted	graph-parameter	request-selected-source-wrapped-contains	targeted	request-graph-selection-and-wrapped-contains	request-selected-source	properties	200	fixture-android-14	fixture-android-14	1	caf42d54ef3437f216c963929327ed5ef3f52ce080fa2be4c3305c2370617ab1	success	3	1887	cfce92c06f8a0a93444f0ec3592aad57c255799cc7a1286e673f5c8cc3173d20	104606		fixture-android-14	request-selected-source	1	1	fixture-android-14	1	0	0	1	0	3	0	0	0	1	0
request-selected-source-wrapped-contains-target-14-dense	graph-parameter	request-selected-source-wrapped-contains	dense	request-graph-selection-and-wrapped-contains	request-selected-source	properties	200	fixture-android-14	fixture-android-14	1	caf42d54ef3437f216c963929327ed5ef3f52ce080fa2be4c3305c2370617ab1	success	200	88102	f384f54b9e0494c603dd9e83eb2ca0ad0386a359a2e1d6a356e225c072977e41	194725		fixture-android-14	request-selected-source	1	1	fixture-android-14	1	0	0	1	0	200	0	0	0	1	0
request-selected-source-wrapped-contains-target-15-zero	graph-parameter	request-selected-source-wrapped-contains	zero	request-graph-selection-and-wrapped-contains	request-selected-source	properties	200	fixture-android-15	fixture-android-15	1	396286291622042417a1e42f88e1a07f9e973d88a4b45b59c7408d3e8fe8e4cd	success	0	147	805c8c7334c868e18e2be84be95b83cc60895722d739c2b164a68be4cd410c49	101220			request-selected-source	1	1	fixture-android-15	1	0	0	1	0	1	0	0	0	1	0
request-selected-source-wrapped-contains-target-15-targeted	graph-parameter	request-selected-source-wrapped-contains	targeted	request-graph-selection-and-wrapped-contains	request-selected-source	properties	200	fixture-android-15	fixture-android-15	1	396286291622042417a1e42f88e1a07f9e973d88a4b45b59c7408d3e8fe8e4cd	success	1	765	ae20f86c5a0d43140079bdbb52041ad145178823d6189b8171bbe58dc0d82dcc	104466		fixture-android-15	request-selected-source	1	1	fixture-android-15	1	0	0	1	0	1	0	0	0	1	0
request-selected-source-wrapped-contains-target-15-dense	graph-parameter	request-selected-source-wrapped-contains	dense	request-graph-selection-and-wrapped-contains	request-selected-source	properties	200	fixture-android-15	fixture-android-15	1	396286291622042417a1e42f88e1a07f9e973d88a4b45b59c7408d3e8fe8e4cd	success	200	82358	6db1e45464dd1e42fc627a3ee68393b586d132e4817f87f1da72cb180e7925bb	185677		fixture-android-15	request-selected-source	1	1	fixture-android-15	1	0	0	1	0	200	0	0	0	1	0
request-selected-source-wrapped-contains-target-16-zero	graph-parameter	request-selected-source-wrapped-contains	zero	request-graph-selection-and-wrapped-contains	request-selected-source	properties	200	fixture-tika-00	fixture-tika-00	1	3ffa856892be3e0263f2c72254cefdb4bafce48e10eea2a8426b6af88f144658	success	0	147	805c8c7334c868e18e2be84be95b83cc60895722d739c2b164a68be4cd410c49	135824			request-selected-source	1	1	fixture-tika-00	1	0	0	1	0	1	0	0	0	1	0
request-selected-source-wrapped-contains-target-16-targeted	graph-parameter	request-selected-source-wrapped-contains	targeted	request-graph-selection-and-wrapped-contains	request-selected-source	properties	200	fixture-tika-00	fixture-tika-00	1	3ffa856892be3e0263f2c72254cefdb4bafce48e10eea2a8426b6af88f144658	success	1	771	41ad9b5110585bc89df35b9d0a0c6bd66daaf6c239b4212552d078b2f2a28c34	104576		fixture-tika-00	request-selected-source	1	1	fixture-tika-00	1	0	0	1	0	1	0	0	0	1	0
request-selected-source-wrapped-contains-target-16-dense	graph-parameter	request-selected-source-wrapped-contains	dense	request-graph-selection-and-wrapped-contains	request-selected-source	properties	200	fixture-tika-00	fixture-tika-00	1	3ffa856892be3e0263f2c72254cefdb4bafce48e10eea2a8426b6af88f144658	success	200	94237	51b180cd96740a311cc61165baa84cc05517b2f28ac6c70debc25f8e14514414	163155		fixture-tika-00	request-selected-source	1	1	fixture-tika-00	1	0	0	1	0	200	0	0	0	1	0
request-selected-source-wrapped-contains-target-17-zero	graph-parameter	request-selected-source-wrapped-contains	zero	request-graph-selection-and-wrapped-contains	request-selected-source	properties	200	fixture-tika-01	fixture-tika-01	1	5bd11253ba6bcbac28c2d0805dbd50585f63593fbbabbc299bce9c8b5e4238f0	success	0	147	805c8c7334c868e18e2be84be95b83cc60895722d739c2b164a68be4cd410c49	125495			request-selected-source	1	1	fixture-tika-01	1	0	0	1	0	1	0	0	0	1	0
request-selected-source-wrapped-contains-target-17-targeted	graph-parameter	request-selected-source-wrapped-contains	targeted	request-graph-selection-and-wrapped-contains	request-selected-source	properties	200	fixture-tika-01	fixture-tika-01	1	5bd11253ba6bcbac28c2d0805dbd50585f63593fbbabbc299bce9c8b5e4238f0	success	5	2976	7d286938fe2f40cd4cb86cd26be11c3221bfff86202fa9b705bdc1c77967743f	109185		fixture-tika-01	request-selected-source	1	1	fixture-tika-01	1	0	0	1	0	5	0	0	0	1	0
request-selected-source-wrapped-contains-target-17-dense	graph-parameter	request-selected-source-wrapped-contains	dense	request-graph-selection-and-wrapped-contains	request-selected-source	properties	200	fixture-tika-01	fixture-tika-01	1	5bd11253ba6bcbac28c2d0805dbd50585f63593fbbabbc299bce9c8b5e4238f0	success	200	92381	87c915d88746be4a40b85e67e7de71966365a455358cc138185e5c1f5bcf1251	276066		fixture-tika-01	request-selected-source	1	1	fixture-tika-01	1	0	0	1	0	200	0	0	0	1	0
request-selected-source-wrapped-contains-target-18-zero	graph-parameter	request-selected-source-wrapped-contains	zero	request-graph-selection-and-wrapped-contains	request-selected-source	properties	200	fixture-tika-02	fixture-tika-02	1	4f53553340fcd09378fe28c9d287d1bd3c78d0e5004534ad87493f082178a0db	success	0	147	805c8c7334c868e18e2be84be95b83cc60895722d739c2b164a68be4cd410c49	104635			request-selected-source	1	1	fixture-tika-02	1	0	0	1	0	1	0	0	0	1	0
request-selected-source-wrapped-contains-target-18-targeted	graph-parameter	request-selected-source-wrapped-contains	targeted	request-graph-selection-and-wrapped-contains	request-selected-source	properties	200	fixture-tika-02	fixture-tika-02	1	4f53553340fcd09378fe28c9d287d1bd3c78d0e5004534ad87493f082178a0db	success	12	6781	abf0682228739bdef1eb0d4b5b1449d7697f9412e644bd07a974f6e04213652e	176951		fixture-tika-02	request-selected-source	1	1	fixture-tika-02	1	0	0	1	0	12	0	0	0	1	0
request-selected-source-wrapped-contains-target-18-dense	graph-parameter	request-selected-source-wrapped-contains	dense	request-graph-selection-and-wrapped-contains	request-selected-source	properties	200	fixture-tika-02	fixture-tika-02	1	4f53553340fcd09378fe28c9d287d1bd3c78d0e5004534ad87493f082178a0db	success	200	95198	7d65fbc43e0cf8a1d4323c709e6963c32bdea3f389f5b683f619eee1fd79dc90	195426		fixture-tika-02	request-selected-source	1	1	fixture-tika-02	1	0	0	1	0	200	0	0	0	1	0
request-selected-source-wrapped-contains-target-19-zero	graph-parameter	request-selected-source-wrapped-contains	zero	request-graph-selection-and-wrapped-contains	request-selected-source	properties	200	fixture-tika-03	fixture-tika-03	1	e68986e5919884640710cc61d8f44310a6d888f55992390edbcc7ae70b8b8fa8	success	0	147	805c8c7334c868e18e2be84be95b83cc60895722d739c2b164a68be4cd410c49	136385			request-selected-source	1	1	fixture-tika-03	1	0	0	1	0	1	0	0	0	1	0
request-selected-source-wrapped-contains-target-19-targeted	graph-parameter	request-selected-source-wrapped-contains	targeted	request-graph-selection-and-wrapped-contains	request-selected-source	properties	200	fixture-tika-03	fixture-tika-03	1	e68986e5919884640710cc61d8f44310a6d888f55992390edbcc7ae70b8b8fa8	success	11	6327	72232d5a8299b69c619beb4cebd0967a4ca8f1378844d7914f795f7c5126cc48	125846		fixture-tika-03	request-selected-source	1	1	fixture-tika-03	1	0	0	1	0	11	0	0	0	1	0
request-selected-source-wrapped-contains-target-19-dense	graph-parameter	request-selected-source-wrapped-contains	dense	request-graph-selection-and-wrapped-contains	request-selected-source	properties	200	fixture-tika-03	fixture-tika-03	1	e68986e5919884640710cc61d8f44310a6d888f55992390edbcc7ae70b8b8fa8	success	200	96673	6ab8193cda24a8f589b0e7412ffcc3549afc3180a092c899437bb3ef2f8324ef	182442		fixture-tika-03	request-selected-source	1	1	fixture-tika-03	1	0	0	1	0	200	0	0	0	1	0
request-selected-source-wrapped-contains-target-20-zero	graph-parameter	request-selected-source-wrapped-contains	zero	request-graph-selection-and-wrapped-contains	request-selected-source	properties	200	fixture-tika-04	fixture-tika-04	1	2d9d29e96c28d6df21e1933cc2da3a076217ec4c30461070c5e997e04aa952cb	success	0	147	805c8c7334c868e18e2be84be95b83cc60895722d739c2b164a68be4cd410c49	103964			request-selected-source	1	1	fixture-tika-04	1	0	0	1	0	1	0	0	0	1	0
request-selected-source-wrapped-contains-target-20-targeted	graph-parameter	request-selected-source-wrapped-contains	targeted	request-graph-selection-and-wrapped-contains	request-selected-source	properties	200	fixture-tika-04	fixture-tika-04	1	2d9d29e96c28d6df21e1933cc2da3a076217ec4c30461070c5e997e04aa952cb	success	1	763	7811e1c0f64fb9174b112349d7a5f89fec8a71f59a6b66db3b1e97241f5dc93c	154910		fixture-tika-04	request-selected-source	1	1	fixture-tika-04	1	0	0	1	0	1	0	0	0	1	0
request-selected-source-wrapped-contains-target-20-dense	graph-parameter	request-selected-source-wrapped-contains	dense	request-graph-selection-and-wrapped-contains	request-selected-source	properties	200	fixture-tika-04	fixture-tika-04	1	2d9d29e96c28d6df21e1933cc2da3a076217ec4c30461070c5e997e04aa952cb	success	200	91604	a93cd6116bda146e01916f4ab7d54aa664da5b5c2287de109c82d6c48fcd38f8	358053		fixture-tika-04	request-selected-source	1	1	fixture-tika-04	1	0	0	1	0	200	0	0	0	1	0
request-selected-source-wrapped-contains-target-21-zero	graph-parameter	request-selected-source-wrapped-contains	zero	request-graph-selection-and-wrapped-contains	request-selected-source	properties	200	fixture-tika-05	fixture-tika-05	1	a70ca503c8d7edc9fd5b26430e9c4bd9517cfcf9084469733cfeff8a4fef63f8	success	0	147	805c8c7334c868e18e2be84be95b83cc60895722d739c2b164a68be4cd410c49	143077			request-selected-source	1	1	fixture-tika-05	1	0	0	1	0	1	0	0	0	1	0
request-selected-source-wrapped-contains-target-21-targeted	graph-parameter	request-selected-source-wrapped-contains	targeted	request-graph-selection-and-wrapped-contains	request-selected-source	properties	200	fixture-tika-05	fixture-tika-05	1	a70ca503c8d7edc9fd5b26430e9c4bd9517cfcf9084469733cfeff8a4fef63f8	success	1	765	1cf450577b12b3b6a7c19f53479709a92a169add0c4f9defecbc55254bf8d5b3	230070		fixture-tika-05	request-selected-source	1	1	fixture-tika-05	1	0	0	1	0	1	0	0	0	1	0
request-selected-source-wrapped-contains-target-21-dense	graph-parameter	request-selected-source-wrapped-contains	dense	request-graph-selection-and-wrapped-contains	request-selected-source	properties	200	fixture-tika-05	fixture-tika-05	1	a70ca503c8d7edc9fd5b26430e9c4bd9517cfcf9084469733cfeff8a4fef63f8	success	200	96334	eb6b03599a26f520b43896ee6af6cb6d2a3ec0783b66a0bcb29642b029a4b6eb	193452		fixture-tika-05	request-selected-source	1	1	fixture-tika-05	1	0	0	1	0	200	0	0	0	1	0
request-selected-source-wrapped-contains-target-22-zero	graph-parameter	request-selected-source-wrapped-contains	zero	request-graph-selection-and-wrapped-contains	request-selected-source	properties	200	fixture-tika-06	fixture-tika-06	1	629a75c155a37bcac72d6d131b20156694ded2e8aa1abe1c7f03ac03374020b7	success	0	147	805c8c7334c868e18e2be84be95b83cc60895722d739c2b164a68be4cd410c49	124633			request-selected-source	1	1	fixture-tika-06	1	0	0	1	0	1	0	0	0	1	0
request-selected-source-wrapped-contains-target-22-targeted	graph-parameter	request-selected-source-wrapped-contains	targeted	request-graph-selection-and-wrapped-contains	request-selected-source	properties	200	fixture-tika-06	fixture-tika-06	1	629a75c155a37bcac72d6d131b20156694ded2e8aa1abe1c7f03ac03374020b7	success	11	6331	43d88524d9da26840d520d8260a6801a2d864c2023e9806c3df4a5e673a5fd66	123070		fixture-tika-06	request-selected-source	1	1	fixture-tika-06	1	0	0	1	0	11	0	0	0	1	0
request-selected-source-wrapped-contains-target-22-dense	graph-parameter	request-selected-source-wrapped-contains	dense	request-graph-selection-and-wrapped-contains	request-selected-source	properties	200	fixture-tika-06	fixture-tika-06	1	629a75c155a37bcac72d6d131b20156694ded2e8aa1abe1c7f03ac03374020b7	success	200	98397	b1cc908cf8cd6a2354b320afca9ad225990c59be93a53ddc3912afb3b0d46d7b	240076		fixture-tika-06	request-selected-source	1	1	fixture-tika-06	1	0	0	1	0	200	0	0	0	1	0
request-selected-source-wrapped-contains-target-23-zero	graph-parameter	request-selected-source-wrapped-contains	zero	request-graph-selection-and-wrapped-contains	request-selected-source	properties	200	fixture-tika-07	fixture-tika-07	1	1f60bc193af0a0c32ae2bc0a840b7da98c896a5343d2d4a4871500ea55b0d8a0	success	0	147	805c8c7334c868e18e2be84be95b83cc60895722d739c2b164a68be4cd410c49	116037			request-selected-source	1	1	fixture-tika-07	1	0	0	1	0	1	0	0	0	1	0
request-selected-source-wrapped-contains-target-23-targeted	graph-parameter	request-selected-source-wrapped-contains	targeted	request-graph-selection-and-wrapped-contains	request-selected-source	properties	200	fixture-tika-07	fixture-tika-07	1	1f60bc193af0a0c32ae2bc0a840b7da98c896a5343d2d4a4871500ea55b0d8a0	success	11	6135	718b52d4d32659cb9b39b84bdb87d6226a9be4436e73fa316936d1333dfa50c0	108654		fixture-tika-07	request-selected-source	1	1	fixture-tika-07	1	0	0	1	0	11	0	0	0	1	0
request-selected-source-wrapped-contains-target-23-dense	graph-parameter	request-selected-source-wrapped-contains	dense	request-graph-selection-and-wrapped-contains	request-selected-source	properties	200	fixture-tika-07	fixture-tika-07	1	1f60bc193af0a0c32ae2bc0a840b7da98c896a5343d2d4a4871500ea55b0d8a0	success	200	95056	d5aa9163a912371065002f30549de9cefea57af859f009a275e381b0a849633e	161041		fixture-tika-07	request-selected-source	1	1	fixture-tika-07	1	0	0	1	0	200	0	0	0	1	0
request-selected-source-wrapped-contains-target-24-zero	graph-parameter	request-selected-source-wrapped-contains	zero	request-graph-selection-and-wrapped-contains	request-selected-source	properties	200	fixture-tika-08	fixture-tika-08	1	e9768e2189edf3079c0f4ce1fe9374fe3873b9ef6253d25bd7952c9e3f9e2f89	success	0	147	805c8c7334c868e18e2be84be95b83cc60895722d739c2b164a68be4cd410c49	98244			request-selected-source	1	1	fixture-tika-08	1	0	0	1	0	1	0	0	0	1	0
request-selected-source-wrapped-contains-target-24-targeted	graph-parameter	request-selected-source-wrapped-contains	targeted	request-graph-selection-and-wrapped-contains	request-selected-source	properties	200	fixture-tika-08	fixture-tika-08	1	e9768e2189edf3079c0f4ce1fe9374fe3873b9ef6253d25bd7952c9e3f9e2f89	success	1	754	033650595463ffba6f1f515fc8a38ba023fdd37a0e2442442be40f2d8baee0b4	106910		fixture-tika-08	request-selected-source	1	1	fixture-tika-08	1	0	0	1	0	1	0	0	0	1	0
request-selected-source-wrapped-contains-target-24-dense	graph-parameter	request-selected-source-wrapped-contains	dense	request-graph-selection-and-wrapped-contains	request-selected-source	properties	200	fixture-tika-08	fixture-tika-08	1	e9768e2189edf3079c0f4ce1fe9374fe3873b9ef6253d25bd7952c9e3f9e2f89	success	200	96144	13cc3d04be15c5d98101b6676211e0260c08571becd6cbc7be1dcfad1b7efce8	166772		fixture-tika-08	request-selected-source	1	1	fixture-tika-08	1	0	0	1	0	200	0	0	0	1	0
request-selected-source-wrapped-contains-target-25-zero	graph-parameter	request-selected-source-wrapped-contains	zero	request-graph-selection-and-wrapped-contains	request-selected-source	properties	200	fixture-tika-09	fixture-tika-09	1	f96e2b0b7f375cf347f289b0d59b047835095d1452b52dcff16ad07fa5ff5aaa	success	0	147	805c8c7334c868e18e2be84be95b83cc60895722d739c2b164a68be4cd410c49	112090			request-selected-source	1	1	fixture-tika-09	1	0	0	1	0	1	0	0	0	1	0
request-selected-source-wrapped-contains-target-25-targeted	graph-parameter	request-selected-source-wrapped-contains	targeted	request-graph-selection-and-wrapped-contains	request-selected-source	properties	200	fixture-tika-09	fixture-tika-09	1	f96e2b0b7f375cf347f289b0d59b047835095d1452b52dcff16ad07fa5ff5aaa	success	17	9434	57a7fb26e2c1557848eddaabb17076d92c9b2ef2e0ff6b92be3de4374fe1fa9b	112651		fixture-tika-09	request-selected-source	1	1	fixture-tika-09	1	0	0	1	0	17	0	0	0	1	0
request-selected-source-wrapped-contains-target-25-dense	graph-parameter	request-selected-source-wrapped-contains	dense	request-graph-selection-and-wrapped-contains	request-selected-source	properties	200	fixture-tika-09	fixture-tika-09	1	f96e2b0b7f375cf347f289b0d59b047835095d1452b52dcff16ad07fa5ff5aaa	success	200	90260	d606d19bfcb83b224b953bd70176bc52dc06d427ef6ab3d0cc311bc6ed6fc260	186248		fixture-tika-09	request-selected-source	1	1	fixture-tika-09	1	0	0	1	0	200	0	0	0	1	0
request-selected-source-wrapped-contains-target-26-zero	graph-parameter	request-selected-source-wrapped-contains	zero	request-graph-selection-and-wrapped-contains	request-selected-source	properties	200	fixture-tika-10	fixture-tika-10	1	724e820888f0db8884af940cbe8a364f2dce6bfc9b2c72fb09abe933fa439c0c	success	0	147	805c8c7334c868e18e2be84be95b83cc60895722d739c2b164a68be4cd410c49	98414			request-selected-source	1	1	fixture-tika-10	1	0	0	1	0	1	0	0	0	1	0
request-selected-source-wrapped-contains-target-26-targeted	graph-parameter	request-selected-source-wrapped-contains	targeted	request-graph-selection-and-wrapped-contains	request-selected-source	properties	200	fixture-tika-10	fixture-tika-10	1	724e820888f0db8884af940cbe8a364f2dce6bfc9b2c72fb09abe933fa439c0c	success	1	791	550bd45f802381cb65ea30928a856fc0c2bc207cbfc2a147aad4312130548c9a	118983		fixture-tika-10	request-selected-source	1	1	fixture-tika-10	1	0	0	1	0	1	0	0	0	1	0
request-selected-source-wrapped-contains-target-26-dense	graph-parameter	request-selected-source-wrapped-contains	dense	request-graph-selection-and-wrapped-contains	request-selected-source	properties	200	fixture-tika-10	fixture-tika-10	1	724e820888f0db8884af940cbe8a364f2dce6bfc9b2c72fb09abe933fa439c0c	success	200	96089	d0bdae62973cb737c05eda37d83d6fd7dea4520a7f87acdd4ed9a2fba1f97888	176420		fixture-tika-10	request-selected-source	1	1	fixture-tika-10	1	0	0	1	0	200	0	0	0	1	0
request-selected-source-wrapped-contains-target-27-zero	graph-parameter	request-selected-source-wrapped-contains	zero	request-graph-selection-and-wrapped-contains	request-selected-source	properties	200	fixture-tika-11	fixture-tika-11	1	947144f7fe63615dab1057f152a266b87c870ae6b1d136ebead3ef2860ecaaf9	success	0	147	805c8c7334c868e18e2be84be95b83cc60895722d739c2b164a68be4cd410c49	101390			request-selected-source	1	1	fixture-tika-11	1	0	0	1	0	1	0	0	0	1	0
request-selected-source-wrapped-contains-target-27-targeted	graph-parameter	request-selected-source-wrapped-contains	targeted	request-graph-selection-and-wrapped-contains	request-selected-source	properties	200	fixture-tika-11	fixture-tika-11	1	947144f7fe63615dab1057f152a266b87c870ae6b1d136ebead3ef2860ecaaf9	success	14	8030	e1858d468e2cee9daff29f91791894b539cc1c9bfb8d57bb0eaa364a24ec0f04	103194		fixture-tika-11	request-selected-source	1	1	fixture-tika-11	1	0	0	1	0	14	0	0	0	1	0
request-selected-source-wrapped-contains-target-27-dense	graph-parameter	request-selected-source-wrapped-contains	dense	request-graph-selection-and-wrapped-contains	request-selected-source	properties	200	fixture-tika-11	fixture-tika-11	1	947144f7fe63615dab1057f152a266b87c870ae6b1d136ebead3ef2860ecaaf9	success	200	95559	bcb492a91a247979acd291eaea381c0db6d952c0baff29193145ae7356b00907	202489		fixture-tika-11	request-selected-source	1	1	fixture-tika-11	1	0	0	1	0	200	0	0	0	1	0
request-selected-source-wrapped-contains-target-28-zero	graph-parameter	request-selected-source-wrapped-contains	zero	request-graph-selection-and-wrapped-contains	request-selected-source	properties	200	fixture-tika-12	fixture-tika-12	1	333b320af3f398d083e1d44b1a79e54fa546da12ce118f18db6f7cc3387398c8	success	0	147	805c8c7334c868e18e2be84be95b83cc60895722d739c2b164a68be4cd410c49	97132			request-selected-source	1	1	fixture-tika-12	1	0	0	1	0	1	0	0	0	1	0
request-selected-source-wrapped-contains-target-28-targeted	graph-parameter	request-selected-source-wrapped-contains	targeted	request-graph-selection-and-wrapped-contains	request-selected-source	properties	200	fixture-tika-12	fixture-tika-12	1	333b320af3f398d083e1d44b1a79e54fa546da12ce118f18db6f7cc3387398c8	success	12	6370	8871e0dc77f7df7110f742adaac439b8d2f4e912a3a21e1793fda026e0955f9b	103674		fixture-tika-12	request-selected-source	1	1	fixture-tika-12	1	0	0	1	0	12	0	0	0	1	0
request-selected-source-wrapped-contains-target-28-dense	graph-parameter	request-selected-source-wrapped-contains	dense	request-graph-selection-and-wrapped-contains	request-selected-source	properties	200	fixture-tika-12	fixture-tika-12	1	333b320af3f398d083e1d44b1a79e54fa546da12ce118f18db6f7cc3387398c8	success	200	101142	3ec255435f1804ca883e61ce69218b0c9b6812e5f4d6241be813f3a04980ff78	185888		fixture-tika-12	request-selected-source	1	1	fixture-tika-12	1	0	0	1	0	200	0	0	0	1	0
request-selected-source-wrapped-contains-target-29-zero	graph-parameter	request-selected-source-wrapped-contains	zero	request-graph-selection-and-wrapped-contains	request-selected-source	properties	200	fixture-tika-13	fixture-tika-13	1	697a328efd3d35078aa3cf7115b978f697299f7e0612d464eae79dc1cbc3f3c7	success	0	147	805c8c7334c868e18e2be84be95b83cc60895722d739c2b164a68be4cd410c49	107312			request-selected-source	1	1	fixture-tika-13	1	0	0	1	0	1	0	0	0	1	0
request-selected-source-wrapped-contains-target-29-targeted	graph-parameter	request-selected-source-wrapped-contains	targeted	request-graph-selection-and-wrapped-contains	request-selected-source	properties	200	fixture-tika-13	fixture-tika-13	1	697a328efd3d35078aa3cf7115b978f697299f7e0612d464eae79dc1cbc3f3c7	success	1	759	7c9cbf2db3468e4d9ec5f9ce37c29746bb3071949804d250165a0310edd3182c	97121		fixture-tika-13	request-selected-source	1	1	fixture-tika-13	1	0	0	1	0	1	0	0	0	1	0
request-selected-source-wrapped-contains-target-29-dense	graph-parameter	request-selected-source-wrapped-contains	dense	request-graph-selection-and-wrapped-contains	request-selected-source	properties	200	fixture-tika-13	fixture-tika-13	1	697a328efd3d35078aa3cf7115b978f697299f7e0612d464eae79dc1cbc3f3c7	success	200	96005	cb6245f16fc1df4cadc32295db3c94d74d99d6ac24ca00ba686085574c3842f9	178895		fixture-tika-13	request-selected-source	1	1	fixture-tika-13	1	0	0	1	0	200	0	0	0	1	0
request-selected-source-wrapped-contains-target-30-zero	graph-parameter	request-selected-source-wrapped-contains	zero	request-graph-selection-and-wrapped-contains	request-selected-source	properties	200	fixture-tika-14	fixture-tika-14	1	530ac22d92e73256c57c4e234fccac50105308bcc26304451ee74f20a619f7a5	success	0	147	805c8c7334c868e18e2be84be95b83cc60895722d739c2b164a68be4cd410c49	101710			request-selected-source	1	1	fixture-tika-14	1	0	0	1	0	1	0	0	0	1	0
request-selected-source-wrapped-contains-target-30-targeted	graph-parameter	request-selected-source-wrapped-contains	targeted	request-graph-selection-and-wrapped-contains	request-selected-source	properties	200	fixture-tika-14	fixture-tika-14	1	530ac22d92e73256c57c4e234fccac50105308bcc26304451ee74f20a619f7a5	success	10	5866	c85815e1257e7d89a547803b839a8fa3d5c32a25ad93fc4df95c67dd0df38386	99516		fixture-tika-14	request-selected-source	1	1	fixture-tika-14	1	0	0	1	0	10	0	0	0	1	0
request-selected-source-wrapped-contains-target-30-dense	graph-parameter	request-selected-source-wrapped-contains	dense	request-graph-selection-and-wrapped-contains	request-selected-source	properties	200	fixture-tika-14	fixture-tika-14	1	530ac22d92e73256c57c4e234fccac50105308bcc26304451ee74f20a619f7a5	success	200	95471	766b9ef7e8ecf0adce38af75461cc8c431950c6a78cf29871668bb82bbc59681	169176		fixture-tika-14	request-selected-source	1	1	fixture-tika-14	1	0	0	1	0	200	0	0	0	1	0
request-selected-source-wrapped-contains-target-31-zero	graph-parameter	request-selected-source-wrapped-contains	zero	request-graph-selection-and-wrapped-contains	request-selected-source	properties	200	fixture-tika-15	fixture-tika-15	1	80331285783d790177bcaeeebf677e98900445b2273d41781c6e07aa5683a500	success	0	147	805c8c7334c868e18e2be84be95b83cc60895722d739c2b164a68be4cd410c49	123792			request-selected-source	1	1	fixture-tika-15	1	0	0	1	0	1	0	0	0	1	0
request-selected-source-wrapped-contains-target-31-targeted	graph-parameter	request-selected-source-wrapped-contains	targeted	request-graph-selection-and-wrapped-contains	request-selected-source	properties	200	fixture-tika-15	fixture-tika-15	1	80331285783d790177bcaeeebf677e98900445b2273d41781c6e07aa5683a500	success	1	779	5b2641a56fc0d1ce3cad560f98de3ab642d893c5f6c2be5bb57444732d364805	99005		fixture-tika-15	request-selected-source	1	1	fixture-tika-15	1	0	0	1	0	1	0	0	0	1	0
request-selected-source-wrapped-contains-target-31-dense	graph-parameter	request-selected-source-wrapped-contains	dense	request-graph-selection-and-wrapped-contains	request-selected-source	properties	200	fixture-tika-15	fixture-tika-15	1	80331285783d790177bcaeeebf677e98900445b2273d41781c6e07aa5683a500	success	200	90493	6cea2d1b1fba9817e31904018fa5ce3734b41bb641feab5c7c6849206b05e3c1	204222		fixture-tika-15	request-selected-source	1	1	fixture-tika-15	1	0	0	1	0	200	0	0	0	1	0
request-selected-source-wrapped-contains-target-32-zero	graph-parameter	request-selected-source-wrapped-contains	zero	request-graph-selection-and-wrapped-contains	request-selected-source	properties	200	fixture-hive-00	fixture-hive-00	1	ea11677be4d3166ee79e7aa4f8c5ff603c5cb6bb9f65649cfc46854eedb1b466	success	0	147	805c8c7334c868e18e2be84be95b83cc60895722d739c2b164a68be4cd410c49	109014			request-selected-source	1	1	fixture-hive-00	1	0	0	1	0	1	0	0	0	1	0
request-selected-source-wrapped-contains-target-32-targeted	graph-parameter	request-selected-source-wrapped-contains	targeted	request-graph-selection-and-wrapped-contains	request-selected-source	properties	200	fixture-hive-00	fixture-hive-00	1	ea11677be4d3166ee79e7aa4f8c5ff603c5cb6bb9f65649cfc46854eedb1b466	success	4	2862	72e96499d86d64ae9da267f3b15791817d4250f06a8dfea9d09edd8c3c23a440	113924		fixture-hive-00	request-selected-source	1	1	fixture-hive-00	1	0	0	1	0	4	0	0	0	1	0
request-selected-source-wrapped-contains-target-32-dense	graph-parameter	request-selected-source-wrapped-contains	dense	request-graph-selection-and-wrapped-contains	request-selected-source	properties	200	fixture-hive-00	fixture-hive-00	1	ea11677be4d3166ee79e7aa4f8c5ff603c5cb6bb9f65649cfc46854eedb1b466	success	200	92864	0ad6a5ae10cb27d8dd28af205e0df8ebd79b3e1ca0079c8c876100ee108fc38d	173614		fixture-hive-00	request-selected-source	1	1	fixture-hive-00	1	0	0	1	0	200	0	0	0	1	0
request-selected-source-wrapped-contains-target-33-zero	graph-parameter	request-selected-source-wrapped-contains	zero	request-graph-selection-and-wrapped-contains	request-selected-source	properties	200	fixture-hive-01	fixture-hive-01	1	3a9bab8befb64a5c5518ec83add10138c13ae31dfad00b5a26547f3cfc2bf0bb	success	0	147	805c8c7334c868e18e2be84be95b83cc60895722d739c2b164a68be4cd410c49	112581			request-selected-source	1	1	fixture-hive-01	1	0	0	1	0	1	0	0	0	1	0
request-selected-source-wrapped-contains-target-33-targeted	graph-parameter	request-selected-source-wrapped-contains	targeted	request-graph-selection-and-wrapped-contains	request-selected-source	properties	200	fixture-hive-01	fixture-hive-01	1	3a9bab8befb64a5c5518ec83add10138c13ae31dfad00b5a26547f3cfc2bf0bb	success	4	2862	5436abb5d5a82ddf1b71cf6459ce0de5fe56d25b825b58b20bbe8cace9e3cde7	107792		fixture-hive-01	request-selected-source	1	1	fixture-hive-01	1	0	0	1	0	4	0	0	0	1	0
request-selected-source-wrapped-contains-target-33-dense	graph-parameter	request-selected-source-wrapped-contains	dense	request-graph-selection-and-wrapped-contains	request-selected-source	properties	200	fixture-hive-01	fixture-hive-01	1	3a9bab8befb64a5c5518ec83add10138c13ae31dfad00b5a26547f3cfc2bf0bb	success	200	92578	e10f119cab32a77f2d8107211e2addcc69d3ab151ee08f60199ff7a8db9b6a1c	191468		fixture-hive-01	request-selected-source	1	1	fixture-hive-01	1	0	0	1	0	200	0	0	0	1	0
request-selected-source-wrapped-contains-target-34-zero	graph-parameter	request-selected-source-wrapped-contains	zero	request-graph-selection-and-wrapped-contains	request-selected-source	properties	200	fixture-hive-02	fixture-hive-02	1	058d31d4f0a17f6c8e80480702d6c2099e48867673bc0a8d99037f2244a27bbf	success	0	147	805c8c7334c868e18e2be84be95b83cc60895722d739c2b164a68be4cd410c49	101240			request-selected-source	1	1	fixture-hive-02	1	0	0	1	0	1	0	0	0	1	0
request-selected-source-wrapped-contains-target-34-targeted	graph-parameter	request-selected-source-wrapped-contains	targeted	request-graph-selection-and-wrapped-contains	request-selected-source	properties	200	fixture-hive-02	fixture-hive-02	1	058d31d4f0a17f6c8e80480702d6c2099e48867673bc0a8d99037f2244a27bbf	success	4	2883	e83a01bd4b4e8f51ba0c51a53e73f87ec8dd6170bd60b37ef57b4eb9aba8bcc7	104165		fixture-hive-02	request-selected-source	1	1	fixture-hive-02	1	0	0	1	0	4	0	0	0	1	0
request-selected-source-wrapped-contains-target-34-dense	graph-parameter	request-selected-source-wrapped-contains	dense	request-graph-selection-and-wrapped-contains	request-selected-source	properties	200	fixture-hive-02	fixture-hive-02	1	058d31d4f0a17f6c8e80480702d6c2099e48867673bc0a8d99037f2244a27bbf	success	200	94183	b06f89a813919b2f4278637c18773fe7508c48351caa08a76cefe1f54c9b7715	171992		fixture-hive-02	request-selected-source	1	1	fixture-hive-02	1	0	0	1	0	200	0	0	0	1	0
request-selected-source-wrapped-contains-target-35-zero	graph-parameter	request-selected-source-wrapped-contains	zero	request-graph-selection-and-wrapped-contains	request-selected-source	properties	200	fixture-hive-03	fixture-hive-03	1	bc37ba5880a9fc3e89dea2bf6571ad8db10f8c499dfca7c678b831d8edb064fe	success	0	147	805c8c7334c868e18e2be84be95b83cc60895722d739c2b164a68be4cd410c49	101379			request-selected-source	1	1	fixture-hive-03	1	0	0	1	0	1	0	0	0	1	0
request-selected-source-wrapped-contains-target-35-targeted	graph-parameter	request-selected-source-wrapped-contains	targeted	request-graph-selection-and-wrapped-contains	request-selected-source	properties	200	fixture-hive-03	fixture-hive-03	1	bc37ba5880a9fc3e89dea2bf6571ad8db10f8c499dfca7c678b831d8edb064fe	success	1	771	134378d176ef9559b3b9b40557762648c5aa55be889ba8cb2e7f752130b85ab7	105186		fixture-hive-03	request-selected-source	1	1	fixture-hive-03	1	0	0	1	0	1	0	0	0	1	0
request-selected-source-wrapped-contains-target-35-dense	graph-parameter	request-selected-source-wrapped-contains	dense	request-graph-selection-and-wrapped-contains	request-selected-source	properties	200	fixture-hive-03	fixture-hive-03	1	bc37ba5880a9fc3e89dea2bf6571ad8db10f8c499dfca7c678b831d8edb064fe	success	200	91613	71eca3baa7c5adda9a19daaba5b66d08f4d30beebcfc1f6f8f3125a009484e93	184024		fixture-hive-03	request-selected-source	1	1	fixture-hive-03	1	0	0	1	0	200	0	0	0	1	0
request-selected-source-wrapped-contains-target-36-zero	graph-parameter	request-selected-source-wrapped-contains	zero	request-graph-selection-and-wrapped-contains	request-selected-source	properties	200	fixture-hive-04	fixture-hive-04	1	d6abca6af79ede3e783b4b1d1bb2f17c22db5cf0b5c70506d31ea6d33509dcc5	success	0	147	805c8c7334c868e18e2be84be95b83cc60895722d739c2b164a68be4cd410c49	123502			request-selected-source	1	1	fixture-hive-04	1	0	0	1	0	1	0	0	0	1	0
request-selected-source-wrapped-contains-target-36-targeted	graph-parameter	request-selected-source-wrapped-contains	targeted	request-graph-selection-and-wrapped-contains	request-selected-source	properties	200	fixture-hive-04	fixture-hive-04	1	d6abca6af79ede3e783b4b1d1bb2f17c22db5cf0b5c70506d31ea6d33509dcc5	success	1	795	6f5022183da52ea8cb963f17c4b86a6270dc9bfe0ca358e5ec7d6bdf4c95879f	114474		fixture-hive-04	request-selected-source	1	1	fixture-hive-04	1	0	0	1	0	1	0	0	0	1	0
request-selected-source-wrapped-contains-target-36-dense	graph-parameter	request-selected-source-wrapped-contains	dense	request-graph-selection-and-wrapped-contains	request-selected-source	properties	200	fixture-hive-04	fixture-hive-04	1	d6abca6af79ede3e783b4b1d1bb2f17c22db5cf0b5c70506d31ea6d33509dcc5	success	200	91716	5d2df55fe9df550bd17a462dbec1bd958f7c0d5940c160537976ecc80d5cb22f	298822		fixture-hive-04	request-selected-source	1	1	fixture-hive-04	1	0	0	1	0	200	0	0	0	1	0
request-selected-source-wrapped-contains-target-37-zero	graph-parameter	request-selected-source-wrapped-contains	zero	request-graph-selection-and-wrapped-contains	request-selected-source	properties	200	fixture-hive-05	fixture-hive-05	1	f7f4c2e85299b39f0b295436a0a678be80ea1fe4bd065c984fac7e3e79c02a1f	success	0	147	805c8c7334c868e18e2be84be95b83cc60895722d739c2b164a68be4cd410c49	129893			request-selected-source	1	1	fixture-hive-05	1	0	0	1	0	1	0	0	0	1	0
request-selected-source-wrapped-contains-target-37-targeted	graph-parameter	request-selected-source-wrapped-contains	targeted	request-graph-selection-and-wrapped-contains	request-selected-source	properties	200	fixture-hive-05	fixture-hive-05	1	f7f4c2e85299b39f0b295436a0a678be80ea1fe4bd065c984fac7e3e79c02a1f	success	51	31472	b9433fbd59011f3771f14c8abacb0cbca913b3ccb9b85649a8f98d4c6f628703	138509		fixture-hive-05	request-selected-source	1	1	fixture-hive-05	1	0	0	1	0	51	0	0	0	1	0
request-selected-source-wrapped-contains-target-37-dense	graph-parameter	request-selected-source-wrapped-contains	dense	request-graph-selection-and-wrapped-contains	request-selected-source	properties	200	fixture-hive-05	fixture-hive-05	1	f7f4c2e85299b39f0b295436a0a678be80ea1fe4bd065c984fac7e3e79c02a1f	success	200	91795	dbb6e258143695218279e10cbea2bf21ad0c5b1330a8fc3e3470b176ae0b6f42	204563		fixture-hive-05	request-selected-source	1	1	fixture-hive-05	1	0	0	1	0	200	0	0	0	1	0
request-selected-source-wrapped-contains-target-38-zero	graph-parameter	request-selected-source-wrapped-contains	zero	request-graph-selection-and-wrapped-contains	request-selected-source	properties	200	fixture-hive-06	fixture-hive-06	1	ddfe0a17a6b176061c6908248fc9bbb24510f00e8ed40c2c068587464d0ab767	success	0	147	805c8c7334c868e18e2be84be95b83cc60895722d739c2b164a68be4cd410c49	96491			request-selected-source	1	1	fixture-hive-06	1	0	0	1	0	1	0	0	0	1	0
request-selected-source-wrapped-contains-target-38-targeted	graph-parameter	request-selected-source-wrapped-contains	targeted	request-graph-selection-and-wrapped-contains	request-selected-source	properties	200	fixture-hive-06	fixture-hive-06	1	ddfe0a17a6b176061c6908248fc9bbb24510f00e8ed40c2c068587464d0ab767	success	1	801	6e224732564976ab3ad1b488a2dcb0c2a2f84050ab25d529f41b87f4de3c406c	97232		fixture-hive-06	request-selected-source	1	1	fixture-hive-06	1	0	0	1	0	1	0	0	0	1	0
request-selected-source-wrapped-contains-target-38-dense	graph-parameter	request-selected-source-wrapped-contains	dense	request-graph-selection-and-wrapped-contains	request-selected-source	properties	200	fixture-hive-06	fixture-hive-06	1	ddfe0a17a6b176061c6908248fc9bbb24510f00e8ed40c2c068587464d0ab767	success	200	92968	77adda61bf8a66745500e9e1b739302ae425b75af5d5199095bd9c0f56151e04	175589		fixture-hive-06	request-selected-source	1	1	fixture-hive-06	1	0	0	1	0	200	0	0	0	1	0
request-selected-source-wrapped-contains-target-39-zero	graph-parameter	request-selected-source-wrapped-contains	zero	request-graph-selection-and-wrapped-contains	request-selected-source	properties	200	fixture-hive-07	fixture-hive-07	1	5b909537f8397e9b454c56026974d9a0348f5c6147e1f2169fbaaa2eb1645822	success	0	147	805c8c7334c868e18e2be84be95b83cc60895722d739c2b164a68be4cd410c49	96030			request-selected-source	1	1	fixture-hive-07	1	0	0	1	0	1	0	0	0	1	0
request-selected-source-wrapped-contains-target-39-targeted	graph-parameter	request-selected-source-wrapped-contains	targeted	request-graph-selection-and-wrapped-contains	request-selected-source	properties	200	fixture-hive-07	fixture-hive-07	1	5b909537f8397e9b454c56026974d9a0348f5c6147e1f2169fbaaa2eb1645822	success	4	2855	db8e5b7500b38c30ff9ca554407e1c3f066cc32ce80520e31c63fe8f4f34048e	115006		fixture-hive-07	request-selected-source	1	1	fixture-hive-07	1	0	0	1	0	4	0	0	0	1	0
request-selected-source-wrapped-contains-target-39-dense	graph-parameter	request-selected-source-wrapped-contains	dense	request-graph-selection-and-wrapped-contains	request-selected-source	properties	200	fixture-hive-07	fixture-hive-07	1	5b909537f8397e9b454c56026974d9a0348f5c6147e1f2169fbaaa2eb1645822	success	200	91298	153dc7ab9d3d22961d16bfae52d0b5cd4c7d97177e0e57e7c086294f37d00f0f	166592		fixture-hive-07	request-selected-source	1	1	fixture-hive-07	1	0	0	1	0	200	0	0	0	1	0
request-selected-source-wrapped-contains-target-40-zero	graph-parameter	request-selected-source-wrapped-contains	zero	request-graph-selection-and-wrapped-contains	request-selected-source	properties	200	fixture-hive-08	fixture-hive-08	1	a73da7b76b921f77b9fadceff4ca8a9274fa7524e6ce2fb87c035b118fdb9e31	success	0	147	805c8c7334c868e18e2be84be95b83cc60895722d739c2b164a68be4cd410c49	132789			request-selected-source	1	1	fixture-hive-08	1	0	0	1	0	1	0	0	0	1	0
request-selected-source-wrapped-contains-target-40-targeted	graph-parameter	request-selected-source-wrapped-contains	targeted	request-graph-selection-and-wrapped-contains	request-selected-source	properties	200	fixture-hive-08	fixture-hive-08	1	a73da7b76b921f77b9fadceff4ca8a9274fa7524e6ce2fb87c035b118fdb9e31	success	4	2911	6520445594f6fc1d080f2e441beea159540f21b52c555b515dbd7ba1fee2a37f	125565		fixture-hive-08	request-selected-source	1	1	fixture-hive-08	1	0	0	1	0	4	0	0	0	1	0
request-selected-source-wrapped-contains-target-40-dense	graph-parameter	request-selected-source-wrapped-contains	dense	request-graph-selection-and-wrapped-contains	request-selected-source	properties	200	fixture-hive-08	fixture-hive-08	1	a73da7b76b921f77b9fadceff4ca8a9274fa7524e6ce2fb87c035b118fdb9e31	success	200	95189	6547ed796970ad3186785ae6dc7d6b1328d226d1878e5144fdb98c21fcba06f9	237394		fixture-hive-08	request-selected-source	1	1	fixture-hive-08	1	0	0	1	0	200	0	0	0	1	0
request-selected-source-wrapped-contains-target-41-zero	graph-parameter	request-selected-source-wrapped-contains	zero	request-graph-selection-and-wrapped-contains	request-selected-source	properties	200	fixture-hive-09	fixture-hive-09	1	295df7bb9f479be56469bcfb34b70c143d1aff6e47944b80de9fd42e774be779	success	0	147	805c8c7334c868e18e2be84be95b83cc60895722d739c2b164a68be4cd410c49	120506			request-selected-source	1	1	fixture-hive-09	1	0	0	1	0	1	0	0	0	1	0
request-selected-source-wrapped-contains-target-41-targeted	graph-parameter	request-selected-source-wrapped-contains	targeted	request-graph-selection-and-wrapped-contains	request-selected-source	properties	200	fixture-hive-09	fixture-hive-09	1	295df7bb9f479be56469bcfb34b70c143d1aff6e47944b80de9fd42e774be779	success	4	2883	42fd2fd2ff37d34c0cfb2146cde4be9387147a4cc07443bd58969c3f1e25556e	100989		fixture-hive-09	request-selected-source	1	1	fixture-hive-09	1	0	0	1	0	4	0	0	0	1	0
request-selected-source-wrapped-contains-target-41-dense	graph-parameter	request-selected-source-wrapped-contains	dense	request-graph-selection-and-wrapped-contains	request-selected-source	properties	200	fixture-hive-09	fixture-hive-09	1	295df7bb9f479be56469bcfb34b70c143d1aff6e47944b80de9fd42e774be779	success	200	92146	1d23f5a918b6a408d8eae300e7aa799801aecc62fcc85667af567e3c95156cb9	174567		fixture-hive-09	request-selected-source	1	1	fixture-hive-09	1	0	0	1	0	200	0	0	0	1	0
request-selected-source-wrapped-contains-target-42-zero	graph-parameter	request-selected-source-wrapped-contains	zero	request-graph-selection-and-wrapped-contains	request-selected-source	properties	200	fixture-hive-10	fixture-hive-10	1	e942f277a2b44bd11b03bd9380dd5388338721030a1701c31ff2277dd8f8cd9a	success	0	147	805c8c7334c868e18e2be84be95b83cc60895722d739c2b164a68be4cd410c49	147546			request-selected-source	1	1	fixture-hive-10	1	0	0	1	0	1	0	0	0	1	0
request-selected-source-wrapped-contains-target-42-targeted	graph-parameter	request-selected-source-wrapped-contains	targeted	request-graph-selection-and-wrapped-contains	request-selected-source	properties	200	fixture-hive-10	fixture-hive-10	1	e942f277a2b44bd11b03bd9380dd5388338721030a1701c31ff2277dd8f8cd9a	success	63	39077	2d20a012ee335ff72d99f67135e1ac36defbca676c07a298d3df15c7c1e33f7d	165239		fixture-hive-10	request-selected-source	1	1	fixture-hive-10	1	0	0	1	0	63	0	0	0	1	0
request-selected-source-wrapped-contains-target-42-dense	graph-parameter	request-selected-source-wrapped-contains	dense	request-graph-selection-and-wrapped-contains	request-selected-source	properties	200	fixture-hive-10	fixture-hive-10	1	e942f277a2b44bd11b03bd9380dd5388338721030a1701c31ff2277dd8f8cd9a	success	200	93248	bd7a2cfc84011237aca413f8fd4b6ee9130043dc1530bc214cc965d935dc3d88	164137		fixture-hive-10	request-selected-source	1	1	fixture-hive-10	1	0	0	1	0	200	0	0	0	1	0
request-selected-source-wrapped-contains-target-43-zero	graph-parameter	request-selected-source-wrapped-contains	zero	request-graph-selection-and-wrapped-contains	request-selected-source	properties	200	fixture-hive-11	fixture-hive-11	1	fc0779b8fe9d9937d1e4cb4a3dba1379fc83c9a81125f4350e46a986c8531889	success	0	147	805c8c7334c868e18e2be84be95b83cc60895722d739c2b164a68be4cd410c49	88195			request-selected-source	1	1	fixture-hive-11	1	0	0	1	0	1	0	0	0	1	0
request-selected-source-wrapped-contains-target-43-targeted	graph-parameter	request-selected-source-wrapped-contains	targeted	request-graph-selection-and-wrapped-contains	request-selected-source	properties	200	fixture-hive-11	fixture-hive-11	1	fc0779b8fe9d9937d1e4cb4a3dba1379fc83c9a81125f4350e46a986c8531889	success	4	2743	a7aaae25732eb3fc39e7e9697120f6a4534e52262fb153e4201e51d7b31e4606	82104		fixture-hive-11	request-selected-source	1	1	fixture-hive-11	1	0	0	1	0	4	0	0	0	1	0
request-selected-source-wrapped-contains-target-43-dense	graph-parameter	request-selected-source-wrapped-contains	dense	request-graph-selection-and-wrapped-contains	request-selected-source	properties	200	fixture-hive-11	fixture-hive-11	1	fc0779b8fe9d9937d1e4cb4a3dba1379fc83c9a81125f4350e46a986c8531889	success	200	94063	f5c81d8aabcfe449e1a20e1133f0ce5a6c25cde54cfb7e82531ff93f87b6f89e	151023		fixture-hive-11	request-selected-source	1	1	fixture-hive-11	1	0	0	1	0	200	0	0	0	1	0
request-selected-source-wrapped-contains-target-44-zero	graph-parameter	request-selected-source-wrapped-contains	zero	request-graph-selection-and-wrapped-contains	request-selected-source	properties	200	fixture-hive-12	fixture-hive-12	1	b0c62bc41512e26a42d23ec1fd21c12eb0d433e252eed22e92d2246689f7489a	success	0	147	805c8c7334c868e18e2be84be95b83cc60895722d739c2b164a68be4cd410c49	80231			request-selected-source	1	1	fixture-hive-12	1	0	0	1	0	1	0	0	0	1	0
request-selected-source-wrapped-contains-target-44-targeted	graph-parameter	request-selected-source-wrapped-contains	targeted	request-graph-selection-and-wrapped-contains	request-selected-source	properties	200	fixture-hive-12	fixture-hive-12	1	b0c62bc41512e26a42d23ec1fd21c12eb0d433e252eed22e92d2246689f7489a	success	4	2890	b8c7750587d3cb95373de074cba017cf14e5d85811bfc8cc2b49fa06615dc14f	83256		fixture-hive-12	request-selected-source	1	1	fixture-hive-12	1	0	0	1	0	4	0	0	0	1	0
request-selected-source-wrapped-contains-target-44-dense	graph-parameter	request-selected-source-wrapped-contains	dense	request-graph-selection-and-wrapped-contains	request-selected-source	properties	200	fixture-hive-12	fixture-hive-12	1	b0c62bc41512e26a42d23ec1fd21c12eb0d433e252eed22e92d2246689f7489a	success	200	90517	901cb7ad5a7cef604f7264d87d81f85a7b3e521b0175839dd61f15fa140b58cf	148858		fixture-hive-12	request-selected-source	1	1	fixture-hive-12	1	0	0	1	0	200	0	0	0	1	0
request-selected-source-wrapped-contains-target-45-zero	graph-parameter	request-selected-source-wrapped-contains	zero	request-graph-selection-and-wrapped-contains	request-selected-source	properties	200	fixture-hive-13	fixture-hive-13	1	2f758a1599ac4d799ee27ae81f81bfe54bc6240d59e8f003bf5cd782742affd0	success	0	147	805c8c7334c868e18e2be84be95b83cc60895722d739c2b164a68be4cd410c49	92634			request-selected-source	1	1	fixture-hive-13	1	0	0	1	0	1	0	0	0	1	0
request-selected-source-wrapped-contains-target-45-targeted	graph-parameter	request-selected-source-wrapped-contains	targeted	request-graph-selection-and-wrapped-contains	request-selected-source	properties	200	fixture-hive-13	fixture-hive-13	1	2f758a1599ac4d799ee27ae81f81bfe54bc6240d59e8f003bf5cd782742affd0	success	1	807	7a2ea6e6b7c61f333c01be975226570ddf428683fdf6c4eb419e09457718acf9	77686		fixture-hive-13	request-selected-source	1	1	fixture-hive-13	1	0	0	1	0	1	0	0	0	1	0
request-selected-source-wrapped-contains-target-45-dense	graph-parameter	request-selected-source-wrapped-contains	dense	request-graph-selection-and-wrapped-contains	request-selected-source	properties	200	fixture-hive-13	fixture-hive-13	1	2f758a1599ac4d799ee27ae81f81bfe54bc6240d59e8f003bf5cd782742affd0	success	200	92534	8ce2fca3adf975e2913f1d7a0f91465f04ef5e5cdbaaa1f51ca68901be616480	153457		fixture-hive-13	request-selected-source	1	1	fixture-hive-13	1	0	0	1	0	200	0	0	0	1	0
request-selected-source-wrapped-contains-target-46-zero	graph-parameter	request-selected-source-wrapped-contains	zero	request-graph-selection-and-wrapped-contains	request-selected-source	properties	200	fixture-hive-14	fixture-hive-14	1	960cf66cc8af0003002afe076d1f893b29b2a55fabfac7d5316eb3e3b9c46f67	success	0	147	805c8c7334c868e18e2be84be95b83cc60895722d739c2b164a68be4cd410c49	116148			request-selected-source	1	1	fixture-hive-14	1	0	0	1	0	1	0	0	0	1	0
request-selected-source-wrapped-contains-target-46-targeted	graph-parameter	request-selected-source-wrapped-contains	targeted	request-graph-selection-and-wrapped-contains	request-selected-source	properties	200	fixture-hive-14	fixture-hive-14	1	960cf66cc8af0003002afe076d1f893b29b2a55fabfac7d5316eb3e3b9c46f67	success	45	27605	5de372ca8e19ec486456452fc7bd2d9f18c4d7b0beb5e238b24073911e1d2e3a	135224		fixture-hive-14	request-selected-source	1	1	fixture-hive-14	1	0	0	1	0	45	0	0	0	1	0
request-selected-source-wrapped-contains-target-46-dense	graph-parameter	request-selected-source-wrapped-contains	dense	request-graph-selection-and-wrapped-contains	request-selected-source	properties	200	fixture-hive-14	fixture-hive-14	1	960cf66cc8af0003002afe076d1f893b29b2a55fabfac7d5316eb3e3b9c46f67	success	200	96641	3ad39c9167b00424c5957087068cab90d47268c9063b8d9e565113275edd98c8	187911		fixture-hive-14	request-selected-source	1	1	fixture-hive-14	1	0	0	1	0	200	0	0	0	1	0
request-selected-source-wrapped-contains-target-47-zero	graph-parameter	request-selected-source-wrapped-contains	zero	request-graph-selection-and-wrapped-contains	request-selected-source	properties	200	fixture-hive-15	fixture-hive-15	1	d5c3f70f4e04fa9e3851b5ba956c39c64ff3bf4c48028255a069369d65d3e3dc	success	0	147	805c8c7334c868e18e2be84be95b83cc60895722d739c2b164a68be4cd410c49	108463			request-selected-source	1	1	fixture-hive-15	1	0	0	1	0	1	0	0	0	1	0
request-selected-source-wrapped-contains-target-47-targeted	graph-parameter	request-selected-source-wrapped-contains	targeted	request-graph-selection-and-wrapped-contains	request-selected-source	properties	200	fixture-hive-15	fixture-hive-15	1	d5c3f70f4e04fa9e3851b5ba956c39c64ff3bf4c48028255a069369d65d3e3dc	success	66	40159	fcfc173325ae104971344d6daea93c8089a472f712f938cfbd16c519ba82c551	146474		fixture-hive-15	request-selected-source	1	1	fixture-hive-15	1	0	0	1	0	66	0	0	0	1	0
request-selected-source-wrapped-contains-target-47-dense	graph-parameter	request-selected-source-wrapped-contains	dense	request-graph-selection-and-wrapped-contains	request-selected-source	properties	200	fixture-hive-15	fixture-hive-15	1	d5c3f70f4e04fa9e3851b5ba956c39c64ff3bf4c48028255a069369d65d3e3dc	success	200	97359	d162ad37d2e7b659e55cddb63b7d42e922fbd2396ae9679f7648226751bb7a13	178564		fixture-hive-15	request-selected-source	1	1	fixture-hive-15	1	0	0	1	0	200	0	0	0	1	0
request-selected-source-wrapped-contains-target-48-zero	graph-parameter	request-selected-source-wrapped-contains	zero	request-graph-selection-and-wrapped-contains	request-selected-source	properties	200	fixture-kotlin-compiler-00	fixture-kotlin-compiler-00	1	e0590ddba3b9b9f8de79bee6771cc2f41482d9bcf2b6d495c533f4d523602a1c	success	0	147	805c8c7334c868e18e2be84be95b83cc60895722d739c2b164a68be4cd410c49	85870			request-selected-source	1	1	fixture-kotlin-compiler-00	1	0	0	1	0	1	0	0	0	1	0
request-selected-source-wrapped-contains-target-48-targeted	graph-parameter	request-selected-source-wrapped-contains	targeted	request-graph-selection-and-wrapped-contains	request-selected-source	properties	200	fixture-kotlin-compiler-00	fixture-kotlin-compiler-00	1	e0590ddba3b9b9f8de79bee6771cc2f41482d9bcf2b6d495c533f4d523602a1c	success	10	6351	274597a5e0e535d6581734920f9ffbc39062a84a13ad9d85823a8f12df219dfd	102592		fixture-kotlin-compiler-00	request-selected-source	1	1	fixture-kotlin-compiler-00	1	0	0	1	0	10	0	0	0	1	0
request-selected-source-wrapped-contains-target-48-dense	graph-parameter	request-selected-source-wrapped-contains	dense	request-graph-selection-and-wrapped-contains	request-selected-source	properties	200	fixture-kotlin-compiler-00	fixture-kotlin-compiler-00	1	e0590ddba3b9b9f8de79bee6771cc2f41482d9bcf2b6d495c533f4d523602a1c	success	200	97301	4abd067ea3c7496241f2623586a132809a81e33bd08c7645b717be3ee7ee2542	150532		fixture-kotlin-compiler-00	request-selected-source	1	1	fixture-kotlin-compiler-00	1	0	0	1	0	200	0	0	0	1	0
request-selected-source-wrapped-contains-target-49-zero	graph-parameter	request-selected-source-wrapped-contains	zero	request-graph-selection-and-wrapped-contains	request-selected-source	properties	200	fixture-kotlin-compiler-01	fixture-kotlin-compiler-01	1	a2378f34cd746f343988852d75ea5d50b8bfe89e6cd965dacb19b742e3a8c966	success	0	147	805c8c7334c868e18e2be84be95b83cc60895722d739c2b164a68be4cd410c49	97863			request-selected-source	1	1	fixture-kotlin-compiler-01	1	0	0	1	0	1	0	0	0	1	0
request-selected-source-wrapped-contains-target-49-targeted	graph-parameter	request-selected-source-wrapped-contains	targeted	request-graph-selection-and-wrapped-contains	request-selected-source	properties	200	fixture-kotlin-compiler-01	fixture-kotlin-compiler-01	1	a2378f34cd746f343988852d75ea5d50b8bfe89e6cd965dacb19b742e3a8c966	success	4	2598	d72c68d3fe0e8e0257e28136dfcba3f279a31d304b51dc9611dfa7b0f16169a8	90028		fixture-kotlin-compiler-01	request-selected-source	1	1	fixture-kotlin-compiler-01	1	0	0	1	0	4	0	0	0	1	0
request-selected-source-wrapped-contains-target-49-dense	graph-parameter	request-selected-source-wrapped-contains	dense	request-graph-selection-and-wrapped-contains	request-selected-source	properties	200	fixture-kotlin-compiler-01	fixture-kotlin-compiler-01	1	a2378f34cd746f343988852d75ea5d50b8bfe89e6cd965dacb19b742e3a8c966	success	200	95854	6848b85ce01299f2ea05bcca3edaa8c69792c61113aeaea43a401f01793bb61d	169217		fixture-kotlin-compiler-01	request-selected-source	1	1	fixture-kotlin-compiler-01	1	0	0	1	0	200	0	0	0	1	0
request-selected-source-wrapped-contains-target-50-zero	graph-parameter	request-selected-source-wrapped-contains	zero	request-graph-selection-and-wrapped-contains	request-selected-source	properties	200	fixture-kotlin-compiler-02	fixture-kotlin-compiler-02	1	b4996e09ff7c9fb90ce978374faa803d01485382a499402abfd9028048b79bf7	success	0	147	805c8c7334c868e18e2be84be95b83cc60895722d739c2b164a68be4cd410c49	81022			request-selected-source	1	1	fixture-kotlin-compiler-02	1	0	0	1	0	1	0	0	0	1	0
request-selected-source-wrapped-contains-target-50-targeted	graph-parameter	request-selected-source-wrapped-contains	targeted	request-graph-selection-and-wrapped-contains	request-selected-source	properties	200	fixture-kotlin-compiler-02	fixture-kotlin-compiler-02	1	b4996e09ff7c9fb90ce978374faa803d01485382a499402abfd9028048b79bf7	success	1	791	85dd6bfd8cfa28628294c822275e5bb7a279ea8142c47ff362a55c060e68da37	83607		fixture-kotlin-compiler-02	request-selected-source	1	1	fixture-kotlin-compiler-02	1	0	0	1	0	1	0	0	0	1	0
request-selected-source-wrapped-contains-target-50-dense	graph-parameter	request-selected-source-wrapped-contains	dense	request-graph-selection-and-wrapped-contains	request-selected-source	properties	200	fixture-kotlin-compiler-02	fixture-kotlin-compiler-02	1	b4996e09ff7c9fb90ce978374faa803d01485382a499402abfd9028048b79bf7	success	200	91564	fbf180fab82c32493738bb60bb29955d3f45810bb23806d614f71964200069bc	149399		fixture-kotlin-compiler-02	request-selected-source	1	1	fixture-kotlin-compiler-02	1	0	0	1	0	200	0	0	0	1	0
request-selected-source-wrapped-contains-target-51-zero	graph-parameter	request-selected-source-wrapped-contains	zero	request-graph-selection-and-wrapped-contains	request-selected-source	properties	200	fixture-kotlin-compiler-03	fixture-kotlin-compiler-03	1	a2350bbcc2f1ba8738ae72b167e586240ce7149551e3fba11f7a358d11b7801e	success	0	147	805c8c7334c868e18e2be84be95b83cc60895722d739c2b164a68be4cd410c49	132468			request-selected-source	1	1	fixture-kotlin-compiler-03	1	0	0	1	0	1	0	0	0	1	0
request-selected-source-wrapped-contains-target-51-targeted	graph-parameter	request-selected-source-wrapped-contains	targeted	request-graph-selection-and-wrapped-contains	request-selected-source	properties	200	fixture-kotlin-compiler-03	fixture-kotlin-compiler-03	1	a2350bbcc2f1ba8738ae72b167e586240ce7149551e3fba11f7a358d11b7801e	success	1	798	64ae9673d519a121b865dc50f576291bddc3c4c81c474d10cfb9d0da1dce7c60	96771		fixture-kotlin-compiler-03	request-selected-source	1	1	fixture-kotlin-compiler-03	1	0	0	1	0	1	0	0	0	1	0
request-selected-source-wrapped-contains-target-51-dense	graph-parameter	request-selected-source-wrapped-contains	dense	request-graph-selection-and-wrapped-contains	request-selected-source	properties	200	fixture-kotlin-compiler-03	fixture-kotlin-compiler-03	1	a2350bbcc2f1ba8738ae72b167e586240ce7149551e3fba11f7a358d11b7801e	success	200	94730	d508f1cb1d0c5646118a68e8a87c49c66a454661e438e3f033289c173598f51f	169187		fixture-kotlin-compiler-03	request-selected-source	1	1	fixture-kotlin-compiler-03	1	0	0	1	0	200	0	0	0	1	0
request-selected-source-wrapped-contains-target-52-zero	graph-parameter	request-selected-source-wrapped-contains	zero	request-graph-selection-and-wrapped-contains	request-selected-source	properties	200	fixture-kotlin-compiler-04	fixture-kotlin-compiler-04	1	1835d0591826a821b1c4a8a0df21cd273c40697176c253109b1663d9e56d64a0	success	0	147	805c8c7334c868e18e2be84be95b83cc60895722d739c2b164a68be4cd410c49	103734			request-selected-source	1	1	fixture-kotlin-compiler-04	1	0	0	1	0	1	0	0	0	1	0
request-selected-source-wrapped-contains-target-52-targeted	graph-parameter	request-selected-source-wrapped-contains	targeted	request-graph-selection-and-wrapped-contains	request-selected-source	properties	200	fixture-kotlin-compiler-04	fixture-kotlin-compiler-04	1	1835d0591826a821b1c4a8a0df21cd273c40697176c253109b1663d9e56d64a0	success	1	792	6691abe0a1f608719107bf4ffc3fa52632123ab77cb7c2c3c6536cd32de533b1	100137		fixture-kotlin-compiler-04	request-selected-source	1	1	fixture-kotlin-compiler-04	1	0	0	1	0	1	0	0	0	1	0
request-selected-source-wrapped-contains-target-52-dense	graph-parameter	request-selected-source-wrapped-contains	dense	request-graph-selection-and-wrapped-contains	request-selected-source	properties	200	fixture-kotlin-compiler-04	fixture-kotlin-compiler-04	1	1835d0591826a821b1c4a8a0df21cd273c40697176c253109b1663d9e56d64a0	success	200	96891	db4b9bfadbbb61a039e76484090eda57349ec9585a7c795f46793352fb739e7c	194604		fixture-kotlin-compiler-04	request-selected-source	1	1	fixture-kotlin-compiler-04	1	0	0	1	0	200	0	0	0	1	0
request-selected-source-wrapped-contains-target-53-zero	graph-parameter	request-selected-source-wrapped-contains	zero	request-graph-selection-and-wrapped-contains	request-selected-source	properties	200	fixture-kotlin-compiler-05	fixture-kotlin-compiler-05	1	65de36ec09041582c4ff4a57708f099a7d72d4907a327e47ae026767f5ff0db0	success	0	147	805c8c7334c868e18e2be84be95b83cc60895722d739c2b164a68be4cd410c49	99787			request-selected-source	1	1	fixture-kotlin-compiler-05	1	0	0	1	0	1	0	0	0	1	0
request-selected-source-wrapped-contains-target-53-targeted	graph-parameter	request-selected-source-wrapped-contains	targeted	request-graph-selection-and-wrapped-contains	request-selected-source	properties	200	fixture-kotlin-compiler-05	fixture-kotlin-compiler-05	1	65de36ec09041582c4ff4a57708f099a7d72d4907a327e47ae026767f5ff0db0	success	6	3910	d987ccd9722d9cd5492fcbb62423f1a89bb41e05ea0e3fb44e7cc793b9656b12	101389		fixture-kotlin-compiler-05	request-selected-source	1	1	fixture-kotlin-compiler-05	1	0	0	1	0	6	0	0	0	1	0
request-selected-source-wrapped-contains-target-53-dense	graph-parameter	request-selected-source-wrapped-contains	dense	request-graph-selection-and-wrapped-contains	request-selected-source	properties	200	fixture-kotlin-compiler-05	fixture-kotlin-compiler-05	1	65de36ec09041582c4ff4a57708f099a7d72d4907a327e47ae026767f5ff0db0	success	200	94720	c9e7b59e830a820a47234ca1fd54046d1c260db318e05adc24dc748ca7fe29c0	224129		fixture-kotlin-compiler-05	request-selected-source	1	1	fixture-kotlin-compiler-05	1	0	0	1	0	200	0	0	0	1	0
request-selected-source-wrapped-contains-target-54-zero	graph-parameter	request-selected-source-wrapped-contains	zero	request-graph-selection-and-wrapped-contains	request-selected-source	properties	200	fixture-kotlin-compiler-06	fixture-kotlin-compiler-06	1	455e2dea20c33d78ad4888048700c76ead131cc5fff61b1b6745f3cf019d98c7	success	0	147	805c8c7334c868e18e2be84be95b83cc60895722d739c2b164a68be4cd410c49	95609			request-selected-source	1	1	fixture-kotlin-compiler-06	1	0	0	1	0	1	0	0	0	1	0
request-selected-source-wrapped-contains-target-54-targeted	graph-parameter	request-selected-source-wrapped-contains	targeted	request-graph-selection-and-wrapped-contains	request-selected-source	properties	200	fixture-kotlin-compiler-06	fixture-kotlin-compiler-06	1	455e2dea20c33d78ad4888048700c76ead131cc5fff61b1b6745f3cf019d98c7	success	3	1869	5157205e66d4cebff8b628175c555fdb333564013eabc5f496e37f9a4ad2b606	96370		fixture-kotlin-compiler-06	request-selected-source	1	1	fixture-kotlin-compiler-06	1	0	0	1	0	3	0	0	0	1	0
request-selected-source-wrapped-contains-target-54-dense	graph-parameter	request-selected-source-wrapped-contains	dense	request-graph-selection-and-wrapped-contains	request-selected-source	properties	200	fixture-kotlin-compiler-06	fixture-kotlin-compiler-06	1	455e2dea20c33d78ad4888048700c76ead131cc5fff61b1b6745f3cf019d98c7	success	200	92798	60b390f0b190e46f6fd1b4929641c7324c9142e0f18a85bc338e7b41ebe62db5	177071		fixture-kotlin-compiler-06	request-selected-source	1	1	fixture-kotlin-compiler-06	1	0	0	1	0	200	0	0	0	1	0
request-selected-source-wrapped-contains-target-55-zero	graph-parameter	request-selected-source-wrapped-contains	zero	request-graph-selection-and-wrapped-contains	request-selected-source	properties	200	fixture-kotlin-compiler-07	fixture-kotlin-compiler-07	1	6c1c49dd5e3fe90a5fa68f9ab09606732d59b2cb006a42f463d6390d9a27f2a1	success	0	147	805c8c7334c868e18e2be84be95b83cc60895722d739c2b164a68be4cd410c49	98594			request-selected-source	1	1	fixture-kotlin-compiler-07	1	0	0	1	0	1	0	0	0	1	0
request-selected-source-wrapped-contains-target-55-targeted	graph-parameter	request-selected-source-wrapped-contains	targeted	request-graph-selection-and-wrapped-contains	request-selected-source	properties	200	fixture-kotlin-compiler-07	fixture-kotlin-compiler-07	1	6c1c49dd5e3fe90a5fa68f9ab09606732d59b2cb006a42f463d6390d9a27f2a1	success	10	6054	f5c10be5db49f33f0b8307328bfb058b342da4d9241c33217038447620028ab5	133400		fixture-kotlin-compiler-07	request-selected-source	1	1	fixture-kotlin-compiler-07	1	0	0	1	0	10	0	0	0	1	0
request-selected-source-wrapped-contains-target-55-dense	graph-parameter	request-selected-source-wrapped-contains	dense	request-graph-selection-and-wrapped-contains	request-selected-source	properties	200	fixture-kotlin-compiler-07	fixture-kotlin-compiler-07	1	6c1c49dd5e3fe90a5fa68f9ab09606732d59b2cb006a42f463d6390d9a27f2a1	success	200	96112	0f6d4800cdd86ccdf20aab2fe6bd2924f66d70c9fcca46057385e09ba151a798	170840		fixture-kotlin-compiler-07	request-selected-source	1	1	fixture-kotlin-compiler-07	1	0	0	1	0	200	0	0	0	1	0
request-selected-source-wrapped-contains-target-56-zero	graph-parameter	request-selected-source-wrapped-contains	zero	request-graph-selection-and-wrapped-contains	request-selected-source	properties	200	fixture-kotlin-compiler-08	fixture-kotlin-compiler-08	1	37be466842d1f239df76fe55e92f6769fc0b2d6e47e43f0020c40a8ce8422cb0	success	0	147	805c8c7334c868e18e2be84be95b83cc60895722d739c2b164a68be4cd410c49	102191			request-selected-source	1	1	fixture-kotlin-compiler-08	1	0	0	1	0	1	0	0	0	1	0
request-selected-source-wrapped-contains-target-56-targeted	graph-parameter	request-selected-source-wrapped-contains	targeted	request-graph-selection-and-wrapped-contains	request-selected-source	properties	200	fixture-kotlin-compiler-08	fixture-kotlin-compiler-08	1	37be466842d1f239df76fe55e92f6769fc0b2d6e47e43f0020c40a8ce8422cb0	success	1	802	7ebbe5301915ad5c39692b733c3f39851576d09270c89f830b9e80b342a866f6	90219		fixture-kotlin-compiler-08	request-selected-source	1	1	fixture-kotlin-compiler-08	1	0	0	1	0	1	0	0	0	1	0
request-selected-source-wrapped-contains-target-56-dense	graph-parameter	request-selected-source-wrapped-contains	dense	request-graph-selection-and-wrapped-contains	request-selected-source	properties	200	fixture-kotlin-compiler-08	fixture-kotlin-compiler-08	1	37be466842d1f239df76fe55e92f6769fc0b2d6e47e43f0020c40a8ce8422cb0	success	200	93704	b778fc4edfb3c1031b90b2d3d121fd31958733afdc68d3f1cde538a17b738328	173595		fixture-kotlin-compiler-08	request-selected-source	1	1	fixture-kotlin-compiler-08	1	0	0	1	0	200	0	0	0	1	0
request-selected-source-wrapped-contains-target-57-zero	graph-parameter	request-selected-source-wrapped-contains	zero	request-graph-selection-and-wrapped-contains	request-selected-source	properties	200	fixture-kotlin-compiler-09	fixture-kotlin-compiler-09	1	5bacb6648bba38e91cc033e69d42538b040b89f913b58ee2afebb53ba8d35c57	success	0	147	805c8c7334c868e18e2be84be95b83cc60895722d739c2b164a68be4cd410c49	83196			request-selected-source	1	1	fixture-kotlin-compiler-09	1	0	0	1	0	1	0	0	0	1	0
request-selected-source-wrapped-contains-target-57-targeted	graph-parameter	request-selected-source-wrapped-contains	targeted	request-graph-selection-and-wrapped-contains	request-selected-source	properties	200	fixture-kotlin-compiler-09	fixture-kotlin-compiler-09	1	5bacb6648bba38e91cc033e69d42538b040b89f913b58ee2afebb53ba8d35c57	success	1	765	0812dc51126311be5cac082c5d39676905cd9a0811e6a08f17ec6343dc843471	86351		fixture-kotlin-compiler-09	request-selected-source	1	1	fixture-kotlin-compiler-09	1	0	0	1	0	1	0	0	0	1	0
request-selected-source-wrapped-contains-target-57-dense	graph-parameter	request-selected-source-wrapped-contains	dense	request-graph-selection-and-wrapped-contains	request-selected-source	properties	200	fixture-kotlin-compiler-09	fixture-kotlin-compiler-09	1	5bacb6648bba38e91cc033e69d42538b040b89f913b58ee2afebb53ba8d35c57	success	200	99258	415f437224f091ed04a72fa493ee405ec437acfcfdf54dee50789c56e5356f10	839499		fixture-kotlin-compiler-09	request-selected-source	1	1	fixture-kotlin-compiler-09	1	0	0	1	0	200	0	0	0	1	0
request-selected-source-wrapped-contains-target-58-zero	graph-parameter	request-selected-source-wrapped-contains	zero	request-graph-selection-and-wrapped-contains	request-selected-source	properties	200	fixture-kotlin-compiler-10	fixture-kotlin-compiler-10	1	634f1070c869c5f39ed7722d97b19c8976bc7fee623a8cfc705bcdd955e20759	success	0	147	805c8c7334c868e18e2be84be95b83cc60895722d739c2b164a68be4cd410c49	132361			request-selected-source	1	1	fixture-kotlin-compiler-10	1	0	0	1	0	1	0	0	0	1	0
request-selected-source-wrapped-contains-target-58-targeted	graph-parameter	request-selected-source-wrapped-contains	targeted	request-graph-selection-and-wrapped-contains	request-selected-source	properties	200	fixture-kotlin-compiler-10	fixture-kotlin-compiler-10	1	634f1070c869c5f39ed7722d97b19c8976bc7fee623a8cfc705bcdd955e20759	success	12	7029	1df616dc12f8aa99df8ef1921ad6c878afdd2d37362d488527ffbb7ddbe7f6e3	106008		fixture-kotlin-compiler-10	request-selected-source	1	1	fixture-kotlin-compiler-10	1	0	0	1	0	12	0	0	0	1	0
request-selected-source-wrapped-contains-target-58-dense	graph-parameter	request-selected-source-wrapped-contains	dense	request-graph-selection-and-wrapped-contains	request-selected-source	properties	200	fixture-kotlin-compiler-10	fixture-kotlin-compiler-10	1	634f1070c869c5f39ed7722d97b19c8976bc7fee623a8cfc705bcdd955e20759	success	200	94948	3f3fd3df372307937afdfd0915ce035266497833c5712760faf456eece659c97	222026		fixture-kotlin-compiler-10	request-selected-source	1	1	fixture-kotlin-compiler-10	1	0	0	1	0	200	0	0	0	1	0
request-selected-source-wrapped-contains-target-59-zero	graph-parameter	request-selected-source-wrapped-contains	zero	request-graph-selection-and-wrapped-contains	request-selected-source	properties	200	fixture-kotlin-compiler-11	fixture-kotlin-compiler-11	1	9e1bbfe33d12ec072b828f417bb9dcdab26d7daecb14898f31eb2d73cdaff93c	success	0	147	805c8c7334c868e18e2be84be95b83cc60895722d739c2b164a68be4cd410c49	114063			request-selected-source	1	1	fixture-kotlin-compiler-11	1	0	0	1	0	1	0	0	0	1	0
request-selected-source-wrapped-contains-target-59-targeted	graph-parameter	request-selected-source-wrapped-contains	targeted	request-graph-selection-and-wrapped-contains	request-selected-source	properties	200	fixture-kotlin-compiler-11	fixture-kotlin-compiler-11	1	9e1bbfe33d12ec072b828f417bb9dcdab26d7daecb14898f31eb2d73cdaff93c	success	11	6729	3d47749a3f582c73a2df58bf3f9b3beed9c001af5d9bd91af1d30abe76d3f524	101830		fixture-kotlin-compiler-11	request-selected-source	1	1	fixture-kotlin-compiler-11	1	0	0	1	0	11	0	0	0	1	0
request-selected-source-wrapped-contains-target-59-dense	graph-parameter	request-selected-source-wrapped-contains	dense	request-graph-selection-and-wrapped-contains	request-selected-source	properties	200	fixture-kotlin-compiler-11	fixture-kotlin-compiler-11	1	9e1bbfe33d12ec072b828f417bb9dcdab26d7daecb14898f31eb2d73cdaff93c	success	200	89429	54106029dd8c0484e4d4612954bdb30eebd525f910018413d1ee09bf2ea5c8ac	221046		fixture-kotlin-compiler-11	request-selected-source	1	1	fixture-kotlin-compiler-11	1	0	0	1	0	200	0	0	0	1	0
request-selected-source-wrapped-contains-target-60-zero	graph-parameter	request-selected-source-wrapped-contains	zero	request-graph-selection-and-wrapped-contains	request-selected-source	properties	200	fixture-kotlin-compiler-12	fixture-kotlin-compiler-12	1	45b0266366bbda196d2004ab993b070c325a01ec90b2c254cb7a89f0070e843a	success	0	147	805c8c7334c868e18e2be84be95b83cc60895722d739c2b164a68be4cd410c49	106138			request-selected-source	1	1	fixture-kotlin-compiler-12	1	0	0	1	0	1	0	0	0	1	0
request-selected-source-wrapped-contains-target-60-targeted	graph-parameter	request-selected-source-wrapped-contains	targeted	request-graph-selection-and-wrapped-contains	request-selected-source	properties	200	fixture-kotlin-compiler-12	fixture-kotlin-compiler-12	1	45b0266366bbda196d2004ab993b070c325a01ec90b2c254cb7a89f0070e843a	success	13	7599	88379c6b80e2b23974c6b6a1e2c6fc3f3680ec705c71b7cecbc9a2228bf7fa26	90650		fixture-kotlin-compiler-12	request-selected-source	1	1	fixture-kotlin-compiler-12	1	0	0	1	0	13	0	0	0	1	0
request-selected-source-wrapped-contains-target-60-dense	graph-parameter	request-selected-source-wrapped-contains	dense	request-graph-selection-and-wrapped-contains	request-selected-source	properties	200	fixture-kotlin-compiler-12	fixture-kotlin-compiler-12	1	45b0266366bbda196d2004ab993b070c325a01ec90b2c254cb7a89f0070e843a	success	200	94040	5d662b90e716477fff887768402c85462026d6042e22f1d7fafdb565b9f9efc8	190346		fixture-kotlin-compiler-12	request-selected-source	1	1	fixture-kotlin-compiler-12	1	0	0	1	0	200	0	0	0	1	0
request-selected-source-wrapped-contains-target-61-zero	graph-parameter	request-selected-source-wrapped-contains	zero	request-graph-selection-and-wrapped-contains	request-selected-source	properties	200	fixture-kotlin-compiler-13	fixture-kotlin-compiler-13	1	aedca61396c53e1f40a6a8408974c2e44a02b0dd40978618ab51b02da9ecb430	success	0	147	805c8c7334c868e18e2be84be95b83cc60895722d739c2b164a68be4cd410c49	122239			request-selected-source	1	1	fixture-kotlin-compiler-13	1	0	0	1	0	1	0	0	0	1	0
request-selected-source-wrapped-contains-target-61-targeted	graph-parameter	request-selected-source-wrapped-contains	targeted	request-graph-selection-and-wrapped-contains	request-selected-source	properties	200	fixture-kotlin-compiler-13	fixture-kotlin-compiler-13	1	aedca61396c53e1f40a6a8408974c2e44a02b0dd40978618ab51b02da9ecb430	success	8	5180	b6f5bd5828bd66e4f09f8198b509f3673986060cf32e2725dff13d9bcb4d6e9b	98223		fixture-kotlin-compiler-13	request-selected-source	1	1	fixture-kotlin-compiler-13	1	0	0	1	0	8	0	0	0	1	0
request-selected-source-wrapped-contains-target-61-dense	graph-parameter	request-selected-source-wrapped-contains	dense	request-graph-selection-and-wrapped-contains	request-selected-source	properties	200	fixture-kotlin-compiler-13	fixture-kotlin-compiler-13	1	aedca61396c53e1f40a6a8408974c2e44a02b0dd40978618ab51b02da9ecb430	success	200	93638	00f9fdf9bf9dc94ccc0d67b35cb45c01a8e623cfaedfdb70da1cc1bfa69daf82	160670		fixture-kotlin-compiler-13	request-selected-source	1	1	fixture-kotlin-compiler-13	1	0	0	1	0	200	0	0	0	1	0
request-selected-source-wrapped-contains-target-62-zero	graph-parameter	request-selected-source-wrapped-contains	zero	request-graph-selection-and-wrapped-contains	request-selected-source	properties	200	fixture-kotlin-compiler-14	fixture-kotlin-compiler-14	1	7f28ad9f946e8d01109ca70944e08883f52dd5c6cb287fa2d5fade1909b610b0	success	0	147	805c8c7334c868e18e2be84be95b83cc60895722d739c2b164a68be4cd410c49	96440			request-selected-source	1	1	fixture-kotlin-compiler-14	1	0	0	1	0	1	0	0	0	1	0
request-selected-source-wrapped-contains-target-62-targeted	graph-parameter	request-selected-source-wrapped-contains	targeted	request-graph-selection-and-wrapped-contains	request-selected-source	properties	200	fixture-kotlin-compiler-14	fixture-kotlin-compiler-14	1	7f28ad9f946e8d01109ca70944e08883f52dd5c6cb287fa2d5fade1909b610b0	success	1	877	f04b3035acb1285487cb68f126c796fd316b35c6ce630f1e71efd88436bf28f2	81302		fixture-kotlin-compiler-14	request-selected-source	1	1	fixture-kotlin-compiler-14	1	0	0	1	0	1	0	0	0	1	0
request-selected-source-wrapped-contains-target-62-dense	graph-parameter	request-selected-source-wrapped-contains	dense	request-graph-selection-and-wrapped-contains	request-selected-source	properties	200	fixture-kotlin-compiler-14	fixture-kotlin-compiler-14	1	7f28ad9f946e8d01109ca70944e08883f52dd5c6cb287fa2d5fade1909b610b0	success	200	97449	f19574ac46a01dafc16136d9e8c4835b8d40c72753078eb8a67a1d7d438dd937	169066		fixture-kotlin-compiler-14	request-selected-source	1	1	fixture-kotlin-compiler-14	1	0	0	1	0	200	0	0	0	1	0
request-selected-source-wrapped-contains-target-63-zero	graph-parameter	request-selected-source-wrapped-contains	zero	request-graph-selection-and-wrapped-contains	request-selected-source	properties	200	fixture-kotlin-compiler-15	fixture-kotlin-compiler-15	1	86015e396789c5c1cf86d1df3b0b97987a7b461bfcfb129491f3d758793d1d65	success	0	147	805c8c7334c868e18e2be84be95b83cc60895722d739c2b164a68be4cd410c49	95739			request-selected-source	1	1	fixture-kotlin-compiler-15	1	0	0	1	0	1	0	0	0	1	0
request-selected-source-wrapped-contains-target-63-targeted	graph-parameter	request-selected-source-wrapped-contains	targeted	request-graph-selection-and-wrapped-contains	request-selected-source	properties	200	fixture-kotlin-compiler-15	fixture-kotlin-compiler-15	1	86015e396789c5c1cf86d1df3b0b97987a7b461bfcfb129491f3d758793d1d65	success	1	778	1734729b6952d2a8eff267ca86b458aa4fd5e0c703c1fa60dd66478cd3c49356	167804		fixture-kotlin-compiler-15	request-selected-source	1	1	fixture-kotlin-compiler-15	1	0	0	1	0	1	0	0	0	1	0
request-selected-source-wrapped-contains-target-63-dense	graph-parameter	request-selected-source-wrapped-contains	dense	request-graph-selection-and-wrapped-contains	request-selected-source	properties	200	fixture-kotlin-compiler-15	fixture-kotlin-compiler-15	1	86015e396789c5c1cf86d1df3b0b97987a7b461bfcfb129491f3d758793d1d65	success	200	91412	082721be4b0e9234c67505fe172c638dcb4ef8924db9c6264a191473dfc4e443	247032		fixture-kotlin-compiler-15	request-selected-source	1	1	fixture-kotlin-compiler-15	1	0	0	1	0	200	0	0	0	1	0
graph-id-in-literal-wrapped-contains-k02-group-00-zero	graph-id-set	graph-id-in-literal-wrapped-contains	zero	graph-id-in-literal-and-wrapped-contains	graph-routing-set	properties	200	fixture-android-00	fixture-android-00,fixture-android-01	2	c5e427ee59fd172b027152e6baa9bd2cb81ab90e16b12acf9406ffe97ce9ae6a	success	0	147	805c8c7334c868e18e2be84be95b83cc60895722d739c2b164a68be4cd410c49	460512			cypher-graph-id-predicate	64	2	fixture-android-00,fixture-android-01	2	0	0	2	0	2	1	1	62	1	0
graph-id-in-parameter-wrapped-contains-k02-group-00-zero	graph-id-set	graph-id-in-parameter-wrapped-contains	zero	graph-id-in-parameter-and-wrapped-contains	parameters	properties	200	fixture-android-00	fixture-android-00,fixture-android-01	2	c5e427ee59fd172b027152e6baa9bd2cb81ab90e16b12acf9406ffe97ce9ae6a	success	0	147	805c8c7334c868e18e2be84be95b83cc60895722d739c2b164a68be4cd410c49	202529			cypher-graph-id-predicate	64	2	fixture-android-00,fixture-android-01	2	0	0	2	0	2	1	1	62	1	0
request-selected-set-wrapped-contains-k02-group-00-zero	graph-set-reference	request-selected-set-wrapped-contains	zero	request-graph-set-selection-and-wrapped-contains	request-selected-source	properties	200	fixture-android-00	fixture-android-00,fixture-android-01	2	c5e427ee59fd172b027152e6baa9bd2cb81ab90e16b12acf9406ffe97ce9ae6a	success	0	147	805c8c7334c868e18e2be84be95b83cc60895722d739c2b164a68be4cd410c49	132768			request-selected-source	2	2	fixture-android-00,fixture-android-01	2	0	0	2	0	2	0	0	0	1	0
graph-id-in-literal-wrapped-contains-k02-group-00-targeted	graph-id-set	graph-id-in-literal-wrapped-contains	targeted	graph-id-in-literal-and-wrapped-contains	graph-routing-set	properties	200	fixture-android-00	fixture-android-00,fixture-android-01	2	c5e427ee59fd172b027152e6baa9bd2cb81ab90e16b12acf9406ffe97ce9ae6a	success	10	5730	00c81103244dc6d42abdc3894d771e5a24957dcf7e5ad4d8dc686b1d7e0cb89e	628807		fixture-android-00	cypher-graph-id-predicate	64	2	fixture-android-00,fixture-android-01	2	0	0	2	0	203	1	1	62	1	0
graph-id-in-parameter-wrapped-contains-k02-group-00-targeted	graph-id-set	graph-id-in-parameter-wrapped-contains	targeted	graph-id-in-parameter-and-wrapped-contains	parameters	properties	200	fixture-android-00	fixture-android-00,fixture-android-01	2	c5e427ee59fd172b027152e6baa9bd2cb81ab90e16b12acf9406ffe97ce9ae6a	success	10	5730	00c81103244dc6d42abdc3894d771e5a24957dcf7e5ad4d8dc686b1d7e0cb89e	231774		fixture-android-00	cypher-graph-id-predicate	64	2	fixture-android-00,fixture-android-01	2	0	0	2	0	11	1	1	62	1	0
request-selected-set-wrapped-contains-k02-group-00-targeted	graph-set-reference	request-selected-set-wrapped-contains	targeted	request-graph-set-selection-and-wrapped-contains	request-selected-source	properties	200	fixture-android-00	fixture-android-00,fixture-android-01	2	c5e427ee59fd172b027152e6baa9bd2cb81ab90e16b12acf9406ffe97ce9ae6a	success	10	5730	00c81103244dc6d42abdc3894d771e5a24957dcf7e5ad4d8dc686b1d7e0cb89e	227927		fixture-android-00	request-selected-source	2	2	fixture-android-00,fixture-android-01	2	0	0	2	0	11	0	0	0	1	0
graph-id-in-literal-wrapped-contains-k02-group-00-dense	graph-id-set	graph-id-in-literal-wrapped-contains	dense	graph-id-in-literal-and-wrapped-contains	graph-routing-set	properties	200	fixture-android-00	fixture-android-00,fixture-android-01	2	c5e427ee59fd172b027152e6baa9bd2cb81ab90e16b12acf9406ffe97ce9ae6a	success	200	84411	3bdee68309e62bee93f47848258ded90b1763d55841fa57d8b8fd21867653c44	515775		fixture-android-00	cypher-graph-id-predicate	64	1	fixture-android-00	1	0	0	1	0	200	1	1	62	1	0
graph-id-in-parameter-wrapped-contains-k02-group-00-dense	graph-id-set	graph-id-in-parameter-wrapped-contains	dense	graph-id-in-parameter-and-wrapped-contains	parameters	properties	200	fixture-android-00	fixture-android-00,fixture-android-01	2	c5e427ee59fd172b027152e6baa9bd2cb81ab90e16b12acf9406ffe97ce9ae6a	success	200	84411	3bdee68309e62bee93f47848258ded90b1763d55841fa57d8b8fd21867653c44	198692		fixture-android-00	cypher-graph-id-predicate	64	1	fixture-android-00	1	0	0	1	0	200	1	1	62	1	0
request-selected-set-wrapped-contains-k02-group-00-dense	graph-set-reference	request-selected-set-wrapped-contains	dense	request-graph-set-selection-and-wrapped-contains	request-selected-source	properties	200	fixture-android-00	fixture-android-00,fixture-android-01	2	c5e427ee59fd172b027152e6baa9bd2cb81ab90e16b12acf9406ffe97ce9ae6a	success	200	84411	3bdee68309e62bee93f47848258ded90b1763d55841fa57d8b8fd21867653c44	194153		fixture-android-00	request-selected-source	2	1	fixture-android-00	1	0	0	1	0	200	0	0	0	1	0
graph-id-in-literal-wrapped-contains-k02-group-01-zero	graph-id-set	graph-id-in-literal-wrapped-contains	zero	graph-id-in-literal-and-wrapped-contains	graph-routing-set	properties	200	fixture-android-02	fixture-android-02,fixture-android-03	2	d64cb658b49ae8aa8f854034e272f5ae61430151b877619dd59a5dae05bbec09	success	0	147	805c8c7334c868e18e2be84be95b83cc60895722d739c2b164a68be4cd410c49	280014			cypher-graph-id-predicate	64	2	fixture-android-02,fixture-android-03	2	0	0	2	0	3	1	1	62	1	0
graph-id-in-parameter-wrapped-contains-k02-group-01-zero	graph-id-set	graph-id-in-parameter-wrapped-contains	zero	graph-id-in-parameter-and-wrapped-contains	parameters	properties	200	fixture-android-02	fixture-android-02,fixture-android-03	2	d64cb658b49ae8aa8f854034e272f5ae61430151b877619dd59a5dae05bbec09	success	0	147	805c8c7334c868e18e2be84be95b83cc60895722d739c2b164a68be4cd410c49	160330			cypher-graph-id-predicate	64	2	fixture-android-02,fixture-android-03	2	0	0	2	0	2	1	1	62	1	0
request-selected-set-wrapped-contains-k02-group-01-zero	graph-set-reference	request-selected-set-wrapped-contains	zero	request-graph-set-selection-and-wrapped-contains	request-selected-source	properties	200	fixture-android-02	fixture-android-02,fixture-android-03	2	d64cb658b49ae8aa8f854034e272f5ae61430151b877619dd59a5dae05bbec09	success	0	147	805c8c7334c868e18e2be84be95b83cc60895722d739c2b164a68be4cd410c49	121828			request-selected-source	2	2	fixture-android-02,fixture-android-03	2	0	0	2	0	2	0	0	0	1	0
graph-id-in-literal-wrapped-contains-k02-group-01-targeted	graph-id-set	graph-id-in-literal-wrapped-contains	targeted	graph-id-in-literal-and-wrapped-contains	graph-routing-set	properties	200	fixture-android-02	fixture-android-02,fixture-android-03	2	d64cb658b49ae8aa8f854034e272f5ae61430151b877619dd59a5dae05bbec09	success	9	5751	0754b66fd035110585cc31e6af555127395a9cd85c413f0a859de6b596c3b70d	295793		fixture-android-02	cypher-graph-id-predicate	64	2	fixture-android-02,fixture-android-03	2	0	0	2	0	145	1	1	62	1	0
graph-id-in-parameter-wrapped-contains-k02-group-01-targeted	graph-id-set	graph-id-in-parameter-wrapped-contains	targeted	graph-id-in-parameter-and-wrapped-contains	parameters	properties	200	fixture-android-02	fixture-android-02,fixture-android-03	2	d64cb658b49ae8aa8f854034e272f5ae61430151b877619dd59a5dae05bbec09	success	9	5751	0754b66fd035110585cc31e6af555127395a9cd85c413f0a859de6b596c3b70d	147927		fixture-android-02	cypher-graph-id-predicate	64	2	fixture-android-02,fixture-android-03	2	0	0	2	0	10	1	1	62	1	0
request-selected-set-wrapped-contains-k02-group-01-targeted	graph-set-reference	request-selected-set-wrapped-contains	targeted	request-graph-set-selection-and-wrapped-contains	request-selected-source	properties	200	fixture-android-02	fixture-android-02,fixture-android-03	2	d64cb658b49ae8aa8f854034e272f5ae61430151b877619dd59a5dae05bbec09	success	9	5751	0754b66fd035110585cc31e6af555127395a9cd85c413f0a859de6b596c3b70d	131295		fixture-android-02	request-selected-source	2	2	fixture-android-02,fixture-android-03	2	0	0	2	0	10	0	0	0	1	0
graph-id-in-literal-wrapped-contains-k02-group-01-dense	graph-id-set	graph-id-in-literal-wrapped-contains	dense	graph-id-in-literal-and-wrapped-contains	graph-routing-set	properties	200	fixture-android-02	fixture-android-02,fixture-android-03	2	d64cb658b49ae8aa8f854034e272f5ae61430151b877619dd59a5dae05bbec09	success	200	86930	a289774d080329d12351d967c614eae9b16190b55970a757b1f268e21aee3975	372927		fixture-android-02	cypher-graph-id-predicate	64	1	fixture-android-02	1	0	0	1	0	200	1	1	62	1	0
graph-id-in-parameter-wrapped-contains-k02-group-01-dense	graph-id-set	graph-id-in-parameter-wrapped-contains	dense	graph-id-in-parameter-and-wrapped-contains	parameters	properties	200	fixture-android-02	fixture-android-02,fixture-android-03	2	d64cb658b49ae8aa8f854034e272f5ae61430151b877619dd59a5dae05bbec09	success	200	86930	a289774d080329d12351d967c614eae9b16190b55970a757b1f268e21aee3975	204091		fixture-android-02	cypher-graph-id-predicate	64	1	fixture-android-02	1	0	0	1	0	200	1	1	62	1	0
request-selected-set-wrapped-contains-k02-group-01-dense	graph-set-reference	request-selected-set-wrapped-contains	dense	request-graph-set-selection-and-wrapped-contains	request-selected-source	properties	200	fixture-android-02	fixture-android-02,fixture-android-03	2	d64cb658b49ae8aa8f854034e272f5ae61430151b877619dd59a5dae05bbec09	success	200	86930	a289774d080329d12351d967c614eae9b16190b55970a757b1f268e21aee3975	174546		fixture-android-02	request-selected-source	2	1	fixture-android-02	1	0	0	1	0	200	0	0	0	1	0
graph-id-in-literal-wrapped-contains-k02-group-02-zero	graph-id-set	graph-id-in-literal-wrapped-contains	zero	graph-id-in-literal-and-wrapped-contains	graph-routing-set	properties	200	fixture-android-04	fixture-android-04,fixture-android-05	2	b8fdb740afd79a8321e4190db7c093a8e1259183d215b7f96692345a6e8a0185	success	0	147	805c8c7334c868e18e2be84be95b83cc60895722d739c2b164a68be4cd410c49	203761			cypher-graph-id-predicate	64	2	fixture-android-04,fixture-android-05	2	0	0	2	0	3	1	1	62	1	0
graph-id-in-parameter-wrapped-contains-k02-group-02-zero	graph-id-set	graph-id-in-parameter-wrapped-contains	zero	graph-id-in-parameter-and-wrapped-contains	parameters	properties	200	fixture-android-04	fixture-android-04,fixture-android-05	2	b8fdb740afd79a8321e4190db7c093a8e1259183d215b7f96692345a6e8a0185	success	0	147	805c8c7334c868e18e2be84be95b83cc60895722d739c2b164a68be4cd410c49	163496			cypher-graph-id-predicate	64	2	fixture-android-04,fixture-android-05	2	0	0	2	0	2	1	1	62	1	0
request-selected-set-wrapped-contains-k02-group-02-zero	graph-set-reference	request-selected-set-wrapped-contains	zero	request-graph-set-selection-and-wrapped-contains	request-selected-source	properties	200	fixture-android-04	fixture-android-04,fixture-android-05	2	b8fdb740afd79a8321e4190db7c093a8e1259183d215b7f96692345a6e8a0185	success	0	147	805c8c7334c868e18e2be84be95b83cc60895722d739c2b164a68be4cd410c49	134351			request-selected-source	2	2	fixture-android-04,fixture-android-05	2	0	0	2	0	2	0	0	0	1	0
graph-id-in-literal-wrapped-contains-k02-group-02-targeted	graph-id-set	graph-id-in-literal-wrapped-contains	targeted	graph-id-in-literal-and-wrapped-contains	graph-routing-set	properties	200	fixture-android-04	fixture-android-04,fixture-android-05	2	b8fdb740afd79a8321e4190db7c093a8e1259183d215b7f96692345a6e8a0185	success	9	5762	527d81de9e8ca9f5fe9ad0166e1e1711fbccaf3c53281e7e95375f6d55e3a3c7	660353		fixture-android-04	cypher-graph-id-predicate	64	2	fixture-android-04,fixture-android-05	2	0	0	2	0	291	1	1	62	1	0
graph-id-in-parameter-wrapped-contains-k02-group-02-targeted	graph-id-set	graph-id-in-parameter-wrapped-contains	targeted	graph-id-in-parameter-and-wrapped-contains	parameters	properties	200	fixture-android-04	fixture-android-04,fixture-android-05	2	b8fdb740afd79a8321e4190db7c093a8e1259183d215b7f96692345a6e8a0185	success	9	5762	527d81de9e8ca9f5fe9ad0166e1e1711fbccaf3c53281e7e95375f6d55e3a3c7	164098		fixture-android-04	cypher-graph-id-predicate	64	2	fixture-android-04,fixture-android-05	2	0	0	2	0	10	1	1	62	1	0
request-selected-set-wrapped-contains-k02-group-02-targeted	graph-set-reference	request-selected-set-wrapped-contains	targeted	request-graph-set-selection-and-wrapped-contains	request-selected-source	properties	200	fixture-android-04	fixture-android-04,fixture-android-05	2	b8fdb740afd79a8321e4190db7c093a8e1259183d215b7f96692345a6e8a0185	success	9	5762	527d81de9e8ca9f5fe9ad0166e1e1711fbccaf3c53281e7e95375f6d55e3a3c7	248766		fixture-android-04	request-selected-source	2	2	fixture-android-04,fixture-android-05	2	0	0	2	0	10	0	0	0	1	0
graph-id-in-literal-wrapped-contains-k02-group-02-dense	graph-id-set	graph-id-in-literal-wrapped-contains	dense	graph-id-in-literal-and-wrapped-contains	graph-routing-set	properties	200	fixture-android-04	fixture-android-04,fixture-android-05	2	b8fdb740afd79a8321e4190db7c093a8e1259183d215b7f96692345a6e8a0185	success	200	86152	85d9bac3392391ae56f1f03af81d888f398336c8e33a1ef1e42c5409f746f730	575086		fixture-android-04	cypher-graph-id-predicate	64	1	fixture-android-04	1	0	0	1	0	200	1	1	62	1	0
graph-id-in-parameter-wrapped-contains-k02-group-02-dense	graph-id-set	graph-id-in-parameter-wrapped-contains	dense	graph-id-in-parameter-and-wrapped-contains	parameters	properties	200	fixture-android-04	fixture-android-04,fixture-android-05	2	b8fdb740afd79a8321e4190db7c093a8e1259183d215b7f96692345a6e8a0185	success	200	86152	85d9bac3392391ae56f1f03af81d888f398336c8e33a1ef1e42c5409f746f730	211015		fixture-android-04	cypher-graph-id-predicate	64	1	fixture-android-04	1	0	0	1	0	200	1	1	62	1	0
request-selected-set-wrapped-contains-k02-group-02-dense	graph-set-reference	request-selected-set-wrapped-contains	dense	request-graph-set-selection-and-wrapped-contains	request-selected-source	properties	200	fixture-android-04	fixture-android-04,fixture-android-05	2	b8fdb740afd79a8321e4190db7c093a8e1259183d215b7f96692345a6e8a0185	success	200	86152	85d9bac3392391ae56f1f03af81d888f398336c8e33a1ef1e42c5409f746f730	177973		fixture-android-04	request-selected-source	2	1	fixture-android-04	1	0	0	1	0	200	0	0	0	1	0
graph-id-in-literal-wrapped-contains-k02-group-03-zero	graph-id-set	graph-id-in-literal-wrapped-contains	zero	graph-id-in-literal-and-wrapped-contains	graph-routing-set	properties	200	fixture-android-06	fixture-android-06,fixture-android-07	2	6fe6d1e974e6baa1651257376dccb286a52017ff70666b6755aad54482e00b40	success	0	147	805c8c7334c868e18e2be84be95b83cc60895722d739c2b164a68be4cd410c49	226434			cypher-graph-id-predicate	64	2	fixture-android-06,fixture-android-07	2	0	0	2	0	3	1	1	62	1	0
graph-id-in-parameter-wrapped-contains-k02-group-03-zero	graph-id-set	graph-id-in-parameter-wrapped-contains	zero	graph-id-in-parameter-and-wrapped-contains	parameters	properties	200	fixture-android-06	fixture-android-06,fixture-android-07	2	6fe6d1e974e6baa1651257376dccb286a52017ff70666b6755aad54482e00b40	success	0	147	805c8c7334c868e18e2be84be95b83cc60895722d739c2b164a68be4cd410c49	152516			cypher-graph-id-predicate	64	2	fixture-android-06,fixture-android-07	2	0	0	2	0	2	1	1	62	1	0
request-selected-set-wrapped-contains-k02-group-03-zero	graph-set-reference	request-selected-set-wrapped-contains	zero	request-graph-set-selection-and-wrapped-contains	request-selected-source	properties	200	fixture-android-06	fixture-android-06,fixture-android-07	2	6fe6d1e974e6baa1651257376dccb286a52017ff70666b6755aad54482e00b40	success	0	147	805c8c7334c868e18e2be84be95b83cc60895722d739c2b164a68be4cd410c49	141825			request-selected-source	2	2	fixture-android-06,fixture-android-07	2	0	0	2	0	2	0	0	0	1	0
graph-id-in-literal-wrapped-contains-k02-group-03-targeted	graph-id-set	graph-id-in-literal-wrapped-contains	targeted	graph-id-in-literal-and-wrapped-contains	graph-routing-set	properties	200	fixture-android-06	fixture-android-06,fixture-android-07	2	6fe6d1e974e6baa1651257376dccb286a52017ff70666b6755aad54482e00b40	success	1	734	2c8962bfda6df26238f145f32f089e1ccdb69cc26ea9c2fde590f543638ba060	442739		fixture-android-06	cypher-graph-id-predicate	64	2	fixture-android-06,fixture-android-07	2	0	0	2	0	175	1	1	62	1	0
graph-id-in-parameter-wrapped-contains-k02-group-03-targeted	graph-id-set	graph-id-in-parameter-wrapped-contains	targeted	graph-id-in-parameter-and-wrapped-contains	parameters	properties	200	fixture-android-06	fixture-android-06,fixture-android-07	2	6fe6d1e974e6baa1651257376dccb286a52017ff70666b6755aad54482e00b40	success	1	734	2c8962bfda6df26238f145f32f089e1ccdb69cc26ea9c2fde590f543638ba060	183674		fixture-android-06	cypher-graph-id-predicate	64	2	fixture-android-06,fixture-android-07	2	0	0	2	0	2	1	1	62	1	0
request-selected-set-wrapped-contains-k02-group-03-targeted	graph-set-reference	request-selected-set-wrapped-contains	targeted	request-graph-set-selection-and-wrapped-contains	request-selected-source	properties	200	fixture-android-06	fixture-android-06,fixture-android-07	2	6fe6d1e974e6baa1651257376dccb286a52017ff70666b6755aad54482e00b40	success	1	734	2c8962bfda6df26238f145f32f089e1ccdb69cc26ea9c2fde590f543638ba060	154278		fixture-android-06	request-selected-source	2	2	fixture-android-06,fixture-android-07	2	0	0	2	0	2	0	0	0	1	0
graph-id-in-literal-wrapped-contains-k02-group-03-dense	graph-id-set	graph-id-in-literal-wrapped-contains	dense	graph-id-in-literal-and-wrapped-contains	graph-routing-set	properties	200	fixture-android-06	fixture-android-06,fixture-android-07	2	6fe6d1e974e6baa1651257376dccb286a52017ff70666b6755aad54482e00b40	success	200	83941	f7f169fb4cd9a2408b058d9e03502907fe0d9372ba70f2f3749aeaffa464e292	384382		fixture-android-06	cypher-graph-id-predicate	64	1	fixture-android-06	1	0	0	1	0	200	1	1	62	1	0
graph-id-in-parameter-wrapped-contains-k02-group-03-dense	graph-id-set	graph-id-in-parameter-wrapped-contains	dense	graph-id-in-parameter-and-wrapped-contains	parameters	properties	200	fixture-android-06	fixture-android-06,fixture-android-07	2	6fe6d1e974e6baa1651257376dccb286a52017ff70666b6755aad54482e00b40	success	200	83941	f7f169fb4cd9a2408b058d9e03502907fe0d9372ba70f2f3749aeaffa464e292	202248		fixture-android-06	cypher-graph-id-predicate	64	1	fixture-android-06	1	0	0	1	0	200	1	1	62	1	0
request-selected-set-wrapped-contains-k02-group-03-dense	graph-set-reference	request-selected-set-wrapped-contains	dense	request-graph-set-selection-and-wrapped-contains	request-selected-source	properties	200	fixture-android-06	fixture-android-06,fixture-android-07	2	6fe6d1e974e6baa1651257376dccb286a52017ff70666b6755aad54482e00b40	success	200	83941	f7f169fb4cd9a2408b058d9e03502907fe0d9372ba70f2f3749aeaffa464e292	171992		fixture-android-06	request-selected-source	2	1	fixture-android-06	1	0	0	1	0	200	0	0	0	1	0
graph-id-in-literal-wrapped-contains-k02-group-04-zero	graph-id-set	graph-id-in-literal-wrapped-contains	zero	graph-id-in-literal-and-wrapped-contains	graph-routing-set	properties	200	fixture-android-08	fixture-android-08,fixture-android-09	2	9ec81a90c045de286a3929ee12d1d47e12620e8c018cdd08ec574a7d9d754d97	success	0	147	805c8c7334c868e18e2be84be95b83cc60895722d739c2b164a68be4cd410c49	303758			cypher-graph-id-predicate	64	2	fixture-android-08,fixture-android-09	2	0	0	2	0	3	1	1	62	1	0
graph-id-in-parameter-wrapped-contains-k02-group-04-zero	graph-id-set	graph-id-in-parameter-wrapped-contains	zero	graph-id-in-parameter-and-wrapped-contains	parameters	properties	200	fixture-android-08	fixture-android-08,fixture-android-09	2	9ec81a90c045de286a3929ee12d1d47e12620e8c018cdd08ec574a7d9d754d97	success	0	147	805c8c7334c868e18e2be84be95b83cc60895722d739c2b164a68be4cd410c49	231463			cypher-graph-id-predicate	64	2	fixture-android-08,fixture-android-09	2	0	0	2	0	2	1	1	62	1	0
request-selected-set-wrapped-contains-k02-group-04-zero	graph-set-reference	request-selected-set-wrapped-contains	zero	request-graph-set-selection-and-wrapped-contains	request-selected-source	properties	200	fixture-android-08	fixture-android-08,fixture-android-09	2	9ec81a90c045de286a3929ee12d1d47e12620e8c018cdd08ec574a7d9d754d97	success	0	147	805c8c7334c868e18e2be84be95b83cc60895722d739c2b164a68be4cd410c49	265597			request-selected-source	2	2	fixture-android-08,fixture-android-09	2	0	0	2	0	2	0	0	0	1	0
graph-id-in-literal-wrapped-contains-k02-group-04-targeted	graph-id-set	graph-id-in-literal-wrapped-contains	targeted	graph-id-in-literal-and-wrapped-contains	graph-routing-set	properties	200	fixture-android-08	fixture-android-08,fixture-android-09	2	9ec81a90c045de286a3929ee12d1d47e12620e8c018cdd08ec574a7d9d754d97	success	2	1322	4b49b28d836e57c2c3f8d43a93acd00a93b169fcd603338f9ab350f541e9665c	434654		fixture-android-08	cypher-graph-id-predicate	64	2	fixture-android-08,fixture-android-09	2	0	0	2	0	192	1	1	62	1	0
graph-id-in-parameter-wrapped-contains-k02-group-04-targeted	graph-id-set	graph-id-in-parameter-wrapped-contains	targeted	graph-id-in-parameter-and-wrapped-contains	parameters	properties	200	fixture-android-08	fixture-android-08,fixture-android-09	2	9ec81a90c045de286a3929ee12d1d47e12620e8c018cdd08ec574a7d9d754d97	success	2	1322	4b49b28d836e57c2c3f8d43a93acd00a93b169fcd603338f9ab350f541e9665c	230231		fixture-android-08	cypher-graph-id-predicate	64	2	fixture-android-08,fixture-android-09	2	0	0	2	0	3	1	1	62	1	0
request-selected-set-wrapped-contains-k02-group-04-targeted	graph-set-reference	request-selected-set-wrapped-contains	targeted	request-graph-set-selection-and-wrapped-contains	request-selected-source	properties	200	fixture-android-08	fixture-android-08,fixture-android-09	2	9ec81a90c045de286a3929ee12d1d47e12620e8c018cdd08ec574a7d9d754d97	success	2	1322	4b49b28d836e57c2c3f8d43a93acd00a93b169fcd603338f9ab350f541e9665c	129863		fixture-android-08	request-selected-source	2	2	fixture-android-08,fixture-android-09	2	0	0	2	0	3	0	0	0	1	0
graph-id-in-literal-wrapped-contains-k02-group-04-dense	graph-id-set	graph-id-in-literal-wrapped-contains	dense	graph-id-in-literal-and-wrapped-contains	graph-routing-set	properties	200	fixture-android-08	fixture-android-08,fixture-android-09	2	9ec81a90c045de286a3929ee12d1d47e12620e8c018cdd08ec574a7d9d754d97	success	200	85531	ed34441ff634f19c276911a1fa193106a9070fde1065b57fc7ec71132b8d5f66	342581		fixture-android-08	cypher-graph-id-predicate	64	1	fixture-android-08	1	0	0	1	0	200	1	1	62	1	0
graph-id-in-parameter-wrapped-contains-k02-group-04-dense	graph-id-set	graph-id-in-parameter-wrapped-contains	dense	graph-id-in-parameter-and-wrapped-contains	parameters	properties	200	fixture-android-08	fixture-android-08,fixture-android-09	2	9ec81a90c045de286a3929ee12d1d47e12620e8c018cdd08ec574a7d9d754d97	success	200	85531	ed34441ff634f19c276911a1fa193106a9070fde1065b57fc7ec71132b8d5f66	197930		fixture-android-08	cypher-graph-id-predicate	64	1	fixture-android-08	1	0	0	1	0	200	1	1	62	1	0
request-selected-set-wrapped-contains-k02-group-04-dense	graph-set-reference	request-selected-set-wrapped-contains	dense	request-graph-set-selection-and-wrapped-contains	request-selected-source	properties	200	fixture-android-08	fixture-android-08,fixture-android-09	2	9ec81a90c045de286a3929ee12d1d47e12620e8c018cdd08ec574a7d9d754d97	success	200	85531	ed34441ff634f19c276911a1fa193106a9070fde1065b57fc7ec71132b8d5f66	198201		fixture-android-08	request-selected-source	2	1	fixture-android-08	1	0	0	1	0	200	0	0	0	1	0
graph-id-in-literal-wrapped-contains-k02-group-05-zero	graph-id-set	graph-id-in-literal-wrapped-contains	zero	graph-id-in-literal-and-wrapped-contains	graph-routing-set	properties	200	fixture-android-10	fixture-android-10,fixture-android-11	2	260eebba364a9fc7120210e771f0b6bb86afe03c57c19e1b80a6f5a3e4ae88d8	success	0	147	805c8c7334c868e18e2be84be95b83cc60895722d739c2b164a68be4cd410c49	323465			cypher-graph-id-predicate	64	2	fixture-android-10,fixture-android-11	2	0	0	2	0	3	1	1	62	1	0
graph-id-in-parameter-wrapped-contains-k02-group-05-zero	graph-id-set	graph-id-in-parameter-wrapped-contains	zero	graph-id-in-parameter-and-wrapped-contains	parameters	properties	200	fixture-android-10	fixture-android-10,fixture-android-11	2	260eebba364a9fc7120210e771f0b6bb86afe03c57c19e1b80a6f5a3e4ae88d8	success	0	147	805c8c7334c868e18e2be84be95b83cc60895722d739c2b164a68be4cd410c49	249877			cypher-graph-id-predicate	64	2	fixture-android-10,fixture-android-11	2	0	0	2	0	2	1	1	62	1	0
request-selected-set-wrapped-contains-k02-group-05-zero	graph-set-reference	request-selected-set-wrapped-contains	zero	request-graph-set-selection-and-wrapped-contains	request-selected-source	properties	200	fixture-android-10	fixture-android-10,fixture-android-11	2	260eebba364a9fc7120210e771f0b6bb86afe03c57c19e1b80a6f5a3e4ae88d8	success	0	147	805c8c7334c868e18e2be84be95b83cc60895722d739c2b164a68be4cd410c49	288620			request-selected-source	2	2	fixture-android-10,fixture-android-11	2	0	0	2	0	2	0	0	0	1	0
graph-id-in-literal-wrapped-contains-k02-group-05-targeted	graph-id-set	graph-id-in-literal-wrapped-contains	targeted	graph-id-in-literal-and-wrapped-contains	graph-routing-set	properties	200	fixture-android-10	fixture-android-10,fixture-android-11	2	260eebba364a9fc7120210e771f0b6bb86afe03c57c19e1b80a6f5a3e4ae88d8	success	1	821	f3f4d5fb39ff9fde7dcf6d88e4f52bcc4c277ed98626ccca0b17c4ddbb20b035	421296		fixture-android-10	cypher-graph-id-predicate	64	2	fixture-android-10,fixture-android-11	2	0	0	2	0	141	1	1	62	1	0
graph-id-in-parameter-wrapped-contains-k02-group-05-targeted	graph-id-set	graph-id-in-parameter-wrapped-contains	targeted	graph-id-in-parameter-and-wrapped-contains	parameters	properties	200	fixture-android-10	fixture-android-10,fixture-android-11	2	260eebba364a9fc7120210e771f0b6bb86afe03c57c19e1b80a6f5a3e4ae88d8	success	1	821	f3f4d5fb39ff9fde7dcf6d88e4f52bcc4c277ed98626ccca0b17c4ddbb20b035	343944		fixture-android-10	cypher-graph-id-predicate	64	2	fixture-android-10,fixture-android-11	2	0	0	2	0	2	1	1	62	1	0
request-selected-set-wrapped-contains-k02-group-05-targeted	graph-set-reference	request-selected-set-wrapped-contains	targeted	request-graph-set-selection-and-wrapped-contains	request-selected-source	properties	200	fixture-android-10	fixture-android-10,fixture-android-11	2	260eebba364a9fc7120210e771f0b6bb86afe03c57c19e1b80a6f5a3e4ae88d8	success	1	821	f3f4d5fb39ff9fde7dcf6d88e4f52bcc4c277ed98626ccca0b17c4ddbb20b035	643164		fixture-android-10	request-selected-source	2	2	fixture-android-10,fixture-android-11	2	0	0	2	0	2	0	0	0	1	0
graph-id-in-literal-wrapped-contains-k02-group-05-dense	graph-id-set	graph-id-in-literal-wrapped-contains	dense	graph-id-in-literal-and-wrapped-contains	graph-routing-set	properties	200	fixture-android-10	fixture-android-10,fixture-android-11	2	260eebba364a9fc7120210e771f0b6bb86afe03c57c19e1b80a6f5a3e4ae88d8	success	200	86914	eec30bd784e53b80ccd384559e9d1f853b8152ad8db90ad1f27d391bf03fc0d8	366025		fixture-android-10	cypher-graph-id-predicate	64	1	fixture-android-10	1	0	0	1	0	200	1	1	62	1	0
graph-id-in-parameter-wrapped-contains-k02-group-05-dense	graph-id-set	graph-id-in-parameter-wrapped-contains	dense	graph-id-in-parameter-and-wrapped-contains	parameters	properties	200	fixture-android-10	fixture-android-10,fixture-android-11	2	260eebba364a9fc7120210e771f0b6bb86afe03c57c19e1b80a6f5a3e4ae88d8	success	200	86914	eec30bd784e53b80ccd384559e9d1f853b8152ad8db90ad1f27d391bf03fc0d8	202379		fixture-android-10	cypher-graph-id-predicate	64	1	fixture-android-10	1	0	0	1	0	200	1	1	62	1	0
request-selected-set-wrapped-contains-k02-group-05-dense	graph-set-reference	request-selected-set-wrapped-contains	dense	request-graph-set-selection-and-wrapped-contains	request-selected-source	properties	200	fixture-android-10	fixture-android-10,fixture-android-11	2	260eebba364a9fc7120210e771f0b6bb86afe03c57c19e1b80a6f5a3e4ae88d8	success	200	86914	eec30bd784e53b80ccd384559e9d1f853b8152ad8db90ad1f27d391bf03fc0d8	293750		fixture-android-10	request-selected-source	2	1	fixture-android-10	1	0	0	1	0	200	0	0	0	1	0
graph-id-in-literal-wrapped-contains-k02-group-06-zero	graph-id-set	graph-id-in-literal-wrapped-contains	zero	graph-id-in-literal-and-wrapped-contains	graph-routing-set	properties	200	fixture-android-12	fixture-android-12,fixture-android-13	2	53a2cc8450ae462342eae55ee18f75ffa0aadf3bacfbd392f69f35c17509903f	success	0	147	805c8c7334c868e18e2be84be95b83cc60895722d739c2b164a68be4cd410c49	270877			cypher-graph-id-predicate	64	2	fixture-android-12,fixture-android-13	2	0	0	2	0	3	1	1	62	1	0
graph-id-in-parameter-wrapped-contains-k02-group-06-zero	graph-id-set	graph-id-in-parameter-wrapped-contains	zero	graph-id-in-parameter-and-wrapped-contains	parameters	properties	200	fixture-android-12	fixture-android-12,fixture-android-13	2	53a2cc8450ae462342eae55ee18f75ffa0aadf3bacfbd392f69f35c17509903f	success	0	147	805c8c7334c868e18e2be84be95b83cc60895722d739c2b164a68be4cd410c49	167133			cypher-graph-id-predicate	64	2	fixture-android-12,fixture-android-13	2	0	0	2	0	2	1	1	62	1	0
request-selected-set-wrapped-contains-k02-group-06-zero	graph-set-reference	request-selected-set-wrapped-contains	zero	request-graph-set-selection-and-wrapped-contains	request-selected-source	properties	200	fixture-android-12	fixture-android-12,fixture-android-13	2	53a2cc8450ae462342eae55ee18f75ffa0aadf3bacfbd392f69f35c17509903f	success	0	147	805c8c7334c868e18e2be84be95b83cc60895722d739c2b164a68be4cd410c49	133410			request-selected-source	2	2	fixture-android-12,fixture-android-13	2	0	0	2	0	2	0	0	0	1	0
graph-id-in-literal-wrapped-contains-k02-group-06-targeted	graph-id-set	graph-id-in-literal-wrapped-contains	targeted	graph-id-in-literal-and-wrapped-contains	graph-routing-set	properties	200	fixture-android-12	fixture-android-12,fixture-android-13	2	53a2cc8450ae462342eae55ee18f75ffa0aadf3bacfbd392f69f35c17509903f	success	2	1348	569ba2c2d8626f5c6804b713aa9f9bd5155648246e0bb082ab37cf407a3ccee9	344585		fixture-android-12	cypher-graph-id-predicate	64	2	fixture-android-12,fixture-android-13	2	0	0	2	0	164	1	1	62	1	0
graph-id-in-parameter-wrapped-contains-k02-group-06-targeted	graph-id-set	graph-id-in-parameter-wrapped-contains	targeted	graph-id-in-parameter-and-wrapped-contains	parameters	properties	200	fixture-android-12	fixture-android-12,fixture-android-13	2	53a2cc8450ae462342eae55ee18f75ffa0aadf3bacfbd392f69f35c17509903f	success	2	1348	569ba2c2d8626f5c6804b713aa9f9bd5155648246e0bb082ab37cf407a3ccee9	168596		fixture-android-12	cypher-graph-id-predicate	64	2	fixture-android-12,fixture-android-13	2	0	0	2	0	3	1	1	62	1	0
request-selected-set-wrapped-contains-k02-group-06-targeted	graph-set-reference	request-selected-set-wrapped-contains	targeted	request-graph-set-selection-and-wrapped-contains	request-selected-source	properties	200	fixture-android-12	fixture-android-12,fixture-android-13	2	53a2cc8450ae462342eae55ee18f75ffa0aadf3bacfbd392f69f35c17509903f	success	2	1348	569ba2c2d8626f5c6804b713aa9f9bd5155648246e0bb082ab37cf407a3ccee9	126066		fixture-android-12	request-selected-source	2	2	fixture-android-12,fixture-android-13	2	0	0	2	0	3	0	0	0	1	0
graph-id-in-literal-wrapped-contains-k02-group-06-dense	graph-id-set	graph-id-in-literal-wrapped-contains	dense	graph-id-in-literal-and-wrapped-contains	graph-routing-set	properties	200	fixture-android-12	fixture-android-12,fixture-android-13	2	53a2cc8450ae462342eae55ee18f75ffa0aadf3bacfbd392f69f35c17509903f	success	200	85894	f22afa8ccaad259750ce50e850502822308b2565f707f284de32cd44d5ef328a	313828		fixture-android-12	cypher-graph-id-predicate	64	1	fixture-android-12	1	0	0	1	0	200	1	1	62	1	0
graph-id-in-parameter-wrapped-contains-k02-group-06-dense	graph-id-set	graph-id-in-parameter-wrapped-contains	dense	graph-id-in-parameter-and-wrapped-contains	parameters	properties	200	fixture-android-12	fixture-android-12,fixture-android-13	2	53a2cc8450ae462342eae55ee18f75ffa0aadf3bacfbd392f69f35c17509903f	success	200	85894	f22afa8ccaad259750ce50e850502822308b2565f707f284de32cd44d5ef328a	158376		fixture-android-12	cypher-graph-id-predicate	64	1	fixture-android-12	1	0	0	1	0	200	1	1	62	1	0
request-selected-set-wrapped-contains-k02-group-06-dense	graph-set-reference	request-selected-set-wrapped-contains	dense	request-graph-set-selection-and-wrapped-contains	request-selected-source	properties	200	fixture-android-12	fixture-android-12,fixture-android-13	2	53a2cc8450ae462342eae55ee18f75ffa0aadf3bacfbd392f69f35c17509903f	success	200	85894	f22afa8ccaad259750ce50e850502822308b2565f707f284de32cd44d5ef328a	279303		fixture-android-12	request-selected-source	2	1	fixture-android-12	1	0	0	1	0	200	0	0	0	1	0
graph-id-in-literal-wrapped-contains-k02-group-07-zero	graph-id-set	graph-id-in-literal-wrapped-contains	zero	graph-id-in-literal-and-wrapped-contains	graph-routing-set	properties	200	fixture-android-14	fixture-android-14,fixture-android-15	2	807fc4e1c3f01ad53261af7c98e5428363e2112772ec0681a9e0eb128a146fff	success	0	147	805c8c7334c868e18e2be84be95b83cc60895722d739c2b164a68be4cd410c49	221344			cypher-graph-id-predicate	64	2	fixture-android-14,fixture-android-15	2	0	0	2	0	3	1	1	62	1	0
graph-id-in-parameter-wrapped-contains-k02-group-07-zero	graph-id-set	graph-id-in-parameter-wrapped-contains	zero	graph-id-in-parameter-and-wrapped-contains	parameters	properties	200	fixture-android-14	fixture-android-14,fixture-android-15	2	807fc4e1c3f01ad53261af7c98e5428363e2112772ec0681a9e0eb128a146fff	success	0	147	805c8c7334c868e18e2be84be95b83cc60895722d739c2b164a68be4cd410c49	156663			cypher-graph-id-predicate	64	2	fixture-android-14,fixture-android-15	2	0	0	2	0	2	1	1	62	1	0
request-selected-set-wrapped-contains-k02-group-07-zero	graph-set-reference	request-selected-set-wrapped-contains	zero	request-graph-set-selection-and-wrapped-contains	request-selected-source	properties	200	fixture-android-14	fixture-android-14,fixture-android-15	2	807fc4e1c3f01ad53261af7c98e5428363e2112772ec0681a9e0eb128a146fff	success	0	147	805c8c7334c868e18e2be84be95b83cc60895722d739c2b164a68be4cd410c49	135474			request-selected-source	2	2	fixture-android-14,fixture-android-15	2	0	0	2	0	2	0	0	0	1	0
graph-id-in-literal-wrapped-contains-k02-group-07-targeted	graph-id-set	graph-id-in-literal-wrapped-contains	targeted	graph-id-in-literal-and-wrapped-contains	graph-routing-set	properties	200	fixture-android-14	fixture-android-14,fixture-android-15	2	807fc4e1c3f01ad53261af7c98e5428363e2112772ec0681a9e0eb128a146fff	success	3	1887	cfce92c06f8a0a93444f0ec3592aad57c255799cc7a1286e673f5c8cc3173d20	408935		fixture-android-14	cypher-graph-id-predicate	64	2	fixture-android-14,fixture-android-15	2	0	0	2	0	176	1	1	62	1	0
graph-id-in-parameter-wrapped-contains-k02-group-07-targeted	graph-id-set	graph-id-in-parameter-wrapped-contains	targeted	graph-id-in-parameter-and-wrapped-contains	parameters	properties	200	fixture-android-14	fixture-android-14,fixture-android-15	2	807fc4e1c3f01ad53261af7c98e5428363e2112772ec0681a9e0eb128a146fff	success	3	1887	cfce92c06f8a0a93444f0ec3592aad57c255799cc7a1286e673f5c8cc3173d20	150922		fixture-android-14	cypher-graph-id-predicate	64	2	fixture-android-14,fixture-android-15	2	0	0	2	0	4	1	1	62	1	0
request-selected-set-wrapped-contains-k02-group-07-targeted	graph-set-reference	request-selected-set-wrapped-contains	targeted	request-graph-set-selection-and-wrapped-contains	request-selected-source	properties	200	fixture-android-14	fixture-android-14,fixture-android-15	2	807fc4e1c3f01ad53261af7c98e5428363e2112772ec0681a9e0eb128a146fff	success	3	1887	cfce92c06f8a0a93444f0ec3592aad57c255799cc7a1286e673f5c8cc3173d20	128160		fixture-android-14	request-selected-source	2	2	fixture-android-14,fixture-android-15	2	0	0	2	0	4	0	0	0	1	0
graph-id-in-literal-wrapped-contains-k02-group-07-dense	graph-id-set	graph-id-in-literal-wrapped-contains	dense	graph-id-in-literal-and-wrapped-contains	graph-routing-set	properties	200	fixture-android-14	fixture-android-14,fixture-android-15	2	807fc4e1c3f01ad53261af7c98e5428363e2112772ec0681a9e0eb128a146fff	success	200	88102	f384f54b9e0494c603dd9e83eb2ca0ad0386a359a2e1d6a356e225c072977e41	220874		fixture-android-14	cypher-graph-id-predicate	64	1	fixture-android-14	1	0	0	1	0	200	1	1	62	1	0
graph-id-in-parameter-wrapped-contains-k02-group-07-dense	graph-id-set	graph-id-in-parameter-wrapped-contains	dense	graph-id-in-parameter-and-wrapped-contains	parameters	properties	200	fixture-android-14	fixture-android-14,fixture-android-15	2	807fc4e1c3f01ad53261af7c98e5428363e2112772ec0681a9e0eb128a146fff	success	200	88102	f384f54b9e0494c603dd9e83eb2ca0ad0386a359a2e1d6a356e225c072977e41	162003		fixture-android-14	cypher-graph-id-predicate	64	1	fixture-android-14	1	0	0	1	0	200	1	1	62	1	0
request-selected-set-wrapped-contains-k02-group-07-dense	graph-set-reference	request-selected-set-wrapped-contains	dense	request-graph-set-selection-and-wrapped-contains	request-selected-source	properties	200	fixture-android-14	fixture-android-14,fixture-android-15	2	807fc4e1c3f01ad53261af7c98e5428363e2112772ec0681a9e0eb128a146fff	success	200	88102	f384f54b9e0494c603dd9e83eb2ca0ad0386a359a2e1d6a356e225c072977e41	142317		fixture-android-14	request-selected-source	2	1	fixture-android-14	1	0	0	1	0	200	0	0	0	1	0
graph-id-in-literal-wrapped-contains-k02-group-08-zero	graph-id-set	graph-id-in-literal-wrapped-contains	zero	graph-id-in-literal-and-wrapped-contains	graph-routing-set	properties	200	fixture-tika-00	fixture-tika-00,fixture-tika-01	2	c3e632cd7b5e41a9b9b771b93da235f946c29739547e67bc94c675345340a35d	success	0	147	805c8c7334c868e18e2be84be95b83cc60895722d739c2b164a68be4cd410c49	257111			cypher-graph-id-predicate	64	2	fixture-tika-00,fixture-tika-01	2	0	0	2	0	3	1	1	62	1	0
graph-id-in-parameter-wrapped-contains-k02-group-08-zero	graph-id-set	graph-id-in-parameter-wrapped-contains	zero	graph-id-in-parameter-and-wrapped-contains	parameters	properties	200	fixture-tika-00	fixture-tika-00,fixture-tika-01	2	c3e632cd7b5e41a9b9b771b93da235f946c29739547e67bc94c675345340a35d	success	0	147	805c8c7334c868e18e2be84be95b83cc60895722d739c2b164a68be4cd410c49	182371			cypher-graph-id-predicate	64	2	fixture-tika-00,fixture-tika-01	2	0	0	2	0	2	1	1	62	1	0
request-selected-set-wrapped-contains-k02-group-08-zero	graph-set-reference	request-selected-set-wrapped-contains	zero	request-graph-set-selection-and-wrapped-contains	request-selected-source	properties	200	fixture-tika-00	fixture-tika-00,fixture-tika-01	2	c3e632cd7b5e41a9b9b771b93da235f946c29739547e67bc94c675345340a35d	success	0	147	805c8c7334c868e18e2be84be95b83cc60895722d739c2b164a68be4cd410c49	118412			request-selected-source	2	2	fixture-tika-00,fixture-tika-01	2	0	0	2	0	2	0	0	0	1	0
graph-id-in-literal-wrapped-contains-k02-group-08-targeted	graph-id-set	graph-id-in-literal-wrapped-contains	targeted	graph-id-in-literal-and-wrapped-contains	graph-routing-set	properties	200	fixture-tika-00	fixture-tika-00,fixture-tika-01	2	c3e632cd7b5e41a9b9b771b93da235f946c29739547e67bc94c675345340a35d	success	1	771	41ad9b5110585bc89df35b9d0a0c6bd66daaf6c239b4212552d078b2f2a28c34	1688851		fixture-tika-00	cypher-graph-id-predicate	64	2	fixture-tika-00,fixture-tika-01	2	0	0	2	0	257	1	1	62	1	0
graph-id-in-parameter-wrapped-contains-k02-group-08-targeted	graph-id-set	graph-id-in-parameter-wrapped-contains	targeted	graph-id-in-parameter-and-wrapped-contains	parameters	properties	200	fixture-tika-00	fixture-tika-00,fixture-tika-01	2	c3e632cd7b5e41a9b9b771b93da235f946c29739547e67bc94c675345340a35d	success	1	771	41ad9b5110585bc89df35b9d0a0c6bd66daaf6c239b4212552d078b2f2a28c34	171240		fixture-tika-00	cypher-graph-id-predicate	64	2	fixture-tika-00,fixture-tika-01	2	0	0	2	0	2	1	1	62	1	0
request-selected-set-wrapped-contains-k02-group-08-targeted	graph-set-reference	request-selected-set-wrapped-contains	targeted	request-graph-set-selection-and-wrapped-contains	request-selected-source	properties	200	fixture-tika-00	fixture-tika-00,fixture-tika-01	2	c3e632cd7b5e41a9b9b771b93da235f946c29739547e67bc94c675345340a35d	success	1	771	41ad9b5110585bc89df35b9d0a0c6bd66daaf6c239b4212552d078b2f2a28c34	140169		fixture-tika-00	request-selected-source	2	2	fixture-tika-00,fixture-tika-01	2	0	0	2	0	2	0	0	0	1	0
graph-id-in-literal-wrapped-contains-k02-group-08-dense	graph-id-set	graph-id-in-literal-wrapped-contains	dense	graph-id-in-literal-and-wrapped-contains	graph-routing-set	properties	200	fixture-tika-00	fixture-tika-00,fixture-tika-01	2	c3e632cd7b5e41a9b9b771b93da235f946c29739547e67bc94c675345340a35d	success	200	94237	51b180cd96740a311cc61165baa84cc05517b2f28ac6c70debc25f8e14514414	238556		fixture-tika-00	cypher-graph-id-predicate	64	1	fixture-tika-00	1	0	0	1	0	200	1	1	62	1	0
graph-id-in-parameter-wrapped-contains-k02-group-08-dense	graph-id-set	graph-id-in-parameter-wrapped-contains	dense	graph-id-in-parameter-and-wrapped-contains	parameters	properties	200	fixture-tika-00	fixture-tika-00,fixture-tika-01	2	c3e632cd7b5e41a9b9b771b93da235f946c29739547e67bc94c675345340a35d	success	200	94237	51b180cd96740a311cc61165baa84cc05517b2f28ac6c70debc25f8e14514414	3034930		fixture-tika-00	cypher-graph-id-predicate	64	1	fixture-tika-00	1	0	0	1	0	200	1	1	62	1	0
request-selected-set-wrapped-contains-k02-group-08-dense	graph-set-reference	request-selected-set-wrapped-contains	dense	request-graph-set-selection-and-wrapped-contains	request-selected-source	properties	200	fixture-tika-00	fixture-tika-00,fixture-tika-01	2	c3e632cd7b5e41a9b9b771b93da235f946c29739547e67bc94c675345340a35d	success	200	94237	51b180cd96740a311cc61165baa84cc05517b2f28ac6c70debc25f8e14514414	157945		fixture-tika-00	request-selected-source	2	1	fixture-tika-00	1	0	0	1	0	200	0	0	0	1	0
graph-id-in-literal-wrapped-contains-k02-group-09-zero	graph-id-set	graph-id-in-literal-wrapped-contains	zero	graph-id-in-literal-and-wrapped-contains	graph-routing-set	properties	200	fixture-tika-02	fixture-tika-02,fixture-tika-03	2	d42c4fb1fadb4a56f8aa46ebc02f39c62dce2b3cdf701dfa45b0d250730192da	success	0	147	805c8c7334c868e18e2be84be95b83cc60895722d739c2b164a68be4cd410c49	706072			cypher-graph-id-predicate	64	2	fixture-tika-02,fixture-tika-03	2	0	0	2	0	3	1	1	62	1	0
graph-id-in-parameter-wrapped-contains-k02-group-09-zero	graph-id-set	graph-id-in-parameter-wrapped-contains	zero	graph-id-in-parameter-and-wrapped-contains	parameters	properties	200	fixture-tika-02	fixture-tika-02,fixture-tika-03	2	d42c4fb1fadb4a56f8aa46ebc02f39c62dce2b3cdf701dfa45b0d250730192da	success	0	147	805c8c7334c868e18e2be84be95b83cc60895722d739c2b164a68be4cd410c49	159108			cypher-graph-id-predicate	64	2	fixture-tika-02,fixture-tika-03	2	0	0	2	0	2	1	1	62	1	0
request-selected-set-wrapped-contains-k02-group-09-zero	graph-set-reference	request-selected-set-wrapped-contains	zero	request-graph-set-selection-and-wrapped-contains	request-selected-source	properties	200	fixture-tika-02	fixture-tika-02,fixture-tika-03	2	d42c4fb1fadb4a56f8aa46ebc02f39c62dce2b3cdf701dfa45b0d250730192da	success	0	147	805c8c7334c868e18e2be84be95b83cc60895722d739c2b164a68be4cd410c49	132438			request-selected-source	2	2	fixture-tika-02,fixture-tika-03	2	0	0	2	0	2	0	0	0	1	0
graph-id-in-literal-wrapped-contains-k02-group-09-targeted	graph-id-set	graph-id-in-literal-wrapped-contains	targeted	graph-id-in-literal-and-wrapped-contains	graph-routing-set	properties	200	fixture-tika-02	fixture-tika-02,fixture-tika-03	2	d42c4fb1fadb4a56f8aa46ebc02f39c62dce2b3cdf701dfa45b0d250730192da	success	12	6781	abf0682228739bdef1eb0d4b5b1449d7697f9412e644bd07a974f6e04213652e	893055		fixture-tika-02	cypher-graph-id-predicate	64	2	fixture-tika-02,fixture-tika-03	2	0	0	2	0	84	1	1	62	1	0
graph-id-in-parameter-wrapped-contains-k02-group-09-targeted	graph-id-set	graph-id-in-parameter-wrapped-contains	targeted	graph-id-in-parameter-and-wrapped-contains	parameters	properties	200	fixture-tika-02	fixture-tika-02,fixture-tika-03	2	d42c4fb1fadb4a56f8aa46ebc02f39c62dce2b3cdf701dfa45b0d250730192da	success	12	6781	abf0682228739bdef1eb0d4b5b1449d7697f9412e644bd07a974f6e04213652e	151914		fixture-tika-02	cypher-graph-id-predicate	64	2	fixture-tika-02,fixture-tika-03	2	0	0	2	0	13	1	1	62	1	0
request-selected-set-wrapped-contains-k02-group-09-targeted	graph-set-reference	request-selected-set-wrapped-contains	targeted	request-graph-set-selection-and-wrapped-contains	request-selected-source	properties	200	fixture-tika-02	fixture-tika-02,fixture-tika-03	2	d42c4fb1fadb4a56f8aa46ebc02f39c62dce2b3cdf701dfa45b0d250730192da	success	12	6781	abf0682228739bdef1eb0d4b5b1449d7697f9412e644bd07a974f6e04213652e	119313		fixture-tika-02	request-selected-source	2	2	fixture-tika-02,fixture-tika-03	2	0	0	2	0	13	0	0	0	1	0
graph-id-in-literal-wrapped-contains-k02-group-09-dense	graph-id-set	graph-id-in-literal-wrapped-contains	dense	graph-id-in-literal-and-wrapped-contains	graph-routing-set	properties	200	fixture-tika-02	fixture-tika-02,fixture-tika-03	2	d42c4fb1fadb4a56f8aa46ebc02f39c62dce2b3cdf701dfa45b0d250730192da	success	200	95198	7d65fbc43e0cf8a1d4323c709e6963c32bdea3f389f5b683f619eee1fd79dc90	258113		fixture-tika-02	cypher-graph-id-predicate	64	1	fixture-tika-02	1	0	0	1	0	200	1	1	62	1	0
graph-id-in-parameter-wrapped-contains-k02-group-09-dense	graph-id-set	graph-id-in-parameter-wrapped-contains	dense	graph-id-in-parameter-and-wrapped-contains	parameters	properties	200	fixture-tika-02	fixture-tika-02,fixture-tika-03	2	d42c4fb1fadb4a56f8aa46ebc02f39c62dce2b3cdf701dfa45b0d250730192da	success	200	95198	7d65fbc43e0cf8a1d4323c709e6963c32bdea3f389f5b683f619eee1fd79dc90	200635		fixture-tika-02	cypher-graph-id-predicate	64	1	fixture-tika-02	1	0	0	1	0	200	1	1	62	1	0
request-selected-set-wrapped-contains-k02-group-09-dense	graph-set-reference	request-selected-set-wrapped-contains	dense	request-graph-set-selection-and-wrapped-contains	request-selected-source	properties	200	fixture-tika-02	fixture-tika-02,fixture-tika-03	2	d42c4fb1fadb4a56f8aa46ebc02f39c62dce2b3cdf701dfa45b0d250730192da	success	200	95198	7d65fbc43e0cf8a1d4323c709e6963c32bdea3f389f5b683f619eee1fd79dc90	134111		fixture-tika-02	request-selected-source	2	1	fixture-tika-02	1	0	0	1	0	200	0	0	0	1	0
graph-id-in-literal-wrapped-contains-k02-group-10-zero	graph-id-set	graph-id-in-literal-wrapped-contains	zero	graph-id-in-literal-and-wrapped-contains	graph-routing-set	properties	200	fixture-tika-04	fixture-tika-04,fixture-tika-05	2	67bc0a9151ff4ff0b7a4cbe142cd1a0aa27d2df9ea1eefb583b41c4bac55cbc0	success	0	147	805c8c7334c868e18e2be84be95b83cc60895722d739c2b164a68be4cd410c49	239368			cypher-graph-id-predicate	64	2	fixture-tika-04,fixture-tika-05	2	0	0	2	0	3	1	1	62	1	0
graph-id-in-parameter-wrapped-contains-k02-group-10-zero	graph-id-set	graph-id-in-parameter-wrapped-contains	zero	graph-id-in-parameter-and-wrapped-contains	parameters	properties	200	fixture-tika-04	fixture-tika-04,fixture-tika-05	2	67bc0a9151ff4ff0b7a4cbe142cd1a0aa27d2df9ea1eefb583b41c4bac55cbc0	success	0	147	805c8c7334c868e18e2be84be95b83cc60895722d739c2b164a68be4cd410c49	152445			cypher-graph-id-predicate	64	2	fixture-tika-04,fixture-tika-05	2	0	0	2	0	2	1	1	62	1	0
request-selected-set-wrapped-contains-k02-group-10-zero	graph-set-reference	request-selected-set-wrapped-contains	zero	request-graph-set-selection-and-wrapped-contains	request-selected-source	properties	200	fixture-tika-04	fixture-tika-04,fixture-tika-05	2	67bc0a9151ff4ff0b7a4cbe142cd1a0aa27d2df9ea1eefb583b41c4bac55cbc0	success	0	147	805c8c7334c868e18e2be84be95b83cc60895722d739c2b164a68be4cd410c49	111829			request-selected-source	2	2	fixture-tika-04,fixture-tika-05	2	0	0	2	0	2	0	0	0	1	0
graph-id-in-literal-wrapped-contains-k02-group-10-targeted	graph-id-set	graph-id-in-literal-wrapped-contains	targeted	graph-id-in-literal-and-wrapped-contains	graph-routing-set	properties	200	fixture-tika-04	fixture-tika-04,fixture-tika-05	2	67bc0a9151ff4ff0b7a4cbe142cd1a0aa27d2df9ea1eefb583b41c4bac55cbc0	success	1	763	7811e1c0f64fb9174b112349d7a5f89fec8a71f59a6b66db3b1e97241f5dc93c	437699		fixture-tika-04	cypher-graph-id-predicate	64	2	fixture-tika-04,fixture-tika-05	2	0	0	2	0	202	1	1	62	1	0
graph-id-in-parameter-wrapped-contains-k02-group-10-targeted	graph-id-set	graph-id-in-parameter-wrapped-contains	targeted	graph-id-in-parameter-and-wrapped-contains	parameters	properties	200	fixture-tika-04	fixture-tika-04,fixture-tika-05	2	67bc0a9151ff4ff0b7a4cbe142cd1a0aa27d2df9ea1eefb583b41c4bac55cbc0	success	1	763	7811e1c0f64fb9174b112349d7a5f89fec8a71f59a6b66db3b1e97241f5dc93c	212317		fixture-tika-04	cypher-graph-id-predicate	64	2	fixture-tika-04,fixture-tika-05	2	0	0	2	0	2	1	1	62	1	0
request-selected-set-wrapped-contains-k02-group-10-targeted	graph-set-reference	request-selected-set-wrapped-contains	targeted	request-graph-set-selection-and-wrapped-contains	request-selected-source	properties	200	fixture-tika-04	fixture-tika-04,fixture-tika-05	2	67bc0a9151ff4ff0b7a4cbe142cd1a0aa27d2df9ea1eefb583b41c4bac55cbc0	success	1	763	7811e1c0f64fb9174b112349d7a5f89fec8a71f59a6b66db3b1e97241f5dc93c	109014		fixture-tika-04	request-selected-source	2	2	fixture-tika-04,fixture-tika-05	2	0	0	2	0	2	0	0	0	1	0
graph-id-in-literal-wrapped-contains-k02-group-10-dense	graph-id-set	graph-id-in-literal-wrapped-contains	dense	graph-id-in-literal-and-wrapped-contains	graph-routing-set	properties	200	fixture-tika-04	fixture-tika-04,fixture-tika-05	2	67bc0a9151ff4ff0b7a4cbe142cd1a0aa27d2df9ea1eefb583b41c4bac55cbc0	success	200	91604	a93cd6116bda146e01916f4ab7d54aa664da5b5c2287de109c82d6c48fcd38f8	264264		fixture-tika-04	cypher-graph-id-predicate	64	1	fixture-tika-04	1	0	0	1	0	200	1	1	62	1	0
graph-id-in-parameter-wrapped-contains-k02-group-10-dense	graph-id-set	graph-id-in-parameter-wrapped-contains	dense	graph-id-in-parameter-and-wrapped-contains	parameters	properties	200	fixture-tika-04	fixture-tika-04,fixture-tika-05	2	67bc0a9151ff4ff0b7a4cbe142cd1a0aa27d2df9ea1eefb583b41c4bac55cbc0	success	200	91604	a93cd6116bda146e01916f4ab7d54aa664da5b5c2287de109c82d6c48fcd38f8	192721		fixture-tika-04	cypher-graph-id-predicate	64	1	fixture-tika-04	1	0	0	1	0	200	1	1	62	1	0
request-selected-set-wrapped-contains-k02-group-10-dense	graph-set-reference	request-selected-set-wrapped-contains	dense	request-graph-set-selection-and-wrapped-contains	request-selected-source	properties	200	fixture-tika-04	fixture-tika-04,fixture-tika-05	2	67bc0a9151ff4ff0b7a4cbe142cd1a0aa27d2df9ea1eefb583b41c4bac55cbc0	success	200	91604	a93cd6116bda146e01916f4ab7d54aa664da5b5c2287de109c82d6c48fcd38f8	125495		fixture-tika-04	request-selected-source	2	1	fixture-tika-04	1	0	0	1	0	200	0	0	0	1	0
graph-id-in-literal-wrapped-contains-k02-group-11-zero	graph-id-set	graph-id-in-literal-wrapped-contains	zero	graph-id-in-literal-and-wrapped-contains	graph-routing-set	properties	200	fixture-tika-06	fixture-tika-06,fixture-tika-07	2	88f6182281df14e6b0b855b5dde4dd3044f375804b3633c972ce4d3e08b43ba6	success	0	147	805c8c7334c868e18e2be84be95b83cc60895722d739c2b164a68be4cd410c49	252412			cypher-graph-id-predicate	64	2	fixture-tika-06,fixture-tika-07	2	0	0	2	0	3	1	1	62	1	0
graph-id-in-parameter-wrapped-contains-k02-group-11-zero	graph-id-set	graph-id-in-parameter-wrapped-contains	zero	graph-id-in-parameter-and-wrapped-contains	parameters	properties	200	fixture-tika-06	fixture-tika-06,fixture-tika-07	2	88f6182281df14e6b0b855b5dde4dd3044f375804b3633c972ce4d3e08b43ba6	success	0	147	805c8c7334c868e18e2be84be95b83cc60895722d739c2b164a68be4cd410c49	133440			cypher-graph-id-predicate	64	2	fixture-tika-06,fixture-tika-07	2	0	0	2	0	2	1	1	62	1	0
request-selected-set-wrapped-contains-k02-group-11-zero	graph-set-reference	request-selected-set-wrapped-contains	zero	request-graph-set-selection-and-wrapped-contains	request-selected-source	properties	200	fixture-tika-06	fixture-tika-06,fixture-tika-07	2	88f6182281df14e6b0b855b5dde4dd3044f375804b3633c972ce4d3e08b43ba6	success	0	147	805c8c7334c868e18e2be84be95b83cc60895722d739c2b164a68be4cd410c49	181579			request-selected-source	2	2	fixture-tika-06,fixture-tika-07	2	0	0	2	0	2	0	0	0	1	0
graph-id-in-literal-wrapped-contains-k02-group-11-targeted	graph-id-set	graph-id-in-literal-wrapped-contains	targeted	graph-id-in-literal-and-wrapped-contains	graph-routing-set	properties	200	fixture-tika-06	fixture-tika-06,fixture-tika-07	2	88f6182281df14e6b0b855b5dde4dd3044f375804b3633c972ce4d3e08b43ba6	success	11	6331	43d88524d9da26840d520d8260a6801a2d864c2023e9806c3df4a5e673a5fd66	505026		fixture-tika-06	cypher-graph-id-predicate	64	2	fixture-tika-06,fixture-tika-07	2	0	0	2	0	265	1	1	62	1	0
graph-id-in-parameter-wrapped-contains-k02-group-11-targeted	graph-id-set	graph-id-in-parameter-wrapped-contains	targeted	graph-id-in-parameter-and-wrapped-contains	parameters	properties	200	fixture-tika-06	fixture-tika-06,fixture-tika-07	2	88f6182281df14e6b0b855b5dde4dd3044f375804b3633c972ce4d3e08b43ba6	success	11	6331	43d88524d9da26840d520d8260a6801a2d864c2023e9806c3df4a5e673a5fd66	149119		fixture-tika-06	cypher-graph-id-predicate	64	2	fixture-tika-06,fixture-tika-07	2	0	0	2	0	12	1	1	62	1	0
request-selected-set-wrapped-contains-k02-group-11-targeted	graph-set-reference	request-selected-set-wrapped-contains	targeted	request-graph-set-selection-and-wrapped-contains	request-selected-source	properties	200	fixture-tika-06	fixture-tika-06,fixture-tika-07	2	88f6182281df14e6b0b855b5dde4dd3044f375804b3633c972ce4d3e08b43ba6	success	11	6331	43d88524d9da26840d520d8260a6801a2d864c2023e9806c3df4a5e673a5fd66	121297		fixture-tika-06	request-selected-source	2	2	fixture-tika-06,fixture-tika-07	2	0	0	2	0	12	0	0	0	1	0
graph-id-in-literal-wrapped-contains-k02-group-11-dense	graph-id-set	graph-id-in-literal-wrapped-contains	dense	graph-id-in-literal-and-wrapped-contains	graph-routing-set	properties	200	fixture-tika-06	fixture-tika-06,fixture-tika-07	2	88f6182281df14e6b0b855b5dde4dd3044f375804b3633c972ce4d3e08b43ba6	success	200	98397	b1cc908cf8cd6a2354b320afca9ad225990c59be93a53ddc3912afb3b0d46d7b	238466		fixture-tika-06	cypher-graph-id-predicate	64	1	fixture-tika-06	1	0	0	1	0	200	1	1	62	1	0
graph-id-in-parameter-wrapped-contains-k02-group-11-dense	graph-id-set	graph-id-in-parameter-wrapped-contains	dense	graph-id-in-parameter-and-wrapped-contains	parameters	properties	200	fixture-tika-06	fixture-tika-06,fixture-tika-07	2	88f6182281df14e6b0b855b5dde4dd3044f375804b3633c972ce4d3e08b43ba6	success	200	98397	b1cc908cf8cd6a2354b320afca9ad225990c59be93a53ddc3912afb3b0d46d7b	160330		fixture-tika-06	cypher-graph-id-predicate	64	1	fixture-tika-06	1	0	0	1	0	200	1	1	62	1	0
request-selected-set-wrapped-contains-k02-group-11-dense	graph-set-reference	request-selected-set-wrapped-contains	dense	request-graph-set-selection-and-wrapped-contains	request-selected-source	properties	200	fixture-tika-06	fixture-tika-06,fixture-tika-07	2	88f6182281df14e6b0b855b5dde4dd3044f375804b3633c972ce4d3e08b43ba6	success	200	98397	b1cc908cf8cd6a2354b320afca9ad225990c59be93a53ddc3912afb3b0d46d7b	151363		fixture-tika-06	request-selected-source	2	1	fixture-tika-06	1	0	0	1	0	200	0	0	0	1	0
graph-id-in-literal-wrapped-contains-k02-group-12-zero	graph-id-set	graph-id-in-literal-wrapped-contains	zero	graph-id-in-literal-and-wrapped-contains	graph-routing-set	properties	200	fixture-tika-08	fixture-tika-08,fixture-tika-09	2	3c4fe65bc14eb1937d189a248b52326721309f2001ec6e35ad622817cf54c66a	success	0	147	805c8c7334c868e18e2be84be95b83cc60895722d739c2b164a68be4cd410c49	200095			cypher-graph-id-predicate	64	2	fixture-tika-08,fixture-tika-09	2	0	0	2	0	3	1	1	62	1	0
graph-id-in-parameter-wrapped-contains-k02-group-12-zero	graph-id-set	graph-id-in-parameter-wrapped-contains	zero	graph-id-in-parameter-and-wrapped-contains	parameters	properties	200	fixture-tika-08	fixture-tika-08,fixture-tika-09	2	3c4fe65bc14eb1937d189a248b52326721309f2001ec6e35ad622817cf54c66a	success	0	147	805c8c7334c868e18e2be84be95b83cc60895722d739c2b164a68be4cd410c49	166932			cypher-graph-id-predicate	64	2	fixture-tika-08,fixture-tika-09	2	0	0	2	0	2	1	1	62	1	0
request-selected-set-wrapped-contains-k02-group-12-zero	graph-set-reference	request-selected-set-wrapped-contains	zero	request-graph-set-selection-and-wrapped-contains	request-selected-source	properties	200	fixture-tika-08	fixture-tika-08,fixture-tika-09	2	3c4fe65bc14eb1937d189a248b52326721309f2001ec6e35ad622817cf54c66a	success	0	147	805c8c7334c868e18e2be84be95b83cc60895722d739c2b164a68be4cd410c49	183694			request-selected-source	2	2	fixture-tika-08,fixture-tika-09	2	0	0	2	0	2	0	0	0	1	0
graph-id-in-literal-wrapped-contains-k02-group-12-targeted	graph-id-set	graph-id-in-literal-wrapped-contains	targeted	graph-id-in-literal-and-wrapped-contains	graph-routing-set	properties	200	fixture-tika-08	fixture-tika-08,fixture-tika-09	2	3c4fe65bc14eb1937d189a248b52326721309f2001ec6e35ad622817cf54c66a	success	1	754	033650595463ffba6f1f515fc8a38ba023fdd37a0e2442442be40f2d8baee0b4	431467		fixture-tika-08	cypher-graph-id-predicate	64	2	fixture-tika-08,fixture-tika-09	2	0	0	2	0	225	1	1	62	1	0
graph-id-in-parameter-wrapped-contains-k02-group-12-targeted	graph-id-set	graph-id-in-parameter-wrapped-contains	targeted	graph-id-in-parameter-and-wrapped-contains	parameters	properties	200	fixture-tika-08	fixture-tika-08,fixture-tika-09	2	3c4fe65bc14eb1937d189a248b52326721309f2001ec6e35ad622817cf54c66a	success	1	754	033650595463ffba6f1f515fc8a38ba023fdd37a0e2442442be40f2d8baee0b4	169437		fixture-tika-08	cypher-graph-id-predicate	64	2	fixture-tika-08,fixture-tika-09	2	0	0	2	0	2	1	1	62	1	0
request-selected-set-wrapped-contains-k02-group-12-targeted	graph-set-reference	request-selected-set-wrapped-contains	targeted	request-graph-set-selection-and-wrapped-contains	request-selected-source	properties	200	fixture-tika-08	fixture-tika-08,fixture-tika-09	2	3c4fe65bc14eb1937d189a248b52326721309f2001ec6e35ad622817cf54c66a	success	1	754	033650595463ffba6f1f515fc8a38ba023fdd37a0e2442442be40f2d8baee0b4	143478		fixture-tika-08	request-selected-source	2	2	fixture-tika-08,fixture-tika-09	2	0	0	2	0	2	0	0	0	1	0
graph-id-in-literal-wrapped-contains-k02-group-12-dense	graph-id-set	graph-id-in-literal-wrapped-contains	dense	graph-id-in-literal-and-wrapped-contains	graph-routing-set	properties	200	fixture-tika-08	fixture-tika-08,fixture-tika-09	2	3c4fe65bc14eb1937d189a248b52326721309f2001ec6e35ad622817cf54c66a	success	200	96144	13cc3d04be15c5d98101b6676211e0260c08571becd6cbc7be1dcfad1b7efce8	276518		fixture-tika-08	cypher-graph-id-predicate	64	1	fixture-tika-08	1	0	0	1	0	200	1	1	62	1	0
graph-id-in-parameter-wrapped-contains-k02-group-12-dense	graph-id-set	graph-id-in-parameter-wrapped-contains	dense	graph-id-in-parameter-and-wrapped-contains	parameters	properties	200	fixture-tika-08	fixture-tika-08,fixture-tika-09	2	3c4fe65bc14eb1937d189a248b52326721309f2001ec6e35ad622817cf54c66a	success	200	96144	13cc3d04be15c5d98101b6676211e0260c08571becd6cbc7be1dcfad1b7efce8	201497		fixture-tika-08	cypher-graph-id-predicate	64	1	fixture-tika-08	1	0	0	1	0	200	1	1	62	1	0
request-selected-set-wrapped-contains-k02-group-12-dense	graph-set-reference	request-selected-set-wrapped-contains	dense	request-graph-set-selection-and-wrapped-contains	request-selected-source	properties	200	fixture-tika-08	fixture-tika-08,fixture-tika-09	2	3c4fe65bc14eb1937d189a248b52326721309f2001ec6e35ad622817cf54c66a	success	200	96144	13cc3d04be15c5d98101b6676211e0260c08571becd6cbc7be1dcfad1b7efce8	158236		fixture-tika-08	request-selected-source	2	1	fixture-tika-08	1	0	0	1	0	200	0	0	0	1	0
graph-id-in-literal-wrapped-contains-k02-group-13-zero	graph-id-set	graph-id-in-literal-wrapped-contains	zero	graph-id-in-literal-and-wrapped-contains	graph-routing-set	properties	200	fixture-tika-10	fixture-tika-10,fixture-tika-11	2	0526cfacee057116a16a7ad29d96c8d047d97847720c0657c7391b944df05e2d	success	0	147	805c8c7334c868e18e2be84be95b83cc60895722d739c2b164a68be4cd410c49	273763			cypher-graph-id-predicate	64	2	fixture-tika-10,fixture-tika-11	2	0	0	2	0	3	1	1	62	1	0
graph-id-in-parameter-wrapped-contains-k02-group-13-zero	graph-id-set	graph-id-in-parameter-wrapped-contains	zero	graph-id-in-parameter-and-wrapped-contains	parameters	properties	200	fixture-tika-10	fixture-tika-10,fixture-tika-11	2	0526cfacee057116a16a7ad29d96c8d047d97847720c0657c7391b944df05e2d	success	0	147	805c8c7334c868e18e2be84be95b83cc60895722d739c2b164a68be4cd410c49	187340			cypher-graph-id-predicate	64	2	fixture-tika-10,fixture-tika-11	2	0	0	2	0	2	1	1	62	1	0
request-selected-set-wrapped-contains-k02-group-13-zero	graph-set-reference	request-selected-set-wrapped-contains	zero	request-graph-set-selection-and-wrapped-contains	request-selected-source	properties	200	fixture-tika-10	fixture-tika-10,fixture-tika-11	2	0526cfacee057116a16a7ad29d96c8d047d97847720c0657c7391b944df05e2d	success	0	147	805c8c7334c868e18e2be84be95b83cc60895722d739c2b164a68be4cd410c49	179567			request-selected-source	2	2	fixture-tika-10,fixture-tika-11	2	0	0	2	0	2	0	0	0	1	0
graph-id-in-literal-wrapped-contains-k02-group-13-targeted	graph-id-set	graph-id-in-literal-wrapped-contains	targeted	graph-id-in-literal-and-wrapped-contains	graph-routing-set	properties	200	fixture-tika-10	fixture-tika-10,fixture-tika-11	2	0526cfacee057116a16a7ad29d96c8d047d97847720c0657c7391b944df05e2d	success	1	791	550bd45f802381cb65ea30928a856fc0c2bc207cbfc2a147aad4312130548c9a	378545		fixture-tika-10	cypher-graph-id-predicate	64	2	fixture-tika-10,fixture-tika-11	2	0	0	2	0	73	1	1	62	1	0
graph-id-in-parameter-wrapped-contains-k02-group-13-targeted	graph-id-set	graph-id-in-parameter-wrapped-contains	targeted	graph-id-in-parameter-and-wrapped-contains	parameters	properties	200	fixture-tika-10	fixture-tika-10,fixture-tika-11	2	0526cfacee057116a16a7ad29d96c8d047d97847720c0657c7391b944df05e2d	success	1	791	550bd45f802381cb65ea30928a856fc0c2bc207cbfc2a147aad4312130548c9a	172813		fixture-tika-10	cypher-graph-id-predicate	64	2	fixture-tika-10,fixture-tika-11	2	0	0	2	0	2	1	1	62	1	0
request-selected-set-wrapped-contains-k02-group-13-targeted	graph-set-reference	request-selected-set-wrapped-contains	targeted	request-graph-set-selection-and-wrapped-contains	request-selected-source	properties	200	fixture-tika-10	fixture-tika-10,fixture-tika-11	2	0526cfacee057116a16a7ad29d96c8d047d97847720c0657c7391b944df05e2d	success	1	791	550bd45f802381cb65ea30928a856fc0c2bc207cbfc2a147aad4312130548c9a	150291		fixture-tika-10	request-selected-source	2	2	fixture-tika-10,fixture-tika-11	2	0	0	2	0	2	0	0	0	1	0
graph-id-in-literal-wrapped-contains-k02-group-13-dense	graph-id-set	graph-id-in-literal-wrapped-contains	dense	graph-id-in-literal-and-wrapped-contains	graph-routing-set	properties	200	fixture-tika-10	fixture-tika-10,fixture-tika-11	2	0526cfacee057116a16a7ad29d96c8d047d97847720c0657c7391b944df05e2d	success	200	96089	d0bdae62973cb737c05eda37d83d6fd7dea4520a7f87acdd4ed9a2fba1f97888	290935		fixture-tika-10	cypher-graph-id-predicate	64	1	fixture-tika-10	1	0	0	1	0	200	1	1	62	1	0
graph-id-in-parameter-wrapped-contains-k02-group-13-dense	graph-id-set	graph-id-in-parameter-wrapped-contains	dense	graph-id-in-parameter-and-wrapped-contains	parameters	properties	200	fixture-tika-10	fixture-tika-10,fixture-tika-11	2	0526cfacee057116a16a7ad29d96c8d047d97847720c0657c7391b944df05e2d	success	200	96089	d0bdae62973cb737c05eda37d83d6fd7dea4520a7f87acdd4ed9a2fba1f97888	191058		fixture-tika-10	cypher-graph-id-predicate	64	1	fixture-tika-10	1	0	0	1	0	200	1	1	62	1	0
request-selected-set-wrapped-contains-k02-group-13-dense	graph-set-reference	request-selected-set-wrapped-contains	dense	request-graph-set-selection-and-wrapped-contains	request-selected-source	properties	200	fixture-tika-10	fixture-tika-10,fixture-tika-11	2	0526cfacee057116a16a7ad29d96c8d047d97847720c0657c7391b944df05e2d	success	200	96089	d0bdae62973cb737c05eda37d83d6fd7dea4520a7f87acdd4ed9a2fba1f97888	169437		fixture-tika-10	request-selected-source	2	1	fixture-tika-10	1	0	0	1	0	200	0	0	0	1	0
graph-id-in-literal-wrapped-contains-k02-group-14-zero	graph-id-set	graph-id-in-literal-wrapped-contains	zero	graph-id-in-literal-and-wrapped-contains	graph-routing-set	properties	200	fixture-tika-12	fixture-tika-12,fixture-tika-13	2	7e4325da346bf50d66313a73dc0a884bc6af8412dad5468ea789b15a6b8231c8	success	0	147	805c8c7334c868e18e2be84be95b83cc60895722d739c2b164a68be4cd410c49	222145			cypher-graph-id-predicate	64	2	fixture-tika-12,fixture-tika-13	2	0	0	2	0	5	1	1	62	1	0
graph-id-in-parameter-wrapped-contains-k02-group-14-zero	graph-id-set	graph-id-in-parameter-wrapped-contains	zero	graph-id-in-parameter-and-wrapped-contains	parameters	properties	200	fixture-tika-12	fixture-tika-12,fixture-tika-13	2	7e4325da346bf50d66313a73dc0a884bc6af8412dad5468ea789b15a6b8231c8	success	0	147	805c8c7334c868e18e2be84be95b83cc60895722d739c2b164a68be4cd410c49	187951			cypher-graph-id-predicate	64	2	fixture-tika-12,fixture-tika-13	2	0	0	2	0	2	1	1	62	1	0
request-selected-set-wrapped-contains-k02-group-14-zero	graph-set-reference	request-selected-set-wrapped-contains	zero	request-graph-set-selection-and-wrapped-contains	request-selected-source	properties	200	fixture-tika-12	fixture-tika-12,fixture-tika-13	2	7e4325da346bf50d66313a73dc0a884bc6af8412dad5468ea789b15a6b8231c8	success	0	147	805c8c7334c868e18e2be84be95b83cc60895722d739c2b164a68be4cd410c49	201006			request-selected-source	2	2	fixture-tika-12,fixture-tika-13	2	0	0	2	0	2	0	0	0	1	0
graph-id-in-literal-wrapped-contains-k02-group-14-targeted	graph-id-set	graph-id-in-literal-wrapped-contains	targeted	graph-id-in-literal-and-wrapped-contains	graph-routing-set	properties	200	fixture-tika-12	fixture-tika-12,fixture-tika-13	2	7e4325da346bf50d66313a73dc0a884bc6af8412dad5468ea789b15a6b8231c8	success	12	6370	8871e0dc77f7df7110f742adaac439b8d2f4e912a3a21e1793fda026e0955f9b	278471		fixture-tika-12	cypher-graph-id-predicate	64	2	fixture-tika-12,fixture-tika-13	2	0	0	2	0	186	1	1	62	1	0
graph-id-in-parameter-wrapped-contains-k02-group-14-targeted	graph-id-set	graph-id-in-parameter-wrapped-contains	targeted	graph-id-in-parameter-and-wrapped-contains	parameters	properties	200	fixture-tika-12	fixture-tika-12,fixture-tika-13	2	7e4325da346bf50d66313a73dc0a884bc6af8412dad5468ea789b15a6b8231c8	success	12	6370	8871e0dc77f7df7110f742adaac439b8d2f4e912a3a21e1793fda026e0955f9b	146204		fixture-tika-12	cypher-graph-id-predicate	64	2	fixture-tika-12,fixture-tika-13	2	0	0	2	0	13	1	1	62	1	0
request-selected-set-wrapped-contains-k02-group-14-targeted	graph-set-reference	request-selected-set-wrapped-contains	targeted	request-graph-set-selection-and-wrapped-contains	request-selected-source	properties	200	fixture-tika-12	fixture-tika-12,fixture-tika-13	2	7e4325da346bf50d66313a73dc0a884bc6af8412dad5468ea789b15a6b8231c8	success	12	6370	8871e0dc77f7df7110f742adaac439b8d2f4e912a3a21e1793fda026e0955f9b	132899		fixture-tika-12	request-selected-source	2	2	fixture-tika-12,fixture-tika-13	2	0	0	2	0	13	0	0	0	1	0
graph-id-in-literal-wrapped-contains-k02-group-14-dense	graph-id-set	graph-id-in-literal-wrapped-contains	dense	graph-id-in-literal-and-wrapped-contains	graph-routing-set	properties	200	fixture-tika-12	fixture-tika-12,fixture-tika-13	2	7e4325da346bf50d66313a73dc0a884bc6af8412dad5468ea789b15a6b8231c8	success	200	101142	3ec255435f1804ca883e61ce69218b0c9b6812e5f4d6241be813f3a04980ff78	191358		fixture-tika-12	cypher-graph-id-predicate	64	1	fixture-tika-12	1	0	0	1	0	200	1	1	62	1	0
graph-id-in-parameter-wrapped-contains-k02-group-14-dense	graph-id-set	graph-id-in-parameter-wrapped-contains	dense	graph-id-in-parameter-and-wrapped-contains	parameters	properties	200	fixture-tika-12	fixture-tika-12,fixture-tika-13	2	7e4325da346bf50d66313a73dc0a884bc6af8412dad5468ea789b15a6b8231c8	success	200	101142	3ec255435f1804ca883e61ce69218b0c9b6812e5f4d6241be813f3a04980ff78	130965		fixture-tika-12	cypher-graph-id-predicate	64	1	fixture-tika-12	1	0	0	1	0	200	1	1	62	1	0
request-selected-set-wrapped-contains-k02-group-14-dense	graph-set-reference	request-selected-set-wrapped-contains	dense	request-graph-set-selection-and-wrapped-contains	request-selected-source	properties	200	fixture-tika-12	fixture-tika-12,fixture-tika-13	2	7e4325da346bf50d66313a73dc0a884bc6af8412dad5468ea789b15a6b8231c8	success	200	101142	3ec255435f1804ca883e61ce69218b0c9b6812e5f4d6241be813f3a04980ff78	138610		fixture-tika-12	request-selected-source	2	1	fixture-tika-12	1	0	0	1	0	200	0	0	0	1	0
graph-id-in-literal-wrapped-contains-k02-group-15-zero	graph-id-set	graph-id-in-literal-wrapped-contains	zero	graph-id-in-literal-and-wrapped-contains	graph-routing-set	properties	200	fixture-tika-14	fixture-tika-14,fixture-tika-15	2	ff1c574984d7f5cb982a7847808ebb0e754bcffae09b4865ea65cc857bde09f8	success	0	147	805c8c7334c868e18e2be84be95b83cc60895722d739c2b164a68be4cd410c49	175508			cypher-graph-id-predicate	64	2	fixture-tika-14,fixture-tika-15	2	0	0	2	0	3	1	1	62	1	0
graph-id-in-parameter-wrapped-contains-k02-group-15-zero	graph-id-set	graph-id-in-parameter-wrapped-contains	zero	graph-id-in-parameter-and-wrapped-contains	parameters	properties	200	fixture-tika-14	fixture-tika-14,fixture-tika-15	2	ff1c574984d7f5cb982a7847808ebb0e754bcffae09b4865ea65cc857bde09f8	success	0	147	805c8c7334c868e18e2be84be95b83cc60895722d739c2b164a68be4cd410c49	142146			cypher-graph-id-predicate	64	2	fixture-tika-14,fixture-tika-15	2	0	0	2	0	2	1	1	62	1	0
request-selected-set-wrapped-contains-k02-group-15-zero	graph-set-reference	request-selected-set-wrapped-contains	zero	request-graph-set-selection-and-wrapped-contains	request-selected-source	properties	200	fixture-tika-14	fixture-tika-14,fixture-tika-15	2	ff1c574984d7f5cb982a7847808ebb0e754bcffae09b4865ea65cc857bde09f8	success	0	147	805c8c7334c868e18e2be84be95b83cc60895722d739c2b164a68be4cd410c49	103904			request-selected-source	2	2	fixture-tika-14,fixture-tika-15	2	0	0	2	0	2	0	0	0	1	0
graph-id-in-literal-wrapped-contains-k02-group-15-targeted	graph-id-set	graph-id-in-literal-wrapped-contains	targeted	graph-id-in-literal-and-wrapped-contains	graph-routing-set	properties	200	fixture-tika-14	fixture-tika-14,fixture-tika-15	2	ff1c574984d7f5cb982a7847808ebb0e754bcffae09b4865ea65cc857bde09f8	success	10	5866	c85815e1257e7d89a547803b839a8fa3d5c32a25ad93fc4df95c67dd0df38386	284142		fixture-tika-14	cypher-graph-id-predicate	64	2	fixture-tika-14,fixture-tika-15	2	0	0	2	0	234	1	1	62	1	0
graph-id-in-parameter-wrapped-contains-k02-group-15-targeted	graph-id-set	graph-id-in-parameter-wrapped-contains	targeted	graph-id-in-parameter-and-wrapped-contains	parameters	properties	200	fixture-tika-14	fixture-tika-14,fixture-tika-15	2	ff1c574984d7f5cb982a7847808ebb0e754bcffae09b4865ea65cc857bde09f8	success	10	5866	c85815e1257e7d89a547803b839a8fa3d5c32a25ad93fc4df95c67dd0df38386	145863		fixture-tika-14	cypher-graph-id-predicate	64	2	fixture-tika-14,fixture-tika-15	2	0	0	2	0	11	1	1	62	1	0
request-selected-set-wrapped-contains-k02-group-15-targeted	graph-set-reference	request-selected-set-wrapped-contains	targeted	request-graph-set-selection-and-wrapped-contains	request-selected-source	properties	200	fixture-tika-14	fixture-tika-14,fixture-tika-15	2	ff1c574984d7f5cb982a7847808ebb0e754bcffae09b4865ea65cc857bde09f8	success	10	5866	c85815e1257e7d89a547803b839a8fa3d5c32a25ad93fc4df95c67dd0df38386	131586		fixture-tika-14	request-selected-source	2	2	fixture-tika-14,fixture-tika-15	2	0	0	2	0	11	0	0	0	1	0
graph-id-in-literal-wrapped-contains-k02-group-15-dense	graph-id-set	graph-id-in-literal-wrapped-contains	dense	graph-id-in-literal-and-wrapped-contains	graph-routing-set	properties	200	fixture-tika-14	fixture-tika-14,fixture-tika-15	2	ff1c574984d7f5cb982a7847808ebb0e754bcffae09b4865ea65cc857bde09f8	success	200	95471	766b9ef7e8ecf0adce38af75461cc8c431950c6a78cf29871668bb82bbc59681	293499		fixture-tika-14	cypher-graph-id-predicate	64	1	fixture-tika-14	1	0	0	1	0	200	1	1	62	1	0
graph-id-in-parameter-wrapped-contains-k02-group-15-dense	graph-id-set	graph-id-in-parameter-wrapped-contains	dense	graph-id-in-parameter-and-wrapped-contains	parameters	properties	200	fixture-tika-14	fixture-tika-14,fixture-tika-15	2	ff1c574984d7f5cb982a7847808ebb0e754bcffae09b4865ea65cc857bde09f8	success	200	95471	766b9ef7e8ecf0adce38af75461cc8c431950c6a78cf29871668bb82bbc59681	656158		fixture-tika-14	cypher-graph-id-predicate	64	1	fixture-tika-14	1	0	0	1	0	200	1	1	62	1	0
request-selected-set-wrapped-contains-k02-group-15-dense	graph-set-reference	request-selected-set-wrapped-contains	dense	request-graph-set-selection-and-wrapped-contains	request-selected-source	properties	200	fixture-tika-14	fixture-tika-14,fixture-tika-15	2	ff1c574984d7f5cb982a7847808ebb0e754bcffae09b4865ea65cc857bde09f8	success	200	95471	766b9ef7e8ecf0adce38af75461cc8c431950c6a78cf29871668bb82bbc59681	140943		fixture-tika-14	request-selected-source	2	1	fixture-tika-14	1	0	0	1	0	200	0	0	0	1	0
graph-id-in-literal-wrapped-contains-k02-group-16-zero	graph-id-set	graph-id-in-literal-wrapped-contains	zero	graph-id-in-literal-and-wrapped-contains	graph-routing-set	properties	200	fixture-hive-00	fixture-hive-00,fixture-hive-01	2	abf7df661332aac0b7f397aa323cf0332248ba918e275776d5c53f638ffe4a81	success	0	147	805c8c7334c868e18e2be84be95b83cc60895722d739c2b164a68be4cd410c49	1181040			cypher-graph-id-predicate	64	2	fixture-hive-00,fixture-hive-01	2	0	0	2	0	3	1	1	62	1	0
graph-id-in-parameter-wrapped-contains-k02-group-16-zero	graph-id-set	graph-id-in-parameter-wrapped-contains	zero	graph-id-in-parameter-and-wrapped-contains	parameters	properties	200	fixture-hive-00	fixture-hive-00,fixture-hive-01	2	abf7df661332aac0b7f397aa323cf0332248ba918e275776d5c53f638ffe4a81	success	0	147	805c8c7334c868e18e2be84be95b83cc60895722d739c2b164a68be4cd410c49	1639010			cypher-graph-id-predicate	64	2	fixture-hive-00,fixture-hive-01	2	0	0	2	0	2	1	1	62	1	0
request-selected-set-wrapped-contains-k02-group-16-zero	graph-set-reference	request-selected-set-wrapped-contains	zero	request-graph-set-selection-and-wrapped-contains	request-selected-source	properties	200	fixture-hive-00	fixture-hive-00,fixture-hive-01	2	abf7df661332aac0b7f397aa323cf0332248ba918e275776d5c53f638ffe4a81	success	0	147	805c8c7334c868e18e2be84be95b83cc60895722d739c2b164a68be4cd410c49	134091			request-selected-source	2	2	fixture-hive-00,fixture-hive-01	2	0	0	2	0	2	0	0	0	1	0
graph-id-in-literal-wrapped-contains-k02-group-16-targeted	graph-id-set	graph-id-in-literal-wrapped-contains	targeted	graph-id-in-literal-and-wrapped-contains	graph-routing-set	properties	200	fixture-hive-00	fixture-hive-00,fixture-hive-01	2	abf7df661332aac0b7f397aa323cf0332248ba918e275776d5c53f638ffe4a81	success	4	2862	72e96499d86d64ae9da267f3b15791817d4250f06a8dfea9d09edd8c3c23a440	458187		fixture-hive-00	cypher-graph-id-predicate	64	2	fixture-hive-00,fixture-hive-01	2	0	0	2	0	254	1	1	62	1	0
graph-id-in-parameter-wrapped-contains-k02-group-16-targeted	graph-id-set	graph-id-in-parameter-wrapped-contains	targeted	graph-id-in-parameter-and-wrapped-contains	parameters	properties	200	fixture-hive-00	fixture-hive-00,fixture-hive-01	2	abf7df661332aac0b7f397aa323cf0332248ba918e275776d5c53f638ffe4a81	success	4	2862	72e96499d86d64ae9da267f3b15791817d4250f06a8dfea9d09edd8c3c23a440	188903		fixture-hive-00	cypher-graph-id-predicate	64	2	fixture-hive-00,fixture-hive-01	2	0	0	2	0	5	1	1	62	1	0
request-selected-set-wrapped-contains-k02-group-16-targeted	graph-set-reference	request-selected-set-wrapped-contains	targeted	request-graph-set-selection-and-wrapped-contains	request-selected-source	properties	200	fixture-hive-00	fixture-hive-00,fixture-hive-01	2	abf7df661332aac0b7f397aa323cf0332248ba918e275776d5c53f638ffe4a81	success	4	2862	72e96499d86d64ae9da267f3b15791817d4250f06a8dfea9d09edd8c3c23a440	166472		fixture-hive-00	request-selected-source	2	2	fixture-hive-00,fixture-hive-01	2	0	0	2	0	5	0	0	0	1	0
graph-id-in-literal-wrapped-contains-k02-group-16-dense	graph-id-set	graph-id-in-literal-wrapped-contains	dense	graph-id-in-literal-and-wrapped-contains	graph-routing-set	properties	200	fixture-hive-00	fixture-hive-00,fixture-hive-01	2	abf7df661332aac0b7f397aa323cf0332248ba918e275776d5c53f638ffe4a81	success	200	92864	0ad6a5ae10cb27d8dd28af205e0df8ebd79b3e1ca0079c8c876100ee108fc38d	463888		fixture-hive-00	cypher-graph-id-predicate	64	1	fixture-hive-00	1	0	0	1	0	200	1	1	62	1	0
graph-id-in-parameter-wrapped-contains-k02-group-16-dense	graph-id-set	graph-id-in-parameter-wrapped-contains	dense	graph-id-in-parameter-and-wrapped-contains	parameters	properties	200	fixture-hive-00	fixture-hive-00,fixture-hive-01	2	abf7df661332aac0b7f397aa323cf0332248ba918e275776d5c53f638ffe4a81	success	200	92864	0ad6a5ae10cb27d8dd28af205e0df8ebd79b3e1ca0079c8c876100ee108fc38d	196729		fixture-hive-00	cypher-graph-id-predicate	64	1	fixture-hive-00	1	0	0	1	0	200	1	1	62	1	0
request-selected-set-wrapped-contains-k02-group-16-dense	graph-set-reference	request-selected-set-wrapped-contains	dense	request-graph-set-selection-and-wrapped-contains	request-selected-source	properties	200	fixture-hive-00	fixture-hive-00,fixture-hive-01	2	abf7df661332aac0b7f397aa323cf0332248ba918e275776d5c53f638ffe4a81	success	200	92864	0ad6a5ae10cb27d8dd28af205e0df8ebd79b3e1ca0079c8c876100ee108fc38d	175689		fixture-hive-00	request-selected-source	2	1	fixture-hive-00	1	0	0	1	0	200	0	0	0	1	0
graph-id-in-literal-wrapped-contains-k02-group-17-zero	graph-id-set	graph-id-in-literal-wrapped-contains	zero	graph-id-in-literal-and-wrapped-contains	graph-routing-set	properties	200	fixture-hive-02	fixture-hive-02,fixture-hive-03	2	186cc0634154d673c1ee10ca7ac2ad0225d4c836a71b3b566f2c4bdfd0423900	success	0	147	805c8c7334c868e18e2be84be95b83cc60895722d739c2b164a68be4cd410c49	274203			cypher-graph-id-predicate	64	2	fixture-hive-02,fixture-hive-03	2	0	0	2	0	3	1	1	62	1	0
graph-id-in-parameter-wrapped-contains-k02-group-17-zero	graph-id-set	graph-id-in-parameter-wrapped-contains	zero	graph-id-in-parameter-and-wrapped-contains	parameters	properties	200	fixture-hive-02	fixture-hive-02,fixture-hive-03	2	186cc0634154d673c1ee10ca7ac2ad0225d4c836a71b3b566f2c4bdfd0423900	success	0	147	805c8c7334c868e18e2be84be95b83cc60895722d739c2b164a68be4cd410c49	178394			cypher-graph-id-predicate	64	2	fixture-hive-02,fixture-hive-03	2	0	0	2	0	2	1	1	62	1	0
request-selected-set-wrapped-contains-k02-group-17-zero	graph-set-reference	request-selected-set-wrapped-contains	zero	request-graph-set-selection-and-wrapped-contains	request-selected-source	properties	200	fixture-hive-02	fixture-hive-02,fixture-hive-03	2	186cc0634154d673c1ee10ca7ac2ad0225d4c836a71b3b566f2c4bdfd0423900	success	0	147	805c8c7334c868e18e2be84be95b83cc60895722d739c2b164a68be4cd410c49	231262			request-selected-source	2	2	fixture-hive-02,fixture-hive-03	2	0	0	2	0	2	0	0	0	1	0
graph-id-in-literal-wrapped-contains-k02-group-17-targeted	graph-id-set	graph-id-in-literal-wrapped-contains	targeted	graph-id-in-literal-and-wrapped-contains	graph-routing-set	properties	200	fixture-hive-02	fixture-hive-02,fixture-hive-03	2	186cc0634154d673c1ee10ca7ac2ad0225d4c836a71b3b566f2c4bdfd0423900	success	4	2883	e83a01bd4b4e8f51ba0c51a53e73f87ec8dd6170bd60b37ef57b4eb9aba8bcc7	2059935		fixture-hive-02	cypher-graph-id-predicate	64	2	fixture-hive-02,fixture-hive-03	2	0	0	2	0	261	1	1	62	1	0
graph-id-in-parameter-wrapped-contains-k02-group-17-targeted	graph-id-set	graph-id-in-parameter-wrapped-contains	targeted	graph-id-in-parameter-and-wrapped-contains	parameters	properties	200	fixture-hive-02	fixture-hive-02,fixture-hive-03	2	186cc0634154d673c1ee10ca7ac2ad0225d4c836a71b3b566f2c4bdfd0423900	success	4	2883	e83a01bd4b4e8f51ba0c51a53e73f87ec8dd6170bd60b37ef57b4eb9aba8bcc7	168395		fixture-hive-02	cypher-graph-id-predicate	64	2	fixture-hive-02,fixture-hive-03	2	0	0	2	0	5	1	1	62	1	0
request-selected-set-wrapped-contains-k02-group-17-targeted	graph-set-reference	request-selected-set-wrapped-contains	targeted	request-graph-set-selection-and-wrapped-contains	request-selected-source	properties	200	fixture-hive-02	fixture-hive-02,fixture-hive-03	2	186cc0634154d673c1ee10ca7ac2ad0225d4c836a71b3b566f2c4bdfd0423900	success	4	2883	e83a01bd4b4e8f51ba0c51a53e73f87ec8dd6170bd60b37ef57b4eb9aba8bcc7	129252		fixture-hive-02	request-selected-source	2	2	fixture-hive-02,fixture-hive-03	2	0	0	2	0	5	0	0	0	1	0
graph-id-in-literal-wrapped-contains-k02-group-17-dense	graph-id-set	graph-id-in-literal-wrapped-contains	dense	graph-id-in-literal-and-wrapped-contains	graph-routing-set	properties	200	fixture-hive-02	fixture-hive-02,fixture-hive-03	2	186cc0634154d673c1ee10ca7ac2ad0225d4c836a71b3b566f2c4bdfd0423900	success	200	94183	b06f89a813919b2f4278637c18773fe7508c48351caa08a76cefe1f54c9b7715	510074		fixture-hive-02	cypher-graph-id-predicate	64	1	fixture-hive-02	1	0	0	1	0	200	1	1	62	1	0
graph-id-in-parameter-wrapped-contains-k02-group-17-dense	graph-id-set	graph-id-in-parameter-wrapped-contains	dense	graph-id-in-parameter-and-wrapped-contains	parameters	properties	200	fixture-hive-02	fixture-hive-02,fixture-hive-03	2	186cc0634154d673c1ee10ca7ac2ad0225d4c836a71b3b566f2c4bdfd0423900	success	200	94183	b06f89a813919b2f4278637c18773fe7508c48351caa08a76cefe1f54c9b7715	342921		fixture-hive-02	cypher-graph-id-predicate	64	1	fixture-hive-02	1	0	0	1	0	200	1	1	62	1	0
request-selected-set-wrapped-contains-k02-group-17-dense	graph-set-reference	request-selected-set-wrapped-contains	dense	request-graph-set-selection-and-wrapped-contains	request-selected-source	properties	200	fixture-hive-02	fixture-hive-02,fixture-hive-03	2	186cc0634154d673c1ee10ca7ac2ad0225d4c836a71b3b566f2c4bdfd0423900	success	200	94183	b06f89a813919b2f4278637c18773fe7508c48351caa08a76cefe1f54c9b7715	175939		fixture-hive-02	request-selected-source	2	1	fixture-hive-02	1	0	0	1	0	200	0	0	0	1	0
graph-id-in-literal-wrapped-contains-k02-group-18-zero	graph-id-set	graph-id-in-literal-wrapped-contains	zero	graph-id-in-literal-and-wrapped-contains	graph-routing-set	properties	200	fixture-hive-04	fixture-hive-04,fixture-hive-05	2	f41121acbf1fbaf3038c33bd3e9d0c46d75f4fff7791b6123e418412592ec20e	success	0	147	805c8c7334c868e18e2be84be95b83cc60895722d739c2b164a68be4cd410c49	349344			cypher-graph-id-predicate	64	2	fixture-hive-04,fixture-hive-05	2	0	0	2	0	3	1	1	62	1	0
graph-id-in-parameter-wrapped-contains-k02-group-18-zero	graph-id-set	graph-id-in-parameter-wrapped-contains	zero	graph-id-in-parameter-and-wrapped-contains	parameters	properties	200	fixture-hive-04	fixture-hive-04,fixture-hive-05	2	f41121acbf1fbaf3038c33bd3e9d0c46d75f4fff7791b6123e418412592ec20e	success	0	147	805c8c7334c868e18e2be84be95b83cc60895722d739c2b164a68be4cd410c49	204062			cypher-graph-id-predicate	64	2	fixture-hive-04,fixture-hive-05	2	0	0	2	0	2	1	1	62	1	0
request-selected-set-wrapped-contains-k02-group-18-zero	graph-set-reference	request-selected-set-wrapped-contains	zero	request-graph-set-selection-and-wrapped-contains	request-selected-source	properties	200	fixture-hive-04	fixture-hive-04,fixture-hive-05	2	f41121acbf1fbaf3038c33bd3e9d0c46d75f4fff7791b6123e418412592ec20e	success	0	147	805c8c7334c868e18e2be84be95b83cc60895722d739c2b164a68be4cd410c49	177723			request-selected-source	2	2	fixture-hive-04,fixture-hive-05	2	0	0	2	0	2	0	0	0	1	0
graph-id-in-literal-wrapped-contains-k02-group-18-targeted	graph-id-set	graph-id-in-literal-wrapped-contains	targeted	graph-id-in-literal-and-wrapped-contains	graph-routing-set	properties	200	fixture-hive-04	fixture-hive-04,fixture-hive-05	2	f41121acbf1fbaf3038c33bd3e9d0c46d75f4fff7791b6123e418412592ec20e	success	1	795	6f5022183da52ea8cb963f17c4b86a6270dc9bfe0ca358e5ec7d6bdf4c95879f	501358		fixture-hive-04	cypher-graph-id-predicate	64	2	fixture-hive-04,fixture-hive-05	2	0	0	2	0	252	1	1	62	1	0
graph-id-in-parameter-wrapped-contains-k02-group-18-targeted	graph-id-set	graph-id-in-parameter-wrapped-contains	targeted	graph-id-in-parameter-and-wrapped-contains	parameters	properties	200	fixture-hive-04	fixture-hive-04,fixture-hive-05	2	f41121acbf1fbaf3038c33bd3e9d0c46d75f4fff7791b6123e418412592ec20e	success	1	795	6f5022183da52ea8cb963f17c4b86a6270dc9bfe0ca358e5ec7d6bdf4c95879f	174576		fixture-hive-04	cypher-graph-id-predicate	64	2	fixture-hive-04,fixture-hive-05	2	0	0	2	0	2	1	1	62	1	0
request-selected-set-wrapped-contains-k02-group-18-targeted	graph-set-reference	request-selected-set-wrapped-contains	targeted	request-graph-set-selection-and-wrapped-contains	request-selected-source	properties	200	fixture-hive-04	fixture-hive-04,fixture-hive-05	2	f41121acbf1fbaf3038c33bd3e9d0c46d75f4fff7791b6123e418412592ec20e	success	1	795	6f5022183da52ea8cb963f17c4b86a6270dc9bfe0ca358e5ec7d6bdf4c95879f	279122		fixture-hive-04	request-selected-source	2	2	fixture-hive-04,fixture-hive-05	2	0	0	2	0	2	0	0	0	1	0
graph-id-in-literal-wrapped-contains-k02-group-18-dense	graph-id-set	graph-id-in-literal-wrapped-contains	dense	graph-id-in-literal-and-wrapped-contains	graph-routing-set	properties	200	fixture-hive-04	fixture-hive-04,fixture-hive-05	2	f41121acbf1fbaf3038c33bd3e9d0c46d75f4fff7791b6123e418412592ec20e	success	200	91716	5d2df55fe9df550bd17a462dbec1bd958f7c0d5940c160537976ecc80d5cb22f	348883		fixture-hive-04	cypher-graph-id-predicate	64	1	fixture-hive-04	1	0	0	1	0	200	1	1	62	1	0
graph-id-in-parameter-wrapped-contains-k02-group-18-dense	graph-id-set	graph-id-in-parameter-wrapped-contains	dense	graph-id-in-parameter-and-wrapped-contains	parameters	properties	200	fixture-hive-04	fixture-hive-04,fixture-hive-05	2	f41121acbf1fbaf3038c33bd3e9d0c46d75f4fff7791b6123e418412592ec20e	success	200	91716	5d2df55fe9df550bd17a462dbec1bd958f7c0d5940c160537976ecc80d5cb22f	192971		fixture-hive-04	cypher-graph-id-predicate	64	1	fixture-hive-04	1	0	0	1	0	200	1	1	62	1	0
request-selected-set-wrapped-contains-k02-group-18-dense	graph-set-reference	request-selected-set-wrapped-contains	dense	request-graph-set-selection-and-wrapped-contains	request-selected-source	properties	200	fixture-hive-04	fixture-hive-04,fixture-hive-05	2	f41121acbf1fbaf3038c33bd3e9d0c46d75f4fff7791b6123e418412592ec20e	success	200	91716	5d2df55fe9df550bd17a462dbec1bd958f7c0d5940c160537976ecc80d5cb22f	305411		fixture-hive-04	request-selected-source	2	1	fixture-hive-04	1	0	0	1	0	200	0	0	0	1	0
graph-id-in-literal-wrapped-contains-k02-group-19-zero	graph-id-set	graph-id-in-literal-wrapped-contains	zero	graph-id-in-literal-and-wrapped-contains	graph-routing-set	properties	200	fixture-hive-06	fixture-hive-06,fixture-hive-07	2	0e195fcce31a7a5d9a769104e3dfcae5e0ad6d412a7d0ec410082e682a53bc92	success	0	147	805c8c7334c868e18e2be84be95b83cc60895722d739c2b164a68be4cd410c49	236021			cypher-graph-id-predicate	64	2	fixture-hive-06,fixture-hive-07	2	0	0	2	0	3	1	1	62	1	0
graph-id-in-parameter-wrapped-contains-k02-group-19-zero	graph-id-set	graph-id-in-parameter-wrapped-contains	zero	graph-id-in-parameter-and-wrapped-contains	parameters	properties	200	fixture-hive-06	fixture-hive-06,fixture-hive-07	2	0e195fcce31a7a5d9a769104e3dfcae5e0ad6d412a7d0ec410082e682a53bc92	success	0	147	805c8c7334c868e18e2be84be95b83cc60895722d739c2b164a68be4cd410c49	182833			cypher-graph-id-predicate	64	2	fixture-hive-06,fixture-hive-07	2	0	0	2	0	2	1	1	62	1	0
request-selected-set-wrapped-contains-k02-group-19-zero	graph-set-reference	request-selected-set-wrapped-contains	zero	request-graph-set-selection-and-wrapped-contains	request-selected-source	properties	200	fixture-hive-06	fixture-hive-06,fixture-hive-07	2	0e195fcce31a7a5d9a769104e3dfcae5e0ad6d412a7d0ec410082e682a53bc92	success	0	147	805c8c7334c868e18e2be84be95b83cc60895722d739c2b164a68be4cd410c49	176120			request-selected-source	2	2	fixture-hive-06,fixture-hive-07	2	0	0	2	0	2	0	0	0	1	0
graph-id-in-literal-wrapped-contains-k02-group-19-targeted	graph-id-set	graph-id-in-literal-wrapped-contains	targeted	graph-id-in-literal-and-wrapped-contains	graph-routing-set	properties	200	fixture-hive-06	fixture-hive-06,fixture-hive-07	2	0e195fcce31a7a5d9a769104e3dfcae5e0ad6d412a7d0ec410082e682a53bc92	success	1	801	6e224732564976ab3ad1b488a2dcb0c2a2f84050ab25d529f41b87f4de3c406c	512329		fixture-hive-06	cypher-graph-id-predicate	64	2	fixture-hive-06,fixture-hive-07	2	0	0	2	0	243	1	1	62	1	0
graph-id-in-parameter-wrapped-contains-k02-group-19-targeted	graph-id-set	graph-id-in-parameter-wrapped-contains	targeted	graph-id-in-parameter-and-wrapped-contains	parameters	properties	200	fixture-hive-06	fixture-hive-06,fixture-hive-07	2	0e195fcce31a7a5d9a769104e3dfcae5e0ad6d412a7d0ec410082e682a53bc92	success	1	801	6e224732564976ab3ad1b488a2dcb0c2a2f84050ab25d529f41b87f4de3c406c	169457		fixture-hive-06	cypher-graph-id-predicate	64	2	fixture-hive-06,fixture-hive-07	2	0	0	2	0	2	1	1	62	1	0
request-selected-set-wrapped-contains-k02-group-19-targeted	graph-set-reference	request-selected-set-wrapped-contains	targeted	request-graph-set-selection-and-wrapped-contains	request-selected-source	properties	200	fixture-hive-06	fixture-hive-06,fixture-hive-07	2	0e195fcce31a7a5d9a769104e3dfcae5e0ad6d412a7d0ec410082e682a53bc92	success	1	801	6e224732564976ab3ad1b488a2dcb0c2a2f84050ab25d529f41b87f4de3c406c	275586		fixture-hive-06	request-selected-source	2	2	fixture-hive-06,fixture-hive-07	2	0	0	2	0	2	0	0	0	1	0
graph-id-in-literal-wrapped-contains-k02-group-19-dense	graph-id-set	graph-id-in-literal-wrapped-contains	dense	graph-id-in-literal-and-wrapped-contains	graph-routing-set	properties	200	fixture-hive-06	fixture-hive-06,fixture-hive-07	2	0e195fcce31a7a5d9a769104e3dfcae5e0ad6d412a7d0ec410082e682a53bc92	success	200	92968	77adda61bf8a66745500e9e1b739302ae425b75af5d5199095bd9c0f56151e04	298389		fixture-hive-06	cypher-graph-id-predicate	64	1	fixture-hive-06	1	0	0	1	0	200	1	1	62	1	0
graph-id-in-parameter-wrapped-contains-k02-group-19-dense	graph-id-set	graph-id-in-parameter-wrapped-contains	dense	graph-id-in-parameter-and-wrapped-contains	parameters	properties	200	fixture-hive-06	fixture-hive-06,fixture-hive-07	2	0e195fcce31a7a5d9a769104e3dfcae5e0ad6d412a7d0ec410082e682a53bc92	success	200	92968	77adda61bf8a66745500e9e1b739302ae425b75af5d5199095bd9c0f56151e04	210294		fixture-hive-06	cypher-graph-id-predicate	64	1	fixture-hive-06	1	0	0	1	0	200	1	1	62	1	0
request-selected-set-wrapped-contains-k02-group-19-dense	graph-set-reference	request-selected-set-wrapped-contains	dense	request-graph-set-selection-and-wrapped-contains	request-selected-source	properties	200	fixture-hive-06	fixture-hive-06,fixture-hive-07	2	0e195fcce31a7a5d9a769104e3dfcae5e0ad6d412a7d0ec410082e682a53bc92	success	200	92968	77adda61bf8a66745500e9e1b739302ae425b75af5d5199095bd9c0f56151e04	339375		fixture-hive-06	request-selected-source	2	1	fixture-hive-06	1	0	0	1	0	200	0	0	0	1	0
graph-id-in-literal-wrapped-contains-k02-group-20-zero	graph-id-set	graph-id-in-literal-wrapped-contains	zero	graph-id-in-literal-and-wrapped-contains	graph-routing-set	properties	200	fixture-hive-08	fixture-hive-08,fixture-hive-09	2	14fa8c483af9a14e524a47ac5609a1da648fc7c17053e8b2cd7462c591d4c7cf	success	0	147	805c8c7334c868e18e2be84be95b83cc60895722d739c2b164a68be4cd410c49	270296			cypher-graph-id-predicate	64	2	fixture-hive-08,fixture-hive-09	2	0	0	2	0	3	1	1	62	1	0
graph-id-in-parameter-wrapped-contains-k02-group-20-zero	graph-id-set	graph-id-in-parameter-wrapped-contains	zero	graph-id-in-parameter-and-wrapped-contains	parameters	properties	200	fixture-hive-08	fixture-hive-08,fixture-hive-09	2	14fa8c483af9a14e524a47ac5609a1da648fc7c17053e8b2cd7462c591d4c7cf	success	0	147	805c8c7334c868e18e2be84be95b83cc60895722d739c2b164a68be4cd410c49	170078			cypher-graph-id-predicate	64	2	fixture-hive-08,fixture-hive-09	2	0	0	2	0	2	1	1	62	1	0
request-selected-set-wrapped-contains-k02-group-20-zero	graph-set-reference	request-selected-set-wrapped-contains	zero	request-graph-set-selection-and-wrapped-contains	request-selected-source	properties	200	fixture-hive-08	fixture-hive-08,fixture-hive-09	2	14fa8c483af9a14e524a47ac5609a1da648fc7c17053e8b2cd7462c591d4c7cf	success	0	147	805c8c7334c868e18e2be84be95b83cc60895722d739c2b164a68be4cd410c49	143899			request-selected-source	2	2	fixture-hive-08,fixture-hive-09	2	0	0	2	0	2	0	0	0	1	0
graph-id-in-literal-wrapped-contains-k02-group-20-targeted	graph-id-set	graph-id-in-literal-wrapped-contains	targeted	graph-id-in-literal-and-wrapped-contains	graph-routing-set	properties	200	fixture-hive-08	fixture-hive-08,fixture-hive-09	2	14fa8c483af9a14e524a47ac5609a1da648fc7c17053e8b2cd7462c591d4c7cf	success	4	2911	6520445594f6fc1d080f2e441beea159540f21b52c555b515dbd7ba1fee2a37f	441877		fixture-hive-08	cypher-graph-id-predicate	64	2	fixture-hive-08,fixture-hive-09	2	0	0	2	0	345	1	1	62	1	0
graph-id-in-parameter-wrapped-contains-k02-group-20-targeted	graph-id-set	graph-id-in-parameter-wrapped-contains	targeted	graph-id-in-parameter-and-wrapped-contains	parameters	properties	200	fixture-hive-08	fixture-hive-08,fixture-hive-09	2	14fa8c483af9a14e524a47ac5609a1da648fc7c17053e8b2cd7462c591d4c7cf	success	4	2911	6520445594f6fc1d080f2e441beea159540f21b52c555b515dbd7ba1fee2a37f	179396		fixture-hive-08	cypher-graph-id-predicate	64	2	fixture-hive-08,fixture-hive-09	2	0	0	2	0	5	1	1	62	1	0
request-selected-set-wrapped-contains-k02-group-20-targeted	graph-set-reference	request-selected-set-wrapped-contains	targeted	request-graph-set-selection-and-wrapped-contains	request-selected-source	properties	200	fixture-hive-08	fixture-hive-08,fixture-hive-09	2	14fa8c483af9a14e524a47ac5609a1da648fc7c17053e8b2cd7462c591d4c7cf	success	4	2911	6520445594f6fc1d080f2e441beea159540f21b52c555b515dbd7ba1fee2a37f	181089		fixture-hive-08	request-selected-source	2	2	fixture-hive-08,fixture-hive-09	2	0	0	2	0	5	0	0	0	1	0
graph-id-in-literal-wrapped-contains-k02-group-20-dense	graph-id-set	graph-id-in-literal-wrapped-contains	dense	graph-id-in-literal-and-wrapped-contains	graph-routing-set	properties	200	fixture-hive-08	fixture-hive-08,fixture-hive-09	2	14fa8c483af9a14e524a47ac5609a1da648fc7c17053e8b2cd7462c591d4c7cf	success	200	95189	6547ed796970ad3186785ae6dc7d6b1328d226d1878e5144fdb98c21fcba06f9	451946		fixture-hive-08	cypher-graph-id-predicate	64	1	fixture-hive-08	1	0	0	1	0	200	1	1	62	1	0
graph-id-in-parameter-wrapped-contains-k02-group-20-dense	graph-id-set	graph-id-in-parameter-wrapped-contains	dense	graph-id-in-parameter-and-wrapped-contains	parameters	properties	200	fixture-hive-08	fixture-hive-08,fixture-hive-09	2	14fa8c483af9a14e524a47ac5609a1da648fc7c17053e8b2cd7462c591d4c7cf	success	200	95189	6547ed796970ad3186785ae6dc7d6b1328d226d1878e5144fdb98c21fcba06f9	205435		fixture-hive-08	cypher-graph-id-predicate	64	1	fixture-hive-08	1	0	0	1	0	200	1	1	62	1	0
request-selected-set-wrapped-contains-k02-group-20-dense	graph-set-reference	request-selected-set-wrapped-contains	dense	request-graph-set-selection-and-wrapped-contains	request-selected-source	properties	200	fixture-hive-08	fixture-hive-08,fixture-hive-09	2	14fa8c483af9a14e524a47ac5609a1da648fc7c17053e8b2cd7462c591d4c7cf	success	200	95189	6547ed796970ad3186785ae6dc7d6b1328d226d1878e5144fdb98c21fcba06f9	1242245		fixture-hive-08	request-selected-source	2	1	fixture-hive-08	1	0	0	1	0	200	0	0	0	1	0
graph-id-in-literal-wrapped-contains-k02-group-21-zero	graph-id-set	graph-id-in-literal-wrapped-contains	zero	graph-id-in-literal-and-wrapped-contains	graph-routing-set	properties	200	fixture-hive-10	fixture-hive-10,fixture-hive-11	2	ee5df13e4758327832f92663d242553d12beefe11136b61c03c5ba789d0d0644	success	0	147	805c8c7334c868e18e2be84be95b83cc60895722d739c2b164a68be4cd410c49	264795			cypher-graph-id-predicate	64	2	fixture-hive-10,fixture-hive-11	2	0	0	2	0	3	1	1	62	1	0
graph-id-in-parameter-wrapped-contains-k02-group-21-zero	graph-id-set	graph-id-in-parameter-wrapped-contains	zero	graph-id-in-parameter-and-wrapped-contains	parameters	properties	200	fixture-hive-10	fixture-hive-10,fixture-hive-11	2	ee5df13e4758327832f92663d242553d12beefe11136b61c03c5ba789d0d0644	success	0	147	805c8c7334c868e18e2be84be95b83cc60895722d739c2b164a68be4cd410c49	708025			cypher-graph-id-predicate	64	2	fixture-hive-10,fixture-hive-11	2	0	0	2	0	2	1	1	62	1	0
request-selected-set-wrapped-contains-k02-group-21-zero	graph-set-reference	request-selected-set-wrapped-contains	zero	request-graph-set-selection-and-wrapped-contains	request-selected-source	properties	200	fixture-hive-10	fixture-hive-10,fixture-hive-11	2	ee5df13e4758327832f92663d242553d12beefe11136b61c03c5ba789d0d0644	success	0	147	805c8c7334c868e18e2be84be95b83cc60895722d739c2b164a68be4cd410c49	141094			request-selected-source	2	2	fixture-hive-10,fixture-hive-11	2	0	0	2	0	2	0	0	0	1	0
graph-id-in-literal-wrapped-contains-k02-group-21-targeted	graph-id-set	graph-id-in-literal-wrapped-contains	targeted	graph-id-in-literal-and-wrapped-contains	graph-routing-set	properties	200	fixture-hive-10	fixture-hive-10,fixture-hive-11	2	ee5df13e4758327832f92663d242553d12beefe11136b61c03c5ba789d0d0644	success	63	39077	2d20a012ee335ff72d99f67135e1ac36defbca676c07a298d3df15c7c1e33f7d	511087		fixture-hive-10	cypher-graph-id-predicate	64	2	fixture-hive-10,fixture-hive-11	2	0	0	2	0	318	1	1	62	1	0
graph-id-in-parameter-wrapped-contains-k02-group-21-targeted	graph-id-set	graph-id-in-parameter-wrapped-contains	targeted	graph-id-in-parameter-and-wrapped-contains	parameters	properties	200	fixture-hive-10	fixture-hive-10,fixture-hive-11	2	ee5df13e4758327832f92663d242553d12beefe11136b61c03c5ba789d0d0644	success	63	39077	2d20a012ee335ff72d99f67135e1ac36defbca676c07a298d3df15c7c1e33f7d	207539		fixture-hive-10	cypher-graph-id-predicate	64	2	fixture-hive-10,fixture-hive-11	2	0	0	2	0	64	1	1	62	1	0
request-selected-set-wrapped-contains-k02-group-21-targeted	graph-set-reference	request-selected-set-wrapped-contains	targeted	request-graph-set-selection-and-wrapped-contains	request-selected-source	properties	200	fixture-hive-10	fixture-hive-10,fixture-hive-11	2	ee5df13e4758327832f92663d242553d12beefe11136b61c03c5ba789d0d0644	success	63	39077	2d20a012ee335ff72d99f67135e1ac36defbca676c07a298d3df15c7c1e33f7d	118070		fixture-hive-10	request-selected-source	2	2	fixture-hive-10,fixture-hive-11	2	0	0	2	0	64	0	0	0	1	0
graph-id-in-literal-wrapped-contains-k02-group-21-dense	graph-id-set	graph-id-in-literal-wrapped-contains	dense	graph-id-in-literal-and-wrapped-contains	graph-routing-set	properties	200	fixture-hive-10	fixture-hive-10,fixture-hive-11	2	ee5df13e4758327832f92663d242553d12beefe11136b61c03c5ba789d0d0644	success	200	93248	bd7a2cfc84011237aca413f8fd4b6ee9130043dc1530bc214cc965d935dc3d88	238898		fixture-hive-10	cypher-graph-id-predicate	64	1	fixture-hive-10	1	0	0	1	0	200	1	1	62	1	0
graph-id-in-parameter-wrapped-contains-k02-group-21-dense	graph-id-set	graph-id-in-parameter-wrapped-contains	dense	graph-id-in-parameter-and-wrapped-contains	parameters	properties	200	fixture-hive-10	fixture-hive-10,fixture-hive-11	2	ee5df13e4758327832f92663d242553d12beefe11136b61c03c5ba789d0d0644	success	200	93248	bd7a2cfc84011237aca413f8fd4b6ee9130043dc1530bc214cc965d935dc3d88	140202		fixture-hive-10	cypher-graph-id-predicate	64	1	fixture-hive-10	1	0	0	1	0	200	1	1	62	1	0
request-selected-set-wrapped-contains-k02-group-21-dense	graph-set-reference	request-selected-set-wrapped-contains	dense	request-graph-set-selection-and-wrapped-contains	request-selected-source	properties	200	fixture-hive-10	fixture-hive-10,fixture-hive-11	2	ee5df13e4758327832f92663d242553d12beefe11136b61c03c5ba789d0d0644	success	200	93248	bd7a2cfc84011237aca413f8fd4b6ee9130043dc1530bc214cc965d935dc3d88	133260		fixture-hive-10	request-selected-source	2	1	fixture-hive-10	1	0	0	1	0	200	0	0	0	1	0
graph-id-in-literal-wrapped-contains-k02-group-22-zero	graph-id-set	graph-id-in-literal-wrapped-contains	zero	graph-id-in-literal-and-wrapped-contains	graph-routing-set	properties	200	fixture-hive-12	fixture-hive-12,fixture-hive-13	2	428722215ca496d4e4f9c9d5a05310cce042e146f4e82a55e5db3c76468c51e0	success	0	147	805c8c7334c868e18e2be84be95b83cc60895722d739c2b164a68be4cd410c49	191348			cypher-graph-id-predicate	64	2	fixture-hive-12,fixture-hive-13	2	0	0	2	0	3	1	1	62	1	0
graph-id-in-parameter-wrapped-contains-k02-group-22-zero	graph-id-set	graph-id-in-parameter-wrapped-contains	zero	graph-id-in-parameter-and-wrapped-contains	parameters	properties	200	fixture-hive-12	fixture-hive-12,fixture-hive-13	2	428722215ca496d4e4f9c9d5a05310cce042e146f4e82a55e5db3c76468c51e0	success	0	147	805c8c7334c868e18e2be84be95b83cc60895722d739c2b164a68be4cd410c49	147045			cypher-graph-id-predicate	64	2	fixture-hive-12,fixture-hive-13	2	0	0	2	0	2	1	1	62	1	0
request-selected-set-wrapped-contains-k02-group-22-zero	graph-set-reference	request-selected-set-wrapped-contains	zero	request-graph-set-selection-and-wrapped-contains	request-selected-source	properties	200	fixture-hive-12	fixture-hive-12,fixture-hive-13	2	428722215ca496d4e4f9c9d5a05310cce042e146f4e82a55e5db3c76468c51e0	success	0	147	805c8c7334c868e18e2be84be95b83cc60895722d739c2b164a68be4cd410c49	111118			request-selected-source	2	2	fixture-hive-12,fixture-hive-13	2	0	0	2	0	2	0	0	0	1	0
graph-id-in-literal-wrapped-contains-k02-group-22-targeted	graph-id-set	graph-id-in-literal-wrapped-contains	targeted	graph-id-in-literal-and-wrapped-contains	graph-routing-set	properties	200	fixture-hive-12	fixture-hive-12,fixture-hive-13	2	428722215ca496d4e4f9c9d5a05310cce042e146f4e82a55e5db3c76468c51e0	success	5	3545	4491fecdbf798782a80b3c646f871b5d7a5bb168536f84f8e4718b2551f81515	489617		fixture-hive-12,fixture-hive-13	cypher-graph-id-predicate	64	2	fixture-hive-12,fixture-hive-13	2	0	0	2	0	527	1	1	62	1	0
graph-id-in-parameter-wrapped-contains-k02-group-22-targeted	graph-id-set	graph-id-in-parameter-wrapped-contains	targeted	graph-id-in-parameter-and-wrapped-contains	parameters	properties	200	fixture-hive-12	fixture-hive-12,fixture-hive-13	2	428722215ca496d4e4f9c9d5a05310cce042e146f4e82a55e5db3c76468c51e0	success	5	3545	4491fecdbf798782a80b3c646f871b5d7a5bb168536f84f8e4718b2551f81515	136946		fixture-hive-12,fixture-hive-13	cypher-graph-id-predicate	64	2	fixture-hive-12,fixture-hive-13	2	0	0	2	0	5	1	1	62	1	0
request-selected-set-wrapped-contains-k02-group-22-targeted	graph-set-reference	request-selected-set-wrapped-contains	targeted	request-graph-set-selection-and-wrapped-contains	request-selected-source	properties	200	fixture-hive-12	fixture-hive-12,fixture-hive-13	2	428722215ca496d4e4f9c9d5a05310cce042e146f4e82a55e5db3c76468c51e0	success	5	3545	4491fecdbf798782a80b3c646f871b5d7a5bb168536f84f8e4718b2551f81515	104115		fixture-hive-12,fixture-hive-13	request-selected-source	2	2	fixture-hive-12,fixture-hive-13	2	0	0	2	0	5	0	0	0	1	0
graph-id-in-literal-wrapped-contains-k02-group-22-dense	graph-id-set	graph-id-in-literal-wrapped-contains	dense	graph-id-in-literal-and-wrapped-contains	graph-routing-set	properties	200	fixture-hive-12	fixture-hive-12,fixture-hive-13	2	428722215ca496d4e4f9c9d5a05310cce042e146f4e82a55e5db3c76468c51e0	success	200	90517	901cb7ad5a7cef604f7264d87d81f85a7b3e521b0175839dd61f15fa140b58cf	196828		fixture-hive-12	cypher-graph-id-predicate	64	1	fixture-hive-12	1	0	0	1	0	200	1	1	62	1	0
graph-id-in-parameter-wrapped-contains-k02-group-22-dense	graph-id-set	graph-id-in-parameter-wrapped-contains	dense	graph-id-in-parameter-and-wrapped-contains	parameters	properties	200	fixture-hive-12	fixture-hive-12,fixture-hive-13	2	428722215ca496d4e4f9c9d5a05310cce042e146f4e82a55e5db3c76468c51e0	success	200	90517	901cb7ad5a7cef604f7264d87d81f85a7b3e521b0175839dd61f15fa140b58cf	128251		fixture-hive-12	cypher-graph-id-predicate	64	1	fixture-hive-12	1	0	0	1	0	200	1	1	62	1	0
request-selected-set-wrapped-contains-k02-group-22-dense	graph-set-reference	request-selected-set-wrapped-contains	dense	request-graph-set-selection-and-wrapped-contains	request-selected-source	properties	200	fixture-hive-12	fixture-hive-12,fixture-hive-13	2	428722215ca496d4e4f9c9d5a05310cce042e146f4e82a55e5db3c76468c51e0	success	200	90517	901cb7ad5a7cef604f7264d87d81f85a7b3e521b0175839dd61f15fa140b58cf	111809		fixture-hive-12	request-selected-source	2	1	fixture-hive-12	1	0	0	1	0	200	0	0	0	1	0
graph-id-in-literal-wrapped-contains-k02-group-23-zero	graph-id-set	graph-id-in-literal-wrapped-contains	zero	graph-id-in-literal-and-wrapped-contains	graph-routing-set	properties	200	fixture-hive-14	fixture-hive-14,fixture-hive-15	2	bd3a86601d2d33fe9db8ca75e93e1f2fa47efb0ab641799ac8bb16d5574f73c4	success	0	147	805c8c7334c868e18e2be84be95b83cc60895722d739c2b164a68be4cd410c49	168996			cypher-graph-id-predicate	64	2	fixture-hive-14,fixture-hive-15	2	0	0	2	0	3	1	1	62	1	0
graph-id-in-parameter-wrapped-contains-k02-group-23-zero	graph-id-set	graph-id-in-parameter-wrapped-contains	zero	graph-id-in-parameter-and-wrapped-contains	parameters	properties	200	fixture-hive-14	fixture-hive-14,fixture-hive-15	2	bd3a86601d2d33fe9db8ca75e93e1f2fa47efb0ab641799ac8bb16d5574f73c4	success	0	147	805c8c7334c868e18e2be84be95b83cc60895722d739c2b164a68be4cd410c49	123391			cypher-graph-id-predicate	64	2	fixture-hive-14,fixture-hive-15	2	0	0	2	0	2	1	1	62	1	0
request-selected-set-wrapped-contains-k02-group-23-zero	graph-set-reference	request-selected-set-wrapped-contains	zero	request-graph-set-selection-and-wrapped-contains	request-selected-source	properties	200	fixture-hive-14	fixture-hive-14,fixture-hive-15	2	bd3a86601d2d33fe9db8ca75e93e1f2fa47efb0ab641799ac8bb16d5574f73c4	success	0	147	805c8c7334c868e18e2be84be95b83cc60895722d739c2b164a68be4cd410c49	89788			request-selected-source	2	2	fixture-hive-14,fixture-hive-15	2	0	0	2	0	2	0	0	0	1	0
graph-id-in-literal-wrapped-contains-k02-group-23-targeted	graph-id-set	graph-id-in-literal-wrapped-contains	targeted	graph-id-in-literal-and-wrapped-contains	graph-routing-set	properties	200	fixture-hive-14	fixture-hive-14,fixture-hive-15	2	bd3a86601d2d33fe9db8ca75e93e1f2fa47efb0ab641799ac8bb16d5574f73c4	success	45	27605	5de372ca8e19ec486456452fc7bd2d9f18c4d7b0beb5e238b24073911e1d2e3a	410037		fixture-hive-14	cypher-graph-id-predicate	64	2	fixture-hive-14,fixture-hive-15	2	0	0	2	0	303	1	1	62	1	0
graph-id-in-parameter-wrapped-contains-k02-group-23-targeted	graph-id-set	graph-id-in-parameter-wrapped-contains	targeted	graph-id-in-parameter-and-wrapped-contains	parameters	properties	200	fixture-hive-14	fixture-hive-14,fixture-hive-15	2	bd3a86601d2d33fe9db8ca75e93e1f2fa47efb0ab641799ac8bb16d5574f73c4	success	45	27605	5de372ca8e19ec486456452fc7bd2d9f18c4d7b0beb5e238b24073911e1d2e3a	136435		fixture-hive-14	cypher-graph-id-predicate	64	2	fixture-hive-14,fixture-hive-15	2	0	0	2	0	46	1	1	62	1	0
request-selected-set-wrapped-contains-k02-group-23-targeted	graph-set-reference	request-selected-set-wrapped-contains	targeted	request-graph-set-selection-and-wrapped-contains	request-selected-source	properties	200	fixture-hive-14	fixture-hive-14,fixture-hive-15	2	bd3a86601d2d33fe9db8ca75e93e1f2fa47efb0ab641799ac8bb16d5574f73c4	success	45	27605	5de372ca8e19ec486456452fc7bd2d9f18c4d7b0beb5e238b24073911e1d2e3a	109826		fixture-hive-14	request-selected-source	2	2	fixture-hive-14,fixture-hive-15	2	0	0	2	0	46	0	0	0	1	0
graph-id-in-literal-wrapped-contains-k02-group-23-dense	graph-id-set	graph-id-in-literal-wrapped-contains	dense	graph-id-in-literal-and-wrapped-contains	graph-routing-set	properties	200	fixture-hive-14	fixture-hive-14,fixture-hive-15	2	bd3a86601d2d33fe9db8ca75e93e1f2fa47efb0ab641799ac8bb16d5574f73c4	success	200	96641	3ad39c9167b00424c5957087068cab90d47268c9063b8d9e565113275edd98c8	300643		fixture-hive-14	cypher-graph-id-predicate	64	1	fixture-hive-14	1	0	0	1	0	200	1	1	62	1	0
graph-id-in-parameter-wrapped-contains-k02-group-23-dense	graph-id-set	graph-id-in-parameter-wrapped-contains	dense	graph-id-in-parameter-and-wrapped-contains	parameters	properties	200	fixture-hive-14	fixture-hive-14,fixture-hive-15	2	bd3a86601d2d33fe9db8ca75e93e1f2fa47efb0ab641799ac8bb16d5574f73c4	success	200	96641	3ad39c9167b00424c5957087068cab90d47268c9063b8d9e565113275edd98c8	153267		fixture-hive-14	cypher-graph-id-predicate	64	1	fixture-hive-14	1	0	0	1	0	200	1	1	62	1	0
request-selected-set-wrapped-contains-k02-group-23-dense	graph-set-reference	request-selected-set-wrapped-contains	dense	request-graph-set-selection-and-wrapped-contains	request-selected-source	properties	200	fixture-hive-14	fixture-hive-14,fixture-hive-15	2	bd3a86601d2d33fe9db8ca75e93e1f2fa47efb0ab641799ac8bb16d5574f73c4	success	200	96641	3ad39c9167b00424c5957087068cab90d47268c9063b8d9e565113275edd98c8	122369		fixture-hive-14	request-selected-source	2	1	fixture-hive-14	1	0	0	1	0	200	0	0	0	1	0
graph-id-in-literal-wrapped-contains-k02-group-24-zero	graph-id-set	graph-id-in-literal-wrapped-contains	zero	graph-id-in-literal-and-wrapped-contains	graph-routing-set	properties	200	fixture-kotlin-compiler-00	fixture-kotlin-compiler-00,fixture-kotlin-compiler-01	2	56868f1a9cf217da4efc67ad27fa437371abf57f3bb39fd488b176b7b556f456	success	0	147	805c8c7334c868e18e2be84be95b83cc60895722d739c2b164a68be4cd410c49	231083			cypher-graph-id-predicate	64	2	fixture-kotlin-compiler-00,fixture-kotlin-compiler-01	2	0	0	2	0	3	1	1	62	1	0
graph-id-in-parameter-wrapped-contains-k02-group-24-zero	graph-id-set	graph-id-in-parameter-wrapped-contains	zero	graph-id-in-parameter-and-wrapped-contains	parameters	properties	200	fixture-kotlin-compiler-00	fixture-kotlin-compiler-00,fixture-kotlin-compiler-01	2	56868f1a9cf217da4efc67ad27fa437371abf57f3bb39fd488b176b7b556f456	success	0	147	805c8c7334c868e18e2be84be95b83cc60895722d739c2b164a68be4cd410c49	146514			cypher-graph-id-predicate	64	2	fixture-kotlin-compiler-00,fixture-kotlin-compiler-01	2	0	0	2	0	2	1	1	62	1	0
request-selected-set-wrapped-contains-k02-group-24-zero	graph-set-reference	request-selected-set-wrapped-contains	zero	request-graph-set-selection-and-wrapped-contains	request-selected-source	properties	200	fixture-kotlin-compiler-00	fixture-kotlin-compiler-00,fixture-kotlin-compiler-01	2	56868f1a9cf217da4efc67ad27fa437371abf57f3bb39fd488b176b7b556f456	success	0	147	805c8c7334c868e18e2be84be95b83cc60895722d739c2b164a68be4cd410c49	135745			request-selected-source	2	2	fixture-kotlin-compiler-00,fixture-kotlin-compiler-01	2	0	0	2	0	2	0	0	0	1	0
graph-id-in-literal-wrapped-contains-k02-group-24-targeted	graph-id-set	graph-id-in-literal-wrapped-contains	targeted	graph-id-in-literal-and-wrapped-contains	graph-routing-set	properties	200	fixture-kotlin-compiler-00	fixture-kotlin-compiler-00,fixture-kotlin-compiler-01	2	56868f1a9cf217da4efc67ad27fa437371abf57f3bb39fd488b176b7b556f456	success	10	6351	274597a5e0e535d6581734920f9ffbc39062a84a13ad9d85823a8f12df219dfd	373279		fixture-kotlin-compiler-00	cypher-graph-id-predicate	64	2	fixture-kotlin-compiler-00,fixture-kotlin-compiler-01	2	0	0	2	0	236	1	1	62	1	0
graph-id-in-parameter-wrapped-contains-k02-group-24-targeted	graph-id-set	graph-id-in-parameter-wrapped-contains	targeted	graph-id-in-parameter-and-wrapped-contains	parameters	properties	200	fixture-kotlin-compiler-00	fixture-kotlin-compiler-00,fixture-kotlin-compiler-01	2	56868f1a9cf217da4efc67ad27fa437371abf57f3bb39fd488b176b7b556f456	success	10	6351	274597a5e0e535d6581734920f9ffbc39062a84a13ad9d85823a8f12df219dfd	134792		fixture-kotlin-compiler-00	cypher-graph-id-predicate	64	2	fixture-kotlin-compiler-00,fixture-kotlin-compiler-01	2	0	0	2	0	11	1	1	62	1	0
request-selected-set-wrapped-contains-k02-group-24-targeted	graph-set-reference	request-selected-set-wrapped-contains	targeted	request-graph-set-selection-and-wrapped-contains	request-selected-source	properties	200	fixture-kotlin-compiler-00	fixture-kotlin-compiler-00,fixture-kotlin-compiler-01	2	56868f1a9cf217da4efc67ad27fa437371abf57f3bb39fd488b176b7b556f456	success	10	6351	274597a5e0e535d6581734920f9ffbc39062a84a13ad9d85823a8f12df219dfd	165098		fixture-kotlin-compiler-00	request-selected-source	2	2	fixture-kotlin-compiler-00,fixture-kotlin-compiler-01	2	0	0	2	0	11	0	0	0	1	0
graph-id-in-literal-wrapped-contains-k02-group-24-dense	graph-id-set	graph-id-in-literal-wrapped-contains	dense	graph-id-in-literal-and-wrapped-contains	graph-routing-set	properties	200	fixture-kotlin-compiler-00	fixture-kotlin-compiler-00,fixture-kotlin-compiler-01	2	56868f1a9cf217da4efc67ad27fa437371abf57f3bb39fd488b176b7b556f456	success	200	97301	4abd067ea3c7496241f2623586a132809a81e33bd08c7645b717be3ee7ee2542	243005		fixture-kotlin-compiler-00	cypher-graph-id-predicate	64	1	fixture-kotlin-compiler-00	1	0	0	1	0	200	1	1	62	1	0
graph-id-in-parameter-wrapped-contains-k02-group-24-dense	graph-id-set	graph-id-in-parameter-wrapped-contains	dense	graph-id-in-parameter-and-wrapped-contains	parameters	properties	200	fixture-kotlin-compiler-00	fixture-kotlin-compiler-00,fixture-kotlin-compiler-01	2	56868f1a9cf217da4efc67ad27fa437371abf57f3bb39fd488b176b7b556f456	success	200	97301	4abd067ea3c7496241f2623586a132809a81e33bd08c7645b717be3ee7ee2542	163576		fixture-kotlin-compiler-00	cypher-graph-id-predicate	64	1	fixture-kotlin-compiler-00	1	0	0	1	0	200	1	1	62	1	0
request-selected-set-wrapped-contains-k02-group-24-dense	graph-set-reference	request-selected-set-wrapped-contains	dense	request-graph-set-selection-and-wrapped-contains	request-selected-source	properties	200	fixture-kotlin-compiler-00	fixture-kotlin-compiler-00,fixture-kotlin-compiler-01	2	56868f1a9cf217da4efc67ad27fa437371abf57f3bb39fd488b176b7b556f456	success	200	97301	4abd067ea3c7496241f2623586a132809a81e33bd08c7645b717be3ee7ee2542	109254		fixture-kotlin-compiler-00	request-selected-source	2	1	fixture-kotlin-compiler-00	1	0	0	1	0	200	0	0	0	1	0
graph-id-in-literal-wrapped-contains-k02-group-25-zero	graph-id-set	graph-id-in-literal-wrapped-contains	zero	graph-id-in-literal-and-wrapped-contains	graph-routing-set	properties	200	fixture-kotlin-compiler-02	fixture-kotlin-compiler-02,fixture-kotlin-compiler-03	2	f1fbbdfc216b798281dff3d7ec29043bf8683f075ffe543077be5a013bd32241	success	0	147	805c8c7334c868e18e2be84be95b83cc60895722d739c2b164a68be4cd410c49	214321			cypher-graph-id-predicate	64	2	fixture-kotlin-compiler-02,fixture-kotlin-compiler-03	2	0	0	2	0	3	1	1	62	1	0
graph-id-in-parameter-wrapped-contains-k02-group-25-zero	graph-id-set	graph-id-in-parameter-wrapped-contains	zero	graph-id-in-parameter-and-wrapped-contains	parameters	properties	200	fixture-kotlin-compiler-02	fixture-kotlin-compiler-02,fixture-kotlin-compiler-03	2	f1fbbdfc216b798281dff3d7ec29043bf8683f075ffe543077be5a013bd32241	success	0	147	805c8c7334c868e18e2be84be95b83cc60895722d739c2b164a68be4cd410c49	125014			cypher-graph-id-predicate	64	2	fixture-kotlin-compiler-02,fixture-kotlin-compiler-03	2	0	0	2	0	2	1	1	62	1	0
request-selected-set-wrapped-contains-k02-group-25-zero	graph-set-reference	request-selected-set-wrapped-contains	zero	request-graph-set-selection-and-wrapped-contains	request-selected-source	properties	200	fixture-kotlin-compiler-02	fixture-kotlin-compiler-02,fixture-kotlin-compiler-03	2	f1fbbdfc216b798281dff3d7ec29043bf8683f075ffe543077be5a013bd32241	success	0	147	805c8c7334c868e18e2be84be95b83cc60895722d739c2b164a68be4cd410c49	116819			request-selected-source	2	2	fixture-kotlin-compiler-02,fixture-kotlin-compiler-03	2	0	0	2	0	2	0	0	0	1	0
graph-id-in-literal-wrapped-contains-k02-group-25-targeted	graph-id-set	graph-id-in-literal-wrapped-contains	targeted	graph-id-in-literal-and-wrapped-contains	graph-routing-set	properties	200	fixture-kotlin-compiler-02	fixture-kotlin-compiler-02,fixture-kotlin-compiler-03	2	f1fbbdfc216b798281dff3d7ec29043bf8683f075ffe543077be5a013bd32241	success	11	6749	2381a85a5b438c2bf70fa3be382bc797869fcc97bf32160c293adfc9bc311b40	462515		fixture-kotlin-compiler-02,fixture-kotlin-compiler-03	cypher-graph-id-predicate	64	2	fixture-kotlin-compiler-02,fixture-kotlin-compiler-03	2	0	0	2	0	448	1	1	62	1	0
graph-id-in-parameter-wrapped-contains-k02-group-25-targeted	graph-id-set	graph-id-in-parameter-wrapped-contains	targeted	graph-id-in-parameter-and-wrapped-contains	parameters	properties	200	fixture-kotlin-compiler-02	fixture-kotlin-compiler-02,fixture-kotlin-compiler-03	2	f1fbbdfc216b798281dff3d7ec29043bf8683f075ffe543077be5a013bd32241	success	11	6749	2381a85a5b438c2bf70fa3be382bc797869fcc97bf32160c293adfc9bc311b40	172496		fixture-kotlin-compiler-02,fixture-kotlin-compiler-03	cypher-graph-id-predicate	64	2	fixture-kotlin-compiler-02,fixture-kotlin-compiler-03	2	0	0	2	0	11	1	1	62	1	0
request-selected-set-wrapped-contains-k02-group-25-targeted	graph-set-reference	request-selected-set-wrapped-contains	targeted	request-graph-set-selection-and-wrapped-contains	request-selected-source	properties	200	fixture-kotlin-compiler-02	fixture-kotlin-compiler-02,fixture-kotlin-compiler-03	2	f1fbbdfc216b798281dff3d7ec29043bf8683f075ffe543077be5a013bd32241	success	11	6749	2381a85a5b438c2bf70fa3be382bc797869fcc97bf32160c293adfc9bc311b40	156894		fixture-kotlin-compiler-02,fixture-kotlin-compiler-03	request-selected-source	2	2	fixture-kotlin-compiler-02,fixture-kotlin-compiler-03	2	0	0	2	0	11	0	0	0	1	0
graph-id-in-literal-wrapped-contains-k02-group-25-dense	graph-id-set	graph-id-in-literal-wrapped-contains	dense	graph-id-in-literal-and-wrapped-contains	graph-routing-set	properties	200	fixture-kotlin-compiler-02	fixture-kotlin-compiler-02,fixture-kotlin-compiler-03	2	f1fbbdfc216b798281dff3d7ec29043bf8683f075ffe543077be5a013bd32241	success	200	91564	fbf180fab82c32493738bb60bb29955d3f45810bb23806d614f71964200069bc	197520		fixture-kotlin-compiler-02	cypher-graph-id-predicate	64	1	fixture-kotlin-compiler-02	1	0	0	1	0	200	1	1	62	1	0
graph-id-in-parameter-wrapped-contains-k02-group-25-dense	graph-id-set	graph-id-in-parameter-wrapped-contains	dense	graph-id-in-parameter-and-wrapped-contains	parameters	properties	200	fixture-kotlin-compiler-02	fixture-kotlin-compiler-02,fixture-kotlin-compiler-03	2	f1fbbdfc216b798281dff3d7ec29043bf8683f075ffe543077be5a013bd32241	success	200	91564	fbf180fab82c32493738bb60bb29955d3f45810bb23806d614f71964200069bc	135965		fixture-kotlin-compiler-02	cypher-graph-id-predicate	64	1	fixture-kotlin-compiler-02	1	0	0	1	0	200	1	1	62	1	0
request-selected-set-wrapped-contains-k02-group-25-dense	graph-set-reference	request-selected-set-wrapped-contains	dense	request-graph-set-selection-and-wrapped-contains	request-selected-source	properties	200	fixture-kotlin-compiler-02	fixture-kotlin-compiler-02,fixture-kotlin-compiler-03	2	f1fbbdfc216b798281dff3d7ec29043bf8683f075ffe543077be5a013bd32241	success	200	91564	fbf180fab82c32493738bb60bb29955d3f45810bb23806d614f71964200069bc	122690		fixture-kotlin-compiler-02	request-selected-source	2	1	fixture-kotlin-compiler-02	1	0	0	1	0	200	0	0	0	1	0
graph-id-in-literal-wrapped-contains-k02-group-26-zero	graph-id-set	graph-id-in-literal-wrapped-contains	zero	graph-id-in-literal-and-wrapped-contains	graph-routing-set	properties	200	fixture-kotlin-compiler-04	fixture-kotlin-compiler-04,fixture-kotlin-compiler-05	2	6005c0bb3303f9c6835a728e243c23da436498b9fd73b3be82ee3853503dd674	success	0	147	805c8c7334c868e18e2be84be95b83cc60895722d739c2b164a68be4cd410c49	176440			cypher-graph-id-predicate	64	2	fixture-kotlin-compiler-04,fixture-kotlin-compiler-05	2	0	0	2	0	3	1	1	62	1	0
graph-id-in-parameter-wrapped-contains-k02-group-26-zero	graph-id-set	graph-id-in-parameter-wrapped-contains	zero	graph-id-in-parameter-and-wrapped-contains	parameters	properties	200	fixture-kotlin-compiler-04	fixture-kotlin-compiler-04,fixture-kotlin-compiler-05	2	6005c0bb3303f9c6835a728e243c23da436498b9fd73b3be82ee3853503dd674	success	0	147	805c8c7334c868e18e2be84be95b83cc60895722d739c2b164a68be4cd410c49	124453			cypher-graph-id-predicate	64	2	fixture-kotlin-compiler-04,fixture-kotlin-compiler-05	2	0	0	2	0	2	1	1	62	1	0
request-selected-set-wrapped-contains-k02-group-26-zero	graph-set-reference	request-selected-set-wrapped-contains	zero	request-graph-set-selection-and-wrapped-contains	request-selected-source	properties	200	fixture-kotlin-compiler-04	fixture-kotlin-compiler-04,fixture-kotlin-compiler-05	2	6005c0bb3303f9c6835a728e243c23da436498b9fd73b3be82ee3853503dd674	success	0	147	805c8c7334c868e18e2be84be95b83cc60895722d739c2b164a68be4cd410c49	137237			request-selected-source	2	2	fixture-kotlin-compiler-04,fixture-kotlin-compiler-05	2	0	0	2	0	2	0	0	0	1	0
graph-id-in-literal-wrapped-contains-k02-group-26-targeted	graph-id-set	graph-id-in-literal-wrapped-contains	targeted	graph-id-in-literal-and-wrapped-contains	graph-routing-set	properties	200	fixture-kotlin-compiler-04	fixture-kotlin-compiler-04,fixture-kotlin-compiler-05	2	6005c0bb3303f9c6835a728e243c23da436498b9fd73b3be82ee3853503dd674	success	1	792	6691abe0a1f608719107bf4ffc3fa52632123ab77cb7c2c3c6536cd32de533b1	326972		fixture-kotlin-compiler-04	cypher-graph-id-predicate	64	2	fixture-kotlin-compiler-04,fixture-kotlin-compiler-05	2	0	0	2	0	277	1	1	62	1	0
graph-id-in-parameter-wrapped-contains-k02-group-26-targeted	graph-id-set	graph-id-in-parameter-wrapped-contains	targeted	graph-id-in-parameter-and-wrapped-contains	parameters	properties	200	fixture-kotlin-compiler-04	fixture-kotlin-compiler-04,fixture-kotlin-compiler-05	2	6005c0bb3303f9c6835a728e243c23da436498b9fd73b3be82ee3853503dd674	success	1	792	6691abe0a1f608719107bf4ffc3fa52632123ab77cb7c2c3c6536cd32de533b1	147063		fixture-kotlin-compiler-04	cypher-graph-id-predicate	64	2	fixture-kotlin-compiler-04,fixture-kotlin-compiler-05	2	0	0	2	0	2	1	1	62	1	0
request-selected-set-wrapped-contains-k02-group-26-targeted	graph-set-reference	request-selected-set-wrapped-contains	targeted	request-graph-set-selection-and-wrapped-contains	request-selected-source	properties	200	fixture-kotlin-compiler-04	fixture-kotlin-compiler-04,fixture-kotlin-compiler-05	2	6005c0bb3303f9c6835a728e243c23da436498b9fd73b3be82ee3853503dd674	success	1	792	6691abe0a1f608719107bf4ffc3fa52632123ab77cb7c2c3c6536cd32de533b1	152686		fixture-kotlin-compiler-04	request-selected-source	2	2	fixture-kotlin-compiler-04,fixture-kotlin-compiler-05	2	0	0	2	0	2	0	0	0	1	0
graph-id-in-literal-wrapped-contains-k02-group-26-dense	graph-id-set	graph-id-in-literal-wrapped-contains	dense	graph-id-in-literal-and-wrapped-contains	graph-routing-set	properties	200	fixture-kotlin-compiler-04	fixture-kotlin-compiler-04,fixture-kotlin-compiler-05	2	6005c0bb3303f9c6835a728e243c23da436498b9fd73b3be82ee3853503dd674	success	200	96891	db4b9bfadbbb61a039e76484090eda57349ec9585a7c795f46793352fb739e7c	214312		fixture-kotlin-compiler-04	cypher-graph-id-predicate	64	1	fixture-kotlin-compiler-04	1	0	0	1	0	200	1	1	62	1	0
graph-id-in-parameter-wrapped-contains-k02-group-26-dense	graph-id-set	graph-id-in-parameter-wrapped-contains	dense	graph-id-in-parameter-and-wrapped-contains	parameters	properties	200	fixture-kotlin-compiler-04	fixture-kotlin-compiler-04,fixture-kotlin-compiler-05	2	6005c0bb3303f9c6835a728e243c23da436498b9fd73b3be82ee3853503dd674	success	200	96891	db4b9bfadbbb61a039e76484090eda57349ec9585a7c795f46793352fb739e7c	133489		fixture-kotlin-compiler-04	cypher-graph-id-predicate	64	1	fixture-kotlin-compiler-04	1	0	0	1	0	200	1	1	62	1	0
request-selected-set-wrapped-contains-k02-group-26-dense	graph-set-reference	request-selected-set-wrapped-contains	dense	request-graph-set-selection-and-wrapped-contains	request-selected-source	properties	200	fixture-kotlin-compiler-04	fixture-kotlin-compiler-04,fixture-kotlin-compiler-05	2	6005c0bb3303f9c6835a728e243c23da436498b9fd73b3be82ee3853503dd674	success	200	96891	db4b9bfadbbb61a039e76484090eda57349ec9585a7c795f46793352fb739e7c	146966		fixture-kotlin-compiler-04	request-selected-source	2	1	fixture-kotlin-compiler-04	1	0	0	1	0	200	0	0	0	1	0
graph-id-in-literal-wrapped-contains-k02-group-27-zero	graph-id-set	graph-id-in-literal-wrapped-contains	zero	graph-id-in-literal-and-wrapped-contains	graph-routing-set	properties	200	fixture-kotlin-compiler-06	fixture-kotlin-compiler-06,fixture-kotlin-compiler-07	2	2d145c224cad1d0a7643198ce0a477e3ade909c82d95bce66020ba683dccd83a	success	0	147	805c8c7334c868e18e2be84be95b83cc60895722d739c2b164a68be4cd410c49	240591			cypher-graph-id-predicate	64	2	fixture-kotlin-compiler-06,fixture-kotlin-compiler-07	2	0	0	2	0	3	1	1	62	1	0
graph-id-in-parameter-wrapped-contains-k02-group-27-zero	graph-id-set	graph-id-in-parameter-wrapped-contains	zero	graph-id-in-parameter-and-wrapped-contains	parameters	properties	200	fixture-kotlin-compiler-06	fixture-kotlin-compiler-06,fixture-kotlin-compiler-07	2	2d145c224cad1d0a7643198ce0a477e3ade909c82d95bce66020ba683dccd83a	success	0	147	805c8c7334c868e18e2be84be95b83cc60895722d739c2b164a68be4cd410c49	164828			cypher-graph-id-predicate	64	2	fixture-kotlin-compiler-06,fixture-kotlin-compiler-07	2	0	0	2	0	2	1	1	62	1	0
request-selected-set-wrapped-contains-k02-group-27-zero	graph-set-reference	request-selected-set-wrapped-contains	zero	request-graph-set-selection-and-wrapped-contains	request-selected-source	properties	200	fixture-kotlin-compiler-06	fixture-kotlin-compiler-06,fixture-kotlin-compiler-07	2	2d145c224cad1d0a7643198ce0a477e3ade909c82d95bce66020ba683dccd83a	success	0	147	805c8c7334c868e18e2be84be95b83cc60895722d739c2b164a68be4cd410c49	171160			request-selected-source	2	2	fixture-kotlin-compiler-06,fixture-kotlin-compiler-07	2	0	0	2	0	2	0	0	0	1	0
graph-id-in-literal-wrapped-contains-k02-group-27-targeted	graph-id-set	graph-id-in-literal-wrapped-contains	targeted	graph-id-in-literal-and-wrapped-contains	graph-routing-set	properties	200	fixture-kotlin-compiler-06	fixture-kotlin-compiler-06,fixture-kotlin-compiler-07	2	2d145c224cad1d0a7643198ce0a477e3ade909c82d95bce66020ba683dccd83a	success	3	1869	5157205e66d4cebff8b628175c555fdb333564013eabc5f496e37f9a4ad2b606	273112		fixture-kotlin-compiler-06	cypher-graph-id-predicate	64	2	fixture-kotlin-compiler-06,fixture-kotlin-compiler-07	2	0	0	2	0	185	1	1	62	1	0
graph-id-in-parameter-wrapped-contains-k02-group-27-targeted	graph-id-set	graph-id-in-parameter-wrapped-contains	targeted	graph-id-in-parameter-and-wrapped-contains	parameters	properties	200	fixture-kotlin-compiler-06	fixture-kotlin-compiler-06,fixture-kotlin-compiler-07	2	2d145c224cad1d0a7643198ce0a477e3ade909c82d95bce66020ba683dccd83a	success	3	1869	5157205e66d4cebff8b628175c555fdb333564013eabc5f496e37f9a4ad2b606	149750		fixture-kotlin-compiler-06	cypher-graph-id-predicate	64	2	fixture-kotlin-compiler-06,fixture-kotlin-compiler-07	2	0	0	2	0	4	1	1	62	1	0
request-selected-set-wrapped-contains-k02-group-27-targeted	graph-set-reference	request-selected-set-wrapped-contains	targeted	request-graph-set-selection-and-wrapped-contains	request-selected-source	properties	200	fixture-kotlin-compiler-06	fixture-kotlin-compiler-06,fixture-kotlin-compiler-07	2	2d145c224cad1d0a7643198ce0a477e3ade909c82d95bce66020ba683dccd83a	success	3	1869	5157205e66d4cebff8b628175c555fdb333564013eabc5f496e37f9a4ad2b606	121708		fixture-kotlin-compiler-06	request-selected-source	2	2	fixture-kotlin-compiler-06,fixture-kotlin-compiler-07	2	0	0	2	0	4	0	0	0	1	0
graph-id-in-literal-wrapped-contains-k02-group-27-dense	graph-id-set	graph-id-in-literal-wrapped-contains	dense	graph-id-in-literal-and-wrapped-contains	graph-routing-set	properties	200	fixture-kotlin-compiler-06	fixture-kotlin-compiler-06,fixture-kotlin-compiler-07	2	2d145c224cad1d0a7643198ce0a477e3ade909c82d95bce66020ba683dccd83a	success	200	92798	60b390f0b190e46f6fd1b4929641c7324c9142e0f18a85bc338e7b41ebe62db5	230544		fixture-kotlin-compiler-06	cypher-graph-id-predicate	64	1	fixture-kotlin-compiler-06	1	0	0	1	0	200	1	1	62	1	0
graph-id-in-parameter-wrapped-contains-k02-group-27-dense	graph-id-set	graph-id-in-parameter-wrapped-contains	dense	graph-id-in-parameter-and-wrapped-contains	parameters	properties	200	fixture-kotlin-compiler-06	fixture-kotlin-compiler-06,fixture-kotlin-compiler-07	2	2d145c224cad1d0a7643198ce0a477e3ade909c82d95bce66020ba683dccd83a	success	200	92798	60b390f0b190e46f6fd1b4929641c7324c9142e0f18a85bc338e7b41ebe62db5	155071		fixture-kotlin-compiler-06	cypher-graph-id-predicate	64	1	fixture-kotlin-compiler-06	1	0	0	1	0	200	1	1	62	1	0
request-selected-set-wrapped-contains-k02-group-27-dense	graph-set-reference	request-selected-set-wrapped-contains	dense	request-graph-set-selection-and-wrapped-contains	request-selected-source	properties	200	fixture-kotlin-compiler-06	fixture-kotlin-compiler-06,fixture-kotlin-compiler-07	2	2d145c224cad1d0a7643198ce0a477e3ade909c82d95bce66020ba683dccd83a	success	200	92798	60b390f0b190e46f6fd1b4929641c7324c9142e0f18a85bc338e7b41ebe62db5	124222		fixture-kotlin-compiler-06	request-selected-source	2	1	fixture-kotlin-compiler-06	1	0	0	1	0	200	0	0	0	1	0
graph-id-in-literal-wrapped-contains-k02-group-28-zero	graph-id-set	graph-id-in-literal-wrapped-contains	zero	graph-id-in-literal-and-wrapped-contains	graph-routing-set	properties	200	fixture-kotlin-compiler-08	fixture-kotlin-compiler-08,fixture-kotlin-compiler-09	2	bab3820ed800cc5e6b90eb1ad9b3a8d49e3293ed875112e3eea39aaed3805873	success	0	147	805c8c7334c868e18e2be84be95b83cc60895722d739c2b164a68be4cd410c49	1935001			cypher-graph-id-predicate	64	2	fixture-kotlin-compiler-08,fixture-kotlin-compiler-09	2	0	0	2	0	3	1	1	62	1	0
graph-id-in-parameter-wrapped-contains-k02-group-28-zero	graph-id-set	graph-id-in-parameter-wrapped-contains	zero	graph-id-in-parameter-and-wrapped-contains	parameters	properties	200	fixture-kotlin-compiler-08	fixture-kotlin-compiler-08,fixture-kotlin-compiler-09	2	bab3820ed800cc5e6b90eb1ad9b3a8d49e3293ed875112e3eea39aaed3805873	success	0	147	805c8c7334c868e18e2be84be95b83cc60895722d739c2b164a68be4cd410c49	302767			cypher-graph-id-predicate	64	2	fixture-kotlin-compiler-08,fixture-kotlin-compiler-09	2	0	0	2	0	2	1	1	62	1	0
request-selected-set-wrapped-contains-k02-group-28-zero	graph-set-reference	request-selected-set-wrapped-contains	zero	request-graph-set-selection-and-wrapped-contains	request-selected-source	properties	200	fixture-kotlin-compiler-08	fixture-kotlin-compiler-08,fixture-kotlin-compiler-09	2	bab3820ed800cc5e6b90eb1ad9b3a8d49e3293ed875112e3eea39aaed3805873	success	0	147	805c8c7334c868e18e2be84be95b83cc60895722d739c2b164a68be4cd410c49	138098			request-selected-source	2	2	fixture-kotlin-compiler-08,fixture-kotlin-compiler-09	2	0	0	2	0	2	0	0	0	1	0
graph-id-in-literal-wrapped-contains-k02-group-28-targeted	graph-id-set	graph-id-in-literal-wrapped-contains	targeted	graph-id-in-literal-and-wrapped-contains	graph-routing-set	properties	200	fixture-kotlin-compiler-08	fixture-kotlin-compiler-08,fixture-kotlin-compiler-09	2	bab3820ed800cc5e6b90eb1ad9b3a8d49e3293ed875112e3eea39aaed3805873	success	1	802	7ebbe5301915ad5c39692b733c3f39851576d09270c89f830b9e80b342a866f6	843957		fixture-kotlin-compiler-08	cypher-graph-id-predicate	64	2	fixture-kotlin-compiler-08,fixture-kotlin-compiler-09	2	0	0	2	0	319	1	1	62	1	0
graph-id-in-parameter-wrapped-contains-k02-group-28-targeted	graph-id-set	graph-id-in-parameter-wrapped-contains	targeted	graph-id-in-parameter-and-wrapped-contains	parameters	properties	200	fixture-kotlin-compiler-08	fixture-kotlin-compiler-08,fixture-kotlin-compiler-09	2	bab3820ed800cc5e6b90eb1ad9b3a8d49e3293ed875112e3eea39aaed3805873	success	1	802	7ebbe5301915ad5c39692b733c3f39851576d09270c89f830b9e80b342a866f6	161712		fixture-kotlin-compiler-08	cypher-graph-id-predicate	64	2	fixture-kotlin-compiler-08,fixture-kotlin-compiler-09	2	0	0	2	0	2	1	1	62	1	0
request-selected-set-wrapped-contains-k02-group-28-targeted	graph-set-reference	request-selected-set-wrapped-contains	targeted	request-graph-set-selection-and-wrapped-contains	request-selected-source	properties	200	fixture-kotlin-compiler-08	fixture-kotlin-compiler-08,fixture-kotlin-compiler-09	2	bab3820ed800cc5e6b90eb1ad9b3a8d49e3293ed875112e3eea39aaed3805873	success	1	802	7ebbe5301915ad5c39692b733c3f39851576d09270c89f830b9e80b342a866f6	154049		fixture-kotlin-compiler-08	request-selected-source	2	2	fixture-kotlin-compiler-08,fixture-kotlin-compiler-09	2	0	0	2	0	2	0	0	0	1	0
graph-id-in-literal-wrapped-contains-k02-group-28-dense	graph-id-set	graph-id-in-literal-wrapped-contains	dense	graph-id-in-literal-and-wrapped-contains	graph-routing-set	properties	200	fixture-kotlin-compiler-08	fixture-kotlin-compiler-08,fixture-kotlin-compiler-09	2	bab3820ed800cc5e6b90eb1ad9b3a8d49e3293ed875112e3eea39aaed3805873	success	200	93704	b778fc4edfb3c1031b90b2d3d121fd31958733afdc68d3f1cde538a17b738328	414285		fixture-kotlin-compiler-08	cypher-graph-id-predicate	64	1	fixture-kotlin-compiler-08	1	0	0	1	0	200	1	1	62	1	0
graph-id-in-parameter-wrapped-contains-k02-group-28-dense	graph-id-set	graph-id-in-parameter-wrapped-contains	dense	graph-id-in-parameter-and-wrapped-contains	parameters	properties	200	fixture-kotlin-compiler-08	fixture-kotlin-compiler-08,fixture-kotlin-compiler-09	2	bab3820ed800cc5e6b90eb1ad9b3a8d49e3293ed875112e3eea39aaed3805873	success	200	93704	b778fc4edfb3c1031b90b2d3d121fd31958733afdc68d3f1cde538a17b738328	174937		fixture-kotlin-compiler-08	cypher-graph-id-predicate	64	1	fixture-kotlin-compiler-08	1	0	0	1	0	200	1	1	62	1	0
request-selected-set-wrapped-contains-k02-group-28-dense	graph-set-reference	request-selected-set-wrapped-contains	dense	request-graph-set-selection-and-wrapped-contains	request-selected-source	properties	200	fixture-kotlin-compiler-08	fixture-kotlin-compiler-08,fixture-kotlin-compiler-09	2	bab3820ed800cc5e6b90eb1ad9b3a8d49e3293ed875112e3eea39aaed3805873	success	200	93704	b778fc4edfb3c1031b90b2d3d121fd31958733afdc68d3f1cde538a17b738328	235551		fixture-kotlin-compiler-08	request-selected-source	2	1	fixture-kotlin-compiler-08	1	0	0	1	0	200	0	0	0	1	0
graph-id-in-literal-wrapped-contains-k02-group-29-zero	graph-id-set	graph-id-in-literal-wrapped-contains	zero	graph-id-in-literal-and-wrapped-contains	graph-routing-set	properties	200	fixture-kotlin-compiler-10	fixture-kotlin-compiler-10,fixture-kotlin-compiler-11	2	20341b7b9938ddb55fbb28df934295ce73aa657110196eceeb02f06a2d7ad4f1	success	0	147	805c8c7334c868e18e2be84be95b83cc60895722d739c2b164a68be4cd410c49	240670			cypher-graph-id-predicate	64	2	fixture-kotlin-compiler-10,fixture-kotlin-compiler-11	2	0	0	2	0	3	1	1	62	1	0
graph-id-in-parameter-wrapped-contains-k02-group-29-zero	graph-id-set	graph-id-in-parameter-wrapped-contains	zero	graph-id-in-parameter-and-wrapped-contains	parameters	properties	200	fixture-kotlin-compiler-10	fixture-kotlin-compiler-10,fixture-kotlin-compiler-11	2	20341b7b9938ddb55fbb28df934295ce73aa657110196eceeb02f06a2d7ad4f1	success	0	147	805c8c7334c868e18e2be84be95b83cc60895722d739c2b164a68be4cd410c49	152636			cypher-graph-id-predicate	64	2	fixture-kotlin-compiler-10,fixture-kotlin-compiler-11	2	0	0	2	0	2	1	1	62	1	0
request-selected-set-wrapped-contains-k02-group-29-zero	graph-set-reference	request-selected-set-wrapped-contains	zero	request-graph-set-selection-and-wrapped-contains	request-selected-source	properties	200	fixture-kotlin-compiler-10	fixture-kotlin-compiler-10,fixture-kotlin-compiler-11	2	20341b7b9938ddb55fbb28df934295ce73aa657110196eceeb02f06a2d7ad4f1	success	0	147	805c8c7334c868e18e2be84be95b83cc60895722d739c2b164a68be4cd410c49	122128			request-selected-source	2	2	fixture-kotlin-compiler-10,fixture-kotlin-compiler-11	2	0	0	2	0	2	0	0	0	1	0
graph-id-in-literal-wrapped-contains-k02-group-29-targeted	graph-id-set	graph-id-in-literal-wrapped-contains	targeted	graph-id-in-literal-and-wrapped-contains	graph-routing-set	properties	200	fixture-kotlin-compiler-10	fixture-kotlin-compiler-10,fixture-kotlin-compiler-11	2	20341b7b9938ddb55fbb28df934295ce73aa657110196eceeb02f06a2d7ad4f1	success	12	7029	1df616dc12f8aa99df8ef1921ad6c878afdd2d37362d488527ffbb7ddbe7f6e3	396913		fixture-kotlin-compiler-10	cypher-graph-id-predicate	64	2	fixture-kotlin-compiler-10,fixture-kotlin-compiler-11	2	0	0	2	0	218	1	1	62	1	0
graph-id-in-parameter-wrapped-contains-k02-group-29-targeted	graph-id-set	graph-id-in-parameter-wrapped-contains	targeted	graph-id-in-parameter-and-wrapped-contains	parameters	properties	200	fixture-kotlin-compiler-10	fixture-kotlin-compiler-10,fixture-kotlin-compiler-11	2	20341b7b9938ddb55fbb28df934295ce73aa657110196eceeb02f06a2d7ad4f1	success	12	7029	1df616dc12f8aa99df8ef1921ad6c878afdd2d37362d488527ffbb7ddbe7f6e3	184715		fixture-kotlin-compiler-10	cypher-graph-id-predicate	64	2	fixture-kotlin-compiler-10,fixture-kotlin-compiler-11	2	0	0	2	0	13	1	1	62	1	0
request-selected-set-wrapped-contains-k02-group-29-targeted	graph-set-reference	request-selected-set-wrapped-contains	targeted	request-graph-set-selection-and-wrapped-contains	request-selected-source	properties	200	fixture-kotlin-compiler-10	fixture-kotlin-compiler-10,fixture-kotlin-compiler-11	2	20341b7b9938ddb55fbb28df934295ce73aa657110196eceeb02f06a2d7ad4f1	success	12	7029	1df616dc12f8aa99df8ef1921ad6c878afdd2d37362d488527ffbb7ddbe7f6e3	136876		fixture-kotlin-compiler-10	request-selected-source	2	2	fixture-kotlin-compiler-10,fixture-kotlin-compiler-11	2	0	0	2	0	13	0	0	0	1	0
graph-id-in-literal-wrapped-contains-k02-group-29-dense	graph-id-set	graph-id-in-literal-wrapped-contains	dense	graph-id-in-literal-and-wrapped-contains	graph-routing-set	properties	200	fixture-kotlin-compiler-10	fixture-kotlin-compiler-10,fixture-kotlin-compiler-11	2	20341b7b9938ddb55fbb28df934295ce73aa657110196eceeb02f06a2d7ad4f1	success	200	94948	3f3fd3df372307937afdfd0915ce035266497833c5712760faf456eece659c97	244206		fixture-kotlin-compiler-10	cypher-graph-id-predicate	64	1	fixture-kotlin-compiler-10	1	0	0	1	0	200	1	1	62	1	0
graph-id-in-parameter-wrapped-contains-k02-group-29-dense	graph-id-set	graph-id-in-parameter-wrapped-contains	dense	graph-id-in-parameter-and-wrapped-contains	parameters	properties	200	fixture-kotlin-compiler-10	fixture-kotlin-compiler-10,fixture-kotlin-compiler-11	2	20341b7b9938ddb55fbb28df934295ce73aa657110196eceeb02f06a2d7ad4f1	success	200	94948	3f3fd3df372307937afdfd0915ce035266497833c5712760faf456eece659c97	161632		fixture-kotlin-compiler-10	cypher-graph-id-predicate	64	1	fixture-kotlin-compiler-10	1	0	0	1	0	200	1	1	62	1	0
request-selected-set-wrapped-contains-k02-group-29-dense	graph-set-reference	request-selected-set-wrapped-contains	dense	request-graph-set-selection-and-wrapped-contains	request-selected-source	properties	200	fixture-kotlin-compiler-10	fixture-kotlin-compiler-10,fixture-kotlin-compiler-11	2	20341b7b9938ddb55fbb28df934295ce73aa657110196eceeb02f06a2d7ad4f1	success	200	94948	3f3fd3df372307937afdfd0915ce035266497833c5712760faf456eece659c97	140643		fixture-kotlin-compiler-10	request-selected-source	2	1	fixture-kotlin-compiler-10	1	0	0	1	0	200	0	0	0	1	0
graph-id-in-literal-wrapped-contains-k02-group-30-zero	graph-id-set	graph-id-in-literal-wrapped-contains	zero	graph-id-in-literal-and-wrapped-contains	graph-routing-set	properties	200	fixture-kotlin-compiler-12	fixture-kotlin-compiler-12,fixture-kotlin-compiler-13	2	b389935714dfde3a641840786b7e9d99d650f759bbcbd2d6d3c9cb7de6772b8e	success	0	147	805c8c7334c868e18e2be84be95b83cc60895722d739c2b164a68be4cd410c49	218599			cypher-graph-id-predicate	64	2	fixture-kotlin-compiler-12,fixture-kotlin-compiler-13	2	0	0	2	0	3	1	1	62	1	0
graph-id-in-parameter-wrapped-contains-k02-group-30-zero	graph-id-set	graph-id-in-parameter-wrapped-contains	zero	graph-id-in-parameter-and-wrapped-contains	parameters	properties	200	fixture-kotlin-compiler-12	fixture-kotlin-compiler-12,fixture-kotlin-compiler-13	2	b389935714dfde3a641840786b7e9d99d650f759bbcbd2d6d3c9cb7de6772b8e	success	0	147	805c8c7334c868e18e2be84be95b83cc60895722d739c2b164a68be4cd410c49	140794			cypher-graph-id-predicate	64	2	fixture-kotlin-compiler-12,fixture-kotlin-compiler-13	2	0	0	2	0	2	1	1	62	1	0
request-selected-set-wrapped-contains-k02-group-30-zero	graph-set-reference	request-selected-set-wrapped-contains	zero	request-graph-set-selection-and-wrapped-contains	request-selected-source	properties	200	fixture-kotlin-compiler-12	fixture-kotlin-compiler-12,fixture-kotlin-compiler-13	2	b389935714dfde3a641840786b7e9d99d650f759bbcbd2d6d3c9cb7de6772b8e	success	0	147	805c8c7334c868e18e2be84be95b83cc60895722d739c2b164a68be4cd410c49	120335			request-selected-source	2	2	fixture-kotlin-compiler-12,fixture-kotlin-compiler-13	2	0	0	2	0	2	0	0	0	1	0
graph-id-in-literal-wrapped-contains-k02-group-30-targeted	graph-id-set	graph-id-in-literal-wrapped-contains	targeted	graph-id-in-literal-and-wrapped-contains	graph-routing-set	properties	200	fixture-kotlin-compiler-12	fixture-kotlin-compiler-12,fixture-kotlin-compiler-13	2	b389935714dfde3a641840786b7e9d99d650f759bbcbd2d6d3c9cb7de6772b8e	success	13	7599	88379c6b80e2b23974c6b6a1e2c6fc3f3680ec705c71b7cecbc9a2228bf7fa26	661639		fixture-kotlin-compiler-12	cypher-graph-id-predicate	64	2	fixture-kotlin-compiler-12,fixture-kotlin-compiler-13	2	0	0	2	0	305	1	1	62	1	0
graph-id-in-parameter-wrapped-contains-k02-group-30-targeted	graph-id-set	graph-id-in-parameter-wrapped-contains	targeted	graph-id-in-parameter-and-wrapped-contains	parameters	properties	200	fixture-kotlin-compiler-12	fixture-kotlin-compiler-12,fixture-kotlin-compiler-13	2	b389935714dfde3a641840786b7e9d99d650f759bbcbd2d6d3c9cb7de6772b8e	success	13	7599	88379c6b80e2b23974c6b6a1e2c6fc3f3680ec705c71b7cecbc9a2228bf7fa26	207990		fixture-kotlin-compiler-12	cypher-graph-id-predicate	64	2	fixture-kotlin-compiler-12,fixture-kotlin-compiler-13	2	0	0	2	0	14	1	1	62	1	0
request-selected-set-wrapped-contains-k02-group-30-targeted	graph-set-reference	request-selected-set-wrapped-contains	targeted	request-graph-set-selection-and-wrapped-contains	request-selected-source	properties	200	fixture-kotlin-compiler-12	fixture-kotlin-compiler-12,fixture-kotlin-compiler-13	2	b389935714dfde3a641840786b7e9d99d650f759bbcbd2d6d3c9cb7de6772b8e	success	13	7599	88379c6b80e2b23974c6b6a1e2c6fc3f3680ec705c71b7cecbc9a2228bf7fa26	190837		fixture-kotlin-compiler-12	request-selected-source	2	2	fixture-kotlin-compiler-12,fixture-kotlin-compiler-13	2	0	0	2	0	14	0	0	0	1	0
graph-id-in-literal-wrapped-contains-k02-group-30-dense	graph-id-set	graph-id-in-literal-wrapped-contains	dense	graph-id-in-literal-and-wrapped-contains	graph-routing-set	properties	200	fixture-kotlin-compiler-12	fixture-kotlin-compiler-12,fixture-kotlin-compiler-13	2	b389935714dfde3a641840786b7e9d99d650f759bbcbd2d6d3c9cb7de6772b8e	success	200	94040	5d662b90e716477fff887768402c85462026d6042e22f1d7fafdb565b9f9efc8	248676		fixture-kotlin-compiler-12	cypher-graph-id-predicate	64	1	fixture-kotlin-compiler-12	1	0	0	1	0	200	1	1	62	1	0
graph-id-in-parameter-wrapped-contains-k02-group-30-dense	graph-id-set	graph-id-in-parameter-wrapped-contains	dense	graph-id-in-parameter-and-wrapped-contains	parameters	properties	200	fixture-kotlin-compiler-12	fixture-kotlin-compiler-12,fixture-kotlin-compiler-13	2	b389935714dfde3a641840786b7e9d99d650f759bbcbd2d6d3c9cb7de6772b8e	success	200	94040	5d662b90e716477fff887768402c85462026d6042e22f1d7fafdb565b9f9efc8	172734		fixture-kotlin-compiler-12	cypher-graph-id-predicate	64	1	fixture-kotlin-compiler-12	1	0	0	1	0	200	1	1	62	1	0
request-selected-set-wrapped-contains-k02-group-30-dense	graph-set-reference	request-selected-set-wrapped-contains	dense	request-graph-set-selection-and-wrapped-contains	request-selected-source	properties	200	fixture-kotlin-compiler-12	fixture-kotlin-compiler-12,fixture-kotlin-compiler-13	2	b389935714dfde3a641840786b7e9d99d650f759bbcbd2d6d3c9cb7de6772b8e	success	200	94040	5d662b90e716477fff887768402c85462026d6042e22f1d7fafdb565b9f9efc8	110717		fixture-kotlin-compiler-12	request-selected-source	2	1	fixture-kotlin-compiler-12	1	0	0	1	0	200	0	0	0	1	0
graph-id-in-literal-wrapped-contains-k02-group-31-zero	graph-id-set	graph-id-in-literal-wrapped-contains	zero	graph-id-in-literal-and-wrapped-contains	graph-routing-set	properties	200	fixture-kotlin-compiler-14	fixture-kotlin-compiler-14,fixture-kotlin-compiler-15	2	a6b35e4854d4df9691d25961b5ef3b872fce047e43f6d0e6b70ecd7de191d4de	success	0	147	805c8c7334c868e18e2be84be95b83cc60895722d739c2b164a68be4cd410c49	225161			cypher-graph-id-predicate	64	2	fixture-kotlin-compiler-14,fixture-kotlin-compiler-15	2	0	0	2	0	3	1	1	62	1	0
graph-id-in-parameter-wrapped-contains-k02-group-31-zero	graph-id-set	graph-id-in-parameter-wrapped-contains	zero	graph-id-in-parameter-and-wrapped-contains	parameters	properties	200	fixture-kotlin-compiler-14	fixture-kotlin-compiler-14,fixture-kotlin-compiler-15	2	a6b35e4854d4df9691d25961b5ef3b872fce047e43f6d0e6b70ecd7de191d4de	success	0	147	805c8c7334c868e18e2be84be95b83cc60895722d739c2b164a68be4cd410c49	113092			cypher-graph-id-predicate	64	2	fixture-kotlin-compiler-14,fixture-kotlin-compiler-15	2	0	0	2	0	2	1	1	62	1	0
request-selected-set-wrapped-contains-k02-group-31-zero	graph-set-reference	request-selected-set-wrapped-contains	zero	request-graph-set-selection-and-wrapped-contains	request-selected-source	properties	200	fixture-kotlin-compiler-14	fixture-kotlin-compiler-14,fixture-kotlin-compiler-15	2	a6b35e4854d4df9691d25961b5ef3b872fce047e43f6d0e6b70ecd7de191d4de	success	0	147	805c8c7334c868e18e2be84be95b83cc60895722d739c2b164a68be4cd410c49	105858			request-selected-source	2	2	fixture-kotlin-compiler-14,fixture-kotlin-compiler-15	2	0	0	2	0	2	0	0	0	1	0
graph-id-in-literal-wrapped-contains-k02-group-31-targeted	graph-id-set	graph-id-in-literal-wrapped-contains	targeted	graph-id-in-literal-and-wrapped-contains	graph-routing-set	properties	200	fixture-kotlin-compiler-14	fixture-kotlin-compiler-14,fixture-kotlin-compiler-15	2	a6b35e4854d4df9691d25961b5ef3b872fce047e43f6d0e6b70ecd7de191d4de	success	1	877	f04b3035acb1285487cb68f126c796fd316b35c6ce630f1e71efd88436bf28f2	318697		fixture-kotlin-compiler-14	cypher-graph-id-predicate	64	2	fixture-kotlin-compiler-14,fixture-kotlin-compiler-15	2	0	0	2	0	223	1	1	62	1	0
graph-id-in-parameter-wrapped-contains-k02-group-31-targeted	graph-id-set	graph-id-in-parameter-wrapped-contains	targeted	graph-id-in-parameter-and-wrapped-contains	parameters	properties	200	fixture-kotlin-compiler-14	fixture-kotlin-compiler-14,fixture-kotlin-compiler-15	2	a6b35e4854d4df9691d25961b5ef3b872fce047e43f6d0e6b70ecd7de191d4de	success	1	877	f04b3035acb1285487cb68f126c796fd316b35c6ce630f1e71efd88436bf28f2	136675		fixture-kotlin-compiler-14	cypher-graph-id-predicate	64	2	fixture-kotlin-compiler-14,fixture-kotlin-compiler-15	2	0	0	2	0	2	1	1	62	1	0
request-selected-set-wrapped-contains-k02-group-31-targeted	graph-set-reference	request-selected-set-wrapped-contains	targeted	request-graph-set-selection-and-wrapped-contains	request-selected-source	properties	200	fixture-kotlin-compiler-14	fixture-kotlin-compiler-14,fixture-kotlin-compiler-15	2	a6b35e4854d4df9691d25961b5ef3b872fce047e43f6d0e6b70ecd7de191d4de	success	1	877	f04b3035acb1285487cb68f126c796fd316b35c6ce630f1e71efd88436bf28f2	97894		fixture-kotlin-compiler-14	request-selected-source	2	2	fixture-kotlin-compiler-14,fixture-kotlin-compiler-15	2	0	0	2	0	2	0	0	0	1	0
graph-id-in-literal-wrapped-contains-k02-group-31-dense	graph-id-set	graph-id-in-literal-wrapped-contains	dense	graph-id-in-literal-and-wrapped-contains	graph-routing-set	properties	200	fixture-kotlin-compiler-14	fixture-kotlin-compiler-14,fixture-kotlin-compiler-15	2	a6b35e4854d4df9691d25961b5ef3b872fce047e43f6d0e6b70ecd7de191d4de	success	200	97449	f19574ac46a01dafc16136d9e8c4835b8d40c72753078eb8a67a1d7d438dd937	213219		fixture-kotlin-compiler-14	cypher-graph-id-predicate	64	1	fixture-kotlin-compiler-14	1	0	0	1	0	200	1	1	62	1	0
graph-id-in-parameter-wrapped-contains-k02-group-31-dense	graph-id-set	graph-id-in-parameter-wrapped-contains	dense	graph-id-in-parameter-and-wrapped-contains	parameters	properties	200	fixture-kotlin-compiler-14	fixture-kotlin-compiler-14,fixture-kotlin-compiler-15	2	a6b35e4854d4df9691d25961b5ef3b872fce047e43f6d0e6b70ecd7de191d4de	success	200	97449	f19574ac46a01dafc16136d9e8c4835b8d40c72753078eb8a67a1d7d438dd937	120425		fixture-kotlin-compiler-14	cypher-graph-id-predicate	64	1	fixture-kotlin-compiler-14	1	0	0	1	0	200	1	1	62	1	0
request-selected-set-wrapped-contains-k02-group-31-dense	graph-set-reference	request-selected-set-wrapped-contains	dense	request-graph-set-selection-and-wrapped-contains	request-selected-source	properties	200	fixture-kotlin-compiler-14	fixture-kotlin-compiler-14,fixture-kotlin-compiler-15	2	a6b35e4854d4df9691d25961b5ef3b872fce047e43f6d0e6b70ecd7de191d4de	success	200	97449	f19574ac46a01dafc16136d9e8c4835b8d40c72753078eb8a67a1d7d438dd937	121788		fixture-kotlin-compiler-14	request-selected-source	2	1	fixture-kotlin-compiler-14	1	0	0	1	0	200	0	0	0	1	0
graph-id-in-literal-wrapped-contains-k08-group-00-zero	graph-id-set	graph-id-in-literal-wrapped-contains	zero	graph-id-in-literal-and-wrapped-contains	graph-routing-set	properties	200	fixture-android-00	fixture-android-00,fixture-android-01,fixture-android-02,fixture-android-03,fixture-android-04,fixture-android-05,fixture-android-06,fixture-android-07	8	dbb4c7670cb50175e1ed9aecd02894c9b46357a21973cc2bfb55c04754222a47	success	0	147	805c8c7334c868e18e2be84be95b83cc60895722d739c2b164a68be4cd410c49	147005			cypher-graph-id-predicate	64	8	fixture-android-00,fixture-android-01,fixture-android-02,fixture-android-03,fixture-android-04,fixture-android-05,fixture-android-06,fixture-android-07	8	0	0	8	0	8	1	1	56	1	0
graph-id-in-parameter-wrapped-contains-k08-group-00-zero	graph-id-set	graph-id-in-parameter-wrapped-contains	zero	graph-id-in-parameter-and-wrapped-contains	parameters	properties	200	fixture-android-00	fixture-android-00,fixture-android-01,fixture-android-02,fixture-android-03,fixture-android-04,fixture-android-05,fixture-android-06,fixture-android-07	8	dbb4c7670cb50175e1ed9aecd02894c9b46357a21973cc2bfb55c04754222a47	success	0	147	805c8c7334c868e18e2be84be95b83cc60895722d739c2b164a68be4cd410c49	128521			cypher-graph-id-predicate	64	8	fixture-android-00,fixture-android-01,fixture-android-02,fixture-android-03,fixture-android-04,fixture-android-05,fixture-android-06,fixture-android-07	8	0	0	8	0	8	1	1	56	1	0
request-selected-set-wrapped-contains-k08-group-00-zero	graph-set-reference	request-selected-set-wrapped-contains	zero	request-graph-set-selection-and-wrapped-contains	request-selected-source	properties	200	fixture-android-00	fixture-android-00,fixture-android-01,fixture-android-02,fixture-android-03,fixture-android-04,fixture-android-05,fixture-android-06,fixture-android-07	8	dbb4c7670cb50175e1ed9aecd02894c9b46357a21973cc2bfb55c04754222a47	success	0	147	805c8c7334c868e18e2be84be95b83cc60895722d739c2b164a68be4cd410c49	132117			request-selected-source	8	8	fixture-android-00,fixture-android-01,fixture-android-02,fixture-android-03,fixture-android-04,fixture-android-05,fixture-android-06,fixture-android-07	8	0	0	8	0	8	0	0	0	1	0
graph-id-in-literal-wrapped-contains-k08-group-00-targeted	graph-id-set	graph-id-in-literal-wrapped-contains	targeted	graph-id-in-literal-and-wrapped-contains	graph-routing-set	properties	200	fixture-android-00	fixture-android-00,fixture-android-01,fixture-android-02,fixture-android-03,fixture-android-04,fixture-android-05,fixture-android-06,fixture-android-07	8	dbb4c7670cb50175e1ed9aecd02894c9b46357a21973cc2bfb55c04754222a47	success	10	5730	00c81103244dc6d42abdc3894d771e5a24957dcf7e5ad4d8dc686b1d7e0cb89e	937014		fixture-android-00	cypher-graph-id-predicate	64	8	fixture-android-00,fixture-android-01,fixture-android-02,fixture-android-03,fixture-android-04,fixture-android-05,fixture-android-06,fixture-android-07	8	0	0	8	0	1069	1	1	56	1	0
graph-id-in-parameter-wrapped-contains-k08-group-00-targeted	graph-id-set	graph-id-in-parameter-wrapped-contains	targeted	graph-id-in-parameter-and-wrapped-contains	parameters	properties	200	fixture-android-00	fixture-android-00,fixture-android-01,fixture-android-02,fixture-android-03,fixture-android-04,fixture-android-05,fixture-android-06,fixture-android-07	8	dbb4c7670cb50175e1ed9aecd02894c9b46357a21973cc2bfb55c04754222a47	success	10	5730	00c81103244dc6d42abdc3894d771e5a24957dcf7e5ad4d8dc686b1d7e0cb89e	197610		fixture-android-00	cypher-graph-id-predicate	64	8	fixture-android-00,fixture-android-01,fixture-android-02,fixture-android-03,fixture-android-04,fixture-android-05,fixture-android-06,fixture-android-07	8	0	0	8	0	17	1	1	56	1	0
request-selected-set-wrapped-contains-k08-group-00-targeted	graph-set-reference	request-selected-set-wrapped-contains	targeted	request-graph-set-selection-and-wrapped-contains	request-selected-source	properties	200	fixture-android-00	fixture-android-00,fixture-android-01,fixture-android-02,fixture-android-03,fixture-android-04,fixture-android-05,fixture-android-06,fixture-android-07	8	dbb4c7670cb50175e1ed9aecd02894c9b46357a21973cc2bfb55c04754222a47	success	10	5730	00c81103244dc6d42abdc3894d771e5a24957dcf7e5ad4d8dc686b1d7e0cb89e	167886		fixture-android-00	request-selected-source	8	8	fixture-android-00,fixture-android-01,fixture-android-02,fixture-android-03,fixture-android-04,fixture-android-05,fixture-android-06,fixture-android-07	8	0	0	8	0	17	0	0	0	1	0
graph-id-in-literal-wrapped-contains-k08-group-00-dense	graph-id-set	graph-id-in-literal-wrapped-contains	dense	graph-id-in-literal-and-wrapped-contains	graph-routing-set	properties	200	fixture-android-00	fixture-android-00,fixture-android-01,fixture-android-02,fixture-android-03,fixture-android-04,fixture-android-05,fixture-android-06,fixture-android-07	8	dbb4c7670cb50175e1ed9aecd02894c9b46357a21973cc2bfb55c04754222a47	success	200	84411	3bdee68309e62bee93f47848258ded90b1763d55841fa57d8b8fd21867653c44	192139		fixture-android-00	cypher-graph-id-predicate	64	1	fixture-android-00	1	0	0	1	0	200	1	1	56	1	0
graph-id-in-parameter-wrapped-contains-k08-group-00-dense	graph-id-set	graph-id-in-parameter-wrapped-contains	dense	graph-id-in-parameter-and-wrapped-contains	parameters	properties	200	fixture-android-00	fixture-android-00,fixture-android-01,fixture-android-02,fixture-android-03,fixture-android-04,fixture-android-05,fixture-android-06,fixture-android-07	8	dbb4c7670cb50175e1ed9aecd02894c9b46357a21973cc2bfb55c04754222a47	success	200	84411	3bdee68309e62bee93f47848258ded90b1763d55841fa57d8b8fd21867653c44	126877		fixture-android-00	cypher-graph-id-predicate	64	1	fixture-android-00	1	0	0	1	0	200	1	1	56	1	0
request-selected-set-wrapped-contains-k08-group-00-dense	graph-set-reference	request-selected-set-wrapped-contains	dense	request-graph-set-selection-and-wrapped-contains	request-selected-source	properties	200	fixture-android-00	fixture-android-00,fixture-android-01,fixture-android-02,fixture-android-03,fixture-android-04,fixture-android-05,fixture-android-06,fixture-android-07	8	dbb4c7670cb50175e1ed9aecd02894c9b46357a21973cc2bfb55c04754222a47	success	200	84411	3bdee68309e62bee93f47848258ded90b1763d55841fa57d8b8fd21867653c44	134312		fixture-android-00	request-selected-source	8	1	fixture-android-00	1	0	0	1	0	200	0	0	0	1	0
graph-id-in-literal-wrapped-contains-k08-group-01-zero	graph-id-set	graph-id-in-literal-wrapped-contains	zero	graph-id-in-literal-and-wrapped-contains	graph-routing-set	properties	200	fixture-android-08	fixture-android-08,fixture-android-09,fixture-android-10,fixture-android-11,fixture-android-12,fixture-android-13,fixture-android-14,fixture-android-15	8	4e8edbc5e09d25d8440c7dafb09ee365bd5069d78d874ddbf91e893197558fb0	success	0	147	805c8c7334c868e18e2be84be95b83cc60895722d739c2b164a68be4cd410c49	364912			cypher-graph-id-predicate	64	8	fixture-android-08,fixture-android-09,fixture-android-10,fixture-android-11,fixture-android-12,fixture-android-13,fixture-android-14,fixture-android-15	8	0	0	8	0	46	1	1	56	1	0
graph-id-in-parameter-wrapped-contains-k08-group-01-zero	graph-id-set	graph-id-in-parameter-wrapped-contains	zero	graph-id-in-parameter-and-wrapped-contains	parameters	properties	200	fixture-android-08	fixture-android-08,fixture-android-09,fixture-android-10,fixture-android-11,fixture-android-12,fixture-android-13,fixture-android-14,fixture-android-15	8	4e8edbc5e09d25d8440c7dafb09ee365bd5069d78d874ddbf91e893197558fb0	success	0	147	805c8c7334c868e18e2be84be95b83cc60895722d739c2b164a68be4cd410c49	123682			cypher-graph-id-predicate	64	8	fixture-android-08,fixture-android-09,fixture-android-10,fixture-android-11,fixture-android-12,fixture-android-13,fixture-android-14,fixture-android-15	8	0	0	8	0	8	1	1	56	1	0
request-selected-set-wrapped-contains-k08-group-01-zero	graph-set-reference	request-selected-set-wrapped-contains	zero	request-graph-set-selection-and-wrapped-contains	request-selected-source	properties	200	fixture-android-08	fixture-android-08,fixture-android-09,fixture-android-10,fixture-android-11,fixture-android-12,fixture-android-13,fixture-android-14,fixture-android-15	8	4e8edbc5e09d25d8440c7dafb09ee365bd5069d78d874ddbf91e893197558fb0	success	0	147	805c8c7334c868e18e2be84be95b83cc60895722d739c2b164a68be4cd410c49	131225			request-selected-source	8	8	fixture-android-08,fixture-android-09,fixture-android-10,fixture-android-11,fixture-android-12,fixture-android-13,fixture-android-14,fixture-android-15	8	0	0	8	0	8	0	0	0	1	0
graph-id-in-literal-wrapped-contains-k08-group-01-targeted	graph-id-set	graph-id-in-literal-wrapped-contains	targeted	graph-id-in-literal-and-wrapped-contains	graph-routing-set	properties	200	fixture-android-08	fixture-android-08,fixture-android-09,fixture-android-10,fixture-android-11,fixture-android-12,fixture-android-13,fixture-android-14,fixture-android-15	8	4e8edbc5e09d25d8440c7dafb09ee365bd5069d78d874ddbf91e893197558fb0	success	2	1322	4b49b28d836e57c2c3f8d43a93acd00a93b169fcd603338f9ab350f541e9665c	1365633		fixture-android-08	cypher-graph-id-predicate	64	8	fixture-android-08,fixture-android-09,fixture-android-10,fixture-android-11,fixture-android-12,fixture-android-13,fixture-android-14,fixture-android-15	8	0	0	8	0	1112	1	1	56	1	0
graph-id-in-parameter-wrapped-contains-k08-group-01-targeted	graph-id-set	graph-id-in-parameter-wrapped-contains	targeted	graph-id-in-parameter-and-wrapped-contains	parameters	properties	200	fixture-android-08	fixture-android-08,fixture-android-09,fixture-android-10,fixture-android-11,fixture-android-12,fixture-android-13,fixture-android-14,fixture-android-15	8	4e8edbc5e09d25d8440c7dafb09ee365bd5069d78d874ddbf91e893197558fb0	success	2	1322	4b49b28d836e57c2c3f8d43a93acd00a93b169fcd603338f9ab350f541e9665c	132558		fixture-android-08	cypher-graph-id-predicate	64	8	fixture-android-08,fixture-android-09,fixture-android-10,fixture-android-11,fixture-android-12,fixture-android-13,fixture-android-14,fixture-android-15	8	0	0	8	0	9	1	1	56	1	0
request-selected-set-wrapped-contains-k08-group-01-targeted	graph-set-reference	request-selected-set-wrapped-contains	targeted	request-graph-set-selection-and-wrapped-contains	request-selected-source	properties	200	fixture-android-08	fixture-android-08,fixture-android-09,fixture-android-10,fixture-android-11,fixture-android-12,fixture-android-13,fixture-android-14,fixture-android-15	8	4e8edbc5e09d25d8440c7dafb09ee365bd5069d78d874ddbf91e893197558fb0	success	2	1322	4b49b28d836e57c2c3f8d43a93acd00a93b169fcd603338f9ab350f541e9665c	167056		fixture-android-08	request-selected-source	8	8	fixture-android-08,fixture-android-09,fixture-android-10,fixture-android-11,fixture-android-12,fixture-android-13,fixture-android-14,fixture-android-15	8	0	0	8	0	9	0	0	0	1	0
graph-id-in-literal-wrapped-contains-k08-group-01-dense	graph-id-set	graph-id-in-literal-wrapped-contains	dense	graph-id-in-literal-and-wrapped-contains	graph-routing-set	properties	200	fixture-android-08	fixture-android-08,fixture-android-09,fixture-android-10,fixture-android-11,fixture-android-12,fixture-android-13,fixture-android-14,fixture-android-15	8	4e8edbc5e09d25d8440c7dafb09ee365bd5069d78d874ddbf91e893197558fb0	success	200	85531	ed34441ff634f19c276911a1fa193106a9070fde1065b57fc7ec71132b8d5f66	290163		fixture-android-08	cypher-graph-id-predicate	64	1	fixture-android-08	1	0	0	1	0	200	1	1	56	1	0
graph-id-in-parameter-wrapped-contains-k08-group-01-dense	graph-id-set	graph-id-in-parameter-wrapped-contains	dense	graph-id-in-parameter-and-wrapped-contains	parameters	properties	200	fixture-android-08	fixture-android-08,fixture-android-09,fixture-android-10,fixture-android-11,fixture-android-12,fixture-android-13,fixture-android-14,fixture-android-15	8	4e8edbc5e09d25d8440c7dafb09ee365bd5069d78d874ddbf91e893197558fb0	success	200	85531	ed34441ff634f19c276911a1fa193106a9070fde1065b57fc7ec71132b8d5f66	150212		fixture-android-08	cypher-graph-id-predicate	64	1	fixture-android-08	1	0	0	1	0	200	1	1	56	1	0
request-selected-set-wrapped-contains-k08-group-01-dense	graph-set-reference	request-selected-set-wrapped-contains	dense	request-graph-set-selection-and-wrapped-contains	request-selected-source	properties	200	fixture-android-08	fixture-android-08,fixture-android-09,fixture-android-10,fixture-android-11,fixture-android-12,fixture-android-13,fixture-android-14,fixture-android-15	8	4e8edbc5e09d25d8440c7dafb09ee365bd5069d78d874ddbf91e893197558fb0	success	200	85531	ed34441ff634f19c276911a1fa193106a9070fde1065b57fc7ec71132b8d5f66	145864		fixture-android-08	request-selected-source	8	1	fixture-android-08	1	0	0	1	0	200	0	0	0	1	0
graph-id-in-literal-wrapped-contains-k08-group-02-zero	graph-id-set	graph-id-in-literal-wrapped-contains	zero	graph-id-in-literal-and-wrapped-contains	graph-routing-set	properties	200	fixture-tika-00	fixture-tika-00,fixture-tika-01,fixture-tika-02,fixture-tika-03,fixture-tika-04,fixture-tika-05,fixture-tika-06,fixture-tika-07	8	b6d4d08b650d299fbabdb34c9023e4fcf2b9df516edbf304a8f77ace3ec43d22	success	0	147	805c8c7334c868e18e2be84be95b83cc60895722d739c2b164a68be4cd410c49	398566			cypher-graph-id-predicate	64	8	fixture-tika-00,fixture-tika-01,fixture-tika-02,fixture-tika-03,fixture-tika-04,fixture-tika-05,fixture-tika-06,fixture-tika-07	8	0	0	8	0	14	1	1	56	1	0
graph-id-in-parameter-wrapped-contains-k08-group-02-zero	graph-id-set	graph-id-in-parameter-wrapped-contains	zero	graph-id-in-parameter-and-wrapped-contains	parameters	properties	200	fixture-tika-00	fixture-tika-00,fixture-tika-01,fixture-tika-02,fixture-tika-03,fixture-tika-04,fixture-tika-05,fixture-tika-06,fixture-tika-07	8	b6d4d08b650d299fbabdb34c9023e4fcf2b9df516edbf304a8f77ace3ec43d22	success	0	147	805c8c7334c868e18e2be84be95b83cc60895722d739c2b164a68be4cd410c49	212999			cypher-graph-id-predicate	64	8	fixture-tika-00,fixture-tika-01,fixture-tika-02,fixture-tika-03,fixture-tika-04,fixture-tika-05,fixture-tika-06,fixture-tika-07	8	0	0	8	0	8	1	1	56	1	0
request-selected-set-wrapped-contains-k08-group-02-zero	graph-set-reference	request-selected-set-wrapped-contains	zero	request-graph-set-selection-and-wrapped-contains	request-selected-source	properties	200	fixture-tika-00	fixture-tika-00,fixture-tika-01,fixture-tika-02,fixture-tika-03,fixture-tika-04,fixture-tika-05,fixture-tika-06,fixture-tika-07	8	b6d4d08b650d299fbabdb34c9023e4fcf2b9df516edbf304a8f77ace3ec43d22	success	0	147	805c8c7334c868e18e2be84be95b83cc60895722d739c2b164a68be4cd410c49	161482			request-selected-source	8	8	fixture-tika-00,fixture-tika-01,fixture-tika-02,fixture-tika-03,fixture-tika-04,fixture-tika-05,fixture-tika-06,fixture-tika-07	8	0	0	8	0	8	0	0	0	1	0
graph-id-in-literal-wrapped-contains-k08-group-02-targeted	graph-id-set	graph-id-in-literal-wrapped-contains	targeted	graph-id-in-literal-and-wrapped-contains	graph-routing-set	properties	200	fixture-tika-00	fixture-tika-00,fixture-tika-01,fixture-tika-02,fixture-tika-03,fixture-tika-04,fixture-tika-05,fixture-tika-06,fixture-tika-07	8	b6d4d08b650d299fbabdb34c9023e4fcf2b9df516edbf304a8f77ace3ec43d22	success	1	771	41ad9b5110585bc89df35b9d0a0c6bd66daaf6c239b4212552d078b2f2a28c34	1560580		fixture-tika-00	cypher-graph-id-predicate	64	8	fixture-tika-00,fixture-tika-01,fixture-tika-02,fixture-tika-03,fixture-tika-04,fixture-tika-05,fixture-tika-06,fixture-tika-07	8	0	0	8	0	1578	1	1	56	1	0
graph-id-in-parameter-wrapped-contains-k08-group-02-targeted	graph-id-set	graph-id-in-parameter-wrapped-contains	targeted	graph-id-in-parameter-and-wrapped-contains	parameters	properties	200	fixture-tika-00	fixture-tika-00,fixture-tika-01,fixture-tika-02,fixture-tika-03,fixture-tika-04,fixture-tika-05,fixture-tika-06,fixture-tika-07	8	b6d4d08b650d299fbabdb34c9023e4fcf2b9df516edbf304a8f77ace3ec43d22	success	1	771	41ad9b5110585bc89df35b9d0a0c6bd66daaf6c239b4212552d078b2f2a28c34	188363		fixture-tika-00	cypher-graph-id-predicate	64	8	fixture-tika-00,fixture-tika-01,fixture-tika-02,fixture-tika-03,fixture-tika-04,fixture-tika-05,fixture-tika-06,fixture-tika-07	8	0	0	8	0	8	1	1	56	1	0
request-selected-set-wrapped-contains-k08-group-02-targeted	graph-set-reference	request-selected-set-wrapped-contains	targeted	request-graph-set-selection-and-wrapped-contains	request-selected-source	properties	200	fixture-tika-00	fixture-tika-00,fixture-tika-01,fixture-tika-02,fixture-tika-03,fixture-tika-04,fixture-tika-05,fixture-tika-06,fixture-tika-07	8	b6d4d08b650d299fbabdb34c9023e4fcf2b9df516edbf304a8f77ace3ec43d22	success	1	771	41ad9b5110585bc89df35b9d0a0c6bd66daaf6c239b4212552d078b2f2a28c34	291636		fixture-tika-00	request-selected-source	8	8	fixture-tika-00,fixture-tika-01,fixture-tika-02,fixture-tika-03,fixture-tika-04,fixture-tika-05,fixture-tika-06,fixture-tika-07	8	0	0	8	0	8	0	0	0	1	0
graph-id-in-literal-wrapped-contains-k08-group-02-dense	graph-id-set	graph-id-in-literal-wrapped-contains	dense	graph-id-in-literal-and-wrapped-contains	graph-routing-set	properties	200	fixture-tika-00	fixture-tika-00,fixture-tika-01,fixture-tika-02,fixture-tika-03,fixture-tika-04,fixture-tika-05,fixture-tika-06,fixture-tika-07	8	b6d4d08b650d299fbabdb34c9023e4fcf2b9df516edbf304a8f77ace3ec43d22	success	200	94237	51b180cd96740a311cc61165baa84cc05517b2f28ac6c70debc25f8e14514414	308758		fixture-tika-00	cypher-graph-id-predicate	64	1	fixture-tika-00	1	0	0	1	0	200	1	1	56	1	0
graph-id-in-parameter-wrapped-contains-k08-group-02-dense	graph-id-set	graph-id-in-parameter-wrapped-contains	dense	graph-id-in-parameter-and-wrapped-contains	parameters	properties	200	fixture-tika-00	fixture-tika-00,fixture-tika-01,fixture-tika-02,fixture-tika-03,fixture-tika-04,fixture-tika-05,fixture-tika-06,fixture-tika-07	8	b6d4d08b650d299fbabdb34c9023e4fcf2b9df516edbf304a8f77ace3ec43d22	success	200	94237	51b180cd96740a311cc61165baa84cc05517b2f28ac6c70debc25f8e14514414	158257		fixture-tika-00	cypher-graph-id-predicate	64	1	fixture-tika-00	1	0	0	1	0	200	1	1	56	1	0
request-selected-set-wrapped-contains-k08-group-02-dense	graph-set-reference	request-selected-set-wrapped-contains	dense	request-graph-set-selection-and-wrapped-contains	request-selected-source	properties	200	fixture-tika-00	fixture-tika-00,fixture-tika-01,fixture-tika-02,fixture-tika-03,fixture-tika-04,fixture-tika-05,fixture-tika-06,fixture-tika-07	8	b6d4d08b650d299fbabdb34c9023e4fcf2b9df516edbf304a8f77ace3ec43d22	success	200	94237	51b180cd96740a311cc61165baa84cc05517b2f28ac6c70debc25f8e14514414	180268		fixture-tika-00	request-selected-source	8	1	fixture-tika-00	1	0	0	1	0	200	0	0	0	1	0
graph-id-in-literal-wrapped-contains-k08-group-03-zero	graph-id-set	graph-id-in-literal-wrapped-contains	zero	graph-id-in-literal-and-wrapped-contains	graph-routing-set	properties	200	fixture-tika-08	fixture-tika-08,fixture-tika-09,fixture-tika-10,fixture-tika-11,fixture-tika-12,fixture-tika-13,fixture-tika-14,fixture-tika-15	8	1fba2dcdc700431fd973003335e6b9da0f283364e98b1312179ba06acf69d85a	success	0	147	805c8c7334c868e18e2be84be95b83cc60895722d739c2b164a68be4cd410c49	377717			cypher-graph-id-predicate	64	8	fixture-tika-08,fixture-tika-09,fixture-tika-10,fixture-tika-11,fixture-tika-12,fixture-tika-13,fixture-tika-14,fixture-tika-15	8	0	0	8	0	16	1	1	56	1	0
graph-id-in-parameter-wrapped-contains-k08-group-03-zero	graph-id-set	graph-id-in-parameter-wrapped-contains	zero	graph-id-in-parameter-and-wrapped-contains	parameters	properties	200	fixture-tika-08	fixture-tika-08,fixture-tika-09,fixture-tika-10,fixture-tika-11,fixture-tika-12,fixture-tika-13,fixture-tika-14,fixture-tika-15	8	1fba2dcdc700431fd973003335e6b9da0f283364e98b1312179ba06acf69d85a	success	0	147	805c8c7334c868e18e2be84be95b83cc60895722d739c2b164a68be4cd410c49	200865			cypher-graph-id-predicate	64	8	fixture-tika-08,fixture-tika-09,fixture-tika-10,fixture-tika-11,fixture-tika-12,fixture-tika-13,fixture-tika-14,fixture-tika-15	8	0	0	8	0	8	1	1	56	1	0
request-selected-set-wrapped-contains-k08-group-03-zero	graph-set-reference	request-selected-set-wrapped-contains	zero	request-graph-set-selection-and-wrapped-contains	request-selected-source	properties	200	fixture-tika-08	fixture-tika-08,fixture-tika-09,fixture-tika-10,fixture-tika-11,fixture-tika-12,fixture-tika-13,fixture-tika-14,fixture-tika-15	8	1fba2dcdc700431fd973003335e6b9da0f283364e98b1312179ba06acf69d85a	success	0	147	805c8c7334c868e18e2be84be95b83cc60895722d739c2b164a68be4cd410c49	174537			request-selected-source	8	8	fixture-tika-08,fixture-tika-09,fixture-tika-10,fixture-tika-11,fixture-tika-12,fixture-tika-13,fixture-tika-14,fixture-tika-15	8	0	0	8	0	8	0	0	0	1	0
graph-id-in-literal-wrapped-contains-k08-group-03-targeted	graph-id-set	graph-id-in-literal-wrapped-contains	targeted	graph-id-in-literal-and-wrapped-contains	graph-routing-set	properties	200	fixture-tika-08	fixture-tika-08,fixture-tika-09,fixture-tika-10,fixture-tika-11,fixture-tika-12,fixture-tika-13,fixture-tika-14,fixture-tika-15	8	1fba2dcdc700431fd973003335e6b9da0f283364e98b1312179ba06acf69d85a	success	11	6471	f7053dac9cedfeddd8e106fa7637705f2074a663f1e92a91b4f90ae3e2987a4d	1035869		fixture-tika-08,fixture-tika-14	cypher-graph-id-predicate	64	8	fixture-tika-08,fixture-tika-09,fixture-tika-10,fixture-tika-11,fixture-tika-12,fixture-tika-13,fixture-tika-14,fixture-tika-15	8	0	0	8	0	1124	1	1	56	1	0
graph-id-in-parameter-wrapped-contains-k08-group-03-targeted	graph-id-set	graph-id-in-parameter-wrapped-contains	targeted	graph-id-in-parameter-and-wrapped-contains	parameters	properties	200	fixture-tika-08	fixture-tika-08,fixture-tika-09,fixture-tika-10,fixture-tika-11,fixture-tika-12,fixture-tika-13,fixture-tika-14,fixture-tika-15	8	1fba2dcdc700431fd973003335e6b9da0f283364e98b1312179ba06acf69d85a	success	11	6471	f7053dac9cedfeddd8e106fa7637705f2074a663f1e92a91b4f90ae3e2987a4d	181820		fixture-tika-08,fixture-tika-14	cypher-graph-id-predicate	64	8	fixture-tika-08,fixture-tika-09,fixture-tika-10,fixture-tika-11,fixture-tika-12,fixture-tika-13,fixture-tika-14,fixture-tika-15	8	0	0	8	0	17	1	1	56	1	0
request-selected-set-wrapped-contains-k08-group-03-targeted	graph-set-reference	request-selected-set-wrapped-contains	targeted	request-graph-set-selection-and-wrapped-contains	request-selected-source	properties	200	fixture-tika-08	fixture-tika-08,fixture-tika-09,fixture-tika-10,fixture-tika-11,fixture-tika-12,fixture-tika-13,fixture-tika-14,fixture-tika-15	8	1fba2dcdc700431fd973003335e6b9da0f283364e98b1312179ba06acf69d85a	success	11	6471	f7053dac9cedfeddd8e106fa7637705f2074a663f1e92a91b4f90ae3e2987a4d	217016		fixture-tika-08,fixture-tika-14	request-selected-source	8	8	fixture-tika-08,fixture-tika-09,fixture-tika-10,fixture-tika-11,fixture-tika-12,fixture-tika-13,fixture-tika-14,fixture-tika-15	8	0	0	8	0	17	0	0	0	1	0
graph-id-in-literal-wrapped-contains-k08-group-03-dense	graph-id-set	graph-id-in-literal-wrapped-contains	dense	graph-id-in-literal-and-wrapped-contains	graph-routing-set	properties	200	fixture-tika-08	fixture-tika-08,fixture-tika-09,fixture-tika-10,fixture-tika-11,fixture-tika-12,fixture-tika-13,fixture-tika-14,fixture-tika-15	8	1fba2dcdc700431fd973003335e6b9da0f283364e98b1312179ba06acf69d85a	success	200	96144	13cc3d04be15c5d98101b6676211e0260c08571becd6cbc7be1dcfad1b7efce8	259616		fixture-tika-08	cypher-graph-id-predicate	64	1	fixture-tika-08	1	0	0	1	0	200	1	1	56	1	0
graph-id-in-parameter-wrapped-contains-k08-group-03-dense	graph-id-set	graph-id-in-parameter-wrapped-contains	dense	graph-id-in-parameter-and-wrapped-contains	parameters	properties	200	fixture-tika-08	fixture-tika-08,fixture-tika-09,fixture-tika-10,fixture-tika-11,fixture-tika-12,fixture-tika-13,fixture-tika-14,fixture-tika-15	8	1fba2dcdc700431fd973003335e6b9da0f283364e98b1312179ba06acf69d85a	success	200	96144	13cc3d04be15c5d98101b6676211e0260c08571becd6cbc7be1dcfad1b7efce8	176981		fixture-tika-08	cypher-graph-id-predicate	64	1	fixture-tika-08	1	0	0	1	0	200	1	1	56	1	0
request-selected-set-wrapped-contains-k08-group-03-dense	graph-set-reference	request-selected-set-wrapped-contains	dense	request-graph-set-selection-and-wrapped-contains	request-selected-source	properties	200	fixture-tika-08	fixture-tika-08,fixture-tika-09,fixture-tika-10,fixture-tika-11,fixture-tika-12,fixture-tika-13,fixture-tika-14,fixture-tika-15	8	1fba2dcdc700431fd973003335e6b9da0f283364e98b1312179ba06acf69d85a	success	200	96144	13cc3d04be15c5d98101b6676211e0260c08571becd6cbc7be1dcfad1b7efce8	156502		fixture-tika-08	request-selected-source	8	1	fixture-tika-08	1	0	0	1	0	200	0	0	0	1	0
graph-id-in-literal-wrapped-contains-k08-group-04-zero	graph-id-set	graph-id-in-literal-wrapped-contains	zero	graph-id-in-literal-and-wrapped-contains	graph-routing-set	properties	200	fixture-hive-00	fixture-hive-00,fixture-hive-01,fixture-hive-02,fixture-hive-03,fixture-hive-04,fixture-hive-05,fixture-hive-06,fixture-hive-07	8	c73b793b361718f9fcb7830a3d6ea2484143494adffc46c81528bda08ea9c1a0	success	0	147	805c8c7334c868e18e2be84be95b83cc60895722d739c2b164a68be4cd410c49	310120			cypher-graph-id-predicate	64	8	fixture-hive-00,fixture-hive-01,fixture-hive-02,fixture-hive-03,fixture-hive-04,fixture-hive-05,fixture-hive-06,fixture-hive-07	8	0	0	8	0	14	1	1	56	1	0
graph-id-in-parameter-wrapped-contains-k08-group-04-zero	graph-id-set	graph-id-in-parameter-wrapped-contains	zero	graph-id-in-parameter-and-wrapped-contains	parameters	properties	200	fixture-hive-00	fixture-hive-00,fixture-hive-01,fixture-hive-02,fixture-hive-03,fixture-hive-04,fixture-hive-05,fixture-hive-06,fixture-hive-07	8	c73b793b361718f9fcb7830a3d6ea2484143494adffc46c81528bda08ea9c1a0	success	0	147	805c8c7334c868e18e2be84be95b83cc60895722d739c2b164a68be4cd410c49	167373			cypher-graph-id-predicate	64	8	fixture-hive-00,fixture-hive-01,fixture-hive-02,fixture-hive-03,fixture-hive-04,fixture-hive-05,fixture-hive-06,fixture-hive-07	8	0	0	8	0	8	1	1	56	1	0
request-selected-set-wrapped-contains-k08-group-04-zero	graph-set-reference	request-selected-set-wrapped-contains	zero	request-graph-set-selection-and-wrapped-contains	request-selected-source	properties	200	fixture-hive-00	fixture-hive-00,fixture-hive-01,fixture-hive-02,fixture-hive-03,fixture-hive-04,fixture-hive-05,fixture-hive-06,fixture-hive-07	8	c73b793b361718f9fcb7830a3d6ea2484143494adffc46c81528bda08ea9c1a0	success	0	147	805c8c7334c868e18e2be84be95b83cc60895722d739c2b164a68be4cd410c49	155250			request-selected-source	8	8	fixture-hive-00,fixture-hive-01,fixture-hive-02,fixture-hive-03,fixture-hive-04,fixture-hive-05,fixture-hive-06,fixture-hive-07	8	0	0	8	0	8	0	0	0	1	0
graph-id-in-literal-wrapped-contains-k08-group-04-targeted	graph-id-set	graph-id-in-literal-wrapped-contains	targeted	graph-id-in-literal-and-wrapped-contains	graph-routing-set	properties	200	fixture-hive-00	fixture-hive-00,fixture-hive-01,fixture-hive-02,fixture-hive-03,fixture-hive-04,fixture-hive-05,fixture-hive-06,fixture-hive-07	8	c73b793b361718f9fcb7830a3d6ea2484143494adffc46c81528bda08ea9c1a0	success	4	2862	72e96499d86d64ae9da267f3b15791817d4250f06a8dfea9d09edd8c3c23a440	1258586		fixture-hive-00	cypher-graph-id-predicate	64	8	fixture-hive-00,fixture-hive-01,fixture-hive-02,fixture-hive-03,fixture-hive-04,fixture-hive-05,fixture-hive-06,fixture-hive-07	8	0	0	8	0	1328	1	1	56	1	0
graph-id-in-parameter-wrapped-contains-k08-group-04-targeted	graph-id-set	graph-id-in-parameter-wrapped-contains	targeted	graph-id-in-parameter-and-wrapped-contains	parameters	properties	200	fixture-hive-00	fixture-hive-00,fixture-hive-01,fixture-hive-02,fixture-hive-03,fixture-hive-04,fixture-hive-05,fixture-hive-06,fixture-hive-07	8	c73b793b361718f9fcb7830a3d6ea2484143494adffc46c81528bda08ea9c1a0	success	4	2862	72e96499d86d64ae9da267f3b15791817d4250f06a8dfea9d09edd8c3c23a440	166111		fixture-hive-00	cypher-graph-id-predicate	64	8	fixture-hive-00,fixture-hive-01,fixture-hive-02,fixture-hive-03,fixture-hive-04,fixture-hive-05,fixture-hive-06,fixture-hive-07	8	0	0	8	0	11	1	1	56	1	0
request-selected-set-wrapped-contains-k08-group-04-targeted	graph-set-reference	request-selected-set-wrapped-contains	targeted	request-graph-set-selection-and-wrapped-contains	request-selected-source	properties	200	fixture-hive-00	fixture-hive-00,fixture-hive-01,fixture-hive-02,fixture-hive-03,fixture-hive-04,fixture-hive-05,fixture-hive-06,fixture-hive-07	8	c73b793b361718f9fcb7830a3d6ea2484143494adffc46c81528bda08ea9c1a0	success	4	2862	72e96499d86d64ae9da267f3b15791817d4250f06a8dfea9d09edd8c3c23a440	162174		fixture-hive-00	request-selected-source	8	8	fixture-hive-00,fixture-hive-01,fixture-hive-02,fixture-hive-03,fixture-hive-04,fixture-hive-05,fixture-hive-06,fixture-hive-07	8	0	0	8	0	11	0	0	0	1	0
graph-id-in-literal-wrapped-contains-k08-group-04-dense	graph-id-set	graph-id-in-literal-wrapped-contains	dense	graph-id-in-literal-and-wrapped-contains	graph-routing-set	properties	200	fixture-hive-00	fixture-hive-00,fixture-hive-01,fixture-hive-02,fixture-hive-03,fixture-hive-04,fixture-hive-05,fixture-hive-06,fixture-hive-07	8	c73b793b361718f9fcb7830a3d6ea2484143494adffc46c81528bda08ea9c1a0	success	200	92864	0ad6a5ae10cb27d8dd28af205e0df8ebd79b3e1ca0079c8c876100ee108fc38d	326070		fixture-hive-00	cypher-graph-id-predicate	64	1	fixture-hive-00	1	0	0	1	0	200	1	1	56	1	0
graph-id-in-parameter-wrapped-contains-k08-group-04-dense	graph-id-set	graph-id-in-parameter-wrapped-contains	dense	graph-id-in-parameter-and-wrapped-contains	parameters	properties	200	fixture-hive-00	fixture-hive-00,fixture-hive-01,fixture-hive-02,fixture-hive-03,fixture-hive-04,fixture-hive-05,fixture-hive-06,fixture-hive-07	8	c73b793b361718f9fcb7830a3d6ea2484143494adffc46c81528bda08ea9c1a0	success	200	92864	0ad6a5ae10cb27d8dd28af205e0df8ebd79b3e1ca0079c8c876100ee108fc38d	373889		fixture-hive-00	cypher-graph-id-predicate	64	1	fixture-hive-00	1	0	0	1	0	200	1	1	56	1	0
request-selected-set-wrapped-contains-k08-group-04-dense	graph-set-reference	request-selected-set-wrapped-contains	dense	request-graph-set-selection-and-wrapped-contains	request-selected-source	properties	200	fixture-hive-00	fixture-hive-00,fixture-hive-01,fixture-hive-02,fixture-hive-03,fixture-hive-04,fixture-hive-05,fixture-hive-06,fixture-hive-07	8	c73b793b361718f9fcb7830a3d6ea2484143494adffc46c81528bda08ea9c1a0	success	200	92864	0ad6a5ae10cb27d8dd28af205e0df8ebd79b3e1ca0079c8c876100ee108fc38d	159840		fixture-hive-00	request-selected-source	8	1	fixture-hive-00	1	0	0	1	0	200	0	0	0	1	0
graph-id-in-literal-wrapped-contains-k08-group-05-zero	graph-id-set	graph-id-in-literal-wrapped-contains	zero	graph-id-in-literal-and-wrapped-contains	graph-routing-set	properties	200	fixture-hive-08	fixture-hive-08,fixture-hive-09,fixture-hive-10,fixture-hive-11,fixture-hive-12,fixture-hive-13,fixture-hive-14,fixture-hive-15	8	245d2497bfa92e7d039f67f8e03641c96de00028dde14456a9c51af75ba33ebf	success	0	147	805c8c7334c868e18e2be84be95b83cc60895722d739c2b164a68be4cd410c49	307054			cypher-graph-id-predicate	64	8	fixture-hive-08,fixture-hive-09,fixture-hive-10,fixture-hive-11,fixture-hive-12,fixture-hive-13,fixture-hive-14,fixture-hive-15	8	0	0	8	0	14	1	1	56	1	0
graph-id-in-parameter-wrapped-contains-k08-group-05-zero	graph-id-set	graph-id-in-parameter-wrapped-contains	zero	graph-id-in-parameter-and-wrapped-contains	parameters	properties	200	fixture-hive-08	fixture-hive-08,fixture-hive-09,fixture-hive-10,fixture-hive-11,fixture-hive-12,fixture-hive-13,fixture-hive-14,fixture-hive-15	8	245d2497bfa92e7d039f67f8e03641c96de00028dde14456a9c51af75ba33ebf	success	0	147	805c8c7334c868e18e2be84be95b83cc60895722d739c2b164a68be4cd410c49	165881			cypher-graph-id-predicate	64	8	fixture-hive-08,fixture-hive-09,fixture-hive-10,fixture-hive-11,fixture-hive-12,fixture-hive-13,fixture-hive-14,fixture-hive-15	8	0	0	8	0	8	1	1	56	1	0
request-selected-set-wrapped-contains-k08-group-05-zero	graph-set-reference	request-selected-set-wrapped-contains	zero	request-graph-set-selection-and-wrapped-contains	request-selected-source	properties	200	fixture-hive-08	fixture-hive-08,fixture-hive-09,fixture-hive-10,fixture-hive-11,fixture-hive-12,fixture-hive-13,fixture-hive-14,fixture-hive-15	8	245d2497bfa92e7d039f67f8e03641c96de00028dde14456a9c51af75ba33ebf	success	0	147	805c8c7334c868e18e2be84be95b83cc60895722d739c2b164a68be4cd410c49	124092			request-selected-source	8	8	fixture-hive-08,fixture-hive-09,fixture-hive-10,fixture-hive-11,fixture-hive-12,fixture-hive-13,fixture-hive-14,fixture-hive-15	8	0	0	8	0	8	0	0	0	1	0
graph-id-in-literal-wrapped-contains-k08-group-05-targeted	graph-id-set	graph-id-in-literal-wrapped-contains	targeted	graph-id-in-literal-and-wrapped-contains	graph-routing-set	properties	200	fixture-hive-08	fixture-hive-08,fixture-hive-09,fixture-hive-10,fixture-hive-11,fixture-hive-12,fixture-hive-13,fixture-hive-14,fixture-hive-15	8	245d2497bfa92e7d039f67f8e03641c96de00028dde14456a9c51af75ba33ebf	success	5	3569	2e8b431c58e14625230a8348815c48031083a65c269f458638b01cdf99fff211	3687902		fixture-hive-08,fixture-hive-13	cypher-graph-id-predicate	64	8	fixture-hive-08,fixture-hive-09,fixture-hive-10,fixture-hive-11,fixture-hive-12,fixture-hive-13,fixture-hive-14,fixture-hive-15	8	0	0	8	0	1567	1	1	56	1	0
graph-id-in-parameter-wrapped-contains-k08-group-05-targeted	graph-id-set	graph-id-in-parameter-wrapped-contains	targeted	graph-id-in-parameter-and-wrapped-contains	parameters	properties	200	fixture-hive-08	fixture-hive-08,fixture-hive-09,fixture-hive-10,fixture-hive-11,fixture-hive-12,fixture-hive-13,fixture-hive-14,fixture-hive-15	8	245d2497bfa92e7d039f67f8e03641c96de00028dde14456a9c51af75ba33ebf	success	5	3569	2e8b431c58e14625230a8348815c48031083a65c269f458638b01cdf99fff211	164588		fixture-hive-08,fixture-hive-13	cypher-graph-id-predicate	64	8	fixture-hive-08,fixture-hive-09,fixture-hive-10,fixture-hive-11,fixture-hive-12,fixture-hive-13,fixture-hive-14,fixture-hive-15	8	0	0	8	0	11	1	1	56	1	0
request-selected-set-wrapped-contains-k08-group-05-targeted	graph-set-reference	request-selected-set-wrapped-contains	targeted	request-graph-set-selection-and-wrapped-contains	request-selected-source	properties	200	fixture-hive-08	fixture-hive-08,fixture-hive-09,fixture-hive-10,fixture-hive-11,fixture-hive-12,fixture-hive-13,fixture-hive-14,fixture-hive-15	8	245d2497bfa92e7d039f67f8e03641c96de00028dde14456a9c51af75ba33ebf	success	5	3569	2e8b431c58e14625230a8348815c48031083a65c269f458638b01cdf99fff211	136806		fixture-hive-08,fixture-hive-13	request-selected-source	8	8	fixture-hive-08,fixture-hive-09,fixture-hive-10,fixture-hive-11,fixture-hive-12,fixture-hive-13,fixture-hive-14,fixture-hive-15	8	0	0	8	0	11	0	0	0	1	0
graph-id-in-literal-wrapped-contains-k08-group-05-dense	graph-id-set	graph-id-in-literal-wrapped-contains	dense	graph-id-in-literal-and-wrapped-contains	graph-routing-set	properties	200	fixture-hive-08	fixture-hive-08,fixture-hive-09,fixture-hive-10,fixture-hive-11,fixture-hive-12,fixture-hive-13,fixture-hive-14,fixture-hive-15	8	245d2497bfa92e7d039f67f8e03641c96de00028dde14456a9c51af75ba33ebf	success	200	95189	6547ed796970ad3186785ae6dc7d6b1328d226d1878e5144fdb98c21fcba06f9	238466		fixture-hive-08	cypher-graph-id-predicate	64	1	fixture-hive-08	1	0	0	1	0	200	1	1	56	1	0
graph-id-in-parameter-wrapped-contains-k08-group-05-dense	graph-id-set	graph-id-in-parameter-wrapped-contains	dense	graph-id-in-parameter-and-wrapped-contains	parameters	properties	200	fixture-hive-08	fixture-hive-08,fixture-hive-09,fixture-hive-10,fixture-hive-11,fixture-hive-12,fixture-hive-13,fixture-hive-14,fixture-hive-15	8	245d2497bfa92e7d039f67f8e03641c96de00028dde14456a9c51af75ba33ebf	success	200	95189	6547ed796970ad3186785ae6dc7d6b1328d226d1878e5144fdb98c21fcba06f9	161161		fixture-hive-08	cypher-graph-id-predicate	64	1	fixture-hive-08	1	0	0	1	0	200	1	1	56	1	0
request-selected-set-wrapped-contains-k08-group-05-dense	graph-set-reference	request-selected-set-wrapped-contains	dense	request-graph-set-selection-and-wrapped-contains	request-selected-source	properties	200	fixture-hive-08	fixture-hive-08,fixture-hive-09,fixture-hive-10,fixture-hive-11,fixture-hive-12,fixture-hive-13,fixture-hive-14,fixture-hive-15	8	245d2497bfa92e7d039f67f8e03641c96de00028dde14456a9c51af75ba33ebf	success	200	95189	6547ed796970ad3186785ae6dc7d6b1328d226d1878e5144fdb98c21fcba06f9	134030		fixture-hive-08	request-selected-source	8	1	fixture-hive-08	1	0	0	1	0	200	0	0	0	1	0
graph-id-in-literal-wrapped-contains-k08-group-06-zero	graph-id-set	graph-id-in-literal-wrapped-contains	zero	graph-id-in-literal-and-wrapped-contains	graph-routing-set	properties	200	fixture-kotlin-compiler-00	fixture-kotlin-compiler-00,fixture-kotlin-compiler-01,fixture-kotlin-compiler-02,fixture-kotlin-compiler-03,fixture-kotlin-compiler-04,fixture-kotlin-compiler-05,fixture-kotlin-compiler-06,fixture-kotlin-compiler-07	8	2357f16b816a2884469ac1d6be7fe0f5b175a808aaff08b348c930099991c386	success	0	147	805c8c7334c868e18e2be84be95b83cc60895722d739c2b164a68be4cd410c49	395187			cypher-graph-id-predicate	64	8	fixture-kotlin-compiler-00,fixture-kotlin-compiler-01,fixture-kotlin-compiler-02,fixture-kotlin-compiler-03,fixture-kotlin-compiler-04,fixture-kotlin-compiler-05,fixture-kotlin-compiler-06,fixture-kotlin-compiler-07	8	0	0	8	0	14	1	1	56	1	0
graph-id-in-parameter-wrapped-contains-k08-group-06-zero	graph-id-set	graph-id-in-parameter-wrapped-contains	zero	graph-id-in-parameter-and-wrapped-contains	parameters	properties	200	fixture-kotlin-compiler-00	fixture-kotlin-compiler-00,fixture-kotlin-compiler-01,fixture-kotlin-compiler-02,fixture-kotlin-compiler-03,fixture-kotlin-compiler-04,fixture-kotlin-compiler-05,fixture-kotlin-compiler-06,fixture-kotlin-compiler-07	8	2357f16b816a2884469ac1d6be7fe0f5b175a808aaff08b348c930099991c386	success	0	147	805c8c7334c868e18e2be84be95b83cc60895722d739c2b164a68be4cd410c49	161072			cypher-graph-id-predicate	64	8	fixture-kotlin-compiler-00,fixture-kotlin-compiler-01,fixture-kotlin-compiler-02,fixture-kotlin-compiler-03,fixture-kotlin-compiler-04,fixture-kotlin-compiler-05,fixture-kotlin-compiler-06,fixture-kotlin-compiler-07	8	0	0	8	0	8	1	1	56	1	0
request-selected-set-wrapped-contains-k08-group-06-zero	graph-set-reference	request-selected-set-wrapped-contains	zero	request-graph-set-selection-and-wrapped-contains	request-selected-source	properties	200	fixture-kotlin-compiler-00	fixture-kotlin-compiler-00,fixture-kotlin-compiler-01,fixture-kotlin-compiler-02,fixture-kotlin-compiler-03,fixture-kotlin-compiler-04,fixture-kotlin-compiler-05,fixture-kotlin-compiler-06,fixture-kotlin-compiler-07	8	2357f16b816a2884469ac1d6be7fe0f5b175a808aaff08b348c930099991c386	success	0	147	805c8c7334c868e18e2be84be95b83cc60895722d739c2b164a68be4cd410c49	161034			request-selected-source	8	8	fixture-kotlin-compiler-00,fixture-kotlin-compiler-01,fixture-kotlin-compiler-02,fixture-kotlin-compiler-03,fixture-kotlin-compiler-04,fixture-kotlin-compiler-05,fixture-kotlin-compiler-06,fixture-kotlin-compiler-07	8	0	0	8	0	8	0	0	0	1	0
graph-id-in-literal-wrapped-contains-k08-group-06-targeted	graph-id-set	graph-id-in-literal-wrapped-contains	targeted	graph-id-in-literal-and-wrapped-contains	graph-routing-set	properties	200	fixture-kotlin-compiler-00	fixture-kotlin-compiler-00,fixture-kotlin-compiler-01,fixture-kotlin-compiler-02,fixture-kotlin-compiler-03,fixture-kotlin-compiler-04,fixture-kotlin-compiler-05,fixture-kotlin-compiler-06,fixture-kotlin-compiler-07	8	2357f16b816a2884469ac1d6be7fe0f5b175a808aaff08b348c930099991c386	success	10	6351	274597a5e0e535d6581734920f9ffbc39062a84a13ad9d85823a8f12df219dfd	1035358		fixture-kotlin-compiler-00	cypher-graph-id-predicate	64	8	fixture-kotlin-compiler-00,fixture-kotlin-compiler-01,fixture-kotlin-compiler-02,fixture-kotlin-compiler-03,fixture-kotlin-compiler-04,fixture-kotlin-compiler-05,fixture-kotlin-compiler-06,fixture-kotlin-compiler-07	8	0	0	8	0	1196	1	1	56	1	0
graph-id-in-parameter-wrapped-contains-k08-group-06-targeted	graph-id-set	graph-id-in-parameter-wrapped-contains	targeted	graph-id-in-parameter-and-wrapped-contains	parameters	properties	200	fixture-kotlin-compiler-00	fixture-kotlin-compiler-00,fixture-kotlin-compiler-01,fixture-kotlin-compiler-02,fixture-kotlin-compiler-03,fixture-kotlin-compiler-04,fixture-kotlin-compiler-05,fixture-kotlin-compiler-06,fixture-kotlin-compiler-07	8	2357f16b816a2884469ac1d6be7fe0f5b175a808aaff08b348c930099991c386	success	10	6351	274597a5e0e535d6581734920f9ffbc39062a84a13ad9d85823a8f12df219dfd	181910		fixture-kotlin-compiler-00	cypher-graph-id-predicate	64	8	fixture-kotlin-compiler-00,fixture-kotlin-compiler-01,fixture-kotlin-compiler-02,fixture-kotlin-compiler-03,fixture-kotlin-compiler-04,fixture-kotlin-compiler-05,fixture-kotlin-compiler-06,fixture-kotlin-compiler-07	8	0	0	8	0	17	1	1	56	1	0
request-selected-set-wrapped-contains-k08-group-06-targeted	graph-set-reference	request-selected-set-wrapped-contains	targeted	request-graph-set-selection-and-wrapped-contains	request-selected-source	properties	200	fixture-kotlin-compiler-00	fixture-kotlin-compiler-00,fixture-kotlin-compiler-01,fixture-kotlin-compiler-02,fixture-kotlin-compiler-03,fixture-kotlin-compiler-04,fixture-kotlin-compiler-05,fixture-kotlin-compiler-06,fixture-kotlin-compiler-07	8	2357f16b816a2884469ac1d6be7fe0f5b175a808aaff08b348c930099991c386	success	10	6351	274597a5e0e535d6581734920f9ffbc39062a84a13ad9d85823a8f12df219dfd	125665		fixture-kotlin-compiler-00	request-selected-source	8	8	fixture-kotlin-compiler-00,fixture-kotlin-compiler-01,fixture-kotlin-compiler-02,fixture-kotlin-compiler-03,fixture-kotlin-compiler-04,fixture-kotlin-compiler-05,fixture-kotlin-compiler-06,fixture-kotlin-compiler-07	8	0	0	8	0	17	0	0	0	1	0
graph-id-in-literal-wrapped-contains-k08-group-06-dense	graph-id-set	graph-id-in-literal-wrapped-contains	dense	graph-id-in-literal-and-wrapped-contains	graph-routing-set	properties	200	fixture-kotlin-compiler-00	fixture-kotlin-compiler-00,fixture-kotlin-compiler-01,fixture-kotlin-compiler-02,fixture-kotlin-compiler-03,fixture-kotlin-compiler-04,fixture-kotlin-compiler-05,fixture-kotlin-compiler-06,fixture-kotlin-compiler-07	8	2357f16b816a2884469ac1d6be7fe0f5b175a808aaff08b348c930099991c386	success	200	97301	4abd067ea3c7496241f2623586a132809a81e33bd08c7645b717be3ee7ee2542	244347		fixture-kotlin-compiler-00	cypher-graph-id-predicate	64	1	fixture-kotlin-compiler-00	1	0	0	1	0	200	1	1	56	1	0
graph-id-in-parameter-wrapped-contains-k08-group-06-dense	graph-id-set	graph-id-in-parameter-wrapped-contains	dense	graph-id-in-parameter-and-wrapped-contains	parameters	properties	200	fixture-kotlin-compiler-00	fixture-kotlin-compiler-00,fixture-kotlin-compiler-01,fixture-kotlin-compiler-02,fixture-kotlin-compiler-03,fixture-kotlin-compiler-04,fixture-kotlin-compiler-05,fixture-kotlin-compiler-06,fixture-kotlin-compiler-07	8	2357f16b816a2884469ac1d6be7fe0f5b175a808aaff08b348c930099991c386	success	200	97301	4abd067ea3c7496241f2623586a132809a81e33bd08c7645b717be3ee7ee2542	139461		fixture-kotlin-compiler-00	cypher-graph-id-predicate	64	1	fixture-kotlin-compiler-00	1	0	0	1	0	200	1	1	56	1	0
request-selected-set-wrapped-contains-k08-group-06-dense	graph-set-reference	request-selected-set-wrapped-contains	dense	request-graph-set-selection-and-wrapped-contains	request-selected-source	properties	200	fixture-kotlin-compiler-00	fixture-kotlin-compiler-00,fixture-kotlin-compiler-01,fixture-kotlin-compiler-02,fixture-kotlin-compiler-03,fixture-kotlin-compiler-04,fixture-kotlin-compiler-05,fixture-kotlin-compiler-06,fixture-kotlin-compiler-07	8	2357f16b816a2884469ac1d6be7fe0f5b175a808aaff08b348c930099991c386	success	200	97301	4abd067ea3c7496241f2623586a132809a81e33bd08c7645b717be3ee7ee2542	130745		fixture-kotlin-compiler-00	request-selected-source	8	1	fixture-kotlin-compiler-00	1	0	0	1	0	200	0	0	0	1	0
graph-id-in-literal-wrapped-contains-k08-group-07-zero	graph-id-set	graph-id-in-literal-wrapped-contains	zero	graph-id-in-literal-and-wrapped-contains	graph-routing-set	properties	200	fixture-kotlin-compiler-08	fixture-kotlin-compiler-08,fixture-kotlin-compiler-09,fixture-kotlin-compiler-10,fixture-kotlin-compiler-11,fixture-kotlin-compiler-12,fixture-kotlin-compiler-13,fixture-kotlin-compiler-14,fixture-kotlin-compiler-15	8	9292ac32ef9f293478d3503f3f9fc5ad57387486cc5526339373d8f264b933aa	success	0	147	805c8c7334c868e18e2be84be95b83cc60895722d739c2b164a68be4cd410c49	235822			cypher-graph-id-predicate	64	8	fixture-kotlin-compiler-08,fixture-kotlin-compiler-09,fixture-kotlin-compiler-10,fixture-kotlin-compiler-11,fixture-kotlin-compiler-12,fixture-kotlin-compiler-13,fixture-kotlin-compiler-14,fixture-kotlin-compiler-15	8	0	0	8	0	14	1	1	56	1	0
graph-id-in-parameter-wrapped-contains-k08-group-07-zero	graph-id-set	graph-id-in-parameter-wrapped-contains	zero	graph-id-in-parameter-and-wrapped-contains	parameters	properties	200	fixture-kotlin-compiler-08	fixture-kotlin-compiler-08,fixture-kotlin-compiler-09,fixture-kotlin-compiler-10,fixture-kotlin-compiler-11,fixture-kotlin-compiler-12,fixture-kotlin-compiler-13,fixture-kotlin-compiler-14,fixture-kotlin-compiler-15	8	9292ac32ef9f293478d3503f3f9fc5ad57387486cc5526339373d8f264b933aa	success	0	147	805c8c7334c868e18e2be84be95b83cc60895722d739c2b164a68be4cd410c49	161773			cypher-graph-id-predicate	64	8	fixture-kotlin-compiler-08,fixture-kotlin-compiler-09,fixture-kotlin-compiler-10,fixture-kotlin-compiler-11,fixture-kotlin-compiler-12,fixture-kotlin-compiler-13,fixture-kotlin-compiler-14,fixture-kotlin-compiler-15	8	0	0	8	0	8	1	1	56	1	0
request-selected-set-wrapped-contains-k08-group-07-zero	graph-set-reference	request-selected-set-wrapped-contains	zero	request-graph-set-selection-and-wrapped-contains	request-selected-source	properties	200	fixture-kotlin-compiler-08	fixture-kotlin-compiler-08,fixture-kotlin-compiler-09,fixture-kotlin-compiler-10,fixture-kotlin-compiler-11,fixture-kotlin-compiler-12,fixture-kotlin-compiler-13,fixture-kotlin-compiler-14,fixture-kotlin-compiler-15	8	9292ac32ef9f293478d3503f3f9fc5ad57387486cc5526339373d8f264b933aa	success	0	147	805c8c7334c868e18e2be84be95b83cc60895722d739c2b164a68be4cd410c49	551492			request-selected-source	8	8	fixture-kotlin-compiler-08,fixture-kotlin-compiler-09,fixture-kotlin-compiler-10,fixture-kotlin-compiler-11,fixture-kotlin-compiler-12,fixture-kotlin-compiler-13,fixture-kotlin-compiler-14,fixture-kotlin-compiler-15	8	0	0	8	0	8	0	0	0	1	0
graph-id-in-literal-wrapped-contains-k08-group-07-targeted	graph-id-set	graph-id-in-literal-wrapped-contains	targeted	graph-id-in-literal-and-wrapped-contains	graph-routing-set	properties	200	fixture-kotlin-compiler-08	fixture-kotlin-compiler-08,fixture-kotlin-compiler-09,fixture-kotlin-compiler-10,fixture-kotlin-compiler-11,fixture-kotlin-compiler-12,fixture-kotlin-compiler-13,fixture-kotlin-compiler-14,fixture-kotlin-compiler-15	8	9292ac32ef9f293478d3503f3f9fc5ad57387486cc5526339373d8f264b933aa	success	5	3192	6be81ce87c99d083628d76b0dce1e105c3d7fae110ebf15207143c3be7df8eeb	1268755		fixture-kotlin-compiler-08,fixture-kotlin-compiler-14	cypher-graph-id-predicate	64	8	fixture-kotlin-compiler-08,fixture-kotlin-compiler-09,fixture-kotlin-compiler-10,fixture-kotlin-compiler-11,fixture-kotlin-compiler-12,fixture-kotlin-compiler-13,fixture-kotlin-compiler-14,fixture-kotlin-compiler-15	8	0	0	8	0	1606	1	1	56	1	0
graph-id-in-parameter-wrapped-contains-k08-group-07-targeted	graph-id-set	graph-id-in-parameter-wrapped-contains	targeted	graph-id-in-parameter-and-wrapped-contains	parameters	properties	200	fixture-kotlin-compiler-08	fixture-kotlin-compiler-08,fixture-kotlin-compiler-09,fixture-kotlin-compiler-10,fixture-kotlin-compiler-11,fixture-kotlin-compiler-12,fixture-kotlin-compiler-13,fixture-kotlin-compiler-14,fixture-kotlin-compiler-15	8	9292ac32ef9f293478d3503f3f9fc5ad57387486cc5526339373d8f264b933aa	success	5	3192	6be81ce87c99d083628d76b0dce1e105c3d7fae110ebf15207143c3be7df8eeb	170119		fixture-kotlin-compiler-08,fixture-kotlin-compiler-14	cypher-graph-id-predicate	64	8	fixture-kotlin-compiler-08,fixture-kotlin-compiler-09,fixture-kotlin-compiler-10,fixture-kotlin-compiler-11,fixture-kotlin-compiler-12,fixture-kotlin-compiler-13,fixture-kotlin-compiler-14,fixture-kotlin-compiler-15	8	0	0	8	0	11	1	1	56	1	0
request-selected-set-wrapped-contains-k08-group-07-targeted	graph-set-reference	request-selected-set-wrapped-contains	targeted	request-graph-set-selection-and-wrapped-contains	request-selected-source	properties	200	fixture-kotlin-compiler-08	fixture-kotlin-compiler-08,fixture-kotlin-compiler-09,fixture-kotlin-compiler-10,fixture-kotlin-compiler-11,fixture-kotlin-compiler-12,fixture-kotlin-compiler-13,fixture-kotlin-compiler-14,fixture-kotlin-compiler-15	8	9292ac32ef9f293478d3503f3f9fc5ad57387486cc5526339373d8f264b933aa	success	5	3192	6be81ce87c99d083628d76b0dce1e105c3d7fae110ebf15207143c3be7df8eeb	127168		fixture-kotlin-compiler-08,fixture-kotlin-compiler-14	request-selected-source	8	8	fixture-kotlin-compiler-08,fixture-kotlin-compiler-09,fixture-kotlin-compiler-10,fixture-kotlin-compiler-11,fixture-kotlin-compiler-12,fixture-kotlin-compiler-13,fixture-kotlin-compiler-14,fixture-kotlin-compiler-15	8	0	0	8	0	11	0	0	0	1	0
graph-id-in-literal-wrapped-contains-k08-group-07-dense	graph-id-set	graph-id-in-literal-wrapped-contains	dense	graph-id-in-literal-and-wrapped-contains	graph-routing-set	properties	200	fixture-kotlin-compiler-08	fixture-kotlin-compiler-08,fixture-kotlin-compiler-09,fixture-kotlin-compiler-10,fixture-kotlin-compiler-11,fixture-kotlin-compiler-12,fixture-kotlin-compiler-13,fixture-kotlin-compiler-14,fixture-kotlin-compiler-15	8	9292ac32ef9f293478d3503f3f9fc5ad57387486cc5526339373d8f264b933aa	success	200	93704	b778fc4edfb3c1031b90b2d3d121fd31958733afdc68d3f1cde538a17b738328	215333		fixture-kotlin-compiler-08	cypher-graph-id-predicate	64	1	fixture-kotlin-compiler-08	1	0	0	1	0	200	1	1	56	1	0
graph-id-in-parameter-wrapped-contains-k08-group-07-dense	graph-id-set	graph-id-in-parameter-wrapped-contains	dense	graph-id-in-parameter-and-wrapped-contains	parameters	properties	200	fixture-kotlin-compiler-08	fixture-kotlin-compiler-08,fixture-kotlin-compiler-09,fixture-kotlin-compiler-10,fixture-kotlin-compiler-11,fixture-kotlin-compiler-12,fixture-kotlin-compiler-13,fixture-kotlin-compiler-14,fixture-kotlin-compiler-15	8	9292ac32ef9f293478d3503f3f9fc5ad57387486cc5526339373d8f264b933aa	success	200	93704	b778fc4edfb3c1031b90b2d3d121fd31958733afdc68d3f1cde538a17b738328	173693		fixture-kotlin-compiler-08	cypher-graph-id-predicate	64	1	fixture-kotlin-compiler-08	1	0	0	1	0	200	1	1	56	1	0
request-selected-set-wrapped-contains-k08-group-07-dense	graph-set-reference	request-selected-set-wrapped-contains	dense	request-graph-set-selection-and-wrapped-contains	request-selected-source	properties	200	fixture-kotlin-compiler-08	fixture-kotlin-compiler-08,fixture-kotlin-compiler-09,fixture-kotlin-compiler-10,fixture-kotlin-compiler-11,fixture-kotlin-compiler-12,fixture-kotlin-compiler-13,fixture-kotlin-compiler-14,fixture-kotlin-compiler-15	8	9292ac32ef9f293478d3503f3f9fc5ad57387486cc5526339373d8f264b933aa	success	200	93704	b778fc4edfb3c1031b90b2d3d121fd31958733afdc68d3f1cde538a17b738328	120997		fixture-kotlin-compiler-08	request-selected-source	8	1	fixture-kotlin-compiler-08	1	0	0	1	0	200	0	0	0	1	0
graph-id-in-literal-wrapped-contains-k64-group-00-zero	graph-id-set	graph-id-in-literal-wrapped-contains	zero	graph-id-in-literal-and-wrapped-contains	graph-routing-set	properties	200	fixture-android-00	fixture-android-00,fixture-android-01,fixture-android-02,fixture-android-03,fixture-android-04,fixture-android-05,fixture-android-06,fixture-android-07,fixture-android-08,fixture-android-09,fixture-android-10,fixture-android-11,fixture-android-12,fixture-android-13,fixture-android-14,fixture-android-15,fixture-tika-00,fixture-tika-01,fixture-tika-02,fixture-tika-03,fixture-tika-04,fixture-tika-05,fixture-tika-06,fixture-tika-07,fixture-tika-08,fixture-tika-09,fixture-tika-10,fixture-tika-11,fixture-tika-12,fixture-tika-13,fixture-tika-14,fixture-tika-15,fixture-hive-00,fixture-hive-01,fixture-hive-02,fixture-hive-03,fixture-hive-04,fixture-hive-05,fixture-hive-06,fixture-hive-07,fixture-hive-08,fixture-hive-09,fixture-hive-10,fixture-hive-11,fixture-hive-12,fixture-hive-13,fixture-hive-14,fixture-hive-15,fixture-kotlin-compiler-00,fixture-kotlin-compiler-01,fixture-kotlin-compiler-02,fixture-kotlin-compiler-03,fixture-kotlin-compiler-04,fixture-kotlin-compiler-05,fixture-kotlin-compiler-06,fixture-kotlin-compiler-07,fixture-kotlin-compiler-08,fixture-kotlin-compiler-09,fixture-kotlin-compiler-10,fixture-kotlin-compiler-11,fixture-kotlin-compiler-12,fixture-kotlin-compiler-13,fixture-kotlin-compiler-14,fixture-kotlin-compiler-15	64	35bad66d358dca7faeb0cdf55b64b864a288b1b7a4100dbf64766839a0267284	success	0	147	805c8c7334c868e18e2be84be95b83cc60895722d739c2b164a68be4cd410c49	2868339			cypher-graph-id-predicate	64	64	fixture-android-00,fixture-android-01,fixture-android-02,fixture-android-03,fixture-android-04,fixture-android-05,fixture-android-06,fixture-android-07,fixture-android-08,fixture-android-09,fixture-android-10,fixture-android-11,fixture-android-12,fixture-android-13,fixture-android-14,fixture-android-15,fixture-hive-00,fixture-hive-01,fixture-hive-02,fixture-hive-03,fixture-hive-04,fixture-hive-05,fixture-hive-06,fixture-hive-07,fixture-hive-08,fixture-hive-09,fixture-hive-10,fixture-hive-11,fixture-hive-12,fixture-hive-13,fixture-hive-14,fixture-hive-15,fixture-kotlin-compiler-00,fixture-kotlin-compiler-01,fixture-kotlin-compiler-02,fixture-kotlin-compiler-03,fixture-kotlin-compiler-04,fixture-kotlin-compiler-05,fixture-kotlin-compiler-06,fixture-kotlin-compiler-07,fixture-kotlin-compiler-08,fixture-kotlin-compiler-09,fixture-kotlin-compiler-10,fixture-kotlin-compiler-11,fixture-kotlin-compiler-12,fixture-kotlin-compiler-13,fixture-kotlin-compiler-14,fixture-kotlin-compiler-15,fixture-tika-00,fixture-tika-01,fixture-tika-02,fixture-tika-03,fixture-tika-04,fixture-tika-05,fixture-tika-06,fixture-tika-07,fixture-tika-08,fixture-tika-09,fixture-tika-10,fixture-tika-11,fixture-tika-12,fixture-tika-13,fixture-tika-14,fixture-tika-15	64	0	0	64	0	64	1	0	0	1	0
graph-id-in-parameter-wrapped-contains-k64-group-00-zero	graph-id-set	graph-id-in-parameter-wrapped-contains	zero	graph-id-in-parameter-and-wrapped-contains	parameters	properties	200	fixture-android-00	fixture-android-00,fixture-android-01,fixture-android-02,fixture-android-03,fixture-android-04,fixture-android-05,fixture-android-06,fixture-android-07,fixture-android-08,fixture-android-09,fixture-android-10,fixture-android-11,fixture-android-12,fixture-android-13,fixture-android-14,fixture-android-15,fixture-tika-00,fixture-tika-01,fixture-tika-02,fixture-tika-03,fixture-tika-04,fixture-tika-05,fixture-tika-06,fixture-tika-07,fixture-tika-08,fixture-tika-09,fixture-tika-10,fixture-tika-11,fixture-tika-12,fixture-tika-13,fixture-tika-14,fixture-tika-15,fixture-hive-00,fixture-hive-01,fixture-hive-02,fixture-hive-03,fixture-hive-04,fixture-hive-05,fixture-hive-06,fixture-hive-07,fixture-hive-08,fixture-hive-09,fixture-hive-10,fixture-hive-11,fixture-hive-12,fixture-hive-13,fixture-hive-14,fixture-hive-15,fixture-kotlin-compiler-00,fixture-kotlin-compiler-01,fixture-kotlin-compiler-02,fixture-kotlin-compiler-03,fixture-kotlin-compiler-04,fixture-kotlin-compiler-05,fixture-kotlin-compiler-06,fixture-kotlin-compiler-07,fixture-kotlin-compiler-08,fixture-kotlin-compiler-09,fixture-kotlin-compiler-10,fixture-kotlin-compiler-11,fixture-kotlin-compiler-12,fixture-kotlin-compiler-13,fixture-kotlin-compiler-14,fixture-kotlin-compiler-15	64	35bad66d358dca7faeb0cdf55b64b864a288b1b7a4100dbf64766839a0267284	success	0	147	805c8c7334c868e18e2be84be95b83cc60895722d739c2b164a68be4cd410c49	607276			cypher-graph-id-predicate	64	64	fixture-android-00,fixture-android-01,fixture-android-02,fixture-android-03,fixture-android-04,fixture-android-05,fixture-android-06,fixture-android-07,fixture-android-08,fixture-android-09,fixture-android-10,fixture-android-11,fixture-android-12,fixture-android-13,fixture-android-14,fixture-android-15,fixture-hive-00,fixture-hive-01,fixture-hive-02,fixture-hive-03,fixture-hive-04,fixture-hive-05,fixture-hive-06,fixture-hive-07,fixture-hive-08,fixture-hive-09,fixture-hive-10,fixture-hive-11,fixture-hive-12,fixture-hive-13,fixture-hive-14,fixture-hive-15,fixture-kotlin-compiler-00,fixture-kotlin-compiler-01,fixture-kotlin-compiler-02,fixture-kotlin-compiler-03,fixture-kotlin-compiler-04,fixture-kotlin-compiler-05,fixture-kotlin-compiler-06,fixture-kotlin-compiler-07,fixture-kotlin-compiler-08,fixture-kotlin-compiler-09,fixture-kotlin-compiler-10,fixture-kotlin-compiler-11,fixture-kotlin-compiler-12,fixture-kotlin-compiler-13,fixture-kotlin-compiler-14,fixture-kotlin-compiler-15,fixture-tika-00,fixture-tika-01,fixture-tika-02,fixture-tika-03,fixture-tika-04,fixture-tika-05,fixture-tika-06,fixture-tika-07,fixture-tika-08,fixture-tika-09,fixture-tika-10,fixture-tika-11,fixture-tika-12,fixture-tika-13,fixture-tika-14,fixture-tika-15	64	0	0	64	0	64	1	0	0	1	0
graph-id-in-literal-wrapped-contains-k64-group-00-targeted	graph-id-set	graph-id-in-literal-wrapped-contains	targeted	graph-id-in-literal-and-wrapped-contains	graph-routing-set	properties	200	fixture-android-00	fixture-android-00,fixture-android-01,fixture-android-02,fixture-android-03,fixture-android-04,fixture-android-05,fixture-android-06,fixture-android-07,fixture-android-08,fixture-android-09,fixture-android-10,fixture-android-11,fixture-android-12,fixture-android-13,fixture-android-14,fixture-android-15,fixture-tika-00,fixture-tika-01,fixture-tika-02,fixture-tika-03,fixture-tika-04,fixture-tika-05,fixture-tika-06,fixture-tika-07,fixture-tika-08,fixture-tika-09,fixture-tika-10,fixture-tika-11,fixture-tika-12,fixture-tika-13,fixture-tika-14,fixture-tika-15,fixture-hive-00,fixture-hive-01,fixture-hive-02,fixture-hive-03,fixture-hive-04,fixture-hive-05,fixture-hive-06,fixture-hive-07,fixture-hive-08,fixture-hive-09,fixture-hive-10,fixture-hive-11,fixture-hive-12,fixture-hive-13,fixture-hive-14,fixture-hive-15,fixture-kotlin-compiler-00,fixture-kotlin-compiler-01,fixture-kotlin-compiler-02,fixture-kotlin-compiler-03,fixture-kotlin-compiler-04,fixture-kotlin-compiler-05,fixture-kotlin-compiler-06,fixture-kotlin-compiler-07,fixture-kotlin-compiler-08,fixture-kotlin-compiler-09,fixture-kotlin-compiler-10,fixture-kotlin-compiler-11,fixture-kotlin-compiler-12,fixture-kotlin-compiler-13,fixture-kotlin-compiler-14,fixture-kotlin-compiler-15	64	35bad66d358dca7faeb0cdf55b64b864a288b1b7a4100dbf64766839a0267284	success	11	6277	ca01ade166f4156fe11d166c7832fed45bfbdf107060915eb0c8f2df36ef35ed	3266272		fixture-android-00,fixture-android-09	cypher-graph-id-predicate	64	64	fixture-android-00,fixture-android-01,fixture-android-02,fixture-android-03,fixture-android-04,fixture-android-05,fixture-android-06,fixture-android-07,fixture-android-08,fixture-android-09,fixture-android-10,fixture-android-11,fixture-android-12,fixture-android-13,fixture-android-14,fixture-android-15,fixture-hive-00,fixture-hive-01,fixture-hive-02,fixture-hive-03,fixture-hive-04,fixture-hive-05,fixture-hive-06,fixture-hive-07,fixture-hive-08,fixture-hive-09,fixture-hive-10,fixture-hive-11,fixture-hive-12,fixture-hive-13,fixture-hive-14,fixture-hive-15,fixture-kotlin-compiler-00,fixture-kotlin-compiler-01,fixture-kotlin-compiler-02,fixture-kotlin-compiler-03,fixture-kotlin-compiler-04,fixture-kotlin-compiler-05,fixture-kotlin-compiler-06,fixture-kotlin-compiler-07,fixture-kotlin-compiler-08,fixture-kotlin-compiler-09,fixture-kotlin-compiler-10,fixture-kotlin-compiler-11,fixture-kotlin-compiler-12,fixture-kotlin-compiler-13,fixture-kotlin-compiler-14,fixture-kotlin-compiler-15,fixture-tika-00,fixture-tika-01,fixture-tika-02,fixture-tika-03,fixture-tika-04,fixture-tika-05,fixture-tika-06,fixture-tika-07,fixture-tika-08,fixture-tika-09,fixture-tika-10,fixture-tika-11,fixture-tika-12,fixture-tika-13,fixture-tika-14,fixture-tika-15	64	0	0	64	0	3132	1	0	0	1	0
graph-id-in-parameter-wrapped-contains-k64-group-00-targeted	graph-id-set	graph-id-in-parameter-wrapped-contains	targeted	graph-id-in-parameter-and-wrapped-contains	parameters	properties	200	fixture-android-00	fixture-android-00,fixture-android-01,fixture-android-02,fixture-android-03,fixture-android-04,fixture-android-05,fixture-android-06,fixture-android-07,fixture-android-08,fixture-android-09,fixture-android-10,fixture-android-11,fixture-android-12,fixture-android-13,fixture-android-14,fixture-android-15,fixture-tika-00,fixture-tika-01,fixture-tika-02,fixture-tika-03,fixture-tika-04,fixture-tika-05,fixture-tika-06,fixture-tika-07,fixture-tika-08,fixture-tika-09,fixture-tika-10,fixture-tika-11,fixture-tika-12,fixture-tika-13,fixture-tika-14,fixture-tika-15,fixture-hive-00,fixture-hive-01,fixture-hive-02,fixture-hive-03,fixture-hive-04,fixture-hive-05,fixture-hive-06,fixture-hive-07,fixture-hive-08,fixture-hive-09,fixture-hive-10,fixture-hive-11,fixture-hive-12,fixture-hive-13,fixture-hive-14,fixture-hive-15,fixture-kotlin-compiler-00,fixture-kotlin-compiler-01,fixture-kotlin-compiler-02,fixture-kotlin-compiler-03,fixture-kotlin-compiler-04,fixture-kotlin-compiler-05,fixture-kotlin-compiler-06,fixture-kotlin-compiler-07,fixture-kotlin-compiler-08,fixture-kotlin-compiler-09,fixture-kotlin-compiler-10,fixture-kotlin-compiler-11,fixture-kotlin-compiler-12,fixture-kotlin-compiler-13,fixture-kotlin-compiler-14,fixture-kotlin-compiler-15	64	35bad66d358dca7faeb0cdf55b64b864a288b1b7a4100dbf64766839a0267284	success	11	6277	ca01ade166f4156fe11d166c7832fed45bfbdf107060915eb0c8f2df36ef35ed	452456		fixture-android-00,fixture-android-09	cypher-graph-id-predicate	64	64	fixture-android-00,fixture-android-01,fixture-android-02,fixture-android-03,fixture-android-04,fixture-android-05,fixture-android-06,fixture-android-07,fixture-android-08,fixture-android-09,fixture-android-10,fixture-android-11,fixture-android-12,fixture-android-13,fixture-android-14,fixture-android-15,fixture-hive-00,fixture-hive-01,fixture-hive-02,fixture-hive-03,fixture-hive-04,fixture-hive-05,fixture-hive-06,fixture-hive-07,fixture-hive-08,fixture-hive-09,fixture-hive-10,fixture-hive-11,fixture-hive-12,fixture-hive-13,fixture-hive-14,fixture-hive-15,fixture-kotlin-compiler-00,fixture-kotlin-compiler-01,fixture-kotlin-compiler-02,fixture-kotlin-compiler-03,fixture-kotlin-compiler-04,fixture-kotlin-compiler-05,fixture-kotlin-compiler-06,fixture-kotlin-compiler-07,fixture-kotlin-compiler-08,fixture-kotlin-compiler-09,fixture-kotlin-compiler-10,fixture-kotlin-compiler-11,fixture-kotlin-compiler-12,fixture-kotlin-compiler-13,fixture-kotlin-compiler-14,fixture-kotlin-compiler-15,fixture-tika-00,fixture-tika-01,fixture-tika-02,fixture-tika-03,fixture-tika-04,fixture-tika-05,fixture-tika-06,fixture-tika-07,fixture-tika-08,fixture-tika-09,fixture-tika-10,fixture-tika-11,fixture-tika-12,fixture-tika-13,fixture-tika-14,fixture-tika-15	64	0	0	64	0	73	1	0	0	1	0
request-selected-set-wrapped-contains-k64-group-00-targeted	graph-set-reference	request-selected-set-wrapped-contains	targeted	request-graph-set-selection-and-wrapped-contains	request-selected-source	properties	200	fixture-android-00	fixture-android-00,fixture-android-01,fixture-android-02,fixture-android-03,fixture-android-04,fixture-android-05,fixture-android-06,fixture-android-07,fixture-android-08,fixture-android-09,fixture-android-10,fixture-android-11,fixture-android-12,fixture-android-13,fixture-android-14,fixture-android-15,fixture-tika-00,fixture-tika-01,fixture-tika-02,fixture-tika-03,fixture-tika-04,fixture-tika-05,fixture-tika-06,fixture-tika-07,fixture-tika-08,fixture-tika-09,fixture-tika-10,fixture-tika-11,fixture-tika-12,fixture-tika-13,fixture-tika-14,fixture-tika-15,fixture-hive-00,fixture-hive-01,fixture-hive-02,fixture-hive-03,fixture-hive-04,fixture-hive-05,fixture-hive-06,fixture-hive-07,fixture-hive-08,fixture-hive-09,fixture-hive-10,fixture-hive-11,fixture-hive-12,fixture-hive-13,fixture-hive-14,fixture-hive-15,fixture-kotlin-compiler-00,fixture-kotlin-compiler-01,fixture-kotlin-compiler-02,fixture-kotlin-compiler-03,fixture-kotlin-compiler-04,fixture-kotlin-compiler-05,fixture-kotlin-compiler-06,fixture-kotlin-compiler-07,fixture-kotlin-compiler-08,fixture-kotlin-compiler-09,fixture-kotlin-compiler-10,fixture-kotlin-compiler-11,fixture-kotlin-compiler-12,fixture-kotlin-compiler-13,fixture-kotlin-compiler-14,fixture-kotlin-compiler-15	64	35bad66d358dca7faeb0cdf55b64b864a288b1b7a4100dbf64766839a0267284	success	11	6277	ca01ade166f4156fe11d166c7832fed45bfbdf107060915eb0c8f2df36ef35ed	358511		fixture-android-00,fixture-android-09	request-selected-source	64	64	fixture-android-00,fixture-android-01,fixture-android-02,fixture-android-03,fixture-android-04,fixture-android-05,fixture-android-06,fixture-android-07,fixture-android-08,fixture-android-09,fixture-android-10,fixture-android-11,fixture-android-12,fixture-android-13,fixture-android-14,fixture-android-15,fixture-hive-00,fixture-hive-01,fixture-hive-02,fixture-hive-03,fixture-hive-04,fixture-hive-05,fixture-hive-06,fixture-hive-07,fixture-hive-08,fixture-hive-09,fixture-hive-10,fixture-hive-11,fixture-hive-12,fixture-hive-13,fixture-hive-14,fixture-hive-15,fixture-kotlin-compiler-00,fixture-kotlin-compiler-01,fixture-kotlin-compiler-02,fixture-kotlin-compiler-03,fixture-kotlin-compiler-04,fixture-kotlin-compiler-05,fixture-kotlin-compiler-06,fixture-kotlin-compiler-07,fixture-kotlin-compiler-08,fixture-kotlin-compiler-09,fixture-kotlin-compiler-10,fixture-kotlin-compiler-11,fixture-kotlin-compiler-12,fixture-kotlin-compiler-13,fixture-kotlin-compiler-14,fixture-kotlin-compiler-15,fixture-tika-00,fixture-tika-01,fixture-tika-02,fixture-tika-03,fixture-tika-04,fixture-tika-05,fixture-tika-06,fixture-tika-07,fixture-tika-08,fixture-tika-09,fixture-tika-10,fixture-tika-11,fixture-tika-12,fixture-tika-13,fixture-tika-14,fixture-tika-15	64	0	0	64	0	73	0	0	0	1	0
graph-id-in-literal-wrapped-contains-k64-group-00-dense	graph-id-set	graph-id-in-literal-wrapped-contains	dense	graph-id-in-literal-and-wrapped-contains	graph-routing-set	properties	200	fixture-android-00	fixture-android-00,fixture-android-01,fixture-android-02,fixture-android-03,fixture-android-04,fixture-android-05,fixture-android-06,fixture-android-07,fixture-android-08,fixture-android-09,fixture-android-10,fixture-android-11,fixture-android-12,fixture-android-13,fixture-android-14,fixture-android-15,fixture-tika-00,fixture-tika-01,fixture-tika-02,fixture-tika-03,fixture-tika-04,fixture-tika-05,fixture-tika-06,fixture-tika-07,fixture-tika-08,fixture-tika-09,fixture-tika-10,fixture-tika-11,fixture-tika-12,fixture-tika-13,fixture-tika-14,fixture-tika-15,fixture-hive-00,fixture-hive-01,fixture-hive-02,fixture-hive-03,fixture-hive-04,fixture-hive-05,fixture-hive-06,fixture-hive-07,fixture-hive-08,fixture-hive-09,fixture-hive-10,fixture-hive-11,fixture-hive-12,fixture-hive-13,fixture-hive-14,fixture-hive-15,fixture-kotlin-compiler-00,fixture-kotlin-compiler-01,fixture-kotlin-compiler-02,fixture-kotlin-compiler-03,fixture-kotlin-compiler-04,fixture-kotlin-compiler-05,fixture-kotlin-compiler-06,fixture-kotlin-compiler-07,fixture-kotlin-compiler-08,fixture-kotlin-compiler-09,fixture-kotlin-compiler-10,fixture-kotlin-compiler-11,fixture-kotlin-compiler-12,fixture-kotlin-compiler-13,fixture-kotlin-compiler-14,fixture-kotlin-compiler-15	64	35bad66d358dca7faeb0cdf55b64b864a288b1b7a4100dbf64766839a0267284	success	200	84411	3bdee68309e62bee93f47848258ded90b1763d55841fa57d8b8fd21867653c44	275055		fixture-android-00	cypher-graph-id-predicate	64	1	fixture-android-00	1	0	0	1	0	200	1	0	0	1	0
graph-id-in-parameter-wrapped-contains-k64-group-00-dense	graph-id-set	graph-id-in-parameter-wrapped-contains	dense	graph-id-in-parameter-and-wrapped-contains	parameters	properties	200	fixture-android-00	fixture-android-00,fixture-android-01,fixture-android-02,fixture-android-03,fixture-android-04,fixture-android-05,fixture-android-06,fixture-android-07,fixture-android-08,fixture-android-09,fixture-android-10,fixture-android-11,fixture-android-12,fixture-android-13,fixture-android-14,fixture-android-15,fixture-tika-00,fixture-tika-01,fixture-tika-02,fixture-tika-03,fixture-tika-04,fixture-tika-05,fixture-tika-06,fixture-tika-07,fixture-tika-08,fixture-tika-09,fixture-tika-10,fixture-tika-11,fixture-tika-12,fixture-tika-13,fixture-tika-14,fixture-tika-15,fixture-hive-00,fixture-hive-01,fixture-hive-02,fixture-hive-03,fixture-hive-04,fixture-hive-05,fixture-hive-06,fixture-hive-07,fixture-hive-08,fixture-hive-09,fixture-hive-10,fixture-hive-11,fixture-hive-12,fixture-hive-13,fixture-hive-14,fixture-hive-15,fixture-kotlin-compiler-00,fixture-kotlin-compiler-01,fixture-kotlin-compiler-02,fixture-kotlin-compiler-03,fixture-kotlin-compiler-04,fixture-kotlin-compiler-05,fixture-kotlin-compiler-06,fixture-kotlin-compiler-07,fixture-kotlin-compiler-08,fixture-kotlin-compiler-09,fixture-kotlin-compiler-10,fixture-kotlin-compiler-11,fixture-kotlin-compiler-12,fixture-kotlin-compiler-13,fixture-kotlin-compiler-14,fixture-kotlin-compiler-15	64	35bad66d358dca7faeb0cdf55b64b864a288b1b7a4100dbf64766839a0267284	success	200	84411	3bdee68309e62bee93f47848258ded90b1763d55841fa57d8b8fd21867653c44	196347		fixture-android-00	cypher-graph-id-predicate	64	1	fixture-android-00	1	0	0	1	0	200	1	0	0	1	0
request-selected-set-wrapped-contains-k64-group-00-dense	graph-set-reference	request-selected-set-wrapped-contains	dense	request-graph-set-selection-and-wrapped-contains	request-selected-source	properties	200	fixture-android-00	fixture-android-00,fixture-android-01,fixture-android-02,fixture-android-03,fixture-android-04,fixture-android-05,fixture-android-06,fixture-android-07,fixture-android-08,fixture-android-09,fixture-android-10,fixture-android-11,fixture-android-12,fixture-android-13,fixture-android-14,fixture-android-15,fixture-tika-00,fixture-tika-01,fixture-tika-02,fixture-tika-03,fixture-tika-04,fixture-tika-05,fixture-tika-06,fixture-tika-07,fixture-tika-08,fixture-tika-09,fixture-tika-10,fixture-tika-11,fixture-tika-12,fixture-tika-13,fixture-tika-14,fixture-tika-15,fixture-hive-00,fixture-hive-01,fixture-hive-02,fixture-hive-03,fixture-hive-04,fixture-hive-05,fixture-hive-06,fixture-hive-07,fixture-hive-08,fixture-hive-09,fixture-hive-10,fixture-hive-11,fixture-hive-12,fixture-hive-13,fixture-hive-14,fixture-hive-15,fixture-kotlin-compiler-00,fixture-kotlin-compiler-01,fixture-kotlin-compiler-02,fixture-kotlin-compiler-03,fixture-kotlin-compiler-04,fixture-kotlin-compiler-05,fixture-kotlin-compiler-06,fixture-kotlin-compiler-07,fixture-kotlin-compiler-08,fixture-kotlin-compiler-09,fixture-kotlin-compiler-10,fixture-kotlin-compiler-11,fixture-kotlin-compiler-12,fixture-kotlin-compiler-13,fixture-kotlin-compiler-14,fixture-kotlin-compiler-15	64	35bad66d358dca7faeb0cdf55b64b864a288b1b7a4100dbf64766839a0267284	success	200	84411	3bdee68309e62bee93f47848258ded90b1763d55841fa57d8b8fd21867653c44	184054		fixture-android-00	request-selected-source	64	1	fixture-android-00	1	0	0	1	0	200	0	0	0	1	0
