PeriodType: space bytes
Period: 524288
Time: 2026-09-08 17:03:24.174521 +0900 KST
Samples:
alloc_objects/count alloc_space/bytes[dflt] inuse_objects/count inuse_space/bytes
          9     553482          9     553482: 1 2 3 4 
                bytes:[57344]
          1    1097976          1    1097976: 1 2 3 4 
                bytes:[901120]
          1    1067009          1    1067009: 1 2 3 4 
                bytes:[860160]
          1    1123038          1    1123038: 1 2 3 4 
                bytes:[933888]
          1    1110475          1    1110475: 1 2 3 4 
                bytes:[917504]
          1    1135664          0          0: 1 2 3 4 
                bytes:[950272]
          1     890158          0          0: 1 2 3 4 
                bytes:[614400]
       5462    1573296       1820     524432: 5 6 7 8 9 2 3 4 
                bytes:[288]
          1     862261          0          0: 1 2 3 4 
                bytes:[573440]
          1     840284          0          0: 1 2 3 4 
                bytes:[540672]
          4    2472011          0          0: 1 2 3 4 
                bytes:[516096]
         26     534594          0          0: 10 2 3 4 
                bytes:[20480]
          1     829411          0          0: 1 2 3 4 
                bytes:[524288]
          1     807897          0          0: 1 2 3 4 
                bytes:[491520]
          1     813246          0          0: 1 2 3 4 
                bytes:[499712]
       1638     524448          0          0: 5 6 7 8 9 2 3 4 
                bytes:[320]
         28    1660447          9     553482: 10 2 3 4 
                bytes:[57344]
          1     834838          0          0: 1 2 3 4 
                bytes:[532480]
         18     538754          0          0: 10 2 3 4 
                bytes:[28672]
          1     786695          0          0: 1 2 3 4 
                bytes:[458752]
        910     524576          0          0: 5 6 7 8 9 2 3 4 
                bytes:[576]
          6   27824046          5   23186705: 10 2 3 4 
                bytes:[4636672]
        117    1593303          0          0: 10 2 3 4 
                bytes:[13568]
          1     797256          0          0: 1 2 3 4 
                bytes:[475136]
          1    1048625          0          0: 1 2 3 4 
                bytes:[835584]
          1    1006315          0          0: 1 2 3 4 
                bytes:[778240]
          1     935758          0          0: 1 2 3 4 
                bytes:[679936]
          1     976608          0          0: 1 2 3 4 
                bytes:[737280]
       1489     524464          0          0: 5 6 7 8 9 2 3 4 
                bytes:[352]
      10924    1573080       3641     524360: 5 6 7 8 9 2 3 4 
                bytes:[144]
       4097    1048832          0          0: 5 6 7 8 9 2 3 4 
                bytes:[256]
     131082   10486560       6554     524328: 5 6 7 8 9 2 3 4 
                bytes:[80]
       9831    1573104          0          0: 5 6 7 8 9 2 3 4 
                bytes:[160]
       5958    1048752          0          0: 5 6 7 8 9 2 3 4 
                bytes:[176]
      37453    4194752          0          0: 5 6 7 8 9 2 3 4 
                bytes:[112]
       4682    1048800          0          0: 5 6 7 8 9 2 3 4 
                bytes:[224]
     622601    9961624      65537    1048592: 11 12 2 3 4 
                bytes:[16]
        745     524640          0          0: 5 6 7 8 9 2 3 4 
                bytes:[704]
     294916    4718664      32768     524296: 13 12 2 3 4 
                bytes:[16]
      60080    5767696          0          0: 5 6 7 8 9 2 3 4 
                bytes:[96]
       1365     524480          0          0: 5 6 7 8 9 2 3 4 
                bytes:[384]
     966685   30933936     114691    3670128: 5 6 7 8 9 2 3 4 
                bytes:[32]
       5462    1048768          0          0: 5 6 7 8 9 2 3 4 
                bytes:[192]
      36868    4719168       4096     524352: 5 6 7 8 9 2 3 4 
                bytes:[128]
    1900573   30409168     294916    4718664: 5 6 7 8 9 2 3 4 
                bytes:[16]
     447849   21496792      32769    1572936: 5 6 7 8 9 2 3 4 
                bytes:[48]
    5406802   86508840     589833    9437328: 14 12 2 3 4 
                bytes:[16]
       4370    1048816          0          0: 5 6 7 8 9 2 3 4 
                bytes:[240]
     565282   36178080     221197   14156640: 5 6 7 8 9 2 3 4 
                bytes:[64]
          6     570634          0          0: 1 2 3 4 
                bytes:[90112]
          6     566314          0          0: 1 2 3 4 
                bytes:[81920]
         22   81531090          7   25941710: 10 2 3 4 
                bytes:[3702784]
         26   77164094          9   26710648: 10 2 3 4 
                bytes:[2957312]
         39   93046193         10   23857998: 10 2 3 4 
                bytes:[2359296]
         39   73622328          7   13562007: 10 2 3 4 
                bytes:[1884160]
         39   58839822          7   11131858: 10 2 3 4 
                bytes:[1499136]
         38   46624068          7    9324813: 10 2 3 4 
                bytes:[1196032]
          1    1000339          0          0: 1 2 3 4 
                bytes:[770048]
         39   37476914          5    5678320: 10 2 3 4 
                bytes:[950272]
         34    6195525          6    1239105: 10 2 3 4 
                bytes:[180224]
         34   25699408          2    1976877: 10 2 3 4 
                bytes:[753664]
         55    4530513         13    1132628: 10 2 3 4 
                bytes:[81920]
         35   21094633          7    4394715: 10 2 3 4 
                bytes:[598016]
          6    4912573          1     982514: 1 2 3 4 
                bytes:[745472]
         45   21525936          6    3189027: 10 2 3 4 
                bytes:[475136]
         41   12338921          0          0: 10 2 3 4 
                bytes:[294912]
         27   10291157          7    2940330: 10 2 3 4 
                bytes:[376832]
         34    4775992          4     596999: 10 2 3 4 
                bytes:[139264]
         38    4055361          5     579337: 10 2 3 4 
                bytes:[106496]
         31    7120433          2     647312: 10 2 3 4 
                bytes:[229376]
         39    1635103          0          0: 10 2 3 4 
                bytes:[40960]
          1     941540          0          0: 1 2 3 4 
                bytes:[688128]
          1     953158          0          0: 1 2 3 4 
                bytes:[704512]
      32768     524296          0          0: 13 12 2 15 16 17 18 19 
                bytes:[16]
     163842    2621480          0          0: 5 6 7 8 9 2 15 16 17 18 19 
                bytes:[16]
       8192     524320          0          0: 5 6 7 8 9 2 15 16 17 18 19 
                bytes:[64]
      10923     524312          0          0: 5 6 7 8 9 2 15 16 17 18 19 
                bytes:[48]
     229379    3670072          0          0: 14 12 2 15 16 17 18 19 
                bytes:[16]
          1    3705958          0          0: 10 2 15 16 17 18 19 
                bytes:[3702784]
          1    2967849          0          0: 10 2 15 16 17 18 19 
                bytes:[2957312]
          1    2385799          0          0: 10 2 15 16 17 18 19 
                bytes:[2359296]
          1    1937429          0          0: 10 2 15 16 17 18 19 
                bytes:[1884160]
          1    1590265          0          0: 10 2 15 16 17 18 19 
                bytes:[1499136]
          1    1332116          0          0: 10 2 15 16 17 18 19 
                bytes:[1196032]
          1    1135664          0          0: 10 2 15 16 17 18 19 
                bytes:[950272]
          1     878943          0          0: 10 2 15 16 17 18 19 
                bytes:[598016]
          1     797256          0          0: 10 2 15 16 17 18 19 
                bytes:[475136]
          1     735082          0          0: 10 2 15 16 17 18 19 
                bytes:[376832]
          1    1212696          1    1212696: 20 21 22 23 24 25 
                bytes:[1048576]
         18     538754          0          0: 26 27 28 29 30 31 32 33 22 23 24 25 
                bytes:[28672]
       5461     524336          0          0: 34 35 36 29 30 31 32 33 22 23 24 25 
                bytes:[96]
          3     610467          0          0: 37 38 36 29 30 31 32 33 22 23 24 25 
                bytes:[163840]
       4682    1048800          0          0: 39 35 36 29 30 31 32 33 22 23 24 25 
                bytes:[224]
          8     557738          0          0: 40 41 42 43 38 36 29 30 31 32 33 22 23 24 25 
                bytes:[65536]
          1     924248          0          0: 44 42 43 38 36 29 30 31 32 33 22 23 24 25 
                bytes:[663552]
          1    1180337          0          0: 45 30 31 32 33 22 23 24 25 
                bytes:[1007616]
       2521     524392          0          0: 46 47 36 29 48 31 32 33 22 23 24 25 
                bytes:[208]
       2341     524400          0          0: 39 35 36 29 48 31 32 33 22 23 24 25 
                bytes:[224]
       5462    1573296          0          0: 49 29 48 31 32 33 22 23 24 25 
                bytes:[288]
          2     666237          0          0: 50 41 42 43 47 36 29 48 31 32 33 22 23 24 25 
                bytes:[262144]
          4     596999          0          0: 51 41 42 43 47 36 29 48 31 32 33 22 23 24 25 
                bytes:[139264]
          8     557738          0          0: 52 41 42 43 47 36 29 48 31 32 33 22 23 24 25 
                bytes:[65536]
          1     924248          0          0: 44 42 43 47 36 29 48 31 32 33 22 23 24 25 
                bytes:[663552]
        128     526338          0          0: 46 38 36 29 48 31 32 33 22 23 24 25 
                bytes:[4096]
          1    1173910          0          0: 45 48 31 32 33 22 23 24 25 
                bytes:[999424]
       1820     524432          0          0: 53 54 55 56 57 17 18 19 
                bytes:[288]
          5     579337          0          0: 58 59 60 61 62 63 54 55 56 57 17 18 19 
                bytes:[106496]
          5     574975          0          0: 58 59 60 61 62 63 54 64 65 
                bytes:[98304]
          2     647312          0          0: 66 63 54 64 65 
                bytes:[229376]
        455     524864          0          0: 67 63 54 64 65 
                bytes:[1152]
         26     534594          0          0: 58 59 60 61 62 63 54 64 65 
                bytes:[20480]
      16384     524304          0          0: 68 69 70 71 61 62 63 54 64 65 
                bytes:[32]
      32768     524296          0          0: 72 73 74 75 71 61 62 63 54 64 65 
                bytes:[16]
         86    1060911          0          0: 58 59 60 61 62 63 54 64 65 
                bytes:[12288]
          7     562015          0          0: 58 59 60 61 62 63 54 55 56 57 17 18 19 
                bytes:[73728]
        293     525184          0          0: 76 57 17 18 19 
                bytes:[1792]
       1365     524480          0          0: 77 78 79 80 81 23 24 25 
                bytes:[384]
       5461     524336          0          0: 82 83 78 79 80 81 23 24 25 
                bytes:[96]
        745     524640          0          0: 84 85 86 87 16 17 18 19 
                bytes:[704]
       8192     524320          0          0: 88 89 90 91 92 93 
                bytes:[64]
      32768     524296          0          0: 94 95 96 73 97 98 99 91 92 93 
                bytes:[16]
       4096     524352          0          0: 100 92 93 
                bytes:[128]
         83    1601645          0          0: 101 102 103 91 92 93 
                bytes:[19072]
         21     536671          0          0: 104 105 106 91 92 93 
                bytes:[24576]
         97    1597567          0          0: 101 102 103 91 92 93 
                bytes:[16384]
        233    1583061          0          0: 101 102 103 91 92 93 
                bytes:[6784]
      32768     524296          0          0: 72 107 89 90 91 92 93 
                bytes:[16]
      16384     524304          0          0: 108 89 109 98 99 91 92 93 
                bytes:[32]
      32768     524296          0          0: 110 89 111 112 16 17 18 19 
                bytes:[16]
          7     562015          0          0: 113 81 23 24 25 
                bytes:[73728]
        293     525184          0          0: 77 78 79 80 81 23 24 25 
                bytes:[1792]
        128     526338          0          0: 101 102 103 91 92 93 
                bytes:[4096]
        341     525056          0          0: 101 102 103 91 92 93 
                bytes:[1536]
      32769    1048608          0          0: 88 89 114 92 93 
                bytes:[32]
        585     524736          0          0: 101 102 103 91 92 93 
                bytes:[896]
      32768     524296          0          0: 115 116 91 92 93 
                bytes:[16]
      21845     524300          0          0: 117 89 90 91 92 93 
                bytes:[24]
        820    1049856          0          0: 118 92 93 
                bytes:[1280]
       6554     524328          0          0: 88 89 109 98 99 91 92 93 
                bytes:[80]
         39     531101          0          0: 101 102 103 91 92 93 
                bytes:[13568]
      32768     524296          0          0: 72 107 89 109 98 119 
                bytes:[16]
      65537    1048592          0          0: 120 121 122 15 16 17 18 19 
                bytes:[16]
     163842    2621480          0          0: 123 121 122 15 16 17 18 19 
                bytes:[16]
       8192     524320          0          0: 100 92 93 
                bytes:[64]
      32768     524296          0          0: 124 125 126 127 73 97 98 99 91 92 93 
                bytes:[16]
       8192     524320          0          0: 128 98 99 91 92 93 
                bytes:[64]
        228     525440          0          0: 100 92 93 
                bytes:[2304]
      32768     524296          0          0: 129 130 73 97 98 99 91 92 93 
                bytes:[16]
         11    1149950          0          0: 58 59 131 91 92 93 
                bytes:[98304]
         26     534594          0          0: 58 59 131 91 92 93 
                bytes:[20480]
          5    2235733          0          0: 132 91 92 93 
                bytes:[393216]
       2979     524376          0          0: 88 89 111 112 16 17 18 19 
                bytes:[176]
       3277     524368          0          0: 88 89 111 112 16 17 18 19 
                bytes:[160]
      21846    1048624          0          0: 133 98 99 122 15 16 17 18 19 
                bytes:[48]
         32     532522          0          0: 134 122 15 16 17 18 19 
                bytes:[16384]
       2979     524376          0          0: 135 107 89 136 3 4 
                bytes:[176]
         15    1124031          0          0: 58 59 131 122 15 16 17 18 19 
                bytes:[73728]
      16384     524304          0          0: 104 137 71 61 138 139 140 65 
                bytes:[32]
       1820     524432          0          0: 72 73 73 73 141 142 143 61 138 139 140 65 
                bytes:[288]
      32768     524296          0          0: 144 145 61 138 139 140 65 
                bytes:[16]
        512     524800          0          0: 115 73 141 142 143 61 138 139 140 65 
                bytes:[1024]
      32768     524296          0          0: 135 73 73 73 141 145 61 138 139 140 65 
                bytes:[16]
        195     525633          0          0: 146 147 143 61 138 139 140 65 
                bytes:[2688]
       5461     524336          0          0: 115 74 75 71 61 138 139 140 65 
                bytes:[96]
       1820     524432          0          0: 115 141 148 149 150 151 17 18 19 
                bytes:[288]
      16384     524304          0          0: 152 145 61 138 139 140 65 
                bytes:[32]
       1024     524544          0          0: 104 153 154 155 156 157 158 140 65 
                bytes:[512]
       8192     524320          0          0: 159 73 73 73 141 142 143 61 138 139 140 65 
                bytes:[64]
       1024     524544          0          0: 115 141 142 143 61 138 139 140 65 
                bytes:[512]
      16384     524304          0          0: 104 160 154 143 61 138 139 140 65 
                bytes:[32]
       1092     524528          0          0: 115 73 141 145 61 138 139 140 65 
                bytes:[480]
          6     566314          0          0: 113 81 23 24 25 
                bytes:[81920]
       1024     524544          0          0: 115 73 141 142 143 61 138 139 140 65 
                bytes:[512]
        256     525312          0          0: 161 71 61 138 139 140 65 
                bytes:[2048]
       2731     524384          0          0: 159 73 73 73 141 145 61 138 139 140 65 
                bytes:[192]
       8192     524320          0          0: 161 71 61 138 139 140 65 
                bytes:[64]
       2048     524416          0          0: 162 163 73 141 145 61 138 139 140 65 
                bytes:[256]
      98305    1572888          0          0: 164 73 73 141 142 143 61 138 139 140 65 
                bytes:[16]
       2341     524400          0          0: 115 74 75 71 61 138 139 140 65 
                bytes:[224]
       6554     524328          0          0: 72 73 74 75 71 61 138 139 140 65 
                bytes:[80]
       4681     524344          0          0: 162 163 73 141 142 143 61 138 139 140 65 
                bytes:[112]
       1170     524512          0          0: 115 73 141 142 143 61 138 139 140 65 
                bytes:[448]
       4681     524344          0          0: 115 73 73 141 142 143 61 138 139 140 65 
                bytes:[112]
       1170     524512          0          0: 115 141 142 143 61 138 139 140 65 
                bytes:[448]
      21845     524300          0          0: 165 80 81 23 24 25 
                bytes:[24]
       5958    1048752          0          0: 159 73 73 73 141 142 143 61 138 139 140 65 
                bytes:[176]
       3073    1573632          0          0: 104 137 71 61 138 139 140 65 
                bytes:[512]
        512     524800          0          0: 115 141 145 61 138 139 140 65 
                bytes:[1024]
       1024     524544          0          0: 104 166 167 168 150 151 17 18 19 
                bytes:[512]
       1092     524528          0          0: 115 141 142 143 61 138 139 140 65 
                bytes:[480]
         39     531101          0          0: 58 59 60 61 138 139 140 65 
                bytes:[13568]
       2048     524416          0          0: 104 137 71 61 138 139 140 65 
                bytes:[256]
      21845     524300          0          0: 169 75 71 61 138 139 140 65 
                bytes:[24]
       1025    1049600          0          0: 170 71 61 138 139 140 65 
                bytes:[1024]
       8192     524320          0          0: 104 137 71 61 138 139 140 65 
                bytes:[64]
      16384     524304          0          0: 115 73 73 141 145 61 138 139 140 65 
                bytes:[32]
       6554     524328          0          0: 72 73 73 73 141 145 61 138 139 140 65 
                bytes:[80]
         11     549247          0          0: 82 83 171 81 23 24 25 
                bytes:[49152]
       2341     524400          0          0: 72 73 73 73 141 145 61 138 139 140 65 
                bytes:[224]
       3277     524368          0          0: 135 73 73 73 141 142 143 61 138 139 140 65 
                bytes:[160]
       2048     524416          0          0: 104 153 154 143 61 138 139 140 65 
                bytes:[256]
       3277     524368          0          0: 135 73 73 73 141 145 61 138 139 140 65 
                bytes:[160]
      32768     524296          0          0: 104 160 154 143 61 138 139 140 65 
                bytes:[16]
       6554     524328          0          0: 172 138 139 140 65 
                bytes:[80]
       8192     524320          0          0: 104 153 154 143 61 138 139 140 65 
                bytes:[64]
         65    1065045          0          0: 58 59 60 61 138 139 140 65 
                bytes:[16384]
       3641     524360          0          0: 162 163 74 75 71 61 138 139 140 65 
                bytes:[144]
       2731     524384          0          0: 115 73 141 142 143 61 138 139 140 65 
                bytes:[192]
         13     545034          0          0: 68 69 173 167 168 150 151 17 18 19 
                bytes:[40960]
       4681     524344          0          0: 115 73 73 141 145 61 138 139 140 65 
                bytes:[112]
       2185     524408          0          0: 115 73 141 142 143 61 138 139 140 65 
                bytes:[240]
       1489     524464          0          0: 115 73 141 145 61 138 139 140 65 
                bytes:[352]
       8192     524320          0          0: 159 73 73 73 141 145 61 138 139 140 65 
                bytes:[64]
       4096     524352          0          0: 104 174 71 61 138 139 140 65 
                bytes:[128]
      21846    1048624          0          0: 115 73 73 141 145 61 138 139 140 65 
                bytes:[48]
          8     557738          0          0: 113 81 23 24 25 
                bytes:[65536]
      21845     524300          0          0: 135 73 73 73 141 142 143 61 138 139 140 65 
                bytes:[24]
       2731     524384          0          0: 115 73 73 141 142 143 61 138 139 140 65 
                bytes:[192]
      24577    1572960          0          0: 115 73 73 141 145 61 138 139 140 65 
                bytes:[64]
        585     524736          0          0: 162 163 141 142 143 61 138 139 140 65 
                bytes:[896]
        585     524736          0          0: 162 163 141 145 61 138 139 140 65 
                bytes:[896]
        769    1575937          0          0: 170 71 61 138 139 140 65 
                bytes:[2048]
       2521     524392          0          0: 72 73 73 73 141 145 61 138 139 140 65 
                bytes:[208]
       2342    2098944          0          0: 115 141 142 143 61 138 139 140 65 
                bytes:[896]
        585     524736          0          0: 115 141 145 61 138 139 140 65 
                bytes:[896]
       5461     524336          0          0: 175 176 177 22 23 24 25 
                bytes:[96]
       8192     524320          0          0: 178 142 143 61 138 139 140 65 
                bytes:[64]
         27     533881          0          0: 58 59 60 61 138 139 140 65 
                bytes:[19072]
       8192     524320          0          0: 115 73 73 141 142 143 61 138 139 140 65 
                bytes:[64]
       8192     524320          0          0: 162 163 73 73 141 142 143 61 138 139 140 65 
                bytes:[64]
       2979     524376          0          0: 72 73 73 73 141 142 143 61 138 139 140 65 
                bytes:[176]
        910     524576          0          0: 115 73 141 142 143 61 138 139 140 65 
                bytes:[576]
        683     524672          0          0: 162 163 141 142 143 61 138 139 140 65 
                bytes:[768]
        159    6540415          0          0: 68 69 70 71 61 138 139 140 65 
                bytes:[40960]
        512     524800          0          0: 68 69 173 167 168 150 151 17 18 19 
                bytes:[1024]
        456    1578053          0          0: 68 69 173 167 168 150 151 17 18 19 
                bytes:[3456]
        588    3161883          0          0: 68 69 173 167 168 150 151 17 18 19 
                bytes:[5376]
      16385    1048640          0          0: 162 163 74 75 71 61 138 139 140 65 
                bytes:[64]
       3641    1048864          0          0: 179 180 181 151 17 18 19 
                bytes:[288]
      49153    1572912          0          0: 68 69 70 71 61 138 139 140 65 
                bytes:[32]
      10923     524312          0          0: 72 73 73 73 141 145 61 138 139 140 65 
                bytes:[48]
         43    5293132          0          0: 58 59 60 61 138 139 140 65 
                bytes:[122880]
          1    2663138          0          0: 182 183 17 18 19 
                bytes:[2646016]
         32     532522          0          0: 184 185 186 187 188 189 
                bytes:[16384]
         24     535243          0          0: 190 185 186 187 188 189 
                bytes:[21760]
         85     527365          0          0: 101 102 191 186 187 188 189 
                bytes:[6144]
       2731     524384          0          0: 101 102 192 193 187 188 189 
                bytes:[192]
       4096     524352          0          0: 159 194 188 189 
                bytes:[128]
       7282    1048720          0          0: 72 194 188 189 
                bytes:[144]
       4681     524344          0          0: 135 194 188 189 
                bytes:[112]
       3277     524368          0          0: 159 194 188 189 
                bytes:[160]
        228     525440          0          0: 101 102 191 186 187 188 189 
                bytes:[2304]
       1820     524432          0          0: 101 102 191 186 187 188 189 
                bytes:[288]
       1638     524448          0          0: 101 102 191 186 187 188 189 
                bytes:[320]
        256     525312          0          0: 101 102 191 186 187 188 189 
                bytes:[2048]
         28     533557          0          0: 58 59 195 186 187 188 189 
                bytes:[18432]
         13     545034          0          0: 101 102 192 193 187 188 189 
                bytes:[40960]
       2979     524376          0          0: 135 194 188 189 
                bytes:[176]
         48     529746          0          0: 196 188 189 
                bytes:[10880]
       1260     524496          0          0: 101 102 191 186 187 188 189 
                bytes:[416]
         43     530455          0          0: 101 102 192 193 187 188 189 
                bytes:[12288]
        410     524928          0          0: 197 198 199 187 188 189 
                bytes:[1280]
        108     526723          0          0: 184 200 186 187 188 189 
                bytes:[4864]
        410     524928          0          0: 190 200 186 187 188 189 
                bytes:[1280]
         27     533881          0          0: 58 59 195 186 187 188 189 
                bytes:[19072]
         16     540842          0          0: 101 102 192 193 187 188 189 
                bytes:[32768]
       6554    1048736          0          0: 196 188 189 
                bytes:[160]
         98     526980          0          0: 196 188 189 
                bytes:[5376]
       2731     524384          0          0: 101 102 191 186 187 188 189 
                bytes:[192]
          1    1225742          0          0: 201 186 187 188 189 
                bytes:[1064960]
          1    1252005          0          0: 201 186 187 188 189 
                bytes:[1097728]
         49    1070486          0          0: 190 200 186 187 188 189 
                bytes:[21760]
       2731     524384          0          0: 72 194 188 189 
                bytes:[192]
       1537    1574400          0          0: 101 102 191 186 187 188 189 
                bytes:[1024]
          1    1199708          0          0: 201 186 187 188 189 
                bytes:[1032192]
      16385    1048640          0          0: 72 194 188 189 
                bytes:[64]
      10923     524312          0          0: 159 194 188 189 
                bytes:[48]
        819     524608          0          0: 101 102 191 186 187 188 189 
                bytes:[640]
       2731    1048960          0          0: 101 102 191 186 187 188 189 
                bytes:[384]
        820    1049856          0          0: 101 102 191 186 187 188 189 
                bytes:[1280]
          1    1129343          0          0: 201 186 187 188 189 
                bytes:[942080]
          1    1079347          0          0: 201 186 187 188 189 
                bytes:[876544]
          1    1173910          0          0: 201 186 187 188 189 
                bytes:[999424]
         51     529424          0          0: 101 102 191 186 187 188 189 
                bytes:[10240]
         19     538038          0          0: 101 102 192 193 187 188 189 
                bytes:[27264]
         21     536671          0          0: 101 102 192 193 187 188 189 
                bytes:[24576]
         73    1605729          0          0: 196 188 189 
                bytes:[21760]
       2521     524392          0          0: 101 102 191 186 187 188 189 
                bytes:[208]
        129    1056789          0          0: 202 193 187 188 189 
                bytes:[8192]
        256     525312          0          0: 203 199 187 188 189 
                bytes:[2048]
      16385    1048640          0          0: 101 102 191 186 187 188 189 
                bytes:[64]
       1024     524544          0          0: 101 102 191 186 187 188 189 
                bytes:[512]
       1489     524464          0          0: 101 102 191 186 187 188 189 
                bytes:[352]
       3512    1573536          0          0: 101 102 191 186 187 188 189 
                bytes:[448]
        513    1577476          0          0: 101 102 191 186 187 188 189 
                bytes:[3072]
        171     525825          0          0: 101 102 192 193 187 188 189 
                bytes:[3072]
          7     562015          0          0: 101 102 192 193 187 188 189 
                bytes:[73728]
        111    1058076          0          0: 101 102 192 193 187 188 189 
                bytes:[9472]
        410     524928          0          0: 101 102 192 193 187 188 189 
                bytes:[1280]
        100    4943231          0          0: 196 188 189 
                bytes:[49152]
      13108    1048656          0          0: 72 194 188 189 
                bytes:[80]
        391    1051266          0          0: 101 102 191 186 187 188 189 
                bytes:[2688]
      32769    1572936          0          0: 135 194 188 189 
                bytes:[48]
       4370    1048816          0          0: 101 102 191 186 187 188 189 
                bytes:[240]
       4097    1048832          0          0: 101 102 191 186 187 188 189 
                bytes:[256]
       2979     524376          0          0: 101 102 191 186 187 188 189 
                bytes:[176]
      32769    1048608          0          0: 101 102 191 186 187 188 189 
                bytes:[32]
      10923    1048672          0          0: 101 102 191 186 187 188 189 
                bytes:[96]
        455     524864          0          0: 101 102 191 186 187 188 189 
                bytes:[1152]
         97    1597567          0          0: 184 200 186 187 188 189 
                bytes:[16384]
        228     525440          0          0: 184 200 186 187 188 189 
                bytes:[2304]
         97    1059493          0          0: 190 200 186 187 188 189 
                bytes:[10880]
          3     624126          0          0: 201 186 187 188 189 
                bytes:[188416]
          2     705084          0          0: 201 186 187 188 189 
                bytes:[327680]
        585     524736          0          0: 202 193 187 188 189 
                bytes:[896]
        372     524992          0          0: 204 205 199 187 188 189 
                bytes:[1408]
          2    2883628          0          0: 182 183 17 18 19 
                bytes:[1327104]
       6554    1048736          0          0: 182 183 17 18 19 
                bytes:[160]
          2    1848496          0          0: 182 183 17 18 19 
                bytes:[663552]
          2     710033          0          0: 182 183 17 18 19 
                bytes:[335872]
      19662    1572984          0          0: 135 194 188 189 
                bytes:[80]
      16385    1573008          0          0: 135 194 188 189 
                bytes:[96]
      16385    1573008          0          0: 159 194 188 189 
                bytes:[96]
        683    1050112          0          0: 101 102 191 186 187 188 189 
                bytes:[1536]
      16386    2097408          0          0: 72 194 188 189 
                bytes:[128]
      32768     524296          0          0: 115 74 75 199 187 188 189 
                bytes:[16]
      39324    3145968          0          0: 159 194 188 189 
                bytes:[80]
      43694    4194688          0          0: 72 194 188 189 
                bytes:[96]
       6554     524328          0          0: 101 102 191 186 187 188 189 
                bytes:[80]
       4681     524344          0          0: 101 102 191 186 187 188 189 
                bytes:[112]
         66    2725173          0          0: 184 200 186 187 188 189 
                bytes:[40960]
      21845     524300          0          0: 101 102 191 186 187 188 189 
                bytes:[24]
        164     525889          0          0: 101 102 191 186 187 188 189 
                bytes:[3200]
       1366    1049344          0          0: 101 102 191 186 187 188 189 
                bytes:[768]
       1118    1574976          0          0: 101 102 191 186 187 188 189 
                bytes:[1408]
         17    1115476          0          0: 101 102 192 193 187 188 189 
                bytes:[65536]
         11     549247          0          0: 101 102 192 193 187 188 189 
                bytes:[49152]
        341     525056          0          0: 101 102 192 193 187 188 189 
                bytes:[1536]
        745     524640          0          0: 101 102 191 186 187 188 189 
                bytes:[704]
         64     528394          0          0: 203 199 187 188 189 
                bytes:[8192]
         50    4565072          0          0: 196 188 189 
                bytes:[90112]
         13     545034          0          0: 203 199 187 188 189 
                bytes:[40960]
     131074    2097184          0          0: 206 188 189 
                bytes:[16]
      40962    2621600          0          0: 135 194 188 189 
                bytes:[64]
         55     529038          0          0: 101 102 191 186 187 188 189 
                bytes:[9472]
      18726    2097376          0          0: 72 194 188 189 
                bytes:[112]
      16385    1048640          0          0: 159 194 188 189 
                bytes:[64]
         48     529746          0          0: 101 102 191 186 187 188 189 
                bytes:[10880]
         31    2853170          0          0: 190 200 186 187 188 189 
                bytes:[90112]
         26     534594          0          0: 101 102 191 186 187 188 189 
                bytes:[20480]
       3277     524368          0          0: 101 102 191 186 187 188 189 
                bytes:[160]
       7282    1048720          0          0: 101 102 191 186 187 188 189 
                bytes:[144]
        910     524576          0          0: 101 102 191 186 187 188 189 
                bytes:[576]
      32768     524296          0          0: 101 102 191 186 187 188 189 
                bytes:[16]
         87    2146687          0          0: 184 200 186 187 188 189 
                bytes:[24576]
         78    3844735          0          0: 190 200 186 187 188 189 
                bytes:[49152]
          2     675825          0          0: 201 186 187 188 189 
                bytes:[278528]
         33    1081685          0          0: 197 198 199 187 188 189 
                bytes:[32768]
          2     666237          0          0: 202 193 187 188 189 
                bytes:[262144]
         12    2533351          0          0: 202 193 187 188 189 
                bytes:[204800]
      14044    1573032          0          0: 101 102 192 193 187 188 189 
                bytes:[112]
         28    1660447          0          0: 101 102 192 193 187 188 189 
                bytes:[57344]
        324    1580171          0          0: 101 102 192 193 187 188 189 
                bytes:[4864]
       1638     524448          0          0: 101 102 192 193 187 188 189 
                bytes:[320]
        586    1050369          0          0: 101 102 192 193 187 188 189 
                bytes:[1792]
        512     524800          0          0: 101 102 192 193 187 188 189 
                bytes:[1024]
       2185     524408          0          0: 101 102 192 193 187 188 189 
                bytes:[240]
       3277     524368          0          0: 101 102 192 193 187 188 189 
                bytes:[160]
       1821    1049152          0          0: 101 102 192 193 187 188 189 
                bytes:[576]
      21845     524300          0          0: 101 102 192 193 187 188 189 
                bytes:[24]
         98     526980          0          0: 203 199 187 188 189 
                bytes:[5376]
         53    2180138          0          0: 68 69 70 199 187 188 189 
                bytes:[40960]
         56    1616263          0          0: 68 69 70 199 187 188 189 
                bytes:[28672]
       2049    1049088          0          0: 68 69 70 199 187 188 189 
                bytes:[512]
          2    4118657          0          0: 201 186 187 188 189 
                bytes:[2015232]
          3    6040294          0          0: 201 186 187 188 189 
                bytes:[1966080]
          2    3769245          0          0: 201 186 187 188 189 
                bytes:[1826816]
          2    3530537          0          0: 201 186 187 188 189 
                bytes:[1695744]
          2    3950701          0          0: 201 186 187 188 189 
                bytes:[1925120]
          2    3859730          0          0: 201 186 187 188 189 
                bytes:[1875968]
          2    3442073          0          0: 201 186 187 188 189 
                bytes:[1646592]
          2    3694232          0          0: 201 186 187 188 189 
                bytes:[1785856]
          2    3619591          0          0: 201 186 187 188 189 
                bytes:[1744896]
          2    3339651          0          0: 201 186 187 188 189 
                bytes:[1589248]
       1639    1049216          0          0: 101 102 192 193 187 188 189 
                bytes:[640]
          2    3009702          0          0: 201 186 187 188 189 
                bytes:[1400832]
          2    3180530          0          0: 201 186 187 188 189 
                bytes:[1499136]
          3    4283795          0          0: 201 186 187 188 189 
                bytes:[1310720]
          2    3252572          0          0: 201 186 187 188 189 
                bytes:[1540096]
          2    3094740          0          0: 201 186 187 188 189 
                bytes:[1449984]
          2    2925449          0          0: 201 186 187 188 189 
                bytes:[1351680]
          2    2773142          0          0: 201 186 187 188 189 
                bytes:[1261568]
          2    2704883          0          0: 201 186 187 188 189 
                bytes:[1220608]
          2    2650733          0          0: 201 186 187 188 189 
                bytes:[1187840]
          2    2556984          0          0: 201 186 187 188 189 
                bytes:[1130496]
          2    2610395          0          0: 201 186 187 188 189 
                bytes:[1163264]
       1024     524544          0          0: 101 102 192 193 187 188 189 
                bytes:[512]
          2    2208436          0          0: 201 186 187 188 189 
                bytes:[909312]
          2    2296703          0          0: 201 186 187 188 189 
                bytes:[966656]
          2    2072904          0          0: 201 186 187 188 189 
                bytes:[819200]
          1    1012308          0          0: 201 186 187 188 189 
                bytes:[786432]
          2    2121729          0          0: 201 186 187 188 189 
                bytes:[851968]
          2    1929695          0          0: 201 186 187 188 189 
                bytes:[720896]
          2    1791587          0          0: 201 186 187 188 189 
                bytes:[622592]
          3    1594513          0          0: 201 186 187 188 189 
                bytes:[475136]
          5     574975          0          0: 201 186 187 188 189 
                bytes:[98304]
        111    1058076          0          0: 197 198 199 187 188 189 
                bytes:[9472]
        293     525184          0          0: 202 193 187 188 189 
                bytes:[1792]
          3    7370206          0          0: 201 186 187 188 189 
                bytes:[2433024]
          3    7299174          0          0: 201 186 187 188 189 
                bytes:[2408448]
          3    7016033          0          0: 201 186 187 188 189 
                bytes:[2310144]
          3    7228237          0          0: 201 186 187 188 189 
                bytes:[2383872]
          3    6828226          0          0: 201 186 187 188 189 
                bytes:[2244608]
          3    6922029          0          0: 201 186 187 188 189 
                bytes:[2277376]
          3    7157399          0          0: 201 186 187 188 189 
                bytes:[2359296]
          3    7086663          0          0: 201 186 187 188 189 
                bytes:[2334720]
       2979     524376          0          0: 101 102 192 193 187 188 189 
                bytes:[176]
      13108    1048656          0          0: 101 102 192 193 187 188 189 
                bytes:[80]
         26    1090069          0          0: 202 193 187 188 189 
                bytes:[40960]
       5461     524336          0          0: 101 102 192 193 187 188 189 
                bytes:[96]
        456    1050881          0          0: 101 102 192 193 187 188 189 
                bytes:[2304]
      43692    2097248          0          0: 101 102 192 193 187 188 189 
                bytes:[48]
        391    1051266          0          0: 101 102 192 193 187 188 189 
                bytes:[2688]
         24     535243          0          0: 203 199 187 188 189 
                bytes:[21760]
         32     532522          0          0: 203 199 187 188 189 
                bytes:[16384]
          2    4365408          0          0: 201 186 187 188 189 
                bytes:[2146304]
          3    6617950          0          0: 201 186 187 188 189 
                bytes:[2170880]
          3    6247067          0          0: 201 186 187 188 189 
                bytes:[2039808]
          3    6408837          0          0: 201 186 187 188 189 
                bytes:[2097152]
          3    6455201          0          0: 201 186 187 188 189 
                bytes:[2113536]
          3    6339410          0          0: 201 186 187 188 189 
                bytes:[2072576]
          3    6758011          0          0: 201 186 187 188 189 
                bytes:[2220032]
          3    6687918          0          0: 201 186 187 188 189 
                bytes:[2195456]
         27    4241699          0          0: 202 193 187 188 189 
                bytes:[155648]
       2731    1048960          0          0: 101 102 192 193 187 188 189 
                bytes:[384]
         40    4669768          0          0: 202 193 187 188 189 
                bytes:[114688]
         76    6229456          0          0: 202 193 187 188 189 
                bytes:[81920]
       3641    1048864          0          0: 101 102 192 193 187 188 189 
                bytes:[288]
        106    6088308          0          0: 202 193 187 188 189 
                bytes:[57344]
      16385    1048640          0          0: 101 102 192 193 187 188 189 
                bytes:[64]
       2185    1049056          0          0: 101 102 192 193 187 188 189 
                bytes:[480]
         78    2152152          0          0: 202 193 187 188 189 
                bytes:[27264]
         28     533557          0          0: 101 102 192 193 187 188 189 
                bytes:[18432]
        162    2662613          0          0: 202 193 187 188 189 
                bytes:[16384]
       1489     524464          0          0: 101 102 192 193 187 188 189 
                bytes:[352]
       1490    1049280          0          0: 101 102 192 193 187 188 189 
                bytes:[704]
         26     534594          0          0: 204 205 199 187 188 189 
                bytes:[20480]
     131074    2097184          0          0: 101 102 192 193 187 188 189 
                bytes:[16]
        147    3211459          0          0: 68 69 70 199 187 188 189 
                bytes:[21760]
        129    1591367          0          0: 68 69 70 199 187 188 189 
                bytes:[12288]
          5    3977521          0          0: 201 186 187 188 189 
                bytes:[761856]
         97    1597567          0          0: 68 69 70 199 187 188 189 
                bytes:[16384]
          2    1859988          0          0: 201 186 187 188 189 
                bytes:[671744]
          3    1658822          0          0: 201 186 187 188 189 
                bytes:[524288]
       8192     524320          0          0: 207 208 188 189 
                bytes:[64]
          3    1531620          0          0: 201 186 187 188 189 
                bytes:[425984]
          4    2570215          0          0: 201 186 187 188 189 
                bytes:[565248]
       1822    2099456          0          0: 101 102 192 193 187 188 189 
                bytes:[1152]
         22    1098495          0          0: 201 186 187 188 189 
                bytes:[49152]
          5    2205248          0          0: 201 186 187 188 189 
                bytes:[376832]
      16384     524304          0          0: 209 210 211 212 199 187 188 189 
                bytes:[32]
       8192     524320          0          0: 68 69 70 199 187 188 189 
                bytes:[64]
        588    3161883          0          0: 68 69 70 199 187 188 189 
                bytes:[5376]
       1025    1049600          0          0: 68 69 70 199 187 188 189 
                bytes:[1024]
       2341     524400          0          0: 161 199 187 188 189 
                bytes:[224]
        608    2104071          0          0: 68 69 70 199 187 188 189 
                bytes:[3456]
       2308    4727813          0          0: 68 69 70 199 187 188 189 
                bytes:[2048]
        516    4227157          0          0: 68 69 70 199 187 188 189 
                bytes:[8192]
          1    2299519          0          0: 213 23 24 25 
                bytes:[2269184]
          1    2299519          0          0: 113 81 23 24 25 
                bytes:[2269184]
          1    2299519          0          0: 82 83 171 81 23 24 25 
                bytes:[2269184]
      21845     524300          0          0: 214 215 216 151 17 18 19 
                bytes:[24]
       7283    2097728          0          0: 179 180 216 151 17 18 19 
                bytes:[288]
      21845     524300          0          0: 214 217 218 150 151 17 18 19 
                bytes:[24]
      21846    1048624          0          0: 219 218 150 151 17 18 19 
                bytes:[48]
       4096     524352          0          0: 220 221 222 150 151 17 18 19 
                bytes:[128]
          1    2346521          0          0: 213 23 24 25 
                bytes:[2318336]
          1    2346521          0          0: 113 81 23 24 25 
                bytes:[2318336]
          1    2346521          0          0: 82 83 171 81 23 24 25 
                bytes:[2318336]
          2    5534064          0          0: 77 171 81 23 24 25 
                bytes:[2752512]
          2    4458612          0          0: 77 171 81 23 24 25 
                bytes:[2195456]
          2    3634489          0          0: 77 171 81 23 24 25 
                bytes:[1753088]
          2    3009702          0          0: 77 171 81 23 24 25 
                bytes:[1400832]
          2    2530442          0          0: 77 171 81 23 24 25 
                bytes:[1114112]
          2    2171081          0          0: 77 171 81 23 24 25 
                bytes:[884736]
          2    1906316          0          0: 77 171 81 23 24 25 
                bytes:[704512]
          3    1702469          0          0: 77 171 81 23 24 25 
                bytes:[557056]
          1     776213          0          0: 77 171 81 23 24 25 
                bytes:[442368]
          2     675825          0          0: 77 171 81 23 24 25 
                bytes:[278528]
          5    1285266          0          0: 77 171 81 23 24 25 
                bytes:[221184]
          7    1229999          0          0: 77 171 81 23 24 25 
                bytes:[172032]
      43691    1048600          0          0: 223 81 23 24 25 
                bytes:[24]
      65537    1048592          0          0: 224 225 226 80 81 23 24 25 
                bytes:[16]
       9363    1048688          0          0: 82 227 80 81 23 24 25 
                bytes:[112]
          6     566314          0          0: 228 81 23 24 25 
                bytes:[81920]
      21845     524300          0          0: 214 215 181 151 17 18 19 
                bytes:[24]
      32768     524296          0          0: 229 230 231 232 140 65 
                bytes:[16]
         11     549247          0          0: 233 140 65 
                bytes:[49152]
      32768     524296          0          0: 234 235 157 158 140 65 
                bytes:[16]
      16385    1048640          0          0: 236 237 235 157 158 140 65 
                bytes:[64]
       8192     524320          0          0: 236 238 235 157 158 140 65 
                bytes:[64]
      43691    1048600          0          0: 214 239 140 65 
                bytes:[24]
      32768     524296          0          0: 240 230 231 232 140 65 
                bytes:[16]
       4096     524352          0          0: 236 237 235 157 158 140 65 
                bytes:[128]
      21845     524300          0          0: 214 241 140 65 
                bytes:[24]
       4097    1048832          0          0: 236 237 235 157 158 140 65 
                bytes:[256]
      43692    2097248          0          0: 242 140 65 
                bytes:[48]
      32768     524296          0          0: 236 237 235 157 158 140 65 
                bytes:[16]
      98305    1572888          0          0: 243 241 140 65 
                bytes:[16]
      54615    2621560          0          0: 244 140 65 
                bytes:[48]
     147460    4718736          0          0: 245 140 65 
                bytes:[32]
      98305    1572888          0          0: 246 230 231 232 140 65 
                bytes:[16]
      98305    1572888          0          0: 247 230 231 232 140 65 
                bytes:[16]
      65537    1048592          0          0: 236 238 235 157 158 140 65 
                bytes:[16]
      32768     524296          0          0: 243 239 140 65 
                bytes:[16]
     262148    4194368          0          0: 248 140 65 
                bytes:[16]
      32788   20984322          0          0: 249 140 65 
                bytes:[640]
         16     540842          0          0: 250 61 138 139 140 65 
                bytes:[32768]
         16     540842          0          0: 251 61 138 139 140 65 
                bytes:[32768]
      41881   12061936          0          0: 179 252 140 65 
                bytes:[288]
         51     529424          0          0: 101 102 253 61 138 139 140 65 
                bytes:[10240]
      16384     524304          0          0: 101 102 253 61 138 139 140 65 
                bytes:[32]
         20    2334884          0          0: 254 61 138 139 140 65 
                bytes:[114688]
        256     525312          0          0: 251 61 138 139 140 65 
                bytes:[2048]
         26    1090069          0          0: 254 61 138 139 140 65 
                bytes:[40960]
         32     532522          0          0: 254 61 138 139 140 65 
                bytes:[16384]
        512     524800          0          0: 101 102 253 61 138 139 140 65 
                bytes:[1024]
         43     530455          0          0: 203 71 61 138 139 140 65 
                bytes:[12288]
        732   21011431          0          0: 68 69 70 71 61 138 139 140 65 
                bytes:[28672]
       1697   36931784          0          0: 68 69 70 71 61 138 139 140 65 
                bytes:[21760]
       2080   34081450          0          0: 68 69 70 71 61 138 139 140 65 
                bytes:[16384]
      22539   11539968          0          0: 68 69 70 71 61 138 139 140 65 
                bytes:[512]
      32770    2097280          0          0: 68 69 70 71 61 138 139 140 65 
                bytes:[64]
        296    4251909          0          0: 58 59 60 61 138 139 140 65 
                bytes:[14336]
        137   15760467          0          0: 58 59 60 61 138 139 140 65 
                bytes:[114688]
      98305    1572888          0          0: 84 85 86 87 16 17 18 19 
                bytes:[16]
       4096     524352          0          0: 134 91 92 93 
                bytes:[128]
      16384    1048640          0          0: 134 91 92 93 
                bytes:[64]
       3641     524360          0          0: 135 107 89 114 92 93 
                bytes:[144]
        129    1056789          0          0: 100 92 93 
                bytes:[8192]
       2048     524416          0          0: 88 89 114 92 93 
                bytes:[256]
      98305    1572888          0          0: 115 97 98 99 91 92 93 
                bytes:[16]
     294916    4718664          0          0: 255 125 126 127 73 97 98 99 91 92 93 
                bytes:[16]
       5461     524336          0          0: 88 89 256 92 93 
                bytes:[96]
       3641     524360          0          0: 88 89 90 91 92 93 
                bytes:[144]
       3641     524360          0          0: 72 107 89 256 92 93 
                bytes:[144]
      16384     524304          0          0: 162 257 89 256 92 93 
                bytes:[32]
       2521     524392          0          0: 88 89 90 91 92 93 
                bytes:[208]
       6554     524328          0          0: 159 107 89 256 92 93 
                bytes:[80]
      16384     524304          0          0: 108 89 256 92 93 
                bytes:[32]
       3641     524360          0          0: 88 89 256 92 93 
                bytes:[144]
       4681     524344          0          0: 72 107 89 90 91 92 93 
                bytes:[112]
         11     549247          0          0: 258 91 92 93 
                bytes:[49152]
      10923     524312          0          0: 133 98 99 91 92 93 
                bytes:[48]
      32768     524296          0          0: 259 98 99 91 92 93 
                bytes:[16]
      16384     524304          0          0: 162 257 89 109 98 99 91 92 93 
                bytes:[32]
      43691    1048600          0          0: 260 98 99 91 92 93 
                bytes:[24]
         11     549247          0          0: 101 102 103 91 92 93 
                bytes:[49152]
        745    1049984          0          0: 101 102 103 91 92 93 
                bytes:[1408]
        171     525825          0          0: 101 102 103 91 92 93 
                bytes:[3072]
         24     535243          0          0: 58 59 131 91 92 93 
                bytes:[21760]
       8193    1048704          0          0: 159 107 89 114 92 93 
                bytes:[128]
       3641     524360          0          0: 162 257 89 114 92 93 
                bytes:[144]
       2979     524376          0          0: 88 89 256 92 93 
                bytes:[176]
       1638     524448          0          0: 261 92 93 
                bytes:[320]
         32     532522          0          0: 262 91 92 93 
                bytes:[16384]
       3277     524368          0          0: 72 107 89 256 92 93 
                bytes:[160]
       4096     524352          0          0: 72 107 89 90 91 92 93 
                bytes:[128]
      21846    1048624          0          0: 263 256 92 93 
                bytes:[48]
        410     524928          0          0: 261 92 93 
                bytes:[1280]
       4096     524352          0          0: 88 89 256 92 93 
                bytes:[128]
      10923    1048672          0          0: 88 89 90 91 92 93 
                bytes:[96]
      21846    1048624          0          0: 88 89 90 91 92 93 
                bytes:[48]
       8192     524320          0          0: 88 89 256 92 93 
                bytes:[64]
      19662    1572984          0          0: 162 257 89 256 92 93 
                bytes:[80]
      13108    1048656          0          0: 159 107 89 90 91 92 93 
                bytes:[80]
      16385    1048640          0          0: 159 107 89 90 91 92 93 
                bytes:[64]
        108     526723          0          0: 264 98 119 
                bytes:[4864]
     196614    6291648          0          0: 128 98 99 91 92 93 
                bytes:[32]
        228     525440          0          0: 264 98 119 
                bytes:[2304]
       9363    1048688          0          0: 88 89 109 98 99 91 92 93 
                bytes:[112]
      12294    6294528          0          0: 104 105 106 91 92 93 
                bytes:[512]
        328    1051779          0          0: 101 102 103 91 92 93 
                bytes:[3200]
       2731     524384          0          0: 101 102 103 91 92 93 
                bytes:[192]
       1024     524544          0          0: 101 102 103 91 92 93 
                bytes:[512]
      32768     524296          0          0: 124 125 126 127 73 116 91 92 93 
                bytes:[16]
        512     524800          0          0: 101 102 103 91 92 93 
                bytes:[1024]
         48     529746          0          0: 265 91 92 93 
                bytes:[10880]
       2979     524376          0          0: 101 102 103 91 92 93 
                bytes:[176]
       1820     524432          0          0: 101 102 103 91 92 93 
                bytes:[288]
      65537    1048592          0          0: 266 73 116 91 92 93 
                bytes:[16]
        238   15616677          0          0: 101 102 103 91 92 93 
                bytes:[65536]
        949    8993650          0          0: 101 102 103 91 92 93 
                bytes:[9472]
         87    2146687          0          0: 100 92 93 
                bytes:[24576]
       8192     524320          0          0: 72 107 89 109 98 99 122 3 4 
                bytes:[64]
      10923     524312          0          0: 133 98 99 122 3 4 
                bytes:[48]
      10923     524312          0          0: 263 109 98 99 122 3 4 
                bytes:[48]
       2521     524392          0          0: 88 89 109 98 99 122 3 4 
                bytes:[208]
         32     532522          0          0: 134 122 3 4 
                bytes:[16384]
      32768     524296          0          0: 110 89 109 98 99 122 3 4 
                bytes:[16]
       1820     524432          0          0: 267 98 99 122 3 4 
                bytes:[288]
       8192     524320          0          0: 159 107 89 136 3 4 
                bytes:[64]
      10923    1048672          0          0: 162 257 89 111 268 269 270 16 17 18 19 
                bytes:[96]
      10923     524312          0          0: 88 89 109 98 99 122 3 4 
                bytes:[48]
         48     529746          0          0: 271 3 4 
                bytes:[10880]
      21845     524300          0          0: 135 107 89 109 98 99 122 3 4 
                bytes:[24]
       8192     524320          0          0: 88 89 109 98 99 122 3 4 
                bytes:[64]
       6554     524328          0          0: 135 107 89 111 268 269 270 16 17 18 19 
                bytes:[80]
       3277     524368          0          0: 88 89 111 268 269 270 16 17 18 19 
                bytes:[160]
       2979     524376          0          0: 88 89 111 268 269 270 16 17 18 19 
                bytes:[176]
       4681     524344          0          0: 88 89 111 268 269 270 16 17 18 19 
                bytes:[112]
      32768     524296          0          0: 117 89 109 98 99 122 3 4 
                bytes:[16]
       8192     524320          0          0: 88 89 136 3 4 
                bytes:[64]
       6554     524328          0          0: 88 89 136 3 4 
                bytes:[80]
      10923     524312          0          0: 135 107 89 136 3 4 
                bytes:[48]
      32768     524296          0          0: 117 89 90 122 3 4 
                bytes:[16]
      16384     524304          0          0: 135 107 89 90 122 3 4 
                bytes:[32]
      10923     524312          0          0: 88 89 111 268 269 270 16 17 18 19 
                bytes:[48]
       4096     524352          0          0: 72 107 89 111 268 269 270 16 17 18 19 
                bytes:[128]
      10923    1048672          0          0: 162 257 89 90 122 3 4 
                bytes:[96]
       4681     524344          0          0: 162 257 89 90 122 3 4 
                bytes:[112]
       5461     524336          0          0: 159 107 89 136 3 4 
                bytes:[96]
       5958    1048752          0          0: 88 89 136 3 4 
                bytes:[176]
         11     549247          0          0: 271 3 4 
                bytes:[49152]
       4096     524352          0          0: 72 107 89 90 122 3 4 
                bytes:[128]
         24     535243          0          0: 271 3 4 
                bytes:[21760]
       2731     524384          0          0: 88 89 136 3 4 
                bytes:[192]
       6554     524328          0          0: 159 107 89 90 122 3 4 
                bytes:[80]
       6554     524328          0          0: 88 89 90 122 3 4 
                bytes:[80]
      16385    1048640          0          0: 135 107 89 136 3 4 
                bytes:[64]
      10923     524312          0          0: 162 257 89 90 122 3 4 
                bytes:[48]
       3277     524368          0          0: 88 89 90 122 3 4 
                bytes:[160]
      16384     524304          0          0: 108 89 90 122 3 4 
                bytes:[32]
      13655    2621920          0          0: 88 89 109 98 119 
                bytes:[192]
      10923     524312          0          0: 72 107 89 109 98 99 122 3 4 
                bytes:[48]
       5462    1573296          0          0: 272 109 98 99 122 3 4 
                bytes:[288]
      10923     524312          0          0: 135 107 89 109 98 99 122 3 4 
                bytes:[48]
      21845     524300          0          0: 162 257 89 109 98 99 122 3 4 
                bytes:[24]
       5461     524336          0          0: 72 107 89 111 112 16 17 18 19 
                bytes:[96]
       5462    1573296          0          0: 272 136 15 16 17 18 19 
                bytes:[288]
       2731     524384          0          0: 88 89 90 122 15 16 17 18 19 
                bytes:[192]
          8     557738          0          0: 213 23 24 25 
                bytes:[65536]
      65537    1572900          0          0: 214 85 86 87 16 17 18 19 
                bytes:[24]
      14044    1573032          0          0: 159 107 89 114 92 93 
                bytes:[112]
      10923     524312          0          0: 162 257 89 90 91 92 93 
                bytes:[48]
      10923     524312          0          0: 159 107 89 256 92 93 
                bytes:[48]
        111    1058076          0          0: 262 91 92 93 
                bytes:[9472]
      65537    1048592          0          0: 110 89 90 91 92 93 
                bytes:[16]
      65537    1048592          0          0: 117 89 90 91 92 93 
                bytes:[16]
      21845     524300          0          0: 72 107 89 256 92 93 
                bytes:[24]
      13109    2097472          0          0: 118 92 93 
                bytes:[160]
      98305    1572888          0          0: 110 89 256 92 93 
                bytes:[16]
      10923     524312          0          0: 162 257 89 256 92 93 
                bytes:[48]
      26216    2097312          0          0: 135 107 89 256 92 93 
                bytes:[80]
       6554    1048736          0          0: 88 89 256 92 93 
                bytes:[160]
      19662    1572984          0          0: 88 89 256 92 93 
                bytes:[80]
       6554     524328          0          0: 162 257 89 90 91 92 93 
                bytes:[80]
         98    2140973          0          0: 273 98 119 
                bytes:[21760]
     622611   19923552          0          0: 128 98 119 
                bytes:[32]
      32768     524296          0          0: 101 102 103 91 92 93 
                bytes:[16]
        193    1585183          0          0: 101 102 103 91 92 93 
                bytes:[8192]
        304    1052035          0          0: 101 102 103 91 92 93 
                bytes:[3456]
       1366    1049344          0          0: 101 102 103 91 92 93 
                bytes:[768]
       1368    3152645          0          0: 101 102 103 91 92 93 
                bytes:[2304]
        118    3228228          0          0: 101 102 103 91 92 93 
                bytes:[27264]
      32768     524296          0          0: 274 91 92 93 
                bytes:[16]
       1282    2626563          0          0: 101 102 103 91 92 93 
                bytes:[2048]
         66    2163370          0          0: 100 92 93 
                bytes:[32768]
       8740    2097632          0          0: 88 89 114 92 93 
                bytes:[240]
      16384     524304          0          0: 162 257 89 90 91 92 93 
                bytes:[32]
      18209    5244320          0          0: 272 90 91 92 93 
                bytes:[288]
      24577    1572960          0          0: 162 257 89 90 91 92 93 
                bytes:[64]
       9363    1048688          0          0: 88 89 90 91 92 93 
                bytes:[112]
      13108    1048656          0          0: 88 89 90 91 92 93 
                bytes:[80]
       5958    1048752          0          0: 88 89 90 91 92 93 
                bytes:[176]
      32770    2097280          0          0: 72 107 89 90 91 92 93 
                bytes:[64]
      16385    1048640          0          0: 162 257 89 256 92 93 
                bytes:[64]
      98305    1572888          0          0: 117 89 256 92 93 
                bytes:[16]
      32769    1572936          0          0: 263 90 91 92 93 
                bytes:[48]
      16385    1573008          0          0: 72 107 89 90 91 92 93 
                bytes:[96]
       8192     524320          0          0: 135 107 89 90 91 92 93 
                bytes:[64]
      18209    5244320          0          0: 272 256 92 93 
                bytes:[288]
      16385    1048640          0          0: 72 107 89 256 92 93 
                bytes:[64]
       8192     524320          0          0: 159 107 89 256 92 93 
                bytes:[64]
      10923     524312          0          0: 88 89 256 92 93 
                bytes:[48]
       4096     524352          0          0: 88 89 90 91 92 93 
                bytes:[128]
      26216    2097312          0          0: 72 107 89 90 91 92 93 
                bytes:[80]
      10923    1048672          0          0: 72 107 89 256 92 93 
                bytes:[96]
        146    1589240          0          0: 258 91 92 93 
                bytes:[10880]
      32769    1048608          0          0: 162 257 89 109 98 119 
                bytes:[32]
      43691    1048600          0          0: 275 91 92 93 
                bytes:[24]
        196    1053961          0          0: 101 102 103 91 92 93 
                bytes:[5376]
      32769    1048608          0          0: 115 116 91 92 93 
                bytes:[32]
        391    1051266          0          0: 101 102 103 91 92 93 
                bytes:[2688]
      65537    1048592          0          0: 164 116 91 92 93 
                bytes:[16]
       1640    2099713          0          0: 101 102 103 91 92 93 
                bytes:[1280]
       2521     524392          0          0: 101 102 103 91 92 93 
                bytes:[208]
        152    3756703          0          0: 101 102 103 91 92 93 
                bytes:[24576]
        151   13695216          0          0: 100 92 93 
                bytes:[90112]
        102    6692861          0          0: 100 92 93 
                bytes:[65536]
        111    5492479          0          0: 100 92 93 
                bytes:[49152]
        144    2667789          0          0: 100 92 93 
                bytes:[18432]
        324    1580171          0          0: 100 92 93 
                bytes:[4864]
      12289    1573056          0          0: 162 257 89 114 92 93 
                bytes:[128]
      13109    2097472          0          0: 72 107 89 114 92 93 
                bytes:[160]
      74906    8389504          0          0: 162 257 89 114 92 93 
                bytes:[112]
      14044    1573032          0          0: 135 107 89 114 92 93 
                bytes:[112]
        105   35501660          0          0: 118 92 93 
                bytes:[335872]
     420561   40373872          0          0: 72 107 89 114 92 93 
                bytes:[96]
      43696    6292320          0          0: 72 107 89 114 92 93 
                bytes:[144]
        125   21524985          0          0: 118 92 93 
                bytes:[172032]
     647207   41421280          0          0: 135 107 89 114 92 93 
                bytes:[64]
        132   11983314          0          0: 118 92 93 
                bytes:[90112]
     118798   15206208          0          0: 72 107 89 114 92 93 
                bytes:[128]
         78    3844735          0          0: 118 92 93 
                bytes:[49152]
    1277991   40895712          0          0: 108 89 114 92 93 
                bytes:[32]
      16384     524304          0          0: 135 107 89 111 268 269 270 16 17 18 19 
                bytes:[32]
      10923    1048672          0          0: 88 89 111 268 269 270 16 17 18 19 
                bytes:[96]
       6554     524328          0          0: 88 89 111 268 269 270 16 17 18 19 
                bytes:[80]
       4681     524344          0          0: 159 107 89 111 268 269 270 16 17 18 19 
                bytes:[112]
      13108    1048656          0          0: 72 107 89 111 268 269 270 16 17 18 19 
                bytes:[80]
      21845     524300          0          0: 72 107 89 136 3 4 
                bytes:[24]
      16385    1048640          0          0: 162 257 89 136 3 4 
                bytes:[64]
      10923    1048672          0          0: 72 107 89 90 122 3 4 
                bytes:[96]
      32769    1048608          0          0: 108 89 136 3 4 
                bytes:[32]
          3    1573390          0          0: 276 268 269 270 16 17 18 19 
                bytes:[458752]
       6554     524328          0          0: 162 257 89 90 122 3 4 
                bytes:[80]
       2521     524392          0          0: 88 89 90 122 3 4 
                bytes:[208]
       4096     524352          0          0: 88 89 90 122 3 4 
                bytes:[128]
      16384     524304          0          0: 72 107 89 109 98 119 
                bytes:[32]
        294    1580941          0          0: 273 98 119 
                bytes:[5376]
       9364    2097600          0          0: 88 89 109 98 119 
                bytes:[224]
      65537    1572900          0          0: 135 107 89 109 98 119 
                bytes:[24]
      21845     524300          0          0: 135 107 89 111 268 269 270 16 17 18 19 
                bytes:[24]
      32769    1572936          0          0: 135 107 89 111 268 269 270 16 17 18 19 
                bytes:[48]
       8192     524320          0          0: 159 107 89 111 268 269 270 16 17 18 19 
                bytes:[64]
       5461     524336          0          0: 135 107 89 111 268 269 270 16 17 18 19 
                bytes:[96]
      16384     524304          0          0: 108 89 111 268 269 270 16 17 18 19 
                bytes:[32]
         11     549247          0          0: 277 268 269 270 16 17 18 19 
                bytes:[49152]
      98305    1572888          0          0: 110 89 111 268 269 270 16 17 18 19 
                bytes:[16]
      10923     524312          0          0: 159 107 89 111 268 269 270 16 17 18 19 
                bytes:[48]
          2     647312          0          0: 276 268 269 270 16 17 18 19 
                bytes:[229376]
       8192     524320          0          0: 88 89 111 268 269 270 16 17 18 19 
                bytes:[64]
       8193    1048704          0          0: 88 89 111 268 269 270 16 17 18 19 
                bytes:[128]
      10923     524312          0          0: 162 257 89 111 268 269 270 16 17 18 19 
                bytes:[48]
      43692    2097248          0          0: 263 111 268 269 270 16 17 18 19 
                bytes:[48]
       8192     524320          0          0: 162 257 89 111 268 269 270 16 17 18 19 
                bytes:[64]
      10923     524312          0          0: 263 90 122 3 4 
                bytes:[48]
       7282    1048720          0          0: 88 89 111 268 269 270 16 17 18 19 
                bytes:[144]
      13108    1048656          0          0: 162 257 89 111 268 269 270 16 17 18 19 
                bytes:[80]
        108     526723          0          0: 262 122 3 4 
                bytes:[4864]
       8192     524320          0          0: 135 107 89 90 122 3 4 
                bytes:[64]
       5461     524336          0          0: 135 107 89 136 3 4 
                bytes:[96]
         74    1062977          0          0: 278 3 4 
                bytes:[14336]
      98305    1572888          0          0: 110 89 90 122 3 4 
                bytes:[16]
       8192     524320          0          0: 72 107 89 136 3 4 
                bytes:[64]
       6554     524328          0          0: 162 257 89 136 3 4 
                bytes:[80]
         32     532522          0          0: 262 122 3 4 
                bytes:[16384]
      13108    1048656          0          0: 72 107 89 136 3 4 
                bytes:[80]
      16385    1048640          0          0: 162 257 89 90 122 3 4 
                bytes:[64]
         18     538754          0          0: 278 3 4 
                bytes:[28672]
         98    2140973          0          0: 258 122 3 4 
                bytes:[21760]
      16385    1573008          0          0: 162 257 89 136 3 4 
                bytes:[96]
      19662    1572984          0          0: 72 107 89 90 122 3 4 
                bytes:[80]
      10924    1573080          0          0: 88 89 136 3 4 
                bytes:[144]
      32768     524296          0          0: 110 89 136 3 4 
                bytes:[16]
      10923     524312          0          0: 159 107 89 90 122 3 4 
                bytes:[48]
      49153    1572912          0          0: 135 107 89 109 98 119 
                bytes:[32]
      18209    5244320          0          0: 272 111 268 269 270 16 17 18 19 
                bytes:[288]
        195     525633          0          0: 273 98 119 
                bytes:[2688]
     458759    7340144          0          0: 117 89 109 98 119 
                bytes:[16]
     212998    6815952          0          0: 108 89 109 98 119 
                bytes:[32]
       1365     524480          0          0: 82 83 279 81 23 24 25 
                bytes:[384]
      16384     524304          0          0: 104 280 281 282 283 284 285 286 287 288 289 290 291 292 17 18 19 
                bytes:[32]
       8192     524320          0          0: 104 280 281 282 283 284 285 293 293 286 287 288 289 290 291 292 17 18 19 
                bytes:[64]
       4096     524352          0          0: 104 294 281 282 283 295 285 293 286 287 288 289 290 291 292 17 18 19 
                bytes:[128]
       4096     524352          0          0: 104 280 281 282 283 284 285 286 287 288 289 290 291 292 17 18 19 
                bytes:[128]
       4096     524352          0          0: 104 280 281 282 283 296 297 286 293 286 287 288 289 290 291 292 17 18 19 
                bytes:[128]
       8192     524320          0          0: 104 280 281 282 283 298 285 293 286 287 288 289 290 291 292 17 18 19 
                bytes:[64]
      16384     524304          0          0: 104 294 281 282 283 295 285 293 286 287 288 289 290 291 292 17 18 19 
                bytes:[32]
      32768     524296          0          0: 104 280 281 282 283 295 285 293 286 287 288 289 290 291 292 17 18 19 
                bytes:[16]
       4096     524352          0          0: 104 280 281 282 283 295 285 286 287 288 289 290 291 292 17 18 19 
                bytes:[128]
      32768     524296          0          0: 104 294 281 282 283 295 285 286 287 288 289 290 291 292 17 18 19 
                bytes:[16]
      16384     524304          0          0: 104 280 281 282 283 295 285 286 287 288 289 290 291 292 17 18 19 
                bytes:[32]
       8192     524320          0          0: 104 280 281 282 283 284 285 286 287 288 289 290 291 292 17 18 19 
                bytes:[64]
      16384     524304          0          0: 104 280 281 282 283 295 285 286 286 286 287 288 289 290 291 292 17 18 19 
                bytes:[32]
      32768     524296          0          0: 104 280 281 282 283 284 285 293 286 286 287 288 289 290 291 292 17 18 19 
                bytes:[16]
       8192     524320          0          0: 104 280 281 282 283 295 285 293 293 286 287 288 289 290 291 292 17 18 19 
                bytes:[64]
      32768     524296          0          0: 104 280 281 282 283 284 285 286 287 288 289 290 291 292 17 18 19 
                bytes:[16]
      16384     524304          0          0: 104 294 281 282 283 284 285 286 293 287 288 289 290 291 292 17 18 19 
                bytes:[32]
      16384     524304          0          0: 104 294 281 282 283 298 285 293 293 286 293 287 288 289 290 291 292 17 18 19 
                bytes:[32]
      16384     524304          0          0: 104 280 281 282 283 299 300 301 293 293 293 287 288 289 290 291 292 17 18 19 
                bytes:[32]
      32768     524296          0          0: 104 280 281 282 283 296 297 293 286 293 287 288 289 290 291 292 17 18 19 
                bytes:[16]
       4096     524352          0          0: 104 280 281 282 283 298 285 286 293 287 288 289 290 291 292 17 18 19 
                bytes:[128]
      32768     524296          0          0: 104 280 281 282 283 284 285 293 286 293 287 288 289 290 291 292 17 18 19 
                bytes:[16]
      32768     524296          0          0: 104 280 281 282 283 295 285 286 293 287 288 289 290 291 292 17 18 19 
                bytes:[16]
       4096     524352          0          0: 104 280 281 282 283 298 285 293 293 293 286 293 287 288 289 290 291 292 17 18 19 
                bytes:[128]
      32768     524296          0          0: 104 280 281 282 283 295 285 293 287 288 289 290 291 292 17 18 19 
                bytes:[16]
      16384     524304          0          0: 104 280 281 282 283 295 285 287 288 289 290 291 292 17 18 19 
                bytes:[32]
       8192     524320          0          0: 104 294 281 282 283 284 285 293 293 286 287 288 289 290 291 292 17 18 19 
                bytes:[64]
       8192     524320          0          0: 104 294 281 282 283 296 297 286 286 293 286 287 288 289 290 291 292 17 18 19 
                bytes:[64]
       4096     524352          0          0: 104 294 281 282 283 299 302 301 293 286 293 286 287 288 289 290 291 292 17 18 19 
                bytes:[128]
      16384     524304          0          0: 104 280 281 282 283 295 285 293 286 287 288 289 290 291 292 17 18 19 
                bytes:[32]
       4096     524352          0          0: 104 294 281 282 283 284 285 286 287 288 289 290 291 292 17 18 19 
                bytes:[128]
       4096     524352          0          0: 104 294 281 282 283 295 285 286 286 287 288 289 290 291 292 17 18 19 
                bytes:[128]
       4096     524352          0          0: 104 280 281 282 283 295 285 293 293 286 286 287 288 289 290 291 292 17 18 19 
                bytes:[128]
      16384     524304          0          0: 104 280 281 282 283 295 285 293 286 286 286 287 288 289 290 291 292 17 18 19 
                bytes:[32]
       2048     524416          0          0: 104 280 281 282 283 298 285 293 286 286 286 287 288 289 290 291 292 17 18 19 
                bytes:[256]
       8192     524320          0          0: 104 280 281 282 283 295 285 293 293 286 286 286 287 288 289 290 291 292 17 18 19 
                bytes:[64]
       2048     524416          0          0: 104 294 281 282 283 295 285 286 286 286 287 288 289 290 291 292 17 18 19 
                bytes:[256]
      32768     524296          0          0: 104 294 281 282 283 284 285 286 286 287 288 289 290 291 292 17 18 19 
                bytes:[16]
      16384     524304          0          0: 104 294 281 282 283 295 285 286 286 287 288 289 290 291 292 17 18 19 
                bytes:[32]
       8192     524320          0          0: 104 294 281 282 283 295 285 286 286 287 288 289 290 291 292 17 18 19 
                bytes:[64]
      16384     524304          0          0: 104 294 281 282 283 295 285 286 287 288 289 290 291 292 17 18 19 
                bytes:[32]
       4096     524352          0          0: 104 294 281 282 283 295 285 286 287 288 289 290 291 292 17 18 19 
                bytes:[128]
      24577    1572960          0          0: 104 280 281 282 283 295 285 286 287 288 289 290 291 292 17 18 19 
                bytes:[64]
       4096     524352          0          0: 104 280 281 282 283 284 285 286 286 286 287 288 289 290 291 292 17 18 19 
                bytes:[128]
       4096     524352          0          0: 104 294 281 282 283 284 285 286 286 287 288 289 290 291 292 17 18 19 
                bytes:[128]
       8192     524320          0          0: 104 294 281 282 283 284 285 286 293 286 286 287 288 289 290 291 292 17 18 19 
                bytes:[64]
       8192     524320          0          0: 104 294 281 282 283 295 285 286 293 286 286 287 288 289 290 291 292 17 18 19 
                bytes:[64]
      24577    1572960          0          0: 104 280 281 282 283 295 285 293 286 286 287 288 289 290 291 292 17 18 19 
                bytes:[64]
       2048     524416          0          0: 104 280 281 282 283 296 297 286 293 286 286 287 288 289 290 291 292 17 18 19 
                bytes:[256]
       8192     524320          0          0: 104 294 281 282 283 296 297 286 293 286 286 287 288 289 290 291 292 17 18 19 
                bytes:[64]
       8192     524320          0          0: 104 294 281 282 283 296 297 293 293 286 286 287 288 289 290 291 292 17 18 19 
                bytes:[64]
       4096     524352          0          0: 104 294 281 282 283 284 285 286 293 286 286 287 288 289 290 291 292 17 18 19 
                bytes:[128]
       8192     524320          0          0: 104 294 281 282 283 284 285 286 286 287 288 289 290 291 292 17 18 19 
                bytes:[64]
       4096     524352          0          0: 104 280 281 282 283 284 285 286 286 287 288 289 290 291 292 17 18 19 
                bytes:[128]
       2048     524416          0          0: 104 294 281 282 283 295 285 286 287 288 289 290 291 292 17 18 19 
                bytes:[256]
       8192     524320          0          0: 104 294 281 282 283 284 285 286 287 288 289 290 291 292 17 18 19 
                bytes:[64]
       2048     524416          0          0: 104 294 281 282 283 284 285 286 287 288 289 290 291 292 17 18 19 
                bytes:[256]
      16385    1048640          0          0: 104 294 281 282 283 295 285 287 288 289 290 291 292 17 18 19 
                bytes:[64]
      32768     524296          0          0: 104 280 281 282 283 295 285 287 288 289 290 291 292 17 18 19 
                bytes:[16]
        228     525440          0          0: 101 102 253 61 62 303 304 305 306 307 
                bytes:[2304]
         37     531489        -37    -531488: 101 102 253 61 62 303 304 305 306 307 
                bytes:[14336]
         43     530456          0          0: 308 309 310 311 307 
                bytes:[12288]
          0          0        -64    -528394: 308 309 310 311 307 
                bytes:[8192]
          8     557739          0          0: 308 309 310 311 307 
                bytes:[65536]
          0          0        -64    -528394: 254 61 62 303 304 305 306 307 
                bytes:[8192]
      16384     524304          0          0: 104 280 281 282 283 284 285 293 287 288 289 290 291 292 17 18 19 
                bytes:[32]
      16385     524304          0          0: 104 280 281 282 283 284 285 287 288 289 290 291 292 17 18 19 
                bytes:[32]
      16385    1048640          0          0: 104 280 281 282 283 284 285 287 288 289 290 291 292 17 18 19 
                bytes:[64]
       2049     524416          0          0: 104 280 281 282 283 284 285 287 288 289 290 291 292 17 18 19 
                bytes:[256]
       8193     524320          0          0: 104 294 281 282 283 295 285 293 287 288 289 290 291 292 17 18 19 
                bytes:[64]
       8192     524320          0          0: 104 280 281 282 283 295 285 293 287 288 289 290 291 292 17 18 19 
                bytes:[64]
       4096     524352          0          0: 104 294 281 282 283 284 285 286 293 287 288 289 290 291 292 17 18 19 
                bytes:[128]
       8192     524320          0          0: 104 280 281 282 283 284 285 286 293 287 288 289 290 291 292 17 18 19 
                bytes:[64]
       2049     524416          0          0: 104 280 281 282 283 295 285 287 288 289 290 291 292 17 18 19 
                bytes:[256]
      98306    1572888          0          0: 104 280 281 282 283 284 285 287 288 289 290 291 292 17 18 19 
                bytes:[16]
       4096     524352          0          0: 104 294 281 282 283 295 285 287 288 289 290 291 292 17 18 19 
                bytes:[128]
      32770    2097280          0          0: 104 294 281 282 283 284 285 287 288 289 290 291 292 17 18 19 
                bytes:[64]
      16384     524304          0          0: 104 294 281 282 283 295 285 287 288 289 290 291 292 17 18 19 
                bytes:[32]
      40962    2621600          0          0: 104 280 281 282 283 295 285 287 288 289 290 291 292 17 18 19 
                bytes:[64]
         22    1098496          0          0: 308 309 310 311 307 
                bytes:[49152]
     163843    2621480    -131074   -2097184: 104 280 281 282 312 313 314 315 290 291 292 17 18 19 
                bytes:[16]
     180229    5767344     -81922   -2621520: 104 294 281 282 312 313 314 315 290 291 292 17 18 19 
                bytes:[32]
      67600   17305728     -30727   -7866240: 104 280 281 282 312 313 314 315 290 291 292 17 18 19 
                bytes:[256]
     114691    3670128     -98307   -3145824: 104 280 281 282 312 313 314 315 290 291 292 17 18 19 
                bytes:[32]
     229379    3670072          0          0: 104 294 281 282 312 313 314 315 290 291 292 17 18 19 
                bytes:[16]
     147465    9437760     -65540   -4194560: 104 294 281 282 312 313 314 315 290 291 292 17 18 19 
                bytes:[64]
     163843    2621480     -32768    -524296: 229 230 231 316 317 318 317 316 317 319 307 
                bytes:[16]
     163842    2621480     -98305   -1572888: 247 230 231 316 317 318 317 316 317 316 317 319 307 
                bytes:[16]
      98306    1572888    -196611   -3145776: 247 230 231 320 321 307 
                bytes:[16]
          6     570634        -18   -1711902: 308 309 310 311 307 
                bytes:[90112]
     131074    2097184    -163842   -2621480: 240 230 231 320 321 307 
                bytes:[16]
      45067   11537153     -43018  -11012736: 104 280 281 282 322 323 324 310 311 307 
                bytes:[256]
         22     536672          0          0: 308 309 310 311 307 
                bytes:[24576]
      98306    1572888     -98305   -1572888: 240 230 231 316 317 318 317 319 307 
                bytes:[16]
     106502    6816160    -196620  -12583680: 325 326 307 
                bytes:[64]
      65537    1048592    -163842   -2621480: 104 280 281 282 322 323 324 310 311 307 
                bytes:[16]
     131074    2097184    -131074   -2097184: 246 230 231 316 317 316 317 316 317 316 317 319 307 
                bytes:[16]
     131076    4194432    -114691   -3670128: 104 294 281 282 322 323 324 310 311 307 
                bytes:[32]
          0          0        -16    -540842: 204 205 71 61 62 303 304 305 306 307 
                bytes:[32768]
          0          0        -37   -1077509: 204 205 71 61 62 303 304 305 306 307 
                bytes:[28672]
          8     557739          0          0: 58 59 60 61 62 303 304 305 306 307 
                bytes:[65536]
          7     562016          0          0: 58 59 60 61 62 303 304 305 306 307 
                bytes:[73728]
      98310    6291840     -73732   -4718880: 104 280 281 282 312 313 314 315 290 291 292 17 18 19 
                bytes:[64]
      57347    3670240     -98310   -6291840: 104 294 281 282 322 323 324 310 311 307 
                bytes:[64]
     131076    4194432     -65538   -2097216: 104 280 281 282 322 323 324 310 311 307 
                bytes:[32]
      81925    5243200    -131080   -8389120: 104 280 281 282 322 323 324 310 311 307 
                bytes:[64]
     131074    2097184     -98305   -1572888: 104 294 281 282 322 323 324 310 311 307 
                bytes:[16]
          0          0       -128    -526338: 251 61 62 303 304 305 306 307 
                bytes:[4096]
       8193    1048704          0          0: 104 280 281 282 283 295 285 287 288 289 290 291 292 17 18 19 
                bytes:[128]
      53255    6816576     -53254   -6816576: 104 280 281 282 322 323 324 310 311 307 
                bytes:[128]
          0          0       -256    -525312: 101 102 253 61 62 303 304 305 306 307 
                bytes:[2048]
          0          0        -24    -535243: 204 205 71 61 62 303 304 305 306 307 
                bytes:[21760]
       1024     524544          0          0: 104 280 281 282 322 327 328 329 311 307 
                bytes:[512]
       1024     524544      -1024    -524544: 104 280 281 282 322 330 328 329 311 307 
                bytes:[512]
       4097     524352      -8193   -1048704: 236 237 235 331 332 333 306 307 
                bytes:[128]
      65537    1048592     -65537   -1048592: 104 280 281 282 322 323 324 334 311 307 
                bytes:[16]
      65537    1048592     -65537   -1048592: 104 294 281 282 322 323 324 334 311 307 
                bytes:[16]
      32768     524296     -98305   -1572888: 335 326 307 
                bytes:[16]
     131074    2097184    -229379   -3670072: 246 230 231 320 321 307 
                bytes:[16]
      65537    1048592     -65537   -1048592: 104 294 281 282 312 311 307 
                bytes:[16]
      32772    4194816     -24579   -3146112: 104 280 281 282 322 323 324 334 311 307 
                bytes:[128]
      32769    1048608     -65538   -2097216: 104 280 281 282 322 323 324 334 311 307 
                bytes:[32]
     163843    2621480     -65537   -1048592: 236 237 235 331 332 333 306 307 
                bytes:[16]
      16384     524304     -49153   -1572912: 104 280 281 282 312 311 307 
                bytes:[32]
       6554     524328          0          0: 101 102 253 61 62 303 304 305 306 307 
                bytes:[80]
          0          0        -26    -534594: 204 205 71 61 62 303 304 305 306 307 
                bytes:[20480]
      65537    1048592    -262148   -4194368: 229 230 231 320 321 307 
                bytes:[16]
      32769     524296     -65537   -1048592: 236 238 235 331 332 333 306 307 
                bytes:[16]
      32772    4194816     -49158   -6292224: 104 294 281 282 312 311 307 
                bytes:[128]
      98305    1572888    -196611   -3145776: 84 336 326 307 
                bytes:[16]
      65537    1048592     -98305   -1572888: 337 321 307 
                bytes:[16]
      49155    3145920     -24577   -1572960: 236 237 235 331 332 333 306 307 
                bytes:[64]
      32769    1048608     -16384    -524304: 236 238 235 331 332 333 306 307 
                bytes:[32]
      87383    2097200     -43691   -1048600: 214 338 306 307 
                bytes:[24]
     425997   13631904    -376843  -12058992: 104 294 281 282 322 330 328 329 311 307 
                bytes:[32]
     196611    3145776     -65537   -1048592: 243 338 306 307 
                bytes:[16]
      73733    4718880     -32770   -2097280: 104 294 281 282 312 311 307 
                bytes:[64]
     524296    8388736    -524296   -8388736: 104 280 281 282 322 330 328 329 311 307 
                bytes:[16]
     143377   18352320     -69640   -8913984: 104 280 281 282 312 313 314 315 290 291 292 17 18 19 
                bytes:[128]
       1024     524544          0          0: 104 294 281 282 322 330 328 329 311 307 
                bytes:[512]
      98305    1572888     -98305   -1572888: 104 280 281 282 312 311 307 
                bytes:[16]
      32769     524296     -65537   -1048592: 339 235 331 332 333 306 307 
                bytes:[16]
     109230    2621500    -174766   -4194400: 214 340 321 307 
                bytes:[24]
     131074    2097184    -131074   -2097184: 234 235 331 332 333 306 307 
                bytes:[16]
     983055   15728880    -557064   -8913032: 104 294 281 282 322 330 328 329 311 307 
                bytes:[16]
     409612   13107600    -442381  -14156208: 104 280 281 282 322 327 328 329 311 307 
                bytes:[32]
     483358   30934880    -442395  -28313280: 104 294 281 282 322 327 328 329 311 307 
                bytes:[64]
      16386    2097408     -24579   -3146112: 104 280 281 282 312 311 307 
                bytes:[128]
      65537    1572900    -218458   -5243000: 214 336 326 307 
                bytes:[24]
     786444   12583104    -720907  -11534512: 104 294 281 282 322 327 328 329 311 307 
                bytes:[16]
     442382   14156208    -606226  -19399248: 104 294 281 282 322 327 328 329 311 307 
                bytes:[32]
      22534    5768576     -14339   -3670912: 104 294 281 282 322 323 324 334 311 307 
                bytes:[256]
     274465   35131584    -319527  -40899456: 104 294 281 282 322 330 328 329 311 307 
                bytes:[128]
     116765   29891713    -141346  -36184704: 104 294 281 282 322 330 328 329 311 307 
                bytes:[256]
      40962    2621600      -8192    -524320: 104 280 281 282 312 311 307 
                bytes:[64]
      10243    2622080     -14339   -3670912: 104 294 281 282 312 311 307 
                bytes:[256]
     548898   35129440    -491550  -31459200: 104 280 281 282 322 327 328 329 311 307 
                bytes:[64]
     163843    2621480    -294916   -4718664: 243 340 321 307 
                bytes:[16]
      98309    4718808    -262156  -12583488: 341 321 307 
                bytes:[48]
      40965    5243520     -36868   -4719168: 104 294 281 282 322 323 324 334 311 307 
                bytes:[128]
     112899   32514785    -109256  -31465920: 179 342 306 307 
                bytes:[288]
     119676   76592777    -114758  -73445129: 343 344 306 307 
                bytes:[640]
      22533    5768576     -18436   -4719744: 104 280 281 282 322 323 324 334 311 307 
                bytes:[256]
      49153    1572912     -49153   -1572912: 104 294 281 282 312 311 307 
                bytes:[32]
     270352   17302560    -311315  -19924160: 104 294 281 282 322 330 328 329 311 307 
                bytes:[64]
     159783   40904449    -182316  -46673024: 104 280 281 282 322 327 328 329 311 307 
                bytes:[256]
      14340    3670912     -28679   -7341824: 104 280 281 282 312 311 307 
                bytes:[256]
     368662   23594400    -466972  -29886240: 104 280 281 282 322 330 328 329 311 307 
                bytes:[64]
     393228   12583296    -409612  -13107600: 104 280 281 282 322 330 328 329 311 307 
                bytes:[32]
     483387   61873536    -426036  -54532608: 104 294 281 282 322 327 328 329 311 307 
                bytes:[128]
     110619   28318465    -122910  -31464960: 104 280 281 282 322 330 328 329 311 307 
                bytes:[256]
      24578    1572960     -32770   -2097280: 104 280 281 282 322 323 324 334 311 307 
                bytes:[64]
      98307    3145824     -49153   -1572912: 236 237 235 331 332 333 306 307 
                bytes:[32]
     622601    9961624    -786444  -12583104: 104 280 281 282 322 327 328 329 311 307 
                bytes:[16]
     219189   56112513    -227383  -58210177: 104 294 281 282 322 327 328 329 311 307 
                bytes:[256]
     372781   47716033    -417843  -53483904: 104 280 281 282 322 327 328 329 311 307 
                bytes:[128]
      76463    3670184    -109231   -5243120: 345 306 307 
                bytes:[48]
      90118    5767520    -139272   -8913440: 346 307 
                bytes:[64]
      32769    1048608     -32769   -1048608: 104 294 281 282 322 323 324 334 311 307 
                bytes:[32]
     217114   27790657    -335913  -42996864: 104 280 281 282 322 330 328 329 311 307 
                bytes:[128]
      40962    2621600     -57347   -3670240: 104 294 281 282 322 323 324 334 311 307 
                bytes:[64]
     112898   32514785    -129287  -37234672: 347 348 326 307 
                bytes:[288]
      26631    6817409     -24582   -6292992: 104 294 281 282 322 323 324 310 311 307 
                bytes:[256]
     120154    5767432    -207540   -9961928: 349 348 326 307 
                bytes:[48]
      98331   28319329    -191199  -55065361: 179 350 321 307 
                bytes:[288]
      94219   12060096     -86026  -11011392: 104 294 281 282 322 323 324 310 311 307 
                bytes:[128]
          3     666237          0          0: 66 303 304 305 306 307 
                bytes:[262144]
          3     637975          0          0: 66 303 304 305 306 307 
                bytes:[212992]
         13     545035          0          0: 58 59 60 61 62 303 304 305 306 307 
                bytes:[40960]
          0          0         -2    -661474: 66 303 304 305 306 307 
                bytes:[253952]
          0          0         -2    -652012: 66 303 304 305 306 307 
                bytes:[237568]
          0          0         -2    -642633: 66 303 304 305 306 307 
                bytes:[221184]
          9     553482         -9    -553482: 58 59 60 61 62 303 304 305 306 307 
                bytes:[57344]
          0          0       -152    -526017: 68 69 70 71 61 62 303 304 305 306 307 
                bytes:[3456]
          6    2313005          0          0: 132 91 92 93 
                bytes:[434176]
     109237   10486720          0          0: 159 107 89 114 92 93 
                bytes:[96]
      10924    1048672          0          0: 135 107 89 90 122 3 4 
                bytes:[96]
       5462     524336          0          0: 88 89 136 3 4 
                bytes:[96]
      19662    1572984          0          0: 135 107 89 136 3 4 
                bytes:[80]
     109232    5243120          0          0: 135 107 89 109 98 119 
                bytes:[48]
        820    1049856          0          0: 273 98 119 
                bytes:[1280]
      52433    4194624          0          0: 159 107 89 109 98 119 
                bytes:[80]
      21848    3146160          0          0: 72 107 89 109 98 119 
                bytes:[144]
      14045    1573032          0          0: 135 107 89 109 98 119 
                bytes:[112]
     131080    8389120          0          0: 72 107 89 109 98 119 
                bytes:[64]
      65540    4194560          0          0: 159 107 89 109 98 119 
                bytes:[64]
       3278     524368          0          0: 72 107 89 109 98 119 
                bytes:[160]
      21847    2097344          0          0: 162 257 89 109 98 119 
                bytes:[96]
      32771    3146016          0          0: 135 107 89 109 98 119 
                bytes:[96]
      42135    4719096          0          0: 72 107 89 109 98 119 
                bytes:[112]
      98306    1572888          0          0: 243 351 98 119 
                bytes:[16]
      14045    1573032          0          0: 162 257 89 109 98 119 
                bytes:[112]
      98310    6291840          0          0: 162 257 89 109 98 119 
                bytes:[64]
      21846     524300          0          0: 117 89 109 98 119 
                bytes:[24]
      19662    1572984          0          0: 88 89 109 98 119 
                bytes:[80]
      57351    7340928          0          0: 88 89 109 98 119 
                bytes:[128]
      16386    2097408          0          0: 72 107 89 109 98 119 
                bytes:[128]
      43694    4194688          0          0: 72 107 89 109 98 119 
                bytes:[96]
     106503    6816160          0          0: 135 107 89 109 98 119 
                bytes:[64]
         58    1067116          0          0: 58 59 131 122 3 4 
                bytes:[18432]
         25     535243          0          0: 58 59 60 61 138 139 140 65 
                bytes:[21760]
        313    6415136          0          0: 58 59 60 61 138 139 140 65 
                bytes:[20480]
      13851   28366884          0          0: 68 69 70 71 61 138 139 140 65 
                bytes:[2048]
       8193     524320          0          0: 178 145 61 138 139 140 65 
                bytes:[64]
      26631    6817408          0          0: 68 69 70 71 61 138 139 140 65 
                bytes:[256]
        133   11983314          0          0: 58 59 60 61 138 139 140 65 
                bytes:[90112]
      32769     524296          0          0: 164 73 73 141 145 61 138 139 140 65 
                bytes:[16]
       6273   33726758          0          0: 68 69 70 71 61 138 139 140 65 
                bytes:[5376]
      18450   18892806          0          0: 68 69 70 71 61 138 139 140 65 
                bytes:[1024]
       9437   32613110          0          0: 68 69 70 71 61 138 139 140 65 
                bytes:[3456]
         53    5174776          0          0: 58 59 60 61 138 139 140 65 
                bytes:[98304]
      20483    2621760          0          0: 68 69 70 71 61 138 139 140 65 
                bytes:[128]
        391   25655971          0          0: 58 59 60 61 138 139 140 65 
                bytes:[65536]
        104   11007411          0          0: 58 59 60 61 138 139 140 65 
                bytes:[106496]
        320   23604660          0          0: 58 59 60 61 138 139 140 65 
                bytes:[73728]
        214   17555741          0          0: 58 59 60 61 138 139 140 65 
                bytes:[81920]
       3238   39784200          0          0: 68 69 70 71 61 138 139 140 65 
                bytes:[12288]
       5160   42271574          0          0: 68 69 70 71 61 138 139 140 65 
                bytes:[8192]
          8     562016          0          0: 58 59 60 61 138 139 352 151 17 18 19 
                bytes:[73728]
        604    7426384          0          0: 58 59 60 61 138 139 140 65 
                bytes:[12288]
        348    6402696          0          0: 58 59 60 61 138 139 140 65 
                bytes:[18432]
        536   26363901          0          0: 58 59 60 61 138 139 140 65 
                bytes:[49152]
        878   35972286          0          0: 58 59 60 61 138 139 140 65 
                bytes:[40960]
       1052   60329599          0          0: 58 59 60 61 138 139 140 65 
                bytes:[57344]
          8     562016          0          0: 82 83 171 81 23 24 25 
                bytes:[73728]
     207550   19924768          0          0: 135 107 89 114 92 93 
                bytes:[96]
     308042   24643416          0          0: 72 107 89 114 92 93 
                bytes:[80]
      98305    1572888          0          0: 353 121 122 15 16 17 18 19 
                bytes:[16]
      65537    1048592          0          0: 354 121 122 15 16 17 18 19 
                bytes:[16]
         86    1060912          0          0: 58 59 131 91 92 93 
                bytes:[12288]
     557098   44567880          0          0: 135 107 89 114 92 93 
                bytes:[80]
     294925   14156424          0          0: 88 89 114 92 93 
                bytes:[48]
         58    1067116          0          0: 58 59 131 91 92 93 
                bytes:[18432]
     262168   25168128          0          0: 162 257 89 114 92 93 
                bytes:[96]
        515    3164196          0          0: 101 102 103 91 92 93 
                bytes:[6144]
    3932220   62915520          0          0: 353 121 91 92 93 
                bytes:[16]
    3899451   62391224          0          0: 354 121 91 92 93 
                bytes:[16]
    3833914   61342632          0          0: 123 121 91 92 93 
                bytes:[16]
    3473461   55575376          0          0: 120 121 91 92 93 
                bytes:[16]
     609531   48762504          0          0: 162 257 89 114 92 93 
                bytes:[80]
     285580   31984984          0          0: 72 107 89 114 92 93 
                bytes:[112]
     196611    3145776          0          0: 355 98 119 
                bytes:[16]
    2424869   38797904          0          0: 354 121 122 3 4 
                bytes:[16]
    2883628   46138048          0          0: 123 121 122 3 4 
                bytes:[16]
    2687017   42992272          0          0: 353 121 122 3 4 
                bytes:[16]
    3113008   49808120          0          0: 120 121 122 3 4 
                bytes:[16]
        256     525312          0          0: 251 61 62 63 54 64 65 
                bytes:[2048]
          5    1332475          0          0: 66 63 54 64 65 
                bytes:[262144]
         15    1751163          0          0: 58 59 60 61 62 63 54 64 65 
                bytes:[114688]
          9    1913925          0          0: 66 63 54 64 65 
                bytes:[212992]
          2     705084          0          0: 66 63 54 64 65 
                bytes:[327680]
         23    1098496          0          0: 58 59 60 61 62 63 54 64 65 
                bytes:[49152]
          5     588126          0          0: 58 59 60 61 62 63 54 64 65 
                bytes:[122880]
         11    1158675          0          0: 58 59 60 61 62 63 54 64 65 
                bytes:[106496]
        216    2652280          0          0: 68 69 70 71 61 62 63 54 64 65 
                bytes:[12288]
          2     745244          0          0: 66 63 54 64 65 
                bytes:[393216]
        120    4905312          0          0: 58 59 60 61 62 63 54 64 65 
                bytes:[40960]
       4097    1048832          0          0: 68 69 70 71 61 62 63 54 64 65 
                bytes:[256]
          6    1304024          0          0: 66 63 54 64 65 
                bytes:[237568]
          4    1450003          0          0: 66 63 54 64 65 
                bytes:[360448]
          2     735082          0          0: 66 63 54 64 65 
                bytes:[376832]
        608    2104072          0          0: 68 69 70 71 61 62 63 54 64 65 
                bytes:[3456]
          2     715002          0          0: 66 63 54 64 65 
                bytes:[344064]
          8    1970199          0          0: 66 63 54 64 65 
                bytes:[245760]
        513     524800          0          0: 68 69 70 71 61 62 63 54 64 65 
                bytes:[1024]
         68    3874378          0          0: 58 59 60 61 62 63 54 64 65 
                bytes:[57344]
          6    1322950          0          0: 66 63 54 64 65 
                bytes:[253952]
          3     671021          0          0: 66 63 54 64 65 
                bytes:[270336]
         25    1673216          0          0: 58 59 60 61 62 63 54 64 65 
                bytes:[65536]
       3073    1573632          0          0: 68 69 70 71 61 62 63 54 64 65 
                bytes:[512]
          3     642633          0          0: 66 63 54 64 65 
                bytes:[221184]
       1026    2101251          0          0: 68 69 70 71 61 62 63 54 64 65 
                bytes:[2048]
          3    1594514          0          0: 66 63 54 64 65 
                bytes:[475136]
          5    2328639          0          0: 66 63 54 64 65 
                bytes:[442368]
          6    2220460          0          0: 66 63 54 64 65 
                bytes:[385024]
          2     760639          0          0: 66 63 54 64 65 
                bytes:[417792]
          3    1615794          0          0: 66 63 54 64 65 
                bytes:[491520]
         21    1698943          0          0: 58 59 60 61 62 63 54 64 65 
                bytes:[81920]
          6     570634          0          0: 58 59 60 61 62 63 54 64 65 
                bytes:[90112]
         98     526980          0          0: 68 69 70 71 61 62 63 54 64 65 
                bytes:[5376]
        129    1056790          0          0: 68 69 70 71 61 62 63 54 64 65 
                bytes:[8192]
         39    2810079          0          0: 58 59 60 61 62 63 54 64 65 
                bytes:[73728]
          3    1542003          0          0: 66 63 54 64 65 
                bytes:[434176]
          9    3777437          0          0: 66 63 54 64 65 
                bytes:[409600]
          2     755487          0          0: 66 63 54 55 56 57 17 18 19 
                bytes:[409600]
          4    1510975          0          0: 356 357 56 57 17 18 19 
                bytes:[409600]
      32769     524296          0          0: 358 359 18 19 
                bytes:[16]
      32769    1572936          0          0: 360 18 19 
                bytes:[48]
      32769    1048608          0          0: 77 361 80 81 23 24 25 
                bytes:[32]
          4     592552          0          0: 77 171 81 23 24 25 
                bytes:[131072]
       6554     524328          0          0: 82 227 80 81 23 24 25 
                bytes:[80]
      16385     524304          0          0: 362 80 81 23 24 25 
                bytes:[32]
      21846    1048624          0          0: 82 83 78 79 80 81 23 24 25 
                bytes:[48]
      21846     524300          0          0: 82 227 80 81 23 24 25 
                bytes:[24]
      27309    2621680          0          0: 82 83 361 80 81 23 24 25 
                bytes:[96]
       8193     524320          0          0: 82 363 279 81 23 24 25 
                bytes:[64]
      24577    1572960          0          0: 82 227 80 81 23 24 25 
                bytes:[64]
      10923    1048672          0          0: 77 361 80 81 23 24 25 
                bytes:[96]
      21846     524300          0          0: 82 227 364 80 81 23 24 25 
                bytes:[24]
      43693    2097248          0          0: 82 363 78 79 80 81 23 24 25 
                bytes:[48]
       3279    1573584          0          0: 82 83 279 81 23 24 25 
                bytes:[480]
      16384     524304          0          0: 82 227 80 81 23 24 25 
                bytes:[32]
      43692    1048600          0          0: 365 18 19 
                bytes:[24]
      65537    1048592          0          0: 366 361 80 81 23 24 25 
                bytes:[16]
          5     574975          0          0: 213 23 24 25 
                bytes:[98304]
       1025     524544          0          0: 82 363 171 81 23 24 25 
                bytes:[512]
        911     524576          0          0: 82 363 171 81 23 24 25 
                bytes:[576]
     147460    4718736          0          0: 82 363 279 81 23 24 25 
                bytes:[32]
       3279    1573584          0          0: 82 363 171 81 23 24 25 
                bytes:[480]
      21846     524300          0          0: 367 368 80 81 23 24 25 
                bytes:[24]
       2521    1048992          0          0: 82 83 279 81 23 24 25 
                bytes:[416]
      10537    4720608          0          0: 82 83 279 81 23 24 25 
                bytes:[448]
       8195    3671584          0          0: 82 363 171 81 23 24 25 
                bytes:[448]
       8192     524320          0          0: 82 83 78 79 80 81 23 24 25 
                bytes:[64]
       1260     524496          0          0: 82 363 171 81 23 24 25 
                bytes:[416]
         19     538755          0          0: 77 171 81 23 24 25 
                bytes:[28672]
      32769    1048608          0          0: 82 227 369 79 80 81 23 24 25 
                bytes:[32]
      32770    1572936          0          0: 82 227 80 81 23 24 25 
                bytes:[48]
      16385    1048640          0          0: 82 363 361 80 81 23 24 25 
                bytes:[64]
      10923     524312          0          0: 82 363 279 81 23 24 25 
                bytes:[48]
          6     570634          0          0: 213 23 24 25 
                bytes:[90112]
      19663    1572984          0          0: 370 81 23 24 25 
                bytes:[80]
      98306    1572888          0          0: 135 107 89 114 92 93 
                bytes:[16]
          3     628722          0          0: 132 91 92 93 
                bytes:[196608]
     240309   11534864          0          0: 72 107 89 114 92 93 
                bytes:[48]
     174767    4194400          0          0: 135 107 89 114 92 93 
                bytes:[24]
       3642     524360          0          0: 209 210 211 371 121 91 92 93 
                bytes:[144]
         10    3575011          0          0: 132 91 92 93 
                bytes:[344064]
     346197   88626305          0          0: 104 372 106 91 92 93 
                bytes:[256]
     196611    3145776          0          0: 164 97 98 99 91 92 93 
                bytes:[16]
     147461    4718736          0          0: 115 97 98 99 91 92 93 
                bytes:[32]
        587    1576899          0          0: 118 92 93 
                bytes:[2688]
    1114129   17826064          0          0: 259 98 119 
                bytes:[16]
     131074    2097184          0          0: 373 374 130 73 97 98 99 91 92 93 
                bytes:[16]
          5     588126          0          0: 58 59 131 91 92 93 
                bytes:[122880]
         29     533558          0          0: 101 102 103 91 92 93 
                bytes:[18432]
         15    1751163          0          0: 58 59 131 91 92 93 
                bytes:[114688]
          4    1521277          0          0: 132 91 92 93 
                bytes:[417792]
         25    2282536          0          0: 58 59 131 91 92 93 
                bytes:[90112]
          7    3125777          0          0: 132 91 92 93 
                bytes:[450560]
     327690   10486080          0          0: 135 107 89 114 92 93 
                bytes:[32]
       4370    1048816          0          0: 88 89 109 98 119 
                bytes:[240]
     185694    8913304          0          0: 263 109 98 119 
                bytes:[48]
         12    1141268          0          0: 82 83 171 81 23 24 25 
                bytes:[90112]
          6     574975          0          0: 77 171 81 23 24 25 
                bytes:[98304]
         15    1124032          0          0: 77 171 81 23 24 25 
                bytes:[73728]
      24579    3146112          0          0: 77 279 81 23 24 25 
                bytes:[128]
     786456   25166592          0          0: 104 372 106 91 92 93 
                bytes:[32]
         23    1686047          0          0: 58 59 131 91 92 93 
                bytes:[73728]
         77    5019646          0          0: 58 59 131 91 92 93 
                bytes:[65536]
          5    1351650          0          0: 132 91 92 93 
                bytes:[278528]
      30434    6817200          0          0: 88 89 114 92 93 
                bytes:[224]
     283996    6815900          0          0: 72 107 89 114 92 93 
                bytes:[24]
     516128   33032160          0          0: 159 107 89 114 92 93 
                bytes:[64]
         18    4697146          0          0: 132 91 92 93 
                bytes:[270336]
        513     524800          0          0: 134 91 92 93 
                bytes:[1024]
    1136009   54528448          0          0: 263 114 92 93 
                bytes:[48]
     109229    2621500          0          0: 117 89 114 92 93 
                bytes:[24]
      10923     524312          0          0: 135 107 89 90 122 3 4 
                bytes:[48]
      46816    5243440          0          0: 88 89 109 98 119 
                bytes:[112]
      32769     524296          0          0: 162 257 89 109 98 119 
                bytes:[16]
      57348    3670240          0          0: 88 89 109 98 119 
                bytes:[64]
      54616    2621560          0          0: 88 89 109 98 119 
                bytes:[48]
      18207    2621800          0          0: 88 89 109 98 119 
                bytes:[144]
      32769     524296          0          0: 209 210 211 371 121 122 15 16 17 18 19 
                bytes:[16]
     152921    3670100          0          0: 82 375 81 23 24 25 
                bytes:[24]
        156    3207568          0          0: 101 102 103 91 92 93 
                bytes:[20480]
     114692    3670128          0          0: 209 210 211 371 121 91 92 93 
                bytes:[32]
      10923     524312          0          0: 72 107 89 90 91 92 93 
                bytes:[48]
       2048     524416          0          0: 100 92 93 
                bytes:[256]
          2     735082          0          0: 132 91 92 93 
                bytes:[376832]
         77    4427861          0          0: 101 102 103 91 92 93 
                bytes:[57344]
         19    6390299          0          0: 132 91 92 93 
                bytes:[335872]
         17     540843          0          0: 101 102 103 91 92 93 
                bytes:[32768]
     262150    6291600          0          0: 209 210 211 371 121 91 92 93 
                bytes:[24]
         11    1158675          0          0: 58 59 131 91 92 93 
                bytes:[106496]
         28    2265257          0          0: 58 59 131 91 92 93 
                bytes:[81920]
     327685    5242960          0          0: 209 210 211 371 121 91 92 93 
                bytes:[16]
         11    3550166          2     710033: 132 122 3 4 
                bytes:[335872]
         38    2810078          0          0: 58 59 131 122 3 4 
                bytes:[73728]
          2     735083          0          0: 132 122 3 4 
                bytes:[376832]
         68    4461908          0          0: 58 59 131 122 3 4 
                bytes:[65536]
         11    1158675          0          0: 58 59 131 122 3 4 
                bytes:[106496]
         15    1751163          0          0: 58 59 131 122 3 4 
                bytes:[114688]
         18    1724925          0          0: 58 59 131 122 3 4 
                bytes:[98304]
     917518   14680288          0          0: 209 210 211 371 121 122 3 4 
                bytes:[16]
         26    2282536          6     570634: 58 59 131 122 3 4 
                bytes:[90112]
         76    6229456         20    1698942: 58 59 131 122 3 4 
                bytes:[81920]
          5     579337          0          0: 58 59 131 122 15 16 17 18 19 
                bytes:[106496]
       2979     524376          0          0: 209 210 211 371 121 122 3 4 
                bytes:[176]
        173    7085450          0          0: 58 59 131 122 3 4 
                bytes:[40960]
        257    1052678          0          0: 77 171 81 23 24 25 
                bytes:[4096]
     671764   21496464          0          0: 376 91 92 93 
                bytes:[32]
     852020   54529280          0          0: 104 372 106 91 92 93 
                bytes:[64]
          6    1294624          0          0: 132 91 92 93 
                bytes:[229376]
      32772    3670408          0          0: 209 210 211 371 121 91 92 93 
                bytes:[112]
     185694    8913304          0          0: 209 210 211 371 121 91 92 93 
                bytes:[48]
      65541    5243280          0          0: 209 210 211 371 121 91 92 93 
                bytes:[80]
      10924    1048672          0          0: 209 210 211 371 121 91 92 93 
                bytes:[96]
     114695    7340480          0          0: 209 210 211 371 121 91 92 93 
                bytes:[64]
      54616    2621560          0          0: 72 107 89 109 98 119 
                bytes:[48]
     152925    7340368          0          0: 133 98 119 
                bytes:[48]
      43692    2097248          0          0: 162 257 89 109 98 119 
                bytes:[48]
      78649    6291936          0          0: 162 257 89 109 98 119 
                bytes:[80]
          5    2251068          0          0: 132 122 3 4 
                bytes:[401408]
          7    2100469          0          0: 132 122 3 4 
                bytes:[319488]
     371379    8913100          0          0: 209 210 211 371 121 122 3 4 
                bytes:[24]
      10923     524312          0          0: 209 210 211 371 121 122 15 16 17 18 19 
                bytes:[48]
          3     628722          0          0: 132 122 3 4 
                bytes:[196608]
          9    1913925          0          0: 132 122 3 4 
                bytes:[212992]
       4096     524352          0          0: 209 210 211 371 121 122 3 4 
                bytes:[128]
         12    4350011          0          0: 132 122 3 4 
                bytes:[360448]
      28090    3146064          0          0: 209 210 211 371 121 122 3 4 
                bytes:[112]
          6    2159976          0          0: 132 122 3 4 
                bytes:[352256]
          9    2860010          2     715002: 132 122 3 4 
                bytes:[344064]
       3641     524360          0          0: 209 210 211 371 121 122 3 4 
                bytes:[144]
          5    1410170          0          0: 132 122 3 4 
                bytes:[327680]
       3277     524368          0          0: 209 210 211 371 121 122 3 4 
                bytes:[160]
      54618    5243360          0          0: 209 210 211 371 121 122 3 4 
                bytes:[96]
          7    2027475          0          0: 132 122 3 4 
                bytes:[278528]
         13    3307374          0          0: 132 122 3 4 
                bytes:[253952]
     327690   10486080          0          0: 209 210 211 371 121 122 3 4 
                bytes:[32]
         78    3844735          0          0: 58 59 131 122 3 4 
                bytes:[49152]
         30    7224063          0          0: 132 122 3 4 
                bytes:[245760]
         15    3213165          0          0: 132 122 3 4 
                bytes:[221184]
         78    1603784          0          0: 58 59 131 122 3 4 
                bytes:[20480]
          8    3986285          0          0: 132 122 3 4 
                bytes:[475136]
          3    1615794          0          0: 132 122 3 4 
                bytes:[491520]
         33   12582611          3    1480307: 132 122 3 4 
                bytes:[385024]
          9    3803194          0          0: 132 122 3 4 
                bytes:[417792]
         11    2589248          0          0: 132 122 3 4 
                bytes:[229376]
          8    3933478          0          0: 132 122 3 4 
                bytes:[458752]
     404157   19399544          0          0: 209 210 211 371 121 122 3 4 
                bytes:[48]
        280   16050995          0          0: 58 59 131 122 3 4 
                bytes:[57344]
     196623   15729840          0          0: 209 210 211 371 121 122 3 4 
                bytes:[80]
         11    4626010          0          0: 132 122 3 4 
                bytes:[434176]
         29   13195623          0          0: 132 122 3 4 
                bytes:[442368]
     303123   19399840          0          0: 209 210 211 371 121 122 3 4 
                bytes:[64]
         21    9377332          0          0: 132 122 3 4 
                bytes:[450560]
         11    4471468          0          0: 132 122 3 4 
                bytes:[393216]
         29   12087797          1     755487: 132 122 3 4 
                bytes:[409600]
      32769    1048608          0          0: 104 377 378 296 297 287 379 81 23 24 25 
                bytes:[32]
     131076    4194432          0          0: 104 380 378 296 297 287 379 81 23 24 25 
                bytes:[32]
      10243    2622080          0          0: 77 279 81 23 24 25 
                bytes:[256]
        513    1050625          0          0: 68 69 173 167 168 150 151 17 18 19 
                bytes:[2048]
        130    2130090          0          0: 68 69 173 167 168 150 151 17 18 19 
                bytes:[16384]
        323    2641973          0          0: 68 69 173 167 168 150 151 17 18 19 
                bytes:[8192]
         98    2140973          0          0: 68 69 173 167 168 150 151 17 18 19 
                bytes:[21760]
         75    2155019          0          0: 68 69 173 167 168 150 151 17 18 19 
                bytes:[28672]
         40    1635104          0          0: 77 171 81 23 24 25 
                bytes:[40960]
     360453    5767256          0          0: 104 380 378 296 297 287 379 81 23 24 25 
                bytes:[16]
      12746    3671024          0          0: 381 18 19 
                bytes:[288]
       1821     524432          0          0: 382 218 150 151 17 18 19 
                bytes:[288]
         29    1660448          0          0: 77 171 81 23 24 25 
                bytes:[57344]
       4681     524344          0          0: 82 363 279 81 23 24 25 
                bytes:[112]
       9832    1573104          0          0: 383 81 23 24 25 
                bytes:[160]
       4098    2098176          0          0: 68 69 173 167 168 150 151 17 18 19 
                bytes:[512]
       4097    1048832          0          0: 68 69 173 167 168 150 151 17 18 19 
                bytes:[256]
     163842    2621480          0          0: 104 377 378 296 297 287 379 81 23 24 25 
                bytes:[16]
      15368    7868161          0          0: 77 279 81 23 24 25 
                bytes:[512]
       8193     524320          0          0: 376 91 92 93 
                bytes:[64]
     409613   13107600          0          0: 162 257 89 114 92 93 
                bytes:[32]
         80    3270208          0          0: 58 59 131 91 92 93 
                bytes:[40960]
         18    3827849          0          0: 132 91 92 93 
                bytes:[212992]
        258    2113579          0          0: 134 91 92 93 
                bytes:[8192]
          8    2879967          0          0: 132 91 92 93 
                bytes:[352256]
         12    4350011          0          0: 132 91 92 93 
                bytes:[360448]
     147479   23596560          0          0: 88 89 114 92 93 
                bytes:[160]
          6    2251068          0          0: 132 91 92 93 
                bytes:[401408]
     524320   33556480          0          0: 162 257 89 114 92 93 
                bytes:[64]
         42    2788693          0          0: 134 91 92 93 
                bytes:[65536]
     220037   24644168          0          0: 88 89 114 92 93 
                bytes:[112]
         11    3525423          0          0: 132 91 92 93 
                bytes:[327680]
         11    3500783          0          0: 132 91 92 93 
                bytes:[319488]
        260    4260181          0          0: 134 91 92 93 
                bytes:[16384]
         10    2645899          0          0: 132 91 92 93 
                bytes:[253952]
        165    5408426          0          0: 134 91 92 93 
                bytes:[32768]
        257     525313          0          0: 134 91 92 93 
                bytes:[2048]
         25    5868110          0          0: 132 91 92 93 
                bytes:[237568]
    2621480   41943680          0          0: 110 89 114 92 93 
                bytes:[16]
         37     531489          0          0: 58 59 131 91 92 93 
                bytes:[14336]
          3    1615794          0          0: 132 91 92 93 
                bytes:[491520]
   20414776  326636408          0          0: 104 105 106 91 92 93 
                bytes:[16]
          3    1594514          0          0: 132 91 92 93 
                bytes:[475136]
         11    4440921          0          0: 132 91 92 93 
                bytes:[385024]
       8193     524320          0          0: 115 97 98 119 
                bytes:[64]
     409612   13107600          0          0: 384 127 73 97 98 99 91 92 93 
                bytes:[32]
     294917    4718664          0          0: 162 163 97 98 99 91 92 93 
                bytes:[16]
     393222    6291552          0          0: 385 386 387 127 73 97 98 99 91 92 93 
                bytes:[16]
    1802268   28836280          0          0: 255 125 126 127 73 97 98 119 
                bytes:[16]
    1736730   27787688          0          0: 266 73 97 98 119 
                bytes:[16]
    1605657   25690504          0          0: 385 386 387 127 73 97 98 119 
                bytes:[16]
     262148    4194368          0          0: 266 73 97 98 99 91 92 93 
                bytes:[16]
      16385    1048640          0          0: 128 98 119 
                bytes:[64]
    1048592   16777472          0          0: 115 97 98 119 
                bytes:[16]
    1179675   28312200          0          0: 260 98 119 
                bytes:[24]
    1933341   30933464          0          0: 164 97 98 119 
                bytes:[16]
     966686   30933936          0          0: 115 97 98 119 
                bytes:[32]
    1802295   57673440          0          0: 384 127 73 97 98 119 
                bytes:[32]
    1998878   31982056          0          0: 162 163 97 98 119 
                bytes:[16]
    1736731   27787688          0          0: 373 374 130 73 97 98 119 
                bytes:[16]
         27    1090069          0          0: 101 102 103 91 92 93 
                bytes:[40960]
     393234   18875232          0          0: 162 257 89 114 92 93 
                bytes:[48]
        174    9962686          0          0: 58 59 131 91 92 93 
                bytes:[57344]
          4    1573391          0          0: 132 91 92 93 
                bytes:[458752]
          3    1552426          0          0: 132 91 92 93 
                bytes:[442368]
         18    7554873          0          0: 132 91 92 93 
                bytes:[409600]
     254897   36705200          0          0: 88 89 114 92 93 
                bytes:[144]
     175785   30938184          0          0: 88 89 114 92 93 
                bytes:[176]
      85204    6816264          0          0: 135 107 89 109 98 119 
                bytes:[80]
       7563    1573176          0          0: 88 89 109 98 119 
                bytes:[208]
         11    4532924          0          0: 132 122 15 16 17 18 19 
                bytes:[409600]
          6     570634          0          0: 113 81 23 24 25 
                bytes:[90112]
     782432  100151232          0          0: 104 372 106 91 92 93 
                bytes:[128]
         45   11164461          0          0: 132 91 92 93 
                bytes:[245760]
     465341   37227288          0          0: 159 107 89 114 92 93 
                bytes:[80]
     147461    4718736          0          0: 72 107 89 114 92 93 
                bytes:[32]
     535235   25691288          0          0: 159 107 89 114 92 93 
                bytes:[48]
     174767    4194400          0          0: 162 257 89 114 92 93 
                bytes:[24]
        490    2634903          0          0: 118 92 93 
                bytes:[5376]
       8192     524320          0          0: 108 89 114 92 93 
                bytes:[64]
      63028   13109800          0          0: 88 89 114 92 93 
                bytes:[208]
     633544   30410096          0          0: 135 107 89 114 92 93 
                bytes:[48]
     203177   16254168          0          0: 88 89 114 92 93 
                bytes:[80]
     245790   31461120          0          0: 88 89 114 92 93 
                bytes:[128]
      32768     524296          0          0: 72 107 89 114 92 93 
                bytes:[16]
     273092   26216800          0          0: 88 89 114 92 93 
                bytes:[96]
      84666   16255904          0          0: 88 89 114 92 93 
                bytes:[192]
         16    3997425          0          0: 132 91 92 93 
                bytes:[262144]
     819212   13107400          0          0: 104 372 106 91 92 93 
                bytes:[16]
    2916396   46662344          0          0: 117 89 114 92 93 
                bytes:[16]
    8897055  569411520          0          0: 104 105 106 91 92 93 
                bytes:[64]
   11616611  371731536          0          0: 104 105 106 91 92 93 
                bytes:[32]
    1407319  360273799          0          0: 104 105 106 91 92 93 
                bytes:[256]
        101    4943231          0          0: 58 59 131 91 92 93 
                bytes:[49152]
    6591269  843682372          0          0: 104 105 106 91 92 93 
                bytes:[128]
         30    6426330          0          0: 132 91 92 93 
                bytes:[221184]
     237582   15205280          0          0: 88 89 114 92 93 
                bytes:[64]
     466973   29886240          0          0: 72 107 89 114 92 93 
                bytes:[64]
    1198182  345076265          0          0: 272 114 92 93 
                bytes:[288]
      20031    5768752          0          0: 272 136 3 4 
                bytes:[288]
       4097     524352          0          0: 72 107 89 136 3 4 
                bytes:[128]
      10923     524312          0          0: 263 136 3 4 
                bytes:[48]
     109229    2621500          0          0: 214 351 98 119 
                bytes:[24]
     393222    6291552          0          0: 110 89 109 98 119 
                bytes:[16]
      16389    4719888          0          0: 272 90 122 3 4 
                bytes:[288]
     142001    6816056          0          0: 159 107 89 109 98 119 
                bytes:[48]
      26218    4194944          0          0: 88 89 109 98 119 
                bytes:[160]
      72095    5767608          0          0: 72 107 89 109 98 119 
                bytes:[80]
      26815    4719384          0          0: 88 89 109 98 119 
                bytes:[176]
      60080    5767696          0          0: 88 89 109 98 119 
                bytes:[96]
     165705   47723313          0          0: 267 98 119 
                bytes:[288]
     202125   58211954          0          0: 272 109 98 119 
                bytes:[288]
         15    4026125          0          0: 132 122 3 4 
                bytes:[270336]
         15    3997424          0          0: 132 122 3 4 
                bytes:[262144]
         36    8476158          0          0: 132 122 3 4 
                bytes:[237568]
      10923     524312          0          0: 77 78 79 80 81 23 24 25 
                bytes:[48]
      45524   13110800          0          0: 179 388 140 65 
                bytes:[288]
          2     755488          0          0: 389 150 151 17 18 19 
                bytes:[409600]
      16385    1048640          0          0: 390 222 150 151 17 18 19 
                bytes:[64]
        302    3713192          0          0: 68 69 173 167 168 150 151 17 18 19 
                bytes:[12288]
Locations
     1: 0x1010edaef M=1 github.com/johnsonlee/graphite/graphite-server/internal/store.(*Store).NodesOfKind /Users/johnsonlee/.codex/benchmarks/graphite/generic-string-profile-before-513e2b96-v1/source/internal/store/store.go:285 s=285
             github.com/johnsonlee/graphite/graphite-server/internal/query.evaluator.distinctGenericRows /Users/johnsonlee/.codex/benchmarks/graphite/generic-string-profile-before-513e2b96-v1/source/internal/query/indexed_distinct.go:478 s=462
     2: 0x1010ed40f M=1 github.com/johnsonlee/graphite/graphite-server/internal/query.evaluator.distinctSourcePrefix /Users/johnsonlee/.codex/benchmarks/graphite/generic-string-profile-before-513e2b96-v1/source/internal/query/indexed_distinct.go:435 s=408
     3: 0x1010eb3af M=1 github.com/johnsonlee/graphite/graphite-server/internal/query.evaluator.indexedDistinct.func2 /Users/johnsonlee/.codex/benchmarks/graphite/generic-string-profile-before-513e2b96-v1/source/internal/query/indexed_distinct.go:129 s=125
     4: 0x10113098f M=1 github.com/johnsonlee/graphite/graphite-server/internal/query.runDistinctTasks[go.shape.struct { github.com/johnsonlee/graphite/graphite-server/internal/query.rows []map[string]interface {}; github.com/johnsonlee/graphite/graphite-server/internal/query.known map[string]bool; github.com/johnsonlee/graphite/graphite-server/internal/query.index *github.com/johnsonlee/graphite/graphite-server/internal/store.DistinctStringIndex }].func1.1 /Users/johnsonlee/.codex/benchmarks/graphite/generic-string-profile-before-513e2b96-v1/source/internal/query/indexed_distinct.go:232 s=229
     5: 0x10108e8b3 M=1 github.com/johnsonlee/graphite/graphite-server/internal/store.(*decoder).method /Users/johnsonlee/.codex/benchmarks/graphite/generic-string-profile-before-513e2b96-v1/source/internal/store/decode.go:198 s=195
     6: 0x10108f533 M=1 github.com/johnsonlee/graphite/graphite-server/internal/store.(*decoder).node /Users/johnsonlee/.codex/benchmarks/graphite/generic-string-profile-before-513e2b96-v1/source/internal/store/decode.go:314 s=279
     7: 0x1010a360b M=1 github.com/johnsonlee/graphite/graphite-server/internal/store.(*Store).Node /Users/johnsonlee/.codex/benchmarks/graphite/generic-string-profile-before-513e2b96-v1/source/internal/store/store.go:306 s=286
     8: 0x10108d0e7 M=1 github.com/johnsonlee/graphite/graphite-server/internal/store.(*Store).CandidateNode /Users/johnsonlee/.codex/benchmarks/graphite/generic-string-profile-before-513e2b96-v1/source/internal/store/candidate_certificate.go:28 s=16
     9: 0x1010edcb3 M=1 github.com/johnsonlee/graphite/graphite-server/internal/query.evaluator.distinctGenericRows /Users/johnsonlee/.codex/benchmarks/graphite/generic-string-profile-before-513e2b96-v1/source/internal/query/indexed_distinct.go:489 s=462
    10: 0x1010ee907 M=1 github.com/johnsonlee/graphite/graphite-server/internal/query.evaluator.distinctGenericRows /Users/johnsonlee/.codex/benchmarks/graphite/generic-string-profile-before-513e2b96-v1/source/internal/query/indexed_distinct.go:481 s=462
    11: 0x10111598b M=1 github.com/johnsonlee/graphite/graphite-server/internal/query.NodeProperty /Users/johnsonlee/.codex/benchmarks/graphite/generic-string-profile-before-513e2b96-v1/source/internal/query/properties.go:61 s=9
    12: 0x1010ee2af M=1 github.com/johnsonlee/graphite/graphite-server/internal/query.evaluator.distinctGenericRows /Users/johnsonlee/.codex/benchmarks/graphite/generic-string-profile-before-513e2b96-v1/source/internal/query/indexed_distinct.go:493 s=462
    13: 0x1011159d7 M=1 github.com/johnsonlee/graphite/graphite-server/internal/query.NodeProperty /Users/johnsonlee/.codex/benchmarks/graphite/generic-string-profile-before-513e2b96-v1/source/internal/query/properties.go:65 s=9
    14: 0x10111631f M=1 github.com/johnsonlee/graphite/graphite-server/internal/query.NodeProperty /Users/johnsonlee/.codex/benchmarks/graphite/generic-string-profile-before-513e2b96-v1/source/internal/query/properties.go:52 s=9
    15: 0x1010ea597 M=1 github.com/johnsonlee/graphite/graphite-server/internal/query.evaluator.indexedDistinct /Users/johnsonlee/.codex/benchmarks/graphite/generic-string-profile-before-513e2b96-v1/source/internal/query/indexed_distinct.go:122 s=68
    16: 0x1010cd93b M=1 github.com/johnsonlee/graphite/graphite-server/internal/query.evaluator.branch /Users/johnsonlee/.codex/benchmarks/graphite/generic-string-profile-before-513e2b96-v1/source/internal/query/engine.go:187 s=173
    17: 0x1010cc963 M=1 github.com/johnsonlee/graphite/graphite-server/internal/query.executeSources /Users/johnsonlee/.codex/benchmarks/graphite/generic-string-profile-before-513e2b96-v1/source/internal/query/engine.go:108 s=60
    18: 0x1010cc277 M=1 github.com/johnsonlee/graphite/graphite-server/internal/query.ExecuteCrossWithOptions /Users/johnsonlee/.codex/benchmarks/graphite/generic-string-profile-before-513e2b96-v1/source/internal/query/engine.go:57 s=42
    19: 0x10113b7af M=1 main.newWorker.func1 /Users/johnsonlee/.codex/benchmarks/graphite/generic-string-profile-before-513e2b96-v1/source/cmd/graphite-benchmark-latency/main.go:49 s=46
    20: 0x100fb4c8f M=1 runtime/pprof.StartCPUProfile /opt/homebrew/Cellar/go/1.22.0/libexec/src/runtime/pprof/pprof.go:833 s=811
    21: 0x10113a48b M=1 main.(*replay).profileMeasure /Users/johnsonlee/.codex/benchmarks/graphite/generic-string-profile-before-513e2b96-v1/source/cmd/graphite-benchmark-latency/diagnostic_profile.go:47 s=30
    22: 0x10113ca67 M=1 main.(*replay).run /Users/johnsonlee/.codex/benchmarks/graphite/generic-string-profile-before-513e2b96-v1/source/cmd/graphite-benchmark-latency/main.go:184 s=172
    23: 0x10113e0bb M=1 main.run /Users/johnsonlee/.codex/benchmarks/graphite/generic-string-profile-before-513e2b96-v1/source/cmd/graphite-benchmark-latency/main.go:360 s=233
    24: 0x10113f3bb M=1 main.main /Users/johnsonlee/.codex/benchmarks/graphite/generic-string-profile-before-513e2b96-v1/source/cmd/graphite-benchmark-latency/main.go:398 s=397
    25: 0x100efe10b M=1 runtime.main /opt/homebrew/Cellar/go/1.22.0/libexec/src/runtime/proc.go:271 s=146
    26: 0x100fbbc43 M=1 runtime/pprof.(*protobuf).string /opt/homebrew/Cellar/go/1.22.0/libexec/src/runtime/pprof/protobuf.go:94 s=92
             runtime/pprof.(*protobuf).strings /opt/homebrew/Cellar/go/1.22.0/libexec/src/runtime/pprof/protobuf.go:99 s=97
    27: 0x100fb85bb M=1 runtime/pprof.(*profileBuilder).build /opt/homebrew/Cellar/go/1.22.0/libexec/src/runtime/pprof/proto.go:389 s=348
    28: 0x100fbca43 M=1 runtime/pprof.writeHeapProto /opt/homebrew/Cellar/go/1.22.0/libexec/src/runtime/pprof/protomem.go:65 s=15
    29: 0x100fb3747 M=1 runtime/pprof.writeHeapInternal /opt/homebrew/Cellar/go/1.22.0/libexec/src/runtime/pprof/pprof.go:612 s=581
    30: 0x100fb345b M=1 runtime/pprof.writeHeap /opt/homebrew/Cellar/go/1.22.0/libexec/src/runtime/pprof/pprof.go:572 s=571
    31: 0x100fb1b87 M=1 runtime/pprof.(*Profile).WriteTo /opt/homebrew/Cellar/go/1.22.0/libexec/src/runtime/pprof/pprof.go:369 s=364
    32: 0x101139e13 M=1 main.saveDiagnosticProfile /Users/johnsonlee/.codex/benchmarks/graphite/generic-string-profile-before-513e2b96-v1/source/cmd/graphite-benchmark-latency/diagnostic_profile.go:23 s=18
    33: 0x10113a39b M=1 main.(*replay).profileMeasure /Users/johnsonlee/.codex/benchmarks/graphite/generic-string-profile-before-513e2b96-v1/source/cmd/graphite-benchmark-latency/diagnostic_profile.go:39 s=30
    34: 0x100fb79ff M=1 runtime/pprof.allFrames /opt/homebrew/Cellar/go/1.22.0/libexec/src/runtime/pprof/proto.go:232 s=209
    35: 0x100fb8bc3 M=1 runtime/pprof.(*profileBuilder).appendLocsForStack /opt/homebrew/Cellar/go/1.22.0/libexec/src/runtime/pprof/proto.go:447 s=403
    36: 0x100fbcae7 M=1 runtime/pprof.writeHeapProto /opt/homebrew/Cellar/go/1.22.0/libexec/src/runtime/pprof/protomem.go:46 s=15
    37: 0x100fb9507 M=1 runtime/pprof.(*profileBuilder).emitLocation /opt/homebrew/Cellar/go/1.22.0/libexec/src/runtime/pprof/proto.go:602 s=582
    38: 0x100fb8cc7 M=1 runtime/pprof.(*profileBuilder).appendLocsForStack /opt/homebrew/Cellar/go/1.22.0/libexec/src/runtime/pprof/proto.go:463 s=403
    39: 0x100fb7884 M=1 runtime/pprof.allFrames /opt/homebrew/Cellar/go/1.22.0/libexec/src/runtime/pprof/proto.go:214 s=209
    40: 0x100fa733f M=1 compress/flate.newDeflateFast /opt/homebrew/Cellar/go/1.22.0/libexec/src/compress/flate/deflatefast.go:64 s=63
             compress/flate.(*compressor).init /opt/homebrew/Cellar/go/1.22.0/libexec/src/compress/flate/deflate.go:585 s=568
    41: 0x100fb0c07 M=1 compress/flate.NewWriter /opt/homebrew/Cellar/go/1.22.0/libexec/src/compress/flate/deflate.go:667 s=665
             compress/gzip.(*Writer).Write /opt/homebrew/Cellar/go/1.22.0/libexec/src/compress/gzip/gzip.go:191 s=139
    42: 0x100fb5a23 M=1 runtime/pprof.(*profileBuilder).flush /opt/homebrew/Cellar/go/1.22.0/libexec/src/runtime/pprof/proto.go:146 s=143
    43: 0x100fba237 M=1 runtime/pprof.(*profileBuilder).emitLocation /opt/homebrew/Cellar/go/1.22.0/libexec/src/runtime/pprof/proto.go:651 s=582
    44: 0x100fb0bf3 M=1 compress/flate.NewWriter /opt/homebrew/Cellar/go/1.22.0/libexec/src/compress/flate/deflate.go:666 s=665
             compress/gzip.(*Writer).Write /opt/homebrew/Cellar/go/1.22.0/libexec/src/compress/gzip/gzip.go:191 s=139
    45: 0x100fb358f M=1 runtime/pprof.writeHeapInternal /opt/homebrew/Cellar/go/1.22.0/libexec/src/runtime/pprof/pprof.go:602 s=581
    46: 0x100fb99eb M=1 runtime/pprof.(*profileBuilder).emitLocation /opt/homebrew/Cellar/go/1.22.0/libexec/src/runtime/pprof/proto.go:618 s=582
    47: 0x100fb8af7 M=1 runtime/pprof.(*profileBuilder).appendLocsForStack /opt/homebrew/Cellar/go/1.22.0/libexec/src/runtime/pprof/proto.go:431 s=403
    48: 0x100fb34bf M=1 runtime/pprof.writeAlloc /opt/homebrew/Cellar/go/1.22.0/libexec/src/runtime/pprof/pprof.go:578 s=577
    49: 0x100fbc987 M=1 runtime/pprof.writeHeapProto /opt/homebrew/Cellar/go/1.22.0/libexec/src/runtime/pprof/protomem.go:29 s=15
    50: 0x100fa73cb M=1 compress/flate.(*compressor).init /opt/homebrew/Cellar/go/1.22.0/libexec/src/compress/flate/deflate.go:586 s=568
    51: 0x100fa734f M=1 compress/flate.newDeflateFast /opt/homebrew/Cellar/go/1.22.0/libexec/src/compress/flate/deflatefast.go:64 s=63
             compress/flate.(*compressor).init /opt/homebrew/Cellar/go/1.22.0/libexec/src/compress/flate/deflate.go:585 s=568
    52: 0x100fa72c7 M=1 compress/flate.(*compressor).init /opt/homebrew/Cellar/go/1.22.0/libexec/src/compress/flate/deflate.go:582 s=568
    53: 0x1010fb6bf M=1 github.com/johnsonlee/graphite/graphite-server/internal/query.(*lazyFilteredScanner).next /Users/johnsonlee/.codex/benchmarks/graphite/generic-string-profile-before-513e2b96-v1/source/internal/query/lazy_filtered_candidates.go:39 s=18
    54: 0x1010fb927 M=1 github.com/johnsonlee/graphite/graphite-server/internal/query.(*lazyFilteredScanner).batch /Users/johnsonlee/.codex/benchmarks/graphite/generic-string-profile-before-513e2b96-v1/source/internal/query/lazy_filtered_candidates.go:49 s=45
    55: 0x1010fc24b M=1 github.com/johnsonlee/graphite/graphite-server/internal/query.evaluator.lazyCandidateFiltered /Users/johnsonlee/.codex/benchmarks/graphite/generic-string-profile-before-513e2b96-v1/source/internal/query/lazy_filtered_candidates.go:146 s=75
    56: 0x1010f8ad3 M=1 github.com/johnsonlee/graphite/graphite-server/internal/query.evaluator.lazyFiltered /Users/johnsonlee/.codex/benchmarks/graphite/generic-string-profile-before-513e2b96-v1/source/internal/query/lazy_filtered.go:137 s=113
    57: 0x1010cdadf M=1 github.com/johnsonlee/graphite/graphite-server/internal/query.evaluator.branch /Users/johnsonlee/.codex/benchmarks/graphite/generic-string-profile-before-513e2b96-v1/source/internal/query/engine.go:195 s=173
    58: 0x101089f3b M=1 github.com/johnsonlee/graphite/graphite-server/internal/store.(*CallSiteStringIndex).Directory /Users/johnsonlee/.codex/benchmarks/graphite/generic-string-profile-before-513e2b96-v1/source/internal/store/callsite_index.go:345 s=336
    59: 0x10109381b M=1 github.com/johnsonlee/graphite/graphite-server/internal/store.(*DistinctStringIndex).Directory /Users/johnsonlee/.codex/benchmarks/graphite/generic-string-profile-before-513e2b96-v1/source/internal/store/distinct_projection.go:432 s=430
    60: 0x101103e83 M=1 github.com/johnsonlee/graphite/graphite-server/internal/query.evaluator.mainIndexNodeIDs /Users/johnsonlee/.codex/benchmarks/graphite/generic-string-profile-before-513e2b96-v1/source/internal/query/main_string_postings.go:40 s=11
    61: 0x1011055a3 M=1 github.com/johnsonlee/graphite/graphite-server/internal/query.evaluator.mainCandidateIterator /Users/johnsonlee/.codex/benchmarks/graphite/generic-string-profile-before-513e2b96-v1/source/internal/query/main_string_source.go:102 s=27
    62: 0x101101237 M=1 github.com/johnsonlee/graphite/graphite-server/internal/query.evaluator.mainStringCandidatesWithStorage /Users/johnsonlee/.codex/benchmarks/graphite/generic-string-profile-before-513e2b96-v1/source/internal/query/main_string_candidates.go:59 s=38
    63: 0x1010fb493 M=1 github.com/johnsonlee/graphite/graphite-server/internal/query.evaluator.mainStringCandidatesWithPolicy /Users/johnsonlee/.codex/benchmarks/graphite/generic-string-profile-before-513e2b96-v1/source/internal/query/main_string_candidates.go:29 s=28
             github.com/johnsonlee/graphite/graphite-server/internal/query.(*lazyFilteredScanner).next /Users/johnsonlee/.codex/benchmarks/graphite/generic-string-profile-before-513e2b96-v1/source/internal/query/lazy_filtered_candidates.go:25 s=18
    64: 0x1010fd0cf M=1 github.com/johnsonlee/graphite/graphite-server/internal/query.evaluator.lazyCandidateFiltered.func3 /Users/johnsonlee/.codex/benchmarks/graphite/generic-string-profile-before-513e2b96-v1/source/internal/query/lazy_filtered_candidates.go:150 s=150
    65: 0x10113016b M=1 github.com/johnsonlee/graphite/graphite-server/internal/query.runDistinctTasks[go.shape.[]map[string]interface {}].func1.1 /Users/johnsonlee/.codex/benchmarks/graphite/generic-string-profile-before-513e2b96-v1/source/internal/query/indexed_distinct.go:232 s=229
    66: 0x1011010db M=1 github.com/johnsonlee/graphite/graphite-server/internal/store.(*Store).NodesOfKind /Users/johnsonlee/.codex/benchmarks/graphite/generic-string-profile-before-513e2b96-v1/source/internal/store/store.go:285 s=285
             github.com/johnsonlee/graphite/graphite-server/internal/query.evaluator.mainStringCandidatesWithStorage /Users/johnsonlee/.codex/benchmarks/graphite/generic-string-profile-before-513e2b96-v1/source/internal/query/main_string_candidates.go:56 s=38
    67: 0x1011015cb M=1 github.com/johnsonlee/graphite/graphite-server/internal/query.evaluator.mainMergeNodeSequences /Users/johnsonlee/.codex/benchmarks/graphite/generic-string-profile-before-513e2b96-v1/source/internal/query/main_string_candidates.go:144 s=138
             github.com/johnsonlee/graphite/graphite-server/internal/query.evaluator.mainStringCandidatesWithStorage /Users/johnsonlee/.codex/benchmarks/graphite/generic-string-profile-before-513e2b96-v1/source/internal/query/main_string_candidates.go:135 s=38
    68: 0x10108aa37 M=1 github.com/johnsonlee/graphite/graphite-server/internal/store.(*CallSiteStringIndex).TrigramStringIDs /Users/johnsonlee/.codex/benchmarks/graphite/generic-string-profile-before-513e2b96-v1/source/internal/store/callsite_index.go:423 s=400
    69: 0x101099907 M=1 github.com/johnsonlee/graphite/graphite-server/internal/store.(*DistinctStringIndex).ProjectionTrigramStrings /Users/johnsonlee/.codex/benchmarks/graphite/generic-string-profile-before-513e2b96-v1/source/internal/store/ordinary_projection.go:137 s=135
    70: 0x10110d36b M=1 github.com/johnsonlee/graphite/graphite-server/internal/query.evaluator.stringIndexMatches /Users/johnsonlee/.codex/benchmarks/graphite/generic-string-profile-before-513e2b96-v1/source/internal/query/ordinary_cache.go:88 s=44
    71: 0x101103e5b M=1 github.com/johnsonlee/graphite/graphite-server/internal/query.evaluator.mainIndexNodeIDs /Users/johnsonlee/.codex/benchmarks/graphite/generic-string-profile-before-513e2b96-v1/source/internal/query/main_string_postings.go:39 s=11
    72: 0x10112f057 M=1 strconv.quoteWith /opt/homebrew/Cellar/go/1.22.0/libexec/src/strconv/quote.go:24 s=23
             strconv.Quote /opt/homebrew/Cellar/go/1.22.0/libexec/src/strconv/quote.go:126 s=125
             github.com/johnsonlee/graphite/graphite-server/internal/query.key /Users/johnsonlee/.codex/benchmarks/graphite/generic-string-profile-before-513e2b96-v1/source/internal/query/values.go:430 s=402
    73: 0x10112f5e3 M=1 github.com/johnsonlee/graphite/graphite-server/internal/query.key /Users/johnsonlee/.codex/benchmarks/graphite/generic-string-profile-before-513e2b96-v1/source/internal/query/values.go:440 s=402
    74: 0x10110c8e3 M=1 github.com/johnsonlee/graphite/graphite-server/internal/query.ordinaryStringKey /Users/johnsonlee/.codex/benchmarks/graphite/generic-string-profile-before-513e2b96-v1/source/internal/query/ordinary_cache.go:18 s=17
    75: 0x10110cfc3 M=1 github.com/johnsonlee/graphite/graphite-server/internal/query.evaluator.stringIndexMatches /Users/johnsonlee/.codex/benchmarks/graphite/generic-string-profile-before-513e2b96-v1/source/internal/query/ordinary_cache.go:56 s=44
    76: 0x1010f8947 M=1 github.com/johnsonlee/graphite/graphite-server/internal/query.evaluator.lazyFiltered /Users/johnsonlee/.codex/benchmarks/graphite/generic-string-profile-before-513e2b96-v1/source/internal/query/lazy_filtered.go:133 s=113
    77: 0x101134443 M=1 strings.(*Builder).WriteString /opt/homebrew/Cellar/go/1.22.0/libexec/src/strings/builder.go:116 s=114
             github.com/johnsonlee/graphite/graphite-server/internal/benchmarkcase.sequence /Users/johnsonlee/.codex/benchmarks/graphite/generic-string-profile-before-513e2b96-v1/source/internal/benchmarkcase/canonical.go:48 s=44
    78: 0x101134b73 M=1 github.com/johnsonlee/graphite/graphite-server/internal/benchmarkcase.canonicalValue /Users/johnsonlee/.codex/benchmarks/graphite/generic-string-profile-before-513e2b96-v1/source/internal/benchmarkcase/canonical.go:124 s=61
    79: 0x101134c23 M=1 github.com/johnsonlee/graphite/graphite-server/internal/benchmarkcase.canonicalValue /Users/johnsonlee/.codex/benchmarks/graphite/generic-string-profile-before-513e2b96-v1/source/internal/benchmarkcase/canonical.go:99 s=61
    80: 0x101133fab M=1 github.com/johnsonlee/graphite/graphite-server/internal/benchmarkcase.CanonicalResult /Users/johnsonlee/.codex/benchmarks/graphite/generic-string-profile-before-513e2b96-v1/source/internal/benchmarkcase/canonical.go:30 s=16
    81: 0x10113ccfb M=1 main.(*replay).run /Users/johnsonlee/.codex/benchmarks/graphite/generic-string-profile-before-513e2b96-v1/source/cmd/graphite-benchmark-latency/main.go:209 s=172
    82: 0x101134227 M=1 github.com/johnsonlee/graphite/graphite-server/internal/benchmarkcase.frame /Users/johnsonlee/.codex/benchmarks/graphite/generic-string-profile-before-513e2b96-v1/source/internal/benchmarkcase/canonical.go:42 s=41
    83: 0x10113447f M=1 github.com/johnsonlee/graphite/graphite-server/internal/benchmarkcase.sequence /Users/johnsonlee/.codex/benchmarks/graphite/generic-string-profile-before-513e2b96-v1/source/internal/benchmarkcase/canonical.go:50 s=44
    84: 0x1010c9bf7 M=1 github.com/johnsonlee/graphite/graphite-server/internal/query.provenance /Users/johnsonlee/.codex/benchmarks/graphite/generic-string-profile-before-513e2b96-v1/source/internal/query/cross.go:65 s=63
             github.com/johnsonlee/graphite/graphite-server/internal/query.addProvenance /Users/johnsonlee/.codex/benchmarks/graphite/generic-string-profile-before-513e2b96-v1/source/internal/query/cross.go:68 s=67
    85: 0x1010eb087 M=1 github.com/johnsonlee/graphite/graphite-server/internal/query.evaluator.indexedDistinct.func5 /Users/johnsonlee/.codex/benchmarks/graphite/generic-string-profile-before-513e2b96-v1/source/internal/query/indexed_distinct.go:175 s=172
    86: 0x10113286b M=1 github.com/johnsonlee/graphite/graphite-server/internal/query.runDistinctTasks[go.shape.map[string]bool] /Users/johnsonlee/.codex/benchmarks/graphite/generic-string-profile-before-513e2b96-v1/source/internal/query/indexed_distinct.go:279 s=211
    87: 0x1010eae17 M=1 github.com/johnsonlee/graphite/graphite-server/internal/query.evaluator.indexedDistinct /Users/johnsonlee/.codex/benchmarks/graphite/generic-string-profile-before-513e2b96-v1/source/internal/query/indexed_distinct.go:166 s=68
    88: 0x10112f59f M=1 github.com/johnsonlee/graphite/graphite-server/internal/query.key /Users/johnsonlee/.codex/benchmarks/graphite/generic-string-profile-before-513e2b96-v1/source/internal/query/values.go:453 s=402
    89: 0x1010ea00b M=1 github.com/johnsonlee/graphite/graphite-server/internal/query.distinctVisibleKey /Users/johnsonlee/.codex/benchmarks/graphite/generic-string-profile-before-513e2b96-v1/source/internal/query/indexed_distinct.go:66 s=63
    90: 0x1010f139f M=1 github.com/johnsonlee/graphite/graphite-server/internal/query.evaluator.distinctRawRows /Users/johnsonlee/.codex/benchmarks/graphite/generic-string-profile-before-513e2b96-v1/source/internal/query/indexed_distinct.go:920 s=780
    91: 0x1010eed43 M=1 github.com/johnsonlee/graphite/graphite-server/internal/query.evaluator.distinctSourceHits /Users/johnsonlee/.codex/benchmarks/graphite/generic-string-profile-before-513e2b96-v1/source/internal/query/indexed_distinct.go:571 s=527
    92: 0x1010eb1c3 M=1 github.com/johnsonlee/graphite/graphite-server/internal/query.evaluator.indexedDistinct.func4 /Users/johnsonlee/.codex/benchmarks/graphite/generic-string-profile-before-513e2b96-v1/source/internal/query/indexed_distinct.go:171 s=167
    93: 0x101130c83 M=1 github.com/johnsonlee/graphite/graphite-server/internal/query.runDistinctTasks[go.shape.map[string]bool].func1.1 /Users/johnsonlee/.codex/benchmarks/graphite/generic-string-profile-before-513e2b96-v1/source/internal/query/indexed_distinct.go:232 s=229
    94: 0x100f7de9f M=1 fmt.Sprint /opt/homebrew/Cellar/go/1.22.0/libexec/src/fmt/print.go:280 s=277
    95: 0x10112a1e7 M=1 github.com/johnsonlee/graphite/graphite-server/internal/query.numericText /Users/johnsonlee/.codex/benchmarks/graphite/generic-string-profile-before-513e2b96-v1/source/internal/query/values.go:47 s=40
    96: 0x10112f28f M=1 github.com/johnsonlee/graphite/graphite-server/internal/query.key /Users/johnsonlee/.codex/benchmarks/graphite/generic-string-profile-before-513e2b96-v1/source/internal/query/values.go:415 s=402
    97: 0x1010efc9f M=1 github.com/johnsonlee/graphite/graphite-server/internal/query.evaluator.distinctRawRange /Users/johnsonlee/.codex/benchmarks/graphite/generic-string-profile-before-513e2b96-v1/source/internal/query/indexed_distinct.go:721 s=678
    98: 0x1010f1e27 M=1 github.com/johnsonlee/graphite/graphite-server/internal/query.evaluator.distinctRawRows.func1 /Users/johnsonlee/.codex/benchmarks/graphite/generic-string-profile-before-513e2b96-v1/source/internal/query/indexed_distinct.go:887 s=877
    99: 0x1010f104b M=1 github.com/johnsonlee/graphite/graphite-server/internal/query.evaluator.distinctRawRows /Users/johnsonlee/.codex/benchmarks/graphite/generic-string-profile-before-513e2b96-v1/source/internal/query/indexed_distinct.go:894 s=780
   100: 0x1010eebd7 M=1 github.com/johnsonlee/graphite/graphite-server/internal/query.evaluator.distinctSourceHits /Users/johnsonlee/.codex/benchmarks/graphite/generic-string-profile-before-513e2b96-v1/source/internal/query/indexed_distinct.go:553 s=527
   101: 0x10108a533 M=1 github.com/johnsonlee/graphite/graphite-server/internal/store.(*CallSiteStringIndex).Postings /Users/johnsonlee/.codex/benchmarks/graphite/generic-string-profile-before-513e2b96-v1/source/internal/store/callsite_index.go:389 s=363
   102: 0x101093e03 M=1 github.com/johnsonlee/graphite/graphite-server/internal/store.(*DistinctStringIndex).Postings /Users/johnsonlee/.codex/benchmarks/graphite/generic-string-profile-before-513e2b96-v1/source/internal/store/distinct_projection.go:455 s=453
   103: 0x1010f1637 M=1 github.com/johnsonlee/graphite/graphite-server/internal/query.evaluator.distinctRawRows /Users/johnsonlee/.codex/benchmarks/graphite/generic-string-profile-before-513e2b96-v1/source/internal/query/indexed_distinct.go:850 s=780
   104: 0x100fbe9ef M=1 github.com/johnsonlee/graphite/graphite-server/internal/javastring.UTF16 /Users/johnsonlee/.codex/benchmarks/graphite/generic-string-profile-before-513e2b96-v1/source/internal/javastring/utf16.go:26 s=12
   105: 0x1010c9f93 M=1 github.com/johnsonlee/graphite/graphite-server/internal/query.javaUTF16 /Users/johnsonlee/.codex/benchmarks/graphite/generic-string-profile-before-513e2b96-v1/source/internal/query/java_string.go:9 s=9
             github.com/johnsonlee/graphite/graphite-server/internal/query.evaluator.distinctStringTableID /Users/johnsonlee/.codex/benchmarks/graphite/generic-string-profile-before-513e2b96-v1/source/internal/query/distinct_string_id.go:20 s=10
   106: 0x1010f160b M=1 github.com/johnsonlee/graphite/graphite-server/internal/query.evaluator.distinctRawRows /Users/johnsonlee/.codex/benchmarks/graphite/generic-string-profile-before-513e2b96-v1/source/internal/query/indexed_distinct.go:844 s=780
   107: 0x10112f4ab M=1 github.com/johnsonlee/graphite/graphite-server/internal/query.key /Users/johnsonlee/.codex/benchmarks/graphite/generic-string-profile-before-513e2b96-v1/source/internal/query/values.go:452 s=402
   108: 0x10112edd7 M=1 github.com/johnsonlee/graphite/graphite-server/internal/query.key /Users/johnsonlee/.codex/benchmarks/graphite/generic-string-profile-before-513e2b96-v1/source/internal/query/values.go:445 s=402
   109: 0x1010efd27 M=1 github.com/johnsonlee/graphite/graphite-server/internal/query.evaluator.distinctRawRange /Users/johnsonlee/.codex/benchmarks/graphite/generic-string-profile-before-513e2b96-v1/source/internal/query/indexed_distinct.go:737 s=678
   110: 0x10112f553 M=1 github.com/johnsonlee/graphite/graphite-server/internal/query.key /Users/johnsonlee/.codex/benchmarks/graphite/generic-string-profile-before-513e2b96-v1/source/internal/query/values.go:453 s=402
   111: 0x1010eb5b3 M=1 github.com/johnsonlee/graphite/graphite-server/internal/query.evaluator.indexedDistinct.func1 /Users/johnsonlee/.codex/benchmarks/graphite/generic-string-profile-before-513e2b96-v1/source/internal/query/indexed_distinct.go:106 s=100
   112: 0x1010ea5f7 M=1 github.com/johnsonlee/graphite/graphite-server/internal/query.evaluator.indexedDistinct /Users/johnsonlee/.codex/benchmarks/graphite/generic-string-profile-before-513e2b96-v1/source/internal/query/indexed_distinct.go:122 s=68
   113: 0x101133e77 M=1 github.com/johnsonlee/graphite/graphite-server/internal/benchmarkcase.CanonicalResult /Users/johnsonlee/.codex/benchmarks/graphite/generic-string-profile-before-513e2b96-v1/source/internal/benchmarkcase/canonical.go:38 s=16
   114: 0x1010eeabf M=1 github.com/johnsonlee/graphite/graphite-server/internal/query.evaluator.distinctSourceHits /Users/johnsonlee/.codex/benchmarks/graphite/generic-string-profile-before-513e2b96-v1/source/internal/query/indexed_distinct.go:531 s=527
   115: 0x10112f663 M=1 github.com/johnsonlee/graphite/graphite-server/internal/query.key /Users/johnsonlee/.codex/benchmarks/graphite/generic-string-profile-before-513e2b96-v1/source/internal/query/values.go:441 s=402
   116: 0x1010f0cdf M=1 github.com/johnsonlee/graphite/graphite-server/internal/query.evaluator.distinctRawRows /Users/johnsonlee/.codex/benchmarks/graphite/generic-string-profile-before-513e2b96-v1/source/internal/query/indexed_distinct.go:860 s=780
   117: 0x10112f4e7 M=1 strconv.quoteWith /opt/homebrew/Cellar/go/1.22.0/libexec/src/strconv/quote.go:24 s=23
             strconv.Quote /opt/homebrew/Cellar/go/1.22.0/libexec/src/strconv/quote.go:126 s=125
             github.com/johnsonlee/graphite/graphite-server/internal/query.key /Users/johnsonlee/.codex/benchmarks/graphite/generic-string-profile-before-513e2b96-v1/source/internal/query/values.go:453 s=402
   118: 0x1010eead7 M=1 github.com/johnsonlee/graphite/graphite-server/internal/query.evaluator.distinctSourceHits /Users/johnsonlee/.codex/benchmarks/graphite/generic-string-profile-before-513e2b96-v1/source/internal/query/indexed_distinct.go:531 s=527
   119: 0x1010f1c63 M=1 github.com/johnsonlee/graphite/graphite-server/internal/query.evaluator.distinctRawRows.func2 /Users/johnsonlee/.codex/benchmarks/graphite/generic-string-profile-before-513e2b96-v1/source/internal/query/indexed_distinct.go:892 s=892
   120: 0x1010e9d9f M=1 github.com/johnsonlee/graphite/graphite-server/internal/query.evaluator.distinctAtomMatches /Users/johnsonlee/.codex/benchmarks/graphite/generic-string-profile-before-513e2b96-v1/source/internal/query/indexed_distinct.go:60 s=44
   121: 0x1010f1b07 M=1 github.com/johnsonlee/graphite/graphite-server/internal/query.evaluator.distinctRawRows /Users/johnsonlee/.codex/benchmarks/graphite/generic-string-profile-before-513e2b96-v1/source/internal/query/indexed_distinct.go:806 s=780
   122: 0x1010ed13b M=1 github.com/johnsonlee/graphite/graphite-server/internal/query.evaluator.distinctSourcePrefix /Users/johnsonlee/.codex/benchmarks/graphite/generic-string-profile-before-513e2b96-v1/source/internal/query/indexed_distinct.go:414 s=408
   123: 0x1010e9d5b M=1 github.com/johnsonlee/graphite/graphite-server/internal/query.evaluator.distinctAtomMatches /Users/johnsonlee/.codex/benchmarks/graphite/generic-string-profile-before-513e2b96-v1/source/internal/query/indexed_distinct.go:60 s=44
   124: 0x1010acfef M=1 math/big.nat.make /opt/homebrew/Cellar/go/1.22.0/libexec/src/math/big/nat.go:67 s=61
             math/big.nat.set /opt/homebrew/Cellar/go/1.22.0/libexec/src/math/big/nat.go:97 s=96
             math/big.(*Int).Set /opt/homebrew/Cellar/go/1.22.0/libexec/src/math/big/int.go:98 s=96
             math/big.(*Int).Abs /opt/homebrew/Cellar/go/1.22.0/libexec/src/math/big/int.go:129 s=128
             math/big.(*Int).lehmerGCD /opt/homebrew/Cellar/go/1.22.0/libexec/src/math/big/int.go:767 s=763
   125: 0x1010b713f M=1 math/big.(*Rat).norm /opt/homebrew/Cellar/go/1.22.0/libexec/src/math/big/rat.go:444 s=430
   126: 0x1010b7c4b M=1 math/big.(*Rat).SetString /opt/homebrew/Cellar/go/1.22.0/libexec/src/math/big/ratconv.go:204 s=58
   127: 0x10112f29f M=1 github.com/johnsonlee/graphite/graphite-server/internal/query.key /Users/johnsonlee/.codex/benchmarks/graphite/generic-string-profile-before-513e2b96-v1/source/internal/query/values.go:415 s=402
   128: 0x1010efc67 M=1 github.com/johnsonlee/graphite/graphite-server/internal/query.evaluator.distinctRawRange /Users/johnsonlee/.codex/benchmarks/graphite/generic-string-profile-before-513e2b96-v1/source/internal/query/indexed_distinct.go:713 s=678
   129: 0x1010b8413 M=1 math/big.(*Int).Text /opt/homebrew/Cellar/go/1.22.0/libexec/src/math/big/intconv.go:25 s=21
             math/big.(*Int).String /opt/homebrew/Cellar/go/1.22.0/libexec/src/math/big/intconv.go:40 s=39
             math/big.(*Rat).RatString /opt/homebrew/Cellar/go/1.22.0/libexec/src/math/big/ratconv.go:322 s=320
   130: 0x10112f2a3 M=1 github.com/johnsonlee/graphite/graphite-server/internal/query.key /Users/johnsonlee/.codex/benchmarks/graphite/generic-string-profile-before-513e2b96-v1/source/internal/query/values.go:416 s=402
   131: 0x1010f0b3b M=1 github.com/johnsonlee/graphite/graphite-server/internal/query.evaluator.distinctRawRows /Users/johnsonlee/.codex/benchmarks/graphite/generic-string-profile-before-513e2b96-v1/source/internal/query/indexed_distinct.go:800 s=780
   132: 0x1010f09c3 M=1 github.com/johnsonlee/graphite/graphite-server/internal/store.(*Store).NodesOfKind /Users/johnsonlee/.codex/benchmarks/graphite/generic-string-profile-before-513e2b96-v1/source/internal/store/store.go:285 s=285
             github.com/johnsonlee/graphite/graphite-server/internal/query.evaluator.distinctRawRows /Users/johnsonlee/.codex/benchmarks/graphite/generic-string-profile-before-513e2b96-v1/source/internal/query/indexed_distinct.go:781 s=780
   133: 0x1010efcdb M=1 github.com/johnsonlee/graphite/graphite-server/internal/query.evaluator.distinctRawRange /Users/johnsonlee/.codex/benchmarks/graphite/generic-string-profile-before-513e2b96-v1/source/internal/query/indexed_distinct.go:725 s=678
   134: 0x1010f1a27 M=1 github.com/johnsonlee/graphite/graphite-server/internal/query.evaluator.distinctRawRows /Users/johnsonlee/.codex/benchmarks/graphite/generic-string-profile-before-513e2b96-v1/source/internal/query/indexed_distinct.go:807 s=780
   135: 0x10112f0a3 M=1 github.com/johnsonlee/graphite/graphite-server/internal/query.key /Users/johnsonlee/.codex/benchmarks/graphite/generic-string-profile-before-513e2b96-v1/source/internal/query/values.go:430 s=402
   136: 0x1010ed59b M=1 github.com/johnsonlee/graphite/graphite-server/internal/query.evaluator.distinctSourcePrefix /Users/johnsonlee/.codex/benchmarks/graphite/generic-string-profile-before-513e2b96-v1/source/internal/query/indexed_distinct.go:440 s=408
   137: 0x10110cf5b M=1 github.com/johnsonlee/graphite/graphite-server/internal/query.javaUTF16 /Users/johnsonlee/.codex/benchmarks/graphite/generic-string-profile-before-513e2b96-v1/source/internal/query/java_string.go:9 s=9
             github.com/johnsonlee/graphite/graphite-server/internal/query.evaluator.stringIndexMatches /Users/johnsonlee/.codex/benchmarks/graphite/generic-string-profile-before-513e2b96-v1/source/internal/query/ordinary_cache.go:45 s=44
   138: 0x101114f5f M=1 github.com/johnsonlee/graphite/graphite-server/internal/query.evaluator.ordinaryCandidateIterator /Users/johnsonlee/.codex/benchmarks/graphite/generic-string-profile-before-513e2b96-v1/source/internal/query/ordinary_projection.go:334 s=332
   139: 0x1011146a7 M=1 github.com/johnsonlee/graphite/graphite-server/internal/query.evaluator.ordinarySourceRows /Users/johnsonlee/.codex/benchmarks/graphite/generic-string-profile-before-513e2b96-v1/source/internal/query/ordinary_projection.go:295 s=293
   140: 0x1011138f7 M=1 github.com/johnsonlee/graphite/graphite-server/internal/query.evaluator.ordinaryProjection.func1 /Users/johnsonlee/.codex/benchmarks/graphite/generic-string-profile-before-513e2b96-v1/source/internal/query/ordinary_projection.go:203 s=197
   141: 0x10110cc23 M=1 github.com/johnsonlee/graphite/graphite-server/internal/query.mainNodeKey /Users/johnsonlee/.codex/benchmarks/graphite/generic-string-profile-before-513e2b96-v1/source/internal/query/ordinary_cache.go:25 s=20
   142: 0x10110d70f M=1 github.com/johnsonlee/graphite/graphite-server/internal/query.evaluator.mainCacheNodes /Users/johnsonlee/.codex/benchmarks/graphite/generic-string-profile-before-513e2b96-v1/source/internal/query/ordinary_cache.go:115 s=110
   143: 0x101103fff M=1 github.com/johnsonlee/graphite/graphite-server/internal/query.evaluator.mainIndexNodeIDs /Users/johnsonlee/.codex/benchmarks/graphite/generic-string-profile-before-513e2b96-v1/source/internal/query/main_string_postings.go:73 s=11
   144: 0x10110cac7 M=1 github.com/johnsonlee/graphite/graphite-server/internal/query.mainNodeKey /Users/johnsonlee/.codex/benchmarks/graphite/generic-string-profile-before-513e2b96-v1/source/internal/query/ordinary_cache.go:23 s=20
   145: 0x101103c47 M=1 github.com/johnsonlee/graphite/graphite-server/internal/query.evaluator.mainIndexNodeIDs /Users/johnsonlee/.codex/benchmarks/graphite/generic-string-profile-before-513e2b96-v1/source/internal/query/main_string_postings.go:16 s=11
   146: 0x10109a7c7 M=1 github.com/johnsonlee/graphite/graphite-server/internal/store.(*projectionLRU).put /Users/johnsonlee/.codex/benchmarks/graphite/generic-string-profile-before-513e2b96-v1/source/internal/store/projection_cache.go:50 s=37
             github.com/johnsonlee/graphite/graphite-server/internal/store.(*DistinctStringIndex).CacheProjectionIDs /Users/johnsonlee/.codex/benchmarks/graphite/generic-string-profile-before-513e2b96-v1/source/internal/store/projection_cache.go:93 s=79
   147: 0x10110d74f M=1 github.com/johnsonlee/graphite/graphite-server/internal/query.evaluator.mainCacheNodes /Users/johnsonlee/.codex/benchmarks/graphite/generic-string-profile-before-513e2b96-v1/source/internal/query/ordinary_cache.go:115 s=110
   148: 0x10110dd1b M=1 github.com/johnsonlee/graphite/graphite-server/internal/query.ordinaryNodeKey /Users/johnsonlee/.codex/benchmarks/graphite/generic-string-profile-before-513e2b96-v1/source/internal/query/ordinary_cache.go:151 s=150
   149: 0x10110e35f M=1 github.com/johnsonlee/graphite/graphite-server/internal/query.evaluator.ordinaryLeadingRows /Users/johnsonlee/.codex/benchmarks/graphite/generic-string-profile-before-513e2b96-v1/source/internal/query/ordinary_leading.go:33 s=24
   150: 0x101112bc7 M=1 github.com/johnsonlee/graphite/graphite-server/internal/query.evaluator.ordinaryProjection /Users/johnsonlee/.codex/benchmarks/graphite/generic-string-profile-before-513e2b96-v1/source/internal/query/ordinary_projection.go:169 s=78
   151: 0x1010cd8c3 M=1 github.com/johnsonlee/graphite/graphite-server/internal/query.evaluator.branch /Users/johnsonlee/.codex/benchmarks/graphite/generic-string-profile-before-513e2b96-v1/source/internal/query/engine.go:184 s=173
   152: 0x10110cb87 M=1 github.com/johnsonlee/graphite/graphite-server/internal/query.mainNodeKey /Users/johnsonlee/.codex/benchmarks/graphite/generic-string-profile-before-513e2b96-v1/source/internal/query/ordinary_cache.go:25 s=20
   153: 0x10110cea7 M=1 github.com/johnsonlee/graphite/graphite-server/internal/query.javaUTF16 /Users/johnsonlee/.codex/benchmarks/graphite/generic-string-profile-before-513e2b96-v1/source/internal/query/java_string.go:9 s=9
             github.com/johnsonlee/graphite/graphite-server/internal/query.mainKeyCharacters /Users/johnsonlee/.codex/benchmarks/graphite/generic-string-profile-before-513e2b96-v1/source/internal/query/ordinary_cache.go:37 s=34
   154: 0x10110d6ff M=1 github.com/johnsonlee/graphite/graphite-server/internal/query.evaluator.mainCacheNodes /Users/johnsonlee/.codex/benchmarks/graphite/generic-string-profile-before-513e2b96-v1/source/internal/query/ordinary_cache.go:114 s=110
   155: 0x101104adf M=1 github.com/johnsonlee/graphite/graphite-server/internal/query.evaluator.mainIndexNodeIDs.func4 /Users/johnsonlee/.codex/benchmarks/graphite/generic-string-profile-before-513e2b96-v1/source/internal/query/main_string_postings.go:142 s=86
   156: 0x101106af7 M=1 github.com/johnsonlee/graphite/graphite-server/internal/query.evaluator.mainCandidateIterator.func6 /Users/johnsonlee/.codex/benchmarks/graphite/generic-string-profile-before-513e2b96-v1/source/internal/query/main_string_source.go:130 s=121
   157: 0x10111512f M=1 github.com/johnsonlee/graphite/graphite-server/internal/query.evaluator.ordinaryCandidateIterator.func1 /Users/johnsonlee/.codex/benchmarks/graphite/generic-string-profile-before-513e2b96-v1/source/internal/query/ordinary_projection.go:335 s=335
   158: 0x10111470f M=1 github.com/johnsonlee/graphite/graphite-server/internal/query.evaluator.ordinarySourceRows /Users/johnsonlee/.codex/benchmarks/graphite/generic-string-profile-before-513e2b96-v1/source/internal/query/ordinary_projection.go:297 s=293
   159: 0x10112f087 M=1 strconv.quoteWith /opt/homebrew/Cellar/go/1.22.0/libexec/src/strconv/quote.go:24 s=23
             strconv.Quote /opt/homebrew/Cellar/go/1.22.0/libexec/src/strconv/quote.go:126 s=125
             github.com/johnsonlee/graphite/graphite-server/internal/query.key /Users/johnsonlee/.codex/benchmarks/graphite/generic-string-profile-before-513e2b96-v1/source/internal/query/values.go:430 s=402
   160: 0x10110ce93 M=1 github.com/johnsonlee/graphite/graphite-server/internal/query.javaUTF16 /Users/johnsonlee/.codex/benchmarks/graphite/generic-string-profile-before-513e2b96-v1/source/internal/query/java_string.go:9 s=9
             github.com/johnsonlee/graphite/graphite-server/internal/query.mainKeyCharacters /Users/johnsonlee/.codex/benchmarks/graphite/generic-string-profile-before-513e2b96-v1/source/internal/query/ordinary_cache.go:37 s=34
   161: 0x10110d34f M=1 github.com/johnsonlee/graphite/graphite-server/internal/query.evaluator.stringIndexMatches /Users/johnsonlee/.codex/benchmarks/graphite/generic-string-profile-before-513e2b96-v1/source/internal/query/ordinary_cache.go:87 s=44
   162: 0x100f7dd0f M=1 fmt.Sprintf /opt/homebrew/Cellar/go/1.22.0/libexec/src/fmt/print.go:240 s=237
   163: 0x10112f64b M=1 github.com/johnsonlee/graphite/graphite-server/internal/query.key /Users/johnsonlee/.codex/benchmarks/graphite/generic-string-profile-before-513e2b96-v1/source/internal/query/values.go:441 s=402
   164: 0x10112f61f M=1 github.com/johnsonlee/graphite/graphite-server/internal/query.key /Users/johnsonlee/.codex/benchmarks/graphite/generic-string-profile-before-513e2b96-v1/source/internal/query/values.go:441 s=402
   165: 0x101134cfb M=1 github.com/johnsonlee/graphite/graphite-server/internal/benchmarkcase.canonicalValue /Users/johnsonlee/.codex/benchmarks/graphite/generic-string-profile-before-513e2b96-v1/source/internal/benchmarkcase/canonical.go:105 s=61
   166: 0x10110f70b M=1 github.com/johnsonlee/graphite/graphite-server/internal/query.javaUTF16 /Users/johnsonlee/.codex/benchmarks/graphite/generic-string-profile-before-513e2b96-v1/source/internal/query/java_string.go:9 s=9
             github.com/johnsonlee/graphite/graphite-server/internal/query.evaluator.mainExactMatches /Users/johnsonlee/.codex/benchmarks/graphite/generic-string-profile-before-513e2b96-v1/source/internal/query/ordinary_parallel.go:33 s=13
   167: 0x101111437 M=1 github.com/johnsonlee/graphite/graphite-server/internal/query.evaluator.ordinaryExactMatches /Users/johnsonlee/.codex/benchmarks/graphite/generic-string-profile-before-513e2b96-v1/source/internal/query/ordinary_parallel.go:249 s=247
   168: 0x10110ed07 M=1 github.com/johnsonlee/graphite/graphite-server/internal/query.evaluator.ordinaryLeadingRows /Users/johnsonlee/.codex/benchmarks/graphite/generic-string-profile-before-513e2b96-v1/source/internal/query/ordinary_leading.go:87 s=24
   169: 0x10110c8d3 M=1 github.com/johnsonlee/graphite/graphite-server/internal/query.ordinaryStringKey /Users/johnsonlee/.codex/benchmarks/graphite/generic-string-profile-before-513e2b96-v1/source/internal/query/ordinary_cache.go:18 s=17
   170: 0x10110d217 M=1 github.com/johnsonlee/graphite/graphite-server/internal/query.evaluator.stringIndexMatches /Users/johnsonlee/.codex/benchmarks/graphite/generic-string-profile-before-513e2b96-v1/source/internal/query/ordinary_cache.go:77 s=44
   171: 0x101133e5f M=1 github.com/johnsonlee/graphite/graphite-server/internal/benchmarkcase.CanonicalResult /Users/johnsonlee/.codex/benchmarks/graphite/generic-string-profile-before-513e2b96-v1/source/internal/benchmarkcase/canonical.go:38 s=16
   172: 0x101104f23 M=1 github.com/johnsonlee/graphite/graphite-server/internal/query.evaluator.mainCandidateIterator /Users/johnsonlee/.codex/benchmarks/graphite/generic-string-profile-before-513e2b96-v1/source/internal/query/main_string_source.go:27 s=27
   173: 0x10110f89f M=1 github.com/johnsonlee/graphite/graphite-server/internal/query.evaluator.mainExactMatches /Users/johnsonlee/.codex/benchmarks/graphite/generic-string-profile-before-513e2b96-v1/source/internal/query/ordinary_parallel.go:42 s=13
   174: 0x10110d0db M=1 github.com/johnsonlee/graphite/graphite-server/internal/query.javaUTF16 /Users/johnsonlee/.codex/benchmarks/graphite/generic-string-profile-before-513e2b96-v1/source/internal/query/java_string.go:9 s=9
             github.com/johnsonlee/graphite/graphite-server/internal/query.evaluator.stringIndexMatches /Users/johnsonlee/.codex/benchmarks/graphite/generic-string-profile-before-513e2b96-v1/source/internal/query/ordinary_cache.go:68 s=44
   175: 0x100f4920b M=1 time.NewTimer /opt/homebrew/Cellar/go/1.22.0/libexec/src/time/sleep.go:87 s=86
   176: 0x10113baff M=1 main.(*replay).measure /Users/johnsonlee/.codex/benchmarks/graphite/generic-string-profile-before-513e2b96-v1/source/cmd/graphite-benchmark-latency/main.go:106 s=89
   177: 0x10113a127 M=1 main.(*replay).profileMeasure /Users/johnsonlee/.codex/benchmarks/graphite/generic-string-profile-before-513e2b96-v1/source/cmd/graphite-benchmark-latency/diagnostic_profile.go:32 s=30
   178: 0x10110ca03 M=1 github.com/johnsonlee/graphite/graphite-server/internal/query.mainNodeKey /Users/johnsonlee/.codex/benchmarks/graphite/generic-string-profile-before-513e2b96-v1/source/internal/query/ordinary_cache.go:23 s=20
   179: 0x10111b923 M=1 github.com/johnsonlee/graphite/graphite-server/internal/query.evaluator.bind /Users/johnsonlee/.codex/benchmarks/graphite/generic-string-profile-before-513e2b96-v1/source/internal/query/row_order.go:119 s=111
   180: 0x101113c0b M=1 github.com/johnsonlee/graphite/graphite-server/internal/query.evaluator.ordinaryBindResult /Users/johnsonlee/.codex/benchmarks/graphite/generic-string-profile-before-513e2b96-v1/source/internal/query/ordinary_projection.go:235 s=231
   181: 0x101113127 M=1 github.com/johnsonlee/graphite/graphite-server/internal/query.evaluator.ordinaryProjection /Users/johnsonlee/.codex/benchmarks/graphite/generic-string-profile-before-513e2b96-v1/source/internal/query/ordinary_projection.go:229 s=78
   182: 0x1010db05f M=1 github.com/johnsonlee/graphite/graphite-server/internal/query.evaluator.filteredStringCount /Users/johnsonlee/.codex/benchmarks/graphite/generic-string-profile-before-513e2b96-v1/source/internal/query/filtered_string_count.go:178 s=111
   183: 0x1010cd84b M=1 github.com/johnsonlee/graphite/graphite-server/internal/query.evaluator.branch /Users/johnsonlee/.codex/benchmarks/graphite/generic-string-profile-before-513e2b96-v1/source/internal/query/engine.go:181 s=173
   184: 0x1010a4167 M=1 github.com/johnsonlee/graphite/graphite-server/internal/store.(*DistinctStringIndex).AggregateProjectionRanges.func2 /Users/johnsonlee/.codex/benchmarks/graphite/generic-string-profile-before-513e2b96-v1/source/internal/store/string_aggregation.go:79 s=72
   185: 0x1010a3efb M=1 github.com/johnsonlee/graphite/graphite-server/internal/store.(*DistinctStringIndex).AggregateProjectionRanges /Users/johnsonlee/.codex/benchmarks/graphite/generic-string-profile-before-513e2b96-v1/source/internal/store/string_aggregation.go:94 s=13
   186: 0x1010dcbff M=1 github.com/johnsonlee/graphite/graphite-server/internal/query.evaluator.filteredCountStorage /Users/johnsonlee/.codex/benchmarks/graphite/generic-string-profile-before-513e2b96-v1/source/internal/query/filtered_string_count.go:362 s=291
   187: 0x1010dbd8f M=1 github.com/johnsonlee/graphite/graphite-server/internal/query.evaluator.filteredCountSource /Users/johnsonlee/.codex/benchmarks/graphite/generic-string-profile-before-513e2b96-v1/source/internal/query/filtered_string_count.go:262 s=199
   188: 0x1010db573 M=1 github.com/johnsonlee/graphite/graphite-server/internal/query.evaluator.filteredStringCount.func1 /Users/johnsonlee/.codex/benchmarks/graphite/generic-string-profile-before-513e2b96-v1/source/internal/query/filtered_string_count.go:161 s=156
   189: 0x10113106b M=1 github.com/johnsonlee/graphite/graphite-server/internal/query.runDistinctTasks[go.shape.struct { github.com/johnsonlee/graphite/graphite-server/internal/query.count int64; github.com/johnsonlee/graphite/graphite-server/internal/query.distinct map[string]bool; github.com/johnsonlee/graphite/graphite-server/internal/query.matched bool }].func1.1 /Users/johnsonlee/.codex/benchmarks/graphite/generic-string-profile-before-513e2b96-v1/source/internal/query/indexed_distinct.go:232 s=229
   190: 0x1010a4133 M=1 github.com/johnsonlee/graphite/graphite-server/internal/store.(*DistinctStringIndex).AggregateProjectionRanges.func2 /Users/johnsonlee/.codex/benchmarks/graphite/generic-string-profile-before-513e2b96-v1/source/internal/store/string_aggregation.go:78 s=72
   191: 0x1010a3cfb M=1 github.com/johnsonlee/graphite/graphite-server/internal/store.(*DistinctStringIndex).AggregateProjectionRanges /Users/johnsonlee/.codex/benchmarks/graphite/generic-string-profile-before-513e2b96-v1/source/internal/store/string_aggregation.go:106 s=13
   192: 0x1010dcebf M=1 github.com/johnsonlee/graphite/graphite-server/internal/query.evaluator.filteredCountStorage.func1 /Users/johnsonlee/.codex/benchmarks/graphite/generic-string-profile-before-513e2b96-v1/source/internal/query/filtered_string_count.go:321 s=320
   193: 0x1010dcd47 M=1 github.com/johnsonlee/graphite/graphite-server/internal/query.evaluator.filteredCountStorage /Users/johnsonlee/.codex/benchmarks/graphite/generic-string-profile-before-513e2b96-v1/source/internal/query/filtered_string_count.go:338 s=291
   194: 0x1010dc28f M=1 github.com/johnsonlee/graphite/graphite-server/internal/query.evaluator.filteredCountSource /Users/johnsonlee/.codex/benchmarks/graphite/generic-string-profile-before-513e2b96-v1/source/internal/query/filtered_string_count.go:266 s=199
   195: 0x1010a3c83 M=1 github.com/johnsonlee/graphite/graphite-server/internal/store.(*DistinctStringIndex).AggregateProjectionRanges /Users/johnsonlee/.codex/benchmarks/graphite/generic-string-profile-before-513e2b96-v1/source/internal/store/string_aggregation.go:101 s=13
   196: 0x1010dc2ab M=1 github.com/johnsonlee/graphite/graphite-server/internal/query.evaluator.filteredCountSource /Users/johnsonlee/.codex/benchmarks/graphite/generic-string-profile-before-513e2b96-v1/source/internal/query/filtered_string_count.go:266 s=199
   197: 0x10109a297 M=1 github.com/johnsonlee/graphite/graphite-server/internal/store.(*DistinctStringIndex).ProjectionCachedIDs /Users/johnsonlee/.codex/benchmarks/graphite/generic-string-profile-before-513e2b96-v1/source/internal/store/projection_cache.go:77 s=60
   198: 0x10110cfeb M=1 github.com/johnsonlee/graphite/graphite-server/internal/query.evaluator.stringIndexMatches /Users/johnsonlee/.codex/benchmarks/graphite/generic-string-profile-before-513e2b96-v1/source/internal/query/ordinary_cache.go:57 s=44
   199: 0x1010dc92b M=1 github.com/johnsonlee/graphite/graphite-server/internal/query.evaluator.filteredCountStorage /Users/johnsonlee/.codex/benchmarks/graphite/generic-string-profile-before-513e2b96-v1/source/internal/query/filtered_string_count.go:319 s=291
   200: 0x1010a3d1f M=1 github.com/johnsonlee/graphite/graphite-server/internal/store.(*DistinctStringIndex).AggregateProjectionRanges /Users/johnsonlee/.codex/benchmarks/graphite/generic-string-profile-before-513e2b96-v1/source/internal/store/string_aggregation.go:121 s=13
   201: 0x1010a3a6b M=1 github.com/johnsonlee/graphite/graphite-server/internal/store.(*DistinctStringIndex).AggregateProjectionRanges /Users/johnsonlee/.codex/benchmarks/graphite/generic-string-profile-before-513e2b96-v1/source/internal/store/string_aggregation.go:31 s=13
   202: 0x1010dcf0f M=1 github.com/johnsonlee/graphite/graphite-server/internal/query.evaluator.filteredCountStorage.func1 /Users/johnsonlee/.codex/benchmarks/graphite/generic-string-profile-before-513e2b96-v1/source/internal/query/filtered_string_count.go:324 s=320
   203: 0x10110d51b M=1 github.com/johnsonlee/graphite/graphite-server/internal/query.evaluator.stringIndexMatches /Users/johnsonlee/.codex/benchmarks/graphite/generic-string-profile-before-513e2b96-v1/source/internal/query/ordinary_cache.go:103 s=44
   204: 0x10109a503 M=1 github.com/johnsonlee/graphite/graphite-server/internal/store.(*DistinctStringIndex).CacheProjectionIDs /Users/johnsonlee/.codex/benchmarks/graphite/generic-string-profile-before-513e2b96-v1/source/internal/store/projection_cache.go:93 s=79
   205: 0x10110d57b M=1 github.com/johnsonlee/graphite/graphite-server/internal/query.evaluator.stringIndexMatches /Users/johnsonlee/.codex/benchmarks/graphite/generic-string-profile-before-513e2b96-v1/source/internal/query/ordinary_cache.go:107 s=44
   206: 0x1010dc27f M=1 github.com/johnsonlee/graphite/graphite-server/internal/query.evaluator.filteredCountSource /Users/johnsonlee/.codex/benchmarks/graphite/generic-string-profile-before-513e2b96-v1/source/internal/query/filtered_string_count.go:266 s=199
   207: 0x10110178f M=1 github.com/johnsonlee/graphite/graphite-server/internal/query.evaluator.mainStringCandidatesWithStorage /Users/johnsonlee/.codex/benchmarks/graphite/generic-string-profile-before-513e2b96-v1/source/internal/query/main_string_candidates.go:48 s=38
   208: 0x1010dbf03 M=1 github.com/johnsonlee/graphite/graphite-server/internal/query.evaluator.mainStreamingStringCandidates /Users/johnsonlee/.codex/benchmarks/graphite/generic-string-profile-before-513e2b96-v1/source/internal/query/main_string_candidates.go:35 s=34
             github.com/johnsonlee/graphite/graphite-server/internal/query.evaluator.filteredCountSource /Users/johnsonlee/.codex/benchmarks/graphite/generic-string-profile-before-513e2b96-v1/source/internal/query/filtered_string_count.go:274 s=199
   209: 0x100f846fb M=1 strings.(*Builder).grow /opt/homebrew/Cellar/go/1.22.0/libexec/src/strings/builder.go:69 s=68
   210: 0x100f8480b M=1 strings.(*Builder).Grow /opt/homebrew/Cellar/go/1.22.0/libexec/src/strings/builder.go:83 s=77
   211: 0x100fbe2c3 M=1 github.com/johnsonlee/graphite/graphite-server/internal/javastring.Case /Users/johnsonlee/.codex/benchmarks/graphite/generic-string-profile-before-513e2b96-v1/source/internal/javastring/unicode.go:34 s=10
   212: 0x10110d0d7 M=1 github.com/johnsonlee/graphite/graphite-server/internal/query.evaluator.javaCase /Users/johnsonlee/.codex/benchmarks/graphite/generic-string-profile-before-513e2b96-v1/source/internal/query/java_string.go:14 s=14
             github.com/johnsonlee/graphite/graphite-server/internal/query.evaluator.stringIndexMatches /Users/johnsonlee/.codex/benchmarks/graphite/generic-string-profile-before-513e2b96-v1/source/internal/query/ordinary_cache.go:68 s=44
   213: 0x10113cd1b M=1 main.(*replay).run /Users/johnsonlee/.codex/benchmarks/graphite/generic-string-profile-before-513e2b96-v1/source/cmd/graphite-benchmark-latency/main.go:215 s=172
   214: 0x1010c9d47 M=1 github.com/johnsonlee/graphite/graphite-server/internal/query.addProvenance /Users/johnsonlee/.codex/benchmarks/graphite/generic-string-profile-before-513e2b96-v1/source/internal/query/cross.go:83 s=67
   215: 0x101113ad3 M=1 github.com/johnsonlee/graphite/graphite-server/internal/query.evaluator.ordinaryBindResult /Users/johnsonlee/.codex/benchmarks/graphite/generic-string-profile-before-513e2b96-v1/source/internal/query/ordinary_projection.go:237 s=231
   216: 0x101112c53 M=1 github.com/johnsonlee/graphite/graphite-server/internal/query.evaluator.ordinaryProjection /Users/johnsonlee/.codex/benchmarks/graphite/generic-string-profile-before-513e2b96-v1/source/internal/query/ordinary_projection.go:172 s=78
   217: 0x10110f417 M=1 github.com/johnsonlee/graphite/graphite-server/internal/query.evaluator.ordinaryRawRow /Users/johnsonlee/.codex/benchmarks/graphite/generic-string-profile-before-513e2b96-v1/source/internal/query/ordinary_leading.go:131 s=118
   218: 0x10110f03f M=1 github.com/johnsonlee/graphite/graphite-server/internal/query.evaluator.ordinaryLeadingRows /Users/johnsonlee/.codex/benchmarks/graphite/generic-string-profile-before-513e2b96-v1/source/internal/query/ordinary_leading.go:103 s=24
   219: 0x10110f277 M=1 github.com/johnsonlee/graphite/graphite-server/internal/query.evaluator.ordinaryRawRow /Users/johnsonlee/.codex/benchmarks/graphite/generic-string-profile-before-513e2b96-v1/source/internal/query/ordinary_leading.go:119 s=118
   220: 0x101097daf M=1 github.com/johnsonlee/graphite/graphite-server/internal/store.(*DistinctStringIndex).MainMappedProjectionRange /Users/johnsonlee/.codex/benchmarks/graphite/generic-string-profile-before-513e2b96-v1/source/internal/store/main_posting_range.go:75 s=18
   221: 0x10110351b M=1 github.com/johnsonlee/graphite/graphite-server/internal/query.evaluator.mainSelectedMappedIDs /Users/johnsonlee/.codex/benchmarks/graphite/generic-string-profile-before-513e2b96-v1/source/internal/query/main_string_mapped.go:56 s=38
   222: 0x10110ee03 M=1 github.com/johnsonlee/graphite/graphite-server/internal/query.evaluator.ordinaryLeadingRows /Users/johnsonlee/.codex/benchmarks/graphite/generic-string-profile-before-513e2b96-v1/source/internal/query/ordinary_leading.go:90 s=24
   223: 0x101133d53 M=1 github.com/johnsonlee/graphite/graphite-server/internal/benchmarkcase.CanonicalResult /Users/johnsonlee/.codex/benchmarks/graphite/generic-string-profile-before-513e2b96-v1/source/internal/benchmarkcase/canonical.go:27 s=16
   224: 0x100f698ef M=1 reflect.copyVal /opt/homebrew/Cellar/go/1.22.0/libexec/src/reflect/value.go:2063 s=2059
   225: 0x100f6927f M=1 reflect.Value.MapIndex /opt/homebrew/Cellar/go/1.22.0/libexec/src/reflect/value.go:1836 s=1804
   226: 0x101134c17 M=1 github.com/johnsonlee/graphite/graphite-server/internal/benchmarkcase.canonicalValue /Users/johnsonlee/.codex/benchmarks/graphite/generic-string-profile-before-513e2b96-v1/source/internal/benchmarkcase/canonical.go:99 s=61
   227: 0x10113486f M=1 github.com/johnsonlee/graphite/graphite-server/internal/benchmarkcase.canonicalValue /Users/johnsonlee/.codex/benchmarks/graphite/generic-string-profile-before-513e2b96-v1/source/internal/benchmarkcase/canonical.go:69 s=61
   228: 0x101133c8b M=1 github.com/johnsonlee/graphite/graphite-server/internal/benchmarkcase.CanonicalResult /Users/johnsonlee/.codex/benchmarks/graphite/generic-string-profile-before-513e2b96-v1/source/internal/benchmarkcase/canonical.go:21 s=16
   229: 0x101115df7 M=1 github.com/johnsonlee/graphite/graphite-server/internal/query.NodeProperty /Users/johnsonlee/.codex/benchmarks/graphite/generic-string-profile-before-513e2b96-v1/source/internal/query/properties.go:18 s=9
   230: 0x1010c9a03 M=1 github.com/johnsonlee/graphite/graphite-server/internal/query.qualifiedProperty /Users/johnsonlee/.codex/benchmarks/graphite/generic-string-profile-before-513e2b96-v1/source/internal/query/cross.go:54 s=45
   231: 0x1010d32fb M=1 github.com/johnsonlee/graphite/graphite-server/internal/query.evaluator.eval /Users/johnsonlee/.codex/benchmarks/graphite/generic-string-profile-before-513e2b96-v1/source/internal/query/eval.go:101 s=82
   232: 0x101114bff M=1 github.com/johnsonlee/graphite/graphite-server/internal/query.evaluator.ordinarySourceRows /Users/johnsonlee/.codex/benchmarks/graphite/generic-string-profile-before-513e2b96-v1/source/internal/query/ordinary_projection.go:315 s=293
   233: 0x101114cbb M=1 github.com/johnsonlee/graphite/graphite-server/internal/query.evaluator.ordinarySourceRows /Users/johnsonlee/.codex/benchmarks/graphite/generic-string-profile-before-513e2b96-v1/source/internal/query/ordinary_projection.go:322 s=293
   234: 0x10109bd8f M=1 github.com/johnsonlee/graphite/graphite-server/internal/store.(*Store).ProjectionCandidateNode /Users/johnsonlee/.codex/benchmarks/graphite/generic-string-profile-before-513e2b96-v1/source/internal/store/projection_node.go:104 s=13
   235: 0x101106bef M=1 github.com/johnsonlee/graphite/graphite-server/internal/query.evaluator.mainCandidateIterator.func6 /Users/johnsonlee/.codex/benchmarks/graphite/generic-string-profile-before-513e2b96-v1/source/internal/query/main_string_source.go:165 s=121
   236: 0x10109c55b M=1 github.com/johnsonlee/graphite/graphite-server/internal/store.(*Store).ProjectionCandidateNode.func4 /Users/johnsonlee/.codex/benchmarks/graphite/generic-string-profile-before-513e2b96-v1/source/internal/store/projection_node.go:97 s=93
   237: 0x10109bc9f M=1 github.com/johnsonlee/graphite/graphite-server/internal/store.(*Store).ProjectionCandidateNode /Users/johnsonlee/.codex/benchmarks/graphite/generic-string-profile-before-513e2b96-v1/source/internal/store/projection_node.go:102 s=13
   238: 0x10109bd17 M=1 github.com/johnsonlee/graphite/graphite-server/internal/store.(*Store).ProjectionCandidateNode /Users/johnsonlee/.codex/benchmarks/graphite/generic-string-profile-before-513e2b96-v1/source/internal/store/projection_node.go:103 s=13
   239: 0x1011148bf M=1 github.com/johnsonlee/graphite/graphite-server/internal/query.evaluator.ordinarySourceRows /Users/johnsonlee/.codex/benchmarks/graphite/generic-string-profile-before-513e2b96-v1/source/internal/query/ordinary_projection.go:304 s=293
   240: 0x101115d43 M=1 github.com/johnsonlee/graphite/graphite-server/internal/query.NodeProperty /Users/johnsonlee/.codex/benchmarks/graphite/generic-string-profile-before-513e2b96-v1/source/internal/query/properties.go:20 s=9
   241: 0x101114c8b M=1 github.com/johnsonlee/graphite/graphite-server/internal/query.evaluator.ordinarySourceRows /Users/johnsonlee/.codex/benchmarks/graphite/generic-string-profile-before-513e2b96-v1/source/internal/query/ordinary_projection.go:321 s=293
   242: 0x10111475f M=1 github.com/johnsonlee/graphite/graphite-server/internal/query.evaluator.ordinarySourceRows /Users/johnsonlee/.codex/benchmarks/graphite/generic-string-profile-before-513e2b96-v1/source/internal/query/ordinary_projection.go:301 s=293
   243: 0x1010c9cd7 M=1 github.com/johnsonlee/graphite/graphite-server/internal/query.addProvenance /Users/johnsonlee/.codex/benchmarks/graphite/generic-string-profile-before-513e2b96-v1/source/internal/query/cross.go:78 s=67
   244: 0x1011148cf M=1 github.com/johnsonlee/graphite/graphite-server/internal/query.evaluator.ordinarySourceRows /Users/johnsonlee/.codex/benchmarks/graphite/generic-string-profile-before-513e2b96-v1/source/internal/query/ordinary_projection.go:307 s=293
   245: 0x101114b8f M=1 github.com/johnsonlee/graphite/graphite-server/internal/query.evaluator.ordinarySourceRows /Users/johnsonlee/.codex/benchmarks/graphite/generic-string-profile-before-513e2b96-v1/source/internal/query/ordinary_projection.go:315 s=293
   246: 0x101115e47 M=1 github.com/johnsonlee/graphite/graphite-server/internal/query.NodeProperty /Users/johnsonlee/.codex/benchmarks/graphite/generic-string-profile-before-513e2b96-v1/source/internal/query/properties.go:24 s=9
   247: 0x101115d9b M=1 github.com/johnsonlee/graphite/graphite-server/internal/query.NodeProperty /Users/johnsonlee/.codex/benchmarks/graphite/generic-string-profile-before-513e2b96-v1/source/internal/query/properties.go:26 s=9
   248: 0x101114b5f M=1 github.com/johnsonlee/graphite/graphite-server/internal/query.evaluator.ordinarySourceRows /Users/johnsonlee/.codex/benchmarks/graphite/generic-string-profile-before-513e2b96-v1/source/internal/query/ordinary_projection.go:314 s=293
   249: 0x10111480f M=1 github.com/johnsonlee/graphite/graphite-server/internal/query.evaluator.nodeValue /Users/johnsonlee/.codex/benchmarks/graphite/generic-string-profile-before-513e2b96-v1/source/internal/query/traversal.go:262 s=260
             github.com/johnsonlee/graphite/graphite-server/internal/query.evaluator.ordinarySourceRows /Users/johnsonlee/.codex/benchmarks/graphite/generic-string-profile-before-513e2b96-v1/source/internal/query/ordinary_projection.go:302 s=293
   250: 0x101103f93 M=1 github.com/johnsonlee/graphite/graphite-server/internal/query.evaluator.mainIndexNodeIDs /Users/johnsonlee/.codex/benchmarks/graphite/generic-string-profile-before-513e2b96-v1/source/internal/query/main_string_postings.go:76 s=11
   251: 0x10110423f M=1 github.com/johnsonlee/graphite/graphite-server/internal/query.evaluator.mainIndexNodeIDs /Users/johnsonlee/.codex/benchmarks/graphite/generic-string-profile-before-513e2b96-v1/source/internal/query/main_string_postings.go:48 s=11
   252: 0x101114aa3 M=1 github.com/johnsonlee/graphite/graphite-server/internal/query.evaluator.ordinarySourceRows /Users/johnsonlee/.codex/benchmarks/graphite/generic-string-profile-before-513e2b96-v1/source/internal/query/ordinary_projection.go:319 s=293
   253: 0x101104447 M=1 github.com/johnsonlee/graphite/graphite-server/internal/query.evaluator.mainIndexNodeIDs /Users/johnsonlee/.codex/benchmarks/graphite/generic-string-profile-before-513e2b96-v1/source/internal/query/main_string_postings.go:65 s=11
   254: 0x101104497 M=1 github.com/johnsonlee/graphite/graphite-server/internal/query.evaluator.mainIndexNodeIDs /Users/johnsonlee/.codex/benchmarks/graphite/generic-string-profile-before-513e2b96-v1/source/internal/query/main_string_postings.go:68 s=11
   255: 0x1010aceb3 M=1 math/big.nat.make /opt/homebrew/Cellar/go/1.22.0/libexec/src/math/big/nat.go:67 s=61
             math/big.nat.set /opt/homebrew/Cellar/go/1.22.0/libexec/src/math/big/nat.go:97 s=96
             math/big.(*Int).Set /opt/homebrew/Cellar/go/1.22.0/libexec/src/math/big/int.go:98 s=96
             math/big.(*Int).Abs /opt/homebrew/Cellar/go/1.22.0/libexec/src/math/big/int.go:129 s=128
             math/big.(*Int).lehmerGCD /opt/homebrew/Cellar/go/1.22.0/libexec/src/math/big/int.go:766 s=763
   256: 0x1010ef767 M=1 github.com/johnsonlee/graphite/graphite-server/internal/query.evaluator.distinctSourceHits /Users/johnsonlee/.codex/benchmarks/graphite/generic-string-profile-before-513e2b96-v1/source/internal/query/indexed_distinct.go:572 s=527
   257: 0x10112f57f M=1 github.com/johnsonlee/graphite/graphite-server/internal/query.key /Users/johnsonlee/.codex/benchmarks/graphite/generic-string-profile-before-513e2b96-v1/source/internal/query/values.go:453 s=402
   258: 0x1010f13f3 M=1 github.com/johnsonlee/graphite/graphite-server/internal/query.evaluator.distinctRawRows /Users/johnsonlee/.codex/benchmarks/graphite/generic-string-profile-before-513e2b96-v1/source/internal/query/indexed_distinct.go:924 s=780
   259: 0x1010f00d7 M=1 github.com/johnsonlee/graphite/graphite-server/internal/query.evaluator.distinctRawRange /Users/johnsonlee/.codex/benchmarks/graphite/generic-string-profile-before-513e2b96-v1/source/internal/query/indexed_distinct.go:716 s=678
   260: 0x1010efc8f M=1 github.com/johnsonlee/graphite/graphite-server/internal/query.evaluator.distinctRawRange /Users/johnsonlee/.codex/benchmarks/graphite/generic-string-profile-before-513e2b96-v1/source/internal/query/indexed_distinct.go:721 s=678
   261: 0x1010ef77f M=1 github.com/johnsonlee/graphite/graphite-server/internal/query.evaluator.distinctSourceHits /Users/johnsonlee/.codex/benchmarks/graphite/generic-string-profile-before-513e2b96-v1/source/internal/query/indexed_distinct.go:572 s=527
   262: 0x1010f142b M=1 github.com/johnsonlee/graphite/graphite-server/internal/query.evaluator.distinctRawRows /Users/johnsonlee/.codex/benchmarks/graphite/generic-string-profile-before-513e2b96-v1/source/internal/query/indexed_distinct.go:925 s=780
   263: 0x1010e9f37 M=1 github.com/johnsonlee/graphite/graphite-server/internal/query.clone /Users/johnsonlee/.codex/benchmarks/graphite/generic-string-profile-before-513e2b96-v1/source/internal/query/eval.go:70 s=69
             github.com/johnsonlee/graphite/graphite-server/internal/query.distinctVisibleKey /Users/johnsonlee/.codex/benchmarks/graphite/generic-string-profile-before-513e2b96-v1/source/internal/query/indexed_distinct.go:64 s=63
   264: 0x1010efe1f M=1 github.com/johnsonlee/graphite/graphite-server/internal/query.evaluator.distinctRawRange /Users/johnsonlee/.codex/benchmarks/graphite/generic-string-profile-before-513e2b96-v1/source/internal/query/indexed_distinct.go:744 s=678
   265: 0x1010f0cf7 M=1 github.com/johnsonlee/graphite/graphite-server/internal/query.evaluator.distinctRawRows /Users/johnsonlee/.codex/benchmarks/graphite/generic-string-profile-before-513e2b96-v1/source/internal/query/indexed_distinct.go:860 s=780
   266: 0x10112f2bf M=1 github.com/johnsonlee/graphite/graphite-server/internal/query.key /Users/johnsonlee/.codex/benchmarks/graphite/generic-string-profile-before-513e2b96-v1/source/internal/query/values.go:416 s=402
   267: 0x1010f02a7 M=1 github.com/johnsonlee/graphite/graphite-server/internal/query.evaluator.distinctRawRange /Users/johnsonlee/.codex/benchmarks/graphite/generic-string-profile-before-513e2b96-v1/source/internal/query/indexed_distinct.go:734 s=678
   268: 0x1010eb263 M=1 github.com/johnsonlee/graphite/graphite-server/internal/query.evaluator.indexedDistinct.func3 /Users/johnsonlee/.codex/benchmarks/graphite/generic-string-profile-before-513e2b96-v1/source/internal/query/indexed_distinct.go:130 s=130
   269: 0x10113244f M=1 github.com/johnsonlee/graphite/graphite-server/internal/query.runDistinctTasks[go.shape.struct { github.com/johnsonlee/graphite/graphite-server/internal/query.rows []map[string]interface {}; github.com/johnsonlee/graphite/graphite-server/internal/query.known map[string]bool; github.com/johnsonlee/graphite/graphite-server/internal/query.index *github.com/johnsonlee/graphite/graphite-server/internal/store.DistinctStringIndex }] /Users/johnsonlee/.codex/benchmarks/graphite/generic-string-profile-before-513e2b96-v1/source/internal/query/indexed_distinct.go:258 s=211
   270: 0x1010ea723 M=1 github.com/johnsonlee/graphite/graphite-server/internal/query.evaluator.indexedDistinct /Users/johnsonlee/.codex/benchmarks/graphite/generic-string-profile-before-513e2b96-v1/source/internal/query/indexed_distinct.go:124 s=68
   271: 0x1010ed637 M=1 github.com/johnsonlee/graphite/graphite-server/internal/query.evaluator.distinctSourcePrefix /Users/johnsonlee/.codex/benchmarks/graphite/generic-string-profile-before-513e2b96-v1/source/internal/query/indexed_distinct.go:445 s=408
   272: 0x1010e9fab M=1 github.com/johnsonlee/graphite/graphite-server/internal/query.clone /Users/johnsonlee/.codex/benchmarks/graphite/generic-string-profile-before-513e2b96-v1/source/internal/query/eval.go:72 s=69
             github.com/johnsonlee/graphite/graphite-server/internal/query.distinctVisibleKey /Users/johnsonlee/.codex/benchmarks/graphite/generic-string-profile-before-513e2b96-v1/source/internal/query/indexed_distinct.go:64 s=63
   273: 0x1010efdc3 M=1 github.com/johnsonlee/graphite/graphite-server/internal/query.evaluator.distinctRawRange /Users/johnsonlee/.codex/benchmarks/graphite/generic-string-profile-before-513e2b96-v1/source/internal/query/indexed_distinct.go:741 s=678
   274: 0x1010f1657 M=1 github.com/johnsonlee/graphite/graphite-server/internal/query.evaluator.distinctRawRows /Users/johnsonlee/.codex/benchmarks/graphite/generic-string-profile-before-513e2b96-v1/source/internal/query/indexed_distinct.go:857 s=780
   275: 0x1010f0ccf M=1 github.com/johnsonlee/graphite/graphite-server/internal/query.evaluator.distinctRawRows /Users/johnsonlee/.codex/benchmarks/graphite/generic-string-profile-before-513e2b96-v1/source/internal/query/indexed_distinct.go:860 s=780
   276: 0x1010eb60b M=1 github.com/johnsonlee/graphite/graphite-server/internal/query.evaluator.indexedDistinct.func1 /Users/johnsonlee/.codex/benchmarks/graphite/generic-string-profile-before-513e2b96-v1/source/internal/query/indexed_distinct.go:110 s=100
   277: 0x1010eb667 M=1 github.com/johnsonlee/graphite/graphite-server/internal/query.evaluator.indexedDistinct.func1 /Users/johnsonlee/.codex/benchmarks/graphite/generic-string-profile-before-513e2b96-v1/source/internal/query/indexed_distinct.go:111 s=100
   278: 0x1010ed5ef M=1 github.com/johnsonlee/graphite/graphite-server/internal/query.evaluator.distinctSourcePrefix /Users/johnsonlee/.codex/benchmarks/graphite/generic-string-profile-before-513e2b96-v1/source/internal/query/indexed_distinct.go:444 s=408
   279: 0x101133ddf M=1 github.com/johnsonlee/graphite/graphite-server/internal/benchmarkcase.CanonicalResult /Users/johnsonlee/.codex/benchmarks/graphite/generic-string-profile-before-513e2b96-v1/source/internal/benchmarkcase/canonical.go:36 s=16
   280: 0x10112d977 M=1 github.com/johnsonlee/graphite/graphite-server/internal/query.javaUTF16 /Users/johnsonlee/.codex/benchmarks/graphite/generic-string-profile-before-513e2b96-v1/source/internal/query/java_string.go:9 s=9
             github.com/johnsonlee/graphite/graphite-server/internal/query.compareUTF16 /Users/johnsonlee/.codex/benchmarks/graphite/generic-string-profile-before-513e2b96-v1/source/internal/query/values.go:334 s=330
   281: 0x10112c743 M=1 github.com/johnsonlee/graphite/graphite-server/internal/query.compare /Users/johnsonlee/.codex/benchmarks/graphite/generic-string-profile-before-513e2b96-v1/source/internal/query/values.go:207 s=168
   282: 0x10111bad7 M=1 github.com/johnsonlee/graphite/graphite-server/internal/query.(*streamingRowHeap).compare /Users/johnsonlee/.codex/benchmarks/graphite/generic-string-profile-before-513e2b96-v1/source/internal/query/streaming_order.go:33 s=27
   283: 0x10111c2d7 M=1 github.com/johnsonlee/graphite/graphite-server/internal/query.(*streamingRowHeap).result.func1 /Users/johnsonlee/.codex/benchmarks/graphite/generic-string-profile-before-513e2b96-v1/source/internal/query/streaming_order.go:72 s=72
   284: 0x100f6e693 M=1 sort.partition_func /opt/homebrew/Cellar/go/1.22.0/libexec/src/sort/zsortfunc.go:154 s=135
   285: 0x100f6e40f M=1 sort.pdqsort_func /opt/homebrew/Cellar/go/1.22.0/libexec/src/sort/zsortfunc.go:114 s=61
   286: 0x100f6e447 M=1 sort.pdqsort_func /opt/homebrew/Cellar/go/1.22.0/libexec/src/sort/zsortfunc.go:121 s=61
   287: 0x100f6dbeb M=1 sort.Slice /opt/homebrew/Cellar/go/1.22.0/libexec/src/sort/slice.go:29 s=24
   288: 0x10111c0af M=1 github.com/johnsonlee/graphite/graphite-server/internal/query.(*streamingRowHeap).result /Users/johnsonlee/.codex/benchmarks/graphite/generic-string-profile-before-513e2b96-v1/source/internal/query/streaming_order.go:72 s=71
   289: 0x10111d923 M=1 github.com/johnsonlee/graphite/graphite-server/internal/query.evaluator.streamingParallelOrder /Users/johnsonlee/.codex/benchmarks/graphite/generic-string-profile-before-513e2b96-v1/source/internal/query/streaming_order.go:239 s=193
   290: 0x10112030f M=1 github.com/johnsonlee/graphite/graphite-server/internal/query.evaluator.streamingPaginationSources /Users/johnsonlee/.codex/benchmarks/graphite/generic-string-profile-before-513e2b96-v1/source/internal/query/streaming_pagination.go:187 s=183
   291: 0x10111f907 M=1 github.com/johnsonlee/graphite/graphite-server/internal/query.evaluator.streamingPagination /Users/johnsonlee/.codex/benchmarks/graphite/generic-string-profile-before-513e2b96-v1/source/internal/query/streaming_pagination.go:135 s=95
   292: 0x1010cdb57 M=1 github.com/johnsonlee/graphite/graphite-server/internal/query.evaluator.branch /Users/johnsonlee/.codex/benchmarks/graphite/generic-string-profile-before-513e2b96-v1/source/internal/query/engine.go:198 s=173
   293: 0x100f6e47f M=1 sort.pdqsort_func /opt/homebrew/Cellar/go/1.22.0/libexec/src/sort/zsortfunc.go:125 s=61
   294: 0x10112d98f M=1 github.com/johnsonlee/graphite/graphite-server/internal/query.javaUTF16 /Users/johnsonlee/.codex/benchmarks/graphite/generic-string-profile-before-513e2b96-v1/source/internal/query/java_string.go:9 s=9
             github.com/johnsonlee/graphite/graphite-server/internal/query.compareUTF16 /Users/johnsonlee/.codex/benchmarks/graphite/generic-string-profile-before-513e2b96-v1/source/internal/query/values.go:334 s=330
   295: 0x100f6e6cf M=1 sort.partition_func /opt/homebrew/Cellar/go/1.22.0/libexec/src/sort/zsortfunc.go:157 s=135
   296: 0x100f6dfbf M=1 sort.insertionSort_func /opt/homebrew/Cellar/go/1.22.0/libexec/src/sort/zsortfunc.go:12 s=10
   297: 0x100f6e4bf M=1 sort.pdqsort_func /opt/homebrew/Cellar/go/1.22.0/libexec/src/sort/zsortfunc.go:73 s=61
   298: 0x100f6e583 M=1 sort.partition_func /opt/homebrew/Cellar/go/1.22.0/libexec/src/sort/zsortfunc.go:139 s=135
   299: 0x100f6edd7 M=1 sort.order2_func /opt/homebrew/Cellar/go/1.22.0/libexec/src/sort/zsortfunc.go:299 s=298
             sort.median_func /opt/homebrew/Cellar/go/1.22.0/libexec/src/sort/zsortfunc.go:308 s=307
   300: 0x100f6ecab M=1 sort.medianAdjacent_func /opt/homebrew/Cellar/go/1.22.0/libexec/src/sort/zsortfunc.go:316 s=315
             sort.choosePivot_func /opt/homebrew/Cellar/go/1.22.0/libexec/src/sort/zsortfunc.go:279 s=261
   301: 0x100f6e303 M=1 sort.pdqsort_func /opt/homebrew/Cellar/go/1.22.0/libexec/src/sort/zsortfunc.go:89 s=61
   302: 0x100f6ed1b M=1 sort.choosePivot_func /opt/homebrew/Cellar/go/1.22.0/libexec/src/sort/zsortfunc.go:284 s=261
   303: 0x10111f0eb M=1 github.com/johnsonlee/graphite/graphite-server/internal/query.evaluator.mainStreamingStringCandidates /Users/johnsonlee/.codex/benchmarks/graphite/generic-string-profile-before-513e2b96-v1/source/internal/query/main_string_candidates.go:35 s=34
             github.com/johnsonlee/graphite/graphite-server/internal/query.realStreamingNodes /Users/johnsonlee/.codex/benchmarks/graphite/generic-string-profile-before-513e2b96-v1/source/internal/query/streaming_pagination.go:90 s=88
   304: 0x10111e7eb M=1 github.com/johnsonlee/graphite/graphite-server/internal/query.evaluator.streamingParallelOrder.func1.1 /Users/johnsonlee/.codex/benchmarks/graphite/generic-string-profile-before-513e2b96-v1/source/internal/query/streaming_order.go:213 s=212
   305: 0x10111e40f M=1 github.com/johnsonlee/graphite/graphite-server/internal/query.evaluator.streamingParallelOrder.func1.evaluator.streamingBindings.2 /Users/johnsonlee/.codex/benchmarks/graphite/generic-string-profile-before-513e2b96-v1/source/internal/query/streaming_pagination.go:149 s=143
   306: 0x10111e06b M=1 github.com/johnsonlee/graphite/graphite-server/internal/query.evaluator.streamingParallelOrder.func1 /Users/johnsonlee/.codex/benchmarks/graphite/generic-string-profile-before-513e2b96-v1/source/internal/query/streaming_order.go:218 s=204
   307: 0x10112fe9b M=1 github.com/johnsonlee/graphite/graphite-server/internal/query.runDistinctTasks[go.shape.[]*github.com/johnsonlee/graphite/graphite-server/internal/query.streamingRankedRow].func1.1 /Users/johnsonlee/.codex/benchmarks/graphite/generic-string-profile-before-513e2b96-v1/source/internal/query/indexed_distinct.go:232 s=229
   308: 0x10111bdbf M=1 github.com/johnsonlee/graphite/graphite-server/internal/query.(*streamingRowHeap).Push /Users/johnsonlee/.codex/benchmarks/graphite/generic-string-profile-before-513e2b96-v1/source/internal/query/streaming_order.go:52 s=52
   309: 0x1010b8d5b M=1 container/heap.Push /opt/homebrew/Cellar/go/1.22.0/libexec/src/container/heap/heap.go:52 s=51
   310: 0x10111bfc7 M=1 github.com/johnsonlee/graphite/graphite-server/internal/query.(*streamingRowHeap).add /Users/johnsonlee/.codex/benchmarks/graphite/generic-string-profile-before-513e2b96-v1/source/internal/query/streaming_order.go:61 s=59
   311: 0x10111e1fb M=1 github.com/johnsonlee/graphite/graphite-server/internal/query.evaluator.streamingParallelOrder.func1 /Users/johnsonlee/.codex/benchmarks/graphite/generic-string-profile-before-513e2b96-v1/source/internal/query/streaming_order.go:228 s=204
   312: 0x10111bf4f M=1 github.com/johnsonlee/graphite/graphite-server/internal/query.(*streamingRowHeap).add /Users/johnsonlee/.codex/benchmarks/graphite/generic-string-profile-before-513e2b96-v1/source/internal/query/streaming_order.go:64 s=59
   313: 0x10111dd1b M=1 github.com/johnsonlee/graphite/graphite-server/internal/query.evaluator.streamingParallelOrder.func2 /Users/johnsonlee/.codex/benchmarks/graphite/generic-string-profile-before-513e2b96-v1/source/internal/query/streaming_order.go:233 s=231
   314: 0x10113156f M=1 github.com/johnsonlee/graphite/graphite-server/internal/query.runDistinctTasks[go.shape.[]*github.com/johnsonlee/graphite/graphite-server/internal/query.streamingRankedRow] /Users/johnsonlee/.codex/benchmarks/graphite/generic-string-profile-before-513e2b96-v1/source/internal/query/indexed_distinct.go:279 s=211
   315: 0x10111d7db M=1 github.com/johnsonlee/graphite/graphite-server/internal/query.evaluator.streamingParallelOrder /Users/johnsonlee/.codex/benchmarks/graphite/generic-string-profile-before-513e2b96-v1/source/internal/query/streaming_order.go:204 s=193
   316: 0x1010d5757 M=1 github.com/johnsonlee/graphite/graphite-server/internal/query.evaluator.binary /Users/johnsonlee/.codex/benchmarks/graphite/generic-string-profile-before-513e2b96-v1/source/internal/query/eval.go:359 s=347
   317: 0x1010d38eb M=1 github.com/johnsonlee/graphite/graphite-server/internal/query.evaluator.eval /Users/johnsonlee/.codex/benchmarks/graphite/generic-string-profile-before-513e2b96-v1/source/internal/query/eval.go:162 s=82
   318: 0x1010d594b M=1 github.com/johnsonlee/graphite/graphite-server/internal/query.evaluator.binary /Users/johnsonlee/.codex/benchmarks/graphite/generic-string-profile-before-513e2b96-v1/source/internal/query/eval.go:366 s=347
   319: 0x10111e0bb M=1 github.com/johnsonlee/graphite/graphite-server/internal/query.evaluator.streamingParallelOrder.func1 /Users/johnsonlee/.codex/benchmarks/graphite/generic-string-profile-before-513e2b96-v1/source/internal/query/streaming_order.go:222 s=204
   320: 0x10111fd0b M=1 github.com/johnsonlee/graphite/graphite-server/internal/query.evaluator.streamingProject /Users/johnsonlee/.codex/benchmarks/graphite/generic-string-profile-before-513e2b96-v1/source/internal/query/streaming_pagination.go:177 s=174
   321: 0x10111e127 M=1 github.com/johnsonlee/graphite/graphite-server/internal/query.evaluator.streamingParallelOrder.func1 /Users/johnsonlee/.codex/benchmarks/graphite/generic-string-profile-before-513e2b96-v1/source/internal/query/streaming_order.go:225 s=204
   322: 0x10111bbdb M=1 github.com/johnsonlee/graphite/graphite-server/internal/query.(*streamingRowHeap).Less /Users/johnsonlee/.codex/benchmarks/graphite/generic-string-profile-before-513e2b96-v1/source/internal/query/streaming_order.go:50 s=50
   323: 0x1010b8edb M=1 container/heap.up /opt/homebrew/Cellar/go/1.22.0/libexec/src/container/heap/heap.go:92 s=89
   324: 0x1010b8d7b M=1 container/heap.Push /opt/homebrew/Cellar/go/1.22.0/libexec/src/container/heap/heap.go:53 s=51
   325: 0x10111c55f M=1 github.com/johnsonlee/graphite/graphite-server/internal/query.evaluator.streamingSortValues /Users/johnsonlee/.codex/benchmarks/graphite/generic-string-profile-before-513e2b96-v1/source/internal/query/streaming_order.go:91 s=85
   326: 0x10111e173 M=1 github.com/johnsonlee/graphite/graphite-server/internal/query.evaluator.streamingParallelOrder.func1 /Users/johnsonlee/.codex/benchmarks/graphite/generic-string-profile-before-513e2b96-v1/source/internal/query/streaming_order.go:226 s=204
   327: 0x1010b8fef M=1 container/heap.down /opt/homebrew/Cellar/go/1.22.0/libexec/src/container/heap/heap.go:111 s=100
   328: 0x1010b8e1b M=1 container/heap.Pop /opt/homebrew/Cellar/go/1.22.0/libexec/src/container/heap/heap.go:62 s=59
   329: 0x10111bf63 M=1 github.com/johnsonlee/graphite/graphite-server/internal/query.(*streamingRowHeap).add /Users/johnsonlee/.codex/benchmarks/graphite/generic-string-profile-before-513e2b96-v1/source/internal/query/streaming_order.go:65 s=59
   330: 0x1010b8fb3 M=1 container/heap.down /opt/homebrew/Cellar/go/1.22.0/libexec/src/container/heap/heap.go:108 s=100
   331: 0x101101d4f M=1 github.com/johnsonlee/graphite/graphite-server/internal/query.evaluator.mainStringCandidatesWithStorage.evaluator.mainMergeNodeSequences.func3.1 /Users/johnsonlee/.codex/benchmarks/graphite/generic-string-profile-before-513e2b96-v1/source/internal/query/main_string_candidates.go:152 s=151
   332: 0x101101b03 M=1 github.com/johnsonlee/graphite/graphite-server/internal/query.evaluator.mainStringCandidatesWithStorage.evaluator.mainMergeNodeSequences.func3 /Users/johnsonlee/.codex/benchmarks/graphite/generic-string-profile-before-513e2b96-v1/source/internal/query/main_string_candidates.go:172 s=149
   333: 0x10111e473 M=1 github.com/johnsonlee/graphite/graphite-server/internal/query.evaluator.streamingParallelOrder.func1.evaluator.streamingBindings.2 /Users/johnsonlee/.codex/benchmarks/graphite/generic-string-profile-before-513e2b96-v1/source/internal/query/streaming_pagination.go:151 s=143
   334: 0x10111bf8b M=1 github.com/johnsonlee/graphite/graphite-server/internal/query.(*streamingRowHeap).add /Users/johnsonlee/.codex/benchmarks/graphite/generic-string-profile-before-513e2b96-v1/source/internal/query/streaming_order.go:66 s=59
   335: 0x10111c4f7 M=1 github.com/johnsonlee/graphite/graphite-server/internal/query.provenance /Users/johnsonlee/.codex/benchmarks/graphite/generic-string-profile-before-513e2b96-v1/source/internal/query/cross.go:65 s=63
             github.com/johnsonlee/graphite/graphite-server/internal/query.mergeProvenance /Users/johnsonlee/.codex/benchmarks/graphite/generic-string-profile-before-513e2b96-v1/source/internal/query/cross.go:86 s=86
             github.com/johnsonlee/graphite/graphite-server/internal/query.evaluator.streamingSortValues /Users/johnsonlee/.codex/benchmarks/graphite/generic-string-profile-before-513e2b96-v1/source/internal/query/streaming_order.go:90 s=85
   336: 0x10111c543 M=1 github.com/johnsonlee/graphite/graphite-server/internal/query.mergeProvenance /Users/johnsonlee/.codex/benchmarks/graphite/generic-string-profile-before-513e2b96-v1/source/internal/query/cross.go:86 s=86
             github.com/johnsonlee/graphite/graphite-server/internal/query.evaluator.streamingSortValues /Users/johnsonlee/.codex/benchmarks/graphite/generic-string-profile-before-513e2b96-v1/source/internal/query/streaming_order.go:90 s=85
   337: 0x10111ff23 M=1 github.com/johnsonlee/graphite/graphite-server/internal/query.provenance /Users/johnsonlee/.codex/benchmarks/graphite/generic-string-profile-before-513e2b96-v1/source/internal/query/cross.go:65 s=63
             github.com/johnsonlee/graphite/graphite-server/internal/query.mergeProvenance /Users/johnsonlee/.codex/benchmarks/graphite/generic-string-profile-before-513e2b96-v1/source/internal/query/cross.go:86 s=86
             github.com/johnsonlee/graphite/graphite-server/internal/query.evaluator.streamingProject /Users/johnsonlee/.codex/benchmarks/graphite/generic-string-profile-before-513e2b96-v1/source/internal/query/streaming_pagination.go:179 s=174
   338: 0x10111e6cb M=1 github.com/johnsonlee/graphite/graphite-server/internal/query.evaluator.streamingParallelOrder.func1.evaluator.streamingBindings.2 /Users/johnsonlee/.codex/benchmarks/graphite/generic-string-profile-before-513e2b96-v1/source/internal/query/streaming_pagination.go:165 s=143
   339: 0x10109c2db M=1 github.com/johnsonlee/graphite/graphite-server/internal/store.(*Store).ProjectionCandidateNode /Users/johnsonlee/.codex/benchmarks/graphite/generic-string-profile-before-513e2b96-v1/source/internal/store/projection_node.go:115 s=13
   340: 0x10111ff6f M=1 github.com/johnsonlee/graphite/graphite-server/internal/query.mergeProvenance /Users/johnsonlee/.codex/benchmarks/graphite/generic-string-profile-before-513e2b96-v1/source/internal/query/cross.go:86 s=86
             github.com/johnsonlee/graphite/graphite-server/internal/query.evaluator.streamingProject /Users/johnsonlee/.codex/benchmarks/graphite/generic-string-profile-before-513e2b96-v1/source/internal/query/streaming_pagination.go:179 s=174
   341: 0x10111fc0b M=1 github.com/johnsonlee/graphite/graphite-server/internal/query.evaluator.streamingProject /Users/johnsonlee/.codex/benchmarks/graphite/generic-string-profile-before-513e2b96-v1/source/internal/query/streaming_pagination.go:175 s=174
   342: 0x10111e697 M=1 github.com/johnsonlee/graphite/graphite-server/internal/query.evaluator.streamingParallelOrder.func1.evaluator.streamingBindings.2 /Users/johnsonlee/.codex/benchmarks/graphite/generic-string-profile-before-513e2b96-v1/source/internal/query/streaming_pagination.go:163 s=143
   343: 0x101126e83 M=1 github.com/johnsonlee/graphite/graphite-server/internal/query.evaluator.nodeValue /Users/johnsonlee/.codex/benchmarks/graphite/generic-string-profile-before-513e2b96-v1/source/internal/query/traversal.go:262 s=260
   344: 0x10111e53b M=1 github.com/johnsonlee/graphite/graphite-server/internal/query.evaluator.streamingParallelOrder.func1.evaluator.streamingBindings.2 /Users/johnsonlee/.codex/benchmarks/graphite/generic-string-profile-before-513e2b96-v1/source/internal/query/streaming_pagination.go:157 s=143
   345: 0x10111e637 M=1 github.com/johnsonlee/graphite/graphite-server/internal/query.evaluator.streamingParallelOrder.func1.evaluator.streamingBindings.2 /Users/johnsonlee/.codex/benchmarks/graphite/generic-string-profile-before-513e2b96-v1/source/internal/query/streaming_pagination.go:161 s=143
   346: 0x10111e18b M=1 github.com/johnsonlee/graphite/graphite-server/internal/query.evaluator.streamingParallelOrder.func1 /Users/johnsonlee/.codex/benchmarks/graphite/generic-string-profile-before-513e2b96-v1/source/internal/query/streaming_order.go:226 s=204
   347: 0x10111b543 M=1 github.com/johnsonlee/graphite/graphite-server/internal/query.evaluator.cloneRow /Users/johnsonlee/.codex/benchmarks/graphite/generic-string-profile-before-513e2b96-v1/source/internal/query/row_order.go:104 s=101
   348: 0x10111c3a3 M=1 github.com/johnsonlee/graphite/graphite-server/internal/query.evaluator.streamingSortValues /Users/johnsonlee/.codex/benchmarks/graphite/generic-string-profile-before-513e2b96-v1/source/internal/query/streaming_order.go:86 s=85
   349: 0x10111b337 M=1 github.com/johnsonlee/graphite/graphite-server/internal/query.evaluator.cloneRow /Users/johnsonlee/.codex/benchmarks/graphite/generic-string-profile-before-513e2b96-v1/source/internal/query/row_order.go:102 s=101
   350: 0x10111fc83 M=1 github.com/johnsonlee/graphite/graphite-server/internal/query.evaluator.streamingProject /Users/johnsonlee/.codex/benchmarks/graphite/generic-string-profile-before-513e2b96-v1/source/internal/query/streaming_pagination.go:177 s=174
   351: 0x1010efd1f M=1 github.com/johnsonlee/graphite/graphite-server/internal/query.evaluator.distinctRawRange /Users/johnsonlee/.codex/benchmarks/graphite/generic-string-profile-before-513e2b96-v1/source/internal/query/indexed_distinct.go:736 s=678
   352: 0x101112e3b M=1 github.com/johnsonlee/graphite/graphite-server/internal/query.evaluator.ordinaryProjection /Users/johnsonlee/.codex/benchmarks/graphite/generic-string-profile-before-513e2b96-v1/source/internal/query/ordinary_projection.go:193 s=78
   353: 0x1010e9d27 M=1 github.com/johnsonlee/graphite/graphite-server/internal/query.evaluator.distinctAtomMatches /Users/johnsonlee/.codex/benchmarks/graphite/generic-string-profile-before-513e2b96-v1/source/internal/query/indexed_distinct.go:60 s=44
   354: 0x1010e9d13 M=1 github.com/johnsonlee/graphite/graphite-server/internal/query.evaluator.distinctAtomMatches /Users/johnsonlee/.codex/benchmarks/graphite/generic-string-profile-before-513e2b96-v1/source/internal/query/indexed_distinct.go:60 s=44
   355: 0x1010f01bf M=1 github.com/johnsonlee/graphite/graphite-server/internal/query.evaluator.distinctRawRange /Users/johnsonlee/.codex/benchmarks/graphite/generic-string-profile-before-513e2b96-v1/source/internal/query/indexed_distinct.go:729 s=678
   356: 0x101102b2f M=1 github.com/johnsonlee/graphite/graphite-server/internal/store.(*Store).NodesOfKind /Users/johnsonlee/.codex/benchmarks/graphite/generic-string-profile-before-513e2b96-v1/source/internal/store/store.go:285 s=285
             github.com/johnsonlee/graphite/graphite-server/internal/query.evaluator.mainStringParallel /Users/johnsonlee/.codex/benchmarks/graphite/generic-string-profile-before-513e2b96-v1/source/internal/query/main_string_candidates.go:214 s=198
   357: 0x1010fc187 M=1 github.com/johnsonlee/graphite/graphite-server/internal/query.evaluator.lazyCandidateFiltered /Users/johnsonlee/.codex/benchmarks/graphite/generic-string-profile-before-513e2b96-v1/source/internal/query/lazy_filtered_candidates.go:119 s=75
   358: 0x10110747f M=1 github.com/johnsonlee/graphite/graphite-server/internal/query.evaluator.materialize /Users/johnsonlee/.codex/benchmarks/graphite/generic-string-profile-before-513e2b96-v1/source/internal/query/materialize.go:13 s=9
   359: 0x1010cd27b M=1 github.com/johnsonlee/graphite/graphite-server/internal/query.executeSources /Users/johnsonlee/.codex/benchmarks/graphite/generic-string-profile-before-513e2b96-v1/source/internal/query/engine.go:154 s=60
   360: 0x1010ccf5f M=1 github.com/johnsonlee/graphite/graphite-server/internal/query.executeSources /Users/johnsonlee/.codex/benchmarks/graphite/generic-string-profile-before-513e2b96-v1/source/internal/query/engine.go:164 s=60
   361: 0x101134e4b M=1 github.com/johnsonlee/graphite/graphite-server/internal/benchmarkcase.canonicalValue /Users/johnsonlee/.codex/benchmarks/graphite/generic-string-profile-before-513e2b96-v1/source/internal/benchmarkcase/canonical.go:110 s=61
   362: 0x101134d57 M=1 github.com/johnsonlee/graphite/graphite-server/internal/benchmarkcase.canonicalValue /Users/johnsonlee/.codex/benchmarks/graphite/generic-string-profile-before-513e2b96-v1/source/internal/benchmarkcase/canonical.go:106 s=61
   363: 0x1011343e3 M=1 github.com/johnsonlee/graphite/graphite-server/internal/benchmarkcase.sequence /Users/johnsonlee/.codex/benchmarks/graphite/generic-string-profile-before-513e2b96-v1/source/internal/benchmarkcase/canonical.go:48 s=44
   364: 0x101134bef M=1 github.com/johnsonlee/graphite/graphite-server/internal/benchmarkcase.canonicalValue /Users/johnsonlee/.codex/benchmarks/graphite/generic-string-profile-before-513e2b96-v1/source/internal/benchmarkcase/canonical.go:95 s=61
   365: 0x1010ccf73 M=1 github.com/johnsonlee/graphite/graphite-server/internal/query.executeSources /Users/johnsonlee/.codex/benchmarks/graphite/generic-string-profile-before-513e2b96-v1/source/internal/query/engine.go:164 s=60
   366: 0x101134307 M=1 strings.(*Builder).WriteString /opt/homebrew/Cellar/go/1.22.0/libexec/src/strings/builder.go:116 s=114
             github.com/johnsonlee/graphite/graphite-server/internal/benchmarkcase.sequence /Users/johnsonlee/.codex/benchmarks/graphite/generic-string-profile-before-513e2b96-v1/source/internal/benchmarkcase/canonical.go:46 s=44
   367: 0x100f69447 M=1 reflect.Value.MapKeys /opt/homebrew/Cellar/go/1.22.0/libexec/src/reflect/value.go:1857 s=1843
   368: 0x1011349eb M=1 github.com/johnsonlee/graphite/graphite-server/internal/benchmarkcase.canonicalValue /Users/johnsonlee/.codex/benchmarks/graphite/generic-string-profile-before-513e2b96-v1/source/internal/benchmarkcase/canonical.go:94 s=61
   369: 0x101134aef M=1 github.com/johnsonlee/graphite/graphite-server/internal/benchmarkcase.canonicalValue /Users/johnsonlee/.codex/benchmarks/graphite/generic-string-profile-before-513e2b96-v1/source/internal/benchmarkcase/canonical.go:114 s=61
   370: 0x101133cf7 M=1 github.com/johnsonlee/graphite/graphite-server/internal/benchmarkcase.CanonicalResult /Users/johnsonlee/.codex/benchmarks/graphite/generic-string-profile-before-513e2b96-v1/source/internal/benchmarkcase/canonical.go:23 s=16
   371: 0x1010e9b93 M=1 github.com/johnsonlee/graphite/graphite-server/internal/query.evaluator.javaCase /Users/johnsonlee/.codex/benchmarks/graphite/generic-string-profile-before-513e2b96-v1/source/internal/query/java_string.go:14 s=14
             github.com/johnsonlee/graphite/graphite-server/internal/query.evaluator.distinctAtomMatches /Users/johnsonlee/.codex/benchmarks/graphite/generic-string-profile-before-513e2b96-v1/source/internal/query/indexed_distinct.go:50 s=44
   372: 0x1010c9ed3 M=1 github.com/johnsonlee/graphite/graphite-server/internal/query.javaUTF16 /Users/johnsonlee/.codex/benchmarks/graphite/generic-string-profile-before-513e2b96-v1/source/internal/query/java_string.go:9 s=9
             github.com/johnsonlee/graphite/graphite-server/internal/query.evaluator.distinctStringTableID /Users/johnsonlee/.codex/benchmarks/graphite/generic-string-profile-before-513e2b96-v1/source/internal/query/distinct_string_id.go:15 s=10
   373: 0x1010b3e0b M=1 math/big.nat.itoa /opt/homebrew/Cellar/go/1.22.0/libexec/src/math/big/natconv.go:279 s=263
   374: 0x1010b8403 M=1 math/big.(*Int).Text /opt/homebrew/Cellar/go/1.22.0/libexec/src/math/big/intconv.go:25 s=21
             math/big.(*Int).String /opt/homebrew/Cellar/go/1.22.0/libexec/src/math/big/intconv.go:40 s=39
             math/big.(*Rat).RatString /opt/homebrew/Cellar/go/1.22.0/libexec/src/math/big/ratconv.go:322 s=320
   375: 0x101133fcf M=1 github.com/johnsonlee/graphite/graphite-server/internal/benchmarkcase.CanonicalResult /Users/johnsonlee/.codex/benchmarks/graphite/generic-string-profile-before-513e2b96-v1/source/internal/benchmarkcase/canonical.go:34 s=16
   376: 0x1010f0c6f M=1 github.com/johnsonlee/graphite/graphite-server/internal/query.evaluator.distinctRawRows /Users/johnsonlee/.codex/benchmarks/graphite/generic-string-profile-before-513e2b96-v1/source/internal/query/indexed_distinct.go:825 s=780
   377: 0x101134527 M=1 github.com/johnsonlee/graphite/graphite-server/internal/benchmarkcase.javaLess /Users/johnsonlee/.codex/benchmarks/graphite/generic-string-profile-before-513e2b96-v1/source/internal/benchmarkcase/canonical.go:53 s=52
   378: 0x10113415b M=1 github.com/johnsonlee/graphite/graphite-server/internal/benchmarkcase.CanonicalResult.func1 /Users/johnsonlee/.codex/benchmarks/graphite/generic-string-profile-before-513e2b96-v1/source/internal/benchmarkcase/canonical.go:27 s=27
   379: 0x101133d93 M=1 github.com/johnsonlee/graphite/graphite-server/internal/benchmarkcase.CanonicalResult /Users/johnsonlee/.codex/benchmarks/graphite/generic-string-profile-before-513e2b96-v1/source/internal/benchmarkcase/canonical.go:27 s=16
   380: 0x10113453b M=1 github.com/johnsonlee/graphite/graphite-server/internal/benchmarkcase.javaLess /Users/johnsonlee/.codex/benchmarks/graphite/generic-string-profile-before-513e2b96-v1/source/internal/benchmarkcase/canonical.go:53 s=52
   381: 0x1010ccf93 M=1 github.com/johnsonlee/graphite/graphite-server/internal/query.executeSources /Users/johnsonlee/.codex/benchmarks/graphite/generic-string-profile-before-513e2b96-v1/source/internal/query/engine.go:164 s=60
   382: 0x10110f3bb M=1 github.com/johnsonlee/graphite/graphite-server/internal/query.evaluator.ordinaryRawRow /Users/johnsonlee/.codex/benchmarks/graphite/generic-string-profile-before-513e2b96-v1/source/internal/query/ordinary_leading.go:129 s=118
   383: 0x101133daf M=1 github.com/johnsonlee/graphite/graphite-server/internal/benchmarkcase.CanonicalResult /Users/johnsonlee/.codex/benchmarks/graphite/generic-string-profile-before-513e2b96-v1/source/internal/benchmarkcase/canonical.go:28 s=16
   384: 0x1010b7747 M=1 strings.NewReader /opt/homebrew/Cellar/go/1.22.0/libexec/src/strings/reader.go:160 s=160
             math/big.(*Rat).SetString /opt/homebrew/Cellar/go/1.22.0/libexec/src/math/big/ratconv.go:85 s=58
   385: 0x1010ae74f M=1 math/big.nat.make /opt/homebrew/Cellar/go/1.22.0/libexec/src/math/big/nat.go:67 s=61
             math/big.nat.setWord /opt/homebrew/Cellar/go/1.22.0/libexec/src/math/big/nat.go:79 s=75
             math/big.nat.mulAddWW /opt/homebrew/Cellar/go/1.22.0/libexec/src/math/big/nat.go:186 s=183
   386: 0x1010b3c8f M=1 math/big.nat.scan /opt/homebrew/Cellar/go/1.22.0/libexec/src/math/big/natconv.go:243 s=108
   387: 0x1010b77c3 M=1 math/big.(*Rat).SetString /opt/homebrew/Cellar/go/1.22.0/libexec/src/math/big/ratconv.go:96 s=58
   388: 0x10111488b M=1 github.com/johnsonlee/graphite/graphite-server/internal/query.evaluator.ordinarySourceRows /Users/johnsonlee/.codex/benchmarks/graphite/generic-string-profile-before-513e2b96-v1/source/internal/query/ordinary_projection.go:302 s=293
   389: 0x10110e49f M=1 github.com/johnsonlee/graphite/graphite-server/internal/store.(*Store).NodesOfKind /Users/johnsonlee/.codex/benchmarks/graphite/generic-string-profile-before-513e2b96-v1/source/internal/store/store.go:285 s=285
             github.com/johnsonlee/graphite/graphite-server/internal/query.evaluator.ordinaryLeadingRows /Users/johnsonlee/.codex/benchmarks/graphite/generic-string-profile-before-513e2b96-v1/source/internal/query/ordinary_leading.go:49 s=24
   390: 0x101103567 M=1 github.com/johnsonlee/graphite/graphite-server/internal/query.evaluator.mainSelectedMappedIDs /Users/johnsonlee/.codex/benchmarks/graphite/generic-string-profile-before-513e2b96-v1/source/internal/query/main_string_mapped.go:64 s=38
Mappings
1: 0x100ec4000/0x1011cc000/0x0 /Users/johnsonlee/.codex/benchmarks/graphite/generic-string-profile-before-513e2b96-v1/graphite-benchmark-profile  [FN]
