loaded 1/64 fixture-android-00
loaded 2/64 fixture-android-01
loaded 3/64 fixture-android-02
loaded 4/64 fixture-android-03
loaded 5/64 fixture-android-04
loaded 6/64 fixture-android-05
loaded 7/64 fixture-android-06
loaded 8/64 fixture-android-07
loaded 9/64 fixture-android-08
loaded 10/64 fixture-android-09
loaded 11/64 fixture-android-10
loaded 12/64 fixture-android-11
loaded 13/64 fixture-android-12
loaded 14/64 fixture-android-13
loaded 15/64 fixture-android-14
loaded 16/64 fixture-android-15
loaded 17/64 fixture-tika-00
loaded 18/64 fixture-tika-01
loaded 19/64 fixture-tika-02
loaded 20/64 fixture-tika-03
loaded 21/64 fixture-tika-04
loaded 22/64 fixture-tika-05
loaded 23/64 fixture-tika-06
loaded 24/64 fixture-tika-07
loaded 25/64 fixture-tika-08
loaded 26/64 fixture-tika-09
loaded 27/64 fixture-tika-10
loaded 28/64 fixture-tika-11
loaded 29/64 fixture-tika-12
loaded 30/64 fixture-tika-13
loaded 31/64 fixture-tika-14
loaded 32/64 fixture-tika-15
loaded 33/64 fixture-hive-00
loaded 34/64 fixture-hive-01
loaded 35/64 fixture-hive-02
loaded 36/64 fixture-hive-03
loaded 37/64 fixture-hive-04
loaded 38/64 fixture-hive-05
loaded 39/64 fixture-hive-06
loaded 40/64 fixture-hive-07
loaded 41/64 fixture-hive-08
loaded 42/64 fixture-hive-09
loaded 43/64 fixture-hive-10
loaded 44/64 fixture-hive-11
loaded 45/64 fixture-hive-12
loaded 46/64 fixture-hive-13
loaded 47/64 fixture-hive-14
loaded 48/64 fixture-hive-15
loaded 49/64 fixture-kotlin-compiler-00
loaded 50/64 fixture-kotlin-compiler-01
loaded 51/64 fixture-kotlin-compiler-02
loaded 52/64 fixture-kotlin-compiler-03
loaded 53/64 fixture-kotlin-compiler-04
loaded 54/64 fixture-kotlin-compiler-05
loaded 55/64 fixture-kotlin-compiler-06
loaded 56/64 fixture-kotlin-compiler-07
loaded 57/64 fixture-kotlin-compiler-08
loaded 58/64 fixture-kotlin-compiler-09
loaded 59/64 fixture-kotlin-compiler-10
loaded 60/64 fixture-kotlin-compiler-11
loaded 61/64 fixture-kotlin-compiler-12
loaded 62/64 fixture-kotlin-compiler-13
loaded 63/64 fixture-kotlin-compiler-14
loaded 64/64 fixture-kotlin-compiler-15
replay 1/1267 request-selected-set-wrapped-contains-k64-group-00-zero rows=0 error=<nil>
replay 2/1267 single-contains-unlabeled-zero rows=0 error=<nil>
replay 3/1267 single-contains-unlabeled-targeted rows=200 error=<nil>
replay 4/1267 single-contains-unlabeled-dense rows=200 error=<nil>
replay 5/1267 class-contains-or-unlabeled-zero rows=0 error=<nil>
replay 6/1267 class-contains-or-unlabeled-targeted rows=200 error=<nil>
replay 7/1267 class-contains-or-unlabeled-dense rows=200 error=<nil>
replay 8/1267 name-contains-or-unlabeled-zero rows=0 error=<nil>
replay 9/1267 name-contains-or-unlabeled-targeted rows=0 error=<nil>
replay 10/1267 name-contains-or-unlabeled-dense rows=200 error=<nil>
replay 11/1267 four-contains-or-unlabeled-zero rows=0 error=<nil>
replay 12/1267 four-contains-or-unlabeled-targeted rows=200 error=<nil>
replay 13/1267 four-contains-or-unlabeled-dense rows=200 error=<nil>
replay 14/1267 four-contains-or-labeled-zero rows=0 error=<nil>
replay 15/1267 four-contains-or-labeled-targeted rows=200 error=<nil>
replay 16/1267 four-contains-or-labeled-dense rows=200 error=<nil>
replay 17/1267 starts-or-raw-zero rows=0 error=<nil>
replay 18/1267 starts-or-raw-targeted rows=100 error=<nil>
replay 19/1267 starts-or-raw-dense rows=100 error=<nil>
replay 20/1267 ends-or-raw-zero rows=0 error=<nil>
replay 21/1267 ends-or-raw-targeted rows=0 error=<nil>
replay 22/1267 ends-or-raw-dense rows=100 error=<nil>
replay 23/1267 starts-or-wrapped-zero rows=0 error=<nil>
replay 24/1267 starts-or-wrapped-targeted rows=100 error=<nil>
replay 25/1267 starts-or-wrapped-dense rows=0 error=<nil>
replay 26/1267 ends-or-wrapped-zero rows=0 error=<nil>
replay 27/1267 ends-or-wrapped-targeted rows=0 error=<nil>
replay 28/1267 ends-or-wrapped-dense rows=100 error=<nil>
replay 29/1267 contains-or-wrapped-zero rows=0 error=<nil>
replay 30/1267 contains-or-wrapped-targeted rows=200 error=<nil>
replay 31/1267 contains-or-wrapped-dense rows=200 error=<nil>
replay 32/1267 graph-id-property-wrapped-contains-target-00-zero rows=0 error=<nil>
replay 33/1267 graph-id-property-wrapped-contains-target-00-targeted rows=10 error=<nil>
replay 34/1267 graph-id-property-wrapped-contains-target-00-dense rows=200 error=<nil>
replay 35/1267 graph-id-property-wrapped-contains-target-01-zero rows=0 error=<nil>
replay 36/1267 graph-id-property-wrapped-contains-target-01-targeted rows=1 error=<nil>
replay 37/1267 graph-id-property-wrapped-contains-target-01-dense rows=200 error=<nil>
replay 38/1267 graph-id-property-wrapped-contains-target-02-zero rows=0 error=<nil>
replay 39/1267 graph-id-property-wrapped-contains-target-02-targeted rows=9 error=<nil>
replay 40/1267 graph-id-property-wrapped-contains-target-02-dense rows=200 error=<nil>
replay 41/1267 graph-id-property-wrapped-contains-target-03-zero rows=0 error=<nil>
replay 42/1267 graph-id-property-wrapped-contains-target-03-targeted rows=2 error=<nil>
replay 43/1267 graph-id-property-wrapped-contains-target-03-dense rows=200 error=<nil>
replay 44/1267 graph-id-property-wrapped-contains-target-04-zero rows=0 error=<nil>
replay 45/1267 graph-id-property-wrapped-contains-target-04-targeted rows=9 error=<nil>
replay 46/1267 graph-id-property-wrapped-contains-target-04-dense rows=200 error=<nil>
replay 47/1267 graph-id-property-wrapped-contains-target-05-zero rows=0 error=<nil>
replay 48/1267 graph-id-property-wrapped-contains-target-05-targeted rows=9 error=<nil>
replay 49/1267 graph-id-property-wrapped-contains-target-05-dense rows=200 error=<nil>
replay 50/1267 graph-id-property-wrapped-contains-target-06-zero rows=0 error=<nil>
replay 51/1267 graph-id-property-wrapped-contains-target-06-targeted rows=1 error=<nil>
replay 52/1267 graph-id-property-wrapped-contains-target-06-dense rows=200 error=<nil>
replay 53/1267 graph-id-property-wrapped-contains-target-07-zero rows=0 error=<nil>
replay 54/1267 graph-id-property-wrapped-contains-target-07-targeted rows=1 error=<nil>
replay 55/1267 graph-id-property-wrapped-contains-target-07-dense rows=200 error=<nil>
replay 56/1267 graph-id-property-wrapped-contains-target-08-zero rows=0 error=<nil>
replay 57/1267 graph-id-property-wrapped-contains-target-08-targeted rows=2 error=<nil>
replay 58/1267 graph-id-property-wrapped-contains-target-08-dense rows=200 error=<nil>
replay 59/1267 graph-id-property-wrapped-contains-target-09-zero rows=0 error=<nil>
replay 60/1267 graph-id-property-wrapped-contains-target-09-targeted rows=1 error=<nil>
replay 61/1267 graph-id-property-wrapped-contains-target-09-dense rows=200 error=<nil>
replay 62/1267 graph-id-property-wrapped-contains-target-10-zero rows=0 error=<nil>
replay 63/1267 graph-id-property-wrapped-contains-target-10-targeted rows=1 error=<nil>
replay 64/1267 graph-id-property-wrapped-contains-target-10-dense rows=200 error=<nil>
replay 65/1267 graph-id-property-wrapped-contains-target-11-zero rows=0 error=<nil>
replay 66/1267 graph-id-property-wrapped-contains-target-11-targeted rows=1 error=<nil>
replay 67/1267 graph-id-property-wrapped-contains-target-11-dense rows=200 error=<nil>
replay 68/1267 graph-id-property-wrapped-contains-target-12-zero rows=0 error=<nil>
replay 69/1267 graph-id-property-wrapped-contains-target-12-targeted rows=2 error=<nil>
replay 70/1267 graph-id-property-wrapped-contains-target-12-dense rows=200 error=<nil>
replay 71/1267 graph-id-property-wrapped-contains-target-13-zero rows=0 error=<nil>
replay 72/1267 graph-id-property-wrapped-contains-target-13-targeted rows=5 error=<nil>
replay 73/1267 graph-id-property-wrapped-contains-target-13-dense rows=200 error=<nil>
replay 74/1267 graph-id-property-wrapped-contains-target-14-zero rows=0 error=<nil>
replay 75/1267 graph-id-property-wrapped-contains-target-14-targeted rows=3 error=<nil>
replay 76/1267 graph-id-property-wrapped-contains-target-14-dense rows=200 error=<nil>
replay 77/1267 graph-id-property-wrapped-contains-target-15-zero rows=0 error=<nil>
replay 78/1267 graph-id-property-wrapped-contains-target-15-targeted rows=1 error=<nil>
replay 79/1267 graph-id-property-wrapped-contains-target-15-dense rows=200 error=<nil>
replay 80/1267 graph-id-property-wrapped-contains-target-16-zero rows=0 error=<nil>
replay 81/1267 graph-id-property-wrapped-contains-target-16-targeted rows=1 error=<nil>
replay 82/1267 graph-id-property-wrapped-contains-target-16-dense rows=200 error=<nil>
replay 83/1267 graph-id-property-wrapped-contains-target-17-zero rows=0 error=<nil>
replay 84/1267 graph-id-property-wrapped-contains-target-17-targeted rows=5 error=<nil>
replay 85/1267 graph-id-property-wrapped-contains-target-17-dense rows=200 error=<nil>
replay 86/1267 graph-id-property-wrapped-contains-target-18-zero rows=0 error=<nil>
replay 87/1267 graph-id-property-wrapped-contains-target-18-targeted rows=12 error=<nil>
replay 88/1267 graph-id-property-wrapped-contains-target-18-dense rows=200 error=<nil>
replay 89/1267 graph-id-property-wrapped-contains-target-19-zero rows=0 error=<nil>
replay 90/1267 graph-id-property-wrapped-contains-target-19-targeted rows=11 error=<nil>
replay 91/1267 graph-id-property-wrapped-contains-target-19-dense rows=200 error=<nil>
replay 92/1267 graph-id-property-wrapped-contains-target-20-zero rows=0 error=<nil>
replay 93/1267 graph-id-property-wrapped-contains-target-20-targeted rows=1 error=<nil>
replay 94/1267 graph-id-property-wrapped-contains-target-20-dense rows=200 error=<nil>
replay 95/1267 graph-id-property-wrapped-contains-target-21-zero rows=0 error=<nil>
replay 96/1267 graph-id-property-wrapped-contains-target-21-targeted rows=1 error=<nil>
replay 97/1267 graph-id-property-wrapped-contains-target-21-dense rows=200 error=<nil>
replay 98/1267 graph-id-property-wrapped-contains-target-22-zero rows=0 error=<nil>
replay 99/1267 graph-id-property-wrapped-contains-target-22-targeted rows=11 error=<nil>
replay 100/1267 graph-id-property-wrapped-contains-target-22-dense rows=200 error=<nil>
replay 101/1267 graph-id-property-wrapped-contains-target-23-zero rows=0 error=<nil>
replay 102/1267 graph-id-property-wrapped-contains-target-23-targeted rows=11 error=<nil>
replay 103/1267 graph-id-property-wrapped-contains-target-23-dense rows=200 error=<nil>
replay 104/1267 graph-id-property-wrapped-contains-target-24-zero rows=0 error=<nil>
replay 105/1267 graph-id-property-wrapped-contains-target-24-targeted rows=1 error=<nil>
replay 106/1267 graph-id-property-wrapped-contains-target-24-dense rows=200 error=<nil>
replay 107/1267 graph-id-property-wrapped-contains-target-25-zero rows=0 error=<nil>
replay 108/1267 graph-id-property-wrapped-contains-target-25-targeted rows=17 error=<nil>
replay 109/1267 graph-id-property-wrapped-contains-target-25-dense rows=200 error=<nil>
replay 110/1267 graph-id-property-wrapped-contains-target-26-zero rows=0 error=<nil>
replay 111/1267 graph-id-property-wrapped-contains-target-26-targeted rows=1 error=<nil>
replay 112/1267 graph-id-property-wrapped-contains-target-26-dense rows=200 error=<nil>
replay 113/1267 graph-id-property-wrapped-contains-target-27-zero rows=0 error=<nil>
replay 114/1267 graph-id-property-wrapped-contains-target-27-targeted rows=14 error=<nil>
replay 115/1267 graph-id-property-wrapped-contains-target-27-dense rows=200 error=<nil>
replay 116/1267 graph-id-property-wrapped-contains-target-28-zero rows=0 error=<nil>
replay 117/1267 graph-id-property-wrapped-contains-target-28-targeted rows=12 error=<nil>
replay 118/1267 graph-id-property-wrapped-contains-target-28-dense rows=200 error=<nil>
replay 119/1267 graph-id-property-wrapped-contains-target-29-zero rows=0 error=<nil>
replay 120/1267 graph-id-property-wrapped-contains-target-29-targeted rows=1 error=<nil>
replay 121/1267 graph-id-property-wrapped-contains-target-29-dense rows=200 error=<nil>
replay 122/1267 graph-id-property-wrapped-contains-target-30-zero rows=0 error=<nil>
replay 123/1267 graph-id-property-wrapped-contains-target-30-targeted rows=10 error=<nil>
replay 124/1267 graph-id-property-wrapped-contains-target-30-dense rows=200 error=<nil>
replay 125/1267 graph-id-property-wrapped-contains-target-31-zero rows=0 error=<nil>
replay 126/1267 graph-id-property-wrapped-contains-target-31-targeted rows=1 error=<nil>
replay 127/1267 graph-id-property-wrapped-contains-target-31-dense rows=200 error=<nil>
replay 128/1267 graph-id-property-wrapped-contains-target-32-zero rows=0 error=<nil>
replay 129/1267 graph-id-property-wrapped-contains-target-32-targeted rows=4 error=<nil>
replay 130/1267 graph-id-property-wrapped-contains-target-32-dense rows=200 error=<nil>
replay 131/1267 graph-id-property-wrapped-contains-target-33-zero rows=0 error=<nil>
replay 132/1267 graph-id-property-wrapped-contains-target-33-targeted rows=4 error=<nil>
replay 133/1267 graph-id-property-wrapped-contains-target-33-dense rows=200 error=<nil>
replay 134/1267 graph-id-property-wrapped-contains-target-34-zero rows=0 error=<nil>
replay 135/1267 graph-id-property-wrapped-contains-target-34-targeted rows=4 error=<nil>
replay 136/1267 graph-id-property-wrapped-contains-target-34-dense rows=200 error=<nil>
replay 137/1267 graph-id-property-wrapped-contains-target-35-zero rows=0 error=<nil>
replay 138/1267 graph-id-property-wrapped-contains-target-35-targeted rows=1 error=<nil>
replay 139/1267 graph-id-property-wrapped-contains-target-35-dense rows=200 error=<nil>
replay 140/1267 graph-id-property-wrapped-contains-target-36-zero rows=0 error=<nil>
replay 141/1267 graph-id-property-wrapped-contains-target-36-targeted rows=1 error=<nil>
replay 142/1267 graph-id-property-wrapped-contains-target-36-dense rows=200 error=<nil>
replay 143/1267 graph-id-property-wrapped-contains-target-37-zero rows=0 error=<nil>
replay 144/1267 graph-id-property-wrapped-contains-target-37-targeted rows=51 error=<nil>
replay 145/1267 graph-id-property-wrapped-contains-target-37-dense rows=200 error=<nil>
replay 146/1267 graph-id-property-wrapped-contains-target-38-zero rows=0 error=<nil>
replay 147/1267 graph-id-property-wrapped-contains-target-38-targeted rows=1 error=<nil>
replay 148/1267 graph-id-property-wrapped-contains-target-38-dense rows=200 error=<nil>
replay 149/1267 graph-id-property-wrapped-contains-target-39-zero rows=0 error=<nil>
replay 150/1267 graph-id-property-wrapped-contains-target-39-targeted rows=4 error=<nil>
replay 151/1267 graph-id-property-wrapped-contains-target-39-dense rows=200 error=<nil>
replay 152/1267 graph-id-property-wrapped-contains-target-40-zero rows=0 error=<nil>
replay 153/1267 graph-id-property-wrapped-contains-target-40-targeted rows=4 error=<nil>
replay 154/1267 graph-id-property-wrapped-contains-target-40-dense rows=200 error=<nil>
replay 155/1267 graph-id-property-wrapped-contains-target-41-zero rows=0 error=<nil>
replay 156/1267 graph-id-property-wrapped-contains-target-41-targeted rows=4 error=<nil>
replay 157/1267 graph-id-property-wrapped-contains-target-41-dense rows=200 error=<nil>
replay 158/1267 graph-id-property-wrapped-contains-target-42-zero rows=0 error=<nil>
replay 159/1267 graph-id-property-wrapped-contains-target-42-targeted rows=63 error=<nil>
replay 160/1267 graph-id-property-wrapped-contains-target-42-dense rows=200 error=<nil>
replay 161/1267 graph-id-property-wrapped-contains-target-43-zero rows=0 error=<nil>
replay 162/1267 graph-id-property-wrapped-contains-target-43-targeted rows=4 error=<nil>
replay 163/1267 graph-id-property-wrapped-contains-target-43-dense rows=200 error=<nil>
replay 164/1267 graph-id-property-wrapped-contains-target-44-zero rows=0 error=<nil>
replay 165/1267 graph-id-property-wrapped-contains-target-44-targeted rows=4 error=<nil>
replay 166/1267 graph-id-property-wrapped-contains-target-44-dense rows=200 error=<nil>
replay 167/1267 graph-id-property-wrapped-contains-target-45-zero rows=0 error=<nil>
replay 168/1267 graph-id-property-wrapped-contains-target-45-targeted rows=1 error=<nil>
replay 169/1267 graph-id-property-wrapped-contains-target-45-dense rows=200 error=<nil>
replay 170/1267 graph-id-property-wrapped-contains-target-46-zero rows=0 error=<nil>
replay 171/1267 graph-id-property-wrapped-contains-target-46-targeted rows=45 error=<nil>
replay 172/1267 graph-id-property-wrapped-contains-target-46-dense rows=200 error=<nil>
replay 173/1267 graph-id-property-wrapped-contains-target-47-zero rows=0 error=<nil>
replay 174/1267 graph-id-property-wrapped-contains-target-47-targeted rows=66 error=<nil>
replay 175/1267 graph-id-property-wrapped-contains-target-47-dense rows=200 error=<nil>
replay 176/1267 graph-id-property-wrapped-contains-target-48-zero rows=0 error=<nil>
replay 177/1267 graph-id-property-wrapped-contains-target-48-targeted rows=10 error=<nil>
replay 178/1267 graph-id-property-wrapped-contains-target-48-dense rows=200 error=<nil>
replay 179/1267 graph-id-property-wrapped-contains-target-49-zero rows=0 error=<nil>
replay 180/1267 graph-id-property-wrapped-contains-target-49-targeted rows=4 error=<nil>
replay 181/1267 graph-id-property-wrapped-contains-target-49-dense rows=200 error=<nil>
replay 182/1267 graph-id-property-wrapped-contains-target-50-zero rows=0 error=<nil>
replay 183/1267 graph-id-property-wrapped-contains-target-50-targeted rows=1 error=<nil>
replay 184/1267 graph-id-property-wrapped-contains-target-50-dense rows=200 error=<nil>
replay 185/1267 graph-id-property-wrapped-contains-target-51-zero rows=0 error=<nil>
replay 186/1267 graph-id-property-wrapped-contains-target-51-targeted rows=1 error=<nil>
replay 187/1267 graph-id-property-wrapped-contains-target-51-dense rows=200 error=<nil>
replay 188/1267 graph-id-property-wrapped-contains-target-52-zero rows=0 error=<nil>
replay 189/1267 graph-id-property-wrapped-contains-target-52-targeted rows=1 error=<nil>
replay 190/1267 graph-id-property-wrapped-contains-target-52-dense rows=200 error=<nil>
replay 191/1267 graph-id-property-wrapped-contains-target-53-zero rows=0 error=<nil>
replay 192/1267 graph-id-property-wrapped-contains-target-53-targeted rows=6 error=<nil>
replay 193/1267 graph-id-property-wrapped-contains-target-53-dense rows=200 error=<nil>
replay 194/1267 graph-id-property-wrapped-contains-target-54-zero rows=0 error=<nil>
replay 195/1267 graph-id-property-wrapped-contains-target-54-targeted rows=3 error=<nil>
replay 196/1267 graph-id-property-wrapped-contains-target-54-dense rows=200 error=<nil>
replay 197/1267 graph-id-property-wrapped-contains-target-55-zero rows=0 error=<nil>
replay 198/1267 graph-id-property-wrapped-contains-target-55-targeted rows=10 error=<nil>
replay 199/1267 graph-id-property-wrapped-contains-target-55-dense rows=200 error=<nil>
replay 200/1267 graph-id-property-wrapped-contains-target-56-zero rows=0 error=<nil>
replay 201/1267 graph-id-property-wrapped-contains-target-56-targeted rows=1 error=<nil>
replay 202/1267 graph-id-property-wrapped-contains-target-56-dense rows=200 error=<nil>
replay 203/1267 graph-id-property-wrapped-contains-target-57-zero rows=0 error=<nil>
replay 204/1267 graph-id-property-wrapped-contains-target-57-targeted rows=1 error=<nil>
replay 205/1267 graph-id-property-wrapped-contains-target-57-dense rows=200 error=<nil>
replay 206/1267 graph-id-property-wrapped-contains-target-58-zero rows=0 error=<nil>
replay 207/1267 graph-id-property-wrapped-contains-target-58-targeted rows=12 error=<nil>
replay 208/1267 graph-id-property-wrapped-contains-target-58-dense rows=200 error=<nil>
replay 209/1267 graph-id-property-wrapped-contains-target-59-zero rows=0 error=<nil>
replay 210/1267 graph-id-property-wrapped-contains-target-59-targeted rows=11 error=<nil>
replay 211/1267 graph-id-property-wrapped-contains-target-59-dense rows=200 error=<nil>
replay 212/1267 graph-id-property-wrapped-contains-target-60-zero rows=0 error=<nil>
replay 213/1267 graph-id-property-wrapped-contains-target-60-targeted rows=13 error=<nil>
replay 214/1267 graph-id-property-wrapped-contains-target-60-dense rows=200 error=<nil>
replay 215/1267 graph-id-property-wrapped-contains-target-61-zero rows=0 error=<nil>
replay 216/1267 graph-id-property-wrapped-contains-target-61-targeted rows=8 error=<nil>
replay 217/1267 graph-id-property-wrapped-contains-target-61-dense rows=200 error=<nil>
replay 218/1267 graph-id-property-wrapped-contains-target-62-zero rows=0 error=<nil>
replay 219/1267 graph-id-property-wrapped-contains-target-62-targeted rows=1 error=<nil>
replay 220/1267 graph-id-property-wrapped-contains-target-62-dense rows=200 error=<nil>
replay 221/1267 graph-id-property-wrapped-contains-target-63-zero rows=0 error=<nil>
replay 222/1267 graph-id-property-wrapped-contains-target-63-targeted rows=1 error=<nil>
replay 223/1267 graph-id-property-wrapped-contains-target-63-dense rows=200 error=<nil>
replay 224/1267 graph-id-function-wrapped-contains-target-00-zero rows=0 error=<nil>
replay 225/1267 graph-id-function-wrapped-contains-target-00-targeted rows=10 error=<nil>
replay 226/1267 graph-id-function-wrapped-contains-target-00-dense rows=200 error=<nil>
replay 227/1267 graph-id-function-wrapped-contains-target-01-zero rows=0 error=<nil>
replay 228/1267 graph-id-function-wrapped-contains-target-01-targeted rows=1 error=<nil>
replay 229/1267 graph-id-function-wrapped-contains-target-01-dense rows=200 error=<nil>
replay 230/1267 graph-id-function-wrapped-contains-target-02-zero rows=0 error=<nil>
replay 231/1267 graph-id-function-wrapped-contains-target-02-targeted rows=9 error=<nil>
replay 232/1267 graph-id-function-wrapped-contains-target-02-dense rows=200 error=<nil>
replay 233/1267 graph-id-function-wrapped-contains-target-03-zero rows=0 error=<nil>
replay 234/1267 graph-id-function-wrapped-contains-target-03-targeted rows=2 error=<nil>
replay 235/1267 graph-id-function-wrapped-contains-target-03-dense rows=200 error=<nil>
replay 236/1267 graph-id-function-wrapped-contains-target-04-zero rows=0 error=<nil>
replay 237/1267 graph-id-function-wrapped-contains-target-04-targeted rows=9 error=<nil>
replay 238/1267 graph-id-function-wrapped-contains-target-04-dense rows=200 error=<nil>
replay 239/1267 graph-id-function-wrapped-contains-target-05-zero rows=0 error=<nil>
replay 240/1267 graph-id-function-wrapped-contains-target-05-targeted rows=9 error=<nil>
replay 241/1267 graph-id-function-wrapped-contains-target-05-dense rows=200 error=<nil>
replay 242/1267 graph-id-function-wrapped-contains-target-06-zero rows=0 error=<nil>
replay 243/1267 graph-id-function-wrapped-contains-target-06-targeted rows=1 error=<nil>
replay 244/1267 graph-id-function-wrapped-contains-target-06-dense rows=200 error=<nil>
replay 245/1267 graph-id-function-wrapped-contains-target-07-zero rows=0 error=<nil>
replay 246/1267 graph-id-function-wrapped-contains-target-07-targeted rows=1 error=<nil>
replay 247/1267 graph-id-function-wrapped-contains-target-07-dense rows=200 error=<nil>
replay 248/1267 graph-id-function-wrapped-contains-target-08-zero rows=0 error=<nil>
replay 249/1267 graph-id-function-wrapped-contains-target-08-targeted rows=2 error=<nil>
replay 250/1267 graph-id-function-wrapped-contains-target-08-dense rows=200 error=<nil>
replay 251/1267 graph-id-function-wrapped-contains-target-09-zero rows=0 error=<nil>
replay 252/1267 graph-id-function-wrapped-contains-target-09-targeted rows=1 error=<nil>
replay 253/1267 graph-id-function-wrapped-contains-target-09-dense rows=200 error=<nil>
replay 254/1267 graph-id-function-wrapped-contains-target-10-zero rows=0 error=<nil>
replay 255/1267 graph-id-function-wrapped-contains-target-10-targeted rows=1 error=<nil>
replay 256/1267 graph-id-function-wrapped-contains-target-10-dense rows=200 error=<nil>
replay 257/1267 graph-id-function-wrapped-contains-target-11-zero rows=0 error=<nil>
replay 258/1267 graph-id-function-wrapped-contains-target-11-targeted rows=1 error=<nil>
replay 259/1267 graph-id-function-wrapped-contains-target-11-dense rows=200 error=<nil>
replay 260/1267 graph-id-function-wrapped-contains-target-12-zero rows=0 error=<nil>
replay 261/1267 graph-id-function-wrapped-contains-target-12-targeted rows=2 error=<nil>
replay 262/1267 graph-id-function-wrapped-contains-target-12-dense rows=200 error=<nil>
replay 263/1267 graph-id-function-wrapped-contains-target-13-zero rows=0 error=<nil>
replay 264/1267 graph-id-function-wrapped-contains-target-13-targeted rows=5 error=<nil>
replay 265/1267 graph-id-function-wrapped-contains-target-13-dense rows=200 error=<nil>
replay 266/1267 graph-id-function-wrapped-contains-target-14-zero rows=0 error=<nil>
replay 267/1267 graph-id-function-wrapped-contains-target-14-targeted rows=3 error=<nil>
replay 268/1267 graph-id-function-wrapped-contains-target-14-dense rows=200 error=<nil>
replay 269/1267 graph-id-function-wrapped-contains-target-15-zero rows=0 error=<nil>
replay 270/1267 graph-id-function-wrapped-contains-target-15-targeted rows=1 error=<nil>
replay 271/1267 graph-id-function-wrapped-contains-target-15-dense rows=200 error=<nil>
replay 272/1267 graph-id-function-wrapped-contains-target-16-zero rows=0 error=<nil>
replay 273/1267 graph-id-function-wrapped-contains-target-16-targeted rows=1 error=<nil>
replay 274/1267 graph-id-function-wrapped-contains-target-16-dense rows=200 error=<nil>
replay 275/1267 graph-id-function-wrapped-contains-target-17-zero rows=0 error=<nil>
replay 276/1267 graph-id-function-wrapped-contains-target-17-targeted rows=5 error=<nil>
replay 277/1267 graph-id-function-wrapped-contains-target-17-dense rows=200 error=<nil>
replay 278/1267 graph-id-function-wrapped-contains-target-18-zero rows=0 error=<nil>
replay 279/1267 graph-id-function-wrapped-contains-target-18-targeted rows=12 error=<nil>
replay 280/1267 graph-id-function-wrapped-contains-target-18-dense rows=200 error=<nil>
replay 281/1267 graph-id-function-wrapped-contains-target-19-zero rows=0 error=<nil>
replay 282/1267 graph-id-function-wrapped-contains-target-19-targeted rows=11 error=<nil>
replay 283/1267 graph-id-function-wrapped-contains-target-19-dense rows=200 error=<nil>
replay 284/1267 graph-id-function-wrapped-contains-target-20-zero rows=0 error=<nil>
replay 285/1267 graph-id-function-wrapped-contains-target-20-targeted rows=1 error=<nil>
replay 286/1267 graph-id-function-wrapped-contains-target-20-dense rows=200 error=<nil>
replay 287/1267 graph-id-function-wrapped-contains-target-21-zero rows=0 error=<nil>
replay 288/1267 graph-id-function-wrapped-contains-target-21-targeted rows=1 error=<nil>
replay 289/1267 graph-id-function-wrapped-contains-target-21-dense rows=200 error=<nil>
replay 290/1267 graph-id-function-wrapped-contains-target-22-zero rows=0 error=<nil>
replay 291/1267 graph-id-function-wrapped-contains-target-22-targeted rows=11 error=<nil>
replay 292/1267 graph-id-function-wrapped-contains-target-22-dense rows=200 error=<nil>
replay 293/1267 graph-id-function-wrapped-contains-target-23-zero rows=0 error=<nil>
replay 294/1267 graph-id-function-wrapped-contains-target-23-targeted rows=11 error=<nil>
replay 295/1267 graph-id-function-wrapped-contains-target-23-dense rows=200 error=<nil>
replay 296/1267 graph-id-function-wrapped-contains-target-24-zero rows=0 error=<nil>
replay 297/1267 graph-id-function-wrapped-contains-target-24-targeted rows=1 error=<nil>
replay 298/1267 graph-id-function-wrapped-contains-target-24-dense rows=200 error=<nil>
replay 299/1267 graph-id-function-wrapped-contains-target-25-zero rows=0 error=<nil>
replay 300/1267 graph-id-function-wrapped-contains-target-25-targeted rows=17 error=<nil>
replay 301/1267 graph-id-function-wrapped-contains-target-25-dense rows=200 error=<nil>
replay 302/1267 graph-id-function-wrapped-contains-target-26-zero rows=0 error=<nil>
replay 303/1267 graph-id-function-wrapped-contains-target-26-targeted rows=1 error=<nil>
replay 304/1267 graph-id-function-wrapped-contains-target-26-dense rows=200 error=<nil>
replay 305/1267 graph-id-function-wrapped-contains-target-27-zero rows=0 error=<nil>
replay 306/1267 graph-id-function-wrapped-contains-target-27-targeted rows=14 error=<nil>
replay 307/1267 graph-id-function-wrapped-contains-target-27-dense rows=200 error=<nil>
replay 308/1267 graph-id-function-wrapped-contains-target-28-zero rows=0 error=<nil>
replay 309/1267 graph-id-function-wrapped-contains-target-28-targeted rows=12 error=<nil>
replay 310/1267 graph-id-function-wrapped-contains-target-28-dense rows=200 error=<nil>
replay 311/1267 graph-id-function-wrapped-contains-target-29-zero rows=0 error=<nil>
replay 312/1267 graph-id-function-wrapped-contains-target-29-targeted rows=1 error=<nil>
replay 313/1267 graph-id-function-wrapped-contains-target-29-dense rows=200 error=<nil>
replay 314/1267 graph-id-function-wrapped-contains-target-30-zero rows=0 error=<nil>
replay 315/1267 graph-id-function-wrapped-contains-target-30-targeted rows=10 error=<nil>
replay 316/1267 graph-id-function-wrapped-contains-target-30-dense rows=200 error=<nil>
replay 317/1267 graph-id-function-wrapped-contains-target-31-zero rows=0 error=<nil>
replay 318/1267 graph-id-function-wrapped-contains-target-31-targeted rows=1 error=<nil>
replay 319/1267 graph-id-function-wrapped-contains-target-31-dense rows=200 error=<nil>
replay 320/1267 graph-id-function-wrapped-contains-target-32-zero rows=0 error=<nil>
replay 321/1267 graph-id-function-wrapped-contains-target-32-targeted rows=4 error=<nil>
replay 322/1267 graph-id-function-wrapped-contains-target-32-dense rows=200 error=<nil>
replay 323/1267 graph-id-function-wrapped-contains-target-33-zero rows=0 error=<nil>
replay 324/1267 graph-id-function-wrapped-contains-target-33-targeted rows=4 error=<nil>
replay 325/1267 graph-id-function-wrapped-contains-target-33-dense rows=200 error=<nil>
replay 326/1267 graph-id-function-wrapped-contains-target-34-zero rows=0 error=<nil>
replay 327/1267 graph-id-function-wrapped-contains-target-34-targeted rows=4 error=<nil>
replay 328/1267 graph-id-function-wrapped-contains-target-34-dense rows=200 error=<nil>
replay 329/1267 graph-id-function-wrapped-contains-target-35-zero rows=0 error=<nil>
replay 330/1267 graph-id-function-wrapped-contains-target-35-targeted rows=1 error=<nil>
replay 331/1267 graph-id-function-wrapped-contains-target-35-dense rows=200 error=<nil>
replay 332/1267 graph-id-function-wrapped-contains-target-36-zero rows=0 error=<nil>
replay 333/1267 graph-id-function-wrapped-contains-target-36-targeted rows=1 error=<nil>
replay 334/1267 graph-id-function-wrapped-contains-target-36-dense rows=200 error=<nil>
replay 335/1267 graph-id-function-wrapped-contains-target-37-zero rows=0 error=<nil>
replay 336/1267 graph-id-function-wrapped-contains-target-37-targeted rows=51 error=<nil>
replay 337/1267 graph-id-function-wrapped-contains-target-37-dense rows=200 error=<nil>
replay 338/1267 graph-id-function-wrapped-contains-target-38-zero rows=0 error=<nil>
replay 339/1267 graph-id-function-wrapped-contains-target-38-targeted rows=1 error=<nil>
replay 340/1267 graph-id-function-wrapped-contains-target-38-dense rows=200 error=<nil>
replay 341/1267 graph-id-function-wrapped-contains-target-39-zero rows=0 error=<nil>
replay 342/1267 graph-id-function-wrapped-contains-target-39-targeted rows=4 error=<nil>
replay 343/1267 graph-id-function-wrapped-contains-target-39-dense rows=200 error=<nil>
replay 344/1267 graph-id-function-wrapped-contains-target-40-zero rows=0 error=<nil>
replay 345/1267 graph-id-function-wrapped-contains-target-40-targeted rows=4 error=<nil>
replay 346/1267 graph-id-function-wrapped-contains-target-40-dense rows=200 error=<nil>
replay 347/1267 graph-id-function-wrapped-contains-target-41-zero rows=0 error=<nil>
replay 348/1267 graph-id-function-wrapped-contains-target-41-targeted rows=4 error=<nil>
replay 349/1267 graph-id-function-wrapped-contains-target-41-dense rows=200 error=<nil>
replay 350/1267 graph-id-function-wrapped-contains-target-42-zero rows=0 error=<nil>
replay 351/1267 graph-id-function-wrapped-contains-target-42-targeted rows=63 error=<nil>
replay 352/1267 graph-id-function-wrapped-contains-target-42-dense rows=200 error=<nil>
replay 353/1267 graph-id-function-wrapped-contains-target-43-zero rows=0 error=<nil>
replay 354/1267 graph-id-function-wrapped-contains-target-43-targeted rows=4 error=<nil>
replay 355/1267 graph-id-function-wrapped-contains-target-43-dense rows=200 error=<nil>
replay 356/1267 graph-id-function-wrapped-contains-target-44-zero rows=0 error=<nil>
replay 357/1267 graph-id-function-wrapped-contains-target-44-targeted rows=4 error=<nil>
replay 358/1267 graph-id-function-wrapped-contains-target-44-dense rows=200 error=<nil>
replay 359/1267 graph-id-function-wrapped-contains-target-45-zero rows=0 error=<nil>
replay 360/1267 graph-id-function-wrapped-contains-target-45-targeted rows=1 error=<nil>
replay 361/1267 graph-id-function-wrapped-contains-target-45-dense rows=200 error=<nil>
replay 362/1267 graph-id-function-wrapped-contains-target-46-zero rows=0 error=<nil>
replay 363/1267 graph-id-function-wrapped-contains-target-46-targeted rows=45 error=<nil>
replay 364/1267 graph-id-function-wrapped-contains-target-46-dense rows=200 error=<nil>
replay 365/1267 graph-id-function-wrapped-contains-target-47-zero rows=0 error=<nil>
replay 366/1267 graph-id-function-wrapped-contains-target-47-targeted rows=66 error=<nil>
replay 367/1267 graph-id-function-wrapped-contains-target-47-dense rows=200 error=<nil>
replay 368/1267 graph-id-function-wrapped-contains-target-48-zero rows=0 error=<nil>
replay 369/1267 graph-id-function-wrapped-contains-target-48-targeted rows=10 error=<nil>
replay 370/1267 graph-id-function-wrapped-contains-target-48-dense rows=200 error=<nil>
replay 371/1267 graph-id-function-wrapped-contains-target-49-zero rows=0 error=<nil>
replay 372/1267 graph-id-function-wrapped-contains-target-49-targeted rows=4 error=<nil>
replay 373/1267 graph-id-function-wrapped-contains-target-49-dense rows=200 error=<nil>
replay 374/1267 graph-id-function-wrapped-contains-target-50-zero rows=0 error=<nil>
replay 375/1267 graph-id-function-wrapped-contains-target-50-targeted rows=1 error=<nil>
replay 376/1267 graph-id-function-wrapped-contains-target-50-dense rows=200 error=<nil>
replay 377/1267 graph-id-function-wrapped-contains-target-51-zero rows=0 error=<nil>
replay 378/1267 graph-id-function-wrapped-contains-target-51-targeted rows=1 error=<nil>
replay 379/1267 graph-id-function-wrapped-contains-target-51-dense rows=200 error=<nil>
replay 380/1267 graph-id-function-wrapped-contains-target-52-zero rows=0 error=<nil>
replay 381/1267 graph-id-function-wrapped-contains-target-52-targeted rows=1 error=<nil>
replay 382/1267 graph-id-function-wrapped-contains-target-52-dense rows=200 error=<nil>
replay 383/1267 graph-id-function-wrapped-contains-target-53-zero rows=0 error=<nil>
replay 384/1267 graph-id-function-wrapped-contains-target-53-targeted rows=6 error=<nil>
replay 385/1267 graph-id-function-wrapped-contains-target-53-dense rows=200 error=<nil>
replay 386/1267 graph-id-function-wrapped-contains-target-54-zero rows=0 error=<nil>
replay 387/1267 graph-id-function-wrapped-contains-target-54-targeted rows=3 error=<nil>
replay 388/1267 graph-id-function-wrapped-contains-target-54-dense rows=200 error=<nil>
replay 389/1267 graph-id-function-wrapped-contains-target-55-zero rows=0 error=<nil>
replay 390/1267 graph-id-function-wrapped-contains-target-55-targeted rows=10 error=<nil>
replay 391/1267 graph-id-function-wrapped-contains-target-55-dense rows=200 error=<nil>
replay 392/1267 graph-id-function-wrapped-contains-target-56-zero rows=0 error=<nil>
replay 393/1267 graph-id-function-wrapped-contains-target-56-targeted rows=1 error=<nil>
replay 394/1267 graph-id-function-wrapped-contains-target-56-dense rows=200 error=<nil>
replay 395/1267 graph-id-function-wrapped-contains-target-57-zero rows=0 error=<nil>
replay 396/1267 graph-id-function-wrapped-contains-target-57-targeted rows=1 error=<nil>
replay 397/1267 graph-id-function-wrapped-contains-target-57-dense rows=200 error=<nil>
replay 398/1267 graph-id-function-wrapped-contains-target-58-zero rows=0 error=<nil>
replay 399/1267 graph-id-function-wrapped-contains-target-58-targeted rows=12 error=<nil>
replay 400/1267 graph-id-function-wrapped-contains-target-58-dense rows=200 error=<nil>
replay 401/1267 graph-id-function-wrapped-contains-target-59-zero rows=0 error=<nil>
replay 402/1267 graph-id-function-wrapped-contains-target-59-targeted rows=11 error=<nil>
replay 403/1267 graph-id-function-wrapped-contains-target-59-dense rows=200 error=<nil>
replay 404/1267 graph-id-function-wrapped-contains-target-60-zero rows=0 error=<nil>
replay 405/1267 graph-id-function-wrapped-contains-target-60-targeted rows=13 error=<nil>
replay 406/1267 graph-id-function-wrapped-contains-target-60-dense rows=200 error=<nil>
replay 407/1267 graph-id-function-wrapped-contains-target-61-zero rows=0 error=<nil>
replay 408/1267 graph-id-function-wrapped-contains-target-61-targeted rows=8 error=<nil>
replay 409/1267 graph-id-function-wrapped-contains-target-61-dense rows=200 error=<nil>
replay 410/1267 graph-id-function-wrapped-contains-target-62-zero rows=0 error=<nil>
replay 411/1267 graph-id-function-wrapped-contains-target-62-targeted rows=1 error=<nil>
replay 412/1267 graph-id-function-wrapped-contains-target-62-dense rows=200 error=<nil>
replay 413/1267 graph-id-function-wrapped-contains-target-63-zero rows=0 error=<nil>
replay 414/1267 graph-id-function-wrapped-contains-target-63-targeted rows=1 error=<nil>
replay 415/1267 graph-id-function-wrapped-contains-target-63-dense rows=200 error=<nil>
replay 416/1267 graph-id-parameter-wrapped-contains-target-00-zero rows=0 error=<nil>
replay 417/1267 graph-id-parameter-wrapped-contains-target-00-targeted rows=10 error=<nil>
replay 418/1267 graph-id-parameter-wrapped-contains-target-00-dense rows=200 error=<nil>
replay 419/1267 graph-id-parameter-wrapped-contains-target-01-zero rows=0 error=<nil>
replay 420/1267 graph-id-parameter-wrapped-contains-target-01-targeted rows=1 error=<nil>
replay 421/1267 graph-id-parameter-wrapped-contains-target-01-dense rows=200 error=<nil>
replay 422/1267 graph-id-parameter-wrapped-contains-target-02-zero rows=0 error=<nil>
replay 423/1267 graph-id-parameter-wrapped-contains-target-02-targeted rows=9 error=<nil>
replay 424/1267 graph-id-parameter-wrapped-contains-target-02-dense rows=200 error=<nil>
replay 425/1267 graph-id-parameter-wrapped-contains-target-03-zero rows=0 error=<nil>
replay 426/1267 graph-id-parameter-wrapped-contains-target-03-targeted rows=2 error=<nil>
replay 427/1267 graph-id-parameter-wrapped-contains-target-03-dense rows=200 error=<nil>
replay 428/1267 graph-id-parameter-wrapped-contains-target-04-zero rows=0 error=<nil>
replay 429/1267 graph-id-parameter-wrapped-contains-target-04-targeted rows=9 error=<nil>
replay 430/1267 graph-id-parameter-wrapped-contains-target-04-dense rows=200 error=<nil>
replay 431/1267 graph-id-parameter-wrapped-contains-target-05-zero rows=0 error=<nil>
replay 432/1267 graph-id-parameter-wrapped-contains-target-05-targeted rows=9 error=<nil>
replay 433/1267 graph-id-parameter-wrapped-contains-target-05-dense rows=200 error=<nil>
replay 434/1267 graph-id-parameter-wrapped-contains-target-06-zero rows=0 error=<nil>
replay 435/1267 graph-id-parameter-wrapped-contains-target-06-targeted rows=1 error=<nil>
replay 436/1267 graph-id-parameter-wrapped-contains-target-06-dense rows=200 error=<nil>
replay 437/1267 graph-id-parameter-wrapped-contains-target-07-zero rows=0 error=<nil>
replay 438/1267 graph-id-parameter-wrapped-contains-target-07-targeted rows=1 error=<nil>
replay 439/1267 graph-id-parameter-wrapped-contains-target-07-dense rows=200 error=<nil>
replay 440/1267 graph-id-parameter-wrapped-contains-target-08-zero rows=0 error=<nil>
replay 441/1267 graph-id-parameter-wrapped-contains-target-08-targeted rows=2 error=<nil>
replay 442/1267 graph-id-parameter-wrapped-contains-target-08-dense rows=200 error=<nil>
replay 443/1267 graph-id-parameter-wrapped-contains-target-09-zero rows=0 error=<nil>
replay 444/1267 graph-id-parameter-wrapped-contains-target-09-targeted rows=1 error=<nil>
replay 445/1267 graph-id-parameter-wrapped-contains-target-09-dense rows=200 error=<nil>
replay 446/1267 graph-id-parameter-wrapped-contains-target-10-zero rows=0 error=<nil>
replay 447/1267 graph-id-parameter-wrapped-contains-target-10-targeted rows=1 error=<nil>
replay 448/1267 graph-id-parameter-wrapped-contains-target-10-dense rows=200 error=<nil>
replay 449/1267 graph-id-parameter-wrapped-contains-target-11-zero rows=0 error=<nil>
replay 450/1267 graph-id-parameter-wrapped-contains-target-11-targeted rows=1 error=<nil>
replay 451/1267 graph-id-parameter-wrapped-contains-target-11-dense rows=200 error=<nil>
replay 452/1267 graph-id-parameter-wrapped-contains-target-12-zero rows=0 error=<nil>
replay 453/1267 graph-id-parameter-wrapped-contains-target-12-targeted rows=2 error=<nil>
replay 454/1267 graph-id-parameter-wrapped-contains-target-12-dense rows=200 error=<nil>
replay 455/1267 graph-id-parameter-wrapped-contains-target-13-zero rows=0 error=<nil>
replay 456/1267 graph-id-parameter-wrapped-contains-target-13-targeted rows=5 error=<nil>
replay 457/1267 graph-id-parameter-wrapped-contains-target-13-dense rows=200 error=<nil>
replay 458/1267 graph-id-parameter-wrapped-contains-target-14-zero rows=0 error=<nil>
replay 459/1267 graph-id-parameter-wrapped-contains-target-14-targeted rows=3 error=<nil>
replay 460/1267 graph-id-parameter-wrapped-contains-target-14-dense rows=200 error=<nil>
replay 461/1267 graph-id-parameter-wrapped-contains-target-15-zero rows=0 error=<nil>
replay 462/1267 graph-id-parameter-wrapped-contains-target-15-targeted rows=1 error=<nil>
replay 463/1267 graph-id-parameter-wrapped-contains-target-15-dense rows=200 error=<nil>
replay 464/1267 graph-id-parameter-wrapped-contains-target-16-zero rows=0 error=<nil>
replay 465/1267 graph-id-parameter-wrapped-contains-target-16-targeted rows=1 error=<nil>
replay 466/1267 graph-id-parameter-wrapped-contains-target-16-dense rows=200 error=<nil>
replay 467/1267 graph-id-parameter-wrapped-contains-target-17-zero rows=0 error=<nil>
replay 468/1267 graph-id-parameter-wrapped-contains-target-17-targeted rows=5 error=<nil>
replay 469/1267 graph-id-parameter-wrapped-contains-target-17-dense rows=200 error=<nil>
replay 470/1267 graph-id-parameter-wrapped-contains-target-18-zero rows=0 error=<nil>
replay 471/1267 graph-id-parameter-wrapped-contains-target-18-targeted rows=12 error=<nil>
replay 472/1267 graph-id-parameter-wrapped-contains-target-18-dense rows=200 error=<nil>
replay 473/1267 graph-id-parameter-wrapped-contains-target-19-zero rows=0 error=<nil>
replay 474/1267 graph-id-parameter-wrapped-contains-target-19-targeted rows=11 error=<nil>
replay 475/1267 graph-id-parameter-wrapped-contains-target-19-dense rows=200 error=<nil>
replay 476/1267 graph-id-parameter-wrapped-contains-target-20-zero rows=0 error=<nil>
replay 477/1267 graph-id-parameter-wrapped-contains-target-20-targeted rows=1 error=<nil>
replay 478/1267 graph-id-parameter-wrapped-contains-target-20-dense rows=200 error=<nil>
replay 479/1267 graph-id-parameter-wrapped-contains-target-21-zero rows=0 error=<nil>
replay 480/1267 graph-id-parameter-wrapped-contains-target-21-targeted rows=1 error=<nil>
replay 481/1267 graph-id-parameter-wrapped-contains-target-21-dense rows=200 error=<nil>
replay 482/1267 graph-id-parameter-wrapped-contains-target-22-zero rows=0 error=<nil>
replay 483/1267 graph-id-parameter-wrapped-contains-target-22-targeted rows=11 error=<nil>
replay 484/1267 graph-id-parameter-wrapped-contains-target-22-dense rows=200 error=<nil>
replay 485/1267 graph-id-parameter-wrapped-contains-target-23-zero rows=0 error=<nil>
replay 486/1267 graph-id-parameter-wrapped-contains-target-23-targeted rows=11 error=<nil>
replay 487/1267 graph-id-parameter-wrapped-contains-target-23-dense rows=200 error=<nil>
replay 488/1267 graph-id-parameter-wrapped-contains-target-24-zero rows=0 error=<nil>
replay 489/1267 graph-id-parameter-wrapped-contains-target-24-targeted rows=1 error=<nil>
replay 490/1267 graph-id-parameter-wrapped-contains-target-24-dense rows=200 error=<nil>
replay 491/1267 graph-id-parameter-wrapped-contains-target-25-zero rows=0 error=<nil>
replay 492/1267 graph-id-parameter-wrapped-contains-target-25-targeted rows=17 error=<nil>
replay 493/1267 graph-id-parameter-wrapped-contains-target-25-dense rows=200 error=<nil>
replay 494/1267 graph-id-parameter-wrapped-contains-target-26-zero rows=0 error=<nil>
replay 495/1267 graph-id-parameter-wrapped-contains-target-26-targeted rows=1 error=<nil>
replay 496/1267 graph-id-parameter-wrapped-contains-target-26-dense rows=200 error=<nil>
replay 497/1267 graph-id-parameter-wrapped-contains-target-27-zero rows=0 error=<nil>
replay 498/1267 graph-id-parameter-wrapped-contains-target-27-targeted rows=14 error=<nil>
replay 499/1267 graph-id-parameter-wrapped-contains-target-27-dense rows=200 error=<nil>
replay 500/1267 graph-id-parameter-wrapped-contains-target-28-zero rows=0 error=<nil>
replay 501/1267 graph-id-parameter-wrapped-contains-target-28-targeted rows=12 error=<nil>
replay 502/1267 graph-id-parameter-wrapped-contains-target-28-dense rows=200 error=<nil>
replay 503/1267 graph-id-parameter-wrapped-contains-target-29-zero rows=0 error=<nil>
replay 504/1267 graph-id-parameter-wrapped-contains-target-29-targeted rows=1 error=<nil>
replay 505/1267 graph-id-parameter-wrapped-contains-target-29-dense rows=200 error=<nil>
replay 506/1267 graph-id-parameter-wrapped-contains-target-30-zero rows=0 error=<nil>
replay 507/1267 graph-id-parameter-wrapped-contains-target-30-targeted rows=10 error=<nil>
replay 508/1267 graph-id-parameter-wrapped-contains-target-30-dense rows=200 error=<nil>
replay 509/1267 graph-id-parameter-wrapped-contains-target-31-zero rows=0 error=<nil>
replay 510/1267 graph-id-parameter-wrapped-contains-target-31-targeted rows=1 error=<nil>
replay 511/1267 graph-id-parameter-wrapped-contains-target-31-dense rows=200 error=<nil>
replay 512/1267 graph-id-parameter-wrapped-contains-target-32-zero rows=0 error=<nil>
replay 513/1267 graph-id-parameter-wrapped-contains-target-32-targeted rows=4 error=<nil>
replay 514/1267 graph-id-parameter-wrapped-contains-target-32-dense rows=200 error=<nil>
replay 515/1267 graph-id-parameter-wrapped-contains-target-33-zero rows=0 error=<nil>
replay 516/1267 graph-id-parameter-wrapped-contains-target-33-targeted rows=4 error=<nil>
replay 517/1267 graph-id-parameter-wrapped-contains-target-33-dense rows=200 error=<nil>
replay 518/1267 graph-id-parameter-wrapped-contains-target-34-zero rows=0 error=<nil>
replay 519/1267 graph-id-parameter-wrapped-contains-target-34-targeted rows=4 error=<nil>
replay 520/1267 graph-id-parameter-wrapped-contains-target-34-dense rows=200 error=<nil>
replay 521/1267 graph-id-parameter-wrapped-contains-target-35-zero rows=0 error=<nil>
replay 522/1267 graph-id-parameter-wrapped-contains-target-35-targeted rows=1 error=<nil>
replay 523/1267 graph-id-parameter-wrapped-contains-target-35-dense rows=200 error=<nil>
replay 524/1267 graph-id-parameter-wrapped-contains-target-36-zero rows=0 error=<nil>
replay 525/1267 graph-id-parameter-wrapped-contains-target-36-targeted rows=1 error=<nil>
replay 526/1267 graph-id-parameter-wrapped-contains-target-36-dense rows=200 error=<nil>
replay 527/1267 graph-id-parameter-wrapped-contains-target-37-zero rows=0 error=<nil>
replay 528/1267 graph-id-parameter-wrapped-contains-target-37-targeted rows=51 error=<nil>
replay 529/1267 graph-id-parameter-wrapped-contains-target-37-dense rows=200 error=<nil>
replay 530/1267 graph-id-parameter-wrapped-contains-target-38-zero rows=0 error=<nil>
replay 531/1267 graph-id-parameter-wrapped-contains-target-38-targeted rows=1 error=<nil>
replay 532/1267 graph-id-parameter-wrapped-contains-target-38-dense rows=200 error=<nil>
replay 533/1267 graph-id-parameter-wrapped-contains-target-39-zero rows=0 error=<nil>
replay 534/1267 graph-id-parameter-wrapped-contains-target-39-targeted rows=4 error=<nil>
replay 535/1267 graph-id-parameter-wrapped-contains-target-39-dense rows=200 error=<nil>
replay 536/1267 graph-id-parameter-wrapped-contains-target-40-zero rows=0 error=<nil>
replay 537/1267 graph-id-parameter-wrapped-contains-target-40-targeted rows=4 error=<nil>
replay 538/1267 graph-id-parameter-wrapped-contains-target-40-dense rows=200 error=<nil>
replay 539/1267 graph-id-parameter-wrapped-contains-target-41-zero rows=0 error=<nil>
replay 540/1267 graph-id-parameter-wrapped-contains-target-41-targeted rows=4 error=<nil>
replay 541/1267 graph-id-parameter-wrapped-contains-target-41-dense rows=200 error=<nil>
replay 542/1267 graph-id-parameter-wrapped-contains-target-42-zero rows=0 error=<nil>
replay 543/1267 graph-id-parameter-wrapped-contains-target-42-targeted rows=63 error=<nil>
replay 544/1267 graph-id-parameter-wrapped-contains-target-42-dense rows=200 error=<nil>
replay 545/1267 graph-id-parameter-wrapped-contains-target-43-zero rows=0 error=<nil>
replay 546/1267 graph-id-parameter-wrapped-contains-target-43-targeted rows=4 error=<nil>
replay 547/1267 graph-id-parameter-wrapped-contains-target-43-dense rows=200 error=<nil>
replay 548/1267 graph-id-parameter-wrapped-contains-target-44-zero rows=0 error=<nil>
replay 549/1267 graph-id-parameter-wrapped-contains-target-44-targeted rows=4 error=<nil>
replay 550/1267 graph-id-parameter-wrapped-contains-target-44-dense rows=200 error=<nil>
replay 551/1267 graph-id-parameter-wrapped-contains-target-45-zero rows=0 error=<nil>
replay 552/1267 graph-id-parameter-wrapped-contains-target-45-targeted rows=1 error=<nil>
replay 553/1267 graph-id-parameter-wrapped-contains-target-45-dense rows=200 error=<nil>
replay 554/1267 graph-id-parameter-wrapped-contains-target-46-zero rows=0 error=<nil>
replay 555/1267 graph-id-parameter-wrapped-contains-target-46-targeted rows=45 error=<nil>
replay 556/1267 graph-id-parameter-wrapped-contains-target-46-dense rows=200 error=<nil>
replay 557/1267 graph-id-parameter-wrapped-contains-target-47-zero rows=0 error=<nil>
replay 558/1267 graph-id-parameter-wrapped-contains-target-47-targeted rows=66 error=<nil>
replay 559/1267 graph-id-parameter-wrapped-contains-target-47-dense rows=200 error=<nil>
replay 560/1267 graph-id-parameter-wrapped-contains-target-48-zero rows=0 error=<nil>
replay 561/1267 graph-id-parameter-wrapped-contains-target-48-targeted rows=10 error=<nil>
replay 562/1267 graph-id-parameter-wrapped-contains-target-48-dense rows=200 error=<nil>
replay 563/1267 graph-id-parameter-wrapped-contains-target-49-zero rows=0 error=<nil>
replay 564/1267 graph-id-parameter-wrapped-contains-target-49-targeted rows=4 error=<nil>
replay 565/1267 graph-id-parameter-wrapped-contains-target-49-dense rows=200 error=<nil>
replay 566/1267 graph-id-parameter-wrapped-contains-target-50-zero rows=0 error=<nil>
replay 567/1267 graph-id-parameter-wrapped-contains-target-50-targeted rows=1 error=<nil>
replay 568/1267 graph-id-parameter-wrapped-contains-target-50-dense rows=200 error=<nil>
replay 569/1267 graph-id-parameter-wrapped-contains-target-51-zero rows=0 error=<nil>
replay 570/1267 graph-id-parameter-wrapped-contains-target-51-targeted rows=1 error=<nil>
replay 571/1267 graph-id-parameter-wrapped-contains-target-51-dense rows=200 error=<nil>
replay 572/1267 graph-id-parameter-wrapped-contains-target-52-zero rows=0 error=<nil>
replay 573/1267 graph-id-parameter-wrapped-contains-target-52-targeted rows=1 error=<nil>
replay 574/1267 graph-id-parameter-wrapped-contains-target-52-dense rows=200 error=<nil>
replay 575/1267 graph-id-parameter-wrapped-contains-target-53-zero rows=0 error=<nil>
replay 576/1267 graph-id-parameter-wrapped-contains-target-53-targeted rows=6 error=<nil>
replay 577/1267 graph-id-parameter-wrapped-contains-target-53-dense rows=200 error=<nil>
replay 578/1267 graph-id-parameter-wrapped-contains-target-54-zero rows=0 error=<nil>
replay 579/1267 graph-id-parameter-wrapped-contains-target-54-targeted rows=3 error=<nil>
replay 580/1267 graph-id-parameter-wrapped-contains-target-54-dense rows=200 error=<nil>
replay 581/1267 graph-id-parameter-wrapped-contains-target-55-zero rows=0 error=<nil>
replay 582/1267 graph-id-parameter-wrapped-contains-target-55-targeted rows=10 error=<nil>
replay 583/1267 graph-id-parameter-wrapped-contains-target-55-dense rows=200 error=<nil>
replay 584/1267 graph-id-parameter-wrapped-contains-target-56-zero rows=0 error=<nil>
replay 585/1267 graph-id-parameter-wrapped-contains-target-56-targeted rows=1 error=<nil>
replay 586/1267 graph-id-parameter-wrapped-contains-target-56-dense rows=200 error=<nil>
replay 587/1267 graph-id-parameter-wrapped-contains-target-57-zero rows=0 error=<nil>
replay 588/1267 graph-id-parameter-wrapped-contains-target-57-targeted rows=1 error=<nil>
replay 589/1267 graph-id-parameter-wrapped-contains-target-57-dense rows=200 error=<nil>
replay 590/1267 graph-id-parameter-wrapped-contains-target-58-zero rows=0 error=<nil>
replay 591/1267 graph-id-parameter-wrapped-contains-target-58-targeted rows=12 error=<nil>
replay 592/1267 graph-id-parameter-wrapped-contains-target-58-dense rows=200 error=<nil>
replay 593/1267 graph-id-parameter-wrapped-contains-target-59-zero rows=0 error=<nil>
replay 594/1267 graph-id-parameter-wrapped-contains-target-59-targeted rows=11 error=<nil>
replay 595/1267 graph-id-parameter-wrapped-contains-target-59-dense rows=200 error=<nil>
replay 596/1267 graph-id-parameter-wrapped-contains-target-60-zero rows=0 error=<nil>
replay 597/1267 graph-id-parameter-wrapped-contains-target-60-targeted rows=13 error=<nil>
replay 598/1267 graph-id-parameter-wrapped-contains-target-60-dense rows=200 error=<nil>
replay 599/1267 graph-id-parameter-wrapped-contains-target-61-zero rows=0 error=<nil>
replay 600/1267 graph-id-parameter-wrapped-contains-target-61-targeted rows=8 error=<nil>
replay 601/1267 graph-id-parameter-wrapped-contains-target-61-dense rows=200 error=<nil>
replay 602/1267 graph-id-parameter-wrapped-contains-target-62-zero rows=0 error=<nil>
replay 603/1267 graph-id-parameter-wrapped-contains-target-62-targeted rows=1 error=<nil>
replay 604/1267 graph-id-parameter-wrapped-contains-target-62-dense rows=200 error=<nil>
replay 605/1267 graph-id-parameter-wrapped-contains-target-63-zero rows=0 error=<nil>
replay 606/1267 graph-id-parameter-wrapped-contains-target-63-targeted rows=1 error=<nil>
replay 607/1267 graph-id-parameter-wrapped-contains-target-63-dense rows=200 error=<nil>
replay 608/1267 request-selected-source-wrapped-contains-target-00-zero rows=0 error=<nil>
replay 609/1267 request-selected-source-wrapped-contains-target-00-targeted rows=10 error=<nil>
replay 610/1267 request-selected-source-wrapped-contains-target-00-dense rows=200 error=<nil>
replay 611/1267 request-selected-source-wrapped-contains-target-01-zero rows=0 error=<nil>
replay 612/1267 request-selected-source-wrapped-contains-target-01-targeted rows=1 error=<nil>
replay 613/1267 request-selected-source-wrapped-contains-target-01-dense rows=200 error=<nil>
replay 614/1267 request-selected-source-wrapped-contains-target-02-zero rows=0 error=<nil>
replay 615/1267 request-selected-source-wrapped-contains-target-02-targeted rows=9 error=<nil>
replay 616/1267 request-selected-source-wrapped-contains-target-02-dense rows=200 error=<nil>
replay 617/1267 request-selected-source-wrapped-contains-target-03-zero rows=0 error=<nil>
replay 618/1267 request-selected-source-wrapped-contains-target-03-targeted rows=2 error=<nil>
replay 619/1267 request-selected-source-wrapped-contains-target-03-dense rows=200 error=<nil>
replay 620/1267 request-selected-source-wrapped-contains-target-04-zero rows=0 error=<nil>
replay 621/1267 request-selected-source-wrapped-contains-target-04-targeted rows=9 error=<nil>
replay 622/1267 request-selected-source-wrapped-contains-target-04-dense rows=200 error=<nil>
replay 623/1267 request-selected-source-wrapped-contains-target-05-zero rows=0 error=<nil>
replay 624/1267 request-selected-source-wrapped-contains-target-05-targeted rows=9 error=<nil>
replay 625/1267 request-selected-source-wrapped-contains-target-05-dense rows=200 error=<nil>
replay 626/1267 request-selected-source-wrapped-contains-target-06-zero rows=0 error=<nil>
replay 627/1267 request-selected-source-wrapped-contains-target-06-targeted rows=1 error=<nil>
replay 628/1267 request-selected-source-wrapped-contains-target-06-dense rows=200 error=<nil>
replay 629/1267 request-selected-source-wrapped-contains-target-07-zero rows=0 error=<nil>
replay 630/1267 request-selected-source-wrapped-contains-target-07-targeted rows=1 error=<nil>
replay 631/1267 request-selected-source-wrapped-contains-target-07-dense rows=200 error=<nil>
replay 632/1267 request-selected-source-wrapped-contains-target-08-zero rows=0 error=<nil>
replay 633/1267 request-selected-source-wrapped-contains-target-08-targeted rows=2 error=<nil>
replay 634/1267 request-selected-source-wrapped-contains-target-08-dense rows=200 error=<nil>
replay 635/1267 request-selected-source-wrapped-contains-target-09-zero rows=0 error=<nil>
replay 636/1267 request-selected-source-wrapped-contains-target-09-targeted rows=1 error=<nil>
replay 637/1267 request-selected-source-wrapped-contains-target-09-dense rows=200 error=<nil>
replay 638/1267 request-selected-source-wrapped-contains-target-10-zero rows=0 error=<nil>
replay 639/1267 request-selected-source-wrapped-contains-target-10-targeted rows=1 error=<nil>
replay 640/1267 request-selected-source-wrapped-contains-target-10-dense rows=200 error=<nil>
replay 641/1267 request-selected-source-wrapped-contains-target-11-zero rows=0 error=<nil>
replay 642/1267 request-selected-source-wrapped-contains-target-11-targeted rows=1 error=<nil>
replay 643/1267 request-selected-source-wrapped-contains-target-11-dense rows=200 error=<nil>
replay 644/1267 request-selected-source-wrapped-contains-target-12-zero rows=0 error=<nil>
replay 645/1267 request-selected-source-wrapped-contains-target-12-targeted rows=2 error=<nil>
replay 646/1267 request-selected-source-wrapped-contains-target-12-dense rows=200 error=<nil>
replay 647/1267 request-selected-source-wrapped-contains-target-13-zero rows=0 error=<nil>
replay 648/1267 request-selected-source-wrapped-contains-target-13-targeted rows=5 error=<nil>
replay 649/1267 request-selected-source-wrapped-contains-target-13-dense rows=200 error=<nil>
replay 650/1267 request-selected-source-wrapped-contains-target-14-zero rows=0 error=<nil>
replay 651/1267 request-selected-source-wrapped-contains-target-14-targeted rows=3 error=<nil>
replay 652/1267 request-selected-source-wrapped-contains-target-14-dense rows=200 error=<nil>
replay 653/1267 request-selected-source-wrapped-contains-target-15-zero rows=0 error=<nil>
replay 654/1267 request-selected-source-wrapped-contains-target-15-targeted rows=1 error=<nil>
replay 655/1267 request-selected-source-wrapped-contains-target-15-dense rows=200 error=<nil>
replay 656/1267 request-selected-source-wrapped-contains-target-16-zero rows=0 error=<nil>
replay 657/1267 request-selected-source-wrapped-contains-target-16-targeted rows=1 error=<nil>
replay 658/1267 request-selected-source-wrapped-contains-target-16-dense rows=200 error=<nil>
replay 659/1267 request-selected-source-wrapped-contains-target-17-zero rows=0 error=<nil>
replay 660/1267 request-selected-source-wrapped-contains-target-17-targeted rows=5 error=<nil>
replay 661/1267 request-selected-source-wrapped-contains-target-17-dense rows=200 error=<nil>
replay 662/1267 request-selected-source-wrapped-contains-target-18-zero rows=0 error=<nil>
replay 663/1267 request-selected-source-wrapped-contains-target-18-targeted rows=12 error=<nil>
replay 664/1267 request-selected-source-wrapped-contains-target-18-dense rows=200 error=<nil>
replay 665/1267 request-selected-source-wrapped-contains-target-19-zero rows=0 error=<nil>
replay 666/1267 request-selected-source-wrapped-contains-target-19-targeted rows=11 error=<nil>
replay 667/1267 request-selected-source-wrapped-contains-target-19-dense rows=200 error=<nil>
replay 668/1267 request-selected-source-wrapped-contains-target-20-zero rows=0 error=<nil>
replay 669/1267 request-selected-source-wrapped-contains-target-20-targeted rows=1 error=<nil>
replay 670/1267 request-selected-source-wrapped-contains-target-20-dense rows=200 error=<nil>
replay 671/1267 request-selected-source-wrapped-contains-target-21-zero rows=0 error=<nil>
replay 672/1267 request-selected-source-wrapped-contains-target-21-targeted rows=1 error=<nil>
replay 673/1267 request-selected-source-wrapped-contains-target-21-dense rows=200 error=<nil>
replay 674/1267 request-selected-source-wrapped-contains-target-22-zero rows=0 error=<nil>
replay 675/1267 request-selected-source-wrapped-contains-target-22-targeted rows=11 error=<nil>
replay 676/1267 request-selected-source-wrapped-contains-target-22-dense rows=200 error=<nil>
replay 677/1267 request-selected-source-wrapped-contains-target-23-zero rows=0 error=<nil>
replay 678/1267 request-selected-source-wrapped-contains-target-23-targeted rows=11 error=<nil>
replay 679/1267 request-selected-source-wrapped-contains-target-23-dense rows=200 error=<nil>
replay 680/1267 request-selected-source-wrapped-contains-target-24-zero rows=0 error=<nil>
replay 681/1267 request-selected-source-wrapped-contains-target-24-targeted rows=1 error=<nil>
replay 682/1267 request-selected-source-wrapped-contains-target-24-dense rows=200 error=<nil>
replay 683/1267 request-selected-source-wrapped-contains-target-25-zero rows=0 error=<nil>
replay 684/1267 request-selected-source-wrapped-contains-target-25-targeted rows=17 error=<nil>
replay 685/1267 request-selected-source-wrapped-contains-target-25-dense rows=200 error=<nil>
replay 686/1267 request-selected-source-wrapped-contains-target-26-zero rows=0 error=<nil>
replay 687/1267 request-selected-source-wrapped-contains-target-26-targeted rows=1 error=<nil>
replay 688/1267 request-selected-source-wrapped-contains-target-26-dense rows=200 error=<nil>
replay 689/1267 request-selected-source-wrapped-contains-target-27-zero rows=0 error=<nil>
replay 690/1267 request-selected-source-wrapped-contains-target-27-targeted rows=14 error=<nil>
replay 691/1267 request-selected-source-wrapped-contains-target-27-dense rows=200 error=<nil>
replay 692/1267 request-selected-source-wrapped-contains-target-28-zero rows=0 error=<nil>
replay 693/1267 request-selected-source-wrapped-contains-target-28-targeted rows=12 error=<nil>
replay 694/1267 request-selected-source-wrapped-contains-target-28-dense rows=200 error=<nil>
replay 695/1267 request-selected-source-wrapped-contains-target-29-zero rows=0 error=<nil>
replay 696/1267 request-selected-source-wrapped-contains-target-29-targeted rows=1 error=<nil>
replay 697/1267 request-selected-source-wrapped-contains-target-29-dense rows=200 error=<nil>
replay 698/1267 request-selected-source-wrapped-contains-target-30-zero rows=0 error=<nil>
replay 699/1267 request-selected-source-wrapped-contains-target-30-targeted rows=10 error=<nil>
replay 700/1267 request-selected-source-wrapped-contains-target-30-dense rows=200 error=<nil>
replay 701/1267 request-selected-source-wrapped-contains-target-31-zero rows=0 error=<nil>
replay 702/1267 request-selected-source-wrapped-contains-target-31-targeted rows=1 error=<nil>
replay 703/1267 request-selected-source-wrapped-contains-target-31-dense rows=200 error=<nil>
replay 704/1267 request-selected-source-wrapped-contains-target-32-zero rows=0 error=<nil>
replay 705/1267 request-selected-source-wrapped-contains-target-32-targeted rows=4 error=<nil>
replay 706/1267 request-selected-source-wrapped-contains-target-32-dense rows=200 error=<nil>
replay 707/1267 request-selected-source-wrapped-contains-target-33-zero rows=0 error=<nil>
replay 708/1267 request-selected-source-wrapped-contains-target-33-targeted rows=4 error=<nil>
replay 709/1267 request-selected-source-wrapped-contains-target-33-dense rows=200 error=<nil>
replay 710/1267 request-selected-source-wrapped-contains-target-34-zero rows=0 error=<nil>
replay 711/1267 request-selected-source-wrapped-contains-target-34-targeted rows=4 error=<nil>
replay 712/1267 request-selected-source-wrapped-contains-target-34-dense rows=200 error=<nil>
replay 713/1267 request-selected-source-wrapped-contains-target-35-zero rows=0 error=<nil>
replay 714/1267 request-selected-source-wrapped-contains-target-35-targeted rows=1 error=<nil>
replay 715/1267 request-selected-source-wrapped-contains-target-35-dense rows=200 error=<nil>
replay 716/1267 request-selected-source-wrapped-contains-target-36-zero rows=0 error=<nil>
replay 717/1267 request-selected-source-wrapped-contains-target-36-targeted rows=1 error=<nil>
replay 718/1267 request-selected-source-wrapped-contains-target-36-dense rows=200 error=<nil>
replay 719/1267 request-selected-source-wrapped-contains-target-37-zero rows=0 error=<nil>
replay 720/1267 request-selected-source-wrapped-contains-target-37-targeted rows=51 error=<nil>
replay 721/1267 request-selected-source-wrapped-contains-target-37-dense rows=200 error=<nil>
replay 722/1267 request-selected-source-wrapped-contains-target-38-zero rows=0 error=<nil>
replay 723/1267 request-selected-source-wrapped-contains-target-38-targeted rows=1 error=<nil>
replay 724/1267 request-selected-source-wrapped-contains-target-38-dense rows=200 error=<nil>
replay 725/1267 request-selected-source-wrapped-contains-target-39-zero rows=0 error=<nil>
replay 726/1267 request-selected-source-wrapped-contains-target-39-targeted rows=4 error=<nil>
replay 727/1267 request-selected-source-wrapped-contains-target-39-dense rows=200 error=<nil>
replay 728/1267 request-selected-source-wrapped-contains-target-40-zero rows=0 error=<nil>
replay 729/1267 request-selected-source-wrapped-contains-target-40-targeted rows=4 error=<nil>
replay 730/1267 request-selected-source-wrapped-contains-target-40-dense rows=200 error=<nil>
replay 731/1267 request-selected-source-wrapped-contains-target-41-zero rows=0 error=<nil>
replay 732/1267 request-selected-source-wrapped-contains-target-41-targeted rows=4 error=<nil>
replay 733/1267 request-selected-source-wrapped-contains-target-41-dense rows=200 error=<nil>
replay 734/1267 request-selected-source-wrapped-contains-target-42-zero rows=0 error=<nil>
replay 735/1267 request-selected-source-wrapped-contains-target-42-targeted rows=63 error=<nil>
replay 736/1267 request-selected-source-wrapped-contains-target-42-dense rows=200 error=<nil>
replay 737/1267 request-selected-source-wrapped-contains-target-43-zero rows=0 error=<nil>
replay 738/1267 request-selected-source-wrapped-contains-target-43-targeted rows=4 error=<nil>
replay 739/1267 request-selected-source-wrapped-contains-target-43-dense rows=200 error=<nil>
replay 740/1267 request-selected-source-wrapped-contains-target-44-zero rows=0 error=<nil>
replay 741/1267 request-selected-source-wrapped-contains-target-44-targeted rows=4 error=<nil>
replay 742/1267 request-selected-source-wrapped-contains-target-44-dense rows=200 error=<nil>
replay 743/1267 request-selected-source-wrapped-contains-target-45-zero rows=0 error=<nil>
replay 744/1267 request-selected-source-wrapped-contains-target-45-targeted rows=1 error=<nil>
replay 745/1267 request-selected-source-wrapped-contains-target-45-dense rows=200 error=<nil>
replay 746/1267 request-selected-source-wrapped-contains-target-46-zero rows=0 error=<nil>
replay 747/1267 request-selected-source-wrapped-contains-target-46-targeted rows=45 error=<nil>
replay 748/1267 request-selected-source-wrapped-contains-target-46-dense rows=200 error=<nil>
replay 749/1267 request-selected-source-wrapped-contains-target-47-zero rows=0 error=<nil>
replay 750/1267 request-selected-source-wrapped-contains-target-47-targeted rows=66 error=<nil>
replay 751/1267 request-selected-source-wrapped-contains-target-47-dense rows=200 error=<nil>
replay 752/1267 request-selected-source-wrapped-contains-target-48-zero rows=0 error=<nil>
replay 753/1267 request-selected-source-wrapped-contains-target-48-targeted rows=10 error=<nil>
replay 754/1267 request-selected-source-wrapped-contains-target-48-dense rows=200 error=<nil>
replay 755/1267 request-selected-source-wrapped-contains-target-49-zero rows=0 error=<nil>
replay 756/1267 request-selected-source-wrapped-contains-target-49-targeted rows=4 error=<nil>
replay 757/1267 request-selected-source-wrapped-contains-target-49-dense rows=200 error=<nil>
replay 758/1267 request-selected-source-wrapped-contains-target-50-zero rows=0 error=<nil>
replay 759/1267 request-selected-source-wrapped-contains-target-50-targeted rows=1 error=<nil>
replay 760/1267 request-selected-source-wrapped-contains-target-50-dense rows=200 error=<nil>
replay 761/1267 request-selected-source-wrapped-contains-target-51-zero rows=0 error=<nil>
replay 762/1267 request-selected-source-wrapped-contains-target-51-targeted rows=1 error=<nil>
replay 763/1267 request-selected-source-wrapped-contains-target-51-dense rows=200 error=<nil>
replay 764/1267 request-selected-source-wrapped-contains-target-52-zero rows=0 error=<nil>
replay 765/1267 request-selected-source-wrapped-contains-target-52-targeted rows=1 error=<nil>
replay 766/1267 request-selected-source-wrapped-contains-target-52-dense rows=200 error=<nil>
replay 767/1267 request-selected-source-wrapped-contains-target-53-zero rows=0 error=<nil>
replay 768/1267 request-selected-source-wrapped-contains-target-53-targeted rows=6 error=<nil>
replay 769/1267 request-selected-source-wrapped-contains-target-53-dense rows=200 error=<nil>
replay 770/1267 request-selected-source-wrapped-contains-target-54-zero rows=0 error=<nil>
replay 771/1267 request-selected-source-wrapped-contains-target-54-targeted rows=3 error=<nil>
replay 772/1267 request-selected-source-wrapped-contains-target-54-dense rows=200 error=<nil>
replay 773/1267 request-selected-source-wrapped-contains-target-55-zero rows=0 error=<nil>
replay 774/1267 request-selected-source-wrapped-contains-target-55-targeted rows=10 error=<nil>
replay 775/1267 request-selected-source-wrapped-contains-target-55-dense rows=200 error=<nil>
replay 776/1267 request-selected-source-wrapped-contains-target-56-zero rows=0 error=<nil>
replay 777/1267 request-selected-source-wrapped-contains-target-56-targeted rows=1 error=<nil>
replay 778/1267 request-selected-source-wrapped-contains-target-56-dense rows=200 error=<nil>
replay 779/1267 request-selected-source-wrapped-contains-target-57-zero rows=0 error=<nil>
replay 780/1267 request-selected-source-wrapped-contains-target-57-targeted rows=1 error=<nil>
replay 781/1267 request-selected-source-wrapped-contains-target-57-dense rows=200 error=<nil>
replay 782/1267 request-selected-source-wrapped-contains-target-58-zero rows=0 error=<nil>
replay 783/1267 request-selected-source-wrapped-contains-target-58-targeted rows=12 error=<nil>
replay 784/1267 request-selected-source-wrapped-contains-target-58-dense rows=200 error=<nil>
replay 785/1267 request-selected-source-wrapped-contains-target-59-zero rows=0 error=<nil>
replay 786/1267 request-selected-source-wrapped-contains-target-59-targeted rows=11 error=<nil>
replay 787/1267 request-selected-source-wrapped-contains-target-59-dense rows=200 error=<nil>
replay 788/1267 request-selected-source-wrapped-contains-target-60-zero rows=0 error=<nil>
replay 789/1267 request-selected-source-wrapped-contains-target-60-targeted rows=13 error=<nil>
replay 790/1267 request-selected-source-wrapped-contains-target-60-dense rows=200 error=<nil>
replay 791/1267 request-selected-source-wrapped-contains-target-61-zero rows=0 error=<nil>
replay 792/1267 request-selected-source-wrapped-contains-target-61-targeted rows=8 error=<nil>
replay 793/1267 request-selected-source-wrapped-contains-target-61-dense rows=200 error=<nil>
replay 794/1267 request-selected-source-wrapped-contains-target-62-zero rows=0 error=<nil>
replay 795/1267 request-selected-source-wrapped-contains-target-62-targeted rows=1 error=<nil>
replay 796/1267 request-selected-source-wrapped-contains-target-62-dense rows=200 error=<nil>
replay 797/1267 request-selected-source-wrapped-contains-target-63-zero rows=0 error=<nil>
replay 798/1267 request-selected-source-wrapped-contains-target-63-targeted rows=1 error=<nil>
replay 799/1267 request-selected-source-wrapped-contains-target-63-dense rows=200 error=<nil>
replay 800/1267 contains-and-zero rows=0 error=<nil>
replay 801/1267 contains-and-targeted rows=100 error=<nil>
replay 802/1267 contains-and-dense rows=100 error=<nil>
replay 803/1267 contains-and-or-zero rows=0 error=<nil>
replay 804/1267 contains-and-or-targeted rows=13 error=<nil>
replay 805/1267 contains-and-or-dense rows=0 error=<nil>
replay 806/1267 pair-and-pair-zero rows=0 error=<nil>
replay 807/1267 pair-and-pair-targeted rows=0 error=<nil>
replay 808/1267 pair-and-pair-dense rows=100 error=<nil>
replay 809/1267 exact-or-zero rows=0 error=<nil>
replay 810/1267 exact-or-targeted rows=160 error=<nil>
replay 811/1267 exact-or-dense rows=160 error=<nil>
replay 812/1267 exact-and-contains-zero rows=0 error=<nil>
replay 813/1267 exact-and-contains-targeted rows=0 error=<nil>
replay 814/1267 exact-and-contains-dense rows=0 error=<nil>
replay 815/1267 exact-or-node-zero rows=0 error=<nil>
replay 816/1267 exact-or-node-targeted rows=20 error=<nil>
replay 817/1267 exact-or-node-dense rows=20 error=<nil>
replay 818/1267 four-or-keys-zero rows=0 error=<nil>
replay 819/1267 four-or-keys-targeted rows=5 error=<nil>
replay 820/1267 four-or-keys-dense rows=5 error=<nil>
replay 821/1267 four-or-graph-id-zero rows=0 error=<nil>
replay 822/1267 four-or-graph-id-targeted rows=0 error=IllegalStateException
replay 823/1267 four-or-graph-id-dense rows=200 error=<nil>
replay 824/1267 single-distinct-zero rows=0 error=<nil>
replay 825/1267 single-distinct-targeted rows=100 error=<nil>
replay 826/1267 single-distinct-dense rows=100 error=<nil>
replay 827/1267 ordered-projection-zero rows=0 error=<nil>
replay 828/1267 ordered-projection-targeted rows=100 error=<nil>
replay 829/1267 ordered-projection-dense rows=100 error=<nil>
replay 830/1267 ordered-skip-zero rows=0 error=<nil>
replay 831/1267 ordered-skip-targeted rows=200 error=<nil>
replay 832/1267 ordered-skip-dense rows=200 error=<nil>
replay 833/1267 distinct-skip-zero rows=0 error=<nil>
replay 834/1267 distinct-skip-targeted rows=200 error=<nil>
replay 835/1267 distinct-skip-dense rows=200 error=<nil>
replay 836/1267 large-limit-zero rows=0 error=<nil>
replay 837/1267 large-limit-targeted rows=5000 error=<nil>
replay 838/1267 large-limit-dense rows=5000 error=<nil>
replay 839/1267 filtered-count-zero rows=1 error=<nil>
replay 840/1267 filtered-count-targeted rows=1 error=<nil>
replay 841/1267 filtered-count-dense rows=1 error=<nil>
replay 842/1267 filtered-distinct-count-zero rows=1 error=<nil>
replay 843/1267 filtered-distinct-count-targeted rows=1 error=<nil>
replay 844/1267 filtered-distinct-count-dense rows=1 error=<nil>
replay 845/1267 parameterized-four-or-zero rows=0 error=<nil>
replay 846/1267 parameterized-four-or-targeted rows=200 error=<nil>
replay 847/1267 parameterized-four-or-dense rows=200 error=<nil>
replay 848/1267 global-wide-four-properties-zero rows=0 error=<nil>
replay 849/1267 global-wide-four-properties-targeted rows=11 error=<nil>
replay 850/1267 global-wide-four-properties-dense rows=200 error=<nil>
replay 851/1267 global-wide-class-pair-zero rows=0 error=<nil>
replay 852/1267 global-wide-class-pair-targeted rows=1 error=<nil>
replay 853/1267 global-wide-class-pair-dense rows=200 error=<nil>
replay 854/1267 global-wide-name-pair-zero rows=0 error=<nil>
replay 855/1267 global-wide-name-pair-targeted rows=4 error=<nil>
replay 856/1267 global-wide-name-pair-dense rows=200 error=<nil>
replay 857/1267 global-wide-caller-class-zero rows=0 error=<nil>
replay 858/1267 global-wide-caller-class-targeted rows=2 error=<nil>
replay 859/1267 global-wide-caller-class-dense rows=200 error=<nil>
replay 860/1267 global-wide-callee-class-zero rows=0 error=<nil>
replay 861/1267 global-wide-callee-class-targeted rows=13 error=<nil>
replay 862/1267 global-wide-callee-class-dense rows=200 error=<nil>
replay 863/1267 global-wide-provenance-zero rows=0 error=<nil>
replay 864/1267 global-wide-provenance-targeted rows=5 error=<nil>
replay 865/1267 global-wide-provenance-dense rows=200 error=<nil>
replay 866/1267 global-wide-aliased-zero rows=0 error=<nil>
replay 867/1267 global-wide-aliased-targeted rows=68 error=<nil>
replay 868/1267 global-wide-aliased-dense rows=200 error=<nil>
replay 869/1267 global-wide-parameterized-zero rows=0 error=<nil>
replay 870/1267 global-wide-parameterized-targeted rows=4 error=<nil>
replay 871/1267 global-wide-parameterized-dense rows=200 error=<nil>
replay 872/1267 global-wide-wrapped-case-insensitive-zero rows=0 error=<nil>
replay 873/1267 global-wide-wrapped-case-insensitive-targeted rows=5 error=<nil>
replay 874/1267 global-wide-wrapped-case-insensitive-dense rows=200 error=<nil>
replay 875/1267 global-wide-wrapped-case-insensitive-distinct-zero rows=0 error=<nil>
replay 876/1267 global-wide-wrapped-case-insensitive-distinct-targeted rows=12 error=<nil>
replay 877/1267 global-wide-wrapped-case-insensitive-distinct-dense rows=200 error=<nil>
replay 878/1267 exact-name-in-zero rows=0 error=<nil>
replay 879/1267 exact-name-in-targeted rows=200 error=<nil>
replay 880/1267 exact-name-in-dense rows=200 error=<nil>
replay 881/1267 positive-and-not-zero rows=0 error=<nil>
replay 882/1267 positive-and-not-targeted rows=200 error=<nil>
replay 883/1267 positive-and-not-dense rows=200 error=<nil>
replay 884/1267 global-six-or-zero rows=0 error=<nil>
replay 885/1267 global-six-or-targeted rows=200 error=<nil>
replay 886/1267 global-six-or-dense rows=200 error=<nil>
replay 887/1267 global-six-or-wrapped-zero rows=0 error=<nil>
replay 888/1267 global-six-or-wrapped-targeted rows=200 error=<nil>
replay 889/1267 global-six-or-wrapped-dense rows=200 error=<nil>
replay 890/1267 exists-guarded-contains-zero rows=0 error=<nil>
replay 891/1267 exists-guarded-contains-targeted rows=200 error=<nil>
replay 892/1267 exists-guarded-contains-dense rows=200 error=<nil>
replay 893/1267 regex-or-zero rows=0 error=<nil>
replay 894/1267 regex-or-targeted rows=100 error=<nil>
replay 895/1267 regex-or-dense rows=100 error=<nil>
replay 896/1267 global-wide-distribution-broad-all-64 rows=200 error=<nil>
replay 897/1267 global-wide-distribution-localized-early rows=200 error=<nil>
replay 898/1267 global-wide-distribution-localized-late rows=200 error=<nil>
replay 899/1267 global-wide-distribution-localized-middle rows=200 error=<nil>
replay 900/1267 graph-id-in-literal-wrapped-contains-k02-group-00-zero rows=0 error=<nil>
replay 901/1267 graph-id-in-parameter-wrapped-contains-k02-group-00-zero rows=0 error=<nil>
replay 902/1267 request-selected-set-wrapped-contains-k02-group-00-zero rows=0 error=<nil>
replay 903/1267 graph-id-in-literal-wrapped-contains-k02-group-00-targeted rows=10 error=<nil>
replay 904/1267 graph-id-in-parameter-wrapped-contains-k02-group-00-targeted rows=10 error=<nil>
replay 905/1267 request-selected-set-wrapped-contains-k02-group-00-targeted rows=10 error=<nil>
replay 906/1267 graph-id-in-literal-wrapped-contains-k02-group-00-dense rows=200 error=<nil>
replay 907/1267 graph-id-in-parameter-wrapped-contains-k02-group-00-dense rows=200 error=<nil>
replay 908/1267 request-selected-set-wrapped-contains-k02-group-00-dense rows=200 error=<nil>
replay 909/1267 graph-id-in-literal-wrapped-contains-k02-group-01-zero rows=0 error=<nil>
replay 910/1267 graph-id-in-parameter-wrapped-contains-k02-group-01-zero rows=0 error=<nil>
replay 911/1267 request-selected-set-wrapped-contains-k02-group-01-zero rows=0 error=<nil>
replay 912/1267 graph-id-in-literal-wrapped-contains-k02-group-01-targeted rows=9 error=<nil>
replay 913/1267 graph-id-in-parameter-wrapped-contains-k02-group-01-targeted rows=9 error=<nil>
replay 914/1267 request-selected-set-wrapped-contains-k02-group-01-targeted rows=9 error=<nil>
replay 915/1267 graph-id-in-literal-wrapped-contains-k02-group-01-dense rows=200 error=<nil>
replay 916/1267 graph-id-in-parameter-wrapped-contains-k02-group-01-dense rows=200 error=<nil>
replay 917/1267 request-selected-set-wrapped-contains-k02-group-01-dense rows=200 error=<nil>
replay 918/1267 graph-id-in-literal-wrapped-contains-k02-group-02-zero rows=0 error=<nil>
replay 919/1267 graph-id-in-parameter-wrapped-contains-k02-group-02-zero rows=0 error=<nil>
replay 920/1267 request-selected-set-wrapped-contains-k02-group-02-zero rows=0 error=<nil>
replay 921/1267 graph-id-in-literal-wrapped-contains-k02-group-02-targeted rows=9 error=<nil>
replay 922/1267 graph-id-in-parameter-wrapped-contains-k02-group-02-targeted rows=9 error=<nil>
replay 923/1267 request-selected-set-wrapped-contains-k02-group-02-targeted rows=9 error=<nil>
replay 924/1267 graph-id-in-literal-wrapped-contains-k02-group-02-dense rows=200 error=<nil>
replay 925/1267 graph-id-in-parameter-wrapped-contains-k02-group-02-dense rows=200 error=<nil>
replay 926/1267 request-selected-set-wrapped-contains-k02-group-02-dense rows=200 error=<nil>
replay 927/1267 graph-id-in-literal-wrapped-contains-k02-group-03-zero rows=0 error=<nil>
replay 928/1267 graph-id-in-parameter-wrapped-contains-k02-group-03-zero rows=0 error=<nil>
replay 929/1267 request-selected-set-wrapped-contains-k02-group-03-zero rows=0 error=<nil>
replay 930/1267 graph-id-in-literal-wrapped-contains-k02-group-03-targeted rows=1 error=<nil>
replay 931/1267 graph-id-in-parameter-wrapped-contains-k02-group-03-targeted rows=1 error=<nil>
replay 932/1267 request-selected-set-wrapped-contains-k02-group-03-targeted rows=1 error=<nil>
replay 933/1267 graph-id-in-literal-wrapped-contains-k02-group-03-dense rows=200 error=<nil>
replay 934/1267 graph-id-in-parameter-wrapped-contains-k02-group-03-dense rows=200 error=<nil>
replay 935/1267 request-selected-set-wrapped-contains-k02-group-03-dense rows=200 error=<nil>
replay 936/1267 graph-id-in-literal-wrapped-contains-k02-group-04-zero rows=0 error=<nil>
replay 937/1267 graph-id-in-parameter-wrapped-contains-k02-group-04-zero rows=0 error=<nil>
replay 938/1267 request-selected-set-wrapped-contains-k02-group-04-zero rows=0 error=<nil>
replay 939/1267 graph-id-in-literal-wrapped-contains-k02-group-04-targeted rows=2 error=<nil>
replay 940/1267 graph-id-in-parameter-wrapped-contains-k02-group-04-targeted rows=2 error=<nil>
replay 941/1267 request-selected-set-wrapped-contains-k02-group-04-targeted rows=2 error=<nil>
replay 942/1267 graph-id-in-literal-wrapped-contains-k02-group-04-dense rows=200 error=<nil>
replay 943/1267 graph-id-in-parameter-wrapped-contains-k02-group-04-dense rows=200 error=<nil>
replay 944/1267 request-selected-set-wrapped-contains-k02-group-04-dense rows=200 error=<nil>
replay 945/1267 graph-id-in-literal-wrapped-contains-k02-group-05-zero rows=0 error=<nil>
replay 946/1267 graph-id-in-parameter-wrapped-contains-k02-group-05-zero rows=0 error=<nil>
replay 947/1267 request-selected-set-wrapped-contains-k02-group-05-zero rows=0 error=<nil>
replay 948/1267 graph-id-in-literal-wrapped-contains-k02-group-05-targeted rows=1 error=<nil>
replay 949/1267 graph-id-in-parameter-wrapped-contains-k02-group-05-targeted rows=1 error=<nil>
replay 950/1267 request-selected-set-wrapped-contains-k02-group-05-targeted rows=1 error=<nil>
replay 951/1267 graph-id-in-literal-wrapped-contains-k02-group-05-dense rows=200 error=<nil>
replay 952/1267 graph-id-in-parameter-wrapped-contains-k02-group-05-dense rows=200 error=<nil>
replay 953/1267 request-selected-set-wrapped-contains-k02-group-05-dense rows=200 error=<nil>
replay 954/1267 graph-id-in-literal-wrapped-contains-k02-group-06-zero rows=0 error=<nil>
replay 955/1267 graph-id-in-parameter-wrapped-contains-k02-group-06-zero rows=0 error=<nil>
replay 956/1267 request-selected-set-wrapped-contains-k02-group-06-zero rows=0 error=<nil>
replay 957/1267 graph-id-in-literal-wrapped-contains-k02-group-06-targeted rows=2 error=<nil>
replay 958/1267 graph-id-in-parameter-wrapped-contains-k02-group-06-targeted rows=2 error=<nil>
replay 959/1267 request-selected-set-wrapped-contains-k02-group-06-targeted rows=2 error=<nil>
replay 960/1267 graph-id-in-literal-wrapped-contains-k02-group-06-dense rows=200 error=<nil>
replay 961/1267 graph-id-in-parameter-wrapped-contains-k02-group-06-dense rows=200 error=<nil>
replay 962/1267 request-selected-set-wrapped-contains-k02-group-06-dense rows=200 error=<nil>
replay 963/1267 graph-id-in-literal-wrapped-contains-k02-group-07-zero rows=0 error=<nil>
replay 964/1267 graph-id-in-parameter-wrapped-contains-k02-group-07-zero rows=0 error=<nil>
replay 965/1267 request-selected-set-wrapped-contains-k02-group-07-zero rows=0 error=<nil>
replay 966/1267 graph-id-in-literal-wrapped-contains-k02-group-07-targeted rows=3 error=<nil>
replay 967/1267 graph-id-in-parameter-wrapped-contains-k02-group-07-targeted rows=3 error=<nil>
replay 968/1267 request-selected-set-wrapped-contains-k02-group-07-targeted rows=3 error=<nil>
replay 969/1267 graph-id-in-literal-wrapped-contains-k02-group-07-dense rows=200 error=<nil>
replay 970/1267 graph-id-in-parameter-wrapped-contains-k02-group-07-dense rows=200 error=<nil>
replay 971/1267 request-selected-set-wrapped-contains-k02-group-07-dense rows=200 error=<nil>
replay 972/1267 graph-id-in-literal-wrapped-contains-k02-group-08-zero rows=0 error=<nil>
replay 973/1267 graph-id-in-parameter-wrapped-contains-k02-group-08-zero rows=0 error=<nil>
replay 974/1267 request-selected-set-wrapped-contains-k02-group-08-zero rows=0 error=<nil>
replay 975/1267 graph-id-in-literal-wrapped-contains-k02-group-08-targeted rows=1 error=<nil>
replay 976/1267 graph-id-in-parameter-wrapped-contains-k02-group-08-targeted rows=1 error=<nil>
replay 977/1267 request-selected-set-wrapped-contains-k02-group-08-targeted rows=1 error=<nil>
replay 978/1267 graph-id-in-literal-wrapped-contains-k02-group-08-dense rows=200 error=<nil>
replay 979/1267 graph-id-in-parameter-wrapped-contains-k02-group-08-dense rows=200 error=<nil>
replay 980/1267 request-selected-set-wrapped-contains-k02-group-08-dense rows=200 error=<nil>
replay 981/1267 graph-id-in-literal-wrapped-contains-k02-group-09-zero rows=0 error=<nil>
replay 982/1267 graph-id-in-parameter-wrapped-contains-k02-group-09-zero rows=0 error=<nil>
replay 983/1267 request-selected-set-wrapped-contains-k02-group-09-zero rows=0 error=<nil>
replay 984/1267 graph-id-in-literal-wrapped-contains-k02-group-09-targeted rows=12 error=<nil>
replay 985/1267 graph-id-in-parameter-wrapped-contains-k02-group-09-targeted rows=12 error=<nil>
replay 986/1267 request-selected-set-wrapped-contains-k02-group-09-targeted rows=12 error=<nil>
replay 987/1267 graph-id-in-literal-wrapped-contains-k02-group-09-dense rows=200 error=<nil>
replay 988/1267 graph-id-in-parameter-wrapped-contains-k02-group-09-dense rows=200 error=<nil>
replay 989/1267 request-selected-set-wrapped-contains-k02-group-09-dense rows=200 error=<nil>
replay 990/1267 graph-id-in-literal-wrapped-contains-k02-group-10-zero rows=0 error=<nil>
replay 991/1267 graph-id-in-parameter-wrapped-contains-k02-group-10-zero rows=0 error=<nil>
replay 992/1267 request-selected-set-wrapped-contains-k02-group-10-zero rows=0 error=<nil>
replay 993/1267 graph-id-in-literal-wrapped-contains-k02-group-10-targeted rows=1 error=<nil>
replay 994/1267 graph-id-in-parameter-wrapped-contains-k02-group-10-targeted rows=1 error=<nil>
replay 995/1267 request-selected-set-wrapped-contains-k02-group-10-targeted rows=1 error=<nil>
replay 996/1267 graph-id-in-literal-wrapped-contains-k02-group-10-dense rows=200 error=<nil>
replay 997/1267 graph-id-in-parameter-wrapped-contains-k02-group-10-dense rows=200 error=<nil>
replay 998/1267 request-selected-set-wrapped-contains-k02-group-10-dense rows=200 error=<nil>
replay 999/1267 graph-id-in-literal-wrapped-contains-k02-group-11-zero rows=0 error=<nil>
replay 1000/1267 graph-id-in-parameter-wrapped-contains-k02-group-11-zero rows=0 error=<nil>
replay 1001/1267 request-selected-set-wrapped-contains-k02-group-11-zero rows=0 error=<nil>
replay 1002/1267 graph-id-in-literal-wrapped-contains-k02-group-11-targeted rows=11 error=<nil>
replay 1003/1267 graph-id-in-parameter-wrapped-contains-k02-group-11-targeted rows=11 error=<nil>
replay 1004/1267 request-selected-set-wrapped-contains-k02-group-11-targeted rows=11 error=<nil>
replay 1005/1267 graph-id-in-literal-wrapped-contains-k02-group-11-dense rows=200 error=<nil>
replay 1006/1267 graph-id-in-parameter-wrapped-contains-k02-group-11-dense rows=200 error=<nil>
replay 1007/1267 request-selected-set-wrapped-contains-k02-group-11-dense rows=200 error=<nil>
replay 1008/1267 graph-id-in-literal-wrapped-contains-k02-group-12-zero rows=0 error=<nil>
replay 1009/1267 graph-id-in-parameter-wrapped-contains-k02-group-12-zero rows=0 error=<nil>
replay 1010/1267 request-selected-set-wrapped-contains-k02-group-12-zero rows=0 error=<nil>
replay 1011/1267 graph-id-in-literal-wrapped-contains-k02-group-12-targeted rows=1 error=<nil>
replay 1012/1267 graph-id-in-parameter-wrapped-contains-k02-group-12-targeted rows=1 error=<nil>
replay 1013/1267 request-selected-set-wrapped-contains-k02-group-12-targeted rows=1 error=<nil>
replay 1014/1267 graph-id-in-literal-wrapped-contains-k02-group-12-dense rows=200 error=<nil>
replay 1015/1267 graph-id-in-parameter-wrapped-contains-k02-group-12-dense rows=200 error=<nil>
replay 1016/1267 request-selected-set-wrapped-contains-k02-group-12-dense rows=200 error=<nil>
replay 1017/1267 graph-id-in-literal-wrapped-contains-k02-group-13-zero rows=0 error=<nil>
replay 1018/1267 graph-id-in-parameter-wrapped-contains-k02-group-13-zero rows=0 error=<nil>
replay 1019/1267 request-selected-set-wrapped-contains-k02-group-13-zero rows=0 error=<nil>
replay 1020/1267 graph-id-in-literal-wrapped-contains-k02-group-13-targeted rows=1 error=<nil>
replay 1021/1267 graph-id-in-parameter-wrapped-contains-k02-group-13-targeted rows=1 error=<nil>
replay 1022/1267 request-selected-set-wrapped-contains-k02-group-13-targeted rows=1 error=<nil>
replay 1023/1267 graph-id-in-literal-wrapped-contains-k02-group-13-dense rows=200 error=<nil>
replay 1024/1267 graph-id-in-parameter-wrapped-contains-k02-group-13-dense rows=200 error=<nil>
replay 1025/1267 request-selected-set-wrapped-contains-k02-group-13-dense rows=200 error=<nil>
replay 1026/1267 graph-id-in-literal-wrapped-contains-k02-group-14-zero rows=0 error=<nil>
replay 1027/1267 graph-id-in-parameter-wrapped-contains-k02-group-14-zero rows=0 error=<nil>
replay 1028/1267 request-selected-set-wrapped-contains-k02-group-14-zero rows=0 error=<nil>
replay 1029/1267 graph-id-in-literal-wrapped-contains-k02-group-14-targeted rows=12 error=<nil>
replay 1030/1267 graph-id-in-parameter-wrapped-contains-k02-group-14-targeted rows=12 error=<nil>
replay 1031/1267 request-selected-set-wrapped-contains-k02-group-14-targeted rows=12 error=<nil>
replay 1032/1267 graph-id-in-literal-wrapped-contains-k02-group-14-dense rows=200 error=<nil>
replay 1033/1267 graph-id-in-parameter-wrapped-contains-k02-group-14-dense rows=200 error=<nil>
replay 1034/1267 request-selected-set-wrapped-contains-k02-group-14-dense rows=200 error=<nil>
replay 1035/1267 graph-id-in-literal-wrapped-contains-k02-group-15-zero rows=0 error=<nil>
replay 1036/1267 graph-id-in-parameter-wrapped-contains-k02-group-15-zero rows=0 error=<nil>
replay 1037/1267 request-selected-set-wrapped-contains-k02-group-15-zero rows=0 error=<nil>
replay 1038/1267 graph-id-in-literal-wrapped-contains-k02-group-15-targeted rows=10 error=<nil>
replay 1039/1267 graph-id-in-parameter-wrapped-contains-k02-group-15-targeted rows=10 error=<nil>
replay 1040/1267 request-selected-set-wrapped-contains-k02-group-15-targeted rows=10 error=<nil>
replay 1041/1267 graph-id-in-literal-wrapped-contains-k02-group-15-dense rows=200 error=<nil>
replay 1042/1267 graph-id-in-parameter-wrapped-contains-k02-group-15-dense rows=200 error=<nil>
replay 1043/1267 request-selected-set-wrapped-contains-k02-group-15-dense rows=200 error=<nil>
replay 1044/1267 graph-id-in-literal-wrapped-contains-k02-group-16-zero rows=0 error=<nil>
replay 1045/1267 graph-id-in-parameter-wrapped-contains-k02-group-16-zero rows=0 error=<nil>
replay 1046/1267 request-selected-set-wrapped-contains-k02-group-16-zero rows=0 error=<nil>
replay 1047/1267 graph-id-in-literal-wrapped-contains-k02-group-16-targeted rows=4 error=<nil>
replay 1048/1267 graph-id-in-parameter-wrapped-contains-k02-group-16-targeted rows=4 error=<nil>
replay 1049/1267 request-selected-set-wrapped-contains-k02-group-16-targeted rows=4 error=<nil>
replay 1050/1267 graph-id-in-literal-wrapped-contains-k02-group-16-dense rows=200 error=<nil>
replay 1051/1267 graph-id-in-parameter-wrapped-contains-k02-group-16-dense rows=200 error=<nil>
replay 1052/1267 request-selected-set-wrapped-contains-k02-group-16-dense rows=200 error=<nil>
replay 1053/1267 graph-id-in-literal-wrapped-contains-k02-group-17-zero rows=0 error=<nil>
replay 1054/1267 graph-id-in-parameter-wrapped-contains-k02-group-17-zero rows=0 error=<nil>
replay 1055/1267 request-selected-set-wrapped-contains-k02-group-17-zero rows=0 error=<nil>
replay 1056/1267 graph-id-in-literal-wrapped-contains-k02-group-17-targeted rows=4 error=<nil>
replay 1057/1267 graph-id-in-parameter-wrapped-contains-k02-group-17-targeted rows=4 error=<nil>
replay 1058/1267 request-selected-set-wrapped-contains-k02-group-17-targeted rows=4 error=<nil>
replay 1059/1267 graph-id-in-literal-wrapped-contains-k02-group-17-dense rows=200 error=<nil>
replay 1060/1267 graph-id-in-parameter-wrapped-contains-k02-group-17-dense rows=200 error=<nil>
replay 1061/1267 request-selected-set-wrapped-contains-k02-group-17-dense rows=200 error=<nil>
replay 1062/1267 graph-id-in-literal-wrapped-contains-k02-group-18-zero rows=0 error=<nil>
replay 1063/1267 graph-id-in-parameter-wrapped-contains-k02-group-18-zero rows=0 error=<nil>
replay 1064/1267 request-selected-set-wrapped-contains-k02-group-18-zero rows=0 error=<nil>
replay 1065/1267 graph-id-in-literal-wrapped-contains-k02-group-18-targeted rows=1 error=<nil>
replay 1066/1267 graph-id-in-parameter-wrapped-contains-k02-group-18-targeted rows=1 error=<nil>
replay 1067/1267 request-selected-set-wrapped-contains-k02-group-18-targeted rows=1 error=<nil>
replay 1068/1267 graph-id-in-literal-wrapped-contains-k02-group-18-dense rows=200 error=<nil>
replay 1069/1267 graph-id-in-parameter-wrapped-contains-k02-group-18-dense rows=200 error=<nil>
replay 1070/1267 request-selected-set-wrapped-contains-k02-group-18-dense rows=200 error=<nil>
replay 1071/1267 graph-id-in-literal-wrapped-contains-k02-group-19-zero rows=0 error=<nil>
replay 1072/1267 graph-id-in-parameter-wrapped-contains-k02-group-19-zero rows=0 error=<nil>
replay 1073/1267 request-selected-set-wrapped-contains-k02-group-19-zero rows=0 error=<nil>
replay 1074/1267 graph-id-in-literal-wrapped-contains-k02-group-19-targeted rows=1 error=<nil>
replay 1075/1267 graph-id-in-parameter-wrapped-contains-k02-group-19-targeted rows=1 error=<nil>
replay 1076/1267 request-selected-set-wrapped-contains-k02-group-19-targeted rows=1 error=<nil>
replay 1077/1267 graph-id-in-literal-wrapped-contains-k02-group-19-dense rows=200 error=<nil>
replay 1078/1267 graph-id-in-parameter-wrapped-contains-k02-group-19-dense rows=200 error=<nil>
replay 1079/1267 request-selected-set-wrapped-contains-k02-group-19-dense rows=200 error=<nil>
replay 1080/1267 graph-id-in-literal-wrapped-contains-k02-group-20-zero rows=0 error=<nil>
replay 1081/1267 graph-id-in-parameter-wrapped-contains-k02-group-20-zero rows=0 error=<nil>
replay 1082/1267 request-selected-set-wrapped-contains-k02-group-20-zero rows=0 error=<nil>
replay 1083/1267 graph-id-in-literal-wrapped-contains-k02-group-20-targeted rows=4 error=<nil>
replay 1084/1267 graph-id-in-parameter-wrapped-contains-k02-group-20-targeted rows=4 error=<nil>
replay 1085/1267 request-selected-set-wrapped-contains-k02-group-20-targeted rows=4 error=<nil>
replay 1086/1267 graph-id-in-literal-wrapped-contains-k02-group-20-dense rows=200 error=<nil>
replay 1087/1267 graph-id-in-parameter-wrapped-contains-k02-group-20-dense rows=200 error=<nil>
replay 1088/1267 request-selected-set-wrapped-contains-k02-group-20-dense rows=200 error=<nil>
replay 1089/1267 graph-id-in-literal-wrapped-contains-k02-group-21-zero rows=0 error=<nil>
replay 1090/1267 graph-id-in-parameter-wrapped-contains-k02-group-21-zero rows=0 error=<nil>
replay 1091/1267 request-selected-set-wrapped-contains-k02-group-21-zero rows=0 error=<nil>
replay 1092/1267 graph-id-in-literal-wrapped-contains-k02-group-21-targeted rows=63 error=<nil>
replay 1093/1267 graph-id-in-parameter-wrapped-contains-k02-group-21-targeted rows=63 error=<nil>
replay 1094/1267 request-selected-set-wrapped-contains-k02-group-21-targeted rows=63 error=<nil>
replay 1095/1267 graph-id-in-literal-wrapped-contains-k02-group-21-dense rows=200 error=<nil>
replay 1096/1267 graph-id-in-parameter-wrapped-contains-k02-group-21-dense rows=200 error=<nil>
replay 1097/1267 request-selected-set-wrapped-contains-k02-group-21-dense rows=200 error=<nil>
replay 1098/1267 graph-id-in-literal-wrapped-contains-k02-group-22-zero rows=0 error=<nil>
replay 1099/1267 graph-id-in-parameter-wrapped-contains-k02-group-22-zero rows=0 error=<nil>
replay 1100/1267 request-selected-set-wrapped-contains-k02-group-22-zero rows=0 error=<nil>
replay 1101/1267 graph-id-in-literal-wrapped-contains-k02-group-22-targeted rows=5 error=<nil>
replay 1102/1267 graph-id-in-parameter-wrapped-contains-k02-group-22-targeted rows=5 error=<nil>
replay 1103/1267 request-selected-set-wrapped-contains-k02-group-22-targeted rows=5 error=<nil>
replay 1104/1267 graph-id-in-literal-wrapped-contains-k02-group-22-dense rows=200 error=<nil>
replay 1105/1267 graph-id-in-parameter-wrapped-contains-k02-group-22-dense rows=200 error=<nil>
replay 1106/1267 request-selected-set-wrapped-contains-k02-group-22-dense rows=200 error=<nil>
replay 1107/1267 graph-id-in-literal-wrapped-contains-k02-group-23-zero rows=0 error=<nil>
replay 1108/1267 graph-id-in-parameter-wrapped-contains-k02-group-23-zero rows=0 error=<nil>
replay 1109/1267 request-selected-set-wrapped-contains-k02-group-23-zero rows=0 error=<nil>
replay 1110/1267 graph-id-in-literal-wrapped-contains-k02-group-23-targeted rows=45 error=<nil>
replay 1111/1267 graph-id-in-parameter-wrapped-contains-k02-group-23-targeted rows=45 error=<nil>
replay 1112/1267 request-selected-set-wrapped-contains-k02-group-23-targeted rows=45 error=<nil>
replay 1113/1267 graph-id-in-literal-wrapped-contains-k02-group-23-dense rows=200 error=<nil>
replay 1114/1267 graph-id-in-parameter-wrapped-contains-k02-group-23-dense rows=200 error=<nil>
replay 1115/1267 request-selected-set-wrapped-contains-k02-group-23-dense rows=200 error=<nil>
replay 1116/1267 graph-id-in-literal-wrapped-contains-k02-group-24-zero rows=0 error=<nil>
replay 1117/1267 graph-id-in-parameter-wrapped-contains-k02-group-24-zero rows=0 error=<nil>
replay 1118/1267 request-selected-set-wrapped-contains-k02-group-24-zero rows=0 error=<nil>
replay 1119/1267 graph-id-in-literal-wrapped-contains-k02-group-24-targeted rows=10 error=<nil>
replay 1120/1267 graph-id-in-parameter-wrapped-contains-k02-group-24-targeted rows=10 error=<nil>
replay 1121/1267 request-selected-set-wrapped-contains-k02-group-24-targeted rows=10 error=<nil>
replay 1122/1267 graph-id-in-literal-wrapped-contains-k02-group-24-dense rows=200 error=<nil>
replay 1123/1267 graph-id-in-parameter-wrapped-contains-k02-group-24-dense rows=200 error=<nil>
replay 1124/1267 request-selected-set-wrapped-contains-k02-group-24-dense rows=200 error=<nil>
replay 1125/1267 graph-id-in-literal-wrapped-contains-k02-group-25-zero rows=0 error=<nil>
replay 1126/1267 graph-id-in-parameter-wrapped-contains-k02-group-25-zero rows=0 error=<nil>
replay 1127/1267 request-selected-set-wrapped-contains-k02-group-25-zero rows=0 error=<nil>
replay 1128/1267 graph-id-in-literal-wrapped-contains-k02-group-25-targeted rows=11 error=<nil>
replay 1129/1267 graph-id-in-parameter-wrapped-contains-k02-group-25-targeted rows=11 error=<nil>
replay 1130/1267 request-selected-set-wrapped-contains-k02-group-25-targeted rows=11 error=<nil>
replay 1131/1267 graph-id-in-literal-wrapped-contains-k02-group-25-dense rows=200 error=<nil>
replay 1132/1267 graph-id-in-parameter-wrapped-contains-k02-group-25-dense rows=200 error=<nil>
replay 1133/1267 request-selected-set-wrapped-contains-k02-group-25-dense rows=200 error=<nil>
replay 1134/1267 graph-id-in-literal-wrapped-contains-k02-group-26-zero rows=0 error=<nil>
replay 1135/1267 graph-id-in-parameter-wrapped-contains-k02-group-26-zero rows=0 error=<nil>
replay 1136/1267 request-selected-set-wrapped-contains-k02-group-26-zero rows=0 error=<nil>
replay 1137/1267 graph-id-in-literal-wrapped-contains-k02-group-26-targeted rows=1 error=<nil>
replay 1138/1267 graph-id-in-parameter-wrapped-contains-k02-group-26-targeted rows=1 error=<nil>
replay 1139/1267 request-selected-set-wrapped-contains-k02-group-26-targeted rows=1 error=<nil>
replay 1140/1267 graph-id-in-literal-wrapped-contains-k02-group-26-dense rows=200 error=<nil>
replay 1141/1267 graph-id-in-parameter-wrapped-contains-k02-group-26-dense rows=200 error=<nil>
replay 1142/1267 request-selected-set-wrapped-contains-k02-group-26-dense rows=200 error=<nil>
replay 1143/1267 graph-id-in-literal-wrapped-contains-k02-group-27-zero rows=0 error=<nil>
replay 1144/1267 graph-id-in-parameter-wrapped-contains-k02-group-27-zero rows=0 error=<nil>
replay 1145/1267 request-selected-set-wrapped-contains-k02-group-27-zero rows=0 error=<nil>
replay 1146/1267 graph-id-in-literal-wrapped-contains-k02-group-27-targeted rows=3 error=<nil>
replay 1147/1267 graph-id-in-parameter-wrapped-contains-k02-group-27-targeted rows=3 error=<nil>
replay 1148/1267 request-selected-set-wrapped-contains-k02-group-27-targeted rows=3 error=<nil>
replay 1149/1267 graph-id-in-literal-wrapped-contains-k02-group-27-dense rows=200 error=<nil>
replay 1150/1267 graph-id-in-parameter-wrapped-contains-k02-group-27-dense rows=200 error=<nil>
replay 1151/1267 request-selected-set-wrapped-contains-k02-group-27-dense rows=200 error=<nil>
replay 1152/1267 graph-id-in-literal-wrapped-contains-k02-group-28-zero rows=0 error=<nil>
replay 1153/1267 graph-id-in-parameter-wrapped-contains-k02-group-28-zero rows=0 error=<nil>
replay 1154/1267 request-selected-set-wrapped-contains-k02-group-28-zero rows=0 error=<nil>
replay 1155/1267 graph-id-in-literal-wrapped-contains-k02-group-28-targeted rows=1 error=<nil>
replay 1156/1267 graph-id-in-parameter-wrapped-contains-k02-group-28-targeted rows=1 error=<nil>
replay 1157/1267 request-selected-set-wrapped-contains-k02-group-28-targeted rows=1 error=<nil>
replay 1158/1267 graph-id-in-literal-wrapped-contains-k02-group-28-dense rows=200 error=<nil>
replay 1159/1267 graph-id-in-parameter-wrapped-contains-k02-group-28-dense rows=200 error=<nil>
replay 1160/1267 request-selected-set-wrapped-contains-k02-group-28-dense rows=200 error=<nil>
replay 1161/1267 graph-id-in-literal-wrapped-contains-k02-group-29-zero rows=0 error=<nil>
replay 1162/1267 graph-id-in-parameter-wrapped-contains-k02-group-29-zero rows=0 error=<nil>
replay 1163/1267 request-selected-set-wrapped-contains-k02-group-29-zero rows=0 error=<nil>
replay 1164/1267 graph-id-in-literal-wrapped-contains-k02-group-29-targeted rows=12 error=<nil>
replay 1165/1267 graph-id-in-parameter-wrapped-contains-k02-group-29-targeted rows=12 error=<nil>
replay 1166/1267 request-selected-set-wrapped-contains-k02-group-29-targeted rows=12 error=<nil>
replay 1167/1267 graph-id-in-literal-wrapped-contains-k02-group-29-dense rows=200 error=<nil>
replay 1168/1267 graph-id-in-parameter-wrapped-contains-k02-group-29-dense rows=200 error=<nil>
replay 1169/1267 request-selected-set-wrapped-contains-k02-group-29-dense rows=200 error=<nil>
replay 1170/1267 graph-id-in-literal-wrapped-contains-k02-group-30-zero rows=0 error=<nil>
replay 1171/1267 graph-id-in-parameter-wrapped-contains-k02-group-30-zero rows=0 error=<nil>
replay 1172/1267 request-selected-set-wrapped-contains-k02-group-30-zero rows=0 error=<nil>
replay 1173/1267 graph-id-in-literal-wrapped-contains-k02-group-30-targeted rows=13 error=<nil>
replay 1174/1267 graph-id-in-parameter-wrapped-contains-k02-group-30-targeted rows=13 error=<nil>
replay 1175/1267 request-selected-set-wrapped-contains-k02-group-30-targeted rows=13 error=<nil>
replay 1176/1267 graph-id-in-literal-wrapped-contains-k02-group-30-dense rows=200 error=<nil>
replay 1177/1267 graph-id-in-parameter-wrapped-contains-k02-group-30-dense rows=200 error=<nil>
replay 1178/1267 request-selected-set-wrapped-contains-k02-group-30-dense rows=200 error=<nil>
replay 1179/1267 graph-id-in-literal-wrapped-contains-k02-group-31-zero rows=0 error=<nil>
replay 1180/1267 graph-id-in-parameter-wrapped-contains-k02-group-31-zero rows=0 error=<nil>
replay 1181/1267 request-selected-set-wrapped-contains-k02-group-31-zero rows=0 error=<nil>
replay 1182/1267 graph-id-in-literal-wrapped-contains-k02-group-31-targeted rows=1 error=<nil>
replay 1183/1267 graph-id-in-parameter-wrapped-contains-k02-group-31-targeted rows=1 error=<nil>
replay 1184/1267 request-selected-set-wrapped-contains-k02-group-31-targeted rows=1 error=<nil>
replay 1185/1267 graph-id-in-literal-wrapped-contains-k02-group-31-dense rows=200 error=<nil>
replay 1186/1267 graph-id-in-parameter-wrapped-contains-k02-group-31-dense rows=200 error=<nil>
replay 1187/1267 request-selected-set-wrapped-contains-k02-group-31-dense rows=200 error=<nil>
replay 1188/1267 graph-id-in-literal-wrapped-contains-k08-group-00-zero rows=0 error=<nil>
replay 1189/1267 graph-id-in-parameter-wrapped-contains-k08-group-00-zero rows=0 error=<nil>
replay 1190/1267 request-selected-set-wrapped-contains-k08-group-00-zero rows=0 error=<nil>
replay 1191/1267 graph-id-in-literal-wrapped-contains-k08-group-00-targeted rows=10 error=<nil>
replay 1192/1267 graph-id-in-parameter-wrapped-contains-k08-group-00-targeted rows=10 error=<nil>
replay 1193/1267 request-selected-set-wrapped-contains-k08-group-00-targeted rows=10 error=<nil>
replay 1194/1267 graph-id-in-literal-wrapped-contains-k08-group-00-dense rows=200 error=<nil>
replay 1195/1267 graph-id-in-parameter-wrapped-contains-k08-group-00-dense rows=200 error=<nil>
replay 1196/1267 request-selected-set-wrapped-contains-k08-group-00-dense rows=200 error=<nil>
replay 1197/1267 graph-id-in-literal-wrapped-contains-k08-group-01-zero rows=0 error=<nil>
replay 1198/1267 graph-id-in-parameter-wrapped-contains-k08-group-01-zero rows=0 error=<nil>
replay 1199/1267 request-selected-set-wrapped-contains-k08-group-01-zero rows=0 error=<nil>
replay 1200/1267 graph-id-in-literal-wrapped-contains-k08-group-01-targeted rows=2 error=<nil>
replay 1201/1267 graph-id-in-parameter-wrapped-contains-k08-group-01-targeted rows=2 error=<nil>
replay 1202/1267 request-selected-set-wrapped-contains-k08-group-01-targeted rows=2 error=<nil>
replay 1203/1267 graph-id-in-literal-wrapped-contains-k08-group-01-dense rows=200 error=<nil>
replay 1204/1267 graph-id-in-parameter-wrapped-contains-k08-group-01-dense rows=200 error=<nil>
replay 1205/1267 request-selected-set-wrapped-contains-k08-group-01-dense rows=200 error=<nil>
replay 1206/1267 graph-id-in-literal-wrapped-contains-k08-group-02-zero rows=0 error=<nil>
replay 1207/1267 graph-id-in-parameter-wrapped-contains-k08-group-02-zero rows=0 error=<nil>
replay 1208/1267 request-selected-set-wrapped-contains-k08-group-02-zero rows=0 error=<nil>
replay 1209/1267 graph-id-in-literal-wrapped-contains-k08-group-02-targeted rows=1 error=<nil>
replay 1210/1267 graph-id-in-parameter-wrapped-contains-k08-group-02-targeted rows=1 error=<nil>
replay 1211/1267 request-selected-set-wrapped-contains-k08-group-02-targeted rows=1 error=<nil>
replay 1212/1267 graph-id-in-literal-wrapped-contains-k08-group-02-dense rows=200 error=<nil>
replay 1213/1267 graph-id-in-parameter-wrapped-contains-k08-group-02-dense rows=200 error=<nil>
replay 1214/1267 request-selected-set-wrapped-contains-k08-group-02-dense rows=200 error=<nil>
replay 1215/1267 graph-id-in-literal-wrapped-contains-k08-group-03-zero rows=0 error=<nil>
replay 1216/1267 graph-id-in-parameter-wrapped-contains-k08-group-03-zero rows=0 error=<nil>
replay 1217/1267 request-selected-set-wrapped-contains-k08-group-03-zero rows=0 error=<nil>
replay 1218/1267 graph-id-in-literal-wrapped-contains-k08-group-03-targeted rows=11 error=<nil>
replay 1219/1267 graph-id-in-parameter-wrapped-contains-k08-group-03-targeted rows=11 error=<nil>
replay 1220/1267 request-selected-set-wrapped-contains-k08-group-03-targeted rows=11 error=<nil>
replay 1221/1267 graph-id-in-literal-wrapped-contains-k08-group-03-dense rows=200 error=<nil>
replay 1222/1267 graph-id-in-parameter-wrapped-contains-k08-group-03-dense rows=200 error=<nil>
replay 1223/1267 request-selected-set-wrapped-contains-k08-group-03-dense rows=200 error=<nil>
replay 1224/1267 graph-id-in-literal-wrapped-contains-k08-group-04-zero rows=0 error=<nil>
replay 1225/1267 graph-id-in-parameter-wrapped-contains-k08-group-04-zero rows=0 error=<nil>
replay 1226/1267 request-selected-set-wrapped-contains-k08-group-04-zero rows=0 error=<nil>
replay 1227/1267 graph-id-in-literal-wrapped-contains-k08-group-04-targeted rows=4 error=<nil>
replay 1228/1267 graph-id-in-parameter-wrapped-contains-k08-group-04-targeted rows=4 error=<nil>
replay 1229/1267 request-selected-set-wrapped-contains-k08-group-04-targeted rows=4 error=<nil>
replay 1230/1267 graph-id-in-literal-wrapped-contains-k08-group-04-dense rows=200 error=<nil>
replay 1231/1267 graph-id-in-parameter-wrapped-contains-k08-group-04-dense rows=200 error=<nil>
replay 1232/1267 request-selected-set-wrapped-contains-k08-group-04-dense rows=200 error=<nil>
replay 1233/1267 graph-id-in-literal-wrapped-contains-k08-group-05-zero rows=0 error=<nil>
replay 1234/1267 graph-id-in-parameter-wrapped-contains-k08-group-05-zero rows=0 error=<nil>
replay 1235/1267 request-selected-set-wrapped-contains-k08-group-05-zero rows=0 error=<nil>
replay 1236/1267 graph-id-in-literal-wrapped-contains-k08-group-05-targeted rows=5 error=<nil>
replay 1237/1267 graph-id-in-parameter-wrapped-contains-k08-group-05-targeted rows=5 error=<nil>
replay 1238/1267 request-selected-set-wrapped-contains-k08-group-05-targeted rows=5 error=<nil>
replay 1239/1267 graph-id-in-literal-wrapped-contains-k08-group-05-dense rows=200 error=<nil>
replay 1240/1267 graph-id-in-parameter-wrapped-contains-k08-group-05-dense rows=200 error=<nil>
replay 1241/1267 request-selected-set-wrapped-contains-k08-group-05-dense rows=200 error=<nil>
replay 1242/1267 graph-id-in-literal-wrapped-contains-k08-group-06-zero rows=0 error=<nil>
replay 1243/1267 graph-id-in-parameter-wrapped-contains-k08-group-06-zero rows=0 error=<nil>
replay 1244/1267 request-selected-set-wrapped-contains-k08-group-06-zero rows=0 error=<nil>
replay 1245/1267 graph-id-in-literal-wrapped-contains-k08-group-06-targeted rows=10 error=<nil>
replay 1246/1267 graph-id-in-parameter-wrapped-contains-k08-group-06-targeted rows=10 error=<nil>
replay 1247/1267 request-selected-set-wrapped-contains-k08-group-06-targeted rows=10 error=<nil>
replay 1248/1267 graph-id-in-literal-wrapped-contains-k08-group-06-dense rows=200 error=<nil>
replay 1249/1267 graph-id-in-parameter-wrapped-contains-k08-group-06-dense rows=200 error=<nil>
replay 1250/1267 request-selected-set-wrapped-contains-k08-group-06-dense rows=200 error=<nil>
replay 1251/1267 graph-id-in-literal-wrapped-contains-k08-group-07-zero rows=0 error=<nil>
replay 1252/1267 graph-id-in-parameter-wrapped-contains-k08-group-07-zero rows=0 error=<nil>
replay 1253/1267 request-selected-set-wrapped-contains-k08-group-07-zero rows=0 error=<nil>
replay 1254/1267 graph-id-in-literal-wrapped-contains-k08-group-07-targeted rows=5 error=<nil>
replay 1255/1267 graph-id-in-parameter-wrapped-contains-k08-group-07-targeted rows=5 error=<nil>
replay 1256/1267 request-selected-set-wrapped-contains-k08-group-07-targeted rows=5 error=<nil>
replay 1257/1267 graph-id-in-literal-wrapped-contains-k08-group-07-dense rows=200 error=<nil>
replay 1258/1267 graph-id-in-parameter-wrapped-contains-k08-group-07-dense rows=200 error=<nil>
replay 1259/1267 request-selected-set-wrapped-contains-k08-group-07-dense rows=200 error=<nil>
replay 1260/1267 graph-id-in-literal-wrapped-contains-k64-group-00-zero rows=0 error=<nil>
replay 1261/1267 graph-id-in-parameter-wrapped-contains-k64-group-00-zero rows=0 error=<nil>
replay 1262/1267 graph-id-in-literal-wrapped-contains-k64-group-00-targeted rows=11 error=<nil>
replay 1263/1267 graph-id-in-parameter-wrapped-contains-k64-group-00-targeted rows=11 error=<nil>
replay 1264/1267 request-selected-set-wrapped-contains-k64-group-00-targeted rows=11 error=<nil>
replay 1265/1267 graph-id-in-literal-wrapped-contains-k64-group-00-dense rows=200 error=<nil>
replay 1266/1267 graph-id-in-parameter-wrapped-contains-k64-group-00-dense rows=200 error=<nil>
replay 1267/1267 request-selected-set-wrapped-contains-k64-group-00-dense rows=200 error=<nil>
replay had 1 failed cases
