id	family	shape	selectivity	operator	boundary	projection	limit	targetGraphId	targetGraphIds	selectedGraphCount	workloadIdentity	outcome	rowCount	responseBytes	digest	latencyNanos	fixtureDistributionId	hitGraphIds	executionPath	inputSourceCount	accessedGraphCount	accessedGraphIds	targetGraphAccessCount	nonTargetGraphAccessCount	parallelScanCount	indexLookupCount	peakActiveWorkers	graphWorkUnits	graphIdSourceSelections	graphIdSourcePruningExecutions	graphIdSourcesPruned	filteredNodeLimitFastPathExecutions	generalFallbackExecutions
request-selected-set-wrapped-contains-k64-group-00-zero	graph-set-reference	request-selected-set-wrapped-contains	zero	request-graph-set-selection-and-wrapped-contains	request-selected-source	properties	200	fixture-android-00	fixture-android-00,fixture-android-01,fixture-android-02,fixture-android-03,fixture-android-04,fixture-android-05,fixture-android-06,fixture-android-07,fixture-android-08,fixture-android-09,fixture-android-10,fixture-android-11,fixture-android-12,fixture-android-13,fixture-android-14,fixture-android-15,fixture-tika-00,fixture-tika-01,fixture-tika-02,fixture-tika-03,fixture-tika-04,fixture-tika-05,fixture-tika-06,fixture-tika-07,fixture-tika-08,fixture-tika-09,fixture-tika-10,fixture-tika-11,fixture-tika-12,fixture-tika-13,fixture-tika-14,fixture-tika-15,fixture-hive-00,fixture-hive-01,fixture-hive-02,fixture-hive-03,fixture-hive-04,fixture-hive-05,fixture-hive-06,fixture-hive-07,fixture-hive-08,fixture-hive-09,fixture-hive-10,fixture-hive-11,fixture-hive-12,fixture-hive-13,fixture-hive-14,fixture-hive-15,fixture-kotlin-compiler-00,fixture-kotlin-compiler-01,fixture-kotlin-compiler-02,fixture-kotlin-compiler-03,fixture-kotlin-compiler-04,fixture-kotlin-compiler-05,fixture-kotlin-compiler-06,fixture-kotlin-compiler-07,fixture-kotlin-compiler-08,fixture-kotlin-compiler-09,fixture-kotlin-compiler-10,fixture-kotlin-compiler-11,fixture-kotlin-compiler-12,fixture-kotlin-compiler-13,fixture-kotlin-compiler-14,fixture-kotlin-compiler-15	64	35bad66d358dca7faeb0cdf55b64b864a288b1b7a4100dbf64766839a0267284	success	0	147	805c8c7334c868e18e2be84be95b83cc60895722d739c2b164a68be4cd410c49	34257694			request-selected-source	64	64	fixture-android-00,fixture-android-01,fixture-android-02,fixture-android-03,fixture-android-04,fixture-android-05,fixture-android-06,fixture-android-07,fixture-android-08,fixture-android-09,fixture-android-10,fixture-android-11,fixture-android-12,fixture-android-13,fixture-android-14,fixture-android-15,fixture-hive-00,fixture-hive-01,fixture-hive-02,fixture-hive-03,fixture-hive-04,fixture-hive-05,fixture-hive-06,fixture-hive-07,fixture-hive-08,fixture-hive-09,fixture-hive-10,fixture-hive-11,fixture-hive-12,fixture-hive-13,fixture-hive-14,fixture-hive-15,fixture-kotlin-compiler-00,fixture-kotlin-compiler-01,fixture-kotlin-compiler-02,fixture-kotlin-compiler-03,fixture-kotlin-compiler-04,fixture-kotlin-compiler-05,fixture-kotlin-compiler-06,fixture-kotlin-compiler-07,fixture-kotlin-compiler-08,fixture-kotlin-compiler-09,fixture-kotlin-compiler-10,fixture-kotlin-compiler-11,fixture-kotlin-compiler-12,fixture-kotlin-compiler-13,fixture-kotlin-compiler-14,fixture-kotlin-compiler-15,fixture-tika-00,fixture-tika-01,fixture-tika-02,fixture-tika-03,fixture-tika-04,fixture-tika-05,fixture-tika-06,fixture-tika-07,fixture-tika-08,fixture-tika-09,fixture-tika-10,fixture-tika-11,fixture-tika-12,fixture-tika-13,fixture-tika-14,fixture-tika-15	64	0	0	64	0	198	0	0	0	1	0
graph-id-property-wrapped-contains-target-00-zero	graph-id	graph-id-property-wrapped-contains	zero	graph-id-equals-and-wrapped-contains	graph-routing	properties	200	fixture-android-00	fixture-android-00	1	47c5f2f8275ab2447995a1b45a36cd5b0b70e258e0f75934abd1f0cef5c2b93e	success	0	147	805c8c7334c868e18e2be84be95b83cc60895722d739c2b164a68be4cd410c49	2809746			cypher-graph-id-predicate	64	1	fixture-android-00	1	0	0	1	0	1	1	1	63	1	0
graph-id-property-wrapped-contains-target-00-targeted	graph-id	graph-id-property-wrapped-contains	targeted	graph-id-equals-and-wrapped-contains	graph-routing	properties	200	fixture-android-00	fixture-android-00	1	47c5f2f8275ab2447995a1b45a36cd5b0b70e258e0f75934abd1f0cef5c2b93e	success	10	5730	00c81103244dc6d42abdc3894d771e5a24957dcf7e5ad4d8dc686b1d7e0cb89e	11395885		fixture-android-00	cypher-graph-id-predicate	64	1	fixture-android-00	1	0	0	1	0	380	1	1	63	1	0
graph-id-property-wrapped-contains-target-00-dense	graph-id	graph-id-property-wrapped-contains	dense	graph-id-equals-and-wrapped-contains	graph-routing	properties	200	fixture-android-00	fixture-android-00	1	47c5f2f8275ab2447995a1b45a36cd5b0b70e258e0f75934abd1f0cef5c2b93e	success	200	84411	3bdee68309e62bee93f47848258ded90b1763d55841fa57d8b8fd21867653c44	23517224		fixture-android-00	cypher-graph-id-predicate	64	1	fixture-android-00	1	0	0	1	0	17783	1	1	63	1	0
graph-id-property-wrapped-contains-target-01-zero	graph-id	graph-id-property-wrapped-contains	zero	graph-id-equals-and-wrapped-contains	graph-routing	properties	200	fixture-android-01	fixture-android-01	1	e4528616b87301f557512ab9d9e4e598561300f98d2e85100725c35158534ecc	success	0	147	805c8c7334c868e18e2be84be95b83cc60895722d739c2b164a68be4cd410c49	651336			cypher-graph-id-predicate	64	1	fixture-android-01	1	0	0	1	0	2	1	1	63	1	0
graph-id-property-wrapped-contains-target-01-targeted	graph-id	graph-id-property-wrapped-contains	targeted	graph-id-equals-and-wrapped-contains	graph-routing	properties	200	fixture-android-01	fixture-android-01	1	e4528616b87301f557512ab9d9e4e598561300f98d2e85100725c35158534ecc	success	1	758	b33173a678013ac093c95f3fccc5cd5af96ea18082387e1fc872de4817e234b2	1288195		fixture-android-01	cypher-graph-id-predicate	64	1	fixture-android-01	1	0	0	1	0	415	1	1	63	1	0
graph-id-property-wrapped-contains-target-01-dense	graph-id	graph-id-property-wrapped-contains	dense	graph-id-equals-and-wrapped-contains	graph-routing	properties	200	fixture-android-01	fixture-android-01	1	e4528616b87301f557512ab9d9e4e598561300f98d2e85100725c35158534ecc	success	200	84093	d9daf98f04e06930dfeb91ddd4e8ae597b8f9154e54ac1018db6a25ea8ddd84f	11014192		fixture-android-01	cypher-graph-id-predicate	64	1	fixture-android-01	1	0	0	1	0	18675	1	1	63	1	0
graph-id-property-wrapped-contains-target-02-zero	graph-id	graph-id-property-wrapped-contains	zero	graph-id-equals-and-wrapped-contains	graph-routing	properties	200	fixture-android-02	fixture-android-02	1	1a026780ab945a978bf2d821f0728dd8a679a4b4838c8a3b7703d006d3fae584	success	0	147	805c8c7334c868e18e2be84be95b83cc60895722d739c2b164a68be4cd410c49	702040			cypher-graph-id-predicate	64	1	fixture-android-02	1	0	0	1	0	38	1	1	63	1	0
graph-id-property-wrapped-contains-target-02-targeted	graph-id	graph-id-property-wrapped-contains	targeted	graph-id-equals-and-wrapped-contains	graph-routing	properties	200	fixture-android-02	fixture-android-02	1	1a026780ab945a978bf2d821f0728dd8a679a4b4838c8a3b7703d006d3fae584	success	9	5751	0754b66fd035110585cc31e6af555127395a9cd85c413f0a859de6b596c3b70d	1518886		fixture-android-02	cypher-graph-id-predicate	64	1	fixture-android-02	1	0	0	1	0	472	1	1	63	1	0
graph-id-property-wrapped-contains-target-02-dense	graph-id	graph-id-property-wrapped-contains	dense	graph-id-equals-and-wrapped-contains	graph-routing	properties	200	fixture-android-02	fixture-android-02	1	1a026780ab945a978bf2d821f0728dd8a679a4b4838c8a3b7703d006d3fae584	success	200	86930	a289774d080329d12351d967c614eae9b16190b55970a757b1f268e21aee3975	8593263		fixture-android-02	cypher-graph-id-predicate	64	1	fixture-android-02	1	0	0	1	0	18305	1	1	63	1	0
graph-id-property-wrapped-contains-target-03-zero	graph-id	graph-id-property-wrapped-contains	zero	graph-id-equals-and-wrapped-contains	graph-routing	properties	200	fixture-android-03	fixture-android-03	1	3a085dec137def84e2f0fd6c417ca6216ad5c22c415250ab8d225957a37eb876	success	0	147	805c8c7334c868e18e2be84be95b83cc60895722d739c2b164a68be4cd410c49	577307			cypher-graph-id-predicate	64	1	fixture-android-03	1	0	0	1	0	2	1	1	63	1	0
graph-id-property-wrapped-contains-target-03-targeted	graph-id	graph-id-property-wrapped-contains	targeted	graph-id-equals-and-wrapped-contains	graph-routing	properties	200	fixture-android-03	fixture-android-03	1	3a085dec137def84e2f0fd6c417ca6216ad5c22c415250ab8d225957a37eb876	success	2	1333	77f2da9b0b5a99e6332b957b281149f5e269d152177e36aaa74e86db4bc23bf9	1382571		fixture-android-03	cypher-graph-id-predicate	64	1	fixture-android-03	1	0	0	1	0	460	1	1	63	1	0
graph-id-property-wrapped-contains-target-03-dense	graph-id	graph-id-property-wrapped-contains	dense	graph-id-equals-and-wrapped-contains	graph-routing	properties	200	fixture-android-03	fixture-android-03	1	3a085dec137def84e2f0fd6c417ca6216ad5c22c415250ab8d225957a37eb876	success	200	85151	08fbf5fde8e917175e0dca625983535621218120265897bdd0781fe99669b859	7426995		fixture-android-03	cypher-graph-id-predicate	64	1	fixture-android-03	1	0	0	1	0	18896	1	1	63	1	0
graph-id-property-wrapped-contains-target-04-zero	graph-id	graph-id-property-wrapped-contains	zero	graph-id-equals-and-wrapped-contains	graph-routing	properties	200	fixture-android-04	fixture-android-04	1	72b2db3813782b7057457474cb692d1ab65cbced9ccd76e7a6348806a1a0fdd6	success	0	147	805c8c7334c868e18e2be84be95b83cc60895722d739c2b164a68be4cd410c49	540349			cypher-graph-id-predicate	64	1	fixture-android-04	1	0	0	1	0	2	1	1	63	1	0
graph-id-property-wrapped-contains-target-04-targeted	graph-id	graph-id-property-wrapped-contains	targeted	graph-id-equals-and-wrapped-contains	graph-routing	properties	200	fixture-android-04	fixture-android-04	1	72b2db3813782b7057457474cb692d1ab65cbced9ccd76e7a6348806a1a0fdd6	success	9	5762	527d81de9e8ca9f5fe9ad0166e1e1711fbccaf3c53281e7e95375f6d55e3a3c7	1362233		fixture-android-04	cypher-graph-id-predicate	64	1	fixture-android-04	1	0	0	1	0	471	1	1	63	1	0
graph-id-property-wrapped-contains-target-04-dense	graph-id	graph-id-property-wrapped-contains	dense	graph-id-equals-and-wrapped-contains	graph-routing	properties	200	fixture-android-04	fixture-android-04	1	72b2db3813782b7057457474cb692d1ab65cbced9ccd76e7a6348806a1a0fdd6	success	200	86152	85d9bac3392391ae56f1f03af81d888f398336c8e33a1ef1e42c5409f746f730	6602726		fixture-android-04	cypher-graph-id-predicate	64	1	fixture-android-04	1	0	0	1	0	17674	1	1	63	1	0
graph-id-property-wrapped-contains-target-05-zero	graph-id	graph-id-property-wrapped-contains	zero	graph-id-equals-and-wrapped-contains	graph-routing	properties	200	fixture-android-05	fixture-android-05	1	9ccc65db4edf2ad696714957f6291e11ba1a158b062c135b909367736aa1cb91	success	0	147	805c8c7334c868e18e2be84be95b83cc60895722d739c2b164a68be4cd410c49	612965			cypher-graph-id-predicate	64	1	fixture-android-05	1	0	0	1	0	2	1	1	63	1	0
graph-id-property-wrapped-contains-target-05-targeted	graph-id	graph-id-property-wrapped-contains	targeted	graph-id-equals-and-wrapped-contains	graph-routing	properties	200	fixture-android-05	fixture-android-05	1	9ccc65db4edf2ad696714957f6291e11ba1a158b062c135b909367736aa1cb91	success	9	5751	48fbef6ae3373a73cfbd3690497aae4d0773c2f4ddadb5d217061398978bcac5	1184482		fixture-android-05	cypher-graph-id-predicate	64	1	fixture-android-05	1	0	0	1	0	472	1	1	63	1	0
graph-id-property-wrapped-contains-target-05-dense	graph-id	graph-id-property-wrapped-contains	dense	graph-id-equals-and-wrapped-contains	graph-routing	properties	200	fixture-android-05	fixture-android-05	1	9ccc65db4edf2ad696714957f6291e11ba1a158b062c135b909367736aa1cb91	success	200	90860	57ae61ccbdbf1e83a9ab8de2923c4ac26bcc634ed53a2f1c1a3ee3682afe8cd8	5540333		fixture-android-05	cypher-graph-id-predicate	64	1	fixture-android-05	1	0	0	1	0	18524	1	1	63	1	0
graph-id-property-wrapped-contains-target-06-zero	graph-id	graph-id-property-wrapped-contains	zero	graph-id-equals-and-wrapped-contains	graph-routing	properties	200	fixture-android-06	fixture-android-06	1	aef2397f89755e0b59e944f9b6062fb5611eea3ea4b05762643e082168bd9526	success	0	147	805c8c7334c868e18e2be84be95b83cc60895722d739c2b164a68be4cd410c49	479676			cypher-graph-id-predicate	64	1	fixture-android-06	1	0	0	1	0	2	1	1	63	1	0
graph-id-property-wrapped-contains-target-06-targeted	graph-id	graph-id-property-wrapped-contains	targeted	graph-id-equals-and-wrapped-contains	graph-routing	properties	200	fixture-android-06	fixture-android-06	1	aef2397f89755e0b59e944f9b6062fb5611eea3ea4b05762643e082168bd9526	success	1	734	2c8962bfda6df26238f145f32f089e1ccdb69cc26ea9c2fde590f543638ba060	890222		fixture-android-06	cypher-graph-id-predicate	64	1	fixture-android-06	1	0	0	1	0	375	1	1	63	1	0
graph-id-property-wrapped-contains-target-06-dense	graph-id	graph-id-property-wrapped-contains	dense	graph-id-equals-and-wrapped-contains	graph-routing	properties	200	fixture-android-06	fixture-android-06	1	aef2397f89755e0b59e944f9b6062fb5611eea3ea4b05762643e082168bd9526	success	200	83941	f7f169fb4cd9a2408b058d9e03502907fe0d9372ba70f2f3749aeaffa464e292	5685845		fixture-android-06	cypher-graph-id-predicate	64	1	fixture-android-06	1	0	0	1	0	20008	1	1	63	1	0
graph-id-property-wrapped-contains-target-07-zero	graph-id	graph-id-property-wrapped-contains	zero	graph-id-equals-and-wrapped-contains	graph-routing	properties	200	fixture-android-07	fixture-android-07	1	2884fe5070e6e70bd2c44e54af37c56e2cfd19343a8721d5b36093d7d1db0f7d	success	0	147	805c8c7334c868e18e2be84be95b83cc60895722d739c2b164a68be4cd410c49	580634			cypher-graph-id-predicate	64	1	fixture-android-07	1	0	0	1	0	2	1	1	63	1	0
graph-id-property-wrapped-contains-target-07-targeted	graph-id	graph-id-property-wrapped-contains	targeted	graph-id-equals-and-wrapped-contains	graph-routing	properties	200	fixture-android-07	fixture-android-07	1	2884fe5070e6e70bd2c44e54af37c56e2cfd19343a8721d5b36093d7d1db0f7d	success	1	762	d5674d7adcd2d58f93c5f2849f690003bc45d523850181c23ceaa0aacd7e6709	2547967		fixture-android-07	cypher-graph-id-predicate	64	1	fixture-android-07	1	0	0	1	0	305	1	1	63	1	0
graph-id-property-wrapped-contains-target-07-dense	graph-id	graph-id-property-wrapped-contains	dense	graph-id-equals-and-wrapped-contains	graph-routing	properties	200	fixture-android-07	fixture-android-07	1	2884fe5070e6e70bd2c44e54af37c56e2cfd19343a8721d5b36093d7d1db0f7d	success	200	84999	35604ee2a3d19ee64c97fa99f4be154714c60028f948c7a23f75b925d4520a5d	6849407		fixture-android-07	cypher-graph-id-predicate	64	1	fixture-android-07	1	0	0	1	0	18538	1	1	63	1	0
graph-id-property-wrapped-contains-target-08-zero	graph-id	graph-id-property-wrapped-contains	zero	graph-id-equals-and-wrapped-contains	graph-routing	properties	200	fixture-android-08	fixture-android-08	1	25fcd87fe0d089932a1b7f325e822252e3042b73178c7aa80e1c0d12bcef2e47	success	0	147	805c8c7334c868e18e2be84be95b83cc60895722d739c2b164a68be4cd410c49	515142			cypher-graph-id-predicate	64	1	fixture-android-08	1	0	0	1	0	2	1	1	63	1	0
graph-id-property-wrapped-contains-target-08-targeted	graph-id	graph-id-property-wrapped-contains	targeted	graph-id-equals-and-wrapped-contains	graph-routing	properties	200	fixture-android-08	fixture-android-08	1	25fcd87fe0d089932a1b7f325e822252e3042b73178c7aa80e1c0d12bcef2e47	success	2	1322	4b49b28d836e57c2c3f8d43a93acd00a93b169fcd603338f9ab350f541e9665c	943782		fixture-android-08	cypher-graph-id-predicate	64	1	fixture-android-08	1	0	0	1	0	371	1	1	63	1	0
graph-id-property-wrapped-contains-target-08-dense	graph-id	graph-id-property-wrapped-contains	dense	graph-id-equals-and-wrapped-contains	graph-routing	properties	200	fixture-android-08	fixture-android-08	1	25fcd87fe0d089932a1b7f325e822252e3042b73178c7aa80e1c0d12bcef2e47	success	200	85531	ed34441ff634f19c276911a1fa193106a9070fde1065b57fc7ec71132b8d5f66	7223115		fixture-android-08	cypher-graph-id-predicate	64	1	fixture-android-08	1	0	0	1	0	20276	1	1	63	1	0
graph-id-property-wrapped-contains-target-09-zero	graph-id	graph-id-property-wrapped-contains	zero	graph-id-equals-and-wrapped-contains	graph-routing	properties	200	fixture-android-09	fixture-android-09	1	976770abc561e74e52c74c7f3b827fe70800ef502defdde9a4fa534aa511bd33	success	0	147	805c8c7334c868e18e2be84be95b83cc60895722d739c2b164a68be4cd410c49	658699			cypher-graph-id-predicate	64	1	fixture-android-09	1	0	0	1	0	2	1	1	63	1	0
graph-id-property-wrapped-contains-target-09-targeted	graph-id	graph-id-property-wrapped-contains	targeted	graph-id-equals-and-wrapped-contains	graph-routing	properties	200	fixture-android-09	fixture-android-09	1	976770abc561e74e52c74c7f3b827fe70800ef502defdde9a4fa534aa511bd33	success	1	758	cd83129b7654f9c1ac40c94032a03833f5b559e4d6d903ce58c899d274674334	1158663		fixture-android-09	cypher-graph-id-predicate	64	1	fixture-android-09	1	0	0	1	0	417	1	1	63	1	0
graph-id-property-wrapped-contains-target-09-dense	graph-id	graph-id-property-wrapped-contains	dense	graph-id-equals-and-wrapped-contains	graph-routing	properties	200	fixture-android-09	fixture-android-09	1	976770abc561e74e52c74c7f3b827fe70800ef502defdde9a4fa534aa511bd33	success	200	84710	8302a9dc08d5cf465b56333dad5757a62c24d743692acbdbf8e81919ebd097a0	7710705		fixture-android-09	cypher-graph-id-predicate	64	1	fixture-android-09	1	0	0	1	0	19325	1	1	63	1	0
graph-id-property-wrapped-contains-target-10-zero	graph-id	graph-id-property-wrapped-contains	zero	graph-id-equals-and-wrapped-contains	graph-routing	properties	200	fixture-android-10	fixture-android-10	1	b80280988a4b3197bdd2348d3550b46e5d99e01f6e4a1abcb8668612b4a7bcf1	success	0	147	805c8c7334c868e18e2be84be95b83cc60895722d739c2b164a68be4cd410c49	807102			cypher-graph-id-predicate	64	1	fixture-android-10	1	0	0	1	0	34	1	1	63	1	0
graph-id-property-wrapped-contains-target-10-targeted	graph-id	graph-id-property-wrapped-contains	targeted	graph-id-equals-and-wrapped-contains	graph-routing	properties	200	fixture-android-10	fixture-android-10	1	b80280988a4b3197bdd2348d3550b46e5d99e01f6e4a1abcb8668612b4a7bcf1	success	1	821	f3f4d5fb39ff9fde7dcf6d88e4f52bcc4c277ed98626ccca0b17c4ddbb20b035	1350622		fixture-android-10	cypher-graph-id-predicate	64	1	fixture-android-10	1	0	0	1	0	557	1	1	63	1	0
graph-id-property-wrapped-contains-target-10-dense	graph-id	graph-id-property-wrapped-contains	dense	graph-id-equals-and-wrapped-contains	graph-routing	properties	200	fixture-android-10	fixture-android-10	1	b80280988a4b3197bdd2348d3550b46e5d99e01f6e4a1abcb8668612b4a7bcf1	success	200	86914	eec30bd784e53b80ccd384559e9d1f853b8152ad8db90ad1f27d391bf03fc0d8	7689596		fixture-android-10	cypher-graph-id-predicate	64	1	fixture-android-10	1	0	0	1	0	18670	1	1	63	1	0
graph-id-property-wrapped-contains-target-11-zero	graph-id	graph-id-property-wrapped-contains	zero	graph-id-equals-and-wrapped-contains	graph-routing	properties	200	fixture-android-11	fixture-android-11	1	ff7c9f064acf1b8f0c7104242efebdb73dfcc6db0739150c3d56bcc4ebbfb47f	success	0	147	805c8c7334c868e18e2be84be95b83cc60895722d739c2b164a68be4cd410c49	456733			cypher-graph-id-predicate	64	1	fixture-android-11	1	0	0	1	0	2	1	1	63	1	0
graph-id-property-wrapped-contains-target-11-targeted	graph-id	graph-id-property-wrapped-contains	targeted	graph-id-equals-and-wrapped-contains	graph-routing	properties	200	fixture-android-11	fixture-android-11	1	ff7c9f064acf1b8f0c7104242efebdb73dfcc6db0739150c3d56bcc4ebbfb47f	success	1	758	f8ea31527e372a7d8e0f896bc894b97d788067aa20d0af371a4239382f72a4d1	1227291		fixture-android-11	cypher-graph-id-predicate	64	1	fixture-android-11	1	0	0	1	0	415	1	1	63	1	0
graph-id-property-wrapped-contains-target-11-dense	graph-id	graph-id-property-wrapped-contains	dense	graph-id-equals-and-wrapped-contains	graph-routing	properties	200	fixture-android-11	fixture-android-11	1	ff7c9f064acf1b8f0c7104242efebdb73dfcc6db0739150c3d56bcc4ebbfb47f	success	200	84862	36598e3ab73085dce50e849dda8b6a32b1088eab3f02f052e9536f16613b5d4b	7276574		fixture-android-11	cypher-graph-id-predicate	64	1	fixture-android-11	1	0	0	1	0	18586	1	1	63	1	0
graph-id-property-wrapped-contains-target-12-zero	graph-id	graph-id-property-wrapped-contains	zero	graph-id-equals-and-wrapped-contains	graph-routing	properties	200	fixture-android-12	fixture-android-12	1	fbfd92bdb617f8eef3c84ce77e1116d4f0d1116a40b9fc543770c1a430e829ec	success	0	147	805c8c7334c868e18e2be84be95b83cc60895722d739c2b164a68be4cd410c49	734311			cypher-graph-id-predicate	64	1	fixture-android-12	1	0	0	1	0	2	1	1	63	1	0
graph-id-property-wrapped-contains-target-12-targeted	graph-id	graph-id-property-wrapped-contains	targeted	graph-id-equals-and-wrapped-contains	graph-routing	properties	200	fixture-android-12	fixture-android-12	1	fbfd92bdb617f8eef3c84ce77e1116d4f0d1116a40b9fc543770c1a430e829ec	success	2	1348	569ba2c2d8626f5c6804b713aa9f9bd5155648246e0bb082ab37cf407a3ccee9	1345913		fixture-android-12	cypher-graph-id-predicate	64	1	fixture-android-12	1	0	0	1	0	363	1	1	63	1	0
graph-id-property-wrapped-contains-target-12-dense	graph-id	graph-id-property-wrapped-contains	dense	graph-id-equals-and-wrapped-contains	graph-routing	properties	200	fixture-android-12	fixture-android-12	1	fbfd92bdb617f8eef3c84ce77e1116d4f0d1116a40b9fc543770c1a430e829ec	success	200	85894	f22afa8ccaad259750ce50e850502822308b2565f707f284de32cd44d5ef328a	6619242		fixture-android-12	cypher-graph-id-predicate	64	1	fixture-android-12	1	0	0	1	0	18823	1	1	63	1	0
graph-id-property-wrapped-contains-target-13-zero	graph-id	graph-id-property-wrapped-contains	zero	graph-id-equals-and-wrapped-contains	graph-routing	properties	200	fixture-android-13	fixture-android-13	1	99b23d6e37ddba640f96acd0d7b903185c9b38cc0e6df93374f9fe569bbc4c38	success	0	147	805c8c7334c868e18e2be84be95b83cc60895722d739c2b164a68be4cd410c49	667376			cypher-graph-id-predicate	64	1	fixture-android-13	1	0	0	1	0	2	1	1	63	1	0
graph-id-property-wrapped-contains-target-13-targeted	graph-id	graph-id-property-wrapped-contains	targeted	graph-id-equals-and-wrapped-contains	graph-routing	properties	200	fixture-android-13	fixture-android-13	1	99b23d6e37ddba640f96acd0d7b903185c9b38cc0e6df93374f9fe569bbc4c38	success	5	2824	ebb699b5b0554cc639408add00ca9d9aae37f3553c5e6ea606cb7e66e171933f	1885551		fixture-android-13	cypher-graph-id-predicate	64	1	fixture-android-13	1	0	0	1	0	315	1	1	63	1	0
graph-id-property-wrapped-contains-target-13-dense	graph-id	graph-id-property-wrapped-contains	dense	graph-id-equals-and-wrapped-contains	graph-routing	properties	200	fixture-android-13	fixture-android-13	1	99b23d6e37ddba640f96acd0d7b903185c9b38cc0e6df93374f9fe569bbc4c38	success	200	86344	2e714969993f2a86ba5c715dc52b2c7d6dbaed9b2320da2399ecdf29ec9f1e4e	5581660		fixture-android-13	cypher-graph-id-predicate	64	1	fixture-android-13	1	0	0	1	0	19375	1	1	63	1	0
graph-id-property-wrapped-contains-target-14-zero	graph-id	graph-id-property-wrapped-contains	zero	graph-id-equals-and-wrapped-contains	graph-routing	properties	200	fixture-android-14	fixture-android-14	1	caf42d54ef3437f216c963929327ed5ef3f52ce080fa2be4c3305c2370617ab1	success	0	147	805c8c7334c868e18e2be84be95b83cc60895722d739c2b164a68be4cd410c49	476840			cypher-graph-id-predicate	64	1	fixture-android-14	1	0	0	1	0	2	1	1	63	1	0
graph-id-property-wrapped-contains-target-14-targeted	graph-id	graph-id-property-wrapped-contains	targeted	graph-id-equals-and-wrapped-contains	graph-routing	properties	200	fixture-android-14	fixture-android-14	1	caf42d54ef3437f216c963929327ed5ef3f52ce080fa2be4c3305c2370617ab1	success	3	1887	cfce92c06f8a0a93444f0ec3592aad57c255799cc7a1286e673f5c8cc3173d20	1911960		fixture-android-14	cypher-graph-id-predicate	64	1	fixture-android-14	1	0	0	1	0	381	1	1	63	1	0
graph-id-property-wrapped-contains-target-14-dense	graph-id	graph-id-property-wrapped-contains	dense	graph-id-equals-and-wrapped-contains	graph-routing	properties	200	fixture-android-14	fixture-android-14	1	caf42d54ef3437f216c963929327ed5ef3f52ce080fa2be4c3305c2370617ab1	success	200	88102	f384f54b9e0494c603dd9e83eb2ca0ad0386a359a2e1d6a356e225c072977e41	5269858		fixture-android-14	cypher-graph-id-predicate	64	1	fixture-android-14	1	0	0	1	0	18675	1	1	63	1	0
graph-id-property-wrapped-contains-target-15-zero	graph-id	graph-id-property-wrapped-contains	zero	graph-id-equals-and-wrapped-contains	graph-routing	properties	200	fixture-android-15	fixture-android-15	1	396286291622042417a1e42f88e1a07f9e973d88a4b45b59c7408d3e8fe8e4cd	success	0	147	805c8c7334c868e18e2be84be95b83cc60895722d739c2b164a68be4cd410c49	484525			cypher-graph-id-predicate	64	1	fixture-android-15	1	0	0	1	0	2	1	1	63	1	0
graph-id-property-wrapped-contains-target-15-targeted	graph-id	graph-id-property-wrapped-contains	targeted	graph-id-equals-and-wrapped-contains	graph-routing	properties	200	fixture-android-15	fixture-android-15	1	396286291622042417a1e42f88e1a07f9e973d88a4b45b59c7408d3e8fe8e4cd	success	1	765	ae20f86c5a0d43140079bdbb52041ad145178823d6189b8171bbe58dc0d82dcc	1303664		fixture-android-15	cypher-graph-id-predicate	64	1	fixture-android-15	1	0	0	1	0	401	1	1	63	1	0
graph-id-property-wrapped-contains-target-15-dense	graph-id	graph-id-property-wrapped-contains	dense	graph-id-equals-and-wrapped-contains	graph-routing	properties	200	fixture-android-15	fixture-android-15	1	396286291622042417a1e42f88e1a07f9e973d88a4b45b59c7408d3e8fe8e4cd	success	200	82358	6db1e45464dd1e42fc627a3ee68393b586d132e4817f87f1da72cb180e7925bb	3707311		fixture-android-15	cypher-graph-id-predicate	64	1	fixture-android-15	1	0	0	1	0	17032	1	1	63	1	0
graph-id-property-wrapped-contains-target-16-zero	graph-id	graph-id-property-wrapped-contains	zero	graph-id-equals-and-wrapped-contains	graph-routing	properties	200	fixture-tika-00	fixture-tika-00	1	3ffa856892be3e0263f2c72254cefdb4bafce48e10eea2a8426b6af88f144658	success	0	147	805c8c7334c868e18e2be84be95b83cc60895722d739c2b164a68be4cd410c49	416248			cypher-graph-id-predicate	64	1	fixture-tika-00	1	0	0	1	0	2	1	1	63	1	0
graph-id-property-wrapped-contains-target-16-targeted	graph-id	graph-id-property-wrapped-contains	targeted	graph-id-equals-and-wrapped-contains	graph-routing	properties	200	fixture-tika-00	fixture-tika-00	1	3ffa856892be3e0263f2c72254cefdb4bafce48e10eea2a8426b6af88f144658	success	1	771	41ad9b5110585bc89df35b9d0a0c6bd66daaf6c239b4212552d078b2f2a28c34	1104793		fixture-tika-00	cypher-graph-id-predicate	64	1	fixture-tika-00	1	0	0	1	0	470	1	1	63	1	0
graph-id-property-wrapped-contains-target-16-dense	graph-id	graph-id-property-wrapped-contains	dense	graph-id-equals-and-wrapped-contains	graph-routing	properties	200	fixture-tika-00	fixture-tika-00	1	3ffa856892be3e0263f2c72254cefdb4bafce48e10eea2a8426b6af88f144658	success	200	94237	51b180cd96740a311cc61165baa84cc05517b2f28ac6c70debc25f8e14514414	3337892		fixture-tika-00	cypher-graph-id-predicate	64	1	fixture-tika-00	1	0	0	1	0	11538	1	1	63	1	0
graph-id-property-wrapped-contains-target-17-zero	graph-id	graph-id-property-wrapped-contains	zero	graph-id-equals-and-wrapped-contains	graph-routing	properties	200	fixture-tika-01	fixture-tika-01	1	5bd11253ba6bcbac28c2d0805dbd50585f63593fbbabbc299bce9c8b5e4238f0	success	0	147	805c8c7334c868e18e2be84be95b83cc60895722d739c2b164a68be4cd410c49	459718			cypher-graph-id-predicate	64	1	fixture-tika-01	1	0	0	1	0	2	1	1	63	1	0
graph-id-property-wrapped-contains-target-17-targeted	graph-id	graph-id-property-wrapped-contains	targeted	graph-id-equals-and-wrapped-contains	graph-routing	properties	200	fixture-tika-01	fixture-tika-01	1	5bd11253ba6bcbac28c2d0805dbd50585f63593fbbabbc299bce9c8b5e4238f0	success	5	2976	7d286938fe2f40cd4cb86cd26be11c3221bfff86202fa9b705bdc1c77967743f	838695		fixture-tika-01	cypher-graph-id-predicate	64	1	fixture-tika-01	1	0	0	1	0	451	1	1	63	1	0
graph-id-property-wrapped-contains-target-17-dense	graph-id	graph-id-property-wrapped-contains	dense	graph-id-equals-and-wrapped-contains	graph-routing	properties	200	fixture-tika-01	fixture-tika-01	1	5bd11253ba6bcbac28c2d0805dbd50585f63593fbbabbc299bce9c8b5e4238f0	success	200	92381	87c915d88746be4a40b85e67e7de71966365a455358cc138185e5c1f5bcf1251	3327993		fixture-tika-01	cypher-graph-id-predicate	64	1	fixture-tika-01	1	0	0	1	0	13126	1	1	63	1	0
graph-id-property-wrapped-contains-target-18-zero	graph-id	graph-id-property-wrapped-contains	zero	graph-id-equals-and-wrapped-contains	graph-routing	properties	200	fixture-tika-02	fixture-tika-02	1	4f53553340fcd09378fe28c9d287d1bd3c78d0e5004534ad87493f082178a0db	success	0	147	805c8c7334c868e18e2be84be95b83cc60895722d739c2b164a68be4cd410c49	572279			cypher-graph-id-predicate	64	1	fixture-tika-02	1	0	0	1	0	2	1	1	63	1	0
graph-id-property-wrapped-contains-target-18-targeted	graph-id	graph-id-property-wrapped-contains	targeted	graph-id-equals-and-wrapped-contains	graph-routing	properties	200	fixture-tika-02	fixture-tika-02	1	4f53553340fcd09378fe28c9d287d1bd3c78d0e5004534ad87493f082178a0db	success	12	6781	abf0682228739bdef1eb0d4b5b1449d7697f9412e644bd07a974f6e04213652e	938372		fixture-tika-02	cypher-graph-id-predicate	64	1	fixture-tika-02	1	0	0	1	0	442	1	1	63	1	0
graph-id-property-wrapped-contains-target-18-dense	graph-id	graph-id-property-wrapped-contains	dense	graph-id-equals-and-wrapped-contains	graph-routing	properties	200	fixture-tika-02	fixture-tika-02	1	4f53553340fcd09378fe28c9d287d1bd3c78d0e5004534ad87493f082178a0db	success	200	95198	7d65fbc43e0cf8a1d4323c709e6963c32bdea3f389f5b683f619eee1fd79dc90	2804927		fixture-tika-02	cypher-graph-id-predicate	64	1	fixture-tika-02	1	0	0	1	0	11847	1	1	63	1	0
graph-id-property-wrapped-contains-target-19-zero	graph-id	graph-id-property-wrapped-contains	zero	graph-id-equals-and-wrapped-contains	graph-routing	properties	200	fixture-tika-03	fixture-tika-03	1	e68986e5919884640710cc61d8f44310a6d888f55992390edbcc7ae70b8b8fa8	success	0	147	805c8c7334c868e18e2be84be95b83cc60895722d739c2b164a68be4cd410c49	407151			cypher-graph-id-predicate	64	1	fixture-tika-03	1	0	0	1	0	2	1	1	63	1	0
graph-id-property-wrapped-contains-target-19-targeted	graph-id	graph-id-property-wrapped-contains	targeted	graph-id-equals-and-wrapped-contains	graph-routing	properties	200	fixture-tika-03	fixture-tika-03	1	e68986e5919884640710cc61d8f44310a6d888f55992390edbcc7ae70b8b8fa8	success	11	6327	72232d5a8299b69c619beb4cebd0967a4ca8f1378844d7914f795f7c5126cc48	800154		fixture-tika-03	cypher-graph-id-predicate	64	1	fixture-tika-03	1	0	0	1	0	473	1	1	63	1	0
graph-id-property-wrapped-contains-target-19-dense	graph-id	graph-id-property-wrapped-contains	dense	graph-id-equals-and-wrapped-contains	graph-routing	properties	200	fixture-tika-03	fixture-tika-03	1	e68986e5919884640710cc61d8f44310a6d888f55992390edbcc7ae70b8b8fa8	success	200	96673	6ab8193cda24a8f589b0e7412ffcc3549afc3180a092c899437bb3ef2f8324ef	2940390		fixture-tika-03	cypher-graph-id-predicate	64	1	fixture-tika-03	1	0	0	1	0	11300	1	1	63	1	0
graph-id-property-wrapped-contains-target-20-zero	graph-id	graph-id-property-wrapped-contains	zero	graph-id-equals-and-wrapped-contains	graph-routing	properties	200	fixture-tika-04	fixture-tika-04	1	2d9d29e96c28d6df21e1933cc2da3a076217ec4c30461070c5e997e04aa952cb	success	0	147	805c8c7334c868e18e2be84be95b83cc60895722d739c2b164a68be4cd410c49	405126			cypher-graph-id-predicate	64	1	fixture-tika-04	1	0	0	1	0	2	1	1	63	1	0
graph-id-property-wrapped-contains-target-20-targeted	graph-id	graph-id-property-wrapped-contains	targeted	graph-id-equals-and-wrapped-contains	graph-routing	properties	200	fixture-tika-04	fixture-tika-04	1	2d9d29e96c28d6df21e1933cc2da3a076217ec4c30461070c5e997e04aa952cb	success	1	763	7811e1c0f64fb9174b112349d7a5f89fec8a71f59a6b66db3b1e97241f5dc93c	892947		fixture-tika-04	cypher-graph-id-predicate	64	1	fixture-tika-04	1	0	0	1	0	404	1	1	63	1	0
graph-id-property-wrapped-contains-target-20-dense	graph-id	graph-id-property-wrapped-contains	dense	graph-id-equals-and-wrapped-contains	graph-routing	properties	200	fixture-tika-04	fixture-tika-04	1	2d9d29e96c28d6df21e1933cc2da3a076217ec4c30461070c5e997e04aa952cb	success	200	91604	a93cd6116bda146e01916f4ab7d54aa664da5b5c2287de109c82d6c48fcd38f8	3507578		fixture-tika-04	cypher-graph-id-predicate	64	1	fixture-tika-04	1	0	0	1	0	12430	1	1	63	1	0
graph-id-property-wrapped-contains-target-21-zero	graph-id	graph-id-property-wrapped-contains	zero	graph-id-equals-and-wrapped-contains	graph-routing	properties	200	fixture-tika-05	fixture-tika-05	1	a70ca503c8d7edc9fd5b26430e9c4bd9517cfcf9084469733cfeff8a4fef63f8	success	0	147	805c8c7334c868e18e2be84be95b83cc60895722d739c2b164a68be4cd410c49	1414320			cypher-graph-id-predicate	64	1	fixture-tika-05	1	0	0	1	0	2	1	1	63	1	0
graph-id-property-wrapped-contains-target-21-targeted	graph-id	graph-id-property-wrapped-contains	targeted	graph-id-equals-and-wrapped-contains	graph-routing	properties	200	fixture-tika-05	fixture-tika-05	1	a70ca503c8d7edc9fd5b26430e9c4bd9517cfcf9084469733cfeff8a4fef63f8	success	1	765	1cf450577b12b3b6a7c19f53479709a92a169add0c4f9defecbc55254bf8d5b3	877328		fixture-tika-05	cypher-graph-id-predicate	64	1	fixture-tika-05	1	0	0	1	0	472	1	1	63	1	0
graph-id-property-wrapped-contains-target-21-dense	graph-id	graph-id-property-wrapped-contains	dense	graph-id-equals-and-wrapped-contains	graph-routing	properties	200	fixture-tika-05	fixture-tika-05	1	a70ca503c8d7edc9fd5b26430e9c4bd9517cfcf9084469733cfeff8a4fef63f8	success	200	96334	eb6b03599a26f520b43896ee6af6cb6d2a3ec0783b66a0bcb29642b029a4b6eb	2029008		fixture-tika-05	cypher-graph-id-predicate	64	1	fixture-tika-05	1	0	0	1	0	12222	1	1	63	1	0
graph-id-property-wrapped-contains-target-22-zero	graph-id	graph-id-property-wrapped-contains	zero	graph-id-equals-and-wrapped-contains	graph-routing	properties	200	fixture-tika-06	fixture-tika-06	1	629a75c155a37bcac72d6d131b20156694ded2e8aa1abe1c7f03ac03374020b7	success	0	147	805c8c7334c868e18e2be84be95b83cc60895722d739c2b164a68be4cd410c49	533906			cypher-graph-id-predicate	64	1	fixture-tika-06	1	0	0	1	0	2	1	1	63	1	0
graph-id-property-wrapped-contains-target-22-targeted	graph-id	graph-id-property-wrapped-contains	targeted	graph-id-equals-and-wrapped-contains	graph-routing	properties	200	fixture-tika-06	fixture-tika-06	1	629a75c155a37bcac72d6d131b20156694ded2e8aa1abe1c7f03ac03374020b7	success	11	6331	43d88524d9da26840d520d8260a6801a2d864c2023e9806c3df4a5e673a5fd66	2537087		fixture-tika-06	cypher-graph-id-predicate	64	1	fixture-tika-06	1	0	0	1	0	488	1	1	63	1	0
graph-id-property-wrapped-contains-target-22-dense	graph-id	graph-id-property-wrapped-contains	dense	graph-id-equals-and-wrapped-contains	graph-routing	properties	200	fixture-tika-06	fixture-tika-06	1	629a75c155a37bcac72d6d131b20156694ded2e8aa1abe1c7f03ac03374020b7	success	200	98397	b1cc908cf8cd6a2354b320afca9ad225990c59be93a53ddc3912afb3b0d46d7b	2709348		fixture-tika-06	cypher-graph-id-predicate	64	1	fixture-tika-06	1	0	0	1	0	11649	1	1	63	1	0
graph-id-property-wrapped-contains-target-23-zero	graph-id	graph-id-property-wrapped-contains	zero	graph-id-equals-and-wrapped-contains	graph-routing	properties	200	fixture-tika-07	fixture-tika-07	1	1f60bc193af0a0c32ae2bc0a840b7da98c896a5343d2d4a4871500ea55b0d8a0	success	0	147	805c8c7334c868e18e2be84be95b83cc60895722d739c2b164a68be4cd410c49	495606			cypher-graph-id-predicate	64	1	fixture-tika-07	1	0	0	1	0	2	1	1	63	1	0
graph-id-property-wrapped-contains-target-23-targeted	graph-id	graph-id-property-wrapped-contains	targeted	graph-id-equals-and-wrapped-contains	graph-routing	properties	200	fixture-tika-07	fixture-tika-07	1	1f60bc193af0a0c32ae2bc0a840b7da98c896a5343d2d4a4871500ea55b0d8a0	success	11	6135	718b52d4d32659cb9b39b84bdb87d6226a9be4436e73fa316936d1333dfa50c0	762073		fixture-tika-07	cypher-graph-id-predicate	64	1	fixture-tika-07	1	0	0	1	0	462	1	1	63	1	0
graph-id-property-wrapped-contains-target-23-dense	graph-id	graph-id-property-wrapped-contains	dense	graph-id-equals-and-wrapped-contains	graph-routing	properties	200	fixture-tika-07	fixture-tika-07	1	1f60bc193af0a0c32ae2bc0a840b7da98c896a5343d2d4a4871500ea55b0d8a0	success	200	95056	d5aa9163a912371065002f30549de9cefea57af859f009a275e381b0a849633e	2590416		fixture-tika-07	cypher-graph-id-predicate	64	1	fixture-tika-07	1	0	0	1	0	11781	1	1	63	1	0
graph-id-property-wrapped-contains-target-24-zero	graph-id	graph-id-property-wrapped-contains	zero	graph-id-equals-and-wrapped-contains	graph-routing	properties	200	fixture-tika-08	fixture-tika-08	1	e9768e2189edf3079c0f4ce1fe9374fe3873b9ef6253d25bd7952c9e3f9e2f89	success	0	147	805c8c7334c868e18e2be84be95b83cc60895722d739c2b164a68be4cd410c49	373236			cypher-graph-id-predicate	64	1	fixture-tika-08	1	0	0	1	0	2	1	1	63	1	0
graph-id-property-wrapped-contains-target-24-targeted	graph-id	graph-id-property-wrapped-contains	targeted	graph-id-equals-and-wrapped-contains	graph-routing	properties	200	fixture-tika-08	fixture-tika-08	1	e9768e2189edf3079c0f4ce1fe9374fe3873b9ef6253d25bd7952c9e3f9e2f89	success	1	754	033650595463ffba6f1f515fc8a38ba023fdd37a0e2442442be40f2d8baee0b4	675762		fixture-tika-08	cypher-graph-id-predicate	64	1	fixture-tika-08	1	0	0	1	0	503	1	1	63	1	0
graph-id-property-wrapped-contains-target-24-dense	graph-id	graph-id-property-wrapped-contains	dense	graph-id-equals-and-wrapped-contains	graph-routing	properties	200	fixture-tika-08	fixture-tika-08	1	e9768e2189edf3079c0f4ce1fe9374fe3873b9ef6253d25bd7952c9e3f9e2f89	success	200	96144	13cc3d04be15c5d98101b6676211e0260c08571becd6cbc7be1dcfad1b7efce8	3090259		fixture-tika-08	cypher-graph-id-predicate	64	1	fixture-tika-08	1	0	0	1	0	13300	1	1	63	1	0
graph-id-property-wrapped-contains-target-25-zero	graph-id	graph-id-property-wrapped-contains	zero	graph-id-equals-and-wrapped-contains	graph-routing	properties	200	fixture-tika-09	fixture-tika-09	1	f96e2b0b7f375cf347f289b0d59b047835095d1452b52dcff16ad07fa5ff5aaa	success	0	147	805c8c7334c868e18e2be84be95b83cc60895722d739c2b164a68be4cd410c49	1159654			cypher-graph-id-predicate	64	1	fixture-tika-09	1	0	0	1	0	2	1	1	63	1	0
graph-id-property-wrapped-contains-target-25-targeted	graph-id	graph-id-property-wrapped-contains	targeted	graph-id-equals-and-wrapped-contains	graph-routing	properties	200	fixture-tika-09	fixture-tika-09	1	f96e2b0b7f375cf347f289b0d59b047835095d1452b52dcff16ad07fa5ff5aaa	success	17	9434	57a7fb26e2c1557848eddaabb17076d92c9b2ef2e0ff6b92be3de4374fe1fa9b	1007281		fixture-tika-09	cypher-graph-id-predicate	64	1	fixture-tika-09	1	0	0	1	0	429	1	1	63	1	0
graph-id-property-wrapped-contains-target-25-dense	graph-id	graph-id-property-wrapped-contains	dense	graph-id-equals-and-wrapped-contains	graph-routing	properties	200	fixture-tika-09	fixture-tika-09	1	f96e2b0b7f375cf347f289b0d59b047835095d1452b52dcff16ad07fa5ff5aaa	success	200	90260	d606d19bfcb83b224b953bd70176bc52dc06d427ef6ab3d0cc311bc6ed6fc260	2883363		fixture-tika-09	cypher-graph-id-predicate	64	1	fixture-tika-09	1	0	0	1	0	13018	1	1	63	1	0
graph-id-property-wrapped-contains-target-26-zero	graph-id	graph-id-property-wrapped-contains	zero	graph-id-equals-and-wrapped-contains	graph-routing	properties	200	fixture-tika-10	fixture-tika-10	1	724e820888f0db8884af940cbe8a364f2dce6bfc9b2c72fb09abe933fa439c0c	success	0	147	805c8c7334c868e18e2be84be95b83cc60895722d739c2b164a68be4cd410c49	678427			cypher-graph-id-predicate	64	1	fixture-tika-10	1	0	0	1	0	2	1	1	63	1	0
graph-id-property-wrapped-contains-target-26-targeted	graph-id	graph-id-property-wrapped-contains	targeted	graph-id-equals-and-wrapped-contains	graph-routing	properties	200	fixture-tika-10	fixture-tika-10	1	724e820888f0db8884af940cbe8a364f2dce6bfc9b2c72fb09abe933fa439c0c	success	1	791	550bd45f802381cb65ea30928a856fc0c2bc207cbfc2a147aad4312130548c9a	730955		fixture-tika-10	cypher-graph-id-predicate	64	1	fixture-tika-10	1	0	0	1	0	436	1	1	63	1	0
graph-id-property-wrapped-contains-target-26-dense	graph-id	graph-id-property-wrapped-contains	dense	graph-id-equals-and-wrapped-contains	graph-routing	properties	200	fixture-tika-10	fixture-tika-10	1	724e820888f0db8884af940cbe8a364f2dce6bfc9b2c72fb09abe933fa439c0c	success	200	96089	d0bdae62973cb737c05eda37d83d6fd7dea4520a7f87acdd4ed9a2fba1f97888	2872926		fixture-tika-10	cypher-graph-id-predicate	64	1	fixture-tika-10	1	0	0	1	0	13760	1	1	63	1	0
graph-id-property-wrapped-contains-target-27-zero	graph-id	graph-id-property-wrapped-contains	zero	graph-id-equals-and-wrapped-contains	graph-routing	properties	200	fixture-tika-11	fixture-tika-11	1	947144f7fe63615dab1057f152a266b87c870ae6b1d136ebead3ef2860ecaaf9	success	0	147	805c8c7334c868e18e2be84be95b83cc60895722d739c2b164a68be4cd410c49	331830			cypher-graph-id-predicate	64	1	fixture-tika-11	1	0	0	1	0	2	1	1	63	1	0
graph-id-property-wrapped-contains-target-27-targeted	graph-id	graph-id-property-wrapped-contains	targeted	graph-id-equals-and-wrapped-contains	graph-routing	properties	200	fixture-tika-11	fixture-tika-11	1	947144f7fe63615dab1057f152a266b87c870ae6b1d136ebead3ef2860ecaaf9	success	14	8030	e1858d468e2cee9daff29f91791894b539cc1c9bfb8d57bb0eaa364a24ec0f04	3585373		fixture-tika-11	cypher-graph-id-predicate	64	1	fixture-tika-11	1	0	0	1	0	455	1	1	63	1	0
graph-id-property-wrapped-contains-target-27-dense	graph-id	graph-id-property-wrapped-contains	dense	graph-id-equals-and-wrapped-contains	graph-routing	properties	200	fixture-tika-11	fixture-tika-11	1	947144f7fe63615dab1057f152a266b87c870ae6b1d136ebead3ef2860ecaaf9	success	200	95559	bcb492a91a247979acd291eaea381c0db6d952c0baff29193145ae7356b00907	2887431		fixture-tika-11	cypher-graph-id-predicate	64	1	fixture-tika-11	1	0	0	1	0	12739	1	1	63	1	0
graph-id-property-wrapped-contains-target-28-zero	graph-id	graph-id-property-wrapped-contains	zero	graph-id-equals-and-wrapped-contains	graph-routing	properties	200	fixture-tika-12	fixture-tika-12	1	333b320af3f398d083e1d44b1a79e54fa546da12ce118f18db6f7cc3387398c8	success	0	147	805c8c7334c868e18e2be84be95b83cc60895722d739c2b164a68be4cd410c49	597158			cypher-graph-id-predicate	64	1	fixture-tika-12	1	0	0	1	0	2	1	1	63	1	0
graph-id-property-wrapped-contains-target-28-targeted	graph-id	graph-id-property-wrapped-contains	targeted	graph-id-equals-and-wrapped-contains	graph-routing	properties	200	fixture-tika-12	fixture-tika-12	1	333b320af3f398d083e1d44b1a79e54fa546da12ce118f18db6f7cc3387398c8	success	12	6370	8871e0dc77f7df7110f742adaac439b8d2f4e912a3a21e1793fda026e0955f9b	811816		fixture-tika-12	cypher-graph-id-predicate	64	1	fixture-tika-12	1	0	0	1	0	394	1	1	63	1	0
graph-id-property-wrapped-contains-target-28-dense	graph-id	graph-id-property-wrapped-contains	dense	graph-id-equals-and-wrapped-contains	graph-routing	properties	200	fixture-tika-12	fixture-tika-12	1	333b320af3f398d083e1d44b1a79e54fa546da12ce118f18db6f7cc3387398c8	success	200	101142	3ec255435f1804ca883e61ce69218b0c9b6812e5f4d6241be813f3a04980ff78	1983468		fixture-tika-12	cypher-graph-id-predicate	64	1	fixture-tika-12	1	0	0	1	0	12087	1	1	63	1	0
graph-id-property-wrapped-contains-target-29-zero	graph-id	graph-id-property-wrapped-contains	zero	graph-id-equals-and-wrapped-contains	graph-routing	properties	200	fixture-tika-13	fixture-tika-13	1	697a328efd3d35078aa3cf7115b978f697299f7e0612d464eae79dc1cbc3f3c7	success	0	147	805c8c7334c868e18e2be84be95b83cc60895722d739c2b164a68be4cd410c49	312413			cypher-graph-id-predicate	64	1	fixture-tika-13	1	0	0	1	0	4	1	1	63	1	0
graph-id-property-wrapped-contains-target-29-targeted	graph-id	graph-id-property-wrapped-contains	targeted	graph-id-equals-and-wrapped-contains	graph-routing	properties	200	fixture-tika-13	fixture-tika-13	1	697a328efd3d35078aa3cf7115b978f697299f7e0612d464eae79dc1cbc3f3c7	success	1	759	7c9cbf2db3468e4d9ec5f9ce37c29746bb3071949804d250165a0310edd3182c	1473531		fixture-tika-13	cypher-graph-id-predicate	64	1	fixture-tika-13	1	0	0	1	0	395	1	1	63	1	0
graph-id-property-wrapped-contains-target-29-dense	graph-id	graph-id-property-wrapped-contains	dense	graph-id-equals-and-wrapped-contains	graph-routing	properties	200	fixture-tika-13	fixture-tika-13	1	697a328efd3d35078aa3cf7115b978f697299f7e0612d464eae79dc1cbc3f3c7	success	200	96005	cb6245f16fc1df4cadc32295db3c94d74d99d6ac24ca00ba686085574c3842f9	2803664		fixture-tika-13	cypher-graph-id-predicate	64	1	fixture-tika-13	1	0	0	1	0	12019	1	1	63	1	0
graph-id-property-wrapped-contains-target-30-zero	graph-id	graph-id-property-wrapped-contains	zero	graph-id-equals-and-wrapped-contains	graph-routing	properties	200	fixture-tika-14	fixture-tika-14	1	530ac22d92e73256c57c4e234fccac50105308bcc26304451ee74f20a619f7a5	success	0	147	805c8c7334c868e18e2be84be95b83cc60895722d739c2b164a68be4cd410c49	372204			cypher-graph-id-predicate	64	1	fixture-tika-14	1	0	0	1	0	2	1	1	63	1	0
graph-id-property-wrapped-contains-target-30-targeted	graph-id	graph-id-property-wrapped-contains	targeted	graph-id-equals-and-wrapped-contains	graph-routing	properties	200	fixture-tika-14	fixture-tika-14	1	530ac22d92e73256c57c4e234fccac50105308bcc26304451ee74f20a619f7a5	success	10	5866	c85815e1257e7d89a547803b839a8fa3d5c32a25ad93fc4df95c67dd0df38386	1035563		fixture-tika-14	cypher-graph-id-predicate	64	1	fixture-tika-14	1	0	0	1	0	497	1	1	63	1	0
graph-id-property-wrapped-contains-target-30-dense	graph-id	graph-id-property-wrapped-contains	dense	graph-id-equals-and-wrapped-contains	graph-routing	properties	200	fixture-tika-14	fixture-tika-14	1	530ac22d92e73256c57c4e234fccac50105308bcc26304451ee74f20a619f7a5	success	200	95471	766b9ef7e8ecf0adce38af75461cc8c431950c6a78cf29871668bb82bbc59681	3462424		fixture-tika-14	cypher-graph-id-predicate	64	1	fixture-tika-14	1	0	0	1	0	12857	1	1	63	1	0
graph-id-property-wrapped-contains-target-31-zero	graph-id	graph-id-property-wrapped-contains	zero	graph-id-equals-and-wrapped-contains	graph-routing	properties	200	fixture-tika-15	fixture-tika-15	1	80331285783d790177bcaeeebf677e98900445b2273d41781c6e07aa5683a500	success	0	147	805c8c7334c868e18e2be84be95b83cc60895722d739c2b164a68be4cd410c49	416998			cypher-graph-id-predicate	64	1	fixture-tika-15	1	0	0	1	0	2	1	1	63	1	0
graph-id-property-wrapped-contains-target-31-targeted	graph-id	graph-id-property-wrapped-contains	targeted	graph-id-equals-and-wrapped-contains	graph-routing	properties	200	fixture-tika-15	fixture-tika-15	1	80331285783d790177bcaeeebf677e98900445b2273d41781c6e07aa5683a500	success	1	779	5b2641a56fc0d1ce3cad560f98de3ab642d893c5f6c2be5bb57444732d364805	3154018		fixture-tika-15	cypher-graph-id-predicate	64	1	fixture-tika-15	1	0	0	1	0	456	1	1	63	1	0
graph-id-property-wrapped-contains-target-31-dense	graph-id	graph-id-property-wrapped-contains	dense	graph-id-equals-and-wrapped-contains	graph-routing	properties	200	fixture-tika-15	fixture-tika-15	1	80331285783d790177bcaeeebf677e98900445b2273d41781c6e07aa5683a500	success	200	90493	6cea2d1b1fba9817e31904018fa5ce3734b41bb641feab5c7c6849206b05e3c1	3551099		fixture-tika-15	cypher-graph-id-predicate	64	1	fixture-tika-15	1	0	0	1	0	14166	1	1	63	1	0
graph-id-property-wrapped-contains-target-32-zero	graph-id	graph-id-property-wrapped-contains	zero	graph-id-equals-and-wrapped-contains	graph-routing	properties	200	fixture-hive-00	fixture-hive-00	1	ea11677be4d3166ee79e7aa4f8c5ff603c5cb6bb9f65649cfc46854eedb1b466	success	0	147	805c8c7334c868e18e2be84be95b83cc60895722d739c2b164a68be4cd410c49	432828			cypher-graph-id-predicate	64	1	fixture-hive-00	1	0	0	1	0	2	1	1	63	1	0
graph-id-property-wrapped-contains-target-32-targeted	graph-id	graph-id-property-wrapped-contains	targeted	graph-id-equals-and-wrapped-contains	graph-routing	properties	200	fixture-hive-00	fixture-hive-00	1	ea11677be4d3166ee79e7aa4f8c5ff603c5cb6bb9f65649cfc46854eedb1b466	success	4	2862	72e96499d86d64ae9da267f3b15791817d4250f06a8dfea9d09edd8c3c23a440	752835		fixture-hive-00	cypher-graph-id-predicate	64	1	fixture-hive-00	1	0	0	1	0	483	1	1	63	1	0
graph-id-property-wrapped-contains-target-32-dense	graph-id	graph-id-property-wrapped-contains	dense	graph-id-equals-and-wrapped-contains	graph-routing	properties	200	fixture-hive-00	fixture-hive-00	1	ea11677be4d3166ee79e7aa4f8c5ff603c5cb6bb9f65649cfc46854eedb1b466	success	200	92864	0ad6a5ae10cb27d8dd28af205e0df8ebd79b3e1ca0079c8c876100ee108fc38d	3442088		fixture-hive-00	cypher-graph-id-predicate	64	1	fixture-hive-00	1	0	0	1	0	16392	1	1	63	1	0
graph-id-property-wrapped-contains-target-33-zero	graph-id	graph-id-property-wrapped-contains	zero	graph-id-equals-and-wrapped-contains	graph-routing	properties	200	fixture-hive-01	fixture-hive-01	1	3a9bab8befb64a5c5518ec83add10138c13ae31dfad00b5a26547f3cfc2bf0bb	success	0	147	805c8c7334c868e18e2be84be95b83cc60895722d739c2b164a68be4cd410c49	381062			cypher-graph-id-predicate	64	1	fixture-hive-01	1	0	0	1	0	2	1	1	63	1	0
graph-id-property-wrapped-contains-target-33-targeted	graph-id	graph-id-property-wrapped-contains	targeted	graph-id-equals-and-wrapped-contains	graph-routing	properties	200	fixture-hive-01	fixture-hive-01	1	3a9bab8befb64a5c5518ec83add10138c13ae31dfad00b5a26547f3cfc2bf0bb	success	4	2862	5436abb5d5a82ddf1b71cf6459ce0de5fe56d25b825b58b20bbe8cace9e3cde7	907885		fixture-hive-01	cypher-graph-id-predicate	64	1	fixture-hive-01	1	0	0	1	0	496	1	1	63	1	0
graph-id-property-wrapped-contains-target-33-dense	graph-id	graph-id-property-wrapped-contains	dense	graph-id-equals-and-wrapped-contains	graph-routing	properties	200	fixture-hive-01	fixture-hive-01	1	3a9bab8befb64a5c5518ec83add10138c13ae31dfad00b5a26547f3cfc2bf0bb	success	200	92578	e10f119cab32a77f2d8107211e2addcc69d3ab151ee08f60199ff7a8db9b6a1c	2017076		fixture-hive-01	cypher-graph-id-predicate	64	1	fixture-hive-01	1	0	0	1	0	12654	1	1	63	1	0
graph-id-property-wrapped-contains-target-34-zero	graph-id	graph-id-property-wrapped-contains	zero	graph-id-equals-and-wrapped-contains	graph-routing	properties	200	fixture-hive-02	fixture-hive-02	1	058d31d4f0a17f6c8e80480702d6c2099e48867673bc0a8d99037f2244a27bbf	success	0	147	805c8c7334c868e18e2be84be95b83cc60895722d739c2b164a68be4cd410c49	1106525			cypher-graph-id-predicate	64	1	fixture-hive-02	1	0	0	1	0	2	1	1	63	1	0
graph-id-property-wrapped-contains-target-34-targeted	graph-id	graph-id-property-wrapped-contains	targeted	graph-id-equals-and-wrapped-contains	graph-routing	properties	200	fixture-hive-02	fixture-hive-02	1	058d31d4f0a17f6c8e80480702d6c2099e48867673bc0a8d99037f2244a27bbf	success	4	2883	e83a01bd4b4e8f51ba0c51a53e73f87ec8dd6170bd60b37ef57b4eb9aba8bcc7	684067		fixture-hive-02	cypher-graph-id-predicate	64	1	fixture-hive-02	1	0	0	1	0	503	1	1	63	1	0
graph-id-property-wrapped-contains-target-34-dense	graph-id	graph-id-property-wrapped-contains	dense	graph-id-equals-and-wrapped-contains	graph-routing	properties	200	fixture-hive-02	fixture-hive-02	1	058d31d4f0a17f6c8e80480702d6c2099e48867673bc0a8d99037f2244a27bbf	success	200	94183	b06f89a813919b2f4278637c18773fe7508c48351caa08a76cefe1f54c9b7715	3104484		fixture-hive-02	cypher-graph-id-predicate	64	1	fixture-hive-02	1	0	0	1	0	14868	1	1	63	1	0
graph-id-property-wrapped-contains-target-35-zero	graph-id	graph-id-property-wrapped-contains	zero	graph-id-equals-and-wrapped-contains	graph-routing	properties	200	fixture-hive-03	fixture-hive-03	1	bc37ba5880a9fc3e89dea2bf6571ad8db10f8c499dfca7c678b831d8edb064fe	success	0	147	805c8c7334c868e18e2be84be95b83cc60895722d739c2b164a68be4cd410c49	454809			cypher-graph-id-predicate	64	1	fixture-hive-03	1	0	0	1	0	2	1	1	63	1	0
graph-id-property-wrapped-contains-target-35-targeted	graph-id	graph-id-property-wrapped-contains	targeted	graph-id-equals-and-wrapped-contains	graph-routing	properties	200	fixture-hive-03	fixture-hive-03	1	bc37ba5880a9fc3e89dea2bf6571ad8db10f8c499dfca7c678b831d8edb064fe	success	1	771	134378d176ef9559b3b9b40557762648c5aa55be889ba8cb2e7f752130b85ab7	705187		fixture-hive-03	cypher-graph-id-predicate	64	1	fixture-hive-03	1	0	0	1	0	430	1	1	63	1	0
graph-id-property-wrapped-contains-target-35-dense	graph-id	graph-id-property-wrapped-contains	dense	graph-id-equals-and-wrapped-contains	graph-routing	properties	200	fixture-hive-03	fixture-hive-03	1	bc37ba5880a9fc3e89dea2bf6571ad8db10f8c499dfca7c678b831d8edb064fe	success	200	91613	71eca3baa7c5adda9a19daaba5b66d08f4d30beebcfc1f6f8f3125a009484e93	2484659		fixture-hive-03	cypher-graph-id-predicate	64	1	fixture-hive-03	1	0	0	1	0	15134	1	1	63	1	0
graph-id-property-wrapped-contains-target-36-zero	graph-id	graph-id-property-wrapped-contains	zero	graph-id-equals-and-wrapped-contains	graph-routing	properties	200	fixture-hive-04	fixture-hive-04	1	d6abca6af79ede3e783b4b1d1bb2f17c22db5cf0b5c70506d31ea6d33509dcc5	success	0	147	805c8c7334c868e18e2be84be95b83cc60895722d739c2b164a68be4cd410c49	352468			cypher-graph-id-predicate	64	1	fixture-hive-04	1	0	0	1	0	2	1	1	63	1	0
graph-id-property-wrapped-contains-target-36-targeted	graph-id	graph-id-property-wrapped-contains	targeted	graph-id-equals-and-wrapped-contains	graph-routing	properties	200	fixture-hive-04	fixture-hive-04	1	d6abca6af79ede3e783b4b1d1bb2f17c22db5cf0b5c70506d31ea6d33509dcc5	success	1	795	6f5022183da52ea8cb963f17c4b86a6270dc9bfe0ca358e5ec7d6bdf4c95879f	1139126		fixture-hive-04	cypher-graph-id-predicate	64	1	fixture-hive-04	1	0	0	1	0	509	1	1	63	1	0
graph-id-property-wrapped-contains-target-36-dense	graph-id	graph-id-property-wrapped-contains	dense	graph-id-equals-and-wrapped-contains	graph-routing	properties	200	fixture-hive-04	fixture-hive-04	1	d6abca6af79ede3e783b4b1d1bb2f17c22db5cf0b5c70506d31ea6d33509dcc5	success	200	91716	5d2df55fe9df550bd17a462dbec1bd958f7c0d5940c160537976ecc80d5cb22f	3379600		fixture-hive-04	cypher-graph-id-predicate	64	1	fixture-hive-04	1	0	0	1	0	13326	1	1	63	1	0
graph-id-property-wrapped-contains-target-37-zero	graph-id	graph-id-property-wrapped-contains	zero	graph-id-equals-and-wrapped-contains	graph-routing	properties	200	fixture-hive-05	fixture-hive-05	1	f7f4c2e85299b39f0b295436a0a678be80ea1fe4bd065c984fac7e3e79c02a1f	success	0	147	805c8c7334c868e18e2be84be95b83cc60895722d739c2b164a68be4cd410c49	388135			cypher-graph-id-predicate	64	1	fixture-hive-05	1	0	0	1	0	2	1	1	63	1	0
graph-id-property-wrapped-contains-target-37-targeted	graph-id	graph-id-property-wrapped-contains	targeted	graph-id-equals-and-wrapped-contains	graph-routing	properties	200	fixture-hive-05	fixture-hive-05	1	f7f4c2e85299b39f0b295436a0a678be80ea1fe4bd065c984fac7e3e79c02a1f	success	51	31472	b9433fbd59011f3771f14c8abacb0cbca913b3ccb9b85649a8f98d4c6f628703	3124974		fixture-hive-05	cypher-graph-id-predicate	64	1	fixture-hive-05	1	0	0	1	0	549	1	1	63	1	0
graph-id-property-wrapped-contains-target-37-dense	graph-id	graph-id-property-wrapped-contains	dense	graph-id-equals-and-wrapped-contains	graph-routing	properties	200	fixture-hive-05	fixture-hive-05	1	f7f4c2e85299b39f0b295436a0a678be80ea1fe4bd065c984fac7e3e79c02a1f	success	200	91795	dbb6e258143695218279e10cbea2bf21ad0c5b1330a8fc3e3470b176ae0b6f42	3393796		fixture-hive-05	cypher-graph-id-predicate	64	1	fixture-hive-05	1	0	0	1	0	14029	1	1	63	1	0
graph-id-property-wrapped-contains-target-38-zero	graph-id	graph-id-property-wrapped-contains	zero	graph-id-equals-and-wrapped-contains	graph-routing	properties	200	fixture-hive-06	fixture-hive-06	1	ddfe0a17a6b176061c6908248fc9bbb24510f00e8ed40c2c068587464d0ab767	success	0	147	805c8c7334c868e18e2be84be95b83cc60895722d739c2b164a68be4cd410c49	602953			cypher-graph-id-predicate	64	1	fixture-hive-06	1	0	0	1	0	2	1	1	63	1	0
graph-id-property-wrapped-contains-target-38-targeted	graph-id	graph-id-property-wrapped-contains	targeted	graph-id-equals-and-wrapped-contains	graph-routing	properties	200	fixture-hive-06	fixture-hive-06	1	ddfe0a17a6b176061c6908248fc9bbb24510f00e8ed40c2c068587464d0ab767	success	1	801	6e224732564976ab3ad1b488a2dcb0c2a2f84050ab25d529f41b87f4de3c406c	1018481		fixture-hive-06	cypher-graph-id-predicate	64	1	fixture-hive-06	1	0	0	1	0	494	1	1	63	1	0
graph-id-property-wrapped-contains-target-38-dense	graph-id	graph-id-property-wrapped-contains	dense	graph-id-equals-and-wrapped-contains	graph-routing	properties	200	fixture-hive-06	fixture-hive-06	1	ddfe0a17a6b176061c6908248fc9bbb24510f00e8ed40c2c068587464d0ab767	success	200	92968	77adda61bf8a66745500e9e1b739302ae425b75af5d5199095bd9c0f56151e04	2088629		fixture-hive-06	cypher-graph-id-predicate	64	1	fixture-hive-06	1	0	0	1	0	14074	1	1	63	1	0
graph-id-property-wrapped-contains-target-39-zero	graph-id	graph-id-property-wrapped-contains	zero	graph-id-equals-and-wrapped-contains	graph-routing	properties	200	fixture-hive-07	fixture-hive-07	1	5b909537f8397e9b454c56026974d9a0348f5c6147e1f2169fbaaa2eb1645822	success	0	147	805c8c7334c868e18e2be84be95b83cc60895722d739c2b164a68be4cd410c49	270655			cypher-graph-id-predicate	64	1	fixture-hive-07	1	0	0	1	0	2	1	1	63	1	0
graph-id-property-wrapped-contains-target-39-targeted	graph-id	graph-id-property-wrapped-contains	targeted	graph-id-equals-and-wrapped-contains	graph-routing	properties	200	fixture-hive-07	fixture-hive-07	1	5b909537f8397e9b454c56026974d9a0348f5c6147e1f2169fbaaa2eb1645822	success	4	2855	db8e5b7500b38c30ff9ca554407e1c3f066cc32ce80520e31c63fe8f4f34048e	1292913		fixture-hive-07	cypher-graph-id-predicate	64	1	fixture-hive-07	1	0	0	1	0	540	1	1	63	1	0
graph-id-property-wrapped-contains-target-39-dense	graph-id	graph-id-property-wrapped-contains	dense	graph-id-equals-and-wrapped-contains	graph-routing	properties	200	fixture-hive-07	fixture-hive-07	1	5b909537f8397e9b454c56026974d9a0348f5c6147e1f2169fbaaa2eb1645822	success	200	91298	153dc7ab9d3d22961d16bfae52d0b5cd4c7d97177e0e57e7c086294f37d00f0f	2006827		fixture-hive-07	cypher-graph-id-predicate	64	1	fixture-hive-07	1	0	0	1	0	13588	1	1	63	1	0
graph-id-property-wrapped-contains-target-40-zero	graph-id	graph-id-property-wrapped-contains	zero	graph-id-equals-and-wrapped-contains	graph-routing	properties	200	fixture-hive-08	fixture-hive-08	1	a73da7b76b921f77b9fadceff4ca8a9274fa7524e6ce2fb87c035b118fdb9e31	success	0	147	805c8c7334c868e18e2be84be95b83cc60895722d739c2b164a68be4cd410c49	504742			cypher-graph-id-predicate	64	1	fixture-hive-08	1	0	0	1	0	2	1	1	63	1	0
graph-id-property-wrapped-contains-target-40-targeted	graph-id	graph-id-property-wrapped-contains	targeted	graph-id-equals-and-wrapped-contains	graph-routing	properties	200	fixture-hive-08	fixture-hive-08	1	a73da7b76b921f77b9fadceff4ca8a9274fa7524e6ce2fb87c035b118fdb9e31	success	4	2911	6520445594f6fc1d080f2e441beea159540f21b52c555b515dbd7ba1fee2a37f	914698		fixture-hive-08	cypher-graph-id-predicate	64	1	fixture-hive-08	1	0	0	1	0	549	1	1	63	1	0
graph-id-property-wrapped-contains-target-40-dense	graph-id	graph-id-property-wrapped-contains	dense	graph-id-equals-and-wrapped-contains	graph-routing	properties	200	fixture-hive-08	fixture-hive-08	1	a73da7b76b921f77b9fadceff4ca8a9274fa7524e6ce2fb87c035b118fdb9e31	success	200	95189	6547ed796970ad3186785ae6dc7d6b1328d226d1878e5144fdb98c21fcba06f9	2237357		fixture-hive-08	cypher-graph-id-predicate	64	1	fixture-hive-08	1	0	0	1	0	15256	1	1	63	1	0
graph-id-property-wrapped-contains-target-41-zero	graph-id	graph-id-property-wrapped-contains	zero	graph-id-equals-and-wrapped-contains	graph-routing	properties	200	fixture-hive-09	fixture-hive-09	1	295df7bb9f479be56469bcfb34b70c143d1aff6e47944b80de9fd42e774be779	success	0	147	805c8c7334c868e18e2be84be95b83cc60895722d739c2b164a68be4cd410c49	1588102			cypher-graph-id-predicate	64	1	fixture-hive-09	1	0	0	1	0	2	1	1	63	1	0
graph-id-property-wrapped-contains-target-41-targeted	graph-id	graph-id-property-wrapped-contains	targeted	graph-id-equals-and-wrapped-contains	graph-routing	properties	200	fixture-hive-09	fixture-hive-09	1	295df7bb9f479be56469bcfb34b70c143d1aff6e47944b80de9fd42e774be779	success	4	2883	42fd2fd2ff37d34c0cfb2146cde4be9387147a4cc07443bd58969c3f1e25556e	715897		fixture-hive-09	cypher-graph-id-predicate	64	1	fixture-hive-09	1	0	0	1	0	519	1	1	63	1	0
graph-id-property-wrapped-contains-target-41-dense	graph-id	graph-id-property-wrapped-contains	dense	graph-id-equals-and-wrapped-contains	graph-routing	properties	200	fixture-hive-09	fixture-hive-09	1	295df7bb9f479be56469bcfb34b70c143d1aff6e47944b80de9fd42e774be779	success	200	92146	1d23f5a918b6a408d8eae300e7aa799801aecc62fcc85667af567e3c95156cb9	2624799		fixture-hive-09	cypher-graph-id-predicate	64	1	fixture-hive-09	1	0	0	1	0	14450	1	1	63	1	0
graph-id-property-wrapped-contains-target-42-zero	graph-id	graph-id-property-wrapped-contains	zero	graph-id-equals-and-wrapped-contains	graph-routing	properties	200	fixture-hive-10	fixture-hive-10	1	e942f277a2b44bd11b03bd9380dd5388338721030a1701c31ff2277dd8f8cd9a	success	0	147	805c8c7334c868e18e2be84be95b83cc60895722d739c2b164a68be4cd410c49	488692			cypher-graph-id-predicate	64	1	fixture-hive-10	1	0	0	1	0	2	1	1	63	1	0
graph-id-property-wrapped-contains-target-42-targeted	graph-id	graph-id-property-wrapped-contains	targeted	graph-id-equals-and-wrapped-contains	graph-routing	properties	200	fixture-hive-10	fixture-hive-10	1	e942f277a2b44bd11b03bd9380dd5388338721030a1701c31ff2277dd8f8cd9a	success	63	39077	2d20a012ee335ff72d99f67135e1ac36defbca676c07a298d3df15c7c1e33f7d	920959		fixture-hive-10	cypher-graph-id-predicate	64	1	fixture-hive-10	1	0	0	1	0	548	1	1	63	1	0
graph-id-property-wrapped-contains-target-42-dense	graph-id	graph-id-property-wrapped-contains	dense	graph-id-equals-and-wrapped-contains	graph-routing	properties	200	fixture-hive-10	fixture-hive-10	1	e942f277a2b44bd11b03bd9380dd5388338721030a1701c31ff2277dd8f8cd9a	success	200	93248	bd7a2cfc84011237aca413f8fd4b6ee9130043dc1530bc214cc965d935dc3d88	2062039		fixture-hive-10	cypher-graph-id-predicate	64	1	fixture-hive-10	1	0	0	1	0	12690	1	1	63	1	0
graph-id-property-wrapped-contains-target-43-zero	graph-id	graph-id-property-wrapped-contains	zero	graph-id-equals-and-wrapped-contains	graph-routing	properties	200	fixture-hive-11	fixture-hive-11	1	fc0779b8fe9d9937d1e4cb4a3dba1379fc83c9a81125f4350e46a986c8531889	success	0	147	805c8c7334c868e18e2be84be95b83cc60895722d739c2b164a68be4cd410c49	223538			cypher-graph-id-predicate	64	1	fixture-hive-11	1	0	0	1	0	2	1	1	63	1	0
graph-id-property-wrapped-contains-target-43-targeted	graph-id	graph-id-property-wrapped-contains	targeted	graph-id-equals-and-wrapped-contains	graph-routing	properties	200	fixture-hive-11	fixture-hive-11	1	fc0779b8fe9d9937d1e4cb4a3dba1379fc83c9a81125f4350e46a986c8531889	success	4	2743	a7aaae25732eb3fc39e7e9697120f6a4534e52262fb153e4201e51d7b31e4606	482892		fixture-hive-11	cypher-graph-id-predicate	64	1	fixture-hive-11	1	0	0	1	0	433	1	1	63	1	0
graph-id-property-wrapped-contains-target-43-dense	graph-id	graph-id-property-wrapped-contains	dense	graph-id-equals-and-wrapped-contains	graph-routing	properties	200	fixture-hive-11	fixture-hive-11	1	fc0779b8fe9d9937d1e4cb4a3dba1379fc83c9a81125f4350e46a986c8531889	success	200	94063	f5c81d8aabcfe449e1a20e1133f0ce5a6c25cde54cfb7e82531ff93f87b6f89e	2635200		fixture-hive-11	cypher-graph-id-predicate	64	1	fixture-hive-11	1	0	0	1	0	14425	1	1	63	1	0
graph-id-property-wrapped-contains-target-44-zero	graph-id	graph-id-property-wrapped-contains	zero	graph-id-equals-and-wrapped-contains	graph-routing	properties	200	fixture-hive-12	fixture-hive-12	1	b0c62bc41512e26a42d23ec1fd21c12eb0d433e252eed22e92d2246689f7489a	success	0	147	805c8c7334c868e18e2be84be95b83cc60895722d739c2b164a68be4cd410c49	263932			cypher-graph-id-predicate	64	1	fixture-hive-12	1	0	0	1	0	2	1	1	63	1	0
graph-id-property-wrapped-contains-target-44-targeted	graph-id	graph-id-property-wrapped-contains	targeted	graph-id-equals-and-wrapped-contains	graph-routing	properties	200	fixture-hive-12	fixture-hive-12	1	b0c62bc41512e26a42d23ec1fd21c12eb0d433e252eed22e92d2246689f7489a	success	4	2890	b8c7750587d3cb95373de074cba017cf14e5d85811bfc8cc2b49fa06615dc14f	2901888		fixture-hive-12	cypher-graph-id-predicate	64	1	fixture-hive-12	1	0	0	1	0	506	1	1	63	1	0
graph-id-property-wrapped-contains-target-44-dense	graph-id	graph-id-property-wrapped-contains	dense	graph-id-equals-and-wrapped-contains	graph-routing	properties	200	fixture-hive-12	fixture-hive-12	1	b0c62bc41512e26a42d23ec1fd21c12eb0d433e252eed22e92d2246689f7489a	success	200	90517	901cb7ad5a7cef604f7264d87d81f85a7b3e521b0175839dd61f15fa140b58cf	3162504		fixture-hive-12	cypher-graph-id-predicate	64	1	fixture-hive-12	1	0	0	1	0	13479	1	1	63	1	0
graph-id-property-wrapped-contains-target-45-zero	graph-id	graph-id-property-wrapped-contains	zero	graph-id-equals-and-wrapped-contains	graph-routing	properties	200	fixture-hive-13	fixture-hive-13	1	2f758a1599ac4d799ee27ae81f81bfe54bc6240d59e8f003bf5cd782742affd0	success	0	147	805c8c7334c868e18e2be84be95b83cc60895722d739c2b164a68be4cd410c49	511165			cypher-graph-id-predicate	64	1	fixture-hive-13	1	0	0	1	0	2	1	1	63	1	0
graph-id-property-wrapped-contains-target-45-targeted	graph-id	graph-id-property-wrapped-contains	targeted	graph-id-equals-and-wrapped-contains	graph-routing	properties	200	fixture-hive-13	fixture-hive-13	1	2f758a1599ac4d799ee27ae81f81bfe54bc6240d59e8f003bf5cd782742affd0	success	1	807	7a2ea6e6b7c61f333c01be975226570ddf428683fdf6c4eb419e09457718acf9	754358		fixture-hive-13	cypher-graph-id-predicate	64	1	fixture-hive-13	1	0	0	1	0	535	1	1	63	1	0
graph-id-property-wrapped-contains-target-45-dense	graph-id	graph-id-property-wrapped-contains	dense	graph-id-equals-and-wrapped-contains	graph-routing	properties	200	fixture-hive-13	fixture-hive-13	1	2f758a1599ac4d799ee27ae81f81bfe54bc6240d59e8f003bf5cd782742affd0	success	200	92534	8ce2fca3adf975e2913f1d7a0f91465f04ef5e5cdbaaa1f51ca68901be616480	3788032		fixture-hive-13	cypher-graph-id-predicate	64	1	fixture-hive-13	1	0	0	1	0	13584	1	1	63	1	0
graph-id-property-wrapped-contains-target-46-zero	graph-id	graph-id-property-wrapped-contains	zero	graph-id-equals-and-wrapped-contains	graph-routing	properties	200	fixture-hive-14	fixture-hive-14	1	960cf66cc8af0003002afe076d1f893b29b2a55fabfac7d5316eb3e3b9c46f67	success	0	147	805c8c7334c868e18e2be84be95b83cc60895722d739c2b164a68be4cd410c49	317803			cypher-graph-id-predicate	64	1	fixture-hive-14	1	0	0	1	0	2	1	1	63	1	0
graph-id-property-wrapped-contains-target-46-targeted	graph-id	graph-id-property-wrapped-contains	targeted	graph-id-equals-and-wrapped-contains	graph-routing	properties	200	fixture-hive-14	fixture-hive-14	1	960cf66cc8af0003002afe076d1f893b29b2a55fabfac7d5316eb3e3b9c46f67	success	45	27605	5de372ca8e19ec486456452fc7bd2d9f18c4d7b0beb5e238b24073911e1d2e3a	899880		fixture-hive-14	cypher-graph-id-predicate	64	1	fixture-hive-14	1	0	0	1	0	498	1	1	63	1	0
graph-id-property-wrapped-contains-target-46-dense	graph-id	graph-id-property-wrapped-contains	dense	graph-id-equals-and-wrapped-contains	graph-routing	properties	200	fixture-hive-14	fixture-hive-14	1	960cf66cc8af0003002afe076d1f893b29b2a55fabfac7d5316eb3e3b9c46f67	success	200	96641	3ad39c9167b00424c5957087068cab90d47268c9063b8d9e565113275edd98c8	2950819		fixture-hive-14	cypher-graph-id-predicate	64	1	fixture-hive-14	1	0	0	1	0	13971	1	1	63	1	0
graph-id-property-wrapped-contains-target-47-zero	graph-id	graph-id-property-wrapped-contains	zero	graph-id-equals-and-wrapped-contains	graph-routing	properties	200	fixture-hive-15	fixture-hive-15	1	d5c3f70f4e04fa9e3851b5ba956c39c64ff3bf4c48028255a069369d65d3e3dc	success	0	147	805c8c7334c868e18e2be84be95b83cc60895722d739c2b164a68be4cd410c49	409244			cypher-graph-id-predicate	64	1	fixture-hive-15	1	0	0	1	0	2	1	1	63	1	0
graph-id-property-wrapped-contains-target-47-targeted	graph-id	graph-id-property-wrapped-contains	targeted	graph-id-equals-and-wrapped-contains	graph-routing	properties	200	fixture-hive-15	fixture-hive-15	1	d5c3f70f4e04fa9e3851b5ba956c39c64ff3bf4c48028255a069369d65d3e3dc	success	66	40159	fcfc173325ae104971344d6daea93c8089a472f712f938cfbd16c519ba82c551	898197		fixture-hive-15	cypher-graph-id-predicate	64	1	fixture-hive-15	1	0	0	1	0	510	1	1	63	1	0
graph-id-property-wrapped-contains-target-47-dense	graph-id	graph-id-property-wrapped-contains	dense	graph-id-equals-and-wrapped-contains	graph-routing	properties	200	fixture-hive-15	fixture-hive-15	1	d5c3f70f4e04fa9e3851b5ba956c39c64ff3bf4c48028255a069369d65d3e3dc	success	200	97359	d162ad37d2e7b659e55cddb63b7d42e922fbd2396ae9679f7648226751bb7a13	2755564		fixture-hive-15	cypher-graph-id-predicate	64	1	fixture-hive-15	1	0	0	1	0	13221	1	1	63	1	0
graph-id-property-wrapped-contains-target-48-zero	graph-id	graph-id-property-wrapped-contains	zero	graph-id-equals-and-wrapped-contains	graph-routing	properties	200	fixture-kotlin-compiler-00	fixture-kotlin-compiler-00	1	e0590ddba3b9b9f8de79bee6771cc2f41482d9bcf2b6d495c533f4d523602a1c	success	0	147	805c8c7334c868e18e2be84be95b83cc60895722d739c2b164a68be4cd410c49	360533			cypher-graph-id-predicate	64	1	fixture-kotlin-compiler-00	1	0	0	1	0	2	1	1	63	1	0
graph-id-property-wrapped-contains-target-48-targeted	graph-id	graph-id-property-wrapped-contains	targeted	graph-id-equals-and-wrapped-contains	graph-routing	properties	200	fixture-kotlin-compiler-00	fixture-kotlin-compiler-00	1	e0590ddba3b9b9f8de79bee6771cc2f41482d9bcf2b6d495c533f4d523602a1c	success	10	6351	274597a5e0e535d6581734920f9ffbc39062a84a13ad9d85823a8f12df219dfd	660613		fixture-kotlin-compiler-00	cypher-graph-id-predicate	64	1	fixture-kotlin-compiler-00	1	0	0	1	0	453	1	1	63	1	0
graph-id-property-wrapped-contains-target-48-dense	graph-id	graph-id-property-wrapped-contains	dense	graph-id-equals-and-wrapped-contains	graph-routing	properties	200	fixture-kotlin-compiler-00	fixture-kotlin-compiler-00	1	e0590ddba3b9b9f8de79bee6771cc2f41482d9bcf2b6d495c533f4d523602a1c	success	200	97301	4abd067ea3c7496241f2623586a132809a81e33bd08c7645b717be3ee7ee2542	3002605		fixture-kotlin-compiler-00	cypher-graph-id-predicate	64	1	fixture-kotlin-compiler-00	1	0	0	1	0	12409	1	1	63	1	0
graph-id-property-wrapped-contains-target-49-zero	graph-id	graph-id-property-wrapped-contains	zero	graph-id-equals-and-wrapped-contains	graph-routing	properties	200	fixture-kotlin-compiler-01	fixture-kotlin-compiler-01	1	a2378f34cd746f343988852d75ea5d50b8bfe89e6cd965dacb19b742e3a8c966	success	0	147	805c8c7334c868e18e2be84be95b83cc60895722d739c2b164a68be4cd410c49	352288			cypher-graph-id-predicate	64	1	fixture-kotlin-compiler-01	1	0	0	1	0	2	1	1	63	1	0
graph-id-property-wrapped-contains-target-49-targeted	graph-id	graph-id-property-wrapped-contains	targeted	graph-id-equals-and-wrapped-contains	graph-routing	properties	200	fixture-kotlin-compiler-01	fixture-kotlin-compiler-01	1	a2378f34cd746f343988852d75ea5d50b8bfe89e6cd965dacb19b742e3a8c966	success	4	2598	d72c68d3fe0e8e0257e28136dfcba3f279a31d304b51dc9611dfa7b0f16169a8	659892		fixture-kotlin-compiler-01	cypher-graph-id-predicate	64	1	fixture-kotlin-compiler-01	1	0	0	1	0	500	1	1	63	1	0
graph-id-property-wrapped-contains-target-49-dense	graph-id	graph-id-property-wrapped-contains	dense	graph-id-equals-and-wrapped-contains	graph-routing	properties	200	fixture-kotlin-compiler-01	fixture-kotlin-compiler-01	1	a2378f34cd746f343988852d75ea5d50b8bfe89e6cd965dacb19b742e3a8c966	success	200	95854	6848b85ce01299f2ea05bcca3edaa8c69792c61113aeaea43a401f01793bb61d	1813065		fixture-kotlin-compiler-01	cypher-graph-id-predicate	64	1	fixture-kotlin-compiler-01	1	0	0	1	0	12047	1	1	63	1	0
graph-id-property-wrapped-contains-target-50-zero	graph-id	graph-id-property-wrapped-contains	zero	graph-id-equals-and-wrapped-contains	graph-routing	properties	200	fixture-kotlin-compiler-02	fixture-kotlin-compiler-02	1	b4996e09ff7c9fb90ce978374faa803d01485382a499402abfd9028048b79bf7	success	0	147	805c8c7334c868e18e2be84be95b83cc60895722d739c2b164a68be4cd410c49	210112			cypher-graph-id-predicate	64	1	fixture-kotlin-compiler-02	1	0	0	1	0	2	1	1	63	1	0
graph-id-property-wrapped-contains-target-50-targeted	graph-id	graph-id-property-wrapped-contains	targeted	graph-id-equals-and-wrapped-contains	graph-routing	properties	200	fixture-kotlin-compiler-02	fixture-kotlin-compiler-02	1	b4996e09ff7c9fb90ce978374faa803d01485382a499402abfd9028048b79bf7	success	1	791	85dd6bfd8cfa28628294c822275e5bb7a279ea8142c47ff362a55c060e68da37	408502		fixture-kotlin-compiler-02	cypher-graph-id-predicate	64	1	fixture-kotlin-compiler-02	1	0	0	1	0	440	1	1	63	1	0
graph-id-property-wrapped-contains-target-50-dense	graph-id	graph-id-property-wrapped-contains	dense	graph-id-equals-and-wrapped-contains	graph-routing	properties	200	fixture-kotlin-compiler-02	fixture-kotlin-compiler-02	1	b4996e09ff7c9fb90ce978374faa803d01485382a499402abfd9028048b79bf7	success	200	91564	fbf180fab82c32493738bb60bb29955d3f45810bb23806d614f71964200069bc	2004784		fixture-kotlin-compiler-02	cypher-graph-id-predicate	64	1	fixture-kotlin-compiler-02	1	0	0	1	0	12211	1	1	63	1	0
graph-id-property-wrapped-contains-target-51-zero	graph-id	graph-id-property-wrapped-contains	zero	graph-id-equals-and-wrapped-contains	graph-routing	properties	200	fixture-kotlin-compiler-03	fixture-kotlin-compiler-03	1	a2350bbcc2f1ba8738ae72b167e586240ce7149551e3fba11f7a358d11b7801e	success	0	147	805c8c7334c868e18e2be84be95b83cc60895722d739c2b164a68be4cd410c49	2163880			cypher-graph-id-predicate	64	1	fixture-kotlin-compiler-03	1	0	0	1	0	2	1	1	63	1	0
graph-id-property-wrapped-contains-target-51-targeted	graph-id	graph-id-property-wrapped-contains	targeted	graph-id-equals-and-wrapped-contains	graph-routing	properties	200	fixture-kotlin-compiler-03	fixture-kotlin-compiler-03	1	a2350bbcc2f1ba8738ae72b167e586240ce7149551e3fba11f7a358d11b7801e	success	1	798	64ae9673d519a121b865dc50f576291bddc3c4c81c474d10cfb9d0da1dce7c60	642770		fixture-kotlin-compiler-03	cypher-graph-id-predicate	64	1	fixture-kotlin-compiler-03	1	0	0	1	0	517	1	1	63	1	0
graph-id-property-wrapped-contains-target-51-dense	graph-id	graph-id-property-wrapped-contains	dense	graph-id-equals-and-wrapped-contains	graph-routing	properties	200	fixture-kotlin-compiler-03	fixture-kotlin-compiler-03	1	a2350bbcc2f1ba8738ae72b167e586240ce7149551e3fba11f7a358d11b7801e	success	200	94730	d508f1cb1d0c5646118a68e8a87c49c66a454661e438e3f033289c173598f51f	2349006		fixture-kotlin-compiler-03	cypher-graph-id-predicate	64	1	fixture-kotlin-compiler-03	1	0	0	1	0	10940	1	1	63	1	0
graph-id-property-wrapped-contains-target-52-zero	graph-id	graph-id-property-wrapped-contains	zero	graph-id-equals-and-wrapped-contains	graph-routing	properties	200	fixture-kotlin-compiler-04	fixture-kotlin-compiler-04	1	1835d0591826a821b1c4a8a0df21cd273c40697176c253109b1663d9e56d64a0	success	0	147	805c8c7334c868e18e2be84be95b83cc60895722d739c2b164a68be4cd410c49	847723			cypher-graph-id-predicate	64	1	fixture-kotlin-compiler-04	1	0	0	1	0	2	1	1	63	1	0
graph-id-property-wrapped-contains-target-52-targeted	graph-id	graph-id-property-wrapped-contains	targeted	graph-id-equals-and-wrapped-contains	graph-routing	properties	200	fixture-kotlin-compiler-04	fixture-kotlin-compiler-04	1	1835d0591826a821b1c4a8a0df21cd273c40697176c253109b1663d9e56d64a0	success	1	792	6691abe0a1f608719107bf4ffc3fa52632123ab77cb7c2c3c6536cd32de533b1	1133817		fixture-kotlin-compiler-04	cypher-graph-id-predicate	64	1	fixture-kotlin-compiler-04	1	0	0	1	0	505	1	1	63	1	0
graph-id-property-wrapped-contains-target-52-dense	graph-id	graph-id-property-wrapped-contains	dense	graph-id-equals-and-wrapped-contains	graph-routing	properties	200	fixture-kotlin-compiler-04	fixture-kotlin-compiler-04	1	1835d0591826a821b1c4a8a0df21cd273c40697176c253109b1663d9e56d64a0	success	200	96891	db4b9bfadbbb61a039e76484090eda57349ec9585a7c795f46793352fb739e7c	2662871		fixture-kotlin-compiler-04	cypher-graph-id-predicate	64	1	fixture-kotlin-compiler-04	1	0	0	1	0	12680	1	1	63	1	0
graph-id-property-wrapped-contains-target-53-zero	graph-id	graph-id-property-wrapped-contains	zero	graph-id-equals-and-wrapped-contains	graph-routing	properties	200	fixture-kotlin-compiler-05	fixture-kotlin-compiler-05	1	65de36ec09041582c4ff4a57708f099a7d72d4907a327e47ae026767f5ff0db0	success	0	147	805c8c7334c868e18e2be84be95b83cc60895722d739c2b164a68be4cd410c49	470789			cypher-graph-id-predicate	64	1	fixture-kotlin-compiler-05	1	0	0	1	0	2	1	1	63	1	0
graph-id-property-wrapped-contains-target-53-targeted	graph-id	graph-id-property-wrapped-contains	targeted	graph-id-equals-and-wrapped-contains	graph-routing	properties	200	fixture-kotlin-compiler-05	fixture-kotlin-compiler-05	1	65de36ec09041582c4ff4a57708f099a7d72d4907a327e47ae026767f5ff0db0	success	6	3910	d987ccd9722d9cd5492fcbb62423f1a89bb41e05ea0e3fb44e7cc793b9656b12	453697		fixture-kotlin-compiler-05	cypher-graph-id-predicate	64	1	fixture-kotlin-compiler-05	1	0	0	1	0	432	1	1	63	1	0
graph-id-property-wrapped-contains-target-53-dense	graph-id	graph-id-property-wrapped-contains	dense	graph-id-equals-and-wrapped-contains	graph-routing	properties	200	fixture-kotlin-compiler-05	fixture-kotlin-compiler-05	1	65de36ec09041582c4ff4a57708f099a7d72d4907a327e47ae026767f5ff0db0	success	200	94720	c9e7b59e830a820a47234ca1fd54046d1c260db318e05adc24dc748ca7fe29c0	1840534		fixture-kotlin-compiler-05	cypher-graph-id-predicate	64	1	fixture-kotlin-compiler-05	1	0	0	1	0	12733	1	1	63	1	0
graph-id-property-wrapped-contains-target-54-zero	graph-id	graph-id-property-wrapped-contains	zero	graph-id-equals-and-wrapped-contains	graph-routing	properties	200	fixture-kotlin-compiler-06	fixture-kotlin-compiler-06	1	455e2dea20c33d78ad4888048700c76ead131cc5fff61b1b6745f3cf019d98c7	success	0	147	805c8c7334c868e18e2be84be95b83cc60895722d739c2b164a68be4cd410c49	218237			cypher-graph-id-predicate	64	1	fixture-kotlin-compiler-06	1	0	0	1	0	2	1	1	63	1	0
graph-id-property-wrapped-contains-target-54-targeted	graph-id	graph-id-property-wrapped-contains	targeted	graph-id-equals-and-wrapped-contains	graph-routing	properties	200	fixture-kotlin-compiler-06	fixture-kotlin-compiler-06	1	455e2dea20c33d78ad4888048700c76ead131cc5fff61b1b6745f3cf019d98c7	success	3	1869	5157205e66d4cebff8b628175c555fdb333564013eabc5f496e37f9a4ad2b606	477121		fixture-kotlin-compiler-06	cypher-graph-id-predicate	64	1	fixture-kotlin-compiler-06	1	0	0	1	0	433	1	1	63	1	0
graph-id-property-wrapped-contains-target-54-dense	graph-id	graph-id-property-wrapped-contains	dense	graph-id-equals-and-wrapped-contains	graph-routing	properties	200	fixture-kotlin-compiler-06	fixture-kotlin-compiler-06	1	455e2dea20c33d78ad4888048700c76ead131cc5fff61b1b6745f3cf019d98c7	success	200	92798	60b390f0b190e46f6fd1b4929641c7324c9142e0f18a85bc338e7b41ebe62db5	1860012		fixture-kotlin-compiler-06	cypher-graph-id-predicate	64	1	fixture-kotlin-compiler-06	1	0	0	1	0	12188	1	1	63	1	0
graph-id-property-wrapped-contains-target-55-zero	graph-id	graph-id-property-wrapped-contains	zero	graph-id-equals-and-wrapped-contains	graph-routing	properties	200	fixture-kotlin-compiler-07	fixture-kotlin-compiler-07	1	6c1c49dd5e3fe90a5fa68f9ab09606732d59b2cb006a42f463d6390d9a27f2a1	success	0	147	805c8c7334c868e18e2be84be95b83cc60895722d739c2b164a68be4cd410c49	271467			cypher-graph-id-predicate	64	1	fixture-kotlin-compiler-07	1	0	0	1	0	2	1	1	63	1	0
graph-id-property-wrapped-contains-target-55-targeted	graph-id	graph-id-property-wrapped-contains	targeted	graph-id-equals-and-wrapped-contains	graph-routing	properties	200	fixture-kotlin-compiler-07	fixture-kotlin-compiler-07	1	6c1c49dd5e3fe90a5fa68f9ab09606732d59b2cb006a42f463d6390d9a27f2a1	success	10	6054	f5c10be5db49f33f0b8307328bfb058b342da4d9241c33217038447620028ab5	479114		fixture-kotlin-compiler-07	cypher-graph-id-predicate	64	1	fixture-kotlin-compiler-07	1	0	0	1	0	540	1	1	63	1	0
graph-id-property-wrapped-contains-target-55-dense	graph-id	graph-id-property-wrapped-contains	dense	graph-id-equals-and-wrapped-contains	graph-routing	properties	200	fixture-kotlin-compiler-07	fixture-kotlin-compiler-07	1	6c1c49dd5e3fe90a5fa68f9ab09606732d59b2cb006a42f463d6390d9a27f2a1	success	200	96112	0f6d4800cdd86ccdf20aab2fe6bd2924f66d70c9fcca46057385e09ba151a798	1839604		fixture-kotlin-compiler-07	cypher-graph-id-predicate	64	1	fixture-kotlin-compiler-07	1	0	0	1	0	11861	1	1	63	1	0
graph-id-property-wrapped-contains-target-56-zero	graph-id	graph-id-property-wrapped-contains	zero	graph-id-equals-and-wrapped-contains	graph-routing	properties	200	fixture-kotlin-compiler-08	fixture-kotlin-compiler-08	1	37be466842d1f239df76fe55e92f6769fc0b2d6e47e43f0020c40a8ce8422cb0	success	0	147	805c8c7334c868e18e2be84be95b83cc60895722d739c2b164a68be4cd410c49	221123			cypher-graph-id-predicate	64	1	fixture-kotlin-compiler-08	1	0	0	1	0	2	1	1	63	1	0
graph-id-property-wrapped-contains-target-56-targeted	graph-id	graph-id-property-wrapped-contains	targeted	graph-id-equals-and-wrapped-contains	graph-routing	properties	200	fixture-kotlin-compiler-08	fixture-kotlin-compiler-08	1	37be466842d1f239df76fe55e92f6769fc0b2d6e47e43f0020c40a8ce8422cb0	success	1	802	7ebbe5301915ad5c39692b733c3f39851576d09270c89f830b9e80b342a866f6	607464		fixture-kotlin-compiler-08	cypher-graph-id-predicate	64	1	fixture-kotlin-compiler-08	1	0	0	1	0	570	1	1	63	1	0
graph-id-property-wrapped-contains-target-56-dense	graph-id	graph-id-property-wrapped-contains	dense	graph-id-equals-and-wrapped-contains	graph-routing	properties	200	fixture-kotlin-compiler-08	fixture-kotlin-compiler-08	1	37be466842d1f239df76fe55e92f6769fc0b2d6e47e43f0020c40a8ce8422cb0	success	200	93704	b778fc4edfb3c1031b90b2d3d121fd31958733afdc68d3f1cde538a17b738328	2425307		fixture-kotlin-compiler-08	cypher-graph-id-predicate	64	1	fixture-kotlin-compiler-08	1	0	0	1	0	12042	1	1	63	1	0
graph-id-property-wrapped-contains-target-57-zero	graph-id	graph-id-property-wrapped-contains	zero	graph-id-equals-and-wrapped-contains	graph-routing	properties	200	fixture-kotlin-compiler-09	fixture-kotlin-compiler-09	1	5bacb6648bba38e91cc033e69d42538b040b89f913b58ee2afebb53ba8d35c57	success	0	147	805c8c7334c868e18e2be84be95b83cc60895722d739c2b164a68be4cd410c49	247332			cypher-graph-id-predicate	64	1	fixture-kotlin-compiler-09	1	0	0	1	0	2	1	1	63	1	0
graph-id-property-wrapped-contains-target-57-targeted	graph-id	graph-id-property-wrapped-contains	targeted	graph-id-equals-and-wrapped-contains	graph-routing	properties	200	fixture-kotlin-compiler-09	fixture-kotlin-compiler-09	1	5bacb6648bba38e91cc033e69d42538b040b89f913b58ee2afebb53ba8d35c57	success	1	765	0812dc51126311be5cac082c5d39676905cd9a0811e6a08f17ec6343dc843471	637229		fixture-kotlin-compiler-09	cypher-graph-id-predicate	64	1	fixture-kotlin-compiler-09	1	0	0	1	0	413	1	1	63	1	0
graph-id-property-wrapped-contains-target-57-dense	graph-id	graph-id-property-wrapped-contains	dense	graph-id-equals-and-wrapped-contains	graph-routing	properties	200	fixture-kotlin-compiler-09	fixture-kotlin-compiler-09	1	5bacb6648bba38e91cc033e69d42538b040b89f913b58ee2afebb53ba8d35c57	success	200	99258	415f437224f091ed04a72fa493ee405ec437acfcfdf54dee50789c56e5356f10	2025482		fixture-kotlin-compiler-09	cypher-graph-id-predicate	64	1	fixture-kotlin-compiler-09	1	0	0	1	0	12430	1	1	63	1	0
graph-id-property-wrapped-contains-target-58-zero	graph-id	graph-id-property-wrapped-contains	zero	graph-id-equals-and-wrapped-contains	graph-routing	properties	200	fixture-kotlin-compiler-10	fixture-kotlin-compiler-10	1	634f1070c869c5f39ed7722d97b19c8976bc7fee623a8cfc705bcdd955e20759	success	0	147	805c8c7334c868e18e2be84be95b83cc60895722d739c2b164a68be4cd410c49	408713			cypher-graph-id-predicate	64	1	fixture-kotlin-compiler-10	1	0	0	1	0	2	1	1	63	1	0
graph-id-property-wrapped-contains-target-58-targeted	graph-id	graph-id-property-wrapped-contains	targeted	graph-id-equals-and-wrapped-contains	graph-routing	properties	200	fixture-kotlin-compiler-10	fixture-kotlin-compiler-10	1	634f1070c869c5f39ed7722d97b19c8976bc7fee623a8cfc705bcdd955e20759	success	12	7029	1df616dc12f8aa99df8ef1921ad6c878afdd2d37362d488527ffbb7ddbe7f6e3	475367		fixture-kotlin-compiler-10	cypher-graph-id-predicate	64	1	fixture-kotlin-compiler-10	1	0	0	1	0	505	1	1	63	1	0
graph-id-property-wrapped-contains-target-58-dense	graph-id	graph-id-property-wrapped-contains	dense	graph-id-equals-and-wrapped-contains	graph-routing	properties	200	fixture-kotlin-compiler-10	fixture-kotlin-compiler-10	1	634f1070c869c5f39ed7722d97b19c8976bc7fee623a8cfc705bcdd955e20759	success	200	94948	3f3fd3df372307937afdfd0915ce035266497833c5712760faf456eece659c97	4021775		fixture-kotlin-compiler-10	cypher-graph-id-predicate	64	1	fixture-kotlin-compiler-10	1	0	0	1	0	13503	1	1	63	1	0
graph-id-property-wrapped-contains-target-59-zero	graph-id	graph-id-property-wrapped-contains	zero	graph-id-equals-and-wrapped-contains	graph-routing	properties	200	fixture-kotlin-compiler-11	fixture-kotlin-compiler-11	1	9e1bbfe33d12ec072b828f417bb9dcdab26d7daecb14898f31eb2d73cdaff93c	success	0	147	805c8c7334c868e18e2be84be95b83cc60895722d739c2b164a68be4cd410c49	243615			cypher-graph-id-predicate	64	1	fixture-kotlin-compiler-11	1	0	0	1	0	2	1	1	63	1	0
graph-id-property-wrapped-contains-target-59-targeted	graph-id	graph-id-property-wrapped-contains	targeted	graph-id-equals-and-wrapped-contains	graph-routing	properties	200	fixture-kotlin-compiler-11	fixture-kotlin-compiler-11	1	9e1bbfe33d12ec072b828f417bb9dcdab26d7daecb14898f31eb2d73cdaff93c	success	11	6729	3d47749a3f582c73a2df58bf3f9b3beed9c001af5d9bd91af1d30abe76d3f524	604038		fixture-kotlin-compiler-11	cypher-graph-id-predicate	64	1	fixture-kotlin-compiler-11	1	0	0	1	0	494	1	1	63	1	0
graph-id-property-wrapped-contains-target-59-dense	graph-id	graph-id-property-wrapped-contains	dense	graph-id-equals-and-wrapped-contains	graph-routing	properties	200	fixture-kotlin-compiler-11	fixture-kotlin-compiler-11	1	9e1bbfe33d12ec072b828f417bb9dcdab26d7daecb14898f31eb2d73cdaff93c	success	200	89429	54106029dd8c0484e4d4612954bdb30eebd525f910018413d1ee09bf2ea5c8ac	2290085		fixture-kotlin-compiler-11	cypher-graph-id-predicate	64	1	fixture-kotlin-compiler-11	1	0	0	1	0	11438	1	1	63	1	0
graph-id-property-wrapped-contains-target-60-zero	graph-id	graph-id-property-wrapped-contains	zero	graph-id-equals-and-wrapped-contains	graph-routing	properties	200	fixture-kotlin-compiler-12	fixture-kotlin-compiler-12	1	45b0266366bbda196d2004ab993b070c325a01ec90b2c254cb7a89f0070e843a	success	0	147	805c8c7334c868e18e2be84be95b83cc60895722d739c2b164a68be4cd410c49	380209			cypher-graph-id-predicate	64	1	fixture-kotlin-compiler-12	1	0	0	1	0	2	1	1	63	1	0
graph-id-property-wrapped-contains-target-60-targeted	graph-id	graph-id-property-wrapped-contains	targeted	graph-id-equals-and-wrapped-contains	graph-routing	properties	200	fixture-kotlin-compiler-12	fixture-kotlin-compiler-12	1	45b0266366bbda196d2004ab993b070c325a01ec90b2c254cb7a89f0070e843a	success	13	7599	88379c6b80e2b23974c6b6a1e2c6fc3f3680ec705c71b7cecbc9a2228bf7fa26	553233		fixture-kotlin-compiler-12	cypher-graph-id-predicate	64	1	fixture-kotlin-compiler-12	1	0	0	1	0	530	1	1	63	1	0
graph-id-property-wrapped-contains-target-60-dense	graph-id	graph-id-property-wrapped-contains	dense	graph-id-equals-and-wrapped-contains	graph-routing	properties	200	fixture-kotlin-compiler-12	fixture-kotlin-compiler-12	1	45b0266366bbda196d2004ab993b070c325a01ec90b2c254cb7a89f0070e843a	success	200	94040	5d662b90e716477fff887768402c85462026d6042e22f1d7fafdb565b9f9efc8	1876393		fixture-kotlin-compiler-12	cypher-graph-id-predicate	64	1	fixture-kotlin-compiler-12	1	0	0	1	0	12063	1	1	63	1	0
graph-id-property-wrapped-contains-target-61-zero	graph-id	graph-id-property-wrapped-contains	zero	graph-id-equals-and-wrapped-contains	graph-routing	properties	200	fixture-kotlin-compiler-13	fixture-kotlin-compiler-13	1	aedca61396c53e1f40a6a8408974c2e44a02b0dd40978618ab51b02da9ecb430	success	0	147	805c8c7334c868e18e2be84be95b83cc60895722d739c2b164a68be4cd410c49	231412			cypher-graph-id-predicate	64	1	fixture-kotlin-compiler-13	1	0	0	1	0	2	1	1	63	1	0
graph-id-property-wrapped-contains-target-61-targeted	graph-id	graph-id-property-wrapped-contains	targeted	graph-id-equals-and-wrapped-contains	graph-routing	properties	200	fixture-kotlin-compiler-13	fixture-kotlin-compiler-13	1	aedca61396c53e1f40a6a8408974c2e44a02b0dd40978618ab51b02da9ecb430	success	8	5180	b6f5bd5828bd66e4f09f8198b509f3673986060cf32e2725dff13d9bcb4d6e9b	499312		fixture-kotlin-compiler-13	cypher-graph-id-predicate	64	1	fixture-kotlin-compiler-13	1	0	0	1	0	479	1	1	63	1	0
graph-id-property-wrapped-contains-target-61-dense	graph-id	graph-id-property-wrapped-contains	dense	graph-id-equals-and-wrapped-contains	graph-routing	properties	200	fixture-kotlin-compiler-13	fixture-kotlin-compiler-13	1	aedca61396c53e1f40a6a8408974c2e44a02b0dd40978618ab51b02da9ecb430	success	200	93638	00f9fdf9bf9dc94ccc0d67b35cb45c01a8e623cfaedfdb70da1cc1bfa69daf82	1857127		fixture-kotlin-compiler-13	cypher-graph-id-predicate	64	1	fixture-kotlin-compiler-13	1	0	0	1	0	12956	1	1	63	1	0
graph-id-property-wrapped-contains-target-62-zero	graph-id	graph-id-property-wrapped-contains	zero	graph-id-equals-and-wrapped-contains	graph-routing	properties	200	fixture-kotlin-compiler-14	fixture-kotlin-compiler-14	1	7f28ad9f946e8d01109ca70944e08883f52dd5c6cb287fa2d5fade1909b610b0	success	0	147	805c8c7334c868e18e2be84be95b83cc60895722d739c2b164a68be4cd410c49	527255			cypher-graph-id-predicate	64	1	fixture-kotlin-compiler-14	1	0	0	1	0	2	1	1	63	1	0
graph-id-property-wrapped-contains-target-62-targeted	graph-id	graph-id-property-wrapped-contains	targeted	graph-id-equals-and-wrapped-contains	graph-routing	properties	200	fixture-kotlin-compiler-14	fixture-kotlin-compiler-14	1	7f28ad9f946e8d01109ca70944e08883f52dd5c6cb287fa2d5fade1909b610b0	success	1	877	f04b3035acb1285487cb68f126c796fd316b35c6ce630f1e71efd88436bf28f2	481008		fixture-kotlin-compiler-14	cypher-graph-id-predicate	64	1	fixture-kotlin-compiler-14	1	0	0	1	0	470	1	1	63	1	0
graph-id-property-wrapped-contains-target-62-dense	graph-id	graph-id-property-wrapped-contains	dense	graph-id-equals-and-wrapped-contains	graph-routing	properties	200	fixture-kotlin-compiler-14	fixture-kotlin-compiler-14	1	7f28ad9f946e8d01109ca70944e08883f52dd5c6cb287fa2d5fade1909b610b0	success	200	97449	f19574ac46a01dafc16136d9e8c4835b8d40c72753078eb8a67a1d7d438dd937	2700345		fixture-kotlin-compiler-14	cypher-graph-id-predicate	64	1	fixture-kotlin-compiler-14	1	0	0	1	0	12121	1	1	63	1	0
graph-id-property-wrapped-contains-target-63-zero	graph-id	graph-id-property-wrapped-contains	zero	graph-id-equals-and-wrapped-contains	graph-routing	properties	200	fixture-kotlin-compiler-15	fixture-kotlin-compiler-15	1	86015e396789c5c1cf86d1df3b0b97987a7b461bfcfb129491f3d758793d1d65	success	0	147	805c8c7334c868e18e2be84be95b83cc60895722d739c2b164a68be4cd410c49	368498			cypher-graph-id-predicate	64	1	fixture-kotlin-compiler-15	1	0	0	1	0	2	1	1	63	1	0
graph-id-property-wrapped-contains-target-63-targeted	graph-id	graph-id-property-wrapped-contains	targeted	graph-id-equals-and-wrapped-contains	graph-routing	properties	200	fixture-kotlin-compiler-15	fixture-kotlin-compiler-15	1	86015e396789c5c1cf86d1df3b0b97987a7b461bfcfb129491f3d758793d1d65	success	1	778	1734729b6952d2a8eff267ca86b458aa4fd5e0c703c1fa60dd66478cd3c49356	579432		fixture-kotlin-compiler-15	cypher-graph-id-predicate	64	1	fixture-kotlin-compiler-15	1	0	0	1	0	484	1	1	63	1	0
graph-id-property-wrapped-contains-target-63-dense	graph-id	graph-id-property-wrapped-contains	dense	graph-id-equals-and-wrapped-contains	graph-routing	properties	200	fixture-kotlin-compiler-15	fixture-kotlin-compiler-15	1	86015e396789c5c1cf86d1df3b0b97987a7b461bfcfb129491f3d758793d1d65	success	200	91412	082721be4b0e9234c67505fe172c638dcb4ef8924db9c6264a191473dfc4e443	2319039		fixture-kotlin-compiler-15	cypher-graph-id-predicate	64	1	fixture-kotlin-compiler-15	1	0	0	1	0	11385	1	1	63	1	0
graph-id-function-wrapped-contains-target-00-zero	graph-id	graph-id-function-wrapped-contains	zero	graph-id-function-equals-and-wrapped-contains	graph-routing	properties	200	fixture-android-00	fixture-android-00	1	47c5f2f8275ab2447995a1b45a36cd5b0b70e258e0f75934abd1f0cef5c2b93e	success	0	147	805c8c7334c868e18e2be84be95b83cc60895722d739c2b164a68be4cd410c49	335266			cypher-graph-id-predicate	64	1	fixture-android-00	1	0	0	1	0	1	1	1	63	1	0
graph-id-function-wrapped-contains-target-00-targeted	graph-id	graph-id-function-wrapped-contains	targeted	graph-id-function-equals-and-wrapped-contains	graph-routing	properties	200	fixture-android-00	fixture-android-00	1	47c5f2f8275ab2447995a1b45a36cd5b0b70e258e0f75934abd1f0cef5c2b93e	success	10	5730	00c81103244dc6d42abdc3894d771e5a24957dcf7e5ad4d8dc686b1d7e0cb89e	188543		fixture-android-00	cypher-graph-id-predicate	64	1	fixture-android-00	1	0	0	1	0	10	1	1	63	1	0
graph-id-function-wrapped-contains-target-00-dense	graph-id	graph-id-function-wrapped-contains	dense	graph-id-function-equals-and-wrapped-contains	graph-routing	properties	200	fixture-android-00	fixture-android-00	1	47c5f2f8275ab2447995a1b45a36cd5b0b70e258e0f75934abd1f0cef5c2b93e	success	200	84411	3bdee68309e62bee93f47848258ded90b1763d55841fa57d8b8fd21867653c44	256760		fixture-android-00	cypher-graph-id-predicate	64	1	fixture-android-00	1	0	0	1	0	200	1	1	63	1	0
graph-id-function-wrapped-contains-target-01-zero	graph-id	graph-id-function-wrapped-contains	zero	graph-id-function-equals-and-wrapped-contains	graph-routing	properties	200	fixture-android-01	fixture-android-01	1	e4528616b87301f557512ab9d9e4e598561300f98d2e85100725c35158534ecc	success	0	147	805c8c7334c868e18e2be84be95b83cc60895722d739c2b164a68be4cd410c49	240118			cypher-graph-id-predicate	64	1	fixture-android-01	1	0	0	1	0	1	1	1	63	1	0
graph-id-function-wrapped-contains-target-01-targeted	graph-id	graph-id-function-wrapped-contains	targeted	graph-id-function-equals-and-wrapped-contains	graph-routing	properties	200	fixture-android-01	fixture-android-01	1	e4528616b87301f557512ab9d9e4e598561300f98d2e85100725c35158534ecc	success	1	758	b33173a678013ac093c95f3fccc5cd5af96ea18082387e1fc872de4817e234b2	192259		fixture-android-01	cypher-graph-id-predicate	64	1	fixture-android-01	1	0	0	1	0	1	1	1	63	1	0
graph-id-function-wrapped-contains-target-01-dense	graph-id	graph-id-function-wrapped-contains	dense	graph-id-function-equals-and-wrapped-contains	graph-routing	properties	200	fixture-android-01	fixture-android-01	1	e4528616b87301f557512ab9d9e4e598561300f98d2e85100725c35158534ecc	success	200	84093	d9daf98f04e06930dfeb91ddd4e8ae597b8f9154e54ac1018db6a25ea8ddd84f	370923		fixture-android-01	cypher-graph-id-predicate	64	1	fixture-android-01	1	0	0	1	0	200	1	1	63	1	0
graph-id-function-wrapped-contains-target-02-zero	graph-id	graph-id-function-wrapped-contains	zero	graph-id-function-equals-and-wrapped-contains	graph-routing	properties	200	fixture-android-02	fixture-android-02	1	1a026780ab945a978bf2d821f0728dd8a679a4b4838c8a3b7703d006d3fae584	success	0	147	805c8c7334c868e18e2be84be95b83cc60895722d739c2b164a68be4cd410c49	322171			cypher-graph-id-predicate	64	1	fixture-android-02	1	0	0	1	0	1	1	1	63	1	0
graph-id-function-wrapped-contains-target-02-targeted	graph-id	graph-id-function-wrapped-contains	targeted	graph-id-function-equals-and-wrapped-contains	graph-routing	properties	200	fixture-android-02	fixture-android-02	1	1a026780ab945a978bf2d821f0728dd8a679a4b4838c8a3b7703d006d3fae584	success	9	5751	0754b66fd035110585cc31e6af555127395a9cd85c413f0a859de6b596c3b70d	173935		fixture-android-02	cypher-graph-id-predicate	64	1	fixture-android-02	1	0	0	1	0	9	1	1	63	1	0
graph-id-function-wrapped-contains-target-02-dense	graph-id	graph-id-function-wrapped-contains	dense	graph-id-function-equals-and-wrapped-contains	graph-routing	properties	200	fixture-android-02	fixture-android-02	1	1a026780ab945a978bf2d821f0728dd8a679a4b4838c8a3b7703d006d3fae584	success	200	86930	a289774d080329d12351d967c614eae9b16190b55970a757b1f268e21aee3975	418501		fixture-android-02	cypher-graph-id-predicate	64	1	fixture-android-02	1	0	0	1	0	200	1	1	63	1	0
graph-id-function-wrapped-contains-target-03-zero	graph-id	graph-id-function-wrapped-contains	zero	graph-id-function-equals-and-wrapped-contains	graph-routing	properties	200	fixture-android-03	fixture-android-03	1	3a085dec137def84e2f0fd6c417ca6216ad5c22c415250ab8d225957a37eb876	success	0	147	805c8c7334c868e18e2be84be95b83cc60895722d739c2b164a68be4cd410c49	247502			cypher-graph-id-predicate	64	1	fixture-android-03	1	0	0	1	0	1	1	1	63	1	0
graph-id-function-wrapped-contains-target-03-targeted	graph-id	graph-id-function-wrapped-contains	targeted	graph-id-function-equals-and-wrapped-contains	graph-routing	properties	200	fixture-android-03	fixture-android-03	1	3a085dec137def84e2f0fd6c417ca6216ad5c22c415250ab8d225957a37eb876	success	2	1333	77f2da9b0b5a99e6332b957b281149f5e269d152177e36aaa74e86db4bc23bf9	228897		fixture-android-03	cypher-graph-id-predicate	64	1	fixture-android-03	1	0	0	1	0	2	1	1	63	1	0
graph-id-function-wrapped-contains-target-03-dense	graph-id	graph-id-function-wrapped-contains	dense	graph-id-function-equals-and-wrapped-contains	graph-routing	properties	200	fixture-android-03	fixture-android-03	1	3a085dec137def84e2f0fd6c417ca6216ad5c22c415250ab8d225957a37eb876	success	200	85151	08fbf5fde8e917175e0dca625983535621218120265897bdd0781fe99669b859	494864		fixture-android-03	cypher-graph-id-predicate	64	1	fixture-android-03	1	0	0	1	0	200	1	1	63	1	0
graph-id-function-wrapped-contains-target-04-zero	graph-id	graph-id-function-wrapped-contains	zero	graph-id-function-equals-and-wrapped-contains	graph-routing	properties	200	fixture-android-04	fixture-android-04	1	72b2db3813782b7057457474cb692d1ab65cbced9ccd76e7a6348806a1a0fdd6	success	0	147	805c8c7334c868e18e2be84be95b83cc60895722d739c2b164a68be4cd410c49	210233			cypher-graph-id-predicate	64	1	fixture-android-04	1	0	0	1	0	1	1	1	63	1	0
graph-id-function-wrapped-contains-target-04-targeted	graph-id	graph-id-function-wrapped-contains	targeted	graph-id-function-equals-and-wrapped-contains	graph-routing	properties	200	fixture-android-04	fixture-android-04	1	72b2db3813782b7057457474cb692d1ab65cbced9ccd76e7a6348806a1a0fdd6	success	9	5762	527d81de9e8ca9f5fe9ad0166e1e1711fbccaf3c53281e7e95375f6d55e3a3c7	229408		fixture-android-04	cypher-graph-id-predicate	64	1	fixture-android-04	1	0	0	1	0	9	1	1	63	1	0
graph-id-function-wrapped-contains-target-04-dense	graph-id	graph-id-function-wrapped-contains	dense	graph-id-function-equals-and-wrapped-contains	graph-routing	properties	200	fixture-android-04	fixture-android-04	1	72b2db3813782b7057457474cb692d1ab65cbced9ccd76e7a6348806a1a0fdd6	success	200	86152	85d9bac3392391ae56f1f03af81d888f398336c8e33a1ef1e42c5409f746f730	352127		fixture-android-04	cypher-graph-id-predicate	64	1	fixture-android-04	1	0	0	1	0	200	1	1	63	1	0
graph-id-function-wrapped-contains-target-05-zero	graph-id	graph-id-function-wrapped-contains	zero	graph-id-function-equals-and-wrapped-contains	graph-routing	properties	200	fixture-android-05	fixture-android-05	1	9ccc65db4edf2ad696714957f6291e11ba1a158b062c135b909367736aa1cb91	success	0	147	805c8c7334c868e18e2be84be95b83cc60895722d739c2b164a68be4cd410c49	222496			cypher-graph-id-predicate	64	1	fixture-android-05	1	0	0	1	0	1	1	1	63	1	0
graph-id-function-wrapped-contains-target-05-targeted	graph-id	graph-id-function-wrapped-contains	targeted	graph-id-function-equals-and-wrapped-contains	graph-routing	properties	200	fixture-android-05	fixture-android-05	1	9ccc65db4edf2ad696714957f6291e11ba1a158b062c135b909367736aa1cb91	success	9	5751	48fbef6ae3373a73cfbd3690497aae4d0773c2f4ddadb5d217061398978bcac5	226813		fixture-android-05	cypher-graph-id-predicate	64	1	fixture-android-05	1	0	0	1	0	9	1	1	63	1	0
graph-id-function-wrapped-contains-target-05-dense	graph-id	graph-id-function-wrapped-contains	dense	graph-id-function-equals-and-wrapped-contains	graph-routing	properties	200	fixture-android-05	fixture-android-05	1	9ccc65db4edf2ad696714957f6291e11ba1a158b062c135b909367736aa1cb91	success	200	90860	57ae61ccbdbf1e83a9ab8de2923c4ac26bcc634ed53a2f1c1a3ee3682afe8cd8	359021		fixture-android-05	cypher-graph-id-predicate	64	1	fixture-android-05	1	0	0	1	0	200	1	1	63	1	0
graph-id-function-wrapped-contains-target-06-zero	graph-id	graph-id-function-wrapped-contains	zero	graph-id-function-equals-and-wrapped-contains	graph-routing	properties	200	fixture-android-06	fixture-android-06	1	aef2397f89755e0b59e944f9b6062fb5611eea3ea4b05762643e082168bd9526	success	0	147	805c8c7334c868e18e2be84be95b83cc60895722d739c2b164a68be4cd410c49	266408			cypher-graph-id-predicate	64	1	fixture-android-06	1	0	0	1	0	1	1	1	63	1	0
graph-id-function-wrapped-contains-target-06-targeted	graph-id	graph-id-function-wrapped-contains	targeted	graph-id-function-equals-and-wrapped-contains	graph-routing	properties	200	fixture-android-06	fixture-android-06	1	aef2397f89755e0b59e944f9b6062fb5611eea3ea4b05762643e082168bd9526	success	1	734	2c8962bfda6df26238f145f32f089e1ccdb69cc26ea9c2fde590f543638ba060	226563		fixture-android-06	cypher-graph-id-predicate	64	1	fixture-android-06	1	0	0	1	0	1	1	1	63	1	0
graph-id-function-wrapped-contains-target-06-dense	graph-id	graph-id-function-wrapped-contains	dense	graph-id-function-equals-and-wrapped-contains	graph-routing	properties	200	fixture-android-06	fixture-android-06	1	aef2397f89755e0b59e944f9b6062fb5611eea3ea4b05762643e082168bd9526	success	200	83941	f7f169fb4cd9a2408b058d9e03502907fe0d9372ba70f2f3749aeaffa464e292	339774		fixture-android-06	cypher-graph-id-predicate	64	1	fixture-android-06	1	0	0	1	0	200	1	1	63	1	0
graph-id-function-wrapped-contains-target-07-zero	graph-id	graph-id-function-wrapped-contains	zero	graph-id-function-equals-and-wrapped-contains	graph-routing	properties	200	fixture-android-07	fixture-android-07	1	2884fe5070e6e70bd2c44e54af37c56e2cfd19343a8721d5b36093d7d1db0f7d	success	0	147	805c8c7334c868e18e2be84be95b83cc60895722d739c2b164a68be4cd410c49	246650			cypher-graph-id-predicate	64	1	fixture-android-07	1	0	0	1	0	1	1	1	63	1	0
graph-id-function-wrapped-contains-target-07-targeted	graph-id	graph-id-function-wrapped-contains	targeted	graph-id-function-equals-and-wrapped-contains	graph-routing	properties	200	fixture-android-07	fixture-android-07	1	2884fe5070e6e70bd2c44e54af37c56e2cfd19343a8721d5b36093d7d1db0f7d	success	1	762	d5674d7adcd2d58f93c5f2849f690003bc45d523850181c23ceaa0aacd7e6709	226322		fixture-android-07	cypher-graph-id-predicate	64	1	fixture-android-07	1	0	0	1	0	1	1	1	63	1	0
graph-id-function-wrapped-contains-target-07-dense	graph-id	graph-id-function-wrapped-contains	dense	graph-id-function-equals-and-wrapped-contains	graph-routing	properties	200	fixture-android-07	fixture-android-07	1	2884fe5070e6e70bd2c44e54af37c56e2cfd19343a8721d5b36093d7d1db0f7d	success	200	84999	35604ee2a3d19ee64c97fa99f4be154714c60028f948c7a23f75b925d4520a5d	266007		fixture-android-07	cypher-graph-id-predicate	64	1	fixture-android-07	1	0	0	1	0	200	1	1	63	1	0
graph-id-function-wrapped-contains-target-08-zero	graph-id	graph-id-function-wrapped-contains	zero	graph-id-function-equals-and-wrapped-contains	graph-routing	properties	200	fixture-android-08	fixture-android-08	1	25fcd87fe0d089932a1b7f325e822252e3042b73178c7aa80e1c0d12bcef2e47	success	0	147	805c8c7334c868e18e2be84be95b83cc60895722d739c2b164a68be4cd410c49	220792			cypher-graph-id-predicate	64	1	fixture-android-08	1	0	0	1	0	1	1	1	63	1	0
graph-id-function-wrapped-contains-target-08-targeted	graph-id	graph-id-function-wrapped-contains	targeted	graph-id-function-equals-and-wrapped-contains	graph-routing	properties	200	fixture-android-08	fixture-android-08	1	25fcd87fe0d089932a1b7f325e822252e3042b73178c7aa80e1c0d12bcef2e47	success	2	1322	4b49b28d836e57c2c3f8d43a93acd00a93b169fcd603338f9ab350f541e9665c	1178510		fixture-android-08	cypher-graph-id-predicate	64	1	fixture-android-08	1	0	0	1	0	2	1	1	63	1	0
graph-id-function-wrapped-contains-target-08-dense	graph-id	graph-id-function-wrapped-contains	dense	graph-id-function-equals-and-wrapped-contains	graph-routing	properties	200	fixture-android-08	fixture-android-08	1	25fcd87fe0d089932a1b7f325e822252e3042b73178c7aa80e1c0d12bcef2e47	success	200	85531	ed34441ff634f19c276911a1fa193106a9070fde1065b57fc7ec71132b8d5f66	377184		fixture-android-08	cypher-graph-id-predicate	64	1	fixture-android-08	1	0	0	1	0	200	1	1	63	1	0
graph-id-function-wrapped-contains-target-09-zero	graph-id	graph-id-function-wrapped-contains	zero	graph-id-function-equals-and-wrapped-contains	graph-routing	properties	200	fixture-android-09	fixture-android-09	1	976770abc561e74e52c74c7f3b827fe70800ef502defdde9a4fa534aa511bd33	success	0	147	805c8c7334c868e18e2be84be95b83cc60895722d739c2b164a68be4cd410c49	890767			cypher-graph-id-predicate	64	1	fixture-android-09	1	0	0	1	0	1	1	1	63	1	0
graph-id-function-wrapped-contains-target-09-targeted	graph-id	graph-id-function-wrapped-contains	targeted	graph-id-function-equals-and-wrapped-contains	graph-routing	properties	200	fixture-android-09	fixture-android-09	1	976770abc561e74e52c74c7f3b827fe70800ef502defdde9a4fa534aa511bd33	success	1	758	cd83129b7654f9c1ac40c94032a03833f5b559e4d6d903ce58c899d274674334	221955		fixture-android-09	cypher-graph-id-predicate	64	1	fixture-android-09	1	0	0	1	0	1	1	1	63	1	0
graph-id-function-wrapped-contains-target-09-dense	graph-id	graph-id-function-wrapped-contains	dense	graph-id-function-equals-and-wrapped-contains	graph-routing	properties	200	fixture-android-09	fixture-android-09	1	976770abc561e74e52c74c7f3b827fe70800ef502defdde9a4fa534aa511bd33	success	200	84710	8302a9dc08d5cf465b56333dad5757a62c24d743692acbdbf8e81919ebd097a0	347318		fixture-android-09	cypher-graph-id-predicate	64	1	fixture-android-09	1	0	0	1	0	200	1	1	63	1	0
graph-id-function-wrapped-contains-target-10-zero	graph-id	graph-id-function-wrapped-contains	zero	graph-id-function-equals-and-wrapped-contains	graph-routing	properties	200	fixture-android-10	fixture-android-10	1	b80280988a4b3197bdd2348d3550b46e5d99e01f6e4a1abcb8668612b4a7bcf1	success	0	147	805c8c7334c868e18e2be84be95b83cc60895722d739c2b164a68be4cd410c49	195035			cypher-graph-id-predicate	64	1	fixture-android-10	1	0	0	1	0	1	1	1	63	1	0
graph-id-function-wrapped-contains-target-10-targeted	graph-id	graph-id-function-wrapped-contains	targeted	graph-id-function-equals-and-wrapped-contains	graph-routing	properties	200	fixture-android-10	fixture-android-10	1	b80280988a4b3197bdd2348d3550b46e5d99e01f6e4a1abcb8668612b4a7bcf1	success	1	821	f3f4d5fb39ff9fde7dcf6d88e4f52bcc4c277ed98626ccca0b17c4ddbb20b035	196186		fixture-android-10	cypher-graph-id-predicate	64	1	fixture-android-10	1	0	0	1	0	1	1	1	63	1	0
graph-id-function-wrapped-contains-target-10-dense	graph-id	graph-id-function-wrapped-contains	dense	graph-id-function-equals-and-wrapped-contains	graph-routing	properties	200	fixture-android-10	fixture-android-10	1	b80280988a4b3197bdd2348d3550b46e5d99e01f6e4a1abcb8668612b4a7bcf1	success	200	86914	eec30bd784e53b80ccd384559e9d1f853b8152ad8db90ad1f27d391bf03fc0d8	327301		fixture-android-10	cypher-graph-id-predicate	64	1	fixture-android-10	1	0	0	1	0	200	1	1	63	1	0
graph-id-function-wrapped-contains-target-11-zero	graph-id	graph-id-function-wrapped-contains	zero	graph-id-function-equals-and-wrapped-contains	graph-routing	properties	200	fixture-android-11	fixture-android-11	1	ff7c9f064acf1b8f0c7104242efebdb73dfcc6db0739150c3d56bcc4ebbfb47f	success	0	147	805c8c7334c868e18e2be84be95b83cc60895722d739c2b164a68be4cd410c49	168455			cypher-graph-id-predicate	64	1	fixture-android-11	1	0	0	1	0	1	1	1	63	1	0
graph-id-function-wrapped-contains-target-11-targeted	graph-id	graph-id-function-wrapped-contains	targeted	graph-id-function-equals-and-wrapped-contains	graph-routing	properties	200	fixture-android-11	fixture-android-11	1	ff7c9f064acf1b8f0c7104242efebdb73dfcc6db0739150c3d56bcc4ebbfb47f	success	1	758	f8ea31527e372a7d8e0f896bc894b97d788067aa20d0af371a4239382f72a4d1	260657		fixture-android-11	cypher-graph-id-predicate	64	1	fixture-android-11	1	0	0	1	0	1	1	1	63	1	0
graph-id-function-wrapped-contains-target-11-dense	graph-id	graph-id-function-wrapped-contains	dense	graph-id-function-equals-and-wrapped-contains	graph-routing	properties	200	fixture-android-11	fixture-android-11	1	ff7c9f064acf1b8f0c7104242efebdb73dfcc6db0739150c3d56bcc4ebbfb47f	success	200	84862	36598e3ab73085dce50e849dda8b6a32b1088eab3f02f052e9536f16613b5d4b	323133		fixture-android-11	cypher-graph-id-predicate	64	1	fixture-android-11	1	0	0	1	0	200	1	1	63	1	0
graph-id-function-wrapped-contains-target-12-zero	graph-id	graph-id-function-wrapped-contains	zero	graph-id-function-equals-and-wrapped-contains	graph-routing	properties	200	fixture-android-12	fixture-android-12	1	fbfd92bdb617f8eef3c84ce77e1116d4f0d1116a40b9fc543770c1a430e829ec	success	0	147	805c8c7334c868e18e2be84be95b83cc60895722d739c2b164a68be4cd410c49	221714			cypher-graph-id-predicate	64	1	fixture-android-12	1	0	0	1	0	1	1	1	63	1	0
graph-id-function-wrapped-contains-target-12-targeted	graph-id	graph-id-function-wrapped-contains	targeted	graph-id-function-equals-and-wrapped-contains	graph-routing	properties	200	fixture-android-12	fixture-android-12	1	fbfd92bdb617f8eef3c84ce77e1116d4f0d1116a40b9fc543770c1a430e829ec	success	2	1348	569ba2c2d8626f5c6804b713aa9f9bd5155648246e0bb082ab37cf407a3ccee9	218544		fixture-android-12	cypher-graph-id-predicate	64	1	fixture-android-12	1	0	0	1	0	2	1	1	63	1	0
graph-id-function-wrapped-contains-target-12-dense	graph-id	graph-id-function-wrapped-contains	dense	graph-id-function-equals-and-wrapped-contains	graph-routing	properties	200	fixture-android-12	fixture-android-12	1	fbfd92bdb617f8eef3c84ce77e1116d4f0d1116a40b9fc543770c1a430e829ec	success	200	85894	f22afa8ccaad259750ce50e850502822308b2565f707f284de32cd44d5ef328a	465689		fixture-android-12	cypher-graph-id-predicate	64	1	fixture-android-12	1	0	0	1	0	200	1	1	63	1	0
graph-id-function-wrapped-contains-target-13-zero	graph-id	graph-id-function-wrapped-contains	zero	graph-id-function-equals-and-wrapped-contains	graph-routing	properties	200	fixture-android-13	fixture-android-13	1	99b23d6e37ddba640f96acd0d7b903185c9b38cc0e6df93374f9fe569bbc4c38	success	0	147	805c8c7334c868e18e2be84be95b83cc60895722d739c2b164a68be4cd410c49	235659			cypher-graph-id-predicate	64	1	fixture-android-13	1	0	0	1	0	1	1	1	63	1	0
graph-id-function-wrapped-contains-target-13-targeted	graph-id	graph-id-function-wrapped-contains	targeted	graph-id-function-equals-and-wrapped-contains	graph-routing	properties	200	fixture-android-13	fixture-android-13	1	99b23d6e37ddba640f96acd0d7b903185c9b38cc0e6df93374f9fe569bbc4c38	success	5	2824	ebb699b5b0554cc639408add00ca9d9aae37f3553c5e6ea606cb7e66e171933f	176499		fixture-android-13	cypher-graph-id-predicate	64	1	fixture-android-13	1	0	0	1	0	5	1	1	63	1	0
graph-id-function-wrapped-contains-target-13-dense	graph-id	graph-id-function-wrapped-contains	dense	graph-id-function-equals-and-wrapped-contains	graph-routing	properties	200	fixture-android-13	fixture-android-13	1	99b23d6e37ddba640f96acd0d7b903185c9b38cc0e6df93374f9fe569bbc4c38	success	200	86344	2e714969993f2a86ba5c715dc52b2c7d6dbaed9b2320da2399ecdf29ec9f1e4e	251079		fixture-android-13	cypher-graph-id-predicate	64	1	fixture-android-13	1	0	0	1	0	200	1	1	63	1	0
graph-id-function-wrapped-contains-target-14-zero	graph-id	graph-id-function-wrapped-contains	zero	graph-id-function-equals-and-wrapped-contains	graph-routing	properties	200	fixture-android-14	fixture-android-14	1	caf42d54ef3437f216c963929327ed5ef3f52ce080fa2be4c3305c2370617ab1	success	0	147	805c8c7334c868e18e2be84be95b83cc60895722d739c2b164a68be4cd410c49	182952			cypher-graph-id-predicate	64	1	fixture-android-14	1	0	0	1	0	1	1	1	63	1	0
graph-id-function-wrapped-contains-target-14-targeted	graph-id	graph-id-function-wrapped-contains	targeted	graph-id-function-equals-and-wrapped-contains	graph-routing	properties	200	fixture-android-14	fixture-android-14	1	caf42d54ef3437f216c963929327ed5ef3f52ce080fa2be4c3305c2370617ab1	success	3	1887	cfce92c06f8a0a93444f0ec3592aad57c255799cc7a1286e673f5c8cc3173d20	202298		fixture-android-14	cypher-graph-id-predicate	64	1	fixture-android-14	1	0	0	1	0	3	1	1	63	1	0
graph-id-function-wrapped-contains-target-14-dense	graph-id	graph-id-function-wrapped-contains	dense	graph-id-function-equals-and-wrapped-contains	graph-routing	properties	200	fixture-android-14	fixture-android-14	1	caf42d54ef3437f216c963929327ed5ef3f52ce080fa2be4c3305c2370617ab1	success	200	88102	f384f54b9e0494c603dd9e83eb2ca0ad0386a359a2e1d6a356e225c072977e41	261929		fixture-android-14	cypher-graph-id-predicate	64	1	fixture-android-14	1	0	0	1	0	200	1	1	63	1	0
graph-id-function-wrapped-contains-target-15-zero	graph-id	graph-id-function-wrapped-contains	zero	graph-id-function-equals-and-wrapped-contains	graph-routing	properties	200	fixture-android-15	fixture-android-15	1	396286291622042417a1e42f88e1a07f9e973d88a4b45b59c7408d3e8fe8e4cd	success	0	147	805c8c7334c868e18e2be84be95b83cc60895722d739c2b164a68be4cd410c49	175628			cypher-graph-id-predicate	64	1	fixture-android-15	1	0	0	1	0	1	1	1	63	1	0
graph-id-function-wrapped-contains-target-15-targeted	graph-id	graph-id-function-wrapped-contains	targeted	graph-id-function-equals-and-wrapped-contains	graph-routing	properties	200	fixture-android-15	fixture-android-15	1	396286291622042417a1e42f88e1a07f9e973d88a4b45b59c7408d3e8fe8e4cd	success	1	765	ae20f86c5a0d43140079bdbb52041ad145178823d6189b8171bbe58dc0d82dcc	208079		fixture-android-15	cypher-graph-id-predicate	64	1	fixture-android-15	1	0	0	1	0	1	1	1	63	1	0
graph-id-function-wrapped-contains-target-15-dense	graph-id	graph-id-function-wrapped-contains	dense	graph-id-function-equals-and-wrapped-contains	graph-routing	properties	200	fixture-android-15	fixture-android-15	1	396286291622042417a1e42f88e1a07f9e973d88a4b45b59c7408d3e8fe8e4cd	success	200	82358	6db1e45464dd1e42fc627a3ee68393b586d132e4817f87f1da72cb180e7925bb	368859		fixture-android-15	cypher-graph-id-predicate	64	1	fixture-android-15	1	0	0	1	0	200	1	1	63	1	0
graph-id-function-wrapped-contains-target-16-zero	graph-id	graph-id-function-wrapped-contains	zero	graph-id-function-equals-and-wrapped-contains	graph-routing	properties	200	fixture-tika-00	fixture-tika-00	1	3ffa856892be3e0263f2c72254cefdb4bafce48e10eea2a8426b6af88f144658	success	0	147	805c8c7334c868e18e2be84be95b83cc60895722d739c2b164a68be4cd410c49	214651			cypher-graph-id-predicate	64	1	fixture-tika-00	1	0	0	1	0	1	1	1	63	1	0
graph-id-function-wrapped-contains-target-16-targeted	graph-id	graph-id-function-wrapped-contains	targeted	graph-id-function-equals-and-wrapped-contains	graph-routing	properties	200	fixture-tika-00	fixture-tika-00	1	3ffa856892be3e0263f2c72254cefdb4bafce48e10eea2a8426b6af88f144658	success	1	771	41ad9b5110585bc89df35b9d0a0c6bd66daaf6c239b4212552d078b2f2a28c34	177120		fixture-tika-00	cypher-graph-id-predicate	64	1	fixture-tika-00	1	0	0	1	0	1	1	1	63	1	0
graph-id-function-wrapped-contains-target-16-dense	graph-id	graph-id-function-wrapped-contains	dense	graph-id-function-equals-and-wrapped-contains	graph-routing	properties	200	fixture-tika-00	fixture-tika-00	1	3ffa856892be3e0263f2c72254cefdb4bafce48e10eea2a8426b6af88f144658	success	200	94237	51b180cd96740a311cc61165baa84cc05517b2f28ac6c70debc25f8e14514414	268220		fixture-tika-00	cypher-graph-id-predicate	64	1	fixture-tika-00	1	0	0	1	0	200	1	1	63	1	0
graph-id-function-wrapped-contains-target-17-zero	graph-id	graph-id-function-wrapped-contains	zero	graph-id-function-equals-and-wrapped-contains	graph-routing	properties	200	fixture-tika-01	fixture-tika-01	1	5bd11253ba6bcbac28c2d0805dbd50585f63593fbbabbc299bce9c8b5e4238f0	success	0	147	805c8c7334c868e18e2be84be95b83cc60895722d739c2b164a68be4cd410c49	194433			cypher-graph-id-predicate	64	1	fixture-tika-01	1	0	0	1	0	1	1	1	63	1	0
graph-id-function-wrapped-contains-target-17-targeted	graph-id	graph-id-function-wrapped-contains	targeted	graph-id-function-equals-and-wrapped-contains	graph-routing	properties	200	fixture-tika-01	fixture-tika-01	1	5bd11253ba6bcbac28c2d0805dbd50585f63593fbbabbc299bce9c8b5e4238f0	success	5	2976	7d286938fe2f40cd4cb86cd26be11c3221bfff86202fa9b705bdc1c77967743f	216083		fixture-tika-01	cypher-graph-id-predicate	64	1	fixture-tika-01	1	0	0	1	0	5	1	1	63	1	0
graph-id-function-wrapped-contains-target-17-dense	graph-id	graph-id-function-wrapped-contains	dense	graph-id-function-equals-and-wrapped-contains	graph-routing	properties	200	fixture-tika-01	fixture-tika-01	1	5bd11253ba6bcbac28c2d0805dbd50585f63593fbbabbc299bce9c8b5e4238f0	success	200	92381	87c915d88746be4a40b85e67e7de71966365a455358cc138185e5c1f5bcf1251	266458		fixture-tika-01	cypher-graph-id-predicate	64	1	fixture-tika-01	1	0	0	1	0	200	1	1	63	1	0
graph-id-function-wrapped-contains-target-18-zero	graph-id	graph-id-function-wrapped-contains	zero	graph-id-function-equals-and-wrapped-contains	graph-routing	properties	200	fixture-tika-02	fixture-tika-02	1	4f53553340fcd09378fe28c9d287d1bd3c78d0e5004534ad87493f082178a0db	success	0	147	805c8c7334c868e18e2be84be95b83cc60895722d739c2b164a68be4cd410c49	179345			cypher-graph-id-predicate	64	1	fixture-tika-02	1	0	0	1	0	1	1	1	63	1	0
graph-id-function-wrapped-contains-target-18-targeted	graph-id	graph-id-function-wrapped-contains	targeted	graph-id-function-equals-and-wrapped-contains	graph-routing	properties	200	fixture-tika-02	fixture-tika-02	1	4f53553340fcd09378fe28c9d287d1bd3c78d0e5004534ad87493f082178a0db	success	12	6781	abf0682228739bdef1eb0d4b5b1449d7697f9412e644bd07a974f6e04213652e	199903		fixture-tika-02	cypher-graph-id-predicate	64	1	fixture-tika-02	1	0	0	1	0	12	1	1	63	1	0
graph-id-function-wrapped-contains-target-18-dense	graph-id	graph-id-function-wrapped-contains	dense	graph-id-function-equals-and-wrapped-contains	graph-routing	properties	200	fixture-tika-02	fixture-tika-02	1	4f53553340fcd09378fe28c9d287d1bd3c78d0e5004534ad87493f082178a0db	success	200	95198	7d65fbc43e0cf8a1d4323c709e6963c32bdea3f389f5b683f619eee1fd79dc90	252512		fixture-tika-02	cypher-graph-id-predicate	64	1	fixture-tika-02	1	0	0	1	0	200	1	1	63	1	0
graph-id-function-wrapped-contains-target-19-zero	graph-id	graph-id-function-wrapped-contains	zero	graph-id-function-equals-and-wrapped-contains	graph-routing	properties	200	fixture-tika-03	fixture-tika-03	1	e68986e5919884640710cc61d8f44310a6d888f55992390edbcc7ae70b8b8fa8	success	0	147	805c8c7334c868e18e2be84be95b83cc60895722d739c2b164a68be4cd410c49	188352			cypher-graph-id-predicate	64	1	fixture-tika-03	1	0	0	1	0	1	1	1	63	1	0
graph-id-function-wrapped-contains-target-19-targeted	graph-id	graph-id-function-wrapped-contains	targeted	graph-id-function-equals-and-wrapped-contains	graph-routing	properties	200	fixture-tika-03	fixture-tika-03	1	e68986e5919884640710cc61d8f44310a6d888f55992390edbcc7ae70b8b8fa8	success	11	6327	72232d5a8299b69c619beb4cebd0967a4ca8f1378844d7914f795f7c5126cc48	212587		fixture-tika-03	cypher-graph-id-predicate	64	1	fixture-tika-03	1	0	0	1	0	11	1	1	63	1	0
graph-id-function-wrapped-contains-target-19-dense	graph-id	graph-id-function-wrapped-contains	dense	graph-id-function-equals-and-wrapped-contains	graph-routing	properties	200	fixture-tika-03	fixture-tika-03	1	e68986e5919884640710cc61d8f44310a6d888f55992390edbcc7ae70b8b8fa8	success	200	96673	6ab8193cda24a8f589b0e7412ffcc3549afc3180a092c899437bb3ef2f8324ef	282808		fixture-tika-03	cypher-graph-id-predicate	64	1	fixture-tika-03	1	0	0	1	0	200	1	1	63	1	0
graph-id-function-wrapped-contains-target-20-zero	graph-id	graph-id-function-wrapped-contains	zero	graph-id-function-equals-and-wrapped-contains	graph-routing	properties	200	fixture-tika-04	fixture-tika-04	1	2d9d29e96c28d6df21e1933cc2da3a076217ec4c30461070c5e997e04aa952cb	success	0	147	805c8c7334c868e18e2be84be95b83cc60895722d739c2b164a68be4cd410c49	185185			cypher-graph-id-predicate	64	1	fixture-tika-04	1	0	0	1	0	1	1	1	63	1	0
graph-id-function-wrapped-contains-target-20-targeted	graph-id	graph-id-function-wrapped-contains	targeted	graph-id-function-equals-and-wrapped-contains	graph-routing	properties	200	fixture-tika-04	fixture-tika-04	1	2d9d29e96c28d6df21e1933cc2da3a076217ec4c30461070c5e997e04aa952cb	success	1	763	7811e1c0f64fb9174b112349d7a5f89fec8a71f59a6b66db3b1e97241f5dc93c	184153		fixture-tika-04	cypher-graph-id-predicate	64	1	fixture-tika-04	1	0	0	1	0	1	1	1	63	1	0
graph-id-function-wrapped-contains-target-20-dense	graph-id	graph-id-function-wrapped-contains	dense	graph-id-function-equals-and-wrapped-contains	graph-routing	properties	200	fixture-tika-04	fixture-tika-04	1	2d9d29e96c28d6df21e1933cc2da3a076217ec4c30461070c5e997e04aa952cb	success	200	91604	a93cd6116bda146e01916f4ab7d54aa664da5b5c2287de109c82d6c48fcd38f8	297776		fixture-tika-04	cypher-graph-id-predicate	64	1	fixture-tika-04	1	0	0	1	0	200	1	1	63	1	0
graph-id-function-wrapped-contains-target-21-zero	graph-id	graph-id-function-wrapped-contains	zero	graph-id-function-equals-and-wrapped-contains	graph-routing	properties	200	fixture-tika-05	fixture-tika-05	1	a70ca503c8d7edc9fd5b26430e9c4bd9517cfcf9084469733cfeff8a4fef63f8	success	0	147	805c8c7334c868e18e2be84be95b83cc60895722d739c2b164a68be4cd410c49	205253			cypher-graph-id-predicate	64	1	fixture-tika-05	1	0	0	1	0	1	1	1	63	1	0
graph-id-function-wrapped-contains-target-21-targeted	graph-id	graph-id-function-wrapped-contains	targeted	graph-id-function-equals-and-wrapped-contains	graph-routing	properties	200	fixture-tika-05	fixture-tika-05	1	a70ca503c8d7edc9fd5b26430e9c4bd9517cfcf9084469733cfeff8a4fef63f8	success	1	765	1cf450577b12b3b6a7c19f53479709a92a169add0c4f9defecbc55254bf8d5b3	208910		fixture-tika-05	cypher-graph-id-predicate	64	1	fixture-tika-05	1	0	0	1	0	1	1	1	63	1	0
graph-id-function-wrapped-contains-target-21-dense	graph-id	graph-id-function-wrapped-contains	dense	graph-id-function-equals-and-wrapped-contains	graph-routing	properties	200	fixture-tika-05	fixture-tika-05	1	a70ca503c8d7edc9fd5b26430e9c4bd9517cfcf9084469733cfeff8a4fef63f8	success	200	96334	eb6b03599a26f520b43896ee6af6cb6d2a3ec0783b66a0bcb29642b029a4b6eb	394165		fixture-tika-05	cypher-graph-id-predicate	64	1	fixture-tika-05	1	0	0	1	0	200	1	1	63	1	0
graph-id-function-wrapped-contains-target-22-zero	graph-id	graph-id-function-wrapped-contains	zero	graph-id-function-equals-and-wrapped-contains	graph-routing	properties	200	fixture-tika-06	fixture-tika-06	1	629a75c155a37bcac72d6d131b20156694ded2e8aa1abe1c7f03ac03374020b7	success	0	147	805c8c7334c868e18e2be84be95b83cc60895722d739c2b164a68be4cd410c49	205433			cypher-graph-id-predicate	64	1	fixture-tika-06	1	0	0	1	0	1	1	1	63	1	0
graph-id-function-wrapped-contains-target-22-targeted	graph-id	graph-id-function-wrapped-contains	targeted	graph-id-function-equals-and-wrapped-contains	graph-routing	properties	200	fixture-tika-06	fixture-tika-06	1	629a75c155a37bcac72d6d131b20156694ded2e8aa1abe1c7f03ac03374020b7	success	11	6331	43d88524d9da26840d520d8260a6801a2d864c2023e9806c3df4a5e673a5fd66	182661		fixture-tika-06	cypher-graph-id-predicate	64	1	fixture-tika-06	1	0	0	1	0	11	1	1	63	1	0
graph-id-function-wrapped-contains-target-22-dense	graph-id	graph-id-function-wrapped-contains	dense	graph-id-function-equals-and-wrapped-contains	graph-routing	properties	200	fixture-tika-06	fixture-tika-06	1	629a75c155a37bcac72d6d131b20156694ded2e8aa1abe1c7f03ac03374020b7	success	200	98397	b1cc908cf8cd6a2354b320afca9ad225990c59be93a53ddc3912afb3b0d46d7b	269052		fixture-tika-06	cypher-graph-id-predicate	64	1	fixture-tika-06	1	0	0	1	0	200	1	1	63	1	0
graph-id-function-wrapped-contains-target-23-zero	graph-id	graph-id-function-wrapped-contains	zero	graph-id-function-equals-and-wrapped-contains	graph-routing	properties	200	fixture-tika-07	fixture-tika-07	1	1f60bc193af0a0c32ae2bc0a840b7da98c896a5343d2d4a4871500ea55b0d8a0	success	0	147	805c8c7334c868e18e2be84be95b83cc60895722d739c2b164a68be4cd410c49	170678			cypher-graph-id-predicate	64	1	fixture-tika-07	1	0	0	1	0	1	1	1	63	1	0
graph-id-function-wrapped-contains-target-23-targeted	graph-id	graph-id-function-wrapped-contains	targeted	graph-id-function-equals-and-wrapped-contains	graph-routing	properties	200	fixture-tika-07	fixture-tika-07	1	1f60bc193af0a0c32ae2bc0a840b7da98c896a5343d2d4a4871500ea55b0d8a0	success	11	6135	718b52d4d32659cb9b39b84bdb87d6226a9be4436e73fa316936d1333dfa50c0	185797		fixture-tika-07	cypher-graph-id-predicate	64	1	fixture-tika-07	1	0	0	1	0	11	1	1	63	1	0
graph-id-function-wrapped-contains-target-23-dense	graph-id	graph-id-function-wrapped-contains	dense	graph-id-function-equals-and-wrapped-contains	graph-routing	properties	200	fixture-tika-07	fixture-tika-07	1	1f60bc193af0a0c32ae2bc0a840b7da98c896a5343d2d4a4871500ea55b0d8a0	success	200	95056	d5aa9163a912371065002f30549de9cefea57af859f009a275e381b0a849633e	261208		fixture-tika-07	cypher-graph-id-predicate	64	1	fixture-tika-07	1	0	0	1	0	200	1	1	63	1	0
graph-id-function-wrapped-contains-target-24-zero	graph-id	graph-id-function-wrapped-contains	zero	graph-id-function-equals-and-wrapped-contains	graph-routing	properties	200	fixture-tika-08	fixture-tika-08	1	e9768e2189edf3079c0f4ce1fe9374fe3873b9ef6253d25bd7952c9e3f9e2f89	success	0	147	805c8c7334c868e18e2be84be95b83cc60895722d739c2b164a68be4cd410c49	180276			cypher-graph-id-predicate	64	1	fixture-tika-08	1	0	0	1	0	1	1	1	63	1	0
graph-id-function-wrapped-contains-target-24-targeted	graph-id	graph-id-function-wrapped-contains	targeted	graph-id-function-equals-and-wrapped-contains	graph-routing	properties	200	fixture-tika-08	fixture-tika-08	1	e9768e2189edf3079c0f4ce1fe9374fe3873b9ef6253d25bd7952c9e3f9e2f89	success	1	754	033650595463ffba6f1f515fc8a38ba023fdd37a0e2442442be40f2d8baee0b4	211054		fixture-tika-08	cypher-graph-id-predicate	64	1	fixture-tika-08	1	0	0	1	0	1	1	1	63	1	0
graph-id-function-wrapped-contains-target-24-dense	graph-id	graph-id-function-wrapped-contains	dense	graph-id-function-equals-and-wrapped-contains	graph-routing	properties	200	fixture-tika-08	fixture-tika-08	1	e9768e2189edf3079c0f4ce1fe9374fe3873b9ef6253d25bd7952c9e3f9e2f89	success	200	96144	13cc3d04be15c5d98101b6676211e0260c08571becd6cbc7be1dcfad1b7efce8	245318		fixture-tika-08	cypher-graph-id-predicate	64	1	fixture-tika-08	1	0	0	1	0	200	1	1	63	1	0
graph-id-function-wrapped-contains-target-25-zero	graph-id	graph-id-function-wrapped-contains	zero	graph-id-function-equals-and-wrapped-contains	graph-routing	properties	200	fixture-tika-09	fixture-tika-09	1	f96e2b0b7f375cf347f289b0d59b047835095d1452b52dcff16ad07fa5ff5aaa	success	0	147	805c8c7334c868e18e2be84be95b83cc60895722d739c2b164a68be4cd410c49	164877			cypher-graph-id-predicate	64	1	fixture-tika-09	1	0	0	1	0	1	1	1	63	1	0
graph-id-function-wrapped-contains-target-25-targeted	graph-id	graph-id-function-wrapped-contains	targeted	graph-id-function-equals-and-wrapped-contains	graph-routing	properties	200	fixture-tika-09	fixture-tika-09	1	f96e2b0b7f375cf347f289b0d59b047835095d1452b52dcff16ad07fa5ff5aaa	success	17	9434	57a7fb26e2c1557848eddaabb17076d92c9b2ef2e0ff6b92be3de4374fe1fa9b	172623		fixture-tika-09	cypher-graph-id-predicate	64	1	fixture-tika-09	1	0	0	1	0	17	1	1	63	1	0
graph-id-function-wrapped-contains-target-25-dense	graph-id	graph-id-function-wrapped-contains	dense	graph-id-function-equals-and-wrapped-contains	graph-routing	properties	200	fixture-tika-09	fixture-tika-09	1	f96e2b0b7f375cf347f289b0d59b047835095d1452b52dcff16ad07fa5ff5aaa	success	200	90260	d606d19bfcb83b224b953bd70176bc52dc06d427ef6ab3d0cc311bc6ed6fc260	249787		fixture-tika-09	cypher-graph-id-predicate	64	1	fixture-tika-09	1	0	0	1	0	200	1	1	63	1	0
graph-id-function-wrapped-contains-target-26-zero	graph-id	graph-id-function-wrapped-contains	zero	graph-id-function-equals-and-wrapped-contains	graph-routing	properties	200	fixture-tika-10	fixture-tika-10	1	724e820888f0db8884af940cbe8a364f2dce6bfc9b2c72fb09abe933fa439c0c	success	0	147	805c8c7334c868e18e2be84be95b83cc60895722d739c2b164a68be4cd410c49	428831			cypher-graph-id-predicate	64	1	fixture-tika-10	1	0	0	1	0	1	1	1	63	1	0
graph-id-function-wrapped-contains-target-26-targeted	graph-id	graph-id-function-wrapped-contains	targeted	graph-id-function-equals-and-wrapped-contains	graph-routing	properties	200	fixture-tika-10	fixture-tika-10	1	724e820888f0db8884af940cbe8a364f2dce6bfc9b2c72fb09abe933fa439c0c	success	1	791	550bd45f802381cb65ea30928a856fc0c2bc207cbfc2a147aad4312130548c9a	205454		fixture-tika-10	cypher-graph-id-predicate	64	1	fixture-tika-10	1	0	0	1	0	1	1	1	63	1	0
graph-id-function-wrapped-contains-target-26-dense	graph-id	graph-id-function-wrapped-contains	dense	graph-id-function-equals-and-wrapped-contains	graph-routing	properties	200	fixture-tika-10	fixture-tika-10	1	724e820888f0db8884af940cbe8a364f2dce6bfc9b2c72fb09abe933fa439c0c	success	200	96089	d0bdae62973cb737c05eda37d83d6fd7dea4520a7f87acdd4ed9a2fba1f97888	337728		fixture-tika-10	cypher-graph-id-predicate	64	1	fixture-tika-10	1	0	0	1	0	200	1	1	63	1	0
graph-id-function-wrapped-contains-target-27-zero	graph-id	graph-id-function-wrapped-contains	zero	graph-id-function-equals-and-wrapped-contains	graph-routing	properties	200	fixture-tika-11	fixture-tika-11	1	947144f7fe63615dab1057f152a266b87c870ae6b1d136ebead3ef2860ecaaf9	success	0	147	805c8c7334c868e18e2be84be95b83cc60895722d739c2b164a68be4cd410c49	188502			cypher-graph-id-predicate	64	1	fixture-tika-11	1	0	0	1	0	1	1	1	63	1	0
graph-id-function-wrapped-contains-target-27-targeted	graph-id	graph-id-function-wrapped-contains	targeted	graph-id-function-equals-and-wrapped-contains	graph-routing	properties	200	fixture-tika-11	fixture-tika-11	1	947144f7fe63615dab1057f152a266b87c870ae6b1d136ebead3ef2860ecaaf9	success	14	8030	e1858d468e2cee9daff29f91791894b539cc1c9bfb8d57bb0eaa364a24ec0f04	216775		fixture-tika-11	cypher-graph-id-predicate	64	1	fixture-tika-11	1	0	0	1	0	14	1	1	63	1	0
graph-id-function-wrapped-contains-target-27-dense	graph-id	graph-id-function-wrapped-contains	dense	graph-id-function-equals-and-wrapped-contains	graph-routing	properties	200	fixture-tika-11	fixture-tika-11	1	947144f7fe63615dab1057f152a266b87c870ae6b1d136ebead3ef2860ecaaf9	success	200	95559	bcb492a91a247979acd291eaea381c0db6d952c0baff29193145ae7356b00907	433459		fixture-tika-11	cypher-graph-id-predicate	64	1	fixture-tika-11	1	0	0	1	0	200	1	1	63	1	0
graph-id-function-wrapped-contains-target-28-zero	graph-id	graph-id-function-wrapped-contains	zero	graph-id-function-equals-and-wrapped-contains	graph-routing	properties	200	fixture-tika-12	fixture-tika-12	1	333b320af3f398d083e1d44b1a79e54fa546da12ce118f18db6f7cc3387398c8	success	0	147	805c8c7334c868e18e2be84be95b83cc60895722d739c2b164a68be4cd410c49	302875			cypher-graph-id-predicate	64	1	fixture-tika-12	1	0	0	1	0	1	1	1	63	1	0
graph-id-function-wrapped-contains-target-28-targeted	graph-id	graph-id-function-wrapped-contains	targeted	graph-id-function-equals-and-wrapped-contains	graph-routing	properties	200	fixture-tika-12	fixture-tika-12	1	333b320af3f398d083e1d44b1a79e54fa546da12ce118f18db6f7cc3387398c8	success	12	6370	8871e0dc77f7df7110f742adaac439b8d2f4e912a3a21e1793fda026e0955f9b	209060		fixture-tika-12	cypher-graph-id-predicate	64	1	fixture-tika-12	1	0	0	1	0	12	1	1	63	1	0
graph-id-function-wrapped-contains-target-28-dense	graph-id	graph-id-function-wrapped-contains	dense	graph-id-function-equals-and-wrapped-contains	graph-routing	properties	200	fixture-tika-12	fixture-tika-12	1	333b320af3f398d083e1d44b1a79e54fa546da12ce118f18db6f7cc3387398c8	success	200	101142	3ec255435f1804ca883e61ce69218b0c9b6812e5f4d6241be813f3a04980ff78	331639		fixture-tika-12	cypher-graph-id-predicate	64	1	fixture-tika-12	1	0	0	1	0	200	1	1	63	1	0
graph-id-function-wrapped-contains-target-29-zero	graph-id	graph-id-function-wrapped-contains	zero	graph-id-function-equals-and-wrapped-contains	graph-routing	properties	200	fixture-tika-13	fixture-tika-13	1	697a328efd3d35078aa3cf7115b978f697299f7e0612d464eae79dc1cbc3f3c7	success	0	147	805c8c7334c868e18e2be84be95b83cc60895722d739c2b164a68be4cd410c49	178162			cypher-graph-id-predicate	64	1	fixture-tika-13	1	0	0	1	0	1	1	1	63	1	0
graph-id-function-wrapped-contains-target-29-targeted	graph-id	graph-id-function-wrapped-contains	targeted	graph-id-function-equals-and-wrapped-contains	graph-routing	properties	200	fixture-tika-13	fixture-tika-13	1	697a328efd3d35078aa3cf7115b978f697299f7e0612d464eae79dc1cbc3f3c7	success	1	759	7c9cbf2db3468e4d9ec5f9ce37c29746bb3071949804d250165a0310edd3182c	186047		fixture-tika-13	cypher-graph-id-predicate	64	1	fixture-tika-13	1	0	0	1	0	1	1	1	63	1	0
graph-id-function-wrapped-contains-target-29-dense	graph-id	graph-id-function-wrapped-contains	dense	graph-id-function-equals-and-wrapped-contains	graph-routing	properties	200	fixture-tika-13	fixture-tika-13	1	697a328efd3d35078aa3cf7115b978f697299f7e0612d464eae79dc1cbc3f3c7	success	200	96005	cb6245f16fc1df4cadc32295db3c94d74d99d6ac24ca00ba686085574c3842f9	262469		fixture-tika-13	cypher-graph-id-predicate	64	1	fixture-tika-13	1	0	0	1	0	200	1	1	63	1	0
graph-id-function-wrapped-contains-target-30-zero	graph-id	graph-id-function-wrapped-contains	zero	graph-id-function-equals-and-wrapped-contains	graph-routing	properties	200	fixture-tika-14	fixture-tika-14	1	530ac22d92e73256c57c4e234fccac50105308bcc26304451ee74f20a619f7a5	success	0	147	805c8c7334c868e18e2be84be95b83cc60895722d739c2b164a68be4cd410c49	168985			cypher-graph-id-predicate	64	1	fixture-tika-14	1	0	0	1	0	1	1	1	63	1	0
graph-id-function-wrapped-contains-target-30-targeted	graph-id	graph-id-function-wrapped-contains	targeted	graph-id-function-equals-and-wrapped-contains	graph-routing	properties	200	fixture-tika-14	fixture-tika-14	1	530ac22d92e73256c57c4e234fccac50105308bcc26304451ee74f20a619f7a5	success	10	5866	c85815e1257e7d89a547803b839a8fa3d5c32a25ad93fc4df95c67dd0df38386	169055		fixture-tika-14	cypher-graph-id-predicate	64	1	fixture-tika-14	1	0	0	1	0	10	1	1	63	1	0
graph-id-function-wrapped-contains-target-30-dense	graph-id	graph-id-function-wrapped-contains	dense	graph-id-function-equals-and-wrapped-contains	graph-routing	properties	200	fixture-tika-14	fixture-tika-14	1	530ac22d92e73256c57c4e234fccac50105308bcc26304451ee74f20a619f7a5	success	200	95471	766b9ef7e8ecf0adce38af75461cc8c431950c6a78cf29871668bb82bbc59681	591304		fixture-tika-14	cypher-graph-id-predicate	64	1	fixture-tika-14	1	0	0	1	0	200	1	1	63	1	0
graph-id-function-wrapped-contains-target-31-zero	graph-id	graph-id-function-wrapped-contains	zero	graph-id-function-equals-and-wrapped-contains	graph-routing	properties	200	fixture-tika-15	fixture-tika-15	1	80331285783d790177bcaeeebf677e98900445b2273d41781c6e07aa5683a500	success	0	147	805c8c7334c868e18e2be84be95b83cc60895722d739c2b164a68be4cd410c49	205925			cypher-graph-id-predicate	64	1	fixture-tika-15	1	0	0	1	0	1	1	1	63	1	0
graph-id-function-wrapped-contains-target-31-targeted	graph-id	graph-id-function-wrapped-contains	targeted	graph-id-function-equals-and-wrapped-contains	graph-routing	properties	200	fixture-tika-15	fixture-tika-15	1	80331285783d790177bcaeeebf677e98900445b2273d41781c6e07aa5683a500	success	1	779	5b2641a56fc0d1ce3cad560f98de3ab642d893c5f6c2be5bb57444732d364805	186757		fixture-tika-15	cypher-graph-id-predicate	64	1	fixture-tika-15	1	0	0	1	0	1	1	1	63	1	0
graph-id-function-wrapped-contains-target-31-dense	graph-id	graph-id-function-wrapped-contains	dense	graph-id-function-equals-and-wrapped-contains	graph-routing	properties	200	fixture-tika-15	fixture-tika-15	1	80331285783d790177bcaeeebf677e98900445b2273d41781c6e07aa5683a500	success	200	90493	6cea2d1b1fba9817e31904018fa5ce3734b41bb641feab5c7c6849206b05e3c1	247141		fixture-tika-15	cypher-graph-id-predicate	64	1	fixture-tika-15	1	0	0	1	0	200	1	1	63	1	0
graph-id-function-wrapped-contains-target-32-zero	graph-id	graph-id-function-wrapped-contains	zero	graph-id-function-equals-and-wrapped-contains	graph-routing	properties	200	fixture-hive-00	fixture-hive-00	1	ea11677be4d3166ee79e7aa4f8c5ff603c5cb6bb9f65649cfc46854eedb1b466	success	0	147	805c8c7334c868e18e2be84be95b83cc60895722d739c2b164a68be4cd410c49	189985			cypher-graph-id-predicate	64	1	fixture-hive-00	1	0	0	1	0	1	1	1	63	1	0
graph-id-function-wrapped-contains-target-32-targeted	graph-id	graph-id-function-wrapped-contains	targeted	graph-id-function-equals-and-wrapped-contains	graph-routing	properties	200	fixture-hive-00	fixture-hive-00	1	ea11677be4d3166ee79e7aa4f8c5ff603c5cb6bb9f65649cfc46854eedb1b466	success	4	2862	72e96499d86d64ae9da267f3b15791817d4250f06a8dfea9d09edd8c3c23a440	152986		fixture-hive-00	cypher-graph-id-predicate	64	1	fixture-hive-00	1	0	0	1	0	4	1	1	63	1	0
graph-id-function-wrapped-contains-target-32-dense	graph-id	graph-id-function-wrapped-contains	dense	graph-id-function-equals-and-wrapped-contains	graph-routing	properties	200	fixture-hive-00	fixture-hive-00	1	ea11677be4d3166ee79e7aa4f8c5ff603c5cb6bb9f65649cfc46854eedb1b466	success	200	92864	0ad6a5ae10cb27d8dd28af205e0df8ebd79b3e1ca0079c8c876100ee108fc38d	228757		fixture-hive-00	cypher-graph-id-predicate	64	1	fixture-hive-00	1	0	0	1	0	200	1	1	63	1	0
graph-id-function-wrapped-contains-target-33-zero	graph-id	graph-id-function-wrapped-contains	zero	graph-id-function-equals-and-wrapped-contains	graph-routing	properties	200	fixture-hive-01	fixture-hive-01	1	3a9bab8befb64a5c5518ec83add10138c13ae31dfad00b5a26547f3cfc2bf0bb	success	0	147	805c8c7334c868e18e2be84be95b83cc60895722d739c2b164a68be4cd410c49	217195			cypher-graph-id-predicate	64	1	fixture-hive-01	1	0	0	1	0	1	1	1	63	1	0
graph-id-function-wrapped-contains-target-33-targeted	graph-id	graph-id-function-wrapped-contains	targeted	graph-id-function-equals-and-wrapped-contains	graph-routing	properties	200	fixture-hive-01	fixture-hive-01	1	3a9bab8befb64a5c5518ec83add10138c13ae31dfad00b5a26547f3cfc2bf0bb	success	4	2862	5436abb5d5a82ddf1b71cf6459ce0de5fe56d25b825b58b20bbe8cace9e3cde7	313756		fixture-hive-01	cypher-graph-id-predicate	64	1	fixture-hive-01	1	0	0	1	0	4	1	1	63	1	0
graph-id-function-wrapped-contains-target-33-dense	graph-id	graph-id-function-wrapped-contains	dense	graph-id-function-equals-and-wrapped-contains	graph-routing	properties	200	fixture-hive-01	fixture-hive-01	1	3a9bab8befb64a5c5518ec83add10138c13ae31dfad00b5a26547f3cfc2bf0bb	success	200	92578	e10f119cab32a77f2d8107211e2addcc69d3ab151ee08f60199ff7a8db9b6a1c	323174		fixture-hive-01	cypher-graph-id-predicate	64	1	fixture-hive-01	1	0	0	1	0	200	1	1	63	1	0
graph-id-function-wrapped-contains-target-34-zero	graph-id	graph-id-function-wrapped-contains	zero	graph-id-function-equals-and-wrapped-contains	graph-routing	properties	200	fixture-hive-02	fixture-hive-02	1	058d31d4f0a17f6c8e80480702d6c2099e48867673bc0a8d99037f2244a27bbf	success	0	147	805c8c7334c868e18e2be84be95b83cc60895722d739c2b164a68be4cd410c49	280584			cypher-graph-id-predicate	64	1	fixture-hive-02	1	0	0	1	0	1	1	1	63	1	0
graph-id-function-wrapped-contains-target-34-targeted	graph-id	graph-id-function-wrapped-contains	targeted	graph-id-function-equals-and-wrapped-contains	graph-routing	properties	200	fixture-hive-02	fixture-hive-02	1	058d31d4f0a17f6c8e80480702d6c2099e48867673bc0a8d99037f2244a27bbf	success	4	2883	e83a01bd4b4e8f51ba0c51a53e73f87ec8dd6170bd60b37ef57b4eb9aba8bcc7	215933		fixture-hive-02	cypher-graph-id-predicate	64	1	fixture-hive-02	1	0	0	1	0	4	1	1	63	1	0
graph-id-function-wrapped-contains-target-34-dense	graph-id	graph-id-function-wrapped-contains	dense	graph-id-function-equals-and-wrapped-contains	graph-routing	properties	200	fixture-hive-02	fixture-hive-02	1	058d31d4f0a17f6c8e80480702d6c2099e48867673bc0a8d99037f2244a27bbf	success	200	94183	b06f89a813919b2f4278637c18773fe7508c48351caa08a76cefe1f54c9b7715	268964		fixture-hive-02	cypher-graph-id-predicate	64	1	fixture-hive-02	1	0	0	1	0	200	1	1	63	1	0
graph-id-function-wrapped-contains-target-35-zero	graph-id	graph-id-function-wrapped-contains	zero	graph-id-function-equals-and-wrapped-contains	graph-routing	properties	200	fixture-hive-03	fixture-hive-03	1	bc37ba5880a9fc3e89dea2bf6571ad8db10f8c499dfca7c678b831d8edb064fe	success	0	147	805c8c7334c868e18e2be84be95b83cc60895722d739c2b164a68be4cd410c49	224217			cypher-graph-id-predicate	64	1	fixture-hive-03	1	0	0	1	0	1	1	1	63	1	0
graph-id-function-wrapped-contains-target-35-targeted	graph-id	graph-id-function-wrapped-contains	targeted	graph-id-function-equals-and-wrapped-contains	graph-routing	properties	200	fixture-hive-03	fixture-hive-03	1	bc37ba5880a9fc3e89dea2bf6571ad8db10f8c499dfca7c678b831d8edb064fe	success	1	771	134378d176ef9559b3b9b40557762648c5aa55be889ba8cb2e7f752130b85ab7	2701283		fixture-hive-03	cypher-graph-id-predicate	64	1	fixture-hive-03	1	0	0	1	0	1	1	1	63	1	0
graph-id-function-wrapped-contains-target-35-dense	graph-id	graph-id-function-wrapped-contains	dense	graph-id-function-equals-and-wrapped-contains	graph-routing	properties	200	fixture-hive-03	fixture-hive-03	1	bc37ba5880a9fc3e89dea2bf6571ad8db10f8c499dfca7c678b831d8edb064fe	success	200	91613	71eca3baa7c5adda9a19daaba5b66d08f4d30beebcfc1f6f8f3125a009484e93	409985		fixture-hive-03	cypher-graph-id-predicate	64	1	fixture-hive-03	1	0	0	1	0	200	1	1	63	1	0
graph-id-function-wrapped-contains-target-36-zero	graph-id	graph-id-function-wrapped-contains	zero	graph-id-function-equals-and-wrapped-contains	graph-routing	properties	200	fixture-hive-04	fixture-hive-04	1	d6abca6af79ede3e783b4b1d1bb2f17c22db5cf0b5c70506d31ea6d33509dcc5	success	0	147	805c8c7334c868e18e2be84be95b83cc60895722d739c2b164a68be4cd410c49	267880			cypher-graph-id-predicate	64	1	fixture-hive-04	1	0	0	1	0	1	1	1	63	1	0
graph-id-function-wrapped-contains-target-36-targeted	graph-id	graph-id-function-wrapped-contains	targeted	graph-id-function-equals-and-wrapped-contains	graph-routing	properties	200	fixture-hive-04	fixture-hive-04	1	d6abca6af79ede3e783b4b1d1bb2f17c22db5cf0b5c70506d31ea6d33509dcc5	success	1	795	6f5022183da52ea8cb963f17c4b86a6270dc9bfe0ca358e5ec7d6bdf4c95879f	207498		fixture-hive-04	cypher-graph-id-predicate	64	1	fixture-hive-04	1	0	0	1	0	1	1	1	63	1	0
graph-id-function-wrapped-contains-target-36-dense	graph-id	graph-id-function-wrapped-contains	dense	graph-id-function-equals-and-wrapped-contains	graph-routing	properties	200	fixture-hive-04	fixture-hive-04	1	d6abca6af79ede3e783b4b1d1bb2f17c22db5cf0b5c70506d31ea6d33509dcc5	success	200	91716	5d2df55fe9df550bd17a462dbec1bd958f7c0d5940c160537976ecc80d5cb22f	300992		fixture-hive-04	cypher-graph-id-predicate	64	1	fixture-hive-04	1	0	0	1	0	200	1	1	63	1	0
graph-id-function-wrapped-contains-target-37-zero	graph-id	graph-id-function-wrapped-contains	zero	graph-id-function-equals-and-wrapped-contains	graph-routing	properties	200	fixture-hive-05	fixture-hive-05	1	f7f4c2e85299b39f0b295436a0a678be80ea1fe4bd065c984fac7e3e79c02a1f	success	0	147	805c8c7334c868e18e2be84be95b83cc60895722d739c2b164a68be4cd410c49	414744			cypher-graph-id-predicate	64	1	fixture-hive-05	1	0	0	1	0	1	1	1	63	1	0
graph-id-function-wrapped-contains-target-37-targeted	graph-id	graph-id-function-wrapped-contains	targeted	graph-id-function-equals-and-wrapped-contains	graph-routing	properties	200	fixture-hive-05	fixture-hive-05	1	f7f4c2e85299b39f0b295436a0a678be80ea1fe4bd065c984fac7e3e79c02a1f	success	51	31472	b9433fbd59011f3771f14c8abacb0cbca913b3ccb9b85649a8f98d4c6f628703	325187		fixture-hive-05	cypher-graph-id-predicate	64	1	fixture-hive-05	1	0	0	1	0	51	1	1	63	1	0
graph-id-function-wrapped-contains-target-37-dense	graph-id	graph-id-function-wrapped-contains	dense	graph-id-function-equals-and-wrapped-contains	graph-routing	properties	200	fixture-hive-05	fixture-hive-05	1	f7f4c2e85299b39f0b295436a0a678be80ea1fe4bd065c984fac7e3e79c02a1f	success	200	91795	dbb6e258143695218279e10cbea2bf21ad0c5b1330a8fc3e3470b176ae0b6f42	348831		fixture-hive-05	cypher-graph-id-predicate	64	1	fixture-hive-05	1	0	0	1	0	200	1	1	63	1	0
graph-id-function-wrapped-contains-target-38-zero	graph-id	graph-id-function-wrapped-contains	zero	graph-id-function-equals-and-wrapped-contains	graph-routing	properties	200	fixture-hive-06	fixture-hive-06	1	ddfe0a17a6b176061c6908248fc9bbb24510f00e8ed40c2c068587464d0ab767	success	0	147	805c8c7334c868e18e2be84be95b83cc60895722d739c2b164a68be4cd410c49	209020			cypher-graph-id-predicate	64	1	fixture-hive-06	1	0	0	1	0	1	1	1	63	1	0
graph-id-function-wrapped-contains-target-38-targeted	graph-id	graph-id-function-wrapped-contains	targeted	graph-id-function-equals-and-wrapped-contains	graph-routing	properties	200	fixture-hive-06	fixture-hive-06	1	ddfe0a17a6b176061c6908248fc9bbb24510f00e8ed40c2c068587464d0ab767	success	1	801	6e224732564976ab3ad1b488a2dcb0c2a2f84050ab25d529f41b87f4de3c406c	232414		fixture-hive-06	cypher-graph-id-predicate	64	1	fixture-hive-06	1	0	0	1	0	1	1	1	63	1	0
graph-id-function-wrapped-contains-target-38-dense	graph-id	graph-id-function-wrapped-contains	dense	graph-id-function-equals-and-wrapped-contains	graph-routing	properties	200	fixture-hive-06	fixture-hive-06	1	ddfe0a17a6b176061c6908248fc9bbb24510f00e8ed40c2c068587464d0ab767	success	200	92968	77adda61bf8a66745500e9e1b739302ae425b75af5d5199095bd9c0f56151e04	416979		fixture-hive-06	cypher-graph-id-predicate	64	1	fixture-hive-06	1	0	0	1	0	200	1	1	63	1	0
graph-id-function-wrapped-contains-target-39-zero	graph-id	graph-id-function-wrapped-contains	zero	graph-id-function-equals-and-wrapped-contains	graph-routing	properties	200	fixture-hive-07	fixture-hive-07	1	5b909537f8397e9b454c56026974d9a0348f5c6147e1f2169fbaaa2eb1645822	success	0	147	805c8c7334c868e18e2be84be95b83cc60895722d739c2b164a68be4cd410c49	304078			cypher-graph-id-predicate	64	1	fixture-hive-07	1	0	0	1	0	1	1	1	63	1	0
graph-id-function-wrapped-contains-target-39-targeted	graph-id	graph-id-function-wrapped-contains	targeted	graph-id-function-equals-and-wrapped-contains	graph-routing	properties	200	fixture-hive-07	fixture-hive-07	1	5b909537f8397e9b454c56026974d9a0348f5c6147e1f2169fbaaa2eb1645822	success	4	2855	db8e5b7500b38c30ff9ca554407e1c3f066cc32ce80520e31c63fe8f4f34048e	186678		fixture-hive-07	cypher-graph-id-predicate	64	1	fixture-hive-07	1	0	0	1	0	4	1	1	63	1	0
graph-id-function-wrapped-contains-target-39-dense	graph-id	graph-id-function-wrapped-contains	dense	graph-id-function-equals-and-wrapped-contains	graph-routing	properties	200	fixture-hive-07	fixture-hive-07	1	5b909537f8397e9b454c56026974d9a0348f5c6147e1f2169fbaaa2eb1645822	success	200	91298	153dc7ab9d3d22961d16bfae52d0b5cd4c7d97177e0e57e7c086294f37d00f0f	215753		fixture-hive-07	cypher-graph-id-predicate	64	1	fixture-hive-07	1	0	0	1	0	200	1	1	63	1	0
graph-id-function-wrapped-contains-target-40-zero	graph-id	graph-id-function-wrapped-contains	zero	graph-id-function-equals-and-wrapped-contains	graph-routing	properties	200	fixture-hive-08	fixture-hive-08	1	a73da7b76b921f77b9fadceff4ca8a9274fa7524e6ce2fb87c035b118fdb9e31	success	0	147	805c8c7334c868e18e2be84be95b83cc60895722d739c2b164a68be4cd410c49	163145			cypher-graph-id-predicate	64	1	fixture-hive-08	1	0	0	1	0	1	1	1	63	1	0
graph-id-function-wrapped-contains-target-40-targeted	graph-id	graph-id-function-wrapped-contains	targeted	graph-id-function-equals-and-wrapped-contains	graph-routing	properties	200	fixture-hive-08	fixture-hive-08	1	a73da7b76b921f77b9fadceff4ca8a9274fa7524e6ce2fb87c035b118fdb9e31	success	4	2911	6520445594f6fc1d080f2e441beea159540f21b52c555b515dbd7ba1fee2a37f	158326		fixture-hive-08	cypher-graph-id-predicate	64	1	fixture-hive-08	1	0	0	1	0	4	1	1	63	1	0
graph-id-function-wrapped-contains-target-40-dense	graph-id	graph-id-function-wrapped-contains	dense	graph-id-function-equals-and-wrapped-contains	graph-routing	properties	200	fixture-hive-08	fixture-hive-08	1	a73da7b76b921f77b9fadceff4ca8a9274fa7524e6ce2fb87c035b118fdb9e31	success	200	95189	6547ed796970ad3186785ae6dc7d6b1328d226d1878e5144fdb98c21fcba06f9	219260		fixture-hive-08	cypher-graph-id-predicate	64	1	fixture-hive-08	1	0	0	1	0	200	1	1	63	1	0
graph-id-function-wrapped-contains-target-41-zero	graph-id	graph-id-function-wrapped-contains	zero	graph-id-function-equals-and-wrapped-contains	graph-routing	properties	200	fixture-hive-09	fixture-hive-09	1	295df7bb9f479be56469bcfb34b70c143d1aff6e47944b80de9fd42e774be779	success	0	147	805c8c7334c868e18e2be84be95b83cc60895722d739c2b164a68be4cd410c49	150691			cypher-graph-id-predicate	64	1	fixture-hive-09	1	0	0	1	0	1	1	1	63	1	0
graph-id-function-wrapped-contains-target-41-targeted	graph-id	graph-id-function-wrapped-contains	targeted	graph-id-function-equals-and-wrapped-contains	graph-routing	properties	200	fixture-hive-09	fixture-hive-09	1	295df7bb9f479be56469bcfb34b70c143d1aff6e47944b80de9fd42e774be779	success	4	2883	42fd2fd2ff37d34c0cfb2146cde4be9387147a4cc07443bd58969c3f1e25556e	176900		fixture-hive-09	cypher-graph-id-predicate	64	1	fixture-hive-09	1	0	0	1	0	4	1	1	63	1	0
graph-id-function-wrapped-contains-target-41-dense	graph-id	graph-id-function-wrapped-contains	dense	graph-id-function-equals-and-wrapped-contains	graph-routing	properties	200	fixture-hive-09	fixture-hive-09	1	295df7bb9f479be56469bcfb34b70c143d1aff6e47944b80de9fd42e774be779	success	200	92146	1d23f5a918b6a408d8eae300e7aa799801aecc62fcc85667af567e3c95156cb9	276131		fixture-hive-09	cypher-graph-id-predicate	64	1	fixture-hive-09	1	0	0	1	0	200	1	1	63	1	0
graph-id-function-wrapped-contains-target-42-zero	graph-id	graph-id-function-wrapped-contains	zero	graph-id-function-equals-and-wrapped-contains	graph-routing	properties	200	fixture-hive-10	fixture-hive-10	1	e942f277a2b44bd11b03bd9380dd5388338721030a1701c31ff2277dd8f8cd9a	success	0	147	805c8c7334c868e18e2be84be95b83cc60895722d739c2b164a68be4cd410c49	148999			cypher-graph-id-predicate	64	1	fixture-hive-10	1	0	0	1	0	1	1	1	63	1	0
graph-id-function-wrapped-contains-target-42-targeted	graph-id	graph-id-function-wrapped-contains	targeted	graph-id-function-equals-and-wrapped-contains	graph-routing	properties	200	fixture-hive-10	fixture-hive-10	1	e942f277a2b44bd11b03bd9380dd5388338721030a1701c31ff2277dd8f8cd9a	success	63	39077	2d20a012ee335ff72d99f67135e1ac36defbca676c07a298d3df15c7c1e33f7d	190526		fixture-hive-10	cypher-graph-id-predicate	64	1	fixture-hive-10	1	0	0	1	0	63	1	1	63	1	0
graph-id-function-wrapped-contains-target-42-dense	graph-id	graph-id-function-wrapped-contains	dense	graph-id-function-equals-and-wrapped-contains	graph-routing	properties	200	fixture-hive-10	fixture-hive-10	1	e942f277a2b44bd11b03bd9380dd5388338721030a1701c31ff2277dd8f8cd9a	success	200	93248	bd7a2cfc84011237aca413f8fd4b6ee9130043dc1530bc214cc965d935dc3d88	244987		fixture-hive-10	cypher-graph-id-predicate	64	1	fixture-hive-10	1	0	0	1	0	200	1	1	63	1	0
graph-id-function-wrapped-contains-target-43-zero	graph-id	graph-id-function-wrapped-contains	zero	graph-id-function-equals-and-wrapped-contains	graph-routing	properties	200	fixture-hive-11	fixture-hive-11	1	fc0779b8fe9d9937d1e4cb4a3dba1379fc83c9a81125f4350e46a986c8531889	success	0	147	805c8c7334c868e18e2be84be95b83cc60895722d739c2b164a68be4cd410c49	234488			cypher-graph-id-predicate	64	1	fixture-hive-11	1	0	0	1	0	1	1	1	63	1	0
graph-id-function-wrapped-contains-target-43-targeted	graph-id	graph-id-function-wrapped-contains	targeted	graph-id-function-equals-and-wrapped-contains	graph-routing	properties	200	fixture-hive-11	fixture-hive-11	1	fc0779b8fe9d9937d1e4cb4a3dba1379fc83c9a81125f4350e46a986c8531889	success	4	2743	a7aaae25732eb3fc39e7e9697120f6a4534e52262fb153e4201e51d7b31e4606	204471		fixture-hive-11	cypher-graph-id-predicate	64	1	fixture-hive-11	1	0	0	1	0	4	1	1	63	1	0
graph-id-function-wrapped-contains-target-43-dense	graph-id	graph-id-function-wrapped-contains	dense	graph-id-function-equals-and-wrapped-contains	graph-routing	properties	200	fixture-hive-11	fixture-hive-11	1	fc0779b8fe9d9937d1e4cb4a3dba1379fc83c9a81125f4350e46a986c8531889	success	200	94063	f5c81d8aabcfe449e1a20e1133f0ce5a6c25cde54cfb7e82531ff93f87b6f89e	323364		fixture-hive-11	cypher-graph-id-predicate	64	1	fixture-hive-11	1	0	0	1	0	200	1	1	63	1	0
graph-id-function-wrapped-contains-target-44-zero	graph-id	graph-id-function-wrapped-contains	zero	graph-id-function-equals-and-wrapped-contains	graph-routing	properties	200	fixture-hive-12	fixture-hive-12	1	b0c62bc41512e26a42d23ec1fd21c12eb0d433e252eed22e92d2246689f7489a	success	0	147	805c8c7334c868e18e2be84be95b83cc60895722d739c2b164a68be4cd410c49	179155			cypher-graph-id-predicate	64	1	fixture-hive-12	1	0	0	1	0	1	1	1	63	1	0
graph-id-function-wrapped-contains-target-44-targeted	graph-id	graph-id-function-wrapped-contains	targeted	graph-id-function-equals-and-wrapped-contains	graph-routing	properties	200	fixture-hive-12	fixture-hive-12	1	b0c62bc41512e26a42d23ec1fd21c12eb0d433e252eed22e92d2246689f7489a	success	4	2890	b8c7750587d3cb95373de074cba017cf14e5d85811bfc8cc2b49fa06615dc14f	136755		fixture-hive-12	cypher-graph-id-predicate	64	1	fixture-hive-12	1	0	0	1	0	4	1	1	63	1	0
graph-id-function-wrapped-contains-target-44-dense	graph-id	graph-id-function-wrapped-contains	dense	graph-id-function-equals-and-wrapped-contains	graph-routing	properties	200	fixture-hive-12	fixture-hive-12	1	b0c62bc41512e26a42d23ec1fd21c12eb0d433e252eed22e92d2246689f7489a	success	200	90517	901cb7ad5a7cef604f7264d87d81f85a7b3e521b0175839dd61f15fa140b58cf	229709		fixture-hive-12	cypher-graph-id-predicate	64	1	fixture-hive-12	1	0	0	1	0	200	1	1	63	1	0
graph-id-function-wrapped-contains-target-45-zero	graph-id	graph-id-function-wrapped-contains	zero	graph-id-function-equals-and-wrapped-contains	graph-routing	properties	200	fixture-hive-13	fixture-hive-13	1	2f758a1599ac4d799ee27ae81f81bfe54bc6240d59e8f003bf5cd782742affd0	success	0	147	805c8c7334c868e18e2be84be95b83cc60895722d739c2b164a68be4cd410c49	174666			cypher-graph-id-predicate	64	1	fixture-hive-13	1	0	0	1	0	1	1	1	63	1	0
graph-id-function-wrapped-contains-target-45-targeted	graph-id	graph-id-function-wrapped-contains	targeted	graph-id-function-equals-and-wrapped-contains	graph-routing	properties	200	fixture-hive-13	fixture-hive-13	1	2f758a1599ac4d799ee27ae81f81bfe54bc6240d59e8f003bf5cd782742affd0	success	1	807	7a2ea6e6b7c61f333c01be975226570ddf428683fdf6c4eb419e09457718acf9	123541		fixture-hive-13	cypher-graph-id-predicate	64	1	fixture-hive-13	1	0	0	1	0	1	1	1	63	1	0
graph-id-function-wrapped-contains-target-45-dense	graph-id	graph-id-function-wrapped-contains	dense	graph-id-function-equals-and-wrapped-contains	graph-routing	properties	200	fixture-hive-13	fixture-hive-13	1	2f758a1599ac4d799ee27ae81f81bfe54bc6240d59e8f003bf5cd782742affd0	success	200	92534	8ce2fca3adf975e2913f1d7a0f91465f04ef5e5cdbaaa1f51ca68901be616480	249876		fixture-hive-13	cypher-graph-id-predicate	64	1	fixture-hive-13	1	0	0	1	0	200	1	1	63	1	0
graph-id-function-wrapped-contains-target-46-zero	graph-id	graph-id-function-wrapped-contains	zero	graph-id-function-equals-and-wrapped-contains	graph-routing	properties	200	fixture-hive-14	fixture-hive-14	1	960cf66cc8af0003002afe076d1f893b29b2a55fabfac7d5316eb3e3b9c46f67	success	0	147	805c8c7334c868e18e2be84be95b83cc60895722d739c2b164a68be4cd410c49	136716			cypher-graph-id-predicate	64	1	fixture-hive-14	1	0	0	1	0	1	1	1	63	1	0
graph-id-function-wrapped-contains-target-46-targeted	graph-id	graph-id-function-wrapped-contains	targeted	graph-id-function-equals-and-wrapped-contains	graph-routing	properties	200	fixture-hive-14	fixture-hive-14	1	960cf66cc8af0003002afe076d1f893b29b2a55fabfac7d5316eb3e3b9c46f67	success	45	27605	5de372ca8e19ec486456452fc7bd2d9f18c4d7b0beb5e238b24073911e1d2e3a	198180		fixture-hive-14	cypher-graph-id-predicate	64	1	fixture-hive-14	1	0	0	1	0	45	1	1	63	1	0
graph-id-function-wrapped-contains-target-46-dense	graph-id	graph-id-function-wrapped-contains	dense	graph-id-function-equals-and-wrapped-contains	graph-routing	properties	200	fixture-hive-14	fixture-hive-14	1	960cf66cc8af0003002afe076d1f893b29b2a55fabfac7d5316eb3e3b9c46f67	success	200	96641	3ad39c9167b00424c5957087068cab90d47268c9063b8d9e565113275edd98c8	215463		fixture-hive-14	cypher-graph-id-predicate	64	1	fixture-hive-14	1	0	0	1	0	200	1	1	63	1	0
graph-id-function-wrapped-contains-target-47-zero	graph-id	graph-id-function-wrapped-contains	zero	graph-id-function-equals-and-wrapped-contains	graph-routing	properties	200	fixture-hive-15	fixture-hive-15	1	d5c3f70f4e04fa9e3851b5ba956c39c64ff3bf4c48028255a069369d65d3e3dc	success	0	147	805c8c7334c868e18e2be84be95b83cc60895722d739c2b164a68be4cd410c49	128029			cypher-graph-id-predicate	64	1	fixture-hive-15	1	0	0	1	0	1	1	1	63	1	0
graph-id-function-wrapped-contains-target-47-targeted	graph-id	graph-id-function-wrapped-contains	targeted	graph-id-function-equals-and-wrapped-contains	graph-routing	properties	200	fixture-hive-15	fixture-hive-15	1	d5c3f70f4e04fa9e3851b5ba956c39c64ff3bf4c48028255a069369d65d3e3dc	success	66	40159	fcfc173325ae104971344d6daea93c8089a472f712f938cfbd16c519ba82c551	178513		fixture-hive-15	cypher-graph-id-predicate	64	1	fixture-hive-15	1	0	0	1	0	66	1	1	63	1	0
graph-id-function-wrapped-contains-target-47-dense	graph-id	graph-id-function-wrapped-contains	dense	graph-id-function-equals-and-wrapped-contains	graph-routing	properties	200	fixture-hive-15	fixture-hive-15	1	d5c3f70f4e04fa9e3851b5ba956c39c64ff3bf4c48028255a069369d65d3e3dc	success	200	97359	d162ad37d2e7b659e55cddb63b7d42e922fbd2396ae9679f7648226751bb7a13	229318		fixture-hive-15	cypher-graph-id-predicate	64	1	fixture-hive-15	1	0	0	1	0	200	1	1	63	1	0
graph-id-function-wrapped-contains-target-48-zero	graph-id	graph-id-function-wrapped-contains	zero	graph-id-function-equals-and-wrapped-contains	graph-routing	properties	200	fixture-kotlin-compiler-00	fixture-kotlin-compiler-00	1	e0590ddba3b9b9f8de79bee6771cc2f41482d9bcf2b6d495c533f4d523602a1c	success	0	147	805c8c7334c868e18e2be84be95b83cc60895722d739c2b164a68be4cd410c49	225321			cypher-graph-id-predicate	64	1	fixture-kotlin-compiler-00	1	0	0	1	0	1	1	1	63	1	0
graph-id-function-wrapped-contains-target-48-targeted	graph-id	graph-id-function-wrapped-contains	targeted	graph-id-function-equals-and-wrapped-contains	graph-routing	properties	200	fixture-kotlin-compiler-00	fixture-kotlin-compiler-00	1	e0590ddba3b9b9f8de79bee6771cc2f41482d9bcf2b6d495c533f4d523602a1c	success	10	6351	274597a5e0e535d6581734920f9ffbc39062a84a13ad9d85823a8f12df219dfd	286595		fixture-kotlin-compiler-00	cypher-graph-id-predicate	64	1	fixture-kotlin-compiler-00	1	0	0	1	0	10	1	1	63	1	0
graph-id-function-wrapped-contains-target-48-dense	graph-id	graph-id-function-wrapped-contains	dense	graph-id-function-equals-and-wrapped-contains	graph-routing	properties	200	fixture-kotlin-compiler-00	fixture-kotlin-compiler-00	1	e0590ddba3b9b9f8de79bee6771cc2f41482d9bcf2b6d495c533f4d523602a1c	success	200	97301	4abd067ea3c7496241f2623586a132809a81e33bd08c7645b717be3ee7ee2542	300751		fixture-kotlin-compiler-00	cypher-graph-id-predicate	64	1	fixture-kotlin-compiler-00	1	0	0	1	0	200	1	1	63	1	0
graph-id-function-wrapped-contains-target-49-zero	graph-id	graph-id-function-wrapped-contains	zero	graph-id-function-equals-and-wrapped-contains	graph-routing	properties	200	fixture-kotlin-compiler-01	fixture-kotlin-compiler-01	1	a2378f34cd746f343988852d75ea5d50b8bfe89e6cd965dacb19b742e3a8c966	success	0	147	805c8c7334c868e18e2be84be95b83cc60895722d739c2b164a68be4cd410c49	170238			cypher-graph-id-predicate	64	1	fixture-kotlin-compiler-01	1	0	0	1	0	1	1	1	63	1	0
graph-id-function-wrapped-contains-target-49-targeted	graph-id	graph-id-function-wrapped-contains	targeted	graph-id-function-equals-and-wrapped-contains	graph-routing	properties	200	fixture-kotlin-compiler-01	fixture-kotlin-compiler-01	1	a2378f34cd746f343988852d75ea5d50b8bfe89e6cd965dacb19b742e3a8c966	success	4	2598	d72c68d3fe0e8e0257e28136dfcba3f279a31d304b51dc9611dfa7b0f16169a8	1633540		fixture-kotlin-compiler-01	cypher-graph-id-predicate	64	1	fixture-kotlin-compiler-01	1	0	0	1	0	4	1	1	63	1	0
graph-id-function-wrapped-contains-target-49-dense	graph-id	graph-id-function-wrapped-contains	dense	graph-id-function-equals-and-wrapped-contains	graph-routing	properties	200	fixture-kotlin-compiler-01	fixture-kotlin-compiler-01	1	a2378f34cd746f343988852d75ea5d50b8bfe89e6cd965dacb19b742e3a8c966	success	200	95854	6848b85ce01299f2ea05bcca3edaa8c69792c61113aeaea43a401f01793bb61d	355484		fixture-kotlin-compiler-01	cypher-graph-id-predicate	64	1	fixture-kotlin-compiler-01	1	0	0	1	0	200	1	1	63	1	0
graph-id-function-wrapped-contains-target-50-zero	graph-id	graph-id-function-wrapped-contains	zero	graph-id-function-equals-and-wrapped-contains	graph-routing	properties	200	fixture-kotlin-compiler-02	fixture-kotlin-compiler-02	1	b4996e09ff7c9fb90ce978374faa803d01485382a499402abfd9028048b79bf7	success	0	147	805c8c7334c868e18e2be84be95b83cc60895722d739c2b164a68be4cd410c49	159549			cypher-graph-id-predicate	64	1	fixture-kotlin-compiler-02	1	0	0	1	0	1	1	1	63	1	0
graph-id-function-wrapped-contains-target-50-targeted	graph-id	graph-id-function-wrapped-contains	targeted	graph-id-function-equals-and-wrapped-contains	graph-routing	properties	200	fixture-kotlin-compiler-02	fixture-kotlin-compiler-02	1	b4996e09ff7c9fb90ce978374faa803d01485382a499402abfd9028048b79bf7	success	1	791	85dd6bfd8cfa28628294c822275e5bb7a279ea8142c47ff362a55c060e68da37	146694		fixture-kotlin-compiler-02	cypher-graph-id-predicate	64	1	fixture-kotlin-compiler-02	1	0	0	1	0	1	1	1	63	1	0
graph-id-function-wrapped-contains-target-50-dense	graph-id	graph-id-function-wrapped-contains	dense	graph-id-function-equals-and-wrapped-contains	graph-routing	properties	200	fixture-kotlin-compiler-02	fixture-kotlin-compiler-02	1	b4996e09ff7c9fb90ce978374faa803d01485382a499402abfd9028048b79bf7	success	200	91564	fbf180fab82c32493738bb60bb29955d3f45810bb23806d614f71964200069bc	208179		fixture-kotlin-compiler-02	cypher-graph-id-predicate	64	1	fixture-kotlin-compiler-02	1	0	0	1	0	200	1	1	63	1	0
graph-id-function-wrapped-contains-target-51-zero	graph-id	graph-id-function-wrapped-contains	zero	graph-id-function-equals-and-wrapped-contains	graph-routing	properties	200	fixture-kotlin-compiler-03	fixture-kotlin-compiler-03	1	a2350bbcc2f1ba8738ae72b167e586240ce7149551e3fba11f7a358d11b7801e	success	0	147	805c8c7334c868e18e2be84be95b83cc60895722d739c2b164a68be4cd410c49	143728			cypher-graph-id-predicate	64	1	fixture-kotlin-compiler-03	1	0	0	1	0	1	1	1	63	1	0
graph-id-function-wrapped-contains-target-51-targeted	graph-id	graph-id-function-wrapped-contains	targeted	graph-id-function-equals-and-wrapped-contains	graph-routing	properties	200	fixture-kotlin-compiler-03	fixture-kotlin-compiler-03	1	a2350bbcc2f1ba8738ae72b167e586240ce7149551e3fba11f7a358d11b7801e	success	1	798	64ae9673d519a121b865dc50f576291bddc3c4c81c474d10cfb9d0da1dce7c60	137918		fixture-kotlin-compiler-03	cypher-graph-id-predicate	64	1	fixture-kotlin-compiler-03	1	0	0	1	0	1	1	1	63	1	0
graph-id-function-wrapped-contains-target-51-dense	graph-id	graph-id-function-wrapped-contains	dense	graph-id-function-equals-and-wrapped-contains	graph-routing	properties	200	fixture-kotlin-compiler-03	fixture-kotlin-compiler-03	1	a2350bbcc2f1ba8738ae72b167e586240ce7149551e3fba11f7a358d11b7801e	success	200	94730	d508f1cb1d0c5646118a68e8a87c49c66a454661e438e3f033289c173598f51f	210462		fixture-kotlin-compiler-03	cypher-graph-id-predicate	64	1	fixture-kotlin-compiler-03	1	0	0	1	0	200	1	1	63	1	0
graph-id-function-wrapped-contains-target-52-zero	graph-id	graph-id-function-wrapped-contains	zero	graph-id-function-equals-and-wrapped-contains	graph-routing	properties	200	fixture-kotlin-compiler-04	fixture-kotlin-compiler-04	1	1835d0591826a821b1c4a8a0df21cd273c40697176c253109b1663d9e56d64a0	success	0	147	805c8c7334c868e18e2be84be95b83cc60895722d739c2b164a68be4cd410c49	141744			cypher-graph-id-predicate	64	1	fixture-kotlin-compiler-04	1	0	0	1	0	1	1	1	63	1	0
graph-id-function-wrapped-contains-target-52-targeted	graph-id	graph-id-function-wrapped-contains	targeted	graph-id-function-equals-and-wrapped-contains	graph-routing	properties	200	fixture-kotlin-compiler-04	fixture-kotlin-compiler-04	1	1835d0591826a821b1c4a8a0df21cd273c40697176c253109b1663d9e56d64a0	success	1	792	6691abe0a1f608719107bf4ffc3fa52632123ab77cb7c2c3c6536cd32de533b1	138769		fixture-kotlin-compiler-04	cypher-graph-id-predicate	64	1	fixture-kotlin-compiler-04	1	0	0	1	0	1	1	1	63	1	0
graph-id-function-wrapped-contains-target-52-dense	graph-id	graph-id-function-wrapped-contains	dense	graph-id-function-equals-and-wrapped-contains	graph-routing	properties	200	fixture-kotlin-compiler-04	fixture-kotlin-compiler-04	1	1835d0591826a821b1c4a8a0df21cd273c40697176c253109b1663d9e56d64a0	success	200	96891	db4b9bfadbbb61a039e76484090eda57349ec9585a7c795f46793352fb739e7c	2456316		fixture-kotlin-compiler-04	cypher-graph-id-predicate	64	1	fixture-kotlin-compiler-04	1	0	0	1	0	200	1	1	63	1	0
graph-id-function-wrapped-contains-target-53-zero	graph-id	graph-id-function-wrapped-contains	zero	graph-id-function-equals-and-wrapped-contains	graph-routing	properties	200	fixture-kotlin-compiler-05	fixture-kotlin-compiler-05	1	65de36ec09041582c4ff4a57708f099a7d72d4907a327e47ae026767f5ff0db0	success	0	147	805c8c7334c868e18e2be84be95b83cc60895722d739c2b164a68be4cd410c49	176159			cypher-graph-id-predicate	64	1	fixture-kotlin-compiler-05	1	0	0	1	0	1	1	1	63	1	0
graph-id-function-wrapped-contains-target-53-targeted	graph-id	graph-id-function-wrapped-contains	targeted	graph-id-function-equals-and-wrapped-contains	graph-routing	properties	200	fixture-kotlin-compiler-05	fixture-kotlin-compiler-05	1	65de36ec09041582c4ff4a57708f099a7d72d4907a327e47ae026767f5ff0db0	success	6	3910	d987ccd9722d9cd5492fcbb62423f1a89bb41e05ea0e3fb44e7cc793b9656b12	306141		fixture-kotlin-compiler-05	cypher-graph-id-predicate	64	1	fixture-kotlin-compiler-05	1	0	0	1	0	6	1	1	63	1	0
graph-id-function-wrapped-contains-target-53-dense	graph-id	graph-id-function-wrapped-contains	dense	graph-id-function-equals-and-wrapped-contains	graph-routing	properties	200	fixture-kotlin-compiler-05	fixture-kotlin-compiler-05	1	65de36ec09041582c4ff4a57708f099a7d72d4907a327e47ae026767f5ff0db0	success	200	94720	c9e7b59e830a820a47234ca1fd54046d1c260db318e05adc24dc748ca7fe29c0	303647		fixture-kotlin-compiler-05	cypher-graph-id-predicate	64	1	fixture-kotlin-compiler-05	1	0	0	1	0	200	1	1	63	1	0
graph-id-function-wrapped-contains-target-54-zero	graph-id	graph-id-function-wrapped-contains	zero	graph-id-function-equals-and-wrapped-contains	graph-routing	properties	200	fixture-kotlin-compiler-06	fixture-kotlin-compiler-06	1	455e2dea20c33d78ad4888048700c76ead131cc5fff61b1b6745f3cf019d98c7	success	0	147	805c8c7334c868e18e2be84be95b83cc60895722d739c2b164a68be4cd410c49	209541			cypher-graph-id-predicate	64	1	fixture-kotlin-compiler-06	1	0	0	1	0	1	1	1	63	1	0
graph-id-function-wrapped-contains-target-54-targeted	graph-id	graph-id-function-wrapped-contains	targeted	graph-id-function-equals-and-wrapped-contains	graph-routing	properties	200	fixture-kotlin-compiler-06	fixture-kotlin-compiler-06	1	455e2dea20c33d78ad4888048700c76ead131cc5fff61b1b6745f3cf019d98c7	success	3	1869	5157205e66d4cebff8b628175c555fdb333564013eabc5f496e37f9a4ad2b606	188212		fixture-kotlin-compiler-06	cypher-graph-id-predicate	64	1	fixture-kotlin-compiler-06	1	0	0	1	0	3	1	1	63	1	0
graph-id-function-wrapped-contains-target-54-dense	graph-id	graph-id-function-wrapped-contains	dense	graph-id-function-equals-and-wrapped-contains	graph-routing	properties	200	fixture-kotlin-compiler-06	fixture-kotlin-compiler-06	1	455e2dea20c33d78ad4888048700c76ead131cc5fff61b1b6745f3cf019d98c7	success	200	92798	60b390f0b190e46f6fd1b4929641c7324c9142e0f18a85bc338e7b41ebe62db5	1465146		fixture-kotlin-compiler-06	cypher-graph-id-predicate	64	1	fixture-kotlin-compiler-06	1	0	0	1	0	200	1	1	63	1	0
graph-id-function-wrapped-contains-target-55-zero	graph-id	graph-id-function-wrapped-contains	zero	graph-id-function-equals-and-wrapped-contains	graph-routing	properties	200	fixture-kotlin-compiler-07	fixture-kotlin-compiler-07	1	6c1c49dd5e3fe90a5fa68f9ab09606732d59b2cb006a42f463d6390d9a27f2a1	success	0	147	805c8c7334c868e18e2be84be95b83cc60895722d739c2b164a68be4cd410c49	187279			cypher-graph-id-predicate	64	1	fixture-kotlin-compiler-07	1	0	0	1	0	1	1	1	63	1	0
graph-id-function-wrapped-contains-target-55-targeted	graph-id	graph-id-function-wrapped-contains	targeted	graph-id-function-equals-and-wrapped-contains	graph-routing	properties	200	fixture-kotlin-compiler-07	fixture-kotlin-compiler-07	1	6c1c49dd5e3fe90a5fa68f9ab09606732d59b2cb006a42f463d6390d9a27f2a1	success	10	6054	f5c10be5db49f33f0b8307328bfb058b342da4d9241c33217038447620028ab5	189153		fixture-kotlin-compiler-07	cypher-graph-id-predicate	64	1	fixture-kotlin-compiler-07	1	0	0	1	0	10	1	1	63	1	0
graph-id-function-wrapped-contains-target-55-dense	graph-id	graph-id-function-wrapped-contains	dense	graph-id-function-equals-and-wrapped-contains	graph-routing	properties	200	fixture-kotlin-compiler-07	fixture-kotlin-compiler-07	1	6c1c49dd5e3fe90a5fa68f9ab09606732d59b2cb006a42f463d6390d9a27f2a1	success	200	96112	0f6d4800cdd86ccdf20aab2fe6bd2924f66d70c9fcca46057385e09ba151a798	314337		fixture-kotlin-compiler-07	cypher-graph-id-predicate	64	1	fixture-kotlin-compiler-07	1	0	0	1	0	200	1	1	63	1	0
graph-id-function-wrapped-contains-target-56-zero	graph-id	graph-id-function-wrapped-contains	zero	graph-id-function-equals-and-wrapped-contains	graph-routing	properties	200	fixture-kotlin-compiler-08	fixture-kotlin-compiler-08	1	37be466842d1f239df76fe55e92f6769fc0b2d6e47e43f0020c40a8ce8422cb0	success	0	147	805c8c7334c868e18e2be84be95b83cc60895722d739c2b164a68be4cd410c49	201957			cypher-graph-id-predicate	64	1	fixture-kotlin-compiler-08	1	0	0	1	0	1	1	1	63	1	0
graph-id-function-wrapped-contains-target-56-targeted	graph-id	graph-id-function-wrapped-contains	targeted	graph-id-function-equals-and-wrapped-contains	graph-routing	properties	200	fixture-kotlin-compiler-08	fixture-kotlin-compiler-08	1	37be466842d1f239df76fe55e92f6769fc0b2d6e47e43f0020c40a8ce8422cb0	success	1	802	7ebbe5301915ad5c39692b733c3f39851576d09270c89f830b9e80b342a866f6	185496		fixture-kotlin-compiler-08	cypher-graph-id-predicate	64	1	fixture-kotlin-compiler-08	1	0	0	1	0	1	1	1	63	1	0
graph-id-function-wrapped-contains-target-56-dense	graph-id	graph-id-function-wrapped-contains	dense	graph-id-function-equals-and-wrapped-contains	graph-routing	properties	200	fixture-kotlin-compiler-08	fixture-kotlin-compiler-08	1	37be466842d1f239df76fe55e92f6769fc0b2d6e47e43f0020c40a8ce8422cb0	success	200	93704	b778fc4edfb3c1031b90b2d3d121fd31958733afdc68d3f1cde538a17b738328	333672		fixture-kotlin-compiler-08	cypher-graph-id-predicate	64	1	fixture-kotlin-compiler-08	1	0	0	1	0	200	1	1	63	1	0
graph-id-function-wrapped-contains-target-57-zero	graph-id	graph-id-function-wrapped-contains	zero	graph-id-function-equals-and-wrapped-contains	graph-routing	properties	200	fixture-kotlin-compiler-09	fixture-kotlin-compiler-09	1	5bacb6648bba38e91cc033e69d42538b040b89f913b58ee2afebb53ba8d35c57	success	0	147	805c8c7334c868e18e2be84be95b83cc60895722d739c2b164a68be4cd410c49	204662			cypher-graph-id-predicate	64	1	fixture-kotlin-compiler-09	1	0	0	1	0	1	1	1	63	1	0
graph-id-function-wrapped-contains-target-57-targeted	graph-id	graph-id-function-wrapped-contains	targeted	graph-id-function-equals-and-wrapped-contains	graph-routing	properties	200	fixture-kotlin-compiler-09	fixture-kotlin-compiler-09	1	5bacb6648bba38e91cc033e69d42538b040b89f913b58ee2afebb53ba8d35c57	success	1	765	0812dc51126311be5cac082c5d39676905cd9a0811e6a08f17ec6343dc843471	189895		fixture-kotlin-compiler-09	cypher-graph-id-predicate	64	1	fixture-kotlin-compiler-09	1	0	0	1	0	1	1	1	63	1	0
graph-id-function-wrapped-contains-target-57-dense	graph-id	graph-id-function-wrapped-contains	dense	graph-id-function-equals-and-wrapped-contains	graph-routing	properties	200	fixture-kotlin-compiler-09	fixture-kotlin-compiler-09	1	5bacb6648bba38e91cc033e69d42538b040b89f913b58ee2afebb53ba8d35c57	success	200	99258	415f437224f091ed04a72fa493ee405ec437acfcfdf54dee50789c56e5356f10	338342		fixture-kotlin-compiler-09	cypher-graph-id-predicate	64	1	fixture-kotlin-compiler-09	1	0	0	1	0	200	1	1	63	1	0
graph-id-function-wrapped-contains-target-58-zero	graph-id	graph-id-function-wrapped-contains	zero	graph-id-function-equals-and-wrapped-contains	graph-routing	properties	200	fixture-kotlin-compiler-10	fixture-kotlin-compiler-10	1	634f1070c869c5f39ed7722d97b19c8976bc7fee623a8cfc705bcdd955e20759	success	0	147	805c8c7334c868e18e2be84be95b83cc60895722d739c2b164a68be4cd410c49	196497			cypher-graph-id-predicate	64	1	fixture-kotlin-compiler-10	1	0	0	1	0	1	1	1	63	1	0
graph-id-function-wrapped-contains-target-58-targeted	graph-id	graph-id-function-wrapped-contains	targeted	graph-id-function-equals-and-wrapped-contains	graph-routing	properties	200	fixture-kotlin-compiler-10	fixture-kotlin-compiler-10	1	634f1070c869c5f39ed7722d97b19c8976bc7fee623a8cfc705bcdd955e20759	success	12	7029	1df616dc12f8aa99df8ef1921ad6c878afdd2d37362d488527ffbb7ddbe7f6e3	190896		fixture-kotlin-compiler-10	cypher-graph-id-predicate	64	1	fixture-kotlin-compiler-10	1	0	0	1	0	12	1	1	63	1	0
graph-id-function-wrapped-contains-target-58-dense	graph-id	graph-id-function-wrapped-contains	dense	graph-id-function-equals-and-wrapped-contains	graph-routing	properties	200	fixture-kotlin-compiler-10	fixture-kotlin-compiler-10	1	634f1070c869c5f39ed7722d97b19c8976bc7fee623a8cfc705bcdd955e20759	success	200	94948	3f3fd3df372307937afdfd0915ce035266497833c5712760faf456eece659c97	280464		fixture-kotlin-compiler-10	cypher-graph-id-predicate	64	1	fixture-kotlin-compiler-10	1	0	0	1	0	200	1	1	63	1	0
graph-id-function-wrapped-contains-target-59-zero	graph-id	graph-id-function-wrapped-contains	zero	graph-id-function-equals-and-wrapped-contains	graph-routing	properties	200	fixture-kotlin-compiler-11	fixture-kotlin-compiler-11	1	9e1bbfe33d12ec072b828f417bb9dcdab26d7daecb14898f31eb2d73cdaff93c	success	0	147	805c8c7334c868e18e2be84be95b83cc60895722d739c2b164a68be4cd410c49	219780			cypher-graph-id-predicate	64	1	fixture-kotlin-compiler-11	1	0	0	1	0	1	1	1	63	1	0
graph-id-function-wrapped-contains-target-59-targeted	graph-id	graph-id-function-wrapped-contains	targeted	graph-id-function-equals-and-wrapped-contains	graph-routing	properties	200	fixture-kotlin-compiler-11	fixture-kotlin-compiler-11	1	9e1bbfe33d12ec072b828f417bb9dcdab26d7daecb14898f31eb2d73cdaff93c	success	11	6729	3d47749a3f582c73a2df58bf3f9b3beed9c001af5d9bd91af1d30abe76d3f524	249946		fixture-kotlin-compiler-11	cypher-graph-id-predicate	64	1	fixture-kotlin-compiler-11	1	0	0	1	0	11	1	1	63	1	0
graph-id-function-wrapped-contains-target-59-dense	graph-id	graph-id-function-wrapped-contains	dense	graph-id-function-equals-and-wrapped-contains	graph-routing	properties	200	fixture-kotlin-compiler-11	fixture-kotlin-compiler-11	1	9e1bbfe33d12ec072b828f417bb9dcdab26d7daecb14898f31eb2d73cdaff93c	success	200	89429	54106029dd8c0484e4d4612954bdb30eebd525f910018413d1ee09bf2ea5c8ac	209701		fixture-kotlin-compiler-11	cypher-graph-id-predicate	64	1	fixture-kotlin-compiler-11	1	0	0	1	0	200	1	1	63	1	0
graph-id-function-wrapped-contains-target-60-zero	graph-id	graph-id-function-wrapped-contains	zero	graph-id-function-equals-and-wrapped-contains	graph-routing	properties	200	fixture-kotlin-compiler-12	fixture-kotlin-compiler-12	1	45b0266366bbda196d2004ab993b070c325a01ec90b2c254cb7a89f0070e843a	success	0	147	805c8c7334c868e18e2be84be95b83cc60895722d739c2b164a68be4cd410c49	152705			cypher-graph-id-predicate	64	1	fixture-kotlin-compiler-12	1	0	0	1	0	1	1	1	63	1	0
graph-id-function-wrapped-contains-target-60-targeted	graph-id	graph-id-function-wrapped-contains	targeted	graph-id-function-equals-and-wrapped-contains	graph-routing	properties	200	fixture-kotlin-compiler-12	fixture-kotlin-compiler-12	1	45b0266366bbda196d2004ab993b070c325a01ec90b2c254cb7a89f0070e843a	success	13	7599	88379c6b80e2b23974c6b6a1e2c6fc3f3680ec705c71b7cecbc9a2228bf7fa26	900778		fixture-kotlin-compiler-12	cypher-graph-id-predicate	64	1	fixture-kotlin-compiler-12	1	0	0	1	0	13	1	1	63	1	0
graph-id-function-wrapped-contains-target-60-dense	graph-id	graph-id-function-wrapped-contains	dense	graph-id-function-equals-and-wrapped-contains	graph-routing	properties	200	fixture-kotlin-compiler-12	fixture-kotlin-compiler-12	1	45b0266366bbda196d2004ab993b070c325a01ec90b2c254cb7a89f0070e843a	success	200	94040	5d662b90e716477fff887768402c85462026d6042e22f1d7fafdb565b9f9efc8	236251		fixture-kotlin-compiler-12	cypher-graph-id-predicate	64	1	fixture-kotlin-compiler-12	1	0	0	1	0	200	1	1	63	1	0
graph-id-function-wrapped-contains-target-61-zero	graph-id	graph-id-function-wrapped-contains	zero	graph-id-function-equals-and-wrapped-contains	graph-routing	properties	200	fixture-kotlin-compiler-13	fixture-kotlin-compiler-13	1	aedca61396c53e1f40a6a8408974c2e44a02b0dd40978618ab51b02da9ecb430	success	0	147	805c8c7334c868e18e2be84be95b83cc60895722d739c2b164a68be4cd410c49	144600			cypher-graph-id-predicate	64	1	fixture-kotlin-compiler-13	1	0	0	1	0	1	1	1	63	1	0
graph-id-function-wrapped-contains-target-61-targeted	graph-id	graph-id-function-wrapped-contains	targeted	graph-id-function-equals-and-wrapped-contains	graph-routing	properties	200	fixture-kotlin-compiler-13	fixture-kotlin-compiler-13	1	aedca61396c53e1f40a6a8408974c2e44a02b0dd40978618ab51b02da9ecb430	success	8	5180	b6f5bd5828bd66e4f09f8198b509f3673986060cf32e2725dff13d9bcb4d6e9b	143498		fixture-kotlin-compiler-13	cypher-graph-id-predicate	64	1	fixture-kotlin-compiler-13	1	0	0	1	0	8	1	1	63	1	0
graph-id-function-wrapped-contains-target-61-dense	graph-id	graph-id-function-wrapped-contains	dense	graph-id-function-equals-and-wrapped-contains	graph-routing	properties	200	fixture-kotlin-compiler-13	fixture-kotlin-compiler-13	1	aedca61396c53e1f40a6a8408974c2e44a02b0dd40978618ab51b02da9ecb430	success	200	93638	00f9fdf9bf9dc94ccc0d67b35cb45c01a8e623cfaedfdb70da1cc1bfa69daf82	214401		fixture-kotlin-compiler-13	cypher-graph-id-predicate	64	1	fixture-kotlin-compiler-13	1	0	0	1	0	200	1	1	63	1	0
graph-id-function-wrapped-contains-target-62-zero	graph-id	graph-id-function-wrapped-contains	zero	graph-id-function-equals-and-wrapped-contains	graph-routing	properties	200	fixture-kotlin-compiler-14	fixture-kotlin-compiler-14	1	7f28ad9f946e8d01109ca70944e08883f52dd5c6cb287fa2d5fade1909b610b0	success	0	147	805c8c7334c868e18e2be84be95b83cc60895722d739c2b164a68be4cd410c49	139320			cypher-graph-id-predicate	64	1	fixture-kotlin-compiler-14	1	0	0	1	0	1	1	1	63	1	0
graph-id-function-wrapped-contains-target-62-targeted	graph-id	graph-id-function-wrapped-contains	targeted	graph-id-function-equals-and-wrapped-contains	graph-routing	properties	200	fixture-kotlin-compiler-14	fixture-kotlin-compiler-14	1	7f28ad9f946e8d01109ca70944e08883f52dd5c6cb287fa2d5fade1909b610b0	success	1	877	f04b3035acb1285487cb68f126c796fd316b35c6ce630f1e71efd88436bf28f2	146553		fixture-kotlin-compiler-14	cypher-graph-id-predicate	64	1	fixture-kotlin-compiler-14	1	0	0	1	0	1	1	1	63	1	0
graph-id-function-wrapped-contains-target-62-dense	graph-id	graph-id-function-wrapped-contains	dense	graph-id-function-equals-and-wrapped-contains	graph-routing	properties	200	fixture-kotlin-compiler-14	fixture-kotlin-compiler-14	1	7f28ad9f946e8d01109ca70944e08883f52dd5c6cb287fa2d5fade1909b610b0	success	200	97449	f19574ac46a01dafc16136d9e8c4835b8d40c72753078eb8a67a1d7d438dd937	1072993		fixture-kotlin-compiler-14	cypher-graph-id-predicate	64	1	fixture-kotlin-compiler-14	1	0	0	1	0	200	1	1	63	1	0
graph-id-function-wrapped-contains-target-63-zero	graph-id	graph-id-function-wrapped-contains	zero	graph-id-function-equals-and-wrapped-contains	graph-routing	properties	200	fixture-kotlin-compiler-15	fixture-kotlin-compiler-15	1	86015e396789c5c1cf86d1df3b0b97987a7b461bfcfb129491f3d758793d1d65	success	0	147	805c8c7334c868e18e2be84be95b83cc60895722d739c2b164a68be4cd410c49	1166077			cypher-graph-id-predicate	64	1	fixture-kotlin-compiler-15	1	0	0	1	0	1	1	1	63	1	0
graph-id-function-wrapped-contains-target-63-targeted	graph-id	graph-id-function-wrapped-contains	targeted	graph-id-function-equals-and-wrapped-contains	graph-routing	properties	200	fixture-kotlin-compiler-15	fixture-kotlin-compiler-15	1	86015e396789c5c1cf86d1df3b0b97987a7b461bfcfb129491f3d758793d1d65	success	1	778	1734729b6952d2a8eff267ca86b458aa4fd5e0c703c1fa60dd66478cd3c49356	252832		fixture-kotlin-compiler-15	cypher-graph-id-predicate	64	1	fixture-kotlin-compiler-15	1	0	0	1	0	1	1	1	63	1	0
graph-id-function-wrapped-contains-target-63-dense	graph-id	graph-id-function-wrapped-contains	dense	graph-id-function-equals-and-wrapped-contains	graph-routing	properties	200	fixture-kotlin-compiler-15	fixture-kotlin-compiler-15	1	86015e396789c5c1cf86d1df3b0b97987a7b461bfcfb129491f3d758793d1d65	success	200	91412	082721be4b0e9234c67505fe172c638dcb4ef8924db9c6264a191473dfc4e443	335997		fixture-kotlin-compiler-15	cypher-graph-id-predicate	64	1	fixture-kotlin-compiler-15	1	0	0	1	0	200	1	1	63	1	0
graph-id-parameter-wrapped-contains-target-00-zero	graph-id	graph-id-parameter-wrapped-contains	zero	graph-id-parameter-equals-and-wrapped-contains	parameters	properties	200	fixture-android-00	fixture-android-00	1	47c5f2f8275ab2447995a1b45a36cd5b0b70e258e0f75934abd1f0cef5c2b93e	success	0	147	805c8c7334c868e18e2be84be95b83cc60895722d739c2b164a68be4cd410c49	257791			cypher-graph-id-predicate	64	1	fixture-android-00	1	0	0	1	0	1	1	1	63	1	0
graph-id-parameter-wrapped-contains-target-00-targeted	graph-id	graph-id-parameter-wrapped-contains	targeted	graph-id-parameter-equals-and-wrapped-contains	parameters	properties	200	fixture-android-00	fixture-android-00	1	47c5f2f8275ab2447995a1b45a36cd5b0b70e258e0f75934abd1f0cef5c2b93e	success	10	5730	00c81103244dc6d42abdc3894d771e5a24957dcf7e5ad4d8dc686b1d7e0cb89e	195345		fixture-android-00	cypher-graph-id-predicate	64	1	fixture-android-00	1	0	0	1	0	10	1	1	63	1	0
graph-id-parameter-wrapped-contains-target-00-dense	graph-id	graph-id-parameter-wrapped-contains	dense	graph-id-parameter-equals-and-wrapped-contains	parameters	properties	200	fixture-android-00	fixture-android-00	1	47c5f2f8275ab2447995a1b45a36cd5b0b70e258e0f75934abd1f0cef5c2b93e	success	200	84411	3bdee68309e62bee93f47848258ded90b1763d55841fa57d8b8fd21867653c44	259734		fixture-android-00	cypher-graph-id-predicate	64	1	fixture-android-00	1	0	0	1	0	200	1	1	63	1	0
graph-id-parameter-wrapped-contains-target-01-zero	graph-id	graph-id-parameter-wrapped-contains	zero	graph-id-parameter-equals-and-wrapped-contains	parameters	properties	200	fixture-android-01	fixture-android-01	1	e4528616b87301f557512ab9d9e4e598561300f98d2e85100725c35158534ecc	success	0	147	805c8c7334c868e18e2be84be95b83cc60895722d739c2b164a68be4cd410c49	133921			cypher-graph-id-predicate	64	1	fixture-android-01	1	0	0	1	0	1	1	1	63	1	0
graph-id-parameter-wrapped-contains-target-01-targeted	graph-id	graph-id-parameter-wrapped-contains	targeted	graph-id-parameter-equals-and-wrapped-contains	parameters	properties	200	fixture-android-01	fixture-android-01	1	e4528616b87301f557512ab9d9e4e598561300f98d2e85100725c35158534ecc	success	1	758	b33173a678013ac093c95f3fccc5cd5af96ea18082387e1fc872de4817e234b2	123812		fixture-android-01	cypher-graph-id-predicate	64	1	fixture-android-01	1	0	0	1	0	1	1	1	63	1	0
graph-id-parameter-wrapped-contains-target-01-dense	graph-id	graph-id-parameter-wrapped-contains	dense	graph-id-parameter-equals-and-wrapped-contains	parameters	properties	200	fixture-android-01	fixture-android-01	1	e4528616b87301f557512ab9d9e4e598561300f98d2e85100725c35158534ecc	success	200	84093	d9daf98f04e06930dfeb91ddd4e8ae597b8f9154e54ac1018db6a25ea8ddd84f	218278		fixture-android-01	cypher-graph-id-predicate	64	1	fixture-android-01	1	0	0	1	0	200	1	1	63	1	0
graph-id-parameter-wrapped-contains-target-02-zero	graph-id	graph-id-parameter-wrapped-contains	zero	graph-id-parameter-equals-and-wrapped-contains	parameters	properties	200	fixture-android-02	fixture-android-02	1	1a026780ab945a978bf2d821f0728dd8a679a4b4838c8a3b7703d006d3fae584	success	0	147	805c8c7334c868e18e2be84be95b83cc60895722d739c2b164a68be4cd410c49	143618			cypher-graph-id-predicate	64	1	fixture-android-02	1	0	0	1	0	1	1	1	63	1	0
graph-id-parameter-wrapped-contains-target-02-targeted	graph-id	graph-id-parameter-wrapped-contains	targeted	graph-id-parameter-equals-and-wrapped-contains	parameters	properties	200	fixture-android-02	fixture-android-02	1	1a026780ab945a978bf2d821f0728dd8a679a4b4838c8a3b7703d006d3fae584	success	9	5751	0754b66fd035110585cc31e6af555127395a9cd85c413f0a859de6b596c3b70d	145853		fixture-android-02	cypher-graph-id-predicate	64	1	fixture-android-02	1	0	0	1	0	9	1	1	63	1	0
graph-id-parameter-wrapped-contains-target-02-dense	graph-id	graph-id-parameter-wrapped-contains	dense	graph-id-parameter-equals-and-wrapped-contains	parameters	properties	200	fixture-android-02	fixture-android-02	1	1a026780ab945a978bf2d821f0728dd8a679a4b4838c8a3b7703d006d3fae584	success	200	86930	a289774d080329d12351d967c614eae9b16190b55970a757b1f268e21aee3975	219881		fixture-android-02	cypher-graph-id-predicate	64	1	fixture-android-02	1	0	0	1	0	200	1	1	63	1	0
graph-id-parameter-wrapped-contains-target-03-zero	graph-id	graph-id-parameter-wrapped-contains	zero	graph-id-parameter-equals-and-wrapped-contains	parameters	properties	200	fixture-android-03	fixture-android-03	1	3a085dec137def84e2f0fd6c417ca6216ad5c22c415250ab8d225957a37eb876	success	0	147	805c8c7334c868e18e2be84be95b83cc60895722d739c2b164a68be4cd410c49	205283			cypher-graph-id-predicate	64	1	fixture-android-03	1	0	0	1	0	1	1	1	63	1	0
graph-id-parameter-wrapped-contains-target-03-targeted	graph-id	graph-id-parameter-wrapped-contains	targeted	graph-id-parameter-equals-and-wrapped-contains	parameters	properties	200	fixture-android-03	fixture-android-03	1	3a085dec137def84e2f0fd6c417ca6216ad5c22c415250ab8d225957a37eb876	success	2	1333	77f2da9b0b5a99e6332b957b281149f5e269d152177e36aaa74e86db4bc23bf9	192790		fixture-android-03	cypher-graph-id-predicate	64	1	fixture-android-03	1	0	0	1	0	2	1	1	63	1	0
graph-id-parameter-wrapped-contains-target-03-dense	graph-id	graph-id-parameter-wrapped-contains	dense	graph-id-parameter-equals-and-wrapped-contains	parameters	properties	200	fixture-android-03	fixture-android-03	1	3a085dec137def84e2f0fd6c417ca6216ad5c22c415250ab8d225957a37eb876	success	200	85151	08fbf5fde8e917175e0dca625983535621218120265897bdd0781fe99669b859	294129		fixture-android-03	cypher-graph-id-predicate	64	1	fixture-android-03	1	0	0	1	0	200	1	1	63	1	0
graph-id-parameter-wrapped-contains-target-04-zero	graph-id	graph-id-parameter-wrapped-contains	zero	graph-id-parameter-equals-and-wrapped-contains	parameters	properties	200	fixture-android-04	fixture-android-04	1	72b2db3813782b7057457474cb692d1ab65cbced9ccd76e7a6348806a1a0fdd6	success	0	147	805c8c7334c868e18e2be84be95b83cc60895722d739c2b164a68be4cd410c49	578821			cypher-graph-id-predicate	64	1	fixture-android-04	1	0	0	1	0	1	1	1	63	1	0
graph-id-parameter-wrapped-contains-target-04-targeted	graph-id	graph-id-parameter-wrapped-contains	targeted	graph-id-parameter-equals-and-wrapped-contains	parameters	properties	200	fixture-android-04	fixture-android-04	1	72b2db3813782b7057457474cb692d1ab65cbced9ccd76e7a6348806a1a0fdd6	success	9	5762	527d81de9e8ca9f5fe9ad0166e1e1711fbccaf3c53281e7e95375f6d55e3a3c7	204421		fixture-android-04	cypher-graph-id-predicate	64	1	fixture-android-04	1	0	0	1	0	9	1	1	63	1	0
graph-id-parameter-wrapped-contains-target-04-dense	graph-id	graph-id-parameter-wrapped-contains	dense	graph-id-parameter-equals-and-wrapped-contains	parameters	properties	200	fixture-android-04	fixture-android-04	1	72b2db3813782b7057457474cb692d1ab65cbced9ccd76e7a6348806a1a0fdd6	success	200	86152	85d9bac3392391ae56f1f03af81d888f398336c8e33a1ef1e42c5409f746f730	281436		fixture-android-04	cypher-graph-id-predicate	64	1	fixture-android-04	1	0	0	1	0	200	1	1	63	1	0
graph-id-parameter-wrapped-contains-target-05-zero	graph-id	graph-id-parameter-wrapped-contains	zero	graph-id-parameter-equals-and-wrapped-contains	parameters	properties	200	fixture-android-05	fixture-android-05	1	9ccc65db4edf2ad696714957f6291e11ba1a158b062c135b909367736aa1cb91	success	0	147	805c8c7334c868e18e2be84be95b83cc60895722d739c2b164a68be4cd410c49	597736			cypher-graph-id-predicate	64	1	fixture-android-05	1	0	0	1	0	1	1	1	63	1	0
graph-id-parameter-wrapped-contains-target-05-targeted	graph-id	graph-id-parameter-wrapped-contains	targeted	graph-id-parameter-equals-and-wrapped-contains	parameters	properties	200	fixture-android-05	fixture-android-05	1	9ccc65db4edf2ad696714957f6291e11ba1a158b062c135b909367736aa1cb91	success	9	5751	48fbef6ae3373a73cfbd3690497aae4d0773c2f4ddadb5d217061398978bcac5	194183		fixture-android-05	cypher-graph-id-predicate	64	1	fixture-android-05	1	0	0	1	0	9	1	1	63	1	0
graph-id-parameter-wrapped-contains-target-05-dense	graph-id	graph-id-parameter-wrapped-contains	dense	graph-id-parameter-equals-and-wrapped-contains	parameters	properties	200	fixture-android-05	fixture-android-05	1	9ccc65db4edf2ad696714957f6291e11ba1a158b062c135b909367736aa1cb91	success	200	90860	57ae61ccbdbf1e83a9ab8de2923c4ac26bcc634ed53a2f1c1a3ee3682afe8cd8	284852		fixture-android-05	cypher-graph-id-predicate	64	1	fixture-android-05	1	0	0	1	0	200	1	1	63	1	0
graph-id-parameter-wrapped-contains-target-06-zero	graph-id	graph-id-parameter-wrapped-contains	zero	graph-id-parameter-equals-and-wrapped-contains	parameters	properties	200	fixture-android-06	fixture-android-06	1	aef2397f89755e0b59e944f9b6062fb5611eea3ea4b05762643e082168bd9526	success	0	147	805c8c7334c868e18e2be84be95b83cc60895722d739c2b164a68be4cd410c49	170298			cypher-graph-id-predicate	64	1	fixture-android-06	1	0	0	1	0	1	1	1	63	1	0
graph-id-parameter-wrapped-contains-target-06-targeted	graph-id	graph-id-parameter-wrapped-contains	targeted	graph-id-parameter-equals-and-wrapped-contains	parameters	properties	200	fixture-android-06	fixture-android-06	1	aef2397f89755e0b59e944f9b6062fb5611eea3ea4b05762643e082168bd9526	success	1	734	2c8962bfda6df26238f145f32f089e1ccdb69cc26ea9c2fde590f543638ba060	172031		fixture-android-06	cypher-graph-id-predicate	64	1	fixture-android-06	1	0	0	1	0	1	1	1	63	1	0
graph-id-parameter-wrapped-contains-target-06-dense	graph-id	graph-id-parameter-wrapped-contains	dense	graph-id-parameter-equals-and-wrapped-contains	parameters	properties	200	fixture-android-06	fixture-android-06	1	aef2397f89755e0b59e944f9b6062fb5611eea3ea4b05762643e082168bd9526	success	200	83941	f7f169fb4cd9a2408b058d9e03502907fe0d9372ba70f2f3749aeaffa464e292	256899		fixture-android-06	cypher-graph-id-predicate	64	1	fixture-android-06	1	0	0	1	0	200	1	1	63	1	0
graph-id-parameter-wrapped-contains-target-07-zero	graph-id	graph-id-parameter-wrapped-contains	zero	graph-id-parameter-equals-and-wrapped-contains	parameters	properties	200	fixture-android-07	fixture-android-07	1	2884fe5070e6e70bd2c44e54af37c56e2cfd19343a8721d5b36093d7d1db0f7d	success	0	147	805c8c7334c868e18e2be84be95b83cc60895722d739c2b164a68be4cd410c49	169025			cypher-graph-id-predicate	64	1	fixture-android-07	1	0	0	1	0	1	1	1	63	1	0
graph-id-parameter-wrapped-contains-target-07-targeted	graph-id	graph-id-parameter-wrapped-contains	targeted	graph-id-parameter-equals-and-wrapped-contains	parameters	properties	200	fixture-android-07	fixture-android-07	1	2884fe5070e6e70bd2c44e54af37c56e2cfd19343a8721d5b36093d7d1db0f7d	success	1	762	d5674d7adcd2d58f93c5f2849f690003bc45d523850181c23ceaa0aacd7e6709	396180		fixture-android-07	cypher-graph-id-predicate	64	1	fixture-android-07	1	0	0	1	0	1	1	1	63	1	0
graph-id-parameter-wrapped-contains-target-07-dense	graph-id	graph-id-parameter-wrapped-contains	dense	graph-id-parameter-equals-and-wrapped-contains	parameters	properties	200	fixture-android-07	fixture-android-07	1	2884fe5070e6e70bd2c44e54af37c56e2cfd19343a8721d5b36093d7d1db0f7d	success	200	84999	35604ee2a3d19ee64c97fa99f4be154714c60028f948c7a23f75b925d4520a5d	161622		fixture-android-07	cypher-graph-id-predicate	64	1	fixture-android-07	1	0	0	1	0	200	1	1	63	1	0
graph-id-parameter-wrapped-contains-target-08-zero	graph-id	graph-id-parameter-wrapped-contains	zero	graph-id-parameter-equals-and-wrapped-contains	parameters	properties	200	fixture-android-08	fixture-android-08	1	25fcd87fe0d089932a1b7f325e822252e3042b73178c7aa80e1c0d12bcef2e47	success	0	147	805c8c7334c868e18e2be84be95b83cc60895722d739c2b164a68be4cd410c49	152444			cypher-graph-id-predicate	64	1	fixture-android-08	1	0	0	1	0	1	1	1	63	1	0
graph-id-parameter-wrapped-contains-target-08-targeted	graph-id	graph-id-parameter-wrapped-contains	targeted	graph-id-parameter-equals-and-wrapped-contains	parameters	properties	200	fixture-android-08	fixture-android-08	1	25fcd87fe0d089932a1b7f325e822252e3042b73178c7aa80e1c0d12bcef2e47	success	2	1322	4b49b28d836e57c2c3f8d43a93acd00a93b169fcd603338f9ab350f541e9665c	163044		fixture-android-08	cypher-graph-id-predicate	64	1	fixture-android-08	1	0	0	1	0	2	1	1	63	1	0
graph-id-parameter-wrapped-contains-target-08-dense	graph-id	graph-id-parameter-wrapped-contains	dense	graph-id-parameter-equals-and-wrapped-contains	parameters	properties	200	fixture-android-08	fixture-android-08	1	25fcd87fe0d089932a1b7f325e822252e3042b73178c7aa80e1c0d12bcef2e47	success	200	85531	ed34441ff634f19c276911a1fa193106a9070fde1065b57fc7ec71132b8d5f66	229889		fixture-android-08	cypher-graph-id-predicate	64	1	fixture-android-08	1	0	0	1	0	200	1	1	63	1	0
graph-id-parameter-wrapped-contains-target-09-zero	graph-id	graph-id-parameter-wrapped-contains	zero	graph-id-parameter-equals-and-wrapped-contains	parameters	properties	200	fixture-android-09	fixture-android-09	1	976770abc561e74e52c74c7f3b827fe70800ef502defdde9a4fa534aa511bd33	success	0	147	805c8c7334c868e18e2be84be95b83cc60895722d739c2b164a68be4cd410c49	143388			cypher-graph-id-predicate	64	1	fixture-android-09	1	0	0	1	0	1	1	1	63	1	0
graph-id-parameter-wrapped-contains-target-09-targeted	graph-id	graph-id-parameter-wrapped-contains	targeted	graph-id-parameter-equals-and-wrapped-contains	parameters	properties	200	fixture-android-09	fixture-android-09	1	976770abc561e74e52c74c7f3b827fe70800ef502defdde9a4fa534aa511bd33	success	1	758	cd83129b7654f9c1ac40c94032a03833f5b559e4d6d903ce58c899d274674334	625307		fixture-android-09	cypher-graph-id-predicate	64	1	fixture-android-09	1	0	0	1	0	1	1	1	63	1	0
graph-id-parameter-wrapped-contains-target-09-dense	graph-id	graph-id-parameter-wrapped-contains	dense	graph-id-parameter-equals-and-wrapped-contains	parameters	properties	200	fixture-android-09	fixture-android-09	1	976770abc561e74e52c74c7f3b827fe70800ef502defdde9a4fa534aa511bd33	success	200	84710	8302a9dc08d5cf465b56333dad5757a62c24d743692acbdbf8e81919ebd097a0	295772		fixture-android-09	cypher-graph-id-predicate	64	1	fixture-android-09	1	0	0	1	0	200	1	1	63	1	0
graph-id-parameter-wrapped-contains-target-10-zero	graph-id	graph-id-parameter-wrapped-contains	zero	graph-id-parameter-equals-and-wrapped-contains	parameters	properties	200	fixture-android-10	fixture-android-10	1	b80280988a4b3197bdd2348d3550b46e5d99e01f6e4a1abcb8668612b4a7bcf1	success	0	147	805c8c7334c868e18e2be84be95b83cc60895722d739c2b164a68be4cd410c49	184415			cypher-graph-id-predicate	64	1	fixture-android-10	1	0	0	1	0	1	1	1	63	1	0
graph-id-parameter-wrapped-contains-target-10-targeted	graph-id	graph-id-parameter-wrapped-contains	targeted	graph-id-parameter-equals-and-wrapped-contains	parameters	properties	200	fixture-android-10	fixture-android-10	1	b80280988a4b3197bdd2348d3550b46e5d99e01f6e4a1abcb8668612b4a7bcf1	success	1	821	f3f4d5fb39ff9fde7dcf6d88e4f52bcc4c277ed98626ccca0b17c4ddbb20b035	137126		fixture-android-10	cypher-graph-id-predicate	64	1	fixture-android-10	1	0	0	1	0	1	1	1	63	1	0
graph-id-parameter-wrapped-contains-target-10-dense	graph-id	graph-id-parameter-wrapped-contains	dense	graph-id-parameter-equals-and-wrapped-contains	parameters	properties	200	fixture-android-10	fixture-android-10	1	b80280988a4b3197bdd2348d3550b46e5d99e01f6e4a1abcb8668612b4a7bcf1	success	200	86914	eec30bd784e53b80ccd384559e9d1f853b8152ad8db90ad1f27d391bf03fc0d8	194744		fixture-android-10	cypher-graph-id-predicate	64	1	fixture-android-10	1	0	0	1	0	200	1	1	63	1	0
graph-id-parameter-wrapped-contains-target-11-zero	graph-id	graph-id-parameter-wrapped-contains	zero	graph-id-parameter-equals-and-wrapped-contains	parameters	properties	200	fixture-android-11	fixture-android-11	1	ff7c9f064acf1b8f0c7104242efebdb73dfcc6db0739150c3d56bcc4ebbfb47f	success	0	147	805c8c7334c868e18e2be84be95b83cc60895722d739c2b164a68be4cd410c49	137627			cypher-graph-id-predicate	64	1	fixture-android-11	1	0	0	1	0	1	1	1	63	1	0
graph-id-parameter-wrapped-contains-target-11-targeted	graph-id	graph-id-parameter-wrapped-contains	targeted	graph-id-parameter-equals-and-wrapped-contains	parameters	properties	200	fixture-android-11	fixture-android-11	1	ff7c9f064acf1b8f0c7104242efebdb73dfcc6db0739150c3d56bcc4ebbfb47f	success	1	758	f8ea31527e372a7d8e0f896bc894b97d788067aa20d0af371a4239382f72a4d1	134211		fixture-android-11	cypher-graph-id-predicate	64	1	fixture-android-11	1	0	0	1	0	1	1	1	63	1	0
graph-id-parameter-wrapped-contains-target-11-dense	graph-id	graph-id-parameter-wrapped-contains	dense	graph-id-parameter-equals-and-wrapped-contains	parameters	properties	200	fixture-android-11	fixture-android-11	1	ff7c9f064acf1b8f0c7104242efebdb73dfcc6db0739150c3d56bcc4ebbfb47f	success	200	84862	36598e3ab73085dce50e849dda8b6a32b1088eab3f02f052e9536f16613b5d4b	197328		fixture-android-11	cypher-graph-id-predicate	64	1	fixture-android-11	1	0	0	1	0	200	1	1	63	1	0
graph-id-parameter-wrapped-contains-target-12-zero	graph-id	graph-id-parameter-wrapped-contains	zero	graph-id-parameter-equals-and-wrapped-contains	parameters	properties	200	fixture-android-12	fixture-android-12	1	fbfd92bdb617f8eef3c84ce77e1116d4f0d1116a40b9fc543770c1a430e829ec	success	0	147	805c8c7334c868e18e2be84be95b83cc60895722d739c2b164a68be4cd410c49	136495			cypher-graph-id-predicate	64	1	fixture-android-12	1	0	0	1	0	1	1	1	63	1	0
graph-id-parameter-wrapped-contains-target-12-targeted	graph-id	graph-id-parameter-wrapped-contains	targeted	graph-id-parameter-equals-and-wrapped-contains	parameters	properties	200	fixture-android-12	fixture-android-12	1	fbfd92bdb617f8eef3c84ce77e1116d4f0d1116a40b9fc543770c1a430e829ec	success	2	1348	569ba2c2d8626f5c6804b713aa9f9bd5155648246e0bb082ab37cf407a3ccee9	135443		fixture-android-12	cypher-graph-id-predicate	64	1	fixture-android-12	1	0	0	1	0	2	1	1	63	1	0
graph-id-parameter-wrapped-contains-target-12-dense	graph-id	graph-id-parameter-wrapped-contains	dense	graph-id-parameter-equals-and-wrapped-contains	parameters	properties	200	fixture-android-12	fixture-android-12	1	fbfd92bdb617f8eef3c84ce77e1116d4f0d1116a40b9fc543770c1a430e829ec	success	200	85894	f22afa8ccaad259750ce50e850502822308b2565f707f284de32cd44d5ef328a	204401		fixture-android-12	cypher-graph-id-predicate	64	1	fixture-android-12	1	0	0	1	0	200	1	1	63	1	0
graph-id-parameter-wrapped-contains-target-13-zero	graph-id	graph-id-parameter-wrapped-contains	zero	graph-id-parameter-equals-and-wrapped-contains	parameters	properties	200	fixture-android-13	fixture-android-13	1	99b23d6e37ddba640f96acd0d7b903185c9b38cc0e6df93374f9fe569bbc4c38	success	0	147	805c8c7334c868e18e2be84be95b83cc60895722d739c2b164a68be4cd410c49	134582			cypher-graph-id-predicate	64	1	fixture-android-13	1	0	0	1	0	1	1	1	63	1	0
graph-id-parameter-wrapped-contains-target-13-targeted	graph-id	graph-id-parameter-wrapped-contains	targeted	graph-id-parameter-equals-and-wrapped-contains	parameters	properties	200	fixture-android-13	fixture-android-13	1	99b23d6e37ddba640f96acd0d7b903185c9b38cc0e6df93374f9fe569bbc4c38	success	5	2824	ebb699b5b0554cc639408add00ca9d9aae37f3553c5e6ea606cb7e66e171933f	134611		fixture-android-13	cypher-graph-id-predicate	64	1	fixture-android-13	1	0	0	1	0	5	1	1	63	1	0
graph-id-parameter-wrapped-contains-target-13-dense	graph-id	graph-id-parameter-wrapped-contains	dense	graph-id-parameter-equals-and-wrapped-contains	parameters	properties	200	fixture-android-13	fixture-android-13	1	99b23d6e37ddba640f96acd0d7b903185c9b38cc0e6df93374f9fe569bbc4c38	success	200	86344	2e714969993f2a86ba5c715dc52b2c7d6dbaed9b2320da2399ecdf29ec9f1e4e	263552		fixture-android-13	cypher-graph-id-predicate	64	1	fixture-android-13	1	0	0	1	0	200	1	1	63	1	0
graph-id-parameter-wrapped-contains-target-14-zero	graph-id	graph-id-parameter-wrapped-contains	zero	graph-id-parameter-equals-and-wrapped-contains	parameters	properties	200	fixture-android-14	fixture-android-14	1	caf42d54ef3437f216c963929327ed5ef3f52ce080fa2be4c3305c2370617ab1	success	0	147	805c8c7334c868e18e2be84be95b83cc60895722d739c2b164a68be4cd410c49	146975			cypher-graph-id-predicate	64	1	fixture-android-14	1	0	0	1	0	1	1	1	63	1	0
graph-id-parameter-wrapped-contains-target-14-targeted	graph-id	graph-id-parameter-wrapped-contains	targeted	graph-id-parameter-equals-and-wrapped-contains	parameters	properties	200	fixture-android-14	fixture-android-14	1	caf42d54ef3437f216c963929327ed5ef3f52ce080fa2be4c3305c2370617ab1	success	3	1887	cfce92c06f8a0a93444f0ec3592aad57c255799cc7a1286e673f5c8cc3173d20	167613		fixture-android-14	cypher-graph-id-predicate	64	1	fixture-android-14	1	0	0	1	0	3	1	1	63	1	0
graph-id-parameter-wrapped-contains-target-14-dense	graph-id	graph-id-parameter-wrapped-contains	dense	graph-id-parameter-equals-and-wrapped-contains	parameters	properties	200	fixture-android-14	fixture-android-14	1	caf42d54ef3437f216c963929327ed5ef3f52ce080fa2be4c3305c2370617ab1	success	200	88102	f384f54b9e0494c603dd9e83eb2ca0ad0386a359a2e1d6a356e225c072977e41	212517		fixture-android-14	cypher-graph-id-predicate	64	1	fixture-android-14	1	0	0	1	0	200	1	1	63	1	0
graph-id-parameter-wrapped-contains-target-15-zero	graph-id	graph-id-parameter-wrapped-contains	zero	graph-id-parameter-equals-and-wrapped-contains	parameters	properties	200	fixture-android-15	fixture-android-15	1	396286291622042417a1e42f88e1a07f9e973d88a4b45b59c7408d3e8fe8e4cd	success	0	147	805c8c7334c868e18e2be84be95b83cc60895722d739c2b164a68be4cd410c49	135102			cypher-graph-id-predicate	64	1	fixture-android-15	1	0	0	1	0	1	1	1	63	1	0
graph-id-parameter-wrapped-contains-target-15-targeted	graph-id	graph-id-parameter-wrapped-contains	targeted	graph-id-parameter-equals-and-wrapped-contains	parameters	properties	200	fixture-android-15	fixture-android-15	1	396286291622042417a1e42f88e1a07f9e973d88a4b45b59c7408d3e8fe8e4cd	success	1	765	ae20f86c5a0d43140079bdbb52041ad145178823d6189b8171bbe58dc0d82dcc	154568		fixture-android-15	cypher-graph-id-predicate	64	1	fixture-android-15	1	0	0	1	0	1	1	1	63	1	0
graph-id-parameter-wrapped-contains-target-15-dense	graph-id	graph-id-parameter-wrapped-contains	dense	graph-id-parameter-equals-and-wrapped-contains	parameters	properties	200	fixture-android-15	fixture-android-15	1	396286291622042417a1e42f88e1a07f9e973d88a4b45b59c7408d3e8fe8e4cd	success	200	82358	6db1e45464dd1e42fc627a3ee68393b586d132e4817f87f1da72cb180e7925bb	328233		fixture-android-15	cypher-graph-id-predicate	64	1	fixture-android-15	1	0	0	1	0	200	1	1	63	1	0
graph-id-parameter-wrapped-contains-target-16-zero	graph-id	graph-id-parameter-wrapped-contains	zero	graph-id-parameter-equals-and-wrapped-contains	parameters	properties	200	fixture-tika-00	fixture-tika-00	1	3ffa856892be3e0263f2c72254cefdb4bafce48e10eea2a8426b6af88f144658	success	0	147	805c8c7334c868e18e2be84be95b83cc60895722d739c2b164a68be4cd410c49	138388			cypher-graph-id-predicate	64	1	fixture-tika-00	1	0	0	1	0	1	1	1	63	1	0
graph-id-parameter-wrapped-contains-target-16-targeted	graph-id	graph-id-parameter-wrapped-contains	targeted	graph-id-parameter-equals-and-wrapped-contains	parameters	properties	200	fixture-tika-00	fixture-tika-00	1	3ffa856892be3e0263f2c72254cefdb4bafce48e10eea2a8426b6af88f144658	success	1	771	41ad9b5110585bc89df35b9d0a0c6bd66daaf6c239b4212552d078b2f2a28c34	958089		fixture-tika-00	cypher-graph-id-predicate	64	1	fixture-tika-00	1	0	0	1	0	1	1	1	63	1	0
graph-id-parameter-wrapped-contains-target-16-dense	graph-id	graph-id-parameter-wrapped-contains	dense	graph-id-parameter-equals-and-wrapped-contains	parameters	properties	200	fixture-tika-00	fixture-tika-00	1	3ffa856892be3e0263f2c72254cefdb4bafce48e10eea2a8426b6af88f144658	success	200	94237	51b180cd96740a311cc61165baa84cc05517b2f28ac6c70debc25f8e14514414	222356		fixture-tika-00	cypher-graph-id-predicate	64	1	fixture-tika-00	1	0	0	1	0	200	1	1	63	1	0
graph-id-parameter-wrapped-contains-target-17-zero	graph-id	graph-id-parameter-wrapped-contains	zero	graph-id-parameter-equals-and-wrapped-contains	parameters	properties	200	fixture-tika-01	fixture-tika-01	1	5bd11253ba6bcbac28c2d0805dbd50585f63593fbbabbc299bce9c8b5e4238f0	success	0	147	805c8c7334c868e18e2be84be95b83cc60895722d739c2b164a68be4cd410c49	173364			cypher-graph-id-predicate	64	1	fixture-tika-01	1	0	0	1	0	1	1	1	63	1	0
graph-id-parameter-wrapped-contains-target-17-targeted	graph-id	graph-id-parameter-wrapped-contains	targeted	graph-id-parameter-equals-and-wrapped-contains	parameters	properties	200	fixture-tika-01	fixture-tika-01	1	5bd11253ba6bcbac28c2d0805dbd50585f63593fbbabbc299bce9c8b5e4238f0	success	5	2976	7d286938fe2f40cd4cb86cd26be11c3221bfff86202fa9b705bdc1c77967743f	153066		fixture-tika-01	cypher-graph-id-predicate	64	1	fixture-tika-01	1	0	0	1	0	5	1	1	63	1	0
graph-id-parameter-wrapped-contains-target-17-dense	graph-id	graph-id-parameter-wrapped-contains	dense	graph-id-parameter-equals-and-wrapped-contains	parameters	properties	200	fixture-tika-01	fixture-tika-01	1	5bd11253ba6bcbac28c2d0805dbd50585f63593fbbabbc299bce9c8b5e4238f0	success	200	92381	87c915d88746be4a40b85e67e7de71966365a455358cc138185e5c1f5bcf1251	198280		fixture-tika-01	cypher-graph-id-predicate	64	1	fixture-tika-01	1	0	0	1	0	200	1	1	63	1	0
graph-id-parameter-wrapped-contains-target-18-zero	graph-id	graph-id-parameter-wrapped-contains	zero	graph-id-parameter-equals-and-wrapped-contains	parameters	properties	200	fixture-tika-02	fixture-tika-02	1	4f53553340fcd09378fe28c9d287d1bd3c78d0e5004534ad87493f082178a0db	success	0	147	805c8c7334c868e18e2be84be95b83cc60895722d739c2b164a68be4cd410c49	143058			cypher-graph-id-predicate	64	1	fixture-tika-02	1	0	0	1	0	1	1	1	63	1	0
graph-id-parameter-wrapped-contains-target-18-targeted	graph-id	graph-id-parameter-wrapped-contains	targeted	graph-id-parameter-equals-and-wrapped-contains	parameters	properties	200	fixture-tika-02	fixture-tika-02	1	4f53553340fcd09378fe28c9d287d1bd3c78d0e5004534ad87493f082178a0db	success	12	6781	abf0682228739bdef1eb0d4b5b1449d7697f9412e644bd07a974f6e04213652e	138498		fixture-tika-02	cypher-graph-id-predicate	64	1	fixture-tika-02	1	0	0	1	0	12	1	1	63	1	0
graph-id-parameter-wrapped-contains-target-18-dense	graph-id	graph-id-parameter-wrapped-contains	dense	graph-id-parameter-equals-and-wrapped-contains	parameters	properties	200	fixture-tika-02	fixture-tika-02	1	4f53553340fcd09378fe28c9d287d1bd3c78d0e5004534ad87493f082178a0db	success	200	95198	7d65fbc43e0cf8a1d4323c709e6963c32bdea3f389f5b683f619eee1fd79dc90	483883		fixture-tika-02	cypher-graph-id-predicate	64	1	fixture-tika-02	1	0	0	1	0	200	1	1	63	1	0
graph-id-parameter-wrapped-contains-target-19-zero	graph-id	graph-id-parameter-wrapped-contains	zero	graph-id-parameter-equals-and-wrapped-contains	parameters	properties	200	fixture-tika-03	fixture-tika-03	1	e68986e5919884640710cc61d8f44310a6d888f55992390edbcc7ae70b8b8fa8	success	0	147	805c8c7334c868e18e2be84be95b83cc60895722d739c2b164a68be4cd410c49	147104			cypher-graph-id-predicate	64	1	fixture-tika-03	1	0	0	1	0	1	1	1	63	1	0
graph-id-parameter-wrapped-contains-target-19-targeted	graph-id	graph-id-parameter-wrapped-contains	targeted	graph-id-parameter-equals-and-wrapped-contains	parameters	properties	200	fixture-tika-03	fixture-tika-03	1	e68986e5919884640710cc61d8f44310a6d888f55992390edbcc7ae70b8b8fa8	success	11	6327	72232d5a8299b69c619beb4cebd0967a4ca8f1378844d7914f795f7c5126cc48	146343		fixture-tika-03	cypher-graph-id-predicate	64	1	fixture-tika-03	1	0	0	1	0	11	1	1	63	1	0
graph-id-parameter-wrapped-contains-target-19-dense	graph-id	graph-id-parameter-wrapped-contains	dense	graph-id-parameter-equals-and-wrapped-contains	parameters	properties	200	fixture-tika-03	fixture-tika-03	1	e68986e5919884640710cc61d8f44310a6d888f55992390edbcc7ae70b8b8fa8	success	200	96673	6ab8193cda24a8f589b0e7412ffcc3549afc3180a092c899437bb3ef2f8324ef	210623		fixture-tika-03	cypher-graph-id-predicate	64	1	fixture-tika-03	1	0	0	1	0	200	1	1	63	1	0
graph-id-parameter-wrapped-contains-target-20-zero	graph-id	graph-id-parameter-wrapped-contains	zero	graph-id-parameter-equals-and-wrapped-contains	parameters	properties	200	fixture-tika-04	fixture-tika-04	1	2d9d29e96c28d6df21e1933cc2da3a076217ec4c30461070c5e997e04aa952cb	success	0	147	805c8c7334c868e18e2be84be95b83cc60895722d739c2b164a68be4cd410c49	139660			cypher-graph-id-predicate	64	1	fixture-tika-04	1	0	0	1	0	1	1	1	63	1	0
graph-id-parameter-wrapped-contains-target-20-targeted	graph-id	graph-id-parameter-wrapped-contains	targeted	graph-id-parameter-equals-and-wrapped-contains	parameters	properties	200	fixture-tika-04	fixture-tika-04	1	2d9d29e96c28d6df21e1933cc2da3a076217ec4c30461070c5e997e04aa952cb	success	1	763	7811e1c0f64fb9174b112349d7a5f89fec8a71f59a6b66db3b1e97241f5dc93c	140121		fixture-tika-04	cypher-graph-id-predicate	64	1	fixture-tika-04	1	0	0	1	0	1	1	1	63	1	0
graph-id-parameter-wrapped-contains-target-20-dense	graph-id	graph-id-parameter-wrapped-contains	dense	graph-id-parameter-equals-and-wrapped-contains	parameters	properties	200	fixture-tika-04	fixture-tika-04	1	2d9d29e96c28d6df21e1933cc2da3a076217ec4c30461070c5e997e04aa952cb	success	200	91604	a93cd6116bda146e01916f4ab7d54aa664da5b5c2287de109c82d6c48fcd38f8	367376		fixture-tika-04	cypher-graph-id-predicate	64	1	fixture-tika-04	1	0	0	1	0	200	1	1	63	1	0
graph-id-parameter-wrapped-contains-target-21-zero	graph-id	graph-id-parameter-wrapped-contains	zero	graph-id-parameter-equals-and-wrapped-contains	parameters	properties	200	fixture-tika-05	fixture-tika-05	1	a70ca503c8d7edc9fd5b26430e9c4bd9517cfcf9084469733cfeff8a4fef63f8	success	0	147	805c8c7334c868e18e2be84be95b83cc60895722d739c2b164a68be4cd410c49	157514			cypher-graph-id-predicate	64	1	fixture-tika-05	1	0	0	1	0	1	1	1	63	1	0
graph-id-parameter-wrapped-contains-target-21-targeted	graph-id	graph-id-parameter-wrapped-contains	targeted	graph-id-parameter-equals-and-wrapped-contains	parameters	properties	200	fixture-tika-05	fixture-tika-05	1	a70ca503c8d7edc9fd5b26430e9c4bd9517cfcf9084469733cfeff8a4fef63f8	success	1	765	1cf450577b12b3b6a7c19f53479709a92a169add0c4f9defecbc55254bf8d5b3	198988		fixture-tika-05	cypher-graph-id-predicate	64	1	fixture-tika-05	1	0	0	1	0	1	1	1	63	1	0
graph-id-parameter-wrapped-contains-target-21-dense	graph-id	graph-id-parameter-wrapped-contains	dense	graph-id-parameter-equals-and-wrapped-contains	parameters	properties	200	fixture-tika-05	fixture-tika-05	1	a70ca503c8d7edc9fd5b26430e9c4bd9517cfcf9084469733cfeff8a4fef63f8	success	200	96334	eb6b03599a26f520b43896ee6af6cb6d2a3ec0783b66a0bcb29642b029a4b6eb	273771		fixture-tika-05	cypher-graph-id-predicate	64	1	fixture-tika-05	1	0	0	1	0	200	1	1	63	1	0
graph-id-parameter-wrapped-contains-target-22-zero	graph-id	graph-id-parameter-wrapped-contains	zero	graph-id-parameter-equals-and-wrapped-contains	parameters	properties	200	fixture-tika-06	fixture-tika-06	1	629a75c155a37bcac72d6d131b20156694ded2e8aa1abe1c7f03ac03374020b7	success	0	147	805c8c7334c868e18e2be84be95b83cc60895722d739c2b164a68be4cd410c49	132387			cypher-graph-id-predicate	64	1	fixture-tika-06	1	0	0	1	0	1	1	1	63	1	0
graph-id-parameter-wrapped-contains-target-22-targeted	graph-id	graph-id-parameter-wrapped-contains	targeted	graph-id-parameter-equals-and-wrapped-contains	parameters	properties	200	fixture-tika-06	fixture-tika-06	1	629a75c155a37bcac72d6d131b20156694ded2e8aa1abe1c7f03ac03374020b7	success	11	6331	43d88524d9da26840d520d8260a6801a2d864c2023e9806c3df4a5e673a5fd66	148869		fixture-tika-06	cypher-graph-id-predicate	64	1	fixture-tika-06	1	0	0	1	0	11	1	1	63	1	0
graph-id-parameter-wrapped-contains-target-22-dense	graph-id	graph-id-parameter-wrapped-contains	dense	graph-id-parameter-equals-and-wrapped-contains	parameters	properties	200	fixture-tika-06	fixture-tika-06	1	629a75c155a37bcac72d6d131b20156694ded2e8aa1abe1c7f03ac03374020b7	success	200	98397	b1cc908cf8cd6a2354b320afca9ad225990c59be93a53ddc3912afb3b0d46d7b	270034		fixture-tika-06	cypher-graph-id-predicate	64	1	fixture-tika-06	1	0	0	1	0	200	1	1	63	1	0
graph-id-parameter-wrapped-contains-target-23-zero	graph-id	graph-id-parameter-wrapped-contains	zero	graph-id-parameter-equals-and-wrapped-contains	parameters	properties	200	fixture-tika-07	fixture-tika-07	1	1f60bc193af0a0c32ae2bc0a840b7da98c896a5343d2d4a4871500ea55b0d8a0	success	0	147	805c8c7334c868e18e2be84be95b83cc60895722d739c2b164a68be4cd410c49	172563			cypher-graph-id-predicate	64	1	fixture-tika-07	1	0	0	1	0	1	1	1	63	1	0
graph-id-parameter-wrapped-contains-target-23-targeted	graph-id	graph-id-parameter-wrapped-contains	targeted	graph-id-parameter-equals-and-wrapped-contains	parameters	properties	200	fixture-tika-07	fixture-tika-07	1	1f60bc193af0a0c32ae2bc0a840b7da98c896a5343d2d4a4871500ea55b0d8a0	success	11	6135	718b52d4d32659cb9b39b84bdb87d6226a9be4436e73fa316936d1333dfa50c0	159968		fixture-tika-07	cypher-graph-id-predicate	64	1	fixture-tika-07	1	0	0	1	0	11	1	1	63	1	0
graph-id-parameter-wrapped-contains-target-23-dense	graph-id	graph-id-parameter-wrapped-contains	dense	graph-id-parameter-equals-and-wrapped-contains	parameters	properties	200	fixture-tika-07	fixture-tika-07	1	1f60bc193af0a0c32ae2bc0a840b7da98c896a5343d2d4a4871500ea55b0d8a0	success	200	95056	d5aa9163a912371065002f30549de9cefea57af859f009a275e381b0a849633e	372666		fixture-tika-07	cypher-graph-id-predicate	64	1	fixture-tika-07	1	0	0	1	0	200	1	1	63	1	0
graph-id-parameter-wrapped-contains-target-24-zero	graph-id	graph-id-parameter-wrapped-contains	zero	graph-id-parameter-equals-and-wrapped-contains	parameters	properties	200	fixture-tika-08	fixture-tika-08	1	e9768e2189edf3079c0f4ce1fe9374fe3873b9ef6253d25bd7952c9e3f9e2f89	success	0	147	805c8c7334c868e18e2be84be95b83cc60895722d739c2b164a68be4cd410c49	195384			cypher-graph-id-predicate	64	1	fixture-tika-08	1	0	0	1	0	1	1	1	63	1	0
graph-id-parameter-wrapped-contains-target-24-targeted	graph-id	graph-id-parameter-wrapped-contains	targeted	graph-id-parameter-equals-and-wrapped-contains	parameters	properties	200	fixture-tika-08	fixture-tika-08	1	e9768e2189edf3079c0f4ce1fe9374fe3873b9ef6253d25bd7952c9e3f9e2f89	success	1	754	033650595463ffba6f1f515fc8a38ba023fdd37a0e2442442be40f2d8baee0b4	203420		fixture-tika-08	cypher-graph-id-predicate	64	1	fixture-tika-08	1	0	0	1	0	1	1	1	63	1	0
graph-id-parameter-wrapped-contains-target-24-dense	graph-id	graph-id-parameter-wrapped-contains	dense	graph-id-parameter-equals-and-wrapped-contains	parameters	properties	200	fixture-tika-08	fixture-tika-08	1	e9768e2189edf3079c0f4ce1fe9374fe3873b9ef6253d25bd7952c9e3f9e2f89	success	200	96144	13cc3d04be15c5d98101b6676211e0260c08571becd6cbc7be1dcfad1b7efce8	292506		fixture-tika-08	cypher-graph-id-predicate	64	1	fixture-tika-08	1	0	0	1	0	200	1	1	63	1	0
graph-id-parameter-wrapped-contains-target-25-zero	graph-id	graph-id-parameter-wrapped-contains	zero	graph-id-parameter-equals-and-wrapped-contains	parameters	properties	200	fixture-tika-09	fixture-tika-09	1	f96e2b0b7f375cf347f289b0d59b047835095d1452b52dcff16ad07fa5ff5aaa	success	0	147	805c8c7334c868e18e2be84be95b83cc60895722d739c2b164a68be4cd410c49	203931			cypher-graph-id-predicate	64	1	fixture-tika-09	1	0	0	1	0	1	1	1	63	1	0
graph-id-parameter-wrapped-contains-target-25-targeted	graph-id	graph-id-parameter-wrapped-contains	targeted	graph-id-parameter-equals-and-wrapped-contains	parameters	properties	200	fixture-tika-09	fixture-tika-09	1	f96e2b0b7f375cf347f289b0d59b047835095d1452b52dcff16ad07fa5ff5aaa	success	17	9434	57a7fb26e2c1557848eddaabb17076d92c9b2ef2e0ff6b92be3de4374fe1fa9b	190215		fixture-tika-09	cypher-graph-id-predicate	64	1	fixture-tika-09	1	0	0	1	0	17	1	1	63	1	0
graph-id-parameter-wrapped-contains-target-25-dense	graph-id	graph-id-parameter-wrapped-contains	dense	graph-id-parameter-equals-and-wrapped-contains	parameters	properties	200	fixture-tika-09	fixture-tika-09	1	f96e2b0b7f375cf347f289b0d59b047835095d1452b52dcff16ad07fa5ff5aaa	success	200	90260	d606d19bfcb83b224b953bd70176bc52dc06d427ef6ab3d0cc311bc6ed6fc260	294219		fixture-tika-09	cypher-graph-id-predicate	64	1	fixture-tika-09	1	0	0	1	0	200	1	1	63	1	0
graph-id-parameter-wrapped-contains-target-26-zero	graph-id	graph-id-parameter-wrapped-contains	zero	graph-id-parameter-equals-and-wrapped-contains	parameters	properties	200	fixture-tika-10	fixture-tika-10	1	724e820888f0db8884af940cbe8a364f2dce6bfc9b2c72fb09abe933fa439c0c	success	0	147	805c8c7334c868e18e2be84be95b83cc60895722d739c2b164a68be4cd410c49	170698			cypher-graph-id-predicate	64	1	fixture-tika-10	1	0	0	1	0	1	1	1	63	1	0
graph-id-parameter-wrapped-contains-target-26-targeted	graph-id	graph-id-parameter-wrapped-contains	targeted	graph-id-parameter-equals-and-wrapped-contains	parameters	properties	200	fixture-tika-10	fixture-tika-10	1	724e820888f0db8884af940cbe8a364f2dce6bfc9b2c72fb09abe933fa439c0c	success	1	791	550bd45f802381cb65ea30928a856fc0c2bc207cbfc2a147aad4312130548c9a	182501		fixture-tika-10	cypher-graph-id-predicate	64	1	fixture-tika-10	1	0	0	1	0	1	1	1	63	1	0
graph-id-parameter-wrapped-contains-target-26-dense	graph-id	graph-id-parameter-wrapped-contains	dense	graph-id-parameter-equals-and-wrapped-contains	parameters	properties	200	fixture-tika-10	fixture-tika-10	1	724e820888f0db8884af940cbe8a364f2dce6bfc9b2c72fb09abe933fa439c0c	success	200	96089	d0bdae62973cb737c05eda37d83d6fd7dea4520a7f87acdd4ed9a2fba1f97888	273441		fixture-tika-10	cypher-graph-id-predicate	64	1	fixture-tika-10	1	0	0	1	0	200	1	1	63	1	0
graph-id-parameter-wrapped-contains-target-27-zero	graph-id	graph-id-parameter-wrapped-contains	zero	graph-id-parameter-equals-and-wrapped-contains	parameters	properties	200	fixture-tika-11	fixture-tika-11	1	947144f7fe63615dab1057f152a266b87c870ae6b1d136ebead3ef2860ecaaf9	success	0	147	805c8c7334c868e18e2be84be95b83cc60895722d739c2b164a68be4cd410c49	155691			cypher-graph-id-predicate	64	1	fixture-tika-11	1	0	0	1	0	1	1	1	63	1	0
graph-id-parameter-wrapped-contains-target-27-targeted	graph-id	graph-id-parameter-wrapped-contains	targeted	graph-id-parameter-equals-and-wrapped-contains	parameters	properties	200	fixture-tika-11	fixture-tika-11	1	947144f7fe63615dab1057f152a266b87c870ae6b1d136ebead3ef2860ecaaf9	success	14	8030	e1858d468e2cee9daff29f91791894b539cc1c9bfb8d57bb0eaa364a24ec0f04	152614		fixture-tika-11	cypher-graph-id-predicate	64	1	fixture-tika-11	1	0	0	1	0	14	1	1	63	1	0
graph-id-parameter-wrapped-contains-target-27-dense	graph-id	graph-id-parameter-wrapped-contains	dense	graph-id-parameter-equals-and-wrapped-contains	parameters	properties	200	fixture-tika-11	fixture-tika-11	1	947144f7fe63615dab1057f152a266b87c870ae6b1d136ebead3ef2860ecaaf9	success	200	95559	bcb492a91a247979acd291eaea381c0db6d952c0baff29193145ae7356b00907	215763		fixture-tika-11	cypher-graph-id-predicate	64	1	fixture-tika-11	1	0	0	1	0	200	1	1	63	1	0
graph-id-parameter-wrapped-contains-target-28-zero	graph-id	graph-id-parameter-wrapped-contains	zero	graph-id-parameter-equals-and-wrapped-contains	parameters	properties	200	fixture-tika-12	fixture-tika-12	1	333b320af3f398d083e1d44b1a79e54fa546da12ce118f18db6f7cc3387398c8	success	0	147	805c8c7334c868e18e2be84be95b83cc60895722d739c2b164a68be4cd410c49	157123			cypher-graph-id-predicate	64	1	fixture-tika-12	1	0	0	1	0	1	1	1	63	1	0
graph-id-parameter-wrapped-contains-target-28-targeted	graph-id	graph-id-parameter-wrapped-contains	targeted	graph-id-parameter-equals-and-wrapped-contains	parameters	properties	200	fixture-tika-12	fixture-tika-12	1	333b320af3f398d083e1d44b1a79e54fa546da12ce118f18db6f7cc3387398c8	success	12	6370	8871e0dc77f7df7110f742adaac439b8d2f4e912a3a21e1793fda026e0955f9b	141364		fixture-tika-12	cypher-graph-id-predicate	64	1	fixture-tika-12	1	0	0	1	0	12	1	1	63	1	0
graph-id-parameter-wrapped-contains-target-28-dense	graph-id	graph-id-parameter-wrapped-contains	dense	graph-id-parameter-equals-and-wrapped-contains	parameters	properties	200	fixture-tika-12	fixture-tika-12	1	333b320af3f398d083e1d44b1a79e54fa546da12ce118f18db6f7cc3387398c8	success	200	101142	3ec255435f1804ca883e61ce69218b0c9b6812e5f4d6241be813f3a04980ff78	402117		fixture-tika-12	cypher-graph-id-predicate	64	1	fixture-tika-12	1	0	0	1	0	200	1	1	63	1	0
graph-id-parameter-wrapped-contains-target-29-zero	graph-id	graph-id-parameter-wrapped-contains	zero	graph-id-parameter-equals-and-wrapped-contains	parameters	properties	200	fixture-tika-13	fixture-tika-13	1	697a328efd3d35078aa3cf7115b978f697299f7e0612d464eae79dc1cbc3f3c7	success	0	147	805c8c7334c868e18e2be84be95b83cc60895722d739c2b164a68be4cd410c49	277178			cypher-graph-id-predicate	64	1	fixture-tika-13	1	0	0	1	0	1	1	1	63	1	0
graph-id-parameter-wrapped-contains-target-29-targeted	graph-id	graph-id-parameter-wrapped-contains	targeted	graph-id-parameter-equals-and-wrapped-contains	parameters	properties	200	fixture-tika-13	fixture-tika-13	1	697a328efd3d35078aa3cf7115b978f697299f7e0612d464eae79dc1cbc3f3c7	success	1	759	7c9cbf2db3468e4d9ec5f9ce37c29746bb3071949804d250165a0310edd3182c	167272		fixture-tika-13	cypher-graph-id-predicate	64	1	fixture-tika-13	1	0	0	1	0	1	1	1	63	1	0
graph-id-parameter-wrapped-contains-target-29-dense	graph-id	graph-id-parameter-wrapped-contains	dense	graph-id-parameter-equals-and-wrapped-contains	parameters	properties	200	fixture-tika-13	fixture-tika-13	1	697a328efd3d35078aa3cf7115b978f697299f7e0612d464eae79dc1cbc3f3c7	success	200	96005	cb6245f16fc1df4cadc32295db3c94d74d99d6ac24ca00ba686085574c3842f9	208449		fixture-tika-13	cypher-graph-id-predicate	64	1	fixture-tika-13	1	0	0	1	0	200	1	1	63	1	0
graph-id-parameter-wrapped-contains-target-30-zero	graph-id	graph-id-parameter-wrapped-contains	zero	graph-id-parameter-equals-and-wrapped-contains	parameters	properties	200	fixture-tika-14	fixture-tika-14	1	530ac22d92e73256c57c4e234fccac50105308bcc26304451ee74f20a619f7a5	success	0	147	805c8c7334c868e18e2be84be95b83cc60895722d739c2b164a68be4cd410c49	130253			cypher-graph-id-predicate	64	1	fixture-tika-14	1	0	0	1	0	1	1	1	63	1	0
graph-id-parameter-wrapped-contains-target-30-targeted	graph-id	graph-id-parameter-wrapped-contains	targeted	graph-id-parameter-equals-and-wrapped-contains	parameters	properties	200	fixture-tika-14	fixture-tika-14	1	530ac22d92e73256c57c4e234fccac50105308bcc26304451ee74f20a619f7a5	success	10	5866	c85815e1257e7d89a547803b839a8fa3d5c32a25ad93fc4df95c67dd0df38386	137556		fixture-tika-14	cypher-graph-id-predicate	64	1	fixture-tika-14	1	0	0	1	0	10	1	1	63	1	0
graph-id-parameter-wrapped-contains-target-30-dense	graph-id	graph-id-parameter-wrapped-contains	dense	graph-id-parameter-equals-and-wrapped-contains	parameters	properties	200	fixture-tika-14	fixture-tika-14	1	530ac22d92e73256c57c4e234fccac50105308bcc26304451ee74f20a619f7a5	success	200	95471	766b9ef7e8ecf0adce38af75461cc8c431950c6a78cf29871668bb82bbc59681	198130		fixture-tika-14	cypher-graph-id-predicate	64	1	fixture-tika-14	1	0	0	1	0	200	1	1	63	1	0
graph-id-parameter-wrapped-contains-target-31-zero	graph-id	graph-id-parameter-wrapped-contains	zero	graph-id-parameter-equals-and-wrapped-contains	parameters	properties	200	fixture-tika-15	fixture-tika-15	1	80331285783d790177bcaeeebf677e98900445b2273d41781c6e07aa5683a500	success	0	147	805c8c7334c868e18e2be84be95b83cc60895722d739c2b164a68be4cd410c49	129011			cypher-graph-id-predicate	64	1	fixture-tika-15	1	0	0	1	0	1	1	1	63	1	0
graph-id-parameter-wrapped-contains-target-31-targeted	graph-id	graph-id-parameter-wrapped-contains	targeted	graph-id-parameter-equals-and-wrapped-contains	parameters	properties	200	fixture-tika-15	fixture-tika-15	1	80331285783d790177bcaeeebf677e98900445b2273d41781c6e07aa5683a500	success	1	779	5b2641a56fc0d1ce3cad560f98de3ab642d893c5f6c2be5bb57444732d364805	129562		fixture-tika-15	cypher-graph-id-predicate	64	1	fixture-tika-15	1	0	0	1	0	1	1	1	63	1	0
graph-id-parameter-wrapped-contains-target-31-dense	graph-id	graph-id-parameter-wrapped-contains	dense	graph-id-parameter-equals-and-wrapped-contains	parameters	properties	200	fixture-tika-15	fixture-tika-15	1	80331285783d790177bcaeeebf677e98900445b2273d41781c6e07aa5683a500	success	200	90493	6cea2d1b1fba9817e31904018fa5ce3734b41bb641feab5c7c6849206b05e3c1	184274		fixture-tika-15	cypher-graph-id-predicate	64	1	fixture-tika-15	1	0	0	1	0	200	1	1	63	1	0
graph-id-parameter-wrapped-contains-target-32-zero	graph-id	graph-id-parameter-wrapped-contains	zero	graph-id-parameter-equals-and-wrapped-contains	parameters	properties	200	fixture-hive-00	fixture-hive-00	1	ea11677be4d3166ee79e7aa4f8c5ff603c5cb6bb9f65649cfc46854eedb1b466	success	0	147	805c8c7334c868e18e2be84be95b83cc60895722d739c2b164a68be4cd410c49	131135			cypher-graph-id-predicate	64	1	fixture-hive-00	1	0	0	1	0	1	1	1	63	1	0
graph-id-parameter-wrapped-contains-target-32-targeted	graph-id	graph-id-parameter-wrapped-contains	targeted	graph-id-parameter-equals-and-wrapped-contains	parameters	properties	200	fixture-hive-00	fixture-hive-00	1	ea11677be4d3166ee79e7aa4f8c5ff603c5cb6bb9f65649cfc46854eedb1b466	success	4	2862	72e96499d86d64ae9da267f3b15791817d4250f06a8dfea9d09edd8c3c23a440	130925		fixture-hive-00	cypher-graph-id-predicate	64	1	fixture-hive-00	1	0	0	1	0	4	1	1	63	1	0
graph-id-parameter-wrapped-contains-target-32-dense	graph-id	graph-id-parameter-wrapped-contains	dense	graph-id-parameter-equals-and-wrapped-contains	parameters	properties	200	fixture-hive-00	fixture-hive-00	1	ea11677be4d3166ee79e7aa4f8c5ff603c5cb6bb9f65649cfc46854eedb1b466	success	200	92864	0ad6a5ae10cb27d8dd28af205e0df8ebd79b3e1ca0079c8c876100ee108fc38d	265961		fixture-hive-00	cypher-graph-id-predicate	64	1	fixture-hive-00	1	0	0	1	0	200	1	1	63	1	0
graph-id-parameter-wrapped-contains-target-33-zero	graph-id	graph-id-parameter-wrapped-contains	zero	graph-id-parameter-equals-and-wrapped-contains	parameters	properties	200	fixture-hive-01	fixture-hive-01	1	3a9bab8befb64a5c5518ec83add10138c13ae31dfad00b5a26547f3cfc2bf0bb	success	0	147	805c8c7334c868e18e2be84be95b83cc60895722d739c2b164a68be4cd410c49	132347			cypher-graph-id-predicate	64	1	fixture-hive-01	1	0	0	1	0	1	1	1	63	1	0
graph-id-parameter-wrapped-contains-target-33-targeted	graph-id	graph-id-parameter-wrapped-contains	targeted	graph-id-parameter-equals-and-wrapped-contains	parameters	properties	200	fixture-hive-01	fixture-hive-01	1	3a9bab8befb64a5c5518ec83add10138c13ae31dfad00b5a26547f3cfc2bf0bb	success	4	2862	5436abb5d5a82ddf1b71cf6459ce0de5fe56d25b825b58b20bbe8cace9e3cde7	128730		fixture-hive-01	cypher-graph-id-predicate	64	1	fixture-hive-01	1	0	0	1	0	4	1	1	63	1	0
graph-id-parameter-wrapped-contains-target-33-dense	graph-id	graph-id-parameter-wrapped-contains	dense	graph-id-parameter-equals-and-wrapped-contains	parameters	properties	200	fixture-hive-01	fixture-hive-01	1	3a9bab8befb64a5c5518ec83add10138c13ae31dfad00b5a26547f3cfc2bf0bb	success	200	92578	e10f119cab32a77f2d8107211e2addcc69d3ab151ee08f60199ff7a8db9b6a1c	186438		fixture-hive-01	cypher-graph-id-predicate	64	1	fixture-hive-01	1	0	0	1	0	200	1	1	63	1	0
graph-id-parameter-wrapped-contains-target-34-zero	graph-id	graph-id-parameter-wrapped-contains	zero	graph-id-parameter-equals-and-wrapped-contains	parameters	properties	200	fixture-hive-02	fixture-hive-02	1	058d31d4f0a17f6c8e80480702d6c2099e48867673bc0a8d99037f2244a27bbf	success	0	147	805c8c7334c868e18e2be84be95b83cc60895722d739c2b164a68be4cd410c49	119954			cypher-graph-id-predicate	64	1	fixture-hive-02	1	0	0	1	0	1	1	1	63	1	0
graph-id-parameter-wrapped-contains-target-34-targeted	graph-id	graph-id-parameter-wrapped-contains	targeted	graph-id-parameter-equals-and-wrapped-contains	parameters	properties	200	fixture-hive-02	fixture-hive-02	1	058d31d4f0a17f6c8e80480702d6c2099e48867673bc0a8d99037f2244a27bbf	success	4	2883	e83a01bd4b4e8f51ba0c51a53e73f87ec8dd6170bd60b37ef57b4eb9aba8bcc7	165769		fixture-hive-02	cypher-graph-id-predicate	64	1	fixture-hive-02	1	0	0	1	0	4	1	1	63	1	0
graph-id-parameter-wrapped-contains-target-34-dense	graph-id	graph-id-parameter-wrapped-contains	dense	graph-id-parameter-equals-and-wrapped-contains	parameters	properties	200	fixture-hive-02	fixture-hive-02	1	058d31d4f0a17f6c8e80480702d6c2099e48867673bc0a8d99037f2244a27bbf	success	200	94183	b06f89a813919b2f4278637c18773fe7508c48351caa08a76cefe1f54c9b7715	202819		fixture-hive-02	cypher-graph-id-predicate	64	1	fixture-hive-02	1	0	0	1	0	200	1	1	63	1	0
graph-id-parameter-wrapped-contains-target-35-zero	graph-id	graph-id-parameter-wrapped-contains	zero	graph-id-parameter-equals-and-wrapped-contains	parameters	properties	200	fixture-hive-03	fixture-hive-03	1	bc37ba5880a9fc3e89dea2bf6571ad8db10f8c499dfca7c678b831d8edb064fe	success	0	147	805c8c7334c868e18e2be84be95b83cc60895722d739c2b164a68be4cd410c49	130423			cypher-graph-id-predicate	64	1	fixture-hive-03	1	0	0	1	0	1	1	1	63	1	0
graph-id-parameter-wrapped-contains-target-35-targeted	graph-id	graph-id-parameter-wrapped-contains	targeted	graph-id-parameter-equals-and-wrapped-contains	parameters	properties	200	fixture-hive-03	fixture-hive-03	1	bc37ba5880a9fc3e89dea2bf6571ad8db10f8c499dfca7c678b831d8edb064fe	success	1	771	134378d176ef9559b3b9b40557762648c5aa55be889ba8cb2e7f752130b85ab7	133018		fixture-hive-03	cypher-graph-id-predicate	64	1	fixture-hive-03	1	0	0	1	0	1	1	1	63	1	0
graph-id-parameter-wrapped-contains-target-35-dense	graph-id	graph-id-parameter-wrapped-contains	dense	graph-id-parameter-equals-and-wrapped-contains	parameters	properties	200	fixture-hive-03	fixture-hive-03	1	bc37ba5880a9fc3e89dea2bf6571ad8db10f8c499dfca7c678b831d8edb064fe	success	200	91613	71eca3baa7c5adda9a19daaba5b66d08f4d30beebcfc1f6f8f3125a009484e93	229608		fixture-hive-03	cypher-graph-id-predicate	64	1	fixture-hive-03	1	0	0	1	0	200	1	1	63	1	0
graph-id-parameter-wrapped-contains-target-36-zero	graph-id	graph-id-parameter-wrapped-contains	zero	graph-id-parameter-equals-and-wrapped-contains	parameters	properties	200	fixture-hive-04	fixture-hive-04	1	d6abca6af79ede3e783b4b1d1bb2f17c22db5cf0b5c70506d31ea6d33509dcc5	success	0	147	805c8c7334c868e18e2be84be95b83cc60895722d739c2b164a68be4cd410c49	119303			cypher-graph-id-predicate	64	1	fixture-hive-04	1	0	0	1	0	1	1	1	63	1	0
graph-id-parameter-wrapped-contains-target-36-targeted	graph-id	graph-id-parameter-wrapped-contains	targeted	graph-id-parameter-equals-and-wrapped-contains	parameters	properties	200	fixture-hive-04	fixture-hive-04	1	d6abca6af79ede3e783b4b1d1bb2f17c22db5cf0b5c70506d31ea6d33509dcc5	success	1	795	6f5022183da52ea8cb963f17c4b86a6270dc9bfe0ca358e5ec7d6bdf4c95879f	129993		fixture-hive-04	cypher-graph-id-predicate	64	1	fixture-hive-04	1	0	0	1	0	1	1	1	63	1	0
graph-id-parameter-wrapped-contains-target-36-dense	graph-id	graph-id-parameter-wrapped-contains	dense	graph-id-parameter-equals-and-wrapped-contains	parameters	properties	200	fixture-hive-04	fixture-hive-04	1	d6abca6af79ede3e783b4b1d1bb2f17c22db5cf0b5c70506d31ea6d33509dcc5	success	200	91716	5d2df55fe9df550bd17a462dbec1bd958f7c0d5940c160537976ecc80d5cb22f	199092		fixture-hive-04	cypher-graph-id-predicate	64	1	fixture-hive-04	1	0	0	1	0	200	1	1	63	1	0
graph-id-parameter-wrapped-contains-target-37-zero	graph-id	graph-id-parameter-wrapped-contains	zero	graph-id-parameter-equals-and-wrapped-contains	parameters	properties	200	fixture-hive-05	fixture-hive-05	1	f7f4c2e85299b39f0b295436a0a678be80ea1fe4bd065c984fac7e3e79c02a1f	success	0	147	805c8c7334c868e18e2be84be95b83cc60895722d739c2b164a68be4cd410c49	141945			cypher-graph-id-predicate	64	1	fixture-hive-05	1	0	0	1	0	1	1	1	63	1	0
graph-id-parameter-wrapped-contains-target-37-targeted	graph-id	graph-id-parameter-wrapped-contains	targeted	graph-id-parameter-equals-and-wrapped-contains	parameters	properties	200	fixture-hive-05	fixture-hive-05	1	f7f4c2e85299b39f0b295436a0a678be80ea1fe4bd065c984fac7e3e79c02a1f	success	51	31472	b9433fbd59011f3771f14c8abacb0cbca913b3ccb9b85649a8f98d4c6f628703	150461		fixture-hive-05	cypher-graph-id-predicate	64	1	fixture-hive-05	1	0	0	1	0	51	1	1	63	1	0
graph-id-parameter-wrapped-contains-target-37-dense	graph-id	graph-id-parameter-wrapped-contains	dense	graph-id-parameter-equals-and-wrapped-contains	parameters	properties	200	fixture-hive-05	fixture-hive-05	1	f7f4c2e85299b39f0b295436a0a678be80ea1fe4bd065c984fac7e3e79c02a1f	success	200	91795	dbb6e258143695218279e10cbea2bf21ad0c5b1330a8fc3e3470b176ae0b6f42	210713		fixture-hive-05	cypher-graph-id-predicate	64	1	fixture-hive-05	1	0	0	1	0	200	1	1	63	1	0
graph-id-parameter-wrapped-contains-target-38-zero	graph-id	graph-id-parameter-wrapped-contains	zero	graph-id-parameter-equals-and-wrapped-contains	parameters	properties	200	fixture-hive-06	fixture-hive-06	1	ddfe0a17a6b176061c6908248fc9bbb24510f00e8ed40c2c068587464d0ab767	success	0	147	805c8c7334c868e18e2be84be95b83cc60895722d739c2b164a68be4cd410c49	157414			cypher-graph-id-predicate	64	1	fixture-hive-06	1	0	0	1	0	1	1	1	63	1	0
graph-id-parameter-wrapped-contains-target-38-targeted	graph-id	graph-id-parameter-wrapped-contains	targeted	graph-id-parameter-equals-and-wrapped-contains	parameters	properties	200	fixture-hive-06	fixture-hive-06	1	ddfe0a17a6b176061c6908248fc9bbb24510f00e8ed40c2c068587464d0ab767	success	1	801	6e224732564976ab3ad1b488a2dcb0c2a2f84050ab25d529f41b87f4de3c406c	127638		fixture-hive-06	cypher-graph-id-predicate	64	1	fixture-hive-06	1	0	0	1	0	1	1	1	63	1	0
graph-id-parameter-wrapped-contains-target-38-dense	graph-id	graph-id-parameter-wrapped-contains	dense	graph-id-parameter-equals-and-wrapped-contains	parameters	properties	200	fixture-hive-06	fixture-hive-06	1	ddfe0a17a6b176061c6908248fc9bbb24510f00e8ed40c2c068587464d0ab767	success	200	92968	77adda61bf8a66745500e9e1b739302ae425b75af5d5199095bd9c0f56151e04	198280		fixture-hive-06	cypher-graph-id-predicate	64	1	fixture-hive-06	1	0	0	1	0	200	1	1	63	1	0
graph-id-parameter-wrapped-contains-target-39-zero	graph-id	graph-id-parameter-wrapped-contains	zero	graph-id-parameter-equals-and-wrapped-contains	parameters	properties	200	fixture-hive-07	fixture-hive-07	1	5b909537f8397e9b454c56026974d9a0348f5c6147e1f2169fbaaa2eb1645822	success	0	147	805c8c7334c868e18e2be84be95b83cc60895722d739c2b164a68be4cd410c49	148577			cypher-graph-id-predicate	64	1	fixture-hive-07	1	0	0	1	0	1	1	1	63	1	0
graph-id-parameter-wrapped-contains-target-39-targeted	graph-id	graph-id-parameter-wrapped-contains	targeted	graph-id-parameter-equals-and-wrapped-contains	parameters	properties	200	fixture-hive-07	fixture-hive-07	1	5b909537f8397e9b454c56026974d9a0348f5c6147e1f2169fbaaa2eb1645822	success	4	2855	db8e5b7500b38c30ff9ca554407e1c3f066cc32ce80520e31c63fe8f4f34048e	152063		fixture-hive-07	cypher-graph-id-predicate	64	1	fixture-hive-07	1	0	0	1	0	4	1	1	63	1	0
graph-id-parameter-wrapped-contains-target-39-dense	graph-id	graph-id-parameter-wrapped-contains	dense	graph-id-parameter-equals-and-wrapped-contains	parameters	properties	200	fixture-hive-07	fixture-hive-07	1	5b909537f8397e9b454c56026974d9a0348f5c6147e1f2169fbaaa2eb1645822	success	200	91298	153dc7ab9d3d22961d16bfae52d0b5cd4c7d97177e0e57e7c086294f37d00f0f	182731		fixture-hive-07	cypher-graph-id-predicate	64	1	fixture-hive-07	1	0	0	1	0	200	1	1	63	1	0
graph-id-parameter-wrapped-contains-target-40-zero	graph-id	graph-id-parameter-wrapped-contains	zero	graph-id-parameter-equals-and-wrapped-contains	parameters	properties	200	fixture-hive-08	fixture-hive-08	1	a73da7b76b921f77b9fadceff4ca8a9274fa7524e6ce2fb87c035b118fdb9e31	success	0	147	805c8c7334c868e18e2be84be95b83cc60895722d739c2b164a68be4cd410c49	129071			cypher-graph-id-predicate	64	1	fixture-hive-08	1	0	0	1	0	1	1	1	63	1	0
graph-id-parameter-wrapped-contains-target-40-targeted	graph-id	graph-id-parameter-wrapped-contains	targeted	graph-id-parameter-equals-and-wrapped-contains	parameters	properties	200	fixture-hive-08	fixture-hive-08	1	a73da7b76b921f77b9fadceff4ca8a9274fa7524e6ce2fb87c035b118fdb9e31	success	4	2911	6520445594f6fc1d080f2e441beea159540f21b52c555b515dbd7ba1fee2a37f	128901		fixture-hive-08	cypher-graph-id-predicate	64	1	fixture-hive-08	1	0	0	1	0	4	1	1	63	1	0
graph-id-parameter-wrapped-contains-target-40-dense	graph-id	graph-id-parameter-wrapped-contains	dense	graph-id-parameter-equals-and-wrapped-contains	parameters	properties	200	fixture-hive-08	fixture-hive-08	1	a73da7b76b921f77b9fadceff4ca8a9274fa7524e6ce2fb87c035b118fdb9e31	success	200	95189	6547ed796970ad3186785ae6dc7d6b1328d226d1878e5144fdb98c21fcba06f9	193170		fixture-hive-08	cypher-graph-id-predicate	64	1	fixture-hive-08	1	0	0	1	0	200	1	1	63	1	0
graph-id-parameter-wrapped-contains-target-41-zero	graph-id	graph-id-parameter-wrapped-contains	zero	graph-id-parameter-equals-and-wrapped-contains	parameters	properties	200	fixture-hive-09	fixture-hive-09	1	295df7bb9f479be56469bcfb34b70c143d1aff6e47944b80de9fd42e774be779	success	0	147	805c8c7334c868e18e2be84be95b83cc60895722d739c2b164a68be4cd410c49	129723			cypher-graph-id-predicate	64	1	fixture-hive-09	1	0	0	1	0	1	1	1	63	1	0
graph-id-parameter-wrapped-contains-target-41-targeted	graph-id	graph-id-parameter-wrapped-contains	targeted	graph-id-parameter-equals-and-wrapped-contains	parameters	properties	200	fixture-hive-09	fixture-hive-09	1	295df7bb9f479be56469bcfb34b70c143d1aff6e47944b80de9fd42e774be779	success	4	2883	42fd2fd2ff37d34c0cfb2146cde4be9387147a4cc07443bd58969c3f1e25556e	128570		fixture-hive-09	cypher-graph-id-predicate	64	1	fixture-hive-09	1	0	0	1	0	4	1	1	63	1	0
graph-id-parameter-wrapped-contains-target-41-dense	graph-id	graph-id-parameter-wrapped-contains	dense	graph-id-parameter-equals-and-wrapped-contains	parameters	properties	200	fixture-hive-09	fixture-hive-09	1	295df7bb9f479be56469bcfb34b70c143d1aff6e47944b80de9fd42e774be779	success	200	92146	1d23f5a918b6a408d8eae300e7aa799801aecc62fcc85667af567e3c95156cb9	191036		fixture-hive-09	cypher-graph-id-predicate	64	1	fixture-hive-09	1	0	0	1	0	200	1	1	63	1	0
graph-id-parameter-wrapped-contains-target-42-zero	graph-id	graph-id-parameter-wrapped-contains	zero	graph-id-parameter-equals-and-wrapped-contains	parameters	properties	200	fixture-hive-10	fixture-hive-10	1	e942f277a2b44bd11b03bd9380dd5388338721030a1701c31ff2277dd8f8cd9a	success	0	147	805c8c7334c868e18e2be84be95b83cc60895722d739c2b164a68be4cd410c49	355664			cypher-graph-id-predicate	64	1	fixture-hive-10	1	0	0	1	0	1	1	1	63	1	0
graph-id-parameter-wrapped-contains-target-42-targeted	graph-id	graph-id-parameter-wrapped-contains	targeted	graph-id-parameter-equals-and-wrapped-contains	parameters	properties	200	fixture-hive-10	fixture-hive-10	1	e942f277a2b44bd11b03bd9380dd5388338721030a1701c31ff2277dd8f8cd9a	success	63	39077	2d20a012ee335ff72d99f67135e1ac36defbca676c07a298d3df15c7c1e33f7d	248744		fixture-hive-10	cypher-graph-id-predicate	64	1	fixture-hive-10	1	0	0	1	0	63	1	1	63	1	0
graph-id-parameter-wrapped-contains-target-42-dense	graph-id	graph-id-parameter-wrapped-contains	dense	graph-id-parameter-equals-and-wrapped-contains	parameters	properties	200	fixture-hive-10	fixture-hive-10	1	e942f277a2b44bd11b03bd9380dd5388338721030a1701c31ff2277dd8f8cd9a	success	200	93248	bd7a2cfc84011237aca413f8fd4b6ee9130043dc1530bc214cc965d935dc3d88	190656		fixture-hive-10	cypher-graph-id-predicate	64	1	fixture-hive-10	1	0	0	1	0	200	1	1	63	1	0
graph-id-parameter-wrapped-contains-target-43-zero	graph-id	graph-id-parameter-wrapped-contains	zero	graph-id-parameter-equals-and-wrapped-contains	parameters	properties	200	fixture-hive-11	fixture-hive-11	1	fc0779b8fe9d9937d1e4cb4a3dba1379fc83c9a81125f4350e46a986c8531889	success	0	147	805c8c7334c868e18e2be84be95b83cc60895722d739c2b164a68be4cd410c49	169887			cypher-graph-id-predicate	64	1	fixture-hive-11	1	0	0	1	0	1	1	1	63	1	0
graph-id-parameter-wrapped-contains-target-43-targeted	graph-id	graph-id-parameter-wrapped-contains	targeted	graph-id-parameter-equals-and-wrapped-contains	parameters	properties	200	fixture-hive-11	fixture-hive-11	1	fc0779b8fe9d9937d1e4cb4a3dba1379fc83c9a81125f4350e46a986c8531889	success	4	2743	a7aaae25732eb3fc39e7e9697120f6a4534e52262fb153e4201e51d7b31e4606	141724		fixture-hive-11	cypher-graph-id-predicate	64	1	fixture-hive-11	1	0	0	1	0	4	1	1	63	1	0
graph-id-parameter-wrapped-contains-target-43-dense	graph-id	graph-id-parameter-wrapped-contains	dense	graph-id-parameter-equals-and-wrapped-contains	parameters	properties	200	fixture-hive-11	fixture-hive-11	1	fc0779b8fe9d9937d1e4cb4a3dba1379fc83c9a81125f4350e46a986c8531889	success	200	94063	f5c81d8aabcfe449e1a20e1133f0ce5a6c25cde54cfb7e82531ff93f87b6f89e	208379		fixture-hive-11	cypher-graph-id-predicate	64	1	fixture-hive-11	1	0	0	1	0	200	1	1	63	1	0
graph-id-parameter-wrapped-contains-target-44-zero	graph-id	graph-id-parameter-wrapped-contains	zero	graph-id-parameter-equals-and-wrapped-contains	parameters	properties	200	fixture-hive-12	fixture-hive-12	1	b0c62bc41512e26a42d23ec1fd21c12eb0d433e252eed22e92d2246689f7489a	success	0	147	805c8c7334c868e18e2be84be95b83cc60895722d739c2b164a68be4cd410c49	169287			cypher-graph-id-predicate	64	1	fixture-hive-12	1	0	0	1	0	1	1	1	63	1	0
graph-id-parameter-wrapped-contains-target-44-targeted	graph-id	graph-id-parameter-wrapped-contains	targeted	graph-id-parameter-equals-and-wrapped-contains	parameters	properties	200	fixture-hive-12	fixture-hive-12	1	b0c62bc41512e26a42d23ec1fd21c12eb0d433e252eed22e92d2246689f7489a	success	4	2890	b8c7750587d3cb95373de074cba017cf14e5d85811bfc8cc2b49fa06615dc14f	146092		fixture-hive-12	cypher-graph-id-predicate	64	1	fixture-hive-12	1	0	0	1	0	4	1	1	63	1	0
graph-id-parameter-wrapped-contains-target-44-dense	graph-id	graph-id-parameter-wrapped-contains	dense	graph-id-parameter-equals-and-wrapped-contains	parameters	properties	200	fixture-hive-12	fixture-hive-12	1	b0c62bc41512e26a42d23ec1fd21c12eb0d433e252eed22e92d2246689f7489a	success	200	90517	901cb7ad5a7cef604f7264d87d81f85a7b3e521b0175839dd61f15fa140b58cf	1162981		fixture-hive-12	cypher-graph-id-predicate	64	1	fixture-hive-12	1	0	0	1	0	200	1	1	63	1	0
graph-id-parameter-wrapped-contains-target-45-zero	graph-id	graph-id-parameter-wrapped-contains	zero	graph-id-parameter-equals-and-wrapped-contains	parameters	properties	200	fixture-hive-13	fixture-hive-13	1	2f758a1599ac4d799ee27ae81f81bfe54bc6240d59e8f003bf5cd782742affd0	success	0	147	805c8c7334c868e18e2be84be95b83cc60895722d739c2b164a68be4cd410c49	144259			cypher-graph-id-predicate	64	1	fixture-hive-13	1	0	0	1	0	1	1	1	63	1	0
graph-id-parameter-wrapped-contains-target-45-targeted	graph-id	graph-id-parameter-wrapped-contains	targeted	graph-id-parameter-equals-and-wrapped-contains	parameters	properties	200	fixture-hive-13	fixture-hive-13	1	2f758a1599ac4d799ee27ae81f81bfe54bc6240d59e8f003bf5cd782742affd0	success	1	807	7a2ea6e6b7c61f333c01be975226570ddf428683fdf6c4eb419e09457718acf9	129382		fixture-hive-13	cypher-graph-id-predicate	64	1	fixture-hive-13	1	0	0	1	0	1	1	1	63	1	0
graph-id-parameter-wrapped-contains-target-45-dense	graph-id	graph-id-parameter-wrapped-contains	dense	graph-id-parameter-equals-and-wrapped-contains	parameters	properties	200	fixture-hive-13	fixture-hive-13	1	2f758a1599ac4d799ee27ae81f81bfe54bc6240d59e8f003bf5cd782742affd0	success	200	92534	8ce2fca3adf975e2913f1d7a0f91465f04ef5e5cdbaaa1f51ca68901be616480	252442		fixture-hive-13	cypher-graph-id-predicate	64	1	fixture-hive-13	1	0	0	1	0	200	1	1	63	1	0
graph-id-parameter-wrapped-contains-target-46-zero	graph-id	graph-id-parameter-wrapped-contains	zero	graph-id-parameter-equals-and-wrapped-contains	parameters	properties	200	fixture-hive-14	fixture-hive-14	1	960cf66cc8af0003002afe076d1f893b29b2a55fabfac7d5316eb3e3b9c46f67	success	0	147	805c8c7334c868e18e2be84be95b83cc60895722d739c2b164a68be4cd410c49	143568			cypher-graph-id-predicate	64	1	fixture-hive-14	1	0	0	1	0	1	1	1	63	1	0
graph-id-parameter-wrapped-contains-target-46-targeted	graph-id	graph-id-parameter-wrapped-contains	targeted	graph-id-parameter-equals-and-wrapped-contains	parameters	properties	200	fixture-hive-14	fixture-hive-14	1	960cf66cc8af0003002afe076d1f893b29b2a55fabfac7d5316eb3e3b9c46f67	success	45	27605	5de372ca8e19ec486456452fc7bd2d9f18c4d7b0beb5e238b24073911e1d2e3a	175768		fixture-hive-14	cypher-graph-id-predicate	64	1	fixture-hive-14	1	0	0	1	0	45	1	1	63	1	0
graph-id-parameter-wrapped-contains-target-46-dense	graph-id	graph-id-parameter-wrapped-contains	dense	graph-id-parameter-equals-and-wrapped-contains	parameters	properties	200	fixture-hive-14	fixture-hive-14	1	960cf66cc8af0003002afe076d1f893b29b2a55fabfac7d5316eb3e3b9c46f67	success	200	96641	3ad39c9167b00424c5957087068cab90d47268c9063b8d9e565113275edd98c8	237734		fixture-hive-14	cypher-graph-id-predicate	64	1	fixture-hive-14	1	0	0	1	0	200	1	1	63	1	0
graph-id-parameter-wrapped-contains-target-47-zero	graph-id	graph-id-parameter-wrapped-contains	zero	graph-id-parameter-equals-and-wrapped-contains	parameters	properties	200	fixture-hive-15	fixture-hive-15	1	d5c3f70f4e04fa9e3851b5ba956c39c64ff3bf4c48028255a069369d65d3e3dc	success	0	147	805c8c7334c868e18e2be84be95b83cc60895722d739c2b164a68be4cd410c49	242673			cypher-graph-id-predicate	64	1	fixture-hive-15	1	0	0	1	0	1	1	1	63	1	0
graph-id-parameter-wrapped-contains-target-47-targeted	graph-id	graph-id-parameter-wrapped-contains	targeted	graph-id-parameter-equals-and-wrapped-contains	parameters	properties	200	fixture-hive-15	fixture-hive-15	1	d5c3f70f4e04fa9e3851b5ba956c39c64ff3bf4c48028255a069369d65d3e3dc	success	66	40159	fcfc173325ae104971344d6daea93c8089a472f712f938cfbd16c519ba82c551	195726		fixture-hive-15	cypher-graph-id-predicate	64	1	fixture-hive-15	1	0	0	1	0	66	1	1	63	1	0
graph-id-parameter-wrapped-contains-target-47-dense	graph-id	graph-id-parameter-wrapped-contains	dense	graph-id-parameter-equals-and-wrapped-contains	parameters	properties	200	fixture-hive-15	fixture-hive-15	1	d5c3f70f4e04fa9e3851b5ba956c39c64ff3bf4c48028255a069369d65d3e3dc	success	200	97359	d162ad37d2e7b659e55cddb63b7d42e922fbd2396ae9679f7648226751bb7a13	261207		fixture-hive-15	cypher-graph-id-predicate	64	1	fixture-hive-15	1	0	0	1	0	200	1	1	63	1	0
graph-id-parameter-wrapped-contains-target-48-zero	graph-id	graph-id-parameter-wrapped-contains	zero	graph-id-parameter-equals-and-wrapped-contains	parameters	properties	200	fixture-kotlin-compiler-00	fixture-kotlin-compiler-00	1	e0590ddba3b9b9f8de79bee6771cc2f41482d9bcf2b6d495c533f4d523602a1c	success	0	147	805c8c7334c868e18e2be84be95b83cc60895722d739c2b164a68be4cd410c49	145181			cypher-graph-id-predicate	64	1	fixture-kotlin-compiler-00	1	0	0	1	0	1	1	1	63	1	0
graph-id-parameter-wrapped-contains-target-48-targeted	graph-id	graph-id-parameter-wrapped-contains	targeted	graph-id-parameter-equals-and-wrapped-contains	parameters	properties	200	fixture-kotlin-compiler-00	fixture-kotlin-compiler-00	1	e0590ddba3b9b9f8de79bee6771cc2f41482d9bcf2b6d495c533f4d523602a1c	success	10	6351	274597a5e0e535d6581734920f9ffbc39062a84a13ad9d85823a8f12df219dfd	157504		fixture-kotlin-compiler-00	cypher-graph-id-predicate	64	1	fixture-kotlin-compiler-00	1	0	0	1	0	10	1	1	63	1	0
graph-id-parameter-wrapped-contains-target-48-dense	graph-id	graph-id-parameter-wrapped-contains	dense	graph-id-parameter-equals-and-wrapped-contains	parameters	properties	200	fixture-kotlin-compiler-00	fixture-kotlin-compiler-00	1	e0590ddba3b9b9f8de79bee6771cc2f41482d9bcf2b6d495c533f4d523602a1c	success	200	97301	4abd067ea3c7496241f2623586a132809a81e33bd08c7645b717be3ee7ee2542	232715		fixture-kotlin-compiler-00	cypher-graph-id-predicate	64	1	fixture-kotlin-compiler-00	1	0	0	1	0	200	1	1	63	1	0
graph-id-parameter-wrapped-contains-target-49-zero	graph-id	graph-id-parameter-wrapped-contains	zero	graph-id-parameter-equals-and-wrapped-contains	parameters	properties	200	fixture-kotlin-compiler-01	fixture-kotlin-compiler-01	1	a2378f34cd746f343988852d75ea5d50b8bfe89e6cd965dacb19b742e3a8c966	success	0	147	805c8c7334c868e18e2be84be95b83cc60895722d739c2b164a68be4cd410c49	147475			cypher-graph-id-predicate	64	1	fixture-kotlin-compiler-01	1	0	0	1	0	1	1	1	63	1	0
graph-id-parameter-wrapped-contains-target-49-targeted	graph-id	graph-id-parameter-wrapped-contains	targeted	graph-id-parameter-equals-and-wrapped-contains	parameters	properties	200	fixture-kotlin-compiler-01	fixture-kotlin-compiler-01	1	a2378f34cd746f343988852d75ea5d50b8bfe89e6cd965dacb19b742e3a8c966	success	4	2598	d72c68d3fe0e8e0257e28136dfcba3f279a31d304b51dc9611dfa7b0f16169a8	131886		fixture-kotlin-compiler-01	cypher-graph-id-predicate	64	1	fixture-kotlin-compiler-01	1	0	0	1	0	4	1	1	63	1	0
graph-id-parameter-wrapped-contains-target-49-dense	graph-id	graph-id-parameter-wrapped-contains	dense	graph-id-parameter-equals-and-wrapped-contains	parameters	properties	200	fixture-kotlin-compiler-01	fixture-kotlin-compiler-01	1	a2378f34cd746f343988852d75ea5d50b8bfe89e6cd965dacb19b742e3a8c966	success	200	95854	6848b85ce01299f2ea05bcca3edaa8c69792c61113aeaea43a401f01793bb61d	237945		fixture-kotlin-compiler-01	cypher-graph-id-predicate	64	1	fixture-kotlin-compiler-01	1	0	0	1	0	200	1	1	63	1	0
graph-id-parameter-wrapped-contains-target-50-zero	graph-id	graph-id-parameter-wrapped-contains	zero	graph-id-parameter-equals-and-wrapped-contains	parameters	properties	200	fixture-kotlin-compiler-02	fixture-kotlin-compiler-02	1	b4996e09ff7c9fb90ce978374faa803d01485382a499402abfd9028048b79bf7	success	0	147	805c8c7334c868e18e2be84be95b83cc60895722d739c2b164a68be4cd410c49	124602			cypher-graph-id-predicate	64	1	fixture-kotlin-compiler-02	1	0	0	1	0	1	1	1	63	1	0
graph-id-parameter-wrapped-contains-target-50-targeted	graph-id	graph-id-parameter-wrapped-contains	targeted	graph-id-parameter-equals-and-wrapped-contains	parameters	properties	200	fixture-kotlin-compiler-02	fixture-kotlin-compiler-02	1	b4996e09ff7c9fb90ce978374faa803d01485382a499402abfd9028048b79bf7	success	1	791	85dd6bfd8cfa28628294c822275e5bb7a279ea8142c47ff362a55c060e68da37	123871		fixture-kotlin-compiler-02	cypher-graph-id-predicate	64	1	fixture-kotlin-compiler-02	1	0	0	1	0	1	1	1	63	1	0
graph-id-parameter-wrapped-contains-target-50-dense	graph-id	graph-id-parameter-wrapped-contains	dense	graph-id-parameter-equals-and-wrapped-contains	parameters	properties	200	fixture-kotlin-compiler-02	fixture-kotlin-compiler-02	1	b4996e09ff7c9fb90ce978374faa803d01485382a499402abfd9028048b79bf7	success	200	91564	fbf180fab82c32493738bb60bb29955d3f45810bb23806d614f71964200069bc	238686		fixture-kotlin-compiler-02	cypher-graph-id-predicate	64	1	fixture-kotlin-compiler-02	1	0	0	1	0	200	1	1	63	1	0
graph-id-parameter-wrapped-contains-target-51-zero	graph-id	graph-id-parameter-wrapped-contains	zero	graph-id-parameter-equals-and-wrapped-contains	parameters	properties	200	fixture-kotlin-compiler-03	fixture-kotlin-compiler-03	1	a2350bbcc2f1ba8738ae72b167e586240ce7149551e3fba11f7a358d11b7801e	success	0	147	805c8c7334c868e18e2be84be95b83cc60895722d739c2b164a68be4cd410c49	1323087			cypher-graph-id-predicate	64	1	fixture-kotlin-compiler-03	1	0	0	1	0	1	1	1	63	1	0
graph-id-parameter-wrapped-contains-target-51-targeted	graph-id	graph-id-parameter-wrapped-contains	targeted	graph-id-parameter-equals-and-wrapped-contains	parameters	properties	200	fixture-kotlin-compiler-03	fixture-kotlin-compiler-03	1	a2350bbcc2f1ba8738ae72b167e586240ce7149551e3fba11f7a358d11b7801e	success	1	798	64ae9673d519a121b865dc50f576291bddc3c4c81c474d10cfb9d0da1dce7c60	163505		fixture-kotlin-compiler-03	cypher-graph-id-predicate	64	1	fixture-kotlin-compiler-03	1	0	0	1	0	1	1	1	63	1	0
graph-id-parameter-wrapped-contains-target-51-dense	graph-id	graph-id-parameter-wrapped-contains	dense	graph-id-parameter-equals-and-wrapped-contains	parameters	properties	200	fixture-kotlin-compiler-03	fixture-kotlin-compiler-03	1	a2350bbcc2f1ba8738ae72b167e586240ce7149551e3fba11f7a358d11b7801e	success	200	94730	d508f1cb1d0c5646118a68e8a87c49c66a454661e438e3f033289c173598f51f	267740		fixture-kotlin-compiler-03	cypher-graph-id-predicate	64	1	fixture-kotlin-compiler-03	1	0	0	1	0	200	1	1	63	1	0
graph-id-parameter-wrapped-contains-target-52-zero	graph-id	graph-id-parameter-wrapped-contains	zero	graph-id-parameter-equals-and-wrapped-contains	parameters	properties	200	fixture-kotlin-compiler-04	fixture-kotlin-compiler-04	1	1835d0591826a821b1c4a8a0df21cd273c40697176c253109b1663d9e56d64a0	success	0	147	805c8c7334c868e18e2be84be95b83cc60895722d739c2b164a68be4cd410c49	125946			cypher-graph-id-predicate	64	1	fixture-kotlin-compiler-04	1	0	0	1	0	1	1	1	63	1	0
graph-id-parameter-wrapped-contains-target-52-targeted	graph-id	graph-id-parameter-wrapped-contains	targeted	graph-id-parameter-equals-and-wrapped-contains	parameters	properties	200	fixture-kotlin-compiler-04	fixture-kotlin-compiler-04	1	1835d0591826a821b1c4a8a0df21cd273c40697176c253109b1663d9e56d64a0	success	1	792	6691abe0a1f608719107bf4ffc3fa52632123ab77cb7c2c3c6536cd32de533b1	120064		fixture-kotlin-compiler-04	cypher-graph-id-predicate	64	1	fixture-kotlin-compiler-04	1	0	0	1	0	1	1	1	63	1	0
graph-id-parameter-wrapped-contains-target-52-dense	graph-id	graph-id-parameter-wrapped-contains	dense	graph-id-parameter-equals-and-wrapped-contains	parameters	properties	200	fixture-kotlin-compiler-04	fixture-kotlin-compiler-04	1	1835d0591826a821b1c4a8a0df21cd273c40697176c253109b1663d9e56d64a0	success	200	96891	db4b9bfadbbb61a039e76484090eda57349ec9585a7c795f46793352fb739e7c	240328		fixture-kotlin-compiler-04	cypher-graph-id-predicate	64	1	fixture-kotlin-compiler-04	1	0	0	1	0	200	1	1	63	1	0
graph-id-parameter-wrapped-contains-target-53-zero	graph-id	graph-id-parameter-wrapped-contains	zero	graph-id-parameter-equals-and-wrapped-contains	parameters	properties	200	fixture-kotlin-compiler-05	fixture-kotlin-compiler-05	1	65de36ec09041582c4ff4a57708f099a7d72d4907a327e47ae026767f5ff0db0	success	0	147	805c8c7334c868e18e2be84be95b83cc60895722d739c2b164a68be4cd410c49	164447			cypher-graph-id-predicate	64	1	fixture-kotlin-compiler-05	1	0	0	1	0	1	1	1	63	1	0
graph-id-parameter-wrapped-contains-target-53-targeted	graph-id	graph-id-parameter-wrapped-contains	targeted	graph-id-parameter-equals-and-wrapped-contains	parameters	properties	200	fixture-kotlin-compiler-05	fixture-kotlin-compiler-05	1	65de36ec09041582c4ff4a57708f099a7d72d4907a327e47ae026767f5ff0db0	success	6	3910	d987ccd9722d9cd5492fcbb62423f1a89bb41e05ea0e3fb44e7cc793b9656b12	111408		fixture-kotlin-compiler-05	cypher-graph-id-predicate	64	1	fixture-kotlin-compiler-05	1	0	0	1	0	6	1	1	63	1	0
graph-id-parameter-wrapped-contains-target-53-dense	graph-id	graph-id-parameter-wrapped-contains	dense	graph-id-parameter-equals-and-wrapped-contains	parameters	properties	200	fixture-kotlin-compiler-05	fixture-kotlin-compiler-05	1	65de36ec09041582c4ff4a57708f099a7d72d4907a327e47ae026767f5ff0db0	success	200	94720	c9e7b59e830a820a47234ca1fd54046d1c260db318e05adc24dc748ca7fe29c0	222225		fixture-kotlin-compiler-05	cypher-graph-id-predicate	64	1	fixture-kotlin-compiler-05	1	0	0	1	0	200	1	1	63	1	0
graph-id-parameter-wrapped-contains-target-54-zero	graph-id	graph-id-parameter-wrapped-contains	zero	graph-id-parameter-equals-and-wrapped-contains	parameters	properties	200	fixture-kotlin-compiler-06	fixture-kotlin-compiler-06	1	455e2dea20c33d78ad4888048700c76ead131cc5fff61b1b6745f3cf019d98c7	success	0	147	805c8c7334c868e18e2be84be95b83cc60895722d739c2b164a68be4cd410c49	135503			cypher-graph-id-predicate	64	1	fixture-kotlin-compiler-06	1	0	0	1	0	1	1	1	63	1	0
graph-id-parameter-wrapped-contains-target-54-targeted	graph-id	graph-id-parameter-wrapped-contains	targeted	graph-id-parameter-equals-and-wrapped-contains	parameters	properties	200	fixture-kotlin-compiler-06	fixture-kotlin-compiler-06	1	455e2dea20c33d78ad4888048700c76ead131cc5fff61b1b6745f3cf019d98c7	success	3	1869	5157205e66d4cebff8b628175c555fdb333564013eabc5f496e37f9a4ad2b606	108643		fixture-kotlin-compiler-06	cypher-graph-id-predicate	64	1	fixture-kotlin-compiler-06	1	0	0	1	0	3	1	1	63	1	0
graph-id-parameter-wrapped-contains-target-54-dense	graph-id	graph-id-parameter-wrapped-contains	dense	graph-id-parameter-equals-and-wrapped-contains	parameters	properties	200	fixture-kotlin-compiler-06	fixture-kotlin-compiler-06	1	455e2dea20c33d78ad4888048700c76ead131cc5fff61b1b6745f3cf019d98c7	success	200	92798	60b390f0b190e46f6fd1b4929641c7324c9142e0f18a85bc338e7b41ebe62db5	170728		fixture-kotlin-compiler-06	cypher-graph-id-predicate	64	1	fixture-kotlin-compiler-06	1	0	0	1	0	200	1	1	63	1	0
graph-id-parameter-wrapped-contains-target-55-zero	graph-id	graph-id-parameter-wrapped-contains	zero	graph-id-parameter-equals-and-wrapped-contains	parameters	properties	200	fixture-kotlin-compiler-07	fixture-kotlin-compiler-07	1	6c1c49dd5e3fe90a5fa68f9ab09606732d59b2cb006a42f463d6390d9a27f2a1	success	0	147	805c8c7334c868e18e2be84be95b83cc60895722d739c2b164a68be4cd410c49	105016			cypher-graph-id-predicate	64	1	fixture-kotlin-compiler-07	1	0	0	1	0	1	1	1	63	1	0
graph-id-parameter-wrapped-contains-target-55-targeted	graph-id	graph-id-parameter-wrapped-contains	targeted	graph-id-parameter-equals-and-wrapped-contains	parameters	properties	200	fixture-kotlin-compiler-07	fixture-kotlin-compiler-07	1	6c1c49dd5e3fe90a5fa68f9ab09606732d59b2cb006a42f463d6390d9a27f2a1	success	10	6054	f5c10be5db49f33f0b8307328bfb058b342da4d9241c33217038447620028ab5	120806		fixture-kotlin-compiler-07	cypher-graph-id-predicate	64	1	fixture-kotlin-compiler-07	1	0	0	1	0	10	1	1	63	1	0
graph-id-parameter-wrapped-contains-target-55-dense	graph-id	graph-id-parameter-wrapped-contains	dense	graph-id-parameter-equals-and-wrapped-contains	parameters	properties	200	fixture-kotlin-compiler-07	fixture-kotlin-compiler-07	1	6c1c49dd5e3fe90a5fa68f9ab09606732d59b2cb006a42f463d6390d9a27f2a1	success	200	96112	0f6d4800cdd86ccdf20aab2fe6bd2924f66d70c9fcca46057385e09ba151a798	183483		fixture-kotlin-compiler-07	cypher-graph-id-predicate	64	1	fixture-kotlin-compiler-07	1	0	0	1	0	200	1	1	63	1	0
graph-id-parameter-wrapped-contains-target-56-zero	graph-id	graph-id-parameter-wrapped-contains	zero	graph-id-parameter-equals-and-wrapped-contains	parameters	properties	200	fixture-kotlin-compiler-08	fixture-kotlin-compiler-08	1	37be466842d1f239df76fe55e92f6769fc0b2d6e47e43f0020c40a8ce8422cb0	success	0	147	805c8c7334c868e18e2be84be95b83cc60895722d739c2b164a68be4cd410c49	106730			cypher-graph-id-predicate	64	1	fixture-kotlin-compiler-08	1	0	0	1	0	1	1	1	63	1	0
graph-id-parameter-wrapped-contains-target-56-targeted	graph-id	graph-id-parameter-wrapped-contains	targeted	graph-id-parameter-equals-and-wrapped-contains	parameters	properties	200	fixture-kotlin-compiler-08	fixture-kotlin-compiler-08	1	37be466842d1f239df76fe55e92f6769fc0b2d6e47e43f0020c40a8ce8422cb0	success	1	802	7ebbe5301915ad5c39692b733c3f39851576d09270c89f830b9e80b342a866f6	113823		fixture-kotlin-compiler-08	cypher-graph-id-predicate	64	1	fixture-kotlin-compiler-08	1	0	0	1	0	1	1	1	63	1	0
graph-id-parameter-wrapped-contains-target-56-dense	graph-id	graph-id-parameter-wrapped-contains	dense	graph-id-parameter-equals-and-wrapped-contains	parameters	properties	200	fixture-kotlin-compiler-08	fixture-kotlin-compiler-08	1	37be466842d1f239df76fe55e92f6769fc0b2d6e47e43f0020c40a8ce8422cb0	success	200	93704	b778fc4edfb3c1031b90b2d3d121fd31958733afdc68d3f1cde538a17b738328	172011		fixture-kotlin-compiler-08	cypher-graph-id-predicate	64	1	fixture-kotlin-compiler-08	1	0	0	1	0	200	1	1	63	1	0
graph-id-parameter-wrapped-contains-target-57-zero	graph-id	graph-id-parameter-wrapped-contains	zero	graph-id-parameter-equals-and-wrapped-contains	parameters	properties	200	fixture-kotlin-compiler-09	fixture-kotlin-compiler-09	1	5bacb6648bba38e91cc033e69d42538b040b89f913b58ee2afebb53ba8d35c57	success	0	147	805c8c7334c868e18e2be84be95b83cc60895722d739c2b164a68be4cd410c49	109394			cypher-graph-id-predicate	64	1	fixture-kotlin-compiler-09	1	0	0	1	0	1	1	1	63	1	0
graph-id-parameter-wrapped-contains-target-57-targeted	graph-id	graph-id-parameter-wrapped-contains	targeted	graph-id-parameter-equals-and-wrapped-contains	parameters	properties	200	fixture-kotlin-compiler-09	fixture-kotlin-compiler-09	1	5bacb6648bba38e91cc033e69d42538b040b89f913b58ee2afebb53ba8d35c57	success	1	765	0812dc51126311be5cac082c5d39676905cd9a0811e6a08f17ec6343dc843471	103884		fixture-kotlin-compiler-09	cypher-graph-id-predicate	64	1	fixture-kotlin-compiler-09	1	0	0	1	0	1	1	1	63	1	0
graph-id-parameter-wrapped-contains-target-57-dense	graph-id	graph-id-parameter-wrapped-contains	dense	graph-id-parameter-equals-and-wrapped-contains	parameters	properties	200	fixture-kotlin-compiler-09	fixture-kotlin-compiler-09	1	5bacb6648bba38e91cc033e69d42538b040b89f913b58ee2afebb53ba8d35c57	success	200	99258	415f437224f091ed04a72fa493ee405ec437acfcfdf54dee50789c56e5356f10	193351		fixture-kotlin-compiler-09	cypher-graph-id-predicate	64	1	fixture-kotlin-compiler-09	1	0	0	1	0	200	1	1	63	1	0
graph-id-parameter-wrapped-contains-target-58-zero	graph-id	graph-id-parameter-wrapped-contains	zero	graph-id-parameter-equals-and-wrapped-contains	parameters	properties	200	fixture-kotlin-compiler-10	fixture-kotlin-compiler-10	1	634f1070c869c5f39ed7722d97b19c8976bc7fee623a8cfc705bcdd955e20759	success	0	147	805c8c7334c868e18e2be84be95b83cc60895722d739c2b164a68be4cd410c49	115235			cypher-graph-id-predicate	64	1	fixture-kotlin-compiler-10	1	0	0	1	0	1	1	1	63	1	0
graph-id-parameter-wrapped-contains-target-58-targeted	graph-id	graph-id-parameter-wrapped-contains	targeted	graph-id-parameter-equals-and-wrapped-contains	parameters	properties	200	fixture-kotlin-compiler-10	fixture-kotlin-compiler-10	1	634f1070c869c5f39ed7722d97b19c8976bc7fee623a8cfc705bcdd955e20759	success	12	7029	1df616dc12f8aa99df8ef1921ad6c878afdd2d37362d488527ffbb7ddbe7f6e3	115937		fixture-kotlin-compiler-10	cypher-graph-id-predicate	64	1	fixture-kotlin-compiler-10	1	0	0	1	0	12	1	1	63	1	0
graph-id-parameter-wrapped-contains-target-58-dense	graph-id	graph-id-parameter-wrapped-contains	dense	graph-id-parameter-equals-and-wrapped-contains	parameters	properties	200	fixture-kotlin-compiler-10	fixture-kotlin-compiler-10	1	634f1070c869c5f39ed7722d97b19c8976bc7fee623a8cfc705bcdd955e20759	success	200	94948	3f3fd3df372307937afdfd0915ce035266497833c5712760faf456eece659c97	176780		fixture-kotlin-compiler-10	cypher-graph-id-predicate	64	1	fixture-kotlin-compiler-10	1	0	0	1	0	200	1	1	63	1	0
graph-id-parameter-wrapped-contains-target-59-zero	graph-id	graph-id-parameter-wrapped-contains	zero	graph-id-parameter-equals-and-wrapped-contains	parameters	properties	200	fixture-kotlin-compiler-11	fixture-kotlin-compiler-11	1	9e1bbfe33d12ec072b828f417bb9dcdab26d7daecb14898f31eb2d73cdaff93c	success	0	147	805c8c7334c868e18e2be84be95b83cc60895722d739c2b164a68be4cd410c49	112049			cypher-graph-id-predicate	64	1	fixture-kotlin-compiler-11	1	0	0	1	0	1	1	1	63	1	0
graph-id-parameter-wrapped-contains-target-59-targeted	graph-id	graph-id-parameter-wrapped-contains	targeted	graph-id-parameter-equals-and-wrapped-contains	parameters	properties	200	fixture-kotlin-compiler-11	fixture-kotlin-compiler-11	1	9e1bbfe33d12ec072b828f417bb9dcdab26d7daecb14898f31eb2d73cdaff93c	success	11	6729	3d47749a3f582c73a2df58bf3f9b3beed9c001af5d9bd91af1d30abe76d3f524	116969		fixture-kotlin-compiler-11	cypher-graph-id-predicate	64	1	fixture-kotlin-compiler-11	1	0	0	1	0	11	1	1	63	1	0
graph-id-parameter-wrapped-contains-target-59-dense	graph-id	graph-id-parameter-wrapped-contains	dense	graph-id-parameter-equals-and-wrapped-contains	parameters	properties	200	fixture-kotlin-compiler-11	fixture-kotlin-compiler-11	1	9e1bbfe33d12ec072b828f417bb9dcdab26d7daecb14898f31eb2d73cdaff93c	success	200	89429	54106029dd8c0484e4d4612954bdb30eebd525f910018413d1ee09bf2ea5c8ac	206215		fixture-kotlin-compiler-11	cypher-graph-id-predicate	64	1	fixture-kotlin-compiler-11	1	0	0	1	0	200	1	1	63	1	0
graph-id-parameter-wrapped-contains-target-60-zero	graph-id	graph-id-parameter-wrapped-contains	zero	graph-id-parameter-equals-and-wrapped-contains	parameters	properties	200	fixture-kotlin-compiler-12	fixture-kotlin-compiler-12	1	45b0266366bbda196d2004ab993b070c325a01ec90b2c254cb7a89f0070e843a	success	0	147	805c8c7334c868e18e2be84be95b83cc60895722d739c2b164a68be4cd410c49	131926			cypher-graph-id-predicate	64	1	fixture-kotlin-compiler-12	1	0	0	1	0	1	1	1	63	1	0
graph-id-parameter-wrapped-contains-target-60-targeted	graph-id	graph-id-parameter-wrapped-contains	targeted	graph-id-parameter-equals-and-wrapped-contains	parameters	properties	200	fixture-kotlin-compiler-12	fixture-kotlin-compiler-12	1	45b0266366bbda196d2004ab993b070c325a01ec90b2c254cb7a89f0070e843a	success	13	7599	88379c6b80e2b23974c6b6a1e2c6fc3f3680ec705c71b7cecbc9a2228bf7fa26	121547		fixture-kotlin-compiler-12	cypher-graph-id-predicate	64	1	fixture-kotlin-compiler-12	1	0	0	1	0	13	1	1	63	1	0
graph-id-parameter-wrapped-contains-target-60-dense	graph-id	graph-id-parameter-wrapped-contains	dense	graph-id-parameter-equals-and-wrapped-contains	parameters	properties	200	fixture-kotlin-compiler-12	fixture-kotlin-compiler-12	1	45b0266366bbda196d2004ab993b070c325a01ec90b2c254cb7a89f0070e843a	success	200	94040	5d662b90e716477fff887768402c85462026d6042e22f1d7fafdb565b9f9efc8	189244		fixture-kotlin-compiler-12	cypher-graph-id-predicate	64	1	fixture-kotlin-compiler-12	1	0	0	1	0	200	1	1	63	1	0
graph-id-parameter-wrapped-contains-target-61-zero	graph-id	graph-id-parameter-wrapped-contains	zero	graph-id-parameter-equals-and-wrapped-contains	parameters	properties	200	fixture-kotlin-compiler-13	fixture-kotlin-compiler-13	1	aedca61396c53e1f40a6a8408974c2e44a02b0dd40978618ab51b02da9ecb430	success	0	147	805c8c7334c868e18e2be84be95b83cc60895722d739c2b164a68be4cd410c49	108533			cypher-graph-id-predicate	64	1	fixture-kotlin-compiler-13	1	0	0	1	0	1	1	1	63	1	0
graph-id-parameter-wrapped-contains-target-61-targeted	graph-id	graph-id-parameter-wrapped-contains	targeted	graph-id-parameter-equals-and-wrapped-contains	parameters	properties	200	fixture-kotlin-compiler-13	fixture-kotlin-compiler-13	1	aedca61396c53e1f40a6a8408974c2e44a02b0dd40978618ab51b02da9ecb430	success	8	5180	b6f5bd5828bd66e4f09f8198b509f3673986060cf32e2725dff13d9bcb4d6e9b	110496		fixture-kotlin-compiler-13	cypher-graph-id-predicate	64	1	fixture-kotlin-compiler-13	1	0	0	1	0	8	1	1	63	1	0
graph-id-parameter-wrapped-contains-target-61-dense	graph-id	graph-id-parameter-wrapped-contains	dense	graph-id-parameter-equals-and-wrapped-contains	parameters	properties	200	fixture-kotlin-compiler-13	fixture-kotlin-compiler-13	1	aedca61396c53e1f40a6a8408974c2e44a02b0dd40978618ab51b02da9ecb430	success	200	93638	00f9fdf9bf9dc94ccc0d67b35cb45c01a8e623cfaedfdb70da1cc1bfa69daf82	189524		fixture-kotlin-compiler-13	cypher-graph-id-predicate	64	1	fixture-kotlin-compiler-13	1	0	0	1	0	200	1	1	63	1	0
graph-id-parameter-wrapped-contains-target-62-zero	graph-id	graph-id-parameter-wrapped-contains	zero	graph-id-parameter-equals-and-wrapped-contains	parameters	properties	200	fixture-kotlin-compiler-14	fixture-kotlin-compiler-14	1	7f28ad9f946e8d01109ca70944e08883f52dd5c6cb287fa2d5fade1909b610b0	success	0	147	805c8c7334c868e18e2be84be95b83cc60895722d739c2b164a68be4cd410c49	113222			cypher-graph-id-predicate	64	1	fixture-kotlin-compiler-14	1	0	0	1	0	1	1	1	63	1	0
graph-id-parameter-wrapped-contains-target-62-targeted	graph-id	graph-id-parameter-wrapped-contains	targeted	graph-id-parameter-equals-and-wrapped-contains	parameters	properties	200	fixture-kotlin-compiler-14	fixture-kotlin-compiler-14	1	7f28ad9f946e8d01109ca70944e08883f52dd5c6cb287fa2d5fade1909b610b0	success	1	877	f04b3035acb1285487cb68f126c796fd316b35c6ce630f1e71efd88436bf28f2	115756		fixture-kotlin-compiler-14	cypher-graph-id-predicate	64	1	fixture-kotlin-compiler-14	1	0	0	1	0	1	1	1	63	1	0
graph-id-parameter-wrapped-contains-target-62-dense	graph-id	graph-id-parameter-wrapped-contains	dense	graph-id-parameter-equals-and-wrapped-contains	parameters	properties	200	fixture-kotlin-compiler-14	fixture-kotlin-compiler-14	1	7f28ad9f946e8d01109ca70944e08883f52dd5c6cb287fa2d5fade1909b610b0	success	200	97449	f19574ac46a01dafc16136d9e8c4835b8d40c72753078eb8a67a1d7d438dd937	251629		fixture-kotlin-compiler-14	cypher-graph-id-predicate	64	1	fixture-kotlin-compiler-14	1	0	0	1	0	200	1	1	63	1	0
graph-id-parameter-wrapped-contains-target-63-zero	graph-id	graph-id-parameter-wrapped-contains	zero	graph-id-parameter-equals-and-wrapped-contains	parameters	properties	200	fixture-kotlin-compiler-15	fixture-kotlin-compiler-15	1	86015e396789c5c1cf86d1df3b0b97987a7b461bfcfb129491f3d758793d1d65	success	0	147	805c8c7334c868e18e2be84be95b83cc60895722d739c2b164a68be4cd410c49	151263			cypher-graph-id-predicate	64	1	fixture-kotlin-compiler-15	1	0	0	1	0	1	1	1	63	1	0
graph-id-parameter-wrapped-contains-target-63-targeted	graph-id	graph-id-parameter-wrapped-contains	targeted	graph-id-parameter-equals-and-wrapped-contains	parameters	properties	200	fixture-kotlin-compiler-15	fixture-kotlin-compiler-15	1	86015e396789c5c1cf86d1df3b0b97987a7b461bfcfb129491f3d758793d1d65	success	1	778	1734729b6952d2a8eff267ca86b458aa4fd5e0c703c1fa60dd66478cd3c49356	117229		fixture-kotlin-compiler-15	cypher-graph-id-predicate	64	1	fixture-kotlin-compiler-15	1	0	0	1	0	1	1	1	63	1	0
graph-id-parameter-wrapped-contains-target-63-dense	graph-id	graph-id-parameter-wrapped-contains	dense	graph-id-parameter-equals-and-wrapped-contains	parameters	properties	200	fixture-kotlin-compiler-15	fixture-kotlin-compiler-15	1	86015e396789c5c1cf86d1df3b0b97987a7b461bfcfb129491f3d758793d1d65	success	200	91412	082721be4b0e9234c67505fe172c638dcb4ef8924db9c6264a191473dfc4e443	237584		fixture-kotlin-compiler-15	cypher-graph-id-predicate	64	1	fixture-kotlin-compiler-15	1	0	0	1	0	200	1	1	63	1	0
request-selected-source-wrapped-contains-target-00-zero	graph-parameter	request-selected-source-wrapped-contains	zero	request-graph-selection-and-wrapped-contains	request-selected-source	properties	200	fixture-android-00	fixture-android-00	1	47c5f2f8275ab2447995a1b45a36cd5b0b70e258e0f75934abd1f0cef5c2b93e	success	0	147	805c8c7334c868e18e2be84be95b83cc60895722d739c2b164a68be4cd410c49	222295			request-selected-source	1	1	fixture-android-00	1	0	0	1	0	1	0	0	0	1	0
request-selected-source-wrapped-contains-target-00-targeted	graph-parameter	request-selected-source-wrapped-contains	targeted	request-graph-selection-and-wrapped-contains	request-selected-source	properties	200	fixture-android-00	fixture-android-00	1	47c5f2f8275ab2447995a1b45a36cd5b0b70e258e0f75934abd1f0cef5c2b93e	success	10	5730	00c81103244dc6d42abdc3894d771e5a24957dcf7e5ad4d8dc686b1d7e0cb89e	185907		fixture-android-00	request-selected-source	1	1	fixture-android-00	1	0	0	1	0	10	0	0	0	1	0
request-selected-source-wrapped-contains-target-00-dense	graph-parameter	request-selected-source-wrapped-contains	dense	request-graph-selection-and-wrapped-contains	request-selected-source	properties	200	fixture-android-00	fixture-android-00	1	47c5f2f8275ab2447995a1b45a36cd5b0b70e258e0f75934abd1f0cef5c2b93e	success	200	84411	3bdee68309e62bee93f47848258ded90b1763d55841fa57d8b8fd21867653c44	200574		fixture-android-00	request-selected-source	1	1	fixture-android-00	1	0	0	1	0	200	0	0	0	1	0
request-selected-source-wrapped-contains-target-01-zero	graph-parameter	request-selected-source-wrapped-contains	zero	request-graph-selection-and-wrapped-contains	request-selected-source	properties	200	fixture-android-01	fixture-android-01	1	e4528616b87301f557512ab9d9e4e598561300f98d2e85100725c35158534ecc	success	0	147	805c8c7334c868e18e2be84be95b83cc60895722d739c2b164a68be4cd410c49	121117			request-selected-source	1	1	fixture-android-01	1	0	0	1	0	1	0	0	0	1	0
request-selected-source-wrapped-contains-target-01-targeted	graph-parameter	request-selected-source-wrapped-contains	targeted	request-graph-selection-and-wrapped-contains	request-selected-source	properties	200	fixture-android-01	fixture-android-01	1	e4528616b87301f557512ab9d9e4e598561300f98d2e85100725c35158534ecc	success	1	758	b33173a678013ac093c95f3fccc5cd5af96ea18082387e1fc872de4817e234b2	163373		fixture-android-01	request-selected-source	1	1	fixture-android-01	1	0	0	1	0	1	0	0	0	1	0
request-selected-source-wrapped-contains-target-01-dense	graph-parameter	request-selected-source-wrapped-contains	dense	request-graph-selection-and-wrapped-contains	request-selected-source	properties	200	fixture-android-01	fixture-android-01	1	e4528616b87301f557512ab9d9e4e598561300f98d2e85100725c35158534ecc	success	200	84093	d9daf98f04e06930dfeb91ddd4e8ae597b8f9154e54ac1018db6a25ea8ddd84f	224289		fixture-android-01	request-selected-source	1	1	fixture-android-01	1	0	0	1	0	200	0	0	0	1	0
request-selected-source-wrapped-contains-target-02-zero	graph-parameter	request-selected-source-wrapped-contains	zero	request-graph-selection-and-wrapped-contains	request-selected-source	properties	200	fixture-android-02	fixture-android-02	1	1a026780ab945a978bf2d821f0728dd8a679a4b4838c8a3b7703d006d3fae584	success	0	147	805c8c7334c868e18e2be84be95b83cc60895722d739c2b164a68be4cd410c49	129241			request-selected-source	1	1	fixture-android-02	1	0	0	1	0	1	0	0	0	1	0
request-selected-source-wrapped-contains-target-02-targeted	graph-parameter	request-selected-source-wrapped-contains	targeted	request-graph-selection-and-wrapped-contains	request-selected-source	properties	200	fixture-android-02	fixture-android-02	1	1a026780ab945a978bf2d821f0728dd8a679a4b4838c8a3b7703d006d3fae584	success	9	5751	0754b66fd035110585cc31e6af555127395a9cd85c413f0a859de6b596c3b70d	134461		fixture-android-02	request-selected-source	1	1	fixture-android-02	1	0	0	1	0	9	0	0	0	1	0
request-selected-source-wrapped-contains-target-02-dense	graph-parameter	request-selected-source-wrapped-contains	dense	request-graph-selection-and-wrapped-contains	request-selected-source	properties	200	fixture-android-02	fixture-android-02	1	1a026780ab945a978bf2d821f0728dd8a679a4b4838c8a3b7703d006d3fae584	success	200	86930	a289774d080329d12351d967c614eae9b16190b55970a757b1f268e21aee3975	180877		fixture-android-02	request-selected-source	1	1	fixture-android-02	1	0	0	1	0	200	0	0	0	1	0
request-selected-source-wrapped-contains-target-03-zero	graph-parameter	request-selected-source-wrapped-contains	zero	request-graph-selection-and-wrapped-contains	request-selected-source	properties	200	fixture-android-03	fixture-android-03	1	3a085dec137def84e2f0fd6c417ca6216ad5c22c415250ab8d225957a37eb876	success	0	147	805c8c7334c868e18e2be84be95b83cc60895722d739c2b164a68be4cd410c49	125764			request-selected-source	1	1	fixture-android-03	1	0	0	1	0	1	0	0	0	1	0
request-selected-source-wrapped-contains-target-03-targeted	graph-parameter	request-selected-source-wrapped-contains	targeted	request-graph-selection-and-wrapped-contains	request-selected-source	properties	200	fixture-android-03	fixture-android-03	1	3a085dec137def84e2f0fd6c417ca6216ad5c22c415250ab8d225957a37eb876	success	2	1333	77f2da9b0b5a99e6332b957b281149f5e269d152177e36aaa74e86db4bc23bf9	120836		fixture-android-03	request-selected-source	1	1	fixture-android-03	1	0	0	1	0	2	0	0	0	1	0
request-selected-source-wrapped-contains-target-03-dense	graph-parameter	request-selected-source-wrapped-contains	dense	request-graph-selection-and-wrapped-contains	request-selected-source	properties	200	fixture-android-03	fixture-android-03	1	3a085dec137def84e2f0fd6c417ca6216ad5c22c415250ab8d225957a37eb876	success	200	85151	08fbf5fde8e917175e0dca625983535621218120265897bdd0781fe99669b859	271827		fixture-android-03	request-selected-source	1	1	fixture-android-03	1	0	0	1	0	200	0	0	0	1	0
request-selected-source-wrapped-contains-target-04-zero	graph-parameter	request-selected-source-wrapped-contains	zero	request-graph-selection-and-wrapped-contains	request-selected-source	properties	200	fixture-android-04	fixture-android-04	1	72b2db3813782b7057457474cb692d1ab65cbced9ccd76e7a6348806a1a0fdd6	success	0	147	805c8c7334c868e18e2be84be95b83cc60895722d739c2b164a68be4cd410c49	120485			request-selected-source	1	1	fixture-android-04	1	0	0	1	0	1	0	0	0	1	0
request-selected-source-wrapped-contains-target-04-targeted	graph-parameter	request-selected-source-wrapped-contains	targeted	request-graph-selection-and-wrapped-contains	request-selected-source	properties	200	fixture-android-04	fixture-android-04	1	72b2db3813782b7057457474cb692d1ab65cbced9ccd76e7a6348806a1a0fdd6	success	9	5762	527d81de9e8ca9f5fe9ad0166e1e1711fbccaf3c53281e7e95375f6d55e3a3c7	124332		fixture-android-04	request-selected-source	1	1	fixture-android-04	1	0	0	1	0	9	0	0	0	1	0
request-selected-source-wrapped-contains-target-04-dense	graph-parameter	request-selected-source-wrapped-contains	dense	request-graph-selection-and-wrapped-contains	request-selected-source	properties	200	fixture-android-04	fixture-android-04	1	72b2db3813782b7057457474cb692d1ab65cbced9ccd76e7a6348806a1a0fdd6	success	200	86152	85d9bac3392391ae56f1f03af81d888f398336c8e33a1ef1e42c5409f746f730	489545		fixture-android-04	request-selected-source	1	1	fixture-android-04	1	0	0	1	0	200	0	0	0	1	0
request-selected-source-wrapped-contains-target-05-zero	graph-parameter	request-selected-source-wrapped-contains	zero	request-graph-selection-and-wrapped-contains	request-selected-source	properties	200	fixture-android-05	fixture-android-05	1	9ccc65db4edf2ad696714957f6291e11ba1a158b062c135b909367736aa1cb91	success	0	147	805c8c7334c868e18e2be84be95b83cc60895722d739c2b164a68be4cd410c49	152755			request-selected-source	1	1	fixture-android-05	1	0	0	1	0	1	0	0	0	1	0
request-selected-source-wrapped-contains-target-05-targeted	graph-parameter	request-selected-source-wrapped-contains	targeted	request-graph-selection-and-wrapped-contains	request-selected-source	properties	200	fixture-android-05	fixture-android-05	1	9ccc65db4edf2ad696714957f6291e11ba1a158b062c135b909367736aa1cb91	success	9	5751	48fbef6ae3373a73cfbd3690497aae4d0773c2f4ddadb5d217061398978bcac5	123160		fixture-android-05	request-selected-source	1	1	fixture-android-05	1	0	0	1	0	9	0	0	0	1	0
request-selected-source-wrapped-contains-target-05-dense	graph-parameter	request-selected-source-wrapped-contains	dense	request-graph-selection-and-wrapped-contains	request-selected-source	properties	200	fixture-android-05	fixture-android-05	1	9ccc65db4edf2ad696714957f6291e11ba1a158b062c135b909367736aa1cb91	success	200	90860	57ae61ccbdbf1e83a9ab8de2923c4ac26bcc634ed53a2f1c1a3ee3682afe8cd8	200244		fixture-android-05	request-selected-source	1	1	fixture-android-05	1	0	0	1	0	200	0	0	0	1	0
request-selected-source-wrapped-contains-target-06-zero	graph-parameter	request-selected-source-wrapped-contains	zero	request-graph-selection-and-wrapped-contains	request-selected-source	properties	200	fixture-android-06	fixture-android-06	1	aef2397f89755e0b59e944f9b6062fb5611eea3ea4b05762643e082168bd9526	success	0	147	805c8c7334c868e18e2be84be95b83cc60895722d739c2b164a68be4cd410c49	145041			request-selected-source	1	1	fixture-android-06	1	0	0	1	0	1	0	0	0	1	0
request-selected-source-wrapped-contains-target-06-targeted	graph-parameter	request-selected-source-wrapped-contains	targeted	request-graph-selection-and-wrapped-contains	request-selected-source	properties	200	fixture-android-06	fixture-android-06	1	aef2397f89755e0b59e944f9b6062fb5611eea3ea4b05762643e082168bd9526	success	1	734	2c8962bfda6df26238f145f32f089e1ccdb69cc26ea9c2fde590f543638ba060	117870		fixture-android-06	request-selected-source	1	1	fixture-android-06	1	0	0	1	0	1	0	0	0	1	0
request-selected-source-wrapped-contains-target-06-dense	graph-parameter	request-selected-source-wrapped-contains	dense	request-graph-selection-and-wrapped-contains	request-selected-source	properties	200	fixture-android-06	fixture-android-06	1	aef2397f89755e0b59e944f9b6062fb5611eea3ea4b05762643e082168bd9526	success	200	83941	f7f169fb4cd9a2408b058d9e03502907fe0d9372ba70f2f3749aeaffa464e292	190736		fixture-android-06	request-selected-source	1	1	fixture-android-06	1	0	0	1	0	200	0	0	0	1	0
request-selected-source-wrapped-contains-target-07-zero	graph-parameter	request-selected-source-wrapped-contains	zero	request-graph-selection-and-wrapped-contains	request-selected-source	properties	200	fixture-android-07	fixture-android-07	1	2884fe5070e6e70bd2c44e54af37c56e2cfd19343a8721d5b36093d7d1db0f7d	success	0	147	805c8c7334c868e18e2be84be95b83cc60895722d739c2b164a68be4cd410c49	115476			request-selected-source	1	1	fixture-android-07	1	0	0	1	0	1	0	0	0	1	0
request-selected-source-wrapped-contains-target-07-targeted	graph-parameter	request-selected-source-wrapped-contains	targeted	request-graph-selection-and-wrapped-contains	request-selected-source	properties	200	fixture-android-07	fixture-android-07	1	2884fe5070e6e70bd2c44e54af37c56e2cfd19343a8721d5b36093d7d1db0f7d	success	1	762	d5674d7adcd2d58f93c5f2849f690003bc45d523850181c23ceaa0aacd7e6709	118461		fixture-android-07	request-selected-source	1	1	fixture-android-07	1	0	0	1	0	1	0	0	0	1	0
request-selected-source-wrapped-contains-target-07-dense	graph-parameter	request-selected-source-wrapped-contains	dense	request-graph-selection-and-wrapped-contains	request-selected-source	properties	200	fixture-android-07	fixture-android-07	1	2884fe5070e6e70bd2c44e54af37c56e2cfd19343a8721d5b36093d7d1db0f7d	success	200	84999	35604ee2a3d19ee64c97fa99f4be154714c60028f948c7a23f75b925d4520a5d	193591		fixture-android-07	request-selected-source	1	1	fixture-android-07	1	0	0	1	0	200	0	0	0	1	0
request-selected-source-wrapped-contains-target-08-zero	graph-parameter	request-selected-source-wrapped-contains	zero	request-graph-selection-and-wrapped-contains	request-selected-source	properties	200	fixture-android-08	fixture-android-08	1	25fcd87fe0d089932a1b7f325e822252e3042b73178c7aa80e1c0d12bcef2e47	success	0	147	805c8c7334c868e18e2be84be95b83cc60895722d739c2b164a68be4cd410c49	126126			request-selected-source	1	1	fixture-android-08	1	0	0	1	0	1	0	0	0	1	0
request-selected-source-wrapped-contains-target-08-targeted	graph-parameter	request-selected-source-wrapped-contains	targeted	request-graph-selection-and-wrapped-contains	request-selected-source	properties	200	fixture-android-08	fixture-android-08	1	25fcd87fe0d089932a1b7f325e822252e3042b73178c7aa80e1c0d12bcef2e47	success	2	1322	4b49b28d836e57c2c3f8d43a93acd00a93b169fcd603338f9ab350f541e9665c	161722		fixture-android-08	request-selected-source	1	1	fixture-android-08	1	0	0	1	0	2	0	0	0	1	0
request-selected-source-wrapped-contains-target-08-dense	graph-parameter	request-selected-source-wrapped-contains	dense	request-graph-selection-and-wrapped-contains	request-selected-source	properties	200	fixture-android-08	fixture-android-08	1	25fcd87fe0d089932a1b7f325e822252e3042b73178c7aa80e1c0d12bcef2e47	success	200	85531	ed34441ff634f19c276911a1fa193106a9070fde1065b57fc7ec71132b8d5f66	232143		fixture-android-08	request-selected-source	1	1	fixture-android-08	1	0	0	1	0	200	0	0	0	1	0
request-selected-source-wrapped-contains-target-09-zero	graph-parameter	request-selected-source-wrapped-contains	zero	request-graph-selection-and-wrapped-contains	request-selected-source	properties	200	fixture-android-09	fixture-android-09	1	976770abc561e74e52c74c7f3b827fe70800ef502defdde9a4fa534aa511bd33	success	0	147	805c8c7334c868e18e2be84be95b83cc60895722d739c2b164a68be4cd410c49	157664			request-selected-source	1	1	fixture-android-09	1	0	0	1	0	1	0	0	0	1	0
request-selected-source-wrapped-contains-target-09-targeted	graph-parameter	request-selected-source-wrapped-contains	targeted	request-graph-selection-and-wrapped-contains	request-selected-source	properties	200	fixture-android-09	fixture-android-09	1	976770abc561e74e52c74c7f3b827fe70800ef502defdde9a4fa534aa511bd33	success	1	758	cd83129b7654f9c1ac40c94032a03833f5b559e4d6d903ce58c899d274674334	143258		fixture-android-09	request-selected-source	1	1	fixture-android-09	1	0	0	1	0	1	0	0	0	1	0
request-selected-source-wrapped-contains-target-09-dense	graph-parameter	request-selected-source-wrapped-contains	dense	request-graph-selection-and-wrapped-contains	request-selected-source	properties	200	fixture-android-09	fixture-android-09	1	976770abc561e74e52c74c7f3b827fe70800ef502defdde9a4fa534aa511bd33	success	200	84710	8302a9dc08d5cf465b56333dad5757a62c24d743692acbdbf8e81919ebd097a0	232715		fixture-android-09	request-selected-source	1	1	fixture-android-09	1	0	0	1	0	200	0	0	0	1	0
request-selected-source-wrapped-contains-target-10-zero	graph-parameter	request-selected-source-wrapped-contains	zero	request-graph-selection-and-wrapped-contains	request-selected-source	properties	200	fixture-android-10	fixture-android-10	1	b80280988a4b3197bdd2348d3550b46e5d99e01f6e4a1abcb8668612b4a7bcf1	success	0	147	805c8c7334c868e18e2be84be95b83cc60895722d739c2b164a68be4cd410c49	181389			request-selected-source	1	1	fixture-android-10	1	0	0	1	0	1	0	0	0	1	0
request-selected-source-wrapped-contains-target-10-targeted	graph-parameter	request-selected-source-wrapped-contains	targeted	request-graph-selection-and-wrapped-contains	request-selected-source	properties	200	fixture-android-10	fixture-android-10	1	b80280988a4b3197bdd2348d3550b46e5d99e01f6e4a1abcb8668612b4a7bcf1	success	1	821	f3f4d5fb39ff9fde7dcf6d88e4f52bcc4c277ed98626ccca0b17c4ddbb20b035	146554		fixture-android-10	request-selected-source	1	1	fixture-android-10	1	0	0	1	0	1	0	0	0	1	0
request-selected-source-wrapped-contains-target-10-dense	graph-parameter	request-selected-source-wrapped-contains	dense	request-graph-selection-and-wrapped-contains	request-selected-source	properties	200	fixture-android-10	fixture-android-10	1	b80280988a4b3197bdd2348d3550b46e5d99e01f6e4a1abcb8668612b4a7bcf1	success	200	86914	eec30bd784e53b80ccd384559e9d1f853b8152ad8db90ad1f27d391bf03fc0d8	231642		fixture-android-10	request-selected-source	1	1	fixture-android-10	1	0	0	1	0	200	0	0	0	1	0
request-selected-source-wrapped-contains-target-11-zero	graph-parameter	request-selected-source-wrapped-contains	zero	request-graph-selection-and-wrapped-contains	request-selected-source	properties	200	fixture-android-11	fixture-android-11	1	ff7c9f064acf1b8f0c7104242efebdb73dfcc6db0739150c3d56bcc4ebbfb47f	success	0	147	805c8c7334c868e18e2be84be95b83cc60895722d739c2b164a68be4cd410c49	137547			request-selected-source	1	1	fixture-android-11	1	0	0	1	0	1	0	0	0	1	0
request-selected-source-wrapped-contains-target-11-targeted	graph-parameter	request-selected-source-wrapped-contains	targeted	request-graph-selection-and-wrapped-contains	request-selected-source	properties	200	fixture-android-11	fixture-android-11	1	ff7c9f064acf1b8f0c7104242efebdb73dfcc6db0739150c3d56bcc4ebbfb47f	success	1	758	f8ea31527e372a7d8e0f896bc894b97d788067aa20d0af371a4239382f72a4d1	142504		fixture-android-11	request-selected-source	1	1	fixture-android-11	1	0	0	1	0	1	0	0	0	1	0
request-selected-source-wrapped-contains-target-11-dense	graph-parameter	request-selected-source-wrapped-contains	dense	request-graph-selection-and-wrapped-contains	request-selected-source	properties	200	fixture-android-11	fixture-android-11	1	ff7c9f064acf1b8f0c7104242efebdb73dfcc6db0739150c3d56bcc4ebbfb47f	success	200	84862	36598e3ab73085dce50e849dda8b6a32b1088eab3f02f052e9536f16613b5d4b	215492		fixture-android-11	request-selected-source	1	1	fixture-android-11	1	0	0	1	0	200	0	0	0	1	0
request-selected-source-wrapped-contains-target-12-zero	graph-parameter	request-selected-source-wrapped-contains	zero	request-graph-selection-and-wrapped-contains	request-selected-source	properties	200	fixture-android-12	fixture-android-12	1	fbfd92bdb617f8eef3c84ce77e1116d4f0d1116a40b9fc543770c1a430e829ec	success	0	147	805c8c7334c868e18e2be84be95b83cc60895722d739c2b164a68be4cd410c49	147816			request-selected-source	1	1	fixture-android-12	1	0	0	1	0	1	0	0	0	1	0
request-selected-source-wrapped-contains-target-12-targeted	graph-parameter	request-selected-source-wrapped-contains	targeted	request-graph-selection-and-wrapped-contains	request-selected-source	properties	200	fixture-android-12	fixture-android-12	1	fbfd92bdb617f8eef3c84ce77e1116d4f0d1116a40b9fc543770c1a430e829ec	success	2	1348	569ba2c2d8626f5c6804b713aa9f9bd5155648246e0bb082ab37cf407a3ccee9	153938		fixture-android-12	request-selected-source	1	1	fixture-android-12	1	0	0	1	0	2	0	0	0	1	0
request-selected-source-wrapped-contains-target-12-dense	graph-parameter	request-selected-source-wrapped-contains	dense	request-graph-selection-and-wrapped-contains	request-selected-source	properties	200	fixture-android-12	fixture-android-12	1	fbfd92bdb617f8eef3c84ce77e1116d4f0d1116a40b9fc543770c1a430e829ec	success	200	85894	f22afa8ccaad259750ce50e850502822308b2565f707f284de32cd44d5ef328a	225121		fixture-android-12	request-selected-source	1	1	fixture-android-12	1	0	0	1	0	200	0	0	0	1	0
request-selected-source-wrapped-contains-target-13-zero	graph-parameter	request-selected-source-wrapped-contains	zero	request-graph-selection-and-wrapped-contains	request-selected-source	properties	200	fixture-android-13	fixture-android-13	1	99b23d6e37ddba640f96acd0d7b903185c9b38cc0e6df93374f9fe569bbc4c38	success	0	147	805c8c7334c868e18e2be84be95b83cc60895722d739c2b164a68be4cd410c49	127478			request-selected-source	1	1	fixture-android-13	1	0	0	1	0	1	0	0	0	1	0
request-selected-source-wrapped-contains-target-13-targeted	graph-parameter	request-selected-source-wrapped-contains	targeted	request-graph-selection-and-wrapped-contains	request-selected-source	properties	200	fixture-android-13	fixture-android-13	1	99b23d6e37ddba640f96acd0d7b903185c9b38cc0e6df93374f9fe569bbc4c38	success	5	2824	ebb699b5b0554cc639408add00ca9d9aae37f3553c5e6ea606cb7e66e171933f	121847		fixture-android-13	request-selected-source	1	1	fixture-android-13	1	0	0	1	0	5	0	0	0	1	0
request-selected-source-wrapped-contains-target-13-dense	graph-parameter	request-selected-source-wrapped-contains	dense	request-graph-selection-and-wrapped-contains	request-selected-source	properties	200	fixture-android-13	fixture-android-13	1	99b23d6e37ddba640f96acd0d7b903185c9b38cc0e6df93374f9fe569bbc4c38	success	200	86344	2e714969993f2a86ba5c715dc52b2c7d6dbaed9b2320da2399ecdf29ec9f1e4e	186949		fixture-android-13	request-selected-source	1	1	fixture-android-13	1	0	0	1	0	200	0	0	0	1	0
request-selected-source-wrapped-contains-target-14-zero	graph-parameter	request-selected-source-wrapped-contains	zero	request-graph-selection-and-wrapped-contains	request-selected-source	properties	200	fixture-android-14	fixture-android-14	1	caf42d54ef3437f216c963929327ed5ef3f52ce080fa2be4c3305c2370617ab1	success	0	147	805c8c7334c868e18e2be84be95b83cc60895722d739c2b164a68be4cd410c49	113341			request-selected-source	1	1	fixture-android-14	1	0	0	1	0	1	0	0	0	1	0
request-selected-source-wrapped-contains-target-14-targeted	graph-parameter	request-selected-source-wrapped-contains	targeted	request-graph-selection-and-wrapped-contains	request-selected-source	properties	200	fixture-android-14	fixture-android-14	1	caf42d54ef3437f216c963929327ed5ef3f52ce080fa2be4c3305c2370617ab1	success	3	1887	cfce92c06f8a0a93444f0ec3592aad57c255799cc7a1286e673f5c8cc3173d20	103483		fixture-android-14	request-selected-source	1	1	fixture-android-14	1	0	0	1	0	3	0	0	0	1	0
request-selected-source-wrapped-contains-target-14-dense	graph-parameter	request-selected-source-wrapped-contains	dense	request-graph-selection-and-wrapped-contains	request-selected-source	properties	200	fixture-android-14	fixture-android-14	1	caf42d54ef3437f216c963929327ed5ef3f52ce080fa2be4c3305c2370617ab1	success	200	88102	f384f54b9e0494c603dd9e83eb2ca0ad0386a359a2e1d6a356e225c072977e41	190165		fixture-android-14	request-selected-source	1	1	fixture-android-14	1	0	0	1	0	200	0	0	0	1	0
request-selected-source-wrapped-contains-target-15-zero	graph-parameter	request-selected-source-wrapped-contains	zero	request-graph-selection-and-wrapped-contains	request-selected-source	properties	200	fixture-android-15	fixture-android-15	1	396286291622042417a1e42f88e1a07f9e973d88a4b45b59c7408d3e8fe8e4cd	success	0	147	805c8c7334c868e18e2be84be95b83cc60895722d739c2b164a68be4cd410c49	109054			request-selected-source	1	1	fixture-android-15	1	0	0	1	0	1	0	0	0	1	0
request-selected-source-wrapped-contains-target-15-targeted	graph-parameter	request-selected-source-wrapped-contains	targeted	request-graph-selection-and-wrapped-contains	request-selected-source	properties	200	fixture-android-15	fixture-android-15	1	396286291622042417a1e42f88e1a07f9e973d88a4b45b59c7408d3e8fe8e4cd	success	1	765	ae20f86c5a0d43140079bdbb52041ad145178823d6189b8171bbe58dc0d82dcc	129472		fixture-android-15	request-selected-source	1	1	fixture-android-15	1	0	0	1	0	1	0	0	0	1	0
request-selected-source-wrapped-contains-target-15-dense	graph-parameter	request-selected-source-wrapped-contains	dense	request-graph-selection-and-wrapped-contains	request-selected-source	properties	200	fixture-android-15	fixture-android-15	1	396286291622042417a1e42f88e1a07f9e973d88a4b45b59c7408d3e8fe8e4cd	success	200	82358	6db1e45464dd1e42fc627a3ee68393b586d132e4817f87f1da72cb180e7925bb	205744		fixture-android-15	request-selected-source	1	1	fixture-android-15	1	0	0	1	0	200	0	0	0	1	0
request-selected-source-wrapped-contains-target-16-zero	graph-parameter	request-selected-source-wrapped-contains	zero	request-graph-selection-and-wrapped-contains	request-selected-source	properties	200	fixture-tika-00	fixture-tika-00	1	3ffa856892be3e0263f2c72254cefdb4bafce48e10eea2a8426b6af88f144658	success	0	147	805c8c7334c868e18e2be84be95b83cc60895722d739c2b164a68be4cd410c49	171189			request-selected-source	1	1	fixture-tika-00	1	0	0	1	0	1	0	0	0	1	0
request-selected-source-wrapped-contains-target-16-targeted	graph-parameter	request-selected-source-wrapped-contains	targeted	request-graph-selection-and-wrapped-contains	request-selected-source	properties	200	fixture-tika-00	fixture-tika-00	1	3ffa856892be3e0263f2c72254cefdb4bafce48e10eea2a8426b6af88f144658	success	1	771	41ad9b5110585bc89df35b9d0a0c6bd66daaf6c239b4212552d078b2f2a28c34	138388		fixture-tika-00	request-selected-source	1	1	fixture-tika-00	1	0	0	1	0	1	0	0	0	1	0
request-selected-source-wrapped-contains-target-16-dense	graph-parameter	request-selected-source-wrapped-contains	dense	request-graph-selection-and-wrapped-contains	request-selected-source	properties	200	fixture-tika-00	fixture-tika-00	1	3ffa856892be3e0263f2c72254cefdb4bafce48e10eea2a8426b6af88f144658	success	200	94237	51b180cd96740a311cc61165baa84cc05517b2f28ac6c70debc25f8e14514414	188061		fixture-tika-00	request-selected-source	1	1	fixture-tika-00	1	0	0	1	0	200	0	0	0	1	0
request-selected-source-wrapped-contains-target-17-zero	graph-parameter	request-selected-source-wrapped-contains	zero	request-graph-selection-and-wrapped-contains	request-selected-source	properties	200	fixture-tika-01	fixture-tika-01	1	5bd11253ba6bcbac28c2d0805dbd50585f63593fbbabbc299bce9c8b5e4238f0	success	0	147	805c8c7334c868e18e2be84be95b83cc60895722d739c2b164a68be4cd410c49	127448			request-selected-source	1	1	fixture-tika-01	1	0	0	1	0	1	0	0	0	1	0
request-selected-source-wrapped-contains-target-17-targeted	graph-parameter	request-selected-source-wrapped-contains	targeted	request-graph-selection-and-wrapped-contains	request-selected-source	properties	200	fixture-tika-01	fixture-tika-01	1	5bd11253ba6bcbac28c2d0805dbd50585f63593fbbabbc299bce9c8b5e4238f0	success	5	2976	7d286938fe2f40cd4cb86cd26be11c3221bfff86202fa9b705bdc1c77967743f	103012		fixture-tika-01	request-selected-source	1	1	fixture-tika-01	1	0	0	1	0	5	0	0	0	1	0
request-selected-source-wrapped-contains-target-17-dense	graph-parameter	request-selected-source-wrapped-contains	dense	request-graph-selection-and-wrapped-contains	request-selected-source	properties	200	fixture-tika-01	fixture-tika-01	1	5bd11253ba6bcbac28c2d0805dbd50585f63593fbbabbc299bce9c8b5e4238f0	success	200	92381	87c915d88746be4a40b85e67e7de71966365a455358cc138185e5c1f5bcf1251	160790		fixture-tika-01	request-selected-source	1	1	fixture-tika-01	1	0	0	1	0	200	0	0	0	1	0
request-selected-source-wrapped-contains-target-18-zero	graph-parameter	request-selected-source-wrapped-contains	zero	request-graph-selection-and-wrapped-contains	request-selected-source	properties	200	fixture-tika-02	fixture-tika-02	1	4f53553340fcd09378fe28c9d287d1bd3c78d0e5004534ad87493f082178a0db	success	0	147	805c8c7334c868e18e2be84be95b83cc60895722d739c2b164a68be4cd410c49	128290			request-selected-source	1	1	fixture-tika-02	1	0	0	1	0	1	0	0	0	1	0
request-selected-source-wrapped-contains-target-18-targeted	graph-parameter	request-selected-source-wrapped-contains	targeted	request-graph-selection-and-wrapped-contains	request-selected-source	properties	200	fixture-tika-02	fixture-tika-02	1	4f53553340fcd09378fe28c9d287d1bd3c78d0e5004534ad87493f082178a0db	success	12	6781	abf0682228739bdef1eb0d4b5b1449d7697f9412e644bd07a974f6e04213652e	103223		fixture-tika-02	request-selected-source	1	1	fixture-tika-02	1	0	0	1	0	12	0	0	0	1	0
request-selected-source-wrapped-contains-target-18-dense	graph-parameter	request-selected-source-wrapped-contains	dense	request-graph-selection-and-wrapped-contains	request-selected-source	properties	200	fixture-tika-02	fixture-tika-02	1	4f53553340fcd09378fe28c9d287d1bd3c78d0e5004534ad87493f082178a0db	success	200	95198	7d65fbc43e0cf8a1d4323c709e6963c32bdea3f389f5b683f619eee1fd79dc90	188622		fixture-tika-02	request-selected-source	1	1	fixture-tika-02	1	0	0	1	0	200	0	0	0	1	0
request-selected-source-wrapped-contains-target-19-zero	graph-parameter	request-selected-source-wrapped-contains	zero	request-graph-selection-and-wrapped-contains	request-selected-source	properties	200	fixture-tika-03	fixture-tika-03	1	e68986e5919884640710cc61d8f44310a6d888f55992390edbcc7ae70b8b8fa8	success	0	147	805c8c7334c868e18e2be84be95b83cc60895722d739c2b164a68be4cd410c49	99576			request-selected-source	1	1	fixture-tika-03	1	0	0	1	0	1	0	0	0	1	0
request-selected-source-wrapped-contains-target-19-targeted	graph-parameter	request-selected-source-wrapped-contains	targeted	request-graph-selection-and-wrapped-contains	request-selected-source	properties	200	fixture-tika-03	fixture-tika-03	1	e68986e5919884640710cc61d8f44310a6d888f55992390edbcc7ae70b8b8fa8	success	11	6327	72232d5a8299b69c619beb4cebd0967a4ca8f1378844d7914f795f7c5126cc48	130444		fixture-tika-03	request-selected-source	1	1	fixture-tika-03	1	0	0	1	0	11	0	0	0	1	0
request-selected-source-wrapped-contains-target-19-dense	graph-parameter	request-selected-source-wrapped-contains	dense	request-graph-selection-and-wrapped-contains	request-selected-source	properties	200	fixture-tika-03	fixture-tika-03	1	e68986e5919884640710cc61d8f44310a6d888f55992390edbcc7ae70b8b8fa8	success	200	96673	6ab8193cda24a8f589b0e7412ffcc3549afc3180a092c899437bb3ef2f8324ef	164708		fixture-tika-03	request-selected-source	1	1	fixture-tika-03	1	0	0	1	0	200	0	0	0	1	0
request-selected-source-wrapped-contains-target-20-zero	graph-parameter	request-selected-source-wrapped-contains	zero	request-graph-selection-and-wrapped-contains	request-selected-source	properties	200	fixture-tika-04	fixture-tika-04	1	2d9d29e96c28d6df21e1933cc2da3a076217ec4c30461070c5e997e04aa952cb	success	0	147	805c8c7334c868e18e2be84be95b83cc60895722d739c2b164a68be4cd410c49	96981			request-selected-source	1	1	fixture-tika-04	1	0	0	1	0	1	0	0	0	1	0
request-selected-source-wrapped-contains-target-20-targeted	graph-parameter	request-selected-source-wrapped-contains	targeted	request-graph-selection-and-wrapped-contains	request-selected-source	properties	200	fixture-tika-04	fixture-tika-04	1	2d9d29e96c28d6df21e1933cc2da3a076217ec4c30461070c5e997e04aa952cb	success	1	763	7811e1c0f64fb9174b112349d7a5f89fec8a71f59a6b66db3b1e97241f5dc93c	102702		fixture-tika-04	request-selected-source	1	1	fixture-tika-04	1	0	0	1	0	1	0	0	0	1	0
request-selected-source-wrapped-contains-target-20-dense	graph-parameter	request-selected-source-wrapped-contains	dense	request-graph-selection-and-wrapped-contains	request-selected-source	properties	200	fixture-tika-04	fixture-tika-04	1	2d9d29e96c28d6df21e1933cc2da3a076217ec4c30461070c5e997e04aa952cb	success	200	91604	a93cd6116bda146e01916f4ab7d54aa664da5b5c2287de109c82d6c48fcd38f8	290823		fixture-tika-04	request-selected-source	1	1	fixture-tika-04	1	0	0	1	0	200	0	0	0	1	0
request-selected-source-wrapped-contains-target-21-zero	graph-parameter	request-selected-source-wrapped-contains	zero	request-graph-selection-and-wrapped-contains	request-selected-source	properties	200	fixture-tika-05	fixture-tika-05	1	a70ca503c8d7edc9fd5b26430e9c4bd9517cfcf9084469733cfeff8a4fef63f8	success	0	147	805c8c7334c868e18e2be84be95b83cc60895722d739c2b164a68be4cd410c49	155050			request-selected-source	1	1	fixture-tika-05	1	0	0	1	0	1	0	0	0	1	0
request-selected-source-wrapped-contains-target-21-targeted	graph-parameter	request-selected-source-wrapped-contains	targeted	request-graph-selection-and-wrapped-contains	request-selected-source	properties	200	fixture-tika-05	fixture-tika-05	1	a70ca503c8d7edc9fd5b26430e9c4bd9517cfcf9084469733cfeff8a4fef63f8	success	1	765	1cf450577b12b3b6a7c19f53479709a92a169add0c4f9defecbc55254bf8d5b3	141715		fixture-tika-05	request-selected-source	1	1	fixture-tika-05	1	0	0	1	0	1	0	0	0	1	0
request-selected-source-wrapped-contains-target-21-dense	graph-parameter	request-selected-source-wrapped-contains	dense	request-graph-selection-and-wrapped-contains	request-selected-source	properties	200	fixture-tika-05	fixture-tika-05	1	a70ca503c8d7edc9fd5b26430e9c4bd9517cfcf9084469733cfeff8a4fef63f8	success	200	96334	eb6b03599a26f520b43896ee6af6cb6d2a3ec0783b66a0bcb29642b029a4b6eb	239978		fixture-tika-05	request-selected-source	1	1	fixture-tika-05	1	0	0	1	0	200	0	0	0	1	0
request-selected-source-wrapped-contains-target-22-zero	graph-parameter	request-selected-source-wrapped-contains	zero	request-graph-selection-and-wrapped-contains	request-selected-source	properties	200	fixture-tika-06	fixture-tika-06	1	629a75c155a37bcac72d6d131b20156694ded2e8aa1abe1c7f03ac03374020b7	success	0	147	805c8c7334c868e18e2be84be95b83cc60895722d739c2b164a68be4cd410c49	92993			request-selected-source	1	1	fixture-tika-06	1	0	0	1	0	1	0	0	0	1	0
request-selected-source-wrapped-contains-target-22-targeted	graph-parameter	request-selected-source-wrapped-contains	targeted	request-graph-selection-and-wrapped-contains	request-selected-source	properties	200	fixture-tika-06	fixture-tika-06	1	629a75c155a37bcac72d6d131b20156694ded2e8aa1abe1c7f03ac03374020b7	success	11	6331	43d88524d9da26840d520d8260a6801a2d864c2023e9806c3df4a5e673a5fd66	102591		fixture-tika-06	request-selected-source	1	1	fixture-tika-06	1	0	0	1	0	11	0	0	0	1	0
request-selected-source-wrapped-contains-target-22-dense	graph-parameter	request-selected-source-wrapped-contains	dense	request-graph-selection-and-wrapped-contains	request-selected-source	properties	200	fixture-tika-06	fixture-tika-06	1	629a75c155a37bcac72d6d131b20156694ded2e8aa1abe1c7f03ac03374020b7	success	200	98397	b1cc908cf8cd6a2354b320afca9ad225990c59be93a53ddc3912afb3b0d46d7b	230961		fixture-tika-06	request-selected-source	1	1	fixture-tika-06	1	0	0	1	0	200	0	0	0	1	0
request-selected-source-wrapped-contains-target-23-zero	graph-parameter	request-selected-source-wrapped-contains	zero	request-graph-selection-and-wrapped-contains	request-selected-source	properties	200	fixture-tika-07	fixture-tika-07	1	1f60bc193af0a0c32ae2bc0a840b7da98c896a5343d2d4a4871500ea55b0d8a0	success	0	147	805c8c7334c868e18e2be84be95b83cc60895722d739c2b164a68be4cd410c49	96611			request-selected-source	1	1	fixture-tika-07	1	0	0	1	0	1	0	0	0	1	0
request-selected-source-wrapped-contains-target-23-targeted	graph-parameter	request-selected-source-wrapped-contains	targeted	request-graph-selection-and-wrapped-contains	request-selected-source	properties	200	fixture-tika-07	fixture-tika-07	1	1f60bc193af0a0c32ae2bc0a840b7da98c896a5343d2d4a4871500ea55b0d8a0	success	11	6135	718b52d4d32659cb9b39b84bdb87d6226a9be4436e73fa316936d1333dfa50c0	98684		fixture-tika-07	request-selected-source	1	1	fixture-tika-07	1	0	0	1	0	11	0	0	0	1	0
request-selected-source-wrapped-contains-target-23-dense	graph-parameter	request-selected-source-wrapped-contains	dense	request-graph-selection-and-wrapped-contains	request-selected-source	properties	200	fixture-tika-07	fixture-tika-07	1	1f60bc193af0a0c32ae2bc0a840b7da98c896a5343d2d4a4871500ea55b0d8a0	success	200	95056	d5aa9163a912371065002f30549de9cefea57af859f009a275e381b0a849633e	169607		fixture-tika-07	request-selected-source	1	1	fixture-tika-07	1	0	0	1	0	200	0	0	0	1	0
request-selected-source-wrapped-contains-target-24-zero	graph-parameter	request-selected-source-wrapped-contains	zero	request-graph-selection-and-wrapped-contains	request-selected-source	properties	200	fixture-tika-08	fixture-tika-08	1	e9768e2189edf3079c0f4ce1fe9374fe3873b9ef6253d25bd7952c9e3f9e2f89	success	0	147	805c8c7334c868e18e2be84be95b83cc60895722d739c2b164a68be4cd410c49	93465			request-selected-source	1	1	fixture-tika-08	1	0	0	1	0	1	0	0	0	1	0
request-selected-source-wrapped-contains-target-24-targeted	graph-parameter	request-selected-source-wrapped-contains	targeted	request-graph-selection-and-wrapped-contains	request-selected-source	properties	200	fixture-tika-08	fixture-tika-08	1	e9768e2189edf3079c0f4ce1fe9374fe3873b9ef6253d25bd7952c9e3f9e2f89	success	1	754	033650595463ffba6f1f515fc8a38ba023fdd37a0e2442442be40f2d8baee0b4	98334		fixture-tika-08	request-selected-source	1	1	fixture-tika-08	1	0	0	1	0	1	0	0	0	1	0
request-selected-source-wrapped-contains-target-24-dense	graph-parameter	request-selected-source-wrapped-contains	dense	request-graph-selection-and-wrapped-contains	request-selected-source	properties	200	fixture-tika-08	fixture-tika-08	1	e9768e2189edf3079c0f4ce1fe9374fe3873b9ef6253d25bd7952c9e3f9e2f89	success	200	96144	13cc3d04be15c5d98101b6676211e0260c08571becd6cbc7be1dcfad1b7efce8	164017		fixture-tika-08	request-selected-source	1	1	fixture-tika-08	1	0	0	1	0	200	0	0	0	1	0
request-selected-source-wrapped-contains-target-25-zero	graph-parameter	request-selected-source-wrapped-contains	zero	request-graph-selection-and-wrapped-contains	request-selected-source	properties	200	fixture-tika-09	fixture-tika-09	1	f96e2b0b7f375cf347f289b0d59b047835095d1452b52dcff16ad07fa5ff5aaa	success	0	147	805c8c7334c868e18e2be84be95b83cc60895722d739c2b164a68be4cd410c49	96399			request-selected-source	1	1	fixture-tika-09	1	0	0	1	0	1	0	0	0	1	0
request-selected-source-wrapped-contains-target-25-targeted	graph-parameter	request-selected-source-wrapped-contains	targeted	request-graph-selection-and-wrapped-contains	request-selected-source	properties	200	fixture-tika-09	fixture-tika-09	1	f96e2b0b7f375cf347f289b0d59b047835095d1452b52dcff16ad07fa5ff5aaa	success	17	9434	57a7fb26e2c1557848eddaabb17076d92c9b2ef2e0ff6b92be3de4374fe1fa9b	104926		fixture-tika-09	request-selected-source	1	1	fixture-tika-09	1	0	0	1	0	17	0	0	0	1	0
request-selected-source-wrapped-contains-target-25-dense	graph-parameter	request-selected-source-wrapped-contains	dense	request-graph-selection-and-wrapped-contains	request-selected-source	properties	200	fixture-tika-09	fixture-tika-09	1	f96e2b0b7f375cf347f289b0d59b047835095d1452b52dcff16ad07fa5ff5aaa	success	200	90260	d606d19bfcb83b224b953bd70176bc52dc06d427ef6ab3d0cc311bc6ed6fc260	174285		fixture-tika-09	request-selected-source	1	1	fixture-tika-09	1	0	0	1	0	200	0	0	0	1	0
request-selected-source-wrapped-contains-target-26-zero	graph-parameter	request-selected-source-wrapped-contains	zero	request-graph-selection-and-wrapped-contains	request-selected-source	properties	200	fixture-tika-10	fixture-tika-10	1	724e820888f0db8884af940cbe8a364f2dce6bfc9b2c72fb09abe933fa439c0c	success	0	147	805c8c7334c868e18e2be84be95b83cc60895722d739c2b164a68be4cd410c49	101158			request-selected-source	1	1	fixture-tika-10	1	0	0	1	0	1	0	0	0	1	0
request-selected-source-wrapped-contains-target-26-targeted	graph-parameter	request-selected-source-wrapped-contains	targeted	request-graph-selection-and-wrapped-contains	request-selected-source	properties	200	fixture-tika-10	fixture-tika-10	1	724e820888f0db8884af940cbe8a364f2dce6bfc9b2c72fb09abe933fa439c0c	success	1	791	550bd45f802381cb65ea30928a856fc0c2bc207cbfc2a147aad4312130548c9a	94477		fixture-tika-10	request-selected-source	1	1	fixture-tika-10	1	0	0	1	0	1	0	0	0	1	0
request-selected-source-wrapped-contains-target-26-dense	graph-parameter	request-selected-source-wrapped-contains	dense	request-graph-selection-and-wrapped-contains	request-selected-source	properties	200	fixture-tika-10	fixture-tika-10	1	724e820888f0db8884af940cbe8a364f2dce6bfc9b2c72fb09abe933fa439c0c	success	200	96089	d0bdae62973cb737c05eda37d83d6fd7dea4520a7f87acdd4ed9a2fba1f97888	166500		fixture-tika-10	request-selected-source	1	1	fixture-tika-10	1	0	0	1	0	200	0	0	0	1	0
request-selected-source-wrapped-contains-target-27-zero	graph-parameter	request-selected-source-wrapped-contains	zero	request-graph-selection-and-wrapped-contains	request-selected-source	properties	200	fixture-tika-11	fixture-tika-11	1	947144f7fe63615dab1057f152a266b87c870ae6b1d136ebead3ef2860ecaaf9	success	0	147	805c8c7334c868e18e2be84be95b83cc60895722d739c2b164a68be4cd410c49	95188			request-selected-source	1	1	fixture-tika-11	1	0	0	1	0	1	0	0	0	1	0
request-selected-source-wrapped-contains-target-27-targeted	graph-parameter	request-selected-source-wrapped-contains	targeted	request-graph-selection-and-wrapped-contains	request-selected-source	properties	200	fixture-tika-11	fixture-tika-11	1	947144f7fe63615dab1057f152a266b87c870ae6b1d136ebead3ef2860ecaaf9	success	14	8030	e1858d468e2cee9daff29f91791894b539cc1c9bfb8d57bb0eaa364a24ec0f04	100488		fixture-tika-11	request-selected-source	1	1	fixture-tika-11	1	0	0	1	0	14	0	0	0	1	0
request-selected-source-wrapped-contains-target-27-dense	graph-parameter	request-selected-source-wrapped-contains	dense	request-graph-selection-and-wrapped-contains	request-selected-source	properties	200	fixture-tika-11	fixture-tika-11	1	947144f7fe63615dab1057f152a266b87c870ae6b1d136ebead3ef2860ecaaf9	success	200	95559	bcb492a91a247979acd291eaea381c0db6d952c0baff29193145ae7356b00907	160379		fixture-tika-11	request-selected-source	1	1	fixture-tika-11	1	0	0	1	0	200	0	0	0	1	0
request-selected-source-wrapped-contains-target-28-zero	graph-parameter	request-selected-source-wrapped-contains	zero	request-graph-selection-and-wrapped-contains	request-selected-source	properties	200	fixture-tika-12	fixture-tika-12	1	333b320af3f398d083e1d44b1a79e54fa546da12ce118f18db6f7cc3387398c8	success	0	147	805c8c7334c868e18e2be84be95b83cc60895722d739c2b164a68be4cd410c49	86120			request-selected-source	1	1	fixture-tika-12	1	0	0	1	0	1	0	0	0	1	0
request-selected-source-wrapped-contains-target-28-targeted	graph-parameter	request-selected-source-wrapped-contains	targeted	request-graph-selection-and-wrapped-contains	request-selected-source	properties	200	fixture-tika-12	fixture-tika-12	1	333b320af3f398d083e1d44b1a79e54fa546da12ce118f18db6f7cc3387398c8	success	12	6370	8871e0dc77f7df7110f742adaac439b8d2f4e912a3a21e1793fda026e0955f9b	112400		fixture-tika-12	request-selected-source	1	1	fixture-tika-12	1	0	0	1	0	12	0	0	0	1	0
request-selected-source-wrapped-contains-target-28-dense	graph-parameter	request-selected-source-wrapped-contains	dense	request-graph-selection-and-wrapped-contains	request-selected-source	properties	200	fixture-tika-12	fixture-tika-12	1	333b320af3f398d083e1d44b1a79e54fa546da12ce118f18db6f7cc3387398c8	success	200	101142	3ec255435f1804ca883e61ce69218b0c9b6812e5f4d6241be813f3a04980ff78	199588		fixture-tika-12	request-selected-source	1	1	fixture-tika-12	1	0	0	1	0	200	0	0	0	1	0
request-selected-source-wrapped-contains-target-29-zero	graph-parameter	request-selected-source-wrapped-contains	zero	request-graph-selection-and-wrapped-contains	request-selected-source	properties	200	fixture-tika-13	fixture-tika-13	1	697a328efd3d35078aa3cf7115b978f697299f7e0612d464eae79dc1cbc3f3c7	success	0	147	805c8c7334c868e18e2be84be95b83cc60895722d739c2b164a68be4cd410c49	118582			request-selected-source	1	1	fixture-tika-13	1	0	0	1	0	1	0	0	0	1	0
request-selected-source-wrapped-contains-target-29-targeted	graph-parameter	request-selected-source-wrapped-contains	targeted	request-graph-selection-and-wrapped-contains	request-selected-source	properties	200	fixture-tika-13	fixture-tika-13	1	697a328efd3d35078aa3cf7115b978f697299f7e0612d464eae79dc1cbc3f3c7	success	1	759	7c9cbf2db3468e4d9ec5f9ce37c29746bb3071949804d250165a0310edd3182c	127227		fixture-tika-13	request-selected-source	1	1	fixture-tika-13	1	0	0	1	0	1	0	0	0	1	0
request-selected-source-wrapped-contains-target-29-dense	graph-parameter	request-selected-source-wrapped-contains	dense	request-graph-selection-and-wrapped-contains	request-selected-source	properties	200	fixture-tika-13	fixture-tika-13	1	697a328efd3d35078aa3cf7115b978f697299f7e0612d464eae79dc1cbc3f3c7	success	200	96005	cb6245f16fc1df4cadc32295db3c94d74d99d6ac24ca00ba686085574c3842f9	178964		fixture-tika-13	request-selected-source	1	1	fixture-tika-13	1	0	0	1	0	200	0	0	0	1	0
request-selected-source-wrapped-contains-target-30-zero	graph-parameter	request-selected-source-wrapped-contains	zero	request-graph-selection-and-wrapped-contains	request-selected-source	properties	200	fixture-tika-14	fixture-tika-14	1	530ac22d92e73256c57c4e234fccac50105308bcc26304451ee74f20a619f7a5	success	0	147	805c8c7334c868e18e2be84be95b83cc60895722d739c2b164a68be4cd410c49	108572			request-selected-source	1	1	fixture-tika-14	1	0	0	1	0	1	0	0	0	1	0
request-selected-source-wrapped-contains-target-30-targeted	graph-parameter	request-selected-source-wrapped-contains	targeted	request-graph-selection-and-wrapped-contains	request-selected-source	properties	200	fixture-tika-14	fixture-tika-14	1	530ac22d92e73256c57c4e234fccac50105308bcc26304451ee74f20a619f7a5	success	10	5866	c85815e1257e7d89a547803b839a8fa3d5c32a25ad93fc4df95c67dd0df38386	91591		fixture-tika-14	request-selected-source	1	1	fixture-tika-14	1	0	0	1	0	10	0	0	0	1	0
request-selected-source-wrapped-contains-target-30-dense	graph-parameter	request-selected-source-wrapped-contains	dense	request-graph-selection-and-wrapped-contains	request-selected-source	properties	200	fixture-tika-14	fixture-tika-14	1	530ac22d92e73256c57c4e234fccac50105308bcc26304451ee74f20a619f7a5	success	200	95471	766b9ef7e8ecf0adce38af75461cc8c431950c6a78cf29871668bb82bbc59681	134472		fixture-tika-14	request-selected-source	1	1	fixture-tika-14	1	0	0	1	0	200	0	0	0	1	0
request-selected-source-wrapped-contains-target-31-zero	graph-parameter	request-selected-source-wrapped-contains	zero	request-graph-selection-and-wrapped-contains	request-selected-source	properties	200	fixture-tika-15	fixture-tika-15	1	80331285783d790177bcaeeebf677e98900445b2273d41781c6e07aa5683a500	success	0	147	805c8c7334c868e18e2be84be95b83cc60895722d739c2b164a68be4cd410c49	81813			request-selected-source	1	1	fixture-tika-15	1	0	0	1	0	1	0	0	0	1	0
request-selected-source-wrapped-contains-target-31-targeted	graph-parameter	request-selected-source-wrapped-contains	targeted	request-graph-selection-and-wrapped-contains	request-selected-source	properties	200	fixture-tika-15	fixture-tika-15	1	80331285783d790177bcaeeebf677e98900445b2273d41781c6e07aa5683a500	success	1	779	5b2641a56fc0d1ce3cad560f98de3ab642d893c5f6c2be5bb57444732d364805	81572		fixture-tika-15	request-selected-source	1	1	fixture-tika-15	1	0	0	1	0	1	0	0	0	1	0
request-selected-source-wrapped-contains-target-31-dense	graph-parameter	request-selected-source-wrapped-contains	dense	request-graph-selection-and-wrapped-contains	request-selected-source	properties	200	fixture-tika-15	fixture-tika-15	1	80331285783d790177bcaeeebf677e98900445b2273d41781c6e07aa5683a500	success	200	90493	6cea2d1b1fba9817e31904018fa5ce3734b41bb641feab5c7c6849206b05e3c1	144399		fixture-tika-15	request-selected-source	1	1	fixture-tika-15	1	0	0	1	0	200	0	0	0	1	0
request-selected-source-wrapped-contains-target-32-zero	graph-parameter	request-selected-source-wrapped-contains	zero	request-graph-selection-and-wrapped-contains	request-selected-source	properties	200	fixture-hive-00	fixture-hive-00	1	ea11677be4d3166ee79e7aa4f8c5ff603c5cb6bb9f65649cfc46854eedb1b466	success	0	147	805c8c7334c868e18e2be84be95b83cc60895722d739c2b164a68be4cd410c49	87563			request-selected-source	1	1	fixture-hive-00	1	0	0	1	0	1	0	0	0	1	0
request-selected-source-wrapped-contains-target-32-targeted	graph-parameter	request-selected-source-wrapped-contains	targeted	request-graph-selection-and-wrapped-contains	request-selected-source	properties	200	fixture-hive-00	fixture-hive-00	1	ea11677be4d3166ee79e7aa4f8c5ff603c5cb6bb9f65649cfc46854eedb1b466	success	4	2862	72e96499d86d64ae9da267f3b15791817d4250f06a8dfea9d09edd8c3c23a440	82314		fixture-hive-00	request-selected-source	1	1	fixture-hive-00	1	0	0	1	0	4	0	0	0	1	0
request-selected-source-wrapped-contains-target-32-dense	graph-parameter	request-selected-source-wrapped-contains	dense	request-graph-selection-and-wrapped-contains	request-selected-source	properties	200	fixture-hive-00	fixture-hive-00	1	ea11677be4d3166ee79e7aa4f8c5ff603c5cb6bb9f65649cfc46854eedb1b466	success	200	92864	0ad6a5ae10cb27d8dd28af205e0df8ebd79b3e1ca0079c8c876100ee108fc38d	151744		fixture-hive-00	request-selected-source	1	1	fixture-hive-00	1	0	0	1	0	200	0	0	0	1	0
request-selected-source-wrapped-contains-target-33-zero	graph-parameter	request-selected-source-wrapped-contains	zero	request-graph-selection-and-wrapped-contains	request-selected-source	properties	200	fixture-hive-01	fixture-hive-01	1	3a9bab8befb64a5c5518ec83add10138c13ae31dfad00b5a26547f3cfc2bf0bb	success	0	147	805c8c7334c868e18e2be84be95b83cc60895722d739c2b164a68be4cd410c49	80039			request-selected-source	1	1	fixture-hive-01	1	0	0	1	0	1	0	0	0	1	0
request-selected-source-wrapped-contains-target-33-targeted	graph-parameter	request-selected-source-wrapped-contains	targeted	request-graph-selection-and-wrapped-contains	request-selected-source	properties	200	fixture-hive-01	fixture-hive-01	1	3a9bab8befb64a5c5518ec83add10138c13ae31dfad00b5a26547f3cfc2bf0bb	success	4	2862	5436abb5d5a82ddf1b71cf6459ce0de5fe56d25b825b58b20bbe8cace9e3cde7	91180		fixture-hive-01	request-selected-source	1	1	fixture-hive-01	1	0	0	1	0	4	0	0	0	1	0
request-selected-source-wrapped-contains-target-33-dense	graph-parameter	request-selected-source-wrapped-contains	dense	request-graph-selection-and-wrapped-contains	request-selected-source	properties	200	fixture-hive-01	fixture-hive-01	1	3a9bab8befb64a5c5518ec83add10138c13ae31dfad00b5a26547f3cfc2bf0bb	success	200	92578	e10f119cab32a77f2d8107211e2addcc69d3ab151ee08f60199ff7a8db9b6a1c	153817		fixture-hive-01	request-selected-source	1	1	fixture-hive-01	1	0	0	1	0	200	0	0	0	1	0
request-selected-source-wrapped-contains-target-34-zero	graph-parameter	request-selected-source-wrapped-contains	zero	request-graph-selection-and-wrapped-contains	request-selected-source	properties	200	fixture-hive-02	fixture-hive-02	1	058d31d4f0a17f6c8e80480702d6c2099e48867673bc0a8d99037f2244a27bbf	success	0	147	805c8c7334c868e18e2be84be95b83cc60895722d739c2b164a68be4cd410c49	87784			request-selected-source	1	1	fixture-hive-02	1	0	0	1	0	1	0	0	0	1	0
request-selected-source-wrapped-contains-target-34-targeted	graph-parameter	request-selected-source-wrapped-contains	targeted	request-graph-selection-and-wrapped-contains	request-selected-source	properties	200	fixture-hive-02	fixture-hive-02	1	058d31d4f0a17f6c8e80480702d6c2099e48867673bc0a8d99037f2244a27bbf	success	4	2883	e83a01bd4b4e8f51ba0c51a53e73f87ec8dd6170bd60b37ef57b4eb9aba8bcc7	93515		fixture-hive-02	request-selected-source	1	1	fixture-hive-02	1	0	0	1	0	4	0	0	0	1	0
request-selected-source-wrapped-contains-target-34-dense	graph-parameter	request-selected-source-wrapped-contains	dense	request-graph-selection-and-wrapped-contains	request-selected-source	properties	200	fixture-hive-02	fixture-hive-02	1	058d31d4f0a17f6c8e80480702d6c2099e48867673bc0a8d99037f2244a27bbf	success	200	94183	b06f89a813919b2f4278637c18773fe7508c48351caa08a76cefe1f54c9b7715	179365		fixture-hive-02	request-selected-source	1	1	fixture-hive-02	1	0	0	1	0	200	0	0	0	1	0
request-selected-source-wrapped-contains-target-35-zero	graph-parameter	request-selected-source-wrapped-contains	zero	request-graph-selection-and-wrapped-contains	request-selected-source	properties	200	fixture-hive-03	fixture-hive-03	1	bc37ba5880a9fc3e89dea2bf6571ad8db10f8c499dfca7c678b831d8edb064fe	success	0	147	805c8c7334c868e18e2be84be95b83cc60895722d739c2b164a68be4cd410c49	106960			request-selected-source	1	1	fixture-hive-03	1	0	0	1	0	1	0	0	0	1	0
request-selected-source-wrapped-contains-target-35-targeted	graph-parameter	request-selected-source-wrapped-contains	targeted	request-graph-selection-and-wrapped-contains	request-selected-source	properties	200	fixture-hive-03	fixture-hive-03	1	bc37ba5880a9fc3e89dea2bf6571ad8db10f8c499dfca7c678b831d8edb064fe	success	1	771	134378d176ef9559b3b9b40557762648c5aa55be889ba8cb2e7f752130b85ab7	107380		fixture-hive-03	request-selected-source	1	1	fixture-hive-03	1	0	0	1	0	1	0	0	0	1	0
request-selected-source-wrapped-contains-target-35-dense	graph-parameter	request-selected-source-wrapped-contains	dense	request-graph-selection-and-wrapped-contains	request-selected-source	properties	200	fixture-hive-03	fixture-hive-03	1	bc37ba5880a9fc3e89dea2bf6571ad8db10f8c499dfca7c678b831d8edb064fe	success	200	91613	71eca3baa7c5adda9a19daaba5b66d08f4d30beebcfc1f6f8f3125a009484e93	189493		fixture-hive-03	request-selected-source	1	1	fixture-hive-03	1	0	0	1	0	200	0	0	0	1	0
request-selected-source-wrapped-contains-target-36-zero	graph-parameter	request-selected-source-wrapped-contains	zero	request-graph-selection-and-wrapped-contains	request-selected-source	properties	200	fixture-hive-04	fixture-hive-04	1	d6abca6af79ede3e783b4b1d1bb2f17c22db5cf0b5c70506d31ea6d33509dcc5	success	0	147	805c8c7334c868e18e2be84be95b83cc60895722d739c2b164a68be4cd410c49	110195			request-selected-source	1	1	fixture-hive-04	1	0	0	1	0	1	0	0	0	1	0
request-selected-source-wrapped-contains-target-36-targeted	graph-parameter	request-selected-source-wrapped-contains	targeted	request-graph-selection-and-wrapped-contains	request-selected-source	properties	200	fixture-hive-04	fixture-hive-04	1	d6abca6af79ede3e783b4b1d1bb2f17c22db5cf0b5c70506d31ea6d33509dcc5	success	1	795	6f5022183da52ea8cb963f17c4b86a6270dc9bfe0ca358e5ec7d6bdf4c95879f	107832		fixture-hive-04	request-selected-source	1	1	fixture-hive-04	1	0	0	1	0	1	0	0	0	1	0
request-selected-source-wrapped-contains-target-36-dense	graph-parameter	request-selected-source-wrapped-contains	dense	request-graph-selection-and-wrapped-contains	request-selected-source	properties	200	fixture-hive-04	fixture-hive-04	1	d6abca6af79ede3e783b4b1d1bb2f17c22db5cf0b5c70506d31ea6d33509dcc5	success	200	91716	5d2df55fe9df550bd17a462dbec1bd958f7c0d5940c160537976ecc80d5cb22f	217606		fixture-hive-04	request-selected-source	1	1	fixture-hive-04	1	0	0	1	0	200	0	0	0	1	0
request-selected-source-wrapped-contains-target-37-zero	graph-parameter	request-selected-source-wrapped-contains	zero	request-graph-selection-and-wrapped-contains	request-selected-source	properties	200	fixture-hive-05	fixture-hive-05	1	f7f4c2e85299b39f0b295436a0a678be80ea1fe4bd065c984fac7e3e79c02a1f	success	0	147	805c8c7334c868e18e2be84be95b83cc60895722d739c2b164a68be4cd410c49	108913			request-selected-source	1	1	fixture-hive-05	1	0	0	1	0	1	0	0	0	1	0
request-selected-source-wrapped-contains-target-37-targeted	graph-parameter	request-selected-source-wrapped-contains	targeted	request-graph-selection-and-wrapped-contains	request-selected-source	properties	200	fixture-hive-05	fixture-hive-05	1	f7f4c2e85299b39f0b295436a0a678be80ea1fe4bd065c984fac7e3e79c02a1f	success	51	31472	b9433fbd59011f3771f14c8abacb0cbca913b3ccb9b85649a8f98d4c6f628703	135083		fixture-hive-05	request-selected-source	1	1	fixture-hive-05	1	0	0	1	0	51	0	0	0	1	0
request-selected-source-wrapped-contains-target-37-dense	graph-parameter	request-selected-source-wrapped-contains	dense	request-graph-selection-and-wrapped-contains	request-selected-source	properties	200	fixture-hive-05	fixture-hive-05	1	f7f4c2e85299b39f0b295436a0a678be80ea1fe4bd065c984fac7e3e79c02a1f	success	200	91795	dbb6e258143695218279e10cbea2bf21ad0c5b1330a8fc3e3470b176ae0b6f42	176249		fixture-hive-05	request-selected-source	1	1	fixture-hive-05	1	0	0	1	0	200	0	0	0	1	0
request-selected-source-wrapped-contains-target-38-zero	graph-parameter	request-selected-source-wrapped-contains	zero	request-graph-selection-and-wrapped-contains	request-selected-source	properties	200	fixture-hive-06	fixture-hive-06	1	ddfe0a17a6b176061c6908248fc9bbb24510f00e8ed40c2c068587464d0ab767	success	0	147	805c8c7334c868e18e2be84be95b83cc60895722d739c2b164a68be4cd410c49	101480			request-selected-source	1	1	fixture-hive-06	1	0	0	1	0	1	0	0	0	1	0
request-selected-source-wrapped-contains-target-38-targeted	graph-parameter	request-selected-source-wrapped-contains	targeted	request-graph-selection-and-wrapped-contains	request-selected-source	properties	200	fixture-hive-06	fixture-hive-06	1	ddfe0a17a6b176061c6908248fc9bbb24510f00e8ed40c2c068587464d0ab767	success	1	801	6e224732564976ab3ad1b488a2dcb0c2a2f84050ab25d529f41b87f4de3c406c	104185		fixture-hive-06	request-selected-source	1	1	fixture-hive-06	1	0	0	1	0	1	0	0	0	1	0
request-selected-source-wrapped-contains-target-38-dense	graph-parameter	request-selected-source-wrapped-contains	dense	request-graph-selection-and-wrapped-contains	request-selected-source	properties	200	fixture-hive-06	fixture-hive-06	1	ddfe0a17a6b176061c6908248fc9bbb24510f00e8ed40c2c068587464d0ab767	success	200	92968	77adda61bf8a66745500e9e1b739302ae425b75af5d5199095bd9c0f56151e04	167302		fixture-hive-06	request-selected-source	1	1	fixture-hive-06	1	0	0	1	0	200	0	0	0	1	0
request-selected-source-wrapped-contains-target-39-zero	graph-parameter	request-selected-source-wrapped-contains	zero	request-graph-selection-and-wrapped-contains	request-selected-source	properties	200	fixture-hive-07	fixture-hive-07	1	5b909537f8397e9b454c56026974d9a0348f5c6147e1f2169fbaaa2eb1645822	success	0	147	805c8c7334c868e18e2be84be95b83cc60895722d739c2b164a68be4cd410c49	97983			request-selected-source	1	1	fixture-hive-07	1	0	0	1	0	1	0	0	0	1	0
request-selected-source-wrapped-contains-target-39-targeted	graph-parameter	request-selected-source-wrapped-contains	targeted	request-graph-selection-and-wrapped-contains	request-selected-source	properties	200	fixture-hive-07	fixture-hive-07	1	5b909537f8397e9b454c56026974d9a0348f5c6147e1f2169fbaaa2eb1645822	success	4	2855	db8e5b7500b38c30ff9ca554407e1c3f066cc32ce80520e31c63fe8f4f34048e	98714		fixture-hive-07	request-selected-source	1	1	fixture-hive-07	1	0	0	1	0	4	0	0	0	1	0
request-selected-source-wrapped-contains-target-39-dense	graph-parameter	request-selected-source-wrapped-contains	dense	request-graph-selection-and-wrapped-contains	request-selected-source	properties	200	fixture-hive-07	fixture-hive-07	1	5b909537f8397e9b454c56026974d9a0348f5c6147e1f2169fbaaa2eb1645822	success	200	91298	153dc7ab9d3d22961d16bfae52d0b5cd4c7d97177e0e57e7c086294f37d00f0f	181199		fixture-hive-07	request-selected-source	1	1	fixture-hive-07	1	0	0	1	0	200	0	0	0	1	0
request-selected-source-wrapped-contains-target-40-zero	graph-parameter	request-selected-source-wrapped-contains	zero	request-graph-selection-and-wrapped-contains	request-selected-source	properties	200	fixture-hive-08	fixture-hive-08	1	a73da7b76b921f77b9fadceff4ca8a9274fa7524e6ce2fb87c035b118fdb9e31	success	0	147	805c8c7334c868e18e2be84be95b83cc60895722d739c2b164a68be4cd410c49	102381			request-selected-source	1	1	fixture-hive-08	1	0	0	1	0	1	0	0	0	1	0
request-selected-source-wrapped-contains-target-40-targeted	graph-parameter	request-selected-source-wrapped-contains	targeted	request-graph-selection-and-wrapped-contains	request-selected-source	properties	200	fixture-hive-08	fixture-hive-08	1	a73da7b76b921f77b9fadceff4ca8a9274fa7524e6ce2fb87c035b118fdb9e31	success	4	2911	6520445594f6fc1d080f2e441beea159540f21b52c555b515dbd7ba1fee2a37f	103473		fixture-hive-08	request-selected-source	1	1	fixture-hive-08	1	0	0	1	0	4	0	0	0	1	0
request-selected-source-wrapped-contains-target-40-dense	graph-parameter	request-selected-source-wrapped-contains	dense	request-graph-selection-and-wrapped-contains	request-selected-source	properties	200	fixture-hive-08	fixture-hive-08	1	a73da7b76b921f77b9fadceff4ca8a9274fa7524e6ce2fb87c035b118fdb9e31	success	200	95189	6547ed796970ad3186785ae6dc7d6b1328d226d1878e5144fdb98c21fcba06f9	180989		fixture-hive-08	request-selected-source	1	1	fixture-hive-08	1	0	0	1	0	200	0	0	0	1	0
request-selected-source-wrapped-contains-target-41-zero	graph-parameter	request-selected-source-wrapped-contains	zero	request-graph-selection-and-wrapped-contains	request-selected-source	properties	200	fixture-hive-09	fixture-hive-09	1	295df7bb9f479be56469bcfb34b70c143d1aff6e47944b80de9fd42e774be779	success	0	147	805c8c7334c868e18e2be84be95b83cc60895722d739c2b164a68be4cd410c49	129041			request-selected-source	1	1	fixture-hive-09	1	0	0	1	0	1	0	0	0	1	0
request-selected-source-wrapped-contains-target-41-targeted	graph-parameter	request-selected-source-wrapped-contains	targeted	request-graph-selection-and-wrapped-contains	request-selected-source	properties	200	fixture-hive-09	fixture-hive-09	1	295df7bb9f479be56469bcfb34b70c143d1aff6e47944b80de9fd42e774be779	success	4	2883	42fd2fd2ff37d34c0cfb2146cde4be9387147a4cc07443bd58969c3f1e25556e	102121		fixture-hive-09	request-selected-source	1	1	fixture-hive-09	1	0	0	1	0	4	0	0	0	1	0
request-selected-source-wrapped-contains-target-41-dense	graph-parameter	request-selected-source-wrapped-contains	dense	request-graph-selection-and-wrapped-contains	request-selected-source	properties	200	fixture-hive-09	fixture-hive-09	1	295df7bb9f479be56469bcfb34b70c143d1aff6e47944b80de9fd42e774be779	success	200	92146	1d23f5a918b6a408d8eae300e7aa799801aecc62fcc85667af567e3c95156cb9	143568		fixture-hive-09	request-selected-source	1	1	fixture-hive-09	1	0	0	1	0	200	0	0	0	1	0
request-selected-source-wrapped-contains-target-42-zero	graph-parameter	request-selected-source-wrapped-contains	zero	request-graph-selection-and-wrapped-contains	request-selected-source	properties	200	fixture-hive-10	fixture-hive-10	1	e942f277a2b44bd11b03bd9380dd5388338721030a1701c31ff2277dd8f8cd9a	success	0	147	805c8c7334c868e18e2be84be95b83cc60895722d739c2b164a68be4cd410c49	129116			request-selected-source	1	1	fixture-hive-10	1	0	0	1	0	1	0	0	0	1	0
request-selected-source-wrapped-contains-target-42-targeted	graph-parameter	request-selected-source-wrapped-contains	targeted	request-graph-selection-and-wrapped-contains	request-selected-source	properties	200	fixture-hive-10	fixture-hive-10	1	e942f277a2b44bd11b03bd9380dd5388338721030a1701c31ff2277dd8f8cd9a	success	63	39077	2d20a012ee335ff72d99f67135e1ac36defbca676c07a298d3df15c7c1e33f7d	154649		fixture-hive-10	request-selected-source	1	1	fixture-hive-10	1	0	0	1	0	63	0	0	0	1	0
request-selected-source-wrapped-contains-target-42-dense	graph-parameter	request-selected-source-wrapped-contains	dense	request-graph-selection-and-wrapped-contains	request-selected-source	properties	200	fixture-hive-10	fixture-hive-10	1	e942f277a2b44bd11b03bd9380dd5388338721030a1701c31ff2277dd8f8cd9a	success	200	93248	bd7a2cfc84011237aca413f8fd4b6ee9130043dc1530bc214cc965d935dc3d88	201085		fixture-hive-10	request-selected-source	1	1	fixture-hive-10	1	0	0	1	0	200	0	0	0	1	0
request-selected-source-wrapped-contains-target-43-zero	graph-parameter	request-selected-source-wrapped-contains	zero	request-graph-selection-and-wrapped-contains	request-selected-source	properties	200	fixture-hive-11	fixture-hive-11	1	fc0779b8fe9d9937d1e4cb4a3dba1379fc83c9a81125f4350e46a986c8531889	success	0	147	805c8c7334c868e18e2be84be95b83cc60895722d739c2b164a68be4cd410c49	106719			request-selected-source	1	1	fixture-hive-11	1	0	0	1	0	1	0	0	0	1	0
request-selected-source-wrapped-contains-target-43-targeted	graph-parameter	request-selected-source-wrapped-contains	targeted	request-graph-selection-and-wrapped-contains	request-selected-source	properties	200	fixture-hive-11	fixture-hive-11	1	fc0779b8fe9d9937d1e4cb4a3dba1379fc83c9a81125f4350e46a986c8531889	success	4	2743	a7aaae25732eb3fc39e7e9697120f6a4534e52262fb153e4201e51d7b31e4606	113080		fixture-hive-11	request-selected-source	1	1	fixture-hive-11	1	0	0	1	0	4	0	0	0	1	0
request-selected-source-wrapped-contains-target-43-dense	graph-parameter	request-selected-source-wrapped-contains	dense	request-graph-selection-and-wrapped-contains	request-selected-source	properties	200	fixture-hive-11	fixture-hive-11	1	fc0779b8fe9d9937d1e4cb4a3dba1379fc83c9a81125f4350e46a986c8531889	success	200	94063	f5c81d8aabcfe449e1a20e1133f0ce5a6c25cde54cfb7e82531ff93f87b6f89e	172512		fixture-hive-11	request-selected-source	1	1	fixture-hive-11	1	0	0	1	0	200	0	0	0	1	0
request-selected-source-wrapped-contains-target-44-zero	graph-parameter	request-selected-source-wrapped-contains	zero	request-graph-selection-and-wrapped-contains	request-selected-source	properties	200	fixture-hive-12	fixture-hive-12	1	b0c62bc41512e26a42d23ec1fd21c12eb0d433e252eed22e92d2246689f7489a	success	0	147	805c8c7334c868e18e2be84be95b83cc60895722d739c2b164a68be4cd410c49	110276			request-selected-source	1	1	fixture-hive-12	1	0	0	1	0	1	0	0	0	1	0
request-selected-source-wrapped-contains-target-44-targeted	graph-parameter	request-selected-source-wrapped-contains	targeted	request-graph-selection-and-wrapped-contains	request-selected-source	properties	200	fixture-hive-12	fixture-hive-12	1	b0c62bc41512e26a42d23ec1fd21c12eb0d433e252eed22e92d2246689f7489a	success	4	2890	b8c7750587d3cb95373de074cba017cf14e5d85811bfc8cc2b49fa06615dc14f	104725		fixture-hive-12	request-selected-source	1	1	fixture-hive-12	1	0	0	1	0	4	0	0	0	1	0
request-selected-source-wrapped-contains-target-44-dense	graph-parameter	request-selected-source-wrapped-contains	dense	request-graph-selection-and-wrapped-contains	request-selected-source	properties	200	fixture-hive-12	fixture-hive-12	1	b0c62bc41512e26a42d23ec1fd21c12eb0d433e252eed22e92d2246689f7489a	success	200	90517	901cb7ad5a7cef604f7264d87d81f85a7b3e521b0175839dd61f15fa140b58cf	220411		fixture-hive-12	request-selected-source	1	1	fixture-hive-12	1	0	0	1	0	200	0	0	0	1	0
request-selected-source-wrapped-contains-target-45-zero	graph-parameter	request-selected-source-wrapped-contains	zero	request-graph-selection-and-wrapped-contains	request-selected-source	properties	200	fixture-hive-13	fixture-hive-13	1	2f758a1599ac4d799ee27ae81f81bfe54bc6240d59e8f003bf5cd782742affd0	success	0	147	805c8c7334c868e18e2be84be95b83cc60895722d739c2b164a68be4cd410c49	105297			request-selected-source	1	1	fixture-hive-13	1	0	0	1	0	1	0	0	0	1	0
request-selected-source-wrapped-contains-target-45-targeted	graph-parameter	request-selected-source-wrapped-contains	targeted	request-graph-selection-and-wrapped-contains	request-selected-source	properties	200	fixture-hive-13	fixture-hive-13	1	2f758a1599ac4d799ee27ae81f81bfe54bc6240d59e8f003bf5cd782742affd0	success	1	807	7a2ea6e6b7c61f333c01be975226570ddf428683fdf6c4eb419e09457718acf9	104666		fixture-hive-13	request-selected-source	1	1	fixture-hive-13	1	0	0	1	0	1	0	0	0	1	0
request-selected-source-wrapped-contains-target-45-dense	graph-parameter	request-selected-source-wrapped-contains	dense	request-graph-selection-and-wrapped-contains	request-selected-source	properties	200	fixture-hive-13	fixture-hive-13	1	2f758a1599ac4d799ee27ae81f81bfe54bc6240d59e8f003bf5cd782742affd0	success	200	92534	8ce2fca3adf975e2913f1d7a0f91465f04ef5e5cdbaaa1f51ca68901be616480	169827		fixture-hive-13	request-selected-source	1	1	fixture-hive-13	1	0	0	1	0	200	0	0	0	1	0
request-selected-source-wrapped-contains-target-46-zero	graph-parameter	request-selected-source-wrapped-contains	zero	request-graph-selection-and-wrapped-contains	request-selected-source	properties	200	fixture-hive-14	fixture-hive-14	1	960cf66cc8af0003002afe076d1f893b29b2a55fabfac7d5316eb3e3b9c46f67	success	0	147	805c8c7334c868e18e2be84be95b83cc60895722d739c2b164a68be4cd410c49	104595			request-selected-source	1	1	fixture-hive-14	1	0	0	1	0	1	0	0	0	1	0
request-selected-source-wrapped-contains-target-46-targeted	graph-parameter	request-selected-source-wrapped-contains	targeted	request-graph-selection-and-wrapped-contains	request-selected-source	properties	200	fixture-hive-14	fixture-hive-14	1	960cf66cc8af0003002afe076d1f893b29b2a55fabfac7d5316eb3e3b9c46f67	success	45	27605	5de372ca8e19ec486456452fc7bd2d9f18c4d7b0beb5e238b24073911e1d2e3a	128570		fixture-hive-14	request-selected-source	1	1	fixture-hive-14	1	0	0	1	0	45	0	0	0	1	0
request-selected-source-wrapped-contains-target-46-dense	graph-parameter	request-selected-source-wrapped-contains	dense	request-graph-selection-and-wrapped-contains	request-selected-source	properties	200	fixture-hive-14	fixture-hive-14	1	960cf66cc8af0003002afe076d1f893b29b2a55fabfac7d5316eb3e3b9c46f67	success	200	96641	3ad39c9167b00424c5957087068cab90d47268c9063b8d9e565113275edd98c8	188792		fixture-hive-14	request-selected-source	1	1	fixture-hive-14	1	0	0	1	0	200	0	0	0	1	0
request-selected-source-wrapped-contains-target-47-zero	graph-parameter	request-selected-source-wrapped-contains	zero	request-graph-selection-and-wrapped-contains	request-selected-source	properties	200	fixture-hive-15	fixture-hive-15	1	d5c3f70f4e04fa9e3851b5ba956c39c64ff3bf4c48028255a069369d65d3e3dc	success	0	147	805c8c7334c868e18e2be84be95b83cc60895722d739c2b164a68be4cd410c49	103062			request-selected-source	1	1	fixture-hive-15	1	0	0	1	0	1	0	0	0	1	0
request-selected-source-wrapped-contains-target-47-targeted	graph-parameter	request-selected-source-wrapped-contains	targeted	request-graph-selection-and-wrapped-contains	request-selected-source	properties	200	fixture-hive-15	fixture-hive-15	1	d5c3f70f4e04fa9e3851b5ba956c39c64ff3bf4c48028255a069369d65d3e3dc	success	66	40159	fcfc173325ae104971344d6daea93c8089a472f712f938cfbd16c519ba82c551	139812		fixture-hive-15	request-selected-source	1	1	fixture-hive-15	1	0	0	1	0	66	0	0	0	1	0
request-selected-source-wrapped-contains-target-47-dense	graph-parameter	request-selected-source-wrapped-contains	dense	request-graph-selection-and-wrapped-contains	request-selected-source	properties	200	fixture-hive-15	fixture-hive-15	1	d5c3f70f4e04fa9e3851b5ba956c39c64ff3bf4c48028255a069369d65d3e3dc	success	200	97359	d162ad37d2e7b659e55cddb63b7d42e922fbd2396ae9679f7648226751bb7a13	185095		fixture-hive-15	request-selected-source	1	1	fixture-hive-15	1	0	0	1	0	200	0	0	0	1	0
request-selected-source-wrapped-contains-target-48-zero	graph-parameter	request-selected-source-wrapped-contains	zero	request-graph-selection-and-wrapped-contains	request-selected-source	properties	200	fixture-kotlin-compiler-00	fixture-kotlin-compiler-00	1	e0590ddba3b9b9f8de79bee6771cc2f41482d9bcf2b6d495c533f4d523602a1c	success	0	147	805c8c7334c868e18e2be84be95b83cc60895722d739c2b164a68be4cd410c49	106809			request-selected-source	1	1	fixture-kotlin-compiler-00	1	0	0	1	0	1	0	0	0	1	0
request-selected-source-wrapped-contains-target-48-targeted	graph-parameter	request-selected-source-wrapped-contains	targeted	request-graph-selection-and-wrapped-contains	request-selected-source	properties	200	fixture-kotlin-compiler-00	fixture-kotlin-compiler-00	1	e0590ddba3b9b9f8de79bee6771cc2f41482d9bcf2b6d495c533f4d523602a1c	success	10	6351	274597a5e0e535d6581734920f9ffbc39062a84a13ad9d85823a8f12df219dfd	108262		fixture-kotlin-compiler-00	request-selected-source	1	1	fixture-kotlin-compiler-00	1	0	0	1	0	10	0	0	0	1	0
request-selected-source-wrapped-contains-target-48-dense	graph-parameter	request-selected-source-wrapped-contains	dense	request-graph-selection-and-wrapped-contains	request-selected-source	properties	200	fixture-kotlin-compiler-00	fixture-kotlin-compiler-00	1	e0590ddba3b9b9f8de79bee6771cc2f41482d9bcf2b6d495c533f4d523602a1c	success	200	97301	4abd067ea3c7496241f2623586a132809a81e33bd08c7645b717be3ee7ee2542	170980		fixture-kotlin-compiler-00	request-selected-source	1	1	fixture-kotlin-compiler-00	1	0	0	1	0	200	0	0	0	1	0
request-selected-source-wrapped-contains-target-49-zero	graph-parameter	request-selected-source-wrapped-contains	zero	request-graph-selection-and-wrapped-contains	request-selected-source	properties	200	fixture-kotlin-compiler-01	fixture-kotlin-compiler-01	1	a2378f34cd746f343988852d75ea5d50b8bfe89e6cd965dacb19b742e3a8c966	success	0	147	805c8c7334c868e18e2be84be95b83cc60895722d739c2b164a68be4cd410c49	116448			request-selected-source	1	1	fixture-kotlin-compiler-01	1	0	0	1	0	1	0	0	0	1	0
request-selected-source-wrapped-contains-target-49-targeted	graph-parameter	request-selected-source-wrapped-contains	targeted	request-graph-selection-and-wrapped-contains	request-selected-source	properties	200	fixture-kotlin-compiler-01	fixture-kotlin-compiler-01	1	a2378f34cd746f343988852d75ea5d50b8bfe89e6cd965dacb19b742e3a8c966	success	4	2598	d72c68d3fe0e8e0257e28136dfcba3f279a31d304b51dc9611dfa7b0f16169a8	116398		fixture-kotlin-compiler-01	request-selected-source	1	1	fixture-kotlin-compiler-01	1	0	0	1	0	4	0	0	0	1	0
request-selected-source-wrapped-contains-target-49-dense	graph-parameter	request-selected-source-wrapped-contains	dense	request-graph-selection-and-wrapped-contains	request-selected-source	properties	200	fixture-kotlin-compiler-01	fixture-kotlin-compiler-01	1	a2378f34cd746f343988852d75ea5d50b8bfe89e6cd965dacb19b742e3a8c966	success	200	95854	6848b85ce01299f2ea05bcca3edaa8c69792c61113aeaea43a401f01793bb61d	176109		fixture-kotlin-compiler-01	request-selected-source	1	1	fixture-kotlin-compiler-01	1	0	0	1	0	200	0	0	0	1	0
request-selected-source-wrapped-contains-target-50-zero	graph-parameter	request-selected-source-wrapped-contains	zero	request-graph-selection-and-wrapped-contains	request-selected-source	properties	200	fixture-kotlin-compiler-02	fixture-kotlin-compiler-02	1	b4996e09ff7c9fb90ce978374faa803d01485382a499402abfd9028048b79bf7	success	0	147	805c8c7334c868e18e2be84be95b83cc60895722d739c2b164a68be4cd410c49	124974			request-selected-source	1	1	fixture-kotlin-compiler-02	1	0	0	1	0	1	0	0	0	1	0
request-selected-source-wrapped-contains-target-50-targeted	graph-parameter	request-selected-source-wrapped-contains	targeted	request-graph-selection-and-wrapped-contains	request-selected-source	properties	200	fixture-kotlin-compiler-02	fixture-kotlin-compiler-02	1	b4996e09ff7c9fb90ce978374faa803d01485382a499402abfd9028048b79bf7	success	1	791	85dd6bfd8cfa28628294c822275e5bb7a279ea8142c47ff362a55c060e68da37	115866		fixture-kotlin-compiler-02	request-selected-source	1	1	fixture-kotlin-compiler-02	1	0	0	1	0	1	0	0	0	1	0
request-selected-source-wrapped-contains-target-50-dense	graph-parameter	request-selected-source-wrapped-contains	dense	request-graph-selection-and-wrapped-contains	request-selected-source	properties	200	fixture-kotlin-compiler-02	fixture-kotlin-compiler-02	1	b4996e09ff7c9fb90ce978374faa803d01485382a499402abfd9028048b79bf7	success	200	91564	fbf180fab82c32493738bb60bb29955d3f45810bb23806d614f71964200069bc	169977		fixture-kotlin-compiler-02	request-selected-source	1	1	fixture-kotlin-compiler-02	1	0	0	1	0	200	0	0	0	1	0
request-selected-source-wrapped-contains-target-51-zero	graph-parameter	request-selected-source-wrapped-contains	zero	request-graph-selection-and-wrapped-contains	request-selected-source	properties	200	fixture-kotlin-compiler-03	fixture-kotlin-compiler-03	1	a2350bbcc2f1ba8738ae72b167e586240ce7149551e3fba11f7a358d11b7801e	success	0	147	805c8c7334c868e18e2be84be95b83cc60895722d739c2b164a68be4cd410c49	421036			request-selected-source	1	1	fixture-kotlin-compiler-03	1	0	0	1	0	1	0	0	0	1	0
request-selected-source-wrapped-contains-target-51-targeted	graph-parameter	request-selected-source-wrapped-contains	targeted	request-graph-selection-and-wrapped-contains	request-selected-source	properties	200	fixture-kotlin-compiler-03	fixture-kotlin-compiler-03	1	a2350bbcc2f1ba8738ae72b167e586240ce7149551e3fba11f7a358d11b7801e	success	1	798	64ae9673d519a121b865dc50f576291bddc3c4c81c474d10cfb9d0da1dce7c60	108292		fixture-kotlin-compiler-03	request-selected-source	1	1	fixture-kotlin-compiler-03	1	0	0	1	0	1	0	0	0	1	0
request-selected-source-wrapped-contains-target-51-dense	graph-parameter	request-selected-source-wrapped-contains	dense	request-graph-selection-and-wrapped-contains	request-selected-source	properties	200	fixture-kotlin-compiler-03	fixture-kotlin-compiler-03	1	a2350bbcc2f1ba8738ae72b167e586240ce7149551e3fba11f7a358d11b7801e	success	200	94730	d508f1cb1d0c5646118a68e8a87c49c66a454661e438e3f033289c173598f51f	188312		fixture-kotlin-compiler-03	request-selected-source	1	1	fixture-kotlin-compiler-03	1	0	0	1	0	200	0	0	0	1	0
request-selected-source-wrapped-contains-target-52-zero	graph-parameter	request-selected-source-wrapped-contains	zero	request-graph-selection-and-wrapped-contains	request-selected-source	properties	200	fixture-kotlin-compiler-04	fixture-kotlin-compiler-04	1	1835d0591826a821b1c4a8a0df21cd273c40697176c253109b1663d9e56d64a0	success	0	147	805c8c7334c868e18e2be84be95b83cc60895722d739c2b164a68be4cd410c49	107220			request-selected-source	1	1	fixture-kotlin-compiler-04	1	0	0	1	0	1	0	0	0	1	0
request-selected-source-wrapped-contains-target-52-targeted	graph-parameter	request-selected-source-wrapped-contains	targeted	request-graph-selection-and-wrapped-contains	request-selected-source	properties	200	fixture-kotlin-compiler-04	fixture-kotlin-compiler-04	1	1835d0591826a821b1c4a8a0df21cd273c40697176c253109b1663d9e56d64a0	success	1	792	6691abe0a1f608719107bf4ffc3fa52632123ab77cb7c2c3c6536cd32de533b1	122659		fixture-kotlin-compiler-04	request-selected-source	1	1	fixture-kotlin-compiler-04	1	0	0	1	0	1	0	0	0	1	0
request-selected-source-wrapped-contains-target-52-dense	graph-parameter	request-selected-source-wrapped-contains	dense	request-graph-selection-and-wrapped-contains	request-selected-source	properties	200	fixture-kotlin-compiler-04	fixture-kotlin-compiler-04	1	1835d0591826a821b1c4a8a0df21cd273c40697176c253109b1663d9e56d64a0	success	200	96891	db4b9bfadbbb61a039e76484090eda57349ec9585a7c795f46793352fb739e7c	179756		fixture-kotlin-compiler-04	request-selected-source	1	1	fixture-kotlin-compiler-04	1	0	0	1	0	200	0	0	0	1	0
request-selected-source-wrapped-contains-target-53-zero	graph-parameter	request-selected-source-wrapped-contains	zero	request-graph-selection-and-wrapped-contains	request-selected-source	properties	200	fixture-kotlin-compiler-05	fixture-kotlin-compiler-05	1	65de36ec09041582c4ff4a57708f099a7d72d4907a327e47ae026767f5ff0db0	success	0	147	805c8c7334c868e18e2be84be95b83cc60895722d739c2b164a68be4cd410c49	114214			request-selected-source	1	1	fixture-kotlin-compiler-05	1	0	0	1	0	1	0	0	0	1	0
request-selected-source-wrapped-contains-target-53-targeted	graph-parameter	request-selected-source-wrapped-contains	targeted	request-graph-selection-and-wrapped-contains	request-selected-source	properties	200	fixture-kotlin-compiler-05	fixture-kotlin-compiler-05	1	65de36ec09041582c4ff4a57708f099a7d72d4907a327e47ae026767f5ff0db0	success	6	3910	d987ccd9722d9cd5492fcbb62423f1a89bb41e05ea0e3fb44e7cc793b9656b12	110706		fixture-kotlin-compiler-05	request-selected-source	1	1	fixture-kotlin-compiler-05	1	0	0	1	0	6	0	0	0	1	0
request-selected-source-wrapped-contains-target-53-dense	graph-parameter	request-selected-source-wrapped-contains	dense	request-graph-selection-and-wrapped-contains	request-selected-source	properties	200	fixture-kotlin-compiler-05	fixture-kotlin-compiler-05	1	65de36ec09041582c4ff4a57708f099a7d72d4907a327e47ae026767f5ff0db0	success	200	94720	c9e7b59e830a820a47234ca1fd54046d1c260db318e05adc24dc748ca7fe29c0	169266		fixture-kotlin-compiler-05	request-selected-source	1	1	fixture-kotlin-compiler-05	1	0	0	1	0	200	0	0	0	1	0
request-selected-source-wrapped-contains-target-54-zero	graph-parameter	request-selected-source-wrapped-contains	zero	request-graph-selection-and-wrapped-contains	request-selected-source	properties	200	fixture-kotlin-compiler-06	fixture-kotlin-compiler-06	1	455e2dea20c33d78ad4888048700c76ead131cc5fff61b1b6745f3cf019d98c7	success	0	147	805c8c7334c868e18e2be84be95b83cc60895722d739c2b164a68be4cd410c49	105808			request-selected-source	1	1	fixture-kotlin-compiler-06	1	0	0	1	0	1	0	0	0	1	0
request-selected-source-wrapped-contains-target-54-targeted	graph-parameter	request-selected-source-wrapped-contains	targeted	request-graph-selection-and-wrapped-contains	request-selected-source	properties	200	fixture-kotlin-compiler-06	fixture-kotlin-compiler-06	1	455e2dea20c33d78ad4888048700c76ead131cc5fff61b1b6745f3cf019d98c7	success	3	1869	5157205e66d4cebff8b628175c555fdb333564013eabc5f496e37f9a4ad2b606	106859		fixture-kotlin-compiler-06	request-selected-source	1	1	fixture-kotlin-compiler-06	1	0	0	1	0	3	0	0	0	1	0
request-selected-source-wrapped-contains-target-54-dense	graph-parameter	request-selected-source-wrapped-contains	dense	request-graph-selection-and-wrapped-contains	request-selected-source	properties	200	fixture-kotlin-compiler-06	fixture-kotlin-compiler-06	1	455e2dea20c33d78ad4888048700c76ead131cc5fff61b1b6745f3cf019d98c7	success	200	92798	60b390f0b190e46f6fd1b4929641c7324c9142e0f18a85bc338e7b41ebe62db5	176008		fixture-kotlin-compiler-06	request-selected-source	1	1	fixture-kotlin-compiler-06	1	0	0	1	0	200	0	0	0	1	0
request-selected-source-wrapped-contains-target-55-zero	graph-parameter	request-selected-source-wrapped-contains	zero	request-graph-selection-and-wrapped-contains	request-selected-source	properties	200	fixture-kotlin-compiler-07	fixture-kotlin-compiler-07	1	6c1c49dd5e3fe90a5fa68f9ab09606732d59b2cb006a42f463d6390d9a27f2a1	success	0	147	805c8c7334c868e18e2be84be95b83cc60895722d739c2b164a68be4cd410c49	109193			request-selected-source	1	1	fixture-kotlin-compiler-07	1	0	0	1	0	1	0	0	0	1	0
request-selected-source-wrapped-contains-target-55-targeted	graph-parameter	request-selected-source-wrapped-contains	targeted	request-graph-selection-and-wrapped-contains	request-selected-source	properties	200	fixture-kotlin-compiler-07	fixture-kotlin-compiler-07	1	6c1c49dd5e3fe90a5fa68f9ab09606732d59b2cb006a42f463d6390d9a27f2a1	success	10	6054	f5c10be5db49f33f0b8307328bfb058b342da4d9241c33217038447620028ab5	113432		fixture-kotlin-compiler-07	request-selected-source	1	1	fixture-kotlin-compiler-07	1	0	0	1	0	10	0	0	0	1	0
request-selected-source-wrapped-contains-target-55-dense	graph-parameter	request-selected-source-wrapped-contains	dense	request-graph-selection-and-wrapped-contains	request-selected-source	properties	200	fixture-kotlin-compiler-07	fixture-kotlin-compiler-07	1	6c1c49dd5e3fe90a5fa68f9ab09606732d59b2cb006a42f463d6390d9a27f2a1	success	200	96112	0f6d4800cdd86ccdf20aab2fe6bd2924f66d70c9fcca46057385e09ba151a798	170618		fixture-kotlin-compiler-07	request-selected-source	1	1	fixture-kotlin-compiler-07	1	0	0	1	0	200	0	0	0	1	0
request-selected-source-wrapped-contains-target-56-zero	graph-parameter	request-selected-source-wrapped-contains	zero	request-graph-selection-and-wrapped-contains	request-selected-source	properties	200	fixture-kotlin-compiler-08	fixture-kotlin-compiler-08	1	37be466842d1f239df76fe55e92f6769fc0b2d6e47e43f0020c40a8ce8422cb0	success	0	147	805c8c7334c868e18e2be84be95b83cc60895722d739c2b164a68be4cd410c49	99546			request-selected-source	1	1	fixture-kotlin-compiler-08	1	0	0	1	0	1	0	0	0	1	0
request-selected-source-wrapped-contains-target-56-targeted	graph-parameter	request-selected-source-wrapped-contains	targeted	request-graph-selection-and-wrapped-contains	request-selected-source	properties	200	fixture-kotlin-compiler-08	fixture-kotlin-compiler-08	1	37be466842d1f239df76fe55e92f6769fc0b2d6e47e43f0020c40a8ce8422cb0	success	1	802	7ebbe5301915ad5c39692b733c3f39851576d09270c89f830b9e80b342a866f6	111989		fixture-kotlin-compiler-08	request-selected-source	1	1	fixture-kotlin-compiler-08	1	0	0	1	0	1	0	0	0	1	0
request-selected-source-wrapped-contains-target-56-dense	graph-parameter	request-selected-source-wrapped-contains	dense	request-graph-selection-and-wrapped-contains	request-selected-source	properties	200	fixture-kotlin-compiler-08	fixture-kotlin-compiler-08	1	37be466842d1f239df76fe55e92f6769fc0b2d6e47e43f0020c40a8ce8422cb0	success	200	93704	b778fc4edfb3c1031b90b2d3d121fd31958733afdc68d3f1cde538a17b738328	161872		fixture-kotlin-compiler-08	request-selected-source	1	1	fixture-kotlin-compiler-08	1	0	0	1	0	200	0	0	0	1	0
request-selected-source-wrapped-contains-target-57-zero	graph-parameter	request-selected-source-wrapped-contains	zero	request-graph-selection-and-wrapped-contains	request-selected-source	properties	200	fixture-kotlin-compiler-09	fixture-kotlin-compiler-09	1	5bacb6648bba38e91cc033e69d42538b040b89f913b58ee2afebb53ba8d35c57	success	0	147	805c8c7334c868e18e2be84be95b83cc60895722d739c2b164a68be4cd410c49	104365			request-selected-source	1	1	fixture-kotlin-compiler-09	1	0	0	1	0	1	0	0	0	1	0
request-selected-source-wrapped-contains-target-57-targeted	graph-parameter	request-selected-source-wrapped-contains	targeted	request-graph-selection-and-wrapped-contains	request-selected-source	properties	200	fixture-kotlin-compiler-09	fixture-kotlin-compiler-09	1	5bacb6648bba38e91cc033e69d42538b040b89f913b58ee2afebb53ba8d35c57	success	1	765	0812dc51126311be5cac082c5d39676905cd9a0811e6a08f17ec6343dc843471	104375		fixture-kotlin-compiler-09	request-selected-source	1	1	fixture-kotlin-compiler-09	1	0	0	1	0	1	0	0	0	1	0
request-selected-source-wrapped-contains-target-57-dense	graph-parameter	request-selected-source-wrapped-contains	dense	request-graph-selection-and-wrapped-contains	request-selected-source	properties	200	fixture-kotlin-compiler-09	fixture-kotlin-compiler-09	1	5bacb6648bba38e91cc033e69d42538b040b89f913b58ee2afebb53ba8d35c57	success	200	99258	415f437224f091ed04a72fa493ee405ec437acfcfdf54dee50789c56e5356f10	164737		fixture-kotlin-compiler-09	request-selected-source	1	1	fixture-kotlin-compiler-09	1	0	0	1	0	200	0	0	0	1	0
request-selected-source-wrapped-contains-target-58-zero	graph-parameter	request-selected-source-wrapped-contains	zero	request-graph-selection-and-wrapped-contains	request-selected-source	properties	200	fixture-kotlin-compiler-10	fixture-kotlin-compiler-10	1	634f1070c869c5f39ed7722d97b19c8976bc7fee623a8cfc705bcdd955e20759	success	0	147	805c8c7334c868e18e2be84be95b83cc60895722d739c2b164a68be4cd410c49	107070			request-selected-source	1	1	fixture-kotlin-compiler-10	1	0	0	1	0	1	0	0	0	1	0
request-selected-source-wrapped-contains-target-58-targeted	graph-parameter	request-selected-source-wrapped-contains	targeted	request-graph-selection-and-wrapped-contains	request-selected-source	properties	200	fixture-kotlin-compiler-10	fixture-kotlin-compiler-10	1	634f1070c869c5f39ed7722d97b19c8976bc7fee623a8cfc705bcdd955e20759	success	12	7029	1df616dc12f8aa99df8ef1921ad6c878afdd2d37362d488527ffbb7ddbe7f6e3	117389		fixture-kotlin-compiler-10	request-selected-source	1	1	fixture-kotlin-compiler-10	1	0	0	1	0	12	0	0	0	1	0
request-selected-source-wrapped-contains-target-58-dense	graph-parameter	request-selected-source-wrapped-contains	dense	request-graph-selection-and-wrapped-contains	request-selected-source	properties	200	fixture-kotlin-compiler-10	fixture-kotlin-compiler-10	1	634f1070c869c5f39ed7722d97b19c8976bc7fee623a8cfc705bcdd955e20759	success	200	94948	3f3fd3df372307937afdfd0915ce035266497833c5712760faf456eece659c97	333983		fixture-kotlin-compiler-10	request-selected-source	1	1	fixture-kotlin-compiler-10	1	0	0	1	0	200	0	0	0	1	0
request-selected-source-wrapped-contains-target-59-zero	graph-parameter	request-selected-source-wrapped-contains	zero	request-graph-selection-and-wrapped-contains	request-selected-source	properties	200	fixture-kotlin-compiler-11	fixture-kotlin-compiler-11	1	9e1bbfe33d12ec072b828f417bb9dcdab26d7daecb14898f31eb2d73cdaff93c	success	0	147	805c8c7334c868e18e2be84be95b83cc60895722d739c2b164a68be4cd410c49	130363			request-selected-source	1	1	fixture-kotlin-compiler-11	1	0	0	1	0	1	0	0	0	1	0
request-selected-source-wrapped-contains-target-59-targeted	graph-parameter	request-selected-source-wrapped-contains	targeted	request-graph-selection-and-wrapped-contains	request-selected-source	properties	200	fixture-kotlin-compiler-11	fixture-kotlin-compiler-11	1	9e1bbfe33d12ec072b828f417bb9dcdab26d7daecb14898f31eb2d73cdaff93c	success	11	6729	3d47749a3f582c73a2df58bf3f9b3beed9c001af5d9bd91af1d30abe76d3f524	129863		fixture-kotlin-compiler-11	request-selected-source	1	1	fixture-kotlin-compiler-11	1	0	0	1	0	11	0	0	0	1	0
request-selected-source-wrapped-contains-target-59-dense	graph-parameter	request-selected-source-wrapped-contains	dense	request-graph-selection-and-wrapped-contains	request-selected-source	properties	200	fixture-kotlin-compiler-11	fixture-kotlin-compiler-11	1	9e1bbfe33d12ec072b828f417bb9dcdab26d7daecb14898f31eb2d73cdaff93c	success	200	89429	54106029dd8c0484e4d4612954bdb30eebd525f910018413d1ee09bf2ea5c8ac	189284		fixture-kotlin-compiler-11	request-selected-source	1	1	fixture-kotlin-compiler-11	1	0	0	1	0	200	0	0	0	1	0
request-selected-source-wrapped-contains-target-60-zero	graph-parameter	request-selected-source-wrapped-contains	zero	request-graph-selection-and-wrapped-contains	request-selected-source	properties	200	fixture-kotlin-compiler-12	fixture-kotlin-compiler-12	1	45b0266366bbda196d2004ab993b070c325a01ec90b2c254cb7a89f0070e843a	success	0	147	805c8c7334c868e18e2be84be95b83cc60895722d739c2b164a68be4cd410c49	108663			request-selected-source	1	1	fixture-kotlin-compiler-12	1	0	0	1	0	1	0	0	0	1	0
request-selected-source-wrapped-contains-target-60-targeted	graph-parameter	request-selected-source-wrapped-contains	targeted	request-graph-selection-and-wrapped-contains	request-selected-source	properties	200	fixture-kotlin-compiler-12	fixture-kotlin-compiler-12	1	45b0266366bbda196d2004ab993b070c325a01ec90b2c254cb7a89f0070e843a	success	13	7599	88379c6b80e2b23974c6b6a1e2c6fc3f3680ec705c71b7cecbc9a2228bf7fa26	111448		fixture-kotlin-compiler-12	request-selected-source	1	1	fixture-kotlin-compiler-12	1	0	0	1	0	13	0	0	0	1	0
request-selected-source-wrapped-contains-target-60-dense	graph-parameter	request-selected-source-wrapped-contains	dense	request-graph-selection-and-wrapped-contains	request-selected-source	properties	200	fixture-kotlin-compiler-12	fixture-kotlin-compiler-12	1	45b0266366bbda196d2004ab993b070c325a01ec90b2c254cb7a89f0070e843a	success	200	94040	5d662b90e716477fff887768402c85462026d6042e22f1d7fafdb565b9f9efc8	175177		fixture-kotlin-compiler-12	request-selected-source	1	1	fixture-kotlin-compiler-12	1	0	0	1	0	200	0	0	0	1	0
request-selected-source-wrapped-contains-target-61-zero	graph-parameter	request-selected-source-wrapped-contains	zero	request-graph-selection-and-wrapped-contains	request-selected-source	properties	200	fixture-kotlin-compiler-13	fixture-kotlin-compiler-13	1	aedca61396c53e1f40a6a8408974c2e44a02b0dd40978618ab51b02da9ecb430	success	0	147	805c8c7334c868e18e2be84be95b83cc60895722d739c2b164a68be4cd410c49	104495			request-selected-source	1	1	fixture-kotlin-compiler-13	1	0	0	1	0	1	0	0	0	1	0
request-selected-source-wrapped-contains-target-61-targeted	graph-parameter	request-selected-source-wrapped-contains	targeted	request-graph-selection-and-wrapped-contains	request-selected-source	properties	200	fixture-kotlin-compiler-13	fixture-kotlin-compiler-13	1	aedca61396c53e1f40a6a8408974c2e44a02b0dd40978618ab51b02da9ecb430	success	8	5180	b6f5bd5828bd66e4f09f8198b509f3673986060cf32e2725dff13d9bcb4d6e9b	107440		fixture-kotlin-compiler-13	request-selected-source	1	1	fixture-kotlin-compiler-13	1	0	0	1	0	8	0	0	0	1	0
request-selected-source-wrapped-contains-target-61-dense	graph-parameter	request-selected-source-wrapped-contains	dense	request-graph-selection-and-wrapped-contains	request-selected-source	properties	200	fixture-kotlin-compiler-13	fixture-kotlin-compiler-13	1	aedca61396c53e1f40a6a8408974c2e44a02b0dd40978618ab51b02da9ecb430	success	200	93638	00f9fdf9bf9dc94ccc0d67b35cb45c01a8e623cfaedfdb70da1cc1bfa69daf82	168524		fixture-kotlin-compiler-13	request-selected-source	1	1	fixture-kotlin-compiler-13	1	0	0	1	0	200	0	0	0	1	0
request-selected-source-wrapped-contains-target-62-zero	graph-parameter	request-selected-source-wrapped-contains	zero	request-graph-selection-and-wrapped-contains	request-selected-source	properties	200	fixture-kotlin-compiler-14	fixture-kotlin-compiler-14	1	7f28ad9f946e8d01109ca70944e08883f52dd5c6cb287fa2d5fade1909b610b0	success	0	147	805c8c7334c868e18e2be84be95b83cc60895722d739c2b164a68be4cd410c49	104515			request-selected-source	1	1	fixture-kotlin-compiler-14	1	0	0	1	0	1	0	0	0	1	0
request-selected-source-wrapped-contains-target-62-targeted	graph-parameter	request-selected-source-wrapped-contains	targeted	request-graph-selection-and-wrapped-contains	request-selected-source	properties	200	fixture-kotlin-compiler-14	fixture-kotlin-compiler-14	1	7f28ad9f946e8d01109ca70944e08883f52dd5c6cb287fa2d5fade1909b610b0	success	1	877	f04b3035acb1285487cb68f126c796fd316b35c6ce630f1e71efd88436bf28f2	105928		fixture-kotlin-compiler-14	request-selected-source	1	1	fixture-kotlin-compiler-14	1	0	0	1	0	1	0	0	0	1	0
request-selected-source-wrapped-contains-target-62-dense	graph-parameter	request-selected-source-wrapped-contains	dense	request-graph-selection-and-wrapped-contains	request-selected-source	properties	200	fixture-kotlin-compiler-14	fixture-kotlin-compiler-14	1	7f28ad9f946e8d01109ca70944e08883f52dd5c6cb287fa2d5fade1909b610b0	success	200	97449	f19574ac46a01dafc16136d9e8c4835b8d40c72753078eb8a67a1d7d438dd937	169557		fixture-kotlin-compiler-14	request-selected-source	1	1	fixture-kotlin-compiler-14	1	0	0	1	0	200	0	0	0	1	0
request-selected-source-wrapped-contains-target-63-zero	graph-parameter	request-selected-source-wrapped-contains	zero	request-graph-selection-and-wrapped-contains	request-selected-source	properties	200	fixture-kotlin-compiler-15	fixture-kotlin-compiler-15	1	86015e396789c5c1cf86d1df3b0b97987a7b461bfcfb129491f3d758793d1d65	success	0	147	805c8c7334c868e18e2be84be95b83cc60895722d739c2b164a68be4cd410c49	105026			request-selected-source	1	1	fixture-kotlin-compiler-15	1	0	0	1	0	1	0	0	0	1	0
request-selected-source-wrapped-contains-target-63-targeted	graph-parameter	request-selected-source-wrapped-contains	targeted	request-graph-selection-and-wrapped-contains	request-selected-source	properties	200	fixture-kotlin-compiler-15	fixture-kotlin-compiler-15	1	86015e396789c5c1cf86d1df3b0b97987a7b461bfcfb129491f3d758793d1d65	success	1	778	1734729b6952d2a8eff267ca86b458aa4fd5e0c703c1fa60dd66478cd3c49356	128087		fixture-kotlin-compiler-15	request-selected-source	1	1	fixture-kotlin-compiler-15	1	0	0	1	0	1	0	0	0	1	0
request-selected-source-wrapped-contains-target-63-dense	graph-parameter	request-selected-source-wrapped-contains	dense	request-graph-selection-and-wrapped-contains	request-selected-source	properties	200	fixture-kotlin-compiler-15	fixture-kotlin-compiler-15	1	86015e396789c5c1cf86d1df3b0b97987a7b461bfcfb129491f3d758793d1d65	success	200	91412	082721be4b0e9234c67505fe172c638dcb4ef8924db9c6264a191473dfc4e443	272899		fixture-kotlin-compiler-15	request-selected-source	1	1	fixture-kotlin-compiler-15	1	0	0	1	0	200	0	0	0	1	0
graph-id-in-literal-wrapped-contains-k02-group-00-zero	graph-id-set	graph-id-in-literal-wrapped-contains	zero	graph-id-in-literal-and-wrapped-contains	graph-routing-set	properties	200	fixture-android-00	fixture-android-00,fixture-android-01	2	c5e427ee59fd172b027152e6baa9bd2cb81ab90e16b12acf9406ffe97ce9ae6a	success	0	147	805c8c7334c868e18e2be84be95b83cc60895722d739c2b164a68be4cd410c49	477020			cypher-graph-id-predicate	64	2	fixture-android-00,fixture-android-01	2	0	0	2	0	2	1	1	62	1	0
graph-id-in-parameter-wrapped-contains-k02-group-00-zero	graph-id-set	graph-id-in-parameter-wrapped-contains	zero	graph-id-in-parameter-and-wrapped-contains	parameters	properties	200	fixture-android-00	fixture-android-00,fixture-android-01	2	c5e427ee59fd172b027152e6baa9bd2cb81ab90e16b12acf9406ffe97ce9ae6a	success	0	147	805c8c7334c868e18e2be84be95b83cc60895722d739c2b164a68be4cd410c49	377155			cypher-graph-id-predicate	64	2	fixture-android-00,fixture-android-01	2	0	0	2	0	2	1	1	62	1	0
request-selected-set-wrapped-contains-k02-group-00-zero	graph-set-reference	request-selected-set-wrapped-contains	zero	request-graph-set-selection-and-wrapped-contains	request-selected-source	properties	200	fixture-android-00	fixture-android-00,fixture-android-01	2	c5e427ee59fd172b027152e6baa9bd2cb81ab90e16b12acf9406ffe97ce9ae6a	success	0	147	805c8c7334c868e18e2be84be95b83cc60895722d739c2b164a68be4cd410c49	148287			request-selected-source	2	2	fixture-android-00,fixture-android-01	2	0	0	2	0	2	0	0	0	1	0
graph-id-in-literal-wrapped-contains-k02-group-00-targeted	graph-id-set	graph-id-in-literal-wrapped-contains	targeted	graph-id-in-literal-and-wrapped-contains	graph-routing-set	properties	200	fixture-android-00	fixture-android-00,fixture-android-01	2	c5e427ee59fd172b027152e6baa9bd2cb81ab90e16b12acf9406ffe97ce9ae6a	success	10	5730	00c81103244dc6d42abdc3894d771e5a24957dcf7e5ad4d8dc686b1d7e0cb89e	644513		fixture-android-00	cypher-graph-id-predicate	64	2	fixture-android-00,fixture-android-01	2	0	0	2	0	203	1	1	62	1	0
graph-id-in-parameter-wrapped-contains-k02-group-00-targeted	graph-id-set	graph-id-in-parameter-wrapped-contains	targeted	graph-id-in-parameter-and-wrapped-contains	parameters	properties	200	fixture-android-00	fixture-android-00,fixture-android-01	2	c5e427ee59fd172b027152e6baa9bd2cb81ab90e16b12acf9406ffe97ce9ae6a	success	10	5730	00c81103244dc6d42abdc3894d771e5a24957dcf7e5ad4d8dc686b1d7e0cb89e	147936		fixture-android-00	cypher-graph-id-predicate	64	2	fixture-android-00,fixture-android-01	2	0	0	2	0	11	1	1	62	1	0
request-selected-set-wrapped-contains-k02-group-00-targeted	graph-set-reference	request-selected-set-wrapped-contains	targeted	request-graph-set-selection-and-wrapped-contains	request-selected-source	properties	200	fixture-android-00	fixture-android-00,fixture-android-01	2	c5e427ee59fd172b027152e6baa9bd2cb81ab90e16b12acf9406ffe97ce9ae6a	success	10	5730	00c81103244dc6d42abdc3894d771e5a24957dcf7e5ad4d8dc686b1d7e0cb89e	126285		fixture-android-00	request-selected-source	2	2	fixture-android-00,fixture-android-01	2	0	0	2	0	11	0	0	0	1	0
graph-id-in-literal-wrapped-contains-k02-group-00-dense	graph-id-set	graph-id-in-literal-wrapped-contains	dense	graph-id-in-literal-and-wrapped-contains	graph-routing-set	properties	200	fixture-android-00	fixture-android-00,fixture-android-01	2	c5e427ee59fd172b027152e6baa9bd2cb81ab90e16b12acf9406ffe97ce9ae6a	success	200	84411	3bdee68309e62bee93f47848258ded90b1763d55841fa57d8b8fd21867653c44	1456269		fixture-android-00	cypher-graph-id-predicate	64	1	fixture-android-00	1	0	0	1	0	200	1	1	62	1	0
graph-id-in-parameter-wrapped-contains-k02-group-00-dense	graph-id-set	graph-id-in-parameter-wrapped-contains	dense	graph-id-in-parameter-and-wrapped-contains	parameters	properties	200	fixture-android-00	fixture-android-00,fixture-android-01	2	c5e427ee59fd172b027152e6baa9bd2cb81ab90e16b12acf9406ffe97ce9ae6a	success	200	84411	3bdee68309e62bee93f47848258ded90b1763d55841fa57d8b8fd21867653c44	188311		fixture-android-00	cypher-graph-id-predicate	64	1	fixture-android-00	1	0	0	1	0	200	1	1	62	1	0
request-selected-set-wrapped-contains-k02-group-00-dense	graph-set-reference	request-selected-set-wrapped-contains	dense	request-graph-set-selection-and-wrapped-contains	request-selected-source	properties	200	fixture-android-00	fixture-android-00,fixture-android-01	2	c5e427ee59fd172b027152e6baa9bd2cb81ab90e16b12acf9406ffe97ce9ae6a	success	200	84411	3bdee68309e62bee93f47848258ded90b1763d55841fa57d8b8fd21867653c44	201796		fixture-android-00	request-selected-source	2	1	fixture-android-00	1	0	0	1	0	200	0	0	0	1	0
graph-id-in-literal-wrapped-contains-k02-group-01-zero	graph-id-set	graph-id-in-literal-wrapped-contains	zero	graph-id-in-literal-and-wrapped-contains	graph-routing-set	properties	200	fixture-android-02	fixture-android-02,fixture-android-03	2	d64cb658b49ae8aa8f854034e272f5ae61430151b877619dd59a5dae05bbec09	success	0	147	805c8c7334c868e18e2be84be95b83cc60895722d739c2b164a68be4cd410c49	313075			cypher-graph-id-predicate	64	2	fixture-android-02,fixture-android-03	2	0	0	2	0	3	1	1	62	1	0
graph-id-in-parameter-wrapped-contains-k02-group-01-zero	graph-id-set	graph-id-in-parameter-wrapped-contains	zero	graph-id-in-parameter-and-wrapped-contains	parameters	properties	200	fixture-android-02	fixture-android-02,fixture-android-03	2	d64cb658b49ae8aa8f854034e272f5ae61430151b877619dd59a5dae05bbec09	success	0	147	805c8c7334c868e18e2be84be95b83cc60895722d739c2b164a68be4cd410c49	143638			cypher-graph-id-predicate	64	2	fixture-android-02,fixture-android-03	2	0	0	2	0	2	1	1	62	1	0
request-selected-set-wrapped-contains-k02-group-01-zero	graph-set-reference	request-selected-set-wrapped-contains	zero	request-graph-set-selection-and-wrapped-contains	request-selected-source	properties	200	fixture-android-02	fixture-android-02,fixture-android-03	2	d64cb658b49ae8aa8f854034e272f5ae61430151b877619dd59a5dae05bbec09	success	0	147	805c8c7334c868e18e2be84be95b83cc60895722d739c2b164a68be4cd410c49	104154			request-selected-source	2	2	fixture-android-02,fixture-android-03	2	0	0	2	0	2	0	0	0	1	0
graph-id-in-literal-wrapped-contains-k02-group-01-targeted	graph-id-set	graph-id-in-literal-wrapped-contains	targeted	graph-id-in-literal-and-wrapped-contains	graph-routing-set	properties	200	fixture-android-02	fixture-android-02,fixture-android-03	2	d64cb658b49ae8aa8f854034e272f5ae61430151b877619dd59a5dae05bbec09	success	9	5751	0754b66fd035110585cc31e6af555127395a9cd85c413f0a859de6b596c3b70d	437727		fixture-android-02	cypher-graph-id-predicate	64	2	fixture-android-02,fixture-android-03	2	0	0	2	0	145	1	1	62	1	0
graph-id-in-parameter-wrapped-contains-k02-group-01-targeted	graph-id-set	graph-id-in-parameter-wrapped-contains	targeted	graph-id-in-parameter-and-wrapped-contains	parameters	properties	200	fixture-android-02	fixture-android-02,fixture-android-03	2	d64cb658b49ae8aa8f854034e272f5ae61430151b877619dd59a5dae05bbec09	success	9	5751	0754b66fd035110585cc31e6af555127395a9cd85c413f0a859de6b596c3b70d	135233		fixture-android-02	cypher-graph-id-predicate	64	2	fixture-android-02,fixture-android-03	2	0	0	2	0	10	1	1	62	1	0
request-selected-set-wrapped-contains-k02-group-01-targeted	graph-set-reference	request-selected-set-wrapped-contains	targeted	request-graph-set-selection-and-wrapped-contains	request-selected-source	properties	200	fixture-android-02	fixture-android-02,fixture-android-03	2	d64cb658b49ae8aa8f854034e272f5ae61430151b877619dd59a5dae05bbec09	success	9	5751	0754b66fd035110585cc31e6af555127395a9cd85c413f0a859de6b596c3b70d	119864		fixture-android-02	request-selected-source	2	2	fixture-android-02,fixture-android-03	2	0	0	2	0	10	0	0	0	1	0
graph-id-in-literal-wrapped-contains-k02-group-01-dense	graph-id-set	graph-id-in-literal-wrapped-contains	dense	graph-id-in-literal-and-wrapped-contains	graph-routing-set	properties	200	fixture-android-02	fixture-android-02,fixture-android-03	2	d64cb658b49ae8aa8f854034e272f5ae61430151b877619dd59a5dae05bbec09	success	200	86930	a289774d080329d12351d967c614eae9b16190b55970a757b1f268e21aee3975	320609		fixture-android-02	cypher-graph-id-predicate	64	1	fixture-android-02	1	0	0	1	0	200	1	1	62	1	0
graph-id-in-parameter-wrapped-contains-k02-group-01-dense	graph-id-set	graph-id-in-parameter-wrapped-contains	dense	graph-id-in-parameter-and-wrapped-contains	parameters	properties	200	fixture-android-02	fixture-android-02,fixture-android-03	2	d64cb658b49ae8aa8f854034e272f5ae61430151b877619dd59a5dae05bbec09	success	200	86930	a289774d080329d12351d967c614eae9b16190b55970a757b1f268e21aee3975	187430		fixture-android-02	cypher-graph-id-predicate	64	1	fixture-android-02	1	0	0	1	0	200	1	1	62	1	0
request-selected-set-wrapped-contains-k02-group-01-dense	graph-set-reference	request-selected-set-wrapped-contains	dense	request-graph-set-selection-and-wrapped-contains	request-selected-source	properties	200	fixture-android-02	fixture-android-02,fixture-android-03	2	d64cb658b49ae8aa8f854034e272f5ae61430151b877619dd59a5dae05bbec09	success	200	86930	a289774d080329d12351d967c614eae9b16190b55970a757b1f268e21aee3975	201904		fixture-android-02	request-selected-source	2	1	fixture-android-02	1	0	0	1	0	200	0	0	0	1	0
graph-id-in-literal-wrapped-contains-k02-group-02-zero	graph-id-set	graph-id-in-literal-wrapped-contains	zero	graph-id-in-literal-and-wrapped-contains	graph-routing-set	properties	200	fixture-android-04	fixture-android-04,fixture-android-05	2	b8fdb740afd79a8321e4190db7c093a8e1259183d215b7f96692345a6e8a0185	success	0	147	805c8c7334c868e18e2be84be95b83cc60895722d739c2b164a68be4cd410c49	218057			cypher-graph-id-predicate	64	2	fixture-android-04,fixture-android-05	2	0	0	2	0	3	1	1	62	1	0
graph-id-in-parameter-wrapped-contains-k02-group-02-zero	graph-id-set	graph-id-in-parameter-wrapped-contains	zero	graph-id-in-parameter-and-wrapped-contains	parameters	properties	200	fixture-android-04	fixture-android-04,fixture-android-05	2	b8fdb740afd79a8321e4190db7c093a8e1259183d215b7f96692345a6e8a0185	success	0	147	805c8c7334c868e18e2be84be95b83cc60895722d739c2b164a68be4cd410c49	164838			cypher-graph-id-predicate	64	2	fixture-android-04,fixture-android-05	2	0	0	2	0	2	1	1	62	1	0
request-selected-set-wrapped-contains-k02-group-02-zero	graph-set-reference	request-selected-set-wrapped-contains	zero	request-graph-set-selection-and-wrapped-contains	request-selected-source	properties	200	fixture-android-04	fixture-android-04,fixture-android-05	2	b8fdb740afd79a8321e4190db7c093a8e1259183d215b7f96692345a6e8a0185	success	0	147	805c8c7334c868e18e2be84be95b83cc60895722d739c2b164a68be4cd410c49	150672			request-selected-source	2	2	fixture-android-04,fixture-android-05	2	0	0	2	0	2	0	0	0	1	0
graph-id-in-literal-wrapped-contains-k02-group-02-targeted	graph-id-set	graph-id-in-literal-wrapped-contains	targeted	graph-id-in-literal-and-wrapped-contains	graph-routing-set	properties	200	fixture-android-04	fixture-android-04,fixture-android-05	2	b8fdb740afd79a8321e4190db7c093a8e1259183d215b7f96692345a6e8a0185	success	9	5762	527d81de9e8ca9f5fe9ad0166e1e1711fbccaf3c53281e7e95375f6d55e3a3c7	443508		fixture-android-04	cypher-graph-id-predicate	64	2	fixture-android-04,fixture-android-05	2	0	0	2	0	291	1	1	62	1	0
graph-id-in-parameter-wrapped-contains-k02-group-02-targeted	graph-id-set	graph-id-in-parameter-wrapped-contains	targeted	graph-id-in-parameter-and-wrapped-contains	parameters	properties	200	fixture-android-04	fixture-android-04,fixture-android-05	2	b8fdb740afd79a8321e4190db7c093a8e1259183d215b7f96692345a6e8a0185	success	9	5762	527d81de9e8ca9f5fe9ad0166e1e1711fbccaf3c53281e7e95375f6d55e3a3c7	152906		fixture-android-04	cypher-graph-id-predicate	64	2	fixture-android-04,fixture-android-05	2	0	0	2	0	10	1	1	62	1	0
request-selected-set-wrapped-contains-k02-group-02-targeted	graph-set-reference	request-selected-set-wrapped-contains	targeted	request-graph-set-selection-and-wrapped-contains	request-selected-source	properties	200	fixture-android-04	fixture-android-04,fixture-android-05	2	b8fdb740afd79a8321e4190db7c093a8e1259183d215b7f96692345a6e8a0185	success	9	5762	527d81de9e8ca9f5fe9ad0166e1e1711fbccaf3c53281e7e95375f6d55e3a3c7	122138		fixture-android-04	request-selected-source	2	2	fixture-android-04,fixture-android-05	2	0	0	2	0	10	0	0	0	1	0
graph-id-in-literal-wrapped-contains-k02-group-02-dense	graph-id-set	graph-id-in-literal-wrapped-contains	dense	graph-id-in-literal-and-wrapped-contains	graph-routing-set	properties	200	fixture-android-04	fixture-android-04,fixture-android-05	2	b8fdb740afd79a8321e4190db7c093a8e1259183d215b7f96692345a6e8a0185	success	200	86152	85d9bac3392391ae56f1f03af81d888f398336c8e33a1ef1e42c5409f746f730	330708		fixture-android-04	cypher-graph-id-predicate	64	1	fixture-android-04	1	0	0	1	0	200	1	1	62	1	0
graph-id-in-parameter-wrapped-contains-k02-group-02-dense	graph-id-set	graph-id-in-parameter-wrapped-contains	dense	graph-id-in-parameter-and-wrapped-contains	parameters	properties	200	fixture-android-04	fixture-android-04,fixture-android-05	2	b8fdb740afd79a8321e4190db7c093a8e1259183d215b7f96692345a6e8a0185	success	200	86152	85d9bac3392391ae56f1f03af81d888f398336c8e33a1ef1e42c5409f746f730	156632		fixture-android-04	cypher-graph-id-predicate	64	1	fixture-android-04	1	0	0	1	0	200	1	1	62	1	0
request-selected-set-wrapped-contains-k02-group-02-dense	graph-set-reference	request-selected-set-wrapped-contains	dense	request-graph-set-selection-and-wrapped-contains	request-selected-source	properties	200	fixture-android-04	fixture-android-04,fixture-android-05	2	b8fdb740afd79a8321e4190db7c093a8e1259183d215b7f96692345a6e8a0185	success	200	86152	85d9bac3392391ae56f1f03af81d888f398336c8e33a1ef1e42c5409f746f730	181348		fixture-android-04	request-selected-source	2	1	fixture-android-04	1	0	0	1	0	200	0	0	0	1	0
graph-id-in-literal-wrapped-contains-k02-group-03-zero	graph-id-set	graph-id-in-literal-wrapped-contains	zero	graph-id-in-literal-and-wrapped-contains	graph-routing-set	properties	200	fixture-android-06	fixture-android-06,fixture-android-07	2	6fe6d1e974e6baa1651257376dccb286a52017ff70666b6755aad54482e00b40	success	0	147	805c8c7334c868e18e2be84be95b83cc60895722d739c2b164a68be4cd410c49	205494			cypher-graph-id-predicate	64	2	fixture-android-06,fixture-android-07	2	0	0	2	0	3	1	1	62	1	0
graph-id-in-parameter-wrapped-contains-k02-group-03-zero	graph-id-set	graph-id-in-parameter-wrapped-contains	zero	graph-id-in-parameter-and-wrapped-contains	parameters	properties	200	fixture-android-06	fixture-android-06,fixture-android-07	2	6fe6d1e974e6baa1651257376dccb286a52017ff70666b6755aad54482e00b40	success	0	147	805c8c7334c868e18e2be84be95b83cc60895722d739c2b164a68be4cd410c49	158867			cypher-graph-id-predicate	64	2	fixture-android-06,fixture-android-07	2	0	0	2	0	2	1	1	62	1	0
request-selected-set-wrapped-contains-k02-group-03-zero	graph-set-reference	request-selected-set-wrapped-contains	zero	request-graph-set-selection-and-wrapped-contains	request-selected-source	properties	200	fixture-android-06	fixture-android-06,fixture-android-07	2	6fe6d1e974e6baa1651257376dccb286a52017ff70666b6755aad54482e00b40	success	0	147	805c8c7334c868e18e2be84be95b83cc60895722d739c2b164a68be4cd410c49	124002			request-selected-source	2	2	fixture-android-06,fixture-android-07	2	0	0	2	0	2	0	0	0	1	0
graph-id-in-literal-wrapped-contains-k02-group-03-targeted	graph-id-set	graph-id-in-literal-wrapped-contains	targeted	graph-id-in-literal-and-wrapped-contains	graph-routing-set	properties	200	fixture-android-06	fixture-android-06,fixture-android-07	2	6fe6d1e974e6baa1651257376dccb286a52017ff70666b6755aad54482e00b40	success	1	734	2c8962bfda6df26238f145f32f089e1ccdb69cc26ea9c2fde590f543638ba060	387664		fixture-android-06	cypher-graph-id-predicate	64	2	fixture-android-06,fixture-android-07	2	0	0	2	0	175	1	1	62	1	0
graph-id-in-parameter-wrapped-contains-k02-group-03-targeted	graph-id-set	graph-id-in-parameter-wrapped-contains	targeted	graph-id-in-parameter-and-wrapped-contains	parameters	properties	200	fixture-android-06	fixture-android-06,fixture-android-07	2	6fe6d1e974e6baa1651257376dccb286a52017ff70666b6755aad54482e00b40	success	1	734	2c8962bfda6df26238f145f32f089e1ccdb69cc26ea9c2fde590f543638ba060	169908		fixture-android-06	cypher-graph-id-predicate	64	2	fixture-android-06,fixture-android-07	2	0	0	2	0	2	1	1	62	1	0
request-selected-set-wrapped-contains-k02-group-03-targeted	graph-set-reference	request-selected-set-wrapped-contains	targeted	request-graph-set-selection-and-wrapped-contains	request-selected-source	properties	200	fixture-android-06	fixture-android-06,fixture-android-07	2	6fe6d1e974e6baa1651257376dccb286a52017ff70666b6755aad54482e00b40	success	1	734	2c8962bfda6df26238f145f32f089e1ccdb69cc26ea9c2fde590f543638ba060	140422		fixture-android-06	request-selected-source	2	2	fixture-android-06,fixture-android-07	2	0	0	2	0	2	0	0	0	1	0
graph-id-in-literal-wrapped-contains-k02-group-03-dense	graph-id-set	graph-id-in-literal-wrapped-contains	dense	graph-id-in-literal-and-wrapped-contains	graph-routing-set	properties	200	fixture-android-06	fixture-android-06,fixture-android-07	2	6fe6d1e974e6baa1651257376dccb286a52017ff70666b6755aad54482e00b40	success	200	83941	f7f169fb4cd9a2408b058d9e03502907fe0d9372ba70f2f3749aeaffa464e292	419713		fixture-android-06	cypher-graph-id-predicate	64	1	fixture-android-06	1	0	0	1	0	200	1	1	62	1	0
graph-id-in-parameter-wrapped-contains-k02-group-03-dense	graph-id-set	graph-id-in-parameter-wrapped-contains	dense	graph-id-in-parameter-and-wrapped-contains	parameters	properties	200	fixture-android-06	fixture-android-06,fixture-android-07	2	6fe6d1e974e6baa1651257376dccb286a52017ff70666b6755aad54482e00b40	success	200	83941	f7f169fb4cd9a2408b058d9e03502907fe0d9372ba70f2f3749aeaffa464e292	182791		fixture-android-06	cypher-graph-id-predicate	64	1	fixture-android-06	1	0	0	1	0	200	1	1	62	1	0
request-selected-set-wrapped-contains-k02-group-03-dense	graph-set-reference	request-selected-set-wrapped-contains	dense	request-graph-set-selection-and-wrapped-contains	request-selected-source	properties	200	fixture-android-06	fixture-android-06,fixture-android-07	2	6fe6d1e974e6baa1651257376dccb286a52017ff70666b6755aad54482e00b40	success	200	83941	f7f169fb4cd9a2408b058d9e03502907fe0d9372ba70f2f3749aeaffa464e292	153887		fixture-android-06	request-selected-source	2	1	fixture-android-06	1	0	0	1	0	200	0	0	0	1	0
graph-id-in-literal-wrapped-contains-k02-group-04-zero	graph-id-set	graph-id-in-literal-wrapped-contains	zero	graph-id-in-literal-and-wrapped-contains	graph-routing-set	properties	200	fixture-android-08	fixture-android-08,fixture-android-09	2	9ec81a90c045de286a3929ee12d1d47e12620e8c018cdd08ec574a7d9d754d97	success	0	147	805c8c7334c868e18e2be84be95b83cc60895722d739c2b164a68be4cd410c49	186318			cypher-graph-id-predicate	64	2	fixture-android-08,fixture-android-09	2	0	0	2	0	3	1	1	62	1	0
graph-id-in-parameter-wrapped-contains-k02-group-04-zero	graph-id-set	graph-id-in-parameter-wrapped-contains	zero	graph-id-in-parameter-and-wrapped-contains	parameters	properties	200	fixture-android-08	fixture-android-08,fixture-android-09	2	9ec81a90c045de286a3929ee12d1d47e12620e8c018cdd08ec574a7d9d754d97	success	0	147	805c8c7334c868e18e2be84be95b83cc60895722d739c2b164a68be4cd410c49	153577			cypher-graph-id-predicate	64	2	fixture-android-08,fixture-android-09	2	0	0	2	0	2	1	1	62	1	0
request-selected-set-wrapped-contains-k02-group-04-zero	graph-set-reference	request-selected-set-wrapped-contains	zero	request-graph-set-selection-and-wrapped-contains	request-selected-source	properties	200	fixture-android-08	fixture-android-08,fixture-android-09	2	9ec81a90c045de286a3929ee12d1d47e12620e8c018cdd08ec574a7d9d754d97	success	0	147	805c8c7334c868e18e2be84be95b83cc60895722d739c2b164a68be4cd410c49	121026			request-selected-source	2	2	fixture-android-08,fixture-android-09	2	0	0	2	0	2	0	0	0	1	0
graph-id-in-literal-wrapped-contains-k02-group-04-targeted	graph-id-set	graph-id-in-literal-wrapped-contains	targeted	graph-id-in-literal-and-wrapped-contains	graph-routing-set	properties	200	fixture-android-08	fixture-android-08,fixture-android-09	2	9ec81a90c045de286a3929ee12d1d47e12620e8c018cdd08ec574a7d9d754d97	success	2	1322	4b49b28d836e57c2c3f8d43a93acd00a93b169fcd603338f9ab350f541e9665c	370113		fixture-android-08	cypher-graph-id-predicate	64	2	fixture-android-08,fixture-android-09	2	0	0	2	0	192	1	1	62	1	0
graph-id-in-parameter-wrapped-contains-k02-group-04-targeted	graph-id-set	graph-id-in-parameter-wrapped-contains	targeted	graph-id-in-parameter-and-wrapped-contains	parameters	properties	200	fixture-android-08	fixture-android-08,fixture-android-09	2	9ec81a90c045de286a3929ee12d1d47e12620e8c018cdd08ec574a7d9d754d97	success	2	1322	4b49b28d836e57c2c3f8d43a93acd00a93b169fcd603338f9ab350f541e9665c	188722		fixture-android-08	cypher-graph-id-predicate	64	2	fixture-android-08,fixture-android-09	2	0	0	2	0	3	1	1	62	1	0
request-selected-set-wrapped-contains-k02-group-04-targeted	graph-set-reference	request-selected-set-wrapped-contains	targeted	request-graph-set-selection-and-wrapped-contains	request-selected-source	properties	200	fixture-android-08	fixture-android-08,fixture-android-09	2	9ec81a90c045de286a3929ee12d1d47e12620e8c018cdd08ec574a7d9d754d97	success	2	1322	4b49b28d836e57c2c3f8d43a93acd00a93b169fcd603338f9ab350f541e9665c	121627		fixture-android-08	request-selected-source	2	2	fixture-android-08,fixture-android-09	2	0	0	2	0	3	0	0	0	1	0
graph-id-in-literal-wrapped-contains-k02-group-04-dense	graph-id-set	graph-id-in-literal-wrapped-contains	dense	graph-id-in-literal-and-wrapped-contains	graph-routing-set	properties	200	fixture-android-08	fixture-android-08,fixture-android-09	2	9ec81a90c045de286a3929ee12d1d47e12620e8c018cdd08ec574a7d9d754d97	success	200	85531	ed34441ff634f19c276911a1fa193106a9070fde1065b57fc7ec71132b8d5f66	386422		fixture-android-08	cypher-graph-id-predicate	64	1	fixture-android-08	1	0	0	1	0	200	1	1	62	1	0
graph-id-in-parameter-wrapped-contains-k02-group-04-dense	graph-id-set	graph-id-in-parameter-wrapped-contains	dense	graph-id-in-parameter-and-wrapped-contains	parameters	properties	200	fixture-android-08	fixture-android-08,fixture-android-09	2	9ec81a90c045de286a3929ee12d1d47e12620e8c018cdd08ec574a7d9d754d97	success	200	85531	ed34441ff634f19c276911a1fa193106a9070fde1065b57fc7ec71132b8d5f66	173994		fixture-android-08	cypher-graph-id-predicate	64	1	fixture-android-08	1	0	0	1	0	200	1	1	62	1	0
request-selected-set-wrapped-contains-k02-group-04-dense	graph-set-reference	request-selected-set-wrapped-contains	dense	request-graph-set-selection-and-wrapped-contains	request-selected-source	properties	200	fixture-android-08	fixture-android-08,fixture-android-09	2	9ec81a90c045de286a3929ee12d1d47e12620e8c018cdd08ec574a7d9d754d97	success	200	85531	ed34441ff634f19c276911a1fa193106a9070fde1065b57fc7ec71132b8d5f66	178423		fixture-android-08	request-selected-source	2	1	fixture-android-08	1	0	0	1	0	200	0	0	0	1	0
graph-id-in-literal-wrapped-contains-k02-group-05-zero	graph-id-set	graph-id-in-literal-wrapped-contains	zero	graph-id-in-literal-and-wrapped-contains	graph-routing-set	properties	200	fixture-android-10	fixture-android-10,fixture-android-11	2	260eebba364a9fc7120210e771f0b6bb86afe03c57c19e1b80a6f5a3e4ae88d8	success	0	147	805c8c7334c868e18e2be84be95b83cc60895722d739c2b164a68be4cd410c49	192660			cypher-graph-id-predicate	64	2	fixture-android-10,fixture-android-11	2	0	0	2	0	3	1	1	62	1	0
graph-id-in-parameter-wrapped-contains-k02-group-05-zero	graph-id-set	graph-id-in-parameter-wrapped-contains	zero	graph-id-in-parameter-and-wrapped-contains	parameters	properties	200	fixture-android-10	fixture-android-10,fixture-android-11	2	260eebba364a9fc7120210e771f0b6bb86afe03c57c19e1b80a6f5a3e4ae88d8	success	0	147	805c8c7334c868e18e2be84be95b83cc60895722d739c2b164a68be4cd410c49	145622			cypher-graph-id-predicate	64	2	fixture-android-10,fixture-android-11	2	0	0	2	0	2	1	1	62	1	0
request-selected-set-wrapped-contains-k02-group-05-zero	graph-set-reference	request-selected-set-wrapped-contains	zero	request-graph-set-selection-and-wrapped-contains	request-selected-source	properties	200	fixture-android-10	fixture-android-10,fixture-android-11	2	260eebba364a9fc7120210e771f0b6bb86afe03c57c19e1b80a6f5a3e4ae88d8	success	0	147	805c8c7334c868e18e2be84be95b83cc60895722d739c2b164a68be4cd410c49	123300			request-selected-source	2	2	fixture-android-10,fixture-android-11	2	0	0	2	0	2	0	0	0	1	0
graph-id-in-literal-wrapped-contains-k02-group-05-targeted	graph-id-set	graph-id-in-literal-wrapped-contains	targeted	graph-id-in-literal-and-wrapped-contains	graph-routing-set	properties	200	fixture-android-10	fixture-android-10,fixture-android-11	2	260eebba364a9fc7120210e771f0b6bb86afe03c57c19e1b80a6f5a3e4ae88d8	success	1	821	f3f4d5fb39ff9fde7dcf6d88e4f52bcc4c277ed98626ccca0b17c4ddbb20b035	331549		fixture-android-10	cypher-graph-id-predicate	64	2	fixture-android-10,fixture-android-11	2	0	0	2	0	141	1	1	62	1	0
graph-id-in-parameter-wrapped-contains-k02-group-05-targeted	graph-id-set	graph-id-in-parameter-wrapped-contains	targeted	graph-id-in-parameter-and-wrapped-contains	parameters	properties	200	fixture-android-10	fixture-android-10,fixture-android-11	2	260eebba364a9fc7120210e771f0b6bb86afe03c57c19e1b80a6f5a3e4ae88d8	success	1	821	f3f4d5fb39ff9fde7dcf6d88e4f52bcc4c277ed98626ccca0b17c4ddbb20b035	160680		fixture-android-10	cypher-graph-id-predicate	64	2	fixture-android-10,fixture-android-11	2	0	0	2	0	2	1	1	62	1	0
request-selected-set-wrapped-contains-k02-group-05-targeted	graph-set-reference	request-selected-set-wrapped-contains	targeted	request-graph-set-selection-and-wrapped-contains	request-selected-source	properties	200	fixture-android-10	fixture-android-10,fixture-android-11	2	260eebba364a9fc7120210e771f0b6bb86afe03c57c19e1b80a6f5a3e4ae88d8	success	1	821	f3f4d5fb39ff9fde7dcf6d88e4f52bcc4c277ed98626ccca0b17c4ddbb20b035	133409		fixture-android-10	request-selected-source	2	2	fixture-android-10,fixture-android-11	2	0	0	2	0	2	0	0	0	1	0
graph-id-in-literal-wrapped-contains-k02-group-05-dense	graph-id-set	graph-id-in-literal-wrapped-contains	dense	graph-id-in-literal-and-wrapped-contains	graph-routing-set	properties	200	fixture-android-10	fixture-android-10,fixture-android-11	2	260eebba364a9fc7120210e771f0b6bb86afe03c57c19e1b80a6f5a3e4ae88d8	success	200	86914	eec30bd784e53b80ccd384559e9d1f853b8152ad8db90ad1f27d391bf03fc0d8	316270		fixture-android-10	cypher-graph-id-predicate	64	1	fixture-android-10	1	0	0	1	0	200	1	1	62	1	0
graph-id-in-parameter-wrapped-contains-k02-group-05-dense	graph-id-set	graph-id-in-parameter-wrapped-contains	dense	graph-id-in-parameter-and-wrapped-contains	parameters	properties	200	fixture-android-10	fixture-android-10,fixture-android-11	2	260eebba364a9fc7120210e771f0b6bb86afe03c57c19e1b80a6f5a3e4ae88d8	success	200	86914	eec30bd784e53b80ccd384559e9d1f853b8152ad8db90ad1f27d391bf03fc0d8	153456		fixture-android-10	cypher-graph-id-predicate	64	1	fixture-android-10	1	0	0	1	0	200	1	1	62	1	0
request-selected-set-wrapped-contains-k02-group-05-dense	graph-set-reference	request-selected-set-wrapped-contains	dense	request-graph-set-selection-and-wrapped-contains	request-selected-source	properties	200	fixture-android-10	fixture-android-10,fixture-android-11	2	260eebba364a9fc7120210e771f0b6bb86afe03c57c19e1b80a6f5a3e4ae88d8	success	200	86914	eec30bd784e53b80ccd384559e9d1f853b8152ad8db90ad1f27d391bf03fc0d8	154759		fixture-android-10	request-selected-source	2	1	fixture-android-10	1	0	0	1	0	200	0	0	0	1	0
graph-id-in-literal-wrapped-contains-k02-group-06-zero	graph-id-set	graph-id-in-literal-wrapped-contains	zero	graph-id-in-literal-and-wrapped-contains	graph-routing-set	properties	200	fixture-android-12	fixture-android-12,fixture-android-13	2	53a2cc8450ae462342eae55ee18f75ffa0aadf3bacfbd392f69f35c17509903f	success	0	147	805c8c7334c868e18e2be84be95b83cc60895722d739c2b164a68be4cd410c49	185556			cypher-graph-id-predicate	64	2	fixture-android-12,fixture-android-13	2	0	0	2	0	3	1	1	62	1	0
graph-id-in-parameter-wrapped-contains-k02-group-06-zero	graph-id-set	graph-id-in-parameter-wrapped-contains	zero	graph-id-in-parameter-and-wrapped-contains	parameters	properties	200	fixture-android-12	fixture-android-12,fixture-android-13	2	53a2cc8450ae462342eae55ee18f75ffa0aadf3bacfbd392f69f35c17509903f	success	0	147	805c8c7334c868e18e2be84be95b83cc60895722d739c2b164a68be4cd410c49	178453			cypher-graph-id-predicate	64	2	fixture-android-12,fixture-android-13	2	0	0	2	0	2	1	1	62	1	0
request-selected-set-wrapped-contains-k02-group-06-zero	graph-set-reference	request-selected-set-wrapped-contains	zero	request-graph-set-selection-and-wrapped-contains	request-selected-source	properties	200	fixture-android-12	fixture-android-12,fixture-android-13	2	53a2cc8450ae462342eae55ee18f75ffa0aadf3bacfbd392f69f35c17509903f	success	0	147	805c8c7334c868e18e2be84be95b83cc60895722d739c2b164a68be4cd410c49	138308			request-selected-source	2	2	fixture-android-12,fixture-android-13	2	0	0	2	0	2	0	0	0	1	0
graph-id-in-literal-wrapped-contains-k02-group-06-targeted	graph-id-set	graph-id-in-literal-wrapped-contains	targeted	graph-id-in-literal-and-wrapped-contains	graph-routing-set	properties	200	fixture-android-12	fixture-android-12,fixture-android-13	2	53a2cc8450ae462342eae55ee18f75ffa0aadf3bacfbd392f69f35c17509903f	success	2	1348	569ba2c2d8626f5c6804b713aa9f9bd5155648246e0bb082ab37cf407a3ccee9	305771		fixture-android-12	cypher-graph-id-predicate	64	2	fixture-android-12,fixture-android-13	2	0	0	2	0	164	1	1	62	1	0
graph-id-in-parameter-wrapped-contains-k02-group-06-targeted	graph-id-set	graph-id-in-parameter-wrapped-contains	targeted	graph-id-in-parameter-and-wrapped-contains	parameters	properties	200	fixture-android-12	fixture-android-12,fixture-android-13	2	53a2cc8450ae462342eae55ee18f75ffa0aadf3bacfbd392f69f35c17509903f	success	2	1348	569ba2c2d8626f5c6804b713aa9f9bd5155648246e0bb082ab37cf407a3ccee9	144640		fixture-android-12	cypher-graph-id-predicate	64	2	fixture-android-12,fixture-android-13	2	0	0	2	0	3	1	1	62	1	0
request-selected-set-wrapped-contains-k02-group-06-targeted	graph-set-reference	request-selected-set-wrapped-contains	targeted	request-graph-set-selection-and-wrapped-contains	request-selected-source	properties	200	fixture-android-12	fixture-android-12,fixture-android-13	2	53a2cc8450ae462342eae55ee18f75ffa0aadf3bacfbd392f69f35c17509903f	success	2	1348	569ba2c2d8626f5c6804b713aa9f9bd5155648246e0bb082ab37cf407a3ccee9	121357		fixture-android-12	request-selected-source	2	2	fixture-android-12,fixture-android-13	2	0	0	2	0	3	0	0	0	1	0
graph-id-in-literal-wrapped-contains-k02-group-06-dense	graph-id-set	graph-id-in-literal-wrapped-contains	dense	graph-id-in-literal-and-wrapped-contains	graph-routing-set	properties	200	fixture-android-12	fixture-android-12,fixture-android-13	2	53a2cc8450ae462342eae55ee18f75ffa0aadf3bacfbd392f69f35c17509903f	success	200	85894	f22afa8ccaad259750ce50e850502822308b2565f707f284de32cd44d5ef328a	321079		fixture-android-12	cypher-graph-id-predicate	64	1	fixture-android-12	1	0	0	1	0	200	1	1	62	1	0
graph-id-in-parameter-wrapped-contains-k02-group-06-dense	graph-id-set	graph-id-in-parameter-wrapped-contains	dense	graph-id-in-parameter-and-wrapped-contains	parameters	properties	200	fixture-android-12	fixture-android-12,fixture-android-13	2	53a2cc8450ae462342eae55ee18f75ffa0aadf3bacfbd392f69f35c17509903f	success	200	85894	f22afa8ccaad259750ce50e850502822308b2565f707f284de32cd44d5ef328a	152264		fixture-android-12	cypher-graph-id-predicate	64	1	fixture-android-12	1	0	0	1	0	200	1	1	62	1	0
request-selected-set-wrapped-contains-k02-group-06-dense	graph-set-reference	request-selected-set-wrapped-contains	dense	request-graph-set-selection-and-wrapped-contains	request-selected-source	properties	200	fixture-android-12	fixture-android-12,fixture-android-13	2	53a2cc8450ae462342eae55ee18f75ffa0aadf3bacfbd392f69f35c17509903f	success	200	85894	f22afa8ccaad259750ce50e850502822308b2565f707f284de32cd44d5ef328a	128790		fixture-android-12	request-selected-source	2	1	fixture-android-12	1	0	0	1	0	200	0	0	0	1	0
graph-id-in-literal-wrapped-contains-k02-group-07-zero	graph-id-set	graph-id-in-literal-wrapped-contains	zero	graph-id-in-literal-and-wrapped-contains	graph-routing-set	properties	200	fixture-android-14	fixture-android-14,fixture-android-15	2	807fc4e1c3f01ad53261af7c98e5428363e2112772ec0681a9e0eb128a146fff	success	0	147	805c8c7334c868e18e2be84be95b83cc60895722d739c2b164a68be4cd410c49	185978			cypher-graph-id-predicate	64	2	fixture-android-14,fixture-android-15	2	0	0	2	0	3	1	1	62	1	0
graph-id-in-parameter-wrapped-contains-k02-group-07-zero	graph-id-set	graph-id-in-parameter-wrapped-contains	zero	graph-id-in-parameter-and-wrapped-contains	parameters	properties	200	fixture-android-14	fixture-android-14,fixture-android-15	2	807fc4e1c3f01ad53261af7c98e5428363e2112772ec0681a9e0eb128a146fff	success	0	147	805c8c7334c868e18e2be84be95b83cc60895722d739c2b164a68be4cd410c49	131215			cypher-graph-id-predicate	64	2	fixture-android-14,fixture-android-15	2	0	0	2	0	2	1	1	62	1	0
request-selected-set-wrapped-contains-k02-group-07-zero	graph-set-reference	request-selected-set-wrapped-contains	zero	request-graph-set-selection-and-wrapped-contains	request-selected-source	properties	200	fixture-android-14	fixture-android-14,fixture-android-15	2	807fc4e1c3f01ad53261af7c98e5428363e2112772ec0681a9e0eb128a146fff	success	0	147	805c8c7334c868e18e2be84be95b83cc60895722d739c2b164a68be4cd410c49	107230			request-selected-source	2	2	fixture-android-14,fixture-android-15	2	0	0	2	0	2	0	0	0	1	0
graph-id-in-literal-wrapped-contains-k02-group-07-targeted	graph-id-set	graph-id-in-literal-wrapped-contains	targeted	graph-id-in-literal-and-wrapped-contains	graph-routing-set	properties	200	fixture-android-14	fixture-android-14,fixture-android-15	2	807fc4e1c3f01ad53261af7c98e5428363e2112772ec0681a9e0eb128a146fff	success	3	1887	cfce92c06f8a0a93444f0ec3592aad57c255799cc7a1286e673f5c8cc3173d20	310680		fixture-android-14	cypher-graph-id-predicate	64	2	fixture-android-14,fixture-android-15	2	0	0	2	0	176	1	1	62	1	0
graph-id-in-parameter-wrapped-contains-k02-group-07-targeted	graph-id-set	graph-id-in-parameter-wrapped-contains	targeted	graph-id-in-parameter-and-wrapped-contains	parameters	properties	200	fixture-android-14	fixture-android-14,fixture-android-15	2	807fc4e1c3f01ad53261af7c98e5428363e2112772ec0681a9e0eb128a146fff	success	3	1887	cfce92c06f8a0a93444f0ec3592aad57c255799cc7a1286e673f5c8cc3173d20	138799		fixture-android-14	cypher-graph-id-predicate	64	2	fixture-android-14,fixture-android-15	2	0	0	2	0	4	1	1	62	1	0
request-selected-set-wrapped-contains-k02-group-07-targeted	graph-set-reference	request-selected-set-wrapped-contains	targeted	request-graph-set-selection-and-wrapped-contains	request-selected-source	properties	200	fixture-android-14	fixture-android-14,fixture-android-15	2	807fc4e1c3f01ad53261af7c98e5428363e2112772ec0681a9e0eb128a146fff	success	3	1887	cfce92c06f8a0a93444f0ec3592aad57c255799cc7a1286e673f5c8cc3173d20	116858		fixture-android-14	request-selected-source	2	2	fixture-android-14,fixture-android-15	2	0	0	2	0	4	0	0	0	1	0
graph-id-in-literal-wrapped-contains-k02-group-07-dense	graph-id-set	graph-id-in-literal-wrapped-contains	dense	graph-id-in-literal-and-wrapped-contains	graph-routing-set	properties	200	fixture-android-14	fixture-android-14,fixture-android-15	2	807fc4e1c3f01ad53261af7c98e5428363e2112772ec0681a9e0eb128a146fff	success	200	88102	f384f54b9e0494c603dd9e83eb2ca0ad0386a359a2e1d6a356e225c072977e41	342219		fixture-android-14	cypher-graph-id-predicate	64	1	fixture-android-14	1	0	0	1	0	200	1	1	62	1	0
graph-id-in-parameter-wrapped-contains-k02-group-07-dense	graph-id-set	graph-id-in-parameter-wrapped-contains	dense	graph-id-in-parameter-and-wrapped-contains	parameters	properties	200	fixture-android-14	fixture-android-14,fixture-android-15	2	807fc4e1c3f01ad53261af7c98e5428363e2112772ec0681a9e0eb128a146fff	success	200	88102	f384f54b9e0494c603dd9e83eb2ca0ad0386a359a2e1d6a356e225c072977e41	132698		fixture-android-14	cypher-graph-id-predicate	64	1	fixture-android-14	1	0	0	1	0	200	1	1	62	1	0
request-selected-set-wrapped-contains-k02-group-07-dense	graph-set-reference	request-selected-set-wrapped-contains	dense	request-graph-set-selection-and-wrapped-contains	request-selected-source	properties	200	fixture-android-14	fixture-android-14,fixture-android-15	2	807fc4e1c3f01ad53261af7c98e5428363e2112772ec0681a9e0eb128a146fff	success	200	88102	f384f54b9e0494c603dd9e83eb2ca0ad0386a359a2e1d6a356e225c072977e41	131174		fixture-android-14	request-selected-source	2	1	fixture-android-14	1	0	0	1	0	200	0	0	0	1	0
graph-id-in-literal-wrapped-contains-k02-group-08-zero	graph-id-set	graph-id-in-literal-wrapped-contains	zero	graph-id-in-literal-and-wrapped-contains	graph-routing-set	properties	200	fixture-tika-00	fixture-tika-00,fixture-tika-01	2	c3e632cd7b5e41a9b9b771b93da235f946c29739547e67bc94c675345340a35d	success	0	147	805c8c7334c868e18e2be84be95b83cc60895722d739c2b164a68be4cd410c49	191257			cypher-graph-id-predicate	64	2	fixture-tika-00,fixture-tika-01	2	0	0	2	0	3	1	1	62	1	0
graph-id-in-parameter-wrapped-contains-k02-group-08-zero	graph-id-set	graph-id-in-parameter-wrapped-contains	zero	graph-id-in-parameter-and-wrapped-contains	parameters	properties	200	fixture-tika-00	fixture-tika-00,fixture-tika-01	2	c3e632cd7b5e41a9b9b771b93da235f946c29739547e67bc94c675345340a35d	success	0	147	805c8c7334c868e18e2be84be95b83cc60895722d739c2b164a68be4cd410c49	134741			cypher-graph-id-predicate	64	2	fixture-tika-00,fixture-tika-01	2	0	0	2	0	2	1	1	62	1	0
request-selected-set-wrapped-contains-k02-group-08-zero	graph-set-reference	request-selected-set-wrapped-contains	zero	request-graph-set-selection-and-wrapped-contains	request-selected-source	properties	200	fixture-tika-00	fixture-tika-00,fixture-tika-01	2	c3e632cd7b5e41a9b9b771b93da235f946c29739547e67bc94c675345340a35d	success	0	147	805c8c7334c868e18e2be84be95b83cc60895722d739c2b164a68be4cd410c49	129351			request-selected-source	2	2	fixture-tika-00,fixture-tika-01	2	0	0	2	0	2	0	0	0	1	0
graph-id-in-literal-wrapped-contains-k02-group-08-targeted	graph-id-set	graph-id-in-literal-wrapped-contains	targeted	graph-id-in-literal-and-wrapped-contains	graph-routing-set	properties	200	fixture-tika-00	fixture-tika-00,fixture-tika-01	2	c3e632cd7b5e41a9b9b771b93da235f946c29739547e67bc94c675345340a35d	success	1	771	41ad9b5110585bc89df35b9d0a0c6bd66daaf6c239b4212552d078b2f2a28c34	358309		fixture-tika-00	cypher-graph-id-predicate	64	2	fixture-tika-00,fixture-tika-01	2	0	0	2	0	257	1	1	62	1	0
graph-id-in-parameter-wrapped-contains-k02-group-08-targeted	graph-id-set	graph-id-in-parameter-wrapped-contains	targeted	graph-id-in-parameter-and-wrapped-contains	parameters	properties	200	fixture-tika-00	fixture-tika-00,fixture-tika-01	2	c3e632cd7b5e41a9b9b771b93da235f946c29739547e67bc94c675345340a35d	success	1	771	41ad9b5110585bc89df35b9d0a0c6bd66daaf6c239b4212552d078b2f2a28c34	149689		fixture-tika-00	cypher-graph-id-predicate	64	2	fixture-tika-00,fixture-tika-01	2	0	0	2	0	2	1	1	62	1	0
request-selected-set-wrapped-contains-k02-group-08-targeted	graph-set-reference	request-selected-set-wrapped-contains	targeted	request-graph-set-selection-and-wrapped-contains	request-selected-source	properties	200	fixture-tika-00	fixture-tika-00,fixture-tika-01	2	c3e632cd7b5e41a9b9b771b93da235f946c29739547e67bc94c675345340a35d	success	1	771	41ad9b5110585bc89df35b9d0a0c6bd66daaf6c239b4212552d078b2f2a28c34	114584		fixture-tika-00	request-selected-source	2	2	fixture-tika-00,fixture-tika-01	2	0	0	2	0	2	0	0	0	1	0
graph-id-in-literal-wrapped-contains-k02-group-08-dense	graph-id-set	graph-id-in-literal-wrapped-contains	dense	graph-id-in-literal-and-wrapped-contains	graph-routing-set	properties	200	fixture-tika-00	fixture-tika-00,fixture-tika-01	2	c3e632cd7b5e41a9b9b771b93da235f946c29739547e67bc94c675345340a35d	success	200	94237	51b180cd96740a311cc61165baa84cc05517b2f28ac6c70debc25f8e14514414	306873		fixture-tika-00	cypher-graph-id-predicate	64	1	fixture-tika-00	1	0	0	1	0	200	1	1	62	1	0
graph-id-in-parameter-wrapped-contains-k02-group-08-dense	graph-id-set	graph-id-in-parameter-wrapped-contains	dense	graph-id-in-parameter-and-wrapped-contains	parameters	properties	200	fixture-tika-00	fixture-tika-00,fixture-tika-01	2	c3e632cd7b5e41a9b9b771b93da235f946c29739547e67bc94c675345340a35d	success	200	94237	51b180cd96740a311cc61165baa84cc05517b2f28ac6c70debc25f8e14514414	151993		fixture-tika-00	cypher-graph-id-predicate	64	1	fixture-tika-00	1	0	0	1	0	200	1	1	62	1	0
request-selected-set-wrapped-contains-k02-group-08-dense	graph-set-reference	request-selected-set-wrapped-contains	dense	request-graph-set-selection-and-wrapped-contains	request-selected-source	properties	200	fixture-tika-00	fixture-tika-00,fixture-tika-01	2	c3e632cd7b5e41a9b9b771b93da235f946c29739547e67bc94c675345340a35d	success	200	94237	51b180cd96740a311cc61165baa84cc05517b2f28ac6c70debc25f8e14514414	213299		fixture-tika-00	request-selected-source	2	1	fixture-tika-00	1	0	0	1	0	200	0	0	0	1	0
graph-id-in-literal-wrapped-contains-k02-group-09-zero	graph-id-set	graph-id-in-literal-wrapped-contains	zero	graph-id-in-literal-and-wrapped-contains	graph-routing-set	properties	200	fixture-tika-02	fixture-tika-02,fixture-tika-03	2	d42c4fb1fadb4a56f8aa46ebc02f39c62dce2b3cdf701dfa45b0d250730192da	success	0	147	805c8c7334c868e18e2be84be95b83cc60895722d739c2b164a68be4cd410c49	173533			cypher-graph-id-predicate	64	2	fixture-tika-02,fixture-tika-03	2	0	0	2	0	3	1	1	62	1	0
graph-id-in-parameter-wrapped-contains-k02-group-09-zero	graph-id-set	graph-id-in-parameter-wrapped-contains	zero	graph-id-in-parameter-and-wrapped-contains	parameters	properties	200	fixture-tika-02	fixture-tika-02,fixture-tika-03	2	d42c4fb1fadb4a56f8aa46ebc02f39c62dce2b3cdf701dfa45b0d250730192da	success	0	147	805c8c7334c868e18e2be84be95b83cc60895722d739c2b164a68be4cd410c49	143257			cypher-graph-id-predicate	64	2	fixture-tika-02,fixture-tika-03	2	0	0	2	0	2	1	1	62	1	0
request-selected-set-wrapped-contains-k02-group-09-zero	graph-set-reference	request-selected-set-wrapped-contains	zero	request-graph-set-selection-and-wrapped-contains	request-selected-source	properties	200	fixture-tika-02	fixture-tika-02,fixture-tika-03	2	d42c4fb1fadb4a56f8aa46ebc02f39c62dce2b3cdf701dfa45b0d250730192da	success	0	147	805c8c7334c868e18e2be84be95b83cc60895722d739c2b164a68be4cd410c49	126577			request-selected-source	2	2	fixture-tika-02,fixture-tika-03	2	0	0	2	0	2	0	0	0	1	0
graph-id-in-literal-wrapped-contains-k02-group-09-targeted	graph-id-set	graph-id-in-literal-wrapped-contains	targeted	graph-id-in-literal-and-wrapped-contains	graph-routing-set	properties	200	fixture-tika-02	fixture-tika-02,fixture-tika-03	2	d42c4fb1fadb4a56f8aa46ebc02f39c62dce2b3cdf701dfa45b0d250730192da	success	12	6781	abf0682228739bdef1eb0d4b5b1449d7697f9412e644bd07a974f6e04213652e	228777		fixture-tika-02	cypher-graph-id-predicate	64	2	fixture-tika-02,fixture-tika-03	2	0	0	2	0	84	1	1	62	1	0
graph-id-in-parameter-wrapped-contains-k02-group-09-targeted	graph-id-set	graph-id-in-parameter-wrapped-contains	targeted	graph-id-in-parameter-and-wrapped-contains	parameters	properties	200	fixture-tika-02	fixture-tika-02,fixture-tika-03	2	d42c4fb1fadb4a56f8aa46ebc02f39c62dce2b3cdf701dfa45b0d250730192da	success	12	6781	abf0682228739bdef1eb0d4b5b1449d7697f9412e644bd07a974f6e04213652e	142706		fixture-tika-02	cypher-graph-id-predicate	64	2	fixture-tika-02,fixture-tika-03	2	0	0	2	0	13	1	1	62	1	0
request-selected-set-wrapped-contains-k02-group-09-targeted	graph-set-reference	request-selected-set-wrapped-contains	targeted	request-graph-set-selection-and-wrapped-contains	request-selected-source	properties	200	fixture-tika-02	fixture-tika-02,fixture-tika-03	2	d42c4fb1fadb4a56f8aa46ebc02f39c62dce2b3cdf701dfa45b0d250730192da	success	12	6781	abf0682228739bdef1eb0d4b5b1449d7697f9412e644bd07a974f6e04213652e	131456		fixture-tika-02	request-selected-source	2	2	fixture-tika-02,fixture-tika-03	2	0	0	2	0	13	0	0	0	1	0
graph-id-in-literal-wrapped-contains-k02-group-09-dense	graph-id-set	graph-id-in-literal-wrapped-contains	dense	graph-id-in-literal-and-wrapped-contains	graph-routing-set	properties	200	fixture-tika-02	fixture-tika-02,fixture-tika-03	2	d42c4fb1fadb4a56f8aa46ebc02f39c62dce2b3cdf701dfa45b0d250730192da	success	200	95198	7d65fbc43e0cf8a1d4323c709e6963c32bdea3f389f5b683f619eee1fd79dc90	309107		fixture-tika-02	cypher-graph-id-predicate	64	1	fixture-tika-02	1	0	0	1	0	200	1	1	62	1	0
graph-id-in-parameter-wrapped-contains-k02-group-09-dense	graph-id-set	graph-id-in-parameter-wrapped-contains	dense	graph-id-in-parameter-and-wrapped-contains	parameters	properties	200	fixture-tika-02	fixture-tika-02,fixture-tika-03	2	d42c4fb1fadb4a56f8aa46ebc02f39c62dce2b3cdf701dfa45b0d250730192da	success	200	95198	7d65fbc43e0cf8a1d4323c709e6963c32bdea3f389f5b683f619eee1fd79dc90	249145		fixture-tika-02	cypher-graph-id-predicate	64	1	fixture-tika-02	1	0	0	1	0	200	1	1	62	1	0
request-selected-set-wrapped-contains-k02-group-09-dense	graph-set-reference	request-selected-set-wrapped-contains	dense	request-graph-set-selection-and-wrapped-contains	request-selected-source	properties	200	fixture-tika-02	fixture-tika-02,fixture-tika-03	2	d42c4fb1fadb4a56f8aa46ebc02f39c62dce2b3cdf701dfa45b0d250730192da	success	200	95198	7d65fbc43e0cf8a1d4323c709e6963c32bdea3f389f5b683f619eee1fd79dc90	137768		fixture-tika-02	request-selected-source	2	1	fixture-tika-02	1	0	0	1	0	200	0	0	0	1	0
graph-id-in-literal-wrapped-contains-k02-group-10-zero	graph-id-set	graph-id-in-literal-wrapped-contains	zero	graph-id-in-literal-and-wrapped-contains	graph-routing-set	properties	200	fixture-tika-04	fixture-tika-04,fixture-tika-05	2	67bc0a9151ff4ff0b7a4cbe142cd1a0aa27d2df9ea1eefb583b41c4bac55cbc0	success	0	147	805c8c7334c868e18e2be84be95b83cc60895722d739c2b164a68be4cd410c49	177522			cypher-graph-id-predicate	64	2	fixture-tika-04,fixture-tika-05	2	0	0	2	0	3	1	1	62	1	0
graph-id-in-parameter-wrapped-contains-k02-group-10-zero	graph-id-set	graph-id-in-parameter-wrapped-contains	zero	graph-id-in-parameter-and-wrapped-contains	parameters	properties	200	fixture-tika-04	fixture-tika-04,fixture-tika-05	2	67bc0a9151ff4ff0b7a4cbe142cd1a0aa27d2df9ea1eefb583b41c4bac55cbc0	success	0	147	805c8c7334c868e18e2be84be95b83cc60895722d739c2b164a68be4cd410c49	153317			cypher-graph-id-predicate	64	2	fixture-tika-04,fixture-tika-05	2	0	0	2	0	2	1	1	62	1	0
request-selected-set-wrapped-contains-k02-group-10-zero	graph-set-reference	request-selected-set-wrapped-contains	zero	request-graph-set-selection-and-wrapped-contains	request-selected-source	properties	200	fixture-tika-04	fixture-tika-04,fixture-tika-05	2	67bc0a9151ff4ff0b7a4cbe142cd1a0aa27d2df9ea1eefb583b41c4bac55cbc0	success	0	147	805c8c7334c868e18e2be84be95b83cc60895722d739c2b164a68be4cd410c49	120525			request-selected-source	2	2	fixture-tika-04,fixture-tika-05	2	0	0	2	0	2	0	0	0	1	0
graph-id-in-literal-wrapped-contains-k02-group-10-targeted	graph-id-set	graph-id-in-literal-wrapped-contains	targeted	graph-id-in-literal-and-wrapped-contains	graph-routing-set	properties	200	fixture-tika-04	fixture-tika-04,fixture-tika-05	2	67bc0a9151ff4ff0b7a4cbe142cd1a0aa27d2df9ea1eefb583b41c4bac55cbc0	success	1	763	7811e1c0f64fb9174b112349d7a5f89fec8a71f59a6b66db3b1e97241f5dc93c	375271		fixture-tika-04	cypher-graph-id-predicate	64	2	fixture-tika-04,fixture-tika-05	2	0	0	2	0	202	1	1	62	1	0
graph-id-in-parameter-wrapped-contains-k02-group-10-targeted	graph-id-set	graph-id-in-parameter-wrapped-contains	targeted	graph-id-in-parameter-and-wrapped-contains	parameters	properties	200	fixture-tika-04	fixture-tika-04,fixture-tika-05	2	67bc0a9151ff4ff0b7a4cbe142cd1a0aa27d2df9ea1eefb583b41c4bac55cbc0	success	1	763	7811e1c0f64fb9174b112349d7a5f89fec8a71f59a6b66db3b1e97241f5dc93c	189674		fixture-tika-04	cypher-graph-id-predicate	64	2	fixture-tika-04,fixture-tika-05	2	0	0	2	0	2	1	1	62	1	0
request-selected-set-wrapped-contains-k02-group-10-targeted	graph-set-reference	request-selected-set-wrapped-contains	targeted	request-graph-set-selection-and-wrapped-contains	request-selected-source	properties	200	fixture-tika-04	fixture-tika-04,fixture-tika-05	2	67bc0a9151ff4ff0b7a4cbe142cd1a0aa27d2df9ea1eefb583b41c4bac55cbc0	success	1	763	7811e1c0f64fb9174b112349d7a5f89fec8a71f59a6b66db3b1e97241f5dc93c	122930		fixture-tika-04	request-selected-source	2	2	fixture-tika-04,fixture-tika-05	2	0	0	2	0	2	0	0	0	1	0
graph-id-in-literal-wrapped-contains-k02-group-10-dense	graph-id-set	graph-id-in-literal-wrapped-contains	dense	graph-id-in-literal-and-wrapped-contains	graph-routing-set	properties	200	fixture-tika-04	fixture-tika-04,fixture-tika-05	2	67bc0a9151ff4ff0b7a4cbe142cd1a0aa27d2df9ea1eefb583b41c4bac55cbc0	success	200	91604	a93cd6116bda146e01916f4ab7d54aa664da5b5c2287de109c82d6c48fcd38f8	348440		fixture-tika-04	cypher-graph-id-predicate	64	1	fixture-tika-04	1	0	0	1	0	200	1	1	62	1	0
graph-id-in-parameter-wrapped-contains-k02-group-10-dense	graph-id-set	graph-id-in-parameter-wrapped-contains	dense	graph-id-in-parameter-and-wrapped-contains	parameters	properties	200	fixture-tika-04	fixture-tika-04,fixture-tika-05	2	67bc0a9151ff4ff0b7a4cbe142cd1a0aa27d2df9ea1eefb583b41c4bac55cbc0	success	200	91604	a93cd6116bda146e01916f4ab7d54aa664da5b5c2287de109c82d6c48fcd38f8	171761		fixture-tika-04	cypher-graph-id-predicate	64	1	fixture-tika-04	1	0	0	1	0	200	1	1	62	1	0
request-selected-set-wrapped-contains-k02-group-10-dense	graph-set-reference	request-selected-set-wrapped-contains	dense	request-graph-set-selection-and-wrapped-contains	request-selected-source	properties	200	fixture-tika-04	fixture-tika-04,fixture-tika-05	2	67bc0a9151ff4ff0b7a4cbe142cd1a0aa27d2df9ea1eefb583b41c4bac55cbc0	success	200	91604	a93cd6116bda146e01916f4ab7d54aa664da5b5c2287de109c82d6c48fcd38f8	130704		fixture-tika-04	request-selected-source	2	1	fixture-tika-04	1	0	0	1	0	200	0	0	0	1	0
graph-id-in-literal-wrapped-contains-k02-group-11-zero	graph-id-set	graph-id-in-literal-wrapped-contains	zero	graph-id-in-literal-and-wrapped-contains	graph-routing-set	properties	200	fixture-tika-06	fixture-tika-06,fixture-tika-07	2	88f6182281df14e6b0b855b5dde4dd3044f375804b3633c972ce4d3e08b43ba6	success	0	147	805c8c7334c868e18e2be84be95b83cc60895722d739c2b164a68be4cd410c49	179885			cypher-graph-id-predicate	64	2	fixture-tika-06,fixture-tika-07	2	0	0	2	0	3	1	1	62	1	0
graph-id-in-parameter-wrapped-contains-k02-group-11-zero	graph-id-set	graph-id-in-parameter-wrapped-contains	zero	graph-id-in-parameter-and-wrapped-contains	parameters	properties	200	fixture-tika-06	fixture-tika-06,fixture-tika-07	2	88f6182281df14e6b0b855b5dde4dd3044f375804b3633c972ce4d3e08b43ba6	success	0	147	805c8c7334c868e18e2be84be95b83cc60895722d739c2b164a68be4cd410c49	174593			cypher-graph-id-predicate	64	2	fixture-tika-06,fixture-tika-07	2	0	0	2	0	2	1	1	62	1	0
request-selected-set-wrapped-contains-k02-group-11-zero	graph-set-reference	request-selected-set-wrapped-contains	zero	request-graph-set-selection-and-wrapped-contains	request-selected-source	properties	200	fixture-tika-06	fixture-tika-06,fixture-tika-07	2	88f6182281df14e6b0b855b5dde4dd3044f375804b3633c972ce4d3e08b43ba6	success	0	147	805c8c7334c868e18e2be84be95b83cc60895722d739c2b164a68be4cd410c49	131625			request-selected-source	2	2	fixture-tika-06,fixture-tika-07	2	0	0	2	0	2	0	0	0	1	0
graph-id-in-literal-wrapped-contains-k02-group-11-targeted	graph-id-set	graph-id-in-literal-wrapped-contains	targeted	graph-id-in-literal-and-wrapped-contains	graph-routing-set	properties	200	fixture-tika-06	fixture-tika-06,fixture-tika-07	2	88f6182281df14e6b0b855b5dde4dd3044f375804b3633c972ce4d3e08b43ba6	success	11	6331	43d88524d9da26840d520d8260a6801a2d864c2023e9806c3df4a5e673a5fd66	359511		fixture-tika-06	cypher-graph-id-predicate	64	2	fixture-tika-06,fixture-tika-07	2	0	0	2	0	265	1	1	62	1	0
graph-id-in-parameter-wrapped-contains-k02-group-11-targeted	graph-id-set	graph-id-in-parameter-wrapped-contains	targeted	graph-id-in-parameter-and-wrapped-contains	parameters	properties	200	fixture-tika-06	fixture-tika-06,fixture-tika-07	2	88f6182281df14e6b0b855b5dde4dd3044f375804b3633c972ce4d3e08b43ba6	success	11	6331	43d88524d9da26840d520d8260a6801a2d864c2023e9806c3df4a5e673a5fd66	142105		fixture-tika-06	cypher-graph-id-predicate	64	2	fixture-tika-06,fixture-tika-07	2	0	0	2	0	12	1	1	62	1	0
request-selected-set-wrapped-contains-k02-group-11-targeted	graph-set-reference	request-selected-set-wrapped-contains	targeted	request-graph-set-selection-and-wrapped-contains	request-selected-source	properties	200	fixture-tika-06	fixture-tika-06,fixture-tika-07	2	88f6182281df14e6b0b855b5dde4dd3044f375804b3633c972ce4d3e08b43ba6	success	11	6331	43d88524d9da26840d520d8260a6801a2d864c2023e9806c3df4a5e673a5fd66	115375		fixture-tika-06	request-selected-source	2	2	fixture-tika-06,fixture-tika-07	2	0	0	2	0	12	0	0	0	1	0
graph-id-in-literal-wrapped-contains-k02-group-11-dense	graph-id-set	graph-id-in-literal-wrapped-contains	dense	graph-id-in-literal-and-wrapped-contains	graph-routing-set	properties	200	fixture-tika-06	fixture-tika-06,fixture-tika-07	2	88f6182281df14e6b0b855b5dde4dd3044f375804b3633c972ce4d3e08b43ba6	success	200	98397	b1cc908cf8cd6a2354b320afca9ad225990c59be93a53ddc3912afb3b0d46d7b	295591		fixture-tika-06	cypher-graph-id-predicate	64	1	fixture-tika-06	1	0	0	1	0	200	1	1	62	1	0
graph-id-in-parameter-wrapped-contains-k02-group-11-dense	graph-id-set	graph-id-in-parameter-wrapped-contains	dense	graph-id-in-parameter-and-wrapped-contains	parameters	properties	200	fixture-tika-06	fixture-tika-06,fixture-tika-07	2	88f6182281df14e6b0b855b5dde4dd3044f375804b3633c972ce4d3e08b43ba6	success	200	98397	b1cc908cf8cd6a2354b320afca9ad225990c59be93a53ddc3912afb3b0d46d7b	150431		fixture-tika-06	cypher-graph-id-predicate	64	1	fixture-tika-06	1	0	0	1	0	200	1	1	62	1	0
request-selected-set-wrapped-contains-k02-group-11-dense	graph-set-reference	request-selected-set-wrapped-contains	dense	request-graph-set-selection-and-wrapped-contains	request-selected-source	properties	200	fixture-tika-06	fixture-tika-06,fixture-tika-07	2	88f6182281df14e6b0b855b5dde4dd3044f375804b3633c972ce4d3e08b43ba6	success	200	98397	b1cc908cf8cd6a2354b320afca9ad225990c59be93a53ddc3912afb3b0d46d7b	137708		fixture-tika-06	request-selected-source	2	1	fixture-tika-06	1	0	0	1	0	200	0	0	0	1	0
graph-id-in-literal-wrapped-contains-k02-group-12-zero	graph-id-set	graph-id-in-literal-wrapped-contains	zero	graph-id-in-literal-and-wrapped-contains	graph-routing-set	properties	200	fixture-tika-08	fixture-tika-08,fixture-tika-09	2	3c4fe65bc14eb1937d189a248b52326721309f2001ec6e35ad622817cf54c66a	success	0	147	805c8c7334c868e18e2be84be95b83cc60895722d739c2b164a68be4cd410c49	205133			cypher-graph-id-predicate	64	2	fixture-tika-08,fixture-tika-09	2	0	0	2	0	3	1	1	62	1	0
graph-id-in-parameter-wrapped-contains-k02-group-12-zero	graph-id-set	graph-id-in-parameter-wrapped-contains	zero	graph-id-in-parameter-and-wrapped-contains	parameters	properties	200	fixture-tika-08	fixture-tika-08,fixture-tika-09	2	3c4fe65bc14eb1937d189a248b52326721309f2001ec6e35ad622817cf54c66a	success	0	147	805c8c7334c868e18e2be84be95b83cc60895722d739c2b164a68be4cd410c49	133219			cypher-graph-id-predicate	64	2	fixture-tika-08,fixture-tika-09	2	0	0	2	0	2	1	1	62	1	0
request-selected-set-wrapped-contains-k02-group-12-zero	graph-set-reference	request-selected-set-wrapped-contains	zero	request-graph-set-selection-and-wrapped-contains	request-selected-source	properties	200	fixture-tika-08	fixture-tika-08,fixture-tika-09	2	3c4fe65bc14eb1937d189a248b52326721309f2001ec6e35ad622817cf54c66a	success	0	147	805c8c7334c868e18e2be84be95b83cc60895722d739c2b164a68be4cd410c49	142476			request-selected-source	2	2	fixture-tika-08,fixture-tika-09	2	0	0	2	0	2	0	0	0	1	0
graph-id-in-literal-wrapped-contains-k02-group-12-targeted	graph-id-set	graph-id-in-literal-wrapped-contains	targeted	graph-id-in-literal-and-wrapped-contains	graph-routing-set	properties	200	fixture-tika-08	fixture-tika-08,fixture-tika-09	2	3c4fe65bc14eb1937d189a248b52326721309f2001ec6e35ad622817cf54c66a	success	1	754	033650595463ffba6f1f515fc8a38ba023fdd37a0e2442442be40f2d8baee0b4	364541		fixture-tika-08	cypher-graph-id-predicate	64	2	fixture-tika-08,fixture-tika-09	2	0	0	2	0	225	1	1	62	1	0
graph-id-in-parameter-wrapped-contains-k02-group-12-targeted	graph-id-set	graph-id-in-parameter-wrapped-contains	targeted	graph-id-in-parameter-and-wrapped-contains	parameters	properties	200	fixture-tika-08	fixture-tika-08,fixture-tika-09	2	3c4fe65bc14eb1937d189a248b52326721309f2001ec6e35ad622817cf54c66a	success	1	754	033650595463ffba6f1f515fc8a38ba023fdd37a0e2442442be40f2d8baee0b4	145712		fixture-tika-08	cypher-graph-id-predicate	64	2	fixture-tika-08,fixture-tika-09	2	0	0	2	0	2	1	1	62	1	0
request-selected-set-wrapped-contains-k02-group-12-targeted	graph-set-reference	request-selected-set-wrapped-contains	targeted	request-graph-set-selection-and-wrapped-contains	request-selected-source	properties	200	fixture-tika-08	fixture-tika-08,fixture-tika-09	2	3c4fe65bc14eb1937d189a248b52326721309f2001ec6e35ad622817cf54c66a	success	1	754	033650595463ffba6f1f515fc8a38ba023fdd37a0e2442442be40f2d8baee0b4	1320315		fixture-tika-08	request-selected-source	2	2	fixture-tika-08,fixture-tika-09	2	0	0	2	0	2	0	0	0	1	0
graph-id-in-literal-wrapped-contains-k02-group-12-dense	graph-id-set	graph-id-in-literal-wrapped-contains	dense	graph-id-in-literal-and-wrapped-contains	graph-routing-set	properties	200	fixture-tika-08	fixture-tika-08,fixture-tika-09	2	3c4fe65bc14eb1937d189a248b52326721309f2001ec6e35ad622817cf54c66a	success	200	96144	13cc3d04be15c5d98101b6676211e0260c08571becd6cbc7be1dcfad1b7efce8	348611		fixture-tika-08	cypher-graph-id-predicate	64	1	fixture-tika-08	1	0	0	1	0	200	1	1	62	1	0
graph-id-in-parameter-wrapped-contains-k02-group-12-dense	graph-id-set	graph-id-in-parameter-wrapped-contains	dense	graph-id-in-parameter-and-wrapped-contains	parameters	properties	200	fixture-tika-08	fixture-tika-08,fixture-tika-09	2	3c4fe65bc14eb1937d189a248b52326721309f2001ec6e35ad622817cf54c66a	success	200	96144	13cc3d04be15c5d98101b6676211e0260c08571becd6cbc7be1dcfad1b7efce8	208582		fixture-tika-08	cypher-graph-id-predicate	64	1	fixture-tika-08	1	0	0	1	0	200	1	1	62	1	0
request-selected-set-wrapped-contains-k02-group-12-dense	graph-set-reference	request-selected-set-wrapped-contains	dense	request-graph-set-selection-and-wrapped-contains	request-selected-source	properties	200	fixture-tika-08	fixture-tika-08,fixture-tika-09	2	3c4fe65bc14eb1937d189a248b52326721309f2001ec6e35ad622817cf54c66a	success	200	96144	13cc3d04be15c5d98101b6676211e0260c08571becd6cbc7be1dcfad1b7efce8	140773		fixture-tika-08	request-selected-source	2	1	fixture-tika-08	1	0	0	1	0	200	0	0	0	1	0
graph-id-in-literal-wrapped-contains-k02-group-13-zero	graph-id-set	graph-id-in-literal-wrapped-contains	zero	graph-id-in-literal-and-wrapped-contains	graph-routing-set	properties	200	fixture-tika-10	fixture-tika-10,fixture-tika-11	2	0526cfacee057116a16a7ad29d96c8d047d97847720c0657c7391b944df05e2d	success	0	147	805c8c7334c868e18e2be84be95b83cc60895722d739c2b164a68be4cd410c49	185737			cypher-graph-id-predicate	64	2	fixture-tika-10,fixture-tika-11	2	0	0	2	0	3	1	1	62	1	0
graph-id-in-parameter-wrapped-contains-k02-group-13-zero	graph-id-set	graph-id-in-parameter-wrapped-contains	zero	graph-id-in-parameter-and-wrapped-contains	parameters	properties	200	fixture-tika-10	fixture-tika-10,fixture-tika-11	2	0526cfacee057116a16a7ad29d96c8d047d97847720c0657c7391b944df05e2d	success	0	147	805c8c7334c868e18e2be84be95b83cc60895722d739c2b164a68be4cd410c49	146373			cypher-graph-id-predicate	64	2	fixture-tika-10,fixture-tika-11	2	0	0	2	0	2	1	1	62	1	0
request-selected-set-wrapped-contains-k02-group-13-zero	graph-set-reference	request-selected-set-wrapped-contains	zero	request-graph-set-selection-and-wrapped-contains	request-selected-source	properties	200	fixture-tika-10	fixture-tika-10,fixture-tika-11	2	0526cfacee057116a16a7ad29d96c8d047d97847720c0657c7391b944df05e2d	success	0	147	805c8c7334c868e18e2be84be95b83cc60895722d739c2b164a68be4cd410c49	126627			request-selected-source	2	2	fixture-tika-10,fixture-tika-11	2	0	0	2	0	2	0	0	0	1	0
graph-id-in-literal-wrapped-contains-k02-group-13-targeted	graph-id-set	graph-id-in-literal-wrapped-contains	targeted	graph-id-in-literal-and-wrapped-contains	graph-routing-set	properties	200	fixture-tika-10	fixture-tika-10,fixture-tika-11	2	0526cfacee057116a16a7ad29d96c8d047d97847720c0657c7391b944df05e2d	success	1	791	550bd45f802381cb65ea30928a856fc0c2bc207cbfc2a147aad4312130548c9a	283299		fixture-tika-10	cypher-graph-id-predicate	64	2	fixture-tika-10,fixture-tika-11	2	0	0	2	0	73	1	1	62	1	0
graph-id-in-parameter-wrapped-contains-k02-group-13-targeted	graph-id-set	graph-id-in-parameter-wrapped-contains	targeted	graph-id-in-parameter-and-wrapped-contains	parameters	properties	200	fixture-tika-10	fixture-tika-10,fixture-tika-11	2	0526cfacee057116a16a7ad29d96c8d047d97847720c0657c7391b944df05e2d	success	1	791	550bd45f802381cb65ea30928a856fc0c2bc207cbfc2a147aad4312130548c9a	159357		fixture-tika-10	cypher-graph-id-predicate	64	2	fixture-tika-10,fixture-tika-11	2	0	0	2	0	2	1	1	62	1	0
request-selected-set-wrapped-contains-k02-group-13-targeted	graph-set-reference	request-selected-set-wrapped-contains	targeted	request-graph-set-selection-and-wrapped-contains	request-selected-source	properties	200	fixture-tika-10	fixture-tika-10,fixture-tika-11	2	0526cfacee057116a16a7ad29d96c8d047d97847720c0657c7391b944df05e2d	success	1	791	550bd45f802381cb65ea30928a856fc0c2bc207cbfc2a147aad4312130548c9a	120845		fixture-tika-10	request-selected-source	2	2	fixture-tika-10,fixture-tika-11	2	0	0	2	0	2	0	0	0	1	0
graph-id-in-literal-wrapped-contains-k02-group-13-dense	graph-id-set	graph-id-in-literal-wrapped-contains	dense	graph-id-in-literal-and-wrapped-contains	graph-routing-set	properties	200	fixture-tika-10	fixture-tika-10,fixture-tika-11	2	0526cfacee057116a16a7ad29d96c8d047d97847720c0657c7391b944df05e2d	success	200	96089	d0bdae62973cb737c05eda37d83d6fd7dea4520a7f87acdd4ed9a2fba1f97888	366043		fixture-tika-10	cypher-graph-id-predicate	64	1	fixture-tika-10	1	0	0	1	0	200	1	1	62	1	0
graph-id-in-parameter-wrapped-contains-k02-group-13-dense	graph-id-set	graph-id-in-parameter-wrapped-contains	dense	graph-id-in-parameter-and-wrapped-contains	parameters	properties	200	fixture-tika-10	fixture-tika-10,fixture-tika-11	2	0526cfacee057116a16a7ad29d96c8d047d97847720c0657c7391b944df05e2d	success	200	96089	d0bdae62973cb737c05eda37d83d6fd7dea4520a7f87acdd4ed9a2fba1f97888	145852		fixture-tika-10	cypher-graph-id-predicate	64	1	fixture-tika-10	1	0	0	1	0	200	1	1	62	1	0
request-selected-set-wrapped-contains-k02-group-13-dense	graph-set-reference	request-selected-set-wrapped-contains	dense	request-graph-set-selection-and-wrapped-contains	request-selected-source	properties	200	fixture-tika-10	fixture-tika-10,fixture-tika-11	2	0526cfacee057116a16a7ad29d96c8d047d97847720c0657c7391b944df05e2d	success	200	96089	d0bdae62973cb737c05eda37d83d6fd7dea4520a7f87acdd4ed9a2fba1f97888	129993		fixture-tika-10	request-selected-source	2	1	fixture-tika-10	1	0	0	1	0	200	0	0	0	1	0
graph-id-in-literal-wrapped-contains-k02-group-14-zero	graph-id-set	graph-id-in-literal-wrapped-contains	zero	graph-id-in-literal-and-wrapped-contains	graph-routing-set	properties	200	fixture-tika-12	fixture-tika-12,fixture-tika-13	2	7e4325da346bf50d66313a73dc0a884bc6af8412dad5468ea789b15a6b8231c8	success	0	147	805c8c7334c868e18e2be84be95b83cc60895722d739c2b164a68be4cd410c49	181950			cypher-graph-id-predicate	64	2	fixture-tika-12,fixture-tika-13	2	0	0	2	0	5	1	1	62	1	0
graph-id-in-parameter-wrapped-contains-k02-group-14-zero	graph-id-set	graph-id-in-parameter-wrapped-contains	zero	graph-id-in-parameter-and-wrapped-contains	parameters	properties	200	fixture-tika-12	fixture-tika-12,fixture-tika-13	2	7e4325da346bf50d66313a73dc0a884bc6af8412dad5468ea789b15a6b8231c8	success	0	147	805c8c7334c868e18e2be84be95b83cc60895722d739c2b164a68be4cd410c49	1094803			cypher-graph-id-predicate	64	2	fixture-tika-12,fixture-tika-13	2	0	0	2	0	2	1	1	62	1	0
request-selected-set-wrapped-contains-k02-group-14-zero	graph-set-reference	request-selected-set-wrapped-contains	zero	request-graph-set-selection-and-wrapped-contains	request-selected-source	properties	200	fixture-tika-12	fixture-tika-12,fixture-tika-13	2	7e4325da346bf50d66313a73dc0a884bc6af8412dad5468ea789b15a6b8231c8	success	0	147	805c8c7334c868e18e2be84be95b83cc60895722d739c2b164a68be4cd410c49	156853			request-selected-source	2	2	fixture-tika-12,fixture-tika-13	2	0	0	2	0	2	0	0	0	1	0
graph-id-in-literal-wrapped-contains-k02-group-14-targeted	graph-id-set	graph-id-in-literal-wrapped-contains	targeted	graph-id-in-literal-and-wrapped-contains	graph-routing-set	properties	200	fixture-tika-12	fixture-tika-12,fixture-tika-13	2	7e4325da346bf50d66313a73dc0a884bc6af8412dad5468ea789b15a6b8231c8	success	12	6370	8871e0dc77f7df7110f742adaac439b8d2f4e912a3a21e1793fda026e0955f9b	308566		fixture-tika-12	cypher-graph-id-predicate	64	2	fixture-tika-12,fixture-tika-13	2	0	0	2	0	186	1	1	62	1	0
graph-id-in-parameter-wrapped-contains-k02-group-14-targeted	graph-id-set	graph-id-in-parameter-wrapped-contains	targeted	graph-id-in-parameter-and-wrapped-contains	parameters	properties	200	fixture-tika-12	fixture-tika-12,fixture-tika-13	2	7e4325da346bf50d66313a73dc0a884bc6af8412dad5468ea789b15a6b8231c8	success	12	6370	8871e0dc77f7df7110f742adaac439b8d2f4e912a3a21e1793fda026e0955f9b	136846		fixture-tika-12	cypher-graph-id-predicate	64	2	fixture-tika-12,fixture-tika-13	2	0	0	2	0	13	1	1	62	1	0
request-selected-set-wrapped-contains-k02-group-14-targeted	graph-set-reference	request-selected-set-wrapped-contains	targeted	request-graph-set-selection-and-wrapped-contains	request-selected-source	properties	200	fixture-tika-12	fixture-tika-12,fixture-tika-13	2	7e4325da346bf50d66313a73dc0a884bc6af8412dad5468ea789b15a6b8231c8	success	12	6370	8871e0dc77f7df7110f742adaac439b8d2f4e912a3a21e1793fda026e0955f9b	121427		fixture-tika-12	request-selected-source	2	2	fixture-tika-12,fixture-tika-13	2	0	0	2	0	13	0	0	0	1	0
graph-id-in-literal-wrapped-contains-k02-group-14-dense	graph-id-set	graph-id-in-literal-wrapped-contains	dense	graph-id-in-literal-and-wrapped-contains	graph-routing-set	properties	200	fixture-tika-12	fixture-tika-12,fixture-tika-13	2	7e4325da346bf50d66313a73dc0a884bc6af8412dad5468ea789b15a6b8231c8	success	200	101142	3ec255435f1804ca883e61ce69218b0c9b6812e5f4d6241be813f3a04980ff78	289269		fixture-tika-12	cypher-graph-id-predicate	64	1	fixture-tika-12	1	0	0	1	0	200	1	1	62	1	0
graph-id-in-parameter-wrapped-contains-k02-group-14-dense	graph-id-set	graph-id-in-parameter-wrapped-contains	dense	graph-id-in-parameter-and-wrapped-contains	parameters	properties	200	fixture-tika-12	fixture-tika-12,fixture-tika-13	2	7e4325da346bf50d66313a73dc0a884bc6af8412dad5468ea789b15a6b8231c8	success	200	101142	3ec255435f1804ca883e61ce69218b0c9b6812e5f4d6241be813f3a04980ff78	146273		fixture-tika-12	cypher-graph-id-predicate	64	1	fixture-tika-12	1	0	0	1	0	200	1	1	62	1	0
request-selected-set-wrapped-contains-k02-group-14-dense	graph-set-reference	request-selected-set-wrapped-contains	dense	request-graph-set-selection-and-wrapped-contains	request-selected-source	properties	200	fixture-tika-12	fixture-tika-12,fixture-tika-13	2	7e4325da346bf50d66313a73dc0a884bc6af8412dad5468ea789b15a6b8231c8	success	200	101142	3ec255435f1804ca883e61ce69218b0c9b6812e5f4d6241be813f3a04980ff78	137387		fixture-tika-12	request-selected-source	2	1	fixture-tika-12	1	0	0	1	0	200	0	0	0	1	0
graph-id-in-literal-wrapped-contains-k02-group-15-zero	graph-id-set	graph-id-in-literal-wrapped-contains	zero	graph-id-in-literal-and-wrapped-contains	graph-routing-set	properties	200	fixture-tika-14	fixture-tika-14,fixture-tika-15	2	ff1c574984d7f5cb982a7847808ebb0e754bcffae09b4865ea65cc857bde09f8	success	0	147	805c8c7334c868e18e2be84be95b83cc60895722d739c2b164a68be4cd410c49	178904			cypher-graph-id-predicate	64	2	fixture-tika-14,fixture-tika-15	2	0	0	2	0	3	1	1	62	1	0
graph-id-in-parameter-wrapped-contains-k02-group-15-zero	graph-id-set	graph-id-in-parameter-wrapped-contains	zero	graph-id-in-parameter-and-wrapped-contains	parameters	properties	200	fixture-tika-14	fixture-tika-14,fixture-tika-15	2	ff1c574984d7f5cb982a7847808ebb0e754bcffae09b4865ea65cc857bde09f8	success	0	147	805c8c7334c868e18e2be84be95b83cc60895722d739c2b164a68be4cd410c49	138238			cypher-graph-id-predicate	64	2	fixture-tika-14,fixture-tika-15	2	0	0	2	0	2	1	1	62	1	0
request-selected-set-wrapped-contains-k02-group-15-zero	graph-set-reference	request-selected-set-wrapped-contains	zero	request-graph-set-selection-and-wrapped-contains	request-selected-source	properties	200	fixture-tika-14	fixture-tika-14,fixture-tika-15	2	ff1c574984d7f5cb982a7847808ebb0e754bcffae09b4865ea65cc857bde09f8	success	0	147	805c8c7334c868e18e2be84be95b83cc60895722d739c2b164a68be4cd410c49	123450			request-selected-source	2	2	fixture-tika-14,fixture-tika-15	2	0	0	2	0	2	0	0	0	1	0
graph-id-in-literal-wrapped-contains-k02-group-15-targeted	graph-id-set	graph-id-in-literal-wrapped-contains	targeted	graph-id-in-literal-and-wrapped-contains	graph-routing-set	properties	200	fixture-tika-14	fixture-tika-14,fixture-tika-15	2	ff1c574984d7f5cb982a7847808ebb0e754bcffae09b4865ea65cc857bde09f8	success	10	5866	c85815e1257e7d89a547803b839a8fa3d5c32a25ad93fc4df95c67dd0df38386	289370		fixture-tika-14	cypher-graph-id-predicate	64	2	fixture-tika-14,fixture-tika-15	2	0	0	2	0	234	1	1	62	1	0
graph-id-in-parameter-wrapped-contains-k02-group-15-targeted	graph-id-set	graph-id-in-parameter-wrapped-contains	targeted	graph-id-in-parameter-and-wrapped-contains	parameters	properties	200	fixture-tika-14	fixture-tika-14,fixture-tika-15	2	ff1c574984d7f5cb982a7847808ebb0e754bcffae09b4865ea65cc857bde09f8	success	10	5866	c85815e1257e7d89a547803b839a8fa3d5c32a25ad93fc4df95c67dd0df38386	131265		fixture-tika-14	cypher-graph-id-predicate	64	2	fixture-tika-14,fixture-tika-15	2	0	0	2	0	11	1	1	62	1	0
request-selected-set-wrapped-contains-k02-group-15-targeted	graph-set-reference	request-selected-set-wrapped-contains	targeted	request-graph-set-selection-and-wrapped-contains	request-selected-source	properties	200	fixture-tika-14	fixture-tika-14,fixture-tika-15	2	ff1c574984d7f5cb982a7847808ebb0e754bcffae09b4865ea65cc857bde09f8	success	10	5866	c85815e1257e7d89a547803b839a8fa3d5c32a25ad93fc4df95c67dd0df38386	269694		fixture-tika-14	request-selected-source	2	2	fixture-tika-14,fixture-tika-15	2	0	0	2	0	11	0	0	0	1	0
graph-id-in-literal-wrapped-contains-k02-group-15-dense	graph-id-set	graph-id-in-literal-wrapped-contains	dense	graph-id-in-literal-and-wrapped-contains	graph-routing-set	properties	200	fixture-tika-14	fixture-tika-14,fixture-tika-15	2	ff1c574984d7f5cb982a7847808ebb0e754bcffae09b4865ea65cc857bde09f8	success	200	95471	766b9ef7e8ecf0adce38af75461cc8c431950c6a78cf29871668bb82bbc59681	302174		fixture-tika-14	cypher-graph-id-predicate	64	1	fixture-tika-14	1	0	0	1	0	200	1	1	62	1	0
graph-id-in-parameter-wrapped-contains-k02-group-15-dense	graph-id-set	graph-id-in-parameter-wrapped-contains	dense	graph-id-in-parameter-and-wrapped-contains	parameters	properties	200	fixture-tika-14	fixture-tika-14,fixture-tika-15	2	ff1c574984d7f5cb982a7847808ebb0e754bcffae09b4865ea65cc857bde09f8	success	200	95471	766b9ef7e8ecf0adce38af75461cc8c431950c6a78cf29871668bb82bbc59681	148577		fixture-tika-14	cypher-graph-id-predicate	64	1	fixture-tika-14	1	0	0	1	0	200	1	1	62	1	0
request-selected-set-wrapped-contains-k02-group-15-dense	graph-set-reference	request-selected-set-wrapped-contains	dense	request-graph-set-selection-and-wrapped-contains	request-selected-source	properties	200	fixture-tika-14	fixture-tika-14,fixture-tika-15	2	ff1c574984d7f5cb982a7847808ebb0e754bcffae09b4865ea65cc857bde09f8	success	200	95471	766b9ef7e8ecf0adce38af75461cc8c431950c6a78cf29871668bb82bbc59681	129061		fixture-tika-14	request-selected-source	2	1	fixture-tika-14	1	0	0	1	0	200	0	0	0	1	0
graph-id-in-literal-wrapped-contains-k02-group-16-zero	graph-id-set	graph-id-in-literal-wrapped-contains	zero	graph-id-in-literal-and-wrapped-contains	graph-routing-set	properties	200	fixture-hive-00	fixture-hive-00,fixture-hive-01	2	abf7df661332aac0b7f397aa323cf0332248ba918e275776d5c53f638ffe4a81	success	0	147	805c8c7334c868e18e2be84be95b83cc60895722d739c2b164a68be4cd410c49	215027			cypher-graph-id-predicate	64	2	fixture-hive-00,fixture-hive-01	2	0	0	2	0	3	1	1	62	1	0
graph-id-in-parameter-wrapped-contains-k02-group-16-zero	graph-id-set	graph-id-in-parameter-wrapped-contains	zero	graph-id-in-parameter-and-wrapped-contains	parameters	properties	200	fixture-hive-00	fixture-hive-00,fixture-hive-01	2	abf7df661332aac0b7f397aa323cf0332248ba918e275776d5c53f638ffe4a81	success	0	147	805c8c7334c868e18e2be84be95b83cc60895722d739c2b164a68be4cd410c49	175254			cypher-graph-id-predicate	64	2	fixture-hive-00,fixture-hive-01	2	0	0	2	0	2	1	1	62	1	0
request-selected-set-wrapped-contains-k02-group-16-zero	graph-set-reference	request-selected-set-wrapped-contains	zero	request-graph-set-selection-and-wrapped-contains	request-selected-source	properties	200	fixture-hive-00	fixture-hive-00,fixture-hive-01	2	abf7df661332aac0b7f397aa323cf0332248ba918e275776d5c53f638ffe4a81	success	0	147	805c8c7334c868e18e2be84be95b83cc60895722d739c2b164a68be4cd410c49	140592			request-selected-source	2	2	fixture-hive-00,fixture-hive-01	2	0	0	2	0	2	0	0	0	1	0
graph-id-in-literal-wrapped-contains-k02-group-16-targeted	graph-id-set	graph-id-in-literal-wrapped-contains	targeted	graph-id-in-literal-and-wrapped-contains	graph-routing-set	properties	200	fixture-hive-00	fixture-hive-00,fixture-hive-01	2	abf7df661332aac0b7f397aa323cf0332248ba918e275776d5c53f638ffe4a81	success	4	2862	72e96499d86d64ae9da267f3b15791817d4250f06a8dfea9d09edd8c3c23a440	472131		fixture-hive-00	cypher-graph-id-predicate	64	2	fixture-hive-00,fixture-hive-01	2	0	0	2	0	254	1	1	62	1	0
graph-id-in-parameter-wrapped-contains-k02-group-16-targeted	graph-id-set	graph-id-in-parameter-wrapped-contains	targeted	graph-id-in-parameter-and-wrapped-contains	parameters	properties	200	fixture-hive-00	fixture-hive-00,fixture-hive-01	2	abf7df661332aac0b7f397aa323cf0332248ba918e275776d5c53f638ffe4a81	success	4	2862	72e96499d86d64ae9da267f3b15791817d4250f06a8dfea9d09edd8c3c23a440	136004		fixture-hive-00	cypher-graph-id-predicate	64	2	fixture-hive-00,fixture-hive-01	2	0	0	2	0	5	1	1	62	1	0
request-selected-set-wrapped-contains-k02-group-16-targeted	graph-set-reference	request-selected-set-wrapped-contains	targeted	request-graph-set-selection-and-wrapped-contains	request-selected-source	properties	200	fixture-hive-00	fixture-hive-00,fixture-hive-01	2	abf7df661332aac0b7f397aa323cf0332248ba918e275776d5c53f638ffe4a81	success	4	2862	72e96499d86d64ae9da267f3b15791817d4250f06a8dfea9d09edd8c3c23a440	121277		fixture-hive-00	request-selected-source	2	2	fixture-hive-00,fixture-hive-01	2	0	0	2	0	5	0	0	0	1	0
graph-id-in-literal-wrapped-contains-k02-group-16-dense	graph-id-set	graph-id-in-literal-wrapped-contains	dense	graph-id-in-literal-and-wrapped-contains	graph-routing-set	properties	200	fixture-hive-00	fixture-hive-00,fixture-hive-01	2	abf7df661332aac0b7f397aa323cf0332248ba918e275776d5c53f638ffe4a81	success	200	92864	0ad6a5ae10cb27d8dd28af205e0df8ebd79b3e1ca0079c8c876100ee108fc38d	245589		fixture-hive-00	cypher-graph-id-predicate	64	1	fixture-hive-00	1	0	0	1	0	200	1	1	62	1	0
graph-id-in-parameter-wrapped-contains-k02-group-16-dense	graph-id-set	graph-id-in-parameter-wrapped-contains	dense	graph-id-in-parameter-and-wrapped-contains	parameters	properties	200	fixture-hive-00	fixture-hive-00,fixture-hive-01	2	abf7df661332aac0b7f397aa323cf0332248ba918e275776d5c53f638ffe4a81	success	200	92864	0ad6a5ae10cb27d8dd28af205e0df8ebd79b3e1ca0079c8c876100ee108fc38d	149098		fixture-hive-00	cypher-graph-id-predicate	64	1	fixture-hive-00	1	0	0	1	0	200	1	1	62	1	0
request-selected-set-wrapped-contains-k02-group-16-dense	graph-set-reference	request-selected-set-wrapped-contains	dense	request-graph-set-selection-and-wrapped-contains	request-selected-source	properties	200	fixture-hive-00	fixture-hive-00,fixture-hive-01	2	abf7df661332aac0b7f397aa323cf0332248ba918e275776d5c53f638ffe4a81	success	200	92864	0ad6a5ae10cb27d8dd28af205e0df8ebd79b3e1ca0079c8c876100ee108fc38d	137557		fixture-hive-00	request-selected-source	2	1	fixture-hive-00	1	0	0	1	0	200	0	0	0	1	0
graph-id-in-literal-wrapped-contains-k02-group-17-zero	graph-id-set	graph-id-in-literal-wrapped-contains	zero	graph-id-in-literal-and-wrapped-contains	graph-routing-set	properties	200	fixture-hive-02	fixture-hive-02,fixture-hive-03	2	186cc0634154d673c1ee10ca7ac2ad0225d4c836a71b3b566f2c4bdfd0423900	success	0	147	805c8c7334c868e18e2be84be95b83cc60895722d739c2b164a68be4cd410c49	247327			cypher-graph-id-predicate	64	2	fixture-hive-02,fixture-hive-03	2	0	0	2	0	3	1	1	62	1	0
graph-id-in-parameter-wrapped-contains-k02-group-17-zero	graph-id-set	graph-id-in-parameter-wrapped-contains	zero	graph-id-in-parameter-and-wrapped-contains	parameters	properties	200	fixture-hive-02	fixture-hive-02,fixture-hive-03	2	186cc0634154d673c1ee10ca7ac2ad0225d4c836a71b3b566f2c4bdfd0423900	success	0	147	805c8c7334c868e18e2be84be95b83cc60895722d739c2b164a68be4cd410c49	158626			cypher-graph-id-predicate	64	2	fixture-hive-02,fixture-hive-03	2	0	0	2	0	2	1	1	62	1	0
request-selected-set-wrapped-contains-k02-group-17-zero	graph-set-reference	request-selected-set-wrapped-contains	zero	request-graph-set-selection-and-wrapped-contains	request-selected-source	properties	200	fixture-hive-02	fixture-hive-02,fixture-hive-03	2	186cc0634154d673c1ee10ca7ac2ad0225d4c836a71b3b566f2c4bdfd0423900	success	0	147	805c8c7334c868e18e2be84be95b83cc60895722d739c2b164a68be4cd410c49	146223			request-selected-source	2	2	fixture-hive-02,fixture-hive-03	2	0	0	2	0	2	0	0	0	1	0
graph-id-in-literal-wrapped-contains-k02-group-17-targeted	graph-id-set	graph-id-in-literal-wrapped-contains	targeted	graph-id-in-literal-and-wrapped-contains	graph-routing-set	properties	200	fixture-hive-02	fixture-hive-02,fixture-hive-03	2	186cc0634154d673c1ee10ca7ac2ad0225d4c836a71b3b566f2c4bdfd0423900	success	4	2883	e83a01bd4b4e8f51ba0c51a53e73f87ec8dd6170bd60b37ef57b4eb9aba8bcc7	547392		fixture-hive-02	cypher-graph-id-predicate	64	2	fixture-hive-02,fixture-hive-03	2	0	0	2	0	261	1	1	62	1	0
graph-id-in-parameter-wrapped-contains-k02-group-17-targeted	graph-id-set	graph-id-in-parameter-wrapped-contains	targeted	graph-id-in-parameter-and-wrapped-contains	parameters	properties	200	fixture-hive-02	fixture-hive-02,fixture-hive-03	2	186cc0634154d673c1ee10ca7ac2ad0225d4c836a71b3b566f2c4bdfd0423900	success	4	2883	e83a01bd4b4e8f51ba0c51a53e73f87ec8dd6170bd60b37ef57b4eb9aba8bcc7	143809		fixture-hive-02	cypher-graph-id-predicate	64	2	fixture-hive-02,fixture-hive-03	2	0	0	2	0	5	1	1	62	1	0
request-selected-set-wrapped-contains-k02-group-17-targeted	graph-set-reference	request-selected-set-wrapped-contains	targeted	request-graph-set-selection-and-wrapped-contains	request-selected-source	properties	200	fixture-hive-02	fixture-hive-02,fixture-hive-03	2	186cc0634154d673c1ee10ca7ac2ad0225d4c836a71b3b566f2c4bdfd0423900	success	4	2883	e83a01bd4b4e8f51ba0c51a53e73f87ec8dd6170bd60b37ef57b4eb9aba8bcc7	158165		fixture-hive-02	request-selected-source	2	2	fixture-hive-02,fixture-hive-03	2	0	0	2	0	5	0	0	0	1	0
graph-id-in-literal-wrapped-contains-k02-group-17-dense	graph-id-set	graph-id-in-literal-wrapped-contains	dense	graph-id-in-literal-and-wrapped-contains	graph-routing-set	properties	200	fixture-hive-02	fixture-hive-02,fixture-hive-03	2	186cc0634154d673c1ee10ca7ac2ad0225d4c836a71b3b566f2c4bdfd0423900	success	200	94183	b06f89a813919b2f4278637c18773fe7508c48351caa08a76cefe1f54c9b7715	306201		fixture-hive-02	cypher-graph-id-predicate	64	1	fixture-hive-02	1	0	0	1	0	200	1	1	62	1	0
graph-id-in-parameter-wrapped-contains-k02-group-17-dense	graph-id-set	graph-id-in-parameter-wrapped-contains	dense	graph-id-in-parameter-and-wrapped-contains	parameters	properties	200	fixture-hive-02	fixture-hive-02,fixture-hive-03	2	186cc0634154d673c1ee10ca7ac2ad0225d4c836a71b3b566f2c4bdfd0423900	success	200	94183	b06f89a813919b2f4278637c18773fe7508c48351caa08a76cefe1f54c9b7715	199773		fixture-hive-02	cypher-graph-id-predicate	64	1	fixture-hive-02	1	0	0	1	0	200	1	1	62	1	0
request-selected-set-wrapped-contains-k02-group-17-dense	graph-set-reference	request-selected-set-wrapped-contains	dense	request-graph-set-selection-and-wrapped-contains	request-selected-source	properties	200	fixture-hive-02	fixture-hive-02,fixture-hive-03	2	186cc0634154d673c1ee10ca7ac2ad0225d4c836a71b3b566f2c4bdfd0423900	success	200	94183	b06f89a813919b2f4278637c18773fe7508c48351caa08a76cefe1f54c9b7715	302785		fixture-hive-02	request-selected-source	2	1	fixture-hive-02	1	0	0	1	0	200	0	0	0	1	0
graph-id-in-literal-wrapped-contains-k02-group-18-zero	graph-id-set	graph-id-in-literal-wrapped-contains	zero	graph-id-in-literal-and-wrapped-contains	graph-routing-set	properties	200	fixture-hive-04	fixture-hive-04,fixture-hive-05	2	f41121acbf1fbaf3038c33bd3e9d0c46d75f4fff7791b6123e418412592ec20e	success	0	147	805c8c7334c868e18e2be84be95b83cc60895722d739c2b164a68be4cd410c49	304739			cypher-graph-id-predicate	64	2	fixture-hive-04,fixture-hive-05	2	0	0	2	0	3	1	1	62	1	0
graph-id-in-parameter-wrapped-contains-k02-group-18-zero	graph-id-set	graph-id-in-parameter-wrapped-contains	zero	graph-id-in-parameter-and-wrapped-contains	parameters	properties	200	fixture-hive-04	fixture-hive-04,fixture-hive-05	2	f41121acbf1fbaf3038c33bd3e9d0c46d75f4fff7791b6123e418412592ec20e	success	0	147	805c8c7334c868e18e2be84be95b83cc60895722d739c2b164a68be4cd410c49	179405			cypher-graph-id-predicate	64	2	fixture-hive-04,fixture-hive-05	2	0	0	2	0	2	1	1	62	1	0
request-selected-set-wrapped-contains-k02-group-18-zero	graph-set-reference	request-selected-set-wrapped-contains	zero	request-graph-set-selection-and-wrapped-contains	request-selected-source	properties	200	fixture-hive-04	fixture-hive-04,fixture-hive-05	2	f41121acbf1fbaf3038c33bd3e9d0c46d75f4fff7791b6123e418412592ec20e	success	0	147	805c8c7334c868e18e2be84be95b83cc60895722d739c2b164a68be4cd410c49	141294			request-selected-source	2	2	fixture-hive-04,fixture-hive-05	2	0	0	2	0	2	0	0	0	1	0
graph-id-in-literal-wrapped-contains-k02-group-18-targeted	graph-id-set	graph-id-in-literal-wrapped-contains	targeted	graph-id-in-literal-and-wrapped-contains	graph-routing-set	properties	200	fixture-hive-04	fixture-hive-04,fixture-hive-05	2	f41121acbf1fbaf3038c33bd3e9d0c46d75f4fff7791b6123e418412592ec20e	success	1	795	6f5022183da52ea8cb963f17c4b86a6270dc9bfe0ca358e5ec7d6bdf4c95879f	585594		fixture-hive-04	cypher-graph-id-predicate	64	2	fixture-hive-04,fixture-hive-05	2	0	0	2	0	252	1	1	62	1	0
graph-id-in-parameter-wrapped-contains-k02-group-18-targeted	graph-id-set	graph-id-in-parameter-wrapped-contains	targeted	graph-id-in-parameter-and-wrapped-contains	parameters	properties	200	fixture-hive-04	fixture-hive-04,fixture-hive-05	2	f41121acbf1fbaf3038c33bd3e9d0c46d75f4fff7791b6123e418412592ec20e	success	1	795	6f5022183da52ea8cb963f17c4b86a6270dc9bfe0ca358e5ec7d6bdf4c95879f	143437		fixture-hive-04	cypher-graph-id-predicate	64	2	fixture-hive-04,fixture-hive-05	2	0	0	2	0	2	1	1	62	1	0
request-selected-set-wrapped-contains-k02-group-18-targeted	graph-set-reference	request-selected-set-wrapped-contains	targeted	request-graph-set-selection-and-wrapped-contains	request-selected-source	properties	200	fixture-hive-04	fixture-hive-04,fixture-hive-05	2	f41121acbf1fbaf3038c33bd3e9d0c46d75f4fff7791b6123e418412592ec20e	success	1	795	6f5022183da52ea8cb963f17c4b86a6270dc9bfe0ca358e5ec7d6bdf4c95879f	143648		fixture-hive-04	request-selected-source	2	2	fixture-hive-04,fixture-hive-05	2	0	0	2	0	2	0	0	0	1	0
graph-id-in-literal-wrapped-contains-k02-group-18-dense	graph-id-set	graph-id-in-literal-wrapped-contains	dense	graph-id-in-literal-and-wrapped-contains	graph-routing-set	properties	200	fixture-hive-04	fixture-hive-04,fixture-hive-05	2	f41121acbf1fbaf3038c33bd3e9d0c46d75f4fff7791b6123e418412592ec20e	success	200	91716	5d2df55fe9df550bd17a462dbec1bd958f7c0d5940c160537976ecc80d5cb22f	306562		fixture-hive-04	cypher-graph-id-predicate	64	1	fixture-hive-04	1	0	0	1	0	200	1	1	62	1	0
graph-id-in-parameter-wrapped-contains-k02-group-18-dense	graph-id-set	graph-id-in-parameter-wrapped-contains	dense	graph-id-in-parameter-and-wrapped-contains	parameters	properties	200	fixture-hive-04	fixture-hive-04,fixture-hive-05	2	f41121acbf1fbaf3038c33bd3e9d0c46d75f4fff7791b6123e418412592ec20e	success	200	91716	5d2df55fe9df550bd17a462dbec1bd958f7c0d5940c160537976ecc80d5cb22f	238155		fixture-hive-04	cypher-graph-id-predicate	64	1	fixture-hive-04	1	0	0	1	0	200	1	1	62	1	0
request-selected-set-wrapped-contains-k02-group-18-dense	graph-set-reference	request-selected-set-wrapped-contains	dense	request-graph-set-selection-and-wrapped-contains	request-selected-source	properties	200	fixture-hive-04	fixture-hive-04,fixture-hive-05	2	f41121acbf1fbaf3038c33bd3e9d0c46d75f4fff7791b6123e418412592ec20e	success	200	91716	5d2df55fe9df550bd17a462dbec1bd958f7c0d5940c160537976ecc80d5cb22f	321530		fixture-hive-04	request-selected-source	2	1	fixture-hive-04	1	0	0	1	0	200	0	0	0	1	0
graph-id-in-literal-wrapped-contains-k02-group-19-zero	graph-id-set	graph-id-in-literal-wrapped-contains	zero	graph-id-in-literal-and-wrapped-contains	graph-routing-set	properties	200	fixture-hive-06	fixture-hive-06,fixture-hive-07	2	0e195fcce31a7a5d9a769104e3dfcae5e0ad6d412a7d0ec410082e682a53bc92	success	0	147	805c8c7334c868e18e2be84be95b83cc60895722d739c2b164a68be4cd410c49	198120			cypher-graph-id-predicate	64	2	fixture-hive-06,fixture-hive-07	2	0	0	2	0	3	1	1	62	1	0
graph-id-in-parameter-wrapped-contains-k02-group-19-zero	graph-id-set	graph-id-in-parameter-wrapped-contains	zero	graph-id-in-parameter-and-wrapped-contains	parameters	properties	200	fixture-hive-06	fixture-hive-06,fixture-hive-07	2	0e195fcce31a7a5d9a769104e3dfcae5e0ad6d412a7d0ec410082e682a53bc92	success	0	147	805c8c7334c868e18e2be84be95b83cc60895722d739c2b164a68be4cd410c49	170148			cypher-graph-id-predicate	64	2	fixture-hive-06,fixture-hive-07	2	0	0	2	0	2	1	1	62	1	0
request-selected-set-wrapped-contains-k02-group-19-zero	graph-set-reference	request-selected-set-wrapped-contains	zero	request-graph-set-selection-and-wrapped-contains	request-selected-source	properties	200	fixture-hive-06	fixture-hive-06,fixture-hive-07	2	0e195fcce31a7a5d9a769104e3dfcae5e0ad6d412a7d0ec410082e682a53bc92	success	0	147	805c8c7334c868e18e2be84be95b83cc60895722d739c2b164a68be4cd410c49	267249			request-selected-source	2	2	fixture-hive-06,fixture-hive-07	2	0	0	2	0	2	0	0	0	1	0
graph-id-in-literal-wrapped-contains-k02-group-19-targeted	graph-id-set	graph-id-in-literal-wrapped-contains	targeted	graph-id-in-literal-and-wrapped-contains	graph-routing-set	properties	200	fixture-hive-06	fixture-hive-06,fixture-hive-07	2	0e195fcce31a7a5d9a769104e3dfcae5e0ad6d412a7d0ec410082e682a53bc92	success	1	801	6e224732564976ab3ad1b488a2dcb0c2a2f84050ab25d529f41b87f4de3c406c	436845		fixture-hive-06	cypher-graph-id-predicate	64	2	fixture-hive-06,fixture-hive-07	2	0	0	2	0	243	1	1	62	1	0
graph-id-in-parameter-wrapped-contains-k02-group-19-targeted	graph-id-set	graph-id-in-parameter-wrapped-contains	targeted	graph-id-in-parameter-and-wrapped-contains	parameters	properties	200	fixture-hive-06	fixture-hive-06,fixture-hive-07	2	0e195fcce31a7a5d9a769104e3dfcae5e0ad6d412a7d0ec410082e682a53bc92	success	1	801	6e224732564976ab3ad1b488a2dcb0c2a2f84050ab25d529f41b87f4de3c406c	335016		fixture-hive-06	cypher-graph-id-predicate	64	2	fixture-hive-06,fixture-hive-07	2	0	0	2	0	2	1	1	62	1	0
request-selected-set-wrapped-contains-k02-group-19-targeted	graph-set-reference	request-selected-set-wrapped-contains	targeted	request-graph-set-selection-and-wrapped-contains	request-selected-source	properties	200	fixture-hive-06	fixture-hive-06,fixture-hive-07	2	0e195fcce31a7a5d9a769104e3dfcae5e0ad6d412a7d0ec410082e682a53bc92	success	1	801	6e224732564976ab3ad1b488a2dcb0c2a2f84050ab25d529f41b87f4de3c406c	266658		fixture-hive-06	request-selected-source	2	2	fixture-hive-06,fixture-hive-07	2	0	0	2	0	2	0	0	0	1	0
graph-id-in-literal-wrapped-contains-k02-group-19-dense	graph-id-set	graph-id-in-literal-wrapped-contains	dense	graph-id-in-literal-and-wrapped-contains	graph-routing-set	properties	200	fixture-hive-06	fixture-hive-06,fixture-hive-07	2	0e195fcce31a7a5d9a769104e3dfcae5e0ad6d412a7d0ec410082e682a53bc92	success	200	92968	77adda61bf8a66745500e9e1b739302ae425b75af5d5199095bd9c0f56151e04	351026		fixture-hive-06	cypher-graph-id-predicate	64	1	fixture-hive-06	1	0	0	1	0	200	1	1	62	1	0
graph-id-in-parameter-wrapped-contains-k02-group-19-dense	graph-id-set	graph-id-in-parameter-wrapped-contains	dense	graph-id-in-parameter-and-wrapped-contains	parameters	properties	200	fixture-hive-06	fixture-hive-06,fixture-hive-07	2	0e195fcce31a7a5d9a769104e3dfcae5e0ad6d412a7d0ec410082e682a53bc92	success	200	92968	77adda61bf8a66745500e9e1b739302ae425b75af5d5199095bd9c0f56151e04	294599		fixture-hive-06	cypher-graph-id-predicate	64	1	fixture-hive-06	1	0	0	1	0	200	1	1	62	1	0
request-selected-set-wrapped-contains-k02-group-19-dense	graph-set-reference	request-selected-set-wrapped-contains	dense	request-graph-set-selection-and-wrapped-contains	request-selected-source	properties	200	fixture-hive-06	fixture-hive-06,fixture-hive-07	2	0e195fcce31a7a5d9a769104e3dfcae5e0ad6d412a7d0ec410082e682a53bc92	success	200	92968	77adda61bf8a66745500e9e1b739302ae425b75af5d5199095bd9c0f56151e04	163245		fixture-hive-06	request-selected-source	2	1	fixture-hive-06	1	0	0	1	0	200	0	0	0	1	0
graph-id-in-literal-wrapped-contains-k02-group-20-zero	graph-id-set	graph-id-in-literal-wrapped-contains	zero	graph-id-in-literal-and-wrapped-contains	graph-routing-set	properties	200	fixture-hive-08	fixture-hive-08,fixture-hive-09	2	14fa8c483af9a14e524a47ac5609a1da648fc7c17053e8b2cd7462c591d4c7cf	success	0	147	805c8c7334c868e18e2be84be95b83cc60895722d739c2b164a68be4cd410c49	229128			cypher-graph-id-predicate	64	2	fixture-hive-08,fixture-hive-09	2	0	0	2	0	3	1	1	62	1	0
graph-id-in-parameter-wrapped-contains-k02-group-20-zero	graph-id-set	graph-id-in-parameter-wrapped-contains	zero	graph-id-in-parameter-and-wrapped-contains	parameters	properties	200	fixture-hive-08	fixture-hive-08,fixture-hive-09	2	14fa8c483af9a14e524a47ac5609a1da648fc7c17053e8b2cd7462c591d4c7cf	success	0	147	805c8c7334c868e18e2be84be95b83cc60895722d739c2b164a68be4cd410c49	169346			cypher-graph-id-predicate	64	2	fixture-hive-08,fixture-hive-09	2	0	0	2	0	2	1	1	62	1	0
request-selected-set-wrapped-contains-k02-group-20-zero	graph-set-reference	request-selected-set-wrapped-contains	zero	request-graph-set-selection-and-wrapped-contains	request-selected-source	properties	200	fixture-hive-08	fixture-hive-08,fixture-hive-09	2	14fa8c483af9a14e524a47ac5609a1da648fc7c17053e8b2cd7462c591d4c7cf	success	0	147	805c8c7334c868e18e2be84be95b83cc60895722d739c2b164a68be4cd410c49	307073			request-selected-source	2	2	fixture-hive-08,fixture-hive-09	2	0	0	2	0	2	0	0	0	1	0
graph-id-in-literal-wrapped-contains-k02-group-20-targeted	graph-id-set	graph-id-in-literal-wrapped-contains	targeted	graph-id-in-literal-and-wrapped-contains	graph-routing-set	properties	200	fixture-hive-08	fixture-hive-08,fixture-hive-09	2	14fa8c483af9a14e524a47ac5609a1da648fc7c17053e8b2cd7462c591d4c7cf	success	4	2911	6520445594f6fc1d080f2e441beea159540f21b52c555b515dbd7ba1fee2a37f	462453		fixture-hive-08	cypher-graph-id-predicate	64	2	fixture-hive-08,fixture-hive-09	2	0	0	2	0	345	1	1	62	1	0
graph-id-in-parameter-wrapped-contains-k02-group-20-targeted	graph-id-set	graph-id-in-parameter-wrapped-contains	targeted	graph-id-in-parameter-and-wrapped-contains	parameters	properties	200	fixture-hive-08	fixture-hive-08,fixture-hive-09	2	14fa8c483af9a14e524a47ac5609a1da648fc7c17053e8b2cd7462c591d4c7cf	success	4	2911	6520445594f6fc1d080f2e441beea159540f21b52c555b515dbd7ba1fee2a37f	161251		fixture-hive-08	cypher-graph-id-predicate	64	2	fixture-hive-08,fixture-hive-09	2	0	0	2	0	5	1	1	62	1	0
request-selected-set-wrapped-contains-k02-group-20-targeted	graph-set-reference	request-selected-set-wrapped-contains	targeted	request-graph-set-selection-and-wrapped-contains	request-selected-source	properties	200	fixture-hive-08	fixture-hive-08,fixture-hive-09	2	14fa8c483af9a14e524a47ac5609a1da648fc7c17053e8b2cd7462c591d4c7cf	success	4	2911	6520445594f6fc1d080f2e441beea159540f21b52c555b515dbd7ba1fee2a37f	146213		fixture-hive-08	request-selected-source	2	2	fixture-hive-08,fixture-hive-09	2	0	0	2	0	5	0	0	0	1	0
graph-id-in-literal-wrapped-contains-k02-group-20-dense	graph-id-set	graph-id-in-literal-wrapped-contains	dense	graph-id-in-literal-and-wrapped-contains	graph-routing-set	properties	200	fixture-hive-08	fixture-hive-08,fixture-hive-09	2	14fa8c483af9a14e524a47ac5609a1da648fc7c17053e8b2cd7462c591d4c7cf	success	200	95189	6547ed796970ad3186785ae6dc7d6b1328d226d1878e5144fdb98c21fcba06f9	314367		fixture-hive-08	cypher-graph-id-predicate	64	1	fixture-hive-08	1	0	0	1	0	200	1	1	62	1	0
graph-id-in-parameter-wrapped-contains-k02-group-20-dense	graph-id-set	graph-id-in-parameter-wrapped-contains	dense	graph-id-in-parameter-and-wrapped-contains	parameters	properties	200	fixture-hive-08	fixture-hive-08,fixture-hive-09	2	14fa8c483af9a14e524a47ac5609a1da648fc7c17053e8b2cd7462c591d4c7cf	success	200	95189	6547ed796970ad3186785ae6dc7d6b1328d226d1878e5144fdb98c21fcba06f9	387123		fixture-hive-08	cypher-graph-id-predicate	64	1	fixture-hive-08	1	0	0	1	0	200	1	1	62	1	0
request-selected-set-wrapped-contains-k02-group-20-dense	graph-set-reference	request-selected-set-wrapped-contains	dense	request-graph-set-selection-and-wrapped-contains	request-selected-source	properties	200	fixture-hive-08	fixture-hive-08,fixture-hive-09	2	14fa8c483af9a14e524a47ac5609a1da648fc7c17053e8b2cd7462c591d4c7cf	success	200	95189	6547ed796970ad3186785ae6dc7d6b1328d226d1878e5144fdb98c21fcba06f9	1075255		fixture-hive-08	request-selected-source	2	1	fixture-hive-08	1	0	0	1	0	200	0	0	0	1	0
graph-id-in-literal-wrapped-contains-k02-group-21-zero	graph-id-set	graph-id-in-literal-wrapped-contains	zero	graph-id-in-literal-and-wrapped-contains	graph-routing-set	properties	200	fixture-hive-10	fixture-hive-10,fixture-hive-11	2	ee5df13e4758327832f92663d242553d12beefe11136b61c03c5ba789d0d0644	success	0	147	805c8c7334c868e18e2be84be95b83cc60895722d739c2b164a68be4cd410c49	202918			cypher-graph-id-predicate	64	2	fixture-hive-10,fixture-hive-11	2	0	0	2	0	3	1	1	62	1	0
graph-id-in-parameter-wrapped-contains-k02-group-21-zero	graph-id-set	graph-id-in-parameter-wrapped-contains	zero	graph-id-in-parameter-and-wrapped-contains	parameters	properties	200	fixture-hive-10	fixture-hive-10,fixture-hive-11	2	ee5df13e4758327832f92663d242553d12beefe11136b61c03c5ba789d0d0644	success	0	147	805c8c7334c868e18e2be84be95b83cc60895722d739c2b164a68be4cd410c49	171140			cypher-graph-id-predicate	64	2	fixture-hive-10,fixture-hive-11	2	0	0	2	0	2	1	1	62	1	0
request-selected-set-wrapped-contains-k02-group-21-zero	graph-set-reference	request-selected-set-wrapped-contains	zero	request-graph-set-selection-and-wrapped-contains	request-selected-source	properties	200	fixture-hive-10	fixture-hive-10,fixture-hive-11	2	ee5df13e4758327832f92663d242553d12beefe11136b61c03c5ba789d0d0644	success	0	147	805c8c7334c868e18e2be84be95b83cc60895722d739c2b164a68be4cd410c49	125133			request-selected-source	2	2	fixture-hive-10,fixture-hive-11	2	0	0	2	0	2	0	0	0	1	0
graph-id-in-literal-wrapped-contains-k02-group-21-targeted	graph-id-set	graph-id-in-literal-wrapped-contains	targeted	graph-id-in-literal-and-wrapped-contains	graph-routing-set	properties	200	fixture-hive-10	fixture-hive-10,fixture-hive-11	2	ee5df13e4758327832f92663d242553d12beefe11136b61c03c5ba789d0d0644	success	63	39077	2d20a012ee335ff72d99f67135e1ac36defbca676c07a298d3df15c7c1e33f7d	450230		fixture-hive-10	cypher-graph-id-predicate	64	2	fixture-hive-10,fixture-hive-11	2	0	0	2	0	318	1	1	62	1	0
graph-id-in-parameter-wrapped-contains-k02-group-21-targeted	graph-id-set	graph-id-in-parameter-wrapped-contains	targeted	graph-id-in-parameter-and-wrapped-contains	parameters	properties	200	fixture-hive-10	fixture-hive-10,fixture-hive-11	2	ee5df13e4758327832f92663d242553d12beefe11136b61c03c5ba789d0d0644	success	63	39077	2d20a012ee335ff72d99f67135e1ac36defbca676c07a298d3df15c7c1e33f7d	205313		fixture-hive-10	cypher-graph-id-predicate	64	2	fixture-hive-10,fixture-hive-11	2	0	0	2	0	64	1	1	62	1	0
request-selected-set-wrapped-contains-k02-group-21-targeted	graph-set-reference	request-selected-set-wrapped-contains	targeted	request-graph-set-selection-and-wrapped-contains	request-selected-source	properties	200	fixture-hive-10	fixture-hive-10,fixture-hive-11	2	ee5df13e4758327832f92663d242553d12beefe11136b61c03c5ba789d0d0644	success	63	39077	2d20a012ee335ff72d99f67135e1ac36defbca676c07a298d3df15c7c1e33f7d	109945		fixture-hive-10	request-selected-source	2	2	fixture-hive-10,fixture-hive-11	2	0	0	2	0	64	0	0	0	1	0
graph-id-in-literal-wrapped-contains-k02-group-21-dense	graph-id-set	graph-id-in-literal-wrapped-contains	dense	graph-id-in-literal-and-wrapped-contains	graph-routing-set	properties	200	fixture-hive-10	fixture-hive-10,fixture-hive-11	2	ee5df13e4758327832f92663d242553d12beefe11136b61c03c5ba789d0d0644	success	200	93248	bd7a2cfc84011237aca413f8fd4b6ee9130043dc1530bc214cc965d935dc3d88	204171		fixture-hive-10	cypher-graph-id-predicate	64	1	fixture-hive-10	1	0	0	1	0	200	1	1	62	1	0
graph-id-in-parameter-wrapped-contains-k02-group-21-dense	graph-id-set	graph-id-in-parameter-wrapped-contains	dense	graph-id-in-parameter-and-wrapped-contains	parameters	properties	200	fixture-hive-10	fixture-hive-10,fixture-hive-11	2	ee5df13e4758327832f92663d242553d12beefe11136b61c03c5ba789d0d0644	success	200	93248	bd7a2cfc84011237aca413f8fd4b6ee9130043dc1530bc214cc965d935dc3d88	178563		fixture-hive-10	cypher-graph-id-predicate	64	1	fixture-hive-10	1	0	0	1	0	200	1	1	62	1	0
request-selected-set-wrapped-contains-k02-group-21-dense	graph-set-reference	request-selected-set-wrapped-contains	dense	request-graph-set-selection-and-wrapped-contains	request-selected-source	properties	200	fixture-hive-10	fixture-hive-10,fixture-hive-11	2	ee5df13e4758327832f92663d242553d12beefe11136b61c03c5ba789d0d0644	success	200	93248	bd7a2cfc84011237aca413f8fd4b6ee9130043dc1530bc214cc965d935dc3d88	145813		fixture-hive-10	request-selected-source	2	1	fixture-hive-10	1	0	0	1	0	200	0	0	0	1	0
graph-id-in-literal-wrapped-contains-k02-group-22-zero	graph-id-set	graph-id-in-literal-wrapped-contains	zero	graph-id-in-literal-and-wrapped-contains	graph-routing-set	properties	200	fixture-hive-12	fixture-hive-12,fixture-hive-13	2	428722215ca496d4e4f9c9d5a05310cce042e146f4e82a55e5db3c76468c51e0	success	0	147	805c8c7334c868e18e2be84be95b83cc60895722d739c2b164a68be4cd410c49	274493			cypher-graph-id-predicate	64	2	fixture-hive-12,fixture-hive-13	2	0	0	2	0	3	1	1	62	1	0
graph-id-in-parameter-wrapped-contains-k02-group-22-zero	graph-id-set	graph-id-in-parameter-wrapped-contains	zero	graph-id-in-parameter-and-wrapped-contains	parameters	properties	200	fixture-hive-12	fixture-hive-12,fixture-hive-13	2	428722215ca496d4e4f9c9d5a05310cce042e146f4e82a55e5db3c76468c51e0	success	0	147	805c8c7334c868e18e2be84be95b83cc60895722d739c2b164a68be4cd410c49	154128			cypher-graph-id-predicate	64	2	fixture-hive-12,fixture-hive-13	2	0	0	2	0	2	1	1	62	1	0
request-selected-set-wrapped-contains-k02-group-22-zero	graph-set-reference	request-selected-set-wrapped-contains	zero	request-graph-set-selection-and-wrapped-contains	request-selected-source	properties	200	fixture-hive-12	fixture-hive-12,fixture-hive-13	2	428722215ca496d4e4f9c9d5a05310cce042e146f4e82a55e5db3c76468c51e0	success	0	147	805c8c7334c868e18e2be84be95b83cc60895722d739c2b164a68be4cd410c49	133589			request-selected-source	2	2	fixture-hive-12,fixture-hive-13	2	0	0	2	0	2	0	0	0	1	0
graph-id-in-literal-wrapped-contains-k02-group-22-targeted	graph-id-set	graph-id-in-literal-wrapped-contains	targeted	graph-id-in-literal-and-wrapped-contains	graph-routing-set	properties	200	fixture-hive-12	fixture-hive-12,fixture-hive-13	2	428722215ca496d4e4f9c9d5a05310cce042e146f4e82a55e5db3c76468c51e0	success	5	3545	4491fecdbf798782a80b3c646f871b5d7a5bb168536f84f8e4718b2551f81515	605189		fixture-hive-12,fixture-hive-13	cypher-graph-id-predicate	64	2	fixture-hive-12,fixture-hive-13	2	0	0	2	0	527	1	1	62	1	0
graph-id-in-parameter-wrapped-contains-k02-group-22-targeted	graph-id-set	graph-id-in-parameter-wrapped-contains	targeted	graph-id-in-parameter-and-wrapped-contains	parameters	properties	200	fixture-hive-12	fixture-hive-12,fixture-hive-13	2	428722215ca496d4e4f9c9d5a05310cce042e146f4e82a55e5db3c76468c51e0	success	5	3545	4491fecdbf798782a80b3c646f871b5d7a5bb168536f84f8e4718b2551f81515	176970		fixture-hive-12,fixture-hive-13	cypher-graph-id-predicate	64	2	fixture-hive-12,fixture-hive-13	2	0	0	2	0	5	1	1	62	1	0
request-selected-set-wrapped-contains-k02-group-22-targeted	graph-set-reference	request-selected-set-wrapped-contains	targeted	request-graph-set-selection-and-wrapped-contains	request-selected-source	properties	200	fixture-hive-12	fixture-hive-12,fixture-hive-13	2	428722215ca496d4e4f9c9d5a05310cce042e146f4e82a55e5db3c76468c51e0	success	5	3545	4491fecdbf798782a80b3c646f871b5d7a5bb168536f84f8e4718b2551f81515	145571		fixture-hive-12,fixture-hive-13	request-selected-source	2	2	fixture-hive-12,fixture-hive-13	2	0	0	2	0	5	0	0	0	1	0
graph-id-in-literal-wrapped-contains-k02-group-22-dense	graph-id-set	graph-id-in-literal-wrapped-contains	dense	graph-id-in-literal-and-wrapped-contains	graph-routing-set	properties	200	fixture-hive-12	fixture-hive-12,fixture-hive-13	2	428722215ca496d4e4f9c9d5a05310cce042e146f4e82a55e5db3c76468c51e0	success	200	90517	901cb7ad5a7cef604f7264d87d81f85a7b3e521b0175839dd61f15fa140b58cf	257421		fixture-hive-12	cypher-graph-id-predicate	64	1	fixture-hive-12	1	0	0	1	0	200	1	1	62	1	0
graph-id-in-parameter-wrapped-contains-k02-group-22-dense	graph-id-set	graph-id-in-parameter-wrapped-contains	dense	graph-id-in-parameter-and-wrapped-contains	parameters	properties	200	fixture-hive-12	fixture-hive-12,fixture-hive-13	2	428722215ca496d4e4f9c9d5a05310cce042e146f4e82a55e5db3c76468c51e0	success	200	90517	901cb7ad5a7cef604f7264d87d81f85a7b3e521b0175839dd61f15fa140b58cf	186608		fixture-hive-12	cypher-graph-id-predicate	64	1	fixture-hive-12	1	0	0	1	0	200	1	1	62	1	0
request-selected-set-wrapped-contains-k02-group-22-dense	graph-set-reference	request-selected-set-wrapped-contains	dense	request-graph-set-selection-and-wrapped-contains	request-selected-source	properties	200	fixture-hive-12	fixture-hive-12,fixture-hive-13	2	428722215ca496d4e4f9c9d5a05310cce042e146f4e82a55e5db3c76468c51e0	success	200	90517	901cb7ad5a7cef604f7264d87d81f85a7b3e521b0175839dd61f15fa140b58cf	169216		fixture-hive-12	request-selected-source	2	1	fixture-hive-12	1	0	0	1	0	200	0	0	0	1	0
graph-id-in-literal-wrapped-contains-k02-group-23-zero	graph-id-set	graph-id-in-literal-wrapped-contains	zero	graph-id-in-literal-and-wrapped-contains	graph-routing-set	properties	200	fixture-hive-14	fixture-hive-14,fixture-hive-15	2	bd3a86601d2d33fe9db8ca75e93e1f2fa47efb0ab641799ac8bb16d5574f73c4	success	0	147	805c8c7334c868e18e2be84be95b83cc60895722d739c2b164a68be4cd410c49	271086			cypher-graph-id-predicate	64	2	fixture-hive-14,fixture-hive-15	2	0	0	2	0	3	1	1	62	1	0
graph-id-in-parameter-wrapped-contains-k02-group-23-zero	graph-id-set	graph-id-in-parameter-wrapped-contains	zero	graph-id-in-parameter-and-wrapped-contains	parameters	properties	200	fixture-hive-14	fixture-hive-14,fixture-hive-15	2	bd3a86601d2d33fe9db8ca75e93e1f2fa47efb0ab641799ac8bb16d5574f73c4	success	0	147	805c8c7334c868e18e2be84be95b83cc60895722d739c2b164a68be4cd410c49	166481			cypher-graph-id-predicate	64	2	fixture-hive-14,fixture-hive-15	2	0	0	2	0	2	1	1	62	1	0
request-selected-set-wrapped-contains-k02-group-23-zero	graph-set-reference	request-selected-set-wrapped-contains	zero	request-graph-set-selection-and-wrapped-contains	request-selected-source	properties	200	fixture-hive-14	fixture-hive-14,fixture-hive-15	2	bd3a86601d2d33fe9db8ca75e93e1f2fa47efb0ab641799ac8bb16d5574f73c4	success	0	147	805c8c7334c868e18e2be84be95b83cc60895722d739c2b164a68be4cd410c49	158566			request-selected-source	2	2	fixture-hive-14,fixture-hive-15	2	0	0	2	0	2	0	0	0	1	0
graph-id-in-literal-wrapped-contains-k02-group-23-targeted	graph-id-set	graph-id-in-literal-wrapped-contains	targeted	graph-id-in-literal-and-wrapped-contains	graph-routing-set	properties	200	fixture-hive-14	fixture-hive-14,fixture-hive-15	2	bd3a86601d2d33fe9db8ca75e93e1f2fa47efb0ab641799ac8bb16d5574f73c4	success	45	27605	5de372ca8e19ec486456452fc7bd2d9f18c4d7b0beb5e238b24073911e1d2e3a	479365		fixture-hive-14	cypher-graph-id-predicate	64	2	fixture-hive-14,fixture-hive-15	2	0	0	2	0	303	1	1	62	1	0
graph-id-in-parameter-wrapped-contains-k02-group-23-targeted	graph-id-set	graph-id-in-parameter-wrapped-contains	targeted	graph-id-in-parameter-and-wrapped-contains	parameters	properties	200	fixture-hive-14	fixture-hive-14,fixture-hive-15	2	bd3a86601d2d33fe9db8ca75e93e1f2fa47efb0ab641799ac8bb16d5574f73c4	success	45	27605	5de372ca8e19ec486456452fc7bd2d9f18c4d7b0beb5e238b24073911e1d2e3a	183292		fixture-hive-14	cypher-graph-id-predicate	64	2	fixture-hive-14,fixture-hive-15	2	0	0	2	0	46	1	1	62	1	0
request-selected-set-wrapped-contains-k02-group-23-targeted	graph-set-reference	request-selected-set-wrapped-contains	targeted	request-graph-set-selection-and-wrapped-contains	request-selected-source	properties	200	fixture-hive-14	fixture-hive-14,fixture-hive-15	2	bd3a86601d2d33fe9db8ca75e93e1f2fa47efb0ab641799ac8bb16d5574f73c4	success	45	27605	5de372ca8e19ec486456452fc7bd2d9f18c4d7b0beb5e238b24073911e1d2e3a	156953		fixture-hive-14	request-selected-source	2	2	fixture-hive-14,fixture-hive-15	2	0	0	2	0	46	0	0	0	1	0
graph-id-in-literal-wrapped-contains-k02-group-23-dense	graph-id-set	graph-id-in-literal-wrapped-contains	dense	graph-id-in-literal-and-wrapped-contains	graph-routing-set	properties	200	fixture-hive-14	fixture-hive-14,fixture-hive-15	2	bd3a86601d2d33fe9db8ca75e93e1f2fa47efb0ab641799ac8bb16d5574f73c4	success	200	96641	3ad39c9167b00424c5957087068cab90d47268c9063b8d9e565113275edd98c8	279752		fixture-hive-14	cypher-graph-id-predicate	64	1	fixture-hive-14	1	0	0	1	0	200	1	1	62	1	0
graph-id-in-parameter-wrapped-contains-k02-group-23-dense	graph-id-set	graph-id-in-parameter-wrapped-contains	dense	graph-id-in-parameter-and-wrapped-contains	parameters	properties	200	fixture-hive-14	fixture-hive-14,fixture-hive-15	2	bd3a86601d2d33fe9db8ca75e93e1f2fa47efb0ab641799ac8bb16d5574f73c4	success	200	96641	3ad39c9167b00424c5957087068cab90d47268c9063b8d9e565113275edd98c8	295442		fixture-hive-14	cypher-graph-id-predicate	64	1	fixture-hive-14	1	0	0	1	0	200	1	1	62	1	0
request-selected-set-wrapped-contains-k02-group-23-dense	graph-set-reference	request-selected-set-wrapped-contains	dense	request-graph-set-selection-and-wrapped-contains	request-selected-source	properties	200	fixture-hive-14	fixture-hive-14,fixture-hive-15	2	bd3a86601d2d33fe9db8ca75e93e1f2fa47efb0ab641799ac8bb16d5574f73c4	success	200	96641	3ad39c9167b00424c5957087068cab90d47268c9063b8d9e565113275edd98c8	310760		fixture-hive-14	request-selected-source	2	1	fixture-hive-14	1	0	0	1	0	200	0	0	0	1	0
graph-id-in-literal-wrapped-contains-k02-group-24-zero	graph-id-set	graph-id-in-literal-wrapped-contains	zero	graph-id-in-literal-and-wrapped-contains	graph-routing-set	properties	200	fixture-kotlin-compiler-00	fixture-kotlin-compiler-00,fixture-kotlin-compiler-01	2	56868f1a9cf217da4efc67ad27fa437371abf57f3bb39fd488b176b7b556f456	success	0	147	805c8c7334c868e18e2be84be95b83cc60895722d739c2b164a68be4cd410c49	287827			cypher-graph-id-predicate	64	2	fixture-kotlin-compiler-00,fixture-kotlin-compiler-01	2	0	0	2	0	3	1	1	62	1	0
graph-id-in-parameter-wrapped-contains-k02-group-24-zero	graph-id-set	graph-id-in-parameter-wrapped-contains	zero	graph-id-in-parameter-and-wrapped-contains	parameters	properties	200	fixture-kotlin-compiler-00	fixture-kotlin-compiler-00,fixture-kotlin-compiler-01	2	56868f1a9cf217da4efc67ad27fa437371abf57f3bb39fd488b176b7b556f456	success	0	147	805c8c7334c868e18e2be84be95b83cc60895722d739c2b164a68be4cd410c49	223277			cypher-graph-id-predicate	64	2	fixture-kotlin-compiler-00,fixture-kotlin-compiler-01	2	0	0	2	0	2	1	1	62	1	0
request-selected-set-wrapped-contains-k02-group-24-zero	graph-set-reference	request-selected-set-wrapped-contains	zero	request-graph-set-selection-and-wrapped-contains	request-selected-source	properties	200	fixture-kotlin-compiler-00	fixture-kotlin-compiler-00,fixture-kotlin-compiler-01	2	56868f1a9cf217da4efc67ad27fa437371abf57f3bb39fd488b176b7b556f456	success	0	147	805c8c7334c868e18e2be84be95b83cc60895722d739c2b164a68be4cd410c49	292657			request-selected-source	2	2	fixture-kotlin-compiler-00,fixture-kotlin-compiler-01	2	0	0	2	0	2	0	0	0	1	0
graph-id-in-literal-wrapped-contains-k02-group-24-targeted	graph-id-set	graph-id-in-literal-wrapped-contains	targeted	graph-id-in-literal-and-wrapped-contains	graph-routing-set	properties	200	fixture-kotlin-compiler-00	fixture-kotlin-compiler-00,fixture-kotlin-compiler-01	2	56868f1a9cf217da4efc67ad27fa437371abf57f3bb39fd488b176b7b556f456	success	10	6351	274597a5e0e535d6581734920f9ffbc39062a84a13ad9d85823a8f12df219dfd	419233		fixture-kotlin-compiler-00	cypher-graph-id-predicate	64	2	fixture-kotlin-compiler-00,fixture-kotlin-compiler-01	2	0	0	2	0	236	1	1	62	1	0
graph-id-in-parameter-wrapped-contains-k02-group-24-targeted	graph-id-set	graph-id-in-parameter-wrapped-contains	targeted	graph-id-in-parameter-and-wrapped-contains	parameters	properties	200	fixture-kotlin-compiler-00	fixture-kotlin-compiler-00,fixture-kotlin-compiler-01	2	56868f1a9cf217da4efc67ad27fa437371abf57f3bb39fd488b176b7b556f456	success	10	6351	274597a5e0e535d6581734920f9ffbc39062a84a13ad9d85823a8f12df219dfd	176559		fixture-kotlin-compiler-00	cypher-graph-id-predicate	64	2	fixture-kotlin-compiler-00,fixture-kotlin-compiler-01	2	0	0	2	0	11	1	1	62	1	0
request-selected-set-wrapped-contains-k02-group-24-targeted	graph-set-reference	request-selected-set-wrapped-contains	targeted	request-graph-set-selection-and-wrapped-contains	request-selected-source	properties	200	fixture-kotlin-compiler-00	fixture-kotlin-compiler-00,fixture-kotlin-compiler-01	2	56868f1a9cf217da4efc67ad27fa437371abf57f3bb39fd488b176b7b556f456	success	10	6351	274597a5e0e535d6581734920f9ffbc39062a84a13ad9d85823a8f12df219dfd	162563		fixture-kotlin-compiler-00	request-selected-source	2	2	fixture-kotlin-compiler-00,fixture-kotlin-compiler-01	2	0	0	2	0	11	0	0	0	1	0
graph-id-in-literal-wrapped-contains-k02-group-24-dense	graph-id-set	graph-id-in-literal-wrapped-contains	dense	graph-id-in-literal-and-wrapped-contains	graph-routing-set	properties	200	fixture-kotlin-compiler-00	fixture-kotlin-compiler-00,fixture-kotlin-compiler-01	2	56868f1a9cf217da4efc67ad27fa437371abf57f3bb39fd488b176b7b556f456	success	200	97301	4abd067ea3c7496241f2623586a132809a81e33bd08c7645b717be3ee7ee2542	288148		fixture-kotlin-compiler-00	cypher-graph-id-predicate	64	1	fixture-kotlin-compiler-00	1	0	0	1	0	200	1	1	62	1	0
graph-id-in-parameter-wrapped-contains-k02-group-24-dense	graph-id-set	graph-id-in-parameter-wrapped-contains	dense	graph-id-in-parameter-and-wrapped-contains	parameters	properties	200	fixture-kotlin-compiler-00	fixture-kotlin-compiler-00,fixture-kotlin-compiler-01	2	56868f1a9cf217da4efc67ad27fa437371abf57f3bb39fd488b176b7b556f456	success	200	97301	4abd067ea3c7496241f2623586a132809a81e33bd08c7645b717be3ee7ee2542	257601		fixture-kotlin-compiler-00	cypher-graph-id-predicate	64	1	fixture-kotlin-compiler-00	1	0	0	1	0	200	1	1	62	1	0
request-selected-set-wrapped-contains-k02-group-24-dense	graph-set-reference	request-selected-set-wrapped-contains	dense	request-graph-set-selection-and-wrapped-contains	request-selected-source	properties	200	fixture-kotlin-compiler-00	fixture-kotlin-compiler-00,fixture-kotlin-compiler-01	2	56868f1a9cf217da4efc67ad27fa437371abf57f3bb39fd488b176b7b556f456	success	200	97301	4abd067ea3c7496241f2623586a132809a81e33bd08c7645b717be3ee7ee2542	173174		fixture-kotlin-compiler-00	request-selected-source	2	1	fixture-kotlin-compiler-00	1	0	0	1	0	200	0	0	0	1	0
graph-id-in-literal-wrapped-contains-k02-group-25-zero	graph-id-set	graph-id-in-literal-wrapped-contains	zero	graph-id-in-literal-and-wrapped-contains	graph-routing-set	properties	200	fixture-kotlin-compiler-02	fixture-kotlin-compiler-02,fixture-kotlin-compiler-03	2	f1fbbdfc216b798281dff3d7ec29043bf8683f075ffe543077be5a013bd32241	success	0	147	805c8c7334c868e18e2be84be95b83cc60895722d739c2b164a68be4cd410c49	270295			cypher-graph-id-predicate	64	2	fixture-kotlin-compiler-02,fixture-kotlin-compiler-03	2	0	0	2	0	3	1	1	62	1	0
graph-id-in-parameter-wrapped-contains-k02-group-25-zero	graph-id-set	graph-id-in-parameter-wrapped-contains	zero	graph-id-in-parameter-and-wrapped-contains	parameters	properties	200	fixture-kotlin-compiler-02	fixture-kotlin-compiler-02,fixture-kotlin-compiler-03	2	f1fbbdfc216b798281dff3d7ec29043bf8683f075ffe543077be5a013bd32241	success	0	147	805c8c7334c868e18e2be84be95b83cc60895722d739c2b164a68be4cd410c49	296955			cypher-graph-id-predicate	64	2	fixture-kotlin-compiler-02,fixture-kotlin-compiler-03	2	0	0	2	0	2	1	1	62	1	0
request-selected-set-wrapped-contains-k02-group-25-zero	graph-set-reference	request-selected-set-wrapped-contains	zero	request-graph-set-selection-and-wrapped-contains	request-selected-source	properties	200	fixture-kotlin-compiler-02	fixture-kotlin-compiler-02,fixture-kotlin-compiler-03	2	f1fbbdfc216b798281dff3d7ec29043bf8683f075ffe543077be5a013bd32241	success	0	147	805c8c7334c868e18e2be84be95b83cc60895722d739c2b164a68be4cd410c49	175126			request-selected-source	2	2	fixture-kotlin-compiler-02,fixture-kotlin-compiler-03	2	0	0	2	0	2	0	0	0	1	0
graph-id-in-literal-wrapped-contains-k02-group-25-targeted	graph-id-set	graph-id-in-literal-wrapped-contains	targeted	graph-id-in-literal-and-wrapped-contains	graph-routing-set	properties	200	fixture-kotlin-compiler-02	fixture-kotlin-compiler-02,fixture-kotlin-compiler-03	2	f1fbbdfc216b798281dff3d7ec29043bf8683f075ffe543077be5a013bd32241	success	11	6749	2381a85a5b438c2bf70fa3be382bc797869fcc97bf32160c293adfc9bc311b40	586094		fixture-kotlin-compiler-02,fixture-kotlin-compiler-03	cypher-graph-id-predicate	64	2	fixture-kotlin-compiler-02,fixture-kotlin-compiler-03	2	0	0	2	0	448	1	1	62	1	0
graph-id-in-parameter-wrapped-contains-k02-group-25-targeted	graph-id-set	graph-id-in-parameter-wrapped-contains	targeted	graph-id-in-parameter-and-wrapped-contains	parameters	properties	200	fixture-kotlin-compiler-02	fixture-kotlin-compiler-02,fixture-kotlin-compiler-03	2	f1fbbdfc216b798281dff3d7ec29043bf8683f075ffe543077be5a013bd32241	success	11	6749	2381a85a5b438c2bf70fa3be382bc797869fcc97bf32160c293adfc9bc311b40	1080319		fixture-kotlin-compiler-02,fixture-kotlin-compiler-03	cypher-graph-id-predicate	64	2	fixture-kotlin-compiler-02,fixture-kotlin-compiler-03	2	0	0	2	0	11	1	1	62	1	0
request-selected-set-wrapped-contains-k02-group-25-targeted	graph-set-reference	request-selected-set-wrapped-contains	targeted	request-graph-set-selection-and-wrapped-contains	request-selected-source	properties	200	fixture-kotlin-compiler-02	fixture-kotlin-compiler-02,fixture-kotlin-compiler-03	2	f1fbbdfc216b798281dff3d7ec29043bf8683f075ffe543077be5a013bd32241	success	11	6749	2381a85a5b438c2bf70fa3be382bc797869fcc97bf32160c293adfc9bc311b40	196697		fixture-kotlin-compiler-02,fixture-kotlin-compiler-03	request-selected-source	2	2	fixture-kotlin-compiler-02,fixture-kotlin-compiler-03	2	0	0	2	0	11	0	0	0	1	0
graph-id-in-literal-wrapped-contains-k02-group-25-dense	graph-id-set	graph-id-in-literal-wrapped-contains	dense	graph-id-in-literal-and-wrapped-contains	graph-routing-set	properties	200	fixture-kotlin-compiler-02	fixture-kotlin-compiler-02,fixture-kotlin-compiler-03	2	f1fbbdfc216b798281dff3d7ec29043bf8683f075ffe543077be5a013bd32241	success	200	91564	fbf180fab82c32493738bb60bb29955d3f45810bb23806d614f71964200069bc	255587		fixture-kotlin-compiler-02	cypher-graph-id-predicate	64	1	fixture-kotlin-compiler-02	1	0	0	1	0	200	1	1	62	1	0
graph-id-in-parameter-wrapped-contains-k02-group-25-dense	graph-id-set	graph-id-in-parameter-wrapped-contains	dense	graph-id-in-parameter-and-wrapped-contains	parameters	properties	200	fixture-kotlin-compiler-02	fixture-kotlin-compiler-02,fixture-kotlin-compiler-03	2	f1fbbdfc216b798281dff3d7ec29043bf8683f075ffe543077be5a013bd32241	success	200	91564	fbf180fab82c32493738bb60bb29955d3f45810bb23806d614f71964200069bc	193309		fixture-kotlin-compiler-02	cypher-graph-id-predicate	64	1	fixture-kotlin-compiler-02	1	0	0	1	0	200	1	1	62	1	0
request-selected-set-wrapped-contains-k02-group-25-dense	graph-set-reference	request-selected-set-wrapped-contains	dense	request-graph-set-selection-and-wrapped-contains	request-selected-source	properties	200	fixture-kotlin-compiler-02	fixture-kotlin-compiler-02,fixture-kotlin-compiler-03	2	f1fbbdfc216b798281dff3d7ec29043bf8683f075ffe543077be5a013bd32241	success	200	91564	fbf180fab82c32493738bb60bb29955d3f45810bb23806d614f71964200069bc	174977		fixture-kotlin-compiler-02	request-selected-source	2	1	fixture-kotlin-compiler-02	1	0	0	1	0	200	0	0	0	1	0
graph-id-in-literal-wrapped-contains-k02-group-26-zero	graph-id-set	graph-id-in-literal-wrapped-contains	zero	graph-id-in-literal-and-wrapped-contains	graph-routing-set	properties	200	fixture-kotlin-compiler-04	fixture-kotlin-compiler-04,fixture-kotlin-compiler-05	2	6005c0bb3303f9c6835a728e243c23da436498b9fd73b3be82ee3853503dd674	success	0	147	805c8c7334c868e18e2be84be95b83cc60895722d739c2b164a68be4cd410c49	270044			cypher-graph-id-predicate	64	2	fixture-kotlin-compiler-04,fixture-kotlin-compiler-05	2	0	0	2	0	3	1	1	62	1	0
graph-id-in-parameter-wrapped-contains-k02-group-26-zero	graph-id-set	graph-id-in-parameter-wrapped-contains	zero	graph-id-in-parameter-and-wrapped-contains	parameters	properties	200	fixture-kotlin-compiler-04	fixture-kotlin-compiler-04,fixture-kotlin-compiler-05	2	6005c0bb3303f9c6835a728e243c23da436498b9fd73b3be82ee3853503dd674	success	0	147	805c8c7334c868e18e2be84be95b83cc60895722d739c2b164a68be4cd410c49	188121			cypher-graph-id-predicate	64	2	fixture-kotlin-compiler-04,fixture-kotlin-compiler-05	2	0	0	2	0	2	1	1	62	1	0
request-selected-set-wrapped-contains-k02-group-26-zero	graph-set-reference	request-selected-set-wrapped-contains	zero	request-graph-set-selection-and-wrapped-contains	request-selected-source	properties	200	fixture-kotlin-compiler-04	fixture-kotlin-compiler-04,fixture-kotlin-compiler-05	2	6005c0bb3303f9c6835a728e243c23da436498b9fd73b3be82ee3853503dd674	success	0	147	805c8c7334c868e18e2be84be95b83cc60895722d739c2b164a68be4cd410c49	606362			request-selected-source	2	2	fixture-kotlin-compiler-04,fixture-kotlin-compiler-05	2	0	0	2	0	2	0	0	0	1	0
graph-id-in-literal-wrapped-contains-k02-group-26-targeted	graph-id-set	graph-id-in-literal-wrapped-contains	targeted	graph-id-in-literal-and-wrapped-contains	graph-routing-set	properties	200	fixture-kotlin-compiler-04	fixture-kotlin-compiler-04,fixture-kotlin-compiler-05	2	6005c0bb3303f9c6835a728e243c23da436498b9fd73b3be82ee3853503dd674	success	1	792	6691abe0a1f608719107bf4ffc3fa52632123ab77cb7c2c3c6536cd32de533b1	484705		fixture-kotlin-compiler-04	cypher-graph-id-predicate	64	2	fixture-kotlin-compiler-04,fixture-kotlin-compiler-05	2	0	0	2	0	277	1	1	62	1	0
graph-id-in-parameter-wrapped-contains-k02-group-26-targeted	graph-id-set	graph-id-in-parameter-wrapped-contains	targeted	graph-id-in-parameter-and-wrapped-contains	parameters	properties	200	fixture-kotlin-compiler-04	fixture-kotlin-compiler-04,fixture-kotlin-compiler-05	2	6005c0bb3303f9c6835a728e243c23da436498b9fd73b3be82ee3853503dd674	success	1	792	6691abe0a1f608719107bf4ffc3fa52632123ab77cb7c2c3c6536cd32de533b1	158185		fixture-kotlin-compiler-04	cypher-graph-id-predicate	64	2	fixture-kotlin-compiler-04,fixture-kotlin-compiler-05	2	0	0	2	0	2	1	1	62	1	0
request-selected-set-wrapped-contains-k02-group-26-targeted	graph-set-reference	request-selected-set-wrapped-contains	targeted	request-graph-set-selection-and-wrapped-contains	request-selected-source	properties	200	fixture-kotlin-compiler-04	fixture-kotlin-compiler-04,fixture-kotlin-compiler-05	2	6005c0bb3303f9c6835a728e243c23da436498b9fd73b3be82ee3853503dd674	success	1	792	6691abe0a1f608719107bf4ffc3fa52632123ab77cb7c2c3c6536cd32de533b1	160930		fixture-kotlin-compiler-04	request-selected-source	2	2	fixture-kotlin-compiler-04,fixture-kotlin-compiler-05	2	0	0	2	0	2	0	0	0	1	0
graph-id-in-literal-wrapped-contains-k02-group-26-dense	graph-id-set	graph-id-in-literal-wrapped-contains	dense	graph-id-in-literal-and-wrapped-contains	graph-routing-set	properties	200	fixture-kotlin-compiler-04	fixture-kotlin-compiler-04,fixture-kotlin-compiler-05	2	6005c0bb3303f9c6835a728e243c23da436498b9fd73b3be82ee3853503dd674	success	200	96891	db4b9bfadbbb61a039e76484090eda57349ec9585a7c795f46793352fb739e7c	275013		fixture-kotlin-compiler-04	cypher-graph-id-predicate	64	1	fixture-kotlin-compiler-04	1	0	0	1	0	200	1	1	62	1	0
graph-id-in-parameter-wrapped-contains-k02-group-26-dense	graph-id-set	graph-id-in-parameter-wrapped-contains	dense	graph-id-in-parameter-and-wrapped-contains	parameters	properties	200	fixture-kotlin-compiler-04	fixture-kotlin-compiler-04,fixture-kotlin-compiler-05	2	6005c0bb3303f9c6835a728e243c23da436498b9fd73b3be82ee3853503dd674	success	200	96891	db4b9bfadbbb61a039e76484090eda57349ec9585a7c795f46793352fb739e7c	293438		fixture-kotlin-compiler-04	cypher-graph-id-predicate	64	1	fixture-kotlin-compiler-04	1	0	0	1	0	200	1	1	62	1	0
request-selected-set-wrapped-contains-k02-group-26-dense	graph-set-reference	request-selected-set-wrapped-contains	dense	request-graph-set-selection-and-wrapped-contains	request-selected-source	properties	200	fixture-kotlin-compiler-04	fixture-kotlin-compiler-04,fixture-kotlin-compiler-05	2	6005c0bb3303f9c6835a728e243c23da436498b9fd73b3be82ee3853503dd674	success	200	96891	db4b9bfadbbb61a039e76484090eda57349ec9585a7c795f46793352fb739e7c	158897		fixture-kotlin-compiler-04	request-selected-source	2	1	fixture-kotlin-compiler-04	1	0	0	1	0	200	0	0	0	1	0
graph-id-in-literal-wrapped-contains-k02-group-27-zero	graph-id-set	graph-id-in-literal-wrapped-contains	zero	graph-id-in-literal-and-wrapped-contains	graph-routing-set	properties	200	fixture-kotlin-compiler-06	fixture-kotlin-compiler-06,fixture-kotlin-compiler-07	2	2d145c224cad1d0a7643198ce0a477e3ade909c82d95bce66020ba683dccd83a	success	0	147	805c8c7334c868e18e2be84be95b83cc60895722d739c2b164a68be4cd410c49	249676			cypher-graph-id-predicate	64	2	fixture-kotlin-compiler-06,fixture-kotlin-compiler-07	2	0	0	2	0	3	1	1	62	1	0
graph-id-in-parameter-wrapped-contains-k02-group-27-zero	graph-id-set	graph-id-in-parameter-wrapped-contains	zero	graph-id-in-parameter-and-wrapped-contains	parameters	properties	200	fixture-kotlin-compiler-06	fixture-kotlin-compiler-06,fixture-kotlin-compiler-07	2	2d145c224cad1d0a7643198ce0a477e3ade909c82d95bce66020ba683dccd83a	success	0	147	805c8c7334c868e18e2be84be95b83cc60895722d739c2b164a68be4cd410c49	170048			cypher-graph-id-predicate	64	2	fixture-kotlin-compiler-06,fixture-kotlin-compiler-07	2	0	0	2	0	2	1	1	62	1	0
request-selected-set-wrapped-contains-k02-group-27-zero	graph-set-reference	request-selected-set-wrapped-contains	zero	request-graph-set-selection-and-wrapped-contains	request-selected-source	properties	200	fixture-kotlin-compiler-06	fixture-kotlin-compiler-06,fixture-kotlin-compiler-07	2	2d145c224cad1d0a7643198ce0a477e3ade909c82d95bce66020ba683dccd83a	success	0	147	805c8c7334c868e18e2be84be95b83cc60895722d739c2b164a68be4cd410c49	150801			request-selected-source	2	2	fixture-kotlin-compiler-06,fixture-kotlin-compiler-07	2	0	0	2	0	2	0	0	0	1	0
graph-id-in-literal-wrapped-contains-k02-group-27-targeted	graph-id-set	graph-id-in-literal-wrapped-contains	targeted	graph-id-in-literal-and-wrapped-contains	graph-routing-set	properties	200	fixture-kotlin-compiler-06	fixture-kotlin-compiler-06,fixture-kotlin-compiler-07	2	2d145c224cad1d0a7643198ce0a477e3ade909c82d95bce66020ba683dccd83a	success	3	1869	5157205e66d4cebff8b628175c555fdb333564013eabc5f496e37f9a4ad2b606	497839		fixture-kotlin-compiler-06	cypher-graph-id-predicate	64	2	fixture-kotlin-compiler-06,fixture-kotlin-compiler-07	2	0	0	2	0	185	1	1	62	1	0
graph-id-in-parameter-wrapped-contains-k02-group-27-targeted	graph-id-set	graph-id-in-parameter-wrapped-contains	targeted	graph-id-in-parameter-and-wrapped-contains	parameters	properties	200	fixture-kotlin-compiler-06	fixture-kotlin-compiler-06,fixture-kotlin-compiler-07	2	2d145c224cad1d0a7643198ce0a477e3ade909c82d95bce66020ba683dccd83a	success	3	1869	5157205e66d4cebff8b628175c555fdb333564013eabc5f496e37f9a4ad2b606	176078		fixture-kotlin-compiler-06	cypher-graph-id-predicate	64	2	fixture-kotlin-compiler-06,fixture-kotlin-compiler-07	2	0	0	2	0	4	1	1	62	1	0
request-selected-set-wrapped-contains-k02-group-27-targeted	graph-set-reference	request-selected-set-wrapped-contains	targeted	request-graph-set-selection-and-wrapped-contains	request-selected-source	properties	200	fixture-kotlin-compiler-06	fixture-kotlin-compiler-06,fixture-kotlin-compiler-07	2	2d145c224cad1d0a7643198ce0a477e3ade909c82d95bce66020ba683dccd83a	success	3	1869	5157205e66d4cebff8b628175c555fdb333564013eabc5f496e37f9a4ad2b606	237082		fixture-kotlin-compiler-06	request-selected-source	2	2	fixture-kotlin-compiler-06,fixture-kotlin-compiler-07	2	0	0	2	0	4	0	0	0	1	0
graph-id-in-literal-wrapped-contains-k02-group-27-dense	graph-id-set	graph-id-in-literal-wrapped-contains	dense	graph-id-in-literal-and-wrapped-contains	graph-routing-set	properties	200	fixture-kotlin-compiler-06	fixture-kotlin-compiler-06,fixture-kotlin-compiler-07	2	2d145c224cad1d0a7643198ce0a477e3ade909c82d95bce66020ba683dccd83a	success	200	92798	60b390f0b190e46f6fd1b4929641c7324c9142e0f18a85bc338e7b41ebe62db5	309358		fixture-kotlin-compiler-06	cypher-graph-id-predicate	64	1	fixture-kotlin-compiler-06	1	0	0	1	0	200	1	1	62	1	0
graph-id-in-parameter-wrapped-contains-k02-group-27-dense	graph-id-set	graph-id-in-parameter-wrapped-contains	dense	graph-id-in-parameter-and-wrapped-contains	parameters	properties	200	fixture-kotlin-compiler-06	fixture-kotlin-compiler-06,fixture-kotlin-compiler-07	2	2d145c224cad1d0a7643198ce0a477e3ade909c82d95bce66020ba683dccd83a	success	200	92798	60b390f0b190e46f6fd1b4929641c7324c9142e0f18a85bc338e7b41ebe62db5	139651		fixture-kotlin-compiler-06	cypher-graph-id-predicate	64	1	fixture-kotlin-compiler-06	1	0	0	1	0	200	1	1	62	1	0
request-selected-set-wrapped-contains-k02-group-27-dense	graph-set-reference	request-selected-set-wrapped-contains	dense	request-graph-set-selection-and-wrapped-contains	request-selected-source	properties	200	fixture-kotlin-compiler-06	fixture-kotlin-compiler-06,fixture-kotlin-compiler-07	2	2d145c224cad1d0a7643198ce0a477e3ade909c82d95bce66020ba683dccd83a	success	200	92798	60b390f0b190e46f6fd1b4929641c7324c9142e0f18a85bc338e7b41ebe62db5	130734		fixture-kotlin-compiler-06	request-selected-source	2	1	fixture-kotlin-compiler-06	1	0	0	1	0	200	0	0	0	1	0
graph-id-in-literal-wrapped-contains-k02-group-28-zero	graph-id-set	graph-id-in-literal-wrapped-contains	zero	graph-id-in-literal-and-wrapped-contains	graph-routing-set	properties	200	fixture-kotlin-compiler-08	fixture-kotlin-compiler-08,fixture-kotlin-compiler-09	2	bab3820ed800cc5e6b90eb1ad9b3a8d49e3293ed875112e3eea39aaed3805873	success	0	147	805c8c7334c868e18e2be84be95b83cc60895722d739c2b164a68be4cd410c49	236887			cypher-graph-id-predicate	64	2	fixture-kotlin-compiler-08,fixture-kotlin-compiler-09	2	0	0	2	0	3	1	1	62	1	0
graph-id-in-parameter-wrapped-contains-k02-group-28-zero	graph-id-set	graph-id-in-parameter-wrapped-contains	zero	graph-id-in-parameter-and-wrapped-contains	parameters	properties	200	fixture-kotlin-compiler-08	fixture-kotlin-compiler-08,fixture-kotlin-compiler-09	2	bab3820ed800cc5e6b90eb1ad9b3a8d49e3293ed875112e3eea39aaed3805873	success	0	147	805c8c7334c868e18e2be84be95b83cc60895722d739c2b164a68be4cd410c49	194233			cypher-graph-id-predicate	64	2	fixture-kotlin-compiler-08,fixture-kotlin-compiler-09	2	0	0	2	0	2	1	1	62	1	0
request-selected-set-wrapped-contains-k02-group-28-zero	graph-set-reference	request-selected-set-wrapped-contains	zero	request-graph-set-selection-and-wrapped-contains	request-selected-source	properties	200	fixture-kotlin-compiler-08	fixture-kotlin-compiler-08,fixture-kotlin-compiler-09	2	bab3820ed800cc5e6b90eb1ad9b3a8d49e3293ed875112e3eea39aaed3805873	success	0	147	805c8c7334c868e18e2be84be95b83cc60895722d739c2b164a68be4cd410c49	265807			request-selected-source	2	2	fixture-kotlin-compiler-08,fixture-kotlin-compiler-09	2	0	0	2	0	2	0	0	0	1	0
graph-id-in-literal-wrapped-contains-k02-group-28-targeted	graph-id-set	graph-id-in-literal-wrapped-contains	targeted	graph-id-in-literal-and-wrapped-contains	graph-routing-set	properties	200	fixture-kotlin-compiler-08	fixture-kotlin-compiler-08,fixture-kotlin-compiler-09	2	bab3820ed800cc5e6b90eb1ad9b3a8d49e3293ed875112e3eea39aaed3805873	success	1	802	7ebbe5301915ad5c39692b733c3f39851576d09270c89f830b9e80b342a866f6	481810		fixture-kotlin-compiler-08	cypher-graph-id-predicate	64	2	fixture-kotlin-compiler-08,fixture-kotlin-compiler-09	2	0	0	2	0	319	1	1	62	1	0
graph-id-in-parameter-wrapped-contains-k02-group-28-targeted	graph-id-set	graph-id-in-parameter-wrapped-contains	targeted	graph-id-in-parameter-and-wrapped-contains	parameters	properties	200	fixture-kotlin-compiler-08	fixture-kotlin-compiler-08,fixture-kotlin-compiler-09	2	bab3820ed800cc5e6b90eb1ad9b3a8d49e3293ed875112e3eea39aaed3805873	success	1	802	7ebbe5301915ad5c39692b733c3f39851576d09270c89f830b9e80b342a866f6	301853		fixture-kotlin-compiler-08	cypher-graph-id-predicate	64	2	fixture-kotlin-compiler-08,fixture-kotlin-compiler-09	2	0	0	2	0	2	1	1	62	1	0
request-selected-set-wrapped-contains-k02-group-28-targeted	graph-set-reference	request-selected-set-wrapped-contains	targeted	request-graph-set-selection-and-wrapped-contains	request-selected-source	properties	200	fixture-kotlin-compiler-08	fixture-kotlin-compiler-08,fixture-kotlin-compiler-09	2	bab3820ed800cc5e6b90eb1ad9b3a8d49e3293ed875112e3eea39aaed3805873	success	1	802	7ebbe5301915ad5c39692b733c3f39851576d09270c89f830b9e80b342a866f6	112590		fixture-kotlin-compiler-08	request-selected-source	2	2	fixture-kotlin-compiler-08,fixture-kotlin-compiler-09	2	0	0	2	0	2	0	0	0	1	0
graph-id-in-literal-wrapped-contains-k02-group-28-dense	graph-id-set	graph-id-in-literal-wrapped-contains	dense	graph-id-in-literal-and-wrapped-contains	graph-routing-set	properties	200	fixture-kotlin-compiler-08	fixture-kotlin-compiler-08,fixture-kotlin-compiler-09	2	bab3820ed800cc5e6b90eb1ad9b3a8d49e3293ed875112e3eea39aaed3805873	success	200	93704	b778fc4edfb3c1031b90b2d3d121fd31958733afdc68d3f1cde538a17b738328	231275		fixture-kotlin-compiler-08	cypher-graph-id-predicate	64	1	fixture-kotlin-compiler-08	1	0	0	1	0	200	1	1	62	1	0
graph-id-in-parameter-wrapped-contains-k02-group-28-dense	graph-id-set	graph-id-in-parameter-wrapped-contains	dense	graph-id-in-parameter-and-wrapped-contains	parameters	properties	200	fixture-kotlin-compiler-08	fixture-kotlin-compiler-08,fixture-kotlin-compiler-09	2	bab3820ed800cc5e6b90eb1ad9b3a8d49e3293ed875112e3eea39aaed3805873	success	200	93704	b778fc4edfb3c1031b90b2d3d121fd31958733afdc68d3f1cde538a17b738328	149449		fixture-kotlin-compiler-08	cypher-graph-id-predicate	64	1	fixture-kotlin-compiler-08	1	0	0	1	0	200	1	1	62	1	0
request-selected-set-wrapped-contains-k02-group-28-dense	graph-set-reference	request-selected-set-wrapped-contains	dense	request-graph-set-selection-and-wrapped-contains	request-selected-source	properties	200	fixture-kotlin-compiler-08	fixture-kotlin-compiler-08,fixture-kotlin-compiler-09	2	bab3820ed800cc5e6b90eb1ad9b3a8d49e3293ed875112e3eea39aaed3805873	success	200	93704	b778fc4edfb3c1031b90b2d3d121fd31958733afdc68d3f1cde538a17b738328	129272		fixture-kotlin-compiler-08	request-selected-source	2	1	fixture-kotlin-compiler-08	1	0	0	1	0	200	0	0	0	1	0
graph-id-in-literal-wrapped-contains-k02-group-29-zero	graph-id-set	graph-id-in-literal-wrapped-contains	zero	graph-id-in-literal-and-wrapped-contains	graph-routing-set	properties	200	fixture-kotlin-compiler-10	fixture-kotlin-compiler-10,fixture-kotlin-compiler-11	2	20341b7b9938ddb55fbb28df934295ce73aa657110196eceeb02f06a2d7ad4f1	success	0	147	805c8c7334c868e18e2be84be95b83cc60895722d739c2b164a68be4cd410c49	190606			cypher-graph-id-predicate	64	2	fixture-kotlin-compiler-10,fixture-kotlin-compiler-11	2	0	0	2	0	3	1	1	62	1	0
graph-id-in-parameter-wrapped-contains-k02-group-29-zero	graph-id-set	graph-id-in-parameter-wrapped-contains	zero	graph-id-in-parameter-and-wrapped-contains	parameters	properties	200	fixture-kotlin-compiler-10	fixture-kotlin-compiler-10,fixture-kotlin-compiler-11	2	20341b7b9938ddb55fbb28df934295ce73aa657110196eceeb02f06a2d7ad4f1	success	0	147	805c8c7334c868e18e2be84be95b83cc60895722d739c2b164a68be4cd410c49	135222			cypher-graph-id-predicate	64	2	fixture-kotlin-compiler-10,fixture-kotlin-compiler-11	2	0	0	2	0	2	1	1	62	1	0
request-selected-set-wrapped-contains-k02-group-29-zero	graph-set-reference	request-selected-set-wrapped-contains	zero	request-graph-set-selection-and-wrapped-contains	request-selected-source	properties	200	fixture-kotlin-compiler-10	fixture-kotlin-compiler-10,fixture-kotlin-compiler-11	2	20341b7b9938ddb55fbb28df934295ce73aa657110196eceeb02f06a2d7ad4f1	success	0	147	805c8c7334c868e18e2be84be95b83cc60895722d739c2b164a68be4cd410c49	141319			request-selected-source	2	2	fixture-kotlin-compiler-10,fixture-kotlin-compiler-11	2	0	0	2	0	2	0	0	0	1	0
graph-id-in-literal-wrapped-contains-k02-group-29-targeted	graph-id-set	graph-id-in-literal-wrapped-contains	targeted	graph-id-in-literal-and-wrapped-contains	graph-routing-set	properties	200	fixture-kotlin-compiler-10	fixture-kotlin-compiler-10,fixture-kotlin-compiler-11	2	20341b7b9938ddb55fbb28df934295ce73aa657110196eceeb02f06a2d7ad4f1	success	12	7029	1df616dc12f8aa99df8ef1921ad6c878afdd2d37362d488527ffbb7ddbe7f6e3	318545		fixture-kotlin-compiler-10	cypher-graph-id-predicate	64	2	fixture-kotlin-compiler-10,fixture-kotlin-compiler-11	2	0	0	2	0	218	1	1	62	1	0
graph-id-in-parameter-wrapped-contains-k02-group-29-targeted	graph-id-set	graph-id-in-parameter-wrapped-contains	targeted	graph-id-in-parameter-and-wrapped-contains	parameters	properties	200	fixture-kotlin-compiler-10	fixture-kotlin-compiler-10,fixture-kotlin-compiler-11	2	20341b7b9938ddb55fbb28df934295ce73aa657110196eceeb02f06a2d7ad4f1	success	12	7029	1df616dc12f8aa99df8ef1921ad6c878afdd2d37362d488527ffbb7ddbe7f6e3	126256		fixture-kotlin-compiler-10	cypher-graph-id-predicate	64	2	fixture-kotlin-compiler-10,fixture-kotlin-compiler-11	2	0	0	2	0	13	1	1	62	1	0
request-selected-set-wrapped-contains-k02-group-29-targeted	graph-set-reference	request-selected-set-wrapped-contains	targeted	request-graph-set-selection-and-wrapped-contains	request-selected-source	properties	200	fixture-kotlin-compiler-10	fixture-kotlin-compiler-10,fixture-kotlin-compiler-11	2	20341b7b9938ddb55fbb28df934295ce73aa657110196eceeb02f06a2d7ad4f1	success	12	7029	1df616dc12f8aa99df8ef1921ad6c878afdd2d37362d488527ffbb7ddbe7f6e3	107982		fixture-kotlin-compiler-10	request-selected-source	2	2	fixture-kotlin-compiler-10,fixture-kotlin-compiler-11	2	0	0	2	0	13	0	0	0	1	0
graph-id-in-literal-wrapped-contains-k02-group-29-dense	graph-id-set	graph-id-in-literal-wrapped-contains	dense	graph-id-in-literal-and-wrapped-contains	graph-routing-set	properties	200	fixture-kotlin-compiler-10	fixture-kotlin-compiler-10,fixture-kotlin-compiler-11	2	20341b7b9938ddb55fbb28df934295ce73aa657110196eceeb02f06a2d7ad4f1	success	200	94948	3f3fd3df372307937afdfd0915ce035266497833c5712760faf456eece659c97	216174		fixture-kotlin-compiler-10	cypher-graph-id-predicate	64	1	fixture-kotlin-compiler-10	1	0	0	1	0	200	1	1	62	1	0
graph-id-in-parameter-wrapped-contains-k02-group-29-dense	graph-id-set	graph-id-in-parameter-wrapped-contains	dense	graph-id-in-parameter-and-wrapped-contains	parameters	properties	200	fixture-kotlin-compiler-10	fixture-kotlin-compiler-10,fixture-kotlin-compiler-11	2	20341b7b9938ddb55fbb28df934295ce73aa657110196eceeb02f06a2d7ad4f1	success	200	94948	3f3fd3df372307937afdfd0915ce035266497833c5712760faf456eece659c97	128149		fixture-kotlin-compiler-10	cypher-graph-id-predicate	64	1	fixture-kotlin-compiler-10	1	0	0	1	0	200	1	1	62	1	0
request-selected-set-wrapped-contains-k02-group-29-dense	graph-set-reference	request-selected-set-wrapped-contains	dense	request-graph-set-selection-and-wrapped-contains	request-selected-source	properties	200	fixture-kotlin-compiler-10	fixture-kotlin-compiler-10,fixture-kotlin-compiler-11	2	20341b7b9938ddb55fbb28df934295ce73aa657110196eceeb02f06a2d7ad4f1	success	200	94948	3f3fd3df372307937afdfd0915ce035266497833c5712760faf456eece659c97	121237		fixture-kotlin-compiler-10	request-selected-source	2	1	fixture-kotlin-compiler-10	1	0	0	1	0	200	0	0	0	1	0
graph-id-in-literal-wrapped-contains-k02-group-30-zero	graph-id-set	graph-id-in-literal-wrapped-contains	zero	graph-id-in-literal-and-wrapped-contains	graph-routing-set	properties	200	fixture-kotlin-compiler-12	fixture-kotlin-compiler-12,fixture-kotlin-compiler-13	2	b389935714dfde3a641840786b7e9d99d650f759bbcbd2d6d3c9cb7de6772b8e	success	0	147	805c8c7334c868e18e2be84be95b83cc60895722d739c2b164a68be4cd410c49	171831			cypher-graph-id-predicate	64	2	fixture-kotlin-compiler-12,fixture-kotlin-compiler-13	2	0	0	2	0	3	1	1	62	1	0
graph-id-in-parameter-wrapped-contains-k02-group-30-zero	graph-id-set	graph-id-in-parameter-wrapped-contains	zero	graph-id-in-parameter-and-wrapped-contains	parameters	properties	200	fixture-kotlin-compiler-12	fixture-kotlin-compiler-12,fixture-kotlin-compiler-13	2	b389935714dfde3a641840786b7e9d99d650f759bbcbd2d6d3c9cb7de6772b8e	success	0	147	805c8c7334c868e18e2be84be95b83cc60895722d739c2b164a68be4cd410c49	120775			cypher-graph-id-predicate	64	2	fixture-kotlin-compiler-12,fixture-kotlin-compiler-13	2	0	0	2	0	2	1	1	62	1	0
request-selected-set-wrapped-contains-k02-group-30-zero	graph-set-reference	request-selected-set-wrapped-contains	zero	request-graph-set-selection-and-wrapped-contains	request-selected-source	properties	200	fixture-kotlin-compiler-12	fixture-kotlin-compiler-12,fixture-kotlin-compiler-13	2	b389935714dfde3a641840786b7e9d99d650f759bbcbd2d6d3c9cb7de6772b8e	success	0	147	805c8c7334c868e18e2be84be95b83cc60895722d739c2b164a68be4cd410c49	106930			request-selected-source	2	2	fixture-kotlin-compiler-12,fixture-kotlin-compiler-13	2	0	0	2	0	2	0	0	0	1	0
graph-id-in-literal-wrapped-contains-k02-group-30-targeted	graph-id-set	graph-id-in-literal-wrapped-contains	targeted	graph-id-in-literal-and-wrapped-contains	graph-routing-set	properties	200	fixture-kotlin-compiler-12	fixture-kotlin-compiler-12,fixture-kotlin-compiler-13	2	b389935714dfde3a641840786b7e9d99d650f759bbcbd2d6d3c9cb7de6772b8e	success	13	7599	88379c6b80e2b23974c6b6a1e2c6fc3f3680ec705c71b7cecbc9a2228bf7fa26	350895		fixture-kotlin-compiler-12	cypher-graph-id-predicate	64	2	fixture-kotlin-compiler-12,fixture-kotlin-compiler-13	2	0	0	2	0	305	1	1	62	1	0
graph-id-in-parameter-wrapped-contains-k02-group-30-targeted	graph-id-set	graph-id-in-parameter-wrapped-contains	targeted	graph-id-in-parameter-and-wrapped-contains	parameters	properties	200	fixture-kotlin-compiler-12	fixture-kotlin-compiler-12,fixture-kotlin-compiler-13	2	b389935714dfde3a641840786b7e9d99d650f759bbcbd2d6d3c9cb7de6772b8e	success	13	7599	88379c6b80e2b23974c6b6a1e2c6fc3f3680ec705c71b7cecbc9a2228bf7fa26	151663		fixture-kotlin-compiler-12	cypher-graph-id-predicate	64	2	fixture-kotlin-compiler-12,fixture-kotlin-compiler-13	2	0	0	2	0	14	1	1	62	1	0
request-selected-set-wrapped-contains-k02-group-30-targeted	graph-set-reference	request-selected-set-wrapped-contains	targeted	request-graph-set-selection-and-wrapped-contains	request-selected-source	properties	200	fixture-kotlin-compiler-12	fixture-kotlin-compiler-12,fixture-kotlin-compiler-13	2	b389935714dfde3a641840786b7e9d99d650f759bbcbd2d6d3c9cb7de6772b8e	success	13	7599	88379c6b80e2b23974c6b6a1e2c6fc3f3680ec705c71b7cecbc9a2228bf7fa26	111278		fixture-kotlin-compiler-12	request-selected-source	2	2	fixture-kotlin-compiler-12,fixture-kotlin-compiler-13	2	0	0	2	0	14	0	0	0	1	0
graph-id-in-literal-wrapped-contains-k02-group-30-dense	graph-id-set	graph-id-in-literal-wrapped-contains	dense	graph-id-in-literal-and-wrapped-contains	graph-routing-set	properties	200	fixture-kotlin-compiler-12	fixture-kotlin-compiler-12,fixture-kotlin-compiler-13	2	b389935714dfde3a641840786b7e9d99d650f759bbcbd2d6d3c9cb7de6772b8e	success	200	94040	5d662b90e716477fff887768402c85462026d6042e22f1d7fafdb565b9f9efc8	183502		fixture-kotlin-compiler-12	cypher-graph-id-predicate	64	1	fixture-kotlin-compiler-12	1	0	0	1	0	200	1	1	62	1	0
graph-id-in-parameter-wrapped-contains-k02-group-30-dense	graph-id-set	graph-id-in-parameter-wrapped-contains	dense	graph-id-in-parameter-and-wrapped-contains	parameters	properties	200	fixture-kotlin-compiler-12	fixture-kotlin-compiler-12,fixture-kotlin-compiler-13	2	b389935714dfde3a641840786b7e9d99d650f759bbcbd2d6d3c9cb7de6772b8e	success	200	94040	5d662b90e716477fff887768402c85462026d6042e22f1d7fafdb565b9f9efc8	117660		fixture-kotlin-compiler-12	cypher-graph-id-predicate	64	1	fixture-kotlin-compiler-12	1	0	0	1	0	200	1	1	62	1	0
request-selected-set-wrapped-contains-k02-group-30-dense	graph-set-reference	request-selected-set-wrapped-contains	dense	request-graph-set-selection-and-wrapped-contains	request-selected-source	properties	200	fixture-kotlin-compiler-12	fixture-kotlin-compiler-12,fixture-kotlin-compiler-13	2	b389935714dfde3a641840786b7e9d99d650f759bbcbd2d6d3c9cb7de6772b8e	success	200	94040	5d662b90e716477fff887768402c85462026d6042e22f1d7fafdb565b9f9efc8	98303		fixture-kotlin-compiler-12	request-selected-source	2	1	fixture-kotlin-compiler-12	1	0	0	1	0	200	0	0	0	1	0
graph-id-in-literal-wrapped-contains-k02-group-31-zero	graph-id-set	graph-id-in-literal-wrapped-contains	zero	graph-id-in-literal-and-wrapped-contains	graph-routing-set	properties	200	fixture-kotlin-compiler-14	fixture-kotlin-compiler-14,fixture-kotlin-compiler-15	2	a6b35e4854d4df9691d25961b5ef3b872fce047e43f6d0e6b70ecd7de191d4de	success	0	147	805c8c7334c868e18e2be84be95b83cc60895722d739c2b164a68be4cd410c49	179609			cypher-graph-id-predicate	64	2	fixture-kotlin-compiler-14,fixture-kotlin-compiler-15	2	0	0	2	0	3	1	1	62	1	0
graph-id-in-parameter-wrapped-contains-k02-group-31-zero	graph-id-set	graph-id-in-parameter-wrapped-contains	zero	graph-id-in-parameter-and-wrapped-contains	parameters	properties	200	fixture-kotlin-compiler-14	fixture-kotlin-compiler-14,fixture-kotlin-compiler-15	2	a6b35e4854d4df9691d25961b5ef3b872fce047e43f6d0e6b70ecd7de191d4de	success	0	147	805c8c7334c868e18e2be84be95b83cc60895722d739c2b164a68be4cd410c49	126416			cypher-graph-id-predicate	64	2	fixture-kotlin-compiler-14,fixture-kotlin-compiler-15	2	0	0	2	0	2	1	1	62	1	0
request-selected-set-wrapped-contains-k02-group-31-zero	graph-set-reference	request-selected-set-wrapped-contains	zero	request-graph-set-selection-and-wrapped-contains	request-selected-source	properties	200	fixture-kotlin-compiler-14	fixture-kotlin-compiler-14,fixture-kotlin-compiler-15	2	a6b35e4854d4df9691d25961b5ef3b872fce047e43f6d0e6b70ecd7de191d4de	success	0	147	805c8c7334c868e18e2be84be95b83cc60895722d739c2b164a68be4cd410c49	107581			request-selected-source	2	2	fixture-kotlin-compiler-14,fixture-kotlin-compiler-15	2	0	0	2	0	2	0	0	0	1	0
graph-id-in-literal-wrapped-contains-k02-group-31-targeted	graph-id-set	graph-id-in-literal-wrapped-contains	targeted	graph-id-in-literal-and-wrapped-contains	graph-routing-set	properties	200	fixture-kotlin-compiler-14	fixture-kotlin-compiler-14,fixture-kotlin-compiler-15	2	a6b35e4854d4df9691d25961b5ef3b872fce047e43f6d0e6b70ecd7de191d4de	success	1	877	f04b3035acb1285487cb68f126c796fd316b35c6ce630f1e71efd88436bf28f2	262921		fixture-kotlin-compiler-14	cypher-graph-id-predicate	64	2	fixture-kotlin-compiler-14,fixture-kotlin-compiler-15	2	0	0	2	0	223	1	1	62	1	0
graph-id-in-parameter-wrapped-contains-k02-group-31-targeted	graph-id-set	graph-id-in-parameter-wrapped-contains	targeted	graph-id-in-parameter-and-wrapped-contains	parameters	properties	200	fixture-kotlin-compiler-14	fixture-kotlin-compiler-14,fixture-kotlin-compiler-15	2	a6b35e4854d4df9691d25961b5ef3b872fce047e43f6d0e6b70ecd7de191d4de	success	1	877	f04b3035acb1285487cb68f126c796fd316b35c6ce630f1e71efd88436bf28f2	118010		fixture-kotlin-compiler-14	cypher-graph-id-predicate	64	2	fixture-kotlin-compiler-14,fixture-kotlin-compiler-15	2	0	0	2	0	2	1	1	62	1	0
request-selected-set-wrapped-contains-k02-group-31-targeted	graph-set-reference	request-selected-set-wrapped-contains	targeted	request-graph-set-selection-and-wrapped-contains	request-selected-source	properties	200	fixture-kotlin-compiler-14	fixture-kotlin-compiler-14,fixture-kotlin-compiler-15	2	a6b35e4854d4df9691d25961b5ef3b872fce047e43f6d0e6b70ecd7de191d4de	success	1	877	f04b3035acb1285487cb68f126c796fd316b35c6ce630f1e71efd88436bf28f2	112459		fixture-kotlin-compiler-14	request-selected-source	2	2	fixture-kotlin-compiler-14,fixture-kotlin-compiler-15	2	0	0	2	0	2	0	0	0	1	0
graph-id-in-literal-wrapped-contains-k02-group-31-dense	graph-id-set	graph-id-in-literal-wrapped-contains	dense	graph-id-in-literal-and-wrapped-contains	graph-routing-set	properties	200	fixture-kotlin-compiler-14	fixture-kotlin-compiler-14,fixture-kotlin-compiler-15	2	a6b35e4854d4df9691d25961b5ef3b872fce047e43f6d0e6b70ecd7de191d4de	success	200	97449	f19574ac46a01dafc16136d9e8c4835b8d40c72753078eb8a67a1d7d438dd937	186368		fixture-kotlin-compiler-14	cypher-graph-id-predicate	64	1	fixture-kotlin-compiler-14	1	0	0	1	0	200	1	1	62	1	0
graph-id-in-parameter-wrapped-contains-k02-group-31-dense	graph-id-set	graph-id-in-parameter-wrapped-contains	dense	graph-id-in-parameter-and-wrapped-contains	parameters	properties	200	fixture-kotlin-compiler-14	fixture-kotlin-compiler-14,fixture-kotlin-compiler-15	2	a6b35e4854d4df9691d25961b5ef3b872fce047e43f6d0e6b70ecd7de191d4de	success	200	97449	f19574ac46a01dafc16136d9e8c4835b8d40c72753078eb8a67a1d7d438dd937	125814		fixture-kotlin-compiler-14	cypher-graph-id-predicate	64	1	fixture-kotlin-compiler-14	1	0	0	1	0	200	1	1	62	1	0
request-selected-set-wrapped-contains-k02-group-31-dense	graph-set-reference	request-selected-set-wrapped-contains	dense	request-graph-set-selection-and-wrapped-contains	request-selected-source	properties	200	fixture-kotlin-compiler-14	fixture-kotlin-compiler-14,fixture-kotlin-compiler-15	2	a6b35e4854d4df9691d25961b5ef3b872fce047e43f6d0e6b70ecd7de191d4de	success	200	97449	f19574ac46a01dafc16136d9e8c4835b8d40c72753078eb8a67a1d7d438dd937	115236		fixture-kotlin-compiler-14	request-selected-source	2	1	fixture-kotlin-compiler-14	1	0	0	1	0	200	0	0	0	1	0
graph-id-in-literal-wrapped-contains-k08-group-00-zero	graph-id-set	graph-id-in-literal-wrapped-contains	zero	graph-id-in-literal-and-wrapped-contains	graph-routing-set	properties	200	fixture-android-00	fixture-android-00,fixture-android-01,fixture-android-02,fixture-android-03,fixture-android-04,fixture-android-05,fixture-android-06,fixture-android-07	8	dbb4c7670cb50175e1ed9aecd02894c9b46357a21973cc2bfb55c04754222a47	success	0	147	805c8c7334c868e18e2be84be95b83cc60895722d739c2b164a68be4cd410c49	142056			cypher-graph-id-predicate	64	8	fixture-android-00,fixture-android-01,fixture-android-02,fixture-android-03,fixture-android-04,fixture-android-05,fixture-android-06,fixture-android-07	8	0	0	8	0	8	1	1	56	1	0
graph-id-in-parameter-wrapped-contains-k08-group-00-zero	graph-id-set	graph-id-in-parameter-wrapped-contains	zero	graph-id-in-parameter-and-wrapped-contains	parameters	properties	200	fixture-android-00	fixture-android-00,fixture-android-01,fixture-android-02,fixture-android-03,fixture-android-04,fixture-android-05,fixture-android-06,fixture-android-07	8	dbb4c7670cb50175e1ed9aecd02894c9b46357a21973cc2bfb55c04754222a47	success	0	147	805c8c7334c868e18e2be84be95b83cc60895722d739c2b164a68be4cd410c49	138068			cypher-graph-id-predicate	64	8	fixture-android-00,fixture-android-01,fixture-android-02,fixture-android-03,fixture-android-04,fixture-android-05,fixture-android-06,fixture-android-07	8	0	0	8	0	8	1	1	56	1	0
request-selected-set-wrapped-contains-k08-group-00-zero	graph-set-reference	request-selected-set-wrapped-contains	zero	request-graph-set-selection-and-wrapped-contains	request-selected-source	properties	200	fixture-android-00	fixture-android-00,fixture-android-01,fixture-android-02,fixture-android-03,fixture-android-04,fixture-android-05,fixture-android-06,fixture-android-07	8	dbb4c7670cb50175e1ed9aecd02894c9b46357a21973cc2bfb55c04754222a47	success	0	147	805c8c7334c868e18e2be84be95b83cc60895722d739c2b164a68be4cd410c49	115867			request-selected-source	8	8	fixture-android-00,fixture-android-01,fixture-android-02,fixture-android-03,fixture-android-04,fixture-android-05,fixture-android-06,fixture-android-07	8	0	0	8	0	8	0	0	0	1	0
graph-id-in-literal-wrapped-contains-k08-group-00-targeted	graph-id-set	graph-id-in-literal-wrapped-contains	targeted	graph-id-in-literal-and-wrapped-contains	graph-routing-set	properties	200	fixture-android-00	fixture-android-00,fixture-android-01,fixture-android-02,fixture-android-03,fixture-android-04,fixture-android-05,fixture-android-06,fixture-android-07	8	dbb4c7670cb50175e1ed9aecd02894c9b46357a21973cc2bfb55c04754222a47	success	10	5730	00c81103244dc6d42abdc3894d771e5a24957dcf7e5ad4d8dc686b1d7e0cb89e	979314		fixture-android-00	cypher-graph-id-predicate	64	8	fixture-android-00,fixture-android-01,fixture-android-02,fixture-android-03,fixture-android-04,fixture-android-05,fixture-android-06,fixture-android-07	8	0	0	8	0	1069	1	1	56	1	0
graph-id-in-parameter-wrapped-contains-k08-group-00-targeted	graph-id-set	graph-id-in-parameter-wrapped-contains	targeted	graph-id-in-parameter-and-wrapped-contains	parameters	properties	200	fixture-android-00	fixture-android-00,fixture-android-01,fixture-android-02,fixture-android-03,fixture-android-04,fixture-android-05,fixture-android-06,fixture-android-07	8	dbb4c7670cb50175e1ed9aecd02894c9b46357a21973cc2bfb55c04754222a47	success	10	5730	00c81103244dc6d42abdc3894d771e5a24957dcf7e5ad4d8dc686b1d7e0cb89e	183663		fixture-android-00	cypher-graph-id-predicate	64	8	fixture-android-00,fixture-android-01,fixture-android-02,fixture-android-03,fixture-android-04,fixture-android-05,fixture-android-06,fixture-android-07	8	0	0	8	0	17	1	1	56	1	0
request-selected-set-wrapped-contains-k08-group-00-targeted	graph-set-reference	request-selected-set-wrapped-contains	targeted	request-graph-set-selection-and-wrapped-contains	request-selected-source	properties	200	fixture-android-00	fixture-android-00,fixture-android-01,fixture-android-02,fixture-android-03,fixture-android-04,fixture-android-05,fixture-android-06,fixture-android-07	8	dbb4c7670cb50175e1ed9aecd02894c9b46357a21973cc2bfb55c04754222a47	success	10	5730	00c81103244dc6d42abdc3894d771e5a24957dcf7e5ad4d8dc686b1d7e0cb89e	164287		fixture-android-00	request-selected-source	8	8	fixture-android-00,fixture-android-01,fixture-android-02,fixture-android-03,fixture-android-04,fixture-android-05,fixture-android-06,fixture-android-07	8	0	0	8	0	17	0	0	0	1	0
graph-id-in-literal-wrapped-contains-k08-group-00-dense	graph-id-set	graph-id-in-literal-wrapped-contains	dense	graph-id-in-literal-and-wrapped-contains	graph-routing-set	properties	200	fixture-android-00	fixture-android-00,fixture-android-01,fixture-android-02,fixture-android-03,fixture-android-04,fixture-android-05,fixture-android-06,fixture-android-07	8	dbb4c7670cb50175e1ed9aecd02894c9b46357a21973cc2bfb55c04754222a47	success	200	84411	3bdee68309e62bee93f47848258ded90b1763d55841fa57d8b8fd21867653c44	277138		fixture-android-00	cypher-graph-id-predicate	64	1	fixture-android-00	1	0	0	1	0	200	1	1	56	1	0
graph-id-in-parameter-wrapped-contains-k08-group-00-dense	graph-id-set	graph-id-in-parameter-wrapped-contains	dense	graph-id-in-parameter-and-wrapped-contains	parameters	properties	200	fixture-android-00	fixture-android-00,fixture-android-01,fixture-android-02,fixture-android-03,fixture-android-04,fixture-android-05,fixture-android-06,fixture-android-07	8	dbb4c7670cb50175e1ed9aecd02894c9b46357a21973cc2bfb55c04754222a47	success	200	84411	3bdee68309e62bee93f47848258ded90b1763d55841fa57d8b8fd21867653c44	144459		fixture-android-00	cypher-graph-id-predicate	64	1	fixture-android-00	1	0	0	1	0	200	1	1	56	1	0
request-selected-set-wrapped-contains-k08-group-00-dense	graph-set-reference	request-selected-set-wrapped-contains	dense	request-graph-set-selection-and-wrapped-contains	request-selected-source	properties	200	fixture-android-00	fixture-android-00,fixture-android-01,fixture-android-02,fixture-android-03,fixture-android-04,fixture-android-05,fixture-android-06,fixture-android-07	8	dbb4c7670cb50175e1ed9aecd02894c9b46357a21973cc2bfb55c04754222a47	success	200	84411	3bdee68309e62bee93f47848258ded90b1763d55841fa57d8b8fd21867653c44	124692		fixture-android-00	request-selected-source	8	1	fixture-android-00	1	0	0	1	0	200	0	0	0	1	0
graph-id-in-literal-wrapped-contains-k08-group-01-zero	graph-id-set	graph-id-in-literal-wrapped-contains	zero	graph-id-in-literal-and-wrapped-contains	graph-routing-set	properties	200	fixture-android-08	fixture-android-08,fixture-android-09,fixture-android-10,fixture-android-11,fixture-android-12,fixture-android-13,fixture-android-14,fixture-android-15	8	4e8edbc5e09d25d8440c7dafb09ee365bd5069d78d874ddbf91e893197558fb0	success	0	147	805c8c7334c868e18e2be84be95b83cc60895722d739c2b164a68be4cd410c49	1504308			cypher-graph-id-predicate	64	8	fixture-android-08,fixture-android-09,fixture-android-10,fixture-android-11,fixture-android-12,fixture-android-13,fixture-android-14,fixture-android-15	8	0	0	8	0	46	1	1	56	1	0
graph-id-in-parameter-wrapped-contains-k08-group-01-zero	graph-id-set	graph-id-in-parameter-wrapped-contains	zero	graph-id-in-parameter-and-wrapped-contains	parameters	properties	200	fixture-android-08	fixture-android-08,fixture-android-09,fixture-android-10,fixture-android-11,fixture-android-12,fixture-android-13,fixture-android-14,fixture-android-15	8	4e8edbc5e09d25d8440c7dafb09ee365bd5069d78d874ddbf91e893197558fb0	success	0	147	805c8c7334c868e18e2be84be95b83cc60895722d739c2b164a68be4cd410c49	230851			cypher-graph-id-predicate	64	8	fixture-android-08,fixture-android-09,fixture-android-10,fixture-android-11,fixture-android-12,fixture-android-13,fixture-android-14,fixture-android-15	8	0	0	8	0	8	1	1	56	1	0
request-selected-set-wrapped-contains-k08-group-01-zero	graph-set-reference	request-selected-set-wrapped-contains	zero	request-graph-set-selection-and-wrapped-contains	request-selected-source	properties	200	fixture-android-08	fixture-android-08,fixture-android-09,fixture-android-10,fixture-android-11,fixture-android-12,fixture-android-13,fixture-android-14,fixture-android-15	8	4e8edbc5e09d25d8440c7dafb09ee365bd5069d78d874ddbf91e893197558fb0	success	0	147	805c8c7334c868e18e2be84be95b83cc60895722d739c2b164a68be4cd410c49	131526			request-selected-source	8	8	fixture-android-08,fixture-android-09,fixture-android-10,fixture-android-11,fixture-android-12,fixture-android-13,fixture-android-14,fixture-android-15	8	0	0	8	0	8	0	0	0	1	0
graph-id-in-literal-wrapped-contains-k08-group-01-targeted	graph-id-set	graph-id-in-literal-wrapped-contains	targeted	graph-id-in-literal-and-wrapped-contains	graph-routing-set	properties	200	fixture-android-08	fixture-android-08,fixture-android-09,fixture-android-10,fixture-android-11,fixture-android-12,fixture-android-13,fixture-android-14,fixture-android-15	8	4e8edbc5e09d25d8440c7dafb09ee365bd5069d78d874ddbf91e893197558fb0	success	2	1322	4b49b28d836e57c2c3f8d43a93acd00a93b169fcd603338f9ab350f541e9665c	963859		fixture-android-08	cypher-graph-id-predicate	64	8	fixture-android-08,fixture-android-09,fixture-android-10,fixture-android-11,fixture-android-12,fixture-android-13,fixture-android-14,fixture-android-15	8	0	0	8	0	1112	1	1	56	1	0
graph-id-in-parameter-wrapped-contains-k08-group-01-targeted	graph-id-set	graph-id-in-parameter-wrapped-contains	targeted	graph-id-in-parameter-and-wrapped-contains	parameters	properties	200	fixture-android-08	fixture-android-08,fixture-android-09,fixture-android-10,fixture-android-11,fixture-android-12,fixture-android-13,fixture-android-14,fixture-android-15	8	4e8edbc5e09d25d8440c7dafb09ee365bd5069d78d874ddbf91e893197558fb0	success	2	1322	4b49b28d836e57c2c3f8d43a93acd00a93b169fcd603338f9ab350f541e9665c	170007		fixture-android-08	cypher-graph-id-predicate	64	8	fixture-android-08,fixture-android-09,fixture-android-10,fixture-android-11,fixture-android-12,fixture-android-13,fixture-android-14,fixture-android-15	8	0	0	8	0	9	1	1	56	1	0
request-selected-set-wrapped-contains-k08-group-01-targeted	graph-set-reference	request-selected-set-wrapped-contains	targeted	request-graph-set-selection-and-wrapped-contains	request-selected-source	properties	200	fixture-android-08	fixture-android-08,fixture-android-09,fixture-android-10,fixture-android-11,fixture-android-12,fixture-android-13,fixture-android-14,fixture-android-15	8	4e8edbc5e09d25d8440c7dafb09ee365bd5069d78d874ddbf91e893197558fb0	success	2	1322	4b49b28d836e57c2c3f8d43a93acd00a93b169fcd603338f9ab350f541e9665c	182431		fixture-android-08	request-selected-source	8	8	fixture-android-08,fixture-android-09,fixture-android-10,fixture-android-11,fixture-android-12,fixture-android-13,fixture-android-14,fixture-android-15	8	0	0	8	0	9	0	0	0	1	0
graph-id-in-literal-wrapped-contains-k08-group-01-dense	graph-id-set	graph-id-in-literal-wrapped-contains	dense	graph-id-in-literal-and-wrapped-contains	graph-routing-set	properties	200	fixture-android-08	fixture-android-08,fixture-android-09,fixture-android-10,fixture-android-11,fixture-android-12,fixture-android-13,fixture-android-14,fixture-android-15	8	4e8edbc5e09d25d8440c7dafb09ee365bd5069d78d874ddbf91e893197558fb0	success	200	85531	ed34441ff634f19c276911a1fa193106a9070fde1065b57fc7ec71132b8d5f66	314377		fixture-android-08	cypher-graph-id-predicate	64	1	fixture-android-08	1	0	0	1	0	200	1	1	56	1	0
graph-id-in-parameter-wrapped-contains-k08-group-01-dense	graph-id-set	graph-id-in-parameter-wrapped-contains	dense	graph-id-in-parameter-and-wrapped-contains	parameters	properties	200	fixture-android-08	fixture-android-08,fixture-android-09,fixture-android-10,fixture-android-11,fixture-android-12,fixture-android-13,fixture-android-14,fixture-android-15	8	4e8edbc5e09d25d8440c7dafb09ee365bd5069d78d874ddbf91e893197558fb0	success	200	85531	ed34441ff634f19c276911a1fa193106a9070fde1065b57fc7ec71132b8d5f66	166811		fixture-android-08	cypher-graph-id-predicate	64	1	fixture-android-08	1	0	0	1	0	200	1	1	56	1	0
request-selected-set-wrapped-contains-k08-group-01-dense	graph-set-reference	request-selected-set-wrapped-contains	dense	request-graph-set-selection-and-wrapped-contains	request-selected-source	properties	200	fixture-android-08	fixture-android-08,fixture-android-09,fixture-android-10,fixture-android-11,fixture-android-12,fixture-android-13,fixture-android-14,fixture-android-15	8	4e8edbc5e09d25d8440c7dafb09ee365bd5069d78d874ddbf91e893197558fb0	success	200	85531	ed34441ff634f19c276911a1fa193106a9070fde1065b57fc7ec71132b8d5f66	144811		fixture-android-08	request-selected-source	8	1	fixture-android-08	1	0	0	1	0	200	0	0	0	1	0
graph-id-in-literal-wrapped-contains-k08-group-02-zero	graph-id-set	graph-id-in-literal-wrapped-contains	zero	graph-id-in-literal-and-wrapped-contains	graph-routing-set	properties	200	fixture-tika-00	fixture-tika-00,fixture-tika-01,fixture-tika-02,fixture-tika-03,fixture-tika-04,fixture-tika-05,fixture-tika-06,fixture-tika-07	8	b6d4d08b650d299fbabdb34c9023e4fcf2b9df516edbf304a8f77ace3ec43d22	success	0	147	805c8c7334c868e18e2be84be95b83cc60895722d739c2b164a68be4cd410c49	569093			cypher-graph-id-predicate	64	8	fixture-tika-00,fixture-tika-01,fixture-tika-02,fixture-tika-03,fixture-tika-04,fixture-tika-05,fixture-tika-06,fixture-tika-07	8	0	0	8	0	14	1	1	56	1	0
graph-id-in-parameter-wrapped-contains-k08-group-02-zero	graph-id-set	graph-id-in-parameter-wrapped-contains	zero	graph-id-in-parameter-and-wrapped-contains	parameters	properties	200	fixture-tika-00	fixture-tika-00,fixture-tika-01,fixture-tika-02,fixture-tika-03,fixture-tika-04,fixture-tika-05,fixture-tika-06,fixture-tika-07	8	b6d4d08b650d299fbabdb34c9023e4fcf2b9df516edbf304a8f77ace3ec43d22	success	0	147	805c8c7334c868e18e2be84be95b83cc60895722d739c2b164a68be4cd410c49	353490			cypher-graph-id-predicate	64	8	fixture-tika-00,fixture-tika-01,fixture-tika-02,fixture-tika-03,fixture-tika-04,fixture-tika-05,fixture-tika-06,fixture-tika-07	8	0	0	8	0	8	1	1	56	1	0
request-selected-set-wrapped-contains-k08-group-02-zero	graph-set-reference	request-selected-set-wrapped-contains	zero	request-graph-set-selection-and-wrapped-contains	request-selected-source	properties	200	fixture-tika-00	fixture-tika-00,fixture-tika-01,fixture-tika-02,fixture-tika-03,fixture-tika-04,fixture-tika-05,fixture-tika-06,fixture-tika-07	8	b6d4d08b650d299fbabdb34c9023e4fcf2b9df516edbf304a8f77ace3ec43d22	success	0	147	805c8c7334c868e18e2be84be95b83cc60895722d739c2b164a68be4cd410c49	279863			request-selected-source	8	8	fixture-tika-00,fixture-tika-01,fixture-tika-02,fixture-tika-03,fixture-tika-04,fixture-tika-05,fixture-tika-06,fixture-tika-07	8	0	0	8	0	8	0	0	0	1	0
graph-id-in-literal-wrapped-contains-k08-group-02-targeted	graph-id-set	graph-id-in-literal-wrapped-contains	targeted	graph-id-in-literal-and-wrapped-contains	graph-routing-set	properties	200	fixture-tika-00	fixture-tika-00,fixture-tika-01,fixture-tika-02,fixture-tika-03,fixture-tika-04,fixture-tika-05,fixture-tika-06,fixture-tika-07	8	b6d4d08b650d299fbabdb34c9023e4fcf2b9df516edbf304a8f77ace3ec43d22	success	1	771	41ad9b5110585bc89df35b9d0a0c6bd66daaf6c239b4212552d078b2f2a28c34	1645352		fixture-tika-00	cypher-graph-id-predicate	64	8	fixture-tika-00,fixture-tika-01,fixture-tika-02,fixture-tika-03,fixture-tika-04,fixture-tika-05,fixture-tika-06,fixture-tika-07	8	0	0	8	0	1578	1	1	56	1	0
graph-id-in-parameter-wrapped-contains-k08-group-02-targeted	graph-id-set	graph-id-in-parameter-wrapped-contains	targeted	graph-id-in-parameter-and-wrapped-contains	parameters	properties	200	fixture-tika-00	fixture-tika-00,fixture-tika-01,fixture-tika-02,fixture-tika-03,fixture-tika-04,fixture-tika-05,fixture-tika-06,fixture-tika-07	8	b6d4d08b650d299fbabdb34c9023e4fcf2b9df516edbf304a8f77ace3ec43d22	success	1	771	41ad9b5110585bc89df35b9d0a0c6bd66daaf6c239b4212552d078b2f2a28c34	369579		fixture-tika-00	cypher-graph-id-predicate	64	8	fixture-tika-00,fixture-tika-01,fixture-tika-02,fixture-tika-03,fixture-tika-04,fixture-tika-05,fixture-tika-06,fixture-tika-07	8	0	0	8	0	8	1	1	56	1	0
request-selected-set-wrapped-contains-k08-group-02-targeted	graph-set-reference	request-selected-set-wrapped-contains	targeted	request-graph-set-selection-and-wrapped-contains	request-selected-source	properties	200	fixture-tika-00	fixture-tika-00,fixture-tika-01,fixture-tika-02,fixture-tika-03,fixture-tika-04,fixture-tika-05,fixture-tika-06,fixture-tika-07	8	b6d4d08b650d299fbabdb34c9023e4fcf2b9df516edbf304a8f77ace3ec43d22	success	1	771	41ad9b5110585bc89df35b9d0a0c6bd66daaf6c239b4212552d078b2f2a28c34	219210		fixture-tika-00	request-selected-source	8	8	fixture-tika-00,fixture-tika-01,fixture-tika-02,fixture-tika-03,fixture-tika-04,fixture-tika-05,fixture-tika-06,fixture-tika-07	8	0	0	8	0	8	0	0	0	1	0
graph-id-in-literal-wrapped-contains-k08-group-02-dense	graph-id-set	graph-id-in-literal-wrapped-contains	dense	graph-id-in-literal-and-wrapped-contains	graph-routing-set	properties	200	fixture-tika-00	fixture-tika-00,fixture-tika-01,fixture-tika-02,fixture-tika-03,fixture-tika-04,fixture-tika-05,fixture-tika-06,fixture-tika-07	8	b6d4d08b650d299fbabdb34c9023e4fcf2b9df516edbf304a8f77ace3ec43d22	success	200	94237	51b180cd96740a311cc61165baa84cc05517b2f28ac6c70debc25f8e14514414	465539		fixture-tika-00	cypher-graph-id-predicate	64	1	fixture-tika-00	1	0	0	1	0	200	1	1	56	1	0
graph-id-in-parameter-wrapped-contains-k08-group-02-dense	graph-id-set	graph-id-in-parameter-wrapped-contains	dense	graph-id-in-parameter-and-wrapped-contains	parameters	properties	200	fixture-tika-00	fixture-tika-00,fixture-tika-01,fixture-tika-02,fixture-tika-03,fixture-tika-04,fixture-tika-05,fixture-tika-06,fixture-tika-07	8	b6d4d08b650d299fbabdb34c9023e4fcf2b9df516edbf304a8f77ace3ec43d22	success	200	94237	51b180cd96740a311cc61165baa84cc05517b2f28ac6c70debc25f8e14514414	299489		fixture-tika-00	cypher-graph-id-predicate	64	1	fixture-tika-00	1	0	0	1	0	200	1	1	56	1	0
request-selected-set-wrapped-contains-k08-group-02-dense	graph-set-reference	request-selected-set-wrapped-contains	dense	request-graph-set-selection-and-wrapped-contains	request-selected-source	properties	200	fixture-tika-00	fixture-tika-00,fixture-tika-01,fixture-tika-02,fixture-tika-03,fixture-tika-04,fixture-tika-05,fixture-tika-06,fixture-tika-07	8	b6d4d08b650d299fbabdb34c9023e4fcf2b9df516edbf304a8f77ace3ec43d22	success	200	94237	51b180cd96740a311cc61165baa84cc05517b2f28ac6c70debc25f8e14514414	403834		fixture-tika-00	request-selected-source	8	1	fixture-tika-00	1	0	0	1	0	200	0	0	0	1	0
graph-id-in-literal-wrapped-contains-k08-group-03-zero	graph-id-set	graph-id-in-literal-wrapped-contains	zero	graph-id-in-literal-and-wrapped-contains	graph-routing-set	properties	200	fixture-tika-08	fixture-tika-08,fixture-tika-09,fixture-tika-10,fixture-tika-11,fixture-tika-12,fixture-tika-13,fixture-tika-14,fixture-tika-15	8	1fba2dcdc700431fd973003335e6b9da0f283364e98b1312179ba06acf69d85a	success	0	147	805c8c7334c868e18e2be84be95b83cc60895722d739c2b164a68be4cd410c49	467272			cypher-graph-id-predicate	64	8	fixture-tika-08,fixture-tika-09,fixture-tika-10,fixture-tika-11,fixture-tika-12,fixture-tika-13,fixture-tika-14,fixture-tika-15	8	0	0	8	0	16	1	1	56	1	0
graph-id-in-parameter-wrapped-contains-k08-group-03-zero	graph-id-set	graph-id-in-parameter-wrapped-contains	zero	graph-id-in-parameter-and-wrapped-contains	parameters	properties	200	fixture-tika-08	fixture-tika-08,fixture-tika-09,fixture-tika-10,fixture-tika-11,fixture-tika-12,fixture-tika-13,fixture-tika-14,fixture-tika-15	8	1fba2dcdc700431fd973003335e6b9da0f283364e98b1312179ba06acf69d85a	success	0	147	805c8c7334c868e18e2be84be95b83cc60895722d739c2b164a68be4cd410c49	218358			cypher-graph-id-predicate	64	8	fixture-tika-08,fixture-tika-09,fixture-tika-10,fixture-tika-11,fixture-tika-12,fixture-tika-13,fixture-tika-14,fixture-tika-15	8	0	0	8	0	8	1	1	56	1	0
request-selected-set-wrapped-contains-k08-group-03-zero	graph-set-reference	request-selected-set-wrapped-contains	zero	request-graph-set-selection-and-wrapped-contains	request-selected-source	properties	200	fixture-tika-08	fixture-tika-08,fixture-tika-09,fixture-tika-10,fixture-tika-11,fixture-tika-12,fixture-tika-13,fixture-tika-14,fixture-tika-15	8	1fba2dcdc700431fd973003335e6b9da0f283364e98b1312179ba06acf69d85a	success	0	147	805c8c7334c868e18e2be84be95b83cc60895722d739c2b164a68be4cd410c49	342520			request-selected-source	8	8	fixture-tika-08,fixture-tika-09,fixture-tika-10,fixture-tika-11,fixture-tika-12,fixture-tika-13,fixture-tika-14,fixture-tika-15	8	0	0	8	0	8	0	0	0	1	0
graph-id-in-literal-wrapped-contains-k08-group-03-targeted	graph-id-set	graph-id-in-literal-wrapped-contains	targeted	graph-id-in-literal-and-wrapped-contains	graph-routing-set	properties	200	fixture-tika-08	fixture-tika-08,fixture-tika-09,fixture-tika-10,fixture-tika-11,fixture-tika-12,fixture-tika-13,fixture-tika-14,fixture-tika-15	8	1fba2dcdc700431fd973003335e6b9da0f283364e98b1312179ba06acf69d85a	success	11	6471	f7053dac9cedfeddd8e106fa7637705f2074a663f1e92a91b4f90ae3e2987a4d	1104902		fixture-tika-08,fixture-tika-14	cypher-graph-id-predicate	64	8	fixture-tika-08,fixture-tika-09,fixture-tika-10,fixture-tika-11,fixture-tika-12,fixture-tika-13,fixture-tika-14,fixture-tika-15	8	0	0	8	0	1124	1	1	56	1	0
graph-id-in-parameter-wrapped-contains-k08-group-03-targeted	graph-id-set	graph-id-in-parameter-wrapped-contains	targeted	graph-id-in-parameter-and-wrapped-contains	parameters	properties	200	fixture-tika-08	fixture-tika-08,fixture-tika-09,fixture-tika-10,fixture-tika-11,fixture-tika-12,fixture-tika-13,fixture-tika-14,fixture-tika-15	8	1fba2dcdc700431fd973003335e6b9da0f283364e98b1312179ba06acf69d85a	success	11	6471	f7053dac9cedfeddd8e106fa7637705f2074a663f1e92a91b4f90ae3e2987a4d	240579		fixture-tika-08,fixture-tika-14	cypher-graph-id-predicate	64	8	fixture-tika-08,fixture-tika-09,fixture-tika-10,fixture-tika-11,fixture-tika-12,fixture-tika-13,fixture-tika-14,fixture-tika-15	8	0	0	8	0	17	1	1	56	1	0
request-selected-set-wrapped-contains-k08-group-03-targeted	graph-set-reference	request-selected-set-wrapped-contains	targeted	request-graph-set-selection-and-wrapped-contains	request-selected-source	properties	200	fixture-tika-08	fixture-tika-08,fixture-tika-09,fixture-tika-10,fixture-tika-11,fixture-tika-12,fixture-tika-13,fixture-tika-14,fixture-tika-15	8	1fba2dcdc700431fd973003335e6b9da0f283364e98b1312179ba06acf69d85a	success	11	6471	f7053dac9cedfeddd8e106fa7637705f2074a663f1e92a91b4f90ae3e2987a4d	392573		fixture-tika-08,fixture-tika-14	request-selected-source	8	8	fixture-tika-08,fixture-tika-09,fixture-tika-10,fixture-tika-11,fixture-tika-12,fixture-tika-13,fixture-tika-14,fixture-tika-15	8	0	0	8	0	17	0	0	0	1	0
graph-id-in-literal-wrapped-contains-k08-group-03-dense	graph-id-set	graph-id-in-literal-wrapped-contains	dense	graph-id-in-literal-and-wrapped-contains	graph-routing-set	properties	200	fixture-tika-08	fixture-tika-08,fixture-tika-09,fixture-tika-10,fixture-tika-11,fixture-tika-12,fixture-tika-13,fixture-tika-14,fixture-tika-15	8	1fba2dcdc700431fd973003335e6b9da0f283364e98b1312179ba06acf69d85a	success	200	96144	13cc3d04be15c5d98101b6676211e0260c08571becd6cbc7be1dcfad1b7efce8	501356		fixture-tika-08	cypher-graph-id-predicate	64	1	fixture-tika-08	1	0	0	1	0	200	1	1	56	1	0
graph-id-in-parameter-wrapped-contains-k08-group-03-dense	graph-id-set	graph-id-in-parameter-wrapped-contains	dense	graph-id-in-parameter-and-wrapped-contains	parameters	properties	200	fixture-tika-08	fixture-tika-08,fixture-tika-09,fixture-tika-10,fixture-tika-11,fixture-tika-12,fixture-tika-13,fixture-tika-14,fixture-tika-15	8	1fba2dcdc700431fd973003335e6b9da0f283364e98b1312179ba06acf69d85a	success	200	96144	13cc3d04be15c5d98101b6676211e0260c08571becd6cbc7be1dcfad1b7efce8	218148		fixture-tika-08	cypher-graph-id-predicate	64	1	fixture-tika-08	1	0	0	1	0	200	1	1	56	1	0
request-selected-set-wrapped-contains-k08-group-03-dense	graph-set-reference	request-selected-set-wrapped-contains	dense	request-graph-set-selection-and-wrapped-contains	request-selected-source	properties	200	fixture-tika-08	fixture-tika-08,fixture-tika-09,fixture-tika-10,fixture-tika-11,fixture-tika-12,fixture-tika-13,fixture-tika-14,fixture-tika-15	8	1fba2dcdc700431fd973003335e6b9da0f283364e98b1312179ba06acf69d85a	success	200	96144	13cc3d04be15c5d98101b6676211e0260c08571becd6cbc7be1dcfad1b7efce8	164747		fixture-tika-08	request-selected-source	8	1	fixture-tika-08	1	0	0	1	0	200	0	0	0	1	0
graph-id-in-literal-wrapped-contains-k08-group-04-zero	graph-id-set	graph-id-in-literal-wrapped-contains	zero	graph-id-in-literal-and-wrapped-contains	graph-routing-set	properties	200	fixture-hive-00	fixture-hive-00,fixture-hive-01,fixture-hive-02,fixture-hive-03,fixture-hive-04,fixture-hive-05,fixture-hive-06,fixture-hive-07	8	c73b793b361718f9fcb7830a3d6ea2484143494adffc46c81528bda08ea9c1a0	success	0	147	805c8c7334c868e18e2be84be95b83cc60895722d739c2b164a68be4cd410c49	504202			cypher-graph-id-predicate	64	8	fixture-hive-00,fixture-hive-01,fixture-hive-02,fixture-hive-03,fixture-hive-04,fixture-hive-05,fixture-hive-06,fixture-hive-07	8	0	0	8	0	14	1	1	56	1	0
graph-id-in-parameter-wrapped-contains-k08-group-04-zero	graph-id-set	graph-id-in-parameter-wrapped-contains	zero	graph-id-in-parameter-and-wrapped-contains	parameters	properties	200	fixture-hive-00	fixture-hive-00,fixture-hive-01,fixture-hive-02,fixture-hive-03,fixture-hive-04,fixture-hive-05,fixture-hive-06,fixture-hive-07	8	c73b793b361718f9fcb7830a3d6ea2484143494adffc46c81528bda08ea9c1a0	success	0	147	805c8c7334c868e18e2be84be95b83cc60895722d739c2b164a68be4cd410c49	261548			cypher-graph-id-predicate	64	8	fixture-hive-00,fixture-hive-01,fixture-hive-02,fixture-hive-03,fixture-hive-04,fixture-hive-05,fixture-hive-06,fixture-hive-07	8	0	0	8	0	8	1	1	56	1	0
request-selected-set-wrapped-contains-k08-group-04-zero	graph-set-reference	request-selected-set-wrapped-contains	zero	request-graph-set-selection-and-wrapped-contains	request-selected-source	properties	200	fixture-hive-00	fixture-hive-00,fixture-hive-01,fixture-hive-02,fixture-hive-03,fixture-hive-04,fixture-hive-05,fixture-hive-06,fixture-hive-07	8	c73b793b361718f9fcb7830a3d6ea2484143494adffc46c81528bda08ea9c1a0	success	0	147	805c8c7334c868e18e2be84be95b83cc60895722d739c2b164a68be4cd410c49	244878			request-selected-source	8	8	fixture-hive-00,fixture-hive-01,fixture-hive-02,fixture-hive-03,fixture-hive-04,fixture-hive-05,fixture-hive-06,fixture-hive-07	8	0	0	8	0	8	0	0	0	1	0
graph-id-in-literal-wrapped-contains-k08-group-04-targeted	graph-id-set	graph-id-in-literal-wrapped-contains	targeted	graph-id-in-literal-and-wrapped-contains	graph-routing-set	properties	200	fixture-hive-00	fixture-hive-00,fixture-hive-01,fixture-hive-02,fixture-hive-03,fixture-hive-04,fixture-hive-05,fixture-hive-06,fixture-hive-07	8	c73b793b361718f9fcb7830a3d6ea2484143494adffc46c81528bda08ea9c1a0	success	4	2862	72e96499d86d64ae9da267f3b15791817d4250f06a8dfea9d09edd8c3c23a440	1183069		fixture-hive-00	cypher-graph-id-predicate	64	8	fixture-hive-00,fixture-hive-01,fixture-hive-02,fixture-hive-03,fixture-hive-04,fixture-hive-05,fixture-hive-06,fixture-hive-07	8	0	0	8	0	1328	1	1	56	1	0
graph-id-in-parameter-wrapped-contains-k08-group-04-targeted	graph-id-set	graph-id-in-parameter-wrapped-contains	targeted	graph-id-in-parameter-and-wrapped-contains	parameters	properties	200	fixture-hive-00	fixture-hive-00,fixture-hive-01,fixture-hive-02,fixture-hive-03,fixture-hive-04,fixture-hive-05,fixture-hive-06,fixture-hive-07	8	c73b793b361718f9fcb7830a3d6ea2484143494adffc46c81528bda08ea9c1a0	success	4	2862	72e96499d86d64ae9da267f3b15791817d4250f06a8dfea9d09edd8c3c23a440	188051		fixture-hive-00	cypher-graph-id-predicate	64	8	fixture-hive-00,fixture-hive-01,fixture-hive-02,fixture-hive-03,fixture-hive-04,fixture-hive-05,fixture-hive-06,fixture-hive-07	8	0	0	8	0	11	1	1	56	1	0
request-selected-set-wrapped-contains-k08-group-04-targeted	graph-set-reference	request-selected-set-wrapped-contains	targeted	request-graph-set-selection-and-wrapped-contains	request-selected-source	properties	200	fixture-hive-00	fixture-hive-00,fixture-hive-01,fixture-hive-02,fixture-hive-03,fixture-hive-04,fixture-hive-05,fixture-hive-06,fixture-hive-07	8	c73b793b361718f9fcb7830a3d6ea2484143494adffc46c81528bda08ea9c1a0	success	4	2862	72e96499d86d64ae9da267f3b15791817d4250f06a8dfea9d09edd8c3c23a440	126706		fixture-hive-00	request-selected-source	8	8	fixture-hive-00,fixture-hive-01,fixture-hive-02,fixture-hive-03,fixture-hive-04,fixture-hive-05,fixture-hive-06,fixture-hive-07	8	0	0	8	0	11	0	0	0	1	0
graph-id-in-literal-wrapped-contains-k08-group-04-dense	graph-id-set	graph-id-in-literal-wrapped-contains	dense	graph-id-in-literal-and-wrapped-contains	graph-routing-set	properties	200	fixture-hive-00	fixture-hive-00,fixture-hive-01,fixture-hive-02,fixture-hive-03,fixture-hive-04,fixture-hive-05,fixture-hive-06,fixture-hive-07	8	c73b793b361718f9fcb7830a3d6ea2484143494adffc46c81528bda08ea9c1a0	success	200	92864	0ad6a5ae10cb27d8dd28af205e0df8ebd79b3e1ca0079c8c876100ee108fc38d	178514		fixture-hive-00	cypher-graph-id-predicate	64	1	fixture-hive-00	1	0	0	1	0	200	1	1	56	1	0
graph-id-in-parameter-wrapped-contains-k08-group-04-dense	graph-id-set	graph-id-in-parameter-wrapped-contains	dense	graph-id-in-parameter-and-wrapped-contains	parameters	properties	200	fixture-hive-00	fixture-hive-00,fixture-hive-01,fixture-hive-02,fixture-hive-03,fixture-hive-04,fixture-hive-05,fixture-hive-06,fixture-hive-07	8	c73b793b361718f9fcb7830a3d6ea2484143494adffc46c81528bda08ea9c1a0	success	200	92864	0ad6a5ae10cb27d8dd28af205e0df8ebd79b3e1ca0079c8c876100ee108fc38d	137457		fixture-hive-00	cypher-graph-id-predicate	64	1	fixture-hive-00	1	0	0	1	0	200	1	1	56	1	0
request-selected-set-wrapped-contains-k08-group-04-dense	graph-set-reference	request-selected-set-wrapped-contains	dense	request-graph-set-selection-and-wrapped-contains	request-selected-source	properties	200	fixture-hive-00	fixture-hive-00,fixture-hive-01,fixture-hive-02,fixture-hive-03,fixture-hive-04,fixture-hive-05,fixture-hive-06,fixture-hive-07	8	c73b793b361718f9fcb7830a3d6ea2484143494adffc46c81528bda08ea9c1a0	success	200	92864	0ad6a5ae10cb27d8dd28af205e0df8ebd79b3e1ca0079c8c876100ee108fc38d	108162		fixture-hive-00	request-selected-source	8	1	fixture-hive-00	1	0	0	1	0	200	0	0	0	1	0
graph-id-in-literal-wrapped-contains-k08-group-05-zero	graph-id-set	graph-id-in-literal-wrapped-contains	zero	graph-id-in-literal-and-wrapped-contains	graph-routing-set	properties	200	fixture-hive-08	fixture-hive-08,fixture-hive-09,fixture-hive-10,fixture-hive-11,fixture-hive-12,fixture-hive-13,fixture-hive-14,fixture-hive-15	8	245d2497bfa92e7d039f67f8e03641c96de00028dde14456a9c51af75ba33ebf	success	0	147	805c8c7334c868e18e2be84be95b83cc60895722d739c2b164a68be4cd410c49	237453			cypher-graph-id-predicate	64	8	fixture-hive-08,fixture-hive-09,fixture-hive-10,fixture-hive-11,fixture-hive-12,fixture-hive-13,fixture-hive-14,fixture-hive-15	8	0	0	8	0	14	1	1	56	1	0
graph-id-in-parameter-wrapped-contains-k08-group-05-zero	graph-id-set	graph-id-in-parameter-wrapped-contains	zero	graph-id-in-parameter-and-wrapped-contains	parameters	properties	200	fixture-hive-08	fixture-hive-08,fixture-hive-09,fixture-hive-10,fixture-hive-11,fixture-hive-12,fixture-hive-13,fixture-hive-14,fixture-hive-15	8	245d2497bfa92e7d039f67f8e03641c96de00028dde14456a9c51af75ba33ebf	success	0	147	805c8c7334c868e18e2be84be95b83cc60895722d739c2b164a68be4cd410c49	139751			cypher-graph-id-predicate	64	8	fixture-hive-08,fixture-hive-09,fixture-hive-10,fixture-hive-11,fixture-hive-12,fixture-hive-13,fixture-hive-14,fixture-hive-15	8	0	0	8	0	8	1	1	56	1	0
request-selected-set-wrapped-contains-k08-group-05-zero	graph-set-reference	request-selected-set-wrapped-contains	zero	request-graph-set-selection-and-wrapped-contains	request-selected-source	properties	200	fixture-hive-08	fixture-hive-08,fixture-hive-09,fixture-hive-10,fixture-hive-11,fixture-hive-12,fixture-hive-13,fixture-hive-14,fixture-hive-15	8	245d2497bfa92e7d039f67f8e03641c96de00028dde14456a9c51af75ba33ebf	success	0	147	805c8c7334c868e18e2be84be95b83cc60895722d739c2b164a68be4cd410c49	122769			request-selected-source	8	8	fixture-hive-08,fixture-hive-09,fixture-hive-10,fixture-hive-11,fixture-hive-12,fixture-hive-13,fixture-hive-14,fixture-hive-15	8	0	0	8	0	8	0	0	0	1	0
graph-id-in-literal-wrapped-contains-k08-group-05-targeted	graph-id-set	graph-id-in-literal-wrapped-contains	targeted	graph-id-in-literal-and-wrapped-contains	graph-routing-set	properties	200	fixture-hive-08	fixture-hive-08,fixture-hive-09,fixture-hive-10,fixture-hive-11,fixture-hive-12,fixture-hive-13,fixture-hive-14,fixture-hive-15	8	245d2497bfa92e7d039f67f8e03641c96de00028dde14456a9c51af75ba33ebf	success	5	3569	2e8b431c58e14625230a8348815c48031083a65c269f458638b01cdf99fff211	1058095		fixture-hive-08,fixture-hive-13	cypher-graph-id-predicate	64	8	fixture-hive-08,fixture-hive-09,fixture-hive-10,fixture-hive-11,fixture-hive-12,fixture-hive-13,fixture-hive-14,fixture-hive-15	8	0	0	8	0	1567	1	1	56	1	0
graph-id-in-parameter-wrapped-contains-k08-group-05-targeted	graph-id-set	graph-id-in-parameter-wrapped-contains	targeted	graph-id-in-parameter-and-wrapped-contains	parameters	properties	200	fixture-hive-08	fixture-hive-08,fixture-hive-09,fixture-hive-10,fixture-hive-11,fixture-hive-12,fixture-hive-13,fixture-hive-14,fixture-hive-15	8	245d2497bfa92e7d039f67f8e03641c96de00028dde14456a9c51af75ba33ebf	success	5	3569	2e8b431c58e14625230a8348815c48031083a65c269f458638b01cdf99fff211	145491		fixture-hive-08,fixture-hive-13	cypher-graph-id-predicate	64	8	fixture-hive-08,fixture-hive-09,fixture-hive-10,fixture-hive-11,fixture-hive-12,fixture-hive-13,fixture-hive-14,fixture-hive-15	8	0	0	8	0	11	1	1	56	1	0
request-selected-set-wrapped-contains-k08-group-05-targeted	graph-set-reference	request-selected-set-wrapped-contains	targeted	request-graph-set-selection-and-wrapped-contains	request-selected-source	properties	200	fixture-hive-08	fixture-hive-08,fixture-hive-09,fixture-hive-10,fixture-hive-11,fixture-hive-12,fixture-hive-13,fixture-hive-14,fixture-hive-15	8	245d2497bfa92e7d039f67f8e03641c96de00028dde14456a9c51af75ba33ebf	success	5	3569	2e8b431c58e14625230a8348815c48031083a65c269f458638b01cdf99fff211	116467		fixture-hive-08,fixture-hive-13	request-selected-source	8	8	fixture-hive-08,fixture-hive-09,fixture-hive-10,fixture-hive-11,fixture-hive-12,fixture-hive-13,fixture-hive-14,fixture-hive-15	8	0	0	8	0	11	0	0	0	1	0
graph-id-in-literal-wrapped-contains-k08-group-05-dense	graph-id-set	graph-id-in-literal-wrapped-contains	dense	graph-id-in-literal-and-wrapped-contains	graph-routing-set	properties	200	fixture-hive-08	fixture-hive-08,fixture-hive-09,fixture-hive-10,fixture-hive-11,fixture-hive-12,fixture-hive-13,fixture-hive-14,fixture-hive-15	8	245d2497bfa92e7d039f67f8e03641c96de00028dde14456a9c51af75ba33ebf	success	200	95189	6547ed796970ad3186785ae6dc7d6b1328d226d1878e5144fdb98c21fcba06f9	180517		fixture-hive-08	cypher-graph-id-predicate	64	1	fixture-hive-08	1	0	0	1	0	200	1	1	56	1	0
graph-id-in-parameter-wrapped-contains-k08-group-05-dense	graph-id-set	graph-id-in-parameter-wrapped-contains	dense	graph-id-in-parameter-and-wrapped-contains	parameters	properties	200	fixture-hive-08	fixture-hive-08,fixture-hive-09,fixture-hive-10,fixture-hive-11,fixture-hive-12,fixture-hive-13,fixture-hive-14,fixture-hive-15	8	245d2497bfa92e7d039f67f8e03641c96de00028dde14456a9c51af75ba33ebf	success	200	95189	6547ed796970ad3186785ae6dc7d6b1328d226d1878e5144fdb98c21fcba06f9	132427		fixture-hive-08	cypher-graph-id-predicate	64	1	fixture-hive-08	1	0	0	1	0	200	1	1	56	1	0
request-selected-set-wrapped-contains-k08-group-05-dense	graph-set-reference	request-selected-set-wrapped-contains	dense	request-graph-set-selection-and-wrapped-contains	request-selected-source	properties	200	fixture-hive-08	fixture-hive-08,fixture-hive-09,fixture-hive-10,fixture-hive-11,fixture-hive-12,fixture-hive-13,fixture-hive-14,fixture-hive-15	8	245d2497bfa92e7d039f67f8e03641c96de00028dde14456a9c51af75ba33ebf	success	200	95189	6547ed796970ad3186785ae6dc7d6b1328d226d1878e5144fdb98c21fcba06f9	120374		fixture-hive-08	request-selected-source	8	1	fixture-hive-08	1	0	0	1	0	200	0	0	0	1	0
graph-id-in-literal-wrapped-contains-k08-group-06-zero	graph-id-set	graph-id-in-literal-wrapped-contains	zero	graph-id-in-literal-and-wrapped-contains	graph-routing-set	properties	200	fixture-kotlin-compiler-00	fixture-kotlin-compiler-00,fixture-kotlin-compiler-01,fixture-kotlin-compiler-02,fixture-kotlin-compiler-03,fixture-kotlin-compiler-04,fixture-kotlin-compiler-05,fixture-kotlin-compiler-06,fixture-kotlin-compiler-07	8	2357f16b816a2884469ac1d6be7fe0f5b175a808aaff08b348c930099991c386	success	0	147	805c8c7334c868e18e2be84be95b83cc60895722d739c2b164a68be4cd410c49	1816818			cypher-graph-id-predicate	64	8	fixture-kotlin-compiler-00,fixture-kotlin-compiler-01,fixture-kotlin-compiler-02,fixture-kotlin-compiler-03,fixture-kotlin-compiler-04,fixture-kotlin-compiler-05,fixture-kotlin-compiler-06,fixture-kotlin-compiler-07	8	0	0	8	0	14	1	1	56	1	0
graph-id-in-parameter-wrapped-contains-k08-group-06-zero	graph-id-set	graph-id-in-parameter-wrapped-contains	zero	graph-id-in-parameter-and-wrapped-contains	parameters	properties	200	fixture-kotlin-compiler-00	fixture-kotlin-compiler-00,fixture-kotlin-compiler-01,fixture-kotlin-compiler-02,fixture-kotlin-compiler-03,fixture-kotlin-compiler-04,fixture-kotlin-compiler-05,fixture-kotlin-compiler-06,fixture-kotlin-compiler-07	8	2357f16b816a2884469ac1d6be7fe0f5b175a808aaff08b348c930099991c386	success	0	147	805c8c7334c868e18e2be84be95b83cc60895722d739c2b164a68be4cd410c49	154298			cypher-graph-id-predicate	64	8	fixture-kotlin-compiler-00,fixture-kotlin-compiler-01,fixture-kotlin-compiler-02,fixture-kotlin-compiler-03,fixture-kotlin-compiler-04,fixture-kotlin-compiler-05,fixture-kotlin-compiler-06,fixture-kotlin-compiler-07	8	0	0	8	0	8	1	1	56	1	0
request-selected-set-wrapped-contains-k08-group-06-zero	graph-set-reference	request-selected-set-wrapped-contains	zero	request-graph-set-selection-and-wrapped-contains	request-selected-source	properties	200	fixture-kotlin-compiler-00	fixture-kotlin-compiler-00,fixture-kotlin-compiler-01,fixture-kotlin-compiler-02,fixture-kotlin-compiler-03,fixture-kotlin-compiler-04,fixture-kotlin-compiler-05,fixture-kotlin-compiler-06,fixture-kotlin-compiler-07	8	2357f16b816a2884469ac1d6be7fe0f5b175a808aaff08b348c930099991c386	success	0	147	805c8c7334c868e18e2be84be95b83cc60895722d739c2b164a68be4cd410c49	148391			request-selected-source	8	8	fixture-kotlin-compiler-00,fixture-kotlin-compiler-01,fixture-kotlin-compiler-02,fixture-kotlin-compiler-03,fixture-kotlin-compiler-04,fixture-kotlin-compiler-05,fixture-kotlin-compiler-06,fixture-kotlin-compiler-07	8	0	0	8	0	8	0	0	0	1	0
graph-id-in-literal-wrapped-contains-k08-group-06-targeted	graph-id-set	graph-id-in-literal-wrapped-contains	targeted	graph-id-in-literal-and-wrapped-contains	graph-routing-set	properties	200	fixture-kotlin-compiler-00	fixture-kotlin-compiler-00,fixture-kotlin-compiler-01,fixture-kotlin-compiler-02,fixture-kotlin-compiler-03,fixture-kotlin-compiler-04,fixture-kotlin-compiler-05,fixture-kotlin-compiler-06,fixture-kotlin-compiler-07	8	2357f16b816a2884469ac1d6be7fe0f5b175a808aaff08b348c930099991c386	success	10	6351	274597a5e0e535d6581734920f9ffbc39062a84a13ad9d85823a8f12df219dfd	963479		fixture-kotlin-compiler-00	cypher-graph-id-predicate	64	8	fixture-kotlin-compiler-00,fixture-kotlin-compiler-01,fixture-kotlin-compiler-02,fixture-kotlin-compiler-03,fixture-kotlin-compiler-04,fixture-kotlin-compiler-05,fixture-kotlin-compiler-06,fixture-kotlin-compiler-07	8	0	0	8	0	1196	1	1	56	1	0
graph-id-in-parameter-wrapped-contains-k08-group-06-targeted	graph-id-set	graph-id-in-parameter-wrapped-contains	targeted	graph-id-in-parameter-and-wrapped-contains	parameters	properties	200	fixture-kotlin-compiler-00	fixture-kotlin-compiler-00,fixture-kotlin-compiler-01,fixture-kotlin-compiler-02,fixture-kotlin-compiler-03,fixture-kotlin-compiler-04,fixture-kotlin-compiler-05,fixture-kotlin-compiler-06,fixture-kotlin-compiler-07	8	2357f16b816a2884469ac1d6be7fe0f5b175a808aaff08b348c930099991c386	success	10	6351	274597a5e0e535d6581734920f9ffbc39062a84a13ad9d85823a8f12df219dfd	143147		fixture-kotlin-compiler-00	cypher-graph-id-predicate	64	8	fixture-kotlin-compiler-00,fixture-kotlin-compiler-01,fixture-kotlin-compiler-02,fixture-kotlin-compiler-03,fixture-kotlin-compiler-04,fixture-kotlin-compiler-05,fixture-kotlin-compiler-06,fixture-kotlin-compiler-07	8	0	0	8	0	17	1	1	56	1	0
request-selected-set-wrapped-contains-k08-group-06-targeted	graph-set-reference	request-selected-set-wrapped-contains	targeted	request-graph-set-selection-and-wrapped-contains	request-selected-source	properties	200	fixture-kotlin-compiler-00	fixture-kotlin-compiler-00,fixture-kotlin-compiler-01,fixture-kotlin-compiler-02,fixture-kotlin-compiler-03,fixture-kotlin-compiler-04,fixture-kotlin-compiler-05,fixture-kotlin-compiler-06,fixture-kotlin-compiler-07	8	2357f16b816a2884469ac1d6be7fe0f5b175a808aaff08b348c930099991c386	success	10	6351	274597a5e0e535d6581734920f9ffbc39062a84a13ad9d85823a8f12df219dfd	119122		fixture-kotlin-compiler-00	request-selected-source	8	8	fixture-kotlin-compiler-00,fixture-kotlin-compiler-01,fixture-kotlin-compiler-02,fixture-kotlin-compiler-03,fixture-kotlin-compiler-04,fixture-kotlin-compiler-05,fixture-kotlin-compiler-06,fixture-kotlin-compiler-07	8	0	0	8	0	17	0	0	0	1	0
graph-id-in-literal-wrapped-contains-k08-group-06-dense	graph-id-set	graph-id-in-literal-wrapped-contains	dense	graph-id-in-literal-and-wrapped-contains	graph-routing-set	properties	200	fixture-kotlin-compiler-00	fixture-kotlin-compiler-00,fixture-kotlin-compiler-01,fixture-kotlin-compiler-02,fixture-kotlin-compiler-03,fixture-kotlin-compiler-04,fixture-kotlin-compiler-05,fixture-kotlin-compiler-06,fixture-kotlin-compiler-07	8	2357f16b816a2884469ac1d6be7fe0f5b175a808aaff08b348c930099991c386	success	200	97301	4abd067ea3c7496241f2623586a132809a81e33bd08c7645b717be3ee7ee2542	218544		fixture-kotlin-compiler-00	cypher-graph-id-predicate	64	1	fixture-kotlin-compiler-00	1	0	0	1	0	200	1	1	56	1	0
graph-id-in-parameter-wrapped-contains-k08-group-06-dense	graph-id-set	graph-id-in-parameter-wrapped-contains	dense	graph-id-in-parameter-and-wrapped-contains	parameters	properties	200	fixture-kotlin-compiler-00	fixture-kotlin-compiler-00,fixture-kotlin-compiler-01,fixture-kotlin-compiler-02,fixture-kotlin-compiler-03,fixture-kotlin-compiler-04,fixture-kotlin-compiler-05,fixture-kotlin-compiler-06,fixture-kotlin-compiler-07	8	2357f16b816a2884469ac1d6be7fe0f5b175a808aaff08b348c930099991c386	success	200	97301	4abd067ea3c7496241f2623586a132809a81e33bd08c7645b717be3ee7ee2542	140742		fixture-kotlin-compiler-00	cypher-graph-id-predicate	64	1	fixture-kotlin-compiler-00	1	0	0	1	0	200	1	1	56	1	0
request-selected-set-wrapped-contains-k08-group-06-dense	graph-set-reference	request-selected-set-wrapped-contains	dense	request-graph-set-selection-and-wrapped-contains	request-selected-source	properties	200	fixture-kotlin-compiler-00	fixture-kotlin-compiler-00,fixture-kotlin-compiler-01,fixture-kotlin-compiler-02,fixture-kotlin-compiler-03,fixture-kotlin-compiler-04,fixture-kotlin-compiler-05,fixture-kotlin-compiler-06,fixture-kotlin-compiler-07	8	2357f16b816a2884469ac1d6be7fe0f5b175a808aaff08b348c930099991c386	success	200	97301	4abd067ea3c7496241f2623586a132809a81e33bd08c7645b717be3ee7ee2542	123030		fixture-kotlin-compiler-00	request-selected-source	8	1	fixture-kotlin-compiler-00	1	0	0	1	0	200	0	0	0	1	0
graph-id-in-literal-wrapped-contains-k08-group-07-zero	graph-id-set	graph-id-in-literal-wrapped-contains	zero	graph-id-in-literal-and-wrapped-contains	graph-routing-set	properties	200	fixture-kotlin-compiler-08	fixture-kotlin-compiler-08,fixture-kotlin-compiler-09,fixture-kotlin-compiler-10,fixture-kotlin-compiler-11,fixture-kotlin-compiler-12,fixture-kotlin-compiler-13,fixture-kotlin-compiler-14,fixture-kotlin-compiler-15	8	9292ac32ef9f293478d3503f3f9fc5ad57387486cc5526339373d8f264b933aa	success	0	147	805c8c7334c868e18e2be84be95b83cc60895722d739c2b164a68be4cd410c49	230801			cypher-graph-id-predicate	64	8	fixture-kotlin-compiler-08,fixture-kotlin-compiler-09,fixture-kotlin-compiler-10,fixture-kotlin-compiler-11,fixture-kotlin-compiler-12,fixture-kotlin-compiler-13,fixture-kotlin-compiler-14,fixture-kotlin-compiler-15	8	0	0	8	0	14	1	1	56	1	0
graph-id-in-parameter-wrapped-contains-k08-group-07-zero	graph-id-set	graph-id-in-parameter-wrapped-contains	zero	graph-id-in-parameter-and-wrapped-contains	parameters	properties	200	fixture-kotlin-compiler-08	fixture-kotlin-compiler-08,fixture-kotlin-compiler-09,fixture-kotlin-compiler-10,fixture-kotlin-compiler-11,fixture-kotlin-compiler-12,fixture-kotlin-compiler-13,fixture-kotlin-compiler-14,fixture-kotlin-compiler-15	8	9292ac32ef9f293478d3503f3f9fc5ad57387486cc5526339373d8f264b933aa	success	0	147	805c8c7334c868e18e2be84be95b83cc60895722d739c2b164a68be4cd410c49	137897			cypher-graph-id-predicate	64	8	fixture-kotlin-compiler-08,fixture-kotlin-compiler-09,fixture-kotlin-compiler-10,fixture-kotlin-compiler-11,fixture-kotlin-compiler-12,fixture-kotlin-compiler-13,fixture-kotlin-compiler-14,fixture-kotlin-compiler-15	8	0	0	8	0	8	1	1	56	1	0
request-selected-set-wrapped-contains-k08-group-07-zero	graph-set-reference	request-selected-set-wrapped-contains	zero	request-graph-set-selection-and-wrapped-contains	request-selected-source	properties	200	fixture-kotlin-compiler-08	fixture-kotlin-compiler-08,fixture-kotlin-compiler-09,fixture-kotlin-compiler-10,fixture-kotlin-compiler-11,fixture-kotlin-compiler-12,fixture-kotlin-compiler-13,fixture-kotlin-compiler-14,fixture-kotlin-compiler-15	8	9292ac32ef9f293478d3503f3f9fc5ad57387486cc5526339373d8f264b933aa	success	0	147	805c8c7334c868e18e2be84be95b83cc60895722d739c2b164a68be4cd410c49	124843			request-selected-source	8	8	fixture-kotlin-compiler-08,fixture-kotlin-compiler-09,fixture-kotlin-compiler-10,fixture-kotlin-compiler-11,fixture-kotlin-compiler-12,fixture-kotlin-compiler-13,fixture-kotlin-compiler-14,fixture-kotlin-compiler-15	8	0	0	8	0	8	0	0	0	1	0
graph-id-in-literal-wrapped-contains-k08-group-07-targeted	graph-id-set	graph-id-in-literal-wrapped-contains	targeted	graph-id-in-literal-and-wrapped-contains	graph-routing-set	properties	200	fixture-kotlin-compiler-08	fixture-kotlin-compiler-08,fixture-kotlin-compiler-09,fixture-kotlin-compiler-10,fixture-kotlin-compiler-11,fixture-kotlin-compiler-12,fixture-kotlin-compiler-13,fixture-kotlin-compiler-14,fixture-kotlin-compiler-15	8	9292ac32ef9f293478d3503f3f9fc5ad57387486cc5526339373d8f264b933aa	success	5	3192	6be81ce87c99d083628d76b0dce1e105c3d7fae110ebf15207143c3be7df8eeb	1052542		fixture-kotlin-compiler-08,fixture-kotlin-compiler-14	cypher-graph-id-predicate	64	8	fixture-kotlin-compiler-08,fixture-kotlin-compiler-09,fixture-kotlin-compiler-10,fixture-kotlin-compiler-11,fixture-kotlin-compiler-12,fixture-kotlin-compiler-13,fixture-kotlin-compiler-14,fixture-kotlin-compiler-15	8	0	0	8	0	1606	1	1	56	1	0
graph-id-in-parameter-wrapped-contains-k08-group-07-targeted	graph-id-set	graph-id-in-parameter-wrapped-contains	targeted	graph-id-in-parameter-and-wrapped-contains	parameters	properties	200	fixture-kotlin-compiler-08	fixture-kotlin-compiler-08,fixture-kotlin-compiler-09,fixture-kotlin-compiler-10,fixture-kotlin-compiler-11,fixture-kotlin-compiler-12,fixture-kotlin-compiler-13,fixture-kotlin-compiler-14,fixture-kotlin-compiler-15	8	9292ac32ef9f293478d3503f3f9fc5ad57387486cc5526339373d8f264b933aa	success	5	3192	6be81ce87c99d083628d76b0dce1e105c3d7fae110ebf15207143c3be7df8eeb	140943		fixture-kotlin-compiler-08,fixture-kotlin-compiler-14	cypher-graph-id-predicate	64	8	fixture-kotlin-compiler-08,fixture-kotlin-compiler-09,fixture-kotlin-compiler-10,fixture-kotlin-compiler-11,fixture-kotlin-compiler-12,fixture-kotlin-compiler-13,fixture-kotlin-compiler-14,fixture-kotlin-compiler-15	8	0	0	8	0	11	1	1	56	1	0
request-selected-set-wrapped-contains-k08-group-07-targeted	graph-set-reference	request-selected-set-wrapped-contains	targeted	request-graph-set-selection-and-wrapped-contains	request-selected-source	properties	200	fixture-kotlin-compiler-08	fixture-kotlin-compiler-08,fixture-kotlin-compiler-09,fixture-kotlin-compiler-10,fixture-kotlin-compiler-11,fixture-kotlin-compiler-12,fixture-kotlin-compiler-13,fixture-kotlin-compiler-14,fixture-kotlin-compiler-15	8	9292ac32ef9f293478d3503f3f9fc5ad57387486cc5526339373d8f264b933aa	success	5	3192	6be81ce87c99d083628d76b0dce1e105c3d7fae110ebf15207143c3be7df8eeb	123701		fixture-kotlin-compiler-08,fixture-kotlin-compiler-14	request-selected-source	8	8	fixture-kotlin-compiler-08,fixture-kotlin-compiler-09,fixture-kotlin-compiler-10,fixture-kotlin-compiler-11,fixture-kotlin-compiler-12,fixture-kotlin-compiler-13,fixture-kotlin-compiler-14,fixture-kotlin-compiler-15	8	0	0	8	0	11	0	0	0	1	0
graph-id-in-literal-wrapped-contains-k08-group-07-dense	graph-id-set	graph-id-in-literal-wrapped-contains	dense	graph-id-in-literal-and-wrapped-contains	graph-routing-set	properties	200	fixture-kotlin-compiler-08	fixture-kotlin-compiler-08,fixture-kotlin-compiler-09,fixture-kotlin-compiler-10,fixture-kotlin-compiler-11,fixture-kotlin-compiler-12,fixture-kotlin-compiler-13,fixture-kotlin-compiler-14,fixture-kotlin-compiler-15	8	9292ac32ef9f293478d3503f3f9fc5ad57387486cc5526339373d8f264b933aa	success	200	93704	b778fc4edfb3c1031b90b2d3d121fd31958733afdc68d3f1cde538a17b738328	214921		fixture-kotlin-compiler-08	cypher-graph-id-predicate	64	1	fixture-kotlin-compiler-08	1	0	0	1	0	200	1	1	56	1	0
graph-id-in-parameter-wrapped-contains-k08-group-07-dense	graph-id-set	graph-id-in-parameter-wrapped-contains	dense	graph-id-in-parameter-and-wrapped-contains	parameters	properties	200	fixture-kotlin-compiler-08	fixture-kotlin-compiler-08,fixture-kotlin-compiler-09,fixture-kotlin-compiler-10,fixture-kotlin-compiler-11,fixture-kotlin-compiler-12,fixture-kotlin-compiler-13,fixture-kotlin-compiler-14,fixture-kotlin-compiler-15	8	9292ac32ef9f293478d3503f3f9fc5ad57387486cc5526339373d8f264b933aa	success	200	93704	b778fc4edfb3c1031b90b2d3d121fd31958733afdc68d3f1cde538a17b738328	134651		fixture-kotlin-compiler-08	cypher-graph-id-predicate	64	1	fixture-kotlin-compiler-08	1	0	0	1	0	200	1	1	56	1	0
request-selected-set-wrapped-contains-k08-group-07-dense	graph-set-reference	request-selected-set-wrapped-contains	dense	request-graph-set-selection-and-wrapped-contains	request-selected-source	properties	200	fixture-kotlin-compiler-08	fixture-kotlin-compiler-08,fixture-kotlin-compiler-09,fixture-kotlin-compiler-10,fixture-kotlin-compiler-11,fixture-kotlin-compiler-12,fixture-kotlin-compiler-13,fixture-kotlin-compiler-14,fixture-kotlin-compiler-15	8	9292ac32ef9f293478d3503f3f9fc5ad57387486cc5526339373d8f264b933aa	success	200	93704	b778fc4edfb3c1031b90b2d3d121fd31958733afdc68d3f1cde538a17b738328	116167		fixture-kotlin-compiler-08	request-selected-source	8	1	fixture-kotlin-compiler-08	1	0	0	1	0	200	0	0	0	1	0
graph-id-in-literal-wrapped-contains-k64-group-00-zero	graph-id-set	graph-id-in-literal-wrapped-contains	zero	graph-id-in-literal-and-wrapped-contains	graph-routing-set	properties	200	fixture-android-00	fixture-android-00,fixture-android-01,fixture-android-02,fixture-android-03,fixture-android-04,fixture-android-05,fixture-android-06,fixture-android-07,fixture-android-08,fixture-android-09,fixture-android-10,fixture-android-11,fixture-android-12,fixture-android-13,fixture-android-14,fixture-android-15,fixture-tika-00,fixture-tika-01,fixture-tika-02,fixture-tika-03,fixture-tika-04,fixture-tika-05,fixture-tika-06,fixture-tika-07,fixture-tika-08,fixture-tika-09,fixture-tika-10,fixture-tika-11,fixture-tika-12,fixture-tika-13,fixture-tika-14,fixture-tika-15,fixture-hive-00,fixture-hive-01,fixture-hive-02,fixture-hive-03,fixture-hive-04,fixture-hive-05,fixture-hive-06,fixture-hive-07,fixture-hive-08,fixture-hive-09,fixture-hive-10,fixture-hive-11,fixture-hive-12,fixture-hive-13,fixture-hive-14,fixture-hive-15,fixture-kotlin-compiler-00,fixture-kotlin-compiler-01,fixture-kotlin-compiler-02,fixture-kotlin-compiler-03,fixture-kotlin-compiler-04,fixture-kotlin-compiler-05,fixture-kotlin-compiler-06,fixture-kotlin-compiler-07,fixture-kotlin-compiler-08,fixture-kotlin-compiler-09,fixture-kotlin-compiler-10,fixture-kotlin-compiler-11,fixture-kotlin-compiler-12,fixture-kotlin-compiler-13,fixture-kotlin-compiler-14,fixture-kotlin-compiler-15	64	35bad66d358dca7faeb0cdf55b64b864a288b1b7a4100dbf64766839a0267284	success	0	147	805c8c7334c868e18e2be84be95b83cc60895722d739c2b164a68be4cd410c49	352709			cypher-graph-id-predicate	64	64	fixture-android-00,fixture-android-01,fixture-android-02,fixture-android-03,fixture-android-04,fixture-android-05,fixture-android-06,fixture-android-07,fixture-android-08,fixture-android-09,fixture-android-10,fixture-android-11,fixture-android-12,fixture-android-13,fixture-android-14,fixture-android-15,fixture-hive-00,fixture-hive-01,fixture-hive-02,fixture-hive-03,fixture-hive-04,fixture-hive-05,fixture-hive-06,fixture-hive-07,fixture-hive-08,fixture-hive-09,fixture-hive-10,fixture-hive-11,fixture-hive-12,fixture-hive-13,fixture-hive-14,fixture-hive-15,fixture-kotlin-compiler-00,fixture-kotlin-compiler-01,fixture-kotlin-compiler-02,fixture-kotlin-compiler-03,fixture-kotlin-compiler-04,fixture-kotlin-compiler-05,fixture-kotlin-compiler-06,fixture-kotlin-compiler-07,fixture-kotlin-compiler-08,fixture-kotlin-compiler-09,fixture-kotlin-compiler-10,fixture-kotlin-compiler-11,fixture-kotlin-compiler-12,fixture-kotlin-compiler-13,fixture-kotlin-compiler-14,fixture-kotlin-compiler-15,fixture-tika-00,fixture-tika-01,fixture-tika-02,fixture-tika-03,fixture-tika-04,fixture-tika-05,fixture-tika-06,fixture-tika-07,fixture-tika-08,fixture-tika-09,fixture-tika-10,fixture-tika-11,fixture-tika-12,fixture-tika-13,fixture-tika-14,fixture-tika-15	64	0	0	64	0	64	1	0	0	1	0
graph-id-in-parameter-wrapped-contains-k64-group-00-zero	graph-id-set	graph-id-in-parameter-wrapped-contains	zero	graph-id-in-parameter-and-wrapped-contains	parameters	properties	200	fixture-android-00	fixture-android-00,fixture-android-01,fixture-android-02,fixture-android-03,fixture-android-04,fixture-android-05,fixture-android-06,fixture-android-07,fixture-android-08,fixture-android-09,fixture-android-10,fixture-android-11,fixture-android-12,fixture-android-13,fixture-android-14,fixture-android-15,fixture-tika-00,fixture-tika-01,fixture-tika-02,fixture-tika-03,fixture-tika-04,fixture-tika-05,fixture-tika-06,fixture-tika-07,fixture-tika-08,fixture-tika-09,fixture-tika-10,fixture-tika-11,fixture-tika-12,fixture-tika-13,fixture-tika-14,fixture-tika-15,fixture-hive-00,fixture-hive-01,fixture-hive-02,fixture-hive-03,fixture-hive-04,fixture-hive-05,fixture-hive-06,fixture-hive-07,fixture-hive-08,fixture-hive-09,fixture-hive-10,fixture-hive-11,fixture-hive-12,fixture-hive-13,fixture-hive-14,fixture-hive-15,fixture-kotlin-compiler-00,fixture-kotlin-compiler-01,fixture-kotlin-compiler-02,fixture-kotlin-compiler-03,fixture-kotlin-compiler-04,fixture-kotlin-compiler-05,fixture-kotlin-compiler-06,fixture-kotlin-compiler-07,fixture-kotlin-compiler-08,fixture-kotlin-compiler-09,fixture-kotlin-compiler-10,fixture-kotlin-compiler-11,fixture-kotlin-compiler-12,fixture-kotlin-compiler-13,fixture-kotlin-compiler-14,fixture-kotlin-compiler-15	64	35bad66d358dca7faeb0cdf55b64b864a288b1b7a4100dbf64766839a0267284	success	0	147	805c8c7334c868e18e2be84be95b83cc60895722d739c2b164a68be4cd410c49	275595			cypher-graph-id-predicate	64	64	fixture-android-00,fixture-android-01,fixture-android-02,fixture-android-03,fixture-android-04,fixture-android-05,fixture-android-06,fixture-android-07,fixture-android-08,fixture-android-09,fixture-android-10,fixture-android-11,fixture-android-12,fixture-android-13,fixture-android-14,fixture-android-15,fixture-hive-00,fixture-hive-01,fixture-hive-02,fixture-hive-03,fixture-hive-04,fixture-hive-05,fixture-hive-06,fixture-hive-07,fixture-hive-08,fixture-hive-09,fixture-hive-10,fixture-hive-11,fixture-hive-12,fixture-hive-13,fixture-hive-14,fixture-hive-15,fixture-kotlin-compiler-00,fixture-kotlin-compiler-01,fixture-kotlin-compiler-02,fixture-kotlin-compiler-03,fixture-kotlin-compiler-04,fixture-kotlin-compiler-05,fixture-kotlin-compiler-06,fixture-kotlin-compiler-07,fixture-kotlin-compiler-08,fixture-kotlin-compiler-09,fixture-kotlin-compiler-10,fixture-kotlin-compiler-11,fixture-kotlin-compiler-12,fixture-kotlin-compiler-13,fixture-kotlin-compiler-14,fixture-kotlin-compiler-15,fixture-tika-00,fixture-tika-01,fixture-tika-02,fixture-tika-03,fixture-tika-04,fixture-tika-05,fixture-tika-06,fixture-tika-07,fixture-tika-08,fixture-tika-09,fixture-tika-10,fixture-tika-11,fixture-tika-12,fixture-tika-13,fixture-tika-14,fixture-tika-15	64	0	0	64	0	64	1	0	0	1	0
graph-id-in-literal-wrapped-contains-k64-group-00-targeted	graph-id-set	graph-id-in-literal-wrapped-contains	targeted	graph-id-in-literal-and-wrapped-contains	graph-routing-set	properties	200	fixture-android-00	fixture-android-00,fixture-android-01,fixture-android-02,fixture-android-03,fixture-android-04,fixture-android-05,fixture-android-06,fixture-android-07,fixture-android-08,fixture-android-09,fixture-android-10,fixture-android-11,fixture-android-12,fixture-android-13,fixture-android-14,fixture-android-15,fixture-tika-00,fixture-tika-01,fixture-tika-02,fixture-tika-03,fixture-tika-04,fixture-tika-05,fixture-tika-06,fixture-tika-07,fixture-tika-08,fixture-tika-09,fixture-tika-10,fixture-tika-11,fixture-tika-12,fixture-tika-13,fixture-tika-14,fixture-tika-15,fixture-hive-00,fixture-hive-01,fixture-hive-02,fixture-hive-03,fixture-hive-04,fixture-hive-05,fixture-hive-06,fixture-hive-07,fixture-hive-08,fixture-hive-09,fixture-hive-10,fixture-hive-11,fixture-hive-12,fixture-hive-13,fixture-hive-14,fixture-hive-15,fixture-kotlin-compiler-00,fixture-kotlin-compiler-01,fixture-kotlin-compiler-02,fixture-kotlin-compiler-03,fixture-kotlin-compiler-04,fixture-kotlin-compiler-05,fixture-kotlin-compiler-06,fixture-kotlin-compiler-07,fixture-kotlin-compiler-08,fixture-kotlin-compiler-09,fixture-kotlin-compiler-10,fixture-kotlin-compiler-11,fixture-kotlin-compiler-12,fixture-kotlin-compiler-13,fixture-kotlin-compiler-14,fixture-kotlin-compiler-15	64	35bad66d358dca7faeb0cdf55b64b864a288b1b7a4100dbf64766839a0267284	success	11	6277	ca01ade166f4156fe11d166c7832fed45bfbdf107060915eb0c8f2df36ef35ed	2999590		fixture-android-00,fixture-android-09	cypher-graph-id-predicate	64	64	fixture-android-00,fixture-android-01,fixture-android-02,fixture-android-03,fixture-android-04,fixture-android-05,fixture-android-06,fixture-android-07,fixture-android-08,fixture-android-09,fixture-android-10,fixture-android-11,fixture-android-12,fixture-android-13,fixture-android-14,fixture-android-15,fixture-hive-00,fixture-hive-01,fixture-hive-02,fixture-hive-03,fixture-hive-04,fixture-hive-05,fixture-hive-06,fixture-hive-07,fixture-hive-08,fixture-hive-09,fixture-hive-10,fixture-hive-11,fixture-hive-12,fixture-hive-13,fixture-hive-14,fixture-hive-15,fixture-kotlin-compiler-00,fixture-kotlin-compiler-01,fixture-kotlin-compiler-02,fixture-kotlin-compiler-03,fixture-kotlin-compiler-04,fixture-kotlin-compiler-05,fixture-kotlin-compiler-06,fixture-kotlin-compiler-07,fixture-kotlin-compiler-08,fixture-kotlin-compiler-09,fixture-kotlin-compiler-10,fixture-kotlin-compiler-11,fixture-kotlin-compiler-12,fixture-kotlin-compiler-13,fixture-kotlin-compiler-14,fixture-kotlin-compiler-15,fixture-tika-00,fixture-tika-01,fixture-tika-02,fixture-tika-03,fixture-tika-04,fixture-tika-05,fixture-tika-06,fixture-tika-07,fixture-tika-08,fixture-tika-09,fixture-tika-10,fixture-tika-11,fixture-tika-12,fixture-tika-13,fixture-tika-14,fixture-tika-15	64	0	0	64	0	3132	1	0	0	1	0
graph-id-in-parameter-wrapped-contains-k64-group-00-targeted	graph-id-set	graph-id-in-parameter-wrapped-contains	targeted	graph-id-in-parameter-and-wrapped-contains	parameters	properties	200	fixture-android-00	fixture-android-00,fixture-android-01,fixture-android-02,fixture-android-03,fixture-android-04,fixture-android-05,fixture-android-06,fixture-android-07,fixture-android-08,fixture-android-09,fixture-android-10,fixture-android-11,fixture-android-12,fixture-android-13,fixture-android-14,fixture-android-15,fixture-tika-00,fixture-tika-01,fixture-tika-02,fixture-tika-03,fixture-tika-04,fixture-tika-05,fixture-tika-06,fixture-tika-07,fixture-tika-08,fixture-tika-09,fixture-tika-10,fixture-tika-11,fixture-tika-12,fixture-tika-13,fixture-tika-14,fixture-tika-15,fixture-hive-00,fixture-hive-01,fixture-hive-02,fixture-hive-03,fixture-hive-04,fixture-hive-05,fixture-hive-06,fixture-hive-07,fixture-hive-08,fixture-hive-09,fixture-hive-10,fixture-hive-11,fixture-hive-12,fixture-hive-13,fixture-hive-14,fixture-hive-15,fixture-kotlin-compiler-00,fixture-kotlin-compiler-01,fixture-kotlin-compiler-02,fixture-kotlin-compiler-03,fixture-kotlin-compiler-04,fixture-kotlin-compiler-05,fixture-kotlin-compiler-06,fixture-kotlin-compiler-07,fixture-kotlin-compiler-08,fixture-kotlin-compiler-09,fixture-kotlin-compiler-10,fixture-kotlin-compiler-11,fixture-kotlin-compiler-12,fixture-kotlin-compiler-13,fixture-kotlin-compiler-14,fixture-kotlin-compiler-15	64	35bad66d358dca7faeb0cdf55b64b864a288b1b7a4100dbf64766839a0267284	success	11	6277	ca01ade166f4156fe11d166c7832fed45bfbdf107060915eb0c8f2df36ef35ed	332621		fixture-android-00,fixture-android-09	cypher-graph-id-predicate	64	64	fixture-android-00,fixture-android-01,fixture-android-02,fixture-android-03,fixture-android-04,fixture-android-05,fixture-android-06,fixture-android-07,fixture-android-08,fixture-android-09,fixture-android-10,fixture-android-11,fixture-android-12,fixture-android-13,fixture-android-14,fixture-android-15,fixture-hive-00,fixture-hive-01,fixture-hive-02,fixture-hive-03,fixture-hive-04,fixture-hive-05,fixture-hive-06,fixture-hive-07,fixture-hive-08,fixture-hive-09,fixture-hive-10,fixture-hive-11,fixture-hive-12,fixture-hive-13,fixture-hive-14,fixture-hive-15,fixture-kotlin-compiler-00,fixture-kotlin-compiler-01,fixture-kotlin-compiler-02,fixture-kotlin-compiler-03,fixture-kotlin-compiler-04,fixture-kotlin-compiler-05,fixture-kotlin-compiler-06,fixture-kotlin-compiler-07,fixture-kotlin-compiler-08,fixture-kotlin-compiler-09,fixture-kotlin-compiler-10,fixture-kotlin-compiler-11,fixture-kotlin-compiler-12,fixture-kotlin-compiler-13,fixture-kotlin-compiler-14,fixture-kotlin-compiler-15,fixture-tika-00,fixture-tika-01,fixture-tika-02,fixture-tika-03,fixture-tika-04,fixture-tika-05,fixture-tika-06,fixture-tika-07,fixture-tika-08,fixture-tika-09,fixture-tika-10,fixture-tika-11,fixture-tika-12,fixture-tika-13,fixture-tika-14,fixture-tika-15	64	0	0	64	0	73	1	0	0	1	0
request-selected-set-wrapped-contains-k64-group-00-targeted	graph-set-reference	request-selected-set-wrapped-contains	targeted	request-graph-set-selection-and-wrapped-contains	request-selected-source	properties	200	fixture-android-00	fixture-android-00,fixture-android-01,fixture-android-02,fixture-android-03,fixture-android-04,fixture-android-05,fixture-android-06,fixture-android-07,fixture-android-08,fixture-android-09,fixture-android-10,fixture-android-11,fixture-android-12,fixture-android-13,fixture-android-14,fixture-android-15,fixture-tika-00,fixture-tika-01,fixture-tika-02,fixture-tika-03,fixture-tika-04,fixture-tika-05,fixture-tika-06,fixture-tika-07,fixture-tika-08,fixture-tika-09,fixture-tika-10,fixture-tika-11,fixture-tika-12,fixture-tika-13,fixture-tika-14,fixture-tika-15,fixture-hive-00,fixture-hive-01,fixture-hive-02,fixture-hive-03,fixture-hive-04,fixture-hive-05,fixture-hive-06,fixture-hive-07,fixture-hive-08,fixture-hive-09,fixture-hive-10,fixture-hive-11,fixture-hive-12,fixture-hive-13,fixture-hive-14,fixture-hive-15,fixture-kotlin-compiler-00,fixture-kotlin-compiler-01,fixture-kotlin-compiler-02,fixture-kotlin-compiler-03,fixture-kotlin-compiler-04,fixture-kotlin-compiler-05,fixture-kotlin-compiler-06,fixture-kotlin-compiler-07,fixture-kotlin-compiler-08,fixture-kotlin-compiler-09,fixture-kotlin-compiler-10,fixture-kotlin-compiler-11,fixture-kotlin-compiler-12,fixture-kotlin-compiler-13,fixture-kotlin-compiler-14,fixture-kotlin-compiler-15	64	35bad66d358dca7faeb0cdf55b64b864a288b1b7a4100dbf64766839a0267284	success	11	6277	ca01ade166f4156fe11d166c7832fed45bfbdf107060915eb0c8f2df36ef35ed	574268		fixture-android-00,fixture-android-09	request-selected-source	64	64	fixture-android-00,fixture-android-01,fixture-android-02,fixture-android-03,fixture-android-04,fixture-android-05,fixture-android-06,fixture-android-07,fixture-android-08,fixture-android-09,fixture-android-10,fixture-android-11,fixture-android-12,fixture-android-13,fixture-android-14,fixture-android-15,fixture-hive-00,fixture-hive-01,fixture-hive-02,fixture-hive-03,fixture-hive-04,fixture-hive-05,fixture-hive-06,fixture-hive-07,fixture-hive-08,fixture-hive-09,fixture-hive-10,fixture-hive-11,fixture-hive-12,fixture-hive-13,fixture-hive-14,fixture-hive-15,fixture-kotlin-compiler-00,fixture-kotlin-compiler-01,fixture-kotlin-compiler-02,fixture-kotlin-compiler-03,fixture-kotlin-compiler-04,fixture-kotlin-compiler-05,fixture-kotlin-compiler-06,fixture-kotlin-compiler-07,fixture-kotlin-compiler-08,fixture-kotlin-compiler-09,fixture-kotlin-compiler-10,fixture-kotlin-compiler-11,fixture-kotlin-compiler-12,fixture-kotlin-compiler-13,fixture-kotlin-compiler-14,fixture-kotlin-compiler-15,fixture-tika-00,fixture-tika-01,fixture-tika-02,fixture-tika-03,fixture-tika-04,fixture-tika-05,fixture-tika-06,fixture-tika-07,fixture-tika-08,fixture-tika-09,fixture-tika-10,fixture-tika-11,fixture-tika-12,fixture-tika-13,fixture-tika-14,fixture-tika-15	64	0	0	64	0	73	0	0	0	1	0
graph-id-in-literal-wrapped-contains-k64-group-00-dense	graph-id-set	graph-id-in-literal-wrapped-contains	dense	graph-id-in-literal-and-wrapped-contains	graph-routing-set	properties	200	fixture-android-00	fixture-android-00,fixture-android-01,fixture-android-02,fixture-android-03,fixture-android-04,fixture-android-05,fixture-android-06,fixture-android-07,fixture-android-08,fixture-android-09,fixture-android-10,fixture-android-11,fixture-android-12,fixture-android-13,fixture-android-14,fixture-android-15,fixture-tika-00,fixture-tika-01,fixture-tika-02,fixture-tika-03,fixture-tika-04,fixture-tika-05,fixture-tika-06,fixture-tika-07,fixture-tika-08,fixture-tika-09,fixture-tika-10,fixture-tika-11,fixture-tika-12,fixture-tika-13,fixture-tika-14,fixture-tika-15,fixture-hive-00,fixture-hive-01,fixture-hive-02,fixture-hive-03,fixture-hive-04,fixture-hive-05,fixture-hive-06,fixture-hive-07,fixture-hive-08,fixture-hive-09,fixture-hive-10,fixture-hive-11,fixture-hive-12,fixture-hive-13,fixture-hive-14,fixture-hive-15,fixture-kotlin-compiler-00,fixture-kotlin-compiler-01,fixture-kotlin-compiler-02,fixture-kotlin-compiler-03,fixture-kotlin-compiler-04,fixture-kotlin-compiler-05,fixture-kotlin-compiler-06,fixture-kotlin-compiler-07,fixture-kotlin-compiler-08,fixture-kotlin-compiler-09,fixture-kotlin-compiler-10,fixture-kotlin-compiler-11,fixture-kotlin-compiler-12,fixture-kotlin-compiler-13,fixture-kotlin-compiler-14,fixture-kotlin-compiler-15	64	35bad66d358dca7faeb0cdf55b64b864a288b1b7a4100dbf64766839a0267284	success	200	84411	3bdee68309e62bee93f47848258ded90b1763d55841fa57d8b8fd21867653c44	326840		fixture-android-00	cypher-graph-id-predicate	64	1	fixture-android-00	1	0	0	1	0	200	1	0	0	1	0
graph-id-in-parameter-wrapped-contains-k64-group-00-dense	graph-id-set	graph-id-in-parameter-wrapped-contains	dense	graph-id-in-parameter-and-wrapped-contains	parameters	properties	200	fixture-android-00	fixture-android-00,fixture-android-01,fixture-android-02,fixture-android-03,fixture-android-04,fixture-android-05,fixture-android-06,fixture-android-07,fixture-android-08,fixture-android-09,fixture-android-10,fixture-android-11,fixture-android-12,fixture-android-13,fixture-android-14,fixture-android-15,fixture-tika-00,fixture-tika-01,fixture-tika-02,fixture-tika-03,fixture-tika-04,fixture-tika-05,fixture-tika-06,fixture-tika-07,fixture-tika-08,fixture-tika-09,fixture-tika-10,fixture-tika-11,fixture-tika-12,fixture-tika-13,fixture-tika-14,fixture-tika-15,fixture-hive-00,fixture-hive-01,fixture-hive-02,fixture-hive-03,fixture-hive-04,fixture-hive-05,fixture-hive-06,fixture-hive-07,fixture-hive-08,fixture-hive-09,fixture-hive-10,fixture-hive-11,fixture-hive-12,fixture-hive-13,fixture-hive-14,fixture-hive-15,fixture-kotlin-compiler-00,fixture-kotlin-compiler-01,fixture-kotlin-compiler-02,fixture-kotlin-compiler-03,fixture-kotlin-compiler-04,fixture-kotlin-compiler-05,fixture-kotlin-compiler-06,fixture-kotlin-compiler-07,fixture-kotlin-compiler-08,fixture-kotlin-compiler-09,fixture-kotlin-compiler-10,fixture-kotlin-compiler-11,fixture-kotlin-compiler-12,fixture-kotlin-compiler-13,fixture-kotlin-compiler-14,fixture-kotlin-compiler-15	64	35bad66d358dca7faeb0cdf55b64b864a288b1b7a4100dbf64766839a0267284	success	200	84411	3bdee68309e62bee93f47848258ded90b1763d55841fa57d8b8fd21867653c44	243695		fixture-android-00	cypher-graph-id-predicate	64	1	fixture-android-00	1	0	0	1	0	200	1	0	0	1	0
request-selected-set-wrapped-contains-k64-group-00-dense	graph-set-reference	request-selected-set-wrapped-contains	dense	request-graph-set-selection-and-wrapped-contains	request-selected-source	properties	200	fixture-android-00	fixture-android-00,fixture-android-01,fixture-android-02,fixture-android-03,fixture-android-04,fixture-android-05,fixture-android-06,fixture-android-07,fixture-android-08,fixture-android-09,fixture-android-10,fixture-android-11,fixture-android-12,fixture-android-13,fixture-android-14,fixture-android-15,fixture-tika-00,fixture-tika-01,fixture-tika-02,fixture-tika-03,fixture-tika-04,fixture-tika-05,fixture-tika-06,fixture-tika-07,fixture-tika-08,fixture-tika-09,fixture-tika-10,fixture-tika-11,fixture-tika-12,fixture-tika-13,fixture-tika-14,fixture-tika-15,fixture-hive-00,fixture-hive-01,fixture-hive-02,fixture-hive-03,fixture-hive-04,fixture-hive-05,fixture-hive-06,fixture-hive-07,fixture-hive-08,fixture-hive-09,fixture-hive-10,fixture-hive-11,fixture-hive-12,fixture-hive-13,fixture-hive-14,fixture-hive-15,fixture-kotlin-compiler-00,fixture-kotlin-compiler-01,fixture-kotlin-compiler-02,fixture-kotlin-compiler-03,fixture-kotlin-compiler-04,fixture-kotlin-compiler-05,fixture-kotlin-compiler-06,fixture-kotlin-compiler-07,fixture-kotlin-compiler-08,fixture-kotlin-compiler-09,fixture-kotlin-compiler-10,fixture-kotlin-compiler-11,fixture-kotlin-compiler-12,fixture-kotlin-compiler-13,fixture-kotlin-compiler-14,fixture-kotlin-compiler-15	64	35bad66d358dca7faeb0cdf55b64b864a288b1b7a4100dbf64766839a0267284	success	200	84411	3bdee68309e62bee93f47848258ded90b1763d55841fa57d8b8fd21867653c44	194173		fixture-android-00	request-selected-source	64	1	fixture-android-00	1	0	0	1	0	200	0	0	0	1	0
