loaded 1/64 fixture-android-00
loaded 2/64 fixture-android-01
loaded 3/64 fixture-android-02
loaded 4/64 fixture-android-03
loaded 5/64 fixture-android-04
loaded 6/64 fixture-android-05
loaded 7/64 fixture-android-06
loaded 8/64 fixture-android-07
loaded 9/64 fixture-android-08
loaded 10/64 fixture-android-09
loaded 11/64 fixture-android-10
loaded 12/64 fixture-android-11
loaded 13/64 fixture-android-12
loaded 14/64 fixture-android-13
loaded 15/64 fixture-android-14
loaded 16/64 fixture-android-15
loaded 17/64 fixture-tika-00
loaded 18/64 fixture-tika-01
loaded 19/64 fixture-tika-02
loaded 20/64 fixture-tika-03
loaded 21/64 fixture-tika-04
loaded 22/64 fixture-tika-05
loaded 23/64 fixture-tika-06
loaded 24/64 fixture-tika-07
loaded 25/64 fixture-tika-08
loaded 26/64 fixture-tika-09
loaded 27/64 fixture-tika-10
loaded 28/64 fixture-tika-11
loaded 29/64 fixture-tika-12
loaded 30/64 fixture-tika-13
loaded 31/64 fixture-tika-14
loaded 32/64 fixture-tika-15
loaded 33/64 fixture-hive-00
loaded 34/64 fixture-hive-01
loaded 35/64 fixture-hive-02
loaded 36/64 fixture-hive-03
loaded 37/64 fixture-hive-04
loaded 38/64 fixture-hive-05
loaded 39/64 fixture-hive-06
loaded 40/64 fixture-hive-07
loaded 41/64 fixture-hive-08
loaded 42/64 fixture-hive-09
loaded 43/64 fixture-hive-10
loaded 44/64 fixture-hive-11
loaded 45/64 fixture-hive-12
loaded 46/64 fixture-hive-13
loaded 47/64 fixture-hive-14
loaded 48/64 fixture-hive-15
loaded 49/64 fixture-kotlin-compiler-00
loaded 50/64 fixture-kotlin-compiler-01
loaded 51/64 fixture-kotlin-compiler-02
loaded 52/64 fixture-kotlin-compiler-03
loaded 53/64 fixture-kotlin-compiler-04
loaded 54/64 fixture-kotlin-compiler-05
loaded 55/64 fixture-kotlin-compiler-06
loaded 56/64 fixture-kotlin-compiler-07
loaded 57/64 fixture-kotlin-compiler-08
loaded 58/64 fixture-kotlin-compiler-09
loaded 59/64 fixture-kotlin-compiler-10
loaded 60/64 fixture-kotlin-compiler-11
loaded 61/64 fixture-kotlin-compiler-12
loaded 62/64 fixture-kotlin-compiler-13
loaded 63/64 fixture-kotlin-compiler-14
loaded 64/64 fixture-kotlin-compiler-15
warmup 1/1267 request-selected-set-wrapped-contains-k64-group-00-zero rows=0 error=<nil>
warmup 2/1267 single-contains-unlabeled-zero rows=0 error=<nil>
warmup 3/1267 single-contains-unlabeled-targeted rows=200 error=<nil>
warmup 4/1267 single-contains-unlabeled-dense rows=200 error=<nil>
warmup 5/1267 class-contains-or-unlabeled-zero rows=0 error=<nil>
warmup 6/1267 class-contains-or-unlabeled-targeted rows=200 error=<nil>
warmup 7/1267 class-contains-or-unlabeled-dense rows=200 error=<nil>
warmup 8/1267 name-contains-or-unlabeled-zero rows=0 error=<nil>
warmup 9/1267 name-contains-or-unlabeled-targeted rows=0 error=<nil>
warmup 10/1267 name-contains-or-unlabeled-dense rows=200 error=<nil>
warmup 11/1267 four-contains-or-unlabeled-zero rows=0 error=<nil>
warmup 12/1267 four-contains-or-unlabeled-targeted rows=200 error=<nil>
warmup 13/1267 four-contains-or-unlabeled-dense rows=200 error=<nil>
warmup 14/1267 four-contains-or-labeled-zero rows=0 error=<nil>
warmup 15/1267 four-contains-or-labeled-targeted rows=200 error=<nil>
warmup 16/1267 four-contains-or-labeled-dense rows=200 error=<nil>
warmup 17/1267 starts-or-raw-zero rows=0 error=<nil>
warmup 18/1267 starts-or-raw-targeted rows=100 error=<nil>
warmup 19/1267 starts-or-raw-dense rows=100 error=<nil>
warmup 20/1267 ends-or-raw-zero rows=0 error=<nil>
warmup 21/1267 ends-or-raw-targeted rows=0 error=<nil>
warmup 22/1267 ends-or-raw-dense rows=100 error=<nil>
warmup 23/1267 starts-or-wrapped-zero rows=0 error=<nil>
warmup 24/1267 starts-or-wrapped-targeted rows=100 error=<nil>
warmup 25/1267 starts-or-wrapped-dense rows=0 error=<nil>
warmup 26/1267 ends-or-wrapped-zero rows=0 error=<nil>
warmup 27/1267 ends-or-wrapped-targeted rows=0 error=<nil>
warmup 28/1267 ends-or-wrapped-dense rows=100 error=<nil>
warmup 29/1267 contains-or-wrapped-zero rows=0 error=<nil>
warmup 30/1267 contains-or-wrapped-targeted rows=200 error=<nil>
warmup 31/1267 contains-or-wrapped-dense rows=200 error=<nil>
warmup 32/1267 graph-id-property-wrapped-contains-target-00-zero rows=0 error=<nil>
warmup 33/1267 graph-id-property-wrapped-contains-target-00-targeted rows=10 error=<nil>
warmup 34/1267 graph-id-property-wrapped-contains-target-00-dense rows=200 error=<nil>
warmup 35/1267 graph-id-property-wrapped-contains-target-01-zero rows=0 error=<nil>
warmup 36/1267 graph-id-property-wrapped-contains-target-01-targeted rows=1 error=<nil>
warmup 37/1267 graph-id-property-wrapped-contains-target-01-dense rows=200 error=<nil>
warmup 38/1267 graph-id-property-wrapped-contains-target-02-zero rows=0 error=<nil>
warmup 39/1267 graph-id-property-wrapped-contains-target-02-targeted rows=9 error=<nil>
warmup 40/1267 graph-id-property-wrapped-contains-target-02-dense rows=200 error=<nil>
warmup 41/1267 graph-id-property-wrapped-contains-target-03-zero rows=0 error=<nil>
warmup 42/1267 graph-id-property-wrapped-contains-target-03-targeted rows=2 error=<nil>
warmup 43/1267 graph-id-property-wrapped-contains-target-03-dense rows=200 error=<nil>
warmup 44/1267 graph-id-property-wrapped-contains-target-04-zero rows=0 error=<nil>
warmup 45/1267 graph-id-property-wrapped-contains-target-04-targeted rows=9 error=<nil>
warmup 46/1267 graph-id-property-wrapped-contains-target-04-dense rows=200 error=<nil>
warmup 47/1267 graph-id-property-wrapped-contains-target-05-zero rows=0 error=<nil>
warmup 48/1267 graph-id-property-wrapped-contains-target-05-targeted rows=9 error=<nil>
warmup 49/1267 graph-id-property-wrapped-contains-target-05-dense rows=200 error=<nil>
warmup 50/1267 graph-id-property-wrapped-contains-target-06-zero rows=0 error=<nil>
warmup 51/1267 graph-id-property-wrapped-contains-target-06-targeted rows=1 error=<nil>
warmup 52/1267 graph-id-property-wrapped-contains-target-06-dense rows=200 error=<nil>
warmup 53/1267 graph-id-property-wrapped-contains-target-07-zero rows=0 error=<nil>
warmup 54/1267 graph-id-property-wrapped-contains-target-07-targeted rows=1 error=<nil>
warmup 55/1267 graph-id-property-wrapped-contains-target-07-dense rows=200 error=<nil>
warmup 56/1267 graph-id-property-wrapped-contains-target-08-zero rows=0 error=<nil>
warmup 57/1267 graph-id-property-wrapped-contains-target-08-targeted rows=2 error=<nil>
warmup 58/1267 graph-id-property-wrapped-contains-target-08-dense rows=200 error=<nil>
warmup 59/1267 graph-id-property-wrapped-contains-target-09-zero rows=0 error=<nil>
warmup 60/1267 graph-id-property-wrapped-contains-target-09-targeted rows=1 error=<nil>
warmup 61/1267 graph-id-property-wrapped-contains-target-09-dense rows=200 error=<nil>
warmup 62/1267 graph-id-property-wrapped-contains-target-10-zero rows=0 error=<nil>
warmup 63/1267 graph-id-property-wrapped-contains-target-10-targeted rows=1 error=<nil>
warmup 64/1267 graph-id-property-wrapped-contains-target-10-dense rows=200 error=<nil>
warmup 65/1267 graph-id-property-wrapped-contains-target-11-zero rows=0 error=<nil>
warmup 66/1267 graph-id-property-wrapped-contains-target-11-targeted rows=1 error=<nil>
warmup 67/1267 graph-id-property-wrapped-contains-target-11-dense rows=200 error=<nil>
warmup 68/1267 graph-id-property-wrapped-contains-target-12-zero rows=0 error=<nil>
warmup 69/1267 graph-id-property-wrapped-contains-target-12-targeted rows=2 error=<nil>
warmup 70/1267 graph-id-property-wrapped-contains-target-12-dense rows=200 error=<nil>
warmup 71/1267 graph-id-property-wrapped-contains-target-13-zero rows=0 error=<nil>
warmup 72/1267 graph-id-property-wrapped-contains-target-13-targeted rows=5 error=<nil>
warmup 73/1267 graph-id-property-wrapped-contains-target-13-dense rows=200 error=<nil>
warmup 74/1267 graph-id-property-wrapped-contains-target-14-zero rows=0 error=<nil>
warmup 75/1267 graph-id-property-wrapped-contains-target-14-targeted rows=3 error=<nil>
warmup 76/1267 graph-id-property-wrapped-contains-target-14-dense rows=200 error=<nil>
warmup 77/1267 graph-id-property-wrapped-contains-target-15-zero rows=0 error=<nil>
warmup 78/1267 graph-id-property-wrapped-contains-target-15-targeted rows=1 error=<nil>
warmup 79/1267 graph-id-property-wrapped-contains-target-15-dense rows=200 error=<nil>
warmup 80/1267 graph-id-property-wrapped-contains-target-16-zero rows=0 error=<nil>
warmup 81/1267 graph-id-property-wrapped-contains-target-16-targeted rows=1 error=<nil>
warmup 82/1267 graph-id-property-wrapped-contains-target-16-dense rows=200 error=<nil>
warmup 83/1267 graph-id-property-wrapped-contains-target-17-zero rows=0 error=<nil>
warmup 84/1267 graph-id-property-wrapped-contains-target-17-targeted rows=5 error=<nil>
warmup 85/1267 graph-id-property-wrapped-contains-target-17-dense rows=200 error=<nil>
warmup 86/1267 graph-id-property-wrapped-contains-target-18-zero rows=0 error=<nil>
warmup 87/1267 graph-id-property-wrapped-contains-target-18-targeted rows=12 error=<nil>
warmup 88/1267 graph-id-property-wrapped-contains-target-18-dense rows=200 error=<nil>
warmup 89/1267 graph-id-property-wrapped-contains-target-19-zero rows=0 error=<nil>
warmup 90/1267 graph-id-property-wrapped-contains-target-19-targeted rows=11 error=<nil>
warmup 91/1267 graph-id-property-wrapped-contains-target-19-dense rows=200 error=<nil>
warmup 92/1267 graph-id-property-wrapped-contains-target-20-zero rows=0 error=<nil>
warmup 93/1267 graph-id-property-wrapped-contains-target-20-targeted rows=1 error=<nil>
warmup 94/1267 graph-id-property-wrapped-contains-target-20-dense rows=200 error=<nil>
warmup 95/1267 graph-id-property-wrapped-contains-target-21-zero rows=0 error=<nil>
warmup 96/1267 graph-id-property-wrapped-contains-target-21-targeted rows=1 error=<nil>
warmup 97/1267 graph-id-property-wrapped-contains-target-21-dense rows=200 error=<nil>
warmup 98/1267 graph-id-property-wrapped-contains-target-22-zero rows=0 error=<nil>
warmup 99/1267 graph-id-property-wrapped-contains-target-22-targeted rows=11 error=<nil>
warmup 100/1267 graph-id-property-wrapped-contains-target-22-dense rows=200 error=<nil>
warmup 101/1267 graph-id-property-wrapped-contains-target-23-zero rows=0 error=<nil>
warmup 102/1267 graph-id-property-wrapped-contains-target-23-targeted rows=11 error=<nil>
warmup 103/1267 graph-id-property-wrapped-contains-target-23-dense rows=200 error=<nil>
warmup 104/1267 graph-id-property-wrapped-contains-target-24-zero rows=0 error=<nil>
warmup 105/1267 graph-id-property-wrapped-contains-target-24-targeted rows=1 error=<nil>
warmup 106/1267 graph-id-property-wrapped-contains-target-24-dense rows=200 error=<nil>
warmup 107/1267 graph-id-property-wrapped-contains-target-25-zero rows=0 error=<nil>
warmup 108/1267 graph-id-property-wrapped-contains-target-25-targeted rows=17 error=<nil>
warmup 109/1267 graph-id-property-wrapped-contains-target-25-dense rows=200 error=<nil>
warmup 110/1267 graph-id-property-wrapped-contains-target-26-zero rows=0 error=<nil>
warmup 111/1267 graph-id-property-wrapped-contains-target-26-targeted rows=1 error=<nil>
warmup 112/1267 graph-id-property-wrapped-contains-target-26-dense rows=200 error=<nil>
warmup 113/1267 graph-id-property-wrapped-contains-target-27-zero rows=0 error=<nil>
warmup 114/1267 graph-id-property-wrapped-contains-target-27-targeted rows=14 error=<nil>
warmup 115/1267 graph-id-property-wrapped-contains-target-27-dense rows=200 error=<nil>
warmup 116/1267 graph-id-property-wrapped-contains-target-28-zero rows=0 error=<nil>
warmup 117/1267 graph-id-property-wrapped-contains-target-28-targeted rows=12 error=<nil>
warmup 118/1267 graph-id-property-wrapped-contains-target-28-dense rows=200 error=<nil>
warmup 119/1267 graph-id-property-wrapped-contains-target-29-zero rows=0 error=<nil>
warmup 120/1267 graph-id-property-wrapped-contains-target-29-targeted rows=1 error=<nil>
warmup 121/1267 graph-id-property-wrapped-contains-target-29-dense rows=200 error=<nil>
warmup 122/1267 graph-id-property-wrapped-contains-target-30-zero rows=0 error=<nil>
warmup 123/1267 graph-id-property-wrapped-contains-target-30-targeted rows=10 error=<nil>
warmup 124/1267 graph-id-property-wrapped-contains-target-30-dense rows=200 error=<nil>
warmup 125/1267 graph-id-property-wrapped-contains-target-31-zero rows=0 error=<nil>
warmup 126/1267 graph-id-property-wrapped-contains-target-31-targeted rows=1 error=<nil>
warmup 127/1267 graph-id-property-wrapped-contains-target-31-dense rows=200 error=<nil>
warmup 128/1267 graph-id-property-wrapped-contains-target-32-zero rows=0 error=<nil>
warmup 129/1267 graph-id-property-wrapped-contains-target-32-targeted rows=4 error=<nil>
warmup 130/1267 graph-id-property-wrapped-contains-target-32-dense rows=200 error=<nil>
warmup 131/1267 graph-id-property-wrapped-contains-target-33-zero rows=0 error=<nil>
warmup 132/1267 graph-id-property-wrapped-contains-target-33-targeted rows=4 error=<nil>
warmup 133/1267 graph-id-property-wrapped-contains-target-33-dense rows=200 error=<nil>
warmup 134/1267 graph-id-property-wrapped-contains-target-34-zero rows=0 error=<nil>
warmup 135/1267 graph-id-property-wrapped-contains-target-34-targeted rows=4 error=<nil>
warmup 136/1267 graph-id-property-wrapped-contains-target-34-dense rows=200 error=<nil>
warmup 137/1267 graph-id-property-wrapped-contains-target-35-zero rows=0 error=<nil>
warmup 138/1267 graph-id-property-wrapped-contains-target-35-targeted rows=1 error=<nil>
warmup 139/1267 graph-id-property-wrapped-contains-target-35-dense rows=200 error=<nil>
warmup 140/1267 graph-id-property-wrapped-contains-target-36-zero rows=0 error=<nil>
warmup 141/1267 graph-id-property-wrapped-contains-target-36-targeted rows=1 error=<nil>
warmup 142/1267 graph-id-property-wrapped-contains-target-36-dense rows=200 error=<nil>
warmup 143/1267 graph-id-property-wrapped-contains-target-37-zero rows=0 error=<nil>
warmup 144/1267 graph-id-property-wrapped-contains-target-37-targeted rows=51 error=<nil>
warmup 145/1267 graph-id-property-wrapped-contains-target-37-dense rows=200 error=<nil>
warmup 146/1267 graph-id-property-wrapped-contains-target-38-zero rows=0 error=<nil>
warmup 147/1267 graph-id-property-wrapped-contains-target-38-targeted rows=1 error=<nil>
warmup 148/1267 graph-id-property-wrapped-contains-target-38-dense rows=200 error=<nil>
warmup 149/1267 graph-id-property-wrapped-contains-target-39-zero rows=0 error=<nil>
warmup 150/1267 graph-id-property-wrapped-contains-target-39-targeted rows=4 error=<nil>
warmup 151/1267 graph-id-property-wrapped-contains-target-39-dense rows=200 error=<nil>
warmup 152/1267 graph-id-property-wrapped-contains-target-40-zero rows=0 error=<nil>
warmup 153/1267 graph-id-property-wrapped-contains-target-40-targeted rows=4 error=<nil>
warmup 154/1267 graph-id-property-wrapped-contains-target-40-dense rows=200 error=<nil>
warmup 155/1267 graph-id-property-wrapped-contains-target-41-zero rows=0 error=<nil>
warmup 156/1267 graph-id-property-wrapped-contains-target-41-targeted rows=4 error=<nil>
warmup 157/1267 graph-id-property-wrapped-contains-target-41-dense rows=200 error=<nil>
warmup 158/1267 graph-id-property-wrapped-contains-target-42-zero rows=0 error=<nil>
warmup 159/1267 graph-id-property-wrapped-contains-target-42-targeted rows=63 error=<nil>
warmup 160/1267 graph-id-property-wrapped-contains-target-42-dense rows=200 error=<nil>
warmup 161/1267 graph-id-property-wrapped-contains-target-43-zero rows=0 error=<nil>
warmup 162/1267 graph-id-property-wrapped-contains-target-43-targeted rows=4 error=<nil>
warmup 163/1267 graph-id-property-wrapped-contains-target-43-dense rows=200 error=<nil>
warmup 164/1267 graph-id-property-wrapped-contains-target-44-zero rows=0 error=<nil>
warmup 165/1267 graph-id-property-wrapped-contains-target-44-targeted rows=4 error=<nil>
warmup 166/1267 graph-id-property-wrapped-contains-target-44-dense rows=200 error=<nil>
warmup 167/1267 graph-id-property-wrapped-contains-target-45-zero rows=0 error=<nil>
warmup 168/1267 graph-id-property-wrapped-contains-target-45-targeted rows=1 error=<nil>
warmup 169/1267 graph-id-property-wrapped-contains-target-45-dense rows=200 error=<nil>
warmup 170/1267 graph-id-property-wrapped-contains-target-46-zero rows=0 error=<nil>
warmup 171/1267 graph-id-property-wrapped-contains-target-46-targeted rows=45 error=<nil>
warmup 172/1267 graph-id-property-wrapped-contains-target-46-dense rows=200 error=<nil>
warmup 173/1267 graph-id-property-wrapped-contains-target-47-zero rows=0 error=<nil>
warmup 174/1267 graph-id-property-wrapped-contains-target-47-targeted rows=66 error=<nil>
warmup 175/1267 graph-id-property-wrapped-contains-target-47-dense rows=200 error=<nil>
warmup 176/1267 graph-id-property-wrapped-contains-target-48-zero rows=0 error=<nil>
warmup 177/1267 graph-id-property-wrapped-contains-target-48-targeted rows=10 error=<nil>
warmup 178/1267 graph-id-property-wrapped-contains-target-48-dense rows=200 error=<nil>
warmup 179/1267 graph-id-property-wrapped-contains-target-49-zero rows=0 error=<nil>
warmup 180/1267 graph-id-property-wrapped-contains-target-49-targeted rows=4 error=<nil>
warmup 181/1267 graph-id-property-wrapped-contains-target-49-dense rows=200 error=<nil>
warmup 182/1267 graph-id-property-wrapped-contains-target-50-zero rows=0 error=<nil>
warmup 183/1267 graph-id-property-wrapped-contains-target-50-targeted rows=1 error=<nil>
warmup 184/1267 graph-id-property-wrapped-contains-target-50-dense rows=200 error=<nil>
warmup 185/1267 graph-id-property-wrapped-contains-target-51-zero rows=0 error=<nil>
warmup 186/1267 graph-id-property-wrapped-contains-target-51-targeted rows=1 error=<nil>
warmup 187/1267 graph-id-property-wrapped-contains-target-51-dense rows=200 error=<nil>
warmup 188/1267 graph-id-property-wrapped-contains-target-52-zero rows=0 error=<nil>
warmup 189/1267 graph-id-property-wrapped-contains-target-52-targeted rows=1 error=<nil>
warmup 190/1267 graph-id-property-wrapped-contains-target-52-dense rows=200 error=<nil>
warmup 191/1267 graph-id-property-wrapped-contains-target-53-zero rows=0 error=<nil>
warmup 192/1267 graph-id-property-wrapped-contains-target-53-targeted rows=6 error=<nil>
warmup 193/1267 graph-id-property-wrapped-contains-target-53-dense rows=200 error=<nil>
warmup 194/1267 graph-id-property-wrapped-contains-target-54-zero rows=0 error=<nil>
warmup 195/1267 graph-id-property-wrapped-contains-target-54-targeted rows=3 error=<nil>
warmup 196/1267 graph-id-property-wrapped-contains-target-54-dense rows=200 error=<nil>
warmup 197/1267 graph-id-property-wrapped-contains-target-55-zero rows=0 error=<nil>
warmup 198/1267 graph-id-property-wrapped-contains-target-55-targeted rows=10 error=<nil>
warmup 199/1267 graph-id-property-wrapped-contains-target-55-dense rows=200 error=<nil>
warmup 200/1267 graph-id-property-wrapped-contains-target-56-zero rows=0 error=<nil>
warmup 201/1267 graph-id-property-wrapped-contains-target-56-targeted rows=1 error=<nil>
warmup 202/1267 graph-id-property-wrapped-contains-target-56-dense rows=200 error=<nil>
warmup 203/1267 graph-id-property-wrapped-contains-target-57-zero rows=0 error=<nil>
warmup 204/1267 graph-id-property-wrapped-contains-target-57-targeted rows=1 error=<nil>
warmup 205/1267 graph-id-property-wrapped-contains-target-57-dense rows=200 error=<nil>
warmup 206/1267 graph-id-property-wrapped-contains-target-58-zero rows=0 error=<nil>
warmup 207/1267 graph-id-property-wrapped-contains-target-58-targeted rows=12 error=<nil>
warmup 208/1267 graph-id-property-wrapped-contains-target-58-dense rows=200 error=<nil>
warmup 209/1267 graph-id-property-wrapped-contains-target-59-zero rows=0 error=<nil>
warmup 210/1267 graph-id-property-wrapped-contains-target-59-targeted rows=11 error=<nil>
warmup 211/1267 graph-id-property-wrapped-contains-target-59-dense rows=200 error=<nil>
warmup 212/1267 graph-id-property-wrapped-contains-target-60-zero rows=0 error=<nil>
warmup 213/1267 graph-id-property-wrapped-contains-target-60-targeted rows=13 error=<nil>
warmup 214/1267 graph-id-property-wrapped-contains-target-60-dense rows=200 error=<nil>
warmup 215/1267 graph-id-property-wrapped-contains-target-61-zero rows=0 error=<nil>
warmup 216/1267 graph-id-property-wrapped-contains-target-61-targeted rows=8 error=<nil>
warmup 217/1267 graph-id-property-wrapped-contains-target-61-dense rows=200 error=<nil>
warmup 218/1267 graph-id-property-wrapped-contains-target-62-zero rows=0 error=<nil>
warmup 219/1267 graph-id-property-wrapped-contains-target-62-targeted rows=1 error=<nil>
warmup 220/1267 graph-id-property-wrapped-contains-target-62-dense rows=200 error=<nil>
warmup 221/1267 graph-id-property-wrapped-contains-target-63-zero rows=0 error=<nil>
warmup 222/1267 graph-id-property-wrapped-contains-target-63-targeted rows=1 error=<nil>
warmup 223/1267 graph-id-property-wrapped-contains-target-63-dense rows=200 error=<nil>
warmup 224/1267 graph-id-function-wrapped-contains-target-00-zero rows=0 error=<nil>
warmup 225/1267 graph-id-function-wrapped-contains-target-00-targeted rows=10 error=<nil>
warmup 226/1267 graph-id-function-wrapped-contains-target-00-dense rows=200 error=<nil>
warmup 227/1267 graph-id-function-wrapped-contains-target-01-zero rows=0 error=<nil>
warmup 228/1267 graph-id-function-wrapped-contains-target-01-targeted rows=1 error=<nil>
warmup 229/1267 graph-id-function-wrapped-contains-target-01-dense rows=200 error=<nil>
warmup 230/1267 graph-id-function-wrapped-contains-target-02-zero rows=0 error=<nil>
warmup 231/1267 graph-id-function-wrapped-contains-target-02-targeted rows=9 error=<nil>
warmup 232/1267 graph-id-function-wrapped-contains-target-02-dense rows=200 error=<nil>
warmup 233/1267 graph-id-function-wrapped-contains-target-03-zero rows=0 error=<nil>
warmup 234/1267 graph-id-function-wrapped-contains-target-03-targeted rows=2 error=<nil>
warmup 235/1267 graph-id-function-wrapped-contains-target-03-dense rows=200 error=<nil>
warmup 236/1267 graph-id-function-wrapped-contains-target-04-zero rows=0 error=<nil>
warmup 237/1267 graph-id-function-wrapped-contains-target-04-targeted rows=9 error=<nil>
warmup 238/1267 graph-id-function-wrapped-contains-target-04-dense rows=200 error=<nil>
warmup 239/1267 graph-id-function-wrapped-contains-target-05-zero rows=0 error=<nil>
warmup 240/1267 graph-id-function-wrapped-contains-target-05-targeted rows=9 error=<nil>
warmup 241/1267 graph-id-function-wrapped-contains-target-05-dense rows=200 error=<nil>
warmup 242/1267 graph-id-function-wrapped-contains-target-06-zero rows=0 error=<nil>
warmup 243/1267 graph-id-function-wrapped-contains-target-06-targeted rows=1 error=<nil>
warmup 244/1267 graph-id-function-wrapped-contains-target-06-dense rows=200 error=<nil>
warmup 245/1267 graph-id-function-wrapped-contains-target-07-zero rows=0 error=<nil>
warmup 246/1267 graph-id-function-wrapped-contains-target-07-targeted rows=1 error=<nil>
warmup 247/1267 graph-id-function-wrapped-contains-target-07-dense rows=200 error=<nil>
warmup 248/1267 graph-id-function-wrapped-contains-target-08-zero rows=0 error=<nil>
warmup 249/1267 graph-id-function-wrapped-contains-target-08-targeted rows=2 error=<nil>
warmup 250/1267 graph-id-function-wrapped-contains-target-08-dense rows=200 error=<nil>
warmup 251/1267 graph-id-function-wrapped-contains-target-09-zero rows=0 error=<nil>
warmup 252/1267 graph-id-function-wrapped-contains-target-09-targeted rows=1 error=<nil>
warmup 253/1267 graph-id-function-wrapped-contains-target-09-dense rows=200 error=<nil>
warmup 254/1267 graph-id-function-wrapped-contains-target-10-zero rows=0 error=<nil>
warmup 255/1267 graph-id-function-wrapped-contains-target-10-targeted rows=1 error=<nil>
warmup 256/1267 graph-id-function-wrapped-contains-target-10-dense rows=200 error=<nil>
warmup 257/1267 graph-id-function-wrapped-contains-target-11-zero rows=0 error=<nil>
warmup 258/1267 graph-id-function-wrapped-contains-target-11-targeted rows=1 error=<nil>
warmup 259/1267 graph-id-function-wrapped-contains-target-11-dense rows=200 error=<nil>
warmup 260/1267 graph-id-function-wrapped-contains-target-12-zero rows=0 error=<nil>
warmup 261/1267 graph-id-function-wrapped-contains-target-12-targeted rows=2 error=<nil>
warmup 262/1267 graph-id-function-wrapped-contains-target-12-dense rows=200 error=<nil>
warmup 263/1267 graph-id-function-wrapped-contains-target-13-zero rows=0 error=<nil>
warmup 264/1267 graph-id-function-wrapped-contains-target-13-targeted rows=5 error=<nil>
warmup 265/1267 graph-id-function-wrapped-contains-target-13-dense rows=200 error=<nil>
warmup 266/1267 graph-id-function-wrapped-contains-target-14-zero rows=0 error=<nil>
warmup 267/1267 graph-id-function-wrapped-contains-target-14-targeted rows=3 error=<nil>
warmup 268/1267 graph-id-function-wrapped-contains-target-14-dense rows=200 error=<nil>
warmup 269/1267 graph-id-function-wrapped-contains-target-15-zero rows=0 error=<nil>
warmup 270/1267 graph-id-function-wrapped-contains-target-15-targeted rows=1 error=<nil>
warmup 271/1267 graph-id-function-wrapped-contains-target-15-dense rows=200 error=<nil>
warmup 272/1267 graph-id-function-wrapped-contains-target-16-zero rows=0 error=<nil>
warmup 273/1267 graph-id-function-wrapped-contains-target-16-targeted rows=1 error=<nil>
warmup 274/1267 graph-id-function-wrapped-contains-target-16-dense rows=200 error=<nil>
warmup 275/1267 graph-id-function-wrapped-contains-target-17-zero rows=0 error=<nil>
warmup 276/1267 graph-id-function-wrapped-contains-target-17-targeted rows=5 error=<nil>
warmup 277/1267 graph-id-function-wrapped-contains-target-17-dense rows=200 error=<nil>
warmup 278/1267 graph-id-function-wrapped-contains-target-18-zero rows=0 error=<nil>
warmup 279/1267 graph-id-function-wrapped-contains-target-18-targeted rows=12 error=<nil>
warmup 280/1267 graph-id-function-wrapped-contains-target-18-dense rows=200 error=<nil>
warmup 281/1267 graph-id-function-wrapped-contains-target-19-zero rows=0 error=<nil>
warmup 282/1267 graph-id-function-wrapped-contains-target-19-targeted rows=11 error=<nil>
warmup 283/1267 graph-id-function-wrapped-contains-target-19-dense rows=200 error=<nil>
warmup 284/1267 graph-id-function-wrapped-contains-target-20-zero rows=0 error=<nil>
warmup 285/1267 graph-id-function-wrapped-contains-target-20-targeted rows=1 error=<nil>
warmup 286/1267 graph-id-function-wrapped-contains-target-20-dense rows=200 error=<nil>
warmup 287/1267 graph-id-function-wrapped-contains-target-21-zero rows=0 error=<nil>
warmup 288/1267 graph-id-function-wrapped-contains-target-21-targeted rows=1 error=<nil>
warmup 289/1267 graph-id-function-wrapped-contains-target-21-dense rows=200 error=<nil>
warmup 290/1267 graph-id-function-wrapped-contains-target-22-zero rows=0 error=<nil>
warmup 291/1267 graph-id-function-wrapped-contains-target-22-targeted rows=11 error=<nil>
warmup 292/1267 graph-id-function-wrapped-contains-target-22-dense rows=200 error=<nil>
warmup 293/1267 graph-id-function-wrapped-contains-target-23-zero rows=0 error=<nil>
warmup 294/1267 graph-id-function-wrapped-contains-target-23-targeted rows=11 error=<nil>
warmup 295/1267 graph-id-function-wrapped-contains-target-23-dense rows=200 error=<nil>
warmup 296/1267 graph-id-function-wrapped-contains-target-24-zero rows=0 error=<nil>
warmup 297/1267 graph-id-function-wrapped-contains-target-24-targeted rows=1 error=<nil>
warmup 298/1267 graph-id-function-wrapped-contains-target-24-dense rows=200 error=<nil>
warmup 299/1267 graph-id-function-wrapped-contains-target-25-zero rows=0 error=<nil>
warmup 300/1267 graph-id-function-wrapped-contains-target-25-targeted rows=17 error=<nil>
warmup 301/1267 graph-id-function-wrapped-contains-target-25-dense rows=200 error=<nil>
warmup 302/1267 graph-id-function-wrapped-contains-target-26-zero rows=0 error=<nil>
warmup 303/1267 graph-id-function-wrapped-contains-target-26-targeted rows=1 error=<nil>
warmup 304/1267 graph-id-function-wrapped-contains-target-26-dense rows=200 error=<nil>
warmup 305/1267 graph-id-function-wrapped-contains-target-27-zero rows=0 error=<nil>
warmup 306/1267 graph-id-function-wrapped-contains-target-27-targeted rows=14 error=<nil>
warmup 307/1267 graph-id-function-wrapped-contains-target-27-dense rows=200 error=<nil>
warmup 308/1267 graph-id-function-wrapped-contains-target-28-zero rows=0 error=<nil>
warmup 309/1267 graph-id-function-wrapped-contains-target-28-targeted rows=12 error=<nil>
warmup 310/1267 graph-id-function-wrapped-contains-target-28-dense rows=200 error=<nil>
warmup 311/1267 graph-id-function-wrapped-contains-target-29-zero rows=0 error=<nil>
warmup 312/1267 graph-id-function-wrapped-contains-target-29-targeted rows=1 error=<nil>
warmup 313/1267 graph-id-function-wrapped-contains-target-29-dense rows=200 error=<nil>
warmup 314/1267 graph-id-function-wrapped-contains-target-30-zero rows=0 error=<nil>
warmup 315/1267 graph-id-function-wrapped-contains-target-30-targeted rows=10 error=<nil>
warmup 316/1267 graph-id-function-wrapped-contains-target-30-dense rows=200 error=<nil>
warmup 317/1267 graph-id-function-wrapped-contains-target-31-zero rows=0 error=<nil>
warmup 318/1267 graph-id-function-wrapped-contains-target-31-targeted rows=1 error=<nil>
warmup 319/1267 graph-id-function-wrapped-contains-target-31-dense rows=200 error=<nil>
warmup 320/1267 graph-id-function-wrapped-contains-target-32-zero rows=0 error=<nil>
warmup 321/1267 graph-id-function-wrapped-contains-target-32-targeted rows=4 error=<nil>
warmup 322/1267 graph-id-function-wrapped-contains-target-32-dense rows=200 error=<nil>
warmup 323/1267 graph-id-function-wrapped-contains-target-33-zero rows=0 error=<nil>
warmup 324/1267 graph-id-function-wrapped-contains-target-33-targeted rows=4 error=<nil>
warmup 325/1267 graph-id-function-wrapped-contains-target-33-dense rows=200 error=<nil>
warmup 326/1267 graph-id-function-wrapped-contains-target-34-zero rows=0 error=<nil>
warmup 327/1267 graph-id-function-wrapped-contains-target-34-targeted rows=4 error=<nil>
warmup 328/1267 graph-id-function-wrapped-contains-target-34-dense rows=200 error=<nil>
warmup 329/1267 graph-id-function-wrapped-contains-target-35-zero rows=0 error=<nil>
warmup 330/1267 graph-id-function-wrapped-contains-target-35-targeted rows=1 error=<nil>
warmup 331/1267 graph-id-function-wrapped-contains-target-35-dense rows=200 error=<nil>
warmup 332/1267 graph-id-function-wrapped-contains-target-36-zero rows=0 error=<nil>
warmup 333/1267 graph-id-function-wrapped-contains-target-36-targeted rows=1 error=<nil>
warmup 334/1267 graph-id-function-wrapped-contains-target-36-dense rows=200 error=<nil>
warmup 335/1267 graph-id-function-wrapped-contains-target-37-zero rows=0 error=<nil>
warmup 336/1267 graph-id-function-wrapped-contains-target-37-targeted rows=51 error=<nil>
warmup 337/1267 graph-id-function-wrapped-contains-target-37-dense rows=200 error=<nil>
warmup 338/1267 graph-id-function-wrapped-contains-target-38-zero rows=0 error=<nil>
warmup 339/1267 graph-id-function-wrapped-contains-target-38-targeted rows=1 error=<nil>
warmup 340/1267 graph-id-function-wrapped-contains-target-38-dense rows=200 error=<nil>
warmup 341/1267 graph-id-function-wrapped-contains-target-39-zero rows=0 error=<nil>
warmup 342/1267 graph-id-function-wrapped-contains-target-39-targeted rows=4 error=<nil>
warmup 343/1267 graph-id-function-wrapped-contains-target-39-dense rows=200 error=<nil>
warmup 344/1267 graph-id-function-wrapped-contains-target-40-zero rows=0 error=<nil>
warmup 345/1267 graph-id-function-wrapped-contains-target-40-targeted rows=4 error=<nil>
warmup 346/1267 graph-id-function-wrapped-contains-target-40-dense rows=200 error=<nil>
warmup 347/1267 graph-id-function-wrapped-contains-target-41-zero rows=0 error=<nil>
warmup 348/1267 graph-id-function-wrapped-contains-target-41-targeted rows=4 error=<nil>
warmup 349/1267 graph-id-function-wrapped-contains-target-41-dense rows=200 error=<nil>
warmup 350/1267 graph-id-function-wrapped-contains-target-42-zero rows=0 error=<nil>
warmup 351/1267 graph-id-function-wrapped-contains-target-42-targeted rows=63 error=<nil>
warmup 352/1267 graph-id-function-wrapped-contains-target-42-dense rows=200 error=<nil>
warmup 353/1267 graph-id-function-wrapped-contains-target-43-zero rows=0 error=<nil>
warmup 354/1267 graph-id-function-wrapped-contains-target-43-targeted rows=4 error=<nil>
warmup 355/1267 graph-id-function-wrapped-contains-target-43-dense rows=200 error=<nil>
warmup 356/1267 graph-id-function-wrapped-contains-target-44-zero rows=0 error=<nil>
warmup 357/1267 graph-id-function-wrapped-contains-target-44-targeted rows=4 error=<nil>
warmup 358/1267 graph-id-function-wrapped-contains-target-44-dense rows=200 error=<nil>
warmup 359/1267 graph-id-function-wrapped-contains-target-45-zero rows=0 error=<nil>
warmup 360/1267 graph-id-function-wrapped-contains-target-45-targeted rows=1 error=<nil>
warmup 361/1267 graph-id-function-wrapped-contains-target-45-dense rows=200 error=<nil>
warmup 362/1267 graph-id-function-wrapped-contains-target-46-zero rows=0 error=<nil>
warmup 363/1267 graph-id-function-wrapped-contains-target-46-targeted rows=45 error=<nil>
warmup 364/1267 graph-id-function-wrapped-contains-target-46-dense rows=200 error=<nil>
warmup 365/1267 graph-id-function-wrapped-contains-target-47-zero rows=0 error=<nil>
warmup 366/1267 graph-id-function-wrapped-contains-target-47-targeted rows=66 error=<nil>
warmup 367/1267 graph-id-function-wrapped-contains-target-47-dense rows=200 error=<nil>
warmup 368/1267 graph-id-function-wrapped-contains-target-48-zero rows=0 error=<nil>
warmup 369/1267 graph-id-function-wrapped-contains-target-48-targeted rows=10 error=<nil>
warmup 370/1267 graph-id-function-wrapped-contains-target-48-dense rows=200 error=<nil>
warmup 371/1267 graph-id-function-wrapped-contains-target-49-zero rows=0 error=<nil>
warmup 372/1267 graph-id-function-wrapped-contains-target-49-targeted rows=4 error=<nil>
warmup 373/1267 graph-id-function-wrapped-contains-target-49-dense rows=200 error=<nil>
warmup 374/1267 graph-id-function-wrapped-contains-target-50-zero rows=0 error=<nil>
warmup 375/1267 graph-id-function-wrapped-contains-target-50-targeted rows=1 error=<nil>
warmup 376/1267 graph-id-function-wrapped-contains-target-50-dense rows=200 error=<nil>
warmup 377/1267 graph-id-function-wrapped-contains-target-51-zero rows=0 error=<nil>
warmup 378/1267 graph-id-function-wrapped-contains-target-51-targeted rows=1 error=<nil>
warmup 379/1267 graph-id-function-wrapped-contains-target-51-dense rows=200 error=<nil>
warmup 380/1267 graph-id-function-wrapped-contains-target-52-zero rows=0 error=<nil>
warmup 381/1267 graph-id-function-wrapped-contains-target-52-targeted rows=1 error=<nil>
warmup 382/1267 graph-id-function-wrapped-contains-target-52-dense rows=200 error=<nil>
warmup 383/1267 graph-id-function-wrapped-contains-target-53-zero rows=0 error=<nil>
warmup 384/1267 graph-id-function-wrapped-contains-target-53-targeted rows=6 error=<nil>
warmup 385/1267 graph-id-function-wrapped-contains-target-53-dense rows=200 error=<nil>
warmup 386/1267 graph-id-function-wrapped-contains-target-54-zero rows=0 error=<nil>
warmup 387/1267 graph-id-function-wrapped-contains-target-54-targeted rows=3 error=<nil>
warmup 388/1267 graph-id-function-wrapped-contains-target-54-dense rows=200 error=<nil>
warmup 389/1267 graph-id-function-wrapped-contains-target-55-zero rows=0 error=<nil>
warmup 390/1267 graph-id-function-wrapped-contains-target-55-targeted rows=10 error=<nil>
warmup 391/1267 graph-id-function-wrapped-contains-target-55-dense rows=200 error=<nil>
warmup 392/1267 graph-id-function-wrapped-contains-target-56-zero rows=0 error=<nil>
warmup 393/1267 graph-id-function-wrapped-contains-target-56-targeted rows=1 error=<nil>
warmup 394/1267 graph-id-function-wrapped-contains-target-56-dense rows=200 error=<nil>
warmup 395/1267 graph-id-function-wrapped-contains-target-57-zero rows=0 error=<nil>
warmup 396/1267 graph-id-function-wrapped-contains-target-57-targeted rows=1 error=<nil>
warmup 397/1267 graph-id-function-wrapped-contains-target-57-dense rows=200 error=<nil>
warmup 398/1267 graph-id-function-wrapped-contains-target-58-zero rows=0 error=<nil>
warmup 399/1267 graph-id-function-wrapped-contains-target-58-targeted rows=12 error=<nil>
warmup 400/1267 graph-id-function-wrapped-contains-target-58-dense rows=200 error=<nil>
warmup 401/1267 graph-id-function-wrapped-contains-target-59-zero rows=0 error=<nil>
warmup 402/1267 graph-id-function-wrapped-contains-target-59-targeted rows=11 error=<nil>
warmup 403/1267 graph-id-function-wrapped-contains-target-59-dense rows=200 error=<nil>
warmup 404/1267 graph-id-function-wrapped-contains-target-60-zero rows=0 error=<nil>
warmup 405/1267 graph-id-function-wrapped-contains-target-60-targeted rows=13 error=<nil>
warmup 406/1267 graph-id-function-wrapped-contains-target-60-dense rows=200 error=<nil>
warmup 407/1267 graph-id-function-wrapped-contains-target-61-zero rows=0 error=<nil>
warmup 408/1267 graph-id-function-wrapped-contains-target-61-targeted rows=8 error=<nil>
warmup 409/1267 graph-id-function-wrapped-contains-target-61-dense rows=200 error=<nil>
warmup 410/1267 graph-id-function-wrapped-contains-target-62-zero rows=0 error=<nil>
warmup 411/1267 graph-id-function-wrapped-contains-target-62-targeted rows=1 error=<nil>
warmup 412/1267 graph-id-function-wrapped-contains-target-62-dense rows=200 error=<nil>
warmup 413/1267 graph-id-function-wrapped-contains-target-63-zero rows=0 error=<nil>
warmup 414/1267 graph-id-function-wrapped-contains-target-63-targeted rows=1 error=<nil>
warmup 415/1267 graph-id-function-wrapped-contains-target-63-dense rows=200 error=<nil>
warmup 416/1267 graph-id-parameter-wrapped-contains-target-00-zero rows=0 error=<nil>
warmup 417/1267 graph-id-parameter-wrapped-contains-target-00-targeted rows=10 error=<nil>
warmup 418/1267 graph-id-parameter-wrapped-contains-target-00-dense rows=200 error=<nil>
warmup 419/1267 graph-id-parameter-wrapped-contains-target-01-zero rows=0 error=<nil>
warmup 420/1267 graph-id-parameter-wrapped-contains-target-01-targeted rows=1 error=<nil>
warmup 421/1267 graph-id-parameter-wrapped-contains-target-01-dense rows=200 error=<nil>
warmup 422/1267 graph-id-parameter-wrapped-contains-target-02-zero rows=0 error=<nil>
warmup 423/1267 graph-id-parameter-wrapped-contains-target-02-targeted rows=9 error=<nil>
warmup 424/1267 graph-id-parameter-wrapped-contains-target-02-dense rows=200 error=<nil>
warmup 425/1267 graph-id-parameter-wrapped-contains-target-03-zero rows=0 error=<nil>
warmup 426/1267 graph-id-parameter-wrapped-contains-target-03-targeted rows=2 error=<nil>
warmup 427/1267 graph-id-parameter-wrapped-contains-target-03-dense rows=200 error=<nil>
warmup 428/1267 graph-id-parameter-wrapped-contains-target-04-zero rows=0 error=<nil>
warmup 429/1267 graph-id-parameter-wrapped-contains-target-04-targeted rows=9 error=<nil>
warmup 430/1267 graph-id-parameter-wrapped-contains-target-04-dense rows=200 error=<nil>
warmup 431/1267 graph-id-parameter-wrapped-contains-target-05-zero rows=0 error=<nil>
warmup 432/1267 graph-id-parameter-wrapped-contains-target-05-targeted rows=9 error=<nil>
warmup 433/1267 graph-id-parameter-wrapped-contains-target-05-dense rows=200 error=<nil>
warmup 434/1267 graph-id-parameter-wrapped-contains-target-06-zero rows=0 error=<nil>
warmup 435/1267 graph-id-parameter-wrapped-contains-target-06-targeted rows=1 error=<nil>
warmup 436/1267 graph-id-parameter-wrapped-contains-target-06-dense rows=200 error=<nil>
warmup 437/1267 graph-id-parameter-wrapped-contains-target-07-zero rows=0 error=<nil>
warmup 438/1267 graph-id-parameter-wrapped-contains-target-07-targeted rows=1 error=<nil>
warmup 439/1267 graph-id-parameter-wrapped-contains-target-07-dense rows=200 error=<nil>
warmup 440/1267 graph-id-parameter-wrapped-contains-target-08-zero rows=0 error=<nil>
warmup 441/1267 graph-id-parameter-wrapped-contains-target-08-targeted rows=2 error=<nil>
warmup 442/1267 graph-id-parameter-wrapped-contains-target-08-dense rows=200 error=<nil>
warmup 443/1267 graph-id-parameter-wrapped-contains-target-09-zero rows=0 error=<nil>
warmup 444/1267 graph-id-parameter-wrapped-contains-target-09-targeted rows=1 error=<nil>
warmup 445/1267 graph-id-parameter-wrapped-contains-target-09-dense rows=200 error=<nil>
warmup 446/1267 graph-id-parameter-wrapped-contains-target-10-zero rows=0 error=<nil>
warmup 447/1267 graph-id-parameter-wrapped-contains-target-10-targeted rows=1 error=<nil>
warmup 448/1267 graph-id-parameter-wrapped-contains-target-10-dense rows=200 error=<nil>
warmup 449/1267 graph-id-parameter-wrapped-contains-target-11-zero rows=0 error=<nil>
warmup 450/1267 graph-id-parameter-wrapped-contains-target-11-targeted rows=1 error=<nil>
warmup 451/1267 graph-id-parameter-wrapped-contains-target-11-dense rows=200 error=<nil>
warmup 452/1267 graph-id-parameter-wrapped-contains-target-12-zero rows=0 error=<nil>
warmup 453/1267 graph-id-parameter-wrapped-contains-target-12-targeted rows=2 error=<nil>
warmup 454/1267 graph-id-parameter-wrapped-contains-target-12-dense rows=200 error=<nil>
warmup 455/1267 graph-id-parameter-wrapped-contains-target-13-zero rows=0 error=<nil>
warmup 456/1267 graph-id-parameter-wrapped-contains-target-13-targeted rows=5 error=<nil>
warmup 457/1267 graph-id-parameter-wrapped-contains-target-13-dense rows=200 error=<nil>
warmup 458/1267 graph-id-parameter-wrapped-contains-target-14-zero rows=0 error=<nil>
warmup 459/1267 graph-id-parameter-wrapped-contains-target-14-targeted rows=3 error=<nil>
warmup 460/1267 graph-id-parameter-wrapped-contains-target-14-dense rows=200 error=<nil>
warmup 461/1267 graph-id-parameter-wrapped-contains-target-15-zero rows=0 error=<nil>
warmup 462/1267 graph-id-parameter-wrapped-contains-target-15-targeted rows=1 error=<nil>
warmup 463/1267 graph-id-parameter-wrapped-contains-target-15-dense rows=200 error=<nil>
warmup 464/1267 graph-id-parameter-wrapped-contains-target-16-zero rows=0 error=<nil>
warmup 465/1267 graph-id-parameter-wrapped-contains-target-16-targeted rows=1 error=<nil>
warmup 466/1267 graph-id-parameter-wrapped-contains-target-16-dense rows=200 error=<nil>
warmup 467/1267 graph-id-parameter-wrapped-contains-target-17-zero rows=0 error=<nil>
warmup 468/1267 graph-id-parameter-wrapped-contains-target-17-targeted rows=5 error=<nil>
warmup 469/1267 graph-id-parameter-wrapped-contains-target-17-dense rows=200 error=<nil>
warmup 470/1267 graph-id-parameter-wrapped-contains-target-18-zero rows=0 error=<nil>
warmup 471/1267 graph-id-parameter-wrapped-contains-target-18-targeted rows=12 error=<nil>
warmup 472/1267 graph-id-parameter-wrapped-contains-target-18-dense rows=200 error=<nil>
warmup 473/1267 graph-id-parameter-wrapped-contains-target-19-zero rows=0 error=<nil>
warmup 474/1267 graph-id-parameter-wrapped-contains-target-19-targeted rows=11 error=<nil>
warmup 475/1267 graph-id-parameter-wrapped-contains-target-19-dense rows=200 error=<nil>
warmup 476/1267 graph-id-parameter-wrapped-contains-target-20-zero rows=0 error=<nil>
warmup 477/1267 graph-id-parameter-wrapped-contains-target-20-targeted rows=1 error=<nil>
warmup 478/1267 graph-id-parameter-wrapped-contains-target-20-dense rows=200 error=<nil>
warmup 479/1267 graph-id-parameter-wrapped-contains-target-21-zero rows=0 error=<nil>
warmup 480/1267 graph-id-parameter-wrapped-contains-target-21-targeted rows=1 error=<nil>
warmup 481/1267 graph-id-parameter-wrapped-contains-target-21-dense rows=200 error=<nil>
warmup 482/1267 graph-id-parameter-wrapped-contains-target-22-zero rows=0 error=<nil>
warmup 483/1267 graph-id-parameter-wrapped-contains-target-22-targeted rows=11 error=<nil>
warmup 484/1267 graph-id-parameter-wrapped-contains-target-22-dense rows=200 error=<nil>
warmup 485/1267 graph-id-parameter-wrapped-contains-target-23-zero rows=0 error=<nil>
warmup 486/1267 graph-id-parameter-wrapped-contains-target-23-targeted rows=11 error=<nil>
warmup 487/1267 graph-id-parameter-wrapped-contains-target-23-dense rows=200 error=<nil>
warmup 488/1267 graph-id-parameter-wrapped-contains-target-24-zero rows=0 error=<nil>
warmup 489/1267 graph-id-parameter-wrapped-contains-target-24-targeted rows=1 error=<nil>
warmup 490/1267 graph-id-parameter-wrapped-contains-target-24-dense rows=200 error=<nil>
warmup 491/1267 graph-id-parameter-wrapped-contains-target-25-zero rows=0 error=<nil>
warmup 492/1267 graph-id-parameter-wrapped-contains-target-25-targeted rows=17 error=<nil>
warmup 493/1267 graph-id-parameter-wrapped-contains-target-25-dense rows=200 error=<nil>
warmup 494/1267 graph-id-parameter-wrapped-contains-target-26-zero rows=0 error=<nil>
warmup 495/1267 graph-id-parameter-wrapped-contains-target-26-targeted rows=1 error=<nil>
warmup 496/1267 graph-id-parameter-wrapped-contains-target-26-dense rows=200 error=<nil>
warmup 497/1267 graph-id-parameter-wrapped-contains-target-27-zero rows=0 error=<nil>
warmup 498/1267 graph-id-parameter-wrapped-contains-target-27-targeted rows=14 error=<nil>
warmup 499/1267 graph-id-parameter-wrapped-contains-target-27-dense rows=200 error=<nil>
warmup 500/1267 graph-id-parameter-wrapped-contains-target-28-zero rows=0 error=<nil>
warmup 501/1267 graph-id-parameter-wrapped-contains-target-28-targeted rows=12 error=<nil>
warmup 502/1267 graph-id-parameter-wrapped-contains-target-28-dense rows=200 error=<nil>
warmup 503/1267 graph-id-parameter-wrapped-contains-target-29-zero rows=0 error=<nil>
warmup 504/1267 graph-id-parameter-wrapped-contains-target-29-targeted rows=1 error=<nil>
warmup 505/1267 graph-id-parameter-wrapped-contains-target-29-dense rows=200 error=<nil>
warmup 506/1267 graph-id-parameter-wrapped-contains-target-30-zero rows=0 error=<nil>
warmup 507/1267 graph-id-parameter-wrapped-contains-target-30-targeted rows=10 error=<nil>
warmup 508/1267 graph-id-parameter-wrapped-contains-target-30-dense rows=200 error=<nil>
warmup 509/1267 graph-id-parameter-wrapped-contains-target-31-zero rows=0 error=<nil>
warmup 510/1267 graph-id-parameter-wrapped-contains-target-31-targeted rows=1 error=<nil>
warmup 511/1267 graph-id-parameter-wrapped-contains-target-31-dense rows=200 error=<nil>
warmup 512/1267 graph-id-parameter-wrapped-contains-target-32-zero rows=0 error=<nil>
warmup 513/1267 graph-id-parameter-wrapped-contains-target-32-targeted rows=4 error=<nil>
warmup 514/1267 graph-id-parameter-wrapped-contains-target-32-dense rows=200 error=<nil>
warmup 515/1267 graph-id-parameter-wrapped-contains-target-33-zero rows=0 error=<nil>
warmup 516/1267 graph-id-parameter-wrapped-contains-target-33-targeted rows=4 error=<nil>
warmup 517/1267 graph-id-parameter-wrapped-contains-target-33-dense rows=200 error=<nil>
warmup 518/1267 graph-id-parameter-wrapped-contains-target-34-zero rows=0 error=<nil>
warmup 519/1267 graph-id-parameter-wrapped-contains-target-34-targeted rows=4 error=<nil>
warmup 520/1267 graph-id-parameter-wrapped-contains-target-34-dense rows=200 error=<nil>
warmup 521/1267 graph-id-parameter-wrapped-contains-target-35-zero rows=0 error=<nil>
warmup 522/1267 graph-id-parameter-wrapped-contains-target-35-targeted rows=1 error=<nil>
warmup 523/1267 graph-id-parameter-wrapped-contains-target-35-dense rows=200 error=<nil>
warmup 524/1267 graph-id-parameter-wrapped-contains-target-36-zero rows=0 error=<nil>
warmup 525/1267 graph-id-parameter-wrapped-contains-target-36-targeted rows=1 error=<nil>
warmup 526/1267 graph-id-parameter-wrapped-contains-target-36-dense rows=200 error=<nil>
warmup 527/1267 graph-id-parameter-wrapped-contains-target-37-zero rows=0 error=<nil>
warmup 528/1267 graph-id-parameter-wrapped-contains-target-37-targeted rows=51 error=<nil>
warmup 529/1267 graph-id-parameter-wrapped-contains-target-37-dense rows=200 error=<nil>
warmup 530/1267 graph-id-parameter-wrapped-contains-target-38-zero rows=0 error=<nil>
warmup 531/1267 graph-id-parameter-wrapped-contains-target-38-targeted rows=1 error=<nil>
warmup 532/1267 graph-id-parameter-wrapped-contains-target-38-dense rows=200 error=<nil>
warmup 533/1267 graph-id-parameter-wrapped-contains-target-39-zero rows=0 error=<nil>
warmup 534/1267 graph-id-parameter-wrapped-contains-target-39-targeted rows=4 error=<nil>
warmup 535/1267 graph-id-parameter-wrapped-contains-target-39-dense rows=200 error=<nil>
warmup 536/1267 graph-id-parameter-wrapped-contains-target-40-zero rows=0 error=<nil>
warmup 537/1267 graph-id-parameter-wrapped-contains-target-40-targeted rows=4 error=<nil>
warmup 538/1267 graph-id-parameter-wrapped-contains-target-40-dense rows=200 error=<nil>
warmup 539/1267 graph-id-parameter-wrapped-contains-target-41-zero rows=0 error=<nil>
warmup 540/1267 graph-id-parameter-wrapped-contains-target-41-targeted rows=4 error=<nil>
warmup 541/1267 graph-id-parameter-wrapped-contains-target-41-dense rows=200 error=<nil>
warmup 542/1267 graph-id-parameter-wrapped-contains-target-42-zero rows=0 error=<nil>
warmup 543/1267 graph-id-parameter-wrapped-contains-target-42-targeted rows=63 error=<nil>
warmup 544/1267 graph-id-parameter-wrapped-contains-target-42-dense rows=200 error=<nil>
warmup 545/1267 graph-id-parameter-wrapped-contains-target-43-zero rows=0 error=<nil>
warmup 546/1267 graph-id-parameter-wrapped-contains-target-43-targeted rows=4 error=<nil>
warmup 547/1267 graph-id-parameter-wrapped-contains-target-43-dense rows=200 error=<nil>
warmup 548/1267 graph-id-parameter-wrapped-contains-target-44-zero rows=0 error=<nil>
warmup 549/1267 graph-id-parameter-wrapped-contains-target-44-targeted rows=4 error=<nil>
warmup 550/1267 graph-id-parameter-wrapped-contains-target-44-dense rows=200 error=<nil>
warmup 551/1267 graph-id-parameter-wrapped-contains-target-45-zero rows=0 error=<nil>
warmup 552/1267 graph-id-parameter-wrapped-contains-target-45-targeted rows=1 error=<nil>
warmup 553/1267 graph-id-parameter-wrapped-contains-target-45-dense rows=200 error=<nil>
warmup 554/1267 graph-id-parameter-wrapped-contains-target-46-zero rows=0 error=<nil>
warmup 555/1267 graph-id-parameter-wrapped-contains-target-46-targeted rows=45 error=<nil>
warmup 556/1267 graph-id-parameter-wrapped-contains-target-46-dense rows=200 error=<nil>
warmup 557/1267 graph-id-parameter-wrapped-contains-target-47-zero rows=0 error=<nil>
warmup 558/1267 graph-id-parameter-wrapped-contains-target-47-targeted rows=66 error=<nil>
warmup 559/1267 graph-id-parameter-wrapped-contains-target-47-dense rows=200 error=<nil>
warmup 560/1267 graph-id-parameter-wrapped-contains-target-48-zero rows=0 error=<nil>
warmup 561/1267 graph-id-parameter-wrapped-contains-target-48-targeted rows=10 error=<nil>
warmup 562/1267 graph-id-parameter-wrapped-contains-target-48-dense rows=200 error=<nil>
warmup 563/1267 graph-id-parameter-wrapped-contains-target-49-zero rows=0 error=<nil>
warmup 564/1267 graph-id-parameter-wrapped-contains-target-49-targeted rows=4 error=<nil>
warmup 565/1267 graph-id-parameter-wrapped-contains-target-49-dense rows=200 error=<nil>
warmup 566/1267 graph-id-parameter-wrapped-contains-target-50-zero rows=0 error=<nil>
warmup 567/1267 graph-id-parameter-wrapped-contains-target-50-targeted rows=1 error=<nil>
warmup 568/1267 graph-id-parameter-wrapped-contains-target-50-dense rows=200 error=<nil>
warmup 569/1267 graph-id-parameter-wrapped-contains-target-51-zero rows=0 error=<nil>
warmup 570/1267 graph-id-parameter-wrapped-contains-target-51-targeted rows=1 error=<nil>
warmup 571/1267 graph-id-parameter-wrapped-contains-target-51-dense rows=200 error=<nil>
warmup 572/1267 graph-id-parameter-wrapped-contains-target-52-zero rows=0 error=<nil>
warmup 573/1267 graph-id-parameter-wrapped-contains-target-52-targeted rows=1 error=<nil>
warmup 574/1267 graph-id-parameter-wrapped-contains-target-52-dense rows=200 error=<nil>
warmup 575/1267 graph-id-parameter-wrapped-contains-target-53-zero rows=0 error=<nil>
warmup 576/1267 graph-id-parameter-wrapped-contains-target-53-targeted rows=6 error=<nil>
warmup 577/1267 graph-id-parameter-wrapped-contains-target-53-dense rows=200 error=<nil>
warmup 578/1267 graph-id-parameter-wrapped-contains-target-54-zero rows=0 error=<nil>
warmup 579/1267 graph-id-parameter-wrapped-contains-target-54-targeted rows=3 error=<nil>
warmup 580/1267 graph-id-parameter-wrapped-contains-target-54-dense rows=200 error=<nil>
warmup 581/1267 graph-id-parameter-wrapped-contains-target-55-zero rows=0 error=<nil>
warmup 582/1267 graph-id-parameter-wrapped-contains-target-55-targeted rows=10 error=<nil>
warmup 583/1267 graph-id-parameter-wrapped-contains-target-55-dense rows=200 error=<nil>
warmup 584/1267 graph-id-parameter-wrapped-contains-target-56-zero rows=0 error=<nil>
warmup 585/1267 graph-id-parameter-wrapped-contains-target-56-targeted rows=1 error=<nil>
warmup 586/1267 graph-id-parameter-wrapped-contains-target-56-dense rows=200 error=<nil>
warmup 587/1267 graph-id-parameter-wrapped-contains-target-57-zero rows=0 error=<nil>
warmup 588/1267 graph-id-parameter-wrapped-contains-target-57-targeted rows=1 error=<nil>
warmup 589/1267 graph-id-parameter-wrapped-contains-target-57-dense rows=200 error=<nil>
warmup 590/1267 graph-id-parameter-wrapped-contains-target-58-zero rows=0 error=<nil>
warmup 591/1267 graph-id-parameter-wrapped-contains-target-58-targeted rows=12 error=<nil>
warmup 592/1267 graph-id-parameter-wrapped-contains-target-58-dense rows=200 error=<nil>
warmup 593/1267 graph-id-parameter-wrapped-contains-target-59-zero rows=0 error=<nil>
warmup 594/1267 graph-id-parameter-wrapped-contains-target-59-targeted rows=11 error=<nil>
warmup 595/1267 graph-id-parameter-wrapped-contains-target-59-dense rows=200 error=<nil>
warmup 596/1267 graph-id-parameter-wrapped-contains-target-60-zero rows=0 error=<nil>
warmup 597/1267 graph-id-parameter-wrapped-contains-target-60-targeted rows=13 error=<nil>
warmup 598/1267 graph-id-parameter-wrapped-contains-target-60-dense rows=200 error=<nil>
warmup 599/1267 graph-id-parameter-wrapped-contains-target-61-zero rows=0 error=<nil>
warmup 600/1267 graph-id-parameter-wrapped-contains-target-61-targeted rows=8 error=<nil>
warmup 601/1267 graph-id-parameter-wrapped-contains-target-61-dense rows=200 error=<nil>
warmup 602/1267 graph-id-parameter-wrapped-contains-target-62-zero rows=0 error=<nil>
warmup 603/1267 graph-id-parameter-wrapped-contains-target-62-targeted rows=1 error=<nil>
warmup 604/1267 graph-id-parameter-wrapped-contains-target-62-dense rows=200 error=<nil>
warmup 605/1267 graph-id-parameter-wrapped-contains-target-63-zero rows=0 error=<nil>
warmup 606/1267 graph-id-parameter-wrapped-contains-target-63-targeted rows=1 error=<nil>
warmup 607/1267 graph-id-parameter-wrapped-contains-target-63-dense rows=200 error=<nil>
warmup 608/1267 request-selected-source-wrapped-contains-target-00-zero rows=0 error=<nil>
warmup 609/1267 request-selected-source-wrapped-contains-target-00-targeted rows=10 error=<nil>
warmup 610/1267 request-selected-source-wrapped-contains-target-00-dense rows=200 error=<nil>
warmup 611/1267 request-selected-source-wrapped-contains-target-01-zero rows=0 error=<nil>
warmup 612/1267 request-selected-source-wrapped-contains-target-01-targeted rows=1 error=<nil>
warmup 613/1267 request-selected-source-wrapped-contains-target-01-dense rows=200 error=<nil>
warmup 614/1267 request-selected-source-wrapped-contains-target-02-zero rows=0 error=<nil>
warmup 615/1267 request-selected-source-wrapped-contains-target-02-targeted rows=9 error=<nil>
warmup 616/1267 request-selected-source-wrapped-contains-target-02-dense rows=200 error=<nil>
warmup 617/1267 request-selected-source-wrapped-contains-target-03-zero rows=0 error=<nil>
warmup 618/1267 request-selected-source-wrapped-contains-target-03-targeted rows=2 error=<nil>
warmup 619/1267 request-selected-source-wrapped-contains-target-03-dense rows=200 error=<nil>
warmup 620/1267 request-selected-source-wrapped-contains-target-04-zero rows=0 error=<nil>
warmup 621/1267 request-selected-source-wrapped-contains-target-04-targeted rows=9 error=<nil>
warmup 622/1267 request-selected-source-wrapped-contains-target-04-dense rows=200 error=<nil>
warmup 623/1267 request-selected-source-wrapped-contains-target-05-zero rows=0 error=<nil>
warmup 624/1267 request-selected-source-wrapped-contains-target-05-targeted rows=9 error=<nil>
warmup 625/1267 request-selected-source-wrapped-contains-target-05-dense rows=200 error=<nil>
warmup 626/1267 request-selected-source-wrapped-contains-target-06-zero rows=0 error=<nil>
warmup 627/1267 request-selected-source-wrapped-contains-target-06-targeted rows=1 error=<nil>
warmup 628/1267 request-selected-source-wrapped-contains-target-06-dense rows=200 error=<nil>
warmup 629/1267 request-selected-source-wrapped-contains-target-07-zero rows=0 error=<nil>
warmup 630/1267 request-selected-source-wrapped-contains-target-07-targeted rows=1 error=<nil>
warmup 631/1267 request-selected-source-wrapped-contains-target-07-dense rows=200 error=<nil>
warmup 632/1267 request-selected-source-wrapped-contains-target-08-zero rows=0 error=<nil>
warmup 633/1267 request-selected-source-wrapped-contains-target-08-targeted rows=2 error=<nil>
warmup 634/1267 request-selected-source-wrapped-contains-target-08-dense rows=200 error=<nil>
warmup 635/1267 request-selected-source-wrapped-contains-target-09-zero rows=0 error=<nil>
warmup 636/1267 request-selected-source-wrapped-contains-target-09-targeted rows=1 error=<nil>
warmup 637/1267 request-selected-source-wrapped-contains-target-09-dense rows=200 error=<nil>
warmup 638/1267 request-selected-source-wrapped-contains-target-10-zero rows=0 error=<nil>
warmup 639/1267 request-selected-source-wrapped-contains-target-10-targeted rows=1 error=<nil>
warmup 640/1267 request-selected-source-wrapped-contains-target-10-dense rows=200 error=<nil>
warmup 641/1267 request-selected-source-wrapped-contains-target-11-zero rows=0 error=<nil>
warmup 642/1267 request-selected-source-wrapped-contains-target-11-targeted rows=1 error=<nil>
warmup 643/1267 request-selected-source-wrapped-contains-target-11-dense rows=200 error=<nil>
warmup 644/1267 request-selected-source-wrapped-contains-target-12-zero rows=0 error=<nil>
warmup 645/1267 request-selected-source-wrapped-contains-target-12-targeted rows=2 error=<nil>
warmup 646/1267 request-selected-source-wrapped-contains-target-12-dense rows=200 error=<nil>
warmup 647/1267 request-selected-source-wrapped-contains-target-13-zero rows=0 error=<nil>
warmup 648/1267 request-selected-source-wrapped-contains-target-13-targeted rows=5 error=<nil>
warmup 649/1267 request-selected-source-wrapped-contains-target-13-dense rows=200 error=<nil>
warmup 650/1267 request-selected-source-wrapped-contains-target-14-zero rows=0 error=<nil>
warmup 651/1267 request-selected-source-wrapped-contains-target-14-targeted rows=3 error=<nil>
warmup 652/1267 request-selected-source-wrapped-contains-target-14-dense rows=200 error=<nil>
warmup 653/1267 request-selected-source-wrapped-contains-target-15-zero rows=0 error=<nil>
warmup 654/1267 request-selected-source-wrapped-contains-target-15-targeted rows=1 error=<nil>
warmup 655/1267 request-selected-source-wrapped-contains-target-15-dense rows=200 error=<nil>
warmup 656/1267 request-selected-source-wrapped-contains-target-16-zero rows=0 error=<nil>
warmup 657/1267 request-selected-source-wrapped-contains-target-16-targeted rows=1 error=<nil>
warmup 658/1267 request-selected-source-wrapped-contains-target-16-dense rows=200 error=<nil>
warmup 659/1267 request-selected-source-wrapped-contains-target-17-zero rows=0 error=<nil>
warmup 660/1267 request-selected-source-wrapped-contains-target-17-targeted rows=5 error=<nil>
warmup 661/1267 request-selected-source-wrapped-contains-target-17-dense rows=200 error=<nil>
warmup 662/1267 request-selected-source-wrapped-contains-target-18-zero rows=0 error=<nil>
warmup 663/1267 request-selected-source-wrapped-contains-target-18-targeted rows=12 error=<nil>
warmup 664/1267 request-selected-source-wrapped-contains-target-18-dense rows=200 error=<nil>
warmup 665/1267 request-selected-source-wrapped-contains-target-19-zero rows=0 error=<nil>
warmup 666/1267 request-selected-source-wrapped-contains-target-19-targeted rows=11 error=<nil>
warmup 667/1267 request-selected-source-wrapped-contains-target-19-dense rows=200 error=<nil>
warmup 668/1267 request-selected-source-wrapped-contains-target-20-zero rows=0 error=<nil>
warmup 669/1267 request-selected-source-wrapped-contains-target-20-targeted rows=1 error=<nil>
warmup 670/1267 request-selected-source-wrapped-contains-target-20-dense rows=200 error=<nil>
warmup 671/1267 request-selected-source-wrapped-contains-target-21-zero rows=0 error=<nil>
warmup 672/1267 request-selected-source-wrapped-contains-target-21-targeted rows=1 error=<nil>
warmup 673/1267 request-selected-source-wrapped-contains-target-21-dense rows=200 error=<nil>
warmup 674/1267 request-selected-source-wrapped-contains-target-22-zero rows=0 error=<nil>
warmup 675/1267 request-selected-source-wrapped-contains-target-22-targeted rows=11 error=<nil>
warmup 676/1267 request-selected-source-wrapped-contains-target-22-dense rows=200 error=<nil>
warmup 677/1267 request-selected-source-wrapped-contains-target-23-zero rows=0 error=<nil>
warmup 678/1267 request-selected-source-wrapped-contains-target-23-targeted rows=11 error=<nil>
warmup 679/1267 request-selected-source-wrapped-contains-target-23-dense rows=200 error=<nil>
warmup 680/1267 request-selected-source-wrapped-contains-target-24-zero rows=0 error=<nil>
warmup 681/1267 request-selected-source-wrapped-contains-target-24-targeted rows=1 error=<nil>
warmup 682/1267 request-selected-source-wrapped-contains-target-24-dense rows=200 error=<nil>
warmup 683/1267 request-selected-source-wrapped-contains-target-25-zero rows=0 error=<nil>
warmup 684/1267 request-selected-source-wrapped-contains-target-25-targeted rows=17 error=<nil>
warmup 685/1267 request-selected-source-wrapped-contains-target-25-dense rows=200 error=<nil>
warmup 686/1267 request-selected-source-wrapped-contains-target-26-zero rows=0 error=<nil>
warmup 687/1267 request-selected-source-wrapped-contains-target-26-targeted rows=1 error=<nil>
warmup 688/1267 request-selected-source-wrapped-contains-target-26-dense rows=200 error=<nil>
warmup 689/1267 request-selected-source-wrapped-contains-target-27-zero rows=0 error=<nil>
warmup 690/1267 request-selected-source-wrapped-contains-target-27-targeted rows=14 error=<nil>
warmup 691/1267 request-selected-source-wrapped-contains-target-27-dense rows=200 error=<nil>
warmup 692/1267 request-selected-source-wrapped-contains-target-28-zero rows=0 error=<nil>
warmup 693/1267 request-selected-source-wrapped-contains-target-28-targeted rows=12 error=<nil>
warmup 694/1267 request-selected-source-wrapped-contains-target-28-dense rows=200 error=<nil>
warmup 695/1267 request-selected-source-wrapped-contains-target-29-zero rows=0 error=<nil>
warmup 696/1267 request-selected-source-wrapped-contains-target-29-targeted rows=1 error=<nil>
warmup 697/1267 request-selected-source-wrapped-contains-target-29-dense rows=200 error=<nil>
warmup 698/1267 request-selected-source-wrapped-contains-target-30-zero rows=0 error=<nil>
warmup 699/1267 request-selected-source-wrapped-contains-target-30-targeted rows=10 error=<nil>
warmup 700/1267 request-selected-source-wrapped-contains-target-30-dense rows=200 error=<nil>
warmup 701/1267 request-selected-source-wrapped-contains-target-31-zero rows=0 error=<nil>
warmup 702/1267 request-selected-source-wrapped-contains-target-31-targeted rows=1 error=<nil>
warmup 703/1267 request-selected-source-wrapped-contains-target-31-dense rows=200 error=<nil>
warmup 704/1267 request-selected-source-wrapped-contains-target-32-zero rows=0 error=<nil>
warmup 705/1267 request-selected-source-wrapped-contains-target-32-targeted rows=4 error=<nil>
warmup 706/1267 request-selected-source-wrapped-contains-target-32-dense rows=200 error=<nil>
warmup 707/1267 request-selected-source-wrapped-contains-target-33-zero rows=0 error=<nil>
warmup 708/1267 request-selected-source-wrapped-contains-target-33-targeted rows=4 error=<nil>
warmup 709/1267 request-selected-source-wrapped-contains-target-33-dense rows=200 error=<nil>
warmup 710/1267 request-selected-source-wrapped-contains-target-34-zero rows=0 error=<nil>
warmup 711/1267 request-selected-source-wrapped-contains-target-34-targeted rows=4 error=<nil>
warmup 712/1267 request-selected-source-wrapped-contains-target-34-dense rows=200 error=<nil>
warmup 713/1267 request-selected-source-wrapped-contains-target-35-zero rows=0 error=<nil>
warmup 714/1267 request-selected-source-wrapped-contains-target-35-targeted rows=1 error=<nil>
warmup 715/1267 request-selected-source-wrapped-contains-target-35-dense rows=200 error=<nil>
warmup 716/1267 request-selected-source-wrapped-contains-target-36-zero rows=0 error=<nil>
warmup 717/1267 request-selected-source-wrapped-contains-target-36-targeted rows=1 error=<nil>
warmup 718/1267 request-selected-source-wrapped-contains-target-36-dense rows=200 error=<nil>
warmup 719/1267 request-selected-source-wrapped-contains-target-37-zero rows=0 error=<nil>
warmup 720/1267 request-selected-source-wrapped-contains-target-37-targeted rows=51 error=<nil>
warmup 721/1267 request-selected-source-wrapped-contains-target-37-dense rows=200 error=<nil>
warmup 722/1267 request-selected-source-wrapped-contains-target-38-zero rows=0 error=<nil>
warmup 723/1267 request-selected-source-wrapped-contains-target-38-targeted rows=1 error=<nil>
warmup 724/1267 request-selected-source-wrapped-contains-target-38-dense rows=200 error=<nil>
warmup 725/1267 request-selected-source-wrapped-contains-target-39-zero rows=0 error=<nil>
warmup 726/1267 request-selected-source-wrapped-contains-target-39-targeted rows=4 error=<nil>
warmup 727/1267 request-selected-source-wrapped-contains-target-39-dense rows=200 error=<nil>
warmup 728/1267 request-selected-source-wrapped-contains-target-40-zero rows=0 error=<nil>
warmup 729/1267 request-selected-source-wrapped-contains-target-40-targeted rows=4 error=<nil>
warmup 730/1267 request-selected-source-wrapped-contains-target-40-dense rows=200 error=<nil>
warmup 731/1267 request-selected-source-wrapped-contains-target-41-zero rows=0 error=<nil>
warmup 732/1267 request-selected-source-wrapped-contains-target-41-targeted rows=4 error=<nil>
warmup 733/1267 request-selected-source-wrapped-contains-target-41-dense rows=200 error=<nil>
warmup 734/1267 request-selected-source-wrapped-contains-target-42-zero rows=0 error=<nil>
warmup 735/1267 request-selected-source-wrapped-contains-target-42-targeted rows=63 error=<nil>
warmup 736/1267 request-selected-source-wrapped-contains-target-42-dense rows=200 error=<nil>
warmup 737/1267 request-selected-source-wrapped-contains-target-43-zero rows=0 error=<nil>
warmup 738/1267 request-selected-source-wrapped-contains-target-43-targeted rows=4 error=<nil>
warmup 739/1267 request-selected-source-wrapped-contains-target-43-dense rows=200 error=<nil>
warmup 740/1267 request-selected-source-wrapped-contains-target-44-zero rows=0 error=<nil>
warmup 741/1267 request-selected-source-wrapped-contains-target-44-targeted rows=4 error=<nil>
warmup 742/1267 request-selected-source-wrapped-contains-target-44-dense rows=200 error=<nil>
warmup 743/1267 request-selected-source-wrapped-contains-target-45-zero rows=0 error=<nil>
warmup 744/1267 request-selected-source-wrapped-contains-target-45-targeted rows=1 error=<nil>
warmup 745/1267 request-selected-source-wrapped-contains-target-45-dense rows=200 error=<nil>
warmup 746/1267 request-selected-source-wrapped-contains-target-46-zero rows=0 error=<nil>
warmup 747/1267 request-selected-source-wrapped-contains-target-46-targeted rows=45 error=<nil>
warmup 748/1267 request-selected-source-wrapped-contains-target-46-dense rows=200 error=<nil>
warmup 749/1267 request-selected-source-wrapped-contains-target-47-zero rows=0 error=<nil>
warmup 750/1267 request-selected-source-wrapped-contains-target-47-targeted rows=66 error=<nil>
warmup 751/1267 request-selected-source-wrapped-contains-target-47-dense rows=200 error=<nil>
warmup 752/1267 request-selected-source-wrapped-contains-target-48-zero rows=0 error=<nil>
warmup 753/1267 request-selected-source-wrapped-contains-target-48-targeted rows=10 error=<nil>
warmup 754/1267 request-selected-source-wrapped-contains-target-48-dense rows=200 error=<nil>
warmup 755/1267 request-selected-source-wrapped-contains-target-49-zero rows=0 error=<nil>
warmup 756/1267 request-selected-source-wrapped-contains-target-49-targeted rows=4 error=<nil>
warmup 757/1267 request-selected-source-wrapped-contains-target-49-dense rows=200 error=<nil>
warmup 758/1267 request-selected-source-wrapped-contains-target-50-zero rows=0 error=<nil>
warmup 759/1267 request-selected-source-wrapped-contains-target-50-targeted rows=1 error=<nil>
warmup 760/1267 request-selected-source-wrapped-contains-target-50-dense rows=200 error=<nil>
warmup 761/1267 request-selected-source-wrapped-contains-target-51-zero rows=0 error=<nil>
warmup 762/1267 request-selected-source-wrapped-contains-target-51-targeted rows=1 error=<nil>
warmup 763/1267 request-selected-source-wrapped-contains-target-51-dense rows=200 error=<nil>
warmup 764/1267 request-selected-source-wrapped-contains-target-52-zero rows=0 error=<nil>
warmup 765/1267 request-selected-source-wrapped-contains-target-52-targeted rows=1 error=<nil>
warmup 766/1267 request-selected-source-wrapped-contains-target-52-dense rows=200 error=<nil>
warmup 767/1267 request-selected-source-wrapped-contains-target-53-zero rows=0 error=<nil>
warmup 768/1267 request-selected-source-wrapped-contains-target-53-targeted rows=6 error=<nil>
warmup 769/1267 request-selected-source-wrapped-contains-target-53-dense rows=200 error=<nil>
warmup 770/1267 request-selected-source-wrapped-contains-target-54-zero rows=0 error=<nil>
warmup 771/1267 request-selected-source-wrapped-contains-target-54-targeted rows=3 error=<nil>
warmup 772/1267 request-selected-source-wrapped-contains-target-54-dense rows=200 error=<nil>
warmup 773/1267 request-selected-source-wrapped-contains-target-55-zero rows=0 error=<nil>
warmup 774/1267 request-selected-source-wrapped-contains-target-55-targeted rows=10 error=<nil>
warmup 775/1267 request-selected-source-wrapped-contains-target-55-dense rows=200 error=<nil>
warmup 776/1267 request-selected-source-wrapped-contains-target-56-zero rows=0 error=<nil>
warmup 777/1267 request-selected-source-wrapped-contains-target-56-targeted rows=1 error=<nil>
warmup 778/1267 request-selected-source-wrapped-contains-target-56-dense rows=200 error=<nil>
warmup 779/1267 request-selected-source-wrapped-contains-target-57-zero rows=0 error=<nil>
warmup 780/1267 request-selected-source-wrapped-contains-target-57-targeted rows=1 error=<nil>
warmup 781/1267 request-selected-source-wrapped-contains-target-57-dense rows=200 error=<nil>
warmup 782/1267 request-selected-source-wrapped-contains-target-58-zero rows=0 error=<nil>
warmup 783/1267 request-selected-source-wrapped-contains-target-58-targeted rows=12 error=<nil>
warmup 784/1267 request-selected-source-wrapped-contains-target-58-dense rows=200 error=<nil>
warmup 785/1267 request-selected-source-wrapped-contains-target-59-zero rows=0 error=<nil>
warmup 786/1267 request-selected-source-wrapped-contains-target-59-targeted rows=11 error=<nil>
warmup 787/1267 request-selected-source-wrapped-contains-target-59-dense rows=200 error=<nil>
warmup 788/1267 request-selected-source-wrapped-contains-target-60-zero rows=0 error=<nil>
warmup 789/1267 request-selected-source-wrapped-contains-target-60-targeted rows=13 error=<nil>
warmup 790/1267 request-selected-source-wrapped-contains-target-60-dense rows=200 error=<nil>
warmup 791/1267 request-selected-source-wrapped-contains-target-61-zero rows=0 error=<nil>
warmup 792/1267 request-selected-source-wrapped-contains-target-61-targeted rows=8 error=<nil>
warmup 793/1267 request-selected-source-wrapped-contains-target-61-dense rows=200 error=<nil>
warmup 794/1267 request-selected-source-wrapped-contains-target-62-zero rows=0 error=<nil>
warmup 795/1267 request-selected-source-wrapped-contains-target-62-targeted rows=1 error=<nil>
warmup 796/1267 request-selected-source-wrapped-contains-target-62-dense rows=200 error=<nil>
warmup 797/1267 request-selected-source-wrapped-contains-target-63-zero rows=0 error=<nil>
warmup 798/1267 request-selected-source-wrapped-contains-target-63-targeted rows=1 error=<nil>
warmup 799/1267 request-selected-source-wrapped-contains-target-63-dense rows=200 error=<nil>
warmup 800/1267 contains-and-zero rows=0 error=<nil>
warmup 801/1267 contains-and-targeted rows=100 error=<nil>
warmup 802/1267 contains-and-dense rows=100 error=<nil>
warmup 803/1267 contains-and-or-zero rows=0 error=<nil>
warmup 804/1267 contains-and-or-targeted rows=13 error=<nil>
warmup 805/1267 contains-and-or-dense rows=0 error=<nil>
warmup 806/1267 pair-and-pair-zero rows=0 error=<nil>
warmup 807/1267 pair-and-pair-targeted rows=0 error=<nil>
warmup 808/1267 pair-and-pair-dense rows=100 error=<nil>
warmup 809/1267 exact-or-zero rows=0 error=<nil>
warmup 810/1267 exact-or-targeted rows=160 error=<nil>
warmup 811/1267 exact-or-dense rows=160 error=<nil>
warmup 812/1267 exact-and-contains-zero rows=0 error=<nil>
warmup 813/1267 exact-and-contains-targeted rows=0 error=<nil>
warmup 814/1267 exact-and-contains-dense rows=0 error=<nil>
warmup 815/1267 exact-or-node-zero rows=0 error=<nil>
warmup 816/1267 exact-or-node-targeted rows=20 error=<nil>
warmup 817/1267 exact-or-node-dense rows=20 error=<nil>
warmup 818/1267 four-or-keys-zero rows=0 error=<nil>
warmup 819/1267 four-or-keys-targeted rows=5 error=<nil>
warmup 820/1267 four-or-keys-dense rows=5 error=<nil>
warmup 821/1267 four-or-graph-id-zero rows=0 error=<nil>
warmup 822/1267 four-or-graph-id-targeted rows=0 error=IllegalStateException
warmup 823/1267 four-or-graph-id-dense rows=200 error=<nil>
warmup 824/1267 single-distinct-zero rows=0 error=<nil>
warmup 825/1267 single-distinct-targeted rows=100 error=<nil>
warmup 826/1267 single-distinct-dense rows=100 error=<nil>
warmup 827/1267 ordered-projection-zero rows=0 error=<nil>
warmup 828/1267 ordered-projection-targeted rows=100 error=<nil>
warmup 829/1267 ordered-projection-dense rows=100 error=<nil>
warmup 830/1267 ordered-skip-zero rows=0 error=<nil>
warmup 831/1267 ordered-skip-targeted rows=200 error=<nil>
warmup 832/1267 ordered-skip-dense rows=200 error=<nil>
warmup 833/1267 distinct-skip-zero rows=0 error=<nil>
warmup 834/1267 distinct-skip-targeted rows=200 error=<nil>
warmup 835/1267 distinct-skip-dense rows=200 error=<nil>
warmup 836/1267 large-limit-zero rows=0 error=<nil>
warmup 837/1267 large-limit-targeted rows=5000 error=<nil>
warmup 838/1267 large-limit-dense rows=5000 error=<nil>
warmup 839/1267 filtered-count-zero rows=1 error=<nil>
warmup 840/1267 filtered-count-targeted rows=1 error=<nil>
warmup 841/1267 filtered-count-dense rows=1 error=<nil>
warmup 842/1267 filtered-distinct-count-zero rows=1 error=<nil>
warmup 843/1267 filtered-distinct-count-targeted rows=1 error=<nil>
warmup 844/1267 filtered-distinct-count-dense rows=1 error=<nil>
warmup 845/1267 parameterized-four-or-zero rows=0 error=<nil>
warmup 846/1267 parameterized-four-or-targeted rows=200 error=<nil>
warmup 847/1267 parameterized-four-or-dense rows=200 error=<nil>
warmup 848/1267 global-wide-four-properties-zero rows=0 error=<nil>
warmup 849/1267 global-wide-four-properties-targeted rows=11 error=<nil>
warmup 850/1267 global-wide-four-properties-dense rows=200 error=<nil>
warmup 851/1267 global-wide-class-pair-zero rows=0 error=<nil>
warmup 852/1267 global-wide-class-pair-targeted rows=1 error=<nil>
warmup 853/1267 global-wide-class-pair-dense rows=200 error=<nil>
warmup 854/1267 global-wide-name-pair-zero rows=0 error=<nil>
warmup 855/1267 global-wide-name-pair-targeted rows=4 error=<nil>
warmup 856/1267 global-wide-name-pair-dense rows=200 error=<nil>
warmup 857/1267 global-wide-caller-class-zero rows=0 error=<nil>
warmup 858/1267 global-wide-caller-class-targeted rows=2 error=<nil>
warmup 859/1267 global-wide-caller-class-dense rows=200 error=<nil>
warmup 860/1267 global-wide-callee-class-zero rows=0 error=<nil>
warmup 861/1267 global-wide-callee-class-targeted rows=13 error=<nil>
warmup 862/1267 global-wide-callee-class-dense rows=200 error=<nil>
warmup 863/1267 global-wide-provenance-zero rows=0 error=<nil>
warmup 864/1267 global-wide-provenance-targeted rows=5 error=<nil>
warmup 865/1267 global-wide-provenance-dense rows=200 error=<nil>
warmup 866/1267 global-wide-aliased-zero rows=0 error=<nil>
warmup 867/1267 global-wide-aliased-targeted rows=68 error=<nil>
warmup 868/1267 global-wide-aliased-dense rows=200 error=<nil>
warmup 869/1267 global-wide-parameterized-zero rows=0 error=<nil>
warmup 870/1267 global-wide-parameterized-targeted rows=4 error=<nil>
warmup 871/1267 global-wide-parameterized-dense rows=200 error=<nil>
warmup 872/1267 global-wide-wrapped-case-insensitive-zero rows=0 error=<nil>
warmup 873/1267 global-wide-wrapped-case-insensitive-targeted rows=5 error=<nil>
warmup 874/1267 global-wide-wrapped-case-insensitive-dense rows=200 error=<nil>
warmup 875/1267 global-wide-wrapped-case-insensitive-distinct-zero rows=0 error=<nil>
warmup 876/1267 global-wide-wrapped-case-insensitive-distinct-targeted rows=12 error=<nil>
warmup 877/1267 global-wide-wrapped-case-insensitive-distinct-dense rows=200 error=<nil>
warmup 878/1267 exact-name-in-zero rows=0 error=<nil>
warmup 879/1267 exact-name-in-targeted rows=200 error=<nil>
warmup 880/1267 exact-name-in-dense rows=200 error=<nil>
warmup 881/1267 positive-and-not-zero rows=0 error=<nil>
warmup 882/1267 positive-and-not-targeted rows=200 error=<nil>
warmup 883/1267 positive-and-not-dense rows=200 error=<nil>
warmup 884/1267 global-six-or-zero rows=0 error=<nil>
warmup 885/1267 global-six-or-targeted rows=200 error=<nil>
warmup 886/1267 global-six-or-dense rows=200 error=<nil>
warmup 887/1267 global-six-or-wrapped-zero rows=0 error=<nil>
warmup 888/1267 global-six-or-wrapped-targeted rows=200 error=<nil>
warmup 889/1267 global-six-or-wrapped-dense rows=200 error=<nil>
warmup 890/1267 exists-guarded-contains-zero rows=0 error=<nil>
warmup 891/1267 exists-guarded-contains-targeted rows=200 error=<nil>
warmup 892/1267 exists-guarded-contains-dense rows=200 error=<nil>
warmup 893/1267 regex-or-zero rows=0 error=<nil>
warmup 894/1267 regex-or-targeted rows=100 error=<nil>
warmup 895/1267 regex-or-dense rows=100 error=<nil>
warmup 896/1267 global-wide-distribution-broad-all-64 rows=200 error=<nil>
warmup 897/1267 global-wide-distribution-localized-early rows=200 error=<nil>
warmup 898/1267 global-wide-distribution-localized-late rows=200 error=<nil>
warmup 899/1267 global-wide-distribution-localized-middle rows=200 error=<nil>
warmup 900/1267 graph-id-in-literal-wrapped-contains-k02-group-00-zero rows=0 error=<nil>
warmup 901/1267 graph-id-in-parameter-wrapped-contains-k02-group-00-zero rows=0 error=<nil>
warmup 902/1267 request-selected-set-wrapped-contains-k02-group-00-zero rows=0 error=<nil>
warmup 903/1267 graph-id-in-literal-wrapped-contains-k02-group-00-targeted rows=10 error=<nil>
warmup 904/1267 graph-id-in-parameter-wrapped-contains-k02-group-00-targeted rows=10 error=<nil>
warmup 905/1267 request-selected-set-wrapped-contains-k02-group-00-targeted rows=10 error=<nil>
warmup 906/1267 graph-id-in-literal-wrapped-contains-k02-group-00-dense rows=200 error=<nil>
warmup 907/1267 graph-id-in-parameter-wrapped-contains-k02-group-00-dense rows=200 error=<nil>
warmup 908/1267 request-selected-set-wrapped-contains-k02-group-00-dense rows=200 error=<nil>
warmup 909/1267 graph-id-in-literal-wrapped-contains-k02-group-01-zero rows=0 error=<nil>
warmup 910/1267 graph-id-in-parameter-wrapped-contains-k02-group-01-zero rows=0 error=<nil>
warmup 911/1267 request-selected-set-wrapped-contains-k02-group-01-zero rows=0 error=<nil>
warmup 912/1267 graph-id-in-literal-wrapped-contains-k02-group-01-targeted rows=9 error=<nil>
warmup 913/1267 graph-id-in-parameter-wrapped-contains-k02-group-01-targeted rows=9 error=<nil>
warmup 914/1267 request-selected-set-wrapped-contains-k02-group-01-targeted rows=9 error=<nil>
warmup 915/1267 graph-id-in-literal-wrapped-contains-k02-group-01-dense rows=200 error=<nil>
warmup 916/1267 graph-id-in-parameter-wrapped-contains-k02-group-01-dense rows=200 error=<nil>
warmup 917/1267 request-selected-set-wrapped-contains-k02-group-01-dense rows=200 error=<nil>
warmup 918/1267 graph-id-in-literal-wrapped-contains-k02-group-02-zero rows=0 error=<nil>
warmup 919/1267 graph-id-in-parameter-wrapped-contains-k02-group-02-zero rows=0 error=<nil>
warmup 920/1267 request-selected-set-wrapped-contains-k02-group-02-zero rows=0 error=<nil>
warmup 921/1267 graph-id-in-literal-wrapped-contains-k02-group-02-targeted rows=9 error=<nil>
warmup 922/1267 graph-id-in-parameter-wrapped-contains-k02-group-02-targeted rows=9 error=<nil>
warmup 923/1267 request-selected-set-wrapped-contains-k02-group-02-targeted rows=9 error=<nil>
warmup 924/1267 graph-id-in-literal-wrapped-contains-k02-group-02-dense rows=200 error=<nil>
warmup 925/1267 graph-id-in-parameter-wrapped-contains-k02-group-02-dense rows=200 error=<nil>
warmup 926/1267 request-selected-set-wrapped-contains-k02-group-02-dense rows=200 error=<nil>
warmup 927/1267 graph-id-in-literal-wrapped-contains-k02-group-03-zero rows=0 error=<nil>
warmup 928/1267 graph-id-in-parameter-wrapped-contains-k02-group-03-zero rows=0 error=<nil>
warmup 929/1267 request-selected-set-wrapped-contains-k02-group-03-zero rows=0 error=<nil>
warmup 930/1267 graph-id-in-literal-wrapped-contains-k02-group-03-targeted rows=1 error=<nil>
warmup 931/1267 graph-id-in-parameter-wrapped-contains-k02-group-03-targeted rows=1 error=<nil>
warmup 932/1267 request-selected-set-wrapped-contains-k02-group-03-targeted rows=1 error=<nil>
warmup 933/1267 graph-id-in-literal-wrapped-contains-k02-group-03-dense rows=200 error=<nil>
warmup 934/1267 graph-id-in-parameter-wrapped-contains-k02-group-03-dense rows=200 error=<nil>
warmup 935/1267 request-selected-set-wrapped-contains-k02-group-03-dense rows=200 error=<nil>
warmup 936/1267 graph-id-in-literal-wrapped-contains-k02-group-04-zero rows=0 error=<nil>
warmup 937/1267 graph-id-in-parameter-wrapped-contains-k02-group-04-zero rows=0 error=<nil>
warmup 938/1267 request-selected-set-wrapped-contains-k02-group-04-zero rows=0 error=<nil>
warmup 939/1267 graph-id-in-literal-wrapped-contains-k02-group-04-targeted rows=2 error=<nil>
warmup 940/1267 graph-id-in-parameter-wrapped-contains-k02-group-04-targeted rows=2 error=<nil>
warmup 941/1267 request-selected-set-wrapped-contains-k02-group-04-targeted rows=2 error=<nil>
warmup 942/1267 graph-id-in-literal-wrapped-contains-k02-group-04-dense rows=200 error=<nil>
warmup 943/1267 graph-id-in-parameter-wrapped-contains-k02-group-04-dense rows=200 error=<nil>
warmup 944/1267 request-selected-set-wrapped-contains-k02-group-04-dense rows=200 error=<nil>
warmup 945/1267 graph-id-in-literal-wrapped-contains-k02-group-05-zero rows=0 error=<nil>
warmup 946/1267 graph-id-in-parameter-wrapped-contains-k02-group-05-zero rows=0 error=<nil>
warmup 947/1267 request-selected-set-wrapped-contains-k02-group-05-zero rows=0 error=<nil>
warmup 948/1267 graph-id-in-literal-wrapped-contains-k02-group-05-targeted rows=1 error=<nil>
warmup 949/1267 graph-id-in-parameter-wrapped-contains-k02-group-05-targeted rows=1 error=<nil>
warmup 950/1267 request-selected-set-wrapped-contains-k02-group-05-targeted rows=1 error=<nil>
warmup 951/1267 graph-id-in-literal-wrapped-contains-k02-group-05-dense rows=200 error=<nil>
warmup 952/1267 graph-id-in-parameter-wrapped-contains-k02-group-05-dense rows=200 error=<nil>
warmup 953/1267 request-selected-set-wrapped-contains-k02-group-05-dense rows=200 error=<nil>
warmup 954/1267 graph-id-in-literal-wrapped-contains-k02-group-06-zero rows=0 error=<nil>
warmup 955/1267 graph-id-in-parameter-wrapped-contains-k02-group-06-zero rows=0 error=<nil>
warmup 956/1267 request-selected-set-wrapped-contains-k02-group-06-zero rows=0 error=<nil>
warmup 957/1267 graph-id-in-literal-wrapped-contains-k02-group-06-targeted rows=2 error=<nil>
warmup 958/1267 graph-id-in-parameter-wrapped-contains-k02-group-06-targeted rows=2 error=<nil>
warmup 959/1267 request-selected-set-wrapped-contains-k02-group-06-targeted rows=2 error=<nil>
warmup 960/1267 graph-id-in-literal-wrapped-contains-k02-group-06-dense rows=200 error=<nil>
warmup 961/1267 graph-id-in-parameter-wrapped-contains-k02-group-06-dense rows=200 error=<nil>
warmup 962/1267 request-selected-set-wrapped-contains-k02-group-06-dense rows=200 error=<nil>
warmup 963/1267 graph-id-in-literal-wrapped-contains-k02-group-07-zero rows=0 error=<nil>
warmup 964/1267 graph-id-in-parameter-wrapped-contains-k02-group-07-zero rows=0 error=<nil>
warmup 965/1267 request-selected-set-wrapped-contains-k02-group-07-zero rows=0 error=<nil>
warmup 966/1267 graph-id-in-literal-wrapped-contains-k02-group-07-targeted rows=3 error=<nil>
warmup 967/1267 graph-id-in-parameter-wrapped-contains-k02-group-07-targeted rows=3 error=<nil>
warmup 968/1267 request-selected-set-wrapped-contains-k02-group-07-targeted rows=3 error=<nil>
warmup 969/1267 graph-id-in-literal-wrapped-contains-k02-group-07-dense rows=200 error=<nil>
warmup 970/1267 graph-id-in-parameter-wrapped-contains-k02-group-07-dense rows=200 error=<nil>
warmup 971/1267 request-selected-set-wrapped-contains-k02-group-07-dense rows=200 error=<nil>
warmup 972/1267 graph-id-in-literal-wrapped-contains-k02-group-08-zero rows=0 error=<nil>
warmup 973/1267 graph-id-in-parameter-wrapped-contains-k02-group-08-zero rows=0 error=<nil>
warmup 974/1267 request-selected-set-wrapped-contains-k02-group-08-zero rows=0 error=<nil>
warmup 975/1267 graph-id-in-literal-wrapped-contains-k02-group-08-targeted rows=1 error=<nil>
warmup 976/1267 graph-id-in-parameter-wrapped-contains-k02-group-08-targeted rows=1 error=<nil>
warmup 977/1267 request-selected-set-wrapped-contains-k02-group-08-targeted rows=1 error=<nil>
warmup 978/1267 graph-id-in-literal-wrapped-contains-k02-group-08-dense rows=200 error=<nil>
warmup 979/1267 graph-id-in-parameter-wrapped-contains-k02-group-08-dense rows=200 error=<nil>
warmup 980/1267 request-selected-set-wrapped-contains-k02-group-08-dense rows=200 error=<nil>
warmup 981/1267 graph-id-in-literal-wrapped-contains-k02-group-09-zero rows=0 error=<nil>
warmup 982/1267 graph-id-in-parameter-wrapped-contains-k02-group-09-zero rows=0 error=<nil>
warmup 983/1267 request-selected-set-wrapped-contains-k02-group-09-zero rows=0 error=<nil>
warmup 984/1267 graph-id-in-literal-wrapped-contains-k02-group-09-targeted rows=12 error=<nil>
warmup 985/1267 graph-id-in-parameter-wrapped-contains-k02-group-09-targeted rows=12 error=<nil>
warmup 986/1267 request-selected-set-wrapped-contains-k02-group-09-targeted rows=12 error=<nil>
warmup 987/1267 graph-id-in-literal-wrapped-contains-k02-group-09-dense rows=200 error=<nil>
warmup 988/1267 graph-id-in-parameter-wrapped-contains-k02-group-09-dense rows=200 error=<nil>
warmup 989/1267 request-selected-set-wrapped-contains-k02-group-09-dense rows=200 error=<nil>
warmup 990/1267 graph-id-in-literal-wrapped-contains-k02-group-10-zero rows=0 error=<nil>
warmup 991/1267 graph-id-in-parameter-wrapped-contains-k02-group-10-zero rows=0 error=<nil>
warmup 992/1267 request-selected-set-wrapped-contains-k02-group-10-zero rows=0 error=<nil>
warmup 993/1267 graph-id-in-literal-wrapped-contains-k02-group-10-targeted rows=1 error=<nil>
warmup 994/1267 graph-id-in-parameter-wrapped-contains-k02-group-10-targeted rows=1 error=<nil>
warmup 995/1267 request-selected-set-wrapped-contains-k02-group-10-targeted rows=1 error=<nil>
warmup 996/1267 graph-id-in-literal-wrapped-contains-k02-group-10-dense rows=200 error=<nil>
warmup 997/1267 graph-id-in-parameter-wrapped-contains-k02-group-10-dense rows=200 error=<nil>
warmup 998/1267 request-selected-set-wrapped-contains-k02-group-10-dense rows=200 error=<nil>
warmup 999/1267 graph-id-in-literal-wrapped-contains-k02-group-11-zero rows=0 error=<nil>
warmup 1000/1267 graph-id-in-parameter-wrapped-contains-k02-group-11-zero rows=0 error=<nil>
warmup 1001/1267 request-selected-set-wrapped-contains-k02-group-11-zero rows=0 error=<nil>
warmup 1002/1267 graph-id-in-literal-wrapped-contains-k02-group-11-targeted rows=11 error=<nil>
warmup 1003/1267 graph-id-in-parameter-wrapped-contains-k02-group-11-targeted rows=11 error=<nil>
warmup 1004/1267 request-selected-set-wrapped-contains-k02-group-11-targeted rows=11 error=<nil>
warmup 1005/1267 graph-id-in-literal-wrapped-contains-k02-group-11-dense rows=200 error=<nil>
warmup 1006/1267 graph-id-in-parameter-wrapped-contains-k02-group-11-dense rows=200 error=<nil>
warmup 1007/1267 request-selected-set-wrapped-contains-k02-group-11-dense rows=200 error=<nil>
warmup 1008/1267 graph-id-in-literal-wrapped-contains-k02-group-12-zero rows=0 error=<nil>
warmup 1009/1267 graph-id-in-parameter-wrapped-contains-k02-group-12-zero rows=0 error=<nil>
warmup 1010/1267 request-selected-set-wrapped-contains-k02-group-12-zero rows=0 error=<nil>
warmup 1011/1267 graph-id-in-literal-wrapped-contains-k02-group-12-targeted rows=1 error=<nil>
warmup 1012/1267 graph-id-in-parameter-wrapped-contains-k02-group-12-targeted rows=1 error=<nil>
warmup 1013/1267 request-selected-set-wrapped-contains-k02-group-12-targeted rows=1 error=<nil>
warmup 1014/1267 graph-id-in-literal-wrapped-contains-k02-group-12-dense rows=200 error=<nil>
warmup 1015/1267 graph-id-in-parameter-wrapped-contains-k02-group-12-dense rows=200 error=<nil>
warmup 1016/1267 request-selected-set-wrapped-contains-k02-group-12-dense rows=200 error=<nil>
warmup 1017/1267 graph-id-in-literal-wrapped-contains-k02-group-13-zero rows=0 error=<nil>
warmup 1018/1267 graph-id-in-parameter-wrapped-contains-k02-group-13-zero rows=0 error=<nil>
warmup 1019/1267 request-selected-set-wrapped-contains-k02-group-13-zero rows=0 error=<nil>
warmup 1020/1267 graph-id-in-literal-wrapped-contains-k02-group-13-targeted rows=1 error=<nil>
warmup 1021/1267 graph-id-in-parameter-wrapped-contains-k02-group-13-targeted rows=1 error=<nil>
warmup 1022/1267 request-selected-set-wrapped-contains-k02-group-13-targeted rows=1 error=<nil>
warmup 1023/1267 graph-id-in-literal-wrapped-contains-k02-group-13-dense rows=200 error=<nil>
warmup 1024/1267 graph-id-in-parameter-wrapped-contains-k02-group-13-dense rows=200 error=<nil>
warmup 1025/1267 request-selected-set-wrapped-contains-k02-group-13-dense rows=200 error=<nil>
warmup 1026/1267 graph-id-in-literal-wrapped-contains-k02-group-14-zero rows=0 error=<nil>
warmup 1027/1267 graph-id-in-parameter-wrapped-contains-k02-group-14-zero rows=0 error=<nil>
warmup 1028/1267 request-selected-set-wrapped-contains-k02-group-14-zero rows=0 error=<nil>
warmup 1029/1267 graph-id-in-literal-wrapped-contains-k02-group-14-targeted rows=12 error=<nil>
warmup 1030/1267 graph-id-in-parameter-wrapped-contains-k02-group-14-targeted rows=12 error=<nil>
warmup 1031/1267 request-selected-set-wrapped-contains-k02-group-14-targeted rows=12 error=<nil>
warmup 1032/1267 graph-id-in-literal-wrapped-contains-k02-group-14-dense rows=200 error=<nil>
warmup 1033/1267 graph-id-in-parameter-wrapped-contains-k02-group-14-dense rows=200 error=<nil>
warmup 1034/1267 request-selected-set-wrapped-contains-k02-group-14-dense rows=200 error=<nil>
warmup 1035/1267 graph-id-in-literal-wrapped-contains-k02-group-15-zero rows=0 error=<nil>
warmup 1036/1267 graph-id-in-parameter-wrapped-contains-k02-group-15-zero rows=0 error=<nil>
warmup 1037/1267 request-selected-set-wrapped-contains-k02-group-15-zero rows=0 error=<nil>
warmup 1038/1267 graph-id-in-literal-wrapped-contains-k02-group-15-targeted rows=10 error=<nil>
warmup 1039/1267 graph-id-in-parameter-wrapped-contains-k02-group-15-targeted rows=10 error=<nil>
warmup 1040/1267 request-selected-set-wrapped-contains-k02-group-15-targeted rows=10 error=<nil>
warmup 1041/1267 graph-id-in-literal-wrapped-contains-k02-group-15-dense rows=200 error=<nil>
warmup 1042/1267 graph-id-in-parameter-wrapped-contains-k02-group-15-dense rows=200 error=<nil>
warmup 1043/1267 request-selected-set-wrapped-contains-k02-group-15-dense rows=200 error=<nil>
warmup 1044/1267 graph-id-in-literal-wrapped-contains-k02-group-16-zero rows=0 error=<nil>
warmup 1045/1267 graph-id-in-parameter-wrapped-contains-k02-group-16-zero rows=0 error=<nil>
warmup 1046/1267 request-selected-set-wrapped-contains-k02-group-16-zero rows=0 error=<nil>
warmup 1047/1267 graph-id-in-literal-wrapped-contains-k02-group-16-targeted rows=4 error=<nil>
warmup 1048/1267 graph-id-in-parameter-wrapped-contains-k02-group-16-targeted rows=4 error=<nil>
warmup 1049/1267 request-selected-set-wrapped-contains-k02-group-16-targeted rows=4 error=<nil>
warmup 1050/1267 graph-id-in-literal-wrapped-contains-k02-group-16-dense rows=200 error=<nil>
warmup 1051/1267 graph-id-in-parameter-wrapped-contains-k02-group-16-dense rows=200 error=<nil>
warmup 1052/1267 request-selected-set-wrapped-contains-k02-group-16-dense rows=200 error=<nil>
warmup 1053/1267 graph-id-in-literal-wrapped-contains-k02-group-17-zero rows=0 error=<nil>
warmup 1054/1267 graph-id-in-parameter-wrapped-contains-k02-group-17-zero rows=0 error=<nil>
warmup 1055/1267 request-selected-set-wrapped-contains-k02-group-17-zero rows=0 error=<nil>
warmup 1056/1267 graph-id-in-literal-wrapped-contains-k02-group-17-targeted rows=4 error=<nil>
warmup 1057/1267 graph-id-in-parameter-wrapped-contains-k02-group-17-targeted rows=4 error=<nil>
warmup 1058/1267 request-selected-set-wrapped-contains-k02-group-17-targeted rows=4 error=<nil>
warmup 1059/1267 graph-id-in-literal-wrapped-contains-k02-group-17-dense rows=200 error=<nil>
warmup 1060/1267 graph-id-in-parameter-wrapped-contains-k02-group-17-dense rows=200 error=<nil>
warmup 1061/1267 request-selected-set-wrapped-contains-k02-group-17-dense rows=200 error=<nil>
warmup 1062/1267 graph-id-in-literal-wrapped-contains-k02-group-18-zero rows=0 error=<nil>
warmup 1063/1267 graph-id-in-parameter-wrapped-contains-k02-group-18-zero rows=0 error=<nil>
warmup 1064/1267 request-selected-set-wrapped-contains-k02-group-18-zero rows=0 error=<nil>
warmup 1065/1267 graph-id-in-literal-wrapped-contains-k02-group-18-targeted rows=1 error=<nil>
warmup 1066/1267 graph-id-in-parameter-wrapped-contains-k02-group-18-targeted rows=1 error=<nil>
warmup 1067/1267 request-selected-set-wrapped-contains-k02-group-18-targeted rows=1 error=<nil>
warmup 1068/1267 graph-id-in-literal-wrapped-contains-k02-group-18-dense rows=200 error=<nil>
warmup 1069/1267 graph-id-in-parameter-wrapped-contains-k02-group-18-dense rows=200 error=<nil>
warmup 1070/1267 request-selected-set-wrapped-contains-k02-group-18-dense rows=200 error=<nil>
warmup 1071/1267 graph-id-in-literal-wrapped-contains-k02-group-19-zero rows=0 error=<nil>
warmup 1072/1267 graph-id-in-parameter-wrapped-contains-k02-group-19-zero rows=0 error=<nil>
warmup 1073/1267 request-selected-set-wrapped-contains-k02-group-19-zero rows=0 error=<nil>
warmup 1074/1267 graph-id-in-literal-wrapped-contains-k02-group-19-targeted rows=1 error=<nil>
warmup 1075/1267 graph-id-in-parameter-wrapped-contains-k02-group-19-targeted rows=1 error=<nil>
warmup 1076/1267 request-selected-set-wrapped-contains-k02-group-19-targeted rows=1 error=<nil>
warmup 1077/1267 graph-id-in-literal-wrapped-contains-k02-group-19-dense rows=200 error=<nil>
warmup 1078/1267 graph-id-in-parameter-wrapped-contains-k02-group-19-dense rows=200 error=<nil>
warmup 1079/1267 request-selected-set-wrapped-contains-k02-group-19-dense rows=200 error=<nil>
warmup 1080/1267 graph-id-in-literal-wrapped-contains-k02-group-20-zero rows=0 error=<nil>
warmup 1081/1267 graph-id-in-parameter-wrapped-contains-k02-group-20-zero rows=0 error=<nil>
warmup 1082/1267 request-selected-set-wrapped-contains-k02-group-20-zero rows=0 error=<nil>
warmup 1083/1267 graph-id-in-literal-wrapped-contains-k02-group-20-targeted rows=4 error=<nil>
warmup 1084/1267 graph-id-in-parameter-wrapped-contains-k02-group-20-targeted rows=4 error=<nil>
warmup 1085/1267 request-selected-set-wrapped-contains-k02-group-20-targeted rows=4 error=<nil>
warmup 1086/1267 graph-id-in-literal-wrapped-contains-k02-group-20-dense rows=200 error=<nil>
warmup 1087/1267 graph-id-in-parameter-wrapped-contains-k02-group-20-dense rows=200 error=<nil>
warmup 1088/1267 request-selected-set-wrapped-contains-k02-group-20-dense rows=200 error=<nil>
warmup 1089/1267 graph-id-in-literal-wrapped-contains-k02-group-21-zero rows=0 error=<nil>
warmup 1090/1267 graph-id-in-parameter-wrapped-contains-k02-group-21-zero rows=0 error=<nil>
warmup 1091/1267 request-selected-set-wrapped-contains-k02-group-21-zero rows=0 error=<nil>
warmup 1092/1267 graph-id-in-literal-wrapped-contains-k02-group-21-targeted rows=63 error=<nil>
warmup 1093/1267 graph-id-in-parameter-wrapped-contains-k02-group-21-targeted rows=63 error=<nil>
warmup 1094/1267 request-selected-set-wrapped-contains-k02-group-21-targeted rows=63 error=<nil>
warmup 1095/1267 graph-id-in-literal-wrapped-contains-k02-group-21-dense rows=200 error=<nil>
warmup 1096/1267 graph-id-in-parameter-wrapped-contains-k02-group-21-dense rows=200 error=<nil>
warmup 1097/1267 request-selected-set-wrapped-contains-k02-group-21-dense rows=200 error=<nil>
warmup 1098/1267 graph-id-in-literal-wrapped-contains-k02-group-22-zero rows=0 error=<nil>
warmup 1099/1267 graph-id-in-parameter-wrapped-contains-k02-group-22-zero rows=0 error=<nil>
warmup 1100/1267 request-selected-set-wrapped-contains-k02-group-22-zero rows=0 error=<nil>
warmup 1101/1267 graph-id-in-literal-wrapped-contains-k02-group-22-targeted rows=5 error=<nil>
warmup 1102/1267 graph-id-in-parameter-wrapped-contains-k02-group-22-targeted rows=5 error=<nil>
warmup 1103/1267 request-selected-set-wrapped-contains-k02-group-22-targeted rows=5 error=<nil>
warmup 1104/1267 graph-id-in-literal-wrapped-contains-k02-group-22-dense rows=200 error=<nil>
warmup 1105/1267 graph-id-in-parameter-wrapped-contains-k02-group-22-dense rows=200 error=<nil>
warmup 1106/1267 request-selected-set-wrapped-contains-k02-group-22-dense rows=200 error=<nil>
warmup 1107/1267 graph-id-in-literal-wrapped-contains-k02-group-23-zero rows=0 error=<nil>
warmup 1108/1267 graph-id-in-parameter-wrapped-contains-k02-group-23-zero rows=0 error=<nil>
warmup 1109/1267 request-selected-set-wrapped-contains-k02-group-23-zero rows=0 error=<nil>
warmup 1110/1267 graph-id-in-literal-wrapped-contains-k02-group-23-targeted rows=45 error=<nil>
warmup 1111/1267 graph-id-in-parameter-wrapped-contains-k02-group-23-targeted rows=45 error=<nil>
warmup 1112/1267 request-selected-set-wrapped-contains-k02-group-23-targeted rows=45 error=<nil>
warmup 1113/1267 graph-id-in-literal-wrapped-contains-k02-group-23-dense rows=200 error=<nil>
warmup 1114/1267 graph-id-in-parameter-wrapped-contains-k02-group-23-dense rows=200 error=<nil>
warmup 1115/1267 request-selected-set-wrapped-contains-k02-group-23-dense rows=200 error=<nil>
warmup 1116/1267 graph-id-in-literal-wrapped-contains-k02-group-24-zero rows=0 error=<nil>
warmup 1117/1267 graph-id-in-parameter-wrapped-contains-k02-group-24-zero rows=0 error=<nil>
warmup 1118/1267 request-selected-set-wrapped-contains-k02-group-24-zero rows=0 error=<nil>
warmup 1119/1267 graph-id-in-literal-wrapped-contains-k02-group-24-targeted rows=10 error=<nil>
warmup 1120/1267 graph-id-in-parameter-wrapped-contains-k02-group-24-targeted rows=10 error=<nil>
warmup 1121/1267 request-selected-set-wrapped-contains-k02-group-24-targeted rows=10 error=<nil>
warmup 1122/1267 graph-id-in-literal-wrapped-contains-k02-group-24-dense rows=200 error=<nil>
warmup 1123/1267 graph-id-in-parameter-wrapped-contains-k02-group-24-dense rows=200 error=<nil>
warmup 1124/1267 request-selected-set-wrapped-contains-k02-group-24-dense rows=200 error=<nil>
warmup 1125/1267 graph-id-in-literal-wrapped-contains-k02-group-25-zero rows=0 error=<nil>
warmup 1126/1267 graph-id-in-parameter-wrapped-contains-k02-group-25-zero rows=0 error=<nil>
warmup 1127/1267 request-selected-set-wrapped-contains-k02-group-25-zero rows=0 error=<nil>
warmup 1128/1267 graph-id-in-literal-wrapped-contains-k02-group-25-targeted rows=11 error=<nil>
warmup 1129/1267 graph-id-in-parameter-wrapped-contains-k02-group-25-targeted rows=11 error=<nil>
warmup 1130/1267 request-selected-set-wrapped-contains-k02-group-25-targeted rows=11 error=<nil>
warmup 1131/1267 graph-id-in-literal-wrapped-contains-k02-group-25-dense rows=200 error=<nil>
warmup 1132/1267 graph-id-in-parameter-wrapped-contains-k02-group-25-dense rows=200 error=<nil>
warmup 1133/1267 request-selected-set-wrapped-contains-k02-group-25-dense rows=200 error=<nil>
warmup 1134/1267 graph-id-in-literal-wrapped-contains-k02-group-26-zero rows=0 error=<nil>
warmup 1135/1267 graph-id-in-parameter-wrapped-contains-k02-group-26-zero rows=0 error=<nil>
warmup 1136/1267 request-selected-set-wrapped-contains-k02-group-26-zero rows=0 error=<nil>
warmup 1137/1267 graph-id-in-literal-wrapped-contains-k02-group-26-targeted rows=1 error=<nil>
warmup 1138/1267 graph-id-in-parameter-wrapped-contains-k02-group-26-targeted rows=1 error=<nil>
warmup 1139/1267 request-selected-set-wrapped-contains-k02-group-26-targeted rows=1 error=<nil>
warmup 1140/1267 graph-id-in-literal-wrapped-contains-k02-group-26-dense rows=200 error=<nil>
warmup 1141/1267 graph-id-in-parameter-wrapped-contains-k02-group-26-dense rows=200 error=<nil>
warmup 1142/1267 request-selected-set-wrapped-contains-k02-group-26-dense rows=200 error=<nil>
warmup 1143/1267 graph-id-in-literal-wrapped-contains-k02-group-27-zero rows=0 error=<nil>
warmup 1144/1267 graph-id-in-parameter-wrapped-contains-k02-group-27-zero rows=0 error=<nil>
warmup 1145/1267 request-selected-set-wrapped-contains-k02-group-27-zero rows=0 error=<nil>
warmup 1146/1267 graph-id-in-literal-wrapped-contains-k02-group-27-targeted rows=3 error=<nil>
warmup 1147/1267 graph-id-in-parameter-wrapped-contains-k02-group-27-targeted rows=3 error=<nil>
warmup 1148/1267 request-selected-set-wrapped-contains-k02-group-27-targeted rows=3 error=<nil>
warmup 1149/1267 graph-id-in-literal-wrapped-contains-k02-group-27-dense rows=200 error=<nil>
warmup 1150/1267 graph-id-in-parameter-wrapped-contains-k02-group-27-dense rows=200 error=<nil>
warmup 1151/1267 request-selected-set-wrapped-contains-k02-group-27-dense rows=200 error=<nil>
warmup 1152/1267 graph-id-in-literal-wrapped-contains-k02-group-28-zero rows=0 error=<nil>
warmup 1153/1267 graph-id-in-parameter-wrapped-contains-k02-group-28-zero rows=0 error=<nil>
warmup 1154/1267 request-selected-set-wrapped-contains-k02-group-28-zero rows=0 error=<nil>
warmup 1155/1267 graph-id-in-literal-wrapped-contains-k02-group-28-targeted rows=1 error=<nil>
warmup 1156/1267 graph-id-in-parameter-wrapped-contains-k02-group-28-targeted rows=1 error=<nil>
warmup 1157/1267 request-selected-set-wrapped-contains-k02-group-28-targeted rows=1 error=<nil>
warmup 1158/1267 graph-id-in-literal-wrapped-contains-k02-group-28-dense rows=200 error=<nil>
warmup 1159/1267 graph-id-in-parameter-wrapped-contains-k02-group-28-dense rows=200 error=<nil>
warmup 1160/1267 request-selected-set-wrapped-contains-k02-group-28-dense rows=200 error=<nil>
warmup 1161/1267 graph-id-in-literal-wrapped-contains-k02-group-29-zero rows=0 error=<nil>
warmup 1162/1267 graph-id-in-parameter-wrapped-contains-k02-group-29-zero rows=0 error=<nil>
warmup 1163/1267 request-selected-set-wrapped-contains-k02-group-29-zero rows=0 error=<nil>
warmup 1164/1267 graph-id-in-literal-wrapped-contains-k02-group-29-targeted rows=12 error=<nil>
warmup 1165/1267 graph-id-in-parameter-wrapped-contains-k02-group-29-targeted rows=12 error=<nil>
warmup 1166/1267 request-selected-set-wrapped-contains-k02-group-29-targeted rows=12 error=<nil>
warmup 1167/1267 graph-id-in-literal-wrapped-contains-k02-group-29-dense rows=200 error=<nil>
warmup 1168/1267 graph-id-in-parameter-wrapped-contains-k02-group-29-dense rows=200 error=<nil>
warmup 1169/1267 request-selected-set-wrapped-contains-k02-group-29-dense rows=200 error=<nil>
warmup 1170/1267 graph-id-in-literal-wrapped-contains-k02-group-30-zero rows=0 error=<nil>
warmup 1171/1267 graph-id-in-parameter-wrapped-contains-k02-group-30-zero rows=0 error=<nil>
warmup 1172/1267 request-selected-set-wrapped-contains-k02-group-30-zero rows=0 error=<nil>
warmup 1173/1267 graph-id-in-literal-wrapped-contains-k02-group-30-targeted rows=13 error=<nil>
warmup 1174/1267 graph-id-in-parameter-wrapped-contains-k02-group-30-targeted rows=13 error=<nil>
warmup 1175/1267 request-selected-set-wrapped-contains-k02-group-30-targeted rows=13 error=<nil>
warmup 1176/1267 graph-id-in-literal-wrapped-contains-k02-group-30-dense rows=200 error=<nil>
warmup 1177/1267 graph-id-in-parameter-wrapped-contains-k02-group-30-dense rows=200 error=<nil>
warmup 1178/1267 request-selected-set-wrapped-contains-k02-group-30-dense rows=200 error=<nil>
warmup 1179/1267 graph-id-in-literal-wrapped-contains-k02-group-31-zero rows=0 error=<nil>
warmup 1180/1267 graph-id-in-parameter-wrapped-contains-k02-group-31-zero rows=0 error=<nil>
warmup 1181/1267 request-selected-set-wrapped-contains-k02-group-31-zero rows=0 error=<nil>
warmup 1182/1267 graph-id-in-literal-wrapped-contains-k02-group-31-targeted rows=1 error=<nil>
warmup 1183/1267 graph-id-in-parameter-wrapped-contains-k02-group-31-targeted rows=1 error=<nil>
warmup 1184/1267 request-selected-set-wrapped-contains-k02-group-31-targeted rows=1 error=<nil>
warmup 1185/1267 graph-id-in-literal-wrapped-contains-k02-group-31-dense rows=200 error=<nil>
warmup 1186/1267 graph-id-in-parameter-wrapped-contains-k02-group-31-dense rows=200 error=<nil>
warmup 1187/1267 request-selected-set-wrapped-contains-k02-group-31-dense rows=200 error=<nil>
warmup 1188/1267 graph-id-in-literal-wrapped-contains-k08-group-00-zero rows=0 error=<nil>
warmup 1189/1267 graph-id-in-parameter-wrapped-contains-k08-group-00-zero rows=0 error=<nil>
warmup 1190/1267 request-selected-set-wrapped-contains-k08-group-00-zero rows=0 error=<nil>
warmup 1191/1267 graph-id-in-literal-wrapped-contains-k08-group-00-targeted rows=10 error=<nil>
warmup 1192/1267 graph-id-in-parameter-wrapped-contains-k08-group-00-targeted rows=10 error=<nil>
warmup 1193/1267 request-selected-set-wrapped-contains-k08-group-00-targeted rows=10 error=<nil>
warmup 1194/1267 graph-id-in-literal-wrapped-contains-k08-group-00-dense rows=200 error=<nil>
warmup 1195/1267 graph-id-in-parameter-wrapped-contains-k08-group-00-dense rows=200 error=<nil>
warmup 1196/1267 request-selected-set-wrapped-contains-k08-group-00-dense rows=200 error=<nil>
warmup 1197/1267 graph-id-in-literal-wrapped-contains-k08-group-01-zero rows=0 error=<nil>
warmup 1198/1267 graph-id-in-parameter-wrapped-contains-k08-group-01-zero rows=0 error=<nil>
warmup 1199/1267 request-selected-set-wrapped-contains-k08-group-01-zero rows=0 error=<nil>
warmup 1200/1267 graph-id-in-literal-wrapped-contains-k08-group-01-targeted rows=2 error=<nil>
warmup 1201/1267 graph-id-in-parameter-wrapped-contains-k08-group-01-targeted rows=2 error=<nil>
warmup 1202/1267 request-selected-set-wrapped-contains-k08-group-01-targeted rows=2 error=<nil>
warmup 1203/1267 graph-id-in-literal-wrapped-contains-k08-group-01-dense rows=200 error=<nil>
warmup 1204/1267 graph-id-in-parameter-wrapped-contains-k08-group-01-dense rows=200 error=<nil>
warmup 1205/1267 request-selected-set-wrapped-contains-k08-group-01-dense rows=200 error=<nil>
warmup 1206/1267 graph-id-in-literal-wrapped-contains-k08-group-02-zero rows=0 error=<nil>
warmup 1207/1267 graph-id-in-parameter-wrapped-contains-k08-group-02-zero rows=0 error=<nil>
warmup 1208/1267 request-selected-set-wrapped-contains-k08-group-02-zero rows=0 error=<nil>
warmup 1209/1267 graph-id-in-literal-wrapped-contains-k08-group-02-targeted rows=1 error=<nil>
warmup 1210/1267 graph-id-in-parameter-wrapped-contains-k08-group-02-targeted rows=1 error=<nil>
warmup 1211/1267 request-selected-set-wrapped-contains-k08-group-02-targeted rows=1 error=<nil>
warmup 1212/1267 graph-id-in-literal-wrapped-contains-k08-group-02-dense rows=200 error=<nil>
warmup 1213/1267 graph-id-in-parameter-wrapped-contains-k08-group-02-dense rows=200 error=<nil>
warmup 1214/1267 request-selected-set-wrapped-contains-k08-group-02-dense rows=200 error=<nil>
warmup 1215/1267 graph-id-in-literal-wrapped-contains-k08-group-03-zero rows=0 error=<nil>
warmup 1216/1267 graph-id-in-parameter-wrapped-contains-k08-group-03-zero rows=0 error=<nil>
warmup 1217/1267 request-selected-set-wrapped-contains-k08-group-03-zero rows=0 error=<nil>
warmup 1218/1267 graph-id-in-literal-wrapped-contains-k08-group-03-targeted rows=11 error=<nil>
warmup 1219/1267 graph-id-in-parameter-wrapped-contains-k08-group-03-targeted rows=11 error=<nil>
warmup 1220/1267 request-selected-set-wrapped-contains-k08-group-03-targeted rows=11 error=<nil>
warmup 1221/1267 graph-id-in-literal-wrapped-contains-k08-group-03-dense rows=200 error=<nil>
warmup 1222/1267 graph-id-in-parameter-wrapped-contains-k08-group-03-dense rows=200 error=<nil>
warmup 1223/1267 request-selected-set-wrapped-contains-k08-group-03-dense rows=200 error=<nil>
warmup 1224/1267 graph-id-in-literal-wrapped-contains-k08-group-04-zero rows=0 error=<nil>
warmup 1225/1267 graph-id-in-parameter-wrapped-contains-k08-group-04-zero rows=0 error=<nil>
warmup 1226/1267 request-selected-set-wrapped-contains-k08-group-04-zero rows=0 error=<nil>
warmup 1227/1267 graph-id-in-literal-wrapped-contains-k08-group-04-targeted rows=4 error=<nil>
warmup 1228/1267 graph-id-in-parameter-wrapped-contains-k08-group-04-targeted rows=4 error=<nil>
warmup 1229/1267 request-selected-set-wrapped-contains-k08-group-04-targeted rows=4 error=<nil>
warmup 1230/1267 graph-id-in-literal-wrapped-contains-k08-group-04-dense rows=200 error=<nil>
warmup 1231/1267 graph-id-in-parameter-wrapped-contains-k08-group-04-dense rows=200 error=<nil>
warmup 1232/1267 request-selected-set-wrapped-contains-k08-group-04-dense rows=200 error=<nil>
warmup 1233/1267 graph-id-in-literal-wrapped-contains-k08-group-05-zero rows=0 error=<nil>
warmup 1234/1267 graph-id-in-parameter-wrapped-contains-k08-group-05-zero rows=0 error=<nil>
warmup 1235/1267 request-selected-set-wrapped-contains-k08-group-05-zero rows=0 error=<nil>
warmup 1236/1267 graph-id-in-literal-wrapped-contains-k08-group-05-targeted rows=5 error=<nil>
warmup 1237/1267 graph-id-in-parameter-wrapped-contains-k08-group-05-targeted rows=5 error=<nil>
warmup 1238/1267 request-selected-set-wrapped-contains-k08-group-05-targeted rows=5 error=<nil>
warmup 1239/1267 graph-id-in-literal-wrapped-contains-k08-group-05-dense rows=200 error=<nil>
warmup 1240/1267 graph-id-in-parameter-wrapped-contains-k08-group-05-dense rows=200 error=<nil>
warmup 1241/1267 request-selected-set-wrapped-contains-k08-group-05-dense rows=200 error=<nil>
warmup 1242/1267 graph-id-in-literal-wrapped-contains-k08-group-06-zero rows=0 error=<nil>
warmup 1243/1267 graph-id-in-parameter-wrapped-contains-k08-group-06-zero rows=0 error=<nil>
warmup 1244/1267 request-selected-set-wrapped-contains-k08-group-06-zero rows=0 error=<nil>
warmup 1245/1267 graph-id-in-literal-wrapped-contains-k08-group-06-targeted rows=10 error=<nil>
warmup 1246/1267 graph-id-in-parameter-wrapped-contains-k08-group-06-targeted rows=10 error=<nil>
warmup 1247/1267 request-selected-set-wrapped-contains-k08-group-06-targeted rows=10 error=<nil>
warmup 1248/1267 graph-id-in-literal-wrapped-contains-k08-group-06-dense rows=200 error=<nil>
warmup 1249/1267 graph-id-in-parameter-wrapped-contains-k08-group-06-dense rows=200 error=<nil>
warmup 1250/1267 request-selected-set-wrapped-contains-k08-group-06-dense rows=200 error=<nil>
warmup 1251/1267 graph-id-in-literal-wrapped-contains-k08-group-07-zero rows=0 error=<nil>
warmup 1252/1267 graph-id-in-parameter-wrapped-contains-k08-group-07-zero rows=0 error=<nil>
warmup 1253/1267 request-selected-set-wrapped-contains-k08-group-07-zero rows=0 error=<nil>
warmup 1254/1267 graph-id-in-literal-wrapped-contains-k08-group-07-targeted rows=5 error=<nil>
warmup 1255/1267 graph-id-in-parameter-wrapped-contains-k08-group-07-targeted rows=5 error=<nil>
warmup 1256/1267 request-selected-set-wrapped-contains-k08-group-07-targeted rows=5 error=<nil>
warmup 1257/1267 graph-id-in-literal-wrapped-contains-k08-group-07-dense rows=200 error=<nil>
warmup 1258/1267 graph-id-in-parameter-wrapped-contains-k08-group-07-dense rows=200 error=<nil>
warmup 1259/1267 request-selected-set-wrapped-contains-k08-group-07-dense rows=200 error=<nil>
warmup 1260/1267 graph-id-in-literal-wrapped-contains-k64-group-00-zero rows=0 error=<nil>
warmup 1261/1267 graph-id-in-parameter-wrapped-contains-k64-group-00-zero rows=0 error=<nil>
warmup 1262/1267 graph-id-in-literal-wrapped-contains-k64-group-00-targeted rows=11 error=<nil>
warmup 1263/1267 graph-id-in-parameter-wrapped-contains-k64-group-00-targeted rows=11 error=<nil>
warmup 1264/1267 request-selected-set-wrapped-contains-k64-group-00-targeted rows=11 error=<nil>
warmup 1265/1267 graph-id-in-literal-wrapped-contains-k64-group-00-dense rows=200 error=<nil>
warmup 1266/1267 graph-id-in-parameter-wrapped-contains-k64-group-00-dense rows=200 error=<nil>
warmup 1267/1267 request-selected-set-wrapped-contains-k64-group-00-dense rows=200 error=<nil>
warmup had 1 failed cases
