id	family	shape	selectivity	operator	boundary	projection	limit	targetGraphId	targetGraphIds	selectedGraphCount	workloadIdentity	outcome	rowCount	responseBytes	digest	latencyNanos	fixtureDistributionId	hitGraphIds	executionPath	inputSourceCount	accessedGraphCount	accessedGraphIds	targetGraphAccessCount	nonTargetGraphAccessCount	parallelScanCount	indexLookupCount	peakActiveWorkers	graphWorkUnits	graphIdSourceSelections	graphIdSourcePruningExecutions	graphIdSourcesPruned	filteredNodeLimitFastPathExecutions	generalFallbackExecutions
request-selected-set-wrapped-contains-k64-group-00-zero	graph-set-reference	request-selected-set-wrapped-contains	zero	request-graph-set-selection-and-wrapped-contains	request-selected-source	properties	200	fixture-android-00	fixture-android-00,fixture-android-01,fixture-android-02,fixture-android-03,fixture-android-04,fixture-android-05,fixture-android-06,fixture-android-07,fixture-android-08,fixture-android-09,fixture-android-10,fixture-android-11,fixture-android-12,fixture-android-13,fixture-android-14,fixture-android-15,fixture-tika-00,fixture-tika-01,fixture-tika-02,fixture-tika-03,fixture-tika-04,fixture-tika-05,fixture-tika-06,fixture-tika-07,fixture-tika-08,fixture-tika-09,fixture-tika-10,fixture-tika-11,fixture-tika-12,fixture-tika-13,fixture-tika-14,fixture-tika-15,fixture-hive-00,fixture-hive-01,fixture-hive-02,fixture-hive-03,fixture-hive-04,fixture-hive-05,fixture-hive-06,fixture-hive-07,fixture-hive-08,fixture-hive-09,fixture-hive-10,fixture-hive-11,fixture-hive-12,fixture-hive-13,fixture-hive-14,fixture-hive-15,fixture-kotlin-compiler-00,fixture-kotlin-compiler-01,fixture-kotlin-compiler-02,fixture-kotlin-compiler-03,fixture-kotlin-compiler-04,fixture-kotlin-compiler-05,fixture-kotlin-compiler-06,fixture-kotlin-compiler-07,fixture-kotlin-compiler-08,fixture-kotlin-compiler-09,fixture-kotlin-compiler-10,fixture-kotlin-compiler-11,fixture-kotlin-compiler-12,fixture-kotlin-compiler-13,fixture-kotlin-compiler-14,fixture-kotlin-compiler-15	64	35bad66d358dca7faeb0cdf55b64b864a288b1b7a4100dbf64766839a0267284	success	0	147	805c8c7334c868e18e2be84be95b83cc60895722d739c2b164a68be4cd410c49	15939084			request-selected-source	64	64	fixture-android-00,fixture-android-01,fixture-android-02,fixture-android-03,fixture-android-04,fixture-android-05,fixture-android-06,fixture-android-07,fixture-android-08,fixture-android-09,fixture-android-10,fixture-android-11,fixture-android-12,fixture-android-13,fixture-android-14,fixture-android-15,fixture-hive-00,fixture-hive-01,fixture-hive-02,fixture-hive-03,fixture-hive-04,fixture-hive-05,fixture-hive-06,fixture-hive-07,fixture-hive-08,fixture-hive-09,fixture-hive-10,fixture-hive-11,fixture-hive-12,fixture-hive-13,fixture-hive-14,fixture-hive-15,fixture-kotlin-compiler-00,fixture-kotlin-compiler-01,fixture-kotlin-compiler-02,fixture-kotlin-compiler-03,fixture-kotlin-compiler-04,fixture-kotlin-compiler-05,fixture-kotlin-compiler-06,fixture-kotlin-compiler-07,fixture-kotlin-compiler-08,fixture-kotlin-compiler-09,fixture-kotlin-compiler-10,fixture-kotlin-compiler-11,fixture-kotlin-compiler-12,fixture-kotlin-compiler-13,fixture-kotlin-compiler-14,fixture-kotlin-compiler-15,fixture-tika-00,fixture-tika-01,fixture-tika-02,fixture-tika-03,fixture-tika-04,fixture-tika-05,fixture-tika-06,fixture-tika-07,fixture-tika-08,fixture-tika-09,fixture-tika-10,fixture-tika-11,fixture-tika-12,fixture-tika-13,fixture-tika-14,fixture-tika-15	64	0	0	64	0	198	0	0	0	1	0
single-contains-unlabeled-zero	contains	single-contains-unlabeled	zero	contains	single-query	property	200			0		success	0	49	3ac63634ef061bbfd710d08a2153c866385b655741559497d76793f6c8d76e1a	6703792			cross-graph-query	64	64	fixture-android-00,fixture-android-01,fixture-android-02,fixture-android-03,fixture-android-04,fixture-android-05,fixture-android-06,fixture-android-07,fixture-android-08,fixture-android-09,fixture-android-10,fixture-android-11,fixture-android-12,fixture-android-13,fixture-android-14,fixture-android-15,fixture-hive-00,fixture-hive-01,fixture-hive-02,fixture-hive-03,fixture-hive-04,fixture-hive-05,fixture-hive-06,fixture-hive-07,fixture-hive-08,fixture-hive-09,fixture-hive-10,fixture-hive-11,fixture-hive-12,fixture-hive-13,fixture-hive-14,fixture-hive-15,fixture-kotlin-compiler-00,fixture-kotlin-compiler-01,fixture-kotlin-compiler-02,fixture-kotlin-compiler-03,fixture-kotlin-compiler-04,fixture-kotlin-compiler-05,fixture-kotlin-compiler-06,fixture-kotlin-compiler-07,fixture-kotlin-compiler-08,fixture-kotlin-compiler-09,fixture-kotlin-compiler-10,fixture-kotlin-compiler-11,fixture-kotlin-compiler-12,fixture-kotlin-compiler-13,fixture-kotlin-compiler-14,fixture-kotlin-compiler-15,fixture-tika-00,fixture-tika-01,fixture-tika-02,fixture-tika-03,fixture-tika-04,fixture-tika-05,fixture-tika-06,fixture-tika-07,fixture-tika-08,fixture-tika-09,fixture-tika-10,fixture-tika-11,fixture-tika-12,fixture-tika-13,fixture-tika-14,fixture-tika-15	0	64	0	1	0	2732	0	0	0	1	0
single-contains-unlabeled-targeted	contains	single-contains-unlabeled	targeted	contains	single-query	property	200			0		success	200	46966	187a62814fc87275955331a4cde38a147e1075c02ad5783005edd39f361863c0	18010666		fixture-android-00	cross-graph-query	64	1	fixture-android-00	0	1	0	1	0	50208	0	0	0	1	0
single-contains-unlabeled-dense	contains	single-contains-unlabeled	dense	contains	single-query	property	200			0		success	200	43486	f04c68d9d3fe27750516e393271bda65227db7f5fdf116b9a10f7b3d7d4068ff	53159459		fixture-android-00,fixture-android-01	cross-graph-query	64	9	fixture-android-00,fixture-android-01,fixture-android-02,fixture-android-03,fixture-android-04,fixture-android-05,fixture-android-06,fixture-android-07,fixture-android-08	0	9	8	1	6	555345	0	0	0	1	0
class-contains-or-unlabeled-zero	contains	class-contains-or-unlabeled	zero	contains	single-query	distinct-properties	200			0		success	0	135	2353923ee345bb31a3e5b5684fd9597f5a309f18266c51232f6d903326d6ab83	3770125			cross-graph-query	64	64	fixture-android-00,fixture-android-01,fixture-android-02,fixture-android-03,fixture-android-04,fixture-android-05,fixture-android-06,fixture-android-07,fixture-android-08,fixture-android-09,fixture-android-10,fixture-android-11,fixture-android-12,fixture-android-13,fixture-android-14,fixture-android-15,fixture-hive-00,fixture-hive-01,fixture-hive-02,fixture-hive-03,fixture-hive-04,fixture-hive-05,fixture-hive-06,fixture-hive-07,fixture-hive-08,fixture-hive-09,fixture-hive-10,fixture-hive-11,fixture-hive-12,fixture-hive-13,fixture-hive-14,fixture-hive-15,fixture-kotlin-compiler-00,fixture-kotlin-compiler-01,fixture-kotlin-compiler-02,fixture-kotlin-compiler-03,fixture-kotlin-compiler-04,fixture-kotlin-compiler-05,fixture-kotlin-compiler-06,fixture-kotlin-compiler-07,fixture-kotlin-compiler-08,fixture-kotlin-compiler-09,fixture-kotlin-compiler-10,fixture-kotlin-compiler-11,fixture-kotlin-compiler-12,fixture-kotlin-compiler-13,fixture-kotlin-compiler-14,fixture-kotlin-compiler-15,fixture-tika-00,fixture-tika-01,fixture-tika-02,fixture-tika-03,fixture-tika-04,fixture-tika-05,fixture-tika-06,fixture-tika-07,fixture-tika-08,fixture-tika-09,fixture-tika-10,fixture-tika-11,fixture-tika-12,fixture-tika-13,fixture-tika-14,fixture-tika-15	0	64	0	0	0	2732	0	0	0	1	0
class-contains-or-unlabeled-targeted	contains	class-contains-or-unlabeled	targeted	contains	single-query	distinct-properties	200			0		success	200	83519	53f0c918dbe233f05eefcdf3e11b20da968aac6c4c4aa519a060b127d565daba	140654834		fixture-tika-00	cross-graph-query	64	64	fixture-android-00,fixture-android-01,fixture-android-02,fixture-android-03,fixture-android-04,fixture-android-05,fixture-android-06,fixture-android-07,fixture-android-08,fixture-android-09,fixture-android-10,fixture-android-11,fixture-android-12,fixture-android-13,fixture-android-14,fixture-android-15,fixture-hive-00,fixture-hive-01,fixture-hive-02,fixture-hive-03,fixture-hive-04,fixture-hive-05,fixture-hive-06,fixture-hive-07,fixture-hive-08,fixture-hive-09,fixture-hive-10,fixture-hive-11,fixture-hive-12,fixture-hive-13,fixture-hive-14,fixture-hive-15,fixture-kotlin-compiler-00,fixture-kotlin-compiler-01,fixture-kotlin-compiler-02,fixture-kotlin-compiler-03,fixture-kotlin-compiler-04,fixture-kotlin-compiler-05,fixture-kotlin-compiler-06,fixture-kotlin-compiler-07,fixture-kotlin-compiler-08,fixture-kotlin-compiler-09,fixture-kotlin-compiler-10,fixture-kotlin-compiler-11,fixture-kotlin-compiler-12,fixture-kotlin-compiler-13,fixture-kotlin-compiler-14,fixture-kotlin-compiler-15,fixture-tika-00,fixture-tika-01,fixture-tika-02,fixture-tika-03,fixture-tika-04,fixture-tika-05,fixture-tika-06,fixture-tika-07,fixture-tika-08,fixture-tika-09,fixture-tika-10,fixture-tika-11,fixture-tika-12,fixture-tika-13,fixture-tika-14,fixture-tika-15	0	64	3	0	9	60604985	0	0	0	1	0
class-contains-or-unlabeled-dense	contains	class-contains-or-unlabeled	dense	contains	single-query	distinct-properties	200			0		success	200	84622	c137e7938bacc81b3aa1233c728d8500839ed0ca85735ef7a589c901721364e1	89361875		fixture-android-00,fixture-tika-00	cross-graph-query	64	64	fixture-android-00,fixture-android-01,fixture-android-02,fixture-android-03,fixture-android-04,fixture-android-05,fixture-android-06,fixture-android-07,fixture-android-08,fixture-android-09,fixture-android-10,fixture-android-11,fixture-android-12,fixture-android-13,fixture-android-14,fixture-android-15,fixture-hive-00,fixture-hive-01,fixture-hive-02,fixture-hive-03,fixture-hive-04,fixture-hive-05,fixture-hive-06,fixture-hive-07,fixture-hive-08,fixture-hive-09,fixture-hive-10,fixture-hive-11,fixture-hive-12,fixture-hive-13,fixture-hive-14,fixture-hive-15,fixture-kotlin-compiler-00,fixture-kotlin-compiler-01,fixture-kotlin-compiler-02,fixture-kotlin-compiler-03,fixture-kotlin-compiler-04,fixture-kotlin-compiler-05,fixture-kotlin-compiler-06,fixture-kotlin-compiler-07,fixture-kotlin-compiler-08,fixture-kotlin-compiler-09,fixture-kotlin-compiler-10,fixture-kotlin-compiler-11,fixture-kotlin-compiler-12,fixture-kotlin-compiler-13,fixture-kotlin-compiler-14,fixture-kotlin-compiler-15,fixture-tika-00,fixture-tika-01,fixture-tika-02,fixture-tika-03,fixture-tika-04,fixture-tika-05,fixture-tika-06,fixture-tika-07,fixture-tika-08,fixture-tika-09,fixture-tika-10,fixture-tika-11,fixture-tika-12,fixture-tika-13,fixture-tika-14,fixture-tika-15	0	64	2	0	9	390351	0	0	0	1	0
name-contains-or-unlabeled-zero	contains	name-contains-or-unlabeled	zero	contains	single-query	properties	200			0		success	0	135	2353923ee345bb31a3e5b5684fd9597f5a309f18266c51232f6d903326d6ab83	3439167			cross-graph-query	64	64	fixture-android-00,fixture-android-01,fixture-android-02,fixture-android-03,fixture-android-04,fixture-android-05,fixture-android-06,fixture-android-07,fixture-android-08,fixture-android-09,fixture-android-10,fixture-android-11,fixture-android-12,fixture-android-13,fixture-android-14,fixture-android-15,fixture-hive-00,fixture-hive-01,fixture-hive-02,fixture-hive-03,fixture-hive-04,fixture-hive-05,fixture-hive-06,fixture-hive-07,fixture-hive-08,fixture-hive-09,fixture-hive-10,fixture-hive-11,fixture-hive-12,fixture-hive-13,fixture-hive-14,fixture-hive-15,fixture-kotlin-compiler-00,fixture-kotlin-compiler-01,fixture-kotlin-compiler-02,fixture-kotlin-compiler-03,fixture-kotlin-compiler-04,fixture-kotlin-compiler-05,fixture-kotlin-compiler-06,fixture-kotlin-compiler-07,fixture-kotlin-compiler-08,fixture-kotlin-compiler-09,fixture-kotlin-compiler-10,fixture-kotlin-compiler-11,fixture-kotlin-compiler-12,fixture-kotlin-compiler-13,fixture-kotlin-compiler-14,fixture-kotlin-compiler-15,fixture-tika-00,fixture-tika-01,fixture-tika-02,fixture-tika-03,fixture-tika-04,fixture-tika-05,fixture-tika-06,fixture-tika-07,fixture-tika-08,fixture-tika-09,fixture-tika-10,fixture-tika-11,fixture-tika-12,fixture-tika-13,fixture-tika-14,fixture-tika-15	0	64	0	0	0	1366	0	0	0	1	0
name-contains-or-unlabeled-targeted	contains	name-contains-or-unlabeled	targeted	contains	single-query	properties	200			0		success	0	135	2353923ee345bb31a3e5b5684fd9597f5a309f18266c51232f6d903326d6ab83	32527833			cross-graph-query	64	64	fixture-android-00,fixture-android-01,fixture-android-02,fixture-android-03,fixture-android-04,fixture-android-05,fixture-android-06,fixture-android-07,fixture-android-08,fixture-android-09,fixture-android-10,fixture-android-11,fixture-android-12,fixture-android-13,fixture-android-14,fixture-android-15,fixture-hive-00,fixture-hive-01,fixture-hive-02,fixture-hive-03,fixture-hive-04,fixture-hive-05,fixture-hive-06,fixture-hive-07,fixture-hive-08,fixture-hive-09,fixture-hive-10,fixture-hive-11,fixture-hive-12,fixture-hive-13,fixture-hive-14,fixture-hive-15,fixture-kotlin-compiler-00,fixture-kotlin-compiler-01,fixture-kotlin-compiler-02,fixture-kotlin-compiler-03,fixture-kotlin-compiler-04,fixture-kotlin-compiler-05,fixture-kotlin-compiler-06,fixture-kotlin-compiler-07,fixture-kotlin-compiler-08,fixture-kotlin-compiler-09,fixture-kotlin-compiler-10,fixture-kotlin-compiler-11,fixture-kotlin-compiler-12,fixture-kotlin-compiler-13,fixture-kotlin-compiler-14,fixture-kotlin-compiler-15,fixture-tika-00,fixture-tika-01,fixture-tika-02,fixture-tika-03,fixture-tika-04,fixture-tika-05,fixture-tika-06,fixture-tika-07,fixture-tika-08,fixture-tika-09,fixture-tika-10,fixture-tika-11,fixture-tika-12,fixture-tika-13,fixture-tika-14,fixture-tika-15	0	64	0	0	0	1330151	0	0	0	1	0
name-contains-or-unlabeled-dense	contains	name-contains-or-unlabeled	dense	contains	single-query	properties	200			0		success	200	82000	2a7acbfb07e87af8a7af73cff4e8aed29a642ce9b7e5ca901f3385df7a2e2671	1114625		fixture-android-00	cross-graph-query	64	1	fixture-android-00	0	1	0	0	0	681	0	0	0	1	0
four-contains-or-unlabeled-zero	contains	four-contains-or-unlabeled	zero	contains	single-query	properties	200			0		success	0	173	21514b44bab7a7f1a700cdc7119f3ce1b4ea8304c84e402ddb5f9775b21dd8af	1472958			cross-graph-query	64	64	fixture-android-00,fixture-android-01,fixture-android-02,fixture-android-03,fixture-android-04,fixture-android-05,fixture-android-06,fixture-android-07,fixture-android-08,fixture-android-09,fixture-android-10,fixture-android-11,fixture-android-12,fixture-android-13,fixture-android-14,fixture-android-15,fixture-hive-00,fixture-hive-01,fixture-hive-02,fixture-hive-03,fixture-hive-04,fixture-hive-05,fixture-hive-06,fixture-hive-07,fixture-hive-08,fixture-hive-09,fixture-hive-10,fixture-hive-11,fixture-hive-12,fixture-hive-13,fixture-hive-14,fixture-hive-15,fixture-kotlin-compiler-00,fixture-kotlin-compiler-01,fixture-kotlin-compiler-02,fixture-kotlin-compiler-03,fixture-kotlin-compiler-04,fixture-kotlin-compiler-05,fixture-kotlin-compiler-06,fixture-kotlin-compiler-07,fixture-kotlin-compiler-08,fixture-kotlin-compiler-09,fixture-kotlin-compiler-10,fixture-kotlin-compiler-11,fixture-kotlin-compiler-12,fixture-kotlin-compiler-13,fixture-kotlin-compiler-14,fixture-kotlin-compiler-15,fixture-tika-00,fixture-tika-01,fixture-tika-02,fixture-tika-03,fixture-tika-04,fixture-tika-05,fixture-tika-06,fixture-tika-07,fixture-tika-08,fixture-tika-09,fixture-tika-10,fixture-tika-11,fixture-tika-12,fixture-tika-13,fixture-tika-14,fixture-tika-15	0	64	0	0	0	1365	0	0	0	1	0
four-contains-or-unlabeled-targeted	contains	four-contains-or-unlabeled	targeted	contains	single-query	properties	200			0		success	200	112015	9f09930cd4aa7572add3e43b8434a4721a3b0f6622af359dc299310f9bbd7e96	2711709		fixture-android-00	cross-graph-query	64	1	fixture-android-00	0	1	0	0	0	7282	0	0	0	1	0
four-contains-or-unlabeled-dense	contains	four-contains-or-unlabeled	dense	contains	single-query	properties	200			0		success	200	99187	4288f8530cba49c2f9780fe900f62e94fc14fc44b47b140457d983d5fcd2dd5c	80373750		fixture-android-00	cross-graph-query	64	1	fixture-android-00	0	1	0	1	0	1126476	0	0	0	1	0
four-contains-or-labeled-zero	contains	four-contains-or-labeled	zero	contains	single-query	properties	200			0		success	0	147	805c8c7334c868e18e2be84be95b83cc60895722d739c2b164a68be4cd410c49	1546000			cross-graph-query	64	64	fixture-android-00,fixture-android-01,fixture-android-02,fixture-android-03,fixture-android-04,fixture-android-05,fixture-android-06,fixture-android-07,fixture-android-08,fixture-android-09,fixture-android-10,fixture-android-11,fixture-android-12,fixture-android-13,fixture-android-14,fixture-android-15,fixture-hive-00,fixture-hive-01,fixture-hive-02,fixture-hive-03,fixture-hive-04,fixture-hive-05,fixture-hive-06,fixture-hive-07,fixture-hive-08,fixture-hive-09,fixture-hive-10,fixture-hive-11,fixture-hive-12,fixture-hive-13,fixture-hive-14,fixture-hive-15,fixture-kotlin-compiler-00,fixture-kotlin-compiler-01,fixture-kotlin-compiler-02,fixture-kotlin-compiler-03,fixture-kotlin-compiler-04,fixture-kotlin-compiler-05,fixture-kotlin-compiler-06,fixture-kotlin-compiler-07,fixture-kotlin-compiler-08,fixture-kotlin-compiler-09,fixture-kotlin-compiler-10,fixture-kotlin-compiler-11,fixture-kotlin-compiler-12,fixture-kotlin-compiler-13,fixture-kotlin-compiler-14,fixture-kotlin-compiler-15,fixture-tika-00,fixture-tika-01,fixture-tika-02,fixture-tika-03,fixture-tika-04,fixture-tika-05,fixture-tika-06,fixture-tika-07,fixture-tika-08,fixture-tika-09,fixture-tika-10,fixture-tika-11,fixture-tika-12,fixture-tika-13,fixture-tika-14,fixture-tika-15	0	64	0	0	0	1366	0	0	0	1	0
four-contains-or-labeled-targeted	contains	four-contains-or-labeled	targeted	contains	single-query	properties	200			0		success	200	86272	94ef562421942882b2562b2b8a3d6905607c166fc039d3daec1c50e988a8c0eb	11542375		fixture-android-00	cross-graph-query	64	1	fixture-android-00	0	1	0	0	0	520712	0	0	0	1	0
four-contains-or-labeled-dense	contains	four-contains-or-labeled	dense	contains	single-query	properties	200			0		success	200	82009	e65f72b24be32eccca575f0ae4151e8dee6e89e2971db9727071b046e14b3ea4	796084		fixture-android-00	cross-graph-query	64	1	fixture-android-00	0	1	0	0	0	254	0	0	0	1	0
starts-or-raw-zero	contains	starts-or-raw	zero	starts-with	single-query	properties	100			0		success	0	84	425b336aa734c4a1ffbfb58aeaf5489b33f919170492c4bff859504736492e7f	136609417			cross-graph-query	64	64	fixture-android-00,fixture-android-01,fixture-android-02,fixture-android-03,fixture-android-04,fixture-android-05,fixture-android-06,fixture-android-07,fixture-android-08,fixture-android-09,fixture-android-10,fixture-android-11,fixture-android-12,fixture-android-13,fixture-android-14,fixture-android-15,fixture-hive-00,fixture-hive-01,fixture-hive-02,fixture-hive-03,fixture-hive-04,fixture-hive-05,fixture-hive-06,fixture-hive-07,fixture-hive-08,fixture-hive-09,fixture-hive-10,fixture-hive-11,fixture-hive-12,fixture-hive-13,fixture-hive-14,fixture-hive-15,fixture-kotlin-compiler-00,fixture-kotlin-compiler-01,fixture-kotlin-compiler-02,fixture-kotlin-compiler-03,fixture-kotlin-compiler-04,fixture-kotlin-compiler-05,fixture-kotlin-compiler-06,fixture-kotlin-compiler-07,fixture-kotlin-compiler-08,fixture-kotlin-compiler-09,fixture-kotlin-compiler-10,fixture-kotlin-compiler-11,fixture-kotlin-compiler-12,fixture-kotlin-compiler-13,fixture-kotlin-compiler-14,fixture-kotlin-compiler-15,fixture-tika-00,fixture-tika-01,fixture-tika-02,fixture-tika-03,fixture-tika-04,fixture-tika-05,fixture-tika-06,fixture-tika-07,fixture-tika-08,fixture-tika-09,fixture-tika-10,fixture-tika-11,fixture-tika-12,fixture-tika-13,fixture-tika-14,fixture-tika-15	0	64	63	1	9	4946581	0	0	0	1	0
starts-or-raw-targeted	contains	starts-or-raw	targeted	starts-with	single-query	properties	100			0		success	100	30972	a7b9846908febb502abd47dcc7269165df8c94605a7dcdc63931103d82b581a2	22639875		fixture-tika-00	cross-graph-query	64	24	fixture-android-00,fixture-android-01,fixture-android-02,fixture-android-03,fixture-android-04,fixture-android-05,fixture-android-06,fixture-android-07,fixture-android-08,fixture-android-09,fixture-android-10,fixture-android-11,fixture-android-12,fixture-android-13,fixture-android-14,fixture-android-15,fixture-tika-00,fixture-tika-01,fixture-tika-02,fixture-tika-03,fixture-tika-04,fixture-tika-05,fixture-tika-06,fixture-tika-07	0	24	23	1	8	1729329	0	0	0	1	0
starts-or-raw-dense	contains	starts-or-raw	dense	starts-with	single-query	properties	100			0		success	100	30214	0740bcf1983553477a227138dc3b3ed095f06c984728dcc1bbffb3b71959a13b	594542		fixture-android-00	cross-graph-query	64	1	fixture-android-00	0	1	0	1	0	588	0	0	0	1	0
ends-or-raw-zero	contains	ends-or-raw	zero	ends-with	single-query	properties	100			0		success	0	82	3ccae830dbdb8a07387e7c7e6dc034be54ba0aabd8aed60d7c03e33380639d25	83927583			cross-graph-query	64	64	fixture-android-00,fixture-android-01,fixture-android-02,fixture-android-03,fixture-android-04,fixture-android-05,fixture-android-06,fixture-android-07,fixture-android-08,fixture-android-09,fixture-android-10,fixture-android-11,fixture-android-12,fixture-android-13,fixture-android-14,fixture-android-15,fixture-hive-00,fixture-hive-01,fixture-hive-02,fixture-hive-03,fixture-hive-04,fixture-hive-05,fixture-hive-06,fixture-hive-07,fixture-hive-08,fixture-hive-09,fixture-hive-10,fixture-hive-11,fixture-hive-12,fixture-hive-13,fixture-hive-14,fixture-hive-15,fixture-kotlin-compiler-00,fixture-kotlin-compiler-01,fixture-kotlin-compiler-02,fixture-kotlin-compiler-03,fixture-kotlin-compiler-04,fixture-kotlin-compiler-05,fixture-kotlin-compiler-06,fixture-kotlin-compiler-07,fixture-kotlin-compiler-08,fixture-kotlin-compiler-09,fixture-kotlin-compiler-10,fixture-kotlin-compiler-11,fixture-kotlin-compiler-12,fixture-kotlin-compiler-13,fixture-kotlin-compiler-14,fixture-kotlin-compiler-15,fixture-tika-00,fixture-tika-01,fixture-tika-02,fixture-tika-03,fixture-tika-04,fixture-tika-05,fixture-tika-06,fixture-tika-07,fixture-tika-08,fixture-tika-09,fixture-tika-10,fixture-tika-11,fixture-tika-12,fixture-tika-13,fixture-tika-14,fixture-tika-15	0	64	63	1	9	4946617	0	0	0	1	0
ends-or-raw-targeted	contains	ends-or-raw	targeted	ends-with	single-query	properties	100			0		success	0	82	3ccae830dbdb8a07387e7c7e6dc034be54ba0aabd8aed60d7c03e33380639d25	22795834			cross-graph-query	64	64	fixture-android-00,fixture-android-01,fixture-android-02,fixture-android-03,fixture-android-04,fixture-android-05,fixture-android-06,fixture-android-07,fixture-android-08,fixture-android-09,fixture-android-10,fixture-android-11,fixture-android-12,fixture-android-13,fixture-android-14,fixture-android-15,fixture-hive-00,fixture-hive-01,fixture-hive-02,fixture-hive-03,fixture-hive-04,fixture-hive-05,fixture-hive-06,fixture-hive-07,fixture-hive-08,fixture-hive-09,fixture-hive-10,fixture-hive-11,fixture-hive-12,fixture-hive-13,fixture-hive-14,fixture-hive-15,fixture-kotlin-compiler-00,fixture-kotlin-compiler-01,fixture-kotlin-compiler-02,fixture-kotlin-compiler-03,fixture-kotlin-compiler-04,fixture-kotlin-compiler-05,fixture-kotlin-compiler-06,fixture-kotlin-compiler-07,fixture-kotlin-compiler-08,fixture-kotlin-compiler-09,fixture-kotlin-compiler-10,fixture-kotlin-compiler-11,fixture-kotlin-compiler-12,fixture-kotlin-compiler-13,fixture-kotlin-compiler-14,fixture-kotlin-compiler-15,fixture-tika-00,fixture-tika-01,fixture-tika-02,fixture-tika-03,fixture-tika-04,fixture-tika-05,fixture-tika-06,fixture-tika-07,fixture-tika-08,fixture-tika-09,fixture-tika-10,fixture-tika-11,fixture-tika-12,fixture-tika-13,fixture-tika-14,fixture-tika-15	0	64	63	1	8	4946338	0	0	0	1	0
ends-or-raw-dense	contains	ends-or-raw	dense	ends-with	single-query	properties	100			0		success	100	26415	4293914be7e842e02606eeadfc7b0586191868e301451883db95dbd7efbd0963	13645000		fixture-android-00	cross-graph-query	64	1	fixture-android-00	0	1	0	1	0	5061	0	0	0	1	0
starts-or-wrapped-zero	wrapped	starts-or-wrapped	zero	wrapped-starts-with	single-query	distinct-properties	100			0		success	0	84	425b336aa734c4a1ffbfb58aeaf5489b33f919170492c4bff859504736492e7f	161391084			cross-graph-query	64	64	fixture-android-00,fixture-android-01,fixture-android-02,fixture-android-03,fixture-android-04,fixture-android-05,fixture-android-06,fixture-android-07,fixture-android-08,fixture-android-09,fixture-android-10,fixture-android-11,fixture-android-12,fixture-android-13,fixture-android-14,fixture-android-15,fixture-hive-00,fixture-hive-01,fixture-hive-02,fixture-hive-03,fixture-hive-04,fixture-hive-05,fixture-hive-06,fixture-hive-07,fixture-hive-08,fixture-hive-09,fixture-hive-10,fixture-hive-11,fixture-hive-12,fixture-hive-13,fixture-hive-14,fixture-hive-15,fixture-kotlin-compiler-00,fixture-kotlin-compiler-01,fixture-kotlin-compiler-02,fixture-kotlin-compiler-03,fixture-kotlin-compiler-04,fixture-kotlin-compiler-05,fixture-kotlin-compiler-06,fixture-kotlin-compiler-07,fixture-kotlin-compiler-08,fixture-kotlin-compiler-09,fixture-kotlin-compiler-10,fixture-kotlin-compiler-11,fixture-kotlin-compiler-12,fixture-kotlin-compiler-13,fixture-kotlin-compiler-14,fixture-kotlin-compiler-15,fixture-tika-00,fixture-tika-01,fixture-tika-02,fixture-tika-03,fixture-tika-04,fixture-tika-05,fixture-tika-06,fixture-tika-07,fixture-tika-08,fixture-tika-09,fixture-tika-10,fixture-tika-11,fixture-tika-12,fixture-tika-13,fixture-tika-14,fixture-tika-15	0	64	63	0	9	4946581	0	0	0	1	0
starts-or-wrapped-targeted	wrapped	starts-or-wrapped	targeted	wrapped-starts-with	single-query	distinct-properties	100			0		success	100	33663	4019ab262ff47d06b6a1a9ec26de3964105a48177a5693ae58c1ccbe789292d6	106384750		fixture-kotlin-compiler-00	cross-graph-query	64	64	fixture-android-00,fixture-android-01,fixture-android-02,fixture-android-03,fixture-android-04,fixture-android-05,fixture-android-06,fixture-android-07,fixture-android-08,fixture-android-09,fixture-android-10,fixture-android-11,fixture-android-12,fixture-android-13,fixture-android-14,fixture-android-15,fixture-hive-00,fixture-hive-01,fixture-hive-02,fixture-hive-03,fixture-hive-04,fixture-hive-05,fixture-hive-06,fixture-hive-07,fixture-hive-08,fixture-hive-09,fixture-hive-10,fixture-hive-11,fixture-hive-12,fixture-hive-13,fixture-hive-14,fixture-hive-15,fixture-kotlin-compiler-00,fixture-kotlin-compiler-01,fixture-kotlin-compiler-02,fixture-kotlin-compiler-03,fixture-kotlin-compiler-04,fixture-kotlin-compiler-05,fixture-kotlin-compiler-06,fixture-kotlin-compiler-07,fixture-kotlin-compiler-08,fixture-kotlin-compiler-09,fixture-kotlin-compiler-10,fixture-kotlin-compiler-11,fixture-kotlin-compiler-12,fixture-kotlin-compiler-13,fixture-kotlin-compiler-14,fixture-kotlin-compiler-15,fixture-tika-00,fixture-tika-01,fixture-tika-02,fixture-tika-03,fixture-tika-04,fixture-tika-05,fixture-tika-06,fixture-tika-07,fixture-tika-08,fixture-tika-09,fixture-tika-10,fixture-tika-11,fixture-tika-12,fixture-tika-13,fixture-tika-14,fixture-tika-15	0	64	70	0	8	4991593	0	0	0	1	0
starts-or-wrapped-dense	wrapped	starts-or-wrapped	dense	wrapped-starts-with	single-query	distinct-properties	100			0		success	0	84	425b336aa734c4a1ffbfb58aeaf5489b33f919170492c4bff859504736492e7f	140957875			cross-graph-query	64	64	fixture-android-00,fixture-android-01,fixture-android-02,fixture-android-03,fixture-android-04,fixture-android-05,fixture-android-06,fixture-android-07,fixture-android-08,fixture-android-09,fixture-android-10,fixture-android-11,fixture-android-12,fixture-android-13,fixture-android-14,fixture-android-15,fixture-hive-00,fixture-hive-01,fixture-hive-02,fixture-hive-03,fixture-hive-04,fixture-hive-05,fixture-hive-06,fixture-hive-07,fixture-hive-08,fixture-hive-09,fixture-hive-10,fixture-hive-11,fixture-hive-12,fixture-hive-13,fixture-hive-14,fixture-hive-15,fixture-kotlin-compiler-00,fixture-kotlin-compiler-01,fixture-kotlin-compiler-02,fixture-kotlin-compiler-03,fixture-kotlin-compiler-04,fixture-kotlin-compiler-05,fixture-kotlin-compiler-06,fixture-kotlin-compiler-07,fixture-kotlin-compiler-08,fixture-kotlin-compiler-09,fixture-kotlin-compiler-10,fixture-kotlin-compiler-11,fixture-kotlin-compiler-12,fixture-kotlin-compiler-13,fixture-kotlin-compiler-14,fixture-kotlin-compiler-15,fixture-tika-00,fixture-tika-01,fixture-tika-02,fixture-tika-03,fixture-tika-04,fixture-tika-05,fixture-tika-06,fixture-tika-07,fixture-tika-08,fixture-tika-09,fixture-tika-10,fixture-tika-11,fixture-tika-12,fixture-tika-13,fixture-tika-14,fixture-tika-15	0	64	64	0	9	5049458	0	0	0	1	0
ends-or-wrapped-zero	wrapped	ends-or-wrapped	zero	wrapped-ends-with	single-query	distinct-properties	100			0		success	0	82	3ccae830dbdb8a07387e7c7e6dc034be54ba0aabd8aed60d7c03e33380639d25	30931500			cross-graph-query	64	64	fixture-android-00,fixture-android-01,fixture-android-02,fixture-android-03,fixture-android-04,fixture-android-05,fixture-android-06,fixture-android-07,fixture-android-08,fixture-android-09,fixture-android-10,fixture-android-11,fixture-android-12,fixture-android-13,fixture-android-14,fixture-android-15,fixture-hive-00,fixture-hive-01,fixture-hive-02,fixture-hive-03,fixture-hive-04,fixture-hive-05,fixture-hive-06,fixture-hive-07,fixture-hive-08,fixture-hive-09,fixture-hive-10,fixture-hive-11,fixture-hive-12,fixture-hive-13,fixture-hive-14,fixture-hive-15,fixture-kotlin-compiler-00,fixture-kotlin-compiler-01,fixture-kotlin-compiler-02,fixture-kotlin-compiler-03,fixture-kotlin-compiler-04,fixture-kotlin-compiler-05,fixture-kotlin-compiler-06,fixture-kotlin-compiler-07,fixture-kotlin-compiler-08,fixture-kotlin-compiler-09,fixture-kotlin-compiler-10,fixture-kotlin-compiler-11,fixture-kotlin-compiler-12,fixture-kotlin-compiler-13,fixture-kotlin-compiler-14,fixture-kotlin-compiler-15,fixture-tika-00,fixture-tika-01,fixture-tika-02,fixture-tika-03,fixture-tika-04,fixture-tika-05,fixture-tika-06,fixture-tika-07,fixture-tika-08,fixture-tika-09,fixture-tika-10,fixture-tika-11,fixture-tika-12,fixture-tika-13,fixture-tika-14,fixture-tika-15	0	64	63	0	8	4946617	0	0	0	1	0
ends-or-wrapped-targeted	wrapped	ends-or-wrapped	targeted	wrapped-ends-with	single-query	distinct-properties	100			0		success	0	82	3ccae830dbdb8a07387e7c7e6dc034be54ba0aabd8aed60d7c03e33380639d25	31978875			cross-graph-query	64	64	fixture-android-00,fixture-android-01,fixture-android-02,fixture-android-03,fixture-android-04,fixture-android-05,fixture-android-06,fixture-android-07,fixture-android-08,fixture-android-09,fixture-android-10,fixture-android-11,fixture-android-12,fixture-android-13,fixture-android-14,fixture-android-15,fixture-hive-00,fixture-hive-01,fixture-hive-02,fixture-hive-03,fixture-hive-04,fixture-hive-05,fixture-hive-06,fixture-hive-07,fixture-hive-08,fixture-hive-09,fixture-hive-10,fixture-hive-11,fixture-hive-12,fixture-hive-13,fixture-hive-14,fixture-hive-15,fixture-kotlin-compiler-00,fixture-kotlin-compiler-01,fixture-kotlin-compiler-02,fixture-kotlin-compiler-03,fixture-kotlin-compiler-04,fixture-kotlin-compiler-05,fixture-kotlin-compiler-06,fixture-kotlin-compiler-07,fixture-kotlin-compiler-08,fixture-kotlin-compiler-09,fixture-kotlin-compiler-10,fixture-kotlin-compiler-11,fixture-kotlin-compiler-12,fixture-kotlin-compiler-13,fixture-kotlin-compiler-14,fixture-kotlin-compiler-15,fixture-tika-00,fixture-tika-01,fixture-tika-02,fixture-tika-03,fixture-tika-04,fixture-tika-05,fixture-tika-06,fixture-tika-07,fixture-tika-08,fixture-tika-09,fixture-tika-10,fixture-tika-11,fixture-tika-12,fixture-tika-13,fixture-tika-14,fixture-tika-15	0	64	63	0	8	4953331	0	0	0	1	0
ends-or-wrapped-dense	wrapped	ends-or-wrapped	dense	wrapped-ends-with	single-query	distinct-properties	100			0		success	100	27445	f69994db68ca9193f7b602b00273d35268080826366be899fd90877a4e6f4362	38643084		fixture-android-01,fixture-android-05,fixture-android-07,fixture-android-15,fixture-android-14,fixture-tika-00,fixture-tika-05,fixture-tika-06,fixture-hive-04,fixture-hive-06,fixture-tika-12,fixture-hive-01,fixture-hive-02,fixture-hive-05,fixture-hive-07,fixture-hive-09,fixture-hive-10,fixture-hive-12,fixture-hive-13,fixture-hive-14,fixture-hive-15,fixture-kotlin-compiler-00,fixture-kotlin-compiler-08,fixture-kotlin-compiler-01	cross-graph-query	64	64	fixture-android-00,fixture-android-01,fixture-android-02,fixture-android-03,fixture-android-04,fixture-android-05,fixture-android-06,fixture-android-07,fixture-android-08,fixture-android-09,fixture-android-10,fixture-android-11,fixture-android-12,fixture-android-13,fixture-android-14,fixture-android-15,fixture-hive-00,fixture-hive-01,fixture-hive-02,fixture-hive-03,fixture-hive-04,fixture-hive-05,fixture-hive-06,fixture-hive-07,fixture-hive-08,fixture-hive-09,fixture-hive-10,fixture-hive-11,fixture-hive-12,fixture-hive-13,fixture-hive-14,fixture-hive-15,fixture-kotlin-compiler-00,fixture-kotlin-compiler-01,fixture-kotlin-compiler-02,fixture-kotlin-compiler-03,fixture-kotlin-compiler-04,fixture-kotlin-compiler-05,fixture-kotlin-compiler-06,fixture-kotlin-compiler-07,fixture-kotlin-compiler-08,fixture-kotlin-compiler-09,fixture-kotlin-compiler-10,fixture-kotlin-compiler-11,fixture-kotlin-compiler-12,fixture-kotlin-compiler-13,fixture-kotlin-compiler-14,fixture-kotlin-compiler-15,fixture-tika-00,fixture-tika-01,fixture-tika-02,fixture-tika-03,fixture-tika-04,fixture-tika-05,fixture-tika-06,fixture-tika-07,fixture-tika-08,fixture-tika-09,fixture-tika-10,fixture-tika-11,fixture-tika-12,fixture-tika-13,fixture-tika-14,fixture-tika-15	0	64	85	0	8	6512685	0	0	0	1	0
contains-or-wrapped-zero	wrapped	contains-or-wrapped	zero	raw-contains	single-query	distinct-properties	200			0		success	0	147	805c8c7334c868e18e2be84be95b83cc60895722d739c2b164a68be4cd410c49	981958			cross-graph-query	64	64	fixture-android-00,fixture-android-01,fixture-android-02,fixture-android-03,fixture-android-04,fixture-android-05,fixture-android-06,fixture-android-07,fixture-android-08,fixture-android-09,fixture-android-10,fixture-android-11,fixture-android-12,fixture-android-13,fixture-android-14,fixture-android-15,fixture-hive-00,fixture-hive-01,fixture-hive-02,fixture-hive-03,fixture-hive-04,fixture-hive-05,fixture-hive-06,fixture-hive-07,fixture-hive-08,fixture-hive-09,fixture-hive-10,fixture-hive-11,fixture-hive-12,fixture-hive-13,fixture-hive-14,fixture-hive-15,fixture-kotlin-compiler-00,fixture-kotlin-compiler-01,fixture-kotlin-compiler-02,fixture-kotlin-compiler-03,fixture-kotlin-compiler-04,fixture-kotlin-compiler-05,fixture-kotlin-compiler-06,fixture-kotlin-compiler-07,fixture-kotlin-compiler-08,fixture-kotlin-compiler-09,fixture-kotlin-compiler-10,fixture-kotlin-compiler-11,fixture-kotlin-compiler-12,fixture-kotlin-compiler-13,fixture-kotlin-compiler-14,fixture-kotlin-compiler-15,fixture-tika-00,fixture-tika-01,fixture-tika-02,fixture-tika-03,fixture-tika-04,fixture-tika-05,fixture-tika-06,fixture-tika-07,fixture-tika-08,fixture-tika-09,fixture-tika-10,fixture-tika-11,fixture-tika-12,fixture-tika-13,fixture-tika-14,fixture-tika-15	0	64	0	0	0	1389	0	0	0	1	0
contains-or-wrapped-targeted	wrapped	contains-or-wrapped	targeted	raw-contains	single-query	distinct-properties	200			0		success	200	85931	9b41620c5d38783d39c34332e17f7d0e079a6c8ce8e05707a2b9b976bc4a37fc	16488208		fixture-tika-00	cross-graph-query	64	64	fixture-android-00,fixture-android-01,fixture-android-02,fixture-android-03,fixture-android-04,fixture-android-05,fixture-android-06,fixture-android-07,fixture-android-08,fixture-android-09,fixture-android-10,fixture-android-11,fixture-android-12,fixture-android-13,fixture-android-14,fixture-android-15,fixture-hive-00,fixture-hive-01,fixture-hive-02,fixture-hive-03,fixture-hive-04,fixture-hive-05,fixture-hive-06,fixture-hive-07,fixture-hive-08,fixture-hive-09,fixture-hive-10,fixture-hive-11,fixture-hive-12,fixture-hive-13,fixture-hive-14,fixture-hive-15,fixture-kotlin-compiler-00,fixture-kotlin-compiler-01,fixture-kotlin-compiler-02,fixture-kotlin-compiler-03,fixture-kotlin-compiler-04,fixture-kotlin-compiler-05,fixture-kotlin-compiler-06,fixture-kotlin-compiler-07,fixture-kotlin-compiler-08,fixture-kotlin-compiler-09,fixture-kotlin-compiler-10,fixture-kotlin-compiler-11,fixture-kotlin-compiler-12,fixture-kotlin-compiler-13,fixture-kotlin-compiler-14,fixture-kotlin-compiler-15,fixture-tika-00,fixture-tika-01,fixture-tika-02,fixture-tika-03,fixture-tika-04,fixture-tika-05,fixture-tika-06,fixture-tika-07,fixture-tika-08,fixture-tika-09,fixture-tika-10,fixture-tika-11,fixture-tika-12,fixture-tika-13,fixture-tika-14,fixture-tika-15	0	64	8	0	9	408082	0	0	0	1	0
contains-or-wrapped-dense	wrapped	contains-or-wrapped	dense	raw-contains	single-query	distinct-properties	200			0		success	200	86834	c9cfe78a2f725c44cb51d9d43076dc2a5602ac590ad0d35835c759432572a5cb	28502125		fixture-android-00,fixture-tika-00	cross-graph-query	64	64	fixture-android-00,fixture-android-01,fixture-android-02,fixture-android-03,fixture-android-04,fixture-android-05,fixture-android-06,fixture-android-07,fixture-android-08,fixture-android-09,fixture-android-10,fixture-android-11,fixture-android-12,fixture-android-13,fixture-android-14,fixture-android-15,fixture-hive-00,fixture-hive-01,fixture-hive-02,fixture-hive-03,fixture-hive-04,fixture-hive-05,fixture-hive-06,fixture-hive-07,fixture-hive-08,fixture-hive-09,fixture-hive-10,fixture-hive-11,fixture-hive-12,fixture-hive-13,fixture-hive-14,fixture-hive-15,fixture-kotlin-compiler-00,fixture-kotlin-compiler-01,fixture-kotlin-compiler-02,fixture-kotlin-compiler-03,fixture-kotlin-compiler-04,fixture-kotlin-compiler-05,fixture-kotlin-compiler-06,fixture-kotlin-compiler-07,fixture-kotlin-compiler-08,fixture-kotlin-compiler-09,fixture-kotlin-compiler-10,fixture-kotlin-compiler-11,fixture-kotlin-compiler-12,fixture-kotlin-compiler-13,fixture-kotlin-compiler-14,fixture-kotlin-compiler-15,fixture-tika-00,fixture-tika-01,fixture-tika-02,fixture-tika-03,fixture-tika-04,fixture-tika-05,fixture-tika-06,fixture-tika-07,fixture-tika-08,fixture-tika-09,fixture-tika-10,fixture-tika-11,fixture-tika-12,fixture-tika-13,fixture-tika-14,fixture-tika-15	0	64	2	0	9	390422	0	0	0	1	0
graph-id-property-wrapped-contains-target-00-zero	graph-id	graph-id-property-wrapped-contains	zero	graph-id-equals-and-wrapped-contains	graph-routing	properties	200	fixture-android-00	fixture-android-00	1	47c5f2f8275ab2447995a1b45a36cd5b0b70e258e0f75934abd1f0cef5c2b93e	success	0	147	805c8c7334c868e18e2be84be95b83cc60895722d739c2b164a68be4cd410c49	432959			cypher-graph-id-predicate	64	1	fixture-android-00	1	0	0	1	0	2	1	1	63	1	0
graph-id-property-wrapped-contains-target-00-targeted	graph-id	graph-id-property-wrapped-contains	targeted	graph-id-equals-and-wrapped-contains	graph-routing	properties	200	fixture-android-00	fixture-android-00	1	47c5f2f8275ab2447995a1b45a36cd5b0b70e258e0f75934abd1f0cef5c2b93e	success	10	5730	00c81103244dc6d42abdc3894d771e5a24957dcf7e5ad4d8dc686b1d7e0cb89e	758583		fixture-android-00	cypher-graph-id-predicate	64	1	fixture-android-00	1	0	0	1	0	380	1	1	63	1	0
graph-id-property-wrapped-contains-target-00-dense	graph-id	graph-id-property-wrapped-contains	dense	graph-id-equals-and-wrapped-contains	graph-routing	properties	200	fixture-android-00	fixture-android-00	1	47c5f2f8275ab2447995a1b45a36cd5b0b70e258e0f75934abd1f0cef5c2b93e	success	200	84411	3bdee68309e62bee93f47848258ded90b1763d55841fa57d8b8fd21867653c44	2393334		fixture-android-00	cypher-graph-id-predicate	64	1	fixture-android-00	1	0	0	1	0	17783	1	1	63	1	0
graph-id-property-wrapped-contains-target-01-zero	graph-id	graph-id-property-wrapped-contains	zero	graph-id-equals-and-wrapped-contains	graph-routing	properties	200	fixture-android-01	fixture-android-01	1	e4528616b87301f557512ab9d9e4e598561300f98d2e85100725c35158534ecc	success	0	147	805c8c7334c868e18e2be84be95b83cc60895722d739c2b164a68be4cd410c49	26112958			cypher-graph-id-predicate	64	1	fixture-android-01	1	0	0	1	0	1167854	1	1	63	1	0
graph-id-property-wrapped-contains-target-01-targeted	graph-id	graph-id-property-wrapped-contains	targeted	graph-id-equals-and-wrapped-contains	graph-routing	properties	200	fixture-android-01	fixture-android-01	1	e4528616b87301f557512ab9d9e4e598561300f98d2e85100725c35158534ecc	success	1	758	b33173a678013ac093c95f3fccc5cd5af96ea18082387e1fc872de4817e234b2	433167		fixture-android-01	cypher-graph-id-predicate	64	1	fixture-android-01	1	0	0	1	0	415	1	1	63	1	0
graph-id-property-wrapped-contains-target-01-dense	graph-id	graph-id-property-wrapped-contains	dense	graph-id-equals-and-wrapped-contains	graph-routing	properties	200	fixture-android-01	fixture-android-01	1	e4528616b87301f557512ab9d9e4e598561300f98d2e85100725c35158534ecc	success	200	84093	d9daf98f04e06930dfeb91ddd4e8ae597b8f9154e54ac1018db6a25ea8ddd84f	2319000		fixture-android-01	cypher-graph-id-predicate	64	1	fixture-android-01	1	0	0	1	0	18675	1	1	63	1	0
graph-id-property-wrapped-contains-target-02-zero	graph-id	graph-id-property-wrapped-contains	zero	graph-id-equals-and-wrapped-contains	graph-routing	properties	200	fixture-android-02	fixture-android-02	1	1a026780ab945a978bf2d821f0728dd8a679a4b4838c8a3b7703d006d3fae584	success	0	147	805c8c7334c868e18e2be84be95b83cc60895722d739c2b164a68be4cd410c49	22879042			cypher-graph-id-predicate	64	1	fixture-android-02	1	0	0	1	0	1159385	1	1	63	1	0
graph-id-property-wrapped-contains-target-02-targeted	graph-id	graph-id-property-wrapped-contains	targeted	graph-id-equals-and-wrapped-contains	graph-routing	properties	200	fixture-android-02	fixture-android-02	1	1a026780ab945a978bf2d821f0728dd8a679a4b4838c8a3b7703d006d3fae584	success	9	5751	0754b66fd035110585cc31e6af555127395a9cd85c413f0a859de6b596c3b70d	407959		fixture-android-02	cypher-graph-id-predicate	64	1	fixture-android-02	1	0	0	1	0	472	1	1	63	1	0
graph-id-property-wrapped-contains-target-02-dense	graph-id	graph-id-property-wrapped-contains	dense	graph-id-equals-and-wrapped-contains	graph-routing	properties	200	fixture-android-02	fixture-android-02	1	1a026780ab945a978bf2d821f0728dd8a679a4b4838c8a3b7703d006d3fae584	success	200	86930	a289774d080329d12351d967c614eae9b16190b55970a757b1f268e21aee3975	2077917		fixture-android-02	cypher-graph-id-predicate	64	1	fixture-android-02	1	0	0	1	0	18305	1	1	63	1	0
graph-id-property-wrapped-contains-target-03-zero	graph-id	graph-id-property-wrapped-contains	zero	graph-id-equals-and-wrapped-contains	graph-routing	properties	200	fixture-android-03	fixture-android-03	1	3a085dec137def84e2f0fd6c417ca6216ad5c22c415250ab8d225957a37eb876	success	0	147	805c8c7334c868e18e2be84be95b83cc60895722d739c2b164a68be4cd410c49	23871667			cypher-graph-id-predicate	64	1	fixture-android-03	1	0	0	1	0	1203960	1	1	63	1	0
graph-id-property-wrapped-contains-target-03-targeted	graph-id	graph-id-property-wrapped-contains	targeted	graph-id-equals-and-wrapped-contains	graph-routing	properties	200	fixture-android-03	fixture-android-03	1	3a085dec137def84e2f0fd6c417ca6216ad5c22c415250ab8d225957a37eb876	success	2	1333	77f2da9b0b5a99e6332b957b281149f5e269d152177e36aaa74e86db4bc23bf9	337625		fixture-android-03	cypher-graph-id-predicate	64	1	fixture-android-03	1	0	0	1	0	460	1	1	63	1	0
graph-id-property-wrapped-contains-target-03-dense	graph-id	graph-id-property-wrapped-contains	dense	graph-id-equals-and-wrapped-contains	graph-routing	properties	200	fixture-android-03	fixture-android-03	1	3a085dec137def84e2f0fd6c417ca6216ad5c22c415250ab8d225957a37eb876	success	200	85151	08fbf5fde8e917175e0dca625983535621218120265897bdd0781fe99669b859	2056833		fixture-android-03	cypher-graph-id-predicate	64	1	fixture-android-03	1	0	0	1	0	18896	1	1	63	1	0
graph-id-property-wrapped-contains-target-04-zero	graph-id	graph-id-property-wrapped-contains	zero	graph-id-equals-and-wrapped-contains	graph-routing	properties	200	fixture-android-04	fixture-android-04	1	72b2db3813782b7057457474cb692d1ab65cbced9ccd76e7a6348806a1a0fdd6	success	0	147	805c8c7334c868e18e2be84be95b83cc60895722d739c2b164a68be4cd410c49	21776667			cypher-graph-id-predicate	64	1	fixture-android-04	1	0	0	1	0	1107552	1	1	63	1	0
graph-id-property-wrapped-contains-target-04-targeted	graph-id	graph-id-property-wrapped-contains	targeted	graph-id-equals-and-wrapped-contains	graph-routing	properties	200	fixture-android-04	fixture-android-04	1	72b2db3813782b7057457474cb692d1ab65cbced9ccd76e7a6348806a1a0fdd6	success	9	5762	527d81de9e8ca9f5fe9ad0166e1e1711fbccaf3c53281e7e95375f6d55e3a3c7	384125		fixture-android-04	cypher-graph-id-predicate	64	1	fixture-android-04	1	0	0	1	0	471	1	1	63	1	0
graph-id-property-wrapped-contains-target-04-dense	graph-id	graph-id-property-wrapped-contains	dense	graph-id-equals-and-wrapped-contains	graph-routing	properties	200	fixture-android-04	fixture-android-04	1	72b2db3813782b7057457474cb692d1ab65cbced9ccd76e7a6348806a1a0fdd6	success	200	86152	85d9bac3392391ae56f1f03af81d888f398336c8e33a1ef1e42c5409f746f730	1651792		fixture-android-04	cypher-graph-id-predicate	64	1	fixture-android-04	1	0	0	1	0	17674	1	1	63	1	0
graph-id-property-wrapped-contains-target-05-zero	graph-id	graph-id-property-wrapped-contains	zero	graph-id-equals-and-wrapped-contains	graph-routing	properties	200	fixture-android-05	fixture-android-05	1	9ccc65db4edf2ad696714957f6291e11ba1a158b062c135b909367736aa1cb91	success	0	147	805c8c7334c868e18e2be84be95b83cc60895722d739c2b164a68be4cd410c49	21668875			cypher-graph-id-predicate	64	1	fixture-android-05	1	0	0	1	0	1100408	1	1	63	1	0
graph-id-property-wrapped-contains-target-05-targeted	graph-id	graph-id-property-wrapped-contains	targeted	graph-id-equals-and-wrapped-contains	graph-routing	properties	200	fixture-android-05	fixture-android-05	1	9ccc65db4edf2ad696714957f6291e11ba1a158b062c135b909367736aa1cb91	success	9	5751	48fbef6ae3373a73cfbd3690497aae4d0773c2f4ddadb5d217061398978bcac5	415167		fixture-android-05	cypher-graph-id-predicate	64	1	fixture-android-05	1	0	0	1	0	472	1	1	63	1	0
graph-id-property-wrapped-contains-target-05-dense	graph-id	graph-id-property-wrapped-contains	dense	graph-id-equals-and-wrapped-contains	graph-routing	properties	200	fixture-android-05	fixture-android-05	1	9ccc65db4edf2ad696714957f6291e11ba1a158b062c135b909367736aa1cb91	success	200	90860	57ae61ccbdbf1e83a9ab8de2923c4ac26bcc634ed53a2f1c1a3ee3682afe8cd8	1700958		fixture-android-05	cypher-graph-id-predicate	64	1	fixture-android-05	1	0	0	1	0	18524	1	1	63	1	0
graph-id-property-wrapped-contains-target-06-zero	graph-id	graph-id-property-wrapped-contains	zero	graph-id-equals-and-wrapped-contains	graph-routing	properties	200	fixture-android-06	fixture-android-06	1	aef2397f89755e0b59e944f9b6062fb5611eea3ea4b05762643e082168bd9526	success	0	147	805c8c7334c868e18e2be84be95b83cc60895722d739c2b164a68be4cd410c49	24490416			cypher-graph-id-predicate	64	1	fixture-android-06	1	0	0	1	0	1250058	1	1	63	1	0
graph-id-property-wrapped-contains-target-06-targeted	graph-id	graph-id-property-wrapped-contains	targeted	graph-id-equals-and-wrapped-contains	graph-routing	properties	200	fixture-android-06	fixture-android-06	1	aef2397f89755e0b59e944f9b6062fb5611eea3ea4b05762643e082168bd9526	success	1	734	2c8962bfda6df26238f145f32f089e1ccdb69cc26ea9c2fde590f543638ba060	286375		fixture-android-06	cypher-graph-id-predicate	64	1	fixture-android-06	1	0	0	1	0	375	1	1	63	1	0
graph-id-property-wrapped-contains-target-06-dense	graph-id	graph-id-property-wrapped-contains	dense	graph-id-equals-and-wrapped-contains	graph-routing	properties	200	fixture-android-06	fixture-android-06	1	aef2397f89755e0b59e944f9b6062fb5611eea3ea4b05762643e082168bd9526	success	200	83941	f7f169fb4cd9a2408b058d9e03502907fe0d9372ba70f2f3749aeaffa464e292	1770584		fixture-android-06	cypher-graph-id-predicate	64	1	fixture-android-06	1	0	0	1	0	20008	1	1	63	1	0
graph-id-property-wrapped-contains-target-07-zero	graph-id	graph-id-property-wrapped-contains	zero	graph-id-equals-and-wrapped-contains	graph-routing	properties	200	fixture-android-07	fixture-android-07	1	2884fe5070e6e70bd2c44e54af37c56e2cfd19343a8721d5b36093d7d1db0f7d	success	0	147	805c8c7334c868e18e2be84be95b83cc60895722d739c2b164a68be4cd410c49	23277709			cypher-graph-id-predicate	64	1	fixture-android-07	1	0	0	1	0	1187706	1	1	63	1	0
graph-id-property-wrapped-contains-target-07-targeted	graph-id	graph-id-property-wrapped-contains	targeted	graph-id-equals-and-wrapped-contains	graph-routing	properties	200	fixture-android-07	fixture-android-07	1	2884fe5070e6e70bd2c44e54af37c56e2cfd19343a8721d5b36093d7d1db0f7d	success	1	762	d5674d7adcd2d58f93c5f2849f690003bc45d523850181c23ceaa0aacd7e6709	273292		fixture-android-07	cypher-graph-id-predicate	64	1	fixture-android-07	1	0	0	1	0	305	1	1	63	1	0
graph-id-property-wrapped-contains-target-07-dense	graph-id	graph-id-property-wrapped-contains	dense	graph-id-equals-and-wrapped-contains	graph-routing	properties	200	fixture-android-07	fixture-android-07	1	2884fe5070e6e70bd2c44e54af37c56e2cfd19343a8721d5b36093d7d1db0f7d	success	200	84999	35604ee2a3d19ee64c97fa99f4be154714c60028f948c7a23f75b925d4520a5d	1655583		fixture-android-07	cypher-graph-id-predicate	64	1	fixture-android-07	1	0	0	1	0	18538	1	1	63	1	0
graph-id-property-wrapped-contains-target-08-zero	graph-id	graph-id-property-wrapped-contains	zero	graph-id-equals-and-wrapped-contains	graph-routing	properties	200	fixture-android-08	fixture-android-08	1	25fcd87fe0d089932a1b7f325e822252e3042b73178c7aa80e1c0d12bcef2e47	success	0	147	805c8c7334c868e18e2be84be95b83cc60895722d739c2b164a68be4cd410c49	24401916			cypher-graph-id-predicate	64	1	fixture-android-08	1	0	0	1	0	1226209	1	1	63	1	0
graph-id-property-wrapped-contains-target-08-targeted	graph-id	graph-id-property-wrapped-contains	targeted	graph-id-equals-and-wrapped-contains	graph-routing	properties	200	fixture-android-08	fixture-android-08	1	25fcd87fe0d089932a1b7f325e822252e3042b73178c7aa80e1c0d12bcef2e47	success	2	1322	4b49b28d836e57c2c3f8d43a93acd00a93b169fcd603338f9ab350f541e9665c	358125		fixture-android-08	cypher-graph-id-predicate	64	1	fixture-android-08	1	0	0	1	0	371	1	1	63	1	0
graph-id-property-wrapped-contains-target-08-dense	graph-id	graph-id-property-wrapped-contains	dense	graph-id-equals-and-wrapped-contains	graph-routing	properties	200	fixture-android-08	fixture-android-08	1	25fcd87fe0d089932a1b7f325e822252e3042b73178c7aa80e1c0d12bcef2e47	success	200	85531	ed34441ff634f19c276911a1fa193106a9070fde1065b57fc7ec71132b8d5f66	1812958		fixture-android-08	cypher-graph-id-predicate	64	1	fixture-android-08	1	0	0	1	0	20276	1	1	63	1	0
graph-id-property-wrapped-contains-target-09-zero	graph-id	graph-id-property-wrapped-contains	zero	graph-id-equals-and-wrapped-contains	graph-routing	properties	200	fixture-android-09	fixture-android-09	1	976770abc561e74e52c74c7f3b827fe70800ef502defdde9a4fa534aa511bd33	success	0	147	805c8c7334c868e18e2be84be95b83cc60895722d739c2b164a68be4cd410c49	23855125			cypher-graph-id-predicate	64	1	fixture-android-09	1	0	0	1	0	1199441	1	1	63	1	0
graph-id-property-wrapped-contains-target-09-targeted	graph-id	graph-id-property-wrapped-contains	targeted	graph-id-equals-and-wrapped-contains	graph-routing	properties	200	fixture-android-09	fixture-android-09	1	976770abc561e74e52c74c7f3b827fe70800ef502defdde9a4fa534aa511bd33	success	1	758	cd83129b7654f9c1ac40c94032a03833f5b559e4d6d903ce58c899d274674334	302042		fixture-android-09	cypher-graph-id-predicate	64	1	fixture-android-09	1	0	0	1	0	417	1	1	63	1	0
graph-id-property-wrapped-contains-target-09-dense	graph-id	graph-id-property-wrapped-contains	dense	graph-id-equals-and-wrapped-contains	graph-routing	properties	200	fixture-android-09	fixture-android-09	1	976770abc561e74e52c74c7f3b827fe70800ef502defdde9a4fa534aa511bd33	success	200	84710	8302a9dc08d5cf465b56333dad5757a62c24d743692acbdbf8e81919ebd097a0	1747875		fixture-android-09	cypher-graph-id-predicate	64	1	fixture-android-09	1	0	0	1	0	19325	1	1	63	1	0
graph-id-property-wrapped-contains-target-10-zero	graph-id	graph-id-property-wrapped-contains	zero	graph-id-equals-and-wrapped-contains	graph-routing	properties	200	fixture-android-10	fixture-android-10	1	b80280988a4b3197bdd2348d3550b46e5d99e01f6e4a1abcb8668612b4a7bcf1	success	0	147	805c8c7334c868e18e2be84be95b83cc60895722d739c2b164a68be4cd410c49	22781000			cypher-graph-id-predicate	64	1	fixture-android-10	1	0	0	1	0	1149206	1	1	63	1	0
graph-id-property-wrapped-contains-target-10-targeted	graph-id	graph-id-property-wrapped-contains	targeted	graph-id-equals-and-wrapped-contains	graph-routing	properties	200	fixture-android-10	fixture-android-10	1	b80280988a4b3197bdd2348d3550b46e5d99e01f6e4a1abcb8668612b4a7bcf1	success	1	821	f3f4d5fb39ff9fde7dcf6d88e4f52bcc4c277ed98626ccca0b17c4ddbb20b035	343542		fixture-android-10	cypher-graph-id-predicate	64	1	fixture-android-10	1	0	0	1	0	557	1	1	63	1	0
graph-id-property-wrapped-contains-target-10-dense	graph-id	graph-id-property-wrapped-contains	dense	graph-id-equals-and-wrapped-contains	graph-routing	properties	200	fixture-android-10	fixture-android-10	1	b80280988a4b3197bdd2348d3550b46e5d99e01f6e4a1abcb8668612b4a7bcf1	success	200	86914	eec30bd784e53b80ccd384559e9d1f853b8152ad8db90ad1f27d391bf03fc0d8	1622375		fixture-android-10	cypher-graph-id-predicate	64	1	fixture-android-10	1	0	0	1	0	18670	1	1	63	1	0
graph-id-property-wrapped-contains-target-11-zero	graph-id	graph-id-property-wrapped-contains	zero	graph-id-equals-and-wrapped-contains	graph-routing	properties	200	fixture-android-11	fixture-android-11	1	ff7c9f064acf1b8f0c7104242efebdb73dfcc6db0739150c3d56bcc4ebbfb47f	success	0	147	805c8c7334c868e18e2be84be95b83cc60895722d739c2b164a68be4cd410c49	21489084			cypher-graph-id-predicate	64	1	fixture-android-11	1	0	0	1	0	1093185	1	1	63	1	0
graph-id-property-wrapped-contains-target-11-targeted	graph-id	graph-id-property-wrapped-contains	targeted	graph-id-equals-and-wrapped-contains	graph-routing	properties	200	fixture-android-11	fixture-android-11	1	ff7c9f064acf1b8f0c7104242efebdb73dfcc6db0739150c3d56bcc4ebbfb47f	success	1	758	f8ea31527e372a7d8e0f896bc894b97d788067aa20d0af371a4239382f72a4d1	297958		fixture-android-11	cypher-graph-id-predicate	64	1	fixture-android-11	1	0	0	1	0	415	1	1	63	1	0
graph-id-property-wrapped-contains-target-11-dense	graph-id	graph-id-property-wrapped-contains	dense	graph-id-equals-and-wrapped-contains	graph-routing	properties	200	fixture-android-11	fixture-android-11	1	ff7c9f064acf1b8f0c7104242efebdb73dfcc6db0739150c3d56bcc4ebbfb47f	success	200	84862	36598e3ab73085dce50e849dda8b6a32b1088eab3f02f052e9536f16613b5d4b	1708958		fixture-android-11	cypher-graph-id-predicate	64	1	fixture-android-11	1	0	0	1	0	18586	1	1	63	1	0
graph-id-property-wrapped-contains-target-12-zero	graph-id	graph-id-property-wrapped-contains	zero	graph-id-equals-and-wrapped-contains	graph-routing	properties	200	fixture-android-12	fixture-android-12	1	fbfd92bdb617f8eef3c84ce77e1116d4f0d1116a40b9fc543770c1a430e829ec	success	0	147	805c8c7334c868e18e2be84be95b83cc60895722d739c2b164a68be4cd410c49	25198625			cypher-graph-id-predicate	64	1	fixture-android-12	1	0	0	1	0	1264305	1	1	63	1	0
graph-id-property-wrapped-contains-target-12-targeted	graph-id	graph-id-property-wrapped-contains	targeted	graph-id-equals-and-wrapped-contains	graph-routing	properties	200	fixture-android-12	fixture-android-12	1	fbfd92bdb617f8eef3c84ce77e1116d4f0d1116a40b9fc543770c1a430e829ec	success	2	1348	569ba2c2d8626f5c6804b713aa9f9bd5155648246e0bb082ab37cf407a3ccee9	350333		fixture-android-12	cypher-graph-id-predicate	64	1	fixture-android-12	1	0	0	1	0	363	1	1	63	1	0
graph-id-property-wrapped-contains-target-12-dense	graph-id	graph-id-property-wrapped-contains	dense	graph-id-equals-and-wrapped-contains	graph-routing	properties	200	fixture-android-12	fixture-android-12	1	fbfd92bdb617f8eef3c84ce77e1116d4f0d1116a40b9fc543770c1a430e829ec	success	200	85894	f22afa8ccaad259750ce50e850502822308b2565f707f284de32cd44d5ef328a	1817542		fixture-android-12	cypher-graph-id-predicate	64	1	fixture-android-12	1	0	0	1	0	18823	1	1	63	1	0
graph-id-property-wrapped-contains-target-13-zero	graph-id	graph-id-property-wrapped-contains	zero	graph-id-equals-and-wrapped-contains	graph-routing	properties	200	fixture-android-13	fixture-android-13	1	99b23d6e37ddba640f96acd0d7b903185c9b38cc0e6df93374f9fe569bbc4c38	success	0	147	805c8c7334c868e18e2be84be95b83cc60895722d739c2b164a68be4cd410c49	24700083			cypher-graph-id-predicate	64	1	fixture-android-13	1	0	0	1	0	1221859	1	1	63	1	0
graph-id-property-wrapped-contains-target-13-targeted	graph-id	graph-id-property-wrapped-contains	targeted	graph-id-equals-and-wrapped-contains	graph-routing	properties	200	fixture-android-13	fixture-android-13	1	99b23d6e37ddba640f96acd0d7b903185c9b38cc0e6df93374f9fe569bbc4c38	success	5	2824	ebb699b5b0554cc639408add00ca9d9aae37f3553c5e6ea606cb7e66e171933f	425583		fixture-android-13	cypher-graph-id-predicate	64	1	fixture-android-13	1	0	0	1	0	315	1	1	63	1	0
graph-id-property-wrapped-contains-target-13-dense	graph-id	graph-id-property-wrapped-contains	dense	graph-id-equals-and-wrapped-contains	graph-routing	properties	200	fixture-android-13	fixture-android-13	1	99b23d6e37ddba640f96acd0d7b903185c9b38cc0e6df93374f9fe569bbc4c38	success	200	86344	2e714969993f2a86ba5c715dc52b2c7d6dbaed9b2320da2399ecdf29ec9f1e4e	1689209		fixture-android-13	cypher-graph-id-predicate	64	1	fixture-android-13	1	0	0	1	0	19375	1	1	63	1	0
graph-id-property-wrapped-contains-target-14-zero	graph-id	graph-id-property-wrapped-contains	zero	graph-id-equals-and-wrapped-contains	graph-routing	properties	200	fixture-android-14	fixture-android-14	1	caf42d54ef3437f216c963929327ed5ef3f52ce080fa2be4c3305c2370617ab1	success	0	147	805c8c7334c868e18e2be84be95b83cc60895722d739c2b164a68be4cd410c49	22413666			cypher-graph-id-predicate	64	1	fixture-android-14	1	0	0	1	0	1153975	1	1	63	1	0
graph-id-property-wrapped-contains-target-14-targeted	graph-id	graph-id-property-wrapped-contains	targeted	graph-id-equals-and-wrapped-contains	graph-routing	properties	200	fixture-android-14	fixture-android-14	1	caf42d54ef3437f216c963929327ed5ef3f52ce080fa2be4c3305c2370617ab1	success	3	1887	cfce92c06f8a0a93444f0ec3592aad57c255799cc7a1286e673f5c8cc3173d20	293958		fixture-android-14	cypher-graph-id-predicate	64	1	fixture-android-14	1	0	0	1	0	381	1	1	63	1	0
graph-id-property-wrapped-contains-target-14-dense	graph-id	graph-id-property-wrapped-contains	dense	graph-id-equals-and-wrapped-contains	graph-routing	properties	200	fixture-android-14	fixture-android-14	1	caf42d54ef3437f216c963929327ed5ef3f52ce080fa2be4c3305c2370617ab1	success	200	88102	f384f54b9e0494c603dd9e83eb2ca0ad0386a359a2e1d6a356e225c072977e41	1539167		fixture-android-14	cypher-graph-id-predicate	64	1	fixture-android-14	1	0	0	1	0	18675	1	1	63	1	0
graph-id-property-wrapped-contains-target-15-zero	graph-id	graph-id-property-wrapped-contains	zero	graph-id-equals-and-wrapped-contains	graph-routing	properties	200	fixture-android-15	fixture-android-15	1	396286291622042417a1e42f88e1a07f9e973d88a4b45b59c7408d3e8fe8e4cd	success	0	147	805c8c7334c868e18e2be84be95b83cc60895722d739c2b164a68be4cd410c49	21144041			cypher-graph-id-predicate	64	1	fixture-android-15	1	0	0	1	0	1070582	1	1	63	1	0
graph-id-property-wrapped-contains-target-15-targeted	graph-id	graph-id-property-wrapped-contains	targeted	graph-id-equals-and-wrapped-contains	graph-routing	properties	200	fixture-android-15	fixture-android-15	1	396286291622042417a1e42f88e1a07f9e973d88a4b45b59c7408d3e8fe8e4cd	success	1	765	ae20f86c5a0d43140079bdbb52041ad145178823d6189b8171bbe58dc0d82dcc	353375		fixture-android-15	cypher-graph-id-predicate	64	1	fixture-android-15	1	0	0	1	0	401	1	1	63	1	0
graph-id-property-wrapped-contains-target-15-dense	graph-id	graph-id-property-wrapped-contains	dense	graph-id-equals-and-wrapped-contains	graph-routing	properties	200	fixture-android-15	fixture-android-15	1	396286291622042417a1e42f88e1a07f9e973d88a4b45b59c7408d3e8fe8e4cd	success	200	82358	6db1e45464dd1e42fc627a3ee68393b586d132e4817f87f1da72cb180e7925bb	1354834		fixture-android-15	cypher-graph-id-predicate	64	1	fixture-android-15	1	0	0	1	0	17032	1	1	63	1	0
graph-id-property-wrapped-contains-target-16-zero	graph-id	graph-id-property-wrapped-contains	zero	graph-id-equals-and-wrapped-contains	graph-routing	properties	200	fixture-tika-00	fixture-tika-00	1	3ffa856892be3e0263f2c72254cefdb4bafce48e10eea2a8426b6af88f144658	success	0	147	805c8c7334c868e18e2be84be95b83cc60895722d739c2b164a68be4cd410c49	13206000			cypher-graph-id-predicate	64	1	fixture-tika-00	1	0	0	1	0	653911	1	1	63	1	0
graph-id-property-wrapped-contains-target-16-targeted	graph-id	graph-id-property-wrapped-contains	targeted	graph-id-equals-and-wrapped-contains	graph-routing	properties	200	fixture-tika-00	fixture-tika-00	1	3ffa856892be3e0263f2c72254cefdb4bafce48e10eea2a8426b6af88f144658	success	1	771	41ad9b5110585bc89df35b9d0a0c6bd66daaf6c239b4212552d078b2f2a28c34	258167		fixture-tika-00	cypher-graph-id-predicate	64	1	fixture-tika-00	1	0	0	1	0	470	1	1	63	1	0
graph-id-property-wrapped-contains-target-16-dense	graph-id	graph-id-property-wrapped-contains	dense	graph-id-equals-and-wrapped-contains	graph-routing	properties	200	fixture-tika-00	fixture-tika-00	1	3ffa856892be3e0263f2c72254cefdb4bafce48e10eea2a8426b6af88f144658	success	200	94237	51b180cd96740a311cc61165baa84cc05517b2f28ac6c70debc25f8e14514414	1064875		fixture-tika-00	cypher-graph-id-predicate	64	1	fixture-tika-00	1	0	0	1	0	11538	1	1	63	1	0
graph-id-property-wrapped-contains-target-17-zero	graph-id	graph-id-property-wrapped-contains	zero	graph-id-equals-and-wrapped-contains	graph-routing	properties	200	fixture-tika-01	fixture-tika-01	1	5bd11253ba6bcbac28c2d0805dbd50585f63593fbbabbc299bce9c8b5e4238f0	success	0	147	805c8c7334c868e18e2be84be95b83cc60895722d739c2b164a68be4cd410c49	14318209			cypher-graph-id-predicate	64	1	fixture-tika-01	1	0	0	1	0	726573	1	1	63	1	0
graph-id-property-wrapped-contains-target-17-targeted	graph-id	graph-id-property-wrapped-contains	targeted	graph-id-equals-and-wrapped-contains	graph-routing	properties	200	fixture-tika-01	fixture-tika-01	1	5bd11253ba6bcbac28c2d0805dbd50585f63593fbbabbc299bce9c8b5e4238f0	success	5	2976	7d286938fe2f40cd4cb86cd26be11c3221bfff86202fa9b705bdc1c77967743f	259334		fixture-tika-01	cypher-graph-id-predicate	64	1	fixture-tika-01	1	0	0	1	0	451	1	1	63	1	0
graph-id-property-wrapped-contains-target-17-dense	graph-id	graph-id-property-wrapped-contains	dense	graph-id-equals-and-wrapped-contains	graph-routing	properties	200	fixture-tika-01	fixture-tika-01	1	5bd11253ba6bcbac28c2d0805dbd50585f63593fbbabbc299bce9c8b5e4238f0	success	200	92381	87c915d88746be4a40b85e67e7de71966365a455358cc138185e5c1f5bcf1251	1151042		fixture-tika-01	cypher-graph-id-predicate	64	1	fixture-tika-01	1	0	0	1	0	13126	1	1	63	1	0
graph-id-property-wrapped-contains-target-18-zero	graph-id	graph-id-property-wrapped-contains	zero	graph-id-equals-and-wrapped-contains	graph-routing	properties	200	fixture-tika-02	fixture-tika-02	1	4f53553340fcd09378fe28c9d287d1bd3c78d0e5004534ad87493f082178a0db	success	0	147	805c8c7334c868e18e2be84be95b83cc60895722d739c2b164a68be4cd410c49	13461583			cypher-graph-id-predicate	64	1	fixture-tika-02	1	0	0	1	0	686107	1	1	63	1	0
graph-id-property-wrapped-contains-target-18-targeted	graph-id	graph-id-property-wrapped-contains	targeted	graph-id-equals-and-wrapped-contains	graph-routing	properties	200	fixture-tika-02	fixture-tika-02	1	4f53553340fcd09378fe28c9d287d1bd3c78d0e5004534ad87493f082178a0db	success	12	6781	abf0682228739bdef1eb0d4b5b1449d7697f9412e644bd07a974f6e04213652e	410917		fixture-tika-02	cypher-graph-id-predicate	64	1	fixture-tika-02	1	0	0	1	0	442	1	1	63	1	0
graph-id-property-wrapped-contains-target-18-dense	graph-id	graph-id-property-wrapped-contains	dense	graph-id-equals-and-wrapped-contains	graph-routing	properties	200	fixture-tika-02	fixture-tika-02	1	4f53553340fcd09378fe28c9d287d1bd3c78d0e5004534ad87493f082178a0db	success	200	95198	7d65fbc43e0cf8a1d4323c709e6963c32bdea3f389f5b683f619eee1fd79dc90	901833		fixture-tika-02	cypher-graph-id-predicate	64	1	fixture-tika-02	1	0	0	1	0	11847	1	1	63	1	0
graph-id-property-wrapped-contains-target-19-zero	graph-id	graph-id-property-wrapped-contains	zero	graph-id-equals-and-wrapped-contains	graph-routing	properties	200	fixture-tika-03	fixture-tika-03	1	e68986e5919884640710cc61d8f44310a6d888f55992390edbcc7ae70b8b8fa8	success	0	147	805c8c7334c868e18e2be84be95b83cc60895722d739c2b164a68be4cd410c49	12677042			cypher-graph-id-predicate	64	1	fixture-tika-03	1	0	0	1	0	648375	1	1	63	1	0
graph-id-property-wrapped-contains-target-19-targeted	graph-id	graph-id-property-wrapped-contains	targeted	graph-id-equals-and-wrapped-contains	graph-routing	properties	200	fixture-tika-03	fixture-tika-03	1	e68986e5919884640710cc61d8f44310a6d888f55992390edbcc7ae70b8b8fa8	success	11	6327	72232d5a8299b69c619beb4cebd0967a4ca8f1378844d7914f795f7c5126cc48	285917		fixture-tika-03	cypher-graph-id-predicate	64	1	fixture-tika-03	1	0	0	1	0	473	1	1	63	1	0
graph-id-property-wrapped-contains-target-19-dense	graph-id	graph-id-property-wrapped-contains	dense	graph-id-equals-and-wrapped-contains	graph-routing	properties	200	fixture-tika-03	fixture-tika-03	1	e68986e5919884640710cc61d8f44310a6d888f55992390edbcc7ae70b8b8fa8	success	200	96673	6ab8193cda24a8f589b0e7412ffcc3549afc3180a092c899437bb3ef2f8324ef	853625		fixture-tika-03	cypher-graph-id-predicate	64	1	fixture-tika-03	1	0	0	1	0	11300	1	1	63	1	0
graph-id-property-wrapped-contains-target-20-zero	graph-id	graph-id-property-wrapped-contains	zero	graph-id-equals-and-wrapped-contains	graph-routing	properties	200	fixture-tika-04	fixture-tika-04	1	2d9d29e96c28d6df21e1933cc2da3a076217ec4c30461070c5e997e04aa952cb	success	0	147	805c8c7334c868e18e2be84be95b83cc60895722d739c2b164a68be4cd410c49	14265292			cypher-graph-id-predicate	64	1	fixture-tika-04	1	0	0	1	0	726605	1	1	63	1	0
graph-id-property-wrapped-contains-target-20-targeted	graph-id	graph-id-property-wrapped-contains	targeted	graph-id-equals-and-wrapped-contains	graph-routing	properties	200	fixture-tika-04	fixture-tika-04	1	2d9d29e96c28d6df21e1933cc2da3a076217ec4c30461070c5e997e04aa952cb	success	1	763	7811e1c0f64fb9174b112349d7a5f89fec8a71f59a6b66db3b1e97241f5dc93c	217250		fixture-tika-04	cypher-graph-id-predicate	64	1	fixture-tika-04	1	0	0	1	0	404	1	1	63	1	0
graph-id-property-wrapped-contains-target-20-dense	graph-id	graph-id-property-wrapped-contains	dense	graph-id-equals-and-wrapped-contains	graph-routing	properties	200	fixture-tika-04	fixture-tika-04	1	2d9d29e96c28d6df21e1933cc2da3a076217ec4c30461070c5e997e04aa952cb	success	200	91604	a93cd6116bda146e01916f4ab7d54aa664da5b5c2287de109c82d6c48fcd38f8	965250		fixture-tika-04	cypher-graph-id-predicate	64	1	fixture-tika-04	1	0	0	1	0	12430	1	1	63	1	0
graph-id-property-wrapped-contains-target-21-zero	graph-id	graph-id-property-wrapped-contains	zero	graph-id-equals-and-wrapped-contains	graph-routing	properties	200	fixture-tika-05	fixture-tika-05	1	a70ca503c8d7edc9fd5b26430e9c4bd9517cfcf9084469733cfeff8a4fef63f8	success	0	147	805c8c7334c868e18e2be84be95b83cc60895722d739c2b164a68be4cd410c49	13499083			cypher-graph-id-predicate	64	1	fixture-tika-05	1	0	0	1	0	686747	1	1	63	1	0
graph-id-property-wrapped-contains-target-21-targeted	graph-id	graph-id-property-wrapped-contains	targeted	graph-id-equals-and-wrapped-contains	graph-routing	properties	200	fixture-tika-05	fixture-tika-05	1	a70ca503c8d7edc9fd5b26430e9c4bd9517cfcf9084469733cfeff8a4fef63f8	success	1	765	1cf450577b12b3b6a7c19f53479709a92a169add0c4f9defecbc55254bf8d5b3	240625		fixture-tika-05	cypher-graph-id-predicate	64	1	fixture-tika-05	1	0	0	1	0	472	1	1	63	1	0
graph-id-property-wrapped-contains-target-21-dense	graph-id	graph-id-property-wrapped-contains	dense	graph-id-equals-and-wrapped-contains	graph-routing	properties	200	fixture-tika-05	fixture-tika-05	1	a70ca503c8d7edc9fd5b26430e9c4bd9517cfcf9084469733cfeff8a4fef63f8	success	200	96334	eb6b03599a26f520b43896ee6af6cb6d2a3ec0783b66a0bcb29642b029a4b6eb	906291		fixture-tika-05	cypher-graph-id-predicate	64	1	fixture-tika-05	1	0	0	1	0	12222	1	1	63	1	0
graph-id-property-wrapped-contains-target-22-zero	graph-id	graph-id-property-wrapped-contains	zero	graph-id-equals-and-wrapped-contains	graph-routing	properties	200	fixture-tika-06	fixture-tika-06	1	629a75c155a37bcac72d6d131b20156694ded2e8aa1abe1c7f03ac03374020b7	success	0	147	805c8c7334c868e18e2be84be95b83cc60895722d739c2b164a68be4cd410c49	13199375			cypher-graph-id-predicate	64	1	fixture-tika-06	1	0	0	1	0	683382	1	1	63	1	0
graph-id-property-wrapped-contains-target-22-targeted	graph-id	graph-id-property-wrapped-contains	targeted	graph-id-equals-and-wrapped-contains	graph-routing	properties	200	fixture-tika-06	fixture-tika-06	1	629a75c155a37bcac72d6d131b20156694ded2e8aa1abe1c7f03ac03374020b7	success	11	6331	43d88524d9da26840d520d8260a6801a2d864c2023e9806c3df4a5e673a5fd66	282958		fixture-tika-06	cypher-graph-id-predicate	64	1	fixture-tika-06	1	0	0	1	0	488	1	1	63	1	0
graph-id-property-wrapped-contains-target-22-dense	graph-id	graph-id-property-wrapped-contains	dense	graph-id-equals-and-wrapped-contains	graph-routing	properties	200	fixture-tika-06	fixture-tika-06	1	629a75c155a37bcac72d6d131b20156694ded2e8aa1abe1c7f03ac03374020b7	success	200	98397	b1cc908cf8cd6a2354b320afca9ad225990c59be93a53ddc3912afb3b0d46d7b	903334		fixture-tika-06	cypher-graph-id-predicate	64	1	fixture-tika-06	1	0	0	1	0	11649	1	1	63	1	0
graph-id-property-wrapped-contains-target-23-zero	graph-id	graph-id-property-wrapped-contains	zero	graph-id-equals-and-wrapped-contains	graph-routing	properties	200	fixture-tika-07	fixture-tika-07	1	1f60bc193af0a0c32ae2bc0a840b7da98c896a5343d2d4a4871500ea55b0d8a0	success	0	147	805c8c7334c868e18e2be84be95b83cc60895722d739c2b164a68be4cd410c49	13004166			cypher-graph-id-predicate	64	1	fixture-tika-07	1	0	0	1	0	664156	1	1	63	1	0
graph-id-property-wrapped-contains-target-23-targeted	graph-id	graph-id-property-wrapped-contains	targeted	graph-id-equals-and-wrapped-contains	graph-routing	properties	200	fixture-tika-07	fixture-tika-07	1	1f60bc193af0a0c32ae2bc0a840b7da98c896a5343d2d4a4871500ea55b0d8a0	success	11	6135	718b52d4d32659cb9b39b84bdb87d6226a9be4436e73fa316936d1333dfa50c0	241834		fixture-tika-07	cypher-graph-id-predicate	64	1	fixture-tika-07	1	0	0	1	0	462	1	1	63	1	0
graph-id-property-wrapped-contains-target-23-dense	graph-id	graph-id-property-wrapped-contains	dense	graph-id-equals-and-wrapped-contains	graph-routing	properties	200	fixture-tika-07	fixture-tika-07	1	1f60bc193af0a0c32ae2bc0a840b7da98c896a5343d2d4a4871500ea55b0d8a0	success	200	95056	d5aa9163a912371065002f30549de9cefea57af859f009a275e381b0a849633e	877083		fixture-tika-07	cypher-graph-id-predicate	64	1	fixture-tika-07	1	0	0	1	0	11781	1	1	63	1	0
graph-id-property-wrapped-contains-target-24-zero	graph-id	graph-id-property-wrapped-contains	zero	graph-id-equals-and-wrapped-contains	graph-routing	properties	200	fixture-tika-08	fixture-tika-08	1	e9768e2189edf3079c0f4ce1fe9374fe3873b9ef6253d25bd7952c9e3f9e2f89	success	0	147	805c8c7334c868e18e2be84be95b83cc60895722d739c2b164a68be4cd410c49	14317375			cypher-graph-id-predicate	64	1	fixture-tika-08	1	0	0	1	0	737688	1	1	63	1	0
graph-id-property-wrapped-contains-target-24-targeted	graph-id	graph-id-property-wrapped-contains	targeted	graph-id-equals-and-wrapped-contains	graph-routing	properties	200	fixture-tika-08	fixture-tika-08	1	e9768e2189edf3079c0f4ce1fe9374fe3873b9ef6253d25bd7952c9e3f9e2f89	success	1	754	033650595463ffba6f1f515fc8a38ba023fdd37a0e2442442be40f2d8baee0b4	196583		fixture-tika-08	cypher-graph-id-predicate	64	1	fixture-tika-08	1	0	0	1	0	503	1	1	63	1	0
graph-id-property-wrapped-contains-target-24-dense	graph-id	graph-id-property-wrapped-contains	dense	graph-id-equals-and-wrapped-contains	graph-routing	properties	200	fixture-tika-08	fixture-tika-08	1	e9768e2189edf3079c0f4ce1fe9374fe3873b9ef6253d25bd7952c9e3f9e2f89	success	200	96144	13cc3d04be15c5d98101b6676211e0260c08571becd6cbc7be1dcfad1b7efce8	962458		fixture-tika-08	cypher-graph-id-predicate	64	1	fixture-tika-08	1	0	0	1	0	13300	1	1	63	1	0
graph-id-property-wrapped-contains-target-25-zero	graph-id	graph-id-property-wrapped-contains	zero	graph-id-equals-and-wrapped-contains	graph-routing	properties	200	fixture-tika-09	fixture-tika-09	1	f96e2b0b7f375cf347f289b0d59b047835095d1452b52dcff16ad07fa5ff5aaa	success	0	147	805c8c7334c868e18e2be84be95b83cc60895722d739c2b164a68be4cd410c49	14044667			cypher-graph-id-predicate	64	1	fixture-tika-09	1	0	0	1	0	735001	1	1	63	1	0
graph-id-property-wrapped-contains-target-25-targeted	graph-id	graph-id-property-wrapped-contains	targeted	graph-id-equals-and-wrapped-contains	graph-routing	properties	200	fixture-tika-09	fixture-tika-09	1	f96e2b0b7f375cf347f289b0d59b047835095d1452b52dcff16ad07fa5ff5aaa	success	17	9434	57a7fb26e2c1557848eddaabb17076d92c9b2ef2e0ff6b92be3de4374fe1fa9b	195875		fixture-tika-09	cypher-graph-id-predicate	64	1	fixture-tika-09	1	0	0	1	0	429	1	1	63	1	0
graph-id-property-wrapped-contains-target-25-dense	graph-id	graph-id-property-wrapped-contains	dense	graph-id-equals-and-wrapped-contains	graph-routing	properties	200	fixture-tika-09	fixture-tika-09	1	f96e2b0b7f375cf347f289b0d59b047835095d1452b52dcff16ad07fa5ff5aaa	success	200	90260	d606d19bfcb83b224b953bd70176bc52dc06d427ef6ab3d0cc311bc6ed6fc260	887917		fixture-tika-09	cypher-graph-id-predicate	64	1	fixture-tika-09	1	0	0	1	0	13018	1	1	63	1	0
graph-id-property-wrapped-contains-target-26-zero	graph-id	graph-id-property-wrapped-contains	zero	graph-id-equals-and-wrapped-contains	graph-routing	properties	200	fixture-tika-10	fixture-tika-10	1	724e820888f0db8884af940cbe8a364f2dce6bfc9b2c72fb09abe933fa439c0c	success	0	147	805c8c7334c868e18e2be84be95b83cc60895722d739c2b164a68be4cd410c49	14999791			cypher-graph-id-predicate	64	1	fixture-tika-10	1	0	0	1	0	778637	1	1	63	1	0
graph-id-property-wrapped-contains-target-26-targeted	graph-id	graph-id-property-wrapped-contains	targeted	graph-id-equals-and-wrapped-contains	graph-routing	properties	200	fixture-tika-10	fixture-tika-10	1	724e820888f0db8884af940cbe8a364f2dce6bfc9b2c72fb09abe933fa439c0c	success	1	791	550bd45f802381cb65ea30928a856fc0c2bc207cbfc2a147aad4312130548c9a	206167		fixture-tika-10	cypher-graph-id-predicate	64	1	fixture-tika-10	1	0	0	1	0	436	1	1	63	1	0
graph-id-property-wrapped-contains-target-26-dense	graph-id	graph-id-property-wrapped-contains	dense	graph-id-equals-and-wrapped-contains	graph-routing	properties	200	fixture-tika-10	fixture-tika-10	1	724e820888f0db8884af940cbe8a364f2dce6bfc9b2c72fb09abe933fa439c0c	success	200	96089	d0bdae62973cb737c05eda37d83d6fd7dea4520a7f87acdd4ed9a2fba1f97888	949458		fixture-tika-10	cypher-graph-id-predicate	64	1	fixture-tika-10	1	0	0	1	0	13760	1	1	63	1	0
graph-id-property-wrapped-contains-target-27-zero	graph-id	graph-id-property-wrapped-contains	zero	graph-id-equals-and-wrapped-contains	graph-routing	properties	200	fixture-tika-11	fixture-tika-11	1	947144f7fe63615dab1057f152a266b87c870ae6b1d136ebead3ef2860ecaaf9	success	0	147	805c8c7334c868e18e2be84be95b83cc60895722d739c2b164a68be4cd410c49	13774542			cypher-graph-id-predicate	64	1	fixture-tika-11	1	0	0	1	0	713245	1	1	63	1	0
graph-id-property-wrapped-contains-target-27-targeted	graph-id	graph-id-property-wrapped-contains	targeted	graph-id-equals-and-wrapped-contains	graph-routing	properties	200	fixture-tika-11	fixture-tika-11	1	947144f7fe63615dab1057f152a266b87c870ae6b1d136ebead3ef2860ecaaf9	success	14	8030	e1858d468e2cee9daff29f91791894b539cc1c9bfb8d57bb0eaa364a24ec0f04	239375		fixture-tika-11	cypher-graph-id-predicate	64	1	fixture-tika-11	1	0	0	1	0	455	1	1	63	1	0
graph-id-property-wrapped-contains-target-27-dense	graph-id	graph-id-property-wrapped-contains	dense	graph-id-equals-and-wrapped-contains	graph-routing	properties	200	fixture-tika-11	fixture-tika-11	1	947144f7fe63615dab1057f152a266b87c870ae6b1d136ebead3ef2860ecaaf9	success	200	95559	bcb492a91a247979acd291eaea381c0db6d952c0baff29193145ae7356b00907	899375		fixture-tika-11	cypher-graph-id-predicate	64	1	fixture-tika-11	1	0	0	1	0	12739	1	1	63	1	0
graph-id-property-wrapped-contains-target-28-zero	graph-id	graph-id-property-wrapped-contains	zero	graph-id-equals-and-wrapped-contains	graph-routing	properties	200	fixture-tika-12	fixture-tika-12	1	333b320af3f398d083e1d44b1a79e54fa546da12ce118f18db6f7cc3387398c8	success	0	147	805c8c7334c868e18e2be84be95b83cc60895722d739c2b164a68be4cd410c49	14398417			cypher-graph-id-predicate	64	1	fixture-tika-12	1	0	0	1	0	722104	1	1	63	1	0
graph-id-property-wrapped-contains-target-28-targeted	graph-id	graph-id-property-wrapped-contains	targeted	graph-id-equals-and-wrapped-contains	graph-routing	properties	200	fixture-tika-12	fixture-tika-12	1	333b320af3f398d083e1d44b1a79e54fa546da12ce118f18db6f7cc3387398c8	success	12	6370	8871e0dc77f7df7110f742adaac439b8d2f4e912a3a21e1793fda026e0955f9b	244667		fixture-tika-12	cypher-graph-id-predicate	64	1	fixture-tika-12	1	0	0	1	0	394	1	1	63	1	0
graph-id-property-wrapped-contains-target-28-dense	graph-id	graph-id-property-wrapped-contains	dense	graph-id-equals-and-wrapped-contains	graph-routing	properties	200	fixture-tika-12	fixture-tika-12	1	333b320af3f398d083e1d44b1a79e54fa546da12ce118f18db6f7cc3387398c8	success	200	101142	3ec255435f1804ca883e61ce69218b0c9b6812e5f4d6241be813f3a04980ff78	838750		fixture-tika-12	cypher-graph-id-predicate	64	1	fixture-tika-12	1	0	0	1	0	12087	1	1	63	1	0
graph-id-property-wrapped-contains-target-29-zero	graph-id	graph-id-property-wrapped-contains	zero	graph-id-equals-and-wrapped-contains	graph-routing	properties	200	fixture-tika-13	fixture-tika-13	1	697a328efd3d35078aa3cf7115b978f697299f7e0612d464eae79dc1cbc3f3c7	success	0	147	805c8c7334c868e18e2be84be95b83cc60895722d739c2b164a68be4cd410c49	12936958			cypher-graph-id-predicate	64	1	fixture-tika-13	1	0	0	1	0	675658	1	1	63	1	0
graph-id-property-wrapped-contains-target-29-targeted	graph-id	graph-id-property-wrapped-contains	targeted	graph-id-equals-and-wrapped-contains	graph-routing	properties	200	fixture-tika-13	fixture-tika-13	1	697a328efd3d35078aa3cf7115b978f697299f7e0612d464eae79dc1cbc3f3c7	success	1	759	7c9cbf2db3468e4d9ec5f9ce37c29746bb3071949804d250165a0310edd3182c	184958		fixture-tika-13	cypher-graph-id-predicate	64	1	fixture-tika-13	1	0	0	1	0	395	1	1	63	1	0
graph-id-property-wrapped-contains-target-29-dense	graph-id	graph-id-property-wrapped-contains	dense	graph-id-equals-and-wrapped-contains	graph-routing	properties	200	fixture-tika-13	fixture-tika-13	1	697a328efd3d35078aa3cf7115b978f697299f7e0612d464eae79dc1cbc3f3c7	success	200	96005	cb6245f16fc1df4cadc32295db3c94d74d99d6ac24ca00ba686085574c3842f9	833167		fixture-tika-13	cypher-graph-id-predicate	64	1	fixture-tika-13	1	0	0	1	0	12019	1	1	63	1	0
graph-id-property-wrapped-contains-target-30-zero	graph-id	graph-id-property-wrapped-contains	zero	graph-id-equals-and-wrapped-contains	graph-routing	properties	200	fixture-tika-14	fixture-tika-14	1	530ac22d92e73256c57c4e234fccac50105308bcc26304451ee74f20a619f7a5	success	0	147	805c8c7334c868e18e2be84be95b83cc60895722d739c2b164a68be4cd410c49	13537667			cypher-graph-id-predicate	64	1	fixture-tika-14	1	0	0	1	0	702124	1	1	63	1	0
graph-id-property-wrapped-contains-target-30-targeted	graph-id	graph-id-property-wrapped-contains	targeted	graph-id-equals-and-wrapped-contains	graph-routing	properties	200	fixture-tika-14	fixture-tika-14	1	530ac22d92e73256c57c4e234fccac50105308bcc26304451ee74f20a619f7a5	success	10	5866	c85815e1257e7d89a547803b839a8fa3d5c32a25ad93fc4df95c67dd0df38386	221000		fixture-tika-14	cypher-graph-id-predicate	64	1	fixture-tika-14	1	0	0	1	0	497	1	1	63	1	0
graph-id-property-wrapped-contains-target-30-dense	graph-id	graph-id-property-wrapped-contains	dense	graph-id-equals-and-wrapped-contains	graph-routing	properties	200	fixture-tika-14	fixture-tika-14	1	530ac22d92e73256c57c4e234fccac50105308bcc26304451ee74f20a619f7a5	success	200	95471	766b9ef7e8ecf0adce38af75461cc8c431950c6a78cf29871668bb82bbc59681	851792		fixture-tika-14	cypher-graph-id-predicate	64	1	fixture-tika-14	1	0	0	1	0	12857	1	1	63	1	0
graph-id-property-wrapped-contains-target-31-zero	graph-id	graph-id-property-wrapped-contains	zero	graph-id-equals-and-wrapped-contains	graph-routing	properties	200	fixture-tika-15	fixture-tika-15	1	80331285783d790177bcaeeebf677e98900445b2273d41781c6e07aa5683a500	success	0	147	805c8c7334c868e18e2be84be95b83cc60895722d739c2b164a68be4cd410c49	15919500			cypher-graph-id-predicate	64	1	fixture-tika-15	1	0	0	1	0	837536	1	1	63	1	0
graph-id-property-wrapped-contains-target-31-targeted	graph-id	graph-id-property-wrapped-contains	targeted	graph-id-equals-and-wrapped-contains	graph-routing	properties	200	fixture-tika-15	fixture-tika-15	1	80331285783d790177bcaeeebf677e98900445b2273d41781c6e07aa5683a500	success	1	779	5b2641a56fc0d1ce3cad560f98de3ab642d893c5f6c2be5bb57444732d364805	193750		fixture-tika-15	cypher-graph-id-predicate	64	1	fixture-tika-15	1	0	0	1	0	456	1	1	63	1	0
graph-id-property-wrapped-contains-target-31-dense	graph-id	graph-id-property-wrapped-contains	dense	graph-id-equals-and-wrapped-contains	graph-routing	properties	200	fixture-tika-15	fixture-tika-15	1	80331285783d790177bcaeeebf677e98900445b2273d41781c6e07aa5683a500	success	200	90493	6cea2d1b1fba9817e31904018fa5ce3734b41bb641feab5c7c6849206b05e3c1	951542		fixture-tika-15	cypher-graph-id-predicate	64	1	fixture-tika-15	1	0	0	1	0	14166	1	1	63	1	0
graph-id-property-wrapped-contains-target-32-zero	graph-id	graph-id-property-wrapped-contains	zero	graph-id-equals-and-wrapped-contains	graph-routing	properties	200	fixture-hive-00	fixture-hive-00	1	ea11677be4d3166ee79e7aa4f8c5ff603c5cb6bb9f65649cfc46854eedb1b466	success	0	147	805c8c7334c868e18e2be84be95b83cc60895722d739c2b164a68be4cd410c49	21111333			cypher-graph-id-predicate	64	1	fixture-hive-00	1	0	0	1	0	1097367	1	1	63	1	0
graph-id-property-wrapped-contains-target-32-targeted	graph-id	graph-id-property-wrapped-contains	targeted	graph-id-equals-and-wrapped-contains	graph-routing	properties	200	fixture-hive-00	fixture-hive-00	1	ea11677be4d3166ee79e7aa4f8c5ff603c5cb6bb9f65649cfc46854eedb1b466	success	4	2862	72e96499d86d64ae9da267f3b15791817d4250f06a8dfea9d09edd8c3c23a440	262500		fixture-hive-00	cypher-graph-id-predicate	64	1	fixture-hive-00	1	0	0	1	0	483	1	1	63	1	0
graph-id-property-wrapped-contains-target-32-dense	graph-id	graph-id-property-wrapped-contains	dense	graph-id-equals-and-wrapped-contains	graph-routing	properties	200	fixture-hive-00	fixture-hive-00	1	ea11677be4d3166ee79e7aa4f8c5ff603c5cb6bb9f65649cfc46854eedb1b466	success	200	92864	0ad6a5ae10cb27d8dd28af205e0df8ebd79b3e1ca0079c8c876100ee108fc38d	1096375		fixture-hive-00	cypher-graph-id-predicate	64	1	fixture-hive-00	1	0	0	1	0	16392	1	1	63	1	0
graph-id-property-wrapped-contains-target-33-zero	graph-id	graph-id-property-wrapped-contains	zero	graph-id-equals-and-wrapped-contains	graph-routing	properties	200	fixture-hive-01	fixture-hive-01	1	3a9bab8befb64a5c5518ec83add10138c13ae31dfad00b5a26547f3cfc2bf0bb	success	0	147	805c8c7334c868e18e2be84be95b83cc60895722d739c2b164a68be4cd410c49	17197917			cypher-graph-id-predicate	64	1	fixture-hive-01	1	0	0	1	0	886851	1	1	63	1	0
graph-id-property-wrapped-contains-target-33-targeted	graph-id	graph-id-property-wrapped-contains	targeted	graph-id-equals-and-wrapped-contains	graph-routing	properties	200	fixture-hive-01	fixture-hive-01	1	3a9bab8befb64a5c5518ec83add10138c13ae31dfad00b5a26547f3cfc2bf0bb	success	4	2862	5436abb5d5a82ddf1b71cf6459ce0de5fe56d25b825b58b20bbe8cace9e3cde7	189833		fixture-hive-01	cypher-graph-id-predicate	64	1	fixture-hive-01	1	0	0	1	0	496	1	1	63	1	0
graph-id-property-wrapped-contains-target-33-dense	graph-id	graph-id-property-wrapped-contains	dense	graph-id-equals-and-wrapped-contains	graph-routing	properties	200	fixture-hive-01	fixture-hive-01	1	3a9bab8befb64a5c5518ec83add10138c13ae31dfad00b5a26547f3cfc2bf0bb	success	200	92578	e10f119cab32a77f2d8107211e2addcc69d3ab151ee08f60199ff7a8db9b6a1c	887167		fixture-hive-01	cypher-graph-id-predicate	64	1	fixture-hive-01	1	0	0	1	0	12654	1	1	63	1	0
graph-id-property-wrapped-contains-target-34-zero	graph-id	graph-id-property-wrapped-contains	zero	graph-id-equals-and-wrapped-contains	graph-routing	properties	200	fixture-hive-02	fixture-hive-02	1	058d31d4f0a17f6c8e80480702d6c2099e48867673bc0a8d99037f2244a27bbf	success	0	147	805c8c7334c868e18e2be84be95b83cc60895722d739c2b164a68be4cd410c49	19825417			cypher-graph-id-predicate	64	1	fixture-hive-02	1	0	0	1	0	1041314	1	1	63	1	0
graph-id-property-wrapped-contains-target-34-targeted	graph-id	graph-id-property-wrapped-contains	targeted	graph-id-equals-and-wrapped-contains	graph-routing	properties	200	fixture-hive-02	fixture-hive-02	1	058d31d4f0a17f6c8e80480702d6c2099e48867673bc0a8d99037f2244a27bbf	success	4	2883	e83a01bd4b4e8f51ba0c51a53e73f87ec8dd6170bd60b37ef57b4eb9aba8bcc7	196167		fixture-hive-02	cypher-graph-id-predicate	64	1	fixture-hive-02	1	0	0	1	0	503	1	1	63	1	0
graph-id-property-wrapped-contains-target-34-dense	graph-id	graph-id-property-wrapped-contains	dense	graph-id-equals-and-wrapped-contains	graph-routing	properties	200	fixture-hive-02	fixture-hive-02	1	058d31d4f0a17f6c8e80480702d6c2099e48867673bc0a8d99037f2244a27bbf	success	200	94183	b06f89a813919b2f4278637c18773fe7508c48351caa08a76cefe1f54c9b7715	1029625		fixture-hive-02	cypher-graph-id-predicate	64	1	fixture-hive-02	1	0	0	1	0	14868	1	1	63	1	0
graph-id-property-wrapped-contains-target-35-zero	graph-id	graph-id-property-wrapped-contains	zero	graph-id-equals-and-wrapped-contains	graph-routing	properties	200	fixture-hive-03	fixture-hive-03	1	bc37ba5880a9fc3e89dea2bf6571ad8db10f8c499dfca7c678b831d8edb064fe	success	0	147	805c8c7334c868e18e2be84be95b83cc60895722d739c2b164a68be4cd410c49	19694667			cypher-graph-id-predicate	64	1	fixture-hive-03	1	0	0	1	0	1030770	1	1	63	1	0
graph-id-property-wrapped-contains-target-35-targeted	graph-id	graph-id-property-wrapped-contains	targeted	graph-id-equals-and-wrapped-contains	graph-routing	properties	200	fixture-hive-03	fixture-hive-03	1	bc37ba5880a9fc3e89dea2bf6571ad8db10f8c499dfca7c678b831d8edb064fe	success	1	771	134378d176ef9559b3b9b40557762648c5aa55be889ba8cb2e7f752130b85ab7	183250		fixture-hive-03	cypher-graph-id-predicate	64	1	fixture-hive-03	1	0	0	1	0	430	1	1	63	1	0
graph-id-property-wrapped-contains-target-35-dense	graph-id	graph-id-property-wrapped-contains	dense	graph-id-equals-and-wrapped-contains	graph-routing	properties	200	fixture-hive-03	fixture-hive-03	1	bc37ba5880a9fc3e89dea2bf6571ad8db10f8c499dfca7c678b831d8edb064fe	success	200	91613	71eca3baa7c5adda9a19daaba5b66d08f4d30beebcfc1f6f8f3125a009484e93	1042042		fixture-hive-03	cypher-graph-id-predicate	64	1	fixture-hive-03	1	0	0	1	0	15134	1	1	63	1	0
graph-id-property-wrapped-contains-target-36-zero	graph-id	graph-id-property-wrapped-contains	zero	graph-id-equals-and-wrapped-contains	graph-routing	properties	200	fixture-hive-04	fixture-hive-04	1	d6abca6af79ede3e783b4b1d1bb2f17c22db5cf0b5c70506d31ea6d33509dcc5	success	0	147	805c8c7334c868e18e2be84be95b83cc60895722d739c2b164a68be4cd410c49	18443875			cypher-graph-id-predicate	64	1	fixture-hive-04	1	0	0	1	0	947361	1	1	63	1	0
graph-id-property-wrapped-contains-target-36-targeted	graph-id	graph-id-property-wrapped-contains	targeted	graph-id-equals-and-wrapped-contains	graph-routing	properties	200	fixture-hive-04	fixture-hive-04	1	d6abca6af79ede3e783b4b1d1bb2f17c22db5cf0b5c70506d31ea6d33509dcc5	success	1	795	6f5022183da52ea8cb963f17c4b86a6270dc9bfe0ca358e5ec7d6bdf4c95879f	200958		fixture-hive-04	cypher-graph-id-predicate	64	1	fixture-hive-04	1	0	0	1	0	509	1	1	63	1	0
graph-id-property-wrapped-contains-target-36-dense	graph-id	graph-id-property-wrapped-contains	dense	graph-id-equals-and-wrapped-contains	graph-routing	properties	200	fixture-hive-04	fixture-hive-04	1	d6abca6af79ede3e783b4b1d1bb2f17c22db5cf0b5c70506d31ea6d33509dcc5	success	200	91716	5d2df55fe9df550bd17a462dbec1bd958f7c0d5940c160537976ecc80d5cb22f	923375		fixture-hive-04	cypher-graph-id-predicate	64	1	fixture-hive-04	1	0	0	1	0	13326	1	1	63	1	0
graph-id-property-wrapped-contains-target-37-zero	graph-id	graph-id-property-wrapped-contains	zero	graph-id-equals-and-wrapped-contains	graph-routing	properties	200	fixture-hive-05	fixture-hive-05	1	f7f4c2e85299b39f0b295436a0a678be80ea1fe4bd065c984fac7e3e79c02a1f	success	0	147	805c8c7334c868e18e2be84be95b83cc60895722d739c2b164a68be4cd410c49	18237792			cypher-graph-id-predicate	64	1	fixture-hive-05	1	0	0	1	0	943867	1	1	63	1	0
graph-id-property-wrapped-contains-target-37-targeted	graph-id	graph-id-property-wrapped-contains	targeted	graph-id-equals-and-wrapped-contains	graph-routing	properties	200	fixture-hive-05	fixture-hive-05	1	f7f4c2e85299b39f0b295436a0a678be80ea1fe4bd065c984fac7e3e79c02a1f	success	51	31472	b9433fbd59011f3771f14c8abacb0cbca913b3ccb9b85649a8f98d4c6f628703	250584		fixture-hive-05	cypher-graph-id-predicate	64	1	fixture-hive-05	1	0	0	1	0	549	1	1	63	1	0
graph-id-property-wrapped-contains-target-37-dense	graph-id	graph-id-property-wrapped-contains	dense	graph-id-equals-and-wrapped-contains	graph-routing	properties	200	fixture-hive-05	fixture-hive-05	1	f7f4c2e85299b39f0b295436a0a678be80ea1fe4bd065c984fac7e3e79c02a1f	success	200	91795	dbb6e258143695218279e10cbea2bf21ad0c5b1330a8fc3e3470b176ae0b6f42	982667		fixture-hive-05	cypher-graph-id-predicate	64	1	fixture-hive-05	1	0	0	1	0	14029	1	1	63	1	0
graph-id-property-wrapped-contains-target-38-zero	graph-id	graph-id-property-wrapped-contains	zero	graph-id-equals-and-wrapped-contains	graph-routing	properties	200	fixture-hive-06	fixture-hive-06	1	ddfe0a17a6b176061c6908248fc9bbb24510f00e8ed40c2c068587464d0ab767	success	0	147	805c8c7334c868e18e2be84be95b83cc60895722d739c2b164a68be4cd410c49	18960958			cypher-graph-id-predicate	64	1	fixture-hive-06	1	0	0	1	0	981528	1	1	63	1	0
graph-id-property-wrapped-contains-target-38-targeted	graph-id	graph-id-property-wrapped-contains	targeted	graph-id-equals-and-wrapped-contains	graph-routing	properties	200	fixture-hive-06	fixture-hive-06	1	ddfe0a17a6b176061c6908248fc9bbb24510f00e8ed40c2c068587464d0ab767	success	1	801	6e224732564976ab3ad1b488a2dcb0c2a2f84050ab25d529f41b87f4de3c406c	191542		fixture-hive-06	cypher-graph-id-predicate	64	1	fixture-hive-06	1	0	0	1	0	494	1	1	63	1	0
graph-id-property-wrapped-contains-target-38-dense	graph-id	graph-id-property-wrapped-contains	dense	graph-id-equals-and-wrapped-contains	graph-routing	properties	200	fixture-hive-06	fixture-hive-06	1	ddfe0a17a6b176061c6908248fc9bbb24510f00e8ed40c2c068587464d0ab767	success	200	92968	77adda61bf8a66745500e9e1b739302ae425b75af5d5199095bd9c0f56151e04	956208		fixture-hive-06	cypher-graph-id-predicate	64	1	fixture-hive-06	1	0	0	1	0	14074	1	1	63	1	0
graph-id-property-wrapped-contains-target-39-zero	graph-id	graph-id-property-wrapped-contains	zero	graph-id-equals-and-wrapped-contains	graph-routing	properties	200	fixture-hive-07	fixture-hive-07	1	5b909537f8397e9b454c56026974d9a0348f5c6147e1f2169fbaaa2eb1645822	success	0	147	805c8c7334c868e18e2be84be95b83cc60895722d739c2b164a68be4cd410c49	19682625			cypher-graph-id-predicate	64	1	fixture-hive-07	1	0	0	1	0	1045318	1	1	63	1	0
graph-id-property-wrapped-contains-target-39-targeted	graph-id	graph-id-property-wrapped-contains	targeted	graph-id-equals-and-wrapped-contains	graph-routing	properties	200	fixture-hive-07	fixture-hive-07	1	5b909537f8397e9b454c56026974d9a0348f5c6147e1f2169fbaaa2eb1645822	success	4	2855	db8e5b7500b38c30ff9ca554407e1c3f066cc32ce80520e31c63fe8f4f34048e	208000		fixture-hive-07	cypher-graph-id-predicate	64	1	fixture-hive-07	1	0	0	1	0	540	1	1	63	1	0
graph-id-property-wrapped-contains-target-39-dense	graph-id	graph-id-property-wrapped-contains	dense	graph-id-equals-and-wrapped-contains	graph-routing	properties	200	fixture-hive-07	fixture-hive-07	1	5b909537f8397e9b454c56026974d9a0348f5c6147e1f2169fbaaa2eb1645822	success	200	91298	153dc7ab9d3d22961d16bfae52d0b5cd4c7d97177e0e57e7c086294f37d00f0f	908083		fixture-hive-07	cypher-graph-id-predicate	64	1	fixture-hive-07	1	0	0	1	0	13588	1	1	63	1	0
graph-id-property-wrapped-contains-target-40-zero	graph-id	graph-id-property-wrapped-contains	zero	graph-id-equals-and-wrapped-contains	graph-routing	properties	200	fixture-hive-08	fixture-hive-08	1	a73da7b76b921f77b9fadceff4ca8a9274fa7524e6ce2fb87c035b118fdb9e31	success	0	147	805c8c7334c868e18e2be84be95b83cc60895722d739c2b164a68be4cd410c49	20852833			cypher-graph-id-predicate	64	1	fixture-hive-08	1	0	0	1	0	1081907	1	1	63	1	0
graph-id-property-wrapped-contains-target-40-targeted	graph-id	graph-id-property-wrapped-contains	targeted	graph-id-equals-and-wrapped-contains	graph-routing	properties	200	fixture-hive-08	fixture-hive-08	1	a73da7b76b921f77b9fadceff4ca8a9274fa7524e6ce2fb87c035b118fdb9e31	success	4	2911	6520445594f6fc1d080f2e441beea159540f21b52c555b515dbd7ba1fee2a37f	210417		fixture-hive-08	cypher-graph-id-predicate	64	1	fixture-hive-08	1	0	0	1	0	549	1	1	63	1	0
graph-id-property-wrapped-contains-target-40-dense	graph-id	graph-id-property-wrapped-contains	dense	graph-id-equals-and-wrapped-contains	graph-routing	properties	200	fixture-hive-08	fixture-hive-08	1	a73da7b76b921f77b9fadceff4ca8a9274fa7524e6ce2fb87c035b118fdb9e31	success	200	95189	6547ed796970ad3186785ae6dc7d6b1328d226d1878e5144fdb98c21fcba06f9	1068625		fixture-hive-08	cypher-graph-id-predicate	64	1	fixture-hive-08	1	0	0	1	0	15256	1	1	63	1	0
graph-id-property-wrapped-contains-target-41-zero	graph-id	graph-id-property-wrapped-contains	zero	graph-id-equals-and-wrapped-contains	graph-routing	properties	200	fixture-hive-09	fixture-hive-09	1	295df7bb9f479be56469bcfb34b70c143d1aff6e47944b80de9fd42e774be779	success	0	147	805c8c7334c868e18e2be84be95b83cc60895722d739c2b164a68be4cd410c49	19413708			cypher-graph-id-predicate	64	1	fixture-hive-09	1	0	0	1	0	991240	1	1	63	1	0
graph-id-property-wrapped-contains-target-41-targeted	graph-id	graph-id-property-wrapped-contains	targeted	graph-id-equals-and-wrapped-contains	graph-routing	properties	200	fixture-hive-09	fixture-hive-09	1	295df7bb9f479be56469bcfb34b70c143d1aff6e47944b80de9fd42e774be779	success	4	2883	42fd2fd2ff37d34c0cfb2146cde4be9387147a4cc07443bd58969c3f1e25556e	178542		fixture-hive-09	cypher-graph-id-predicate	64	1	fixture-hive-09	1	0	0	1	0	519	1	1	63	1	0
graph-id-property-wrapped-contains-target-41-dense	graph-id	graph-id-property-wrapped-contains	dense	graph-id-equals-and-wrapped-contains	graph-routing	properties	200	fixture-hive-09	fixture-hive-09	1	295df7bb9f479be56469bcfb34b70c143d1aff6e47944b80de9fd42e774be779	success	200	92146	1d23f5a918b6a408d8eae300e7aa799801aecc62fcc85667af567e3c95156cb9	1187500		fixture-hive-09	cypher-graph-id-predicate	64	1	fixture-hive-09	1	0	0	1	0	14450	1	1	63	1	0
graph-id-property-wrapped-contains-target-42-zero	graph-id	graph-id-property-wrapped-contains	zero	graph-id-equals-and-wrapped-contains	graph-routing	properties	200	fixture-hive-10	fixture-hive-10	1	e942f277a2b44bd11b03bd9380dd5388338721030a1701c31ff2277dd8f8cd9a	success	0	147	805c8c7334c868e18e2be84be95b83cc60895722d739c2b164a68be4cd410c49	18908000			cypher-graph-id-predicate	64	1	fixture-hive-10	1	0	0	1	0	905703	1	1	63	1	0
graph-id-property-wrapped-contains-target-42-targeted	graph-id	graph-id-property-wrapped-contains	targeted	graph-id-equals-and-wrapped-contains	graph-routing	properties	200	fixture-hive-10	fixture-hive-10	1	e942f277a2b44bd11b03bd9380dd5388338721030a1701c31ff2277dd8f8cd9a	success	63	39077	2d20a012ee335ff72d99f67135e1ac36defbca676c07a298d3df15c7c1e33f7d	295166		fixture-hive-10	cypher-graph-id-predicate	64	1	fixture-hive-10	1	0	0	1	0	548	1	1	63	1	0
graph-id-property-wrapped-contains-target-42-dense	graph-id	graph-id-property-wrapped-contains	dense	graph-id-equals-and-wrapped-contains	graph-routing	properties	200	fixture-hive-10	fixture-hive-10	1	e942f277a2b44bd11b03bd9380dd5388338721030a1701c31ff2277dd8f8cd9a	success	200	93248	bd7a2cfc84011237aca413f8fd4b6ee9130043dc1530bc214cc965d935dc3d88	1018458		fixture-hive-10	cypher-graph-id-predicate	64	1	fixture-hive-10	1	0	0	1	0	12690	1	1	63	1	0
graph-id-property-wrapped-contains-target-43-zero	graph-id	graph-id-property-wrapped-contains	zero	graph-id-equals-and-wrapped-contains	graph-routing	properties	200	fixture-hive-11	fixture-hive-11	1	fc0779b8fe9d9937d1e4cb4a3dba1379fc83c9a81125f4350e46a986c8531889	success	0	147	805c8c7334c868e18e2be84be95b83cc60895722d739c2b164a68be4cd410c49	20628167			cypher-graph-id-predicate	64	1	fixture-hive-11	1	0	0	1	0	985972	1	1	63	1	0
graph-id-property-wrapped-contains-target-43-targeted	graph-id	graph-id-property-wrapped-contains	targeted	graph-id-equals-and-wrapped-contains	graph-routing	properties	200	fixture-hive-11	fixture-hive-11	1	fc0779b8fe9d9937d1e4cb4a3dba1379fc83c9a81125f4350e46a986c8531889	success	4	2743	a7aaae25732eb3fc39e7e9697120f6a4534e52262fb153e4201e51d7b31e4606	227959		fixture-hive-11	cypher-graph-id-predicate	64	1	fixture-hive-11	1	0	0	1	0	433	1	1	63	1	0
graph-id-property-wrapped-contains-target-43-dense	graph-id	graph-id-property-wrapped-contains	dense	graph-id-equals-and-wrapped-contains	graph-routing	properties	200	fixture-hive-11	fixture-hive-11	1	fc0779b8fe9d9937d1e4cb4a3dba1379fc83c9a81125f4350e46a986c8531889	success	200	94063	f5c81d8aabcfe449e1a20e1133f0ce5a6c25cde54cfb7e82531ff93f87b6f89e	1111875		fixture-hive-11	cypher-graph-id-predicate	64	1	fixture-hive-11	1	0	0	1	0	14425	1	1	63	1	0
graph-id-property-wrapped-contains-target-44-zero	graph-id	graph-id-property-wrapped-contains	zero	graph-id-equals-and-wrapped-contains	graph-routing	properties	200	fixture-hive-12	fixture-hive-12	1	b0c62bc41512e26a42d23ec1fd21c12eb0d433e252eed22e92d2246689f7489a	success	0	147	805c8c7334c868e18e2be84be95b83cc60895722d739c2b164a68be4cd410c49	20668834			cypher-graph-id-predicate	64	1	fixture-hive-12	1	0	0	1	0	999177	1	1	63	1	0
graph-id-property-wrapped-contains-target-44-targeted	graph-id	graph-id-property-wrapped-contains	targeted	graph-id-equals-and-wrapped-contains	graph-routing	properties	200	fixture-hive-12	fixture-hive-12	1	b0c62bc41512e26a42d23ec1fd21c12eb0d433e252eed22e92d2246689f7489a	success	4	2890	b8c7750587d3cb95373de074cba017cf14e5d85811bfc8cc2b49fa06615dc14f	187083		fixture-hive-12	cypher-graph-id-predicate	64	1	fixture-hive-12	1	0	0	1	0	506	1	1	63	1	0
graph-id-property-wrapped-contains-target-44-dense	graph-id	graph-id-property-wrapped-contains	dense	graph-id-equals-and-wrapped-contains	graph-routing	properties	200	fixture-hive-12	fixture-hive-12	1	b0c62bc41512e26a42d23ec1fd21c12eb0d433e252eed22e92d2246689f7489a	success	200	90517	901cb7ad5a7cef604f7264d87d81f85a7b3e521b0175839dd61f15fa140b58cf	1023250		fixture-hive-12	cypher-graph-id-predicate	64	1	fixture-hive-12	1	0	0	1	0	13479	1	1	63	1	0
graph-id-property-wrapped-contains-target-45-zero	graph-id	graph-id-property-wrapped-contains	zero	graph-id-equals-and-wrapped-contains	graph-routing	properties	200	fixture-hive-13	fixture-hive-13	1	2f758a1599ac4d799ee27ae81f81bfe54bc6240d59e8f003bf5cd782742affd0	success	0	147	805c8c7334c868e18e2be84be95b83cc60895722d739c2b164a68be4cd410c49	20666291			cypher-graph-id-predicate	64	1	fixture-hive-13	1	0	0	1	0	981928	1	1	63	1	0
graph-id-property-wrapped-contains-target-45-targeted	graph-id	graph-id-property-wrapped-contains	targeted	graph-id-equals-and-wrapped-contains	graph-routing	properties	200	fixture-hive-13	fixture-hive-13	1	2f758a1599ac4d799ee27ae81f81bfe54bc6240d59e8f003bf5cd782742affd0	success	1	807	7a2ea6e6b7c61f333c01be975226570ddf428683fdf6c4eb419e09457718acf9	208709		fixture-hive-13	cypher-graph-id-predicate	64	1	fixture-hive-13	1	0	0	1	0	535	1	1	63	1	0
graph-id-property-wrapped-contains-target-45-dense	graph-id	graph-id-property-wrapped-contains	dense	graph-id-equals-and-wrapped-contains	graph-routing	properties	200	fixture-hive-13	fixture-hive-13	1	2f758a1599ac4d799ee27ae81f81bfe54bc6240d59e8f003bf5cd782742affd0	success	200	92534	8ce2fca3adf975e2913f1d7a0f91465f04ef5e5cdbaaa1f51ca68901be616480	1111500		fixture-hive-13	cypher-graph-id-predicate	64	1	fixture-hive-13	1	0	0	1	0	13584	1	1	63	1	0
graph-id-property-wrapped-contains-target-46-zero	graph-id	graph-id-property-wrapped-contains	zero	graph-id-equals-and-wrapped-contains	graph-routing	properties	200	fixture-hive-14	fixture-hive-14	1	960cf66cc8af0003002afe076d1f893b29b2a55fabfac7d5316eb3e3b9c46f67	success	0	147	805c8c7334c868e18e2be84be95b83cc60895722d739c2b164a68be4cd410c49	20397167			cypher-graph-id-predicate	64	1	fixture-hive-14	1	0	0	1	0	965154	1	1	63	1	0
graph-id-property-wrapped-contains-target-46-targeted	graph-id	graph-id-property-wrapped-contains	targeted	graph-id-equals-and-wrapped-contains	graph-routing	properties	200	fixture-hive-14	fixture-hive-14	1	960cf66cc8af0003002afe076d1f893b29b2a55fabfac7d5316eb3e3b9c46f67	success	45	27605	5de372ca8e19ec486456452fc7bd2d9f18c4d7b0beb5e238b24073911e1d2e3a	300291		fixture-hive-14	cypher-graph-id-predicate	64	1	fixture-hive-14	1	0	0	1	0	498	1	1	63	1	0
graph-id-property-wrapped-contains-target-46-dense	graph-id	graph-id-property-wrapped-contains	dense	graph-id-equals-and-wrapped-contains	graph-routing	properties	200	fixture-hive-14	fixture-hive-14	1	960cf66cc8af0003002afe076d1f893b29b2a55fabfac7d5316eb3e3b9c46f67	success	200	96641	3ad39c9167b00424c5957087068cab90d47268c9063b8d9e565113275edd98c8	1104583		fixture-hive-14	cypher-graph-id-predicate	64	1	fixture-hive-14	1	0	0	1	0	13971	1	1	63	1	0
graph-id-property-wrapped-contains-target-47-zero	graph-id	graph-id-property-wrapped-contains	zero	graph-id-equals-and-wrapped-contains	graph-routing	properties	200	fixture-hive-15	fixture-hive-15	1	d5c3f70f4e04fa9e3851b5ba956c39c64ff3bf4c48028255a069369d65d3e3dc	success	0	147	805c8c7334c868e18e2be84be95b83cc60895722d739c2b164a68be4cd410c49	19873541			cypher-graph-id-predicate	64	1	fixture-hive-15	1	0	0	1	0	955315	1	1	63	1	0
graph-id-property-wrapped-contains-target-47-targeted	graph-id	graph-id-property-wrapped-contains	targeted	graph-id-equals-and-wrapped-contains	graph-routing	properties	200	fixture-hive-15	fixture-hive-15	1	d5c3f70f4e04fa9e3851b5ba956c39c64ff3bf4c48028255a069369d65d3e3dc	success	66	40159	fcfc173325ae104971344d6daea93c8089a472f712f938cfbd16c519ba82c551	268125		fixture-hive-15	cypher-graph-id-predicate	64	1	fixture-hive-15	1	0	0	1	0	510	1	1	63	1	0
graph-id-property-wrapped-contains-target-47-dense	graph-id	graph-id-property-wrapped-contains	dense	graph-id-equals-and-wrapped-contains	graph-routing	properties	200	fixture-hive-15	fixture-hive-15	1	d5c3f70f4e04fa9e3851b5ba956c39c64ff3bf4c48028255a069369d65d3e3dc	success	200	97359	d162ad37d2e7b659e55cddb63b7d42e922fbd2396ae9679f7648226751bb7a13	1058167		fixture-hive-15	cypher-graph-id-predicate	64	1	fixture-hive-15	1	0	0	1	0	13221	1	1	63	1	0
graph-id-property-wrapped-contains-target-48-zero	graph-id	graph-id-property-wrapped-contains	zero	graph-id-equals-and-wrapped-contains	graph-routing	properties	200	fixture-kotlin-compiler-00	fixture-kotlin-compiler-00	1	e0590ddba3b9b9f8de79bee6771cc2f41482d9bcf2b6d495c533f4d523602a1c	success	0	147	805c8c7334c868e18e2be84be95b83cc60895722d739c2b164a68be4cd410c49	15973875			cypher-graph-id-predicate	64	1	fixture-kotlin-compiler-00	1	0	0	1	0	756394	1	1	63	1	0
graph-id-property-wrapped-contains-target-48-targeted	graph-id	graph-id-property-wrapped-contains	targeted	graph-id-equals-and-wrapped-contains	graph-routing	properties	200	fixture-kotlin-compiler-00	fixture-kotlin-compiler-00	1	e0590ddba3b9b9f8de79bee6771cc2f41482d9bcf2b6d495c533f4d523602a1c	success	10	6351	274597a5e0e535d6581734920f9ffbc39062a84a13ad9d85823a8f12df219dfd	199792		fixture-kotlin-compiler-00	cypher-graph-id-predicate	64	1	fixture-kotlin-compiler-00	1	0	0	1	0	453	1	1	63	1	0
graph-id-property-wrapped-contains-target-48-dense	graph-id	graph-id-property-wrapped-contains	dense	graph-id-equals-and-wrapped-contains	graph-routing	properties	200	fixture-kotlin-compiler-00	fixture-kotlin-compiler-00	1	e0590ddba3b9b9f8de79bee6771cc2f41482d9bcf2b6d495c533f4d523602a1c	success	200	97301	4abd067ea3c7496241f2623586a132809a81e33bd08c7645b717be3ee7ee2542	986542		fixture-kotlin-compiler-00	cypher-graph-id-predicate	64	1	fixture-kotlin-compiler-00	1	0	0	1	0	12409	1	1	63	1	0
graph-id-property-wrapped-contains-target-49-zero	graph-id	graph-id-property-wrapped-contains	zero	graph-id-equals-and-wrapped-contains	graph-routing	properties	200	fixture-kotlin-compiler-01	fixture-kotlin-compiler-01	1	a2378f34cd746f343988852d75ea5d50b8bfe89e6cd965dacb19b742e3a8c966	success	0	147	805c8c7334c868e18e2be84be95b83cc60895722d739c2b164a68be4cd410c49	15365667			cypher-graph-id-predicate	64	1	fixture-kotlin-compiler-01	1	0	0	1	0	719728	1	1	63	1	0
graph-id-property-wrapped-contains-target-49-targeted	graph-id	graph-id-property-wrapped-contains	targeted	graph-id-equals-and-wrapped-contains	graph-routing	properties	200	fixture-kotlin-compiler-01	fixture-kotlin-compiler-01	1	a2378f34cd746f343988852d75ea5d50b8bfe89e6cd965dacb19b742e3a8c966	success	4	2598	d72c68d3fe0e8e0257e28136dfcba3f279a31d304b51dc9611dfa7b0f16169a8	527583		fixture-kotlin-compiler-01	cypher-graph-id-predicate	64	1	fixture-kotlin-compiler-01	1	0	0	1	0	500	1	1	63	1	0
graph-id-property-wrapped-contains-target-49-dense	graph-id	graph-id-property-wrapped-contains	dense	graph-id-equals-and-wrapped-contains	graph-routing	properties	200	fixture-kotlin-compiler-01	fixture-kotlin-compiler-01	1	a2378f34cd746f343988852d75ea5d50b8bfe89e6cd965dacb19b742e3a8c966	success	200	95854	6848b85ce01299f2ea05bcca3edaa8c69792c61113aeaea43a401f01793bb61d	959750		fixture-kotlin-compiler-01	cypher-graph-id-predicate	64	1	fixture-kotlin-compiler-01	1	0	0	1	0	12047	1	1	63	1	0
graph-id-property-wrapped-contains-target-50-zero	graph-id	graph-id-property-wrapped-contains	zero	graph-id-equals-and-wrapped-contains	graph-routing	properties	200	fixture-kotlin-compiler-02	fixture-kotlin-compiler-02	1	b4996e09ff7c9fb90ce978374faa803d01485382a499402abfd9028048b79bf7	success	0	147	805c8c7334c868e18e2be84be95b83cc60895722d739c2b164a68be4cd410c49	14877542			cypher-graph-id-predicate	64	1	fixture-kotlin-compiler-02	1	0	0	1	0	703260	1	1	63	1	0
graph-id-property-wrapped-contains-target-50-targeted	graph-id	graph-id-property-wrapped-contains	targeted	graph-id-equals-and-wrapped-contains	graph-routing	properties	200	fixture-kotlin-compiler-02	fixture-kotlin-compiler-02	1	b4996e09ff7c9fb90ce978374faa803d01485382a499402abfd9028048b79bf7	success	1	791	85dd6bfd8cfa28628294c822275e5bb7a279ea8142c47ff362a55c060e68da37	181917		fixture-kotlin-compiler-02	cypher-graph-id-predicate	64	1	fixture-kotlin-compiler-02	1	0	0	1	0	440	1	1	63	1	0
graph-id-property-wrapped-contains-target-50-dense	graph-id	graph-id-property-wrapped-contains	dense	graph-id-equals-and-wrapped-contains	graph-routing	properties	200	fixture-kotlin-compiler-02	fixture-kotlin-compiler-02	1	b4996e09ff7c9fb90ce978374faa803d01485382a499402abfd9028048b79bf7	success	200	91564	fbf180fab82c32493738bb60bb29955d3f45810bb23806d614f71964200069bc	919000		fixture-kotlin-compiler-02	cypher-graph-id-predicate	64	1	fixture-kotlin-compiler-02	1	0	0	1	0	12211	1	1	63	1	0
graph-id-property-wrapped-contains-target-51-zero	graph-id	graph-id-property-wrapped-contains	zero	graph-id-equals-and-wrapped-contains	graph-routing	properties	200	fixture-kotlin-compiler-03	fixture-kotlin-compiler-03	1	a2350bbcc2f1ba8738ae72b167e586240ce7149551e3fba11f7a358d11b7801e	success	0	147	805c8c7334c868e18e2be84be95b83cc60895722d739c2b164a68be4cd410c49	14767667			cypher-graph-id-predicate	64	1	fixture-kotlin-compiler-03	1	0	0	1	0	691730	1	1	63	1	0
graph-id-property-wrapped-contains-target-51-targeted	graph-id	graph-id-property-wrapped-contains	targeted	graph-id-equals-and-wrapped-contains	graph-routing	properties	200	fixture-kotlin-compiler-03	fixture-kotlin-compiler-03	1	a2350bbcc2f1ba8738ae72b167e586240ce7149551e3fba11f7a358d11b7801e	success	1	798	64ae9673d519a121b865dc50f576291bddc3c4c81c474d10cfb9d0da1dce7c60	199875		fixture-kotlin-compiler-03	cypher-graph-id-predicate	64	1	fixture-kotlin-compiler-03	1	0	0	1	0	517	1	1	63	1	0
graph-id-property-wrapped-contains-target-51-dense	graph-id	graph-id-property-wrapped-contains	dense	graph-id-equals-and-wrapped-contains	graph-routing	properties	200	fixture-kotlin-compiler-03	fixture-kotlin-compiler-03	1	a2350bbcc2f1ba8738ae72b167e586240ce7149551e3fba11f7a358d11b7801e	success	200	94730	d508f1cb1d0c5646118a68e8a87c49c66a454661e438e3f033289c173598f51f	968125		fixture-kotlin-compiler-03	cypher-graph-id-predicate	64	1	fixture-kotlin-compiler-03	1	0	0	1	0	10940	1	1	63	1	0
graph-id-property-wrapped-contains-target-52-zero	graph-id	graph-id-property-wrapped-contains	zero	graph-id-equals-and-wrapped-contains	graph-routing	properties	200	fixture-kotlin-compiler-04	fixture-kotlin-compiler-04	1	1835d0591826a821b1c4a8a0df21cd273c40697176c253109b1663d9e56d64a0	success	0	147	805c8c7334c868e18e2be84be95b83cc60895722d739c2b164a68be4cd410c49	16724750			cypher-graph-id-predicate	64	1	fixture-kotlin-compiler-04	1	0	0	1	0	780521	1	1	63	1	0
graph-id-property-wrapped-contains-target-52-targeted	graph-id	graph-id-property-wrapped-contains	targeted	graph-id-equals-and-wrapped-contains	graph-routing	properties	200	fixture-kotlin-compiler-04	fixture-kotlin-compiler-04	1	1835d0591826a821b1c4a8a0df21cd273c40697176c253109b1663d9e56d64a0	success	1	792	6691abe0a1f608719107bf4ffc3fa52632123ab77cb7c2c3c6536cd32de533b1	201666		fixture-kotlin-compiler-04	cypher-graph-id-predicate	64	1	fixture-kotlin-compiler-04	1	0	0	1	0	505	1	1	63	1	0
graph-id-property-wrapped-contains-target-52-dense	graph-id	graph-id-property-wrapped-contains	dense	graph-id-equals-and-wrapped-contains	graph-routing	properties	200	fixture-kotlin-compiler-04	fixture-kotlin-compiler-04	1	1835d0591826a821b1c4a8a0df21cd273c40697176c253109b1663d9e56d64a0	success	200	96891	db4b9bfadbbb61a039e76484090eda57349ec9585a7c795f46793352fb739e7c	1010125		fixture-kotlin-compiler-04	cypher-graph-id-predicate	64	1	fixture-kotlin-compiler-04	1	0	0	1	0	12680	1	1	63	1	0
graph-id-property-wrapped-contains-target-53-zero	graph-id	graph-id-property-wrapped-contains	zero	graph-id-equals-and-wrapped-contains	graph-routing	properties	200	fixture-kotlin-compiler-05	fixture-kotlin-compiler-05	1	65de36ec09041582c4ff4a57708f099a7d72d4907a327e47ae026767f5ff0db0	success	0	147	805c8c7334c868e18e2be84be95b83cc60895722d739c2b164a68be4cd410c49	16579958			cypher-graph-id-predicate	64	1	fixture-kotlin-compiler-05	1	0	0	1	0	782262	1	1	63	1	0
graph-id-property-wrapped-contains-target-53-targeted	graph-id	graph-id-property-wrapped-contains	targeted	graph-id-equals-and-wrapped-contains	graph-routing	properties	200	fixture-kotlin-compiler-05	fixture-kotlin-compiler-05	1	65de36ec09041582c4ff4a57708f099a7d72d4907a327e47ae026767f5ff0db0	success	6	3910	d987ccd9722d9cd5492fcbb62423f1a89bb41e05ea0e3fb44e7cc793b9656b12	228375		fixture-kotlin-compiler-05	cypher-graph-id-predicate	64	1	fixture-kotlin-compiler-05	1	0	0	1	0	432	1	1	63	1	0
graph-id-property-wrapped-contains-target-53-dense	graph-id	graph-id-property-wrapped-contains	dense	graph-id-equals-and-wrapped-contains	graph-routing	properties	200	fixture-kotlin-compiler-05	fixture-kotlin-compiler-05	1	65de36ec09041582c4ff4a57708f099a7d72d4907a327e47ae026767f5ff0db0	success	200	94720	c9e7b59e830a820a47234ca1fd54046d1c260db318e05adc24dc748ca7fe29c0	1077750		fixture-kotlin-compiler-05	cypher-graph-id-predicate	64	1	fixture-kotlin-compiler-05	1	0	0	1	0	12733	1	1	63	1	0
graph-id-property-wrapped-contains-target-54-zero	graph-id	graph-id-property-wrapped-contains	zero	graph-id-equals-and-wrapped-contains	graph-routing	properties	200	fixture-kotlin-compiler-06	fixture-kotlin-compiler-06	1	455e2dea20c33d78ad4888048700c76ead131cc5fff61b1b6745f3cf019d98c7	success	0	147	805c8c7334c868e18e2be84be95b83cc60895722d739c2b164a68be4cd410c49	15180333			cypher-graph-id-predicate	64	1	fixture-kotlin-compiler-06	1	0	0	1	0	706229	1	1	63	1	0
graph-id-property-wrapped-contains-target-54-targeted	graph-id	graph-id-property-wrapped-contains	targeted	graph-id-equals-and-wrapped-contains	graph-routing	properties	200	fixture-kotlin-compiler-06	fixture-kotlin-compiler-06	1	455e2dea20c33d78ad4888048700c76ead131cc5fff61b1b6745f3cf019d98c7	success	3	1869	5157205e66d4cebff8b628175c555fdb333564013eabc5f496e37f9a4ad2b606	199917		fixture-kotlin-compiler-06	cypher-graph-id-predicate	64	1	fixture-kotlin-compiler-06	1	0	0	1	0	433	1	1	63	1	0
graph-id-property-wrapped-contains-target-54-dense	graph-id	graph-id-property-wrapped-contains	dense	graph-id-equals-and-wrapped-contains	graph-routing	properties	200	fixture-kotlin-compiler-06	fixture-kotlin-compiler-06	1	455e2dea20c33d78ad4888048700c76ead131cc5fff61b1b6745f3cf019d98c7	success	200	92798	60b390f0b190e46f6fd1b4929641c7324c9142e0f18a85bc338e7b41ebe62db5	1031209		fixture-kotlin-compiler-06	cypher-graph-id-predicate	64	1	fixture-kotlin-compiler-06	1	0	0	1	0	12188	1	1	63	1	0
graph-id-property-wrapped-contains-target-55-zero	graph-id	graph-id-property-wrapped-contains	zero	graph-id-equals-and-wrapped-contains	graph-routing	properties	200	fixture-kotlin-compiler-07	fixture-kotlin-compiler-07	1	6c1c49dd5e3fe90a5fa68f9ab09606732d59b2cb006a42f463d6390d9a27f2a1	success	0	147	805c8c7334c868e18e2be84be95b83cc60895722d739c2b164a68be4cd410c49	15408334			cypher-graph-id-predicate	64	1	fixture-kotlin-compiler-07	1	0	0	1	0	708921	1	1	63	1	0
graph-id-property-wrapped-contains-target-55-targeted	graph-id	graph-id-property-wrapped-contains	targeted	graph-id-equals-and-wrapped-contains	graph-routing	properties	200	fixture-kotlin-compiler-07	fixture-kotlin-compiler-07	1	6c1c49dd5e3fe90a5fa68f9ab09606732d59b2cb006a42f463d6390d9a27f2a1	success	10	6054	f5c10be5db49f33f0b8307328bfb058b342da4d9241c33217038447620028ab5	293750		fixture-kotlin-compiler-07	cypher-graph-id-predicate	64	1	fixture-kotlin-compiler-07	1	0	0	1	0	540	1	1	63	1	0
graph-id-property-wrapped-contains-target-55-dense	graph-id	graph-id-property-wrapped-contains	dense	graph-id-equals-and-wrapped-contains	graph-routing	properties	200	fixture-kotlin-compiler-07	fixture-kotlin-compiler-07	1	6c1c49dd5e3fe90a5fa68f9ab09606732d59b2cb006a42f463d6390d9a27f2a1	success	200	96112	0f6d4800cdd86ccdf20aab2fe6bd2924f66d70c9fcca46057385e09ba151a798	1043666		fixture-kotlin-compiler-07	cypher-graph-id-predicate	64	1	fixture-kotlin-compiler-07	1	0	0	1	0	11861	1	1	63	1	0
graph-id-property-wrapped-contains-target-56-zero	graph-id	graph-id-property-wrapped-contains	zero	graph-id-equals-and-wrapped-contains	graph-routing	properties	200	fixture-kotlin-compiler-08	fixture-kotlin-compiler-08	1	37be466842d1f239df76fe55e92f6769fc0b2d6e47e43f0020c40a8ce8422cb0	success	0	147	805c8c7334c868e18e2be84be95b83cc60895722d739c2b164a68be4cd410c49	15598208			cypher-graph-id-predicate	64	1	fixture-kotlin-compiler-08	1	0	0	1	0	759856	1	1	63	1	0
graph-id-property-wrapped-contains-target-56-targeted	graph-id	graph-id-property-wrapped-contains	targeted	graph-id-equals-and-wrapped-contains	graph-routing	properties	200	fixture-kotlin-compiler-08	fixture-kotlin-compiler-08	1	37be466842d1f239df76fe55e92f6769fc0b2d6e47e43f0020c40a8ce8422cb0	success	1	802	7ebbe5301915ad5c39692b733c3f39851576d09270c89f830b9e80b342a866f6	306416		fixture-kotlin-compiler-08	cypher-graph-id-predicate	64	1	fixture-kotlin-compiler-08	1	0	0	1	0	570	1	1	63	1	0
graph-id-property-wrapped-contains-target-56-dense	graph-id	graph-id-property-wrapped-contains	dense	graph-id-equals-and-wrapped-contains	graph-routing	properties	200	fixture-kotlin-compiler-08	fixture-kotlin-compiler-08	1	37be466842d1f239df76fe55e92f6769fc0b2d6e47e43f0020c40a8ce8422cb0	success	200	93704	b778fc4edfb3c1031b90b2d3d121fd31958733afdc68d3f1cde538a17b738328	973125		fixture-kotlin-compiler-08	cypher-graph-id-predicate	64	1	fixture-kotlin-compiler-08	1	0	0	1	0	12042	1	1	63	1	0
graph-id-property-wrapped-contains-target-57-zero	graph-id	graph-id-property-wrapped-contains	zero	graph-id-equals-and-wrapped-contains	graph-routing	properties	200	fixture-kotlin-compiler-09	fixture-kotlin-compiler-09	1	5bacb6648bba38e91cc033e69d42538b040b89f913b58ee2afebb53ba8d35c57	success	0	147	805c8c7334c868e18e2be84be95b83cc60895722d739c2b164a68be4cd410c49	14869125			cypher-graph-id-predicate	64	1	fixture-kotlin-compiler-09	1	0	0	1	0	740619	1	1	63	1	0
graph-id-property-wrapped-contains-target-57-targeted	graph-id	graph-id-property-wrapped-contains	targeted	graph-id-equals-and-wrapped-contains	graph-routing	properties	200	fixture-kotlin-compiler-09	fixture-kotlin-compiler-09	1	5bacb6648bba38e91cc033e69d42538b040b89f913b58ee2afebb53ba8d35c57	success	1	765	0812dc51126311be5cac082c5d39676905cd9a0811e6a08f17ec6343dc843471	206083		fixture-kotlin-compiler-09	cypher-graph-id-predicate	64	1	fixture-kotlin-compiler-09	1	0	0	1	0	413	1	1	63	1	0
graph-id-property-wrapped-contains-target-57-dense	graph-id	graph-id-property-wrapped-contains	dense	graph-id-equals-and-wrapped-contains	graph-routing	properties	200	fixture-kotlin-compiler-09	fixture-kotlin-compiler-09	1	5bacb6648bba38e91cc033e69d42538b040b89f913b58ee2afebb53ba8d35c57	success	200	99258	415f437224f091ed04a72fa493ee405ec437acfcfdf54dee50789c56e5356f10	951875		fixture-kotlin-compiler-09	cypher-graph-id-predicate	64	1	fixture-kotlin-compiler-09	1	0	0	1	0	12430	1	1	63	1	0
graph-id-property-wrapped-contains-target-58-zero	graph-id	graph-id-property-wrapped-contains	zero	graph-id-equals-and-wrapped-contains	graph-routing	properties	200	fixture-kotlin-compiler-10	fixture-kotlin-compiler-10	1	634f1070c869c5f39ed7722d97b19c8976bc7fee623a8cfc705bcdd955e20759	success	0	147	805c8c7334c868e18e2be84be95b83cc60895722d739c2b164a68be4cd410c49	16835541			cypher-graph-id-predicate	64	1	fixture-kotlin-compiler-10	1	0	0	1	0	825313	1	1	63	1	0
graph-id-property-wrapped-contains-target-58-targeted	graph-id	graph-id-property-wrapped-contains	targeted	graph-id-equals-and-wrapped-contains	graph-routing	properties	200	fixture-kotlin-compiler-10	fixture-kotlin-compiler-10	1	634f1070c869c5f39ed7722d97b19c8976bc7fee623a8cfc705bcdd955e20759	success	12	7029	1df616dc12f8aa99df8ef1921ad6c878afdd2d37362d488527ffbb7ddbe7f6e3	272750		fixture-kotlin-compiler-10	cypher-graph-id-predicate	64	1	fixture-kotlin-compiler-10	1	0	0	1	0	505	1	1	63	1	0
graph-id-property-wrapped-contains-target-58-dense	graph-id	graph-id-property-wrapped-contains	dense	graph-id-equals-and-wrapped-contains	graph-routing	properties	200	fixture-kotlin-compiler-10	fixture-kotlin-compiler-10	1	634f1070c869c5f39ed7722d97b19c8976bc7fee623a8cfc705bcdd955e20759	success	200	94948	3f3fd3df372307937afdfd0915ce035266497833c5712760faf456eece659c97	1152083		fixture-kotlin-compiler-10	cypher-graph-id-predicate	64	1	fixture-kotlin-compiler-10	1	0	0	1	0	13503	1	1	63	1	0
graph-id-property-wrapped-contains-target-59-zero	graph-id	graph-id-property-wrapped-contains	zero	graph-id-equals-and-wrapped-contains	graph-routing	properties	200	fixture-kotlin-compiler-11	fixture-kotlin-compiler-11	1	9e1bbfe33d12ec072b828f417bb9dcdab26d7daecb14898f31eb2d73cdaff93c	success	0	147	805c8c7334c868e18e2be84be95b83cc60895722d739c2b164a68be4cd410c49	14679583			cypher-graph-id-predicate	64	1	fixture-kotlin-compiler-11	1	0	0	1	0	671906	1	1	63	1	0
graph-id-property-wrapped-contains-target-59-targeted	graph-id	graph-id-property-wrapped-contains	targeted	graph-id-equals-and-wrapped-contains	graph-routing	properties	200	fixture-kotlin-compiler-11	fixture-kotlin-compiler-11	1	9e1bbfe33d12ec072b828f417bb9dcdab26d7daecb14898f31eb2d73cdaff93c	success	11	6729	3d47749a3f582c73a2df58bf3f9b3beed9c001af5d9bd91af1d30abe76d3f524	240125		fixture-kotlin-compiler-11	cypher-graph-id-predicate	64	1	fixture-kotlin-compiler-11	1	0	0	1	0	494	1	1	63	1	0
graph-id-property-wrapped-contains-target-59-dense	graph-id	graph-id-property-wrapped-contains	dense	graph-id-equals-and-wrapped-contains	graph-routing	properties	200	fixture-kotlin-compiler-11	fixture-kotlin-compiler-11	1	9e1bbfe33d12ec072b828f417bb9dcdab26d7daecb14898f31eb2d73cdaff93c	success	200	89429	54106029dd8c0484e4d4612954bdb30eebd525f910018413d1ee09bf2ea5c8ac	819917		fixture-kotlin-compiler-11	cypher-graph-id-predicate	64	1	fixture-kotlin-compiler-11	1	0	0	1	0	11438	1	1	63	1	0
graph-id-property-wrapped-contains-target-60-zero	graph-id	graph-id-property-wrapped-contains	zero	graph-id-equals-and-wrapped-contains	graph-routing	properties	200	fixture-kotlin-compiler-12	fixture-kotlin-compiler-12	1	45b0266366bbda196d2004ab993b070c325a01ec90b2c254cb7a89f0070e843a	success	0	147	805c8c7334c868e18e2be84be95b83cc60895722d739c2b164a68be4cd410c49	14494916			cypher-graph-id-predicate	64	1	fixture-kotlin-compiler-12	1	0	0	1	0	705875	1	1	63	1	0
graph-id-property-wrapped-contains-target-60-targeted	graph-id	graph-id-property-wrapped-contains	targeted	graph-id-equals-and-wrapped-contains	graph-routing	properties	200	fixture-kotlin-compiler-12	fixture-kotlin-compiler-12	1	45b0266366bbda196d2004ab993b070c325a01ec90b2c254cb7a89f0070e843a	success	13	7599	88379c6b80e2b23974c6b6a1e2c6fc3f3680ec705c71b7cecbc9a2228bf7fa26	295000		fixture-kotlin-compiler-12	cypher-graph-id-predicate	64	1	fixture-kotlin-compiler-12	1	0	0	1	0	530	1	1	63	1	0
graph-id-property-wrapped-contains-target-60-dense	graph-id	graph-id-property-wrapped-contains	dense	graph-id-equals-and-wrapped-contains	graph-routing	properties	200	fixture-kotlin-compiler-12	fixture-kotlin-compiler-12	1	45b0266366bbda196d2004ab993b070c325a01ec90b2c254cb7a89f0070e843a	success	200	94040	5d662b90e716477fff887768402c85462026d6042e22f1d7fafdb565b9f9efc8	974459		fixture-kotlin-compiler-12	cypher-graph-id-predicate	64	1	fixture-kotlin-compiler-12	1	0	0	1	0	12063	1	1	63	1	0
graph-id-property-wrapped-contains-target-61-zero	graph-id	graph-id-property-wrapped-contains	zero	graph-id-equals-and-wrapped-contains	graph-routing	properties	200	fixture-kotlin-compiler-13	fixture-kotlin-compiler-13	1	aedca61396c53e1f40a6a8408974c2e44a02b0dd40978618ab51b02da9ecb430	success	0	147	805c8c7334c868e18e2be84be95b83cc60895722d739c2b164a68be4cd410c49	31380791			cypher-graph-id-predicate	64	1	fixture-kotlin-compiler-13	1	0	0	1	0	761656	1	1	63	1	0
graph-id-property-wrapped-contains-target-61-targeted	graph-id	graph-id-property-wrapped-contains	targeted	graph-id-equals-and-wrapped-contains	graph-routing	properties	200	fixture-kotlin-compiler-13	fixture-kotlin-compiler-13	1	aedca61396c53e1f40a6a8408974c2e44a02b0dd40978618ab51b02da9ecb430	success	8	5180	b6f5bd5828bd66e4f09f8198b509f3673986060cf32e2725dff13d9bcb4d6e9b	272000		fixture-kotlin-compiler-13	cypher-graph-id-predicate	64	1	fixture-kotlin-compiler-13	1	0	0	1	0	479	1	1	63	1	0
graph-id-property-wrapped-contains-target-61-dense	graph-id	graph-id-property-wrapped-contains	dense	graph-id-equals-and-wrapped-contains	graph-routing	properties	200	fixture-kotlin-compiler-13	fixture-kotlin-compiler-13	1	aedca61396c53e1f40a6a8408974c2e44a02b0dd40978618ab51b02da9ecb430	success	200	93638	00f9fdf9bf9dc94ccc0d67b35cb45c01a8e623cfaedfdb70da1cc1bfa69daf82	952750		fixture-kotlin-compiler-13	cypher-graph-id-predicate	64	1	fixture-kotlin-compiler-13	1	0	0	1	0	12956	1	1	63	1	0
graph-id-property-wrapped-contains-target-62-zero	graph-id	graph-id-property-wrapped-contains	zero	graph-id-equals-and-wrapped-contains	graph-routing	properties	200	fixture-kotlin-compiler-14	fixture-kotlin-compiler-14	1	7f28ad9f946e8d01109ca70944e08883f52dd5c6cb287fa2d5fade1909b610b0	success	0	147	805c8c7334c868e18e2be84be95b83cc60895722d739c2b164a68be4cd410c49	14465083			cypher-graph-id-predicate	64	1	fixture-kotlin-compiler-14	1	0	0	1	0	738933	1	1	63	1	0
graph-id-property-wrapped-contains-target-62-targeted	graph-id	graph-id-property-wrapped-contains	targeted	graph-id-equals-and-wrapped-contains	graph-routing	properties	200	fixture-kotlin-compiler-14	fixture-kotlin-compiler-14	1	7f28ad9f946e8d01109ca70944e08883f52dd5c6cb287fa2d5fade1909b610b0	success	1	877	f04b3035acb1285487cb68f126c796fd316b35c6ce630f1e71efd88436bf28f2	286166		fixture-kotlin-compiler-14	cypher-graph-id-predicate	64	1	fixture-kotlin-compiler-14	1	0	0	1	0	470	1	1	63	1	0
graph-id-property-wrapped-contains-target-62-dense	graph-id	graph-id-property-wrapped-contains	dense	graph-id-equals-and-wrapped-contains	graph-routing	properties	200	fixture-kotlin-compiler-14	fixture-kotlin-compiler-14	1	7f28ad9f946e8d01109ca70944e08883f52dd5c6cb287fa2d5fade1909b610b0	success	200	97449	f19574ac46a01dafc16136d9e8c4835b8d40c72753078eb8a67a1d7d438dd937	956833		fixture-kotlin-compiler-14	cypher-graph-id-predicate	64	1	fixture-kotlin-compiler-14	1	0	0	1	0	12121	1	1	63	1	0
graph-id-property-wrapped-contains-target-63-zero	graph-id	graph-id-property-wrapped-contains	zero	graph-id-equals-and-wrapped-contains	graph-routing	properties	200	fixture-kotlin-compiler-15	fixture-kotlin-compiler-15	1	86015e396789c5c1cf86d1df3b0b97987a7b461bfcfb129491f3d758793d1d65	success	0	147	805c8c7334c868e18e2be84be95b83cc60895722d739c2b164a68be4cd410c49	15279666			cypher-graph-id-predicate	64	1	fixture-kotlin-compiler-15	1	0	0	1	0	700956	1	1	63	1	0
graph-id-property-wrapped-contains-target-63-targeted	graph-id	graph-id-property-wrapped-contains	targeted	graph-id-equals-and-wrapped-contains	graph-routing	properties	200	fixture-kotlin-compiler-15	fixture-kotlin-compiler-15	1	86015e396789c5c1cf86d1df3b0b97987a7b461bfcfb129491f3d758793d1d65	success	1	778	1734729b6952d2a8eff267ca86b458aa4fd5e0c703c1fa60dd66478cd3c49356	207334		fixture-kotlin-compiler-15	cypher-graph-id-predicate	64	1	fixture-kotlin-compiler-15	1	0	0	1	0	484	1	1	63	1	0
graph-id-property-wrapped-contains-target-63-dense	graph-id	graph-id-property-wrapped-contains	dense	graph-id-equals-and-wrapped-contains	graph-routing	properties	200	fixture-kotlin-compiler-15	fixture-kotlin-compiler-15	1	86015e396789c5c1cf86d1df3b0b97987a7b461bfcfb129491f3d758793d1d65	success	200	91412	082721be4b0e9234c67505fe172c638dcb4ef8924db9c6264a191473dfc4e443	899708		fixture-kotlin-compiler-15	cypher-graph-id-predicate	64	1	fixture-kotlin-compiler-15	1	0	0	1	0	11385	1	1	63	1	0
graph-id-function-wrapped-contains-target-00-zero	graph-id	graph-id-function-wrapped-contains	zero	graph-id-function-equals-and-wrapped-contains	graph-routing	properties	200	fixture-android-00	fixture-android-00	1	47c5f2f8275ab2447995a1b45a36cd5b0b70e258e0f75934abd1f0cef5c2b93e	success	0	147	805c8c7334c868e18e2be84be95b83cc60895722d739c2b164a68be4cd410c49	120625			cypher-graph-id-predicate	64	1	fixture-android-00	1	0	0	1	0	1	1	1	63	1	0
graph-id-function-wrapped-contains-target-00-targeted	graph-id	graph-id-function-wrapped-contains	targeted	graph-id-function-equals-and-wrapped-contains	graph-routing	properties	200	fixture-android-00	fixture-android-00	1	47c5f2f8275ab2447995a1b45a36cd5b0b70e258e0f75934abd1f0cef5c2b93e	success	10	5730	00c81103244dc6d42abdc3894d771e5a24957dcf7e5ad4d8dc686b1d7e0cb89e	79500		fixture-android-00	cypher-graph-id-predicate	64	1	fixture-android-00	1	0	0	1	0	10	1	1	63	1	0
graph-id-function-wrapped-contains-target-00-dense	graph-id	graph-id-function-wrapped-contains	dense	graph-id-function-equals-and-wrapped-contains	graph-routing	properties	200	fixture-android-00	fixture-android-00	1	47c5f2f8275ab2447995a1b45a36cd5b0b70e258e0f75934abd1f0cef5c2b93e	success	200	84411	3bdee68309e62bee93f47848258ded90b1763d55841fa57d8b8fd21867653c44	183417		fixture-android-00	cypher-graph-id-predicate	64	1	fixture-android-00	1	0	0	1	0	200	1	1	63	1	0
graph-id-function-wrapped-contains-target-01-zero	graph-id	graph-id-function-wrapped-contains	zero	graph-id-function-equals-and-wrapped-contains	graph-routing	properties	200	fixture-android-01	fixture-android-01	1	e4528616b87301f557512ab9d9e4e598561300f98d2e85100725c35158534ecc	success	0	147	805c8c7334c868e18e2be84be95b83cc60895722d739c2b164a68be4cd410c49	85959			cypher-graph-id-predicate	64	1	fixture-android-01	1	0	0	1	0	1	1	1	63	1	0
graph-id-function-wrapped-contains-target-01-targeted	graph-id	graph-id-function-wrapped-contains	targeted	graph-id-function-equals-and-wrapped-contains	graph-routing	properties	200	fixture-android-01	fixture-android-01	1	e4528616b87301f557512ab9d9e4e598561300f98d2e85100725c35158534ecc	success	1	758	b33173a678013ac093c95f3fccc5cd5af96ea18082387e1fc872de4817e234b2	73084		fixture-android-01	cypher-graph-id-predicate	64	1	fixture-android-01	1	0	0	1	0	1	1	1	63	1	0
graph-id-function-wrapped-contains-target-01-dense	graph-id	graph-id-function-wrapped-contains	dense	graph-id-function-equals-and-wrapped-contains	graph-routing	properties	200	fixture-android-01	fixture-android-01	1	e4528616b87301f557512ab9d9e4e598561300f98d2e85100725c35158534ecc	success	200	84093	d9daf98f04e06930dfeb91ddd4e8ae597b8f9154e54ac1018db6a25ea8ddd84f	154625		fixture-android-01	cypher-graph-id-predicate	64	1	fixture-android-01	1	0	0	1	0	200	1	1	63	1	0
graph-id-function-wrapped-contains-target-02-zero	graph-id	graph-id-function-wrapped-contains	zero	graph-id-function-equals-and-wrapped-contains	graph-routing	properties	200	fixture-android-02	fixture-android-02	1	1a026780ab945a978bf2d821f0728dd8a679a4b4838c8a3b7703d006d3fae584	success	0	147	805c8c7334c868e18e2be84be95b83cc60895722d739c2b164a68be4cd410c49	60042			cypher-graph-id-predicate	64	1	fixture-android-02	1	0	0	1	0	1	1	1	63	1	0
graph-id-function-wrapped-contains-target-02-targeted	graph-id	graph-id-function-wrapped-contains	targeted	graph-id-function-equals-and-wrapped-contains	graph-routing	properties	200	fixture-android-02	fixture-android-02	1	1a026780ab945a978bf2d821f0728dd8a679a4b4838c8a3b7703d006d3fae584	success	9	5751	0754b66fd035110585cc31e6af555127395a9cd85c413f0a859de6b596c3b70d	55917		fixture-android-02	cypher-graph-id-predicate	64	1	fixture-android-02	1	0	0	1	0	9	1	1	63	1	0
graph-id-function-wrapped-contains-target-02-dense	graph-id	graph-id-function-wrapped-contains	dense	graph-id-function-equals-and-wrapped-contains	graph-routing	properties	200	fixture-android-02	fixture-android-02	1	1a026780ab945a978bf2d821f0728dd8a679a4b4838c8a3b7703d006d3fae584	success	200	86930	a289774d080329d12351d967c614eae9b16190b55970a757b1f268e21aee3975	134084		fixture-android-02	cypher-graph-id-predicate	64	1	fixture-android-02	1	0	0	1	0	200	1	1	63	1	0
graph-id-function-wrapped-contains-target-03-zero	graph-id	graph-id-function-wrapped-contains	zero	graph-id-function-equals-and-wrapped-contains	graph-routing	properties	200	fixture-android-03	fixture-android-03	1	3a085dec137def84e2f0fd6c417ca6216ad5c22c415250ab8d225957a37eb876	success	0	147	805c8c7334c868e18e2be84be95b83cc60895722d739c2b164a68be4cd410c49	60041			cypher-graph-id-predicate	64	1	fixture-android-03	1	0	0	1	0	1	1	1	63	1	0
graph-id-function-wrapped-contains-target-03-targeted	graph-id	graph-id-function-wrapped-contains	targeted	graph-id-function-equals-and-wrapped-contains	graph-routing	properties	200	fixture-android-03	fixture-android-03	1	3a085dec137def84e2f0fd6c417ca6216ad5c22c415250ab8d225957a37eb876	success	2	1333	77f2da9b0b5a99e6332b957b281149f5e269d152177e36aaa74e86db4bc23bf9	44250		fixture-android-03	cypher-graph-id-predicate	64	1	fixture-android-03	1	0	0	1	0	2	1	1	63	1	0
graph-id-function-wrapped-contains-target-03-dense	graph-id	graph-id-function-wrapped-contains	dense	graph-id-function-equals-and-wrapped-contains	graph-routing	properties	200	fixture-android-03	fixture-android-03	1	3a085dec137def84e2f0fd6c417ca6216ad5c22c415250ab8d225957a37eb876	success	200	85151	08fbf5fde8e917175e0dca625983535621218120265897bdd0781fe99669b859	113208		fixture-android-03	cypher-graph-id-predicate	64	1	fixture-android-03	1	0	0	1	0	200	1	1	63	1	0
graph-id-function-wrapped-contains-target-04-zero	graph-id	graph-id-function-wrapped-contains	zero	graph-id-function-equals-and-wrapped-contains	graph-routing	properties	200	fixture-android-04	fixture-android-04	1	72b2db3813782b7057457474cb692d1ab65cbced9ccd76e7a6348806a1a0fdd6	success	0	147	805c8c7334c868e18e2be84be95b83cc60895722d739c2b164a68be4cd410c49	46667			cypher-graph-id-predicate	64	1	fixture-android-04	1	0	0	1	0	1	1	1	63	1	0
graph-id-function-wrapped-contains-target-04-targeted	graph-id	graph-id-function-wrapped-contains	targeted	graph-id-function-equals-and-wrapped-contains	graph-routing	properties	200	fixture-android-04	fixture-android-04	1	72b2db3813782b7057457474cb692d1ab65cbced9ccd76e7a6348806a1a0fdd6	success	9	5762	527d81de9e8ca9f5fe9ad0166e1e1711fbccaf3c53281e7e95375f6d55e3a3c7	50084		fixture-android-04	cypher-graph-id-predicate	64	1	fixture-android-04	1	0	0	1	0	9	1	1	63	1	0
graph-id-function-wrapped-contains-target-04-dense	graph-id	graph-id-function-wrapped-contains	dense	graph-id-function-equals-and-wrapped-contains	graph-routing	properties	200	fixture-android-04	fixture-android-04	1	72b2db3813782b7057457474cb692d1ab65cbced9ccd76e7a6348806a1a0fdd6	success	200	86152	85d9bac3392391ae56f1f03af81d888f398336c8e33a1ef1e42c5409f746f730	117041		fixture-android-04	cypher-graph-id-predicate	64	1	fixture-android-04	1	0	0	1	0	200	1	1	63	1	0
graph-id-function-wrapped-contains-target-05-zero	graph-id	graph-id-function-wrapped-contains	zero	graph-id-function-equals-and-wrapped-contains	graph-routing	properties	200	fixture-android-05	fixture-android-05	1	9ccc65db4edf2ad696714957f6291e11ba1a158b062c135b909367736aa1cb91	success	0	147	805c8c7334c868e18e2be84be95b83cc60895722d739c2b164a68be4cd410c49	49333			cypher-graph-id-predicate	64	1	fixture-android-05	1	0	0	1	0	1	1	1	63	1	0
graph-id-function-wrapped-contains-target-05-targeted	graph-id	graph-id-function-wrapped-contains	targeted	graph-id-function-equals-and-wrapped-contains	graph-routing	properties	200	fixture-android-05	fixture-android-05	1	9ccc65db4edf2ad696714957f6291e11ba1a158b062c135b909367736aa1cb91	success	9	5751	48fbef6ae3373a73cfbd3690497aae4d0773c2f4ddadb5d217061398978bcac5	51334		fixture-android-05	cypher-graph-id-predicate	64	1	fixture-android-05	1	0	0	1	0	9	1	1	63	1	0
graph-id-function-wrapped-contains-target-05-dense	graph-id	graph-id-function-wrapped-contains	dense	graph-id-function-equals-and-wrapped-contains	graph-routing	properties	200	fixture-android-05	fixture-android-05	1	9ccc65db4edf2ad696714957f6291e11ba1a158b062c135b909367736aa1cb91	success	200	90860	57ae61ccbdbf1e83a9ab8de2923c4ac26bcc634ed53a2f1c1a3ee3682afe8cd8	136583		fixture-android-05	cypher-graph-id-predicate	64	1	fixture-android-05	1	0	0	1	0	200	1	1	63	1	0
graph-id-function-wrapped-contains-target-06-zero	graph-id	graph-id-function-wrapped-contains	zero	graph-id-function-equals-and-wrapped-contains	graph-routing	properties	200	fixture-android-06	fixture-android-06	1	aef2397f89755e0b59e944f9b6062fb5611eea3ea4b05762643e082168bd9526	success	0	147	805c8c7334c868e18e2be84be95b83cc60895722d739c2b164a68be4cd410c49	43625			cypher-graph-id-predicate	64	1	fixture-android-06	1	0	0	1	0	1	1	1	63	1	0
graph-id-function-wrapped-contains-target-06-targeted	graph-id	graph-id-function-wrapped-contains	targeted	graph-id-function-equals-and-wrapped-contains	graph-routing	properties	200	fixture-android-06	fixture-android-06	1	aef2397f89755e0b59e944f9b6062fb5611eea3ea4b05762643e082168bd9526	success	1	734	2c8962bfda6df26238f145f32f089e1ccdb69cc26ea9c2fde590f543638ba060	39000		fixture-android-06	cypher-graph-id-predicate	64	1	fixture-android-06	1	0	0	1	0	1	1	1	63	1	0
graph-id-function-wrapped-contains-target-06-dense	graph-id	graph-id-function-wrapped-contains	dense	graph-id-function-equals-and-wrapped-contains	graph-routing	properties	200	fixture-android-06	fixture-android-06	1	aef2397f89755e0b59e944f9b6062fb5611eea3ea4b05762643e082168bd9526	success	200	83941	f7f169fb4cd9a2408b058d9e03502907fe0d9372ba70f2f3749aeaffa464e292	116958		fixture-android-06	cypher-graph-id-predicate	64	1	fixture-android-06	1	0	0	1	0	200	1	1	63	1	0
graph-id-function-wrapped-contains-target-07-zero	graph-id	graph-id-function-wrapped-contains	zero	graph-id-function-equals-and-wrapped-contains	graph-routing	properties	200	fixture-android-07	fixture-android-07	1	2884fe5070e6e70bd2c44e54af37c56e2cfd19343a8721d5b36093d7d1db0f7d	success	0	147	805c8c7334c868e18e2be84be95b83cc60895722d739c2b164a68be4cd410c49	73625			cypher-graph-id-predicate	64	1	fixture-android-07	1	0	0	1	0	1	1	1	63	1	0
graph-id-function-wrapped-contains-target-07-targeted	graph-id	graph-id-function-wrapped-contains	targeted	graph-id-function-equals-and-wrapped-contains	graph-routing	properties	200	fixture-android-07	fixture-android-07	1	2884fe5070e6e70bd2c44e54af37c56e2cfd19343a8721d5b36093d7d1db0f7d	success	1	762	d5674d7adcd2d58f93c5f2849f690003bc45d523850181c23ceaa0aacd7e6709	48000		fixture-android-07	cypher-graph-id-predicate	64	1	fixture-android-07	1	0	0	1	0	1	1	1	63	1	0
graph-id-function-wrapped-contains-target-07-dense	graph-id	graph-id-function-wrapped-contains	dense	graph-id-function-equals-and-wrapped-contains	graph-routing	properties	200	fixture-android-07	fixture-android-07	1	2884fe5070e6e70bd2c44e54af37c56e2cfd19343a8721d5b36093d7d1db0f7d	success	200	84999	35604ee2a3d19ee64c97fa99f4be154714c60028f948c7a23f75b925d4520a5d	130250		fixture-android-07	cypher-graph-id-predicate	64	1	fixture-android-07	1	0	0	1	0	200	1	1	63	1	0
graph-id-function-wrapped-contains-target-08-zero	graph-id	graph-id-function-wrapped-contains	zero	graph-id-function-equals-and-wrapped-contains	graph-routing	properties	200	fixture-android-08	fixture-android-08	1	25fcd87fe0d089932a1b7f325e822252e3042b73178c7aa80e1c0d12bcef2e47	success	0	147	805c8c7334c868e18e2be84be95b83cc60895722d739c2b164a68be4cd410c49	56292			cypher-graph-id-predicate	64	1	fixture-android-08	1	0	0	1	0	1	1	1	63	1	0
graph-id-function-wrapped-contains-target-08-targeted	graph-id	graph-id-function-wrapped-contains	targeted	graph-id-function-equals-and-wrapped-contains	graph-routing	properties	200	fixture-android-08	fixture-android-08	1	25fcd87fe0d089932a1b7f325e822252e3042b73178c7aa80e1c0d12bcef2e47	success	2	1322	4b49b28d836e57c2c3f8d43a93acd00a93b169fcd603338f9ab350f541e9665c	37291		fixture-android-08	cypher-graph-id-predicate	64	1	fixture-android-08	1	0	0	1	0	2	1	1	63	1	0
graph-id-function-wrapped-contains-target-08-dense	graph-id	graph-id-function-wrapped-contains	dense	graph-id-function-equals-and-wrapped-contains	graph-routing	properties	200	fixture-android-08	fixture-android-08	1	25fcd87fe0d089932a1b7f325e822252e3042b73178c7aa80e1c0d12bcef2e47	success	200	85531	ed34441ff634f19c276911a1fa193106a9070fde1065b57fc7ec71132b8d5f66	145666		fixture-android-08	cypher-graph-id-predicate	64	1	fixture-android-08	1	0	0	1	0	200	1	1	63	1	0
graph-id-function-wrapped-contains-target-09-zero	graph-id	graph-id-function-wrapped-contains	zero	graph-id-function-equals-and-wrapped-contains	graph-routing	properties	200	fixture-android-09	fixture-android-09	1	976770abc561e74e52c74c7f3b827fe70800ef502defdde9a4fa534aa511bd33	success	0	147	805c8c7334c868e18e2be84be95b83cc60895722d739c2b164a68be4cd410c49	50292			cypher-graph-id-predicate	64	1	fixture-android-09	1	0	0	1	0	1	1	1	63	1	0
graph-id-function-wrapped-contains-target-09-targeted	graph-id	graph-id-function-wrapped-contains	targeted	graph-id-function-equals-and-wrapped-contains	graph-routing	properties	200	fixture-android-09	fixture-android-09	1	976770abc561e74e52c74c7f3b827fe70800ef502defdde9a4fa534aa511bd33	success	1	758	cd83129b7654f9c1ac40c94032a03833f5b559e4d6d903ce58c899d274674334	39041		fixture-android-09	cypher-graph-id-predicate	64	1	fixture-android-09	1	0	0	1	0	1	1	1	63	1	0
graph-id-function-wrapped-contains-target-09-dense	graph-id	graph-id-function-wrapped-contains	dense	graph-id-function-equals-and-wrapped-contains	graph-routing	properties	200	fixture-android-09	fixture-android-09	1	976770abc561e74e52c74c7f3b827fe70800ef502defdde9a4fa534aa511bd33	success	200	84710	8302a9dc08d5cf465b56333dad5757a62c24d743692acbdbf8e81919ebd097a0	126208		fixture-android-09	cypher-graph-id-predicate	64	1	fixture-android-09	1	0	0	1	0	200	1	1	63	1	0
graph-id-function-wrapped-contains-target-10-zero	graph-id	graph-id-function-wrapped-contains	zero	graph-id-function-equals-and-wrapped-contains	graph-routing	properties	200	fixture-android-10	fixture-android-10	1	b80280988a4b3197bdd2348d3550b46e5d99e01f6e4a1abcb8668612b4a7bcf1	success	0	147	805c8c7334c868e18e2be84be95b83cc60895722d739c2b164a68be4cd410c49	54375			cypher-graph-id-predicate	64	1	fixture-android-10	1	0	0	1	0	1	1	1	63	1	0
graph-id-function-wrapped-contains-target-10-targeted	graph-id	graph-id-function-wrapped-contains	targeted	graph-id-function-equals-and-wrapped-contains	graph-routing	properties	200	fixture-android-10	fixture-android-10	1	b80280988a4b3197bdd2348d3550b46e5d99e01f6e4a1abcb8668612b4a7bcf1	success	1	821	f3f4d5fb39ff9fde7dcf6d88e4f52bcc4c277ed98626ccca0b17c4ddbb20b035	52833		fixture-android-10	cypher-graph-id-predicate	64	1	fixture-android-10	1	0	0	1	0	1	1	1	63	1	0
graph-id-function-wrapped-contains-target-10-dense	graph-id	graph-id-function-wrapped-contains	dense	graph-id-function-equals-and-wrapped-contains	graph-routing	properties	200	fixture-android-10	fixture-android-10	1	b80280988a4b3197bdd2348d3550b46e5d99e01f6e4a1abcb8668612b4a7bcf1	success	200	86914	eec30bd784e53b80ccd384559e9d1f853b8152ad8db90ad1f27d391bf03fc0d8	142833		fixture-android-10	cypher-graph-id-predicate	64	1	fixture-android-10	1	0	0	1	0	200	1	1	63	1	0
graph-id-function-wrapped-contains-target-11-zero	graph-id	graph-id-function-wrapped-contains	zero	graph-id-function-equals-and-wrapped-contains	graph-routing	properties	200	fixture-android-11	fixture-android-11	1	ff7c9f064acf1b8f0c7104242efebdb73dfcc6db0739150c3d56bcc4ebbfb47f	success	0	147	805c8c7334c868e18e2be84be95b83cc60895722d739c2b164a68be4cd410c49	69375			cypher-graph-id-predicate	64	1	fixture-android-11	1	0	0	1	0	1	1	1	63	1	0
graph-id-function-wrapped-contains-target-11-targeted	graph-id	graph-id-function-wrapped-contains	targeted	graph-id-function-equals-and-wrapped-contains	graph-routing	properties	200	fixture-android-11	fixture-android-11	1	ff7c9f064acf1b8f0c7104242efebdb73dfcc6db0739150c3d56bcc4ebbfb47f	success	1	758	f8ea31527e372a7d8e0f896bc894b97d788067aa20d0af371a4239382f72a4d1	62833		fixture-android-11	cypher-graph-id-predicate	64	1	fixture-android-11	1	0	0	1	0	1	1	1	63	1	0
graph-id-function-wrapped-contains-target-11-dense	graph-id	graph-id-function-wrapped-contains	dense	graph-id-function-equals-and-wrapped-contains	graph-routing	properties	200	fixture-android-11	fixture-android-11	1	ff7c9f064acf1b8f0c7104242efebdb73dfcc6db0739150c3d56bcc4ebbfb47f	success	200	84862	36598e3ab73085dce50e849dda8b6a32b1088eab3f02f052e9536f16613b5d4b	174542		fixture-android-11	cypher-graph-id-predicate	64	1	fixture-android-11	1	0	0	1	0	200	1	1	63	1	0
graph-id-function-wrapped-contains-target-12-zero	graph-id	graph-id-function-wrapped-contains	zero	graph-id-function-equals-and-wrapped-contains	graph-routing	properties	200	fixture-android-12	fixture-android-12	1	fbfd92bdb617f8eef3c84ce77e1116d4f0d1116a40b9fc543770c1a430e829ec	success	0	147	805c8c7334c868e18e2be84be95b83cc60895722d739c2b164a68be4cd410c49	59834			cypher-graph-id-predicate	64	1	fixture-android-12	1	0	0	1	0	1	1	1	63	1	0
graph-id-function-wrapped-contains-target-12-targeted	graph-id	graph-id-function-wrapped-contains	targeted	graph-id-function-equals-and-wrapped-contains	graph-routing	properties	200	fixture-android-12	fixture-android-12	1	fbfd92bdb617f8eef3c84ce77e1116d4f0d1116a40b9fc543770c1a430e829ec	success	2	1348	569ba2c2d8626f5c6804b713aa9f9bd5155648246e0bb082ab37cf407a3ccee9	55292		fixture-android-12	cypher-graph-id-predicate	64	1	fixture-android-12	1	0	0	1	0	2	1	1	63	1	0
graph-id-function-wrapped-contains-target-12-dense	graph-id	graph-id-function-wrapped-contains	dense	graph-id-function-equals-and-wrapped-contains	graph-routing	properties	200	fixture-android-12	fixture-android-12	1	fbfd92bdb617f8eef3c84ce77e1116d4f0d1116a40b9fc543770c1a430e829ec	success	200	85894	f22afa8ccaad259750ce50e850502822308b2565f707f284de32cd44d5ef328a	124708		fixture-android-12	cypher-graph-id-predicate	64	1	fixture-android-12	1	0	0	1	0	200	1	1	63	1	0
graph-id-function-wrapped-contains-target-13-zero	graph-id	graph-id-function-wrapped-contains	zero	graph-id-function-equals-and-wrapped-contains	graph-routing	properties	200	fixture-android-13	fixture-android-13	1	99b23d6e37ddba640f96acd0d7b903185c9b38cc0e6df93374f9fe569bbc4c38	success	0	147	805c8c7334c868e18e2be84be95b83cc60895722d739c2b164a68be4cd410c49	50167			cypher-graph-id-predicate	64	1	fixture-android-13	1	0	0	1	0	1	1	1	63	1	0
graph-id-function-wrapped-contains-target-13-targeted	graph-id	graph-id-function-wrapped-contains	targeted	graph-id-function-equals-and-wrapped-contains	graph-routing	properties	200	fixture-android-13	fixture-android-13	1	99b23d6e37ddba640f96acd0d7b903185c9b38cc0e6df93374f9fe569bbc4c38	success	5	2824	ebb699b5b0554cc639408add00ca9d9aae37f3553c5e6ea606cb7e66e171933f	41667		fixture-android-13	cypher-graph-id-predicate	64	1	fixture-android-13	1	0	0	1	0	5	1	1	63	1	0
graph-id-function-wrapped-contains-target-13-dense	graph-id	graph-id-function-wrapped-contains	dense	graph-id-function-equals-and-wrapped-contains	graph-routing	properties	200	fixture-android-13	fixture-android-13	1	99b23d6e37ddba640f96acd0d7b903185c9b38cc0e6df93374f9fe569bbc4c38	success	200	86344	2e714969993f2a86ba5c715dc52b2c7d6dbaed9b2320da2399ecdf29ec9f1e4e	116417		fixture-android-13	cypher-graph-id-predicate	64	1	fixture-android-13	1	0	0	1	0	200	1	1	63	1	0
graph-id-function-wrapped-contains-target-14-zero	graph-id	graph-id-function-wrapped-contains	zero	graph-id-function-equals-and-wrapped-contains	graph-routing	properties	200	fixture-android-14	fixture-android-14	1	caf42d54ef3437f216c963929327ed5ef3f52ce080fa2be4c3305c2370617ab1	success	0	147	805c8c7334c868e18e2be84be95b83cc60895722d739c2b164a68be4cd410c49	48000			cypher-graph-id-predicate	64	1	fixture-android-14	1	0	0	1	0	1	1	1	63	1	0
graph-id-function-wrapped-contains-target-14-targeted	graph-id	graph-id-function-wrapped-contains	targeted	graph-id-function-equals-and-wrapped-contains	graph-routing	properties	200	fixture-android-14	fixture-android-14	1	caf42d54ef3437f216c963929327ed5ef3f52ce080fa2be4c3305c2370617ab1	success	3	1887	cfce92c06f8a0a93444f0ec3592aad57c255799cc7a1286e673f5c8cc3173d20	37791		fixture-android-14	cypher-graph-id-predicate	64	1	fixture-android-14	1	0	0	1	0	3	1	1	63	1	0
graph-id-function-wrapped-contains-target-14-dense	graph-id	graph-id-function-wrapped-contains	dense	graph-id-function-equals-and-wrapped-contains	graph-routing	properties	200	fixture-android-14	fixture-android-14	1	caf42d54ef3437f216c963929327ed5ef3f52ce080fa2be4c3305c2370617ab1	success	200	88102	f384f54b9e0494c603dd9e83eb2ca0ad0386a359a2e1d6a356e225c072977e41	107542		fixture-android-14	cypher-graph-id-predicate	64	1	fixture-android-14	1	0	0	1	0	200	1	1	63	1	0
graph-id-function-wrapped-contains-target-15-zero	graph-id	graph-id-function-wrapped-contains	zero	graph-id-function-equals-and-wrapped-contains	graph-routing	properties	200	fixture-android-15	fixture-android-15	1	396286291622042417a1e42f88e1a07f9e973d88a4b45b59c7408d3e8fe8e4cd	success	0	147	805c8c7334c868e18e2be84be95b83cc60895722d739c2b164a68be4cd410c49	40459			cypher-graph-id-predicate	64	1	fixture-android-15	1	0	0	1	0	1	1	1	63	1	0
graph-id-function-wrapped-contains-target-15-targeted	graph-id	graph-id-function-wrapped-contains	targeted	graph-id-function-equals-and-wrapped-contains	graph-routing	properties	200	fixture-android-15	fixture-android-15	1	396286291622042417a1e42f88e1a07f9e973d88a4b45b59c7408d3e8fe8e4cd	success	1	765	ae20f86c5a0d43140079bdbb52041ad145178823d6189b8171bbe58dc0d82dcc	61584		fixture-android-15	cypher-graph-id-predicate	64	1	fixture-android-15	1	0	0	1	0	1	1	1	63	1	0
graph-id-function-wrapped-contains-target-15-dense	graph-id	graph-id-function-wrapped-contains	dense	graph-id-function-equals-and-wrapped-contains	graph-routing	properties	200	fixture-android-15	fixture-android-15	1	396286291622042417a1e42f88e1a07f9e973d88a4b45b59c7408d3e8fe8e4cd	success	200	82358	6db1e45464dd1e42fc627a3ee68393b586d132e4817f87f1da72cb180e7925bb	112750		fixture-android-15	cypher-graph-id-predicate	64	1	fixture-android-15	1	0	0	1	0	200	1	1	63	1	0
graph-id-function-wrapped-contains-target-16-zero	graph-id	graph-id-function-wrapped-contains	zero	graph-id-function-equals-and-wrapped-contains	graph-routing	properties	200	fixture-tika-00	fixture-tika-00	1	3ffa856892be3e0263f2c72254cefdb4bafce48e10eea2a8426b6af88f144658	success	0	147	805c8c7334c868e18e2be84be95b83cc60895722d739c2b164a68be4cd410c49	51375			cypher-graph-id-predicate	64	1	fixture-tika-00	1	0	0	1	0	1	1	1	63	1	0
graph-id-function-wrapped-contains-target-16-targeted	graph-id	graph-id-function-wrapped-contains	targeted	graph-id-function-equals-and-wrapped-contains	graph-routing	properties	200	fixture-tika-00	fixture-tika-00	1	3ffa856892be3e0263f2c72254cefdb4bafce48e10eea2a8426b6af88f144658	success	1	771	41ad9b5110585bc89df35b9d0a0c6bd66daaf6c239b4212552d078b2f2a28c34	42292		fixture-tika-00	cypher-graph-id-predicate	64	1	fixture-tika-00	1	0	0	1	0	1	1	1	63	1	0
graph-id-function-wrapped-contains-target-16-dense	graph-id	graph-id-function-wrapped-contains	dense	graph-id-function-equals-and-wrapped-contains	graph-routing	properties	200	fixture-tika-00	fixture-tika-00	1	3ffa856892be3e0263f2c72254cefdb4bafce48e10eea2a8426b6af88f144658	success	200	94237	51b180cd96740a311cc61165baa84cc05517b2f28ac6c70debc25f8e14514414	109583		fixture-tika-00	cypher-graph-id-predicate	64	1	fixture-tika-00	1	0	0	1	0	200	1	1	63	1	0
graph-id-function-wrapped-contains-target-17-zero	graph-id	graph-id-function-wrapped-contains	zero	graph-id-function-equals-and-wrapped-contains	graph-routing	properties	200	fixture-tika-01	fixture-tika-01	1	5bd11253ba6bcbac28c2d0805dbd50585f63593fbbabbc299bce9c8b5e4238f0	success	0	147	805c8c7334c868e18e2be84be95b83cc60895722d739c2b164a68be4cd410c49	43000			cypher-graph-id-predicate	64	1	fixture-tika-01	1	0	0	1	0	1	1	1	63	1	0
graph-id-function-wrapped-contains-target-17-targeted	graph-id	graph-id-function-wrapped-contains	targeted	graph-id-function-equals-and-wrapped-contains	graph-routing	properties	200	fixture-tika-01	fixture-tika-01	1	5bd11253ba6bcbac28c2d0805dbd50585f63593fbbabbc299bce9c8b5e4238f0	success	5	2976	7d286938fe2f40cd4cb86cd26be11c3221bfff86202fa9b705bdc1c77967743f	42958		fixture-tika-01	cypher-graph-id-predicate	64	1	fixture-tika-01	1	0	0	1	0	5	1	1	63	1	0
graph-id-function-wrapped-contains-target-17-dense	graph-id	graph-id-function-wrapped-contains	dense	graph-id-function-equals-and-wrapped-contains	graph-routing	properties	200	fixture-tika-01	fixture-tika-01	1	5bd11253ba6bcbac28c2d0805dbd50585f63593fbbabbc299bce9c8b5e4238f0	success	200	92381	87c915d88746be4a40b85e67e7de71966365a455358cc138185e5c1f5bcf1251	113750		fixture-tika-01	cypher-graph-id-predicate	64	1	fixture-tika-01	1	0	0	1	0	200	1	1	63	1	0
graph-id-function-wrapped-contains-target-18-zero	graph-id	graph-id-function-wrapped-contains	zero	graph-id-function-equals-and-wrapped-contains	graph-routing	properties	200	fixture-tika-02	fixture-tika-02	1	4f53553340fcd09378fe28c9d287d1bd3c78d0e5004534ad87493f082178a0db	success	0	147	805c8c7334c868e18e2be84be95b83cc60895722d739c2b164a68be4cd410c49	41958			cypher-graph-id-predicate	64	1	fixture-tika-02	1	0	0	1	0	1	1	1	63	1	0
graph-id-function-wrapped-contains-target-18-targeted	graph-id	graph-id-function-wrapped-contains	targeted	graph-id-function-equals-and-wrapped-contains	graph-routing	properties	200	fixture-tika-02	fixture-tika-02	1	4f53553340fcd09378fe28c9d287d1bd3c78d0e5004534ad87493f082178a0db	success	12	6781	abf0682228739bdef1eb0d4b5b1449d7697f9412e644bd07a974f6e04213652e	39458		fixture-tika-02	cypher-graph-id-predicate	64	1	fixture-tika-02	1	0	0	1	0	12	1	1	63	1	0
graph-id-function-wrapped-contains-target-18-dense	graph-id	graph-id-function-wrapped-contains	dense	graph-id-function-equals-and-wrapped-contains	graph-routing	properties	200	fixture-tika-02	fixture-tika-02	1	4f53553340fcd09378fe28c9d287d1bd3c78d0e5004534ad87493f082178a0db	success	200	95198	7d65fbc43e0cf8a1d4323c709e6963c32bdea3f389f5b683f619eee1fd79dc90	100416		fixture-tika-02	cypher-graph-id-predicate	64	1	fixture-tika-02	1	0	0	1	0	200	1	1	63	1	0
graph-id-function-wrapped-contains-target-19-zero	graph-id	graph-id-function-wrapped-contains	zero	graph-id-function-equals-and-wrapped-contains	graph-routing	properties	200	fixture-tika-03	fixture-tika-03	1	e68986e5919884640710cc61d8f44310a6d888f55992390edbcc7ae70b8b8fa8	success	0	147	805c8c7334c868e18e2be84be95b83cc60895722d739c2b164a68be4cd410c49	41958			cypher-graph-id-predicate	64	1	fixture-tika-03	1	0	0	1	0	1	1	1	63	1	0
graph-id-function-wrapped-contains-target-19-targeted	graph-id	graph-id-function-wrapped-contains	targeted	graph-id-function-equals-and-wrapped-contains	graph-routing	properties	200	fixture-tika-03	fixture-tika-03	1	e68986e5919884640710cc61d8f44310a6d888f55992390edbcc7ae70b8b8fa8	success	11	6327	72232d5a8299b69c619beb4cebd0967a4ca8f1378844d7914f795f7c5126cc48	45542		fixture-tika-03	cypher-graph-id-predicate	64	1	fixture-tika-03	1	0	0	1	0	11	1	1	63	1	0
graph-id-function-wrapped-contains-target-19-dense	graph-id	graph-id-function-wrapped-contains	dense	graph-id-function-equals-and-wrapped-contains	graph-routing	properties	200	fixture-tika-03	fixture-tika-03	1	e68986e5919884640710cc61d8f44310a6d888f55992390edbcc7ae70b8b8fa8	success	200	96673	6ab8193cda24a8f589b0e7412ffcc3549afc3180a092c899437bb3ef2f8324ef	110833		fixture-tika-03	cypher-graph-id-predicate	64	1	fixture-tika-03	1	0	0	1	0	200	1	1	63	1	0
graph-id-function-wrapped-contains-target-20-zero	graph-id	graph-id-function-wrapped-contains	zero	graph-id-function-equals-and-wrapped-contains	graph-routing	properties	200	fixture-tika-04	fixture-tika-04	1	2d9d29e96c28d6df21e1933cc2da3a076217ec4c30461070c5e997e04aa952cb	success	0	147	805c8c7334c868e18e2be84be95b83cc60895722d739c2b164a68be4cd410c49	40375			cypher-graph-id-predicate	64	1	fixture-tika-04	1	0	0	1	0	1	1	1	63	1	0
graph-id-function-wrapped-contains-target-20-targeted	graph-id	graph-id-function-wrapped-contains	targeted	graph-id-function-equals-and-wrapped-contains	graph-routing	properties	200	fixture-tika-04	fixture-tika-04	1	2d9d29e96c28d6df21e1933cc2da3a076217ec4c30461070c5e997e04aa952cb	success	1	763	7811e1c0f64fb9174b112349d7a5f89fec8a71f59a6b66db3b1e97241f5dc93c	38000		fixture-tika-04	cypher-graph-id-predicate	64	1	fixture-tika-04	1	0	0	1	0	1	1	1	63	1	0
graph-id-function-wrapped-contains-target-20-dense	graph-id	graph-id-function-wrapped-contains	dense	graph-id-function-equals-and-wrapped-contains	graph-routing	properties	200	fixture-tika-04	fixture-tika-04	1	2d9d29e96c28d6df21e1933cc2da3a076217ec4c30461070c5e997e04aa952cb	success	200	91604	a93cd6116bda146e01916f4ab7d54aa664da5b5c2287de109c82d6c48fcd38f8	126875		fixture-tika-04	cypher-graph-id-predicate	64	1	fixture-tika-04	1	0	0	1	0	200	1	1	63	1	0
graph-id-function-wrapped-contains-target-21-zero	graph-id	graph-id-function-wrapped-contains	zero	graph-id-function-equals-and-wrapped-contains	graph-routing	properties	200	fixture-tika-05	fixture-tika-05	1	a70ca503c8d7edc9fd5b26430e9c4bd9517cfcf9084469733cfeff8a4fef63f8	success	0	147	805c8c7334c868e18e2be84be95b83cc60895722d739c2b164a68be4cd410c49	79375			cypher-graph-id-predicate	64	1	fixture-tika-05	1	0	0	1	0	1	1	1	63	1	0
graph-id-function-wrapped-contains-target-21-targeted	graph-id	graph-id-function-wrapped-contains	targeted	graph-id-function-equals-and-wrapped-contains	graph-routing	properties	200	fixture-tika-05	fixture-tika-05	1	a70ca503c8d7edc9fd5b26430e9c4bd9517cfcf9084469733cfeff8a4fef63f8	success	1	765	1cf450577b12b3b6a7c19f53479709a92a169add0c4f9defecbc55254bf8d5b3	60000		fixture-tika-05	cypher-graph-id-predicate	64	1	fixture-tika-05	1	0	0	1	0	1	1	1	63	1	0
graph-id-function-wrapped-contains-target-21-dense	graph-id	graph-id-function-wrapped-contains	dense	graph-id-function-equals-and-wrapped-contains	graph-routing	properties	200	fixture-tika-05	fixture-tika-05	1	a70ca503c8d7edc9fd5b26430e9c4bd9517cfcf9084469733cfeff8a4fef63f8	success	200	96334	eb6b03599a26f520b43896ee6af6cb6d2a3ec0783b66a0bcb29642b029a4b6eb	105083		fixture-tika-05	cypher-graph-id-predicate	64	1	fixture-tika-05	1	0	0	1	0	200	1	1	63	1	0
graph-id-function-wrapped-contains-target-22-zero	graph-id	graph-id-function-wrapped-contains	zero	graph-id-function-equals-and-wrapped-contains	graph-routing	properties	200	fixture-tika-06	fixture-tika-06	1	629a75c155a37bcac72d6d131b20156694ded2e8aa1abe1c7f03ac03374020b7	success	0	147	805c8c7334c868e18e2be84be95b83cc60895722d739c2b164a68be4cd410c49	38625			cypher-graph-id-predicate	64	1	fixture-tika-06	1	0	0	1	0	1	1	1	63	1	0
graph-id-function-wrapped-contains-target-22-targeted	graph-id	graph-id-function-wrapped-contains	targeted	graph-id-function-equals-and-wrapped-contains	graph-routing	properties	200	fixture-tika-06	fixture-tika-06	1	629a75c155a37bcac72d6d131b20156694ded2e8aa1abe1c7f03ac03374020b7	success	11	6331	43d88524d9da26840d520d8260a6801a2d864c2023e9806c3df4a5e673a5fd66	40792		fixture-tika-06	cypher-graph-id-predicate	64	1	fixture-tika-06	1	0	0	1	0	11	1	1	63	1	0
graph-id-function-wrapped-contains-target-22-dense	graph-id	graph-id-function-wrapped-contains	dense	graph-id-function-equals-and-wrapped-contains	graph-routing	properties	200	fixture-tika-06	fixture-tika-06	1	629a75c155a37bcac72d6d131b20156694ded2e8aa1abe1c7f03ac03374020b7	success	200	98397	b1cc908cf8cd6a2354b320afca9ad225990c59be93a53ddc3912afb3b0d46d7b	110917		fixture-tika-06	cypher-graph-id-predicate	64	1	fixture-tika-06	1	0	0	1	0	200	1	1	63	1	0
graph-id-function-wrapped-contains-target-23-zero	graph-id	graph-id-function-wrapped-contains	zero	graph-id-function-equals-and-wrapped-contains	graph-routing	properties	200	fixture-tika-07	fixture-tika-07	1	1f60bc193af0a0c32ae2bc0a840b7da98c896a5343d2d4a4871500ea55b0d8a0	success	0	147	805c8c7334c868e18e2be84be95b83cc60895722d739c2b164a68be4cd410c49	54500			cypher-graph-id-predicate	64	1	fixture-tika-07	1	0	0	1	0	1	1	1	63	1	0
graph-id-function-wrapped-contains-target-23-targeted	graph-id	graph-id-function-wrapped-contains	targeted	graph-id-function-equals-and-wrapped-contains	graph-routing	properties	200	fixture-tika-07	fixture-tika-07	1	1f60bc193af0a0c32ae2bc0a840b7da98c896a5343d2d4a4871500ea55b0d8a0	success	11	6135	718b52d4d32659cb9b39b84bdb87d6226a9be4436e73fa316936d1333dfa50c0	39542		fixture-tika-07	cypher-graph-id-predicate	64	1	fixture-tika-07	1	0	0	1	0	11	1	1	63	1	0
graph-id-function-wrapped-contains-target-23-dense	graph-id	graph-id-function-wrapped-contains	dense	graph-id-function-equals-and-wrapped-contains	graph-routing	properties	200	fixture-tika-07	fixture-tika-07	1	1f60bc193af0a0c32ae2bc0a840b7da98c896a5343d2d4a4871500ea55b0d8a0	success	200	95056	d5aa9163a912371065002f30549de9cefea57af859f009a275e381b0a849633e	164583		fixture-tika-07	cypher-graph-id-predicate	64	1	fixture-tika-07	1	0	0	1	0	200	1	1	63	1	0
graph-id-function-wrapped-contains-target-24-zero	graph-id	graph-id-function-wrapped-contains	zero	graph-id-function-equals-and-wrapped-contains	graph-routing	properties	200	fixture-tika-08	fixture-tika-08	1	e9768e2189edf3079c0f4ce1fe9374fe3873b9ef6253d25bd7952c9e3f9e2f89	success	0	147	805c8c7334c868e18e2be84be95b83cc60895722d739c2b164a68be4cd410c49	40917			cypher-graph-id-predicate	64	1	fixture-tika-08	1	0	0	1	0	1	1	1	63	1	0
graph-id-function-wrapped-contains-target-24-targeted	graph-id	graph-id-function-wrapped-contains	targeted	graph-id-function-equals-and-wrapped-contains	graph-routing	properties	200	fixture-tika-08	fixture-tika-08	1	e9768e2189edf3079c0f4ce1fe9374fe3873b9ef6253d25bd7952c9e3f9e2f89	success	1	754	033650595463ffba6f1f515fc8a38ba023fdd37a0e2442442be40f2d8baee0b4	31000		fixture-tika-08	cypher-graph-id-predicate	64	1	fixture-tika-08	1	0	0	1	0	1	1	1	63	1	0
graph-id-function-wrapped-contains-target-24-dense	graph-id	graph-id-function-wrapped-contains	dense	graph-id-function-equals-and-wrapped-contains	graph-routing	properties	200	fixture-tika-08	fixture-tika-08	1	e9768e2189edf3079c0f4ce1fe9374fe3873b9ef6253d25bd7952c9e3f9e2f89	success	200	96144	13cc3d04be15c5d98101b6676211e0260c08571becd6cbc7be1dcfad1b7efce8	124084		fixture-tika-08	cypher-graph-id-predicate	64	1	fixture-tika-08	1	0	0	1	0	200	1	1	63	1	0
graph-id-function-wrapped-contains-target-25-zero	graph-id	graph-id-function-wrapped-contains	zero	graph-id-function-equals-and-wrapped-contains	graph-routing	properties	200	fixture-tika-09	fixture-tika-09	1	f96e2b0b7f375cf347f289b0d59b047835095d1452b52dcff16ad07fa5ff5aaa	success	0	147	805c8c7334c868e18e2be84be95b83cc60895722d739c2b164a68be4cd410c49	40209			cypher-graph-id-predicate	64	1	fixture-tika-09	1	0	0	1	0	1	1	1	63	1	0
graph-id-function-wrapped-contains-target-25-targeted	graph-id	graph-id-function-wrapped-contains	targeted	graph-id-function-equals-and-wrapped-contains	graph-routing	properties	200	fixture-tika-09	fixture-tika-09	1	f96e2b0b7f375cf347f289b0d59b047835095d1452b52dcff16ad07fa5ff5aaa	success	17	9434	57a7fb26e2c1557848eddaabb17076d92c9b2ef2e0ff6b92be3de4374fe1fa9b	33750		fixture-tika-09	cypher-graph-id-predicate	64	1	fixture-tika-09	1	0	0	1	0	17	1	1	63	1	0
graph-id-function-wrapped-contains-target-25-dense	graph-id	graph-id-function-wrapped-contains	dense	graph-id-function-equals-and-wrapped-contains	graph-routing	properties	200	fixture-tika-09	fixture-tika-09	1	f96e2b0b7f375cf347f289b0d59b047835095d1452b52dcff16ad07fa5ff5aaa	success	200	90260	d606d19bfcb83b224b953bd70176bc52dc06d427ef6ab3d0cc311bc6ed6fc260	100166		fixture-tika-09	cypher-graph-id-predicate	64	1	fixture-tika-09	1	0	0	1	0	200	1	1	63	1	0
graph-id-function-wrapped-contains-target-26-zero	graph-id	graph-id-function-wrapped-contains	zero	graph-id-function-equals-and-wrapped-contains	graph-routing	properties	200	fixture-tika-10	fixture-tika-10	1	724e820888f0db8884af940cbe8a364f2dce6bfc9b2c72fb09abe933fa439c0c	success	0	147	805c8c7334c868e18e2be84be95b83cc60895722d739c2b164a68be4cd410c49	31375			cypher-graph-id-predicate	64	1	fixture-tika-10	1	0	0	1	0	1	1	1	63	1	0
graph-id-function-wrapped-contains-target-26-targeted	graph-id	graph-id-function-wrapped-contains	targeted	graph-id-function-equals-and-wrapped-contains	graph-routing	properties	200	fixture-tika-10	fixture-tika-10	1	724e820888f0db8884af940cbe8a364f2dce6bfc9b2c72fb09abe933fa439c0c	success	1	791	550bd45f802381cb65ea30928a856fc0c2bc207cbfc2a147aad4312130548c9a	29333		fixture-tika-10	cypher-graph-id-predicate	64	1	fixture-tika-10	1	0	0	1	0	1	1	1	63	1	0
graph-id-function-wrapped-contains-target-26-dense	graph-id	graph-id-function-wrapped-contains	dense	graph-id-function-equals-and-wrapped-contains	graph-routing	properties	200	fixture-tika-10	fixture-tika-10	1	724e820888f0db8884af940cbe8a364f2dce6bfc9b2c72fb09abe933fa439c0c	success	200	96089	d0bdae62973cb737c05eda37d83d6fd7dea4520a7f87acdd4ed9a2fba1f97888	143125		fixture-tika-10	cypher-graph-id-predicate	64	1	fixture-tika-10	1	0	0	1	0	200	1	1	63	1	0
graph-id-function-wrapped-contains-target-27-zero	graph-id	graph-id-function-wrapped-contains	zero	graph-id-function-equals-and-wrapped-contains	graph-routing	properties	200	fixture-tika-11	fixture-tika-11	1	947144f7fe63615dab1057f152a266b87c870ae6b1d136ebead3ef2860ecaaf9	success	0	147	805c8c7334c868e18e2be84be95b83cc60895722d739c2b164a68be4cd410c49	54416			cypher-graph-id-predicate	64	1	fixture-tika-11	1	0	0	1	0	1	1	1	63	1	0
graph-id-function-wrapped-contains-target-27-targeted	graph-id	graph-id-function-wrapped-contains	targeted	graph-id-function-equals-and-wrapped-contains	graph-routing	properties	200	fixture-tika-11	fixture-tika-11	1	947144f7fe63615dab1057f152a266b87c870ae6b1d136ebead3ef2860ecaaf9	success	14	8030	e1858d468e2cee9daff29f91791894b539cc1c9bfb8d57bb0eaa364a24ec0f04	47541		fixture-tika-11	cypher-graph-id-predicate	64	1	fixture-tika-11	1	0	0	1	0	14	1	1	63	1	0
graph-id-function-wrapped-contains-target-27-dense	graph-id	graph-id-function-wrapped-contains	dense	graph-id-function-equals-and-wrapped-contains	graph-routing	properties	200	fixture-tika-11	fixture-tika-11	1	947144f7fe63615dab1057f152a266b87c870ae6b1d136ebead3ef2860ecaaf9	success	200	95559	bcb492a91a247979acd291eaea381c0db6d952c0baff29193145ae7356b00907	119583		fixture-tika-11	cypher-graph-id-predicate	64	1	fixture-tika-11	1	0	0	1	0	200	1	1	63	1	0
graph-id-function-wrapped-contains-target-28-zero	graph-id	graph-id-function-wrapped-contains	zero	graph-id-function-equals-and-wrapped-contains	graph-routing	properties	200	fixture-tika-12	fixture-tika-12	1	333b320af3f398d083e1d44b1a79e54fa546da12ce118f18db6f7cc3387398c8	success	0	147	805c8c7334c868e18e2be84be95b83cc60895722d739c2b164a68be4cd410c49	80459			cypher-graph-id-predicate	64	1	fixture-tika-12	1	0	0	1	0	1	1	1	63	1	0
graph-id-function-wrapped-contains-target-28-targeted	graph-id	graph-id-function-wrapped-contains	targeted	graph-id-function-equals-and-wrapped-contains	graph-routing	properties	200	fixture-tika-12	fixture-tika-12	1	333b320af3f398d083e1d44b1a79e54fa546da12ce118f18db6f7cc3387398c8	success	12	6370	8871e0dc77f7df7110f742adaac439b8d2f4e912a3a21e1793fda026e0955f9b	60959		fixture-tika-12	cypher-graph-id-predicate	64	1	fixture-tika-12	1	0	0	1	0	12	1	1	63	1	0
graph-id-function-wrapped-contains-target-28-dense	graph-id	graph-id-function-wrapped-contains	dense	graph-id-function-equals-and-wrapped-contains	graph-routing	properties	200	fixture-tika-12	fixture-tika-12	1	333b320af3f398d083e1d44b1a79e54fa546da12ce118f18db6f7cc3387398c8	success	200	101142	3ec255435f1804ca883e61ce69218b0c9b6812e5f4d6241be813f3a04980ff78	120625		fixture-tika-12	cypher-graph-id-predicate	64	1	fixture-tika-12	1	0	0	1	0	200	1	1	63	1	0
graph-id-function-wrapped-contains-target-29-zero	graph-id	graph-id-function-wrapped-contains	zero	graph-id-function-equals-and-wrapped-contains	graph-routing	properties	200	fixture-tika-13	fixture-tika-13	1	697a328efd3d35078aa3cf7115b978f697299f7e0612d464eae79dc1cbc3f3c7	success	0	147	805c8c7334c868e18e2be84be95b83cc60895722d739c2b164a68be4cd410c49	42292			cypher-graph-id-predicate	64	1	fixture-tika-13	1	0	0	1	0	1	1	1	63	1	0
graph-id-function-wrapped-contains-target-29-targeted	graph-id	graph-id-function-wrapped-contains	targeted	graph-id-function-equals-and-wrapped-contains	graph-routing	properties	200	fixture-tika-13	fixture-tika-13	1	697a328efd3d35078aa3cf7115b978f697299f7e0612d464eae79dc1cbc3f3c7	success	1	759	7c9cbf2db3468e4d9ec5f9ce37c29746bb3071949804d250165a0310edd3182c	31291		fixture-tika-13	cypher-graph-id-predicate	64	1	fixture-tika-13	1	0	0	1	0	1	1	1	63	1	0
graph-id-function-wrapped-contains-target-29-dense	graph-id	graph-id-function-wrapped-contains	dense	graph-id-function-equals-and-wrapped-contains	graph-routing	properties	200	fixture-tika-13	fixture-tika-13	1	697a328efd3d35078aa3cf7115b978f697299f7e0612d464eae79dc1cbc3f3c7	success	200	96005	cb6245f16fc1df4cadc32295db3c94d74d99d6ac24ca00ba686085574c3842f9	128541		fixture-tika-13	cypher-graph-id-predicate	64	1	fixture-tika-13	1	0	0	1	0	200	1	1	63	1	0
graph-id-function-wrapped-contains-target-30-zero	graph-id	graph-id-function-wrapped-contains	zero	graph-id-function-equals-and-wrapped-contains	graph-routing	properties	200	fixture-tika-14	fixture-tika-14	1	530ac22d92e73256c57c4e234fccac50105308bcc26304451ee74f20a619f7a5	success	0	147	805c8c7334c868e18e2be84be95b83cc60895722d739c2b164a68be4cd410c49	41209			cypher-graph-id-predicate	64	1	fixture-tika-14	1	0	0	1	0	1	1	1	63	1	0
graph-id-function-wrapped-contains-target-30-targeted	graph-id	graph-id-function-wrapped-contains	targeted	graph-id-function-equals-and-wrapped-contains	graph-routing	properties	200	fixture-tika-14	fixture-tika-14	1	530ac22d92e73256c57c4e234fccac50105308bcc26304451ee74f20a619f7a5	success	10	5866	c85815e1257e7d89a547803b839a8fa3d5c32a25ad93fc4df95c67dd0df38386	33791		fixture-tika-14	cypher-graph-id-predicate	64	1	fixture-tika-14	1	0	0	1	0	10	1	1	63	1	0
graph-id-function-wrapped-contains-target-30-dense	graph-id	graph-id-function-wrapped-contains	dense	graph-id-function-equals-and-wrapped-contains	graph-routing	properties	200	fixture-tika-14	fixture-tika-14	1	530ac22d92e73256c57c4e234fccac50105308bcc26304451ee74f20a619f7a5	success	200	95471	766b9ef7e8ecf0adce38af75461cc8c431950c6a78cf29871668bb82bbc59681	122917		fixture-tika-14	cypher-graph-id-predicate	64	1	fixture-tika-14	1	0	0	1	0	200	1	1	63	1	0
graph-id-function-wrapped-contains-target-31-zero	graph-id	graph-id-function-wrapped-contains	zero	graph-id-function-equals-and-wrapped-contains	graph-routing	properties	200	fixture-tika-15	fixture-tika-15	1	80331285783d790177bcaeeebf677e98900445b2273d41781c6e07aa5683a500	success	0	147	805c8c7334c868e18e2be84be95b83cc60895722d739c2b164a68be4cd410c49	31708			cypher-graph-id-predicate	64	1	fixture-tika-15	1	0	0	1	0	1	1	1	63	1	0
graph-id-function-wrapped-contains-target-31-targeted	graph-id	graph-id-function-wrapped-contains	targeted	graph-id-function-equals-and-wrapped-contains	graph-routing	properties	200	fixture-tika-15	fixture-tika-15	1	80331285783d790177bcaeeebf677e98900445b2273d41781c6e07aa5683a500	success	1	779	5b2641a56fc0d1ce3cad560f98de3ab642d893c5f6c2be5bb57444732d364805	37208		fixture-tika-15	cypher-graph-id-predicate	64	1	fixture-tika-15	1	0	0	1	0	1	1	1	63	1	0
graph-id-function-wrapped-contains-target-31-dense	graph-id	graph-id-function-wrapped-contains	dense	graph-id-function-equals-and-wrapped-contains	graph-routing	properties	200	fixture-tika-15	fixture-tika-15	1	80331285783d790177bcaeeebf677e98900445b2273d41781c6e07aa5683a500	success	200	90493	6cea2d1b1fba9817e31904018fa5ce3734b41bb641feab5c7c6849206b05e3c1	101458		fixture-tika-15	cypher-graph-id-predicate	64	1	fixture-tika-15	1	0	0	1	0	200	1	1	63	1	0
graph-id-function-wrapped-contains-target-32-zero	graph-id	graph-id-function-wrapped-contains	zero	graph-id-function-equals-and-wrapped-contains	graph-routing	properties	200	fixture-hive-00	fixture-hive-00	1	ea11677be4d3166ee79e7aa4f8c5ff603c5cb6bb9f65649cfc46854eedb1b466	success	0	147	805c8c7334c868e18e2be84be95b83cc60895722d739c2b164a68be4cd410c49	34583			cypher-graph-id-predicate	64	1	fixture-hive-00	1	0	0	1	0	1	1	1	63	1	0
graph-id-function-wrapped-contains-target-32-targeted	graph-id	graph-id-function-wrapped-contains	targeted	graph-id-function-equals-and-wrapped-contains	graph-routing	properties	200	fixture-hive-00	fixture-hive-00	1	ea11677be4d3166ee79e7aa4f8c5ff603c5cb6bb9f65649cfc46854eedb1b466	success	4	2862	72e96499d86d64ae9da267f3b15791817d4250f06a8dfea9d09edd8c3c23a440	30833		fixture-hive-00	cypher-graph-id-predicate	64	1	fixture-hive-00	1	0	0	1	0	4	1	1	63	1	0
graph-id-function-wrapped-contains-target-32-dense	graph-id	graph-id-function-wrapped-contains	dense	graph-id-function-equals-and-wrapped-contains	graph-routing	properties	200	fixture-hive-00	fixture-hive-00	1	ea11677be4d3166ee79e7aa4f8c5ff603c5cb6bb9f65649cfc46854eedb1b466	success	200	92864	0ad6a5ae10cb27d8dd28af205e0df8ebd79b3e1ca0079c8c876100ee108fc38d	200916		fixture-hive-00	cypher-graph-id-predicate	64	1	fixture-hive-00	1	0	0	1	0	200	1	1	63	1	0
graph-id-function-wrapped-contains-target-33-zero	graph-id	graph-id-function-wrapped-contains	zero	graph-id-function-equals-and-wrapped-contains	graph-routing	properties	200	fixture-hive-01	fixture-hive-01	1	3a9bab8befb64a5c5518ec83add10138c13ae31dfad00b5a26547f3cfc2bf0bb	success	0	147	805c8c7334c868e18e2be84be95b83cc60895722d739c2b164a68be4cd410c49	47041			cypher-graph-id-predicate	64	1	fixture-hive-01	1	0	0	1	0	1	1	1	63	1	0
graph-id-function-wrapped-contains-target-33-targeted	graph-id	graph-id-function-wrapped-contains	targeted	graph-id-function-equals-and-wrapped-contains	graph-routing	properties	200	fixture-hive-01	fixture-hive-01	1	3a9bab8befb64a5c5518ec83add10138c13ae31dfad00b5a26547f3cfc2bf0bb	success	4	2862	5436abb5d5a82ddf1b71cf6459ce0de5fe56d25b825b58b20bbe8cace9e3cde7	41167		fixture-hive-01	cypher-graph-id-predicate	64	1	fixture-hive-01	1	0	0	1	0	4	1	1	63	1	0
graph-id-function-wrapped-contains-target-33-dense	graph-id	graph-id-function-wrapped-contains	dense	graph-id-function-equals-and-wrapped-contains	graph-routing	properties	200	fixture-hive-01	fixture-hive-01	1	3a9bab8befb64a5c5518ec83add10138c13ae31dfad00b5a26547f3cfc2bf0bb	success	200	92578	e10f119cab32a77f2d8107211e2addcc69d3ab151ee08f60199ff7a8db9b6a1c	97042		fixture-hive-01	cypher-graph-id-predicate	64	1	fixture-hive-01	1	0	0	1	0	200	1	1	63	1	0
graph-id-function-wrapped-contains-target-34-zero	graph-id	graph-id-function-wrapped-contains	zero	graph-id-function-equals-and-wrapped-contains	graph-routing	properties	200	fixture-hive-02	fixture-hive-02	1	058d31d4f0a17f6c8e80480702d6c2099e48867673bc0a8d99037f2244a27bbf	success	0	147	805c8c7334c868e18e2be84be95b83cc60895722d739c2b164a68be4cd410c49	37167			cypher-graph-id-predicate	64	1	fixture-hive-02	1	0	0	1	0	1	1	1	63	1	0
graph-id-function-wrapped-contains-target-34-targeted	graph-id	graph-id-function-wrapped-contains	targeted	graph-id-function-equals-and-wrapped-contains	graph-routing	properties	200	fixture-hive-02	fixture-hive-02	1	058d31d4f0a17f6c8e80480702d6c2099e48867673bc0a8d99037f2244a27bbf	success	4	2883	e83a01bd4b4e8f51ba0c51a53e73f87ec8dd6170bd60b37ef57b4eb9aba8bcc7	32584		fixture-hive-02	cypher-graph-id-predicate	64	1	fixture-hive-02	1	0	0	1	0	4	1	1	63	1	0
graph-id-function-wrapped-contains-target-34-dense	graph-id	graph-id-function-wrapped-contains	dense	graph-id-function-equals-and-wrapped-contains	graph-routing	properties	200	fixture-hive-02	fixture-hive-02	1	058d31d4f0a17f6c8e80480702d6c2099e48867673bc0a8d99037f2244a27bbf	success	200	94183	b06f89a813919b2f4278637c18773fe7508c48351caa08a76cefe1f54c9b7715	100958		fixture-hive-02	cypher-graph-id-predicate	64	1	fixture-hive-02	1	0	0	1	0	200	1	1	63	1	0
graph-id-function-wrapped-contains-target-35-zero	graph-id	graph-id-function-wrapped-contains	zero	graph-id-function-equals-and-wrapped-contains	graph-routing	properties	200	fixture-hive-03	fixture-hive-03	1	bc37ba5880a9fc3e89dea2bf6571ad8db10f8c499dfca7c678b831d8edb064fe	success	0	147	805c8c7334c868e18e2be84be95b83cc60895722d739c2b164a68be4cd410c49	38125			cypher-graph-id-predicate	64	1	fixture-hive-03	1	0	0	1	0	1	1	1	63	1	0
graph-id-function-wrapped-contains-target-35-targeted	graph-id	graph-id-function-wrapped-contains	targeted	graph-id-function-equals-and-wrapped-contains	graph-routing	properties	200	fixture-hive-03	fixture-hive-03	1	bc37ba5880a9fc3e89dea2bf6571ad8db10f8c499dfca7c678b831d8edb064fe	success	1	771	134378d176ef9559b3b9b40557762648c5aa55be889ba8cb2e7f752130b85ab7	30125		fixture-hive-03	cypher-graph-id-predicate	64	1	fixture-hive-03	1	0	0	1	0	1	1	1	63	1	0
graph-id-function-wrapped-contains-target-35-dense	graph-id	graph-id-function-wrapped-contains	dense	graph-id-function-equals-and-wrapped-contains	graph-routing	properties	200	fixture-hive-03	fixture-hive-03	1	bc37ba5880a9fc3e89dea2bf6571ad8db10f8c499dfca7c678b831d8edb064fe	success	200	91613	71eca3baa7c5adda9a19daaba5b66d08f4d30beebcfc1f6f8f3125a009484e93	112250		fixture-hive-03	cypher-graph-id-predicate	64	1	fixture-hive-03	1	0	0	1	0	200	1	1	63	1	0
graph-id-function-wrapped-contains-target-36-zero	graph-id	graph-id-function-wrapped-contains	zero	graph-id-function-equals-and-wrapped-contains	graph-routing	properties	200	fixture-hive-04	fixture-hive-04	1	d6abca6af79ede3e783b4b1d1bb2f17c22db5cf0b5c70506d31ea6d33509dcc5	success	0	147	805c8c7334c868e18e2be84be95b83cc60895722d739c2b164a68be4cd410c49	41208			cypher-graph-id-predicate	64	1	fixture-hive-04	1	0	0	1	0	1	1	1	63	1	0
graph-id-function-wrapped-contains-target-36-targeted	graph-id	graph-id-function-wrapped-contains	targeted	graph-id-function-equals-and-wrapped-contains	graph-routing	properties	200	fixture-hive-04	fixture-hive-04	1	d6abca6af79ede3e783b4b1d1bb2f17c22db5cf0b5c70506d31ea6d33509dcc5	success	1	795	6f5022183da52ea8cb963f17c4b86a6270dc9bfe0ca358e5ec7d6bdf4c95879f	38166		fixture-hive-04	cypher-graph-id-predicate	64	1	fixture-hive-04	1	0	0	1	0	1	1	1	63	1	0
graph-id-function-wrapped-contains-target-36-dense	graph-id	graph-id-function-wrapped-contains	dense	graph-id-function-equals-and-wrapped-contains	graph-routing	properties	200	fixture-hive-04	fixture-hive-04	1	d6abca6af79ede3e783b4b1d1bb2f17c22db5cf0b5c70506d31ea6d33509dcc5	success	200	91716	5d2df55fe9df550bd17a462dbec1bd958f7c0d5940c160537976ecc80d5cb22f	106917		fixture-hive-04	cypher-graph-id-predicate	64	1	fixture-hive-04	1	0	0	1	0	200	1	1	63	1	0
graph-id-function-wrapped-contains-target-37-zero	graph-id	graph-id-function-wrapped-contains	zero	graph-id-function-equals-and-wrapped-contains	graph-routing	properties	200	fixture-hive-05	fixture-hive-05	1	f7f4c2e85299b39f0b295436a0a678be80ea1fe4bd065c984fac7e3e79c02a1f	success	0	147	805c8c7334c868e18e2be84be95b83cc60895722d739c2b164a68be4cd410c49	32375			cypher-graph-id-predicate	64	1	fixture-hive-05	1	0	0	1	0	1	1	1	63	1	0
graph-id-function-wrapped-contains-target-37-targeted	graph-id	graph-id-function-wrapped-contains	targeted	graph-id-function-equals-and-wrapped-contains	graph-routing	properties	200	fixture-hive-05	fixture-hive-05	1	f7f4c2e85299b39f0b295436a0a678be80ea1fe4bd065c984fac7e3e79c02a1f	success	51	31472	b9433fbd59011f3771f14c8abacb0cbca913b3ccb9b85649a8f98d4c6f628703	54584		fixture-hive-05	cypher-graph-id-predicate	64	1	fixture-hive-05	1	0	0	1	0	51	1	1	63	1	0
graph-id-function-wrapped-contains-target-37-dense	graph-id	graph-id-function-wrapped-contains	dense	graph-id-function-equals-and-wrapped-contains	graph-routing	properties	200	fixture-hive-05	fixture-hive-05	1	f7f4c2e85299b39f0b295436a0a678be80ea1fe4bd065c984fac7e3e79c02a1f	success	200	91795	dbb6e258143695218279e10cbea2bf21ad0c5b1330a8fc3e3470b176ae0b6f42	108625		fixture-hive-05	cypher-graph-id-predicate	64	1	fixture-hive-05	1	0	0	1	0	200	1	1	63	1	0
graph-id-function-wrapped-contains-target-38-zero	graph-id	graph-id-function-wrapped-contains	zero	graph-id-function-equals-and-wrapped-contains	graph-routing	properties	200	fixture-hive-06	fixture-hive-06	1	ddfe0a17a6b176061c6908248fc9bbb24510f00e8ed40c2c068587464d0ab767	success	0	147	805c8c7334c868e18e2be84be95b83cc60895722d739c2b164a68be4cd410c49	41667			cypher-graph-id-predicate	64	1	fixture-hive-06	1	0	0	1	0	1	1	1	63	1	0
graph-id-function-wrapped-contains-target-38-targeted	graph-id	graph-id-function-wrapped-contains	targeted	graph-id-function-equals-and-wrapped-contains	graph-routing	properties	200	fixture-hive-06	fixture-hive-06	1	ddfe0a17a6b176061c6908248fc9bbb24510f00e8ed40c2c068587464d0ab767	success	1	801	6e224732564976ab3ad1b488a2dcb0c2a2f84050ab25d529f41b87f4de3c406c	49459		fixture-hive-06	cypher-graph-id-predicate	64	1	fixture-hive-06	1	0	0	1	0	1	1	1	63	1	0
graph-id-function-wrapped-contains-target-38-dense	graph-id	graph-id-function-wrapped-contains	dense	graph-id-function-equals-and-wrapped-contains	graph-routing	properties	200	fixture-hive-06	fixture-hive-06	1	ddfe0a17a6b176061c6908248fc9bbb24510f00e8ed40c2c068587464d0ab767	success	200	92968	77adda61bf8a66745500e9e1b739302ae425b75af5d5199095bd9c0f56151e04	109292		fixture-hive-06	cypher-graph-id-predicate	64	1	fixture-hive-06	1	0	0	1	0	200	1	1	63	1	0
graph-id-function-wrapped-contains-target-39-zero	graph-id	graph-id-function-wrapped-contains	zero	graph-id-function-equals-and-wrapped-contains	graph-routing	properties	200	fixture-hive-07	fixture-hive-07	1	5b909537f8397e9b454c56026974d9a0348f5c6147e1f2169fbaaa2eb1645822	success	0	147	805c8c7334c868e18e2be84be95b83cc60895722d739c2b164a68be4cd410c49	52000			cypher-graph-id-predicate	64	1	fixture-hive-07	1	0	0	1	0	1	1	1	63	1	0
graph-id-function-wrapped-contains-target-39-targeted	graph-id	graph-id-function-wrapped-contains	targeted	graph-id-function-equals-and-wrapped-contains	graph-routing	properties	200	fixture-hive-07	fixture-hive-07	1	5b909537f8397e9b454c56026974d9a0348f5c6147e1f2169fbaaa2eb1645822	success	4	2855	db8e5b7500b38c30ff9ca554407e1c3f066cc32ce80520e31c63fe8f4f34048e	105292		fixture-hive-07	cypher-graph-id-predicate	64	1	fixture-hive-07	1	0	0	1	0	4	1	1	63	1	0
graph-id-function-wrapped-contains-target-39-dense	graph-id	graph-id-function-wrapped-contains	dense	graph-id-function-equals-and-wrapped-contains	graph-routing	properties	200	fixture-hive-07	fixture-hive-07	1	5b909537f8397e9b454c56026974d9a0348f5c6147e1f2169fbaaa2eb1645822	success	200	91298	153dc7ab9d3d22961d16bfae52d0b5cd4c7d97177e0e57e7c086294f37d00f0f	125833		fixture-hive-07	cypher-graph-id-predicate	64	1	fixture-hive-07	1	0	0	1	0	200	1	1	63	1	0
graph-id-function-wrapped-contains-target-40-zero	graph-id	graph-id-function-wrapped-contains	zero	graph-id-function-equals-and-wrapped-contains	graph-routing	properties	200	fixture-hive-08	fixture-hive-08	1	a73da7b76b921f77b9fadceff4ca8a9274fa7524e6ce2fb87c035b118fdb9e31	success	0	147	805c8c7334c868e18e2be84be95b83cc60895722d739c2b164a68be4cd410c49	155792			cypher-graph-id-predicate	64	1	fixture-hive-08	1	0	0	1	0	1	1	1	63	1	0
graph-id-function-wrapped-contains-target-40-targeted	graph-id	graph-id-function-wrapped-contains	targeted	graph-id-function-equals-and-wrapped-contains	graph-routing	properties	200	fixture-hive-08	fixture-hive-08	1	a73da7b76b921f77b9fadceff4ca8a9274fa7524e6ce2fb87c035b118fdb9e31	success	4	2911	6520445594f6fc1d080f2e441beea159540f21b52c555b515dbd7ba1fee2a37f	35667		fixture-hive-08	cypher-graph-id-predicate	64	1	fixture-hive-08	1	0	0	1	0	4	1	1	63	1	0
graph-id-function-wrapped-contains-target-40-dense	graph-id	graph-id-function-wrapped-contains	dense	graph-id-function-equals-and-wrapped-contains	graph-routing	properties	200	fixture-hive-08	fixture-hive-08	1	a73da7b76b921f77b9fadceff4ca8a9274fa7524e6ce2fb87c035b118fdb9e31	success	200	95189	6547ed796970ad3186785ae6dc7d6b1328d226d1878e5144fdb98c21fcba06f9	130458		fixture-hive-08	cypher-graph-id-predicate	64	1	fixture-hive-08	1	0	0	1	0	200	1	1	63	1	0
graph-id-function-wrapped-contains-target-41-zero	graph-id	graph-id-function-wrapped-contains	zero	graph-id-function-equals-and-wrapped-contains	graph-routing	properties	200	fixture-hive-09	fixture-hive-09	1	295df7bb9f479be56469bcfb34b70c143d1aff6e47944b80de9fd42e774be779	success	0	147	805c8c7334c868e18e2be84be95b83cc60895722d739c2b164a68be4cd410c49	34833			cypher-graph-id-predicate	64	1	fixture-hive-09	1	0	0	1	0	1	1	1	63	1	0
graph-id-function-wrapped-contains-target-41-targeted	graph-id	graph-id-function-wrapped-contains	targeted	graph-id-function-equals-and-wrapped-contains	graph-routing	properties	200	fixture-hive-09	fixture-hive-09	1	295df7bb9f479be56469bcfb34b70c143d1aff6e47944b80de9fd42e774be779	success	4	2883	42fd2fd2ff37d34c0cfb2146cde4be9387147a4cc07443bd58969c3f1e25556e	38500		fixture-hive-09	cypher-graph-id-predicate	64	1	fixture-hive-09	1	0	0	1	0	4	1	1	63	1	0
graph-id-function-wrapped-contains-target-41-dense	graph-id	graph-id-function-wrapped-contains	dense	graph-id-function-equals-and-wrapped-contains	graph-routing	properties	200	fixture-hive-09	fixture-hive-09	1	295df7bb9f479be56469bcfb34b70c143d1aff6e47944b80de9fd42e774be779	success	200	92146	1d23f5a918b6a408d8eae300e7aa799801aecc62fcc85667af567e3c95156cb9	94458		fixture-hive-09	cypher-graph-id-predicate	64	1	fixture-hive-09	1	0	0	1	0	200	1	1	63	1	0
graph-id-function-wrapped-contains-target-42-zero	graph-id	graph-id-function-wrapped-contains	zero	graph-id-function-equals-and-wrapped-contains	graph-routing	properties	200	fixture-hive-10	fixture-hive-10	1	e942f277a2b44bd11b03bd9380dd5388338721030a1701c31ff2277dd8f8cd9a	success	0	147	805c8c7334c868e18e2be84be95b83cc60895722d739c2b164a68be4cd410c49	28375			cypher-graph-id-predicate	64	1	fixture-hive-10	1	0	0	1	0	1	1	1	63	1	0
graph-id-function-wrapped-contains-target-42-targeted	graph-id	graph-id-function-wrapped-contains	targeted	graph-id-function-equals-and-wrapped-contains	graph-routing	properties	200	fixture-hive-10	fixture-hive-10	1	e942f277a2b44bd11b03bd9380dd5388338721030a1701c31ff2277dd8f8cd9a	success	63	39077	2d20a012ee335ff72d99f67135e1ac36defbca676c07a298d3df15c7c1e33f7d	59042		fixture-hive-10	cypher-graph-id-predicate	64	1	fixture-hive-10	1	0	0	1	0	63	1	1	63	1	0
graph-id-function-wrapped-contains-target-42-dense	graph-id	graph-id-function-wrapped-contains	dense	graph-id-function-equals-and-wrapped-contains	graph-routing	properties	200	fixture-hive-10	fixture-hive-10	1	e942f277a2b44bd11b03bd9380dd5388338721030a1701c31ff2277dd8f8cd9a	success	200	93248	bd7a2cfc84011237aca413f8fd4b6ee9130043dc1530bc214cc965d935dc3d88	98250		fixture-hive-10	cypher-graph-id-predicate	64	1	fixture-hive-10	1	0	0	1	0	200	1	1	63	1	0
graph-id-function-wrapped-contains-target-43-zero	graph-id	graph-id-function-wrapped-contains	zero	graph-id-function-equals-and-wrapped-contains	graph-routing	properties	200	fixture-hive-11	fixture-hive-11	1	fc0779b8fe9d9937d1e4cb4a3dba1379fc83c9a81125f4350e46a986c8531889	success	0	147	805c8c7334c868e18e2be84be95b83cc60895722d739c2b164a68be4cd410c49	31584			cypher-graph-id-predicate	64	1	fixture-hive-11	1	0	0	1	0	1	1	1	63	1	0
graph-id-function-wrapped-contains-target-43-targeted	graph-id	graph-id-function-wrapped-contains	targeted	graph-id-function-equals-and-wrapped-contains	graph-routing	properties	200	fixture-hive-11	fixture-hive-11	1	fc0779b8fe9d9937d1e4cb4a3dba1379fc83c9a81125f4350e46a986c8531889	success	4	2743	a7aaae25732eb3fc39e7e9697120f6a4534e52262fb153e4201e51d7b31e4606	32000		fixture-hive-11	cypher-graph-id-predicate	64	1	fixture-hive-11	1	0	0	1	0	4	1	1	63	1	0
graph-id-function-wrapped-contains-target-43-dense	graph-id	graph-id-function-wrapped-contains	dense	graph-id-function-equals-and-wrapped-contains	graph-routing	properties	200	fixture-hive-11	fixture-hive-11	1	fc0779b8fe9d9937d1e4cb4a3dba1379fc83c9a81125f4350e46a986c8531889	success	200	94063	f5c81d8aabcfe449e1a20e1133f0ce5a6c25cde54cfb7e82531ff93f87b6f89e	115125		fixture-hive-11	cypher-graph-id-predicate	64	1	fixture-hive-11	1	0	0	1	0	200	1	1	63	1	0
graph-id-function-wrapped-contains-target-44-zero	graph-id	graph-id-function-wrapped-contains	zero	graph-id-function-equals-and-wrapped-contains	graph-routing	properties	200	fixture-hive-12	fixture-hive-12	1	b0c62bc41512e26a42d23ec1fd21c12eb0d433e252eed22e92d2246689f7489a	success	0	147	805c8c7334c868e18e2be84be95b83cc60895722d739c2b164a68be4cd410c49	43167			cypher-graph-id-predicate	64	1	fixture-hive-12	1	0	0	1	0	1	1	1	63	1	0
graph-id-function-wrapped-contains-target-44-targeted	graph-id	graph-id-function-wrapped-contains	targeted	graph-id-function-equals-and-wrapped-contains	graph-routing	properties	200	fixture-hive-12	fixture-hive-12	1	b0c62bc41512e26a42d23ec1fd21c12eb0d433e252eed22e92d2246689f7489a	success	4	2890	b8c7750587d3cb95373de074cba017cf14e5d85811bfc8cc2b49fa06615dc14f	32208		fixture-hive-12	cypher-graph-id-predicate	64	1	fixture-hive-12	1	0	0	1	0	4	1	1	63	1	0
graph-id-function-wrapped-contains-target-44-dense	graph-id	graph-id-function-wrapped-contains	dense	graph-id-function-equals-and-wrapped-contains	graph-routing	properties	200	fixture-hive-12	fixture-hive-12	1	b0c62bc41512e26a42d23ec1fd21c12eb0d433e252eed22e92d2246689f7489a	success	200	90517	901cb7ad5a7cef604f7264d87d81f85a7b3e521b0175839dd61f15fa140b58cf	95708		fixture-hive-12	cypher-graph-id-predicate	64	1	fixture-hive-12	1	0	0	1	0	200	1	1	63	1	0
graph-id-function-wrapped-contains-target-45-zero	graph-id	graph-id-function-wrapped-contains	zero	graph-id-function-equals-and-wrapped-contains	graph-routing	properties	200	fixture-hive-13	fixture-hive-13	1	2f758a1599ac4d799ee27ae81f81bfe54bc6240d59e8f003bf5cd782742affd0	success	0	147	805c8c7334c868e18e2be84be95b83cc60895722d739c2b164a68be4cd410c49	33291			cypher-graph-id-predicate	64	1	fixture-hive-13	1	0	0	1	0	1	1	1	63	1	0
graph-id-function-wrapped-contains-target-45-targeted	graph-id	graph-id-function-wrapped-contains	targeted	graph-id-function-equals-and-wrapped-contains	graph-routing	properties	200	fixture-hive-13	fixture-hive-13	1	2f758a1599ac4d799ee27ae81f81bfe54bc6240d59e8f003bf5cd782742affd0	success	1	807	7a2ea6e6b7c61f333c01be975226570ddf428683fdf6c4eb419e09457718acf9	28542		fixture-hive-13	cypher-graph-id-predicate	64	1	fixture-hive-13	1	0	0	1	0	1	1	1	63	1	0
graph-id-function-wrapped-contains-target-45-dense	graph-id	graph-id-function-wrapped-contains	dense	graph-id-function-equals-and-wrapped-contains	graph-routing	properties	200	fixture-hive-13	fixture-hive-13	1	2f758a1599ac4d799ee27ae81f81bfe54bc6240d59e8f003bf5cd782742affd0	success	200	92534	8ce2fca3adf975e2913f1d7a0f91465f04ef5e5cdbaaa1f51ca68901be616480	96583		fixture-hive-13	cypher-graph-id-predicate	64	1	fixture-hive-13	1	0	0	1	0	200	1	1	63	1	0
graph-id-function-wrapped-contains-target-46-zero	graph-id	graph-id-function-wrapped-contains	zero	graph-id-function-equals-and-wrapped-contains	graph-routing	properties	200	fixture-hive-14	fixture-hive-14	1	960cf66cc8af0003002afe076d1f893b29b2a55fabfac7d5316eb3e3b9c46f67	success	0	147	805c8c7334c868e18e2be84be95b83cc60895722d739c2b164a68be4cd410c49	37000			cypher-graph-id-predicate	64	1	fixture-hive-14	1	0	0	1	0	1	1	1	63	1	0
graph-id-function-wrapped-contains-target-46-targeted	graph-id	graph-id-function-wrapped-contains	targeted	graph-id-function-equals-and-wrapped-contains	graph-routing	properties	200	fixture-hive-14	fixture-hive-14	1	960cf66cc8af0003002afe076d1f893b29b2a55fabfac7d5316eb3e3b9c46f67	success	45	27605	5de372ca8e19ec486456452fc7bd2d9f18c4d7b0beb5e238b24073911e1d2e3a	50250		fixture-hive-14	cypher-graph-id-predicate	64	1	fixture-hive-14	1	0	0	1	0	45	1	1	63	1	0
graph-id-function-wrapped-contains-target-46-dense	graph-id	graph-id-function-wrapped-contains	dense	graph-id-function-equals-and-wrapped-contains	graph-routing	properties	200	fixture-hive-14	fixture-hive-14	1	960cf66cc8af0003002afe076d1f893b29b2a55fabfac7d5316eb3e3b9c46f67	success	200	96641	3ad39c9167b00424c5957087068cab90d47268c9063b8d9e565113275edd98c8	106292		fixture-hive-14	cypher-graph-id-predicate	64	1	fixture-hive-14	1	0	0	1	0	200	1	1	63	1	0
graph-id-function-wrapped-contains-target-47-zero	graph-id	graph-id-function-wrapped-contains	zero	graph-id-function-equals-and-wrapped-contains	graph-routing	properties	200	fixture-hive-15	fixture-hive-15	1	d5c3f70f4e04fa9e3851b5ba956c39c64ff3bf4c48028255a069369d65d3e3dc	success	0	147	805c8c7334c868e18e2be84be95b83cc60895722d739c2b164a68be4cd410c49	29625			cypher-graph-id-predicate	64	1	fixture-hive-15	1	0	0	1	0	1	1	1	63	1	0
graph-id-function-wrapped-contains-target-47-targeted	graph-id	graph-id-function-wrapped-contains	targeted	graph-id-function-equals-and-wrapped-contains	graph-routing	properties	200	fixture-hive-15	fixture-hive-15	1	d5c3f70f4e04fa9e3851b5ba956c39c64ff3bf4c48028255a069369d65d3e3dc	success	66	40159	fcfc173325ae104971344d6daea93c8089a472f712f938cfbd16c519ba82c551	57458		fixture-hive-15	cypher-graph-id-predicate	64	1	fixture-hive-15	1	0	0	1	0	66	1	1	63	1	0
graph-id-function-wrapped-contains-target-47-dense	graph-id	graph-id-function-wrapped-contains	dense	graph-id-function-equals-and-wrapped-contains	graph-routing	properties	200	fixture-hive-15	fixture-hive-15	1	d5c3f70f4e04fa9e3851b5ba956c39c64ff3bf4c48028255a069369d65d3e3dc	success	200	97359	d162ad37d2e7b659e55cddb63b7d42e922fbd2396ae9679f7648226751bb7a13	166333		fixture-hive-15	cypher-graph-id-predicate	64	1	fixture-hive-15	1	0	0	1	0	200	1	1	63	1	0
graph-id-function-wrapped-contains-target-48-zero	graph-id	graph-id-function-wrapped-contains	zero	graph-id-function-equals-and-wrapped-contains	graph-routing	properties	200	fixture-kotlin-compiler-00	fixture-kotlin-compiler-00	1	e0590ddba3b9b9f8de79bee6771cc2f41482d9bcf2b6d495c533f4d523602a1c	success	0	147	805c8c7334c868e18e2be84be95b83cc60895722d739c2b164a68be4cd410c49	33042			cypher-graph-id-predicate	64	1	fixture-kotlin-compiler-00	1	0	0	1	0	1	1	1	63	1	0
graph-id-function-wrapped-contains-target-48-targeted	graph-id	graph-id-function-wrapped-contains	targeted	graph-id-function-equals-and-wrapped-contains	graph-routing	properties	200	fixture-kotlin-compiler-00	fixture-kotlin-compiler-00	1	e0590ddba3b9b9f8de79bee6771cc2f41482d9bcf2b6d495c533f4d523602a1c	success	10	6351	274597a5e0e535d6581734920f9ffbc39062a84a13ad9d85823a8f12df219dfd	37333		fixture-kotlin-compiler-00	cypher-graph-id-predicate	64	1	fixture-kotlin-compiler-00	1	0	0	1	0	10	1	1	63	1	0
graph-id-function-wrapped-contains-target-48-dense	graph-id	graph-id-function-wrapped-contains	dense	graph-id-function-equals-and-wrapped-contains	graph-routing	properties	200	fixture-kotlin-compiler-00	fixture-kotlin-compiler-00	1	e0590ddba3b9b9f8de79bee6771cc2f41482d9bcf2b6d495c533f4d523602a1c	success	200	97301	4abd067ea3c7496241f2623586a132809a81e33bd08c7645b717be3ee7ee2542	108916		fixture-kotlin-compiler-00	cypher-graph-id-predicate	64	1	fixture-kotlin-compiler-00	1	0	0	1	0	200	1	1	63	1	0
graph-id-function-wrapped-contains-target-49-zero	graph-id	graph-id-function-wrapped-contains	zero	graph-id-function-equals-and-wrapped-contains	graph-routing	properties	200	fixture-kotlin-compiler-01	fixture-kotlin-compiler-01	1	a2378f34cd746f343988852d75ea5d50b8bfe89e6cd965dacb19b742e3a8c966	success	0	147	805c8c7334c868e18e2be84be95b83cc60895722d739c2b164a68be4cd410c49	48584			cypher-graph-id-predicate	64	1	fixture-kotlin-compiler-01	1	0	0	1	0	1	1	1	63	1	0
graph-id-function-wrapped-contains-target-49-targeted	graph-id	graph-id-function-wrapped-contains	targeted	graph-id-function-equals-and-wrapped-contains	graph-routing	properties	200	fixture-kotlin-compiler-01	fixture-kotlin-compiler-01	1	a2378f34cd746f343988852d75ea5d50b8bfe89e6cd965dacb19b742e3a8c966	success	4	2598	d72c68d3fe0e8e0257e28136dfcba3f279a31d304b51dc9611dfa7b0f16169a8	55375		fixture-kotlin-compiler-01	cypher-graph-id-predicate	64	1	fixture-kotlin-compiler-01	1	0	0	1	0	4	1	1	63	1	0
graph-id-function-wrapped-contains-target-49-dense	graph-id	graph-id-function-wrapped-contains	dense	graph-id-function-equals-and-wrapped-contains	graph-routing	properties	200	fixture-kotlin-compiler-01	fixture-kotlin-compiler-01	1	a2378f34cd746f343988852d75ea5d50b8bfe89e6cd965dacb19b742e3a8c966	success	200	95854	6848b85ce01299f2ea05bcca3edaa8c69792c61113aeaea43a401f01793bb61d	115333		fixture-kotlin-compiler-01	cypher-graph-id-predicate	64	1	fixture-kotlin-compiler-01	1	0	0	1	0	200	1	1	63	1	0
graph-id-function-wrapped-contains-target-50-zero	graph-id	graph-id-function-wrapped-contains	zero	graph-id-function-equals-and-wrapped-contains	graph-routing	properties	200	fixture-kotlin-compiler-02	fixture-kotlin-compiler-02	1	b4996e09ff7c9fb90ce978374faa803d01485382a499402abfd9028048b79bf7	success	0	147	805c8c7334c868e18e2be84be95b83cc60895722d739c2b164a68be4cd410c49	45292			cypher-graph-id-predicate	64	1	fixture-kotlin-compiler-02	1	0	0	1	0	1	1	1	63	1	0
graph-id-function-wrapped-contains-target-50-targeted	graph-id	graph-id-function-wrapped-contains	targeted	graph-id-function-equals-and-wrapped-contains	graph-routing	properties	200	fixture-kotlin-compiler-02	fixture-kotlin-compiler-02	1	b4996e09ff7c9fb90ce978374faa803d01485382a499402abfd9028048b79bf7	success	1	791	85dd6bfd8cfa28628294c822275e5bb7a279ea8142c47ff362a55c060e68da37	39541		fixture-kotlin-compiler-02	cypher-graph-id-predicate	64	1	fixture-kotlin-compiler-02	1	0	0	1	0	1	1	1	63	1	0
graph-id-function-wrapped-contains-target-50-dense	graph-id	graph-id-function-wrapped-contains	dense	graph-id-function-equals-and-wrapped-contains	graph-routing	properties	200	fixture-kotlin-compiler-02	fixture-kotlin-compiler-02	1	b4996e09ff7c9fb90ce978374faa803d01485382a499402abfd9028048b79bf7	success	200	91564	fbf180fab82c32493738bb60bb29955d3f45810bb23806d614f71964200069bc	103625		fixture-kotlin-compiler-02	cypher-graph-id-predicate	64	1	fixture-kotlin-compiler-02	1	0	0	1	0	200	1	1	63	1	0
graph-id-function-wrapped-contains-target-51-zero	graph-id	graph-id-function-wrapped-contains	zero	graph-id-function-equals-and-wrapped-contains	graph-routing	properties	200	fixture-kotlin-compiler-03	fixture-kotlin-compiler-03	1	a2350bbcc2f1ba8738ae72b167e586240ce7149551e3fba11f7a358d11b7801e	success	0	147	805c8c7334c868e18e2be84be95b83cc60895722d739c2b164a68be4cd410c49	43042			cypher-graph-id-predicate	64	1	fixture-kotlin-compiler-03	1	0	0	1	0	1	1	1	63	1	0
graph-id-function-wrapped-contains-target-51-targeted	graph-id	graph-id-function-wrapped-contains	targeted	graph-id-function-equals-and-wrapped-contains	graph-routing	properties	200	fixture-kotlin-compiler-03	fixture-kotlin-compiler-03	1	a2350bbcc2f1ba8738ae72b167e586240ce7149551e3fba11f7a358d11b7801e	success	1	798	64ae9673d519a121b865dc50f576291bddc3c4c81c474d10cfb9d0da1dce7c60	30000		fixture-kotlin-compiler-03	cypher-graph-id-predicate	64	1	fixture-kotlin-compiler-03	1	0	0	1	0	1	1	1	63	1	0
graph-id-function-wrapped-contains-target-51-dense	graph-id	graph-id-function-wrapped-contains	dense	graph-id-function-equals-and-wrapped-contains	graph-routing	properties	200	fixture-kotlin-compiler-03	fixture-kotlin-compiler-03	1	a2350bbcc2f1ba8738ae72b167e586240ce7149551e3fba11f7a358d11b7801e	success	200	94730	d508f1cb1d0c5646118a68e8a87c49c66a454661e438e3f033289c173598f51f	93375		fixture-kotlin-compiler-03	cypher-graph-id-predicate	64	1	fixture-kotlin-compiler-03	1	0	0	1	0	200	1	1	63	1	0
graph-id-function-wrapped-contains-target-52-zero	graph-id	graph-id-function-wrapped-contains	zero	graph-id-function-equals-and-wrapped-contains	graph-routing	properties	200	fixture-kotlin-compiler-04	fixture-kotlin-compiler-04	1	1835d0591826a821b1c4a8a0df21cd273c40697176c253109b1663d9e56d64a0	success	0	147	805c8c7334c868e18e2be84be95b83cc60895722d739c2b164a68be4cd410c49	28917			cypher-graph-id-predicate	64	1	fixture-kotlin-compiler-04	1	0	0	1	0	1	1	1	63	1	0
graph-id-function-wrapped-contains-target-52-targeted	graph-id	graph-id-function-wrapped-contains	targeted	graph-id-function-equals-and-wrapped-contains	graph-routing	properties	200	fixture-kotlin-compiler-04	fixture-kotlin-compiler-04	1	1835d0591826a821b1c4a8a0df21cd273c40697176c253109b1663d9e56d64a0	success	1	792	6691abe0a1f608719107bf4ffc3fa52632123ab77cb7c2c3c6536cd32de533b1	25291		fixture-kotlin-compiler-04	cypher-graph-id-predicate	64	1	fixture-kotlin-compiler-04	1	0	0	1	0	1	1	1	63	1	0
graph-id-function-wrapped-contains-target-52-dense	graph-id	graph-id-function-wrapped-contains	dense	graph-id-function-equals-and-wrapped-contains	graph-routing	properties	200	fixture-kotlin-compiler-04	fixture-kotlin-compiler-04	1	1835d0591826a821b1c4a8a0df21cd273c40697176c253109b1663d9e56d64a0	success	200	96891	db4b9bfadbbb61a039e76484090eda57349ec9585a7c795f46793352fb739e7c	100042		fixture-kotlin-compiler-04	cypher-graph-id-predicate	64	1	fixture-kotlin-compiler-04	1	0	0	1	0	200	1	1	63	1	0
graph-id-function-wrapped-contains-target-53-zero	graph-id	graph-id-function-wrapped-contains	zero	graph-id-function-equals-and-wrapped-contains	graph-routing	properties	200	fixture-kotlin-compiler-05	fixture-kotlin-compiler-05	1	65de36ec09041582c4ff4a57708f099a7d72d4907a327e47ae026767f5ff0db0	success	0	147	805c8c7334c868e18e2be84be95b83cc60895722d739c2b164a68be4cd410c49	29584			cypher-graph-id-predicate	64	1	fixture-kotlin-compiler-05	1	0	0	1	0	1	1	1	63	1	0
graph-id-function-wrapped-contains-target-53-targeted	graph-id	graph-id-function-wrapped-contains	targeted	graph-id-function-equals-and-wrapped-contains	graph-routing	properties	200	fixture-kotlin-compiler-05	fixture-kotlin-compiler-05	1	65de36ec09041582c4ff4a57708f099a7d72d4907a327e47ae026767f5ff0db0	success	6	3910	d987ccd9722d9cd5492fcbb62423f1a89bb41e05ea0e3fb44e7cc793b9656b12	51292		fixture-kotlin-compiler-05	cypher-graph-id-predicate	64	1	fixture-kotlin-compiler-05	1	0	0	1	0	6	1	1	63	1	0
graph-id-function-wrapped-contains-target-53-dense	graph-id	graph-id-function-wrapped-contains	dense	graph-id-function-equals-and-wrapped-contains	graph-routing	properties	200	fixture-kotlin-compiler-05	fixture-kotlin-compiler-05	1	65de36ec09041582c4ff4a57708f099a7d72d4907a327e47ae026767f5ff0db0	success	200	94720	c9e7b59e830a820a47234ca1fd54046d1c260db318e05adc24dc748ca7fe29c0	139416		fixture-kotlin-compiler-05	cypher-graph-id-predicate	64	1	fixture-kotlin-compiler-05	1	0	0	1	0	200	1	1	63	1	0
graph-id-function-wrapped-contains-target-54-zero	graph-id	graph-id-function-wrapped-contains	zero	graph-id-function-equals-and-wrapped-contains	graph-routing	properties	200	fixture-kotlin-compiler-06	fixture-kotlin-compiler-06	1	455e2dea20c33d78ad4888048700c76ead131cc5fff61b1b6745f3cf019d98c7	success	0	147	805c8c7334c868e18e2be84be95b83cc60895722d739c2b164a68be4cd410c49	64167			cypher-graph-id-predicate	64	1	fixture-kotlin-compiler-06	1	0	0	1	0	1	1	1	63	1	0
graph-id-function-wrapped-contains-target-54-targeted	graph-id	graph-id-function-wrapped-contains	targeted	graph-id-function-equals-and-wrapped-contains	graph-routing	properties	200	fixture-kotlin-compiler-06	fixture-kotlin-compiler-06	1	455e2dea20c33d78ad4888048700c76ead131cc5fff61b1b6745f3cf019d98c7	success	3	1869	5157205e66d4cebff8b628175c555fdb333564013eabc5f496e37f9a4ad2b606	100166		fixture-kotlin-compiler-06	cypher-graph-id-predicate	64	1	fixture-kotlin-compiler-06	1	0	0	1	0	3	1	1	63	1	0
graph-id-function-wrapped-contains-target-54-dense	graph-id	graph-id-function-wrapped-contains	dense	graph-id-function-equals-and-wrapped-contains	graph-routing	properties	200	fixture-kotlin-compiler-06	fixture-kotlin-compiler-06	1	455e2dea20c33d78ad4888048700c76ead131cc5fff61b1b6745f3cf019d98c7	success	200	92798	60b390f0b190e46f6fd1b4929641c7324c9142e0f18a85bc338e7b41ebe62db5	98625		fixture-kotlin-compiler-06	cypher-graph-id-predicate	64	1	fixture-kotlin-compiler-06	1	0	0	1	0	200	1	1	63	1	0
graph-id-function-wrapped-contains-target-55-zero	graph-id	graph-id-function-wrapped-contains	zero	graph-id-function-equals-and-wrapped-contains	graph-routing	properties	200	fixture-kotlin-compiler-07	fixture-kotlin-compiler-07	1	6c1c49dd5e3fe90a5fa68f9ab09606732d59b2cb006a42f463d6390d9a27f2a1	success	0	147	805c8c7334c868e18e2be84be95b83cc60895722d739c2b164a68be4cd410c49	32250			cypher-graph-id-predicate	64	1	fixture-kotlin-compiler-07	1	0	0	1	0	1	1	1	63	1	0
graph-id-function-wrapped-contains-target-55-targeted	graph-id	graph-id-function-wrapped-contains	targeted	graph-id-function-equals-and-wrapped-contains	graph-routing	properties	200	fixture-kotlin-compiler-07	fixture-kotlin-compiler-07	1	6c1c49dd5e3fe90a5fa68f9ab09606732d59b2cb006a42f463d6390d9a27f2a1	success	10	6054	f5c10be5db49f33f0b8307328bfb058b342da4d9241c33217038447620028ab5	33750		fixture-kotlin-compiler-07	cypher-graph-id-predicate	64	1	fixture-kotlin-compiler-07	1	0	0	1	0	10	1	1	63	1	0
graph-id-function-wrapped-contains-target-55-dense	graph-id	graph-id-function-wrapped-contains	dense	graph-id-function-equals-and-wrapped-contains	graph-routing	properties	200	fixture-kotlin-compiler-07	fixture-kotlin-compiler-07	1	6c1c49dd5e3fe90a5fa68f9ab09606732d59b2cb006a42f463d6390d9a27f2a1	success	200	96112	0f6d4800cdd86ccdf20aab2fe6bd2924f66d70c9fcca46057385e09ba151a798	101750		fixture-kotlin-compiler-07	cypher-graph-id-predicate	64	1	fixture-kotlin-compiler-07	1	0	0	1	0	200	1	1	63	1	0
graph-id-function-wrapped-contains-target-56-zero	graph-id	graph-id-function-wrapped-contains	zero	graph-id-function-equals-and-wrapped-contains	graph-routing	properties	200	fixture-kotlin-compiler-08	fixture-kotlin-compiler-08	1	37be466842d1f239df76fe55e92f6769fc0b2d6e47e43f0020c40a8ce8422cb0	success	0	147	805c8c7334c868e18e2be84be95b83cc60895722d739c2b164a68be4cd410c49	31667			cypher-graph-id-predicate	64	1	fixture-kotlin-compiler-08	1	0	0	1	0	1	1	1	63	1	0
graph-id-function-wrapped-contains-target-56-targeted	graph-id	graph-id-function-wrapped-contains	targeted	graph-id-function-equals-and-wrapped-contains	graph-routing	properties	200	fixture-kotlin-compiler-08	fixture-kotlin-compiler-08	1	37be466842d1f239df76fe55e92f6769fc0b2d6e47e43f0020c40a8ce8422cb0	success	1	802	7ebbe5301915ad5c39692b733c3f39851576d09270c89f830b9e80b342a866f6	36959		fixture-kotlin-compiler-08	cypher-graph-id-predicate	64	1	fixture-kotlin-compiler-08	1	0	0	1	0	1	1	1	63	1	0
graph-id-function-wrapped-contains-target-56-dense	graph-id	graph-id-function-wrapped-contains	dense	graph-id-function-equals-and-wrapped-contains	graph-routing	properties	200	fixture-kotlin-compiler-08	fixture-kotlin-compiler-08	1	37be466842d1f239df76fe55e92f6769fc0b2d6e47e43f0020c40a8ce8422cb0	success	200	93704	b778fc4edfb3c1031b90b2d3d121fd31958733afdc68d3f1cde538a17b738328	95875		fixture-kotlin-compiler-08	cypher-graph-id-predicate	64	1	fixture-kotlin-compiler-08	1	0	0	1	0	200	1	1	63	1	0
graph-id-function-wrapped-contains-target-57-zero	graph-id	graph-id-function-wrapped-contains	zero	graph-id-function-equals-and-wrapped-contains	graph-routing	properties	200	fixture-kotlin-compiler-09	fixture-kotlin-compiler-09	1	5bacb6648bba38e91cc033e69d42538b040b89f913b58ee2afebb53ba8d35c57	success	0	147	805c8c7334c868e18e2be84be95b83cc60895722d739c2b164a68be4cd410c49	35500			cypher-graph-id-predicate	64	1	fixture-kotlin-compiler-09	1	0	0	1	0	1	1	1	63	1	0
graph-id-function-wrapped-contains-target-57-targeted	graph-id	graph-id-function-wrapped-contains	targeted	graph-id-function-equals-and-wrapped-contains	graph-routing	properties	200	fixture-kotlin-compiler-09	fixture-kotlin-compiler-09	1	5bacb6648bba38e91cc033e69d42538b040b89f913b58ee2afebb53ba8d35c57	success	1	765	0812dc51126311be5cac082c5d39676905cd9a0811e6a08f17ec6343dc843471	31209		fixture-kotlin-compiler-09	cypher-graph-id-predicate	64	1	fixture-kotlin-compiler-09	1	0	0	1	0	1	1	1	63	1	0
graph-id-function-wrapped-contains-target-57-dense	graph-id	graph-id-function-wrapped-contains	dense	graph-id-function-equals-and-wrapped-contains	graph-routing	properties	200	fixture-kotlin-compiler-09	fixture-kotlin-compiler-09	1	5bacb6648bba38e91cc033e69d42538b040b89f913b58ee2afebb53ba8d35c57	success	200	99258	415f437224f091ed04a72fa493ee405ec437acfcfdf54dee50789c56e5356f10	94375		fixture-kotlin-compiler-09	cypher-graph-id-predicate	64	1	fixture-kotlin-compiler-09	1	0	0	1	0	200	1	1	63	1	0
graph-id-function-wrapped-contains-target-58-zero	graph-id	graph-id-function-wrapped-contains	zero	graph-id-function-equals-and-wrapped-contains	graph-routing	properties	200	fixture-kotlin-compiler-10	fixture-kotlin-compiler-10	1	634f1070c869c5f39ed7722d97b19c8976bc7fee623a8cfc705bcdd955e20759	success	0	147	805c8c7334c868e18e2be84be95b83cc60895722d739c2b164a68be4cd410c49	42625			cypher-graph-id-predicate	64	1	fixture-kotlin-compiler-10	1	0	0	1	0	1	1	1	63	1	0
graph-id-function-wrapped-contains-target-58-targeted	graph-id	graph-id-function-wrapped-contains	targeted	graph-id-function-equals-and-wrapped-contains	graph-routing	properties	200	fixture-kotlin-compiler-10	fixture-kotlin-compiler-10	1	634f1070c869c5f39ed7722d97b19c8976bc7fee623a8cfc705bcdd955e20759	success	12	7029	1df616dc12f8aa99df8ef1921ad6c878afdd2d37362d488527ffbb7ddbe7f6e3	29917		fixture-kotlin-compiler-10	cypher-graph-id-predicate	64	1	fixture-kotlin-compiler-10	1	0	0	1	0	12	1	1	63	1	0
graph-id-function-wrapped-contains-target-58-dense	graph-id	graph-id-function-wrapped-contains	dense	graph-id-function-equals-and-wrapped-contains	graph-routing	properties	200	fixture-kotlin-compiler-10	fixture-kotlin-compiler-10	1	634f1070c869c5f39ed7722d97b19c8976bc7fee623a8cfc705bcdd955e20759	success	200	94948	3f3fd3df372307937afdfd0915ce035266497833c5712760faf456eece659c97	92541		fixture-kotlin-compiler-10	cypher-graph-id-predicate	64	1	fixture-kotlin-compiler-10	1	0	0	1	0	200	1	1	63	1	0
graph-id-function-wrapped-contains-target-59-zero	graph-id	graph-id-function-wrapped-contains	zero	graph-id-function-equals-and-wrapped-contains	graph-routing	properties	200	fixture-kotlin-compiler-11	fixture-kotlin-compiler-11	1	9e1bbfe33d12ec072b828f417bb9dcdab26d7daecb14898f31eb2d73cdaff93c	success	0	147	805c8c7334c868e18e2be84be95b83cc60895722d739c2b164a68be4cd410c49	47833			cypher-graph-id-predicate	64	1	fixture-kotlin-compiler-11	1	0	0	1	0	1	1	1	63	1	0
graph-id-function-wrapped-contains-target-59-targeted	graph-id	graph-id-function-wrapped-contains	targeted	graph-id-function-equals-and-wrapped-contains	graph-routing	properties	200	fixture-kotlin-compiler-11	fixture-kotlin-compiler-11	1	9e1bbfe33d12ec072b828f417bb9dcdab26d7daecb14898f31eb2d73cdaff93c	success	11	6729	3d47749a3f582c73a2df58bf3f9b3beed9c001af5d9bd91af1d30abe76d3f524	29500		fixture-kotlin-compiler-11	cypher-graph-id-predicate	64	1	fixture-kotlin-compiler-11	1	0	0	1	0	11	1	1	63	1	0
graph-id-function-wrapped-contains-target-59-dense	graph-id	graph-id-function-wrapped-contains	dense	graph-id-function-equals-and-wrapped-contains	graph-routing	properties	200	fixture-kotlin-compiler-11	fixture-kotlin-compiler-11	1	9e1bbfe33d12ec072b828f417bb9dcdab26d7daecb14898f31eb2d73cdaff93c	success	200	89429	54106029dd8c0484e4d4612954bdb30eebd525f910018413d1ee09bf2ea5c8ac	95875		fixture-kotlin-compiler-11	cypher-graph-id-predicate	64	1	fixture-kotlin-compiler-11	1	0	0	1	0	200	1	1	63	1	0
graph-id-function-wrapped-contains-target-60-zero	graph-id	graph-id-function-wrapped-contains	zero	graph-id-function-equals-and-wrapped-contains	graph-routing	properties	200	fixture-kotlin-compiler-12	fixture-kotlin-compiler-12	1	45b0266366bbda196d2004ab993b070c325a01ec90b2c254cb7a89f0070e843a	success	0	147	805c8c7334c868e18e2be84be95b83cc60895722d739c2b164a68be4cd410c49	32750			cypher-graph-id-predicate	64	1	fixture-kotlin-compiler-12	1	0	0	1	0	1	1	1	63	1	0
graph-id-function-wrapped-contains-target-60-targeted	graph-id	graph-id-function-wrapped-contains	targeted	graph-id-function-equals-and-wrapped-contains	graph-routing	properties	200	fixture-kotlin-compiler-12	fixture-kotlin-compiler-12	1	45b0266366bbda196d2004ab993b070c325a01ec90b2c254cb7a89f0070e843a	success	13	7599	88379c6b80e2b23974c6b6a1e2c6fc3f3680ec705c71b7cecbc9a2228bf7fa26	36083		fixture-kotlin-compiler-12	cypher-graph-id-predicate	64	1	fixture-kotlin-compiler-12	1	0	0	1	0	13	1	1	63	1	0
graph-id-function-wrapped-contains-target-60-dense	graph-id	graph-id-function-wrapped-contains	dense	graph-id-function-equals-and-wrapped-contains	graph-routing	properties	200	fixture-kotlin-compiler-12	fixture-kotlin-compiler-12	1	45b0266366bbda196d2004ab993b070c325a01ec90b2c254cb7a89f0070e843a	success	200	94040	5d662b90e716477fff887768402c85462026d6042e22f1d7fafdb565b9f9efc8	100542		fixture-kotlin-compiler-12	cypher-graph-id-predicate	64	1	fixture-kotlin-compiler-12	1	0	0	1	0	200	1	1	63	1	0
graph-id-function-wrapped-contains-target-61-zero	graph-id	graph-id-function-wrapped-contains	zero	graph-id-function-equals-and-wrapped-contains	graph-routing	properties	200	fixture-kotlin-compiler-13	fixture-kotlin-compiler-13	1	aedca61396c53e1f40a6a8408974c2e44a02b0dd40978618ab51b02da9ecb430	success	0	147	805c8c7334c868e18e2be84be95b83cc60895722d739c2b164a68be4cd410c49	40042			cypher-graph-id-predicate	64	1	fixture-kotlin-compiler-13	1	0	0	1	0	1	1	1	63	1	0
graph-id-function-wrapped-contains-target-61-targeted	graph-id	graph-id-function-wrapped-contains	targeted	graph-id-function-equals-and-wrapped-contains	graph-routing	properties	200	fixture-kotlin-compiler-13	fixture-kotlin-compiler-13	1	aedca61396c53e1f40a6a8408974c2e44a02b0dd40978618ab51b02da9ecb430	success	8	5180	b6f5bd5828bd66e4f09f8198b509f3673986060cf32e2725dff13d9bcb4d6e9b	32417		fixture-kotlin-compiler-13	cypher-graph-id-predicate	64	1	fixture-kotlin-compiler-13	1	0	0	1	0	8	1	1	63	1	0
graph-id-function-wrapped-contains-target-61-dense	graph-id	graph-id-function-wrapped-contains	dense	graph-id-function-equals-and-wrapped-contains	graph-routing	properties	200	fixture-kotlin-compiler-13	fixture-kotlin-compiler-13	1	aedca61396c53e1f40a6a8408974c2e44a02b0dd40978618ab51b02da9ecb430	success	200	93638	00f9fdf9bf9dc94ccc0d67b35cb45c01a8e623cfaedfdb70da1cc1bfa69daf82	84625		fixture-kotlin-compiler-13	cypher-graph-id-predicate	64	1	fixture-kotlin-compiler-13	1	0	0	1	0	200	1	1	63	1	0
graph-id-function-wrapped-contains-target-62-zero	graph-id	graph-id-function-wrapped-contains	zero	graph-id-function-equals-and-wrapped-contains	graph-routing	properties	200	fixture-kotlin-compiler-14	fixture-kotlin-compiler-14	1	7f28ad9f946e8d01109ca70944e08883f52dd5c6cb287fa2d5fade1909b610b0	success	0	147	805c8c7334c868e18e2be84be95b83cc60895722d739c2b164a68be4cd410c49	67709			cypher-graph-id-predicate	64	1	fixture-kotlin-compiler-14	1	0	0	1	0	1	1	1	63	1	0
graph-id-function-wrapped-contains-target-62-targeted	graph-id	graph-id-function-wrapped-contains	targeted	graph-id-function-equals-and-wrapped-contains	graph-routing	properties	200	fixture-kotlin-compiler-14	fixture-kotlin-compiler-14	1	7f28ad9f946e8d01109ca70944e08883f52dd5c6cb287fa2d5fade1909b610b0	success	1	877	f04b3035acb1285487cb68f126c796fd316b35c6ce630f1e71efd88436bf28f2	30042		fixture-kotlin-compiler-14	cypher-graph-id-predicate	64	1	fixture-kotlin-compiler-14	1	0	0	1	0	1	1	1	63	1	0
graph-id-function-wrapped-contains-target-62-dense	graph-id	graph-id-function-wrapped-contains	dense	graph-id-function-equals-and-wrapped-contains	graph-routing	properties	200	fixture-kotlin-compiler-14	fixture-kotlin-compiler-14	1	7f28ad9f946e8d01109ca70944e08883f52dd5c6cb287fa2d5fade1909b610b0	success	200	97449	f19574ac46a01dafc16136d9e8c4835b8d40c72753078eb8a67a1d7d438dd937	102041		fixture-kotlin-compiler-14	cypher-graph-id-predicate	64	1	fixture-kotlin-compiler-14	1	0	0	1	0	200	1	1	63	1	0
graph-id-function-wrapped-contains-target-63-zero	graph-id	graph-id-function-wrapped-contains	zero	graph-id-function-equals-and-wrapped-contains	graph-routing	properties	200	fixture-kotlin-compiler-15	fixture-kotlin-compiler-15	1	86015e396789c5c1cf86d1df3b0b97987a7b461bfcfb129491f3d758793d1d65	success	0	147	805c8c7334c868e18e2be84be95b83cc60895722d739c2b164a68be4cd410c49	31333			cypher-graph-id-predicate	64	1	fixture-kotlin-compiler-15	1	0	0	1	0	1	1	1	63	1	0
graph-id-function-wrapped-contains-target-63-targeted	graph-id	graph-id-function-wrapped-contains	targeted	graph-id-function-equals-and-wrapped-contains	graph-routing	properties	200	fixture-kotlin-compiler-15	fixture-kotlin-compiler-15	1	86015e396789c5c1cf86d1df3b0b97987a7b461bfcfb129491f3d758793d1d65	success	1	778	1734729b6952d2a8eff267ca86b458aa4fd5e0c703c1fa60dd66478cd3c49356	28375		fixture-kotlin-compiler-15	cypher-graph-id-predicate	64	1	fixture-kotlin-compiler-15	1	0	0	1	0	1	1	1	63	1	0
graph-id-function-wrapped-contains-target-63-dense	graph-id	graph-id-function-wrapped-contains	dense	graph-id-function-equals-and-wrapped-contains	graph-routing	properties	200	fixture-kotlin-compiler-15	fixture-kotlin-compiler-15	1	86015e396789c5c1cf86d1df3b0b97987a7b461bfcfb129491f3d758793d1d65	success	200	91412	082721be4b0e9234c67505fe172c638dcb4ef8924db9c6264a191473dfc4e443	187125		fixture-kotlin-compiler-15	cypher-graph-id-predicate	64	1	fixture-kotlin-compiler-15	1	0	0	1	0	200	1	1	63	1	0
graph-id-parameter-wrapped-contains-target-00-zero	graph-id	graph-id-parameter-wrapped-contains	zero	graph-id-parameter-equals-and-wrapped-contains	parameters	properties	200	fixture-android-00	fixture-android-00	1	47c5f2f8275ab2447995a1b45a36cd5b0b70e258e0f75934abd1f0cef5c2b93e	success	0	147	805c8c7334c868e18e2be84be95b83cc60895722d739c2b164a68be4cd410c49	67959			cypher-graph-id-predicate	64	1	fixture-android-00	1	0	0	1	0	1	1	1	63	1	0
graph-id-parameter-wrapped-contains-target-00-targeted	graph-id	graph-id-parameter-wrapped-contains	targeted	graph-id-parameter-equals-and-wrapped-contains	parameters	properties	200	fixture-android-00	fixture-android-00	1	47c5f2f8275ab2447995a1b45a36cd5b0b70e258e0f75934abd1f0cef5c2b93e	success	10	5730	00c81103244dc6d42abdc3894d771e5a24957dcf7e5ad4d8dc686b1d7e0cb89e	36375		fixture-android-00	cypher-graph-id-predicate	64	1	fixture-android-00	1	0	0	1	0	10	1	1	63	1	0
graph-id-parameter-wrapped-contains-target-00-dense	graph-id	graph-id-parameter-wrapped-contains	dense	graph-id-parameter-equals-and-wrapped-contains	parameters	properties	200	fixture-android-00	fixture-android-00	1	47c5f2f8275ab2447995a1b45a36cd5b0b70e258e0f75934abd1f0cef5c2b93e	success	200	84411	3bdee68309e62bee93f47848258ded90b1763d55841fa57d8b8fd21867653c44	101250		fixture-android-00	cypher-graph-id-predicate	64	1	fixture-android-00	1	0	0	1	0	200	1	1	63	1	0
graph-id-parameter-wrapped-contains-target-01-zero	graph-id	graph-id-parameter-wrapped-contains	zero	graph-id-parameter-equals-and-wrapped-contains	parameters	properties	200	fixture-android-01	fixture-android-01	1	e4528616b87301f557512ab9d9e4e598561300f98d2e85100725c35158534ecc	success	0	147	805c8c7334c868e18e2be84be95b83cc60895722d739c2b164a68be4cd410c49	32709			cypher-graph-id-predicate	64	1	fixture-android-01	1	0	0	1	0	1	1	1	63	1	0
graph-id-parameter-wrapped-contains-target-01-targeted	graph-id	graph-id-parameter-wrapped-contains	targeted	graph-id-parameter-equals-and-wrapped-contains	parameters	properties	200	fixture-android-01	fixture-android-01	1	e4528616b87301f557512ab9d9e4e598561300f98d2e85100725c35158534ecc	success	1	758	b33173a678013ac093c95f3fccc5cd5af96ea18082387e1fc872de4817e234b2	31125		fixture-android-01	cypher-graph-id-predicate	64	1	fixture-android-01	1	0	0	1	0	1	1	1	63	1	0
graph-id-parameter-wrapped-contains-target-01-dense	graph-id	graph-id-parameter-wrapped-contains	dense	graph-id-parameter-equals-and-wrapped-contains	parameters	properties	200	fixture-android-01	fixture-android-01	1	e4528616b87301f557512ab9d9e4e598561300f98d2e85100725c35158534ecc	success	200	84093	d9daf98f04e06930dfeb91ddd4e8ae597b8f9154e54ac1018db6a25ea8ddd84f	102750		fixture-android-01	cypher-graph-id-predicate	64	1	fixture-android-01	1	0	0	1	0	200	1	1	63	1	0
graph-id-parameter-wrapped-contains-target-02-zero	graph-id	graph-id-parameter-wrapped-contains	zero	graph-id-parameter-equals-and-wrapped-contains	parameters	properties	200	fixture-android-02	fixture-android-02	1	1a026780ab945a978bf2d821f0728dd8a679a4b4838c8a3b7703d006d3fae584	success	0	147	805c8c7334c868e18e2be84be95b83cc60895722d739c2b164a68be4cd410c49	29167			cypher-graph-id-predicate	64	1	fixture-android-02	1	0	0	1	0	1	1	1	63	1	0
graph-id-parameter-wrapped-contains-target-02-targeted	graph-id	graph-id-parameter-wrapped-contains	targeted	graph-id-parameter-equals-and-wrapped-contains	parameters	properties	200	fixture-android-02	fixture-android-02	1	1a026780ab945a978bf2d821f0728dd8a679a4b4838c8a3b7703d006d3fae584	success	9	5751	0754b66fd035110585cc31e6af555127395a9cd85c413f0a859de6b596c3b70d	33125		fixture-android-02	cypher-graph-id-predicate	64	1	fixture-android-02	1	0	0	1	0	9	1	1	63	1	0
graph-id-parameter-wrapped-contains-target-02-dense	graph-id	graph-id-parameter-wrapped-contains	dense	graph-id-parameter-equals-and-wrapped-contains	parameters	properties	200	fixture-android-02	fixture-android-02	1	1a026780ab945a978bf2d821f0728dd8a679a4b4838c8a3b7703d006d3fae584	success	200	86930	a289774d080329d12351d967c614eae9b16190b55970a757b1f268e21aee3975	101125		fixture-android-02	cypher-graph-id-predicate	64	1	fixture-android-02	1	0	0	1	0	200	1	1	63	1	0
graph-id-parameter-wrapped-contains-target-03-zero	graph-id	graph-id-parameter-wrapped-contains	zero	graph-id-parameter-equals-and-wrapped-contains	parameters	properties	200	fixture-android-03	fixture-android-03	1	3a085dec137def84e2f0fd6c417ca6216ad5c22c415250ab8d225957a37eb876	success	0	147	805c8c7334c868e18e2be84be95b83cc60895722d739c2b164a68be4cd410c49	27250			cypher-graph-id-predicate	64	1	fixture-android-03	1	0	0	1	0	1	1	1	63	1	0
graph-id-parameter-wrapped-contains-target-03-targeted	graph-id	graph-id-parameter-wrapped-contains	targeted	graph-id-parameter-equals-and-wrapped-contains	parameters	properties	200	fixture-android-03	fixture-android-03	1	3a085dec137def84e2f0fd6c417ca6216ad5c22c415250ab8d225957a37eb876	success	2	1333	77f2da9b0b5a99e6332b957b281149f5e269d152177e36aaa74e86db4bc23bf9	25917		fixture-android-03	cypher-graph-id-predicate	64	1	fixture-android-03	1	0	0	1	0	2	1	1	63	1	0
graph-id-parameter-wrapped-contains-target-03-dense	graph-id	graph-id-parameter-wrapped-contains	dense	graph-id-parameter-equals-and-wrapped-contains	parameters	properties	200	fixture-android-03	fixture-android-03	1	3a085dec137def84e2f0fd6c417ca6216ad5c22c415250ab8d225957a37eb876	success	200	85151	08fbf5fde8e917175e0dca625983535621218120265897bdd0781fe99669b859	89416		fixture-android-03	cypher-graph-id-predicate	64	1	fixture-android-03	1	0	0	1	0	200	1	1	63	1	0
graph-id-parameter-wrapped-contains-target-04-zero	graph-id	graph-id-parameter-wrapped-contains	zero	graph-id-parameter-equals-and-wrapped-contains	parameters	properties	200	fixture-android-04	fixture-android-04	1	72b2db3813782b7057457474cb692d1ab65cbced9ccd76e7a6348806a1a0fdd6	success	0	147	805c8c7334c868e18e2be84be95b83cc60895722d739c2b164a68be4cd410c49	34500			cypher-graph-id-predicate	64	1	fixture-android-04	1	0	0	1	0	1	1	1	63	1	0
graph-id-parameter-wrapped-contains-target-04-targeted	graph-id	graph-id-parameter-wrapped-contains	targeted	graph-id-parameter-equals-and-wrapped-contains	parameters	properties	200	fixture-android-04	fixture-android-04	1	72b2db3813782b7057457474cb692d1ab65cbced9ccd76e7a6348806a1a0fdd6	success	9	5762	527d81de9e8ca9f5fe9ad0166e1e1711fbccaf3c53281e7e95375f6d55e3a3c7	27375		fixture-android-04	cypher-graph-id-predicate	64	1	fixture-android-04	1	0	0	1	0	9	1	1	63	1	0
graph-id-parameter-wrapped-contains-target-04-dense	graph-id	graph-id-parameter-wrapped-contains	dense	graph-id-parameter-equals-and-wrapped-contains	parameters	properties	200	fixture-android-04	fixture-android-04	1	72b2db3813782b7057457474cb692d1ab65cbced9ccd76e7a6348806a1a0fdd6	success	200	86152	85d9bac3392391ae56f1f03af81d888f398336c8e33a1ef1e42c5409f746f730	92958		fixture-android-04	cypher-graph-id-predicate	64	1	fixture-android-04	1	0	0	1	0	200	1	1	63	1	0
graph-id-parameter-wrapped-contains-target-05-zero	graph-id	graph-id-parameter-wrapped-contains	zero	graph-id-parameter-equals-and-wrapped-contains	parameters	properties	200	fixture-android-05	fixture-android-05	1	9ccc65db4edf2ad696714957f6291e11ba1a158b062c135b909367736aa1cb91	success	0	147	805c8c7334c868e18e2be84be95b83cc60895722d739c2b164a68be4cd410c49	30167			cypher-graph-id-predicate	64	1	fixture-android-05	1	0	0	1	0	1	1	1	63	1	0
graph-id-parameter-wrapped-contains-target-05-targeted	graph-id	graph-id-parameter-wrapped-contains	targeted	graph-id-parameter-equals-and-wrapped-contains	parameters	properties	200	fixture-android-05	fixture-android-05	1	9ccc65db4edf2ad696714957f6291e11ba1a158b062c135b909367736aa1cb91	success	9	5751	48fbef6ae3373a73cfbd3690497aae4d0773c2f4ddadb5d217061398978bcac5	29708		fixture-android-05	cypher-graph-id-predicate	64	1	fixture-android-05	1	0	0	1	0	9	1	1	63	1	0
graph-id-parameter-wrapped-contains-target-05-dense	graph-id	graph-id-parameter-wrapped-contains	dense	graph-id-parameter-equals-and-wrapped-contains	parameters	properties	200	fixture-android-05	fixture-android-05	1	9ccc65db4edf2ad696714957f6291e11ba1a158b062c135b909367736aa1cb91	success	200	90860	57ae61ccbdbf1e83a9ab8de2923c4ac26bcc634ed53a2f1c1a3ee3682afe8cd8	91084		fixture-android-05	cypher-graph-id-predicate	64	1	fixture-android-05	1	0	0	1	0	200	1	1	63	1	0
graph-id-parameter-wrapped-contains-target-06-zero	graph-id	graph-id-parameter-wrapped-contains	zero	graph-id-parameter-equals-and-wrapped-contains	parameters	properties	200	fixture-android-06	fixture-android-06	1	aef2397f89755e0b59e944f9b6062fb5611eea3ea4b05762643e082168bd9526	success	0	147	805c8c7334c868e18e2be84be95b83cc60895722d739c2b164a68be4cd410c49	28208			cypher-graph-id-predicate	64	1	fixture-android-06	1	0	0	1	0	1	1	1	63	1	0
graph-id-parameter-wrapped-contains-target-06-targeted	graph-id	graph-id-parameter-wrapped-contains	targeted	graph-id-parameter-equals-and-wrapped-contains	parameters	properties	200	fixture-android-06	fixture-android-06	1	aef2397f89755e0b59e944f9b6062fb5611eea3ea4b05762643e082168bd9526	success	1	734	2c8962bfda6df26238f145f32f089e1ccdb69cc26ea9c2fde590f543638ba060	37667		fixture-android-06	cypher-graph-id-predicate	64	1	fixture-android-06	1	0	0	1	0	1	1	1	63	1	0
graph-id-parameter-wrapped-contains-target-06-dense	graph-id	graph-id-parameter-wrapped-contains	dense	graph-id-parameter-equals-and-wrapped-contains	parameters	properties	200	fixture-android-06	fixture-android-06	1	aef2397f89755e0b59e944f9b6062fb5611eea3ea4b05762643e082168bd9526	success	200	83941	f7f169fb4cd9a2408b058d9e03502907fe0d9372ba70f2f3749aeaffa464e292	98375		fixture-android-06	cypher-graph-id-predicate	64	1	fixture-android-06	1	0	0	1	0	200	1	1	63	1	0
graph-id-parameter-wrapped-contains-target-07-zero	graph-id	graph-id-parameter-wrapped-contains	zero	graph-id-parameter-equals-and-wrapped-contains	parameters	properties	200	fixture-android-07	fixture-android-07	1	2884fe5070e6e70bd2c44e54af37c56e2cfd19343a8721d5b36093d7d1db0f7d	success	0	147	805c8c7334c868e18e2be84be95b83cc60895722d739c2b164a68be4cd410c49	33292			cypher-graph-id-predicate	64	1	fixture-android-07	1	0	0	1	0	1	1	1	63	1	0
graph-id-parameter-wrapped-contains-target-07-targeted	graph-id	graph-id-parameter-wrapped-contains	targeted	graph-id-parameter-equals-and-wrapped-contains	parameters	properties	200	fixture-android-07	fixture-android-07	1	2884fe5070e6e70bd2c44e54af37c56e2cfd19343a8721d5b36093d7d1db0f7d	success	1	762	d5674d7adcd2d58f93c5f2849f690003bc45d523850181c23ceaa0aacd7e6709	26834		fixture-android-07	cypher-graph-id-predicate	64	1	fixture-android-07	1	0	0	1	0	1	1	1	63	1	0
graph-id-parameter-wrapped-contains-target-07-dense	graph-id	graph-id-parameter-wrapped-contains	dense	graph-id-parameter-equals-and-wrapped-contains	parameters	properties	200	fixture-android-07	fixture-android-07	1	2884fe5070e6e70bd2c44e54af37c56e2cfd19343a8721d5b36093d7d1db0f7d	success	200	84999	35604ee2a3d19ee64c97fa99f4be154714c60028f948c7a23f75b925d4520a5d	157291		fixture-android-07	cypher-graph-id-predicate	64	1	fixture-android-07	1	0	0	1	0	200	1	1	63	1	0
graph-id-parameter-wrapped-contains-target-08-zero	graph-id	graph-id-parameter-wrapped-contains	zero	graph-id-parameter-equals-and-wrapped-contains	parameters	properties	200	fixture-android-08	fixture-android-08	1	25fcd87fe0d089932a1b7f325e822252e3042b73178c7aa80e1c0d12bcef2e47	success	0	147	805c8c7334c868e18e2be84be95b83cc60895722d739c2b164a68be4cd410c49	31333			cypher-graph-id-predicate	64	1	fixture-android-08	1	0	0	1	0	1	1	1	63	1	0
graph-id-parameter-wrapped-contains-target-08-targeted	graph-id	graph-id-parameter-wrapped-contains	targeted	graph-id-parameter-equals-and-wrapped-contains	parameters	properties	200	fixture-android-08	fixture-android-08	1	25fcd87fe0d089932a1b7f325e822252e3042b73178c7aa80e1c0d12bcef2e47	success	2	1322	4b49b28d836e57c2c3f8d43a93acd00a93b169fcd603338f9ab350f541e9665c	31083		fixture-android-08	cypher-graph-id-predicate	64	1	fixture-android-08	1	0	0	1	0	2	1	1	63	1	0
graph-id-parameter-wrapped-contains-target-08-dense	graph-id	graph-id-parameter-wrapped-contains	dense	graph-id-parameter-equals-and-wrapped-contains	parameters	properties	200	fixture-android-08	fixture-android-08	1	25fcd87fe0d089932a1b7f325e822252e3042b73178c7aa80e1c0d12bcef2e47	success	200	85531	ed34441ff634f19c276911a1fa193106a9070fde1065b57fc7ec71132b8d5f66	100208		fixture-android-08	cypher-graph-id-predicate	64	1	fixture-android-08	1	0	0	1	0	200	1	1	63	1	0
graph-id-parameter-wrapped-contains-target-09-zero	graph-id	graph-id-parameter-wrapped-contains	zero	graph-id-parameter-equals-and-wrapped-contains	parameters	properties	200	fixture-android-09	fixture-android-09	1	976770abc561e74e52c74c7f3b827fe70800ef502defdde9a4fa534aa511bd33	success	0	147	805c8c7334c868e18e2be84be95b83cc60895722d739c2b164a68be4cd410c49	25834			cypher-graph-id-predicate	64	1	fixture-android-09	1	0	0	1	0	1	1	1	63	1	0
graph-id-parameter-wrapped-contains-target-09-targeted	graph-id	graph-id-parameter-wrapped-contains	targeted	graph-id-parameter-equals-and-wrapped-contains	parameters	properties	200	fixture-android-09	fixture-android-09	1	976770abc561e74e52c74c7f3b827fe70800ef502defdde9a4fa534aa511bd33	success	1	758	cd83129b7654f9c1ac40c94032a03833f5b559e4d6d903ce58c899d274674334	19083		fixture-android-09	cypher-graph-id-predicate	64	1	fixture-android-09	1	0	0	1	0	1	1	1	63	1	0
graph-id-parameter-wrapped-contains-target-09-dense	graph-id	graph-id-parameter-wrapped-contains	dense	graph-id-parameter-equals-and-wrapped-contains	parameters	properties	200	fixture-android-09	fixture-android-09	1	976770abc561e74e52c74c7f3b827fe70800ef502defdde9a4fa534aa511bd33	success	200	84710	8302a9dc08d5cf465b56333dad5757a62c24d743692acbdbf8e81919ebd097a0	109292		fixture-android-09	cypher-graph-id-predicate	64	1	fixture-android-09	1	0	0	1	0	200	1	1	63	1	0
graph-id-parameter-wrapped-contains-target-10-zero	graph-id	graph-id-parameter-wrapped-contains	zero	graph-id-parameter-equals-and-wrapped-contains	parameters	properties	200	fixture-android-10	fixture-android-10	1	b80280988a4b3197bdd2348d3550b46e5d99e01f6e4a1abcb8668612b4a7bcf1	success	0	147	805c8c7334c868e18e2be84be95b83cc60895722d739c2b164a68be4cd410c49	25875			cypher-graph-id-predicate	64	1	fixture-android-10	1	0	0	1	0	1	1	1	63	1	0
graph-id-parameter-wrapped-contains-target-10-targeted	graph-id	graph-id-parameter-wrapped-contains	targeted	graph-id-parameter-equals-and-wrapped-contains	parameters	properties	200	fixture-android-10	fixture-android-10	1	b80280988a4b3197bdd2348d3550b46e5d99e01f6e4a1abcb8668612b4a7bcf1	success	1	821	f3f4d5fb39ff9fde7dcf6d88e4f52bcc4c277ed98626ccca0b17c4ddbb20b035	23333		fixture-android-10	cypher-graph-id-predicate	64	1	fixture-android-10	1	0	0	1	0	1	1	1	63	1	0
graph-id-parameter-wrapped-contains-target-10-dense	graph-id	graph-id-parameter-wrapped-contains	dense	graph-id-parameter-equals-and-wrapped-contains	parameters	properties	200	fixture-android-10	fixture-android-10	1	b80280988a4b3197bdd2348d3550b46e5d99e01f6e4a1abcb8668612b4a7bcf1	success	200	86914	eec30bd784e53b80ccd384559e9d1f853b8152ad8db90ad1f27d391bf03fc0d8	91500		fixture-android-10	cypher-graph-id-predicate	64	1	fixture-android-10	1	0	0	1	0	200	1	1	63	1	0
graph-id-parameter-wrapped-contains-target-11-zero	graph-id	graph-id-parameter-wrapped-contains	zero	graph-id-parameter-equals-and-wrapped-contains	parameters	properties	200	fixture-android-11	fixture-android-11	1	ff7c9f064acf1b8f0c7104242efebdb73dfcc6db0739150c3d56bcc4ebbfb47f	success	0	147	805c8c7334c868e18e2be84be95b83cc60895722d739c2b164a68be4cd410c49	24750			cypher-graph-id-predicate	64	1	fixture-android-11	1	0	0	1	0	1	1	1	63	1	0
graph-id-parameter-wrapped-contains-target-11-targeted	graph-id	graph-id-parameter-wrapped-contains	targeted	graph-id-parameter-equals-and-wrapped-contains	parameters	properties	200	fixture-android-11	fixture-android-11	1	ff7c9f064acf1b8f0c7104242efebdb73dfcc6db0739150c3d56bcc4ebbfb47f	success	1	758	f8ea31527e372a7d8e0f896bc894b97d788067aa20d0af371a4239382f72a4d1	67750		fixture-android-11	cypher-graph-id-predicate	64	1	fixture-android-11	1	0	0	1	0	1	1	1	63	1	0
graph-id-parameter-wrapped-contains-target-11-dense	graph-id	graph-id-parameter-wrapped-contains	dense	graph-id-parameter-equals-and-wrapped-contains	parameters	properties	200	fixture-android-11	fixture-android-11	1	ff7c9f064acf1b8f0c7104242efebdb73dfcc6db0739150c3d56bcc4ebbfb47f	success	200	84862	36598e3ab73085dce50e849dda8b6a32b1088eab3f02f052e9536f16613b5d4b	103583		fixture-android-11	cypher-graph-id-predicate	64	1	fixture-android-11	1	0	0	1	0	200	1	1	63	1	0
graph-id-parameter-wrapped-contains-target-12-zero	graph-id	graph-id-parameter-wrapped-contains	zero	graph-id-parameter-equals-and-wrapped-contains	parameters	properties	200	fixture-android-12	fixture-android-12	1	fbfd92bdb617f8eef3c84ce77e1116d4f0d1116a40b9fc543770c1a430e829ec	success	0	147	805c8c7334c868e18e2be84be95b83cc60895722d739c2b164a68be4cd410c49	32833			cypher-graph-id-predicate	64	1	fixture-android-12	1	0	0	1	0	1	1	1	63	1	0
graph-id-parameter-wrapped-contains-target-12-targeted	graph-id	graph-id-parameter-wrapped-contains	targeted	graph-id-parameter-equals-and-wrapped-contains	parameters	properties	200	fixture-android-12	fixture-android-12	1	fbfd92bdb617f8eef3c84ce77e1116d4f0d1116a40b9fc543770c1a430e829ec	success	2	1348	569ba2c2d8626f5c6804b713aa9f9bd5155648246e0bb082ab37cf407a3ccee9	28041		fixture-android-12	cypher-graph-id-predicate	64	1	fixture-android-12	1	0	0	1	0	2	1	1	63	1	0
graph-id-parameter-wrapped-contains-target-12-dense	graph-id	graph-id-parameter-wrapped-contains	dense	graph-id-parameter-equals-and-wrapped-contains	parameters	properties	200	fixture-android-12	fixture-android-12	1	fbfd92bdb617f8eef3c84ce77e1116d4f0d1116a40b9fc543770c1a430e829ec	success	200	85894	f22afa8ccaad259750ce50e850502822308b2565f707f284de32cd44d5ef328a	96041		fixture-android-12	cypher-graph-id-predicate	64	1	fixture-android-12	1	0	0	1	0	200	1	1	63	1	0
graph-id-parameter-wrapped-contains-target-13-zero	graph-id	graph-id-parameter-wrapped-contains	zero	graph-id-parameter-equals-and-wrapped-contains	parameters	properties	200	fixture-android-13	fixture-android-13	1	99b23d6e37ddba640f96acd0d7b903185c9b38cc0e6df93374f9fe569bbc4c38	success	0	147	805c8c7334c868e18e2be84be95b83cc60895722d739c2b164a68be4cd410c49	28167			cypher-graph-id-predicate	64	1	fixture-android-13	1	0	0	1	0	1	1	1	63	1	0
graph-id-parameter-wrapped-contains-target-13-targeted	graph-id	graph-id-parameter-wrapped-contains	targeted	graph-id-parameter-equals-and-wrapped-contains	parameters	properties	200	fixture-android-13	fixture-android-13	1	99b23d6e37ddba640f96acd0d7b903185c9b38cc0e6df93374f9fe569bbc4c38	success	5	2824	ebb699b5b0554cc639408add00ca9d9aae37f3553c5e6ea606cb7e66e171933f	31334		fixture-android-13	cypher-graph-id-predicate	64	1	fixture-android-13	1	0	0	1	0	5	1	1	63	1	0
graph-id-parameter-wrapped-contains-target-13-dense	graph-id	graph-id-parameter-wrapped-contains	dense	graph-id-parameter-equals-and-wrapped-contains	parameters	properties	200	fixture-android-13	fixture-android-13	1	99b23d6e37ddba640f96acd0d7b903185c9b38cc0e6df93374f9fe569bbc4c38	success	200	86344	2e714969993f2a86ba5c715dc52b2c7d6dbaed9b2320da2399ecdf29ec9f1e4e	99542		fixture-android-13	cypher-graph-id-predicate	64	1	fixture-android-13	1	0	0	1	0	200	1	1	63	1	0
graph-id-parameter-wrapped-contains-target-14-zero	graph-id	graph-id-parameter-wrapped-contains	zero	graph-id-parameter-equals-and-wrapped-contains	parameters	properties	200	fixture-android-14	fixture-android-14	1	caf42d54ef3437f216c963929327ed5ef3f52ce080fa2be4c3305c2370617ab1	success	0	147	805c8c7334c868e18e2be84be95b83cc60895722d739c2b164a68be4cd410c49	26708			cypher-graph-id-predicate	64	1	fixture-android-14	1	0	0	1	0	1	1	1	63	1	0
graph-id-parameter-wrapped-contains-target-14-targeted	graph-id	graph-id-parameter-wrapped-contains	targeted	graph-id-parameter-equals-and-wrapped-contains	parameters	properties	200	fixture-android-14	fixture-android-14	1	caf42d54ef3437f216c963929327ed5ef3f52ce080fa2be4c3305c2370617ab1	success	3	1887	cfce92c06f8a0a93444f0ec3592aad57c255799cc7a1286e673f5c8cc3173d20	25125		fixture-android-14	cypher-graph-id-predicate	64	1	fixture-android-14	1	0	0	1	0	3	1	1	63	1	0
graph-id-parameter-wrapped-contains-target-14-dense	graph-id	graph-id-parameter-wrapped-contains	dense	graph-id-parameter-equals-and-wrapped-contains	parameters	properties	200	fixture-android-14	fixture-android-14	1	caf42d54ef3437f216c963929327ed5ef3f52ce080fa2be4c3305c2370617ab1	success	200	88102	f384f54b9e0494c603dd9e83eb2ca0ad0386a359a2e1d6a356e225c072977e41	103791		fixture-android-14	cypher-graph-id-predicate	64	1	fixture-android-14	1	0	0	1	0	200	1	1	63	1	0
graph-id-parameter-wrapped-contains-target-15-zero	graph-id	graph-id-parameter-wrapped-contains	zero	graph-id-parameter-equals-and-wrapped-contains	parameters	properties	200	fixture-android-15	fixture-android-15	1	396286291622042417a1e42f88e1a07f9e973d88a4b45b59c7408d3e8fe8e4cd	success	0	147	805c8c7334c868e18e2be84be95b83cc60895722d739c2b164a68be4cd410c49	23916			cypher-graph-id-predicate	64	1	fixture-android-15	1	0	0	1	0	1	1	1	63	1	0
graph-id-parameter-wrapped-contains-target-15-targeted	graph-id	graph-id-parameter-wrapped-contains	targeted	graph-id-parameter-equals-and-wrapped-contains	parameters	properties	200	fixture-android-15	fixture-android-15	1	396286291622042417a1e42f88e1a07f9e973d88a4b45b59c7408d3e8fe8e4cd	success	1	765	ae20f86c5a0d43140079bdbb52041ad145178823d6189b8171bbe58dc0d82dcc	28042		fixture-android-15	cypher-graph-id-predicate	64	1	fixture-android-15	1	0	0	1	0	1	1	1	63	1	0
graph-id-parameter-wrapped-contains-target-15-dense	graph-id	graph-id-parameter-wrapped-contains	dense	graph-id-parameter-equals-and-wrapped-contains	parameters	properties	200	fixture-android-15	fixture-android-15	1	396286291622042417a1e42f88e1a07f9e973d88a4b45b59c7408d3e8fe8e4cd	success	200	82358	6db1e45464dd1e42fc627a3ee68393b586d132e4817f87f1da72cb180e7925bb	173542		fixture-android-15	cypher-graph-id-predicate	64	1	fixture-android-15	1	0	0	1	0	200	1	1	63	1	0
graph-id-parameter-wrapped-contains-target-16-zero	graph-id	graph-id-parameter-wrapped-contains	zero	graph-id-parameter-equals-and-wrapped-contains	parameters	properties	200	fixture-tika-00	fixture-tika-00	1	3ffa856892be3e0263f2c72254cefdb4bafce48e10eea2a8426b6af88f144658	success	0	147	805c8c7334c868e18e2be84be95b83cc60895722d739c2b164a68be4cd410c49	23958			cypher-graph-id-predicate	64	1	fixture-tika-00	1	0	0	1	0	1	1	1	63	1	0
graph-id-parameter-wrapped-contains-target-16-targeted	graph-id	graph-id-parameter-wrapped-contains	targeted	graph-id-parameter-equals-and-wrapped-contains	parameters	properties	200	fixture-tika-00	fixture-tika-00	1	3ffa856892be3e0263f2c72254cefdb4bafce48e10eea2a8426b6af88f144658	success	1	771	41ad9b5110585bc89df35b9d0a0c6bd66daaf6c239b4212552d078b2f2a28c34	26291		fixture-tika-00	cypher-graph-id-predicate	64	1	fixture-tika-00	1	0	0	1	0	1	1	1	63	1	0
graph-id-parameter-wrapped-contains-target-16-dense	graph-id	graph-id-parameter-wrapped-contains	dense	graph-id-parameter-equals-and-wrapped-contains	parameters	properties	200	fixture-tika-00	fixture-tika-00	1	3ffa856892be3e0263f2c72254cefdb4bafce48e10eea2a8426b6af88f144658	success	200	94237	51b180cd96740a311cc61165baa84cc05517b2f28ac6c70debc25f8e14514414	94875		fixture-tika-00	cypher-graph-id-predicate	64	1	fixture-tika-00	1	0	0	1	0	200	1	1	63	1	0
graph-id-parameter-wrapped-contains-target-17-zero	graph-id	graph-id-parameter-wrapped-contains	zero	graph-id-parameter-equals-and-wrapped-contains	parameters	properties	200	fixture-tika-01	fixture-tika-01	1	5bd11253ba6bcbac28c2d0805dbd50585f63593fbbabbc299bce9c8b5e4238f0	success	0	147	805c8c7334c868e18e2be84be95b83cc60895722d739c2b164a68be4cd410c49	26208			cypher-graph-id-predicate	64	1	fixture-tika-01	1	0	0	1	0	1	1	1	63	1	0
graph-id-parameter-wrapped-contains-target-17-targeted	graph-id	graph-id-parameter-wrapped-contains	targeted	graph-id-parameter-equals-and-wrapped-contains	parameters	properties	200	fixture-tika-01	fixture-tika-01	1	5bd11253ba6bcbac28c2d0805dbd50585f63593fbbabbc299bce9c8b5e4238f0	success	5	2976	7d286938fe2f40cd4cb86cd26be11c3221bfff86202fa9b705bdc1c77967743f	25041		fixture-tika-01	cypher-graph-id-predicate	64	1	fixture-tika-01	1	0	0	1	0	5	1	1	63	1	0
graph-id-parameter-wrapped-contains-target-17-dense	graph-id	graph-id-parameter-wrapped-contains	dense	graph-id-parameter-equals-and-wrapped-contains	parameters	properties	200	fixture-tika-01	fixture-tika-01	1	5bd11253ba6bcbac28c2d0805dbd50585f63593fbbabbc299bce9c8b5e4238f0	success	200	92381	87c915d88746be4a40b85e67e7de71966365a455358cc138185e5c1f5bcf1251	96500		fixture-tika-01	cypher-graph-id-predicate	64	1	fixture-tika-01	1	0	0	1	0	200	1	1	63	1	0
graph-id-parameter-wrapped-contains-target-18-zero	graph-id	graph-id-parameter-wrapped-contains	zero	graph-id-parameter-equals-and-wrapped-contains	parameters	properties	200	fixture-tika-02	fixture-tika-02	1	4f53553340fcd09378fe28c9d287d1bd3c78d0e5004534ad87493f082178a0db	success	0	147	805c8c7334c868e18e2be84be95b83cc60895722d739c2b164a68be4cd410c49	26541			cypher-graph-id-predicate	64	1	fixture-tika-02	1	0	0	1	0	1	1	1	63	1	0
graph-id-parameter-wrapped-contains-target-18-targeted	graph-id	graph-id-parameter-wrapped-contains	targeted	graph-id-parameter-equals-and-wrapped-contains	parameters	properties	200	fixture-tika-02	fixture-tika-02	1	4f53553340fcd09378fe28c9d287d1bd3c78d0e5004534ad87493f082178a0db	success	12	6781	abf0682228739bdef1eb0d4b5b1449d7697f9412e644bd07a974f6e04213652e	28708		fixture-tika-02	cypher-graph-id-predicate	64	1	fixture-tika-02	1	0	0	1	0	12	1	1	63	1	0
graph-id-parameter-wrapped-contains-target-18-dense	graph-id	graph-id-parameter-wrapped-contains	dense	graph-id-parameter-equals-and-wrapped-contains	parameters	properties	200	fixture-tika-02	fixture-tika-02	1	4f53553340fcd09378fe28c9d287d1bd3c78d0e5004534ad87493f082178a0db	success	200	95198	7d65fbc43e0cf8a1d4323c709e6963c32bdea3f389f5b683f619eee1fd79dc90	100083		fixture-tika-02	cypher-graph-id-predicate	64	1	fixture-tika-02	1	0	0	1	0	200	1	1	63	1	0
graph-id-parameter-wrapped-contains-target-19-zero	graph-id	graph-id-parameter-wrapped-contains	zero	graph-id-parameter-equals-and-wrapped-contains	parameters	properties	200	fixture-tika-03	fixture-tika-03	1	e68986e5919884640710cc61d8f44310a6d888f55992390edbcc7ae70b8b8fa8	success	0	147	805c8c7334c868e18e2be84be95b83cc60895722d739c2b164a68be4cd410c49	26791			cypher-graph-id-predicate	64	1	fixture-tika-03	1	0	0	1	0	1	1	1	63	1	0
graph-id-parameter-wrapped-contains-target-19-targeted	graph-id	graph-id-parameter-wrapped-contains	targeted	graph-id-parameter-equals-and-wrapped-contains	parameters	properties	200	fixture-tika-03	fixture-tika-03	1	e68986e5919884640710cc61d8f44310a6d888f55992390edbcc7ae70b8b8fa8	success	11	6327	72232d5a8299b69c619beb4cebd0967a4ca8f1378844d7914f795f7c5126cc48	27667		fixture-tika-03	cypher-graph-id-predicate	64	1	fixture-tika-03	1	0	0	1	0	11	1	1	63	1	0
graph-id-parameter-wrapped-contains-target-19-dense	graph-id	graph-id-parameter-wrapped-contains	dense	graph-id-parameter-equals-and-wrapped-contains	parameters	properties	200	fixture-tika-03	fixture-tika-03	1	e68986e5919884640710cc61d8f44310a6d888f55992390edbcc7ae70b8b8fa8	success	200	96673	6ab8193cda24a8f589b0e7412ffcc3549afc3180a092c899437bb3ef2f8324ef	133167		fixture-tika-03	cypher-graph-id-predicate	64	1	fixture-tika-03	1	0	0	1	0	200	1	1	63	1	0
graph-id-parameter-wrapped-contains-target-20-zero	graph-id	graph-id-parameter-wrapped-contains	zero	graph-id-parameter-equals-and-wrapped-contains	parameters	properties	200	fixture-tika-04	fixture-tika-04	1	2d9d29e96c28d6df21e1933cc2da3a076217ec4c30461070c5e997e04aa952cb	success	0	147	805c8c7334c868e18e2be84be95b83cc60895722d739c2b164a68be4cd410c49	36333			cypher-graph-id-predicate	64	1	fixture-tika-04	1	0	0	1	0	1	1	1	63	1	0
graph-id-parameter-wrapped-contains-target-20-targeted	graph-id	graph-id-parameter-wrapped-contains	targeted	graph-id-parameter-equals-and-wrapped-contains	parameters	properties	200	fixture-tika-04	fixture-tika-04	1	2d9d29e96c28d6df21e1933cc2da3a076217ec4c30461070c5e997e04aa952cb	success	1	763	7811e1c0f64fb9174b112349d7a5f89fec8a71f59a6b66db3b1e97241f5dc93c	30083		fixture-tika-04	cypher-graph-id-predicate	64	1	fixture-tika-04	1	0	0	1	0	1	1	1	63	1	0
graph-id-parameter-wrapped-contains-target-20-dense	graph-id	graph-id-parameter-wrapped-contains	dense	graph-id-parameter-equals-and-wrapped-contains	parameters	properties	200	fixture-tika-04	fixture-tika-04	1	2d9d29e96c28d6df21e1933cc2da3a076217ec4c30461070c5e997e04aa952cb	success	200	91604	a93cd6116bda146e01916f4ab7d54aa664da5b5c2287de109c82d6c48fcd38f8	104000		fixture-tika-04	cypher-graph-id-predicate	64	1	fixture-tika-04	1	0	0	1	0	200	1	1	63	1	0
graph-id-parameter-wrapped-contains-target-21-zero	graph-id	graph-id-parameter-wrapped-contains	zero	graph-id-parameter-equals-and-wrapped-contains	parameters	properties	200	fixture-tika-05	fixture-tika-05	1	a70ca503c8d7edc9fd5b26430e9c4bd9517cfcf9084469733cfeff8a4fef63f8	success	0	147	805c8c7334c868e18e2be84be95b83cc60895722d739c2b164a68be4cd410c49	27250			cypher-graph-id-predicate	64	1	fixture-tika-05	1	0	0	1	0	1	1	1	63	1	0
graph-id-parameter-wrapped-contains-target-21-targeted	graph-id	graph-id-parameter-wrapped-contains	targeted	graph-id-parameter-equals-and-wrapped-contains	parameters	properties	200	fixture-tika-05	fixture-tika-05	1	a70ca503c8d7edc9fd5b26430e9c4bd9517cfcf9084469733cfeff8a4fef63f8	success	1	765	1cf450577b12b3b6a7c19f53479709a92a169add0c4f9defecbc55254bf8d5b3	27917		fixture-tika-05	cypher-graph-id-predicate	64	1	fixture-tika-05	1	0	0	1	0	1	1	1	63	1	0
graph-id-parameter-wrapped-contains-target-21-dense	graph-id	graph-id-parameter-wrapped-contains	dense	graph-id-parameter-equals-and-wrapped-contains	parameters	properties	200	fixture-tika-05	fixture-tika-05	1	a70ca503c8d7edc9fd5b26430e9c4bd9517cfcf9084469733cfeff8a4fef63f8	success	200	96334	eb6b03599a26f520b43896ee6af6cb6d2a3ec0783b66a0bcb29642b029a4b6eb	97584		fixture-tika-05	cypher-graph-id-predicate	64	1	fixture-tika-05	1	0	0	1	0	200	1	1	63	1	0
graph-id-parameter-wrapped-contains-target-22-zero	graph-id	graph-id-parameter-wrapped-contains	zero	graph-id-parameter-equals-and-wrapped-contains	parameters	properties	200	fixture-tika-06	fixture-tika-06	1	629a75c155a37bcac72d6d131b20156694ded2e8aa1abe1c7f03ac03374020b7	success	0	147	805c8c7334c868e18e2be84be95b83cc60895722d739c2b164a68be4cd410c49	30208			cypher-graph-id-predicate	64	1	fixture-tika-06	1	0	0	1	0	1	1	1	63	1	0
graph-id-parameter-wrapped-contains-target-22-targeted	graph-id	graph-id-parameter-wrapped-contains	targeted	graph-id-parameter-equals-and-wrapped-contains	parameters	properties	200	fixture-tika-06	fixture-tika-06	1	629a75c155a37bcac72d6d131b20156694ded2e8aa1abe1c7f03ac03374020b7	success	11	6331	43d88524d9da26840d520d8260a6801a2d864c2023e9806c3df4a5e673a5fd66	29417		fixture-tika-06	cypher-graph-id-predicate	64	1	fixture-tika-06	1	0	0	1	0	11	1	1	63	1	0
graph-id-parameter-wrapped-contains-target-22-dense	graph-id	graph-id-parameter-wrapped-contains	dense	graph-id-parameter-equals-and-wrapped-contains	parameters	properties	200	fixture-tika-06	fixture-tika-06	1	629a75c155a37bcac72d6d131b20156694ded2e8aa1abe1c7f03ac03374020b7	success	200	98397	b1cc908cf8cd6a2354b320afca9ad225990c59be93a53ddc3912afb3b0d46d7b	104000		fixture-tika-06	cypher-graph-id-predicate	64	1	fixture-tika-06	1	0	0	1	0	200	1	1	63	1	0
graph-id-parameter-wrapped-contains-target-23-zero	graph-id	graph-id-parameter-wrapped-contains	zero	graph-id-parameter-equals-and-wrapped-contains	parameters	properties	200	fixture-tika-07	fixture-tika-07	1	1f60bc193af0a0c32ae2bc0a840b7da98c896a5343d2d4a4871500ea55b0d8a0	success	0	147	805c8c7334c868e18e2be84be95b83cc60895722d739c2b164a68be4cd410c49	28959			cypher-graph-id-predicate	64	1	fixture-tika-07	1	0	0	1	0	1	1	1	63	1	0
graph-id-parameter-wrapped-contains-target-23-targeted	graph-id	graph-id-parameter-wrapped-contains	targeted	graph-id-parameter-equals-and-wrapped-contains	parameters	properties	200	fixture-tika-07	fixture-tika-07	1	1f60bc193af0a0c32ae2bc0a840b7da98c896a5343d2d4a4871500ea55b0d8a0	success	11	6135	718b52d4d32659cb9b39b84bdb87d6226a9be4436e73fa316936d1333dfa50c0	23541		fixture-tika-07	cypher-graph-id-predicate	64	1	fixture-tika-07	1	0	0	1	0	11	1	1	63	1	0
graph-id-parameter-wrapped-contains-target-23-dense	graph-id	graph-id-parameter-wrapped-contains	dense	graph-id-parameter-equals-and-wrapped-contains	parameters	properties	200	fixture-tika-07	fixture-tika-07	1	1f60bc193af0a0c32ae2bc0a840b7da98c896a5343d2d4a4871500ea55b0d8a0	success	200	95056	d5aa9163a912371065002f30549de9cefea57af859f009a275e381b0a849633e	178625		fixture-tika-07	cypher-graph-id-predicate	64	1	fixture-tika-07	1	0	0	1	0	200	1	1	63	1	0
graph-id-parameter-wrapped-contains-target-24-zero	graph-id	graph-id-parameter-wrapped-contains	zero	graph-id-parameter-equals-and-wrapped-contains	parameters	properties	200	fixture-tika-08	fixture-tika-08	1	e9768e2189edf3079c0f4ce1fe9374fe3873b9ef6253d25bd7952c9e3f9e2f89	success	0	147	805c8c7334c868e18e2be84be95b83cc60895722d739c2b164a68be4cd410c49	29084			cypher-graph-id-predicate	64	1	fixture-tika-08	1	0	0	1	0	1	1	1	63	1	0
graph-id-parameter-wrapped-contains-target-24-targeted	graph-id	graph-id-parameter-wrapped-contains	targeted	graph-id-parameter-equals-and-wrapped-contains	parameters	properties	200	fixture-tika-08	fixture-tika-08	1	e9768e2189edf3079c0f4ce1fe9374fe3873b9ef6253d25bd7952c9e3f9e2f89	success	1	754	033650595463ffba6f1f515fc8a38ba023fdd37a0e2442442be40f2d8baee0b4	37792		fixture-tika-08	cypher-graph-id-predicate	64	1	fixture-tika-08	1	0	0	1	0	1	1	1	63	1	0
graph-id-parameter-wrapped-contains-target-24-dense	graph-id	graph-id-parameter-wrapped-contains	dense	graph-id-parameter-equals-and-wrapped-contains	parameters	properties	200	fixture-tika-08	fixture-tika-08	1	e9768e2189edf3079c0f4ce1fe9374fe3873b9ef6253d25bd7952c9e3f9e2f89	success	200	96144	13cc3d04be15c5d98101b6676211e0260c08571becd6cbc7be1dcfad1b7efce8	112875		fixture-tika-08	cypher-graph-id-predicate	64	1	fixture-tika-08	1	0	0	1	0	200	1	1	63	1	0
graph-id-parameter-wrapped-contains-target-25-zero	graph-id	graph-id-parameter-wrapped-contains	zero	graph-id-parameter-equals-and-wrapped-contains	parameters	properties	200	fixture-tika-09	fixture-tika-09	1	f96e2b0b7f375cf347f289b0d59b047835095d1452b52dcff16ad07fa5ff5aaa	success	0	147	805c8c7334c868e18e2be84be95b83cc60895722d739c2b164a68be4cd410c49	25792			cypher-graph-id-predicate	64	1	fixture-tika-09	1	0	0	1	0	1	1	1	63	1	0
graph-id-parameter-wrapped-contains-target-25-targeted	graph-id	graph-id-parameter-wrapped-contains	targeted	graph-id-parameter-equals-and-wrapped-contains	parameters	properties	200	fixture-tika-09	fixture-tika-09	1	f96e2b0b7f375cf347f289b0d59b047835095d1452b52dcff16ad07fa5ff5aaa	success	17	9434	57a7fb26e2c1557848eddaabb17076d92c9b2ef2e0ff6b92be3de4374fe1fa9b	37083		fixture-tika-09	cypher-graph-id-predicate	64	1	fixture-tika-09	1	0	0	1	0	17	1	1	63	1	0
graph-id-parameter-wrapped-contains-target-25-dense	graph-id	graph-id-parameter-wrapped-contains	dense	graph-id-parameter-equals-and-wrapped-contains	parameters	properties	200	fixture-tika-09	fixture-tika-09	1	f96e2b0b7f375cf347f289b0d59b047835095d1452b52dcff16ad07fa5ff5aaa	success	200	90260	d606d19bfcb83b224b953bd70176bc52dc06d427ef6ab3d0cc311bc6ed6fc260	171042		fixture-tika-09	cypher-graph-id-predicate	64	1	fixture-tika-09	1	0	0	1	0	200	1	1	63	1	0
graph-id-parameter-wrapped-contains-target-26-zero	graph-id	graph-id-parameter-wrapped-contains	zero	graph-id-parameter-equals-and-wrapped-contains	parameters	properties	200	fixture-tika-10	fixture-tika-10	1	724e820888f0db8884af940cbe8a364f2dce6bfc9b2c72fb09abe933fa439c0c	success	0	147	805c8c7334c868e18e2be84be95b83cc60895722d739c2b164a68be4cd410c49	30208			cypher-graph-id-predicate	64	1	fixture-tika-10	1	0	0	1	0	1	1	1	63	1	0
graph-id-parameter-wrapped-contains-target-26-targeted	graph-id	graph-id-parameter-wrapped-contains	targeted	graph-id-parameter-equals-and-wrapped-contains	parameters	properties	200	fixture-tika-10	fixture-tika-10	1	724e820888f0db8884af940cbe8a364f2dce6bfc9b2c72fb09abe933fa439c0c	success	1	791	550bd45f802381cb65ea30928a856fc0c2bc207cbfc2a147aad4312130548c9a	30083		fixture-tika-10	cypher-graph-id-predicate	64	1	fixture-tika-10	1	0	0	1	0	1	1	1	63	1	0
graph-id-parameter-wrapped-contains-target-26-dense	graph-id	graph-id-parameter-wrapped-contains	dense	graph-id-parameter-equals-and-wrapped-contains	parameters	properties	200	fixture-tika-10	fixture-tika-10	1	724e820888f0db8884af940cbe8a364f2dce6bfc9b2c72fb09abe933fa439c0c	success	200	96089	d0bdae62973cb737c05eda37d83d6fd7dea4520a7f87acdd4ed9a2fba1f97888	164500		fixture-tika-10	cypher-graph-id-predicate	64	1	fixture-tika-10	1	0	0	1	0	200	1	1	63	1	0
graph-id-parameter-wrapped-contains-target-27-zero	graph-id	graph-id-parameter-wrapped-contains	zero	graph-id-parameter-equals-and-wrapped-contains	parameters	properties	200	fixture-tika-11	fixture-tika-11	1	947144f7fe63615dab1057f152a266b87c870ae6b1d136ebead3ef2860ecaaf9	success	0	147	805c8c7334c868e18e2be84be95b83cc60895722d739c2b164a68be4cd410c49	23583			cypher-graph-id-predicate	64	1	fixture-tika-11	1	0	0	1	0	1	1	1	63	1	0
graph-id-parameter-wrapped-contains-target-27-targeted	graph-id	graph-id-parameter-wrapped-contains	targeted	graph-id-parameter-equals-and-wrapped-contains	parameters	properties	200	fixture-tika-11	fixture-tika-11	1	947144f7fe63615dab1057f152a266b87c870ae6b1d136ebead3ef2860ecaaf9	success	14	8030	e1858d468e2cee9daff29f91791894b539cc1c9bfb8d57bb0eaa364a24ec0f04	31458		fixture-tika-11	cypher-graph-id-predicate	64	1	fixture-tika-11	1	0	0	1	0	14	1	1	63	1	0
graph-id-parameter-wrapped-contains-target-27-dense	graph-id	graph-id-parameter-wrapped-contains	dense	graph-id-parameter-equals-and-wrapped-contains	parameters	properties	200	fixture-tika-11	fixture-tika-11	1	947144f7fe63615dab1057f152a266b87c870ae6b1d136ebead3ef2860ecaaf9	success	200	95559	bcb492a91a247979acd291eaea381c0db6d952c0baff29193145ae7356b00907	165500		fixture-tika-11	cypher-graph-id-predicate	64	1	fixture-tika-11	1	0	0	1	0	200	1	1	63	1	0
graph-id-parameter-wrapped-contains-target-28-zero	graph-id	graph-id-parameter-wrapped-contains	zero	graph-id-parameter-equals-and-wrapped-contains	parameters	properties	200	fixture-tika-12	fixture-tika-12	1	333b320af3f398d083e1d44b1a79e54fa546da12ce118f18db6f7cc3387398c8	success	0	147	805c8c7334c868e18e2be84be95b83cc60895722d739c2b164a68be4cd410c49	27458			cypher-graph-id-predicate	64	1	fixture-tika-12	1	0	0	1	0	1	1	1	63	1	0
graph-id-parameter-wrapped-contains-target-28-targeted	graph-id	graph-id-parameter-wrapped-contains	targeted	graph-id-parameter-equals-and-wrapped-contains	parameters	properties	200	fixture-tika-12	fixture-tika-12	1	333b320af3f398d083e1d44b1a79e54fa546da12ce118f18db6f7cc3387398c8	success	12	6370	8871e0dc77f7df7110f742adaac439b8d2f4e912a3a21e1793fda026e0955f9b	28542		fixture-tika-12	cypher-graph-id-predicate	64	1	fixture-tika-12	1	0	0	1	0	12	1	1	63	1	0
graph-id-parameter-wrapped-contains-target-28-dense	graph-id	graph-id-parameter-wrapped-contains	dense	graph-id-parameter-equals-and-wrapped-contains	parameters	properties	200	fixture-tika-12	fixture-tika-12	1	333b320af3f398d083e1d44b1a79e54fa546da12ce118f18db6f7cc3387398c8	success	200	101142	3ec255435f1804ca883e61ce69218b0c9b6812e5f4d6241be813f3a04980ff78	161417		fixture-tika-12	cypher-graph-id-predicate	64	1	fixture-tika-12	1	0	0	1	0	200	1	1	63	1	0
graph-id-parameter-wrapped-contains-target-29-zero	graph-id	graph-id-parameter-wrapped-contains	zero	graph-id-parameter-equals-and-wrapped-contains	parameters	properties	200	fixture-tika-13	fixture-tika-13	1	697a328efd3d35078aa3cf7115b978f697299f7e0612d464eae79dc1cbc3f3c7	success	0	147	805c8c7334c868e18e2be84be95b83cc60895722d739c2b164a68be4cd410c49	25250			cypher-graph-id-predicate	64	1	fixture-tika-13	1	0	0	1	0	1	1	1	63	1	0
graph-id-parameter-wrapped-contains-target-29-targeted	graph-id	graph-id-parameter-wrapped-contains	targeted	graph-id-parameter-equals-and-wrapped-contains	parameters	properties	200	fixture-tika-13	fixture-tika-13	1	697a328efd3d35078aa3cf7115b978f697299f7e0612d464eae79dc1cbc3f3c7	success	1	759	7c9cbf2db3468e4d9ec5f9ce37c29746bb3071949804d250165a0310edd3182c	24167		fixture-tika-13	cypher-graph-id-predicate	64	1	fixture-tika-13	1	0	0	1	0	1	1	1	63	1	0
graph-id-parameter-wrapped-contains-target-29-dense	graph-id	graph-id-parameter-wrapped-contains	dense	graph-id-parameter-equals-and-wrapped-contains	parameters	properties	200	fixture-tika-13	fixture-tika-13	1	697a328efd3d35078aa3cf7115b978f697299f7e0612d464eae79dc1cbc3f3c7	success	200	96005	cb6245f16fc1df4cadc32295db3c94d74d99d6ac24ca00ba686085574c3842f9	91208		fixture-tika-13	cypher-graph-id-predicate	64	1	fixture-tika-13	1	0	0	1	0	200	1	1	63	1	0
graph-id-parameter-wrapped-contains-target-30-zero	graph-id	graph-id-parameter-wrapped-contains	zero	graph-id-parameter-equals-and-wrapped-contains	parameters	properties	200	fixture-tika-14	fixture-tika-14	1	530ac22d92e73256c57c4e234fccac50105308bcc26304451ee74f20a619f7a5	success	0	147	805c8c7334c868e18e2be84be95b83cc60895722d739c2b164a68be4cd410c49	23584			cypher-graph-id-predicate	64	1	fixture-tika-14	1	0	0	1	0	1	1	1	63	1	0
graph-id-parameter-wrapped-contains-target-30-targeted	graph-id	graph-id-parameter-wrapped-contains	targeted	graph-id-parameter-equals-and-wrapped-contains	parameters	properties	200	fixture-tika-14	fixture-tika-14	1	530ac22d92e73256c57c4e234fccac50105308bcc26304451ee74f20a619f7a5	success	10	5866	c85815e1257e7d89a547803b839a8fa3d5c32a25ad93fc4df95c67dd0df38386	28000		fixture-tika-14	cypher-graph-id-predicate	64	1	fixture-tika-14	1	0	0	1	0	10	1	1	63	1	0
graph-id-parameter-wrapped-contains-target-30-dense	graph-id	graph-id-parameter-wrapped-contains	dense	graph-id-parameter-equals-and-wrapped-contains	parameters	properties	200	fixture-tika-14	fixture-tika-14	1	530ac22d92e73256c57c4e234fccac50105308bcc26304451ee74f20a619f7a5	success	200	95471	766b9ef7e8ecf0adce38af75461cc8c431950c6a78cf29871668bb82bbc59681	185292		fixture-tika-14	cypher-graph-id-predicate	64	1	fixture-tika-14	1	0	0	1	0	200	1	1	63	1	0
graph-id-parameter-wrapped-contains-target-31-zero	graph-id	graph-id-parameter-wrapped-contains	zero	graph-id-parameter-equals-and-wrapped-contains	parameters	properties	200	fixture-tika-15	fixture-tika-15	1	80331285783d790177bcaeeebf677e98900445b2273d41781c6e07aa5683a500	success	0	147	805c8c7334c868e18e2be84be95b83cc60895722d739c2b164a68be4cd410c49	35250			cypher-graph-id-predicate	64	1	fixture-tika-15	1	0	0	1	0	1	1	1	63	1	0
graph-id-parameter-wrapped-contains-target-31-targeted	graph-id	graph-id-parameter-wrapped-contains	targeted	graph-id-parameter-equals-and-wrapped-contains	parameters	properties	200	fixture-tika-15	fixture-tika-15	1	80331285783d790177bcaeeebf677e98900445b2273d41781c6e07aa5683a500	success	1	779	5b2641a56fc0d1ce3cad560f98de3ab642d893c5f6c2be5bb57444732d364805	25208		fixture-tika-15	cypher-graph-id-predicate	64	1	fixture-tika-15	1	0	0	1	0	1	1	1	63	1	0
graph-id-parameter-wrapped-contains-target-31-dense	graph-id	graph-id-parameter-wrapped-contains	dense	graph-id-parameter-equals-and-wrapped-contains	parameters	properties	200	fixture-tika-15	fixture-tika-15	1	80331285783d790177bcaeeebf677e98900445b2273d41781c6e07aa5683a500	success	200	90493	6cea2d1b1fba9817e31904018fa5ce3734b41bb641feab5c7c6849206b05e3c1	174250		fixture-tika-15	cypher-graph-id-predicate	64	1	fixture-tika-15	1	0	0	1	0	200	1	1	63	1	0
graph-id-parameter-wrapped-contains-target-32-zero	graph-id	graph-id-parameter-wrapped-contains	zero	graph-id-parameter-equals-and-wrapped-contains	parameters	properties	200	fixture-hive-00	fixture-hive-00	1	ea11677be4d3166ee79e7aa4f8c5ff603c5cb6bb9f65649cfc46854eedb1b466	success	0	147	805c8c7334c868e18e2be84be95b83cc60895722d739c2b164a68be4cd410c49	44416			cypher-graph-id-predicate	64	1	fixture-hive-00	1	0	0	1	0	1	1	1	63	1	0
graph-id-parameter-wrapped-contains-target-32-targeted	graph-id	graph-id-parameter-wrapped-contains	targeted	graph-id-parameter-equals-and-wrapped-contains	parameters	properties	200	fixture-hive-00	fixture-hive-00	1	ea11677be4d3166ee79e7aa4f8c5ff603c5cb6bb9f65649cfc46854eedb1b466	success	4	2862	72e96499d86d64ae9da267f3b15791817d4250f06a8dfea9d09edd8c3c23a440	72041		fixture-hive-00	cypher-graph-id-predicate	64	1	fixture-hive-00	1	0	0	1	0	4	1	1	63	1	0
graph-id-parameter-wrapped-contains-target-32-dense	graph-id	graph-id-parameter-wrapped-contains	dense	graph-id-parameter-equals-and-wrapped-contains	parameters	properties	200	fixture-hive-00	fixture-hive-00	1	ea11677be4d3166ee79e7aa4f8c5ff603c5cb6bb9f65649cfc46854eedb1b466	success	200	92864	0ad6a5ae10cb27d8dd28af205e0df8ebd79b3e1ca0079c8c876100ee108fc38d	112666		fixture-hive-00	cypher-graph-id-predicate	64	1	fixture-hive-00	1	0	0	1	0	200	1	1	63	1	0
graph-id-parameter-wrapped-contains-target-33-zero	graph-id	graph-id-parameter-wrapped-contains	zero	graph-id-parameter-equals-and-wrapped-contains	parameters	properties	200	fixture-hive-01	fixture-hive-01	1	3a9bab8befb64a5c5518ec83add10138c13ae31dfad00b5a26547f3cfc2bf0bb	success	0	147	805c8c7334c868e18e2be84be95b83cc60895722d739c2b164a68be4cd410c49	32417			cypher-graph-id-predicate	64	1	fixture-hive-01	1	0	0	1	0	1	1	1	63	1	0
graph-id-parameter-wrapped-contains-target-33-targeted	graph-id	graph-id-parameter-wrapped-contains	targeted	graph-id-parameter-equals-and-wrapped-contains	parameters	properties	200	fixture-hive-01	fixture-hive-01	1	3a9bab8befb64a5c5518ec83add10138c13ae31dfad00b5a26547f3cfc2bf0bb	success	4	2862	5436abb5d5a82ddf1b71cf6459ce0de5fe56d25b825b58b20bbe8cace9e3cde7	31125		fixture-hive-01	cypher-graph-id-predicate	64	1	fixture-hive-01	1	0	0	1	0	4	1	1	63	1	0
graph-id-parameter-wrapped-contains-target-33-dense	graph-id	graph-id-parameter-wrapped-contains	dense	graph-id-parameter-equals-and-wrapped-contains	parameters	properties	200	fixture-hive-01	fixture-hive-01	1	3a9bab8befb64a5c5518ec83add10138c13ae31dfad00b5a26547f3cfc2bf0bb	success	200	92578	e10f119cab32a77f2d8107211e2addcc69d3ab151ee08f60199ff7a8db9b6a1c	93333		fixture-hive-01	cypher-graph-id-predicate	64	1	fixture-hive-01	1	0	0	1	0	200	1	1	63	1	0
graph-id-parameter-wrapped-contains-target-34-zero	graph-id	graph-id-parameter-wrapped-contains	zero	graph-id-parameter-equals-and-wrapped-contains	parameters	properties	200	fixture-hive-02	fixture-hive-02	1	058d31d4f0a17f6c8e80480702d6c2099e48867673bc0a8d99037f2244a27bbf	success	0	147	805c8c7334c868e18e2be84be95b83cc60895722d739c2b164a68be4cd410c49	30583			cypher-graph-id-predicate	64	1	fixture-hive-02	1	0	0	1	0	1	1	1	63	1	0
graph-id-parameter-wrapped-contains-target-34-targeted	graph-id	graph-id-parameter-wrapped-contains	targeted	graph-id-parameter-equals-and-wrapped-contains	parameters	properties	200	fixture-hive-02	fixture-hive-02	1	058d31d4f0a17f6c8e80480702d6c2099e48867673bc0a8d99037f2244a27bbf	success	4	2883	e83a01bd4b4e8f51ba0c51a53e73f87ec8dd6170bd60b37ef57b4eb9aba8bcc7	24167		fixture-hive-02	cypher-graph-id-predicate	64	1	fixture-hive-02	1	0	0	1	0	4	1	1	63	1	0
graph-id-parameter-wrapped-contains-target-34-dense	graph-id	graph-id-parameter-wrapped-contains	dense	graph-id-parameter-equals-and-wrapped-contains	parameters	properties	200	fixture-hive-02	fixture-hive-02	1	058d31d4f0a17f6c8e80480702d6c2099e48867673bc0a8d99037f2244a27bbf	success	200	94183	b06f89a813919b2f4278637c18773fe7508c48351caa08a76cefe1f54c9b7715	103500		fixture-hive-02	cypher-graph-id-predicate	64	1	fixture-hive-02	1	0	0	1	0	200	1	1	63	1	0
graph-id-parameter-wrapped-contains-target-35-zero	graph-id	graph-id-parameter-wrapped-contains	zero	graph-id-parameter-equals-and-wrapped-contains	parameters	properties	200	fixture-hive-03	fixture-hive-03	1	bc37ba5880a9fc3e89dea2bf6571ad8db10f8c499dfca7c678b831d8edb064fe	success	0	147	805c8c7334c868e18e2be84be95b83cc60895722d739c2b164a68be4cd410c49	29208			cypher-graph-id-predicate	64	1	fixture-hive-03	1	0	0	1	0	1	1	1	63	1	0
graph-id-parameter-wrapped-contains-target-35-targeted	graph-id	graph-id-parameter-wrapped-contains	targeted	graph-id-parameter-equals-and-wrapped-contains	parameters	properties	200	fixture-hive-03	fixture-hive-03	1	bc37ba5880a9fc3e89dea2bf6571ad8db10f8c499dfca7c678b831d8edb064fe	success	1	771	134378d176ef9559b3b9b40557762648c5aa55be889ba8cb2e7f752130b85ab7	24834		fixture-hive-03	cypher-graph-id-predicate	64	1	fixture-hive-03	1	0	0	1	0	1	1	1	63	1	0
graph-id-parameter-wrapped-contains-target-35-dense	graph-id	graph-id-parameter-wrapped-contains	dense	graph-id-parameter-equals-and-wrapped-contains	parameters	properties	200	fixture-hive-03	fixture-hive-03	1	bc37ba5880a9fc3e89dea2bf6571ad8db10f8c499dfca7c678b831d8edb064fe	success	200	91613	71eca3baa7c5adda9a19daaba5b66d08f4d30beebcfc1f6f8f3125a009484e93	164625		fixture-hive-03	cypher-graph-id-predicate	64	1	fixture-hive-03	1	0	0	1	0	200	1	1	63	1	0
graph-id-parameter-wrapped-contains-target-36-zero	graph-id	graph-id-parameter-wrapped-contains	zero	graph-id-parameter-equals-and-wrapped-contains	parameters	properties	200	fixture-hive-04	fixture-hive-04	1	d6abca6af79ede3e783b4b1d1bb2f17c22db5cf0b5c70506d31ea6d33509dcc5	success	0	147	805c8c7334c868e18e2be84be95b83cc60895722d739c2b164a68be4cd410c49	24333			cypher-graph-id-predicate	64	1	fixture-hive-04	1	0	0	1	0	1	1	1	63	1	0
graph-id-parameter-wrapped-contains-target-36-targeted	graph-id	graph-id-parameter-wrapped-contains	targeted	graph-id-parameter-equals-and-wrapped-contains	parameters	properties	200	fixture-hive-04	fixture-hive-04	1	d6abca6af79ede3e783b4b1d1bb2f17c22db5cf0b5c70506d31ea6d33509dcc5	success	1	795	6f5022183da52ea8cb963f17c4b86a6270dc9bfe0ca358e5ec7d6bdf4c95879f	22042		fixture-hive-04	cypher-graph-id-predicate	64	1	fixture-hive-04	1	0	0	1	0	1	1	1	63	1	0
graph-id-parameter-wrapped-contains-target-36-dense	graph-id	graph-id-parameter-wrapped-contains	dense	graph-id-parameter-equals-and-wrapped-contains	parameters	properties	200	fixture-hive-04	fixture-hive-04	1	d6abca6af79ede3e783b4b1d1bb2f17c22db5cf0b5c70506d31ea6d33509dcc5	success	200	91716	5d2df55fe9df550bd17a462dbec1bd958f7c0d5940c160537976ecc80d5cb22f	88750		fixture-hive-04	cypher-graph-id-predicate	64	1	fixture-hive-04	1	0	0	1	0	200	1	1	63	1	0
graph-id-parameter-wrapped-contains-target-37-zero	graph-id	graph-id-parameter-wrapped-contains	zero	graph-id-parameter-equals-and-wrapped-contains	parameters	properties	200	fixture-hive-05	fixture-hive-05	1	f7f4c2e85299b39f0b295436a0a678be80ea1fe4bd065c984fac7e3e79c02a1f	success	0	147	805c8c7334c868e18e2be84be95b83cc60895722d739c2b164a68be4cd410c49	25833			cypher-graph-id-predicate	64	1	fixture-hive-05	1	0	0	1	0	1	1	1	63	1	0
graph-id-parameter-wrapped-contains-target-37-targeted	graph-id	graph-id-parameter-wrapped-contains	targeted	graph-id-parameter-equals-and-wrapped-contains	parameters	properties	200	fixture-hive-05	fixture-hive-05	1	f7f4c2e85299b39f0b295436a0a678be80ea1fe4bd065c984fac7e3e79c02a1f	success	51	31472	b9433fbd59011f3771f14c8abacb0cbca913b3ccb9b85649a8f98d4c6f628703	50375		fixture-hive-05	cypher-graph-id-predicate	64	1	fixture-hive-05	1	0	0	1	0	51	1	1	63	1	0
graph-id-parameter-wrapped-contains-target-37-dense	graph-id	graph-id-parameter-wrapped-contains	dense	graph-id-parameter-equals-and-wrapped-contains	parameters	properties	200	fixture-hive-05	fixture-hive-05	1	f7f4c2e85299b39f0b295436a0a678be80ea1fe4bd065c984fac7e3e79c02a1f	success	200	91795	dbb6e258143695218279e10cbea2bf21ad0c5b1330a8fc3e3470b176ae0b6f42	88000		fixture-hive-05	cypher-graph-id-predicate	64	1	fixture-hive-05	1	0	0	1	0	200	1	1	63	1	0
graph-id-parameter-wrapped-contains-target-38-zero	graph-id	graph-id-parameter-wrapped-contains	zero	graph-id-parameter-equals-and-wrapped-contains	parameters	properties	200	fixture-hive-06	fixture-hive-06	1	ddfe0a17a6b176061c6908248fc9bbb24510f00e8ed40c2c068587464d0ab767	success	0	147	805c8c7334c868e18e2be84be95b83cc60895722d739c2b164a68be4cd410c49	30542			cypher-graph-id-predicate	64	1	fixture-hive-06	1	0	0	1	0	1	1	1	63	1	0
graph-id-parameter-wrapped-contains-target-38-targeted	graph-id	graph-id-parameter-wrapped-contains	targeted	graph-id-parameter-equals-and-wrapped-contains	parameters	properties	200	fixture-hive-06	fixture-hive-06	1	ddfe0a17a6b176061c6908248fc9bbb24510f00e8ed40c2c068587464d0ab767	success	1	801	6e224732564976ab3ad1b488a2dcb0c2a2f84050ab25d529f41b87f4de3c406c	21666		fixture-hive-06	cypher-graph-id-predicate	64	1	fixture-hive-06	1	0	0	1	0	1	1	1	63	1	0
graph-id-parameter-wrapped-contains-target-38-dense	graph-id	graph-id-parameter-wrapped-contains	dense	graph-id-parameter-equals-and-wrapped-contains	parameters	properties	200	fixture-hive-06	fixture-hive-06	1	ddfe0a17a6b176061c6908248fc9bbb24510f00e8ed40c2c068587464d0ab767	success	200	92968	77adda61bf8a66745500e9e1b739302ae425b75af5d5199095bd9c0f56151e04	85125		fixture-hive-06	cypher-graph-id-predicate	64	1	fixture-hive-06	1	0	0	1	0	200	1	1	63	1	0
graph-id-parameter-wrapped-contains-target-39-zero	graph-id	graph-id-parameter-wrapped-contains	zero	graph-id-parameter-equals-and-wrapped-contains	parameters	properties	200	fixture-hive-07	fixture-hive-07	1	5b909537f8397e9b454c56026974d9a0348f5c6147e1f2169fbaaa2eb1645822	success	0	147	805c8c7334c868e18e2be84be95b83cc60895722d739c2b164a68be4cd410c49	25875			cypher-graph-id-predicate	64	1	fixture-hive-07	1	0	0	1	0	1	1	1	63	1	0
graph-id-parameter-wrapped-contains-target-39-targeted	graph-id	graph-id-parameter-wrapped-contains	targeted	graph-id-parameter-equals-and-wrapped-contains	parameters	properties	200	fixture-hive-07	fixture-hive-07	1	5b909537f8397e9b454c56026974d9a0348f5c6147e1f2169fbaaa2eb1645822	success	4	2855	db8e5b7500b38c30ff9ca554407e1c3f066cc32ce80520e31c63fe8f4f34048e	49417		fixture-hive-07	cypher-graph-id-predicate	64	1	fixture-hive-07	1	0	0	1	0	4	1	1	63	1	0
graph-id-parameter-wrapped-contains-target-39-dense	graph-id	graph-id-parameter-wrapped-contains	dense	graph-id-parameter-equals-and-wrapped-contains	parameters	properties	200	fixture-hive-07	fixture-hive-07	1	5b909537f8397e9b454c56026974d9a0348f5c6147e1f2169fbaaa2eb1645822	success	200	91298	153dc7ab9d3d22961d16bfae52d0b5cd4c7d97177e0e57e7c086294f37d00f0f	94416		fixture-hive-07	cypher-graph-id-predicate	64	1	fixture-hive-07	1	0	0	1	0	200	1	1	63	1	0
graph-id-parameter-wrapped-contains-target-40-zero	graph-id	graph-id-parameter-wrapped-contains	zero	graph-id-parameter-equals-and-wrapped-contains	parameters	properties	200	fixture-hive-08	fixture-hive-08	1	a73da7b76b921f77b9fadceff4ca8a9274fa7524e6ce2fb87c035b118fdb9e31	success	0	147	805c8c7334c868e18e2be84be95b83cc60895722d739c2b164a68be4cd410c49	21333			cypher-graph-id-predicate	64	1	fixture-hive-08	1	0	0	1	0	1	1	1	63	1	0
graph-id-parameter-wrapped-contains-target-40-targeted	graph-id	graph-id-parameter-wrapped-contains	targeted	graph-id-parameter-equals-and-wrapped-contains	parameters	properties	200	fixture-hive-08	fixture-hive-08	1	a73da7b76b921f77b9fadceff4ca8a9274fa7524e6ce2fb87c035b118fdb9e31	success	4	2911	6520445594f6fc1d080f2e441beea159540f21b52c555b515dbd7ba1fee2a37f	25250		fixture-hive-08	cypher-graph-id-predicate	64	1	fixture-hive-08	1	0	0	1	0	4	1	1	63	1	0
graph-id-parameter-wrapped-contains-target-40-dense	graph-id	graph-id-parameter-wrapped-contains	dense	graph-id-parameter-equals-and-wrapped-contains	parameters	properties	200	fixture-hive-08	fixture-hive-08	1	a73da7b76b921f77b9fadceff4ca8a9274fa7524e6ce2fb87c035b118fdb9e31	success	200	95189	6547ed796970ad3186785ae6dc7d6b1328d226d1878e5144fdb98c21fcba06f9	90042		fixture-hive-08	cypher-graph-id-predicate	64	1	fixture-hive-08	1	0	0	1	0	200	1	1	63	1	0
graph-id-parameter-wrapped-contains-target-41-zero	graph-id	graph-id-parameter-wrapped-contains	zero	graph-id-parameter-equals-and-wrapped-contains	parameters	properties	200	fixture-hive-09	fixture-hive-09	1	295df7bb9f479be56469bcfb34b70c143d1aff6e47944b80de9fd42e774be779	success	0	147	805c8c7334c868e18e2be84be95b83cc60895722d739c2b164a68be4cd410c49	21167			cypher-graph-id-predicate	64	1	fixture-hive-09	1	0	0	1	0	1	1	1	63	1	0
graph-id-parameter-wrapped-contains-target-41-targeted	graph-id	graph-id-parameter-wrapped-contains	targeted	graph-id-parameter-equals-and-wrapped-contains	parameters	properties	200	fixture-hive-09	fixture-hive-09	1	295df7bb9f479be56469bcfb34b70c143d1aff6e47944b80de9fd42e774be779	success	4	2883	42fd2fd2ff37d34c0cfb2146cde4be9387147a4cc07443bd58969c3f1e25556e	21000		fixture-hive-09	cypher-graph-id-predicate	64	1	fixture-hive-09	1	0	0	1	0	4	1	1	63	1	0
graph-id-parameter-wrapped-contains-target-41-dense	graph-id	graph-id-parameter-wrapped-contains	dense	graph-id-parameter-equals-and-wrapped-contains	parameters	properties	200	fixture-hive-09	fixture-hive-09	1	295df7bb9f479be56469bcfb34b70c143d1aff6e47944b80de9fd42e774be779	success	200	92146	1d23f5a918b6a408d8eae300e7aa799801aecc62fcc85667af567e3c95156cb9	91042		fixture-hive-09	cypher-graph-id-predicate	64	1	fixture-hive-09	1	0	0	1	0	200	1	1	63	1	0
graph-id-parameter-wrapped-contains-target-42-zero	graph-id	graph-id-parameter-wrapped-contains	zero	graph-id-parameter-equals-and-wrapped-contains	parameters	properties	200	fixture-hive-10	fixture-hive-10	1	e942f277a2b44bd11b03bd9380dd5388338721030a1701c31ff2277dd8f8cd9a	success	0	147	805c8c7334c868e18e2be84be95b83cc60895722d739c2b164a68be4cd410c49	27667			cypher-graph-id-predicate	64	1	fixture-hive-10	1	0	0	1	0	1	1	1	63	1	0
graph-id-parameter-wrapped-contains-target-42-targeted	graph-id	graph-id-parameter-wrapped-contains	targeted	graph-id-parameter-equals-and-wrapped-contains	parameters	properties	200	fixture-hive-10	fixture-hive-10	1	e942f277a2b44bd11b03bd9380dd5388338721030a1701c31ff2277dd8f8cd9a	success	63	39077	2d20a012ee335ff72d99f67135e1ac36defbca676c07a298d3df15c7c1e33f7d	53750		fixture-hive-10	cypher-graph-id-predicate	64	1	fixture-hive-10	1	0	0	1	0	63	1	1	63	1	0
graph-id-parameter-wrapped-contains-target-42-dense	graph-id	graph-id-parameter-wrapped-contains	dense	graph-id-parameter-equals-and-wrapped-contains	parameters	properties	200	fixture-hive-10	fixture-hive-10	1	e942f277a2b44bd11b03bd9380dd5388338721030a1701c31ff2277dd8f8cd9a	success	200	93248	bd7a2cfc84011237aca413f8fd4b6ee9130043dc1530bc214cc965d935dc3d88	122458		fixture-hive-10	cypher-graph-id-predicate	64	1	fixture-hive-10	1	0	0	1	0	200	1	1	63	1	0
graph-id-parameter-wrapped-contains-target-43-zero	graph-id	graph-id-parameter-wrapped-contains	zero	graph-id-parameter-equals-and-wrapped-contains	parameters	properties	200	fixture-hive-11	fixture-hive-11	1	fc0779b8fe9d9937d1e4cb4a3dba1379fc83c9a81125f4350e46a986c8531889	success	0	147	805c8c7334c868e18e2be84be95b83cc60895722d739c2b164a68be4cd410c49	43375			cypher-graph-id-predicate	64	1	fixture-hive-11	1	0	0	1	0	1	1	1	63	1	0
graph-id-parameter-wrapped-contains-target-43-targeted	graph-id	graph-id-parameter-wrapped-contains	targeted	graph-id-parameter-equals-and-wrapped-contains	parameters	properties	200	fixture-hive-11	fixture-hive-11	1	fc0779b8fe9d9937d1e4cb4a3dba1379fc83c9a81125f4350e46a986c8531889	success	4	2743	a7aaae25732eb3fc39e7e9697120f6a4534e52262fb153e4201e51d7b31e4606	28959		fixture-hive-11	cypher-graph-id-predicate	64	1	fixture-hive-11	1	0	0	1	0	4	1	1	63	1	0
graph-id-parameter-wrapped-contains-target-43-dense	graph-id	graph-id-parameter-wrapped-contains	dense	graph-id-parameter-equals-and-wrapped-contains	parameters	properties	200	fixture-hive-11	fixture-hive-11	1	fc0779b8fe9d9937d1e4cb4a3dba1379fc83c9a81125f4350e46a986c8531889	success	200	94063	f5c81d8aabcfe449e1a20e1133f0ce5a6c25cde54cfb7e82531ff93f87b6f89e	89125		fixture-hive-11	cypher-graph-id-predicate	64	1	fixture-hive-11	1	0	0	1	0	200	1	1	63	1	0
graph-id-parameter-wrapped-contains-target-44-zero	graph-id	graph-id-parameter-wrapped-contains	zero	graph-id-parameter-equals-and-wrapped-contains	parameters	properties	200	fixture-hive-12	fixture-hive-12	1	b0c62bc41512e26a42d23ec1fd21c12eb0d433e252eed22e92d2246689f7489a	success	0	147	805c8c7334c868e18e2be84be95b83cc60895722d739c2b164a68be4cd410c49	27375			cypher-graph-id-predicate	64	1	fixture-hive-12	1	0	0	1	0	1	1	1	63	1	0
graph-id-parameter-wrapped-contains-target-44-targeted	graph-id	graph-id-parameter-wrapped-contains	targeted	graph-id-parameter-equals-and-wrapped-contains	parameters	properties	200	fixture-hive-12	fixture-hive-12	1	b0c62bc41512e26a42d23ec1fd21c12eb0d433e252eed22e92d2246689f7489a	success	4	2890	b8c7750587d3cb95373de074cba017cf14e5d85811bfc8cc2b49fa06615dc14f	23666		fixture-hive-12	cypher-graph-id-predicate	64	1	fixture-hive-12	1	0	0	1	0	4	1	1	63	1	0
graph-id-parameter-wrapped-contains-target-44-dense	graph-id	graph-id-parameter-wrapped-contains	dense	graph-id-parameter-equals-and-wrapped-contains	parameters	properties	200	fixture-hive-12	fixture-hive-12	1	b0c62bc41512e26a42d23ec1fd21c12eb0d433e252eed22e92d2246689f7489a	success	200	90517	901cb7ad5a7cef604f7264d87d81f85a7b3e521b0175839dd61f15fa140b58cf	82208		fixture-hive-12	cypher-graph-id-predicate	64	1	fixture-hive-12	1	0	0	1	0	200	1	1	63	1	0
graph-id-parameter-wrapped-contains-target-45-zero	graph-id	graph-id-parameter-wrapped-contains	zero	graph-id-parameter-equals-and-wrapped-contains	parameters	properties	200	fixture-hive-13	fixture-hive-13	1	2f758a1599ac4d799ee27ae81f81bfe54bc6240d59e8f003bf5cd782742affd0	success	0	147	805c8c7334c868e18e2be84be95b83cc60895722d739c2b164a68be4cd410c49	36333			cypher-graph-id-predicate	64	1	fixture-hive-13	1	0	0	1	0	1	1	1	63	1	0
graph-id-parameter-wrapped-contains-target-45-targeted	graph-id	graph-id-parameter-wrapped-contains	targeted	graph-id-parameter-equals-and-wrapped-contains	parameters	properties	200	fixture-hive-13	fixture-hive-13	1	2f758a1599ac4d799ee27ae81f81bfe54bc6240d59e8f003bf5cd782742affd0	success	1	807	7a2ea6e6b7c61f333c01be975226570ddf428683fdf6c4eb419e09457718acf9	23125		fixture-hive-13	cypher-graph-id-predicate	64	1	fixture-hive-13	1	0	0	1	0	1	1	1	63	1	0
graph-id-parameter-wrapped-contains-target-45-dense	graph-id	graph-id-parameter-wrapped-contains	dense	graph-id-parameter-equals-and-wrapped-contains	parameters	properties	200	fixture-hive-13	fixture-hive-13	1	2f758a1599ac4d799ee27ae81f81bfe54bc6240d59e8f003bf5cd782742affd0	success	200	92534	8ce2fca3adf975e2913f1d7a0f91465f04ef5e5cdbaaa1f51ca68901be616480	84750		fixture-hive-13	cypher-graph-id-predicate	64	1	fixture-hive-13	1	0	0	1	0	200	1	1	63	1	0
graph-id-parameter-wrapped-contains-target-46-zero	graph-id	graph-id-parameter-wrapped-contains	zero	graph-id-parameter-equals-and-wrapped-contains	parameters	properties	200	fixture-hive-14	fixture-hive-14	1	960cf66cc8af0003002afe076d1f893b29b2a55fabfac7d5316eb3e3b9c46f67	success	0	147	805c8c7334c868e18e2be84be95b83cc60895722d739c2b164a68be4cd410c49	24584			cypher-graph-id-predicate	64	1	fixture-hive-14	1	0	0	1	0	1	1	1	63	1	0
graph-id-parameter-wrapped-contains-target-46-targeted	graph-id	graph-id-parameter-wrapped-contains	targeted	graph-id-parameter-equals-and-wrapped-contains	parameters	properties	200	fixture-hive-14	fixture-hive-14	1	960cf66cc8af0003002afe076d1f893b29b2a55fabfac7d5316eb3e3b9c46f67	success	45	27605	5de372ca8e19ec486456452fc7bd2d9f18c4d7b0beb5e238b24073911e1d2e3a	36542		fixture-hive-14	cypher-graph-id-predicate	64	1	fixture-hive-14	1	0	0	1	0	45	1	1	63	1	0
graph-id-parameter-wrapped-contains-target-46-dense	graph-id	graph-id-parameter-wrapped-contains	dense	graph-id-parameter-equals-and-wrapped-contains	parameters	properties	200	fixture-hive-14	fixture-hive-14	1	960cf66cc8af0003002afe076d1f893b29b2a55fabfac7d5316eb3e3b9c46f67	success	200	96641	3ad39c9167b00424c5957087068cab90d47268c9063b8d9e565113275edd98c8	146083		fixture-hive-14	cypher-graph-id-predicate	64	1	fixture-hive-14	1	0	0	1	0	200	1	1	63	1	0
graph-id-parameter-wrapped-contains-target-47-zero	graph-id	graph-id-parameter-wrapped-contains	zero	graph-id-parameter-equals-and-wrapped-contains	parameters	properties	200	fixture-hive-15	fixture-hive-15	1	d5c3f70f4e04fa9e3851b5ba956c39c64ff3bf4c48028255a069369d65d3e3dc	success	0	147	805c8c7334c868e18e2be84be95b83cc60895722d739c2b164a68be4cd410c49	26292			cypher-graph-id-predicate	64	1	fixture-hive-15	1	0	0	1	0	1	1	1	63	1	0
graph-id-parameter-wrapped-contains-target-47-targeted	graph-id	graph-id-parameter-wrapped-contains	targeted	graph-id-parameter-equals-and-wrapped-contains	parameters	properties	200	fixture-hive-15	fixture-hive-15	1	d5c3f70f4e04fa9e3851b5ba956c39c64ff3bf4c48028255a069369d65d3e3dc	success	66	40159	fcfc173325ae104971344d6daea93c8089a472f712f938cfbd16c519ba82c551	59958		fixture-hive-15	cypher-graph-id-predicate	64	1	fixture-hive-15	1	0	0	1	0	66	1	1	63	1	0
graph-id-parameter-wrapped-contains-target-47-dense	graph-id	graph-id-parameter-wrapped-contains	dense	graph-id-parameter-equals-and-wrapped-contains	parameters	properties	200	fixture-hive-15	fixture-hive-15	1	d5c3f70f4e04fa9e3851b5ba956c39c64ff3bf4c48028255a069369d65d3e3dc	success	200	97359	d162ad37d2e7b659e55cddb63b7d42e922fbd2396ae9679f7648226751bb7a13	99375		fixture-hive-15	cypher-graph-id-predicate	64	1	fixture-hive-15	1	0	0	1	0	200	1	1	63	1	0
graph-id-parameter-wrapped-contains-target-48-zero	graph-id	graph-id-parameter-wrapped-contains	zero	graph-id-parameter-equals-and-wrapped-contains	parameters	properties	200	fixture-kotlin-compiler-00	fixture-kotlin-compiler-00	1	e0590ddba3b9b9f8de79bee6771cc2f41482d9bcf2b6d495c533f4d523602a1c	success	0	147	805c8c7334c868e18e2be84be95b83cc60895722d739c2b164a68be4cd410c49	37875			cypher-graph-id-predicate	64	1	fixture-kotlin-compiler-00	1	0	0	1	0	1	1	1	63	1	0
graph-id-parameter-wrapped-contains-target-48-targeted	graph-id	graph-id-parameter-wrapped-contains	targeted	graph-id-parameter-equals-and-wrapped-contains	parameters	properties	200	fixture-kotlin-compiler-00	fixture-kotlin-compiler-00	1	e0590ddba3b9b9f8de79bee6771cc2f41482d9bcf2b6d495c533f4d523602a1c	success	10	6351	274597a5e0e535d6581734920f9ffbc39062a84a13ad9d85823a8f12df219dfd	37750		fixture-kotlin-compiler-00	cypher-graph-id-predicate	64	1	fixture-kotlin-compiler-00	1	0	0	1	0	10	1	1	63	1	0
graph-id-parameter-wrapped-contains-target-48-dense	graph-id	graph-id-parameter-wrapped-contains	dense	graph-id-parameter-equals-and-wrapped-contains	parameters	properties	200	fixture-kotlin-compiler-00	fixture-kotlin-compiler-00	1	e0590ddba3b9b9f8de79bee6771cc2f41482d9bcf2b6d495c533f4d523602a1c	success	200	97301	4abd067ea3c7496241f2623586a132809a81e33bd08c7645b717be3ee7ee2542	95708		fixture-kotlin-compiler-00	cypher-graph-id-predicate	64	1	fixture-kotlin-compiler-00	1	0	0	1	0	200	1	1	63	1	0
graph-id-parameter-wrapped-contains-target-49-zero	graph-id	graph-id-parameter-wrapped-contains	zero	graph-id-parameter-equals-and-wrapped-contains	parameters	properties	200	fixture-kotlin-compiler-01	fixture-kotlin-compiler-01	1	a2378f34cd746f343988852d75ea5d50b8bfe89e6cd965dacb19b742e3a8c966	success	0	147	805c8c7334c868e18e2be84be95b83cc60895722d739c2b164a68be4cd410c49	43625			cypher-graph-id-predicate	64	1	fixture-kotlin-compiler-01	1	0	0	1	0	1	1	1	63	1	0
graph-id-parameter-wrapped-contains-target-49-targeted	graph-id	graph-id-parameter-wrapped-contains	targeted	graph-id-parameter-equals-and-wrapped-contains	parameters	properties	200	fixture-kotlin-compiler-01	fixture-kotlin-compiler-01	1	a2378f34cd746f343988852d75ea5d50b8bfe89e6cd965dacb19b742e3a8c966	success	4	2598	d72c68d3fe0e8e0257e28136dfcba3f279a31d304b51dc9611dfa7b0f16169a8	26541		fixture-kotlin-compiler-01	cypher-graph-id-predicate	64	1	fixture-kotlin-compiler-01	1	0	0	1	0	4	1	1	63	1	0
graph-id-parameter-wrapped-contains-target-49-dense	graph-id	graph-id-parameter-wrapped-contains	dense	graph-id-parameter-equals-and-wrapped-contains	parameters	properties	200	fixture-kotlin-compiler-01	fixture-kotlin-compiler-01	1	a2378f34cd746f343988852d75ea5d50b8bfe89e6cd965dacb19b742e3a8c966	success	200	95854	6848b85ce01299f2ea05bcca3edaa8c69792c61113aeaea43a401f01793bb61d	92166		fixture-kotlin-compiler-01	cypher-graph-id-predicate	64	1	fixture-kotlin-compiler-01	1	0	0	1	0	200	1	1	63	1	0
graph-id-parameter-wrapped-contains-target-50-zero	graph-id	graph-id-parameter-wrapped-contains	zero	graph-id-parameter-equals-and-wrapped-contains	parameters	properties	200	fixture-kotlin-compiler-02	fixture-kotlin-compiler-02	1	b4996e09ff7c9fb90ce978374faa803d01485382a499402abfd9028048b79bf7	success	0	147	805c8c7334c868e18e2be84be95b83cc60895722d739c2b164a68be4cd410c49	29333			cypher-graph-id-predicate	64	1	fixture-kotlin-compiler-02	1	0	0	1	0	1	1	1	63	1	0
graph-id-parameter-wrapped-contains-target-50-targeted	graph-id	graph-id-parameter-wrapped-contains	targeted	graph-id-parameter-equals-and-wrapped-contains	parameters	properties	200	fixture-kotlin-compiler-02	fixture-kotlin-compiler-02	1	b4996e09ff7c9fb90ce978374faa803d01485382a499402abfd9028048b79bf7	success	1	791	85dd6bfd8cfa28628294c822275e5bb7a279ea8142c47ff362a55c060e68da37	26542		fixture-kotlin-compiler-02	cypher-graph-id-predicate	64	1	fixture-kotlin-compiler-02	1	0	0	1	0	1	1	1	63	1	0
graph-id-parameter-wrapped-contains-target-50-dense	graph-id	graph-id-parameter-wrapped-contains	dense	graph-id-parameter-equals-and-wrapped-contains	parameters	properties	200	fixture-kotlin-compiler-02	fixture-kotlin-compiler-02	1	b4996e09ff7c9fb90ce978374faa803d01485382a499402abfd9028048b79bf7	success	200	91564	fbf180fab82c32493738bb60bb29955d3f45810bb23806d614f71964200069bc	118834		fixture-kotlin-compiler-02	cypher-graph-id-predicate	64	1	fixture-kotlin-compiler-02	1	0	0	1	0	200	1	1	63	1	0
graph-id-parameter-wrapped-contains-target-51-zero	graph-id	graph-id-parameter-wrapped-contains	zero	graph-id-parameter-equals-and-wrapped-contains	parameters	properties	200	fixture-kotlin-compiler-03	fixture-kotlin-compiler-03	1	a2350bbcc2f1ba8738ae72b167e586240ce7149551e3fba11f7a358d11b7801e	success	0	147	805c8c7334c868e18e2be84be95b83cc60895722d739c2b164a68be4cd410c49	35958			cypher-graph-id-predicate	64	1	fixture-kotlin-compiler-03	1	0	0	1	0	1	1	1	63	1	0
graph-id-parameter-wrapped-contains-target-51-targeted	graph-id	graph-id-parameter-wrapped-contains	targeted	graph-id-parameter-equals-and-wrapped-contains	parameters	properties	200	fixture-kotlin-compiler-03	fixture-kotlin-compiler-03	1	a2350bbcc2f1ba8738ae72b167e586240ce7149551e3fba11f7a358d11b7801e	success	1	798	64ae9673d519a121b865dc50f576291bddc3c4c81c474d10cfb9d0da1dce7c60	22583		fixture-kotlin-compiler-03	cypher-graph-id-predicate	64	1	fixture-kotlin-compiler-03	1	0	0	1	0	1	1	1	63	1	0
graph-id-parameter-wrapped-contains-target-51-dense	graph-id	graph-id-parameter-wrapped-contains	dense	graph-id-parameter-equals-and-wrapped-contains	parameters	properties	200	fixture-kotlin-compiler-03	fixture-kotlin-compiler-03	1	a2350bbcc2f1ba8738ae72b167e586240ce7149551e3fba11f7a358d11b7801e	success	200	94730	d508f1cb1d0c5646118a68e8a87c49c66a454661e438e3f033289c173598f51f	77459		fixture-kotlin-compiler-03	cypher-graph-id-predicate	64	1	fixture-kotlin-compiler-03	1	0	0	1	0	200	1	1	63	1	0
graph-id-parameter-wrapped-contains-target-52-zero	graph-id	graph-id-parameter-wrapped-contains	zero	graph-id-parameter-equals-and-wrapped-contains	parameters	properties	200	fixture-kotlin-compiler-04	fixture-kotlin-compiler-04	1	1835d0591826a821b1c4a8a0df21cd273c40697176c253109b1663d9e56d64a0	success	0	147	805c8c7334c868e18e2be84be95b83cc60895722d739c2b164a68be4cd410c49	30167			cypher-graph-id-predicate	64	1	fixture-kotlin-compiler-04	1	0	0	1	0	1	1	1	63	1	0
graph-id-parameter-wrapped-contains-target-52-targeted	graph-id	graph-id-parameter-wrapped-contains	targeted	graph-id-parameter-equals-and-wrapped-contains	parameters	properties	200	fixture-kotlin-compiler-04	fixture-kotlin-compiler-04	1	1835d0591826a821b1c4a8a0df21cd273c40697176c253109b1663d9e56d64a0	success	1	792	6691abe0a1f608719107bf4ffc3fa52632123ab77cb7c2c3c6536cd32de533b1	26250		fixture-kotlin-compiler-04	cypher-graph-id-predicate	64	1	fixture-kotlin-compiler-04	1	0	0	1	0	1	1	1	63	1	0
graph-id-parameter-wrapped-contains-target-52-dense	graph-id	graph-id-parameter-wrapped-contains	dense	graph-id-parameter-equals-and-wrapped-contains	parameters	properties	200	fixture-kotlin-compiler-04	fixture-kotlin-compiler-04	1	1835d0591826a821b1c4a8a0df21cd273c40697176c253109b1663d9e56d64a0	success	200	96891	db4b9bfadbbb61a039e76484090eda57349ec9585a7c795f46793352fb739e7c	80000		fixture-kotlin-compiler-04	cypher-graph-id-predicate	64	1	fixture-kotlin-compiler-04	1	0	0	1	0	200	1	1	63	1	0
graph-id-parameter-wrapped-contains-target-53-zero	graph-id	graph-id-parameter-wrapped-contains	zero	graph-id-parameter-equals-and-wrapped-contains	parameters	properties	200	fixture-kotlin-compiler-05	fixture-kotlin-compiler-05	1	65de36ec09041582c4ff4a57708f099a7d72d4907a327e47ae026767f5ff0db0	success	0	147	805c8c7334c868e18e2be84be95b83cc60895722d739c2b164a68be4cd410c49	26167			cypher-graph-id-predicate	64	1	fixture-kotlin-compiler-05	1	0	0	1	0	1	1	1	63	1	0
graph-id-parameter-wrapped-contains-target-53-targeted	graph-id	graph-id-parameter-wrapped-contains	targeted	graph-id-parameter-equals-and-wrapped-contains	parameters	properties	200	fixture-kotlin-compiler-05	fixture-kotlin-compiler-05	1	65de36ec09041582c4ff4a57708f099a7d72d4907a327e47ae026767f5ff0db0	success	6	3910	d987ccd9722d9cd5492fcbb62423f1a89bb41e05ea0e3fb44e7cc793b9656b12	23917		fixture-kotlin-compiler-05	cypher-graph-id-predicate	64	1	fixture-kotlin-compiler-05	1	0	0	1	0	6	1	1	63	1	0
graph-id-parameter-wrapped-contains-target-53-dense	graph-id	graph-id-parameter-wrapped-contains	dense	graph-id-parameter-equals-and-wrapped-contains	parameters	properties	200	fixture-kotlin-compiler-05	fixture-kotlin-compiler-05	1	65de36ec09041582c4ff4a57708f099a7d72d4907a327e47ae026767f5ff0db0	success	200	94720	c9e7b59e830a820a47234ca1fd54046d1c260db318e05adc24dc748ca7fe29c0	72292		fixture-kotlin-compiler-05	cypher-graph-id-predicate	64	1	fixture-kotlin-compiler-05	1	0	0	1	0	200	1	1	63	1	0
graph-id-parameter-wrapped-contains-target-54-zero	graph-id	graph-id-parameter-wrapped-contains	zero	graph-id-parameter-equals-and-wrapped-contains	parameters	properties	200	fixture-kotlin-compiler-06	fixture-kotlin-compiler-06	1	455e2dea20c33d78ad4888048700c76ead131cc5fff61b1b6745f3cf019d98c7	success	0	147	805c8c7334c868e18e2be84be95b83cc60895722d739c2b164a68be4cd410c49	25875			cypher-graph-id-predicate	64	1	fixture-kotlin-compiler-06	1	0	0	1	0	1	1	1	63	1	0
graph-id-parameter-wrapped-contains-target-54-targeted	graph-id	graph-id-parameter-wrapped-contains	targeted	graph-id-parameter-equals-and-wrapped-contains	parameters	properties	200	fixture-kotlin-compiler-06	fixture-kotlin-compiler-06	1	455e2dea20c33d78ad4888048700c76ead131cc5fff61b1b6745f3cf019d98c7	success	3	1869	5157205e66d4cebff8b628175c555fdb333564013eabc5f496e37f9a4ad2b606	34167		fixture-kotlin-compiler-06	cypher-graph-id-predicate	64	1	fixture-kotlin-compiler-06	1	0	0	1	0	3	1	1	63	1	0
graph-id-parameter-wrapped-contains-target-54-dense	graph-id	graph-id-parameter-wrapped-contains	dense	graph-id-parameter-equals-and-wrapped-contains	parameters	properties	200	fixture-kotlin-compiler-06	fixture-kotlin-compiler-06	1	455e2dea20c33d78ad4888048700c76ead131cc5fff61b1b6745f3cf019d98c7	success	200	92798	60b390f0b190e46f6fd1b4929641c7324c9142e0f18a85bc338e7b41ebe62db5	86541		fixture-kotlin-compiler-06	cypher-graph-id-predicate	64	1	fixture-kotlin-compiler-06	1	0	0	1	0	200	1	1	63	1	0
graph-id-parameter-wrapped-contains-target-55-zero	graph-id	graph-id-parameter-wrapped-contains	zero	graph-id-parameter-equals-and-wrapped-contains	parameters	properties	200	fixture-kotlin-compiler-07	fixture-kotlin-compiler-07	1	6c1c49dd5e3fe90a5fa68f9ab09606732d59b2cb006a42f463d6390d9a27f2a1	success	0	147	805c8c7334c868e18e2be84be95b83cc60895722d739c2b164a68be4cd410c49	21625			cypher-graph-id-predicate	64	1	fixture-kotlin-compiler-07	1	0	0	1	0	1	1	1	63	1	0
graph-id-parameter-wrapped-contains-target-55-targeted	graph-id	graph-id-parameter-wrapped-contains	targeted	graph-id-parameter-equals-and-wrapped-contains	parameters	properties	200	fixture-kotlin-compiler-07	fixture-kotlin-compiler-07	1	6c1c49dd5e3fe90a5fa68f9ab09606732d59b2cb006a42f463d6390d9a27f2a1	success	10	6054	f5c10be5db49f33f0b8307328bfb058b342da4d9241c33217038447620028ab5	25500		fixture-kotlin-compiler-07	cypher-graph-id-predicate	64	1	fixture-kotlin-compiler-07	1	0	0	1	0	10	1	1	63	1	0
graph-id-parameter-wrapped-contains-target-55-dense	graph-id	graph-id-parameter-wrapped-contains	dense	graph-id-parameter-equals-and-wrapped-contains	parameters	properties	200	fixture-kotlin-compiler-07	fixture-kotlin-compiler-07	1	6c1c49dd5e3fe90a5fa68f9ab09606732d59b2cb006a42f463d6390d9a27f2a1	success	200	96112	0f6d4800cdd86ccdf20aab2fe6bd2924f66d70c9fcca46057385e09ba151a798	72250		fixture-kotlin-compiler-07	cypher-graph-id-predicate	64	1	fixture-kotlin-compiler-07	1	0	0	1	0	200	1	1	63	1	0
graph-id-parameter-wrapped-contains-target-56-zero	graph-id	graph-id-parameter-wrapped-contains	zero	graph-id-parameter-equals-and-wrapped-contains	parameters	properties	200	fixture-kotlin-compiler-08	fixture-kotlin-compiler-08	1	37be466842d1f239df76fe55e92f6769fc0b2d6e47e43f0020c40a8ce8422cb0	success	0	147	805c8c7334c868e18e2be84be95b83cc60895722d739c2b164a68be4cd410c49	23834			cypher-graph-id-predicate	64	1	fixture-kotlin-compiler-08	1	0	0	1	0	1	1	1	63	1	0
graph-id-parameter-wrapped-contains-target-56-targeted	graph-id	graph-id-parameter-wrapped-contains	targeted	graph-id-parameter-equals-and-wrapped-contains	parameters	properties	200	fixture-kotlin-compiler-08	fixture-kotlin-compiler-08	1	37be466842d1f239df76fe55e92f6769fc0b2d6e47e43f0020c40a8ce8422cb0	success	1	802	7ebbe5301915ad5c39692b733c3f39851576d09270c89f830b9e80b342a866f6	28750		fixture-kotlin-compiler-08	cypher-graph-id-predicate	64	1	fixture-kotlin-compiler-08	1	0	0	1	0	1	1	1	63	1	0
graph-id-parameter-wrapped-contains-target-56-dense	graph-id	graph-id-parameter-wrapped-contains	dense	graph-id-parameter-equals-and-wrapped-contains	parameters	properties	200	fixture-kotlin-compiler-08	fixture-kotlin-compiler-08	1	37be466842d1f239df76fe55e92f6769fc0b2d6e47e43f0020c40a8ce8422cb0	success	200	93704	b778fc4edfb3c1031b90b2d3d121fd31958733afdc68d3f1cde538a17b738328	78583		fixture-kotlin-compiler-08	cypher-graph-id-predicate	64	1	fixture-kotlin-compiler-08	1	0	0	1	0	200	1	1	63	1	0
graph-id-parameter-wrapped-contains-target-57-zero	graph-id	graph-id-parameter-wrapped-contains	zero	graph-id-parameter-equals-and-wrapped-contains	parameters	properties	200	fixture-kotlin-compiler-09	fixture-kotlin-compiler-09	1	5bacb6648bba38e91cc033e69d42538b040b89f913b58ee2afebb53ba8d35c57	success	0	147	805c8c7334c868e18e2be84be95b83cc60895722d739c2b164a68be4cd410c49	21875			cypher-graph-id-predicate	64	1	fixture-kotlin-compiler-09	1	0	0	1	0	1	1	1	63	1	0
graph-id-parameter-wrapped-contains-target-57-targeted	graph-id	graph-id-parameter-wrapped-contains	targeted	graph-id-parameter-equals-and-wrapped-contains	parameters	properties	200	fixture-kotlin-compiler-09	fixture-kotlin-compiler-09	1	5bacb6648bba38e91cc033e69d42538b040b89f913b58ee2afebb53ba8d35c57	success	1	765	0812dc51126311be5cac082c5d39676905cd9a0811e6a08f17ec6343dc843471	27208		fixture-kotlin-compiler-09	cypher-graph-id-predicate	64	1	fixture-kotlin-compiler-09	1	0	0	1	0	1	1	1	63	1	0
graph-id-parameter-wrapped-contains-target-57-dense	graph-id	graph-id-parameter-wrapped-contains	dense	graph-id-parameter-equals-and-wrapped-contains	parameters	properties	200	fixture-kotlin-compiler-09	fixture-kotlin-compiler-09	1	5bacb6648bba38e91cc033e69d42538b040b89f913b58ee2afebb53ba8d35c57	success	200	99258	415f437224f091ed04a72fa493ee405ec437acfcfdf54dee50789c56e5356f10	80584		fixture-kotlin-compiler-09	cypher-graph-id-predicate	64	1	fixture-kotlin-compiler-09	1	0	0	1	0	200	1	1	63	1	0
graph-id-parameter-wrapped-contains-target-58-zero	graph-id	graph-id-parameter-wrapped-contains	zero	graph-id-parameter-equals-and-wrapped-contains	parameters	properties	200	fixture-kotlin-compiler-10	fixture-kotlin-compiler-10	1	634f1070c869c5f39ed7722d97b19c8976bc7fee623a8cfc705bcdd955e20759	success	0	147	805c8c7334c868e18e2be84be95b83cc60895722d739c2b164a68be4cd410c49	22416			cypher-graph-id-predicate	64	1	fixture-kotlin-compiler-10	1	0	0	1	0	1	1	1	63	1	0
graph-id-parameter-wrapped-contains-target-58-targeted	graph-id	graph-id-parameter-wrapped-contains	targeted	graph-id-parameter-equals-and-wrapped-contains	parameters	properties	200	fixture-kotlin-compiler-10	fixture-kotlin-compiler-10	1	634f1070c869c5f39ed7722d97b19c8976bc7fee623a8cfc705bcdd955e20759	success	12	7029	1df616dc12f8aa99df8ef1921ad6c878afdd2d37362d488527ffbb7ddbe7f6e3	22125		fixture-kotlin-compiler-10	cypher-graph-id-predicate	64	1	fixture-kotlin-compiler-10	1	0	0	1	0	12	1	1	63	1	0
graph-id-parameter-wrapped-contains-target-58-dense	graph-id	graph-id-parameter-wrapped-contains	dense	graph-id-parameter-equals-and-wrapped-contains	parameters	properties	200	fixture-kotlin-compiler-10	fixture-kotlin-compiler-10	1	634f1070c869c5f39ed7722d97b19c8976bc7fee623a8cfc705bcdd955e20759	success	200	94948	3f3fd3df372307937afdfd0915ce035266497833c5712760faf456eece659c97	71958		fixture-kotlin-compiler-10	cypher-graph-id-predicate	64	1	fixture-kotlin-compiler-10	1	0	0	1	0	200	1	1	63	1	0
graph-id-parameter-wrapped-contains-target-59-zero	graph-id	graph-id-parameter-wrapped-contains	zero	graph-id-parameter-equals-and-wrapped-contains	parameters	properties	200	fixture-kotlin-compiler-11	fixture-kotlin-compiler-11	1	9e1bbfe33d12ec072b828f417bb9dcdab26d7daecb14898f31eb2d73cdaff93c	success	0	147	805c8c7334c868e18e2be84be95b83cc60895722d739c2b164a68be4cd410c49	22416			cypher-graph-id-predicate	64	1	fixture-kotlin-compiler-11	1	0	0	1	0	1	1	1	63	1	0
graph-id-parameter-wrapped-contains-target-59-targeted	graph-id	graph-id-parameter-wrapped-contains	targeted	graph-id-parameter-equals-and-wrapped-contains	parameters	properties	200	fixture-kotlin-compiler-11	fixture-kotlin-compiler-11	1	9e1bbfe33d12ec072b828f417bb9dcdab26d7daecb14898f31eb2d73cdaff93c	success	11	6729	3d47749a3f582c73a2df58bf3f9b3beed9c001af5d9bd91af1d30abe76d3f524	109041		fixture-kotlin-compiler-11	cypher-graph-id-predicate	64	1	fixture-kotlin-compiler-11	1	0	0	1	0	11	1	1	63	1	0
graph-id-parameter-wrapped-contains-target-59-dense	graph-id	graph-id-parameter-wrapped-contains	dense	graph-id-parameter-equals-and-wrapped-contains	parameters	properties	200	fixture-kotlin-compiler-11	fixture-kotlin-compiler-11	1	9e1bbfe33d12ec072b828f417bb9dcdab26d7daecb14898f31eb2d73cdaff93c	success	200	89429	54106029dd8c0484e4d4612954bdb30eebd525f910018413d1ee09bf2ea5c8ac	147250		fixture-kotlin-compiler-11	cypher-graph-id-predicate	64	1	fixture-kotlin-compiler-11	1	0	0	1	0	200	1	1	63	1	0
graph-id-parameter-wrapped-contains-target-60-zero	graph-id	graph-id-parameter-wrapped-contains	zero	graph-id-parameter-equals-and-wrapped-contains	parameters	properties	200	fixture-kotlin-compiler-12	fixture-kotlin-compiler-12	1	45b0266366bbda196d2004ab993b070c325a01ec90b2c254cb7a89f0070e843a	success	0	147	805c8c7334c868e18e2be84be95b83cc60895722d739c2b164a68be4cd410c49	34792			cypher-graph-id-predicate	64	1	fixture-kotlin-compiler-12	1	0	0	1	0	1	1	1	63	1	0
graph-id-parameter-wrapped-contains-target-60-targeted	graph-id	graph-id-parameter-wrapped-contains	targeted	graph-id-parameter-equals-and-wrapped-contains	parameters	properties	200	fixture-kotlin-compiler-12	fixture-kotlin-compiler-12	1	45b0266366bbda196d2004ab993b070c325a01ec90b2c254cb7a89f0070e843a	success	13	7599	88379c6b80e2b23974c6b6a1e2c6fc3f3680ec705c71b7cecbc9a2228bf7fa26	32750		fixture-kotlin-compiler-12	cypher-graph-id-predicate	64	1	fixture-kotlin-compiler-12	1	0	0	1	0	13	1	1	63	1	0
graph-id-parameter-wrapped-contains-target-60-dense	graph-id	graph-id-parameter-wrapped-contains	dense	graph-id-parameter-equals-and-wrapped-contains	parameters	properties	200	fixture-kotlin-compiler-12	fixture-kotlin-compiler-12	1	45b0266366bbda196d2004ab993b070c325a01ec90b2c254cb7a89f0070e843a	success	200	94040	5d662b90e716477fff887768402c85462026d6042e22f1d7fafdb565b9f9efc8	92834		fixture-kotlin-compiler-12	cypher-graph-id-predicate	64	1	fixture-kotlin-compiler-12	1	0	0	1	0	200	1	1	63	1	0
graph-id-parameter-wrapped-contains-target-61-zero	graph-id	graph-id-parameter-wrapped-contains	zero	graph-id-parameter-equals-and-wrapped-contains	parameters	properties	200	fixture-kotlin-compiler-13	fixture-kotlin-compiler-13	1	aedca61396c53e1f40a6a8408974c2e44a02b0dd40978618ab51b02da9ecb430	success	0	147	805c8c7334c868e18e2be84be95b83cc60895722d739c2b164a68be4cd410c49	29042			cypher-graph-id-predicate	64	1	fixture-kotlin-compiler-13	1	0	0	1	0	1	1	1	63	1	0
graph-id-parameter-wrapped-contains-target-61-targeted	graph-id	graph-id-parameter-wrapped-contains	targeted	graph-id-parameter-equals-and-wrapped-contains	parameters	properties	200	fixture-kotlin-compiler-13	fixture-kotlin-compiler-13	1	aedca61396c53e1f40a6a8408974c2e44a02b0dd40978618ab51b02da9ecb430	success	8	5180	b6f5bd5828bd66e4f09f8198b509f3673986060cf32e2725dff13d9bcb4d6e9b	31208		fixture-kotlin-compiler-13	cypher-graph-id-predicate	64	1	fixture-kotlin-compiler-13	1	0	0	1	0	8	1	1	63	1	0
graph-id-parameter-wrapped-contains-target-61-dense	graph-id	graph-id-parameter-wrapped-contains	dense	graph-id-parameter-equals-and-wrapped-contains	parameters	properties	200	fixture-kotlin-compiler-13	fixture-kotlin-compiler-13	1	aedca61396c53e1f40a6a8408974c2e44a02b0dd40978618ab51b02da9ecb430	success	200	93638	00f9fdf9bf9dc94ccc0d67b35cb45c01a8e623cfaedfdb70da1cc1bfa69daf82	81042		fixture-kotlin-compiler-13	cypher-graph-id-predicate	64	1	fixture-kotlin-compiler-13	1	0	0	1	0	200	1	1	63	1	0
graph-id-parameter-wrapped-contains-target-62-zero	graph-id	graph-id-parameter-wrapped-contains	zero	graph-id-parameter-equals-and-wrapped-contains	parameters	properties	200	fixture-kotlin-compiler-14	fixture-kotlin-compiler-14	1	7f28ad9f946e8d01109ca70944e08883f52dd5c6cb287fa2d5fade1909b610b0	success	0	147	805c8c7334c868e18e2be84be95b83cc60895722d739c2b164a68be4cd410c49	31709			cypher-graph-id-predicate	64	1	fixture-kotlin-compiler-14	1	0	0	1	0	1	1	1	63	1	0
graph-id-parameter-wrapped-contains-target-62-targeted	graph-id	graph-id-parameter-wrapped-contains	targeted	graph-id-parameter-equals-and-wrapped-contains	parameters	properties	200	fixture-kotlin-compiler-14	fixture-kotlin-compiler-14	1	7f28ad9f946e8d01109ca70944e08883f52dd5c6cb287fa2d5fade1909b610b0	success	1	877	f04b3035acb1285487cb68f126c796fd316b35c6ce630f1e71efd88436bf28f2	28125		fixture-kotlin-compiler-14	cypher-graph-id-predicate	64	1	fixture-kotlin-compiler-14	1	0	0	1	0	1	1	1	63	1	0
graph-id-parameter-wrapped-contains-target-62-dense	graph-id	graph-id-parameter-wrapped-contains	dense	graph-id-parameter-equals-and-wrapped-contains	parameters	properties	200	fixture-kotlin-compiler-14	fixture-kotlin-compiler-14	1	7f28ad9f946e8d01109ca70944e08883f52dd5c6cb287fa2d5fade1909b610b0	success	200	97449	f19574ac46a01dafc16136d9e8c4835b8d40c72753078eb8a67a1d7d438dd937	90750		fixture-kotlin-compiler-14	cypher-graph-id-predicate	64	1	fixture-kotlin-compiler-14	1	0	0	1	0	200	1	1	63	1	0
graph-id-parameter-wrapped-contains-target-63-zero	graph-id	graph-id-parameter-wrapped-contains	zero	graph-id-parameter-equals-and-wrapped-contains	parameters	properties	200	fixture-kotlin-compiler-15	fixture-kotlin-compiler-15	1	86015e396789c5c1cf86d1df3b0b97987a7b461bfcfb129491f3d758793d1d65	success	0	147	805c8c7334c868e18e2be84be95b83cc60895722d739c2b164a68be4cd410c49	61875			cypher-graph-id-predicate	64	1	fixture-kotlin-compiler-15	1	0	0	1	0	1	1	1	63	1	0
graph-id-parameter-wrapped-contains-target-63-targeted	graph-id	graph-id-parameter-wrapped-contains	targeted	graph-id-parameter-equals-and-wrapped-contains	parameters	properties	200	fixture-kotlin-compiler-15	fixture-kotlin-compiler-15	1	86015e396789c5c1cf86d1df3b0b97987a7b461bfcfb129491f3d758793d1d65	success	1	778	1734729b6952d2a8eff267ca86b458aa4fd5e0c703c1fa60dd66478cd3c49356	24250		fixture-kotlin-compiler-15	cypher-graph-id-predicate	64	1	fixture-kotlin-compiler-15	1	0	0	1	0	1	1	1	63	1	0
graph-id-parameter-wrapped-contains-target-63-dense	graph-id	graph-id-parameter-wrapped-contains	dense	graph-id-parameter-equals-and-wrapped-contains	parameters	properties	200	fixture-kotlin-compiler-15	fixture-kotlin-compiler-15	1	86015e396789c5c1cf86d1df3b0b97987a7b461bfcfb129491f3d758793d1d65	success	200	91412	082721be4b0e9234c67505fe172c638dcb4ef8924db9c6264a191473dfc4e443	76833		fixture-kotlin-compiler-15	cypher-graph-id-predicate	64	1	fixture-kotlin-compiler-15	1	0	0	1	0	200	1	1	63	1	0
request-selected-source-wrapped-contains-target-00-zero	graph-parameter	request-selected-source-wrapped-contains	zero	request-graph-selection-and-wrapped-contains	request-selected-source	properties	200	fixture-android-00	fixture-android-00	1	47c5f2f8275ab2447995a1b45a36cd5b0b70e258e0f75934abd1f0cef5c2b93e	success	0	147	805c8c7334c868e18e2be84be95b83cc60895722d739c2b164a68be4cd410c49	71625			request-selected-source	1	1	fixture-android-00	1	0	0	1	0	1	0	0	0	1	0
request-selected-source-wrapped-contains-target-00-targeted	graph-parameter	request-selected-source-wrapped-contains	targeted	request-graph-selection-and-wrapped-contains	request-selected-source	properties	200	fixture-android-00	fixture-android-00	1	47c5f2f8275ab2447995a1b45a36cd5b0b70e258e0f75934abd1f0cef5c2b93e	success	10	5730	00c81103244dc6d42abdc3894d771e5a24957dcf7e5ad4d8dc686b1d7e0cb89e	46791		fixture-android-00	request-selected-source	1	1	fixture-android-00	1	0	0	1	0	10	0	0	0	1	0
request-selected-source-wrapped-contains-target-00-dense	graph-parameter	request-selected-source-wrapped-contains	dense	request-graph-selection-and-wrapped-contains	request-selected-source	properties	200	fixture-android-00	fixture-android-00	1	47c5f2f8275ab2447995a1b45a36cd5b0b70e258e0f75934abd1f0cef5c2b93e	success	200	84411	3bdee68309e62bee93f47848258ded90b1763d55841fa57d8b8fd21867653c44	89333		fixture-android-00	request-selected-source	1	1	fixture-android-00	1	0	0	1	0	200	0	0	0	1	0
request-selected-source-wrapped-contains-target-01-zero	graph-parameter	request-selected-source-wrapped-contains	zero	request-graph-selection-and-wrapped-contains	request-selected-source	properties	200	fixture-android-01	fixture-android-01	1	e4528616b87301f557512ab9d9e4e598561300f98d2e85100725c35158534ecc	success	0	147	805c8c7334c868e18e2be84be95b83cc60895722d739c2b164a68be4cd410c49	37916			request-selected-source	1	1	fixture-android-01	1	0	0	1	0	1	0	0	0	1	0
request-selected-source-wrapped-contains-target-01-targeted	graph-parameter	request-selected-source-wrapped-contains	targeted	request-graph-selection-and-wrapped-contains	request-selected-source	properties	200	fixture-android-01	fixture-android-01	1	e4528616b87301f557512ab9d9e4e598561300f98d2e85100725c35158534ecc	success	1	758	b33173a678013ac093c95f3fccc5cd5af96ea18082387e1fc872de4817e234b2	34000		fixture-android-01	request-selected-source	1	1	fixture-android-01	1	0	0	1	0	1	0	0	0	1	0
request-selected-source-wrapped-contains-target-01-dense	graph-parameter	request-selected-source-wrapped-contains	dense	request-graph-selection-and-wrapped-contains	request-selected-source	properties	200	fixture-android-01	fixture-android-01	1	e4528616b87301f557512ab9d9e4e598561300f98d2e85100725c35158534ecc	success	200	84093	d9daf98f04e06930dfeb91ddd4e8ae597b8f9154e54ac1018db6a25ea8ddd84f	104791		fixture-android-01	request-selected-source	1	1	fixture-android-01	1	0	0	1	0	200	0	0	0	1	0
request-selected-source-wrapped-contains-target-02-zero	graph-parameter	request-selected-source-wrapped-contains	zero	request-graph-selection-and-wrapped-contains	request-selected-source	properties	200	fixture-android-02	fixture-android-02	1	1a026780ab945a978bf2d821f0728dd8a679a4b4838c8a3b7703d006d3fae584	success	0	147	805c8c7334c868e18e2be84be95b83cc60895722d739c2b164a68be4cd410c49	35458			request-selected-source	1	1	fixture-android-02	1	0	0	1	0	1	0	0	0	1	0
request-selected-source-wrapped-contains-target-02-targeted	graph-parameter	request-selected-source-wrapped-contains	targeted	request-graph-selection-and-wrapped-contains	request-selected-source	properties	200	fixture-android-02	fixture-android-02	1	1a026780ab945a978bf2d821f0728dd8a679a4b4838c8a3b7703d006d3fae584	success	9	5751	0754b66fd035110585cc31e6af555127395a9cd85c413f0a859de6b596c3b70d	33917		fixture-android-02	request-selected-source	1	1	fixture-android-02	1	0	0	1	0	9	0	0	0	1	0
request-selected-source-wrapped-contains-target-02-dense	graph-parameter	request-selected-source-wrapped-contains	dense	request-graph-selection-and-wrapped-contains	request-selected-source	properties	200	fixture-android-02	fixture-android-02	1	1a026780ab945a978bf2d821f0728dd8a679a4b4838c8a3b7703d006d3fae584	success	200	86930	a289774d080329d12351d967c614eae9b16190b55970a757b1f268e21aee3975	77291		fixture-android-02	request-selected-source	1	1	fixture-android-02	1	0	0	1	0	200	0	0	0	1	0
request-selected-source-wrapped-contains-target-03-zero	graph-parameter	request-selected-source-wrapped-contains	zero	request-graph-selection-and-wrapped-contains	request-selected-source	properties	200	fixture-android-03	fixture-android-03	1	3a085dec137def84e2f0fd6c417ca6216ad5c22c415250ab8d225957a37eb876	success	0	147	805c8c7334c868e18e2be84be95b83cc60895722d739c2b164a68be4cd410c49	25417			request-selected-source	1	1	fixture-android-03	1	0	0	1	0	1	0	0	0	1	0
request-selected-source-wrapped-contains-target-03-targeted	graph-parameter	request-selected-source-wrapped-contains	targeted	request-graph-selection-and-wrapped-contains	request-selected-source	properties	200	fixture-android-03	fixture-android-03	1	3a085dec137def84e2f0fd6c417ca6216ad5c22c415250ab8d225957a37eb876	success	2	1333	77f2da9b0b5a99e6332b957b281149f5e269d152177e36aaa74e86db4bc23bf9	24416		fixture-android-03	request-selected-source	1	1	fixture-android-03	1	0	0	1	0	2	0	0	0	1	0
request-selected-source-wrapped-contains-target-03-dense	graph-parameter	request-selected-source-wrapped-contains	dense	request-graph-selection-and-wrapped-contains	request-selected-source	properties	200	fixture-android-03	fixture-android-03	1	3a085dec137def84e2f0fd6c417ca6216ad5c22c415250ab8d225957a37eb876	success	200	85151	08fbf5fde8e917175e0dca625983535621218120265897bdd0781fe99669b859	74584		fixture-android-03	request-selected-source	1	1	fixture-android-03	1	0	0	1	0	200	0	0	0	1	0
request-selected-source-wrapped-contains-target-04-zero	graph-parameter	request-selected-source-wrapped-contains	zero	request-graph-selection-and-wrapped-contains	request-selected-source	properties	200	fixture-android-04	fixture-android-04	1	72b2db3813782b7057457474cb692d1ab65cbced9ccd76e7a6348806a1a0fdd6	success	0	147	805c8c7334c868e18e2be84be95b83cc60895722d739c2b164a68be4cd410c49	29125			request-selected-source	1	1	fixture-android-04	1	0	0	1	0	1	0	0	0	1	0
request-selected-source-wrapped-contains-target-04-targeted	graph-parameter	request-selected-source-wrapped-contains	targeted	request-graph-selection-and-wrapped-contains	request-selected-source	properties	200	fixture-android-04	fixture-android-04	1	72b2db3813782b7057457474cb692d1ab65cbced9ccd76e7a6348806a1a0fdd6	success	9	5762	527d81de9e8ca9f5fe9ad0166e1e1711fbccaf3c53281e7e95375f6d55e3a3c7	28292		fixture-android-04	request-selected-source	1	1	fixture-android-04	1	0	0	1	0	9	0	0	0	1	0
request-selected-source-wrapped-contains-target-04-dense	graph-parameter	request-selected-source-wrapped-contains	dense	request-graph-selection-and-wrapped-contains	request-selected-source	properties	200	fixture-android-04	fixture-android-04	1	72b2db3813782b7057457474cb692d1ab65cbced9ccd76e7a6348806a1a0fdd6	success	200	86152	85d9bac3392391ae56f1f03af81d888f398336c8e33a1ef1e42c5409f746f730	253917		fixture-android-04	request-selected-source	1	1	fixture-android-04	1	0	0	1	0	200	0	0	0	1	0
request-selected-source-wrapped-contains-target-05-zero	graph-parameter	request-selected-source-wrapped-contains	zero	request-graph-selection-and-wrapped-contains	request-selected-source	properties	200	fixture-android-05	fixture-android-05	1	9ccc65db4edf2ad696714957f6291e11ba1a158b062c135b909367736aa1cb91	success	0	147	805c8c7334c868e18e2be84be95b83cc60895722d739c2b164a68be4cd410c49	38458			request-selected-source	1	1	fixture-android-05	1	0	0	1	0	1	0	0	0	1	0
request-selected-source-wrapped-contains-target-05-targeted	graph-parameter	request-selected-source-wrapped-contains	targeted	request-graph-selection-and-wrapped-contains	request-selected-source	properties	200	fixture-android-05	fixture-android-05	1	9ccc65db4edf2ad696714957f6291e11ba1a158b062c135b909367736aa1cb91	success	9	5751	48fbef6ae3373a73cfbd3690497aae4d0773c2f4ddadb5d217061398978bcac5	35250		fixture-android-05	request-selected-source	1	1	fixture-android-05	1	0	0	1	0	9	0	0	0	1	0
request-selected-source-wrapped-contains-target-05-dense	graph-parameter	request-selected-source-wrapped-contains	dense	request-graph-selection-and-wrapped-contains	request-selected-source	properties	200	fixture-android-05	fixture-android-05	1	9ccc65db4edf2ad696714957f6291e11ba1a158b062c135b909367736aa1cb91	success	200	90860	57ae61ccbdbf1e83a9ab8de2923c4ac26bcc634ed53a2f1c1a3ee3682afe8cd8	91041		fixture-android-05	request-selected-source	1	1	fixture-android-05	1	0	0	1	0	200	0	0	0	1	0
request-selected-source-wrapped-contains-target-06-zero	graph-parameter	request-selected-source-wrapped-contains	zero	request-graph-selection-and-wrapped-contains	request-selected-source	properties	200	fixture-android-06	fixture-android-06	1	aef2397f89755e0b59e944f9b6062fb5611eea3ea4b05762643e082168bd9526	success	0	147	805c8c7334c868e18e2be84be95b83cc60895722d739c2b164a68be4cd410c49	30792			request-selected-source	1	1	fixture-android-06	1	0	0	1	0	1	0	0	0	1	0
request-selected-source-wrapped-contains-target-06-targeted	graph-parameter	request-selected-source-wrapped-contains	targeted	request-graph-selection-and-wrapped-contains	request-selected-source	properties	200	fixture-android-06	fixture-android-06	1	aef2397f89755e0b59e944f9b6062fb5611eea3ea4b05762643e082168bd9526	success	1	734	2c8962bfda6df26238f145f32f089e1ccdb69cc26ea9c2fde590f543638ba060	25708		fixture-android-06	request-selected-source	1	1	fixture-android-06	1	0	0	1	0	1	0	0	0	1	0
request-selected-source-wrapped-contains-target-06-dense	graph-parameter	request-selected-source-wrapped-contains	dense	request-graph-selection-and-wrapped-contains	request-selected-source	properties	200	fixture-android-06	fixture-android-06	1	aef2397f89755e0b59e944f9b6062fb5611eea3ea4b05762643e082168bd9526	success	200	83941	f7f169fb4cd9a2408b058d9e03502907fe0d9372ba70f2f3749aeaffa464e292	75000		fixture-android-06	request-selected-source	1	1	fixture-android-06	1	0	0	1	0	200	0	0	0	1	0
request-selected-source-wrapped-contains-target-07-zero	graph-parameter	request-selected-source-wrapped-contains	zero	request-graph-selection-and-wrapped-contains	request-selected-source	properties	200	fixture-android-07	fixture-android-07	1	2884fe5070e6e70bd2c44e54af37c56e2cfd19343a8721d5b36093d7d1db0f7d	success	0	147	805c8c7334c868e18e2be84be95b83cc60895722d739c2b164a68be4cd410c49	27500			request-selected-source	1	1	fixture-android-07	1	0	0	1	0	1	0	0	0	1	0
request-selected-source-wrapped-contains-target-07-targeted	graph-parameter	request-selected-source-wrapped-contains	targeted	request-graph-selection-and-wrapped-contains	request-selected-source	properties	200	fixture-android-07	fixture-android-07	1	2884fe5070e6e70bd2c44e54af37c56e2cfd19343a8721d5b36093d7d1db0f7d	success	1	762	d5674d7adcd2d58f93c5f2849f690003bc45d523850181c23ceaa0aacd7e6709	29833		fixture-android-07	request-selected-source	1	1	fixture-android-07	1	0	0	1	0	1	0	0	0	1	0
request-selected-source-wrapped-contains-target-07-dense	graph-parameter	request-selected-source-wrapped-contains	dense	request-graph-selection-and-wrapped-contains	request-selected-source	properties	200	fixture-android-07	fixture-android-07	1	2884fe5070e6e70bd2c44e54af37c56e2cfd19343a8721d5b36093d7d1db0f7d	success	200	84999	35604ee2a3d19ee64c97fa99f4be154714c60028f948c7a23f75b925d4520a5d	109042		fixture-android-07	request-selected-source	1	1	fixture-android-07	1	0	0	1	0	200	0	0	0	1	0
request-selected-source-wrapped-contains-target-08-zero	graph-parameter	request-selected-source-wrapped-contains	zero	request-graph-selection-and-wrapped-contains	request-selected-source	properties	200	fixture-android-08	fixture-android-08	1	25fcd87fe0d089932a1b7f325e822252e3042b73178c7aa80e1c0d12bcef2e47	success	0	147	805c8c7334c868e18e2be84be95b83cc60895722d739c2b164a68be4cd410c49	27625			request-selected-source	1	1	fixture-android-08	1	0	0	1	0	1	0	0	0	1	0
request-selected-source-wrapped-contains-target-08-targeted	graph-parameter	request-selected-source-wrapped-contains	targeted	request-graph-selection-and-wrapped-contains	request-selected-source	properties	200	fixture-android-08	fixture-android-08	1	25fcd87fe0d089932a1b7f325e822252e3042b73178c7aa80e1c0d12bcef2e47	success	2	1322	4b49b28d836e57c2c3f8d43a93acd00a93b169fcd603338f9ab350f541e9665c	21084		fixture-android-08	request-selected-source	1	1	fixture-android-08	1	0	0	1	0	2	0	0	0	1	0
request-selected-source-wrapped-contains-target-08-dense	graph-parameter	request-selected-source-wrapped-contains	dense	request-graph-selection-and-wrapped-contains	request-selected-source	properties	200	fixture-android-08	fixture-android-08	1	25fcd87fe0d089932a1b7f325e822252e3042b73178c7aa80e1c0d12bcef2e47	success	200	85531	ed34441ff634f19c276911a1fa193106a9070fde1065b57fc7ec71132b8d5f66	78375		fixture-android-08	request-selected-source	1	1	fixture-android-08	1	0	0	1	0	200	0	0	0	1	0
request-selected-source-wrapped-contains-target-09-zero	graph-parameter	request-selected-source-wrapped-contains	zero	request-graph-selection-and-wrapped-contains	request-selected-source	properties	200	fixture-android-09	fixture-android-09	1	976770abc561e74e52c74c7f3b827fe70800ef502defdde9a4fa534aa511bd33	success	0	147	805c8c7334c868e18e2be84be95b83cc60895722d739c2b164a68be4cd410c49	25708			request-selected-source	1	1	fixture-android-09	1	0	0	1	0	1	0	0	0	1	0
request-selected-source-wrapped-contains-target-09-targeted	graph-parameter	request-selected-source-wrapped-contains	targeted	request-graph-selection-and-wrapped-contains	request-selected-source	properties	200	fixture-android-09	fixture-android-09	1	976770abc561e74e52c74c7f3b827fe70800ef502defdde9a4fa534aa511bd33	success	1	758	cd83129b7654f9c1ac40c94032a03833f5b559e4d6d903ce58c899d274674334	24834		fixture-android-09	request-selected-source	1	1	fixture-android-09	1	0	0	1	0	1	0	0	0	1	0
request-selected-source-wrapped-contains-target-09-dense	graph-parameter	request-selected-source-wrapped-contains	dense	request-graph-selection-and-wrapped-contains	request-selected-source	properties	200	fixture-android-09	fixture-android-09	1	976770abc561e74e52c74c7f3b827fe70800ef502defdde9a4fa534aa511bd33	success	200	84710	8302a9dc08d5cf465b56333dad5757a62c24d743692acbdbf8e81919ebd097a0	75375		fixture-android-09	request-selected-source	1	1	fixture-android-09	1	0	0	1	0	200	0	0	0	1	0
request-selected-source-wrapped-contains-target-10-zero	graph-parameter	request-selected-source-wrapped-contains	zero	request-graph-selection-and-wrapped-contains	request-selected-source	properties	200	fixture-android-10	fixture-android-10	1	b80280988a4b3197bdd2348d3550b46e5d99e01f6e4a1abcb8668612b4a7bcf1	success	0	147	805c8c7334c868e18e2be84be95b83cc60895722d739c2b164a68be4cd410c49	28750			request-selected-source	1	1	fixture-android-10	1	0	0	1	0	1	0	0	0	1	0
request-selected-source-wrapped-contains-target-10-targeted	graph-parameter	request-selected-source-wrapped-contains	targeted	request-graph-selection-and-wrapped-contains	request-selected-source	properties	200	fixture-android-10	fixture-android-10	1	b80280988a4b3197bdd2348d3550b46e5d99e01f6e4a1abcb8668612b4a7bcf1	success	1	821	f3f4d5fb39ff9fde7dcf6d88e4f52bcc4c277ed98626ccca0b17c4ddbb20b035	23750		fixture-android-10	request-selected-source	1	1	fixture-android-10	1	0	0	1	0	1	0	0	0	1	0
request-selected-source-wrapped-contains-target-10-dense	graph-parameter	request-selected-source-wrapped-contains	dense	request-graph-selection-and-wrapped-contains	request-selected-source	properties	200	fixture-android-10	fixture-android-10	1	b80280988a4b3197bdd2348d3550b46e5d99e01f6e4a1abcb8668612b4a7bcf1	success	200	86914	eec30bd784e53b80ccd384559e9d1f853b8152ad8db90ad1f27d391bf03fc0d8	72292		fixture-android-10	request-selected-source	1	1	fixture-android-10	1	0	0	1	0	200	0	0	0	1	0
request-selected-source-wrapped-contains-target-11-zero	graph-parameter	request-selected-source-wrapped-contains	zero	request-graph-selection-and-wrapped-contains	request-selected-source	properties	200	fixture-android-11	fixture-android-11	1	ff7c9f064acf1b8f0c7104242efebdb73dfcc6db0739150c3d56bcc4ebbfb47f	success	0	147	805c8c7334c868e18e2be84be95b83cc60895722d739c2b164a68be4cd410c49	24625			request-selected-source	1	1	fixture-android-11	1	0	0	1	0	1	0	0	0	1	0
request-selected-source-wrapped-contains-target-11-targeted	graph-parameter	request-selected-source-wrapped-contains	targeted	request-graph-selection-and-wrapped-contains	request-selected-source	properties	200	fixture-android-11	fixture-android-11	1	ff7c9f064acf1b8f0c7104242efebdb73dfcc6db0739150c3d56bcc4ebbfb47f	success	1	758	f8ea31527e372a7d8e0f896bc894b97d788067aa20d0af371a4239382f72a4d1	25000		fixture-android-11	request-selected-source	1	1	fixture-android-11	1	0	0	1	0	1	0	0	0	1	0
request-selected-source-wrapped-contains-target-11-dense	graph-parameter	request-selected-source-wrapped-contains	dense	request-graph-selection-and-wrapped-contains	request-selected-source	properties	200	fixture-android-11	fixture-android-11	1	ff7c9f064acf1b8f0c7104242efebdb73dfcc6db0739150c3d56bcc4ebbfb47f	success	200	84862	36598e3ab73085dce50e849dda8b6a32b1088eab3f02f052e9536f16613b5d4b	113000		fixture-android-11	request-selected-source	1	1	fixture-android-11	1	0	0	1	0	200	0	0	0	1	0
request-selected-source-wrapped-contains-target-12-zero	graph-parameter	request-selected-source-wrapped-contains	zero	request-graph-selection-and-wrapped-contains	request-selected-source	properties	200	fixture-android-12	fixture-android-12	1	fbfd92bdb617f8eef3c84ce77e1116d4f0d1116a40b9fc543770c1a430e829ec	success	0	147	805c8c7334c868e18e2be84be95b83cc60895722d739c2b164a68be4cd410c49	31792			request-selected-source	1	1	fixture-android-12	1	0	0	1	0	1	0	0	0	1	0
request-selected-source-wrapped-contains-target-12-targeted	graph-parameter	request-selected-source-wrapped-contains	targeted	request-graph-selection-and-wrapped-contains	request-selected-source	properties	200	fixture-android-12	fixture-android-12	1	fbfd92bdb617f8eef3c84ce77e1116d4f0d1116a40b9fc543770c1a430e829ec	success	2	1348	569ba2c2d8626f5c6804b713aa9f9bd5155648246e0bb082ab37cf407a3ccee9	26917		fixture-android-12	request-selected-source	1	1	fixture-android-12	1	0	0	1	0	2	0	0	0	1	0
request-selected-source-wrapped-contains-target-12-dense	graph-parameter	request-selected-source-wrapped-contains	dense	request-graph-selection-and-wrapped-contains	request-selected-source	properties	200	fixture-android-12	fixture-android-12	1	fbfd92bdb617f8eef3c84ce77e1116d4f0d1116a40b9fc543770c1a430e829ec	success	200	85894	f22afa8ccaad259750ce50e850502822308b2565f707f284de32cd44d5ef328a	93916		fixture-android-12	request-selected-source	1	1	fixture-android-12	1	0	0	1	0	200	0	0	0	1	0
request-selected-source-wrapped-contains-target-13-zero	graph-parameter	request-selected-source-wrapped-contains	zero	request-graph-selection-and-wrapped-contains	request-selected-source	properties	200	fixture-android-13	fixture-android-13	1	99b23d6e37ddba640f96acd0d7b903185c9b38cc0e6df93374f9fe569bbc4c38	success	0	147	805c8c7334c868e18e2be84be95b83cc60895722d739c2b164a68be4cd410c49	21917			request-selected-source	1	1	fixture-android-13	1	0	0	1	0	1	0	0	0	1	0
request-selected-source-wrapped-contains-target-13-targeted	graph-parameter	request-selected-source-wrapped-contains	targeted	request-graph-selection-and-wrapped-contains	request-selected-source	properties	200	fixture-android-13	fixture-android-13	1	99b23d6e37ddba640f96acd0d7b903185c9b38cc0e6df93374f9fe569bbc4c38	success	5	2824	ebb699b5b0554cc639408add00ca9d9aae37f3553c5e6ea606cb7e66e171933f	29750		fixture-android-13	request-selected-source	1	1	fixture-android-13	1	0	0	1	0	5	0	0	0	1	0
request-selected-source-wrapped-contains-target-13-dense	graph-parameter	request-selected-source-wrapped-contains	dense	request-graph-selection-and-wrapped-contains	request-selected-source	properties	200	fixture-android-13	fixture-android-13	1	99b23d6e37ddba640f96acd0d7b903185c9b38cc0e6df93374f9fe569bbc4c38	success	200	86344	2e714969993f2a86ba5c715dc52b2c7d6dbaed9b2320da2399ecdf29ec9f1e4e	108875		fixture-android-13	request-selected-source	1	1	fixture-android-13	1	0	0	1	0	200	0	0	0	1	0
request-selected-source-wrapped-contains-target-14-zero	graph-parameter	request-selected-source-wrapped-contains	zero	request-graph-selection-and-wrapped-contains	request-selected-source	properties	200	fixture-android-14	fixture-android-14	1	caf42d54ef3437f216c963929327ed5ef3f52ce080fa2be4c3305c2370617ab1	success	0	147	805c8c7334c868e18e2be84be95b83cc60895722d739c2b164a68be4cd410c49	30250			request-selected-source	1	1	fixture-android-14	1	0	0	1	0	1	0	0	0	1	0
request-selected-source-wrapped-contains-target-14-targeted	graph-parameter	request-selected-source-wrapped-contains	targeted	request-graph-selection-and-wrapped-contains	request-selected-source	properties	200	fixture-android-14	fixture-android-14	1	caf42d54ef3437f216c963929327ed5ef3f52ce080fa2be4c3305c2370617ab1	success	3	1887	cfce92c06f8a0a93444f0ec3592aad57c255799cc7a1286e673f5c8cc3173d20	20292		fixture-android-14	request-selected-source	1	1	fixture-android-14	1	0	0	1	0	3	0	0	0	1	0
request-selected-source-wrapped-contains-target-14-dense	graph-parameter	request-selected-source-wrapped-contains	dense	request-graph-selection-and-wrapped-contains	request-selected-source	properties	200	fixture-android-14	fixture-android-14	1	caf42d54ef3437f216c963929327ed5ef3f52ce080fa2be4c3305c2370617ab1	success	200	88102	f384f54b9e0494c603dd9e83eb2ca0ad0386a359a2e1d6a356e225c072977e41	88000		fixture-android-14	request-selected-source	1	1	fixture-android-14	1	0	0	1	0	200	0	0	0	1	0
request-selected-source-wrapped-contains-target-15-zero	graph-parameter	request-selected-source-wrapped-contains	zero	request-graph-selection-and-wrapped-contains	request-selected-source	properties	200	fixture-android-15	fixture-android-15	1	396286291622042417a1e42f88e1a07f9e973d88a4b45b59c7408d3e8fe8e4cd	success	0	147	805c8c7334c868e18e2be84be95b83cc60895722d739c2b164a68be4cd410c49	22792			request-selected-source	1	1	fixture-android-15	1	0	0	1	0	1	0	0	0	1	0
request-selected-source-wrapped-contains-target-15-targeted	graph-parameter	request-selected-source-wrapped-contains	targeted	request-graph-selection-and-wrapped-contains	request-selected-source	properties	200	fixture-android-15	fixture-android-15	1	396286291622042417a1e42f88e1a07f9e973d88a4b45b59c7408d3e8fe8e4cd	success	1	765	ae20f86c5a0d43140079bdbb52041ad145178823d6189b8171bbe58dc0d82dcc	20750		fixture-android-15	request-selected-source	1	1	fixture-android-15	1	0	0	1	0	1	0	0	0	1	0
request-selected-source-wrapped-contains-target-15-dense	graph-parameter	request-selected-source-wrapped-contains	dense	request-graph-selection-and-wrapped-contains	request-selected-source	properties	200	fixture-android-15	fixture-android-15	1	396286291622042417a1e42f88e1a07f9e973d88a4b45b59c7408d3e8fe8e4cd	success	200	82358	6db1e45464dd1e42fc627a3ee68393b586d132e4817f87f1da72cb180e7925bb	92084		fixture-android-15	request-selected-source	1	1	fixture-android-15	1	0	0	1	0	200	0	0	0	1	0
request-selected-source-wrapped-contains-target-16-zero	graph-parameter	request-selected-source-wrapped-contains	zero	request-graph-selection-and-wrapped-contains	request-selected-source	properties	200	fixture-tika-00	fixture-tika-00	1	3ffa856892be3e0263f2c72254cefdb4bafce48e10eea2a8426b6af88f144658	success	0	147	805c8c7334c868e18e2be84be95b83cc60895722d739c2b164a68be4cd410c49	20375			request-selected-source	1	1	fixture-tika-00	1	0	0	1	0	1	0	0	0	1	0
request-selected-source-wrapped-contains-target-16-targeted	graph-parameter	request-selected-source-wrapped-contains	targeted	request-graph-selection-and-wrapped-contains	request-selected-source	properties	200	fixture-tika-00	fixture-tika-00	1	3ffa856892be3e0263f2c72254cefdb4bafce48e10eea2a8426b6af88f144658	success	1	771	41ad9b5110585bc89df35b9d0a0c6bd66daaf6c239b4212552d078b2f2a28c34	19250		fixture-tika-00	request-selected-source	1	1	fixture-tika-00	1	0	0	1	0	1	0	0	0	1	0
request-selected-source-wrapped-contains-target-16-dense	graph-parameter	request-selected-source-wrapped-contains	dense	request-graph-selection-and-wrapped-contains	request-selected-source	properties	200	fixture-tika-00	fixture-tika-00	1	3ffa856892be3e0263f2c72254cefdb4bafce48e10eea2a8426b6af88f144658	success	200	94237	51b180cd96740a311cc61165baa84cc05517b2f28ac6c70debc25f8e14514414	84708		fixture-tika-00	request-selected-source	1	1	fixture-tika-00	1	0	0	1	0	200	0	0	0	1	0
request-selected-source-wrapped-contains-target-17-zero	graph-parameter	request-selected-source-wrapped-contains	zero	request-graph-selection-and-wrapped-contains	request-selected-source	properties	200	fixture-tika-01	fixture-tika-01	1	5bd11253ba6bcbac28c2d0805dbd50585f63593fbbabbc299bce9c8b5e4238f0	success	0	147	805c8c7334c868e18e2be84be95b83cc60895722d739c2b164a68be4cd410c49	20709			request-selected-source	1	1	fixture-tika-01	1	0	0	1	0	1	0	0	0	1	0
request-selected-source-wrapped-contains-target-17-targeted	graph-parameter	request-selected-source-wrapped-contains	targeted	request-graph-selection-and-wrapped-contains	request-selected-source	properties	200	fixture-tika-01	fixture-tika-01	1	5bd11253ba6bcbac28c2d0805dbd50585f63593fbbabbc299bce9c8b5e4238f0	success	5	2976	7d286938fe2f40cd4cb86cd26be11c3221bfff86202fa9b705bdc1c77967743f	23291		fixture-tika-01	request-selected-source	1	1	fixture-tika-01	1	0	0	1	0	5	0	0	0	1	0
request-selected-source-wrapped-contains-target-17-dense	graph-parameter	request-selected-source-wrapped-contains	dense	request-graph-selection-and-wrapped-contains	request-selected-source	properties	200	fixture-tika-01	fixture-tika-01	1	5bd11253ba6bcbac28c2d0805dbd50585f63593fbbabbc299bce9c8b5e4238f0	success	200	92381	87c915d88746be4a40b85e67e7de71966365a455358cc138185e5c1f5bcf1251	89750		fixture-tika-01	request-selected-source	1	1	fixture-tika-01	1	0	0	1	0	200	0	0	0	1	0
request-selected-source-wrapped-contains-target-18-zero	graph-parameter	request-selected-source-wrapped-contains	zero	request-graph-selection-and-wrapped-contains	request-selected-source	properties	200	fixture-tika-02	fixture-tika-02	1	4f53553340fcd09378fe28c9d287d1bd3c78d0e5004534ad87493f082178a0db	success	0	147	805c8c7334c868e18e2be84be95b83cc60895722d739c2b164a68be4cd410c49	23375			request-selected-source	1	1	fixture-tika-02	1	0	0	1	0	1	0	0	0	1	0
request-selected-source-wrapped-contains-target-18-targeted	graph-parameter	request-selected-source-wrapped-contains	targeted	request-graph-selection-and-wrapped-contains	request-selected-source	properties	200	fixture-tika-02	fixture-tika-02	1	4f53553340fcd09378fe28c9d287d1bd3c78d0e5004534ad87493f082178a0db	success	12	6781	abf0682228739bdef1eb0d4b5b1449d7697f9412e644bd07a974f6e04213652e	24125		fixture-tika-02	request-selected-source	1	1	fixture-tika-02	1	0	0	1	0	12	0	0	0	1	0
request-selected-source-wrapped-contains-target-18-dense	graph-parameter	request-selected-source-wrapped-contains	dense	request-graph-selection-and-wrapped-contains	request-selected-source	properties	200	fixture-tika-02	fixture-tika-02	1	4f53553340fcd09378fe28c9d287d1bd3c78d0e5004534ad87493f082178a0db	success	200	95198	7d65fbc43e0cf8a1d4323c709e6963c32bdea3f389f5b683f619eee1fd79dc90	95083		fixture-tika-02	request-selected-source	1	1	fixture-tika-02	1	0	0	1	0	200	0	0	0	1	0
request-selected-source-wrapped-contains-target-19-zero	graph-parameter	request-selected-source-wrapped-contains	zero	request-graph-selection-and-wrapped-contains	request-selected-source	properties	200	fixture-tika-03	fixture-tika-03	1	e68986e5919884640710cc61d8f44310a6d888f55992390edbcc7ae70b8b8fa8	success	0	147	805c8c7334c868e18e2be84be95b83cc60895722d739c2b164a68be4cd410c49	76000			request-selected-source	1	1	fixture-tika-03	1	0	0	1	0	1	0	0	0	1	0
request-selected-source-wrapped-contains-target-19-targeted	graph-parameter	request-selected-source-wrapped-contains	targeted	request-graph-selection-and-wrapped-contains	request-selected-source	properties	200	fixture-tika-03	fixture-tika-03	1	e68986e5919884640710cc61d8f44310a6d888f55992390edbcc7ae70b8b8fa8	success	11	6327	72232d5a8299b69c619beb4cebd0967a4ca8f1378844d7914f795f7c5126cc48	54625		fixture-tika-03	request-selected-source	1	1	fixture-tika-03	1	0	0	1	0	11	0	0	0	1	0
request-selected-source-wrapped-contains-target-19-dense	graph-parameter	request-selected-source-wrapped-contains	dense	request-graph-selection-and-wrapped-contains	request-selected-source	properties	200	fixture-tika-03	fixture-tika-03	1	e68986e5919884640710cc61d8f44310a6d888f55992390edbcc7ae70b8b8fa8	success	200	96673	6ab8193cda24a8f589b0e7412ffcc3549afc3180a092c899437bb3ef2f8324ef	98208		fixture-tika-03	request-selected-source	1	1	fixture-tika-03	1	0	0	1	0	200	0	0	0	1	0
request-selected-source-wrapped-contains-target-20-zero	graph-parameter	request-selected-source-wrapped-contains	zero	request-graph-selection-and-wrapped-contains	request-selected-source	properties	200	fixture-tika-04	fixture-tika-04	1	2d9d29e96c28d6df21e1933cc2da3a076217ec4c30461070c5e997e04aa952cb	success	0	147	805c8c7334c868e18e2be84be95b83cc60895722d739c2b164a68be4cd410c49	50125			request-selected-source	1	1	fixture-tika-04	1	0	0	1	0	1	0	0	0	1	0
request-selected-source-wrapped-contains-target-20-targeted	graph-parameter	request-selected-source-wrapped-contains	targeted	request-graph-selection-and-wrapped-contains	request-selected-source	properties	200	fixture-tika-04	fixture-tika-04	1	2d9d29e96c28d6df21e1933cc2da3a076217ec4c30461070c5e997e04aa952cb	success	1	763	7811e1c0f64fb9174b112349d7a5f89fec8a71f59a6b66db3b1e97241f5dc93c	35250		fixture-tika-04	request-selected-source	1	1	fixture-tika-04	1	0	0	1	0	1	0	0	0	1	0
request-selected-source-wrapped-contains-target-20-dense	graph-parameter	request-selected-source-wrapped-contains	dense	request-graph-selection-and-wrapped-contains	request-selected-source	properties	200	fixture-tika-04	fixture-tika-04	1	2d9d29e96c28d6df21e1933cc2da3a076217ec4c30461070c5e997e04aa952cb	success	200	91604	a93cd6116bda146e01916f4ab7d54aa664da5b5c2287de109c82d6c48fcd38f8	78417		fixture-tika-04	request-selected-source	1	1	fixture-tika-04	1	0	0	1	0	200	0	0	0	1	0
request-selected-source-wrapped-contains-target-21-zero	graph-parameter	request-selected-source-wrapped-contains	zero	request-graph-selection-and-wrapped-contains	request-selected-source	properties	200	fixture-tika-05	fixture-tika-05	1	a70ca503c8d7edc9fd5b26430e9c4bd9517cfcf9084469733cfeff8a4fef63f8	success	0	147	805c8c7334c868e18e2be84be95b83cc60895722d739c2b164a68be4cd410c49	112333			request-selected-source	1	1	fixture-tika-05	1	0	0	1	0	1	0	0	0	1	0
request-selected-source-wrapped-contains-target-21-targeted	graph-parameter	request-selected-source-wrapped-contains	targeted	request-graph-selection-and-wrapped-contains	request-selected-source	properties	200	fixture-tika-05	fixture-tika-05	1	a70ca503c8d7edc9fd5b26430e9c4bd9517cfcf9084469733cfeff8a4fef63f8	success	1	765	1cf450577b12b3b6a7c19f53479709a92a169add0c4f9defecbc55254bf8d5b3	26667		fixture-tika-05	request-selected-source	1	1	fixture-tika-05	1	0	0	1	0	1	0	0	0	1	0
request-selected-source-wrapped-contains-target-21-dense	graph-parameter	request-selected-source-wrapped-contains	dense	request-graph-selection-and-wrapped-contains	request-selected-source	properties	200	fixture-tika-05	fixture-tika-05	1	a70ca503c8d7edc9fd5b26430e9c4bd9517cfcf9084469733cfeff8a4fef63f8	success	200	96334	eb6b03599a26f520b43896ee6af6cb6d2a3ec0783b66a0bcb29642b029a4b6eb	74125		fixture-tika-05	request-selected-source	1	1	fixture-tika-05	1	0	0	1	0	200	0	0	0	1	0
request-selected-source-wrapped-contains-target-22-zero	graph-parameter	request-selected-source-wrapped-contains	zero	request-graph-selection-and-wrapped-contains	request-selected-source	properties	200	fixture-tika-06	fixture-tika-06	1	629a75c155a37bcac72d6d131b20156694ded2e8aa1abe1c7f03ac03374020b7	success	0	147	805c8c7334c868e18e2be84be95b83cc60895722d739c2b164a68be4cd410c49	27667			request-selected-source	1	1	fixture-tika-06	1	0	0	1	0	1	0	0	0	1	0
request-selected-source-wrapped-contains-target-22-targeted	graph-parameter	request-selected-source-wrapped-contains	targeted	request-graph-selection-and-wrapped-contains	request-selected-source	properties	200	fixture-tika-06	fixture-tika-06	1	629a75c155a37bcac72d6d131b20156694ded2e8aa1abe1c7f03ac03374020b7	success	11	6331	43d88524d9da26840d520d8260a6801a2d864c2023e9806c3df4a5e673a5fd66	28334		fixture-tika-06	request-selected-source	1	1	fixture-tika-06	1	0	0	1	0	11	0	0	0	1	0
request-selected-source-wrapped-contains-target-22-dense	graph-parameter	request-selected-source-wrapped-contains	dense	request-graph-selection-and-wrapped-contains	request-selected-source	properties	200	fixture-tika-06	fixture-tika-06	1	629a75c155a37bcac72d6d131b20156694ded2e8aa1abe1c7f03ac03374020b7	success	200	98397	b1cc908cf8cd6a2354b320afca9ad225990c59be93a53ddc3912afb3b0d46d7b	83125		fixture-tika-06	request-selected-source	1	1	fixture-tika-06	1	0	0	1	0	200	0	0	0	1	0
request-selected-source-wrapped-contains-target-23-zero	graph-parameter	request-selected-source-wrapped-contains	zero	request-graph-selection-and-wrapped-contains	request-selected-source	properties	200	fixture-tika-07	fixture-tika-07	1	1f60bc193af0a0c32ae2bc0a840b7da98c896a5343d2d4a4871500ea55b0d8a0	success	0	147	805c8c7334c868e18e2be84be95b83cc60895722d739c2b164a68be4cd410c49	25917			request-selected-source	1	1	fixture-tika-07	1	0	0	1	0	1	0	0	0	1	0
request-selected-source-wrapped-contains-target-23-targeted	graph-parameter	request-selected-source-wrapped-contains	targeted	request-graph-selection-and-wrapped-contains	request-selected-source	properties	200	fixture-tika-07	fixture-tika-07	1	1f60bc193af0a0c32ae2bc0a840b7da98c896a5343d2d4a4871500ea55b0d8a0	success	11	6135	718b52d4d32659cb9b39b84bdb87d6226a9be4436e73fa316936d1333dfa50c0	24666		fixture-tika-07	request-selected-source	1	1	fixture-tika-07	1	0	0	1	0	11	0	0	0	1	0
request-selected-source-wrapped-contains-target-23-dense	graph-parameter	request-selected-source-wrapped-contains	dense	request-graph-selection-and-wrapped-contains	request-selected-source	properties	200	fixture-tika-07	fixture-tika-07	1	1f60bc193af0a0c32ae2bc0a840b7da98c896a5343d2d4a4871500ea55b0d8a0	success	200	95056	d5aa9163a912371065002f30549de9cefea57af859f009a275e381b0a849633e	85916		fixture-tika-07	request-selected-source	1	1	fixture-tika-07	1	0	0	1	0	200	0	0	0	1	0
request-selected-source-wrapped-contains-target-24-zero	graph-parameter	request-selected-source-wrapped-contains	zero	request-graph-selection-and-wrapped-contains	request-selected-source	properties	200	fixture-tika-08	fixture-tika-08	1	e9768e2189edf3079c0f4ce1fe9374fe3873b9ef6253d25bd7952c9e3f9e2f89	success	0	147	805c8c7334c868e18e2be84be95b83cc60895722d739c2b164a68be4cd410c49	78542			request-selected-source	1	1	fixture-tika-08	1	0	0	1	0	1	0	0	0	1	0
request-selected-source-wrapped-contains-target-24-targeted	graph-parameter	request-selected-source-wrapped-contains	targeted	request-graph-selection-and-wrapped-contains	request-selected-source	properties	200	fixture-tika-08	fixture-tika-08	1	e9768e2189edf3079c0f4ce1fe9374fe3873b9ef6253d25bd7952c9e3f9e2f89	success	1	754	033650595463ffba6f1f515fc8a38ba023fdd37a0e2442442be40f2d8baee0b4	50125		fixture-tika-08	request-selected-source	1	1	fixture-tika-08	1	0	0	1	0	1	0	0	0	1	0
request-selected-source-wrapped-contains-target-24-dense	graph-parameter	request-selected-source-wrapped-contains	dense	request-graph-selection-and-wrapped-contains	request-selected-source	properties	200	fixture-tika-08	fixture-tika-08	1	e9768e2189edf3079c0f4ce1fe9374fe3873b9ef6253d25bd7952c9e3f9e2f89	success	200	96144	13cc3d04be15c5d98101b6676211e0260c08571becd6cbc7be1dcfad1b7efce8	74375		fixture-tika-08	request-selected-source	1	1	fixture-tika-08	1	0	0	1	0	200	0	0	0	1	0
request-selected-source-wrapped-contains-target-25-zero	graph-parameter	request-selected-source-wrapped-contains	zero	request-graph-selection-and-wrapped-contains	request-selected-source	properties	200	fixture-tika-09	fixture-tika-09	1	f96e2b0b7f375cf347f289b0d59b047835095d1452b52dcff16ad07fa5ff5aaa	success	0	147	805c8c7334c868e18e2be84be95b83cc60895722d739c2b164a68be4cd410c49	28292			request-selected-source	1	1	fixture-tika-09	1	0	0	1	0	1	0	0	0	1	0
request-selected-source-wrapped-contains-target-25-targeted	graph-parameter	request-selected-source-wrapped-contains	targeted	request-graph-selection-and-wrapped-contains	request-selected-source	properties	200	fixture-tika-09	fixture-tika-09	1	f96e2b0b7f375cf347f289b0d59b047835095d1452b52dcff16ad07fa5ff5aaa	success	17	9434	57a7fb26e2c1557848eddaabb17076d92c9b2ef2e0ff6b92be3de4374fe1fa9b	38667		fixture-tika-09	request-selected-source	1	1	fixture-tika-09	1	0	0	1	0	17	0	0	0	1	0
request-selected-source-wrapped-contains-target-25-dense	graph-parameter	request-selected-source-wrapped-contains	dense	request-graph-selection-and-wrapped-contains	request-selected-source	properties	200	fixture-tika-09	fixture-tika-09	1	f96e2b0b7f375cf347f289b0d59b047835095d1452b52dcff16ad07fa5ff5aaa	success	200	90260	d606d19bfcb83b224b953bd70176bc52dc06d427ef6ab3d0cc311bc6ed6fc260	67500		fixture-tika-09	request-selected-source	1	1	fixture-tika-09	1	0	0	1	0	200	0	0	0	1	0
request-selected-source-wrapped-contains-target-26-zero	graph-parameter	request-selected-source-wrapped-contains	zero	request-graph-selection-and-wrapped-contains	request-selected-source	properties	200	fixture-tika-10	fixture-tika-10	1	724e820888f0db8884af940cbe8a364f2dce6bfc9b2c72fb09abe933fa439c0c	success	0	147	805c8c7334c868e18e2be84be95b83cc60895722d739c2b164a68be4cd410c49	24792			request-selected-source	1	1	fixture-tika-10	1	0	0	1	0	1	0	0	0	1	0
request-selected-source-wrapped-contains-target-26-targeted	graph-parameter	request-selected-source-wrapped-contains	targeted	request-graph-selection-and-wrapped-contains	request-selected-source	properties	200	fixture-tika-10	fixture-tika-10	1	724e820888f0db8884af940cbe8a364f2dce6bfc9b2c72fb09abe933fa439c0c	success	1	791	550bd45f802381cb65ea30928a856fc0c2bc207cbfc2a147aad4312130548c9a	46375		fixture-tika-10	request-selected-source	1	1	fixture-tika-10	1	0	0	1	0	1	0	0	0	1	0
request-selected-source-wrapped-contains-target-26-dense	graph-parameter	request-selected-source-wrapped-contains	dense	request-graph-selection-and-wrapped-contains	request-selected-source	properties	200	fixture-tika-10	fixture-tika-10	1	724e820888f0db8884af940cbe8a364f2dce6bfc9b2c72fb09abe933fa439c0c	success	200	96089	d0bdae62973cb737c05eda37d83d6fd7dea4520a7f87acdd4ed9a2fba1f97888	77917		fixture-tika-10	request-selected-source	1	1	fixture-tika-10	1	0	0	1	0	200	0	0	0	1	0
request-selected-source-wrapped-contains-target-27-zero	graph-parameter	request-selected-source-wrapped-contains	zero	request-graph-selection-and-wrapped-contains	request-selected-source	properties	200	fixture-tika-11	fixture-tika-11	1	947144f7fe63615dab1057f152a266b87c870ae6b1d136ebead3ef2860ecaaf9	success	0	147	805c8c7334c868e18e2be84be95b83cc60895722d739c2b164a68be4cd410c49	20791			request-selected-source	1	1	fixture-tika-11	1	0	0	1	0	1	0	0	0	1	0
request-selected-source-wrapped-contains-target-27-targeted	graph-parameter	request-selected-source-wrapped-contains	targeted	request-graph-selection-and-wrapped-contains	request-selected-source	properties	200	fixture-tika-11	fixture-tika-11	1	947144f7fe63615dab1057f152a266b87c870ae6b1d136ebead3ef2860ecaaf9	success	14	8030	e1858d468e2cee9daff29f91791894b539cc1c9bfb8d57bb0eaa364a24ec0f04	43833		fixture-tika-11	request-selected-source	1	1	fixture-tika-11	1	0	0	1	0	14	0	0	0	1	0
request-selected-source-wrapped-contains-target-27-dense	graph-parameter	request-selected-source-wrapped-contains	dense	request-graph-selection-and-wrapped-contains	request-selected-source	properties	200	fixture-tika-11	fixture-tika-11	1	947144f7fe63615dab1057f152a266b87c870ae6b1d136ebead3ef2860ecaaf9	success	200	95559	bcb492a91a247979acd291eaea381c0db6d952c0baff29193145ae7356b00907	72000		fixture-tika-11	request-selected-source	1	1	fixture-tika-11	1	0	0	1	0	200	0	0	0	1	0
request-selected-source-wrapped-contains-target-28-zero	graph-parameter	request-selected-source-wrapped-contains	zero	request-graph-selection-and-wrapped-contains	request-selected-source	properties	200	fixture-tika-12	fixture-tika-12	1	333b320af3f398d083e1d44b1a79e54fa546da12ce118f18db6f7cc3387398c8	success	0	147	805c8c7334c868e18e2be84be95b83cc60895722d739c2b164a68be4cd410c49	19250			request-selected-source	1	1	fixture-tika-12	1	0	0	1	0	1	0	0	0	1	0
request-selected-source-wrapped-contains-target-28-targeted	graph-parameter	request-selected-source-wrapped-contains	targeted	request-graph-selection-and-wrapped-contains	request-selected-source	properties	200	fixture-tika-12	fixture-tika-12	1	333b320af3f398d083e1d44b1a79e54fa546da12ce118f18db6f7cc3387398c8	success	12	6370	8871e0dc77f7df7110f742adaac439b8d2f4e912a3a21e1793fda026e0955f9b	22250		fixture-tika-12	request-selected-source	1	1	fixture-tika-12	1	0	0	1	0	12	0	0	0	1	0
request-selected-source-wrapped-contains-target-28-dense	graph-parameter	request-selected-source-wrapped-contains	dense	request-graph-selection-and-wrapped-contains	request-selected-source	properties	200	fixture-tika-12	fixture-tika-12	1	333b320af3f398d083e1d44b1a79e54fa546da12ce118f18db6f7cc3387398c8	success	200	101142	3ec255435f1804ca883e61ce69218b0c9b6812e5f4d6241be813f3a04980ff78	68292		fixture-tika-12	request-selected-source	1	1	fixture-tika-12	1	0	0	1	0	200	0	0	0	1	0
request-selected-source-wrapped-contains-target-29-zero	graph-parameter	request-selected-source-wrapped-contains	zero	request-graph-selection-and-wrapped-contains	request-selected-source	properties	200	fixture-tika-13	fixture-tika-13	1	697a328efd3d35078aa3cf7115b978f697299f7e0612d464eae79dc1cbc3f3c7	success	0	147	805c8c7334c868e18e2be84be95b83cc60895722d739c2b164a68be4cd410c49	24625			request-selected-source	1	1	fixture-tika-13	1	0	0	1	0	1	0	0	0	1	0
request-selected-source-wrapped-contains-target-29-targeted	graph-parameter	request-selected-source-wrapped-contains	targeted	request-graph-selection-and-wrapped-contains	request-selected-source	properties	200	fixture-tika-13	fixture-tika-13	1	697a328efd3d35078aa3cf7115b978f697299f7e0612d464eae79dc1cbc3f3c7	success	1	759	7c9cbf2db3468e4d9ec5f9ce37c29746bb3071949804d250165a0310edd3182c	21208		fixture-tika-13	request-selected-source	1	1	fixture-tika-13	1	0	0	1	0	1	0	0	0	1	0
request-selected-source-wrapped-contains-target-29-dense	graph-parameter	request-selected-source-wrapped-contains	dense	request-graph-selection-and-wrapped-contains	request-selected-source	properties	200	fixture-tika-13	fixture-tika-13	1	697a328efd3d35078aa3cf7115b978f697299f7e0612d464eae79dc1cbc3f3c7	success	200	96005	cb6245f16fc1df4cadc32295db3c94d74d99d6ac24ca00ba686085574c3842f9	71000		fixture-tika-13	request-selected-source	1	1	fixture-tika-13	1	0	0	1	0	200	0	0	0	1	0
request-selected-source-wrapped-contains-target-30-zero	graph-parameter	request-selected-source-wrapped-contains	zero	request-graph-selection-and-wrapped-contains	request-selected-source	properties	200	fixture-tika-14	fixture-tika-14	1	530ac22d92e73256c57c4e234fccac50105308bcc26304451ee74f20a619f7a5	success	0	147	805c8c7334c868e18e2be84be95b83cc60895722d739c2b164a68be4cd410c49	19834			request-selected-source	1	1	fixture-tika-14	1	0	0	1	0	1	0	0	0	1	0
request-selected-source-wrapped-contains-target-30-targeted	graph-parameter	request-selected-source-wrapped-contains	targeted	request-graph-selection-and-wrapped-contains	request-selected-source	properties	200	fixture-tika-14	fixture-tika-14	1	530ac22d92e73256c57c4e234fccac50105308bcc26304451ee74f20a619f7a5	success	10	5866	c85815e1257e7d89a547803b839a8fa3d5c32a25ad93fc4df95c67dd0df38386	22417		fixture-tika-14	request-selected-source	1	1	fixture-tika-14	1	0	0	1	0	10	0	0	0	1	0
request-selected-source-wrapped-contains-target-30-dense	graph-parameter	request-selected-source-wrapped-contains	dense	request-graph-selection-and-wrapped-contains	request-selected-source	properties	200	fixture-tika-14	fixture-tika-14	1	530ac22d92e73256c57c4e234fccac50105308bcc26304451ee74f20a619f7a5	success	200	95471	766b9ef7e8ecf0adce38af75461cc8c431950c6a78cf29871668bb82bbc59681	96291		fixture-tika-14	request-selected-source	1	1	fixture-tika-14	1	0	0	1	0	200	0	0	0	1	0
request-selected-source-wrapped-contains-target-31-zero	graph-parameter	request-selected-source-wrapped-contains	zero	request-graph-selection-and-wrapped-contains	request-selected-source	properties	200	fixture-tika-15	fixture-tika-15	1	80331285783d790177bcaeeebf677e98900445b2273d41781c6e07aa5683a500	success	0	147	805c8c7334c868e18e2be84be95b83cc60895722d739c2b164a68be4cd410c49	25208			request-selected-source	1	1	fixture-tika-15	1	0	0	1	0	1	0	0	0	1	0
request-selected-source-wrapped-contains-target-31-targeted	graph-parameter	request-selected-source-wrapped-contains	targeted	request-graph-selection-and-wrapped-contains	request-selected-source	properties	200	fixture-tika-15	fixture-tika-15	1	80331285783d790177bcaeeebf677e98900445b2273d41781c6e07aa5683a500	success	1	779	5b2641a56fc0d1ce3cad560f98de3ab642d893c5f6c2be5bb57444732d364805	20375		fixture-tika-15	request-selected-source	1	1	fixture-tika-15	1	0	0	1	0	1	0	0	0	1	0
request-selected-source-wrapped-contains-target-31-dense	graph-parameter	request-selected-source-wrapped-contains	dense	request-graph-selection-and-wrapped-contains	request-selected-source	properties	200	fixture-tika-15	fixture-tika-15	1	80331285783d790177bcaeeebf677e98900445b2273d41781c6e07aa5683a500	success	200	90493	6cea2d1b1fba9817e31904018fa5ce3734b41bb641feab5c7c6849206b05e3c1	78000		fixture-tika-15	request-selected-source	1	1	fixture-tika-15	1	0	0	1	0	200	0	0	0	1	0
request-selected-source-wrapped-contains-target-32-zero	graph-parameter	request-selected-source-wrapped-contains	zero	request-graph-selection-and-wrapped-contains	request-selected-source	properties	200	fixture-hive-00	fixture-hive-00	1	ea11677be4d3166ee79e7aa4f8c5ff603c5cb6bb9f65649cfc46854eedb1b466	success	0	147	805c8c7334c868e18e2be84be95b83cc60895722d739c2b164a68be4cd410c49	22750			request-selected-source	1	1	fixture-hive-00	1	0	0	1	0	1	0	0	0	1	0
request-selected-source-wrapped-contains-target-32-targeted	graph-parameter	request-selected-source-wrapped-contains	targeted	request-graph-selection-and-wrapped-contains	request-selected-source	properties	200	fixture-hive-00	fixture-hive-00	1	ea11677be4d3166ee79e7aa4f8c5ff603c5cb6bb9f65649cfc46854eedb1b466	success	4	2862	72e96499d86d64ae9da267f3b15791817d4250f06a8dfea9d09edd8c3c23a440	20875		fixture-hive-00	request-selected-source	1	1	fixture-hive-00	1	0	0	1	0	4	0	0	0	1	0
request-selected-source-wrapped-contains-target-32-dense	graph-parameter	request-selected-source-wrapped-contains	dense	request-graph-selection-and-wrapped-contains	request-selected-source	properties	200	fixture-hive-00	fixture-hive-00	1	ea11677be4d3166ee79e7aa4f8c5ff603c5cb6bb9f65649cfc46854eedb1b466	success	200	92864	0ad6a5ae10cb27d8dd28af205e0df8ebd79b3e1ca0079c8c876100ee108fc38d	67208		fixture-hive-00	request-selected-source	1	1	fixture-hive-00	1	0	0	1	0	200	0	0	0	1	0
request-selected-source-wrapped-contains-target-33-zero	graph-parameter	request-selected-source-wrapped-contains	zero	request-graph-selection-and-wrapped-contains	request-selected-source	properties	200	fixture-hive-01	fixture-hive-01	1	3a9bab8befb64a5c5518ec83add10138c13ae31dfad00b5a26547f3cfc2bf0bb	success	0	147	805c8c7334c868e18e2be84be95b83cc60895722d739c2b164a68be4cd410c49	18459			request-selected-source	1	1	fixture-hive-01	1	0	0	1	0	1	0	0	0	1	0
request-selected-source-wrapped-contains-target-33-targeted	graph-parameter	request-selected-source-wrapped-contains	targeted	request-graph-selection-and-wrapped-contains	request-selected-source	properties	200	fixture-hive-01	fixture-hive-01	1	3a9bab8befb64a5c5518ec83add10138c13ae31dfad00b5a26547f3cfc2bf0bb	success	4	2862	5436abb5d5a82ddf1b71cf6459ce0de5fe56d25b825b58b20bbe8cace9e3cde7	21417		fixture-hive-01	request-selected-source	1	1	fixture-hive-01	1	0	0	1	0	4	0	0	0	1	0
request-selected-source-wrapped-contains-target-33-dense	graph-parameter	request-selected-source-wrapped-contains	dense	request-graph-selection-and-wrapped-contains	request-selected-source	properties	200	fixture-hive-01	fixture-hive-01	1	3a9bab8befb64a5c5518ec83add10138c13ae31dfad00b5a26547f3cfc2bf0bb	success	200	92578	e10f119cab32a77f2d8107211e2addcc69d3ab151ee08f60199ff7a8db9b6a1c	65959		fixture-hive-01	request-selected-source	1	1	fixture-hive-01	1	0	0	1	0	200	0	0	0	1	0
request-selected-source-wrapped-contains-target-34-zero	graph-parameter	request-selected-source-wrapped-contains	zero	request-graph-selection-and-wrapped-contains	request-selected-source	properties	200	fixture-hive-02	fixture-hive-02	1	058d31d4f0a17f6c8e80480702d6c2099e48867673bc0a8d99037f2244a27bbf	success	0	147	805c8c7334c868e18e2be84be95b83cc60895722d739c2b164a68be4cd410c49	20833			request-selected-source	1	1	fixture-hive-02	1	0	0	1	0	1	0	0	0	1	0
request-selected-source-wrapped-contains-target-34-targeted	graph-parameter	request-selected-source-wrapped-contains	targeted	request-graph-selection-and-wrapped-contains	request-selected-source	properties	200	fixture-hive-02	fixture-hive-02	1	058d31d4f0a17f6c8e80480702d6c2099e48867673bc0a8d99037f2244a27bbf	success	4	2883	e83a01bd4b4e8f51ba0c51a53e73f87ec8dd6170bd60b37ef57b4eb9aba8bcc7	21417		fixture-hive-02	request-selected-source	1	1	fixture-hive-02	1	0	0	1	0	4	0	0	0	1	0
request-selected-source-wrapped-contains-target-34-dense	graph-parameter	request-selected-source-wrapped-contains	dense	request-graph-selection-and-wrapped-contains	request-selected-source	properties	200	fixture-hive-02	fixture-hive-02	1	058d31d4f0a17f6c8e80480702d6c2099e48867673bc0a8d99037f2244a27bbf	success	200	94183	b06f89a813919b2f4278637c18773fe7508c48351caa08a76cefe1f54c9b7715	69709		fixture-hive-02	request-selected-source	1	1	fixture-hive-02	1	0	0	1	0	200	0	0	0	1	0
request-selected-source-wrapped-contains-target-35-zero	graph-parameter	request-selected-source-wrapped-contains	zero	request-graph-selection-and-wrapped-contains	request-selected-source	properties	200	fixture-hive-03	fixture-hive-03	1	bc37ba5880a9fc3e89dea2bf6571ad8db10f8c499dfca7c678b831d8edb064fe	success	0	147	805c8c7334c868e18e2be84be95b83cc60895722d739c2b164a68be4cd410c49	21583			request-selected-source	1	1	fixture-hive-03	1	0	0	1	0	1	0	0	0	1	0
request-selected-source-wrapped-contains-target-35-targeted	graph-parameter	request-selected-source-wrapped-contains	targeted	request-graph-selection-and-wrapped-contains	request-selected-source	properties	200	fixture-hive-03	fixture-hive-03	1	bc37ba5880a9fc3e89dea2bf6571ad8db10f8c499dfca7c678b831d8edb064fe	success	1	771	134378d176ef9559b3b9b40557762648c5aa55be889ba8cb2e7f752130b85ab7	18709		fixture-hive-03	request-selected-source	1	1	fixture-hive-03	1	0	0	1	0	1	0	0	0	1	0
request-selected-source-wrapped-contains-target-35-dense	graph-parameter	request-selected-source-wrapped-contains	dense	request-graph-selection-and-wrapped-contains	request-selected-source	properties	200	fixture-hive-03	fixture-hive-03	1	bc37ba5880a9fc3e89dea2bf6571ad8db10f8c499dfca7c678b831d8edb064fe	success	200	91613	71eca3baa7c5adda9a19daaba5b66d08f4d30beebcfc1f6f8f3125a009484e93	73458		fixture-hive-03	request-selected-source	1	1	fixture-hive-03	1	0	0	1	0	200	0	0	0	1	0
request-selected-source-wrapped-contains-target-36-zero	graph-parameter	request-selected-source-wrapped-contains	zero	request-graph-selection-and-wrapped-contains	request-selected-source	properties	200	fixture-hive-04	fixture-hive-04	1	d6abca6af79ede3e783b4b1d1bb2f17c22db5cf0b5c70506d31ea6d33509dcc5	success	0	147	805c8c7334c868e18e2be84be95b83cc60895722d739c2b164a68be4cd410c49	21917			request-selected-source	1	1	fixture-hive-04	1	0	0	1	0	1	0	0	0	1	0
request-selected-source-wrapped-contains-target-36-targeted	graph-parameter	request-selected-source-wrapped-contains	targeted	request-graph-selection-and-wrapped-contains	request-selected-source	properties	200	fixture-hive-04	fixture-hive-04	1	d6abca6af79ede3e783b4b1d1bb2f17c22db5cf0b5c70506d31ea6d33509dcc5	success	1	795	6f5022183da52ea8cb963f17c4b86a6270dc9bfe0ca358e5ec7d6bdf4c95879f	20292		fixture-hive-04	request-selected-source	1	1	fixture-hive-04	1	0	0	1	0	1	0	0	0	1	0
request-selected-source-wrapped-contains-target-36-dense	graph-parameter	request-selected-source-wrapped-contains	dense	request-graph-selection-and-wrapped-contains	request-selected-source	properties	200	fixture-hive-04	fixture-hive-04	1	d6abca6af79ede3e783b4b1d1bb2f17c22db5cf0b5c70506d31ea6d33509dcc5	success	200	91716	5d2df55fe9df550bd17a462dbec1bd958f7c0d5940c160537976ecc80d5cb22f	66541		fixture-hive-04	request-selected-source	1	1	fixture-hive-04	1	0	0	1	0	200	0	0	0	1	0
request-selected-source-wrapped-contains-target-37-zero	graph-parameter	request-selected-source-wrapped-contains	zero	request-graph-selection-and-wrapped-contains	request-selected-source	properties	200	fixture-hive-05	fixture-hive-05	1	f7f4c2e85299b39f0b295436a0a678be80ea1fe4bd065c984fac7e3e79c02a1f	success	0	147	805c8c7334c868e18e2be84be95b83cc60895722d739c2b164a68be4cd410c49	20958			request-selected-source	1	1	fixture-hive-05	1	0	0	1	0	1	0	0	0	1	0
request-selected-source-wrapped-contains-target-37-targeted	graph-parameter	request-selected-source-wrapped-contains	targeted	request-graph-selection-and-wrapped-contains	request-selected-source	properties	200	fixture-hive-05	fixture-hive-05	1	f7f4c2e85299b39f0b295436a0a678be80ea1fe4bd065c984fac7e3e79c02a1f	success	51	31472	b9433fbd59011f3771f14c8abacb0cbca913b3ccb9b85649a8f98d4c6f628703	33292		fixture-hive-05	request-selected-source	1	1	fixture-hive-05	1	0	0	1	0	51	0	0	0	1	0
request-selected-source-wrapped-contains-target-37-dense	graph-parameter	request-selected-source-wrapped-contains	dense	request-graph-selection-and-wrapped-contains	request-selected-source	properties	200	fixture-hive-05	fixture-hive-05	1	f7f4c2e85299b39f0b295436a0a678be80ea1fe4bd065c984fac7e3e79c02a1f	success	200	91795	dbb6e258143695218279e10cbea2bf21ad0c5b1330a8fc3e3470b176ae0b6f42	89875		fixture-hive-05	request-selected-source	1	1	fixture-hive-05	1	0	0	1	0	200	0	0	0	1	0
request-selected-source-wrapped-contains-target-38-zero	graph-parameter	request-selected-source-wrapped-contains	zero	request-graph-selection-and-wrapped-contains	request-selected-source	properties	200	fixture-hive-06	fixture-hive-06	1	ddfe0a17a6b176061c6908248fc9bbb24510f00e8ed40c2c068587464d0ab767	success	0	147	805c8c7334c868e18e2be84be95b83cc60895722d739c2b164a68be4cd410c49	21625			request-selected-source	1	1	fixture-hive-06	1	0	0	1	0	1	0	0	0	1	0
request-selected-source-wrapped-contains-target-38-targeted	graph-parameter	request-selected-source-wrapped-contains	targeted	request-graph-selection-and-wrapped-contains	request-selected-source	properties	200	fixture-hive-06	fixture-hive-06	1	ddfe0a17a6b176061c6908248fc9bbb24510f00e8ed40c2c068587464d0ab767	success	1	801	6e224732564976ab3ad1b488a2dcb0c2a2f84050ab25d529f41b87f4de3c406c	23709		fixture-hive-06	request-selected-source	1	1	fixture-hive-06	1	0	0	1	0	1	0	0	0	1	0
request-selected-source-wrapped-contains-target-38-dense	graph-parameter	request-selected-source-wrapped-contains	dense	request-graph-selection-and-wrapped-contains	request-selected-source	properties	200	fixture-hive-06	fixture-hive-06	1	ddfe0a17a6b176061c6908248fc9bbb24510f00e8ed40c2c068587464d0ab767	success	200	92968	77adda61bf8a66745500e9e1b739302ae425b75af5d5199095bd9c0f56151e04	63375		fixture-hive-06	request-selected-source	1	1	fixture-hive-06	1	0	0	1	0	200	0	0	0	1	0
request-selected-source-wrapped-contains-target-39-zero	graph-parameter	request-selected-source-wrapped-contains	zero	request-graph-selection-and-wrapped-contains	request-selected-source	properties	200	fixture-hive-07	fixture-hive-07	1	5b909537f8397e9b454c56026974d9a0348f5c6147e1f2169fbaaa2eb1645822	success	0	147	805c8c7334c868e18e2be84be95b83cc60895722d739c2b164a68be4cd410c49	20750			request-selected-source	1	1	fixture-hive-07	1	0	0	1	0	1	0	0	0	1	0
request-selected-source-wrapped-contains-target-39-targeted	graph-parameter	request-selected-source-wrapped-contains	targeted	request-graph-selection-and-wrapped-contains	request-selected-source	properties	200	fixture-hive-07	fixture-hive-07	1	5b909537f8397e9b454c56026974d9a0348f5c6147e1f2169fbaaa2eb1645822	success	4	2855	db8e5b7500b38c30ff9ca554407e1c3f066cc32ce80520e31c63fe8f4f34048e	20542		fixture-hive-07	request-selected-source	1	1	fixture-hive-07	1	0	0	1	0	4	0	0	0	1	0
request-selected-source-wrapped-contains-target-39-dense	graph-parameter	request-selected-source-wrapped-contains	dense	request-graph-selection-and-wrapped-contains	request-selected-source	properties	200	fixture-hive-07	fixture-hive-07	1	5b909537f8397e9b454c56026974d9a0348f5c6147e1f2169fbaaa2eb1645822	success	200	91298	153dc7ab9d3d22961d16bfae52d0b5cd4c7d97177e0e57e7c086294f37d00f0f	81000		fixture-hive-07	request-selected-source	1	1	fixture-hive-07	1	0	0	1	0	200	0	0	0	1	0
request-selected-source-wrapped-contains-target-40-zero	graph-parameter	request-selected-source-wrapped-contains	zero	request-graph-selection-and-wrapped-contains	request-selected-source	properties	200	fixture-hive-08	fixture-hive-08	1	a73da7b76b921f77b9fadceff4ca8a9274fa7524e6ce2fb87c035b118fdb9e31	success	0	147	805c8c7334c868e18e2be84be95b83cc60895722d739c2b164a68be4cd410c49	27917			request-selected-source	1	1	fixture-hive-08	1	0	0	1	0	1	0	0	0	1	0
request-selected-source-wrapped-contains-target-40-targeted	graph-parameter	request-selected-source-wrapped-contains	targeted	request-graph-selection-and-wrapped-contains	request-selected-source	properties	200	fixture-hive-08	fixture-hive-08	1	a73da7b76b921f77b9fadceff4ca8a9274fa7524e6ce2fb87c035b118fdb9e31	success	4	2911	6520445594f6fc1d080f2e441beea159540f21b52c555b515dbd7ba1fee2a37f	21750		fixture-hive-08	request-selected-source	1	1	fixture-hive-08	1	0	0	1	0	4	0	0	0	1	0
request-selected-source-wrapped-contains-target-40-dense	graph-parameter	request-selected-source-wrapped-contains	dense	request-graph-selection-and-wrapped-contains	request-selected-source	properties	200	fixture-hive-08	fixture-hive-08	1	a73da7b76b921f77b9fadceff4ca8a9274fa7524e6ce2fb87c035b118fdb9e31	success	200	95189	6547ed796970ad3186785ae6dc7d6b1328d226d1878e5144fdb98c21fcba06f9	64125		fixture-hive-08	request-selected-source	1	1	fixture-hive-08	1	0	0	1	0	200	0	0	0	1	0
request-selected-source-wrapped-contains-target-41-zero	graph-parameter	request-selected-source-wrapped-contains	zero	request-graph-selection-and-wrapped-contains	request-selected-source	properties	200	fixture-hive-09	fixture-hive-09	1	295df7bb9f479be56469bcfb34b70c143d1aff6e47944b80de9fd42e774be779	success	0	147	805c8c7334c868e18e2be84be95b83cc60895722d739c2b164a68be4cd410c49	18666			request-selected-source	1	1	fixture-hive-09	1	0	0	1	0	1	0	0	0	1	0
request-selected-source-wrapped-contains-target-41-targeted	graph-parameter	request-selected-source-wrapped-contains	targeted	request-graph-selection-and-wrapped-contains	request-selected-source	properties	200	fixture-hive-09	fixture-hive-09	1	295df7bb9f479be56469bcfb34b70c143d1aff6e47944b80de9fd42e774be779	success	4	2883	42fd2fd2ff37d34c0cfb2146cde4be9387147a4cc07443bd58969c3f1e25556e	23667		fixture-hive-09	request-selected-source	1	1	fixture-hive-09	1	0	0	1	0	4	0	0	0	1	0
request-selected-source-wrapped-contains-target-41-dense	graph-parameter	request-selected-source-wrapped-contains	dense	request-graph-selection-and-wrapped-contains	request-selected-source	properties	200	fixture-hive-09	fixture-hive-09	1	295df7bb9f479be56469bcfb34b70c143d1aff6e47944b80de9fd42e774be779	success	200	92146	1d23f5a918b6a408d8eae300e7aa799801aecc62fcc85667af567e3c95156cb9	70709		fixture-hive-09	request-selected-source	1	1	fixture-hive-09	1	0	0	1	0	200	0	0	0	1	0
request-selected-source-wrapped-contains-target-42-zero	graph-parameter	request-selected-source-wrapped-contains	zero	request-graph-selection-and-wrapped-contains	request-selected-source	properties	200	fixture-hive-10	fixture-hive-10	1	e942f277a2b44bd11b03bd9380dd5388338721030a1701c31ff2277dd8f8cd9a	success	0	147	805c8c7334c868e18e2be84be95b83cc60895722d739c2b164a68be4cd410c49	22541			request-selected-source	1	1	fixture-hive-10	1	0	0	1	0	1	0	0	0	1	0
request-selected-source-wrapped-contains-target-42-targeted	graph-parameter	request-selected-source-wrapped-contains	targeted	request-graph-selection-and-wrapped-contains	request-selected-source	properties	200	fixture-hive-10	fixture-hive-10	1	e942f277a2b44bd11b03bd9380dd5388338721030a1701c31ff2277dd8f8cd9a	success	63	39077	2d20a012ee335ff72d99f67135e1ac36defbca676c07a298d3df15c7c1e33f7d	37208		fixture-hive-10	request-selected-source	1	1	fixture-hive-10	1	0	0	1	0	63	0	0	0	1	0
request-selected-source-wrapped-contains-target-42-dense	graph-parameter	request-selected-source-wrapped-contains	dense	request-graph-selection-and-wrapped-contains	request-selected-source	properties	200	fixture-hive-10	fixture-hive-10	1	e942f277a2b44bd11b03bd9380dd5388338721030a1701c31ff2277dd8f8cd9a	success	200	93248	bd7a2cfc84011237aca413f8fd4b6ee9130043dc1530bc214cc965d935dc3d88	73417		fixture-hive-10	request-selected-source	1	1	fixture-hive-10	1	0	0	1	0	200	0	0	0	1	0
request-selected-source-wrapped-contains-target-43-zero	graph-parameter	request-selected-source-wrapped-contains	zero	request-graph-selection-and-wrapped-contains	request-selected-source	properties	200	fixture-hive-11	fixture-hive-11	1	fc0779b8fe9d9937d1e4cb4a3dba1379fc83c9a81125f4350e46a986c8531889	success	0	147	805c8c7334c868e18e2be84be95b83cc60895722d739c2b164a68be4cd410c49	19625			request-selected-source	1	1	fixture-hive-11	1	0	0	1	0	1	0	0	0	1	0
request-selected-source-wrapped-contains-target-43-targeted	graph-parameter	request-selected-source-wrapped-contains	targeted	request-graph-selection-and-wrapped-contains	request-selected-source	properties	200	fixture-hive-11	fixture-hive-11	1	fc0779b8fe9d9937d1e4cb4a3dba1379fc83c9a81125f4350e46a986c8531889	success	4	2743	a7aaae25732eb3fc39e7e9697120f6a4534e52262fb153e4201e51d7b31e4606	21250		fixture-hive-11	request-selected-source	1	1	fixture-hive-11	1	0	0	1	0	4	0	0	0	1	0
request-selected-source-wrapped-contains-target-43-dense	graph-parameter	request-selected-source-wrapped-contains	dense	request-graph-selection-and-wrapped-contains	request-selected-source	properties	200	fixture-hive-11	fixture-hive-11	1	fc0779b8fe9d9937d1e4cb4a3dba1379fc83c9a81125f4350e46a986c8531889	success	200	94063	f5c81d8aabcfe449e1a20e1133f0ce5a6c25cde54cfb7e82531ff93f87b6f89e	70542		fixture-hive-11	request-selected-source	1	1	fixture-hive-11	1	0	0	1	0	200	0	0	0	1	0
request-selected-source-wrapped-contains-target-44-zero	graph-parameter	request-selected-source-wrapped-contains	zero	request-graph-selection-and-wrapped-contains	request-selected-source	properties	200	fixture-hive-12	fixture-hive-12	1	b0c62bc41512e26a42d23ec1fd21c12eb0d433e252eed22e92d2246689f7489a	success	0	147	805c8c7334c868e18e2be84be95b83cc60895722d739c2b164a68be4cd410c49	33584			request-selected-source	1	1	fixture-hive-12	1	0	0	1	0	1	0	0	0	1	0
request-selected-source-wrapped-contains-target-44-targeted	graph-parameter	request-selected-source-wrapped-contains	targeted	request-graph-selection-and-wrapped-contains	request-selected-source	properties	200	fixture-hive-12	fixture-hive-12	1	b0c62bc41512e26a42d23ec1fd21c12eb0d433e252eed22e92d2246689f7489a	success	4	2890	b8c7750587d3cb95373de074cba017cf14e5d85811bfc8cc2b49fa06615dc14f	36958		fixture-hive-12	request-selected-source	1	1	fixture-hive-12	1	0	0	1	0	4	0	0	0	1	0
request-selected-source-wrapped-contains-target-44-dense	graph-parameter	request-selected-source-wrapped-contains	dense	request-graph-selection-and-wrapped-contains	request-selected-source	properties	200	fixture-hive-12	fixture-hive-12	1	b0c62bc41512e26a42d23ec1fd21c12eb0d433e252eed22e92d2246689f7489a	success	200	90517	901cb7ad5a7cef604f7264d87d81f85a7b3e521b0175839dd61f15fa140b58cf	81208		fixture-hive-12	request-selected-source	1	1	fixture-hive-12	1	0	0	1	0	200	0	0	0	1	0
request-selected-source-wrapped-contains-target-45-zero	graph-parameter	request-selected-source-wrapped-contains	zero	request-graph-selection-and-wrapped-contains	request-selected-source	properties	200	fixture-hive-13	fixture-hive-13	1	2f758a1599ac4d799ee27ae81f81bfe54bc6240d59e8f003bf5cd782742affd0	success	0	147	805c8c7334c868e18e2be84be95b83cc60895722d739c2b164a68be4cd410c49	21833			request-selected-source	1	1	fixture-hive-13	1	0	0	1	0	1	0	0	0	1	0
request-selected-source-wrapped-contains-target-45-targeted	graph-parameter	request-selected-source-wrapped-contains	targeted	request-graph-selection-and-wrapped-contains	request-selected-source	properties	200	fixture-hive-13	fixture-hive-13	1	2f758a1599ac4d799ee27ae81f81bfe54bc6240d59e8f003bf5cd782742affd0	success	1	807	7a2ea6e6b7c61f333c01be975226570ddf428683fdf6c4eb419e09457718acf9	23292		fixture-hive-13	request-selected-source	1	1	fixture-hive-13	1	0	0	1	0	1	0	0	0	1	0
request-selected-source-wrapped-contains-target-45-dense	graph-parameter	request-selected-source-wrapped-contains	dense	request-graph-selection-and-wrapped-contains	request-selected-source	properties	200	fixture-hive-13	fixture-hive-13	1	2f758a1599ac4d799ee27ae81f81bfe54bc6240d59e8f003bf5cd782742affd0	success	200	92534	8ce2fca3adf975e2913f1d7a0f91465f04ef5e5cdbaaa1f51ca68901be616480	72708		fixture-hive-13	request-selected-source	1	1	fixture-hive-13	1	0	0	1	0	200	0	0	0	1	0
request-selected-source-wrapped-contains-target-46-zero	graph-parameter	request-selected-source-wrapped-contains	zero	request-graph-selection-and-wrapped-contains	request-selected-source	properties	200	fixture-hive-14	fixture-hive-14	1	960cf66cc8af0003002afe076d1f893b29b2a55fabfac7d5316eb3e3b9c46f67	success	0	147	805c8c7334c868e18e2be84be95b83cc60895722d739c2b164a68be4cd410c49	23542			request-selected-source	1	1	fixture-hive-14	1	0	0	1	0	1	0	0	0	1	0
request-selected-source-wrapped-contains-target-46-targeted	graph-parameter	request-selected-source-wrapped-contains	targeted	request-graph-selection-and-wrapped-contains	request-selected-source	properties	200	fixture-hive-14	fixture-hive-14	1	960cf66cc8af0003002afe076d1f893b29b2a55fabfac7d5316eb3e3b9c46f67	success	45	27605	5de372ca8e19ec486456452fc7bd2d9f18c4d7b0beb5e238b24073911e1d2e3a	31000		fixture-hive-14	request-selected-source	1	1	fixture-hive-14	1	0	0	1	0	45	0	0	0	1	0
request-selected-source-wrapped-contains-target-46-dense	graph-parameter	request-selected-source-wrapped-contains	dense	request-graph-selection-and-wrapped-contains	request-selected-source	properties	200	fixture-hive-14	fixture-hive-14	1	960cf66cc8af0003002afe076d1f893b29b2a55fabfac7d5316eb3e3b9c46f67	success	200	96641	3ad39c9167b00424c5957087068cab90d47268c9063b8d9e565113275edd98c8	68917		fixture-hive-14	request-selected-source	1	1	fixture-hive-14	1	0	0	1	0	200	0	0	0	1	0
request-selected-source-wrapped-contains-target-47-zero	graph-parameter	request-selected-source-wrapped-contains	zero	request-graph-selection-and-wrapped-contains	request-selected-source	properties	200	fixture-hive-15	fixture-hive-15	1	d5c3f70f4e04fa9e3851b5ba956c39c64ff3bf4c48028255a069369d65d3e3dc	success	0	147	805c8c7334c868e18e2be84be95b83cc60895722d739c2b164a68be4cd410c49	18542			request-selected-source	1	1	fixture-hive-15	1	0	0	1	0	1	0	0	0	1	0
request-selected-source-wrapped-contains-target-47-targeted	graph-parameter	request-selected-source-wrapped-contains	targeted	request-graph-selection-and-wrapped-contains	request-selected-source	properties	200	fixture-hive-15	fixture-hive-15	1	d5c3f70f4e04fa9e3851b5ba956c39c64ff3bf4c48028255a069369d65d3e3dc	success	66	40159	fcfc173325ae104971344d6daea93c8089a472f712f938cfbd16c519ba82c551	39708		fixture-hive-15	request-selected-source	1	1	fixture-hive-15	1	0	0	1	0	66	0	0	0	1	0
request-selected-source-wrapped-contains-target-47-dense	graph-parameter	request-selected-source-wrapped-contains	dense	request-graph-selection-and-wrapped-contains	request-selected-source	properties	200	fixture-hive-15	fixture-hive-15	1	d5c3f70f4e04fa9e3851b5ba956c39c64ff3bf4c48028255a069369d65d3e3dc	success	200	97359	d162ad37d2e7b659e55cddb63b7d42e922fbd2396ae9679f7648226751bb7a13	66084		fixture-hive-15	request-selected-source	1	1	fixture-hive-15	1	0	0	1	0	200	0	0	0	1	0
request-selected-source-wrapped-contains-target-48-zero	graph-parameter	request-selected-source-wrapped-contains	zero	request-graph-selection-and-wrapped-contains	request-selected-source	properties	200	fixture-kotlin-compiler-00	fixture-kotlin-compiler-00	1	e0590ddba3b9b9f8de79bee6771cc2f41482d9bcf2b6d495c533f4d523602a1c	success	0	147	805c8c7334c868e18e2be84be95b83cc60895722d739c2b164a68be4cd410c49	25500			request-selected-source	1	1	fixture-kotlin-compiler-00	1	0	0	1	0	1	0	0	0	1	0
request-selected-source-wrapped-contains-target-48-targeted	graph-parameter	request-selected-source-wrapped-contains	targeted	request-graph-selection-and-wrapped-contains	request-selected-source	properties	200	fixture-kotlin-compiler-00	fixture-kotlin-compiler-00	1	e0590ddba3b9b9f8de79bee6771cc2f41482d9bcf2b6d495c533f4d523602a1c	success	10	6351	274597a5e0e535d6581734920f9ffbc39062a84a13ad9d85823a8f12df219dfd	20958		fixture-kotlin-compiler-00	request-selected-source	1	1	fixture-kotlin-compiler-00	1	0	0	1	0	10	0	0	0	1	0
request-selected-source-wrapped-contains-target-48-dense	graph-parameter	request-selected-source-wrapped-contains	dense	request-graph-selection-and-wrapped-contains	request-selected-source	properties	200	fixture-kotlin-compiler-00	fixture-kotlin-compiler-00	1	e0590ddba3b9b9f8de79bee6771cc2f41482d9bcf2b6d495c533f4d523602a1c	success	200	97301	4abd067ea3c7496241f2623586a132809a81e33bd08c7645b717be3ee7ee2542	85000		fixture-kotlin-compiler-00	request-selected-source	1	1	fixture-kotlin-compiler-00	1	0	0	1	0	200	0	0	0	1	0
request-selected-source-wrapped-contains-target-49-zero	graph-parameter	request-selected-source-wrapped-contains	zero	request-graph-selection-and-wrapped-contains	request-selected-source	properties	200	fixture-kotlin-compiler-01	fixture-kotlin-compiler-01	1	a2378f34cd746f343988852d75ea5d50b8bfe89e6cd965dacb19b742e3a8c966	success	0	147	805c8c7334c868e18e2be84be95b83cc60895722d739c2b164a68be4cd410c49	27750			request-selected-source	1	1	fixture-kotlin-compiler-01	1	0	0	1	0	1	0	0	0	1	0
request-selected-source-wrapped-contains-target-49-targeted	graph-parameter	request-selected-source-wrapped-contains	targeted	request-graph-selection-and-wrapped-contains	request-selected-source	properties	200	fixture-kotlin-compiler-01	fixture-kotlin-compiler-01	1	a2378f34cd746f343988852d75ea5d50b8bfe89e6cd965dacb19b742e3a8c966	success	4	2598	d72c68d3fe0e8e0257e28136dfcba3f279a31d304b51dc9611dfa7b0f16169a8	24334		fixture-kotlin-compiler-01	request-selected-source	1	1	fixture-kotlin-compiler-01	1	0	0	1	0	4	0	0	0	1	0
request-selected-source-wrapped-contains-target-49-dense	graph-parameter	request-selected-source-wrapped-contains	dense	request-graph-selection-and-wrapped-contains	request-selected-source	properties	200	fixture-kotlin-compiler-01	fixture-kotlin-compiler-01	1	a2378f34cd746f343988852d75ea5d50b8bfe89e6cd965dacb19b742e3a8c966	success	200	95854	6848b85ce01299f2ea05bcca3edaa8c69792c61113aeaea43a401f01793bb61d	73750		fixture-kotlin-compiler-01	request-selected-source	1	1	fixture-kotlin-compiler-01	1	0	0	1	0	200	0	0	0	1	0
request-selected-source-wrapped-contains-target-50-zero	graph-parameter	request-selected-source-wrapped-contains	zero	request-graph-selection-and-wrapped-contains	request-selected-source	properties	200	fixture-kotlin-compiler-02	fixture-kotlin-compiler-02	1	b4996e09ff7c9fb90ce978374faa803d01485382a499402abfd9028048b79bf7	success	0	147	805c8c7334c868e18e2be84be95b83cc60895722d739c2b164a68be4cd410c49	25416			request-selected-source	1	1	fixture-kotlin-compiler-02	1	0	0	1	0	1	0	0	0	1	0
request-selected-source-wrapped-contains-target-50-targeted	graph-parameter	request-selected-source-wrapped-contains	targeted	request-graph-selection-and-wrapped-contains	request-selected-source	properties	200	fixture-kotlin-compiler-02	fixture-kotlin-compiler-02	1	b4996e09ff7c9fb90ce978374faa803d01485382a499402abfd9028048b79bf7	success	1	791	85dd6bfd8cfa28628294c822275e5bb7a279ea8142c47ff362a55c060e68da37	26417		fixture-kotlin-compiler-02	request-selected-source	1	1	fixture-kotlin-compiler-02	1	0	0	1	0	1	0	0	0	1	0
request-selected-source-wrapped-contains-target-50-dense	graph-parameter	request-selected-source-wrapped-contains	dense	request-graph-selection-and-wrapped-contains	request-selected-source	properties	200	fixture-kotlin-compiler-02	fixture-kotlin-compiler-02	1	b4996e09ff7c9fb90ce978374faa803d01485382a499402abfd9028048b79bf7	success	200	91564	fbf180fab82c32493738bb60bb29955d3f45810bb23806d614f71964200069bc	122250		fixture-kotlin-compiler-02	request-selected-source	1	1	fixture-kotlin-compiler-02	1	0	0	1	0	200	0	0	0	1	0
request-selected-source-wrapped-contains-target-51-zero	graph-parameter	request-selected-source-wrapped-contains	zero	request-graph-selection-and-wrapped-contains	request-selected-source	properties	200	fixture-kotlin-compiler-03	fixture-kotlin-compiler-03	1	a2350bbcc2f1ba8738ae72b167e586240ce7149551e3fba11f7a358d11b7801e	success	0	147	805c8c7334c868e18e2be84be95b83cc60895722d739c2b164a68be4cd410c49	44334			request-selected-source	1	1	fixture-kotlin-compiler-03	1	0	0	1	0	1	0	0	0	1	0
request-selected-source-wrapped-contains-target-51-targeted	graph-parameter	request-selected-source-wrapped-contains	targeted	request-graph-selection-and-wrapped-contains	request-selected-source	properties	200	fixture-kotlin-compiler-03	fixture-kotlin-compiler-03	1	a2350bbcc2f1ba8738ae72b167e586240ce7149551e3fba11f7a358d11b7801e	success	1	798	64ae9673d519a121b865dc50f576291bddc3c4c81c474d10cfb9d0da1dce7c60	28000		fixture-kotlin-compiler-03	request-selected-source	1	1	fixture-kotlin-compiler-03	1	0	0	1	0	1	0	0	0	1	0
request-selected-source-wrapped-contains-target-51-dense	graph-parameter	request-selected-source-wrapped-contains	dense	request-graph-selection-and-wrapped-contains	request-selected-source	properties	200	fixture-kotlin-compiler-03	fixture-kotlin-compiler-03	1	a2350bbcc2f1ba8738ae72b167e586240ce7149551e3fba11f7a358d11b7801e	success	200	94730	d508f1cb1d0c5646118a68e8a87c49c66a454661e438e3f033289c173598f51f	67541		fixture-kotlin-compiler-03	request-selected-source	1	1	fixture-kotlin-compiler-03	1	0	0	1	0	200	0	0	0	1	0
request-selected-source-wrapped-contains-target-52-zero	graph-parameter	request-selected-source-wrapped-contains	zero	request-graph-selection-and-wrapped-contains	request-selected-source	properties	200	fixture-kotlin-compiler-04	fixture-kotlin-compiler-04	1	1835d0591826a821b1c4a8a0df21cd273c40697176c253109b1663d9e56d64a0	success	0	147	805c8c7334c868e18e2be84be95b83cc60895722d739c2b164a68be4cd410c49	33709			request-selected-source	1	1	fixture-kotlin-compiler-04	1	0	0	1	0	1	0	0	0	1	0
request-selected-source-wrapped-contains-target-52-targeted	graph-parameter	request-selected-source-wrapped-contains	targeted	request-graph-selection-and-wrapped-contains	request-selected-source	properties	200	fixture-kotlin-compiler-04	fixture-kotlin-compiler-04	1	1835d0591826a821b1c4a8a0df21cd273c40697176c253109b1663d9e56d64a0	success	1	792	6691abe0a1f608719107bf4ffc3fa52632123ab77cb7c2c3c6536cd32de533b1	26791		fixture-kotlin-compiler-04	request-selected-source	1	1	fixture-kotlin-compiler-04	1	0	0	1	0	1	0	0	0	1	0
request-selected-source-wrapped-contains-target-52-dense	graph-parameter	request-selected-source-wrapped-contains	dense	request-graph-selection-and-wrapped-contains	request-selected-source	properties	200	fixture-kotlin-compiler-04	fixture-kotlin-compiler-04	1	1835d0591826a821b1c4a8a0df21cd273c40697176c253109b1663d9e56d64a0	success	200	96891	db4b9bfadbbb61a039e76484090eda57349ec9585a7c795f46793352fb739e7c	78292		fixture-kotlin-compiler-04	request-selected-source	1	1	fixture-kotlin-compiler-04	1	0	0	1	0	200	0	0	0	1	0
request-selected-source-wrapped-contains-target-53-zero	graph-parameter	request-selected-source-wrapped-contains	zero	request-graph-selection-and-wrapped-contains	request-selected-source	properties	200	fixture-kotlin-compiler-05	fixture-kotlin-compiler-05	1	65de36ec09041582c4ff4a57708f099a7d72d4907a327e47ae026767f5ff0db0	success	0	147	805c8c7334c868e18e2be84be95b83cc60895722d739c2b164a68be4cd410c49	22334			request-selected-source	1	1	fixture-kotlin-compiler-05	1	0	0	1	0	1	0	0	0	1	0
request-selected-source-wrapped-contains-target-53-targeted	graph-parameter	request-selected-source-wrapped-contains	targeted	request-graph-selection-and-wrapped-contains	request-selected-source	properties	200	fixture-kotlin-compiler-05	fixture-kotlin-compiler-05	1	65de36ec09041582c4ff4a57708f099a7d72d4907a327e47ae026767f5ff0db0	success	6	3910	d987ccd9722d9cd5492fcbb62423f1a89bb41e05ea0e3fb44e7cc793b9656b12	22791		fixture-kotlin-compiler-05	request-selected-source	1	1	fixture-kotlin-compiler-05	1	0	0	1	0	6	0	0	0	1	0
request-selected-source-wrapped-contains-target-53-dense	graph-parameter	request-selected-source-wrapped-contains	dense	request-graph-selection-and-wrapped-contains	request-selected-source	properties	200	fixture-kotlin-compiler-05	fixture-kotlin-compiler-05	1	65de36ec09041582c4ff4a57708f099a7d72d4907a327e47ae026767f5ff0db0	success	200	94720	c9e7b59e830a820a47234ca1fd54046d1c260db318e05adc24dc748ca7fe29c0	79459		fixture-kotlin-compiler-05	request-selected-source	1	1	fixture-kotlin-compiler-05	1	0	0	1	0	200	0	0	0	1	0
request-selected-source-wrapped-contains-target-54-zero	graph-parameter	request-selected-source-wrapped-contains	zero	request-graph-selection-and-wrapped-contains	request-selected-source	properties	200	fixture-kotlin-compiler-06	fixture-kotlin-compiler-06	1	455e2dea20c33d78ad4888048700c76ead131cc5fff61b1b6745f3cf019d98c7	success	0	147	805c8c7334c868e18e2be84be95b83cc60895722d739c2b164a68be4cd410c49	24083			request-selected-source	1	1	fixture-kotlin-compiler-06	1	0	0	1	0	1	0	0	0	1	0
request-selected-source-wrapped-contains-target-54-targeted	graph-parameter	request-selected-source-wrapped-contains	targeted	request-graph-selection-and-wrapped-contains	request-selected-source	properties	200	fixture-kotlin-compiler-06	fixture-kotlin-compiler-06	1	455e2dea20c33d78ad4888048700c76ead131cc5fff61b1b6745f3cf019d98c7	success	3	1869	5157205e66d4cebff8b628175c555fdb333564013eabc5f496e37f9a4ad2b606	20875		fixture-kotlin-compiler-06	request-selected-source	1	1	fixture-kotlin-compiler-06	1	0	0	1	0	3	0	0	0	1	0
request-selected-source-wrapped-contains-target-54-dense	graph-parameter	request-selected-source-wrapped-contains	dense	request-graph-selection-and-wrapped-contains	request-selected-source	properties	200	fixture-kotlin-compiler-06	fixture-kotlin-compiler-06	1	455e2dea20c33d78ad4888048700c76ead131cc5fff61b1b6745f3cf019d98c7	success	200	92798	60b390f0b190e46f6fd1b4929641c7324c9142e0f18a85bc338e7b41ebe62db5	76208		fixture-kotlin-compiler-06	request-selected-source	1	1	fixture-kotlin-compiler-06	1	0	0	1	0	200	0	0	0	1	0
request-selected-source-wrapped-contains-target-55-zero	graph-parameter	request-selected-source-wrapped-contains	zero	request-graph-selection-and-wrapped-contains	request-selected-source	properties	200	fixture-kotlin-compiler-07	fixture-kotlin-compiler-07	1	6c1c49dd5e3fe90a5fa68f9ab09606732d59b2cb006a42f463d6390d9a27f2a1	success	0	147	805c8c7334c868e18e2be84be95b83cc60895722d739c2b164a68be4cd410c49	21583			request-selected-source	1	1	fixture-kotlin-compiler-07	1	0	0	1	0	1	0	0	0	1	0
request-selected-source-wrapped-contains-target-55-targeted	graph-parameter	request-selected-source-wrapped-contains	targeted	request-graph-selection-and-wrapped-contains	request-selected-source	properties	200	fixture-kotlin-compiler-07	fixture-kotlin-compiler-07	1	6c1c49dd5e3fe90a5fa68f9ab09606732d59b2cb006a42f463d6390d9a27f2a1	success	10	6054	f5c10be5db49f33f0b8307328bfb058b342da4d9241c33217038447620028ab5	29209		fixture-kotlin-compiler-07	request-selected-source	1	1	fixture-kotlin-compiler-07	1	0	0	1	0	10	0	0	0	1	0
request-selected-source-wrapped-contains-target-55-dense	graph-parameter	request-selected-source-wrapped-contains	dense	request-graph-selection-and-wrapped-contains	request-selected-source	properties	200	fixture-kotlin-compiler-07	fixture-kotlin-compiler-07	1	6c1c49dd5e3fe90a5fa68f9ab09606732d59b2cb006a42f463d6390d9a27f2a1	success	200	96112	0f6d4800cdd86ccdf20aab2fe6bd2924f66d70c9fcca46057385e09ba151a798	66500		fixture-kotlin-compiler-07	request-selected-source	1	1	fixture-kotlin-compiler-07	1	0	0	1	0	200	0	0	0	1	0
request-selected-source-wrapped-contains-target-56-zero	graph-parameter	request-selected-source-wrapped-contains	zero	request-graph-selection-and-wrapped-contains	request-selected-source	properties	200	fixture-kotlin-compiler-08	fixture-kotlin-compiler-08	1	37be466842d1f239df76fe55e92f6769fc0b2d6e47e43f0020c40a8ce8422cb0	success	0	147	805c8c7334c868e18e2be84be95b83cc60895722d739c2b164a68be4cd410c49	59167			request-selected-source	1	1	fixture-kotlin-compiler-08	1	0	0	1	0	1	0	0	0	1	0
request-selected-source-wrapped-contains-target-56-targeted	graph-parameter	request-selected-source-wrapped-contains	targeted	request-graph-selection-and-wrapped-contains	request-selected-source	properties	200	fixture-kotlin-compiler-08	fixture-kotlin-compiler-08	1	37be466842d1f239df76fe55e92f6769fc0b2d6e47e43f0020c40a8ce8422cb0	success	1	802	7ebbe5301915ad5c39692b733c3f39851576d09270c89f830b9e80b342a866f6	55958		fixture-kotlin-compiler-08	request-selected-source	1	1	fixture-kotlin-compiler-08	1	0	0	1	0	1	0	0	0	1	0
request-selected-source-wrapped-contains-target-56-dense	graph-parameter	request-selected-source-wrapped-contains	dense	request-graph-selection-and-wrapped-contains	request-selected-source	properties	200	fixture-kotlin-compiler-08	fixture-kotlin-compiler-08	1	37be466842d1f239df76fe55e92f6769fc0b2d6e47e43f0020c40a8ce8422cb0	success	200	93704	b778fc4edfb3c1031b90b2d3d121fd31958733afdc68d3f1cde538a17b738328	61500		fixture-kotlin-compiler-08	request-selected-source	1	1	fixture-kotlin-compiler-08	1	0	0	1	0	200	0	0	0	1	0
request-selected-source-wrapped-contains-target-57-zero	graph-parameter	request-selected-source-wrapped-contains	zero	request-graph-selection-and-wrapped-contains	request-selected-source	properties	200	fixture-kotlin-compiler-09	fixture-kotlin-compiler-09	1	5bacb6648bba38e91cc033e69d42538b040b89f913b58ee2afebb53ba8d35c57	success	0	147	805c8c7334c868e18e2be84be95b83cc60895722d739c2b164a68be4cd410c49	27958			request-selected-source	1	1	fixture-kotlin-compiler-09	1	0	0	1	0	1	0	0	0	1	0
request-selected-source-wrapped-contains-target-57-targeted	graph-parameter	request-selected-source-wrapped-contains	targeted	request-graph-selection-and-wrapped-contains	request-selected-source	properties	200	fixture-kotlin-compiler-09	fixture-kotlin-compiler-09	1	5bacb6648bba38e91cc033e69d42538b040b89f913b58ee2afebb53ba8d35c57	success	1	765	0812dc51126311be5cac082c5d39676905cd9a0811e6a08f17ec6343dc843471	22917		fixture-kotlin-compiler-09	request-selected-source	1	1	fixture-kotlin-compiler-09	1	0	0	1	0	1	0	0	0	1	0
request-selected-source-wrapped-contains-target-57-dense	graph-parameter	request-selected-source-wrapped-contains	dense	request-graph-selection-and-wrapped-contains	request-selected-source	properties	200	fixture-kotlin-compiler-09	fixture-kotlin-compiler-09	1	5bacb6648bba38e91cc033e69d42538b040b89f913b58ee2afebb53ba8d35c57	success	200	99258	415f437224f091ed04a72fa493ee405ec437acfcfdf54dee50789c56e5356f10	73541		fixture-kotlin-compiler-09	request-selected-source	1	1	fixture-kotlin-compiler-09	1	0	0	1	0	200	0	0	0	1	0
request-selected-source-wrapped-contains-target-58-zero	graph-parameter	request-selected-source-wrapped-contains	zero	request-graph-selection-and-wrapped-contains	request-selected-source	properties	200	fixture-kotlin-compiler-10	fixture-kotlin-compiler-10	1	634f1070c869c5f39ed7722d97b19c8976bc7fee623a8cfc705bcdd955e20759	success	0	147	805c8c7334c868e18e2be84be95b83cc60895722d739c2b164a68be4cd410c49	53417			request-selected-source	1	1	fixture-kotlin-compiler-10	1	0	0	1	0	1	0	0	0	1	0
request-selected-source-wrapped-contains-target-58-targeted	graph-parameter	request-selected-source-wrapped-contains	targeted	request-graph-selection-and-wrapped-contains	request-selected-source	properties	200	fixture-kotlin-compiler-10	fixture-kotlin-compiler-10	1	634f1070c869c5f39ed7722d97b19c8976bc7fee623a8cfc705bcdd955e20759	success	12	7029	1df616dc12f8aa99df8ef1921ad6c878afdd2d37362d488527ffbb7ddbe7f6e3	41250		fixture-kotlin-compiler-10	request-selected-source	1	1	fixture-kotlin-compiler-10	1	0	0	1	0	12	0	0	0	1	0
request-selected-source-wrapped-contains-target-58-dense	graph-parameter	request-selected-source-wrapped-contains	dense	request-graph-selection-and-wrapped-contains	request-selected-source	properties	200	fixture-kotlin-compiler-10	fixture-kotlin-compiler-10	1	634f1070c869c5f39ed7722d97b19c8976bc7fee623a8cfc705bcdd955e20759	success	200	94948	3f3fd3df372307937afdfd0915ce035266497833c5712760faf456eece659c97	80333		fixture-kotlin-compiler-10	request-selected-source	1	1	fixture-kotlin-compiler-10	1	0	0	1	0	200	0	0	0	1	0
request-selected-source-wrapped-contains-target-59-zero	graph-parameter	request-selected-source-wrapped-contains	zero	request-graph-selection-and-wrapped-contains	request-selected-source	properties	200	fixture-kotlin-compiler-11	fixture-kotlin-compiler-11	1	9e1bbfe33d12ec072b828f417bb9dcdab26d7daecb14898f31eb2d73cdaff93c	success	0	147	805c8c7334c868e18e2be84be95b83cc60895722d739c2b164a68be4cd410c49	66542			request-selected-source	1	1	fixture-kotlin-compiler-11	1	0	0	1	0	1	0	0	0	1	0
request-selected-source-wrapped-contains-target-59-targeted	graph-parameter	request-selected-source-wrapped-contains	targeted	request-graph-selection-and-wrapped-contains	request-selected-source	properties	200	fixture-kotlin-compiler-11	fixture-kotlin-compiler-11	1	9e1bbfe33d12ec072b828f417bb9dcdab26d7daecb14898f31eb2d73cdaff93c	success	11	6729	3d47749a3f582c73a2df58bf3f9b3beed9c001af5d9bd91af1d30abe76d3f524	27541		fixture-kotlin-compiler-11	request-selected-source	1	1	fixture-kotlin-compiler-11	1	0	0	1	0	11	0	0	0	1	0
request-selected-source-wrapped-contains-target-59-dense	graph-parameter	request-selected-source-wrapped-contains	dense	request-graph-selection-and-wrapped-contains	request-selected-source	properties	200	fixture-kotlin-compiler-11	fixture-kotlin-compiler-11	1	9e1bbfe33d12ec072b828f417bb9dcdab26d7daecb14898f31eb2d73cdaff93c	success	200	89429	54106029dd8c0484e4d4612954bdb30eebd525f910018413d1ee09bf2ea5c8ac	72042		fixture-kotlin-compiler-11	request-selected-source	1	1	fixture-kotlin-compiler-11	1	0	0	1	0	200	0	0	0	1	0
request-selected-source-wrapped-contains-target-60-zero	graph-parameter	request-selected-source-wrapped-contains	zero	request-graph-selection-and-wrapped-contains	request-selected-source	properties	200	fixture-kotlin-compiler-12	fixture-kotlin-compiler-12	1	45b0266366bbda196d2004ab993b070c325a01ec90b2c254cb7a89f0070e843a	success	0	147	805c8c7334c868e18e2be84be95b83cc60895722d739c2b164a68be4cd410c49	19667			request-selected-source	1	1	fixture-kotlin-compiler-12	1	0	0	1	0	1	0	0	0	1	0
request-selected-source-wrapped-contains-target-60-targeted	graph-parameter	request-selected-source-wrapped-contains	targeted	request-graph-selection-and-wrapped-contains	request-selected-source	properties	200	fixture-kotlin-compiler-12	fixture-kotlin-compiler-12	1	45b0266366bbda196d2004ab993b070c325a01ec90b2c254cb7a89f0070e843a	success	13	7599	88379c6b80e2b23974c6b6a1e2c6fc3f3680ec705c71b7cecbc9a2228bf7fa26	27500		fixture-kotlin-compiler-12	request-selected-source	1	1	fixture-kotlin-compiler-12	1	0	0	1	0	13	0	0	0	1	0
request-selected-source-wrapped-contains-target-60-dense	graph-parameter	request-selected-source-wrapped-contains	dense	request-graph-selection-and-wrapped-contains	request-selected-source	properties	200	fixture-kotlin-compiler-12	fixture-kotlin-compiler-12	1	45b0266366bbda196d2004ab993b070c325a01ec90b2c254cb7a89f0070e843a	success	200	94040	5d662b90e716477fff887768402c85462026d6042e22f1d7fafdb565b9f9efc8	65000		fixture-kotlin-compiler-12	request-selected-source	1	1	fixture-kotlin-compiler-12	1	0	0	1	0	200	0	0	0	1	0
request-selected-source-wrapped-contains-target-61-zero	graph-parameter	request-selected-source-wrapped-contains	zero	request-graph-selection-and-wrapped-contains	request-selected-source	properties	200	fixture-kotlin-compiler-13	fixture-kotlin-compiler-13	1	aedca61396c53e1f40a6a8408974c2e44a02b0dd40978618ab51b02da9ecb430	success	0	147	805c8c7334c868e18e2be84be95b83cc60895722d739c2b164a68be4cd410c49	24208			request-selected-source	1	1	fixture-kotlin-compiler-13	1	0	0	1	0	1	0	0	0	1	0
request-selected-source-wrapped-contains-target-61-targeted	graph-parameter	request-selected-source-wrapped-contains	targeted	request-graph-selection-and-wrapped-contains	request-selected-source	properties	200	fixture-kotlin-compiler-13	fixture-kotlin-compiler-13	1	aedca61396c53e1f40a6a8408974c2e44a02b0dd40978618ab51b02da9ecb430	success	8	5180	b6f5bd5828bd66e4f09f8198b509f3673986060cf32e2725dff13d9bcb4d6e9b	22792		fixture-kotlin-compiler-13	request-selected-source	1	1	fixture-kotlin-compiler-13	1	0	0	1	0	8	0	0	0	1	0
request-selected-source-wrapped-contains-target-61-dense	graph-parameter	request-selected-source-wrapped-contains	dense	request-graph-selection-and-wrapped-contains	request-selected-source	properties	200	fixture-kotlin-compiler-13	fixture-kotlin-compiler-13	1	aedca61396c53e1f40a6a8408974c2e44a02b0dd40978618ab51b02da9ecb430	success	200	93638	00f9fdf9bf9dc94ccc0d67b35cb45c01a8e623cfaedfdb70da1cc1bfa69daf82	67958		fixture-kotlin-compiler-13	request-selected-source	1	1	fixture-kotlin-compiler-13	1	0	0	1	0	200	0	0	0	1	0
request-selected-source-wrapped-contains-target-62-zero	graph-parameter	request-selected-source-wrapped-contains	zero	request-graph-selection-and-wrapped-contains	request-selected-source	properties	200	fixture-kotlin-compiler-14	fixture-kotlin-compiler-14	1	7f28ad9f946e8d01109ca70944e08883f52dd5c6cb287fa2d5fade1909b610b0	success	0	147	805c8c7334c868e18e2be84be95b83cc60895722d739c2b164a68be4cd410c49	18875			request-selected-source	1	1	fixture-kotlin-compiler-14	1	0	0	1	0	1	0	0	0	1	0
request-selected-source-wrapped-contains-target-62-targeted	graph-parameter	request-selected-source-wrapped-contains	targeted	request-graph-selection-and-wrapped-contains	request-selected-source	properties	200	fixture-kotlin-compiler-14	fixture-kotlin-compiler-14	1	7f28ad9f946e8d01109ca70944e08883f52dd5c6cb287fa2d5fade1909b610b0	success	1	877	f04b3035acb1285487cb68f126c796fd316b35c6ce630f1e71efd88436bf28f2	24042		fixture-kotlin-compiler-14	request-selected-source	1	1	fixture-kotlin-compiler-14	1	0	0	1	0	1	0	0	0	1	0
request-selected-source-wrapped-contains-target-62-dense	graph-parameter	request-selected-source-wrapped-contains	dense	request-graph-selection-and-wrapped-contains	request-selected-source	properties	200	fixture-kotlin-compiler-14	fixture-kotlin-compiler-14	1	7f28ad9f946e8d01109ca70944e08883f52dd5c6cb287fa2d5fade1909b610b0	success	200	97449	f19574ac46a01dafc16136d9e8c4835b8d40c72753078eb8a67a1d7d438dd937	67833		fixture-kotlin-compiler-14	request-selected-source	1	1	fixture-kotlin-compiler-14	1	0	0	1	0	200	0	0	0	1	0
request-selected-source-wrapped-contains-target-63-zero	graph-parameter	request-selected-source-wrapped-contains	zero	request-graph-selection-and-wrapped-contains	request-selected-source	properties	200	fixture-kotlin-compiler-15	fixture-kotlin-compiler-15	1	86015e396789c5c1cf86d1df3b0b97987a7b461bfcfb129491f3d758793d1d65	success	0	147	805c8c7334c868e18e2be84be95b83cc60895722d739c2b164a68be4cd410c49	22542			request-selected-source	1	1	fixture-kotlin-compiler-15	1	0	0	1	0	1	0	0	0	1	0
request-selected-source-wrapped-contains-target-63-targeted	graph-parameter	request-selected-source-wrapped-contains	targeted	request-graph-selection-and-wrapped-contains	request-selected-source	properties	200	fixture-kotlin-compiler-15	fixture-kotlin-compiler-15	1	86015e396789c5c1cf86d1df3b0b97987a7b461bfcfb129491f3d758793d1d65	success	1	778	1734729b6952d2a8eff267ca86b458aa4fd5e0c703c1fa60dd66478cd3c49356	17917		fixture-kotlin-compiler-15	request-selected-source	1	1	fixture-kotlin-compiler-15	1	0	0	1	0	1	0	0	0	1	0
request-selected-source-wrapped-contains-target-63-dense	graph-parameter	request-selected-source-wrapped-contains	dense	request-graph-selection-and-wrapped-contains	request-selected-source	properties	200	fixture-kotlin-compiler-15	fixture-kotlin-compiler-15	1	86015e396789c5c1cf86d1df3b0b97987a7b461bfcfb129491f3d758793d1d65	success	200	91412	082721be4b0e9234c67505fe172c638dcb4ef8924db9c6264a191473dfc4e443	61791		fixture-kotlin-compiler-15	request-selected-source	1	1	fixture-kotlin-compiler-15	1	0	0	1	0	200	0	0	0	1	0
contains-and-zero	boolean	contains-and	zero	contains	and	distinct-properties	100			0		success	0	84	425b336aa734c4a1ffbfb58aeaf5489b33f919170492c4bff859504736492e7f	2446541			cross-graph-query	64	64	fixture-android-00,fixture-android-01,fixture-android-02,fixture-android-03,fixture-android-04,fixture-android-05,fixture-android-06,fixture-android-07,fixture-android-08,fixture-android-09,fixture-android-10,fixture-android-11,fixture-android-12,fixture-android-13,fixture-android-14,fixture-android-15,fixture-hive-00,fixture-hive-01,fixture-hive-02,fixture-hive-03,fixture-hive-04,fixture-hive-05,fixture-hive-06,fixture-hive-07,fixture-hive-08,fixture-hive-09,fixture-hive-10,fixture-hive-11,fixture-hive-12,fixture-hive-13,fixture-hive-14,fixture-hive-15,fixture-kotlin-compiler-00,fixture-kotlin-compiler-01,fixture-kotlin-compiler-02,fixture-kotlin-compiler-03,fixture-kotlin-compiler-04,fixture-kotlin-compiler-05,fixture-kotlin-compiler-06,fixture-kotlin-compiler-07,fixture-kotlin-compiler-08,fixture-kotlin-compiler-09,fixture-kotlin-compiler-10,fixture-kotlin-compiler-11,fixture-kotlin-compiler-12,fixture-kotlin-compiler-13,fixture-kotlin-compiler-14,fixture-kotlin-compiler-15,fixture-tika-00,fixture-tika-01,fixture-tika-02,fixture-tika-03,fixture-tika-04,fixture-tika-05,fixture-tika-06,fixture-tika-07,fixture-tika-08,fixture-tika-09,fixture-tika-10,fixture-tika-11,fixture-tika-12,fixture-tika-13,fixture-tika-14,fixture-tika-15	0	64	0	0	0	2916	0	0	0	1	0
contains-and-targeted	boolean	contains-and	targeted	contains	and	distinct-properties	100			0		success	100	39128	5566f3e5435fa412ab2f4774e56dabda7d68f200d3e5fa5a807441efaa9cc967	259814792		fixture-hive-00	cross-graph-query	64	64	fixture-android-00,fixture-android-01,fixture-android-02,fixture-android-03,fixture-android-04,fixture-android-05,fixture-android-06,fixture-android-07,fixture-android-08,fixture-android-09,fixture-android-10,fixture-android-11,fixture-android-12,fixture-android-13,fixture-android-14,fixture-android-15,fixture-hive-00,fixture-hive-01,fixture-hive-02,fixture-hive-03,fixture-hive-04,fixture-hive-05,fixture-hive-06,fixture-hive-07,fixture-hive-08,fixture-hive-09,fixture-hive-10,fixture-hive-11,fixture-hive-12,fixture-hive-13,fixture-hive-14,fixture-hive-15,fixture-kotlin-compiler-00,fixture-kotlin-compiler-01,fixture-kotlin-compiler-02,fixture-kotlin-compiler-03,fixture-kotlin-compiler-04,fixture-kotlin-compiler-05,fixture-kotlin-compiler-06,fixture-kotlin-compiler-07,fixture-kotlin-compiler-08,fixture-kotlin-compiler-09,fixture-kotlin-compiler-10,fixture-kotlin-compiler-11,fixture-kotlin-compiler-12,fixture-kotlin-compiler-13,fixture-kotlin-compiler-14,fixture-kotlin-compiler-15,fixture-tika-00,fixture-tika-01,fixture-tika-02,fixture-tika-03,fixture-tika-04,fixture-tika-05,fixture-tika-06,fixture-tika-07,fixture-tika-08,fixture-tika-09,fixture-tika-10,fixture-tika-11,fixture-tika-12,fixture-tika-13,fixture-tika-14,fixture-tika-15	0	64	0	16	0	1880861	0	0	0	1	0
contains-and-dense	boolean	contains-and	dense	contains	and	distinct-properties	100			0		success	100	33016	f423f156f37f1d1821c72754abc8b9469244d2306e06bb1b08b025ac1870cd10	23413792		fixture-android-00	cross-graph-query	64	64	fixture-android-00,fixture-android-01,fixture-android-02,fixture-android-03,fixture-android-04,fixture-android-05,fixture-android-06,fixture-android-07,fixture-android-08,fixture-android-09,fixture-android-10,fixture-android-11,fixture-android-12,fixture-android-13,fixture-android-14,fixture-android-15,fixture-hive-00,fixture-hive-01,fixture-hive-02,fixture-hive-03,fixture-hive-04,fixture-hive-05,fixture-hive-06,fixture-hive-07,fixture-hive-08,fixture-hive-09,fixture-hive-10,fixture-hive-11,fixture-hive-12,fixture-hive-13,fixture-hive-14,fixture-hive-15,fixture-kotlin-compiler-00,fixture-kotlin-compiler-01,fixture-kotlin-compiler-02,fixture-kotlin-compiler-03,fixture-kotlin-compiler-04,fixture-kotlin-compiler-05,fixture-kotlin-compiler-06,fixture-kotlin-compiler-07,fixture-kotlin-compiler-08,fixture-kotlin-compiler-09,fixture-kotlin-compiler-10,fixture-kotlin-compiler-11,fixture-kotlin-compiler-12,fixture-kotlin-compiler-13,fixture-kotlin-compiler-14,fixture-kotlin-compiler-15,fixture-tika-00,fixture-tika-01,fixture-tika-02,fixture-tika-03,fixture-tika-04,fixture-tika-05,fixture-tika-06,fixture-tika-07,fixture-tika-08,fixture-tika-09,fixture-tika-10,fixture-tika-11,fixture-tika-12,fixture-tika-13,fixture-tika-14,fixture-tika-15	0	64	0	64	0	369437	0	0	0	1	0
contains-and-or-zero	boolean	contains-and-or	zero	contains	and-or	distinct-property	100			0		success	0	42	fa75ad2e5660fe7240fb4f08f615b532797db64460a5cecd38781db0303b22a7	1089666			cross-graph-query	64	64	fixture-android-00,fixture-android-01,fixture-android-02,fixture-android-03,fixture-android-04,fixture-android-05,fixture-android-06,fixture-android-07,fixture-android-08,fixture-android-09,fixture-android-10,fixture-android-11,fixture-android-12,fixture-android-13,fixture-android-14,fixture-android-15,fixture-hive-00,fixture-hive-01,fixture-hive-02,fixture-hive-03,fixture-hive-04,fixture-hive-05,fixture-hive-06,fixture-hive-07,fixture-hive-08,fixture-hive-09,fixture-hive-10,fixture-hive-11,fixture-hive-12,fixture-hive-13,fixture-hive-14,fixture-hive-15,fixture-kotlin-compiler-00,fixture-kotlin-compiler-01,fixture-kotlin-compiler-02,fixture-kotlin-compiler-03,fixture-kotlin-compiler-04,fixture-kotlin-compiler-05,fixture-kotlin-compiler-06,fixture-kotlin-compiler-07,fixture-kotlin-compiler-08,fixture-kotlin-compiler-09,fixture-kotlin-compiler-10,fixture-kotlin-compiler-11,fixture-kotlin-compiler-12,fixture-kotlin-compiler-13,fixture-kotlin-compiler-14,fixture-kotlin-compiler-15,fixture-tika-00,fixture-tika-01,fixture-tika-02,fixture-tika-03,fixture-tika-04,fixture-tika-05,fixture-tika-06,fixture-tika-07,fixture-tika-08,fixture-tika-09,fixture-tika-10,fixture-tika-11,fixture-tika-12,fixture-tika-13,fixture-tika-14,fixture-tika-15	0	64	0	0	0	2944	0	0	0	1	0
contains-and-or-targeted	boolean	contains-and-or	targeted	contains	and-or	distinct-property	100			0		success	13	3425	3da819d29786721ec4c05c4ab5ab23f86bad89be63c33540f03659264a81c75c	183713209		fixture-kotlin-compiler-06,fixture-kotlin-compiler-07,fixture-kotlin-compiler-08,fixture-kotlin-compiler-09,fixture-kotlin-compiler-10,fixture-kotlin-compiler-11,fixture-kotlin-compiler-12,fixture-kotlin-compiler-13,fixture-kotlin-compiler-14	cross-graph-query	64	64	fixture-android-00,fixture-android-01,fixture-android-02,fixture-android-03,fixture-android-04,fixture-android-05,fixture-android-06,fixture-android-07,fixture-android-08,fixture-android-09,fixture-android-10,fixture-android-11,fixture-android-12,fixture-android-13,fixture-android-14,fixture-android-15,fixture-hive-00,fixture-hive-01,fixture-hive-02,fixture-hive-03,fixture-hive-04,fixture-hive-05,fixture-hive-06,fixture-hive-07,fixture-hive-08,fixture-hive-09,fixture-hive-10,fixture-hive-11,fixture-hive-12,fixture-hive-13,fixture-hive-14,fixture-hive-15,fixture-kotlin-compiler-00,fixture-kotlin-compiler-01,fixture-kotlin-compiler-02,fixture-kotlin-compiler-03,fixture-kotlin-compiler-04,fixture-kotlin-compiler-05,fixture-kotlin-compiler-06,fixture-kotlin-compiler-07,fixture-kotlin-compiler-08,fixture-kotlin-compiler-09,fixture-kotlin-compiler-10,fixture-kotlin-compiler-11,fixture-kotlin-compiler-12,fixture-kotlin-compiler-13,fixture-kotlin-compiler-14,fixture-kotlin-compiler-15,fixture-tika-00,fixture-tika-01,fixture-tika-02,fixture-tika-03,fixture-tika-04,fixture-tika-05,fixture-tika-06,fixture-tika-07,fixture-tika-08,fixture-tika-09,fixture-tika-10,fixture-tika-11,fixture-tika-12,fixture-tika-13,fixture-tika-14,fixture-tika-15	0	64	0	32	0	1356475	0	0	0	1	0
contains-and-or-dense	boolean	contains-and-or	dense	contains	and-or	distinct-property	100			0		success	0	42	fa75ad2e5660fe7240fb4f08f615b532797db64460a5cecd38781db0303b22a7	12429250			cross-graph-query	64	64	fixture-android-00,fixture-android-01,fixture-android-02,fixture-android-03,fixture-android-04,fixture-android-05,fixture-android-06,fixture-android-07,fixture-android-08,fixture-android-09,fixture-android-10,fixture-android-11,fixture-android-12,fixture-android-13,fixture-android-14,fixture-android-15,fixture-hive-00,fixture-hive-01,fixture-hive-02,fixture-hive-03,fixture-hive-04,fixture-hive-05,fixture-hive-06,fixture-hive-07,fixture-hive-08,fixture-hive-09,fixture-hive-10,fixture-hive-11,fixture-hive-12,fixture-hive-13,fixture-hive-14,fixture-hive-15,fixture-kotlin-compiler-00,fixture-kotlin-compiler-01,fixture-kotlin-compiler-02,fixture-kotlin-compiler-03,fixture-kotlin-compiler-04,fixture-kotlin-compiler-05,fixture-kotlin-compiler-06,fixture-kotlin-compiler-07,fixture-kotlin-compiler-08,fixture-kotlin-compiler-09,fixture-kotlin-compiler-10,fixture-kotlin-compiler-11,fixture-kotlin-compiler-12,fixture-kotlin-compiler-13,fixture-kotlin-compiler-14,fixture-kotlin-compiler-15,fixture-tika-00,fixture-tika-01,fixture-tika-02,fixture-tika-03,fixture-tika-04,fixture-tika-05,fixture-tika-06,fixture-tika-07,fixture-tika-08,fixture-tika-09,fixture-tika-10,fixture-tika-11,fixture-tika-12,fixture-tika-13,fixture-tika-14,fixture-tika-15	0	64	0	64	0	179155	0	0	0	1	0
pair-and-pair-zero	boolean	pair-and-pair	zero	contains	and-of-or	properties	100			0		success	0	147	805c8c7334c868e18e2be84be95b83cc60895722d739c2b164a68be4cd410c49	2336583			cross-graph-query	64	64	fixture-android-00,fixture-android-01,fixture-android-02,fixture-android-03,fixture-android-04,fixture-android-05,fixture-android-06,fixture-android-07,fixture-android-08,fixture-android-09,fixture-android-10,fixture-android-11,fixture-android-12,fixture-android-13,fixture-android-14,fixture-android-15,fixture-hive-00,fixture-hive-01,fixture-hive-02,fixture-hive-03,fixture-hive-04,fixture-hive-05,fixture-hive-06,fixture-hive-07,fixture-hive-08,fixture-hive-09,fixture-hive-10,fixture-hive-11,fixture-hive-12,fixture-hive-13,fixture-hive-14,fixture-hive-15,fixture-kotlin-compiler-00,fixture-kotlin-compiler-01,fixture-kotlin-compiler-02,fixture-kotlin-compiler-03,fixture-kotlin-compiler-04,fixture-kotlin-compiler-05,fixture-kotlin-compiler-06,fixture-kotlin-compiler-07,fixture-kotlin-compiler-08,fixture-kotlin-compiler-09,fixture-kotlin-compiler-10,fixture-kotlin-compiler-11,fixture-kotlin-compiler-12,fixture-kotlin-compiler-13,fixture-kotlin-compiler-14,fixture-kotlin-compiler-15,fixture-tika-00,fixture-tika-01,fixture-tika-02,fixture-tika-03,fixture-tika-04,fixture-tika-05,fixture-tika-06,fixture-tika-07,fixture-tika-08,fixture-tika-09,fixture-tika-10,fixture-tika-11,fixture-tika-12,fixture-tika-13,fixture-tika-14,fixture-tika-15	0	64	0	0	0	2944	0	0	0	1	0
pair-and-pair-targeted	boolean	pair-and-pair	targeted	contains	and-of-or	properties	100			0		success	0	147	805c8c7334c868e18e2be84be95b83cc60895722d739c2b164a68be4cd410c49	49190625			cross-graph-query	64	64	fixture-android-00,fixture-android-01,fixture-android-02,fixture-android-03,fixture-android-04,fixture-android-05,fixture-android-06,fixture-android-07,fixture-android-08,fixture-android-09,fixture-android-10,fixture-android-11,fixture-android-12,fixture-android-13,fixture-android-14,fixture-android-15,fixture-hive-00,fixture-hive-01,fixture-hive-02,fixture-hive-03,fixture-hive-04,fixture-hive-05,fixture-hive-06,fixture-hive-07,fixture-hive-08,fixture-hive-09,fixture-hive-10,fixture-hive-11,fixture-hive-12,fixture-hive-13,fixture-hive-14,fixture-hive-15,fixture-kotlin-compiler-00,fixture-kotlin-compiler-01,fixture-kotlin-compiler-02,fixture-kotlin-compiler-03,fixture-kotlin-compiler-04,fixture-kotlin-compiler-05,fixture-kotlin-compiler-06,fixture-kotlin-compiler-07,fixture-kotlin-compiler-08,fixture-kotlin-compiler-09,fixture-kotlin-compiler-10,fixture-kotlin-compiler-11,fixture-kotlin-compiler-12,fixture-kotlin-compiler-13,fixture-kotlin-compiler-14,fixture-kotlin-compiler-15,fixture-tika-00,fixture-tika-01,fixture-tika-02,fixture-tika-03,fixture-tika-04,fixture-tika-05,fixture-tika-06,fixture-tika-07,fixture-tika-08,fixture-tika-09,fixture-tika-10,fixture-tika-11,fixture-tika-12,fixture-tika-13,fixture-tika-14,fixture-tika-15	0	64	0	19	0	695535	0	0	0	1	0
pair-and-pair-dense	boolean	pair-and-pair	dense	contains	and-of-or	properties	100			0		success	100	43247	9c3a2ca5e42185247ab8a39f4e0e79457e3d42a18c7444b26b279bce7f4256c8	1804792		fixture-android-00,fixture-android-09,fixture-tika-00,fixture-tika-06,fixture-tika-09,fixture-tika-12,fixture-tika-15,fixture-hive-00,fixture-hive-11	cross-graph-query	64	51	fixture-android-00,fixture-android-01,fixture-android-02,fixture-android-03,fixture-android-04,fixture-android-05,fixture-android-06,fixture-android-07,fixture-android-08,fixture-android-09,fixture-android-10,fixture-android-11,fixture-android-12,fixture-android-13,fixture-android-14,fixture-android-15,fixture-hive-00,fixture-hive-01,fixture-hive-02,fixture-hive-03,fixture-hive-04,fixture-hive-05,fixture-hive-06,fixture-hive-07,fixture-hive-08,fixture-hive-09,fixture-hive-10,fixture-hive-11,fixture-hive-12,fixture-hive-13,fixture-hive-14,fixture-hive-15,fixture-kotlin-compiler-00,fixture-kotlin-compiler-01,fixture-kotlin-compiler-02,fixture-tika-00,fixture-tika-01,fixture-tika-02,fixture-tika-03,fixture-tika-04,fixture-tika-05,fixture-tika-06,fixture-tika-07,fixture-tika-08,fixture-tika-09,fixture-tika-10,fixture-tika-11,fixture-tika-12,fixture-tika-13,fixture-tika-14,fixture-tika-15	0	51	0	51	0	49088	0	0	0	1	0
exact-or-zero	exact	exact-or	zero	equals	single-query	distinct-properties	160			0		success	0	135	2353923ee345bb31a3e5b5684fd9597f5a309f18266c51232f6d903326d6ab83	1235417			cross-graph-query	64	64	fixture-android-00,fixture-android-01,fixture-android-02,fixture-android-03,fixture-android-04,fixture-android-05,fixture-android-06,fixture-android-07,fixture-android-08,fixture-android-09,fixture-android-10,fixture-android-11,fixture-android-12,fixture-android-13,fixture-android-14,fixture-android-15,fixture-hive-00,fixture-hive-01,fixture-hive-02,fixture-hive-03,fixture-hive-04,fixture-hive-05,fixture-hive-06,fixture-hive-07,fixture-hive-08,fixture-hive-09,fixture-hive-10,fixture-hive-11,fixture-hive-12,fixture-hive-13,fixture-hive-14,fixture-hive-15,fixture-kotlin-compiler-00,fixture-kotlin-compiler-01,fixture-kotlin-compiler-02,fixture-kotlin-compiler-03,fixture-kotlin-compiler-04,fixture-kotlin-compiler-05,fixture-kotlin-compiler-06,fixture-kotlin-compiler-07,fixture-kotlin-compiler-08,fixture-kotlin-compiler-09,fixture-kotlin-compiler-10,fixture-kotlin-compiler-11,fixture-kotlin-compiler-12,fixture-kotlin-compiler-13,fixture-kotlin-compiler-14,fixture-kotlin-compiler-15,fixture-tika-00,fixture-tika-01,fixture-tika-02,fixture-tika-03,fixture-tika-04,fixture-tika-05,fixture-tika-06,fixture-tika-07,fixture-tika-08,fixture-tika-09,fixture-tika-10,fixture-tika-11,fixture-tika-12,fixture-tika-13,fixture-tika-14,fixture-tika-15	0	64	0	0	0	0	0	0	0	1	0
exact-or-targeted	exact	exact-or	targeted	equals	single-query	distinct-properties	160			0		success	160	66388	1b3a15b55a43ca0fe50473ee96f1b903557ca6f865831d662e8204f23776f14c	9149167		fixture-android-00,fixture-android-01,fixture-android-02,fixture-android-03,fixture-android-04,fixture-android-05,fixture-android-06	cross-graph-query	64	64	fixture-android-00,fixture-android-01,fixture-android-02,fixture-android-03,fixture-android-04,fixture-android-05,fixture-android-06,fixture-android-07,fixture-android-08,fixture-android-09,fixture-android-10,fixture-android-11,fixture-android-12,fixture-android-13,fixture-android-14,fixture-android-15,fixture-hive-00,fixture-hive-01,fixture-hive-02,fixture-hive-03,fixture-hive-04,fixture-hive-05,fixture-hive-06,fixture-hive-07,fixture-hive-08,fixture-hive-09,fixture-hive-10,fixture-hive-11,fixture-hive-12,fixture-hive-13,fixture-hive-14,fixture-hive-15,fixture-kotlin-compiler-00,fixture-kotlin-compiler-01,fixture-kotlin-compiler-02,fixture-kotlin-compiler-03,fixture-kotlin-compiler-04,fixture-kotlin-compiler-05,fixture-kotlin-compiler-06,fixture-kotlin-compiler-07,fixture-kotlin-compiler-08,fixture-kotlin-compiler-09,fixture-kotlin-compiler-10,fixture-kotlin-compiler-11,fixture-kotlin-compiler-12,fixture-kotlin-compiler-13,fixture-kotlin-compiler-14,fixture-kotlin-compiler-15,fixture-tika-00,fixture-tika-01,fixture-tika-02,fixture-tika-03,fixture-tika-04,fixture-tika-05,fixture-tika-06,fixture-tika-07,fixture-tika-08,fixture-tika-09,fixture-tika-10,fixture-tika-11,fixture-tika-12,fixture-tika-13,fixture-tika-14,fixture-tika-15	0	64	0	0	0	32175	0	0	0	1	0
exact-or-dense	exact	exact-or	dense	equals	single-query	distinct-properties	160			0		success	160	66557	f745741d69ec1f4653ecb36ca7f9d1375ca51bf789ce0ad097327044d2479d91	11872291		fixture-android-00	cross-graph-query	64	64	fixture-android-00,fixture-android-01,fixture-android-02,fixture-android-03,fixture-android-04,fixture-android-05,fixture-android-06,fixture-android-07,fixture-android-08,fixture-android-09,fixture-android-10,fixture-android-11,fixture-android-12,fixture-android-13,fixture-android-14,fixture-android-15,fixture-hive-00,fixture-hive-01,fixture-hive-02,fixture-hive-03,fixture-hive-04,fixture-hive-05,fixture-hive-06,fixture-hive-07,fixture-hive-08,fixture-hive-09,fixture-hive-10,fixture-hive-11,fixture-hive-12,fixture-hive-13,fixture-hive-14,fixture-hive-15,fixture-kotlin-compiler-00,fixture-kotlin-compiler-01,fixture-kotlin-compiler-02,fixture-kotlin-compiler-03,fixture-kotlin-compiler-04,fixture-kotlin-compiler-05,fixture-kotlin-compiler-06,fixture-kotlin-compiler-07,fixture-kotlin-compiler-08,fixture-kotlin-compiler-09,fixture-kotlin-compiler-10,fixture-kotlin-compiler-11,fixture-kotlin-compiler-12,fixture-kotlin-compiler-13,fixture-kotlin-compiler-14,fixture-kotlin-compiler-15,fixture-tika-00,fixture-tika-01,fixture-tika-02,fixture-tika-03,fixture-tika-04,fixture-tika-05,fixture-tika-06,fixture-tika-07,fixture-tika-08,fixture-tika-09,fixture-tika-10,fixture-tika-11,fixture-tika-12,fixture-tika-13,fixture-tika-14,fixture-tika-15	0	64	0	0	0	55051	0	0	0	1	0
exact-and-contains-zero	exact	exact-and-contains	zero	equals-and-contains	and	node	20			0		success	0	38	3406a04395ea8c76e7a93d7d2144d97d90dcdeb6e6f2115e0f079d29de8b90d0	589167			cross-graph-query	64	64	fixture-android-00,fixture-android-01,fixture-android-02,fixture-android-03,fixture-android-04,fixture-android-05,fixture-android-06,fixture-android-07,fixture-android-08,fixture-android-09,fixture-android-10,fixture-android-11,fixture-android-12,fixture-android-13,fixture-android-14,fixture-android-15,fixture-hive-00,fixture-hive-01,fixture-hive-02,fixture-hive-03,fixture-hive-04,fixture-hive-05,fixture-hive-06,fixture-hive-07,fixture-hive-08,fixture-hive-09,fixture-hive-10,fixture-hive-11,fixture-hive-12,fixture-hive-13,fixture-hive-14,fixture-hive-15,fixture-kotlin-compiler-00,fixture-kotlin-compiler-01,fixture-kotlin-compiler-02,fixture-kotlin-compiler-03,fixture-kotlin-compiler-04,fixture-kotlin-compiler-05,fixture-kotlin-compiler-06,fixture-kotlin-compiler-07,fixture-kotlin-compiler-08,fixture-kotlin-compiler-09,fixture-kotlin-compiler-10,fixture-kotlin-compiler-11,fixture-kotlin-compiler-12,fixture-kotlin-compiler-13,fixture-kotlin-compiler-14,fixture-kotlin-compiler-15,fixture-tika-00,fixture-tika-01,fixture-tika-02,fixture-tika-03,fixture-tika-04,fixture-tika-05,fixture-tika-06,fixture-tika-07,fixture-tika-08,fixture-tika-09,fixture-tika-10,fixture-tika-11,fixture-tika-12,fixture-tika-13,fixture-tika-14,fixture-tika-15	0	64	0	64	0	0	0	0	0	1	0
exact-and-contains-targeted	exact	exact-and-contains	targeted	equals-and-contains	and	node	20			0		success	0	38	3406a04395ea8c76e7a93d7d2144d97d90dcdeb6e6f2115e0f079d29de8b90d0	412875			cross-graph-query	64	64	fixture-android-00,fixture-android-01,fixture-android-02,fixture-android-03,fixture-android-04,fixture-android-05,fixture-android-06,fixture-android-07,fixture-android-08,fixture-android-09,fixture-android-10,fixture-android-11,fixture-android-12,fixture-android-13,fixture-android-14,fixture-android-15,fixture-hive-00,fixture-hive-01,fixture-hive-02,fixture-hive-03,fixture-hive-04,fixture-hive-05,fixture-hive-06,fixture-hive-07,fixture-hive-08,fixture-hive-09,fixture-hive-10,fixture-hive-11,fixture-hive-12,fixture-hive-13,fixture-hive-14,fixture-hive-15,fixture-kotlin-compiler-00,fixture-kotlin-compiler-01,fixture-kotlin-compiler-02,fixture-kotlin-compiler-03,fixture-kotlin-compiler-04,fixture-kotlin-compiler-05,fixture-kotlin-compiler-06,fixture-kotlin-compiler-07,fixture-kotlin-compiler-08,fixture-kotlin-compiler-09,fixture-kotlin-compiler-10,fixture-kotlin-compiler-11,fixture-kotlin-compiler-12,fixture-kotlin-compiler-13,fixture-kotlin-compiler-14,fixture-kotlin-compiler-15,fixture-tika-00,fixture-tika-01,fixture-tika-02,fixture-tika-03,fixture-tika-04,fixture-tika-05,fixture-tika-06,fixture-tika-07,fixture-tika-08,fixture-tika-09,fixture-tika-10,fixture-tika-11,fixture-tika-12,fixture-tika-13,fixture-tika-14,fixture-tika-15	0	64	0	64	0	692	0	0	0	1	0
exact-and-contains-dense	exact	exact-and-contains	dense	equals-and-contains	and	node	20			0		success	0	38	3406a04395ea8c76e7a93d7d2144d97d90dcdeb6e6f2115e0f079d29de8b90d0	326042			cross-graph-query	64	64	fixture-android-00,fixture-android-01,fixture-android-02,fixture-android-03,fixture-android-04,fixture-android-05,fixture-android-06,fixture-android-07,fixture-android-08,fixture-android-09,fixture-android-10,fixture-android-11,fixture-android-12,fixture-android-13,fixture-android-14,fixture-android-15,fixture-hive-00,fixture-hive-01,fixture-hive-02,fixture-hive-03,fixture-hive-04,fixture-hive-05,fixture-hive-06,fixture-hive-07,fixture-hive-08,fixture-hive-09,fixture-hive-10,fixture-hive-11,fixture-hive-12,fixture-hive-13,fixture-hive-14,fixture-hive-15,fixture-kotlin-compiler-00,fixture-kotlin-compiler-01,fixture-kotlin-compiler-02,fixture-kotlin-compiler-03,fixture-kotlin-compiler-04,fixture-kotlin-compiler-05,fixture-kotlin-compiler-06,fixture-kotlin-compiler-07,fixture-kotlin-compiler-08,fixture-kotlin-compiler-09,fixture-kotlin-compiler-10,fixture-kotlin-compiler-11,fixture-kotlin-compiler-12,fixture-kotlin-compiler-13,fixture-kotlin-compiler-14,fixture-kotlin-compiler-15,fixture-tika-00,fixture-tika-01,fixture-tika-02,fixture-tika-03,fixture-tika-04,fixture-tika-05,fixture-tika-06,fixture-tika-07,fixture-tika-08,fixture-tika-09,fixture-tika-10,fixture-tika-11,fixture-tika-12,fixture-tika-13,fixture-tika-14,fixture-tika-15	0	64	0	64	0	692	0	0	0	1	0
exact-or-node-zero	exact	exact-or-node	zero	equals	single-query	node	20			0		success	0	38	3406a04395ea8c76e7a93d7d2144d97d90dcdeb6e6f2115e0f079d29de8b90d0	1466000			cross-graph-query	64	64	fixture-android-00,fixture-android-01,fixture-android-02,fixture-android-03,fixture-android-04,fixture-android-05,fixture-android-06,fixture-android-07,fixture-android-08,fixture-android-09,fixture-android-10,fixture-android-11,fixture-android-12,fixture-android-13,fixture-android-14,fixture-android-15,fixture-hive-00,fixture-hive-01,fixture-hive-02,fixture-hive-03,fixture-hive-04,fixture-hive-05,fixture-hive-06,fixture-hive-07,fixture-hive-08,fixture-hive-09,fixture-hive-10,fixture-hive-11,fixture-hive-12,fixture-hive-13,fixture-hive-14,fixture-hive-15,fixture-kotlin-compiler-00,fixture-kotlin-compiler-01,fixture-kotlin-compiler-02,fixture-kotlin-compiler-03,fixture-kotlin-compiler-04,fixture-kotlin-compiler-05,fixture-kotlin-compiler-06,fixture-kotlin-compiler-07,fixture-kotlin-compiler-08,fixture-kotlin-compiler-09,fixture-kotlin-compiler-10,fixture-kotlin-compiler-11,fixture-kotlin-compiler-12,fixture-kotlin-compiler-13,fixture-kotlin-compiler-14,fixture-kotlin-compiler-15,fixture-tika-00,fixture-tika-01,fixture-tika-02,fixture-tika-03,fixture-tika-04,fixture-tika-05,fixture-tika-06,fixture-tika-07,fixture-tika-08,fixture-tika-09,fixture-tika-10,fixture-tika-11,fixture-tika-12,fixture-tika-13,fixture-tika-14,fixture-tika-15	0	64	0	64	0	0	0	0	0	1	0
exact-or-node-targeted	exact	exact-or-node	targeted	equals	single-query	node	20			0		success	20	16078	ec715169d6ed2f317801afa6bf47bbef20aad2fe96b8317e309e3eb857e2645e	943500		fixture-android-00	cross-graph-query	64	1	fixture-android-00	0	1	0	1	0	44	0	0	0	1	0
exact-or-node-dense	exact	exact-or-node	dense	equals	single-query	node	20			0		success	20	16120	32aaaf993a0040f305192d8954a5b5435992cd3710e8da7587f3967e8aac0012	222542		fixture-android-00	cross-graph-query	64	1	fixture-android-00	0	1	0	1	0	44	0	0	0	1	0
four-or-keys-zero	projection	four-or-keys	zero	contains	single-query	keys	5			0		success	0	41	c09ba8cc1e1696501be0c1ca3c8a875cf1551cff0d06904cede3c163d4374315	1608541			cross-graph-query	64	64	fixture-android-00,fixture-android-01,fixture-android-02,fixture-android-03,fixture-android-04,fixture-android-05,fixture-android-06,fixture-android-07,fixture-android-08,fixture-android-09,fixture-android-10,fixture-android-11,fixture-android-12,fixture-android-13,fixture-android-14,fixture-android-15,fixture-hive-00,fixture-hive-01,fixture-hive-02,fixture-hive-03,fixture-hive-04,fixture-hive-05,fixture-hive-06,fixture-hive-07,fixture-hive-08,fixture-hive-09,fixture-hive-10,fixture-hive-11,fixture-hive-12,fixture-hive-13,fixture-hive-14,fixture-hive-15,fixture-kotlin-compiler-00,fixture-kotlin-compiler-01,fixture-kotlin-compiler-02,fixture-kotlin-compiler-03,fixture-kotlin-compiler-04,fixture-kotlin-compiler-05,fixture-kotlin-compiler-06,fixture-kotlin-compiler-07,fixture-kotlin-compiler-08,fixture-kotlin-compiler-09,fixture-kotlin-compiler-10,fixture-kotlin-compiler-11,fixture-kotlin-compiler-12,fixture-kotlin-compiler-13,fixture-kotlin-compiler-14,fixture-kotlin-compiler-15,fixture-tika-00,fixture-tika-01,fixture-tika-02,fixture-tika-03,fixture-tika-04,fixture-tika-05,fixture-tika-06,fixture-tika-07,fixture-tika-08,fixture-tika-09,fixture-tika-10,fixture-tika-11,fixture-tika-12,fixture-tika-13,fixture-tika-14,fixture-tika-15	0	64	0	1	0	2876	0	0	0	1	0
four-or-keys-targeted	projection	four-or-keys	targeted	contains	single-query	keys	5			0		success	5	2504	4586b241177414bf157d154f4460c1908226b13523ead2f0e56d9787823a6d3d	4545833		fixture-android-00	cross-graph-query	64	1	fixture-android-00	0	1	0	1	0	57874	0	0	0	1	0
four-or-keys-dense	projection	four-or-keys	dense	contains	single-query	keys	5			0		success	5	2504	4586b241177414bf157d154f4460c1908226b13523ead2f0e56d9787823a6d3d	252417		fixture-android-00	cross-graph-query	64	1	fixture-android-00	0	1	0	1	0	1205	0	0	0	1	0
four-or-graph-id-zero	projection	four-or-graph-id	zero	contains	single-query	graph-id-properties	200			0		success	0	169	2c4f3c024b63aa5490ade8d87563599fec8f2357055965a073d4e7b30883dcee	1083125			cross-graph-query	64	64	fixture-android-00,fixture-android-01,fixture-android-02,fixture-android-03,fixture-android-04,fixture-android-05,fixture-android-06,fixture-android-07,fixture-android-08,fixture-android-09,fixture-android-10,fixture-android-11,fixture-android-12,fixture-android-13,fixture-android-14,fixture-android-15,fixture-hive-00,fixture-hive-01,fixture-hive-02,fixture-hive-03,fixture-hive-04,fixture-hive-05,fixture-hive-06,fixture-hive-07,fixture-hive-08,fixture-hive-09,fixture-hive-10,fixture-hive-11,fixture-hive-12,fixture-hive-13,fixture-hive-14,fixture-hive-15,fixture-kotlin-compiler-00,fixture-kotlin-compiler-01,fixture-kotlin-compiler-02,fixture-kotlin-compiler-03,fixture-kotlin-compiler-04,fixture-kotlin-compiler-05,fixture-kotlin-compiler-06,fixture-kotlin-compiler-07,fixture-kotlin-compiler-08,fixture-kotlin-compiler-09,fixture-kotlin-compiler-10,fixture-kotlin-compiler-11,fixture-kotlin-compiler-12,fixture-kotlin-compiler-13,fixture-kotlin-compiler-14,fixture-kotlin-compiler-15,fixture-tika-00,fixture-tika-01,fixture-tika-02,fixture-tika-03,fixture-tika-04,fixture-tika-05,fixture-tika-06,fixture-tika-07,fixture-tika-08,fixture-tika-09,fixture-tika-10,fixture-tika-11,fixture-tika-12,fixture-tika-13,fixture-tika-14,fixture-tika-15	0	64	0	1	0	2944	0	0	0	1	0
four-or-graph-id-targeted	projection	four-or-graph-id	targeted	contains	single-query	graph-id-properties	200			0		failed	0	0	java.lang.IllegalStateException	93233417			cross-graph-query	64	24	fixture-android-00,fixture-android-01,fixture-android-02,fixture-android-03,fixture-android-04,fixture-android-05,fixture-android-06,fixture-android-07,fixture-android-08,fixture-android-09,fixture-android-10,fixture-android-11,fixture-android-12,fixture-android-13,fixture-android-14,fixture-android-15,fixture-tika-00,fixture-tika-01,fixture-tika-02,fixture-tika-03,fixture-tika-04,fixture-tika-05,fixture-tika-06,fixture-tika-07	0	24	8	1	9	190406	0	0	0	0	0
four-or-graph-id-dense	projection	four-or-graph-id	dense	contains	single-query	graph-id-properties	200			0		success	200	96431	dbb4eaf2bbc93a64e64e2b59112434d00c19af07a7c51df316d03518405dfeb0	1393291		fixture-android-00	cross-graph-query	64	1	fixture-android-00	0	1	0	1	0	2042	0	0	0	1	0
single-distinct-zero	projection	single-distinct	zero	contains	single-query	distinct-property	100			0		success	0	52	49a026e323beb71e70addfd97b163cb2851f30cc7d78914fb454d79e4dac8372	711625			cross-graph-query	64	64	fixture-android-00,fixture-android-01,fixture-android-02,fixture-android-03,fixture-android-04,fixture-android-05,fixture-android-06,fixture-android-07,fixture-android-08,fixture-android-09,fixture-android-10,fixture-android-11,fixture-android-12,fixture-android-13,fixture-android-14,fixture-android-15,fixture-hive-00,fixture-hive-01,fixture-hive-02,fixture-hive-03,fixture-hive-04,fixture-hive-05,fixture-hive-06,fixture-hive-07,fixture-hive-08,fixture-hive-09,fixture-hive-10,fixture-hive-11,fixture-hive-12,fixture-hive-13,fixture-hive-14,fixture-hive-15,fixture-kotlin-compiler-00,fixture-kotlin-compiler-01,fixture-kotlin-compiler-02,fixture-kotlin-compiler-03,fixture-kotlin-compiler-04,fixture-kotlin-compiler-05,fixture-kotlin-compiler-06,fixture-kotlin-compiler-07,fixture-kotlin-compiler-08,fixture-kotlin-compiler-09,fixture-kotlin-compiler-10,fixture-kotlin-compiler-11,fixture-kotlin-compiler-12,fixture-kotlin-compiler-13,fixture-kotlin-compiler-14,fixture-kotlin-compiler-15,fixture-tika-00,fixture-tika-01,fixture-tika-02,fixture-tika-03,fixture-tika-04,fixture-tika-05,fixture-tika-06,fixture-tika-07,fixture-tika-08,fixture-tika-09,fixture-tika-10,fixture-tika-11,fixture-tika-12,fixture-tika-13,fixture-tika-14,fixture-tika-15	0	64	0	0	0	2924	0	0	0	1	0
single-distinct-targeted	projection	single-distinct	targeted	contains	single-query	distinct-property	100			0		success	100	25693	8040fd66304f61f4842c83fdd1ba964f926b81308ca97ed2d7d16cebc7c87699	13799959		fixture-hive-00	cross-graph-query	64	64	fixture-android-00,fixture-android-01,fixture-android-02,fixture-android-03,fixture-android-04,fixture-android-05,fixture-android-06,fixture-android-07,fixture-android-08,fixture-android-09,fixture-android-10,fixture-android-11,fixture-android-12,fixture-android-13,fixture-android-14,fixture-android-15,fixture-hive-00,fixture-hive-01,fixture-hive-02,fixture-hive-03,fixture-hive-04,fixture-hive-05,fixture-hive-06,fixture-hive-07,fixture-hive-08,fixture-hive-09,fixture-hive-10,fixture-hive-11,fixture-hive-12,fixture-hive-13,fixture-hive-14,fixture-hive-15,fixture-kotlin-compiler-00,fixture-kotlin-compiler-01,fixture-kotlin-compiler-02,fixture-kotlin-compiler-03,fixture-kotlin-compiler-04,fixture-kotlin-compiler-05,fixture-kotlin-compiler-06,fixture-kotlin-compiler-07,fixture-kotlin-compiler-08,fixture-kotlin-compiler-09,fixture-kotlin-compiler-10,fixture-kotlin-compiler-11,fixture-kotlin-compiler-12,fixture-kotlin-compiler-13,fixture-kotlin-compiler-14,fixture-kotlin-compiler-15,fixture-tika-00,fixture-tika-01,fixture-tika-02,fixture-tika-03,fixture-tika-04,fixture-tika-05,fixture-tika-06,fixture-tika-07,fixture-tika-08,fixture-tika-09,fixture-tika-10,fixture-tika-11,fixture-tika-12,fixture-tika-13,fixture-tika-14,fixture-tika-15	0	64	8	0	9	1548216	0	0	0	1	0
single-distinct-dense	projection	single-distinct	dense	contains	single-query	distinct-property	100			0		success	100	24151	399cc01a9b0038c71c2a6a4fbaa75dde0ece8edf56d4030a0396d09ff1871054	28846250		fixture-android-00,fixture-android-01	cross-graph-query	64	64	fixture-android-00,fixture-android-01,fixture-android-02,fixture-android-03,fixture-android-04,fixture-android-05,fixture-android-06,fixture-android-07,fixture-android-08,fixture-android-09,fixture-android-10,fixture-android-11,fixture-android-12,fixture-android-13,fixture-android-14,fixture-android-15,fixture-hive-00,fixture-hive-01,fixture-hive-02,fixture-hive-03,fixture-hive-04,fixture-hive-05,fixture-hive-06,fixture-hive-07,fixture-hive-08,fixture-hive-09,fixture-hive-10,fixture-hive-11,fixture-hive-12,fixture-hive-13,fixture-hive-14,fixture-hive-15,fixture-kotlin-compiler-00,fixture-kotlin-compiler-01,fixture-kotlin-compiler-02,fixture-kotlin-compiler-03,fixture-kotlin-compiler-04,fixture-kotlin-compiler-05,fixture-kotlin-compiler-06,fixture-kotlin-compiler-07,fixture-kotlin-compiler-08,fixture-kotlin-compiler-09,fixture-kotlin-compiler-10,fixture-kotlin-compiler-11,fixture-kotlin-compiler-12,fixture-kotlin-compiler-13,fixture-kotlin-compiler-14,fixture-kotlin-compiler-15,fixture-tika-00,fixture-tika-01,fixture-tika-02,fixture-tika-03,fixture-tika-04,fixture-tika-05,fixture-tika-06,fixture-tika-07,fixture-tika-08,fixture-tika-09,fixture-tika-10,fixture-tika-11,fixture-tika-12,fixture-tika-13,fixture-tika-14,fixture-tika-15	0	64	11	0	9	828850	0	0	0	1	0
ordered-projection-zero	projection	ordered-projection	zero	contains	single-query	ordered-properties	100			0		success	0	78	c37b5e51db6e6618f054d27841148d0a2c347ded5336815a9823b0bedec77add	2876125			cross-graph-query	64	64	fixture-android-00,fixture-android-01,fixture-android-02,fixture-android-03,fixture-android-04,fixture-android-05,fixture-android-06,fixture-android-07,fixture-android-08,fixture-android-09,fixture-android-10,fixture-android-11,fixture-android-12,fixture-android-13,fixture-android-14,fixture-android-15,fixture-hive-00,fixture-hive-01,fixture-hive-02,fixture-hive-03,fixture-hive-04,fixture-hive-05,fixture-hive-06,fixture-hive-07,fixture-hive-08,fixture-hive-09,fixture-hive-10,fixture-hive-11,fixture-hive-12,fixture-hive-13,fixture-hive-14,fixture-hive-15,fixture-kotlin-compiler-00,fixture-kotlin-compiler-01,fixture-kotlin-compiler-02,fixture-kotlin-compiler-03,fixture-kotlin-compiler-04,fixture-kotlin-compiler-05,fixture-kotlin-compiler-06,fixture-kotlin-compiler-07,fixture-kotlin-compiler-08,fixture-kotlin-compiler-09,fixture-kotlin-compiler-10,fixture-kotlin-compiler-11,fixture-kotlin-compiler-12,fixture-kotlin-compiler-13,fixture-kotlin-compiler-14,fixture-kotlin-compiler-15,fixture-tika-00,fixture-tika-01,fixture-tika-02,fixture-tika-03,fixture-tika-04,fixture-tika-05,fixture-tika-06,fixture-tika-07,fixture-tika-08,fixture-tika-09,fixture-tika-10,fixture-tika-11,fixture-tika-12,fixture-tika-13,fixture-tika-14,fixture-tika-15	0	64	0	0	0	2850	0	0	0	0	0
ordered-projection-targeted	projection	ordered-projection	targeted	contains	single-query	ordered-properties	100			0		success	100	35566	64f76829c6325a1d4e12839c8a38da690792a84fcb8c10154e5023f9f69d928c	858945042		fixture-android-07,fixture-android-04,fixture-android-12,fixture-android-01,fixture-android-08,fixture-android-14,fixture-android-10	cross-graph-query	64	64	fixture-android-00,fixture-android-01,fixture-android-02,fixture-android-03,fixture-android-04,fixture-android-05,fixture-android-06,fixture-android-07,fixture-android-08,fixture-android-09,fixture-android-10,fixture-android-11,fixture-android-12,fixture-android-13,fixture-android-14,fixture-android-15,fixture-hive-00,fixture-hive-01,fixture-hive-02,fixture-hive-03,fixture-hive-04,fixture-hive-05,fixture-hive-06,fixture-hive-07,fixture-hive-08,fixture-hive-09,fixture-hive-10,fixture-hive-11,fixture-hive-12,fixture-hive-13,fixture-hive-14,fixture-hive-15,fixture-kotlin-compiler-00,fixture-kotlin-compiler-01,fixture-kotlin-compiler-02,fixture-kotlin-compiler-03,fixture-kotlin-compiler-04,fixture-kotlin-compiler-05,fixture-kotlin-compiler-06,fixture-kotlin-compiler-07,fixture-kotlin-compiler-08,fixture-kotlin-compiler-09,fixture-kotlin-compiler-10,fixture-kotlin-compiler-11,fixture-kotlin-compiler-12,fixture-kotlin-compiler-13,fixture-kotlin-compiler-14,fixture-kotlin-compiler-15,fixture-tika-00,fixture-tika-01,fixture-tika-02,fixture-tika-03,fixture-tika-04,fixture-tika-05,fixture-tika-06,fixture-tika-07,fixture-tika-08,fixture-tika-09,fixture-tika-10,fixture-tika-11,fixture-tika-12,fixture-tika-13,fixture-tika-14,fixture-tika-15	0	64	0	32	0	1446076	0	0	0	0	0
ordered-projection-dense	projection	ordered-projection	dense	contains	single-query	ordered-properties	100			0		success	100	31716	8c0aec315616762281471753324a16f5666670b56ce9bb5d7db3a5b1a47cf68f	19169584		fixture-android-06,fixture-android-08,fixture-android-04,fixture-android-02,fixture-android-03,fixture-android-13,fixture-android-05,fixture-android-00,fixture-android-14	cross-graph-query	64	64	fixture-android-00,fixture-android-01,fixture-android-02,fixture-android-03,fixture-android-04,fixture-android-05,fixture-android-06,fixture-android-07,fixture-android-08,fixture-android-09,fixture-android-10,fixture-android-11,fixture-android-12,fixture-android-13,fixture-android-14,fixture-android-15,fixture-hive-00,fixture-hive-01,fixture-hive-02,fixture-hive-03,fixture-hive-04,fixture-hive-05,fixture-hive-06,fixture-hive-07,fixture-hive-08,fixture-hive-09,fixture-hive-10,fixture-hive-11,fixture-hive-12,fixture-hive-13,fixture-hive-14,fixture-hive-15,fixture-kotlin-compiler-00,fixture-kotlin-compiler-01,fixture-kotlin-compiler-02,fixture-kotlin-compiler-03,fixture-kotlin-compiler-04,fixture-kotlin-compiler-05,fixture-kotlin-compiler-06,fixture-kotlin-compiler-07,fixture-kotlin-compiler-08,fixture-kotlin-compiler-09,fixture-kotlin-compiler-10,fixture-kotlin-compiler-11,fixture-kotlin-compiler-12,fixture-kotlin-compiler-13,fixture-kotlin-compiler-14,fixture-kotlin-compiler-15,fixture-tika-00,fixture-tika-01,fixture-tika-02,fixture-tika-03,fixture-tika-04,fixture-tika-05,fixture-tika-06,fixture-tika-07,fixture-tika-08,fixture-tika-09,fixture-tika-10,fixture-tika-11,fixture-tika-12,fixture-tika-13,fixture-tika-14,fixture-tika-15	0	64	0	64	0	215299	0	0	0	0	0
ordered-skip-zero	projection	ordered-skip	zero	contains	order-skip-limit	ordered-properties	200			0		success	0	135	2353923ee345bb31a3e5b5684fd9597f5a309f18266c51232f6d903326d6ab83	988875			cross-graph-query	64	64	fixture-android-00,fixture-android-01,fixture-android-02,fixture-android-03,fixture-android-04,fixture-android-05,fixture-android-06,fixture-android-07,fixture-android-08,fixture-android-09,fixture-android-10,fixture-android-11,fixture-android-12,fixture-android-13,fixture-android-14,fixture-android-15,fixture-hive-00,fixture-hive-01,fixture-hive-02,fixture-hive-03,fixture-hive-04,fixture-hive-05,fixture-hive-06,fixture-hive-07,fixture-hive-08,fixture-hive-09,fixture-hive-10,fixture-hive-11,fixture-hive-12,fixture-hive-13,fixture-hive-14,fixture-hive-15,fixture-kotlin-compiler-00,fixture-kotlin-compiler-01,fixture-kotlin-compiler-02,fixture-kotlin-compiler-03,fixture-kotlin-compiler-04,fixture-kotlin-compiler-05,fixture-kotlin-compiler-06,fixture-kotlin-compiler-07,fixture-kotlin-compiler-08,fixture-kotlin-compiler-09,fixture-kotlin-compiler-10,fixture-kotlin-compiler-11,fixture-kotlin-compiler-12,fixture-kotlin-compiler-13,fixture-kotlin-compiler-14,fixture-kotlin-compiler-15,fixture-tika-00,fixture-tika-01,fixture-tika-02,fixture-tika-03,fixture-tika-04,fixture-tika-05,fixture-tika-06,fixture-tika-07,fixture-tika-08,fixture-tika-09,fixture-tika-10,fixture-tika-11,fixture-tika-12,fixture-tika-13,fixture-tika-14,fixture-tika-15	0	64	0	0	0	2904	0	0	0	0	0
ordered-skip-targeted	projection	ordered-skip	targeted	contains	order-skip-limit	ordered-properties	200			0		success	200	81236	f04551bacd99fce9eb16c64e2a22769aceb91a8541e192e8d87cbce9eab3f6c0	844024666		fixture-android-13,fixture-android-02,fixture-android-05,fixture-android-00,fixture-android-10	cross-graph-query	64	64	fixture-android-00,fixture-android-01,fixture-android-02,fixture-android-03,fixture-android-04,fixture-android-05,fixture-android-06,fixture-android-07,fixture-android-08,fixture-android-09,fixture-android-10,fixture-android-11,fixture-android-12,fixture-android-13,fixture-android-14,fixture-android-15,fixture-hive-00,fixture-hive-01,fixture-hive-02,fixture-hive-03,fixture-hive-04,fixture-hive-05,fixture-hive-06,fixture-hive-07,fixture-hive-08,fixture-hive-09,fixture-hive-10,fixture-hive-11,fixture-hive-12,fixture-hive-13,fixture-hive-14,fixture-hive-15,fixture-kotlin-compiler-00,fixture-kotlin-compiler-01,fixture-kotlin-compiler-02,fixture-kotlin-compiler-03,fixture-kotlin-compiler-04,fixture-kotlin-compiler-05,fixture-kotlin-compiler-06,fixture-kotlin-compiler-07,fixture-kotlin-compiler-08,fixture-kotlin-compiler-09,fixture-kotlin-compiler-10,fixture-kotlin-compiler-11,fixture-kotlin-compiler-12,fixture-kotlin-compiler-13,fixture-kotlin-compiler-14,fixture-kotlin-compiler-15,fixture-tika-00,fixture-tika-01,fixture-tika-02,fixture-tika-03,fixture-tika-04,fixture-tika-05,fixture-tika-06,fixture-tika-07,fixture-tika-08,fixture-tika-09,fixture-tika-10,fixture-tika-11,fixture-tika-12,fixture-tika-13,fixture-tika-14,fixture-tika-15	0	64	0	19	0	2658803	0	0	0	0	0
ordered-skip-dense	projection	ordered-skip	dense	contains	order-skip-limit	ordered-properties	200			0		success	200	81473	51231efd9691686c665b1f21f2ed26191c51d8d3884d2c66e8b4aa7a0b6d3940	624157000		fixture-android-13,fixture-android-00,fixture-android-03,fixture-android-08,fixture-android-04,fixture-android-14,fixture-android-12,fixture-android-09	cross-graph-query	64	64	fixture-android-00,fixture-android-01,fixture-android-02,fixture-android-03,fixture-android-04,fixture-android-05,fixture-android-06,fixture-android-07,fixture-android-08,fixture-android-09,fixture-android-10,fixture-android-11,fixture-android-12,fixture-android-13,fixture-android-14,fixture-android-15,fixture-hive-00,fixture-hive-01,fixture-hive-02,fixture-hive-03,fixture-hive-04,fixture-hive-05,fixture-hive-06,fixture-hive-07,fixture-hive-08,fixture-hive-09,fixture-hive-10,fixture-hive-11,fixture-hive-12,fixture-hive-13,fixture-hive-14,fixture-hive-15,fixture-kotlin-compiler-00,fixture-kotlin-compiler-01,fixture-kotlin-compiler-02,fixture-kotlin-compiler-03,fixture-kotlin-compiler-04,fixture-kotlin-compiler-05,fixture-kotlin-compiler-06,fixture-kotlin-compiler-07,fixture-kotlin-compiler-08,fixture-kotlin-compiler-09,fixture-kotlin-compiler-10,fixture-kotlin-compiler-11,fixture-kotlin-compiler-12,fixture-kotlin-compiler-13,fixture-kotlin-compiler-14,fixture-kotlin-compiler-15,fixture-tika-00,fixture-tika-01,fixture-tika-02,fixture-tika-03,fixture-tika-04,fixture-tika-05,fixture-tika-06,fixture-tika-07,fixture-tika-08,fixture-tika-09,fixture-tika-10,fixture-tika-11,fixture-tika-12,fixture-tika-13,fixture-tika-14,fixture-tika-15	0	64	0	64	0	1657152	0	0	0	0	0
distinct-skip-zero	projection	distinct-skip	zero	contains	distinct-skip-limit	distinct-properties	200			0		success	0	78	c37b5e51db6e6618f054d27841148d0a2c347ded5336815a9823b0bedec77add	688708			cross-graph-query	64	64	fixture-android-00,fixture-android-01,fixture-android-02,fixture-android-03,fixture-android-04,fixture-android-05,fixture-android-06,fixture-android-07,fixture-android-08,fixture-android-09,fixture-android-10,fixture-android-11,fixture-android-12,fixture-android-13,fixture-android-14,fixture-android-15,fixture-hive-00,fixture-hive-01,fixture-hive-02,fixture-hive-03,fixture-hive-04,fixture-hive-05,fixture-hive-06,fixture-hive-07,fixture-hive-08,fixture-hive-09,fixture-hive-10,fixture-hive-11,fixture-hive-12,fixture-hive-13,fixture-hive-14,fixture-hive-15,fixture-kotlin-compiler-00,fixture-kotlin-compiler-01,fixture-kotlin-compiler-02,fixture-kotlin-compiler-03,fixture-kotlin-compiler-04,fixture-kotlin-compiler-05,fixture-kotlin-compiler-06,fixture-kotlin-compiler-07,fixture-kotlin-compiler-08,fixture-kotlin-compiler-09,fixture-kotlin-compiler-10,fixture-kotlin-compiler-11,fixture-kotlin-compiler-12,fixture-kotlin-compiler-13,fixture-kotlin-compiler-14,fixture-kotlin-compiler-15,fixture-tika-00,fixture-tika-01,fixture-tika-02,fixture-tika-03,fixture-tika-04,fixture-tika-05,fixture-tika-06,fixture-tika-07,fixture-tika-08,fixture-tika-09,fixture-tika-10,fixture-tika-11,fixture-tika-12,fixture-tika-13,fixture-tika-14,fixture-tika-15	0	64	0	0	0	2944	0	0	0	0	0
distinct-skip-targeted	projection	distinct-skip	targeted	contains	distinct-skip-limit	distinct-properties	200			0		success	200	62570	18727def011ce82c4ab7384b33b0efb288ccf39249ed2160dc6db28a46a56e7d	66559292		fixture-tika-14,fixture-tika-15	cross-graph-query	64	64	fixture-android-00,fixture-android-01,fixture-android-02,fixture-android-03,fixture-android-04,fixture-android-05,fixture-android-06,fixture-android-07,fixture-android-08,fixture-android-09,fixture-android-10,fixture-android-11,fixture-android-12,fixture-android-13,fixture-android-14,fixture-android-15,fixture-hive-00,fixture-hive-01,fixture-hive-02,fixture-hive-03,fixture-hive-04,fixture-hive-05,fixture-hive-06,fixture-hive-07,fixture-hive-08,fixture-hive-09,fixture-hive-10,fixture-hive-11,fixture-hive-12,fixture-hive-13,fixture-hive-14,fixture-hive-15,fixture-kotlin-compiler-00,fixture-kotlin-compiler-01,fixture-kotlin-compiler-02,fixture-kotlin-compiler-03,fixture-kotlin-compiler-04,fixture-kotlin-compiler-05,fixture-kotlin-compiler-06,fixture-kotlin-compiler-07,fixture-kotlin-compiler-08,fixture-kotlin-compiler-09,fixture-kotlin-compiler-10,fixture-kotlin-compiler-11,fixture-kotlin-compiler-12,fixture-kotlin-compiler-13,fixture-kotlin-compiler-14,fixture-kotlin-compiler-15,fixture-tika-00,fixture-tika-01,fixture-tika-02,fixture-tika-03,fixture-tika-04,fixture-tika-05,fixture-tika-06,fixture-tika-07,fixture-tika-08,fixture-tika-09,fixture-tika-10,fixture-tika-11,fixture-tika-12,fixture-tika-13,fixture-tika-14,fixture-tika-15	0	64	32	0	9	2148649	0	0	0	0	0
distinct-skip-dense	projection	distinct-skip	dense	contains	distinct-skip-limit	distinct-properties	200			0		success	200	67827	f82ca621dc3c7f6105688705b9d19d222bee445d0c22bcc862c59b3368366a82	149277916		fixture-android-11	cross-graph-query	64	64	fixture-android-00,fixture-android-01,fixture-android-02,fixture-android-03,fixture-android-04,fixture-android-05,fixture-android-06,fixture-android-07,fixture-android-08,fixture-android-09,fixture-android-10,fixture-android-11,fixture-android-12,fixture-android-13,fixture-android-14,fixture-android-15,fixture-hive-00,fixture-hive-01,fixture-hive-02,fixture-hive-03,fixture-hive-04,fixture-hive-05,fixture-hive-06,fixture-hive-07,fixture-hive-08,fixture-hive-09,fixture-hive-10,fixture-hive-11,fixture-hive-12,fixture-hive-13,fixture-hive-14,fixture-hive-15,fixture-kotlin-compiler-00,fixture-kotlin-compiler-01,fixture-kotlin-compiler-02,fixture-kotlin-compiler-03,fixture-kotlin-compiler-04,fixture-kotlin-compiler-05,fixture-kotlin-compiler-06,fixture-kotlin-compiler-07,fixture-kotlin-compiler-08,fixture-kotlin-compiler-09,fixture-kotlin-compiler-10,fixture-kotlin-compiler-11,fixture-kotlin-compiler-12,fixture-kotlin-compiler-13,fixture-kotlin-compiler-14,fixture-kotlin-compiler-15,fixture-tika-00,fixture-tika-01,fixture-tika-02,fixture-tika-03,fixture-tika-04,fixture-tika-05,fixture-tika-06,fixture-tika-07,fixture-tika-08,fixture-tika-09,fixture-tika-10,fixture-tika-11,fixture-tika-12,fixture-tika-13,fixture-tika-14,fixture-tika-15	0	64	45	0	9	4381567	0	0	0	0	0
large-limit-zero	projection	large-limit	zero	contains	large-limit	properties	5000			0		success	0	147	805c8c7334c868e18e2be84be95b83cc60895722d739c2b164a68be4cd410c49	1112708			cross-graph-query	64	64	fixture-android-00,fixture-android-01,fixture-android-02,fixture-android-03,fixture-android-04,fixture-android-05,fixture-android-06,fixture-android-07,fixture-android-08,fixture-android-09,fixture-android-10,fixture-android-11,fixture-android-12,fixture-android-13,fixture-android-14,fixture-android-15,fixture-hive-00,fixture-hive-01,fixture-hive-02,fixture-hive-03,fixture-hive-04,fixture-hive-05,fixture-hive-06,fixture-hive-07,fixture-hive-08,fixture-hive-09,fixture-hive-10,fixture-hive-11,fixture-hive-12,fixture-hive-13,fixture-hive-14,fixture-hive-15,fixture-kotlin-compiler-00,fixture-kotlin-compiler-01,fixture-kotlin-compiler-02,fixture-kotlin-compiler-03,fixture-kotlin-compiler-04,fixture-kotlin-compiler-05,fixture-kotlin-compiler-06,fixture-kotlin-compiler-07,fixture-kotlin-compiler-08,fixture-kotlin-compiler-09,fixture-kotlin-compiler-10,fixture-kotlin-compiler-11,fixture-kotlin-compiler-12,fixture-kotlin-compiler-13,fixture-kotlin-compiler-14,fixture-kotlin-compiler-15,fixture-tika-00,fixture-tika-01,fixture-tika-02,fixture-tika-03,fixture-tika-04,fixture-tika-05,fixture-tika-06,fixture-tika-07,fixture-tika-08,fixture-tika-09,fixture-tika-10,fixture-tika-11,fixture-tika-12,fixture-tika-13,fixture-tika-14,fixture-tika-15	0	64	0	0	0	2921	0	0	0	1	0
large-limit-targeted	projection	large-limit	targeted	contains	large-limit	properties	5000			0		success	5000	2310859	b85c074c5c18e197766f6a291e76f304251e9fbd7247fbd0795b198f9af175e8	15590083		fixture-hive-00	cross-graph-query	64	40	fixture-android-00,fixture-android-01,fixture-android-02,fixture-android-03,fixture-android-04,fixture-android-05,fixture-android-06,fixture-android-07,fixture-android-08,fixture-android-09,fixture-android-10,fixture-android-11,fixture-android-12,fixture-android-13,fixture-android-14,fixture-android-15,fixture-hive-00,fixture-hive-01,fixture-hive-02,fixture-hive-03,fixture-hive-04,fixture-hive-05,fixture-hive-06,fixture-hive-07,fixture-tika-00,fixture-tika-01,fixture-tika-02,fixture-tika-03,fixture-tika-04,fixture-tika-05,fixture-tika-06,fixture-tika-07,fixture-tika-08,fixture-tika-09,fixture-tika-10,fixture-tika-11,fixture-tika-12,fixture-tika-13,fixture-tika-14,fixture-tika-15	0	40	8	0	8	1046279	0	0	0	1	0
large-limit-dense	projection	large-limit	dense	contains	large-limit	properties	5000			0		success	5000	2267620	1fa1afe705a7dcd36d98f199e1e987b405ad85c146dcb5a31d2ceb2e335edb25	17735167		fixture-android-00	cross-graph-query	64	1	fixture-android-00	0	1	0	0	0	240469	0	0	0	1	0
filtered-count-zero	aggregation	filtered-count	zero	contains	aggregation	count	0			0		success	1	240	567be759d9023968e4cdf6991faedfb175b9264cd1aaba46e7eda3a4c148c754	1563750			cross-graph-query	64	0		0	0	0	0	0	2944	0	0	0	0	0
filtered-count-targeted	aggregation	filtered-count	targeted	contains	aggregation	count	0			0		success	1	1539	b2dac09ee7afc71fe4fa08c8d65491f8c9a12c2bde96119e3d88f00ce15ec208	21254667		fixture-android-00,fixture-android-01,fixture-android-02,fixture-android-03,fixture-android-04,fixture-android-05,fixture-android-06,fixture-android-07,fixture-android-08,fixture-android-09,fixture-android-10,fixture-android-11,fixture-android-12,fixture-android-13,fixture-android-14,fixture-android-15,fixture-kotlin-compiler-00,fixture-kotlin-compiler-01,fixture-kotlin-compiler-02,fixture-kotlin-compiler-03,fixture-kotlin-compiler-04,fixture-kotlin-compiler-05,fixture-kotlin-compiler-06,fixture-kotlin-compiler-07,fixture-kotlin-compiler-08,fixture-kotlin-compiler-09,fixture-kotlin-compiler-10,fixture-kotlin-compiler-11,fixture-kotlin-compiler-12,fixture-kotlin-compiler-13,fixture-kotlin-compiler-14,fixture-kotlin-compiler-15	cross-graph-query	64	0		0	0	0	0	0	2163029	0	0	0	0	0
filtered-count-dense	aggregation	filtered-count	dense	contains	aggregation	count	0			0		success	1	2595	8f53ddc9c25c3d9952709d8b91e90fd97e6e2df7be19d01de4cd283d146f22e7	15929375		fixture-android-00,fixture-android-01,fixture-android-02,fixture-android-03,fixture-android-04,fixture-android-05,fixture-android-06,fixture-android-07,fixture-android-08,fixture-android-09,fixture-android-10,fixture-android-11,fixture-android-12,fixture-android-13,fixture-android-14,fixture-android-15,fixture-hive-00,fixture-hive-01,fixture-hive-02,fixture-hive-03,fixture-hive-04,fixture-hive-05,fixture-hive-06,fixture-hive-07,fixture-hive-08,fixture-hive-09,fixture-hive-10,fixture-hive-11,fixture-hive-12,fixture-hive-13,fixture-hive-14,fixture-hive-15,fixture-kotlin-compiler-00,fixture-kotlin-compiler-01,fixture-kotlin-compiler-02,fixture-kotlin-compiler-03,fixture-kotlin-compiler-04,fixture-kotlin-compiler-05,fixture-kotlin-compiler-06,fixture-kotlin-compiler-07,fixture-kotlin-compiler-08,fixture-kotlin-compiler-09,fixture-kotlin-compiler-10,fixture-kotlin-compiler-11,fixture-kotlin-compiler-12,fixture-kotlin-compiler-13,fixture-kotlin-compiler-14,fixture-kotlin-compiler-15,fixture-tika-00,fixture-tika-01,fixture-tika-02,fixture-tika-03,fixture-tika-04,fixture-tika-05,fixture-tika-06,fixture-tika-07,fixture-tika-08,fixture-tika-09,fixture-tika-10,fixture-tika-11,fixture-tika-12,fixture-tika-13,fixture-tika-14,fixture-tika-15	cross-graph-query	64	0		0	0	0	0	0	972047	0	0	0	0	0
filtered-distinct-count-zero	aggregation	filtered-distinct-count	zero	contains	aggregation	distinct-count	0			0		success	1	254	32150744f39db6b1c8f7098a88585f5ba574e66046898de74fb950547d6bb091	748875			cross-graph-query	64	0		0	0	0	0	0	2936	0	0	0	0	0
filtered-distinct-count-targeted	aggregation	filtered-distinct-count	targeted	contains	aggregation	distinct-count	0			0		success	1	940	d7e5ca7043b4e785d0b738dca12dd2dd93ac3fbafb9ed4c1235ddd123845584f	29565750		fixture-android-00,fixture-android-01,fixture-android-02,fixture-android-03,fixture-android-04,fixture-android-05,fixture-android-06,fixture-android-07,fixture-android-08,fixture-android-09,fixture-android-10,fixture-android-11,fixture-android-12,fixture-android-13,fixture-android-14,fixture-android-15,fixture-hive-00,fixture-hive-07,fixture-hive-14	cross-graph-query	64	0		0	0	0	0	0	3860820	0	0	0	0	0
filtered-distinct-count-dense	aggregation	filtered-distinct-count	dense	contains	aggregation	distinct-count	0			0		success	1	2608	477b21684b95cb422a1350ea9f77182a38e7dae3c678c88ac70af2499f6b24d4	39023125		fixture-android-00,fixture-android-01,fixture-android-02,fixture-android-03,fixture-android-04,fixture-android-05,fixture-android-06,fixture-android-07,fixture-android-08,fixture-android-09,fixture-android-10,fixture-android-11,fixture-android-12,fixture-android-13,fixture-android-14,fixture-android-15,fixture-hive-00,fixture-hive-01,fixture-hive-02,fixture-hive-03,fixture-hive-04,fixture-hive-05,fixture-hive-06,fixture-hive-07,fixture-hive-08,fixture-hive-09,fixture-hive-10,fixture-hive-11,fixture-hive-12,fixture-hive-13,fixture-hive-14,fixture-hive-15,fixture-kotlin-compiler-00,fixture-kotlin-compiler-01,fixture-kotlin-compiler-02,fixture-kotlin-compiler-03,fixture-kotlin-compiler-04,fixture-kotlin-compiler-05,fixture-kotlin-compiler-06,fixture-kotlin-compiler-07,fixture-kotlin-compiler-08,fixture-kotlin-compiler-09,fixture-kotlin-compiler-10,fixture-kotlin-compiler-11,fixture-kotlin-compiler-12,fixture-kotlin-compiler-13,fixture-kotlin-compiler-14,fixture-kotlin-compiler-15,fixture-tika-00,fixture-tika-01,fixture-tika-02,fixture-tika-03,fixture-tika-04,fixture-tika-05,fixture-tika-06,fixture-tika-07,fixture-tika-08,fixture-tika-09,fixture-tika-10,fixture-tika-11,fixture-tika-12,fixture-tika-13,fixture-tika-14,fixture-tika-15	cross-graph-query	64	0		0	0	0	0	0	2461808	0	0	0	0	0
parameterized-four-or-zero	contains	parameterized-four-or	zero	contains	parameters	properties	200			0		success	0	147	805c8c7334c868e18e2be84be95b83cc60895722d739c2b164a68be4cd410c49	1184125			cross-graph-query	64	64	fixture-android-00,fixture-android-01,fixture-android-02,fixture-android-03,fixture-android-04,fixture-android-05,fixture-android-06,fixture-android-07,fixture-android-08,fixture-android-09,fixture-android-10,fixture-android-11,fixture-android-12,fixture-android-13,fixture-android-14,fixture-android-15,fixture-hive-00,fixture-hive-01,fixture-hive-02,fixture-hive-03,fixture-hive-04,fixture-hive-05,fixture-hive-06,fixture-hive-07,fixture-hive-08,fixture-hive-09,fixture-hive-10,fixture-hive-11,fixture-hive-12,fixture-hive-13,fixture-hive-14,fixture-hive-15,fixture-kotlin-compiler-00,fixture-kotlin-compiler-01,fixture-kotlin-compiler-02,fixture-kotlin-compiler-03,fixture-kotlin-compiler-04,fixture-kotlin-compiler-05,fixture-kotlin-compiler-06,fixture-kotlin-compiler-07,fixture-kotlin-compiler-08,fixture-kotlin-compiler-09,fixture-kotlin-compiler-10,fixture-kotlin-compiler-11,fixture-kotlin-compiler-12,fixture-kotlin-compiler-13,fixture-kotlin-compiler-14,fixture-kotlin-compiler-15,fixture-tika-00,fixture-tika-01,fixture-tika-02,fixture-tika-03,fixture-tika-04,fixture-tika-05,fixture-tika-06,fixture-tika-07,fixture-tika-08,fixture-tika-09,fixture-tika-10,fixture-tika-11,fixture-tika-12,fixture-tika-13,fixture-tika-14,fixture-tika-15	0	64	0	0	0	2818	0	0	0	1	0
parameterized-four-or-targeted	contains	parameterized-four-or	targeted	contains	parameters	properties	200			0		success	200	87107	beae22173f7c31b84468f4c460cd94ad5f6200acb0ea7f432c48c9ae442b8758	2466792		fixture-tika-00	cross-graph-query	64	24	fixture-android-00,fixture-android-01,fixture-android-02,fixture-android-03,fixture-android-04,fixture-android-05,fixture-android-06,fixture-android-07,fixture-android-08,fixture-android-09,fixture-android-10,fixture-android-11,fixture-android-12,fixture-android-13,fixture-android-14,fixture-android-15,fixture-tika-00,fixture-tika-01,fixture-tika-02,fixture-tika-03,fixture-tika-04,fixture-tika-05,fixture-tika-06,fixture-tika-07	0	24	8	0	8	348021	0	0	0	1	0
parameterized-four-or-dense	contains	parameterized-four-or	dense	contains	parameters	properties	200			0		success	200	84809	4c7094233f383e8303d3dd09cafc30963d2437cbba920fb62d171edc0ce308bc	1159708		fixture-android-00	cross-graph-query	64	1	fixture-android-00	0	1	0	1	0	2442	0	0	0	1	0
global-wide-four-properties-zero	global-wide	global-wide-four-properties	zero	raw-contains	single-query	properties	200			0	47c5f2f8275ab2447995a1b45a36cd5b0b70e258e0f75934abd1f0cef5c2b93e	success	0	147	805c8c7334c868e18e2be84be95b83cc60895722d739c2b164a68be4cd410c49	733292			cross-graph-query	64	64	fixture-android-00,fixture-android-01,fixture-android-02,fixture-android-03,fixture-android-04,fixture-android-05,fixture-android-06,fixture-android-07,fixture-android-08,fixture-android-09,fixture-android-10,fixture-android-11,fixture-android-12,fixture-android-13,fixture-android-14,fixture-android-15,fixture-hive-00,fixture-hive-01,fixture-hive-02,fixture-hive-03,fixture-hive-04,fixture-hive-05,fixture-hive-06,fixture-hive-07,fixture-hive-08,fixture-hive-09,fixture-hive-10,fixture-hive-11,fixture-hive-12,fixture-hive-13,fixture-hive-14,fixture-hive-15,fixture-kotlin-compiler-00,fixture-kotlin-compiler-01,fixture-kotlin-compiler-02,fixture-kotlin-compiler-03,fixture-kotlin-compiler-04,fixture-kotlin-compiler-05,fixture-kotlin-compiler-06,fixture-kotlin-compiler-07,fixture-kotlin-compiler-08,fixture-kotlin-compiler-09,fixture-kotlin-compiler-10,fixture-kotlin-compiler-11,fixture-kotlin-compiler-12,fixture-kotlin-compiler-13,fixture-kotlin-compiler-14,fixture-kotlin-compiler-15,fixture-tika-00,fixture-tika-01,fixture-tika-02,fixture-tika-03,fixture-tika-04,fixture-tika-05,fixture-tika-06,fixture-tika-07,fixture-tika-08,fixture-tika-09,fixture-tika-10,fixture-tika-11,fixture-tika-12,fixture-tika-13,fixture-tika-14,fixture-tika-15	0	64	0	0	0	197	0	0	0	1	0
global-wide-four-properties-targeted	global-wide	global-wide-four-properties	targeted	raw-contains	single-query	properties	200			0	47c5f2f8275ab2447995a1b45a36cd5b0b70e258e0f75934abd1f0cef5c2b93e	success	11	6277	ca01ade166f4156fe11d166c7832fed45bfbdf107060915eb0c8f2df36ef35ed	1784000		fixture-android-00,fixture-android-09	cross-graph-query	64	64	fixture-android-00,fixture-android-01,fixture-android-02,fixture-android-03,fixture-android-04,fixture-android-05,fixture-android-06,fixture-android-07,fixture-android-08,fixture-android-09,fixture-android-10,fixture-android-11,fixture-android-12,fixture-android-13,fixture-android-14,fixture-android-15,fixture-hive-00,fixture-hive-01,fixture-hive-02,fixture-hive-03,fixture-hive-04,fixture-hive-05,fixture-hive-06,fixture-hive-07,fixture-hive-08,fixture-hive-09,fixture-hive-10,fixture-hive-11,fixture-hive-12,fixture-hive-13,fixture-hive-14,fixture-hive-15,fixture-kotlin-compiler-00,fixture-kotlin-compiler-01,fixture-kotlin-compiler-02,fixture-kotlin-compiler-03,fixture-kotlin-compiler-04,fixture-kotlin-compiler-05,fixture-kotlin-compiler-06,fixture-kotlin-compiler-07,fixture-kotlin-compiler-08,fixture-kotlin-compiler-09,fixture-kotlin-compiler-10,fixture-kotlin-compiler-11,fixture-kotlin-compiler-12,fixture-kotlin-compiler-13,fixture-kotlin-compiler-14,fixture-kotlin-compiler-15,fixture-tika-00,fixture-tika-01,fixture-tika-02,fixture-tika-03,fixture-tika-04,fixture-tika-05,fixture-tika-06,fixture-tika-07,fixture-tika-08,fixture-tika-09,fixture-tika-10,fixture-tika-11,fixture-tika-12,fixture-tika-13,fixture-tika-14,fixture-tika-15	0	64	1	0	9	114502	0	0	0	1	0
global-wide-four-properties-dense	global-wide	global-wide-four-properties	dense	raw-contains	single-query	properties	200			0	47c5f2f8275ab2447995a1b45a36cd5b0b70e258e0f75934abd1f0cef5c2b93e	success	200	84412	8eceb0bb70ccfdd593dcb45e66de5d2b8ea8dae746bc99461d0899dc8d12c31a	865667		fixture-android-00	cross-graph-query	64	1	fixture-android-00	0	1	0	0	0	681	0	0	0	1	0
global-wide-class-pair-zero	global-wide	global-wide-class-pair	zero	raw-contains	single-query	class-properties	200			0	2884fe5070e6e70bd2c44e54af37c56e2cfd19343a8721d5b36093d7d1db0f7d	success	0	84	425b336aa734c4a1ffbfb58aeaf5489b33f919170492c4bff859504736492e7f	680959			cross-graph-query	64	64	fixture-android-00,fixture-android-01,fixture-android-02,fixture-android-03,fixture-android-04,fixture-android-05,fixture-android-06,fixture-android-07,fixture-android-08,fixture-android-09,fixture-android-10,fixture-android-11,fixture-android-12,fixture-android-13,fixture-android-14,fixture-android-15,fixture-hive-00,fixture-hive-01,fixture-hive-02,fixture-hive-03,fixture-hive-04,fixture-hive-05,fixture-hive-06,fixture-hive-07,fixture-hive-08,fixture-hive-09,fixture-hive-10,fixture-hive-11,fixture-hive-12,fixture-hive-13,fixture-hive-14,fixture-hive-15,fixture-kotlin-compiler-00,fixture-kotlin-compiler-01,fixture-kotlin-compiler-02,fixture-kotlin-compiler-03,fixture-kotlin-compiler-04,fixture-kotlin-compiler-05,fixture-kotlin-compiler-06,fixture-kotlin-compiler-07,fixture-kotlin-compiler-08,fixture-kotlin-compiler-09,fixture-kotlin-compiler-10,fixture-kotlin-compiler-11,fixture-kotlin-compiler-12,fixture-kotlin-compiler-13,fixture-kotlin-compiler-14,fixture-kotlin-compiler-15,fixture-tika-00,fixture-tika-01,fixture-tika-02,fixture-tika-03,fixture-tika-04,fixture-tika-05,fixture-tika-06,fixture-tika-07,fixture-tika-08,fixture-tika-09,fixture-tika-10,fixture-tika-11,fixture-tika-12,fixture-tika-13,fixture-tika-14,fixture-tika-15	0	64	0	0	0	197	0	0	0	1	0
global-wide-class-pair-targeted	global-wide	global-wide-class-pair	targeted	raw-contains	single-query	class-properties	200			0	2884fe5070e6e70bd2c44e54af37c56e2cfd19343a8721d5b36093d7d1db0f7d	success	1	548	293726158b0e5fab1ac11826253b0682c325d22e027a3b3fd202214984b341d6	1494083		fixture-android-07	cross-graph-query	64	64	fixture-android-00,fixture-android-01,fixture-android-02,fixture-android-03,fixture-android-04,fixture-android-05,fixture-android-06,fixture-android-07,fixture-android-08,fixture-android-09,fixture-android-10,fixture-android-11,fixture-android-12,fixture-android-13,fixture-android-14,fixture-android-15,fixture-hive-00,fixture-hive-01,fixture-hive-02,fixture-hive-03,fixture-hive-04,fixture-hive-05,fixture-hive-06,fixture-hive-07,fixture-hive-08,fixture-hive-09,fixture-hive-10,fixture-hive-11,fixture-hive-12,fixture-hive-13,fixture-hive-14,fixture-hive-15,fixture-kotlin-compiler-00,fixture-kotlin-compiler-01,fixture-kotlin-compiler-02,fixture-kotlin-compiler-03,fixture-kotlin-compiler-04,fixture-kotlin-compiler-05,fixture-kotlin-compiler-06,fixture-kotlin-compiler-07,fixture-kotlin-compiler-08,fixture-kotlin-compiler-09,fixture-kotlin-compiler-10,fixture-kotlin-compiler-11,fixture-kotlin-compiler-12,fixture-kotlin-compiler-13,fixture-kotlin-compiler-14,fixture-kotlin-compiler-15,fixture-tika-00,fixture-tika-01,fixture-tika-02,fixture-tika-03,fixture-tika-04,fixture-tika-05,fixture-tika-06,fixture-tika-07,fixture-tika-08,fixture-tika-09,fixture-tika-10,fixture-tika-11,fixture-tika-12,fixture-tika-13,fixture-tika-14,fixture-tika-15	0	64	1	0	9	113784	0	0	0	1	0
global-wide-class-pair-dense	global-wide	global-wide-class-pair	dense	raw-contains	single-query	class-properties	200			0	47c5f2f8275ab2447995a1b45a36cd5b0b70e258e0f75934abd1f0cef5c2b93e	success	200	60629	81d3eb1768219b0da6ffd7c3b85945b972fea0dcf7b73f3c4ab85cb548d7f0cf	324917		fixture-android-00	cross-graph-query	64	1	fixture-android-00	0	1	0	0	0	200	0	0	0	1	0
global-wide-name-pair-zero	global-wide	global-wide-name-pair	zero	raw-contains	single-query	name-properties	200			0	caf42d54ef3437f216c963929327ed5ef3f52ce080fa2be4c3305c2370617ab1	success	0	82	3ccae830dbdb8a07387e7c7e6dc034be54ba0aabd8aed60d7c03e33380639d25	682542			cross-graph-query	64	64	fixture-android-00,fixture-android-01,fixture-android-02,fixture-android-03,fixture-android-04,fixture-android-05,fixture-android-06,fixture-android-07,fixture-android-08,fixture-android-09,fixture-android-10,fixture-android-11,fixture-android-12,fixture-android-13,fixture-android-14,fixture-android-15,fixture-hive-00,fixture-hive-01,fixture-hive-02,fixture-hive-03,fixture-hive-04,fixture-hive-05,fixture-hive-06,fixture-hive-07,fixture-hive-08,fixture-hive-09,fixture-hive-10,fixture-hive-11,fixture-hive-12,fixture-hive-13,fixture-hive-14,fixture-hive-15,fixture-kotlin-compiler-00,fixture-kotlin-compiler-01,fixture-kotlin-compiler-02,fixture-kotlin-compiler-03,fixture-kotlin-compiler-04,fixture-kotlin-compiler-05,fixture-kotlin-compiler-06,fixture-kotlin-compiler-07,fixture-kotlin-compiler-08,fixture-kotlin-compiler-09,fixture-kotlin-compiler-10,fixture-kotlin-compiler-11,fixture-kotlin-compiler-12,fixture-kotlin-compiler-13,fixture-kotlin-compiler-14,fixture-kotlin-compiler-15,fixture-tika-00,fixture-tika-01,fixture-tika-02,fixture-tika-03,fixture-tika-04,fixture-tika-05,fixture-tika-06,fixture-tika-07,fixture-tika-08,fixture-tika-09,fixture-tika-10,fixture-tika-11,fixture-tika-12,fixture-tika-13,fixture-tika-14,fixture-tika-15	0	64	0	0	0	197	0	0	0	1	0
global-wide-name-pair-targeted	global-wide	global-wide-name-pair	targeted	raw-contains	single-query	name-properties	200			0	caf42d54ef3437f216c963929327ed5ef3f52ce080fa2be4c3305c2370617ab1	success	4	1103	58540b74d820ca24f3d68b0b7fb18b59338e9416511998c40901a1ea0e3da925	2164542		fixture-android-03,fixture-android-14	cross-graph-query	64	64	fixture-android-00,fixture-android-01,fixture-android-02,fixture-android-03,fixture-android-04,fixture-android-05,fixture-android-06,fixture-android-07,fixture-android-08,fixture-android-09,fixture-android-10,fixture-android-11,fixture-android-12,fixture-android-13,fixture-android-14,fixture-android-15,fixture-hive-00,fixture-hive-01,fixture-hive-02,fixture-hive-03,fixture-hive-04,fixture-hive-05,fixture-hive-06,fixture-hive-07,fixture-hive-08,fixture-hive-09,fixture-hive-10,fixture-hive-11,fixture-hive-12,fixture-hive-13,fixture-hive-14,fixture-hive-15,fixture-kotlin-compiler-00,fixture-kotlin-compiler-01,fixture-kotlin-compiler-02,fixture-kotlin-compiler-03,fixture-kotlin-compiler-04,fixture-kotlin-compiler-05,fixture-kotlin-compiler-06,fixture-kotlin-compiler-07,fixture-kotlin-compiler-08,fixture-kotlin-compiler-09,fixture-kotlin-compiler-10,fixture-kotlin-compiler-11,fixture-kotlin-compiler-12,fixture-kotlin-compiler-13,fixture-kotlin-compiler-14,fixture-kotlin-compiler-15,fixture-tika-00,fixture-tika-01,fixture-tika-02,fixture-tika-03,fixture-tika-04,fixture-tika-05,fixture-tika-06,fixture-tika-07,fixture-tika-08,fixture-tika-09,fixture-tika-10,fixture-tika-11,fixture-tika-12,fixture-tika-13,fixture-tika-14,fixture-tika-15	0	64	2	0	9	225924	0	0	0	1	0
global-wide-name-pair-dense	global-wide	global-wide-name-pair	dense	raw-contains	single-query	name-properties	200			0	47c5f2f8275ab2447995a1b45a36cd5b0b70e258e0f75934abd1f0cef5c2b93e	success	200	52008	cb35d833bb790432aec3a1d31677653b78a921e9c16abed9af2e31b673ab2819	358250		fixture-android-00	cross-graph-query	64	1	fixture-android-00	0	1	0	0	0	200	0	0	0	1	0
global-wide-caller-class-zero	global-wide	global-wide-caller-class	zero	raw-contains	single-query	caller-class	200			0	a70ca503c8d7edc9fd5b26430e9c4bd9517cfcf9084469733cfeff8a4fef63f8	success	0	52	49a026e323beb71e70addfd97b163cb2851f30cc7d78914fb454d79e4dac8372	660625			cross-graph-query	64	64	fixture-android-00,fixture-android-01,fixture-android-02,fixture-android-03,fixture-android-04,fixture-android-05,fixture-android-06,fixture-android-07,fixture-android-08,fixture-android-09,fixture-android-10,fixture-android-11,fixture-android-12,fixture-android-13,fixture-android-14,fixture-android-15,fixture-hive-00,fixture-hive-01,fixture-hive-02,fixture-hive-03,fixture-hive-04,fixture-hive-05,fixture-hive-06,fixture-hive-07,fixture-hive-08,fixture-hive-09,fixture-hive-10,fixture-hive-11,fixture-hive-12,fixture-hive-13,fixture-hive-14,fixture-hive-15,fixture-kotlin-compiler-00,fixture-kotlin-compiler-01,fixture-kotlin-compiler-02,fixture-kotlin-compiler-03,fixture-kotlin-compiler-04,fixture-kotlin-compiler-05,fixture-kotlin-compiler-06,fixture-kotlin-compiler-07,fixture-kotlin-compiler-08,fixture-kotlin-compiler-09,fixture-kotlin-compiler-10,fixture-kotlin-compiler-11,fixture-kotlin-compiler-12,fixture-kotlin-compiler-13,fixture-kotlin-compiler-14,fixture-kotlin-compiler-15,fixture-tika-00,fixture-tika-01,fixture-tika-02,fixture-tika-03,fixture-tika-04,fixture-tika-05,fixture-tika-06,fixture-tika-07,fixture-tika-08,fixture-tika-09,fixture-tika-10,fixture-tika-11,fixture-tika-12,fixture-tika-13,fixture-tika-14,fixture-tika-15	0	64	0	0	0	197	0	0	0	1	0
global-wide-caller-class-targeted	global-wide	global-wide-caller-class	targeted	raw-contains	single-query	caller-class	200			0	a70ca503c8d7edc9fd5b26430e9c4bd9517cfcf9084469733cfeff8a4fef63f8	success	2	690	71d6d516eb1b38878b6c3fb33515ffbef9ce1e392274e3672fadb25c6d59468c	1682292		fixture-tika-05,fixture-tika-15	cross-graph-query	64	64	fixture-android-00,fixture-android-01,fixture-android-02,fixture-android-03,fixture-android-04,fixture-android-05,fixture-android-06,fixture-android-07,fixture-android-08,fixture-android-09,fixture-android-10,fixture-android-11,fixture-android-12,fixture-android-13,fixture-android-14,fixture-android-15,fixture-hive-00,fixture-hive-01,fixture-hive-02,fixture-hive-03,fixture-hive-04,fixture-hive-05,fixture-hive-06,fixture-hive-07,fixture-hive-08,fixture-hive-09,fixture-hive-10,fixture-hive-11,fixture-hive-12,fixture-hive-13,fixture-hive-14,fixture-hive-15,fixture-kotlin-compiler-00,fixture-kotlin-compiler-01,fixture-kotlin-compiler-02,fixture-kotlin-compiler-03,fixture-kotlin-compiler-04,fixture-kotlin-compiler-05,fixture-kotlin-compiler-06,fixture-kotlin-compiler-07,fixture-kotlin-compiler-08,fixture-kotlin-compiler-09,fixture-kotlin-compiler-10,fixture-kotlin-compiler-11,fixture-kotlin-compiler-12,fixture-kotlin-compiler-13,fixture-kotlin-compiler-14,fixture-kotlin-compiler-15,fixture-tika-00,fixture-tika-01,fixture-tika-02,fixture-tika-03,fixture-tika-04,fixture-tika-05,fixture-tika-06,fixture-tika-07,fixture-tika-08,fixture-tika-09,fixture-tika-10,fixture-tika-11,fixture-tika-12,fixture-tika-13,fixture-tika-14,fixture-tika-15	0	64	2	0	9	144108	0	0	0	1	0
global-wide-caller-class-dense	global-wide	global-wide-caller-class	dense	raw-contains	single-query	caller-class	200			0	47c5f2f8275ab2447995a1b45a36cd5b0b70e258e0f75934abd1f0cef5c2b93e	success	200	45685	4acba209fd2966a95b338a6ca2bb4826cae6e1bc982fb1e8f624274f38af44fd	234834		fixture-android-00	cross-graph-query	64	1	fixture-android-00	0	1	0	0	0	200	0	0	0	1	0
global-wide-callee-class-zero	global-wide	global-wide-callee-class	zero	raw-contains	single-query	callee-class	200			0	333b320af3f398d083e1d44b1a79e54fa546da12ce118f18db6f7cc3387398c8	success	0	52	4b6b439db49d0055828a93fdeb339f15977e31edc79e5cbecac39307b3c93d34	630708			cross-graph-query	64	64	fixture-android-00,fixture-android-01,fixture-android-02,fixture-android-03,fixture-android-04,fixture-android-05,fixture-android-06,fixture-android-07,fixture-android-08,fixture-android-09,fixture-android-10,fixture-android-11,fixture-android-12,fixture-android-13,fixture-android-14,fixture-android-15,fixture-hive-00,fixture-hive-01,fixture-hive-02,fixture-hive-03,fixture-hive-04,fixture-hive-05,fixture-hive-06,fixture-hive-07,fixture-hive-08,fixture-hive-09,fixture-hive-10,fixture-hive-11,fixture-hive-12,fixture-hive-13,fixture-hive-14,fixture-hive-15,fixture-kotlin-compiler-00,fixture-kotlin-compiler-01,fixture-kotlin-compiler-02,fixture-kotlin-compiler-03,fixture-kotlin-compiler-04,fixture-kotlin-compiler-05,fixture-kotlin-compiler-06,fixture-kotlin-compiler-07,fixture-kotlin-compiler-08,fixture-kotlin-compiler-09,fixture-kotlin-compiler-10,fixture-kotlin-compiler-11,fixture-kotlin-compiler-12,fixture-kotlin-compiler-13,fixture-kotlin-compiler-14,fixture-kotlin-compiler-15,fixture-tika-00,fixture-tika-01,fixture-tika-02,fixture-tika-03,fixture-tika-04,fixture-tika-05,fixture-tika-06,fixture-tika-07,fixture-tika-08,fixture-tika-09,fixture-tika-10,fixture-tika-11,fixture-tika-12,fixture-tika-13,fixture-tika-14,fixture-tika-15	0	64	0	0	0	197	0	0	0	1	0
global-wide-callee-class-targeted	global-wide	global-wide-callee-class	targeted	raw-contains	single-query	callee-class	200			0	333b320af3f398d083e1d44b1a79e54fa546da12ce118f18db6f7cc3387398c8	success	13	3106	38accaa3de2bf6856772e7af245aab8ef28aa1b18d695c5c6636f16b84eda1fe	1509917		fixture-tika-02,fixture-tika-12	cross-graph-query	64	64	fixture-android-00,fixture-android-01,fixture-android-02,fixture-android-03,fixture-android-04,fixture-android-05,fixture-android-06,fixture-android-07,fixture-android-08,fixture-android-09,fixture-android-10,fixture-android-11,fixture-android-12,fixture-android-13,fixture-android-14,fixture-android-15,fixture-hive-00,fixture-hive-01,fixture-hive-02,fixture-hive-03,fixture-hive-04,fixture-hive-05,fixture-hive-06,fixture-hive-07,fixture-hive-08,fixture-hive-09,fixture-hive-10,fixture-hive-11,fixture-hive-12,fixture-hive-13,fixture-hive-14,fixture-hive-15,fixture-kotlin-compiler-00,fixture-kotlin-compiler-01,fixture-kotlin-compiler-02,fixture-kotlin-compiler-03,fixture-kotlin-compiler-04,fixture-kotlin-compiler-05,fixture-kotlin-compiler-06,fixture-kotlin-compiler-07,fixture-kotlin-compiler-08,fixture-kotlin-compiler-09,fixture-kotlin-compiler-10,fixture-kotlin-compiler-11,fixture-kotlin-compiler-12,fixture-kotlin-compiler-13,fixture-kotlin-compiler-14,fixture-kotlin-compiler-15,fixture-tika-00,fixture-tika-01,fixture-tika-02,fixture-tika-03,fixture-tika-04,fixture-tika-05,fixture-tika-06,fixture-tika-07,fixture-tika-08,fixture-tika-09,fixture-tika-10,fixture-tika-11,fixture-tika-12,fixture-tika-13,fixture-tika-14,fixture-tika-15	0	64	2	0	9	126900	0	0	0	1	0
global-wide-callee-class-dense	global-wide	global-wide-callee-class	dense	raw-contains	single-query	callee-class	200			0	47c5f2f8275ab2447995a1b45a36cd5b0b70e258e0f75934abd1f0cef5c2b93e	success	200	43370	4612b6fd3373ac72f1504e0f36e283689f5d39f8d1ee079417b1b2cce0b575a5	249541		fixture-android-00	cross-graph-query	64	1	fixture-android-00	0	1	0	0	0	200	0	0	0	1	0
global-wide-provenance-zero	global-wide	global-wide-provenance	zero	raw-contains	single-query	graph-id-properties	200			0	bc37ba5880a9fc3e89dea2bf6571ad8db10f8c499dfca7c678b831d8edb064fe	success	0	173	21514b44bab7a7f1a700cdc7119f3ce1b4ea8304c84e402ddb5f9775b21dd8af	699833			cross-graph-query	64	64	fixture-android-00,fixture-android-01,fixture-android-02,fixture-android-03,fixture-android-04,fixture-android-05,fixture-android-06,fixture-android-07,fixture-android-08,fixture-android-09,fixture-android-10,fixture-android-11,fixture-android-12,fixture-android-13,fixture-android-14,fixture-android-15,fixture-hive-00,fixture-hive-01,fixture-hive-02,fixture-hive-03,fixture-hive-04,fixture-hive-05,fixture-hive-06,fixture-hive-07,fixture-hive-08,fixture-hive-09,fixture-hive-10,fixture-hive-11,fixture-hive-12,fixture-hive-13,fixture-hive-14,fixture-hive-15,fixture-kotlin-compiler-00,fixture-kotlin-compiler-01,fixture-kotlin-compiler-02,fixture-kotlin-compiler-03,fixture-kotlin-compiler-04,fixture-kotlin-compiler-05,fixture-kotlin-compiler-06,fixture-kotlin-compiler-07,fixture-kotlin-compiler-08,fixture-kotlin-compiler-09,fixture-kotlin-compiler-10,fixture-kotlin-compiler-11,fixture-kotlin-compiler-12,fixture-kotlin-compiler-13,fixture-kotlin-compiler-14,fixture-kotlin-compiler-15,fixture-tika-00,fixture-tika-01,fixture-tika-02,fixture-tika-03,fixture-tika-04,fixture-tika-05,fixture-tika-06,fixture-tika-07,fixture-tika-08,fixture-tika-09,fixture-tika-10,fixture-tika-11,fixture-tika-12,fixture-tika-13,fixture-tika-14,fixture-tika-15	0	64	0	0	0	197	0	0	0	1	0
global-wide-provenance-targeted	global-wide	global-wide-provenance	targeted	raw-contains	single-query	graph-id-properties	200			0	bc37ba5880a9fc3e89dea2bf6571ad8db10f8c499dfca7c678b831d8edb064fe	success	5	3686	e03733885fccd27d09d67440e488d5be3f0db06077f0518c35fad38155449305	2135416		fixture-hive-03,fixture-hive-11	cross-graph-query	64	64	fixture-android-00,fixture-android-01,fixture-android-02,fixture-android-03,fixture-android-04,fixture-android-05,fixture-android-06,fixture-android-07,fixture-android-08,fixture-android-09,fixture-android-10,fixture-android-11,fixture-android-12,fixture-android-13,fixture-android-14,fixture-android-15,fixture-hive-00,fixture-hive-01,fixture-hive-02,fixture-hive-03,fixture-hive-04,fixture-hive-05,fixture-hive-06,fixture-hive-07,fixture-hive-08,fixture-hive-09,fixture-hive-10,fixture-hive-11,fixture-hive-12,fixture-hive-13,fixture-hive-14,fixture-hive-15,fixture-kotlin-compiler-00,fixture-kotlin-compiler-01,fixture-kotlin-compiler-02,fixture-kotlin-compiler-03,fixture-kotlin-compiler-04,fixture-kotlin-compiler-05,fixture-kotlin-compiler-06,fixture-kotlin-compiler-07,fixture-kotlin-compiler-08,fixture-kotlin-compiler-09,fixture-kotlin-compiler-10,fixture-kotlin-compiler-11,fixture-kotlin-compiler-12,fixture-kotlin-compiler-13,fixture-kotlin-compiler-14,fixture-kotlin-compiler-15,fixture-tika-00,fixture-tika-01,fixture-tika-02,fixture-tika-03,fixture-tika-04,fixture-tika-05,fixture-tika-06,fixture-tika-07,fixture-tika-08,fixture-tika-09,fixture-tika-10,fixture-tika-11,fixture-tika-12,fixture-tika-13,fixture-tika-14,fixture-tika-15	0	64	2	0	9	190558	0	0	0	1	0
global-wide-provenance-dense	global-wide	global-wide-provenance	dense	raw-contains	single-query	graph-id-properties	200			0	47c5f2f8275ab2447995a1b45a36cd5b0b70e258e0f75934abd1f0cef5c2b93e	success	200	96838	0195b457e87cb89f9435db8fabc1571a1cc9b3c89510875ac7eb56a14bd74eaf	483292		fixture-android-00	cross-graph-query	64	1	fixture-android-00	0	1	0	0	0	200	0	0	0	1	0
global-wide-aliased-zero	global-wide	global-wide-aliased	zero	raw-contains	single-query	aliased-properties	200			0	e942f277a2b44bd11b03bd9380dd5388338721030a1701c31ff2277dd8f8cd9a	success	0	127	204c1d27407857dc7d7e40edba750f7e94fe476df82ab2ae0618ecb2491bc113	601208			cross-graph-query	64	64	fixture-android-00,fixture-android-01,fixture-android-02,fixture-android-03,fixture-android-04,fixture-android-05,fixture-android-06,fixture-android-07,fixture-android-08,fixture-android-09,fixture-android-10,fixture-android-11,fixture-android-12,fixture-android-13,fixture-android-14,fixture-android-15,fixture-hive-00,fixture-hive-01,fixture-hive-02,fixture-hive-03,fixture-hive-04,fixture-hive-05,fixture-hive-06,fixture-hive-07,fixture-hive-08,fixture-hive-09,fixture-hive-10,fixture-hive-11,fixture-hive-12,fixture-hive-13,fixture-hive-14,fixture-hive-15,fixture-kotlin-compiler-00,fixture-kotlin-compiler-01,fixture-kotlin-compiler-02,fixture-kotlin-compiler-03,fixture-kotlin-compiler-04,fixture-kotlin-compiler-05,fixture-kotlin-compiler-06,fixture-kotlin-compiler-07,fixture-kotlin-compiler-08,fixture-kotlin-compiler-09,fixture-kotlin-compiler-10,fixture-kotlin-compiler-11,fixture-kotlin-compiler-12,fixture-kotlin-compiler-13,fixture-kotlin-compiler-14,fixture-kotlin-compiler-15,fixture-tika-00,fixture-tika-01,fixture-tika-02,fixture-tika-03,fixture-tika-04,fixture-tika-05,fixture-tika-06,fixture-tika-07,fixture-tika-08,fixture-tika-09,fixture-tika-10,fixture-tika-11,fixture-tika-12,fixture-tika-13,fixture-tika-14,fixture-tika-15	0	64	0	0	0	197	0	0	0	1	0
global-wide-aliased-targeted	global-wide	global-wide-aliased	targeted	raw-contains	single-query	aliased-properties	200			0	e942f277a2b44bd11b03bd9380dd5388338721030a1701c31ff2277dd8f8cd9a	success	68	41116	ad659bfee58b6bedbfe40a71c4fad3a9ae4b1fcbbae0a4465fc1383dbba89f8d	2321375		fixture-hive-08,fixture-hive-10,fixture-hive-13	cross-graph-query	64	64	fixture-android-00,fixture-android-01,fixture-android-02,fixture-android-03,fixture-android-04,fixture-android-05,fixture-android-06,fixture-android-07,fixture-android-08,fixture-android-09,fixture-android-10,fixture-android-11,fixture-android-12,fixture-android-13,fixture-android-14,fixture-android-15,fixture-hive-00,fixture-hive-01,fixture-hive-02,fixture-hive-03,fixture-hive-04,fixture-hive-05,fixture-hive-06,fixture-hive-07,fixture-hive-08,fixture-hive-09,fixture-hive-10,fixture-hive-11,fixture-hive-12,fixture-hive-13,fixture-hive-14,fixture-hive-15,fixture-kotlin-compiler-00,fixture-kotlin-compiler-01,fixture-kotlin-compiler-02,fixture-kotlin-compiler-03,fixture-kotlin-compiler-04,fixture-kotlin-compiler-05,fixture-kotlin-compiler-06,fixture-kotlin-compiler-07,fixture-kotlin-compiler-08,fixture-kotlin-compiler-09,fixture-kotlin-compiler-10,fixture-kotlin-compiler-11,fixture-kotlin-compiler-12,fixture-kotlin-compiler-13,fixture-kotlin-compiler-14,fixture-kotlin-compiler-15,fixture-tika-00,fixture-tika-01,fixture-tika-02,fixture-tika-03,fixture-tika-04,fixture-tika-05,fixture-tika-06,fixture-tika-07,fixture-tika-08,fixture-tika-09,fixture-tika-10,fixture-tika-11,fixture-tika-12,fixture-tika-13,fixture-tika-14,fixture-tika-15	0	64	3	0	9	272494	0	0	0	1	0
global-wide-aliased-dense	global-wide	global-wide-aliased	dense	raw-contains	single-query	aliased-properties	200			0	47c5f2f8275ab2447995a1b45a36cd5b0b70e258e0f75934abd1f0cef5c2b93e	success	200	80392	ff07e16e7d2fb977a5bd5b90d859a49a4a57c15852658928bd8ec41286ffb6d0	513709		fixture-android-00	cross-graph-query	64	1	fixture-android-00	0	1	0	0	0	200	0	0	0	1	0
global-wide-parameterized-zero	global-wide	global-wide-parameterized	zero	raw-contains	parameters	properties	200			0	a2378f34cd746f343988852d75ea5d50b8bfe89e6cd965dacb19b742e3a8c966	success	0	147	805c8c7334c868e18e2be84be95b83cc60895722d739c2b164a68be4cd410c49	647084			cross-graph-query	64	64	fixture-android-00,fixture-android-01,fixture-android-02,fixture-android-03,fixture-android-04,fixture-android-05,fixture-android-06,fixture-android-07,fixture-android-08,fixture-android-09,fixture-android-10,fixture-android-11,fixture-android-12,fixture-android-13,fixture-android-14,fixture-android-15,fixture-hive-00,fixture-hive-01,fixture-hive-02,fixture-hive-03,fixture-hive-04,fixture-hive-05,fixture-hive-06,fixture-hive-07,fixture-hive-08,fixture-hive-09,fixture-hive-10,fixture-hive-11,fixture-hive-12,fixture-hive-13,fixture-hive-14,fixture-hive-15,fixture-kotlin-compiler-00,fixture-kotlin-compiler-01,fixture-kotlin-compiler-02,fixture-kotlin-compiler-03,fixture-kotlin-compiler-04,fixture-kotlin-compiler-05,fixture-kotlin-compiler-06,fixture-kotlin-compiler-07,fixture-kotlin-compiler-08,fixture-kotlin-compiler-09,fixture-kotlin-compiler-10,fixture-kotlin-compiler-11,fixture-kotlin-compiler-12,fixture-kotlin-compiler-13,fixture-kotlin-compiler-14,fixture-kotlin-compiler-15,fixture-tika-00,fixture-tika-01,fixture-tika-02,fixture-tika-03,fixture-tika-04,fixture-tika-05,fixture-tika-06,fixture-tika-07,fixture-tika-08,fixture-tika-09,fixture-tika-10,fixture-tika-11,fixture-tika-12,fixture-tika-13,fixture-tika-14,fixture-tika-15	0	64	0	0	0	197	0	0	0	1	0
global-wide-parameterized-targeted	global-wide	global-wide-parameterized	targeted	raw-contains	parameters	properties	200			0	a2378f34cd746f343988852d75ea5d50b8bfe89e6cd965dacb19b742e3a8c966	success	4	2598	d72c68d3fe0e8e0257e28136dfcba3f279a31d304b51dc9611dfa7b0f16169a8	1248458		fixture-kotlin-compiler-01	cross-graph-query	64	64	fixture-android-00,fixture-android-01,fixture-android-02,fixture-android-03,fixture-android-04,fixture-android-05,fixture-android-06,fixture-android-07,fixture-android-08,fixture-android-09,fixture-android-10,fixture-android-11,fixture-android-12,fixture-android-13,fixture-android-14,fixture-android-15,fixture-hive-00,fixture-hive-01,fixture-hive-02,fixture-hive-03,fixture-hive-04,fixture-hive-05,fixture-hive-06,fixture-hive-07,fixture-hive-08,fixture-hive-09,fixture-hive-10,fixture-hive-11,fixture-hive-12,fixture-hive-13,fixture-hive-14,fixture-hive-15,fixture-kotlin-compiler-00,fixture-kotlin-compiler-01,fixture-kotlin-compiler-02,fixture-kotlin-compiler-03,fixture-kotlin-compiler-04,fixture-kotlin-compiler-05,fixture-kotlin-compiler-06,fixture-kotlin-compiler-07,fixture-kotlin-compiler-08,fixture-kotlin-compiler-09,fixture-kotlin-compiler-10,fixture-kotlin-compiler-11,fixture-kotlin-compiler-12,fixture-kotlin-compiler-13,fixture-kotlin-compiler-14,fixture-kotlin-compiler-15,fixture-tika-00,fixture-tika-01,fixture-tika-02,fixture-tika-03,fixture-tika-04,fixture-tika-05,fixture-tika-06,fixture-tika-07,fixture-tika-08,fixture-tika-09,fixture-tika-10,fixture-tika-11,fixture-tika-12,fixture-tika-13,fixture-tika-14,fixture-tika-15	0	64	1	0	9	60618	0	0	0	1	0
global-wide-parameterized-dense	global-wide	global-wide-parameterized	dense	raw-contains	parameters	properties	200			0	47c5f2f8275ab2447995a1b45a36cd5b0b70e258e0f75934abd1f0cef5c2b93e	success	200	84412	8eceb0bb70ccfdd593dcb45e66de5d2b8ea8dae746bc99461d0899dc8d12c31a	473959		fixture-android-00	cross-graph-query	64	1	fixture-android-00	0	1	0	0	0	200	0	0	0	1	0
global-wide-wrapped-case-insensitive-zero	global-wide	global-wide-wrapped-case-insensitive	zero	wrapped-lowercase-contains	single-query	properties	200			0	37be466842d1f239df76fe55e92f6769fc0b2d6e47e43f0020c40a8ce8422cb0	success	0	147	805c8c7334c868e18e2be84be95b83cc60895722d739c2b164a68be4cd410c49	666042			cross-graph-query	64	64	fixture-android-00,fixture-android-01,fixture-android-02,fixture-android-03,fixture-android-04,fixture-android-05,fixture-android-06,fixture-android-07,fixture-android-08,fixture-android-09,fixture-android-10,fixture-android-11,fixture-android-12,fixture-android-13,fixture-android-14,fixture-android-15,fixture-hive-00,fixture-hive-01,fixture-hive-02,fixture-hive-03,fixture-hive-04,fixture-hive-05,fixture-hive-06,fixture-hive-07,fixture-hive-08,fixture-hive-09,fixture-hive-10,fixture-hive-11,fixture-hive-12,fixture-hive-13,fixture-hive-14,fixture-hive-15,fixture-kotlin-compiler-00,fixture-kotlin-compiler-01,fixture-kotlin-compiler-02,fixture-kotlin-compiler-03,fixture-kotlin-compiler-04,fixture-kotlin-compiler-05,fixture-kotlin-compiler-06,fixture-kotlin-compiler-07,fixture-kotlin-compiler-08,fixture-kotlin-compiler-09,fixture-kotlin-compiler-10,fixture-kotlin-compiler-11,fixture-kotlin-compiler-12,fixture-kotlin-compiler-13,fixture-kotlin-compiler-14,fixture-kotlin-compiler-15,fixture-tika-00,fixture-tika-01,fixture-tika-02,fixture-tika-03,fixture-tika-04,fixture-tika-05,fixture-tika-06,fixture-tika-07,fixture-tika-08,fixture-tika-09,fixture-tika-10,fixture-tika-11,fixture-tika-12,fixture-tika-13,fixture-tika-14,fixture-tika-15	0	64	0	0	0	197	0	0	0	1	0
global-wide-wrapped-case-insensitive-targeted	global-wide	global-wide-wrapped-case-insensitive	targeted	wrapped-lowercase-contains	single-query	properties	200			0	37be466842d1f239df76fe55e92f6769fc0b2d6e47e43f0020c40a8ce8422cb0	success	5	3192	6be81ce87c99d083628d76b0dce1e105c3d7fae110ebf15207143c3be7df8eeb	1394833		fixture-kotlin-compiler-08,fixture-kotlin-compiler-14	cross-graph-query	64	64	fixture-android-00,fixture-android-01,fixture-android-02,fixture-android-03,fixture-android-04,fixture-android-05,fixture-android-06,fixture-android-07,fixture-android-08,fixture-android-09,fixture-android-10,fixture-android-11,fixture-android-12,fixture-android-13,fixture-android-14,fixture-android-15,fixture-hive-00,fixture-hive-01,fixture-hive-02,fixture-hive-03,fixture-hive-04,fixture-hive-05,fixture-hive-06,fixture-hive-07,fixture-hive-08,fixture-hive-09,fixture-hive-10,fixture-hive-11,fixture-hive-12,fixture-hive-13,fixture-hive-14,fixture-hive-15,fixture-kotlin-compiler-00,fixture-kotlin-compiler-01,fixture-kotlin-compiler-02,fixture-kotlin-compiler-03,fixture-kotlin-compiler-04,fixture-kotlin-compiler-05,fixture-kotlin-compiler-06,fixture-kotlin-compiler-07,fixture-kotlin-compiler-08,fixture-kotlin-compiler-09,fixture-kotlin-compiler-10,fixture-kotlin-compiler-11,fixture-kotlin-compiler-12,fixture-kotlin-compiler-13,fixture-kotlin-compiler-14,fixture-kotlin-compiler-15,fixture-tika-00,fixture-tika-01,fixture-tika-02,fixture-tika-03,fixture-tika-04,fixture-tika-05,fixture-tika-06,fixture-tika-07,fixture-tika-08,fixture-tika-09,fixture-tika-10,fixture-tika-11,fixture-tika-12,fixture-tika-13,fixture-tika-14,fixture-tika-15	0	64	2	0	9	122005	0	0	0	1	0
global-wide-wrapped-case-insensitive-dense	global-wide	global-wide-wrapped-case-insensitive	dense	wrapped-lowercase-contains	single-query	properties	200			0	47c5f2f8275ab2447995a1b45a36cd5b0b70e258e0f75934abd1f0cef5c2b93e	success	200	84411	3bdee68309e62bee93f47848258ded90b1763d55841fa57d8b8fd21867653c44	956792		fixture-android-00	cross-graph-query	64	1	fixture-android-00	0	1	0	0	0	665	0	0	0	1	0
global-wide-wrapped-case-insensitive-distinct-zero	global-wide	global-wide-wrapped-case-insensitive-distinct	zero	wrapped-lowercase-contains	single-query	distinct-properties	200			0	86015e396789c5c1cf86d1df3b0b97987a7b461bfcfb129491f3d758793d1d65	success	0	147	805c8c7334c868e18e2be84be95b83cc60895722d739c2b164a68be4cd410c49	475708			cross-graph-query	64	64	fixture-android-00,fixture-android-01,fixture-android-02,fixture-android-03,fixture-android-04,fixture-android-05,fixture-android-06,fixture-android-07,fixture-android-08,fixture-android-09,fixture-android-10,fixture-android-11,fixture-android-12,fixture-android-13,fixture-android-14,fixture-android-15,fixture-hive-00,fixture-hive-01,fixture-hive-02,fixture-hive-03,fixture-hive-04,fixture-hive-05,fixture-hive-06,fixture-hive-07,fixture-hive-08,fixture-hive-09,fixture-hive-10,fixture-hive-11,fixture-hive-12,fixture-hive-13,fixture-hive-14,fixture-hive-15,fixture-kotlin-compiler-00,fixture-kotlin-compiler-01,fixture-kotlin-compiler-02,fixture-kotlin-compiler-03,fixture-kotlin-compiler-04,fixture-kotlin-compiler-05,fixture-kotlin-compiler-06,fixture-kotlin-compiler-07,fixture-kotlin-compiler-08,fixture-kotlin-compiler-09,fixture-kotlin-compiler-10,fixture-kotlin-compiler-11,fixture-kotlin-compiler-12,fixture-kotlin-compiler-13,fixture-kotlin-compiler-14,fixture-kotlin-compiler-15,fixture-tika-00,fixture-tika-01,fixture-tika-02,fixture-tika-03,fixture-tika-04,fixture-tika-05,fixture-tika-06,fixture-tika-07,fixture-tika-08,fixture-tika-09,fixture-tika-10,fixture-tika-11,fixture-tika-12,fixture-tika-13,fixture-tika-14,fixture-tika-15	0	64	0	0	0	198	0	0	0	1	0
global-wide-wrapped-case-insensitive-distinct-targeted	global-wide	global-wide-wrapped-case-insensitive-distinct	targeted	wrapped-lowercase-contains	single-query	distinct-properties	200			0	86015e396789c5c1cf86d1df3b0b97987a7b461bfcfb129491f3d758793d1d65	success	12	7358	3358c833e7c8859180e728fd0fbf286febcb246f2ecb508f1202b5ef6e3b8b9f	1338125		fixture-kotlin-compiler-11,fixture-kotlin-compiler-15	cross-graph-query	64	64	fixture-android-00,fixture-android-01,fixture-android-02,fixture-android-03,fixture-android-04,fixture-android-05,fixture-android-06,fixture-android-07,fixture-android-08,fixture-android-09,fixture-android-10,fixture-android-11,fixture-android-12,fixture-android-13,fixture-android-14,fixture-android-15,fixture-hive-00,fixture-hive-01,fixture-hive-02,fixture-hive-03,fixture-hive-04,fixture-hive-05,fixture-hive-06,fixture-hive-07,fixture-hive-08,fixture-hive-09,fixture-hive-10,fixture-hive-11,fixture-hive-12,fixture-hive-13,fixture-hive-14,fixture-hive-15,fixture-kotlin-compiler-00,fixture-kotlin-compiler-01,fixture-kotlin-compiler-02,fixture-kotlin-compiler-03,fixture-kotlin-compiler-04,fixture-kotlin-compiler-05,fixture-kotlin-compiler-06,fixture-kotlin-compiler-07,fixture-kotlin-compiler-08,fixture-kotlin-compiler-09,fixture-kotlin-compiler-10,fixture-kotlin-compiler-11,fixture-kotlin-compiler-12,fixture-kotlin-compiler-13,fixture-kotlin-compiler-14,fixture-kotlin-compiler-15,fixture-tika-00,fixture-tika-01,fixture-tika-02,fixture-tika-03,fixture-tika-04,fixture-tika-05,fixture-tika-06,fixture-tika-07,fixture-tika-08,fixture-tika-09,fixture-tika-10,fixture-tika-11,fixture-tika-12,fixture-tika-13,fixture-tika-14,fixture-tika-15	0	64	2	0	9	109102	0	0	0	1	0
global-wide-wrapped-case-insensitive-distinct-dense	global-wide	global-wide-wrapped-case-insensitive-distinct	dense	wrapped-lowercase-contains	single-query	distinct-properties	200			0	47c5f2f8275ab2447995a1b45a36cd5b0b70e258e0f75934abd1f0cef5c2b93e	success	200	85721	1e662cf0935ee94c21b8eb0c4f6e3b4257d74ab515ccb1e7e31419b17919a9e7	7718167		fixture-android-00,fixture-tika-00	cross-graph-query	64	64	fixture-android-00,fixture-android-01,fixture-android-02,fixture-android-03,fixture-android-04,fixture-android-05,fixture-android-06,fixture-android-07,fixture-android-08,fixture-android-09,fixture-android-10,fixture-android-11,fixture-android-12,fixture-android-13,fixture-android-14,fixture-android-15,fixture-hive-00,fixture-hive-01,fixture-hive-02,fixture-hive-03,fixture-hive-04,fixture-hive-05,fixture-hive-06,fixture-hive-07,fixture-hive-08,fixture-hive-09,fixture-hive-10,fixture-hive-11,fixture-hive-12,fixture-hive-13,fixture-hive-14,fixture-hive-15,fixture-kotlin-compiler-00,fixture-kotlin-compiler-01,fixture-kotlin-compiler-02,fixture-kotlin-compiler-03,fixture-kotlin-compiler-04,fixture-kotlin-compiler-05,fixture-kotlin-compiler-06,fixture-kotlin-compiler-07,fixture-kotlin-compiler-08,fixture-kotlin-compiler-09,fixture-kotlin-compiler-10,fixture-kotlin-compiler-11,fixture-kotlin-compiler-12,fixture-kotlin-compiler-13,fixture-kotlin-compiler-14,fixture-kotlin-compiler-15,fixture-tika-00,fixture-tika-01,fixture-tika-02,fixture-tika-03,fixture-tika-04,fixture-tika-05,fixture-tika-06,fixture-tika-07,fixture-tika-08,fixture-tika-09,fixture-tika-10,fixture-tika-11,fixture-tika-12,fixture-tika-13,fixture-tika-14,fixture-tika-15	0	64	2	0	9	291328	0	0	0	1	0
exact-name-in-zero	exact	exact-name-in	zero	in	single-query	distinct-properties	200			0		success	0	82	3ccae830dbdb8a07387e7c7e6dc034be54ba0aabd8aed60d7c03e33380639d25	885000			cross-graph-query	64	64	fixture-android-00,fixture-android-01,fixture-android-02,fixture-android-03,fixture-android-04,fixture-android-05,fixture-android-06,fixture-android-07,fixture-android-08,fixture-android-09,fixture-android-10,fixture-android-11,fixture-android-12,fixture-android-13,fixture-android-14,fixture-android-15,fixture-hive-00,fixture-hive-01,fixture-hive-02,fixture-hive-03,fixture-hive-04,fixture-hive-05,fixture-hive-06,fixture-hive-07,fixture-hive-08,fixture-hive-09,fixture-hive-10,fixture-hive-11,fixture-hive-12,fixture-hive-13,fixture-hive-14,fixture-hive-15,fixture-kotlin-compiler-00,fixture-kotlin-compiler-01,fixture-kotlin-compiler-02,fixture-kotlin-compiler-03,fixture-kotlin-compiler-04,fixture-kotlin-compiler-05,fixture-kotlin-compiler-06,fixture-kotlin-compiler-07,fixture-kotlin-compiler-08,fixture-kotlin-compiler-09,fixture-kotlin-compiler-10,fixture-kotlin-compiler-11,fixture-kotlin-compiler-12,fixture-kotlin-compiler-13,fixture-kotlin-compiler-14,fixture-kotlin-compiler-15,fixture-tika-00,fixture-tika-01,fixture-tika-02,fixture-tika-03,fixture-tika-04,fixture-tika-05,fixture-tika-06,fixture-tika-07,fixture-tika-08,fixture-tika-09,fixture-tika-10,fixture-tika-11,fixture-tika-12,fixture-tika-13,fixture-tika-14,fixture-tika-15	0	64	0	0	0	0	0	0	0	1	0
exact-name-in-targeted	exact	exact-name-in	targeted	in	single-query	distinct-properties	200			0		success	200	73369	f54379b252d4a90f0bfaa5f48a582a6a60e4f5e85e57119e46e0558642579b35	18366750		fixture-android-01,fixture-tika-03,fixture-tika-12,fixture-android-07,fixture-android-02,fixture-android-03,fixture-android-05,fixture-android-06,fixture-android-08,fixture-android-10,fixture-android-11,fixture-android-12,fixture-android-13,fixture-android-14,fixture-hive-00,fixture-hive-01,fixture-hive-02,fixture-hive-03,fixture-hive-04,fixture-hive-05,fixture-hive-06,fixture-hive-07,fixture-hive-08,fixture-hive-09,fixture-hive-10,fixture-hive-11,fixture-hive-12,fixture-hive-13,fixture-hive-15,fixture-kotlin-compiler-01,fixture-kotlin-compiler-02,fixture-kotlin-compiler-04,fixture-kotlin-compiler-05,fixture-kotlin-compiler-07,fixture-kotlin-compiler-08,fixture-kotlin-compiler-09,fixture-kotlin-compiler-13,fixture-kotlin-compiler-15,fixture-tika-00,fixture-tika-01,fixture-tika-02,fixture-tika-04,fixture-tika-05,fixture-tika-06,fixture-tika-07,fixture-tika-08,fixture-tika-09,fixture-tika-10,fixture-tika-11,fixture-tika-13,fixture-tika-14,fixture-tika-15,fixture-kotlin-compiler-00,fixture-kotlin-compiler-10	cross-graph-query	64	64	fixture-android-00,fixture-android-01,fixture-android-02,fixture-android-03,fixture-android-04,fixture-android-05,fixture-android-06,fixture-android-07,fixture-android-08,fixture-android-09,fixture-android-10,fixture-android-11,fixture-android-12,fixture-android-13,fixture-android-14,fixture-android-15,fixture-hive-00,fixture-hive-01,fixture-hive-02,fixture-hive-03,fixture-hive-04,fixture-hive-05,fixture-hive-06,fixture-hive-07,fixture-hive-08,fixture-hive-09,fixture-hive-10,fixture-hive-11,fixture-hive-12,fixture-hive-13,fixture-hive-14,fixture-hive-15,fixture-kotlin-compiler-00,fixture-kotlin-compiler-01,fixture-kotlin-compiler-02,fixture-kotlin-compiler-03,fixture-kotlin-compiler-04,fixture-kotlin-compiler-05,fixture-kotlin-compiler-06,fixture-kotlin-compiler-07,fixture-kotlin-compiler-08,fixture-kotlin-compiler-09,fixture-kotlin-compiler-10,fixture-kotlin-compiler-11,fixture-kotlin-compiler-12,fixture-kotlin-compiler-13,fixture-kotlin-compiler-14,fixture-kotlin-compiler-15,fixture-tika-00,fixture-tika-01,fixture-tika-02,fixture-tika-03,fixture-tika-04,fixture-tika-05,fixture-tika-06,fixture-tika-07,fixture-tika-08,fixture-tika-09,fixture-tika-10,fixture-tika-11,fixture-tika-12,fixture-tika-13,fixture-tika-14,fixture-tika-15	0	64	0	0	0	329031	0	0	0	1	0
exact-name-in-dense	exact	exact-name-in	dense	in	single-query	distinct-properties	200			0		success	200	71110	59d107d81e85fd0c600024baf9f6b93afe24ea646c8ecb5e5974378142c808d2	23092542		fixture-android-00,fixture-hive-06,fixture-kotlin-compiler-04,fixture-kotlin-compiler-15,fixture-tika-00,fixture-tika-06,fixture-android-01,fixture-android-04,fixture-android-07,fixture-android-08,fixture-android-11,fixture-android-13,fixture-hive-02,fixture-hive-08,fixture-kotlin-compiler-00,fixture-kotlin-compiler-07,fixture-tika-01,fixture-tika-03,fixture-tika-12,fixture-kotlin-compiler-12,fixture-tika-04,fixture-android-02,fixture-android-03,fixture-android-06,fixture-android-09,fixture-android-10,fixture-android-12,fixture-android-15,fixture-hive-00,fixture-hive-01,fixture-hive-03,fixture-hive-04,fixture-hive-05,fixture-hive-09,fixture-hive-10,fixture-hive-11,fixture-hive-13,fixture-kotlin-compiler-02,fixture-kotlin-compiler-03,fixture-kotlin-compiler-05,fixture-kotlin-compiler-06,fixture-kotlin-compiler-09,fixture-kotlin-compiler-14,fixture-tika-02,fixture-tika-05,fixture-tika-07,fixture-tika-08,fixture-tika-10,fixture-tika-11,fixture-tika-13,fixture-tika-15,fixture-hive-07,fixture-hive-12,fixture-hive-14,fixture-hive-15,fixture-android-05,fixture-android-14,fixture-kotlin-compiler-01,fixture-kotlin-compiler-08,fixture-kotlin-compiler-10,fixture-kotlin-compiler-11,fixture-kotlin-compiler-13,fixture-tika-09,fixture-tika-14	cross-graph-query	64	64	fixture-android-00,fixture-android-01,fixture-android-02,fixture-android-03,fixture-android-04,fixture-android-05,fixture-android-06,fixture-android-07,fixture-android-08,fixture-android-09,fixture-android-10,fixture-android-11,fixture-android-12,fixture-android-13,fixture-android-14,fixture-android-15,fixture-hive-00,fixture-hive-01,fixture-hive-02,fixture-hive-03,fixture-hive-04,fixture-hive-05,fixture-hive-06,fixture-hive-07,fixture-hive-08,fixture-hive-09,fixture-hive-10,fixture-hive-11,fixture-hive-12,fixture-hive-13,fixture-hive-14,fixture-hive-15,fixture-kotlin-compiler-00,fixture-kotlin-compiler-01,fixture-kotlin-compiler-02,fixture-kotlin-compiler-03,fixture-kotlin-compiler-04,fixture-kotlin-compiler-05,fixture-kotlin-compiler-06,fixture-kotlin-compiler-07,fixture-kotlin-compiler-08,fixture-kotlin-compiler-09,fixture-kotlin-compiler-10,fixture-kotlin-compiler-11,fixture-kotlin-compiler-12,fixture-kotlin-compiler-13,fixture-kotlin-compiler-14,fixture-kotlin-compiler-15,fixture-tika-00,fixture-tika-01,fixture-tika-02,fixture-tika-03,fixture-tika-04,fixture-tika-05,fixture-tika-06,fixture-tika-07,fixture-tika-08,fixture-tika-09,fixture-tika-10,fixture-tika-11,fixture-tika-12,fixture-tika-13,fixture-tika-14,fixture-tika-15	0	64	0	0	0	950673	0	0	0	1	0
positive-and-not-zero	boolean	positive-and-not	zero	contains-and-not	and-not	properties	200			0		success	0	147	805c8c7334c868e18e2be84be95b83cc60895722d739c2b164a68be4cd410c49	865667			cross-graph-query	64	64	fixture-android-00,fixture-android-01,fixture-android-02,fixture-android-03,fixture-android-04,fixture-android-05,fixture-android-06,fixture-android-07,fixture-android-08,fixture-android-09,fixture-android-10,fixture-android-11,fixture-android-12,fixture-android-13,fixture-android-14,fixture-android-15,fixture-hive-00,fixture-hive-01,fixture-hive-02,fixture-hive-03,fixture-hive-04,fixture-hive-05,fixture-hive-06,fixture-hive-07,fixture-hive-08,fixture-hive-09,fixture-hive-10,fixture-hive-11,fixture-hive-12,fixture-hive-13,fixture-hive-14,fixture-hive-15,fixture-kotlin-compiler-00,fixture-kotlin-compiler-01,fixture-kotlin-compiler-02,fixture-kotlin-compiler-03,fixture-kotlin-compiler-04,fixture-kotlin-compiler-05,fixture-kotlin-compiler-06,fixture-kotlin-compiler-07,fixture-kotlin-compiler-08,fixture-kotlin-compiler-09,fixture-kotlin-compiler-10,fixture-kotlin-compiler-11,fixture-kotlin-compiler-12,fixture-kotlin-compiler-13,fixture-kotlin-compiler-14,fixture-kotlin-compiler-15,fixture-tika-00,fixture-tika-01,fixture-tika-02,fixture-tika-03,fixture-tika-04,fixture-tika-05,fixture-tika-06,fixture-tika-07,fixture-tika-08,fixture-tika-09,fixture-tika-10,fixture-tika-11,fixture-tika-12,fixture-tika-13,fixture-tika-14,fixture-tika-15	0	64	0	0	0	2860	0	0	0	1	0
positive-and-not-targeted	boolean	positive-and-not	targeted	contains-and-not	and-not	properties	200			0		success	200	87107	beae22173f7c31b84468f4c460cd94ad5f6200acb0ea7f432c48c9ae442b8758	4569625		fixture-tika-00	cross-graph-query	64	24	fixture-android-00,fixture-android-01,fixture-android-02,fixture-android-03,fixture-android-04,fixture-android-05,fixture-android-06,fixture-android-07,fixture-android-08,fixture-android-09,fixture-android-10,fixture-android-11,fixture-android-12,fixture-android-13,fixture-android-14,fixture-android-15,fixture-tika-00,fixture-tika-01,fixture-tika-02,fixture-tika-03,fixture-tika-04,fixture-tika-05,fixture-tika-06,fixture-tika-07	0	24	0	8	0	29222	0	0	0	1	0
positive-and-not-dense	boolean	positive-and-not	dense	contains-and-not	and-not	properties	200			0		success	200	84809	4c7094233f383e8303d3dd09cafc30963d2437cbba920fb62d171edc0ce308bc	901208		fixture-android-00	cross-graph-query	64	1	fixture-android-00	0	1	0	1	0	2042	0	0	0	1	0
global-six-or-zero	global	global-six-or	zero	contains	single-query	distinct-six-properties	200			0		success	0	194	d2b17268d8269d7036af5c7df40521da6219ae5e057618f231fe2b805452fd98	411894875			cross-graph-query	64	64	fixture-android-00,fixture-android-01,fixture-android-02,fixture-android-03,fixture-android-04,fixture-android-05,fixture-android-06,fixture-android-07,fixture-android-08,fixture-android-09,fixture-android-10,fixture-android-11,fixture-android-12,fixture-android-13,fixture-android-14,fixture-android-15,fixture-hive-00,fixture-hive-01,fixture-hive-02,fixture-hive-03,fixture-hive-04,fixture-hive-05,fixture-hive-06,fixture-hive-07,fixture-hive-08,fixture-hive-09,fixture-hive-10,fixture-hive-11,fixture-hive-12,fixture-hive-13,fixture-hive-14,fixture-hive-15,fixture-kotlin-compiler-00,fixture-kotlin-compiler-01,fixture-kotlin-compiler-02,fixture-kotlin-compiler-03,fixture-kotlin-compiler-04,fixture-kotlin-compiler-05,fixture-kotlin-compiler-06,fixture-kotlin-compiler-07,fixture-kotlin-compiler-08,fixture-kotlin-compiler-09,fixture-kotlin-compiler-10,fixture-kotlin-compiler-11,fixture-kotlin-compiler-12,fixture-kotlin-compiler-13,fixture-kotlin-compiler-14,fixture-kotlin-compiler-15,fixture-tika-00,fixture-tika-01,fixture-tika-02,fixture-tika-03,fixture-tika-04,fixture-tika-05,fixture-tika-06,fixture-tika-07,fixture-tika-08,fixture-tika-09,fixture-tika-10,fixture-tika-11,fixture-tika-12,fixture-tika-13,fixture-tika-14,fixture-tika-15	0	64	0	0	0	10806966	0	0	0	1	0
global-six-or-targeted	global	global-six-or	targeted	contains	single-query	distinct-six-properties	200			0		success	200	120594	b781b11457d29cff97574767540737dd860b84ebf0e19939eaeffc28acdad38a	311985334		fixture-hive-00,fixture-hive-01,fixture-hive-02,fixture-hive-03,fixture-hive-04,fixture-hive-05,fixture-hive-06,fixture-hive-07,fixture-hive-08,fixture-hive-09,fixture-hive-10,fixture-hive-11,fixture-hive-12,fixture-hive-13,fixture-hive-14,fixture-hive-15	cross-graph-query	64	64	fixture-android-00,fixture-android-01,fixture-android-02,fixture-android-03,fixture-android-04,fixture-android-05,fixture-android-06,fixture-android-07,fixture-android-08,fixture-android-09,fixture-android-10,fixture-android-11,fixture-android-12,fixture-android-13,fixture-android-14,fixture-android-15,fixture-hive-00,fixture-hive-01,fixture-hive-02,fixture-hive-03,fixture-hive-04,fixture-hive-05,fixture-hive-06,fixture-hive-07,fixture-hive-08,fixture-hive-09,fixture-hive-10,fixture-hive-11,fixture-hive-12,fixture-hive-13,fixture-hive-14,fixture-hive-15,fixture-kotlin-compiler-00,fixture-kotlin-compiler-01,fixture-kotlin-compiler-02,fixture-kotlin-compiler-03,fixture-kotlin-compiler-04,fixture-kotlin-compiler-05,fixture-kotlin-compiler-06,fixture-kotlin-compiler-07,fixture-kotlin-compiler-08,fixture-kotlin-compiler-09,fixture-kotlin-compiler-10,fixture-kotlin-compiler-11,fixture-kotlin-compiler-12,fixture-kotlin-compiler-13,fixture-kotlin-compiler-14,fixture-kotlin-compiler-15,fixture-tika-00,fixture-tika-01,fixture-tika-02,fixture-tika-03,fixture-tika-04,fixture-tika-05,fixture-tika-06,fixture-tika-07,fixture-tika-08,fixture-tika-09,fixture-tika-10,fixture-tika-11,fixture-tika-12,fixture-tika-13,fixture-tika-14,fixture-tika-15	0	64	8	0	9	12588533	0	0	0	1	0
global-six-or-dense	global	global-six-or	dense	contains	single-query	distinct-six-properties	200			0		success	200	99756	f98c7c38fe41cd80e40f61990a7d175a389186e90164587b23debd9446fb3a0f	287998084		fixture-android-00,fixture-tika-00,fixture-android-03,fixture-android-05,fixture-android-06,fixture-android-08,fixture-android-10,fixture-android-11,fixture-android-12	cross-graph-query	64	64	fixture-android-00,fixture-android-01,fixture-android-02,fixture-android-03,fixture-android-04,fixture-android-05,fixture-android-06,fixture-android-07,fixture-android-08,fixture-android-09,fixture-android-10,fixture-android-11,fixture-android-12,fixture-android-13,fixture-android-14,fixture-android-15,fixture-hive-00,fixture-hive-01,fixture-hive-02,fixture-hive-03,fixture-hive-04,fixture-hive-05,fixture-hive-06,fixture-hive-07,fixture-hive-08,fixture-hive-09,fixture-hive-10,fixture-hive-11,fixture-hive-12,fixture-hive-13,fixture-hive-14,fixture-hive-15,fixture-kotlin-compiler-00,fixture-kotlin-compiler-01,fixture-kotlin-compiler-02,fixture-kotlin-compiler-03,fixture-kotlin-compiler-04,fixture-kotlin-compiler-05,fixture-kotlin-compiler-06,fixture-kotlin-compiler-07,fixture-kotlin-compiler-08,fixture-kotlin-compiler-09,fixture-kotlin-compiler-10,fixture-kotlin-compiler-11,fixture-kotlin-compiler-12,fixture-kotlin-compiler-13,fixture-kotlin-compiler-14,fixture-kotlin-compiler-15,fixture-tika-00,fixture-tika-01,fixture-tika-02,fixture-tika-03,fixture-tika-04,fixture-tika-05,fixture-tika-06,fixture-tika-07,fixture-tika-08,fixture-tika-09,fixture-tika-10,fixture-tika-11,fixture-tika-12,fixture-tika-13,fixture-tika-14,fixture-tika-15	0	64	2	0	9	10974165	0	0	0	1	0
global-six-or-wrapped-zero	global	global-six-or-wrapped	zero	contains	single-query	distinct-six-properties	200			0		success	0	194	d2b17268d8269d7036af5c7df40521da6219ae5e057618f231fe2b805452fd98	55819917			cross-graph-query	64	64	fixture-android-00,fixture-android-01,fixture-android-02,fixture-android-03,fixture-android-04,fixture-android-05,fixture-android-06,fixture-android-07,fixture-android-08,fixture-android-09,fixture-android-10,fixture-android-11,fixture-android-12,fixture-android-13,fixture-android-14,fixture-android-15,fixture-hive-00,fixture-hive-01,fixture-hive-02,fixture-hive-03,fixture-hive-04,fixture-hive-05,fixture-hive-06,fixture-hive-07,fixture-hive-08,fixture-hive-09,fixture-hive-10,fixture-hive-11,fixture-hive-12,fixture-hive-13,fixture-hive-14,fixture-hive-15,fixture-kotlin-compiler-00,fixture-kotlin-compiler-01,fixture-kotlin-compiler-02,fixture-kotlin-compiler-03,fixture-kotlin-compiler-04,fixture-kotlin-compiler-05,fixture-kotlin-compiler-06,fixture-kotlin-compiler-07,fixture-kotlin-compiler-08,fixture-kotlin-compiler-09,fixture-kotlin-compiler-10,fixture-kotlin-compiler-11,fixture-kotlin-compiler-12,fixture-kotlin-compiler-13,fixture-kotlin-compiler-14,fixture-kotlin-compiler-15,fixture-tika-00,fixture-tika-01,fixture-tika-02,fixture-tika-03,fixture-tika-04,fixture-tika-05,fixture-tika-06,fixture-tika-07,fixture-tika-08,fixture-tika-09,fixture-tika-10,fixture-tika-11,fixture-tika-12,fixture-tika-13,fixture-tika-14,fixture-tika-15	0	64	0	0	0	10806936	0	0	0	1	0
global-six-or-wrapped-targeted	global	global-six-or-wrapped	targeted	contains	single-query	distinct-six-properties	200			0		success	200	111062	b5eb9ba04fb3f1d50f207e047b90f66987f59218b156ea64df2c01b808761387	95925625		fixture-android-00,fixture-android-09,fixture-android-05,fixture-android-07,fixture-android-08,fixture-android-11,fixture-android-14,fixture-android-15,fixture-android-02,fixture-android-01,fixture-android-03,fixture-android-04,fixture-android-06,fixture-android-10,fixture-android-12,fixture-android-13	cross-graph-query	64	64	fixture-android-00,fixture-android-01,fixture-android-02,fixture-android-03,fixture-android-04,fixture-android-05,fixture-android-06,fixture-android-07,fixture-android-08,fixture-android-09,fixture-android-10,fixture-android-11,fixture-android-12,fixture-android-13,fixture-android-14,fixture-android-15,fixture-hive-00,fixture-hive-01,fixture-hive-02,fixture-hive-03,fixture-hive-04,fixture-hive-05,fixture-hive-06,fixture-hive-07,fixture-hive-08,fixture-hive-09,fixture-hive-10,fixture-hive-11,fixture-hive-12,fixture-hive-13,fixture-hive-14,fixture-hive-15,fixture-kotlin-compiler-00,fixture-kotlin-compiler-01,fixture-kotlin-compiler-02,fixture-kotlin-compiler-03,fixture-kotlin-compiler-04,fixture-kotlin-compiler-05,fixture-kotlin-compiler-06,fixture-kotlin-compiler-07,fixture-kotlin-compiler-08,fixture-kotlin-compiler-09,fixture-kotlin-compiler-10,fixture-kotlin-compiler-11,fixture-kotlin-compiler-12,fixture-kotlin-compiler-13,fixture-kotlin-compiler-14,fixture-kotlin-compiler-15,fixture-tika-00,fixture-tika-01,fixture-tika-02,fixture-tika-03,fixture-tika-04,fixture-tika-05,fixture-tika-06,fixture-tika-07,fixture-tika-08,fixture-tika-09,fixture-tika-10,fixture-tika-11,fixture-tika-12,fixture-tika-13,fixture-tika-14,fixture-tika-15	0	64	1	0	9	11239562	0	0	0	1	0
global-six-or-wrapped-dense	global	global-six-or-wrapped	dense	contains	single-query	distinct-six-properties	200			0		success	200	101415	3061e81ef06781c8157aca6ad7dc22157f48cf001e213d7ce8a896a8df874f2d	63120667		fixture-android-00,fixture-tika-00,fixture-android-01,fixture-android-02,fixture-android-03,fixture-android-04,fixture-android-05,fixture-android-06,fixture-android-07,fixture-android-08,fixture-android-09,fixture-android-10,fixture-android-11,fixture-android-12,fixture-android-13,fixture-android-14,fixture-android-15,fixture-hive-00,fixture-hive-01,fixture-hive-02,fixture-hive-03,fixture-hive-04,fixture-hive-05,fixture-hive-06,fixture-hive-07,fixture-hive-08,fixture-hive-09,fixture-hive-10,fixture-hive-11,fixture-hive-12,fixture-hive-13,fixture-hive-14,fixture-hive-15,fixture-kotlin-compiler-00,fixture-kotlin-compiler-01,fixture-kotlin-compiler-02,fixture-kotlin-compiler-03,fixture-kotlin-compiler-04,fixture-kotlin-compiler-05,fixture-kotlin-compiler-06,fixture-kotlin-compiler-07,fixture-kotlin-compiler-08,fixture-kotlin-compiler-09,fixture-kotlin-compiler-10,fixture-kotlin-compiler-11,fixture-kotlin-compiler-12,fixture-kotlin-compiler-13,fixture-kotlin-compiler-14,fixture-kotlin-compiler-15,fixture-tika-01,fixture-tika-02,fixture-tika-03,fixture-tika-04,fixture-tika-05,fixture-tika-06,fixture-tika-07,fixture-tika-08,fixture-tika-09,fixture-tika-10,fixture-tika-11,fixture-tika-12,fixture-tika-13,fixture-tika-14,fixture-tika-15	cross-graph-query	64	64	fixture-android-00,fixture-android-01,fixture-android-02,fixture-android-03,fixture-android-04,fixture-android-05,fixture-android-06,fixture-android-07,fixture-android-08,fixture-android-09,fixture-android-10,fixture-android-11,fixture-android-12,fixture-android-13,fixture-android-14,fixture-android-15,fixture-hive-00,fixture-hive-01,fixture-hive-02,fixture-hive-03,fixture-hive-04,fixture-hive-05,fixture-hive-06,fixture-hive-07,fixture-hive-08,fixture-hive-09,fixture-hive-10,fixture-hive-11,fixture-hive-12,fixture-hive-13,fixture-hive-14,fixture-hive-15,fixture-kotlin-compiler-00,fixture-kotlin-compiler-01,fixture-kotlin-compiler-02,fixture-kotlin-compiler-03,fixture-kotlin-compiler-04,fixture-kotlin-compiler-05,fixture-kotlin-compiler-06,fixture-kotlin-compiler-07,fixture-kotlin-compiler-08,fixture-kotlin-compiler-09,fixture-kotlin-compiler-10,fixture-kotlin-compiler-11,fixture-kotlin-compiler-12,fixture-kotlin-compiler-13,fixture-kotlin-compiler-14,fixture-kotlin-compiler-15,fixture-tika-00,fixture-tika-01,fixture-tika-02,fixture-tika-03,fixture-tika-04,fixture-tika-05,fixture-tika-06,fixture-tika-07,fixture-tika-08,fixture-tika-09,fixture-tika-10,fixture-tika-11,fixture-tika-12,fixture-tika-13,fixture-tika-14,fixture-tika-15	0	64	2	0	9	10838802	0	0	0	1	0
exists-guarded-contains-zero	global	exists-guarded-contains	zero	contains	single-query	property	200			0		success	0	52	49a026e323beb71e70addfd97b163cb2851f30cc7d78914fb454d79e4dac8372	1151542			cross-graph-query	64	64	fixture-android-00,fixture-android-01,fixture-android-02,fixture-android-03,fixture-android-04,fixture-android-05,fixture-android-06,fixture-android-07,fixture-android-08,fixture-android-09,fixture-android-10,fixture-android-11,fixture-android-12,fixture-android-13,fixture-android-14,fixture-android-15,fixture-hive-00,fixture-hive-01,fixture-hive-02,fixture-hive-03,fixture-hive-04,fixture-hive-05,fixture-hive-06,fixture-hive-07,fixture-hive-08,fixture-hive-09,fixture-hive-10,fixture-hive-11,fixture-hive-12,fixture-hive-13,fixture-hive-14,fixture-hive-15,fixture-kotlin-compiler-00,fixture-kotlin-compiler-01,fixture-kotlin-compiler-02,fixture-kotlin-compiler-03,fixture-kotlin-compiler-04,fixture-kotlin-compiler-05,fixture-kotlin-compiler-06,fixture-kotlin-compiler-07,fixture-kotlin-compiler-08,fixture-kotlin-compiler-09,fixture-kotlin-compiler-10,fixture-kotlin-compiler-11,fixture-kotlin-compiler-12,fixture-kotlin-compiler-13,fixture-kotlin-compiler-14,fixture-kotlin-compiler-15,fixture-tika-00,fixture-tika-01,fixture-tika-02,fixture-tika-03,fixture-tika-04,fixture-tika-05,fixture-tika-06,fixture-tika-07,fixture-tika-08,fixture-tika-09,fixture-tika-10,fixture-tika-11,fixture-tika-12,fixture-tika-13,fixture-tika-14,fixture-tika-15	0	64	0	0	0	2839	0	0	0	1	0
exists-guarded-contains-targeted	global	exists-guarded-contains	targeted	contains	single-query	property	200			0		success	200	47569	6d672184d145658672f30bc434f0679f120372b6de3f11b40778b762195a6128	4129792		fixture-android-00	cross-graph-query	64	1	fixture-android-00	0	1	0	0	0	182953	0	0	0	1	0
exists-guarded-contains-dense	global	exists-guarded-contains	dense	contains	single-query	property	200			0		success	200	44089	10cfd88586219a05bc5cf60932a651831904916222c815e8a44abf3383cb6ad1	2484250		fixture-android-00,fixture-android-01	cross-graph-query	64	9	fixture-android-00,fixture-android-01,fixture-android-02,fixture-android-03,fixture-android-04,fixture-android-05,fixture-android-06,fixture-android-07,fixture-android-08	0	9	8	1	8	739386	0	0	0	1	0
regex-or-zero	regex	regex-or	zero	regex	single-query	properties	100			0		success	0	84	425b336aa734c4a1ffbfb58aeaf5489b33f919170492c4bff859504736492e7f	14250663417			cross-graph-query	64	0		0	0	0	0	0	19431891	0	0	0	1	0
regex-or-targeted	regex	regex-or	targeted	regex	single-query	properties	100			0		success	100	30972	a7b9846908febb502abd47dcc7269165df8c94605a7dcdc63931103d82b581a2	4548908042		fixture-tika-00	cross-graph-query	64	0		0	0	0	0	0	6209664	0	0	0	1	0
regex-or-dense	regex	regex-or	dense	regex	single-query	properties	100			0		success	100	30214	0740bcf1983553477a227138dc3b3ed095f06c984728dcc1bbffb3b71959a13b	138936083		fixture-android-00	cross-graph-query	64	0		0	0	0	0	0	229359	0	0	0	1	0
global-wide-distribution-broad-all-64	global-wide	global-wide-distribution-broad-all-64	dense	wrapped-lowercase-contains	fixture-distribution	properties	200			0	47c5f2f8275ab2447995a1b45a36cd5b0b70e258e0f75934abd1f0cef5c2b93e	success	200	84411	3bdee68309e62bee93f47848258ded90b1763d55841fa57d8b8fd21867653c44	508875	broad-all-64	fixture-android-00	cross-graph-query	64	1	fixture-android-00	0	1	0	0	0	200	0	0	0	1	0
global-wide-distribution-localized-early	global-wide	global-wide-distribution-localized-early	dense	wrapped-lowercase-contains	fixture-distribution	properties	200			0	47c5f2f8275ab2447995a1b45a36cd5b0b70e258e0f75934abd1f0cef5c2b93e	success	200	87514	061ea2dc2c6b48e0062033a68c9330f5e3ae05832411ea3c936eda2bf17b38ee	458375	localized-early	fixture-android-00	cross-graph-query	64	1	fixture-android-00	0	1	0	0	0	381	0	0	0	1	0
global-wide-distribution-localized-late	global-wide	global-wide-distribution-localized-late	dense	wrapped-lowercase-contains	fixture-distribution	properties	200			0	86015e396789c5c1cf86d1df3b0b97987a7b461bfcfb129491f3d758793d1d65	success	200	113169	a4f80afc105bb0a4b11b2222f95fb82babb9dcc4eb366b125a552fd58091dac9	1921292	localized-late	fixture-kotlin-compiler-15	cross-graph-query	64	64	fixture-android-00,fixture-android-01,fixture-android-02,fixture-android-03,fixture-android-04,fixture-android-05,fixture-android-06,fixture-android-07,fixture-android-08,fixture-android-09,fixture-android-10,fixture-android-11,fixture-android-12,fixture-android-13,fixture-android-14,fixture-android-15,fixture-hive-00,fixture-hive-01,fixture-hive-02,fixture-hive-03,fixture-hive-04,fixture-hive-05,fixture-hive-06,fixture-hive-07,fixture-hive-08,fixture-hive-09,fixture-hive-10,fixture-hive-11,fixture-hive-12,fixture-hive-13,fixture-hive-14,fixture-hive-15,fixture-kotlin-compiler-00,fixture-kotlin-compiler-01,fixture-kotlin-compiler-02,fixture-kotlin-compiler-03,fixture-kotlin-compiler-04,fixture-kotlin-compiler-05,fixture-kotlin-compiler-06,fixture-kotlin-compiler-07,fixture-kotlin-compiler-08,fixture-kotlin-compiler-09,fixture-kotlin-compiler-10,fixture-kotlin-compiler-11,fixture-kotlin-compiler-12,fixture-kotlin-compiler-13,fixture-kotlin-compiler-14,fixture-kotlin-compiler-15,fixture-tika-00,fixture-tika-01,fixture-tika-02,fixture-tika-03,fixture-tika-04,fixture-tika-05,fixture-tika-06,fixture-tika-07,fixture-tika-08,fixture-tika-09,fixture-tika-10,fixture-tika-11,fixture-tika-12,fixture-tika-13,fixture-tika-14,fixture-tika-15	0	64	1	0	9	52774	0	0	0	1	0
global-wide-distribution-localized-middle	global-wide	global-wide-distribution-localized-middle	dense	wrapped-lowercase-contains	fixture-distribution	properties	200			0	80331285783d790177bcaeeebf677e98900445b2273d41781c6e07aa5683a500	success	200	98559	c0cb93ca1d3016402e2a72f544861fd280085797fa3a16f1cbefb769ecfda4b3	1468709	localized-middle	fixture-tika-15	cross-graph-query	64	39	fixture-android-00,fixture-android-01,fixture-android-02,fixture-android-03,fixture-android-04,fixture-android-05,fixture-android-06,fixture-android-07,fixture-android-08,fixture-android-09,fixture-android-10,fixture-android-11,fixture-android-12,fixture-android-13,fixture-android-14,fixture-android-15,fixture-hive-00,fixture-hive-01,fixture-hive-02,fixture-hive-03,fixture-hive-04,fixture-hive-05,fixture-hive-06,fixture-tika-00,fixture-tika-01,fixture-tika-02,fixture-tika-03,fixture-tika-04,fixture-tika-05,fixture-tika-06,fixture-tika-07,fixture-tika-08,fixture-tika-09,fixture-tika-10,fixture-tika-11,fixture-tika-12,fixture-tika-13,fixture-tika-14,fixture-tika-15	0	39	1	0	8	72505	0	0	0	1	0
graph-id-in-literal-wrapped-contains-k02-group-00-zero	graph-id-set	graph-id-in-literal-wrapped-contains	zero	graph-id-in-literal-and-wrapped-contains	graph-routing-set	properties	200	fixture-android-00	fixture-android-00,fixture-android-01	2	c5e427ee59fd172b027152e6baa9bd2cb81ab90e16b12acf9406ffe97ce9ae6a	success	0	147	805c8c7334c868e18e2be84be95b83cc60895722d739c2b164a68be4cd410c49	410709			cypher-graph-id-predicate	64	2	fixture-android-00,fixture-android-01	2	0	0	2	0	4	1	1	62	1	0
graph-id-in-parameter-wrapped-contains-k02-group-00-zero	graph-id-set	graph-id-in-parameter-wrapped-contains	zero	graph-id-in-parameter-and-wrapped-contains	parameters	properties	200	fixture-android-00	fixture-android-00,fixture-android-01	2	c5e427ee59fd172b027152e6baa9bd2cb81ab90e16b12acf9406ffe97ce9ae6a	success	0	147	805c8c7334c868e18e2be84be95b83cc60895722d739c2b164a68be4cd410c49	90459			cypher-graph-id-predicate	64	2	fixture-android-00,fixture-android-01	2	0	0	2	0	2	1	1	62	1	0
request-selected-set-wrapped-contains-k02-group-00-zero	graph-set-reference	request-selected-set-wrapped-contains	zero	request-graph-set-selection-and-wrapped-contains	request-selected-source	properties	200	fixture-android-00	fixture-android-00,fixture-android-01	2	c5e427ee59fd172b027152e6baa9bd2cb81ab90e16b12acf9406ffe97ce9ae6a	success	0	147	805c8c7334c868e18e2be84be95b83cc60895722d739c2b164a68be4cd410c49	61250			request-selected-source	2	2	fixture-android-00,fixture-android-01	2	0	0	2	0	2	0	0	0	1	0
graph-id-in-literal-wrapped-contains-k02-group-00-targeted	graph-id-set	graph-id-in-literal-wrapped-contains	targeted	graph-id-in-literal-and-wrapped-contains	graph-routing-set	properties	200	fixture-android-00	fixture-android-00,fixture-android-01	2	c5e427ee59fd172b027152e6baa9bd2cb81ab90e16b12acf9406ffe97ce9ae6a	success	10	5730	00c81103244dc6d42abdc3894d771e5a24957dcf7e5ad4d8dc686b1d7e0cb89e	268208		fixture-android-00	cypher-graph-id-predicate	64	2	fixture-android-00,fixture-android-01	2	0	0	2	0	573	1	1	62	1	0
graph-id-in-parameter-wrapped-contains-k02-group-00-targeted	graph-id-set	graph-id-in-parameter-wrapped-contains	targeted	graph-id-in-parameter-and-wrapped-contains	parameters	properties	200	fixture-android-00	fixture-android-00,fixture-android-01	2	c5e427ee59fd172b027152e6baa9bd2cb81ab90e16b12acf9406ffe97ce9ae6a	success	10	5730	00c81103244dc6d42abdc3894d771e5a24957dcf7e5ad4d8dc686b1d7e0cb89e	96958		fixture-android-00	cypher-graph-id-predicate	64	2	fixture-android-00,fixture-android-01	2	0	0	2	0	11	1	1	62	1	0
request-selected-set-wrapped-contains-k02-group-00-targeted	graph-set-reference	request-selected-set-wrapped-contains	targeted	request-graph-set-selection-and-wrapped-contains	request-selected-source	properties	200	fixture-android-00	fixture-android-00,fixture-android-01	2	c5e427ee59fd172b027152e6baa9bd2cb81ab90e16b12acf9406ffe97ce9ae6a	success	10	5730	00c81103244dc6d42abdc3894d771e5a24957dcf7e5ad4d8dc686b1d7e0cb89e	64250		fixture-android-00	request-selected-source	2	2	fixture-android-00,fixture-android-01	2	0	0	2	0	11	0	0	0	1	0
graph-id-in-literal-wrapped-contains-k02-group-00-dense	graph-id-set	graph-id-in-literal-wrapped-contains	dense	graph-id-in-literal-and-wrapped-contains	graph-routing-set	properties	200	fixture-android-00	fixture-android-00,fixture-android-01	2	c5e427ee59fd172b027152e6baa9bd2cb81ab90e16b12acf9406ffe97ce9ae6a	success	200	84411	3bdee68309e62bee93f47848258ded90b1763d55841fa57d8b8fd21867653c44	1197250		fixture-android-00	cypher-graph-id-predicate	64	1	fixture-android-00	1	0	0	1	0	17783	1	1	62	1	0
graph-id-in-parameter-wrapped-contains-k02-group-00-dense	graph-id-set	graph-id-in-parameter-wrapped-contains	dense	graph-id-in-parameter-and-wrapped-contains	parameters	properties	200	fixture-android-00	fixture-android-00,fixture-android-01	2	c5e427ee59fd172b027152e6baa9bd2cb81ab90e16b12acf9406ffe97ce9ae6a	success	200	84411	3bdee68309e62bee93f47848258ded90b1763d55841fa57d8b8fd21867653c44	80708		fixture-android-00	cypher-graph-id-predicate	64	1	fixture-android-00	1	0	0	1	0	200	1	1	62	1	0
request-selected-set-wrapped-contains-k02-group-00-dense	graph-set-reference	request-selected-set-wrapped-contains	dense	request-graph-set-selection-and-wrapped-contains	request-selected-source	properties	200	fixture-android-00	fixture-android-00,fixture-android-01	2	c5e427ee59fd172b027152e6baa9bd2cb81ab90e16b12acf9406ffe97ce9ae6a	success	200	84411	3bdee68309e62bee93f47848258ded90b1763d55841fa57d8b8fd21867653c44	52542		fixture-android-00	request-selected-source	2	1	fixture-android-00	1	0	0	1	0	200	0	0	0	1	0
graph-id-in-literal-wrapped-contains-k02-group-01-zero	graph-id-set	graph-id-in-literal-wrapped-contains	zero	graph-id-in-literal-and-wrapped-contains	graph-routing-set	properties	200	fixture-android-02	fixture-android-02,fixture-android-03	2	d64cb658b49ae8aa8f854034e272f5ae61430151b877619dd59a5dae05bbec09	success	0	147	805c8c7334c868e18e2be84be95b83cc60895722d739c2b164a68be4cd410c49	79000			cypher-graph-id-predicate	64	2	fixture-android-02,fixture-android-03	2	0	0	2	0	40	1	1	62	1	0
graph-id-in-parameter-wrapped-contains-k02-group-01-zero	graph-id-set	graph-id-in-parameter-wrapped-contains	zero	graph-id-in-parameter-and-wrapped-contains	parameters	properties	200	fixture-android-02	fixture-android-02,fixture-android-03	2	d64cb658b49ae8aa8f854034e272f5ae61430151b877619dd59a5dae05bbec09	success	0	147	805c8c7334c868e18e2be84be95b83cc60895722d739c2b164a68be4cd410c49	35208			cypher-graph-id-predicate	64	2	fixture-android-02,fixture-android-03	2	0	0	2	0	2	1	1	62	1	0
request-selected-set-wrapped-contains-k02-group-01-zero	graph-set-reference	request-selected-set-wrapped-contains	zero	request-graph-set-selection-and-wrapped-contains	request-selected-source	properties	200	fixture-android-02	fixture-android-02,fixture-android-03	2	d64cb658b49ae8aa8f854034e272f5ae61430151b877619dd59a5dae05bbec09	success	0	147	805c8c7334c868e18e2be84be95b83cc60895722d739c2b164a68be4cd410c49	28250			request-selected-source	2	2	fixture-android-02,fixture-android-03	2	0	0	2	0	2	0	0	0	1	0
graph-id-in-literal-wrapped-contains-k02-group-01-targeted	graph-id-set	graph-id-in-literal-wrapped-contains	targeted	graph-id-in-literal-and-wrapped-contains	graph-routing-set	properties	200	fixture-android-02	fixture-android-02,fixture-android-03	2	d64cb658b49ae8aa8f854034e272f5ae61430151b877619dd59a5dae05bbec09	success	9	5751	0754b66fd035110585cc31e6af555127395a9cd85c413f0a859de6b596c3b70d	208666		fixture-android-02	cypher-graph-id-predicate	64	2	fixture-android-02,fixture-android-03	2	0	0	2	0	608	1	1	62	1	0
graph-id-in-parameter-wrapped-contains-k02-group-01-targeted	graph-id-set	graph-id-in-parameter-wrapped-contains	targeted	graph-id-in-parameter-and-wrapped-contains	parameters	properties	200	fixture-android-02	fixture-android-02,fixture-android-03	2	d64cb658b49ae8aa8f854034e272f5ae61430151b877619dd59a5dae05bbec09	success	9	5751	0754b66fd035110585cc31e6af555127395a9cd85c413f0a859de6b596c3b70d	36625		fixture-android-02	cypher-graph-id-predicate	64	2	fixture-android-02,fixture-android-03	2	0	0	2	0	10	1	1	62	1	0
request-selected-set-wrapped-contains-k02-group-01-targeted	graph-set-reference	request-selected-set-wrapped-contains	targeted	request-graph-set-selection-and-wrapped-contains	request-selected-source	properties	200	fixture-android-02	fixture-android-02,fixture-android-03	2	d64cb658b49ae8aa8f854034e272f5ae61430151b877619dd59a5dae05bbec09	success	9	5751	0754b66fd035110585cc31e6af555127395a9cd85c413f0a859de6b596c3b70d	29833		fixture-android-02	request-selected-source	2	2	fixture-android-02,fixture-android-03	2	0	0	2	0	10	0	0	0	1	0
graph-id-in-literal-wrapped-contains-k02-group-01-dense	graph-id-set	graph-id-in-literal-wrapped-contains	dense	graph-id-in-literal-and-wrapped-contains	graph-routing-set	properties	200	fixture-android-02	fixture-android-02,fixture-android-03	2	d64cb658b49ae8aa8f854034e272f5ae61430151b877619dd59a5dae05bbec09	success	200	86930	a289774d080329d12351d967c614eae9b16190b55970a757b1f268e21aee3975	1156416		fixture-android-02	cypher-graph-id-predicate	64	1	fixture-android-02	1	0	0	1	0	18305	1	1	62	1	0
graph-id-in-parameter-wrapped-contains-k02-group-01-dense	graph-id-set	graph-id-in-parameter-wrapped-contains	dense	graph-id-in-parameter-and-wrapped-contains	parameters	properties	200	fixture-android-02	fixture-android-02,fixture-android-03	2	d64cb658b49ae8aa8f854034e272f5ae61430151b877619dd59a5dae05bbec09	success	200	86930	a289774d080329d12351d967c614eae9b16190b55970a757b1f268e21aee3975	51333		fixture-android-02	cypher-graph-id-predicate	64	1	fixture-android-02	1	0	0	1	0	200	1	1	62	1	0
request-selected-set-wrapped-contains-k02-group-01-dense	graph-set-reference	request-selected-set-wrapped-contains	dense	request-graph-set-selection-and-wrapped-contains	request-selected-source	properties	200	fixture-android-02	fixture-android-02,fixture-android-03	2	d64cb658b49ae8aa8f854034e272f5ae61430151b877619dd59a5dae05bbec09	success	200	86930	a289774d080329d12351d967c614eae9b16190b55970a757b1f268e21aee3975	61125		fixture-android-02	request-selected-source	2	1	fixture-android-02	1	0	0	1	0	200	0	0	0	1	0
graph-id-in-literal-wrapped-contains-k02-group-02-zero	graph-id-set	graph-id-in-literal-wrapped-contains	zero	graph-id-in-literal-and-wrapped-contains	graph-routing-set	properties	200	fixture-android-04	fixture-android-04,fixture-android-05	2	b8fdb740afd79a8321e4190db7c093a8e1259183d215b7f96692345a6e8a0185	success	0	147	805c8c7334c868e18e2be84be95b83cc60895722d739c2b164a68be4cd410c49	60417			cypher-graph-id-predicate	64	2	fixture-android-04,fixture-android-05	2	0	0	2	0	4	1	1	62	1	0
graph-id-in-parameter-wrapped-contains-k02-group-02-zero	graph-id-set	graph-id-in-parameter-wrapped-contains	zero	graph-id-in-parameter-and-wrapped-contains	parameters	properties	200	fixture-android-04	fixture-android-04,fixture-android-05	2	b8fdb740afd79a8321e4190db7c093a8e1259183d215b7f96692345a6e8a0185	success	0	147	805c8c7334c868e18e2be84be95b83cc60895722d739c2b164a68be4cd410c49	36958			cypher-graph-id-predicate	64	2	fixture-android-04,fixture-android-05	2	0	0	2	0	2	1	1	62	1	0
request-selected-set-wrapped-contains-k02-group-02-zero	graph-set-reference	request-selected-set-wrapped-contains	zero	request-graph-set-selection-and-wrapped-contains	request-selected-source	properties	200	fixture-android-04	fixture-android-04,fixture-android-05	2	b8fdb740afd79a8321e4190db7c093a8e1259183d215b7f96692345a6e8a0185	success	0	147	805c8c7334c868e18e2be84be95b83cc60895722d739c2b164a68be4cd410c49	31375			request-selected-source	2	2	fixture-android-04,fixture-android-05	2	0	0	2	0	2	0	0	0	1	0
graph-id-in-literal-wrapped-contains-k02-group-02-targeted	graph-id-set	graph-id-in-literal-wrapped-contains	targeted	graph-id-in-literal-and-wrapped-contains	graph-routing-set	properties	200	fixture-android-04	fixture-android-04,fixture-android-05	2	b8fdb740afd79a8321e4190db7c093a8e1259183d215b7f96692345a6e8a0185	success	9	5762	527d81de9e8ca9f5fe9ad0166e1e1711fbccaf3c53281e7e95375f6d55e3a3c7	227875		fixture-android-04	cypher-graph-id-predicate	64	2	fixture-android-04,fixture-android-05	2	0	0	2	0	753	1	1	62	1	0
graph-id-in-parameter-wrapped-contains-k02-group-02-targeted	graph-id-set	graph-id-in-parameter-wrapped-contains	targeted	graph-id-in-parameter-and-wrapped-contains	parameters	properties	200	fixture-android-04	fixture-android-04,fixture-android-05	2	b8fdb740afd79a8321e4190db7c093a8e1259183d215b7f96692345a6e8a0185	success	9	5762	527d81de9e8ca9f5fe9ad0166e1e1711fbccaf3c53281e7e95375f6d55e3a3c7	32792		fixture-android-04	cypher-graph-id-predicate	64	2	fixture-android-04,fixture-android-05	2	0	0	2	0	10	1	1	62	1	0
request-selected-set-wrapped-contains-k02-group-02-targeted	graph-set-reference	request-selected-set-wrapped-contains	targeted	request-graph-set-selection-and-wrapped-contains	request-selected-source	properties	200	fixture-android-04	fixture-android-04,fixture-android-05	2	b8fdb740afd79a8321e4190db7c093a8e1259183d215b7f96692345a6e8a0185	success	9	5762	527d81de9e8ca9f5fe9ad0166e1e1711fbccaf3c53281e7e95375f6d55e3a3c7	27542		fixture-android-04	request-selected-source	2	2	fixture-android-04,fixture-android-05	2	0	0	2	0	10	0	0	0	1	0
graph-id-in-literal-wrapped-contains-k02-group-02-dense	graph-id-set	graph-id-in-literal-wrapped-contains	dense	graph-id-in-literal-and-wrapped-contains	graph-routing-set	properties	200	fixture-android-04	fixture-android-04,fixture-android-05	2	b8fdb740afd79a8321e4190db7c093a8e1259183d215b7f96692345a6e8a0185	success	200	86152	85d9bac3392391ae56f1f03af81d888f398336c8e33a1ef1e42c5409f746f730	1072625		fixture-android-04	cypher-graph-id-predicate	64	1	fixture-android-04	1	0	0	1	0	17674	1	1	62	1	0
graph-id-in-parameter-wrapped-contains-k02-group-02-dense	graph-id-set	graph-id-in-parameter-wrapped-contains	dense	graph-id-in-parameter-and-wrapped-contains	parameters	properties	200	fixture-android-04	fixture-android-04,fixture-android-05	2	b8fdb740afd79a8321e4190db7c093a8e1259183d215b7f96692345a6e8a0185	success	200	86152	85d9bac3392391ae56f1f03af81d888f398336c8e33a1ef1e42c5409f746f730	54042		fixture-android-04	cypher-graph-id-predicate	64	1	fixture-android-04	1	0	0	1	0	200	1	1	62	1	0
request-selected-set-wrapped-contains-k02-group-02-dense	graph-set-reference	request-selected-set-wrapped-contains	dense	request-graph-set-selection-and-wrapped-contains	request-selected-source	properties	200	fixture-android-04	fixture-android-04,fixture-android-05	2	b8fdb740afd79a8321e4190db7c093a8e1259183d215b7f96692345a6e8a0185	success	200	86152	85d9bac3392391ae56f1f03af81d888f398336c8e33a1ef1e42c5409f746f730	63625		fixture-android-04	request-selected-source	2	1	fixture-android-04	1	0	0	1	0	200	0	0	0	1	0
graph-id-in-literal-wrapped-contains-k02-group-03-zero	graph-id-set	graph-id-in-literal-wrapped-contains	zero	graph-id-in-literal-and-wrapped-contains	graph-routing-set	properties	200	fixture-android-06	fixture-android-06,fixture-android-07	2	6fe6d1e974e6baa1651257376dccb286a52017ff70666b6755aad54482e00b40	success	0	147	805c8c7334c868e18e2be84be95b83cc60895722d739c2b164a68be4cd410c49	47459			cypher-graph-id-predicate	64	2	fixture-android-06,fixture-android-07	2	0	0	2	0	4	1	1	62	1	0
graph-id-in-parameter-wrapped-contains-k02-group-03-zero	graph-id-set	graph-id-in-parameter-wrapped-contains	zero	graph-id-in-parameter-and-wrapped-contains	parameters	properties	200	fixture-android-06	fixture-android-06,fixture-android-07	2	6fe6d1e974e6baa1651257376dccb286a52017ff70666b6755aad54482e00b40	success	0	147	805c8c7334c868e18e2be84be95b83cc60895722d739c2b164a68be4cd410c49	28375			cypher-graph-id-predicate	64	2	fixture-android-06,fixture-android-07	2	0	0	2	0	2	1	1	62	1	0
request-selected-set-wrapped-contains-k02-group-03-zero	graph-set-reference	request-selected-set-wrapped-contains	zero	request-graph-set-selection-and-wrapped-contains	request-selected-source	properties	200	fixture-android-06	fixture-android-06,fixture-android-07	2	6fe6d1e974e6baa1651257376dccb286a52017ff70666b6755aad54482e00b40	success	0	147	805c8c7334c868e18e2be84be95b83cc60895722d739c2b164a68be4cd410c49	25875			request-selected-source	2	2	fixture-android-06,fixture-android-07	2	0	0	2	0	2	0	0	0	1	0
graph-id-in-literal-wrapped-contains-k02-group-03-targeted	graph-id-set	graph-id-in-literal-wrapped-contains	targeted	graph-id-in-literal-and-wrapped-contains	graph-routing-set	properties	200	fixture-android-06	fixture-android-06,fixture-android-07	2	6fe6d1e974e6baa1651257376dccb286a52017ff70666b6755aad54482e00b40	success	1	734	2c8962bfda6df26238f145f32f089e1ccdb69cc26ea9c2fde590f543638ba060	195583		fixture-android-06	cypher-graph-id-predicate	64	2	fixture-android-06,fixture-android-07	2	0	0	2	0	549	1	1	62	1	0
graph-id-in-parameter-wrapped-contains-k02-group-03-targeted	graph-id-set	graph-id-in-parameter-wrapped-contains	targeted	graph-id-in-parameter-and-wrapped-contains	parameters	properties	200	fixture-android-06	fixture-android-06,fixture-android-07	2	6fe6d1e974e6baa1651257376dccb286a52017ff70666b6755aad54482e00b40	success	1	734	2c8962bfda6df26238f145f32f089e1ccdb69cc26ea9c2fde590f543638ba060	37625		fixture-android-06	cypher-graph-id-predicate	64	2	fixture-android-06,fixture-android-07	2	0	0	2	0	2	1	1	62	1	0
request-selected-set-wrapped-contains-k02-group-03-targeted	graph-set-reference	request-selected-set-wrapped-contains	targeted	request-graph-set-selection-and-wrapped-contains	request-selected-source	properties	200	fixture-android-06	fixture-android-06,fixture-android-07	2	6fe6d1e974e6baa1651257376dccb286a52017ff70666b6755aad54482e00b40	success	1	734	2c8962bfda6df26238f145f32f089e1ccdb69cc26ea9c2fde590f543638ba060	30917		fixture-android-06	request-selected-source	2	2	fixture-android-06,fixture-android-07	2	0	0	2	0	2	0	0	0	1	0
graph-id-in-literal-wrapped-contains-k02-group-03-dense	graph-id-set	graph-id-in-literal-wrapped-contains	dense	graph-id-in-literal-and-wrapped-contains	graph-routing-set	properties	200	fixture-android-06	fixture-android-06,fixture-android-07	2	6fe6d1e974e6baa1651257376dccb286a52017ff70666b6755aad54482e00b40	success	200	83941	f7f169fb4cd9a2408b058d9e03502907fe0d9372ba70f2f3749aeaffa464e292	1368459		fixture-android-06	cypher-graph-id-predicate	64	1	fixture-android-06	1	0	0	1	0	20008	1	1	62	1	0
graph-id-in-parameter-wrapped-contains-k02-group-03-dense	graph-id-set	graph-id-in-parameter-wrapped-contains	dense	graph-id-in-parameter-and-wrapped-contains	parameters	properties	200	fixture-android-06	fixture-android-06,fixture-android-07	2	6fe6d1e974e6baa1651257376dccb286a52017ff70666b6755aad54482e00b40	success	200	83941	f7f169fb4cd9a2408b058d9e03502907fe0d9372ba70f2f3749aeaffa464e292	84917		fixture-android-06	cypher-graph-id-predicate	64	1	fixture-android-06	1	0	0	1	0	200	1	1	62	1	0
request-selected-set-wrapped-contains-k02-group-03-dense	graph-set-reference	request-selected-set-wrapped-contains	dense	request-graph-set-selection-and-wrapped-contains	request-selected-source	properties	200	fixture-android-06	fixture-android-06,fixture-android-07	2	6fe6d1e974e6baa1651257376dccb286a52017ff70666b6755aad54482e00b40	success	200	83941	f7f169fb4cd9a2408b058d9e03502907fe0d9372ba70f2f3749aeaffa464e292	55000		fixture-android-06	request-selected-source	2	1	fixture-android-06	1	0	0	1	0	200	0	0	0	1	0
graph-id-in-literal-wrapped-contains-k02-group-04-zero	graph-id-set	graph-id-in-literal-wrapped-contains	zero	graph-id-in-literal-and-wrapped-contains	graph-routing-set	properties	200	fixture-android-08	fixture-android-08,fixture-android-09	2	9ec81a90c045de286a3929ee12d1d47e12620e8c018cdd08ec574a7d9d754d97	success	0	147	805c8c7334c868e18e2be84be95b83cc60895722d739c2b164a68be4cd410c49	118500			cypher-graph-id-predicate	64	2	fixture-android-08,fixture-android-09	2	0	0	2	0	4	1	1	62	1	0
graph-id-in-parameter-wrapped-contains-k02-group-04-zero	graph-id-set	graph-id-in-parameter-wrapped-contains	zero	graph-id-in-parameter-and-wrapped-contains	parameters	properties	200	fixture-android-08	fixture-android-08,fixture-android-09	2	9ec81a90c045de286a3929ee12d1d47e12620e8c018cdd08ec574a7d9d754d97	success	0	147	805c8c7334c868e18e2be84be95b83cc60895722d739c2b164a68be4cd410c49	46041			cypher-graph-id-predicate	64	2	fixture-android-08,fixture-android-09	2	0	0	2	0	2	1	1	62	1	0
request-selected-set-wrapped-contains-k02-group-04-zero	graph-set-reference	request-selected-set-wrapped-contains	zero	request-graph-set-selection-and-wrapped-contains	request-selected-source	properties	200	fixture-android-08	fixture-android-08,fixture-android-09	2	9ec81a90c045de286a3929ee12d1d47e12620e8c018cdd08ec574a7d9d754d97	success	0	147	805c8c7334c868e18e2be84be95b83cc60895722d739c2b164a68be4cd410c49	38833			request-selected-source	2	2	fixture-android-08,fixture-android-09	2	0	0	2	0	2	0	0	0	1	0
graph-id-in-literal-wrapped-contains-k02-group-04-targeted	graph-id-set	graph-id-in-literal-wrapped-contains	targeted	graph-id-in-literal-and-wrapped-contains	graph-routing-set	properties	200	fixture-android-08	fixture-android-08,fixture-android-09	2	9ec81a90c045de286a3929ee12d1d47e12620e8c018cdd08ec574a7d9d754d97	success	2	1322	4b49b28d836e57c2c3f8d43a93acd00a93b169fcd603338f9ab350f541e9665c	210000		fixture-android-08	cypher-graph-id-predicate	64	2	fixture-android-08,fixture-android-09	2	0	0	2	0	561	1	1	62	1	0
graph-id-in-parameter-wrapped-contains-k02-group-04-targeted	graph-id-set	graph-id-in-parameter-wrapped-contains	targeted	graph-id-in-parameter-and-wrapped-contains	parameters	properties	200	fixture-android-08	fixture-android-08,fixture-android-09	2	9ec81a90c045de286a3929ee12d1d47e12620e8c018cdd08ec574a7d9d754d97	success	2	1322	4b49b28d836e57c2c3f8d43a93acd00a93b169fcd603338f9ab350f541e9665c	36083		fixture-android-08	cypher-graph-id-predicate	64	2	fixture-android-08,fixture-android-09	2	0	0	2	0	3	1	1	62	1	0
request-selected-set-wrapped-contains-k02-group-04-targeted	graph-set-reference	request-selected-set-wrapped-contains	targeted	request-graph-set-selection-and-wrapped-contains	request-selected-source	properties	200	fixture-android-08	fixture-android-08,fixture-android-09	2	9ec81a90c045de286a3929ee12d1d47e12620e8c018cdd08ec574a7d9d754d97	success	2	1322	4b49b28d836e57c2c3f8d43a93acd00a93b169fcd603338f9ab350f541e9665c	30375		fixture-android-08	request-selected-source	2	2	fixture-android-08,fixture-android-09	2	0	0	2	0	3	0	0	0	1	0
graph-id-in-literal-wrapped-contains-k02-group-04-dense	graph-id-set	graph-id-in-literal-wrapped-contains	dense	graph-id-in-literal-and-wrapped-contains	graph-routing-set	properties	200	fixture-android-08	fixture-android-08,fixture-android-09	2	9ec81a90c045de286a3929ee12d1d47e12620e8c018cdd08ec574a7d9d754d97	success	200	85531	ed34441ff634f19c276911a1fa193106a9070fde1065b57fc7ec71132b8d5f66	1251208		fixture-android-08	cypher-graph-id-predicate	64	1	fixture-android-08	1	0	0	1	0	20276	1	1	62	1	0
graph-id-in-parameter-wrapped-contains-k02-group-04-dense	graph-id-set	graph-id-in-parameter-wrapped-contains	dense	graph-id-in-parameter-and-wrapped-contains	parameters	properties	200	fixture-android-08	fixture-android-08,fixture-android-09	2	9ec81a90c045de286a3929ee12d1d47e12620e8c018cdd08ec574a7d9d754d97	success	200	85531	ed34441ff634f19c276911a1fa193106a9070fde1065b57fc7ec71132b8d5f66	64250		fixture-android-08	cypher-graph-id-predicate	64	1	fixture-android-08	1	0	0	1	0	200	1	1	62	1	0
request-selected-set-wrapped-contains-k02-group-04-dense	graph-set-reference	request-selected-set-wrapped-contains	dense	request-graph-set-selection-and-wrapped-contains	request-selected-source	properties	200	fixture-android-08	fixture-android-08,fixture-android-09	2	9ec81a90c045de286a3929ee12d1d47e12620e8c018cdd08ec574a7d9d754d97	success	200	85531	ed34441ff634f19c276911a1fa193106a9070fde1065b57fc7ec71132b8d5f66	46916		fixture-android-08	request-selected-source	2	1	fixture-android-08	1	0	0	1	0	200	0	0	0	1	0
graph-id-in-literal-wrapped-contains-k02-group-05-zero	graph-id-set	graph-id-in-literal-wrapped-contains	zero	graph-id-in-literal-and-wrapped-contains	graph-routing-set	properties	200	fixture-android-10	fixture-android-10,fixture-android-11	2	260eebba364a9fc7120210e771f0b6bb86afe03c57c19e1b80a6f5a3e4ae88d8	success	0	147	805c8c7334c868e18e2be84be95b83cc60895722d739c2b164a68be4cd410c49	67542			cypher-graph-id-predicate	64	2	fixture-android-10,fixture-android-11	2	0	0	2	0	36	1	1	62	1	0
graph-id-in-parameter-wrapped-contains-k02-group-05-zero	graph-id-set	graph-id-in-parameter-wrapped-contains	zero	graph-id-in-parameter-and-wrapped-contains	parameters	properties	200	fixture-android-10	fixture-android-10,fixture-android-11	2	260eebba364a9fc7120210e771f0b6bb86afe03c57c19e1b80a6f5a3e4ae88d8	success	0	147	805c8c7334c868e18e2be84be95b83cc60895722d739c2b164a68be4cd410c49	39000			cypher-graph-id-predicate	64	2	fixture-android-10,fixture-android-11	2	0	0	2	0	2	1	1	62	1	0
request-selected-set-wrapped-contains-k02-group-05-zero	graph-set-reference	request-selected-set-wrapped-contains	zero	request-graph-set-selection-and-wrapped-contains	request-selected-source	properties	200	fixture-android-10	fixture-android-10,fixture-android-11	2	260eebba364a9fc7120210e771f0b6bb86afe03c57c19e1b80a6f5a3e4ae88d8	success	0	147	805c8c7334c868e18e2be84be95b83cc60895722d739c2b164a68be4cd410c49	50458			request-selected-source	2	2	fixture-android-10,fixture-android-11	2	0	0	2	0	2	0	0	0	1	0
graph-id-in-literal-wrapped-contains-k02-group-05-targeted	graph-id-set	graph-id-in-literal-wrapped-contains	targeted	graph-id-in-literal-and-wrapped-contains	graph-routing-set	properties	200	fixture-android-10	fixture-android-10,fixture-android-11	2	260eebba364a9fc7120210e771f0b6bb86afe03c57c19e1b80a6f5a3e4ae88d8	success	1	821	f3f4d5fb39ff9fde7dcf6d88e4f52bcc4c277ed98626ccca0b17c4ddbb20b035	229250		fixture-android-10	cypher-graph-id-predicate	64	2	fixture-android-10,fixture-android-11	2	0	0	2	0	697	1	1	62	1	0
graph-id-in-parameter-wrapped-contains-k02-group-05-targeted	graph-id-set	graph-id-in-parameter-wrapped-contains	targeted	graph-id-in-parameter-and-wrapped-contains	parameters	properties	200	fixture-android-10	fixture-android-10,fixture-android-11	2	260eebba364a9fc7120210e771f0b6bb86afe03c57c19e1b80a6f5a3e4ae88d8	success	1	821	f3f4d5fb39ff9fde7dcf6d88e4f52bcc4c277ed98626ccca0b17c4ddbb20b035	59667		fixture-android-10	cypher-graph-id-predicate	64	2	fixture-android-10,fixture-android-11	2	0	0	2	0	2	1	1	62	1	0
request-selected-set-wrapped-contains-k02-group-05-targeted	graph-set-reference	request-selected-set-wrapped-contains	targeted	request-graph-set-selection-and-wrapped-contains	request-selected-source	properties	200	fixture-android-10	fixture-android-10,fixture-android-11	2	260eebba364a9fc7120210e771f0b6bb86afe03c57c19e1b80a6f5a3e4ae88d8	success	1	821	f3f4d5fb39ff9fde7dcf6d88e4f52bcc4c277ed98626ccca0b17c4ddbb20b035	34917		fixture-android-10	request-selected-source	2	2	fixture-android-10,fixture-android-11	2	0	0	2	0	2	0	0	0	1	0
graph-id-in-literal-wrapped-contains-k02-group-05-dense	graph-id-set	graph-id-in-literal-wrapped-contains	dense	graph-id-in-literal-and-wrapped-contains	graph-routing-set	properties	200	fixture-android-10	fixture-android-10,fixture-android-11	2	260eebba364a9fc7120210e771f0b6bb86afe03c57c19e1b80a6f5a3e4ae88d8	success	200	86914	eec30bd784e53b80ccd384559e9d1f853b8152ad8db90ad1f27d391bf03fc0d8	1149375		fixture-android-10	cypher-graph-id-predicate	64	1	fixture-android-10	1	0	0	1	0	18670	1	1	62	1	0
graph-id-in-parameter-wrapped-contains-k02-group-05-dense	graph-id-set	graph-id-in-parameter-wrapped-contains	dense	graph-id-in-parameter-and-wrapped-contains	parameters	properties	200	fixture-android-10	fixture-android-10,fixture-android-11	2	260eebba364a9fc7120210e771f0b6bb86afe03c57c19e1b80a6f5a3e4ae88d8	success	200	86914	eec30bd784e53b80ccd384559e9d1f853b8152ad8db90ad1f27d391bf03fc0d8	68292		fixture-android-10	cypher-graph-id-predicate	64	1	fixture-android-10	1	0	0	1	0	200	1	1	62	1	0
request-selected-set-wrapped-contains-k02-group-05-dense	graph-set-reference	request-selected-set-wrapped-contains	dense	request-graph-set-selection-and-wrapped-contains	request-selected-source	properties	200	fixture-android-10	fixture-android-10,fixture-android-11	2	260eebba364a9fc7120210e771f0b6bb86afe03c57c19e1b80a6f5a3e4ae88d8	success	200	86914	eec30bd784e53b80ccd384559e9d1f853b8152ad8db90ad1f27d391bf03fc0d8	299875		fixture-android-10	request-selected-source	2	1	fixture-android-10	1	0	0	1	0	200	0	0	0	1	0
graph-id-in-literal-wrapped-contains-k02-group-06-zero	graph-id-set	graph-id-in-literal-wrapped-contains	zero	graph-id-in-literal-and-wrapped-contains	graph-routing-set	properties	200	fixture-android-12	fixture-android-12,fixture-android-13	2	53a2cc8450ae462342eae55ee18f75ffa0aadf3bacfbd392f69f35c17509903f	success	0	147	805c8c7334c868e18e2be84be95b83cc60895722d739c2b164a68be4cd410c49	48333			cypher-graph-id-predicate	64	2	fixture-android-12,fixture-android-13	2	0	0	2	0	4	1	1	62	1	0
graph-id-in-parameter-wrapped-contains-k02-group-06-zero	graph-id-set	graph-id-in-parameter-wrapped-contains	zero	graph-id-in-parameter-and-wrapped-contains	parameters	properties	200	fixture-android-12	fixture-android-12,fixture-android-13	2	53a2cc8450ae462342eae55ee18f75ffa0aadf3bacfbd392f69f35c17509903f	success	0	147	805c8c7334c868e18e2be84be95b83cc60895722d739c2b164a68be4cd410c49	33125			cypher-graph-id-predicate	64	2	fixture-android-12,fixture-android-13	2	0	0	2	0	2	1	1	62	1	0
request-selected-set-wrapped-contains-k02-group-06-zero	graph-set-reference	request-selected-set-wrapped-contains	zero	request-graph-set-selection-and-wrapped-contains	request-selected-source	properties	200	fixture-android-12	fixture-android-12,fixture-android-13	2	53a2cc8450ae462342eae55ee18f75ffa0aadf3bacfbd392f69f35c17509903f	success	0	147	805c8c7334c868e18e2be84be95b83cc60895722d739c2b164a68be4cd410c49	25959			request-selected-source	2	2	fixture-android-12,fixture-android-13	2	0	0	2	0	2	0	0	0	1	0
graph-id-in-literal-wrapped-contains-k02-group-06-targeted	graph-id-set	graph-id-in-literal-wrapped-contains	targeted	graph-id-in-literal-and-wrapped-contains	graph-routing-set	properties	200	fixture-android-12	fixture-android-12,fixture-android-13	2	53a2cc8450ae462342eae55ee18f75ffa0aadf3bacfbd392f69f35c17509903f	success	2	1348	569ba2c2d8626f5c6804b713aa9f9bd5155648246e0bb082ab37cf407a3ccee9	172167		fixture-android-12	cypher-graph-id-predicate	64	2	fixture-android-12,fixture-android-13	2	0	0	2	0	525	1	1	62	1	0
graph-id-in-parameter-wrapped-contains-k02-group-06-targeted	graph-id-set	graph-id-in-parameter-wrapped-contains	targeted	graph-id-in-parameter-and-wrapped-contains	parameters	properties	200	fixture-android-12	fixture-android-12,fixture-android-13	2	53a2cc8450ae462342eae55ee18f75ffa0aadf3bacfbd392f69f35c17509903f	success	2	1348	569ba2c2d8626f5c6804b713aa9f9bd5155648246e0bb082ab37cf407a3ccee9	38291		fixture-android-12	cypher-graph-id-predicate	64	2	fixture-android-12,fixture-android-13	2	0	0	2	0	3	1	1	62	1	0
request-selected-set-wrapped-contains-k02-group-06-targeted	graph-set-reference	request-selected-set-wrapped-contains	targeted	request-graph-set-selection-and-wrapped-contains	request-selected-source	properties	200	fixture-android-12	fixture-android-12,fixture-android-13	2	53a2cc8450ae462342eae55ee18f75ffa0aadf3bacfbd392f69f35c17509903f	success	2	1348	569ba2c2d8626f5c6804b713aa9f9bd5155648246e0bb082ab37cf407a3ccee9	54792		fixture-android-12	request-selected-source	2	2	fixture-android-12,fixture-android-13	2	0	0	2	0	3	0	0	0	1	0
graph-id-in-literal-wrapped-contains-k02-group-06-dense	graph-id-set	graph-id-in-literal-wrapped-contains	dense	graph-id-in-literal-and-wrapped-contains	graph-routing-set	properties	200	fixture-android-12	fixture-android-12,fixture-android-13	2	53a2cc8450ae462342eae55ee18f75ffa0aadf3bacfbd392f69f35c17509903f	success	200	85894	f22afa8ccaad259750ce50e850502822308b2565f707f284de32cd44d5ef328a	1233958		fixture-android-12	cypher-graph-id-predicate	64	1	fixture-android-12	1	0	0	1	0	18823	1	1	62	1	0
graph-id-in-parameter-wrapped-contains-k02-group-06-dense	graph-id-set	graph-id-in-parameter-wrapped-contains	dense	graph-id-in-parameter-and-wrapped-contains	parameters	properties	200	fixture-android-12	fixture-android-12,fixture-android-13	2	53a2cc8450ae462342eae55ee18f75ffa0aadf3bacfbd392f69f35c17509903f	success	200	85894	f22afa8ccaad259750ce50e850502822308b2565f707f284de32cd44d5ef328a	67666		fixture-android-12	cypher-graph-id-predicate	64	1	fixture-android-12	1	0	0	1	0	200	1	1	62	1	0
request-selected-set-wrapped-contains-k02-group-06-dense	graph-set-reference	request-selected-set-wrapped-contains	dense	request-graph-set-selection-and-wrapped-contains	request-selected-source	properties	200	fixture-android-12	fixture-android-12,fixture-android-13	2	53a2cc8450ae462342eae55ee18f75ffa0aadf3bacfbd392f69f35c17509903f	success	200	85894	f22afa8ccaad259750ce50e850502822308b2565f707f284de32cd44d5ef328a	37125		fixture-android-12	request-selected-source	2	1	fixture-android-12	1	0	0	1	0	200	0	0	0	1	0
graph-id-in-literal-wrapped-contains-k02-group-07-zero	graph-id-set	graph-id-in-literal-wrapped-contains	zero	graph-id-in-literal-and-wrapped-contains	graph-routing-set	properties	200	fixture-android-14	fixture-android-14,fixture-android-15	2	807fc4e1c3f01ad53261af7c98e5428363e2112772ec0681a9e0eb128a146fff	success	0	147	805c8c7334c868e18e2be84be95b83cc60895722d739c2b164a68be4cd410c49	46417			cypher-graph-id-predicate	64	2	fixture-android-14,fixture-android-15	2	0	0	2	0	4	1	1	62	1	0
graph-id-in-parameter-wrapped-contains-k02-group-07-zero	graph-id-set	graph-id-in-parameter-wrapped-contains	zero	graph-id-in-parameter-and-wrapped-contains	parameters	properties	200	fixture-android-14	fixture-android-14,fixture-android-15	2	807fc4e1c3f01ad53261af7c98e5428363e2112772ec0681a9e0eb128a146fff	success	0	147	805c8c7334c868e18e2be84be95b83cc60895722d739c2b164a68be4cd410c49	31000			cypher-graph-id-predicate	64	2	fixture-android-14,fixture-android-15	2	0	0	2	0	2	1	1	62	1	0
request-selected-set-wrapped-contains-k02-group-07-zero	graph-set-reference	request-selected-set-wrapped-contains	zero	request-graph-set-selection-and-wrapped-contains	request-selected-source	properties	200	fixture-android-14	fixture-android-14,fixture-android-15	2	807fc4e1c3f01ad53261af7c98e5428363e2112772ec0681a9e0eb128a146fff	success	0	147	805c8c7334c868e18e2be84be95b83cc60895722d739c2b164a68be4cd410c49	26792			request-selected-source	2	2	fixture-android-14,fixture-android-15	2	0	0	2	0	2	0	0	0	1	0
graph-id-in-literal-wrapped-contains-k02-group-07-targeted	graph-id-set	graph-id-in-literal-wrapped-contains	targeted	graph-id-in-literal-and-wrapped-contains	graph-routing-set	properties	200	fixture-android-14	fixture-android-14,fixture-android-15	2	807fc4e1c3f01ad53261af7c98e5428363e2112772ec0681a9e0eb128a146fff	success	3	1887	cfce92c06f8a0a93444f0ec3592aad57c255799cc7a1286e673f5c8cc3173d20	181625		fixture-android-14	cypher-graph-id-predicate	64	2	fixture-android-14,fixture-android-15	2	0	0	2	0	554	1	1	62	1	0
graph-id-in-parameter-wrapped-contains-k02-group-07-targeted	graph-id-set	graph-id-in-parameter-wrapped-contains	targeted	graph-id-in-parameter-and-wrapped-contains	parameters	properties	200	fixture-android-14	fixture-android-14,fixture-android-15	2	807fc4e1c3f01ad53261af7c98e5428363e2112772ec0681a9e0eb128a146fff	success	3	1887	cfce92c06f8a0a93444f0ec3592aad57c255799cc7a1286e673f5c8cc3173d20	36416		fixture-android-14	cypher-graph-id-predicate	64	2	fixture-android-14,fixture-android-15	2	0	0	2	0	4	1	1	62	1	0
request-selected-set-wrapped-contains-k02-group-07-targeted	graph-set-reference	request-selected-set-wrapped-contains	targeted	request-graph-set-selection-and-wrapped-contains	request-selected-source	properties	200	fixture-android-14	fixture-android-14,fixture-android-15	2	807fc4e1c3f01ad53261af7c98e5428363e2112772ec0681a9e0eb128a146fff	success	3	1887	cfce92c06f8a0a93444f0ec3592aad57c255799cc7a1286e673f5c8cc3173d20	26667		fixture-android-14	request-selected-source	2	2	fixture-android-14,fixture-android-15	2	0	0	2	0	4	0	0	0	1	0
graph-id-in-literal-wrapped-contains-k02-group-07-dense	graph-id-set	graph-id-in-literal-wrapped-contains	dense	graph-id-in-literal-and-wrapped-contains	graph-routing-set	properties	200	fixture-android-14	fixture-android-14,fixture-android-15	2	807fc4e1c3f01ad53261af7c98e5428363e2112772ec0681a9e0eb128a146fff	success	200	88102	f384f54b9e0494c603dd9e83eb2ca0ad0386a359a2e1d6a356e225c072977e41	1132250		fixture-android-14	cypher-graph-id-predicate	64	1	fixture-android-14	1	0	0	1	0	18675	1	1	62	1	0
graph-id-in-parameter-wrapped-contains-k02-group-07-dense	graph-id-set	graph-id-in-parameter-wrapped-contains	dense	graph-id-in-parameter-and-wrapped-contains	parameters	properties	200	fixture-android-14	fixture-android-14,fixture-android-15	2	807fc4e1c3f01ad53261af7c98e5428363e2112772ec0681a9e0eb128a146fff	success	200	88102	f384f54b9e0494c603dd9e83eb2ca0ad0386a359a2e1d6a356e225c072977e41	49875		fixture-android-14	cypher-graph-id-predicate	64	1	fixture-android-14	1	0	0	1	0	200	1	1	62	1	0
request-selected-set-wrapped-contains-k02-group-07-dense	graph-set-reference	request-selected-set-wrapped-contains	dense	request-graph-set-selection-and-wrapped-contains	request-selected-source	properties	200	fixture-android-14	fixture-android-14,fixture-android-15	2	807fc4e1c3f01ad53261af7c98e5428363e2112772ec0681a9e0eb128a146fff	success	200	88102	f384f54b9e0494c603dd9e83eb2ca0ad0386a359a2e1d6a356e225c072977e41	43333		fixture-android-14	request-selected-source	2	1	fixture-android-14	1	0	0	1	0	200	0	0	0	1	0
graph-id-in-literal-wrapped-contains-k02-group-08-zero	graph-id-set	graph-id-in-literal-wrapped-contains	zero	graph-id-in-literal-and-wrapped-contains	graph-routing-set	properties	200	fixture-tika-00	fixture-tika-00,fixture-tika-01	2	c3e632cd7b5e41a9b9b771b93da235f946c29739547e67bc94c675345340a35d	success	0	147	805c8c7334c868e18e2be84be95b83cc60895722d739c2b164a68be4cd410c49	49167			cypher-graph-id-predicate	64	2	fixture-tika-00,fixture-tika-01	2	0	0	2	0	4	1	1	62	1	0
graph-id-in-parameter-wrapped-contains-k02-group-08-zero	graph-id-set	graph-id-in-parameter-wrapped-contains	zero	graph-id-in-parameter-and-wrapped-contains	parameters	properties	200	fixture-tika-00	fixture-tika-00,fixture-tika-01	2	c3e632cd7b5e41a9b9b771b93da235f946c29739547e67bc94c675345340a35d	success	0	147	805c8c7334c868e18e2be84be95b83cc60895722d739c2b164a68be4cd410c49	28500			cypher-graph-id-predicate	64	2	fixture-tika-00,fixture-tika-01	2	0	0	2	0	2	1	1	62	1	0
request-selected-set-wrapped-contains-k02-group-08-zero	graph-set-reference	request-selected-set-wrapped-contains	zero	request-graph-set-selection-and-wrapped-contains	request-selected-source	properties	200	fixture-tika-00	fixture-tika-00,fixture-tika-01	2	c3e632cd7b5e41a9b9b771b93da235f946c29739547e67bc94c675345340a35d	success	0	147	805c8c7334c868e18e2be84be95b83cc60895722d739c2b164a68be4cd410c49	27417			request-selected-source	2	2	fixture-tika-00,fixture-tika-01	2	0	0	2	0	2	0	0	0	1	0
graph-id-in-literal-wrapped-contains-k02-group-08-targeted	graph-id-set	graph-id-in-literal-wrapped-contains	targeted	graph-id-in-literal-and-wrapped-contains	graph-routing-set	properties	200	fixture-tika-00	fixture-tika-00,fixture-tika-01	2	c3e632cd7b5e41a9b9b771b93da235f946c29739547e67bc94c675345340a35d	success	1	771	41ad9b5110585bc89df35b9d0a0c6bd66daaf6c239b4212552d078b2f2a28c34	202709		fixture-tika-00	cypher-graph-id-predicate	64	2	fixture-tika-00,fixture-tika-01	2	0	0	2	0	726	1	1	62	1	0
graph-id-in-parameter-wrapped-contains-k02-group-08-targeted	graph-id-set	graph-id-in-parameter-wrapped-contains	targeted	graph-id-in-parameter-and-wrapped-contains	parameters	properties	200	fixture-tika-00	fixture-tika-00,fixture-tika-01	2	c3e632cd7b5e41a9b9b771b93da235f946c29739547e67bc94c675345340a35d	success	1	771	41ad9b5110585bc89df35b9d0a0c6bd66daaf6c239b4212552d078b2f2a28c34	29542		fixture-tika-00	cypher-graph-id-predicate	64	2	fixture-tika-00,fixture-tika-01	2	0	0	2	0	2	1	1	62	1	0
request-selected-set-wrapped-contains-k02-group-08-targeted	graph-set-reference	request-selected-set-wrapped-contains	targeted	request-graph-set-selection-and-wrapped-contains	request-selected-source	properties	200	fixture-tika-00	fixture-tika-00,fixture-tika-01	2	c3e632cd7b5e41a9b9b771b93da235f946c29739547e67bc94c675345340a35d	success	1	771	41ad9b5110585bc89df35b9d0a0c6bd66daaf6c239b4212552d078b2f2a28c34	23667		fixture-tika-00	request-selected-source	2	2	fixture-tika-00,fixture-tika-01	2	0	0	2	0	2	0	0	0	1	0
graph-id-in-literal-wrapped-contains-k02-group-08-dense	graph-id-set	graph-id-in-literal-wrapped-contains	dense	graph-id-in-literal-and-wrapped-contains	graph-routing-set	properties	200	fixture-tika-00	fixture-tika-00,fixture-tika-01	2	c3e632cd7b5e41a9b9b771b93da235f946c29739547e67bc94c675345340a35d	success	200	94237	51b180cd96740a311cc61165baa84cc05517b2f28ac6c70debc25f8e14514414	798084		fixture-tika-00	cypher-graph-id-predicate	64	1	fixture-tika-00	1	0	0	1	0	11538	1	1	62	1	0
graph-id-in-parameter-wrapped-contains-k02-group-08-dense	graph-id-set	graph-id-in-parameter-wrapped-contains	dense	graph-id-in-parameter-and-wrapped-contains	parameters	properties	200	fixture-tika-00	fixture-tika-00,fixture-tika-01	2	c3e632cd7b5e41a9b9b771b93da235f946c29739547e67bc94c675345340a35d	success	200	94237	51b180cd96740a311cc61165baa84cc05517b2f28ac6c70debc25f8e14514414	45750		fixture-tika-00	cypher-graph-id-predicate	64	1	fixture-tika-00	1	0	0	1	0	200	1	1	62	1	0
request-selected-set-wrapped-contains-k02-group-08-dense	graph-set-reference	request-selected-set-wrapped-contains	dense	request-graph-set-selection-and-wrapped-contains	request-selected-source	properties	200	fixture-tika-00	fixture-tika-00,fixture-tika-01	2	c3e632cd7b5e41a9b9b771b93da235f946c29739547e67bc94c675345340a35d	success	200	94237	51b180cd96740a311cc61165baa84cc05517b2f28ac6c70debc25f8e14514414	39917		fixture-tika-00	request-selected-source	2	1	fixture-tika-00	1	0	0	1	0	200	0	0	0	1	0
graph-id-in-literal-wrapped-contains-k02-group-09-zero	graph-id-set	graph-id-in-literal-wrapped-contains	zero	graph-id-in-literal-and-wrapped-contains	graph-routing-set	properties	200	fixture-tika-02	fixture-tika-02,fixture-tika-03	2	d42c4fb1fadb4a56f8aa46ebc02f39c62dce2b3cdf701dfa45b0d250730192da	success	0	147	805c8c7334c868e18e2be84be95b83cc60895722d739c2b164a68be4cd410c49	51125			cypher-graph-id-predicate	64	2	fixture-tika-02,fixture-tika-03	2	0	0	2	0	4	1	1	62	1	0
graph-id-in-parameter-wrapped-contains-k02-group-09-zero	graph-id-set	graph-id-in-parameter-wrapped-contains	zero	graph-id-in-parameter-and-wrapped-contains	parameters	properties	200	fixture-tika-02	fixture-tika-02,fixture-tika-03	2	d42c4fb1fadb4a56f8aa46ebc02f39c62dce2b3cdf701dfa45b0d250730192da	success	0	147	805c8c7334c868e18e2be84be95b83cc60895722d739c2b164a68be4cd410c49	26917			cypher-graph-id-predicate	64	2	fixture-tika-02,fixture-tika-03	2	0	0	2	0	2	1	1	62	1	0
request-selected-set-wrapped-contains-k02-group-09-zero	graph-set-reference	request-selected-set-wrapped-contains	zero	request-graph-set-selection-and-wrapped-contains	request-selected-source	properties	200	fixture-tika-02	fixture-tika-02,fixture-tika-03	2	d42c4fb1fadb4a56f8aa46ebc02f39c62dce2b3cdf701dfa45b0d250730192da	success	0	147	805c8c7334c868e18e2be84be95b83cc60895722d739c2b164a68be4cd410c49	41208			request-selected-source	2	2	fixture-tika-02,fixture-tika-03	2	0	0	2	0	2	0	0	0	1	0
graph-id-in-literal-wrapped-contains-k02-group-09-targeted	graph-id-set	graph-id-in-literal-wrapped-contains	targeted	graph-id-in-literal-and-wrapped-contains	graph-routing-set	properties	200	fixture-tika-02	fixture-tika-02,fixture-tika-03	2	d42c4fb1fadb4a56f8aa46ebc02f39c62dce2b3cdf701dfa45b0d250730192da	success	12	6781	abf0682228739bdef1eb0d4b5b1449d7697f9412e644bd07a974f6e04213652e	170667		fixture-tika-02	cypher-graph-id-predicate	64	2	fixture-tika-02,fixture-tika-03	2	0	0	2	0	514	1	1	62	1	0
graph-id-in-parameter-wrapped-contains-k02-group-09-targeted	graph-id-set	graph-id-in-parameter-wrapped-contains	targeted	graph-id-in-parameter-and-wrapped-contains	parameters	properties	200	fixture-tika-02	fixture-tika-02,fixture-tika-03	2	d42c4fb1fadb4a56f8aa46ebc02f39c62dce2b3cdf701dfa45b0d250730192da	success	12	6781	abf0682228739bdef1eb0d4b5b1449d7697f9412e644bd07a974f6e04213652e	38459		fixture-tika-02	cypher-graph-id-predicate	64	2	fixture-tika-02,fixture-tika-03	2	0	0	2	0	13	1	1	62	1	0
request-selected-set-wrapped-contains-k02-group-09-targeted	graph-set-reference	request-selected-set-wrapped-contains	targeted	request-graph-set-selection-and-wrapped-contains	request-selected-source	properties	200	fixture-tika-02	fixture-tika-02,fixture-tika-03	2	d42c4fb1fadb4a56f8aa46ebc02f39c62dce2b3cdf701dfa45b0d250730192da	success	12	6781	abf0682228739bdef1eb0d4b5b1449d7697f9412e644bd07a974f6e04213652e	31084		fixture-tika-02	request-selected-source	2	2	fixture-tika-02,fixture-tika-03	2	0	0	2	0	13	0	0	0	1	0
graph-id-in-literal-wrapped-contains-k02-group-09-dense	graph-id-set	graph-id-in-literal-wrapped-contains	dense	graph-id-in-literal-and-wrapped-contains	graph-routing-set	properties	200	fixture-tika-02	fixture-tika-02,fixture-tika-03	2	d42c4fb1fadb4a56f8aa46ebc02f39c62dce2b3cdf701dfa45b0d250730192da	success	200	95198	7d65fbc43e0cf8a1d4323c709e6963c32bdea3f389f5b683f619eee1fd79dc90	807208		fixture-tika-02	cypher-graph-id-predicate	64	1	fixture-tika-02	1	0	0	1	0	11847	1	1	62	1	0
graph-id-in-parameter-wrapped-contains-k02-group-09-dense	graph-id-set	graph-id-in-parameter-wrapped-contains	dense	graph-id-in-parameter-and-wrapped-contains	parameters	properties	200	fixture-tika-02	fixture-tika-02,fixture-tika-03	2	d42c4fb1fadb4a56f8aa46ebc02f39c62dce2b3cdf701dfa45b0d250730192da	success	200	95198	7d65fbc43e0cf8a1d4323c709e6963c32bdea3f389f5b683f619eee1fd79dc90	54042		fixture-tika-02	cypher-graph-id-predicate	64	1	fixture-tika-02	1	0	0	1	0	200	1	1	62	1	0
request-selected-set-wrapped-contains-k02-group-09-dense	graph-set-reference	request-selected-set-wrapped-contains	dense	request-graph-set-selection-and-wrapped-contains	request-selected-source	properties	200	fixture-tika-02	fixture-tika-02,fixture-tika-03	2	d42c4fb1fadb4a56f8aa46ebc02f39c62dce2b3cdf701dfa45b0d250730192da	success	200	95198	7d65fbc43e0cf8a1d4323c709e6963c32bdea3f389f5b683f619eee1fd79dc90	59709		fixture-tika-02	request-selected-source	2	1	fixture-tika-02	1	0	0	1	0	200	0	0	0	1	0
graph-id-in-literal-wrapped-contains-k02-group-10-zero	graph-id-set	graph-id-in-literal-wrapped-contains	zero	graph-id-in-literal-and-wrapped-contains	graph-routing-set	properties	200	fixture-tika-04	fixture-tika-04,fixture-tika-05	2	67bc0a9151ff4ff0b7a4cbe142cd1a0aa27d2df9ea1eefb583b41c4bac55cbc0	success	0	147	805c8c7334c868e18e2be84be95b83cc60895722d739c2b164a68be4cd410c49	67417			cypher-graph-id-predicate	64	2	fixture-tika-04,fixture-tika-05	2	0	0	2	0	4	1	1	62	1	0
graph-id-in-parameter-wrapped-contains-k02-group-10-zero	graph-id-set	graph-id-in-parameter-wrapped-contains	zero	graph-id-in-parameter-and-wrapped-contains	parameters	properties	200	fixture-tika-04	fixture-tika-04,fixture-tika-05	2	67bc0a9151ff4ff0b7a4cbe142cd1a0aa27d2df9ea1eefb583b41c4bac55cbc0	success	0	147	805c8c7334c868e18e2be84be95b83cc60895722d739c2b164a68be4cd410c49	29208			cypher-graph-id-predicate	64	2	fixture-tika-04,fixture-tika-05	2	0	0	2	0	2	1	1	62	1	0
request-selected-set-wrapped-contains-k02-group-10-zero	graph-set-reference	request-selected-set-wrapped-contains	zero	request-graph-set-selection-and-wrapped-contains	request-selected-source	properties	200	fixture-tika-04	fixture-tika-04,fixture-tika-05	2	67bc0a9151ff4ff0b7a4cbe142cd1a0aa27d2df9ea1eefb583b41c4bac55cbc0	success	0	147	805c8c7334c868e18e2be84be95b83cc60895722d739c2b164a68be4cd410c49	27875			request-selected-source	2	2	fixture-tika-04,fixture-tika-05	2	0	0	2	0	2	0	0	0	1	0
graph-id-in-literal-wrapped-contains-k02-group-10-targeted	graph-id-set	graph-id-in-literal-wrapped-contains	targeted	graph-id-in-literal-and-wrapped-contains	graph-routing-set	properties	200	fixture-tika-04	fixture-tika-04,fixture-tika-05	2	67bc0a9151ff4ff0b7a4cbe142cd1a0aa27d2df9ea1eefb583b41c4bac55cbc0	success	1	763	7811e1c0f64fb9174b112349d7a5f89fec8a71f59a6b66db3b1e97241f5dc93c	193791		fixture-tika-04	cypher-graph-id-predicate	64	2	fixture-tika-04,fixture-tika-05	2	0	0	2	0	605	1	1	62	1	0
graph-id-in-parameter-wrapped-contains-k02-group-10-targeted	graph-id-set	graph-id-in-parameter-wrapped-contains	targeted	graph-id-in-parameter-and-wrapped-contains	parameters	properties	200	fixture-tika-04	fixture-tika-04,fixture-tika-05	2	67bc0a9151ff4ff0b7a4cbe142cd1a0aa27d2df9ea1eefb583b41c4bac55cbc0	success	1	763	7811e1c0f64fb9174b112349d7a5f89fec8a71f59a6b66db3b1e97241f5dc93c	28625		fixture-tika-04	cypher-graph-id-predicate	64	2	fixture-tika-04,fixture-tika-05	2	0	0	2	0	2	1	1	62	1	0
request-selected-set-wrapped-contains-k02-group-10-targeted	graph-set-reference	request-selected-set-wrapped-contains	targeted	request-graph-set-selection-and-wrapped-contains	request-selected-source	properties	200	fixture-tika-04	fixture-tika-04,fixture-tika-05	2	67bc0a9151ff4ff0b7a4cbe142cd1a0aa27d2df9ea1eefb583b41c4bac55cbc0	success	1	763	7811e1c0f64fb9174b112349d7a5f89fec8a71f59a6b66db3b1e97241f5dc93c	22667		fixture-tika-04	request-selected-source	2	2	fixture-tika-04,fixture-tika-05	2	0	0	2	0	2	0	0	0	1	0
graph-id-in-literal-wrapped-contains-k02-group-10-dense	graph-id-set	graph-id-in-literal-wrapped-contains	dense	graph-id-in-literal-and-wrapped-contains	graph-routing-set	properties	200	fixture-tika-04	fixture-tika-04,fixture-tika-05	2	67bc0a9151ff4ff0b7a4cbe142cd1a0aa27d2df9ea1eefb583b41c4bac55cbc0	success	200	91604	a93cd6116bda146e01916f4ab7d54aa664da5b5c2287de109c82d6c48fcd38f8	826500		fixture-tika-04	cypher-graph-id-predicate	64	1	fixture-tika-04	1	0	0	1	0	12430	1	1	62	1	0
graph-id-in-parameter-wrapped-contains-k02-group-10-dense	graph-id-set	graph-id-in-parameter-wrapped-contains	dense	graph-id-in-parameter-and-wrapped-contains	parameters	properties	200	fixture-tika-04	fixture-tika-04,fixture-tika-05	2	67bc0a9151ff4ff0b7a4cbe142cd1a0aa27d2df9ea1eefb583b41c4bac55cbc0	success	200	91604	a93cd6116bda146e01916f4ab7d54aa664da5b5c2287de109c82d6c48fcd38f8	45500		fixture-tika-04	cypher-graph-id-predicate	64	1	fixture-tika-04	1	0	0	1	0	200	1	1	62	1	0
request-selected-set-wrapped-contains-k02-group-10-dense	graph-set-reference	request-selected-set-wrapped-contains	dense	request-graph-set-selection-and-wrapped-contains	request-selected-source	properties	200	fixture-tika-04	fixture-tika-04,fixture-tika-05	2	67bc0a9151ff4ff0b7a4cbe142cd1a0aa27d2df9ea1eefb583b41c4bac55cbc0	success	200	91604	a93cd6116bda146e01916f4ab7d54aa664da5b5c2287de109c82d6c48fcd38f8	43792		fixture-tika-04	request-selected-source	2	1	fixture-tika-04	1	0	0	1	0	200	0	0	0	1	0
graph-id-in-literal-wrapped-contains-k02-group-11-zero	graph-id-set	graph-id-in-literal-wrapped-contains	zero	graph-id-in-literal-and-wrapped-contains	graph-routing-set	properties	200	fixture-tika-06	fixture-tika-06,fixture-tika-07	2	88f6182281df14e6b0b855b5dde4dd3044f375804b3633c972ce4d3e08b43ba6	success	0	147	805c8c7334c868e18e2be84be95b83cc60895722d739c2b164a68be4cd410c49	48083			cypher-graph-id-predicate	64	2	fixture-tika-06,fixture-tika-07	2	0	0	2	0	4	1	1	62	1	0
graph-id-in-parameter-wrapped-contains-k02-group-11-zero	graph-id-set	graph-id-in-parameter-wrapped-contains	zero	graph-id-in-parameter-and-wrapped-contains	parameters	properties	200	fixture-tika-06	fixture-tika-06,fixture-tika-07	2	88f6182281df14e6b0b855b5dde4dd3044f375804b3633c972ce4d3e08b43ba6	success	0	147	805c8c7334c868e18e2be84be95b83cc60895722d739c2b164a68be4cd410c49	21667			cypher-graph-id-predicate	64	2	fixture-tika-06,fixture-tika-07	2	0	0	2	0	2	1	1	62	1	0
request-selected-set-wrapped-contains-k02-group-11-zero	graph-set-reference	request-selected-set-wrapped-contains	zero	request-graph-set-selection-and-wrapped-contains	request-selected-source	properties	200	fixture-tika-06	fixture-tika-06,fixture-tika-07	2	88f6182281df14e6b0b855b5dde4dd3044f375804b3633c972ce4d3e08b43ba6	success	0	147	805c8c7334c868e18e2be84be95b83cc60895722d739c2b164a68be4cd410c49	24709			request-selected-source	2	2	fixture-tika-06,fixture-tika-07	2	0	0	2	0	2	0	0	0	1	0
graph-id-in-literal-wrapped-contains-k02-group-11-targeted	graph-id-set	graph-id-in-literal-wrapped-contains	targeted	graph-id-in-literal-and-wrapped-contains	graph-routing-set	properties	200	fixture-tika-06	fixture-tika-06,fixture-tika-07	2	88f6182281df14e6b0b855b5dde4dd3044f375804b3633c972ce4d3e08b43ba6	success	11	6331	43d88524d9da26840d520d8260a6801a2d864c2023e9806c3df4a5e673a5fd66	218000		fixture-tika-06	cypher-graph-id-predicate	64	2	fixture-tika-06,fixture-tika-07	2	0	0	2	0	742	1	1	62	1	0
graph-id-in-parameter-wrapped-contains-k02-group-11-targeted	graph-id-set	graph-id-in-parameter-wrapped-contains	targeted	graph-id-in-parameter-and-wrapped-contains	parameters	properties	200	fixture-tika-06	fixture-tika-06,fixture-tika-07	2	88f6182281df14e6b0b855b5dde4dd3044f375804b3633c972ce4d3e08b43ba6	success	11	6331	43d88524d9da26840d520d8260a6801a2d864c2023e9806c3df4a5e673a5fd66	26166		fixture-tika-06	cypher-graph-id-predicate	64	2	fixture-tika-06,fixture-tika-07	2	0	0	2	0	12	1	1	62	1	0
request-selected-set-wrapped-contains-k02-group-11-targeted	graph-set-reference	request-selected-set-wrapped-contains	targeted	request-graph-set-selection-and-wrapped-contains	request-selected-source	properties	200	fixture-tika-06	fixture-tika-06,fixture-tika-07	2	88f6182281df14e6b0b855b5dde4dd3044f375804b3633c972ce4d3e08b43ba6	success	11	6331	43d88524d9da26840d520d8260a6801a2d864c2023e9806c3df4a5e673a5fd66	23458		fixture-tika-06	request-selected-source	2	2	fixture-tika-06,fixture-tika-07	2	0	0	2	0	12	0	0	0	1	0
graph-id-in-literal-wrapped-contains-k02-group-11-dense	graph-id-set	graph-id-in-literal-wrapped-contains	dense	graph-id-in-literal-and-wrapped-contains	graph-routing-set	properties	200	fixture-tika-06	fixture-tika-06,fixture-tika-07	2	88f6182281df14e6b0b855b5dde4dd3044f375804b3633c972ce4d3e08b43ba6	success	200	98397	b1cc908cf8cd6a2354b320afca9ad225990c59be93a53ddc3912afb3b0d46d7b	733208		fixture-tika-06	cypher-graph-id-predicate	64	1	fixture-tika-06	1	0	0	1	0	11649	1	1	62	1	0
graph-id-in-parameter-wrapped-contains-k02-group-11-dense	graph-id-set	graph-id-in-parameter-wrapped-contains	dense	graph-id-in-parameter-and-wrapped-contains	parameters	properties	200	fixture-tika-06	fixture-tika-06,fixture-tika-07	2	88f6182281df14e6b0b855b5dde4dd3044f375804b3633c972ce4d3e08b43ba6	success	200	98397	b1cc908cf8cd6a2354b320afca9ad225990c59be93a53ddc3912afb3b0d46d7b	40625		fixture-tika-06	cypher-graph-id-predicate	64	1	fixture-tika-06	1	0	0	1	0	200	1	1	62	1	0
request-selected-set-wrapped-contains-k02-group-11-dense	graph-set-reference	request-selected-set-wrapped-contains	dense	request-graph-set-selection-and-wrapped-contains	request-selected-source	properties	200	fixture-tika-06	fixture-tika-06,fixture-tika-07	2	88f6182281df14e6b0b855b5dde4dd3044f375804b3633c972ce4d3e08b43ba6	success	200	98397	b1cc908cf8cd6a2354b320afca9ad225990c59be93a53ddc3912afb3b0d46d7b	36125		fixture-tika-06	request-selected-source	2	1	fixture-tika-06	1	0	0	1	0	200	0	0	0	1	0
graph-id-in-literal-wrapped-contains-k02-group-12-zero	graph-id-set	graph-id-in-literal-wrapped-contains	zero	graph-id-in-literal-and-wrapped-contains	graph-routing-set	properties	200	fixture-tika-08	fixture-tika-08,fixture-tika-09	2	3c4fe65bc14eb1937d189a248b52326721309f2001ec6e35ad622817cf54c66a	success	0	147	805c8c7334c868e18e2be84be95b83cc60895722d739c2b164a68be4cd410c49	39542			cypher-graph-id-predicate	64	2	fixture-tika-08,fixture-tika-09	2	0	0	2	0	4	1	1	62	1	0
graph-id-in-parameter-wrapped-contains-k02-group-12-zero	graph-id-set	graph-id-in-parameter-wrapped-contains	zero	graph-id-in-parameter-and-wrapped-contains	parameters	properties	200	fixture-tika-08	fixture-tika-08,fixture-tika-09	2	3c4fe65bc14eb1937d189a248b52326721309f2001ec6e35ad622817cf54c66a	success	0	147	805c8c7334c868e18e2be84be95b83cc60895722d739c2b164a68be4cd410c49	25875			cypher-graph-id-predicate	64	2	fixture-tika-08,fixture-tika-09	2	0	0	2	0	2	1	1	62	1	0
request-selected-set-wrapped-contains-k02-group-12-zero	graph-set-reference	request-selected-set-wrapped-contains	zero	request-graph-set-selection-and-wrapped-contains	request-selected-source	properties	200	fixture-tika-08	fixture-tika-08,fixture-tika-09	2	3c4fe65bc14eb1937d189a248b52326721309f2001ec6e35ad622817cf54c66a	success	0	147	805c8c7334c868e18e2be84be95b83cc60895722d739c2b164a68be4cd410c49	21459			request-selected-source	2	2	fixture-tika-08,fixture-tika-09	2	0	0	2	0	2	0	0	0	1	0
graph-id-in-literal-wrapped-contains-k02-group-12-targeted	graph-id-set	graph-id-in-literal-wrapped-contains	targeted	graph-id-in-literal-and-wrapped-contains	graph-routing-set	properties	200	fixture-tika-08	fixture-tika-08,fixture-tika-09	2	3c4fe65bc14eb1937d189a248b52326721309f2001ec6e35ad622817cf54c66a	success	1	754	033650595463ffba6f1f515fc8a38ba023fdd37a0e2442442be40f2d8baee0b4	201416		fixture-tika-08	cypher-graph-id-predicate	64	2	fixture-tika-08,fixture-tika-09	2	0	0	2	0	727	1	1	62	1	0
graph-id-in-parameter-wrapped-contains-k02-group-12-targeted	graph-id-set	graph-id-in-parameter-wrapped-contains	targeted	graph-id-in-parameter-and-wrapped-contains	parameters	properties	200	fixture-tika-08	fixture-tika-08,fixture-tika-09	2	3c4fe65bc14eb1937d189a248b52326721309f2001ec6e35ad622817cf54c66a	success	1	754	033650595463ffba6f1f515fc8a38ba023fdd37a0e2442442be40f2d8baee0b4	25375		fixture-tika-08	cypher-graph-id-predicate	64	2	fixture-tika-08,fixture-tika-09	2	0	0	2	0	2	1	1	62	1	0
request-selected-set-wrapped-contains-k02-group-12-targeted	graph-set-reference	request-selected-set-wrapped-contains	targeted	request-graph-set-selection-and-wrapped-contains	request-selected-source	properties	200	fixture-tika-08	fixture-tika-08,fixture-tika-09	2	3c4fe65bc14eb1937d189a248b52326721309f2001ec6e35ad622817cf54c66a	success	1	754	033650595463ffba6f1f515fc8a38ba023fdd37a0e2442442be40f2d8baee0b4	23500		fixture-tika-08	request-selected-source	2	2	fixture-tika-08,fixture-tika-09	2	0	0	2	0	2	0	0	0	1	0
graph-id-in-literal-wrapped-contains-k02-group-12-dense	graph-id-set	graph-id-in-literal-wrapped-contains	dense	graph-id-in-literal-and-wrapped-contains	graph-routing-set	properties	200	fixture-tika-08	fixture-tika-08,fixture-tika-09	2	3c4fe65bc14eb1937d189a248b52326721309f2001ec6e35ad622817cf54c66a	success	200	96144	13cc3d04be15c5d98101b6676211e0260c08571becd6cbc7be1dcfad1b7efce8	844625		fixture-tika-08	cypher-graph-id-predicate	64	1	fixture-tika-08	1	0	0	1	0	13300	1	1	62	1	0
graph-id-in-parameter-wrapped-contains-k02-group-12-dense	graph-id-set	graph-id-in-parameter-wrapped-contains	dense	graph-id-in-parameter-and-wrapped-contains	parameters	properties	200	fixture-tika-08	fixture-tika-08,fixture-tika-09	2	3c4fe65bc14eb1937d189a248b52326721309f2001ec6e35ad622817cf54c66a	success	200	96144	13cc3d04be15c5d98101b6676211e0260c08571becd6cbc7be1dcfad1b7efce8	41958		fixture-tika-08	cypher-graph-id-predicate	64	1	fixture-tika-08	1	0	0	1	0	200	1	1	62	1	0
request-selected-set-wrapped-contains-k02-group-12-dense	graph-set-reference	request-selected-set-wrapped-contains	dense	request-graph-set-selection-and-wrapped-contains	request-selected-source	properties	200	fixture-tika-08	fixture-tika-08,fixture-tika-09	2	3c4fe65bc14eb1937d189a248b52326721309f2001ec6e35ad622817cf54c66a	success	200	96144	13cc3d04be15c5d98101b6676211e0260c08571becd6cbc7be1dcfad1b7efce8	40125		fixture-tika-08	request-selected-source	2	1	fixture-tika-08	1	0	0	1	0	200	0	0	0	1	0
graph-id-in-literal-wrapped-contains-k02-group-13-zero	graph-id-set	graph-id-in-literal-wrapped-contains	zero	graph-id-in-literal-and-wrapped-contains	graph-routing-set	properties	200	fixture-tika-10	fixture-tika-10,fixture-tika-11	2	0526cfacee057116a16a7ad29d96c8d047d97847720c0657c7391b944df05e2d	success	0	147	805c8c7334c868e18e2be84be95b83cc60895722d739c2b164a68be4cd410c49	41792			cypher-graph-id-predicate	64	2	fixture-tika-10,fixture-tika-11	2	0	0	2	0	4	1	1	62	1	0
graph-id-in-parameter-wrapped-contains-k02-group-13-zero	graph-id-set	graph-id-in-parameter-wrapped-contains	zero	graph-id-in-parameter-and-wrapped-contains	parameters	properties	200	fixture-tika-10	fixture-tika-10,fixture-tika-11	2	0526cfacee057116a16a7ad29d96c8d047d97847720c0657c7391b944df05e2d	success	0	147	805c8c7334c868e18e2be84be95b83cc60895722d739c2b164a68be4cd410c49	31167			cypher-graph-id-predicate	64	2	fixture-tika-10,fixture-tika-11	2	0	0	2	0	2	1	1	62	1	0
request-selected-set-wrapped-contains-k02-group-13-zero	graph-set-reference	request-selected-set-wrapped-contains	zero	request-graph-set-selection-and-wrapped-contains	request-selected-source	properties	200	fixture-tika-10	fixture-tika-10,fixture-tika-11	2	0526cfacee057116a16a7ad29d96c8d047d97847720c0657c7391b944df05e2d	success	0	147	805c8c7334c868e18e2be84be95b83cc60895722d739c2b164a68be4cd410c49	25541			request-selected-source	2	2	fixture-tika-10,fixture-tika-11	2	0	0	2	0	2	0	0	0	1	0
graph-id-in-literal-wrapped-contains-k02-group-13-targeted	graph-id-set	graph-id-in-literal-wrapped-contains	targeted	graph-id-in-literal-and-wrapped-contains	graph-routing-set	properties	200	fixture-tika-10	fixture-tika-10,fixture-tika-11	2	0526cfacee057116a16a7ad29d96c8d047d97847720c0657c7391b944df05e2d	success	1	791	550bd45f802381cb65ea30928a856fc0c2bc207cbfc2a147aad4312130548c9a	146875		fixture-tika-10	cypher-graph-id-predicate	64	2	fixture-tika-10,fixture-tika-11	2	0	0	2	0	508	1	1	62	1	0
graph-id-in-parameter-wrapped-contains-k02-group-13-targeted	graph-id-set	graph-id-in-parameter-wrapped-contains	targeted	graph-id-in-parameter-and-wrapped-contains	parameters	properties	200	fixture-tika-10	fixture-tika-10,fixture-tika-11	2	0526cfacee057116a16a7ad29d96c8d047d97847720c0657c7391b944df05e2d	success	1	791	550bd45f802381cb65ea30928a856fc0c2bc207cbfc2a147aad4312130548c9a	29125		fixture-tika-10	cypher-graph-id-predicate	64	2	fixture-tika-10,fixture-tika-11	2	0	0	2	0	2	1	1	62	1	0
request-selected-set-wrapped-contains-k02-group-13-targeted	graph-set-reference	request-selected-set-wrapped-contains	targeted	request-graph-set-selection-and-wrapped-contains	request-selected-source	properties	200	fixture-tika-10	fixture-tika-10,fixture-tika-11	2	0526cfacee057116a16a7ad29d96c8d047d97847720c0657c7391b944df05e2d	success	1	791	550bd45f802381cb65ea30928a856fc0c2bc207cbfc2a147aad4312130548c9a	21667		fixture-tika-10	request-selected-source	2	2	fixture-tika-10,fixture-tika-11	2	0	0	2	0	2	0	0	0	1	0
graph-id-in-literal-wrapped-contains-k02-group-13-dense	graph-id-set	graph-id-in-literal-wrapped-contains	dense	graph-id-in-literal-and-wrapped-contains	graph-routing-set	properties	200	fixture-tika-10	fixture-tika-10,fixture-tika-11	2	0526cfacee057116a16a7ad29d96c8d047d97847720c0657c7391b944df05e2d	success	200	96089	d0bdae62973cb737c05eda37d83d6fd7dea4520a7f87acdd4ed9a2fba1f97888	851250		fixture-tika-10	cypher-graph-id-predicate	64	1	fixture-tika-10	1	0	0	1	0	13760	1	1	62	1	0
graph-id-in-parameter-wrapped-contains-k02-group-13-dense	graph-id-set	graph-id-in-parameter-wrapped-contains	dense	graph-id-in-parameter-and-wrapped-contains	parameters	properties	200	fixture-tika-10	fixture-tika-10,fixture-tika-11	2	0526cfacee057116a16a7ad29d96c8d047d97847720c0657c7391b944df05e2d	success	200	96089	d0bdae62973cb737c05eda37d83d6fd7dea4520a7f87acdd4ed9a2fba1f97888	60542		fixture-tika-10	cypher-graph-id-predicate	64	1	fixture-tika-10	1	0	0	1	0	200	1	1	62	1	0
request-selected-set-wrapped-contains-k02-group-13-dense	graph-set-reference	request-selected-set-wrapped-contains	dense	request-graph-set-selection-and-wrapped-contains	request-selected-source	properties	200	fixture-tika-10	fixture-tika-10,fixture-tika-11	2	0526cfacee057116a16a7ad29d96c8d047d97847720c0657c7391b944df05e2d	success	200	96089	d0bdae62973cb737c05eda37d83d6fd7dea4520a7f87acdd4ed9a2fba1f97888	37417		fixture-tika-10	request-selected-source	2	1	fixture-tika-10	1	0	0	1	0	200	0	0	0	1	0
graph-id-in-literal-wrapped-contains-k02-group-14-zero	graph-id-set	graph-id-in-literal-wrapped-contains	zero	graph-id-in-literal-and-wrapped-contains	graph-routing-set	properties	200	fixture-tika-12	fixture-tika-12,fixture-tika-13	2	7e4325da346bf50d66313a73dc0a884bc6af8412dad5468ea789b15a6b8231c8	success	0	147	805c8c7334c868e18e2be84be95b83cc60895722d739c2b164a68be4cd410c49	45709			cypher-graph-id-predicate	64	2	fixture-tika-12,fixture-tika-13	2	0	0	2	0	6	1	1	62	1	0
graph-id-in-parameter-wrapped-contains-k02-group-14-zero	graph-id-set	graph-id-in-parameter-wrapped-contains	zero	graph-id-in-parameter-and-wrapped-contains	parameters	properties	200	fixture-tika-12	fixture-tika-12,fixture-tika-13	2	7e4325da346bf50d66313a73dc0a884bc6af8412dad5468ea789b15a6b8231c8	success	0	147	805c8c7334c868e18e2be84be95b83cc60895722d739c2b164a68be4cd410c49	25334			cypher-graph-id-predicate	64	2	fixture-tika-12,fixture-tika-13	2	0	0	2	0	2	1	1	62	1	0
request-selected-set-wrapped-contains-k02-group-14-zero	graph-set-reference	request-selected-set-wrapped-contains	zero	request-graph-set-selection-and-wrapped-contains	request-selected-source	properties	200	fixture-tika-12	fixture-tika-12,fixture-tika-13	2	7e4325da346bf50d66313a73dc0a884bc6af8412dad5468ea789b15a6b8231c8	success	0	147	805c8c7334c868e18e2be84be95b83cc60895722d739c2b164a68be4cd410c49	20958			request-selected-source	2	2	fixture-tika-12,fixture-tika-13	2	0	0	2	0	2	0	0	0	1	0
graph-id-in-literal-wrapped-contains-k02-group-14-targeted	graph-id-set	graph-id-in-literal-wrapped-contains	targeted	graph-id-in-literal-and-wrapped-contains	graph-routing-set	properties	200	fixture-tika-12	fixture-tika-12,fixture-tika-13	2	7e4325da346bf50d66313a73dc0a884bc6af8412dad5468ea789b15a6b8231c8	success	12	6370	8871e0dc77f7df7110f742adaac439b8d2f4e912a3a21e1793fda026e0955f9b	192667		fixture-tika-12	cypher-graph-id-predicate	64	2	fixture-tika-12,fixture-tika-13	2	0	0	2	0	568	1	1	62	1	0
graph-id-in-parameter-wrapped-contains-k02-group-14-targeted	graph-id-set	graph-id-in-parameter-wrapped-contains	targeted	graph-id-in-parameter-and-wrapped-contains	parameters	properties	200	fixture-tika-12	fixture-tika-12,fixture-tika-13	2	7e4325da346bf50d66313a73dc0a884bc6af8412dad5468ea789b15a6b8231c8	success	12	6370	8871e0dc77f7df7110f742adaac439b8d2f4e912a3a21e1793fda026e0955f9b	29250		fixture-tika-12	cypher-graph-id-predicate	64	2	fixture-tika-12,fixture-tika-13	2	0	0	2	0	13	1	1	62	1	0
request-selected-set-wrapped-contains-k02-group-14-targeted	graph-set-reference	request-selected-set-wrapped-contains	targeted	request-graph-set-selection-and-wrapped-contains	request-selected-source	properties	200	fixture-tika-12	fixture-tika-12,fixture-tika-13	2	7e4325da346bf50d66313a73dc0a884bc6af8412dad5468ea789b15a6b8231c8	success	12	6370	8871e0dc77f7df7110f742adaac439b8d2f4e912a3a21e1793fda026e0955f9b	28583		fixture-tika-12	request-selected-source	2	2	fixture-tika-12,fixture-tika-13	2	0	0	2	0	13	0	0	0	1	0
graph-id-in-literal-wrapped-contains-k02-group-14-dense	graph-id-set	graph-id-in-literal-wrapped-contains	dense	graph-id-in-literal-and-wrapped-contains	graph-routing-set	properties	200	fixture-tika-12	fixture-tika-12,fixture-tika-13	2	7e4325da346bf50d66313a73dc0a884bc6af8412dad5468ea789b15a6b8231c8	success	200	101142	3ec255435f1804ca883e61ce69218b0c9b6812e5f4d6241be813f3a04980ff78	763500		fixture-tika-12	cypher-graph-id-predicate	64	1	fixture-tika-12	1	0	0	1	0	12087	1	1	62	1	0
graph-id-in-parameter-wrapped-contains-k02-group-14-dense	graph-id-set	graph-id-in-parameter-wrapped-contains	dense	graph-id-in-parameter-and-wrapped-contains	parameters	properties	200	fixture-tika-12	fixture-tika-12,fixture-tika-13	2	7e4325da346bf50d66313a73dc0a884bc6af8412dad5468ea789b15a6b8231c8	success	200	101142	3ec255435f1804ca883e61ce69218b0c9b6812e5f4d6241be813f3a04980ff78	39250		fixture-tika-12	cypher-graph-id-predicate	64	1	fixture-tika-12	1	0	0	1	0	200	1	1	62	1	0
request-selected-set-wrapped-contains-k02-group-14-dense	graph-set-reference	request-selected-set-wrapped-contains	dense	request-graph-set-selection-and-wrapped-contains	request-selected-source	properties	200	fixture-tika-12	fixture-tika-12,fixture-tika-13	2	7e4325da346bf50d66313a73dc0a884bc6af8412dad5468ea789b15a6b8231c8	success	200	101142	3ec255435f1804ca883e61ce69218b0c9b6812e5f4d6241be813f3a04980ff78	37041		fixture-tika-12	request-selected-source	2	1	fixture-tika-12	1	0	0	1	0	200	0	0	0	1	0
graph-id-in-literal-wrapped-contains-k02-group-15-zero	graph-id-set	graph-id-in-literal-wrapped-contains	zero	graph-id-in-literal-and-wrapped-contains	graph-routing-set	properties	200	fixture-tika-14	fixture-tika-14,fixture-tika-15	2	ff1c574984d7f5cb982a7847808ebb0e754bcffae09b4865ea65cc857bde09f8	success	0	147	805c8c7334c868e18e2be84be95b83cc60895722d739c2b164a68be4cd410c49	45459			cypher-graph-id-predicate	64	2	fixture-tika-14,fixture-tika-15	2	0	0	2	0	4	1	1	62	1	0
graph-id-in-parameter-wrapped-contains-k02-group-15-zero	graph-id-set	graph-id-in-parameter-wrapped-contains	zero	graph-id-in-parameter-and-wrapped-contains	parameters	properties	200	fixture-tika-14	fixture-tika-14,fixture-tika-15	2	ff1c574984d7f5cb982a7847808ebb0e754bcffae09b4865ea65cc857bde09f8	success	0	147	805c8c7334c868e18e2be84be95b83cc60895722d739c2b164a68be4cd410c49	25250			cypher-graph-id-predicate	64	2	fixture-tika-14,fixture-tika-15	2	0	0	2	0	2	1	1	62	1	0
request-selected-set-wrapped-contains-k02-group-15-zero	graph-set-reference	request-selected-set-wrapped-contains	zero	request-graph-set-selection-and-wrapped-contains	request-selected-source	properties	200	fixture-tika-14	fixture-tika-14,fixture-tika-15	2	ff1c574984d7f5cb982a7847808ebb0e754bcffae09b4865ea65cc857bde09f8	success	0	147	805c8c7334c868e18e2be84be95b83cc60895722d739c2b164a68be4cd410c49	21667			request-selected-source	2	2	fixture-tika-14,fixture-tika-15	2	0	0	2	0	2	0	0	0	1	0
graph-id-in-literal-wrapped-contains-k02-group-15-targeted	graph-id-set	graph-id-in-literal-wrapped-contains	targeted	graph-id-in-literal-and-wrapped-contains	graph-routing-set	properties	200	fixture-tika-14	fixture-tika-14,fixture-tika-15	2	ff1c574984d7f5cb982a7847808ebb0e754bcffae09b4865ea65cc857bde09f8	success	10	5866	c85815e1257e7d89a547803b839a8fa3d5c32a25ad93fc4df95c67dd0df38386	217000		fixture-tika-14	cypher-graph-id-predicate	64	2	fixture-tika-14,fixture-tika-15	2	0	0	2	0	721	1	1	62	1	0
graph-id-in-parameter-wrapped-contains-k02-group-15-targeted	graph-id-set	graph-id-in-parameter-wrapped-contains	targeted	graph-id-in-parameter-and-wrapped-contains	parameters	properties	200	fixture-tika-14	fixture-tika-14,fixture-tika-15	2	ff1c574984d7f5cb982a7847808ebb0e754bcffae09b4865ea65cc857bde09f8	success	10	5866	c85815e1257e7d89a547803b839a8fa3d5c32a25ad93fc4df95c67dd0df38386	38375		fixture-tika-14	cypher-graph-id-predicate	64	2	fixture-tika-14,fixture-tika-15	2	0	0	2	0	11	1	1	62	1	0
request-selected-set-wrapped-contains-k02-group-15-targeted	graph-set-reference	request-selected-set-wrapped-contains	targeted	request-graph-set-selection-and-wrapped-contains	request-selected-source	properties	200	fixture-tika-14	fixture-tika-14,fixture-tika-15	2	ff1c574984d7f5cb982a7847808ebb0e754bcffae09b4865ea65cc857bde09f8	success	10	5866	c85815e1257e7d89a547803b839a8fa3d5c32a25ad93fc4df95c67dd0df38386	24000		fixture-tika-14	request-selected-source	2	2	fixture-tika-14,fixture-tika-15	2	0	0	2	0	11	0	0	0	1	0
graph-id-in-literal-wrapped-contains-k02-group-15-dense	graph-id-set	graph-id-in-literal-wrapped-contains	dense	graph-id-in-literal-and-wrapped-contains	graph-routing-set	properties	200	fixture-tika-14	fixture-tika-14,fixture-tika-15	2	ff1c574984d7f5cb982a7847808ebb0e754bcffae09b4865ea65cc857bde09f8	success	200	95471	766b9ef7e8ecf0adce38af75461cc8c431950c6a78cf29871668bb82bbc59681	801500		fixture-tika-14	cypher-graph-id-predicate	64	1	fixture-tika-14	1	0	0	1	0	12857	1	1	62	1	0
graph-id-in-parameter-wrapped-contains-k02-group-15-dense	graph-id-set	graph-id-in-parameter-wrapped-contains	dense	graph-id-in-parameter-and-wrapped-contains	parameters	properties	200	fixture-tika-14	fixture-tika-14,fixture-tika-15	2	ff1c574984d7f5cb982a7847808ebb0e754bcffae09b4865ea65cc857bde09f8	success	200	95471	766b9ef7e8ecf0adce38af75461cc8c431950c6a78cf29871668bb82bbc59681	40958		fixture-tika-14	cypher-graph-id-predicate	64	1	fixture-tika-14	1	0	0	1	0	200	1	1	62	1	0
request-selected-set-wrapped-contains-k02-group-15-dense	graph-set-reference	request-selected-set-wrapped-contains	dense	request-graph-set-selection-and-wrapped-contains	request-selected-source	properties	200	fixture-tika-14	fixture-tika-14,fixture-tika-15	2	ff1c574984d7f5cb982a7847808ebb0e754bcffae09b4865ea65cc857bde09f8	success	200	95471	766b9ef7e8ecf0adce38af75461cc8c431950c6a78cf29871668bb82bbc59681	33209		fixture-tika-14	request-selected-source	2	1	fixture-tika-14	1	0	0	1	0	200	0	0	0	1	0
graph-id-in-literal-wrapped-contains-k02-group-16-zero	graph-id-set	graph-id-in-literal-wrapped-contains	zero	graph-id-in-literal-and-wrapped-contains	graph-routing-set	properties	200	fixture-hive-00	fixture-hive-00,fixture-hive-01	2	abf7df661332aac0b7f397aa323cf0332248ba918e275776d5c53f638ffe4a81	success	0	147	805c8c7334c868e18e2be84be95b83cc60895722d739c2b164a68be4cd410c49	44958			cypher-graph-id-predicate	64	2	fixture-hive-00,fixture-hive-01	2	0	0	2	0	4	1	1	62	1	0
graph-id-in-parameter-wrapped-contains-k02-group-16-zero	graph-id-set	graph-id-in-parameter-wrapped-contains	zero	graph-id-in-parameter-and-wrapped-contains	parameters	properties	200	fixture-hive-00	fixture-hive-00,fixture-hive-01	2	abf7df661332aac0b7f397aa323cf0332248ba918e275776d5c53f638ffe4a81	success	0	147	805c8c7334c868e18e2be84be95b83cc60895722d739c2b164a68be4cd410c49	26708			cypher-graph-id-predicate	64	2	fixture-hive-00,fixture-hive-01	2	0	0	2	0	2	1	1	62	1	0
request-selected-set-wrapped-contains-k02-group-16-zero	graph-set-reference	request-selected-set-wrapped-contains	zero	request-graph-set-selection-and-wrapped-contains	request-selected-source	properties	200	fixture-hive-00	fixture-hive-00,fixture-hive-01	2	abf7df661332aac0b7f397aa323cf0332248ba918e275776d5c53f638ffe4a81	success	0	147	805c8c7334c868e18e2be84be95b83cc60895722d739c2b164a68be4cd410c49	22083			request-selected-source	2	2	fixture-hive-00,fixture-hive-01	2	0	0	2	0	2	0	0	0	1	0
graph-id-in-literal-wrapped-contains-k02-group-16-targeted	graph-id-set	graph-id-in-literal-wrapped-contains	targeted	graph-id-in-literal-and-wrapped-contains	graph-routing-set	properties	200	fixture-hive-00	fixture-hive-00,fixture-hive-01	2	abf7df661332aac0b7f397aa323cf0332248ba918e275776d5c53f638ffe4a81	success	4	2862	72e96499d86d64ae9da267f3b15791817d4250f06a8dfea9d09edd8c3c23a440	236833		fixture-hive-00	cypher-graph-id-predicate	64	2	fixture-hive-00,fixture-hive-01	2	0	0	2	0	733	1	1	62	1	0
graph-id-in-parameter-wrapped-contains-k02-group-16-targeted	graph-id-set	graph-id-in-parameter-wrapped-contains	targeted	graph-id-in-parameter-and-wrapped-contains	parameters	properties	200	fixture-hive-00	fixture-hive-00,fixture-hive-01	2	abf7df661332aac0b7f397aa323cf0332248ba918e275776d5c53f638ffe4a81	success	4	2862	72e96499d86d64ae9da267f3b15791817d4250f06a8dfea9d09edd8c3c23a440	27500		fixture-hive-00	cypher-graph-id-predicate	64	2	fixture-hive-00,fixture-hive-01	2	0	0	2	0	5	1	1	62	1	0
request-selected-set-wrapped-contains-k02-group-16-targeted	graph-set-reference	request-selected-set-wrapped-contains	targeted	request-graph-set-selection-and-wrapped-contains	request-selected-source	properties	200	fixture-hive-00	fixture-hive-00,fixture-hive-01	2	abf7df661332aac0b7f397aa323cf0332248ba918e275776d5c53f638ffe4a81	success	4	2862	72e96499d86d64ae9da267f3b15791817d4250f06a8dfea9d09edd8c3c23a440	23708		fixture-hive-00	request-selected-source	2	2	fixture-hive-00,fixture-hive-01	2	0	0	2	0	5	0	0	0	1	0
graph-id-in-literal-wrapped-contains-k02-group-16-dense	graph-id-set	graph-id-in-literal-wrapped-contains	dense	graph-id-in-literal-and-wrapped-contains	graph-routing-set	properties	200	fixture-hive-00	fixture-hive-00,fixture-hive-01	2	abf7df661332aac0b7f397aa323cf0332248ba918e275776d5c53f638ffe4a81	success	200	92864	0ad6a5ae10cb27d8dd28af205e0df8ebd79b3e1ca0079c8c876100ee108fc38d	1068041		fixture-hive-00	cypher-graph-id-predicate	64	1	fixture-hive-00	1	0	0	1	0	16392	1	1	62	1	0
graph-id-in-parameter-wrapped-contains-k02-group-16-dense	graph-id-set	graph-id-in-parameter-wrapped-contains	dense	graph-id-in-parameter-and-wrapped-contains	parameters	properties	200	fixture-hive-00	fixture-hive-00,fixture-hive-01	2	abf7df661332aac0b7f397aa323cf0332248ba918e275776d5c53f638ffe4a81	success	200	92864	0ad6a5ae10cb27d8dd28af205e0df8ebd79b3e1ca0079c8c876100ee108fc38d	42542		fixture-hive-00	cypher-graph-id-predicate	64	1	fixture-hive-00	1	0	0	1	0	200	1	1	62	1	0
request-selected-set-wrapped-contains-k02-group-16-dense	graph-set-reference	request-selected-set-wrapped-contains	dense	request-graph-set-selection-and-wrapped-contains	request-selected-source	properties	200	fixture-hive-00	fixture-hive-00,fixture-hive-01	2	abf7df661332aac0b7f397aa323cf0332248ba918e275776d5c53f638ffe4a81	success	200	92864	0ad6a5ae10cb27d8dd28af205e0df8ebd79b3e1ca0079c8c876100ee108fc38d	35834		fixture-hive-00	request-selected-source	2	1	fixture-hive-00	1	0	0	1	0	200	0	0	0	1	0
graph-id-in-literal-wrapped-contains-k02-group-17-zero	graph-id-set	graph-id-in-literal-wrapped-contains	zero	graph-id-in-literal-and-wrapped-contains	graph-routing-set	properties	200	fixture-hive-02	fixture-hive-02,fixture-hive-03	2	186cc0634154d673c1ee10ca7ac2ad0225d4c836a71b3b566f2c4bdfd0423900	success	0	147	805c8c7334c868e18e2be84be95b83cc60895722d739c2b164a68be4cd410c49	41042			cypher-graph-id-predicate	64	2	fixture-hive-02,fixture-hive-03	2	0	0	2	0	4	1	1	62	1	0
graph-id-in-parameter-wrapped-contains-k02-group-17-zero	graph-id-set	graph-id-in-parameter-wrapped-contains	zero	graph-id-in-parameter-and-wrapped-contains	parameters	properties	200	fixture-hive-02	fixture-hive-02,fixture-hive-03	2	186cc0634154d673c1ee10ca7ac2ad0225d4c836a71b3b566f2c4bdfd0423900	success	0	147	805c8c7334c868e18e2be84be95b83cc60895722d739c2b164a68be4cd410c49	28333			cypher-graph-id-predicate	64	2	fixture-hive-02,fixture-hive-03	2	0	0	2	0	2	1	1	62	1	0
request-selected-set-wrapped-contains-k02-group-17-zero	graph-set-reference	request-selected-set-wrapped-contains	zero	request-graph-set-selection-and-wrapped-contains	request-selected-source	properties	200	fixture-hive-02	fixture-hive-02,fixture-hive-03	2	186cc0634154d673c1ee10ca7ac2ad0225d4c836a71b3b566f2c4bdfd0423900	success	0	147	805c8c7334c868e18e2be84be95b83cc60895722d739c2b164a68be4cd410c49	22167			request-selected-source	2	2	fixture-hive-02,fixture-hive-03	2	0	0	2	0	2	0	0	0	1	0
graph-id-in-literal-wrapped-contains-k02-group-17-targeted	graph-id-set	graph-id-in-literal-wrapped-contains	targeted	graph-id-in-literal-and-wrapped-contains	graph-routing-set	properties	200	fixture-hive-02	fixture-hive-02,fixture-hive-03	2	186cc0634154d673c1ee10ca7ac2ad0225d4c836a71b3b566f2c4bdfd0423900	success	4	2883	e83a01bd4b4e8f51ba0c51a53e73f87ec8dd6170bd60b37ef57b4eb9aba8bcc7	238958		fixture-hive-02	cypher-graph-id-predicate	64	2	fixture-hive-02,fixture-hive-03	2	0	0	2	0	760	1	1	62	1	0
graph-id-in-parameter-wrapped-contains-k02-group-17-targeted	graph-id-set	graph-id-in-parameter-wrapped-contains	targeted	graph-id-in-parameter-and-wrapped-contains	parameters	properties	200	fixture-hive-02	fixture-hive-02,fixture-hive-03	2	186cc0634154d673c1ee10ca7ac2ad0225d4c836a71b3b566f2c4bdfd0423900	success	4	2883	e83a01bd4b4e8f51ba0c51a53e73f87ec8dd6170bd60b37ef57b4eb9aba8bcc7	35917		fixture-hive-02	cypher-graph-id-predicate	64	2	fixture-hive-02,fixture-hive-03	2	0	0	2	0	5	1	1	62	1	0
request-selected-set-wrapped-contains-k02-group-17-targeted	graph-set-reference	request-selected-set-wrapped-contains	targeted	request-graph-set-selection-and-wrapped-contains	request-selected-source	properties	200	fixture-hive-02	fixture-hive-02,fixture-hive-03	2	186cc0634154d673c1ee10ca7ac2ad0225d4c836a71b3b566f2c4bdfd0423900	success	4	2883	e83a01bd4b4e8f51ba0c51a53e73f87ec8dd6170bd60b37ef57b4eb9aba8bcc7	25583		fixture-hive-02	request-selected-source	2	2	fixture-hive-02,fixture-hive-03	2	0	0	2	0	5	0	0	0	1	0
graph-id-in-literal-wrapped-contains-k02-group-17-dense	graph-id-set	graph-id-in-literal-wrapped-contains	dense	graph-id-in-literal-and-wrapped-contains	graph-routing-set	properties	200	fixture-hive-02	fixture-hive-02,fixture-hive-03	2	186cc0634154d673c1ee10ca7ac2ad0225d4c836a71b3b566f2c4bdfd0423900	success	200	94183	b06f89a813919b2f4278637c18773fe7508c48351caa08a76cefe1f54c9b7715	1031041		fixture-hive-02	cypher-graph-id-predicate	64	1	fixture-hive-02	1	0	0	1	0	14868	1	1	62	1	0
graph-id-in-parameter-wrapped-contains-k02-group-17-dense	graph-id-set	graph-id-in-parameter-wrapped-contains	dense	graph-id-in-parameter-and-wrapped-contains	parameters	properties	200	fixture-hive-02	fixture-hive-02,fixture-hive-03	2	186cc0634154d673c1ee10ca7ac2ad0225d4c836a71b3b566f2c4bdfd0423900	success	200	94183	b06f89a813919b2f4278637c18773fe7508c48351caa08a76cefe1f54c9b7715	40542		fixture-hive-02	cypher-graph-id-predicate	64	1	fixture-hive-02	1	0	0	1	0	200	1	1	62	1	0
request-selected-set-wrapped-contains-k02-group-17-dense	graph-set-reference	request-selected-set-wrapped-contains	dense	request-graph-set-selection-and-wrapped-contains	request-selected-source	properties	200	fixture-hive-02	fixture-hive-02,fixture-hive-03	2	186cc0634154d673c1ee10ca7ac2ad0225d4c836a71b3b566f2c4bdfd0423900	success	200	94183	b06f89a813919b2f4278637c18773fe7508c48351caa08a76cefe1f54c9b7715	35917		fixture-hive-02	request-selected-source	2	1	fixture-hive-02	1	0	0	1	0	200	0	0	0	1	0
graph-id-in-literal-wrapped-contains-k02-group-18-zero	graph-id-set	graph-id-in-literal-wrapped-contains	zero	graph-id-in-literal-and-wrapped-contains	graph-routing-set	properties	200	fixture-hive-04	fixture-hive-04,fixture-hive-05	2	f41121acbf1fbaf3038c33bd3e9d0c46d75f4fff7791b6123e418412592ec20e	success	0	147	805c8c7334c868e18e2be84be95b83cc60895722d739c2b164a68be4cd410c49	45542			cypher-graph-id-predicate	64	2	fixture-hive-04,fixture-hive-05	2	0	0	2	0	4	1	1	62	1	0
graph-id-in-parameter-wrapped-contains-k02-group-18-zero	graph-id-set	graph-id-in-parameter-wrapped-contains	zero	graph-id-in-parameter-and-wrapped-contains	parameters	properties	200	fixture-hive-04	fixture-hive-04,fixture-hive-05	2	f41121acbf1fbaf3038c33bd3e9d0c46d75f4fff7791b6123e418412592ec20e	success	0	147	805c8c7334c868e18e2be84be95b83cc60895722d739c2b164a68be4cd410c49	27042			cypher-graph-id-predicate	64	2	fixture-hive-04,fixture-hive-05	2	0	0	2	0	2	1	1	62	1	0
request-selected-set-wrapped-contains-k02-group-18-zero	graph-set-reference	request-selected-set-wrapped-contains	zero	request-graph-set-selection-and-wrapped-contains	request-selected-source	properties	200	fixture-hive-04	fixture-hive-04,fixture-hive-05	2	f41121acbf1fbaf3038c33bd3e9d0c46d75f4fff7791b6123e418412592ec20e	success	0	147	805c8c7334c868e18e2be84be95b83cc60895722d739c2b164a68be4cd410c49	21333			request-selected-source	2	2	fixture-hive-04,fixture-hive-05	2	0	0	2	0	2	0	0	0	1	0
graph-id-in-literal-wrapped-contains-k02-group-18-targeted	graph-id-set	graph-id-in-literal-wrapped-contains	targeted	graph-id-in-literal-and-wrapped-contains	graph-routing-set	properties	200	fixture-hive-04	fixture-hive-04,fixture-hive-05	2	f41121acbf1fbaf3038c33bd3e9d0c46d75f4fff7791b6123e418412592ec20e	success	1	795	6f5022183da52ea8cb963f17c4b86a6270dc9bfe0ca358e5ec7d6bdf4c95879f	219292		fixture-hive-04	cypher-graph-id-predicate	64	2	fixture-hive-04,fixture-hive-05	2	0	0	2	0	760	1	1	62	1	0
graph-id-in-parameter-wrapped-contains-k02-group-18-targeted	graph-id-set	graph-id-in-parameter-wrapped-contains	targeted	graph-id-in-parameter-and-wrapped-contains	parameters	properties	200	fixture-hive-04	fixture-hive-04,fixture-hive-05	2	f41121acbf1fbaf3038c33bd3e9d0c46d75f4fff7791b6123e418412592ec20e	success	1	795	6f5022183da52ea8cb963f17c4b86a6270dc9bfe0ca358e5ec7d6bdf4c95879f	25583		fixture-hive-04	cypher-graph-id-predicate	64	2	fixture-hive-04,fixture-hive-05	2	0	0	2	0	2	1	1	62	1	0
request-selected-set-wrapped-contains-k02-group-18-targeted	graph-set-reference	request-selected-set-wrapped-contains	targeted	request-graph-set-selection-and-wrapped-contains	request-selected-source	properties	200	fixture-hive-04	fixture-hive-04,fixture-hive-05	2	f41121acbf1fbaf3038c33bd3e9d0c46d75f4fff7791b6123e418412592ec20e	success	1	795	6f5022183da52ea8cb963f17c4b86a6270dc9bfe0ca358e5ec7d6bdf4c95879f	20875		fixture-hive-04	request-selected-source	2	2	fixture-hive-04,fixture-hive-05	2	0	0	2	0	2	0	0	0	1	0
graph-id-in-literal-wrapped-contains-k02-group-18-dense	graph-id-set	graph-id-in-literal-wrapped-contains	dense	graph-id-in-literal-and-wrapped-contains	graph-routing-set	properties	200	fixture-hive-04	fixture-hive-04,fixture-hive-05	2	f41121acbf1fbaf3038c33bd3e9d0c46d75f4fff7791b6123e418412592ec20e	success	200	91716	5d2df55fe9df550bd17a462dbec1bd958f7c0d5940c160537976ecc80d5cb22f	867084		fixture-hive-04	cypher-graph-id-predicate	64	1	fixture-hive-04	1	0	0	1	0	13326	1	1	62	1	0
graph-id-in-parameter-wrapped-contains-k02-group-18-dense	graph-id-set	graph-id-in-parameter-wrapped-contains	dense	graph-id-in-parameter-and-wrapped-contains	parameters	properties	200	fixture-hive-04	fixture-hive-04,fixture-hive-05	2	f41121acbf1fbaf3038c33bd3e9d0c46d75f4fff7791b6123e418412592ec20e	success	200	91716	5d2df55fe9df550bd17a462dbec1bd958f7c0d5940c160537976ecc80d5cb22f	42041		fixture-hive-04	cypher-graph-id-predicate	64	1	fixture-hive-04	1	0	0	1	0	200	1	1	62	1	0
request-selected-set-wrapped-contains-k02-group-18-dense	graph-set-reference	request-selected-set-wrapped-contains	dense	request-graph-set-selection-and-wrapped-contains	request-selected-source	properties	200	fixture-hive-04	fixture-hive-04,fixture-hive-05	2	f41121acbf1fbaf3038c33bd3e9d0c46d75f4fff7791b6123e418412592ec20e	success	200	91716	5d2df55fe9df550bd17a462dbec1bd958f7c0d5940c160537976ecc80d5cb22f	38042		fixture-hive-04	request-selected-source	2	1	fixture-hive-04	1	0	0	1	0	200	0	0	0	1	0
graph-id-in-literal-wrapped-contains-k02-group-19-zero	graph-id-set	graph-id-in-literal-wrapped-contains	zero	graph-id-in-literal-and-wrapped-contains	graph-routing-set	properties	200	fixture-hive-06	fixture-hive-06,fixture-hive-07	2	0e195fcce31a7a5d9a769104e3dfcae5e0ad6d412a7d0ec410082e682a53bc92	success	0	147	805c8c7334c868e18e2be84be95b83cc60895722d739c2b164a68be4cd410c49	43500			cypher-graph-id-predicate	64	2	fixture-hive-06,fixture-hive-07	2	0	0	2	0	4	1	1	62	1	0
graph-id-in-parameter-wrapped-contains-k02-group-19-zero	graph-id-set	graph-id-in-parameter-wrapped-contains	zero	graph-id-in-parameter-and-wrapped-contains	parameters	properties	200	fixture-hive-06	fixture-hive-06,fixture-hive-07	2	0e195fcce31a7a5d9a769104e3dfcae5e0ad6d412a7d0ec410082e682a53bc92	success	0	147	805c8c7334c868e18e2be84be95b83cc60895722d739c2b164a68be4cd410c49	26042			cypher-graph-id-predicate	64	2	fixture-hive-06,fixture-hive-07	2	0	0	2	0	2	1	1	62	1	0
request-selected-set-wrapped-contains-k02-group-19-zero	graph-set-reference	request-selected-set-wrapped-contains	zero	request-graph-set-selection-and-wrapped-contains	request-selected-source	properties	200	fixture-hive-06	fixture-hive-06,fixture-hive-07	2	0e195fcce31a7a5d9a769104e3dfcae5e0ad6d412a7d0ec410082e682a53bc92	success	0	147	805c8c7334c868e18e2be84be95b83cc60895722d739c2b164a68be4cd410c49	20500			request-selected-source	2	2	fixture-hive-06,fixture-hive-07	2	0	0	2	0	2	0	0	0	1	0
graph-id-in-literal-wrapped-contains-k02-group-19-targeted	graph-id-set	graph-id-in-literal-wrapped-contains	targeted	graph-id-in-literal-and-wrapped-contains	graph-routing-set	properties	200	fixture-hive-06	fixture-hive-06,fixture-hive-07	2	0e195fcce31a7a5d9a769104e3dfcae5e0ad6d412a7d0ec410082e682a53bc92	success	1	801	6e224732564976ab3ad1b488a2dcb0c2a2f84050ab25d529f41b87f4de3c406c	210709		fixture-hive-06	cypher-graph-id-predicate	64	2	fixture-hive-06,fixture-hive-07	2	0	0	2	0	736	1	1	62	1	0
graph-id-in-parameter-wrapped-contains-k02-group-19-targeted	graph-id-set	graph-id-in-parameter-wrapped-contains	targeted	graph-id-in-parameter-and-wrapped-contains	parameters	properties	200	fixture-hive-06	fixture-hive-06,fixture-hive-07	2	0e195fcce31a7a5d9a769104e3dfcae5e0ad6d412a7d0ec410082e682a53bc92	success	1	801	6e224732564976ab3ad1b488a2dcb0c2a2f84050ab25d529f41b87f4de3c406c	25833		fixture-hive-06	cypher-graph-id-predicate	64	2	fixture-hive-06,fixture-hive-07	2	0	0	2	0	2	1	1	62	1	0
request-selected-set-wrapped-contains-k02-group-19-targeted	graph-set-reference	request-selected-set-wrapped-contains	targeted	request-graph-set-selection-and-wrapped-contains	request-selected-source	properties	200	fixture-hive-06	fixture-hive-06,fixture-hive-07	2	0e195fcce31a7a5d9a769104e3dfcae5e0ad6d412a7d0ec410082e682a53bc92	success	1	801	6e224732564976ab3ad1b488a2dcb0c2a2f84050ab25d529f41b87f4de3c406c	24500		fixture-hive-06	request-selected-source	2	2	fixture-hive-06,fixture-hive-07	2	0	0	2	0	2	0	0	0	1	0
graph-id-in-literal-wrapped-contains-k02-group-19-dense	graph-id-set	graph-id-in-literal-wrapped-contains	dense	graph-id-in-literal-and-wrapped-contains	graph-routing-set	properties	200	fixture-hive-06	fixture-hive-06,fixture-hive-07	2	0e195fcce31a7a5d9a769104e3dfcae5e0ad6d412a7d0ec410082e682a53bc92	success	200	92968	77adda61bf8a66745500e9e1b739302ae425b75af5d5199095bd9c0f56151e04	922000		fixture-hive-06	cypher-graph-id-predicate	64	1	fixture-hive-06	1	0	0	1	0	14074	1	1	62	1	0
graph-id-in-parameter-wrapped-contains-k02-group-19-dense	graph-id-set	graph-id-in-parameter-wrapped-contains	dense	graph-id-in-parameter-and-wrapped-contains	parameters	properties	200	fixture-hive-06	fixture-hive-06,fixture-hive-07	2	0e195fcce31a7a5d9a769104e3dfcae5e0ad6d412a7d0ec410082e682a53bc92	success	200	92968	77adda61bf8a66745500e9e1b739302ae425b75af5d5199095bd9c0f56151e04	41333		fixture-hive-06	cypher-graph-id-predicate	64	1	fixture-hive-06	1	0	0	1	0	200	1	1	62	1	0
request-selected-set-wrapped-contains-k02-group-19-dense	graph-set-reference	request-selected-set-wrapped-contains	dense	request-graph-set-selection-and-wrapped-contains	request-selected-source	properties	200	fixture-hive-06	fixture-hive-06,fixture-hive-07	2	0e195fcce31a7a5d9a769104e3dfcae5e0ad6d412a7d0ec410082e682a53bc92	success	200	92968	77adda61bf8a66745500e9e1b739302ae425b75af5d5199095bd9c0f56151e04	38209		fixture-hive-06	request-selected-source	2	1	fixture-hive-06	1	0	0	1	0	200	0	0	0	1	0
graph-id-in-literal-wrapped-contains-k02-group-20-zero	graph-id-set	graph-id-in-literal-wrapped-contains	zero	graph-id-in-literal-and-wrapped-contains	graph-routing-set	properties	200	fixture-hive-08	fixture-hive-08,fixture-hive-09	2	14fa8c483af9a14e524a47ac5609a1da648fc7c17053e8b2cd7462c591d4c7cf	success	0	147	805c8c7334c868e18e2be84be95b83cc60895722d739c2b164a68be4cd410c49	40708			cypher-graph-id-predicate	64	2	fixture-hive-08,fixture-hive-09	2	0	0	2	0	4	1	1	62	1	0
graph-id-in-parameter-wrapped-contains-k02-group-20-zero	graph-id-set	graph-id-in-parameter-wrapped-contains	zero	graph-id-in-parameter-and-wrapped-contains	parameters	properties	200	fixture-hive-08	fixture-hive-08,fixture-hive-09	2	14fa8c483af9a14e524a47ac5609a1da648fc7c17053e8b2cd7462c591d4c7cf	success	0	147	805c8c7334c868e18e2be84be95b83cc60895722d739c2b164a68be4cd410c49	27250			cypher-graph-id-predicate	64	2	fixture-hive-08,fixture-hive-09	2	0	0	2	0	2	1	1	62	1	0
request-selected-set-wrapped-contains-k02-group-20-zero	graph-set-reference	request-selected-set-wrapped-contains	zero	request-graph-set-selection-and-wrapped-contains	request-selected-source	properties	200	fixture-hive-08	fixture-hive-08,fixture-hive-09	2	14fa8c483af9a14e524a47ac5609a1da648fc7c17053e8b2cd7462c591d4c7cf	success	0	147	805c8c7334c868e18e2be84be95b83cc60895722d739c2b164a68be4cd410c49	21167			request-selected-source	2	2	fixture-hive-08,fixture-hive-09	2	0	0	2	0	2	0	0	0	1	0
graph-id-in-literal-wrapped-contains-k02-group-20-targeted	graph-id-set	graph-id-in-literal-wrapped-contains	targeted	graph-id-in-literal-and-wrapped-contains	graph-routing-set	properties	200	fixture-hive-08	fixture-hive-08,fixture-hive-09	2	14fa8c483af9a14e524a47ac5609a1da648fc7c17053e8b2cd7462c591d4c7cf	success	4	2911	6520445594f6fc1d080f2e441beea159540f21b52c555b515dbd7ba1fee2a37f	234208		fixture-hive-08	cypher-graph-id-predicate	64	2	fixture-hive-08,fixture-hive-09	2	0	0	2	0	890	1	1	62	1	0
graph-id-in-parameter-wrapped-contains-k02-group-20-targeted	graph-id-set	graph-id-in-parameter-wrapped-contains	targeted	graph-id-in-parameter-and-wrapped-contains	parameters	properties	200	fixture-hive-08	fixture-hive-08,fixture-hive-09	2	14fa8c483af9a14e524a47ac5609a1da648fc7c17053e8b2cd7462c591d4c7cf	success	4	2911	6520445594f6fc1d080f2e441beea159540f21b52c555b515dbd7ba1fee2a37f	33541		fixture-hive-08	cypher-graph-id-predicate	64	2	fixture-hive-08,fixture-hive-09	2	0	0	2	0	5	1	1	62	1	0
request-selected-set-wrapped-contains-k02-group-20-targeted	graph-set-reference	request-selected-set-wrapped-contains	targeted	request-graph-set-selection-and-wrapped-contains	request-selected-source	properties	200	fixture-hive-08	fixture-hive-08,fixture-hive-09	2	14fa8c483af9a14e524a47ac5609a1da648fc7c17053e8b2cd7462c591d4c7cf	success	4	2911	6520445594f6fc1d080f2e441beea159540f21b52c555b515dbd7ba1fee2a37f	24750		fixture-hive-08	request-selected-source	2	2	fixture-hive-08,fixture-hive-09	2	0	0	2	0	5	0	0	0	1	0
graph-id-in-literal-wrapped-contains-k02-group-20-dense	graph-id-set	graph-id-in-literal-wrapped-contains	dense	graph-id-in-literal-and-wrapped-contains	graph-routing-set	properties	200	fixture-hive-08	fixture-hive-08,fixture-hive-09	2	14fa8c483af9a14e524a47ac5609a1da648fc7c17053e8b2cd7462c591d4c7cf	success	200	95189	6547ed796970ad3186785ae6dc7d6b1328d226d1878e5144fdb98c21fcba06f9	1020000		fixture-hive-08	cypher-graph-id-predicate	64	1	fixture-hive-08	1	0	0	1	0	15256	1	1	62	1	0
graph-id-in-parameter-wrapped-contains-k02-group-20-dense	graph-id-set	graph-id-in-parameter-wrapped-contains	dense	graph-id-in-parameter-and-wrapped-contains	parameters	properties	200	fixture-hive-08	fixture-hive-08,fixture-hive-09	2	14fa8c483af9a14e524a47ac5609a1da648fc7c17053e8b2cd7462c591d4c7cf	success	200	95189	6547ed796970ad3186785ae6dc7d6b1328d226d1878e5144fdb98c21fcba06f9	52792		fixture-hive-08	cypher-graph-id-predicate	64	1	fixture-hive-08	1	0	0	1	0	200	1	1	62	1	0
request-selected-set-wrapped-contains-k02-group-20-dense	graph-set-reference	request-selected-set-wrapped-contains	dense	request-graph-set-selection-and-wrapped-contains	request-selected-source	properties	200	fixture-hive-08	fixture-hive-08,fixture-hive-09	2	14fa8c483af9a14e524a47ac5609a1da648fc7c17053e8b2cd7462c591d4c7cf	success	200	95189	6547ed796970ad3186785ae6dc7d6b1328d226d1878e5144fdb98c21fcba06f9	38292		fixture-hive-08	request-selected-source	2	1	fixture-hive-08	1	0	0	1	0	200	0	0	0	1	0
graph-id-in-literal-wrapped-contains-k02-group-21-zero	graph-id-set	graph-id-in-literal-wrapped-contains	zero	graph-id-in-literal-and-wrapped-contains	graph-routing-set	properties	200	fixture-hive-10	fixture-hive-10,fixture-hive-11	2	ee5df13e4758327832f92663d242553d12beefe11136b61c03c5ba789d0d0644	success	0	147	805c8c7334c868e18e2be84be95b83cc60895722d739c2b164a68be4cd410c49	44291			cypher-graph-id-predicate	64	2	fixture-hive-10,fixture-hive-11	2	0	0	2	0	4	1	1	62	1	0
graph-id-in-parameter-wrapped-contains-k02-group-21-zero	graph-id-set	graph-id-in-parameter-wrapped-contains	zero	graph-id-in-parameter-and-wrapped-contains	parameters	properties	200	fixture-hive-10	fixture-hive-10,fixture-hive-11	2	ee5df13e4758327832f92663d242553d12beefe11136b61c03c5ba789d0d0644	success	0	147	805c8c7334c868e18e2be84be95b83cc60895722d739c2b164a68be4cd410c49	29417			cypher-graph-id-predicate	64	2	fixture-hive-10,fixture-hive-11	2	0	0	2	0	2	1	1	62	1	0
request-selected-set-wrapped-contains-k02-group-21-zero	graph-set-reference	request-selected-set-wrapped-contains	zero	request-graph-set-selection-and-wrapped-contains	request-selected-source	properties	200	fixture-hive-10	fixture-hive-10,fixture-hive-11	2	ee5df13e4758327832f92663d242553d12beefe11136b61c03c5ba789d0d0644	success	0	147	805c8c7334c868e18e2be84be95b83cc60895722d739c2b164a68be4cd410c49	27750			request-selected-source	2	2	fixture-hive-10,fixture-hive-11	2	0	0	2	0	2	0	0	0	1	0
graph-id-in-literal-wrapped-contains-k02-group-21-targeted	graph-id-set	graph-id-in-literal-wrapped-contains	targeted	graph-id-in-literal-and-wrapped-contains	graph-routing-set	properties	200	fixture-hive-10	fixture-hive-10,fixture-hive-11	2	ee5df13e4758327832f92663d242553d12beefe11136b61c03c5ba789d0d0644	success	63	39077	2d20a012ee335ff72d99f67135e1ac36defbca676c07a298d3df15c7c1e33f7d	279958		fixture-hive-10	cypher-graph-id-predicate	64	2	fixture-hive-10,fixture-hive-11	2	0	0	2	0	803	1	1	62	1	0
graph-id-in-parameter-wrapped-contains-k02-group-21-targeted	graph-id-set	graph-id-in-parameter-wrapped-contains	targeted	graph-id-in-parameter-and-wrapped-contains	parameters	properties	200	fixture-hive-10	fixture-hive-10,fixture-hive-11	2	ee5df13e4758327832f92663d242553d12beefe11136b61c03c5ba789d0d0644	success	63	39077	2d20a012ee335ff72d99f67135e1ac36defbca676c07a298d3df15c7c1e33f7d	118666		fixture-hive-10	cypher-graph-id-predicate	64	2	fixture-hive-10,fixture-hive-11	2	0	0	2	0	64	1	1	62	1	0
request-selected-set-wrapped-contains-k02-group-21-targeted	graph-set-reference	request-selected-set-wrapped-contains	targeted	request-graph-set-selection-and-wrapped-contains	request-selected-source	properties	200	fixture-hive-10	fixture-hive-10,fixture-hive-11	2	ee5df13e4758327832f92663d242553d12beefe11136b61c03c5ba789d0d0644	success	63	39077	2d20a012ee335ff72d99f67135e1ac36defbca676c07a298d3df15c7c1e33f7d	24958		fixture-hive-10	request-selected-source	2	2	fixture-hive-10,fixture-hive-11	2	0	0	2	0	64	0	0	0	1	0
graph-id-in-literal-wrapped-contains-k02-group-21-dense	graph-id-set	graph-id-in-literal-wrapped-contains	dense	graph-id-in-literal-and-wrapped-contains	graph-routing-set	properties	200	fixture-hive-10	fixture-hive-10,fixture-hive-11	2	ee5df13e4758327832f92663d242553d12beefe11136b61c03c5ba789d0d0644	success	200	93248	bd7a2cfc84011237aca413f8fd4b6ee9130043dc1530bc214cc965d935dc3d88	860917		fixture-hive-10	cypher-graph-id-predicate	64	1	fixture-hive-10	1	0	0	1	0	12690	1	1	62	1	0
graph-id-in-parameter-wrapped-contains-k02-group-21-dense	graph-id-set	graph-id-in-parameter-wrapped-contains	dense	graph-id-in-parameter-and-wrapped-contains	parameters	properties	200	fixture-hive-10	fixture-hive-10,fixture-hive-11	2	ee5df13e4758327832f92663d242553d12beefe11136b61c03c5ba789d0d0644	success	200	93248	bd7a2cfc84011237aca413f8fd4b6ee9130043dc1530bc214cc965d935dc3d88	39584		fixture-hive-10	cypher-graph-id-predicate	64	1	fixture-hive-10	1	0	0	1	0	200	1	1	62	1	0
request-selected-set-wrapped-contains-k02-group-21-dense	graph-set-reference	request-selected-set-wrapped-contains	dense	request-graph-set-selection-and-wrapped-contains	request-selected-source	properties	200	fixture-hive-10	fixture-hive-10,fixture-hive-11	2	ee5df13e4758327832f92663d242553d12beefe11136b61c03c5ba789d0d0644	success	200	93248	bd7a2cfc84011237aca413f8fd4b6ee9130043dc1530bc214cc965d935dc3d88	36833		fixture-hive-10	request-selected-source	2	1	fixture-hive-10	1	0	0	1	0	200	0	0	0	1	0
graph-id-in-literal-wrapped-contains-k02-group-22-zero	graph-id-set	graph-id-in-literal-wrapped-contains	zero	graph-id-in-literal-and-wrapped-contains	graph-routing-set	properties	200	fixture-hive-12	fixture-hive-12,fixture-hive-13	2	428722215ca496d4e4f9c9d5a05310cce042e146f4e82a55e5db3c76468c51e0	success	0	147	805c8c7334c868e18e2be84be95b83cc60895722d739c2b164a68be4cd410c49	37334			cypher-graph-id-predicate	64	2	fixture-hive-12,fixture-hive-13	2	0	0	2	0	4	1	1	62	1	0
graph-id-in-parameter-wrapped-contains-k02-group-22-zero	graph-id-set	graph-id-in-parameter-wrapped-contains	zero	graph-id-in-parameter-and-wrapped-contains	parameters	properties	200	fixture-hive-12	fixture-hive-12,fixture-hive-13	2	428722215ca496d4e4f9c9d5a05310cce042e146f4e82a55e5db3c76468c51e0	success	0	147	805c8c7334c868e18e2be84be95b83cc60895722d739c2b164a68be4cd410c49	25125			cypher-graph-id-predicate	64	2	fixture-hive-12,fixture-hive-13	2	0	0	2	0	2	1	1	62	1	0
request-selected-set-wrapped-contains-k02-group-22-zero	graph-set-reference	request-selected-set-wrapped-contains	zero	request-graph-set-selection-and-wrapped-contains	request-selected-source	properties	200	fixture-hive-12	fixture-hive-12,fixture-hive-13	2	428722215ca496d4e4f9c9d5a05310cce042e146f4e82a55e5db3c76468c51e0	success	0	147	805c8c7334c868e18e2be84be95b83cc60895722d739c2b164a68be4cd410c49	20417			request-selected-source	2	2	fixture-hive-12,fixture-hive-13	2	0	0	2	0	2	0	0	0	1	0
graph-id-in-literal-wrapped-contains-k02-group-22-targeted	graph-id-set	graph-id-in-literal-wrapped-contains	targeted	graph-id-in-literal-and-wrapped-contains	graph-routing-set	properties	200	fixture-hive-12	fixture-hive-12,fixture-hive-13	2	428722215ca496d4e4f9c9d5a05310cce042e146f4e82a55e5db3c76468c51e0	success	5	3545	4491fecdbf798782a80b3c646f871b5d7a5bb168536f84f8e4718b2551f81515	221084		fixture-hive-12,fixture-hive-13	cypher-graph-id-predicate	64	2	fixture-hive-12,fixture-hive-13	2	0	0	2	0	1029	1	1	62	1	0
graph-id-in-parameter-wrapped-contains-k02-group-22-targeted	graph-id-set	graph-id-in-parameter-wrapped-contains	targeted	graph-id-in-parameter-and-wrapped-contains	parameters	properties	200	fixture-hive-12	fixture-hive-12,fixture-hive-13	2	428722215ca496d4e4f9c9d5a05310cce042e146f4e82a55e5db3c76468c51e0	success	5	3545	4491fecdbf798782a80b3c646f871b5d7a5bb168536f84f8e4718b2551f81515	28958		fixture-hive-12,fixture-hive-13	cypher-graph-id-predicate	64	2	fixture-hive-12,fixture-hive-13	2	0	0	2	0	5	1	1	62	1	0
request-selected-set-wrapped-contains-k02-group-22-targeted	graph-set-reference	request-selected-set-wrapped-contains	targeted	request-graph-set-selection-and-wrapped-contains	request-selected-source	properties	200	fixture-hive-12	fixture-hive-12,fixture-hive-13	2	428722215ca496d4e4f9c9d5a05310cce042e146f4e82a55e5db3c76468c51e0	success	5	3545	4491fecdbf798782a80b3c646f871b5d7a5bb168536f84f8e4718b2551f81515	21792		fixture-hive-12,fixture-hive-13	request-selected-source	2	2	fixture-hive-12,fixture-hive-13	2	0	0	2	0	5	0	0	0	1	0
graph-id-in-literal-wrapped-contains-k02-group-22-dense	graph-id-set	graph-id-in-literal-wrapped-contains	dense	graph-id-in-literal-and-wrapped-contains	graph-routing-set	properties	200	fixture-hive-12	fixture-hive-12,fixture-hive-13	2	428722215ca496d4e4f9c9d5a05310cce042e146f4e82a55e5db3c76468c51e0	success	200	90517	901cb7ad5a7cef604f7264d87d81f85a7b3e521b0175839dd61f15fa140b58cf	857250		fixture-hive-12	cypher-graph-id-predicate	64	1	fixture-hive-12	1	0	0	1	0	13479	1	1	62	1	0
graph-id-in-parameter-wrapped-contains-k02-group-22-dense	graph-id-set	graph-id-in-parameter-wrapped-contains	dense	graph-id-in-parameter-and-wrapped-contains	parameters	properties	200	fixture-hive-12	fixture-hive-12,fixture-hive-13	2	428722215ca496d4e4f9c9d5a05310cce042e146f4e82a55e5db3c76468c51e0	success	200	90517	901cb7ad5a7cef604f7264d87d81f85a7b3e521b0175839dd61f15fa140b58cf	38792		fixture-hive-12	cypher-graph-id-predicate	64	1	fixture-hive-12	1	0	0	1	0	200	1	1	62	1	0
request-selected-set-wrapped-contains-k02-group-22-dense	graph-set-reference	request-selected-set-wrapped-contains	dense	request-graph-set-selection-and-wrapped-contains	request-selected-source	properties	200	fixture-hive-12	fixture-hive-12,fixture-hive-13	2	428722215ca496d4e4f9c9d5a05310cce042e146f4e82a55e5db3c76468c51e0	success	200	90517	901cb7ad5a7cef604f7264d87d81f85a7b3e521b0175839dd61f15fa140b58cf	33708		fixture-hive-12	request-selected-source	2	1	fixture-hive-12	1	0	0	1	0	200	0	0	0	1	0
graph-id-in-literal-wrapped-contains-k02-group-23-zero	graph-id-set	graph-id-in-literal-wrapped-contains	zero	graph-id-in-literal-and-wrapped-contains	graph-routing-set	properties	200	fixture-hive-14	fixture-hive-14,fixture-hive-15	2	bd3a86601d2d33fe9db8ca75e93e1f2fa47efb0ab641799ac8bb16d5574f73c4	success	0	147	805c8c7334c868e18e2be84be95b83cc60895722d739c2b164a68be4cd410c49	36291			cypher-graph-id-predicate	64	2	fixture-hive-14,fixture-hive-15	2	0	0	2	0	4	1	1	62	1	0
graph-id-in-parameter-wrapped-contains-k02-group-23-zero	graph-id-set	graph-id-in-parameter-wrapped-contains	zero	graph-id-in-parameter-and-wrapped-contains	parameters	properties	200	fixture-hive-14	fixture-hive-14,fixture-hive-15	2	bd3a86601d2d33fe9db8ca75e93e1f2fa47efb0ab641799ac8bb16d5574f73c4	success	0	147	805c8c7334c868e18e2be84be95b83cc60895722d739c2b164a68be4cd410c49	27250			cypher-graph-id-predicate	64	2	fixture-hive-14,fixture-hive-15	2	0	0	2	0	2	1	1	62	1	0
request-selected-set-wrapped-contains-k02-group-23-zero	graph-set-reference	request-selected-set-wrapped-contains	zero	request-graph-set-selection-and-wrapped-contains	request-selected-source	properties	200	fixture-hive-14	fixture-hive-14,fixture-hive-15	2	bd3a86601d2d33fe9db8ca75e93e1f2fa47efb0ab641799ac8bb16d5574f73c4	success	0	147	805c8c7334c868e18e2be84be95b83cc60895722d739c2b164a68be4cd410c49	19791			request-selected-source	2	2	fixture-hive-14,fixture-hive-15	2	0	0	2	0	2	0	0	0	1	0
graph-id-in-literal-wrapped-contains-k02-group-23-targeted	graph-id-set	graph-id-in-literal-wrapped-contains	targeted	graph-id-in-literal-and-wrapped-contains	graph-routing-set	properties	200	fixture-hive-14	fixture-hive-14,fixture-hive-15	2	bd3a86601d2d33fe9db8ca75e93e1f2fa47efb0ab641799ac8bb16d5574f73c4	success	45	27605	5de372ca8e19ec486456452fc7bd2d9f18c4d7b0beb5e238b24073911e1d2e3a	215292		fixture-hive-14	cypher-graph-id-predicate	64	2	fixture-hive-14,fixture-hive-15	2	0	0	2	0	756	1	1	62	1	0
graph-id-in-parameter-wrapped-contains-k02-group-23-targeted	graph-id-set	graph-id-in-parameter-wrapped-contains	targeted	graph-id-in-parameter-and-wrapped-contains	parameters	properties	200	fixture-hive-14	fixture-hive-14,fixture-hive-15	2	bd3a86601d2d33fe9db8ca75e93e1f2fa47efb0ab641799ac8bb16d5574f73c4	success	45	27605	5de372ca8e19ec486456452fc7bd2d9f18c4d7b0beb5e238b24073911e1d2e3a	28917		fixture-hive-14	cypher-graph-id-predicate	64	2	fixture-hive-14,fixture-hive-15	2	0	0	2	0	46	1	1	62	1	0
request-selected-set-wrapped-contains-k02-group-23-targeted	graph-set-reference	request-selected-set-wrapped-contains	targeted	request-graph-set-selection-and-wrapped-contains	request-selected-source	properties	200	fixture-hive-14	fixture-hive-14,fixture-hive-15	2	bd3a86601d2d33fe9db8ca75e93e1f2fa47efb0ab641799ac8bb16d5574f73c4	success	45	27605	5de372ca8e19ec486456452fc7bd2d9f18c4d7b0beb5e238b24073911e1d2e3a	24750		fixture-hive-14	request-selected-source	2	2	fixture-hive-14,fixture-hive-15	2	0	0	2	0	46	0	0	0	1	0
graph-id-in-literal-wrapped-contains-k02-group-23-dense	graph-id-set	graph-id-in-literal-wrapped-contains	dense	graph-id-in-literal-and-wrapped-contains	graph-routing-set	properties	200	fixture-hive-14	fixture-hive-14,fixture-hive-15	2	bd3a86601d2d33fe9db8ca75e93e1f2fa47efb0ab641799ac8bb16d5574f73c4	success	200	96641	3ad39c9167b00424c5957087068cab90d47268c9063b8d9e565113275edd98c8	987375		fixture-hive-14	cypher-graph-id-predicate	64	1	fixture-hive-14	1	0	0	1	0	13971	1	1	62	1	0
graph-id-in-parameter-wrapped-contains-k02-group-23-dense	graph-id-set	graph-id-in-parameter-wrapped-contains	dense	graph-id-in-parameter-and-wrapped-contains	parameters	properties	200	fixture-hive-14	fixture-hive-14,fixture-hive-15	2	bd3a86601d2d33fe9db8ca75e93e1f2fa47efb0ab641799ac8bb16d5574f73c4	success	200	96641	3ad39c9167b00424c5957087068cab90d47268c9063b8d9e565113275edd98c8	50291		fixture-hive-14	cypher-graph-id-predicate	64	1	fixture-hive-14	1	0	0	1	0	200	1	1	62	1	0
request-selected-set-wrapped-contains-k02-group-23-dense	graph-set-reference	request-selected-set-wrapped-contains	dense	request-graph-set-selection-and-wrapped-contains	request-selected-source	properties	200	fixture-hive-14	fixture-hive-14,fixture-hive-15	2	bd3a86601d2d33fe9db8ca75e93e1f2fa47efb0ab641799ac8bb16d5574f73c4	success	200	96641	3ad39c9167b00424c5957087068cab90d47268c9063b8d9e565113275edd98c8	48625		fixture-hive-14	request-selected-source	2	1	fixture-hive-14	1	0	0	1	0	200	0	0	0	1	0
graph-id-in-literal-wrapped-contains-k02-group-24-zero	graph-id-set	graph-id-in-literal-wrapped-contains	zero	graph-id-in-literal-and-wrapped-contains	graph-routing-set	properties	200	fixture-kotlin-compiler-00	fixture-kotlin-compiler-00,fixture-kotlin-compiler-01	2	56868f1a9cf217da4efc67ad27fa437371abf57f3bb39fd488b176b7b556f456	success	0	147	805c8c7334c868e18e2be84be95b83cc60895722d739c2b164a68be4cd410c49	50625			cypher-graph-id-predicate	64	2	fixture-kotlin-compiler-00,fixture-kotlin-compiler-01	2	0	0	2	0	4	1	1	62	1	0
graph-id-in-parameter-wrapped-contains-k02-group-24-zero	graph-id-set	graph-id-in-parameter-wrapped-contains	zero	graph-id-in-parameter-and-wrapped-contains	parameters	properties	200	fixture-kotlin-compiler-00	fixture-kotlin-compiler-00,fixture-kotlin-compiler-01	2	56868f1a9cf217da4efc67ad27fa437371abf57f3bb39fd488b176b7b556f456	success	0	147	805c8c7334c868e18e2be84be95b83cc60895722d739c2b164a68be4cd410c49	28458			cypher-graph-id-predicate	64	2	fixture-kotlin-compiler-00,fixture-kotlin-compiler-01	2	0	0	2	0	2	1	1	62	1	0
request-selected-set-wrapped-contains-k02-group-24-zero	graph-set-reference	request-selected-set-wrapped-contains	zero	request-graph-set-selection-and-wrapped-contains	request-selected-source	properties	200	fixture-kotlin-compiler-00	fixture-kotlin-compiler-00,fixture-kotlin-compiler-01	2	56868f1a9cf217da4efc67ad27fa437371abf57f3bb39fd488b176b7b556f456	success	0	147	805c8c7334c868e18e2be84be95b83cc60895722d739c2b164a68be4cd410c49	23667			request-selected-source	2	2	fixture-kotlin-compiler-00,fixture-kotlin-compiler-01	2	0	0	2	0	2	0	0	0	1	0
graph-id-in-literal-wrapped-contains-k02-group-24-targeted	graph-id-set	graph-id-in-literal-wrapped-contains	targeted	graph-id-in-literal-and-wrapped-contains	graph-routing-set	properties	200	fixture-kotlin-compiler-00	fixture-kotlin-compiler-00,fixture-kotlin-compiler-01	2	56868f1a9cf217da4efc67ad27fa437371abf57f3bb39fd488b176b7b556f456	success	10	6351	274597a5e0e535d6581734920f9ffbc39062a84a13ad9d85823a8f12df219dfd	223625		fixture-kotlin-compiler-00	cypher-graph-id-predicate	64	2	fixture-kotlin-compiler-00,fixture-kotlin-compiler-01	2	0	0	2	0	679	1	1	62	1	0
graph-id-in-parameter-wrapped-contains-k02-group-24-targeted	graph-id-set	graph-id-in-parameter-wrapped-contains	targeted	graph-id-in-parameter-and-wrapped-contains	parameters	properties	200	fixture-kotlin-compiler-00	fixture-kotlin-compiler-00,fixture-kotlin-compiler-01	2	56868f1a9cf217da4efc67ad27fa437371abf57f3bb39fd488b176b7b556f456	success	10	6351	274597a5e0e535d6581734920f9ffbc39062a84a13ad9d85823a8f12df219dfd	30167		fixture-kotlin-compiler-00	cypher-graph-id-predicate	64	2	fixture-kotlin-compiler-00,fixture-kotlin-compiler-01	2	0	0	2	0	11	1	1	62	1	0
request-selected-set-wrapped-contains-k02-group-24-targeted	graph-set-reference	request-selected-set-wrapped-contains	targeted	request-graph-set-selection-and-wrapped-contains	request-selected-source	properties	200	fixture-kotlin-compiler-00	fixture-kotlin-compiler-00,fixture-kotlin-compiler-01	2	56868f1a9cf217da4efc67ad27fa437371abf57f3bb39fd488b176b7b556f456	success	10	6351	274597a5e0e535d6581734920f9ffbc39062a84a13ad9d85823a8f12df219dfd	25083		fixture-kotlin-compiler-00	request-selected-source	2	2	fixture-kotlin-compiler-00,fixture-kotlin-compiler-01	2	0	0	2	0	11	0	0	0	1	0
graph-id-in-literal-wrapped-contains-k02-group-24-dense	graph-id-set	graph-id-in-literal-wrapped-contains	dense	graph-id-in-literal-and-wrapped-contains	graph-routing-set	properties	200	fixture-kotlin-compiler-00	fixture-kotlin-compiler-00,fixture-kotlin-compiler-01	2	56868f1a9cf217da4efc67ad27fa437371abf57f3bb39fd488b176b7b556f456	success	200	97301	4abd067ea3c7496241f2623586a132809a81e33bd08c7645b717be3ee7ee2542	852250		fixture-kotlin-compiler-00	cypher-graph-id-predicate	64	1	fixture-kotlin-compiler-00	1	0	0	1	0	12409	1	1	62	1	0
graph-id-in-parameter-wrapped-contains-k02-group-24-dense	graph-id-set	graph-id-in-parameter-wrapped-contains	dense	graph-id-in-parameter-and-wrapped-contains	parameters	properties	200	fixture-kotlin-compiler-00	fixture-kotlin-compiler-00,fixture-kotlin-compiler-01	2	56868f1a9cf217da4efc67ad27fa437371abf57f3bb39fd488b176b7b556f456	success	200	97301	4abd067ea3c7496241f2623586a132809a81e33bd08c7645b717be3ee7ee2542	45417		fixture-kotlin-compiler-00	cypher-graph-id-predicate	64	1	fixture-kotlin-compiler-00	1	0	0	1	0	200	1	1	62	1	0
request-selected-set-wrapped-contains-k02-group-24-dense	graph-set-reference	request-selected-set-wrapped-contains	dense	request-graph-set-selection-and-wrapped-contains	request-selected-source	properties	200	fixture-kotlin-compiler-00	fixture-kotlin-compiler-00,fixture-kotlin-compiler-01	2	56868f1a9cf217da4efc67ad27fa437371abf57f3bb39fd488b176b7b556f456	success	200	97301	4abd067ea3c7496241f2623586a132809a81e33bd08c7645b717be3ee7ee2542	37375		fixture-kotlin-compiler-00	request-selected-source	2	1	fixture-kotlin-compiler-00	1	0	0	1	0	200	0	0	0	1	0
graph-id-in-literal-wrapped-contains-k02-group-25-zero	graph-id-set	graph-id-in-literal-wrapped-contains	zero	graph-id-in-literal-and-wrapped-contains	graph-routing-set	properties	200	fixture-kotlin-compiler-02	fixture-kotlin-compiler-02,fixture-kotlin-compiler-03	2	f1fbbdfc216b798281dff3d7ec29043bf8683f075ffe543077be5a013bd32241	success	0	147	805c8c7334c868e18e2be84be95b83cc60895722d739c2b164a68be4cd410c49	36959			cypher-graph-id-predicate	64	2	fixture-kotlin-compiler-02,fixture-kotlin-compiler-03	2	0	0	2	0	4	1	1	62	1	0
graph-id-in-parameter-wrapped-contains-k02-group-25-zero	graph-id-set	graph-id-in-parameter-wrapped-contains	zero	graph-id-in-parameter-and-wrapped-contains	parameters	properties	200	fixture-kotlin-compiler-02	fixture-kotlin-compiler-02,fixture-kotlin-compiler-03	2	f1fbbdfc216b798281dff3d7ec29043bf8683f075ffe543077be5a013bd32241	success	0	147	805c8c7334c868e18e2be84be95b83cc60895722d739c2b164a68be4cd410c49	21833			cypher-graph-id-predicate	64	2	fixture-kotlin-compiler-02,fixture-kotlin-compiler-03	2	0	0	2	0	2	1	1	62	1	0
request-selected-set-wrapped-contains-k02-group-25-zero	graph-set-reference	request-selected-set-wrapped-contains	zero	request-graph-set-selection-and-wrapped-contains	request-selected-source	properties	200	fixture-kotlin-compiler-02	fixture-kotlin-compiler-02,fixture-kotlin-compiler-03	2	f1fbbdfc216b798281dff3d7ec29043bf8683f075ffe543077be5a013bd32241	success	0	147	805c8c7334c868e18e2be84be95b83cc60895722d739c2b164a68be4cd410c49	20416			request-selected-source	2	2	fixture-kotlin-compiler-02,fixture-kotlin-compiler-03	2	0	0	2	0	2	0	0	0	1	0
graph-id-in-literal-wrapped-contains-k02-group-25-targeted	graph-id-set	graph-id-in-literal-wrapped-contains	targeted	graph-id-in-literal-and-wrapped-contains	graph-routing-set	properties	200	fixture-kotlin-compiler-02	fixture-kotlin-compiler-02,fixture-kotlin-compiler-03	2	f1fbbdfc216b798281dff3d7ec29043bf8683f075ffe543077be5a013bd32241	success	11	6749	2381a85a5b438c2bf70fa3be382bc797869fcc97bf32160c293adfc9bc311b40	240417		fixture-kotlin-compiler-02,fixture-kotlin-compiler-03	cypher-graph-id-predicate	64	2	fixture-kotlin-compiler-02,fixture-kotlin-compiler-03	2	0	0	2	0	887	1	1	62	1	0
graph-id-in-parameter-wrapped-contains-k02-group-25-targeted	graph-id-set	graph-id-in-parameter-wrapped-contains	targeted	graph-id-in-parameter-and-wrapped-contains	parameters	properties	200	fixture-kotlin-compiler-02	fixture-kotlin-compiler-02,fixture-kotlin-compiler-03	2	f1fbbdfc216b798281dff3d7ec29043bf8683f075ffe543077be5a013bd32241	success	11	6749	2381a85a5b438c2bf70fa3be382bc797869fcc97bf32160c293adfc9bc311b40	34583		fixture-kotlin-compiler-02,fixture-kotlin-compiler-03	cypher-graph-id-predicate	64	2	fixture-kotlin-compiler-02,fixture-kotlin-compiler-03	2	0	0	2	0	11	1	1	62	1	0
request-selected-set-wrapped-contains-k02-group-25-targeted	graph-set-reference	request-selected-set-wrapped-contains	targeted	request-graph-set-selection-and-wrapped-contains	request-selected-source	properties	200	fixture-kotlin-compiler-02	fixture-kotlin-compiler-02,fixture-kotlin-compiler-03	2	f1fbbdfc216b798281dff3d7ec29043bf8683f075ffe543077be5a013bd32241	success	11	6749	2381a85a5b438c2bf70fa3be382bc797869fcc97bf32160c293adfc9bc311b40	53208		fixture-kotlin-compiler-02,fixture-kotlin-compiler-03	request-selected-source	2	2	fixture-kotlin-compiler-02,fixture-kotlin-compiler-03	2	0	0	2	0	11	0	0	0	1	0
graph-id-in-literal-wrapped-contains-k02-group-25-dense	graph-id-set	graph-id-in-literal-wrapped-contains	dense	graph-id-in-literal-and-wrapped-contains	graph-routing-set	properties	200	fixture-kotlin-compiler-02	fixture-kotlin-compiler-02,fixture-kotlin-compiler-03	2	f1fbbdfc216b798281dff3d7ec29043bf8683f075ffe543077be5a013bd32241	success	200	91564	fbf180fab82c32493738bb60bb29955d3f45810bb23806d614f71964200069bc	815208		fixture-kotlin-compiler-02	cypher-graph-id-predicate	64	1	fixture-kotlin-compiler-02	1	0	0	1	0	12211	1	1	62	1	0
graph-id-in-parameter-wrapped-contains-k02-group-25-dense	graph-id-set	graph-id-in-parameter-wrapped-contains	dense	graph-id-in-parameter-and-wrapped-contains	parameters	properties	200	fixture-kotlin-compiler-02	fixture-kotlin-compiler-02,fixture-kotlin-compiler-03	2	f1fbbdfc216b798281dff3d7ec29043bf8683f075ffe543077be5a013bd32241	success	200	91564	fbf180fab82c32493738bb60bb29955d3f45810bb23806d614f71964200069bc	44625		fixture-kotlin-compiler-02	cypher-graph-id-predicate	64	1	fixture-kotlin-compiler-02	1	0	0	1	0	200	1	1	62	1	0
request-selected-set-wrapped-contains-k02-group-25-dense	graph-set-reference	request-selected-set-wrapped-contains	dense	request-graph-set-selection-and-wrapped-contains	request-selected-source	properties	200	fixture-kotlin-compiler-02	fixture-kotlin-compiler-02,fixture-kotlin-compiler-03	2	f1fbbdfc216b798281dff3d7ec29043bf8683f075ffe543077be5a013bd32241	success	200	91564	fbf180fab82c32493738bb60bb29955d3f45810bb23806d614f71964200069bc	38916		fixture-kotlin-compiler-02	request-selected-source	2	1	fixture-kotlin-compiler-02	1	0	0	1	0	200	0	0	0	1	0
graph-id-in-literal-wrapped-contains-k02-group-26-zero	graph-id-set	graph-id-in-literal-wrapped-contains	zero	graph-id-in-literal-and-wrapped-contains	graph-routing-set	properties	200	fixture-kotlin-compiler-04	fixture-kotlin-compiler-04,fixture-kotlin-compiler-05	2	6005c0bb3303f9c6835a728e243c23da436498b9fd73b3be82ee3853503dd674	success	0	147	805c8c7334c868e18e2be84be95b83cc60895722d739c2b164a68be4cd410c49	45416			cypher-graph-id-predicate	64	2	fixture-kotlin-compiler-04,fixture-kotlin-compiler-05	2	0	0	2	0	4	1	1	62	1	0
graph-id-in-parameter-wrapped-contains-k02-group-26-zero	graph-id-set	graph-id-in-parameter-wrapped-contains	zero	graph-id-in-parameter-and-wrapped-contains	parameters	properties	200	fixture-kotlin-compiler-04	fixture-kotlin-compiler-04,fixture-kotlin-compiler-05	2	6005c0bb3303f9c6835a728e243c23da436498b9fd73b3be82ee3853503dd674	success	0	147	805c8c7334c868e18e2be84be95b83cc60895722d739c2b164a68be4cd410c49	24709			cypher-graph-id-predicate	64	2	fixture-kotlin-compiler-04,fixture-kotlin-compiler-05	2	0	0	2	0	2	1	1	62	1	0
request-selected-set-wrapped-contains-k02-group-26-zero	graph-set-reference	request-selected-set-wrapped-contains	zero	request-graph-set-selection-and-wrapped-contains	request-selected-source	properties	200	fixture-kotlin-compiler-04	fixture-kotlin-compiler-04,fixture-kotlin-compiler-05	2	6005c0bb3303f9c6835a728e243c23da436498b9fd73b3be82ee3853503dd674	success	0	147	805c8c7334c868e18e2be84be95b83cc60895722d739c2b164a68be4cd410c49	24958			request-selected-source	2	2	fixture-kotlin-compiler-04,fixture-kotlin-compiler-05	2	0	0	2	0	2	0	0	0	1	0
graph-id-in-literal-wrapped-contains-k02-group-26-targeted	graph-id-set	graph-id-in-literal-wrapped-contains	targeted	graph-id-in-literal-and-wrapped-contains	graph-routing-set	properties	200	fixture-kotlin-compiler-04	fixture-kotlin-compiler-04,fixture-kotlin-compiler-05	2	6005c0bb3303f9c6835a728e243c23da436498b9fd73b3be82ee3853503dd674	success	1	792	6691abe0a1f608719107bf4ffc3fa52632123ab77cb7c2c3c6536cd32de533b1	225292		fixture-kotlin-compiler-04	cypher-graph-id-predicate	64	2	fixture-kotlin-compiler-04,fixture-kotlin-compiler-05	2	0	0	2	0	781	1	1	62	1	0
graph-id-in-parameter-wrapped-contains-k02-group-26-targeted	graph-id-set	graph-id-in-parameter-wrapped-contains	targeted	graph-id-in-parameter-and-wrapped-contains	parameters	properties	200	fixture-kotlin-compiler-04	fixture-kotlin-compiler-04,fixture-kotlin-compiler-05	2	6005c0bb3303f9c6835a728e243c23da436498b9fd73b3be82ee3853503dd674	success	1	792	6691abe0a1f608719107bf4ffc3fa52632123ab77cb7c2c3c6536cd32de533b1	23834		fixture-kotlin-compiler-04	cypher-graph-id-predicate	64	2	fixture-kotlin-compiler-04,fixture-kotlin-compiler-05	2	0	0	2	0	2	1	1	62	1	0
request-selected-set-wrapped-contains-k02-group-26-targeted	graph-set-reference	request-selected-set-wrapped-contains	targeted	request-graph-set-selection-and-wrapped-contains	request-selected-source	properties	200	fixture-kotlin-compiler-04	fixture-kotlin-compiler-04,fixture-kotlin-compiler-05	2	6005c0bb3303f9c6835a728e243c23da436498b9fd73b3be82ee3853503dd674	success	1	792	6691abe0a1f608719107bf4ffc3fa52632123ab77cb7c2c3c6536cd32de533b1	26750		fixture-kotlin-compiler-04	request-selected-source	2	2	fixture-kotlin-compiler-04,fixture-kotlin-compiler-05	2	0	0	2	0	2	0	0	0	1	0
graph-id-in-literal-wrapped-contains-k02-group-26-dense	graph-id-set	graph-id-in-literal-wrapped-contains	dense	graph-id-in-literal-and-wrapped-contains	graph-routing-set	properties	200	fixture-kotlin-compiler-04	fixture-kotlin-compiler-04,fixture-kotlin-compiler-05	2	6005c0bb3303f9c6835a728e243c23da436498b9fd73b3be82ee3853503dd674	success	200	96891	db4b9bfadbbb61a039e76484090eda57349ec9585a7c795f46793352fb739e7c	818083		fixture-kotlin-compiler-04	cypher-graph-id-predicate	64	1	fixture-kotlin-compiler-04	1	0	0	1	0	12680	1	1	62	1	0
graph-id-in-parameter-wrapped-contains-k02-group-26-dense	graph-id-set	graph-id-in-parameter-wrapped-contains	dense	graph-id-in-parameter-and-wrapped-contains	parameters	properties	200	fixture-kotlin-compiler-04	fixture-kotlin-compiler-04,fixture-kotlin-compiler-05	2	6005c0bb3303f9c6835a728e243c23da436498b9fd73b3be82ee3853503dd674	success	200	96891	db4b9bfadbbb61a039e76484090eda57349ec9585a7c795f46793352fb739e7c	53667		fixture-kotlin-compiler-04	cypher-graph-id-predicate	64	1	fixture-kotlin-compiler-04	1	0	0	1	0	200	1	1	62	1	0
request-selected-set-wrapped-contains-k02-group-26-dense	graph-set-reference	request-selected-set-wrapped-contains	dense	request-graph-set-selection-and-wrapped-contains	request-selected-source	properties	200	fixture-kotlin-compiler-04	fixture-kotlin-compiler-04,fixture-kotlin-compiler-05	2	6005c0bb3303f9c6835a728e243c23da436498b9fd73b3be82ee3853503dd674	success	200	96891	db4b9bfadbbb61a039e76484090eda57349ec9585a7c795f46793352fb739e7c	34542		fixture-kotlin-compiler-04	request-selected-source	2	1	fixture-kotlin-compiler-04	1	0	0	1	0	200	0	0	0	1	0
graph-id-in-literal-wrapped-contains-k02-group-27-zero	graph-id-set	graph-id-in-literal-wrapped-contains	zero	graph-id-in-literal-and-wrapped-contains	graph-routing-set	properties	200	fixture-kotlin-compiler-06	fixture-kotlin-compiler-06,fixture-kotlin-compiler-07	2	2d145c224cad1d0a7643198ce0a477e3ade909c82d95bce66020ba683dccd83a	success	0	147	805c8c7334c868e18e2be84be95b83cc60895722d739c2b164a68be4cd410c49	38709			cypher-graph-id-predicate	64	2	fixture-kotlin-compiler-06,fixture-kotlin-compiler-07	2	0	0	2	0	4	1	1	62	1	0
graph-id-in-parameter-wrapped-contains-k02-group-27-zero	graph-id-set	graph-id-in-parameter-wrapped-contains	zero	graph-id-in-parameter-and-wrapped-contains	parameters	properties	200	fixture-kotlin-compiler-06	fixture-kotlin-compiler-06,fixture-kotlin-compiler-07	2	2d145c224cad1d0a7643198ce0a477e3ade909c82d95bce66020ba683dccd83a	success	0	147	805c8c7334c868e18e2be84be95b83cc60895722d739c2b164a68be4cd410c49	23042			cypher-graph-id-predicate	64	2	fixture-kotlin-compiler-06,fixture-kotlin-compiler-07	2	0	0	2	0	2	1	1	62	1	0
request-selected-set-wrapped-contains-k02-group-27-zero	graph-set-reference	request-selected-set-wrapped-contains	zero	request-graph-set-selection-and-wrapped-contains	request-selected-source	properties	200	fixture-kotlin-compiler-06	fixture-kotlin-compiler-06,fixture-kotlin-compiler-07	2	2d145c224cad1d0a7643198ce0a477e3ade909c82d95bce66020ba683dccd83a	success	0	147	805c8c7334c868e18e2be84be95b83cc60895722d739c2b164a68be4cd410c49	20458			request-selected-source	2	2	fixture-kotlin-compiler-06,fixture-kotlin-compiler-07	2	0	0	2	0	2	0	0	0	1	0
graph-id-in-literal-wrapped-contains-k02-group-27-targeted	graph-id-set	graph-id-in-literal-wrapped-contains	targeted	graph-id-in-literal-and-wrapped-contains	graph-routing-set	properties	200	fixture-kotlin-compiler-06	fixture-kotlin-compiler-06,fixture-kotlin-compiler-07	2	2d145c224cad1d0a7643198ce0a477e3ade909c82d95bce66020ba683dccd83a	success	3	1869	5157205e66d4cebff8b628175c555fdb333564013eabc5f496e37f9a4ad2b606	172458		fixture-kotlin-compiler-06	cypher-graph-id-predicate	64	2	fixture-kotlin-compiler-06,fixture-kotlin-compiler-07	2	0	0	2	0	615	1	1	62	1	0
graph-id-in-parameter-wrapped-contains-k02-group-27-targeted	graph-id-set	graph-id-in-parameter-wrapped-contains	targeted	graph-id-in-parameter-and-wrapped-contains	parameters	properties	200	fixture-kotlin-compiler-06	fixture-kotlin-compiler-06,fixture-kotlin-compiler-07	2	2d145c224cad1d0a7643198ce0a477e3ade909c82d95bce66020ba683dccd83a	success	3	1869	5157205e66d4cebff8b628175c555fdb333564013eabc5f496e37f9a4ad2b606	23750		fixture-kotlin-compiler-06	cypher-graph-id-predicate	64	2	fixture-kotlin-compiler-06,fixture-kotlin-compiler-07	2	0	0	2	0	4	1	1	62	1	0
request-selected-set-wrapped-contains-k02-group-27-targeted	graph-set-reference	request-selected-set-wrapped-contains	targeted	request-graph-set-selection-and-wrapped-contains	request-selected-source	properties	200	fixture-kotlin-compiler-06	fixture-kotlin-compiler-06,fixture-kotlin-compiler-07	2	2d145c224cad1d0a7643198ce0a477e3ade909c82d95bce66020ba683dccd83a	success	3	1869	5157205e66d4cebff8b628175c555fdb333564013eabc5f496e37f9a4ad2b606	20375		fixture-kotlin-compiler-06	request-selected-source	2	2	fixture-kotlin-compiler-06,fixture-kotlin-compiler-07	2	0	0	2	0	4	0	0	0	1	0
graph-id-in-literal-wrapped-contains-k02-group-27-dense	graph-id-set	graph-id-in-literal-wrapped-contains	dense	graph-id-in-literal-and-wrapped-contains	graph-routing-set	properties	200	fixture-kotlin-compiler-06	fixture-kotlin-compiler-06,fixture-kotlin-compiler-07	2	2d145c224cad1d0a7643198ce0a477e3ade909c82d95bce66020ba683dccd83a	success	200	92798	60b390f0b190e46f6fd1b4929641c7324c9142e0f18a85bc338e7b41ebe62db5	822125		fixture-kotlin-compiler-06	cypher-graph-id-predicate	64	1	fixture-kotlin-compiler-06	1	0	0	1	0	12188	1	1	62	1	0
graph-id-in-parameter-wrapped-contains-k02-group-27-dense	graph-id-set	graph-id-in-parameter-wrapped-contains	dense	graph-id-in-parameter-and-wrapped-contains	parameters	properties	200	fixture-kotlin-compiler-06	fixture-kotlin-compiler-06,fixture-kotlin-compiler-07	2	2d145c224cad1d0a7643198ce0a477e3ade909c82d95bce66020ba683dccd83a	success	200	92798	60b390f0b190e46f6fd1b4929641c7324c9142e0f18a85bc338e7b41ebe62db5	38583		fixture-kotlin-compiler-06	cypher-graph-id-predicate	64	1	fixture-kotlin-compiler-06	1	0	0	1	0	200	1	1	62	1	0
request-selected-set-wrapped-contains-k02-group-27-dense	graph-set-reference	request-selected-set-wrapped-contains	dense	request-graph-set-selection-and-wrapped-contains	request-selected-source	properties	200	fixture-kotlin-compiler-06	fixture-kotlin-compiler-06,fixture-kotlin-compiler-07	2	2d145c224cad1d0a7643198ce0a477e3ade909c82d95bce66020ba683dccd83a	success	200	92798	60b390f0b190e46f6fd1b4929641c7324c9142e0f18a85bc338e7b41ebe62db5	42958		fixture-kotlin-compiler-06	request-selected-source	2	1	fixture-kotlin-compiler-06	1	0	0	1	0	200	0	0	0	1	0
graph-id-in-literal-wrapped-contains-k02-group-28-zero	graph-id-set	graph-id-in-literal-wrapped-contains	zero	graph-id-in-literal-and-wrapped-contains	graph-routing-set	properties	200	fixture-kotlin-compiler-08	fixture-kotlin-compiler-08,fixture-kotlin-compiler-09	2	bab3820ed800cc5e6b90eb1ad9b3a8d49e3293ed875112e3eea39aaed3805873	success	0	147	805c8c7334c868e18e2be84be95b83cc60895722d739c2b164a68be4cd410c49	46500			cypher-graph-id-predicate	64	2	fixture-kotlin-compiler-08,fixture-kotlin-compiler-09	2	0	0	2	0	4	1	1	62	1	0
graph-id-in-parameter-wrapped-contains-k02-group-28-zero	graph-id-set	graph-id-in-parameter-wrapped-contains	zero	graph-id-in-parameter-and-wrapped-contains	parameters	properties	200	fixture-kotlin-compiler-08	fixture-kotlin-compiler-08,fixture-kotlin-compiler-09	2	bab3820ed800cc5e6b90eb1ad9b3a8d49e3293ed875112e3eea39aaed3805873	success	0	147	805c8c7334c868e18e2be84be95b83cc60895722d739c2b164a68be4cd410c49	35750			cypher-graph-id-predicate	64	2	fixture-kotlin-compiler-08,fixture-kotlin-compiler-09	2	0	0	2	0	2	1	1	62	1	0
request-selected-set-wrapped-contains-k02-group-28-zero	graph-set-reference	request-selected-set-wrapped-contains	zero	request-graph-set-selection-and-wrapped-contains	request-selected-source	properties	200	fixture-kotlin-compiler-08	fixture-kotlin-compiler-08,fixture-kotlin-compiler-09	2	bab3820ed800cc5e6b90eb1ad9b3a8d49e3293ed875112e3eea39aaed3805873	success	0	147	805c8c7334c868e18e2be84be95b83cc60895722d739c2b164a68be4cd410c49	36833			request-selected-source	2	2	fixture-kotlin-compiler-08,fixture-kotlin-compiler-09	2	0	0	2	0	2	0	0	0	1	0
graph-id-in-literal-wrapped-contains-k02-group-28-targeted	graph-id-set	graph-id-in-literal-wrapped-contains	targeted	graph-id-in-literal-and-wrapped-contains	graph-routing-set	properties	200	fixture-kotlin-compiler-08	fixture-kotlin-compiler-08,fixture-kotlin-compiler-09	2	bab3820ed800cc5e6b90eb1ad9b3a8d49e3293ed875112e3eea39aaed3805873	success	1	802	7ebbe5301915ad5c39692b733c3f39851576d09270c89f830b9e80b342a866f6	251333		fixture-kotlin-compiler-08	cypher-graph-id-predicate	64	2	fixture-kotlin-compiler-08,fixture-kotlin-compiler-09	2	0	0	2	0	888	1	1	62	1	0
graph-id-in-parameter-wrapped-contains-k02-group-28-targeted	graph-id-set	graph-id-in-parameter-wrapped-contains	targeted	graph-id-in-parameter-and-wrapped-contains	parameters	properties	200	fixture-kotlin-compiler-08	fixture-kotlin-compiler-08,fixture-kotlin-compiler-09	2	bab3820ed800cc5e6b90eb1ad9b3a8d49e3293ed875112e3eea39aaed3805873	success	1	802	7ebbe5301915ad5c39692b733c3f39851576d09270c89f830b9e80b342a866f6	34583		fixture-kotlin-compiler-08	cypher-graph-id-predicate	64	2	fixture-kotlin-compiler-08,fixture-kotlin-compiler-09	2	0	0	2	0	2	1	1	62	1	0
request-selected-set-wrapped-contains-k02-group-28-targeted	graph-set-reference	request-selected-set-wrapped-contains	targeted	request-graph-set-selection-and-wrapped-contains	request-selected-source	properties	200	fixture-kotlin-compiler-08	fixture-kotlin-compiler-08,fixture-kotlin-compiler-09	2	bab3820ed800cc5e6b90eb1ad9b3a8d49e3293ed875112e3eea39aaed3805873	success	1	802	7ebbe5301915ad5c39692b733c3f39851576d09270c89f830b9e80b342a866f6	32084		fixture-kotlin-compiler-08	request-selected-source	2	2	fixture-kotlin-compiler-08,fixture-kotlin-compiler-09	2	0	0	2	0	2	0	0	0	1	0
graph-id-in-literal-wrapped-contains-k02-group-28-dense	graph-id-set	graph-id-in-literal-wrapped-contains	dense	graph-id-in-literal-and-wrapped-contains	graph-routing-set	properties	200	fixture-kotlin-compiler-08	fixture-kotlin-compiler-08,fixture-kotlin-compiler-09	2	bab3820ed800cc5e6b90eb1ad9b3a8d49e3293ed875112e3eea39aaed3805873	success	200	93704	b778fc4edfb3c1031b90b2d3d121fd31958733afdc68d3f1cde538a17b738328	810708		fixture-kotlin-compiler-08	cypher-graph-id-predicate	64	1	fixture-kotlin-compiler-08	1	0	0	1	0	12042	1	1	62	1	0
graph-id-in-parameter-wrapped-contains-k02-group-28-dense	graph-id-set	graph-id-in-parameter-wrapped-contains	dense	graph-id-in-parameter-and-wrapped-contains	parameters	properties	200	fixture-kotlin-compiler-08	fixture-kotlin-compiler-08,fixture-kotlin-compiler-09	2	bab3820ed800cc5e6b90eb1ad9b3a8d49e3293ed875112e3eea39aaed3805873	success	200	93704	b778fc4edfb3c1031b90b2d3d121fd31958733afdc68d3f1cde538a17b738328	48833		fixture-kotlin-compiler-08	cypher-graph-id-predicate	64	1	fixture-kotlin-compiler-08	1	0	0	1	0	200	1	1	62	1	0
request-selected-set-wrapped-contains-k02-group-28-dense	graph-set-reference	request-selected-set-wrapped-contains	dense	request-graph-set-selection-and-wrapped-contains	request-selected-source	properties	200	fixture-kotlin-compiler-08	fixture-kotlin-compiler-08,fixture-kotlin-compiler-09	2	bab3820ed800cc5e6b90eb1ad9b3a8d49e3293ed875112e3eea39aaed3805873	success	200	93704	b778fc4edfb3c1031b90b2d3d121fd31958733afdc68d3f1cde538a17b738328	41166		fixture-kotlin-compiler-08	request-selected-source	2	1	fixture-kotlin-compiler-08	1	0	0	1	0	200	0	0	0	1	0
graph-id-in-literal-wrapped-contains-k02-group-29-zero	graph-id-set	graph-id-in-literal-wrapped-contains	zero	graph-id-in-literal-and-wrapped-contains	graph-routing-set	properties	200	fixture-kotlin-compiler-10	fixture-kotlin-compiler-10,fixture-kotlin-compiler-11	2	20341b7b9938ddb55fbb28df934295ce73aa657110196eceeb02f06a2d7ad4f1	success	0	147	805c8c7334c868e18e2be84be95b83cc60895722d739c2b164a68be4cd410c49	45875			cypher-graph-id-predicate	64	2	fixture-kotlin-compiler-10,fixture-kotlin-compiler-11	2	0	0	2	0	4	1	1	62	1	0
graph-id-in-parameter-wrapped-contains-k02-group-29-zero	graph-id-set	graph-id-in-parameter-wrapped-contains	zero	graph-id-in-parameter-and-wrapped-contains	parameters	properties	200	fixture-kotlin-compiler-10	fixture-kotlin-compiler-10,fixture-kotlin-compiler-11	2	20341b7b9938ddb55fbb28df934295ce73aa657110196eceeb02f06a2d7ad4f1	success	0	147	805c8c7334c868e18e2be84be95b83cc60895722d739c2b164a68be4cd410c49	31625			cypher-graph-id-predicate	64	2	fixture-kotlin-compiler-10,fixture-kotlin-compiler-11	2	0	0	2	0	2	1	1	62	1	0
request-selected-set-wrapped-contains-k02-group-29-zero	graph-set-reference	request-selected-set-wrapped-contains	zero	request-graph-set-selection-and-wrapped-contains	request-selected-source	properties	200	fixture-kotlin-compiler-10	fixture-kotlin-compiler-10,fixture-kotlin-compiler-11	2	20341b7b9938ddb55fbb28df934295ce73aa657110196eceeb02f06a2d7ad4f1	success	0	147	805c8c7334c868e18e2be84be95b83cc60895722d739c2b164a68be4cd410c49	21958			request-selected-source	2	2	fixture-kotlin-compiler-10,fixture-kotlin-compiler-11	2	0	0	2	0	2	0	0	0	1	0
graph-id-in-literal-wrapped-contains-k02-group-29-targeted	graph-id-set	graph-id-in-literal-wrapped-contains	targeted	graph-id-in-literal-and-wrapped-contains	graph-routing-set	properties	200	fixture-kotlin-compiler-10	fixture-kotlin-compiler-10,fixture-kotlin-compiler-11	2	20341b7b9938ddb55fbb28df934295ce73aa657110196eceeb02f06a2d7ad4f1	success	12	7029	1df616dc12f8aa99df8ef1921ad6c878afdd2d37362d488527ffbb7ddbe7f6e3	239208		fixture-kotlin-compiler-10	cypher-graph-id-predicate	64	2	fixture-kotlin-compiler-10,fixture-kotlin-compiler-11	2	0	0	2	0	711	1	1	62	1	0
graph-id-in-parameter-wrapped-contains-k02-group-29-targeted	graph-id-set	graph-id-in-parameter-wrapped-contains	targeted	graph-id-in-parameter-and-wrapped-contains	parameters	properties	200	fixture-kotlin-compiler-10	fixture-kotlin-compiler-10,fixture-kotlin-compiler-11	2	20341b7b9938ddb55fbb28df934295ce73aa657110196eceeb02f06a2d7ad4f1	success	12	7029	1df616dc12f8aa99df8ef1921ad6c878afdd2d37362d488527ffbb7ddbe7f6e3	30291		fixture-kotlin-compiler-10	cypher-graph-id-predicate	64	2	fixture-kotlin-compiler-10,fixture-kotlin-compiler-11	2	0	0	2	0	13	1	1	62	1	0
request-selected-set-wrapped-contains-k02-group-29-targeted	graph-set-reference	request-selected-set-wrapped-contains	targeted	request-graph-set-selection-and-wrapped-contains	request-selected-source	properties	200	fixture-kotlin-compiler-10	fixture-kotlin-compiler-10,fixture-kotlin-compiler-11	2	20341b7b9938ddb55fbb28df934295ce73aa657110196eceeb02f06a2d7ad4f1	success	12	7029	1df616dc12f8aa99df8ef1921ad6c878afdd2d37362d488527ffbb7ddbe7f6e3	26792		fixture-kotlin-compiler-10	request-selected-source	2	2	fixture-kotlin-compiler-10,fixture-kotlin-compiler-11	2	0	0	2	0	13	0	0	0	1	0
graph-id-in-literal-wrapped-contains-k02-group-29-dense	graph-id-set	graph-id-in-literal-wrapped-contains	dense	graph-id-in-literal-and-wrapped-contains	graph-routing-set	properties	200	fixture-kotlin-compiler-10	fixture-kotlin-compiler-10,fixture-kotlin-compiler-11	2	20341b7b9938ddb55fbb28df934295ce73aa657110196eceeb02f06a2d7ad4f1	success	200	94948	3f3fd3df372307937afdfd0915ce035266497833c5712760faf456eece659c97	909000		fixture-kotlin-compiler-10	cypher-graph-id-predicate	64	1	fixture-kotlin-compiler-10	1	0	0	1	0	13503	1	1	62	1	0
graph-id-in-parameter-wrapped-contains-k02-group-29-dense	graph-id-set	graph-id-in-parameter-wrapped-contains	dense	graph-id-in-parameter-and-wrapped-contains	parameters	properties	200	fixture-kotlin-compiler-10	fixture-kotlin-compiler-10,fixture-kotlin-compiler-11	2	20341b7b9938ddb55fbb28df934295ce73aa657110196eceeb02f06a2d7ad4f1	success	200	94948	3f3fd3df372307937afdfd0915ce035266497833c5712760faf456eece659c97	48375		fixture-kotlin-compiler-10	cypher-graph-id-predicate	64	1	fixture-kotlin-compiler-10	1	0	0	1	0	200	1	1	62	1	0
request-selected-set-wrapped-contains-k02-group-29-dense	graph-set-reference	request-selected-set-wrapped-contains	dense	request-graph-set-selection-and-wrapped-contains	request-selected-source	properties	200	fixture-kotlin-compiler-10	fixture-kotlin-compiler-10,fixture-kotlin-compiler-11	2	20341b7b9938ddb55fbb28df934295ce73aa657110196eceeb02f06a2d7ad4f1	success	200	94948	3f3fd3df372307937afdfd0915ce035266497833c5712760faf456eece659c97	36834		fixture-kotlin-compiler-10	request-selected-source	2	1	fixture-kotlin-compiler-10	1	0	0	1	0	200	0	0	0	1	0
graph-id-in-literal-wrapped-contains-k02-group-30-zero	graph-id-set	graph-id-in-literal-wrapped-contains	zero	graph-id-in-literal-and-wrapped-contains	graph-routing-set	properties	200	fixture-kotlin-compiler-12	fixture-kotlin-compiler-12,fixture-kotlin-compiler-13	2	b389935714dfde3a641840786b7e9d99d650f759bbcbd2d6d3c9cb7de6772b8e	success	0	147	805c8c7334c868e18e2be84be95b83cc60895722d739c2b164a68be4cd410c49	42875			cypher-graph-id-predicate	64	2	fixture-kotlin-compiler-12,fixture-kotlin-compiler-13	2	0	0	2	0	4	1	1	62	1	0
graph-id-in-parameter-wrapped-contains-k02-group-30-zero	graph-id-set	graph-id-in-parameter-wrapped-contains	zero	graph-id-in-parameter-and-wrapped-contains	parameters	properties	200	fixture-kotlin-compiler-12	fixture-kotlin-compiler-12,fixture-kotlin-compiler-13	2	b389935714dfde3a641840786b7e9d99d650f759bbcbd2d6d3c9cb7de6772b8e	success	0	147	805c8c7334c868e18e2be84be95b83cc60895722d739c2b164a68be4cd410c49	26750			cypher-graph-id-predicate	64	2	fixture-kotlin-compiler-12,fixture-kotlin-compiler-13	2	0	0	2	0	2	1	1	62	1	0
request-selected-set-wrapped-contains-k02-group-30-zero	graph-set-reference	request-selected-set-wrapped-contains	zero	request-graph-set-selection-and-wrapped-contains	request-selected-source	properties	200	fixture-kotlin-compiler-12	fixture-kotlin-compiler-12,fixture-kotlin-compiler-13	2	b389935714dfde3a641840786b7e9d99d650f759bbcbd2d6d3c9cb7de6772b8e	success	0	147	805c8c7334c868e18e2be84be95b83cc60895722d739c2b164a68be4cd410c49	19708			request-selected-source	2	2	fixture-kotlin-compiler-12,fixture-kotlin-compiler-13	2	0	0	2	0	2	0	0	0	1	0
graph-id-in-literal-wrapped-contains-k02-group-30-targeted	graph-id-set	graph-id-in-literal-wrapped-contains	targeted	graph-id-in-literal-and-wrapped-contains	graph-routing-set	properties	200	fixture-kotlin-compiler-12	fixture-kotlin-compiler-12,fixture-kotlin-compiler-13	2	b389935714dfde3a641840786b7e9d99d650f759bbcbd2d6d3c9cb7de6772b8e	success	13	7599	88379c6b80e2b23974c6b6a1e2c6fc3f3680ec705c71b7cecbc9a2228bf7fa26	273584		fixture-kotlin-compiler-12	cypher-graph-id-predicate	64	2	fixture-kotlin-compiler-12,fixture-kotlin-compiler-13	2	0	0	2	0	822	1	1	62	1	0
graph-id-in-parameter-wrapped-contains-k02-group-30-targeted	graph-id-set	graph-id-in-parameter-wrapped-contains	targeted	graph-id-in-parameter-and-wrapped-contains	parameters	properties	200	fixture-kotlin-compiler-12	fixture-kotlin-compiler-12,fixture-kotlin-compiler-13	2	b389935714dfde3a641840786b7e9d99d650f759bbcbd2d6d3c9cb7de6772b8e	success	13	7599	88379c6b80e2b23974c6b6a1e2c6fc3f3680ec705c71b7cecbc9a2228bf7fa26	25208		fixture-kotlin-compiler-12	cypher-graph-id-predicate	64	2	fixture-kotlin-compiler-12,fixture-kotlin-compiler-13	2	0	0	2	0	14	1	1	62	1	0
request-selected-set-wrapped-contains-k02-group-30-targeted	graph-set-reference	request-selected-set-wrapped-contains	targeted	request-graph-set-selection-and-wrapped-contains	request-selected-source	properties	200	fixture-kotlin-compiler-12	fixture-kotlin-compiler-12,fixture-kotlin-compiler-13	2	b389935714dfde3a641840786b7e9d99d650f759bbcbd2d6d3c9cb7de6772b8e	success	13	7599	88379c6b80e2b23974c6b6a1e2c6fc3f3680ec705c71b7cecbc9a2228bf7fa26	21209		fixture-kotlin-compiler-12	request-selected-source	2	2	fixture-kotlin-compiler-12,fixture-kotlin-compiler-13	2	0	0	2	0	14	0	0	0	1	0
graph-id-in-literal-wrapped-contains-k02-group-30-dense	graph-id-set	graph-id-in-literal-wrapped-contains	dense	graph-id-in-literal-and-wrapped-contains	graph-routing-set	properties	200	fixture-kotlin-compiler-12	fixture-kotlin-compiler-12,fixture-kotlin-compiler-13	2	b389935714dfde3a641840786b7e9d99d650f759bbcbd2d6d3c9cb7de6772b8e	success	200	94040	5d662b90e716477fff887768402c85462026d6042e22f1d7fafdb565b9f9efc8	793750		fixture-kotlin-compiler-12	cypher-graph-id-predicate	64	1	fixture-kotlin-compiler-12	1	0	0	1	0	12063	1	1	62	1	0
graph-id-in-parameter-wrapped-contains-k02-group-30-dense	graph-id-set	graph-id-in-parameter-wrapped-contains	dense	graph-id-in-parameter-and-wrapped-contains	parameters	properties	200	fixture-kotlin-compiler-12	fixture-kotlin-compiler-12,fixture-kotlin-compiler-13	2	b389935714dfde3a641840786b7e9d99d650f759bbcbd2d6d3c9cb7de6772b8e	success	200	94040	5d662b90e716477fff887768402c85462026d6042e22f1d7fafdb565b9f9efc8	40416		fixture-kotlin-compiler-12	cypher-graph-id-predicate	64	1	fixture-kotlin-compiler-12	1	0	0	1	0	200	1	1	62	1	0
request-selected-set-wrapped-contains-k02-group-30-dense	graph-set-reference	request-selected-set-wrapped-contains	dense	request-graph-set-selection-and-wrapped-contains	request-selected-source	properties	200	fixture-kotlin-compiler-12	fixture-kotlin-compiler-12,fixture-kotlin-compiler-13	2	b389935714dfde3a641840786b7e9d99d650f759bbcbd2d6d3c9cb7de6772b8e	success	200	94040	5d662b90e716477fff887768402c85462026d6042e22f1d7fafdb565b9f9efc8	35667		fixture-kotlin-compiler-12	request-selected-source	2	1	fixture-kotlin-compiler-12	1	0	0	1	0	200	0	0	0	1	0
graph-id-in-literal-wrapped-contains-k02-group-31-zero	graph-id-set	graph-id-in-literal-wrapped-contains	zero	graph-id-in-literal-and-wrapped-contains	graph-routing-set	properties	200	fixture-kotlin-compiler-14	fixture-kotlin-compiler-14,fixture-kotlin-compiler-15	2	a6b35e4854d4df9691d25961b5ef3b872fce047e43f6d0e6b70ecd7de191d4de	success	0	147	805c8c7334c868e18e2be84be95b83cc60895722d739c2b164a68be4cd410c49	37833			cypher-graph-id-predicate	64	2	fixture-kotlin-compiler-14,fixture-kotlin-compiler-15	2	0	0	2	0	4	1	1	62	1	0
graph-id-in-parameter-wrapped-contains-k02-group-31-zero	graph-id-set	graph-id-in-parameter-wrapped-contains	zero	graph-id-in-parameter-and-wrapped-contains	parameters	properties	200	fixture-kotlin-compiler-14	fixture-kotlin-compiler-14,fixture-kotlin-compiler-15	2	a6b35e4854d4df9691d25961b5ef3b872fce047e43f6d0e6b70ecd7de191d4de	success	0	147	805c8c7334c868e18e2be84be95b83cc60895722d739c2b164a68be4cd410c49	24834			cypher-graph-id-predicate	64	2	fixture-kotlin-compiler-14,fixture-kotlin-compiler-15	2	0	0	2	0	2	1	1	62	1	0
request-selected-set-wrapped-contains-k02-group-31-zero	graph-set-reference	request-selected-set-wrapped-contains	zero	request-graph-set-selection-and-wrapped-contains	request-selected-source	properties	200	fixture-kotlin-compiler-14	fixture-kotlin-compiler-14,fixture-kotlin-compiler-15	2	a6b35e4854d4df9691d25961b5ef3b872fce047e43f6d0e6b70ecd7de191d4de	success	0	147	805c8c7334c868e18e2be84be95b83cc60895722d739c2b164a68be4cd410c49	20625			request-selected-source	2	2	fixture-kotlin-compiler-14,fixture-kotlin-compiler-15	2	0	0	2	0	2	0	0	0	1	0
graph-id-in-literal-wrapped-contains-k02-group-31-targeted	graph-id-set	graph-id-in-literal-wrapped-contains	targeted	graph-id-in-literal-and-wrapped-contains	graph-routing-set	properties	200	fixture-kotlin-compiler-14	fixture-kotlin-compiler-14,fixture-kotlin-compiler-15	2	a6b35e4854d4df9691d25961b5ef3b872fce047e43f6d0e6b70ecd7de191d4de	success	1	877	f04b3035acb1285487cb68f126c796fd316b35c6ce630f1e71efd88436bf28f2	205084		fixture-kotlin-compiler-14	cypher-graph-id-predicate	64	2	fixture-kotlin-compiler-14,fixture-kotlin-compiler-15	2	0	0	2	0	692	1	1	62	1	0
graph-id-in-parameter-wrapped-contains-k02-group-31-targeted	graph-id-set	graph-id-in-parameter-wrapped-contains	targeted	graph-id-in-parameter-and-wrapped-contains	parameters	properties	200	fixture-kotlin-compiler-14	fixture-kotlin-compiler-14,fixture-kotlin-compiler-15	2	a6b35e4854d4df9691d25961b5ef3b872fce047e43f6d0e6b70ecd7de191d4de	success	1	877	f04b3035acb1285487cb68f126c796fd316b35c6ce630f1e71efd88436bf28f2	22792		fixture-kotlin-compiler-14	cypher-graph-id-predicate	64	2	fixture-kotlin-compiler-14,fixture-kotlin-compiler-15	2	0	0	2	0	2	1	1	62	1	0
request-selected-set-wrapped-contains-k02-group-31-targeted	graph-set-reference	request-selected-set-wrapped-contains	targeted	request-graph-set-selection-and-wrapped-contains	request-selected-source	properties	200	fixture-kotlin-compiler-14	fixture-kotlin-compiler-14,fixture-kotlin-compiler-15	2	a6b35e4854d4df9691d25961b5ef3b872fce047e43f6d0e6b70ecd7de191d4de	success	1	877	f04b3035acb1285487cb68f126c796fd316b35c6ce630f1e71efd88436bf28f2	20958		fixture-kotlin-compiler-14	request-selected-source	2	2	fixture-kotlin-compiler-14,fixture-kotlin-compiler-15	2	0	0	2	0	2	0	0	0	1	0
graph-id-in-literal-wrapped-contains-k02-group-31-dense	graph-id-set	graph-id-in-literal-wrapped-contains	dense	graph-id-in-literal-and-wrapped-contains	graph-routing-set	properties	200	fixture-kotlin-compiler-14	fixture-kotlin-compiler-14,fixture-kotlin-compiler-15	2	a6b35e4854d4df9691d25961b5ef3b872fce047e43f6d0e6b70ecd7de191d4de	success	200	97449	f19574ac46a01dafc16136d9e8c4835b8d40c72753078eb8a67a1d7d438dd937	824417		fixture-kotlin-compiler-14	cypher-graph-id-predicate	64	1	fixture-kotlin-compiler-14	1	0	0	1	0	12121	1	1	62	1	0
graph-id-in-parameter-wrapped-contains-k02-group-31-dense	graph-id-set	graph-id-in-parameter-wrapped-contains	dense	graph-id-in-parameter-and-wrapped-contains	parameters	properties	200	fixture-kotlin-compiler-14	fixture-kotlin-compiler-14,fixture-kotlin-compiler-15	2	a6b35e4854d4df9691d25961b5ef3b872fce047e43f6d0e6b70ecd7de191d4de	success	200	97449	f19574ac46a01dafc16136d9e8c4835b8d40c72753078eb8a67a1d7d438dd937	48000		fixture-kotlin-compiler-14	cypher-graph-id-predicate	64	1	fixture-kotlin-compiler-14	1	0	0	1	0	200	1	1	62	1	0
request-selected-set-wrapped-contains-k02-group-31-dense	graph-set-reference	request-selected-set-wrapped-contains	dense	request-graph-set-selection-and-wrapped-contains	request-selected-source	properties	200	fixture-kotlin-compiler-14	fixture-kotlin-compiler-14,fixture-kotlin-compiler-15	2	a6b35e4854d4df9691d25961b5ef3b872fce047e43f6d0e6b70ecd7de191d4de	success	200	97449	f19574ac46a01dafc16136d9e8c4835b8d40c72753078eb8a67a1d7d438dd937	33667		fixture-kotlin-compiler-14	request-selected-source	2	1	fixture-kotlin-compiler-14	1	0	0	1	0	200	0	0	0	1	0
graph-id-in-literal-wrapped-contains-k08-group-00-zero	graph-id-set	graph-id-in-literal-wrapped-contains	zero	graph-id-in-literal-and-wrapped-contains	graph-routing-set	properties	200	fixture-android-00	fixture-android-00,fixture-android-01,fixture-android-02,fixture-android-03,fixture-android-04,fixture-android-05,fixture-android-06,fixture-android-07	8	dbb4c7670cb50175e1ed9aecd02894c9b46357a21973cc2bfb55c04754222a47	success	0	147	805c8c7334c868e18e2be84be95b83cc60895722d739c2b164a68be4cd410c49	84167			cypher-graph-id-predicate	64	8	fixture-android-00,fixture-android-01,fixture-android-02,fixture-android-03,fixture-android-04,fixture-android-05,fixture-android-06,fixture-android-07	8	0	0	8	0	50	1	1	56	1	0
graph-id-in-parameter-wrapped-contains-k08-group-00-zero	graph-id-set	graph-id-in-parameter-wrapped-contains	zero	graph-id-in-parameter-and-wrapped-contains	parameters	properties	200	fixture-android-00	fixture-android-00,fixture-android-01,fixture-android-02,fixture-android-03,fixture-android-04,fixture-android-05,fixture-android-06,fixture-android-07	8	dbb4c7670cb50175e1ed9aecd02894c9b46357a21973cc2bfb55c04754222a47	success	0	147	805c8c7334c868e18e2be84be95b83cc60895722d739c2b164a68be4cd410c49	36000			cypher-graph-id-predicate	64	8	fixture-android-00,fixture-android-01,fixture-android-02,fixture-android-03,fixture-android-04,fixture-android-05,fixture-android-06,fixture-android-07	8	0	0	8	0	8	1	1	56	1	0
request-selected-set-wrapped-contains-k08-group-00-zero	graph-set-reference	request-selected-set-wrapped-contains	zero	request-graph-set-selection-and-wrapped-contains	request-selected-source	properties	200	fixture-android-00	fixture-android-00,fixture-android-01,fixture-android-02,fixture-android-03,fixture-android-04,fixture-android-05,fixture-android-06,fixture-android-07	8	dbb4c7670cb50175e1ed9aecd02894c9b46357a21973cc2bfb55c04754222a47	success	0	147	805c8c7334c868e18e2be84be95b83cc60895722d739c2b164a68be4cd410c49	33542			request-selected-source	8	8	fixture-android-00,fixture-android-01,fixture-android-02,fixture-android-03,fixture-android-04,fixture-android-05,fixture-android-06,fixture-android-07	8	0	0	8	0	8	0	0	0	1	0
graph-id-in-literal-wrapped-contains-k08-group-00-targeted	graph-id-set	graph-id-in-literal-wrapped-contains	targeted	graph-id-in-literal-and-wrapped-contains	graph-routing-set	properties	200	fixture-android-00	fixture-android-00,fixture-android-01,fixture-android-02,fixture-android-03,fixture-android-04,fixture-android-05,fixture-android-06,fixture-android-07	8	dbb4c7670cb50175e1ed9aecd02894c9b46357a21973cc2bfb55c04754222a47	success	10	5730	00c81103244dc6d42abdc3894d771e5a24957dcf7e5ad4d8dc686b1d7e0cb89e	391417		fixture-android-00	cypher-graph-id-predicate	64	8	fixture-android-00,fixture-android-01,fixture-android-02,fixture-android-03,fixture-android-04,fixture-android-05,fixture-android-06,fixture-android-07	8	0	0	8	0	1069	1	1	56	1	0
graph-id-in-parameter-wrapped-contains-k08-group-00-targeted	graph-id-set	graph-id-in-parameter-wrapped-contains	targeted	graph-id-in-parameter-and-wrapped-contains	parameters	properties	200	fixture-android-00	fixture-android-00,fixture-android-01,fixture-android-02,fixture-android-03,fixture-android-04,fixture-android-05,fixture-android-06,fixture-android-07	8	dbb4c7670cb50175e1ed9aecd02894c9b46357a21973cc2bfb55c04754222a47	success	10	5730	00c81103244dc6d42abdc3894d771e5a24957dcf7e5ad4d8dc686b1d7e0cb89e	45500		fixture-android-00	cypher-graph-id-predicate	64	8	fixture-android-00,fixture-android-01,fixture-android-02,fixture-android-03,fixture-android-04,fixture-android-05,fixture-android-06,fixture-android-07	8	0	0	8	0	17	1	1	56	1	0
request-selected-set-wrapped-contains-k08-group-00-targeted	graph-set-reference	request-selected-set-wrapped-contains	targeted	request-graph-set-selection-and-wrapped-contains	request-selected-source	properties	200	fixture-android-00	fixture-android-00,fixture-android-01,fixture-android-02,fixture-android-03,fixture-android-04,fixture-android-05,fixture-android-06,fixture-android-07	8	dbb4c7670cb50175e1ed9aecd02894c9b46357a21973cc2bfb55c04754222a47	success	10	5730	00c81103244dc6d42abdc3894d771e5a24957dcf7e5ad4d8dc686b1d7e0cb89e	29375		fixture-android-00	request-selected-source	8	8	fixture-android-00,fixture-android-01,fixture-android-02,fixture-android-03,fixture-android-04,fixture-android-05,fixture-android-06,fixture-android-07	8	0	0	8	0	17	0	0	0	1	0
graph-id-in-literal-wrapped-contains-k08-group-00-dense	graph-id-set	graph-id-in-literal-wrapped-contains	dense	graph-id-in-literal-and-wrapped-contains	graph-routing-set	properties	200	fixture-android-00	fixture-android-00,fixture-android-01,fixture-android-02,fixture-android-03,fixture-android-04,fixture-android-05,fixture-android-06,fixture-android-07	8	dbb4c7670cb50175e1ed9aecd02894c9b46357a21973cc2bfb55c04754222a47	success	200	84411	3bdee68309e62bee93f47848258ded90b1763d55841fa57d8b8fd21867653c44	90416		fixture-android-00	cypher-graph-id-predicate	64	1	fixture-android-00	1	0	0	1	0	200	1	1	56	1	0
graph-id-in-parameter-wrapped-contains-k08-group-00-dense	graph-id-set	graph-id-in-parameter-wrapped-contains	dense	graph-id-in-parameter-and-wrapped-contains	parameters	properties	200	fixture-android-00	fixture-android-00,fixture-android-01,fixture-android-02,fixture-android-03,fixture-android-04,fixture-android-05,fixture-android-06,fixture-android-07	8	dbb4c7670cb50175e1ed9aecd02894c9b46357a21973cc2bfb55c04754222a47	success	200	84411	3bdee68309e62bee93f47848258ded90b1763d55841fa57d8b8fd21867653c44	43791		fixture-android-00	cypher-graph-id-predicate	64	1	fixture-android-00	1	0	0	1	0	200	1	1	56	1	0
request-selected-set-wrapped-contains-k08-group-00-dense	graph-set-reference	request-selected-set-wrapped-contains	dense	request-graph-set-selection-and-wrapped-contains	request-selected-source	properties	200	fixture-android-00	fixture-android-00,fixture-android-01,fixture-android-02,fixture-android-03,fixture-android-04,fixture-android-05,fixture-android-06,fixture-android-07	8	dbb4c7670cb50175e1ed9aecd02894c9b46357a21973cc2bfb55c04754222a47	success	200	84411	3bdee68309e62bee93f47848258ded90b1763d55841fa57d8b8fd21867653c44	37583		fixture-android-00	request-selected-source	8	1	fixture-android-00	1	0	0	1	0	200	0	0	0	1	0
graph-id-in-literal-wrapped-contains-k08-group-01-zero	graph-id-set	graph-id-in-literal-wrapped-contains	zero	graph-id-in-literal-and-wrapped-contains	graph-routing-set	properties	200	fixture-android-08	fixture-android-08,fixture-android-09,fixture-android-10,fixture-android-11,fixture-android-12,fixture-android-13,fixture-android-14,fixture-android-15	8	4e8edbc5e09d25d8440c7dafb09ee365bd5069d78d874ddbf91e893197558fb0	success	0	147	805c8c7334c868e18e2be84be95b83cc60895722d739c2b164a68be4cd410c49	80750			cypher-graph-id-predicate	64	8	fixture-android-08,fixture-android-09,fixture-android-10,fixture-android-11,fixture-android-12,fixture-android-13,fixture-android-14,fixture-android-15	8	0	0	8	0	46	1	1	56	1	0
graph-id-in-parameter-wrapped-contains-k08-group-01-zero	graph-id-set	graph-id-in-parameter-wrapped-contains	zero	graph-id-in-parameter-and-wrapped-contains	parameters	properties	200	fixture-android-08	fixture-android-08,fixture-android-09,fixture-android-10,fixture-android-11,fixture-android-12,fixture-android-13,fixture-android-14,fixture-android-15	8	4e8edbc5e09d25d8440c7dafb09ee365bd5069d78d874ddbf91e893197558fb0	success	0	147	805c8c7334c868e18e2be84be95b83cc60895722d739c2b164a68be4cd410c49	27208			cypher-graph-id-predicate	64	8	fixture-android-08,fixture-android-09,fixture-android-10,fixture-android-11,fixture-android-12,fixture-android-13,fixture-android-14,fixture-android-15	8	0	0	8	0	8	1	1	56	1	0
request-selected-set-wrapped-contains-k08-group-01-zero	graph-set-reference	request-selected-set-wrapped-contains	zero	request-graph-set-selection-and-wrapped-contains	request-selected-source	properties	200	fixture-android-08	fixture-android-08,fixture-android-09,fixture-android-10,fixture-android-11,fixture-android-12,fixture-android-13,fixture-android-14,fixture-android-15	8	4e8edbc5e09d25d8440c7dafb09ee365bd5069d78d874ddbf91e893197558fb0	success	0	147	805c8c7334c868e18e2be84be95b83cc60895722d739c2b164a68be4cd410c49	32000			request-selected-source	8	8	fixture-android-08,fixture-android-09,fixture-android-10,fixture-android-11,fixture-android-12,fixture-android-13,fixture-android-14,fixture-android-15	8	0	0	8	0	8	0	0	0	1	0
graph-id-in-literal-wrapped-contains-k08-group-01-targeted	graph-id-set	graph-id-in-literal-wrapped-contains	targeted	graph-id-in-literal-and-wrapped-contains	graph-routing-set	properties	200	fixture-android-08	fixture-android-08,fixture-android-09,fixture-android-10,fixture-android-11,fixture-android-12,fixture-android-13,fixture-android-14,fixture-android-15	8	4e8edbc5e09d25d8440c7dafb09ee365bd5069d78d874ddbf91e893197558fb0	success	2	1322	4b49b28d836e57c2c3f8d43a93acd00a93b169fcd603338f9ab350f541e9665c	375542		fixture-android-08	cypher-graph-id-predicate	64	8	fixture-android-08,fixture-android-09,fixture-android-10,fixture-android-11,fixture-android-12,fixture-android-13,fixture-android-14,fixture-android-15	8	0	0	8	0	1112	1	1	56	1	0
graph-id-in-parameter-wrapped-contains-k08-group-01-targeted	graph-id-set	graph-id-in-parameter-wrapped-contains	targeted	graph-id-in-parameter-and-wrapped-contains	parameters	properties	200	fixture-android-08	fixture-android-08,fixture-android-09,fixture-android-10,fixture-android-11,fixture-android-12,fixture-android-13,fixture-android-14,fixture-android-15	8	4e8edbc5e09d25d8440c7dafb09ee365bd5069d78d874ddbf91e893197558fb0	success	2	1322	4b49b28d836e57c2c3f8d43a93acd00a93b169fcd603338f9ab350f541e9665c	29958		fixture-android-08	cypher-graph-id-predicate	64	8	fixture-android-08,fixture-android-09,fixture-android-10,fixture-android-11,fixture-android-12,fixture-android-13,fixture-android-14,fixture-android-15	8	0	0	8	0	9	1	1	56	1	0
request-selected-set-wrapped-contains-k08-group-01-targeted	graph-set-reference	request-selected-set-wrapped-contains	targeted	request-graph-set-selection-and-wrapped-contains	request-selected-source	properties	200	fixture-android-08	fixture-android-08,fixture-android-09,fixture-android-10,fixture-android-11,fixture-android-12,fixture-android-13,fixture-android-14,fixture-android-15	8	4e8edbc5e09d25d8440c7dafb09ee365bd5069d78d874ddbf91e893197558fb0	success	2	1322	4b49b28d836e57c2c3f8d43a93acd00a93b169fcd603338f9ab350f541e9665c	29125		fixture-android-08	request-selected-source	8	8	fixture-android-08,fixture-android-09,fixture-android-10,fixture-android-11,fixture-android-12,fixture-android-13,fixture-android-14,fixture-android-15	8	0	0	8	0	9	0	0	0	1	0
graph-id-in-literal-wrapped-contains-k08-group-01-dense	graph-id-set	graph-id-in-literal-wrapped-contains	dense	graph-id-in-literal-and-wrapped-contains	graph-routing-set	properties	200	fixture-android-08	fixture-android-08,fixture-android-09,fixture-android-10,fixture-android-11,fixture-android-12,fixture-android-13,fixture-android-14,fixture-android-15	8	4e8edbc5e09d25d8440c7dafb09ee365bd5069d78d874ddbf91e893197558fb0	success	200	85531	ed34441ff634f19c276911a1fa193106a9070fde1065b57fc7ec71132b8d5f66	66375		fixture-android-08	cypher-graph-id-predicate	64	1	fixture-android-08	1	0	0	1	0	200	1	1	56	1	0
graph-id-in-parameter-wrapped-contains-k08-group-01-dense	graph-id-set	graph-id-in-parameter-wrapped-contains	dense	graph-id-in-parameter-and-wrapped-contains	parameters	properties	200	fixture-android-08	fixture-android-08,fixture-android-09,fixture-android-10,fixture-android-11,fixture-android-12,fixture-android-13,fixture-android-14,fixture-android-15	8	4e8edbc5e09d25d8440c7dafb09ee365bd5069d78d874ddbf91e893197558fb0	success	200	85531	ed34441ff634f19c276911a1fa193106a9070fde1065b57fc7ec71132b8d5f66	40708		fixture-android-08	cypher-graph-id-predicate	64	1	fixture-android-08	1	0	0	1	0	200	1	1	56	1	0
request-selected-set-wrapped-contains-k08-group-01-dense	graph-set-reference	request-selected-set-wrapped-contains	dense	request-graph-set-selection-and-wrapped-contains	request-selected-source	properties	200	fixture-android-08	fixture-android-08,fixture-android-09,fixture-android-10,fixture-android-11,fixture-android-12,fixture-android-13,fixture-android-14,fixture-android-15	8	4e8edbc5e09d25d8440c7dafb09ee365bd5069d78d874ddbf91e893197558fb0	success	200	85531	ed34441ff634f19c276911a1fa193106a9070fde1065b57fc7ec71132b8d5f66	42084		fixture-android-08	request-selected-source	8	1	fixture-android-08	1	0	0	1	0	200	0	0	0	1	0
graph-id-in-literal-wrapped-contains-k08-group-02-zero	graph-id-set	graph-id-in-literal-wrapped-contains	zero	graph-id-in-literal-and-wrapped-contains	graph-routing-set	properties	200	fixture-tika-00	fixture-tika-00,fixture-tika-01,fixture-tika-02,fixture-tika-03,fixture-tika-04,fixture-tika-05,fixture-tika-06,fixture-tika-07	8	b6d4d08b650d299fbabdb34c9023e4fcf2b9df516edbf304a8f77ace3ec43d22	success	0	147	805c8c7334c868e18e2be84be95b83cc60895722d739c2b164a68be4cd410c49	57333			cypher-graph-id-predicate	64	8	fixture-tika-00,fixture-tika-01,fixture-tika-02,fixture-tika-03,fixture-tika-04,fixture-tika-05,fixture-tika-06,fixture-tika-07	8	0	0	8	0	14	1	1	56	1	0
graph-id-in-parameter-wrapped-contains-k08-group-02-zero	graph-id-set	graph-id-in-parameter-wrapped-contains	zero	graph-id-in-parameter-and-wrapped-contains	parameters	properties	200	fixture-tika-00	fixture-tika-00,fixture-tika-01,fixture-tika-02,fixture-tika-03,fixture-tika-04,fixture-tika-05,fixture-tika-06,fixture-tika-07	8	b6d4d08b650d299fbabdb34c9023e4fcf2b9df516edbf304a8f77ace3ec43d22	success	0	147	805c8c7334c868e18e2be84be95b83cc60895722d739c2b164a68be4cd410c49	30458			cypher-graph-id-predicate	64	8	fixture-tika-00,fixture-tika-01,fixture-tika-02,fixture-tika-03,fixture-tika-04,fixture-tika-05,fixture-tika-06,fixture-tika-07	8	0	0	8	0	8	1	1	56	1	0
request-selected-set-wrapped-contains-k08-group-02-zero	graph-set-reference	request-selected-set-wrapped-contains	zero	request-graph-set-selection-and-wrapped-contains	request-selected-source	properties	200	fixture-tika-00	fixture-tika-00,fixture-tika-01,fixture-tika-02,fixture-tika-03,fixture-tika-04,fixture-tika-05,fixture-tika-06,fixture-tika-07	8	b6d4d08b650d299fbabdb34c9023e4fcf2b9df516edbf304a8f77ace3ec43d22	success	0	147	805c8c7334c868e18e2be84be95b83cc60895722d739c2b164a68be4cd410c49	22500			request-selected-source	8	8	fixture-tika-00,fixture-tika-01,fixture-tika-02,fixture-tika-03,fixture-tika-04,fixture-tika-05,fixture-tika-06,fixture-tika-07	8	0	0	8	0	8	0	0	0	1	0
graph-id-in-literal-wrapped-contains-k08-group-02-targeted	graph-id-set	graph-id-in-literal-wrapped-contains	targeted	graph-id-in-literal-and-wrapped-contains	graph-routing-set	properties	200	fixture-tika-00	fixture-tika-00,fixture-tika-01,fixture-tika-02,fixture-tika-03,fixture-tika-04,fixture-tika-05,fixture-tika-06,fixture-tika-07	8	b6d4d08b650d299fbabdb34c9023e4fcf2b9df516edbf304a8f77ace3ec43d22	success	1	771	41ad9b5110585bc89df35b9d0a0c6bd66daaf6c239b4212552d078b2f2a28c34	473292		fixture-tika-00	cypher-graph-id-predicate	64	8	fixture-tika-00,fixture-tika-01,fixture-tika-02,fixture-tika-03,fixture-tika-04,fixture-tika-05,fixture-tika-06,fixture-tika-07	8	0	0	8	0	1578	1	1	56	1	0
graph-id-in-parameter-wrapped-contains-k08-group-02-targeted	graph-id-set	graph-id-in-parameter-wrapped-contains	targeted	graph-id-in-parameter-and-wrapped-contains	parameters	properties	200	fixture-tika-00	fixture-tika-00,fixture-tika-01,fixture-tika-02,fixture-tika-03,fixture-tika-04,fixture-tika-05,fixture-tika-06,fixture-tika-07	8	b6d4d08b650d299fbabdb34c9023e4fcf2b9df516edbf304a8f77ace3ec43d22	success	1	771	41ad9b5110585bc89df35b9d0a0c6bd66daaf6c239b4212552d078b2f2a28c34	33917		fixture-tika-00	cypher-graph-id-predicate	64	8	fixture-tika-00,fixture-tika-01,fixture-tika-02,fixture-tika-03,fixture-tika-04,fixture-tika-05,fixture-tika-06,fixture-tika-07	8	0	0	8	0	8	1	1	56	1	0
request-selected-set-wrapped-contains-k08-group-02-targeted	graph-set-reference	request-selected-set-wrapped-contains	targeted	request-graph-set-selection-and-wrapped-contains	request-selected-source	properties	200	fixture-tika-00	fixture-tika-00,fixture-tika-01,fixture-tika-02,fixture-tika-03,fixture-tika-04,fixture-tika-05,fixture-tika-06,fixture-tika-07	8	b6d4d08b650d299fbabdb34c9023e4fcf2b9df516edbf304a8f77ace3ec43d22	success	1	771	41ad9b5110585bc89df35b9d0a0c6bd66daaf6c239b4212552d078b2f2a28c34	24875		fixture-tika-00	request-selected-source	8	8	fixture-tika-00,fixture-tika-01,fixture-tika-02,fixture-tika-03,fixture-tika-04,fixture-tika-05,fixture-tika-06,fixture-tika-07	8	0	0	8	0	8	0	0	0	1	0
graph-id-in-literal-wrapped-contains-k08-group-02-dense	graph-id-set	graph-id-in-literal-wrapped-contains	dense	graph-id-in-literal-and-wrapped-contains	graph-routing-set	properties	200	fixture-tika-00	fixture-tika-00,fixture-tika-01,fixture-tika-02,fixture-tika-03,fixture-tika-04,fixture-tika-05,fixture-tika-06,fixture-tika-07	8	b6d4d08b650d299fbabdb34c9023e4fcf2b9df516edbf304a8f77ace3ec43d22	success	200	94237	51b180cd96740a311cc61165baa84cc05517b2f28ac6c70debc25f8e14514414	71666		fixture-tika-00	cypher-graph-id-predicate	64	1	fixture-tika-00	1	0	0	1	0	200	1	1	56	1	0
graph-id-in-parameter-wrapped-contains-k08-group-02-dense	graph-id-set	graph-id-in-parameter-wrapped-contains	dense	graph-id-in-parameter-and-wrapped-contains	parameters	properties	200	fixture-tika-00	fixture-tika-00,fixture-tika-01,fixture-tika-02,fixture-tika-03,fixture-tika-04,fixture-tika-05,fixture-tika-06,fixture-tika-07	8	b6d4d08b650d299fbabdb34c9023e4fcf2b9df516edbf304a8f77ace3ec43d22	success	200	94237	51b180cd96740a311cc61165baa84cc05517b2f28ac6c70debc25f8e14514414	40750		fixture-tika-00	cypher-graph-id-predicate	64	1	fixture-tika-00	1	0	0	1	0	200	1	1	56	1	0
request-selected-set-wrapped-contains-k08-group-02-dense	graph-set-reference	request-selected-set-wrapped-contains	dense	request-graph-set-selection-and-wrapped-contains	request-selected-source	properties	200	fixture-tika-00	fixture-tika-00,fixture-tika-01,fixture-tika-02,fixture-tika-03,fixture-tika-04,fixture-tika-05,fixture-tika-06,fixture-tika-07	8	b6d4d08b650d299fbabdb34c9023e4fcf2b9df516edbf304a8f77ace3ec43d22	success	200	94237	51b180cd96740a311cc61165baa84cc05517b2f28ac6c70debc25f8e14514414	37208		fixture-tika-00	request-selected-source	8	1	fixture-tika-00	1	0	0	1	0	200	0	0	0	1	0
graph-id-in-literal-wrapped-contains-k08-group-03-zero	graph-id-set	graph-id-in-literal-wrapped-contains	zero	graph-id-in-literal-and-wrapped-contains	graph-routing-set	properties	200	fixture-tika-08	fixture-tika-08,fixture-tika-09,fixture-tika-10,fixture-tika-11,fixture-tika-12,fixture-tika-13,fixture-tika-14,fixture-tika-15	8	1fba2dcdc700431fd973003335e6b9da0f283364e98b1312179ba06acf69d85a	success	0	147	805c8c7334c868e18e2be84be95b83cc60895722d739c2b164a68be4cd410c49	67125			cypher-graph-id-predicate	64	8	fixture-tika-08,fixture-tika-09,fixture-tika-10,fixture-tika-11,fixture-tika-12,fixture-tika-13,fixture-tika-14,fixture-tika-15	8	0	0	8	0	16	1	1	56	1	0
graph-id-in-parameter-wrapped-contains-k08-group-03-zero	graph-id-set	graph-id-in-parameter-wrapped-contains	zero	graph-id-in-parameter-and-wrapped-contains	parameters	properties	200	fixture-tika-08	fixture-tika-08,fixture-tika-09,fixture-tika-10,fixture-tika-11,fixture-tika-12,fixture-tika-13,fixture-tika-14,fixture-tika-15	8	1fba2dcdc700431fd973003335e6b9da0f283364e98b1312179ba06acf69d85a	success	0	147	805c8c7334c868e18e2be84be95b83cc60895722d739c2b164a68be4cd410c49	27083			cypher-graph-id-predicate	64	8	fixture-tika-08,fixture-tika-09,fixture-tika-10,fixture-tika-11,fixture-tika-12,fixture-tika-13,fixture-tika-14,fixture-tika-15	8	0	0	8	0	8	1	1	56	1	0
request-selected-set-wrapped-contains-k08-group-03-zero	graph-set-reference	request-selected-set-wrapped-contains	zero	request-graph-set-selection-and-wrapped-contains	request-selected-source	properties	200	fixture-tika-08	fixture-tika-08,fixture-tika-09,fixture-tika-10,fixture-tika-11,fixture-tika-12,fixture-tika-13,fixture-tika-14,fixture-tika-15	8	1fba2dcdc700431fd973003335e6b9da0f283364e98b1312179ba06acf69d85a	success	0	147	805c8c7334c868e18e2be84be95b83cc60895722d739c2b164a68be4cd410c49	28750			request-selected-source	8	8	fixture-tika-08,fixture-tika-09,fixture-tika-10,fixture-tika-11,fixture-tika-12,fixture-tika-13,fixture-tika-14,fixture-tika-15	8	0	0	8	0	8	0	0	0	1	0
graph-id-in-literal-wrapped-contains-k08-group-03-targeted	graph-id-set	graph-id-in-literal-wrapped-contains	targeted	graph-id-in-literal-and-wrapped-contains	graph-routing-set	properties	200	fixture-tika-08	fixture-tika-08,fixture-tika-09,fixture-tika-10,fixture-tika-11,fixture-tika-12,fixture-tika-13,fixture-tika-14,fixture-tika-15	8	1fba2dcdc700431fd973003335e6b9da0f283364e98b1312179ba06acf69d85a	success	11	6471	f7053dac9cedfeddd8e106fa7637705f2074a663f1e92a91b4f90ae3e2987a4d	382250		fixture-tika-08,fixture-tika-14	cypher-graph-id-predicate	64	8	fixture-tika-08,fixture-tika-09,fixture-tika-10,fixture-tika-11,fixture-tika-12,fixture-tika-13,fixture-tika-14,fixture-tika-15	8	0	0	8	0	1124	1	1	56	1	0
graph-id-in-parameter-wrapped-contains-k08-group-03-targeted	graph-id-set	graph-id-in-parameter-wrapped-contains	targeted	graph-id-in-parameter-and-wrapped-contains	parameters	properties	200	fixture-tika-08	fixture-tika-08,fixture-tika-09,fixture-tika-10,fixture-tika-11,fixture-tika-12,fixture-tika-13,fixture-tika-14,fixture-tika-15	8	1fba2dcdc700431fd973003335e6b9da0f283364e98b1312179ba06acf69d85a	success	11	6471	f7053dac9cedfeddd8e106fa7637705f2074a663f1e92a91b4f90ae3e2987a4d	38417		fixture-tika-08,fixture-tika-14	cypher-graph-id-predicate	64	8	fixture-tika-08,fixture-tika-09,fixture-tika-10,fixture-tika-11,fixture-tika-12,fixture-tika-13,fixture-tika-14,fixture-tika-15	8	0	0	8	0	17	1	1	56	1	0
request-selected-set-wrapped-contains-k08-group-03-targeted	graph-set-reference	request-selected-set-wrapped-contains	targeted	request-graph-set-selection-and-wrapped-contains	request-selected-source	properties	200	fixture-tika-08	fixture-tika-08,fixture-tika-09,fixture-tika-10,fixture-tika-11,fixture-tika-12,fixture-tika-13,fixture-tika-14,fixture-tika-15	8	1fba2dcdc700431fd973003335e6b9da0f283364e98b1312179ba06acf69d85a	success	11	6471	f7053dac9cedfeddd8e106fa7637705f2074a663f1e92a91b4f90ae3e2987a4d	32208		fixture-tika-08,fixture-tika-14	request-selected-source	8	8	fixture-tika-08,fixture-tika-09,fixture-tika-10,fixture-tika-11,fixture-tika-12,fixture-tika-13,fixture-tika-14,fixture-tika-15	8	0	0	8	0	17	0	0	0	1	0
graph-id-in-literal-wrapped-contains-k08-group-03-dense	graph-id-set	graph-id-in-literal-wrapped-contains	dense	graph-id-in-literal-and-wrapped-contains	graph-routing-set	properties	200	fixture-tika-08	fixture-tika-08,fixture-tika-09,fixture-tika-10,fixture-tika-11,fixture-tika-12,fixture-tika-13,fixture-tika-14,fixture-tika-15	8	1fba2dcdc700431fd973003335e6b9da0f283364e98b1312179ba06acf69d85a	success	200	96144	13cc3d04be15c5d98101b6676211e0260c08571becd6cbc7be1dcfad1b7efce8	80125		fixture-tika-08	cypher-graph-id-predicate	64	1	fixture-tika-08	1	0	0	1	0	200	1	1	56	1	0
graph-id-in-parameter-wrapped-contains-k08-group-03-dense	graph-id-set	graph-id-in-parameter-wrapped-contains	dense	graph-id-in-parameter-and-wrapped-contains	parameters	properties	200	fixture-tika-08	fixture-tika-08,fixture-tika-09,fixture-tika-10,fixture-tika-11,fixture-tika-12,fixture-tika-13,fixture-tika-14,fixture-tika-15	8	1fba2dcdc700431fd973003335e6b9da0f283364e98b1312179ba06acf69d85a	success	200	96144	13cc3d04be15c5d98101b6676211e0260c08571becd6cbc7be1dcfad1b7efce8	42750		fixture-tika-08	cypher-graph-id-predicate	64	1	fixture-tika-08	1	0	0	1	0	200	1	1	56	1	0
request-selected-set-wrapped-contains-k08-group-03-dense	graph-set-reference	request-selected-set-wrapped-contains	dense	request-graph-set-selection-and-wrapped-contains	request-selected-source	properties	200	fixture-tika-08	fixture-tika-08,fixture-tika-09,fixture-tika-10,fixture-tika-11,fixture-tika-12,fixture-tika-13,fixture-tika-14,fixture-tika-15	8	1fba2dcdc700431fd973003335e6b9da0f283364e98b1312179ba06acf69d85a	success	200	96144	13cc3d04be15c5d98101b6676211e0260c08571becd6cbc7be1dcfad1b7efce8	39917		fixture-tika-08	request-selected-source	8	1	fixture-tika-08	1	0	0	1	0	200	0	0	0	1	0
graph-id-in-literal-wrapped-contains-k08-group-04-zero	graph-id-set	graph-id-in-literal-wrapped-contains	zero	graph-id-in-literal-and-wrapped-contains	graph-routing-set	properties	200	fixture-hive-00	fixture-hive-00,fixture-hive-01,fixture-hive-02,fixture-hive-03,fixture-hive-04,fixture-hive-05,fixture-hive-06,fixture-hive-07	8	c73b793b361718f9fcb7830a3d6ea2484143494adffc46c81528bda08ea9c1a0	success	0	147	805c8c7334c868e18e2be84be95b83cc60895722d739c2b164a68be4cd410c49	72125			cypher-graph-id-predicate	64	8	fixture-hive-00,fixture-hive-01,fixture-hive-02,fixture-hive-03,fixture-hive-04,fixture-hive-05,fixture-hive-06,fixture-hive-07	8	0	0	8	0	14	1	1	56	1	0
graph-id-in-parameter-wrapped-contains-k08-group-04-zero	graph-id-set	graph-id-in-parameter-wrapped-contains	zero	graph-id-in-parameter-and-wrapped-contains	parameters	properties	200	fixture-hive-00	fixture-hive-00,fixture-hive-01,fixture-hive-02,fixture-hive-03,fixture-hive-04,fixture-hive-05,fixture-hive-06,fixture-hive-07	8	c73b793b361718f9fcb7830a3d6ea2484143494adffc46c81528bda08ea9c1a0	success	0	147	805c8c7334c868e18e2be84be95b83cc60895722d739c2b164a68be4cd410c49	41791			cypher-graph-id-predicate	64	8	fixture-hive-00,fixture-hive-01,fixture-hive-02,fixture-hive-03,fixture-hive-04,fixture-hive-05,fixture-hive-06,fixture-hive-07	8	0	0	8	0	8	1	1	56	1	0
request-selected-set-wrapped-contains-k08-group-04-zero	graph-set-reference	request-selected-set-wrapped-contains	zero	request-graph-set-selection-and-wrapped-contains	request-selected-source	properties	200	fixture-hive-00	fixture-hive-00,fixture-hive-01,fixture-hive-02,fixture-hive-03,fixture-hive-04,fixture-hive-05,fixture-hive-06,fixture-hive-07	8	c73b793b361718f9fcb7830a3d6ea2484143494adffc46c81528bda08ea9c1a0	success	0	147	805c8c7334c868e18e2be84be95b83cc60895722d739c2b164a68be4cd410c49	32750			request-selected-source	8	8	fixture-hive-00,fixture-hive-01,fixture-hive-02,fixture-hive-03,fixture-hive-04,fixture-hive-05,fixture-hive-06,fixture-hive-07	8	0	0	8	0	8	0	0	0	1	0
graph-id-in-literal-wrapped-contains-k08-group-04-targeted	graph-id-set	graph-id-in-literal-wrapped-contains	targeted	graph-id-in-literal-and-wrapped-contains	graph-routing-set	properties	200	fixture-hive-00	fixture-hive-00,fixture-hive-01,fixture-hive-02,fixture-hive-03,fixture-hive-04,fixture-hive-05,fixture-hive-06,fixture-hive-07	8	c73b793b361718f9fcb7830a3d6ea2484143494adffc46c81528bda08ea9c1a0	success	4	2862	72e96499d86d64ae9da267f3b15791817d4250f06a8dfea9d09edd8c3c23a440	436500		fixture-hive-00	cypher-graph-id-predicate	64	8	fixture-hive-00,fixture-hive-01,fixture-hive-02,fixture-hive-03,fixture-hive-04,fixture-hive-05,fixture-hive-06,fixture-hive-07	8	0	0	8	0	1328	1	1	56	1	0
graph-id-in-parameter-wrapped-contains-k08-group-04-targeted	graph-id-set	graph-id-in-parameter-wrapped-contains	targeted	graph-id-in-parameter-and-wrapped-contains	parameters	properties	200	fixture-hive-00	fixture-hive-00,fixture-hive-01,fixture-hive-02,fixture-hive-03,fixture-hive-04,fixture-hive-05,fixture-hive-06,fixture-hive-07	8	c73b793b361718f9fcb7830a3d6ea2484143494adffc46c81528bda08ea9c1a0	success	4	2862	72e96499d86d64ae9da267f3b15791817d4250f06a8dfea9d09edd8c3c23a440	34500		fixture-hive-00	cypher-graph-id-predicate	64	8	fixture-hive-00,fixture-hive-01,fixture-hive-02,fixture-hive-03,fixture-hive-04,fixture-hive-05,fixture-hive-06,fixture-hive-07	8	0	0	8	0	11	1	1	56	1	0
request-selected-set-wrapped-contains-k08-group-04-targeted	graph-set-reference	request-selected-set-wrapped-contains	targeted	request-graph-set-selection-and-wrapped-contains	request-selected-source	properties	200	fixture-hive-00	fixture-hive-00,fixture-hive-01,fixture-hive-02,fixture-hive-03,fixture-hive-04,fixture-hive-05,fixture-hive-06,fixture-hive-07	8	c73b793b361718f9fcb7830a3d6ea2484143494adffc46c81528bda08ea9c1a0	success	4	2862	72e96499d86d64ae9da267f3b15791817d4250f06a8dfea9d09edd8c3c23a440	27541		fixture-hive-00	request-selected-source	8	8	fixture-hive-00,fixture-hive-01,fixture-hive-02,fixture-hive-03,fixture-hive-04,fixture-hive-05,fixture-hive-06,fixture-hive-07	8	0	0	8	0	11	0	0	0	1	0
graph-id-in-literal-wrapped-contains-k08-group-04-dense	graph-id-set	graph-id-in-literal-wrapped-contains	dense	graph-id-in-literal-and-wrapped-contains	graph-routing-set	properties	200	fixture-hive-00	fixture-hive-00,fixture-hive-01,fixture-hive-02,fixture-hive-03,fixture-hive-04,fixture-hive-05,fixture-hive-06,fixture-hive-07	8	c73b793b361718f9fcb7830a3d6ea2484143494adffc46c81528bda08ea9c1a0	success	200	92864	0ad6a5ae10cb27d8dd28af205e0df8ebd79b3e1ca0079c8c876100ee108fc38d	73708		fixture-hive-00	cypher-graph-id-predicate	64	1	fixture-hive-00	1	0	0	1	0	200	1	1	56	1	0
graph-id-in-parameter-wrapped-contains-k08-group-04-dense	graph-id-set	graph-id-in-parameter-wrapped-contains	dense	graph-id-in-parameter-and-wrapped-contains	parameters	properties	200	fixture-hive-00	fixture-hive-00,fixture-hive-01,fixture-hive-02,fixture-hive-03,fixture-hive-04,fixture-hive-05,fixture-hive-06,fixture-hive-07	8	c73b793b361718f9fcb7830a3d6ea2484143494adffc46c81528bda08ea9c1a0	success	200	92864	0ad6a5ae10cb27d8dd28af205e0df8ebd79b3e1ca0079c8c876100ee108fc38d	40292		fixture-hive-00	cypher-graph-id-predicate	64	1	fixture-hive-00	1	0	0	1	0	200	1	1	56	1	0
request-selected-set-wrapped-contains-k08-group-04-dense	graph-set-reference	request-selected-set-wrapped-contains	dense	request-graph-set-selection-and-wrapped-contains	request-selected-source	properties	200	fixture-hive-00	fixture-hive-00,fixture-hive-01,fixture-hive-02,fixture-hive-03,fixture-hive-04,fixture-hive-05,fixture-hive-06,fixture-hive-07	8	c73b793b361718f9fcb7830a3d6ea2484143494adffc46c81528bda08ea9c1a0	success	200	92864	0ad6a5ae10cb27d8dd28af205e0df8ebd79b3e1ca0079c8c876100ee108fc38d	37083		fixture-hive-00	request-selected-source	8	1	fixture-hive-00	1	0	0	1	0	200	0	0	0	1	0
graph-id-in-literal-wrapped-contains-k08-group-05-zero	graph-id-set	graph-id-in-literal-wrapped-contains	zero	graph-id-in-literal-and-wrapped-contains	graph-routing-set	properties	200	fixture-hive-08	fixture-hive-08,fixture-hive-09,fixture-hive-10,fixture-hive-11,fixture-hive-12,fixture-hive-13,fixture-hive-14,fixture-hive-15	8	245d2497bfa92e7d039f67f8e03641c96de00028dde14456a9c51af75ba33ebf	success	0	147	805c8c7334c868e18e2be84be95b83cc60895722d739c2b164a68be4cd410c49	70750			cypher-graph-id-predicate	64	8	fixture-hive-08,fixture-hive-09,fixture-hive-10,fixture-hive-11,fixture-hive-12,fixture-hive-13,fixture-hive-14,fixture-hive-15	8	0	0	8	0	14	1	1	56	1	0
graph-id-in-parameter-wrapped-contains-k08-group-05-zero	graph-id-set	graph-id-in-parameter-wrapped-contains	zero	graph-id-in-parameter-and-wrapped-contains	parameters	properties	200	fixture-hive-08	fixture-hive-08,fixture-hive-09,fixture-hive-10,fixture-hive-11,fixture-hive-12,fixture-hive-13,fixture-hive-14,fixture-hive-15	8	245d2497bfa92e7d039f67f8e03641c96de00028dde14456a9c51af75ba33ebf	success	0	147	805c8c7334c868e18e2be84be95b83cc60895722d739c2b164a68be4cd410c49	37292			cypher-graph-id-predicate	64	8	fixture-hive-08,fixture-hive-09,fixture-hive-10,fixture-hive-11,fixture-hive-12,fixture-hive-13,fixture-hive-14,fixture-hive-15	8	0	0	8	0	8	1	1	56	1	0
request-selected-set-wrapped-contains-k08-group-05-zero	graph-set-reference	request-selected-set-wrapped-contains	zero	request-graph-set-selection-and-wrapped-contains	request-selected-source	properties	200	fixture-hive-08	fixture-hive-08,fixture-hive-09,fixture-hive-10,fixture-hive-11,fixture-hive-12,fixture-hive-13,fixture-hive-14,fixture-hive-15	8	245d2497bfa92e7d039f67f8e03641c96de00028dde14456a9c51af75ba33ebf	success	0	147	805c8c7334c868e18e2be84be95b83cc60895722d739c2b164a68be4cd410c49	26750			request-selected-source	8	8	fixture-hive-08,fixture-hive-09,fixture-hive-10,fixture-hive-11,fixture-hive-12,fixture-hive-13,fixture-hive-14,fixture-hive-15	8	0	0	8	0	8	0	0	0	1	0
graph-id-in-literal-wrapped-contains-k08-group-05-targeted	graph-id-set	graph-id-in-literal-wrapped-contains	targeted	graph-id-in-literal-and-wrapped-contains	graph-routing-set	properties	200	fixture-hive-08	fixture-hive-08,fixture-hive-09,fixture-hive-10,fixture-hive-11,fixture-hive-12,fixture-hive-13,fixture-hive-14,fixture-hive-15	8	245d2497bfa92e7d039f67f8e03641c96de00028dde14456a9c51af75ba33ebf	success	5	3569	2e8b431c58e14625230a8348815c48031083a65c269f458638b01cdf99fff211	518125		fixture-hive-08,fixture-hive-13	cypher-graph-id-predicate	64	8	fixture-hive-08,fixture-hive-09,fixture-hive-10,fixture-hive-11,fixture-hive-12,fixture-hive-13,fixture-hive-14,fixture-hive-15	8	0	0	8	0	2006	1	1	56	1	0
graph-id-in-parameter-wrapped-contains-k08-group-05-targeted	graph-id-set	graph-id-in-parameter-wrapped-contains	targeted	graph-id-in-parameter-and-wrapped-contains	parameters	properties	200	fixture-hive-08	fixture-hive-08,fixture-hive-09,fixture-hive-10,fixture-hive-11,fixture-hive-12,fixture-hive-13,fixture-hive-14,fixture-hive-15	8	245d2497bfa92e7d039f67f8e03641c96de00028dde14456a9c51af75ba33ebf	success	5	3569	2e8b431c58e14625230a8348815c48031083a65c269f458638b01cdf99fff211	32042		fixture-hive-08,fixture-hive-13	cypher-graph-id-predicate	64	8	fixture-hive-08,fixture-hive-09,fixture-hive-10,fixture-hive-11,fixture-hive-12,fixture-hive-13,fixture-hive-14,fixture-hive-15	8	0	0	8	0	11	1	1	56	1	0
request-selected-set-wrapped-contains-k08-group-05-targeted	graph-set-reference	request-selected-set-wrapped-contains	targeted	request-graph-set-selection-and-wrapped-contains	request-selected-source	properties	200	fixture-hive-08	fixture-hive-08,fixture-hive-09,fixture-hive-10,fixture-hive-11,fixture-hive-12,fixture-hive-13,fixture-hive-14,fixture-hive-15	8	245d2497bfa92e7d039f67f8e03641c96de00028dde14456a9c51af75ba33ebf	success	5	3569	2e8b431c58e14625230a8348815c48031083a65c269f458638b01cdf99fff211	26334		fixture-hive-08,fixture-hive-13	request-selected-source	8	8	fixture-hive-08,fixture-hive-09,fixture-hive-10,fixture-hive-11,fixture-hive-12,fixture-hive-13,fixture-hive-14,fixture-hive-15	8	0	0	8	0	11	0	0	0	1	0
graph-id-in-literal-wrapped-contains-k08-group-05-dense	graph-id-set	graph-id-in-literal-wrapped-contains	dense	graph-id-in-literal-and-wrapped-contains	graph-routing-set	properties	200	fixture-hive-08	fixture-hive-08,fixture-hive-09,fixture-hive-10,fixture-hive-11,fixture-hive-12,fixture-hive-13,fixture-hive-14,fixture-hive-15	8	245d2497bfa92e7d039f67f8e03641c96de00028dde14456a9c51af75ba33ebf	success	200	95189	6547ed796970ad3186785ae6dc7d6b1328d226d1878e5144fdb98c21fcba06f9	73666		fixture-hive-08	cypher-graph-id-predicate	64	1	fixture-hive-08	1	0	0	1	0	200	1	1	56	1	0
graph-id-in-parameter-wrapped-contains-k08-group-05-dense	graph-id-set	graph-id-in-parameter-wrapped-contains	dense	graph-id-in-parameter-and-wrapped-contains	parameters	properties	200	fixture-hive-08	fixture-hive-08,fixture-hive-09,fixture-hive-10,fixture-hive-11,fixture-hive-12,fixture-hive-13,fixture-hive-14,fixture-hive-15	8	245d2497bfa92e7d039f67f8e03641c96de00028dde14456a9c51af75ba33ebf	success	200	95189	6547ed796970ad3186785ae6dc7d6b1328d226d1878e5144fdb98c21fcba06f9	37416		fixture-hive-08	cypher-graph-id-predicate	64	1	fixture-hive-08	1	0	0	1	0	200	1	1	56	1	0
request-selected-set-wrapped-contains-k08-group-05-dense	graph-set-reference	request-selected-set-wrapped-contains	dense	request-graph-set-selection-and-wrapped-contains	request-selected-source	properties	200	fixture-hive-08	fixture-hive-08,fixture-hive-09,fixture-hive-10,fixture-hive-11,fixture-hive-12,fixture-hive-13,fixture-hive-14,fixture-hive-15	8	245d2497bfa92e7d039f67f8e03641c96de00028dde14456a9c51af75ba33ebf	success	200	95189	6547ed796970ad3186785ae6dc7d6b1328d226d1878e5144fdb98c21fcba06f9	35667		fixture-hive-08	request-selected-source	8	1	fixture-hive-08	1	0	0	1	0	200	0	0	0	1	0
graph-id-in-literal-wrapped-contains-k08-group-06-zero	graph-id-set	graph-id-in-literal-wrapped-contains	zero	graph-id-in-literal-and-wrapped-contains	graph-routing-set	properties	200	fixture-kotlin-compiler-00	fixture-kotlin-compiler-00,fixture-kotlin-compiler-01,fixture-kotlin-compiler-02,fixture-kotlin-compiler-03,fixture-kotlin-compiler-04,fixture-kotlin-compiler-05,fixture-kotlin-compiler-06,fixture-kotlin-compiler-07	8	2357f16b816a2884469ac1d6be7fe0f5b175a808aaff08b348c930099991c386	success	0	147	805c8c7334c868e18e2be84be95b83cc60895722d739c2b164a68be4cd410c49	58250			cypher-graph-id-predicate	64	8	fixture-kotlin-compiler-00,fixture-kotlin-compiler-01,fixture-kotlin-compiler-02,fixture-kotlin-compiler-03,fixture-kotlin-compiler-04,fixture-kotlin-compiler-05,fixture-kotlin-compiler-06,fixture-kotlin-compiler-07	8	0	0	8	0	14	1	1	56	1	0
graph-id-in-parameter-wrapped-contains-k08-group-06-zero	graph-id-set	graph-id-in-parameter-wrapped-contains	zero	graph-id-in-parameter-and-wrapped-contains	parameters	properties	200	fixture-kotlin-compiler-00	fixture-kotlin-compiler-00,fixture-kotlin-compiler-01,fixture-kotlin-compiler-02,fixture-kotlin-compiler-03,fixture-kotlin-compiler-04,fixture-kotlin-compiler-05,fixture-kotlin-compiler-06,fixture-kotlin-compiler-07	8	2357f16b816a2884469ac1d6be7fe0f5b175a808aaff08b348c930099991c386	success	0	147	805c8c7334c868e18e2be84be95b83cc60895722d739c2b164a68be4cd410c49	29125			cypher-graph-id-predicate	64	8	fixture-kotlin-compiler-00,fixture-kotlin-compiler-01,fixture-kotlin-compiler-02,fixture-kotlin-compiler-03,fixture-kotlin-compiler-04,fixture-kotlin-compiler-05,fixture-kotlin-compiler-06,fixture-kotlin-compiler-07	8	0	0	8	0	8	1	1	56	1	0
request-selected-set-wrapped-contains-k08-group-06-zero	graph-set-reference	request-selected-set-wrapped-contains	zero	request-graph-set-selection-and-wrapped-contains	request-selected-source	properties	200	fixture-kotlin-compiler-00	fixture-kotlin-compiler-00,fixture-kotlin-compiler-01,fixture-kotlin-compiler-02,fixture-kotlin-compiler-03,fixture-kotlin-compiler-04,fixture-kotlin-compiler-05,fixture-kotlin-compiler-06,fixture-kotlin-compiler-07	8	2357f16b816a2884469ac1d6be7fe0f5b175a808aaff08b348c930099991c386	success	0	147	805c8c7334c868e18e2be84be95b83cc60895722d739c2b164a68be4cd410c49	25792			request-selected-source	8	8	fixture-kotlin-compiler-00,fixture-kotlin-compiler-01,fixture-kotlin-compiler-02,fixture-kotlin-compiler-03,fixture-kotlin-compiler-04,fixture-kotlin-compiler-05,fixture-kotlin-compiler-06,fixture-kotlin-compiler-07	8	0	0	8	0	8	0	0	0	1	0
graph-id-in-literal-wrapped-contains-k08-group-06-targeted	graph-id-set	graph-id-in-literal-wrapped-contains	targeted	graph-id-in-literal-and-wrapped-contains	graph-routing-set	properties	200	fixture-kotlin-compiler-00	fixture-kotlin-compiler-00,fixture-kotlin-compiler-01,fixture-kotlin-compiler-02,fixture-kotlin-compiler-03,fixture-kotlin-compiler-04,fixture-kotlin-compiler-05,fixture-kotlin-compiler-06,fixture-kotlin-compiler-07	8	2357f16b816a2884469ac1d6be7fe0f5b175a808aaff08b348c930099991c386	success	10	6351	274597a5e0e535d6581734920f9ffbc39062a84a13ad9d85823a8f12df219dfd	392375		fixture-kotlin-compiler-00	cypher-graph-id-predicate	64	8	fixture-kotlin-compiler-00,fixture-kotlin-compiler-01,fixture-kotlin-compiler-02,fixture-kotlin-compiler-03,fixture-kotlin-compiler-04,fixture-kotlin-compiler-05,fixture-kotlin-compiler-06,fixture-kotlin-compiler-07	8	0	0	8	0	1196	1	1	56	1	0
graph-id-in-parameter-wrapped-contains-k08-group-06-targeted	graph-id-set	graph-id-in-parameter-wrapped-contains	targeted	graph-id-in-parameter-and-wrapped-contains	parameters	properties	200	fixture-kotlin-compiler-00	fixture-kotlin-compiler-00,fixture-kotlin-compiler-01,fixture-kotlin-compiler-02,fixture-kotlin-compiler-03,fixture-kotlin-compiler-04,fixture-kotlin-compiler-05,fixture-kotlin-compiler-06,fixture-kotlin-compiler-07	8	2357f16b816a2884469ac1d6be7fe0f5b175a808aaff08b348c930099991c386	success	10	6351	274597a5e0e535d6581734920f9ffbc39062a84a13ad9d85823a8f12df219dfd	40416		fixture-kotlin-compiler-00	cypher-graph-id-predicate	64	8	fixture-kotlin-compiler-00,fixture-kotlin-compiler-01,fixture-kotlin-compiler-02,fixture-kotlin-compiler-03,fixture-kotlin-compiler-04,fixture-kotlin-compiler-05,fixture-kotlin-compiler-06,fixture-kotlin-compiler-07	8	0	0	8	0	17	1	1	56	1	0
request-selected-set-wrapped-contains-k08-group-06-targeted	graph-set-reference	request-selected-set-wrapped-contains	targeted	request-graph-set-selection-and-wrapped-contains	request-selected-source	properties	200	fixture-kotlin-compiler-00	fixture-kotlin-compiler-00,fixture-kotlin-compiler-01,fixture-kotlin-compiler-02,fixture-kotlin-compiler-03,fixture-kotlin-compiler-04,fixture-kotlin-compiler-05,fixture-kotlin-compiler-06,fixture-kotlin-compiler-07	8	2357f16b816a2884469ac1d6be7fe0f5b175a808aaff08b348c930099991c386	success	10	6351	274597a5e0e535d6581734920f9ffbc39062a84a13ad9d85823a8f12df219dfd	28792		fixture-kotlin-compiler-00	request-selected-source	8	8	fixture-kotlin-compiler-00,fixture-kotlin-compiler-01,fixture-kotlin-compiler-02,fixture-kotlin-compiler-03,fixture-kotlin-compiler-04,fixture-kotlin-compiler-05,fixture-kotlin-compiler-06,fixture-kotlin-compiler-07	8	0	0	8	0	17	0	0	0	1	0
graph-id-in-literal-wrapped-contains-k08-group-06-dense	graph-id-set	graph-id-in-literal-wrapped-contains	dense	graph-id-in-literal-and-wrapped-contains	graph-routing-set	properties	200	fixture-kotlin-compiler-00	fixture-kotlin-compiler-00,fixture-kotlin-compiler-01,fixture-kotlin-compiler-02,fixture-kotlin-compiler-03,fixture-kotlin-compiler-04,fixture-kotlin-compiler-05,fixture-kotlin-compiler-06,fixture-kotlin-compiler-07	8	2357f16b816a2884469ac1d6be7fe0f5b175a808aaff08b348c930099991c386	success	200	97301	4abd067ea3c7496241f2623586a132809a81e33bd08c7645b717be3ee7ee2542	82500		fixture-kotlin-compiler-00	cypher-graph-id-predicate	64	1	fixture-kotlin-compiler-00	1	0	0	1	0	200	1	1	56	1	0
graph-id-in-parameter-wrapped-contains-k08-group-06-dense	graph-id-set	graph-id-in-parameter-wrapped-contains	dense	graph-id-in-parameter-and-wrapped-contains	parameters	properties	200	fixture-kotlin-compiler-00	fixture-kotlin-compiler-00,fixture-kotlin-compiler-01,fixture-kotlin-compiler-02,fixture-kotlin-compiler-03,fixture-kotlin-compiler-04,fixture-kotlin-compiler-05,fixture-kotlin-compiler-06,fixture-kotlin-compiler-07	8	2357f16b816a2884469ac1d6be7fe0f5b175a808aaff08b348c930099991c386	success	200	97301	4abd067ea3c7496241f2623586a132809a81e33bd08c7645b717be3ee7ee2542	40750		fixture-kotlin-compiler-00	cypher-graph-id-predicate	64	1	fixture-kotlin-compiler-00	1	0	0	1	0	200	1	1	56	1	0
request-selected-set-wrapped-contains-k08-group-06-dense	graph-set-reference	request-selected-set-wrapped-contains	dense	request-graph-set-selection-and-wrapped-contains	request-selected-source	properties	200	fixture-kotlin-compiler-00	fixture-kotlin-compiler-00,fixture-kotlin-compiler-01,fixture-kotlin-compiler-02,fixture-kotlin-compiler-03,fixture-kotlin-compiler-04,fixture-kotlin-compiler-05,fixture-kotlin-compiler-06,fixture-kotlin-compiler-07	8	2357f16b816a2884469ac1d6be7fe0f5b175a808aaff08b348c930099991c386	success	200	97301	4abd067ea3c7496241f2623586a132809a81e33bd08c7645b717be3ee7ee2542	38833		fixture-kotlin-compiler-00	request-selected-source	8	1	fixture-kotlin-compiler-00	1	0	0	1	0	200	0	0	0	1	0
graph-id-in-literal-wrapped-contains-k08-group-07-zero	graph-id-set	graph-id-in-literal-wrapped-contains	zero	graph-id-in-literal-and-wrapped-contains	graph-routing-set	properties	200	fixture-kotlin-compiler-08	fixture-kotlin-compiler-08,fixture-kotlin-compiler-09,fixture-kotlin-compiler-10,fixture-kotlin-compiler-11,fixture-kotlin-compiler-12,fixture-kotlin-compiler-13,fixture-kotlin-compiler-14,fixture-kotlin-compiler-15	8	9292ac32ef9f293478d3503f3f9fc5ad57387486cc5526339373d8f264b933aa	success	0	147	805c8c7334c868e18e2be84be95b83cc60895722d739c2b164a68be4cd410c49	56917			cypher-graph-id-predicate	64	8	fixture-kotlin-compiler-08,fixture-kotlin-compiler-09,fixture-kotlin-compiler-10,fixture-kotlin-compiler-11,fixture-kotlin-compiler-12,fixture-kotlin-compiler-13,fixture-kotlin-compiler-14,fixture-kotlin-compiler-15	8	0	0	8	0	14	1	1	56	1	0
graph-id-in-parameter-wrapped-contains-k08-group-07-zero	graph-id-set	graph-id-in-parameter-wrapped-contains	zero	graph-id-in-parameter-and-wrapped-contains	parameters	properties	200	fixture-kotlin-compiler-08	fixture-kotlin-compiler-08,fixture-kotlin-compiler-09,fixture-kotlin-compiler-10,fixture-kotlin-compiler-11,fixture-kotlin-compiler-12,fixture-kotlin-compiler-13,fixture-kotlin-compiler-14,fixture-kotlin-compiler-15	8	9292ac32ef9f293478d3503f3f9fc5ad57387486cc5526339373d8f264b933aa	success	0	147	805c8c7334c868e18e2be84be95b83cc60895722d739c2b164a68be4cd410c49	29791			cypher-graph-id-predicate	64	8	fixture-kotlin-compiler-08,fixture-kotlin-compiler-09,fixture-kotlin-compiler-10,fixture-kotlin-compiler-11,fixture-kotlin-compiler-12,fixture-kotlin-compiler-13,fixture-kotlin-compiler-14,fixture-kotlin-compiler-15	8	0	0	8	0	8	1	1	56	1	0
request-selected-set-wrapped-contains-k08-group-07-zero	graph-set-reference	request-selected-set-wrapped-contains	zero	request-graph-set-selection-and-wrapped-contains	request-selected-source	properties	200	fixture-kotlin-compiler-08	fixture-kotlin-compiler-08,fixture-kotlin-compiler-09,fixture-kotlin-compiler-10,fixture-kotlin-compiler-11,fixture-kotlin-compiler-12,fixture-kotlin-compiler-13,fixture-kotlin-compiler-14,fixture-kotlin-compiler-15	8	9292ac32ef9f293478d3503f3f9fc5ad57387486cc5526339373d8f264b933aa	success	0	147	805c8c7334c868e18e2be84be95b83cc60895722d739c2b164a68be4cd410c49	25125			request-selected-source	8	8	fixture-kotlin-compiler-08,fixture-kotlin-compiler-09,fixture-kotlin-compiler-10,fixture-kotlin-compiler-11,fixture-kotlin-compiler-12,fixture-kotlin-compiler-13,fixture-kotlin-compiler-14,fixture-kotlin-compiler-15	8	0	0	8	0	8	0	0	0	1	0
graph-id-in-literal-wrapped-contains-k08-group-07-targeted	graph-id-set	graph-id-in-literal-wrapped-contains	targeted	graph-id-in-literal-and-wrapped-contains	graph-routing-set	properties	200	fixture-kotlin-compiler-08	fixture-kotlin-compiler-08,fixture-kotlin-compiler-09,fixture-kotlin-compiler-10,fixture-kotlin-compiler-11,fixture-kotlin-compiler-12,fixture-kotlin-compiler-13,fixture-kotlin-compiler-14,fixture-kotlin-compiler-15	8	9292ac32ef9f293478d3503f3f9fc5ad57387486cc5526339373d8f264b933aa	success	5	3192	6be81ce87c99d083628d76b0dce1e105c3d7fae110ebf15207143c3be7df8eeb	468792		fixture-kotlin-compiler-08,fixture-kotlin-compiler-14	cypher-graph-id-predicate	64	8	fixture-kotlin-compiler-08,fixture-kotlin-compiler-09,fixture-kotlin-compiler-10,fixture-kotlin-compiler-11,fixture-kotlin-compiler-12,fixture-kotlin-compiler-13,fixture-kotlin-compiler-14,fixture-kotlin-compiler-15	8	0	0	8	0	1606	1	1	56	1	0
graph-id-in-parameter-wrapped-contains-k08-group-07-targeted	graph-id-set	graph-id-in-parameter-wrapped-contains	targeted	graph-id-in-parameter-and-wrapped-contains	parameters	properties	200	fixture-kotlin-compiler-08	fixture-kotlin-compiler-08,fixture-kotlin-compiler-09,fixture-kotlin-compiler-10,fixture-kotlin-compiler-11,fixture-kotlin-compiler-12,fixture-kotlin-compiler-13,fixture-kotlin-compiler-14,fixture-kotlin-compiler-15	8	9292ac32ef9f293478d3503f3f9fc5ad57387486cc5526339373d8f264b933aa	success	5	3192	6be81ce87c99d083628d76b0dce1e105c3d7fae110ebf15207143c3be7df8eeb	32000		fixture-kotlin-compiler-08,fixture-kotlin-compiler-14	cypher-graph-id-predicate	64	8	fixture-kotlin-compiler-08,fixture-kotlin-compiler-09,fixture-kotlin-compiler-10,fixture-kotlin-compiler-11,fixture-kotlin-compiler-12,fixture-kotlin-compiler-13,fixture-kotlin-compiler-14,fixture-kotlin-compiler-15	8	0	0	8	0	11	1	1	56	1	0
request-selected-set-wrapped-contains-k08-group-07-targeted	graph-set-reference	request-selected-set-wrapped-contains	targeted	request-graph-set-selection-and-wrapped-contains	request-selected-source	properties	200	fixture-kotlin-compiler-08	fixture-kotlin-compiler-08,fixture-kotlin-compiler-09,fixture-kotlin-compiler-10,fixture-kotlin-compiler-11,fixture-kotlin-compiler-12,fixture-kotlin-compiler-13,fixture-kotlin-compiler-14,fixture-kotlin-compiler-15	8	9292ac32ef9f293478d3503f3f9fc5ad57387486cc5526339373d8f264b933aa	success	5	3192	6be81ce87c99d083628d76b0dce1e105c3d7fae110ebf15207143c3be7df8eeb	29584		fixture-kotlin-compiler-08,fixture-kotlin-compiler-14	request-selected-source	8	8	fixture-kotlin-compiler-08,fixture-kotlin-compiler-09,fixture-kotlin-compiler-10,fixture-kotlin-compiler-11,fixture-kotlin-compiler-12,fixture-kotlin-compiler-13,fixture-kotlin-compiler-14,fixture-kotlin-compiler-15	8	0	0	8	0	11	0	0	0	1	0
graph-id-in-literal-wrapped-contains-k08-group-07-dense	graph-id-set	graph-id-in-literal-wrapped-contains	dense	graph-id-in-literal-and-wrapped-contains	graph-routing-set	properties	200	fixture-kotlin-compiler-08	fixture-kotlin-compiler-08,fixture-kotlin-compiler-09,fixture-kotlin-compiler-10,fixture-kotlin-compiler-11,fixture-kotlin-compiler-12,fixture-kotlin-compiler-13,fixture-kotlin-compiler-14,fixture-kotlin-compiler-15	8	9292ac32ef9f293478d3503f3f9fc5ad57387486cc5526339373d8f264b933aa	success	200	93704	b778fc4edfb3c1031b90b2d3d121fd31958733afdc68d3f1cde538a17b738328	74750		fixture-kotlin-compiler-08	cypher-graph-id-predicate	64	1	fixture-kotlin-compiler-08	1	0	0	1	0	200	1	1	56	1	0
graph-id-in-parameter-wrapped-contains-k08-group-07-dense	graph-id-set	graph-id-in-parameter-wrapped-contains	dense	graph-id-in-parameter-and-wrapped-contains	parameters	properties	200	fixture-kotlin-compiler-08	fixture-kotlin-compiler-08,fixture-kotlin-compiler-09,fixture-kotlin-compiler-10,fixture-kotlin-compiler-11,fixture-kotlin-compiler-12,fixture-kotlin-compiler-13,fixture-kotlin-compiler-14,fixture-kotlin-compiler-15	8	9292ac32ef9f293478d3503f3f9fc5ad57387486cc5526339373d8f264b933aa	success	200	93704	b778fc4edfb3c1031b90b2d3d121fd31958733afdc68d3f1cde538a17b738328	42375		fixture-kotlin-compiler-08	cypher-graph-id-predicate	64	1	fixture-kotlin-compiler-08	1	0	0	1	0	200	1	1	56	1	0
request-selected-set-wrapped-contains-k08-group-07-dense	graph-set-reference	request-selected-set-wrapped-contains	dense	request-graph-set-selection-and-wrapped-contains	request-selected-source	properties	200	fixture-kotlin-compiler-08	fixture-kotlin-compiler-08,fixture-kotlin-compiler-09,fixture-kotlin-compiler-10,fixture-kotlin-compiler-11,fixture-kotlin-compiler-12,fixture-kotlin-compiler-13,fixture-kotlin-compiler-14,fixture-kotlin-compiler-15	8	9292ac32ef9f293478d3503f3f9fc5ad57387486cc5526339373d8f264b933aa	success	200	93704	b778fc4edfb3c1031b90b2d3d121fd31958733afdc68d3f1cde538a17b738328	54292		fixture-kotlin-compiler-08	request-selected-source	8	1	fixture-kotlin-compiler-08	1	0	0	1	0	200	0	0	0	1	0
graph-id-in-literal-wrapped-contains-k64-group-00-zero	graph-id-set	graph-id-in-literal-wrapped-contains	zero	graph-id-in-literal-and-wrapped-contains	graph-routing-set	properties	200	fixture-android-00	fixture-android-00,fixture-android-01,fixture-android-02,fixture-android-03,fixture-android-04,fixture-android-05,fixture-android-06,fixture-android-07,fixture-android-08,fixture-android-09,fixture-android-10,fixture-android-11,fixture-android-12,fixture-android-13,fixture-android-14,fixture-android-15,fixture-tika-00,fixture-tika-01,fixture-tika-02,fixture-tika-03,fixture-tika-04,fixture-tika-05,fixture-tika-06,fixture-tika-07,fixture-tika-08,fixture-tika-09,fixture-tika-10,fixture-tika-11,fixture-tika-12,fixture-tika-13,fixture-tika-14,fixture-tika-15,fixture-hive-00,fixture-hive-01,fixture-hive-02,fixture-hive-03,fixture-hive-04,fixture-hive-05,fixture-hive-06,fixture-hive-07,fixture-hive-08,fixture-hive-09,fixture-hive-10,fixture-hive-11,fixture-hive-12,fixture-hive-13,fixture-hive-14,fixture-hive-15,fixture-kotlin-compiler-00,fixture-kotlin-compiler-01,fixture-kotlin-compiler-02,fixture-kotlin-compiler-03,fixture-kotlin-compiler-04,fixture-kotlin-compiler-05,fixture-kotlin-compiler-06,fixture-kotlin-compiler-07,fixture-kotlin-compiler-08,fixture-kotlin-compiler-09,fixture-kotlin-compiler-10,fixture-kotlin-compiler-11,fixture-kotlin-compiler-12,fixture-kotlin-compiler-13,fixture-kotlin-compiler-14,fixture-kotlin-compiler-15	64	35bad66d358dca7faeb0cdf55b64b864a288b1b7a4100dbf64766839a0267284	success	0	147	805c8c7334c868e18e2be84be95b83cc60895722d739c2b164a68be4cd410c49	276000			cypher-graph-id-predicate	64	64	fixture-android-00,fixture-android-01,fixture-android-02,fixture-android-03,fixture-android-04,fixture-android-05,fixture-android-06,fixture-android-07,fixture-android-08,fixture-android-09,fixture-android-10,fixture-android-11,fixture-android-12,fixture-android-13,fixture-android-14,fixture-android-15,fixture-hive-00,fixture-hive-01,fixture-hive-02,fixture-hive-03,fixture-hive-04,fixture-hive-05,fixture-hive-06,fixture-hive-07,fixture-hive-08,fixture-hive-09,fixture-hive-10,fixture-hive-11,fixture-hive-12,fixture-hive-13,fixture-hive-14,fixture-hive-15,fixture-kotlin-compiler-00,fixture-kotlin-compiler-01,fixture-kotlin-compiler-02,fixture-kotlin-compiler-03,fixture-kotlin-compiler-04,fixture-kotlin-compiler-05,fixture-kotlin-compiler-06,fixture-kotlin-compiler-07,fixture-kotlin-compiler-08,fixture-kotlin-compiler-09,fixture-kotlin-compiler-10,fixture-kotlin-compiler-11,fixture-kotlin-compiler-12,fixture-kotlin-compiler-13,fixture-kotlin-compiler-14,fixture-kotlin-compiler-15,fixture-tika-00,fixture-tika-01,fixture-tika-02,fixture-tika-03,fixture-tika-04,fixture-tika-05,fixture-tika-06,fixture-tika-07,fixture-tika-08,fixture-tika-09,fixture-tika-10,fixture-tika-11,fixture-tika-12,fixture-tika-13,fixture-tika-14,fixture-tika-15	64	0	0	64	0	154	1	0	0	1	0
graph-id-in-parameter-wrapped-contains-k64-group-00-zero	graph-id-set	graph-id-in-parameter-wrapped-contains	zero	graph-id-in-parameter-and-wrapped-contains	parameters	properties	200	fixture-android-00	fixture-android-00,fixture-android-01,fixture-android-02,fixture-android-03,fixture-android-04,fixture-android-05,fixture-android-06,fixture-android-07,fixture-android-08,fixture-android-09,fixture-android-10,fixture-android-11,fixture-android-12,fixture-android-13,fixture-android-14,fixture-android-15,fixture-tika-00,fixture-tika-01,fixture-tika-02,fixture-tika-03,fixture-tika-04,fixture-tika-05,fixture-tika-06,fixture-tika-07,fixture-tika-08,fixture-tika-09,fixture-tika-10,fixture-tika-11,fixture-tika-12,fixture-tika-13,fixture-tika-14,fixture-tika-15,fixture-hive-00,fixture-hive-01,fixture-hive-02,fixture-hive-03,fixture-hive-04,fixture-hive-05,fixture-hive-06,fixture-hive-07,fixture-hive-08,fixture-hive-09,fixture-hive-10,fixture-hive-11,fixture-hive-12,fixture-hive-13,fixture-hive-14,fixture-hive-15,fixture-kotlin-compiler-00,fixture-kotlin-compiler-01,fixture-kotlin-compiler-02,fixture-kotlin-compiler-03,fixture-kotlin-compiler-04,fixture-kotlin-compiler-05,fixture-kotlin-compiler-06,fixture-kotlin-compiler-07,fixture-kotlin-compiler-08,fixture-kotlin-compiler-09,fixture-kotlin-compiler-10,fixture-kotlin-compiler-11,fixture-kotlin-compiler-12,fixture-kotlin-compiler-13,fixture-kotlin-compiler-14,fixture-kotlin-compiler-15	64	35bad66d358dca7faeb0cdf55b64b864a288b1b7a4100dbf64766839a0267284	success	0	147	805c8c7334c868e18e2be84be95b83cc60895722d739c2b164a68be4cd410c49	154208			cypher-graph-id-predicate	64	64	fixture-android-00,fixture-android-01,fixture-android-02,fixture-android-03,fixture-android-04,fixture-android-05,fixture-android-06,fixture-android-07,fixture-android-08,fixture-android-09,fixture-android-10,fixture-android-11,fixture-android-12,fixture-android-13,fixture-android-14,fixture-android-15,fixture-hive-00,fixture-hive-01,fixture-hive-02,fixture-hive-03,fixture-hive-04,fixture-hive-05,fixture-hive-06,fixture-hive-07,fixture-hive-08,fixture-hive-09,fixture-hive-10,fixture-hive-11,fixture-hive-12,fixture-hive-13,fixture-hive-14,fixture-hive-15,fixture-kotlin-compiler-00,fixture-kotlin-compiler-01,fixture-kotlin-compiler-02,fixture-kotlin-compiler-03,fixture-kotlin-compiler-04,fixture-kotlin-compiler-05,fixture-kotlin-compiler-06,fixture-kotlin-compiler-07,fixture-kotlin-compiler-08,fixture-kotlin-compiler-09,fixture-kotlin-compiler-10,fixture-kotlin-compiler-11,fixture-kotlin-compiler-12,fixture-kotlin-compiler-13,fixture-kotlin-compiler-14,fixture-kotlin-compiler-15,fixture-tika-00,fixture-tika-01,fixture-tika-02,fixture-tika-03,fixture-tika-04,fixture-tika-05,fixture-tika-06,fixture-tika-07,fixture-tika-08,fixture-tika-09,fixture-tika-10,fixture-tika-11,fixture-tika-12,fixture-tika-13,fixture-tika-14,fixture-tika-15	64	0	0	64	0	64	1	0	0	1	0
graph-id-in-literal-wrapped-contains-k64-group-00-targeted	graph-id-set	graph-id-in-literal-wrapped-contains	targeted	graph-id-in-literal-and-wrapped-contains	graph-routing-set	properties	200	fixture-android-00	fixture-android-00,fixture-android-01,fixture-android-02,fixture-android-03,fixture-android-04,fixture-android-05,fixture-android-06,fixture-android-07,fixture-android-08,fixture-android-09,fixture-android-10,fixture-android-11,fixture-android-12,fixture-android-13,fixture-android-14,fixture-android-15,fixture-tika-00,fixture-tika-01,fixture-tika-02,fixture-tika-03,fixture-tika-04,fixture-tika-05,fixture-tika-06,fixture-tika-07,fixture-tika-08,fixture-tika-09,fixture-tika-10,fixture-tika-11,fixture-tika-12,fixture-tika-13,fixture-tika-14,fixture-tika-15,fixture-hive-00,fixture-hive-01,fixture-hive-02,fixture-hive-03,fixture-hive-04,fixture-hive-05,fixture-hive-06,fixture-hive-07,fixture-hive-08,fixture-hive-09,fixture-hive-10,fixture-hive-11,fixture-hive-12,fixture-hive-13,fixture-hive-14,fixture-hive-15,fixture-kotlin-compiler-00,fixture-kotlin-compiler-01,fixture-kotlin-compiler-02,fixture-kotlin-compiler-03,fixture-kotlin-compiler-04,fixture-kotlin-compiler-05,fixture-kotlin-compiler-06,fixture-kotlin-compiler-07,fixture-kotlin-compiler-08,fixture-kotlin-compiler-09,fixture-kotlin-compiler-10,fixture-kotlin-compiler-11,fixture-kotlin-compiler-12,fixture-kotlin-compiler-13,fixture-kotlin-compiler-14,fixture-kotlin-compiler-15	64	35bad66d358dca7faeb0cdf55b64b864a288b1b7a4100dbf64766839a0267284	success	11	6277	ca01ade166f4156fe11d166c7832fed45bfbdf107060915eb0c8f2df36ef35ed	1254250		fixture-android-00,fixture-android-09	cypher-graph-id-predicate	64	64	fixture-android-00,fixture-android-01,fixture-android-02,fixture-android-03,fixture-android-04,fixture-android-05,fixture-android-06,fixture-android-07,fixture-android-08,fixture-android-09,fixture-android-10,fixture-android-11,fixture-android-12,fixture-android-13,fixture-android-14,fixture-android-15,fixture-hive-00,fixture-hive-01,fixture-hive-02,fixture-hive-03,fixture-hive-04,fixture-hive-05,fixture-hive-06,fixture-hive-07,fixture-hive-08,fixture-hive-09,fixture-hive-10,fixture-hive-11,fixture-hive-12,fixture-hive-13,fixture-hive-14,fixture-hive-15,fixture-kotlin-compiler-00,fixture-kotlin-compiler-01,fixture-kotlin-compiler-02,fixture-kotlin-compiler-03,fixture-kotlin-compiler-04,fixture-kotlin-compiler-05,fixture-kotlin-compiler-06,fixture-kotlin-compiler-07,fixture-kotlin-compiler-08,fixture-kotlin-compiler-09,fixture-kotlin-compiler-10,fixture-kotlin-compiler-11,fixture-kotlin-compiler-12,fixture-kotlin-compiler-13,fixture-kotlin-compiler-14,fixture-kotlin-compiler-15,fixture-tika-00,fixture-tika-01,fixture-tika-02,fixture-tika-03,fixture-tika-04,fixture-tika-05,fixture-tika-06,fixture-tika-07,fixture-tika-08,fixture-tika-09,fixture-tika-10,fixture-tika-11,fixture-tika-12,fixture-tika-13,fixture-tika-14,fixture-tika-15	64	0	0	64	0	3132	1	0	0	1	0
graph-id-in-parameter-wrapped-contains-k64-group-00-targeted	graph-id-set	graph-id-in-parameter-wrapped-contains	targeted	graph-id-in-parameter-and-wrapped-contains	parameters	properties	200	fixture-android-00	fixture-android-00,fixture-android-01,fixture-android-02,fixture-android-03,fixture-android-04,fixture-android-05,fixture-android-06,fixture-android-07,fixture-android-08,fixture-android-09,fixture-android-10,fixture-android-11,fixture-android-12,fixture-android-13,fixture-android-14,fixture-android-15,fixture-tika-00,fixture-tika-01,fixture-tika-02,fixture-tika-03,fixture-tika-04,fixture-tika-05,fixture-tika-06,fixture-tika-07,fixture-tika-08,fixture-tika-09,fixture-tika-10,fixture-tika-11,fixture-tika-12,fixture-tika-13,fixture-tika-14,fixture-tika-15,fixture-hive-00,fixture-hive-01,fixture-hive-02,fixture-hive-03,fixture-hive-04,fixture-hive-05,fixture-hive-06,fixture-hive-07,fixture-hive-08,fixture-hive-09,fixture-hive-10,fixture-hive-11,fixture-hive-12,fixture-hive-13,fixture-hive-14,fixture-hive-15,fixture-kotlin-compiler-00,fixture-kotlin-compiler-01,fixture-kotlin-compiler-02,fixture-kotlin-compiler-03,fixture-kotlin-compiler-04,fixture-kotlin-compiler-05,fixture-kotlin-compiler-06,fixture-kotlin-compiler-07,fixture-kotlin-compiler-08,fixture-kotlin-compiler-09,fixture-kotlin-compiler-10,fixture-kotlin-compiler-11,fixture-kotlin-compiler-12,fixture-kotlin-compiler-13,fixture-kotlin-compiler-14,fixture-kotlin-compiler-15	64	35bad66d358dca7faeb0cdf55b64b864a288b1b7a4100dbf64766839a0267284	success	11	6277	ca01ade166f4156fe11d166c7832fed45bfbdf107060915eb0c8f2df36ef35ed	119833		fixture-android-00,fixture-android-09	cypher-graph-id-predicate	64	64	fixture-android-00,fixture-android-01,fixture-android-02,fixture-android-03,fixture-android-04,fixture-android-05,fixture-android-06,fixture-android-07,fixture-android-08,fixture-android-09,fixture-android-10,fixture-android-11,fixture-android-12,fixture-android-13,fixture-android-14,fixture-android-15,fixture-hive-00,fixture-hive-01,fixture-hive-02,fixture-hive-03,fixture-hive-04,fixture-hive-05,fixture-hive-06,fixture-hive-07,fixture-hive-08,fixture-hive-09,fixture-hive-10,fixture-hive-11,fixture-hive-12,fixture-hive-13,fixture-hive-14,fixture-hive-15,fixture-kotlin-compiler-00,fixture-kotlin-compiler-01,fixture-kotlin-compiler-02,fixture-kotlin-compiler-03,fixture-kotlin-compiler-04,fixture-kotlin-compiler-05,fixture-kotlin-compiler-06,fixture-kotlin-compiler-07,fixture-kotlin-compiler-08,fixture-kotlin-compiler-09,fixture-kotlin-compiler-10,fixture-kotlin-compiler-11,fixture-kotlin-compiler-12,fixture-kotlin-compiler-13,fixture-kotlin-compiler-14,fixture-kotlin-compiler-15,fixture-tika-00,fixture-tika-01,fixture-tika-02,fixture-tika-03,fixture-tika-04,fixture-tika-05,fixture-tika-06,fixture-tika-07,fixture-tika-08,fixture-tika-09,fixture-tika-10,fixture-tika-11,fixture-tika-12,fixture-tika-13,fixture-tika-14,fixture-tika-15	64	0	0	64	0	73	1	0	0	1	0
request-selected-set-wrapped-contains-k64-group-00-targeted	graph-set-reference	request-selected-set-wrapped-contains	targeted	request-graph-set-selection-and-wrapped-contains	request-selected-source	properties	200	fixture-android-00	fixture-android-00,fixture-android-01,fixture-android-02,fixture-android-03,fixture-android-04,fixture-android-05,fixture-android-06,fixture-android-07,fixture-android-08,fixture-android-09,fixture-android-10,fixture-android-11,fixture-android-12,fixture-android-13,fixture-android-14,fixture-android-15,fixture-tika-00,fixture-tika-01,fixture-tika-02,fixture-tika-03,fixture-tika-04,fixture-tika-05,fixture-tika-06,fixture-tika-07,fixture-tika-08,fixture-tika-09,fixture-tika-10,fixture-tika-11,fixture-tika-12,fixture-tika-13,fixture-tika-14,fixture-tika-15,fixture-hive-00,fixture-hive-01,fixture-hive-02,fixture-hive-03,fixture-hive-04,fixture-hive-05,fixture-hive-06,fixture-hive-07,fixture-hive-08,fixture-hive-09,fixture-hive-10,fixture-hive-11,fixture-hive-12,fixture-hive-13,fixture-hive-14,fixture-hive-15,fixture-kotlin-compiler-00,fixture-kotlin-compiler-01,fixture-kotlin-compiler-02,fixture-kotlin-compiler-03,fixture-kotlin-compiler-04,fixture-kotlin-compiler-05,fixture-kotlin-compiler-06,fixture-kotlin-compiler-07,fixture-kotlin-compiler-08,fixture-kotlin-compiler-09,fixture-kotlin-compiler-10,fixture-kotlin-compiler-11,fixture-kotlin-compiler-12,fixture-kotlin-compiler-13,fixture-kotlin-compiler-14,fixture-kotlin-compiler-15	64	35bad66d358dca7faeb0cdf55b64b864a288b1b7a4100dbf64766839a0267284	success	11	6277	ca01ade166f4156fe11d166c7832fed45bfbdf107060915eb0c8f2df36ef35ed	89625		fixture-android-00,fixture-android-09	request-selected-source	64	64	fixture-android-00,fixture-android-01,fixture-android-02,fixture-android-03,fixture-android-04,fixture-android-05,fixture-android-06,fixture-android-07,fixture-android-08,fixture-android-09,fixture-android-10,fixture-android-11,fixture-android-12,fixture-android-13,fixture-android-14,fixture-android-15,fixture-hive-00,fixture-hive-01,fixture-hive-02,fixture-hive-03,fixture-hive-04,fixture-hive-05,fixture-hive-06,fixture-hive-07,fixture-hive-08,fixture-hive-09,fixture-hive-10,fixture-hive-11,fixture-hive-12,fixture-hive-13,fixture-hive-14,fixture-hive-15,fixture-kotlin-compiler-00,fixture-kotlin-compiler-01,fixture-kotlin-compiler-02,fixture-kotlin-compiler-03,fixture-kotlin-compiler-04,fixture-kotlin-compiler-05,fixture-kotlin-compiler-06,fixture-kotlin-compiler-07,fixture-kotlin-compiler-08,fixture-kotlin-compiler-09,fixture-kotlin-compiler-10,fixture-kotlin-compiler-11,fixture-kotlin-compiler-12,fixture-kotlin-compiler-13,fixture-kotlin-compiler-14,fixture-kotlin-compiler-15,fixture-tika-00,fixture-tika-01,fixture-tika-02,fixture-tika-03,fixture-tika-04,fixture-tika-05,fixture-tika-06,fixture-tika-07,fixture-tika-08,fixture-tika-09,fixture-tika-10,fixture-tika-11,fixture-tika-12,fixture-tika-13,fixture-tika-14,fixture-tika-15	64	0	0	64	0	73	0	0	0	1	0
graph-id-in-literal-wrapped-contains-k64-group-00-dense	graph-id-set	graph-id-in-literal-wrapped-contains	dense	graph-id-in-literal-and-wrapped-contains	graph-routing-set	properties	200	fixture-android-00	fixture-android-00,fixture-android-01,fixture-android-02,fixture-android-03,fixture-android-04,fixture-android-05,fixture-android-06,fixture-android-07,fixture-android-08,fixture-android-09,fixture-android-10,fixture-android-11,fixture-android-12,fixture-android-13,fixture-android-14,fixture-android-15,fixture-tika-00,fixture-tika-01,fixture-tika-02,fixture-tika-03,fixture-tika-04,fixture-tika-05,fixture-tika-06,fixture-tika-07,fixture-tika-08,fixture-tika-09,fixture-tika-10,fixture-tika-11,fixture-tika-12,fixture-tika-13,fixture-tika-14,fixture-tika-15,fixture-hive-00,fixture-hive-01,fixture-hive-02,fixture-hive-03,fixture-hive-04,fixture-hive-05,fixture-hive-06,fixture-hive-07,fixture-hive-08,fixture-hive-09,fixture-hive-10,fixture-hive-11,fixture-hive-12,fixture-hive-13,fixture-hive-14,fixture-hive-15,fixture-kotlin-compiler-00,fixture-kotlin-compiler-01,fixture-kotlin-compiler-02,fixture-kotlin-compiler-03,fixture-kotlin-compiler-04,fixture-kotlin-compiler-05,fixture-kotlin-compiler-06,fixture-kotlin-compiler-07,fixture-kotlin-compiler-08,fixture-kotlin-compiler-09,fixture-kotlin-compiler-10,fixture-kotlin-compiler-11,fixture-kotlin-compiler-12,fixture-kotlin-compiler-13,fixture-kotlin-compiler-14,fixture-kotlin-compiler-15	64	35bad66d358dca7faeb0cdf55b64b864a288b1b7a4100dbf64766839a0267284	success	200	84411	3bdee68309e62bee93f47848258ded90b1763d55841fa57d8b8fd21867653c44	85458		fixture-android-00	cypher-graph-id-predicate	64	1	fixture-android-00	1	0	0	1	0	200	1	0	0	1	0
graph-id-in-parameter-wrapped-contains-k64-group-00-dense	graph-id-set	graph-id-in-parameter-wrapped-contains	dense	graph-id-in-parameter-and-wrapped-contains	parameters	properties	200	fixture-android-00	fixture-android-00,fixture-android-01,fixture-android-02,fixture-android-03,fixture-android-04,fixture-android-05,fixture-android-06,fixture-android-07,fixture-android-08,fixture-android-09,fixture-android-10,fixture-android-11,fixture-android-12,fixture-android-13,fixture-android-14,fixture-android-15,fixture-tika-00,fixture-tika-01,fixture-tika-02,fixture-tika-03,fixture-tika-04,fixture-tika-05,fixture-tika-06,fixture-tika-07,fixture-tika-08,fixture-tika-09,fixture-tika-10,fixture-tika-11,fixture-tika-12,fixture-tika-13,fixture-tika-14,fixture-tika-15,fixture-hive-00,fixture-hive-01,fixture-hive-02,fixture-hive-03,fixture-hive-04,fixture-hive-05,fixture-hive-06,fixture-hive-07,fixture-hive-08,fixture-hive-09,fixture-hive-10,fixture-hive-11,fixture-hive-12,fixture-hive-13,fixture-hive-14,fixture-hive-15,fixture-kotlin-compiler-00,fixture-kotlin-compiler-01,fixture-kotlin-compiler-02,fixture-kotlin-compiler-03,fixture-kotlin-compiler-04,fixture-kotlin-compiler-05,fixture-kotlin-compiler-06,fixture-kotlin-compiler-07,fixture-kotlin-compiler-08,fixture-kotlin-compiler-09,fixture-kotlin-compiler-10,fixture-kotlin-compiler-11,fixture-kotlin-compiler-12,fixture-kotlin-compiler-13,fixture-kotlin-compiler-14,fixture-kotlin-compiler-15	64	35bad66d358dca7faeb0cdf55b64b864a288b1b7a4100dbf64766839a0267284	success	200	84411	3bdee68309e62bee93f47848258ded90b1763d55841fa57d8b8fd21867653c44	52250		fixture-android-00	cypher-graph-id-predicate	64	1	fixture-android-00	1	0	0	1	0	200	1	0	0	1	0
request-selected-set-wrapped-contains-k64-group-00-dense	graph-set-reference	request-selected-set-wrapped-contains	dense	request-graph-set-selection-and-wrapped-contains	request-selected-source	properties	200	fixture-android-00	fixture-android-00,fixture-android-01,fixture-android-02,fixture-android-03,fixture-android-04,fixture-android-05,fixture-android-06,fixture-android-07,fixture-android-08,fixture-android-09,fixture-android-10,fixture-android-11,fixture-android-12,fixture-android-13,fixture-android-14,fixture-android-15,fixture-tika-00,fixture-tika-01,fixture-tika-02,fixture-tika-03,fixture-tika-04,fixture-tika-05,fixture-tika-06,fixture-tika-07,fixture-tika-08,fixture-tika-09,fixture-tika-10,fixture-tika-11,fixture-tika-12,fixture-tika-13,fixture-tika-14,fixture-tika-15,fixture-hive-00,fixture-hive-01,fixture-hive-02,fixture-hive-03,fixture-hive-04,fixture-hive-05,fixture-hive-06,fixture-hive-07,fixture-hive-08,fixture-hive-09,fixture-hive-10,fixture-hive-11,fixture-hive-12,fixture-hive-13,fixture-hive-14,fixture-hive-15,fixture-kotlin-compiler-00,fixture-kotlin-compiler-01,fixture-kotlin-compiler-02,fixture-kotlin-compiler-03,fixture-kotlin-compiler-04,fixture-kotlin-compiler-05,fixture-kotlin-compiler-06,fixture-kotlin-compiler-07,fixture-kotlin-compiler-08,fixture-kotlin-compiler-09,fixture-kotlin-compiler-10,fixture-kotlin-compiler-11,fixture-kotlin-compiler-12,fixture-kotlin-compiler-13,fixture-kotlin-compiler-14,fixture-kotlin-compiler-15	64	35bad66d358dca7faeb0cdf55b64b864a288b1b7a4100dbf64766839a0267284	success	200	84411	3bdee68309e62bee93f47848258ded90b1763d55841fa57d8b8fd21867653c44	50042		fixture-android-00	request-selected-source	64	1	fixture-android-00	1	0	0	1	0	200	0	0	0	1	0
