{"phase": "swift package describe", "done": 0, "total": 1}
{"phase": "swift package describe", "done": 1, "total": 1}
{"phase": "index", "done": 0, "total": 481}
{"phase": "index", "done": 481, "total": 481}
{"phase": "syntax", "done": 1, "total": 481}
{"phase": "syntax", "done": 2, "total": 481}
{"phase": "syntax", "done": 3, "total": 481}
{"phase": "syntax", "done": 4, "total": 481}
{"phase": "syntax", "done": 5, "total": 481}
{"phase": "syntax", "done": 6, "total": 481}
{"phase": "syntax", "done": 7, "total": 481}
{"phase": "syntax", "done": 8, "total": 481}
{"phase": "syntax", "done": 9, "total": 481}
{"phase": "syntax", "done": 10, "total": 481}
{"phase": "syntax", "done": 11, "total": 481}
{"phase": "syntax", "done": 12, "total": 481}
{"phase": "syntax", "done": 13, "total": 481}
{"phase": "syntax", "done": 14, "total": 481}
{"phase": "syntax", "done": 15, "total": 481}
{"phase": "syntax", "done": 16, "total": 481}
{"phase": "syntax", "done": 17, "total": 481}
{"phase": "syntax", "done": 18, "total": 481}
{"phase": "syntax", "done": 19, "total": 481}
{"phase": "syntax", "done": 20, "total": 481}
{"phase": "syntax", "done": 21, "total": 481}
{"phase": "syntax", "done": 22, "total": 481}
{"phase": "syntax", "done": 23, "total": 481}
{"phase": "syntax", "done": 24, "total": 481}
{"phase": "syntax", "done": 25, "total": 481}
{"phase": "syntax", "done": 26, "total": 481}
{"phase": "syntax", "done": 27, "total": 481}
{"phase": "syntax", "done": 28, "total": 481}
{"phase": "syntax", "done": 29, "total": 481}
{"phase": "syntax", "done": 30, "total": 481}
{"phase": "syntax", "done": 31, "total": 481}
{"phase": "syntax", "done": 32, "total": 481}
{"phase": "syntax", "done": 33, "total": 481}
{"phase": "syntax", "done": 34, "total": 481}
{"phase": "syntax", "done": 35, "total": 481}
{"phase": "syntax", "done": 36, "total": 481}
{"phase": "syntax", "done": 37, "total": 481}
{"phase": "syntax", "done": 38, "total": 481}
{"phase": "syntax", "done": 39, "total": 481}
{"phase": "syntax", "done": 40, "total": 481}
{"phase": "syntax", "done": 41, "total": 481}
{"phase": "syntax", "done": 42, "total": 481}
{"phase": "syntax", "done": 43, "total": 481}
{"phase": "syntax", "done": 44, "total": 481}
{"phase": "syntax", "done": 45, "total": 481}
{"phase": "syntax", "done": 46, "total": 481}
{"phase": "syntax", "done": 47, "total": 481}
{"phase": "syntax", "done": 48, "total": 481}
{"phase": "syntax", "done": 49, "total": 481}
{"phase": "syntax", "done": 50, "total": 481}
{"phase": "syntax", "done": 51, "total": 481}
{"phase": "syntax", "done": 52, "total": 481}
{"phase": "syntax", "done": 53, "total": 481}
{"phase": "syntax", "done": 54, "total": 481}
{"phase": "syntax", "done": 55, "total": 481}
{"phase": "syntax", "done": 56, "total": 481}
{"phase": "syntax", "done": 57, "total": 481}
{"phase": "syntax", "done": 58, "total": 481}
{"phase": "syntax", "done": 59, "total": 481}
{"phase": "syntax", "done": 60, "total": 481}
{"phase": "syntax", "done": 61, "total": 481}
{"phase": "syntax", "done": 62, "total": 481}
{"phase": "syntax", "done": 63, "total": 481}
{"phase": "syntax", "done": 64, "total": 481}
{"phase": "syntax", "done": 65, "total": 481}
{"phase": "syntax", "done": 66, "total": 481}
{"phase": "syntax", "done": 67, "total": 481}
{"phase": "syntax", "done": 68, "total": 481}
{"phase": "syntax", "done": 69, "total": 481}
{"phase": "syntax", "done": 70, "total": 481}
{"phase": "syntax", "done": 71, "total": 481}
{"phase": "syntax", "done": 72, "total": 481}
{"phase": "syntax", "done": 73, "total": 481}
{"phase": "syntax", "done": 74, "total": 481}
{"phase": "syntax", "done": 75, "total": 481}
{"phase": "syntax", "done": 76, "total": 481}
{"phase": "syntax", "done": 77, "total": 481}
{"phase": "syntax", "done": 78, "total": 481}
{"phase": "syntax", "done": 79, "total": 481}
{"phase": "syntax", "done": 80, "total": 481}
{"phase": "syntax", "done": 81, "total": 481}
{"phase": "syntax", "done": 82, "total": 481}
{"phase": "syntax", "done": 83, "total": 481}
{"phase": "syntax", "done": 84, "total": 481}
{"phase": "syntax", "done": 85, "total": 481}
{"phase": "syntax", "done": 86, "total": 481}
{"phase": "syntax", "done": 87, "total": 481}
{"phase": "syntax", "done": 88, "total": 481}
{"phase": "syntax", "done": 89, "total": 481}
{"phase": "syntax", "done": 90, "total": 481}
{"phase": "syntax", "done": 91, "total": 481}
{"phase": "syntax", "done": 92, "total": 481}
{"phase": "syntax", "done": 93, "total": 481}
{"phase": "syntax", "done": 94, "total": 481}
{"phase": "syntax", "done": 95, "total": 481}
{"phase": "syntax", "done": 96, "total": 481}
{"phase": "syntax", "done": 97, "total": 481}
{"phase": "syntax", "done": 98, "total": 481}
{"phase": "syntax", "done": 99, "total": 481}
{"phase": "syntax", "done": 100, "total": 481}
{"phase": "syntax", "done": 101, "total": 481}
{"phase": "syntax", "done": 102, "total": 481}
{"phase": "syntax", "done": 103, "total": 481}
{"phase": "syntax", "done": 104, "total": 481}
{"phase": "syntax", "done": 105, "total": 481}
{"phase": "syntax", "done": 106, "total": 481}
{"phase": "syntax", "done": 107, "total": 481}
{"phase": "syntax", "done": 108, "total": 481}
{"phase": "syntax", "done": 109, "total": 481}
{"phase": "syntax", "done": 110, "total": 481}
{"phase": "syntax", "done": 111, "total": 481}
{"phase": "syntax", "done": 112, "total": 481}
{"phase": "syntax", "done": 113, "total": 481}
{"phase": "syntax", "done": 114, "total": 481}
{"phase": "syntax", "done": 115, "total": 481}
{"phase": "syntax", "done": 116, "total": 481}
{"phase": "syntax", "done": 117, "total": 481}
{"phase": "syntax", "done": 118, "total": 481}
{"phase": "syntax", "done": 119, "total": 481}
{"phase": "syntax", "done": 120, "total": 481}
{"phase": "syntax", "done": 121, "total": 481}
{"phase": "syntax", "done": 122, "total": 481}
{"phase": "syntax", "done": 123, "total": 481}
{"phase": "syntax", "done": 124, "total": 481}
{"phase": "syntax", "done": 125, "total": 481}
{"phase": "syntax", "done": 126, "total": 481}
{"phase": "syntax", "done": 127, "total": 481}
{"phase": "syntax", "done": 128, "total": 481}
{"phase": "syntax", "done": 129, "total": 481}
{"phase": "syntax", "done": 130, "total": 481}
{"phase": "syntax", "done": 131, "total": 481}
{"phase": "syntax", "done": 132, "total": 481}
{"phase": "syntax", "done": 133, "total": 481}
{"phase": "syntax", "done": 134, "total": 481}
{"phase": "syntax", "done": 135, "total": 481}
{"phase": "syntax", "done": 136, "total": 481}
{"phase": "syntax", "done": 137, "total": 481}
{"phase": "syntax", "done": 138, "total": 481}
{"phase": "syntax", "done": 139, "total": 481}
{"phase": "syntax", "done": 140, "total": 481}
{"phase": "syntax", "done": 141, "total": 481}
{"phase": "syntax", "done": 142, "total": 481}
{"phase": "syntax", "done": 143, "total": 481}
{"phase": "syntax", "done": 144, "total": 481}
{"phase": "syntax", "done": 145, "total": 481}
{"phase": "syntax", "done": 146, "total": 481}
{"phase": "syntax", "done": 147, "total": 481}
{"phase": "syntax", "done": 148, "total": 481}
{"phase": "syntax", "done": 149, "total": 481}
{"phase": "syntax", "done": 150, "total": 481}
{"phase": "syntax", "done": 151, "total": 481}
{"phase": "syntax", "done": 152, "total": 481}
{"phase": "syntax", "done": 153, "total": 481}
{"phase": "syntax", "done": 154, "total": 481}
{"phase": "syntax", "done": 155, "total": 481}
{"phase": "syntax", "done": 156, "total": 481}
{"phase": "syntax", "done": 157, "total": 481}
{"phase": "syntax", "done": 158, "total": 481}
{"phase": "syntax", "done": 159, "total": 481}
{"phase": "syntax", "done": 160, "total": 481}
{"phase": "syntax", "done": 161, "total": 481}
{"phase": "syntax", "done": 162, "total": 481}
{"phase": "syntax", "done": 163, "total": 481}
{"phase": "syntax", "done": 164, "total": 481}
{"phase": "syntax", "done": 165, "total": 481}
{"phase": "syntax", "done": 166, "total": 481}
{"phase": "syntax", "done": 167, "total": 481}
{"phase": "syntax", "done": 168, "total": 481}
{"phase": "syntax", "done": 169, "total": 481}
{"phase": "syntax", "done": 170, "total": 481}
{"phase": "syntax", "done": 171, "total": 481}
{"phase": "syntax", "done": 172, "total": 481}
{"phase": "syntax", "done": 173, "total": 481}
{"phase": "syntax", "done": 174, "total": 481}
{"phase": "syntax", "done": 175, "total": 481}
{"phase": "syntax", "done": 176, "total": 481}
{"phase": "syntax", "done": 177, "total": 481}
{"phase": "syntax", "done": 178, "total": 481}
{"phase": "syntax", "done": 179, "total": 481}
{"phase": "syntax", "done": 180, "total": 481}
{"phase": "syntax", "done": 181, "total": 481}
{"phase": "syntax", "done": 182, "total": 481}
{"phase": "syntax", "done": 183, "total": 481}
{"phase": "syntax", "done": 184, "total": 481}
{"phase": "syntax", "done": 185, "total": 481}
{"phase": "syntax", "done": 186, "total": 481}
{"phase": "syntax", "done": 187, "total": 481}
{"phase": "syntax", "done": 188, "total": 481}
{"phase": "syntax", "done": 189, "total": 481}
{"phase": "syntax", "done": 190, "total": 481}
{"phase": "syntax", "done": 191, "total": 481}
{"phase": "syntax", "done": 192, "total": 481}
{"phase": "syntax", "done": 193, "total": 481}
{"phase": "syntax", "done": 194, "total": 481}
{"phase": "syntax", "done": 195, "total": 481}
{"phase": "syntax", "done": 196, "total": 481}
{"phase": "syntax", "done": 197, "total": 481}
{"phase": "syntax", "done": 198, "total": 481}
{"phase": "syntax", "done": 199, "total": 481}
{"phase": "syntax", "done": 200, "total": 481}
{"phase": "syntax", "done": 201, "total": 481}
{"phase": "syntax", "done": 202, "total": 481}
{"phase": "syntax", "done": 203, "total": 481}
{"phase": "syntax", "done": 204, "total": 481}
{"phase": "syntax", "done": 205, "total": 481}
{"phase": "syntax", "done": 206, "total": 481}
{"phase": "syntax", "done": 207, "total": 481}
{"phase": "syntax", "done": 208, "total": 481}
{"phase": "syntax", "done": 209, "total": 481}
{"phase": "syntax", "done": 210, "total": 481}
{"phase": "syntax", "done": 211, "total": 481}
{"phase": "syntax", "done": 212, "total": 481}
{"phase": "syntax", "done": 213, "total": 481}
{"phase": "syntax", "done": 214, "total": 481}
{"phase": "syntax", "done": 215, "total": 481}
{"phase": "syntax", "done": 216, "total": 481}
{"phase": "syntax", "done": 217, "total": 481}
{"phase": "syntax", "done": 218, "total": 481}
{"phase": "syntax", "done": 219, "total": 481}
{"phase": "syntax", "done": 220, "total": 481}
{"phase": "syntax", "done": 221, "total": 481}
{"phase": "syntax", "done": 222, "total": 481}
{"phase": "syntax", "done": 223, "total": 481}
{"phase": "syntax", "done": 224, "total": 481}
{"phase": "syntax", "done": 225, "total": 481}
{"phase": "syntax", "done": 226, "total": 481}
{"phase": "syntax", "done": 227, "total": 481}
{"phase": "syntax", "done": 228, "total": 481}
{"phase": "syntax", "done": 229, "total": 481}
{"phase": "syntax", "done": 230, "total": 481}
{"phase": "syntax", "done": 231, "total": 481}
{"phase": "syntax", "done": 232, "total": 481}
{"phase": "syntax", "done": 233, "total": 481}
{"phase": "syntax", "done": 234, "total": 481}
{"phase": "syntax", "done": 235, "total": 481}
{"phase": "syntax", "done": 236, "total": 481}
{"phase": "syntax", "done": 237, "total": 481}
{"phase": "syntax", "done": 238, "total": 481}
{"phase": "syntax", "done": 239, "total": 481}
{"phase": "syntax", "done": 240, "total": 481}
{"phase": "syntax", "done": 241, "total": 481}
{"phase": "syntax", "done": 242, "total": 481}
{"phase": "syntax", "done": 243, "total": 481}
{"phase": "syntax", "done": 244, "total": 481}
{"phase": "syntax", "done": 245, "total": 481}
{"phase": "syntax", "done": 246, "total": 481}
{"phase": "syntax", "done": 247, "total": 481}
{"phase": "syntax", "done": 248, "total": 481}
{"phase": "syntax", "done": 249, "total": 481}
{"phase": "syntax", "done": 250, "total": 481}
{"phase": "syntax", "done": 251, "total": 481}
{"phase": "syntax", "done": 252, "total": 481}
{"phase": "syntax", "done": 253, "total": 481}
{"phase": "syntax", "done": 254, "total": 481}
{"phase": "syntax", "done": 255, "total": 481}
{"phase": "syntax", "done": 256, "total": 481}
{"phase": "syntax", "done": 257, "total": 481}
{"phase": "syntax", "done": 258, "total": 481}
{"phase": "syntax", "done": 259, "total": 481}
{"phase": "syntax", "done": 260, "total": 481}
{"phase": "syntax", "done": 261, "total": 481}
{"phase": "syntax", "done": 262, "total": 481}
{"phase": "syntax", "done": 263, "total": 481}
{"phase": "syntax", "done": 264, "total": 481}
{"phase": "syntax", "done": 265, "total": 481}
{"phase": "syntax", "done": 266, "total": 481}
{"phase": "syntax", "done": 267, "total": 481}
{"phase": "syntax", "done": 268, "total": 481}
{"phase": "syntax", "done": 269, "total": 481}
{"phase": "syntax", "done": 270, "total": 481}
{"phase": "syntax", "done": 271, "total": 481}
{"phase": "syntax", "done": 272, "total": 481}
{"phase": "syntax", "done": 273, "total": 481}
{"phase": "syntax", "done": 274, "total": 481}
{"phase": "syntax", "done": 275, "total": 481}
{"phase": "syntax", "done": 276, "total": 481}
{"phase": "syntax", "done": 277, "total": 481}
{"phase": "syntax", "done": 278, "total": 481}
{"phase": "syntax", "done": 279, "total": 481}
{"phase": "syntax", "done": 280, "total": 481}
{"phase": "syntax", "done": 281, "total": 481}
{"phase": "syntax", "done": 282, "total": 481}
{"phase": "syntax", "done": 283, "total": 481}
{"phase": "syntax", "done": 284, "total": 481}
{"phase": "syntax", "done": 285, "total": 481}
{"phase": "syntax", "done": 286, "total": 481}
{"phase": "syntax", "done": 287, "total": 481}
{"phase": "syntax", "done": 288, "total": 481}
{"phase": "syntax", "done": 289, "total": 481}
{"phase": "syntax", "done": 290, "total": 481}
{"phase": "syntax", "done": 291, "total": 481}
{"phase": "syntax", "done": 292, "total": 481}
{"phase": "syntax", "done": 293, "total": 481}
{"phase": "syntax", "done": 294, "total": 481}
{"phase": "syntax", "done": 295, "total": 481}
{"phase": "syntax", "done": 296, "total": 481}
{"phase": "syntax", "done": 297, "total": 481}
{"phase": "syntax", "done": 298, "total": 481}
{"phase": "syntax", "done": 299, "total": 481}
{"phase": "syntax", "done": 300, "total": 481}
{"phase": "syntax", "done": 301, "total": 481}
{"phase": "syntax", "done": 302, "total": 481}
{"phase": "syntax", "done": 303, "total": 481}
{"phase": "syntax", "done": 304, "total": 481}
{"phase": "syntax", "done": 305, "total": 481}
{"phase": "syntax", "done": 306, "total": 481}
{"phase": "syntax", "done": 307, "total": 481}
{"phase": "syntax", "done": 308, "total": 481}
{"phase": "syntax", "done": 309, "total": 481}
{"phase": "syntax", "done": 310, "total": 481}
{"phase": "syntax", "done": 311, "total": 481}
{"phase": "syntax", "done": 312, "total": 481}
{"phase": "syntax", "done": 313, "total": 481}
{"phase": "syntax", "done": 314, "total": 481}
{"phase": "syntax", "done": 315, "total": 481}
{"phase": "syntax", "done": 316, "total": 481}
{"phase": "syntax", "done": 317, "total": 481}
{"phase": "syntax", "done": 318, "total": 481}
{"phase": "syntax", "done": 319, "total": 481}
{"phase": "syntax", "done": 320, "total": 481}
{"phase": "syntax", "done": 321, "total": 481}
{"phase": "syntax", "done": 322, "total": 481}
{"phase": "syntax", "done": 323, "total": 481}
{"phase": "syntax", "done": 324, "total": 481}
{"phase": "syntax", "done": 325, "total": 481}
{"phase": "syntax", "done": 326, "total": 481}
{"phase": "syntax", "done": 327, "total": 481}
{"phase": "syntax", "done": 328, "total": 481}
{"phase": "syntax", "done": 329, "total": 481}
{"phase": "syntax", "done": 330, "total": 481}
{"phase": "syntax", "done": 331, "total": 481}
{"phase": "syntax", "done": 332, "total": 481}
{"phase": "syntax", "done": 333, "total": 481}
{"phase": "syntax", "done": 334, "total": 481}
{"phase": "syntax", "done": 335, "total": 481}
{"phase": "syntax", "done": 336, "total": 481}
{"phase": "syntax", "done": 337, "total": 481}
{"phase": "syntax", "done": 338, "total": 481}
{"phase": "syntax", "done": 339, "total": 481}
{"phase": "syntax", "done": 340, "total": 481}
{"phase": "syntax", "done": 341, "total": 481}
{"phase": "syntax", "done": 342, "total": 481}
{"phase": "syntax", "done": 343, "total": 481}
{"phase": "syntax", "done": 344, "total": 481}
{"phase": "syntax", "done": 345, "total": 481}
{"phase": "syntax", "done": 346, "total": 481}
{"phase": "syntax", "done": 347, "total": 481}
{"phase": "syntax", "done": 348, "total": 481}
{"phase": "syntax", "done": 349, "total": 481}
{"phase": "syntax", "done": 350, "total": 481}
{"phase": "syntax", "done": 351, "total": 481}
{"phase": "syntax", "done": 352, "total": 481}
{"phase": "syntax", "done": 353, "total": 481}
{"phase": "syntax", "done": 354, "total": 481}
{"phase": "syntax", "done": 355, "total": 481}
{"phase": "syntax", "done": 356, "total": 481}
{"phase": "syntax", "done": 357, "total": 481}
{"phase": "syntax", "done": 358, "total": 481}
{"phase": "syntax", "done": 359, "total": 481}
{"phase": "syntax", "done": 360, "total": 481}
{"phase": "syntax", "done": 361, "total": 481}
{"phase": "syntax", "done": 362, "total": 481}
{"phase": "syntax", "done": 363, "total": 481}
{"phase": "syntax", "done": 364, "total": 481}
{"phase": "syntax", "done": 365, "total": 481}
{"phase": "syntax", "done": 366, "total": 481}
{"phase": "syntax", "done": 367, "total": 481}
{"phase": "syntax", "done": 368, "total": 481}
{"phase": "syntax", "done": 369, "total": 481}
{"phase": "syntax", "done": 370, "total": 481}
{"phase": "syntax", "done": 371, "total": 481}
{"phase": "syntax", "done": 372, "total": 481}
{"phase": "syntax", "done": 373, "total": 481}
{"phase": "syntax", "done": 374, "total": 481}
{"phase": "syntax", "done": 375, "total": 481}
{"phase": "syntax", "done": 376, "total": 481}
{"phase": "syntax", "done": 377, "total": 481}
{"phase": "syntax", "done": 378, "total": 481}
{"phase": "syntax", "done": 379, "total": 481}
{"phase": "syntax", "done": 380, "total": 481}
{"phase": "syntax", "done": 381, "total": 481}
{"phase": "syntax", "done": 382, "total": 481}
{"phase": "syntax", "done": 383, "total": 481}
{"phase": "syntax", "done": 384, "total": 481}
{"phase": "syntax", "done": 385, "total": 481}
{"phase": "syntax", "done": 386, "total": 481}
{"phase": "syntax", "done": 387, "total": 481}
{"phase": "syntax", "done": 388, "total": 481}
{"phase": "syntax", "done": 389, "total": 481}
{"phase": "syntax", "done": 390, "total": 481}
{"phase": "syntax", "done": 391, "total": 481}
{"phase": "syntax", "done": 392, "total": 481}
{"phase": "syntax", "done": 393, "total": 481}
{"phase": "syntax", "done": 394, "total": 481}
{"phase": "syntax", "done": 395, "total": 481}
{"phase": "syntax", "done": 396, "total": 481}
{"phase": "syntax", "done": 397, "total": 481}
{"phase": "syntax", "done": 398, "total": 481}
{"phase": "syntax", "done": 399, "total": 481}
{"phase": "syntax", "done": 400, "total": 481}
{"phase": "syntax", "done": 401, "total": 481}
{"phase": "syntax", "done": 402, "total": 481}
{"phase": "syntax", "done": 403, "total": 481}
{"phase": "syntax", "done": 404, "total": 481}
{"phase": "syntax", "done": 405, "total": 481}
{"phase": "syntax", "done": 406, "total": 481}
{"phase": "syntax", "done": 407, "total": 481}
{"phase": "syntax", "done": 408, "total": 481}
{"phase": "syntax", "done": 409, "total": 481}
{"phase": "syntax", "done": 410, "total": 481}
{"phase": "syntax", "done": 411, "total": 481}
{"phase": "syntax", "done": 412, "total": 481}
{"phase": "syntax", "done": 413, "total": 481}
{"phase": "syntax", "done": 414, "total": 481}
{"phase": "syntax", "done": 415, "total": 481}
{"phase": "syntax", "done": 416, "total": 481}
{"phase": "syntax", "done": 417, "total": 481}
{"phase": "syntax", "done": 418, "total": 481}
{"phase": "syntax", "done": 419, "total": 481}
{"phase": "syntax", "done": 420, "total": 481}
{"phase": "syntax", "done": 421, "total": 481}
{"phase": "syntax", "done": 422, "total": 481}
{"phase": "syntax", "done": 423, "total": 481}
{"phase": "syntax", "done": 424, "total": 481}
{"phase": "syntax", "done": 425, "total": 481}
{"phase": "syntax", "done": 426, "total": 481}
{"phase": "syntax", "done": 427, "total": 481}
{"phase": "syntax", "done": 428, "total": 481}
{"phase": "syntax", "done": 429, "total": 481}
{"phase": "syntax", "done": 430, "total": 481}
{"phase": "syntax", "done": 431, "total": 481}
{"phase": "syntax", "done": 432, "total": 481}
{"phase": "syntax", "done": 433, "total": 481}
{"phase": "syntax", "done": 434, "total": 481}
{"phase": "syntax", "done": 435, "total": 481}
{"phase": "syntax", "done": 436, "total": 481}
{"phase": "syntax", "done": 437, "total": 481}
{"phase": "syntax", "done": 438, "total": 481}
{"phase": "syntax", "done": 439, "total": 481}
{"phase": "syntax", "done": 440, "total": 481}
{"phase": "syntax", "done": 441, "total": 481}
{"phase": "syntax", "done": 442, "total": 481}
{"phase": "syntax", "done": 443, "total": 481}
{"phase": "syntax", "done": 444, "total": 481}
{"phase": "syntax", "done": 445, "total": 481}
{"phase": "syntax", "done": 446, "total": 481}
{"phase": "syntax", "done": 447, "total": 481}
{"phase": "syntax", "done": 448, "total": 481}
{"phase": "syntax", "done": 449, "total": 481}
{"phase": "syntax", "done": 450, "total": 481}
{"phase": "syntax", "done": 451, "total": 481}
{"phase": "syntax", "done": 452, "total": 481}
{"phase": "syntax", "done": 453, "total": 481}
{"phase": "syntax", "done": 454, "total": 481}
{"phase": "syntax", "done": 455, "total": 481}
{"phase": "syntax", "done": 456, "total": 481}
{"phase": "syntax", "done": 457, "total": 481}
{"phase": "syntax", "done": 458, "total": 481}
{"phase": "syntax", "done": 459, "total": 481}
{"phase": "syntax", "done": 460, "total": 481}
{"phase": "syntax", "done": 461, "total": 481}
{"phase": "syntax", "done": 462, "total": 481}
{"phase": "syntax", "done": 463, "total": 481}
{"phase": "syntax", "done": 464, "total": 481}
{"phase": "syntax", "done": 465, "total": 481}
{"phase": "syntax", "done": 466, "total": 481}
{"phase": "syntax", "done": 467, "total": 481}
{"phase": "syntax", "done": 468, "total": 481}
{"phase": "syntax", "done": 469, "total": 481}
{"phase": "syntax", "done": 470, "total": 481}
{"phase": "syntax", "done": 471, "total": 481}
{"phase": "syntax", "done": 472, "total": 481}
{"phase": "syntax", "done": 473, "total": 481}
{"phase": "syntax", "done": 474, "total": 481}
{"phase": "syntax", "done": 475, "total": 481}
{"phase": "syntax", "done": 476, "total": 481}
{"phase": "syntax", "done": 477, "total": 481}
{"phase": "syntax", "done": 478, "total": 481}
{"phase": "syntax", "done": 479, "total": 481}
{"phase": "syntax", "done": 480, "total": 481}
{"phase": "syntax", "done": 481, "total": 481}
{"phase": "demangle", "done": 0, "total": 39150}
{"phase": "demangle", "done": 39150, "total": 39150}
{"phase": "emit", "done": 0, "total": 1}
{"phase": "emit", "done": 1, "total": 1}
graphite-frontend-apple 0.1.0: 481 files, 1752 types, 4601 methods, 5355 fields, 25139 call sites, 3434 constants, 913 annotations; 60407 nodes, 29000 edges, 21459 strings -> /tmp/apple-frontend-bench-iblb8v8b/corpus.graphite-ir
{"phase": "swift package describe", "done": 0, "total": 1}
{"phase": "swift package describe", "done": 1, "total": 1}
{"phase": "index", "done": 0, "total": 481}
{"phase": "index", "done": 481, "total": 481}
{"phase": "syntax", "done": 1, "total": 481}
{"phase": "syntax", "done": 2, "total": 481}
{"phase": "syntax", "done": 3, "total": 481}
{"phase": "syntax", "done": 4, "total": 481}
{"phase": "syntax", "done": 5, "total": 481}
{"phase": "syntax", "done": 6, "total": 481}
{"phase": "syntax", "done": 7, "total": 481}
{"phase": "syntax", "done": 8, "total": 481}
{"phase": "syntax", "done": 9, "total": 481}
{"phase": "syntax", "done": 10, "total": 481}
{"phase": "syntax", "done": 11, "total": 481}
{"phase": "syntax", "done": 12, "total": 481}
{"phase": "syntax", "done": 13, "total": 481}
{"phase": "syntax", "done": 14, "total": 481}
{"phase": "syntax", "done": 15, "total": 481}
{"phase": "syntax", "done": 16, "total": 481}
{"phase": "syntax", "done": 17, "total": 481}
{"phase": "syntax", "done": 18, "total": 481}
{"phase": "syntax", "done": 19, "total": 481}
{"phase": "syntax", "done": 20, "total": 481}
{"phase": "syntax", "done": 21, "total": 481}
{"phase": "syntax", "done": 22, "total": 481}
{"phase": "syntax", "done": 23, "total": 481}
{"phase": "syntax", "done": 24, "total": 481}
{"phase": "syntax", "done": 25, "total": 481}
{"phase": "syntax", "done": 26, "total": 481}
{"phase": "syntax", "done": 27, "total": 481}
{"phase": "syntax", "done": 28, "total": 481}
{"phase": "syntax", "done": 29, "total": 481}
{"phase": "syntax", "done": 30, "total": 481}
{"phase": "syntax", "done": 31, "total": 481}
{"phase": "syntax", "done": 32, "total": 481}
{"phase": "syntax", "done": 33, "total": 481}
{"phase": "syntax", "done": 34, "total": 481}
{"phase": "syntax", "done": 35, "total": 481}
{"phase": "syntax", "done": 36, "total": 481}
{"phase": "syntax", "done": 37, "total": 481}
{"phase": "syntax", "done": 38, "total": 481}
{"phase": "syntax", "done": 39, "total": 481}
{"phase": "syntax", "done": 40, "total": 481}
{"phase": "syntax", "done": 41, "total": 481}
{"phase": "syntax", "done": 42, "total": 481}
{"phase": "syntax", "done": 43, "total": 481}
{"phase": "syntax", "done": 44, "total": 481}
{"phase": "syntax", "done": 45, "total": 481}
{"phase": "syntax", "done": 46, "total": 481}
{"phase": "syntax", "done": 47, "total": 481}
{"phase": "syntax", "done": 48, "total": 481}
{"phase": "syntax", "done": 49, "total": 481}
{"phase": "syntax", "done": 50, "total": 481}
{"phase": "syntax", "done": 51, "total": 481}
{"phase": "syntax", "done": 52, "total": 481}
{"phase": "syntax", "done": 53, "total": 481}
{"phase": "syntax", "done": 54, "total": 481}
{"phase": "syntax", "done": 55, "total": 481}
{"phase": "syntax", "done": 56, "total": 481}
{"phase": "syntax", "done": 57, "total": 481}
{"phase": "syntax", "done": 58, "total": 481}
{"phase": "syntax", "done": 59, "total": 481}
{"phase": "syntax", "done": 60, "total": 481}
{"phase": "syntax", "done": 61, "total": 481}
{"phase": "syntax", "done": 62, "total": 481}
{"phase": "syntax", "done": 63, "total": 481}
{"phase": "syntax", "done": 64, "total": 481}
{"phase": "syntax", "done": 65, "total": 481}
{"phase": "syntax", "done": 66, "total": 481}
{"phase": "syntax", "done": 67, "total": 481}
{"phase": "syntax", "done": 68, "total": 481}
{"phase": "syntax", "done": 69, "total": 481}
{"phase": "syntax", "done": 70, "total": 481}
{"phase": "syntax", "done": 71, "total": 481}
{"phase": "syntax", "done": 72, "total": 481}
{"phase": "syntax", "done": 73, "total": 481}
{"phase": "syntax", "done": 74, "total": 481}
{"phase": "syntax", "done": 75, "total": 481}
{"phase": "syntax", "done": 76, "total": 481}
{"phase": "syntax", "done": 77, "total": 481}
{"phase": "syntax", "done": 78, "total": 481}
{"phase": "syntax", "done": 79, "total": 481}
{"phase": "syntax", "done": 80, "total": 481}
{"phase": "syntax", "done": 81, "total": 481}
{"phase": "syntax", "done": 82, "total": 481}
{"phase": "syntax", "done": 83, "total": 481}
{"phase": "syntax", "done": 84, "total": 481}
{"phase": "syntax", "done": 85, "total": 481}
{"phase": "syntax", "done": 86, "total": 481}
{"phase": "syntax", "done": 87, "total": 481}
{"phase": "syntax", "done": 88, "total": 481}
{"phase": "syntax", "done": 89, "total": 481}
{"phase": "syntax", "done": 90, "total": 481}
{"phase": "syntax", "done": 91, "total": 481}
{"phase": "syntax", "done": 92, "total": 481}
{"phase": "syntax", "done": 93, "total": 481}
{"phase": "syntax", "done": 94, "total": 481}
{"phase": "syntax", "done": 95, "total": 481}
{"phase": "syntax", "done": 96, "total": 481}
{"phase": "syntax", "done": 97, "total": 481}
{"phase": "syntax", "done": 98, "total": 481}
{"phase": "syntax", "done": 99, "total": 481}
{"phase": "syntax", "done": 100, "total": 481}
{"phase": "syntax", "done": 101, "total": 481}
{"phase": "syntax", "done": 102, "total": 481}
{"phase": "syntax", "done": 103, "total": 481}
{"phase": "syntax", "done": 104, "total": 481}
{"phase": "syntax", "done": 105, "total": 481}
{"phase": "syntax", "done": 106, "total": 481}
{"phase": "syntax", "done": 107, "total": 481}
{"phase": "syntax", "done": 108, "total": 481}
{"phase": "syntax", "done": 109, "total": 481}
{"phase": "syntax", "done": 110, "total": 481}
{"phase": "syntax", "done": 111, "total": 481}
{"phase": "syntax", "done": 112, "total": 481}
{"phase": "syntax", "done": 113, "total": 481}
{"phase": "syntax", "done": 114, "total": 481}
{"phase": "syntax", "done": 115, "total": 481}
{"phase": "syntax", "done": 116, "total": 481}
{"phase": "syntax", "done": 117, "total": 481}
{"phase": "syntax", "done": 118, "total": 481}
{"phase": "syntax", "done": 119, "total": 481}
{"phase": "syntax", "done": 120, "total": 481}
{"phase": "syntax", "done": 121, "total": 481}
{"phase": "syntax", "done": 122, "total": 481}
{"phase": "syntax", "done": 123, "total": 481}
{"phase": "syntax", "done": 124, "total": 481}
{"phase": "syntax", "done": 125, "total": 481}
{"phase": "syntax", "done": 126, "total": 481}
{"phase": "syntax", "done": 127, "total": 481}
{"phase": "syntax", "done": 128, "total": 481}
{"phase": "syntax", "done": 129, "total": 481}
{"phase": "syntax", "done": 130, "total": 481}
{"phase": "syntax", "done": 131, "total": 481}
{"phase": "syntax", "done": 132, "total": 481}
{"phase": "syntax", "done": 133, "total": 481}
{"phase": "syntax", "done": 134, "total": 481}
{"phase": "syntax", "done": 135, "total": 481}
{"phase": "syntax", "done": 136, "total": 481}
{"phase": "syntax", "done": 137, "total": 481}
{"phase": "syntax", "done": 138, "total": 481}
{"phase": "syntax", "done": 139, "total": 481}
{"phase": "syntax", "done": 140, "total": 481}
{"phase": "syntax", "done": 141, "total": 481}
{"phase": "syntax", "done": 142, "total": 481}
{"phase": "syntax", "done": 143, "total": 481}
{"phase": "syntax", "done": 144, "total": 481}
{"phase": "syntax", "done": 145, "total": 481}
{"phase": "syntax", "done": 146, "total": 481}
{"phase": "syntax", "done": 147, "total": 481}
{"phase": "syntax", "done": 148, "total": 481}
{"phase": "syntax", "done": 149, "total": 481}
{"phase": "syntax", "done": 150, "total": 481}
{"phase": "syntax", "done": 151, "total": 481}
{"phase": "syntax", "done": 152, "total": 481}
{"phase": "syntax", "done": 153, "total": 481}
{"phase": "syntax", "done": 154, "total": 481}
{"phase": "syntax", "done": 155, "total": 481}
{"phase": "syntax", "done": 156, "total": 481}
{"phase": "syntax", "done": 157, "total": 481}
{"phase": "syntax", "done": 158, "total": 481}
{"phase": "syntax", "done": 159, "total": 481}
{"phase": "syntax", "done": 160, "total": 481}
{"phase": "syntax", "done": 161, "total": 481}
{"phase": "syntax", "done": 162, "total": 481}
{"phase": "syntax", "done": 163, "total": 481}
{"phase": "syntax", "done": 164, "total": 481}
{"phase": "syntax", "done": 165, "total": 481}
{"phase": "syntax", "done": 166, "total": 481}
{"phase": "syntax", "done": 167, "total": 481}
{"phase": "syntax", "done": 168, "total": 481}
{"phase": "syntax", "done": 169, "total": 481}
{"phase": "syntax", "done": 170, "total": 481}
{"phase": "syntax", "done": 171, "total": 481}
{"phase": "syntax", "done": 172, "total": 481}
{"phase": "syntax", "done": 173, "total": 481}
{"phase": "syntax", "done": 174, "total": 481}
{"phase": "syntax", "done": 175, "total": 481}
{"phase": "syntax", "done": 176, "total": 481}
{"phase": "syntax", "done": 177, "total": 481}
{"phase": "syntax", "done": 178, "total": 481}
{"phase": "syntax", "done": 179, "total": 481}
{"phase": "syntax", "done": 180, "total": 481}
{"phase": "syntax", "done": 181, "total": 481}
{"phase": "syntax", "done": 182, "total": 481}
{"phase": "syntax", "done": 183, "total": 481}
{"phase": "syntax", "done": 184, "total": 481}
{"phase": "syntax", "done": 185, "total": 481}
{"phase": "syntax", "done": 186, "total": 481}
{"phase": "syntax", "done": 187, "total": 481}
{"phase": "syntax", "done": 188, "total": 481}
{"phase": "syntax", "done": 189, "total": 481}
{"phase": "syntax", "done": 190, "total": 481}
{"phase": "syntax", "done": 191, "total": 481}
{"phase": "syntax", "done": 192, "total": 481}
{"phase": "syntax", "done": 193, "total": 481}
{"phase": "syntax", "done": 194, "total": 481}
{"phase": "syntax", "done": 195, "total": 481}
{"phase": "syntax", "done": 196, "total": 481}
{"phase": "syntax", "done": 197, "total": 481}
{"phase": "syntax", "done": 198, "total": 481}
{"phase": "syntax", "done": 199, "total": 481}
{"phase": "syntax", "done": 200, "total": 481}
{"phase": "syntax", "done": 201, "total": 481}
{"phase": "syntax", "done": 202, "total": 481}
{"phase": "syntax", "done": 203, "total": 481}
{"phase": "syntax", "done": 204, "total": 481}
{"phase": "syntax", "done": 205, "total": 481}
{"phase": "syntax", "done": 206, "total": 481}
{"phase": "syntax", "done": 207, "total": 481}
{"phase": "syntax", "done": 208, "total": 481}
{"phase": "syntax", "done": 209, "total": 481}
{"phase": "syntax", "done": 210, "total": 481}
{"phase": "syntax", "done": 211, "total": 481}
{"phase": "syntax", "done": 212, "total": 481}
{"phase": "syntax", "done": 213, "total": 481}
{"phase": "syntax", "done": 214, "total": 481}
{"phase": "syntax", "done": 215, "total": 481}
{"phase": "syntax", "done": 216, "total": 481}
{"phase": "syntax", "done": 217, "total": 481}
{"phase": "syntax", "done": 218, "total": 481}
{"phase": "syntax", "done": 219, "total": 481}
{"phase": "syntax", "done": 220, "total": 481}
{"phase": "syntax", "done": 221, "total": 481}
{"phase": "syntax", "done": 222, "total": 481}
{"phase": "syntax", "done": 223, "total": 481}
{"phase": "syntax", "done": 224, "total": 481}
{"phase": "syntax", "done": 225, "total": 481}
{"phase": "syntax", "done": 226, "total": 481}
{"phase": "syntax", "done": 227, "total": 481}
{"phase": "syntax", "done": 228, "total": 481}
{"phase": "syntax", "done": 229, "total": 481}
{"phase": "syntax", "done": 230, "total": 481}
{"phase": "syntax", "done": 231, "total": 481}
{"phase": "syntax", "done": 232, "total": 481}
{"phase": "syntax", "done": 233, "total": 481}
{"phase": "syntax", "done": 234, "total": 481}
{"phase": "syntax", "done": 235, "total": 481}
{"phase": "syntax", "done": 236, "total": 481}
{"phase": "syntax", "done": 237, "total": 481}
{"phase": "syntax", "done": 238, "total": 481}
{"phase": "syntax", "done": 239, "total": 481}
{"phase": "syntax", "done": 240, "total": 481}
{"phase": "syntax", "done": 241, "total": 481}
{"phase": "syntax", "done": 242, "total": 481}
{"phase": "syntax", "done": 243, "total": 481}
{"phase": "syntax", "done": 244, "total": 481}
{"phase": "syntax", "done": 245, "total": 481}
{"phase": "syntax", "done": 246, "total": 481}
{"phase": "syntax", "done": 247, "total": 481}
{"phase": "syntax", "done": 248, "total": 481}
{"phase": "syntax", "done": 249, "total": 481}
{"phase": "syntax", "done": 250, "total": 481}
{"phase": "syntax", "done": 251, "total": 481}
{"phase": "syntax", "done": 252, "total": 481}
{"phase": "syntax", "done": 253, "total": 481}
{"phase": "syntax", "done": 254, "total": 481}
{"phase": "syntax", "done": 255, "total": 481}
{"phase": "syntax", "done": 256, "total": 481}
{"phase": "syntax", "done": 257, "total": 481}
{"phase": "syntax", "done": 258, "total": 481}
{"phase": "syntax", "done": 259, "total": 481}
{"phase": "syntax", "done": 260, "total": 481}
{"phase": "syntax", "done": 261, "total": 481}
{"phase": "syntax", "done": 262, "total": 481}
{"phase": "syntax", "done": 263, "total": 481}
{"phase": "syntax", "done": 264, "total": 481}
{"phase": "syntax", "done": 265, "total": 481}
{"phase": "syntax", "done": 266, "total": 481}
{"phase": "syntax", "done": 267, "total": 481}
{"phase": "syntax", "done": 268, "total": 481}
{"phase": "syntax", "done": 269, "total": 481}
{"phase": "syntax", "done": 270, "total": 481}
{"phase": "syntax", "done": 271, "total": 481}
{"phase": "syntax", "done": 272, "total": 481}
{"phase": "syntax", "done": 273, "total": 481}
{"phase": "syntax", "done": 274, "total": 481}
{"phase": "syntax", "done": 275, "total": 481}
{"phase": "syntax", "done": 276, "total": 481}
{"phase": "syntax", "done": 277, "total": 481}
{"phase": "syntax", "done": 278, "total": 481}
{"phase": "syntax", "done": 279, "total": 481}
{"phase": "syntax", "done": 280, "total": 481}
{"phase": "syntax", "done": 281, "total": 481}
{"phase": "syntax", "done": 282, "total": 481}
{"phase": "syntax", "done": 283, "total": 481}
{"phase": "syntax", "done": 284, "total": 481}
{"phase": "syntax", "done": 285, "total": 481}
{"phase": "syntax", "done": 286, "total": 481}
{"phase": "syntax", "done": 287, "total": 481}
{"phase": "syntax", "done": 288, "total": 481}
{"phase": "syntax", "done": 289, "total": 481}
{"phase": "syntax", "done": 290, "total": 481}
{"phase": "syntax", "done": 291, "total": 481}
{"phase": "syntax", "done": 292, "total": 481}
{"phase": "syntax", "done": 293, "total": 481}
{"phase": "syntax", "done": 294, "total": 481}
{"phase": "syntax", "done": 295, "total": 481}
{"phase": "syntax", "done": 296, "total": 481}
{"phase": "syntax", "done": 297, "total": 481}
{"phase": "syntax", "done": 298, "total": 481}
{"phase": "syntax", "done": 299, "total": 481}
{"phase": "syntax", "done": 300, "total": 481}
{"phase": "syntax", "done": 301, "total": 481}
{"phase": "syntax", "done": 302, "total": 481}
{"phase": "syntax", "done": 303, "total": 481}
{"phase": "syntax", "done": 304, "total": 481}
{"phase": "syntax", "done": 305, "total": 481}
{"phase": "syntax", "done": 306, "total": 481}
{"phase": "syntax", "done": 307, "total": 481}
{"phase": "syntax", "done": 308, "total": 481}
{"phase": "syntax", "done": 309, "total": 481}
{"phase": "syntax", "done": 310, "total": 481}
{"phase": "syntax", "done": 311, "total": 481}
{"phase": "syntax", "done": 312, "total": 481}
{"phase": "syntax", "done": 313, "total": 481}
{"phase": "syntax", "done": 314, "total": 481}
{"phase": "syntax", "done": 315, "total": 481}
{"phase": "syntax", "done": 316, "total": 481}
{"phase": "syntax", "done": 317, "total": 481}
{"phase": "syntax", "done": 318, "total": 481}
{"phase": "syntax", "done": 319, "total": 481}
{"phase": "syntax", "done": 320, "total": 481}
{"phase": "syntax", "done": 321, "total": 481}
{"phase": "syntax", "done": 322, "total": 481}
{"phase": "syntax", "done": 323, "total": 481}
{"phase": "syntax", "done": 324, "total": 481}
{"phase": "syntax", "done": 325, "total": 481}
{"phase": "syntax", "done": 326, "total": 481}
{"phase": "syntax", "done": 327, "total": 481}
{"phase": "syntax", "done": 328, "total": 481}
{"phase": "syntax", "done": 329, "total": 481}
{"phase": "syntax", "done": 330, "total": 481}
{"phase": "syntax", "done": 331, "total": 481}
{"phase": "syntax", "done": 332, "total": 481}
{"phase": "syntax", "done": 333, "total": 481}
{"phase": "syntax", "done": 334, "total": 481}
{"phase": "syntax", "done": 335, "total": 481}
{"phase": "syntax", "done": 336, "total": 481}
{"phase": "syntax", "done": 337, "total": 481}
{"phase": "syntax", "done": 338, "total": 481}
{"phase": "syntax", "done": 339, "total": 481}
{"phase": "syntax", "done": 340, "total": 481}
{"phase": "syntax", "done": 341, "total": 481}
{"phase": "syntax", "done": 342, "total": 481}
{"phase": "syntax", "done": 343, "total": 481}
{"phase": "syntax", "done": 344, "total": 481}
{"phase": "syntax", "done": 345, "total": 481}
{"phase": "syntax", "done": 346, "total": 481}
{"phase": "syntax", "done": 347, "total": 481}
{"phase": "syntax", "done": 348, "total": 481}
{"phase": "syntax", "done": 349, "total": 481}
{"phase": "syntax", "done": 350, "total": 481}
{"phase": "syntax", "done": 351, "total": 481}
{"phase": "syntax", "done": 352, "total": 481}
{"phase": "syntax", "done": 353, "total": 481}
{"phase": "syntax", "done": 354, "total": 481}
{"phase": "syntax", "done": 355, "total": 481}
{"phase": "syntax", "done": 356, "total": 481}
{"phase": "syntax", "done": 357, "total": 481}
{"phase": "syntax", "done": 358, "total": 481}
{"phase": "syntax", "done": 359, "total": 481}
{"phase": "syntax", "done": 360, "total": 481}
{"phase": "syntax", "done": 361, "total": 481}
{"phase": "syntax", "done": 362, "total": 481}
{"phase": "syntax", "done": 363, "total": 481}
{"phase": "syntax", "done": 364, "total": 481}
{"phase": "syntax", "done": 365, "total": 481}
{"phase": "syntax", "done": 366, "total": 481}
{"phase": "syntax", "done": 367, "total": 481}
{"phase": "syntax", "done": 368, "total": 481}
{"phase": "syntax", "done": 369, "total": 481}
{"phase": "syntax", "done": 370, "total": 481}
{"phase": "syntax", "done": 371, "total": 481}
{"phase": "syntax", "done": 372, "total": 481}
{"phase": "syntax", "done": 373, "total": 481}
{"phase": "syntax", "done": 374, "total": 481}
{"phase": "syntax", "done": 375, "total": 481}
{"phase": "syntax", "done": 376, "total": 481}
{"phase": "syntax", "done": 377, "total": 481}
{"phase": "syntax", "done": 378, "total": 481}
{"phase": "syntax", "done": 379, "total": 481}
{"phase": "syntax", "done": 380, "total": 481}
{"phase": "syntax", "done": 381, "total": 481}
{"phase": "syntax", "done": 382, "total": 481}
{"phase": "syntax", "done": 383, "total": 481}
{"phase": "syntax", "done": 384, "total": 481}
{"phase": "syntax", "done": 385, "total": 481}
{"phase": "syntax", "done": 386, "total": 481}
{"phase": "syntax", "done": 387, "total": 481}
{"phase": "syntax", "done": 388, "total": 481}
{"phase": "syntax", "done": 389, "total": 481}
{"phase": "syntax", "done": 390, "total": 481}
{"phase": "syntax", "done": 391, "total": 481}
{"phase": "syntax", "done": 392, "total": 481}
{"phase": "syntax", "done": 393, "total": 481}
{"phase": "syntax", "done": 394, "total": 481}
{"phase": "syntax", "done": 395, "total": 481}
{"phase": "syntax", "done": 396, "total": 481}
{"phase": "syntax", "done": 397, "total": 481}
{"phase": "syntax", "done": 398, "total": 481}
{"phase": "syntax", "done": 399, "total": 481}
{"phase": "syntax", "done": 400, "total": 481}
{"phase": "syntax", "done": 401, "total": 481}
{"phase": "syntax", "done": 402, "total": 481}
{"phase": "syntax", "done": 403, "total": 481}
{"phase": "syntax", "done": 404, "total": 481}
{"phase": "syntax", "done": 405, "total": 481}
{"phase": "syntax", "done": 406, "total": 481}
{"phase": "syntax", "done": 407, "total": 481}
{"phase": "syntax", "done": 408, "total": 481}
{"phase": "syntax", "done": 409, "total": 481}
{"phase": "syntax", "done": 410, "total": 481}
{"phase": "syntax", "done": 411, "total": 481}
{"phase": "syntax", "done": 412, "total": 481}
{"phase": "syntax", "done": 413, "total": 481}
{"phase": "syntax", "done": 414, "total": 481}
{"phase": "syntax", "done": 415, "total": 481}
{"phase": "syntax", "done": 416, "total": 481}
{"phase": "syntax", "done": 417, "total": 481}
{"phase": "syntax", "done": 418, "total": 481}
{"phase": "syntax", "done": 419, "total": 481}
{"phase": "syntax", "done": 420, "total": 481}
{"phase": "syntax", "done": 421, "total": 481}
{"phase": "syntax", "done": 422, "total": 481}
{"phase": "syntax", "done": 423, "total": 481}
{"phase": "syntax", "done": 424, "total": 481}
{"phase": "syntax", "done": 425, "total": 481}
{"phase": "syntax", "done": 426, "total": 481}
{"phase": "syntax", "done": 427, "total": 481}
{"phase": "syntax", "done": 428, "total": 481}
{"phase": "syntax", "done": 429, "total": 481}
{"phase": "syntax", "done": 430, "total": 481}
{"phase": "syntax", "done": 431, "total": 481}
{"phase": "syntax", "done": 432, "total": 481}
{"phase": "syntax", "done": 433, "total": 481}
{"phase": "syntax", "done": 434, "total": 481}
{"phase": "syntax", "done": 435, "total": 481}
{"phase": "syntax", "done": 436, "total": 481}
{"phase": "syntax", "done": 437, "total": 481}
{"phase": "syntax", "done": 438, "total": 481}
{"phase": "syntax", "done": 439, "total": 481}
{"phase": "syntax", "done": 440, "total": 481}
{"phase": "syntax", "done": 441, "total": 481}
{"phase": "syntax", "done": 442, "total": 481}
{"phase": "syntax", "done": 443, "total": 481}
{"phase": "syntax", "done": 444, "total": 481}
{"phase": "syntax", "done": 445, "total": 481}
{"phase": "syntax", "done": 446, "total": 481}
{"phase": "syntax", "done": 447, "total": 481}
{"phase": "syntax", "done": 448, "total": 481}
{"phase": "syntax", "done": 449, "total": 481}
{"phase": "syntax", "done": 450, "total": 481}
{"phase": "syntax", "done": 451, "total": 481}
{"phase": "syntax", "done": 452, "total": 481}
{"phase": "syntax", "done": 453, "total": 481}
{"phase": "syntax", "done": 454, "total": 481}
{"phase": "syntax", "done": 455, "total": 481}
{"phase": "syntax", "done": 456, "total": 481}
{"phase": "syntax", "done": 457, "total": 481}
{"phase": "syntax", "done": 458, "total": 481}
{"phase": "syntax", "done": 459, "total": 481}
{"phase": "syntax", "done": 460, "total": 481}
{"phase": "syntax", "done": 461, "total": 481}
{"phase": "syntax", "done": 462, "total": 481}
{"phase": "syntax", "done": 463, "total": 481}
{"phase": "syntax", "done": 464, "total": 481}
{"phase": "syntax", "done": 465, "total": 481}
{"phase": "syntax", "done": 466, "total": 481}
{"phase": "syntax", "done": 467, "total": 481}
{"phase": "syntax", "done": 468, "total": 481}
{"phase": "syntax", "done": 469, "total": 481}
{"phase": "syntax", "done": 470, "total": 481}
{"phase": "syntax", "done": 471, "total": 481}
{"phase": "syntax", "done": 472, "total": 481}
{"phase": "syntax", "done": 473, "total": 481}
{"phase": "syntax", "done": 474, "total": 481}
{"phase": "syntax", "done": 475, "total": 481}
{"phase": "syntax", "done": 476, "total": 481}
{"phase": "syntax", "done": 477, "total": 481}
{"phase": "syntax", "done": 478, "total": 481}
{"phase": "syntax", "done": 479, "total": 481}
{"phase": "syntax", "done": 480, "total": 481}
{"phase": "syntax", "done": 481, "total": 481}
{"phase": "demangle", "done": 0, "total": 39150}
{"phase": "demangle", "done": 39150, "total": 39150}
{"phase": "emit", "done": 0, "total": 1}
{"phase": "emit", "done": 1, "total": 1}
graphite-frontend-apple 0.1.0: 481 files, 1752 types, 4601 methods, 5355 fields, 25139 call sites, 3434 constants, 913 annotations; 60407 nodes, 29000 edges, 21459 strings -> /tmp/apple-frontend-bench-iblb8v8b/corpus.graphite-ir
{"phase": "swift package describe", "done": 0, "total": 1}
{"phase": "swift package describe", "done": 1, "total": 1}
{"phase": "index", "done": 0, "total": 481}
{"phase": "index", "done": 481, "total": 481}
{"phase": "syntax", "done": 1, "total": 481}
{"phase": "syntax", "done": 2, "total": 481}
{"phase": "syntax", "done": 3, "total": 481}
{"phase": "syntax", "done": 4, "total": 481}
{"phase": "syntax", "done": 5, "total": 481}
{"phase": "syntax", "done": 6, "total": 481}
{"phase": "syntax", "done": 7, "total": 481}
{"phase": "syntax", "done": 8, "total": 481}
{"phase": "syntax", "done": 9, "total": 481}
{"phase": "syntax", "done": 10, "total": 481}
{"phase": "syntax", "done": 11, "total": 481}
{"phase": "syntax", "done": 12, "total": 481}
{"phase": "syntax", "done": 13, "total": 481}
{"phase": "syntax", "done": 14, "total": 481}
{"phase": "syntax", "done": 15, "total": 481}
{"phase": "syntax", "done": 16, "total": 481}
{"phase": "syntax", "done": 17, "total": 481}
{"phase": "syntax", "done": 18, "total": 481}
{"phase": "syntax", "done": 19, "total": 481}
{"phase": "syntax", "done": 20, "total": 481}
{"phase": "syntax", "done": 21, "total": 481}
{"phase": "syntax", "done": 22, "total": 481}
{"phase": "syntax", "done": 23, "total": 481}
{"phase": "syntax", "done": 24, "total": 481}
{"phase": "syntax", "done": 25, "total": 481}
{"phase": "syntax", "done": 26, "total": 481}
{"phase": "syntax", "done": 27, "total": 481}
{"phase": "syntax", "done": 28, "total": 481}
{"phase": "syntax", "done": 29, "total": 481}
{"phase": "syntax", "done": 30, "total": 481}
{"phase": "syntax", "done": 31, "total": 481}
{"phase": "syntax", "done": 32, "total": 481}
{"phase": "syntax", "done": 33, "total": 481}
{"phase": "syntax", "done": 34, "total": 481}
{"phase": "syntax", "done": 35, "total": 481}
{"phase": "syntax", "done": 36, "total": 481}
{"phase": "syntax", "done": 37, "total": 481}
{"phase": "syntax", "done": 38, "total": 481}
{"phase": "syntax", "done": 39, "total": 481}
{"phase": "syntax", "done": 40, "total": 481}
{"phase": "syntax", "done": 41, "total": 481}
{"phase": "syntax", "done": 42, "total": 481}
{"phase": "syntax", "done": 43, "total": 481}
{"phase": "syntax", "done": 44, "total": 481}
{"phase": "syntax", "done": 45, "total": 481}
{"phase": "syntax", "done": 46, "total": 481}
{"phase": "syntax", "done": 47, "total": 481}
{"phase": "syntax", "done": 48, "total": 481}
{"phase": "syntax", "done": 49, "total": 481}
{"phase": "syntax", "done": 50, "total": 481}
{"phase": "syntax", "done": 51, "total": 481}
{"phase": "syntax", "done": 52, "total": 481}
{"phase": "syntax", "done": 53, "total": 481}
{"phase": "syntax", "done": 54, "total": 481}
{"phase": "syntax", "done": 55, "total": 481}
{"phase": "syntax", "done": 56, "total": 481}
{"phase": "syntax", "done": 57, "total": 481}
{"phase": "syntax", "done": 58, "total": 481}
{"phase": "syntax", "done": 59, "total": 481}
{"phase": "syntax", "done": 60, "total": 481}
{"phase": "syntax", "done": 61, "total": 481}
{"phase": "syntax", "done": 62, "total": 481}
{"phase": "syntax", "done": 63, "total": 481}
{"phase": "syntax", "done": 64, "total": 481}
{"phase": "syntax", "done": 65, "total": 481}
{"phase": "syntax", "done": 66, "total": 481}
{"phase": "syntax", "done": 67, "total": 481}
{"phase": "syntax", "done": 68, "total": 481}
{"phase": "syntax", "done": 69, "total": 481}
{"phase": "syntax", "done": 70, "total": 481}
{"phase": "syntax", "done": 71, "total": 481}
{"phase": "syntax", "done": 72, "total": 481}
{"phase": "syntax", "done": 73, "total": 481}
{"phase": "syntax", "done": 74, "total": 481}
{"phase": "syntax", "done": 75, "total": 481}
{"phase": "syntax", "done": 76, "total": 481}
{"phase": "syntax", "done": 77, "total": 481}
{"phase": "syntax", "done": 78, "total": 481}
{"phase": "syntax", "done": 79, "total": 481}
{"phase": "syntax", "done": 80, "total": 481}
{"phase": "syntax", "done": 81, "total": 481}
{"phase": "syntax", "done": 82, "total": 481}
{"phase": "syntax", "done": 83, "total": 481}
{"phase": "syntax", "done": 84, "total": 481}
{"phase": "syntax", "done": 85, "total": 481}
{"phase": "syntax", "done": 86, "total": 481}
{"phase": "syntax", "done": 87, "total": 481}
{"phase": "syntax", "done": 88, "total": 481}
{"phase": "syntax", "done": 89, "total": 481}
{"phase": "syntax", "done": 90, "total": 481}
{"phase": "syntax", "done": 91, "total": 481}
{"phase": "syntax", "done": 92, "total": 481}
{"phase": "syntax", "done": 93, "total": 481}
{"phase": "syntax", "done": 94, "total": 481}
{"phase": "syntax", "done": 95, "total": 481}
{"phase": "syntax", "done": 96, "total": 481}
{"phase": "syntax", "done": 97, "total": 481}
{"phase": "syntax", "done": 98, "total": 481}
{"phase": "syntax", "done": 99, "total": 481}
{"phase": "syntax", "done": 100, "total": 481}
{"phase": "syntax", "done": 101, "total": 481}
{"phase": "syntax", "done": 102, "total": 481}
{"phase": "syntax", "done": 103, "total": 481}
{"phase": "syntax", "done": 104, "total": 481}
{"phase": "syntax", "done": 105, "total": 481}
{"phase": "syntax", "done": 106, "total": 481}
{"phase": "syntax", "done": 107, "total": 481}
{"phase": "syntax", "done": 108, "total": 481}
{"phase": "syntax", "done": 109, "total": 481}
{"phase": "syntax", "done": 110, "total": 481}
{"phase": "syntax", "done": 111, "total": 481}
{"phase": "syntax", "done": 112, "total": 481}
{"phase": "syntax", "done": 113, "total": 481}
{"phase": "syntax", "done": 114, "total": 481}
{"phase": "syntax", "done": 115, "total": 481}
{"phase": "syntax", "done": 116, "total": 481}
{"phase": "syntax", "done": 117, "total": 481}
{"phase": "syntax", "done": 118, "total": 481}
{"phase": "syntax", "done": 119, "total": 481}
{"phase": "syntax", "done": 120, "total": 481}
{"phase": "syntax", "done": 121, "total": 481}
{"phase": "syntax", "done": 122, "total": 481}
{"phase": "syntax", "done": 123, "total": 481}
{"phase": "syntax", "done": 124, "total": 481}
{"phase": "syntax", "done": 125, "total": 481}
{"phase": "syntax", "done": 126, "total": 481}
{"phase": "syntax", "done": 127, "total": 481}
{"phase": "syntax", "done": 128, "total": 481}
{"phase": "syntax", "done": 129, "total": 481}
{"phase": "syntax", "done": 130, "total": 481}
{"phase": "syntax", "done": 131, "total": 481}
{"phase": "syntax", "done": 132, "total": 481}
{"phase": "syntax", "done": 133, "total": 481}
{"phase": "syntax", "done": 134, "total": 481}
{"phase": "syntax", "done": 135, "total": 481}
{"phase": "syntax", "done": 136, "total": 481}
{"phase": "syntax", "done": 137, "total": 481}
{"phase": "syntax", "done": 138, "total": 481}
{"phase": "syntax", "done": 139, "total": 481}
{"phase": "syntax", "done": 140, "total": 481}
{"phase": "syntax", "done": 141, "total": 481}
{"phase": "syntax", "done": 142, "total": 481}
{"phase": "syntax", "done": 143, "total": 481}
{"phase": "syntax", "done": 144, "total": 481}
{"phase": "syntax", "done": 145, "total": 481}
{"phase": "syntax", "done": 146, "total": 481}
{"phase": "syntax", "done": 147, "total": 481}
{"phase": "syntax", "done": 148, "total": 481}
{"phase": "syntax", "done": 149, "total": 481}
{"phase": "syntax", "done": 150, "total": 481}
{"phase": "syntax", "done": 151, "total": 481}
{"phase": "syntax", "done": 152, "total": 481}
{"phase": "syntax", "done": 153, "total": 481}
{"phase": "syntax", "done": 154, "total": 481}
{"phase": "syntax", "done": 155, "total": 481}
{"phase": "syntax", "done": 156, "total": 481}
{"phase": "syntax", "done": 157, "total": 481}
{"phase": "syntax", "done": 158, "total": 481}
{"phase": "syntax", "done": 159, "total": 481}
{"phase": "syntax", "done": 160, "total": 481}
{"phase": "syntax", "done": 161, "total": 481}
{"phase": "syntax", "done": 162, "total": 481}
{"phase": "syntax", "done": 163, "total": 481}
{"phase": "syntax", "done": 164, "total": 481}
{"phase": "syntax", "done": 165, "total": 481}
{"phase": "syntax", "done": 166, "total": 481}
{"phase": "syntax", "done": 167, "total": 481}
{"phase": "syntax", "done": 168, "total": 481}
{"phase": "syntax", "done": 169, "total": 481}
{"phase": "syntax", "done": 170, "total": 481}
{"phase": "syntax", "done": 171, "total": 481}
{"phase": "syntax", "done": 172, "total": 481}
{"phase": "syntax", "done": 173, "total": 481}
{"phase": "syntax", "done": 174, "total": 481}
{"phase": "syntax", "done": 175, "total": 481}
{"phase": "syntax", "done": 176, "total": 481}
{"phase": "syntax", "done": 177, "total": 481}
{"phase": "syntax", "done": 178, "total": 481}
{"phase": "syntax", "done": 179, "total": 481}
{"phase": "syntax", "done": 180, "total": 481}
{"phase": "syntax", "done": 181, "total": 481}
{"phase": "syntax", "done": 182, "total": 481}
{"phase": "syntax", "done": 183, "total": 481}
{"phase": "syntax", "done": 184, "total": 481}
{"phase": "syntax", "done": 185, "total": 481}
{"phase": "syntax", "done": 186, "total": 481}
{"phase": "syntax", "done": 187, "total": 481}
{"phase": "syntax", "done": 188, "total": 481}
{"phase": "syntax", "done": 189, "total": 481}
{"phase": "syntax", "done": 190, "total": 481}
{"phase": "syntax", "done": 191, "total": 481}
{"phase": "syntax", "done": 192, "total": 481}
{"phase": "syntax", "done": 193, "total": 481}
{"phase": "syntax", "done": 194, "total": 481}
{"phase": "syntax", "done": 195, "total": 481}
{"phase": "syntax", "done": 196, "total": 481}
{"phase": "syntax", "done": 197, "total": 481}
{"phase": "syntax", "done": 198, "total": 481}
{"phase": "syntax", "done": 199, "total": 481}
{"phase": "syntax", "done": 200, "total": 481}
{"phase": "syntax", "done": 201, "total": 481}
{"phase": "syntax", "done": 202, "total": 481}
{"phase": "syntax", "done": 203, "total": 481}
{"phase": "syntax", "done": 204, "total": 481}
{"phase": "syntax", "done": 205, "total": 481}
{"phase": "syntax", "done": 206, "total": 481}
{"phase": "syntax", "done": 207, "total": 481}
{"phase": "syntax", "done": 208, "total": 481}
{"phase": "syntax", "done": 209, "total": 481}
{"phase": "syntax", "done": 210, "total": 481}
{"phase": "syntax", "done": 211, "total": 481}
{"phase": "syntax", "done": 212, "total": 481}
{"phase": "syntax", "done": 213, "total": 481}
{"phase": "syntax", "done": 214, "total": 481}
{"phase": "syntax", "done": 215, "total": 481}
{"phase": "syntax", "done": 216, "total": 481}
{"phase": "syntax", "done": 217, "total": 481}
{"phase": "syntax", "done": 218, "total": 481}
{"phase": "syntax", "done": 219, "total": 481}
{"phase": "syntax", "done": 220, "total": 481}
{"phase": "syntax", "done": 221, "total": 481}
{"phase": "syntax", "done": 222, "total": 481}
{"phase": "syntax", "done": 223, "total": 481}
{"phase": "syntax", "done": 224, "total": 481}
{"phase": "syntax", "done": 225, "total": 481}
{"phase": "syntax", "done": 226, "total": 481}
{"phase": "syntax", "done": 227, "total": 481}
{"phase": "syntax", "done": 228, "total": 481}
{"phase": "syntax", "done": 229, "total": 481}
{"phase": "syntax", "done": 230, "total": 481}
{"phase": "syntax", "done": 231, "total": 481}
{"phase": "syntax", "done": 232, "total": 481}
{"phase": "syntax", "done": 233, "total": 481}
{"phase": "syntax", "done": 234, "total": 481}
{"phase": "syntax", "done": 235, "total": 481}
{"phase": "syntax", "done": 236, "total": 481}
{"phase": "syntax", "done": 237, "total": 481}
{"phase": "syntax", "done": 238, "total": 481}
{"phase": "syntax", "done": 239, "total": 481}
{"phase": "syntax", "done": 240, "total": 481}
{"phase": "syntax", "done": 241, "total": 481}
{"phase": "syntax", "done": 242, "total": 481}
{"phase": "syntax", "done": 243, "total": 481}
{"phase": "syntax", "done": 244, "total": 481}
{"phase": "syntax", "done": 245, "total": 481}
{"phase": "syntax", "done": 246, "total": 481}
{"phase": "syntax", "done": 247, "total": 481}
{"phase": "syntax", "done": 248, "total": 481}
{"phase": "syntax", "done": 249, "total": 481}
{"phase": "syntax", "done": 250, "total": 481}
{"phase": "syntax", "done": 251, "total": 481}
{"phase": "syntax", "done": 252, "total": 481}
{"phase": "syntax", "done": 253, "total": 481}
{"phase": "syntax", "done": 254, "total": 481}
{"phase": "syntax", "done": 255, "total": 481}
{"phase": "syntax", "done": 256, "total": 481}
{"phase": "syntax", "done": 257, "total": 481}
{"phase": "syntax", "done": 258, "total": 481}
{"phase": "syntax", "done": 259, "total": 481}
{"phase": "syntax", "done": 260, "total": 481}
{"phase": "syntax", "done": 261, "total": 481}
{"phase": "syntax", "done": 262, "total": 481}
{"phase": "syntax", "done": 263, "total": 481}
{"phase": "syntax", "done": 264, "total": 481}
{"phase": "syntax", "done": 265, "total": 481}
{"phase": "syntax", "done": 266, "total": 481}
{"phase": "syntax", "done": 267, "total": 481}
{"phase": "syntax", "done": 268, "total": 481}
{"phase": "syntax", "done": 269, "total": 481}
{"phase": "syntax", "done": 270, "total": 481}
{"phase": "syntax", "done": 271, "total": 481}
{"phase": "syntax", "done": 272, "total": 481}
{"phase": "syntax", "done": 273, "total": 481}
{"phase": "syntax", "done": 274, "total": 481}
{"phase": "syntax", "done": 275, "total": 481}
{"phase": "syntax", "done": 276, "total": 481}
{"phase": "syntax", "done": 277, "total": 481}
{"phase": "syntax", "done": 278, "total": 481}
{"phase": "syntax", "done": 279, "total": 481}
{"phase": "syntax", "done": 280, "total": 481}
{"phase": "syntax", "done": 281, "total": 481}
{"phase": "syntax", "done": 282, "total": 481}
{"phase": "syntax", "done": 283, "total": 481}
{"phase": "syntax", "done": 284, "total": 481}
{"phase": "syntax", "done": 285, "total": 481}
{"phase": "syntax", "done": 286, "total": 481}
{"phase": "syntax", "done": 287, "total": 481}
{"phase": "syntax", "done": 288, "total": 481}
{"phase": "syntax", "done": 289, "total": 481}
{"phase": "syntax", "done": 290, "total": 481}
{"phase": "syntax", "done": 291, "total": 481}
{"phase": "syntax", "done": 292, "total": 481}
{"phase": "syntax", "done": 293, "total": 481}
{"phase": "syntax", "done": 294, "total": 481}
{"phase": "syntax", "done": 295, "total": 481}
{"phase": "syntax", "done": 296, "total": 481}
{"phase": "syntax", "done": 297, "total": 481}
{"phase": "syntax", "done": 298, "total": 481}
{"phase": "syntax", "done": 299, "total": 481}
{"phase": "syntax", "done": 300, "total": 481}
{"phase": "syntax", "done": 301, "total": 481}
{"phase": "syntax", "done": 302, "total": 481}
{"phase": "syntax", "done": 303, "total": 481}
{"phase": "syntax", "done": 304, "total": 481}
{"phase": "syntax", "done": 305, "total": 481}
{"phase": "syntax", "done": 306, "total": 481}
{"phase": "syntax", "done": 307, "total": 481}
{"phase": "syntax", "done": 308, "total": 481}
{"phase": "syntax", "done": 309, "total": 481}
{"phase": "syntax", "done": 310, "total": 481}
{"phase": "syntax", "done": 311, "total": 481}
{"phase": "syntax", "done": 312, "total": 481}
{"phase": "syntax", "done": 313, "total": 481}
{"phase": "syntax", "done": 314, "total": 481}
{"phase": "syntax", "done": 315, "total": 481}
{"phase": "syntax", "done": 316, "total": 481}
{"phase": "syntax", "done": 317, "total": 481}
{"phase": "syntax", "done": 318, "total": 481}
{"phase": "syntax", "done": 319, "total": 481}
{"phase": "syntax", "done": 320, "total": 481}
{"phase": "syntax", "done": 321, "total": 481}
{"phase": "syntax", "done": 322, "total": 481}
{"phase": "syntax", "done": 323, "total": 481}
{"phase": "syntax", "done": 324, "total": 481}
{"phase": "syntax", "done": 325, "total": 481}
{"phase": "syntax", "done": 326, "total": 481}
{"phase": "syntax", "done": 327, "total": 481}
{"phase": "syntax", "done": 328, "total": 481}
{"phase": "syntax", "done": 329, "total": 481}
{"phase": "syntax", "done": 330, "total": 481}
{"phase": "syntax", "done": 331, "total": 481}
{"phase": "syntax", "done": 332, "total": 481}
{"phase": "syntax", "done": 333, "total": 481}
{"phase": "syntax", "done": 334, "total": 481}
{"phase": "syntax", "done": 335, "total": 481}
{"phase": "syntax", "done": 336, "total": 481}
{"phase": "syntax", "done": 337, "total": 481}
{"phase": "syntax", "done": 338, "total": 481}
{"phase": "syntax", "done": 339, "total": 481}
{"phase": "syntax", "done": 340, "total": 481}
{"phase": "syntax", "done": 341, "total": 481}
{"phase": "syntax", "done": 342, "total": 481}
{"phase": "syntax", "done": 343, "total": 481}
{"phase": "syntax", "done": 344, "total": 481}
{"phase": "syntax", "done": 345, "total": 481}
{"phase": "syntax", "done": 346, "total": 481}
{"phase": "syntax", "done": 347, "total": 481}
{"phase": "syntax", "done": 348, "total": 481}
{"phase": "syntax", "done": 349, "total": 481}
{"phase": "syntax", "done": 350, "total": 481}
{"phase": "syntax", "done": 351, "total": 481}
{"phase": "syntax", "done": 352, "total": 481}
{"phase": "syntax", "done": 353, "total": 481}
{"phase": "syntax", "done": 354, "total": 481}
{"phase": "syntax", "done": 355, "total": 481}
{"phase": "syntax", "done": 356, "total": 481}
{"phase": "syntax", "done": 357, "total": 481}
{"phase": "syntax", "done": 358, "total": 481}
{"phase": "syntax", "done": 359, "total": 481}
{"phase": "syntax", "done": 360, "total": 481}
{"phase": "syntax", "done": 361, "total": 481}
{"phase": "syntax", "done": 362, "total": 481}
{"phase": "syntax", "done": 363, "total": 481}
{"phase": "syntax", "done": 364, "total": 481}
{"phase": "syntax", "done": 365, "total": 481}
{"phase": "syntax", "done": 366, "total": 481}
{"phase": "syntax", "done": 367, "total": 481}
{"phase": "syntax", "done": 368, "total": 481}
{"phase": "syntax", "done": 369, "total": 481}
{"phase": "syntax", "done": 370, "total": 481}
{"phase": "syntax", "done": 371, "total": 481}
{"phase": "syntax", "done": 372, "total": 481}
{"phase": "syntax", "done": 373, "total": 481}
{"phase": "syntax", "done": 374, "total": 481}
{"phase": "syntax", "done": 375, "total": 481}
{"phase": "syntax", "done": 376, "total": 481}
{"phase": "syntax", "done": 377, "total": 481}
{"phase": "syntax", "done": 378, "total": 481}
{"phase": "syntax", "done": 379, "total": 481}
{"phase": "syntax", "done": 380, "total": 481}
{"phase": "syntax", "done": 381, "total": 481}
{"phase": "syntax", "done": 382, "total": 481}
{"phase": "syntax", "done": 383, "total": 481}
{"phase": "syntax", "done": 384, "total": 481}
{"phase": "syntax", "done": 385, "total": 481}
{"phase": "syntax", "done": 386, "total": 481}
{"phase": "syntax", "done": 387, "total": 481}
{"phase": "syntax", "done": 388, "total": 481}
{"phase": "syntax", "done": 389, "total": 481}
{"phase": "syntax", "done": 390, "total": 481}
{"phase": "syntax", "done": 391, "total": 481}
{"phase": "syntax", "done": 392, "total": 481}
{"phase": "syntax", "done": 393, "total": 481}
{"phase": "syntax", "done": 394, "total": 481}
{"phase": "syntax", "done": 395, "total": 481}
{"phase": "syntax", "done": 396, "total": 481}
{"phase": "syntax", "done": 397, "total": 481}
{"phase": "syntax", "done": 398, "total": 481}
{"phase": "syntax", "done": 399, "total": 481}
{"phase": "syntax", "done": 400, "total": 481}
{"phase": "syntax", "done": 401, "total": 481}
{"phase": "syntax", "done": 402, "total": 481}
{"phase": "syntax", "done": 403, "total": 481}
{"phase": "syntax", "done": 404, "total": 481}
{"phase": "syntax", "done": 405, "total": 481}
{"phase": "syntax", "done": 406, "total": 481}
{"phase": "syntax", "done": 407, "total": 481}
{"phase": "syntax", "done": 408, "total": 481}
{"phase": "syntax", "done": 409, "total": 481}
{"phase": "syntax", "done": 410, "total": 481}
{"phase": "syntax", "done": 411, "total": 481}
{"phase": "syntax", "done": 412, "total": 481}
{"phase": "syntax", "done": 413, "total": 481}
{"phase": "syntax", "done": 414, "total": 481}
{"phase": "syntax", "done": 415, "total": 481}
{"phase": "syntax", "done": 416, "total": 481}
{"phase": "syntax", "done": 417, "total": 481}
{"phase": "syntax", "done": 418, "total": 481}
{"phase": "syntax", "done": 419, "total": 481}
{"phase": "syntax", "done": 420, "total": 481}
{"phase": "syntax", "done": 421, "total": 481}
{"phase": "syntax", "done": 422, "total": 481}
{"phase": "syntax", "done": 423, "total": 481}
{"phase": "syntax", "done": 424, "total": 481}
{"phase": "syntax", "done": 425, "total": 481}
{"phase": "syntax", "done": 426, "total": 481}
{"phase": "syntax", "done": 427, "total": 481}
{"phase": "syntax", "done": 428, "total": 481}
{"phase": "syntax", "done": 429, "total": 481}
{"phase": "syntax", "done": 430, "total": 481}
{"phase": "syntax", "done": 431, "total": 481}
{"phase": "syntax", "done": 432, "total": 481}
{"phase": "syntax", "done": 433, "total": 481}
{"phase": "syntax", "done": 434, "total": 481}
{"phase": "syntax", "done": 435, "total": 481}
{"phase": "syntax", "done": 436, "total": 481}
{"phase": "syntax", "done": 437, "total": 481}
{"phase": "syntax", "done": 438, "total": 481}
{"phase": "syntax", "done": 439, "total": 481}
{"phase": "syntax", "done": 440, "total": 481}
{"phase": "syntax", "done": 441, "total": 481}
{"phase": "syntax", "done": 442, "total": 481}
{"phase": "syntax", "done": 443, "total": 481}
{"phase": "syntax", "done": 444, "total": 481}
{"phase": "syntax", "done": 445, "total": 481}
{"phase": "syntax", "done": 446, "total": 481}
{"phase": "syntax", "done": 447, "total": 481}
{"phase": "syntax", "done": 448, "total": 481}
{"phase": "syntax", "done": 449, "total": 481}
{"phase": "syntax", "done": 450, "total": 481}
{"phase": "syntax", "done": 451, "total": 481}
{"phase": "syntax", "done": 452, "total": 481}
{"phase": "syntax", "done": 453, "total": 481}
{"phase": "syntax", "done": 454, "total": 481}
{"phase": "syntax", "done": 455, "total": 481}
{"phase": "syntax", "done": 456, "total": 481}
{"phase": "syntax", "done": 457, "total": 481}
{"phase": "syntax", "done": 458, "total": 481}
{"phase": "syntax", "done": 459, "total": 481}
{"phase": "syntax", "done": 460, "total": 481}
{"phase": "syntax", "done": 461, "total": 481}
{"phase": "syntax", "done": 462, "total": 481}
{"phase": "syntax", "done": 463, "total": 481}
{"phase": "syntax", "done": 464, "total": 481}
{"phase": "syntax", "done": 465, "total": 481}
{"phase": "syntax", "done": 466, "total": 481}
{"phase": "syntax", "done": 467, "total": 481}
{"phase": "syntax", "done": 468, "total": 481}
{"phase": "syntax", "done": 469, "total": 481}
{"phase": "syntax", "done": 470, "total": 481}
{"phase": "syntax", "done": 471, "total": 481}
{"phase": "syntax", "done": 472, "total": 481}
{"phase": "syntax", "done": 473, "total": 481}
{"phase": "syntax", "done": 474, "total": 481}
{"phase": "syntax", "done": 475, "total": 481}
{"phase": "syntax", "done": 476, "total": 481}
{"phase": "syntax", "done": 477, "total": 481}
{"phase": "syntax", "done": 478, "total": 481}
{"phase": "syntax", "done": 479, "total": 481}
{"phase": "syntax", "done": 480, "total": 481}
{"phase": "syntax", "done": 481, "total": 481}
{"phase": "demangle", "done": 0, "total": 39150}
{"phase": "demangle", "done": 39150, "total": 39150}
{"phase": "emit", "done": 0, "total": 1}
{"phase": "emit", "done": 1, "total": 1}
graphite-frontend-apple 0.1.0: 481 files, 1752 types, 4601 methods, 5355 fields, 25139 call sites, 3434 constants, 913 annotations; 60407 nodes, 29000 edges, 21459 strings -> /tmp/apple-frontend-bench-iblb8v8b/corpus.graphite-ir
{"phase": "swift package describe", "done": 0, "total": 1}
{"phase": "swift package describe", "done": 1, "total": 1}
{"phase": "index", "done": 0, "total": 481}
{"phase": "index", "done": 481, "total": 481}
{"phase": "syntax", "done": 1, "total": 481}
{"phase": "syntax", "done": 2, "total": 481}
{"phase": "syntax", "done": 3, "total": 481}
{"phase": "syntax", "done": 4, "total": 481}
{"phase": "syntax", "done": 5, "total": 481}
{"phase": "syntax", "done": 6, "total": 481}
{"phase": "syntax", "done": 7, "total": 481}
{"phase": "syntax", "done": 8, "total": 481}
{"phase": "syntax", "done": 9, "total": 481}
{"phase": "syntax", "done": 10, "total": 481}
{"phase": "syntax", "done": 11, "total": 481}
{"phase": "syntax", "done": 12, "total": 481}
{"phase": "syntax", "done": 13, "total": 481}
{"phase": "syntax", "done": 14, "total": 481}
{"phase": "syntax", "done": 15, "total": 481}
{"phase": "syntax", "done": 16, "total": 481}
{"phase": "syntax", "done": 17, "total": 481}
{"phase": "syntax", "done": 18, "total": 481}
{"phase": "syntax", "done": 19, "total": 481}
{"phase": "syntax", "done": 20, "total": 481}
{"phase": "syntax", "done": 21, "total": 481}
{"phase": "syntax", "done": 22, "total": 481}
{"phase": "syntax", "done": 23, "total": 481}
{"phase": "syntax", "done": 24, "total": 481}
{"phase": "syntax", "done": 25, "total": 481}
{"phase": "syntax", "done": 26, "total": 481}
{"phase": "syntax", "done": 27, "total": 481}
{"phase": "syntax", "done": 28, "total": 481}
{"phase": "syntax", "done": 29, "total": 481}
{"phase": "syntax", "done": 30, "total": 481}
{"phase": "syntax", "done": 31, "total": 481}
{"phase": "syntax", "done": 32, "total": 481}
{"phase": "syntax", "done": 33, "total": 481}
{"phase": "syntax", "done": 34, "total": 481}
{"phase": "syntax", "done": 35, "total": 481}
{"phase": "syntax", "done": 36, "total": 481}
{"phase": "syntax", "done": 37, "total": 481}
{"phase": "syntax", "done": 38, "total": 481}
{"phase": "syntax", "done": 39, "total": 481}
{"phase": "syntax", "done": 40, "total": 481}
{"phase": "syntax", "done": 41, "total": 481}
{"phase": "syntax", "done": 42, "total": 481}
{"phase": "syntax", "done": 43, "total": 481}
{"phase": "syntax", "done": 44, "total": 481}
{"phase": "syntax", "done": 45, "total": 481}
{"phase": "syntax", "done": 46, "total": 481}
{"phase": "syntax", "done": 47, "total": 481}
{"phase": "syntax", "done": 48, "total": 481}
{"phase": "syntax", "done": 49, "total": 481}
{"phase": "syntax", "done": 50, "total": 481}
{"phase": "syntax", "done": 51, "total": 481}
{"phase": "syntax", "done": 52, "total": 481}
{"phase": "syntax", "done": 53, "total": 481}
{"phase": "syntax", "done": 54, "total": 481}
{"phase": "syntax", "done": 55, "total": 481}
{"phase": "syntax", "done": 56, "total": 481}
{"phase": "syntax", "done": 57, "total": 481}
{"phase": "syntax", "done": 58, "total": 481}
{"phase": "syntax", "done": 59, "total": 481}
{"phase": "syntax", "done": 60, "total": 481}
{"phase": "syntax", "done": 61, "total": 481}
{"phase": "syntax", "done": 62, "total": 481}
{"phase": "syntax", "done": 63, "total": 481}
{"phase": "syntax", "done": 64, "total": 481}
{"phase": "syntax", "done": 65, "total": 481}
{"phase": "syntax", "done": 66, "total": 481}
{"phase": "syntax", "done": 67, "total": 481}
{"phase": "syntax", "done": 68, "total": 481}
{"phase": "syntax", "done": 69, "total": 481}
{"phase": "syntax", "done": 70, "total": 481}
{"phase": "syntax", "done": 71, "total": 481}
{"phase": "syntax", "done": 72, "total": 481}
{"phase": "syntax", "done": 73, "total": 481}
{"phase": "syntax", "done": 74, "total": 481}
{"phase": "syntax", "done": 75, "total": 481}
{"phase": "syntax", "done": 76, "total": 481}
{"phase": "syntax", "done": 77, "total": 481}
{"phase": "syntax", "done": 78, "total": 481}
{"phase": "syntax", "done": 79, "total": 481}
{"phase": "syntax", "done": 80, "total": 481}
{"phase": "syntax", "done": 81, "total": 481}
{"phase": "syntax", "done": 82, "total": 481}
{"phase": "syntax", "done": 83, "total": 481}
{"phase": "syntax", "done": 84, "total": 481}
{"phase": "syntax", "done": 85, "total": 481}
{"phase": "syntax", "done": 86, "total": 481}
{"phase": "syntax", "done": 87, "total": 481}
{"phase": "syntax", "done": 88, "total": 481}
{"phase": "syntax", "done": 89, "total": 481}
{"phase": "syntax", "done": 90, "total": 481}
{"phase": "syntax", "done": 91, "total": 481}
{"phase": "syntax", "done": 92, "total": 481}
{"phase": "syntax", "done": 93, "total": 481}
{"phase": "syntax", "done": 94, "total": 481}
{"phase": "syntax", "done": 95, "total": 481}
{"phase": "syntax", "done": 96, "total": 481}
{"phase": "syntax", "done": 97, "total": 481}
{"phase": "syntax", "done": 98, "total": 481}
{"phase": "syntax", "done": 99, "total": 481}
{"phase": "syntax", "done": 100, "total": 481}
{"phase": "syntax", "done": 101, "total": 481}
{"phase": "syntax", "done": 102, "total": 481}
{"phase": "syntax", "done": 103, "total": 481}
{"phase": "syntax", "done": 104, "total": 481}
{"phase": "syntax", "done": 105, "total": 481}
{"phase": "syntax", "done": 106, "total": 481}
{"phase": "syntax", "done": 107, "total": 481}
{"phase": "syntax", "done": 108, "total": 481}
{"phase": "syntax", "done": 109, "total": 481}
{"phase": "syntax", "done": 110, "total": 481}
{"phase": "syntax", "done": 111, "total": 481}
{"phase": "syntax", "done": 112, "total": 481}
{"phase": "syntax", "done": 113, "total": 481}
{"phase": "syntax", "done": 114, "total": 481}
{"phase": "syntax", "done": 115, "total": 481}
{"phase": "syntax", "done": 116, "total": 481}
{"phase": "syntax", "done": 117, "total": 481}
{"phase": "syntax", "done": 118, "total": 481}
{"phase": "syntax", "done": 119, "total": 481}
{"phase": "syntax", "done": 120, "total": 481}
{"phase": "syntax", "done": 121, "total": 481}
{"phase": "syntax", "done": 122, "total": 481}
{"phase": "syntax", "done": 123, "total": 481}
{"phase": "syntax", "done": 124, "total": 481}
{"phase": "syntax", "done": 125, "total": 481}
{"phase": "syntax", "done": 126, "total": 481}
{"phase": "syntax", "done": 127, "total": 481}
{"phase": "syntax", "done": 128, "total": 481}
{"phase": "syntax", "done": 129, "total": 481}
{"phase": "syntax", "done": 130, "total": 481}
{"phase": "syntax", "done": 131, "total": 481}
{"phase": "syntax", "done": 132, "total": 481}
{"phase": "syntax", "done": 133, "total": 481}
{"phase": "syntax", "done": 134, "total": 481}
{"phase": "syntax", "done": 135, "total": 481}
{"phase": "syntax", "done": 136, "total": 481}
{"phase": "syntax", "done": 137, "total": 481}
{"phase": "syntax", "done": 138, "total": 481}
{"phase": "syntax", "done": 139, "total": 481}
{"phase": "syntax", "done": 140, "total": 481}
{"phase": "syntax", "done": 141, "total": 481}
{"phase": "syntax", "done": 142, "total": 481}
{"phase": "syntax", "done": 143, "total": 481}
{"phase": "syntax", "done": 144, "total": 481}
{"phase": "syntax", "done": 145, "total": 481}
{"phase": "syntax", "done": 146, "total": 481}
{"phase": "syntax", "done": 147, "total": 481}
{"phase": "syntax", "done": 148, "total": 481}
{"phase": "syntax", "done": 149, "total": 481}
{"phase": "syntax", "done": 150, "total": 481}
{"phase": "syntax", "done": 151, "total": 481}
{"phase": "syntax", "done": 152, "total": 481}
{"phase": "syntax", "done": 153, "total": 481}
{"phase": "syntax", "done": 154, "total": 481}
{"phase": "syntax", "done": 155, "total": 481}
{"phase": "syntax", "done": 156, "total": 481}
{"phase": "syntax", "done": 157, "total": 481}
{"phase": "syntax", "done": 158, "total": 481}
{"phase": "syntax", "done": 159, "total": 481}
{"phase": "syntax", "done": 160, "total": 481}
{"phase": "syntax", "done": 161, "total": 481}
{"phase": "syntax", "done": 162, "total": 481}
{"phase": "syntax", "done": 163, "total": 481}
{"phase": "syntax", "done": 164, "total": 481}
{"phase": "syntax", "done": 165, "total": 481}
{"phase": "syntax", "done": 166, "total": 481}
{"phase": "syntax", "done": 167, "total": 481}
{"phase": "syntax", "done": 168, "total": 481}
{"phase": "syntax", "done": 169, "total": 481}
{"phase": "syntax", "done": 170, "total": 481}
{"phase": "syntax", "done": 171, "total": 481}
{"phase": "syntax", "done": 172, "total": 481}
{"phase": "syntax", "done": 173, "total": 481}
{"phase": "syntax", "done": 174, "total": 481}
{"phase": "syntax", "done": 175, "total": 481}
{"phase": "syntax", "done": 176, "total": 481}
{"phase": "syntax", "done": 177, "total": 481}
{"phase": "syntax", "done": 178, "total": 481}
{"phase": "syntax", "done": 179, "total": 481}
{"phase": "syntax", "done": 180, "total": 481}
{"phase": "syntax", "done": 181, "total": 481}
{"phase": "syntax", "done": 182, "total": 481}
{"phase": "syntax", "done": 183, "total": 481}
{"phase": "syntax", "done": 184, "total": 481}
{"phase": "syntax", "done": 185, "total": 481}
{"phase": "syntax", "done": 186, "total": 481}
{"phase": "syntax", "done": 187, "total": 481}
{"phase": "syntax", "done": 188, "total": 481}
{"phase": "syntax", "done": 189, "total": 481}
{"phase": "syntax", "done": 190, "total": 481}
{"phase": "syntax", "done": 191, "total": 481}
{"phase": "syntax", "done": 192, "total": 481}
{"phase": "syntax", "done": 193, "total": 481}
{"phase": "syntax", "done": 194, "total": 481}
{"phase": "syntax", "done": 195, "total": 481}
{"phase": "syntax", "done": 196, "total": 481}
{"phase": "syntax", "done": 197, "total": 481}
{"phase": "syntax", "done": 198, "total": 481}
{"phase": "syntax", "done": 199, "total": 481}
{"phase": "syntax", "done": 200, "total": 481}
{"phase": "syntax", "done": 201, "total": 481}
{"phase": "syntax", "done": 202, "total": 481}
{"phase": "syntax", "done": 203, "total": 481}
{"phase": "syntax", "done": 204, "total": 481}
{"phase": "syntax", "done": 205, "total": 481}
{"phase": "syntax", "done": 206, "total": 481}
{"phase": "syntax", "done": 207, "total": 481}
{"phase": "syntax", "done": 208, "total": 481}
{"phase": "syntax", "done": 209, "total": 481}
{"phase": "syntax", "done": 210, "total": 481}
{"phase": "syntax", "done": 211, "total": 481}
{"phase": "syntax", "done": 212, "total": 481}
{"phase": "syntax", "done": 213, "total": 481}
{"phase": "syntax", "done": 214, "total": 481}
{"phase": "syntax", "done": 215, "total": 481}
{"phase": "syntax", "done": 216, "total": 481}
{"phase": "syntax", "done": 217, "total": 481}
{"phase": "syntax", "done": 218, "total": 481}
{"phase": "syntax", "done": 219, "total": 481}
{"phase": "syntax", "done": 220, "total": 481}
{"phase": "syntax", "done": 221, "total": 481}
{"phase": "syntax", "done": 222, "total": 481}
{"phase": "syntax", "done": 223, "total": 481}
{"phase": "syntax", "done": 224, "total": 481}
{"phase": "syntax", "done": 225, "total": 481}
{"phase": "syntax", "done": 226, "total": 481}
{"phase": "syntax", "done": 227, "total": 481}
{"phase": "syntax", "done": 228, "total": 481}
{"phase": "syntax", "done": 229, "total": 481}
{"phase": "syntax", "done": 230, "total": 481}
{"phase": "syntax", "done": 231, "total": 481}
{"phase": "syntax", "done": 232, "total": 481}
{"phase": "syntax", "done": 233, "total": 481}
{"phase": "syntax", "done": 234, "total": 481}
{"phase": "syntax", "done": 235, "total": 481}
{"phase": "syntax", "done": 236, "total": 481}
{"phase": "syntax", "done": 237, "total": 481}
{"phase": "syntax", "done": 238, "total": 481}
{"phase": "syntax", "done": 239, "total": 481}
{"phase": "syntax", "done": 240, "total": 481}
{"phase": "syntax", "done": 241, "total": 481}
{"phase": "syntax", "done": 242, "total": 481}
{"phase": "syntax", "done": 243, "total": 481}
{"phase": "syntax", "done": 244, "total": 481}
{"phase": "syntax", "done": 245, "total": 481}
{"phase": "syntax", "done": 246, "total": 481}
{"phase": "syntax", "done": 247, "total": 481}
{"phase": "syntax", "done": 248, "total": 481}
{"phase": "syntax", "done": 249, "total": 481}
{"phase": "syntax", "done": 250, "total": 481}
{"phase": "syntax", "done": 251, "total": 481}
{"phase": "syntax", "done": 252, "total": 481}
{"phase": "syntax", "done": 253, "total": 481}
{"phase": "syntax", "done": 254, "total": 481}
{"phase": "syntax", "done": 255, "total": 481}
{"phase": "syntax", "done": 256, "total": 481}
{"phase": "syntax", "done": 257, "total": 481}
{"phase": "syntax", "done": 258, "total": 481}
{"phase": "syntax", "done": 259, "total": 481}
{"phase": "syntax", "done": 260, "total": 481}
{"phase": "syntax", "done": 261, "total": 481}
{"phase": "syntax", "done": 262, "total": 481}
{"phase": "syntax", "done": 263, "total": 481}
{"phase": "syntax", "done": 264, "total": 481}
{"phase": "syntax", "done": 265, "total": 481}
{"phase": "syntax", "done": 266, "total": 481}
{"phase": "syntax", "done": 267, "total": 481}
{"phase": "syntax", "done": 268, "total": 481}
{"phase": "syntax", "done": 269, "total": 481}
{"phase": "syntax", "done": 270, "total": 481}
{"phase": "syntax", "done": 271, "total": 481}
{"phase": "syntax", "done": 272, "total": 481}
{"phase": "syntax", "done": 273, "total": 481}
{"phase": "syntax", "done": 274, "total": 481}
{"phase": "syntax", "done": 275, "total": 481}
{"phase": "syntax", "done": 276, "total": 481}
{"phase": "syntax", "done": 277, "total": 481}
{"phase": "syntax", "done": 278, "total": 481}
{"phase": "syntax", "done": 279, "total": 481}
{"phase": "syntax", "done": 280, "total": 481}
{"phase": "syntax", "done": 281, "total": 481}
{"phase": "syntax", "done": 282, "total": 481}
{"phase": "syntax", "done": 283, "total": 481}
{"phase": "syntax", "done": 284, "total": 481}
{"phase": "syntax", "done": 285, "total": 481}
{"phase": "syntax", "done": 286, "total": 481}
{"phase": "syntax", "done": 287, "total": 481}
{"phase": "syntax", "done": 288, "total": 481}
{"phase": "syntax", "done": 289, "total": 481}
{"phase": "syntax", "done": 290, "total": 481}
{"phase": "syntax", "done": 291, "total": 481}
{"phase": "syntax", "done": 292, "total": 481}
{"phase": "syntax", "done": 293, "total": 481}
{"phase": "syntax", "done": 294, "total": 481}
{"phase": "syntax", "done": 295, "total": 481}
{"phase": "syntax", "done": 296, "total": 481}
{"phase": "syntax", "done": 297, "total": 481}
{"phase": "syntax", "done": 298, "total": 481}
{"phase": "syntax", "done": 299, "total": 481}
{"phase": "syntax", "done": 300, "total": 481}
{"phase": "syntax", "done": 301, "total": 481}
{"phase": "syntax", "done": 302, "total": 481}
{"phase": "syntax", "done": 303, "total": 481}
{"phase": "syntax", "done": 304, "total": 481}
{"phase": "syntax", "done": 305, "total": 481}
{"phase": "syntax", "done": 306, "total": 481}
{"phase": "syntax", "done": 307, "total": 481}
{"phase": "syntax", "done": 308, "total": 481}
{"phase": "syntax", "done": 309, "total": 481}
{"phase": "syntax", "done": 310, "total": 481}
{"phase": "syntax", "done": 311, "total": 481}
{"phase": "syntax", "done": 312, "total": 481}
{"phase": "syntax", "done": 313, "total": 481}
{"phase": "syntax", "done": 314, "total": 481}
{"phase": "syntax", "done": 315, "total": 481}
{"phase": "syntax", "done": 316, "total": 481}
{"phase": "syntax", "done": 317, "total": 481}
{"phase": "syntax", "done": 318, "total": 481}
{"phase": "syntax", "done": 319, "total": 481}
{"phase": "syntax", "done": 320, "total": 481}
{"phase": "syntax", "done": 321, "total": 481}
{"phase": "syntax", "done": 322, "total": 481}
{"phase": "syntax", "done": 323, "total": 481}
{"phase": "syntax", "done": 324, "total": 481}
{"phase": "syntax", "done": 325, "total": 481}
{"phase": "syntax", "done": 326, "total": 481}
{"phase": "syntax", "done": 327, "total": 481}
{"phase": "syntax", "done": 328, "total": 481}
{"phase": "syntax", "done": 329, "total": 481}
{"phase": "syntax", "done": 330, "total": 481}
{"phase": "syntax", "done": 331, "total": 481}
{"phase": "syntax", "done": 332, "total": 481}
{"phase": "syntax", "done": 333, "total": 481}
{"phase": "syntax", "done": 334, "total": 481}
{"phase": "syntax", "done": 335, "total": 481}
{"phase": "syntax", "done": 336, "total": 481}
{"phase": "syntax", "done": 337, "total": 481}
{"phase": "syntax", "done": 338, "total": 481}
{"phase": "syntax", "done": 339, "total": 481}
{"phase": "syntax", "done": 340, "total": 481}
{"phase": "syntax", "done": 341, "total": 481}
{"phase": "syntax", "done": 342, "total": 481}
{"phase": "syntax", "done": 343, "total": 481}
{"phase": "syntax", "done": 344, "total": 481}
{"phase": "syntax", "done": 345, "total": 481}
{"phase": "syntax", "done": 346, "total": 481}
{"phase": "syntax", "done": 347, "total": 481}
{"phase": "syntax", "done": 348, "total": 481}
{"phase": "syntax", "done": 349, "total": 481}
{"phase": "syntax", "done": 350, "total": 481}
{"phase": "syntax", "done": 351, "total": 481}
{"phase": "syntax", "done": 352, "total": 481}
{"phase": "syntax", "done": 353, "total": 481}
{"phase": "syntax", "done": 354, "total": 481}
{"phase": "syntax", "done": 355, "total": 481}
{"phase": "syntax", "done": 356, "total": 481}
{"phase": "syntax", "done": 357, "total": 481}
{"phase": "syntax", "done": 358, "total": 481}
{"phase": "syntax", "done": 359, "total": 481}
{"phase": "syntax", "done": 360, "total": 481}
{"phase": "syntax", "done": 361, "total": 481}
{"phase": "syntax", "done": 362, "total": 481}
{"phase": "syntax", "done": 363, "total": 481}
{"phase": "syntax", "done": 364, "total": 481}
{"phase": "syntax", "done": 365, "total": 481}
{"phase": "syntax", "done": 366, "total": 481}
{"phase": "syntax", "done": 367, "total": 481}
{"phase": "syntax", "done": 368, "total": 481}
{"phase": "syntax", "done": 369, "total": 481}
{"phase": "syntax", "done": 370, "total": 481}
{"phase": "syntax", "done": 371, "total": 481}
{"phase": "syntax", "done": 372, "total": 481}
{"phase": "syntax", "done": 373, "total": 481}
{"phase": "syntax", "done": 374, "total": 481}
{"phase": "syntax", "done": 375, "total": 481}
{"phase": "syntax", "done": 376, "total": 481}
{"phase": "syntax", "done": 377, "total": 481}
{"phase": "syntax", "done": 378, "total": 481}
{"phase": "syntax", "done": 379, "total": 481}
{"phase": "syntax", "done": 380, "total": 481}
{"phase": "syntax", "done": 381, "total": 481}
{"phase": "syntax", "done": 382, "total": 481}
{"phase": "syntax", "done": 383, "total": 481}
{"phase": "syntax", "done": 384, "total": 481}
{"phase": "syntax", "done": 385, "total": 481}
{"phase": "syntax", "done": 386, "total": 481}
{"phase": "syntax", "done": 387, "total": 481}
{"phase": "syntax", "done": 388, "total": 481}
{"phase": "syntax", "done": 389, "total": 481}
{"phase": "syntax", "done": 390, "total": 481}
{"phase": "syntax", "done": 391, "total": 481}
{"phase": "syntax", "done": 392, "total": 481}
{"phase": "syntax", "done": 393, "total": 481}
{"phase": "syntax", "done": 394, "total": 481}
{"phase": "syntax", "done": 395, "total": 481}
{"phase": "syntax", "done": 396, "total": 481}
{"phase": "syntax", "done": 397, "total": 481}
{"phase": "syntax", "done": 398, "total": 481}
{"phase": "syntax", "done": 399, "total": 481}
{"phase": "syntax", "done": 400, "total": 481}
{"phase": "syntax", "done": 401, "total": 481}
{"phase": "syntax", "done": 402, "total": 481}
{"phase": "syntax", "done": 403, "total": 481}
{"phase": "syntax", "done": 404, "total": 481}
{"phase": "syntax", "done": 405, "total": 481}
{"phase": "syntax", "done": 406, "total": 481}
{"phase": "syntax", "done": 407, "total": 481}
{"phase": "syntax", "done": 408, "total": 481}
{"phase": "syntax", "done": 409, "total": 481}
{"phase": "syntax", "done": 410, "total": 481}
{"phase": "syntax", "done": 411, "total": 481}
{"phase": "syntax", "done": 412, "total": 481}
{"phase": "syntax", "done": 413, "total": 481}
{"phase": "syntax", "done": 414, "total": 481}
{"phase": "syntax", "done": 415, "total": 481}
{"phase": "syntax", "done": 416, "total": 481}
{"phase": "syntax", "done": 417, "total": 481}
{"phase": "syntax", "done": 418, "total": 481}
{"phase": "syntax", "done": 419, "total": 481}
{"phase": "syntax", "done": 420, "total": 481}
{"phase": "syntax", "done": 421, "total": 481}
{"phase": "syntax", "done": 422, "total": 481}
{"phase": "syntax", "done": 423, "total": 481}
{"phase": "syntax", "done": 424, "total": 481}
{"phase": "syntax", "done": 425, "total": 481}
{"phase": "syntax", "done": 426, "total": 481}
{"phase": "syntax", "done": 427, "total": 481}
{"phase": "syntax", "done": 428, "total": 481}
{"phase": "syntax", "done": 429, "total": 481}
{"phase": "syntax", "done": 430, "total": 481}
{"phase": "syntax", "done": 431, "total": 481}
{"phase": "syntax", "done": 432, "total": 481}
{"phase": "syntax", "done": 433, "total": 481}
{"phase": "syntax", "done": 434, "total": 481}
{"phase": "syntax", "done": 435, "total": 481}
{"phase": "syntax", "done": 436, "total": 481}
{"phase": "syntax", "done": 437, "total": 481}
{"phase": "syntax", "done": 438, "total": 481}
{"phase": "syntax", "done": 439, "total": 481}
{"phase": "syntax", "done": 440, "total": 481}
{"phase": "syntax", "done": 441, "total": 481}
{"phase": "syntax", "done": 442, "total": 481}
{"phase": "syntax", "done": 443, "total": 481}
{"phase": "syntax", "done": 444, "total": 481}
{"phase": "syntax", "done": 445, "total": 481}
{"phase": "syntax", "done": 446, "total": 481}
{"phase": "syntax", "done": 447, "total": 481}
{"phase": "syntax", "done": 448, "total": 481}
{"phase": "syntax", "done": 449, "total": 481}
{"phase": "syntax", "done": 450, "total": 481}
{"phase": "syntax", "done": 451, "total": 481}
{"phase": "syntax", "done": 452, "total": 481}
{"phase": "syntax", "done": 453, "total": 481}
{"phase": "syntax", "done": 454, "total": 481}
{"phase": "syntax", "done": 455, "total": 481}
{"phase": "syntax", "done": 456, "total": 481}
{"phase": "syntax", "done": 457, "total": 481}
{"phase": "syntax", "done": 458, "total": 481}
{"phase": "syntax", "done": 459, "total": 481}
{"phase": "syntax", "done": 460, "total": 481}
{"phase": "syntax", "done": 461, "total": 481}
{"phase": "syntax", "done": 462, "total": 481}
{"phase": "syntax", "done": 463, "total": 481}
{"phase": "syntax", "done": 464, "total": 481}
{"phase": "syntax", "done": 465, "total": 481}
{"phase": "syntax", "done": 466, "total": 481}
{"phase": "syntax", "done": 467, "total": 481}
{"phase": "syntax", "done": 468, "total": 481}
{"phase": "syntax", "done": 469, "total": 481}
{"phase": "syntax", "done": 470, "total": 481}
{"phase": "syntax", "done": 471, "total": 481}
{"phase": "syntax", "done": 472, "total": 481}
{"phase": "syntax", "done": 473, "total": 481}
{"phase": "syntax", "done": 474, "total": 481}
{"phase": "syntax", "done": 475, "total": 481}
{"phase": "syntax", "done": 476, "total": 481}
{"phase": "syntax", "done": 477, "total": 481}
{"phase": "syntax", "done": 478, "total": 481}
{"phase": "syntax", "done": 479, "total": 481}
{"phase": "syntax", "done": 480, "total": 481}
{"phase": "syntax", "done": 481, "total": 481}
{"phase": "demangle", "done": 0, "total": 39150}
{"phase": "demangle", "done": 39150, "total": 39150}
{"phase": "emit", "done": 0, "total": 1}
{"phase": "emit", "done": 1, "total": 1}
graphite-frontend-apple 0.1.0: 481 files, 1752 types, 4601 methods, 5355 fields, 25139 call sites, 3434 constants, 913 annotations; 60407 nodes, 29000 edges, 21459 strings -> /tmp/apple-frontend-bench-iblb8v8b/corpus.graphite-ir
{"phase": "swift package describe", "done": 0, "total": 1}
{"phase": "swift package describe", "done": 1, "total": 1}
{"phase": "index", "done": 0, "total": 481}
{"phase": "index", "done": 481, "total": 481}
{"phase": "syntax", "done": 1, "total": 481}
{"phase": "syntax", "done": 2, "total": 481}
{"phase": "syntax", "done": 3, "total": 481}
{"phase": "syntax", "done": 4, "total": 481}
{"phase": "syntax", "done": 5, "total": 481}
{"phase": "syntax", "done": 6, "total": 481}
{"phase": "syntax", "done": 7, "total": 481}
{"phase": "syntax", "done": 8, "total": 481}
{"phase": "syntax", "done": 9, "total": 481}
{"phase": "syntax", "done": 10, "total": 481}
{"phase": "syntax", "done": 11, "total": 481}
{"phase": "syntax", "done": 12, "total": 481}
{"phase": "syntax", "done": 13, "total": 481}
{"phase": "syntax", "done": 14, "total": 481}
{"phase": "syntax", "done": 15, "total": 481}
{"phase": "syntax", "done": 16, "total": 481}
{"phase": "syntax", "done": 17, "total": 481}
{"phase": "syntax", "done": 18, "total": 481}
{"phase": "syntax", "done": 19, "total": 481}
{"phase": "syntax", "done": 20, "total": 481}
{"phase": "syntax", "done": 21, "total": 481}
{"phase": "syntax", "done": 22, "total": 481}
{"phase": "syntax", "done": 23, "total": 481}
{"phase": "syntax", "done": 24, "total": 481}
{"phase": "syntax", "done": 25, "total": 481}
{"phase": "syntax", "done": 26, "total": 481}
{"phase": "syntax", "done": 27, "total": 481}
{"phase": "syntax", "done": 28, "total": 481}
{"phase": "syntax", "done": 29, "total": 481}
{"phase": "syntax", "done": 30, "total": 481}
{"phase": "syntax", "done": 31, "total": 481}
{"phase": "syntax", "done": 32, "total": 481}
{"phase": "syntax", "done": 33, "total": 481}
{"phase": "syntax", "done": 34, "total": 481}
{"phase": "syntax", "done": 35, "total": 481}
{"phase": "syntax", "done": 36, "total": 481}
{"phase": "syntax", "done": 37, "total": 481}
{"phase": "syntax", "done": 38, "total": 481}
{"phase": "syntax", "done": 39, "total": 481}
{"phase": "syntax", "done": 40, "total": 481}
{"phase": "syntax", "done": 41, "total": 481}
{"phase": "syntax", "done": 42, "total": 481}
{"phase": "syntax", "done": 43, "total": 481}
{"phase": "syntax", "done": 44, "total": 481}
{"phase": "syntax", "done": 45, "total": 481}
{"phase": "syntax", "done": 46, "total": 481}
{"phase": "syntax", "done": 47, "total": 481}
{"phase": "syntax", "done": 48, "total": 481}
{"phase": "syntax", "done": 49, "total": 481}
{"phase": "syntax", "done": 50, "total": 481}
{"phase": "syntax", "done": 51, "total": 481}
{"phase": "syntax", "done": 52, "total": 481}
{"phase": "syntax", "done": 53, "total": 481}
{"phase": "syntax", "done": 54, "total": 481}
{"phase": "syntax", "done": 55, "total": 481}
{"phase": "syntax", "done": 56, "total": 481}
{"phase": "syntax", "done": 57, "total": 481}
{"phase": "syntax", "done": 58, "total": 481}
{"phase": "syntax", "done": 59, "total": 481}
{"phase": "syntax", "done": 60, "total": 481}
{"phase": "syntax", "done": 61, "total": 481}
{"phase": "syntax", "done": 62, "total": 481}
{"phase": "syntax", "done": 63, "total": 481}
{"phase": "syntax", "done": 64, "total": 481}
{"phase": "syntax", "done": 65, "total": 481}
{"phase": "syntax", "done": 66, "total": 481}
{"phase": "syntax", "done": 67, "total": 481}
{"phase": "syntax", "done": 68, "total": 481}
{"phase": "syntax", "done": 69, "total": 481}
{"phase": "syntax", "done": 70, "total": 481}
{"phase": "syntax", "done": 71, "total": 481}
{"phase": "syntax", "done": 72, "total": 481}
{"phase": "syntax", "done": 73, "total": 481}
{"phase": "syntax", "done": 74, "total": 481}
{"phase": "syntax", "done": 75, "total": 481}
{"phase": "syntax", "done": 76, "total": 481}
{"phase": "syntax", "done": 77, "total": 481}
{"phase": "syntax", "done": 78, "total": 481}
{"phase": "syntax", "done": 79, "total": 481}
{"phase": "syntax", "done": 80, "total": 481}
{"phase": "syntax", "done": 81, "total": 481}
{"phase": "syntax", "done": 82, "total": 481}
{"phase": "syntax", "done": 83, "total": 481}
{"phase": "syntax", "done": 84, "total": 481}
{"phase": "syntax", "done": 85, "total": 481}
{"phase": "syntax", "done": 86, "total": 481}
{"phase": "syntax", "done": 87, "total": 481}
{"phase": "syntax", "done": 88, "total": 481}
{"phase": "syntax", "done": 89, "total": 481}
{"phase": "syntax", "done": 90, "total": 481}
{"phase": "syntax", "done": 91, "total": 481}
{"phase": "syntax", "done": 92, "total": 481}
{"phase": "syntax", "done": 93, "total": 481}
{"phase": "syntax", "done": 94, "total": 481}
{"phase": "syntax", "done": 95, "total": 481}
{"phase": "syntax", "done": 96, "total": 481}
{"phase": "syntax", "done": 97, "total": 481}
{"phase": "syntax", "done": 98, "total": 481}
{"phase": "syntax", "done": 99, "total": 481}
{"phase": "syntax", "done": 100, "total": 481}
{"phase": "syntax", "done": 101, "total": 481}
{"phase": "syntax", "done": 102, "total": 481}
{"phase": "syntax", "done": 103, "total": 481}
{"phase": "syntax", "done": 104, "total": 481}
{"phase": "syntax", "done": 105, "total": 481}
{"phase": "syntax", "done": 106, "total": 481}
{"phase": "syntax", "done": 107, "total": 481}
{"phase": "syntax", "done": 108, "total": 481}
{"phase": "syntax", "done": 109, "total": 481}
{"phase": "syntax", "done": 110, "total": 481}
{"phase": "syntax", "done": 111, "total": 481}
{"phase": "syntax", "done": 112, "total": 481}
{"phase": "syntax", "done": 113, "total": 481}
{"phase": "syntax", "done": 114, "total": 481}
{"phase": "syntax", "done": 115, "total": 481}
{"phase": "syntax", "done": 116, "total": 481}
{"phase": "syntax", "done": 117, "total": 481}
{"phase": "syntax", "done": 118, "total": 481}
{"phase": "syntax", "done": 119, "total": 481}
{"phase": "syntax", "done": 120, "total": 481}
{"phase": "syntax", "done": 121, "total": 481}
{"phase": "syntax", "done": 122, "total": 481}
{"phase": "syntax", "done": 123, "total": 481}
{"phase": "syntax", "done": 124, "total": 481}
{"phase": "syntax", "done": 125, "total": 481}
{"phase": "syntax", "done": 126, "total": 481}
{"phase": "syntax", "done": 127, "total": 481}
{"phase": "syntax", "done": 128, "total": 481}
{"phase": "syntax", "done": 129, "total": 481}
{"phase": "syntax", "done": 130, "total": 481}
{"phase": "syntax", "done": 131, "total": 481}
{"phase": "syntax", "done": 132, "total": 481}
{"phase": "syntax", "done": 133, "total": 481}
{"phase": "syntax", "done": 134, "total": 481}
{"phase": "syntax", "done": 135, "total": 481}
{"phase": "syntax", "done": 136, "total": 481}
{"phase": "syntax", "done": 137, "total": 481}
{"phase": "syntax", "done": 138, "total": 481}
{"phase": "syntax", "done": 139, "total": 481}
{"phase": "syntax", "done": 140, "total": 481}
{"phase": "syntax", "done": 141, "total": 481}
{"phase": "syntax", "done": 142, "total": 481}
{"phase": "syntax", "done": 143, "total": 481}
{"phase": "syntax", "done": 144, "total": 481}
{"phase": "syntax", "done": 145, "total": 481}
{"phase": "syntax", "done": 146, "total": 481}
{"phase": "syntax", "done": 147, "total": 481}
{"phase": "syntax", "done": 148, "total": 481}
{"phase": "syntax", "done": 149, "total": 481}
{"phase": "syntax", "done": 150, "total": 481}
{"phase": "syntax", "done": 151, "total": 481}
{"phase": "syntax", "done": 152, "total": 481}
{"phase": "syntax", "done": 153, "total": 481}
{"phase": "syntax", "done": 154, "total": 481}
{"phase": "syntax", "done": 155, "total": 481}
{"phase": "syntax", "done": 156, "total": 481}
{"phase": "syntax", "done": 157, "total": 481}
{"phase": "syntax", "done": 158, "total": 481}
{"phase": "syntax", "done": 159, "total": 481}
{"phase": "syntax", "done": 160, "total": 481}
{"phase": "syntax", "done": 161, "total": 481}
{"phase": "syntax", "done": 162, "total": 481}
{"phase": "syntax", "done": 163, "total": 481}
{"phase": "syntax", "done": 164, "total": 481}
{"phase": "syntax", "done": 165, "total": 481}
{"phase": "syntax", "done": 166, "total": 481}
{"phase": "syntax", "done": 167, "total": 481}
{"phase": "syntax", "done": 168, "total": 481}
{"phase": "syntax", "done": 169, "total": 481}
{"phase": "syntax", "done": 170, "total": 481}
{"phase": "syntax", "done": 171, "total": 481}
{"phase": "syntax", "done": 172, "total": 481}
{"phase": "syntax", "done": 173, "total": 481}
{"phase": "syntax", "done": 174, "total": 481}
{"phase": "syntax", "done": 175, "total": 481}
{"phase": "syntax", "done": 176, "total": 481}
{"phase": "syntax", "done": 177, "total": 481}
{"phase": "syntax", "done": 178, "total": 481}
{"phase": "syntax", "done": 179, "total": 481}
{"phase": "syntax", "done": 180, "total": 481}
{"phase": "syntax", "done": 181, "total": 481}
{"phase": "syntax", "done": 182, "total": 481}
{"phase": "syntax", "done": 183, "total": 481}
{"phase": "syntax", "done": 184, "total": 481}
{"phase": "syntax", "done": 185, "total": 481}
{"phase": "syntax", "done": 186, "total": 481}
{"phase": "syntax", "done": 187, "total": 481}
{"phase": "syntax", "done": 188, "total": 481}
{"phase": "syntax", "done": 189, "total": 481}
{"phase": "syntax", "done": 190, "total": 481}
{"phase": "syntax", "done": 191, "total": 481}
{"phase": "syntax", "done": 192, "total": 481}
{"phase": "syntax", "done": 193, "total": 481}
{"phase": "syntax", "done": 194, "total": 481}
{"phase": "syntax", "done": 195, "total": 481}
{"phase": "syntax", "done": 196, "total": 481}
{"phase": "syntax", "done": 197, "total": 481}
{"phase": "syntax", "done": 198, "total": 481}
{"phase": "syntax", "done": 199, "total": 481}
{"phase": "syntax", "done": 200, "total": 481}
{"phase": "syntax", "done": 201, "total": 481}
{"phase": "syntax", "done": 202, "total": 481}
{"phase": "syntax", "done": 203, "total": 481}
{"phase": "syntax", "done": 204, "total": 481}
{"phase": "syntax", "done": 205, "total": 481}
{"phase": "syntax", "done": 206, "total": 481}
{"phase": "syntax", "done": 207, "total": 481}
{"phase": "syntax", "done": 208, "total": 481}
{"phase": "syntax", "done": 209, "total": 481}
{"phase": "syntax", "done": 210, "total": 481}
{"phase": "syntax", "done": 211, "total": 481}
{"phase": "syntax", "done": 212, "total": 481}
{"phase": "syntax", "done": 213, "total": 481}
{"phase": "syntax", "done": 214, "total": 481}
{"phase": "syntax", "done": 215, "total": 481}
{"phase": "syntax", "done": 216, "total": 481}
{"phase": "syntax", "done": 217, "total": 481}
{"phase": "syntax", "done": 218, "total": 481}
{"phase": "syntax", "done": 219, "total": 481}
{"phase": "syntax", "done": 220, "total": 481}
{"phase": "syntax", "done": 221, "total": 481}
{"phase": "syntax", "done": 222, "total": 481}
{"phase": "syntax", "done": 223, "total": 481}
{"phase": "syntax", "done": 224, "total": 481}
{"phase": "syntax", "done": 225, "total": 481}
{"phase": "syntax", "done": 226, "total": 481}
{"phase": "syntax", "done": 227, "total": 481}
{"phase": "syntax", "done": 228, "total": 481}
{"phase": "syntax", "done": 229, "total": 481}
{"phase": "syntax", "done": 230, "total": 481}
{"phase": "syntax", "done": 231, "total": 481}
{"phase": "syntax", "done": 232, "total": 481}
{"phase": "syntax", "done": 233, "total": 481}
{"phase": "syntax", "done": 234, "total": 481}
{"phase": "syntax", "done": 235, "total": 481}
{"phase": "syntax", "done": 236, "total": 481}
{"phase": "syntax", "done": 237, "total": 481}
{"phase": "syntax", "done": 238, "total": 481}
{"phase": "syntax", "done": 239, "total": 481}
{"phase": "syntax", "done": 240, "total": 481}
{"phase": "syntax", "done": 241, "total": 481}
{"phase": "syntax", "done": 242, "total": 481}
{"phase": "syntax", "done": 243, "total": 481}
{"phase": "syntax", "done": 244, "total": 481}
{"phase": "syntax", "done": 245, "total": 481}
{"phase": "syntax", "done": 246, "total": 481}
{"phase": "syntax", "done": 247, "total": 481}
{"phase": "syntax", "done": 248, "total": 481}
{"phase": "syntax", "done": 249, "total": 481}
{"phase": "syntax", "done": 250, "total": 481}
{"phase": "syntax", "done": 251, "total": 481}
{"phase": "syntax", "done": 252, "total": 481}
{"phase": "syntax", "done": 253, "total": 481}
{"phase": "syntax", "done": 254, "total": 481}
{"phase": "syntax", "done": 255, "total": 481}
{"phase": "syntax", "done": 256, "total": 481}
{"phase": "syntax", "done": 257, "total": 481}
{"phase": "syntax", "done": 258, "total": 481}
{"phase": "syntax", "done": 259, "total": 481}
{"phase": "syntax", "done": 260, "total": 481}
{"phase": "syntax", "done": 261, "total": 481}
{"phase": "syntax", "done": 262, "total": 481}
{"phase": "syntax", "done": 263, "total": 481}
{"phase": "syntax", "done": 264, "total": 481}
{"phase": "syntax", "done": 265, "total": 481}
{"phase": "syntax", "done": 266, "total": 481}
{"phase": "syntax", "done": 267, "total": 481}
{"phase": "syntax", "done": 268, "total": 481}
{"phase": "syntax", "done": 269, "total": 481}
{"phase": "syntax", "done": 270, "total": 481}
{"phase": "syntax", "done": 271, "total": 481}
{"phase": "syntax", "done": 272, "total": 481}
{"phase": "syntax", "done": 273, "total": 481}
{"phase": "syntax", "done": 274, "total": 481}
{"phase": "syntax", "done": 275, "total": 481}
{"phase": "syntax", "done": 276, "total": 481}
{"phase": "syntax", "done": 277, "total": 481}
{"phase": "syntax", "done": 278, "total": 481}
{"phase": "syntax", "done": 279, "total": 481}
{"phase": "syntax", "done": 280, "total": 481}
{"phase": "syntax", "done": 281, "total": 481}
{"phase": "syntax", "done": 282, "total": 481}
{"phase": "syntax", "done": 283, "total": 481}
{"phase": "syntax", "done": 284, "total": 481}
{"phase": "syntax", "done": 285, "total": 481}
{"phase": "syntax", "done": 286, "total": 481}
{"phase": "syntax", "done": 287, "total": 481}
{"phase": "syntax", "done": 288, "total": 481}
{"phase": "syntax", "done": 289, "total": 481}
{"phase": "syntax", "done": 290, "total": 481}
{"phase": "syntax", "done": 291, "total": 481}
{"phase": "syntax", "done": 292, "total": 481}
{"phase": "syntax", "done": 293, "total": 481}
{"phase": "syntax", "done": 294, "total": 481}
{"phase": "syntax", "done": 295, "total": 481}
{"phase": "syntax", "done": 296, "total": 481}
{"phase": "syntax", "done": 297, "total": 481}
{"phase": "syntax", "done": 298, "total": 481}
{"phase": "syntax", "done": 299, "total": 481}
{"phase": "syntax", "done": 300, "total": 481}
{"phase": "syntax", "done": 301, "total": 481}
{"phase": "syntax", "done": 302, "total": 481}
{"phase": "syntax", "done": 303, "total": 481}
{"phase": "syntax", "done": 304, "total": 481}
{"phase": "syntax", "done": 305, "total": 481}
{"phase": "syntax", "done": 306, "total": 481}
{"phase": "syntax", "done": 307, "total": 481}
{"phase": "syntax", "done": 308, "total": 481}
{"phase": "syntax", "done": 309, "total": 481}
{"phase": "syntax", "done": 310, "total": 481}
{"phase": "syntax", "done": 311, "total": 481}
{"phase": "syntax", "done": 312, "total": 481}
{"phase": "syntax", "done": 313, "total": 481}
{"phase": "syntax", "done": 314, "total": 481}
{"phase": "syntax", "done": 315, "total": 481}
{"phase": "syntax", "done": 316, "total": 481}
{"phase": "syntax", "done": 317, "total": 481}
{"phase": "syntax", "done": 318, "total": 481}
{"phase": "syntax", "done": 319, "total": 481}
{"phase": "syntax", "done": 320, "total": 481}
{"phase": "syntax", "done": 321, "total": 481}
{"phase": "syntax", "done": 322, "total": 481}
{"phase": "syntax", "done": 323, "total": 481}
{"phase": "syntax", "done": 324, "total": 481}
{"phase": "syntax", "done": 325, "total": 481}
{"phase": "syntax", "done": 326, "total": 481}
{"phase": "syntax", "done": 327, "total": 481}
{"phase": "syntax", "done": 328, "total": 481}
{"phase": "syntax", "done": 329, "total": 481}
{"phase": "syntax", "done": 330, "total": 481}
{"phase": "syntax", "done": 331, "total": 481}
{"phase": "syntax", "done": 332, "total": 481}
{"phase": "syntax", "done": 333, "total": 481}
{"phase": "syntax", "done": 334, "total": 481}
{"phase": "syntax", "done": 335, "total": 481}
{"phase": "syntax", "done": 336, "total": 481}
{"phase": "syntax", "done": 337, "total": 481}
{"phase": "syntax", "done": 338, "total": 481}
{"phase": "syntax", "done": 339, "total": 481}
{"phase": "syntax", "done": 340, "total": 481}
{"phase": "syntax", "done": 341, "total": 481}
{"phase": "syntax", "done": 342, "total": 481}
{"phase": "syntax", "done": 343, "total": 481}
{"phase": "syntax", "done": 344, "total": 481}
{"phase": "syntax", "done": 345, "total": 481}
{"phase": "syntax", "done": 346, "total": 481}
{"phase": "syntax", "done": 347, "total": 481}
{"phase": "syntax", "done": 348, "total": 481}
{"phase": "syntax", "done": 349, "total": 481}
{"phase": "syntax", "done": 350, "total": 481}
{"phase": "syntax", "done": 351, "total": 481}
{"phase": "syntax", "done": 352, "total": 481}
{"phase": "syntax", "done": 353, "total": 481}
{"phase": "syntax", "done": 354, "total": 481}
{"phase": "syntax", "done": 355, "total": 481}
{"phase": "syntax", "done": 356, "total": 481}
{"phase": "syntax", "done": 357, "total": 481}
{"phase": "syntax", "done": 358, "total": 481}
{"phase": "syntax", "done": 359, "total": 481}
{"phase": "syntax", "done": 360, "total": 481}
{"phase": "syntax", "done": 361, "total": 481}
{"phase": "syntax", "done": 362, "total": 481}
{"phase": "syntax", "done": 363, "total": 481}
{"phase": "syntax", "done": 364, "total": 481}
{"phase": "syntax", "done": 365, "total": 481}
{"phase": "syntax", "done": 366, "total": 481}
{"phase": "syntax", "done": 367, "total": 481}
{"phase": "syntax", "done": 368, "total": 481}
{"phase": "syntax", "done": 369, "total": 481}
{"phase": "syntax", "done": 370, "total": 481}
{"phase": "syntax", "done": 371, "total": 481}
{"phase": "syntax", "done": 372, "total": 481}
{"phase": "syntax", "done": 373, "total": 481}
{"phase": "syntax", "done": 374, "total": 481}
{"phase": "syntax", "done": 375, "total": 481}
{"phase": "syntax", "done": 376, "total": 481}
{"phase": "syntax", "done": 377, "total": 481}
{"phase": "syntax", "done": 378, "total": 481}
{"phase": "syntax", "done": 379, "total": 481}
{"phase": "syntax", "done": 380, "total": 481}
{"phase": "syntax", "done": 381, "total": 481}
{"phase": "syntax", "done": 382, "total": 481}
{"phase": "syntax", "done": 383, "total": 481}
{"phase": "syntax", "done": 384, "total": 481}
{"phase": "syntax", "done": 385, "total": 481}
{"phase": "syntax", "done": 386, "total": 481}
{"phase": "syntax", "done": 387, "total": 481}
{"phase": "syntax", "done": 388, "total": 481}
{"phase": "syntax", "done": 389, "total": 481}
{"phase": "syntax", "done": 390, "total": 481}
{"phase": "syntax", "done": 391, "total": 481}
{"phase": "syntax", "done": 392, "total": 481}
{"phase": "syntax", "done": 393, "total": 481}
{"phase": "syntax", "done": 394, "total": 481}
{"phase": "syntax", "done": 395, "total": 481}
{"phase": "syntax", "done": 396, "total": 481}
{"phase": "syntax", "done": 397, "total": 481}
{"phase": "syntax", "done": 398, "total": 481}
{"phase": "syntax", "done": 399, "total": 481}
{"phase": "syntax", "done": 400, "total": 481}
{"phase": "syntax", "done": 401, "total": 481}
{"phase": "syntax", "done": 402, "total": 481}
{"phase": "syntax", "done": 403, "total": 481}
{"phase": "syntax", "done": 404, "total": 481}
{"phase": "syntax", "done": 405, "total": 481}
{"phase": "syntax", "done": 406, "total": 481}
{"phase": "syntax", "done": 407, "total": 481}
{"phase": "syntax", "done": 408, "total": 481}
{"phase": "syntax", "done": 409, "total": 481}
{"phase": "syntax", "done": 410, "total": 481}
{"phase": "syntax", "done": 411, "total": 481}
{"phase": "syntax", "done": 412, "total": 481}
{"phase": "syntax", "done": 413, "total": 481}
{"phase": "syntax", "done": 414, "total": 481}
{"phase": "syntax", "done": 415, "total": 481}
{"phase": "syntax", "done": 416, "total": 481}
{"phase": "syntax", "done": 417, "total": 481}
{"phase": "syntax", "done": 418, "total": 481}
{"phase": "syntax", "done": 419, "total": 481}
{"phase": "syntax", "done": 420, "total": 481}
{"phase": "syntax", "done": 421, "total": 481}
{"phase": "syntax", "done": 422, "total": 481}
{"phase": "syntax", "done": 423, "total": 481}
{"phase": "syntax", "done": 424, "total": 481}
{"phase": "syntax", "done": 425, "total": 481}
{"phase": "syntax", "done": 426, "total": 481}
{"phase": "syntax", "done": 427, "total": 481}
{"phase": "syntax", "done": 428, "total": 481}
{"phase": "syntax", "done": 429, "total": 481}
{"phase": "syntax", "done": 430, "total": 481}
{"phase": "syntax", "done": 431, "total": 481}
{"phase": "syntax", "done": 432, "total": 481}
{"phase": "syntax", "done": 433, "total": 481}
{"phase": "syntax", "done": 434, "total": 481}
{"phase": "syntax", "done": 435, "total": 481}
{"phase": "syntax", "done": 436, "total": 481}
{"phase": "syntax", "done": 437, "total": 481}
{"phase": "syntax", "done": 438, "total": 481}
{"phase": "syntax", "done": 439, "total": 481}
{"phase": "syntax", "done": 440, "total": 481}
{"phase": "syntax", "done": 441, "total": 481}
{"phase": "syntax", "done": 442, "total": 481}
{"phase": "syntax", "done": 443, "total": 481}
{"phase": "syntax", "done": 444, "total": 481}
{"phase": "syntax", "done": 445, "total": 481}
{"phase": "syntax", "done": 446, "total": 481}
{"phase": "syntax", "done": 447, "total": 481}
{"phase": "syntax", "done": 448, "total": 481}
{"phase": "syntax", "done": 449, "total": 481}
{"phase": "syntax", "done": 450, "total": 481}
{"phase": "syntax", "done": 451, "total": 481}
{"phase": "syntax", "done": 452, "total": 481}
{"phase": "syntax", "done": 453, "total": 481}
{"phase": "syntax", "done": 454, "total": 481}
{"phase": "syntax", "done": 455, "total": 481}
{"phase": "syntax", "done": 456, "total": 481}
{"phase": "syntax", "done": 457, "total": 481}
{"phase": "syntax", "done": 458, "total": 481}
{"phase": "syntax", "done": 459, "total": 481}
{"phase": "syntax", "done": 460, "total": 481}
{"phase": "syntax", "done": 461, "total": 481}
{"phase": "syntax", "done": 462, "total": 481}
{"phase": "syntax", "done": 463, "total": 481}
{"phase": "syntax", "done": 464, "total": 481}
{"phase": "syntax", "done": 465, "total": 481}
{"phase": "syntax", "done": 466, "total": 481}
{"phase": "syntax", "done": 467, "total": 481}
{"phase": "syntax", "done": 468, "total": 481}
{"phase": "syntax", "done": 469, "total": 481}
{"phase": "syntax", "done": 470, "total": 481}
{"phase": "syntax", "done": 471, "total": 481}
{"phase": "syntax", "done": 472, "total": 481}
{"phase": "syntax", "done": 473, "total": 481}
{"phase": "syntax", "done": 474, "total": 481}
{"phase": "syntax", "done": 475, "total": 481}
{"phase": "syntax", "done": 476, "total": 481}
{"phase": "syntax", "done": 477, "total": 481}
{"phase": "syntax", "done": 478, "total": 481}
{"phase": "syntax", "done": 479, "total": 481}
{"phase": "syntax", "done": 480, "total": 481}
{"phase": "syntax", "done": 481, "total": 481}
{"phase": "demangle", "done": 0, "total": 39150}
{"phase": "demangle", "done": 39150, "total": 39150}
{"phase": "emit", "done": 0, "total": 1}
{"phase": "emit", "done": 1, "total": 1}
graphite-frontend-apple 0.1.0: 481 files, 1752 types, 4601 methods, 5355 fields, 25139 call sites, 3434 constants, 913 annotations; 60407 nodes, 29000 edges, 21459 strings -> /tmp/apple-frontend-bench-iblb8v8b/corpus.graphite-ir
{"phase": "swift package describe", "done": 0, "total": 1}
{"phase": "swift package describe", "done": 1, "total": 1}
{"phase": "index", "done": 0, "total": 481}
{"phase": "index", "done": 481, "total": 481}
{"phase": "syntax", "done": 1, "total": 481}
{"phase": "syntax", "done": 2, "total": 481}
{"phase": "syntax", "done": 3, "total": 481}
{"phase": "syntax", "done": 4, "total": 481}
{"phase": "syntax", "done": 5, "total": 481}
{"phase": "syntax", "done": 6, "total": 481}
{"phase": "syntax", "done": 7, "total": 481}
{"phase": "syntax", "done": 8, "total": 481}
{"phase": "syntax", "done": 9, "total": 481}
{"phase": "syntax", "done": 10, "total": 481}
{"phase": "syntax", "done": 11, "total": 481}
{"phase": "syntax", "done": 12, "total": 481}
{"phase": "syntax", "done": 13, "total": 481}
{"phase": "syntax", "done": 14, "total": 481}
{"phase": "syntax", "done": 15, "total": 481}
{"phase": "syntax", "done": 16, "total": 481}
{"phase": "syntax", "done": 17, "total": 481}
{"phase": "syntax", "done": 18, "total": 481}
{"phase": "syntax", "done": 19, "total": 481}
{"phase": "syntax", "done": 20, "total": 481}
{"phase": "syntax", "done": 21, "total": 481}
{"phase": "syntax", "done": 22, "total": 481}
{"phase": "syntax", "done": 23, "total": 481}
{"phase": "syntax", "done": 24, "total": 481}
{"phase": "syntax", "done": 25, "total": 481}
{"phase": "syntax", "done": 26, "total": 481}
{"phase": "syntax", "done": 27, "total": 481}
{"phase": "syntax", "done": 28, "total": 481}
{"phase": "syntax", "done": 29, "total": 481}
{"phase": "syntax", "done": 30, "total": 481}
{"phase": "syntax", "done": 31, "total": 481}
{"phase": "syntax", "done": 32, "total": 481}
{"phase": "syntax", "done": 33, "total": 481}
{"phase": "syntax", "done": 34, "total": 481}
{"phase": "syntax", "done": 35, "total": 481}
{"phase": "syntax", "done": 36, "total": 481}
{"phase": "syntax", "done": 37, "total": 481}
{"phase": "syntax", "done": 38, "total": 481}
{"phase": "syntax", "done": 39, "total": 481}
{"phase": "syntax", "done": 40, "total": 481}
{"phase": "syntax", "done": 41, "total": 481}
{"phase": "syntax", "done": 42, "total": 481}
{"phase": "syntax", "done": 43, "total": 481}
{"phase": "syntax", "done": 44, "total": 481}
{"phase": "syntax", "done": 45, "total": 481}
{"phase": "syntax", "done": 46, "total": 481}
{"phase": "syntax", "done": 47, "total": 481}
{"phase": "syntax", "done": 48, "total": 481}
{"phase": "syntax", "done": 49, "total": 481}
{"phase": "syntax", "done": 50, "total": 481}
{"phase": "syntax", "done": 51, "total": 481}
{"phase": "syntax", "done": 52, "total": 481}
{"phase": "syntax", "done": 53, "total": 481}
{"phase": "syntax", "done": 54, "total": 481}
{"phase": "syntax", "done": 55, "total": 481}
{"phase": "syntax", "done": 56, "total": 481}
{"phase": "syntax", "done": 57, "total": 481}
{"phase": "syntax", "done": 58, "total": 481}
{"phase": "syntax", "done": 59, "total": 481}
{"phase": "syntax", "done": 60, "total": 481}
{"phase": "syntax", "done": 61, "total": 481}
{"phase": "syntax", "done": 62, "total": 481}
{"phase": "syntax", "done": 63, "total": 481}
{"phase": "syntax", "done": 64, "total": 481}
{"phase": "syntax", "done": 65, "total": 481}
{"phase": "syntax", "done": 66, "total": 481}
{"phase": "syntax", "done": 67, "total": 481}
{"phase": "syntax", "done": 68, "total": 481}
{"phase": "syntax", "done": 69, "total": 481}
{"phase": "syntax", "done": 70, "total": 481}
{"phase": "syntax", "done": 71, "total": 481}
{"phase": "syntax", "done": 72, "total": 481}
{"phase": "syntax", "done": 73, "total": 481}
{"phase": "syntax", "done": 74, "total": 481}
{"phase": "syntax", "done": 75, "total": 481}
{"phase": "syntax", "done": 76, "total": 481}
{"phase": "syntax", "done": 77, "total": 481}
{"phase": "syntax", "done": 78, "total": 481}
{"phase": "syntax", "done": 79, "total": 481}
{"phase": "syntax", "done": 80, "total": 481}
{"phase": "syntax", "done": 81, "total": 481}
{"phase": "syntax", "done": 82, "total": 481}
{"phase": "syntax", "done": 83, "total": 481}
{"phase": "syntax", "done": 84, "total": 481}
{"phase": "syntax", "done": 85, "total": 481}
{"phase": "syntax", "done": 86, "total": 481}
{"phase": "syntax", "done": 87, "total": 481}
{"phase": "syntax", "done": 88, "total": 481}
{"phase": "syntax", "done": 89, "total": 481}
{"phase": "syntax", "done": 90, "total": 481}
{"phase": "syntax", "done": 91, "total": 481}
{"phase": "syntax", "done": 92, "total": 481}
{"phase": "syntax", "done": 93, "total": 481}
{"phase": "syntax", "done": 94, "total": 481}
{"phase": "syntax", "done": 95, "total": 481}
{"phase": "syntax", "done": 96, "total": 481}
{"phase": "syntax", "done": 97, "total": 481}
{"phase": "syntax", "done": 98, "total": 481}
{"phase": "syntax", "done": 99, "total": 481}
{"phase": "syntax", "done": 100, "total": 481}
{"phase": "syntax", "done": 101, "total": 481}
{"phase": "syntax", "done": 102, "total": 481}
{"phase": "syntax", "done": 103, "total": 481}
{"phase": "syntax", "done": 104, "total": 481}
{"phase": "syntax", "done": 105, "total": 481}
{"phase": "syntax", "done": 106, "total": 481}
{"phase": "syntax", "done": 107, "total": 481}
{"phase": "syntax", "done": 108, "total": 481}
{"phase": "syntax", "done": 109, "total": 481}
{"phase": "syntax", "done": 110, "total": 481}
{"phase": "syntax", "done": 111, "total": 481}
{"phase": "syntax", "done": 112, "total": 481}
{"phase": "syntax", "done": 113, "total": 481}
{"phase": "syntax", "done": 114, "total": 481}
{"phase": "syntax", "done": 115, "total": 481}
{"phase": "syntax", "done": 116, "total": 481}
{"phase": "syntax", "done": 117, "total": 481}
{"phase": "syntax", "done": 118, "total": 481}
{"phase": "syntax", "done": 119, "total": 481}
{"phase": "syntax", "done": 120, "total": 481}
{"phase": "syntax", "done": 121, "total": 481}
{"phase": "syntax", "done": 122, "total": 481}
{"phase": "syntax", "done": 123, "total": 481}
{"phase": "syntax", "done": 124, "total": 481}
{"phase": "syntax", "done": 125, "total": 481}
{"phase": "syntax", "done": 126, "total": 481}
{"phase": "syntax", "done": 127, "total": 481}
{"phase": "syntax", "done": 128, "total": 481}
{"phase": "syntax", "done": 129, "total": 481}
{"phase": "syntax", "done": 130, "total": 481}
{"phase": "syntax", "done": 131, "total": 481}
{"phase": "syntax", "done": 132, "total": 481}
{"phase": "syntax", "done": 133, "total": 481}
{"phase": "syntax", "done": 134, "total": 481}
{"phase": "syntax", "done": 135, "total": 481}
{"phase": "syntax", "done": 136, "total": 481}
{"phase": "syntax", "done": 137, "total": 481}
{"phase": "syntax", "done": 138, "total": 481}
{"phase": "syntax", "done": 139, "total": 481}
{"phase": "syntax", "done": 140, "total": 481}
{"phase": "syntax", "done": 141, "total": 481}
{"phase": "syntax", "done": 142, "total": 481}
{"phase": "syntax", "done": 143, "total": 481}
{"phase": "syntax", "done": 144, "total": 481}
{"phase": "syntax", "done": 145, "total": 481}
{"phase": "syntax", "done": 146, "total": 481}
{"phase": "syntax", "done": 147, "total": 481}
{"phase": "syntax", "done": 148, "total": 481}
{"phase": "syntax", "done": 149, "total": 481}
{"phase": "syntax", "done": 150, "total": 481}
{"phase": "syntax", "done": 151, "total": 481}
{"phase": "syntax", "done": 152, "total": 481}
{"phase": "syntax", "done": 153, "total": 481}
{"phase": "syntax", "done": 154, "total": 481}
{"phase": "syntax", "done": 155, "total": 481}
{"phase": "syntax", "done": 156, "total": 481}
{"phase": "syntax", "done": 157, "total": 481}
{"phase": "syntax", "done": 158, "total": 481}
{"phase": "syntax", "done": 159, "total": 481}
{"phase": "syntax", "done": 160, "total": 481}
{"phase": "syntax", "done": 161, "total": 481}
{"phase": "syntax", "done": 162, "total": 481}
{"phase": "syntax", "done": 163, "total": 481}
{"phase": "syntax", "done": 164, "total": 481}
{"phase": "syntax", "done": 165, "total": 481}
{"phase": "syntax", "done": 166, "total": 481}
{"phase": "syntax", "done": 167, "total": 481}
{"phase": "syntax", "done": 168, "total": 481}
{"phase": "syntax", "done": 169, "total": 481}
{"phase": "syntax", "done": 170, "total": 481}
{"phase": "syntax", "done": 171, "total": 481}
{"phase": "syntax", "done": 172, "total": 481}
{"phase": "syntax", "done": 173, "total": 481}
{"phase": "syntax", "done": 174, "total": 481}
{"phase": "syntax", "done": 175, "total": 481}
{"phase": "syntax", "done": 176, "total": 481}
{"phase": "syntax", "done": 177, "total": 481}
{"phase": "syntax", "done": 178, "total": 481}
{"phase": "syntax", "done": 179, "total": 481}
{"phase": "syntax", "done": 180, "total": 481}
{"phase": "syntax", "done": 181, "total": 481}
{"phase": "syntax", "done": 182, "total": 481}
{"phase": "syntax", "done": 183, "total": 481}
{"phase": "syntax", "done": 184, "total": 481}
{"phase": "syntax", "done": 185, "total": 481}
{"phase": "syntax", "done": 186, "total": 481}
{"phase": "syntax", "done": 187, "total": 481}
{"phase": "syntax", "done": 188, "total": 481}
{"phase": "syntax", "done": 189, "total": 481}
{"phase": "syntax", "done": 190, "total": 481}
{"phase": "syntax", "done": 191, "total": 481}
{"phase": "syntax", "done": 192, "total": 481}
{"phase": "syntax", "done": 193, "total": 481}
{"phase": "syntax", "done": 194, "total": 481}
{"phase": "syntax", "done": 195, "total": 481}
{"phase": "syntax", "done": 196, "total": 481}
{"phase": "syntax", "done": 197, "total": 481}
{"phase": "syntax", "done": 198, "total": 481}
{"phase": "syntax", "done": 199, "total": 481}
{"phase": "syntax", "done": 200, "total": 481}
{"phase": "syntax", "done": 201, "total": 481}
{"phase": "syntax", "done": 202, "total": 481}
{"phase": "syntax", "done": 203, "total": 481}
{"phase": "syntax", "done": 204, "total": 481}
{"phase": "syntax", "done": 205, "total": 481}
{"phase": "syntax", "done": 206, "total": 481}
{"phase": "syntax", "done": 207, "total": 481}
{"phase": "syntax", "done": 208, "total": 481}
{"phase": "syntax", "done": 209, "total": 481}
{"phase": "syntax", "done": 210, "total": 481}
{"phase": "syntax", "done": 211, "total": 481}
{"phase": "syntax", "done": 212, "total": 481}
{"phase": "syntax", "done": 213, "total": 481}
{"phase": "syntax", "done": 214, "total": 481}
{"phase": "syntax", "done": 215, "total": 481}
{"phase": "syntax", "done": 216, "total": 481}
{"phase": "syntax", "done": 217, "total": 481}
{"phase": "syntax", "done": 218, "total": 481}
{"phase": "syntax", "done": 219, "total": 481}
{"phase": "syntax", "done": 220, "total": 481}
{"phase": "syntax", "done": 221, "total": 481}
{"phase": "syntax", "done": 222, "total": 481}
{"phase": "syntax", "done": 223, "total": 481}
{"phase": "syntax", "done": 224, "total": 481}
{"phase": "syntax", "done": 225, "total": 481}
{"phase": "syntax", "done": 226, "total": 481}
{"phase": "syntax", "done": 227, "total": 481}
{"phase": "syntax", "done": 228, "total": 481}
{"phase": "syntax", "done": 229, "total": 481}
{"phase": "syntax", "done": 230, "total": 481}
{"phase": "syntax", "done": 231, "total": 481}
{"phase": "syntax", "done": 232, "total": 481}
{"phase": "syntax", "done": 233, "total": 481}
{"phase": "syntax", "done": 234, "total": 481}
{"phase": "syntax", "done": 235, "total": 481}
{"phase": "syntax", "done": 236, "total": 481}
{"phase": "syntax", "done": 237, "total": 481}
{"phase": "syntax", "done": 238, "total": 481}
{"phase": "syntax", "done": 239, "total": 481}
{"phase": "syntax", "done": 240, "total": 481}
{"phase": "syntax", "done": 241, "total": 481}
{"phase": "syntax", "done": 242, "total": 481}
{"phase": "syntax", "done": 243, "total": 481}
{"phase": "syntax", "done": 244, "total": 481}
{"phase": "syntax", "done": 245, "total": 481}
{"phase": "syntax", "done": 246, "total": 481}
{"phase": "syntax", "done": 247, "total": 481}
{"phase": "syntax", "done": 248, "total": 481}
{"phase": "syntax", "done": 249, "total": 481}
{"phase": "syntax", "done": 250, "total": 481}
{"phase": "syntax", "done": 251, "total": 481}
{"phase": "syntax", "done": 252, "total": 481}
{"phase": "syntax", "done": 253, "total": 481}
{"phase": "syntax", "done": 254, "total": 481}
{"phase": "syntax", "done": 255, "total": 481}
{"phase": "syntax", "done": 256, "total": 481}
{"phase": "syntax", "done": 257, "total": 481}
{"phase": "syntax", "done": 258, "total": 481}
{"phase": "syntax", "done": 259, "total": 481}
{"phase": "syntax", "done": 260, "total": 481}
{"phase": "syntax", "done": 261, "total": 481}
{"phase": "syntax", "done": 262, "total": 481}
{"phase": "syntax", "done": 263, "total": 481}
{"phase": "syntax", "done": 264, "total": 481}
{"phase": "syntax", "done": 265, "total": 481}
{"phase": "syntax", "done": 266, "total": 481}
{"phase": "syntax", "done": 267, "total": 481}
{"phase": "syntax", "done": 268, "total": 481}
{"phase": "syntax", "done": 269, "total": 481}
{"phase": "syntax", "done": 270, "total": 481}
{"phase": "syntax", "done": 271, "total": 481}
{"phase": "syntax", "done": 272, "total": 481}
{"phase": "syntax", "done": 273, "total": 481}
{"phase": "syntax", "done": 274, "total": 481}
{"phase": "syntax", "done": 275, "total": 481}
{"phase": "syntax", "done": 276, "total": 481}
{"phase": "syntax", "done": 277, "total": 481}
{"phase": "syntax", "done": 278, "total": 481}
{"phase": "syntax", "done": 279, "total": 481}
{"phase": "syntax", "done": 280, "total": 481}
{"phase": "syntax", "done": 281, "total": 481}
{"phase": "syntax", "done": 282, "total": 481}
{"phase": "syntax", "done": 283, "total": 481}
{"phase": "syntax", "done": 284, "total": 481}
{"phase": "syntax", "done": 285, "total": 481}
{"phase": "syntax", "done": 286, "total": 481}
{"phase": "syntax", "done": 287, "total": 481}
{"phase": "syntax", "done": 288, "total": 481}
{"phase": "syntax", "done": 289, "total": 481}
{"phase": "syntax", "done": 290, "total": 481}
{"phase": "syntax", "done": 291, "total": 481}
{"phase": "syntax", "done": 292, "total": 481}
{"phase": "syntax", "done": 293, "total": 481}
{"phase": "syntax", "done": 294, "total": 481}
{"phase": "syntax", "done": 295, "total": 481}
{"phase": "syntax", "done": 296, "total": 481}
{"phase": "syntax", "done": 297, "total": 481}
{"phase": "syntax", "done": 298, "total": 481}
{"phase": "syntax", "done": 299, "total": 481}
{"phase": "syntax", "done": 300, "total": 481}
{"phase": "syntax", "done": 301, "total": 481}
{"phase": "syntax", "done": 302, "total": 481}
{"phase": "syntax", "done": 303, "total": 481}
{"phase": "syntax", "done": 304, "total": 481}
{"phase": "syntax", "done": 305, "total": 481}
{"phase": "syntax", "done": 306, "total": 481}
{"phase": "syntax", "done": 307, "total": 481}
{"phase": "syntax", "done": 308, "total": 481}
{"phase": "syntax", "done": 309, "total": 481}
{"phase": "syntax", "done": 310, "total": 481}
{"phase": "syntax", "done": 311, "total": 481}
{"phase": "syntax", "done": 312, "total": 481}
{"phase": "syntax", "done": 313, "total": 481}
{"phase": "syntax", "done": 314, "total": 481}
{"phase": "syntax", "done": 315, "total": 481}
{"phase": "syntax", "done": 316, "total": 481}
{"phase": "syntax", "done": 317, "total": 481}
{"phase": "syntax", "done": 318, "total": 481}
{"phase": "syntax", "done": 319, "total": 481}
{"phase": "syntax", "done": 320, "total": 481}
{"phase": "syntax", "done": 321, "total": 481}
{"phase": "syntax", "done": 322, "total": 481}
{"phase": "syntax", "done": 323, "total": 481}
{"phase": "syntax", "done": 324, "total": 481}
{"phase": "syntax", "done": 325, "total": 481}
{"phase": "syntax", "done": 326, "total": 481}
{"phase": "syntax", "done": 327, "total": 481}
{"phase": "syntax", "done": 328, "total": 481}
{"phase": "syntax", "done": 329, "total": 481}
{"phase": "syntax", "done": 330, "total": 481}
{"phase": "syntax", "done": 331, "total": 481}
{"phase": "syntax", "done": 332, "total": 481}
{"phase": "syntax", "done": 333, "total": 481}
{"phase": "syntax", "done": 334, "total": 481}
{"phase": "syntax", "done": 335, "total": 481}
{"phase": "syntax", "done": 336, "total": 481}
{"phase": "syntax", "done": 337, "total": 481}
{"phase": "syntax", "done": 338, "total": 481}
{"phase": "syntax", "done": 339, "total": 481}
{"phase": "syntax", "done": 340, "total": 481}
{"phase": "syntax", "done": 341, "total": 481}
{"phase": "syntax", "done": 342, "total": 481}
{"phase": "syntax", "done": 343, "total": 481}
{"phase": "syntax", "done": 344, "total": 481}
{"phase": "syntax", "done": 345, "total": 481}
{"phase": "syntax", "done": 346, "total": 481}
{"phase": "syntax", "done": 347, "total": 481}
{"phase": "syntax", "done": 348, "total": 481}
{"phase": "syntax", "done": 349, "total": 481}
{"phase": "syntax", "done": 350, "total": 481}
{"phase": "syntax", "done": 351, "total": 481}
{"phase": "syntax", "done": 352, "total": 481}
{"phase": "syntax", "done": 353, "total": 481}
{"phase": "syntax", "done": 354, "total": 481}
{"phase": "syntax", "done": 355, "total": 481}
{"phase": "syntax", "done": 356, "total": 481}
{"phase": "syntax", "done": 357, "total": 481}
{"phase": "syntax", "done": 358, "total": 481}
{"phase": "syntax", "done": 359, "total": 481}
{"phase": "syntax", "done": 360, "total": 481}
{"phase": "syntax", "done": 361, "total": 481}
{"phase": "syntax", "done": 362, "total": 481}
{"phase": "syntax", "done": 363, "total": 481}
{"phase": "syntax", "done": 364, "total": 481}
{"phase": "syntax", "done": 365, "total": 481}
{"phase": "syntax", "done": 366, "total": 481}
{"phase": "syntax", "done": 367, "total": 481}
{"phase": "syntax", "done": 368, "total": 481}
{"phase": "syntax", "done": 369, "total": 481}
{"phase": "syntax", "done": 370, "total": 481}
{"phase": "syntax", "done": 371, "total": 481}
{"phase": "syntax", "done": 372, "total": 481}
{"phase": "syntax", "done": 373, "total": 481}
{"phase": "syntax", "done": 374, "total": 481}
{"phase": "syntax", "done": 375, "total": 481}
{"phase": "syntax", "done": 376, "total": 481}
{"phase": "syntax", "done": 377, "total": 481}
{"phase": "syntax", "done": 378, "total": 481}
{"phase": "syntax", "done": 379, "total": 481}
{"phase": "syntax", "done": 380, "total": 481}
{"phase": "syntax", "done": 381, "total": 481}
{"phase": "syntax", "done": 382, "total": 481}
{"phase": "syntax", "done": 383, "total": 481}
{"phase": "syntax", "done": 384, "total": 481}
{"phase": "syntax", "done": 385, "total": 481}
{"phase": "syntax", "done": 386, "total": 481}
{"phase": "syntax", "done": 387, "total": 481}
{"phase": "syntax", "done": 388, "total": 481}
{"phase": "syntax", "done": 389, "total": 481}
{"phase": "syntax", "done": 390, "total": 481}
{"phase": "syntax", "done": 391, "total": 481}
{"phase": "syntax", "done": 392, "total": 481}
{"phase": "syntax", "done": 393, "total": 481}
{"phase": "syntax", "done": 394, "total": 481}
{"phase": "syntax", "done": 395, "total": 481}
{"phase": "syntax", "done": 396, "total": 481}
{"phase": "syntax", "done": 397, "total": 481}
{"phase": "syntax", "done": 398, "total": 481}
{"phase": "syntax", "done": 399, "total": 481}
{"phase": "syntax", "done": 400, "total": 481}
{"phase": "syntax", "done": 401, "total": 481}
{"phase": "syntax", "done": 402, "total": 481}
{"phase": "syntax", "done": 403, "total": 481}
{"phase": "syntax", "done": 404, "total": 481}
{"phase": "syntax", "done": 405, "total": 481}
{"phase": "syntax", "done": 406, "total": 481}
{"phase": "syntax", "done": 407, "total": 481}
{"phase": "syntax", "done": 408, "total": 481}
{"phase": "syntax", "done": 409, "total": 481}
{"phase": "syntax", "done": 410, "total": 481}
{"phase": "syntax", "done": 411, "total": 481}
{"phase": "syntax", "done": 412, "total": 481}
{"phase": "syntax", "done": 413, "total": 481}
{"phase": "syntax", "done": 414, "total": 481}
{"phase": "syntax", "done": 415, "total": 481}
{"phase": "syntax", "done": 416, "total": 481}
{"phase": "syntax", "done": 417, "total": 481}
{"phase": "syntax", "done": 418, "total": 481}
{"phase": "syntax", "done": 419, "total": 481}
{"phase": "syntax", "done": 420, "total": 481}
{"phase": "syntax", "done": 421, "total": 481}
{"phase": "syntax", "done": 422, "total": 481}
{"phase": "syntax", "done": 423, "total": 481}
{"phase": "syntax", "done": 424, "total": 481}
{"phase": "syntax", "done": 425, "total": 481}
{"phase": "syntax", "done": 426, "total": 481}
{"phase": "syntax", "done": 427, "total": 481}
{"phase": "syntax", "done": 428, "total": 481}
{"phase": "syntax", "done": 429, "total": 481}
{"phase": "syntax", "done": 430, "total": 481}
{"phase": "syntax", "done": 431, "total": 481}
{"phase": "syntax", "done": 432, "total": 481}
{"phase": "syntax", "done": 433, "total": 481}
{"phase": "syntax", "done": 434, "total": 481}
{"phase": "syntax", "done": 435, "total": 481}
{"phase": "syntax", "done": 436, "total": 481}
{"phase": "syntax", "done": 437, "total": 481}
{"phase": "syntax", "done": 438, "total": 481}
{"phase": "syntax", "done": 439, "total": 481}
{"phase": "syntax", "done": 440, "total": 481}
{"phase": "syntax", "done": 441, "total": 481}
{"phase": "syntax", "done": 442, "total": 481}
{"phase": "syntax", "done": 443, "total": 481}
{"phase": "syntax", "done": 444, "total": 481}
{"phase": "syntax", "done": 445, "total": 481}
{"phase": "syntax", "done": 446, "total": 481}
{"phase": "syntax", "done": 447, "total": 481}
{"phase": "syntax", "done": 448, "total": 481}
{"phase": "syntax", "done": 449, "total": 481}
{"phase": "syntax", "done": 450, "total": 481}
{"phase": "syntax", "done": 451, "total": 481}
{"phase": "syntax", "done": 452, "total": 481}
{"phase": "syntax", "done": 453, "total": 481}
{"phase": "syntax", "done": 454, "total": 481}
{"phase": "syntax", "done": 455, "total": 481}
{"phase": "syntax", "done": 456, "total": 481}
{"phase": "syntax", "done": 457, "total": 481}
{"phase": "syntax", "done": 458, "total": 481}
{"phase": "syntax", "done": 459, "total": 481}
{"phase": "syntax", "done": 460, "total": 481}
{"phase": "syntax", "done": 461, "total": 481}
{"phase": "syntax", "done": 462, "total": 481}
{"phase": "syntax", "done": 463, "total": 481}
{"phase": "syntax", "done": 464, "total": 481}
{"phase": "syntax", "done": 465, "total": 481}
{"phase": "syntax", "done": 466, "total": 481}
{"phase": "syntax", "done": 467, "total": 481}
{"phase": "syntax", "done": 468, "total": 481}
{"phase": "syntax", "done": 469, "total": 481}
{"phase": "syntax", "done": 470, "total": 481}
{"phase": "syntax", "done": 471, "total": 481}
{"phase": "syntax", "done": 472, "total": 481}
{"phase": "syntax", "done": 473, "total": 481}
{"phase": "syntax", "done": 474, "total": 481}
{"phase": "syntax", "done": 475, "total": 481}
{"phase": "syntax", "done": 476, "total": 481}
{"phase": "syntax", "done": 477, "total": 481}
{"phase": "syntax", "done": 478, "total": 481}
{"phase": "syntax", "done": 479, "total": 481}
{"phase": "syntax", "done": 480, "total": 481}
{"phase": "syntax", "done": 481, "total": 481}
{"phase": "demangle", "done": 0, "total": 39150}
{"phase": "demangle", "done": 39150, "total": 39150}
{"phase": "emit", "done": 0, "total": 1}
{"phase": "emit", "done": 1, "total": 1}
graphite-frontend-apple 0.1.0: 481 files, 1752 types, 4601 methods, 5355 fields, 25139 call sites, 3434 constants, 913 annotations; 60407 nodes, 29000 edges, 21459 strings -> /tmp/apple-frontend-bench-iblb8v8b/corpus.graphite-ir
