
$ git init --quiet /__w/_temp/corpus

$ git -C /__w/_temp/corpus remote add origin https://github.com/swiftlang/swift-package-manager.git

$ git -C /__w/_temp/corpus fetch --quiet --depth 1 origin 587a4fdaebc5d7f977ac6b0a01f0e0b644b50f54

$ git -C /__w/_temp/corpus checkout --quiet 587a4fdaebc5d7f977ac6b0a01f0e0b644b50f54

$ swift build --package-path /__w/_temp/corpus --jobs 4 -c debug --enable-index-store --force-resolved-versions
Fetching https://github.com/swiftlang/swift-syntax.git
Fetching https://github.com/apple/swift-argument-parser.git
Fetching https://github.com/apple/swift-llbuild.git
[1/19096] Fetching swift-argument-parser
[4394/49056] Fetching swift-argument-parser, swift-llbuild
[25988/129437] Fetching swift-argument-parser, swift-llbuild, swift-syntax
Fetched https://github.com/apple/swift-argument-parser.git from cache (5.65s)
Fetching https://github.com/apple/swift-collections.git
Fetched https://github.com/apple/swift-llbuild.git from cache (5.67s)
Fetching https://github.com/apple/swift-asn1.git
Fetched https://github.com/swiftlang/swift-syntax.git from cache (5.69s)
Fetching https://github.com/apple/swift-crypto.git
[1/18603] Fetching swift-crypto
[560/47148] Fetching swift-crypto, swift-collections
[561/49143] Fetching swift-crypto, swift-collections, swift-asn1
Fetched https://github.com/apple/swift-asn1.git from cache (1.16s)
Fetching https://github.com/apple/swift-driver.git
[4690/47148] Fetching swift-crypto, swift-collections
[47149/86841] Fetching swift-crypto, swift-collections, swift-driver
Fetched https://github.com/apple/swift-crypto.git from cache (2.31s)
Fetching https://github.com/apple/swift-system.git
[31721/68238] Fetching swift-collections, swift-driver
Fetched https://github.com/apple/swift-collections.git from cache (2.40s)
Fetching https://github.com/apple/swift-certificates.git
[4367/39693] Fetching swift-driver
[39694/47302] Fetching swift-driver, swift-certificates
[39695/54543] Fetching swift-driver, swift-certificates, swift-system
Fetched https://github.com/apple/swift-system.git from cache (1.17s)
Fetching https://github.com/swiftlang/swift-toolchain-sqlite
Fetched https://github.com/apple/swift-certificates.git from cache (1.16s)
Fetching https://github.com/jpsim/Yams.git
[1/376] Fetching swift-toolchain-sqlite
[5/12258] Fetching swift-toolchain-sqlite, yams
Fetched https://github.com/apple/swift-driver.git from cache (2.91s)
Fetching https://github.com/apple/swift-tools-support-core.git
[7031/19673] Fetching swift-toolchain-sqlite, yams, swift-tools-support-core
Fetched https://github.com/swiftlang/swift-toolchain-sqlite from cache (1.64s)
Fetched https://github.com/apple/swift-tools-support-core.git from cache (1.25s)
Fetched https://github.com/jpsim/Yams.git from cache (1.88s)
Creating working copy for https://github.com/swiftlang/swift-syntax.git
Working copy of https://github.com/swiftlang/swift-syntax.git resolved at release/6.1 (cbd0366)
Creating working copy for https://github.com/apple/swift-llbuild.git
Working copy of https://github.com/apple/swift-llbuild.git resolved at release/6.1 (4fc005b)
Creating working copy for https://github.com/apple/swift-asn1.git
Working copy of https://github.com/apple/swift-asn1.git resolved at 1.7.3
Creating working copy for https://github.com/apple/swift-argument-parser.git
Working copy of https://github.com/apple/swift-argument-parser.git resolved at 1.4.0
Creating working copy for https://github.com/apple/swift-collections.git
Working copy of https://github.com/apple/swift-collections.git resolved at 1.1.6
Creating working copy for https://github.com/apple/swift-crypto.git
Working copy of https://github.com/apple/swift-crypto.git resolved at 3.0.0
Creating working copy for https://github.com/apple/swift-driver.git
Working copy of https://github.com/apple/swift-driver.git resolved at release/6.1 (20cd624)
Creating working copy for https://github.com/apple/swift-system.git
Working copy of https://github.com/apple/swift-system.git resolved at 1.8.1
Creating working copy for https://github.com/apple/swift-certificates.git
Working copy of https://github.com/apple/swift-certificates.git resolved at 1.5.0
Creating working copy for https://github.com/swiftlang/swift-toolchain-sqlite
Working copy of https://github.com/swiftlang/swift-toolchain-sqlite resolved at 1.0.13
Creating working copy for https://github.com/jpsim/Yams.git
Working copy of https://github.com/jpsim/Yams.git resolved at 5.0.6
Creating working copy for https://github.com/apple/swift-tools-support-core.git
Working copy of https://github.com/apple/swift-tools-support-core.git resolved at release/6.1 (5cd61a7)
[1/1] Compiling plugin GenerateManual
Building for debugging...
[1/700] Write sources
[14/700] Compiling tsan_utils tsan_utils.c
[15/700] Write swift-version-24593BA9C3E375BF.txt
[16/700] Compiling llvmSupport Valgrind.cpp
[17/700] Compiling llvmSupport UnicodeCaseFold.cpp
[18/700] Compiling llvmSupport circular_raw_ostream.cpp
[19/700] Compiling llvmSupport Unicode.cpp
[20/700] Compiling llvmSupport raw_ostream.cpp
[21/700] Compiling llvmSupport Twine.cpp
[22/700] Compiling llvmSupport Threading.cpp
[23/700] Compiling llvmSupport YAMLParser.cpp
[24/700] Compiling llvmSupport Triple.cpp
[25/700] Compiling llvmSupport TargetParser.cpp
[26/700] Compiling llvmSupport StringSaver.cpp
[27/700] Compiling llvmSupport StringMap.cpp
[28/700] Compiling llvmSupport StringRef.cpp
[29/700] Compiling llvmSupport StringExtras.cpp
[30/700] Compiling llvmSupport SmallVector.cpp
[31/700] Compiling llvmSupport SmallPtrSet.cpp
[32/700] Compiling llvmSupport SourceMgr.cpp
[33/700] Compiling llvmSupport Program.cpp
[34/700] Compiling llvmSupport Signals.cpp
[35/700] Compiling llvmSupport Process.cpp
[36/700] Compiling llvmSupport Path.cpp
[37/700] Compiling llvmSupport Options.cpp
[38/700] Compiling llvmSupport Mutex.cpp
[39/700] Compiling llvmSupport NativeFormatting.cpp
[40/700] Compiling llvmSupport MathExtras.cpp
[41/700] Compiling llvmSupport MemoryBuffer.cpp
[42/700] Compiling llvmSupport Memory.cpp
[43/700] Compiling llvmSupport Locale.cpp
[44/700] Compiling llvmSupport ManagedStatic.cpp
[45/700] Compiling llvmSupport Hashing.cpp
[46/700] Compiling llvmSupport MD5.cpp
[47/700] Compiling llvmSupport FoldingSet.cpp
[48/700] Compiling llvmSupport FormatVariadic.cpp
[49/700] Compiling llvmSupport ErrorHandling.cpp
[50/700] Compiling llvmSupport Errno.cpp
[51/700] Compiling llvmSupport Host.cpp
[52/700] Compiling llvmSupport FileUtilities.cpp
[53/700] Compiling llvmSupport Error.cpp
[54/700] Compiling llvmSupport Debug.cpp
[55/700] Compiling llvmSupport ConvertUTF.cpp
[56/700] Compiling llvmSupport ConvertUTFWrapper.cpp
[57/700] Compiling llvmSupport Atomic.cpp
[58/700] Compiling llvmSupport DJB.cpp
[59/700] Compiling llvmSupport Allocator.cpp
[60/700] Compiling llvmSupport Chrono.cpp
[61/700] Compiling llvmSupport APSInt.cpp
[62/700] Compiling llvmDemangle MicrosoftDemangle.cpp
[63/700] Compiling llvmSupport CommandLine.cpp
[64/700] Write sources
[65/700] Compiling llvmSupport APInt.cpp
[66/700] Compiling llvmSupport APFloat.cpp
[67/700] Compiling llvmDemangle ItaniumDemangle.cpp
[68/700] Compiling llbuildNinja Parser.cpp
[69/700] Compiling llbuildNinja Lexer.cpp
[70/700] Compiling llbuildNinja ManifestLoader.cpp
[71/700] Compiling llbuildNinja Manifest.cpp
[72/700] Compiling llbuildCore MakefileDepsParser.cpp
[73/700] Compiling llbuildCore SQLiteBuildDB.cpp
[74/700] Compiling llbuildCore DependencyInfoParser.cpp
[75/700] Compiling llbuildCore BuildEngineTrace.cpp
[76/700] Compiling llbuildCore BuildDB.cpp
[77/700] Compiling llbuildBuildSystem ShellCommand.cpp
[78/700] Compiling llbuildBuildSystem BuildValue.cpp
[79/700] Compiling llbuildCore BuildEngine.cpp
[80/700] Compiling llbuildBuildSystem ExternalCommand.cpp
[81/700] Compiling llbuildBuildSystem BuildSystemExtensionManager.cpp
[82/700] Compiling llbuildBuildSystem BuildNode.cpp
[83/700] Compiling llbuildBuildSystem BuildSystemFrontend.cpp
[84/700] Compiling llbuildBuildSystem BuildKey.cpp
[85/700] Compiling llbuildBasic Version.cpp
[86/700] Compiling llbuildBuildSystem BuildDescription.cpp
[87/700] Compiling llbuildBasic Tracing.cpp
[88/700] Compiling llbuildBuildSystem BuildFile.cpp
[89/700] Compiling llbuildBasic ShellUtility.cpp
[90/700] Compiling llbuildBasic Subprocess.cpp
[91/700] Compiling llbuildBuildSystem BuildSystem.cpp
[92/700] Compiling llbuildBasic PlatformUtility.cpp
[93/700] Compiling llbuildBasic SerialQueue.cpp
[94/700] Compiling llbuildBasic Hashing.cpp
[95/700] Compiling llbuildBasic LaneBasedExecutionQueue.cpp
[96/700] Compiling llbuildBasic FileSystem.cpp
[97/700] Compiling llbuildBasic FileInfo.cpp
[98/700] Compiling llbuildBasic ExecutionQueue.cpp
[99/700] Compiling libllbuild C-API.cpp
[100/700] Compiling libllbuild Core-C-API.cpp
[101/700] Compiling libllbuild Ninja-C-API.cpp
[102/700] Compiling libllbuild BuildValue-C-API.cpp
[103/700] Write sources
[104/700] Compiling _SwiftSyntaxCShims dummy.c
[105/700] Write sources
[110/702] Emitting module _CertificateInternals
[110/702] Compiling libllbuild BuildKey-C-API.cpp
[111/702] Write sources
[115/702] Compiling TSCclibc process.c
[116/702] Compiling TSCclibc libc.c
[117/702] Write sources
[119/704] Compiling libllbuild BuildDB-C-API.cpp
[119/704] Write sources
[131/706] Compiling libllbuild BuildSystem-C-API.cpp
[133/708] Compiling _CertificateInternals _TinyArray.swift
[134/709] Emitting module SwiftSyntax600
[135/709] Compiling SwiftSyntax600 Empty.swift
[136/710] Emitting module SwiftSyntax601
[137/710] Compiling SwiftSyntax601 Empty.swift
[141/722] Compiling SwiftSyntax510 Empty.swift
[142/722] Compiling SwiftSyntax509 Empty.swift
[143/722] Emitting module SwiftSyntax509
[144/723] Emitting module SwiftSyntax510
[147/724] Emitting module TSCLibc
[148/724] Compiling TSCLibc libc.swift
[148/725] Wrapping AST for _CertificateInternals for debugging
[150/744] Wrapping AST for SwiftSyntax601 for debugging
[151/780] Wrapping AST for SwiftSyntax600 for debugging
[152/814] Wrapping AST for TSCLibc for debugging
[153/814] Wrapping AST for SwiftSyntax510 for debugging
[154/814] Wrapping AST for SwiftSyntax509 for debugging
[155/814] Write sources
[163/829] Emitting module TSCBasic
[164/840] Compiling SwiftASN1 ArraySliceBigint.swift
[165/840] Compiling SwiftASN1 GeneralizedTime.swift
[166/841] Emitting module llbuildSwift
[167/841] Compiling SwiftASN1 ASN1.swift
[168/841] Compiling SwiftASN1 BER.swift
[169/841] Compiling SwiftASN1 ObjectIdentifier.swift
[170/841] Compiling SwiftASN1 PEMDocument.swift
[175/845] Compiling TSCBasic StringConversions.swift
[176/845] Compiling TSCBasic SynchronizedQueue.swift
[177/845] Compiling TSCBasic TemporaryFile.swift
[178/845] Compiling TSCBasic TerminalController.swift
[179/845] Compiling TSCBasic Thread.swift
[180/845] Compiling TSCBasic Tuple.swift
[181/845] Compiling TSCBasic WritableByteStream.swift
[182/845] Compiling TSCBasic misc.swift
[183/845] Compiling SwiftSyntax EditorPlaceholder.swift
[184/845] Compiling SwiftSyntax Identifier.swift
[185/845] Compiling SwiftSyntax MemoryLayout.swift
[186/845] Compiling SwiftSyntax MissingNodeInitializers.swift
[187/845] Compiling SwiftSyntax RawSyntax.swift
[188/845] Compiling SwiftSyntax RawSyntaxLayoutView.swift
[189/845] Compiling SwiftSyntax RawSyntaxNodeProtocol.swift
[190/845] Compiling SwiftSyntax RawSyntaxTokenView.swift
[191/845] Compiling SwiftSyntax SourceEdit.swift
[192/845] Compiling SwiftSyntax SourceLength.swift
[193/863] Compiling SwiftASN1 ASN1Identifier.swift
[194/863] Compiling SwiftASN1 ASN1Integer.swift
[195/863] Compiling SwiftASN1 ASN1Null.swift
[196/863] Compiling SwiftASN1 ASN1OctetString.swift
[197/863] Compiling SwiftASN1 ASN1Strings.swift
[200/863] Compiling SwiftASN1 ASN1Any.swift
[201/863] Compiling SwiftASN1 ASN1BitString.swift
[202/863] Compiling SwiftASN1 ASN1Boolean.swift
[203/863] Compiling llbuildSwift NinjaManifest.swift
[205/864] Emitting module SwiftASN1
[205/864] Write sources
[213/864] Wrapping AST for llbuildSwift for debugging
[218/865] Compiling SwiftASN1 TimeUtilities.swift
[219/865] Compiling SwiftASN1 UTCTime.swift
[220/865] Compiling SwiftASN1 DER.swift
[221/865] Compiling SwiftASN1 Errors.swift
[222/865] Compiling TSCBasic PathShims.swift
[223/865] Compiling TSCBasic Process.swift
[224/865] Compiling TSCBasic ProcessEnv.swift
[225/865] Compiling TSCBasic ProcessSet.swift
[226/865] Compiling TSCBasic Await.swift
[227/865] Compiling TSCBasic Base64URL.swift
[228/865] Compiling TSCBasic ByteString.swift
[229/865] Compiling TSCBasic CStringArray.swift
[230/865] Compiling TSCBasic CacheableSequence.swift
[231/865] Compiling TSCBasic Closable.swift
[232/865] Compiling TSCBasic CodableResult.swift
[233/865] Compiling TSCBasic CollectionAlgorithms.swift
[234/865] Compiling TSCBasic CollectionExtensions.swift
[235/865] Compiling TSCBasic Condition.swift
[236/865] Compiling TSCBasic DeltaAlgorithm.swift
[237/875] Compiling TSCBasic RegEx.swift
[238/875] Compiling TSCBasic Result.swift
[239/875] Compiling TSCBasic SortedArray.swift
[248/875] Compiling PackagePlugin Errors.swift
[249/875] Compiling PackagePlugin PackageManagerProxy.swift
[250/875] Compiling PackagePlugin PackageModel.swift
[251/875] Compiling PackagePlugin Path.swift
[252/875] Compiling PackagePlugin Plugin.swift
[253/875] Compiling PackagePlugin PluginContextDeserializer.swift
[254/875] Compiling PackagePlugin ArgumentExtractor.swift
[255/875] Compiling PackagePlugin Command.swift
[256/875] Compiling PackagePlugin Context.swift
[257/875] Compiling PackagePlugin Diagnostics.swift
[259/876] Write sources
[270/877] Emitting module PackagePlugin
/__w/_temp/corpus/Sources/PackagePlugin/Command.swift:13:8: warning: module 'Foundation' was not compiled with library evolution support; using it means binary compatibility for 'PackagePlugin' can't be guaranteed
 11 | //===----------------------------------------------------------------------===//
 12 | 
 13 | import Foundation
    |        `- warning: module 'Foundation' was not compiled with library evolution support; using it means binary compatibility for 'PackagePlugin' can't be guaranteed
 14 | 
 15 | /// A command to run during the build, including executable, command lines,

/__w/_temp/corpus/Sources/PackagePlugin/Context.swift:13:8: warning: module 'Foundation' was not compiled with library evolution support; using it means binary compatibility for 'PackagePlugin' can't be guaranteed
 11 | //===----------------------------------------------------------------------===//
 12 | 
 13 | import Foundation
    |        `- warning: module 'Foundation' was not compiled with library evolution support; using it means binary compatibility for 'PackagePlugin' can't be guaranteed
 14 | 
 15 | /// Provides information about the package for which the plugin is invoked,

/__w/_temp/corpus/Sources/PackagePlugin/PackageManagerProxy.swift:13:8: warning: module 'Foundation' was not compiled with library evolution support; using it means binary compatibility for 'PackagePlugin' can't be guaranteed
 11 | //===----------------------------------------------------------------------===//
 12 | 
 13 | import Foundation
    |        `- warning: module 'Foundation' was not compiled with library evolution support; using it means binary compatibility for 'PackagePlugin' can't be guaranteed
 14 | 
 15 | /// Provides specialized information and services from the Swift Package Manager

/__w/_temp/corpus/Sources/PackagePlugin/PackageModel.swift:13:8: warning: module 'Foundation' was not compiled with library evolution support; using it means binary compatibility for 'PackagePlugin' can't be guaranteed
 11 | //===----------------------------------------------------------------------===//
 12 | 
 13 | import Foundation
    |        `- warning: module 'Foundation' was not compiled with library evolution support; using it means binary compatibility for 'PackagePlugin' can't be guaranteed
 14 | 
 15 | /// Represents a single package in the graph (either the root or a dependency).

/__w/_temp/corpus/Sources/PackagePlugin/Path.swift:13:8: warning: module 'Foundation' was not compiled with library evolution support; using it means binary compatibility for 'PackagePlugin' can't be guaranteed
 11 | //===----------------------------------------------------------------------===//
 12 | 
 13 | import Foundation
    |        `- warning: module 'Foundation' was not compiled with library evolution support; using it means binary compatibility for 'PackagePlugin' can't be guaranteed
 14 | 
 15 | /// A simple representation of a path in the file system.

/__w/_temp/corpus/Sources/PackagePlugin/Plugin.swift:13:8: warning: module 'Foundation' was not compiled with library evolution support; using it means binary compatibility for 'PackagePlugin' can't be guaranteed
 11 | //===----------------------------------------------------------------------===//
 12 | 
 13 | import Foundation
    |        `- warning: module 'Foundation' was not compiled with library evolution support; using it means binary compatibility for 'PackagePlugin' can't be guaranteed
 14 | #if os(Windows)
 15 | @_implementationOnly import ucrt

/__w/_temp/corpus/Sources/PackagePlugin/PluginContextDeserializer.swift:13:8: warning: module 'Foundation' was not compiled with library evolution support; using it means binary compatibility for 'PackagePlugin' can't be guaranteed
 11 | //===----------------------------------------------------------------------===//
 12 | 
 13 | import Foundation
    |        `- warning: module 'Foundation' was not compiled with library evolution support; using it means binary compatibility for 'PackagePlugin' can't be guaranteed
 14 | 
 15 | typealias WireInput = HostToPluginMessage.InputContext

/__w/_temp/corpus/Sources/PackagePlugin/PluginMessages.swift:13:8: warning: module 'Foundation' was not compiled with library evolution support; using it means binary compatibility for 'PackagePlugin' can't be guaranteed
 11 | //===----------------------------------------------------------------------===//
 12 | 
 13 | import Foundation
    |        `- warning: module 'Foundation' was not compiled with library evolution support; using it means binary compatibility for 'PackagePlugin' can't be guaranteed
 14 | 
 15 | /// A message that the host can send to the plugin, including definitions of the corresponding serializable data structures.
[289/910] Wrapping AST for TSCBasic for debugging
[290/910] Wrapping AST for SwiftASN1 for debugging
[290/910] Write sources
[306/910] Compiling writer.c
[308/924] Compiling PackageDescription BuildSettings.swift
/__w/_temp/corpus/Sources/PackagePlugin/PackageManagerProxy.swift:13:8: warning: module 'Foundation' was not compiled with library evolution support; using it means binary compatibility for 'PackagePlugin' can't be guaranteed
 11 | //===----------------------------------------------------------------------===//
 12 | 
 13 | import Foundation
    |        `- warning: module 'Foundation' was not compiled with library evolution support; using it means binary compatibility for 'PackagePlugin' can't be guaranteed
 14 | 
 15 | /// Provides specialized information and services from the Swift Package Manager

/__w/_temp/corpus/Sources/PackagePlugin/PackageModel.swift:13:8: warning: module 'Foundation' was not compiled with library evolution support; using it means binary compatibility for 'PackagePlugin' can't be guaranteed
 11 | //===----------------------------------------------------------------------===//
 12 | 
 13 | import Foundation
    |        `- warning: module 'Foundation' was not compiled with library evolution support; using it means binary compatibility for 'PackagePlugin' can't be guaranteed
 14 | 
 15 | /// Represents a single package in the graph (either the root or a dependency).
[309/924] Compiling PackageDescription Context.swift
/__w/_temp/corpus/Sources/PackagePlugin/PackageManagerProxy.swift:13:8: warning: module 'Foundation' was not compiled with library evolution support; using it means binary compatibility for 'PackagePlugin' can't be guaranteed
 11 | //===----------------------------------------------------------------------===//
 12 | 
 13 | import Foundation
    |        `- warning: module 'Foundation' was not compiled with library evolution support; using it means binary compatibility for 'PackagePlugin' can't be guaranteed
 14 | 
 15 | /// Provides specialized information and services from the Swift Package Manager

/__w/_temp/corpus/Sources/PackagePlugin/PackageModel.swift:13:8: warning: module 'Foundation' was not compiled with library evolution support; using it means binary compatibility for 'PackagePlugin' can't be guaranteed
 11 | //===----------------------------------------------------------------------===//
 12 | 
 13 | import Foundation
    |        `- warning: module 'Foundation' was not compiled with library evolution support; using it means binary compatibility for 'PackagePlugin' can't be guaranteed
 14 | 
 15 | /// Represents a single package in the graph (either the root or a dependency).
[310/924] Compiling PackageDescription ContextModel.swift
/__w/_temp/corpus/Sources/PackagePlugin/PackageManagerProxy.swift:13:8: warning: module 'Foundation' was not compiled with library evolution support; using it means binary compatibility for 'PackagePlugin' can't be guaranteed
 11 | //===----------------------------------------------------------------------===//
 12 | 
 13 | import Foundation
    |        `- warning: module 'Foundation' was not compiled with library evolution support; using it means binary compatibility for 'PackagePlugin' can't be guaranteed
 14 | 
 15 | /// Provides specialized information and services from the Swift Package Manager

/__w/_temp/corpus/Sources/PackagePlugin/PackageModel.swift:13:8: warning: module 'Foundation' was not compiled with library evolution support; using it means binary compatibility for 'PackagePlugin' can't be guaranteed
 11 | //===----------------------------------------------------------------------===//
 12 | 
 13 | import Foundation
    |        `- warning: module 'Foundation' was not compiled with library evolution support; using it means binary compatibility for 'PackagePlugin' can't be guaranteed
 14 | 
 15 | /// Represents a single package in the graph (either the root or a dependency).
[311/924] Compiling PackageDescription PackageDescription.swift
/__w/_temp/corpus/Sources/PackagePlugin/Command.swift:13:8: warning: module 'Foundation' was not compiled with library evolution support; using it means binary compatibility for 'PackagePlugin' can't be guaranteed
 11 | //===----------------------------------------------------------------------===//
 12 | 
 13 | import Foundation
    |        `- warning: module 'Foundation' was not compiled with library evolution support; using it means binary compatibility for 'PackagePlugin' can't be guaranteed
 14 | 
 15 | /// A command to run during the build, including executable, command lines,

/__w/_temp/corpus/Sources/PackagePlugin/Context.swift:13:8: warning: module 'Foundation' was not compiled with library evolution support; using it means binary compatibility for 'PackagePlugin' can't be guaranteed
 11 | //===----------------------------------------------------------------------===//
 12 | 
 13 | import Foundation
    |        `- warning: module 'Foundation' was not compiled with library evolution support; using it means binary compatibility for 'PackagePlugin' can't be guaranteed
 14 | 
 15 | /// Provides information about the package for which the plugin is invoked,
[312/924] Compiling PackageDescription PackageDescriptionSerialization.swift
/__w/_temp/corpus/Sources/PackagePlugin/Command.swift:13:8: warning: module 'Foundation' was not compiled with library evolution support; using it means binary compatibility for 'PackagePlugin' can't be guaranteed
 11 | //===----------------------------------------------------------------------===//
 12 | 
 13 | import Foundation
    |        `- warning: module 'Foundation' was not compiled with library evolution support; using it means binary compatibility for 'PackagePlugin' can't be guaranteed
 14 | 
 15 | /// A command to run during the build, including executable, command lines,

/__w/_temp/corpus/Sources/PackagePlugin/Context.swift:13:8: warning: module 'Foundation' was not compiled with library evolution support; using it means binary compatibility for 'PackagePlugin' can't be guaranteed
 11 | //===----------------------------------------------------------------------===//
 12 | 
 13 | import Foundation
    |        `- warning: module 'Foundation' was not compiled with library evolution support; using it means binary compatibility for 'PackagePlugin' can't be guaranteed
 14 | 
 15 | /// Provides information about the package for which the plugin is invoked,
[313/924] Compiling PackageDescription PackageDescriptionSerializationConversion.swift
/__w/_temp/corpus/Sources/PackagePlugin/Command.swift:13:8: warning: module 'Foundation' was not compiled with library evolution support; using it means binary compatibility for 'PackagePlugin' can't be guaranteed
 11 | //===----------------------------------------------------------------------===//
 12 | 
 13 | import Foundation
    |        `- warning: module 'Foundation' was not compiled with library evolution support; using it means binary compatibility for 'PackagePlugin' can't be guaranteed
 14 | 
 15 | /// A command to run during the build, including executable, command lines,

/__w/_temp/corpus/Sources/PackagePlugin/Context.swift:13:8: warning: module 'Foundation' was not compiled with library evolution support; using it means binary compatibility for 'PackagePlugin' can't be guaranteed
 11 | //===----------------------------------------------------------------------===//
 12 | 
 13 | import Foundation
    |        `- warning: module 'Foundation' was not compiled with library evolution support; using it means binary compatibility for 'PackagePlugin' can't be guaranteed
 14 | 
 15 | /// Provides information about the package for which the plugin is invoked,
[314/924] Compiling PackageDescription PackageRequirement.swift
/__w/_temp/corpus/Sources/PackagePlugin/Command.swift:13:8: warning: module 'Foundation' was not compiled with library evolution support; using it means binary compatibility for 'PackagePlugin' can't be guaranteed
 11 | //===----------------------------------------------------------------------===//
 12 | 
 13 | import Foundation
    |        `- warning: module 'Foundation' was not compiled with library evolution support; using it means binary compatibility for 'PackagePlugin' can't be guaranteed
 14 | 
 15 | /// A command to run during the build, including executable, command lines,

/__w/_temp/corpus/Sources/PackagePlugin/Context.swift:13:8: warning: module 'Foundation' was not compiled with library evolution support; using it means binary compatibility for 'PackagePlugin' can't be guaranteed
 11 | //===----------------------------------------------------------------------===//
 12 | 
 13 | import Foundation
    |        `- warning: module 'Foundation' was not compiled with library evolution support; using it means binary compatibility for 'PackagePlugin' can't be guaranteed
 14 | 
 15 | /// Provides information about the package for which the plugin is invoked,
[315/924] Compiling PackageDescription LanguageStandardSettings.swift
/__w/_temp/corpus/Sources/PackagePlugin/Path.swift:13:8: warning: module 'Foundation' was not compiled with library evolution support; using it means binary compatibility for 'PackagePlugin' can't be guaranteed
 11 | //===----------------------------------------------------------------------===//
 12 | 
 13 | import Foundation
    |        `- warning: module 'Foundation' was not compiled with library evolution support; using it means binary compatibility for 'PackagePlugin' can't be guaranteed
 14 | 
 15 | /// A simple representation of a path in the file system.

/__w/_temp/corpus/Sources/PackagePlugin/Plugin.swift:13:8: warning: module 'Foundation' was not compiled with library evolution support; using it means binary compatibility for 'PackagePlugin' can't be guaranteed
 11 | //===----------------------------------------------------------------------===//
 12 | 
 13 | import Foundation
    |        `- warning: module 'Foundation' was not compiled with library evolution support; using it means binary compatibility for 'PackagePlugin' can't be guaranteed
 14 | #if os(Windows)
 15 | @_implementationOnly import ucrt

/__w/_temp/corpus/Sources/PackagePlugin/PluginContextDeserializer.swift:13:8: warning: module 'Foundation' was not compiled with library evolution support; using it means binary compatibility for 'PackagePlugin' can't be guaranteed
 11 | //===----------------------------------------------------------------------===//
 12 | 
 13 | import Foundation
    |        `- warning: module 'Foundation' was not compiled with library evolution support; using it means binary compatibility for 'PackagePlugin' can't be guaranteed
 14 | 
 15 | typealias WireInput = HostToPluginMessage.InputContext
[316/924] Compiling PackageDescription PackageDependency.swift
/__w/_temp/corpus/Sources/PackagePlugin/Path.swift:13:8: warning: module 'Foundation' was not compiled with library evolution support; using it means binary compatibility for 'PackagePlugin' can't be guaranteed
 11 | //===----------------------------------------------------------------------===//
 12 | 
 13 | import Foundation
    |        `- warning: module 'Foundation' was not compiled with library evolution support; using it means binary compatibility for 'PackagePlugin' can't be guaranteed
 14 | 
 15 | /// A simple representation of a path in the file system.

/__w/_temp/corpus/Sources/PackagePlugin/Plugin.swift:13:8: warning: module 'Foundation' was not compiled with library evolution support; using it means binary compatibility for 'PackagePlugin' can't be guaranteed
 11 | //===----------------------------------------------------------------------===//
 12 | 
 13 | import Foundation
    |        `- warning: module 'Foundation' was not compiled with library evolution support; using it means binary compatibility for 'PackagePlugin' can't be guaranteed
 14 | #if os(Windows)
 15 | @_implementationOnly import ucrt

/__w/_temp/corpus/Sources/PackagePlugin/PluginContextDeserializer.swift:13:8: warning: module 'Foundation' was not compiled with library evolution support; using it means binary compatibility for 'PackagePlugin' can't be guaranteed
 11 | //===----------------------------------------------------------------------===//
 12 | 
 13 | import Foundation
    |        `- warning: module 'Foundation' was not compiled with library evolution support; using it means binary compatibility for 'PackagePlugin' can't be guaranteed
 14 | 
 15 | typealias WireInput = HostToPluginMessage.InputContext
[317/924] Compiling PackageDescription PackageDependencyTrait.swift
/__w/_temp/corpus/Sources/PackagePlugin/Path.swift:13:8: warning: module 'Foundation' was not compiled with library evolution support; using it means binary compatibility for 'PackagePlugin' can't be guaranteed
 11 | //===----------------------------------------------------------------------===//
 12 | 
 13 | import Foundation
    |        `- warning: module 'Foundation' was not compiled with library evolution support; using it means binary compatibility for 'PackagePlugin' can't be guaranteed
 14 | 
 15 | /// A simple representation of a path in the file system.

/__w/_temp/corpus/Sources/PackagePlugin/Plugin.swift:13:8: warning: module 'Foundation' was not compiled with library evolution support; using it means binary compatibility for 'PackagePlugin' can't be guaranteed
 11 | //===----------------------------------------------------------------------===//
 12 | 
 13 | import Foundation
    |        `- warning: module 'Foundation' was not compiled with library evolution support; using it means binary compatibility for 'PackagePlugin' can't be guaranteed
 14 | #if os(Windows)
 15 | @_implementationOnly import ucrt

/__w/_temp/corpus/Sources/PackagePlugin/PluginContextDeserializer.swift:13:8: warning: module 'Foundation' was not compiled with library evolution support; using it means binary compatibility for 'PackagePlugin' can't be guaranteed
 11 | //===----------------------------------------------------------------------===//
 12 | 
 13 | import Foundation
    |        `- warning: module 'Foundation' was not compiled with library evolution support; using it means binary compatibility for 'PackagePlugin' can't be guaranteed
 14 | 
 15 | typealias WireInput = HostToPluginMessage.InputContext
[318/924] Emitting module TSCUtility
[319/933] Emitting module PackageDescription
/__w/_temp/corpus/Sources/PackageDescription/ContextModel.swift:14:22: warning: '@_implementationOnly' is deprecated, use 'internal import' instead
12 | 
13 | #if USE_IMPL_ONLY_IMPORTS
14 | @_implementationOnly import Foundation
   |                      `- warning: '@_implementationOnly' is deprecated, use 'internal import' instead
15 | #else
16 | import Foundation

/__w/_temp/corpus/Sources/PackageDescription/PackageDescription.swift:17:22: warning: '@_implementationOnly' is deprecated, use 'internal import' instead
 15 | @_implementationOnly import struct WinSDK.HANDLE
 16 | #endif
 17 | @_implementationOnly import Foundation
    |                      `- warning: '@_implementationOnly' is deprecated, use 'internal import' instead
 18 | 
 19 | /// The configuration of a Swift package.

/__w/_temp/corpus/Sources/PackageDescription/PackageDescriptionSerialization.swift:14:22: warning: '@_implementationOnly' is deprecated, use 'internal import' instead
 12 | 
 13 | #if USE_IMPL_ONLY_IMPORTS
 14 | @_implementationOnly import Foundation
    |                      `- warning: '@_implementationOnly' is deprecated, use 'internal import' instead
 15 | #else
 16 | import Foundation

/__w/_temp/corpus/Sources/PackageDescription/Target.swift:13:22: warning: '@_implementationOnly' is deprecated, use 'internal import' instead
  11 | //===----------------------------------------------------------------------===//
  12 | 
  13 | @_implementationOnly import Foundation
     |                      `- warning: '@_implementationOnly' is deprecated, use 'internal import' instead
  14 | 
  15 | /// The basic building block of a Swift package.
[320/937] Compiling TSCUtility OSLog.swift
[321/937] Compiling TSCUtility OrderedZip.swift
[322/937] Compiling TSCUtility PkgConfig.swift
[323/937] Compiling TSCUtility Platform.swift
[324/937] Compiling TSCUtility PolymorphicCodable.swift
[325/937] Compiling TSCUtility ProgressAnimation.swift
[326/937] Compiling TSCUtility SerializedDiagnostics.swift
[327/937] Compiling TSCUtility SimplePersistence.swift
[328/937] Compiling TSCUtility StringExtensions.swift
[329/937] Compiling PackageDescription Product.swift
[330/937] Compiling PackageDescription Resource.swift
[331/937] Compiling PackageDescription SupportedPlatforms.swift
[332/937] Compiling PackageDescription Target.swift
[333/937] Compiling PackageDescription Trait.swift
[334/937] Compiling PackageDescription Version+StringLiteralConvertible.swift
[335/937] Compiling PackageDescription Version.swift
[336/937] Compiling TSCUtility InterruptHandler.swift
[337/937] Compiling TSCUtility JSONMessageStreamingParser.swift
[338/937] Compiling TSCUtility Netrc.swift
/__w/_temp/corpus/Sources/PackageDescription/Target.swift:13:22: warning: '@_implementationOnly' is deprecated, use 'internal import' instead
  11 | //===----------------------------------------------------------------------===//
  12 | 
  13 | @_implementationOnly import Foundation
     |                      `- warning: '@_implementationOnly' is deprecated, use 'internal import' instead
  14 | 
  15 | /// The basic building block of a Swift package.
/__w/_temp/corpus/Sources/PackageDescription/Target.swift:13:22: warning: '@_implementationOnly' is deprecated, use 'internal import' instead
  11 | //===----------------------------------------------------------------------===//
  12 | 
  13 | @_implementationOnly import Foundation
     |                      `- warning: '@_implementationOnly' is deprecated, use 'internal import' instead
  14 | 
  15 | /// The basic building block of a Swift package.
/__w/_temp/corpus/Sources/PackageDescription/Target.swift:13:22: warning: '@_implementationOnly' is deprecated, use 'internal import' instead
  11 | //===----------------------------------------------------------------------===//
  12 | 
  13 | @_implementationOnly import Foundation
     |                      `- warning: '@_implementationOnly' is deprecated, use 'internal import' instead
  14 | 
  15 | /// The basic building block of a Swift package.
/__w/_temp/corpus/Sources/PackageDescription/Target.swift:13:22: warning: '@_implementationOnly' is deprecated, use 'internal import' instead
  11 | //===----------------------------------------------------------------------===//
  12 | 
  13 | @_implementationOnly import Foundation
     |                      `- warning: '@_implementationOnly' is deprecated, use 'internal import' instead
  14 | 
  15 | /// The basic building block of a Swift package.
[353/937] Compiling TSCUtility StringMangling.swift
[354/937] Compiling TSCUtility Tracing.swift
[355/937] Compiling TSCUtility Triple.swift
[356/937] Compiling TSCUtility URL.swift
[357/937] Compiling TSCUtility Verbosity.swift
[358/937] Compiling TSCUtility Version.swift
[359/937] Compiling TSCUtility Versioning.swift
[360/937] Compiling TSCUtility dlopen.swift
[361/937] Compiling TSCUtility misc.swift
/__w/_temp/corpus/Sources/PackagePlugin/PluginMessages.swift:13:8: warning: module 'Foundation' was not compiled with library evolution support; using it means binary compatibility for 'PackagePlugin' can't be guaranteed
 11 | //===----------------------------------------------------------------------===//
 12 | 
 13 | import Foundation
    |        `- warning: module 'Foundation' was not compiled with library evolution support; using it means binary compatibility for 'PackagePlugin' can't be guaranteed
 14 | 
 15 | /// A message that the host can send to the plugin, including definitions of the corresponding serializable data structures.
/__w/_temp/corpus/Sources/PackagePlugin/PluginMessages.swift:13:8: warning: module 'Foundation' was not compiled with library evolution support; using it means binary compatibility for 'PackagePlugin' can't be guaranteed
 11 | //===----------------------------------------------------------------------===//
 12 | 
 13 | import Foundation
    |        `- warning: module 'Foundation' was not compiled with library evolution support; using it means binary compatibility for 'PackagePlugin' can't be guaranteed
 14 | 
 15 | /// A message that the host can send to the plugin, including definitions of the corresponding serializable data structures.
/__w/_temp/corpus/Sources/PackagePlugin/PluginMessages.swift:13:8: warning: module 'Foundation' was not compiled with library evolution support; using it means binary compatibility for 'PackagePlugin' can't be guaranteed
 11 | //===----------------------------------------------------------------------===//
 12 | 
 13 | import Foundation
    |        `- warning: module 'Foundation' was not compiled with library evolution support; using it means binary compatibility for 'PackagePlugin' can't be guaranteed
 14 | 
 15 | /// A message that the host can send to the plugin, including definitions of the corresponding serializable data structures.
[366/943] Compiling PackageCollectionsModel PackageCollectionModel.swift
/__w/_temp/corpus/Sources/PackageDescription/PackageDescription.swift:17:22: warning: '@_implementationOnly' is deprecated, use 'internal import' instead
 15 | @_implementationOnly import struct WinSDK.HANDLE
 16 | #endif
 17 | @_implementationOnly import Foundation
    |                      `- warning: '@_implementationOnly' is deprecated, use 'internal import' instead
 18 | 
 19 | /// The configuration of a Swift package.

/__w/_temp/corpus/Sources/PackageDescription/PackageDescriptionSerialization.swift:14:22: warning: '@_implementationOnly' is deprecated, use 'internal import' instead
 12 | 
 13 | #if USE_IMPL_ONLY_IMPORTS
 14 | @_implementationOnly import Foundation
    |                      `- warning: '@_implementationOnly' is deprecated, use 'internal import' instead
 15 | #else
 16 | import Foundation
/__w/_temp/corpus/Sources/PackageDescription/PackageDescription.swift:17:22: warning: '@_implementationOnly' is deprecated, use 'internal import' instead
 15 | @_implementationOnly import struct WinSDK.HANDLE
 16 | #endif
 17 | @_implementationOnly import Foundation
    |                      `- warning: '@_implementationOnly' is deprecated, use 'internal import' instead
 18 | 
 19 | /// The configuration of a Swift package.

/__w/_temp/corpus/Sources/PackageDescription/PackageDescriptionSerialization.swift:14:22: warning: '@_implementationOnly' is deprecated, use 'internal import' instead
 12 | 
 13 | #if USE_IMPL_ONLY_IMPORTS
 14 | @_implementationOnly import Foundation
    |                      `- warning: '@_implementationOnly' is deprecated, use 'internal import' instead
 15 | #else
 16 | import Foundation
/__w/_temp/corpus/Sources/PackageDescription/PackageDescription.swift:17:22: warning: '@_implementationOnly' is deprecated, use 'internal import' instead
 15 | @_implementationOnly import struct WinSDK.HANDLE
 16 | #endif
 17 | @_implementationOnly import Foundation
    |                      `- warning: '@_implementationOnly' is deprecated, use 'internal import' instead
 18 | 
 19 | /// The configuration of a Swift package.

/__w/_temp/corpus/Sources/PackageDescription/PackageDescriptionSerialization.swift:14:22: warning: '@_implementationOnly' is deprecated, use 'internal import' instead
 12 | 
 13 | #if USE_IMPL_ONLY_IMPORTS
 14 | @_implementationOnly import Foundation
    |                      `- warning: '@_implementationOnly' is deprecated, use 'internal import' instead
 15 | #else
 16 | import Foundation
/__w/_temp/corpus/Sources/PackageDescription/PackageDescription.swift:17:22: warning: '@_implementationOnly' is deprecated, use 'internal import' instead
 15 | @_implementationOnly import struct WinSDK.HANDLE
 16 | #endif
 17 | @_implementationOnly import Foundation
    |                      `- warning: '@_implementationOnly' is deprecated, use 'internal import' instead
 18 | 
 19 | /// The configuration of a Swift package.

/__w/_temp/corpus/Sources/PackageDescription/PackageDescriptionSerialization.swift:14:22: warning: '@_implementationOnly' is deprecated, use 'internal import' instead
 12 | 
 13 | #if USE_IMPL_ONLY_IMPORTS
 14 | @_implementationOnly import Foundation
    |                      `- warning: '@_implementationOnly' is deprecated, use 'internal import' instead
 15 | #else
 16 | import Foundation
/__w/_temp/corpus/Sources/PackageDescription/ContextModel.swift:14:22: warning: '@_implementationOnly' is deprecated, use 'internal import' instead
12 | 
13 | #if USE_IMPL_ONLY_IMPORTS
14 | @_implementationOnly import Foundation
   |                      `- warning: '@_implementationOnly' is deprecated, use 'internal import' instead
15 | #else
16 | import Foundation
/__w/_temp/corpus/Sources/PackageDescription/ContextModel.swift:14:22: warning: '@_implementationOnly' is deprecated, use 'internal import' instead
12 | 
13 | #if USE_IMPL_ONLY_IMPORTS
14 | @_implementationOnly import Foundation
   |                      `- warning: '@_implementationOnly' is deprecated, use 'internal import' instead
15 | #else
16 | import Foundation
/__w/_temp/corpus/Sources/PackageDescription/ContextModel.swift:14:22: warning: '@_implementationOnly' is deprecated, use 'internal import' instead
12 | 
13 | #if USE_IMPL_ONLY_IMPORTS
14 | @_implementationOnly import Foundation
   |                      `- warning: '@_implementationOnly' is deprecated, use 'internal import' instead
15 | #else
16 | import Foundation
/__w/_temp/corpus/Sources/PackageDescription/ContextModel.swift:14:22: warning: '@_implementationOnly' is deprecated, use 'internal import' instead
12 | 
13 | #if USE_IMPL_ONLY_IMPORTS
14 | @_implementationOnly import Foundation
   |                      `- warning: '@_implementationOnly' is deprecated, use 'internal import' instead
15 | #else
16 | import Foundation
/__w/_temp/corpus/Sources/PackageDescription/ContextModel.swift:14:22: warning: '@_implementationOnly' is deprecated, use 'internal import' instead
12 | 
13 | #if USE_IMPL_ONLY_IMPORTS
14 | @_implementationOnly import Foundation
   |                      `- warning: '@_implementationOnly' is deprecated, use 'internal import' instead
15 | #else
16 | import Foundation
[382/953] Emitting module PackageCollectionsModel
[383/953] Compiling PackageCollectionsModel PackageCollectionModel+v1.swift
[384/954] Emitting module TSCTestSupport
[386/956] Compiling TSCTestSupport JSONExtensions.swift
[387/956] Compiling TSCTestSupport Product.swift
[388/956] Compiling TSCTestSupport PseudoTerminal.swift
[389/956] Compiling TSCTestSupport XCTAssertHelpers.swift
[392/963] Compiling TSCTestSupport XCTestCasePerf.swift
[393/963] Compiling TSCTestSupport misc.swift
[394/963] Compiling SwiftOptions DriverKind.swift
[395/963] Compiling SwiftOptions Option.swift
[396/963] Compiling SwiftOptions OptionParsing.swift
[397/964] Emitting module SwiftSyntax
[399/981] Compiling InternalCollectionsUtilities _SortedCollection.swift
[400/981] Compiling InternalCollectionsUtilities _UniqueCollection.swift
[401/981] Compiling InternalCollectionsUtilities Debugging.swift
[402/981] Compiling InternalCollectionsUtilities Descriptions.swift
[403/985] Emitting module CompilerPluginSupport
[404/985] Compiling CompilerPluginSupport TargetExtensions.swift
[407/987] Compiling InternalCollectionsUtilities RandomAccessCollection+Offsets.swift
[408/987] Compiling InternalCollectionsUtilities Specialize.swift
[409/987] Compiling InternalCollectionsUtilities UnsafeBufferPointer+Extras.swift
[410/987] Compiling InternalCollectionsUtilities UnsafeMutableBufferPointer+Extras.swift
[411/987] Compiling InternalCollectionsUtilities UnsafeMutableBufferPointer+SE-0370.swift
[412/987] Compiling InternalCollectionsUtilities UnsafeMutablePointer+SE-0370.swift
[413/987] Compiling InternalCollectionsUtilities UnsafeRawPointer extensions.swift
[414/987] Compiling InternalCollectionsUtilities FixedWidthInteger+roundUpToPowerOfTwo.swift
[415/987] Compiling InternalCollectionsUtilities Integer rank.swift
[415/987] Wrapping AST for TSCUtility for debugging
[416/987] Wrapping AST for PackagePlugin for debugging
[418/987] Emitting module InternalCollectionsUtilities
[418/987] Wrapping AST for PackageDescription for debugging
[418/987] Write Objects.LinkFileList
[420/987] Wrapping AST for PackageCollectionsModel for debugging
[422/987] Compiling InternalCollectionsUtilities UInt+first and last set bit.swift
[423/987] Compiling InternalCollectionsUtilities UInt+reversed.swift
[424/987] Compiling InternalCollectionsUtilities _UnsafeBitSet+Index.swift
[425/987] Compiling InternalCollectionsUtilities _UnsafeBitSet+_Word.swift
[426/987] Compiling InternalCollectionsUtilities _UnsafeBitSet.swift
[427/988] Linking libPackagePlugin.so
[429/1048] Emitting module DequeModule
[430/1052] Compiling DequeModule Deque+Testing.swift
[431/1052] Compiling DequeModule Deque._Storage.swift
[432/1052] Compiling DequeModule Deque._UnsafeHandle.swift
[433/1052] Compiling DequeModule Deque.swift
[434/1052] Compiling DequeModule Deque+Equatable.swift
[435/1052] Compiling DequeModule Deque+ExpressibleByArrayLiteral.swift
[436/1052] Compiling DequeModule Deque+Extras.swift
[437/1052] Compiling DequeModule Deque+Hashable.swift
[438/1052] Compiling DequeModule Deque+Codable.swift
[439/1052] Compiling DequeModule Deque+Collection.swift
[440/1052] Compiling DequeModule Deque+CustomReflectable.swift
[441/1052] Compiling DequeModule Deque+Descriptions.swift
[442/1052] Compiling OrderedCollections OrderedDictionary+Hashable.swift
[443/1052] Compiling OrderedCollections OrderedDictionary+Initializers.swift
[444/1052] Compiling OrderedCollections OrderedDictionary+Invariants.swift
[445/1052] Compiling OrderedCollections OrderedDictionary+Partial MutableCollection.swift
[446/1052] Compiling OrderedCollections OrderedDictionary+Partial RangeReplaceableCollection.swift
[447/1052] Compiling OrderedCollections OrderedDictionary+Sendable.swift
[448/1052] Compiling OrderedCollections OrderedDictionary+Sequence.swift
[449/1052] Compiling OrderedCollections OrderedDictionary+Values.swift
[450/1052] Compiling OrderedCollections OrderedDictionary.swift
[451/1052] Compiling OrderedCollections OrderedSet+Codable.swift
[452/1052] Compiling OrderedCollections OrderedSet+CustomReflectable.swift
[453/1052] Compiling OrderedCollections OrderedSet+Descriptions.swift
[454/1052] Compiling OrderedCollections OrderedSet+Diffing.swift
[455/1052] Compiling OrderedCollections OrderedSet+Equatable.swift
[456/1052] Compiling OrderedCollections OrderedSet+ExpressibleByArrayLiteral.swift
[457/1067] Compiling DequeModule _DequeBuffer.swift
[458/1067] Compiling DequeModule _DequeBufferHeader.swift
[459/1067] Compiling DequeModule _DequeSlot.swift
[460/1067] Compiling DequeModule _UnsafeWrappedBuffer.swift
[462/1068] Emitting module OrderedCollections
[462/1068] Wrapping AST for InternalCollectionsUtilities for debugging
[463/1068] Wrapping AST for DequeModule for debugging
[464/1068] Wrapping AST for CompilerPluginSupport for debugging
[465/1068] Compiling scanner.c
[465/1068] Write Objects.LinkFileList
[467/1068] Compiling reader.c
[485/1068] Compiling OrderedCollections OrderedSet+Hashable.swift
[486/1068] Compiling OrderedCollections OrderedSet+Initializers.swift
[487/1068] Compiling OrderedCollections OrderedSet+Insertions.swift
[488/1068] Compiling OrderedCollections OrderedSet+Invariants.swift
[489/1068] Compiling OrderedCollections OrderedSet+Partial MutableCollection.swift
[490/1068] Compiling OrderedCollections OrderedSet+Partial RangeReplaceableCollection.swift
[491/1068] Compiling OrderedCollections OrderedSet+Partial SetAlgebra formIntersection.swift
[492/1068] Compiling OrderedCollections OrderedSet+Partial SetAlgebra formSymmetricDifference.swift
[493/1068] Compiling OrderedCollections OrderedSet+Partial SetAlgebra formUnion.swift
[494/1068] Compiling OrderedCollections OrderedSet+Partial SetAlgebra intersection.swift
[495/1068] Compiling OrderedCollections OrderedSet+Partial SetAlgebra isDisjoint.swift
[496/1068] Compiling OrderedCollections OrderedSet+Partial SetAlgebra isEqualSet.swift
[497/1068] Compiling OrderedCollections OrderedSet+Partial SetAlgebra isStrictSubset.swift
[498/1068] Compiling OrderedCollections OrderedSet+Partial SetAlgebra isStrictSuperset.swift
[499/1068] Compiling OrderedCollections OrderedSet+Partial SetAlgebra isSubset.swift
[499/1068] Linking libPackageDescription.so
[500/1068] Compiling parser.c
[504/1068] Emitting module SwiftOptions
[509/1069] Compiling OrderedCollections OrderedSet+Partial SetAlgebra isSuperset.swift
[510/1069] Compiling OrderedCollections OrderedSet+Partial SetAlgebra subtract.swift
[511/1069] Compiling OrderedCollections OrderedSet+Partial SetAlgebra subtracting.swift
[512/1069] Compiling OrderedCollections OrderedSet+Partial SetAlgebra symmetricDifference.swift
[513/1069] Compiling OrderedCollections OrderedSet+Partial SetAlgebra union.swift
[514/1069] Compiling OrderedCollections OrderedSet+Partial SetAlgebra+Basics.swift
[515/1069] Compiling OrderedCollections OrderedSet+RandomAccessCollection.swift
[516/1069] Compiling OrderedCollections OrderedSet+ReserveCapacity.swift
[517/1069] Compiling OrderedCollections OrderedSet+Sendable.swift
[518/1069] Compiling OrderedCollections OrderedSet+SubSequence.swift
[519/1069] Compiling OrderedCollections OrderedSet+Testing.swift
[520/1069] Compiling OrderedCollections OrderedSet+UnorderedView.swift
[521/1069] Compiling OrderedCollections OrderedSet+UnstableInternals.swift
[522/1069] Compiling OrderedCollections OrderedSet.swift
[523/1069] Compiling OrderedCollections _UnsafeBitset.swift
[523/1070] Compiling emitter.c
[525/1070] Compiling api.c
[526/1070] Wrapping AST for OrderedCollections for debugging
[527/1070] Compiling CSystem shims.c
[528/1070] Compiling CSwiftScan CSwiftScanImpl.c
[530/1083] Compiling SwiftOptions PrefixTrie.swift
[531/1116] Compiling CCryptoBoringSSLShims shims.c
[532/1116] Wrapping AST for SwiftOptions for debugging
[533/1116] Compiling fiat_curve25519_adx_square.S
[535/1116] Compiling SystemPackage IOCompletion.swift
[536/1116] Compiling SystemPackage IORequest.swift
[537/1116] Compiling SystemPackage IORing+Util.swift
[538/1116] Compiling SystemPackage IORing.swift
[539/1116] Compiling SystemPackage RawIORequest.swift
[540/1116] Compiling SystemPackage Backcompat.swift
[541/1116] Compiling SystemPackage CInterop.swift
[542/1116] Compiling SystemPackage Constants.swift
[543/1116] Compiling SystemPackage Exports.swift
[544/1116] Compiling SystemPackage Mocking.swift
[544/1126] Compiling fiat_curve25519_adx_mul.S
[546/1126] Emitting module Yams
[547/1129] Emitting module SystemPackage
[547/1129] Compiling v3_utl.c
[549/1129] Compiling SystemPackage FilePathTemp.swift
[550/1129] Compiling SystemPackage FilePathTempPosix.swift
[551/1129] Compiling SystemPackage FilePathTempWindows.swift
[552/1129] Compiling SystemPackage FilePathWindows.swift
[552/1129] Compiling v3_skey.c
[558/1129] Compiling SystemPackage FilePermissions.swift
[559/1129] Compiling SystemPackage FileFlags.swift
[560/1129] Compiling SystemPackage FileMode.swift
[561/1129] Compiling SystemPackage FileType.swift
[562/1129] Compiling SystemPackage Identifiers.swift
[563/1129] Compiling SystemPackage Stat.swift
[563/1129] Compiling v3_purp.c
[565/1129] Compiling Yams String+Yams.swift
[566/1129] Compiling Yams Tag.swift
[567/1129] Compiling Yams YamlError.swift
[567/1129] Compiling v3_prn.c
[569/1129] Compiling SystemPackage RawBuffer.swift
[570/1129] Compiling SystemPackage Syscalls.swift
[571/1129] Compiling SystemPackage WindowsSyscallAdapters.swift
[572/1129] Compiling SystemPackage MachPort.swift
[573/1129] Compiling SystemPackage PlatformString.swift
[574/1129] Compiling SystemPackage SystemString.swift
[575/1129] Compiling SystemPackage Util+StringArray.swift
[576/1129] Compiling SystemPackage Util.swift
[577/1129] Compiling SystemPackage UtilConsumers.swift
[578/1129] Compiling SystemPackage WinSDK+Overlay.swift
[578/1129] Compiling v3_pmaps.c
[579/1129] Compiling v3_pcons.c
[581/1129] Compiling SystemPackage Errno.swift
[582/1129] Compiling SystemPackage ErrnoWindows.swift
[586/1129] Compiling SystemPackage FilePath.swift
[587/1129] Compiling SystemPackage FilePathComponentView.swift
[588/1129] Compiling SystemPackage FilePathComponents.swift
[589/1129] Compiling SystemPackage FilePathParsing.swift
[590/1129] Compiling SystemPackage FilePathString.swift
[591/1129] Compiling SystemPackage FilePathSyntax.swift
[601/1131] Compiling v3_ocsp.c
[602/1200] Compiling v3_ncons.c
[603/1205] Wrapping AST for Yams for debugging
[604/1205] Wrapping AST for SystemPackage for debugging
[606/1205] Emitting module _AsyncFileSystem
[607/1205] Compiling SwiftDriver Integrator.swift
[608/1205] Compiling SwiftDriver InternedStrings.swift
[609/1205] Compiling SwiftDriver Node.swift
[610/1205] Compiling SwiftDriver NodeFinder.swift
[611/1205] Compiling SwiftDriver Tracer.swift
[612/1205] Compiling SwiftDriver Multidictionary.swift
[612/1207] Compiling v3_lib.c
[613/1207] Compiling v3_int.c
[615/1207] Compiling _AsyncFileSystem ReadableFileStream.swift
/__w/_temp/corpus/Sources/_AsyncFileSystem/ReadableFileStream.swift:13:9: warning: package import of '_Concurrency' was not used in package declarations
 11 | //===----------------------------------------------------------------------===//
 12 | 
 13 | package import _Concurrency
    |         `- warning: package import of '_Concurrency' was not used in package declarations
 14 | internal import SystemPackage
 15 | internal import class Dispatch.DispatchQueue
[616/1207] Compiling _AsyncFileSystem WritableStream.swift
/__w/_temp/corpus/Sources/_AsyncFileSystem/ReadableFileStream.swift:13:9: warning: package import of '_Concurrency' was not used in package declarations
 11 | //===----------------------------------------------------------------------===//
 12 | 
 13 | package import _Concurrency
    |         `- warning: package import of '_Concurrency' was not used in package declarations
 14 | internal import SystemPackage
 15 | internal import class Dispatch.DispatchQueue
[617/1208] Compiling v3_info.c
[618/1208] Wrapping AST for _AsyncFileSystem for debugging
[619/1208] Compiling v3_ia5.c
[620/1208] Compiling v3_extku.c
[621/1208] Compiling v3_genn.c
[622/1208] Compiling v3_enum.c
[623/1208] Compiling v3_crld.c
[624/1208] Compiling v3_cpols.c
[625/1208] Compiling v3_conf.c
[627/1208] Emitting module SwiftDriver
[627/1208] Compiling v3_bitst.c
[628/1230] Compiling v3_bcons.c
[629/1230] Compiling v3_alt.c
[630/1230] Compiling v3_akeya.c
[631/1230] Compiling v3_akey.c
[632/1230] Compiling x_x509a.c
[633/1230] Compiling x_val.c
[634/1230] Compiling x_x509.c
[635/1230] Compiling x_spki.c
[636/1230] Compiling x_sig.c
[637/1230] Compiling x_req.c
[638/1230] Compiling x_pubkey.c
[639/1230] Compiling x_pkey.c
[640/1230] Compiling x_name.c
[641/1230] Compiling x_info.c
[642/1230] Compiling x_exten.c
[643/1230] Compiling x_crl.c
[644/1230] Compiling x_attrib.c
[645/1230] Compiling x_algor.c
[646/1230] Compiling x_all.c
[647/1230] Compiling x509spki.c
[648/1230] Compiling x509rset.c
[649/1230] Compiling x509name.c
[650/1230] Compiling x509cset.c
[651/1230] Compiling x509_vpm.c
[652/1230] Compiling x509_vfy.c
[653/1230] Compiling x509_v3.c
[654/1230] Compiling x509_txt.c
[655/1230] Compiling x509_trs.c
[656/1230] Compiling x509_set.c
[657/1230] Compiling x509_req.c
[658/1230] Compiling x509_obj.c
[659/1230] Compiling x509_ext.c
[660/1230] Compiling x509_lu.c
[661/1230] Compiling x509_def.c
[662/1230] Compiling x509_d2.c
[663/1230] Compiling x509_cmp.c
[664/1230] Compiling x509.c
[665/1230] Compiling x509_att.c
[675/1230] Compiling SwiftDriver TwoDMap.swift
[676/1230] Compiling SwiftDriver TwoLevelMap.swift
[677/1230] Compiling SwiftDriver APIDigesterJobs.swift
[678/1230] Compiling SwiftDriver AutolinkExtractJob.swift
[679/1230] Compiling SwiftDriver BackendJob.swift
[680/1230] Compiling SwiftDriver CommandLineArguments.swift
[681/1230] Compiling SwiftDriver CompileJob.swift
[682/1230] Compiling SwiftDriver DarwinToolchain+LinkerSupport.swift
[683/1230] Compiling SwiftDriver EmitModuleJob.swift
[684/1230] Compiling SwiftDriver EmitSupportedFeaturesJob.swift
[685/1230] Compiling SwiftDriver FrontendJobHelpers.swift
[686/1230] Compiling SwiftDriver GenerateDSYMJob.swift
[687/1230] Compiling SwiftDriver GeneratePCHJob.swift
[688/1230] Compiling SwiftDriver GeneratePCMJob.swift
[689/1230] Compiling SwiftDriver Bits.swift
[690/1230] Compiling SwiftDriver Bitstream.swift
[691/1230] Compiling SwiftDriver BitstreamReader.swift
[692/1230] Compiling SwiftDriver BitstreamVisitor.swift
[693/1230] Compiling SwiftDriver BitstreamWriter.swift
[694/1230] Compiling SwiftDriver BlockInfo.swift
[695/1230] Compiling SwiftDriver BuildRecord.swift
[696/1230] Compiling SwiftDriver BuildRecordInfo.swift
[697/1230] Compiling SwiftDriver DependencyGraphDotFileWriter.swift
[698/1230] Compiling SwiftDriver DependencyKey.swift
[699/1230] Compiling SwiftDriver DirectAndTransitiveCollections.swift
[700/1230] Compiling SwiftDriver ExternalDependencyAndFingerprintEnforcer.swift
[701/1230] Compiling SwiftDriver FirstWaveComputer.swift
[702/1230] Compiling SwiftDriver IncrementalCompilationProtectedState.swift
[703/1230] Compiling SwiftDriver IncrementalCompilationState+Extensions.swift
[704/1230] Compiling SwiftDriver IncrementalCompilationState.swift
[705/1230] Compiling SwiftDriver IncrementalCompilationSynchronizer.swift
[706/1230] Compiling SwiftDriver IncrementalDependencyAndInputSetup.swift
[707/1230] Compiling SwiftDriver InputInfo.swift
[708/1230] Compiling SwiftDriver KeyAndFingerprintHolder.swift
[709/1230] Compiling SwiftDriver ModuleDependencyGraph.swift
[710/1230] Compiling SwiftDriver DependencySource.swift
[710/1252] Compiling t_x509a.c
[711/1252] Compiling t_x509.c
[712/1252] Compiling t_req.c
[713/1252] Compiling t_crl.c
[714/1252] Compiling rsa_pss.c
[715/1252] Compiling name_print.c
[716/1252] Compiling policy.c
[717/1252] Compiling i2d_pr.c
[718/1252] Compiling by_file.c
[719/1252] Compiling by_dir.c
[720/1252] Compiling algorithm.c
[721/1252] Compiling asn1_gen.c
[722/1252] Compiling a_verify.c
[723/1252] Compiling a_sign.c
[724/1252] Compiling a_digest.c
[725/1252] Compiling trust_token.c
[726/1252] Compiling voprf.c
[727/1252] Compiling thread_win.c
[728/1252] Compiling thread_pthread.c
[729/1252] Compiling pmbtoken.c
[730/1252] Compiling thread_none.c
[731/1252] Compiling thread.c
[732/1252] Compiling stack.c
[733/1252] Compiling rsa_print.c
[734/1252] Compiling siphash.c
[735/1252] Compiling rsa_asn1.c
[736/1252] Compiling refcount.c
[737/1252] Compiling rc4.c
[738/1252] Compiling rsa_crypt.c
[739/1252] Compiling windows.c
[740/1252] Compiling rand_extra.c
[741/1252] Compiling trusty.c
[742/1252] Compiling passive.c
[743/1252] Compiling getentropy.c
[744/1252] Compiling ios.c
[745/1252] Compiling deterministic.c
[746/1252] Compiling forkunsafe.c
[747/1252] Compiling pool.c
[748/1252] Compiling poly1305_arm_asm.S
[750/1252] Compiling SwiftDriver CompilerMode.swift
[751/1252] Compiling SwiftDriver DebugInfo.swift
[752/1252] Compiling SwiftDriver Driver.swift
[753/1252] Compiling SwiftDriver DriverVersion.swift
[754/1252] Compiling SwiftDriver LinkKind.swift
[755/1252] Compiling SwiftDriver ModuleOutputInfo.swift
[756/1252] Compiling SwiftDriver OutputFileMap.swift
[757/1252] Compiling SwiftDriver ToolExecutionDelegate.swift
[758/1252] Compiling SwiftDriver WindowsExtensions.swift
[759/1252] Compiling SwiftDriver ArgsResolver.swift
[760/1252] Compiling SwiftDriver DriverExecutor.swift
[761/1252] Compiling SwiftDriver ParsableOutput.swift
[762/1252] Compiling SwiftDriver ProcessProtocol.swift
[763/1252] Compiling SwiftDriver ClangVersionedDependencyResolution.swift
[764/1252] Compiling SwiftDriver ExplicitDependencyBuildPlanner.swift
[765/1252] Compiling SwiftDriver CommonDependencyOperations.swift
[766/1252] Compiling SwiftDriver InterModuleDependencyGraph.swift
[767/1252] Compiling SwiftDriver InterModuleDependencyOracle.swift
[768/1252] Compiling SwiftDriver ModuleDependencyScanning.swift
[769/1252] Compiling SwiftDriver SerializableModuleArtifacts.swift
[770/1252] Compiling SwiftDriver Bitcode.swift
[771/1252] Compiling SwiftDriver BitcodeElement.swift
[771/1252] Compiling poly1305_arm.c
[772/1252] Compiling poly1305.c
[773/1252] Compiling poly1305_vec.c
[774/1252] Compiling pkcs8_x509.c
[775/1252] Compiling pkcs8.c
[776/1252] Compiling p5_pbev2.c
[777/1252] Compiling pkcs7.c
[778/1252] Compiling pkcs7_x509.c
[779/1252] Compiling pem_xaux.c
[780/1252] Compiling pem_x509.c
[781/1252] Compiling pem_pkey.c
[782/1252] Compiling pem_pk8.c
[783/1252] Compiling pem_oth.c
[784/1252] Compiling pem_lib.c
[785/1252] Compiling pem_info.c
[786/1252] Compiling obj_xref.c
[787/1252] Compiling pem_all.c
[788/1252] Compiling mem.c
[789/1252] Compiling obj.c
[790/1252] Compiling lhash.c
[791/1252] Compiling keccak.c
[792/1252] Compiling kyber.c
[793/1252] Compiling poly_rq_mul.S
[795/1252] Compiling SwiftDriver GenericUnixToolchain+LinkerSupport.swift
[796/1252] Compiling SwiftDriver InterpretJob.swift
[797/1252] Compiling SwiftDriver Job.swift
[798/1252] Compiling SwiftDriver LinkJob.swift
[799/1252] Compiling SwiftDriver MergeModuleJob.swift
[800/1252] Compiling SwiftDriver ModuleWrapJob.swift
[801/1252] Compiling SwiftDriver Planning.swift
[802/1252] Compiling SwiftDriver PrebuiltModulesJob.swift
[803/1252] Compiling SwiftDriver PrintTargetInfoJob.swift
[804/1252] Compiling SwiftDriver ReplJob.swift
[804/1252] Compiling hrss.c
[805/1252] Compiling SwiftDriver SwiftHelpIntroJob.swift
[807/1252] Compiling SwiftDriver Toolchain+InterpreterSupport.swift
[808/1252] Compiling SwiftDriver Toolchain+LinkerSupport.swift
[809/1252] Compiling SwiftDriver VerifyDebugInfoJob.swift
[810/1252] Compiling SwiftDriver VerifyModuleInterfaceJob.swift
[811/1252] Compiling SwiftDriver WebAssemblyToolchain+LinkerSupport.swift
[812/1252] Compiling SwiftDriver WindowsToolchain+LinkerSupport.swift
[813/1252] Compiling SwiftDriver DependencyGraphBuilder.swift
[814/1252] Compiling SwiftDriver Loader.swift
[815/1252] Compiling SwiftDriver SwiftScan.swift
[816/1252] Compiling SwiftDriver SwiftScanCAS.swift
[817/1252] Compiling SwiftDriver DarwinToolchain.swift
[817/1252] Compiling x86_64-mont5-mac.mac.x86_64.S
[818/1252] Compiling hpke.c
[819/1252] Compiling x86_64-mont5-linux.linux.x86_64.S
[820/1252] Compiling x86_64-mont-mac.mac.x86_64.S
[821/1252] Compiling x86_64-mont-linux.linux.x86_64.S
[822/1252] Compiling x86-mont-windows.windows.x86.S
[823/1252] Compiling x86-mont-linux.linux.x86.S
[824/1252] Compiling vpaes-x86_64-mac.mac.x86_64.S
[825/1252] Compiling vpaes-x86_64-linux.linux.x86_64.S
[826/1252] Compiling vpaes-x86-linux.linux.x86.S
[827/1252] Compiling vpaes-x86-windows.windows.x86.S
[828/1252] Compiling vpaes-armv8-ios.ios.aarch64.S
[829/1252] Compiling vpaes-armv8-linux.linux.aarch64.S
[830/1252] Compiling vpaes-armv7-ios.ios.arm.S
[831/1252] Compiling vpaes-armv7-linux.linux.arm.S
[832/1252] Compiling kdf.c
[833/1252] Compiling sha512-x86_64-mac.mac.x86_64.S
[834/1252] Compiling sha512-armv8-linux.linux.aarch64.S
[835/1252] Compiling sha512-x86_64-linux.linux.x86_64.S
[836/1252] Compiling sha512-armv4-linux.linux.arm.S
[837/1252] Compiling sha512-armv8-ios.ios.aarch64.S
[838/1252] Compiling sha512-armv4-ios.ios.arm.S
[839/1252] Compiling sha512-586-windows.windows.x86.S
[840/1252] Compiling sha512-586-linux.linux.x86.S
[841/1252] Compiling sha256-x86_64-mac.mac.x86_64.S
[842/1252] Compiling sha256-x86_64-linux.linux.x86_64.S
[843/1252] Compiling sha256-armv8-linux.linux.aarch64.S
[844/1252] Compiling sha256-armv8-ios.ios.aarch64.S
[845/1252] Compiling sha256-armv4-linux.linux.arm.S
[846/1252] Compiling sha256-armv4-ios.ios.arm.S
[847/1252] Compiling sha256-586-windows.windows.x86.S
[848/1252] Compiling sha1-x86_64-mac.mac.x86_64.S
[849/1252] Compiling sha256-586-linux.linux.x86.S
[851/1252] Compiling SwiftDriver GenericUnixToolchain.swift
[852/1252] Compiling SwiftDriver Toolchain.swift
[853/1252] Compiling SwiftDriver WebAssemblyToolchain.swift
[854/1252] Compiling SwiftDriver WindowsToolchain.swift
[855/1252] Compiling SwiftDriver SimpleExecutor.swift
[856/1252] Compiling SwiftDriver ToolingUtil.swift
[857/1252] Compiling SwiftDriver DOTJobGraphSerializer.swift
[858/1252] Compiling SwiftDriver DOTModuleDependencyGraphSerializer.swift
[859/1252] Compiling SwiftDriver DateAdditions.swift
[860/1252] Compiling SwiftDriver Diagnostics.swift
[861/1252] Compiling SwiftDriver FileList.swift
[862/1252] Compiling SwiftDriver FileType.swift
[863/1252] Compiling SwiftDriver PredictableRandomNumberGenerator.swift
[864/1252] Compiling SwiftDriver RelativePathAdditions.swift
[865/1252] Compiling SwiftDriver Sanitizer.swift
[866/1252] Compiling SwiftDriver StringAdditions.swift
[867/1252] Compiling SwiftDriver System.swift
[868/1252] Compiling SwiftDriver Triple+Platforms.swift
[869/1252] Compiling SwiftDriver Triple.swift
[870/1252] Compiling SwiftDriver TypedVirtualPath.swift
[871/1252] Compiling SwiftDriver Version.swift
[872/1252] Compiling SwiftDriver VirtualPath.swift
[872/1252] Compiling sha1-armv8-linux.linux.aarch64.S
[873/1253] Compiling sha1-x86_64-linux.linux.x86_64.S
[874/1253] Compiling sha1-armv4-large-linux.linux.arm.S
[875/1253] Compiling sha1-armv8-ios.ios.aarch64.S
[877/1253] Compiling sha1-586-windows.windows.x86.S
[877/1253] Compiling sha1-armv4-large-ios.ios.arm.S
[879/1253] Compiling sha1-586-linux.linux.x86.S
[880/1253] Compiling sha512.c
[881/1253] Compiling sha1.c
[882/1253] Compiling sha256.c
[883/1253] Compiling service_indicator.c
[884/1253] Compiling fips.c
[885/1253] Compiling rsaz-avx2-mac.mac.x86_64.S
[886/1253] Compiling self_check.c
[887/1253] Wrapping AST for SwiftDriver for debugging
[888/1253] Compiling rsaz-avx2-linux.linux.x86_64.S
[889/1253] Compiling rsa.c
[890/1253] Compiling padding.c
[891/1253] Compiling rsa_impl.c
[892/1253] Compiling blinding.c
[893/1253] Compiling rdrand-x86_64-mac.mac.x86_64.S
[894/1253] Compiling rdrand-x86_64-linux.linux.x86_64.S
[895/1253] Compiling rand.c
[896/1253] Compiling urandom.c
[897/1253] Compiling fork_detect.c
[898/1253] Compiling ctrdrbg.c
[899/1253] Compiling p256_beeu-x86_64-asm-mac.mac.x86_64.S
[900/1253] Compiling p256_beeu-x86_64-asm-linux.linux.x86_64.S
[901/1253] Compiling p256_beeu-armv8-asm-linux.linux.aarch64.S
[902/1253] Compiling p256_beeu-armv8-asm-ios.ios.aarch64.S
[903/1253] Compiling p256-x86_64-asm-mac.mac.x86_64.S
[904/1253] Compiling p256-armv8-asm-linux.linux.aarch64.S
[905/1253] Compiling p256-x86_64-asm-linux.linux.x86_64.S
[906/1253] Compiling p256-armv8-asm-ios.ios.aarch64.S
[907/1253] Compiling ofb.c
[908/1253] Compiling polyval.c
[909/1253] Compiling gcm.c
[910/1253] Compiling gcm_nohw.c
[911/1253] Compiling cfb.c
[912/1253] Compiling ctr.c
[913/1253] Compiling md5.c
[914/1253] Compiling cbc.c
[915/1253] Compiling md5-586-windows.windows.x86.S
[916/1253] Compiling md5-x86_64-mac.mac.x86_64.S
[917/1253] Compiling md5-x86_64-linux.linux.x86_64.S
[918/1253] Compiling md5-586-linux.linux.x86.S
[919/1253] Compiling hmac.c
[920/1253] Compiling hkdf.c
[920/1253] Compiling md4.c
[922/1253] Compiling ghashv8-armv8-linux.linux.aarch64.S
[923/1253] Compiling ghashv8-armv8-ios.ios.aarch64.S
[924/1253] Compiling ghashv8-armv7-linux.linux.arm.S
[925/1253] Compiling ghashv8-armv7-ios.ios.arm.S
[926/1253] Compiling ghash-x86-windows.windows.x86.S
[927/1253] Compiling ghash-x86_64-mac.mac.x86_64.S
[928/1253] Compiling ghash-x86_64-linux.linux.x86_64.S
[929/1253] Compiling ghash-ssse3-x86_64-mac.mac.x86_64.S
[930/1253] Compiling ghash-x86-linux.linux.x86.S
[931/1253] Compiling ghash-ssse3-x86_64-linux.linux.x86_64.S
[932/1253] Compiling ghash-ssse3-x86-windows.windows.x86.S
[933/1253] Compiling ghash-ssse3-x86-linux.linux.x86.S
[934/1253] Compiling ghash-neon-armv8-linux.linux.aarch64.S
[935/1253] Compiling ghash-neon-armv8-ios.ios.aarch64.S
[936/1253] Compiling fips_shared_support.c
[937/1253] Compiling ghash-armv4-ios.ios.arm.S
[938/1253] Compiling ghash-armv4-linux.linux.arm.S
[939/1253] Compiling ecdh.c
[940/1253] Compiling util.c
[941/1253] Compiling wnaf.c
[942/1253] Compiling ecdsa.c
[943/1253] Compiling scalar.c
[944/1253] Compiling simple.c
[944/1253] Compiling simple_mul.c
[946/1253] Compiling p224-64.c
[947/1253] Compiling p256.c
[948/1253] Compiling oct.c
[949/1253] Compiling felem.c
[950/1253] Compiling ec_montgomery.c
[951/1253] Compiling ec_key.c
[952/1253] Compiling p256-nistz.c
[953/1253] Compiling digestsign.c
[954/1253] Compiling ec.c
[955/1253] Compiling digests.c
[956/1253] Compiling digest.c
[957/1253] Compiling dh.c
[958/1253] Compiling check.c
[959/1253] Compiling co-586-linux.linux.x86.S
[960/1253] Compiling co-586-windows.windows.x86.S
[961/1253] Compiling e_aesccm.c
[962/1253] Compiling cmac.c
[963/1253] Compiling cipher.c
[964/1253] Compiling bsaes-armv7-linux.linux.arm.S
[965/1253] Compiling aead.c
[966/1253] Compiling bsaes-armv7-ios.ios.arm.S
[967/1253] Compiling e_aes.c
[968/1253] Compiling sqrt.c
[969/1253] Compiling shift.c
[970/1253] Compiling rsaz_exp.c
[971/1253] Compiling random.c
[972/1253] Compiling prime.c
[973/1253] Compiling mul.c
[974/1253] Compiling montgomery.c
[975/1253] Compiling jacobi.c
[976/1253] Compiling generic.c
[977/1253] Compiling montgomery_inv.c
[978/1253] Compiling gcd_extra.c
[979/1253] Compiling gcd.c
[980/1253] Compiling div_extra.c
[981/1253] Compiling exponentiation.c
[982/1253] Compiling ctx.c
[983/1253] Compiling cmp.c
[984/1253] Compiling div.c
[985/1253] Compiling bytes.c
[986/1253] Compiling add.c
[987/1253] Compiling bn.c
[988/1253] Compiling bn-armv8-ios.ios.aarch64.S
[989/1253] Compiling bn-armv8-linux.linux.aarch64.S
[990/1253] Compiling x86_64-gcc.c
[991/1253] Compiling bn-586-windows.windows.x86.S
[992/1253] Compiling armv8-mont-linux.linux.aarch64.S
[992/1253] Compiling bn-586-linux.linux.x86.S
[994/1253] Compiling armv4-mont-ios.ios.arm.S
[995/1253] Compiling armv4-mont-linux.linux.arm.S
[996/1253] Compiling armv8-mont-ios.ios.aarch64.S
[997/1253] Compiling aesv8-gcm-armv8-linux.linux.aarch64.S
[998/1253] Compiling aesv8-armv8-linux.linux.aarch64.S
[999/1253] Compiling aesv8-gcm-armv8-ios.ios.aarch64.S
[1000/1253] Compiling aesv8-armv8-ios.ios.aarch64.S
[1001/1253] Compiling aesv8-armv7-linux.linux.arm.S
[1002/1253] Compiling aesv8-armv7-ios.ios.arm.S
[1003/1253] Compiling aesni-x86_64-mac.mac.x86_64.S
[1004/1253] Compiling aesni-x86-windows.windows.x86.S
[1005/1253] Compiling aesni-x86_64-linux.linux.x86_64.S
[1006/1253] Compiling aesni-x86-linux.linux.x86.S
[1007/1253] Compiling aesni-gcm-x86_64-mac.mac.x86_64.S
[1008/1253] Compiling aesni-gcm-x86_64-linux.linux.x86_64.S
[1009/1253] Compiling mode_wrappers.c
[1010/1253] Compiling key_wrap.c
[1011/1253] Compiling aes.c
[1012/1253] Compiling aes_nohw.c
[1013/1253] Compiling ex_data.c
[1014/1253] Compiling scrypt.c
[1015/1253] Compiling sign.c
[1016/1253] Compiling print.c
[1017/1253] Compiling pbkdf.c
[1018/1253] Compiling p_x25519_asn1.c
[1019/1253] Compiling p_x25519.c
[1020/1253] Compiling p_hkdf.c
[1021/1253] Compiling p_rsa_asn1.c
[1022/1253] Compiling p_rsa.c
[1023/1253] Compiling p_ed25519.c
[1024/1253] Compiling p_ed25519_asn1.c
[1025/1253] Compiling p_ec_asn1.c
[1026/1253] Compiling p_dsa_asn1.c
[1027/1253] Compiling p_ec.c
[1028/1253] Compiling evp_asn1.c
[1029/1253] Compiling evp_ctx.c
[1030/1253] Compiling evp.c
[1031/1253] Compiling err_data.c
[1032/1253] Compiling err.c
[1033/1253] Compiling engine.c
[1034/1253] Compiling ecdh_extra.c
[1035/1253] Compiling ecdsa_asn1.c
[1036/1253] Compiling ec_derive.c
[1037/1253] Compiling ec_asn1.c
[1038/1253] Compiling hash_to_curve.c
[1039/1253] Compiling dsa_asn1.c
[1040/1253] Compiling dsa.c
[1041/1253] Compiling digest_extra.c
[1042/1253] Compiling dh_asn1.c
[1043/1253] Compiling params.c
[1044/1253] Compiling des.c
[1045/1253] Compiling spake25519.c
[1046/1253] Compiling x25519-asm-arm.S
[1047/1253] Compiling crypto.c
[1048/1253] Compiling cpu_intel.c
[1049/1253] Compiling cpu_arm_linux.c
[1050/1253] Compiling cpu_arm_freebsd.c
[1051/1253] Compiling cpu_arm.c
[1052/1253] Compiling curve25519.c
[1053/1253] Compiling cpu_aarch64_win.c
[1054/1253] Compiling cpu_aarch64_sysreg.c
[1055/1253] Compiling cpu_aarch64_openbsd.c
[1056/1253] Compiling curve25519_64_adx.c
[1057/1253] Compiling cpu_aarch64_linux.c
[1058/1253] Compiling cpu_aarch64_fuchsia.c
[1059/1253] Compiling cpu_aarch64_apple.c
[1060/1253] Compiling conf.c
[1061/1253] Compiling tls_cbc.c
[1062/1253] Compiling e_tls.c
[1063/1253] Compiling e_rc4.c
[1064/1253] Compiling e_null.c
[1065/1253] Compiling e_rc2.c
[1066/1253] Compiling e_chacha20poly1305.c
[1067/1253] Compiling e_des.c
[1068/1253] Compiling e_aesctrhmac.c
[1069/1253] Compiling e_aesgcmsiv.c
[1070/1253] Compiling derive_key.c
[1071/1253] Compiling chacha20_poly1305_x86_64-mac.mac.x86_64.S
[1072/1253] Compiling cipher_extra.c
[1073/1253] Compiling chacha20_poly1305_armv8-linux.linux.aarch64.S
[1074/1253] Compiling chacha20_poly1305_x86_64-linux.linux.x86_64.S
[1075/1253] Compiling chacha20_poly1305_armv8-ios.ios.aarch64.S
[1076/1253] Compiling aes128gcmsiv-x86_64-mac.mac.x86_64.S
[1077/1253] Compiling chacha-x86_64-mac.mac.x86_64.S
[1078/1253] Compiling chacha.c
[1079/1253] Compiling aes128gcmsiv-x86_64-linux.linux.x86_64.S
[1080/1253] Compiling chacha-x86-windows.windows.x86.S
[1081/1253] Compiling chacha-x86-linux.linux.x86.S
[1082/1253] Compiling chacha-x86_64-linux.linux.x86_64.S
[1083/1253] Compiling chacha-armv8-linux.linux.aarch64.S
[1084/1253] Compiling chacha-armv4-ios.ios.arm.S
[1085/1253] Compiling chacha-armv8-ios.ios.aarch64.S
[1086/1253] Compiling chacha-armv4-linux.linux.arm.S
[1087/1253] Compiling unicode.c
[1088/1253] Compiling cbs.c
[1089/1253] Compiling asn1_compat.c
[1090/1253] Compiling ber.c
[1091/1253] Compiling cbb.c
[1092/1253] Compiling buf.c
[1093/1253] Compiling bn_asn1.c
[1094/1253] Compiling blake2.c
[1095/1253] Compiling printf.c
[1096/1253] Compiling convert.c
[1097/1253] Compiling pair.c
[1098/1253] Compiling hexdump.c
[1099/1253] Compiling fd.c
[1100/1253] Compiling file.c
[1101/1253] Compiling errno.c
[1102/1253] Compiling base64.c
[1103/1253] Compiling bio_mem.c
[1104/1253] Compiling bio.c
[1105/1253] Compiling tasn_utl.c
[1106/1253] Compiling tasn_typ.c
[1107/1253] Compiling tasn_new.c
[1108/1253] Compiling tasn_enc.c
[1109/1253] Compiling tasn_fre.c
[1110/1253] Compiling f_string.c
[1111/1253] Compiling tasn_dec.c
[1112/1253] Compiling posix_time.c
[1113/1253] Compiling f_int.c
[1114/1253] Compiling asn_pack.c
[1115/1253] Compiling asn1_par.c
[1116/1253] Compiling asn1_lib.c
[1117/1253] Compiling a_utctm.c
[1118/1253] Compiling a_type.c
[1119/1253] Compiling a_time.c
[1120/1253] Compiling a_strex.c
[1121/1253] Compiling a_strnid.c
[1122/1253] Compiling a_octet.c
[1123/1253] Compiling a_object.c
[1124/1253] Compiling a_i2d_fp.c
[1125/1253] Compiling a_mbstr.c
[1126/1253] Compiling a_gentm.c
[1127/1253] Compiling a_int.c
[1128/1253] Compiling a_dup.c
[1129/1253] Compiling a_d2i_fp.c
[1130/1253] Write sources
[1134/1253] Compiling a_bool.c
[1135/1253] Compiling a_bitstr.c
[1137/1313] Emitting module Basics
/__w/_temp/corpus/Sources/Basics/Cancellator.swift:37:24: warning: static property 'isSignalHandlerInstalled' is not concurrency-safe because it is nonisolated global shared mutable state; this is an error in the Swift 6 language mode
 35 | 
 36 |     private static let signalHandlerLock = NSLock()
 37 |     private static var isSignalHandlerInstalled = false
    |                        |- warning: static property 'isSignalHandlerInstalled' is not concurrency-safe because it is nonisolated global shared mutable state; this is an error in the Swift 6 language mode
    |                        |- note: convert 'isSignalHandlerInstalled' to a 'let' constant to make 'Sendable' shared state immutable
    |                        |- note: add '@MainActor' to make static property 'isSignalHandlerInstalled' part of global actor 'MainActor'
    |                        `- note: disable concurrency-safety checks if accesses are protected by an external synchronization mechanism
 38 | 
 39 |     public init(observabilityScope: ObservabilityScope?) {

/__w/_temp/corpus/Sources/Basics/Concurrency/AsyncProcess.swift:190:14: warning: associated value 'stream(stdout:stderr:redirectStderr:)' of 'Sendable'-conforming enum 'OutputRedirection' has non-sendable type 'AsyncProcess.OutputClosure' (aka '(Array<UInt8>) -> ()'); this is an error in the Swift 6 language mode
 188 |         /// Stream `stdout` and `stderr` via the corresponding closures. If `redirectStderr` is `true`, `stderr` will
 189 |         /// be redirected to `stdout`.
 190 |         case stream(stdout: OutputClosure, stderr: OutputClosure, redirectStderr: Bool)
     |              |- warning: associated value 'stream(stdout:stderr:redirectStderr:)' of 'Sendable'-conforming enum 'OutputRedirection' has non-sendable type 'AsyncProcess.OutputClosure' (aka '(Array<UInt8>) -> ()'); this is an error in the Swift 6 language mode
     |              `- note: a function type must be marked '@Sendable' to conform to 'Sendable'
 191 | 
 192 |         /// Stream stdout and stderr as `AsyncSequence` provided as an argument to closures passed to

/__w/_temp/corpus/Sources/Basics/Concurrency/AsyncProcess.swift:190:14: warning: associated value 'stream(stdout:stderr:redirectStderr:)' of 'Sendable'-conforming enum 'OutputRedirection' has non-sendable type 'AsyncProcess.OutputClosure' (aka '(Array<UInt8>) -> ()'); this is an error in the Swift 6 language mode
 188 |         /// Stream `stdout` and `stderr` via the corresponding closures. If `redirectStderr` is `true`, `stderr` will
 189 |         /// be redirected to `stdout`.
 190 |         case stream(stdout: OutputClosure, stderr: OutputClosure, redirectStderr: Bool)
     |              |- warning: associated value 'stream(stdout:stderr:redirectStderr:)' of 'Sendable'-conforming enum 'OutputRedirection' has non-sendable type 'AsyncProcess.OutputClosure' (aka '(Array<UInt8>) -> ()'); this is an error in the Swift 6 language mode
     |              `- note: a function type must be marked '@Sendable' to conform to 'Sendable'
 191 | 
 192 |         /// Stream stdout and stderr as `AsyncSequence` provided as an argument to closures passed to

/__w/_temp/corpus/Sources/Basics/Concurrency/AsyncProcess.swift:265:24: warning: static property '_loggingHandler' is not concurrency-safe because it is nonisolated global shared mutable state; this is an error in the Swift 6 language mode
 263 |     package typealias LoggingHandler = (String) -> Void
 264 | 
 265 |     private static var _loggingHandler: LoggingHandler?
     |                        |- warning: static property '_loggingHandler' is not concurrency-safe because it is nonisolated global shared mutable state; this is an error in the Swift 6 language mode
     |                        |- note: convert '_loggingHandler' to a 'let' constant to make 'Sendable' shared state immutable
     |                        |- note: add '@MainActor' to make static property '_loggingHandler' part of global actor 'MainActor'
     |                        `- note: disable concurrency-safety checks if accesses are protected by an external synchronization mechanism
 266 |     private static let loggingHandlerLock = NSLock()
 267 | 

/__w/_temp/corpus/Sources/Basics/Concurrency/AsyncProcess.swift:333:24: warning: static property 'validatedExecutablesMap' is not concurrency-safe because it is nonisolated global shared mutable state; this is an error in the Swift 6 language mode
 331 |     /// Key: Executable name or path.
 332 |     /// Value: Path to the executable, if found.
 333 |     private static var validatedExecutablesMap = [String: AbsolutePath?]()
     |                        |- warning: static property 'validatedExecutablesMap' is not concurrency-safe because it is nonisolated global shared mutable state; this is an error in the Swift 6 language mode
     |                        |- note: convert 'validatedExecutablesMap' to a 'let' constant to make 'Sendable' shared state immutable
     |                        |- note: add '@MainActor' to make static property 'validatedExecutablesMap' part of global actor 'MainActor'
     |                        `- note: disable concurrency-safety checks if accesses are protected by an external synchronization mechanism
 334 |     private static let validatedExecutablesMapLock = NSLock()
 335 | 

/__w/_temp/corpus/Sources/Basics/HTTPClient/LegacyHTTPClient.swift:53:24: warning: static property 'hostsErrors' is not concurrency-safe because it is nonisolated global shared mutable state; this is an error in the Swift 6 language mode
 51 |     // static to share across instances of the http client
 52 |     private static let hostsErrorsLock = NSLock()
 53 |     private static var hostsErrors = [String: [Date]]()
    |                        |- warning: static property 'hostsErrors' is not concurrency-safe because it is nonisolated global shared mutable state; this is an error in the Swift 6 language mode
    |                        |- note: convert 'hostsErrors' to a 'let' constant to make 'Sendable' shared state immutable
    |                        |- note: add '@MainActor' to make static property 'hostsErrors' part of global actor 'MainActor'
    |                        `- note: disable concurrency-safety checks if accesses are protected by an external synchronization mechanism
 54 | 
 55 |     public init(configuration: LegacyHTTPClientConfiguration = .init(), handler: Handler? = nil) {
[1138/1331] Compiling ArgumentParserToolInfo ToolInfo.swift
[1139/1331] Emitting module ArgumentParserToolInfo
[1141/1364] Compiling CryptoBoringWrapper CryptoKitErrors_boring.swift
[1142/1364] Compiling CryptoBoringWrapper BoringSSLAEAD.swift
[1143/1364] Emitting module CryptoBoringWrapper
[1144/1365] Wrapping AST for ArgumentParserToolInfo for debugging
[1146/1365] Emitting module ArgumentParser
[1147/1439] Compiling Crypto SymmetricKeys.swift
[1148/1439] Compiling Crypto AES-GCM.swift
[1149/1439] Compiling Crypto AES-GCM_boring.swift
[1150/1439] Compiling Crypto ChaChaPoly_boring.swift
[1151/1439] Compiling Crypto ChaChaPoly.swift
[1152/1439] Compiling Crypto Cipher.swift
[1153/1439] Compiling Crypto Nonces.swift
[1154/1439] Compiling Crypto ASN1.swift
[1155/1439] Compiling Crypto ASN1Any.swift
[1156/1439] Compiling Crypto ASN1BitString.swift
[1157/1439] Compiling Crypto ASN1Boolean.swift
[1158/1439] Emitting module Crypto
[1159/1459] Compiling Crypto NISTCurvesKeys.swift
/__w/_temp/corpus/Sources/Basics/HTTPClient/LegacyHTTPClient.swift:53:24: warning: static property 'hostsErrors' is not concurrency-safe because it is nonisolated global shared mutable state; this is an error in the Swift 6 language mode
 51 |     // static to share across instances of the http client
 52 |     private static let hostsErrorsLock = NSLock()
 53 |     private static var hostsErrors = [String: [Date]]()
    |                        |- warning: static property 'hostsErrors' is not concurrency-safe because it is nonisolated global shared mutable state; this is an error in the Swift 6 language mode
    |                        |- note: convert 'hostsErrors' to a 'let' constant to make 'Sendable' shared state immutable
    |                        |- note: add '@MainActor' to make static property 'hostsErrors' part of global actor 'MainActor'
    |                        `- note: disable concurrency-safety checks if accesses are protected by an external synchronization mechanism
 54 | 
 55 |     public init(configuration: LegacyHTTPClientConfiguration = .init(), handler: Handler? = nil) {

/__w/_temp/corpus/Sources/Basics/HTTPClient/LegacyHTTPClient.swift:174:13: warning: capture of 'self' with non-sendable type 'LegacyHTTPClient' in a '@Sendable' closure; this is an error in the Swift 6 language mode
 23 | // MARK: - LegacyHTTPClient
 24 | 
 25 | public final class LegacyHTTPClient: Cancellable {
    |                    `- note: class 'LegacyHTTPClient' does not conform to the 'Sendable' protocol
 26 |     public typealias Configuration = LegacyHTTPClientConfiguration
 27 |     public typealias Request = LegacyHTTPClientRequest
    :
172 |         let completion: CompletionHandler = { result in
173 |             // free concurrency control semaphore
174 |             self.concurrencySemaphore.signal()
    |             `- warning: capture of 'self' with non-sendable type 'LegacyHTTPClient' in a '@Sendable' closure; this is an error in the Swift 6 language mode
175 |             // cancellation support
176 |             // if the callback is no longer on the pending lists it has been canceled already

/__w/_temp/corpus/Sources/Basics/HTTPClient/LegacyHTTPClient.swift:187:13: warning: capture of 'self' with non-sendable type 'LegacyHTTPClient' in a '@Sendable' closure; this is an error in the Swift 6 language mode
 23 | // MARK: - LegacyHTTPClient
 24 | 
 25 | public final class LegacyHTTPClient: Cancellable {
    |                    `- note: class 'LegacyHTTPClient' does not conform to the 'Sendable' protocol
 26 |     public typealias Configuration = LegacyHTTPClientConfiguration
 27 |     public typealias Request = LegacyHTTPClientRequest
    :
185 |         self.requestsQueue.addOperation {
186 |             // park the request thread based on the max concurrency allowed
187 |             self.concurrencySemaphore.wait()
    |             `- warning: capture of 'self' with non-sendable type 'LegacyHTTPClient' in a '@Sendable' closure; this is an error in the Swift 6 language mode
188 | 
189 |             // apply circuit breaker if necessary

/__w/_temp/corpus/Sources/Basics/HTTPClient/LegacyHTTPClient.swift:215:25: warning: capture of 'self' with non-sendable type 'LegacyHTTPClient' in a '@Sendable' closure; this is an error in the Swift 6 language mode
 23 | // MARK: - LegacyHTTPClient
 24 | 
 25 | public final class LegacyHTTPClient: Cancellable {
    |                    `- note: class 'LegacyHTTPClient' does not conform to the 'Sendable' protocol
 26 |     public typealias Configuration = LegacyHTTPClientConfiguration
 27 |     public typealias Request = LegacyHTTPClientRequest
    :
213 |                     case .success(let response):
214 |                         // record host errors for circuit breaker
215 |                         self.recordErrorIfNecessary(response: response, request: request)
    |                         `- warning: capture of 'self' with non-sendable type 'LegacyHTTPClient' in a '@Sendable' closure; this is an error in the Swift 6 language mode
216 |                         // handle retry strategy
217 |                         if let retryDelay = self.shouldRetry(

/__w/_temp/corpus/Sources/Basics/HTTPClient/LegacyHTTPClient.swift:230:33: warning: capture of 'self' with non-sendable type 'LegacyHTTPClient' in a '@Sendable' closure; this is an error in the Swift 6 language mode
 23 | // MARK: - LegacyHTTPClient
 24 | 
 25 | public final class LegacyHTTPClient: Cancellable {
    |                    `- note: class 'LegacyHTTPClient' does not conform to the 'Sendable' protocol
 26 |     public typealias Configuration = LegacyHTTPClientConfiguration
 27 |     public typealias Request = LegacyHTTPClientRequest
    :
228 |                             // TODO: dedicated retry queue?
229 |                             return self.configuration.callbackQueue.asyncAfter(deadline: .now() + retryDelay) {
230 |                                 self._execute(
    |                                 `- warning: capture of 'self' with non-sendable type 'LegacyHTTPClient' in a '@Sendable' closure; this is an error in the Swift 6 language mode
231 |                                     request: request,
232 |                                     requestNumber: requestNumber + 1,
[1160/1459] Compiling Crypto X25519Keys.swift
/__w/_temp/corpus/Sources/Basics/HTTPClient/LegacyHTTPClient.swift:53:24: warning: static property 'hostsErrors' is not concurrency-safe because it is nonisolated global shared mutable state; this is an error in the Swift 6 language mode
 51 |     // static to share across instances of the http client
 52 |     private static let hostsErrorsLock = NSLock()
 53 |     private static var hostsErrors = [String: [Date]]()
    |                        |- warning: static property 'hostsErrors' is not concurrency-safe because it is nonisolated global shared mutable state; this is an error in the Swift 6 language mode
    |                        |- note: convert 'hostsErrors' to a 'let' constant to make 'Sendable' shared state immutable
    |                        |- note: add '@MainActor' to make static property 'hostsErrors' part of global actor 'MainActor'
    |                        `- note: disable concurrency-safety checks if accesses are protected by an external synchronization mechanism
 54 | 
 55 |     public init(configuration: LegacyHTTPClientConfiguration = .init(), handler: Handler? = nil) {

/__w/_temp/corpus/Sources/Basics/HTTPClient/LegacyHTTPClient.swift:174:13: warning: capture of 'self' with non-sendable type 'LegacyHTTPClient' in a '@Sendable' closure; this is an error in the Swift 6 language mode
 23 | // MARK: - LegacyHTTPClient
 24 | 
 25 | public final class LegacyHTTPClient: Cancellable {
    |                    `- note: class 'LegacyHTTPClient' does not conform to the 'Sendable' protocol
 26 |     public typealias Configuration = LegacyHTTPClientConfiguration
 27 |     public typealias Request = LegacyHTTPClientRequest
    :
172 |         let completion: CompletionHandler = { result in
173 |             // free concurrency control semaphore
174 |             self.concurrencySemaphore.signal()
    |             `- warning: capture of 'self' with non-sendable type 'LegacyHTTPClient' in a '@Sendable' closure; this is an error in the Swift 6 language mode
175 |             // cancellation support
176 |             // if the callback is no longer on the pending lists it has been canceled already

/__w/_temp/corpus/Sources/Basics/HTTPClient/LegacyHTTPClient.swift:187:13: warning: capture of 'self' with non-sendable type 'LegacyHTTPClient' in a '@Sendable' closure; this is an error in the Swift 6 language mode
 23 | // MARK: - LegacyHTTPClient
 24 | 
 25 | public final class LegacyHTTPClient: Cancellable {
    |                    `- note: class 'LegacyHTTPClient' does not conform to the 'Sendable' protocol
 26 |     public typealias Configuration = LegacyHTTPClientConfiguration
 27 |     public typealias Request = LegacyHTTPClientRequest
    :
185 |         self.requestsQueue.addOperation {
186 |             // park the request thread based on the max concurrency allowed
187 |             self.concurrencySemaphore.wait()
    |             `- warning: capture of 'self' with non-sendable type 'LegacyHTTPClient' in a '@Sendable' closure; this is an error in the Swift 6 language mode
188 | 
189 |             // apply circuit breaker if necessary

/__w/_temp/corpus/Sources/Basics/HTTPClient/LegacyHTTPClient.swift:215:25: warning: capture of 'self' with non-sendable type 'LegacyHTTPClient' in a '@Sendable' closure; this is an error in the Swift 6 language mode
 23 | // MARK: - LegacyHTTPClient
 24 | 
 25 | public final class LegacyHTTPClient: Cancellable {
    |                    `- note: class 'LegacyHTTPClient' does not conform to the 'Sendable' protocol
 26 |     public typealias Configuration = LegacyHTTPClientConfiguration
 27 |     public typealias Request = LegacyHTTPClientRequest
    :
213 |                     case .success(let response):
214 |                         // record host errors for circuit breaker
215 |                         self.recordErrorIfNecessary(response: response, request: request)
    |                         `- warning: capture of 'self' with non-sendable type 'LegacyHTTPClient' in a '@Sendable' closure; this is an error in the Swift 6 language mode
216 |                         // handle retry strategy
217 |                         if let retryDelay = self.shouldRetry(

/__w/_temp/corpus/Sources/Basics/HTTPClient/LegacyHTTPClient.swift:230:33: warning: capture of 'self' with non-sendable type 'LegacyHTTPClient' in a '@Sendable' closure; this is an error in the Swift 6 language mode
 23 | // MARK: - LegacyHTTPClient
 24 | 
 25 | public final class LegacyHTTPClient: Cancellable {
    |                    `- note: class 'LegacyHTTPClient' does not conform to the 'Sendable' protocol
 26 |     public typealias Configuration = LegacyHTTPClientConfiguration
 27 |     public typealias Request = LegacyHTTPClientRequest
    :
228 |                             // TODO: dedicated retry queue?
229 |                             return self.configuration.callbackQueue.asyncAfter(deadline: .now() + retryDelay) {
230 |                                 self._execute(
    |                                 `- warning: capture of 'self' with non-sendable type 'LegacyHTTPClient' in a '@Sendable' closure; this is an error in the Swift 6 language mode
231 |                                     request: request,
232 |                                     requestNumber: requestNumber + 1,
/__w/_temp/corpus/Sources/Basics/HTTPClient/LegacyHTTPClient.swift:53:24: warning: static property 'hostsErrors' is not concurrency-safe because it is nonisolated global shared mutable state; this is an error in the Swift 6 language mode
 51 |     // static to share across instances of the http client
 52 |     private static let hostsErrorsLock = NSLock()
 53 |     private static var hostsErrors = [String: [Date]]()
    |                        |- warning: static property 'hostsErrors' is not concurrency-safe because it is nonisolated global shared mutable state; this is an error in the Swift 6 language mode
    |                        |- note: convert 'hostsErrors' to a 'let' constant to make 'Sendable' shared state immutable
    |                        |- note: add '@MainActor' to make static property 'hostsErrors' part of global actor 'MainActor'
    |                        `- note: disable concurrency-safety checks if accesses are protected by an external synchronization mechanism
 54 | 
 55 |     public init(configuration: LegacyHTTPClientConfiguration = .init(), handler: Handler? = nil) {

/__w/_temp/corpus/Sources/Basics/HTTPClient/LegacyHTTPClient.swift:174:13: warning: capture of 'self' with non-sendable type 'LegacyHTTPClient' in a '@Sendable' closure; this is an error in the Swift 6 language mode
 23 | // MARK: - LegacyHTTPClient
 24 | 
 25 | public final class LegacyHTTPClient: Cancellable {
    |                    `- note: class 'LegacyHTTPClient' does not conform to the 'Sendable' protocol
 26 |     public typealias Configuration = LegacyHTTPClientConfiguration
 27 |     public typealias Request = LegacyHTTPClientRequest
    :
172 |         let completion: CompletionHandler = { result in
173 |             // free concurrency control semaphore
174 |             self.concurrencySemaphore.signal()
    |             `- warning: capture of 'self' with non-sendable type 'LegacyHTTPClient' in a '@Sendable' closure; this is an error in the Swift 6 language mode
175 |             // cancellation support
176 |             // if the callback is no longer on the pending lists it has been canceled already

/__w/_temp/corpus/Sources/Basics/HTTPClient/LegacyHTTPClient.swift:187:13: warning: capture of 'self' with non-sendable type 'LegacyHTTPClient' in a '@Sendable' closure; this is an error in the Swift 6 language mode
 23 | // MARK: - LegacyHTTPClient
 24 | 
 25 | public final class LegacyHTTPClient: Cancellable {
    |                    `- note: class 'LegacyHTTPClient' does not conform to the 'Sendable' protocol
 26 |     public typealias Configuration = LegacyHTTPClientConfiguration
 27 |     public typealias Request = LegacyHTTPClientRequest
    :
185 |         self.requestsQueue.addOperation {
186 |             // park the request thread based on the max concurrency allowed
187 |             self.concurrencySemaphore.wait()
    |             `- warning: capture of 'self' with non-sendable type 'LegacyHTTPClient' in a '@Sendable' closure; this is an error in the Swift 6 language mode
188 | 
189 |             // apply circuit breaker if necessary

/__w/_temp/corpus/Sources/Basics/HTTPClient/LegacyHTTPClient.swift:215:25: warning: capture of 'self' with non-sendable type 'LegacyHTTPClient' in a '@Sendable' closure; this is an error in the Swift 6 language mode
 23 | // MARK: - LegacyHTTPClient
 24 | 
 25 | public final class LegacyHTTPClient: Cancellable {
    |                    `- note: class 'LegacyHTTPClient' does not conform to the 'Sendable' protocol
 26 |     public typealias Configuration = LegacyHTTPClientConfiguration
 27 |     public typealias Request = LegacyHTTPClientRequest
    :
213 |                     case .success(let response):
214 |                         // record host errors for circuit breaker
215 |                         self.recordErrorIfNecessary(response: response, request: request)
    |                         `- warning: capture of 'self' with non-sendable type 'LegacyHTTPClient' in a '@Sendable' closure; this is an error in the Swift 6 language mode
216 |                         // handle retry strategy
217 |                         if let retryDelay = self.shouldRetry(

/__w/_temp/corpus/Sources/Basics/HTTPClient/LegacyHTTPClient.swift:230:33: warning: capture of 'self' with non-sendable type 'LegacyHTTPClient' in a '@Sendable' closure; this is an error in the Swift 6 language mode
 23 | // MARK: - LegacyHTTPClient
 24 | 
 25 | public final class LegacyHTTPClient: Cancellable {
    |                    `- note: class 'LegacyHTTPClient' does not conform to the 'Sendable' protocol
 26 |     public typealias Configuration = LegacyHTTPClientConfiguration
 27 |     public typealias Request = LegacyHTTPClientRequest
    :
228 |                             // TODO: dedicated retry queue?
229 |                             return self.configuration.callbackQueue.asyncAfter(deadline: .now() + retryDelay) {
230 |                                 self._execute(
    |                                 `- warning: capture of 'self' with non-sendable type 'LegacyHTTPClient' in a '@Sendable' closure; this is an error in the Swift 6 language mode
231 |                                     request: request,
232 |                                     requestNumber: requestNumber + 1,
/__w/_temp/corpus/Sources/Basics/HTTPClient/LegacyHTTPClient.swift:53:24: warning: static property 'hostsErrors' is not concurrency-safe because it is nonisolated global shared mutable state; this is an error in the Swift 6 language mode
 51 |     // static to share across instances of the http client
 52 |     private static let hostsErrorsLock = NSLock()
 53 |     private static var hostsErrors = [String: [Date]]()
    |                        |- warning: static property 'hostsErrors' is not concurrency-safe because it is nonisolated global shared mutable state; this is an error in the Swift 6 language mode
    |                        |- note: convert 'hostsErrors' to a 'let' constant to make 'Sendable' shared state immutable
    |                        |- note: add '@MainActor' to make static property 'hostsErrors' part of global actor 'MainActor'
    |                        `- note: disable concurrency-safety checks if accesses are protected by an external synchronization mechanism
 54 | 
 55 |     public init(configuration: LegacyHTTPClientConfiguration = .init(), handler: Handler? = nil) {

/__w/_temp/corpus/Sources/Basics/HTTPClient/LegacyHTTPClient.swift:174:13: warning: capture of 'self' with non-sendable type 'LegacyHTTPClient' in a '@Sendable' closure; this is an error in the Swift 6 language mode
 23 | // MARK: - LegacyHTTPClient
 24 | 
 25 | public final class LegacyHTTPClient: Cancellable {
    |                    `- note: class 'LegacyHTTPClient' does not conform to the 'Sendable' protocol
 26 |     public typealias Configuration = LegacyHTTPClientConfiguration
 27 |     public typealias Request = LegacyHTTPClientRequest
    :
172 |         let completion: CompletionHandler = { result in
173 |             // free concurrency control semaphore
174 |             self.concurrencySemaphore.signal()
    |             `- warning: capture of 'self' with non-sendable type 'LegacyHTTPClient' in a '@Sendable' closure; this is an error in the Swift 6 language mode
175 |             // cancellation support
176 |             // if the callback is no longer on the pending lists it has been canceled already

/__w/_temp/corpus/Sources/Basics/HTTPClient/LegacyHTTPClient.swift:187:13: warning: capture of 'self' with non-sendable type 'LegacyHTTPClient' in a '@Sendable' closure; this is an error in the Swift 6 language mode
 23 | // MARK: - LegacyHTTPClient
 24 | 
 25 | public final class LegacyHTTPClient: Cancellable {
    |                    `- note: class 'LegacyHTTPClient' does not conform to the 'Sendable' protocol
 26 |     public typealias Configuration = LegacyHTTPClientConfiguration
 27 |     public typealias Request = LegacyHTTPClientRequest
    :
185 |         self.requestsQueue.addOperation {
186 |             // park the request thread based on the max concurrency allowed
187 |             self.concurrencySemaphore.wait()
    |             `- warning: capture of 'self' with non-sendable type 'LegacyHTTPClient' in a '@Sendable' closure; this is an error in the Swift 6 language mode
188 | 
189 |             // apply circuit breaker if necessary

/__w/_temp/corpus/Sources/Basics/HTTPClient/LegacyHTTPClient.swift:215:25: warning: capture of 'self' with non-sendable type 'LegacyHTTPClient' in a '@Sendable' closure; this is an error in the Swift 6 language mode
 23 | // MARK: - LegacyHTTPClient
 24 | 
 25 | public final class LegacyHTTPClient: Cancellable {
    |                    `- note: class 'LegacyHTTPClient' does not conform to the 'Sendable' protocol
 26 |     public typealias Configuration = LegacyHTTPClientConfiguration
 27 |     public typealias Request = LegacyHTTPClientRequest
    :
213 |                     case .success(let response):
214 |                         // record host errors for circuit breaker
215 |                         self.recordErrorIfNecessary(response: response, request: request)
    |                         `- warning: capture of 'self' with non-sendable type 'LegacyHTTPClient' in a '@Sendable' closure; this is an error in the Swift 6 language mode
216 |                         // handle retry strategy
217 |                         if let retryDelay = self.shouldRetry(

/__w/_temp/corpus/Sources/Basics/HTTPClient/LegacyHTTPClient.swift:230:33: warning: capture of 'self' with non-sendable type 'LegacyHTTPClient' in a '@Sendable' closure; this is an error in the Swift 6 language mode
 23 | // MARK: - LegacyHTTPClient
 24 | 
 25 | public final class LegacyHTTPClient: Cancellable {
    |                    `- note: class 'LegacyHTTPClient' does not conform to the 'Sendable' protocol
 26 |     public typealias Configuration = LegacyHTTPClientConfiguration
 27 |     public typealias Request = LegacyHTTPClientRequest
    :
228 |                             // TODO: dedicated retry queue?
229 |                             return self.configuration.callbackQueue.asyncAfter(deadline: .now() + retryDelay) {
230 |                                 self._execute(
    |                                 `- warning: capture of 'self' with non-sendable type 'LegacyHTTPClient' in a '@Sendable' closure; this is an error in the Swift 6 language mode
231 |                                     request: request,
232 |                                     requestNumber: requestNumber + 1,
/__w/_temp/corpus/Sources/Basics/HTTPClient/LegacyHTTPClient.swift:53:24: warning: static property 'hostsErrors' is not concurrency-safe because it is nonisolated global shared mutable state; this is an error in the Swift 6 language mode
 51 |     // static to share across instances of the http client
 52 |     private static let hostsErrorsLock = NSLock()
 53 |     private static var hostsErrors = [String: [Date]]()
    |                        |- warning: static property 'hostsErrors' is not concurrency-safe because it is nonisolated global shared mutable state; this is an error in the Swift 6 language mode
    |                        |- note: convert 'hostsErrors' to a 'let' constant to make 'Sendable' shared state immutable
    |                        |- note: add '@MainActor' to make static property 'hostsErrors' part of global actor 'MainActor'
    |                        `- note: disable concurrency-safety checks if accesses are protected by an external synchronization mechanism
 54 | 
 55 |     public init(configuration: LegacyHTTPClientConfiguration = .init(), handler: Handler? = nil) {

/__w/_temp/corpus/Sources/Basics/HTTPClient/LegacyHTTPClient.swift:174:13: warning: capture of 'self' with non-sendable type 'LegacyHTTPClient' in a '@Sendable' closure; this is an error in the Swift 6 language mode
 23 | // MARK: - LegacyHTTPClient
 24 | 
 25 | public final class LegacyHTTPClient: Cancellable {
    |                    `- note: class 'LegacyHTTPClient' does not conform to the 'Sendable' protocol
 26 |     public typealias Configuration = LegacyHTTPClientConfiguration
 27 |     public typealias Request = LegacyHTTPClientRequest
    :
172 |         let completion: CompletionHandler = { result in
173 |             // free concurrency control semaphore
174 |             self.concurrencySemaphore.signal()
    |             `- warning: capture of 'self' with non-sendable type 'LegacyHTTPClient' in a '@Sendable' closure; this is an error in the Swift 6 language mode
175 |             // cancellation support
176 |             // if the callback is no longer on the pending lists it has been canceled already

/__w/_temp/corpus/Sources/Basics/HTTPClient/LegacyHTTPClient.swift:187:13: warning: capture of 'self' with non-sendable type 'LegacyHTTPClient' in a '@Sendable' closure; this is an error in the Swift 6 language mode
 23 | // MARK: - LegacyHTTPClient
 24 | 
 25 | public final class LegacyHTTPClient: Cancellable {
    |                    `- note: class 'LegacyHTTPClient' does not conform to the 'Sendable' protocol
 26 |     public typealias Configuration = LegacyHTTPClientConfiguration
 27 |     public typealias Request = LegacyHTTPClientRequest
    :
185 |         self.requestsQueue.addOperation {
186 |             // park the request thread based on the max concurrency allowed
187 |             self.concurrencySemaphore.wait()
    |             `- warning: capture of 'self' with non-sendable type 'LegacyHTTPClient' in a '@Sendable' closure; this is an error in the Swift 6 language mode
188 | 
189 |             // apply circuit breaker if necessary

/__w/_temp/corpus/Sources/Basics/HTTPClient/LegacyHTTPClient.swift:215:25: warning: capture of 'self' with non-sendable type 'LegacyHTTPClient' in a '@Sendable' closure; this is an error in the Swift 6 language mode
 23 | // MARK: - LegacyHTTPClient
 24 | 
 25 | public final class LegacyHTTPClient: Cancellable {
    |                    `- note: class 'LegacyHTTPClient' does not conform to the 'Sendable' protocol
 26 |     public typealias Configuration = LegacyHTTPClientConfiguration
 27 |     public typealias Request = LegacyHTTPClientRequest
    :
213 |                     case .success(let response):
214 |                         // record host errors for circuit breaker
215 |                         self.recordErrorIfNecessary(response: response, request: request)
    |                         `- warning: capture of 'self' with non-sendable type 'LegacyHTTPClient' in a '@Sendable' closure; this is an error in the Swift 6 language mode
216 |                         // handle retry strategy
217 |                         if let retryDelay = self.shouldRetry(

/__w/_temp/corpus/Sources/Basics/HTTPClient/LegacyHTTPClient.swift:230:33: warning: capture of 'self' with non-sendable type 'LegacyHTTPClient' in a '@Sendable' closure; this is an error in the Swift 6 language mode
 23 | // MARK: - LegacyHTTPClient
 24 | 
 25 | public final class LegacyHTTPClient: Cancellable {
    |                    `- note: class 'LegacyHTTPClient' does not conform to the 'Sendable' protocol
 26 |     public typealias Configuration = LegacyHTTPClientConfiguration
 27 |     public typealias Request = LegacyHTTPClientRequest
    :
228 |                             // TODO: dedicated retry queue?
229 |                             return self.configuration.callbackQueue.asyncAfter(deadline: .now() + retryDelay) {
230 |                                 self._execute(
    |                                 `- warning: capture of 'self' with non-sendable type 'LegacyHTTPClient' in a '@Sendable' closure; this is an error in the Swift 6 language mode
231 |                                     request: request,
232 |                                     requestNumber: requestNumber + 1,
/__w/_temp/corpus/Sources/Basics/HTTPClient/LegacyHTTPClient.swift:53:24: warning: static property 'hostsErrors' is not concurrency-safe because it is nonisolated global shared mutable state; this is an error in the Swift 6 language mode
 51 |     // static to share across instances of the http client
 52 |     private static let hostsErrorsLock = NSLock()
 53 |     private static var hostsErrors = [String: [Date]]()
    |                        |- warning: static property 'hostsErrors' is not concurrency-safe because it is nonisolated global shared mutable state; this is an error in the Swift 6 language mode
    |                        |- note: convert 'hostsErrors' to a 'let' constant to make 'Sendable' shared state immutable
    |                        |- note: add '@MainActor' to make static property 'hostsErrors' part of global actor 'MainActor'
    |                        `- note: disable concurrency-safety checks if accesses are protected by an external synchronization mechanism
 54 | 
 55 |     public init(configuration: LegacyHTTPClientConfiguration = .init(), handler: Handler? = nil) {

/__w/_temp/corpus/Sources/Basics/HTTPClient/LegacyHTTPClient.swift:174:13: warning: capture of 'self' with non-sendable type 'LegacyHTTPClient' in a '@Sendable' closure; this is an error in the Swift 6 language mode
 23 | // MARK: - LegacyHTTPClient
 24 | 
 25 | public final class LegacyHTTPClient: Cancellable {
    |                    `- note: class 'LegacyHTTPClient' does not conform to the 'Sendable' protocol
 26 |     public typealias Configuration = LegacyHTTPClientConfiguration
 27 |     public typealias Request = LegacyHTTPClientRequest
    :
172 |         let completion: CompletionHandler = { result in
173 |             // free concurrency control semaphore
174 |             self.concurrencySemaphore.signal()
    |             `- warning: capture of 'self' with non-sendable type 'LegacyHTTPClient' in a '@Sendable' closure; this is an error in the Swift 6 language mode
175 |             // cancellation support
176 |             // if the callback is no longer on the pending lists it has been canceled already

/__w/_temp/corpus/Sources/Basics/HTTPClient/LegacyHTTPClient.swift:187:13: warning: capture of 'self' with non-sendable type 'LegacyHTTPClient' in a '@Sendable' closure; this is an error in the Swift 6 language mode
 23 | // MARK: - LegacyHTTPClient
 24 | 
 25 | public final class LegacyHTTPClient: Cancellable {
    |                    `- note: class 'LegacyHTTPClient' does not conform to the 'Sendable' protocol
 26 |     public typealias Configuration = LegacyHTTPClientConfiguration
 27 |     public typealias Request = LegacyHTTPClientRequest
    :
185 |         self.requestsQueue.addOperation {
186 |             // park the request thread based on the max concurrency allowed
187 |             self.concurrencySemaphore.wait()
    |             `- warning: capture of 'self' with non-sendable type 'LegacyHTTPClient' in a '@Sendable' closure; this is an error in the Swift 6 language mode
188 | 
189 |             // apply circuit breaker if necessary

/__w/_temp/corpus/Sources/Basics/HTTPClient/LegacyHTTPClient.swift:215:25: warning: capture of 'self' with non-sendable type 'LegacyHTTPClient' in a '@Sendable' closure; this is an error in the Swift 6 language mode
 23 | // MARK: - LegacyHTTPClient
 24 | 
 25 | public final class LegacyHTTPClient: Cancellable {
    |                    `- note: class 'LegacyHTTPClient' does not conform to the 'Sendable' protocol
 26 |     public typealias Configuration = LegacyHTTPClientConfiguration
 27 |     public typealias Request = LegacyHTTPClientRequest
    :
213 |                     case .success(let response):
214 |                         // record host errors for circuit breaker
215 |                         self.recordErrorIfNecessary(response: response, request: request)
    |                         `- warning: capture of 'self' with non-sendable type 'LegacyHTTPClient' in a '@Sendable' closure; this is an error in the Swift 6 language mode
216 |                         // handle retry strategy
217 |                         if let retryDelay = self.shouldRetry(

/__w/_temp/corpus/Sources/Basics/HTTPClient/LegacyHTTPClient.swift:230:33: warning: capture of 'self' with non-sendable type 'LegacyHTTPClient' in a '@Sendable' closure; this is an error in the Swift 6 language mode
 23 | // MARK: - LegacyHTTPClient
 24 | 
 25 | public final class LegacyHTTPClient: Cancellable {
    |                    `- note: class 'LegacyHTTPClient' does not conform to the 'Sendable' protocol
 26 |     public typealias Configuration = LegacyHTTPClientConfiguration
 27 |     public typealias Request = LegacyHTTPClientRequest
    :
228 |                             // TODO: dedicated retry queue?
229 |                             return self.configuration.callbackQueue.asyncAfter(deadline: .now() + retryDelay) {
230 |                                 self._execute(
    |                                 `- warning: capture of 'self' with non-sendable type 'LegacyHTTPClient' in a '@Sendable' closure; this is an error in the Swift 6 language mode
231 |                                     request: request,
232 |                                     requestNumber: requestNumber + 1,
/__w/_temp/corpus/Sources/Basics/HTTPClient/LegacyHTTPClient.swift:53:24: warning: static property 'hostsErrors' is not concurrency-safe because it is nonisolated global shared mutable state; this is an error in the Swift 6 language mode
 51 |     // static to share across instances of the http client
 52 |     private static let hostsErrorsLock = NSLock()
 53 |     private static var hostsErrors = [String: [Date]]()
    |                        |- warning: static property 'hostsErrors' is not concurrency-safe because it is nonisolated global shared mutable state; this is an error in the Swift 6 language mode
    |                        |- note: convert 'hostsErrors' to a 'let' constant to make 'Sendable' shared state immutable
    |                        |- note: add '@MainActor' to make static property 'hostsErrors' part of global actor 'MainActor'
    |                        `- note: disable concurrency-safety checks if accesses are protected by an external synchronization mechanism
 54 | 
 55 |     public init(configuration: LegacyHTTPClientConfiguration = .init(), handler: Handler? = nil) {

/__w/_temp/corpus/Sources/Basics/HTTPClient/LegacyHTTPClient.swift:174:13: warning: capture of 'self' with non-sendable type 'LegacyHTTPClient' in a '@Sendable' closure; this is an error in the Swift 6 language mode
 23 | // MARK: - LegacyHTTPClient
 24 | 
 25 | public final class LegacyHTTPClient: Cancellable {
    |                    `- note: class 'LegacyHTTPClient' does not conform to the 'Sendable' protocol
 26 |     public typealias Configuration = LegacyHTTPClientConfiguration
 27 |     public typealias Request = LegacyHTTPClientRequest
    :
172 |         let completion: CompletionHandler = { result in
173 |             // free concurrency control semaphore
174 |             self.concurrencySemaphore.signal()
    |             `- warning: capture of 'self' with non-sendable type 'LegacyHTTPClient' in a '@Sendable' closure; this is an error in the Swift 6 language mode
175 |             // cancellation support
176 |             // if the callback is no longer on the pending lists it has been canceled already

/__w/_temp/corpus/Sources/Basics/HTTPClient/LegacyHTTPClient.swift:187:13: warning: capture of 'self' with non-sendable type 'LegacyHTTPClient' in a '@Sendable' closure; this is an error in the Swift 6 language mode
 23 | // MARK: - LegacyHTTPClient
 24 | 
 25 | public final class LegacyHTTPClient: Cancellable {
    |                    `- note: class 'LegacyHTTPClient' does not conform to the 'Sendable' protocol
 26 |     public typealias Configuration = LegacyHTTPClientConfiguration
 27 |     public typealias Request = LegacyHTTPClientRequest
    :
185 |         self.requestsQueue.addOperation {
186 |             // park the request thread based on the max concurrency allowed
187 |             self.concurrencySemaphore.wait()
    |             `- warning: capture of 'self' with non-sendable type 'LegacyHTTPClient' in a '@Sendable' closure; this is an error in the Swift 6 language mode
188 | 
189 |             // apply circuit breaker if necessary

/__w/_temp/corpus/Sources/Basics/HTTPClient/LegacyHTTPClient.swift:215:25: warning: capture of 'self' with non-sendable type 'LegacyHTTPClient' in a '@Sendable' closure; this is an error in the Swift 6 language mode
 23 | // MARK: - LegacyHTTPClient
 24 | 
 25 | public final class LegacyHTTPClient: Cancellable {
    |                    `- note: class 'LegacyHTTPClient' does not conform to the 'Sendable' protocol
 26 |     public typealias Configuration = LegacyHTTPClientConfiguration
 27 |     public typealias Request = LegacyHTTPClientRequest
    :
213 |                     case .success(let response):
214 |                         // record host errors for circuit breaker
215 |                         self.recordErrorIfNecessary(response: response, request: request)
    |                         `- warning: capture of 'self' with non-sendable type 'LegacyHTTPClient' in a '@Sendable' closure; this is an error in the Swift 6 language mode
216 |                         // handle retry strategy
217 |                         if let retryDelay = self.shouldRetry(

/__w/_temp/corpus/Sources/Basics/HTTPClient/LegacyHTTPClient.swift:230:33: warning: capture of 'self' with non-sendable type 'LegacyHTTPClient' in a '@Sendable' closure; this is an error in the Swift 6 language mode
 23 | // MARK: - LegacyHTTPClient
 24 | 
 25 | public final class LegacyHTTPClient: Cancellable {
    |                    `- note: class 'LegacyHTTPClient' does not conform to the 'Sendable' protocol
 26 |     public typealias Configuration = LegacyHTTPClientConfiguration
 27 |     public typealias Request = LegacyHTTPClientRequest
    :
228 |                             // TODO: dedicated retry queue?
229 |                             return self.configuration.callbackQueue.asyncAfter(deadline: .now() + retryDelay) {
230 |                                 self._execute(
    |                                 `- warning: capture of 'self' with non-sendable type 'LegacyHTTPClient' in a '@Sendable' closure; this is an error in the Swift 6 language mode
231 |                                     request: request,
232 |                                     requestNumber: requestNumber + 1,
/__w/_temp/corpus/Sources/Basics/HTTPClient/LegacyHTTPClient.swift:53:24: warning: static property 'hostsErrors' is not concurrency-safe because it is nonisolated global shared mutable state; this is an error in the Swift 6 language mode
 51 |     // static to share across instances of the http client
 52 |     private static let hostsErrorsLock = NSLock()
 53 |     private static var hostsErrors = [String: [Date]]()
    |                        |- warning: static property 'hostsErrors' is not concurrency-safe because it is nonisolated global shared mutable state; this is an error in the Swift 6 language mode
    |                        |- note: convert 'hostsErrors' to a 'let' constant to make 'Sendable' shared state immutable
    |                        |- note: add '@MainActor' to make static property 'hostsErrors' part of global actor 'MainActor'
    |                        `- note: disable concurrency-safety checks if accesses are protected by an external synchronization mechanism
 54 | 
 55 |     public init(configuration: LegacyHTTPClientConfiguration = .init(), handler: Handler? = nil) {

/__w/_temp/corpus/Sources/Basics/HTTPClient/LegacyHTTPClient.swift:174:13: warning: capture of 'self' with non-sendable type 'LegacyHTTPClient' in a '@Sendable' closure; this is an error in the Swift 6 language mode
 23 | // MARK: - LegacyHTTPClient
 24 | 
 25 | public final class LegacyHTTPClient: Cancellable {
    |                    `- note: class 'LegacyHTTPClient' does not conform to the 'Sendable' protocol
 26 |     public typealias Configuration = LegacyHTTPClientConfiguration
 27 |     public typealias Request = LegacyHTTPClientRequest
    :
172 |         let completion: CompletionHandler = { result in
173 |             // free concurrency control semaphore
174 |             self.concurrencySemaphore.signal()
    |             `- warning: capture of 'self' with non-sendable type 'LegacyHTTPClient' in a '@Sendable' closure; this is an error in the Swift 6 language mode
175 |             // cancellation support
176 |             // if the callback is no longer on the pending lists it has been canceled already

/__w/_temp/corpus/Sources/Basics/HTTPClient/LegacyHTTPClient.swift:187:13: warning: capture of 'self' with non-sendable type 'LegacyHTTPClient' in a '@Sendable' closure; this is an error in the Swift 6 language mode
 23 | // MARK: - LegacyHTTPClient
 24 | 
 25 | public final class LegacyHTTPClient: Cancellable {
    |                    `- note: class 'LegacyHTTPClient' does not conform to the 'Sendable' protocol
 26 |     public typealias Configuration = LegacyHTTPClientConfiguration
 27 |     public typealias Request = LegacyHTTPClientRequest
    :
185 |         self.requestsQueue.addOperation {
186 |             // park the request thread based on the max concurrency allowed
187 |             self.concurrencySemaphore.wait()
    |             `- warning: capture of 'self' with non-sendable type 'LegacyHTTPClient' in a '@Sendable' closure; this is an error in the Swift 6 language mode
188 | 
189 |             // apply circuit breaker if necessary

/__w/_temp/corpus/Sources/Basics/HTTPClient/LegacyHTTPClient.swift:215:25: warning: capture of 'self' with non-sendable type 'LegacyHTTPClient' in a '@Sendable' closure; this is an error in the Swift 6 language mode
 23 | // MARK: - LegacyHTTPClient
 24 | 
 25 | public final class LegacyHTTPClient: Cancellable {
    |                    `- note: class 'LegacyHTTPClient' does not conform to the 'Sendable' protocol
 26 |     public typealias Configuration = LegacyHTTPClientConfiguration
 27 |     public typealias Request = LegacyHTTPClientRequest
    :
213 |                     case .success(let response):
214 |                         // record host errors for circuit breaker
215 |                         self.recordErrorIfNecessary(response: response, request: request)
    |                         `- warning: capture of 'self' with non-sendable type 'LegacyHTTPClient' in a '@Sendable' closure; this is an error in the Swift 6 language mode
216 |                         // handle retry strategy
217 |                         if let retryDelay = self.shouldRetry(

/__w/_temp/corpus/Sources/Basics/HTTPClient/LegacyHTTPClient.swift:230:33: warning: capture of 'self' with non-sendable type 'LegacyHTTPClient' in a '@Sendable' closure; this is an error in the Swift 6 language mode
 23 | // MARK: - LegacyHTTPClient
 24 | 
 25 | public final class LegacyHTTPClient: Cancellable {
    |                    `- note: class 'LegacyHTTPClient' does not conform to the 'Sendable' protocol
 26 |     public typealias Configuration = LegacyHTTPClientConfiguration
 27 |     public typealias Request = LegacyHTTPClientRequest
    :
228 |                             // TODO: dedicated retry queue?
229 |                             return self.configuration.callbackQueue.asyncAfter(deadline: .now() + retryDelay) {
230 |                                 self._execute(
    |                                 `- warning: capture of 'self' with non-sendable type 'LegacyHTTPClient' in a '@Sendable' closure; this is an error in the Swift 6 language mode
231 |                                     request: request,
232 |                                     requestNumber: requestNumber + 1,
/__w/_temp/corpus/Sources/Basics/HTTPClient/LegacyHTTPClient.swift:53:24: warning: static property 'hostsErrors' is not concurrency-safe because it is nonisolated global shared mutable state; this is an error in the Swift 6 language mode
 51 |     // static to share across instances of the http client
 52 |     private static let hostsErrorsLock = NSLock()
 53 |     private static var hostsErrors = [String: [Date]]()
    |                        |- warning: static property 'hostsErrors' is not concurrency-safe because it is nonisolated global shared mutable state; this is an error in the Swift 6 language mode
    |                        |- note: convert 'hostsErrors' to a 'let' constant to make 'Sendable' shared state immutable
    |                        |- note: add '@MainActor' to make static property 'hostsErrors' part of global actor 'MainActor'
    |                        `- note: disable concurrency-safety checks if accesses are protected by an external synchronization mechanism
 54 | 
 55 |     public init(configuration: LegacyHTTPClientConfiguration = .init(), handler: Handler? = nil) {

/__w/_temp/corpus/Sources/Basics/HTTPClient/LegacyHTTPClient.swift:174:13: warning: capture of 'self' with non-sendable type 'LegacyHTTPClient' in a '@Sendable' closure; this is an error in the Swift 6 language mode
 23 | // MARK: - LegacyHTTPClient
 24 | 
 25 | public final class LegacyHTTPClient: Cancellable {
    |                    `- note: class 'LegacyHTTPClient' does not conform to the 'Sendable' protocol
 26 |     public typealias Configuration = LegacyHTTPClientConfiguration
 27 |     public typealias Request = LegacyHTTPClientRequest
    :
172 |         let completion: CompletionHandler = { result in
173 |             // free concurrency control semaphore
174 |             self.concurrencySemaphore.signal()
    |             `- warning: capture of 'self' with non-sendable type 'LegacyHTTPClient' in a '@Sendable' closure; this is an error in the Swift 6 language mode
175 |             // cancellation support
176 |             // if the callback is no longer on the pending lists it has been canceled already

/__w/_temp/corpus/Sources/Basics/HTTPClient/LegacyHTTPClient.swift:187:13: warning: capture of 'self' with non-sendable type 'LegacyHTTPClient' in a '@Sendable' closure; this is an error in the Swift 6 language mode
 23 | // MARK: - LegacyHTTPClient
 24 | 
 25 | public final class LegacyHTTPClient: Cancellable {
    |                    `- note: class 'LegacyHTTPClient' does not conform to the 'Sendable' protocol
 26 |     public typealias Configuration = LegacyHTTPClientConfiguration
 27 |     public typealias Request = LegacyHTTPClientRequest
    :
185 |         self.requestsQueue.addOperation {
186 |             // park the request thread based on the max concurrency allowed
187 |             self.concurrencySemaphore.wait()
    |             `- warning: capture of 'self' with non-sendable type 'LegacyHTTPClient' in a '@Sendable' closure; this is an error in the Swift 6 language mode
188 | 
189 |             // apply circuit breaker if necessary

/__w/_temp/corpus/Sources/Basics/HTTPClient/LegacyHTTPClient.swift:215:25: warning: capture of 'self' with non-sendable type 'LegacyHTTPClient' in a '@Sendable' closure; this is an error in the Swift 6 language mode
 23 | // MARK: - LegacyHTTPClient
 24 | 
 25 | public final class LegacyHTTPClient: Cancellable {
    |                    `- note: class 'LegacyHTTPClient' does not conform to the 'Sendable' protocol
 26 |     public typealias Configuration = LegacyHTTPClientConfiguration
 27 |     public typealias Request = LegacyHTTPClientRequest
    :
213 |                     case .success(let response):
214 |                         // record host errors for circuit breaker
215 |                         self.recordErrorIfNecessary(response: response, request: request)
    |                         `- warning: capture of 'self' with non-sendable type 'LegacyHTTPClient' in a '@Sendable' closure; this is an error in the Swift 6 language mode
216 |                         // handle retry strategy
217 |                         if let retryDelay = self.shouldRetry(

/__w/_temp/corpus/Sources/Basics/HTTPClient/LegacyHTTPClient.swift:230:33: warning: capture of 'self' with non-sendable type 'LegacyHTTPClient' in a '@Sendable' closure; this is an error in the Swift 6 language mode
 23 | // MARK: - LegacyHTTPClient
 24 | 
 25 | public final class LegacyHTTPClient: Cancellable {
    |                    `- note: class 'LegacyHTTPClient' does not conform to the 'Sendable' protocol
 26 |     public typealias Configuration = LegacyHTTPClientConfiguration
 27 |     public typealias Request = LegacyHTTPClientRequest
    :
228 |                             // TODO: dedicated retry queue?
229 |                             return self.configuration.callbackQueue.asyncAfter(deadline: .now() + retryDelay) {
230 |                                 self._execute(
    |                                 `- warning: capture of 'self' with non-sendable type 'LegacyHTTPClient' in a '@Sendable' closure; this is an error in the Swift 6 language mode
231 |                                     request: request,
232 |                                     requestNumber: requestNumber + 1,
/__w/_temp/corpus/Sources/Basics/HTTPClient/LegacyHTTPClient.swift:53:24: warning: static property 'hostsErrors' is not concurrency-safe because it is nonisolated global shared mutable state; this is an error in the Swift 6 language mode
 51 |     // static to share across instances of the http client
 52 |     private static let hostsErrorsLock = NSLock()
 53 |     private static var hostsErrors = [String: [Date]]()
    |                        |- warning: static property 'hostsErrors' is not concurrency-safe because it is nonisolated global shared mutable state; this is an error in the Swift 6 language mode
    |                        |- note: convert 'hostsErrors' to a 'let' constant to make 'Sendable' shared state immutable
    |                        |- note: add '@MainActor' to make static property 'hostsErrors' part of global actor 'MainActor'
    |                        `- note: disable concurrency-safety checks if accesses are protected by an external synchronization mechanism
 54 | 
 55 |     public init(configuration: LegacyHTTPClientConfiguration = .init(), handler: Handler? = nil) {

/__w/_temp/corpus/Sources/Basics/HTTPClient/LegacyHTTPClient.swift:174:13: warning: capture of 'self' with non-sendable type 'LegacyHTTPClient' in a '@Sendable' closure; this is an error in the Swift 6 language mode
 23 | // MARK: - LegacyHTTPClient
 24 | 
 25 | public final class LegacyHTTPClient: Cancellable {
    |                    `- note: class 'LegacyHTTPClient' does not conform to the 'Sendable' protocol
 26 |     public typealias Configuration = LegacyHTTPClientConfiguration
 27 |     public typealias Request = LegacyHTTPClientRequest
    :
172 |         let completion: CompletionHandler = { result in
173 |             // free concurrency control semaphore
174 |             self.concurrencySemaphore.signal()
    |             `- warning: capture of 'self' with non-sendable type 'LegacyHTTPClient' in a '@Sendable' closure; this is an error in the Swift 6 language mode
175 |             // cancellation support
176 |             // if the callback is no longer on the pending lists it has been canceled already

/__w/_temp/corpus/Sources/Basics/HTTPClient/LegacyHTTPClient.swift:187:13: warning: capture of 'self' with non-sendable type 'LegacyHTTPClient' in a '@Sendable' closure; this is an error in the Swift 6 language mode
 23 | // MARK: - LegacyHTTPClient
 24 | 
 25 | public final class LegacyHTTPClient: Cancellable {
    |                    `- note: class 'LegacyHTTPClient' does not conform to the 'Sendable' protocol
 26 |     public typealias Configuration = LegacyHTTPClientConfiguration
 27 |     public typealias Request = LegacyHTTPClientRequest
    :
185 |         self.requestsQueue.addOperation {
186 |             // park the request thread based on the max concurrency allowed
187 |             self.concurrencySemaphore.wait()
    |             `- warning: capture of 'self' with non-sendable type 'LegacyHTTPClient' in a '@Sendable' closure; this is an error in the Swift 6 language mode
188 | 
189 |             // apply circuit breaker if necessary

/__w/_temp/corpus/Sources/Basics/HTTPClient/LegacyHTTPClient.swift:215:25: warning: capture of 'self' with non-sendable type 'LegacyHTTPClient' in a '@Sendable' closure; this is an error in the Swift 6 language mode
 23 | // MARK: - LegacyHTTPClient
 24 | 
 25 | public final class LegacyHTTPClient: Cancellable {
    |                    `- note: class 'LegacyHTTPClient' does not conform to the 'Sendable' protocol
 26 |     public typealias Configuration = LegacyHTTPClientConfiguration
 27 |     public typealias Request = LegacyHTTPClientRequest
    :
213 |                     case .success(let response):
214 |                         // record host errors for circuit breaker
215 |                         self.recordErrorIfNecessary(response: response, request: request)
    |                         `- warning: capture of 'self' with non-sendable type 'LegacyHTTPClient' in a '@Sendable' closure; this is an error in the Swift 6 language mode
216 |                         // handle retry strategy
217 |                         if let retryDelay = self.shouldRetry(

/__w/_temp/corpus/Sources/Basics/HTTPClient/LegacyHTTPClient.swift:230:33: warning: capture of 'self' with non-sendable type 'LegacyHTTPClient' in a '@Sendable' closure; this is an error in the Swift 6 language mode
 23 | // MARK: - LegacyHTTPClient
 24 | 
 25 | public final class LegacyHTTPClient: Cancellable {
    |                    `- note: class 'LegacyHTTPClient' does not conform to the 'Sendable' protocol
 26 |     public typealias Configuration = LegacyHTTPClientConfiguration
 27 |     public typealias Request = LegacyHTTPClientRequest
    :
228 |                             // TODO: dedicated retry queue?
229 |                             return self.configuration.callbackQueue.asyncAfter(deadline: .now() + retryDelay) {
230 |                                 self._execute(
    |                                 `- warning: capture of 'self' with non-sendable type 'LegacyHTTPClient' in a '@Sendable' closure; this is an error in the Swift 6 language mode
231 |                                     request: request,
232 |                                     requestNumber: requestNumber + 1,
/__w/_temp/corpus/Sources/Basics/HTTPClient/LegacyHTTPClient.swift:53:24: warning: static property 'hostsErrors' is not concurrency-safe because it is nonisolated global shared mutable state; this is an error in the Swift 6 language mode
 51 |     // static to share across instances of the http client
 52 |     private static let hostsErrorsLock = NSLock()
 53 |     private static var hostsErrors = [String: [Date]]()
    |                        |- warning: static property 'hostsErrors' is not concurrency-safe because it is nonisolated global shared mutable state; this is an error in the Swift 6 language mode
    |                        |- note: convert 'hostsErrors' to a 'let' constant to make 'Sendable' shared state immutable
    |                        |- note: add '@MainActor' to make static property 'hostsErrors' part of global actor 'MainActor'
    |                        `- note: disable concurrency-safety checks if accesses are protected by an external synchronization mechanism
 54 | 
 55 |     public init(configuration: LegacyHTTPClientConfiguration = .init(), handler: Handler? = nil) {

/__w/_temp/corpus/Sources/Basics/HTTPClient/LegacyHTTPClient.swift:174:13: warning: capture of 'self' with non-sendable type 'LegacyHTTPClient' in a '@Sendable' closure; this is an error in the Swift 6 language mode
 23 | // MARK: - LegacyHTTPClient
 24 | 
 25 | public final class LegacyHTTPClient: Cancellable {
    |                    `- note: class 'LegacyHTTPClient' does not conform to the 'Sendable' protocol
 26 |     public typealias Configuration = LegacyHTTPClientConfiguration
 27 |     public typealias Request = LegacyHTTPClientRequest
    :
172 |         let completion: CompletionHandler = { result in
173 |             // free concurrency control semaphore
174 |             self.concurrencySemaphore.signal()
    |             `- warning: capture of 'self' with non-sendable type 'LegacyHTTPClient' in a '@Sendable' closure; this is an error in the Swift 6 language mode
175 |             // cancellation support
176 |             // if the callback is no longer on the pending lists it has been canceled already

/__w/_temp/corpus/Sources/Basics/HTTPClient/LegacyHTTPClient.swift:187:13: warning: capture of 'self' with non-sendable type 'LegacyHTTPClient' in a '@Sendable' closure; this is an error in the Swift 6 language mode
 23 | // MARK: - LegacyHTTPClient
 24 | 
 25 | public final class LegacyHTTPClient: Cancellable {
    |                    `- note: class 'LegacyHTTPClient' does not conform to the 'Sendable' protocol
 26 |     public typealias Configuration = LegacyHTTPClientConfiguration
 27 |     public typealias Request = LegacyHTTPClientRequest
    :
185 |         self.requestsQueue.addOperation {
186 |             // park the request thread based on the max concurrency allowed
187 |             self.concurrencySemaphore.wait()
    |             `- warning: capture of 'self' with non-sendable type 'LegacyHTTPClient' in a '@Sendable' closure; this is an error in the Swift 6 language mode
188 | 
189 |             // apply circuit breaker if necessary

/__w/_temp/corpus/Sources/Basics/HTTPClient/LegacyHTTPClient.swift:215:25: warning: capture of 'self' with non-sendable type 'LegacyHTTPClient' in a '@Sendable' closure; this is an error in the Swift 6 language mode
 23 | // MARK: - LegacyHTTPClient
 24 | 
 25 | public final class LegacyHTTPClient: Cancellable {
    |                    `- note: class 'LegacyHTTPClient' does not conform to the 'Sendable' protocol
 26 |     public typealias Configuration = LegacyHTTPClientConfiguration
 27 |     public typealias Request = LegacyHTTPClientRequest
    :
213 |                     case .success(let response):
214 |                         // record host errors for circuit breaker
215 |                         self.recordErrorIfNecessary(response: response, request: request)
    |                         `- warning: capture of 'self' with non-sendable type 'LegacyHTTPClient' in a '@Sendable' closure; this is an error in the Swift 6 language mode
216 |                         // handle retry strategy
217 |                         if let retryDelay = self.shouldRetry(

/__w/_temp/corpus/Sources/Basics/HTTPClient/LegacyHTTPClient.swift:230:33: warning: capture of 'self' with non-sendable type 'LegacyHTTPClient' in a '@Sendable' closure; this is an error in the Swift 6 language mode
 23 | // MARK: - LegacyHTTPClient
 24 | 
 25 | public final class LegacyHTTPClient: Cancellable {
    |                    `- note: class 'LegacyHTTPClient' does not conform to the 'Sendable' protocol
 26 |     public typealias Configuration = LegacyHTTPClientConfiguration
 27 |     public typealias Request = LegacyHTTPClientRequest
    :
228 |                             // TODO: dedicated retry queue?
229 |                             return self.configuration.callbackQueue.asyncAfter(deadline: .now() + retryDelay) {
230 |                                 self._execute(
    |                                 `- warning: capture of 'self' with non-sendable type 'LegacyHTTPClient' in a '@Sendable' closure; this is an error in the Swift 6 language mode
231 |                                     request: request,
232 |                                     requestNumber: requestNumber + 1,
/__w/_temp/corpus/Sources/Basics/HTTPClient/LegacyHTTPClient.swift:53:24: warning: static property 'hostsErrors' is not concurrency-safe because it is nonisolated global shared mutable state; this is an error in the Swift 6 language mode
 51 |     // static to share across instances of the http client
 52 |     private static let hostsErrorsLock = NSLock()
 53 |     private static var hostsErrors = [String: [Date]]()
    |                        |- warning: static property 'hostsErrors' is not concurrency-safe because it is nonisolated global shared mutable state; this is an error in the Swift 6 language mode
    |                        |- note: convert 'hostsErrors' to a 'let' constant to make 'Sendable' shared state immutable
    |                        |- note: add '@MainActor' to make static property 'hostsErrors' part of global actor 'MainActor'
    |                        `- note: disable concurrency-safety checks if accesses are protected by an external synchronization mechanism
 54 | 
 55 |     public init(configuration: LegacyHTTPClientConfiguration = .init(), handler: Handler? = nil) {

/__w/_temp/corpus/Sources/Basics/HTTPClient/LegacyHTTPClient.swift:174:13: warning: capture of 'self' with non-sendable type 'LegacyHTTPClient' in a '@Sendable' closure; this is an error in the Swift 6 language mode
 23 | // MARK: - LegacyHTTPClient
 24 | 
 25 | public final class LegacyHTTPClient: Cancellable {
    |                    `- note: class 'LegacyHTTPClient' does not conform to the 'Sendable' protocol
 26 |     public typealias Configuration = LegacyHTTPClientConfiguration
 27 |     public typealias Request = LegacyHTTPClientRequest
    :
172 |         let completion: CompletionHandler = { result in
173 |             // free concurrency control semaphore
174 |             self.concurrencySemaphore.signal()
    |             `- warning: capture of 'self' with non-sendable type 'LegacyHTTPClient' in a '@Sendable' closure; this is an error in the Swift 6 language mode
175 |             // cancellation support
176 |             // if the callback is no longer on the pending lists it has been canceled already

/__w/_temp/corpus/Sources/Basics/HTTPClient/LegacyHTTPClient.swift:187:13: warning: capture of 'self' with non-sendable type 'LegacyHTTPClient' in a '@Sendable' closure; this is an error in the Swift 6 language mode
 23 | // MARK: - LegacyHTTPClient
 24 | 
 25 | public final class LegacyHTTPClient: Cancellable {
    |                    `- note: class 'LegacyHTTPClient' does not conform to the 'Sendable' protocol
 26 |     public typealias Configuration = LegacyHTTPClientConfiguration
 27 |     public typealias Request = LegacyHTTPClientRequest
    :
185 |         self.requestsQueue.addOperation {
186 |             // park the request thread based on the max concurrency allowed
187 |             self.concurrencySemaphore.wait()
    |             `- warning: capture of 'self' with non-sendable type 'LegacyHTTPClient' in a '@Sendable' closure; this is an error in the Swift 6 language mode
188 | 
189 |             // apply circuit breaker if necessary

/__w/_temp/corpus/Sources/Basics/HTTPClient/LegacyHTTPClient.swift:215:25: warning: capture of 'self' with non-sendable type 'LegacyHTTPClient' in a '@Sendable' closure; this is an error in the Swift 6 language mode
 23 | // MARK: - LegacyHTTPClient
 24 | 
 25 | public final class LegacyHTTPClient: Cancellable {
    |                    `- note: class 'LegacyHTTPClient' does not conform to the 'Sendable' protocol
 26 |     public typealias Configuration = LegacyHTTPClientConfiguration
 27 |     public typealias Request = LegacyHTTPClientRequest
    :
213 |                     case .success(let response):
214 |                         // record host errors for circuit breaker
215 |                         self.recordErrorIfNecessary(response: response, request: request)
    |                         `- warning: capture of 'self' with non-sendable type 'LegacyHTTPClient' in a '@Sendable' closure; this is an error in the Swift 6 language mode
216 |                         // handle retry strategy
217 |                         if let retryDelay = self.shouldRetry(

/__w/_temp/corpus/Sources/Basics/HTTPClient/LegacyHTTPClient.swift:230:33: warning: capture of 'self' with non-sendable type 'LegacyHTTPClient' in a '@Sendable' closure; this is an error in the Swift 6 language mode
 23 | // MARK: - LegacyHTTPClient
 24 | 
 25 | public final class LegacyHTTPClient: Cancellable {
    |                    `- note: class 'LegacyHTTPClient' does not conform to the 'Sendable' protocol
 26 |     public typealias Configuration = LegacyHTTPClientConfiguration
 27 |     public typealias Request = LegacyHTTPClientRequest
    :
228 |                             // TODO: dedicated retry queue?
229 |                             return self.configuration.callbackQueue.asyncAfter(deadline: .now() + retryDelay) {
230 |                                 self._execute(
    |                                 `- warning: capture of 'self' with non-sendable type 'LegacyHTTPClient' in a '@Sendable' closure; this is an error in the Swift 6 language mode
231 |                                     request: request,
232 |                                     requestNumber: requestNumber + 1,
/__w/_temp/corpus/Sources/Basics/HTTPClient/LegacyHTTPClient.swift:53:24: warning: static property 'hostsErrors' is not concurrency-safe because it is nonisolated global shared mutable state; this is an error in the Swift 6 language mode
 51 |     // static to share across instances of the http client
 52 |     private static let hostsErrorsLock = NSLock()
 53 |     private static var hostsErrors = [String: [Date]]()
    |                        |- warning: static property 'hostsErrors' is not concurrency-safe because it is nonisolated global shared mutable state; this is an error in the Swift 6 language mode
    |                        |- note: convert 'hostsErrors' to a 'let' constant to make 'Sendable' shared state immutable
    |                        |- note: add '@MainActor' to make static property 'hostsErrors' part of global actor 'MainActor'
    |                        `- note: disable concurrency-safety checks if accesses are protected by an external synchronization mechanism
 54 | 
 55 |     public init(configuration: LegacyHTTPClientConfiguration = .init(), handler: Handler? = nil) {

/__w/_temp/corpus/Sources/Basics/HTTPClient/LegacyHTTPClient.swift:174:13: warning: capture of 'self' with non-sendable type 'LegacyHTTPClient' in a '@Sendable' closure; this is an error in the Swift 6 language mode
 23 | // MARK: - LegacyHTTPClient
 24 | 
 25 | public final class LegacyHTTPClient: Cancellable {
    |                    `- note: class 'LegacyHTTPClient' does not conform to the 'Sendable' protocol
 26 |     public typealias Configuration = LegacyHTTPClientConfiguration
 27 |     public typealias Request = LegacyHTTPClientRequest
    :
172 |         let completion: CompletionHandler = { result in
173 |             // free concurrency control semaphore
174 |             self.concurrencySemaphore.signal()
    |             `- warning: capture of 'self' with non-sendable type 'LegacyHTTPClient' in a '@Sendable' closure; this is an error in the Swift 6 language mode
175 |             // cancellation support
176 |             // if the callback is no longer on the pending lists it has been canceled already

/__w/_temp/corpus/Sources/Basics/HTTPClient/LegacyHTTPClient.swift:187:13: warning: capture of 'self' with non-sendable type 'LegacyHTTPClient' in a '@Sendable' closure; this is an error in the Swift 6 language mode
 23 | // MARK: - LegacyHTTPClient
 24 | 
 25 | public final class LegacyHTTPClient: Cancellable {
    |                    `- note: class 'LegacyHTTPClient' does not conform to the 'Sendable' protocol
 26 |     public typealias Configuration = LegacyHTTPClientConfiguration
 27 |     public typealias Request = LegacyHTTPClientRequest
    :
185 |         self.requestsQueue.addOperation {
186 |             // park the request thread based on the max concurrency allowed
187 |             self.concurrencySemaphore.wait()
    |             `- warning: capture of 'self' with non-sendable type 'LegacyHTTPClient' in a '@Sendable' closure; this is an error in the Swift 6 language mode
188 | 
189 |             // apply circuit breaker if necessary

/__w/_temp/corpus/Sources/Basics/HTTPClient/LegacyHTTPClient.swift:215:25: warning: capture of 'self' with non-sendable type 'LegacyHTTPClient' in a '@Sendable' closure; this is an error in the Swift 6 language mode
 23 | // MARK: - LegacyHTTPClient
 24 | 
 25 | public final class LegacyHTTPClient: Cancellable {
    |                    `- note: class 'LegacyHTTPClient' does not conform to the 'Sendable' protocol
 26 |     public typealias Configuration = LegacyHTTPClientConfiguration
 27 |     public typealias Request = LegacyHTTPClientRequest
    :
213 |                     case .success(let response):
214 |                         // record host errors for circuit breaker
215 |                         self.recordErrorIfNecessary(response: response, request: request)
    |                         `- warning: capture of 'self' with non-sendable type 'LegacyHTTPClient' in a '@Sendable' closure; this is an error in the Swift 6 language mode
216 |                         // handle retry strategy
217 |                         if let retryDelay = self.shouldRetry(

/__w/_temp/corpus/Sources/Basics/HTTPClient/LegacyHTTPClient.swift:230:33: warning: capture of 'self' with non-sendable type 'LegacyHTTPClient' in a '@Sendable' closure; this is an error in the Swift 6 language mode
 23 | // MARK: - LegacyHTTPClient
 24 | 
 25 | public final class LegacyHTTPClient: Cancellable {
    |                    `- note: class 'LegacyHTTPClient' does not conform to the 'Sendable' protocol
 26 |     public typealias Configuration = LegacyHTTPClientConfiguration
 27 |     public typealias Request = LegacyHTTPClientRequest
    :
228 |                             // TODO: dedicated retry queue?
229 |                             return self.configuration.callbackQueue.asyncAfter(deadline: .now() + retryDelay) {
230 |                                 self._execute(
    |                                 `- warning: capture of 'self' with non-sendable type 'LegacyHTTPClient' in a '@Sendable' closure; this is an error in the Swift 6 language mode
231 |                                     request: request,
232 |                                     requestNumber: requestNumber + 1,
[1172/1459] Compiling Crypto ASN1Identifier.swift
/__w/_temp/corpus/Sources/Basics/HTTPClient/LegacyHTTPClient.swift:53:24: warning: static property 'hostsErrors' is not concurrency-safe because it is nonisolated global shared mutable state; this is an error in the Swift 6 language mode
 51 |     // static to share across instances of the http client
 52 |     private static let hostsErrorsLock = NSLock()
 53 |     private static var hostsErrors = [String: [Date]]()
    |                        |- warning: static property 'hostsErrors' is not concurrency-safe because it is nonisolated global shared mutable state; this is an error in the Swift 6 language mode
    |                        |- note: convert 'hostsErrors' to a 'let' constant to make 'Sendable' shared state immutable
    |                        |- note: add '@MainActor' to make static property 'hostsErrors' part of global actor 'MainActor'
    |                        `- note: disable concurrency-safety checks if accesses are protected by an external synchronization mechanism
 54 | 
 55 |     public init(configuration: LegacyHTTPClientConfiguration = .init(), handler: Handler? = nil) {

/__w/_temp/corpus/Sources/Basics/HTTPClient/LegacyHTTPClient.swift:174:13: warning: capture of 'self' with non-sendable type 'LegacyHTTPClient' in a '@Sendable' closure; this is an error in the Swift 6 language mode
 23 | // MARK: - LegacyHTTPClient
 24 | 
 25 | public final class LegacyHTTPClient: Cancellable {
    |                    `- note: class 'LegacyHTTPClient' does not conform to the 'Sendable' protocol
 26 |     public typealias Configuration = LegacyHTTPClientConfiguration
 27 |     public typealias Request = LegacyHTTPClientRequest
    :
172 |         let completion: CompletionHandler = { result in
173 |             // free concurrency control semaphore
174 |             self.concurrencySemaphore.signal()
    |             `- warning: capture of 'self' with non-sendable type 'LegacyHTTPClient' in a '@Sendable' closure; this is an error in the Swift 6 language mode
175 |             // cancellation support
176 |             // if the callback is no longer on the pending lists it has been canceled already

/__w/_temp/corpus/Sources/Basics/HTTPClient/LegacyHTTPClient.swift:187:13: warning: capture of 'self' with non-sendable type 'LegacyHTTPClient' in a '@Sendable' closure; this is an error in the Swift 6 language mode
 23 | // MARK: - LegacyHTTPClient
 24 | 
 25 | public final class LegacyHTTPClient: Cancellable {
    |                    `- note: class 'LegacyHTTPClient' does not conform to the 'Sendable' protocol
 26 |     public typealias Configuration = LegacyHTTPClientConfiguration
 27 |     public typealias Request = LegacyHTTPClientRequest
    :
185 |         self.requestsQueue.addOperation {
186 |             // park the request thread based on the max concurrency allowed
187 |             self.concurrencySemaphore.wait()
    |             `- warning: capture of 'self' with non-sendable type 'LegacyHTTPClient' in a '@Sendable' closure; this is an error in the Swift 6 language mode
188 | 
189 |             // apply circuit breaker if necessary

/__w/_temp/corpus/Sources/Basics/HTTPClient/LegacyHTTPClient.swift:215:25: warning: capture of 'self' with non-sendable type 'LegacyHTTPClient' in a '@Sendable' closure; this is an error in the Swift 6 language mode
 23 | // MARK: - LegacyHTTPClient
 24 | 
 25 | public final class LegacyHTTPClient: Cancellable {
    |                    `- note: class 'LegacyHTTPClient' does not conform to the 'Sendable' protocol
 26 |     public typealias Configuration = LegacyHTTPClientConfiguration
 27 |     public typealias Request = LegacyHTTPClientRequest
    :
213 |                     case .success(let response):
214 |                         // record host errors for circuit breaker
215 |                         self.recordErrorIfNecessary(response: response, request: request)
    |                         `- warning: capture of 'self' with non-sendable type 'LegacyHTTPClient' in a '@Sendable' closure; this is an error in the Swift 6 language mode
216 |                         // handle retry strategy
217 |                         if let retryDelay = self.shouldRetry(

/__w/_temp/corpus/Sources/Basics/HTTPClient/LegacyHTTPClient.swift:230:33: warning: capture of 'self' with non-sendable type 'LegacyHTTPClient' in a '@Sendable' closure; this is an error in the Swift 6 language mode
 23 | // MARK: - LegacyHTTPClient
 24 | 
 25 | public final class LegacyHTTPClient: Cancellable {
    |                    `- note: class 'LegacyHTTPClient' does not conform to the 'Sendable' protocol
 26 |     public typealias Configuration = LegacyHTTPClientConfiguration
 27 |     public typealias Request = LegacyHTTPClientRequest
    :
228 |                             // TODO: dedicated retry queue?
229 |                             return self.configuration.callbackQueue.asyncAfter(deadline: .now() + retryDelay) {
230 |                                 self._execute(
    |                                 `- warning: capture of 'self' with non-sendable type 'LegacyHTTPClient' in a '@Sendable' closure; this is an error in the Swift 6 language mode
231 |                                     request: request,
232 |                                     requestNumber: requestNumber + 1,
[1173/1459] Compiling Crypto ASN1Integer.swift
/__w/_temp/corpus/Sources/Basics/HTTPClient/LegacyHTTPClient.swift:53:24: warning: static property 'hostsErrors' is not concurrency-safe because it is nonisolated global shared mutable state; this is an error in the Swift 6 language mode
 51 |     // static to share across instances of the http client
 52 |     private static let hostsErrorsLock = NSLock()
 53 |     private static var hostsErrors = [String: [Date]]()
    |                        |- warning: static property 'hostsErrors' is not concurrency-safe because it is nonisolated global shared mutable state; this is an error in the Swift 6 language mode
    |                        |- note: convert 'hostsErrors' to a 'let' constant to make 'Sendable' shared state immutable
    |                        |- note: add '@MainActor' to make static property 'hostsErrors' part of global actor 'MainActor'
    |                        `- note: disable concurrency-safety checks if accesses are protected by an external synchronization mechanism
 54 | 
 55 |     public init(configuration: LegacyHTTPClientConfiguration = .init(), handler: Handler? = nil) {

/__w/_temp/corpus/Sources/Basics/HTTPClient/LegacyHTTPClient.swift:174:13: warning: capture of 'self' with non-sendable type 'LegacyHTTPClient' in a '@Sendable' closure; this is an error in the Swift 6 language mode
 23 | // MARK: - LegacyHTTPClient
 24 | 
 25 | public final class LegacyHTTPClient: Cancellable {
    |                    `- note: class 'LegacyHTTPClient' does not conform to the 'Sendable' protocol
 26 |     public typealias Configuration = LegacyHTTPClientConfiguration
 27 |     public typealias Request = LegacyHTTPClientRequest
    :
172 |         let completion: CompletionHandler = { result in
173 |             // free concurrency control semaphore
174 |             self.concurrencySemaphore.signal()
    |             `- warning: capture of 'self' with non-sendable type 'LegacyHTTPClient' in a '@Sendable' closure; this is an error in the Swift 6 language mode
175 |             // cancellation support
176 |             // if the callback is no longer on the pending lists it has been canceled already

/__w/_temp/corpus/Sources/Basics/HTTPClient/LegacyHTTPClient.swift:187:13: warning: capture of 'self' with non-sendable type 'LegacyHTTPClient' in a '@Sendable' closure; this is an error in the Swift 6 language mode
 23 | // MARK: - LegacyHTTPClient
 24 | 
 25 | public final class LegacyHTTPClient: Cancellable {
    |                    `- note: class 'LegacyHTTPClient' does not conform to the 'Sendable' protocol
 26 |     public typealias Configuration = LegacyHTTPClientConfiguration
 27 |     public typealias Request = LegacyHTTPClientRequest
    :
185 |         self.requestsQueue.addOperation {
186 |             // park the request thread based on the max concurrency allowed
187 |             self.concurrencySemaphore.wait()
    |             `- warning: capture of 'self' with non-sendable type 'LegacyHTTPClient' in a '@Sendable' closure; this is an error in the Swift 6 language mode
188 | 
189 |             // apply circuit breaker if necessary

/__w/_temp/corpus/Sources/Basics/HTTPClient/LegacyHTTPClient.swift:215:25: warning: capture of 'self' with non-sendable type 'LegacyHTTPClient' in a '@Sendable' closure; this is an error in the Swift 6 language mode
 23 | // MARK: - LegacyHTTPClient
 24 | 
 25 | public final class LegacyHTTPClient: Cancellable {
    |                    `- note: class 'LegacyHTTPClient' does not conform to the 'Sendable' protocol
 26 |     public typealias Configuration = LegacyHTTPClientConfiguration
 27 |     public typealias Request = LegacyHTTPClientRequest
    :
213 |                     case .success(let response):
214 |                         // record host errors for circuit breaker
215 |                         self.recordErrorIfNecessary(response: response, request: request)
    |                         `- warning: capture of 'self' with non-sendable type 'LegacyHTTPClient' in a '@Sendable' closure; this is an error in the Swift 6 language mode
216 |                         // handle retry strategy
217 |                         if let retryDelay = self.shouldRetry(

/__w/_temp/corpus/Sources/Basics/HTTPClient/LegacyHTTPClient.swift:230:33: warning: capture of 'self' with non-sendable type 'LegacyHTTPClient' in a '@Sendable' closure; this is an error in the Swift 6 language mode
 23 | // MARK: - LegacyHTTPClient
 24 | 
 25 | public final class LegacyHTTPClient: Cancellable {
    |                    `- note: class 'LegacyHTTPClient' does not conform to the 'Sendable' protocol
 26 |     public typealias Configuration = LegacyHTTPClientConfiguration
 27 |     public typealias Request = LegacyHTTPClientRequest
    :
228 |                             // TODO: dedicated retry queue?
229 |                             return self.configuration.callbackQueue.asyncAfter(deadline: .now() + retryDelay) {
230 |                                 self._execute(
    |                                 `- warning: capture of 'self' with non-sendable type 'LegacyHTTPClient' in a '@Sendable' closure; this is an error in the Swift 6 language mode
231 |                                     request: request,
232 |                                     requestNumber: requestNumber + 1,
[1174/1459] Compiling Crypto ASN1Null.swift
/__w/_temp/corpus/Sources/Basics/HTTPClient/LegacyHTTPClient.swift:53:24: warning: static property 'hostsErrors' is not concurrency-safe because it is nonisolated global shared mutable state; this is an error in the Swift 6 language mode
 51 |     // static to share across instances of the http client
 52 |     private static let hostsErrorsLock = NSLock()
 53 |     private static var hostsErrors = [String: [Date]]()
    |                        |- warning: static property 'hostsErrors' is not concurrency-safe because it is nonisolated global shared mutable state; this is an error in the Swift 6 language mode
    |                        |- note: convert 'hostsErrors' to a 'let' constant to make 'Sendable' shared state immutable
    |                        |- note: add '@MainActor' to make static property 'hostsErrors' part of global actor 'MainActor'
    |                        `- note: disable concurrency-safety checks if accesses are protected by an external synchronization mechanism
 54 | 
 55 |     public init(configuration: LegacyHTTPClientConfiguration = .init(), handler: Handler? = nil) {

/__w/_temp/corpus/Sources/Basics/HTTPClient/LegacyHTTPClient.swift:174:13: warning: capture of 'self' with non-sendable type 'LegacyHTTPClient' in a '@Sendable' closure; this is an error in the Swift 6 language mode
 23 | // MARK: - LegacyHTTPClient
 24 | 
 25 | public final class LegacyHTTPClient: Cancellable {
    |                    `- note: class 'LegacyHTTPClient' does not conform to the 'Sendable' protocol
 26 |     public typealias Configuration = LegacyHTTPClientConfiguration
 27 |     public typealias Request = LegacyHTTPClientRequest
    :
172 |         let completion: CompletionHandler = { result in
173 |             // free concurrency control semaphore
174 |             self.concurrencySemaphore.signal()
    |             `- warning: capture of 'self' with non-sendable type 'LegacyHTTPClient' in a '@Sendable' closure; this is an error in the Swift 6 language mode
175 |             // cancellation support
176 |             // if the callback is no longer on the pending lists it has been canceled already

/__w/_temp/corpus/Sources/Basics/HTTPClient/LegacyHTTPClient.swift:187:13: warning: capture of 'self' with non-sendable type 'LegacyHTTPClient' in a '@Sendable' closure; this is an error in the Swift 6 language mode
 23 | // MARK: - LegacyHTTPClient
 24 | 
 25 | public final class LegacyHTTPClient: Cancellable {
    |                    `- note: class 'LegacyHTTPClient' does not conform to the 'Sendable' protocol
 26 |     public typealias Configuration = LegacyHTTPClientConfiguration
 27 |     public typealias Request = LegacyHTTPClientRequest
    :
185 |         self.requestsQueue.addOperation {
186 |             // park the request thread based on the max concurrency allowed
187 |             self.concurrencySemaphore.wait()
    |             `- warning: capture of 'self' with non-sendable type 'LegacyHTTPClient' in a '@Sendable' closure; this is an error in the Swift 6 language mode
188 | 
189 |             // apply circuit breaker if necessary

/__w/_temp/corpus/Sources/Basics/HTTPClient/LegacyHTTPClient.swift:215:25: warning: capture of 'self' with non-sendable type 'LegacyHTTPClient' in a '@Sendable' closure; this is an error in the Swift 6 language mode
 23 | // MARK: - LegacyHTTPClient
 24 | 
 25 | public final class LegacyHTTPClient: Cancellable {
    |                    `- note: class 'LegacyHTTPClient' does not conform to the 'Sendable' protocol
 26 |     public typealias Configuration = LegacyHTTPClientConfiguration
 27 |     public typealias Request = LegacyHTTPClientRequest
    :
213 |                     case .success(let response):
214 |                         // record host errors for circuit breaker
215 |                         self.recordErrorIfNecessary(response: response, request: request)
    |                         `- warning: capture of 'self' with non-sendable type 'LegacyHTTPClient' in a '@Sendable' closure; this is an error in the Swift 6 language mode
216 |                         // handle retry strategy
217 |                         if let retryDelay = self.shouldRetry(

/__w/_temp/corpus/Sources/Basics/HTTPClient/LegacyHTTPClient.swift:230:33: warning: capture of 'self' with non-sendable type 'LegacyHTTPClient' in a '@Sendable' closure; this is an error in the Swift 6 language mode
 23 | // MARK: - LegacyHTTPClient
 24 | 
 25 | public final class LegacyHTTPClient: Cancellable {
    |                    `- note: class 'LegacyHTTPClient' does not conform to the 'Sendable' protocol
 26 |     public typealias Configuration = LegacyHTTPClientConfiguration
 27 |     public typealias Request = LegacyHTTPClientRequest
    :
228 |                             // TODO: dedicated retry queue?
229 |                             return self.configuration.callbackQueue.asyncAfter(deadline: .now() + retryDelay) {
230 |                                 self._execute(
    |                                 `- warning: capture of 'self' with non-sendable type 'LegacyHTTPClient' in a '@Sendable' closure; this is an error in the Swift 6 language mode
231 |                                     request: request,
232 |                                     requestNumber: requestNumber + 1,
[1175/1459] Compiling Crypto ASN1OctetString.swift
/__w/_temp/corpus/Sources/Basics/HTTPClient/LegacyHTTPClient.swift:53:24: warning: static property 'hostsErrors' is not concurrency-safe because it is nonisolated global shared mutable state; this is an error in the Swift 6 language mode
 51 |     // static to share across instances of the http client
 52 |     private static let hostsErrorsLock = NSLock()
 53 |     private static var hostsErrors = [String: [Date]]()
    |                        |- warning: static property 'hostsErrors' is not concurrency-safe because it is nonisolated global shared mutable state; this is an error in the Swift 6 language mode
    |                        |- note: convert 'hostsErrors' to a 'let' constant to make 'Sendable' shared state immutable
    |                        |- note: add '@MainActor' to make static property 'hostsErrors' part of global actor 'MainActor'
    |                        `- note: disable concurrency-safety checks if accesses are protected by an external synchronization mechanism
 54 | 
 55 |     public init(configuration: LegacyHTTPClientConfiguration = .init(), handler: Handler? = nil) {

/__w/_temp/corpus/Sources/Basics/HTTPClient/LegacyHTTPClient.swift:174:13: warning: capture of 'self' with non-sendable type 'LegacyHTTPClient' in a '@Sendable' closure; this is an error in the Swift 6 language mode
 23 | // MARK: - LegacyHTTPClient
 24 | 
 25 | public final class LegacyHTTPClient: Cancellable {
    |                    `- note: class 'LegacyHTTPClient' does not conform to the 'Sendable' protocol
 26 |     public typealias Configuration = LegacyHTTPClientConfiguration
 27 |     public typealias Request = LegacyHTTPClientRequest
    :
172 |         let completion: CompletionHandler = { result in
173 |             // free concurrency control semaphore
174 |             self.concurrencySemaphore.signal()
    |             `- warning: capture of 'self' with non-sendable type 'LegacyHTTPClient' in a '@Sendable' closure; this is an error in the Swift 6 language mode
175 |             // cancellation support
176 |             // if the callback is no longer on the pending lists it has been canceled already

/__w/_temp/corpus/Sources/Basics/HTTPClient/LegacyHTTPClient.swift:187:13: warning: capture of 'self' with non-sendable type 'LegacyHTTPClient' in a '@Sendable' closure; this is an error in the Swift 6 language mode
 23 | // MARK: - LegacyHTTPClient
 24 | 
 25 | public final class LegacyHTTPClient: Cancellable {
    |                    `- note: class 'LegacyHTTPClient' does not conform to the 'Sendable' protocol
 26 |     public typealias Configuration = LegacyHTTPClientConfiguration
 27 |     public typealias Request = LegacyHTTPClientRequest
    :
185 |         self.requestsQueue.addOperation {
186 |             // park the request thread based on the max concurrency allowed
187 |             self.concurrencySemaphore.wait()
    |             `- warning: capture of 'self' with non-sendable type 'LegacyHTTPClient' in a '@Sendable' closure; this is an error in the Swift 6 language mode
188 | 
189 |             // apply circuit breaker if necessary

/__w/_temp/corpus/Sources/Basics/HTTPClient/LegacyHTTPClient.swift:215:25: warning: capture of 'self' with non-sendable type 'LegacyHTTPClient' in a '@Sendable' closure; this is an error in the Swift 6 language mode
 23 | // MARK: - LegacyHTTPClient
 24 | 
 25 | public final class LegacyHTTPClient: Cancellable {
    |                    `- note: class 'LegacyHTTPClient' does not conform to the 'Sendable' protocol
 26 |     public typealias Configuration = LegacyHTTPClientConfiguration
 27 |     public typealias Request = LegacyHTTPClientRequest
    :
213 |                     case .success(let response):
214 |                         // record host errors for circuit breaker
215 |                         self.recordErrorIfNecessary(response: response, request: request)
    |                         `- warning: capture of 'self' with non-sendable type 'LegacyHTTPClient' in a '@Sendable' closure; this is an error in the Swift 6 language mode
216 |                         // handle retry strategy
217 |                         if let retryDelay = self.shouldRetry(

/__w/_temp/corpus/Sources/Basics/HTTPClient/LegacyHTTPClient.swift:230:33: warning: capture of 'self' with non-sendable type 'LegacyHTTPClient' in a '@Sendable' closure; this is an error in the Swift 6 language mode
 23 | // MARK: - LegacyHTTPClient
 24 | 
 25 | public final class LegacyHTTPClient: Cancellable {
    |                    `- note: class 'LegacyHTTPClient' does not conform to the 'Sendable' protocol
 26 |     public typealias Configuration = LegacyHTTPClientConfiguration
 27 |     public typealias Request = LegacyHTTPClientRequest
    :
228 |                             // TODO: dedicated retry queue?
229 |                             return self.configuration.callbackQueue.asyncAfter(deadline: .now() + retryDelay) {
230 |                                 self._execute(
    |                                 `- warning: capture of 'self' with non-sendable type 'LegacyHTTPClient' in a '@Sendable' closure; this is an error in the Swift 6 language mode
231 |                                     request: request,
232 |                                     requestNumber: requestNumber + 1,
[1176/1459] Compiling Crypto ASN1Strings.swift
/__w/_temp/corpus/Sources/Basics/HTTPClient/LegacyHTTPClient.swift:53:24: warning: static property 'hostsErrors' is not concurrency-safe because it is nonisolated global shared mutable state; this is an error in the Swift 6 language mode
 51 |     // static to share across instances of the http client
 52 |     private static let hostsErrorsLock = NSLock()
 53 |     private static var hostsErrors = [String: [Date]]()
    |                        |- warning: static property 'hostsErrors' is not concurrency-safe because it is nonisolated global shared mutable state; this is an error in the Swift 6 language mode
    |                        |- note: convert 'hostsErrors' to a 'let' constant to make 'Sendable' shared state immutable
    |                        |- note: add '@MainActor' to make static property 'hostsErrors' part of global actor 'MainActor'
    |                        `- note: disable concurrency-safety checks if accesses are protected by an external synchronization mechanism
 54 | 
 55 |     public init(configuration: LegacyHTTPClientConfiguration = .init(), handler: Handler? = nil) {

/__w/_temp/corpus/Sources/Basics/HTTPClient/LegacyHTTPClient.swift:174:13: warning: capture of 'self' with non-sendable type 'LegacyHTTPClient' in a '@Sendable' closure; this is an error in the Swift 6 language mode
 23 | // MARK: - LegacyHTTPClient
 24 | 
 25 | public final class LegacyHTTPClient: Cancellable {
    |                    `- note: class 'LegacyHTTPClient' does not conform to the 'Sendable' protocol
 26 |     public typealias Configuration = LegacyHTTPClientConfiguration
 27 |     public typealias Request = LegacyHTTPClientRequest
    :
172 |         let completion: CompletionHandler = { result in
173 |             // free concurrency control semaphore
174 |             self.concurrencySemaphore.signal()
    |             `- warning: capture of 'self' with non-sendable type 'LegacyHTTPClient' in a '@Sendable' closure; this is an error in the Swift 6 language mode
175 |             // cancellation support
176 |             // if the callback is no longer on the pending lists it has been canceled already

/__w/_temp/corpus/Sources/Basics/HTTPClient/LegacyHTTPClient.swift:187:13: warning: capture of 'self' with non-sendable type 'LegacyHTTPClient' in a '@Sendable' closure; this is an error in the Swift 6 language mode
 23 | // MARK: - LegacyHTTPClient
 24 | 
 25 | public final class LegacyHTTPClient: Cancellable {
    |                    `- note: class 'LegacyHTTPClient' does not conform to the 'Sendable' protocol
 26 |     public typealias Configuration = LegacyHTTPClientConfiguration
 27 |     public typealias Request = LegacyHTTPClientRequest
    :
185 |         self.requestsQueue.addOperation {
186 |             // park the request thread based on the max concurrency allowed
187 |             self.concurrencySemaphore.wait()
    |             `- warning: capture of 'self' with non-sendable type 'LegacyHTTPClient' in a '@Sendable' closure; this is an error in the Swift 6 language mode
188 | 
189 |             // apply circuit breaker if necessary

/__w/_temp/corpus/Sources/Basics/HTTPClient/LegacyHTTPClient.swift:215:25: warning: capture of 'self' with non-sendable type 'LegacyHTTPClient' in a '@Sendable' closure; this is an error in the Swift 6 language mode
 23 | // MARK: - LegacyHTTPClient
 24 | 
 25 | public final class LegacyHTTPClient: Cancellable {
    |                    `- note: class 'LegacyHTTPClient' does not conform to the 'Sendable' protocol
 26 |     public typealias Configuration = LegacyHTTPClientConfiguration
 27 |     public typealias Request = LegacyHTTPClientRequest
    :
213 |                     case .success(let response):
214 |                         // record host errors for circuit breaker
215 |                         self.recordErrorIfNecessary(response: response, request: request)
    |                         `- warning: capture of 'self' with non-sendable type 'LegacyHTTPClient' in a '@Sendable' closure; this is an error in the Swift 6 language mode
216 |                         // handle retry strategy
217 |                         if let retryDelay = self.shouldRetry(

/__w/_temp/corpus/Sources/Basics/HTTPClient/LegacyHTTPClient.swift:230:33: warning: capture of 'self' with non-sendable type 'LegacyHTTPClient' in a '@Sendable' closure; this is an error in the Swift 6 language mode
 23 | // MARK: - LegacyHTTPClient
 24 | 
 25 | public final class LegacyHTTPClient: Cancellable {
    |                    `- note: class 'LegacyHTTPClient' does not conform to the 'Sendable' protocol
 26 |     public typealias Configuration = LegacyHTTPClientConfiguration
 27 |     public typealias Request = LegacyHTTPClientRequest
    :
228 |                             // TODO: dedicated retry queue?
229 |                             return self.configuration.callbackQueue.asyncAfter(deadline: .now() + retryDelay) {
230 |                                 self._execute(
    |                                 `- warning: capture of 'self' with non-sendable type 'LegacyHTTPClient' in a '@Sendable' closure; this is an error in the Swift 6 language mode
231 |                                     request: request,
232 |                                     requestNumber: requestNumber + 1,
[1177/1459] Compiling Crypto ArraySliceBigint.swift
/__w/_temp/corpus/Sources/Basics/Cancellator.swift:37:24: warning: static property 'isSignalHandlerInstalled' is not concurrency-safe because it is nonisolated global shared mutable state; this is an error in the Swift 6 language mode
 35 | 
 36 |     private static let signalHandlerLock = NSLock()
 37 |     private static var isSignalHandlerInstalled = false
    |                        |- warning: static property 'isSignalHandlerInstalled' is not concurrency-safe because it is nonisolated global shared mutable state; this is an error in the Swift 6 language mode
    |                        |- note: convert 'isSignalHandlerInstalled' to a 'let' constant to make 'Sendable' shared state immutable
    |                        |- note: add '@MainActor' to make static property 'isSignalHandlerInstalled' part of global actor 'MainActor'
    |                        `- note: disable concurrency-safety checks if accesses are protected by an external synchronization mechanism
 38 | 
 39 |     public init(observabilityScope: ObservabilityScope?) {

/__w/_temp/corpus/Sources/Basics/Cancellator.swift:119:52: warning: converting non-sendable function value to '@Sendable (DispatchTime) throws -> Void' may introduce data races
117 |     @discardableResult
118 |     public func register(name: String, handler: Cancellable) -> RegistrationKey? {
119 |         self.register(name: name, handler: handler.cancel(deadline:))
    |                                                    `- warning: converting non-sendable function value to '@Sendable (DispatchTime) throws -> Void' may introduce data races
120 |     }
121 | 

/__w/_temp/corpus/Sources/Basics/Cancellator.swift:128:93: warning: converting non-sendable function value to '@Sendable (DispatchTime) throws -> Void' may introduce data races
126 | 
127 |     package func register(_ process: AsyncProcess) -> RegistrationKey? {
128 |         self.register(name: "\(process.arguments.joined(separator: " "))", handler: process.terminate)
    |                                                                                             `- warning: converting non-sendable function value to '@Sendable (DispatchTime) throws -> Void' may introduce data races
129 |     }
130 | 

/__w/_temp/corpus/Sources/Basics/Cancellator.swift:133:72: warning: converting non-sendable function value to '@Sendable (DispatchTime) throws -> Void' may introduce data races
131 |     #if !os(iOS) && !os(watchOS) && !os(tvOS)
132 |     public func register(_ process: Foundation.Process) -> RegistrationKey? {
133 |         self.register(name: "\(process.description)", handler: process.terminate(timeout:))
    |                                                                        `- warning: converting non-sendable function value to '@Sendable (DispatchTime) throws -> Void' may introduce data races
134 |     }
135 |     #endif

/__w/_temp/corpus/Sources/Basics/Concurrency/AsyncProcess.swift:190:14: warning: associated value 'stream(stdout:stderr:redirectStderr:)' of 'Sendable'-conforming enum 'OutputRedirection' has non-sendable type 'AsyncProcess.OutputClosure' (aka '(Array<UInt8>) -> ()'); this is an error in the Swift 6 language mode
 188 |         /// Stream `stdout` and `stderr` via the corresponding closures. If `redirectStderr` is `true`, `stderr` will
 189 |         /// be redirected to `stdout`.
 190 |         case stream(stdout: OutputClosure, stderr: OutputClosure, redirectStderr: Bool)
     |              |- warning: associated value 'stream(stdout:stderr:redirectStderr:)' of 'Sendable'-conforming enum 'OutputRedirection' has non-sendable type 'AsyncProcess.OutputClosure' (aka '(Array<UInt8>) -> ()'); this is an error in the Swift 6 language mode
     |              `- note: a function type must be marked '@Sendable' to conform to 'Sendable'
 191 | 
 192 |         /// Stream stdout and stderr as `AsyncSequence` provided as an argument to closures passed to

/__w/_temp/corpus/Sources/Basics/Concurrency/AsyncProcess.swift:190:14: warning: associated value 'stream(stdout:stderr:redirectStderr:)' of 'Sendable'-conforming enum 'OutputRedirection' has non-sendable type 'AsyncProcess.OutputClosure' (aka '(Array<UInt8>) -> ()'); this is an error in the Swift 6 language mode
 188 |         /// Stream `stdout` and `stderr` via the corresponding closures. If `redirectStderr` is `true`, `stderr` will
 189 |         /// be redirected to `stdout`.
 190 |         case stream(stdout: OutputClosure, stderr: OutputClosure, redirectStderr: Bool)
     |              |- warning: associated value 'stream(stdout:stderr:redirectStderr:)' of 'Sendable'-conforming enum 'OutputRedirection' has non-sendable type 'AsyncProcess.OutputClosure' (aka '(Array<UInt8>) -> ()'); this is an error in the Swift 6 language mode
     |              `- note: a function type must be marked '@Sendable' to conform to 'Sendable'
 191 | 
 192 |         /// Stream stdout and stderr as `AsyncSequence` provided as an argument to closures passed to

/__w/_temp/corpus/Sources/Basics/Concurrency/AsyncProcess.swift:265:24: warning: static property '_loggingHandler' is not concurrency-safe because it is nonisolated global shared mutable state; this is an error in the Swift 6 language mode
 263 |     package typealias LoggingHandler = (String) -> Void
 264 | 
 265 |     private static var _loggingHandler: LoggingHandler?
     |                        |- warning: static property '_loggingHandler' is not concurrency-safe because it is nonisolated global shared mutable state; this is an error in the Swift 6 language mode
     |                        |- note: convert '_loggingHandler' to a 'let' constant to make 'Sendable' shared state immutable
     |                        |- note: add '@MainActor' to make static property '_loggingHandler' part of global actor 'MainActor'
     |                        `- note: disable concurrency-safety checks if accesses are protected by an external synchronization mechanism
 266 |     private static let loggingHandlerLock = NSLock()
 267 | 

/__w/_temp/corpus/Sources/Basics/Concurrency/AsyncProcess.swift:333:24: warning: static property 'validatedExecutablesMap' is not concurrency-safe because it is nonisolated global shared mutable state; this is an error in the Swift 6 language mode
 331 |     /// Key: Executable name or path.
 332 |     /// Value: Path to the executable, if found.
 333 |     private static var validatedExecutablesMap = [String: AbsolutePath?]()
     |                        |- warning: static property 'validatedExecutablesMap' is not concurrency-safe because it is nonisolated global shared mutable state; this is an error in the Swift 6 language mode
     |                        |- note: convert 'validatedExecutablesMap' to a 'let' constant to make 'Sendable' shared state immutable
     |                        |- note: add '@MainActor' to make static property 'validatedExecutablesMap' part of global actor 'MainActor'
     |                        `- note: disable concurrency-safety checks if accesses are protected by an external synchronization mechanism
 334 |     private static let validatedExecutablesMapLock = NSLock()
 335 | 

/__w/_temp/corpus/Sources/Basics/Concurrency/AsyncProcess.swift:361:62: warning: 'loggingHandler' is deprecated: use instance level `loggingHandler` passed via `init` instead of setting one globally.
 359 |         self.outputRedirection = outputRedirection
 360 |         self.startNewProcessGroup = startNewProcessGroup
 361 |         self.loggingHandler = loggingHandler ?? AsyncProcess.loggingHandler
     |                                                              `- warning: 'loggingHandler' is deprecated: use instance level `loggingHandler` passed via `init` instead of setting one globally.
 362 |     }
 363 | 

/__w/_temp/corpus/Sources/Basics/Concurrency/AsyncProcess.swift:387:62: warning: 'loggingHandler' is deprecated: use instance level `loggingHandler` passed via `init` instead of setting one globally.
 385 |         self.outputRedirection = outputRedirection
 386 |         self.startNewProcessGroup = startNewProcessGroup
 387 |         self.loggingHandler = loggingHandler ?? AsyncProcess.loggingHandler
     |                                                              `- warning: 'loggingHandler' is deprecated: use instance level `loggingHandler` passed via `init` instead of setting one globally.
 388 |     }
 389 | 

/__w/_temp/corpus/Sources/Basics/Concurrency/AsyncProcess.swift:863:36: warning: capture of 'completion' with non-sendable type '(Result<AsyncProcessResult, any Error>) -> Void' in a '@Sendable' closure; this is an error in the Swift 6 language mode
 861 |             self.state = .complete(executionResult)
 862 |             self.completionQueue.async {
 863 |                 self.waitUntilExit(completion)
     |                                    |- warning: capture of 'completion' with non-sendable type '(Result<AsyncProcessResult, any Error>) -> Void' in a '@Sendable' closure; this is an error in the Swift 6 language mode
     |                                    `- note: a function type must be marked '@Sendable' to conform to 'Sendable'
 864 |             }
 865 |         }

/__w/_temp/corpus/Sources/Basics/Concurrency/AsyncProcess.swift:1107:17: warning: capture of 'completion' with non-sendable type '(Result<AsyncProcessResult, any Error>) -> Void' in a '@Sendable' closure; this is an error in the Swift 6 language mode
1105 |         } catch {
1106 |             completionQueue.async {
1107 |                 completion(.failure(error))
     |                 |- warning: capture of 'completion' with non-sendable type '(Result<AsyncProcessResult, any Error>) -> Void' in a '@Sendable' closure; this is an error in the Swift 6 language mode
     |                 `- note: a function type must be marked '@Sendable' to conform to 'Sendable'
1108 |             }
1109 |         }

/__w/_temp/corpus/Sources/Basics/Concurrency/ConcurrencyHelpers.swift:32:5: warning: sending value of non-Sendable type '() async -> ()' risks causing data races; this is an error in the Swift 6 language mode
30 | 
31 |     let box = ThreadSafeBox<T>()
32 |     Task {
   |     |- warning: sending value of non-Sendable type '() async -> ()' risks causing data races; this is an error in the Swift 6 language mode
   |     `- note: Passing value of non-Sendable type '() async -> ()' as a 'sending' argument risks causing races in between local and caller code
33 |         let localValue: T = await body()
34 |         box.mutate { _ in localValue }
   :
36 |     }
37 |     semaphore.wait()
38 |     return box.get()!
   |                `- note: access can happen concurrently
39 | }
40 | 
[1178/1459] Compiling Crypto GeneralizedTime.swift
/__w/_temp/corpus/Sources/Basics/Cancellator.swift:37:24: warning: static property 'isSignalHandlerInstalled' is not concurrency-safe because it is nonisolated global shared mutable state; this is an error in the Swift 6 language mode
 35 | 
 36 |     private static let signalHandlerLock = NSLock()
 37 |     private static var isSignalHandlerInstalled = false
    |                        |- warning: static property 'isSignalHandlerInstalled' is not concurrency-safe because it is nonisolated global shared mutable state; this is an error in the Swift 6 language mode
    |                        |- note: convert 'isSignalHandlerInstalled' to a 'let' constant to make 'Sendable' shared state immutable
    |                        |- note: add '@MainActor' to make static property 'isSignalHandlerInstalled' part of global actor 'MainActor'
    |                        `- note: disable concurrency-safety checks if accesses are protected by an external synchronization mechanism
 38 | 
 39 |     public init(observabilityScope: ObservabilityScope?) {

/__w/_temp/corpus/Sources/Basics/Cancellator.swift:119:52: warning: converting non-sendable function value to '@Sendable (DispatchTime) throws -> Void' may introduce data races
117 |     @discardableResult
118 |     public func register(name: String, handler: Cancellable) -> RegistrationKey? {
119 |         self.register(name: name, handler: handler.cancel(deadline:))
    |                                                    `- warning: converting non-sendable function value to '@Sendable (DispatchTime) throws -> Void' may introduce data races
120 |     }
121 | 

/__w/_temp/corpus/Sources/Basics/Cancellator.swift:128:93: warning: converting non-sendable function value to '@Sendable (DispatchTime) throws -> Void' may introduce data races
126 | 
127 |     package func register(_ process: AsyncProcess) -> RegistrationKey? {
128 |         self.register(name: "\(process.arguments.joined(separator: " "))", handler: process.terminate)
    |                                                                                             `- warning: converting non-sendable function value to '@Sendable (DispatchTime) throws -> Void' may introduce data races
129 |     }
130 | 

/__w/_temp/corpus/Sources/Basics/Cancellator.swift:133:72: warning: converting non-sendable function value to '@Sendable (DispatchTime) throws -> Void' may introduce data races
131 |     #if !os(iOS) && !os(watchOS) && !os(tvOS)
132 |     public func register(_ process: Foundation.Process) -> RegistrationKey? {
133 |         self.register(name: "\(process.description)", handler: process.terminate(timeout:))
    |                                                                        `- warning: converting non-sendable function value to '@Sendable (DispatchTime) throws -> Void' may introduce data races
134 |     }
135 |     #endif

/__w/_temp/corpus/Sources/Basics/Concurrency/AsyncProcess.swift:190:14: warning: associated value 'stream(stdout:stderr:redirectStderr:)' of 'Sendable'-conforming enum 'OutputRedirection' has non-sendable type 'AsyncProcess.OutputClosure' (aka '(Array<UInt8>) -> ()'); this is an error in the Swift 6 language mode
 188 |         /// Stream `stdout` and `stderr` via the corresponding closures. If `redirectStderr` is `true`, `stderr` will
 189 |         /// be redirected to `stdout`.
 190 |         case stream(stdout: OutputClosure, stderr: OutputClosure, redirectStderr: Bool)
     |              |- warning: associated value 'stream(stdout:stderr:redirectStderr:)' of 'Sendable'-conforming enum 'OutputRedirection' has non-sendable type 'AsyncProcess.OutputClosure' (aka '(Array<UInt8>) -> ()'); this is an error in the Swift 6 language mode
     |              `- note: a function type must be marked '@Sendable' to conform to 'Sendable'
 191 | 
 192 |         /// Stream stdout and stderr as `AsyncSequence` provided as an argument to closures passed to

/__w/_temp/corpus/Sources/Basics/Concurrency/AsyncProcess.swift:190:14: warning: associated value 'stream(stdout:stderr:redirectStderr:)' of 'Sendable'-conforming enum 'OutputRedirection' has non-sendable type 'AsyncProcess.OutputClosure' (aka '(Array<UInt8>) -> ()'); this is an error in the Swift 6 language mode
 188 |         /// Stream `stdout` and `stderr` via the corresponding closures. If `redirectStderr` is `true`, `stderr` will
 189 |         /// be redirected to `stdout`.
 190 |         case stream(stdout: OutputClosure, stderr: OutputClosure, redirectStderr: Bool)
     |              |- warning: associated value 'stream(stdout:stderr:redirectStderr:)' of 'Sendable'-conforming enum 'OutputRedirection' has non-sendable type 'AsyncProcess.OutputClosure' (aka '(Array<UInt8>) -> ()'); this is an error in the Swift 6 language mode
     |              `- note: a function type must be marked '@Sendable' to conform to 'Sendable'
 191 | 
 192 |         /// Stream stdout and stderr as `AsyncSequence` provided as an argument to closures passed to

/__w/_temp/corpus/Sources/Basics/Concurrency/AsyncProcess.swift:265:24: warning: static property '_loggingHandler' is not concurrency-safe because it is nonisolated global shared mutable state; this is an error in the Swift 6 language mode
 263 |     package typealias LoggingHandler = (String) -> Void
 264 | 
 265 |     private static var _loggingHandler: LoggingHandler?
     |                        |- warning: static property '_loggingHandler' is not concurrency-safe because it is nonisolated global shared mutable state; this is an error in the Swift 6 language mode
     |                        |- note: convert '_loggingHandler' to a 'let' constant to make 'Sendable' shared state immutable
     |                        |- note: add '@MainActor' to make static property '_loggingHandler' part of global actor 'MainActor'
     |                        `- note: disable concurrency-safety checks if accesses are protected by an external synchronization mechanism
 266 |     private static let loggingHandlerLock = NSLock()
 267 | 

/__w/_temp/corpus/Sources/Basics/Concurrency/AsyncProcess.swift:333:24: warning: static property 'validatedExecutablesMap' is not concurrency-safe because it is nonisolated global shared mutable state; this is an error in the Swift 6 language mode
 331 |     /// Key: Executable name or path.
 332 |     /// Value: Path to the executable, if found.
 333 |     private static var validatedExecutablesMap = [String: AbsolutePath?]()
     |                        |- warning: static property 'validatedExecutablesMap' is not concurrency-safe because it is nonisolated global shared mutable state; this is an error in the Swift 6 language mode
     |                        |- note: convert 'validatedExecutablesMap' to a 'let' constant to make 'Sendable' shared state immutable
     |                        |- note: add '@MainActor' to make static property 'validatedExecutablesMap' part of global actor 'MainActor'
     |                        `- note: disable concurrency-safety checks if accesses are protected by an external synchronization mechanism
 334 |     private static let validatedExecutablesMapLock = NSLock()
 335 | 

/__w/_temp/corpus/Sources/Basics/Concurrency/AsyncProcess.swift:361:62: warning: 'loggingHandler' is deprecated: use instance level `loggingHandler` passed via `init` instead of setting one globally.
 359 |         self.outputRedirection = outputRedirection
 360 |         self.startNewProcessGroup = startNewProcessGroup
 361 |         self.loggingHandler = loggingHandler ?? AsyncProcess.loggingHandler
     |                                                              `- warning: 'loggingHandler' is deprecated: use instance level `loggingHandler` passed via `init` instead of setting one globally.
 362 |     }
 363 | 

/__w/_temp/corpus/Sources/Basics/Concurrency/AsyncProcess.swift:387:62: warning: 'loggingHandler' is deprecated: use instance level `loggingHandler` passed via `init` instead of setting one globally.
 385 |         self.outputRedirection = outputRedirection
 386 |         self.startNewProcessGroup = startNewProcessGroup
 387 |         self.loggingHandler = loggingHandler ?? AsyncProcess.loggingHandler
     |                                                              `- warning: 'loggingHandler' is deprecated: use instance level `loggingHandler` passed via `init` instead of setting one globally.
 388 |     }
 389 | 

/__w/_temp/corpus/Sources/Basics/Concurrency/AsyncProcess.swift:863:36: warning: capture of 'completion' with non-sendable type '(Result<AsyncProcessResult, any Error>) -> Void' in a '@Sendable' closure; this is an error in the Swift 6 language mode
 861 |             self.state = .complete(executionResult)
 862 |             self.completionQueue.async {
 863 |                 self.waitUntilExit(completion)
     |                                    |- warning: capture of 'completion' with non-sendable type '(Result<AsyncProcessResult, any Error>) -> Void' in a '@Sendable' closure; this is an error in the Swift 6 language mode
     |                                    `- note: a function type must be marked '@Sendable' to conform to 'Sendable'
 864 |             }
 865 |         }

/__w/_temp/corpus/Sources/Basics/Concurrency/AsyncProcess.swift:1107:17: warning: capture of 'completion' with non-sendable type '(Result<AsyncProcessResult, any Error>) -> Void' in a '@Sendable' closure; this is an error in the Swift 6 language mode
1105 |         } catch {
1106 |             completionQueue.async {
1107 |                 completion(.failure(error))
     |                 |- warning: capture of 'completion' with non-sendable type '(Result<AsyncProcessResult, any Error>) -> Void' in a '@Sendable' closure; this is an error in the Swift 6 language mode
     |                 `- note: a function type must be marked '@Sendable' to conform to 'Sendable'
1108 |             }
1109 |         }

/__w/_temp/corpus/Sources/Basics/Concurrency/ConcurrencyHelpers.swift:32:5: warning: sending value of non-Sendable type '() async -> ()' risks causing data races; this is an error in the Swift 6 language mode
30 | 
31 |     let box = ThreadSafeBox<T>()
32 |     Task {
   |     |- warning: sending value of non-Sendable type '() async -> ()' risks causing data races; this is an error in the Swift 6 language mode
   |     `- note: Passing value of non-Sendable type '() async -> ()' as a 'sending' argument risks causing races in between local and caller code
33 |         let localValue: T = await body()
34 |         box.mutate { _ in localValue }
   :
36 |     }
37 |     semaphore.wait()
38 |     return box.get()!
   |                `- note: access can happen concurrently
39 | }
40 | 
[1179/1459] Compiling Crypto ObjectIdentifier.swift
/__w/_temp/corpus/Sources/Basics/Cancellator.swift:37:24: warning: static property 'isSignalHandlerInstalled' is not concurrency-safe because it is nonisolated global shared mutable state; this is an error in the Swift 6 language mode
 35 | 
 36 |     private static let signalHandlerLock = NSLock()
 37 |     private static var isSignalHandlerInstalled = false
    |                        |- warning: static property 'isSignalHandlerInstalled' is not concurrency-safe because it is nonisolated global shared mutable state; this is an error in the Swift 6 language mode
    |                        |- note: convert 'isSignalHandlerInstalled' to a 'let' constant to make 'Sendable' shared state immutable
    |                        |- note: add '@MainActor' to make static property 'isSignalHandlerInstalled' part of global actor 'MainActor'
    |                        `- note: disable concurrency-safety checks if accesses are protected by an external synchronization mechanism
 38 | 
 39 |     public init(observabilityScope: ObservabilityScope?) {

/__w/_temp/corpus/Sources/Basics/Cancellator.swift:119:52: warning: converting non-sendable function value to '@Sendable (DispatchTime) throws -> Void' may introduce data races
117 |     @discardableResult
118 |     public func register(name: String, handler: Cancellable) -> RegistrationKey? {
119 |         self.register(name: name, handler: handler.cancel(deadline:))
    |                                                    `- warning: converting non-sendable function value to '@Sendable (DispatchTime) throws -> Void' may introduce data races
120 |     }
121 | 

/__w/_temp/corpus/Sources/Basics/Cancellator.swift:128:93: warning: converting non-sendable function value to '@Sendable (DispatchTime) throws -> Void' may introduce data races
126 | 
127 |     package func register(_ process: AsyncProcess) -> RegistrationKey? {
128 |         self.register(name: "\(process.arguments.joined(separator: " "))", handler: process.terminate)
    |                                                                                             `- warning: converting non-sendable function value to '@Sendable (DispatchTime) throws -> Void' may introduce data races
129 |     }
130 | 

/__w/_temp/corpus/Sources/Basics/Cancellator.swift:133:72: warning: converting non-sendable function value to '@Sendable (DispatchTime) throws -> Void' may introduce data races
131 |     #if !os(iOS) && !os(watchOS) && !os(tvOS)
132 |     public func register(_ process: Foundation.Process) -> RegistrationKey? {
133 |         self.register(name: "\(process.description)", handler: process.terminate(timeout:))
    |                                                                        `- warning: converting non-sendable function value to '@Sendable (DispatchTime) throws -> Void' may introduce data races
134 |     }
135 |     #endif

/__w/_temp/corpus/Sources/Basics/Concurrency/AsyncProcess.swift:190:14: warning: associated value 'stream(stdout:stderr:redirectStderr:)' of 'Sendable'-conforming enum 'OutputRedirection' has non-sendable type 'AsyncProcess.OutputClosure' (aka '(Array<UInt8>) -> ()'); this is an error in the Swift 6 language mode
 188 |         /// Stream `stdout` and `stderr` via the corresponding closures. If `redirectStderr` is `true`, `stderr` will
 189 |         /// be redirected to `stdout`.
 190 |         case stream(stdout: OutputClosure, stderr: OutputClosure, redirectStderr: Bool)
     |              |- warning: associated value 'stream(stdout:stderr:redirectStderr:)' of 'Sendable'-conforming enum 'OutputRedirection' has non-sendable type 'AsyncProcess.OutputClosure' (aka '(Array<UInt8>) -> ()'); this is an error in the Swift 6 language mode
     |              `- note: a function type must be marked '@Sendable' to conform to 'Sendable'
 191 | 
 192 |         /// Stream stdout and stderr as `AsyncSequence` provided as an argument to closures passed to

/__w/_temp/corpus/Sources/Basics/Concurrency/AsyncProcess.swift:190:14: warning: associated value 'stream(stdout:stderr:redirectStderr:)' of 'Sendable'-conforming enum 'OutputRedirection' has non-sendable type 'AsyncProcess.OutputClosure' (aka '(Array<UInt8>) -> ()'); this is an error in the Swift 6 language mode
 188 |         /// Stream `stdout` and `stderr` via the corresponding closures. If `redirectStderr` is `true`, `stderr` will
 189 |         /// be redirected to `stdout`.
 190 |         case stream(stdout: OutputClosure, stderr: OutputClosure, redirectStderr: Bool)
     |              |- warning: associated value 'stream(stdout:stderr:redirectStderr:)' of 'Sendable'-conforming enum 'OutputRedirection' has non-sendable type 'AsyncProcess.OutputClosure' (aka '(Array<UInt8>) -> ()'); this is an error in the Swift 6 language mode
     |              `- note: a function type must be marked '@Sendable' to conform to 'Sendable'
 191 | 
 192 |         /// Stream stdout and stderr as `AsyncSequence` provided as an argument to closures passed to

/__w/_temp/corpus/Sources/Basics/Concurrency/AsyncProcess.swift:265:24: warning: static property '_loggingHandler' is not concurrency-safe because it is nonisolated global shared mutable state; this is an error in the Swift 6 language mode
 263 |     package typealias LoggingHandler = (String) -> Void
 264 | 
 265 |     private static var _loggingHandler: LoggingHandler?
     |                        |- warning: static property '_loggingHandler' is not concurrency-safe because it is nonisolated global shared mutable state; this is an error in the Swift 6 language mode
     |                        |- note: convert '_loggingHandler' to a 'let' constant to make 'Sendable' shared state immutable
     |                        |- note: add '@MainActor' to make static property '_loggingHandler' part of global actor 'MainActor'
     |                        `- note: disable concurrency-safety checks if accesses are protected by an external synchronization mechanism
 266 |     private static let loggingHandlerLock = NSLock()
 267 | 

/__w/_temp/corpus/Sources/Basics/Concurrency/AsyncProcess.swift:333:24: warning: static property 'validatedExecutablesMap' is not concurrency-safe because it is nonisolated global shared mutable state; this is an error in the Swift 6 language mode
 331 |     /// Key: Executable name or path.
 332 |     /// Value: Path to the executable, if found.
 333 |     private static var validatedExecutablesMap = [String: AbsolutePath?]()
     |                        |- warning: static property 'validatedExecutablesMap' is not concurrency-safe because it is nonisolated global shared mutable state; this is an error in the Swift 6 language mode
     |                        |- note: convert 'validatedExecutablesMap' to a 'let' constant to make 'Sendable' shared state immutable
     |                        |- note: add '@MainActor' to make static property 'validatedExecutablesMap' part of global actor 'MainActor'
     |                        `- note: disable concurrency-safety checks if accesses are protected by an external synchronization mechanism
 334 |     private static let validatedExecutablesMapLock = NSLock()
 335 | 

/__w/_temp/corpus/Sources/Basics/Concurrency/AsyncProcess.swift:361:62: warning: 'loggingHandler' is deprecated: use instance level `loggingHandler` passed via `init` instead of setting one globally.
 359 |         self.outputRedirection = outputRedirection
 360 |         self.startNewProcessGroup = startNewProcessGroup
 361 |         self.loggingHandler = loggingHandler ?? AsyncProcess.loggingHandler
     |                                                              `- warning: 'loggingHandler' is deprecated: use instance level `loggingHandler` passed via `init` instead of setting one globally.
 362 |     }
 363 | 

/__w/_temp/corpus/Sources/Basics/Concurrency/AsyncProcess.swift:387:62: warning: 'loggingHandler' is deprecated: use instance level `loggingHandler` passed via `init` instead of setting one globally.
 385 |         self.outputRedirection = outputRedirection
 386 |         self.startNewProcessGroup = startNewProcessGroup
 387 |         self.loggingHandler = loggingHandler ?? AsyncProcess.loggingHandler
     |                                                              `- warning: 'loggingHandler' is deprecated: use instance level `loggingHandler` passed via `init` instead of setting one globally.
 388 |     }
 389 | 

/__w/_temp/corpus/Sources/Basics/Concurrency/AsyncProcess.swift:863:36: warning: capture of 'completion' with non-sendable type '(Result<AsyncProcessResult, any Error>) -> Void' in a '@Sendable' closure; this is an error in the Swift 6 language mode
 861 |             self.state = .complete(executionResult)
 862 |             self.completionQueue.async {
 863 |                 self.waitUntilExit(completion)
     |                                    |- warning: capture of 'completion' with non-sendable type '(Result<AsyncProcessResult, any Error>) -> Void' in a '@Sendable' closure; this is an error in the Swift 6 language mode
     |                                    `- note: a function type must be marked '@Sendable' to conform to 'Sendable'
 864 |             }
 865 |         }

/__w/_temp/corpus/Sources/Basics/Concurrency/AsyncProcess.swift:1107:17: warning: capture of 'completion' with non-sendable type '(Result<AsyncProcessResult, any Error>) -> Void' in a '@Sendable' closure; this is an error in the Swift 6 language mode
1105 |         } catch {
1106 |             completionQueue.async {
1107 |                 completion(.failure(error))
     |                 |- warning: capture of 'completion' with non-sendable type '(Result<AsyncProcessResult, any Error>) -> Void' in a '@Sendable' closure; this is an error in the Swift 6 language mode
     |                 `- note: a function type must be marked '@Sendable' to conform to 'Sendable'
1108 |             }
1109 |         }

/__w/_temp/corpus/Sources/Basics/Concurrency/ConcurrencyHelpers.swift:32:5: warning: sending value of non-Sendable type '() async -> ()' risks causing data races; this is an error in the Swift 6 language mode
30 | 
31 |     let box = ThreadSafeBox<T>()
32 |     Task {
   |     |- warning: sending value of non-Sendable type '() async -> ()' risks causing data races; this is an error in the Swift 6 language mode
   |     `- note: Passing value of non-Sendable type '() async -> ()' as a 'sending' argument risks causing races in between local and caller code
33 |         let localValue: T = await body()
34 |         box.mutate { _ in localValue }
   :
36 |     }
37 |     semaphore.wait()
38 |     return box.get()!
   |                `- note: access can happen concurrently
39 | }
40 | 
[1180/1459] Compiling Crypto ECDSASignature.swift
/__w/_temp/corpus/Sources/Basics/Cancellator.swift:37:24: warning: static property 'isSignalHandlerInstalled' is not concurrency-safe because it is nonisolated global shared mutable state; this is an error in the Swift 6 language mode
 35 | 
 36 |     private static let signalHandlerLock = NSLock()
 37 |     private static var isSignalHandlerInstalled = false
    |                        |- warning: static property 'isSignalHandlerInstalled' is not concurrency-safe because it is nonisolated global shared mutable state; this is an error in the Swift 6 language mode
    |                        |- note: convert 'isSignalHandlerInstalled' to a 'let' constant to make 'Sendable' shared state immutable
    |                        |- note: add '@MainActor' to make static property 'isSignalHandlerInstalled' part of global actor 'MainActor'
    |                        `- note: disable concurrency-safety checks if accesses are protected by an external synchronization mechanism
 38 | 
 39 |     public init(observabilityScope: ObservabilityScope?) {

/__w/_temp/corpus/Sources/Basics/Cancellator.swift:119:52: warning: converting non-sendable function value to '@Sendable (DispatchTime) throws -> Void' may introduce data races
117 |     @discardableResult
118 |     public func register(name: String, handler: Cancellable) -> RegistrationKey? {
119 |         self.register(name: name, handler: handler.cancel(deadline:))
    |                                                    `- warning: converting non-sendable function value to '@Sendable (DispatchTime) throws -> Void' may introduce data races
120 |     }
121 | 

/__w/_temp/corpus/Sources/Basics/Cancellator.swift:128:93: warning: converting non-sendable function value to '@Sendable (DispatchTime) throws -> Void' may introduce data races
126 | 
127 |     package func register(_ process: AsyncProcess) -> RegistrationKey? {
128 |         self.register(name: "\(process.arguments.joined(separator: " "))", handler: process.terminate)
    |                                                                                             `- warning: converting non-sendable function value to '@Sendable (DispatchTime) throws -> Void' may introduce data races
129 |     }
130 | 

/__w/_temp/corpus/Sources/Basics/Cancellator.swift:133:72: warning: converting non-sendable function value to '@Sendable (DispatchTime) throws -> Void' may introduce data races
131 |     #if !os(iOS) && !os(watchOS) && !os(tvOS)
132 |     public func register(_ process: Foundation.Process) -> RegistrationKey? {
133 |         self.register(name: "\(process.description)", handler: process.terminate(timeout:))
    |                                                                        `- warning: converting non-sendable function value to '@Sendable (DispatchTime) throws -> Void' may introduce data races
134 |     }
135 |     #endif

/__w/_temp/corpus/Sources/Basics/Concurrency/AsyncProcess.swift:190:14: warning: associated value 'stream(stdout:stderr:redirectStderr:)' of 'Sendable'-conforming enum 'OutputRedirection' has non-sendable type 'AsyncProcess.OutputClosure' (aka '(Array<UInt8>) -> ()'); this is an error in the Swift 6 language mode
 188 |         /// Stream `stdout` and `stderr` via the corresponding closures. If `redirectStderr` is `true`, `stderr` will
 189 |         /// be redirected to `stdout`.
 190 |         case stream(stdout: OutputClosure, stderr: OutputClosure, redirectStderr: Bool)
     |              |- warning: associated value 'stream(stdout:stderr:redirectStderr:)' of 'Sendable'-conforming enum 'OutputRedirection' has non-sendable type 'AsyncProcess.OutputClosure' (aka '(Array<UInt8>) -> ()'); this is an error in the Swift 6 language mode
     |              `- note: a function type must be marked '@Sendable' to conform to 'Sendable'
 191 | 
 192 |         /// Stream stdout and stderr as `AsyncSequence` provided as an argument to closures passed to

/__w/_temp/corpus/Sources/Basics/Concurrency/AsyncProcess.swift:190:14: warning: associated value 'stream(stdout:stderr:redirectStderr:)' of 'Sendable'-conforming enum 'OutputRedirection' has non-sendable type 'AsyncProcess.OutputClosure' (aka '(Array<UInt8>) -> ()'); this is an error in the Swift 6 language mode
 188 |         /// Stream `stdout` and `stderr` via the corresponding closures. If `redirectStderr` is `true`, `stderr` will
 189 |         /// be redirected to `stdout`.
 190 |         case stream(stdout: OutputClosure, stderr: OutputClosure, redirectStderr: Bool)
     |              |- warning: associated value 'stream(stdout:stderr:redirectStderr:)' of 'Sendable'-conforming enum 'OutputRedirection' has non-sendable type 'AsyncProcess.OutputClosure' (aka '(Array<UInt8>) -> ()'); this is an error in the Swift 6 language mode
     |              `- note: a function type must be marked '@Sendable' to conform to 'Sendable'
 191 | 
 192 |         /// Stream stdout and stderr as `AsyncSequence` provided as an argument to closures passed to

/__w/_temp/corpus/Sources/Basics/Concurrency/AsyncProcess.swift:265:24: warning: static property '_loggingHandler' is not concurrency-safe because it is nonisolated global shared mutable state; this is an error in the Swift 6 language mode
 263 |     package typealias LoggingHandler = (String) -> Void
 264 | 
 265 |     private static var _loggingHandler: LoggingHandler?
     |                        |- warning: static property '_loggingHandler' is not concurrency-safe because it is nonisolated global shared mutable state; this is an error in the Swift 6 language mode
     |                        |- note: convert '_loggingHandler' to a 'let' constant to make 'Sendable' shared state immutable
     |                        |- note: add '@MainActor' to make static property '_loggingHandler' part of global actor 'MainActor'
     |                        `- note: disable concurrency-safety checks if accesses are protected by an external synchronization mechanism
 266 |     private static let loggingHandlerLock = NSLock()
 267 | 

/__w/_temp/corpus/Sources/Basics/Concurrency/AsyncProcess.swift:333:24: warning: static property 'validatedExecutablesMap' is not concurrency-safe because it is nonisolated global shared mutable state; this is an error in the Swift 6 language mode
 331 |     /// Key: Executable name or path.
 332 |     /// Value: Path to the executable, if found.
 333 |     private static var validatedExecutablesMap = [String: AbsolutePath?]()
     |                        |- warning: static property 'validatedExecutablesMap' is not concurrency-safe because it is nonisolated global shared mutable state; this is an error in the Swift 6 language mode
     |                        |- note: convert 'validatedExecutablesMap' to a 'let' constant to make 'Sendable' shared state immutable
     |                        |- note: add '@MainActor' to make static property 'validatedExecutablesMap' part of global actor 'MainActor'
     |                        `- note: disable concurrency-safety checks if accesses are protected by an external synchronization mechanism
 334 |     private static let validatedExecutablesMapLock = NSLock()
 335 | 

/__w/_temp/corpus/Sources/Basics/Concurrency/AsyncProcess.swift:361:62: warning: 'loggingHandler' is deprecated: use instance level `loggingHandler` passed via `init` instead of setting one globally.
 359 |         self.outputRedirection = outputRedirection
 360 |         self.startNewProcessGroup = startNewProcessGroup
 361 |         self.loggingHandler = loggingHandler ?? AsyncProcess.loggingHandler
     |                                                              `- warning: 'loggingHandler' is deprecated: use instance level `loggingHandler` passed via `init` instead of setting one globally.
 362 |     }
 363 | 

/__w/_temp/corpus/Sources/Basics/Concurrency/AsyncProcess.swift:387:62: warning: 'loggingHandler' is deprecated: use instance level `loggingHandler` passed via `init` instead of setting one globally.
 385 |         self.outputRedirection = outputRedirection
 386 |         self.startNewProcessGroup = startNewProcessGroup
 387 |         self.loggingHandler = loggingHandler ?? AsyncProcess.loggingHandler
     |                                                              `- warning: 'loggingHandler' is deprecated: use instance level `loggingHandler` passed via `init` instead of setting one globally.
 388 |     }
 389 | 

/__w/_temp/corpus/Sources/Basics/Concurrency/AsyncProcess.swift:863:36: warning: capture of 'completion' with non-sendable type '(Result<AsyncProcessResult, any Error>) -> Void' in a '@Sendable' closure; this is an error in the Swift 6 language mode
 861 |             self.state = .complete(executionResult)
 862 |             self.completionQueue.async {
 863 |                 self.waitUntilExit(completion)
     |                                    |- warning: capture of 'completion' with non-sendable type '(Result<AsyncProcessResult, any Error>) -> Void' in a '@Sendable' closure; this is an error in the Swift 6 language mode
     |                                    `- note: a function type must be marked '@Sendable' to conform to 'Sendable'
 864 |             }
 865 |         }

/__w/_temp/corpus/Sources/Basics/Concurrency/AsyncProcess.swift:1107:17: warning: capture of 'completion' with non-sendable type '(Result<AsyncProcessResult, any Error>) -> Void' in a '@Sendable' closure; this is an error in the Swift 6 language mode
1105 |         } catch {
1106 |             completionQueue.async {
1107 |                 completion(.failure(error))
     |                 |- warning: capture of 'completion' with non-sendable type '(Result<AsyncProcessResult, any Error>) -> Void' in a '@Sendable' closure; this is an error in the Swift 6 language mode
     |                 `- note: a function type must be marked '@Sendable' to conform to 'Sendable'
1108 |             }
1109 |         }

/__w/_temp/corpus/Sources/Basics/Concurrency/ConcurrencyHelpers.swift:32:5: warning: sending value of non-Sendable type '() async -> ()' risks causing data races; this is an error in the Swift 6 language mode
30 | 
31 |     let box = ThreadSafeBox<T>()
32 |     Task {
   |     |- warning: sending value of non-Sendable type '() async -> ()' risks causing data races; this is an error in the Swift 6 language mode
   |     `- note: Passing value of non-Sendable type '() async -> ()' as a 'sending' argument risks causing races in between local and caller code
33 |         let localValue: T = await body()
34 |         box.mutate { _ in localValue }
   :
36 |     }
37 |     semaphore.wait()
38 |     return box.get()!
   |                `- note: access can happen concurrently
39 | }
40 | 
[1181/1459] Compiling Crypto PEMDocument.swift
/__w/_temp/corpus/Sources/Basics/Cancellator.swift:37:24: warning: static property 'isSignalHandlerInstalled' is not concurrency-safe because it is nonisolated global shared mutable state; this is an error in the Swift 6 language mode
 35 | 
 36 |     private static let signalHandlerLock = NSLock()
 37 |     private static var isSignalHandlerInstalled = false
    |                        |- warning: static property 'isSignalHandlerInstalled' is not concurrency-safe because it is nonisolated global shared mutable state; this is an error in the Swift 6 language mode
    |                        |- note: convert 'isSignalHandlerInstalled' to a 'let' constant to make 'Sendable' shared state immutable
    |                        |- note: add '@MainActor' to make static property 'isSignalHandlerInstalled' part of global actor 'MainActor'
    |                        `- note: disable concurrency-safety checks if accesses are protected by an external synchronization mechanism
 38 | 
 39 |     public init(observabilityScope: ObservabilityScope?) {

/__w/_temp/corpus/Sources/Basics/Cancellator.swift:119:52: warning: converting non-sendable function value to '@Sendable (DispatchTime) throws -> Void' may introduce data races
117 |     @discardableResult
118 |     public func register(name: String, handler: Cancellable) -> RegistrationKey? {
119 |         self.register(name: name, handler: handler.cancel(deadline:))
    |                                                    `- warning: converting non-sendable function value to '@Sendable (DispatchTime) throws -> Void' may introduce data races
120 |     }
121 | 

/__w/_temp/corpus/Sources/Basics/Cancellator.swift:128:93: warning: converting non-sendable function value to '@Sendable (DispatchTime) throws -> Void' may introduce data races
126 | 
127 |     package func register(_ process: AsyncProcess) -> RegistrationKey? {
128 |         self.register(name: "\(process.arguments.joined(separator: " "))", handler: process.terminate)
    |                                                                                             `- warning: converting non-sendable function value to '@Sendable (DispatchTime) throws -> Void' may introduce data races
129 |     }
130 | 

/__w/_temp/corpus/Sources/Basics/Cancellator.swift:133:72: warning: converting non-sendable function value to '@Sendable (DispatchTime) throws -> Void' may introduce data races
131 |     #if !os(iOS) && !os(watchOS) && !os(tvOS)
132 |     public func register(_ process: Foundation.Process) -> RegistrationKey? {
133 |         self.register(name: "\(process.description)", handler: process.terminate(timeout:))
    |                                                                        `- warning: converting non-sendable function value to '@Sendable (DispatchTime) throws -> Void' may introduce data races
134 |     }
135 |     #endif

/__w/_temp/corpus/Sources/Basics/Concurrency/AsyncProcess.swift:190:14: warning: associated value 'stream(stdout:stderr:redirectStderr:)' of 'Sendable'-conforming enum 'OutputRedirection' has non-sendable type 'AsyncProcess.OutputClosure' (aka '(Array<UInt8>) -> ()'); this is an error in the Swift 6 language mode
 188 |         /// Stream `stdout` and `stderr` via the corresponding closures. If `redirectStderr` is `true`, `stderr` will
 189 |         /// be redirected to `stdout`.
 190 |         case stream(stdout: OutputClosure, stderr: OutputClosure, redirectStderr: Bool)
     |              |- warning: associated value 'stream(stdout:stderr:redirectStderr:)' of 'Sendable'-conforming enum 'OutputRedirection' has non-sendable type 'AsyncProcess.OutputClosure' (aka '(Array<UInt8>) -> ()'); this is an error in the Swift 6 language mode
     |              `- note: a function type must be marked '@Sendable' to conform to 'Sendable'
 191 | 
 192 |         /// Stream stdout and stderr as `AsyncSequence` provided as an argument to closures passed to

/__w/_temp/corpus/Sources/Basics/Concurrency/AsyncProcess.swift:190:14: warning: associated value 'stream(stdout:stderr:redirectStderr:)' of 'Sendable'-conforming enum 'OutputRedirection' has non-sendable type 'AsyncProcess.OutputClosure' (aka '(Array<UInt8>) -> ()'); this is an error in the Swift 6 language mode
 188 |         /// Stream `stdout` and `stderr` via the corresponding closures. If `redirectStderr` is `true`, `stderr` will
 189 |         /// be redirected to `stdout`.
 190 |         case stream(stdout: OutputClosure, stderr: OutputClosure, redirectStderr: Bool)
     |              |- warning: associated value 'stream(stdout:stderr:redirectStderr:)' of 'Sendable'-conforming enum 'OutputRedirection' has non-sendable type 'AsyncProcess.OutputClosure' (aka '(Array<UInt8>) -> ()'); this is an error in the Swift 6 language mode
     |              `- note: a function type must be marked '@Sendable' to conform to 'Sendable'
 191 | 
 192 |         /// Stream stdout and stderr as `AsyncSequence` provided as an argument to closures passed to

/__w/_temp/corpus/Sources/Basics/Concurrency/AsyncProcess.swift:265:24: warning: static property '_loggingHandler' is not concurrency-safe because it is nonisolated global shared mutable state; this is an error in the Swift 6 language mode
 263 |     package typealias LoggingHandler = (String) -> Void
 264 | 
 265 |     private static var _loggingHandler: LoggingHandler?
     |                        |- warning: static property '_loggingHandler' is not concurrency-safe because it is nonisolated global shared mutable state; this is an error in the Swift 6 language mode
     |                        |- note: convert '_loggingHandler' to a 'let' constant to make 'Sendable' shared state immutable
     |                        |- note: add '@MainActor' to make static property '_loggingHandler' part of global actor 'MainActor'
     |                        `- note: disable concurrency-safety checks if accesses are protected by an external synchronization mechanism
 266 |     private static let loggingHandlerLock = NSLock()
 267 | 

/__w/_temp/corpus/Sources/Basics/Concurrency/AsyncProcess.swift:333:24: warning: static property 'validatedExecutablesMap' is not concurrency-safe because it is nonisolated global shared mutable state; this is an error in the Swift 6 language mode
 331 |     /// Key: Executable name or path.
 332 |     /// Value: Path to the executable, if found.
 333 |     private static var validatedExecutablesMap = [String: AbsolutePath?]()
     |                        |- warning: static property 'validatedExecutablesMap' is not concurrency-safe because it is nonisolated global shared mutable state; this is an error in the Swift 6 language mode
     |                        |- note: convert 'validatedExecutablesMap' to a 'let' constant to make 'Sendable' shared state immutable
     |                        |- note: add '@MainActor' to make static property 'validatedExecutablesMap' part of global actor 'MainActor'
     |                        `- note: disable concurrency-safety checks if accesses are protected by an external synchronization mechanism
 334 |     private static let validatedExecutablesMapLock = NSLock()
 335 | 

/__w/_temp/corpus/Sources/Basics/Concurrency/AsyncProcess.swift:361:62: warning: 'loggingHandler' is deprecated: use instance level `loggingHandler` passed via `init` instead of setting one globally.
 359 |         self.outputRedirection = outputRedirection
 360 |         self.startNewProcessGroup = startNewProcessGroup
 361 |         self.loggingHandler = loggingHandler ?? AsyncProcess.loggingHandler
     |                                                              `- warning: 'loggingHandler' is deprecated: use instance level `loggingHandler` passed via `init` instead of setting one globally.
 362 |     }
 363 | 

/__w/_temp/corpus/Sources/Basics/Concurrency/AsyncProcess.swift:387:62: warning: 'loggingHandler' is deprecated: use instance level `loggingHandler` passed via `init` instead of setting one globally.
 385 |         self.outputRedirection = outputRedirection
 386 |         self.startNewProcessGroup = startNewProcessGroup
 387 |         self.loggingHandler = loggingHandler ?? AsyncProcess.loggingHandler
     |                                                              `- warning: 'loggingHandler' is deprecated: use instance level `loggingHandler` passed via `init` instead of setting one globally.
 388 |     }
 389 | 

/__w/_temp/corpus/Sources/Basics/Concurrency/AsyncProcess.swift:863:36: warning: capture of 'completion' with non-sendable type '(Result<AsyncProcessResult, any Error>) -> Void' in a '@Sendable' closure; this is an error in the Swift 6 language mode
 861 |             self.state = .complete(executionResult)
 862 |             self.completionQueue.async {
 863 |                 self.waitUntilExit(completion)
     |                                    |- warning: capture of 'completion' with non-sendable type '(Result<AsyncProcessResult, any Error>) -> Void' in a '@Sendable' closure; this is an error in the Swift 6 language mode
     |                                    `- note: a function type must be marked '@Sendable' to conform to 'Sendable'
 864 |             }
 865 |         }

/__w/_temp/corpus/Sources/Basics/Concurrency/AsyncProcess.swift:1107:17: warning: capture of 'completion' with non-sendable type '(Result<AsyncProcessResult, any Error>) -> Void' in a '@Sendable' closure; this is an error in the Swift 6 language mode
1105 |         } catch {
1106 |             completionQueue.async {
1107 |                 completion(.failure(error))
     |                 |- warning: capture of 'completion' with non-sendable type '(Result<AsyncProcessResult, any Error>) -> Void' in a '@Sendable' closure; this is an error in the Swift 6 language mode
     |                 `- note: a function type must be marked '@Sendable' to conform to 'Sendable'
1108 |             }
1109 |         }

/__w/_temp/corpus/Sources/Basics/Concurrency/ConcurrencyHelpers.swift:32:5: warning: sending value of non-Sendable type '() async -> ()' risks causing data races; this is an error in the Swift 6 language mode
30 | 
31 |     let box = ThreadSafeBox<T>()
32 |     Task {
   |     |- warning: sending value of non-Sendable type '() async -> ()' risks causing data races; this is an error in the Swift 6 language mode
   |     `- note: Passing value of non-Sendable type '() async -> ()' as a 'sending' argument risks causing races in between local and caller code
33 |         let localValue: T = await body()
34 |         box.mutate { _ in localValue }
   :
36 |     }
37 |     semaphore.wait()
38 |     return box.get()!
   |                `- note: access can happen concurrently
39 | }
40 | 
[1182/1459] Compiling Crypto PKCS8PrivateKey.swift
/__w/_temp/corpus/Sources/Basics/Cancellator.swift:37:24: warning: static property 'isSignalHandlerInstalled' is not concurrency-safe because it is nonisolated global shared mutable state; this is an error in the Swift 6 language mode
 35 | 
 36 |     private static let signalHandlerLock = NSLock()
 37 |     private static var isSignalHandlerInstalled = false
    |                        |- warning: static property 'isSignalHandlerInstalled' is not concurrency-safe because it is nonisolated global shared mutable state; this is an error in the Swift 6 language mode
    |                        |- note: convert 'isSignalHandlerInstalled' to a 'let' constant to make 'Sendable' shared state immutable
    |                        |- note: add '@MainActor' to make static property 'isSignalHandlerInstalled' part of global actor 'MainActor'
    |                        `- note: disable concurrency-safety checks if accesses are protected by an external synchronization mechanism
 38 | 
 39 |     public init(observabilityScope: ObservabilityScope?) {

/__w/_temp/corpus/Sources/Basics/Cancellator.swift:119:52: warning: converting non-sendable function value to '@Sendable (DispatchTime) throws -> Void' may introduce data races
117 |     @discardableResult
118 |     public func register(name: String, handler: Cancellable) -> RegistrationKey? {
119 |         self.register(name: name, handler: handler.cancel(deadline:))
    |                                                    `- warning: converting non-sendable function value to '@Sendable (DispatchTime) throws -> Void' may introduce data races
120 |     }
121 | 

/__w/_temp/corpus/Sources/Basics/Cancellator.swift:128:93: warning: converting non-sendable function value to '@Sendable (DispatchTime) throws -> Void' may introduce data races
126 | 
127 |     package func register(_ process: AsyncProcess) -> RegistrationKey? {
128 |         self.register(name: "\(process.arguments.joined(separator: " "))", handler: process.terminate)
    |                                                                                             `- warning: converting non-sendable function value to '@Sendable (DispatchTime) throws -> Void' may introduce data races
129 |     }
130 | 

/__w/_temp/corpus/Sources/Basics/Cancellator.swift:133:72: warning: converting non-sendable function value to '@Sendable (DispatchTime) throws -> Void' may introduce data races
131 |     #if !os(iOS) && !os(watchOS) && !os(tvOS)
132 |     public func register(_ process: Foundation.Process) -> RegistrationKey? {
133 |         self.register(name: "\(process.description)", handler: process.terminate(timeout:))
    |                                                                        `- warning: converting non-sendable function value to '@Sendable (DispatchTime) throws -> Void' may introduce data races
134 |     }
135 |     #endif

/__w/_temp/corpus/Sources/Basics/Concurrency/AsyncProcess.swift:190:14: warning: associated value 'stream(stdout:stderr:redirectStderr:)' of 'Sendable'-conforming enum 'OutputRedirection' has non-sendable type 'AsyncProcess.OutputClosure' (aka '(Array<UInt8>) -> ()'); this is an error in the Swift 6 language mode
 188 |         /// Stream `stdout` and `stderr` via the corresponding closures. If `redirectStderr` is `true`, `stderr` will
 189 |         /// be redirected to `stdout`.
 190 |         case stream(stdout: OutputClosure, stderr: OutputClosure, redirectStderr: Bool)
     |              |- warning: associated value 'stream(stdout:stderr:redirectStderr:)' of 'Sendable'-conforming enum 'OutputRedirection' has non-sendable type 'AsyncProcess.OutputClosure' (aka '(Array<UInt8>) -> ()'); this is an error in the Swift 6 language mode
     |              `- note: a function type must be marked '@Sendable' to conform to 'Sendable'
 191 | 
 192 |         /// Stream stdout and stderr as `AsyncSequence` provided as an argument to closures passed to

/__w/_temp/corpus/Sources/Basics/Concurrency/AsyncProcess.swift:190:14: warning: associated value 'stream(stdout:stderr:redirectStderr:)' of 'Sendable'-conforming enum 'OutputRedirection' has non-sendable type 'AsyncProcess.OutputClosure' (aka '(Array<UInt8>) -> ()'); this is an error in the Swift 6 language mode
 188 |         /// Stream `stdout` and `stderr` via the corresponding closures. If `redirectStderr` is `true`, `stderr` will
 189 |         /// be redirected to `stdout`.
 190 |         case stream(stdout: OutputClosure, stderr: OutputClosure, redirectStderr: Bool)
     |              |- warning: associated value 'stream(stdout:stderr:redirectStderr:)' of 'Sendable'-conforming enum 'OutputRedirection' has non-sendable type 'AsyncProcess.OutputClosure' (aka '(Array<UInt8>) -> ()'); this is an error in the Swift 6 language mode
     |              `- note: a function type must be marked '@Sendable' to conform to 'Sendable'
 191 | 
 192 |         /// Stream stdout and stderr as `AsyncSequence` provided as an argument to closures passed to

/__w/_temp/corpus/Sources/Basics/Concurrency/AsyncProcess.swift:265:24: warning: static property '_loggingHandler' is not concurrency-safe because it is nonisolated global shared mutable state; this is an error in the Swift 6 language mode
 263 |     package typealias LoggingHandler = (String) -> Void
 264 | 
 265 |     private static var _loggingHandler: LoggingHandler?
     |                        |- warning: static property '_loggingHandler' is not concurrency-safe because it is nonisolated global shared mutable state; this is an error in the Swift 6 language mode
     |                        |- note: convert '_loggingHandler' to a 'let' constant to make 'Sendable' shared state immutable
     |                        |- note: add '@MainActor' to make static property '_loggingHandler' part of global actor 'MainActor'
     |                        `- note: disable concurrency-safety checks if accesses are protected by an external synchronization mechanism
 266 |     private static let loggingHandlerLock = NSLock()
 267 | 

/__w/_temp/corpus/Sources/Basics/Concurrency/AsyncProcess.swift:333:24: warning: static property 'validatedExecutablesMap' is not concurrency-safe because it is nonisolated global shared mutable state; this is an error in the Swift 6 language mode
 331 |     /// Key: Executable name or path.
 332 |     /// Value: Path to the executable, if found.
 333 |     private static var validatedExecutablesMap = [String: AbsolutePath?]()
     |                        |- warning: static property 'validatedExecutablesMap' is not concurrency-safe because it is nonisolated global shared mutable state; this is an error in the Swift 6 language mode
     |                        |- note: convert 'validatedExecutablesMap' to a 'let' constant to make 'Sendable' shared state immutable
     |                        |- note: add '@MainActor' to make static property 'validatedExecutablesMap' part of global actor 'MainActor'
     |                        `- note: disable concurrency-safety checks if accesses are protected by an external synchronization mechanism
 334 |     private static let validatedExecutablesMapLock = NSLock()
 335 | 

/__w/_temp/corpus/Sources/Basics/Concurrency/AsyncProcess.swift:361:62: warning: 'loggingHandler' is deprecated: use instance level `loggingHandler` passed via `init` instead of setting one globally.
 359 |         self.outputRedirection = outputRedirection
 360 |         self.startNewProcessGroup = startNewProcessGroup
 361 |         self.loggingHandler = loggingHandler ?? AsyncProcess.loggingHandler
     |                                                              `- warning: 'loggingHandler' is deprecated: use instance level `loggingHandler` passed via `init` instead of setting one globally.
 362 |     }
 363 | 

/__w/_temp/corpus/Sources/Basics/Concurrency/AsyncProcess.swift:387:62: warning: 'loggingHandler' is deprecated: use instance level `loggingHandler` passed via `init` instead of setting one globally.
 385 |         self.outputRedirection = outputRedirection
 386 |         self.startNewProcessGroup = startNewProcessGroup
 387 |         self.loggingHandler = loggingHandler ?? AsyncProcess.loggingHandler
     |                                                              `- warning: 'loggingHandler' is deprecated: use instance level `loggingHandler` passed via `init` instead of setting one globally.
 388 |     }
 389 | 

/__w/_temp/corpus/Sources/Basics/Concurrency/AsyncProcess.swift:863:36: warning: capture of 'completion' with non-sendable type '(Result<AsyncProcessResult, any Error>) -> Void' in a '@Sendable' closure; this is an error in the Swift 6 language mode
 861 |             self.state = .complete(executionResult)
 862 |             self.completionQueue.async {
 863 |                 self.waitUntilExit(completion)
     |                                    |- warning: capture of 'completion' with non-sendable type '(Result<AsyncProcessResult, any Error>) -> Void' in a '@Sendable' closure; this is an error in the Swift 6 language mode
     |                                    `- note: a function type must be marked '@Sendable' to conform to 'Sendable'
 864 |             }
 865 |         }

/__w/_temp/corpus/Sources/Basics/Concurrency/AsyncProcess.swift:1107:17: warning: capture of 'completion' with non-sendable type '(Result<AsyncProcessResult, any Error>) -> Void' in a '@Sendable' closure; this is an error in the Swift 6 language mode
1105 |         } catch {
1106 |             completionQueue.async {
1107 |                 completion(.failure(error))
     |                 |- warning: capture of 'completion' with non-sendable type '(Result<AsyncProcessResult, any Error>) -> Void' in a '@Sendable' closure; this is an error in the Swift 6 language mode
     |                 `- note: a function type must be marked '@Sendable' to conform to 'Sendable'
1108 |             }
1109 |         }

/__w/_temp/corpus/Sources/Basics/Concurrency/ConcurrencyHelpers.swift:32:5: warning: sending value of non-Sendable type '() async -> ()' risks causing data races; this is an error in the Swift 6 language mode
30 | 
31 |     let box = ThreadSafeBox<T>()
32 |     Task {
   |     |- warning: sending value of non-Sendable type '() async -> ()' risks causing data races; this is an error in the Swift 6 language mode
   |     `- note: Passing value of non-Sendable type '() async -> ()' as a 'sending' argument risks causing races in between local and caller code
33 |         let localValue: T = await body()
34 |         box.mutate { _ in localValue }
   :
36 |     }
37 |     semaphore.wait()
38 |     return box.get()!
   |                `- note: access can happen concurrently
39 | }
40 | 
[1183/1459] Compiling Crypto SEC1PrivateKey.swift
/__w/_temp/corpus/Sources/Basics/Cancellator.swift:37:24: warning: static property 'isSignalHandlerInstalled' is not concurrency-safe because it is nonisolated global shared mutable state; this is an error in the Swift 6 language mode
 35 | 
 36 |     private static let signalHandlerLock = NSLock()
 37 |     private static var isSignalHandlerInstalled = false
    |                        |- warning: static property 'isSignalHandlerInstalled' is not concurrency-safe because it is nonisolated global shared mutable state; this is an error in the Swift 6 language mode
    |                        |- note: convert 'isSignalHandlerInstalled' to a 'let' constant to make 'Sendable' shared state immutable
    |                        |- note: add '@MainActor' to make static property 'isSignalHandlerInstalled' part of global actor 'MainActor'
    |                        `- note: disable concurrency-safety checks if accesses are protected by an external synchronization mechanism
 38 | 
 39 |     public init(observabilityScope: ObservabilityScope?) {

/__w/_temp/corpus/Sources/Basics/Cancellator.swift:119:52: warning: converting non-sendable function value to '@Sendable (DispatchTime) throws -> Void' may introduce data races
117 |     @discardableResult
118 |     public func register(name: String, handler: Cancellable) -> RegistrationKey? {
119 |         self.register(name: name, handler: handler.cancel(deadline:))
    |                                                    `- warning: converting non-sendable function value to '@Sendable (DispatchTime) throws -> Void' may introduce data races
120 |     }
121 | 

/__w/_temp/corpus/Sources/Basics/Cancellator.swift:128:93: warning: converting non-sendable function value to '@Sendable (DispatchTime) throws -> Void' may introduce data races
126 | 
127 |     package func register(_ process: AsyncProcess) -> RegistrationKey? {
128 |         self.register(name: "\(process.arguments.joined(separator: " "))", handler: process.terminate)
    |                                                                                             `- warning: converting non-sendable function value to '@Sendable (DispatchTime) throws -> Void' may introduce data races
129 |     }
130 | 

/__w/_temp/corpus/Sources/Basics/Cancellator.swift:133:72: warning: converting non-sendable function value to '@Sendable (DispatchTime) throws -> Void' may introduce data races
131 |     #if !os(iOS) && !os(watchOS) && !os(tvOS)
132 |     public func register(_ process: Foundation.Process) -> RegistrationKey? {
133 |         self.register(name: "\(process.description)", handler: process.terminate(timeout:))
    |                                                                        `- warning: converting non-sendable function value to '@Sendable (DispatchTime) throws -> Void' may introduce data races
134 |     }
135 |     #endif

/__w/_temp/corpus/Sources/Basics/Concurrency/AsyncProcess.swift:190:14: warning: associated value 'stream(stdout:stderr:redirectStderr:)' of 'Sendable'-conforming enum 'OutputRedirection' has non-sendable type 'AsyncProcess.OutputClosure' (aka '(Array<UInt8>) -> ()'); this is an error in the Swift 6 language mode
 188 |         /// Stream `stdout` and `stderr` via the corresponding closures. If `redirectStderr` is `true`, `stderr` will
 189 |         /// be redirected to `stdout`.
 190 |         case stream(stdout: OutputClosure, stderr: OutputClosure, redirectStderr: Bool)
     |              |- warning: associated value 'stream(stdout:stderr:redirectStderr:)' of 'Sendable'-conforming enum 'OutputRedirection' has non-sendable type 'AsyncProcess.OutputClosure' (aka '(Array<UInt8>) -> ()'); this is an error in the Swift 6 language mode
     |              `- note: a function type must be marked '@Sendable' to conform to 'Sendable'
 191 | 
 192 |         /// Stream stdout and stderr as `AsyncSequence` provided as an argument to closures passed to

/__w/_temp/corpus/Sources/Basics/Concurrency/AsyncProcess.swift:190:14: warning: associated value 'stream(stdout:stderr:redirectStderr:)' of 'Sendable'-conforming enum 'OutputRedirection' has non-sendable type 'AsyncProcess.OutputClosure' (aka '(Array<UInt8>) -> ()'); this is an error in the Swift 6 language mode
 188 |         /// Stream `stdout` and `stderr` via the corresponding closures. If `redirectStderr` is `true`, `stderr` will
 189 |         /// be redirected to `stdout`.
 190 |         case stream(stdout: OutputClosure, stderr: OutputClosure, redirectStderr: Bool)
     |              |- warning: associated value 'stream(stdout:stderr:redirectStderr:)' of 'Sendable'-conforming enum 'OutputRedirection' has non-sendable type 'AsyncProcess.OutputClosure' (aka '(Array<UInt8>) -> ()'); this is an error in the Swift 6 language mode
     |              `- note: a function type must be marked '@Sendable' to conform to 'Sendable'
 191 | 
 192 |         /// Stream stdout and stderr as `AsyncSequence` provided as an argument to closures passed to

/__w/_temp/corpus/Sources/Basics/Concurrency/AsyncProcess.swift:265:24: warning: static property '_loggingHandler' is not concurrency-safe because it is nonisolated global shared mutable state; this is an error in the Swift 6 language mode
 263 |     package typealias LoggingHandler = (String) -> Void
 264 | 
 265 |     private static var _loggingHandler: LoggingHandler?
     |                        |- warning: static property '_loggingHandler' is not concurrency-safe because it is nonisolated global shared mutable state; this is an error in the Swift 6 language mode
     |                        |- note: convert '_loggingHandler' to a 'let' constant to make 'Sendable' shared state immutable
     |                        |- note: add '@MainActor' to make static property '_loggingHandler' part of global actor 'MainActor'
     |                        `- note: disable concurrency-safety checks if accesses are protected by an external synchronization mechanism
 266 |     private static let loggingHandlerLock = NSLock()
 267 | 

/__w/_temp/corpus/Sources/Basics/Concurrency/AsyncProcess.swift:333:24: warning: static property 'validatedExecutablesMap' is not concurrency-safe because it is nonisolated global shared mutable state; this is an error in the Swift 6 language mode
 331 |     /// Key: Executable name or path.
 332 |     /// Value: Path to the executable, if found.
 333 |     private static var validatedExecutablesMap = [String: AbsolutePath?]()
     |                        |- warning: static property 'validatedExecutablesMap' is not concurrency-safe because it is nonisolated global shared mutable state; this is an error in the Swift 6 language mode
     |                        |- note: convert 'validatedExecutablesMap' to a 'let' constant to make 'Sendable' shared state immutable
     |                        |- note: add '@MainActor' to make static property 'validatedExecutablesMap' part of global actor 'MainActor'
     |                        `- note: disable concurrency-safety checks if accesses are protected by an external synchronization mechanism
 334 |     private static let validatedExecutablesMapLock = NSLock()
 335 | 

/__w/_temp/corpus/Sources/Basics/Concurrency/AsyncProcess.swift:361:62: warning: 'loggingHandler' is deprecated: use instance level `loggingHandler` passed via `init` instead of setting one globally.
 359 |         self.outputRedirection = outputRedirection
 360 |         self.startNewProcessGroup = startNewProcessGroup
 361 |         self.loggingHandler = loggingHandler ?? AsyncProcess.loggingHandler
     |                                                              `- warning: 'loggingHandler' is deprecated: use instance level `loggingHandler` passed via `init` instead of setting one globally.
 362 |     }
 363 | 

/__w/_temp/corpus/Sources/Basics/Concurrency/AsyncProcess.swift:387:62: warning: 'loggingHandler' is deprecated: use instance level `loggingHandler` passed via `init` instead of setting one globally.
 385 |         self.outputRedirection = outputRedirection
 386 |         self.startNewProcessGroup = startNewProcessGroup
 387 |         self.loggingHandler = loggingHandler ?? AsyncProcess.loggingHandler
     |                                                              `- warning: 'loggingHandler' is deprecated: use instance level `loggingHandler` passed via `init` instead of setting one globally.
 388 |     }
 389 | 

/__w/_temp/corpus/Sources/Basics/Concurrency/AsyncProcess.swift:863:36: warning: capture of 'completion' with non-sendable type '(Result<AsyncProcessResult, any Error>) -> Void' in a '@Sendable' closure; this is an error in the Swift 6 language mode
 861 |             self.state = .complete(executionResult)
 862 |             self.completionQueue.async {
 863 |                 self.waitUntilExit(completion)
     |                                    |- warning: capture of 'completion' with non-sendable type '(Result<AsyncProcessResult, any Error>) -> Void' in a '@Sendable' closure; this is an error in the Swift 6 language mode
     |                                    `- note: a function type must be marked '@Sendable' to conform to 'Sendable'
 864 |             }
 865 |         }

/__w/_temp/corpus/Sources/Basics/Concurrency/AsyncProcess.swift:1107:17: warning: capture of 'completion' with non-sendable type '(Result<AsyncProcessResult, any Error>) -> Void' in a '@Sendable' closure; this is an error in the Swift 6 language mode
1105 |         } catch {
1106 |             completionQueue.async {
1107 |                 completion(.failure(error))
     |                 |- warning: capture of 'completion' with non-sendable type '(Result<AsyncProcessResult, any Error>) -> Void' in a '@Sendable' closure; this is an error in the Swift 6 language mode
     |                 `- note: a function type must be marked '@Sendable' to conform to 'Sendable'
1108 |             }
1109 |         }

/__w/_temp/corpus/Sources/Basics/Concurrency/ConcurrencyHelpers.swift:32:5: warning: sending value of non-Sendable type '() async -> ()' risks causing data races; this is an error in the Swift 6 language mode
30 | 
31 |     let box = ThreadSafeBox<T>()
32 |     Task {
   |     |- warning: sending value of non-Sendable type '() async -> ()' risks causing data races; this is an error in the Swift 6 language mode
   |     `- note: Passing value of non-Sendable type '() async -> ()' as a 'sending' argument risks causing races in between local and caller code
33 |         let localValue: T = await body()
34 |         box.mutate { _ in localValue }
   :
36 |     }
37 |     semaphore.wait()
38 |     return box.get()!
   |                `- note: access can happen concurrently
39 | }
40 | 
[1184/1459] Compiling Crypto SubjectPublicKeyInfo.swift
/__w/_temp/corpus/Sources/Basics/Cancellator.swift:37:24: warning: static property 'isSignalHandlerInstalled' is not concurrency-safe because it is nonisolated global shared mutable state; this is an error in the Swift 6 language mode
 35 | 
 36 |     private static let signalHandlerLock = NSLock()
 37 |     private static var isSignalHandlerInstalled = false
    |                        |- warning: static property 'isSignalHandlerInstalled' is not concurrency-safe because it is nonisolated global shared mutable state; this is an error in the Swift 6 language mode
    |                        |- note: convert 'isSignalHandlerInstalled' to a 'let' constant to make 'Sendable' shared state immutable
    |                        |- note: add '@MainActor' to make static property 'isSignalHandlerInstalled' part of global actor 'MainActor'
    |                        `- note: disable concurrency-safety checks if accesses are protected by an external synchronization mechanism
 38 | 
 39 |     public init(observabilityScope: ObservabilityScope?) {

/__w/_temp/corpus/Sources/Basics/Cancellator.swift:119:52: warning: converting non-sendable function value to '@Sendable (DispatchTime) throws -> Void' may introduce data races
117 |     @discardableResult
118 |     public func register(name: String, handler: Cancellable) -> RegistrationKey? {
119 |         self.register(name: name, handler: handler.cancel(deadline:))
    |                                                    `- warning: converting non-sendable function value to '@Sendable (DispatchTime) throws -> Void' may introduce data races
120 |     }
121 | 

/__w/_temp/corpus/Sources/Basics/Cancellator.swift:128:93: warning: converting non-sendable function value to '@Sendable (DispatchTime) throws -> Void' may introduce data races
126 | 
127 |     package func register(_ process: AsyncProcess) -> RegistrationKey? {
128 |         self.register(name: "\(process.arguments.joined(separator: " "))", handler: process.terminate)
    |                                                                                             `- warning: converting non-sendable function value to '@Sendable (DispatchTime) throws -> Void' may introduce data races
129 |     }
130 | 

/__w/_temp/corpus/Sources/Basics/Cancellator.swift:133:72: warning: converting non-sendable function value to '@Sendable (DispatchTime) throws -> Void' may introduce data races
131 |     #if !os(iOS) && !os(watchOS) && !os(tvOS)
132 |     public func register(_ process: Foundation.Process) -> RegistrationKey? {
133 |         self.register(name: "\(process.description)", handler: process.terminate(timeout:))
    |                                                                        `- warning: converting non-sendable function value to '@Sendable (DispatchTime) throws -> Void' may introduce data races
134 |     }
135 |     #endif

/__w/_temp/corpus/Sources/Basics/Concurrency/AsyncProcess.swift:190:14: warning: associated value 'stream(stdout:stderr:redirectStderr:)' of 'Sendable'-conforming enum 'OutputRedirection' has non-sendable type 'AsyncProcess.OutputClosure' (aka '(Array<UInt8>) -> ()'); this is an error in the Swift 6 language mode
 188 |         /// Stream `stdout` and `stderr` via the corresponding closures. If `redirectStderr` is `true`, `stderr` will
 189 |         /// be redirected to `stdout`.
 190 |         case stream(stdout: OutputClosure, stderr: OutputClosure, redirectStderr: Bool)
     |              |- warning: associated value 'stream(stdout:stderr:redirectStderr:)' of 'Sendable'-conforming enum 'OutputRedirection' has non-sendable type 'AsyncProcess.OutputClosure' (aka '(Array<UInt8>) -> ()'); this is an error in the Swift 6 language mode
     |              `- note: a function type must be marked '@Sendable' to conform to 'Sendable'
 191 | 
 192 |         /// Stream stdout and stderr as `AsyncSequence` provided as an argument to closures passed to

/__w/_temp/corpus/Sources/Basics/Concurrency/AsyncProcess.swift:190:14: warning: associated value 'stream(stdout:stderr:redirectStderr:)' of 'Sendable'-conforming enum 'OutputRedirection' has non-sendable type 'AsyncProcess.OutputClosure' (aka '(Array<UInt8>) -> ()'); this is an error in the Swift 6 language mode
 188 |         /// Stream `stdout` and `stderr` via the corresponding closures. If `redirectStderr` is `true`, `stderr` will
 189 |         /// be redirected to `stdout`.
 190 |         case stream(stdout: OutputClosure, stderr: OutputClosure, redirectStderr: Bool)
     |              |- warning: associated value 'stream(stdout:stderr:redirectStderr:)' of 'Sendable'-conforming enum 'OutputRedirection' has non-sendable type 'AsyncProcess.OutputClosure' (aka '(Array<UInt8>) -> ()'); this is an error in the Swift 6 language mode
     |              `- note: a function type must be marked '@Sendable' to conform to 'Sendable'
 191 | 
 192 |         /// Stream stdout and stderr as `AsyncSequence` provided as an argument to closures passed to

/__w/_temp/corpus/Sources/Basics/Concurrency/AsyncProcess.swift:265:24: warning: static property '_loggingHandler' is not concurrency-safe because it is nonisolated global shared mutable state; this is an error in the Swift 6 language mode
 263 |     package typealias LoggingHandler = (String) -> Void
 264 | 
 265 |     private static var _loggingHandler: LoggingHandler?
     |                        |- warning: static property '_loggingHandler' is not concurrency-safe because it is nonisolated global shared mutable state; this is an error in the Swift 6 language mode
     |                        |- note: convert '_loggingHandler' to a 'let' constant to make 'Sendable' shared state immutable
     |                        |- note: add '@MainActor' to make static property '_loggingHandler' part of global actor 'MainActor'
     |                        `- note: disable concurrency-safety checks if accesses are protected by an external synchronization mechanism
 266 |     private static let loggingHandlerLock = NSLock()
 267 | 

/__w/_temp/corpus/Sources/Basics/Concurrency/AsyncProcess.swift:333:24: warning: static property 'validatedExecutablesMap' is not concurrency-safe because it is nonisolated global shared mutable state; this is an error in the Swift 6 language mode
 331 |     /// Key: Executable name or path.
 332 |     /// Value: Path to the executable, if found.
 333 |     private static var validatedExecutablesMap = [String: AbsolutePath?]()
     |                        |- warning: static property 'validatedExecutablesMap' is not concurrency-safe because it is nonisolated global shared mutable state; this is an error in the Swift 6 language mode
     |                        |- note: convert 'validatedExecutablesMap' to a 'let' constant to make 'Sendable' shared state immutable
     |                        |- note: add '@MainActor' to make static property 'validatedExecutablesMap' part of global actor 'MainActor'
     |                        `- note: disable concurrency-safety checks if accesses are protected by an external synchronization mechanism
 334 |     private static let validatedExecutablesMapLock = NSLock()
 335 | 

/__w/_temp/corpus/Sources/Basics/Concurrency/AsyncProcess.swift:361:62: warning: 'loggingHandler' is deprecated: use instance level `loggingHandler` passed via `init` instead of setting one globally.
 359 |         self.outputRedirection = outputRedirection
 360 |         self.startNewProcessGroup = startNewProcessGroup
 361 |         self.loggingHandler = loggingHandler ?? AsyncProcess.loggingHandler
     |                                                              `- warning: 'loggingHandler' is deprecated: use instance level `loggingHandler` passed via `init` instead of setting one globally.
 362 |     }
 363 | 

/__w/_temp/corpus/Sources/Basics/Concurrency/AsyncProcess.swift:387:62: warning: 'loggingHandler' is deprecated: use instance level `loggingHandler` passed via `init` instead of setting one globally.
 385 |         self.outputRedirection = outputRedirection
 386 |         self.startNewProcessGroup = startNewProcessGroup
 387 |         self.loggingHandler = loggingHandler ?? AsyncProcess.loggingHandler
     |                                                              `- warning: 'loggingHandler' is deprecated: use instance level `loggingHandler` passed via `init` instead of setting one globally.
 388 |     }
 389 | 

/__w/_temp/corpus/Sources/Basics/Concurrency/AsyncProcess.swift:863:36: warning: capture of 'completion' with non-sendable type '(Result<AsyncProcessResult, any Error>) -> Void' in a '@Sendable' closure; this is an error in the Swift 6 language mode
 861 |             self.state = .complete(executionResult)
 862 |             self.completionQueue.async {
 863 |                 self.waitUntilExit(completion)
     |                                    |- warning: capture of 'completion' with non-sendable type '(Result<AsyncProcessResult, any Error>) -> Void' in a '@Sendable' closure; this is an error in the Swift 6 language mode
     |                                    `- note: a function type must be marked '@Sendable' to conform to 'Sendable'
 864 |             }
 865 |         }

/__w/_temp/corpus/Sources/Basics/Concurrency/AsyncProcess.swift:1107:17: warning: capture of 'completion' with non-sendable type '(Result<AsyncProcessResult, any Error>) -> Void' in a '@Sendable' closure; this is an error in the Swift 6 language mode
1105 |         } catch {
1106 |             completionQueue.async {
1107 |                 completion(.failure(error))
     |                 |- warning: capture of 'completion' with non-sendable type '(Result<AsyncProcessResult, any Error>) -> Void' in a '@Sendable' closure; this is an error in the Swift 6 language mode
     |                 `- note: a function type must be marked '@Sendable' to conform to 'Sendable'
1108 |             }
1109 |         }

/__w/_temp/corpus/Sources/Basics/Concurrency/ConcurrencyHelpers.swift:32:5: warning: sending value of non-Sendable type '() async -> ()' risks causing data races; this is an error in the Swift 6 language mode
30 | 
31 |     let box = ThreadSafeBox<T>()
32 |     Task {
   |     |- warning: sending value of non-Sendable type '() async -> ()' risks causing data races; this is an error in the Swift 6 language mode
   |     `- note: Passing value of non-Sendable type '() async -> ()' as a 'sending' argument risks causing races in between local and caller code
33 |         let localValue: T = await body()
34 |         box.mutate { _ in localValue }
   :
36 |     }
37 |     semaphore.wait()
38 |     return box.get()!
   |                `- note: access can happen concurrently
39 | }
40 | 
[1185/1459] Compiling Crypto CryptoKitErrors.swift
/__w/_temp/corpus/Sources/Basics/Cancellator.swift:37:24: warning: static property 'isSignalHandlerInstalled' is not concurrency-safe because it is nonisolated global shared mutable state; this is an error in the Swift 6 language mode
 35 | 
 36 |     private static let signalHandlerLock = NSLock()
 37 |     private static var isSignalHandlerInstalled = false
    |                        |- warning: static property 'isSignalHandlerInstalled' is not concurrency-safe because it is nonisolated global shared mutable state; this is an error in the Swift 6 language mode
    |                        |- note: convert 'isSignalHandlerInstalled' to a 'let' constant to make 'Sendable' shared state immutable
    |                        |- note: add '@MainActor' to make static property 'isSignalHandlerInstalled' part of global actor 'MainActor'
    |                        `- note: disable concurrency-safety checks if accesses are protected by an external synchronization mechanism
 38 | 
 39 |     public init(observabilityScope: ObservabilityScope?) {

/__w/_temp/corpus/Sources/Basics/Cancellator.swift:119:52: warning: converting non-sendable function value to '@Sendable (DispatchTime) throws -> Void' may introduce data races
117 |     @discardableResult
118 |     public func register(name: String, handler: Cancellable) -> RegistrationKey? {
119 |         self.register(name: name, handler: handler.cancel(deadline:))
    |                                                    `- warning: converting non-sendable function value to '@Sendable (DispatchTime) throws -> Void' may introduce data races
120 |     }
121 | 

/__w/_temp/corpus/Sources/Basics/Cancellator.swift:128:93: warning: converting non-sendable function value to '@Sendable (DispatchTime) throws -> Void' may introduce data races
126 | 
127 |     package func register(_ process: AsyncProcess) -> RegistrationKey? {
128 |         self.register(name: "\(process.arguments.joined(separator: " "))", handler: process.terminate)
    |                                                                                             `- warning: converting non-sendable function value to '@Sendable (DispatchTime) throws -> Void' may introduce data races
129 |     }
130 | 

/__w/_temp/corpus/Sources/Basics/Cancellator.swift:133:72: warning: converting non-sendable function value to '@Sendable (DispatchTime) throws -> Void' may introduce data races
131 |     #if !os(iOS) && !os(watchOS) && !os(tvOS)
132 |     public func register(_ process: Foundation.Process) -> RegistrationKey? {
133 |         self.register(name: "\(process.description)", handler: process.terminate(timeout:))
    |                                                                        `- warning: converting non-sendable function value to '@Sendable (DispatchTime) throws -> Void' may introduce data races
134 |     }
135 |     #endif

/__w/_temp/corpus/Sources/Basics/Concurrency/AsyncProcess.swift:190:14: warning: associated value 'stream(stdout:stderr:redirectStderr:)' of 'Sendable'-conforming enum 'OutputRedirection' has non-sendable type 'AsyncProcess.OutputClosure' (aka '(Array<UInt8>) -> ()'); this is an error in the Swift 6 language mode
 188 |         /// Stream `stdout` and `stderr` via the corresponding closures. If `redirectStderr` is `true`, `stderr` will
 189 |         /// be redirected to `stdout`.
 190 |         case stream(stdout: OutputClosure, stderr: OutputClosure, redirectStderr: Bool)
     |              |- warning: associated value 'stream(stdout:stderr:redirectStderr:)' of 'Sendable'-conforming enum 'OutputRedirection' has non-sendable type 'AsyncProcess.OutputClosure' (aka '(Array<UInt8>) -> ()'); this is an error in the Swift 6 language mode
     |              `- note: a function type must be marked '@Sendable' to conform to 'Sendable'
 191 | 
 192 |         /// Stream stdout and stderr as `AsyncSequence` provided as an argument to closures passed to

/__w/_temp/corpus/Sources/Basics/Concurrency/AsyncProcess.swift:190:14: warning: associated value 'stream(stdout:stderr:redirectStderr:)' of 'Sendable'-conforming enum 'OutputRedirection' has non-sendable type 'AsyncProcess.OutputClosure' (aka '(Array<UInt8>) -> ()'); this is an error in the Swift 6 language mode
 188 |         /// Stream `stdout` and `stderr` via the corresponding closures. If `redirectStderr` is `true`, `stderr` will
 189 |         /// be redirected to `stdout`.
 190 |         case stream(stdout: OutputClosure, stderr: OutputClosure, redirectStderr: Bool)
     |              |- warning: associated value 'stream(stdout:stderr:redirectStderr:)' of 'Sendable'-conforming enum 'OutputRedirection' has non-sendable type 'AsyncProcess.OutputClosure' (aka '(Array<UInt8>) -> ()'); this is an error in the Swift 6 language mode
     |              `- note: a function type must be marked '@Sendable' to conform to 'Sendable'
 191 | 
 192 |         /// Stream stdout and stderr as `AsyncSequence` provided as an argument to closures passed to

/__w/_temp/corpus/Sources/Basics/Concurrency/AsyncProcess.swift:265:24: warning: static property '_loggingHandler' is not concurrency-safe because it is nonisolated global shared mutable state; this is an error in the Swift 6 language mode
 263 |     package typealias LoggingHandler = (String) -> Void
 264 | 
 265 |     private static var _loggingHandler: LoggingHandler?
     |                        |- warning: static property '_loggingHandler' is not concurrency-safe because it is nonisolated global shared mutable state; this is an error in the Swift 6 language mode
     |                        |- note: convert '_loggingHandler' to a 'let' constant to make 'Sendable' shared state immutable
     |                        |- note: add '@MainActor' to make static property '_loggingHandler' part of global actor 'MainActor'
     |                        `- note: disable concurrency-safety checks if accesses are protected by an external synchronization mechanism
 266 |     private static let loggingHandlerLock = NSLock()
 267 | 

/__w/_temp/corpus/Sources/Basics/Concurrency/AsyncProcess.swift:333:24: warning: static property 'validatedExecutablesMap' is not concurrency-safe because it is nonisolated global shared mutable state; this is an error in the Swift 6 language mode
 331 |     /// Key: Executable name or path.
 332 |     /// Value: Path to the executable, if found.
 333 |     private static var validatedExecutablesMap = [String: AbsolutePath?]()
     |                        |- warning: static property 'validatedExecutablesMap' is not concurrency-safe because it is nonisolated global shared mutable state; this is an error in the Swift 6 language mode
     |                        |- note: convert 'validatedExecutablesMap' to a 'let' constant to make 'Sendable' shared state immutable
     |                        |- note: add '@MainActor' to make static property 'validatedExecutablesMap' part of global actor 'MainActor'
     |                        `- note: disable concurrency-safety checks if accesses are protected by an external synchronization mechanism
 334 |     private static let validatedExecutablesMapLock = NSLock()
 335 | 

/__w/_temp/corpus/Sources/Basics/Concurrency/AsyncProcess.swift:361:62: warning: 'loggingHandler' is deprecated: use instance level `loggingHandler` passed via `init` instead of setting one globally.
 359 |         self.outputRedirection = outputRedirection
 360 |         self.startNewProcessGroup = startNewProcessGroup
 361 |         self.loggingHandler = loggingHandler ?? AsyncProcess.loggingHandler
     |                                                              `- warning: 'loggingHandler' is deprecated: use instance level `loggingHandler` passed via `init` instead of setting one globally.
 362 |     }
 363 | 

/__w/_temp/corpus/Sources/Basics/Concurrency/AsyncProcess.swift:387:62: warning: 'loggingHandler' is deprecated: use instance level `loggingHandler` passed via `init` instead of setting one globally.
 385 |         self.outputRedirection = outputRedirection
 386 |         self.startNewProcessGroup = startNewProcessGroup
 387 |         self.loggingHandler = loggingHandler ?? AsyncProcess.loggingHandler
     |                                                              `- warning: 'loggingHandler' is deprecated: use instance level `loggingHandler` passed via `init` instead of setting one globally.
 388 |     }
 389 | 

/__w/_temp/corpus/Sources/Basics/Concurrency/AsyncProcess.swift:863:36: warning: capture of 'completion' with non-sendable type '(Result<AsyncProcessResult, any Error>) -> Void' in a '@Sendable' closure; this is an error in the Swift 6 language mode
 861 |             self.state = .complete(executionResult)
 862 |             self.completionQueue.async {
 863 |                 self.waitUntilExit(completion)
     |                                    |- warning: capture of 'completion' with non-sendable type '(Result<AsyncProcessResult, any Error>) -> Void' in a '@Sendable' closure; this is an error in the Swift 6 language mode
     |                                    `- note: a function type must be marked '@Sendable' to conform to 'Sendable'
 864 |             }
 865 |         }

/__w/_temp/corpus/Sources/Basics/Concurrency/AsyncProcess.swift:1107:17: warning: capture of 'completion' with non-sendable type '(Result<AsyncProcessResult, any Error>) -> Void' in a '@Sendable' closure; this is an error in the Swift 6 language mode
1105 |         } catch {
1106 |             completionQueue.async {
1107 |                 completion(.failure(error))
     |                 |- warning: capture of 'completion' with non-sendable type '(Result<AsyncProcessResult, any Error>) -> Void' in a '@Sendable' closure; this is an error in the Swift 6 language mode
     |                 `- note: a function type must be marked '@Sendable' to conform to 'Sendable'
1108 |             }
1109 |         }

/__w/_temp/corpus/Sources/Basics/Concurrency/ConcurrencyHelpers.swift:32:5: warning: sending value of non-Sendable type '() async -> ()' risks causing data races; this is an error in the Swift 6 language mode
30 | 
31 |     let box = ThreadSafeBox<T>()
32 |     Task {
   |     |- warning: sending value of non-Sendable type '() async -> ()' risks causing data races; this is an error in the Swift 6 language mode
   |     `- note: Passing value of non-Sendable type '() async -> ()' as a 'sending' argument risks causing races in between local and caller code
33 |         let localValue: T = await body()
34 |         box.mutate { _ in localValue }
   :
36 |     }
37 |     semaphore.wait()
38 |     return box.get()!
   |                `- note: access can happen concurrently
39 | }
40 | 
[1186/1459] Compiling Crypto Digest_boring.swift
/__w/_temp/corpus/Sources/Basics/Cancellator.swift:37:24: warning: static property 'isSignalHandlerInstalled' is not concurrency-safe because it is nonisolated global shared mutable state; this is an error in the Swift 6 language mode
 35 | 
 36 |     private static let signalHandlerLock = NSLock()
 37 |     private static var isSignalHandlerInstalled = false
    |                        |- warning: static property 'isSignalHandlerInstalled' is not concurrency-safe because it is nonisolated global shared mutable state; this is an error in the Swift 6 language mode
    |                        |- note: convert 'isSignalHandlerInstalled' to a 'let' constant to make 'Sendable' shared state immutable
    |                        |- note: add '@MainActor' to make static property 'isSignalHandlerInstalled' part of global actor 'MainActor'
    |                        `- note: disable concurrency-safety checks if accesses are protected by an external synchronization mechanism
 38 | 
 39 |     public init(observabilityScope: ObservabilityScope?) {

/__w/_temp/corpus/Sources/Basics/Cancellator.swift:119:52: warning: converting non-sendable function value to '@Sendable (DispatchTime) throws -> Void' may introduce data races
117 |     @discardableResult
118 |     public func register(name: String, handler: Cancellable) -> RegistrationKey? {
119 |         self.register(name: name, handler: handler.cancel(deadline:))
    |                                                    `- warning: converting non-sendable function value to '@Sendable (DispatchTime) throws -> Void' may introduce data races
120 |     }
121 | 

/__w/_temp/corpus/Sources/Basics/Cancellator.swift:128:93: warning: converting non-sendable function value to '@Sendable (DispatchTime) throws -> Void' may introduce data races
126 | 
127 |     package func register(_ process: AsyncProcess) -> RegistrationKey? {
128 |         self.register(name: "\(process.arguments.joined(separator: " "))", handler: process.terminate)
    |                                                                                             `- warning: converting non-sendable function value to '@Sendable (DispatchTime) throws -> Void' may introduce data races
129 |     }
130 | 

/__w/_temp/corpus/Sources/Basics/Cancellator.swift:133:72: warning: converting non-sendable function value to '@Sendable (DispatchTime) throws -> Void' may introduce data races
131 |     #if !os(iOS) && !os(watchOS) && !os(tvOS)
132 |     public func register(_ process: Foundation.Process) -> RegistrationKey? {
133 |         self.register(name: "\(process.description)", handler: process.terminate(timeout:))
    |                                                                        `- warning: converting non-sendable function value to '@Sendable (DispatchTime) throws -> Void' may introduce data races
134 |     }
135 |     #endif

/__w/_temp/corpus/Sources/Basics/Concurrency/AsyncProcess.swift:190:14: warning: associated value 'stream(stdout:stderr:redirectStderr:)' of 'Sendable'-conforming enum 'OutputRedirection' has non-sendable type 'AsyncProcess.OutputClosure' (aka '(Array<UInt8>) -> ()'); this is an error in the Swift 6 language mode
 188 |         /// Stream `stdout` and `stderr` via the corresponding closures. If `redirectStderr` is `true`, `stderr` will
 189 |         /// be redirected to `stdout`.
 190 |         case stream(stdout: OutputClosure, stderr: OutputClosure, redirectStderr: Bool)
     |              |- warning: associated value 'stream(stdout:stderr:redirectStderr:)' of 'Sendable'-conforming enum 'OutputRedirection' has non-sendable type 'AsyncProcess.OutputClosure' (aka '(Array<UInt8>) -> ()'); this is an error in the Swift 6 language mode
     |              `- note: a function type must be marked '@Sendable' to conform to 'Sendable'
 191 | 
 192 |         /// Stream stdout and stderr as `AsyncSequence` provided as an argument to closures passed to

/__w/_temp/corpus/Sources/Basics/Concurrency/AsyncProcess.swift:190:14: warning: associated value 'stream(stdout:stderr:redirectStderr:)' of 'Sendable'-conforming enum 'OutputRedirection' has non-sendable type 'AsyncProcess.OutputClosure' (aka '(Array<UInt8>) -> ()'); this is an error in the Swift 6 language mode
 188 |         /// Stream `stdout` and `stderr` via the corresponding closures. If `redirectStderr` is `true`, `stderr` will
 189 |         /// be redirected to `stdout`.
 190 |         case stream(stdout: OutputClosure, stderr: OutputClosure, redirectStderr: Bool)
     |              |- warning: associated value 'stream(stdout:stderr:redirectStderr:)' of 'Sendable'-conforming enum 'OutputRedirection' has non-sendable type 'AsyncProcess.OutputClosure' (aka '(Array<UInt8>) -> ()'); this is an error in the Swift 6 language mode
     |              `- note: a function type must be marked '@Sendable' to conform to 'Sendable'
 191 | 
 192 |         /// Stream stdout and stderr as `AsyncSequence` provided as an argument to closures passed to

/__w/_temp/corpus/Sources/Basics/Concurrency/AsyncProcess.swift:265:24: warning: static property '_loggingHandler' is not concurrency-safe because it is nonisolated global shared mutable state; this is an error in the Swift 6 language mode
 263 |     package typealias LoggingHandler = (String) -> Void
 264 | 
 265 |     private static var _loggingHandler: LoggingHandler?
     |                        |- warning: static property '_loggingHandler' is not concurrency-safe because it is nonisolated global shared mutable state; this is an error in the Swift 6 language mode
     |                        |- note: convert '_loggingHandler' to a 'let' constant to make 'Sendable' shared state immutable
     |                        |- note: add '@MainActor' to make static property '_loggingHandler' part of global actor 'MainActor'
     |                        `- note: disable concurrency-safety checks if accesses are protected by an external synchronization mechanism
 266 |     private static let loggingHandlerLock = NSLock()
 267 | 

/__w/_temp/corpus/Sources/Basics/Concurrency/AsyncProcess.swift:333:24: warning: static property 'validatedExecutablesMap' is not concurrency-safe because it is nonisolated global shared mutable state; this is an error in the Swift 6 language mode
 331 |     /// Key: Executable name or path.
 332 |     /// Value: Path to the executable, if found.
 333 |     private static var validatedExecutablesMap = [String: AbsolutePath?]()
     |                        |- warning: static property 'validatedExecutablesMap' is not concurrency-safe because it is nonisolated global shared mutable state; this is an error in the Swift 6 language mode
     |                        |- note: convert 'validatedExecutablesMap' to a 'let' constant to make 'Sendable' shared state immutable
     |                        |- note: add '@MainActor' to make static property 'validatedExecutablesMap' part of global actor 'MainActor'
     |                        `- note: disable concurrency-safety checks if accesses are protected by an external synchronization mechanism
 334 |     private static let validatedExecutablesMapLock = NSLock()
 335 | 

/__w/_temp/corpus/Sources/Basics/Concurrency/AsyncProcess.swift:361:62: warning: 'loggingHandler' is deprecated: use instance level `loggingHandler` passed via `init` instead of setting one globally.
 359 |         self.outputRedirection = outputRedirection
 360 |         self.startNewProcessGroup = startNewProcessGroup
 361 |         self.loggingHandler = loggingHandler ?? AsyncProcess.loggingHandler
     |                                                              `- warning: 'loggingHandler' is deprecated: use instance level `loggingHandler` passed via `init` instead of setting one globally.
 362 |     }
 363 | 

/__w/_temp/corpus/Sources/Basics/Concurrency/AsyncProcess.swift:387:62: warning: 'loggingHandler' is deprecated: use instance level `loggingHandler` passed via `init` instead of setting one globally.
 385 |         self.outputRedirection = outputRedirection
 386 |         self.startNewProcessGroup = startNewProcessGroup
 387 |         self.loggingHandler = loggingHandler ?? AsyncProcess.loggingHandler
     |                                                              `- warning: 'loggingHandler' is deprecated: use instance level `loggingHandler` passed via `init` instead of setting one globally.
 388 |     }
 389 | 

/__w/_temp/corpus/Sources/Basics/Concurrency/AsyncProcess.swift:863:36: warning: capture of 'completion' with non-sendable type '(Result<AsyncProcessResult, any Error>) -> Void' in a '@Sendable' closure; this is an error in the Swift 6 language mode
 861 |             self.state = .complete(executionResult)
 862 |             self.completionQueue.async {
 863 |                 self.waitUntilExit(completion)
     |                                    |- warning: capture of 'completion' with non-sendable type '(Result<AsyncProcessResult, any Error>) -> Void' in a '@Sendable' closure; this is an error in the Swift 6 language mode
     |                                    `- note: a function type must be marked '@Sendable' to conform to 'Sendable'
 864 |             }
 865 |         }

/__w/_temp/corpus/Sources/Basics/Concurrency/AsyncProcess.swift:1107:17: warning: capture of 'completion' with non-sendable type '(Result<AsyncProcessResult, any Error>) -> Void' in a '@Sendable' closure; this is an error in the Swift 6 language mode
1105 |         } catch {
1106 |             completionQueue.async {
1107 |                 completion(.failure(error))
     |                 |- warning: capture of 'completion' with non-sendable type '(Result<AsyncProcessResult, any Error>) -> Void' in a '@Sendable' closure; this is an error in the Swift 6 language mode
     |                 `- note: a function type must be marked '@Sendable' to conform to 'Sendable'
1108 |             }
1109 |         }

/__w/_temp/corpus/Sources/Basics/Concurrency/ConcurrencyHelpers.swift:32:5: warning: sending value of non-Sendable type '() async -> ()' risks causing data races; this is an error in the Swift 6 language mode
30 | 
31 |     let box = ThreadSafeBox<T>()
32 |     Task {
   |     |- warning: sending value of non-Sendable type '() async -> ()' risks causing data races; this is an error in the Swift 6 language mode
   |     `- note: Passing value of non-Sendable type '() async -> ()' as a 'sending' argument risks causing races in between local and caller code
33 |         let localValue: T = await body()
34 |         box.mutate { _ in localValue }
   :
36 |     }
37 |     semaphore.wait()
38 |     return box.get()!
   |                `- note: access can happen concurrently
39 | }
40 | 
[1187/1459] Compiling Crypto Digest.swift
/__w/_temp/corpus/Sources/Basics/Cancellator.swift:37:24: warning: static property 'isSignalHandlerInstalled' is not concurrency-safe because it is nonisolated global shared mutable state; this is an error in the Swift 6 language mode
 35 | 
 36 |     private static let signalHandlerLock = NSLock()
 37 |     private static var isSignalHandlerInstalled = false
    |                        |- warning: static property 'isSignalHandlerInstalled' is not concurrency-safe because it is nonisolated global shared mutable state; this is an error in the Swift 6 language mode
    |                        |- note: convert 'isSignalHandlerInstalled' to a 'let' constant to make 'Sendable' shared state immutable
    |                        |- note: add '@MainActor' to make static property 'isSignalHandlerInstalled' part of global actor 'MainActor'
    |                        `- note: disable concurrency-safety checks if accesses are protected by an external synchronization mechanism
 38 | 
 39 |     public init(observabilityScope: ObservabilityScope?) {

/__w/_temp/corpus/Sources/Basics/Cancellator.swift:119:52: warning: converting non-sendable function value to '@Sendable (DispatchTime) throws -> Void' may introduce data races
117 |     @discardableResult
118 |     public func register(name: String, handler: Cancellable) -> RegistrationKey? {
119 |         self.register(name: name, handler: handler.cancel(deadline:))
    |                                                    `- warning: converting non-sendable function value to '@Sendable (DispatchTime) throws -> Void' may introduce data races
120 |     }
121 | 

/__w/_temp/corpus/Sources/Basics/Cancellator.swift:128:93: warning: converting non-sendable function value to '@Sendable (DispatchTime) throws -> Void' may introduce data races
126 | 
127 |     package func register(_ process: AsyncProcess) -> RegistrationKey? {
128 |         self.register(name: "\(process.arguments.joined(separator: " "))", handler: process.terminate)
    |                                                                                             `- warning: converting non-sendable function value to '@Sendable (DispatchTime) throws -> Void' may introduce data races
129 |     }
130 | 

/__w/_temp/corpus/Sources/Basics/Cancellator.swift:133:72: warning: converting non-sendable function value to '@Sendable (DispatchTime) throws -> Void' may introduce data races
131 |     #if !os(iOS) && !os(watchOS) && !os(tvOS)
132 |     public func register(_ process: Foundation.Process) -> RegistrationKey? {
133 |         self.register(name: "\(process.description)", handler: process.terminate(timeout:))
    |                                                                        `- warning: converting non-sendable function value to '@Sendable (DispatchTime) throws -> Void' may introduce data races
134 |     }
135 |     #endif

/__w/_temp/corpus/Sources/Basics/Concurrency/AsyncProcess.swift:190:14: warning: associated value 'stream(stdout:stderr:redirectStderr:)' of 'Sendable'-conforming enum 'OutputRedirection' has non-sendable type 'AsyncProcess.OutputClosure' (aka '(Array<UInt8>) -> ()'); this is an error in the Swift 6 language mode
 188 |         /// Stream `stdout` and `stderr` via the corresponding closures. If `redirectStderr` is `true`, `stderr` will
 189 |         /// be redirected to `stdout`.
 190 |         case stream(stdout: OutputClosure, stderr: OutputClosure, redirectStderr: Bool)
     |              |- warning: associated value 'stream(stdout:stderr:redirectStderr:)' of 'Sendable'-conforming enum 'OutputRedirection' has non-sendable type 'AsyncProcess.OutputClosure' (aka '(Array<UInt8>) -> ()'); this is an error in the Swift 6 language mode
     |              `- note: a function type must be marked '@Sendable' to conform to 'Sendable'
 191 | 
 192 |         /// Stream stdout and stderr as `AsyncSequence` provided as an argument to closures passed to

/__w/_temp/corpus/Sources/Basics/Concurrency/AsyncProcess.swift:190:14: warning: associated value 'stream(stdout:stderr:redirectStderr:)' of 'Sendable'-conforming enum 'OutputRedirection' has non-sendable type 'AsyncProcess.OutputClosure' (aka '(Array<UInt8>) -> ()'); this is an error in the Swift 6 language mode
 188 |         /// Stream `stdout` and `stderr` via the corresponding closures. If `redirectStderr` is `true`, `stderr` will
 189 |         /// be redirected to `stdout`.
 190 |         case stream(stdout: OutputClosure, stderr: OutputClosure, redirectStderr: Bool)
     |              |- warning: associated value 'stream(stdout:stderr:redirectStderr:)' of 'Sendable'-conforming enum 'OutputRedirection' has non-sendable type 'AsyncProcess.OutputClosure' (aka '(Array<UInt8>) -> ()'); this is an error in the Swift 6 language mode
     |              `- note: a function type must be marked '@Sendable' to conform to 'Sendable'
 191 | 
 192 |         /// Stream stdout and stderr as `AsyncSequence` provided as an argument to closures passed to

/__w/_temp/corpus/Sources/Basics/Concurrency/AsyncProcess.swift:265:24: warning: static property '_loggingHandler' is not concurrency-safe because it is nonisolated global shared mutable state; this is an error in the Swift 6 language mode
 263 |     package typealias LoggingHandler = (String) -> Void
 264 | 
 265 |     private static var _loggingHandler: LoggingHandler?
     |                        |- warning: static property '_loggingHandler' is not concurrency-safe because it is nonisolated global shared mutable state; this is an error in the Swift 6 language mode
     |                        |- note: convert '_loggingHandler' to a 'let' constant to make 'Sendable' shared state immutable
     |                        |- note: add '@MainActor' to make static property '_loggingHandler' part of global actor 'MainActor'
     |                        `- note: disable concurrency-safety checks if accesses are protected by an external synchronization mechanism
 266 |     private static let loggingHandlerLock = NSLock()
 267 | 

/__w/_temp/corpus/Sources/Basics/Concurrency/AsyncProcess.swift:333:24: warning: static property 'validatedExecutablesMap' is not concurrency-safe because it is nonisolated global shared mutable state; this is an error in the Swift 6 language mode
 331 |     /// Key: Executable name or path.
 332 |     /// Value: Path to the executable, if found.
 333 |     private static var validatedExecutablesMap = [String: AbsolutePath?]()
     |                        |- warning: static property 'validatedExecutablesMap' is not concurrency-safe because it is nonisolated global shared mutable state; this is an error in the Swift 6 language mode
     |                        |- note: convert 'validatedExecutablesMap' to a 'let' constant to make 'Sendable' shared state immutable
     |                        |- note: add '@MainActor' to make static property 'validatedExecutablesMap' part of global actor 'MainActor'
     |                        `- note: disable concurrency-safety checks if accesses are protected by an external synchronization mechanism
 334 |     private static let validatedExecutablesMapLock = NSLock()
 335 | 

/__w/_temp/corpus/Sources/Basics/Concurrency/AsyncProcess.swift:361:62: warning: 'loggingHandler' is deprecated: use instance level `loggingHandler` passed via `init` instead of setting one globally.
 359 |         self.outputRedirection = outputRedirection
 360 |         self.startNewProcessGroup = startNewProcessGroup
 361 |         self.loggingHandler = loggingHandler ?? AsyncProcess.loggingHandler
     |                                                              `- warning: 'loggingHandler' is deprecated: use instance level `loggingHandler` passed via `init` instead of setting one globally.
 362 |     }
 363 | 

/__w/_temp/corpus/Sources/Basics/Concurrency/AsyncProcess.swift:387:62: warning: 'loggingHandler' is deprecated: use instance level `loggingHandler` passed via `init` instead of setting one globally.
 385 |         self.outputRedirection = outputRedirection
 386 |         self.startNewProcessGroup = startNewProcessGroup
 387 |         self.loggingHandler = loggingHandler ?? AsyncProcess.loggingHandler
     |                                                              `- warning: 'loggingHandler' is deprecated: use instance level `loggingHandler` passed via `init` instead of setting one globally.
 388 |     }
 389 | 

/__w/_temp/corpus/Sources/Basics/Concurrency/AsyncProcess.swift:863:36: warning: capture of 'completion' with non-sendable type '(Result<AsyncProcessResult, any Error>) -> Void' in a '@Sendable' closure; this is an error in the Swift 6 language mode
 861 |             self.state = .complete(executionResult)
 862 |             self.completionQueue.async {
 863 |                 self.waitUntilExit(completion)
     |                                    |- warning: capture of 'completion' with non-sendable type '(Result<AsyncProcessResult, any Error>) -> Void' in a '@Sendable' closure; this is an error in the Swift 6 language mode
     |                                    `- note: a function type must be marked '@Sendable' to conform to 'Sendable'
 864 |             }
 865 |         }

/__w/_temp/corpus/Sources/Basics/Concurrency/AsyncProcess.swift:1107:17: warning: capture of 'completion' with non-sendable type '(Result<AsyncProcessResult, any Error>) -> Void' in a '@Sendable' closure; this is an error in the Swift 6 language mode
1105 |         } catch {
1106 |             completionQueue.async {
1107 |                 completion(.failure(error))
     |                 |- warning: capture of 'completion' with non-sendable type '(Result<AsyncProcessResult, any Error>) -> Void' in a '@Sendable' closure; this is an error in the Swift 6 language mode
     |                 `- note: a function type must be marked '@Sendable' to conform to 'Sendable'
1108 |             }
1109 |         }

/__w/_temp/corpus/Sources/Basics/Concurrency/ConcurrencyHelpers.swift:32:5: warning: sending value of non-Sendable type '() async -> ()' risks causing data races; this is an error in the Swift 6 language mode
30 | 
31 |     let box = ThreadSafeBox<T>()
32 |     Task {
   |     |- warning: sending value of non-Sendable type '() async -> ()' risks causing data races; this is an error in the Swift 6 language mode
   |     `- note: Passing value of non-Sendable type '() async -> ()' as a 'sending' argument risks causing races in between local and caller code
33 |         let localValue: T = await body()
34 |         box.mutate { _ in localValue }
   :
36 |     }
37 |     semaphore.wait()
38 |     return box.get()!
   |                `- note: access can happen concurrently
39 | }
40 | 
[1188/1459] Compiling Crypto Digests.swift
/__w/_temp/corpus/Sources/Basics/Cancellator.swift:37:24: warning: static property 'isSignalHandlerInstalled' is not concurrency-safe because it is nonisolated global shared mutable state; this is an error in the Swift 6 language mode
 35 | 
 36 |     private static let signalHandlerLock = NSLock()
 37 |     private static var isSignalHandlerInstalled = false
    |                        |- warning: static property 'isSignalHandlerInstalled' is not concurrency-safe because it is nonisolated global shared mutable state; this is an error in the Swift 6 language mode
    |                        |- note: convert 'isSignalHandlerInstalled' to a 'let' constant to make 'Sendable' shared state immutable
    |                        |- note: add '@MainActor' to make static property 'isSignalHandlerInstalled' part of global actor 'MainActor'
    |                        `- note: disable concurrency-safety checks if accesses are protected by an external synchronization mechanism
 38 | 
 39 |     public init(observabilityScope: ObservabilityScope?) {

/__w/_temp/corpus/Sources/Basics/Cancellator.swift:119:52: warning: converting non-sendable function value to '@Sendable (DispatchTime) throws -> Void' may introduce data races
117 |     @discardableResult
118 |     public func register(name: String, handler: Cancellable) -> RegistrationKey? {
119 |         self.register(name: name, handler: handler.cancel(deadline:))
    |                                                    `- warning: converting non-sendable function value to '@Sendable (DispatchTime) throws -> Void' may introduce data races
120 |     }
121 | 

/__w/_temp/corpus/Sources/Basics/Cancellator.swift:128:93: warning: converting non-sendable function value to '@Sendable (DispatchTime) throws -> Void' may introduce data races
126 | 
127 |     package func register(_ process: AsyncProcess) -> RegistrationKey? {
128 |         self.register(name: "\(process.arguments.joined(separator: " "))", handler: process.terminate)
    |                                                                                             `- warning: converting non-sendable function value to '@Sendable (DispatchTime) throws -> Void' may introduce data races
129 |     }
130 | 

/__w/_temp/corpus/Sources/Basics/Cancellator.swift:133:72: warning: converting non-sendable function value to '@Sendable (DispatchTime) throws -> Void' may introduce data races
131 |     #if !os(iOS) && !os(watchOS) && !os(tvOS)
132 |     public func register(_ process: Foundation.Process) -> RegistrationKey? {
133 |         self.register(name: "\(process.description)", handler: process.terminate(timeout:))
    |                                                                        `- warning: converting non-sendable function value to '@Sendable (DispatchTime) throws -> Void' may introduce data races
134 |     }
135 |     #endif

/__w/_temp/corpus/Sources/Basics/Concurrency/AsyncProcess.swift:190:14: warning: associated value 'stream(stdout:stderr:redirectStderr:)' of 'Sendable'-conforming enum 'OutputRedirection' has non-sendable type 'AsyncProcess.OutputClosure' (aka '(Array<UInt8>) -> ()'); this is an error in the Swift 6 language mode
 188 |         /// Stream `stdout` and `stderr` via the corresponding closures. If `redirectStderr` is `true`, `stderr` will
 189 |         /// be redirected to `stdout`.
 190 |         case stream(stdout: OutputClosure, stderr: OutputClosure, redirectStderr: Bool)
     |              |- warning: associated value 'stream(stdout:stderr:redirectStderr:)' of 'Sendable'-conforming enum 'OutputRedirection' has non-sendable type 'AsyncProcess.OutputClosure' (aka '(Array<UInt8>) -> ()'); this is an error in the Swift 6 language mode
     |              `- note: a function type must be marked '@Sendable' to conform to 'Sendable'
 191 | 
 192 |         /// Stream stdout and stderr as `AsyncSequence` provided as an argument to closures passed to

/__w/_temp/corpus/Sources/Basics/Concurrency/AsyncProcess.swift:190:14: warning: associated value 'stream(stdout:stderr:redirectStderr:)' of 'Sendable'-conforming enum 'OutputRedirection' has non-sendable type 'AsyncProcess.OutputClosure' (aka '(Array<UInt8>) -> ()'); this is an error in the Swift 6 language mode
 188 |         /// Stream `stdout` and `stderr` via the corresponding closures. If `redirectStderr` is `true`, `stderr` will
 189 |         /// be redirected to `stdout`.
 190 |         case stream(stdout: OutputClosure, stderr: OutputClosure, redirectStderr: Bool)
     |              |- warning: associated value 'stream(stdout:stderr:redirectStderr:)' of 'Sendable'-conforming enum 'OutputRedirection' has non-sendable type 'AsyncProcess.OutputClosure' (aka '(Array<UInt8>) -> ()'); this is an error in the Swift 6 language mode
     |              `- note: a function type must be marked '@Sendable' to conform to 'Sendable'
 191 | 
 192 |         /// Stream stdout and stderr as `AsyncSequence` provided as an argument to closures passed to

/__w/_temp/corpus/Sources/Basics/Concurrency/AsyncProcess.swift:265:24: warning: static property '_loggingHandler' is not concurrency-safe because it is nonisolated global shared mutable state; this is an error in the Swift 6 language mode
 263 |     package typealias LoggingHandler = (String) -> Void
 264 | 
 265 |     private static var _loggingHandler: LoggingHandler?
     |                        |- warning: static property '_loggingHandler' is not concurrency-safe because it is nonisolated global shared mutable state; this is an error in the Swift 6 language mode
     |                        |- note: convert '_loggingHandler' to a 'let' constant to make 'Sendable' shared state immutable
     |                        |- note: add '@MainActor' to make static property '_loggingHandler' part of global actor 'MainActor'
     |                        `- note: disable concurrency-safety checks if accesses are protected by an external synchronization mechanism
 266 |     private static let loggingHandlerLock = NSLock()
 267 | 

/__w/_temp/corpus/Sources/Basics/Concurrency/AsyncProcess.swift:333:24: warning: static property 'validatedExecutablesMap' is not concurrency-safe because it is nonisolated global shared mutable state; this is an error in the Swift 6 language mode
 331 |     /// Key: Executable name or path.
 332 |     /// Value: Path to the executable, if found.
 333 |     private static var validatedExecutablesMap = [String: AbsolutePath?]()
     |                        |- warning: static property 'validatedExecutablesMap' is not concurrency-safe because it is nonisolated global shared mutable state; this is an error in the Swift 6 language mode
     |                        |- note: convert 'validatedExecutablesMap' to a 'let' constant to make 'Sendable' shared state immutable
     |                        |- note: add '@MainActor' to make static property 'validatedExecutablesMap' part of global actor 'MainActor'
     |                        `- note: disable concurrency-safety checks if accesses are protected by an external synchronization mechanism
 334 |     private static let validatedExecutablesMapLock = NSLock()
 335 | 

/__w/_temp/corpus/Sources/Basics/Concurrency/AsyncProcess.swift:361:62: warning: 'loggingHandler' is deprecated: use instance level `loggingHandler` passed via `init` instead of setting one globally.
 359 |         self.outputRedirection = outputRedirection
 360 |         self.startNewProcessGroup = startNewProcessGroup
 361 |         self.loggingHandler = loggingHandler ?? AsyncProcess.loggingHandler
     |                                                              `- warning: 'loggingHandler' is deprecated: use instance level `loggingHandler` passed via `init` instead of setting one globally.
 362 |     }
 363 | 

/__w/_temp/corpus/Sources/Basics/Concurrency/AsyncProcess.swift:387:62: warning: 'loggingHandler' is deprecated: use instance level `loggingHandler` passed via `init` instead of setting one globally.
 385 |         self.outputRedirection = outputRedirection
 386 |         self.startNewProcessGroup = startNewProcessGroup
 387 |         self.loggingHandler = loggingHandler ?? AsyncProcess.loggingHandler
     |                                                              `- warning: 'loggingHandler' is deprecated: use instance level `loggingHandler` passed via `init` instead of setting one globally.
 388 |     }
 389 | 

/__w/_temp/corpus/Sources/Basics/Concurrency/AsyncProcess.swift:863:36: warning: capture of 'completion' with non-sendable type '(Result<AsyncProcessResult, any Error>) -> Void' in a '@Sendable' closure; this is an error in the Swift 6 language mode
 861 |             self.state = .complete(executionResult)
 862 |             self.completionQueue.async {
 863 |                 self.waitUntilExit(completion)
     |                                    |- warning: capture of 'completion' with non-sendable type '(Result<AsyncProcessResult, any Error>) -> Void' in a '@Sendable' closure; this is an error in the Swift 6 language mode
     |                                    `- note: a function type must be marked '@Sendable' to conform to 'Sendable'
 864 |             }
 865 |         }

/__w/_temp/corpus/Sources/Basics/Concurrency/AsyncProcess.swift:1107:17: warning: capture of 'completion' with non-sendable type '(Result<AsyncProcessResult, any Error>) -> Void' in a '@Sendable' closure; this is an error in the Swift 6 language mode
1105 |         } catch {
1106 |             completionQueue.async {
1107 |                 completion(.failure(error))
     |                 |- warning: capture of 'completion' with non-sendable type '(Result<AsyncProcessResult, any Error>) -> Void' in a '@Sendable' closure; this is an error in the Swift 6 language mode
     |                 `- note: a function type must be marked '@Sendable' to conform to 'Sendable'
1108 |             }
1109 |         }

/__w/_temp/corpus/Sources/Basics/Concurrency/ConcurrencyHelpers.swift:32:5: warning: sending value of non-Sendable type '() async -> ()' risks causing data races; this is an error in the Swift 6 language mode
30 | 
31 |     let box = ThreadSafeBox<T>()
32 |     Task {
   |     |- warning: sending value of non-Sendable type '() async -> ()' risks causing data races; this is an error in the Swift 6 language mode
   |     `- note: Passing value of non-Sendable type '() async -> ()' as a 'sending' argument risks causing races in between local and caller code
33 |         let localValue: T = await body()
34 |         box.mutate { _ in localValue }
   :
36 |     }
37 |     semaphore.wait()
38 |     return box.get()!
   |                `- note: access can happen concurrently
39 | }
40 | 
[1189/1459] Compiling Crypto HashFunctions.swift
/__w/_temp/corpus/Sources/Basics/Cancellator.swift:37:24: warning: static property 'isSignalHandlerInstalled' is not concurrency-safe because it is nonisolated global shared mutable state; this is an error in the Swift 6 language mode
 35 | 
 36 |     private static let signalHandlerLock = NSLock()
 37 |     private static var isSignalHandlerInstalled = false
    |                        |- warning: static property 'isSignalHandlerInstalled' is not concurrency-safe because it is nonisolated global shared mutable state; this is an error in the Swift 6 language mode
    |                        |- note: convert 'isSignalHandlerInstalled' to a 'let' constant to make 'Sendable' shared state immutable
    |                        |- note: add '@MainActor' to make static property 'isSignalHandlerInstalled' part of global actor 'MainActor'
    |                        `- note: disable concurrency-safety checks if accesses are protected by an external synchronization mechanism
 38 | 
 39 |     public init(observabilityScope: ObservabilityScope?) {

/__w/_temp/corpus/Sources/Basics/Cancellator.swift:119:52: warning: converting non-sendable function value to '@Sendable (DispatchTime) throws -> Void' may introduce data races
117 |     @discardableResult
118 |     public func register(name: String, handler: Cancellable) -> RegistrationKey? {
119 |         self.register(name: name, handler: handler.cancel(deadline:))
    |                                                    `- warning: converting non-sendable function value to '@Sendable (DispatchTime) throws -> Void' may introduce data races
120 |     }
121 | 

/__w/_temp/corpus/Sources/Basics/Cancellator.swift:128:93: warning: converting non-sendable function value to '@Sendable (DispatchTime) throws -> Void' may introduce data races
126 | 
127 |     package func register(_ process: AsyncProcess) -> RegistrationKey? {
128 |         self.register(name: "\(process.arguments.joined(separator: " "))", handler: process.terminate)
    |                                                                                             `- warning: converting non-sendable function value to '@Sendable (DispatchTime) throws -> Void' may introduce data races
129 |     }
130 | 

/__w/_temp/corpus/Sources/Basics/Cancellator.swift:133:72: warning: converting non-sendable function value to '@Sendable (DispatchTime) throws -> Void' may introduce data races
131 |     #if !os(iOS) && !os(watchOS) && !os(tvOS)
132 |     public func register(_ process: Foundation.Process) -> RegistrationKey? {
133 |         self.register(name: "\(process.description)", handler: process.terminate(timeout:))
    |                                                                        `- warning: converting non-sendable function value to '@Sendable (DispatchTime) throws -> Void' may introduce data races
134 |     }
135 |     #endif

/__w/_temp/corpus/Sources/Basics/Concurrency/AsyncProcess.swift:190:14: warning: associated value 'stream(stdout:stderr:redirectStderr:)' of 'Sendable'-conforming enum 'OutputRedirection' has non-sendable type 'AsyncProcess.OutputClosure' (aka '(Array<UInt8>) -> ()'); this is an error in the Swift 6 language mode
 188 |         /// Stream `stdout` and `stderr` via the corresponding closures. If `redirectStderr` is `true`, `stderr` will
 189 |         /// be redirected to `stdout`.
 190 |         case stream(stdout: OutputClosure, stderr: OutputClosure, redirectStderr: Bool)
     |              |- warning: associated value 'stream(stdout:stderr:redirectStderr:)' of 'Sendable'-conforming enum 'OutputRedirection' has non-sendable type 'AsyncProcess.OutputClosure' (aka '(Array<UInt8>) -> ()'); this is an error in the Swift 6 language mode
     |              `- note: a function type must be marked '@Sendable' to conform to 'Sendable'
 191 | 
 192 |         /// Stream stdout and stderr as `AsyncSequence` provided as an argument to closures passed to

/__w/_temp/corpus/Sources/Basics/Concurrency/AsyncProcess.swift:190:14: warning: associated value 'stream(stdout:stderr:redirectStderr:)' of 'Sendable'-conforming enum 'OutputRedirection' has non-sendable type 'AsyncProcess.OutputClosure' (aka '(Array<UInt8>) -> ()'); this is an error in the Swift 6 language mode
 188 |         /// Stream `stdout` and `stderr` via the corresponding closures. If `redirectStderr` is `true`, `stderr` will
 189 |         /// be redirected to `stdout`.
 190 |         case stream(stdout: OutputClosure, stderr: OutputClosure, redirectStderr: Bool)
     |              |- warning: associated value 'stream(stdout:stderr:redirectStderr:)' of 'Sendable'-conforming enum 'OutputRedirection' has non-sendable type 'AsyncProcess.OutputClosure' (aka '(Array<UInt8>) -> ()'); this is an error in the Swift 6 language mode
     |              `- note: a function type must be marked '@Sendable' to conform to 'Sendable'
 191 | 
 192 |         /// Stream stdout and stderr as `AsyncSequence` provided as an argument to closures passed to

/__w/_temp/corpus/Sources/Basics/Concurrency/AsyncProcess.swift:265:24: warning: static property '_loggingHandler' is not concurrency-safe because it is nonisolated global shared mutable state; this is an error in the Swift 6 language mode
 263 |     package typealias LoggingHandler = (String) -> Void
 264 | 
 265 |     private static var _loggingHandler: LoggingHandler?
     |                        |- warning: static property '_loggingHandler' is not concurrency-safe because it is nonisolated global shared mutable state; this is an error in the Swift 6 language mode
     |                        |- note: convert '_loggingHandler' to a 'let' constant to make 'Sendable' shared state immutable
     |                        |- note: add '@MainActor' to make static property '_loggingHandler' part of global actor 'MainActor'
     |                        `- note: disable concurrency-safety checks if accesses are protected by an external synchronization mechanism
 266 |     private static let loggingHandlerLock = NSLock()
 267 | 

/__w/_temp/corpus/Sources/Basics/Concurrency/AsyncProcess.swift:333:24: warning: static property 'validatedExecutablesMap' is not concurrency-safe because it is nonisolated global shared mutable state; this is an error in the Swift 6 language mode
 331 |     /// Key: Executable name or path.
 332 |     /// Value: Path to the executable, if found.
 333 |     private static var validatedExecutablesMap = [String: AbsolutePath?]()
     |                        |- warning: static property 'validatedExecutablesMap' is not concurrency-safe because it is nonisolated global shared mutable state; this is an error in the Swift 6 language mode
     |                        |- note: convert 'validatedExecutablesMap' to a 'let' constant to make 'Sendable' shared state immutable
     |                        |- note: add '@MainActor' to make static property 'validatedExecutablesMap' part of global actor 'MainActor'
     |                        `- note: disable concurrency-safety checks if accesses are protected by an external synchronization mechanism
 334 |     private static let validatedExecutablesMapLock = NSLock()
 335 | 

/__w/_temp/corpus/Sources/Basics/Concurrency/AsyncProcess.swift:361:62: warning: 'loggingHandler' is deprecated: use instance level `loggingHandler` passed via `init` instead of setting one globally.
 359 |         self.outputRedirection = outputRedirection
 360 |         self.startNewProcessGroup = startNewProcessGroup
 361 |         self.loggingHandler = loggingHandler ?? AsyncProcess.loggingHandler
     |                                                              `- warning: 'loggingHandler' is deprecated: use instance level `loggingHandler` passed via `init` instead of setting one globally.
 362 |     }
 363 | 

/__w/_temp/corpus/Sources/Basics/Concurrency/AsyncProcess.swift:387:62: warning: 'loggingHandler' is deprecated: use instance level `loggingHandler` passed via `init` instead of setting one globally.
 385 |         self.outputRedirection = outputRedirection
 386 |         self.startNewProcessGroup = startNewProcessGroup
 387 |         self.loggingHandler = loggingHandler ?? AsyncProcess.loggingHandler
     |                                                              `- warning: 'loggingHandler' is deprecated: use instance level `loggingHandler` passed via `init` instead of setting one globally.
 388 |     }
 389 | 

/__w/_temp/corpus/Sources/Basics/Concurrency/AsyncProcess.swift:863:36: warning: capture of 'completion' with non-sendable type '(Result<AsyncProcessResult, any Error>) -> Void' in a '@Sendable' closure; this is an error in the Swift 6 language mode
 861 |             self.state = .complete(executionResult)
 862 |             self.completionQueue.async {
 863 |                 self.waitUntilExit(completion)
     |                                    |- warning: capture of 'completion' with non-sendable type '(Result<AsyncProcessResult, any Error>) -> Void' in a '@Sendable' closure; this is an error in the Swift 6 language mode
     |                                    `- note: a function type must be marked '@Sendable' to conform to 'Sendable'
 864 |             }
 865 |         }

/__w/_temp/corpus/Sources/Basics/Concurrency/AsyncProcess.swift:1107:17: warning: capture of 'completion' with non-sendable type '(Result<AsyncProcessResult, any Error>) -> Void' in a '@Sendable' closure; this is an error in the Swift 6 language mode
1105 |         } catch {
1106 |             completionQueue.async {
1107 |                 completion(.failure(error))
     |                 |- warning: capture of 'completion' with non-sendable type '(Result<AsyncProcessResult, any Error>) -> Void' in a '@Sendable' closure; this is an error in the Swift 6 language mode
     |                 `- note: a function type must be marked '@Sendable' to conform to 'Sendable'
1108 |             }
1109 |         }

/__w/_temp/corpus/Sources/Basics/Concurrency/ConcurrencyHelpers.swift:32:5: warning: sending value of non-Sendable type '() async -> ()' risks causing data races; this is an error in the Swift 6 language mode
30 | 
31 |     let box = ThreadSafeBox<T>()
32 |     Task {
   |     |- warning: sending value of non-Sendable type '() async -> ()' risks causing data races; this is an error in the Swift 6 language mode
   |     `- note: Passing value of non-Sendable type '() async -> ()' as a 'sending' argument risks causing races in between local and caller code
33 |         let localValue: T = await body()
34 |         box.mutate { _ in localValue }
   :
36 |     }
37 |     semaphore.wait()
38 |     return box.get()!
   |                `- note: access can happen concurrently
39 | }
40 | 
[1190/1459] Compiling Crypto HashFunctions_SHA2.swift
/__w/_temp/corpus/Sources/Basics/Cancellator.swift:37:24: warning: static property 'isSignalHandlerInstalled' is not concurrency-safe because it is nonisolated global shared mutable state; this is an error in the Swift 6 language mode
 35 | 
 36 |     private static let signalHandlerLock = NSLock()
 37 |     private static var isSignalHandlerInstalled = false
    |                        |- warning: static property 'isSignalHandlerInstalled' is not concurrency-safe because it is nonisolated global shared mutable state; this is an error in the Swift 6 language mode
    |                        |- note: convert 'isSignalHandlerInstalled' to a 'let' constant to make 'Sendable' shared state immutable
    |                        |- note: add '@MainActor' to make static property 'isSignalHandlerInstalled' part of global actor 'MainActor'
    |                        `- note: disable concurrency-safety checks if accesses are protected by an external synchronization mechanism
 38 | 
 39 |     public init(observabilityScope: ObservabilityScope?) {

/__w/_temp/corpus/Sources/Basics/Cancellator.swift:119:52: warning: converting non-sendable function value to '@Sendable (DispatchTime) throws -> Void' may introduce data races
117 |     @discardableResult
118 |     public func register(name: String, handler: Cancellable) -> RegistrationKey? {
119 |         self.register(name: name, handler: handler.cancel(deadline:))
    |                                                    `- warning: converting non-sendable function value to '@Sendable (DispatchTime) throws -> Void' may introduce data races
120 |     }
121 | 

/__w/_temp/corpus/Sources/Basics/Cancellator.swift:128:93: warning: converting non-sendable function value to '@Sendable (DispatchTime) throws -> Void' may introduce data races
126 | 
127 |     package func register(_ process: AsyncProcess) -> RegistrationKey? {
128 |         self.register(name: "\(process.arguments.joined(separator: " "))", handler: process.terminate)
    |                                                                                             `- warning: converting non-sendable function value to '@Sendable (DispatchTime) throws -> Void' may introduce data races
129 |     }
130 | 

/__w/_temp/corpus/Sources/Basics/Cancellator.swift:133:72: warning: converting non-sendable function value to '@Sendable (DispatchTime) throws -> Void' may introduce data races
131 |     #if !os(iOS) && !os(watchOS) && !os(tvOS)
132 |     public func register(_ process: Foundation.Process) -> RegistrationKey? {
133 |         self.register(name: "\(process.description)", handler: process.terminate(timeout:))
    |                                                                        `- warning: converting non-sendable function value to '@Sendable (DispatchTime) throws -> Void' may introduce data races
134 |     }
135 |     #endif

/__w/_temp/corpus/Sources/Basics/Concurrency/AsyncProcess.swift:190:14: warning: associated value 'stream(stdout:stderr:redirectStderr:)' of 'Sendable'-conforming enum 'OutputRedirection' has non-sendable type 'AsyncProcess.OutputClosure' (aka '(Array<UInt8>) -> ()'); this is an error in the Swift 6 language mode
 188 |         /// Stream `stdout` and `stderr` via the corresponding closures. If `redirectStderr` is `true`, `stderr` will
 189 |         /// be redirected to `stdout`.
 190 |         case stream(stdout: OutputClosure, stderr: OutputClosure, redirectStderr: Bool)
     |              |- warning: associated value 'stream(stdout:stderr:redirectStderr:)' of 'Sendable'-conforming enum 'OutputRedirection' has non-sendable type 'AsyncProcess.OutputClosure' (aka '(Array<UInt8>) -> ()'); this is an error in the Swift 6 language mode
     |              `- note: a function type must be marked '@Sendable' to conform to 'Sendable'
 191 | 
 192 |         /// Stream stdout and stderr as `AsyncSequence` provided as an argument to closures passed to

/__w/_temp/corpus/Sources/Basics/Concurrency/AsyncProcess.swift:190:14: warning: associated value 'stream(stdout:stderr:redirectStderr:)' of 'Sendable'-conforming enum 'OutputRedirection' has non-sendable type 'AsyncProcess.OutputClosure' (aka '(Array<UInt8>) -> ()'); this is an error in the Swift 6 language mode
 188 |         /// Stream `stdout` and `stderr` via the corresponding closures. If `redirectStderr` is `true`, `stderr` will
 189 |         /// be redirected to `stdout`.
 190 |         case stream(stdout: OutputClosure, stderr: OutputClosure, redirectStderr: Bool)
     |              |- warning: associated value 'stream(stdout:stderr:redirectStderr:)' of 'Sendable'-conforming enum 'OutputRedirection' has non-sendable type 'AsyncProcess.OutputClosure' (aka '(Array<UInt8>) -> ()'); this is an error in the Swift 6 language mode
     |              `- note: a function type must be marked '@Sendable' to conform to 'Sendable'
 191 | 
 192 |         /// Stream stdout and stderr as `AsyncSequence` provided as an argument to closures passed to

/__w/_temp/corpus/Sources/Basics/Concurrency/AsyncProcess.swift:265:24: warning: static property '_loggingHandler' is not concurrency-safe because it is nonisolated global shared mutable state; this is an error in the Swift 6 language mode
 263 |     package typealias LoggingHandler = (String) -> Void
 264 | 
 265 |     private static var _loggingHandler: LoggingHandler?
     |                        |- warning: static property '_loggingHandler' is not concurrency-safe because it is nonisolated global shared mutable state; this is an error in the Swift 6 language mode
     |                        |- note: convert '_loggingHandler' to a 'let' constant to make 'Sendable' shared state immutable
     |                        |- note: add '@MainActor' to make static property '_loggingHandler' part of global actor 'MainActor'
     |                        `- note: disable concurrency-safety checks if accesses are protected by an external synchronization mechanism
 266 |     private static let loggingHandlerLock = NSLock()
 267 | 

/__w/_temp/corpus/Sources/Basics/Concurrency/AsyncProcess.swift:333:24: warning: static property 'validatedExecutablesMap' is not concurrency-safe because it is nonisolated global shared mutable state; this is an error in the Swift 6 language mode
 331 |     /// Key: Executable name or path.
 332 |     /// Value: Path to the executable, if found.
 333 |     private static var validatedExecutablesMap = [String: AbsolutePath?]()
     |                        |- warning: static property 'validatedExecutablesMap' is not concurrency-safe because it is nonisolated global shared mutable state; this is an error in the Swift 6 language mode
     |                        |- note: convert 'validatedExecutablesMap' to a 'let' constant to make 'Sendable' shared state immutable
     |                        |- note: add '@MainActor' to make static property 'validatedExecutablesMap' part of global actor 'MainActor'
     |                        `- note: disable concurrency-safety checks if accesses are protected by an external synchronization mechanism
 334 |     private static let validatedExecutablesMapLock = NSLock()
 335 | 

/__w/_temp/corpus/Sources/Basics/Concurrency/AsyncProcess.swift:361:62: warning: 'loggingHandler' is deprecated: use instance level `loggingHandler` passed via `init` instead of setting one globally.
 359 |         self.outputRedirection = outputRedirection
 360 |         self.startNewProcessGroup = startNewProcessGroup
 361 |         self.loggingHandler = loggingHandler ?? AsyncProcess.loggingHandler
     |                                                              `- warning: 'loggingHandler' is deprecated: use instance level `loggingHandler` passed via `init` instead of setting one globally.
 362 |     }
 363 | 

/__w/_temp/corpus/Sources/Basics/Concurrency/AsyncProcess.swift:387:62: warning: 'loggingHandler' is deprecated: use instance level `loggingHandler` passed via `init` instead of setting one globally.
 385 |         self.outputRedirection = outputRedirection
 386 |         self.startNewProcessGroup = startNewProcessGroup
 387 |         self.loggingHandler = loggingHandler ?? AsyncProcess.loggingHandler
     |                                                              `- warning: 'loggingHandler' is deprecated: use instance level `loggingHandler` passed via `init` instead of setting one globally.
 388 |     }
 389 | 

/__w/_temp/corpus/Sources/Basics/Concurrency/AsyncProcess.swift:863:36: warning: capture of 'completion' with non-sendable type '(Result<AsyncProcessResult, any Error>) -> Void' in a '@Sendable' closure; this is an error in the Swift 6 language mode
 861 |             self.state = .complete(executionResult)
 862 |             self.completionQueue.async {
 863 |                 self.waitUntilExit(completion)
     |                                    |- warning: capture of 'completion' with non-sendable type '(Result<AsyncProcessResult, any Error>) -> Void' in a '@Sendable' closure; this is an error in the Swift 6 language mode
     |                                    `- note: a function type must be marked '@Sendable' to conform to 'Sendable'
 864 |             }
 865 |         }

/__w/_temp/corpus/Sources/Basics/Concurrency/AsyncProcess.swift:1107:17: warning: capture of 'completion' with non-sendable type '(Result<AsyncProcessResult, any Error>) -> Void' in a '@Sendable' closure; this is an error in the Swift 6 language mode
1105 |         } catch {
1106 |             completionQueue.async {
1107 |                 completion(.failure(error))
     |                 |- warning: capture of 'completion' with non-sendable type '(Result<AsyncProcessResult, any Error>) -> Void' in a '@Sendable' closure; this is an error in the Swift 6 language mode
     |                 `- note: a function type must be marked '@Sendable' to conform to 'Sendable'
1108 |             }
1109 |         }

/__w/_temp/corpus/Sources/Basics/Concurrency/ConcurrencyHelpers.swift:32:5: warning: sending value of non-Sendable type '() async -> ()' risks causing data races; this is an error in the Swift 6 language mode
30 | 
31 |     let box = ThreadSafeBox<T>()
32 |     Task {
   |     |- warning: sending value of non-Sendable type '() async -> ()' risks causing data races; this is an error in the Swift 6 language mode
   |     `- note: Passing value of non-Sendable type '() async -> ()' as a 'sending' argument risks causing races in between local and caller code
33 |         let localValue: T = await body()
34 |         box.mutate { _ in localValue }
   :
36 |     }
37 |     semaphore.wait()
38 |     return box.get()!
   |                `- note: access can happen concurrently
39 | }
40 | 
[1191/1459] Compiling Crypto HPKE-AEAD.swift
/__w/_temp/corpus/Sources/Basics/Cancellator.swift:37:24: warning: static property 'isSignalHandlerInstalled' is not concurrency-safe because it is nonisolated global shared mutable state; this is an error in the Swift 6 language mode
 35 | 
 36 |     private static let signalHandlerLock = NSLock()
 37 |     private static var isSignalHandlerInstalled = false
    |                        |- warning: static property 'isSignalHandlerInstalled' is not concurrency-safe because it is nonisolated global shared mutable state; this is an error in the Swift 6 language mode
    |                        |- note: convert 'isSignalHandlerInstalled' to a 'let' constant to make 'Sendable' shared state immutable
    |                        |- note: add '@MainActor' to make static property 'isSignalHandlerInstalled' part of global actor 'MainActor'
    |                        `- note: disable concurrency-safety checks if accesses are protected by an external synchronization mechanism
 38 | 
 39 |     public init(observabilityScope: ObservabilityScope?) {

/__w/_temp/corpus/Sources/Basics/Cancellator.swift:119:52: warning: converting non-sendable function value to '@Sendable (DispatchTime) throws -> Void' may introduce data races
117 |     @discardableResult
118 |     public func register(name: String, handler: Cancellable) -> RegistrationKey? {
119 |         self.register(name: name, handler: handler.cancel(deadline:))
    |                                                    `- warning: converting non-sendable function value to '@Sendable (DispatchTime) throws -> Void' may introduce data races
120 |     }
121 | 

/__w/_temp/corpus/Sources/Basics/Cancellator.swift:128:93: warning: converting non-sendable function value to '@Sendable (DispatchTime) throws -> Void' may introduce data races
126 | 
127 |     package func register(_ process: AsyncProcess) -> RegistrationKey? {
128 |         self.register(name: "\(process.arguments.joined(separator: " "))", handler: process.terminate)
    |                                                                                             `- warning: converting non-sendable function value to '@Sendable (DispatchTime) throws -> Void' may introduce data races
129 |     }
130 | 

/__w/_temp/corpus/Sources/Basics/Cancellator.swift:133:72: warning: converting non-sendable function value to '@Sendable (DispatchTime) throws -> Void' may introduce data races
131 |     #if !os(iOS) && !os(watchOS) && !os(tvOS)
132 |     public func register(_ process: Foundation.Process) -> RegistrationKey? {
133 |         self.register(name: "\(process.description)", handler: process.terminate(timeout:))
    |                                                                        `- warning: converting non-sendable function value to '@Sendable (DispatchTime) throws -> Void' may introduce data races
134 |     }
135 |     #endif

/__w/_temp/corpus/Sources/Basics/Concurrency/AsyncProcess.swift:190:14: warning: associated value 'stream(stdout:stderr:redirectStderr:)' of 'Sendable'-conforming enum 'OutputRedirection' has non-sendable type 'AsyncProcess.OutputClosure' (aka '(Array<UInt8>) -> ()'); this is an error in the Swift 6 language mode
 188 |         /// Stream `stdout` and `stderr` via the corresponding closures. If `redirectStderr` is `true`, `stderr` will
 189 |         /// be redirected to `stdout`.
 190 |         case stream(stdout: OutputClosure, stderr: OutputClosure, redirectStderr: Bool)
     |              |- warning: associated value 'stream(stdout:stderr:redirectStderr:)' of 'Sendable'-conforming enum 'OutputRedirection' has non-sendable type 'AsyncProcess.OutputClosure' (aka '(Array<UInt8>) -> ()'); this is an error in the Swift 6 language mode
     |              `- note: a function type must be marked '@Sendable' to conform to 'Sendable'
 191 | 
 192 |         /// Stream stdout and stderr as `AsyncSequence` provided as an argument to closures passed to

/__w/_temp/corpus/Sources/Basics/Concurrency/AsyncProcess.swift:190:14: warning: associated value 'stream(stdout:stderr:redirectStderr:)' of 'Sendable'-conforming enum 'OutputRedirection' has non-sendable type 'AsyncProcess.OutputClosure' (aka '(Array<UInt8>) -> ()'); this is an error in the Swift 6 language mode
 188 |         /// Stream `stdout` and `stderr` via the corresponding closures. If `redirectStderr` is `true`, `stderr` will
 189 |         /// be redirected to `stdout`.
 190 |         case stream(stdout: OutputClosure, stderr: OutputClosure, redirectStderr: Bool)
     |              |- warning: associated value 'stream(stdout:stderr:redirectStderr:)' of 'Sendable'-conforming enum 'OutputRedirection' has non-sendable type 'AsyncProcess.OutputClosure' (aka '(Array<UInt8>) -> ()'); this is an error in the Swift 6 language mode
     |              `- note: a function type must be marked '@Sendable' to conform to 'Sendable'
 191 | 
 192 |         /// Stream stdout and stderr as `AsyncSequence` provided as an argument to closures passed to

/__w/_temp/corpus/Sources/Basics/Concurrency/AsyncProcess.swift:265:24: warning: static property '_loggingHandler' is not concurrency-safe because it is nonisolated global shared mutable state; this is an error in the Swift 6 language mode
 263 |     package typealias LoggingHandler = (String) -> Void
 264 | 
 265 |     private static var _loggingHandler: LoggingHandler?
     |                        |- warning: static property '_loggingHandler' is not concurrency-safe because it is nonisolated global shared mutable state; this is an error in the Swift 6 language mode
     |                        |- note: convert '_loggingHandler' to a 'let' constant to make 'Sendable' shared state immutable
     |                        |- note: add '@MainActor' to make static property '_loggingHandler' part of global actor 'MainActor'
     |                        `- note: disable concurrency-safety checks if accesses are protected by an external synchronization mechanism
 266 |     private static let loggingHandlerLock = NSLock()
 267 | 

/__w/_temp/corpus/Sources/Basics/Concurrency/AsyncProcess.swift:333:24: warning: static property 'validatedExecutablesMap' is not concurrency-safe because it is nonisolated global shared mutable state; this is an error in the Swift 6 language mode
 331 |     /// Key: Executable name or path.
 332 |     /// Value: Path to the executable, if found.
 333 |     private static var validatedExecutablesMap = [String: AbsolutePath?]()
     |                        |- warning: static property 'validatedExecutablesMap' is not concurrency-safe because it is nonisolated global shared mutable state; this is an error in the Swift 6 language mode
     |                        |- note: convert 'validatedExecutablesMap' to a 'let' constant to make 'Sendable' shared state immutable
     |                        |- note: add '@MainActor' to make static property 'validatedExecutablesMap' part of global actor 'MainActor'
     |                        `- note: disable concurrency-safety checks if accesses are protected by an external synchronization mechanism
 334 |     private static let validatedExecutablesMapLock = NSLock()
 335 | 

/__w/_temp/corpus/Sources/Basics/Concurrency/AsyncProcess.swift:361:62: warning: 'loggingHandler' is deprecated: use instance level `loggingHandler` passed via `init` instead of setting one globally.
 359 |         self.outputRedirection = outputRedirection
 360 |         self.startNewProcessGroup = startNewProcessGroup
 361 |         self.loggingHandler = loggingHandler ?? AsyncProcess.loggingHandler
     |                                                              `- warning: 'loggingHandler' is deprecated: use instance level `loggingHandler` passed via `init` instead of setting one globally.
 362 |     }
 363 | 

/__w/_temp/corpus/Sources/Basics/Concurrency/AsyncProcess.swift:387:62: warning: 'loggingHandler' is deprecated: use instance level `loggingHandler` passed via `init` instead of setting one globally.
 385 |         self.outputRedirection = outputRedirection
 386 |         self.startNewProcessGroup = startNewProcessGroup
 387 |         self.loggingHandler = loggingHandler ?? AsyncProcess.loggingHandler
     |                                                              `- warning: 'loggingHandler' is deprecated: use instance level `loggingHandler` passed via `init` instead of setting one globally.
 388 |     }
 389 | 

/__w/_temp/corpus/Sources/Basics/Concurrency/AsyncProcess.swift:863:36: warning: capture of 'completion' with non-sendable type '(Result<AsyncProcessResult, any Error>) -> Void' in a '@Sendable' closure; this is an error in the Swift 6 language mode
 861 |             self.state = .complete(executionResult)
 862 |             self.completionQueue.async {
 863 |                 self.waitUntilExit(completion)
     |                                    |- warning: capture of 'completion' with non-sendable type '(Result<AsyncProcessResult, any Error>) -> Void' in a '@Sendable' closure; this is an error in the Swift 6 language mode
     |                                    `- note: a function type must be marked '@Sendable' to conform to 'Sendable'
 864 |             }
 865 |         }

/__w/_temp/corpus/Sources/Basics/Concurrency/AsyncProcess.swift:1107:17: warning: capture of 'completion' with non-sendable type '(Result<AsyncProcessResult, any Error>) -> Void' in a '@Sendable' closure; this is an error in the Swift 6 language mode
1105 |         } catch {
1106 |             completionQueue.async {
1107 |                 completion(.failure(error))
     |                 |- warning: capture of 'completion' with non-sendable type '(Result<AsyncProcessResult, any Error>) -> Void' in a '@Sendable' closure; this is an error in the Swift 6 language mode
     |                 `- note: a function type must be marked '@Sendable' to conform to 'Sendable'
1108 |             }
1109 |         }

/__w/_temp/corpus/Sources/Basics/Concurrency/ConcurrencyHelpers.swift:32:5: warning: sending value of non-Sendable type '() async -> ()' risks causing data races; this is an error in the Swift 6 language mode
30 | 
31 |     let box = ThreadSafeBox<T>()
32 |     Task {
   |     |- warning: sending value of non-Sendable type '() async -> ()' risks causing data races; this is an error in the Swift 6 language mode
   |     `- note: Passing value of non-Sendable type '() async -> ()' as a 'sending' argument risks causing races in between local and caller code
33 |         let localValue: T = await body()
34 |         box.mutate { _ in localValue }
   :
36 |     }
37 |     semaphore.wait()
38 |     return box.get()!
   |                `- note: access can happen concurrently
39 | }
40 | 
[1192/1459] Compiling Crypto HPKE-Ciphersuite.swift
/__w/_temp/corpus/Sources/Basics/Cancellator.swift:37:24: warning: static property 'isSignalHandlerInstalled' is not concurrency-safe because it is nonisolated global shared mutable state; this is an error in the Swift 6 language mode
 35 | 
 36 |     private static let signalHandlerLock = NSLock()
 37 |     private static var isSignalHandlerInstalled = false
    |                        |- warning: static property 'isSignalHandlerInstalled' is not concurrency-safe because it is nonisolated global shared mutable state; this is an error in the Swift 6 language mode
    |                        |- note: convert 'isSignalHandlerInstalled' to a 'let' constant to make 'Sendable' shared state immutable
    |                        |- note: add '@MainActor' to make static property 'isSignalHandlerInstalled' part of global actor 'MainActor'
    |                        `- note: disable concurrency-safety checks if accesses are protected by an external synchronization mechanism
 38 | 
 39 |     public init(observabilityScope: ObservabilityScope?) {

/__w/_temp/corpus/Sources/Basics/Cancellator.swift:119:52: warning: converting non-sendable function value to '@Sendable (DispatchTime) throws -> Void' may introduce data races
117 |     @discardableResult
118 |     public func register(name: String, handler: Cancellable) -> RegistrationKey? {
119 |         self.register(name: name, handler: handler.cancel(deadline:))
    |                                                    `- warning: converting non-sendable function value to '@Sendable (DispatchTime) throws -> Void' may introduce data races
120 |     }
121 | 

/__w/_temp/corpus/Sources/Basics/Cancellator.swift:128:93: warning: converting non-sendable function value to '@Sendable (DispatchTime) throws -> Void' may introduce data races
126 | 
127 |     package func register(_ process: AsyncProcess) -> RegistrationKey? {
128 |         self.register(name: "\(process.arguments.joined(separator: " "))", handler: process.terminate)
    |                                                                                             `- warning: converting non-sendable function value to '@Sendable (DispatchTime) throws -> Void' may introduce data races
129 |     }
130 | 

/__w/_temp/corpus/Sources/Basics/Cancellator.swift:133:72: warning: converting non-sendable function value to '@Sendable (DispatchTime) throws -> Void' may introduce data races
131 |     #if !os(iOS) && !os(watchOS) && !os(tvOS)
132 |     public func register(_ process: Foundation.Process) -> RegistrationKey? {
133 |         self.register(name: "\(process.description)", handler: process.terminate(timeout:))
    |                                                                        `- warning: converting non-sendable function value to '@Sendable (DispatchTime) throws -> Void' may introduce data races
134 |     }
135 |     #endif

/__w/_temp/corpus/Sources/Basics/Concurrency/AsyncProcess.swift:190:14: warning: associated value 'stream(stdout:stderr:redirectStderr:)' of 'Sendable'-conforming enum 'OutputRedirection' has non-sendable type 'AsyncProcess.OutputClosure' (aka '(Array<UInt8>) -> ()'); this is an error in the Swift 6 language mode
 188 |         /// Stream `stdout` and `stderr` via the corresponding closures. If `redirectStderr` is `true`, `stderr` will
 189 |         /// be redirected to `stdout`.
 190 |         case stream(stdout: OutputClosure, stderr: OutputClosure, redirectStderr: Bool)
     |              |- warning: associated value 'stream(stdout:stderr:redirectStderr:)' of 'Sendable'-conforming enum 'OutputRedirection' has non-sendable type 'AsyncProcess.OutputClosure' (aka '(Array<UInt8>) -> ()'); this is an error in the Swift 6 language mode
     |              `- note: a function type must be marked '@Sendable' to conform to 'Sendable'
 191 | 
 192 |         /// Stream stdout and stderr as `AsyncSequence` provided as an argument to closures passed to

/__w/_temp/corpus/Sources/Basics/Concurrency/AsyncProcess.swift:190:14: warning: associated value 'stream(stdout:stderr:redirectStderr:)' of 'Sendable'-conforming enum 'OutputRedirection' has non-sendable type 'AsyncProcess.OutputClosure' (aka '(Array<UInt8>) -> ()'); this is an error in the Swift 6 language mode
 188 |         /// Stream `stdout` and `stderr` via the corresponding closures. If `redirectStderr` is `true`, `stderr` will
 189 |         /// be redirected to `stdout`.
 190 |         case stream(stdout: OutputClosure, stderr: OutputClosure, redirectStderr: Bool)
     |              |- warning: associated value 'stream(stdout:stderr:redirectStderr:)' of 'Sendable'-conforming enum 'OutputRedirection' has non-sendable type 'AsyncProcess.OutputClosure' (aka '(Array<UInt8>) -> ()'); this is an error in the Swift 6 language mode
     |              `- note: a function type must be marked '@Sendable' to conform to 'Sendable'
 191 | 
 192 |         /// Stream stdout and stderr as `AsyncSequence` provided as an argument to closures passed to

/__w/_temp/corpus/Sources/Basics/Concurrency/AsyncProcess.swift:265:24: warning: static property '_loggingHandler' is not concurrency-safe because it is nonisolated global shared mutable state; this is an error in the Swift 6 language mode
 263 |     package typealias LoggingHandler = (String) -> Void
 264 | 
 265 |     private static var _loggingHandler: LoggingHandler?
     |                        |- warning: static property '_loggingHandler' is not concurrency-safe because it is nonisolated global shared mutable state; this is an error in the Swift 6 language mode
     |                        |- note: convert '_loggingHandler' to a 'let' constant to make 'Sendable' shared state immutable
     |                        |- note: add '@MainActor' to make static property '_loggingHandler' part of global actor 'MainActor'
     |                        `- note: disable concurrency-safety checks if accesses are protected by an external synchronization mechanism
 266 |     private static let loggingHandlerLock = NSLock()
 267 | 

/__w/_temp/corpus/Sources/Basics/Concurrency/AsyncProcess.swift:333:24: warning: static property 'validatedExecutablesMap' is not concurrency-safe because it is nonisolated global shared mutable state; this is an error in the Swift 6 language mode
 331 |     /// Key: Executable name or path.
 332 |     /// Value: Path to the executable, if found.
 333 |     private static var validatedExecutablesMap = [String: AbsolutePath?]()
     |                        |- warning: static property 'validatedExecutablesMap' is not concurrency-safe because it is nonisolated global shared mutable state; this is an error in the Swift 6 language mode
     |                        |- note: convert 'validatedExecutablesMap' to a 'let' constant to make 'Sendable' shared state immutable
     |                        |- note: add '@MainActor' to make static property 'validatedExecutablesMap' part of global actor 'MainActor'
     |                        `- note: disable concurrency-safety checks if accesses are protected by an external synchronization mechanism
 334 |     private static let validatedExecutablesMapLock = NSLock()
 335 | 

/__w/_temp/corpus/Sources/Basics/Concurrency/AsyncProcess.swift:361:62: warning: 'loggingHandler' is deprecated: use instance level `loggingHandler` passed via `init` instead of setting one globally.
 359 |         self.outputRedirection = outputRedirection
 360 |         self.startNewProcessGroup = startNewProcessGroup
 361 |         self.loggingHandler = loggingHandler ?? AsyncProcess.loggingHandler
     |                                                              `- warning: 'loggingHandler' is deprecated: use instance level `loggingHandler` passed via `init` instead of setting one globally.
 362 |     }
 363 | 

/__w/_temp/corpus/Sources/Basics/Concurrency/AsyncProcess.swift:387:62: warning: 'loggingHandler' is deprecated: use instance level `loggingHandler` passed via `init` instead of setting one globally.
 385 |         self.outputRedirection = outputRedirection
 386 |         self.startNewProcessGroup = startNewProcessGroup
 387 |         self.loggingHandler = loggingHandler ?? AsyncProcess.loggingHandler
     |                                                              `- warning: 'loggingHandler' is deprecated: use instance level `loggingHandler` passed via `init` instead of setting one globally.
 388 |     }
 389 | 

/__w/_temp/corpus/Sources/Basics/Concurrency/AsyncProcess.swift:863:36: warning: capture of 'completion' with non-sendable type '(Result<AsyncProcessResult, any Error>) -> Void' in a '@Sendable' closure; this is an error in the Swift 6 language mode
 861 |             self.state = .complete(executionResult)
 862 |             self.completionQueue.async {
 863 |                 self.waitUntilExit(completion)
     |                                    |- warning: capture of 'completion' with non-sendable type '(Result<AsyncProcessResult, any Error>) -> Void' in a '@Sendable' closure; this is an error in the Swift 6 language mode
     |                                    `- note: a function type must be marked '@Sendable' to conform to 'Sendable'
 864 |             }
 865 |         }

/__w/_temp/corpus/Sources/Basics/Concurrency/AsyncProcess.swift:1107:17: warning: capture of 'completion' with non-sendable type '(Result<AsyncProcessResult, any Error>) -> Void' in a '@Sendable' closure; this is an error in the Swift 6 language mode
1105 |         } catch {
1106 |             completionQueue.async {
1107 |                 completion(.failure(error))
     |                 |- warning: capture of 'completion' with non-sendable type '(Result<AsyncProcessResult, any Error>) -> Void' in a '@Sendable' closure; this is an error in the Swift 6 language mode
     |                 `- note: a function type must be marked '@Sendable' to conform to 'Sendable'
1108 |             }
1109 |         }

/__w/_temp/corpus/Sources/Basics/Concurrency/ConcurrencyHelpers.swift:32:5: warning: sending value of non-Sendable type '() async -> ()' risks causing data races; this is an error in the Swift 6 language mode
30 | 
31 |     let box = ThreadSafeBox<T>()
32 |     Task {
   |     |- warning: sending value of non-Sendable type '() async -> ()' risks causing data races; this is an error in the Swift 6 language mode
   |     `- note: Passing value of non-Sendable type '() async -> ()' as a 'sending' argument risks causing races in between local and caller code
33 |         let localValue: T = await body()
34 |         box.mutate { _ in localValue }
   :
36 |     }
37 |     semaphore.wait()
38 |     return box.get()!
   |                `- note: access can happen concurrently
39 | }
40 | 
[1193/1459] Compiling Crypto HPKE-KDF.swift
/__w/_temp/corpus/Sources/Basics/Cancellator.swift:37:24: warning: static property 'isSignalHandlerInstalled' is not concurrency-safe because it is nonisolated global shared mutable state; this is an error in the Swift 6 language mode
 35 | 
 36 |     private static let signalHandlerLock = NSLock()
 37 |     private static var isSignalHandlerInstalled = false
    |                        |- warning: static property 'isSignalHandlerInstalled' is not concurrency-safe because it is nonisolated global shared mutable state; this is an error in the Swift 6 language mode
    |                        |- note: convert 'isSignalHandlerInstalled' to a 'let' constant to make 'Sendable' shared state immutable
    |                        |- note: add '@MainActor' to make static property 'isSignalHandlerInstalled' part of global actor 'MainActor'
    |                        `- note: disable concurrency-safety checks if accesses are protected by an external synchronization mechanism
 38 | 
 39 |     public init(observabilityScope: ObservabilityScope?) {

/__w/_temp/corpus/Sources/Basics/Cancellator.swift:119:52: warning: converting non-sendable function value to '@Sendable (DispatchTime) throws -> Void' may introduce data races
117 |     @discardableResult
118 |     public func register(name: String, handler: Cancellable) -> RegistrationKey? {
119 |         self.register(name: name, handler: handler.cancel(deadline:))
    |                                                    `- warning: converting non-sendable function value to '@Sendable (DispatchTime) throws -> Void' may introduce data races
120 |     }
121 | 

/__w/_temp/corpus/Sources/Basics/Cancellator.swift:128:93: warning: converting non-sendable function value to '@Sendable (DispatchTime) throws -> Void' may introduce data races
126 | 
127 |     package func register(_ process: AsyncProcess) -> RegistrationKey? {
128 |         self.register(name: "\(process.arguments.joined(separator: " "))", handler: process.terminate)
    |                                                                                             `- warning: converting non-sendable function value to '@Sendable (DispatchTime) throws -> Void' may introduce data races
129 |     }
130 | 

/__w/_temp/corpus/Sources/Basics/Cancellator.swift:133:72: warning: converting non-sendable function value to '@Sendable (DispatchTime) throws -> Void' may introduce data races
131 |     #if !os(iOS) && !os(watchOS) && !os(tvOS)
132 |     public func register(_ process: Foundation.Process) -> RegistrationKey? {
133 |         self.register(name: "\(process.description)", handler: process.terminate(timeout:))
    |                                                                        `- warning: converting non-sendable function value to '@Sendable (DispatchTime) throws -> Void' may introduce data races
134 |     }
135 |     #endif

/__w/_temp/corpus/Sources/Basics/Concurrency/AsyncProcess.swift:190:14: warning: associated value 'stream(stdout:stderr:redirectStderr:)' of 'Sendable'-conforming enum 'OutputRedirection' has non-sendable type 'AsyncProcess.OutputClosure' (aka '(Array<UInt8>) -> ()'); this is an error in the Swift 6 language mode
 188 |         /// Stream `stdout` and `stderr` via the corresponding closures. If `redirectStderr` is `true`, `stderr` will
 189 |         /// be redirected to `stdout`.
 190 |         case stream(stdout: OutputClosure, stderr: OutputClosure, redirectStderr: Bool)
     |              |- warning: associated value 'stream(stdout:stderr:redirectStderr:)' of 'Sendable'-conforming enum 'OutputRedirection' has non-sendable type 'AsyncProcess.OutputClosure' (aka '(Array<UInt8>) -> ()'); this is an error in the Swift 6 language mode
     |              `- note: a function type must be marked '@Sendable' to conform to 'Sendable'
 191 | 
 192 |         /// Stream stdout and stderr as `AsyncSequence` provided as an argument to closures passed to

/__w/_temp/corpus/Sources/Basics/Concurrency/AsyncProcess.swift:190:14: warning: associated value 'stream(stdout:stderr:redirectStderr:)' of 'Sendable'-conforming enum 'OutputRedirection' has non-sendable type 'AsyncProcess.OutputClosure' (aka '(Array<UInt8>) -> ()'); this is an error in the Swift 6 language mode
 188 |         /// Stream `stdout` and `stderr` via the corresponding closures. If `redirectStderr` is `true`, `stderr` will
 189 |         /// be redirected to `stdout`.
 190 |         case stream(stdout: OutputClosure, stderr: OutputClosure, redirectStderr: Bool)
     |              |- warning: associated value 'stream(stdout:stderr:redirectStderr:)' of 'Sendable'-conforming enum 'OutputRedirection' has non-sendable type 'AsyncProcess.OutputClosure' (aka '(Array<UInt8>) -> ()'); this is an error in the Swift 6 language mode
     |              `- note: a function type must be marked '@Sendable' to conform to 'Sendable'
 191 | 
 192 |         /// Stream stdout and stderr as `AsyncSequence` provided as an argument to closures passed to

/__w/_temp/corpus/Sources/Basics/Concurrency/AsyncProcess.swift:265:24: warning: static property '_loggingHandler' is not concurrency-safe because it is nonisolated global shared mutable state; this is an error in the Swift 6 language mode
 263 |     package typealias LoggingHandler = (String) -> Void
 264 | 
 265 |     private static var _loggingHandler: LoggingHandler?
     |                        |- warning: static property '_loggingHandler' is not concurrency-safe because it is nonisolated global shared mutable state; this is an error in the Swift 6 language mode
     |                        |- note: convert '_loggingHandler' to a 'let' constant to make 'Sendable' shared state immutable
     |                        |- note: add '@MainActor' to make static property '_loggingHandler' part of global actor 'MainActor'
     |                        `- note: disable concurrency-safety checks if accesses are protected by an external synchronization mechanism
 266 |     private static let loggingHandlerLock = NSLock()
 267 | 

/__w/_temp/corpus/Sources/Basics/Concurrency/AsyncProcess.swift:333:24: warning: static property 'validatedExecutablesMap' is not concurrency-safe because it is nonisolated global shared mutable state; this is an error in the Swift 6 language mode
 331 |     /// Key: Executable name or path.
 332 |     /// Value: Path to the executable, if found.
 333 |     private static var validatedExecutablesMap = [String: AbsolutePath?]()
     |                        |- warning: static property 'validatedExecutablesMap' is not concurrency-safe because it is nonisolated global shared mutable state; this is an error in the Swift 6 language mode
     |                        |- note: convert 'validatedExecutablesMap' to a 'let' constant to make 'Sendable' shared state immutable
     |                        |- note: add '@MainActor' to make static property 'validatedExecutablesMap' part of global actor 'MainActor'
     |                        `- note: disable concurrency-safety checks if accesses are protected by an external synchronization mechanism
 334 |     private static let validatedExecutablesMapLock = NSLock()
 335 | 

/__w/_temp/corpus/Sources/Basics/Concurrency/AsyncProcess.swift:361:62: warning: 'loggingHandler' is deprecated: use instance level `loggingHandler` passed via `init` instead of setting one globally.
 359 |         self.outputRedirection = outputRedirection
 360 |         self.startNewProcessGroup = startNewProcessGroup
 361 |         self.loggingHandler = loggingHandler ?? AsyncProcess.loggingHandler
     |                                                              `- warning: 'loggingHandler' is deprecated: use instance level `loggingHandler` passed via `init` instead of setting one globally.
 362 |     }
 363 | 

/__w/_temp/corpus/Sources/Basics/Concurrency/AsyncProcess.swift:387:62: warning: 'loggingHandler' is deprecated: use instance level `loggingHandler` passed via `init` instead of setting one globally.
 385 |         self.outputRedirection = outputRedirection
 386 |         self.startNewProcessGroup = startNewProcessGroup
 387 |         self.loggingHandler = loggingHandler ?? AsyncProcess.loggingHandler
     |                                                              `- warning: 'loggingHandler' is deprecated: use instance level `loggingHandler` passed via `init` instead of setting one globally.
 388 |     }
 389 | 

/__w/_temp/corpus/Sources/Basics/Concurrency/AsyncProcess.swift:863:36: warning: capture of 'completion' with non-sendable type '(Result<AsyncProcessResult, any Error>) -> Void' in a '@Sendable' closure; this is an error in the Swift 6 language mode
 861 |             self.state = .complete(executionResult)
 862 |             self.completionQueue.async {
 863 |                 self.waitUntilExit(completion)
     |                                    |- warning: capture of 'completion' with non-sendable type '(Result<AsyncProcessResult, any Error>) -> Void' in a '@Sendable' closure; this is an error in the Swift 6 language mode
     |                                    `- note: a function type must be marked '@Sendable' to conform to 'Sendable'
 864 |             }
 865 |         }

/__w/_temp/corpus/Sources/Basics/Concurrency/AsyncProcess.swift:1107:17: warning: capture of 'completion' with non-sendable type '(Result<AsyncProcessResult, any Error>) -> Void' in a '@Sendable' closure; this is an error in the Swift 6 language mode
1105 |         } catch {
1106 |             completionQueue.async {
1107 |                 completion(.failure(error))
     |                 |- warning: capture of 'completion' with non-sendable type '(Result<AsyncProcessResult, any Error>) -> Void' in a '@Sendable' closure; this is an error in the Swift 6 language mode
     |                 `- note: a function type must be marked '@Sendable' to conform to 'Sendable'
1108 |             }
1109 |         }

/__w/_temp/corpus/Sources/Basics/Concurrency/ConcurrencyHelpers.swift:32:5: warning: sending value of non-Sendable type '() async -> ()' risks causing data races; this is an error in the Swift 6 language mode
30 | 
31 |     let box = ThreadSafeBox<T>()
32 |     Task {
   |     |- warning: sending value of non-Sendable type '() async -> ()' risks causing data races; this is an error in the Swift 6 language mode
   |     `- note: Passing value of non-Sendable type '() async -> ()' as a 'sending' argument risks causing races in between local and caller code
33 |         let localValue: T = await body()
34 |         box.mutate { _ in localValue }
   :
36 |     }
37 |     semaphore.wait()
38 |     return box.get()!
   |                `- note: access can happen concurrently
39 | }
40 | 
[1194/1459] Compiling Crypto HPKE-KexKeyDerivation.swift
/__w/_temp/corpus/Sources/Basics/Cancellator.swift:37:24: warning: static property 'isSignalHandlerInstalled' is not concurrency-safe because it is nonisolated global shared mutable state; this is an error in the Swift 6 language mode
 35 | 
 36 |     private static let signalHandlerLock = NSLock()
 37 |     private static var isSignalHandlerInstalled = false
    |                        |- warning: static property 'isSignalHandlerInstalled' is not concurrency-safe because it is nonisolated global shared mutable state; this is an error in the Swift 6 language mode
    |                        |- note: convert 'isSignalHandlerInstalled' to a 'let' constant to make 'Sendable' shared state immutable
    |                        |- note: add '@MainActor' to make static property 'isSignalHandlerInstalled' part of global actor 'MainActor'
    |                        `- note: disable concurrency-safety checks if accesses are protected by an external synchronization mechanism
 38 | 
 39 |     public init(observabilityScope: ObservabilityScope?) {

/__w/_temp/corpus/Sources/Basics/Cancellator.swift:119:52: warning: converting non-sendable function value to '@Sendable (DispatchTime) throws -> Void' may introduce data races
117 |     @discardableResult
118 |     public func register(name: String, handler: Cancellable) -> RegistrationKey? {
119 |         self.register(name: name, handler: handler.cancel(deadline:))
    |                                                    `- warning: converting non-sendable function value to '@Sendable (DispatchTime) throws -> Void' may introduce data races
120 |     }
121 | 

/__w/_temp/corpus/Sources/Basics/Cancellator.swift:128:93: warning: converting non-sendable function value to '@Sendable (DispatchTime) throws -> Void' may introduce data races
126 | 
127 |     package func register(_ process: AsyncProcess) -> RegistrationKey? {
128 |         self.register(name: "\(process.arguments.joined(separator: " "))", handler: process.terminate)
    |                                                                                             `- warning: converting non-sendable function value to '@Sendable (DispatchTime) throws -> Void' may introduce data races
129 |     }
130 | 

/__w/_temp/corpus/Sources/Basics/Cancellator.swift:133:72: warning: converting non-sendable function value to '@Sendable (DispatchTime) throws -> Void' may introduce data races
131 |     #if !os(iOS) && !os(watchOS) && !os(tvOS)
132 |     public func register(_ process: Foundation.Process) -> RegistrationKey? {
133 |         self.register(name: "\(process.description)", handler: process.terminate(timeout:))
    |                                                                        `- warning: converting non-sendable function value to '@Sendable (DispatchTime) throws -> Void' may introduce data races
134 |     }
135 |     #endif

/__w/_temp/corpus/Sources/Basics/Concurrency/AsyncProcess.swift:190:14: warning: associated value 'stream(stdout:stderr:redirectStderr:)' of 'Sendable'-conforming enum 'OutputRedirection' has non-sendable type 'AsyncProcess.OutputClosure' (aka '(Array<UInt8>) -> ()'); this is an error in the Swift 6 language mode
 188 |         /// Stream `stdout` and `stderr` via the corresponding closures. If `redirectStderr` is `true`, `stderr` will
 189 |         /// be redirected to `stdout`.
 190 |         case stream(stdout: OutputClosure, stderr: OutputClosure, redirectStderr: Bool)
     |              |- warning: associated value 'stream(stdout:stderr:redirectStderr:)' of 'Sendable'-conforming enum 'OutputRedirection' has non-sendable type 'AsyncProcess.OutputClosure' (aka '(Array<UInt8>) -> ()'); this is an error in the Swift 6 language mode
     |              `- note: a function type must be marked '@Sendable' to conform to 'Sendable'
 191 | 
 192 |         /// Stream stdout and stderr as `AsyncSequence` provided as an argument to closures passed to

/__w/_temp/corpus/Sources/Basics/Concurrency/AsyncProcess.swift:190:14: warning: associated value 'stream(stdout:stderr:redirectStderr:)' of 'Sendable'-conforming enum 'OutputRedirection' has non-sendable type 'AsyncProcess.OutputClosure' (aka '(Array<UInt8>) -> ()'); this is an error in the Swift 6 language mode
 188 |         /// Stream `stdout` and `stderr` via the corresponding closures. If `redirectStderr` is `true`, `stderr` will
 189 |         /// be redirected to `stdout`.
 190 |         case stream(stdout: OutputClosure, stderr: OutputClosure, redirectStderr: Bool)
     |              |- warning: associated value 'stream(stdout:stderr:redirectStderr:)' of 'Sendable'-conforming enum 'OutputRedirection' has non-sendable type 'AsyncProcess.OutputClosure' (aka '(Array<UInt8>) -> ()'); this is an error in the Swift 6 language mode
     |              `- note: a function type must be marked '@Sendable' to conform to 'Sendable'
 191 | 
 192 |         /// Stream stdout and stderr as `AsyncSequence` provided as an argument to closures passed to

/__w/_temp/corpus/Sources/Basics/Concurrency/AsyncProcess.swift:265:24: warning: static property '_loggingHandler' is not concurrency-safe because it is nonisolated global shared mutable state; this is an error in the Swift 6 language mode
 263 |     package typealias LoggingHandler = (String) -> Void
 264 | 
 265 |     private static var _loggingHandler: LoggingHandler?
     |                        |- warning: static property '_loggingHandler' is not concurrency-safe because it is nonisolated global shared mutable state; this is an error in the Swift 6 language mode
     |                        |- note: convert '_loggingHandler' to a 'let' constant to make 'Sendable' shared state immutable
     |                        |- note: add '@MainActor' to make static property '_loggingHandler' part of global actor 'MainActor'
     |                        `- note: disable concurrency-safety checks if accesses are protected by an external synchronization mechanism
 266 |     private static let loggingHandlerLock = NSLock()
 267 | 

/__w/_temp/corpus/Sources/Basics/Concurrency/AsyncProcess.swift:333:24: warning: static property 'validatedExecutablesMap' is not concurrency-safe because it is nonisolated global shared mutable state; this is an error in the Swift 6 language mode
 331 |     /// Key: Executable name or path.
 332 |     /// Value: Path to the executable, if found.
 333 |     private static var validatedExecutablesMap = [String: AbsolutePath?]()
     |                        |- warning: static property 'validatedExecutablesMap' is not concurrency-safe because it is nonisolated global shared mutable state; this is an error in the Swift 6 language mode
     |                        |- note: convert 'validatedExecutablesMap' to a 'let' constant to make 'Sendable' shared state immutable
     |                        |- note: add '@MainActor' to make static property 'validatedExecutablesMap' part of global actor 'MainActor'
     |                        `- note: disable concurrency-safety checks if accesses are protected by an external synchronization mechanism
 334 |     private static let validatedExecutablesMapLock = NSLock()
 335 | 

/__w/_temp/corpus/Sources/Basics/Concurrency/AsyncProcess.swift:361:62: warning: 'loggingHandler' is deprecated: use instance level `loggingHandler` passed via `init` instead of setting one globally.
 359 |         self.outputRedirection = outputRedirection
 360 |         self.startNewProcessGroup = startNewProcessGroup
 361 |         self.loggingHandler = loggingHandler ?? AsyncProcess.loggingHandler
     |                                                              `- warning: 'loggingHandler' is deprecated: use instance level `loggingHandler` passed via `init` instead of setting one globally.
 362 |     }
 363 | 

/__w/_temp/corpus/Sources/Basics/Concurrency/AsyncProcess.swift:387:62: warning: 'loggingHandler' is deprecated: use instance level `loggingHandler` passed via `init` instead of setting one globally.
 385 |         self.outputRedirection = outputRedirection
 386 |         self.startNewProcessGroup = startNewProcessGroup
 387 |         self.loggingHandler = loggingHandler ?? AsyncProcess.loggingHandler
     |                                                              `- warning: 'loggingHandler' is deprecated: use instance level `loggingHandler` passed via `init` instead of setting one globally.
 388 |     }
 389 | 

/__w/_temp/corpus/Sources/Basics/Concurrency/AsyncProcess.swift:863:36: warning: capture of 'completion' with non-sendable type '(Result<AsyncProcessResult, any Error>) -> Void' in a '@Sendable' closure; this is an error in the Swift 6 language mode
 861 |             self.state = .complete(executionResult)
 862 |             self.completionQueue.async {
 863 |                 self.waitUntilExit(completion)
     |                                    |- warning: capture of 'completion' with non-sendable type '(Result<AsyncProcessResult, any Error>) -> Void' in a '@Sendable' closure; this is an error in the Swift 6 language mode
     |                                    `- note: a function type must be marked '@Sendable' to conform to 'Sendable'
 864 |             }
 865 |         }

/__w/_temp/corpus/Sources/Basics/Concurrency/AsyncProcess.swift:1107:17: warning: capture of 'completion' with non-sendable type '(Result<AsyncProcessResult, any Error>) -> Void' in a '@Sendable' closure; this is an error in the Swift 6 language mode
1105 |         } catch {
1106 |             completionQueue.async {
1107 |                 completion(.failure(error))
     |                 |- warning: capture of 'completion' with non-sendable type '(Result<AsyncProcessResult, any Error>) -> Void' in a '@Sendable' closure; this is an error in the Swift 6 language mode
     |                 `- note: a function type must be marked '@Sendable' to conform to 'Sendable'
1108 |             }
1109 |         }

/__w/_temp/corpus/Sources/Basics/Concurrency/ConcurrencyHelpers.swift:32:5: warning: sending value of non-Sendable type '() async -> ()' risks causing data races; this is an error in the Swift 6 language mode
30 | 
31 |     let box = ThreadSafeBox<T>()
32 |     Task {
   |     |- warning: sending value of non-Sendable type '() async -> ()' risks causing data races; this is an error in the Swift 6 language mode
   |     `- note: Passing value of non-Sendable type '() async -> ()' as a 'sending' argument risks causing races in between local and caller code
33 |         let localValue: T = await body()
34 |         box.mutate { _ in localValue }
   :
36 |     }
37 |     semaphore.wait()
38 |     return box.get()!
   |                `- note: access can happen concurrently
39 | }
40 | 
[1195/1459] Compiling Crypto HPKE-KeySchedule.swift
/__w/_temp/corpus/Sources/Basics/FileSystem/FileSystem+Extensions.swift:76:9: warning: will never be executed
 73 |     /// Returns `true` if a given path has a quarantine attribute applied if when file system supports this attribute.
 74 |     /// Returns `false` if such attribute is not applied or it isn't supported.
 75 |     public func hasAttribute(_ name: FileSystemAttribute, _ path: AbsolutePath) -> Bool {
    |                                                                                         `- note: 'name' is of type 'FileSystemAttribute' which cannot be constructed because it is an enum with no cases
 76 |         self.hasAttribute(name, path.underlying)
    |         `- warning: will never be executed
 77 |     }
 78 | 
[1196/1459] Compiling Crypto HPKE-Modes.swift
/__w/_temp/corpus/Sources/Basics/FileSystem/FileSystem+Extensions.swift:76:9: warning: will never be executed
 73 |     /// Returns `true` if a given path has a quarantine attribute applied if when file system supports this attribute.
 74 |     /// Returns `false` if such attribute is not applied or it isn't supported.
 75 |     public func hasAttribute(_ name: FileSystemAttribute, _ path: AbsolutePath) -> Bool {
    |                                                                                         `- note: 'name' is of type 'FileSystemAttribute' which cannot be constructed because it is an enum with no cases
 76 |         self.hasAttribute(name, path.underlying)
    |         `- warning: will never be executed
 77 |     }
 78 | 
[1197/1459] Compiling Crypto Insecure.swift
/__w/_temp/corpus/Sources/Basics/FileSystem/FileSystem+Extensions.swift:76:9: warning: will never be executed
 73 |     /// Returns `true` if a given path has a quarantine attribute applied if when file system supports this attribute.
 74 |     /// Returns `false` if such attribute is not applied or it isn't supported.
 75 |     public func hasAttribute(_ name: FileSystemAttribute, _ path: AbsolutePath) -> Bool {
    |                                                                                         `- note: 'name' is of type 'FileSystemAttribute' which cannot be constructed because it is an enum with no cases
 76 |         self.hasAttribute(name, path.underlying)
    |         `- warning: will never be executed
 77 |     }
 78 | 
[1198/1459] Compiling Crypto Insecure_HashFunctions.swift
/__w/_temp/corpus/Sources/Basics/FileSystem/FileSystem+Extensions.swift:76:9: warning: will never be executed
 73 |     /// Returns `true` if a given path has a quarantine attribute applied if when file system supports this attribute.
 74 |     /// Returns `false` if such attribute is not applied or it isn't supported.
 75 |     public func hasAttribute(_ name: FileSystemAttribute, _ path: AbsolutePath) -> Bool {
    |                                                                                         `- note: 'name' is of type 'FileSystemAttribute' which cannot be constructed because it is an enum with no cases
 76 |         self.hasAttribute(name, path.underlying)
    |         `- warning: will never be executed
 77 |     }
 78 | 
[1199/1459] Compiling Crypto KEM.swift
/__w/_temp/corpus/Sources/Basics/FileSystem/FileSystem+Extensions.swift:76:9: warning: will never be executed
 73 |     /// Returns `true` if a given path has a quarantine attribute applied if when file system supports this attribute.
 74 |     /// Returns `false` if such attribute is not applied or it isn't supported.
 75 |     public func hasAttribute(_ name: FileSystemAttribute, _ path: AbsolutePath) -> Bool {
    |                                                                                         `- note: 'name' is of type 'FileSystemAttribute' which cannot be constructed because it is an enum with no cases
 76 |         self.hasAttribute(name, path.underlying)
    |         `- warning: will never be executed
 77 |     }
 78 | 
[1200/1459] Compiling Crypto ECDH_boring.swift
/__w/_temp/corpus/Sources/Basics/FileSystem/FileSystem+Extensions.swift:76:9: warning: will never be executed
 73 |     /// Returns `true` if a given path has a quarantine attribute applied if when file system supports this attribute.
 74 |     /// Returns `false` if such attribute is not applied or it isn't supported.
 75 |     public func hasAttribute(_ name: FileSystemAttribute, _ path: AbsolutePath) -> Bool {
    |                                                                                         `- note: 'name' is of type 'FileSystemAttribute' which cannot be constructed because it is an enum with no cases
 76 |         self.hasAttribute(name, path.underlying)
    |         `- warning: will never be executed
 77 |     }
 78 | 
[1201/1459] Compiling Crypto DH.swift
/__w/_temp/corpus/Sources/Basics/FileSystem/FileSystem+Extensions.swift:76:9: warning: will never be executed
 73 |     /// Returns `true` if a given path has a quarantine attribute applied if when file system supports this attribute.
 74 |     /// Returns `false` if such attribute is not applied or it isn't supported.
 75 |     public func hasAttribute(_ name: FileSystemAttribute, _ path: AbsolutePath) -> Bool {
    |                                                                                         `- note: 'name' is of type 'FileSystemAttribute' which cannot be constructed because it is an enum with no cases
 76 |         self.hasAttribute(name, path.underlying)
    |         `- warning: will never be executed
 77 |     }
 78 | 
[1202/1459] Compiling Crypto ECDH.swift
/__w/_temp/corpus/Sources/Basics/FileSystem/FileSystem+Extensions.swift:76:9: warning: will never be executed
 73 |     /// Returns `true` if a given path has a quarantine attribute applied if when file system supports this attribute.
 74 |     /// Returns `false` if such attribute is not applied or it isn't supported.
 75 |     public func hasAttribute(_ name: FileSystemAttribute, _ path: AbsolutePath) -> Bool {
    |                                                                                         `- note: 'name' is of type 'FileSystemAttribute' which cannot be constructed because it is an enum with no cases
 76 |         self.hasAttribute(name, path.underlying)
    |         `- warning: will never be executed
 77 |     }
 78 | 
[1203/1459] Compiling Crypto HKDF.swift
/__w/_temp/corpus/Sources/Basics/FileSystem/FileSystem+Extensions.swift:76:9: warning: will never be executed
 73 |     /// Returns `true` if a given path has a quarantine attribute applied if when file system supports this attribute.
 74 |     /// Returns `false` if such attribute is not applied or it isn't supported.
 75 |     public func hasAttribute(_ name: FileSystemAttribute, _ path: AbsolutePath) -> Bool {
    |                                                                                         `- note: 'name' is of type 'FileSystemAttribute' which cannot be constructed because it is an enum with no cases
 76 |         self.hasAttribute(name, path.underlying)
    |         `- warning: will never be executed
 77 |     }
 78 | 
[1204/1459] Compiling Crypto AESWrap.swift
/__w/_temp/corpus/Sources/Basics/FileSystem/FileSystem+Extensions.swift:76:9: warning: will never be executed
 73 |     /// Returns `true` if a given path has a quarantine attribute applied if when file system supports this attribute.
 74 |     /// Returns `false` if such attribute is not applied or it isn't supported.
 75 |     public func hasAttribute(_ name: FileSystemAttribute, _ path: AbsolutePath) -> Bool {
    |                                                                                         `- note: 'name' is of type 'FileSystemAttribute' which cannot be constructed because it is an enum with no cases
 76 |         self.hasAttribute(name, path.underlying)
    |         `- warning: will never be executed
 77 |     }
 78 | 
[1205/1459] Compiling Crypto AESWrap_boring.swift
/__w/_temp/corpus/Sources/Basics/FileSystem/FileSystem+Extensions.swift:76:9: warning: will never be executed
 73 |     /// Returns `true` if a given path has a quarantine attribute applied if when file system supports this attribute.
 74 |     /// Returns `false` if such attribute is not applied or it isn't supported.
 75 |     public func hasAttribute(_ name: FileSystemAttribute, _ path: AbsolutePath) -> Bool {
    |                                                                                         `- note: 'name' is of type 'FileSystemAttribute' which cannot be constructed because it is an enum with no cases
 76 |         self.hasAttribute(name, path.underlying)
    |         `- warning: will never be executed
 77 |     }
 78 | 
[1206/1459] Compiling Crypto Ed25519_boring.swift
/__w/_temp/corpus/Sources/Basics/FileSystem/FileSystem+Extensions.swift:76:9: warning: will never be executed
 73 |     /// Returns `true` if a given path has a quarantine attribute applied if when file system supports this attribute.
 74 |     /// Returns `false` if such attribute is not applied or it isn't supported.
 75 |     public func hasAttribute(_ name: FileSystemAttribute, _ path: AbsolutePath) -> Bool {
    |                                                                                         `- note: 'name' is of type 'FileSystemAttribute' which cannot be constructed because it is an enum with no cases
 76 |         self.hasAttribute(name, path.underlying)
    |         `- warning: will never be executed
 77 |     }
 78 | 
[1207/1459] Compiling Crypto EllipticCurvePoint_boring.swift
/__w/_temp/corpus/Sources/Basics/FileSystem/FileSystem+Extensions.swift:76:9: warning: will never be executed
 73 |     /// Returns `true` if a given path has a quarantine attribute applied if when file system supports this attribute.
 74 |     /// Returns `false` if such attribute is not applied or it isn't supported.
 75 |     public func hasAttribute(_ name: FileSystemAttribute, _ path: AbsolutePath) -> Bool {
    |                                                                                         `- note: 'name' is of type 'FileSystemAttribute' which cannot be constructed because it is an enum with no cases
 76 |         self.hasAttribute(name, path.underlying)
    |         `- warning: will never be executed
 77 |     }
 78 | 
[1208/1459] Compiling Crypto EllipticCurve_boring.swift
/__w/_temp/corpus/Sources/Basics/FileSystem/FileSystem+Extensions.swift:76:9: warning: will never be executed
 73 |     /// Returns `true` if a given path has a quarantine attribute applied if when file system supports this attribute.
 74 |     /// Returns `false` if such attribute is not applied or it isn't supported.
 75 |     public func hasAttribute(_ name: FileSystemAttribute, _ path: AbsolutePath) -> Bool {
    |                                                                                         `- note: 'name' is of type 'FileSystemAttribute' which cannot be constructed because it is an enum with no cases
 76 |         self.hasAttribute(name, path.underlying)
    |         `- warning: will never be executed
 77 |     }
 78 | 
[1209/1459] Compiling Crypto NISTCurvesKeys_boring.swift
/__w/_temp/corpus/Sources/Basics/FileSystem/FileSystem+Extensions.swift:76:9: warning: will never be executed
 73 |     /// Returns `true` if a given path has a quarantine attribute applied if when file system supports this attribute.
 74 |     /// Returns `false` if such attribute is not applied or it isn't supported.
 75 |     public func hasAttribute(_ name: FileSystemAttribute, _ path: AbsolutePath) -> Bool {
    |                                                                                         `- note: 'name' is of type 'FileSystemAttribute' which cannot be constructed because it is an enum with no cases
 76 |         self.hasAttribute(name, path.underlying)
    |         `- warning: will never be executed
 77 |     }
 78 | 
[1210/1459] Compiling Crypto X25519Keys_boring.swift
/__w/_temp/corpus/Sources/Basics/FileSystem/FileSystem+Extensions.swift:76:9: warning: will never be executed
 73 |     /// Returns `true` if a given path has a quarantine attribute applied if when file system supports this attribute.
 74 |     /// Returns `false` if such attribute is not applied or it isn't supported.
 75 |     public func hasAttribute(_ name: FileSystemAttribute, _ path: AbsolutePath) -> Bool {
    |                                                                                         `- note: 'name' is of type 'FileSystemAttribute' which cannot be constructed because it is an enum with no cases
 76 |         self.hasAttribute(name, path.underlying)
    |         `- warning: will never be executed
 77 |     }
 78 | 
[1211/1459] Compiling Crypto Curve25519.swift
/__w/_temp/corpus/Sources/Basics/FileSystem/FileSystem+Extensions.swift:76:9: warning: will never be executed
 73 |     /// Returns `true` if a given path has a quarantine attribute applied if when file system supports this attribute.
 74 |     /// Returns `false` if such attribute is not applied or it isn't supported.
 75 |     public func hasAttribute(_ name: FileSystemAttribute, _ path: AbsolutePath) -> Bool {
    |                                                                                         `- note: 'name' is of type 'FileSystemAttribute' which cannot be constructed because it is an enum with no cases
 76 |         self.hasAttribute(name, path.underlying)
    |         `- warning: will never be executed
 77 |     }
 78 | 
[1212/1459] Compiling Crypto Ed25519Keys.swift
/__w/_temp/corpus/Sources/Basics/FileSystem/FileSystem+Extensions.swift:76:9: warning: will never be executed
 73 |     /// Returns `true` if a given path has a quarantine attribute applied if when file system supports this attribute.
 74 |     /// Returns `false` if such attribute is not applied or it isn't supported.
 75 |     public func hasAttribute(_ name: FileSystemAttribute, _ path: AbsolutePath) -> Bool {
    |                                                                                         `- note: 'name' is of type 'FileSystemAttribute' which cannot be constructed because it is an enum with no cases
 76 |         self.hasAttribute(name, path.underlying)
    |         `- warning: will never be executed
 77 |     }
 78 | 
[1233/1459] Compiling Crypto HPKE-LabeledExtract.swift
[1234/1459] Compiling Crypto HPKE-Utils.swift
[1235/1459] Compiling Crypto DHKEM.swift
[1236/1459] Compiling Crypto HPKE-KEM-Curve25519.swift
[1237/1459] Compiling Crypto HPKE-NIST-EC-KEMs.swift
[1238/1459] Compiling Crypto HPKE-KEM.swift
[1239/1459] Compiling Crypto HPKE-Errors.swift
[1240/1459] Compiling Crypto HPKE.swift
[1241/1459] Compiling Crypto HPKE-Context.swift
[1242/1459] Compiling Crypto HMAC.swift
[1243/1459] Compiling Crypto MACFunctions.swift
[1244/1459] Compiling Crypto MessageAuthenticationCode.swift
[1245/1459] Compiling Crypto AES.swift
[1246/1459] Compiling Crypto ECDSASignature_boring.swift
[1247/1459] Compiling Crypto ECDSA_boring.swift
[1248/1459] Compiling Crypto EdDSA_boring.swift
[1249/1459] Compiling Crypto ECDSA.swift
[1250/1459] Compiling Crypto Ed25519.swift
[1262/1461] Wrapping AST for CryptoBoringWrapper for debugging
[1263/1461] Wrapping AST for ArgumentParser for debugging
[1265/1465] Compiling dummy_swiftc main.swift
[1266/1465] Emitting module dummy_swiftc
[1289/1466] Emitting module SPMLLBuild
[1290/1466] Compiling SPMLLBuild llbuild.swift
[1313/1515] Compiling PackageModel ClangModule.swift
[1314/1515] Compiling PackageModel Module.swift
[1315/1515] Compiling PackageModel PluginModule.swift
[1316/1515] Compiling PackageModel SwiftModule.swift
[1317/1515] Compiling PackageModel SystemLibraryModule.swift
[1318/1515] Compiling PackageModel ModuleMapType.swift
[1319/1515] Compiling PackageModel PackageIdentity.swift
[1320/1515] Compiling PackageModel PackageModel.swift
[1321/1515] Compiling PackageModel PackageReference.swift
[1322/1515] Compiling PackageModel Platform.swift
[1323/1515] Compiling PackageModel PlatformRegistry.swift
[1324/1515] Compiling PackageModel Product.swift
[1325/1515] Compiling PackageModel Registry.swift
[1326/1515] Compiling PackageModel RegistryReleaseMetadata.swift
[1327/1515] Compiling PackageModel Resource.swift
[1328/1515] Compiling PackageModel Sanitizers.swift
[1329/1515] Compiling PackageModel Snippet.swift
[1330/1515] Compiling PackageModel SnippetGroup.swift
[1331/1515] Compiling PackageModel PlainTextSnippetExtractor.swift
[1332/1515] Compiling PackageModel Sources.swift
[1334/1515] Compiling LLBuildManifest Target.swift
[1335/1516] Compiling LLBuildManifest LLBuildManifestWriter.swift
[1336/1516] Compiling LLBuildManifest Node.swift
[1337/1516] Compiling LLBuildManifest Command.swift
[1338/1516] Compiling LLBuildManifest LLBuildManifest.swift
[1339/1516] Compiling PackageModel BuildSettings.swift
[1340/1516] Compiling PackageModel DependencyMapper.swift
[1341/1516] Compiling PackageModel Diagnostics.swift
[1342/1516] Compiling PackageModel IdentityResolver.swift
[1343/1516] Compiling PackageModel InstalledSwiftPMConfiguration.swift
[1344/1516] Compiling PackageModel Manifest.swift
[1345/1516] Compiling PackageModel PackageConditionDescription.swift
[1346/1516] Compiling PackageModel PackageDependencyDescription.swift
[1347/1516] Compiling PackageModel PlatformDescription.swift
[1348/1516] Compiling PackageModel ProductDescription.swift
[1349/1516] Compiling PackageModel SystemPackageProviderDescription.swift
[1350/1516] Compiling PackageModel TargetBuildSettingDescription.swift
[1351/1516] Compiling PackageModel TargetDescription.swift
[1352/1516] Compiling PackageModel TraitDescription.swift
[1364/1516] Compiling Crypto Signature.swift
[1365/1516] Compiling Crypto ArbitraryPrecisionInteger_boring.swift
[1366/1516] Compiling Crypto CryptoKitErrors_boring.swift
[1367/1516] Compiling Crypto FiniteFieldArithmeticContext_boring.swift
[1368/1516] Compiling Crypto RNG_boring.swift
[1369/1516] Compiling Crypto SafeCompare_boring.swift
[1370/1516] Compiling Crypto Zeroization_boring.swift
[1371/1516] Compiling Crypto PrettyBytes.swift
[1372/1516] Compiling Crypto SafeCompare.swift
[1373/1516] Compiling Crypto SecureBytes.swift
[1374/1516] Compiling Crypto Zeroization.swift
[1376/1517] Emitting module LLBuildManifest
[1378/1517] Wrapping AST for dummy-swiftc for debugging
[1380/1517] Emitting module PackageModel
[1381/1542] Compiling LLBuildManifest Tools.swift
[1383/1543] Compiling _CryptoExtras BoringSSLHelpers.swift
[1384/1543] Compiling _CryptoExtras CryptoKitErrors_boring.swift
[1385/1543] Compiling _CryptoExtras DigestType.swift
[1386/1546] Emitting module _CryptoExtras
[1387/1550] Compiling _CryptoExtras AES_GCM_SIV.swift
[1388/1550] Compiling _CryptoExtras Block Function.swift
[1389/1550] Compiling _CryptoExtras AES_GCM_SIV_boring.swift
[1390/1550] Compiling _CryptoExtras ChaCha20CTR_boring.swift
[1391/1550] Compiling _CryptoExtras Error.swift
[1392/1550] Compiling _CryptoExtras PEMDocument.swift
[1393/1550] Compiling _CryptoExtras RandomBytes.swift
[1394/1550] Compiling QueryEngine CacheKey.swift
[1395/1551] Compiling QueryEngine FileCacheRecord.swift
[1396/1551] Emitting module QueryEngine
[1397/1551] Compiling QueryEngine Query.swift
[1398/1551] Compiling QueryEngine QueryEngine.swift
[1412/1552] Wrapping AST for SPMLLBuild for debugging
[1414/1552] Compiling _CryptoExtras ChaCha20CTR.swift
[1415/1552] Compiling _CryptoExtras RSA.swift
[1416/1552] Compiling _CryptoExtras RSA_boring.swift
[1417/1552] Compiling _CryptoExtras RSA_security.swift
[1417/1553] Wrapping AST for LLBuildManifest for debugging
[1419/1553] Wrapping AST for Crypto for debugging
[1420/1553] Wrapping AST for _CryptoExtras for debugging
[1421/1553] Wrapping AST for Basics for debugging
[1422/1553] Write Objects.LinkFileList
[1423/1629] Linking dummy-swiftc
[1425/1629] Compiling X509 CMSIssuerAndSerialNumber.swift
[1426/1629] Compiling X509 CMSOperations.swift
[1427/1629] Compiling X509 CMSSignature.swift
[1428/1629] Compiling X509 CMSSignedData.swift
[1429/1629] Compiling X509 CMSSignerIdentifier.swift
[1430/1629] Compiling X509 CMSSignerInfo.swift
[1431/1629] Compiling X509 CMSVersion.swift
[1432/1629] Compiling X509 Digests.swift
[1433/1629] Compiling X509 DistinguishedName.swift
[1434/1629] Compiling X509 CommonName.swift
[1435/1629] Compiling X509 CountryName.swift
[1436/1629] Compiling X509 OCSPExtensionID.swift
[1437/1629] Compiling X509 OCSPNonce.swift
[1438/1629] Compiling X509 OCSPPolicy.swift
[1439/1629] Compiling X509 CSRAttribute.swift
[1440/1629] Compiling X509 CSRAttributes.swift
[1441/1629] Compiling X509 CSRVersion.swift
[1442/1629] Compiling X509 CertificateSigningRequest.swift
[1443/1629] Compiling X509 CertificationRequestInfo.swift
[1444/1629] Compiling X509 ExtensionRequest.swift
[1445/1629] Compiling X509 Certificate.swift
[1446/1629] Compiling X509 CertificatePrivateKey.swift
[1447/1629] Compiling X509 CertificatePublicKey.swift
[1448/1629] Compiling X509 CertificateSerialNumber.swift
[1449/1629] Compiling X509 CertificateVersion.swift
[1450/1629] Compiling X509 CMSAttribute.swift
[1451/1629] Compiling X509 CMSContentInfo.swift
[1452/1629] Compiling X509 CMSEncapsulatedContentInfo.swift
[1453/1629] Compiling X509 RandomNumberGenerator+bytes.swift
[1454/1629] Compiling X509 RelativeDistinguishedName.swift
[1455/1629] Compiling X509 SEC1PrivateKey.swift
[1456/1629] Compiling X509 Signature.swift
[1457/1629] Compiling X509 SignatureAlgorithm.swift
[1458/1629] Compiling X509 AllOfPolicies.swift
[1459/1629] Compiling X509 AnyPolicy.swift
[1460/1629] Compiling X509 CertificateStore.swift
[1461/1629] Compiling X509 OneOfPolicies.swift
[1462/1629] Compiling X509 DNBuilder.swift
[1463/1629] Compiling X509 LocalityName.swift
[1464/1629] Compiling X509 OrganizationName.swift
[1465/1629] Compiling X509 OrganizationalUnitName.swift
[1467/1638] Compiling PackageFingerprint Model.swift
[1468/1638] Emitting module PackageFingerprint
[1469/1638] Compiling SourceControl Repository.swift
[1470/1638] Compiling SourceControl RepositoryManager.swift
[1471/1638] Compiling PackageFingerprint FilePackageFingerprintStorage.swift
[1472/1638] Compiling PackageFingerprint PackageFingerprintStorage.swift
[1474/1642] Emitting module DriverSupport
[1475/1642] Compiling DriverSupport SPMSwiftDriverExecutor.swift
[1476/1642] Compiling DriverSupport DriverSupportUtils.swift
/__w/_temp/corpus/Sources/DriverSupport/DriverSupportUtils.swift:42:30: warning: 'init(args:env:diagnosticsOutput:fileSystem:executor:integratedDriver:compilerExecutableDir:externalTargetModuleDetailsMap:interModuleDependencyOracle:)' is deprecated: replaced by 'init(args:env:diagnosticsOutput:fileSystem:executor:integratedDriver:compilerIntegratedTooling:compilerExecutableDir:externalTargetModuleDetailsMap:interModuleDependencyOracle:)'
40 |                 env: [:]
41 |             )
42 |             let driver = try Driver(
   |                              |- warning: 'init(args:env:diagnosticsOutput:fileSystem:executor:integratedDriver:compilerExecutableDir:externalTargetModuleDetailsMap:interModuleDependencyOracle:)' is deprecated: replaced by 'init(args:env:diagnosticsOutput:fileSystem:executor:integratedDriver:compilerIntegratedTooling:compilerExecutableDir:externalTargetModuleDetailsMap:interModuleDependencyOracle:)'
   |                              `- note: use 'init(args:env:diagnosticsOutput:fileSystem:executor:integratedDriver:compilerIntegratedTooling:compilerExecutableDir:externalTargetModuleDetailsMap:interModuleDependencyOracle:)' instead
43 |                 args: ["swiftc"],
44 |                 executor: executor,
[1477/1643] Compiling SourceControl GitRepository.swift
[1478/1643] Emitting module SourceControl
[1480/1644] Wrapping AST for PackageModel for debugging
[1486/1644] Compiling X509 StateOrProvinceName.swift
[1487/1644] Compiling X509 StreetAddress.swift
[1488/1644] Compiling X509 Error.swift
[1489/1644] Compiling X509 AuthorityInformationAccess.swift
[1490/1644] Compiling X509 AuthorityKeyIdentifier.swift
[1491/1644] Compiling X509 BasicConstraints.swift
[1492/1644] Compiling X509 ExtendedKeyUsage.swift
[1493/1644] Compiling X509 ExtensionIdentifiers.swift
[1494/1644] Compiling X509 KeyUsage.swift
[1495/1644] Compiling X509 NameConstraints.swift
[1496/1644] Compiling X509 SubjectAlternativeName.swift
[1497/1644] Compiling X509 SubjectKeyIdentifier.swift
[1498/1644] Compiling X509 Extension.swift
[1499/1644] Compiling X509 Extensions.swift
[1500/1644] Compiling X509 ExtensionsBuilder.swift
[1501/1644] Compiling X509 GeneralName.swift
[1502/1644] Compiling X509 LockedValueBox.swift
[1503/1644] Compiling X509 BasicOCSPResponse.swift
[1504/1644] Compiling X509 DirectoryString.swift
[1505/1644] Compiling X509 OCSPCertID.swift
[1506/1644] Compiling X509 OCSPCertStatus.swift
[1510/1644] Compiling X509 OCSPRequest.swift
[1511/1644] Compiling X509 OCSPResponse.swift
[1512/1644] Compiling X509 OCSPResponseBytes.swift
[1513/1644] Compiling X509 OCSPResponseData.swift
[1514/1644] Compiling X509 OCSPResponseStatus.swift
[1515/1644] Compiling X509 OCSPSignature.swift
[1516/1644] Compiling X509 OCSPSingleRequest.swift
[1517/1644] Compiling X509 OCSPSingleResponse.swift
[1518/1644] Compiling X509 OCSPTBSRequest.swift
[1519/1644] Compiling X509 OCSPVersion.swift
[1520/1644] Compiling X509 PKCS8PrivateKey.swift
[1521/1644] Compiling X509 PromiseAndFuture.swift
[1522/1644] Compiling X509 RDNAttribute.swift
[1531/1681] Wrapping AST for SourceControl for debugging
[1533/1681] Compiling PackageLoading ContextModel.swift
[1534/1681] Compiling PackageLoading Diagnostics.swift
[1535/1681] Compiling PackageLoading ManifestJSONParser.swift
[1536/1681] Compiling PackageLoading ManifestLoader+Validation.swift
[1537/1681] Compiling PackageLoading PackageDescriptionSerialization.swift
[1538/1681] Compiling PackageLoading PkgConfig.swift
[1539/1681] Compiling PackageLoading Platform.swift
[1540/1681] Compiling PackageLoading RegistryReleaseMetadataSerialization.swift
[1541/1681] Compiling PackageLoading ManifestLoader.swift
[1542/1681] Compiling PackageLoading ManifestSignatureParser.swift
[1543/1681] Compiling PackageLoading ModuleMapGenerator.swift
[1544/1681] Compiling PackageLoading PackageBuilder.swift
[1558/1681] Emitting module X509
[1558/1681] Wrapping AST for PackageFingerprint for debugging
[1559/1681] Wrapping AST for DriverSupport for debugging
[1561/1681] Emitting module PackageLoading
[1562/1684] Compiling PackageLoading Target+PkgConfig.swift
[1563/1684] Compiling PackageLoading TargetSourcesBuilder.swift
[1564/1684] Compiling PackageLoading ToolsVersionParser.swift
/__w/_temp/corpus/Sources/PackageLoading/ManifestLoader.swift:961:21: warning: mutation of captured var 'cmd' in concurrently-executing code; this is an error in the Swift 6 language mode
 959 |                     #endif
 960 |                     let compiledManifestFile = tmpDir.appending("\(packageIdentity)-manifest\(executableSuffix)")
 961 |                     cmd += ["-o", compiledManifestFile.pathString]
     |                     `- warning: mutation of captured var 'cmd' in concurrently-executing code; this is an error in the Swift 6 language mode
 962 | 
 963 |                     evaluationResult.compilerCommandLine = cmd

/__w/_temp/corpus/Sources/PackageLoading/ManifestLoader.swift:963:21: warning: mutation of captured var 'evaluationResult' in concurrently-executing code; this is an error in the Swift 6 language mode
 961 |                     cmd += ["-o", compiledManifestFile.pathString]
 962 | 
 963 |                     evaluationResult.compilerCommandLine = cmd
     |                     `- warning: mutation of captured var 'evaluationResult' in concurrently-executing code; this is an error in the Swift 6 language mode
 964 | 
 965 |                     // Compile the manifest.

/__w/_temp/corpus/Sources/PackageLoading/ManifestLoader.swift:963:60: warning: reference to captured var 'cmd' in concurrently-executing code; this is an error in the Swift 6 language mode
 961 |                     cmd += ["-o", compiledManifestFile.pathString]
 962 | 
 963 |                     evaluationResult.compilerCommandLine = cmd
     |                                                            `- warning: reference to captured var 'cmd' in concurrently-executing code; this is an error in the Swift 6 language mode
 964 | 
 965 |                     // Compile the manifest.

/__w/_temp/corpus/Sources/PackageLoading/ManifestLoader.swift:967:36: warning: reference to captured var 'cmd' in concurrently-executing code; this is an error in the Swift 6 language mode
 965 |                     // Compile the manifest.
 966 |                     AsyncProcess.popen(
 967 |                         arguments: cmd,
     |                                    `- warning: reference to captured var 'cmd' in concurrently-executing code; this is an error in the Swift 6 language mode
 968 |                         environment: self.toolchain.swiftCompilerEnvironment,
 969 |                         queue: callbackQueue

/__w/_temp/corpus/Sources/PackageLoading/ManifestLoader.swift:979:29: warning: mutation of captured var 'evaluationResult' in concurrently-executing code; this is an error in the Swift 6 language mode
 977 |                         do {
 978 |                             compilerResult = try result.get()
 979 |                             evaluationResult.compilerOutput = try (compilerResult.utf8Output() + compilerResult.utf8stderrOutput()).spm_chuzzle()
     |                             `- warning: mutation of captured var 'evaluationResult' in concurrently-executing code; this is an error in the Swift 6 language mode
 980 |                         } catch {
 981 |                             return completion(.failure(error))

/__w/_temp/corpus/Sources/PackageLoading/ManifestLoader.swift:986:56: warning: reference to captured var 'evaluationResult' in concurrently-executing code; this is an error in the Swift 6 language mode
 984 |                         // Return now if there was an error.
 985 |                         if compilerResult.exitStatus != .terminated(code: 0) {
 986 |                             return completion(.success(evaluationResult))
     |                                                        `- warning: reference to captured var 'evaluationResult' in concurrently-executing code; this is an error in the Swift 6 language mode
 987 |                         }
 988 | 

/__w/_temp/corpus/Sources/PackageLoading/ManifestLoader.swift:995:25: warning: mutation of captured var 'cmd' in concurrently-executing code; this is an error in the Swift 6 language mode
 993 |                         }
 994 | 
 995 |                         cmd = [compiledManifestFile.pathString]
     |                         `- warning: mutation of captured var 'cmd' in concurrently-executing code; this is an error in the Swift 6 language mode
 996 |                         #if os(Windows)
 997 |                         // NOTE: `_get_osfhandle` returns a non-owning, unsafe,

/__w/_temp/corpus/Sources/PackageLoading/ManifestLoader.swift:1002:25: warning: mutation of captured var 'cmd' in concurrently-executing code; this is an error in the Swift 6 language mode
1000 |                         cmd += ["-handle", "\(String(hFile, radix: 16))"]
1001 |                         #else
1002 |                         cmd += ["-fileno", "\(fileno(jsonOutputFileDesc))"]
     |                         `- warning: mutation of captured var 'cmd' in concurrently-executing code; this is an error in the Swift 6 language mode
1003 |                         #endif
1004 | 

/__w/_temp/corpus/Sources/PackageLoading/ManifestLoader.swift:1024:29: warning: mutation of captured var 'cmd' in concurrently-executing code; this is an error in the Swift 6 language mode
1022 |                                 gitInformation: gitInformation
1023 |                             )
1024 |                             cmd += ["-context", try contextModel.encode()]
     |                             `- warning: mutation of captured var 'cmd' in concurrently-executing code; this is an error in the Swift 6 language mode
1025 |                         } catch {
1026 |                             return completion(.failure(error))

/__w/_temp/corpus/Sources/PackageLoading/ManifestLoader.swift:1036:33: warning: mutation of captured var 'cmd' in concurrently-executing code; this is an error in the Swift 6 language mode
1034 |                             let strictness: Sandbox.Strictness = toolsVersion < .v5_3 ? .manifest_pre_53 : .default
1035 |                             do {
1036 |                                 cmd = try Sandbox.apply(command: cmd, fileSystem: localFileSystem, strictness: strictness, writableDirectories: cacheDirectories)
     |                                 `- warning: mutation of captured var 'cmd' in concurrently-executing code; this is an error in the Swift 6 language mode
1037 |                             } catch {
1038 |                                 return completion(.failure(error))

/__w/_temp/corpus/Sources/PackageLoading/ManifestLoader.swift:1036:66: warning: reference to captured var 'cmd' in concurrently-executing code; this is an error in the Swift 6 language mode
1034 |                             let strictness: Sandbox.Strictness = toolsVersion < .v5_3 ? .manifest_pre_53 : .default
1035 |                             do {
1036 |                                 cmd = try Sandbox.apply(command: cmd, fileSystem: localFileSystem, strictness: strictness, writableDirectories: cacheDirectories)
     |                                                                  `- warning: reference to captured var 'cmd' in concurrently-executing code; this is an error in the Swift 6 language mode
1037 |                             } catch {
1038 |                                 return completion(.failure(error))

/__w/_temp/corpus/Sources/PackageLoading/ManifestLoader.swift:1070:40: warning: reference to captured var 'cmd' in concurrently-executing code; this is an error in the Swift 6 language mode
1068 |                         let cleanupAfterRunning = cleanupIfError.delay()
1069 |                         AsyncProcess.popen(
1070 |                             arguments: cmd,
     |                                        `- warning: reference to captured var 'cmd' in concurrently-executing code; this is an error in the Swift 6 language mode
1071 |                             environment: environment,
1072 |                             queue: callbackQueue

/__w/_temp/corpus/Sources/PackageLoading/ManifestLoader.swift:1083:37: warning: mutation of captured var 'evaluationResult' in concurrently-executing code; this is an error in the Swift 6 language mode
1081 |                                 if let runOutput = try (runResult.utf8Output() + runResult.utf8stderrOutput()).spm_chuzzle() {
1082 |                                     // Append the runtime output to any compiler output we've received.
1083 |                                     evaluationResult.compilerOutput = (evaluationResult.compilerOutput ?? "") + runOutput
     |                                     `- warning: mutation of captured var 'evaluationResult' in concurrently-executing code; this is an error in the Swift 6 language mode
1084 |                                 }
1085 | 

/__w/_temp/corpus/Sources/PackageLoading/ManifestLoader.swift:1083:72: warning: reference to captured var 'evaluationResult' in concurrently-executing code; this is an error in the Swift 6 language mode
1081 |                                 if let runOutput = try (runResult.utf8Output() + runResult.utf8stderrOutput()).spm_chuzzle() {
1082 |                                     // Append the runtime output to any compiler output we've received.
1083 |                                     evaluationResult.compilerOutput = (evaluationResult.compilerOutput ?? "") + runOutput
     |                                                                        `- warning: reference to captured var 'evaluationResult' in concurrently-executing code; this is an error in the Swift 6 language mode
1084 |                                 }
1085 | 

/__w/_temp/corpus/Sources/PackageLoading/ManifestLoader.swift:1090:37: warning: mutation of captured var 'evaluationResult' in concurrently-executing code; this is an error in the Swift 6 language mode
1088 |                                     // TODO: should this simply be an error?
1089 |                                     // return completion(.failure(AsyncProcessResult.Error.nonZeroExit(runResult)))
1090 |                                     evaluationResult.errorOutput = evaluationResult.compilerOutput
     |                                     `- warning: mutation of captured var 'evaluationResult' in concurrently-executing code; this is an error in the Swift 6 language mode
1091 |                                     return completion(.success(evaluationResult))
1092 |                                 }

/__w/_temp/corpus/Sources/PackageLoading/ManifestLoader.swift:1090:68: warning: reference to captured var 'evaluationResult' in concurrently-executing code; this is an error in the Swift 6 language mode
1088 |                                     // TODO: should this simply be an error?
1089 |                                     // return completion(.failure(AsyncProcessResult.Error.nonZeroExit(runResult)))
1090 |                                     evaluationResult.errorOutput = evaluationResult.compilerOutput
     |                                                                    `- warning: reference to captured var 'evaluationResult' in concurrently-executing code; this is an error in the Swift 6 language mode
1091 |                                     return completion(.success(evaluationResult))
1092 |                                 }

/__w/_temp/corpus/Sources/PackageLoading/ManifestLoader.swift:1091:64: warning: reference to captured var 'evaluationResult' in concurrently-executing code; this is an error in the Swift 6 language mode
1089 |                                     // return completion(.failure(AsyncProcessResult.Error.nonZeroExit(runResult)))
1090 |                                     evaluationResult.errorOutput = evaluationResult.compilerOutput
1091 |                                     return completion(.success(evaluationResult))
     |                                                                `- warning: reference to captured var 'evaluationResult' in concurrently-executing code; this is an error in the Swift 6 language mode
1092 |                                 }
1093 | 

/__w/_temp/corpus/Sources/PackageLoading/ManifestLoader.swift:1096:33: warning: mutation of captured var 'evaluationResult' in concurrently-executing code; this is an error in the Swift 6 language mode
1094 |                                 // Read the JSON output that was emitted by libPackageDescription.
1095 |                                 let jsonOutput: String = try localFileSystem.readFileContents(jsonOutputFile)
1096 |                                 evaluationResult.manifestJSON = jsonOutput
     |                                 `- warning: mutation of captured var 'evaluationResult' in concurrently-executing code; this is an error in the Swift 6 language mode
1097 | 
1098 |                                 delegateQueue?.async {

/__w/_temp/corpus/Sources/PackageLoading/ManifestLoader.swift:1107:53: warning: reference to captured var 'evaluationResult' in concurrently-executing code; this is an error in the Swift 6 language mode
1105 |                                 }
1106 | 
1107 |                                 completion(.success(evaluationResult))
     |                                                     `- warning: reference to captured var 'evaluationResult' in concurrently-executing code; this is an error in the Swift 6 language mode
1108 |                             } catch {
1109 |                                 completion(.failure(error))
/__w/_temp/corpus/Sources/PackageLoading/ManifestLoader.swift:961:21: warning: mutation of captured var 'cmd' in concurrently-executing code; this is an error in the Swift 6 language mode
 959 |                     #endif
 960 |                     let compiledManifestFile = tmpDir.appending("\(packageIdentity)-manifest\(executableSuffix)")
 961 |                     cmd += ["-o", compiledManifestFile.pathString]
     |                     `- warning: mutation of captured var 'cmd' in concurrently-executing code; this is an error in the Swift 6 language mode
 962 | 
 963 |                     evaluationResult.compilerCommandLine = cmd

/__w/_temp/corpus/Sources/PackageLoading/ManifestLoader.swift:963:21: warning: mutation of captured var 'evaluationResult' in concurrently-executing code; this is an error in the Swift 6 language mode
 961 |                     cmd += ["-o", compiledManifestFile.pathString]
 962 | 
 963 |                     evaluationResult.compilerCommandLine = cmd
     |                     `- warning: mutation of captured var 'evaluationResult' in concurrently-executing code; this is an error in the Swift 6 language mode
 964 | 
 965 |                     // Compile the manifest.

/__w/_temp/corpus/Sources/PackageLoading/ManifestLoader.swift:963:60: warning: reference to captured var 'cmd' in concurrently-executing code; this is an error in the Swift 6 language mode
 961 |                     cmd += ["-o", compiledManifestFile.pathString]
 962 | 
 963 |                     evaluationResult.compilerCommandLine = cmd
     |                                                            `- warning: reference to captured var 'cmd' in concurrently-executing code; this is an error in the Swift 6 language mode
 964 | 
 965 |                     // Compile the manifest.

/__w/_temp/corpus/Sources/PackageLoading/ManifestLoader.swift:967:36: warning: reference to captured var 'cmd' in concurrently-executing code; this is an error in the Swift 6 language mode
 965 |                     // Compile the manifest.
 966 |                     AsyncProcess.popen(
 967 |                         arguments: cmd,
     |                                    `- warning: reference to captured var 'cmd' in concurrently-executing code; this is an error in the Swift 6 language mode
 968 |                         environment: self.toolchain.swiftCompilerEnvironment,
 969 |                         queue: callbackQueue

/__w/_temp/corpus/Sources/PackageLoading/ManifestLoader.swift:979:29: warning: mutation of captured var 'evaluationResult' in concurrently-executing code; this is an error in the Swift 6 language mode
 977 |                         do {
 978 |                             compilerResult = try result.get()
 979 |                             evaluationResult.compilerOutput = try (compilerResult.utf8Output() + compilerResult.utf8stderrOutput()).spm_chuzzle()
     |                             `- warning: mutation of captured var 'evaluationResult' in concurrently-executing code; this is an error in the Swift 6 language mode
 980 |                         } catch {
 981 |                             return completion(.failure(error))

/__w/_temp/corpus/Sources/PackageLoading/ManifestLoader.swift:986:56: warning: reference to captured var 'evaluationResult' in concurrently-executing code; this is an error in the Swift 6 language mode
 984 |                         // Return now if there was an error.
 985 |                         if compilerResult.exitStatus != .terminated(code: 0) {
 986 |                             return completion(.success(evaluationResult))
     |                                                        `- warning: reference to captured var 'evaluationResult' in concurrently-executing code; this is an error in the Swift 6 language mode
 987 |                         }
 988 | 

/__w/_temp/corpus/Sources/PackageLoading/ManifestLoader.swift:995:25: warning: mutation of captured var 'cmd' in concurrently-executing code; this is an error in the Swift 6 language mode
 993 |                         }
 994 | 
 995 |                         cmd = [compiledManifestFile.pathString]
     |                         `- warning: mutation of captured var 'cmd' in concurrently-executing code; this is an error in the Swift 6 language mode
 996 |                         #if os(Windows)
 997 |                         // NOTE: `_get_osfhandle` returns a non-owning, unsafe,

/__w/_temp/corpus/Sources/PackageLoading/ManifestLoader.swift:1002:25: warning: mutation of captured var 'cmd' in concurrently-executing code; this is an error in the Swift 6 language mode
1000 |                         cmd += ["-handle", "\(String(hFile, radix: 16))"]
1001 |                         #else
1002 |                         cmd += ["-fileno", "\(fileno(jsonOutputFileDesc))"]
     |                         `- warning: mutation of captured var 'cmd' in concurrently-executing code; this is an error in the Swift 6 language mode
1003 |                         #endif
1004 | 

/__w/_temp/corpus/Sources/PackageLoading/ManifestLoader.swift:1024:29: warning: mutation of captured var 'cmd' in concurrently-executing code; this is an error in the Swift 6 language mode
1022 |                                 gitInformation: gitInformation
1023 |                             )
1024 |                             cmd += ["-context", try contextModel.encode()]
     |                             `- warning: mutation of captured var 'cmd' in concurrently-executing code; this is an error in the Swift 6 language mode
1025 |                         } catch {
1026 |                             return completion(.failure(error))

/__w/_temp/corpus/Sources/PackageLoading/ManifestLoader.swift:1036:33: warning: mutation of captured var 'cmd' in concurrently-executing code; this is an error in the Swift 6 language mode
1034 |                             let strictness: Sandbox.Strictness = toolsVersion < .v5_3 ? .manifest_pre_53 : .default
1035 |                             do {
1036 |                                 cmd = try Sandbox.apply(command: cmd, fileSystem: localFileSystem, strictness: strictness, writableDirectories: cacheDirectories)
     |                                 `- warning: mutation of captured var 'cmd' in concurrently-executing code; this is an error in the Swift 6 language mode
1037 |                             } catch {
1038 |                                 return completion(.failure(error))

/__w/_temp/corpus/Sources/PackageLoading/ManifestLoader.swift:1036:66: warning: reference to captured var 'cmd' in concurrently-executing code; this is an error in the Swift 6 language mode
1034 |                             let strictness: Sandbox.Strictness = toolsVersion < .v5_3 ? .manifest_pre_53 : .default
1035 |                             do {
1036 |                                 cmd = try Sandbox.apply(command: cmd, fileSystem: localFileSystem, strictness: strictness, writableDirectories: cacheDirectories)
     |                                                                  `- warning: reference to captured var 'cmd' in concurrently-executing code; this is an error in the Swift 6 language mode
1037 |                             } catch {
1038 |                                 return completion(.failure(error))

/__w/_temp/corpus/Sources/PackageLoading/ManifestLoader.swift:1070:40: warning: reference to captured var 'cmd' in concurrently-executing code; this is an error in the Swift 6 language mode
1068 |                         let cleanupAfterRunning = cleanupIfError.delay()
1069 |                         AsyncProcess.popen(
1070 |                             arguments: cmd,
     |                                        `- warning: reference to captured var 'cmd' in concurrently-executing code; this is an error in the Swift 6 language mode
1071 |                             environment: environment,
1072 |                             queue: callbackQueue

/__w/_temp/corpus/Sources/PackageLoading/ManifestLoader.swift:1083:37: warning: mutation of captured var 'evaluationResult' in concurrently-executing code; this is an error in the Swift 6 language mode
1081 |                                 if let runOutput = try (runResult.utf8Output() + runResult.utf8stderrOutput()).spm_chuzzle() {
1082 |                                     // Append the runtime output to any compiler output we've received.
1083 |                                     evaluationResult.compilerOutput = (evaluationResult.compilerOutput ?? "") + runOutput
     |                                     `- warning: mutation of captured var 'evaluationResult' in concurrently-executing code; this is an error in the Swift 6 language mode
1084 |                                 }
1085 | 

/__w/_temp/corpus/Sources/PackageLoading/ManifestLoader.swift:1083:72: warning: reference to captured var 'evaluationResult' in concurrently-executing code; this is an error in the Swift 6 language mode
1081 |                                 if let runOutput = try (runResult.utf8Output() + runResult.utf8stderrOutput()).spm_chuzzle() {
1082 |                                     // Append the runtime output to any compiler output we've received.
1083 |                                     evaluationResult.compilerOutput = (evaluationResult.compilerOutput ?? "") + runOutput
     |                                                                        `- warning: reference to captured var 'evaluationResult' in concurrently-executing code; this is an error in the Swift 6 language mode
1084 |                                 }
1085 | 

/__w/_temp/corpus/Sources/PackageLoading/ManifestLoader.swift:1090:37: warning: mutation of captured var 'evaluationResult' in concurrently-executing code; this is an error in the Swift 6 language mode
1088 |                                     // TODO: should this simply be an error?
1089 |                                     // return completion(.failure(AsyncProcessResult.Error.nonZeroExit(runResult)))
1090 |                                     evaluationResult.errorOutput = evaluationResult.compilerOutput
     |                                     `- warning: mutation of captured var 'evaluationResult' in concurrently-executing code; this is an error in the Swift 6 language mode
1091 |                                     return completion(.success(evaluationResult))
1092 |                                 }

/__w/_temp/corpus/Sources/PackageLoading/ManifestLoader.swift:1090:68: warning: reference to captured var 'evaluationResult' in concurrently-executing code; this is an error in the Swift 6 language mode
1088 |                                     // TODO: should this simply be an error?
1089 |                                     // return completion(.failure(AsyncProcessResult.Error.nonZeroExit(runResult)))
1090 |                                     evaluationResult.errorOutput = evaluationResult.compilerOutput
     |                                                                    `- warning: reference to captured var 'evaluationResult' in concurrently-executing code; this is an error in the Swift 6 language mode
1091 |                                     return completion(.success(evaluationResult))
1092 |                                 }

/__w/_temp/corpus/Sources/PackageLoading/ManifestLoader.swift:1091:64: warning: reference to captured var 'evaluationResult' in concurrently-executing code; this is an error in the Swift 6 language mode
1089 |                                     // return completion(.failure(AsyncProcessResult.Error.nonZeroExit(runResult)))
1090 |                                     evaluationResult.errorOutput = evaluationResult.compilerOutput
1091 |                                     return completion(.success(evaluationResult))
     |                                                                `- warning: reference to captured var 'evaluationResult' in concurrently-executing code; this is an error in the Swift 6 language mode
1092 |                                 }
1093 | 

/__w/_temp/corpus/Sources/PackageLoading/ManifestLoader.swift:1096:33: warning: mutation of captured var 'evaluationResult' in concurrently-executing code; this is an error in the Swift 6 language mode
1094 |                                 // Read the JSON output that was emitted by libPackageDescription.
1095 |                                 let jsonOutput: String = try localFileSystem.readFileContents(jsonOutputFile)
1096 |                                 evaluationResult.manifestJSON = jsonOutput
     |                                 `- warning: mutation of captured var 'evaluationResult' in concurrently-executing code; this is an error in the Swift 6 language mode
1097 | 
1098 |                                 delegateQueue?.async {

/__w/_temp/corpus/Sources/PackageLoading/ManifestLoader.swift:1107:53: warning: reference to captured var 'evaluationResult' in concurrently-executing code; this is an error in the Swift 6 language mode
1105 |                                 }
1106 | 
1107 |                                 completion(.success(evaluationResult))
     |                                                     `- warning: reference to captured var 'evaluationResult' in concurrently-executing code; this is an error in the Swift 6 language mode
1108 |                             } catch {
1109 |                                 completion(.failure(error))
/__w/_temp/corpus/Sources/PackageLoading/ManifestLoader.swift:961:21: warning: mutation of captured var 'cmd' in concurrently-executing code; this is an error in the Swift 6 language mode
 959 |                     #endif
 960 |                     let compiledManifestFile = tmpDir.appending("\(packageIdentity)-manifest\(executableSuffix)")
 961 |                     cmd += ["-o", compiledManifestFile.pathString]
     |                     `- warning: mutation of captured var 'cmd' in concurrently-executing code; this is an error in the Swift 6 language mode
 962 | 
 963 |                     evaluationResult.compilerCommandLine = cmd

/__w/_temp/corpus/Sources/PackageLoading/ManifestLoader.swift:963:21: warning: mutation of captured var 'evaluationResult' in concurrently-executing code; this is an error in the Swift 6 language mode
 961 |                     cmd += ["-o", compiledManifestFile.pathString]
 962 | 
 963 |                     evaluationResult.compilerCommandLine = cmd
     |                     `- warning: mutation of captured var 'evaluationResult' in concurrently-executing code; this is an error in the Swift 6 language mode
 964 | 
 965 |                     // Compile the manifest.

/__w/_temp/corpus/Sources/PackageLoading/ManifestLoader.swift:963:60: warning: reference to captured var 'cmd' in concurrently-executing code; this is an error in the Swift 6 language mode
 961 |                     cmd += ["-o", compiledManifestFile.pathString]
 962 | 
 963 |                     evaluationResult.compilerCommandLine = cmd
     |                                                            `- warning: reference to captured var 'cmd' in concurrently-executing code; this is an error in the Swift 6 language mode
 964 | 
 965 |                     // Compile the manifest.

/__w/_temp/corpus/Sources/PackageLoading/ManifestLoader.swift:967:36: warning: reference to captured var 'cmd' in concurrently-executing code; this is an error in the Swift 6 language mode
 965 |                     // Compile the manifest.
 966 |                     AsyncProcess.popen(
 967 |                         arguments: cmd,
     |                                    `- warning: reference to captured var 'cmd' in concurrently-executing code; this is an error in the Swift 6 language mode
 968 |                         environment: self.toolchain.swiftCompilerEnvironment,
 969 |                         queue: callbackQueue

/__w/_temp/corpus/Sources/PackageLoading/ManifestLoader.swift:979:29: warning: mutation of captured var 'evaluationResult' in concurrently-executing code; this is an error in the Swift 6 language mode
 977 |                         do {
 978 |                             compilerResult = try result.get()
 979 |                             evaluationResult.compilerOutput = try (compilerResult.utf8Output() + compilerResult.utf8stderrOutput()).spm_chuzzle()
     |                             `- warning: mutation of captured var 'evaluationResult' in concurrently-executing code; this is an error in the Swift 6 language mode
 980 |                         } catch {
 981 |                             return completion(.failure(error))

/__w/_temp/corpus/Sources/PackageLoading/ManifestLoader.swift:986:56: warning: reference to captured var 'evaluationResult' in concurrently-executing code; this is an error in the Swift 6 language mode
 984 |                         // Return now if there was an error.
 985 |                         if compilerResult.exitStatus != .terminated(code: 0) {
 986 |                             return completion(.success(evaluationResult))
     |                                                        `- warning: reference to captured var 'evaluationResult' in concurrently-executing code; this is an error in the Swift 6 language mode
 987 |                         }
 988 | 

/__w/_temp/corpus/Sources/PackageLoading/ManifestLoader.swift:995:25: warning: mutation of captured var 'cmd' in concurrently-executing code; this is an error in the Swift 6 language mode
 993 |                         }
 994 | 
 995 |                         cmd = [compiledManifestFile.pathString]
     |                         `- warning: mutation of captured var 'cmd' in concurrently-executing code; this is an error in the Swift 6 language mode
 996 |                         #if os(Windows)
 997 |                         // NOTE: `_get_osfhandle` returns a non-owning, unsafe,

/__w/_temp/corpus/Sources/PackageLoading/ManifestLoader.swift:1002:25: warning: mutation of captured var 'cmd' in concurrently-executing code; this is an error in the Swift 6 language mode
1000 |                         cmd += ["-handle", "\(String(hFile, radix: 16))"]
1001 |                         #else
1002 |                         cmd += ["-fileno", "\(fileno(jsonOutputFileDesc))"]
     |                         `- warning: mutation of captured var 'cmd' in concurrently-executing code; this is an error in the Swift 6 language mode
1003 |                         #endif
1004 | 

/__w/_temp/corpus/Sources/PackageLoading/ManifestLoader.swift:1024:29: warning: mutation of captured var 'cmd' in concurrently-executing code; this is an error in the Swift 6 language mode
1022 |                                 gitInformation: gitInformation
1023 |                             )
1024 |                             cmd += ["-context", try contextModel.encode()]
     |                             `- warning: mutation of captured var 'cmd' in concurrently-executing code; this is an error in the Swift 6 language mode
1025 |                         } catch {
1026 |                             return completion(.failure(error))

/__w/_temp/corpus/Sources/PackageLoading/ManifestLoader.swift:1036:33: warning: mutation of captured var 'cmd' in concurrently-executing code; this is an error in the Swift 6 language mode
1034 |                             let strictness: Sandbox.Strictness = toolsVersion < .v5_3 ? .manifest_pre_53 : .default
1035 |                             do {
1036 |                                 cmd = try Sandbox.apply(command: cmd, fileSystem: localFileSystem, strictness: strictness, writableDirectories: cacheDirectories)
     |                                 `- warning: mutation of captured var 'cmd' in concurrently-executing code; this is an error in the Swift 6 language mode
1037 |                             } catch {
1038 |                                 return completion(.failure(error))

/__w/_temp/corpus/Sources/PackageLoading/ManifestLoader.swift:1036:66: warning: reference to captured var 'cmd' in concurrently-executing code; this is an error in the Swift 6 language mode
1034 |                             let strictness: Sandbox.Strictness = toolsVersion < .v5_3 ? .manifest_pre_53 : .default
1035 |                             do {
1036 |                                 cmd = try Sandbox.apply(command: cmd, fileSystem: localFileSystem, strictness: strictness, writableDirectories: cacheDirectories)
     |                                                                  `- warning: reference to captured var 'cmd' in concurrently-executing code; this is an error in the Swift 6 language mode
1037 |                             } catch {
1038 |                                 return completion(.failure(error))

/__w/_temp/corpus/Sources/PackageLoading/ManifestLoader.swift:1070:40: warning: reference to captured var 'cmd' in concurrently-executing code; this is an error in the Swift 6 language mode
1068 |                         let cleanupAfterRunning = cleanupIfError.delay()
1069 |                         AsyncProcess.popen(
1070 |                             arguments: cmd,
     |                                        `- warning: reference to captured var 'cmd' in concurrently-executing code; this is an error in the Swift 6 language mode
1071 |                             environment: environment,
1072 |                             queue: callbackQueue

/__w/_temp/corpus/Sources/PackageLoading/ManifestLoader.swift:1083:37: warning: mutation of captured var 'evaluationResult' in concurrently-executing code; this is an error in the Swift 6 language mode
1081 |                                 if let runOutput = try (runResult.utf8Output() + runResult.utf8stderrOutput()).spm_chuzzle() {
1082 |                                     // Append the runtime output to any compiler output we've received.
1083 |                                     evaluationResult.compilerOutput = (evaluationResult.compilerOutput ?? "") + runOutput
     |                                     `- warning: mutation of captured var 'evaluationResult' in concurrently-executing code; this is an error in the Swift 6 language mode
1084 |                                 }
1085 | 

/__w/_temp/corpus/Sources/PackageLoading/ManifestLoader.swift:1083:72: warning: reference to captured var 'evaluationResult' in concurrently-executing code; this is an error in the Swift 6 language mode
1081 |                                 if let runOutput = try (runResult.utf8Output() + runResult.utf8stderrOutput()).spm_chuzzle() {
1082 |                                     // Append the runtime output to any compiler output we've received.
1083 |                                     evaluationResult.compilerOutput = (evaluationResult.compilerOutput ?? "") + runOutput
     |                                                                        `- warning: reference to captured var 'evaluationResult' in concurrently-executing code; this is an error in the Swift 6 language mode
1084 |                                 }
1085 | 

/__w/_temp/corpus/Sources/PackageLoading/ManifestLoader.swift:1090:37: warning: mutation of captured var 'evaluationResult' in concurrently-executing code; this is an error in the Swift 6 language mode
1088 |                                     // TODO: should this simply be an error?
1089 |                                     // return completion(.failure(AsyncProcessResult.Error.nonZeroExit(runResult)))
1090 |                                     evaluationResult.errorOutput = evaluationResult.compilerOutput
     |                                     `- warning: mutation of captured var 'evaluationResult' in concurrently-executing code; this is an error in the Swift 6 language mode
1091 |                                     return completion(.success(evaluationResult))
1092 |                                 }

/__w/_temp/corpus/Sources/PackageLoading/ManifestLoader.swift:1090:68: warning: reference to captured var 'evaluationResult' in concurrently-executing code; this is an error in the Swift 6 language mode
1088 |                                     // TODO: should this simply be an error?
1089 |                                     // return completion(.failure(AsyncProcessResult.Error.nonZeroExit(runResult)))
1090 |                                     evaluationResult.errorOutput = evaluationResult.compilerOutput
     |                                                                    `- warning: reference to captured var 'evaluationResult' in concurrently-executing code; this is an error in the Swift 6 language mode
1091 |                                     return completion(.success(evaluationResult))
1092 |                                 }

/__w/_temp/corpus/Sources/PackageLoading/ManifestLoader.swift:1091:64: warning: reference to captured var 'evaluationResult' in concurrently-executing code; this is an error in the Swift 6 language mode
1089 |                                     // return completion(.failure(AsyncProcessResult.Error.nonZeroExit(runResult)))
1090 |                                     evaluationResult.errorOutput = evaluationResult.compilerOutput
1091 |                                     return completion(.success(evaluationResult))
     |                                                                `- warning: reference to captured var 'evaluationResult' in concurrently-executing code; this is an error in the Swift 6 language mode
1092 |                                 }
1093 | 

/__w/_temp/corpus/Sources/PackageLoading/ManifestLoader.swift:1096:33: warning: mutation of captured var 'evaluationResult' in concurrently-executing code; this is an error in the Swift 6 language mode
1094 |                                 // Read the JSON output that was emitted by libPackageDescription.
1095 |                                 let jsonOutput: String = try localFileSystem.readFileContents(jsonOutputFile)
1096 |                                 evaluationResult.manifestJSON = jsonOutput
     |                                 `- warning: mutation of captured var 'evaluationResult' in concurrently-executing code; this is an error in the Swift 6 language mode
1097 | 
1098 |                                 delegateQueue?.async {

/__w/_temp/corpus/Sources/PackageLoading/ManifestLoader.swift:1107:53: warning: reference to captured var 'evaluationResult' in concurrently-executing code; this is an error in the Swift 6 language mode
1105 |                                 }
1106 | 
1107 |                                 completion(.success(evaluationResult))
     |                                                     `- warning: reference to captured var 'evaluationResult' in concurrently-executing code; this is an error in the Swift 6 language mode
1108 |                             } catch {
1109 |                                 completion(.failure(error))
/__w/_temp/corpus/Sources/PackageLoading/ManifestLoader.swift:961:21: warning: mutation of captured var 'cmd' in concurrently-executing code; this is an error in the Swift 6 language mode
 959 |                     #endif
 960 |                     let compiledManifestFile = tmpDir.appending("\(packageIdentity)-manifest\(executableSuffix)")
 961 |                     cmd += ["-o", compiledManifestFile.pathString]
     |                     `- warning: mutation of captured var 'cmd' in concurrently-executing code; this is an error in the Swift 6 language mode
 962 | 
 963 |                     evaluationResult.compilerCommandLine = cmd

/__w/_temp/corpus/Sources/PackageLoading/ManifestLoader.swift:963:21: warning: mutation of captured var 'evaluationResult' in concurrently-executing code; this is an error in the Swift 6 language mode
 961 |                     cmd += ["-o", compiledManifestFile.pathString]
 962 | 
 963 |                     evaluationResult.compilerCommandLine = cmd
     |                     `- warning: mutation of captured var 'evaluationResult' in concurrently-executing code; this is an error in the Swift 6 language mode
 964 | 
 965 |                     // Compile the manifest.

/__w/_temp/corpus/Sources/PackageLoading/ManifestLoader.swift:963:60: warning: reference to captured var 'cmd' in concurrently-executing code; this is an error in the Swift 6 language mode
 961 |                     cmd += ["-o", compiledManifestFile.pathString]
 962 | 
 963 |                     evaluationResult.compilerCommandLine = cmd
     |                                                            `- warning: reference to captured var 'cmd' in concurrently-executing code; this is an error in the Swift 6 language mode
 964 | 
 965 |                     // Compile the manifest.

/__w/_temp/corpus/Sources/PackageLoading/ManifestLoader.swift:967:36: warning: reference to captured var 'cmd' in concurrently-executing code; this is an error in the Swift 6 language mode
 965 |                     // Compile the manifest.
 966 |                     AsyncProcess.popen(
 967 |                         arguments: cmd,
     |                                    `- warning: reference to captured var 'cmd' in concurrently-executing code; this is an error in the Swift 6 language mode
 968 |                         environment: self.toolchain.swiftCompilerEnvironment,
 969 |                         queue: callbackQueue

/__w/_temp/corpus/Sources/PackageLoading/ManifestLoader.swift:979:29: warning: mutation of captured var 'evaluationResult' in concurrently-executing code; this is an error in the Swift 6 language mode
 977 |                         do {
 978 |                             compilerResult = try result.get()
 979 |                             evaluationResult.compilerOutput = try (compilerResult.utf8Output() + compilerResult.utf8stderrOutput()).spm_chuzzle()
     |                             `- warning: mutation of captured var 'evaluationResult' in concurrently-executing code; this is an error in the Swift 6 language mode
 980 |                         } catch {
 981 |                             return completion(.failure(error))

/__w/_temp/corpus/Sources/PackageLoading/ManifestLoader.swift:986:56: warning: reference to captured var 'evaluationResult' in concurrently-executing code; this is an error in the Swift 6 language mode
 984 |                         // Return now if there was an error.
 985 |                         if compilerResult.exitStatus != .terminated(code: 0) {
 986 |                             return completion(.success(evaluationResult))
     |                                                        `- warning: reference to captured var 'evaluationResult' in concurrently-executing code; this is an error in the Swift 6 language mode
 987 |                         }
 988 | 

/__w/_temp/corpus/Sources/PackageLoading/ManifestLoader.swift:995:25: warning: mutation of captured var 'cmd' in concurrently-executing code; this is an error in the Swift 6 language mode
 993 |                         }
 994 | 
 995 |                         cmd = [compiledManifestFile.pathString]
     |                         `- warning: mutation of captured var 'cmd' in concurrently-executing code; this is an error in the Swift 6 language mode
 996 |                         #if os(Windows)
 997 |                         // NOTE: `_get_osfhandle` returns a non-owning, unsafe,

/__w/_temp/corpus/Sources/PackageLoading/ManifestLoader.swift:1002:25: warning: mutation of captured var 'cmd' in concurrently-executing code; this is an error in the Swift 6 language mode
1000 |                         cmd += ["-handle", "\(String(hFile, radix: 16))"]
1001 |                         #else
1002 |                         cmd += ["-fileno", "\(fileno(jsonOutputFileDesc))"]
     |                         `- warning: mutation of captured var 'cmd' in concurrently-executing code; this is an error in the Swift 6 language mode
1003 |                         #endif
1004 | 

/__w/_temp/corpus/Sources/PackageLoading/ManifestLoader.swift:1024:29: warning: mutation of captured var 'cmd' in concurrently-executing code; this is an error in the Swift 6 language mode
1022 |                                 gitInformation: gitInformation
1023 |                             )
1024 |                             cmd += ["-context", try contextModel.encode()]
     |                             `- warning: mutation of captured var 'cmd' in concurrently-executing code; this is an error in the Swift 6 language mode
1025 |                         } catch {
1026 |                             return completion(.failure(error))

/__w/_temp/corpus/Sources/PackageLoading/ManifestLoader.swift:1036:33: warning: mutation of captured var 'cmd' in concurrently-executing code; this is an error in the Swift 6 language mode
1034 |                             let strictness: Sandbox.Strictness = toolsVersion < .v5_3 ? .manifest_pre_53 : .default
1035 |                             do {
1036 |                                 cmd = try Sandbox.apply(command: cmd, fileSystem: localFileSystem, strictness: strictness, writableDirectories: cacheDirectories)
     |                                 `- warning: mutation of captured var 'cmd' in concurrently-executing code; this is an error in the Swift 6 language mode
1037 |                             } catch {
1038 |                                 return completion(.failure(error))

/__w/_temp/corpus/Sources/PackageLoading/ManifestLoader.swift:1036:66: warning: reference to captured var 'cmd' in concurrently-executing code; this is an error in the Swift 6 language mode
1034 |                             let strictness: Sandbox.Strictness = toolsVersion < .v5_3 ? .manifest_pre_53 : .default
1035 |                             do {
1036 |                                 cmd = try Sandbox.apply(command: cmd, fileSystem: localFileSystem, strictness: strictness, writableDirectories: cacheDirectories)
     |                                                                  `- warning: reference to captured var 'cmd' in concurrently-executing code; this is an error in the Swift 6 language mode
1037 |                             } catch {
1038 |                                 return completion(.failure(error))

/__w/_temp/corpus/Sources/PackageLoading/ManifestLoader.swift:1070:40: warning: reference to captured var 'cmd' in concurrently-executing code; this is an error in the Swift 6 language mode
1068 |                         let cleanupAfterRunning = cleanupIfError.delay()
1069 |                         AsyncProcess.popen(
1070 |                             arguments: cmd,
     |                                        `- warning: reference to captured var 'cmd' in concurrently-executing code; this is an error in the Swift 6 language mode
1071 |                             environment: environment,
1072 |                             queue: callbackQueue

/__w/_temp/corpus/Sources/PackageLoading/ManifestLoader.swift:1083:37: warning: mutation of captured var 'evaluationResult' in concurrently-executing code; this is an error in the Swift 6 language mode
1081 |                                 if let runOutput = try (runResult.utf8Output() + runResult.utf8stderrOutput()).spm_chuzzle() {
1082 |                                     // Append the runtime output to any compiler output we've received.
1083 |                                     evaluationResult.compilerOutput = (evaluationResult.compilerOutput ?? "") + runOutput
     |                                     `- warning: mutation of captured var 'evaluationResult' in concurrently-executing code; this is an error in the Swift 6 language mode
1084 |                                 }
1085 | 

/__w/_temp/corpus/Sources/PackageLoading/ManifestLoader.swift:1083:72: warning: reference to captured var 'evaluationResult' in concurrently-executing code; this is an error in the Swift 6 language mode
1081 |                                 if let runOutput = try (runResult.utf8Output() + runResult.utf8stderrOutput()).spm_chuzzle() {
1082 |                                     // Append the runtime output to any compiler output we've received.
1083 |                                     evaluationResult.compilerOutput = (evaluationResult.compilerOutput ?? "") + runOutput
     |                                                                        `- warning: reference to captured var 'evaluationResult' in concurrently-executing code; this is an error in the Swift 6 language mode
1084 |                                 }
1085 | 

/__w/_temp/corpus/Sources/PackageLoading/ManifestLoader.swift:1090:37: warning: mutation of captured var 'evaluationResult' in concurrently-executing code; this is an error in the Swift 6 language mode
1088 |                                     // TODO: should this simply be an error?
1089 |                                     // return completion(.failure(AsyncProcessResult.Error.nonZeroExit(runResult)))
1090 |                                     evaluationResult.errorOutput = evaluationResult.compilerOutput
     |                                     `- warning: mutation of captured var 'evaluationResult' in concurrently-executing code; this is an error in the Swift 6 language mode
1091 |                                     return completion(.success(evaluationResult))
1092 |                                 }

/__w/_temp/corpus/Sources/PackageLoading/ManifestLoader.swift:1090:68: warning: reference to captured var 'evaluationResult' in concurrently-executing code; this is an error in the Swift 6 language mode
1088 |                                     // TODO: should this simply be an error?
1089 |                                     // return completion(.failure(AsyncProcessResult.Error.nonZeroExit(runResult)))
1090 |                                     evaluationResult.errorOutput = evaluationResult.compilerOutput
     |                                                                    `- warning: reference to captured var 'evaluationResult' in concurrently-executing code; this is an error in the Swift 6 language mode
1091 |                                     return completion(.success(evaluationResult))
1092 |                                 }

/__w/_temp/corpus/Sources/PackageLoading/ManifestLoader.swift:1091:64: warning: reference to captured var 'evaluationResult' in concurrently-executing code; this is an error in the Swift 6 language mode
1089 |                                     // return completion(.failure(AsyncProcessResult.Error.nonZeroExit(runResult)))
1090 |                                     evaluationResult.errorOutput = evaluationResult.compilerOutput
1091 |                                     return completion(.success(evaluationResult))
     |                                                                `- warning: reference to captured var 'evaluationResult' in concurrently-executing code; this is an error in the Swift 6 language mode
1092 |                                 }
1093 | 

/__w/_temp/corpus/Sources/PackageLoading/ManifestLoader.swift:1096:33: warning: mutation of captured var 'evaluationResult' in concurrently-executing code; this is an error in the Swift 6 language mode
1094 |                                 // Read the JSON output that was emitted by libPackageDescription.
1095 |                                 let jsonOutput: String = try localFileSystem.readFileContents(jsonOutputFile)
1096 |                                 evaluationResult.manifestJSON = jsonOutput
     |                                 `- warning: mutation of captured var 'evaluationResult' in concurrently-executing code; this is an error in the Swift 6 language mode
1097 | 
1098 |                                 delegateQueue?.async {

/__w/_temp/corpus/Sources/PackageLoading/ManifestLoader.swift:1107:53: warning: reference to captured var 'evaluationResult' in concurrently-executing code; this is an error in the Swift 6 language mode
1105 |                                 }
1106 | 
1107 |                                 completion(.success(evaluationResult))
     |                                                     `- warning: reference to captured var 'evaluationResult' in concurrently-executing code; this is an error in the Swift 6 language mode
1108 |                             } catch {
1109 |                                 completion(.failure(error))
[1578/1685] Compiling X509 PolicyBuilder.swift
[1579/1685] Compiling X509 BasicConstraintsPolicy.swift
[1580/1685] Compiling X509 DNSNames.swift
[1581/1685] Compiling X509 DirectoryNames.swift
[1582/1685] Compiling X509 ExpiryPolicy.swift
[1583/1685] Compiling X509 IPConstraints.swift
[1584/1685] Compiling X509 NameConstraintsPolicy.swift
[1585/1685] Compiling X509 RFC5280Policy.swift
[1586/1685] Compiling X509 URIConstraints.swift
[1587/1685] Compiling X509 VersionPolicy.swift
[1588/1685] Compiling X509 ServerIdentityPolicy.swift
[1589/1685] Compiling X509 TrustRootLoading.swift
[1590/1685] Compiling X509 UnverifiedChain.swift
[1591/1685] Compiling X509 VerificationDiagnostic.swift
[1592/1685] Compiling X509 Verifier.swift
[1593/1685] Compiling X509 VerifierPolicy.swift
[1594/1685] Compiling X509 AlgorithmIdentifier.swift
[1595/1685] Compiling X509 ECDSASignature.swift
[1596/1685] Compiling X509 RSAPKCS1PublicKey.swift
[1597/1685] Compiling X509 SubjectPublicKeyInfo.swift
[1598/1685] Compiling X509 TBSCertificate.swift
[1599/1685] Compiling X509 Time.swift
[1600/1685] Compiling X509 TimeCalculations.swift
[1601/1685] Compiling X509 Validity.swift
[1601/1686] Wrapping AST for PackageLoading for debugging
[1604/1726] Emitting module PackageGraph
[1605/1733] Compiling PackageCollectionsSigning Utilities.swift
[1606/1733] Compiling PackageCollectionsSigning X509Extensions.swift
[1607/1734] Compiling PackageCollectionsSigning Signature.swift
[1608/1734] Compiling PackageCollectionsSigning Base64URL.swift
[1610/1734] Compiling PackageSigning VerifierPolicies.swift
[1611/1736] Emitting module PackageSigning
[1612/1736] Compiling PackageCollectionsSigning CertificatePolicy.swift
[1613/1736] Compiling PackageCollectionsSigning PackageCollectionSigning.swift
[1619/1736] Emitting module PackageCollectionsSigning
[1620/1736] Compiling PackageCollectionsSigning embedded_resources.swift
[1622/1737] Compiling PackageSigning X509Extensions.swift
[1623/1737] Compiling PackageSigning embedded_resources.swift
[1623/1738] Wrapping AST for X509 for debugging
[1626/1765] Emitting module PackageRegistry
[1627/1766] Emitting module PackageCollections
[1628/1772] Compiling PackageCollections Trie.swift
[1629/1772] Compiling PackageCollections Utility.swift
[1630/1772] Compiling PackageGraph ResolvedProduct.swift
[1631/1772] Compiling PackageGraph ResolvedPackagesStore.swift
[1632/1772] Compiling PackageGraph TraitConfiguration.swift
[1633/1772] Compiling PackageGraph Version+Extensions.swift
[1634/1772] Compiling PackageGraph VersionSetSpecifier.swift
[1635/1772] Compiling PackageRegistry SignatureValidation.swift
[1636/1772] Compiling PackageRegistry SigningEntityTOFU.swift
[1637/1772] Compiling PackageCollections PackageIndexAndCollections.swift
[1638/1772] Compiling PackageCollections GitHubPackageMetadataProvider.swift
[1639/1772] Compiling PackageCollections JSONPackageCollectionProvider.swift
[1640/1772] Compiling PackageCollections PackageCollectionProvider.swift
[1641/1772] Compiling PackageCollections PackageMetadataProvider.swift
[1642/1772] Compiling PackageCollections TargetListResult.swift
[1643/1772] Compiling PackageCollections PackageCollections+CertificatePolicy.swift
[1644/1772] Compiling PackageCollections PackageCollections+Configuration.swift
[1645/1772] Compiling PackageRegistry ChecksumTOFU.swift
[1646/1772] Compiling PackageRegistry RegistryClient.swift
[1647/1772] Compiling PackageRegistry RegistryConfiguration.swift
[1648/1772] Compiling PackageRegistry RegistryDownloadsManager.swift
[1649/1772] Compiling PackageCollections PackageList.swift
[1650/1772] Compiling PackageCollections PackageTypes.swift
[1651/1772] Compiling PackageCollections Search.swift
[1652/1772] Compiling PackageCollections PackageIndex.swift
[1653/1772] Compiling PackageCollections PackageCollections+Storage.swift
[1654/1772] Compiling PackageCollections PackageCollections+Validation.swift
[1655/1772] Compiling PackageCollections PackageCollections.swift
[1656/1772] Compiling PackageCollections PackageIndex+Configuration.swift
[1657/1772] Compiling PackageCollections FilePackageCollectionsSourcesStorage.swift
[1658/1772] Compiling PackageCollections PackageCollectionsSourcesStorage.swift
[1659/1772] Compiling PackageCollections PackageCollectionsStorage.swift
[1660/1772] Compiling PackageCollections SQLitePackageCollectionsStorage.swift
[1663/1773] Wrapping AST for PackageSigning for debugging
[1672/1789] Compiling SPMBuildCore BuildParameters+Testing.swift
[1673/1789] Compiling SPMBuildCore BuildParameters.swift
[1674/1789] Compiling SPMBuildCore BuildSystem.swift
[1675/1789] Compiling SPMBuildCore BuildSystemCommand.swift
[1676/1789] Compiling SPMBuildCore BuildSystemDelegate.swift
/__w/_temp/corpus/Sources/PackageCollections/Storage/SQLitePackageCollectionsStorage.swift:101:25: warning: capture of 'db' with non-sendable type 'SQLite' in a '@Sendable' closure; this is an error in the Swift 6 language mode
  99 |             DispatchQueue.sharedConcurrent.asyncAfter(deadline: .now() + delay) {
 100 |                 do {
 101 |                     try db.close()
     |                         `- warning: capture of 'db' with non-sendable type 'SQLite' in a '@Sendable' closure; this is an error in the Swift 6 language mode
 102 |                     callback(.success(()))
 103 |                 } catch {

/__w/_temp/corpus/Sources/Basics/SQLite.swift:30:21: note: class 'SQLite' does not conform to the 'Sendable' protocol
 28 | 
 29 | /// A minimal SQLite wrapper.
 30 | package final class SQLite {
    |                     `- note: class 'SQLite' does not conform to the 'Sendable' protocol
 31 |     /// The location of the database.
 32 |     package let location: Location
/__w/_temp/corpus/Sources/PackageCollections/Storage/SQLitePackageCollectionsStorage.swift:101:25: warning: capture of 'db' with non-sendable type 'SQLite' in a '@Sendable' closure; this is an error in the Swift 6 language mode
  99 |             DispatchQueue.sharedConcurrent.asyncAfter(deadline: .now() + delay) {
 100 |                 do {
 101 |                     try db.close()
     |                         `- warning: capture of 'db' with non-sendable type 'SQLite' in a '@Sendable' closure; this is an error in the Swift 6 language mode
 102 |                     callback(.success(()))
 103 |                 } catch {

/__w/_temp/corpus/Sources/Basics/SQLite.swift:30:21: note: class 'SQLite' does not conform to the 'Sendable' protocol
 28 | 
 29 | /// A minimal SQLite wrapper.
 30 | package final class SQLite {
    |                     `- note: class 'SQLite' does not conform to the 'Sendable' protocol
 31 |     /// The location of the database.
 32 |     package let location: Location
/__w/_temp/corpus/Sources/PackageCollections/Storage/SQLitePackageCollectionsStorage.swift:101:25: warning: capture of 'db' with non-sendable type 'SQLite' in a '@Sendable' closure; this is an error in the Swift 6 language mode
  99 |             DispatchQueue.sharedConcurrent.asyncAfter(deadline: .now() + delay) {
 100 |                 do {
 101 |                     try db.close()
     |                         `- warning: capture of 'db' with non-sendable type 'SQLite' in a '@Sendable' closure; this is an error in the Swift 6 language mode
 102 |                     callback(.success(()))
 103 |                 } catch {

/__w/_temp/corpus/Sources/Basics/SQLite.swift:30:21: note: class 'SQLite' does not conform to the 'Sendable' protocol
 28 | 
 29 | /// A minimal SQLite wrapper.
 30 | package final class SQLite {
    |                     `- note: class 'SQLite' does not conform to the 'Sendable' protocol
 31 |     /// The location of the database.
 32 |     package let location: Location
/__w/_temp/corpus/Sources/PackageCollections/Storage/SQLitePackageCollectionsStorage.swift:101:25: warning: capture of 'db' with non-sendable type 'SQLite' in a '@Sendable' closure; this is an error in the Swift 6 language mode
  99 |             DispatchQueue.sharedConcurrent.asyncAfter(deadline: .now() + delay) {
 100 |                 do {
 101 |                     try db.close()
     |                         `- warning: capture of 'db' with non-sendable type 'SQLite' in a '@Sendable' closure; this is an error in the Swift 6 language mode
 102 |                     callback(.success(()))
 103 |                 } catch {

/__w/_temp/corpus/Sources/Basics/SQLite.swift:30:21: note: class 'SQLite' does not conform to the 'Sendable' protocol
 28 | 
 29 | /// A minimal SQLite wrapper.
 30 | package final class SQLite {
    |                     `- note: class 'SQLite' does not conform to the 'Sendable' protocol
 31 |     /// The location of the database.
 32 |     package let location: Location
/__w/_temp/corpus/Sources/PackageCollections/Storage/SQLitePackageCollectionsStorage.swift:101:25: warning: capture of 'db' with non-sendable type 'SQLite' in a '@Sendable' closure; this is an error in the Swift 6 language mode
  99 |             DispatchQueue.sharedConcurrent.asyncAfter(deadline: .now() + delay) {
 100 |                 do {
 101 |                     try db.close()
     |                         `- warning: capture of 'db' with non-sendable type 'SQLite' in a '@Sendable' closure; this is an error in the Swift 6 language mode
 102 |                     callback(.success(()))
 103 |                 } catch {

/__w/_temp/corpus/Sources/Basics/SQLite.swift:30:21: note: class 'SQLite' does not conform to the 'Sendable' protocol
 28 | 
 29 | /// A minimal SQLite wrapper.
 30 | package final class SQLite {
    |                     `- note: class 'SQLite' does not conform to the 'Sendable' protocol
 31 |     /// The location of the database.
 32 |     package let location: Location
/__w/_temp/corpus/Sources/PackageCollections/Storage/SQLitePackageCollectionsStorage.swift:101:25: warning: capture of 'db' with non-sendable type 'SQLite' in a '@Sendable' closure; this is an error in the Swift 6 language mode
  99 |             DispatchQueue.sharedConcurrent.asyncAfter(deadline: .now() + delay) {
 100 |                 do {
 101 |                     try db.close()
     |                         `- warning: capture of 'db' with non-sendable type 'SQLite' in a '@Sendable' closure; this is an error in the Swift 6 language mode
 102 |                     callback(.success(()))
 103 |                 } catch {

/__w/_temp/corpus/Sources/Basics/SQLite.swift:30:21: note: class 'SQLite' does not conform to the 'Sendable' protocol
 28 | 
 29 | /// A minimal SQLite wrapper.
 30 | package final class SQLite {
    |                     `- note: class 'SQLite' does not conform to the 'Sendable' protocol
 31 |     /// The location of the database.
 32 |     package let location: Location
[1683/1794] Emitting module SPMBuildCore
[1684/1794] Compiling SPMBuildCore DefaultPluginScriptRunner.swift
[1685/1794] Compiling SPMBuildCore PluginContextSerializer.swift
[1686/1794] Compiling SPMBuildCore PluginInvocation.swift
[1687/1794] Compiling SPMBuildCore BinaryTarget+Extensions.swift
[1688/1794] Compiling SPMBuildCore BuildParameters+Debugging.swift
[1689/1794] Compiling SPMBuildCore BuildParameters+Driver.swift
[1690/1794] Compiling SPMBuildCore BuildParameters+Linking.swift
[1691/1794] Compiling SPMBuildCore BuildParameters+Output.swift
[1692/1794] Compiling SPMBuildCore PluginMessages.swift
[1693/1794] Compiling SPMBuildCore PluginScriptRunner.swift
[1694/1794] Compiling SPMBuildCore ResolvedPackage+Extensions.swift
[1695/1794] Compiling SPMBuildCore Triple+Extensions.swift
[1696/1794] Compiling SPMBuildCore XCFrameworkMetadata.swift
[1697/1795] Wrapping AST for PackageGraph for debugging
[1701/1796] Wrapping AST for PackageCollectionsSigning for debugging
[1702/1796] Wrapping AST for PackageCollections for debugging
[1703/1796] Wrapping AST for PackageRegistry for debugging
[1705/1798] Emitting module PackageMetadata
[1711/1798] Compiling SPMBuildCore BuiltTestProduct.swift
/__w/_temp/corpus/Sources/SPMBuildCore/Plugins/DefaultPluginScriptRunner.swift:570:38: warning: reference to captured var 'command' in concurrently-executing code; this is an error in the Swift 6 language mode
568 |                         throw DefaultPluginScriptRunnerError.invocationEndedBySignal(
569 |                             signal: process.terminationStatus,
570 |                             command: command,
    |                                      `- warning: reference to captured var 'command' in concurrently-executing code; this is an error in the Swift 6 language mode
571 |                             output: String(decoding: stderrData, as: UTF8.self))
572 |                     }

/__w/_temp/corpus/Sources/SPMBuildCore/Plugins/DefaultPluginScriptRunner.swift:571:54: warning: reference to captured var 'stderrData' in concurrently-executing code; this is an error in the Swift 6 language mode
569 |                             signal: process.terminationStatus,
570 |                             command: command,
571 |                             output: String(decoding: stderrData, as: UTF8.self))
    |                                                      `- warning: reference to captured var 'stderrData' in concurrently-executing code; this is an error in the Swift 6 language mode
572 |                     }
573 |                     // Otherwise return the termination satatus.

/__w/_temp/corpus/Sources/SPMBuildCore/Plugins/DefaultPluginScriptRunner.swift:585:108: warning: reference to captured var 'command' in concurrently-executing code; this is an error in the Swift 6 language mode
583 |         catch {
584 |             callbackQueue.async {
585 |                 completion(.failure(DefaultPluginScriptRunnerError.invocationFailed(error: error, command: command)))
    |                                                                                                            `- warning: reference to captured var 'command' in concurrently-executing code; this is an error in the Swift 6 language mode
586 |             }
587 |         }
[1712/1798] Compiling SPMBuildCore CommandPluginResult.swift
/__w/_temp/corpus/Sources/SPMBuildCore/Plugins/DefaultPluginScriptRunner.swift:570:38: warning: reference to captured var 'command' in concurrently-executing code; this is an error in the Swift 6 language mode
568 |                         throw DefaultPluginScriptRunnerError.invocationEndedBySignal(
569 |                             signal: process.terminationStatus,
570 |                             command: command,
    |                                      `- warning: reference to captured var 'command' in concurrently-executing code; this is an error in the Swift 6 language mode
571 |                             output: String(decoding: stderrData, as: UTF8.self))
572 |                     }

/__w/_temp/corpus/Sources/SPMBuildCore/Plugins/DefaultPluginScriptRunner.swift:571:54: warning: reference to captured var 'stderrData' in concurrently-executing code; this is an error in the Swift 6 language mode
569 |                             signal: process.terminationStatus,
570 |                             command: command,
571 |                             output: String(decoding: stderrData, as: UTF8.self))
    |                                                      `- warning: reference to captured var 'stderrData' in concurrently-executing code; this is an error in the Swift 6 language mode
572 |                     }
573 |                     // Otherwise return the termination satatus.

/__w/_temp/corpus/Sources/SPMBuildCore/Plugins/DefaultPluginScriptRunner.swift:585:108: warning: reference to captured var 'command' in concurrently-executing code; this is an error in the Swift 6 language mode
583 |         catch {
584 |             callbackQueue.async {
585 |                 completion(.failure(DefaultPluginScriptRunnerError.invocationFailed(error: error, command: command)))
    |                                                                                                            `- warning: reference to captured var 'command' in concurrently-executing code; this is an error in the Swift 6 language mode
586 |             }
587 |         }
/__w/_temp/corpus/Sources/SPMBuildCore/Plugins/DefaultPluginScriptRunner.swift:570:38: warning: reference to captured var 'command' in concurrently-executing code; this is an error in the Swift 6 language mode
568 |                         throw DefaultPluginScriptRunnerError.invocationEndedBySignal(
569 |                             signal: process.terminationStatus,
570 |                             command: command,
    |                                      `- warning: reference to captured var 'command' in concurrently-executing code; this is an error in the Swift 6 language mode
571 |                             output: String(decoding: stderrData, as: UTF8.self))
572 |                     }

/__w/_temp/corpus/Sources/SPMBuildCore/Plugins/DefaultPluginScriptRunner.swift:571:54: warning: reference to captured var 'stderrData' in concurrently-executing code; this is an error in the Swift 6 language mode
569 |                             signal: process.terminationStatus,
570 |                             command: command,
571 |                             output: String(decoding: stderrData, as: UTF8.self))
    |                                                      `- warning: reference to captured var 'stderrData' in concurrently-executing code; this is an error in the Swift 6 language mode
572 |                     }
573 |                     // Otherwise return the termination satatus.

/__w/_temp/corpus/Sources/SPMBuildCore/Plugins/DefaultPluginScriptRunner.swift:585:108: warning: reference to captured var 'command' in concurrently-executing code; this is an error in the Swift 6 language mode
583 |         catch {
584 |             callbackQueue.async {
585 |                 completion(.failure(DefaultPluginScriptRunnerError.invocationFailed(error: error, command: command)))
    |                                                                                                            `- warning: reference to captured var 'command' in concurrently-executing code; this is an error in the Swift 6 language mode
586 |             }
587 |         }
/__w/_temp/corpus/Sources/SPMBuildCore/Plugins/DefaultPluginScriptRunner.swift:570:38: warning: reference to captured var 'command' in concurrently-executing code; this is an error in the Swift 6 language mode
568 |                         throw DefaultPluginScriptRunnerError.invocationEndedBySignal(
569 |                             signal: process.terminationStatus,
570 |                             command: command,
    |                                      `- warning: reference to captured var 'command' in concurrently-executing code; this is an error in the Swift 6 language mode
571 |                             output: String(decoding: stderrData, as: UTF8.self))
572 |                     }

/__w/_temp/corpus/Sources/SPMBuildCore/Plugins/DefaultPluginScriptRunner.swift:571:54: warning: reference to captured var 'stderrData' in concurrently-executing code; this is an error in the Swift 6 language mode
569 |                             signal: process.terminationStatus,
570 |                             command: command,
571 |                             output: String(decoding: stderrData, as: UTF8.self))
    |                                                      `- warning: reference to captured var 'stderrData' in concurrently-executing code; this is an error in the Swift 6 language mode
572 |                     }
573 |                     // Otherwise return the termination satatus.

/__w/_temp/corpus/Sources/SPMBuildCore/Plugins/DefaultPluginScriptRunner.swift:585:108: warning: reference to captured var 'command' in concurrently-executing code; this is an error in the Swift 6 language mode
583 |         catch {
584 |             callbackQueue.async {
585 |                 completion(.failure(DefaultPluginScriptRunnerError.invocationFailed(error: error, command: command)))
    |                                                                                                            `- warning: reference to captured var 'command' in concurrently-executing code; this is an error in the Swift 6 language mode
586 |             }
587 |         }
/__w/_temp/corpus/Sources/SPMBuildCore/Plugins/DefaultPluginScriptRunner.swift:570:38: warning: reference to captured var 'command' in concurrently-executing code; this is an error in the Swift 6 language mode
568 |                         throw DefaultPluginScriptRunnerError.invocationEndedBySignal(
569 |                             signal: process.terminationStatus,
570 |                             command: command,
    |                                      `- warning: reference to captured var 'command' in concurrently-executing code; this is an error in the Swift 6 language mode
571 |                             output: String(decoding: stderrData, as: UTF8.self))
572 |                     }

/__w/_temp/corpus/Sources/SPMBuildCore/Plugins/DefaultPluginScriptRunner.swift:571:54: warning: reference to captured var 'stderrData' in concurrently-executing code; this is an error in the Swift 6 language mode
569 |                             signal: process.terminationStatus,
570 |                             command: command,
571 |                             output: String(decoding: stderrData, as: UTF8.self))
    |                                                      `- warning: reference to captured var 'stderrData' in concurrently-executing code; this is an error in the Swift 6 language mode
572 |                     }
573 |                     // Otherwise return the termination satatus.

/__w/_temp/corpus/Sources/SPMBuildCore/Plugins/DefaultPluginScriptRunner.swift:585:108: warning: reference to captured var 'command' in concurrently-executing code; this is an error in the Swift 6 language mode
583 |         catch {
584 |             callbackQueue.async {
585 |                 completion(.failure(DefaultPluginScriptRunnerError.invocationFailed(error: error, command: command)))
    |                                                                                                            `- warning: reference to captured var 'command' in concurrently-executing code; this is an error in the Swift 6 language mode
586 |             }
587 |         }
[1716/1798] Compiling PackageMetadata PackageMetadata.swift
[1717/1799] Wrapping AST for PackageMetadata for debugging
[1725/1852] Emitting module Build
[1744/1857] Emitting module Workspace
/__w/_temp/corpus/Sources/Workspace/Workspace.swift:1556:30: warning: 'retroactive' attribute does not apply; 'RepositoryManager' is declared in the same package; this is an error in the Swift 6 language mode
1554 | extension RepositoryManager: ManifestSourceControlValidator {}
1555 | #else
1556 | extension RepositoryManager: @retroactive ManifestSourceControlValidator {}
     |                              `- warning: 'retroactive' attribute does not apply; 'RepositoryManager' is declared in the same package; this is an error in the Swift 6 language mode
1557 | #endif
1558 | 
[1745/1866] Wrapping AST for SPMBuildCore for debugging
[1747/1901] Compiling SwiftParser ExpressionInterpretedAsVersionTuple.swift
[1748/1901] Compiling SwiftParser Expressions.swift
[1749/1901] Compiling SwiftParser IncrementalParseTransition.swift
[1750/1901] Compiling SwiftParser IsValidIdentifier.swift
[1751/1901] Compiling SwiftParser Cursor.swift
[1752/1901] Compiling SwiftParser Lexeme.swift
[1753/1901] Compiling SwiftParser LexemeSequence.swift
[1754/1901] Compiling SwiftParser Lexer.swift
[1755/1901] Compiling SwiftParser RegexLiteralLexer.swift
[1756/1901] Compiling SwiftParser UnicodeScalarExtensions.swift
[1757/1901] Compiling SwiftParser Lookahead.swift
[1758/1901] Compiling SwiftParser LoopProgressCondition.swift
[1759/1901] Compiling SwiftParser Attributes.swift
[1760/1901] Compiling SwiftParser Availability.swift
[1761/1901] Compiling SwiftParser CharacterInfo.swift
[1762/1901] Compiling SwiftParser CollectionNodes+Parsable.swift
[1763/1901] Compiling SwiftParser Declarations.swift
[1764/1901] Compiling SwiftParser Directives.swift
/__w/_temp/corpus/Sources/Build/BuildManifest/LLBuildManifestBuilder+Swift.swift:80:26: warning: 'init(args:env:diagnosticsOutput:fileSystem:executor:integratedDriver:compilerExecutableDir:externalTargetModuleDetailsMap:interModuleDependencyOracle:)' is deprecated: replaced by 'init(args:env:diagnosticsOutput:fileSystem:executor:integratedDriver:compilerIntegratedTooling:compilerExecutableDir:externalTargetModuleDetailsMap:interModuleDependencyOracle:)'
 78 |             env: Environment.current
 79 |         )
 80 |         var driver = try Driver(
    |                          |- warning: 'init(args:env:diagnosticsOutput:fileSystem:executor:integratedDriver:compilerExecutableDir:externalTargetModuleDetailsMap:interModuleDependencyOracle:)' is deprecated: replaced by 'init(args:env:diagnosticsOutput:fileSystem:executor:integratedDriver:compilerIntegratedTooling:compilerExecutableDir:externalTargetModuleDetailsMap:interModuleDependencyOracle:)'
    |                          `- note: use 'init(args:env:diagnosticsOutput:fileSystem:executor:integratedDriver:compilerIntegratedTooling:compilerExecutableDir:externalTargetModuleDetailsMap:interModuleDependencyOracle:)' instead
 81 |             args: commandLine,
 82 |             diagnosticsOutput: .handler(self.observabilityScope.makeDiagnosticsHandler()),

/__w/_temp/corpus/Sources/Build/BuildManifest/LLBuildManifestBuilder+Swift.swift:82:65: warning: 'makeDiagnosticsHandler()' is deprecated: temporary for transition TSCBasic.Diagnostic -> SwiftDriver.Diagnostic
 80 |         var driver = try Driver(
 81 |             args: commandLine,
 82 |             diagnosticsOutput: .handler(self.observabilityScope.makeDiagnosticsHandler()),
    |                                                                 `- warning: 'makeDiagnosticsHandler()' is deprecated: temporary for transition TSCBasic.Diagnostic -> SwiftDriver.Diagnostic
 83 |             fileSystem: self.fileSystem,
 84 |             executor: executor

/__w/_temp/corpus/Sources/Build/BuildManifest/LLBuildManifestBuilder+Swift.swift:296:26: warning: 'init(args:env:diagnosticsOutput:fileSystem:executor:integratedDriver:compilerExecutableDir:externalTargetModuleDetailsMap:interModuleDependencyOracle:)' is deprecated: replaced by 'init(args:env:diagnosticsOutput:fileSystem:executor:integratedDriver:compilerIntegratedTooling:compilerExecutableDir:externalTargetModuleDetailsMap:interModuleDependencyOracle:)'
294 |             env: Environment.current
295 |         )
296 |         var driver = try Driver(
    |                          |- warning: 'init(args:env:diagnosticsOutput:fileSystem:executor:integratedDriver:compilerExecutableDir:externalTargetModuleDetailsMap:interModuleDependencyOracle:)' is deprecated: replaced by 'init(args:env:diagnosticsOutput:fileSystem:executor:integratedDriver:compilerIntegratedTooling:compilerExecutableDir:externalTargetModuleDetailsMap:interModuleDependencyOracle:)'
    |                          `- note: use 'init(args:env:diagnosticsOutput:fileSystem:executor:integratedDriver:compilerIntegratedTooling:compilerExecutableDir:externalTargetModuleDetailsMap:interModuleDependencyOracle:)' instead
297 |             args: commandLine,
298 |             fileSystem: self.fileSystem,

/__w/_temp/corpus/Sources/Build/BuildOperation.swift:360:34: warning: 'init(args:env:diagnosticsOutput:fileSystem:executor:integratedDriver:compilerExecutableDir:externalTargetModuleDetailsMap:interModuleDependencyOracle:)' is deprecated: replaced by 'init(args:env:diagnosticsOutput:fileSystem:executor:integratedDriver:compilerIntegratedTooling:compilerExecutableDir:externalTargetModuleDetailsMap:interModuleDependencyOracle:)'
 358 | 
 359 |                 let consumeDiagnostics: DiagnosticsEngine = DiagnosticsEngine(handlers: [])
 360 |                 var driver = try Driver(args: commandLine,
     |                                  |- warning: 'init(args:env:diagnosticsOutput:fileSystem:executor:integratedDriver:compilerExecutableDir:externalTargetModuleDetailsMap:interModuleDependencyOracle:)' is deprecated: replaced by 'init(args:env:diagnosticsOutput:fileSystem:executor:integratedDriver:compilerIntegratedTooling:compilerExecutableDir:externalTargetModuleDetailsMap:interModuleDependencyOracle:)'
     |                                  `- note: use 'init(args:env:diagnosticsOutput:fileSystem:executor:integratedDriver:compilerIntegratedTooling:compilerExecutableDir:externalTargetModuleDetailsMap:interModuleDependencyOracle:)' instead
 361 |                                         diagnosticsOutput: .engine(consumeDiagnostics),
 362 |                                         fileSystem: localFileSystem,
/__w/_temp/corpus/Sources/Build/BuildManifest/LLBuildManifestBuilder+Swift.swift:80:26: warning: 'init(args:env:diagnosticsOutput:fileSystem:executor:integratedDriver:compilerExecutableDir:externalTargetModuleDetailsMap:interModuleDependencyOracle:)' is deprecated: replaced by 'init(args:env:diagnosticsOutput:fileSystem:executor:integratedDriver:compilerIntegratedTooling:compilerExecutableDir:externalTargetModuleDetailsMap:interModuleDependencyOracle:)'
 78 |             env: Environment.current
 79 |         )
 80 |         var driver = try Driver(
    |                          |- warning: 'init(args:env:diagnosticsOutput:fileSystem:executor:integratedDriver:compilerExecutableDir:externalTargetModuleDetailsMap:interModuleDependencyOracle:)' is deprecated: replaced by 'init(args:env:diagnosticsOutput:fileSystem:executor:integratedDriver:compilerIntegratedTooling:compilerExecutableDir:externalTargetModuleDetailsMap:interModuleDependencyOracle:)'
    |                          `- note: use 'init(args:env:diagnosticsOutput:fileSystem:executor:integratedDriver:compilerIntegratedTooling:compilerExecutableDir:externalTargetModuleDetailsMap:interModuleDependencyOracle:)' instead
 81 |             args: commandLine,
 82 |             diagnosticsOutput: .handler(self.observabilityScope.makeDiagnosticsHandler()),

/__w/_temp/corpus/Sources/Build/BuildManifest/LLBuildManifestBuilder+Swift.swift:82:65: warning: 'makeDiagnosticsHandler()' is deprecated: temporary for transition TSCBasic.Diagnostic -> SwiftDriver.Diagnostic
 80 |         var driver = try Driver(
 81 |             args: commandLine,
 82 |             diagnosticsOutput: .handler(self.observabilityScope.makeDiagnosticsHandler()),
    |                                                                 `- warning: 'makeDiagnosticsHandler()' is deprecated: temporary for transition TSCBasic.Diagnostic -> SwiftDriver.Diagnostic
 83 |             fileSystem: self.fileSystem,
 84 |             executor: executor

/__w/_temp/corpus/Sources/Build/BuildManifest/LLBuildManifestBuilder+Swift.swift:296:26: warning: 'init(args:env:diagnosticsOutput:fileSystem:executor:integratedDriver:compilerExecutableDir:externalTargetModuleDetailsMap:interModuleDependencyOracle:)' is deprecated: replaced by 'init(args:env:diagnosticsOutput:fileSystem:executor:integratedDriver:compilerIntegratedTooling:compilerExecutableDir:externalTargetModuleDetailsMap:interModuleDependencyOracle:)'
294 |             env: Environment.current
295 |         )
296 |         var driver = try Driver(
    |                          |- warning: 'init(args:env:diagnosticsOutput:fileSystem:executor:integratedDriver:compilerExecutableDir:externalTargetModuleDetailsMap:interModuleDependencyOracle:)' is deprecated: replaced by 'init(args:env:diagnosticsOutput:fileSystem:executor:integratedDriver:compilerIntegratedTooling:compilerExecutableDir:externalTargetModuleDetailsMap:interModuleDependencyOracle:)'
    |                          `- note: use 'init(args:env:diagnosticsOutput:fileSystem:executor:integratedDriver:compilerIntegratedTooling:compilerExecutableDir:externalTargetModuleDetailsMap:interModuleDependencyOracle:)' instead
297 |             args: commandLine,
298 |             fileSystem: self.fileSystem,

/__w/_temp/corpus/Sources/Build/BuildOperation.swift:360:34: warning: 'init(args:env:diagnosticsOutput:fileSystem:executor:integratedDriver:compilerExecutableDir:externalTargetModuleDetailsMap:interModuleDependencyOracle:)' is deprecated: replaced by 'init(args:env:diagnosticsOutput:fileSystem:executor:integratedDriver:compilerIntegratedTooling:compilerExecutableDir:externalTargetModuleDetailsMap:interModuleDependencyOracle:)'
 358 | 
 359 |                 let consumeDiagnostics: DiagnosticsEngine = DiagnosticsEngine(handlers: [])
 360 |                 var driver = try Driver(args: commandLine,
     |                                  |- warning: 'init(args:env:diagnosticsOutput:fileSystem:executor:integratedDriver:compilerExecutableDir:externalTargetModuleDetailsMap:interModuleDependencyOracle:)' is deprecated: replaced by 'init(args:env:diagnosticsOutput:fileSystem:executor:integratedDriver:compilerIntegratedTooling:compilerExecutableDir:externalTargetModuleDetailsMap:interModuleDependencyOracle:)'
     |                                  `- note: use 'init(args:env:diagnosticsOutput:fileSystem:executor:integratedDriver:compilerIntegratedTooling:compilerExecutableDir:externalTargetModuleDetailsMap:interModuleDependencyOracle:)' instead
 361 |                                         diagnosticsOutput: .engine(consumeDiagnostics),
 362 |                                         fileSystem: localFileSystem,
/__w/_temp/corpus/Sources/Build/BuildManifest/LLBuildManifestBuilder+Swift.swift:80:26: warning: 'init(args:env:diagnosticsOutput:fileSystem:executor:integratedDriver:compilerExecutableDir:externalTargetModuleDetailsMap:interModuleDependencyOracle:)' is deprecated: replaced by 'init(args:env:diagnosticsOutput:fileSystem:executor:integratedDriver:compilerIntegratedTooling:compilerExecutableDir:externalTargetModuleDetailsMap:interModuleDependencyOracle:)'
 78 |             env: Environment.current
 79 |         )
 80 |         var driver = try Driver(
    |                          |- warning: 'init(args:env:diagnosticsOutput:fileSystem:executor:integratedDriver:compilerExecutableDir:externalTargetModuleDetailsMap:interModuleDependencyOracle:)' is deprecated: replaced by 'init(args:env:diagnosticsOutput:fileSystem:executor:integratedDriver:compilerIntegratedTooling:compilerExecutableDir:externalTargetModuleDetailsMap:interModuleDependencyOracle:)'
    |                          `- note: use 'init(args:env:diagnosticsOutput:fileSystem:executor:integratedDriver:compilerIntegratedTooling:compilerExecutableDir:externalTargetModuleDetailsMap:interModuleDependencyOracle:)' instead
 81 |             args: commandLine,
 82 |             diagnosticsOutput: .handler(self.observabilityScope.makeDiagnosticsHandler()),

/__w/_temp/corpus/Sources/Build/BuildManifest/LLBuildManifestBuilder+Swift.swift:82:65: warning: 'makeDiagnosticsHandler()' is deprecated: temporary for transition TSCBasic.Diagnostic -> SwiftDriver.Diagnostic
 80 |         var driver = try Driver(
 81 |             args: commandLine,
 82 |             diagnosticsOutput: .handler(self.observabilityScope.makeDiagnosticsHandler()),
    |                                                                 `- warning: 'makeDiagnosticsHandler()' is deprecated: temporary for transition TSCBasic.Diagnostic -> SwiftDriver.Diagnostic
 83 |             fileSystem: self.fileSystem,
 84 |             executor: executor

/__w/_temp/corpus/Sources/Build/BuildManifest/LLBuildManifestBuilder+Swift.swift:296:26: warning: 'init(args:env:diagnosticsOutput:fileSystem:executor:integratedDriver:compilerExecutableDir:externalTargetModuleDetailsMap:interModuleDependencyOracle:)' is deprecated: replaced by 'init(args:env:diagnosticsOutput:fileSystem:executor:integratedDriver:compilerIntegratedTooling:compilerExecutableDir:externalTargetModuleDetailsMap:interModuleDependencyOracle:)'
294 |             env: Environment.current
295 |         )
296 |         var driver = try Driver(
    |                          |- warning: 'init(args:env:diagnosticsOutput:fileSystem:executor:integratedDriver:compilerExecutableDir:externalTargetModuleDetailsMap:interModuleDependencyOracle:)' is deprecated: replaced by 'init(args:env:diagnosticsOutput:fileSystem:executor:integratedDriver:compilerIntegratedTooling:compilerExecutableDir:externalTargetModuleDetailsMap:interModuleDependencyOracle:)'
    |                          `- note: use 'init(args:env:diagnosticsOutput:fileSystem:executor:integratedDriver:compilerIntegratedTooling:compilerExecutableDir:externalTargetModuleDetailsMap:interModuleDependencyOracle:)' instead
297 |             args: commandLine,
298 |             fileSystem: self.fileSystem,

/__w/_temp/corpus/Sources/Build/BuildOperation.swift:360:34: warning: 'init(args:env:diagnosticsOutput:fileSystem:executor:integratedDriver:compilerExecutableDir:externalTargetModuleDetailsMap:interModuleDependencyOracle:)' is deprecated: replaced by 'init(args:env:diagnosticsOutput:fileSystem:executor:integratedDriver:compilerIntegratedTooling:compilerExecutableDir:externalTargetModuleDetailsMap:interModuleDependencyOracle:)'
 358 | 
 359 |                 let consumeDiagnostics: DiagnosticsEngine = DiagnosticsEngine(handlers: [])
 360 |                 var driver = try Driver(args: commandLine,
     |                                  |- warning: 'init(args:env:diagnosticsOutput:fileSystem:executor:integratedDriver:compilerExecutableDir:externalTargetModuleDetailsMap:interModuleDependencyOracle:)' is deprecated: replaced by 'init(args:env:diagnosticsOutput:fileSystem:executor:integratedDriver:compilerIntegratedTooling:compilerExecutableDir:externalTargetModuleDetailsMap:interModuleDependencyOracle:)'
     |                                  `- note: use 'init(args:env:diagnosticsOutput:fileSystem:executor:integratedDriver:compilerIntegratedTooling:compilerExecutableDir:externalTargetModuleDetailsMap:interModuleDependencyOracle:)' instead
 361 |                                         diagnosticsOutput: .engine(consumeDiagnostics),
 362 |                                         fileSystem: localFileSystem,
/__w/_temp/corpus/Sources/Build/BuildManifest/LLBuildManifestBuilder+Swift.swift:80:26: warning: 'init(args:env:diagnosticsOutput:fileSystem:executor:integratedDriver:compilerExecutableDir:externalTargetModuleDetailsMap:interModuleDependencyOracle:)' is deprecated: replaced by 'init(args:env:diagnosticsOutput:fileSystem:executor:integratedDriver:compilerIntegratedTooling:compilerExecutableDir:externalTargetModuleDetailsMap:interModuleDependencyOracle:)'
 78 |             env: Environment.current
 79 |         )
 80 |         var driver = try Driver(
    |                          |- warning: 'init(args:env:diagnosticsOutput:fileSystem:executor:integratedDriver:compilerExecutableDir:externalTargetModuleDetailsMap:interModuleDependencyOracle:)' is deprecated: replaced by 'init(args:env:diagnosticsOutput:fileSystem:executor:integratedDriver:compilerIntegratedTooling:compilerExecutableDir:externalTargetModuleDetailsMap:interModuleDependencyOracle:)'
    |                          `- note: use 'init(args:env:diagnosticsOutput:fileSystem:executor:integratedDriver:compilerIntegratedTooling:compilerExecutableDir:externalTargetModuleDetailsMap:interModuleDependencyOracle:)' instead
 81 |             args: commandLine,
 82 |             diagnosticsOutput: .handler(self.observabilityScope.makeDiagnosticsHandler()),

/__w/_temp/corpus/Sources/Build/BuildManifest/LLBuildManifestBuilder+Swift.swift:82:65: warning: 'makeDiagnosticsHandler()' is deprecated: temporary for transition TSCBasic.Diagnostic -> SwiftDriver.Diagnostic
 80 |         var driver = try Driver(
 81 |             args: commandLine,
 82 |             diagnosticsOutput: .handler(self.observabilityScope.makeDiagnosticsHandler()),
    |                                                                 `- warning: 'makeDiagnosticsHandler()' is deprecated: temporary for transition TSCBasic.Diagnostic -> SwiftDriver.Diagnostic
 83 |             fileSystem: self.fileSystem,
 84 |             executor: executor

/__w/_temp/corpus/Sources/Build/BuildManifest/LLBuildManifestBuilder+Swift.swift:296:26: warning: 'init(args:env:diagnosticsOutput:fileSystem:executor:integratedDriver:compilerExecutableDir:externalTargetModuleDetailsMap:interModuleDependencyOracle:)' is deprecated: replaced by 'init(args:env:diagnosticsOutput:fileSystem:executor:integratedDriver:compilerIntegratedTooling:compilerExecutableDir:externalTargetModuleDetailsMap:interModuleDependencyOracle:)'
294 |             env: Environment.current
295 |         )
296 |         var driver = try Driver(
    |                          |- warning: 'init(args:env:diagnosticsOutput:fileSystem:executor:integratedDriver:compilerExecutableDir:externalTargetModuleDetailsMap:interModuleDependencyOracle:)' is deprecated: replaced by 'init(args:env:diagnosticsOutput:fileSystem:executor:integratedDriver:compilerIntegratedTooling:compilerExecutableDir:externalTargetModuleDetailsMap:interModuleDependencyOracle:)'
    |                          `- note: use 'init(args:env:diagnosticsOutput:fileSystem:executor:integratedDriver:compilerIntegratedTooling:compilerExecutableDir:externalTargetModuleDetailsMap:interModuleDependencyOracle:)' instead
297 |             args: commandLine,
298 |             fileSystem: self.fileSystem,

/__w/_temp/corpus/Sources/Build/BuildOperation.swift:360:34: warning: 'init(args:env:diagnosticsOutput:fileSystem:executor:integratedDriver:compilerExecutableDir:externalTargetModuleDetailsMap:interModuleDependencyOracle:)' is deprecated: replaced by 'init(args:env:diagnosticsOutput:fileSystem:executor:integratedDriver:compilerIntegratedTooling:compilerExecutableDir:externalTargetModuleDetailsMap:interModuleDependencyOracle:)'
 358 | 
 359 |                 let consumeDiagnostics: DiagnosticsEngine = DiagnosticsEngine(handlers: [])
 360 |                 var driver = try Driver(args: commandLine,
     |                                  |- warning: 'init(args:env:diagnosticsOutput:fileSystem:executor:integratedDriver:compilerExecutableDir:externalTargetModuleDetailsMap:interModuleDependencyOracle:)' is deprecated: replaced by 'init(args:env:diagnosticsOutput:fileSystem:executor:integratedDriver:compilerIntegratedTooling:compilerExecutableDir:externalTargetModuleDetailsMap:interModuleDependencyOracle:)'
     |                                  `- note: use 'init(args:env:diagnosticsOutput:fileSystem:executor:integratedDriver:compilerIntegratedTooling:compilerExecutableDir:externalTargetModuleDetailsMap:interModuleDependencyOracle:)' instead
 361 |                                         diagnosticsOutput: .engine(consumeDiagnostics),
 362 |                                         fileSystem: localFileSystem,
/__w/_temp/corpus/Sources/Build/BuildManifest/LLBuildManifestBuilder+Swift.swift:80:26: warning: 'init(args:env:diagnosticsOutput:fileSystem:executor:integratedDriver:compilerExecutableDir:externalTargetModuleDetailsMap:interModuleDependencyOracle:)' is deprecated: replaced by 'init(args:env:diagnosticsOutput:fileSystem:executor:integratedDriver:compilerIntegratedTooling:compilerExecutableDir:externalTargetModuleDetailsMap:interModuleDependencyOracle:)'
 78 |             env: Environment.current
 79 |         )
 80 |         var driver = try Driver(
    |                          |- warning: 'init(args:env:diagnosticsOutput:fileSystem:executor:integratedDriver:compilerExecutableDir:externalTargetModuleDetailsMap:interModuleDependencyOracle:)' is deprecated: replaced by 'init(args:env:diagnosticsOutput:fileSystem:executor:integratedDriver:compilerIntegratedTooling:compilerExecutableDir:externalTargetModuleDetailsMap:interModuleDependencyOracle:)'
    |                          `- note: use 'init(args:env:diagnosticsOutput:fileSystem:executor:integratedDriver:compilerIntegratedTooling:compilerExecutableDir:externalTargetModuleDetailsMap:interModuleDependencyOracle:)' instead
 81 |             args: commandLine,
 82 |             diagnosticsOutput: .handler(self.observabilityScope.makeDiagnosticsHandler()),

/__w/_temp/corpus/Sources/Build/BuildManifest/LLBuildManifestBuilder+Swift.swift:82:65: warning: 'makeDiagnosticsHandler()' is deprecated: temporary for transition TSCBasic.Diagnostic -> SwiftDriver.Diagnostic
 80 |         var driver = try Driver(
 81 |             args: commandLine,
 82 |             diagnosticsOutput: .handler(self.observabilityScope.makeDiagnosticsHandler()),
    |                                                                 `- warning: 'makeDiagnosticsHandler()' is deprecated: temporary for transition TSCBasic.Diagnostic -> SwiftDriver.Diagnostic
 83 |             fileSystem: self.fileSystem,
 84 |             executor: executor

/__w/_temp/corpus/Sources/Build/BuildManifest/LLBuildManifestBuilder+Swift.swift:296:26: warning: 'init(args:env:diagnosticsOutput:fileSystem:executor:integratedDriver:compilerExecutableDir:externalTargetModuleDetailsMap:interModuleDependencyOracle:)' is deprecated: replaced by 'init(args:env:diagnosticsOutput:fileSystem:executor:integratedDriver:compilerIntegratedTooling:compilerExecutableDir:externalTargetModuleDetailsMap:interModuleDependencyOracle:)'
294 |             env: Environment.current
295 |         )
296 |         var driver = try Driver(
    |                          |- warning: 'init(args:env:diagnosticsOutput:fileSystem:executor:integratedDriver:compilerExecutableDir:externalTargetModuleDetailsMap:interModuleDependencyOracle:)' is deprecated: replaced by 'init(args:env:diagnosticsOutput:fileSystem:executor:integratedDriver:compilerIntegratedTooling:compilerExecutableDir:externalTargetModuleDetailsMap:interModuleDependencyOracle:)'
    |                          `- note: use 'init(args:env:diagnosticsOutput:fileSystem:executor:integratedDriver:compilerIntegratedTooling:compilerExecutableDir:externalTargetModuleDetailsMap:interModuleDependencyOracle:)' instead
297 |             args: commandLine,
298 |             fileSystem: self.fileSystem,

/__w/_temp/corpus/Sources/Build/BuildOperation.swift:360:34: warning: 'init(args:env:diagnosticsOutput:fileSystem:executor:integratedDriver:compilerExecutableDir:externalTargetModuleDetailsMap:interModuleDependencyOracle:)' is deprecated: replaced by 'init(args:env:diagnosticsOutput:fileSystem:executor:integratedDriver:compilerIntegratedTooling:compilerExecutableDir:externalTargetModuleDetailsMap:interModuleDependencyOracle:)'
 358 | 
 359 |                 let consumeDiagnostics: DiagnosticsEngine = DiagnosticsEngine(handlers: [])
 360 |                 var driver = try Driver(args: commandLine,
     |                                  |- warning: 'init(args:env:diagnosticsOutput:fileSystem:executor:integratedDriver:compilerExecutableDir:externalTargetModuleDetailsMap:interModuleDependencyOracle:)' is deprecated: replaced by 'init(args:env:diagnosticsOutput:fileSystem:executor:integratedDriver:compilerIntegratedTooling:compilerExecutableDir:externalTargetModuleDetailsMap:interModuleDependencyOracle:)'
     |                                  `- note: use 'init(args:env:diagnosticsOutput:fileSystem:executor:integratedDriver:compilerIntegratedTooling:compilerExecutableDir:externalTargetModuleDetailsMap:interModuleDependencyOracle:)' instead
 361 |                                         diagnosticsOutput: .engine(consumeDiagnostics),
 362 |                                         fileSystem: localFileSystem,
/__w/_temp/corpus/Sources/Build/BuildManifest/LLBuildManifestBuilder+Swift.swift:80:26: warning: 'init(args:env:diagnosticsOutput:fileSystem:executor:integratedDriver:compilerExecutableDir:externalTargetModuleDetailsMap:interModuleDependencyOracle:)' is deprecated: replaced by 'init(args:env:diagnosticsOutput:fileSystem:executor:integratedDriver:compilerIntegratedTooling:compilerExecutableDir:externalTargetModuleDetailsMap:interModuleDependencyOracle:)'
 78 |             env: Environment.current
 79 |         )
 80 |         var driver = try Driver(
    |                          |- warning: 'init(args:env:diagnosticsOutput:fileSystem:executor:integratedDriver:compilerExecutableDir:externalTargetModuleDetailsMap:interModuleDependencyOracle:)' is deprecated: replaced by 'init(args:env:diagnosticsOutput:fileSystem:executor:integratedDriver:compilerIntegratedTooling:compilerExecutableDir:externalTargetModuleDetailsMap:interModuleDependencyOracle:)'
    |                          `- note: use 'init(args:env:diagnosticsOutput:fileSystem:executor:integratedDriver:compilerIntegratedTooling:compilerExecutableDir:externalTargetModuleDetailsMap:interModuleDependencyOracle:)' instead
 81 |             args: commandLine,
 82 |             diagnosticsOutput: .handler(self.observabilityScope.makeDiagnosticsHandler()),

/__w/_temp/corpus/Sources/Build/BuildManifest/LLBuildManifestBuilder+Swift.swift:82:65: warning: 'makeDiagnosticsHandler()' is deprecated: temporary for transition TSCBasic.Diagnostic -> SwiftDriver.Diagnostic
 80 |         var driver = try Driver(
 81 |             args: commandLine,
 82 |             diagnosticsOutput: .handler(self.observabilityScope.makeDiagnosticsHandler()),
    |                                                                 `- warning: 'makeDiagnosticsHandler()' is deprecated: temporary for transition TSCBasic.Diagnostic -> SwiftDriver.Diagnostic
 83 |             fileSystem: self.fileSystem,
 84 |             executor: executor

/__w/_temp/corpus/Sources/Build/BuildManifest/LLBuildManifestBuilder+Swift.swift:296:26: warning: 'init(args:env:diagnosticsOutput:fileSystem:executor:integratedDriver:compilerExecutableDir:externalTargetModuleDetailsMap:interModuleDependencyOracle:)' is deprecated: replaced by 'init(args:env:diagnosticsOutput:fileSystem:executor:integratedDriver:compilerIntegratedTooling:compilerExecutableDir:externalTargetModuleDetailsMap:interModuleDependencyOracle:)'
294 |             env: Environment.current
295 |         )
296 |         var driver = try Driver(
    |                          |- warning: 'init(args:env:diagnosticsOutput:fileSystem:executor:integratedDriver:compilerExecutableDir:externalTargetModuleDetailsMap:interModuleDependencyOracle:)' is deprecated: replaced by 'init(args:env:diagnosticsOutput:fileSystem:executor:integratedDriver:compilerIntegratedTooling:compilerExecutableDir:externalTargetModuleDetailsMap:interModuleDependencyOracle:)'
    |                          `- note: use 'init(args:env:diagnosticsOutput:fileSystem:executor:integratedDriver:compilerIntegratedTooling:compilerExecutableDir:externalTargetModuleDetailsMap:interModuleDependencyOracle:)' instead
297 |             args: commandLine,
298 |             fileSystem: self.fileSystem,

/__w/_temp/corpus/Sources/Build/BuildOperation.swift:360:34: warning: 'init(args:env:diagnosticsOutput:fileSystem:executor:integratedDriver:compilerExecutableDir:externalTargetModuleDetailsMap:interModuleDependencyOracle:)' is deprecated: replaced by 'init(args:env:diagnosticsOutput:fileSystem:executor:integratedDriver:compilerIntegratedTooling:compilerExecutableDir:externalTargetModuleDetailsMap:interModuleDependencyOracle:)'
 358 | 
 359 |                 let consumeDiagnostics: DiagnosticsEngine = DiagnosticsEngine(handlers: [])
 360 |                 var driver = try Driver(args: commandLine,
     |                                  |- warning: 'init(args:env:diagnosticsOutput:fileSystem:executor:integratedDriver:compilerExecutableDir:externalTargetModuleDetailsMap:interModuleDependencyOracle:)' is deprecated: replaced by 'init(args:env:diagnosticsOutput:fileSystem:executor:integratedDriver:compilerIntegratedTooling:compilerExecutableDir:externalTargetModuleDetailsMap:interModuleDependencyOracle:)'
     |                                  `- note: use 'init(args:env:diagnosticsOutput:fileSystem:executor:integratedDriver:compilerIntegratedTooling:compilerExecutableDir:externalTargetModuleDetailsMap:interModuleDependencyOracle:)' instead
 361 |                                         diagnosticsOutput: .engine(consumeDiagnostics),
 362 |                                         fileSystem: localFileSystem,
[1774/1901] Compiling SwiftParser Modifiers.swift
[1775/1901] Compiling SwiftParser Names.swift
[1776/1901] Compiling SwiftParser Nominals.swift
[1777/1901] Compiling SwiftParser Parameters.swift
[1778/1901] Compiling SwiftParser ParseSourceFile.swift
[1780/1911] Emitting module SwiftDiagnostics
[1787/1913] Compiling SwiftParser Parser.swift
[1788/1913] Compiling SwiftParser Patterns.swift
[1789/1913] Compiling SwiftParser Recovery.swift
[1790/1913] Compiling SwiftDiagnostics Message.swift
[1791/1913] Compiling SwiftDiagnostics Note.swift
[1792/1913] Compiling SwiftDiagnostics BasicDiagnosticDecorator.swift
[1793/1913] Compiling SwiftDiagnostics DiagnosticDecorator.swift
[1794/1913] Compiling SwiftDiagnostics DiagnosticsFormatter.swift
[1795/1913] Compiling SwiftDiagnostics Convenience.swift
[1796/1913] Compiling SwiftDiagnostics Diagnostic.swift
[1797/1913] Compiling SwiftDiagnostics ANSIDiagnosticDecorator.swift
[1798/1913] Compiling SwiftDiagnostics FixIt.swift
[1799/1913] Compiling SwiftDiagnostics GroupedDiagnostics.swift
[1801/1914] Emitting module SwiftParser
[1802/1931] Compiling SwiftBasicFormat SyntaxProtocol+Formatted.swift
[1803/1932] Emitting module XCBuildSupport
[1804/1933] Compiling SwiftBasicFormat InferIndentation.swift
[1805/1933] Compiling SwiftBasicFormat Syntax+Extensions.swift
[1806/1933] Compiling XCBuildSupport XCBuildOutputParser.swift
[1807/1933] Compiling SwiftBasicFormat BasicFormat.swift
[1808/1933] Compiling SwiftBasicFormat Indenter.swift
[1809/1933] Compiling SwiftBasicFormat Trivia+FormatExtensions.swift
[1814/1933] Emitting module SwiftBasicFormat
[1816/1937] Compiling XCBuildSupport XcodeBuildSystem.swift
/__w/_temp/corpus/Sources/XCBuildSupport/XcodeBuildSystem.swift:133:29: warning: 'init(contentsOfFile:)' is deprecated
131 |             }
132 | 
133 |             let swiftSpec = NSArray(contentsOfFile: swiftSpecPath.pathString)
    |                             `- warning: 'init(contentsOfFile:)' is deprecated
134 |             let compilerSpec = swiftSpec?.compactMap { $0 as? NSDictionary }.first {
135 |                 if let identifier = $0["Identifier"] as? String {
[1831/1938] Compiling SwiftParser Specifiers.swift
[1832/1938] Compiling SwiftParser Statements.swift
[1833/1938] Compiling SwiftParser StringLiteralRepresentedLiteralValue.swift
[1834/1938] Compiling SwiftParser StringLiterals.swift
[1835/1938] Compiling SwiftParser SwiftParserCompatibility.swift
[1836/1938] Compiling SwiftParser SwiftVersion.swift
[1837/1938] Compiling SwiftParser SyntaxUtils.swift
[1838/1938] Compiling SwiftParser TokenConsumer.swift
[1839/1938] Emitting module SourceKitLSPAPI
[1841/1938] Compiling SourceKitLSPAPI PluginTargetBuildDescription.swift
[1841/1938] Wrapping AST for SwiftSyntax for debugging
[1843/1940] Compiling SourceKitLSPAPI BuildDescription.swift
[1853/1941] Emitting module swift_bootstrap
/__w/_temp/corpus/Sources/swift-bootstrap/main.swift:485:25: warning: 'retroactive' attribute does not apply; 'AbsolutePath' is declared in the same package; this is an error in the Swift 6 language mode
483 | extension BuildConfiguration: ExpressibleByArgument, CaseIterable {}
484 | #else
485 | extension AbsolutePath: @retroactive ExpressibleByArgument {}
    |                         `- warning: 'retroactive' attribute does not apply; 'AbsolutePath' is declared in the same package; this is an error in the Swift 6 language mode
486 | extension BuildConfiguration: @retroactive ExpressibleByArgument, CaseIterable {}
487 | #endif

/__w/_temp/corpus/Sources/swift-bootstrap/main.swift:486:31: warning: 'retroactive' attribute does not apply; 'BuildConfiguration' is declared in the same package; this is an error in the Swift 6 language mode
484 | #else
485 | extension AbsolutePath: @retroactive ExpressibleByArgument {}
486 | extension BuildConfiguration: @retroactive ExpressibleByArgument, CaseIterable {}
    |                               `- warning: 'retroactive' attribute does not apply; 'BuildConfiguration' is declared in the same package; this is an error in the Swift 6 language mode
487 | #endif
488 | 

/__w/_temp/corpus/Sources/swift-bootstrap/main.swift:486:67: warning: conformance of 'BuildConfiguration' to protocol 'CaseIterable' was already stated in the type's module 'PackageModel'
484 | #else
485 | extension AbsolutePath: @retroactive ExpressibleByArgument {}
486 | extension BuildConfiguration: @retroactive ExpressibleByArgument, CaseIterable {}
    |                                                                   `- warning: conformance of 'BuildConfiguration' to protocol 'CaseIterable' was already stated in the type's module 'PackageModel'
487 | #endif
488 | 

/__w/_temp/corpus/Sources/PackageModel/BuildConfiguration.swift:14:13: note: 'BuildConfiguration' declares conformance to protocol 'CaseIterable' here
12 | 
13 | /// The configuration of the build environment.
14 | public enum BuildConfiguration: String, CaseIterable, Encodable, Sendable {
   |             `- note: 'BuildConfiguration' declares conformance to protocol 'CaseIterable' here
15 |     case debug
16 |     case release
[1853/1941] Wrapping AST for XCBuildSupport for debugging
[1854/1941] Wrapping AST for SwiftDiagnostics for debugging
[1855/1941] Wrapping AST for SwiftBasicFormat for debugging
[1856/1941] Wrapping AST for SourceKitLSPAPI for debugging
[1857/1941] Wrapping AST for Build for debugging
[1859/1941] Compiling swift_bootstrap main.swift
/__w/_temp/corpus/Sources/swift-bootstrap/main.swift:485:25: warning: 'retroactive' attribute does not apply; 'AbsolutePath' is declared in the same package; this is an error in the Swift 6 language mode
483 | extension BuildConfiguration: ExpressibleByArgument, CaseIterable {}
484 | #else
485 | extension AbsolutePath: @retroactive ExpressibleByArgument {}
    |                         `- warning: 'retroactive' attribute does not apply; 'AbsolutePath' is declared in the same package; this is an error in the Swift 6 language mode
486 | extension BuildConfiguration: @retroactive ExpressibleByArgument, CaseIterable {}
487 | #endif

/__w/_temp/corpus/Sources/swift-bootstrap/main.swift:486:31: warning: 'retroactive' attribute does not apply; 'BuildConfiguration' is declared in the same package; this is an error in the Swift 6 language mode
484 | #else
485 | extension AbsolutePath: @retroactive ExpressibleByArgument {}
486 | extension BuildConfiguration: @retroactive ExpressibleByArgument, CaseIterable {}
    |                               `- warning: 'retroactive' attribute does not apply; 'BuildConfiguration' is declared in the same package; this is an error in the Swift 6 language mode
487 | #endif
488 | 

/__w/_temp/corpus/Sources/swift-bootstrap/main.swift:486:67: warning: conformance of 'BuildConfiguration' to protocol 'CaseIterable' was already stated in the type's module 'PackageModel'
484 | #else
485 | extension AbsolutePath: @retroactive ExpressibleByArgument {}
486 | extension BuildConfiguration: @retroactive ExpressibleByArgument, CaseIterable {}
    |                                                                   `- warning: conformance of 'BuildConfiguration' to protocol 'CaseIterable' was already stated in the type's module 'PackageModel'
487 | #endif
488 | 

/__w/_temp/corpus/Sources/PackageModel/BuildConfiguration.swift:14:13: note: 'BuildConfiguration' declares conformance to protocol 'CaseIterable' here
12 | 
13 | /// The configuration of the build environment.
14 | public enum BuildConfiguration: String, CaseIterable, Encodable, Sendable {
   |             `- note: 'BuildConfiguration' declares conformance to protocol 'CaseIterable' here
15 |     case debug
16 |     case release

/__w/_temp/corpus/Sources/swift-bootstrap/main.swift:278:17: warning: variable 'buildFlags' was never mutated; consider changing to 'let' constant
276 |             logLevel: Basics.Diagnostic.Severity
277 |         ) throws -> BuildSystem {
278 |             var buildFlags = buildFlags
    |                 `- warning: variable 'buildFlags' was never mutated; consider changing to 'let' constant
279 | 
280 |             let dataPath = scratchDirectory.appending(
[1860/1942] Wrapping AST for swift-bootstrap for debugging
[1861/1942] Write Objects.LinkFileList
/__w/_temp/corpus/Sources/Workspace/Workspace.swift:1556:30: warning: 'retroactive' attribute does not apply; 'RepositoryManager' is declared in the same package; this is an error in the Swift 6 language mode
1554 | extension RepositoryManager: ManifestSourceControlValidator {}
1555 | #else
1556 | extension RepositoryManager: @retroactive ManifestSourceControlValidator {}
     |                              `- warning: 'retroactive' attribute does not apply; 'RepositoryManager' is declared in the same package; this is an error in the Swift 6 language mode
1557 | #endif
1558 | 
/__w/_temp/corpus/Sources/Workspace/Workspace.swift:1556:30: warning: 'retroactive' attribute does not apply; 'RepositoryManager' is declared in the same package; this is an error in the Swift 6 language mode
1554 | extension RepositoryManager: ManifestSourceControlValidator {}
1555 | #else
1556 | extension RepositoryManager: @retroactive ManifestSourceControlValidator {}
     |                              `- warning: 'retroactive' attribute does not apply; 'RepositoryManager' is declared in the same package; this is an error in the Swift 6 language mode
1557 | #endif
1558 | 
/__w/_temp/corpus/Sources/Workspace/Workspace.swift:1556:30: warning: 'retroactive' attribute does not apply; 'RepositoryManager' is declared in the same package; this is an error in the Swift 6 language mode
1554 | extension RepositoryManager: ManifestSourceControlValidator {}
1555 | #else
1556 | extension RepositoryManager: @retroactive ManifestSourceControlValidator {}
     |                              `- warning: 'retroactive' attribute does not apply; 'RepositoryManager' is declared in the same package; this is an error in the Swift 6 language mode
1557 | #endif
1558 | 
/__w/_temp/corpus/Sources/Workspace/Workspace.swift:1556:30: warning: 'retroactive' attribute does not apply; 'RepositoryManager' is declared in the same package; this is an error in the Swift 6 language mode
1554 | extension RepositoryManager: ManifestSourceControlValidator {}
1555 | #else
1556 | extension RepositoryManager: @retroactive ManifestSourceControlValidator {}
     |                              `- warning: 'retroactive' attribute does not apply; 'RepositoryManager' is declared in the same package; this is an error in the Swift 6 language mode
1557 | #endif
1558 | 
/__w/_temp/corpus/Sources/Workspace/Workspace.swift:1556:30: warning: 'retroactive' attribute does not apply; 'RepositoryManager' is declared in the same package; this is an error in the Swift 6 language mode
1554 | extension RepositoryManager: ManifestSourceControlValidator {}
1555 | #else
1556 | extension RepositoryManager: @retroactive ManifestSourceControlValidator {}
     |                              `- warning: 'retroactive' attribute does not apply; 'RepositoryManager' is declared in the same package; this is an error in the Swift 6 language mode
1557 | #endif
1558 | 
/__w/_temp/corpus/Sources/Workspace/Workspace.swift:1556:30: warning: 'retroactive' attribute does not apply; 'RepositoryManager' is declared in the same package; this is an error in the Swift 6 language mode
1554 | extension RepositoryManager: ManifestSourceControlValidator {}
1555 | #else
1556 | extension RepositoryManager: @retroactive ManifestSourceControlValidator {}
     |                              `- warning: 'retroactive' attribute does not apply; 'RepositoryManager' is declared in the same package; this is an error in the Swift 6 language mode
1557 | #endif
1558 | 
/__w/_temp/corpus/Sources/Workspace/Workspace.swift:1556:30: warning: 'retroactive' attribute does not apply; 'RepositoryManager' is declared in the same package; this is an error in the Swift 6 language mode
1554 | extension RepositoryManager: ManifestSourceControlValidator {}
1555 | #else
1556 | extension RepositoryManager: @retroactive ManifestSourceControlValidator {}
     |                              `- warning: 'retroactive' attribute does not apply; 'RepositoryManager' is declared in the same package; this is an error in the Swift 6 language mode
1557 | #endif
1558 | 
/__w/_temp/corpus/Sources/Workspace/Workspace.swift:1556:30: warning: 'retroactive' attribute does not apply; 'RepositoryManager' is declared in the same package; this is an error in the Swift 6 language mode
1554 | extension RepositoryManager: ManifestSourceControlValidator {}
1555 | #else
1556 | extension RepositoryManager: @retroactive ManifestSourceControlValidator {}
     |                              `- warning: 'retroactive' attribute does not apply; 'RepositoryManager' is declared in the same package; this is an error in the Swift 6 language mode
1557 | #endif
1558 | 
[1884/1947] Emitting module swift_build_prebuilts
[1885/1947] Emitting module package_info
[1886/1947] Compiling package_info example.swift
[1888/1948] Compiling SwiftParser TokenPrecedence.swift
[1889/1948] Compiling SwiftParser TokenSpec.swift
[1890/1948] Compiling SwiftParser TokenSpecSet.swift
[1891/1948] Compiling SwiftParser TopLevel.swift
[1892/1948] Compiling SwiftParser TriviaParser.swift
[1893/1948] Compiling SwiftParser Types.swift
[1894/1948] Compiling SwiftParser ExperimentalFeatures.swift
[1895/1948] Compiling SwiftParser IsLexerClassified.swift
[1896/1948] Compiling SwiftParser LayoutNodes+Parsable.swift
[1897/1948] Compiling SwiftParser Parser+TokenSpecSet.swift
[1898/1948] Compiling SwiftParser TokenSpecStaticMembers.swift
[1900/1976] Emitting module _InternalTestSupport
/__w/_temp/corpus/Sources/_InternalTestSupport/misc.swift:460:25: warning: 'retroactive' attribute does not apply; 'RelativePath' is declared in the same package; this is an error in the Swift 6 language mode
458 | extension AbsolutePath: ExpressibleByStringInterpolation {}
459 | #else
460 | extension RelativePath: @retroactive ExpressibleByStringLiteral {}
    |                         `- warning: 'retroactive' attribute does not apply; 'RelativePath' is declared in the same package; this is an error in the Swift 6 language mode
461 | extension RelativePath: @retroactive ExpressibleByStringInterpolation {}
462 | extension URL: @retroactive ExpressibleByStringLiteral {}

/__w/_temp/corpus/Sources/_InternalTestSupport/misc.swift:461:25: warning: 'retroactive' attribute does not apply; 'RelativePath' is declared in the same package; this is an error in the Swift 6 language mode
459 | #else
460 | extension RelativePath: @retroactive ExpressibleByStringLiteral {}
461 | extension RelativePath: @retroactive ExpressibleByStringInterpolation {}
    |                         `- warning: 'retroactive' attribute does not apply; 'RelativePath' is declared in the same package; this is an error in the Swift 6 language mode
462 | extension URL: @retroactive ExpressibleByStringLiteral {}
463 | extension URL: @retroactive ExpressibleByStringInterpolation {}

/__w/_temp/corpus/Sources/_InternalTestSupport/misc.swift:464:28: warning: 'retroactive' attribute does not apply; 'PackageIdentity' is declared in the same package; this is an error in the Swift 6 language mode
462 | extension URL: @retroactive ExpressibleByStringLiteral {}
463 | extension URL: @retroactive ExpressibleByStringInterpolation {}
464 | extension PackageIdentity: @retroactive ExpressibleByStringLiteral {}
    |                            `- warning: 'retroactive' attribute does not apply; 'PackageIdentity' is declared in the same package; this is an error in the Swift 6 language mode
465 | extension PackageIdentity: @retroactive ExpressibleByStringInterpolation {}
466 | extension AbsolutePath: @retroactive ExpressibleByStringLiteral {}

/__w/_temp/corpus/Sources/_InternalTestSupport/misc.swift:465:28: warning: 'retroactive' attribute does not apply; 'PackageIdentity' is declared in the same package; this is an error in the Swift 6 language mode
463 | extension URL: @retroactive ExpressibleByStringInterpolation {}
464 | extension PackageIdentity: @retroactive ExpressibleByStringLiteral {}
465 | extension PackageIdentity: @retroactive ExpressibleByStringInterpolation {}
    |                            `- warning: 'retroactive' attribute does not apply; 'PackageIdentity' is declared in the same package; this is an error in the Swift 6 language mode
466 | extension AbsolutePath: @retroactive ExpressibleByStringLiteral {}
467 | extension AbsolutePath: @retroactive ExpressibleByStringInterpolation {}

/__w/_temp/corpus/Sources/_InternalTestSupport/misc.swift:466:25: warning: 'retroactive' attribute does not apply; 'AbsolutePath' is declared in the same package; this is an error in the Swift 6 language mode
464 | extension PackageIdentity: @retroactive ExpressibleByStringLiteral {}
465 | extension PackageIdentity: @retroactive ExpressibleByStringInterpolation {}
466 | extension AbsolutePath: @retroactive ExpressibleByStringLiteral {}
    |                         `- warning: 'retroactive' attribute does not apply; 'AbsolutePath' is declared in the same package; this is an error in the Swift 6 language mode
467 | extension AbsolutePath: @retroactive ExpressibleByStringInterpolation {}
468 | #endif

/__w/_temp/corpus/Sources/_InternalTestSupport/misc.swift:467:25: warning: 'retroactive' attribute does not apply; 'AbsolutePath' is declared in the same package; this is an error in the Swift 6 language mode
465 | extension PackageIdentity: @retroactive ExpressibleByStringInterpolation {}
466 | extension AbsolutePath: @retroactive ExpressibleByStringLiteral {}
467 | extension AbsolutePath: @retroactive ExpressibleByStringInterpolation {}
    |                         `- warning: 'retroactive' attribute does not apply; 'AbsolutePath' is declared in the same package; this is an error in the Swift 6 language mode
468 | #endif
469 | 
[1900/1983] Linking swift-bootstrap
[1902/1983] Compiling swift_build_prebuilts BuildPrebuilts.swift
[1903/1983] Compiling CoreCommands SwiftCommandObservabilityHandler.swift
[1904/1995] Compiling CoreCommands BuildSystemSupport.swift
[1905/1996] Emitting module CoreCommands
/__w/_temp/corpus/Sources/CoreCommands/Options.swift:791:31: warning: 'retroactive' attribute does not apply; 'BuildConfiguration' is declared in the same package; this is an error in the Swift 6 language mode
789 | extension URL: ExpressibleByArgument {}
790 | #else
791 | extension BuildConfiguration: @retroactive ExpressibleByArgument, CaseIterable {}
    |                               `- warning: 'retroactive' attribute does not apply; 'BuildConfiguration' is declared in the same package; this is an error in the Swift 6 language mode
792 | extension AbsolutePath: @retroactive ExpressibleByArgument {}
793 | extension WorkspaceConfiguration.CheckingMode: @retroactive ExpressibleByArgument {}

/__w/_temp/corpus/Sources/CoreCommands/Options.swift:791:67: warning: conformance of 'BuildConfiguration' to protocol 'CaseIterable' was already stated in the type's module 'PackageModel'
789 | extension URL: ExpressibleByArgument {}
790 | #else
791 | extension BuildConfiguration: @retroactive ExpressibleByArgument, CaseIterable {}
    |                                                                   `- warning: conformance of 'BuildConfiguration' to protocol 'CaseIterable' was already stated in the type's module 'PackageModel'
792 | extension AbsolutePath: @retroactive ExpressibleByArgument {}
793 | extension WorkspaceConfiguration.CheckingMode: @retroactive ExpressibleByArgument {}

/__w/_temp/corpus/Sources/PackageModel/BuildConfiguration.swift:14:13: note: 'BuildConfiguration' declares conformance to protocol 'CaseIterable' here
12 | 
13 | /// The configuration of the build environment.
14 | public enum BuildConfiguration: String, CaseIterable, Encodable, Sendable {
   |             `- note: 'BuildConfiguration' declares conformance to protocol 'CaseIterable' here
15 |     case debug
16 |     case release

/__w/_temp/corpus/Sources/CoreCommands/Options.swift:792:25: warning: 'retroactive' attribute does not apply; 'AbsolutePath' is declared in the same package; this is an error in the Swift 6 language mode
790 | #else
791 | extension BuildConfiguration: @retroactive ExpressibleByArgument, CaseIterable {}
792 | extension AbsolutePath: @retroactive ExpressibleByArgument {}
    |                         `- warning: 'retroactive' attribute does not apply; 'AbsolutePath' is declared in the same package; this is an error in the Swift 6 language mode
793 | extension WorkspaceConfiguration.CheckingMode: @retroactive ExpressibleByArgument {}
794 | extension Sanitizer: @retroactive ExpressibleByArgument {}

/__w/_temp/corpus/Sources/CoreCommands/Options.swift:793:48: warning: 'retroactive' attribute does not apply; 'CheckingMode' is declared in the same package; this is an error in the Swift 6 language mode
791 | extension BuildConfiguration: @retroactive ExpressibleByArgument, CaseIterable {}
792 | extension AbsolutePath: @retroactive ExpressibleByArgument {}
793 | extension WorkspaceConfiguration.CheckingMode: @retroactive ExpressibleByArgument {}
    |                                                `- warning: 'retroactive' attribute does not apply; 'CheckingMode' is declared in the same package; this is an error in the Swift 6 language mode
794 | extension Sanitizer: @retroactive ExpressibleByArgument {}
795 | extension BuildSystemProvider.Kind: @retroactive ExpressibleByArgument, CaseIterable {}

/__w/_temp/corpus/Sources/CoreCommands/Options.swift:794:22: warning: 'retroactive' attribute does not apply; 'Sanitizer' is declared in the same package; this is an error in the Swift 6 language mode
792 | extension AbsolutePath: @retroactive ExpressibleByArgument {}
793 | extension WorkspaceConfiguration.CheckingMode: @retroactive ExpressibleByArgument {}
794 | extension Sanitizer: @retroactive ExpressibleByArgument {}
    |                      `- warning: 'retroactive' attribute does not apply; 'Sanitizer' is declared in the same package; this is an error in the Swift 6 language mode
795 | extension BuildSystemProvider.Kind: @retroactive ExpressibleByArgument, CaseIterable {}
796 | extension Version: @retroactive ExpressibleByArgument {}

/__w/_temp/corpus/Sources/CoreCommands/Options.swift:795:37: warning: 'retroactive' attribute does not apply; 'Kind' is declared in the same package; this is an error in the Swift 6 language mode
793 | extension WorkspaceConfiguration.CheckingMode: @retroactive ExpressibleByArgument {}
794 | extension Sanitizer: @retroactive ExpressibleByArgument {}
795 | extension BuildSystemProvider.Kind: @retroactive ExpressibleByArgument, CaseIterable {}
    |                                     `- warning: 'retroactive' attribute does not apply; 'Kind' is declared in the same package; this is an error in the Swift 6 language mode
796 | extension Version: @retroactive ExpressibleByArgument {}
797 | extension PackageIdentity: @retroactive ExpressibleByArgument {}

/__w/_temp/corpus/Sources/CoreCommands/Options.swift:795:73: warning: conformance of 'BuildSystemProvider.Kind' to protocol 'CaseIterable' was already stated in the type's module 'SPMBuildCore'
793 | extension WorkspaceConfiguration.CheckingMode: @retroactive ExpressibleByArgument {}
794 | extension Sanitizer: @retroactive ExpressibleByArgument {}
795 | extension BuildSystemProvider.Kind: @retroactive ExpressibleByArgument, CaseIterable {}
    |                                                                         `- warning: conformance of 'BuildSystemProvider.Kind' to protocol 'CaseIterable' was already stated in the type's module 'SPMBuildCore'
796 | extension Version: @retroactive ExpressibleByArgument {}
797 | extension PackageIdentity: @retroactive ExpressibleByArgument {}

/__w/_temp/corpus/Sources/SPMBuildCore/BuildSystem/BuildSystem.swift:131:17: note: 'BuildSystemProvider.Kind' declares conformance to protocol 'CaseIterable' here
129 | public struct BuildSystemProvider {
130 |     // TODO: In the future, we may want this to be about specific capabilities of a build system rather than choosing a concrete one.
131 |     public enum Kind: String, CaseIterable {
    |                 `- note: 'BuildSystemProvider.Kind' declares conformance to protocol 'CaseIterable' here
132 |         case native
133 |         case xcode

/__w/_temp/corpus/Sources/CoreCommands/Options.swift:797:28: warning: 'retroactive' attribute does not apply; 'PackageIdentity' is declared in the same package; this is an error in the Swift 6 language mode
795 | extension BuildSystemProvider.Kind: @retroactive ExpressibleByArgument, CaseIterable {}
796 | extension Version: @retroactive ExpressibleByArgument {}
797 | extension PackageIdentity: @retroactive ExpressibleByArgument {}
    |                            `- warning: 'retroactive' attribute does not apply; 'PackageIdentity' is declared in the same package; this is an error in the Swift 6 language mode
798 | extension URL: @retroactive ExpressibleByArgument {}
799 | #endif
[1907/2003] Emitting module SwiftParserDiagnostics
[1908/2006] Compiling SwiftIDEUtils Syntax+Classifications.swift
[1909/2006] Compiling SwiftIDEUtils SyntaxClassification.swift
[1910/2008] Compiling SwiftIDEUtils DeclNameLocation.swift
[1911/2008] Compiling SwiftIDEUtils FixItApplier.swift
[1912/2008] Compiling SwiftIDEUtils NameMatcher.swift
[1913/2008] Compiling SwiftIDEUtils SwiftIDEUtilsCompatibility.swift
[1916/2008] Compiling SwiftIDEUtils SyntaxClassifier.swift
[1917/2008] Compiling SwiftIDEUtils Utils.swift
[1922/2008] Emitting module SwiftIDEUtils
[1925/2009] Wrapping AST for swift-build-prebuilts for debugging
[1927/2009] Compiling SwiftParserDiagnostics ChildNameForDiagnostics.swift
[1928/2009] Compiling SwiftParserDiagnostics SyntaxKindNameForDiagnostics.swift
[1929/2009] Compiling SwiftParserDiagnostics TokenNameForDiagnostics.swift
[1930/2009] Compiling CoreCommands SwiftCommandState.swift
/__w/_temp/corpus/Sources/CoreCommands/SwiftCommandState.swift:379:22: warning: 'loggingHandler' is deprecated: use instance level `loggingHandler` passed via `init` instead of setting one globally.
 377 | 
 378 |         // set global process logging handler
 379 |         AsyncProcess.loggingHandler = { self.observabilityScope.emit(debug: $0) }
     |                      `- warning: 'loggingHandler' is deprecated: use instance level `loggingHandler` passed via `init` instead of setting one globally.
 380 |     }
 381 | 

/__w/_temp/corpus/Sources/CoreCommands/SwiftCommandState.swift:757:78: warning: converting non-sendable function value to '@Sendable (DispatchTime) throws -> Void' may introduce data races
 755 | 
 756 |         // register the build system with the cancellation handler
 757 |         self.cancellator.register(name: "build system", handler: buildSystem.cancel)
     |                                                                              `- warning: converting non-sendable function value to '@Sendable (DispatchTime) throws -> Void' may introduce data races
 758 |         return buildSystem
 759 |     }
[1931/2009] Compiling _InternalTestSupport PackageGraphTester.swift
/__w/_temp/corpus/Sources/_InternalTestSupport/misc.swift:460:25: warning: 'retroactive' attribute does not apply; 'RelativePath' is declared in the same package; this is an error in the Swift 6 language mode
458 | extension AbsolutePath: ExpressibleByStringInterpolation {}
459 | #else
460 | extension RelativePath: @retroactive ExpressibleByStringLiteral {}
    |                         `- warning: 'retroactive' attribute does not apply; 'RelativePath' is declared in the same package; this is an error in the Swift 6 language mode
461 | extension RelativePath: @retroactive ExpressibleByStringInterpolation {}
462 | extension URL: @retroactive ExpressibleByStringLiteral {}

/__w/_temp/corpus/Sources/_InternalTestSupport/misc.swift:461:25: warning: 'retroactive' attribute does not apply; 'RelativePath' is declared in the same package; this is an error in the Swift 6 language mode
459 | #else
460 | extension RelativePath: @retroactive ExpressibleByStringLiteral {}
461 | extension RelativePath: @retroactive ExpressibleByStringInterpolation {}
    |                         `- warning: 'retroactive' attribute does not apply; 'RelativePath' is declared in the same package; this is an error in the Swift 6 language mode
462 | extension URL: @retroactive ExpressibleByStringLiteral {}
463 | extension URL: @retroactive ExpressibleByStringInterpolation {}

/__w/_temp/corpus/Sources/_InternalTestSupport/misc.swift:464:28: warning: 'retroactive' attribute does not apply; 'PackageIdentity' is declared in the same package; this is an error in the Swift 6 language mode
462 | extension URL: @retroactive ExpressibleByStringLiteral {}
463 | extension URL: @retroactive ExpressibleByStringInterpolation {}
464 | extension PackageIdentity: @retroactive ExpressibleByStringLiteral {}
    |                            `- warning: 'retroactive' attribute does not apply; 'PackageIdentity' is declared in the same package; this is an error in the Swift 6 language mode
465 | extension PackageIdentity: @retroactive ExpressibleByStringInterpolation {}
466 | extension AbsolutePath: @retroactive ExpressibleByStringLiteral {}

/__w/_temp/corpus/Sources/_InternalTestSupport/misc.swift:465:28: warning: 'retroactive' attribute does not apply; 'PackageIdentity' is declared in the same package; this is an error in the Swift 6 language mode
463 | extension URL: @retroactive ExpressibleByStringInterpolation {}
464 | extension PackageIdentity: @retroactive ExpressibleByStringLiteral {}
465 | extension PackageIdentity: @retroactive ExpressibleByStringInterpolation {}
    |                            `- warning: 'retroactive' attribute does not apply; 'PackageIdentity' is declared in the same package; this is an error in the Swift 6 language mode
466 | extension AbsolutePath: @retroactive ExpressibleByStringLiteral {}
467 | extension AbsolutePath: @retroactive ExpressibleByStringInterpolation {}

/__w/_temp/corpus/Sources/_InternalTestSupport/misc.swift:466:25: warning: 'retroactive' attribute does not apply; 'AbsolutePath' is declared in the same package; this is an error in the Swift 6 language mode
464 | extension PackageIdentity: @retroactive ExpressibleByStringLiteral {}
465 | extension PackageIdentity: @retroactive ExpressibleByStringInterpolation {}
466 | extension AbsolutePath: @retroactive ExpressibleByStringLiteral {}
    |                         `- warning: 'retroactive' attribute does not apply; 'AbsolutePath' is declared in the same package; this is an error in the Swift 6 language mode
467 | extension AbsolutePath: @retroactive ExpressibleByStringInterpolation {}
468 | #endif

/__w/_temp/corpus/Sources/_InternalTestSupport/misc.swift:467:25: warning: 'retroactive' attribute does not apply; 'AbsolutePath' is declared in the same package; this is an error in the Swift 6 language mode
465 | extension PackageIdentity: @retroactive ExpressibleByStringInterpolation {}
466 | extension AbsolutePath: @retroactive ExpressibleByStringLiteral {}
467 | extension AbsolutePath: @retroactive ExpressibleByStringInterpolation {}
    |                         `- warning: 'retroactive' attribute does not apply; 'AbsolutePath' is declared in the same package; this is an error in the Swift 6 language mode
468 | #endif
469 | 
[1932/2009] Compiling _InternalTestSupport ResolvedModule+Mock.swift
/__w/_temp/corpus/Sources/_InternalTestSupport/misc.swift:460:25: warning: 'retroactive' attribute does not apply; 'RelativePath' is declared in the same package; this is an error in the Swift 6 language mode
458 | extension AbsolutePath: ExpressibleByStringInterpolation {}
459 | #else
460 | extension RelativePath: @retroactive ExpressibleByStringLiteral {}
    |                         `- warning: 'retroactive' attribute does not apply; 'RelativePath' is declared in the same package; this is an error in the Swift 6 language mode
461 | extension RelativePath: @retroactive ExpressibleByStringInterpolation {}
462 | extension URL: @retroactive ExpressibleByStringLiteral {}

/__w/_temp/corpus/Sources/_InternalTestSupport/misc.swift:461:25: warning: 'retroactive' attribute does not apply; 'RelativePath' is declared in the same package; this is an error in the Swift 6 language mode
459 | #else
460 | extension RelativePath: @retroactive ExpressibleByStringLiteral {}
461 | extension RelativePath: @retroactive ExpressibleByStringInterpolation {}
    |                         `- warning: 'retroactive' attribute does not apply; 'RelativePath' is declared in the same package; this is an error in the Swift 6 language mode
462 | extension URL: @retroactive ExpressibleByStringLiteral {}
463 | extension URL: @retroactive ExpressibleByStringInterpolation {}

/__w/_temp/corpus/Sources/_InternalTestSupport/misc.swift:464:28: warning: 'retroactive' attribute does not apply; 'PackageIdentity' is declared in the same package; this is an error in the Swift 6 language mode
462 | extension URL: @retroactive ExpressibleByStringLiteral {}
463 | extension URL: @retroactive ExpressibleByStringInterpolation {}
464 | extension PackageIdentity: @retroactive ExpressibleByStringLiteral {}
    |                            `- warning: 'retroactive' attribute does not apply; 'PackageIdentity' is declared in the same package; this is an error in the Swift 6 language mode
465 | extension PackageIdentity: @retroactive ExpressibleByStringInterpolation {}
466 | extension AbsolutePath: @retroactive ExpressibleByStringLiteral {}

/__w/_temp/corpus/Sources/_InternalTestSupport/misc.swift:465:28: warning: 'retroactive' attribute does not apply; 'PackageIdentity' is declared in the same package; this is an error in the Swift 6 language mode
463 | extension URL: @retroactive ExpressibleByStringInterpolation {}
464 | extension PackageIdentity: @retroactive ExpressibleByStringLiteral {}
465 | extension PackageIdentity: @retroactive ExpressibleByStringInterpolation {}
    |                            `- warning: 'retroactive' attribute does not apply; 'PackageIdentity' is declared in the same package; this is an error in the Swift 6 language mode
466 | extension AbsolutePath: @retroactive ExpressibleByStringLiteral {}
467 | extension AbsolutePath: @retroactive ExpressibleByStringInterpolation {}

/__w/_temp/corpus/Sources/_InternalTestSupport/misc.swift:466:25: warning: 'retroactive' attribute does not apply; 'AbsolutePath' is declared in the same package; this is an error in the Swift 6 language mode
464 | extension PackageIdentity: @retroactive ExpressibleByStringLiteral {}
465 | extension PackageIdentity: @retroactive ExpressibleByStringInterpolation {}
466 | extension AbsolutePath: @retroactive ExpressibleByStringLiteral {}
    |                         `- warning: 'retroactive' attribute does not apply; 'AbsolutePath' is declared in the same package; this is an error in the Swift 6 language mode
467 | extension AbsolutePath: @retroactive ExpressibleByStringInterpolation {}
468 | #endif

/__w/_temp/corpus/Sources/_InternalTestSupport/misc.swift:467:25: warning: 'retroactive' attribute does not apply; 'AbsolutePath' is declared in the same package; this is an error in the Swift 6 language mode
465 | extension PackageIdentity: @retroactive ExpressibleByStringInterpolation {}
466 | extension AbsolutePath: @retroactive ExpressibleByStringLiteral {}
467 | extension AbsolutePath: @retroactive ExpressibleByStringInterpolation {}
    |                         `- warning: 'retroactive' attribute does not apply; 'AbsolutePath' is declared in the same package; this is an error in the Swift 6 language mode
468 | #endif
469 | 
[1933/2009] Compiling _InternalTestSupport SwiftPMProduct.swift
/__w/_temp/corpus/Sources/_InternalTestSupport/misc.swift:460:25: warning: 'retroactive' attribute does not apply; 'RelativePath' is declared in the same package; this is an error in the Swift 6 language mode
458 | extension AbsolutePath: ExpressibleByStringInterpolation {}
459 | #else
460 | extension RelativePath: @retroactive ExpressibleByStringLiteral {}
    |                         `- warning: 'retroactive' attribute does not apply; 'RelativePath' is declared in the same package; this is an error in the Swift 6 language mode
461 | extension RelativePath: @retroactive ExpressibleByStringInterpolation {}
462 | extension URL: @retroactive ExpressibleByStringLiteral {}

/__w/_temp/corpus/Sources/_InternalTestSupport/misc.swift:461:25: warning: 'retroactive' attribute does not apply; 'RelativePath' is declared in the same package; this is an error in the Swift 6 language mode
459 | #else
460 | extension RelativePath: @retroactive ExpressibleByStringLiteral {}
461 | extension RelativePath: @retroactive ExpressibleByStringInterpolation {}
    |                         `- warning: 'retroactive' attribute does not apply; 'RelativePath' is declared in the same package; this is an error in the Swift 6 language mode
462 | extension URL: @retroactive ExpressibleByStringLiteral {}
463 | extension URL: @retroactive ExpressibleByStringInterpolation {}

/__w/_temp/corpus/Sources/_InternalTestSupport/misc.swift:464:28: warning: 'retroactive' attribute does not apply; 'PackageIdentity' is declared in the same package; this is an error in the Swift 6 language mode
462 | extension URL: @retroactive ExpressibleByStringLiteral {}
463 | extension URL: @retroactive ExpressibleByStringInterpolation {}
464 | extension PackageIdentity: @retroactive ExpressibleByStringLiteral {}
    |                            `- warning: 'retroactive' attribute does not apply; 'PackageIdentity' is declared in the same package; this is an error in the Swift 6 language mode
465 | extension PackageIdentity: @retroactive ExpressibleByStringInterpolation {}
466 | extension AbsolutePath: @retroactive ExpressibleByStringLiteral {}

/__w/_temp/corpus/Sources/_InternalTestSupport/misc.swift:465:28: warning: 'retroactive' attribute does not apply; 'PackageIdentity' is declared in the same package; this is an error in the Swift 6 language mode
463 | extension URL: @retroactive ExpressibleByStringInterpolation {}
464 | extension PackageIdentity: @retroactive ExpressibleByStringLiteral {}
465 | extension PackageIdentity: @retroactive ExpressibleByStringInterpolation {}
    |                            `- warning: 'retroactive' attribute does not apply; 'PackageIdentity' is declared in the same package; this is an error in the Swift 6 language mode
466 | extension AbsolutePath: @retroactive ExpressibleByStringLiteral {}
467 | extension AbsolutePath: @retroactive ExpressibleByStringInterpolation {}

/__w/_temp/corpus/Sources/_InternalTestSupport/misc.swift:466:25: warning: 'retroactive' attribute does not apply; 'AbsolutePath' is declared in the same package; this is an error in the Swift 6 language mode
464 | extension PackageIdentity: @retroactive ExpressibleByStringLiteral {}
465 | extension PackageIdentity: @retroactive ExpressibleByStringInterpolation {}
466 | extension AbsolutePath: @retroactive ExpressibleByStringLiteral {}
    |                         `- warning: 'retroactive' attribute does not apply; 'AbsolutePath' is declared in the same package; this is an error in the Swift 6 language mode
467 | extension AbsolutePath: @retroactive ExpressibleByStringInterpolation {}
468 | #endif

/__w/_temp/corpus/Sources/_InternalTestSupport/misc.swift:467:25: warning: 'retroactive' attribute does not apply; 'AbsolutePath' is declared in the same package; this is an error in the Swift 6 language mode
465 | extension PackageIdentity: @retroactive ExpressibleByStringInterpolation {}
466 | extension AbsolutePath: @retroactive ExpressibleByStringLiteral {}
467 | extension AbsolutePath: @retroactive ExpressibleByStringInterpolation {}
    |                         `- warning: 'retroactive' attribute does not apply; 'AbsolutePath' is declared in the same package; this is an error in the Swift 6 language mode
468 | #endif
469 | 
[1934/2009] Compiling _InternalTestSupport Toolchain.swift
/__w/_temp/corpus/Sources/_InternalTestSupport/misc.swift:460:25: warning: 'retroactive' attribute does not apply; 'RelativePath' is declared in the same package; this is an error in the Swift 6 language mode
458 | extension AbsolutePath: ExpressibleByStringInterpolation {}
459 | #else
460 | extension RelativePath: @retroactive ExpressibleByStringLiteral {}
    |                         `- warning: 'retroactive' attribute does not apply; 'RelativePath' is declared in the same package; this is an error in the Swift 6 language mode
461 | extension RelativePath: @retroactive ExpressibleByStringInterpolation {}
462 | extension URL: @retroactive ExpressibleByStringLiteral {}

/__w/_temp/corpus/Sources/_InternalTestSupport/misc.swift:461:25: warning: 'retroactive' attribute does not apply; 'RelativePath' is declared in the same package; this is an error in the Swift 6 language mode
459 | #else
460 | extension RelativePath: @retroactive ExpressibleByStringLiteral {}
461 | extension RelativePath: @retroactive ExpressibleByStringInterpolation {}
    |                         `- warning: 'retroactive' attribute does not apply; 'RelativePath' is declared in the same package; this is an error in the Swift 6 language mode
462 | extension URL: @retroactive ExpressibleByStringLiteral {}
463 | extension URL: @retroactive ExpressibleByStringInterpolation {}

/__w/_temp/corpus/Sources/_InternalTestSupport/misc.swift:464:28: warning: 'retroactive' attribute does not apply; 'PackageIdentity' is declared in the same package; this is an error in the Swift 6 language mode
462 | extension URL: @retroactive ExpressibleByStringLiteral {}
463 | extension URL: @retroactive ExpressibleByStringInterpolation {}
464 | extension PackageIdentity: @retroactive ExpressibleByStringLiteral {}
    |                            `- warning: 'retroactive' attribute does not apply; 'PackageIdentity' is declared in the same package; this is an error in the Swift 6 language mode
465 | extension PackageIdentity: @retroactive ExpressibleByStringInterpolation {}
466 | extension AbsolutePath: @retroactive ExpressibleByStringLiteral {}

/__w/_temp/corpus/Sources/_InternalTestSupport/misc.swift:465:28: warning: 'retroactive' attribute does not apply; 'PackageIdentity' is declared in the same package; this is an error in the Swift 6 language mode
463 | extension URL: @retroactive ExpressibleByStringInterpolation {}
464 | extension PackageIdentity: @retroactive ExpressibleByStringLiteral {}
465 | extension PackageIdentity: @retroactive ExpressibleByStringInterpolation {}
    |                            `- warning: 'retroactive' attribute does not apply; 'PackageIdentity' is declared in the same package; this is an error in the Swift 6 language mode
466 | extension AbsolutePath: @retroactive ExpressibleByStringLiteral {}
467 | extension AbsolutePath: @retroactive ExpressibleByStringInterpolation {}

/__w/_temp/corpus/Sources/_InternalTestSupport/misc.swift:466:25: warning: 'retroactive' attribute does not apply; 'AbsolutePath' is declared in the same package; this is an error in the Swift 6 language mode
464 | extension PackageIdentity: @retroactive ExpressibleByStringLiteral {}
465 | extension PackageIdentity: @retroactive ExpressibleByStringInterpolation {}
466 | extension AbsolutePath: @retroactive ExpressibleByStringLiteral {}
    |                         `- warning: 'retroactive' attribute does not apply; 'AbsolutePath' is declared in the same package; this is an error in the Swift 6 language mode
467 | extension AbsolutePath: @retroactive ExpressibleByStringInterpolation {}
468 | #endif

/__w/_temp/corpus/Sources/_InternalTestSupport/misc.swift:467:25: warning: 'retroactive' attribute does not apply; 'AbsolutePath' is declared in the same package; this is an error in the Swift 6 language mode
465 | extension PackageIdentity: @retroactive ExpressibleByStringInterpolation {}
466 | extension AbsolutePath: @retroactive ExpressibleByStringLiteral {}
467 | extension AbsolutePath: @retroactive ExpressibleByStringInterpolation {}
    |                         `- warning: 'retroactive' attribute does not apply; 'AbsolutePath' is declared in the same package; this is an error in the Swift 6 language mode
468 | #endif
469 | 
[1935/2009] Compiling _InternalTestSupport XCTAssertHelpers.swift
/__w/_temp/corpus/Sources/_InternalTestSupport/misc.swift:460:25: warning: 'retroactive' attribute does not apply; 'RelativePath' is declared in the same package; this is an error in the Swift 6 language mode
458 | extension AbsolutePath: ExpressibleByStringInterpolation {}
459 | #else
460 | extension RelativePath: @retroactive ExpressibleByStringLiteral {}
    |                         `- warning: 'retroactive' attribute does not apply; 'RelativePath' is declared in the same package; this is an error in the Swift 6 language mode
461 | extension RelativePath: @retroactive ExpressibleByStringInterpolation {}
462 | extension URL: @retroactive ExpressibleByStringLiteral {}

/__w/_temp/corpus/Sources/_InternalTestSupport/misc.swift:461:25: warning: 'retroactive' attribute does not apply; 'RelativePath' is declared in the same package; this is an error in the Swift 6 language mode
459 | #else
460 | extension RelativePath: @retroactive ExpressibleByStringLiteral {}
461 | extension RelativePath: @retroactive ExpressibleByStringInterpolation {}
    |                         `- warning: 'retroactive' attribute does not apply; 'RelativePath' is declared in the same package; this is an error in the Swift 6 language mode
462 | extension URL: @retroactive ExpressibleByStringLiteral {}
463 | extension URL: @retroactive ExpressibleByStringInterpolation {}

/__w/_temp/corpus/Sources/_InternalTestSupport/misc.swift:464:28: warning: 'retroactive' attribute does not apply; 'PackageIdentity' is declared in the same package; this is an error in the Swift 6 language mode
462 | extension URL: @retroactive ExpressibleByStringLiteral {}
463 | extension URL: @retroactive ExpressibleByStringInterpolation {}
464 | extension PackageIdentity: @retroactive ExpressibleByStringLiteral {}
    |                            `- warning: 'retroactive' attribute does not apply; 'PackageIdentity' is declared in the same package; this is an error in the Swift 6 language mode
465 | extension PackageIdentity: @retroactive ExpressibleByStringInterpolation {}
466 | extension AbsolutePath: @retroactive ExpressibleByStringLiteral {}

/__w/_temp/corpus/Sources/_InternalTestSupport/misc.swift:465:28: warning: 'retroactive' attribute does not apply; 'PackageIdentity' is declared in the same package; this is an error in the Swift 6 language mode
463 | extension URL: @retroactive ExpressibleByStringInterpolation {}
464 | extension PackageIdentity: @retroactive ExpressibleByStringLiteral {}
465 | extension PackageIdentity: @retroactive ExpressibleByStringInterpolation {}
    |                            `- warning: 'retroactive' attribute does not apply; 'PackageIdentity' is declared in the same package; this is an error in the Swift 6 language mode
466 | extension AbsolutePath: @retroactive ExpressibleByStringLiteral {}
467 | extension AbsolutePath: @retroactive ExpressibleByStringInterpolation {}

/__w/_temp/corpus/Sources/_InternalTestSupport/misc.swift:466:25: warning: 'retroactive' attribute does not apply; 'AbsolutePath' is declared in the same package; this is an error in the Swift 6 language mode
464 | extension PackageIdentity: @retroactive ExpressibleByStringLiteral {}
465 | extension PackageIdentity: @retroactive ExpressibleByStringInterpolation {}
466 | extension AbsolutePath: @retroactive ExpressibleByStringLiteral {}
    |                         `- warning: 'retroactive' attribute does not apply; 'AbsolutePath' is declared in the same package; this is an error in the Swift 6 language mode
467 | extension AbsolutePath: @retroactive ExpressibleByStringInterpolation {}
468 | #endif

/__w/_temp/corpus/Sources/_InternalTestSupport/misc.swift:467:25: warning: 'retroactive' attribute does not apply; 'AbsolutePath' is declared in the same package; this is an error in the Swift 6 language mode
465 | extension PackageIdentity: @retroactive ExpressibleByStringInterpolation {}
466 | extension AbsolutePath: @retroactive ExpressibleByStringLiteral {}
467 | extension AbsolutePath: @retroactive ExpressibleByStringInterpolation {}
    |                         `- warning: 'retroactive' attribute does not apply; 'AbsolutePath' is declared in the same package; this is an error in the Swift 6 language mode
468 | #endif
469 | 
[1936/2009] Compiling _InternalTestSupport XCTSkipHelpers.swift
/__w/_temp/corpus/Sources/_InternalTestSupport/misc.swift:460:25: warning: 'retroactive' attribute does not apply; 'RelativePath' is declared in the same package; this is an error in the Swift 6 language mode
458 | extension AbsolutePath: ExpressibleByStringInterpolation {}
459 | #else
460 | extension RelativePath: @retroactive ExpressibleByStringLiteral {}
    |                         `- warning: 'retroactive' attribute does not apply; 'RelativePath' is declared in the same package; this is an error in the Swift 6 language mode
461 | extension RelativePath: @retroactive ExpressibleByStringInterpolation {}
462 | extension URL: @retroactive ExpressibleByStringLiteral {}

/__w/_temp/corpus/Sources/_InternalTestSupport/misc.swift:461:25: warning: 'retroactive' attribute does not apply; 'RelativePath' is declared in the same package; this is an error in the Swift 6 language mode
459 | #else
460 | extension RelativePath: @retroactive ExpressibleByStringLiteral {}
461 | extension RelativePath: @retroactive ExpressibleByStringInterpolation {}
    |                         `- warning: 'retroactive' attribute does not apply; 'RelativePath' is declared in the same package; this is an error in the Swift 6 language mode
462 | extension URL: @retroactive ExpressibleByStringLiteral {}
463 | extension URL: @retroactive ExpressibleByStringInterpolation {}

/__w/_temp/corpus/Sources/_InternalTestSupport/misc.swift:464:28: warning: 'retroactive' attribute does not apply; 'PackageIdentity' is declared in the same package; this is an error in the Swift 6 language mode
462 | extension URL: @retroactive ExpressibleByStringLiteral {}
463 | extension URL: @retroactive ExpressibleByStringInterpolation {}
464 | extension PackageIdentity: @retroactive ExpressibleByStringLiteral {}
    |                            `- warning: 'retroactive' attribute does not apply; 'PackageIdentity' is declared in the same package; this is an error in the Swift 6 language mode
465 | extension PackageIdentity: @retroactive ExpressibleByStringInterpolation {}
466 | extension AbsolutePath: @retroactive ExpressibleByStringLiteral {}

/__w/_temp/corpus/Sources/_InternalTestSupport/misc.swift:465:28: warning: 'retroactive' attribute does not apply; 'PackageIdentity' is declared in the same package; this is an error in the Swift 6 language mode
463 | extension URL: @retroactive ExpressibleByStringInterpolation {}
464 | extension PackageIdentity: @retroactive ExpressibleByStringLiteral {}
465 | extension PackageIdentity: @retroactive ExpressibleByStringInterpolation {}
    |                            `- warning: 'retroactive' attribute does not apply; 'PackageIdentity' is declared in the same package; this is an error in the Swift 6 language mode
466 | extension AbsolutePath: @retroactive ExpressibleByStringLiteral {}
467 | extension AbsolutePath: @retroactive ExpressibleByStringInterpolation {}

/__w/_temp/corpus/Sources/_InternalTestSupport/misc.swift:466:25: warning: 'retroactive' attribute does not apply; 'AbsolutePath' is declared in the same package; this is an error in the Swift 6 language mode
464 | extension PackageIdentity: @retroactive ExpressibleByStringLiteral {}
465 | extension PackageIdentity: @retroactive ExpressibleByStringInterpolation {}
466 | extension AbsolutePath: @retroactive ExpressibleByStringLiteral {}
    |                         `- warning: 'retroactive' attribute does not apply; 'AbsolutePath' is declared in the same package; this is an error in the Swift 6 language mode
467 | extension AbsolutePath: @retroactive ExpressibleByStringInterpolation {}
468 | #endif

/__w/_temp/corpus/Sources/_InternalTestSupport/misc.swift:467:25: warning: 'retroactive' attribute does not apply; 'AbsolutePath' is declared in the same package; this is an error in the Swift 6 language mode
465 | extension PackageIdentity: @retroactive ExpressibleByStringInterpolation {}
466 | extension AbsolutePath: @retroactive ExpressibleByStringLiteral {}
467 | extension AbsolutePath: @retroactive ExpressibleByStringInterpolation {}
    |                         `- warning: 'retroactive' attribute does not apply; 'AbsolutePath' is declared in the same package; this is an error in the Swift 6 language mode
468 | #endif
469 | 
[1937/2009] Compiling _InternalTestSupport misc.swift
/__w/_temp/corpus/Sources/_InternalTestSupport/misc.swift:460:25: warning: 'retroactive' attribute does not apply; 'RelativePath' is declared in the same package; this is an error in the Swift 6 language mode
458 | extension AbsolutePath: ExpressibleByStringInterpolation {}
459 | #else
460 | extension RelativePath: @retroactive ExpressibleByStringLiteral {}
    |                         `- warning: 'retroactive' attribute does not apply; 'RelativePath' is declared in the same package; this is an error in the Swift 6 language mode
461 | extension RelativePath: @retroactive ExpressibleByStringInterpolation {}
462 | extension URL: @retroactive ExpressibleByStringLiteral {}

/__w/_temp/corpus/Sources/_InternalTestSupport/misc.swift:461:25: warning: 'retroactive' attribute does not apply; 'RelativePath' is declared in the same package; this is an error in the Swift 6 language mode
459 | #else
460 | extension RelativePath: @retroactive ExpressibleByStringLiteral {}
461 | extension RelativePath: @retroactive ExpressibleByStringInterpolation {}
    |                         `- warning: 'retroactive' attribute does not apply; 'RelativePath' is declared in the same package; this is an error in the Swift 6 language mode
462 | extension URL: @retroactive ExpressibleByStringLiteral {}
463 | extension URL: @retroactive ExpressibleByStringInterpolation {}

/__w/_temp/corpus/Sources/_InternalTestSupport/misc.swift:464:28: warning: 'retroactive' attribute does not apply; 'PackageIdentity' is declared in the same package; this is an error in the Swift 6 language mode
462 | extension URL: @retroactive ExpressibleByStringLiteral {}
463 | extension URL: @retroactive ExpressibleByStringInterpolation {}
464 | extension PackageIdentity: @retroactive ExpressibleByStringLiteral {}
    |                            `- warning: 'retroactive' attribute does not apply; 'PackageIdentity' is declared in the same package; this is an error in the Swift 6 language mode
465 | extension PackageIdentity: @retroactive ExpressibleByStringInterpolation {}
466 | extension AbsolutePath: @retroactive ExpressibleByStringLiteral {}

/__w/_temp/corpus/Sources/_InternalTestSupport/misc.swift:465:28: warning: 'retroactive' attribute does not apply; 'PackageIdentity' is declared in the same package; this is an error in the Swift 6 language mode
463 | extension URL: @retroactive ExpressibleByStringInterpolation {}
464 | extension PackageIdentity: @retroactive ExpressibleByStringLiteral {}
465 | extension PackageIdentity: @retroactive ExpressibleByStringInterpolation {}
    |                            `- warning: 'retroactive' attribute does not apply; 'PackageIdentity' is declared in the same package; this is an error in the Swift 6 language mode
466 | extension AbsolutePath: @retroactive ExpressibleByStringLiteral {}
467 | extension AbsolutePath: @retroactive ExpressibleByStringInterpolation {}

/__w/_temp/corpus/Sources/_InternalTestSupport/misc.swift:466:25: warning: 'retroactive' attribute does not apply; 'AbsolutePath' is declared in the same package; this is an error in the Swift 6 language mode
464 | extension PackageIdentity: @retroactive ExpressibleByStringLiteral {}
465 | extension PackageIdentity: @retroactive ExpressibleByStringInterpolation {}
466 | extension AbsolutePath: @retroactive ExpressibleByStringLiteral {}
    |                         `- warning: 'retroactive' attribute does not apply; 'AbsolutePath' is declared in the same package; this is an error in the Swift 6 language mode
467 | extension AbsolutePath: @retroactive ExpressibleByStringInterpolation {}
468 | #endif

/__w/_temp/corpus/Sources/_InternalTestSupport/misc.swift:467:25: warning: 'retroactive' attribute does not apply; 'AbsolutePath' is declared in the same package; this is an error in the Swift 6 language mode
465 | extension PackageIdentity: @retroactive ExpressibleByStringInterpolation {}
466 | extension AbsolutePath: @retroactive ExpressibleByStringLiteral {}
467 | extension AbsolutePath: @retroactive ExpressibleByStringInterpolation {}
    |                         `- warning: 'retroactive' attribute does not apply; 'AbsolutePath' is declared in the same package; this is an error in the Swift 6 language mode
468 | #endif
469 | 
[1937/2009] Wrapping AST for package-info for debugging
[1942/2009] Wrapping AST for Workspace for debugging
[1943/2009] Write Objects.LinkFileList
[1945/2009] Compiling CoreCommands Options.swift
/__w/_temp/corpus/Sources/CoreCommands/Options.swift:791:31: warning: 'retroactive' attribute does not apply; 'BuildConfiguration' is declared in the same package; this is an error in the Swift 6 language mode
789 | extension URL: ExpressibleByArgument {}
790 | #else
791 | extension BuildConfiguration: @retroactive ExpressibleByArgument, CaseIterable {}
    |                               `- warning: 'retroactive' attribute does not apply; 'BuildConfiguration' is declared in the same package; this is an error in the Swift 6 language mode
792 | extension AbsolutePath: @retroactive ExpressibleByArgument {}
793 | extension WorkspaceConfiguration.CheckingMode: @retroactive ExpressibleByArgument {}

/__w/_temp/corpus/Sources/CoreCommands/Options.swift:791:67: warning: conformance of 'BuildConfiguration' to protocol 'CaseIterable' was already stated in the type's module 'PackageModel'
789 | extension URL: ExpressibleByArgument {}
790 | #else
791 | extension BuildConfiguration: @retroactive ExpressibleByArgument, CaseIterable {}
    |                                                                   `- warning: conformance of 'BuildConfiguration' to protocol 'CaseIterable' was already stated in the type's module 'PackageModel'
792 | extension AbsolutePath: @retroactive ExpressibleByArgument {}
793 | extension WorkspaceConfiguration.CheckingMode: @retroactive ExpressibleByArgument {}

/__w/_temp/corpus/Sources/PackageModel/BuildConfiguration.swift:14:13: note: 'BuildConfiguration' declares conformance to protocol 'CaseIterable' here
12 | 
13 | /// The configuration of the build environment.
14 | public enum BuildConfiguration: String, CaseIterable, Encodable, Sendable {
   |             `- note: 'BuildConfiguration' declares conformance to protocol 'CaseIterable' here
15 |     case debug
16 |     case release

/__w/_temp/corpus/Sources/CoreCommands/Options.swift:792:25: warning: 'retroactive' attribute does not apply; 'AbsolutePath' is declared in the same package; this is an error in the Swift 6 language mode
790 | #else
791 | extension BuildConfiguration: @retroactive ExpressibleByArgument, CaseIterable {}
792 | extension AbsolutePath: @retroactive ExpressibleByArgument {}
    |                         `- warning: 'retroactive' attribute does not apply; 'AbsolutePath' is declared in the same package; this is an error in the Swift 6 language mode
793 | extension WorkspaceConfiguration.CheckingMode: @retroactive ExpressibleByArgument {}
794 | extension Sanitizer: @retroactive ExpressibleByArgument {}

/__w/_temp/corpus/Sources/CoreCommands/Options.swift:793:48: warning: 'retroactive' attribute does not apply; 'CheckingMode' is declared in the same package; this is an error in the Swift 6 language mode
791 | extension BuildConfiguration: @retroactive ExpressibleByArgument, CaseIterable {}
792 | extension AbsolutePath: @retroactive ExpressibleByArgument {}
793 | extension WorkspaceConfiguration.CheckingMode: @retroactive ExpressibleByArgument {}
    |                                                `- warning: 'retroactive' attribute does not apply; 'CheckingMode' is declared in the same package; this is an error in the Swift 6 language mode
794 | extension Sanitizer: @retroactive ExpressibleByArgument {}
795 | extension BuildSystemProvider.Kind: @retroactive ExpressibleByArgument, CaseIterable {}

/__w/_temp/corpus/Sources/CoreCommands/Options.swift:794:22: warning: 'retroactive' attribute does not apply; 'Sanitizer' is declared in the same package; this is an error in the Swift 6 language mode
792 | extension AbsolutePath: @retroactive ExpressibleByArgument {}
793 | extension WorkspaceConfiguration.CheckingMode: @retroactive ExpressibleByArgument {}
794 | extension Sanitizer: @retroactive ExpressibleByArgument {}
    |                      `- warning: 'retroactive' attribute does not apply; 'Sanitizer' is declared in the same package; this is an error in the Swift 6 language mode
795 | extension BuildSystemProvider.Kind: @retroactive ExpressibleByArgument, CaseIterable {}
796 | extension Version: @retroactive ExpressibleByArgument {}

/__w/_temp/corpus/Sources/CoreCommands/Options.swift:795:37: warning: 'retroactive' attribute does not apply; 'Kind' is declared in the same package; this is an error in the Swift 6 language mode
793 | extension WorkspaceConfiguration.CheckingMode: @retroactive ExpressibleByArgument {}
794 | extension Sanitizer: @retroactive ExpressibleByArgument {}
795 | extension BuildSystemProvider.Kind: @retroactive ExpressibleByArgument, CaseIterable {}
    |                                     `- warning: 'retroactive' attribute does not apply; 'Kind' is declared in the same package; this is an error in the Swift 6 language mode
796 | extension Version: @retroactive ExpressibleByArgument {}
797 | extension PackageIdentity: @retroactive ExpressibleByArgument {}

/__w/_temp/corpus/Sources/CoreCommands/Options.swift:795:73: warning: conformance of 'BuildSystemProvider.Kind' to protocol 'CaseIterable' was already stated in the type's module 'SPMBuildCore'
793 | extension WorkspaceConfiguration.CheckingMode: @retroactive ExpressibleByArgument {}
794 | extension Sanitizer: @retroactive ExpressibleByArgument {}
795 | extension BuildSystemProvider.Kind: @retroactive ExpressibleByArgument, CaseIterable {}
    |                                                                         `- warning: conformance of 'BuildSystemProvider.Kind' to protocol 'CaseIterable' was already stated in the type's module 'SPMBuildCore'
796 | extension Version: @retroactive ExpressibleByArgument {}
797 | extension PackageIdentity: @retroactive ExpressibleByArgument {}

/__w/_temp/corpus/Sources/SPMBuildCore/BuildSystem/BuildSystem.swift:131:17: note: 'BuildSystemProvider.Kind' declares conformance to protocol 'CaseIterable' here
129 | public struct BuildSystemProvider {
130 |     // TODO: In the future, we may want this to be about specific capabilities of a build system rather than choosing a concrete one.
131 |     public enum Kind: String, CaseIterable {
    |                 `- note: 'BuildSystemProvider.Kind' declares conformance to protocol 'CaseIterable' here
132 |         case native
133 |         case xcode

/__w/_temp/corpus/Sources/CoreCommands/Options.swift:797:28: warning: 'retroactive' attribute does not apply; 'PackageIdentity' is declared in the same package; this is an error in the Swift 6 language mode
795 | extension BuildSystemProvider.Kind: @retroactive ExpressibleByArgument, CaseIterable {}
796 | extension Version: @retroactive ExpressibleByArgument {}
797 | extension PackageIdentity: @retroactive ExpressibleByArgument {}
    |                            `- warning: 'retroactive' attribute does not apply; 'PackageIdentity' is declared in the same package; this is an error in the Swift 6 language mode
798 | extension URL: @retroactive ExpressibleByArgument {}
799 | #endif
[1947/2020] Compiling _InternalTestSupport MockProduct.swift
[1948/2020] Compiling _InternalTestSupport MockRegistry.swift
[1949/2020] Compiling _InternalTestSupport MockTarget.swift
[1950/2020] Compiling _InternalTestSupport MockWorkspace.swift
[1951/2020] Compiling _InternalTestSupport Observability.swift
[1952/2020] Compiling _InternalTestSupport PIFTester.swift
[1953/2020] Compiling _InternalTestSupport PackageDependencyDescriptionExtensions.swift
[1954/2020] Compiling SwiftSDKCommand RemoveSwiftSDK.swift
[1955/2020] Compiling SwiftParserDiagnostics ParserDiagnosticMessages.swift
[1959/2020] Compiling _InternalTestSupport MockPackageGraphs.swift
[1960/2020] Compiling _InternalTestSupport MockPackageSigningEntityStorage.swift
[1961/2021] Emitting module SwiftSDKCommand
[1963/2023] Compiling SwiftSDKCommand ListSwiftSDKs.swift
[1965/2023] Compiling SwiftSDKCommand SwiftSDKCommand.swift
[1966/2023] Compiling SwiftSDKCommand DeprecatedSwiftSDKConfigurationCommand.swift
[1967/2023] Compiling SwiftSDKCommand ResetConfiguration.swift
[1968/2023] Compiling SwiftSDKCommand InstallSwiftSDK.swift
[1968/2023] Write Objects.LinkFileList
[1970/2024] Wrapping AST for SwiftParser for debugging
[1972/2024] Compiling SwiftSDKCommand ConfigurationSubcommand.swift
[1976/2024] Compiling SwiftSDKCommand SwiftSDKSubcommand.swift
[1977/2036] Compiling SwiftSyntaxBuilder Syntax+StringInterpolation.swift
[1978/2036] Compiling SwiftSyntaxBuilder SyntaxNodeWithBody.swift
[1979/2037] Compiling SwiftSyntaxBuilder SyntaxParsable+ExpressibleByStringInterpolation.swift
[1979/2037] Linking swift-build-prebuilts
[1981/2037] Compiling SwiftSyntaxBuilder ConvenienceInitializers.swift
[1982/2037] Compiling SwiftSyntaxBuilder DeclSyntaxParseable.swift
[1983/2037] Compiling SwiftSyntaxBuilder Indenter.swift
[1983/2038] Wrapping AST for SwiftParserDiagnostics for debugging
[1985/2038] Wrapping AST for SwiftIDEUtils for debugging
[1986/2038] Wrapping AST for SwiftSDKCommand for debugging
[1987/2038] Wrapping AST for CoreCommands for debugging
[1992/2038] Compiling SwiftSyntaxBuilder ListBuilder.swift
[1993/2041] Emitting module SwiftSyntaxBuilder
[1995/2041] Compiling SwiftSyntaxBuilder ValidatingSyntaxNodes.swift
[1996/2041] Compiling SwiftSyntaxBuilder WithTrailingCommaSyntax+EnsuringTrailingComma.swift
[1997/2041] Compiling SwiftSyntaxBuilder BuildableNodes.swift
[1998/2041] Compiling SwiftSyntaxBuilder ResultBuilderExtensions.swift
[1999/2041] Compiling SwiftSyntaxBuilder SwiftSyntaxBuilderCompatibility.swift
[2001/2041] Linking package-info
[2003/2041] Compiling SwiftSyntaxBuilder RenamedChildrenBuilderCompatibility.swift
[2004/2041] Compiling SwiftSyntaxBuilder ResultBuilders.swift
[2005/2041] Compiling SwiftSyntaxBuilder SyntaxExpressibleByStringInterpolationConformances.swift
[2006/2042] Wrapping AST for SwiftSyntaxBuilder for debugging
[2008/2052] Emitting module PackageModelSyntax
[2009/2054] Compiling PackageModelSyntax AddTargetDependency.swift
[2010/2054] Compiling PackageModelSyntax ManifestEditError.swift
[2011/2054] Compiling PackageModelSyntax ManifestSyntaxRepresentable.swift
[2012/2054] Compiling PackageModelSyntax PackageDependency+Syntax.swift
[2013/2054] Compiling PackageModelSyntax PackageEditResult.swift
[2014/2054] Compiling PackageModelSyntax ProductDescription+Syntax.swift
[2015/2054] Compiling PackageModelSyntax AddPackageDependency.swift
[2016/2054] Compiling PackageModelSyntax AddProduct.swift
[2017/2054] Compiling PackageModelSyntax AddTarget.swift
[2018/2054] Compiling PackageModelSyntax SyntaxEditUtils.swift
[2019/2054] Compiling PackageModelSyntax TargetDescription+Syntax.swift
[2020/2055] Wrapping AST for PackageModelSyntax for debugging
[2021/2055] Write Objects.LinkFileList
[2024/2091] Emitting module Commands
/__w/_temp/corpus/Sources/Commands/PackageCommands/Init.swift:91:36: warning: 'retroactive' attribute does not apply; 'PackageType' is declared in the same package; this is an error in the Swift 6 language mode
89 | extension InitPackage.PackageType: ExpressibleByArgument {}
90 | #else
91 | extension InitPackage.PackageType: @retroactive ExpressibleByArgument {}
   |                                    `- warning: 'retroactive' attribute does not apply; 'PackageType' is declared in the same package; this is an error in the Swift 6 language mode
92 | #endif
93 | 

/__w/_temp/corpus/Sources/Commands/Snippets/Colorful.swift:47:1: warning: extension declares a conformance of imported type 'Optional' to imported protocol 'CustomStringConvertible'; this will not behave correctly if the owners of 'Swift' introduce this conformance in the future
 45 | }
 46 | 
 47 | extension Optional: CustomStringConvertible where Wrapped: Colorful {
    | |- warning: extension declares a conformance of imported type 'Optional' to imported protocol 'CustomStringConvertible'; this will not behave correctly if the owners of 'Swift' introduce this conformance in the future
    | `- note: add '@retroactive' to silence this warning
 48 |     public var description: String {
 49 |         return terminalString()
[2024/2102] Linking libSwiftPMDataModel.so
[2025/2102] Linking libSwiftPM.so
[2027/2102] Compiling Commands APIDigester.swift
[2028/2102] Compiling Commands DOTManifestSerializer.swift
[2029/2102] Compiling Commands DependenciesSerializer.swift
[2030/2102] Compiling Commands DescribedPackage.swift
[2031/2102] Compiling Commands MermaidPackageSerializer.swift
[2032/2102] Compiling Commands MultiRootSupport.swift
[2033/2102] Compiling Commands PlainTextEncoder.swift
[2034/2102] Compiling Commands PluginDelegate.swift
[2035/2102] Compiling Commands SymbolGraphExtract.swift
[2036/2102] Compiling Commands TestingSupport.swift
[2037/2102] Compiling Commands XCTEvents.swift
[2038/2102] Compiling Commands CommandWorkspaceDelegate.swift
[2039/2102] Compiling Commands APIDiff.swift
[2040/2102] Compiling Commands AddDependency.swift
[2041/2102] Compiling Commands AddProduct.swift
[2042/2102] Compiling Commands AddTarget.swift
[2043/2102] Compiling Commands AddTargetDependency.swift
[2044/2102] Compiling Commands ArchiveSource.swift
[2045/2102] Compiling Commands CompletionCommand.swift
[2046/2102] Compiling Commands ComputeChecksum.swift
[2047/2102] Compiling Commands Config.swift
[2048/2102] Compiling Commands Describe.swift
[2049/2102] Compiling Commands DumpCommands.swift
[2050/2102] Compiling Commands Update.swift
/__w/_temp/corpus/Sources/Commands/Snippets/Colorful.swift:47:1: warning: extension declares a conformance of imported type 'Optional' to imported protocol 'CustomStringConvertible'; this will not behave correctly if the owners of 'Swift' introduce this conformance in the future
 45 | }
 46 | 
 47 | extension Optional: CustomStringConvertible where Wrapped: Colorful {
    | |- warning: extension declares a conformance of imported type 'Optional' to imported protocol 'CustomStringConvertible'; this will not behave correctly if the owners of 'Swift' introduce this conformance in the future
    | `- note: add '@retroactive' to silence this warning
 48 |     public var description: String {
 49 |         return terminalString()
[2051/2102] Compiling Commands Card.swift
/__w/_temp/corpus/Sources/Commands/Snippets/Colorful.swift:47:1: warning: extension declares a conformance of imported type 'Optional' to imported protocol 'CustomStringConvertible'; this will not behave correctly if the owners of 'Swift' introduce this conformance in the future
 45 | }
 46 | 
 47 | extension Optional: CustomStringConvertible where Wrapped: Colorful {
    | |- warning: extension declares a conformance of imported type 'Optional' to imported protocol 'CustomStringConvertible'; this will not behave correctly if the owners of 'Swift' introduce this conformance in the future
    | `- note: add '@retroactive' to silence this warning
 48 |     public var description: String {
 49 |         return terminalString()
[2052/2102] Compiling Commands CardEvent.swift
/__w/_temp/corpus/Sources/Commands/Snippets/Colorful.swift:47:1: warning: extension declares a conformance of imported type 'Optional' to imported protocol 'CustomStringConvertible'; this will not behave correctly if the owners of 'Swift' introduce this conformance in the future
 45 | }
 46 | 
 47 | extension Optional: CustomStringConvertible where Wrapped: Colorful {
    | |- warning: extension declares a conformance of imported type 'Optional' to imported protocol 'CustomStringConvertible'; this will not behave correctly if the owners of 'Swift' introduce this conformance in the future
    | `- note: add '@retroactive' to silence this warning
 48 |     public var description: String {
 49 |         return terminalString()
[2053/2102] Compiling Commands CardStack.swift
/__w/_temp/corpus/Sources/Commands/Snippets/Colorful.swift:47:1: warning: extension declares a conformance of imported type 'Optional' to imported protocol 'CustomStringConvertible'; this will not behave correctly if the owners of 'Swift' introduce this conformance in the future
 45 | }
 46 | 
 47 | extension Optional: CustomStringConvertible where Wrapped: Colorful {
    | |- warning: extension declares a conformance of imported type 'Optional' to imported protocol 'CustomStringConvertible'; this will not behave correctly if the owners of 'Swift' introduce this conformance in the future
    | `- note: add '@retroactive' to silence this warning
 48 |     public var description: String {
 49 |         return terminalString()
[2054/2102] Compiling Commands SnippetCard.swift
/__w/_temp/corpus/Sources/Commands/Snippets/Colorful.swift:47:1: warning: extension declares a conformance of imported type 'Optional' to imported protocol 'CustomStringConvertible'; this will not behave correctly if the owners of 'Swift' introduce this conformance in the future
 45 | }
 46 | 
 47 | extension Optional: CustomStringConvertible where Wrapped: Colorful {
    | |- warning: extension declares a conformance of imported type 'Optional' to imported protocol 'CustomStringConvertible'; this will not behave correctly if the owners of 'Swift' introduce this conformance in the future
    | `- note: add '@retroactive' to silence this warning
 48 |     public var description: String {
 49 |         return terminalString()
[2055/2102] Compiling Commands SnippetGroupCard.swift
/__w/_temp/corpus/Sources/Commands/Snippets/Colorful.swift:47:1: warning: extension declares a conformance of imported type 'Optional' to imported protocol 'CustomStringConvertible'; this will not behave correctly if the owners of 'Swift' introduce this conformance in the future
 45 | }
 46 | 
 47 | extension Optional: CustomStringConvertible where Wrapped: Colorful {
    | |- warning: extension declares a conformance of imported type 'Optional' to imported protocol 'CustomStringConvertible'; this will not behave correctly if the owners of 'Swift' introduce this conformance in the future
    | `- note: add '@retroactive' to silence this warning
 48 |     public var description: String {
 49 |         return terminalString()
[2056/2102] Compiling Commands TopCard.swift
/__w/_temp/corpus/Sources/Commands/Snippets/Colorful.swift:47:1: warning: extension declares a conformance of imported type 'Optional' to imported protocol 'CustomStringConvertible'; this will not behave correctly if the owners of 'Swift' introduce this conformance in the future
 45 | }
 46 | 
 47 | extension Optional: CustomStringConvertible where Wrapped: Colorful {
    | |- warning: extension declares a conformance of imported type 'Optional' to imported protocol 'CustomStringConvertible'; this will not behave correctly if the owners of 'Swift' introduce this conformance in the future
    | `- note: add '@retroactive' to silence this warning
 48 |     public var description: String {
 49 |         return terminalString()
[2057/2102] Compiling Commands Colorful.swift
/__w/_temp/corpus/Sources/Commands/Snippets/Colorful.swift:47:1: warning: extension declares a conformance of imported type 'Optional' to imported protocol 'CustomStringConvertible'; this will not behave correctly if the owners of 'Swift' introduce this conformance in the future
 45 | }
 46 | 
 47 | extension Optional: CustomStringConvertible where Wrapped: Colorful {
    | |- warning: extension declares a conformance of imported type 'Optional' to imported protocol 'CustomStringConvertible'; this will not behave correctly if the owners of 'Swift' introduce this conformance in the future
    | `- note: add '@retroactive' to silence this warning
 48 |     public var description: String {
 49 |         return terminalString()
[2058/2102] Compiling Commands SwiftBuildCommand.swift
/__w/_temp/corpus/Sources/Commands/Snippets/Colorful.swift:47:1: warning: extension declares a conformance of imported type 'Optional' to imported protocol 'CustomStringConvertible'; this will not behave correctly if the owners of 'Swift' introduce this conformance in the future
 45 | }
 46 | 
 47 | extension Optional: CustomStringConvertible where Wrapped: Colorful {
    | |- warning: extension declares a conformance of imported type 'Optional' to imported protocol 'CustomStringConvertible'; this will not behave correctly if the owners of 'Swift' introduce this conformance in the future
    | `- note: add '@retroactive' to silence this warning
 48 |     public var description: String {
 49 |         return terminalString()
[2059/2102] Compiling Commands SwiftRunCommand.swift
/__w/_temp/corpus/Sources/Commands/Snippets/Colorful.swift:47:1: warning: extension declares a conformance of imported type 'Optional' to imported protocol 'CustomStringConvertible'; this will not behave correctly if the owners of 'Swift' introduce this conformance in the future
 45 | }
 46 | 
 47 | extension Optional: CustomStringConvertible where Wrapped: Colorful {
    | |- warning: extension declares a conformance of imported type 'Optional' to imported protocol 'CustomStringConvertible'; this will not behave correctly if the owners of 'Swift' introduce this conformance in the future
    | `- note: add '@retroactive' to silence this warning
 48 |     public var description: String {
 49 |         return terminalString()
[2060/2102] Compiling Commands SwiftTestCommand.swift
/__w/_temp/corpus/Sources/Commands/Snippets/Colorful.swift:47:1: warning: extension declares a conformance of imported type 'Optional' to imported protocol 'CustomStringConvertible'; this will not behave correctly if the owners of 'Swift' introduce this conformance in the future
 45 | }
 46 | 
 47 | extension Optional: CustomStringConvertible where Wrapped: Colorful {
    | |- warning: extension declares a conformance of imported type 'Optional' to imported protocol 'CustomStringConvertible'; this will not behave correctly if the owners of 'Swift' introduce this conformance in the future
    | `- note: add '@retroactive' to silence this warning
 48 |     public var description: String {
 49 |         return terminalString()
[2061/2102] Compiling Commands EditCommands.swift
/__w/_temp/corpus/Sources/Commands/PackageCommands/Init.swift:91:36: warning: 'retroactive' attribute does not apply; 'PackageType' is declared in the same package; this is an error in the Swift 6 language mode
89 | extension InitPackage.PackageType: ExpressibleByArgument {}
90 | #else
91 | extension InitPackage.PackageType: @retroactive ExpressibleByArgument {}
   |                                    `- warning: 'retroactive' attribute does not apply; 'PackageType' is declared in the same package; this is an error in the Swift 6 language mode
92 | #endif
93 | 
[2062/2102] Compiling Commands Format.swift
/__w/_temp/corpus/Sources/Commands/PackageCommands/Init.swift:91:36: warning: 'retroactive' attribute does not apply; 'PackageType' is declared in the same package; this is an error in the Swift 6 language mode
89 | extension InitPackage.PackageType: ExpressibleByArgument {}
90 | #else
91 | extension InitPackage.PackageType: @retroactive ExpressibleByArgument {}
   |                                    `- warning: 'retroactive' attribute does not apply; 'PackageType' is declared in the same package; this is an error in the Swift 6 language mode
92 | #endif
93 | 
[2063/2102] Compiling Commands Init.swift
/__w/_temp/corpus/Sources/Commands/PackageCommands/Init.swift:91:36: warning: 'retroactive' attribute does not apply; 'PackageType' is declared in the same package; this is an error in the Swift 6 language mode
89 | extension InitPackage.PackageType: ExpressibleByArgument {}
90 | #else
91 | extension InitPackage.PackageType: @retroactive ExpressibleByArgument {}
   |                                    `- warning: 'retroactive' attribute does not apply; 'PackageType' is declared in the same package; this is an error in the Swift 6 language mode
92 | #endif
93 | 
[2064/2102] Compiling Commands Install.swift
/__w/_temp/corpus/Sources/Commands/PackageCommands/Init.swift:91:36: warning: 'retroactive' attribute does not apply; 'PackageType' is declared in the same package; this is an error in the Swift 6 language mode
89 | extension InitPackage.PackageType: ExpressibleByArgument {}
90 | #else
91 | extension InitPackage.PackageType: @retroactive ExpressibleByArgument {}
   |                                    `- warning: 'retroactive' attribute does not apply; 'PackageType' is declared in the same package; this is an error in the Swift 6 language mode
92 | #endif
93 | 
[2065/2102] Compiling Commands Learn.swift
/__w/_temp/corpus/Sources/Commands/PackageCommands/Init.swift:91:36: warning: 'retroactive' attribute does not apply; 'PackageType' is declared in the same package; this is an error in the Swift 6 language mode
89 | extension InitPackage.PackageType: ExpressibleByArgument {}
90 | #else
91 | extension InitPackage.PackageType: @retroactive ExpressibleByArgument {}
   |                                    `- warning: 'retroactive' attribute does not apply; 'PackageType' is declared in the same package; this is an error in the Swift 6 language mode
92 | #endif
93 | 
[2066/2102] Compiling Commands PluginCommand.swift
/__w/_temp/corpus/Sources/Commands/PackageCommands/Init.swift:91:36: warning: 'retroactive' attribute does not apply; 'PackageType' is declared in the same package; this is an error in the Swift 6 language mode
89 | extension InitPackage.PackageType: ExpressibleByArgument {}
90 | #else
91 | extension InitPackage.PackageType: @retroactive ExpressibleByArgument {}
   |                                    `- warning: 'retroactive' attribute does not apply; 'PackageType' is declared in the same package; this is an error in the Swift 6 language mode
92 | #endif
93 | 
[2067/2102] Compiling Commands ResetCommands.swift
/__w/_temp/corpus/Sources/Commands/PackageCommands/Init.swift:91:36: warning: 'retroactive' attribute does not apply; 'PackageType' is declared in the same package; this is an error in the Swift 6 language mode
89 | extension InitPackage.PackageType: ExpressibleByArgument {}
90 | #else
91 | extension InitPackage.PackageType: @retroactive ExpressibleByArgument {}
   |                                    `- warning: 'retroactive' attribute does not apply; 'PackageType' is declared in the same package; this is an error in the Swift 6 language mode
92 | #endif
93 | 
[2068/2102] Compiling Commands Resolve.swift
/__w/_temp/corpus/Sources/Commands/PackageCommands/Init.swift:91:36: warning: 'retroactive' attribute does not apply; 'PackageType' is declared in the same package; this is an error in the Swift 6 language mode
89 | extension InitPackage.PackageType: ExpressibleByArgument {}
90 | #else
91 | extension InitPackage.PackageType: @retroactive ExpressibleByArgument {}
   |                                    `- warning: 'retroactive' attribute does not apply; 'PackageType' is declared in the same package; this is an error in the Swift 6 language mode
92 | #endif
93 | 
[2069/2102] Compiling Commands ShowDependencies.swift
/__w/_temp/corpus/Sources/Commands/PackageCommands/Init.swift:91:36: warning: 'retroactive' attribute does not apply; 'PackageType' is declared in the same package; this is an error in the Swift 6 language mode
89 | extension InitPackage.PackageType: ExpressibleByArgument {}
90 | #else
91 | extension InitPackage.PackageType: @retroactive ExpressibleByArgument {}
   |                                    `- warning: 'retroactive' attribute does not apply; 'PackageType' is declared in the same package; this is an error in the Swift 6 language mode
92 | #endif
93 | 
[2070/2102] Compiling Commands ShowExecutables.swift
/__w/_temp/corpus/Sources/Commands/PackageCommands/Init.swift:91:36: warning: 'retroactive' attribute does not apply; 'PackageType' is declared in the same package; this is an error in the Swift 6 language mode
89 | extension InitPackage.PackageType: ExpressibleByArgument {}
90 | #else
91 | extension InitPackage.PackageType: @retroactive ExpressibleByArgument {}
   |                                    `- warning: 'retroactive' attribute does not apply; 'PackageType' is declared in the same package; this is an error in the Swift 6 language mode
92 | #endif
93 | 
[2071/2102] Compiling Commands SwiftPackageCommand.swift
/__w/_temp/corpus/Sources/Commands/PackageCommands/Init.swift:91:36: warning: 'retroactive' attribute does not apply; 'PackageType' is declared in the same package; this is an error in the Swift 6 language mode
89 | extension InitPackage.PackageType: ExpressibleByArgument {}
90 | #else
91 | extension InitPackage.PackageType: @retroactive ExpressibleByArgument {}
   |                                    `- warning: 'retroactive' attribute does not apply; 'PackageType' is declared in the same package; this is an error in the Swift 6 language mode
92 | #endif
93 | 
[2072/2102] Compiling Commands ToolsVersionCommand.swift
/__w/_temp/corpus/Sources/Commands/PackageCommands/Init.swift:91:36: warning: 'retroactive' attribute does not apply; 'PackageType' is declared in the same package; this is an error in the Swift 6 language mode
89 | extension InitPackage.PackageType: ExpressibleByArgument {}
90 | #else
91 | extension InitPackage.PackageType: @retroactive ExpressibleByArgument {}
   |                                    `- warning: 'retroactive' attribute does not apply; 'PackageType' is declared in the same package; this is an error in the Swift 6 language mode
92 | #endif
93 | 
[2073/2103] Wrapping AST for Commands for debugging
[2075/2111] Emitting module swift_sdk
[2076/2111] Compiling swift_sdk Entrypoint.swift
[2077/2111] Emitting module swift_run
[2078/2111] Compiling swift_test Entrypoint.swift
[2079/2111] Emitting module swift_test
[2080/2111] Compiling swift_run Entrypoint.swift
[2081/2111] Emitting module swift_package
[2082/2111] Compiling swift_package Entrypoint.swift
[2087/2123] Compiling swift_experimental_sdk Entrypoint.swift
[2088/2123] Emitting module swift_experimental_sdk
[2089/2123] Compiling swift_build Entrypoint.swift
[2090/2123] Emitting module swift_build
[2092/2127] Wrapping AST for swift-test for debugging
[2094/2127] Emitting module PackageCollectionsCommand
[2094/2127] Wrapping AST for swift-sdk for debugging
[2095/2127] Wrapping AST for swift-run for debugging
[2096/2127] Wrapping AST for swift-package for debugging
[2097/2127] Wrapping AST for swift-experimental-sdk for debugging
[2098/2127] Write Objects.LinkFileList
[2100/2127] Wrapping AST for swift-build for debugging
[2102/2127] Compiling PackageRegistryCommand PackageRegistryCommand+Publish.swift
/__w/_temp/corpus/Sources/PackageRegistryCommand/PackageRegistryCommand+Publish.swift:253:28: warning: 'retroactive' attribute does not apply; 'SignatureFormat' is declared in the same package; this is an error in the Swift 6 language mode
251 | extension SignatureFormat: ExpressibleByArgument {}
252 | #else
253 | extension SignatureFormat: @retroactive ExpressibleByArgument {}
    |                            `- warning: 'retroactive' attribute does not apply; 'SignatureFormat' is declared in the same package; this is an error in the Swift 6 language mode
254 | #endif
255 | 
[2103/2127] Compiling PackageRegistryCommand PackageRegistryCommand+Auth.swift
[2104/2127] Compiling PackageRegistryCommand PackageRegistryCommand.swift
[2105/2127] Emitting module PackageRegistryCommand
/__w/_temp/corpus/Sources/PackageRegistryCommand/PackageRegistryCommand+Publish.swift:253:28: warning: 'retroactive' attribute does not apply; 'SignatureFormat' is declared in the same package; this is an error in the Swift 6 language mode
251 | extension SignatureFormat: ExpressibleByArgument {}
252 | #else
253 | extension SignatureFormat: @retroactive ExpressibleByArgument {}
    |                            `- warning: 'retroactive' attribute does not apply; 'SignatureFormat' is declared in the same package; this is an error in the Swift 6 language mode
254 | #endif
255 | 
[2107/2130] Compiling swift_package_registry runner.swift
[2108/2130] Emitting module swift_package_registry
[2109/2131] Wrapping AST for swift-package-registry for debugging
[2110/2131] Write Objects.LinkFileList
[2112/2131] Compiling PackageCollectionsCommand PackageCollectionsCommand.swift
[2113/2132] Write Objects.LinkFileList
[2115/2134] Compiling swift_package_manager SwiftPM.swift
[2116/2134] Emitting module swift_package_manager
[2117/2135] Linking swift-test
[2118/2137] Linking swift-sdk
[2119/2137] Wrapping AST for swift-package-manager for debugging
[2120/2137] Write Objects.LinkFileList
[2122/2137] Emitting module swift_package_collection
[2123/2137] Compiling swift_package_collection Entrypoint.swift
[2124/2138] Wrapping AST for swift-package-collection for debugging
[2125/2138] Write Objects.LinkFileList
[2126/2138] Linking swift-run
[2127/2138] Wrapping AST for PackageRegistryCommand for debugging
[2128/2138] Write Objects.LinkFileList
[2129/2138] Wrapping AST for PackageCollectionsCommand for debugging
[2130/2138] Linking swift-package
[2131/2138] Write Objects.LinkFileList
[2133/2138] Linking swift-experimental-sdk
[2134/2138] Linking swift-build
[2135/2138] Linking swift-package-registry
[2136/2138] Linking swift-package-manager
[2137/2138] Linking swift-package-collection
Build complete! (225.61s)
