PeriodType: cpu nanoseconds
Period: 10000000
Time: 2026-09-08 15:54:51.346314 +0900 KST
Duration: 11.3
Samples:
samples/count cpu/nanoseconds
          1   10000000: 1 2 3 4 5 6 7 8 9 10 11 12 13 14 
         65  650000000: 15 16 17 18 19 20 21 22 
          1   10000000: 23 24 25 26 27 28 27 29 11 12 13 14 
          2   20000000: 30 31 9 10 11 12 13 14 
          3   30000000: 32 2 3 4 33 8 9 10 11 12 13 14 
          1   10000000: 34 35 36 27 28 27 29 11 12 13 14 
          2   20000000: 37 5 38 8 9 10 11 12 13 14 
          1   10000000: 39 29 11 12 13 14 
          1   10000000: 40 41 42 43 44 45 9 10 11 12 13 14 
          2   20000000: 46 41 47 9 10 11 12 13 14 
          4   40000000: 48 49 25 26 27 28 27 29 11 12 13 14 
          4   40000000: 50 51 9 10 11 12 13 14 
          1   10000000: 52 43 44 53 9 10 11 12 13 14 
          1   10000000: 54 55 56 57 27 28 27 29 11 12 13 14 
          1   10000000: 58 59 60 11 12 13 14 
          1   10000000: 61 62 8 9 10 11 12 13 14 
          1   10000000: 63 64 4 65 8 9 10 11 12 13 14 
          1   10000000: 66 65 8 9 10 11 12 13 14 
          1   10000000: 67 68 69 35 29 11 12 13 14 
          1   10000000: 70 71 72 57 27 73 27 29 11 12 13 14 
          1   10000000: 74 2 3 4 5 75 76 8 9 10 11 12 13 14 
          2   20000000: 77 64 4 5 6 7 8 9 10 11 12 13 14 
          2   20000000: 78 9 10 11 12 13 14 
          1   10000000: 79 80 9 10 11 12 13 14 
          1   10000000: 81 41 82 9 10 11 12 13 14 
          1   10000000: 83 84 8 9 10 11 12 13 14 
          1   10000000: 85 24 25 26 27 73 27 29 11 12 13 14 
          1   10000000: 86 26 27 28 27 29 11 12 13 14 
          1   10000000: 87 2 3 4 88 89 7 8 9 10 11 12 13 14 
          2   20000000: 90 2 3 4 65 8 9 10 11 12 13 14 
          9   90000000: 91 92 93 94 95 96 
          1   10000000: 97 98 10 11 12 13 14 
         12  120000000: 99 10 11 12 13 14 
          1   10000000: 100 62 8 9 10 11 12 13 14 
          1   10000000: 101 64 4 5 6 76 8 9 10 11 12 13 14 
          1   10000000: 102 27 73 27 29 11 12 13 14 
          2   20000000: 103 60 11 12 13 14 
          1   10000000: 70 35 29 11 12 13 14 
          1   10000000: 104 105 25 26 27 28 27 29 11 12 13 14 
          2   20000000: 70 35 26 27 73 27 29 11 12 13 14 
          2   20000000: 106 72 57 27 73 27 29 11 12 13 14 
          1   10000000: 107 55 56 57 27 73 27 29 11 12 13 14 
          2   20000000: 108 11 12 13 14 
          1   10000000: 109 110 2 3 4 5 75 7 8 9 10 11 12 13 14 
          1   10000000: 111 35 112 26 27 73 27 29 11 12 13 14 
          2   20000000: 113 114 11 12 13 14 
          1   10000000: 115 42 43 116 53 9 10 11 12 13 14 
          1   10000000: 117 118 119 120 9 10 11 12 13 14 
          1   10000000: 121 68 122 42 43 123 45 9 10 11 12 13 14 
          2   20000000: 124 9 10 11 12 13 14 
          1   10000000: 125 55 56 57 27 73 27 29 11 12 13 14 
          1   10000000: 126 127 128 98 10 11 12 13 14 
          1   10000000: 129 2 130 7 8 9 10 11 12 13 14 
          1   10000000: 131 132 55 56 57 27 28 27 29 11 12 13 14 
          2   20000000: 133 55 56 57 27 73 27 29 11 12 13 14 
          1   10000000: 134 4 5 38 8 9 10 11 12 13 14 
          1   10000000: 37 5 6 76 8 9 10 11 12 13 14 
          3   30000000: 135 11 12 13 14 
          1   10000000: 136 41 137 9 10 11 12 13 14 
          5   50000000: 138 55 56 57 27 28 27 29 11 12 13 14 
          1   10000000: 139 112 26 27 28 27 29 11 12 13 14 
          1   10000000: 140 141 64 4 65 8 9 10 11 12 13 14 
          3   30000000: 113 24 25 26 27 73 27 29 11 12 13 14 
          1   10000000: 142 51 9 10 11 12 13 14 
          2   20000000: 143 127 128 98 10 11 12 13 14 
          1   10000000: 136 41 42 43 116 45 9 10 11 12 13 14 
          2   20000000: 107 55 56 57 27 28 27 29 11 12 13 14 
          1   10000000: 144 29 11 12 13 14 
          1   10000000: 145 73 27 29 11 12 13 14 
          1   10000000: 146 2 3 4 65 8 9 10 11 12 13 14 
          1   10000000: 147 2 3 4 33 8 9 10 11 12 13 14 
          4   40000000: 148 9 10 11 12 13 14 
          2   20000000: 149 105 25 26 27 73 27 29 11 12 13 14 
          1   10000000: 150 2 3 4 33 8 9 10 11 12 13 14 
          1   10000000: 151 8 9 10 11 12 13 14 
          2   20000000: 115 82 9 10 11 12 13 14 
          1   10000000: 152 9 10 11 12 13 14 
          1   10000000: 153 154 10 11 12 13 14 
          1   10000000: 155 55 56 57 27 73 27 29 11 12 13 14 
          1   10000000: 156 38 8 9 10 11 12 13 14 
          1   10000000: 157 68 122 82 9 10 11 12 13 14 
          1   10000000: 158 27 28 27 29 11 12 13 14 
          1   10000000: 159 160 9 10 11 12 13 14 
          1   10000000: 161 68 69 35 36 27 73 27 29 11 12 13 14 
          2   20000000: 162 163 9 10 11 12 13 14 
          1   10000000: 164 128 98 10 11 12 13 14 
          1   10000000: 165 10 11 12 13 14 
          2   20000000: 144 26 27 28 27 29 11 12 13 14 
          1   10000000: 30 24 25 26 27 73 27 29 11 12 13 14 
          1   10000000: 166 167 9 10 11 12 13 14 
          1   10000000: 168 169 8 9 10 11 12 13 14 
          2   20000000: 170 171 10 11 12 13 14 
          6   60000000: 172 55 56 57 27 28 27 29 11 12 13 14 
          1   10000000: 173 27 73 27 29 11 12 13 14 
          1   10000000: 174 175 49 25 26 27 73 27 29 11 12 13 14 
          2   20000000: 176 3 4 5 6 7 8 9 10 11 12 13 14 
          1   10000000: 177 4 88 89 7 8 9 10 11 12 13 14 
          1   10000000: 178 179 180 181 182 183 2 130 7 8 9 10 11 12 13 14 
          1   10000000: 184 110 2 3 4 5 185 7 8 9 10 11 12 13 14 
          2   20000000: 46 186 35 73 27 29 11 12 13 14 
          1   10000000: 187 188 189 53 9 10 11 12 13 14 
          1   10000000: 190 191 11 12 13 14 
          1   10000000: 192 191 11 12 13 14 
          1   10000000: 193 7 8 9 10 11 12 13 14 
          2   20000000: 46 186 35 28 27 29 11 12 13 14 
          1   10000000: 194 195 9 10 11 12 13 14 
          1   10000000: 196 2 130 7 8 9 10 11 12 13 14 
          1   10000000: 197 2 3 4 88 89 76 8 9 10 11 12 13 14 
          1   10000000: 198 2 3 4 65 8 9 10 11 12 13 14 
          1   10000000: 199 42 43 44 45 9 10 11 12 13 14 
          1   10000000: 200 11 12 13 14 
          1   10000000: 201 202 10 11 12 13 14 
          1   10000000: 203 204 9 10 11 12 13 14 
          2   20000000: 205 163 9 10 11 12 13 14 
          1   10000000: 46 186 35 26 27 73 27 29 11 12 13 14 
          2   20000000: 206 89 7 8 9 10 11 12 13 14 
          1   10000000: 207 2 3 4 5 208 8 9 10 11 12 13 14 
          1   10000000: 209 27 28 27 29 11 12 13 14 
          2   20000000: 210 211 98 10 11 12 13 14 
          1   10000000: 212 213 11 12 13 14 
          1   10000000: 214 215 8 9 10 11 12 13 14 
          5   50000000: 216 217 51 9 10 11 12 13 14 
          1   10000000: 218 219 220 49 25 26 27 28 27 29 11 12 13 14 
          1   10000000: 221 57 27 28 27 29 11 12 13 14 
          1   10000000: 222 24 25 26 27 73 27 29 11 12 13 14 
          1   10000000: 223 186 35 26 27 73 27 29 11 12 13 14 
          1   10000000: 224 105 25 26 27 28 27 29 11 12 13 14 
          1   10000000: 225 9 10 11 12 13 14 
          1   10000000: 226 122 42 227 45 9 10 11 12 13 14 
          1   10000000: 196 219 220 49 25 26 27 28 27 29 11 12 13 14 
          1   10000000: 228 132 55 56 57 27 28 27 29 11 12 13 14 
          1   10000000: 229 2 3 4 5 185 7 8 9 10 11 12 13 14 
          1   10000000: 230 231 141 64 4 5 75 7 8 9 10 11 12 13 14 
          2   20000000: 232 11 12 13 14 
          1   10000000: 233 234 9 10 11 12 13 14 
          1   10000000: 235 188 189 53 9 10 11 12 13 14 
          1   10000000: 144 112 26 27 28 27 29 11 12 13 14 
          1   10000000: 161 68 122 42 43 44 53 9 10 11 12 13 14 
          2   20000000: 236 89 7 8 9 10 11 12 13 14 
          1   10000000: 237 24 25 26 27 73 27 29 11 12 13 14 
          1   10000000: 46 41 42 43 44 45 9 10 11 12 13 14 
          1   10000000: 238 4 5 6 7 8 9 10 11 12 13 14 
          1   10000000: 239 24 25 26 27 73 27 29 11 12 13 14 
          1   10000000: 240 9 10 11 12 13 14 
          1   10000000: 241 69 35 29 11 12 13 14 
          1   10000000: 242 114 11 12 13 14 
          1   10000000: 243 2 3 4 5 38 8 9 10 11 12 13 14 
          1   10000000: 244 245 10 11 12 13 14 
          1   10000000: 246 10 11 12 13 14 
          1   10000000: 235 2 3 4 5 6 7 8 9 10 11 12 13 14 
          1   10000000: 247 28 27 29 11 12 13 14 
          1   10000000: 242 213 11 12 13 14 
          1   10000000: 248 2 130 7 8 9 10 11 12 13 14 
          1   10000000: 249 24 25 26 27 73 27 29 11 12 13 14 
          1   10000000: 250 64 4 5 185 7 8 9 10 11 12 13 14 
          1   10000000: 251 252 11 12 13 14 
          1   10000000: 249 253 10 11 12 13 14 
          2   20000000: 235 2 130 7 8 9 10 11 12 13 14 
          1   10000000: 197 2 3 4 5 75 76 8 9 10 11 12 13 14 
          1   10000000: 121 68 122 82 9 10 11 12 13 14 
          1   10000000: 218 219 175 49 25 26 27 73 27 29 11 12 13 14 
          1   10000000: 254 255 76 8 9 10 11 12 13 14 
          1   10000000: 83 255 7 8 9 10 11 12 13 14 
          1   10000000: 256 8 9 10 11 12 13 14 
          1   10000000: 257 72 57 27 28 27 29 11 12 13 14 
          1   10000000: 258 49 25 26 27 28 27 29 11 12 13 14 
          1   10000000: 61 259 10 11 12 13 14 
          1   10000000: 260 28 27 29 11 12 13 14 
          1   10000000: 224 154 10 11 12 13 14 
          1   10000000: 261 204 9 10 11 12 13 14 
          1   10000000: 262 263 9 10 11 12 13 14 
          2   20000000: 264 245 10 11 12 13 14 
          1   10000000: 265 41 266 9 10 11 12 13 14 
          1   10000000: 267 89 7 8 9 10 11 12 13 14 
          1   10000000: 268 4 5 6 7 8 9 10 11 12 13 14 
          1   10000000: 269 75 7 8 9 10 11 12 13 14 
          1   10000000: 270 141 64 4 65 8 9 10 11 12 13 14 
          1   10000000: 271 188 189 53 9 10 11 12 13 14 
          1   10000000: 272 72 57 27 28 27 29 11 12 13 14 
          1   10000000: 273 274 263 9 10 11 12 13 14 
          1   10000000: 275 119 120 9 10 11 12 13 14 
          4   40000000: 276 277 278 279 280 94 95 96 
          1   10000000: 156 281 8 9 10 11 12 13 14 
          1   10000000: 282 9 10 11 12 13 14 
          1   10000000: 283 171 10 11 12 13 14 
          2   20000000: 237 114 11 12 13 14 
          1   10000000: 284 55 56 57 27 28 27 29 11 12 13 14 
         12  120000000: 285 286 287 288 289 290 291 292 293 182 183 188 189 53 9 10 11 12 13 14 
          1   10000000: 294 114 11 12 13 14 
          1   10000000: 295 169 8 9 10 11 12 13 14 
          1   10000000: 121 68 296 51 9 10 11 12 13 14 
          1   10000000: 297 82 9 10 11 12 13 14 
          1   10000000: 298 219 220 49 25 26 27 28 27 29 11 12 13 14 
          1   10000000: 201 62 8 9 10 11 12 13 14 
          1   10000000: 149 114 11 12 13 14 
          1   10000000: 299 68 69 35 36 27 28 27 29 11 12 13 14 
          2   20000000: 300 45 9 10 11 12 13 14 
          1   10000000: 40 186 35 36 27 73 27 29 11 12 13 14 
          1   10000000: 301 9 10 11 12 13 14 
          6   60000000: 285 286 287 288 289 290 291 292 293 182 302 2 3 4 5 6 7 8 9 10 11 12 13 14 
         52  520000000: 285 286 287 288 289 290 291 292 293 182 183 119 120 9 10 11 12 13 14 
          5   50000000: 285 286 287 288 289 290 291 292 293 182 183 219 220 49 25 26 27 28 27 29 11 12 13 14 
          1   10000000: 303 60 11 12 13 14 
          1   10000000: 304 9 10 11 12 13 14 
          5   50000000: 285 286 287 288 289 290 291 292 293 182 302 2 3 4 33 8 9 10 11 12 13 14 
         15  150000000: 285 286 287 288 289 290 291 292 293 182 183 2 130 7 8 9 10 11 12 13 14 
          1   10000000: 251 24 25 26 27 28 27 29 11 12 13 14 
          2   20000000: 285 286 287 288 289 290 291 292 293 182 183 2 130 76 8 9 10 11 12 13 14 
          1   10000000: 140 141 64 4 5 6 76 8 9 10 11 12 13 14 
          1   10000000: 305 29 11 12 13 14 
          1   10000000: 306 130 7 8 9 10 11 12 13 14 
          1   10000000: 307 4 5 308 8 9 10 11 12 13 14 
          1   10000000: 285 286 287 288 289 290 291 292 293 182 302 2 3 4 5 84 8 9 10 11 12 13 14 
          1   10000000: 309 24 25 26 27 28 27 29 11 12 13 14 
          8   80000000: 285 286 287 288 289 290 291 292 293 182 183 188 189 45 9 10 11 12 13 14 
          1   10000000: 310 245 10 11 12 13 14 
          1   10000000: 311 2 3 4 5 6 76 8 9 10 11 12 13 14 
          1   10000000: 312 55 56 57 27 28 27 29 11 12 13 14 
          1   10000000: 313 195 9 10 11 12 13 14 
          2   20000000: 314 231 141 64 4 5 6 7 8 9 10 11 12 13 14 
          2   20000000: 46 186 35 29 11 12 13 14 
          5   50000000: 285 286 287 288 289 290 291 292 293 182 302 2 3 4 5 38 8 9 10 11 12 13 14 
          1   10000000: 315 141 64 4 33 8 9 10 11 12 13 14 
          1   10000000: 316 3 4 5 185 317 8 9 10 11 12 13 14 
          1   10000000: 318 7 8 9 10 11 12 13 14 
          1   10000000: 319 9 10 11 12 13 14 
          2   20000000: 170 105 25 26 27 28 27 29 11 12 13 14 
          1   10000000: 320 9 10 11 12 13 14 
          2   20000000: 285 286 287 288 289 290 291 292 293 182 302 274 263 9 10 11 12 13 14 
          1   10000000: 321 26 27 28 27 29 11 12 13 14 
          1   10000000: 322 55 56 57 27 28 27 29 11 12 13 14 
          1   10000000: 323 2 3 4 5 185 317 8 9 10 11 12 13 14 
          1   10000000: 297 42 43 116 53 9 10 11 12 13 14 
          1   10000000: 324 29 11 12 13 14 
          1   10000000: 325 10 11 12 13 14 
          1   10000000: 326 252 11 12 13 14 
          1   10000000: 327 328 288 289 290 291 292 293 182 302 2 3 4 88 89 317 8 9 10 11 12 13 14 
          1   10000000: 329 215 8 9 10 11 12 13 14 
          1   10000000: 250 64 4 65 8 9 10 11 12 13 14 
          1   10000000: 330 217 51 9 10 11 12 13 14 
          1   10000000: 331 64 4 5 38 8 9 10 11 12 13 14 
          1   10000000: 85 31 9 10 11 12 13 14 
          1   10000000: 332 105 25 26 27 28 27 29 11 12 13 14 
          1   10000000: 333 334 335 119 120 9 10 11 12 13 14 
          1   10000000: 315 141 64 4 5 38 8 9 10 11 12 13 14 
          1   10000000: 336 137 9 10 11 12 13 14 
          1   10000000: 337 11 12 13 14 
          1   10000000: 338 252 11 12 13 14 
          1   10000000: 15 16 17 18 19 339 340 341 342 343 344 345 94 95 96 
          1   10000000: 265 80 9 10 11 12 13 14 
          1   10000000: 346 347 51 9 10 11 12 13 14 
          1   10000000: 348 72 57 27 73 27 29 11 12 13 14 
          3   30000000: 285 286 287 288 289 290 291 292 293 182 302 2 3 4 5 255 7 8 9 10 11 12 13 14 
          1   10000000: 285 286 287 288 289 290 291 292 293 182 302 2 3 4 5 75 317 8 9 10 11 12 13 14 
          1   10000000: 349 213 11 12 13 14 
          2   20000000: 350 68 69 351 10 11 12 13 14 
          1   10000000: 30 24 25 26 27 28 27 29 11 12 13 14 
          1   10000000: 352 114 11 12 13 14 
          1   10000000: 353 31 9 10 11 12 13 14 
          1   10000000: 354 57 27 73 27 29 11 12 13 14 
          1   10000000: 15 16 17 18 19 355 356 95 96 
          1   10000000: 265 357 51 9 10 11 12 13 14 
          1   10000000: 332 105 25 26 27 73 27 29 11 12 13 14 
          1   10000000: 358 347 51 9 10 11 12 13 14 
          2   20000000: 359 186 35 28 27 29 11 12 13 14 
          1   10000000: 360 4 5 6 7 8 9 10 11 12 13 14 
          1   10000000: 361 42 43 116 45 9 10 11 12 13 14 
          1   10000000: 109 110 119 120 9 10 11 12 13 14 
          6   60000000: 285 286 287 288 289 290 291 292 293 182 183 219 175 49 25 26 27 73 27 29 11 12 13 14 
          2   20000000: 362 2 130 7 8 9 10 11 12 13 14 
          1   10000000: 363 24 25 26 27 73 27 29 11 12 13 14 
          1   10000000: 364 365 328 288 289 290 291 292 293 182 302 2 3 4 5 38 8 9 10 11 12 13 14 
          1   10000000: 366 335 219 175 49 25 26 27 73 27 29 11 12 13 14 
          1   10000000: 168 253 10 11 12 13 14 
          1   10000000: 367 10 11 12 13 14 
          1   10000000: 310 368 9 10 11 12 13 14 
          1   10000000: 369 4 33 8 9 10 11 12 13 14 
          1   10000000: 299 68 69 35 73 27 29 11 12 13 14 
          1   10000000: 370 154 10 11 12 13 14 
          1   10000000: 371 123 45 9 10 11 12 13 14 
          1   10000000: 372 68 296 51 9 10 11 12 13 14 
          1   10000000: 373 2 3 4 5 38 8 9 10 11 12 13 14 
          1   10000000: 149 169 8 9 10 11 12 13 14 
          1   10000000: 374 72 57 27 73 27 29 11 12 13 14 
          1   10000000: 375 376 45 9 10 11 12 13 14 
          1   10000000: 377 9 10 11 12 13 14 
          2   20000000: 285 286 287 288 289 290 291 292 293 182 302 2 3 4 5 308 8 9 10 11 12 13 14 
          1   10000000: 129 2 3 4 5 255 7 8 9 10 11 12 13 14 
          1   10000000: 285 286 287 288 289 290 291 292 293 182 302 2 3 4 378 8 9 10 11 12 13 14 
          1   10000000: 379 25 26 27 28 27 29 11 12 13 14 
          1   10000000: 81 186 380 57 27 73 27 29 11 12 13 14 
          1   10000000: 269 6 7 8 9 10 11 12 13 14 
          1   10000000: 235 2 3 4 33 8 9 10 11 12 13 14 
          4   40000000: 172 55 56 57 27 73 27 29 11 12 13 14 
          1   10000000: 184 110 219 175 49 25 26 27 73 27 29 11 12 13 14 
          1   10000000: 381 64 4 33 8 9 10 11 12 13 14 
          1   10000000: 382 274 263 9 10 11 12 13 14 
          1   10000000: 383 60 11 12 13 14 
          1   10000000: 326 154 10 11 12 13 14 
          1   10000000: 46 41 82 9 10 11 12 13 14 
          2   20000000: 235 119 120 9 10 11 12 13 14 
          1   10000000: 384 123 45 9 10 11 12 13 14 
          1   10000000: 385 10 11 12 13 14 
          1   10000000: 386 9 10 11 12 13 14 
          1   10000000: 387 43 123 45 9 10 11 12 13 14 
          1   10000000: 40 186 35 28 27 29 11 12 13 14 
          1   10000000: 388 9 10 11 12 13 14 
          2   20000000: 389 55 56 57 27 28 27 29 11 12 13 14 
          1   10000000: 390 219 220 49 25 26 27 28 27 29 11 12 13 14 
          1   10000000: 391 215 8 9 10 11 12 13 14 
          1   10000000: 207 2 3 4 5 6 7 8 9 10 11 12 13 14 
          1   10000000: 392 2 3 4 88 89 7 8 9 10 11 12 13 14 
          1   10000000: 393 9 10 11 12 13 14 
          1   10000000: 144 73 27 29 11 12 13 14 
          1   10000000: 323 2 3 4 5 255 317 8 9 10 11 12 13 14 
          2   20000000: 394 55 56 57 27 28 27 29 11 12 13 14 
          1   10000000: 395 11 12 13 14 
          1   10000000: 168 204 9 10 11 12 13 14 
          1   10000000: 396 10 11 12 13 14 
          1   10000000: 70 380 57 27 28 27 29 11 12 13 14 
          1   10000000: 397 31 9 10 11 12 13 14 
          1   10000000: 268 4 5 185 7 8 9 10 11 12 13 14 
          1   10000000: 398 399 180 181 182 183 188 189 45 9 10 11 12 13 14 
          2   20000000: 400 9 10 11 12 13 14 
          2   20000000: 401 167 9 10 11 12 13 14 
          1   10000000: 363 213 11 12 13 14 
          1   10000000: 402 351 10 11 12 13 14 
          2   20000000: 285 286 287 288 289 290 291 292 293 182 302 2 3 4 65 8 9 10 11 12 13 14 
          1   10000000: 403 68 122 47 9 10 11 12 13 14 
          1   10000000: 338 24 25 26 27 73 27 29 11 12 13 14 
          1   10000000: 404 188 189 53 9 10 11 12 13 14 
          2   20000000: 100 405 9 10 11 12 13 14 
          1   10000000: 406 112 26 27 73 27 29 11 12 13 14 
          1   10000000: 170 245 10 11 12 13 14 
          1   10000000: 407 36 27 73 27 29 11 12 13 14 
          1   10000000: 271 219 220 49 25 26 27 28 27 29 11 12 13 14 
          1   10000000: 408 217 51 9 10 11 12 13 14 
          1   10000000: 40 186 351 10 11 12 13 14 
          1   10000000: 222 252 11 12 13 14 
          1   10000000: 409 57 27 73 27 29 11 12 13 14 
          1   10000000: 285 410 411 289 412 413 414 119 120 9 10 11 12 13 14 
          1   10000000: 415 380 57 27 28 27 29 11 12 13 14 
          1   10000000: 416 417 263 9 10 11 12 13 14 
          1   10000000: 418 53 9 10 11 12 13 14 
          1   10000000: 419 27 29 11 12 13 14 
          1   10000000: 420 421 72 57 27 28 27 29 11 12 13 14 
          1   10000000: 422 357 51 9 10 11 12 13 14 
          1   10000000: 285 286 287 288 289 290 291 292 293 182 302 2 3 4 5 75 7 8 9 10 11 12 13 14 
          1   10000000: 423 119 120 9 10 11 12 13 14 
          1   10000000: 424 425 112 26 27 28 27 29 11 12 13 14 
          1   10000000: 426 53 9 10 11 12 13 14 
          1   10000000: 427 11 12 13 14 
          1   10000000: 295 114 11 12 13 14 
          1   10000000: 428 2 3 4 33 8 9 10 11 12 13 14 
          1   10000000: 109 110 188 189 53 9 10 11 12 13 14 
          1   10000000: 429 118 219 175 49 25 26 27 73 27 29 11 12 13 14 
          1   10000000: 430 38 8 9 10 11 12 13 14 
          1   10000000: 431 64 4 5 255 7 8 9 10 11 12 13 14 
          1   10000000: 432 29 11 12 13 14 
          1   10000000: 433 2 3 4 5 255 317 8 9 10 11 12 13 14 
          1   10000000: 156 185 317 8 9 10 11 12 13 14 
          1   10000000: 434 435 334 335 219 220 49 25 26 27 28 27 29 11 12 13 14 
          1   10000000: 265 186 35 26 27 73 27 29 11 12 13 14 
          1   10000000: 436 425 112 26 27 73 27 29 11 12 13 14 
          2   20000000: 115 137 9 10 11 12 13 14 
          1   10000000: 398 399 180 181 182 183 2 130 7 8 9 10 11 12 13 14 
          3   30000000: 113 252 11 12 13 14 
          1   10000000: 363 253 10 11 12 13 14 
          1   10000000: 437 167 9 10 11 12 13 14 
          1   10000000: 438 132 55 56 57 27 28 27 29 11 12 13 14 
          1   10000000: 439 68 122 42 227 53 9 10 11 12 13 14 
          1   10000000: 440 26 27 28 27 29 11 12 13 14 
          1   10000000: 441 435 334 335 188 189 53 9 10 11 12 13 14 
          1   10000000: 157 68 69 35 26 27 73 27 29 11 12 13 14 
          1   10000000: 295 31 9 10 11 12 13 14 
          1   10000000: 442 253 10 11 12 13 14 
          1   10000000: 101 64 4 5 185 317 8 9 10 11 12 13 14 
          1   10000000: 443 8 9 10 11 12 13 14 
          1   10000000: 444 105 25 26 27 73 27 29 11 12 13 14 
          1   10000000: 445 169 8 9 10 11 12 13 14 
          3   30000000: 133 55 56 57 27 28 27 29 11 12 13 14 
          1   10000000: 446 110 2 3 4 5 38 8 9 10 11 12 13 14 
          1   10000000: 447 425 112 26 27 28 27 29 11 12 13 14 
          1   10000000: 264 213 11 12 13 14 
          1   10000000: 448 8 9 10 11 12 13 14 
          1   10000000: 449 64 4 5 450 8 9 10 11 12 13 14 
          1   10000000: 242 24 25 26 27 73 27 29 11 12 13 14 
          1   10000000: 315 141 64 4 88 89 7 8 9 10 11 12 13 14 
          1   10000000: 161 68 69 35 112 26 27 28 27 29 11 12 13 14 
          1   10000000: 451 64 4 5 6 7 8 9 10 11 12 13 14 
          1   10000000: 207 2 3 4 452 8 9 10 11 12 13 14 
          1   10000000: 453 69 380 57 27 73 27 29 11 12 13 14 
          1   10000000: 90 2 3 4 5 38 8 9 10 11 12 13 14 
          1   10000000: 347 51 9 10 11 12 13 14 
          1   10000000: 454 2 3 4 5 255 7 8 9 10 11 12 13 14 
          1   10000000: 453 69 351 10 11 12 13 14 
          1   10000000: 422 186 35 26 27 28 27 29 11 12 13 14 
          1   10000000: 70 35 36 27 28 27 29 11 12 13 14 
          1   10000000: 455 27 29 11 12 13 14 
          1   10000000: 309 204 9 10 11 12 13 14 
          1   10000000: 456 55 56 57 27 28 27 29 11 12 13 14 
          2   20000000: 457 25 26 27 28 27 29 11 12 13 14 
          1   10000000: 458 88 89 7 8 9 10 11 12 13 14 
          1   10000000: 459 188 189 53 9 10 11 12 13 14 
          2   20000000: 460 347 51 9 10 11 12 13 14 
          1   10000000: 461 114 11 12 13 14 
          1   10000000: 415 35 28 27 29 11 12 13 14 
          1   10000000: 462 463 464 27 29 11 12 13 14 
          1   10000000: 101 64 4 5 465 8 9 10 11 12 13 14 
          1   10000000: 466 36 27 28 27 29 11 12 13 14 
          1   10000000: 467 60 11 12 13 14 
          1   10000000: 468 9 10 11 12 13 14 
          2   20000000: 372 68 69 35 28 27 29 11 12 13 14 
         27  270000000: 469 470 9 10 11 12 13 14 
          1   10000000: 471 141 64 4 5 185 7 8 9 10 11 12 13 14 
          1   10000000: 430 6 76 8 9 10 11 12 13 14 
          1   10000000: 306 3 4 33 8 9 10 11 12 13 14 
          1   10000000: 307 4 5 185 317 8 9 10 11 12 13 14 
          1   10000000: 472 29 11 12 13 14 
          1   10000000: 473 7 8 9 10 11 12 13 14 
          1   10000000: 129 119 474 9 10 11 12 13 14 
          1   10000000: 415 35 26 27 73 27 29 11 12 13 14 
          1   10000000: 285 286 287 288 289 290 291 292 293 182 302 2 3 4 88 89 7 8 9 10 11 12 13 14 
          1   10000000: 81 41 47 9 10 11 12 13 14 
          1   10000000: 475 2 3 4 5 185 7 8 9 10 11 12 13 14 
          1   10000000: 476 477 72 57 27 73 27 29 11 12 13 14 
          1   10000000: 478 2 3 4 5 185 7 8 9 10 11 12 13 14 
          1   10000000: 70 351 10 11 12 13 14 
          1   10000000: 479 11 12 13 14 
          1   10000000: 480 89 7 8 9 10 11 12 13 14 
          1   10000000: 481 72 57 27 28 27 29 11 12 13 14 
          1   10000000: 482 26 27 73 27 29 11 12 13 14 
          1   10000000: 483 405 9 10 11 12 13 14 
          1   10000000: 484 3 4 33 8 9 10 11 12 13 14 
          1   10000000: 485 154 10 11 12 13 14 
          1   10000000: 113 213 11 12 13 14 
          1   10000000: 486 4 33 8 9 10 11 12 13 14 
          3   30000000: 23 245 10 11 12 13 14 
          1   10000000: 487 169 8 9 10 11 12 13 14 
          1   10000000: 488 368 9 10 11 12 13 14 
          1   10000000: 489 9 10 11 12 13 14 
          2   20000000: 490 29 11 12 13 14 
          1   10000000: 445 154 10 11 12 13 14 
          1   10000000: 129 2 3 4 5 75 7 8 9 10 11 12 13 14 
          1   10000000: 491 49 25 26 27 28 27 29 11 12 13 14 
          2   20000000: 492 11 12 13 14 
          1   10000000: 265 186 35 112 26 27 73 27 29 11 12 13 14 
          1   10000000: 493 105 25 26 27 73 27 29 11 12 13 14 
          1   10000000: 494 351 10 11 12 13 14 
          1   10000000: 495 2 3 4 33 8 9 10 11 12 13 14 
          1   10000000: 496 167 9 10 11 12 13 14 
          1   10000000: 497 53 9 10 11 12 13 14 
          1   10000000: 498 49 25 26 27 73 27 29 11 12 13 14 
          1   10000000: 499 118 2 130 317 8 9 10 11 12 13 14 
          1   10000000: 500 253 10 11 12 13 14 
          1   10000000: 501 27 73 27 29 11 12 13 14 
          1   10000000: 502 73 27 29 11 12 13 14 
          1   10000000: 503 335 2 130 76 8 9 10 11 12 13 14 
          1   10000000: 504 8 9 10 11 12 13 14 
          1   10000000: 147 2 3 4 65 8 9 10 11 12 13 14 
          1   10000000: 505 506 11 12 13 14 
          1   10000000: 199 47 9 10 11 12 13 14 
          1   10000000: 322 55 56 57 27 73 27 29 11 12 13 14 
          1   10000000: 507 334 335 219 175 49 25 26 27 73 27 29 11 12 13 14 
          1   10000000: 363 105 25 26 27 28 27 29 11 12 13 14 
          1   10000000: 508 4 33 8 9 10 11 12 13 14 
          2   20000000: 70 35 112 26 27 73 27 29 11 12 13 14 
          1   10000000: 509 27 28 27 29 11 12 13 14 
          2   20000000: 430 465 8 9 10 11 12 13 14 
          1   10000000: 449 64 4 5 185 7 8 9 10 11 12 13 14 
          1   10000000: 310 24 25 26 27 73 27 29 11 12 13 14 
          2   20000000: 100 195 9 10 11 12 13 14 
          1   10000000: 510 29 11 12 13 14 
          1   10000000: 453 122 511 9 10 11 12 13 14 
          1   10000000: 453 69 35 26 27 28 27 29 11 12 13 14 
          1   10000000: 512 513 328 288 289 290 291 292 293 182 183 188 189 53 9 10 11 12 13 14 
          1   10000000: 514 68 69 35 28 27 29 11 12 13 14 
          1   10000000: 515 105 25 26 27 73 27 29 11 12 13 14 
          1   10000000: 199 266 9 10 11 12 13 14 
          1   10000000: 389 55 56 57 27 73 27 29 11 12 13 14 
          1   10000000: 144 26 27 73 27 29 11 12 13 14 
          1   10000000: 70 35 26 27 28 27 29 11 12 13 14 
          1   10000000: 285 286 287 288 289 290 291 292 293 182 302 2 3 4 5 185 317 8 9 10 11 12 13 14 
          1   10000000: 516 89 7 8 9 10 11 12 13 14 
          1   10000000: 101 64 4 5 38 8 9 10 11 12 13 14 
          2   20000000: 422 186 35 73 27 29 11 12 13 14 
          1   10000000: 517 435 334 335 188 189 53 9 10 11 12 13 14 
          4   40000000: 113 24 25 26 27 28 27 29 11 12 13 14 
          1   10000000: 144 28 27 29 11 12 13 14 
          1   10000000: 518 49 25 26 27 73 27 29 11 12 13 14 
          1   10000000: 1 2 3 4 33 8 9 10 11 12 13 14 
          1   10000000: 310 114 11 12 13 14 
          1   10000000: 235 2 3 4 5 465 8 9 10 11 12 13 14 
          1   10000000: 23 368 9 10 11 12 13 14 
          1   10000000: 519 141 64 4 65 8 9 10 11 12 13 14 
          1   10000000: 520 73 27 29 11 12 13 14 
          1   10000000: 353 213 11 12 13 14 
          1   10000000: 239 213 11 12 13 14 
          1   10000000: 521 49 25 26 27 28 27 29 11 12 13 14 
          1   10000000: 522 118 119 120 9 10 11 12 13 14 
          1   10000000: 366 335 188 189 45 9 10 11 12 13 14 
          1   10000000: 523 82 9 10 11 12 13 14 
          1   10000000: 138 55 56 57 27 73 27 29 11 12 13 14 
          1   10000000: 524 64 4 65 8 9 10 11 12 13 14 
          1   10000000: 139 112 26 27 73 27 29 11 12 13 14 
          1   10000000: 268 4 33 8 9 10 11 12 13 14 
          1   10000000: 525 6 7 8 9 10 11 12 13 14 
          1   10000000: 526 130 7 8 9 10 11 12 13 14 
          1   10000000: 527 119 120 9 10 11 12 13 14 
          1   10000000: 90 119 474 9 10 11 12 13 14 
          1   10000000: 528 10 11 12 13 14 
          1   10000000: 529 357 51 9 10 11 12 13 14 
          1   10000000: 174 220 49 25 26 27 28 27 29 11 12 13 14 
          1   10000000: 507 334 335 188 189 45 9 10 11 12 13 14 
          2   20000000: 530 188 189 45 9 10 11 12 13 14 
          1   10000000: 109 110 2 3 4 5 6 7 8 9 10 11 12 13 14 
          1   10000000: 531 188 189 53 9 10 11 12 13 14 
          1   10000000: 532 118 219 220 49 25 26 27 28 27 29 11 12 13 14 
          1   10000000: 533 27 28 27 29 11 12 13 14 
          1   10000000: 61 202 10 11 12 13 14 
          1   10000000: 534 116 53 9 10 11 12 13 14 
          1   10000000: 260 29 11 12 13 14 
          1   10000000: 445 245 10 11 12 13 14 
          1   10000000: 353 24 25 26 27 73 27 29 11 12 13 14 
          1   10000000: 535 259 10 11 12 13 14 
          1   10000000: 101 64 4 5 185 7 8 9 10 11 12 13 14 
          1   10000000: 536 4 5 6 7 8 9 10 11 12 13 14 
          1   10000000: 537 2 130 76 8 9 10 11 12 13 14 
          1   10000000: 538 69 35 73 27 29 11 12 13 14 
          1   10000000: 507 334 335 119 120 9 10 11 12 13 14 
          1   10000000: 87 2 3 4 88 89 317 8 9 10 11 12 13 14 
          1   10000000: 539 219 220 49 25 26 27 28 27 29 11 12 13 14 
          1   10000000: 493 114 11 12 13 14 
          1   10000000: 372 68 122 47 9 10 11 12 13 14 
          1   10000000: 235 2 3 4 5 6 76 8 9 10 11 12 13 14 
          1   10000000: 540 112 26 27 73 27 29 11 12 13 14 
          1   10000000: 268 4 5 38 8 9 10 11 12 13 14 
          1   10000000: 222 114 11 12 13 14 
          1   10000000: 541 506 11 12 13 14 
          1   10000000: 353 252 11 12 13 14 
          1   10000000: 542 26 27 73 27 29 11 12 13 14 
          1   10000000: 543 128 98 10 11 12 13 14 
          1   10000000: 517 435 334 335 119 120 9 10 11 12 13 14 
          1   10000000: 63 64 4 5 38 8 9 10 11 12 13 14 
          1   10000000: 544 213 11 12 13 14 
          1   10000000: 545 2 3 4 5 6 76 8 9 10 11 12 13 14 
          1   10000000: 488 24 25 26 27 73 27 29 11 12 13 14 
          1   10000000: 546 2 130 7 8 9 10 11 12 13 14 
          1   10000000: 547 112 26 27 73 27 29 11 12 13 14 
          1   10000000: 548 549 550 302 2 3 4 5 6 7 8 9 10 11 12 13 14 
          1   10000000: 394 55 56 57 27 73 27 29 11 12 13 14 
          1   10000000: 551 64 4 5 75 317 8 9 10 11 12 13 14 
          1   10000000: 552 45 9 10 11 12 13 14 
          1   10000000: 553 24 25 26 27 28 27 29 11 12 13 14 
Locations
     1: 0x1044b8ecc M=1 runtime.mallocgc /opt/homebrew/Cellar/go/1.22.0/libexec/src/runtime/malloc.go:1223 s=971
     2: 0x1044fecaf M=1 runtime.makeslice /opt/homebrew/Cellar/go/1.22.0/libexec/src/runtime/slice.go:107 s=92
     3: 0x10467601b M=1 github.com/johnsonlee/graphite/graphite-server/internal/store.(*decoder).bytes /Users/johnsonlee/.codex/benchmarks/graphite/regex-quoted-contains-profile-after-bc708-v1/source/internal/store/decode.go:95 s=87
     4: 0x10467623f M=1 github.com/johnsonlee/graphite/graphite-server/internal/store.(*decoder).scalarBytes /Users/johnsonlee/.codex/benchmarks/graphite/regex-quoted-contains-profile-after-bc708-v1/source/internal/store/decode.go:109 s=107
     5: 0x1046763d3 M=1 github.com/johnsonlee/graphite/graphite-server/internal/store.(*decoder).i32 /Users/johnsonlee/.codex/benchmarks/graphite/regex-quoted-contains-profile-after-bc708-v1/source/internal/store/decode.go:138 s=137
             github.com/johnsonlee/graphite/graphite-server/internal/store.(*decoder).str /Users/johnsonlee/.codex/benchmarks/graphite/regex-quoted-contains-profile-after-bc708-v1/source/internal/store/decode.go:160 s=159
     6: 0x1046768eb M=1 github.com/johnsonlee/graphite/graphite-server/internal/store.(*decoder).method /Users/johnsonlee/.codex/benchmarks/graphite/regex-quoted-contains-profile-after-bc708-v1/source/internal/store/decode.go:200 s=195
     7: 0x104677533 M=1 github.com/johnsonlee/graphite/graphite-server/internal/store.(*decoder).node /Users/johnsonlee/.codex/benchmarks/graphite/regex-quoted-contains-profile-after-bc708-v1/source/internal/store/decode.go:314 s=279
     8: 0x104683f6b M=1 github.com/johnsonlee/graphite/graphite-server/internal/store.(*Store).ProjectionCandidateNode /Users/johnsonlee/.codex/benchmarks/graphite/regex-quoted-contains-profile-after-bc708-v1/source/internal/store/projection_node.go:89 s=13
     9: 0x1046e312b M=1 github.com/johnsonlee/graphite/graphite-server/internal/query.evaluator.lazyGenericNodes.func1 /Users/johnsonlee/.codex/benchmarks/graphite/regex-quoted-contains-profile-after-bc708-v1/source/internal/query/lazy_filtered.go:310 s=302
    10: 0x1046e0d3f M=1 github.com/johnsonlee/graphite/graphite-server/internal/query.evaluator.lazyFiltered /Users/johnsonlee/.codex/benchmarks/graphite/regex-quoted-contains-profile-after-bc708-v1/source/internal/query/lazy_filtered.go:150 s=113
    11: 0x1046b5adf M=1 github.com/johnsonlee/graphite/graphite-server/internal/query.evaluator.branch /Users/johnsonlee/.codex/benchmarks/graphite/regex-quoted-contains-profile-after-bc708-v1/source/internal/query/engine.go:195 s=173
    12: 0x1046b4963 M=1 github.com/johnsonlee/graphite/graphite-server/internal/query.executeSources /Users/johnsonlee/.codex/benchmarks/graphite/regex-quoted-contains-profile-after-bc708-v1/source/internal/query/engine.go:108 s=60
    13: 0x1046b4277 M=1 github.com/johnsonlee/graphite/graphite-server/internal/query.ExecuteCrossWithOptions /Users/johnsonlee/.codex/benchmarks/graphite/regex-quoted-contains-profile-after-bc708-v1/source/internal/query/engine.go:57 s=42
    14: 0x1047236ef M=1 main.newWorker.func1 /Users/johnsonlee/.codex/benchmarks/graphite/regex-quoted-contains-profile-after-bc708-v1/source/cmd/graphite-benchmark-latency/main.go:49 s=46
    15: 0x10450663f M=1 runtime.pthread_cond_signal /opt/homebrew/Cellar/go/1.22.0/libexec/src/runtime/sys_darwin.go:528 s=527
    16: 0x1044e1187 M=1 runtime.semawakeup /opt/homebrew/Cellar/go/1.22.0/libexec/src/runtime/os_darwin.go:84 s=77
    17: 0x1044b7563 M=1 runtime.notewakeup /opt/homebrew/Cellar/go/1.22.0/libexec/src/runtime/lock_sema.go:163 s=144
    18: 0x1044eb223 M=1 runtime.startm /opt/homebrew/Cellar/go/1.22.0/libexec/src/runtime/proc.go:2895 s=2809
    19: 0x1044eb913 M=1 runtime.wakep /opt/homebrew/Cellar/go/1.22.0/libexec/src/runtime/proc.go:3006 s=2975
    20: 0x1044eebff M=1 runtime.goschedImpl /opt/homebrew/Cellar/go/1.22.0/libexec/src/runtime/proc.go:4062 s=4039
    21: 0x104500dbb M=1 runtime.gopreempt_m /opt/homebrew/Cellar/go/1.22.0/libexec/src/runtime/proc.go:4082 s=4081
             runtime.newstack /opt/homebrew/Cellar/go/1.22.0/libexec/src/runtime/stack.go:1070 s=962
    22: 0x104518c0f M=1 runtime.morestack /opt/homebrew/Cellar/go/1.22.0/libexec/src/runtime/asm_arm64.s:341 s=301
    23: 0x10451b4c0 M=1 runtime.duffcopy /opt/homebrew/Cellar/go/1.22.0/libexec/src/runtime/duff_arm64.s:207 s=74
    24: 0x1046b06fb M=1 github.com/johnsonlee/graphite/graphite-server/internal/query.(*candidateSlot).property /Users/johnsonlee/.codex/benchmarks/graphite/regex-quoted-contains-profile-after-bc708-v1/source/internal/query/candidate.go:58 s=46
    25: 0x1046baecf M=1 github.com/johnsonlee/graphite/graphite-server/internal/query.evaluator.eval /Users/johnsonlee/.codex/benchmarks/graphite/regex-quoted-contains-profile-after-bc708-v1/source/internal/query/eval.go:97 s=82
    26: 0x1046bd61b M=1 github.com/johnsonlee/graphite/graphite-server/internal/query.evaluator.binary /Users/johnsonlee/.codex/benchmarks/graphite/regex-quoted-contains-profile-after-bc708-v1/source/internal/query/eval.go:349 s=347
    27: 0x1046bb8eb M=1 github.com/johnsonlee/graphite/graphite-server/internal/query.evaluator.eval /Users/johnsonlee/.codex/benchmarks/graphite/regex-quoted-contains-profile-after-bc708-v1/source/internal/query/eval.go:162 s=82
    28: 0x1046bd757 M=1 github.com/johnsonlee/graphite/graphite-server/internal/query.evaluator.binary /Users/johnsonlee/.codex/benchmarks/graphite/regex-quoted-contains-profile-after-bc708-v1/source/internal/query/eval.go:359 s=347
    29: 0x1046e107b M=1 github.com/johnsonlee/graphite/graphite-server/internal/query.evaluator.lazyFiltered /Users/johnsonlee/.codex/benchmarks/graphite/regex-quoted-contains-profile-after-bc708-v1/source/internal/query/lazy_filtered.go:165 s=113
    30: 0x10451b500 M=1 runtime.duffcopy /opt/homebrew/Cellar/go/1.22.0/libexec/src/runtime/duff_arm64.s:231 s=74
    31: 0x104683f83 M=1 github.com/johnsonlee/graphite/graphite-server/internal/store.(*Store).ProjectionCandidateNode /Users/johnsonlee/.codex/benchmarks/graphite/regex-quoted-contains-profile-after-bc708-v1/source/internal/store/projection_node.go:89 s=13
    32: 0x1044b8a38 M=1 runtime.mallocgc /opt/homebrew/Cellar/go/1.22.0/libexec/src/runtime/malloc.go:1107 s=971
    33: 0x104677277 M=1 github.com/johnsonlee/graphite/graphite-server/internal/store.(*decoder).i32 /Users/johnsonlee/.codex/benchmarks/graphite/regex-quoted-contains-profile-after-bc708-v1/source/internal/store/decode.go:138 s=137
             github.com/johnsonlee/graphite/graphite-server/internal/store.(*decoder).node /Users/johnsonlee/.codex/benchmarks/graphite/regex-quoted-contains-profile-after-bc708-v1/source/internal/store/decode.go:280 s=279
    34: 0x1046ba774 M=1 github.com/johnsonlee/graphite/graphite-server/internal/query.evaluator.check /Users/johnsonlee/.codex/benchmarks/graphite/regex-quoted-contains-profile-after-bc708-v1/source/internal/query/eval.go:60 s=60
    35: 0x1046ba8ff M=1 github.com/johnsonlee/graphite/graphite-server/internal/query.evaluator.eval /Users/johnsonlee/.codex/benchmarks/graphite/regex-quoted-contains-profile-after-bc708-v1/source/internal/query/eval.go:83 s=82
    36: 0x1046bd67f M=1 github.com/johnsonlee/graphite/graphite-server/internal/query.evaluator.binary /Users/johnsonlee/.codex/benchmarks/graphite/regex-quoted-contains-profile-after-bc708-v1/source/internal/query/eval.go:353 s=347
    37: 0x104676240 M=1 github.com/johnsonlee/graphite/graphite-server/internal/store.(*decoder).scalarBytes /Users/johnsonlee/.codex/benchmarks/graphite/regex-quoted-contains-profile-after-bc708-v1/source/internal/store/decode.go:109 s=107
    38: 0x104677513 M=1 github.com/johnsonlee/graphite/graphite-server/internal/store.(*decoder).node /Users/johnsonlee/.codex/benchmarks/graphite/regex-quoted-contains-profile-after-bc708-v1/source/internal/store/decode.go:312 s=279
    39: 0x1046ba8bc M=1 github.com/johnsonlee/graphite/graphite-server/internal/query.evaluator.eval /Users/johnsonlee/.codex/benchmarks/graphite/regex-quoted-contains-profile-after-bc708-v1/source/internal/query/eval.go:82 s=82
    40: 0x10453a178 M=1 sync/atomic.(*Value).Load /opt/homebrew/Cellar/go/1.22.0/libexec/src/sync/atomic/value.go:31 s=28
             context.(*cancelCtx).Done /opt/homebrew/Cellar/go/1.22.0/libexec/src/context/context.go:439 s=438
    41: 0x1046847f3 M=1 github.com/johnsonlee/graphite/graphite-server/internal/store.(*Store).ProjectionCandidateNode.func1 /Users/johnsonlee/.codex/benchmarks/graphite/regex-quoted-contains-profile-after-bc708-v1/source/internal/store/projection_node.go:43 s=38
    42: 0x104684757 M=1 github.com/johnsonlee/graphite/graphite-server/internal/store.(*Store).ProjectionCandidateNode.func2 /Users/johnsonlee/.codex/benchmarks/graphite/regex-quoted-contains-profile-after-bc708-v1/source/internal/store/projection_node.go:58 s=57
    43: 0x104684657 M=1 github.com/johnsonlee/graphite/graphite-server/internal/store.(*Store).ProjectionCandidateNode.func3 /Users/johnsonlee/.codex/benchmarks/graphite/regex-quoted-contains-profile-after-bc708-v1/source/internal/store/projection_node.go:65 s=64
    44: 0x104684487 M=1 github.com/johnsonlee/graphite/graphite-server/internal/store.(*Store).ProjectionCandidateNode.func4 /Users/johnsonlee/.codex/benchmarks/graphite/regex-quoted-contains-profile-after-bc708-v1/source/internal/store/projection_node.go:94 s=93
    45: 0x104683d17 M=1 github.com/johnsonlee/graphite/graphite-server/internal/store.(*Store).ProjectionCandidateNode /Users/johnsonlee/.codex/benchmarks/graphite/regex-quoted-contains-profile-after-bc708-v1/source/internal/store/projection_node.go:103 s=13
    46: 0x10453a16c M=1 context.(*cancelCtx).Done /opt/homebrew/Cellar/go/1.22.0/libexec/src/context/context.go:439 s=438
    47: 0x104683bd3 M=1 github.com/johnsonlee/graphite/graphite-server/internal/store.(*Store).ProjectionCandidateNode.func2 /Users/johnsonlee/.codex/benchmarks/graphite/regex-quoted-contains-profile-after-bc708-v1/source/internal/store/projection_node.go:58 s=57
             github.com/johnsonlee/graphite/graphite-server/internal/store.(*Store).ProjectionCandidateNode /Users/johnsonlee/.codex/benchmarks/graphite/regex-quoted-contains-profile-after-bc708-v1/source/internal/store/projection_node.go:75 s=13
    48: 0x1046fe250 M=1 github.com/johnsonlee/graphite/graphite-server/internal/query.NodeProperty /Users/johnsonlee/.codex/benchmarks/graphite/regex-quoted-contains-profile-after-bc708-v1/source/internal/query/properties.go:34 s=9
    49: 0x1046b0737 M=1 github.com/johnsonlee/graphite/graphite-server/internal/query.(*candidateSlot).property /Users/johnsonlee/.codex/benchmarks/graphite/regex-quoted-contains-profile-after-bc708-v1/source/internal/query/candidate.go:58 s=46
    50: 0x104678d40 M=1 github.com/johnsonlee/graphite/graphite-server/internal/store.(*Store).prepareProjectionOffsets /Users/johnsonlee/.codex/benchmarks/graphite/regex-quoted-contains-profile-after-bc708-v1/source/internal/store/distinct_projection.go:55 s=55
    51: 0x104683a43 M=1 github.com/johnsonlee/graphite/graphite-server/internal/store.(*Store).ProjectionCandidateNode /Users/johnsonlee/.codex/benchmarks/graphite/regex-quoted-contains-profile-after-bc708-v1/source/internal/store/projection_node.go:14 s=13
    52: 0x104684764 M=1 encoding/binary.bigEndian.Uint32 /opt/homebrew/Cellar/go/1.22.0/libexec/src/encoding/binary/binary.go:162 s=160
             github.com/johnsonlee/graphite/graphite-server/internal/store.(*Store).ProjectionCandidateNode.func2 /Users/johnsonlee/.codex/benchmarks/graphite/regex-quoted-contains-profile-after-bc708-v1/source/internal/store/projection_node.go:62 s=57
    53: 0x104683c9f M=1 github.com/johnsonlee/graphite/graphite-server/internal/store.(*Store).ProjectionCandidateNode /Users/johnsonlee/.codex/benchmarks/graphite/regex-quoted-contains-profile-after-bc708-v1/source/internal/store/projection_node.go:102 s=13
    54: 0x1046a92e8 M=1 github.com/johnsonlee/graphite/graphite-server/internal/javaregex.(*quotedContains).matches /Users/johnsonlee/.codex/benchmarks/graphite/regex-quoted-contains-profile-after-bc708-v1/source/internal/javaregex/quoted_contains.go:76 s=62
    55: 0x1046a9c4f M=1 github.com/johnsonlee/graphite/graphite-server/internal/javaregex.(*Pattern).MatchesContext /Users/johnsonlee/.codex/benchmarks/graphite/regex-quoted-contains-profile-after-bc708-v1/source/internal/javaregex/regex.go:131 s=126
    56: 0x1047001df M=1 github.com/johnsonlee/graphite/graphite-server/internal/query.evaluator.regexMatch /Users/johnsonlee/.codex/benchmarks/graphite/regex-quoted-contains-profile-after-bc708-v1/source/internal/query/regex.go:166 s=125
    57: 0x1046bd6d3 M=1 github.com/johnsonlee/graphite/graphite-server/internal/query.evaluator.binary /Users/johnsonlee/.codex/benchmarks/graphite/regex-quoted-contains-profile-after-bc708-v1/source/internal/query/eval.go:357 s=347
    58: 0x104517e58 M=1 aeshashbody /opt/homebrew/Cellar/go/1.22.0/libexec/src/runtime/asm_arm64.s:631 s=596
    59: 0x1044be553 M=1 runtime.mapassign_faststr /opt/homebrew/Cellar/go/1.22.0/libexec/src/runtime/map_faststr.go:215 s=203
    60: 0x1046e1003 M=1 github.com/johnsonlee/graphite/graphite-server/internal/query.evaluator.lazyFiltered /Users/johnsonlee/.codex/benchmarks/graphite/regex-quoted-contains-profile-after-bc708-v1/source/internal/query/lazy_filtered.go:164 s=113
    61: 0x10451b2d8 M=1 runtime.duffzero /opt/homebrew/Cellar/go/1.22.0/libexec/src/runtime/duff_arm64.s:42 s=7
    62: 0x104677267 M=1 github.com/johnsonlee/graphite/graphite-server/internal/store.(*decoder).node /Users/johnsonlee/.codex/benchmarks/graphite/regex-quoted-contains-profile-after-bc708-v1/source/internal/store/decode.go:279 s=279
    63: 0x10453c290 M=1 io.ReadAtLeast /opt/homebrew/Cellar/go/1.22.0/libexec/src/io/io.go:329 s=329
    64: 0x104676043 M=1 io.ReadFull /opt/homebrew/Cellar/go/1.22.0/libexec/src/io/io.go:354 s=353
             github.com/johnsonlee/graphite/graphite-server/internal/store.(*decoder).bytes /Users/johnsonlee/.codex/benchmarks/graphite/regex-quoted-contains-profile-after-bc708-v1/source/internal/store/decode.go:96 s=87
    65: 0x1046772c3 M=1 github.com/johnsonlee/graphite/graphite-server/internal/store.(*decoder).u8 /Users/johnsonlee/.codex/benchmarks/graphite/regex-quoted-contains-profile-after-bc708-v1/source/internal/store/decode.go:124 s=123
             github.com/johnsonlee/graphite/graphite-server/internal/store.(*decoder).node /Users/johnsonlee/.codex/benchmarks/graphite/regex-quoted-contains-profile-after-bc708-v1/source/internal/store/decode.go:281 s=279
    66: 0x10467623c M=1 github.com/johnsonlee/graphite/graphite-server/internal/store.(*decoder).scalarBytes /Users/johnsonlee/.codex/benchmarks/graphite/regex-quoted-contains-profile-after-bc708-v1/source/internal/store/decode.go:109 s=107
    67: 0x1044b1a9c M=1 runtime.empty /opt/homebrew/Cellar/go/1.22.0/libexec/src/runtime/chan.go:432 s=430
             runtime.chanrecv /opt/homebrew/Cellar/go/1.22.0/libexec/src/runtime/chan.go:474 s=457
    68: 0x1044b23cb M=1 runtime.selectnbrecv /opt/homebrew/Cellar/go/1.22.0/libexec/src/runtime/chan.go:714 s=713
    69: 0x1046ba7a3 M=1 github.com/johnsonlee/graphite/graphite-server/internal/query.evaluator.check /Users/johnsonlee/.codex/benchmarks/graphite/regex-quoted-contains-profile-after-bc708-v1/source/internal/query/eval.go:62 s=60
    70: 0x1046ba790 M=1 github.com/johnsonlee/graphite/graphite-server/internal/query.evaluator.check /Users/johnsonlee/.codex/benchmarks/graphite/regex-quoted-contains-profile-after-bc708-v1/source/internal/query/eval.go:62 s=60
    71: 0x1046ff947 M=1 github.com/johnsonlee/graphite/graphite-server/internal/query.evaluator.compileRegex /Users/johnsonlee/.codex/benchmarks/graphite/regex-quoted-contains-profile-after-bc708-v1/source/internal/query/regex.go:76 s=75
    72: 0x104700153 M=1 github.com/johnsonlee/graphite/graphite-server/internal/query.evaluator.regexMatch /Users/johnsonlee/.codex/benchmarks/graphite/regex-quoted-contains-profile-after-bc708-v1/source/internal/query/regex.go:126 s=125
    73: 0x1046bd94b M=1 github.com/johnsonlee/graphite/graphite-server/internal/query.evaluator.binary /Users/johnsonlee/.codex/benchmarks/graphite/regex-quoted-contains-profile-after-bc708-v1/source/internal/query/eval.go:366 s=347
    74: 0x1044b89e8 M=1 runtime.mallocgc /opt/homebrew/Cellar/go/1.22.0/libexec/src/runtime/malloc.go:1060 s=971
    75: 0x104676933 M=1 github.com/johnsonlee/graphite/graphite-server/internal/store.(*decoder).method /Users/johnsonlee/.codex/benchmarks/graphite/regex-quoted-contains-profile-after-bc708-v1/source/internal/store/decode.go:202 s=195
    76: 0x104677643 M=1 github.com/johnsonlee/graphite/graphite-server/internal/store.(*decoder).node /Users/johnsonlee/.codex/benchmarks/graphite/regex-quoted-contains-profile-after-bc708-v1/source/internal/store/decode.go:323 s=279
    77: 0x10453c27c M=1 io.ReadAtLeast /opt/homebrew/Cellar/go/1.22.0/libexec/src/io/io.go:329 s=329
    78: 0x104683acc M=1 github.com/johnsonlee/graphite/graphite-server/internal/store.(*Store).ProjectionCandidateNode /Users/johnsonlee/.codex/benchmarks/graphite/regex-quoted-contains-profile-after-bc708-v1/source/internal/store/projection_node.go:19 s=13
    79: 0x10453a160 M=1 context.(*cancelCtx).Done /opt/homebrew/Cellar/go/1.22.0/libexec/src/context/context.go:438 s=438
    80: 0x104683ae3 M=1 github.com/johnsonlee/graphite/graphite-server/internal/store.(*Store).ProjectionCandidateNode /Users/johnsonlee/.codex/benchmarks/graphite/regex-quoted-contains-profile-after-bc708-v1/source/internal/store/projection_node.go:23 s=13
    81: 0x10453a140 M=1 context.(*cancelCtx).Done /opt/homebrew/Cellar/go/1.22.0/libexec/src/context/context.go:438 s=438
    82: 0x104683c23 M=1 github.com/johnsonlee/graphite/graphite-server/internal/store.(*Store).ProjectionCandidateNode /Users/johnsonlee/.codex/benchmarks/graphite/regex-quoted-contains-profile-after-bc708-v1/source/internal/store/projection_node.go:76 s=13
    83: 0x104676494 M=1 github.com/johnsonlee/graphite/graphite-server/internal/store.(*decoder).str /Users/johnsonlee/.codex/benchmarks/graphite/regex-quoted-contains-profile-after-bc708-v1/source/internal/store/decode.go:168 s=159
    84: 0x1046775ab M=1 github.com/johnsonlee/graphite/graphite-server/internal/store.(*decoder).node /Users/johnsonlee/.codex/benchmarks/graphite/regex-quoted-contains-profile-after-bc708-v1/source/internal/store/decode.go:317 s=279
    85: 0x10451b504 M=1 runtime.duffcopy /opt/homebrew/Cellar/go/1.22.0/libexec/src/runtime/duff_arm64.s:232 s=74
    86: 0x1046ba8d8 M=1 github.com/johnsonlee/graphite/graphite-server/internal/query.evaluator.eval /Users/johnsonlee/.codex/benchmarks/graphite/regex-quoted-contains-profile-after-bc708-v1/source/internal/query/eval.go:83 s=82
    87: 0x1044b8a90 M=1 runtime.nextFreeFast /opt/homebrew/Cellar/go/1.22.0/libexec/src/runtime/malloc.go:912 s=911
             runtime.mallocgc /opt/homebrew/Cellar/go/1.22.0/libexec/src/runtime/malloc.go:1118 s=971
    88: 0x1046762a3 M=1 github.com/johnsonlee/graphite/graphite-server/internal/store.(*decoder).i32 /Users/johnsonlee/.codex/benchmarks/graphite/regex-quoted-contains-profile-after-bc708-v1/source/internal/store/decode.go:138 s=137
             github.com/johnsonlee/graphite/graphite-server/internal/store.(*decoder).count /Users/johnsonlee/.codex/benchmarks/graphite/regex-quoted-contains-profile-after-bc708-v1/source/internal/store/decode.go:152 s=151
    89: 0x10467689b M=1 github.com/johnsonlee/graphite/graphite-server/internal/store.(*decoder).method /Users/johnsonlee/.codex/benchmarks/graphite/regex-quoted-contains-profile-after-bc708-v1/source/internal/store/decode.go:197 s=195
    90: 0x1044b8a8c M=1 runtime.mallocgc /opt/homebrew/Cellar/go/1.22.0/libexec/src/runtime/malloc.go:1117 s=971
    91: 0x10450648f M=1 runtime.kevent /opt/homebrew/Cellar/go/1.22.0/libexec/src/runtime/sys_darwin.go:458 s=457
    92: 0x1044e0c9f M=1 runtime.netpoll /opt/homebrew/Cellar/go/1.22.0/libexec/src/runtime/netpoll_kqueue.go:141 s=121
    93: 0x1044ec92b M=1 runtime.findRunnable /opt/homebrew/Cellar/go/1.22.0/libexec/src/runtime/proc.go:3470 s=3139
    94: 0x1044ee367 M=1 runtime.schedule /opt/homebrew/Cellar/go/1.22.0/libexec/src/runtime/proc.go:3868 s=3839
    95: 0x1044ee9ff M=1 runtime.park_m /opt/homebrew/Cellar/go/1.22.0/libexec/src/runtime/proc.go:4036 s=4007
    96: 0x104518a73 M=1 runtime.mcall /opt/homebrew/Cellar/go/1.22.0/libexec/src/runtime/asm_arm64.s:192 s=166
    97: 0x1046ef324 M=1 github.com/johnsonlee/graphite/graphite-server/internal/query.failMainStringRead /Users/johnsonlee/.codex/benchmarks/graphite/regex-quoted-contains-profile-after-bc708-v1/source/internal/query/main_string_source.go:210 s=209
    98: 0x1046e3183 M=1 github.com/johnsonlee/graphite/graphite-server/internal/query.evaluator.lazyGenericNodes.func1 /Users/johnsonlee/.codex/benchmarks/graphite/regex-quoted-contains-profile-after-bc708-v1/source/internal/query/lazy_filtered.go:311 s=302
    99: 0x1046e3088 M=1 github.com/johnsonlee/graphite/graphite-server/internal/query.evaluator.lazyGenericNodes.func1 /Users/johnsonlee/.codex/benchmarks/graphite/regex-quoted-contains-profile-after-bc708-v1/source/internal/query/lazy_filtered.go:306 s=302
   100: 0x10451b34c M=1 runtime.duffzero /opt/homebrew/Cellar/go/1.22.0/libexec/src/runtime/duff_arm64.s:71 s=7
   101: 0x10453c34c M=1 io.ReadAtLeast /opt/homebrew/Cellar/go/1.22.0/libexec/src/io/io.go:333 s=329
   102: 0x1046bd5a8 M=1 github.com/johnsonlee/graphite/graphite-server/internal/query.evaluator.binary /Users/johnsonlee/.codex/benchmarks/graphite/regex-quoted-contains-profile-after-bc708-v1/source/internal/query/eval.go:347 s=347
   103: 0x1044be634 M=1 runtime.mapassign_faststr /opt/homebrew/Cellar/go/1.22.0/libexec/src/runtime/map_faststr.go:230 s=203
   104: 0x10451b498 M=1 runtime.duffcopy /opt/homebrew/Cellar/go/1.22.0/libexec/src/runtime/duff_arm64.s:192 s=74
   105: 0x1046b071f M=1 github.com/johnsonlee/graphite/graphite-server/internal/query.(*candidateSlot).property /Users/johnsonlee/.codex/benchmarks/graphite/regex-quoted-contains-profile-after-bc708-v1/source/internal/query/candidate.go:58 s=46
   106: 0x1046ff8f4 M=1 github.com/johnsonlee/graphite/graphite-server/internal/query.evaluator.compileRegex /Users/johnsonlee/.codex/benchmarks/graphite/regex-quoted-contains-profile-after-bc708-v1/source/internal/query/regex.go:75 s=75
   107: 0x1046a92f0 M=1 github.com/johnsonlee/graphite/graphite-server/internal/javaregex.(*quotedContains).matches /Users/johnsonlee/.codex/benchmarks/graphite/regex-quoted-contains-profile-after-bc708-v1/source/internal/javaregex/quoted_contains.go:76 s=62
   108: 0x1046e0fdc M=1 github.com/johnsonlee/graphite/graphite-server/internal/query.evaluator.lazyFiltered /Users/johnsonlee/.codex/benchmarks/graphite/regex-quoted-contains-profile-after-bc708-v1/source/internal/query/lazy_filtered.go:161 s=113
   109: 0x1044b9170 M=1 runtime.deductAssistCredit /opt/homebrew/Cellar/go/1.22.0/libexec/src/runtime/malloc.go:1337 s=1337
   110: 0x1044b8957 M=1 runtime.mallocgc /opt/homebrew/Cellar/go/1.22.0/libexec/src/runtime/malloc.go:1025 s=971
   111: 0x1046ba75c M=1 github.com/johnsonlee/graphite/graphite-server/internal/query.evaluator.check /Users/johnsonlee/.codex/benchmarks/graphite/regex-quoted-contains-profile-after-bc708-v1/source/internal/query/eval.go:60 s=60
   112: 0x1046bae93 M=1 github.com/johnsonlee/graphite/graphite-server/internal/query.evaluator.eval /Users/johnsonlee/.codex/benchmarks/graphite/regex-quoted-contains-profile-after-bc708-v1/source/internal/query/eval.go:94 s=82
   113: 0x10451b560 M=1 runtime.duffcopy /opt/homebrew/Cellar/go/1.22.0/libexec/src/runtime/duff_arm64.s:267 s=74
   114: 0x1046e0e2f M=1 github.com/johnsonlee/graphite/graphite-server/internal/query.evaluator.lazyFiltered /Users/johnsonlee/.codex/benchmarks/graphite/regex-quoted-contains-profile-after-bc708-v1/source/internal/query/lazy_filtered.go:156 s=113
   115: 0x104684928 M=1 github.com/johnsonlee/graphite/graphite-server/internal/store.(*Store).ProjectionCandidateNode.func1 /Users/johnsonlee/.codex/benchmarks/graphite/regex-quoted-contains-profile-after-bc708-v1/source/internal/store/projection_node.go:55 s=38
   116: 0x104684523 M=1 github.com/johnsonlee/graphite/graphite-server/internal/store.(*Store).ProjectionCandidateNode.func4 /Users/johnsonlee/.codex/benchmarks/graphite/regex-quoted-contains-profile-after-bc708-v1/source/internal/store/projection_node.go:97 s=93
   117: 0x10451b5f0 M=1 runtime.memclrNoHeapPointers /opt/homebrew/Cellar/go/1.22.0/libexec/src/runtime/memclr_arm64.s:69 s=11
   118: 0x1044b8d37 M=1 runtime.mallocgc /opt/homebrew/Cellar/go/1.22.0/libexec/src/runtime/malloc.go:1153 s=971
   119: 0x1044b92cb M=1 runtime.newobject /opt/homebrew/Cellar/go/1.22.0/libexec/src/runtime/malloc.go:1390 s=1389
   120: 0x104683ebf M=1 bytes.NewReader /opt/homebrew/Cellar/go/1.22.0/libexec/src/bytes/reader.go:159 s=159
             github.com/johnsonlee/graphite/graphite-server/internal/store.(*Store).ProjectionCandidateNode /Users/johnsonlee/.codex/benchmarks/graphite/regex-quoted-contains-profile-after-bc708-v1/source/internal/store/projection_node.go:87 s=13
   121: 0x1044b1a80 M=1 runtime.chanrecv /opt/homebrew/Cellar/go/1.22.0/libexec/src/runtime/chan.go:457 s=457
   122: 0x1046847ff M=1 github.com/johnsonlee/graphite/graphite-server/internal/store.(*Store).ProjectionCandidateNode.func1 /Users/johnsonlee/.codex/benchmarks/graphite/regex-quoted-contains-profile-after-bc708-v1/source/internal/store/projection_node.go:43 s=38
   123: 0x1046845b3 M=1 github.com/johnsonlee/graphite/graphite-server/internal/store.(*Store).ProjectionCandidateNode.func4 /Users/johnsonlee/.codex/benchmarks/graphite/regex-quoted-contains-profile-after-bc708-v1/source/internal/store/projection_node.go:99 s=93
   124: 0x104683bc8 M=1 github.com/johnsonlee/graphite/graphite-server/internal/store.(*Store).ProjectionCandidateNode.func2 /Users/johnsonlee/.codex/benchmarks/graphite/regex-quoted-contains-profile-after-bc708-v1/source/internal/store/projection_node.go:58 s=57
             github.com/johnsonlee/graphite/graphite-server/internal/store.(*Store).ProjectionCandidateNode /Users/johnsonlee/.codex/benchmarks/graphite/regex-quoted-contains-profile-after-bc708-v1/source/internal/store/projection_node.go:75 s=13
   125: 0x1046a9320 M=1 github.com/johnsonlee/graphite/graphite-server/internal/javaregex.(*quotedContains).matches /Users/johnsonlee/.codex/benchmarks/graphite/regex-quoted-contains-profile-after-bc708-v1/source/internal/javaregex/quoted_contains.go:91 s=62
   126: 0x104521c80 M=1 errors.is /opt/homebrew/Cellar/go/1.22.0/libexec/src/errors/wrap.go:53 s=53
   127: 0x104521c23 M=1 errors.Is /opt/homebrew/Cellar/go/1.22.0/libexec/src/errors/wrap.go:50 s=44
   128: 0x1046ef333 M=1 github.com/johnsonlee/graphite/graphite-server/internal/query.failMainStringRead /Users/johnsonlee/.codex/benchmarks/graphite/regex-quoted-contains-profile-after-bc708-v1/source/internal/query/main_string_source.go:210 s=209
   129: 0x1044b89d4 M=1 runtime.mallocgc /opt/homebrew/Cellar/go/1.22.0/libexec/src/runtime/malloc.go:1059 s=971
   130: 0x1046768b3 M=1 github.com/johnsonlee/graphite/graphite-server/internal/store.(*decoder).method /Users/johnsonlee/.codex/benchmarks/graphite/regex-quoted-contains-profile-after-bc708-v1/source/internal/store/decode.go:198 s=195
   131: 0x10453a45c M=1 sync.(*Mutex).Lock /opt/homebrew/Cellar/go/1.22.0/libexec/src/sync/mutex.go:83 s=81
             context.(*cancelCtx).Err /opt/homebrew/Cellar/go/1.22.0/libexec/src/context/context.go:454 s=453
   132: 0x1046a9383 M=1 github.com/johnsonlee/graphite/graphite-server/internal/javaregex.(*quotedContains).matches /Users/johnsonlee/.codex/benchmarks/graphite/regex-quoted-contains-profile-after-bc708-v1/source/internal/javaregex/quoted_contains.go:96 s=62
   133: 0x1046a9314 M=1 github.com/johnsonlee/graphite/graphite-server/internal/javaregex.(*quotedContains).matches /Users/johnsonlee/.codex/benchmarks/graphite/regex-quoted-contains-profile-after-bc708-v1/source/internal/javaregex/quoted_contains.go:91 s=62
   134: 0x104675f48 M=1 github.com/johnsonlee/graphite/graphite-server/internal/store.(*decoder).bytes /Users/johnsonlee/.codex/benchmarks/graphite/regex-quoted-contains-profile-after-bc708-v1/source/internal/store/decode.go:88 s=87
   135: 0x1046e0f74 M=1 github.com/johnsonlee/graphite/graphite-server/internal/query.evaluator.lazyFiltered /Users/johnsonlee/.codex/benchmarks/graphite/regex-quoted-contains-profile-after-bc708-v1/source/internal/query/lazy_filtered.go:161 s=113
   136: 0x10453a1d0 M=1 context.(*cancelCtx).Done /opt/homebrew/Cellar/go/1.22.0/libexec/src/context/context.go:441 s=438
   137: 0x104683da3 M=1 github.com/johnsonlee/graphite/graphite-server/internal/store.(*Store).ProjectionCandidateNode.func2 /Users/johnsonlee/.codex/benchmarks/graphite/regex-quoted-contains-profile-after-bc708-v1/source/internal/store/projection_node.go:58 s=57
             github.com/johnsonlee/graphite/graphite-server/internal/store.(*Store).ProjectionCandidateNode /Users/johnsonlee/.codex/benchmarks/graphite/regex-quoted-contains-profile-after-bc708-v1/source/internal/store/projection_node.go:104 s=13
   138: 0x1046a9378 M=1 github.com/johnsonlee/graphite/graphite-server/internal/javaregex.(*quotedContains).matches /Users/johnsonlee/.codex/benchmarks/graphite/regex-quoted-contains-profile-after-bc708-v1/source/internal/javaregex/quoted_contains.go:96 s=62
   139: 0x1046ba8f8 M=1 github.com/johnsonlee/graphite/graphite-server/internal/query.evaluator.eval /Users/johnsonlee/.codex/benchmarks/graphite/regex-quoted-contains-profile-after-bc708-v1/source/internal/query/eval.go:83 s=82
   140: 0x104571c84 M=1 bytes.(*Reader).Read /opt/homebrew/Cellar/go/1.22.0/libexec/src/bytes/reader.go:44 s=39
   141: 0x10453c30f M=1 io.ReadAtLeast /opt/homebrew/Cellar/go/1.22.0/libexec/src/io/io.go:335 s=329
   142: 0x104678da4 M=1 github.com/johnsonlee/graphite/graphite-server/internal/store.(*Store).prepareProjectionOffsets /Users/johnsonlee/.codex/benchmarks/graphite/regex-quoted-contains-profile-after-bc708-v1/source/internal/store/distinct_projection.go:58 s=55
   143: 0x104521d50 M=1 errors.is /opt/homebrew/Cellar/go/1.22.0/libexec/src/errors/wrap.go:61 s=53
   144: 0x1046ba850 M=1 github.com/johnsonlee/graphite/graphite-server/internal/query.evaluator.eval /Users/johnsonlee/.codex/benchmarks/graphite/regex-quoted-contains-profile-after-bc708-v1/source/internal/query/eval.go:82 s=82
   145: 0x1046bb8ec M=1 github.com/johnsonlee/graphite/graphite-server/internal/query.evaluator.eval /Users/johnsonlee/.codex/benchmarks/graphite/regex-quoted-contains-profile-after-bc708-v1/source/internal/query/eval.go:162 s=82
   146: 0x1044b8880 M=1 runtime.mallocgc /opt/homebrew/Cellar/go/1.22.0/libexec/src/runtime/malloc.go:971 s=971
   147: 0x1044b898c M=1 runtime.getMCache /opt/homebrew/Cellar/go/1.22.0/libexec/src/runtime/mcache.go:128 s=126
             runtime.mallocgc /opt/homebrew/Cellar/go/1.22.0/libexec/src/runtime/malloc.go:1039 s=971
   148: 0x104683c4c M=1 github.com/johnsonlee/graphite/graphite-server/internal/store.(*Store).ProjectionCandidateNode /Users/johnsonlee/.codex/benchmarks/graphite/regex-quoted-contains-profile-after-bc708-v1/source/internal/store/projection_node.go:92 s=13
   149: 0x10451b46c M=1 runtime.duffcopy /opt/homebrew/Cellar/go/1.22.0/libexec/src/runtime/duff_arm64.s:175 s=74
   150: 0x1044b8ab0 M=1 runtime.nextFreeFast /opt/homebrew/Cellar/go/1.22.0/libexec/src/runtime/malloc.go:915 s=911
             runtime.mallocgc /opt/homebrew/Cellar/go/1.22.0/libexec/src/runtime/malloc.go:1118 s=971
   151: 0x1046776a4 M=1 github.com/johnsonlee/graphite/graphite-server/internal/store.(*decoder).node /Users/johnsonlee/.codex/benchmarks/graphite/regex-quoted-contains-profile-after-bc708-v1/source/internal/store/decode.go:325 s=279
   152: 0x104683d38 M=1 github.com/johnsonlee/graphite/graphite-server/internal/store.(*Store).ProjectionCandidateNode /Users/johnsonlee/.codex/benchmarks/graphite/regex-quoted-contains-profile-after-bc708-v1/source/internal/store/projection_node.go:103 s=13
   153: 0x10451b510 M=1 runtime.duffcopy /opt/homebrew/Cellar/go/1.22.0/libexec/src/runtime/duff_arm64.s:237 s=74
   154: 0x1046e31a3 M=1 github.com/johnsonlee/graphite/graphite-server/internal/query.evaluator.lazyGenericNodes.func1 /Users/johnsonlee/.codex/benchmarks/graphite/regex-quoted-contains-profile-after-bc708-v1/source/internal/query/lazy_filtered.go:315 s=302
   155: 0x1046a928c M=1 github.com/johnsonlee/graphite/graphite-server/internal/javaregex.(*quotedContains).matches /Users/johnsonlee/.codex/benchmarks/graphite/regex-quoted-contains-profile-after-bc708-v1/source/internal/javaregex/quoted_contains.go:66 s=62
   156: 0x104676488 M=1 github.com/johnsonlee/graphite/graphite-server/internal/store.(*decoder).str /Users/johnsonlee/.codex/benchmarks/graphite/regex-quoted-contains-profile-after-bc708-v1/source/internal/store/decode.go:168 s=159
   157: 0x1044b1a98 M=1 runtime.empty /opt/homebrew/Cellar/go/1.22.0/libexec/src/runtime/chan.go:432 s=430
             runtime.chanrecv /opt/homebrew/Cellar/go/1.22.0/libexec/src/runtime/chan.go:474 s=457
   158: 0x1046bd5f8 M=1 github.com/johnsonlee/graphite/graphite-server/internal/query.evaluator.binary /Users/johnsonlee/.codex/benchmarks/graphite/regex-quoted-contains-profile-after-bc708-v1/source/internal/query/eval.go:349 s=347
   159: 0x1044b92b0 M=1 runtime.newobject /opt/homebrew/Cellar/go/1.22.0/libexec/src/runtime/malloc.go:1389 s=1389
   160: 0x104683de3 M=1 github.com/johnsonlee/graphite/graphite-server/internal/store.(*Store).ProjectionCandidateNode /Users/johnsonlee/.codex/benchmarks/graphite/regex-quoted-contains-profile-after-bc708-v1/source/internal/store/projection_node.go:108 s=13
   161: 0x1044b1a8c M=1 runtime.chanrecv /opt/homebrew/Cellar/go/1.22.0/libexec/src/runtime/chan.go:474 s=457
   162: 0x1046849c4 M=1 sync/atomic.(*Int32).Add /opt/homebrew/Cellar/go/1.22.0/libexec/src/sync/atomic/type.go:88 s=88
             sync.(*RWMutex).RUnlock /opt/homebrew/Cellar/go/1.22.0/libexec/src/sync/rwmutex.go:116 s=110
   163: 0x104683fe3 M=1 github.com/johnsonlee/graphite/graphite-server/internal/store.(*Store).ProjectionCandidateNode /Users/johnsonlee/.codex/benchmarks/graphite/regex-quoted-contains-profile-after-bc708-v1/source/internal/store/projection_node.go:90 s=13
   164: 0x104521be4 M=1 internal/reflectlite.TypeOf /opt/homebrew/Cellar/go/1.22.0/libexec/src/internal/reflectlite/type.go:401 s=400
             errors.Is /opt/homebrew/Cellar/go/1.22.0/libexec/src/errors/wrap.go:49 s=44
   165: 0x1046e3074 M=1 github.com/johnsonlee/graphite/graphite-server/internal/query.evaluator.lazyGenericNodes.func1 /Users/johnsonlee/.codex/benchmarks/graphite/regex-quoted-contains-profile-after-bc708-v1/source/internal/query/lazy_filtered.go:306 s=302
   166: 0x10451b334 M=1 runtime.duffzero /opt/homebrew/Cellar/go/1.22.0/libexec/src/runtime/duff_arm64.s:65 s=7
   167: 0x104683c07 M=1 github.com/johnsonlee/graphite/graphite-server/internal/store.(*Store).ProjectionCandidateNode /Users/johnsonlee/.codex/benchmarks/graphite/regex-quoted-contains-profile-after-bc708-v1/source/internal/store/projection_node.go:75 s=13
   168: 0x10451b550 M=1 runtime.duffcopy /opt/homebrew/Cellar/go/1.22.0/libexec/src/runtime/duff_arm64.s:261 s=74
   169: 0x104677a13 M=1 github.com/johnsonlee/graphite/graphite-server/internal/store.(*decoder).node /Users/johnsonlee/.codex/benchmarks/graphite/regex-quoted-contains-profile-after-bc708-v1/source/internal/store/decode.go:356 s=279
   170: 0x10451b544 M=1 runtime.duffcopy /opt/homebrew/Cellar/go/1.22.0/libexec/src/runtime/duff_arm64.s:256 s=74
   171: 0x1046e303f M=1 github.com/johnsonlee/graphite/graphite-server/internal/query.evaluator.lazyGenericNodes.func1 /Users/johnsonlee/.codex/benchmarks/graphite/regex-quoted-contains-profile-after-bc708-v1/source/internal/query/lazy_filtered.go:303 s=302
   172: 0x1046a92e0 M=1 github.com/johnsonlee/graphite/graphite-server/internal/javaregex.(*quotedContains).matches /Users/johnsonlee/.codex/benchmarks/graphite/regex-quoted-contains-profile-after-bc708-v1/source/internal/javaregex/quoted_contains.go:73 s=62
   173: 0x1046bd590 M=1 github.com/johnsonlee/graphite/graphite-server/internal/query.evaluator.binary /Users/johnsonlee/.codex/benchmarks/graphite/regex-quoted-contains-profile-after-bc708-v1/source/internal/query/eval.go:348 s=347
   174: 0x1044b645c M=1 runtime.convTstring /opt/homebrew/Cellar/go/1.22.0/libexec/src/runtime/iface.go:395 s=388
   175: 0x1046fddf7 M=1 github.com/johnsonlee/graphite/graphite-server/internal/query.NodeProperty /Users/johnsonlee/.codex/benchmarks/graphite/regex-quoted-contains-profile-after-bc708-v1/source/internal/query/properties.go:18 s=9
   176: 0x1044fec84 M=1 runtime.makeslice /opt/homebrew/Cellar/go/1.22.0/libexec/src/runtime/slice.go:94 s=92
   177: 0x104676078 M=1 github.com/johnsonlee/graphite/graphite-server/internal/store.(*decoder).bytes /Users/johnsonlee/.codex/benchmarks/graphite/regex-quoted-contains-profile-after-bc708-v1/source/internal/store/decode.go:97 s=87
   178: 0x1044dec80 M=1 runtime/internal/atomic.(*Uint64).Add /opt/homebrew/Cellar/go/1.22.0/libexec/src/runtime/internal/atomic/types.go:344 s=343
             runtime.(*atomicHeadTailIndex).incTail /opt/homebrew/Cellar/go/1.22.0/libexec/src/runtime/mspanset.go:377 s=376
   179: 0x1044de62f M=1 runtime.(*spanSet).push /opt/homebrew/Cellar/go/1.22.0/libexec/src/runtime/mspanset.go:76 s=74
   180: 0x1044c2077 M=1 runtime.(*mcentral).uncacheSpan /opt/homebrew/Cellar/go/1.22.0/libexec/src/runtime/mcentral.go:244 s=204
   181: 0x1044c12f7 M=1 runtime.(*mcache).refill /opt/homebrew/Cellar/go/1.22.0/libexec/src/runtime/mcache.go:159 s=147
   182: 0x1044b86eb M=1 runtime.(*mcache).nextFree /opt/homebrew/Cellar/go/1.22.0/libexec/src/runtime/malloc.go:948 s=938
   183: 0x1044b8cdf M=1 runtime.mallocgc /opt/homebrew/Cellar/go/1.22.0/libexec/src/runtime/malloc.go:1149 s=971
   184: 0x1044b917c M=1 runtime.deductAssistCredit /opt/homebrew/Cellar/go/1.22.0/libexec/src/runtime/malloc.go:1337 s=1337
   185: 0x104676867 M=1 github.com/johnsonlee/graphite/graphite-server/internal/store.(*decoder).method /Users/johnsonlee/.codex/benchmarks/graphite/regex-quoted-contains-profile-after-bc708-v1/source/internal/store/decode.go:196 s=195
   186: 0x1046ba797 M=1 github.com/johnsonlee/graphite/graphite-server/internal/query.evaluator.check /Users/johnsonlee/.codex/benchmarks/graphite/regex-quoted-contains-profile-after-bc708-v1/source/internal/query/eval.go:62 s=60
   187: 0x1044b8ec0 M=1 runtime.mallocgc /opt/homebrew/Cellar/go/1.22.0/libexec/src/runtime/malloc.go:1217 s=971
   188: 0x1044ff1af M=1 runtime.growslice /opt/homebrew/Cellar/go/1.22.0/libexec/src/runtime/slice.go:250 s=155
   189: 0x10468455b M=1 github.com/johnsonlee/graphite/graphite-server/internal/store.(*Store).ProjectionCandidateNode.func4 /Users/johnsonlee/.codex/benchmarks/graphite/regex-quoted-contains-profile-after-bc708-v1/source/internal/store/projection_node.go:97 s=93
   190: 0x10451b300 M=1 runtime.duffzero /opt/homebrew/Cellar/go/1.22.0/libexec/src/runtime/duff_arm64.s:52 s=7
   191: 0x1046e0d1f M=1 github.com/johnsonlee/graphite/graphite-server/internal/query.evaluator.lazyFiltered /Users/johnsonlee/.codex/benchmarks/graphite/regex-quoted-contains-profile-after-bc708-v1/source/internal/query/lazy_filtered.go:150 s=113
   192: 0x10451b2fc M=1 runtime.duffzero /opt/homebrew/Cellar/go/1.22.0/libexec/src/runtime/duff_arm64.s:51 s=7
   193: 0x10467696c M=1 github.com/johnsonlee/graphite/graphite-server/internal/store.(*decoder).method /Users/johnsonlee/.codex/benchmarks/graphite/regex-quoted-contains-profile-after-bc708-v1/source/internal/store/decode.go:203 s=195
   194: 0x10451b30c M=1 runtime.duffzero /opt/homebrew/Cellar/go/1.22.0/libexec/src/runtime/duff_arm64.s:55 s=7
   195: 0x104683a2b M=1 github.com/johnsonlee/graphite/graphite-server/internal/store.(*Store).ProjectionCandidateNode /Users/johnsonlee/.codex/benchmarks/graphite/regex-quoted-contains-profile-after-bc708-v1/source/internal/store/projection_node.go:13 s=13
   196: 0x1044b8c2c M=1 runtime.mallocgc /opt/homebrew/Cellar/go/1.22.0/libexec/src/runtime/malloc.go:1146 s=971
   197: 0x1044b8abc M=1 runtime.nextFreeFast /opt/homebrew/Cellar/go/1.22.0/libexec/src/runtime/malloc.go:916 s=911
             runtime.mallocgc /opt/homebrew/Cellar/go/1.22.0/libexec/src/runtime/malloc.go:1118 s=971
   198: 0x1044b8a50 M=1 runtime.mallocgc /opt/homebrew/Cellar/go/1.22.0/libexec/src/runtime/malloc.go:1111 s=971
   199: 0x104684900 M=1 github.com/johnsonlee/graphite/graphite-server/internal/store.(*Store).ProjectionCandidateNode.func1 /Users/johnsonlee/.codex/benchmarks/graphite/regex-quoted-contains-profile-after-bc708-v1/source/internal/store/projection_node.go:53 s=38
   200: 0x1046e0dd8 M=1 github.com/johnsonlee/graphite/graphite-server/internal/query.evaluator.lazyFiltered /Users/johnsonlee/.codex/benchmarks/graphite/regex-quoted-contains-profile-after-bc708-v1/source/internal/query/lazy_filtered.go:156 s=113
   201: 0x10451b2c8 M=1 runtime.duffzero /opt/homebrew/Cellar/go/1.22.0/libexec/src/runtime/duff_arm64.s:38 s=7
   202: 0x1046e301f M=1 github.com/johnsonlee/graphite/graphite-server/internal/query.evaluator.lazyGenericNodes.func1 /Users/johnsonlee/.codex/benchmarks/graphite/regex-quoted-contains-profile-after-bc708-v1/source/internal/query/lazy_filtered.go:302 s=302
   203: 0x10451b534 M=1 runtime.duffcopy /opt/homebrew/Cellar/go/1.22.0/libexec/src/runtime/duff_arm64.s:250 s=74
   204: 0x104683faf M=1 github.com/johnsonlee/graphite/graphite-server/internal/store.(*Store).ProjectionCandidateNode /Users/johnsonlee/.codex/benchmarks/graphite/regex-quoted-contains-profile-after-bc708-v1/source/internal/store/projection_node.go:90 s=13
   205: 0x1046849cc M=1 sync/atomic.(*Int32).Add /opt/homebrew/Cellar/go/1.22.0/libexec/src/sync/atomic/type.go:88 s=88
             sync.(*RWMutex).RUnlock /opt/homebrew/Cellar/go/1.22.0/libexec/src/sync/rwmutex.go:116 s=110
   206: 0x1046762c4 M=1 github.com/johnsonlee/graphite/graphite-server/internal/store.(*decoder).count /Users/johnsonlee/.codex/benchmarks/graphite/regex-quoted-contains-profile-after-bc708-v1/source/internal/store/decode.go:153 s=151
   207: 0x1044b8aa4 M=1 runtime.nextFreeFast /opt/homebrew/Cellar/go/1.22.0/libexec/src/runtime/malloc.go:914 s=911
             runtime.mallocgc /opt/homebrew/Cellar/go/1.22.0/libexec/src/runtime/malloc.go:1118 s=971
   208: 0x10467759b M=1 github.com/johnsonlee/graphite/graphite-server/internal/store.(*decoder).node /Users/johnsonlee/.codex/benchmarks/graphite/regex-quoted-contains-profile-after-bc708-v1/source/internal/store/decode.go:316 s=279
   209: 0x1046bd60c M=1 github.com/johnsonlee/graphite/graphite-server/internal/query.evaluator.binary /Users/johnsonlee/.codex/benchmarks/graphite/regex-quoted-contains-profile-after-bc708-v1/source/internal/query/eval.go:349 s=347
   210: 0x1046d18cc M=1 github.com/johnsonlee/graphite/graphite-server/internal/query.failProjectionRead /Users/johnsonlee/.codex/benchmarks/graphite/regex-quoted-contains-profile-after-bc708-v1/source/internal/query/indexed_distinct.go:24 s=24
   211: 0x1046ef343 M=1 github.com/johnsonlee/graphite/graphite-server/internal/query.failMainStringRead /Users/johnsonlee/.codex/benchmarks/graphite/regex-quoted-contains-profile-after-bc708-v1/source/internal/query/main_string_source.go:213 s=209
   212: 0x10451b4e4 M=1 runtime.duffcopy /opt/homebrew/Cellar/go/1.22.0/libexec/src/runtime/duff_arm64.s:220 s=74
   213: 0x1046e0d7b M=1 github.com/johnsonlee/graphite/graphite-server/internal/query.evaluator.lazyFiltered /Users/johnsonlee/.codex/benchmarks/graphite/regex-quoted-contains-profile-after-bc708-v1/source/internal/query/lazy_filtered.go:150 s=113
   214: 0x10451b308 M=1 runtime.duffzero /opt/homebrew/Cellar/go/1.22.0/libexec/src/runtime/duff_arm64.s:54 s=7
   215: 0x1046772ab M=1 github.com/johnsonlee/graphite/graphite-server/internal/store.(*decoder).node /Users/johnsonlee/.codex/benchmarks/graphite/regex-quoted-contains-profile-after-bc708-v1/source/internal/store/decode.go:280 s=279
   216: 0x104525108 M=1 sync.(*Mutex).Lock /opt/homebrew/Cellar/go/1.22.0/libexec/src/sync/mutex.go:83 s=81
             sync.(*RWMutex).Lock /opt/homebrew/Cellar/go/1.22.0/libexec/src/sync/rwmutex.go:146 s=140
   217: 0x104678d77 M=1 github.com/johnsonlee/graphite/graphite-server/internal/store.(*Store).prepareProjectionOffsets /Users/johnsonlee/.codex/benchmarks/graphite/regex-quoted-contains-profile-after-bc708-v1/source/internal/store/distinct_projection.go:56 s=55
   218: 0x1044b8c64 M=1 runtime.nextFreeFast /opt/homebrew/Cellar/go/1.22.0/libexec/src/runtime/malloc.go:916 s=911
             runtime.mallocgc /opt/homebrew/Cellar/go/1.22.0/libexec/src/runtime/malloc.go:1147 s=971
   219: 0x1044b6427 M=1 runtime.convTstring /opt/homebrew/Cellar/go/1.22.0/libexec/src/runtime/iface.go:392 s=388
   220: 0x1046fde47 M=1 github.com/johnsonlee/graphite/graphite-server/internal/query.NodeProperty /Users/johnsonlee/.codex/benchmarks/graphite/regex-quoted-contains-profile-after-bc708-v1/source/internal/query/properties.go:24 s=9
   221: 0x1047001c8 M=1 github.com/johnsonlee/graphite/graphite-server/internal/query.evaluator.regexMatch /Users/johnsonlee/.codex/benchmarks/graphite/regex-quoted-contains-profile-after-bc708-v1/source/internal/query/regex.go:166 s=125
   222: 0x10451b464 M=1 runtime.duffcopy /opt/homebrew/Cellar/go/1.22.0/libexec/src/runtime/duff_arm64.s:172 s=74
   223: 0x10453a190 M=1 sync/atomic.(*Value).Load /opt/homebrew/Cellar/go/1.22.0/libexec/src/sync/atomic/value.go:35 s=28
             context.(*cancelCtx).Done /opt/homebrew/Cellar/go/1.22.0/libexec/src/context/context.go:439 s=438
   224: 0x10451b52c M=1 runtime.duffcopy /opt/homebrew/Cellar/go/1.22.0/libexec/src/runtime/duff_arm64.s:247 s=74
   225: 0x104683c34 M=1 github.com/johnsonlee/graphite/graphite-server/internal/store.(*Store).ProjectionCandidateNode /Users/johnsonlee/.codex/benchmarks/graphite/regex-quoted-contains-profile-after-bc708-v1/source/internal/store/projection_node.go:80 s=13
   226: 0x1044b23b4 M=1 runtime.selectnbrecv /opt/homebrew/Cellar/go/1.22.0/libexec/src/runtime/chan.go:713 s=713
   227: 0x1046844e3 M=1 github.com/johnsonlee/graphite/graphite-server/internal/store.(*Store).ProjectionCandidateNode.func4 /Users/johnsonlee/.codex/benchmarks/graphite/regex-quoted-contains-profile-after-bc708-v1/source/internal/store/projection_node.go:95 s=93
   228: 0x10453a438 M=1 context.(*cancelCtx).Err /opt/homebrew/Cellar/go/1.22.0/libexec/src/context/context.go:454 s=453
   229: 0x1044b8970 M=1 runtime.mallocgc /opt/homebrew/Cellar/go/1.22.0/libexec/src/runtime/malloc.go:1029 s=971
   230: 0x10451b778 M=1 runtime.memmove /opt/homebrew/Cellar/go/1.22.0/libexec/src/runtime/memmove_arm64.s:67 s=29
   231: 0x104571ca3 M=1 bytes.(*Reader).Read /opt/homebrew/Cellar/go/1.22.0/libexec/src/bytes/reader.go:44 s=39
   232: 0x1046e0d84 M=1 github.com/johnsonlee/graphite/graphite-server/internal/query.evaluator.lazyFiltered /Users/johnsonlee/.codex/benchmarks/graphite/regex-quoted-contains-profile-after-bc708-v1/source/internal/query/lazy_filtered.go:150 s=113
   233: 0x1046849c8 M=1 sync/atomic.(*Int32).Add /opt/homebrew/Cellar/go/1.22.0/libexec/src/sync/atomic/type.go:88 s=88
             sync.(*RWMutex).RUnlock /opt/homebrew/Cellar/go/1.22.0/libexec/src/sync/rwmutex.go:116 s=110
   234: 0x10468438b M=1 github.com/johnsonlee/graphite/graphite-server/internal/store.(*Store).ProjectionCandidateNode /Users/johnsonlee/.codex/benchmarks/graphite/regex-quoted-contains-profile-after-bc708-v1/source/internal/store/projection_node.go:120 s=13
   235: 0x1044b8ebc M=1 runtime.mallocgc /opt/homebrew/Cellar/go/1.22.0/libexec/src/runtime/malloc.go:1207 s=971
   236: 0x104676378 M=1 github.com/johnsonlee/graphite/graphite-server/internal/store.(*decoder).count /Users/johnsonlee/.codex/benchmarks/graphite/regex-quoted-contains-profile-after-bc708-v1/source/internal/store/decode.go:157 s=151
   237: 0x10451b4b4 M=1 runtime.duffcopy /opt/homebrew/Cellar/go/1.22.0/libexec/src/runtime/duff_arm64.s:202 s=74
   238: 0x104676070 M=1 github.com/johnsonlee/graphite/graphite-server/internal/store.(*decoder).bytes /Users/johnsonlee/.codex/benchmarks/graphite/regex-quoted-contains-profile-after-bc708-v1/source/internal/store/decode.go:97 s=87
   239: 0x10451b53c M=1 runtime.duffcopy /opt/homebrew/Cellar/go/1.22.0/libexec/src/runtime/duff_arm64.s:253 s=74
   240: 0x104683b5c M=1 github.com/johnsonlee/graphite/graphite-server/internal/store.(*Store).ProjectionCandidateNode /Users/johnsonlee/.codex/benchmarks/graphite/regex-quoted-contains-profile-after-bc708-v1/source/internal/store/projection_node.go:38 s=13
   241: 0x1044b23b0 M=1 runtime.selectnbrecv /opt/homebrew/Cellar/go/1.22.0/libexec/src/runtime/chan.go:713 s=713
   242: 0x10451b4ac M=1 runtime.duffcopy /opt/homebrew/Cellar/go/1.22.0/libexec/src/runtime/duff_arm64.s:199 s=74
   243: 0x1044b8994 M=1 runtime.getMCache /opt/homebrew/Cellar/go/1.22.0/libexec/src/runtime/mcache.go:137 s=126
             runtime.mallocgc /opt/homebrew/Cellar/go/1.22.0/libexec/src/runtime/malloc.go:1039 s=971
   244: 0x10451b4cc M=1 runtime.duffcopy /opt/homebrew/Cellar/go/1.22.0/libexec/src/runtime/duff_arm64.s:211 s=74
   245: 0x1046e3147 M=1 github.com/johnsonlee/graphite/graphite-server/internal/query.evaluator.lazyGenericNodes.func1 /Users/johnsonlee/.codex/benchmarks/graphite/regex-quoted-contains-profile-after-bc708-v1/source/internal/query/lazy_filtered.go:310 s=302
   246: 0x1046e3068 M=1 github.com/johnsonlee/graphite/graphite-server/internal/query.evaluator.lazyGenericNodes.func1 /Users/johnsonlee/.codex/benchmarks/graphite/regex-quoted-contains-profile-after-bc708-v1/source/internal/query/lazy_filtered.go:305 s=302
   247: 0x1046bb884 M=1 github.com/johnsonlee/graphite/graphite-server/internal/query.evaluator.eval /Users/johnsonlee/.codex/benchmarks/graphite/regex-quoted-contains-profile-after-bc708-v1/source/internal/query/eval.go:162 s=82
   248: 0x1044b8d44 M=1 runtime.mallocgc /opt/homebrew/Cellar/go/1.22.0/libexec/src/runtime/malloc.go:1306 s=971
   249: 0x10451b4ec M=1 runtime.duffcopy /opt/homebrew/Cellar/go/1.22.0/libexec/src/runtime/duff_arm64.s:223 s=74
   250: 0x10453c348 M=1 io.ReadAtLeast /opt/homebrew/Cellar/go/1.22.0/libexec/src/io/io.go:335 s=329
   251: 0x10451b554 M=1 runtime.duffcopy /opt/homebrew/Cellar/go/1.22.0/libexec/src/runtime/duff_arm64.s:262 s=74
   252: 0x1046e0d57 M=1 github.com/johnsonlee/graphite/graphite-server/internal/query.evaluator.lazyFiltered /Users/johnsonlee/.codex/benchmarks/graphite/regex-quoted-contains-profile-after-bc708-v1/source/internal/query/lazy_filtered.go:150 s=113
   253: 0x1046e316b M=1 github.com/johnsonlee/graphite/graphite-server/internal/query.evaluator.lazyGenericNodes.func1 /Users/johnsonlee/.codex/benchmarks/graphite/regex-quoted-contains-profile-after-bc708-v1/source/internal/query/lazy_filtered.go:310 s=302
   254: 0x1046763d4 M=1 github.com/johnsonlee/graphite/graphite-server/internal/store.(*decoder).i32 /Users/johnsonlee/.codex/benchmarks/graphite/regex-quoted-contains-profile-after-bc708-v1/source/internal/store/decode.go:139 s=137
             github.com/johnsonlee/graphite/graphite-server/internal/store.(*decoder).str /Users/johnsonlee/.codex/benchmarks/graphite/regex-quoted-contains-profile-after-bc708-v1/source/internal/store/decode.go:160 s=159
   255: 0x104676857 M=1 github.com/johnsonlee/graphite/graphite-server/internal/store.(*decoder).method /Users/johnsonlee/.codex/benchmarks/graphite/regex-quoted-contains-profile-after-bc708-v1/source/internal/store/decode.go:196 s=195
   256: 0x104677278 M=1 github.com/johnsonlee/graphite/graphite-server/internal/store.(*decoder).i32 /Users/johnsonlee/.codex/benchmarks/graphite/regex-quoted-contains-profile-after-bc708-v1/source/internal/store/decode.go:139 s=137
             github.com/johnsonlee/graphite/graphite-server/internal/store.(*decoder).node /Users/johnsonlee/.codex/benchmarks/graphite/regex-quoted-contains-profile-after-bc708-v1/source/internal/store/decode.go:280 s=279
   257: 0x1046ffe7c M=1 github.com/johnsonlee/graphite/graphite-server/internal/query.evaluator.compileRegex /Users/johnsonlee/.codex/benchmarks/graphite/regex-quoted-contains-profile-after-bc708-v1/source/internal/query/regex.go:85 s=75
   258: 0x1046fde10 M=1 github.com/johnsonlee/graphite/graphite-server/internal/query.NodeProperty /Users/johnsonlee/.codex/benchmarks/graphite/regex-quoted-contains-profile-after-bc708-v1/source/internal/query/properties.go:23 s=9
   259: 0x1046e3117 M=1 github.com/johnsonlee/graphite/graphite-server/internal/query.evaluator.lazyGenericNodes.func1 /Users/johnsonlee/.codex/benchmarks/graphite/regex-quoted-contains-profile-after-bc708-v1/source/internal/query/lazy_filtered.go:310 s=302
   260: 0x1046bb87c M=1 github.com/johnsonlee/graphite/graphite-server/internal/query.evaluator.eval /Users/johnsonlee/.codex/benchmarks/graphite/regex-quoted-contains-profile-after-bc708-v1/source/internal/query/eval.go:161 s=82
   261: 0x10451b50c M=1 runtime.duffcopy /opt/homebrew/Cellar/go/1.22.0/libexec/src/runtime/duff_arm64.s:235 s=74
   262: 0x1044ff02c M=1 runtime.growslice /opt/homebrew/Cellar/go/1.22.0/libexec/src/runtime/slice.go:211 s=155
   263: 0x1046842db M=1 github.com/johnsonlee/graphite/graphite-server/internal/store.(*Store).ProjectionCandidateNode /Users/johnsonlee/.codex/benchmarks/graphite/regex-quoted-contains-profile-after-bc708-v1/source/internal/store/projection_node.go:115 s=13
   264: 0x10451b470 M=1 runtime.duffcopy /opt/homebrew/Cellar/go/1.22.0/libexec/src/runtime/duff_arm64.s:177 s=74
   265: 0x10453a1ac M=1 context.(*cancelCtx).Done /opt/homebrew/Cellar/go/1.22.0/libexec/src/context/context.go:439 s=438
   266: 0x104683df7 M=1 github.com/johnsonlee/graphite/graphite-server/internal/store.(*Store).ProjectionCandidateNode.func2 /Users/johnsonlee/.codex/benchmarks/graphite/regex-quoted-contains-profile-after-bc708-v1/source/internal/store/projection_node.go:58 s=57
             github.com/johnsonlee/graphite/graphite-server/internal/store.(*Store).ProjectionCandidateNode /Users/johnsonlee/.codex/benchmarks/graphite/regex-quoted-contains-profile-after-bc708-v1/source/internal/store/projection_node.go:108 s=13
   267: 0x10467628c M=1 github.com/johnsonlee/graphite/graphite-server/internal/store.(*decoder).count /Users/johnsonlee/.codex/benchmarks/graphite/regex-quoted-contains-profile-after-bc708-v1/source/internal/store/decode.go:151 s=151
   268: 0x104676084 M=1 github.com/johnsonlee/graphite/graphite-server/internal/store.(*decoder).bytes /Users/johnsonlee/.codex/benchmarks/graphite/regex-quoted-contains-profile-after-bc708-v1/source/internal/store/decode.go:98 s=87
   269: 0x104676490 M=1 github.com/johnsonlee/graphite/graphite-server/internal/store.(*decoder).str /Users/johnsonlee/.codex/benchmarks/graphite/regex-quoted-contains-profile-after-bc708-v1/source/internal/store/decode.go:168 s=159
   270: 0x104571c2c M=1 bytes.(*Reader).Read /opt/homebrew/Cellar/go/1.22.0/libexec/src/bytes/reader.go:39 s=39
   271: 0x1044b8c4c M=1 runtime.nextFreeFast /opt/homebrew/Cellar/go/1.22.0/libexec/src/runtime/malloc.go:914 s=911
             runtime.mallocgc /opt/homebrew/Cellar/go/1.22.0/libexec/src/runtime/malloc.go:1147 s=971
   272: 0x1046ffcbc M=1 github.com/johnsonlee/graphite/graphite-server/internal/query.evaluator.compileRegex /Users/johnsonlee/.codex/benchmarks/graphite/regex-quoted-contains-profile-after-bc708-v1/source/internal/query/regex.go:79 s=75
   273: 0x1044b89c0 M=1 runtime.mallocgc /opt/homebrew/Cellar/go/1.22.0/libexec/src/runtime/malloc.go:1046 s=971
   274: 0x1044ff173 M=1 runtime.growslice /opt/homebrew/Cellar/go/1.22.0/libexec/src/runtime/slice.go:242 s=155
   275: 0x1044b8bd0 M=1 runtime.mallocgc /opt/homebrew/Cellar/go/1.22.0/libexec/src/runtime/malloc.go:1140 s=971
   276: 0x1045065bf M=1 runtime.pthread_cond_wait /opt/homebrew/Cellar/go/1.22.0/libexec/src/runtime/sys_darwin.go:507 s=506
   277: 0x1044e1033 M=1 runtime.semasleep /opt/homebrew/Cellar/go/1.22.0/libexec/src/runtime/os_darwin.go:71 s=39
   278: 0x1044b7657 M=1 runtime.notesleep /opt/homebrew/Cellar/go/1.22.0/libexec/src/runtime/lock_sema.go:183 s=167
   279: 0x1044eaf93 M=1 runtime.mPark /opt/homebrew/Cellar/go/1.22.0/libexec/src/runtime/proc.go:1761 s=1759
             runtime.stopm /opt/homebrew/Cellar/go/1.22.0/libexec/src/runtime/proc.go:2782 s=2766
   280: 0x1044ecf1f M=1 runtime.findRunnable /opt/homebrew/Cellar/go/1.22.0/libexec/src/runtime/proc.go:3512 s=3139
   281: 0x10467736b M=1 github.com/johnsonlee/graphite/graphite-server/internal/store.(*decoder).node /Users/johnsonlee/.codex/benchmarks/graphite/regex-quoted-contains-profile-after-bc708-v1/source/internal/store/decode.go:293 s=279
   282: 0x104683f94 M=1 github.com/johnsonlee/graphite/graphite-server/internal/store.(*Store).ProjectionCandidateNode /Users/johnsonlee/.codex/benchmarks/graphite/regex-quoted-contains-profile-after-bc708-v1/source/internal/store/projection_node.go:90 s=13
   283: 0x10451b55c M=1 runtime.duffcopy /opt/homebrew/Cellar/go/1.22.0/libexec/src/runtime/duff_arm64.s:265 s=74
   284: 0x1046a930c M=1 github.com/johnsonlee/graphite/graphite-server/internal/javaregex.(*quotedContains).matches /Users/johnsonlee/.codex/benchmarks/graphite/regex-quoted-contains-profile-after-bc708-v1/source/internal/javaregex/quoted_contains.go:99 s=62
   285: 0x1044c51f8 M=1 runtime.(*fixalloc).alloc /opt/homebrew/Cellar/go/1.22.0/libexec/src/runtime/mfixalloc.go:82 s=74
   286: 0x1044d50ef M=1 runtime.(*mheap).allocMSpanLocked /opt/homebrew/Cellar/go/1.22.0/libexec/src/runtime/mheap.go:1119 s=1107
   287: 0x1044d52eb M=1 runtime.(*mheap).allocSpan /opt/homebrew/Cellar/go/1.22.0/libexec/src/runtime/mheap.go:1260 s=1171
   288: 0x1044d4d8b M=1 runtime.(*mheap).alloc.func1 /opt/homebrew/Cellar/go/1.22.0/libexec/src/runtime/mheap.go:964 s=958
   289: 0x104518b0b M=1 runtime.systemstack /opt/homebrew/Cellar/go/1.22.0/libexec/src/runtime/asm_arm64.s:243 s=206
   290: 0x1044d4ce3 M=1 runtime.(*mheap).alloc /opt/homebrew/Cellar/go/1.22.0/libexec/src/runtime/mheap.go:958 s=953
   291: 0x1044c212b M=1 runtime.(*mcentral).grow /opt/homebrew/Cellar/go/1.22.0/libexec/src/runtime/mcentral.go:254 s=250
   292: 0x1044c1f7b M=1 runtime.(*mcentral).cacheSpan /opt/homebrew/Cellar/go/1.22.0/libexec/src/runtime/mcentral.go:170 s=81
   293: 0x1044c141b M=1 runtime.(*mcache).refill /opt/homebrew/Cellar/go/1.22.0/libexec/src/runtime/mcache.go:182 s=147
   294: 0x10451b48c M=1 runtime.duffcopy /opt/homebrew/Cellar/go/1.22.0/libexec/src/runtime/duff_arm64.s:187 s=74
   295: 0x10451b454 M=1 runtime.duffcopy /opt/homebrew/Cellar/go/1.22.0/libexec/src/runtime/duff_arm64.s:166 s=74
   296: 0x104678dc7 M=1 github.com/johnsonlee/graphite/graphite-server/internal/store.(*Store).prepareProjectionOffsets /Users/johnsonlee/.codex/benchmarks/graphite/regex-quoted-contains-profile-after-bc708-v1/source/internal/store/distinct_projection.go:62 s=55
   297: 0x1046847c4 M=1 github.com/johnsonlee/graphite/graphite-server/internal/store.(*Store).ProjectionCandidateNode.func1 /Users/johnsonlee/.codex/benchmarks/graphite/regex-quoted-contains-profile-after-bc708-v1/source/internal/store/projection_node.go:39 s=38
   298: 0x1044b8e84 M=1 runtime.mallocgc /opt/homebrew/Cellar/go/1.22.0/libexec/src/runtime/malloc.go:1183 s=971
   299: 0x1044b1aa0 M=1 runtime.empty /opt/homebrew/Cellar/go/1.22.0/libexec/src/runtime/chan.go:433 s=430
             runtime.chanrecv /opt/homebrew/Cellar/go/1.22.0/libexec/src/runtime/chan.go:474 s=457
   300: 0x1046845a8 M=1 github.com/johnsonlee/graphite/graphite-server/internal/store.(*Store).ProjectionCandidateNode.func4 /Users/johnsonlee/.codex/benchmarks/graphite/regex-quoted-contains-profile-after-bc708-v1/source/internal/store/projection_node.go:99 s=93
   301: 0x104683a10 M=1 github.com/johnsonlee/graphite/graphite-server/internal/store.(*Store).ProjectionCandidateNode /Users/johnsonlee/.codex/benchmarks/graphite/regex-quoted-contains-profile-after-bc708-v1/source/internal/store/projection_node.go:14 s=13
   302: 0x1044b8b2f M=1 runtime.mallocgc /opt/homebrew/Cellar/go/1.22.0/libexec/src/runtime/malloc.go:1120 s=971
   303: 0x1044be51c M=1 runtime.mapassign_faststr /opt/homebrew/Cellar/go/1.22.0/libexec/src/runtime/map_faststr.go:211 s=203
   304: 0x104683d48 M=1 github.com/johnsonlee/graphite/graphite-server/internal/store.(*Store).ProjectionCandidateNode /Users/johnsonlee/.codex/benchmarks/graphite/regex-quoted-contains-profile-after-bc708-v1/source/internal/store/projection_node.go:103 s=13
   305: 0x1046bb858 M=1 github.com/johnsonlee/graphite/graphite-server/internal/query.evaluator.eval /Users/johnsonlee/.codex/benchmarks/graphite/regex-quoted-contains-profile-after-bc708-v1/source/internal/query/eval.go:161 s=82
   306: 0x1044fec78 M=1 runtime.makeslice /opt/homebrew/Cellar/go/1.22.0/libexec/src/runtime/slice.go:93 s=92
   307: 0x104675f50 M=1 github.com/johnsonlee/graphite/graphite-server/internal/store.(*decoder).bytes /Users/johnsonlee/.codex/benchmarks/graphite/regex-quoted-contains-profile-after-bc708-v1/source/internal/store/decode.go:88 s=87
   308: 0x104677633 M=1 github.com/johnsonlee/graphite/graphite-server/internal/store.(*decoder).node /Users/johnsonlee/.codex/benchmarks/graphite/regex-quoted-contains-profile-after-bc708-v1/source/internal/store/decode.go:322 s=279
   309: 0x10451b490 M=1 runtime.duffcopy /opt/homebrew/Cellar/go/1.22.0/libexec/src/runtime/duff_arm64.s:189 s=74
   310: 0x10451b520 M=1 runtime.duffcopy /opt/homebrew/Cellar/go/1.22.0/libexec/src/runtime/duff_arm64.s:243 s=74
   311: 0x1044b8b18 M=1 runtime.mallocgc /opt/homebrew/Cellar/go/1.22.0/libexec/src/runtime/malloc.go:1119 s=971
   312: 0x1046a92fc M=1 github.com/johnsonlee/graphite/graphite-server/internal/javaregex.(*quotedContains).matches /Users/johnsonlee/.codex/benchmarks/graphite/regex-quoted-contains-profile-after-bc708-v1/source/internal/javaregex/quoted_contains.go:72 s=62
   313: 0x10451b32c M=1 runtime.duffzero /opt/homebrew/Cellar/go/1.22.0/libexec/src/runtime/duff_arm64.s:63 s=7
   314: 0x10451b77c M=1 runtime.memmove /opt/homebrew/Cellar/go/1.22.0/libexec/src/runtime/memmove_arm64.s:68 s=29
   315: 0x104571cc4 M=1 bytes.(*Reader).Read /opt/homebrew/Cellar/go/1.22.0/libexec/src/bytes/reader.go:46 s=39
   316: 0x1044fec88 M=1 runtime.makeslice /opt/homebrew/Cellar/go/1.22.0/libexec/src/runtime/slice.go:94 s=92
   317: 0x1046776ab M=1 github.com/johnsonlee/graphite/graphite-server/internal/store.(*decoder).node /Users/johnsonlee/.codex/benchmarks/graphite/regex-quoted-contains-profile-after-bc708-v1/source/internal/store/decode.go:325 s=279
   318: 0x104676948 M=1 github.com/johnsonlee/graphite/graphite-server/internal/store.(*decoder).method /Users/johnsonlee/.codex/benchmarks/graphite/regex-quoted-contains-profile-after-bc708-v1/source/internal/store/decode.go:203 s=195
   319: 0x104683cf8 M=1 github.com/johnsonlee/graphite/graphite-server/internal/store.(*Store).ProjectionCandidateNode /Users/johnsonlee/.codex/benchmarks/graphite/regex-quoted-contains-profile-after-bc708-v1/source/internal/store/projection_node.go:102 s=13
   320: 0x104683ee0 M=1 bytes.NewReader /opt/homebrew/Cellar/go/1.22.0/libexec/src/bytes/reader.go:159 s=159
             github.com/johnsonlee/graphite/graphite-server/internal/store.(*Store).ProjectionCandidateNode /Users/johnsonlee/.codex/benchmarks/graphite/regex-quoted-contains-profile-after-bc708-v1/source/internal/store/projection_node.go:87 s=13
   321: 0x1046ba88c M=1 github.com/johnsonlee/graphite/graphite-server/internal/query.evaluator.eval /Users/johnsonlee/.codex/benchmarks/graphite/regex-quoted-contains-profile-after-bc708-v1/source/internal/query/eval.go:82 s=82
   322: 0x1046a9274 M=1 github.com/johnsonlee/graphite/graphite-server/internal/javaregex.(*quotedContains).matches /Users/johnsonlee/.codex/benchmarks/graphite/regex-quoted-contains-profile-after-bc708-v1/source/internal/javaregex/quoted_contains.go:65 s=62
   323: 0x1044b8a08 M=1 runtime.mallocgc /opt/homebrew/Cellar/go/1.22.0/libexec/src/runtime/malloc.go:1102 s=971
   324: 0x1046bb894 M=1 github.com/johnsonlee/graphite/graphite-server/internal/query.evaluator.eval /Users/johnsonlee/.codex/benchmarks/graphite/regex-quoted-contains-profile-after-bc708-v1/source/internal/query/eval.go:162 s=82
   325: 0x1046e31ac M=1 github.com/johnsonlee/graphite/graphite-server/internal/query.evaluator.lazyGenericNodes.func1 /Users/johnsonlee/.codex/benchmarks/graphite/regex-quoted-contains-profile-after-bc708-v1/source/internal/query/lazy_filtered.go:315 s=302
   326: 0x10451b4dc M=1 runtime.duffcopy /opt/homebrew/Cellar/go/1.22.0/libexec/src/runtime/duff_arm64.s:217 s=74
   327: 0x1044d57ec M=1 runtime.(*mheap).initSpan /opt/homebrew/Cellar/go/1.22.0/libexec/src/runtime/mheap.go:1380 s=1377
   328: 0x1044d5517 M=1 runtime.(*mheap).allocSpan /opt/homebrew/Cellar/go/1.22.0/libexec/src/runtime/mheap.go:1340 s=1171
   329: 0x10451b318 M=1 runtime.duffzero /opt/homebrew/Cellar/go/1.22.0/libexec/src/runtime/duff_arm64.s:58 s=7
   330: 0x1045250d8 M=1 sync.(*RWMutex).Lock /opt/homebrew/Cellar/go/1.22.0/libexec/src/sync/rwmutex.go:140 s=140
   331: 0x10453c32c M=1 io.ReadAtLeast /opt/homebrew/Cellar/go/1.22.0/libexec/src/io/io.go:333 s=329
   332: 0x10451b54c M=1 runtime.duffcopy /opt/homebrew/Cellar/go/1.22.0/libexec/src/runtime/duff_arm64.s:259 s=74
   333: 0x1044c0efc M=1 runtime.(*mspan).writeHeapBitsSmall /opt/homebrew/Cellar/go/1.22.0/libexec/src/runtime/mbitmap_allocheaders.go:798 s=786
   334: 0x1044c104b M=1 runtime.heapSetType /opt/homebrew/Cellar/go/1.22.0/libexec/src/runtime/mbitmap_allocheaders.go:863 s=854
   335: 0x1044b8e7f M=1 runtime.mallocgc /opt/homebrew/Cellar/go/1.22.0/libexec/src/runtime/malloc.go:1183 s=971
   336: 0x1046847e0 M=1 github.com/johnsonlee/graphite/graphite-server/internal/store.(*Store).ProjectionCandidateNode.func1 /Users/johnsonlee/.codex/benchmarks/graphite/regex-quoted-contains-profile-after-bc708-v1/source/internal/store/projection_node.go:38 s=38
   337: 0x1046e0f98 M=1 github.com/johnsonlee/graphite/graphite-server/internal/query.evaluator.lazyFiltered /Users/johnsonlee/.codex/benchmarks/graphite/regex-quoted-contains-profile-after-bc708-v1/source/internal/query/lazy_filtered.go:161 s=113
   338: 0x10451b530 M=1 runtime.duffcopy /opt/homebrew/Cellar/go/1.22.0/libexec/src/runtime/duff_arm64.s:249 s=74
   339: 0x1044e79a3 M=1 runtime.ready /opt/homebrew/Cellar/go/1.22.0/libexec/src/runtime/proc.go:970 s=952
   340: 0x104506a57 M=1 runtime.goroutineReady.goready.func1 /opt/homebrew/Cellar/go/1.22.0/libexec/src/runtime/proc.go:413 s=412
   341: 0x1045069e7 M=1 runtime.goready /opt/homebrew/Cellar/go/1.22.0/libexec/src/runtime/proc.go:412 s=411
             runtime.goroutineReady /opt/homebrew/Cellar/go/1.22.0/libexec/src/runtime/time.go:249 s=248
   342: 0x1045089e7 M=1 runtime.runOneTimer /opt/homebrew/Cellar/go/1.22.0/libexec/src/runtime/time.go:885 s=841
   343: 0x1045087c3 M=1 runtime.runtimer /opt/homebrew/Cellar/go/1.22.0/libexec/src/runtime/time.go:792 s=774
   344: 0x1044ee6b3 M=1 runtime.checkTimers /opt/homebrew/Cellar/go/1.22.0/libexec/src/runtime/proc.go:3979 s=3945
   345: 0x1044ebfa7 M=1 runtime.findRunnable /opt/homebrew/Cellar/go/1.22.0/libexec/src/runtime/proc.go:3160 s=3139
   346: 0x104525224 M=1 sync/atomic.(*Int32).Add /opt/homebrew/Cellar/go/1.22.0/libexec/src/sync/atomic/type.go:88 s=88
             sync.(*RWMutex).Unlock /opt/homebrew/Cellar/go/1.22.0/libexec/src/sync/rwmutex.go:205 s=197
   347: 0x104678feb M=1 github.com/johnsonlee/graphite/graphite-server/internal/store.(*Store).prepareProjectionOffsets /Users/johnsonlee/.codex/benchmarks/graphite/regex-quoted-contains-profile-after-bc708-v1/source/internal/store/distinct_projection.go:69 s=55
   348: 0x1046ff930 M=1 github.com/johnsonlee/graphite/graphite-server/internal/query.evaluator.compileRegex /Users/johnsonlee/.codex/benchmarks/graphite/regex-quoted-contains-profile-after-bc708-v1/source/internal/query/regex.go:76 s=75
   349: 0x10451b4b8 M=1 runtime.duffcopy /opt/homebrew/Cellar/go/1.22.0/libexec/src/runtime/duff_arm64.s:204 s=74
   350: 0x1044b1a88 M=1 runtime.chanrecv /opt/homebrew/Cellar/go/1.22.0/libexec/src/runtime/chan.go:465 s=457
   351: 0x1046e30a7 M=1 github.com/johnsonlee/graphite/graphite-server/internal/query.evaluator.lazyGenericNodes.func1 /Users/johnsonlee/.codex/benchmarks/graphite/regex-quoted-contains-profile-after-bc708-v1/source/internal/query/lazy_filtered.go:306 s=302
   352: 0x10451b480 M=1 runtime.duffcopy /opt/homebrew/Cellar/go/1.22.0/libexec/src/runtime/duff_arm64.s:183 s=74
   353: 0x10451b4a0 M=1 runtime.duffcopy /opt/homebrew/Cellar/go/1.22.0/libexec/src/runtime/duff_arm64.s:195 s=74
   354: 0x104700108 M=1 github.com/johnsonlee/graphite/graphite-server/internal/query.evaluator.regexMatch /Users/johnsonlee/.codex/benchmarks/graphite/regex-quoted-contains-profile-after-bc708-v1/source/internal/query/regex.go:125 s=125
   355: 0x1044edf03 M=1 runtime.resetspinning /opt/homebrew/Cellar/go/1.22.0/libexec/src/runtime/proc.go:3750 s=3737
   356: 0x1044ee3db M=1 runtime.schedule /opt/homebrew/Cellar/go/1.22.0/libexec/src/runtime/proc.go:3886 s=3839
   357: 0x104678dbb M=1 github.com/johnsonlee/graphite/graphite-server/internal/store.(*Store).prepareProjectionOffsets /Users/johnsonlee/.codex/benchmarks/graphite/regex-quoted-contains-profile-after-bc708-v1/source/internal/store/distinct_projection.go:62 s=55
   358: 0x1045252d8 M=1 sync.(*Mutex).Unlock /opt/homebrew/Cellar/go/1.22.0/libexec/src/sync/mutex.go:220 s=212
             sync.(*RWMutex).Unlock /opt/homebrew/Cellar/go/1.22.0/libexec/src/sync/rwmutex.go:215 s=197
   359: 0x10453a150 M=1 context.(*cancelCtx).Done /opt/homebrew/Cellar/go/1.22.0/libexec/src/context/context.go:438 s=438
   360: 0x104676024 M=1 github.com/johnsonlee/graphite/graphite-server/internal/store.(*decoder).bytes /Users/johnsonlee/.codex/benchmarks/graphite/regex-quoted-contains-profile-after-bc708-v1/source/internal/store/decode.go:96 s=87
   361: 0x104684860 M=1 github.com/johnsonlee/graphite/graphite-server/internal/store.(*Store).ProjectionCandidateNode.func1 /Users/johnsonlee/.codex/benchmarks/graphite/regex-quoted-contains-profile-after-bc708-v1/source/internal/store/projection_node.go:49 s=38
   362: 0x1044b90a0 M=1 runtime.mallocgc /opt/homebrew/Cellar/go/1.22.0/libexec/src/runtime/malloc.go:977 s=971
   363: 0x10451b478 M=1 runtime.duffcopy /opt/homebrew/Cellar/go/1.22.0/libexec/src/runtime/duff_arm64.s:180 s=74
   364: 0x1044d62b0 M=1 runtime.(*mspan).init /opt/homebrew/Cellar/go/1.22.0/libexec/src/runtime/mheap.go:1680 s=1678
   365: 0x1044d57ef M=1 runtime.(*mheap).initSpan /opt/homebrew/Cellar/go/1.22.0/libexec/src/runtime/mheap.go:1380 s=1377
   366: 0x1044c0f10 M=1 runtime.heapSetType /opt/homebrew/Cellar/go/1.22.0/libexec/src/runtime/mbitmap_allocheaders.go:854 s=854
   367: 0x1046e3094 M=1 github.com/johnsonlee/graphite/graphite-server/internal/query.evaluator.lazyGenericNodes.func1 /Users/johnsonlee/.codex/benchmarks/graphite/regex-quoted-contains-profile-after-bc708-v1/source/internal/query/lazy_filtered.go:306 s=302
   368: 0x10468435f M=1 github.com/johnsonlee/graphite/graphite-server/internal/store.(*Store).ProjectionCandidateNode /Users/johnsonlee/.codex/benchmarks/graphite/regex-quoted-contains-profile-after-bc708-v1/source/internal/store/projection_node.go:120 s=13
   369: 0x104675f3c M=1 github.com/johnsonlee/graphite/graphite-server/internal/store.(*decoder).bytes /Users/johnsonlee/.codex/benchmarks/graphite/regex-quoted-contains-profile-after-bc708-v1/source/internal/store/decode.go:87 s=87
   370: 0x10451b474 M=1 runtime.duffcopy /opt/homebrew/Cellar/go/1.22.0/libexec/src/runtime/duff_arm64.s:178 s=74
   371: 0x104684674 M=1 github.com/johnsonlee/graphite/graphite-server/internal/store.(*Store).ProjectionCandidateNode.func3 /Users/johnsonlee/.codex/benchmarks/graphite/regex-quoted-contains-profile-after-bc708-v1/source/internal/store/projection_node.go:69 s=64
   372: 0x1044b1a70 M=1 runtime.chanrecv /opt/homebrew/Cellar/go/1.22.0/libexec/src/runtime/chan.go:457 s=457
   373: 0x1044b89a8 M=1 runtime.mallocgc /opt/homebrew/Cellar/go/1.22.0/libexec/src/runtime/malloc.go:1046 s=971
   374: 0x1046ffe84 M=1 github.com/johnsonlee/graphite/graphite-server/internal/query.evaluator.compileRegex /Users/johnsonlee/.codex/benchmarks/graphite/regex-quoted-contains-profile-after-bc708-v1/source/internal/query/regex.go:85 s=75
   375: 0x104684620 M=1 github.com/johnsonlee/graphite/graphite-server/internal/store.(*Store).ProjectionCandidateNode.func3 /Users/johnsonlee/.codex/benchmarks/graphite/regex-quoted-contains-profile-after-bc708-v1/source/internal/store/projection_node.go:64 s=64
   376: 0x10468449b M=1 github.com/johnsonlee/graphite/graphite-server/internal/store.(*Store).ProjectionCandidateNode.func4 /Users/johnsonlee/.codex/benchmarks/graphite/regex-quoted-contains-profile-after-bc708-v1/source/internal/store/projection_node.go:94 s=93
   377: 0x104683b2c M=1 github.com/johnsonlee/graphite/graphite-server/internal/store.(*Store).ProjectionCandidateNode /Users/johnsonlee/.codex/benchmarks/graphite/regex-quoted-contains-profile-after-bc708-v1/source/internal/store/projection_node.go:37 s=13
   378: 0x104677327 M=1 github.com/johnsonlee/graphite/graphite-server/internal/store.(*decoder).i32 /Users/johnsonlee/.codex/benchmarks/graphite/regex-quoted-contains-profile-after-bc708-v1/source/internal/store/decode.go:138 s=137
             github.com/johnsonlee/graphite/graphite-server/internal/store.(*decoder).node /Users/johnsonlee/.codex/benchmarks/graphite/regex-quoted-contains-profile-after-bc708-v1/source/internal/store/decode.go:291 s=279
   379: 0x1046b0514 M=1 github.com/johnsonlee/graphite/graphite-server/internal/query.(*candidateSlot).property /Users/johnsonlee/.codex/benchmarks/graphite/regex-quoted-contains-profile-after-bc708-v1/source/internal/query/candidate.go:47 s=46
   380: 0x104700227 M=1 github.com/johnsonlee/graphite/graphite-server/internal/query.evaluator.regexMatch /Users/johnsonlee/.codex/benchmarks/graphite/regex-quoted-contains-profile-after-bc708-v1/source/internal/query/regex.go:170 s=125
   381: 0x10453c2a0 M=1 io.ReadAtLeast /opt/homebrew/Cellar/go/1.22.0/libexec/src/io/io.go:330 s=329
   382: 0x1044b8b10 M=1 runtime.mallocgc /opt/homebrew/Cellar/go/1.22.0/libexec/src/runtime/malloc.go:1118 s=971
   383: 0x1044be6e0 M=1 runtime.mapassign_faststr /opt/homebrew/Cellar/go/1.22.0/libexec/src/runtime/map_faststr.go:238 s=203
   384: 0x104684640 M=1 github.com/johnsonlee/graphite/graphite-server/internal/store.(*Store).ProjectionCandidateNode.func3 /Users/johnsonlee/.codex/benchmarks/graphite/regex-quoted-contains-profile-after-bc708-v1/source/internal/store/projection_node.go:64 s=64
   385: 0x1046e3008 M=1 github.com/johnsonlee/graphite/graphite-server/internal/query.evaluator.lazyGenericNodes.func1 /Users/johnsonlee/.codex/benchmarks/graphite/regex-quoted-contains-profile-after-bc708-v1/source/internal/query/lazy_filtered.go:302 s=302
   386: 0x104683bd4 M=1 github.com/johnsonlee/graphite/graphite-server/internal/store.(*Store).ProjectionCandidateNode.func2 /Users/johnsonlee/.codex/benchmarks/graphite/regex-quoted-contains-profile-after-bc708-v1/source/internal/store/projection_node.go:59 s=57
             github.com/johnsonlee/graphite/graphite-server/internal/store.(*Store).ProjectionCandidateNode /Users/johnsonlee/.codex/benchmarks/graphite/regex-quoted-contains-profile-after-bc708-v1/source/internal/store/projection_node.go:75 s=13
   387: 0x10468474c M=1 github.com/johnsonlee/graphite/graphite-server/internal/store.(*Store).ProjectionCandidateNode.func2 /Users/johnsonlee/.codex/benchmarks/graphite/regex-quoted-contains-profile-after-bc708-v1/source/internal/store/projection_node.go:58 s=57
   388: 0x104683be4 M=1 encoding/binary.bigEndian.Uint32 /opt/homebrew/Cellar/go/1.22.0/libexec/src/encoding/binary/binary.go:162 s=160
             github.com/johnsonlee/graphite/graphite-server/internal/store.(*Store).ProjectionCandidateNode.func2 /Users/johnsonlee/.codex/benchmarks/graphite/regex-quoted-contains-profile-after-bc708-v1/source/internal/store/projection_node.go:62 s=57
             github.com/johnsonlee/graphite/graphite-server/internal/store.(*Store).ProjectionCandidateNode /Users/johnsonlee/.codex/benchmarks/graphite/regex-quoted-contains-profile-after-bc708-v1/source/internal/store/projection_node.go:75 s=13
   389: 0x1046a93e4 M=1 github.com/johnsonlee/graphite/graphite-server/internal/javaregex.(*quotedContains).matches /Users/johnsonlee/.codex/benchmarks/graphite/regex-quoted-contains-profile-after-bc708-v1/source/internal/javaregex/quoted_contains.go:82 s=62
   390: 0x1044b8ea4 M=1 runtime.mallocgc /opt/homebrew/Cellar/go/1.22.0/libexec/src/runtime/malloc.go:1276 s=971
   391: 0x10451b314 M=1 runtime.duffzero /opt/homebrew/Cellar/go/1.22.0/libexec/src/runtime/duff_arm64.s:57 s=7
   392: 0x1044b89c4 M=1 runtime.mallocgc /opt/homebrew/Cellar/go/1.22.0/libexec/src/runtime/malloc.go:1025 s=971
   393: 0x104683ba4 M=1 github.com/johnsonlee/graphite/graphite-server/internal/store.(*Store).ProjectionCandidateNode /Users/johnsonlee/.codex/benchmarks/graphite/regex-quoted-contains-profile-after-bc708-v1/source/internal/store/projection_node.go:64 s=13
   394: 0x1046a927c M=1 github.com/johnsonlee/graphite/graphite-server/internal/javaregex.(*quotedContains).matches /Users/johnsonlee/.codex/benchmarks/graphite/regex-quoted-contains-profile-after-bc708-v1/source/internal/javaregex/quoted_contains.go:99 s=62
   395: 0x1046e0d94 M=1 github.com/johnsonlee/graphite/graphite-server/internal/query.evaluator.lazyFiltered /Users/johnsonlee/.codex/benchmarks/graphite/regex-quoted-contains-profile-after-bc708-v1/source/internal/query/lazy_filtered.go:156 s=113
   396: 0x1046e2ffc M=1 github.com/johnsonlee/graphite/graphite-server/internal/query.evaluator.lazyGenericNodes.func1 /Users/johnsonlee/.codex/benchmarks/graphite/regex-quoted-contains-profile-after-bc708-v1/source/internal/query/lazy_filtered.go:302 s=302
   397: 0x10451b514 M=1 runtime.duffcopy /opt/homebrew/Cellar/go/1.22.0/libexec/src/runtime/duff_arm64.s:238 s=74
   398: 0x1044debb4 M=1 runtime.(*lfstack).pop /opt/homebrew/Cellar/go/1.22.0/libexec/src/runtime/lfstack.go:47 s=40
             runtime.(*spanSetBlockAlloc).alloc /opt/homebrew/Cellar/go/1.22.0/libexec/src/runtime/mspanset.go:313 s=312
   399: 0x1044de74f M=1 runtime.(*spanSet).push /opt/homebrew/Cellar/go/1.22.0/libexec/src/runtime/mspanset.go:125 s=74
   400: 0x104683fdc M=1 github.com/johnsonlee/graphite/graphite-server/internal/store.(*Store).ProjectionCandidateNode /Users/johnsonlee/.codex/benchmarks/graphite/regex-quoted-contains-profile-after-bc708-v1/source/internal/store/projection_node.go:90 s=13
   401: 0x10451b310 M=1 runtime.duffzero /opt/homebrew/Cellar/go/1.22.0/libexec/src/runtime/duff_arm64.s:56 s=7
   402: 0x1046ba7a4 M=1 github.com/johnsonlee/graphite/graphite-server/internal/query.evaluator.check /Users/johnsonlee/.codex/benchmarks/graphite/regex-quoted-contains-profile-after-bc708-v1/source/internal/query/eval.go:62 s=60
   403: 0x1044b1b34 M=1 runtime.chanrecv /opt/homebrew/Cellar/go/1.22.0/libexec/src/runtime/chan.go:489 s=457
   404: 0x1044b8b98 M=1 runtime.mallocgc /opt/homebrew/Cellar/go/1.22.0/libexec/src/runtime/malloc.go:1134 s=971
   405: 0x104683f33 M=1 github.com/johnsonlee/graphite/graphite-server/internal/store.newDecoder /Users/johnsonlee/.codex/benchmarks/graphite/regex-quoted-contains-profile-after-bc708-v1/source/internal/store/decode.go:80 s=79
             github.com/johnsonlee/graphite/graphite-server/internal/store.(*Store).ProjectionCandidateNode /Users/johnsonlee/.codex/benchmarks/graphite/regex-quoted-contains-profile-after-bc708-v1/source/internal/store/projection_node.go:87 s=13
   406: 0x1046bb718 M=1 github.com/johnsonlee/graphite/graphite-server/internal/query.evaluator.eval /Users/johnsonlee/.codex/benchmarks/graphite/regex-quoted-contains-profile-after-bc708-v1/source/internal/query/eval.go:90 s=82
   407: 0x1046ba89c M=1 github.com/johnsonlee/graphite/graphite-server/internal/query.evaluator.eval /Users/johnsonlee/.codex/benchmarks/graphite/regex-quoted-contains-profile-after-bc708-v1/source/internal/query/eval.go:82 s=82
   408: 0x1045250f8 M=1 sync.(*Mutex).Lock /opt/homebrew/Cellar/go/1.22.0/libexec/src/sync/mutex.go:83 s=81
             sync.(*RWMutex).Lock /opt/homebrew/Cellar/go/1.22.0/libexec/src/sync/rwmutex.go:146 s=140
   409: 0x10470018c M=1 github.com/johnsonlee/graphite/graphite-server/internal/query.evaluator.regexMatch /Users/johnsonlee/.codex/benchmarks/graphite/regex-quoted-contains-profile-after-bc708-v1/source/internal/query/regex.go:150 s=125
   410: 0x1044d6cdf M=1 runtime.setprofilebucket /opt/homebrew/Cellar/go/1.22.0/libexec/src/runtime/mheap.go:2002 s=2000
   411: 0x1044db813 M=1 runtime.mProf_Malloc.func1 /opt/homebrew/Cellar/go/1.22.0/libexec/src/runtime/mprof.go:445 s=444
   412: 0x1044db7ab M=1 runtime.mProf_Malloc /opt/homebrew/Cellar/go/1.22.0/libexec/src/runtime/mprof.go:444 s=425
   413: 0x1044b941f M=1 runtime.profilealloc /opt/homebrew/Cellar/go/1.22.0/libexec/src/runtime/malloc.go:1426 s=1420
   414: 0x1044b8f57 M=1 runtime.mallocgc /opt/homebrew/Cellar/go/1.22.0/libexec/src/runtime/malloc.go:1267 s=971
   415: 0x1046ba740 M=1 github.com/johnsonlee/graphite/graphite-server/internal/query.evaluator.check /Users/johnsonlee/.codex/benchmarks/graphite/regex-quoted-contains-profile-after-bc708-v1/source/internal/query/eval.go:60 s=60
   416: 0x10451b710 M=1 runtime.memmove /opt/homebrew/Cellar/go/1.22.0/libexec/src/runtime/memmove_arm64.s:30 s=29
   417: 0x1044ff207 M=1 runtime.growslice /opt/homebrew/Cellar/go/1.22.0/libexec/src/runtime/slice.go:261 s=155
   418: 0x104684458 M=1 github.com/johnsonlee/graphite/graphite-server/internal/store.(*Store).ProjectionCandidateNode.func4 /Users/johnsonlee/.codex/benchmarks/graphite/regex-quoted-contains-profile-after-bc708-v1/source/internal/store/projection_node.go:93 s=93
   419: 0x1046bdae4 M=1 github.com/johnsonlee/graphite/graphite-server/internal/query.evaluator.binary /Users/johnsonlee/.codex/benchmarks/graphite/regex-quoted-contains-profile-after-bc708-v1/source/internal/query/eval.go:383 s=347
   420: 0x1044be38c M=1 runtime.mapaccess2_faststr /opt/homebrew/Cellar/go/1.22.0/libexec/src/runtime/map_faststr.go:150 s=108
   421: 0x1046ff977 M=1 github.com/johnsonlee/graphite/graphite-server/internal/query.evaluator.compileRegex /Users/johnsonlee/.codex/benchmarks/graphite/regex-quoted-contains-profile-after-bc708-v1/source/internal/query/regex.go:78 s=75
   422: 0x10453a174 M=1 sync/atomic.(*Value).Load /opt/homebrew/Cellar/go/1.22.0/libexec/src/sync/atomic/value.go:30 s=28
             context.(*cancelCtx).Done /opt/homebrew/Cellar/go/1.22.0/libexec/src/context/context.go:439 s=438
   423: 0x1044b8eac M=1 runtime.mallocgc /opt/homebrew/Cellar/go/1.22.0/libexec/src/runtime/malloc.go:1217 s=971
   424: 0x1044bdd20 M=1 runtime.mapaccess1_faststr /opt/homebrew/Cellar/go/1.22.0/libexec/src/runtime/map_faststr.go:18 s=13
   425: 0x1046bb70b M=1 github.com/johnsonlee/graphite/graphite-server/internal/query.evaluator.eval /Users/johnsonlee/.codex/benchmarks/graphite/regex-quoted-contains-profile-after-bc708-v1/source/internal/query/eval.go:90 s=82
   426: 0x1046845c8 M=1 github.com/johnsonlee/graphite/graphite-server/internal/store.(*Store).ProjectionCandidateNode.func4 /Users/johnsonlee/.codex/benchmarks/graphite/regex-quoted-contains-profile-after-bc708-v1/source/internal/store/projection_node.go:100 s=93
   427: 0x1046e1074 M=1 github.com/johnsonlee/graphite/graphite-server/internal/query.evaluator.lazyFiltered /Users/johnsonlee/.codex/benchmarks/graphite/regex-quoted-contains-profile-after-bc708-v1/source/internal/query/lazy_filtered.go:165 s=113
   428: 0x1044b889c M=1 runtime.mallocgc /opt/homebrew/Cellar/go/1.22.0/libexec/src/runtime/malloc.go:976 s=971
   429: 0x10451b5b4 M=1 runtime.memclrNoHeapPointers /opt/homebrew/Cellar/go/1.22.0/libexec/src/runtime/memclr_arm64.s:43 s=11
   430: 0x1046763b0 M=1 github.com/johnsonlee/graphite/graphite-server/internal/store.(*decoder).str /Users/johnsonlee/.codex/benchmarks/graphite/regex-quoted-contains-profile-after-bc708-v1/source/internal/store/decode.go:159 s=159
   431: 0x10453c3e4 M=1 io.ReadAtLeast /opt/homebrew/Cellar/go/1.22.0/libexec/src/io/io.go:343 s=329
   432: 0x1046ba8a4 M=1 github.com/johnsonlee/graphite/graphite-server/internal/query.evaluator.eval /Users/johnsonlee/.codex/benchmarks/graphite/regex-quoted-contains-profile-after-bc708-v1/source/internal/query/eval.go:82 s=82
   433: 0x1044b8af8 M=1 runtime.nextFreeFast /opt/homebrew/Cellar/go/1.22.0/libexec/src/runtime/malloc.go:922 s=911
             runtime.mallocgc /opt/homebrew/Cellar/go/1.22.0/libexec/src/runtime/malloc.go:1118 s=971
   434: 0x1044c0c28 M=1 runtime.(*mspan).base /opt/homebrew/Cellar/go/1.22.0/libexec/src/runtime/mheap.go:495 s=494
             runtime.(*mspan).heapBits /opt/homebrew/Cellar/go/1.22.0/libexec/src/runtime/mbitmap_allocheaders.go:724 s=708
   435: 0x1044c0dd3 M=1 runtime.(*mspan).writeHeapBitsSmall /opt/homebrew/Cellar/go/1.22.0/libexec/src/runtime/mbitmap_allocheaders.go:806 s=786
   436: 0x1044be08c M=1 runtime.mapaccess1_faststr /opt/homebrew/Cellar/go/1.22.0/libexec/src/runtime/map_faststr.go:39 s=13
   437: 0x10451b2d0 M=1 runtime.duffzero /opt/homebrew/Cellar/go/1.22.0/libexec/src/runtime/duff_arm64.s:40 s=7
   438: 0x10453a420 M=1 context.(*cancelCtx).Err /opt/homebrew/Cellar/go/1.22.0/libexec/src/context/context.go:453 s=453
   439: 0x1044b1aa8 M=1 runtime.empty /opt/homebrew/Cellar/go/1.22.0/libexec/src/runtime/chan.go:433 s=430
             runtime.chanrecv /opt/homebrew/Cellar/go/1.22.0/libexec/src/runtime/chan.go:474 s=457
   440: 0x1046bae8c M=1 github.com/johnsonlee/graphite/graphite-server/internal/query.evaluator.eval /Users/johnsonlee/.codex/benchmarks/graphite/regex-quoted-contains-profile-after-bc708-v1/source/internal/query/eval.go:94 s=82
   441: 0x1044c0c54 M=1 runtime.heapBitsSlice /opt/homebrew/Cellar/go/1.22.0/libexec/src/runtime/mbitmap_allocheaders.go:737 s=732
             runtime.(*mspan).heapBits /opt/homebrew/Cellar/go/1.22.0/libexec/src/runtime/mbitmap_allocheaders.go:724 s=708
   442: 0x10451b4f8 M=1 runtime.duffcopy /opt/homebrew/Cellar/go/1.22.0/libexec/src/runtime/duff_arm64.s:228 s=74
   443: 0x104677298 M=1 github.com/johnsonlee/graphite/graphite-server/internal/store.(*decoder).node /Users/johnsonlee/.codex/benchmarks/graphite/regex-quoted-contains-profile-after-bc708-v1/source/internal/store/decode.go:280 s=279
   444: 0x10451b4c4 M=1 runtime.duffcopy /opt/homebrew/Cellar/go/1.22.0/libexec/src/runtime/duff_arm64.s:208 s=74
   445: 0x10451b4e0 M=1 runtime.duffcopy /opt/homebrew/Cellar/go/1.22.0/libexec/src/runtime/duff_arm64.s:219 s=74
   446: 0x1044b91d4 M=1 runtime.deductAssistCredit /opt/homebrew/Cellar/go/1.22.0/libexec/src/runtime/malloc.go:1356 s=1337
   447: 0x1044bdd44 M=1 runtime.mapaccess1_faststr /opt/homebrew/Cellar/go/1.22.0/libexec/src/runtime/map_faststr.go:25 s=13
   448: 0x104677314 M=1 github.com/johnsonlee/graphite/graphite-server/internal/store.(*decoder).node /Users/johnsonlee/.codex/benchmarks/graphite/regex-quoted-contains-profile-after-bc708-v1/source/internal/store/decode.go:289 s=279
   449: 0x10453c270 M=1 io.ReadAtLeast /opt/homebrew/Cellar/go/1.22.0/libexec/src/io/io.go:329 s=329
   450: 0x1046775bb M=1 github.com/johnsonlee/graphite/graphite-server/internal/store.(*decoder).node /Users/johnsonlee/.codex/benchmarks/graphite/regex-quoted-contains-profile-after-bc708-v1/source/internal/store/decode.go:318 s=279
   451: 0x10453c318 M=1 io.ReadAtLeast /opt/homebrew/Cellar/go/1.22.0/libexec/src/io/io.go:333 s=329
   452: 0x104677607 M=1 github.com/johnsonlee/graphite/graphite-server/internal/store.(*decoder).i32 /Users/johnsonlee/.codex/benchmarks/graphite/regex-quoted-contains-profile-after-bc708-v1/source/internal/store/decode.go:138 s=137
             github.com/johnsonlee/graphite/graphite-server/internal/store.(*decoder).node /Users/johnsonlee/.codex/benchmarks/graphite/regex-quoted-contains-profile-after-bc708-v1/source/internal/store/decode.go:321 s=279
   453: 0x1044b23cc M=1 runtime.selectnbrecv /opt/homebrew/Cellar/go/1.22.0/libexec/src/runtime/chan.go:714 s=713
   454: 0x1044b8a70 M=1 runtime.releasem /opt/homebrew/Cellar/go/1.22.0/libexec/src/runtime/runtime1.go:589 s=586
             runtime.mallocgc /opt/homebrew/Cellar/go/1.22.0/libexec/src/runtime/malloc.go:1113 s=971
   455: 0x1046bd75c M=1 github.com/johnsonlee/graphite/graphite-server/internal/query.evaluator.binary /Users/johnsonlee/.codex/benchmarks/graphite/regex-quoted-contains-profile-after-bc708-v1/source/internal/query/eval.go:359 s=347
   456: 0x1046a9304 M=1 github.com/johnsonlee/graphite/graphite-server/internal/javaregex.(*quotedContains).matches /Users/johnsonlee/.codex/benchmarks/graphite/regex-quoted-contains-profile-after-bc708-v1/source/internal/javaregex/quoted_contains.go:79 s=62
   457: 0x1046b04f0 M=1 github.com/johnsonlee/graphite/graphite-server/internal/query.(*candidateSlot).property /Users/johnsonlee/.codex/benchmarks/graphite/regex-quoted-contains-profile-after-bc708-v1/source/internal/query/candidate.go:46 s=46
   458: 0x1046760e8 M=1 github.com/johnsonlee/graphite/graphite-server/internal/store.(*decoder).scalarBytes /Users/johnsonlee/.codex/benchmarks/graphite/regex-quoted-contains-profile-after-bc708-v1/source/internal/store/decode.go:108 s=107
   459: 0x1044b8978 M=1 runtime.mallocgc /opt/homebrew/Cellar/go/1.22.0/libexec/src/runtime/malloc.go:1032 s=971
   460: 0x1045251f0 M=1 sync.(*RWMutex).Unlock /opt/homebrew/Cellar/go/1.22.0/libexec/src/sync/rwmutex.go:197 s=197
   461: 0x10451b4d0 M=1 runtime.duffcopy /opt/homebrew/Cellar/go/1.22.0/libexec/src/runtime/duff_arm64.s:213 s=74
   462: 0x1044b0018 M=1 runtime.memequal8 /opt/homebrew/Cellar/go/1.22.0/libexec/src/runtime/alg.go:273 s=272
   463: 0x1044b02ff M=1 runtime.efaceeq /opt/homebrew/Cellar/go/1.22.0/libexec/src/runtime/alg.go:326 s=312
   464: 0x1046bda4f M=1 github.com/johnsonlee/graphite/graphite-server/internal/query.evaluator.binary /Users/johnsonlee/.codex/benchmarks/graphite/regex-quoted-contains-profile-after-bc708-v1/source/internal/query/eval.go:379 s=347
   465: 0x104677523 M=1 github.com/johnsonlee/graphite/graphite-server/internal/store.(*decoder).node /Users/johnsonlee/.codex/benchmarks/graphite/regex-quoted-contains-profile-after-bc708-v1/source/internal/store/decode.go:313 s=279
   466: 0x1046ba8c0 M=1 github.com/johnsonlee/graphite/graphite-server/internal/query.evaluator.eval /Users/johnsonlee/.codex/benchmarks/graphite/regex-quoted-contains-profile-after-bc708-v1/source/internal/query/eval.go:82 s=82
   467: 0x1044be4f0 M=1 runtime.mapassign_faststr /opt/homebrew/Cellar/go/1.22.0/libexec/src/runtime/map_faststr.go:203 s=203
   468: 0x104683e74 M=1 github.com/johnsonlee/graphite/graphite-server/internal/store.(*Store).ProjectionCandidateNode /Users/johnsonlee/.codex/benchmarks/graphite/regex-quoted-contains-profile-after-bc708-v1/source/internal/store/projection_node.go:87 s=13
   469: 0x1046791a0 M=1 encoding/binary.bigEndian.Uint64 /opt/homebrew/Cellar/go/1.22.0/libexec/src/encoding/binary/binary.go:185 s=182
             github.com/johnsonlee/graphite/graphite-server/internal/store.(*Store).projectionOffsetLocked /Users/johnsonlee/.codex/benchmarks/graphite/regex-quoted-contains-profile-after-bc708-v1/source/internal/store/distinct_projection.go:95 s=89
   470: 0x104683b13 M=1 github.com/johnsonlee/graphite/graphite-server/internal/store.(*Store).ProjectionCandidateNode /Users/johnsonlee/.codex/benchmarks/graphite/regex-quoted-contains-profile-after-bc708-v1/source/internal/store/projection_node.go:29 s=13
   471: 0x104571c40 M=1 bytes.(*Reader).Read /opt/homebrew/Cellar/go/1.22.0/libexec/src/bytes/reader.go:40 s=39
   472: 0x1046ba8b4 M=1 github.com/johnsonlee/graphite/graphite-server/internal/query.evaluator.eval /Users/johnsonlee/.codex/benchmarks/graphite/regex-quoted-contains-profile-after-bc708-v1/source/internal/query/eval.go:82 s=82
   473: 0x1046768f0 M=1 github.com/johnsonlee/graphite/graphite-server/internal/store.(*decoder).method /Users/johnsonlee/.codex/benchmarks/graphite/regex-quoted-contains-profile-after-bc708-v1/source/internal/store/decode.go:200 s=195
   474: 0x104683d8f M=1 github.com/johnsonlee/graphite/graphite-server/internal/store.(*Store).ProjectionCandidateNode /Users/johnsonlee/.codex/benchmarks/graphite/regex-quoted-contains-profile-after-bc708-v1/source/internal/store/projection_node.go:104 s=13
   475: 0x1044b8f88 M=1 runtime.releasem /opt/homebrew/Cellar/go/1.22.0/libexec/src/runtime/runtime1.go:588 s=586
             runtime.mallocgc /opt/homebrew/Cellar/go/1.22.0/libexec/src/runtime/malloc.go:1271 s=971
   476: 0x1044aea54 M=1 memeqbody /opt/homebrew/Cellar/go/1.22.0/libexec/src/internal/bytealg/equal_arm64.s:74 s=33
   477: 0x1046ffccb M=1 github.com/johnsonlee/graphite/graphite-server/internal/query.evaluator.compileRegex /Users/johnsonlee/.codex/benchmarks/graphite/regex-quoted-contains-profile-after-bc708-v1/source/internal/query/regex.go:80 s=75
   478: 0x1044b8a58 M=1 runtime.releasem /opt/homebrew/Cellar/go/1.22.0/libexec/src/runtime/runtime1.go:588 s=586
             runtime.mallocgc /opt/homebrew/Cellar/go/1.22.0/libexec/src/runtime/malloc.go:1113 s=971
   479: 0x1046e0de8 M=1 github.com/johnsonlee/graphite/graphite-server/internal/query.evaluator.lazyFiltered /Users/johnsonlee/.codex/benchmarks/graphite/regex-quoted-contains-profile-after-bc708-v1/source/internal/query/lazy_filtered.go:156 s=113
   480: 0x1046762a8 M=1 github.com/johnsonlee/graphite/graphite-server/internal/store.(*decoder).i32 /Users/johnsonlee/.codex/benchmarks/graphite/regex-quoted-contains-profile-after-bc708-v1/source/internal/store/decode.go:142 s=137
             github.com/johnsonlee/graphite/graphite-server/internal/store.(*decoder).count /Users/johnsonlee/.codex/benchmarks/graphite/regex-quoted-contains-profile-after-bc708-v1/source/internal/store/decode.go:152 s=151
   481: 0x1046ffdc0 M=1 github.com/johnsonlee/graphite/graphite-server/internal/query.evaluator.compileRegex /Users/johnsonlee/.codex/benchmarks/graphite/regex-quoted-contains-profile-after-bc708-v1/source/internal/query/regex.go:81 s=75
   482: 0x1046baed0 M=1 github.com/johnsonlee/graphite/graphite-server/internal/query.evaluator.eval /Users/johnsonlee/.codex/benchmarks/graphite/regex-quoted-contains-profile-after-bc708-v1/source/internal/query/eval.go:97 s=82
   483: 0x10451b338 M=1 runtime.duffzero /opt/homebrew/Cellar/go/1.22.0/libexec/src/runtime/duff_arm64.s:66 s=7
   484: 0x1044fecb0 M=1 runtime.makeslice /opt/homebrew/Cellar/go/1.22.0/libexec/src/runtime/slice.go:107 s=92
   485: 0x10451b558 M=1 runtime.duffcopy /opt/homebrew/Cellar/go/1.22.0/libexec/src/runtime/duff_arm64.s:264 s=74
   486: 0x104676048 M=1 github.com/johnsonlee/graphite/graphite-server/internal/store.(*decoder).bytes /Users/johnsonlee/.codex/benchmarks/graphite/regex-quoted-contains-profile-after-bc708-v1/source/internal/store/decode.go:96 s=87
   487: 0x10451b460 M=1 runtime.duffcopy /opt/homebrew/Cellar/go/1.22.0/libexec/src/runtime/duff_arm64.s:171 s=74
   488: 0x10451b4a4 M=1 runtime.duffcopy /opt/homebrew/Cellar/go/1.22.0/libexec/src/runtime/duff_arm64.s:196 s=74
   489: 0x104683a58 M=1 sync/atomic.(*Int32).Add /opt/homebrew/Cellar/go/1.22.0/libexec/src/sync/atomic/type.go:88 s=88
             sync.(*RWMutex).RLock /opt/homebrew/Cellar/go/1.22.0/libexec/src/sync/rwmutex.go:68 s=63
             github.com/johnsonlee/graphite/graphite-server/internal/store.(*Store).ProjectionCandidateNode /Users/johnsonlee/.codex/benchmarks/graphite/regex-quoted-contains-profile-after-bc708-v1/source/internal/store/projection_node.go:17 s=13
   490: 0x1046ba918 M=1 github.com/johnsonlee/graphite/graphite-server/internal/query.evaluator.eval /Users/johnsonlee/.codex/benchmarks/graphite/regex-quoted-contains-profile-after-bc708-v1/source/internal/query/eval.go:84 s=82
   491: 0x1046fed48 M=1 github.com/johnsonlee/graphite/graphite-server/internal/query.NodeProperty /Users/johnsonlee/.codex/benchmarks/graphite/regex-quoted-contains-profile-after-bc708-v1/source/internal/query/properties.go:130 s=9
   492: 0x1046e0f6c M=1 github.com/johnsonlee/graphite/graphite-server/internal/query.evaluator.lazyFiltered /Users/johnsonlee/.codex/benchmarks/graphite/regex-quoted-contains-profile-after-bc708-v1/source/internal/query/lazy_filtered.go:161 s=113
   493: 0x10451b518 M=1 runtime.duffcopy /opt/homebrew/Cellar/go/1.22.0/libexec/src/runtime/duff_arm64.s:240 s=74
   494: 0x1046ba770 M=1 github.com/johnsonlee/graphite/graphite-server/internal/query.evaluator.check /Users/johnsonlee/.codex/benchmarks/graphite/regex-quoted-contains-profile-after-bc708-v1/source/internal/query/eval.go:60 s=60
   495: 0x1044b8b54 M=1 runtime.mallocgc /opt/homebrew/Cellar/go/1.22.0/libexec/src/runtime/malloc.go:1123 s=971
   496: 0x10451b330 M=1 runtime.duffzero /opt/homebrew/Cellar/go/1.22.0/libexec/src/runtime/duff_arm64.s:64 s=7
   497: 0x1046845ec M=1 github.com/johnsonlee/graphite/graphite-server/internal/store.(*Store).ProjectionCandidateNode.func4 /Users/johnsonlee/.codex/benchmarks/graphite/regex-quoted-contains-profile-after-bc708-v1/source/internal/store/projection_node.go:100 s=93
   498: 0x1046fdc70 M=1 github.com/johnsonlee/graphite/graphite-server/internal/query.NodeProperty /Users/johnsonlee/.codex/benchmarks/graphite/regex-quoted-contains-profile-after-bc708-v1/source/internal/query/properties.go:15 s=9
   499: 0x10451b578 M=1 runtime.memclrNoHeapPointers /opt/homebrew/Cellar/go/1.22.0/libexec/src/runtime/memclr_arm64.s:17 s=11
   500: 0x10451b4e8 M=1 runtime.duffcopy /opt/homebrew/Cellar/go/1.22.0/libexec/src/runtime/duff_arm64.s:222 s=74
   501: 0x1046bd5c4 M=1 github.com/johnsonlee/graphite/graphite-server/internal/query.evaluator.binary /Users/johnsonlee/.codex/benchmarks/graphite/regex-quoted-contains-profile-after-bc708-v1/source/internal/query/eval.go:348 s=347
   502: 0x1046bb8e0 M=1 github.com/johnsonlee/graphite/graphite-server/internal/query.evaluator.eval /Users/johnsonlee/.codex/benchmarks/graphite/regex-quoted-contains-profile-after-bc708-v1/source/internal/query/eval.go:162 s=82
   503: 0x1044c1054 M=1 runtime.heapSetType /opt/homebrew/Cellar/go/1.22.0/libexec/src/runtime/mbitmap_allocheaders.go:928 s=854
   504: 0x104677594 M=1 github.com/johnsonlee/graphite/graphite-server/internal/store.(*decoder).node /Users/johnsonlee/.codex/benchmarks/graphite/regex-quoted-contains-profile-after-bc708-v1/source/internal/store/decode.go:316 s=279
   505: 0x1046b6cec M=1 github.com/johnsonlee/graphite/graphite-server/internal/query.evaluator.matches /Users/johnsonlee/.codex/benchmarks/graphite/regex-quoted-contains-profile-after-bc708-v1/source/internal/query/engine.go:248 s=244
   506: 0x1046e0fdb M=1 github.com/johnsonlee/graphite/graphite-server/internal/query.evaluator.lazyFiltered /Users/johnsonlee/.codex/benchmarks/graphite/regex-quoted-contains-profile-after-bc708-v1/source/internal/query/lazy_filtered.go:161 s=113
   507: 0x1044c0ebc M=1 runtime.(*mspan).writeHeapBitsSmall /opt/homebrew/Cellar/go/1.22.0/libexec/src/runtime/mbitmap_allocheaders.go:831 s=786
   508: 0x104676050 M=1 github.com/johnsonlee/graphite/graphite-server/internal/store.(*decoder).bytes /Users/johnsonlee/.codex/benchmarks/graphite/regex-quoted-contains-profile-after-bc708-v1/source/internal/store/decode.go:96 s=87
   509: 0x1046bd570 M=1 github.com/johnsonlee/graphite/graphite-server/internal/query.evaluator.binary /Users/johnsonlee/.codex/benchmarks/graphite/regex-quoted-contains-profile-after-bc708-v1/source/internal/query/eval.go:347 s=347
   510: 0x1046ba880 M=1 github.com/johnsonlee/graphite/graphite-server/internal/query.evaluator.eval /Users/johnsonlee/.codex/benchmarks/graphite/regex-quoted-contains-profile-after-bc708-v1/source/internal/query/eval.go:84 s=82
   511: 0x10468428f M=1 github.com/johnsonlee/graphite/graphite-server/internal/store.(*Store).ProjectionCandidateNode.func2 /Users/johnsonlee/.codex/benchmarks/graphite/regex-quoted-contains-profile-after-bc708-v1/source/internal/store/projection_node.go:58 s=57
             github.com/johnsonlee/graphite/graphite-server/internal/store.(*Store).ProjectionCandidateNode /Users/johnsonlee/.codex/benchmarks/graphite/regex-quoted-contains-profile-after-bc708-v1/source/internal/store/projection_node.go:115 s=13
   512: 0x1044d6fc0 M=1 runtime.(*gcBitsArena).tryAlloc /opt/homebrew/Cellar/go/1.22.0/libexec/src/runtime/mheap.go:2131 s=2126
             runtime.newMarkBits /opt/homebrew/Cellar/go/1.22.0/libexec/src/runtime/mheap.go:2148 s=2142
   513: 0x1044d5907 M=1 runtime.(*mheap).initSpan /opt/homebrew/Cellar/go/1.22.0/libexec/src/runtime/mheap.go:1413 s=1377
   514: 0x1044b1ad0 M=1 runtime.chanrecv /opt/homebrew/Cellar/go/1.22.0/libexec/src/runtime/chan.go:484 s=457
   515: 0x10451b468 M=1 runtime.duffcopy /opt/homebrew/Cellar/go/1.22.0/libexec/src/runtime/duff_arm64.s:174 s=74
   516: 0x10467637c M=1 github.com/johnsonlee/graphite/graphite-server/internal/store.(*decoder).count /Users/johnsonlee/.codex/benchmarks/graphite/regex-quoted-contains-profile-after-bc708-v1/source/internal/store/decode.go:157 s=151
   517: 0x1044c0c1c M=1 runtime.(*mspan).heapBits /opt/homebrew/Cellar/go/1.22.0/libexec/src/runtime/mbitmap_allocheaders.go:722 s=708
   518: 0x1046fd908 M=1 github.com/johnsonlee/graphite/graphite-server/internal/query.NodeProperty /Users/johnsonlee/.codex/benchmarks/graphite/regex-quoted-contains-profile-after-bc708-v1/source/internal/query/properties.go:58 s=9
   519: 0x104571c58 M=1 bytes.(*Reader).Read /opt/homebrew/Cellar/go/1.22.0/libexec/src/bytes/reader.go:44 s=39
   520: 0x1046ba8d4 M=1 github.com/johnsonlee/graphite/graphite-server/internal/query.evaluator.eval /Users/johnsonlee/.codex/benchmarks/graphite/regex-quoted-contains-profile-after-bc708-v1/source/internal/query/eval.go:83 s=82
   521: 0x1046fe28c M=1 github.com/johnsonlee/graphite/graphite-server/internal/query.NodeProperty /Users/johnsonlee/.codex/benchmarks/graphite/regex-quoted-contains-profile-after-bc708-v1/source/internal/query/properties.go:49 s=9
   522: 0x10451b5e0 M=1 runtime.memclrNoHeapPointers /opt/homebrew/Cellar/go/1.22.0/libexec/src/runtime/memclr_arm64.s:65 s=11
   523: 0x10468484c M=1 github.com/johnsonlee/graphite/graphite-server/internal/store.(*Store).ProjectionCandidateNode.func1 /Users/johnsonlee/.codex/benchmarks/graphite/regex-quoted-contains-profile-after-bc708-v1/source/internal/store/projection_node.go:49 s=38
   524: 0x10453c300 M=1 io.ReadAtLeast /opt/homebrew/Cellar/go/1.22.0/libexec/src/io/io.go:335 s=329
   525: 0x104676400 M=1 github.com/johnsonlee/graphite/graphite-server/internal/store.(*decoder).str /Users/johnsonlee/.codex/benchmarks/graphite/regex-quoted-contains-profile-after-bc708-v1/source/internal/store/decode.go:160 s=159
   526: 0x1044fec60 M=1 runtime.makeslice /opt/homebrew/Cellar/go/1.22.0/libexec/src/runtime/slice.go:92 s=92
   527: 0x1044b8e94 M=1 runtime.mallocgc /opt/homebrew/Cellar/go/1.22.0/libexec/src/runtime/malloc.go:1270 s=971
   528: 0x1046e3014 M=1 github.com/johnsonlee/graphite/graphite-server/internal/query.evaluator.lazyGenericNodes.func1 /Users/johnsonlee/.codex/benchmarks/graphite/regex-quoted-contains-profile-after-bc708-v1/source/internal/query/lazy_filtered.go:302 s=302
   529: 0x10453a15c M=1 context.(*cancelCtx).Done /opt/homebrew/Cellar/go/1.22.0/libexec/src/context/context.go:438 s=438
   530: 0x1044b8c38 M=1 runtime.nextFreeFast /opt/homebrew/Cellar/go/1.22.0/libexec/src/runtime/malloc.go:912 s=911
             runtime.mallocgc /opt/homebrew/Cellar/go/1.22.0/libexec/src/runtime/malloc.go:1147 s=971
   531: 0x1044b8cc0 M=1 runtime.mallocgc /opt/homebrew/Cellar/go/1.22.0/libexec/src/runtime/malloc.go:1134 s=971
   532: 0x10451b570 M=1 runtime.memclrNoHeapPointers /opt/homebrew/Cellar/go/1.22.0/libexec/src/runtime/memclr_arm64.s:12 s=11
   533: 0x1046bd66c M=1 github.com/johnsonlee/graphite/graphite-server/internal/query.evaluator.binary /Users/johnsonlee/.codex/benchmarks/graphite/regex-quoted-contains-profile-after-bc708-v1/source/internal/query/eval.go:349 s=347
   534: 0x104684704 M=1 github.com/johnsonlee/graphite/graphite-server/internal/store.(*Store).ProjectionCandidateNode.func3 /Users/johnsonlee/.codex/benchmarks/graphite/regex-quoted-contains-profile-after-bc708-v1/source/internal/store/projection_node.go:73 s=64
   535: 0x10451b2e4 M=1 runtime.duffzero /opt/homebrew/Cellar/go/1.22.0/libexec/src/runtime/duff_arm64.s:45 s=7
   536: 0x104675f30 M=1 github.com/johnsonlee/graphite/graphite-server/internal/store.(*decoder).bytes /Users/johnsonlee/.codex/benchmarks/graphite/regex-quoted-contains-profile-after-bc708-v1/source/internal/store/decode.go:87 s=87
   537: 0x1044b88ac M=1 runtime.mallocgc /opt/homebrew/Cellar/go/1.22.0/libexec/src/runtime/malloc.go:993 s=971
   538: 0x1044b23a0 M=1 runtime.selectnbrecv /opt/homebrew/Cellar/go/1.22.0/libexec/src/runtime/chan.go:713 s=713
   539: 0x1044b89b0 M=1 runtime.mallocgc /opt/homebrew/Cellar/go/1.22.0/libexec/src/runtime/malloc.go:1046 s=971
   540: 0x1046ba894 M=1 github.com/johnsonlee/graphite/graphite-server/internal/query.evaluator.eval /Users/johnsonlee/.codex/benchmarks/graphite/regex-quoted-contains-profile-after-bc708-v1/source/internal/query/eval.go:82 s=82
   541: 0x1046b68d4 M=1 github.com/johnsonlee/graphite/graphite-server/internal/query.evaluator.matches /Users/johnsonlee/.codex/benchmarks/graphite/regex-quoted-contains-profile-after-bc708-v1/source/internal/query/engine.go:244 s=244
   542: 0x1046bae20 M=1 github.com/johnsonlee/graphite/graphite-server/internal/query.evaluator.eval /Users/johnsonlee/.codex/benchmarks/graphite/regex-quoted-contains-profile-after-bc708-v1/source/internal/query/eval.go:93 s=82
   543: 0x104521b90 M=1 errors.Is /opt/homebrew/Cellar/go/1.22.0/libexec/src/errors/wrap.go:44 s=44
   544: 0x10451b47c M=1 runtime.duffcopy /opt/homebrew/Cellar/go/1.22.0/libexec/src/runtime/duff_arm64.s:181 s=74
   545: 0x1044b8b08 M=1 runtime.(*mspan).base /opt/homebrew/Cellar/go/1.22.0/libexec/src/runtime/mheap.go:495 s=494
             runtime.nextFreeFast /opt/homebrew/Cellar/go/1.22.0/libexec/src/runtime/malloc.go:923 s=911
             runtime.mallocgc /opt/homebrew/Cellar/go/1.22.0/libexec/src/runtime/malloc.go:1118 s=971
   546: 0x1044b8fa0 M=1 runtime.releasem /opt/homebrew/Cellar/go/1.22.0/libexec/src/runtime/runtime1.go:589 s=586
             runtime.mallocgc /opt/homebrew/Cellar/go/1.22.0/libexec/src/runtime/malloc.go:1271 s=971
   547: 0x1046ba8b0 M=1 github.com/johnsonlee/graphite/graphite-server/internal/query.evaluator.eval /Users/johnsonlee/.codex/benchmarks/graphite/regex-quoted-contains-profile-after-bc708-v1/source/internal/query/eval.go:82 s=82
   548: 0x1044bf424 M=1 runtime.(*mspan).refillAllocCache /opt/homebrew/Cellar/go/1.22.0/libexec/src/runtime/mbitmap.go:96 s=85
   549: 0x1044bf53f M=1 runtime.(*mspan).nextFreeIndex /opt/homebrew/Cellar/go/1.22.0/libexec/src/runtime/mbitmap.go:147 s=103
   550: 0x1044b86af M=1 runtime.(*mcache).nextFree /opt/homebrew/Cellar/go/1.22.0/libexec/src/runtime/malloc.go:941 s=938
   551: 0x10453c28c M=1 io.ReadAtLeast /opt/homebrew/Cellar/go/1.22.0/libexec/src/io/io.go:329 s=329
   552: 0x10468447c M=1 github.com/johnsonlee/graphite/graphite-server/internal/store.(*Store).ProjectionCandidateNode.func4 /Users/johnsonlee/.codex/benchmarks/graphite/regex-quoted-contains-profile-after-bc708-v1/source/internal/store/projection_node.go:94 s=93
   553: 0x10451b540 M=1 runtime.duffcopy /opt/homebrew/Cellar/go/1.22.0/libexec/src/runtime/duff_arm64.s:255 s=74
Mappings
1: 0x1044ac000/0x1047b4000/0x0 /Users/johnsonlee/.codex/benchmarks/graphite/regex-quoted-contains-profile-after-bc708-v1/graphite-benchmark-profile  [FN]
