index	id	family	shape	outcome	samplesPerRuntime	measurementKind	mainLatencyNanos	goLatencyNanos	mainOverGoSingleSampleRatio	rowCount	responseBytes	digest	mainErrorClass	mainReferenceErrorMessage	goErrorClass	goErrorMessage
0	request-selected-set-wrapped-contains-k64-group-00-zero	graph-set-reference	request-selected-set-wrapped-contains	success	1	successful-latency	170050750	280811166	0.6055697585757683	0	147	805c8c7334c868e18e2be84be95b83cc60895722d739c2b164a68be4cd410c49				
1	single-contains-unlabeled-zero	contains	single-contains-unlabeled	success	1	successful-latency	3128708	1183875	2.64276887340302	0	49	3ac63634ef061bbfd710d08a2153c866385b655741559497d76793f6c8d76e1a				
2	single-contains-unlabeled-targeted	contains	single-contains-unlabeled	success	1	successful-latency	18235459	5043083	3.615934736747343	200	46966	187a62814fc87275955331a4cde38a147e1075c02ad5783005edd39f361863c0				
3	single-contains-unlabeled-dense	contains	single-contains-unlabeled	success	1	successful-latency	119475167	15676833	7.621129025231053	200	43486	f04c68d9d3fe27750516e393271bda65227db7f5fdf116b9a10f7b3d7d4068ff				
4	class-contains-or-unlabeled-zero	contains	class-contains-or-unlabeled	success	1	successful-latency	3263917	2246458	1.4529169919936185	0	135	2353923ee345bb31a3e5b5684fd9597f5a309f18266c51232f6d903326d6ab83				
5	class-contains-or-unlabeled-targeted	contains	class-contains-or-unlabeled	success	1	successful-latency	143249292	232368209	0.6164754318866399	200	83519	53f0c918dbe233f05eefcdf3e11b20da968aac6c4c4aa519a060b127d565daba				
6	class-contains-or-unlabeled-dense	contains	class-contains-or-unlabeled	success	1	successful-latency	86120750	923271542	0.09327781273691635	200	84622	c137e7938bacc81b3aa1233c728d8500839ed0ca85735ef7a589c901721364e1				
7	name-contains-or-unlabeled-zero	contains	name-contains-or-unlabeled	success	1	successful-latency	1423458	1577041	0.9026131850725504	0	135	2353923ee345bb31a3e5b5684fd9597f5a309f18266c51232f6d903326d6ab83				
8	name-contains-or-unlabeled-targeted	contains	name-contains-or-unlabeled	success	1	successful-latency	25414583	29770666	0.8536786849175628	0	135	2353923ee345bb31a3e5b5684fd9597f5a309f18266c51232f6d903326d6ab83				
9	name-contains-or-unlabeled-dense	contains	name-contains-or-unlabeled	success	1	successful-latency	993500	565417	1.757110238991753	200	82000	2a7acbfb07e87af8a7af73cff4e8aed29a642ce9b7e5ca901f3385df7a2e2671				
10	four-contains-or-unlabeled-zero	contains	four-contains-or-unlabeled	success	1	successful-latency	1772083	2216416	0.799526352453691	0	173	21514b44bab7a7f1a700cdc7119f3ce1b4ea8304c84e402ddb5f9775b21dd8af				
11	four-contains-or-unlabeled-targeted	contains	four-contains-or-unlabeled	success	1	successful-latency	1838792	753333	2.440875416316556	200	112015	9f09930cd4aa7572add3e43b8434a4721a3b0f6622af359dc299310f9bbd7e96				
12	four-contains-or-unlabeled-dense	contains	four-contains-or-unlabeled	success	1	successful-latency	4499791	2660334	1.6914383682650374	200	99187	4288f8530cba49c2f9780fe900f62e94fc14fc44b47b140457d983d5fcd2dd5c				
13	four-contains-or-labeled-zero	contains	four-contains-or-labeled	success	1	successful-latency	1516875	2377500	0.63801261829653	0	147	805c8c7334c868e18e2be84be95b83cc60895722d739c2b164a68be4cd410c49				
14	four-contains-or-labeled-targeted	contains	four-contains-or-labeled	success	1	successful-latency	9418708	11821042	0.7967747682480106	200	86272	94ef562421942882b2562b2b8a3d6905607c166fc039d3daec1c50e988a8c0eb				
15	four-contains-or-labeled-dense	contains	four-contains-or-labeled	success	1	successful-latency	811958	485625	1.6719855855855856	200	82009	e65f72b24be32eccca575f0ae4151e8dee6e89e2971db9727071b046e14b3ea4				
16	starts-or-raw-zero	contains	starts-or-raw	success	1	successful-latency	106052083	219648125	0.48282717186864216	0	84	425b336aa734c4a1ffbfb58aeaf5489b33f919170492c4bff859504736492e7f				
17	starts-or-raw-targeted	contains	starts-or-raw	success	1	successful-latency	20676750	71391625	0.2896243081734027	100	30972	a7b9846908febb502abd47dcc7269165df8c94605a7dcdc63931103d82b581a2				
18	starts-or-raw-dense	contains	starts-or-raw	success	1	successful-latency	582584	905333	0.6435024460612835	100	30214	0740bcf1983553477a227138dc3b3ed095f06c984728dcc1bbffb3b71959a13b				
19	ends-or-raw-zero	contains	ends-or-raw	success	1	successful-latency	180573583	183900459	0.9819093654355697	0	82	3ccae830dbdb8a07387e7c7e6dc034be54ba0aabd8aed60d7c03e33380639d25				
20	ends-or-raw-targeted	contains	ends-or-raw	success	1	successful-latency	22947750	187202958	0.12258219765950493	0	82	3ccae830dbdb8a07387e7c7e6dc034be54ba0aabd8aed60d7c03e33380639d25				
21	ends-or-raw-dense	contains	ends-or-raw	success	1	successful-latency	1826959	2184541	0.8363125251483035	100	26415	4293914be7e842e02606eeadfc7b0586191868e301451883db95dbd7efbd0963				
22	starts-or-wrapped-zero	wrapped	starts-or-wrapped	success	1	successful-latency	133611541	610525709	0.21884670707617981	0	84	425b336aa734c4a1ffbfb58aeaf5489b33f919170492c4bff859504736492e7f				
23	starts-or-wrapped-targeted	wrapped	starts-or-wrapped	success	1	successful-latency	183095625	618280125	0.2961370058596013	100	33663	4019ab262ff47d06b6a1a9ec26de3964105a48177a5693ae58c1ccbe789292d6				
24	starts-or-wrapped-dense	wrapped	starts-or-wrapped	success	1	successful-latency	200949833	597541875	0.33629414340208375	0	84	425b336aa734c4a1ffbfb58aeaf5489b33f919170492c4bff859504736492e7f				
25	ends-or-wrapped-zero	wrapped	ends-or-wrapped	success	1	successful-latency	28992584	624001958	0.0464623285685267	0	82	3ccae830dbdb8a07387e7c7e6dc034be54ba0aabd8aed60d7c03e33380639d25				
26	ends-or-wrapped-targeted	wrapped	ends-or-wrapped	success	1	successful-latency	30806500	667045959	0.04618347444332543	0	82	3ccae830dbdb8a07387e7c7e6dc034be54ba0aabd8aed60d7c03e33380639d25				
27	ends-or-wrapped-dense	wrapped	ends-or-wrapped	success	1	successful-latency	146707834	963875000	0.1522062860848139	100	27445	f69994db68ca9193f7b602b00273d35268080826366be899fd90877a4e6f4362				
28	contains-or-wrapped-zero	wrapped	contains-or-wrapped	success	1	successful-latency	875834	11404417	0.07679778808509019	0	147	805c8c7334c868e18e2be84be95b83cc60895722d739c2b164a68be4cd410c49				
29	contains-or-wrapped-targeted	wrapped	contains-or-wrapped	success	1	successful-latency	13923375	263963875	0.052747274603390334	200	85931	9b41620c5d38783d39c34332e17f7d0e079a6c8ce8e05707a2b9b976bc4a37fc				
30	contains-or-wrapped-dense	wrapped	contains-or-wrapped	success	1	successful-latency	28480208	1099726333	0.02589754118400291	200	86834	c9cfe78a2f725c44cb51d9d43076dc2a5602ac590ad0d35835c759432572a5cb				
31	graph-id-property-wrapped-contains-target-00-zero	graph-id	graph-id-property-wrapped-contains	success	1	successful-latency	1300708	1953292	0.6659055584111336	0	147	805c8c7334c868e18e2be84be95b83cc60895722d739c2b164a68be4cd410c49				
32	graph-id-property-wrapped-contains-target-00-targeted	graph-id	graph-id-property-wrapped-contains	success	1	successful-latency	934917	2526875	0.36998941380163247	10	5730	00c81103244dc6d42abdc3894d771e5a24957dcf7e5ad4d8dc686b1d7e0cb89e				
33	graph-id-property-wrapped-contains-target-00-dense	graph-id	graph-id-property-wrapped-contains	success	1	successful-latency	2869458	18703541	0.15341790092047275	200	84411	3bdee68309e62bee93f47848258ded90b1763d55841fa57d8b8fd21867653c44				
34	graph-id-property-wrapped-contains-target-01-zero	graph-id	graph-id-property-wrapped-contains	success	1	successful-latency	23744916	14367875	1.652639377778551	0	147	805c8c7334c868e18e2be84be95b83cc60895722d739c2b164a68be4cd410c49				
35	graph-id-property-wrapped-contains-target-01-targeted	graph-id	graph-id-property-wrapped-contains	success	1	successful-latency	465333	2164666	0.21496757467433775	1	758	b33173a678013ac093c95f3fccc5cd5af96ea18082387e1fc872de4817e234b2				
36	graph-id-property-wrapped-contains-target-01-dense	graph-id	graph-id-property-wrapped-contains	success	1	successful-latency	2744834	19682292	0.13945703071573168	200	84093	d9daf98f04e06930dfeb91ddd4e8ae597b8f9154e54ac1018db6a25ea8ddd84f				
37	graph-id-property-wrapped-contains-target-02-zero	graph-id	graph-id-property-wrapped-contains	success	1	successful-latency	28442000	13467042	2.111970839624618	0	147	805c8c7334c868e18e2be84be95b83cc60895722d739c2b164a68be4cd410c49				
38	graph-id-property-wrapped-contains-target-02-targeted	graph-id	graph-id-property-wrapped-contains	success	1	successful-latency	539417	2423000	0.22262360709863804	9	5751	0754b66fd035110585cc31e6af555127395a9cd85c413f0a859de6b596c3b70d				
39	graph-id-property-wrapped-contains-target-02-dense	graph-id	graph-id-property-wrapped-contains	success	1	successful-latency	2605209	17987083	0.1448377705267719	200	86930	a289774d080329d12351d967c614eae9b16190b55970a757b1f268e21aee3975				
40	graph-id-property-wrapped-contains-target-03-zero	graph-id	graph-id-property-wrapped-contains	success	1	successful-latency	69527167	13917583	4.995635161651272	0	147	805c8c7334c868e18e2be84be95b83cc60895722d739c2b164a68be4cd410c49				
41	graph-id-property-wrapped-contains-target-03-targeted	graph-id	graph-id-property-wrapped-contains	success	1	successful-latency	458666	2355833	0.19469376649363515	2	1333	77f2da9b0b5a99e6332b957b281149f5e269d152177e36aaa74e86db4bc23bf9				
42	graph-id-property-wrapped-contains-target-03-dense	graph-id	graph-id-property-wrapped-contains	success	1	successful-latency	2656458	18802834	0.14127966028950742	200	85151	08fbf5fde8e917175e0dca625983535621218120265897bdd0781fe99669b859				
43	graph-id-property-wrapped-contains-target-04-zero	graph-id	graph-id-property-wrapped-contains	success	1	successful-latency	32150500	12974875	2.4779044114105147	0	147	805c8c7334c868e18e2be84be95b83cc60895722d739c2b164a68be4cd410c49				
44	graph-id-property-wrapped-contains-target-04-targeted	graph-id	graph-id-property-wrapped-contains	success	1	successful-latency	514709	2232833	0.2305183594115637	9	5762	527d81de9e8ca9f5fe9ad0166e1e1711fbccaf3c53281e7e95375f6d55e3a3c7				
45	graph-id-property-wrapped-contains-target-04-dense	graph-id	graph-id-property-wrapped-contains	success	1	successful-latency	2195833	17279750	0.12707550745815188	200	86152	85d9bac3392391ae56f1f03af81d888f398336c8e33a1ef1e42c5409f746f730				
46	graph-id-property-wrapped-contains-target-05-zero	graph-id	graph-id-property-wrapped-contains	success	1	successful-latency	21497292	12742500	1.6870545026486168	0	147	805c8c7334c868e18e2be84be95b83cc60895722d739c2b164a68be4cd410c49				
47	graph-id-property-wrapped-contains-target-05-targeted	graph-id	graph-id-property-wrapped-contains	success	1	successful-latency	542583	2773417	0.19563700662395883	9	5751	48fbef6ae3373a73cfbd3690497aae4d0773c2f4ddadb5d217061398978bcac5				
48	graph-id-property-wrapped-contains-target-05-dense	graph-id	graph-id-property-wrapped-contains	success	1	successful-latency	2235334	17627458	0.12680977597563983	200	90860	57ae61ccbdbf1e83a9ab8de2923c4ac26bcc634ed53a2f1c1a3ee3682afe8cd8				
49	graph-id-property-wrapped-contains-target-06-zero	graph-id	graph-id-property-wrapped-contains	success	1	successful-latency	24420916	15181500	1.6085970424529856	0	147	805c8c7334c868e18e2be84be95b83cc60895722d739c2b164a68be4cd410c49				
50	graph-id-property-wrapped-contains-target-06-targeted	graph-id	graph-id-property-wrapped-contains	success	1	successful-latency	370042	2470833	0.14976406742179663	1	734	2c8962bfda6df26238f145f32f089e1ccdb69cc26ea9c2fde590f543638ba060				
51	graph-id-property-wrapped-contains-target-06-dense	graph-id	graph-id-property-wrapped-contains	success	1	successful-latency	2346334	21174667	0.11080854305760747	200	83941	f7f169fb4cd9a2408b058d9e03502907fe0d9372ba70f2f3749aeaffa464e292				
52	graph-id-property-wrapped-contains-target-07-zero	graph-id	graph-id-property-wrapped-contains	success	1	successful-latency	23246833	14463250	1.607303545192125	0	147	805c8c7334c868e18e2be84be95b83cc60895722d739c2b164a68be4cd410c49				
53	graph-id-property-wrapped-contains-target-07-targeted	graph-id	graph-id-property-wrapped-contains	success	1	successful-latency	501875	2338417	0.2146216863801452	1	762	d5674d7adcd2d58f93c5f2849f690003bc45d523850181c23ceaa0aacd7e6709				
54	graph-id-property-wrapped-contains-target-07-dense	graph-id	graph-id-property-wrapped-contains	success	1	successful-latency	1882042	20194750	0.09319461741294148	200	84999	35604ee2a3d19ee64c97fa99f4be154714c60028f948c7a23f75b925d4520a5d				
55	graph-id-property-wrapped-contains-target-08-zero	graph-id	graph-id-property-wrapped-contains	success	1	successful-latency	23812458	14271792	1.6684981115195625	0	147	805c8c7334c868e18e2be84be95b83cc60895722d739c2b164a68be4cd410c49				
56	graph-id-property-wrapped-contains-target-08-targeted	graph-id	graph-id-property-wrapped-contains	success	1	successful-latency	613083	2363083	0.25944200859639716	2	1322	4b49b28d836e57c2c3f8d43a93acd00a93b169fcd603338f9ab350f541e9665c				
57	graph-id-property-wrapped-contains-target-08-dense	graph-id	graph-id-property-wrapped-contains	success	1	successful-latency	2001792	21385625	0.09360455913727095	200	85531	ed34441ff634f19c276911a1fa193106a9070fde1065b57fc7ec71132b8d5f66				
58	graph-id-property-wrapped-contains-target-09-zero	graph-id	graph-id-property-wrapped-contains	success	1	successful-latency	23281792	14231917	1.6358858753883965	0	147	805c8c7334c868e18e2be84be95b83cc60895722d739c2b164a68be4cd410c49				
59	graph-id-property-wrapped-contains-target-09-targeted	graph-id	graph-id-property-wrapped-contains	success	1	successful-latency	524584	2268834	0.23121303718121292	1	758	cd83129b7654f9c1ac40c94032a03833f5b559e4d6d903ce58c899d274674334				
60	graph-id-property-wrapped-contains-target-09-dense	graph-id	graph-id-property-wrapped-contains	success	1	successful-latency	2003292	20133917	0.09949837381369954	200	84710	8302a9dc08d5cf465b56333dad5757a62c24d743692acbdbf8e81919ebd097a0				
61	graph-id-property-wrapped-contains-target-10-zero	graph-id	graph-id-property-wrapped-contains	success	1	successful-latency	23062458	13397125	1.7214482958097352	0	147	805c8c7334c868e18e2be84be95b83cc60895722d739c2b164a68be4cd410c49				
62	graph-id-property-wrapped-contains-target-10-targeted	graph-id	graph-id-property-wrapped-contains	success	1	successful-latency	466750	2368875	0.19703445728457603	1	821	f3f4d5fb39ff9fde7dcf6d88e4f52bcc4c277ed98626ccca0b17c4ddbb20b035				
63	graph-id-property-wrapped-contains-target-10-dense	graph-id	graph-id-property-wrapped-contains	success	1	successful-latency	1909167	18754625	0.10179713004125648	200	86914	eec30bd784e53b80ccd384559e9d1f853b8152ad8db90ad1f27d391bf03fc0d8				
64	graph-id-property-wrapped-contains-target-11-zero	graph-id	graph-id-property-wrapped-contains	success	1	successful-latency	21660958	12518000	1.7303848857644992	0	147	805c8c7334c868e18e2be84be95b83cc60895722d739c2b164a68be4cd410c49				
65	graph-id-property-wrapped-contains-target-11-targeted	graph-id	graph-id-property-wrapped-contains	success	1	successful-latency	351208	2157000	0.16282243857209086	1	758	f8ea31527e372a7d8e0f896bc894b97d788067aa20d0af371a4239382f72a4d1				
66	graph-id-property-wrapped-contains-target-11-dense	graph-id	graph-id-property-wrapped-contains	success	1	successful-latency	1795542	18587917	0.09659726799942134	200	84862	36598e3ab73085dce50e849dda8b6a32b1088eab3f02f052e9536f16613b5d4b				
67	graph-id-property-wrapped-contains-target-12-zero	graph-id	graph-id-property-wrapped-contains	success	1	successful-latency	24101333	15135500	1.592371114267781	0	147	805c8c7334c868e18e2be84be95b83cc60895722d739c2b164a68be4cd410c49				
68	graph-id-property-wrapped-contains-target-12-targeted	graph-id	graph-id-property-wrapped-contains	success	1	successful-latency	340625	2332125	0.14605777992174518	2	1348	569ba2c2d8626f5c6804b713aa9f9bd5155648246e0bb082ab37cf407a3ccee9				
69	graph-id-property-wrapped-contains-target-12-dense	graph-id	graph-id-property-wrapped-contains	success	1	successful-latency	1708458	21110541	0.08092914340755171	200	85894	f22afa8ccaad259750ce50e850502822308b2565f707f284de32cd44d5ef328a				
70	graph-id-property-wrapped-contains-target-13-zero	graph-id	graph-id-property-wrapped-contains	success	1	successful-latency	23316000	15261583	1.5277576382476181	0	147	805c8c7334c868e18e2be84be95b83cc60895722d739c2b164a68be4cd410c49				
71	graph-id-property-wrapped-contains-target-13-targeted	graph-id	graph-id-property-wrapped-contains	success	1	successful-latency	295334	2334458	0.12651073611090882	5	2824	ebb699b5b0554cc639408add00ca9d9aae37f3553c5e6ea606cb7e66e171933f				
72	graph-id-property-wrapped-contains-target-13-dense	graph-id	graph-id-property-wrapped-contains	success	1	successful-latency	1787875	22322625	0.08009250704162257	200	86344	2e714969993f2a86ba5c715dc52b2c7d6dbaed9b2320da2399ecdf29ec9f1e4e				
73	graph-id-property-wrapped-contains-target-14-zero	graph-id	graph-id-property-wrapped-contains	success	1	successful-latency	22256500	14602000	1.524209012464046	0	147	805c8c7334c868e18e2be84be95b83cc60895722d739c2b164a68be4cd410c49				
74	graph-id-property-wrapped-contains-target-14-targeted	graph-id	graph-id-property-wrapped-contains	success	1	successful-latency	328042	2277459	0.14403859740175345	3	1887	cfce92c06f8a0a93444f0ec3592aad57c255799cc7a1286e673f5c8cc3173d20				
75	graph-id-property-wrapped-contains-target-14-dense	graph-id	graph-id-property-wrapped-contains	success	1	successful-latency	1752459	20270625	0.08645313107020627	200	88102	f384f54b9e0494c603dd9e83eb2ca0ad0386a359a2e1d6a356e225c072977e41				
76	graph-id-property-wrapped-contains-target-15-zero	graph-id	graph-id-property-wrapped-contains	success	1	successful-latency	20846792	15862417	1.3142254424404554	0	147	805c8c7334c868e18e2be84be95b83cc60895722d739c2b164a68be4cd410c49				
77	graph-id-property-wrapped-contains-target-15-targeted	graph-id	graph-id-property-wrapped-contains	success	1	successful-latency	296292	2162875	0.13698988614691093	1	765	ae20f86c5a0d43140079bdbb52041ad145178823d6189b8171bbe58dc0d82dcc				
78	graph-id-property-wrapped-contains-target-15-dense	graph-id	graph-id-property-wrapped-contains	success	1	successful-latency	1586625	16935750	0.0936849563792569	200	82358	6db1e45464dd1e42fc627a3ee68393b586d132e4817f87f1da72cb180e7925bb				
79	graph-id-property-wrapped-contains-target-16-zero	graph-id	graph-id-property-wrapped-contains	success	1	successful-latency	12769750	7839625	1.6288725544908078	0	147	805c8c7334c868e18e2be84be95b83cc60895722d739c2b164a68be4cd410c49				
80	graph-id-property-wrapped-contains-target-16-targeted	graph-id	graph-id-property-wrapped-contains	success	1	successful-latency	282500	1411209	0.20018296368574748	1	771	41ad9b5110585bc89df35b9d0a0c6bd66daaf6c239b4212552d078b2f2a28c34				
81	graph-id-property-wrapped-contains-target-16-dense	graph-id	graph-id-property-wrapped-contains	success	1	successful-latency	1312916	12047625	0.10897716354883225	200	94237	51b180cd96740a311cc61165baa84cc05517b2f28ac6c70debc25f8e14514414				
82	graph-id-property-wrapped-contains-target-17-zero	graph-id	graph-id-property-wrapped-contains	success	1	successful-latency	14095500	8789916	1.6035989422424515	0	147	805c8c7334c868e18e2be84be95b83cc60895722d739c2b164a68be4cd410c49				
83	graph-id-property-wrapped-contains-target-17-targeted	graph-id	graph-id-property-wrapped-contains	success	1	successful-latency	283583	1546167	0.18341033019072325	5	2976	7d286938fe2f40cd4cb86cd26be11c3221bfff86202fa9b705bdc1c77967743f				
84	graph-id-property-wrapped-contains-target-17-dense	graph-id	graph-id-property-wrapped-contains	success	1	successful-latency	1322291	15348209	0.08615278825040759	200	92381	87c915d88746be4a40b85e67e7de71966365a455358cc138185e5c1f5bcf1251				
85	graph-id-property-wrapped-contains-target-18-zero	graph-id	graph-id-property-wrapped-contains	success	1	successful-latency	13198583	8105041	1.6284412379900362	0	147	805c8c7334c868e18e2be84be95b83cc60895722d739c2b164a68be4cd410c49				
86	graph-id-property-wrapped-contains-target-18-targeted	graph-id	graph-id-property-wrapped-contains	success	1	successful-latency	294458	1515291	0.19432439049661088	12	6781	abf0682228739bdef1eb0d4b5b1449d7697f9412e644bd07a974f6e04213652e				
87	graph-id-property-wrapped-contains-target-18-dense	graph-id	graph-id-property-wrapped-contains	success	1	successful-latency	1271500	12361958	0.10285587444966242	200	95198	7d65fbc43e0cf8a1d4323c709e6963c32bdea3f389f5b683f619eee1fd79dc90				
88	graph-id-property-wrapped-contains-target-19-zero	graph-id	graph-id-property-wrapped-contains	success	1	successful-latency	12890708	7524417	1.7131836260536863	0	147	805c8c7334c868e18e2be84be95b83cc60895722d739c2b164a68be4cd410c49				
89	graph-id-property-wrapped-contains-target-19-targeted	graph-id	graph-id-property-wrapped-contains	success	1	successful-latency	291833	1581750	0.18450007902639481	11	6327	72232d5a8299b69c619beb4cebd0967a4ca8f1378844d7914f795f7c5126cc48				
90	graph-id-property-wrapped-contains-target-19-dense	graph-id	graph-id-property-wrapped-contains	success	1	successful-latency	1209000	11305958	0.10693476837610753	200	96673	6ab8193cda24a8f589b0e7412ffcc3549afc3180a092c899437bb3ef2f8324ef				
91	graph-id-property-wrapped-contains-target-20-zero	graph-id	graph-id-property-wrapped-contains	success	1	successful-latency	13966250	8731250	1.5995705082319256	0	147	805c8c7334c868e18e2be84be95b83cc60895722d739c2b164a68be4cd410c49				
92	graph-id-property-wrapped-contains-target-20-targeted	graph-id	graph-id-property-wrapped-contains	success	1	successful-latency	266500	1561959	0.17061907514857944	1	763	7811e1c0f64fb9174b112349d7a5f89fec8a71f59a6b66db3b1e97241f5dc93c				
93	graph-id-property-wrapped-contains-target-20-dense	graph-id	graph-id-property-wrapped-contains	success	1	successful-latency	1368958	13134125	0.10422909786529365	200	91604	a93cd6116bda146e01916f4ab7d54aa664da5b5c2287de109c82d6c48fcd38f8				
94	graph-id-property-wrapped-contains-target-21-zero	graph-id	graph-id-property-wrapped-contains	success	1	successful-latency	13392417	8085875	1.6562730687773433	0	147	805c8c7334c868e18e2be84be95b83cc60895722d739c2b164a68be4cd410c49				
95	graph-id-property-wrapped-contains-target-21-targeted	graph-id	graph-id-property-wrapped-contains	success	1	successful-latency	229333	1485625	0.154368026924695	1	765	1cf450577b12b3b6a7c19f53479709a92a169add0c4f9defecbc55254bf8d5b3				
96	graph-id-property-wrapped-contains-target-21-dense	graph-id	graph-id-property-wrapped-contains	success	1	successful-latency	1253625	12503208	0.10026426817821474	200	96334	eb6b03599a26f520b43896ee6af6cb6d2a3ec0783b66a0bcb29642b029a4b6eb				
97	graph-id-property-wrapped-contains-target-22-zero	graph-id	graph-id-property-wrapped-contains	success	1	successful-latency	13436917	7911584	1.6983851779871135	0	147	805c8c7334c868e18e2be84be95b83cc60895722d739c2b164a68be4cd410c49				
98	graph-id-property-wrapped-contains-target-22-targeted	graph-id	graph-id-property-wrapped-contains	success	1	successful-latency	324417	1498541	0.21648857121693701	11	6331	43d88524d9da26840d520d8260a6801a2d864c2023e9806c3df4a5e673a5fd66				
99	graph-id-property-wrapped-contains-target-22-dense	graph-id	graph-id-property-wrapped-contains	success	1	successful-latency	1290792	11618750	0.11109559978483055	200	98397	b1cc908cf8cd6a2354b320afca9ad225990c59be93a53ddc3912afb3b0d46d7b				
100	graph-id-property-wrapped-contains-target-23-zero	graph-id	graph-id-property-wrapped-contains	success	1	successful-latency	12597334	7868750	1.6009320413026211	0	147	805c8c7334c868e18e2be84be95b83cc60895722d739c2b164a68be4cd410c49				
101	graph-id-property-wrapped-contains-target-23-targeted	graph-id	graph-id-property-wrapped-contains	success	1	successful-latency	437666	1490875	0.2935631759872558	11	6135	718b52d4d32659cb9b39b84bdb87d6226a9be4436e73fa316936d1333dfa50c0				
102	graph-id-property-wrapped-contains-target-23-dense	graph-id	graph-id-property-wrapped-contains	success	1	successful-latency	1335583	11777542	0.11340082675994702	200	95056	d5aa9163a912371065002f30549de9cefea57af859f009a275e381b0a849633e				
103	graph-id-property-wrapped-contains-target-24-zero	graph-id	graph-id-property-wrapped-contains	success	1	successful-latency	14645500	8512166	1.7205374049331275	0	147	805c8c7334c868e18e2be84be95b83cc60895722d739c2b164a68be4cd410c49				
104	graph-id-property-wrapped-contains-target-24-targeted	graph-id	graph-id-property-wrapped-contains	success	1	successful-latency	278042	1658916	0.16760462856467717	1	754	033650595463ffba6f1f515fc8a38ba023fdd37a0e2442442be40f2d8baee0b4				
105	graph-id-property-wrapped-contains-target-24-dense	graph-id	graph-id-property-wrapped-contains	success	1	successful-latency	1379417	15070417	0.09153144202977263	200	96144	13cc3d04be15c5d98101b6676211e0260c08571becd6cbc7be1dcfad1b7efce8				
106	graph-id-property-wrapped-contains-target-25-zero	graph-id	graph-id-property-wrapped-contains	success	1	successful-latency	14039125	8724208	1.6092148421954175	0	147	805c8c7334c868e18e2be84be95b83cc60895722d739c2b164a68be4cd410c49				
107	graph-id-property-wrapped-contains-target-25-targeted	graph-id	graph-id-property-wrapped-contains	success	1	successful-latency	278750	1593375	0.17494312387228367	17	9434	57a7fb26e2c1557848eddaabb17076d92c9b2ef2e0ff6b92be3de4374fe1fa9b				
108	graph-id-property-wrapped-contains-target-25-dense	graph-id	graph-id-property-wrapped-contains	success	1	successful-latency	1258667	14721542	0.08549831260882862	200	90260	d606d19bfcb83b224b953bd70176bc52dc06d427ef6ab3d0cc311bc6ed6fc260				
109	graph-id-property-wrapped-contains-target-26-zero	graph-id	graph-id-property-wrapped-contains	success	1	successful-latency	15005583	9352666	1.6044177136230462	0	147	805c8c7334c868e18e2be84be95b83cc60895722d739c2b164a68be4cd410c49				
110	graph-id-property-wrapped-contains-target-26-targeted	graph-id	graph-id-property-wrapped-contains	success	1	successful-latency	256083	1632083	0.15690562305961156	1	791	550bd45f802381cb65ea30928a856fc0c2bc207cbfc2a147aad4312130548c9a				
111	graph-id-property-wrapped-contains-target-26-dense	graph-id	graph-id-property-wrapped-contains	success	1	successful-latency	1300250	15469084	0.0840547507531797	200	96089	d0bdae62973cb737c05eda37d83d6fd7dea4520a7f87acdd4ed9a2fba1f97888				
112	graph-id-property-wrapped-contains-target-27-zero	graph-id	graph-id-property-wrapped-contains	success	1	successful-latency	13681750	8539750	1.602125354957698	0	147	805c8c7334c868e18e2be84be95b83cc60895722d739c2b164a68be4cd410c49				
113	graph-id-property-wrapped-contains-target-27-targeted	graph-id	graph-id-property-wrapped-contains	success	1	successful-latency	283041	1555708	0.18193709873575248	14	8030	e1858d468e2cee9daff29f91791894b539cc1c9bfb8d57bb0eaa364a24ec0f04				
114	graph-id-property-wrapped-contains-target-27-dense	graph-id	graph-id-property-wrapped-contains	success	1	successful-latency	1287250	12100792	0.1063773346405756	200	95559	bcb492a91a247979acd291eaea381c0db6d952c0baff29193145ae7356b00907				
115	graph-id-property-wrapped-contains-target-28-zero	graph-id	graph-id-property-wrapped-contains	success	1	successful-latency	14262542	8488042	1.6803100173161254	0	147	805c8c7334c868e18e2be84be95b83cc60895722d739c2b164a68be4cd410c49				
116	graph-id-property-wrapped-contains-target-28-targeted	graph-id	graph-id-property-wrapped-contains	success	1	successful-latency	229375	1480209	0.15496122507024346	12	6370	8871e0dc77f7df7110f742adaac439b8d2f4e912a3a21e1793fda026e0955f9b				
117	graph-id-property-wrapped-contains-target-28-dense	graph-id	graph-id-property-wrapped-contains	success	1	successful-latency	1183416	13119625	0.09020196842516459	200	101142	3ec255435f1804ca883e61ce69218b0c9b6812e5f4d6241be813f3a04980ff78				
118	graph-id-property-wrapped-contains-target-29-zero	graph-id	graph-id-property-wrapped-contains	success	1	successful-latency	13141750	8017625	1.6391075910883834	0	147	805c8c7334c868e18e2be84be95b83cc60895722d739c2b164a68be4cd410c49				
119	graph-id-property-wrapped-contains-target-29-targeted	graph-id	graph-id-property-wrapped-contains	success	1	successful-latency	228500	1480458	0.1543441286412718	1	759	7c9cbf2db3468e4d9ec5f9ce37c29746bb3071949804d250165a0310edd3182c				
120	graph-id-property-wrapped-contains-target-29-dense	graph-id	graph-id-property-wrapped-contains	success	1	successful-latency	1310958	12781083	0.10257018125928766	200	96005	cb6245f16fc1df4cadc32295db3c94d74d99d6ac24ca00ba686085574c3842f9				
121	graph-id-property-wrapped-contains-target-30-zero	graph-id	graph-id-property-wrapped-contains	success	1	successful-latency	13680292	8206000	1.6671084572264196	0	147	805c8c7334c868e18e2be84be95b83cc60895722d739c2b164a68be4cd410c49				
122	graph-id-property-wrapped-contains-target-30-targeted	graph-id	graph-id-property-wrapped-contains	success	1	successful-latency	304375	1543458	0.19720329286575988	10	5866	c85815e1257e7d89a547803b839a8fa3d5c32a25ad93fc4df95c67dd0df38386				
123	graph-id-property-wrapped-contains-target-30-dense	graph-id	graph-id-property-wrapped-contains	success	1	successful-latency	1207167	12369291	0.09759387179103475	200	95471	766b9ef7e8ecf0adce38af75461cc8c431950c6a78cf29871668bb82bbc59681				
124	graph-id-property-wrapped-contains-target-31-zero	graph-id	graph-id-property-wrapped-contains	success	1	successful-latency	15744792	10101292	1.558690908054138	0	147	805c8c7334c868e18e2be84be95b83cc60895722d739c2b164a68be4cd410c49				
125	graph-id-property-wrapped-contains-target-31-targeted	graph-id	graph-id-property-wrapped-contains	success	1	successful-latency	233625	1715584	0.13617811777214056	1	779	5b2641a56fc0d1ce3cad560f98de3ab642d893c5f6c2be5bb57444732d364805				
126	graph-id-property-wrapped-contains-target-31-dense	graph-id	graph-id-property-wrapped-contains	success	1	successful-latency	1265541	17410208	0.07268959681584505	200	90493	6cea2d1b1fba9817e31904018fa5ce3734b41bb641feab5c7c6849206b05e3c1				
127	graph-id-property-wrapped-contains-target-32-zero	graph-id	graph-id-property-wrapped-contains	success	1	successful-latency	20798000	13103250	1.587239806918131	0	147	805c8c7334c868e18e2be84be95b83cc60895722d739c2b164a68be4cd410c49				
128	graph-id-property-wrapped-contains-target-32-targeted	graph-id	graph-id-property-wrapped-contains	success	1	successful-latency	304417	2340583	0.13006033112263055	4	2862	72e96499d86d64ae9da267f3b15791817d4250f06a8dfea9d09edd8c3c23a440				
129	graph-id-property-wrapped-contains-target-32-dense	graph-id	graph-id-property-wrapped-contains	success	1	successful-latency	1450958	24940917	0.058175808050682336	200	92864	0ad6a5ae10cb27d8dd28af205e0df8ebd79b3e1ca0079c8c876100ee108fc38d				
130	graph-id-property-wrapped-contains-target-33-zero	graph-id	graph-id-property-wrapped-contains	success	1	successful-latency	16834750	10434542	1.6133674098968598	0	147	805c8c7334c868e18e2be84be95b83cc60895722d739c2b164a68be4cd410c49				
131	graph-id-property-wrapped-contains-target-33-targeted	graph-id	graph-id-property-wrapped-contains	success	1	successful-latency	267750	1882417	0.1422373469852854	4	2862	5436abb5d5a82ddf1b71cf6459ce0de5fe56d25b825b58b20bbe8cace9e3cde7				
132	graph-id-property-wrapped-contains-target-33-dense	graph-id	graph-id-property-wrapped-contains	success	1	successful-latency	1205542	18950250	0.06361615282120289	200	92578	e10f119cab32a77f2d8107211e2addcc69d3ab151ee08f60199ff7a8db9b6a1c				
133	graph-id-property-wrapped-contains-target-34-zero	graph-id	graph-id-property-wrapped-contains	success	1	successful-latency	19650292	12295375	1.598185659241788	0	147	805c8c7334c868e18e2be84be95b83cc60895722d739c2b164a68be4cd410c49				
134	graph-id-property-wrapped-contains-target-34-targeted	graph-id	graph-id-property-wrapped-contains	success	1	successful-latency	266666	2243708	0.11885058126993352	4	2883	e83a01bd4b4e8f51ba0c51a53e73f87ec8dd6170bd60b37ef57b4eb9aba8bcc7				
135	graph-id-property-wrapped-contains-target-34-dense	graph-id	graph-id-property-wrapped-contains	success	1	successful-latency	1392667	22411292	0.06214130805131628	200	94183	b06f89a813919b2f4278637c18773fe7508c48351caa08a76cefe1f54c9b7715				
136	graph-id-property-wrapped-contains-target-35-zero	graph-id	graph-id-property-wrapped-contains	success	1	successful-latency	19555625	12223041	1.5998985031630018	0	147	805c8c7334c868e18e2be84be95b83cc60895722d739c2b164a68be4cd410c49				
137	graph-id-property-wrapped-contains-target-35-targeted	graph-id	graph-id-property-wrapped-contains	success	1	successful-latency	226792	2193958	0.1033711675428609	1	771	134378d176ef9559b3b9b40557762648c5aa55be889ba8cb2e7f752130b85ab7				
138	graph-id-property-wrapped-contains-target-35-dense	graph-id	graph-id-property-wrapped-contains	success	1	successful-latency	1353417	23073375	0.05865708852736108	200	91613	71eca3baa7c5adda9a19daaba5b66d08f4d30beebcfc1f6f8f3125a009484e93				
139	graph-id-property-wrapped-contains-target-36-zero	graph-id	graph-id-property-wrapped-contains	success	1	successful-latency	18058042	11181334	1.615016777067924	0	147	805c8c7334c868e18e2be84be95b83cc60895722d739c2b164a68be4cd410c49				
140	graph-id-property-wrapped-contains-target-36-targeted	graph-id	graph-id-property-wrapped-contains	success	1	successful-latency	211125	1976875	0.10679734429339235	1	795	6f5022183da52ea8cb963f17c4b86a6270dc9bfe0ca358e5ec7d6bdf4c95879f				
141	graph-id-property-wrapped-contains-target-36-dense	graph-id	graph-id-property-wrapped-contains	success	1	successful-latency	1255375	19633625	0.06394005182435744	200	91716	5d2df55fe9df550bd17a462dbec1bd958f7c0d5940c160537976ecc80d5cb22f				
142	graph-id-property-wrapped-contains-target-37-zero	graph-id	graph-id-property-wrapped-contains	success	1	successful-latency	17971084	10836209	1.6584290686899819	0	147	805c8c7334c868e18e2be84be95b83cc60895722d739c2b164a68be4cd410c49				
143	graph-id-property-wrapped-contains-target-37-targeted	graph-id	graph-id-property-wrapped-contains	success	1	successful-latency	356708	2085708	0.1710248989791476	51	31472	b9433fbd59011f3771f14c8abacb0cbca913b3ccb9b85649a8f98d4c6f628703				
144	graph-id-property-wrapped-contains-target-37-dense	graph-id	graph-id-property-wrapped-contains	success	1	successful-latency	1276125	19602375	0.06510052991027873	200	91795	dbb6e258143695218279e10cbea2bf21ad0c5b1330a8fc3e3470b176ae0b6f42				
145	graph-id-property-wrapped-contains-target-38-zero	graph-id	graph-id-property-wrapped-contains	success	1	successful-latency	19041250	11408083	1.6691016360943376	0	147	805c8c7334c868e18e2be84be95b83cc60895722d739c2b164a68be4cd410c49				
146	graph-id-property-wrapped-contains-target-38-targeted	graph-id	graph-id-property-wrapped-contains	success	1	successful-latency	232416	2046291	0.11357915369808107	1	801	6e224732564976ab3ad1b488a2dcb0c2a2f84050ab25d529f41b87f4de3c406c				
147	graph-id-property-wrapped-contains-target-38-dense	graph-id	graph-id-property-wrapped-contains	success	1	successful-latency	1300333	21305000	0.06103417038253931	200	92968	77adda61bf8a66745500e9e1b739302ae425b75af5d5199095bd9c0f56151e04				
148	graph-id-property-wrapped-contains-target-39-zero	graph-id	graph-id-property-wrapped-contains	success	1	successful-latency	19589292	12837167	1.5259824850763413	0	147	805c8c7334c868e18e2be84be95b83cc60895722d739c2b164a68be4cd410c49				
149	graph-id-property-wrapped-contains-target-39-targeted	graph-id	graph-id-property-wrapped-contains	success	1	successful-latency	250834	2208708	0.11356593990695013	4	2855	db8e5b7500b38c30ff9ca554407e1c3f066cc32ce80520e31c63fe8f4f34048e				
150	graph-id-property-wrapped-contains-target-39-dense	graph-id	graph-id-property-wrapped-contains	success	1	successful-latency	1271792	21599375	0.05888096299082728	200	91298	153dc7ab9d3d22961d16bfae52d0b5cd4c7d97177e0e57e7c086294f37d00f0f				
151	graph-id-property-wrapped-contains-target-40-zero	graph-id	graph-id-property-wrapped-contains	success	1	successful-latency	20528709	12730834	1.6125187870645394	0	147	805c8c7334c868e18e2be84be95b83cc60895722d739c2b164a68be4cd410c49				
152	graph-id-property-wrapped-contains-target-40-targeted	graph-id	graph-id-property-wrapped-contains	success	1	successful-latency	220250	2291250	0.096126568466994	4	2911	6520445594f6fc1d080f2e441beea159540f21b52c555b515dbd7ba1fee2a37f				
153	graph-id-property-wrapped-contains-target-40-dense	graph-id	graph-id-property-wrapped-contains	success	1	successful-latency	1456333	24477833	0.05949599378343663	200	95189	6547ed796970ad3186785ae6dc7d6b1328d226d1878e5144fdb98c21fcba06f9				
154	graph-id-property-wrapped-contains-target-41-zero	graph-id	graph-id-property-wrapped-contains	success	1	successful-latency	19516042	11333000	1.7220543545398395	0	147	805c8c7334c868e18e2be84be95b83cc60895722d739c2b164a68be4cd410c49				
155	graph-id-property-wrapped-contains-target-41-targeted	graph-id	graph-id-property-wrapped-contains	success	1	successful-latency	264000	2313125	0.11413131586057822	4	2883	42fd2fd2ff37d34c0cfb2146cde4be9387147a4cc07443bd58969c3f1e25556e				
156	graph-id-property-wrapped-contains-target-41-dense	graph-id	graph-id-property-wrapped-contains	success	1	successful-latency	1494875	20147417	0.0741968561031918	200	92146	1d23f5a918b6a408d8eae300e7aa799801aecc62fcc85667af567e3c95156cb9				
157	graph-id-property-wrapped-contains-target-42-zero	graph-id	graph-id-property-wrapped-contains	success	1	successful-latency	18191541	10430458	1.7440788314376992	0	147	805c8c7334c868e18e2be84be95b83cc60895722d739c2b164a68be4cd410c49				
158	graph-id-property-wrapped-contains-target-42-targeted	graph-id	graph-id-property-wrapped-contains	success	1	successful-latency	441375	2056500	0.21462436177972283	63	39077	2d20a012ee335ff72d99f67135e1ac36defbca676c07a298d3df15c7c1e33f7d				
159	graph-id-property-wrapped-contains-target-42-dense	graph-id	graph-id-property-wrapped-contains	success	1	successful-latency	1359750	17911500	0.07591491499874382	200	93248	bd7a2cfc84011237aca413f8fd4b6ee9130043dc1530bc214cc965d935dc3d88				
160	graph-id-property-wrapped-contains-target-43-zero	graph-id	graph-id-property-wrapped-contains	success	1	successful-latency	19828083	11503417	1.7236689759225454	0	147	805c8c7334c868e18e2be84be95b83cc60895722d739c2b164a68be4cd410c49				
161	graph-id-property-wrapped-contains-target-43-targeted	graph-id	graph-id-property-wrapped-contains	success	1	successful-latency	263000	2048250	0.12840229464176736	4	2743	a7aaae25732eb3fc39e7e9697120f6a4534e52262fb153e4201e51d7b31e4606				
162	graph-id-property-wrapped-contains-target-43-dense	graph-id	graph-id-property-wrapped-contains	success	1	successful-latency	1497708	20132750	0.07439162558517838	200	94063	f5c81d8aabcfe449e1a20e1133f0ce5a6c25cde54cfb7e82531ff93f87b6f89e				
163	graph-id-property-wrapped-contains-target-44-zero	graph-id	graph-id-property-wrapped-contains	success	1	successful-latency	19630167	12129000	1.6184489240662874	0	147	805c8c7334c868e18e2be84be95b83cc60895722d739c2b164a68be4cd410c49				
164	graph-id-property-wrapped-contains-target-44-targeted	graph-id	graph-id-property-wrapped-contains	success	1	successful-latency	260708	2152791	0.12110232716506154	4	2890	b8c7750587d3cb95373de074cba017cf14e5d85811bfc8cc2b49fa06615dc14f				
165	graph-id-property-wrapped-contains-target-44-dense	graph-id	graph-id-property-wrapped-contains	success	1	successful-latency	1355791	21598000	0.06277391425131956	200	90517	901cb7ad5a7cef604f7264d87d81f85a7b3e521b0175839dd61f15fa140b58cf				
166	graph-id-property-wrapped-contains-target-45-zero	graph-id	graph-id-property-wrapped-contains	success	1	successful-latency	19314459	11358209	1.7004845570283131	0	147	805c8c7334c868e18e2be84be95b83cc60895722d739c2b164a68be4cd410c49				
167	graph-id-property-wrapped-contains-target-45-targeted	graph-id	graph-id-property-wrapped-contains	success	1	successful-latency	234084	2073791	0.11287733431189546	1	807	7a2ea6e6b7c61f333c01be975226570ddf428683fdf6c4eb419e09457718acf9				
168	graph-id-property-wrapped-contains-target-45-dense	graph-id	graph-id-property-wrapped-contains	success	1	successful-latency	1447375	20870125	0.06935152520648535	200	92534	8ce2fca3adf975e2913f1d7a0f91465f04ef5e5cdbaaa1f51ca68901be616480				
169	graph-id-property-wrapped-contains-target-46-zero	graph-id	graph-id-property-wrapped-contains	success	1	successful-latency	18430417	11611667	1.5872326514358361	0	147	805c8c7334c868e18e2be84be95b83cc60895722d739c2b164a68be4cd410c49				
170	graph-id-property-wrapped-contains-target-46-targeted	graph-id	graph-id-property-wrapped-contains	success	1	successful-latency	410209	2163709	0.18958603028410936	45	27605	5de372ca8e19ec486456452fc7bd2d9f18c4d7b0beb5e238b24073911e1d2e3a				
171	graph-id-property-wrapped-contains-target-46-dense	graph-id	graph-id-property-wrapped-contains	success	1	successful-latency	1362250	21039833	0.06474623634132458	200	96641	3ad39c9167b00424c5957087068cab90d47268c9063b8d9e565113275edd98c8				
172	graph-id-property-wrapped-contains-target-47-zero	graph-id	graph-id-property-wrapped-contains	success	1	successful-latency	18395084	11389291	1.615121081724929	0	147	805c8c7334c868e18e2be84be95b83cc60895722d739c2b164a68be4cd410c49				
173	graph-id-property-wrapped-contains-target-47-targeted	graph-id	graph-id-property-wrapped-contains	success	1	successful-latency	5688500	2243334	2.535734759068422	66	40159	fcfc173325ae104971344d6daea93c8089a472f712f938cfbd16c519ba82c551				
174	graph-id-property-wrapped-contains-target-47-dense	graph-id	graph-id-property-wrapped-contains	success	1	successful-latency	2708250	19602375	0.13815927916897824	200	97359	d162ad37d2e7b659e55cddb63b7d42e922fbd2396ae9679f7648226751bb7a13				
175	graph-id-property-wrapped-contains-target-48-zero	graph-id	graph-id-property-wrapped-contains	success	1	successful-latency	15061959	8410084	1.790940375863071	0	147	805c8c7334c868e18e2be84be95b83cc60895722d739c2b164a68be4cd410c49				
176	graph-id-property-wrapped-contains-target-48-targeted	graph-id	graph-id-property-wrapped-contains	success	1	successful-latency	375292	1764958	0.2126350882003991	10	6351	274597a5e0e535d6581734920f9ffbc39062a84a13ad9d85823a8f12df219dfd				
177	graph-id-property-wrapped-contains-target-48-dense	graph-id	graph-id-property-wrapped-contains	success	1	successful-latency	1317375	12046750	0.10935522028762944	200	97301	4abd067ea3c7496241f2623586a132809a81e33bd08c7645b717be3ee7ee2542				
178	graph-id-property-wrapped-contains-target-49-zero	graph-id	graph-id-property-wrapped-contains	success	1	successful-latency	14352042	7848959	1.8285280888841438	0	147	805c8c7334c868e18e2be84be95b83cc60895722d739c2b164a68be4cd410c49				
179	graph-id-property-wrapped-contains-target-49-targeted	graph-id	graph-id-property-wrapped-contains	success	1	successful-latency	595292	1766750	0.3369418423659261	4	2598	d72c68d3fe0e8e0257e28136dfcba3f279a31d304b51dc9611dfa7b0f16169a8				
180	graph-id-property-wrapped-contains-target-49-dense	graph-id	graph-id-property-wrapped-contains	success	1	successful-latency	1185250	11138583	0.10640940593610516	200	95854	6848b85ce01299f2ea05bcca3edaa8c69792c61113aeaea43a401f01793bb61d				
181	graph-id-property-wrapped-contains-target-50-zero	graph-id	graph-id-property-wrapped-contains	success	1	successful-latency	14611292	7734791	1.8890351400574366	0	147	805c8c7334c868e18e2be84be95b83cc60895722d739c2b164a68be4cd410c49				
182	graph-id-property-wrapped-contains-target-50-targeted	graph-id	graph-id-property-wrapped-contains	success	1	successful-latency	469750	1701208	0.2761273165891531	1	791	85dd6bfd8cfa28628294c822275e5bb7a279ea8142c47ff362a55c060e68da37				
183	graph-id-property-wrapped-contains-target-50-dense	graph-id	graph-id-property-wrapped-contains	success	1	successful-latency	4204666	11129375	0.3777989330038749	200	91564	fbf180fab82c32493738bb60bb29955d3f45810bb23806d614f71964200069bc				
184	graph-id-property-wrapped-contains-target-51-zero	graph-id	graph-id-property-wrapped-contains	success	1	successful-latency	17577666	7403292	2.374304025830671	0	147	805c8c7334c868e18e2be84be95b83cc60895722d739c2b164a68be4cd410c49				
185	graph-id-property-wrapped-contains-target-51-targeted	graph-id	graph-id-property-wrapped-contains	success	1	successful-latency	384000	1744875	0.22007307113690092	1	798	64ae9673d519a121b865dc50f576291bddc3c4c81c474d10cfb9d0da1dce7c60				
186	graph-id-property-wrapped-contains-target-51-dense	graph-id	graph-id-property-wrapped-contains	success	1	successful-latency	10480375	9854500	1.0635115936881627	200	94730	d508f1cb1d0c5646118a68e8a87c49c66a454661e438e3f033289c173598f51f				
187	graph-id-property-wrapped-contains-target-52-zero	graph-id	graph-id-property-wrapped-contains	success	1	successful-latency	15942042	8534500	1.8679526627218934	0	147	805c8c7334c868e18e2be84be95b83cc60895722d739c2b164a68be4cd410c49				
188	graph-id-property-wrapped-contains-target-52-targeted	graph-id	graph-id-property-wrapped-contains	success	1	successful-latency	425000	1968083	0.21594617706671923	1	792	6691abe0a1f608719107bf4ffc3fa52632123ab77cb7c2c3c6536cd32de533b1				
189	graph-id-property-wrapped-contains-target-52-dense	graph-id	graph-id-property-wrapped-contains	success	1	successful-latency	1184625	12043959	0.09835843845034677	200	96891	db4b9bfadbbb61a039e76484090eda57349ec9585a7c795f46793352fb739e7c				
190	graph-id-property-wrapped-contains-target-53-zero	graph-id	graph-id-property-wrapped-contains	success	1	successful-latency	16053541	8758375	1.8329360183824055	0	147	805c8c7334c868e18e2be84be95b83cc60895722d739c2b164a68be4cd410c49				
191	graph-id-property-wrapped-contains-target-53-targeted	graph-id	graph-id-property-wrapped-contains	success	1	successful-latency	297958	1792042	0.16626730846710067	6	3910	d987ccd9722d9cd5492fcbb62423f1a89bb41e05ea0e3fb44e7cc793b9656b12				
192	graph-id-property-wrapped-contains-target-53-dense	graph-id	graph-id-property-wrapped-contains	success	1	successful-latency	1088917	13239833	0.08224552379172759	200	94720	c9e7b59e830a820a47234ca1fd54046d1c260db318e05adc24dc748ca7fe29c0				
193	graph-id-property-wrapped-contains-target-54-zero	graph-id	graph-id-property-wrapped-contains	success	1	successful-latency	14832208	7656291	1.9372576094612914	0	147	805c8c7334c868e18e2be84be95b83cc60895722d739c2b164a68be4cd410c49				
194	graph-id-property-wrapped-contains-target-54-targeted	graph-id	graph-id-property-wrapped-contains	success	1	successful-latency	247458	1701375	0.1454458893541988	3	1869	5157205e66d4cebff8b628175c555fdb333564013eabc5f496e37f9a4ad2b606				
195	graph-id-property-wrapped-contains-target-54-dense	graph-id	graph-id-property-wrapped-contains	success	1	successful-latency	998875	11344708	0.08804766063613097	200	92798	60b390f0b190e46f6fd1b4929641c7324c9142e0f18a85bc338e7b41ebe62db5				
196	graph-id-property-wrapped-contains-target-55-zero	graph-id	graph-id-property-wrapped-contains	success	1	successful-latency	14315791	7855917	1.8222940746446277	0	147	805c8c7334c868e18e2be84be95b83cc60895722d739c2b164a68be4cd410c49				
197	graph-id-property-wrapped-contains-target-55-targeted	graph-id	graph-id-property-wrapped-contains	success	1	successful-latency	259583	1701083	0.152598668025017	10	6054	f5c10be5db49f33f0b8307328bfb058b342da4d9241c33217038447620028ab5				
198	graph-id-property-wrapped-contains-target-55-dense	graph-id	graph-id-property-wrapped-contains	success	1	successful-latency	1051542	11750167	0.0894916642461337	200	96112	0f6d4800cdd86ccdf20aab2fe6bd2924f66d70c9fcca46057385e09ba151a798				
199	graph-id-property-wrapped-contains-target-56-zero	graph-id	graph-id-property-wrapped-contains	success	1	successful-latency	15635500	8402833	1.860741490399726	0	147	805c8c7334c868e18e2be84be95b83cc60895722d739c2b164a68be4cd410c49				
200	graph-id-property-wrapped-contains-target-56-targeted	graph-id	graph-id-property-wrapped-contains	success	1	successful-latency	288458	1733917	0.16636205769941698	1	802	7ebbe5301915ad5c39692b733c3f39851576d09270c89f830b9e80b342a866f6				
201	graph-id-property-wrapped-contains-target-56-dense	graph-id	graph-id-property-wrapped-contains	success	1	successful-latency	969958	11752667	0.08253088426652436	200	93704	b778fc4edfb3c1031b90b2d3d121fd31958733afdc68d3f1cde538a17b738328				
202	graph-id-property-wrapped-contains-target-57-zero	graph-id	graph-id-property-wrapped-contains	success	1	successful-latency	14790792	8501708	1.7397435903467868	0	147	805c8c7334c868e18e2be84be95b83cc60895722d739c2b164a68be4cd410c49				
203	graph-id-property-wrapped-contains-target-57-targeted	graph-id	graph-id-property-wrapped-contains	success	1	successful-latency	187875	1796041	0.10460507304677343	1	765	0812dc51126311be5cac082c5d39676905cd9a0811e6a08f17ec6343dc843471				
204	graph-id-property-wrapped-contains-target-57-dense	graph-id	graph-id-property-wrapped-contains	success	1	successful-latency	998958	11914250	0.08384564701932559	200	99258	415f437224f091ed04a72fa493ee405ec437acfcfdf54dee50789c56e5356f10				
205	graph-id-property-wrapped-contains-target-58-zero	graph-id	graph-id-property-wrapped-contains	success	1	successful-latency	16451459	9180958	1.7919109312993262	0	147	805c8c7334c868e18e2be84be95b83cc60895722d739c2b164a68be4cd410c49				
206	graph-id-property-wrapped-contains-target-58-targeted	graph-id	graph-id-property-wrapped-contains	success	1	successful-latency	212959	1939959	0.10977500039949298	12	7029	1df616dc12f8aa99df8ef1921ad6c878afdd2d37362d488527ffbb7ddbe7f6e3				
207	graph-id-property-wrapped-contains-target-58-dense	graph-id	graph-id-property-wrapped-contains	success	1	successful-latency	1126208	13578916	0.0829379900427987	200	94948	3f3fd3df372307937afdfd0915ce035266497833c5712760faf456eece659c97				
208	graph-id-property-wrapped-contains-target-59-zero	graph-id	graph-id-property-wrapped-contains	success	1	successful-latency	13607584	7436584	1.8298164856337265	0	147	805c8c7334c868e18e2be84be95b83cc60895722d739c2b164a68be4cd410c49				
209	graph-id-property-wrapped-contains-target-59-targeted	graph-id	graph-id-property-wrapped-contains	success	1	successful-latency	233542	1727334	0.13520373014136236	11	6729	3d47749a3f582c73a2df58bf3f9b3beed9c001af5d9bd91af1d30abe76d3f524				
210	graph-id-property-wrapped-contains-target-59-dense	graph-id	graph-id-property-wrapped-contains	success	1	successful-latency	909167	10137583	0.08968281690024141	200	89429	54106029dd8c0484e4d4612954bdb30eebd525f910018413d1ee09bf2ea5c8ac				
211	graph-id-property-wrapped-contains-target-60-zero	graph-id	graph-id-property-wrapped-contains	success	1	successful-latency	14270000	7849625	1.8179212382757137	0	147	805c8c7334c868e18e2be84be95b83cc60895722d739c2b164a68be4cd410c49				
212	graph-id-property-wrapped-contains-target-60-targeted	graph-id	graph-id-property-wrapped-contains	success	1	successful-latency	240625	1710584	0.14066833315405733	13	7599	88379c6b80e2b23974c6b6a1e2c6fc3f3680ec705c71b7cecbc9a2228bf7fa26				
213	graph-id-property-wrapped-contains-target-60-dense	graph-id	graph-id-property-wrapped-contains	success	1	successful-latency	998000	11386291	0.08764926173061974	200	94040	5d662b90e716477fff887768402c85462026d6042e22f1d7fafdb565b9f9efc8				
214	graph-id-property-wrapped-contains-target-61-zero	graph-id	graph-id-property-wrapped-contains	success	1	successful-latency	15309958	8501958	1.8007567198050143	0	147	805c8c7334c868e18e2be84be95b83cc60895722d739c2b164a68be4cd410c49				
215	graph-id-property-wrapped-contains-target-61-targeted	graph-id	graph-id-property-wrapped-contains	success	1	successful-latency	210125	1921208	0.10937129139583013	8	5180	b6f5bd5828bd66e4f09f8198b509f3673986060cf32e2725dff13d9bcb4d6e9b				
216	graph-id-property-wrapped-contains-target-61-dense	graph-id	graph-id-property-wrapped-contains	success	1	successful-latency	1076417	12832750	0.08388046209892658	200	93638	00f9fdf9bf9dc94ccc0d67b35cb45c01a8e623cfaedfdb70da1cc1bfa69daf82				
217	graph-id-property-wrapped-contains-target-62-zero	graph-id	graph-id-property-wrapped-contains	success	1	successful-latency	15041208	8239625	1.8254723971054507	0	147	805c8c7334c868e18e2be84be95b83cc60895722d739c2b164a68be4cd410c49				
218	graph-id-property-wrapped-contains-target-62-targeted	graph-id	graph-id-property-wrapped-contains	success	1	successful-latency	256417	1795416	0.14281759770437602	1	877	f04b3035acb1285487cb68f126c796fd316b35c6ce630f1e71efd88436bf28f2				
219	graph-id-property-wrapped-contains-target-62-dense	graph-id	graph-id-property-wrapped-contains	success	1	successful-latency	1069292	12027084	0.08890700355963257	200	97449	f19574ac46a01dafc16136d9e8c4835b8d40c72753078eb8a67a1d7d438dd937				
220	graph-id-property-wrapped-contains-target-63-zero	graph-id	graph-id-property-wrapped-contains	success	1	successful-latency	14232750	7728250	1.8416523792579174	0	147	805c8c7334c868e18e2be84be95b83cc60895722d739c2b164a68be4cd410c49				
221	graph-id-property-wrapped-contains-target-63-targeted	graph-id	graph-id-property-wrapped-contains	success	1	successful-latency	220000	1642125	0.13397274872497525	1	778	1734729b6952d2a8eff267ca86b458aa4fd5e0c703c1fa60dd66478cd3c49356				
222	graph-id-property-wrapped-contains-target-63-dense	graph-id	graph-id-property-wrapped-contains	success	1	successful-latency	1003125	10168875	0.09864660545045544	200	91412	082721be4b0e9234c67505fe172c638dcb4ef8924db9c6264a191473dfc4e443				
223	graph-id-function-wrapped-contains-target-00-zero	graph-id	graph-id-function-wrapped-contains	success	1	successful-latency	417959	287333	1.4546153765839636	0	147	805c8c7334c868e18e2be84be95b83cc60895722d739c2b164a68be4cd410c49				
224	graph-id-function-wrapped-contains-target-00-targeted	graph-id	graph-id-function-wrapped-contains	success	1	successful-latency	64125	301167	0.2129217344529779	10	5730	00c81103244dc6d42abdc3894d771e5a24957dcf7e5ad4d8dc686b1d7e0cb89e				
225	graph-id-function-wrapped-contains-target-00-dense	graph-id	graph-id-function-wrapped-contains	success	1	successful-latency	139041	470334	0.29562183469619463	200	84411	3bdee68309e62bee93f47848258ded90b1763d55841fa57d8b8fd21867653c44				
226	graph-id-function-wrapped-contains-target-01-zero	graph-id	graph-id-function-wrapped-contains	success	1	successful-latency	79417	322083	0.24657308830332553	0	147	805c8c7334c868e18e2be84be95b83cc60895722d739c2b164a68be4cd410c49				
227	graph-id-function-wrapped-contains-target-01-targeted	graph-id	graph-id-function-wrapped-contains	success	1	successful-latency	52417	304250	0.17228266228430567	1	758	b33173a678013ac093c95f3fccc5cd5af96ea18082387e1fc872de4817e234b2				
228	graph-id-function-wrapped-contains-target-01-dense	graph-id	graph-id-function-wrapped-contains	success	1	successful-latency	128084	461250	0.2776888888888889	200	84093	d9daf98f04e06930dfeb91ddd4e8ae597b8f9154e54ac1018db6a25ea8ddd84f				
229	graph-id-function-wrapped-contains-target-02-zero	graph-id	graph-id-function-wrapped-contains	success	1	successful-latency	62583	330625	0.18928695652173913	0	147	805c8c7334c868e18e2be84be95b83cc60895722d739c2b164a68be4cd410c49				
230	graph-id-function-wrapped-contains-target-02-targeted	graph-id	graph-id-function-wrapped-contains	success	1	successful-latency	56333	320125	0.17597188598203828	9	5751	0754b66fd035110585cc31e6af555127395a9cd85c413f0a859de6b596c3b70d				
231	graph-id-function-wrapped-contains-target-02-dense	graph-id	graph-id-function-wrapped-contains	success	1	successful-latency	120667	466167	0.25884929649674904	200	86930	a289774d080329d12351d967c614eae9b16190b55970a757b1f268e21aee3975				
232	graph-id-function-wrapped-contains-target-03-zero	graph-id	graph-id-function-wrapped-contains	success	1	successful-latency	48459	307375	0.15765433102887352	0	147	805c8c7334c868e18e2be84be95b83cc60895722d739c2b164a68be4cd410c49				
233	graph-id-function-wrapped-contains-target-03-targeted	graph-id	graph-id-function-wrapped-contains	success	1	successful-latency	53708	304584	0.17633230898537022	2	1333	77f2da9b0b5a99e6332b957b281149f5e269d152177e36aaa74e86db4bc23bf9				
234	graph-id-function-wrapped-contains-target-03-dense	graph-id	graph-id-function-wrapped-contains	success	1	successful-latency	124917	449041	0.2781861789903372	200	85151	08fbf5fde8e917175e0dca625983535621218120265897bdd0781fe99669b859				
235	graph-id-function-wrapped-contains-target-04-zero	graph-id	graph-id-function-wrapped-contains	success	1	successful-latency	49875	309375	0.16121212121212122	0	147	805c8c7334c868e18e2be84be95b83cc60895722d739c2b164a68be4cd410c49				
236	graph-id-function-wrapped-contains-target-04-targeted	graph-id	graph-id-function-wrapped-contains	success	1	successful-latency	48542	318834	0.15224850549188607	9	5762	527d81de9e8ca9f5fe9ad0166e1e1711fbccaf3c53281e7e95375f6d55e3a3c7				
237	graph-id-function-wrapped-contains-target-04-dense	graph-id	graph-id-function-wrapped-contains	success	1	successful-latency	132792	450375	0.29484762697751876	200	86152	85d9bac3392391ae56f1f03af81d888f398336c8e33a1ef1e42c5409f746f730				
238	graph-id-function-wrapped-contains-target-05-zero	graph-id	graph-id-function-wrapped-contains	success	1	successful-latency	54417	314042	0.17327937027531348	0	147	805c8c7334c868e18e2be84be95b83cc60895722d739c2b164a68be4cd410c49				
239	graph-id-function-wrapped-contains-target-05-targeted	graph-id	graph-id-function-wrapped-contains	success	1	successful-latency	53583	313125	0.17112335329341316	9	5751	48fbef6ae3373a73cfbd3690497aae4d0773c2f4ddadb5d217061398978bcac5				
240	graph-id-function-wrapped-contains-target-05-dense	graph-id	graph-id-function-wrapped-contains	success	1	successful-latency	127416	479875	0.26551914561083617	200	90860	57ae61ccbdbf1e83a9ab8de2923c4ac26bcc634ed53a2f1c1a3ee3682afe8cd8				
241	graph-id-function-wrapped-contains-target-06-zero	graph-id	graph-id-function-wrapped-contains	success	1	successful-latency	62125	319291	0.19457172297371364	0	147	805c8c7334c868e18e2be84be95b83cc60895722d739c2b164a68be4cd410c49				
242	graph-id-function-wrapped-contains-target-06-targeted	graph-id	graph-id-function-wrapped-contains	success	1	successful-latency	52792	303625	0.17387237546315357	1	734	2c8962bfda6df26238f145f32f089e1ccdb69cc26ea9c2fde590f543638ba060				
243	graph-id-function-wrapped-contains-target-06-dense	graph-id	graph-id-function-wrapped-contains	success	1	successful-latency	127375	452750	0.28133627829928215	200	83941	f7f169fb4cd9a2408b058d9e03502907fe0d9372ba70f2f3749aeaffa464e292				
244	graph-id-function-wrapped-contains-target-07-zero	graph-id	graph-id-function-wrapped-contains	success	1	successful-latency	58167	334750	0.17376250933532486	0	147	805c8c7334c868e18e2be84be95b83cc60895722d739c2b164a68be4cd410c49				
245	graph-id-function-wrapped-contains-target-07-targeted	graph-id	graph-id-function-wrapped-contains	success	1	successful-latency	72417	300500	0.2409883527454243	1	762	d5674d7adcd2d58f93c5f2849f690003bc45d523850181c23ceaa0aacd7e6709				
246	graph-id-function-wrapped-contains-target-07-dense	graph-id	graph-id-function-wrapped-contains	success	1	successful-latency	128500	455709	0.28197819222354614	200	84999	35604ee2a3d19ee64c97fa99f4be154714c60028f948c7a23f75b925d4520a5d				
247	graph-id-function-wrapped-contains-target-08-zero	graph-id	graph-id-function-wrapped-contains	success	1	successful-latency	57791	307833	0.1877349082132195	0	147	805c8c7334c868e18e2be84be95b83cc60895722d739c2b164a68be4cd410c49				
248	graph-id-function-wrapped-contains-target-08-targeted	graph-id	graph-id-function-wrapped-contains	success	1	successful-latency	52083	311542	0.16717810118699886	2	1322	4b49b28d836e57c2c3f8d43a93acd00a93b169fcd603338f9ab350f541e9665c				
249	graph-id-function-wrapped-contains-target-08-dense	graph-id	graph-id-function-wrapped-contains	success	1	successful-latency	123958	448541	0.2763582370396463	200	85531	ed34441ff634f19c276911a1fa193106a9070fde1065b57fc7ec71132b8d5f66				
250	graph-id-function-wrapped-contains-target-09-zero	graph-id	graph-id-function-wrapped-contains	success	1	successful-latency	51000	333125	0.15309568480300187	0	147	805c8c7334c868e18e2be84be95b83cc60895722d739c2b164a68be4cd410c49				
251	graph-id-function-wrapped-contains-target-09-targeted	graph-id	graph-id-function-wrapped-contains	success	1	successful-latency	71458	311334	0.22952199245826027	1	758	cd83129b7654f9c1ac40c94032a03833f5b559e4d6d903ce58c899d274674334				
252	graph-id-function-wrapped-contains-target-09-dense	graph-id	graph-id-function-wrapped-contains	success	1	successful-latency	128583	458250	0.2805957446808511	200	84710	8302a9dc08d5cf465b56333dad5757a62c24d743692acbdbf8e81919ebd097a0				
253	graph-id-function-wrapped-contains-target-10-zero	graph-id	graph-id-function-wrapped-contains	success	1	successful-latency	94000	311500	0.3017656500802568	0	147	805c8c7334c868e18e2be84be95b83cc60895722d739c2b164a68be4cd410c49				
254	graph-id-function-wrapped-contains-target-10-targeted	graph-id	graph-id-function-wrapped-contains	success	1	successful-latency	53209	335542	0.15857627361105317	1	821	f3f4d5fb39ff9fde7dcf6d88e4f52bcc4c277ed98626ccca0b17c4ddbb20b035				
255	graph-id-function-wrapped-contains-target-10-dense	graph-id	graph-id-function-wrapped-contains	success	1	successful-latency	139333	472667	0.29478046912519806	200	86914	eec30bd784e53b80ccd384559e9d1f853b8152ad8db90ad1f27d391bf03fc0d8				
256	graph-id-function-wrapped-contains-target-11-zero	graph-id	graph-id-function-wrapped-contains	success	1	successful-latency	170167	316250	0.5380774703557313	0	147	805c8c7334c868e18e2be84be95b83cc60895722d739c2b164a68be4cd410c49				
257	graph-id-function-wrapped-contains-target-11-targeted	graph-id	graph-id-function-wrapped-contains	success	1	successful-latency	88500	310042	0.28544519774740196	1	758	f8ea31527e372a7d8e0f896bc894b97d788067aa20d0af371a4239382f72a4d1				
258	graph-id-function-wrapped-contains-target-11-dense	graph-id	graph-id-function-wrapped-contains	success	1	successful-latency	125917	465334	0.2705948845345494	200	84862	36598e3ab73085dce50e849dda8b6a32b1088eab3f02f052e9536f16613b5d4b				
259	graph-id-function-wrapped-contains-target-12-zero	graph-id	graph-id-function-wrapped-contains	success	1	successful-latency	56375	310500	0.18156199677938809	0	147	805c8c7334c868e18e2be84be95b83cc60895722d739c2b164a68be4cd410c49				
260	graph-id-function-wrapped-contains-target-12-targeted	graph-id	graph-id-function-wrapped-contains	success	1	successful-latency	43458	338250	0.1284789356984479	2	1348	569ba2c2d8626f5c6804b713aa9f9bd5155648246e0bb082ab37cf407a3ccee9				
261	graph-id-function-wrapped-contains-target-12-dense	graph-id	graph-id-function-wrapped-contains	success	1	successful-latency	104209	456625	0.22821571311251027	200	85894	f22afa8ccaad259750ce50e850502822308b2565f707f284de32cd44d5ef328a				
262	graph-id-function-wrapped-contains-target-13-zero	graph-id	graph-id-function-wrapped-contains	success	1	successful-latency	38708	310542	0.12464658564703003	0	147	805c8c7334c868e18e2be84be95b83cc60895722d739c2b164a68be4cd410c49				
263	graph-id-function-wrapped-contains-target-13-targeted	graph-id	graph-id-function-wrapped-contains	success	1	successful-latency	36084	298375	0.12093506493506494	5	2824	ebb699b5b0554cc639408add00ca9d9aae37f3553c5e6ea606cb7e66e171933f				
264	graph-id-function-wrapped-contains-target-13-dense	graph-id	graph-id-function-wrapped-contains	success	1	successful-latency	102459	462208	0.22167292647466075	200	86344	2e714969993f2a86ba5c715dc52b2c7d6dbaed9b2320da2399ecdf29ec9f1e4e				
265	graph-id-function-wrapped-contains-target-14-zero	graph-id	graph-id-function-wrapped-contains	success	1	successful-latency	38750	313917	0.1234402724286993	0	147	805c8c7334c868e18e2be84be95b83cc60895722d739c2b164a68be4cd410c49				
266	graph-id-function-wrapped-contains-target-14-targeted	graph-id	graph-id-function-wrapped-contains	success	1	successful-latency	32500	297875	0.10910616869492237	3	1887	cfce92c06f8a0a93444f0ec3592aad57c255799cc7a1286e673f5c8cc3173d20				
267	graph-id-function-wrapped-contains-target-14-dense	graph-id	graph-id-function-wrapped-contains	success	1	successful-latency	96458	471375	0.20463113232564306	200	88102	f384f54b9e0494c603dd9e83eb2ca0ad0386a359a2e1d6a356e225c072977e41				
268	graph-id-function-wrapped-contains-target-15-zero	graph-id	graph-id-function-wrapped-contains	success	1	successful-latency	43500	314292	0.13840632278263526	0	147	805c8c7334c868e18e2be84be95b83cc60895722d739c2b164a68be4cd410c49				
269	graph-id-function-wrapped-contains-target-15-targeted	graph-id	graph-id-function-wrapped-contains	success	1	successful-latency	128125	308875	0.41481181707810605	1	765	ae20f86c5a0d43140079bdbb52041ad145178823d6189b8171bbe58dc0d82dcc				
270	graph-id-function-wrapped-contains-target-15-dense	graph-id	graph-id-function-wrapped-contains	success	1	successful-latency	121708	467375	0.2604075956138005	200	82358	6db1e45464dd1e42fc627a3ee68393b586d132e4817f87f1da72cb180e7925bb				
271	graph-id-function-wrapped-contains-target-16-zero	graph-id	graph-id-function-wrapped-contains	success	1	successful-latency	69166	307833	0.22468676197808551	0	147	805c8c7334c868e18e2be84be95b83cc60895722d739c2b164a68be4cd410c49				
272	graph-id-function-wrapped-contains-target-16-targeted	graph-id	graph-id-function-wrapped-contains	success	1	successful-latency	65417	306292	0.21357724001932796	1	771	41ad9b5110585bc89df35b9d0a0c6bd66daaf6c239b4212552d078b2f2a28c34				
273	graph-id-function-wrapped-contains-target-16-dense	graph-id	graph-id-function-wrapped-contains	success	1	successful-latency	110667	452000	0.24483849557522125	200	94237	51b180cd96740a311cc61165baa84cc05517b2f28ac6c70debc25f8e14514414				
274	graph-id-function-wrapped-contains-target-17-zero	graph-id	graph-id-function-wrapped-contains	success	1	successful-latency	45000	307666	0.14626250544421548	0	147	805c8c7334c868e18e2be84be95b83cc60895722d739c2b164a68be4cd410c49				
275	graph-id-function-wrapped-contains-target-17-targeted	graph-id	graph-id-function-wrapped-contains	success	1	successful-latency	36958	301666	0.12251297792923299	5	2976	7d286938fe2f40cd4cb86cd26be11c3221bfff86202fa9b705bdc1c77967743f				
276	graph-id-function-wrapped-contains-target-17-dense	graph-id	graph-id-function-wrapped-contains	success	1	successful-latency	100209	459417	0.21812209822448886	200	92381	87c915d88746be4a40b85e67e7de71966365a455358cc138185e5c1f5bcf1251				
277	graph-id-function-wrapped-contains-target-18-zero	graph-id	graph-id-function-wrapped-contains	success	1	successful-latency	39375	311041	0.1265910281924248	0	147	805c8c7334c868e18e2be84be95b83cc60895722d739c2b164a68be4cd410c49				
278	graph-id-function-wrapped-contains-target-18-targeted	graph-id	graph-id-function-wrapped-contains	success	1	successful-latency	36875	334458	0.110253006356553	12	6781	abf0682228739bdef1eb0d4b5b1449d7697f9412e644bd07a974f6e04213652e				
279	graph-id-function-wrapped-contains-target-18-dense	graph-id	graph-id-function-wrapped-contains	success	1	successful-latency	96875	485000	0.19974226804123713	200	95198	7d65fbc43e0cf8a1d4323c709e6963c32bdea3f389f5b683f619eee1fd79dc90				
280	graph-id-function-wrapped-contains-target-19-zero	graph-id	graph-id-function-wrapped-contains	success	1	successful-latency	37166	315875	0.11766046695686586	0	147	805c8c7334c868e18e2be84be95b83cc60895722d739c2b164a68be4cd410c49				
281	graph-id-function-wrapped-contains-target-19-targeted	graph-id	graph-id-function-wrapped-contains	success	1	successful-latency	34167	307791	0.11100714445841496	11	6327	72232d5a8299b69c619beb4cebd0967a4ca8f1378844d7914f795f7c5126cc48				
282	graph-id-function-wrapped-contains-target-19-dense	graph-id	graph-id-function-wrapped-contains	success	1	successful-latency	97417	452625	0.2152267329466998	200	96673	6ab8193cda24a8f589b0e7412ffcc3549afc3180a092c899437bb3ef2f8324ef				
283	graph-id-function-wrapped-contains-target-20-zero	graph-id	graph-id-function-wrapped-contains	success	1	successful-latency	34875	310375	0.11236407571486105	0	147	805c8c7334c868e18e2be84be95b83cc60895722d739c2b164a68be4cd410c49				
284	graph-id-function-wrapped-contains-target-20-targeted	graph-id	graph-id-function-wrapped-contains	success	1	successful-latency	30542	297000	0.10283501683501683	1	763	7811e1c0f64fb9174b112349d7a5f89fec8a71f59a6b66db3b1e97241f5dc93c				
285	graph-id-function-wrapped-contains-target-20-dense	graph-id	graph-id-function-wrapped-contains	success	1	successful-latency	105750	460292	0.22974546592163236	200	91604	a93cd6116bda146e01916f4ab7d54aa664da5b5c2287de109c82d6c48fcd38f8				
286	graph-id-function-wrapped-contains-target-21-zero	graph-id	graph-id-function-wrapped-contains	success	1	successful-latency	63458	313709	0.20228300750058176	0	147	805c8c7334c868e18e2be84be95b83cc60895722d739c2b164a68be4cd410c49				
287	graph-id-function-wrapped-contains-target-21-targeted	graph-id	graph-id-function-wrapped-contains	success	1	successful-latency	51958	291834	0.17803957044073002	1	765	1cf450577b12b3b6a7c19f53479709a92a169add0c4f9defecbc55254bf8d5b3				
288	graph-id-function-wrapped-contains-target-21-dense	graph-id	graph-id-function-wrapped-contains	success	1	successful-latency	97708	446750	0.21870844991606045	200	96334	eb6b03599a26f520b43896ee6af6cb6d2a3ec0783b66a0bcb29642b029a4b6eb				
289	graph-id-function-wrapped-contains-target-22-zero	graph-id	graph-id-function-wrapped-contains	success	1	successful-latency	34459	315625	0.1091770297029703	0	147	805c8c7334c868e18e2be84be95b83cc60895722d739c2b164a68be4cd410c49				
290	graph-id-function-wrapped-contains-target-22-targeted	graph-id	graph-id-function-wrapped-contains	success	1	successful-latency	34791	308000	0.1129577922077922	11	6331	43d88524d9da26840d520d8260a6801a2d864c2023e9806c3df4a5e673a5fd66				
291	graph-id-function-wrapped-contains-target-22-dense	graph-id	graph-id-function-wrapped-contains	success	1	successful-latency	93834	465875	0.20141454252750202	200	98397	b1cc908cf8cd6a2354b320afca9ad225990c59be93a53ddc3912afb3b0d46d7b				
292	graph-id-function-wrapped-contains-target-23-zero	graph-id	graph-id-function-wrapped-contains	success	1	successful-latency	48042	303250	0.1584237427864798	0	147	805c8c7334c868e18e2be84be95b83cc60895722d739c2b164a68be4cd410c49				
293	graph-id-function-wrapped-contains-target-23-targeted	graph-id	graph-id-function-wrapped-contains	success	1	successful-latency	225250	302583	0.7444238440361818	11	6135	718b52d4d32659cb9b39b84bdb87d6226a9be4436e73fa316936d1333dfa50c0				
294	graph-id-function-wrapped-contains-target-23-dense	graph-id	graph-id-function-wrapped-contains	success	1	successful-latency	164417	455209	0.3611901346414504	200	95056	d5aa9163a912371065002f30549de9cefea57af859f009a275e381b0a849633e				
295	graph-id-function-wrapped-contains-target-24-zero	graph-id	graph-id-function-wrapped-contains	success	1	successful-latency	76792	307500	0.249730081300813	0	147	805c8c7334c868e18e2be84be95b83cc60895722d739c2b164a68be4cd410c49				
296	graph-id-function-wrapped-contains-target-24-targeted	graph-id	graph-id-function-wrapped-contains	success	1	successful-latency	57375	296167	0.1937251618174881	1	754	033650595463ffba6f1f515fc8a38ba023fdd37a0e2442442be40f2d8baee0b4				
297	graph-id-function-wrapped-contains-target-24-dense	graph-id	graph-id-function-wrapped-contains	success	1	successful-latency	117667	461542	0.2549432121020406	200	96144	13cc3d04be15c5d98101b6676211e0260c08571becd6cbc7be1dcfad1b7efce8				
298	graph-id-function-wrapped-contains-target-25-zero	graph-id	graph-id-function-wrapped-contains	success	1	successful-latency	54250	304709	0.17803871890886058	0	147	805c8c7334c868e18e2be84be95b83cc60895722d739c2b164a68be4cd410c49				
299	graph-id-function-wrapped-contains-target-25-targeted	graph-id	graph-id-function-wrapped-contains	success	1	successful-latency	52833	320792	0.16469550362851942	17	9434	57a7fb26e2c1557848eddaabb17076d92c9b2ef2e0ff6b92be3de4374fe1fa9b				
300	graph-id-function-wrapped-contains-target-25-dense	graph-id	graph-id-function-wrapped-contains	success	1	successful-latency	113375	463917	0.24438638808235094	200	90260	d606d19bfcb83b224b953bd70176bc52dc06d427ef6ab3d0cc311bc6ed6fc260				
301	graph-id-function-wrapped-contains-target-26-zero	graph-id	graph-id-function-wrapped-contains	success	1	successful-latency	52208	305791	0.17073098946666188	0	147	805c8c7334c868e18e2be84be95b83cc60895722d739c2b164a68be4cd410c49				
302	graph-id-function-wrapped-contains-target-26-targeted	graph-id	graph-id-function-wrapped-contains	success	1	successful-latency	59333	302834	0.1959258207466797	1	791	550bd45f802381cb65ea30928a856fc0c2bc207cbfc2a147aad4312130548c9a				
303	graph-id-function-wrapped-contains-target-26-dense	graph-id	graph-id-function-wrapped-contains	success	1	successful-latency	118000	448958	0.26283082159132926	200	96089	d0bdae62973cb737c05eda37d83d6fd7dea4520a7f87acdd4ed9a2fba1f97888				
304	graph-id-function-wrapped-contains-target-27-zero	graph-id	graph-id-function-wrapped-contains	success	1	successful-latency	46792	309083	0.15138975614964265	0	147	805c8c7334c868e18e2be84be95b83cc60895722d739c2b164a68be4cd410c49				
305	graph-id-function-wrapped-contains-target-27-targeted	graph-id	graph-id-function-wrapped-contains	success	1	successful-latency	39917	313584	0.1272928465738048	14	8030	e1858d468e2cee9daff29f91791894b539cc1c9bfb8d57bb0eaa364a24ec0f04				
306	graph-id-function-wrapped-contains-target-27-dense	graph-id	graph-id-function-wrapped-contains	success	1	successful-latency	132958	452709	0.2936941832391227	200	95559	bcb492a91a247979acd291eaea381c0db6d952c0baff29193145ae7356b00907				
307	graph-id-function-wrapped-contains-target-28-zero	graph-id	graph-id-function-wrapped-contains	success	1	successful-latency	77417	331333	0.23365315256856395	0	147	805c8c7334c868e18e2be84be95b83cc60895722d739c2b164a68be4cd410c49				
308	graph-id-function-wrapped-contains-target-28-targeted	graph-id	graph-id-function-wrapped-contains	success	1	successful-latency	59500	319500	0.18622848200312989	12	6370	8871e0dc77f7df7110f742adaac439b8d2f4e912a3a21e1793fda026e0955f9b				
309	graph-id-function-wrapped-contains-target-28-dense	graph-id	graph-id-function-wrapped-contains	success	1	successful-latency	99000	459500	0.21545157780195864	200	101142	3ec255435f1804ca883e61ce69218b0c9b6812e5f4d6241be813f3a04980ff78				
310	graph-id-function-wrapped-contains-target-29-zero	graph-id	graph-id-function-wrapped-contains	success	1	successful-latency	36500	311541	0.11715953919387817	0	147	805c8c7334c868e18e2be84be95b83cc60895722d739c2b164a68be4cd410c49				
311	graph-id-function-wrapped-contains-target-29-targeted	graph-id	graph-id-function-wrapped-contains	success	1	successful-latency	36500	297625	0.12263754724905501	1	759	7c9cbf2db3468e4d9ec5f9ce37c29746bb3071949804d250165a0310edd3182c				
312	graph-id-function-wrapped-contains-target-29-dense	graph-id	graph-id-function-wrapped-contains	success	1	successful-latency	130208	468625	0.27785116030941587	200	96005	cb6245f16fc1df4cadc32295db3c94d74d99d6ac24ca00ba686085574c3842f9				
313	graph-id-function-wrapped-contains-target-30-zero	graph-id	graph-id-function-wrapped-contains	success	1	successful-latency	42542	313417	0.1357360959998979	0	147	805c8c7334c868e18e2be84be95b83cc60895722d739c2b164a68be4cd410c49				
314	graph-id-function-wrapped-contains-target-30-targeted	graph-id	graph-id-function-wrapped-contains	success	1	successful-latency	36750	308416	0.11915724216642457	10	5866	c85815e1257e7d89a547803b839a8fa3d5c32a25ad93fc4df95c67dd0df38386				
315	graph-id-function-wrapped-contains-target-30-dense	graph-id	graph-id-function-wrapped-contains	success	1	successful-latency	110333	458125	0.24083601637107777	200	95471	766b9ef7e8ecf0adce38af75461cc8c431950c6a78cf29871668bb82bbc59681				
316	graph-id-function-wrapped-contains-target-31-zero	graph-id	graph-id-function-wrapped-contains	success	1	successful-latency	40750	332417	0.1225869916400184	0	147	805c8c7334c868e18e2be84be95b83cc60895722d739c2b164a68be4cd410c49				
317	graph-id-function-wrapped-contains-target-31-targeted	graph-id	graph-id-function-wrapped-contains	success	1	successful-latency	141250	295417	0.4781376833425294	1	779	5b2641a56fc0d1ce3cad560f98de3ab642d893c5f6c2be5bb57444732d364805				
318	graph-id-function-wrapped-contains-target-31-dense	graph-id	graph-id-function-wrapped-contains	success	1	successful-latency	135333	452958	0.2987760454611686	200	90493	6cea2d1b1fba9817e31904018fa5ce3734b41bb641feab5c7c6849206b05e3c1				
319	graph-id-function-wrapped-contains-target-32-zero	graph-id	graph-id-function-wrapped-contains	success	1	successful-latency	70375	325500	0.2162058371735791	0	147	805c8c7334c868e18e2be84be95b83cc60895722d739c2b164a68be4cd410c49				
320	graph-id-function-wrapped-contains-target-32-targeted	graph-id	graph-id-function-wrapped-contains	success	1	successful-latency	57542	328875	0.17496617255796276	4	2862	72e96499d86d64ae9da267f3b15791817d4250f06a8dfea9d09edd8c3c23a440				
321	graph-id-function-wrapped-contains-target-32-dense	graph-id	graph-id-function-wrapped-contains	success	1	successful-latency	113291	459167	0.24673158132008616	200	92864	0ad6a5ae10cb27d8dd28af205e0df8ebd79b3e1ca0079c8c876100ee108fc38d				
322	graph-id-function-wrapped-contains-target-33-zero	graph-id	graph-id-function-wrapped-contains	success	1	successful-latency	41334	317250	0.13028841607565012	0	147	805c8c7334c868e18e2be84be95b83cc60895722d739c2b164a68be4cd410c49				
323	graph-id-function-wrapped-contains-target-33-targeted	graph-id	graph-id-function-wrapped-contains	success	1	successful-latency	40709	313292	0.1299394813783946	4	2862	5436abb5d5a82ddf1b71cf6459ce0de5fe56d25b825b58b20bbe8cace9e3cde7				
324	graph-id-function-wrapped-contains-target-33-dense	graph-id	graph-id-function-wrapped-contains	success	1	successful-latency	112417	465333	0.2415839839426819	200	92578	e10f119cab32a77f2d8107211e2addcc69d3ab151ee08f60199ff7a8db9b6a1c				
325	graph-id-function-wrapped-contains-target-34-zero	graph-id	graph-id-function-wrapped-contains	success	1	successful-latency	42291	303625	0.13928694936187733	0	147	805c8c7334c868e18e2be84be95b83cc60895722d739c2b164a68be4cd410c49				
326	graph-id-function-wrapped-contains-target-34-targeted	graph-id	graph-id-function-wrapped-contains	success	1	successful-latency	58459	302334	0.1933590003109144	4	2883	e83a01bd4b4e8f51ba0c51a53e73f87ec8dd6170bd60b37ef57b4eb9aba8bcc7				
327	graph-id-function-wrapped-contains-target-34-dense	graph-id	graph-id-function-wrapped-contains	success	1	successful-latency	135750	462250	0.29367225527312063	200	94183	b06f89a813919b2f4278637c18773fe7508c48351caa08a76cefe1f54c9b7715				
328	graph-id-function-wrapped-contains-target-35-zero	graph-id	graph-id-function-wrapped-contains	success	1	successful-latency	47250	309792	0.15252169197396964	0	147	805c8c7334c868e18e2be84be95b83cc60895722d739c2b164a68be4cd410c49				
329	graph-id-function-wrapped-contains-target-35-targeted	graph-id	graph-id-function-wrapped-contains	success	1	successful-latency	38625	304000	0.12705592105263158	1	771	134378d176ef9559b3b9b40557762648c5aa55be889ba8cb2e7f752130b85ab7				
330	graph-id-function-wrapped-contains-target-35-dense	graph-id	graph-id-function-wrapped-contains	success	1	successful-latency	106666	441709	0.24148477844010424	200	91613	71eca3baa7c5adda9a19daaba5b66d08f4d30beebcfc1f6f8f3125a009484e93				
331	graph-id-function-wrapped-contains-target-36-zero	graph-id	graph-id-function-wrapped-contains	success	1	successful-latency	95208	310250	0.3068751007252216	0	147	805c8c7334c868e18e2be84be95b83cc60895722d739c2b164a68be4cd410c49				
332	graph-id-function-wrapped-contains-target-36-targeted	graph-id	graph-id-function-wrapped-contains	success	1	successful-latency	44958	302459	0.1486416340727173	1	795	6f5022183da52ea8cb963f17c4b86a6270dc9bfe0ca358e5ec7d6bdf4c95879f				
333	graph-id-function-wrapped-contains-target-36-dense	graph-id	graph-id-function-wrapped-contains	success	1	successful-latency	126375	455667	0.27734068958252406	200	91716	5d2df55fe9df550bd17a462dbec1bd958f7c0d5940c160537976ecc80d5cb22f				
334	graph-id-function-wrapped-contains-target-37-zero	graph-id	graph-id-function-wrapped-contains	success	1	successful-latency	47125	308916	0.15254956039829598	0	147	805c8c7334c868e18e2be84be95b83cc60895722d739c2b164a68be4cd410c49				
335	graph-id-function-wrapped-contains-target-37-targeted	graph-id	graph-id-function-wrapped-contains	success	1	successful-latency	62291	340041	0.18318673336450605	51	31472	b9433fbd59011f3771f14c8abacb0cbca913b3ccb9b85649a8f98d4c6f628703				
336	graph-id-function-wrapped-contains-target-37-dense	graph-id	graph-id-function-wrapped-contains	success	1	successful-latency	115417	454625	0.2538729722298598	200	91795	dbb6e258143695218279e10cbea2bf21ad0c5b1330a8fc3e3470b176ae0b6f42				
337	graph-id-function-wrapped-contains-target-38-zero	graph-id	graph-id-function-wrapped-contains	success	1	successful-latency	49875	318083	0.1567986971953861	0	147	805c8c7334c868e18e2be84be95b83cc60895722d739c2b164a68be4cd410c49				
338	graph-id-function-wrapped-contains-target-38-targeted	graph-id	graph-id-function-wrapped-contains	success	1	successful-latency	35333	315541	0.11197593973524834	1	801	6e224732564976ab3ad1b488a2dcb0c2a2f84050ab25d529f41b87f4de3c406c				
339	graph-id-function-wrapped-contains-target-38-dense	graph-id	graph-id-function-wrapped-contains	success	1	successful-latency	105792	454333	0.2328512346670834	200	92968	77adda61bf8a66745500e9e1b739302ae425b75af5d5199095bd9c0f56151e04				
340	graph-id-function-wrapped-contains-target-39-zero	graph-id	graph-id-function-wrapped-contains	success	1	successful-latency	48041	313625	0.15317975288959745	0	147	805c8c7334c868e18e2be84be95b83cc60895722d739c2b164a68be4cd410c49				
341	graph-id-function-wrapped-contains-target-39-targeted	graph-id	graph-id-function-wrapped-contains	success	1	successful-latency	93333	304208	0.3068065271130279	4	2855	db8e5b7500b38c30ff9ca554407e1c3f066cc32ce80520e31c63fe8f4f34048e				
342	graph-id-function-wrapped-contains-target-39-dense	graph-id	graph-id-function-wrapped-contains	success	1	successful-latency	120583	448750	0.26870863509749304	200	91298	153dc7ab9d3d22961d16bfae52d0b5cd4c7d97177e0e57e7c086294f37d00f0f				
343	graph-id-function-wrapped-contains-target-40-zero	graph-id	graph-id-function-wrapped-contains	success	1	successful-latency	133875	305625	0.43803680981595094	0	147	805c8c7334c868e18e2be84be95b83cc60895722d739c2b164a68be4cd410c49				
344	graph-id-function-wrapped-contains-target-40-targeted	graph-id	graph-id-function-wrapped-contains	success	1	successful-latency	50083	302417	0.1656090762093401	4	2911	6520445594f6fc1d080f2e441beea159540f21b52c555b515dbd7ba1fee2a37f				
345	graph-id-function-wrapped-contains-target-40-dense	graph-id	graph-id-function-wrapped-contains	success	1	successful-latency	122917	466625	0.26341709081167963	200	95189	6547ed796970ad3186785ae6dc7d6b1328d226d1878e5144fdb98c21fcba06f9				
346	graph-id-function-wrapped-contains-target-41-zero	graph-id	graph-id-function-wrapped-contains	success	1	successful-latency	45208	301917	0.1497365169897687	0	147	805c8c7334c868e18e2be84be95b83cc60895722d739c2b164a68be4cd410c49				
347	graph-id-function-wrapped-contains-target-41-targeted	graph-id	graph-id-function-wrapped-contains	success	1	successful-latency	34750	319958	0.10860800480063008	4	2883	42fd2fd2ff37d34c0cfb2146cde4be9387147a4cc07443bd58969c3f1e25556e				
348	graph-id-function-wrapped-contains-target-41-dense	graph-id	graph-id-function-wrapped-contains	success	1	successful-latency	111208	465125	0.23909271701155604	200	92146	1d23f5a918b6a408d8eae300e7aa799801aecc62fcc85667af567e3c95156cb9				
349	graph-id-function-wrapped-contains-target-42-zero	graph-id	graph-id-function-wrapped-contains	success	1	successful-latency	50750	297375	0.17065994115174443	0	147	805c8c7334c868e18e2be84be95b83cc60895722d739c2b164a68be4cd410c49				
350	graph-id-function-wrapped-contains-target-42-targeted	graph-id	graph-id-function-wrapped-contains	success	1	successful-latency	76417	396833	0.19256715041339809	63	39077	2d20a012ee335ff72d99f67135e1ac36defbca676c07a298d3df15c7c1e33f7d				
351	graph-id-function-wrapped-contains-target-42-dense	graph-id	graph-id-function-wrapped-contains	success	1	successful-latency	192167	472875	0.40638012159661646	200	93248	bd7a2cfc84011237aca413f8fd4b6ee9130043dc1530bc214cc965d935dc3d88				
352	graph-id-function-wrapped-contains-target-43-zero	graph-id	graph-id-function-wrapped-contains	success	1	successful-latency	79208	306417	0.2584974071281946	0	147	805c8c7334c868e18e2be84be95b83cc60895722d739c2b164a68be4cd410c49				
353	graph-id-function-wrapped-contains-target-43-targeted	graph-id	graph-id-function-wrapped-contains	success	1	successful-latency	33167	299167	0.11086450042952599	4	2743	a7aaae25732eb3fc39e7e9697120f6a4534e52262fb153e4201e51d7b31e4606				
354	graph-id-function-wrapped-contains-target-43-dense	graph-id	graph-id-function-wrapped-contains	success	1	successful-latency	141625	468125	0.3025367156208278	200	94063	f5c81d8aabcfe449e1a20e1133f0ce5a6c25cde54cfb7e82531ff93f87b6f89e				
355	graph-id-function-wrapped-contains-target-44-zero	graph-id	graph-id-function-wrapped-contains	success	1	successful-latency	45083	326375	0.1381325162772884	0	147	805c8c7334c868e18e2be84be95b83cc60895722d739c2b164a68be4cd410c49				
356	graph-id-function-wrapped-contains-target-44-targeted	graph-id	graph-id-function-wrapped-contains	success	1	successful-latency	36583	306333	0.11942232798947551	4	2890	b8c7750587d3cb95373de074cba017cf14e5d85811bfc8cc2b49fa06615dc14f				
357	graph-id-function-wrapped-contains-target-44-dense	graph-id	graph-id-function-wrapped-contains	success	1	successful-latency	101834	472666	0.21544600203949513	200	90517	901cb7ad5a7cef604f7264d87d81f85a7b3e521b0175839dd61f15fa140b58cf				
358	graph-id-function-wrapped-contains-target-45-zero	graph-id	graph-id-function-wrapped-contains	success	1	successful-latency	35541	310250	0.1145560032232071	0	147	805c8c7334c868e18e2be84be95b83cc60895722d739c2b164a68be4cd410c49				
359	graph-id-function-wrapped-contains-target-45-targeted	graph-id	graph-id-function-wrapped-contains	success	1	successful-latency	28125	293500	0.09582623509369677	1	807	7a2ea6e6b7c61f333c01be975226570ddf428683fdf6c4eb419e09457718acf9				
360	graph-id-function-wrapped-contains-target-45-dense	graph-id	graph-id-function-wrapped-contains	success	1	successful-latency	106583	472917	0.22537358563976342	200	92534	8ce2fca3adf975e2913f1d7a0f91465f04ef5e5cdbaaa1f51ca68901be616480				
361	graph-id-function-wrapped-contains-target-46-zero	graph-id	graph-id-function-wrapped-contains	success	1	successful-latency	34250	297958	0.11494908678404339	0	147	805c8c7334c868e18e2be84be95b83cc60895722d739c2b164a68be4cd410c49				
362	graph-id-function-wrapped-contains-target-46-targeted	graph-id	graph-id-function-wrapped-contains	success	1	successful-latency	55375	340708	0.1625292038930697	45	27605	5de372ca8e19ec486456452fc7bd2d9f18c4d7b0beb5e238b24073911e1d2e3a				
363	graph-id-function-wrapped-contains-target-46-dense	graph-id	graph-id-function-wrapped-contains	success	1	successful-latency	99708	456834	0.2182587110416475	200	96641	3ad39c9167b00424c5957087068cab90d47268c9063b8d9e565113275edd98c8				
364	graph-id-function-wrapped-contains-target-47-zero	graph-id	graph-id-function-wrapped-contains	success	1	successful-latency	36166	346958	0.1042374004922786	0	147	805c8c7334c868e18e2be84be95b83cc60895722d739c2b164a68be4cd410c49				
365	graph-id-function-wrapped-contains-target-47-targeted	graph-id	graph-id-function-wrapped-contains	success	1	successful-latency	86792	371666	0.23352149510582082	66	40159	fcfc173325ae104971344d6daea93c8089a472f712f938cfbd16c519ba82c551				
366	graph-id-function-wrapped-contains-target-47-dense	graph-id	graph-id-function-wrapped-contains	success	1	successful-latency	116083	453000	0.2562538631346578	200	97359	d162ad37d2e7b659e55cddb63b7d42e922fbd2396ae9679f7648226751bb7a13				
367	graph-id-function-wrapped-contains-target-48-zero	graph-id	graph-id-function-wrapped-contains	success	1	successful-latency	44583	319125	0.13970387779083432	0	147	805c8c7334c868e18e2be84be95b83cc60895722d739c2b164a68be4cd410c49				
368	graph-id-function-wrapped-contains-target-48-targeted	graph-id	graph-id-function-wrapped-contains	success	1	successful-latency	55000	326958	0.1682173245493305	10	6351	274597a5e0e535d6581734920f9ffbc39062a84a13ad9d85823a8f12df219dfd				
369	graph-id-function-wrapped-contains-target-48-dense	graph-id	graph-id-function-wrapped-contains	success	1	successful-latency	116083	452750	0.2563953616786306	200	97301	4abd067ea3c7496241f2623586a132809a81e33bd08c7645b717be3ee7ee2542				
370	graph-id-function-wrapped-contains-target-49-zero	graph-id	graph-id-function-wrapped-contains	success	1	successful-latency	49208	313042	0.15719296452233247	0	147	805c8c7334c868e18e2be84be95b83cc60895722d739c2b164a68be4cd410c49				
371	graph-id-function-wrapped-contains-target-49-targeted	graph-id	graph-id-function-wrapped-contains	success	1	successful-latency	36750	307000	0.11970684039087948	4	2598	d72c68d3fe0e8e0257e28136dfcba3f279a31d304b51dc9611dfa7b0f16169a8				
372	graph-id-function-wrapped-contains-target-49-dense	graph-id	graph-id-function-wrapped-contains	success	1	successful-latency	111625	456208	0.24468005821905797	200	95854	6848b85ce01299f2ea05bcca3edaa8c69792c61113aeaea43a401f01793bb61d				
373	graph-id-function-wrapped-contains-target-50-zero	graph-id	graph-id-function-wrapped-contains	success	1	successful-latency	41834	342750	0.12205397520058352	0	147	805c8c7334c868e18e2be84be95b83cc60895722d739c2b164a68be4cd410c49				
374	graph-id-function-wrapped-contains-target-50-targeted	graph-id	graph-id-function-wrapped-contains	success	1	successful-latency	33500	314041	0.106673969322477	1	791	85dd6bfd8cfa28628294c822275e5bb7a279ea8142c47ff362a55c060e68da37				
375	graph-id-function-wrapped-contains-target-50-dense	graph-id	graph-id-function-wrapped-contains	success	1	successful-latency	121667	463292	0.26261407492466954	200	91564	fbf180fab82c32493738bb60bb29955d3f45810bb23806d614f71964200069bc				
376	graph-id-function-wrapped-contains-target-51-zero	graph-id	graph-id-function-wrapped-contains	success	1	successful-latency	40333	319375	0.12628727984344423	0	147	805c8c7334c868e18e2be84be95b83cc60895722d739c2b164a68be4cd410c49				
377	graph-id-function-wrapped-contains-target-51-targeted	graph-id	graph-id-function-wrapped-contains	success	1	successful-latency	31125	292500	0.1064102564102564	1	798	64ae9673d519a121b865dc50f576291bddc3c4c81c474d10cfb9d0da1dce7c60				
378	graph-id-function-wrapped-contains-target-51-dense	graph-id	graph-id-function-wrapped-contains	success	1	successful-latency	113292	451417	0.2509697242239437	200	94730	d508f1cb1d0c5646118a68e8a87c49c66a454661e438e3f033289c173598f51f				
379	graph-id-function-wrapped-contains-target-52-zero	graph-id	graph-id-function-wrapped-contains	success	1	successful-latency	36667	338291	0.10838893142294652	0	147	805c8c7334c868e18e2be84be95b83cc60895722d739c2b164a68be4cd410c49				
380	graph-id-function-wrapped-contains-target-52-targeted	graph-id	graph-id-function-wrapped-contains	success	1	successful-latency	36791	303958	0.12103974891267873	1	792	6691abe0a1f608719107bf4ffc3fa52632123ab77cb7c2c3c6536cd32de533b1				
381	graph-id-function-wrapped-contains-target-52-dense	graph-id	graph-id-function-wrapped-contains	success	1	successful-latency	103334	447125	0.23110763209393345	200	96891	db4b9bfadbbb61a039e76484090eda57349ec9585a7c795f46793352fb739e7c				
382	graph-id-function-wrapped-contains-target-53-zero	graph-id	graph-id-function-wrapped-contains	success	1	successful-latency	34417	329042	0.10459758936549134	0	147	805c8c7334c868e18e2be84be95b83cc60895722d739c2b164a68be4cd410c49				
383	graph-id-function-wrapped-contains-target-53-targeted	graph-id	graph-id-function-wrapped-contains	success	1	successful-latency	46084	304250	0.15146754313886607	6	3910	d987ccd9722d9cd5492fcbb62423f1a89bb41e05ea0e3fb44e7cc793b9656b12				
384	graph-id-function-wrapped-contains-target-53-dense	graph-id	graph-id-function-wrapped-contains	success	1	successful-latency	219375	467000	0.46975374732334046	200	94720	c9e7b59e830a820a47234ca1fd54046d1c260db318e05adc24dc748ca7fe29c0				
385	graph-id-function-wrapped-contains-target-54-zero	graph-id	graph-id-function-wrapped-contains	success	1	successful-latency	62250	317708	0.19593463180026943	0	147	805c8c7334c868e18e2be84be95b83cc60895722d739c2b164a68be4cd410c49				
386	graph-id-function-wrapped-contains-target-54-targeted	graph-id	graph-id-function-wrapped-contains	success	1	successful-latency	98667	304000	0.3245625	3	1869	5157205e66d4cebff8b628175c555fdb333564013eabc5f496e37f9a4ad2b606				
387	graph-id-function-wrapped-contains-target-54-dense	graph-id	graph-id-function-wrapped-contains	success	1	successful-latency	96792	462583	0.20924244946312337	200	92798	60b390f0b190e46f6fd1b4929641c7324c9142e0f18a85bc338e7b41ebe62db5				
388	graph-id-function-wrapped-contains-target-55-zero	graph-id	graph-id-function-wrapped-contains	success	1	successful-latency	32917	324000	0.10159567901234567	0	147	805c8c7334c868e18e2be84be95b83cc60895722d739c2b164a68be4cd410c49				
389	graph-id-function-wrapped-contains-target-55-targeted	graph-id	graph-id-function-wrapped-contains	success	1	successful-latency	32542	331750	0.09809193669932177	10	6054	f5c10be5db49f33f0b8307328bfb058b342da4d9241c33217038447620028ab5				
390	graph-id-function-wrapped-contains-target-55-dense	graph-id	graph-id-function-wrapped-contains	success	1	successful-latency	91125	469041	0.19427939135384753	200	96112	0f6d4800cdd86ccdf20aab2fe6bd2924f66d70c9fcca46057385e09ba151a798				
391	graph-id-function-wrapped-contains-target-56-zero	graph-id	graph-id-function-wrapped-contains	success	1	successful-latency	37666	314834	0.11963765031731008	0	147	805c8c7334c868e18e2be84be95b83cc60895722d739c2b164a68be4cd410c49				
392	graph-id-function-wrapped-contains-target-56-targeted	graph-id	graph-id-function-wrapped-contains	success	1	successful-latency	26125	300333	0.08698677800974251	1	802	7ebbe5301915ad5c39692b733c3f39851576d09270c89f830b9e80b342a866f6				
393	graph-id-function-wrapped-contains-target-56-dense	graph-id	graph-id-function-wrapped-contains	success	1	successful-latency	94125	476541	0.19751710765705363	200	93704	b778fc4edfb3c1031b90b2d3d121fd31958733afdc68d3f1cde538a17b738328				
394	graph-id-function-wrapped-contains-target-57-zero	graph-id	graph-id-function-wrapped-contains	success	1	successful-latency	73458	316125	0.23237010676156583	0	147	805c8c7334c868e18e2be84be95b83cc60895722d739c2b164a68be4cd410c49				
395	graph-id-function-wrapped-contains-target-57-targeted	graph-id	graph-id-function-wrapped-contains	success	1	successful-latency	52250	303833	0.17196947007072966	1	765	0812dc51126311be5cac082c5d39676905cd9a0811e6a08f17ec6343dc843471				
396	graph-id-function-wrapped-contains-target-57-dense	graph-id	graph-id-function-wrapped-contains	success	1	successful-latency	107708	453666	0.23741695432322457	200	99258	415f437224f091ed04a72fa493ee405ec437acfcfdf54dee50789c56e5356f10				
397	graph-id-function-wrapped-contains-target-58-zero	graph-id	graph-id-function-wrapped-contains	success	1	successful-latency	70292	316209	0.2222960130799566	0	147	805c8c7334c868e18e2be84be95b83cc60895722d739c2b164a68be4cd410c49				
398	graph-id-function-wrapped-contains-target-58-targeted	graph-id	graph-id-function-wrapped-contains	success	1	successful-latency	61833	305167	0.2026202046748174	12	7029	1df616dc12f8aa99df8ef1921ad6c878afdd2d37362d488527ffbb7ddbe7f6e3				
399	graph-id-function-wrapped-contains-target-58-dense	graph-id	graph-id-function-wrapped-contains	success	1	successful-latency	115084	448083	0.25683634505214437	200	94948	3f3fd3df372307937afdfd0915ce035266497833c5712760faf456eece659c97				
400	graph-id-function-wrapped-contains-target-59-zero	graph-id	graph-id-function-wrapped-contains	success	1	successful-latency	73125	311750	0.23456295108259823	0	147	805c8c7334c868e18e2be84be95b83cc60895722d739c2b164a68be4cd410c49				
401	graph-id-function-wrapped-contains-target-59-targeted	graph-id	graph-id-function-wrapped-contains	success	1	successful-latency	40833	314000	0.13004140127388536	11	6729	3d47749a3f582c73a2df58bf3f9b3beed9c001af5d9bd91af1d30abe76d3f524				
402	graph-id-function-wrapped-contains-target-59-dense	graph-id	graph-id-function-wrapped-contains	success	1	successful-latency	112291	440291	0.2550381452266796	200	89429	54106029dd8c0484e4d4612954bdb30eebd525f910018413d1ee09bf2ea5c8ac				
403	graph-id-function-wrapped-contains-target-60-zero	graph-id	graph-id-function-wrapped-contains	success	1	successful-latency	58500	342250	0.17092768444119796	0	147	805c8c7334c868e18e2be84be95b83cc60895722d739c2b164a68be4cd410c49				
404	graph-id-function-wrapped-contains-target-60-targeted	graph-id	graph-id-function-wrapped-contains	success	1	successful-latency	37750	318375	0.11857086768747546	13	7599	88379c6b80e2b23974c6b6a1e2c6fc3f3680ec705c71b7cecbc9a2228bf7fa26				
405	graph-id-function-wrapped-contains-target-60-dense	graph-id	graph-id-function-wrapped-contains	success	1	successful-latency	101584	451542	0.22497132049731808	200	94040	5d662b90e716477fff887768402c85462026d6042e22f1d7fafdb565b9f9efc8				
406	graph-id-function-wrapped-contains-target-61-zero	graph-id	graph-id-function-wrapped-contains	success	1	successful-latency	36166	311250	0.11619598393574297	0	147	805c8c7334c868e18e2be84be95b83cc60895722d739c2b164a68be4cd410c49				
407	graph-id-function-wrapped-contains-target-61-targeted	graph-id	graph-id-function-wrapped-contains	success	1	successful-latency	35625	307625	0.11580658268996342	8	5180	b6f5bd5828bd66e4f09f8198b509f3673986060cf32e2725dff13d9bcb4d6e9b				
408	graph-id-function-wrapped-contains-target-61-dense	graph-id	graph-id-function-wrapped-contains	success	1	successful-latency	114958	445541	0.2580189028619139	200	93638	00f9fdf9bf9dc94ccc0d67b35cb45c01a8e623cfaedfdb70da1cc1bfa69daf82				
409	graph-id-function-wrapped-contains-target-62-zero	graph-id	graph-id-function-wrapped-contains	success	1	successful-latency	37416	315417	0.11862391690999534	0	147	805c8c7334c868e18e2be84be95b83cc60895722d739c2b164a68be4cd410c49				
410	graph-id-function-wrapped-contains-target-62-targeted	graph-id	graph-id-function-wrapped-contains	success	1	successful-latency	28291	314334	0.0900029904496491	1	877	f04b3035acb1285487cb68f126c796fd316b35c6ce630f1e71efd88436bf28f2				
411	graph-id-function-wrapped-contains-target-62-dense	graph-id	graph-id-function-wrapped-contains	success	1	successful-latency	98625	458958	0.21488894408638698	200	97449	f19574ac46a01dafc16136d9e8c4835b8d40c72753078eb8a67a1d7d438dd937				
412	graph-id-function-wrapped-contains-target-63-zero	graph-id	graph-id-function-wrapped-contains	success	1	successful-latency	38042	327791	0.1160556574158534	0	147	805c8c7334c868e18e2be84be95b83cc60895722d739c2b164a68be4cd410c49				
413	graph-id-function-wrapped-contains-target-63-targeted	graph-id	graph-id-function-wrapped-contains	success	1	successful-latency	29708	303333	0.09793856916326282	1	778	1734729b6952d2a8eff267ca86b458aa4fd5e0c703c1fa60dd66478cd3c49356				
414	graph-id-function-wrapped-contains-target-63-dense	graph-id	graph-id-function-wrapped-contains	success	1	successful-latency	196167	456375	0.4298373048479869	200	91412	082721be4b0e9234c67505fe172c638dcb4ef8924db9c6264a191473dfc4e443				
415	graph-id-parameter-wrapped-contains-target-00-zero	graph-id	graph-id-parameter-wrapped-contains	success	1	successful-latency	117000	304000	0.3848684210526316	0	147	805c8c7334c868e18e2be84be95b83cc60895722d739c2b164a68be4cd410c49				
416	graph-id-parameter-wrapped-contains-target-00-targeted	graph-id	graph-id-parameter-wrapped-contains	success	1	successful-latency	60000	312666	0.19189806374853677	10	5730	00c81103244dc6d42abdc3894d771e5a24957dcf7e5ad4d8dc686b1d7e0cb89e				
417	graph-id-parameter-wrapped-contains-target-00-dense	graph-id	graph-id-parameter-wrapped-contains	success	1	successful-latency	119625	477791	0.25037097810548964	200	84411	3bdee68309e62bee93f47848258ded90b1763d55841fa57d8b8fd21867653c44				
418	graph-id-parameter-wrapped-contains-target-01-zero	graph-id	graph-id-parameter-wrapped-contains	success	1	successful-latency	48292	301125	0.1603719385637194	0	147	805c8c7334c868e18e2be84be95b83cc60895722d739c2b164a68be4cd410c49				
419	graph-id-parameter-wrapped-contains-target-01-targeted	graph-id	graph-id-parameter-wrapped-contains	success	1	successful-latency	36458	283500	0.12859964726631393	1	758	b33173a678013ac093c95f3fccc5cd5af96ea18082387e1fc872de4817e234b2				
420	graph-id-parameter-wrapped-contains-target-01-dense	graph-id	graph-id-parameter-wrapped-contains	success	1	successful-latency	111458	464250	0.24008185245018848	200	84093	d9daf98f04e06930dfeb91ddd4e8ae597b8f9154e54ac1018db6a25ea8ddd84f				
421	graph-id-parameter-wrapped-contains-target-02-zero	graph-id	graph-id-parameter-wrapped-contains	success	1	successful-latency	50500	307917	0.164005235177012	0	147	805c8c7334c868e18e2be84be95b83cc60895722d739c2b164a68be4cd410c49				
422	graph-id-parameter-wrapped-contains-target-02-targeted	graph-id	graph-id-parameter-wrapped-contains	success	1	successful-latency	40083	325500	0.12314285714285714	9	5751	0754b66fd035110585cc31e6af555127395a9cd85c413f0a859de6b596c3b70d				
423	graph-id-parameter-wrapped-contains-target-02-dense	graph-id	graph-id-parameter-wrapped-contains	success	1	successful-latency	103000	483541	0.21301192659981263	200	86930	a289774d080329d12351d967c614eae9b16190b55970a757b1f268e21aee3975				
424	graph-id-parameter-wrapped-contains-target-03-zero	graph-id	graph-id-parameter-wrapped-contains	success	1	successful-latency	39292	296333	0.13259407490897065	0	147	805c8c7334c868e18e2be84be95b83cc60895722d739c2b164a68be4cd410c49				
425	graph-id-parameter-wrapped-contains-target-03-targeted	graph-id	graph-id-parameter-wrapped-contains	success	1	successful-latency	31625	295667	0.10696154795766859	2	1333	77f2da9b0b5a99e6332b957b281149f5e269d152177e36aaa74e86db4bc23bf9				
426	graph-id-parameter-wrapped-contains-target-03-dense	graph-id	graph-id-parameter-wrapped-contains	success	1	successful-latency	105000	464459	0.22606947007163172	200	85151	08fbf5fde8e917175e0dca625983535621218120265897bdd0781fe99669b859				
427	graph-id-parameter-wrapped-contains-target-04-zero	graph-id	graph-id-parameter-wrapped-contains	success	1	successful-latency	37959	301583	0.12586584787604077	0	147	805c8c7334c868e18e2be84be95b83cc60895722d739c2b164a68be4cd410c49				
428	graph-id-parameter-wrapped-contains-target-04-targeted	graph-id	graph-id-parameter-wrapped-contains	success	1	successful-latency	34250	304709	0.11240232484107789	9	5762	527d81de9e8ca9f5fe9ad0166e1e1711fbccaf3c53281e7e95375f6d55e3a3c7				
429	graph-id-parameter-wrapped-contains-target-04-dense	graph-id	graph-id-parameter-wrapped-contains	success	1	successful-latency	103666	469208	0.22093826192221785	200	86152	85d9bac3392391ae56f1f03af81d888f398336c8e33a1ef1e42c5409f746f730				
430	graph-id-parameter-wrapped-contains-target-05-zero	graph-id	graph-id-parameter-wrapped-contains	success	1	successful-latency	33667	298792	0.11267704623952449	0	147	805c8c7334c868e18e2be84be95b83cc60895722d739c2b164a68be4cd410c49				
431	graph-id-parameter-wrapped-contains-target-05-targeted	graph-id	graph-id-parameter-wrapped-contains	success	1	successful-latency	33500	308959	0.1084286264520535	9	5751	48fbef6ae3373a73cfbd3690497aae4d0773c2f4ddadb5d217061398978bcac5				
432	graph-id-parameter-wrapped-contains-target-05-dense	graph-id	graph-id-parameter-wrapped-contains	success	1	successful-latency	109708	484375	0.22649393548387098	200	90860	57ae61ccbdbf1e83a9ab8de2923c4ac26bcc634ed53a2f1c1a3ee3682afe8cd8				
433	graph-id-parameter-wrapped-contains-target-06-zero	graph-id	graph-id-parameter-wrapped-contains	success	1	successful-latency	29041	286042	0.10152704847539872	0	147	805c8c7334c868e18e2be84be95b83cc60895722d739c2b164a68be4cd410c49				
434	graph-id-parameter-wrapped-contains-target-06-targeted	graph-id	graph-id-parameter-wrapped-contains	success	1	successful-latency	40125	291083	0.13784728067252297	1	734	2c8962bfda6df26238f145f32f089e1ccdb69cc26ea9c2fde590f543638ba060				
435	graph-id-parameter-wrapped-contains-target-06-dense	graph-id	graph-id-parameter-wrapped-contains	success	1	successful-latency	115500	467625	0.24699278267842822	200	83941	f7f169fb4cd9a2408b058d9e03502907fe0d9372ba70f2f3749aeaffa464e292				
436	graph-id-parameter-wrapped-contains-target-07-zero	graph-id	graph-id-parameter-wrapped-contains	success	1	successful-latency	41834	299250	0.13979615705931495	0	147	805c8c7334c868e18e2be84be95b83cc60895722d739c2b164a68be4cd410c49				
437	graph-id-parameter-wrapped-contains-target-07-targeted	graph-id	graph-id-parameter-wrapped-contains	success	1	successful-latency	27334	298209	0.0916605467977157	1	762	d5674d7adcd2d58f93c5f2849f690003bc45d523850181c23ceaa0aacd7e6709				
438	graph-id-parameter-wrapped-contains-target-07-dense	graph-id	graph-id-parameter-wrapped-contains	success	1	successful-latency	109125	459333	0.23757274134451475	200	84999	35604ee2a3d19ee64c97fa99f4be154714c60028f948c7a23f75b925d4520a5d				
439	graph-id-parameter-wrapped-contains-target-08-zero	graph-id	graph-id-parameter-wrapped-contains	success	1	successful-latency	29250	298125	0.09811320754716982	0	147	805c8c7334c868e18e2be84be95b83cc60895722d739c2b164a68be4cd410c49				
440	graph-id-parameter-wrapped-contains-target-08-targeted	graph-id	graph-id-parameter-wrapped-contains	success	1	successful-latency	46208	286959	0.16102648810457243	2	1322	4b49b28d836e57c2c3f8d43a93acd00a93b169fcd603338f9ab350f541e9665c				
441	graph-id-parameter-wrapped-contains-target-08-dense	graph-id	graph-id-parameter-wrapped-contains	success	1	successful-latency	98916	471000	0.2100127388535032	200	85531	ed34441ff634f19c276911a1fa193106a9070fde1065b57fc7ec71132b8d5f66				
442	graph-id-parameter-wrapped-contains-target-09-zero	graph-id	graph-id-parameter-wrapped-contains	success	1	successful-latency	33042	302375	0.109274906986358	0	147	805c8c7334c868e18e2be84be95b83cc60895722d739c2b164a68be4cd410c49				
443	graph-id-parameter-wrapped-contains-target-09-targeted	graph-id	graph-id-parameter-wrapped-contains	success	1	successful-latency	25833	301625	0.08564608371322006	1	758	cd83129b7654f9c1ac40c94032a03833f5b559e4d6d903ce58c899d274674334				
444	graph-id-parameter-wrapped-contains-target-09-dense	graph-id	graph-id-parameter-wrapped-contains	success	1	successful-latency	109084	483750	0.22549664082687337	200	84710	8302a9dc08d5cf465b56333dad5757a62c24d743692acbdbf8e81919ebd097a0				
445	graph-id-parameter-wrapped-contains-target-10-zero	graph-id	graph-id-parameter-wrapped-contains	success	1	successful-latency	74542	322917	0.23083950364954461	0	147	805c8c7334c868e18e2be84be95b83cc60895722d739c2b164a68be4cd410c49				
446	graph-id-parameter-wrapped-contains-target-10-targeted	graph-id	graph-id-parameter-wrapped-contains	success	1	successful-latency	37250	309125	0.12050141528507885	1	821	f3f4d5fb39ff9fde7dcf6d88e4f52bcc4c277ed98626ccca0b17c4ddbb20b035				
447	graph-id-parameter-wrapped-contains-target-10-dense	graph-id	graph-id-parameter-wrapped-contains	success	1	successful-latency	106666	485875	0.2195338307177772	200	86914	eec30bd784e53b80ccd384559e9d1f853b8152ad8db90ad1f27d391bf03fc0d8				
448	graph-id-parameter-wrapped-contains-target-11-zero	graph-id	graph-id-parameter-wrapped-contains	success	1	successful-latency	31125	293875	0.10591237771161208	0	147	805c8c7334c868e18e2be84be95b83cc60895722d739c2b164a68be4cd410c49				
449	graph-id-parameter-wrapped-contains-target-11-targeted	graph-id	graph-id-parameter-wrapped-contains	success	1	successful-latency	27792	287791	0.09657008037082467	1	758	f8ea31527e372a7d8e0f896bc894b97d788067aa20d0af371a4239382f72a4d1				
450	graph-id-parameter-wrapped-contains-target-11-dense	graph-id	graph-id-parameter-wrapped-contains	success	1	successful-latency	96583	479500	0.20142440041710113	200	84862	36598e3ab73085dce50e849dda8b6a32b1088eab3f02f052e9536f16613b5d4b				
451	graph-id-parameter-wrapped-contains-target-12-zero	graph-id	graph-id-parameter-wrapped-contains	success	1	successful-latency	27542	308084	0.08939769673206009	0	147	805c8c7334c868e18e2be84be95b83cc60895722d739c2b164a68be4cd410c49				
452	graph-id-parameter-wrapped-contains-target-12-targeted	graph-id	graph-id-parameter-wrapped-contains	success	1	successful-latency	29000	316542	0.09161501475317652	2	1348	569ba2c2d8626f5c6804b713aa9f9bd5155648246e0bb082ab37cf407a3ccee9				
453	graph-id-parameter-wrapped-contains-target-12-dense	graph-id	graph-id-parameter-wrapped-contains	success	1	successful-latency	100875	478791	0.2106869176738911	200	85894	f22afa8ccaad259750ce50e850502822308b2565f707f284de32cd44d5ef328a				
454	graph-id-parameter-wrapped-contains-target-13-zero	graph-id	graph-id-parameter-wrapped-contains	success	1	successful-latency	57792	292500	0.19757948717948717	0	147	805c8c7334c868e18e2be84be95b83cc60895722d739c2b164a68be4cd410c49				
455	graph-id-parameter-wrapped-contains-target-13-targeted	graph-id	graph-id-parameter-wrapped-contains	success	1	successful-latency	40291	299334	0.13460215010656992	5	2824	ebb699b5b0554cc639408add00ca9d9aae37f3553c5e6ea606cb7e66e171933f				
456	graph-id-parameter-wrapped-contains-target-13-dense	graph-id	graph-id-parameter-wrapped-contains	success	1	successful-latency	125542	473750	0.2649963060686016	200	86344	2e714969993f2a86ba5c715dc52b2c7d6dbaed9b2320da2399ecdf29ec9f1e4e				
457	graph-id-parameter-wrapped-contains-target-14-zero	graph-id	graph-id-parameter-wrapped-contains	success	1	successful-latency	68667	300292	0.22866743036777537	0	147	805c8c7334c868e18e2be84be95b83cc60895722d739c2b164a68be4cd410c49				
458	graph-id-parameter-wrapped-contains-target-14-targeted	graph-id	graph-id-parameter-wrapped-contains	success	1	successful-latency	40583	294417	0.13784190450959014	3	1887	cfce92c06f8a0a93444f0ec3592aad57c255799cc7a1286e673f5c8cc3173d20				
459	graph-id-parameter-wrapped-contains-target-14-dense	graph-id	graph-id-parameter-wrapped-contains	success	1	successful-latency	120708	496583	0.24307718951313276	200	88102	f384f54b9e0494c603dd9e83eb2ca0ad0386a359a2e1d6a356e225c072977e41				
460	graph-id-parameter-wrapped-contains-target-15-zero	graph-id	graph-id-parameter-wrapped-contains	success	1	successful-latency	91000	293792	0.3097429473913517	0	147	805c8c7334c868e18e2be84be95b83cc60895722d739c2b164a68be4cd410c49				
461	graph-id-parameter-wrapped-contains-target-15-targeted	graph-id	graph-id-parameter-wrapped-contains	success	1	successful-latency	40541	296875	0.13655915789473685	1	765	ae20f86c5a0d43140079bdbb52041ad145178823d6189b8171bbe58dc0d82dcc				
462	graph-id-parameter-wrapped-contains-target-15-dense	graph-id	graph-id-parameter-wrapped-contains	success	1	successful-latency	97292	463583	0.2098696457807987	200	82358	6db1e45464dd1e42fc627a3ee68393b586d132e4817f87f1da72cb180e7925bb				
463	graph-id-parameter-wrapped-contains-target-16-zero	graph-id	graph-id-parameter-wrapped-contains	success	1	successful-latency	33167	303167	0.10940174887108425	0	147	805c8c7334c868e18e2be84be95b83cc60895722d739c2b164a68be4cd410c49				
464	graph-id-parameter-wrapped-contains-target-16-targeted	graph-id	graph-id-parameter-wrapped-contains	success	1	successful-latency	102667	297125	0.3455347076146403	1	771	41ad9b5110585bc89df35b9d0a0c6bd66daaf6c239b4212552d078b2f2a28c34				
465	graph-id-parameter-wrapped-contains-target-16-dense	graph-id	graph-id-parameter-wrapped-contains	success	1	successful-latency	273417	456750	0.5986141215106733	200	94237	51b180cd96740a311cc61165baa84cc05517b2f28ac6c70debc25f8e14514414				
466	graph-id-parameter-wrapped-contains-target-17-zero	graph-id	graph-id-parameter-wrapped-contains	success	1	successful-latency	45458	298084	0.15250063740422162	0	147	805c8c7334c868e18e2be84be95b83cc60895722d739c2b164a68be4cd410c49				
467	graph-id-parameter-wrapped-contains-target-17-targeted	graph-id	graph-id-parameter-wrapped-contains	success	1	successful-latency	37166	302125	0.12301530823334712	5	2976	7d286938fe2f40cd4cb86cd26be11c3221bfff86202fa9b705bdc1c77967743f				
468	graph-id-parameter-wrapped-contains-target-17-dense	graph-id	graph-id-parameter-wrapped-contains	success	1	successful-latency	115375	488667	0.23610147605629192	200	92381	87c915d88746be4a40b85e67e7de71966365a455358cc138185e5c1f5bcf1251				
469	graph-id-parameter-wrapped-contains-target-18-zero	graph-id	graph-id-parameter-wrapped-contains	success	1	successful-latency	53292	298500	0.1785326633165829	0	147	805c8c7334c868e18e2be84be95b83cc60895722d739c2b164a68be4cd410c49				
470	graph-id-parameter-wrapped-contains-target-18-targeted	graph-id	graph-id-parameter-wrapped-contains	success	1	successful-latency	40459	319584	0.12659895363973164	12	6781	abf0682228739bdef1eb0d4b5b1449d7697f9412e644bd07a974f6e04213652e				
471	graph-id-parameter-wrapped-contains-target-18-dense	graph-id	graph-id-parameter-wrapped-contains	success	1	successful-latency	109125	493375	0.22118064352672917	200	95198	7d65fbc43e0cf8a1d4323c709e6963c32bdea3f389f5b683f619eee1fd79dc90				
472	graph-id-parameter-wrapped-contains-target-19-zero	graph-id	graph-id-parameter-wrapped-contains	success	1	successful-latency	64041	287416	0.22281640548890808	0	147	805c8c7334c868e18e2be84be95b83cc60895722d739c2b164a68be4cd410c49				
473	graph-id-parameter-wrapped-contains-target-19-targeted	graph-id	graph-id-parameter-wrapped-contains	success	1	successful-latency	59083	315875	0.18704550850811238	11	6327	72232d5a8299b69c619beb4cebd0967a4ca8f1378844d7914f795f7c5126cc48				
474	graph-id-parameter-wrapped-contains-target-19-dense	graph-id	graph-id-parameter-wrapped-contains	success	1	successful-latency	108584	489958	0.22161899591393547	200	96673	6ab8193cda24a8f589b0e7412ffcc3549afc3180a092c899437bb3ef2f8324ef				
475	graph-id-parameter-wrapped-contains-target-20-zero	graph-id	graph-id-parameter-wrapped-contains	success	1	successful-latency	46250	314167	0.14721469791543987	0	147	805c8c7334c868e18e2be84be95b83cc60895722d739c2b164a68be4cd410c49				
476	graph-id-parameter-wrapped-contains-target-20-targeted	graph-id	graph-id-parameter-wrapped-contains	success	1	successful-latency	54291	295000	0.18403728813559322	1	763	7811e1c0f64fb9174b112349d7a5f89fec8a71f59a6b66db3b1e97241f5dc93c				
477	graph-id-parameter-wrapped-contains-target-20-dense	graph-id	graph-id-parameter-wrapped-contains	success	1	successful-latency	107916	747875	0.14429684104964066	200	91604	a93cd6116bda146e01916f4ab7d54aa664da5b5c2287de109c82d6c48fcd38f8				
478	graph-id-parameter-wrapped-contains-target-21-zero	graph-id	graph-id-parameter-wrapped-contains	success	1	successful-latency	41791	306250	0.1364604081632653	0	147	805c8c7334c868e18e2be84be95b83cc60895722d739c2b164a68be4cd410c49				
479	graph-id-parameter-wrapped-contains-target-21-targeted	graph-id	graph-id-parameter-wrapped-contains	success	1	successful-latency	30125	291125	0.10347788750536711	1	765	1cf450577b12b3b6a7c19f53479709a92a169add0c4f9defecbc55254bf8d5b3				
480	graph-id-parameter-wrapped-contains-target-21-dense	graph-id	graph-id-parameter-wrapped-contains	success	1	successful-latency	111708	457875	0.24397051597051597	200	96334	eb6b03599a26f520b43896ee6af6cb6d2a3ec0783b66a0bcb29642b029a4b6eb				
481	graph-id-parameter-wrapped-contains-target-22-zero	graph-id	graph-id-parameter-wrapped-contains	success	1	successful-latency	36500	302750	0.12056151940545004	0	147	805c8c7334c868e18e2be84be95b83cc60895722d739c2b164a68be4cd410c49				
482	graph-id-parameter-wrapped-contains-target-22-targeted	graph-id	graph-id-parameter-wrapped-contains	success	1	successful-latency	41375	328875	0.1258076776890916	11	6331	43d88524d9da26840d520d8260a6801a2d864c2023e9806c3df4a5e673a5fd66				
483	graph-id-parameter-wrapped-contains-target-22-dense	graph-id	graph-id-parameter-wrapped-contains	success	1	successful-latency	109958	479958	0.22909921284779086	200	98397	b1cc908cf8cd6a2354b320afca9ad225990c59be93a53ddc3912afb3b0d46d7b				
484	graph-id-parameter-wrapped-contains-target-23-zero	graph-id	graph-id-parameter-wrapped-contains	success	1	successful-latency	46292	312084	0.14833185937119495	0	147	805c8c7334c868e18e2be84be95b83cc60895722d739c2b164a68be4cd410c49				
485	graph-id-parameter-wrapped-contains-target-23-targeted	graph-id	graph-id-parameter-wrapped-contains	success	1	successful-latency	40791	321458	0.12689371550871342	11	6135	718b52d4d32659cb9b39b84bdb87d6226a9be4436e73fa316936d1333dfa50c0				
486	graph-id-parameter-wrapped-contains-target-23-dense	graph-id	graph-id-parameter-wrapped-contains	success	1	successful-latency	104917	503875	0.20822029273133216	200	95056	d5aa9163a912371065002f30549de9cefea57af859f009a275e381b0a849633e				
487	graph-id-parameter-wrapped-contains-target-24-zero	graph-id	graph-id-parameter-wrapped-contains	success	1	successful-latency	28667	307458	0.09323875130912189	0	147	805c8c7334c868e18e2be84be95b83cc60895722d739c2b164a68be4cd410c49				
488	graph-id-parameter-wrapped-contains-target-24-targeted	graph-id	graph-id-parameter-wrapped-contains	success	1	successful-latency	30334	308709	0.09826082167996397	1	754	033650595463ffba6f1f515fc8a38ba023fdd37a0e2442442be40f2d8baee0b4				
489	graph-id-parameter-wrapped-contains-target-24-dense	graph-id	graph-id-parameter-wrapped-contains	success	1	successful-latency	103750	476750	0.21761929732564236	200	96144	13cc3d04be15c5d98101b6676211e0260c08571becd6cbc7be1dcfad1b7efce8				
490	graph-id-parameter-wrapped-contains-target-25-zero	graph-id	graph-id-parameter-wrapped-contains	success	1	successful-latency	22375	312792	0.07153315941584183	0	147	805c8c7334c868e18e2be84be95b83cc60895722d739c2b164a68be4cd410c49				
491	graph-id-parameter-wrapped-contains-target-25-targeted	graph-id	graph-id-parameter-wrapped-contains	success	1	successful-latency	35166	313792	0.1120678666122782	17	9434	57a7fb26e2c1557848eddaabb17076d92c9b2ef2e0ff6b92be3de4374fe1fa9b				
492	graph-id-parameter-wrapped-contains-target-25-dense	graph-id	graph-id-parameter-wrapped-contains	success	1	successful-latency	105958	469958	0.22546270092221007	200	90260	d606d19bfcb83b224b953bd70176bc52dc06d427ef6ab3d0cc311bc6ed6fc260				
493	graph-id-parameter-wrapped-contains-target-26-zero	graph-id	graph-id-parameter-wrapped-contains	success	1	successful-latency	28042	298958	0.09379912897463857	0	147	805c8c7334c868e18e2be84be95b83cc60895722d739c2b164a68be4cd410c49				
494	graph-id-parameter-wrapped-contains-target-26-targeted	graph-id	graph-id-parameter-wrapped-contains	success	1	successful-latency	25542	293291	0.08708756831951885	1	791	550bd45f802381cb65ea30928a856fc0c2bc207cbfc2a147aad4312130548c9a				
495	graph-id-parameter-wrapped-contains-target-26-dense	graph-id	graph-id-parameter-wrapped-contains	success	1	successful-latency	104250	460375	0.22644583220200923	200	96089	d0bdae62973cb737c05eda37d83d6fd7dea4520a7f87acdd4ed9a2fba1f97888				
496	graph-id-parameter-wrapped-contains-target-27-zero	graph-id	graph-id-parameter-wrapped-contains	success	1	successful-latency	30458	289375	0.10525442764578834	0	147	805c8c7334c868e18e2be84be95b83cc60895722d739c2b164a68be4cd410c49				
497	graph-id-parameter-wrapped-contains-target-27-targeted	graph-id	graph-id-parameter-wrapped-contains	success	1	successful-latency	31375	308875	0.10157830837717523	14	8030	e1858d468e2cee9daff29f91791894b539cc1c9bfb8d57bb0eaa364a24ec0f04				
498	graph-id-parameter-wrapped-contains-target-27-dense	graph-id	graph-id-parameter-wrapped-contains	success	1	successful-latency	106000	470750	0.22517259691980882	200	95559	bcb492a91a247979acd291eaea381c0db6d952c0baff29193145ae7356b00907				
499	graph-id-parameter-wrapped-contains-target-28-zero	graph-id	graph-id-parameter-wrapped-contains	success	1	successful-latency	22459	284416	0.07896531840684068	0	147	805c8c7334c868e18e2be84be95b83cc60895722d739c2b164a68be4cd410c49				
500	graph-id-parameter-wrapped-contains-target-28-targeted	graph-id	graph-id-parameter-wrapped-contains	success	1	successful-latency	29167	295750	0.09862045646661032	12	6370	8871e0dc77f7df7110f742adaac439b8d2f4e912a3a21e1793fda026e0955f9b				
501	graph-id-parameter-wrapped-contains-target-28-dense	graph-id	graph-id-parameter-wrapped-contains	success	1	successful-latency	97500	450625	0.21636615811373092	200	101142	3ec255435f1804ca883e61ce69218b0c9b6812e5f4d6241be813f3a04980ff78				
502	graph-id-parameter-wrapped-contains-target-29-zero	graph-id	graph-id-parameter-wrapped-contains	success	1	successful-latency	34292	291084	0.11780791798930892	0	147	805c8c7334c868e18e2be84be95b83cc60895722d739c2b164a68be4cd410c49				
503	graph-id-parameter-wrapped-contains-target-29-targeted	graph-id	graph-id-parameter-wrapped-contains	success	1	successful-latency	25583	290333	0.08811605983474148	1	759	7c9cbf2db3468e4d9ec5f9ce37c29746bb3071949804d250165a0310edd3182c				
504	graph-id-parameter-wrapped-contains-target-29-dense	graph-id	graph-id-parameter-wrapped-contains	success	1	successful-latency	92709	465708	0.19907109175706666	200	96005	cb6245f16fc1df4cadc32295db3c94d74d99d6ac24ca00ba686085574c3842f9				
505	graph-id-parameter-wrapped-contains-target-30-zero	graph-id	graph-id-parameter-wrapped-contains	success	1	successful-latency	20042	290833	0.06891239989959874	0	147	805c8c7334c868e18e2be84be95b83cc60895722d739c2b164a68be4cd410c49				
506	graph-id-parameter-wrapped-contains-target-30-targeted	graph-id	graph-id-parameter-wrapped-contains	success	1	successful-latency	25625	320042	0.08006761612538355	10	5866	c85815e1257e7d89a547803b839a8fa3d5c32a25ad93fc4df95c67dd0df38386				
507	graph-id-parameter-wrapped-contains-target-30-dense	graph-id	graph-id-parameter-wrapped-contains	success	1	successful-latency	99583	478292	0.20820544771813035	200	95471	766b9ef7e8ecf0adce38af75461cc8c431950c6a78cf29871668bb82bbc59681				
508	graph-id-parameter-wrapped-contains-target-31-zero	graph-id	graph-id-parameter-wrapped-contains	success	1	successful-latency	24500	294458	0.0832037166590821	0	147	805c8c7334c868e18e2be84be95b83cc60895722d739c2b164a68be4cd410c49				
509	graph-id-parameter-wrapped-contains-target-31-targeted	graph-id	graph-id-parameter-wrapped-contains	success	1	successful-latency	20292	291375	0.06964221364221364	1	779	5b2641a56fc0d1ce3cad560f98de3ab642d893c5f6c2be5bb57444732d364805				
510	graph-id-parameter-wrapped-contains-target-31-dense	graph-id	graph-id-parameter-wrapped-contains	success	1	successful-latency	120792	460125	0.262519967400163	200	90493	6cea2d1b1fba9817e31904018fa5ce3734b41bb641feab5c7c6849206b05e3c1				
511	graph-id-parameter-wrapped-contains-target-32-zero	graph-id	graph-id-parameter-wrapped-contains	success	1	successful-latency	36291	297542	0.12196933542155393	0	147	805c8c7334c868e18e2be84be95b83cc60895722d739c2b164a68be4cd410c49				
512	graph-id-parameter-wrapped-contains-target-32-targeted	graph-id	graph-id-parameter-wrapped-contains	success	1	successful-latency	40959	300667	0.1362271216994216	4	2862	72e96499d86d64ae9da267f3b15791817d4250f06a8dfea9d09edd8c3c23a440				
513	graph-id-parameter-wrapped-contains-target-32-dense	graph-id	graph-id-parameter-wrapped-contains	success	1	successful-latency	92875	482958	0.192304506810116	200	92864	0ad6a5ae10cb27d8dd28af205e0df8ebd79b3e1ca0079c8c876100ee108fc38d				
514	graph-id-parameter-wrapped-contains-target-33-zero	graph-id	graph-id-parameter-wrapped-contains	success	1	successful-latency	23292	294584	0.07906743068191076	0	147	805c8c7334c868e18e2be84be95b83cc60895722d739c2b164a68be4cd410c49				
515	graph-id-parameter-wrapped-contains-target-33-targeted	graph-id	graph-id-parameter-wrapped-contains	success	1	successful-latency	22333	301292	0.07412410551889861	4	2862	5436abb5d5a82ddf1b71cf6459ce0de5fe56d25b825b58b20bbe8cace9e3cde7				
516	graph-id-parameter-wrapped-contains-target-33-dense	graph-id	graph-id-parameter-wrapped-contains	success	1	successful-latency	98458	464209	0.21209842980209345	200	92578	e10f119cab32a77f2d8107211e2addcc69d3ab151ee08f60199ff7a8db9b6a1c				
517	graph-id-parameter-wrapped-contains-target-34-zero	graph-id	graph-id-parameter-wrapped-contains	success	1	successful-latency	19875	294042	0.06759238476136062	0	147	805c8c7334c868e18e2be84be95b83cc60895722d739c2b164a68be4cd410c49				
518	graph-id-parameter-wrapped-contains-target-34-targeted	graph-id	graph-id-parameter-wrapped-contains	success	1	successful-latency	58625	290875	0.20154705629565964	4	2883	e83a01bd4b4e8f51ba0c51a53e73f87ec8dd6170bd60b37ef57b4eb9aba8bcc7				
519	graph-id-parameter-wrapped-contains-target-34-dense	graph-id	graph-id-parameter-wrapped-contains	success	1	successful-latency	97667	471292	0.2072324588577782	200	94183	b06f89a813919b2f4278637c18773fe7508c48351caa08a76cefe1f54c9b7715				
520	graph-id-parameter-wrapped-contains-target-35-zero	graph-id	graph-id-parameter-wrapped-contains	success	1	successful-latency	27458	385833	0.07116550424665594	0	147	805c8c7334c868e18e2be84be95b83cc60895722d739c2b164a68be4cd410c49				
521	graph-id-parameter-wrapped-contains-target-35-targeted	graph-id	graph-id-parameter-wrapped-contains	success	1	successful-latency	24416	301250	0.08104896265560166	1	771	134378d176ef9559b3b9b40557762648c5aa55be889ba8cb2e7f752130b85ab7				
522	graph-id-parameter-wrapped-contains-target-35-dense	graph-id	graph-id-parameter-wrapped-contains	success	1	successful-latency	88875	484292	0.1835153172053224	200	91613	71eca3baa7c5adda9a19daaba5b66d08f4d30beebcfc1f6f8f3125a009484e93				
523	graph-id-parameter-wrapped-contains-target-36-zero	graph-id	graph-id-parameter-wrapped-contains	success	1	successful-latency	20833	306750	0.06791524042379789	0	147	805c8c7334c868e18e2be84be95b83cc60895722d739c2b164a68be4cd410c49				
524	graph-id-parameter-wrapped-contains-target-36-targeted	graph-id	graph-id-parameter-wrapped-contains	success	1	successful-latency	22041	296833	0.07425387339008803	1	795	6f5022183da52ea8cb963f17c4b86a6270dc9bfe0ca358e5ec7d6bdf4c95879f				
525	graph-id-parameter-wrapped-contains-target-36-dense	graph-id	graph-id-parameter-wrapped-contains	success	1	successful-latency	83541	459709	0.1817258309060732	200	91716	5d2df55fe9df550bd17a462dbec1bd958f7c0d5940c160537976ecc80d5cb22f				
526	graph-id-parameter-wrapped-contains-target-37-zero	graph-id	graph-id-parameter-wrapped-contains	success	1	successful-latency	19500	286708	0.06801344922360032	0	147	805c8c7334c868e18e2be84be95b83cc60895722d739c2b164a68be4cd410c49				
527	graph-id-parameter-wrapped-contains-target-37-targeted	graph-id	graph-id-parameter-wrapped-contains	success	1	successful-latency	38083	459916	0.08280425121109072	51	31472	b9433fbd59011f3771f14c8abacb0cbca913b3ccb9b85649a8f98d4c6f628703				
528	graph-id-parameter-wrapped-contains-target-37-dense	graph-id	graph-id-parameter-wrapped-contains	success	1	successful-latency	83083	454042	0.18298527449002516	200	91795	dbb6e258143695218279e10cbea2bf21ad0c5b1330a8fc3e3470b176ae0b6f42				
529	graph-id-parameter-wrapped-contains-target-38-zero	graph-id	graph-id-parameter-wrapped-contains	success	1	successful-latency	19833	290833	0.06819377443412543	0	147	805c8c7334c868e18e2be84be95b83cc60895722d739c2b164a68be4cd410c49				
530	graph-id-parameter-wrapped-contains-target-38-targeted	graph-id	graph-id-parameter-wrapped-contains	success	1	successful-latency	20291	287666	0.07053666404788887	1	801	6e224732564976ab3ad1b488a2dcb0c2a2f84050ab25d529f41b87f4de3c406c				
531	graph-id-parameter-wrapped-contains-target-38-dense	graph-id	graph-id-parameter-wrapped-contains	success	1	successful-latency	80083	454833	0.1760712173479057	200	92968	77adda61bf8a66745500e9e1b739302ae425b75af5d5199095bd9c0f56151e04				
532	graph-id-parameter-wrapped-contains-target-39-zero	graph-id	graph-id-parameter-wrapped-contains	success	1	successful-latency	20500	291000	0.070446735395189	0	147	805c8c7334c868e18e2be84be95b83cc60895722d739c2b164a68be4cd410c49				
533	graph-id-parameter-wrapped-contains-target-39-targeted	graph-id	graph-id-parameter-wrapped-contains	success	1	successful-latency	20458	292958	0.06983253572184409	4	2855	db8e5b7500b38c30ff9ca554407e1c3f066cc32ce80520e31c63fe8f4f34048e				
534	graph-id-parameter-wrapped-contains-target-39-dense	graph-id	graph-id-parameter-wrapped-contains	success	1	successful-latency	85083	486750	0.17479815100154084	200	91298	153dc7ab9d3d22961d16bfae52d0b5cd4c7d97177e0e57e7c086294f37d00f0f				
535	graph-id-parameter-wrapped-contains-target-40-zero	graph-id	graph-id-parameter-wrapped-contains	success	1	successful-latency	19708	294042	0.06702443868562995	0	147	805c8c7334c868e18e2be84be95b83cc60895722d739c2b164a68be4cd410c49				
536	graph-id-parameter-wrapped-contains-target-40-targeted	graph-id	graph-id-parameter-wrapped-contains	success	1	successful-latency	20084	297584	0.06749018764449702	4	2911	6520445594f6fc1d080f2e441beea159540f21b52c555b515dbd7ba1fee2a37f				
537	graph-id-parameter-wrapped-contains-target-40-dense	graph-id	graph-id-parameter-wrapped-contains	success	1	successful-latency	86542	495333	0.1747147878296015	200	95189	6547ed796970ad3186785ae6dc7d6b1328d226d1878e5144fdb98c21fcba06f9				
538	graph-id-parameter-wrapped-contains-target-41-zero	graph-id	graph-id-parameter-wrapped-contains	success	1	successful-latency	21083	288750	0.07301471861471862	0	147	805c8c7334c868e18e2be84be95b83cc60895722d739c2b164a68be4cd410c49				
539	graph-id-parameter-wrapped-contains-target-41-targeted	graph-id	graph-id-parameter-wrapped-contains	success	1	successful-latency	19959	306667	0.06508362490910335	4	2883	42fd2fd2ff37d34c0cfb2146cde4be9387147a4cc07443bd58969c3f1e25556e				
540	graph-id-parameter-wrapped-contains-target-41-dense	graph-id	graph-id-parameter-wrapped-contains	success	1	successful-latency	97084	663583	0.1463027232463761	200	92146	1d23f5a918b6a408d8eae300e7aa799801aecc62fcc85667af567e3c95156cb9				
541	graph-id-parameter-wrapped-contains-target-42-zero	graph-id	graph-id-parameter-wrapped-contains	success	1	successful-latency	24834	336250	0.07385576208178439	0	147	805c8c7334c868e18e2be84be95b83cc60895722d739c2b164a68be4cd410c49				
542	graph-id-parameter-wrapped-contains-target-42-targeted	graph-id	graph-id-parameter-wrapped-contains	success	1	successful-latency	50542	387666	0.13037511672419042	63	39077	2d20a012ee335ff72d99f67135e1ac36defbca676c07a298d3df15c7c1e33f7d				
543	graph-id-parameter-wrapped-contains-target-42-dense	graph-id	graph-id-parameter-wrapped-contains	success	1	successful-latency	82333	467458	0.17612919235524901	200	93248	bd7a2cfc84011237aca413f8fd4b6ee9130043dc1530bc214cc965d935dc3d88				
544	graph-id-parameter-wrapped-contains-target-43-zero	graph-id	graph-id-parameter-wrapped-contains	success	1	successful-latency	19792	297541	0.0665185638281783	0	147	805c8c7334c868e18e2be84be95b83cc60895722d739c2b164a68be4cd410c49				
545	graph-id-parameter-wrapped-contains-target-43-targeted	graph-id	graph-id-parameter-wrapped-contains	success	1	successful-latency	20375	298084	0.06835321587203608	4	2743	a7aaae25732eb3fc39e7e9697120f6a4534e52262fb153e4201e51d7b31e4606				
546	graph-id-parameter-wrapped-contains-target-43-dense	graph-id	graph-id-parameter-wrapped-contains	success	1	successful-latency	79750	504750	0.1579990094105993	200	94063	f5c81d8aabcfe449e1a20e1133f0ce5a6c25cde54cfb7e82531ff93f87b6f89e				
547	graph-id-parameter-wrapped-contains-target-44-zero	graph-id	graph-id-parameter-wrapped-contains	success	1	successful-latency	20250	287042	0.0705471673134942	0	147	805c8c7334c868e18e2be84be95b83cc60895722d739c2b164a68be4cd410c49				
548	graph-id-parameter-wrapped-contains-target-44-targeted	graph-id	graph-id-parameter-wrapped-contains	success	1	successful-latency	20542	301959	0.0680291032888571	4	2890	b8c7750587d3cb95373de074cba017cf14e5d85811bfc8cc2b49fa06615dc14f				
549	graph-id-parameter-wrapped-contains-target-44-dense	graph-id	graph-id-parameter-wrapped-contains	success	1	successful-latency	80500	486291	0.165538741206397	200	90517	901cb7ad5a7cef604f7264d87d81f85a7b3e521b0175839dd61f15fa140b58cf				
550	graph-id-parameter-wrapped-contains-target-45-zero	graph-id	graph-id-parameter-wrapped-contains	success	1	successful-latency	18417	286958	0.06418012392057375	0	147	805c8c7334c868e18e2be84be95b83cc60895722d739c2b164a68be4cd410c49				
551	graph-id-parameter-wrapped-contains-target-45-targeted	graph-id	graph-id-parameter-wrapped-contains	success	1	successful-latency	20875	294250	0.07094307561597281	1	807	7a2ea6e6b7c61f333c01be975226570ddf428683fdf6c4eb419e09457718acf9				
552	graph-id-parameter-wrapped-contains-target-45-dense	graph-id	graph-id-parameter-wrapped-contains	success	1	successful-latency	82084	475041	0.17279350624472414	200	92534	8ce2fca3adf975e2913f1d7a0f91465f04ef5e5cdbaaa1f51ca68901be616480				
553	graph-id-parameter-wrapped-contains-target-46-zero	graph-id	graph-id-parameter-wrapped-contains	success	1	successful-latency	18792	283792	0.06621751141681231	0	147	805c8c7334c868e18e2be84be95b83cc60895722d739c2b164a68be4cd410c49				
554	graph-id-parameter-wrapped-contains-target-46-targeted	graph-id	graph-id-parameter-wrapped-contains	success	1	successful-latency	35083	326666	0.10739715795338357	45	27605	5de372ca8e19ec486456452fc7bd2d9f18c4d7b0beb5e238b24073911e1d2e3a				
555	graph-id-parameter-wrapped-contains-target-46-dense	graph-id	graph-id-parameter-wrapped-contains	success	1	successful-latency	86000	478125	0.17986928104575164	200	96641	3ad39c9167b00424c5957087068cab90d47268c9063b8d9e565113275edd98c8				
556	graph-id-parameter-wrapped-contains-target-47-zero	graph-id	graph-id-parameter-wrapped-contains	success	1	successful-latency	23041	302125	0.07626313611915597	0	147	805c8c7334c868e18e2be84be95b83cc60895722d739c2b164a68be4cd410c49				
557	graph-id-parameter-wrapped-contains-target-47-targeted	graph-id	graph-id-parameter-wrapped-contains	success	1	successful-latency	47000	341875	0.13747714808043876	66	40159	fcfc173325ae104971344d6daea93c8089a472f712f938cfbd16c519ba82c551				
558	graph-id-parameter-wrapped-contains-target-47-dense	graph-id	graph-id-parameter-wrapped-contains	success	1	successful-latency	89583	461542	0.1940950119382418	200	97359	d162ad37d2e7b659e55cddb63b7d42e922fbd2396ae9679f7648226751bb7a13				
559	graph-id-parameter-wrapped-contains-target-48-zero	graph-id	graph-id-parameter-wrapped-contains	success	1	successful-latency	71542	290250	0.24648406546080964	0	147	805c8c7334c868e18e2be84be95b83cc60895722d739c2b164a68be4cd410c49				
560	graph-id-parameter-wrapped-contains-target-48-targeted	graph-id	graph-id-parameter-wrapped-contains	success	1	successful-latency	25791	303625	0.08494359818855496	10	6351	274597a5e0e535d6581734920f9ffbc39062a84a13ad9d85823a8f12df219dfd				
561	graph-id-parameter-wrapped-contains-target-48-dense	graph-id	graph-id-parameter-wrapped-contains	success	1	successful-latency	109375	459333	0.2381170087931849	200	97301	4abd067ea3c7496241f2623586a132809a81e33bd08c7645b717be3ee7ee2542				
562	graph-id-parameter-wrapped-contains-target-49-zero	graph-id	graph-id-parameter-wrapped-contains	success	1	successful-latency	34250	302834	0.11309826505610335	0	147	805c8c7334c868e18e2be84be95b83cc60895722d739c2b164a68be4cd410c49				
563	graph-id-parameter-wrapped-contains-target-49-targeted	graph-id	graph-id-parameter-wrapped-contains	success	1	successful-latency	29791	302500	0.09848264462809918	4	2598	d72c68d3fe0e8e0257e28136dfcba3f279a31d304b51dc9611dfa7b0f16169a8				
564	graph-id-parameter-wrapped-contains-target-49-dense	graph-id	graph-id-parameter-wrapped-contains	success	1	successful-latency	90208	454958	0.19827764321102168	200	95854	6848b85ce01299f2ea05bcca3edaa8c69792c61113aeaea43a401f01793bb61d				
565	graph-id-parameter-wrapped-contains-target-50-zero	graph-id	graph-id-parameter-wrapped-contains	success	1	successful-latency	25042	290000	0.08635172413793103	0	147	805c8c7334c868e18e2be84be95b83cc60895722d739c2b164a68be4cd410c49				
566	graph-id-parameter-wrapped-contains-target-50-targeted	graph-id	graph-id-parameter-wrapped-contains	success	1	successful-latency	24125	553708	0.043569896046291544	1	791	85dd6bfd8cfa28628294c822275e5bb7a279ea8142c47ff362a55c060e68da37				
567	graph-id-parameter-wrapped-contains-target-50-dense	graph-id	graph-id-parameter-wrapped-contains	success	1	successful-latency	109417	466500	0.23454876741693462	200	91564	fbf180fab82c32493738bb60bb29955d3f45810bb23806d614f71964200069bc				
568	graph-id-parameter-wrapped-contains-target-51-zero	graph-id	graph-id-parameter-wrapped-contains	success	1	successful-latency	22625	300875	0.0751973410884919	0	147	805c8c7334c868e18e2be84be95b83cc60895722d739c2b164a68be4cd410c49				
569	graph-id-parameter-wrapped-contains-target-51-targeted	graph-id	graph-id-parameter-wrapped-contains	success	1	successful-latency	34958	292834	0.11937821427839664	1	798	64ae9673d519a121b865dc50f576291bddc3c4c81c474d10cfb9d0da1dce7c60				
570	graph-id-parameter-wrapped-contains-target-51-dense	graph-id	graph-id-parameter-wrapped-contains	success	1	successful-latency	99875	453875	0.22004957312035253	200	94730	d508f1cb1d0c5646118a68e8a87c49c66a454661e438e3f033289c173598f51f				
571	graph-id-parameter-wrapped-contains-target-52-zero	graph-id	graph-id-parameter-wrapped-contains	success	1	successful-latency	42208	292167	0.14446532291463443	0	147	805c8c7334c868e18e2be84be95b83cc60895722d739c2b164a68be4cd410c49				
572	graph-id-parameter-wrapped-contains-target-52-targeted	graph-id	graph-id-parameter-wrapped-contains	success	1	successful-latency	34708	293125	0.11840682302771854	1	792	6691abe0a1f608719107bf4ffc3fa52632123ab77cb7c2c3c6536cd32de533b1				
573	graph-id-parameter-wrapped-contains-target-52-dense	graph-id	graph-id-parameter-wrapped-contains	success	1	successful-latency	91042	451458	0.20166217012435264	200	96891	db4b9bfadbbb61a039e76484090eda57349ec9585a7c795f46793352fb739e7c				
574	graph-id-parameter-wrapped-contains-target-53-zero	graph-id	graph-id-parameter-wrapped-contains	success	1	successful-latency	25875	297167	0.08707225230257734	0	147	805c8c7334c868e18e2be84be95b83cc60895722d739c2b164a68be4cd410c49				
575	graph-id-parameter-wrapped-contains-target-53-targeted	graph-id	graph-id-parameter-wrapped-contains	success	1	successful-latency	40167	300958	0.13346380558084517	6	3910	d987ccd9722d9cd5492fcbb62423f1a89bb41e05ea0e3fb44e7cc793b9656b12				
576	graph-id-parameter-wrapped-contains-target-53-dense	graph-id	graph-id-parameter-wrapped-contains	success	1	successful-latency	89709	475459	0.18867872939622554	200	94720	c9e7b59e830a820a47234ca1fd54046d1c260db318e05adc24dc748ca7fe29c0				
577	graph-id-parameter-wrapped-contains-target-54-zero	graph-id	graph-id-parameter-wrapped-contains	success	1	successful-latency	27500	287875	0.09552757273122015	0	147	805c8c7334c868e18e2be84be95b83cc60895722d739c2b164a68be4cd410c49				
578	graph-id-parameter-wrapped-contains-target-54-targeted	graph-id	graph-id-parameter-wrapped-contains	success	1	successful-latency	25500	295333	0.08634321257698936	3	1869	5157205e66d4cebff8b628175c555fdb333564013eabc5f496e37f9a4ad2b606				
579	graph-id-parameter-wrapped-contains-target-54-dense	graph-id	graph-id-parameter-wrapped-contains	success	1	successful-latency	74917	456708	0.16403697767501335	200	92798	60b390f0b190e46f6fd1b4929641c7324c9142e0f18a85bc338e7b41ebe62db5				
580	graph-id-parameter-wrapped-contains-target-55-zero	graph-id	graph-id-parameter-wrapped-contains	success	1	successful-latency	24542	299958	0.08181812120363517	0	147	805c8c7334c868e18e2be84be95b83cc60895722d739c2b164a68be4cd410c49				
581	graph-id-parameter-wrapped-contains-target-55-targeted	graph-id	graph-id-parameter-wrapped-contains	success	1	successful-latency	21500	303375	0.07086938607334158	10	6054	f5c10be5db49f33f0b8307328bfb058b342da4d9241c33217038447620028ab5				
582	graph-id-parameter-wrapped-contains-target-55-dense	graph-id	graph-id-parameter-wrapped-contains	success	1	successful-latency	76917	479500	0.16041084462982272	200	96112	0f6d4800cdd86ccdf20aab2fe6bd2924f66d70c9fcca46057385e09ba151a798				
583	graph-id-parameter-wrapped-contains-target-56-zero	graph-id	graph-id-parameter-wrapped-contains	success	1	successful-latency	23625	300167	0.07870618688929829	0	147	805c8c7334c868e18e2be84be95b83cc60895722d739c2b164a68be4cd410c49				
584	graph-id-parameter-wrapped-contains-target-56-targeted	graph-id	graph-id-parameter-wrapped-contains	success	1	successful-latency	20125	313541	0.06418618298723293	1	802	7ebbe5301915ad5c39692b733c3f39851576d09270c89f830b9e80b342a866f6				
585	graph-id-parameter-wrapped-contains-target-56-dense	graph-id	graph-id-parameter-wrapped-contains	success	1	successful-latency	78458	457250	0.17158665937670858	200	93704	b778fc4edfb3c1031b90b2d3d121fd31958733afdc68d3f1cde538a17b738328				
586	graph-id-parameter-wrapped-contains-target-57-zero	graph-id	graph-id-parameter-wrapped-contains	success	1	successful-latency	31041	301458	0.10296956790000597	0	147	805c8c7334c868e18e2be84be95b83cc60895722d739c2b164a68be4cd410c49				
587	graph-id-parameter-wrapped-contains-target-57-targeted	graph-id	graph-id-parameter-wrapped-contains	success	1	successful-latency	20833	298125	0.06988008385744235	1	765	0812dc51126311be5cac082c5d39676905cd9a0811e6a08f17ec6343dc843471				
588	graph-id-parameter-wrapped-contains-target-57-dense	graph-id	graph-id-parameter-wrapped-contains	success	1	successful-latency	80958	463292	0.1747450851730658	200	99258	415f437224f091ed04a72fa493ee405ec437acfcfdf54dee50789c56e5356f10				
589	graph-id-parameter-wrapped-contains-target-58-zero	graph-id	graph-id-parameter-wrapped-contains	success	1	successful-latency	23375	289250	0.0808124459809853	0	147	805c8c7334c868e18e2be84be95b83cc60895722d739c2b164a68be4cd410c49				
590	graph-id-parameter-wrapped-contains-target-58-targeted	graph-id	graph-id-parameter-wrapped-contains	success	1	successful-latency	26667	302584	0.08813089918832456	12	7029	1df616dc12f8aa99df8ef1921ad6c878afdd2d37362d488527ffbb7ddbe7f6e3				
591	graph-id-parameter-wrapped-contains-target-58-dense	graph-id	graph-id-parameter-wrapped-contains	success	1	successful-latency	83916	474375	0.17689802371541502	200	94948	3f3fd3df372307937afdfd0915ce035266497833c5712760faf456eece659c97				
592	graph-id-parameter-wrapped-contains-target-59-zero	graph-id	graph-id-parameter-wrapped-contains	success	1	successful-latency	24500	299292	0.08185985592665357	0	147	805c8c7334c868e18e2be84be95b83cc60895722d739c2b164a68be4cd410c49				
593	graph-id-parameter-wrapped-contains-target-59-targeted	graph-id	graph-id-parameter-wrapped-contains	success	1	successful-latency	25625	325791	0.07865472035752982	11	6729	3d47749a3f582c73a2df58bf3f9b3beed9c001af5d9bd91af1d30abe76d3f524				
594	graph-id-parameter-wrapped-contains-target-59-dense	graph-id	graph-id-parameter-wrapped-contains	success	1	successful-latency	80125	473875	0.16908467422843576	200	89429	54106029dd8c0484e4d4612954bdb30eebd525f910018413d1ee09bf2ea5c8ac				
595	graph-id-parameter-wrapped-contains-target-60-zero	graph-id	graph-id-parameter-wrapped-contains	success	1	successful-latency	84250	307000	0.2744299674267101	0	147	805c8c7334c868e18e2be84be95b83cc60895722d739c2b164a68be4cd410c49				
596	graph-id-parameter-wrapped-contains-target-60-targeted	graph-id	graph-id-parameter-wrapped-contains	success	1	successful-latency	72667	325166	0.22347662424730752	13	7599	88379c6b80e2b23974c6b6a1e2c6fc3f3680ec705c71b7cecbc9a2228bf7fa26				
597	graph-id-parameter-wrapped-contains-target-60-dense	graph-id	graph-id-parameter-wrapped-contains	success	1	successful-latency	79458	478833	0.16594094391990527	200	94040	5d662b90e716477fff887768402c85462026d6042e22f1d7fafdb565b9f9efc8				
598	graph-id-parameter-wrapped-contains-target-61-zero	graph-id	graph-id-parameter-wrapped-contains	success	1	successful-latency	27000	329000	0.08206686930091185	0	147	805c8c7334c868e18e2be84be95b83cc60895722d739c2b164a68be4cd410c49				
599	graph-id-parameter-wrapped-contains-target-61-targeted	graph-id	graph-id-parameter-wrapped-contains	success	1	successful-latency	29667	296750	0.09997304128053917	8	5180	b6f5bd5828bd66e4f09f8198b509f3673986060cf32e2725dff13d9bcb4d6e9b				
600	graph-id-parameter-wrapped-contains-target-61-dense	graph-id	graph-id-parameter-wrapped-contains	success	1	successful-latency	80834	467542	0.17289141938050484	200	93638	00f9fdf9bf9dc94ccc0d67b35cb45c01a8e623cfaedfdb70da1cc1bfa69daf82				
601	graph-id-parameter-wrapped-contains-target-62-zero	graph-id	graph-id-parameter-wrapped-contains	success	1	successful-latency	36709	288583	0.12720430517390144	0	147	805c8c7334c868e18e2be84be95b83cc60895722d739c2b164a68be4cd410c49				
602	graph-id-parameter-wrapped-contains-target-62-targeted	graph-id	graph-id-parameter-wrapped-contains	success	1	successful-latency	27875	296542	0.09400017535458721	1	877	f04b3035acb1285487cb68f126c796fd316b35c6ce630f1e71efd88436bf28f2				
603	graph-id-parameter-wrapped-contains-target-62-dense	graph-id	graph-id-parameter-wrapped-contains	success	1	successful-latency	103167	460375	0.2240934021178387	200	97449	f19574ac46a01dafc16136d9e8c4835b8d40c72753078eb8a67a1d7d438dd937				
604	graph-id-parameter-wrapped-contains-target-63-zero	graph-id	graph-id-parameter-wrapped-contains	success	1	successful-latency	30750	303459	0.10133164612023371	0	147	805c8c7334c868e18e2be84be95b83cc60895722d739c2b164a68be4cd410c49				
605	graph-id-parameter-wrapped-contains-target-63-targeted	graph-id	graph-id-parameter-wrapped-contains	success	1	successful-latency	26875	295542	0.09093462181348166	1	778	1734729b6952d2a8eff267ca86b458aa4fd5e0c703c1fa60dd66478cd3c49356				
606	graph-id-parameter-wrapped-contains-target-63-dense	graph-id	graph-id-parameter-wrapped-contains	success	1	successful-latency	86000	460958	0.1865679736548666	200	91412	082721be4b0e9234c67505fe172c638dcb4ef8924db9c6264a191473dfc4e443				
607	request-selected-source-wrapped-contains-target-00-zero	graph-parameter	request-selected-source-wrapped-contains	success	1	successful-latency	96166	265167	0.36266202053800056	0	147	805c8c7334c868e18e2be84be95b83cc60895722d739c2b164a68be4cd410c49				
608	request-selected-source-wrapped-contains-target-00-targeted	graph-parameter	request-selected-source-wrapped-contains	success	1	successful-latency	48208	285916	0.16860896207277662	10	5730	00c81103244dc6d42abdc3894d771e5a24957dcf7e5ad4d8dc686b1d7e0cb89e				
609	request-selected-source-wrapped-contains-target-00-dense	graph-parameter	request-selected-source-wrapped-contains	success	1	successful-latency	90333	419500	0.21533492252681763	200	84411	3bdee68309e62bee93f47848258ded90b1763d55841fa57d8b8fd21867653c44				
610	request-selected-source-wrapped-contains-target-01-zero	graph-parameter	request-selected-source-wrapped-contains	success	1	successful-latency	37208	263875	0.14100615821885362	0	147	805c8c7334c868e18e2be84be95b83cc60895722d739c2b164a68be4cd410c49				
611	request-selected-source-wrapped-contains-target-01-targeted	graph-parameter	request-selected-source-wrapped-contains	success	1	successful-latency	29833	264583	0.11275478772256721	1	758	b33173a678013ac093c95f3fccc5cd5af96ea18082387e1fc872de4817e234b2				
612	request-selected-source-wrapped-contains-target-01-dense	graph-parameter	request-selected-source-wrapped-contains	success	1	successful-latency	87167	435750	0.20003901319563971	200	84093	d9daf98f04e06930dfeb91ddd4e8ae597b8f9154e54ac1018db6a25ea8ddd84f				
613	request-selected-source-wrapped-contains-target-02-zero	graph-parameter	request-selected-source-wrapped-contains	success	1	successful-latency	23042	261417	0.08814269921236952	0	147	805c8c7334c868e18e2be84be95b83cc60895722d739c2b164a68be4cd410c49				
614	request-selected-source-wrapped-contains-target-02-targeted	graph-parameter	request-selected-source-wrapped-contains	success	1	successful-latency	31041	288750	0.1075012987012987	9	5751	0754b66fd035110585cc31e6af555127395a9cd85c413f0a859de6b596c3b70d				
615	request-selected-source-wrapped-contains-target-02-dense	graph-parameter	request-selected-source-wrapped-contains	success	1	successful-latency	84666	433250	0.19542065781881132	200	86930	a289774d080329d12351d967c614eae9b16190b55970a757b1f268e21aee3975				
616	request-selected-source-wrapped-contains-target-03-zero	graph-parameter	request-selected-source-wrapped-contains	success	1	successful-latency	25209	260791	0.09666361185777117	0	147	805c8c7334c868e18e2be84be95b83cc60895722d739c2b164a68be4cd410c49				
617	request-selected-source-wrapped-contains-target-03-targeted	graph-parameter	request-selected-source-wrapped-contains	success	1	successful-latency	22667	281250	0.08059377777777778	2	1333	77f2da9b0b5a99e6332b957b281149f5e269d152177e36aaa74e86db4bc23bf9				
618	request-selected-source-wrapped-contains-target-03-dense	graph-parameter	request-selected-source-wrapped-contains	success	1	successful-latency	83667	419875	0.19926644834772253	200	85151	08fbf5fde8e917175e0dca625983535621218120265897bdd0781fe99669b859				
619	request-selected-source-wrapped-contains-target-04-zero	graph-parameter	request-selected-source-wrapped-contains	success	1	successful-latency	25709	259208	0.0991828955896423	0	147	805c8c7334c868e18e2be84be95b83cc60895722d739c2b164a68be4cd410c49				
620	request-selected-source-wrapped-contains-target-04-targeted	graph-parameter	request-selected-source-wrapped-contains	success	1	successful-latency	26041	286417	0.09091988254887105	9	5762	527d81de9e8ca9f5fe9ad0166e1e1711fbccaf3c53281e7e95375f6d55e3a3c7				
621	request-selected-source-wrapped-contains-target-04-dense	graph-parameter	request-selected-source-wrapped-contains	success	1	successful-latency	261542	430042	0.6081778058887272	200	86152	85d9bac3392391ae56f1f03af81d888f398336c8e33a1ef1e42c5409f746f730				
622	request-selected-source-wrapped-contains-target-05-zero	graph-parameter	request-selected-source-wrapped-contains	success	1	successful-latency	34291	262000	0.13088167938931297	0	147	805c8c7334c868e18e2be84be95b83cc60895722d739c2b164a68be4cd410c49				
623	request-selected-source-wrapped-contains-target-05-targeted	graph-parameter	request-selected-source-wrapped-contains	success	1	successful-latency	29833	289625	0.1030056107034959	9	5751	48fbef6ae3373a73cfbd3690497aae4d0773c2f4ddadb5d217061398978bcac5				
624	request-selected-source-wrapped-contains-target-05-dense	graph-parameter	request-selected-source-wrapped-contains	success	1	successful-latency	99209	454959	0.2180614077312461	200	90860	57ae61ccbdbf1e83a9ab8de2923c4ac26bcc634ed53a2f1c1a3ee3682afe8cd8				
625	request-selected-source-wrapped-contains-target-06-zero	graph-parameter	request-selected-source-wrapped-contains	success	1	successful-latency	27333	287750	0.0949887054735013	0	147	805c8c7334c868e18e2be84be95b83cc60895722d739c2b164a68be4cd410c49				
626	request-selected-source-wrapped-contains-target-06-targeted	graph-parameter	request-selected-source-wrapped-contains	success	1	successful-latency	24042	278916	0.0861979950952975	1	734	2c8962bfda6df26238f145f32f089e1ccdb69cc26ea9c2fde590f543638ba060				
627	request-selected-source-wrapped-contains-target-06-dense	graph-parameter	request-selected-source-wrapped-contains	success	1	successful-latency	84042	426000	0.19728169014084507	200	83941	f7f169fb4cd9a2408b058d9e03502907fe0d9372ba70f2f3749aeaffa464e292				
628	request-selected-source-wrapped-contains-target-07-zero	graph-parameter	request-selected-source-wrapped-contains	success	1	successful-latency	20500	268667	0.07630263486025451	0	147	805c8c7334c868e18e2be84be95b83cc60895722d739c2b164a68be4cd410c49				
629	request-selected-source-wrapped-contains-target-07-targeted	graph-parameter	request-selected-source-wrapped-contains	success	1	successful-latency	27125	267333	0.10146521379702468	1	762	d5674d7adcd2d58f93c5f2849f690003bc45d523850181c23ceaa0aacd7e6709				
630	request-selected-source-wrapped-contains-target-07-dense	graph-parameter	request-selected-source-wrapped-contains	success	1	successful-latency	104750	416167	0.2517018408475444	200	84999	35604ee2a3d19ee64c97fa99f4be154714c60028f948c7a23f75b925d4520a5d				
631	request-selected-source-wrapped-contains-target-08-zero	graph-parameter	request-selected-source-wrapped-contains	success	1	successful-latency	21250	268500	0.07914338919925512	0	147	805c8c7334c868e18e2be84be95b83cc60895722d739c2b164a68be4cd410c49				
632	request-selected-source-wrapped-contains-target-08-targeted	graph-parameter	request-selected-source-wrapped-contains	success	1	successful-latency	24541	268125	0.09152820512820513	2	1322	4b49b28d836e57c2c3f8d43a93acd00a93b169fcd603338f9ab350f541e9665c				
633	request-selected-source-wrapped-contains-target-08-dense	graph-parameter	request-selected-source-wrapped-contains	success	1	successful-latency	73625	433042	0.17001815066436973	200	85531	ed34441ff634f19c276911a1fa193106a9070fde1065b57fc7ec71132b8d5f66				
634	request-selected-source-wrapped-contains-target-09-zero	graph-parameter	request-selected-source-wrapped-contains	success	1	successful-latency	18583	282667	0.06574166775746727	0	147	805c8c7334c868e18e2be84be95b83cc60895722d739c2b164a68be4cd410c49				
635	request-selected-source-wrapped-contains-target-09-targeted	graph-parameter	request-selected-source-wrapped-contains	success	1	successful-latency	34333	272875	0.12581951442968392	1	758	cd83129b7654f9c1ac40c94032a03833f5b559e4d6d903ce58c899d274674334				
636	request-selected-source-wrapped-contains-target-09-dense	graph-parameter	request-selected-source-wrapped-contains	success	1	successful-latency	83667	428666	0.1951799302953815	200	84710	8302a9dc08d5cf465b56333dad5757a62c24d743692acbdbf8e81919ebd097a0				
637	request-selected-source-wrapped-contains-target-10-zero	graph-parameter	request-selected-source-wrapped-contains	success	1	successful-latency	29166	274500	0.10625136612021858	0	147	805c8c7334c868e18e2be84be95b83cc60895722d739c2b164a68be4cd410c49				
638	request-selected-source-wrapped-contains-target-10-targeted	graph-parameter	request-selected-source-wrapped-contains	success	1	successful-latency	35500	292625	0.12131567706108501	1	821	f3f4d5fb39ff9fde7dcf6d88e4f52bcc4c277ed98626ccca0b17c4ddbb20b035				
639	request-selected-source-wrapped-contains-target-10-dense	graph-parameter	request-selected-source-wrapped-contains	success	1	successful-latency	80000	427375	0.18718923661889442	200	86914	eec30bd784e53b80ccd384559e9d1f853b8152ad8db90ad1f27d391bf03fc0d8				
640	request-selected-source-wrapped-contains-target-11-zero	graph-parameter	request-selected-source-wrapped-contains	success	1	successful-latency	23875	264291	0.0903360311172155	0	147	805c8c7334c868e18e2be84be95b83cc60895722d739c2b164a68be4cd410c49				
641	request-selected-source-wrapped-contains-target-11-targeted	graph-parameter	request-selected-source-wrapped-contains	success	1	successful-latency	27417	277375	0.09884452456061289	1	758	f8ea31527e372a7d8e0f896bc894b97d788067aa20d0af371a4239382f72a4d1				
642	request-selected-source-wrapped-contains-target-11-dense	graph-parameter	request-selected-source-wrapped-contains	success	1	successful-latency	87542	458583	0.19089674061184125	200	84862	36598e3ab73085dce50e849dda8b6a32b1088eab3f02f052e9536f16613b5d4b				
643	request-selected-source-wrapped-contains-target-12-zero	graph-parameter	request-selected-source-wrapped-contains	success	1	successful-latency	28542	277625	0.10280774425934264	0	147	805c8c7334c868e18e2be84be95b83cc60895722d739c2b164a68be4cd410c49				
644	request-selected-source-wrapped-contains-target-12-targeted	graph-parameter	request-selected-source-wrapped-contains	success	1	successful-latency	32291	266125	0.12133771723813998	2	1348	569ba2c2d8626f5c6804b713aa9f9bd5155648246e0bb082ab37cf407a3ccee9				
645	request-selected-source-wrapped-contains-target-12-dense	graph-parameter	request-selected-source-wrapped-contains	success	1	successful-latency	77583	457542	0.16956476126781803	200	85894	f22afa8ccaad259750ce50e850502822308b2565f707f284de32cd44d5ef328a				
646	request-selected-source-wrapped-contains-target-13-zero	graph-parameter	request-selected-source-wrapped-contains	success	1	successful-latency	26250	270375	0.0970873786407767	0	147	805c8c7334c868e18e2be84be95b83cc60895722d739c2b164a68be4cd410c49				
647	request-selected-source-wrapped-contains-target-13-targeted	graph-parameter	request-selected-source-wrapped-contains	success	1	successful-latency	27417	279750	0.09800536193029491	5	2824	ebb699b5b0554cc639408add00ca9d9aae37f3553c5e6ea606cb7e66e171933f				
648	request-selected-source-wrapped-contains-target-13-dense	graph-parameter	request-selected-source-wrapped-contains	success	1	successful-latency	76416	442000	0.1728868778280543	200	86344	2e714969993f2a86ba5c715dc52b2c7d6dbaed9b2320da2399ecdf29ec9f1e4e				
649	request-selected-source-wrapped-contains-target-14-zero	graph-parameter	request-selected-source-wrapped-contains	success	1	successful-latency	22375	277791	0.08054616600249828	0	147	805c8c7334c868e18e2be84be95b83cc60895722d739c2b164a68be4cd410c49				
650	request-selected-source-wrapped-contains-target-14-targeted	graph-parameter	request-selected-source-wrapped-contains	success	1	successful-latency	24375	285584	0.08535142024763293	3	1887	cfce92c06f8a0a93444f0ec3592aad57c255799cc7a1286e673f5c8cc3173d20				
651	request-selected-source-wrapped-contains-target-14-dense	graph-parameter	request-selected-source-wrapped-contains	success	1	successful-latency	74542	431084	0.1729175752289577	200	88102	f384f54b9e0494c603dd9e83eb2ca0ad0386a359a2e1d6a356e225c072977e41				
652	request-selected-source-wrapped-contains-target-15-zero	graph-parameter	request-selected-source-wrapped-contains	success	1	successful-latency	30334	273625	0.11085975331201461	0	147	805c8c7334c868e18e2be84be95b83cc60895722d739c2b164a68be4cd410c49				
653	request-selected-source-wrapped-contains-target-15-targeted	graph-parameter	request-selected-source-wrapped-contains	success	1	successful-latency	20333	268333	0.07577524941024771	1	765	ae20f86c5a0d43140079bdbb52041ad145178823d6189b8171bbe58dc0d82dcc				
654	request-selected-source-wrapped-contains-target-15-dense	graph-parameter	request-selected-source-wrapped-contains	success	1	successful-latency	72875	431917	0.16872454661428005	200	82358	6db1e45464dd1e42fc627a3ee68393b586d132e4817f87f1da72cb180e7925bb				
655	request-selected-source-wrapped-contains-target-16-zero	graph-parameter	request-selected-source-wrapped-contains	success	1	successful-latency	21375	264583	0.08078750335433493	0	147	805c8c7334c868e18e2be84be95b83cc60895722d739c2b164a68be4cd410c49				
656	request-selected-source-wrapped-contains-target-16-targeted	graph-parameter	request-selected-source-wrapped-contains	success	1	successful-latency	26208	273917	0.09567861797551813	1	771	41ad9b5110585bc89df35b9d0a0c6bd66daaf6c239b4212552d078b2f2a28c34				
657	request-selected-source-wrapped-contains-target-16-dense	graph-parameter	request-selected-source-wrapped-contains	success	1	successful-latency	75125	438583	0.17129026888867102	200	94237	51b180cd96740a311cc61165baa84cc05517b2f28ac6c70debc25f8e14514414				
658	request-selected-source-wrapped-contains-target-17-zero	graph-parameter	request-selected-source-wrapped-contains	success	1	successful-latency	19458	255709	0.07609431032931965	0	147	805c8c7334c868e18e2be84be95b83cc60895722d739c2b164a68be4cd410c49				
659	request-selected-source-wrapped-contains-target-17-targeted	graph-parameter	request-selected-source-wrapped-contains	success	1	successful-latency	24333	292167	0.08328455985788949	5	2976	7d286938fe2f40cd4cb86cd26be11c3221bfff86202fa9b705bdc1c77967743f				
660	request-selected-source-wrapped-contains-target-17-dense	graph-parameter	request-selected-source-wrapped-contains	success	1	successful-latency	78500	424042	0.18512317176128779	200	92381	87c915d88746be4a40b85e67e7de71966365a455358cc138185e5c1f5bcf1251				
661	request-selected-source-wrapped-contains-target-18-zero	graph-parameter	request-selected-source-wrapped-contains	success	1	successful-latency	23125	269042	0.08595312256078977	0	147	805c8c7334c868e18e2be84be95b83cc60895722d739c2b164a68be4cd410c49				
662	request-selected-source-wrapped-contains-target-18-targeted	graph-parameter	request-selected-source-wrapped-contains	success	1	successful-latency	26792	293959	0.09114196197428893	12	6781	abf0682228739bdef1eb0d4b5b1449d7697f9412e644bd07a974f6e04213652e				
663	request-selected-source-wrapped-contains-target-18-dense	graph-parameter	request-selected-source-wrapped-contains	success	1	successful-latency	77250	432709	0.17852644617976515	200	95198	7d65fbc43e0cf8a1d4323c709e6963c32bdea3f389f5b683f619eee1fd79dc90				
664	request-selected-source-wrapped-contains-target-19-zero	graph-parameter	request-selected-source-wrapped-contains	success	1	successful-latency	23125	268458	0.0861401038523717	0	147	805c8c7334c868e18e2be84be95b83cc60895722d739c2b164a68be4cd410c49				
665	request-selected-source-wrapped-contains-target-19-targeted	graph-parameter	request-selected-source-wrapped-contains	success	1	successful-latency	24750	296750	0.08340353833192923	11	6327	72232d5a8299b69c619beb4cebd0967a4ca8f1378844d7914f795f7c5126cc48				
666	request-selected-source-wrapped-contains-target-19-dense	graph-parameter	request-selected-source-wrapped-contains	success	1	successful-latency	75709	430125	0.17601627433885497	200	96673	6ab8193cda24a8f589b0e7412ffcc3549afc3180a092c899437bb3ef2f8324ef				
667	request-selected-source-wrapped-contains-target-20-zero	graph-parameter	request-selected-source-wrapped-contains	success	1	successful-latency	22875	257750	0.08874878758486907	0	147	805c8c7334c868e18e2be84be95b83cc60895722d739c2b164a68be4cd410c49				
668	request-selected-source-wrapped-contains-target-20-targeted	graph-parameter	request-selected-source-wrapped-contains	success	1	successful-latency	21042	268292	0.07842947236592966	1	763	7811e1c0f64fb9174b112349d7a5f89fec8a71f59a6b66db3b1e97241f5dc93c				
669	request-selected-source-wrapped-contains-target-20-dense	graph-parameter	request-selected-source-wrapped-contains	success	1	successful-latency	78042	436000	0.1789954128440367	200	91604	a93cd6116bda146e01916f4ab7d54aa664da5b5c2287de109c82d6c48fcd38f8				
670	request-selected-source-wrapped-contains-target-21-zero	graph-parameter	request-selected-source-wrapped-contains	success	1	successful-latency	20667	258291	0.08001440236012869	0	147	805c8c7334c868e18e2be84be95b83cc60895722d739c2b164a68be4cd410c49				
671	request-selected-source-wrapped-contains-target-21-targeted	graph-parameter	request-selected-source-wrapped-contains	success	1	successful-latency	23958	275708	0.08689628157325867	1	765	1cf450577b12b3b6a7c19f53479709a92a169add0c4f9defecbc55254bf8d5b3				
672	request-selected-source-wrapped-contains-target-21-dense	graph-parameter	request-selected-source-wrapped-contains	success	1	successful-latency	78041	427375	0.18260544018718924	200	96334	eb6b03599a26f520b43896ee6af6cb6d2a3ec0783b66a0bcb29642b029a4b6eb				
673	request-selected-source-wrapped-contains-target-22-zero	graph-parameter	request-selected-source-wrapped-contains	success	1	successful-latency	25750	268208	0.09600757620950903	0	147	805c8c7334c868e18e2be84be95b83cc60895722d739c2b164a68be4cd410c49				
674	request-selected-source-wrapped-contains-target-22-targeted	graph-parameter	request-selected-source-wrapped-contains	success	1	successful-latency	22333	279416	0.0799274200475277	11	6331	43d88524d9da26840d520d8260a6801a2d864c2023e9806c3df4a5e673a5fd66				
675	request-selected-source-wrapped-contains-target-22-dense	graph-parameter	request-selected-source-wrapped-contains	success	1	successful-latency	86417	445708	0.1938870291760525	200	98397	b1cc908cf8cd6a2354b320afca9ad225990c59be93a53ddc3912afb3b0d46d7b				
676	request-selected-source-wrapped-contains-target-23-zero	graph-parameter	request-selected-source-wrapped-contains	success	1	successful-latency	23584	263791	0.08940411158834077	0	147	805c8c7334c868e18e2be84be95b83cc60895722d739c2b164a68be4cd410c49				
677	request-selected-source-wrapped-contains-target-23-targeted	graph-parameter	request-selected-source-wrapped-contains	success	1	successful-latency	27167	287416	0.09452152976869764	11	6135	718b52d4d32659cb9b39b84bdb87d6226a9be4436e73fa316936d1333dfa50c0				
678	request-selected-source-wrapped-contains-target-23-dense	graph-parameter	request-selected-source-wrapped-contains	success	1	successful-latency	75375	436208	0.17279600557532188	200	95056	d5aa9163a912371065002f30549de9cefea57af859f009a275e381b0a849633e				
679	request-selected-source-wrapped-contains-target-24-zero	graph-parameter	request-selected-source-wrapped-contains	success	1	successful-latency	36833	260250	0.14152929875120077	0	147	805c8c7334c868e18e2be84be95b83cc60895722d739c2b164a68be4cd410c49				
680	request-selected-source-wrapped-contains-target-24-targeted	graph-parameter	request-selected-source-wrapped-contains	success	1	successful-latency	41667	281750	0.14788642413487135	1	754	033650595463ffba6f1f515fc8a38ba023fdd37a0e2442442be40f2d8baee0b4				
681	request-selected-source-wrapped-contains-target-24-dense	graph-parameter	request-selected-source-wrapped-contains	success	1	successful-latency	81125	438792	0.1848825867381356	200	96144	13cc3d04be15c5d98101b6676211e0260c08571becd6cbc7be1dcfad1b7efce8				
682	request-selected-source-wrapped-contains-target-25-zero	graph-parameter	request-selected-source-wrapped-contains	success	1	successful-latency	24500	260584	0.09401958677432229	0	147	805c8c7334c868e18e2be84be95b83cc60895722d739c2b164a68be4cd410c49				
683	request-selected-source-wrapped-contains-target-25-targeted	graph-parameter	request-selected-source-wrapped-contains	success	1	successful-latency	35125	302125	0.11625982623086471	17	9434	57a7fb26e2c1557848eddaabb17076d92c9b2ef2e0ff6b92be3de4374fe1fa9b				
684	request-selected-source-wrapped-contains-target-25-dense	graph-parameter	request-selected-source-wrapped-contains	success	1	successful-latency	69583	431041	0.16143011917659805	200	90260	d606d19bfcb83b224b953bd70176bc52dc06d427ef6ab3d0cc311bc6ed6fc260				
685	request-selected-source-wrapped-contains-target-26-zero	graph-parameter	request-selected-source-wrapped-contains	success	1	successful-latency	25458	270500	0.09411460258780037	0	147	805c8c7334c868e18e2be84be95b83cc60895722d739c2b164a68be4cd410c49				
686	request-selected-source-wrapped-contains-target-26-targeted	graph-parameter	request-selected-source-wrapped-contains	success	1	successful-latency	48708	282875	0.17218912947414935	1	791	550bd45f802381cb65ea30928a856fc0c2bc207cbfc2a147aad4312130548c9a				
687	request-selected-source-wrapped-contains-target-26-dense	graph-parameter	request-selected-source-wrapped-contains	success	1	successful-latency	87833	454417	0.1932872229692111	200	96089	d0bdae62973cb737c05eda37d83d6fd7dea4520a7f87acdd4ed9a2fba1f97888				
688	request-selected-source-wrapped-contains-target-27-zero	graph-parameter	request-selected-source-wrapped-contains	success	1	successful-latency	27125	294000	0.09226190476190477	0	147	805c8c7334c868e18e2be84be95b83cc60895722d739c2b164a68be4cd410c49				
689	request-selected-source-wrapped-contains-target-27-targeted	graph-parameter	request-selected-source-wrapped-contains	success	1	successful-latency	49000	293542	0.16692670895476627	14	8030	e1858d468e2cee9daff29f91791894b539cc1c9bfb8d57bb0eaa364a24ec0f04				
690	request-selected-source-wrapped-contains-target-27-dense	graph-parameter	request-selected-source-wrapped-contains	success	1	successful-latency	78958	452750	0.1743964660408614	200	95559	bcb492a91a247979acd291eaea381c0db6d952c0baff29193145ae7356b00907				
691	request-selected-source-wrapped-contains-target-28-zero	graph-parameter	request-selected-source-wrapped-contains	success	1	successful-latency	27208	273667	0.09942009814847973	0	147	805c8c7334c868e18e2be84be95b83cc60895722d739c2b164a68be4cd410c49				
692	request-selected-source-wrapped-contains-target-28-targeted	graph-parameter	request-selected-source-wrapped-contains	success	1	successful-latency	24833	285750	0.08690463692038496	12	6370	8871e0dc77f7df7110f742adaac439b8d2f4e912a3a21e1793fda026e0955f9b				
693	request-selected-source-wrapped-contains-target-28-dense	graph-parameter	request-selected-source-wrapped-contains	success	1	successful-latency	81250	427750	0.18994739918176504	200	101142	3ec255435f1804ca883e61ce69218b0c9b6812e5f4d6241be813f3a04980ff78				
694	request-selected-source-wrapped-contains-target-29-zero	graph-parameter	request-selected-source-wrapped-contains	success	1	successful-latency	20917	272125	0.07686541111621498	0	147	805c8c7334c868e18e2be84be95b83cc60895722d739c2b164a68be4cd410c49				
695	request-selected-source-wrapped-contains-target-29-targeted	graph-parameter	request-selected-source-wrapped-contains	success	1	successful-latency	24167	265458	0.09103888374055406	1	759	7c9cbf2db3468e4d9ec5f9ce37c29746bb3071949804d250165a0310edd3182c				
696	request-selected-source-wrapped-contains-target-29-dense	graph-parameter	request-selected-source-wrapped-contains	success	1	successful-latency	74083	437583	0.16930045271411368	200	96005	cb6245f16fc1df4cadc32295db3c94d74d99d6ac24ca00ba686085574c3842f9				
697	request-selected-source-wrapped-contains-target-30-zero	graph-parameter	request-selected-source-wrapped-contains	success	1	successful-latency	21708	260250	0.0834121037463977	0	147	805c8c7334c868e18e2be84be95b83cc60895722d739c2b164a68be4cd410c49				
698	request-selected-source-wrapped-contains-target-30-targeted	graph-parameter	request-selected-source-wrapped-contains	success	1	successful-latency	27417	282500	0.09705132743362832	10	5866	c85815e1257e7d89a547803b839a8fa3d5c32a25ad93fc4df95c67dd0df38386				
699	request-selected-source-wrapped-contains-target-30-dense	graph-parameter	request-selected-source-wrapped-contains	success	1	successful-latency	97042	426250	0.22766451612903227	200	95471	766b9ef7e8ecf0adce38af75461cc8c431950c6a78cf29871668bb82bbc59681				
700	request-selected-source-wrapped-contains-target-31-zero	graph-parameter	request-selected-source-wrapped-contains	success	1	successful-latency	38667	272791	0.1417458787130074	0	147	805c8c7334c868e18e2be84be95b83cc60895722d739c2b164a68be4cd410c49				
701	request-selected-source-wrapped-contains-target-31-targeted	graph-parameter	request-selected-source-wrapped-contains	success	1	successful-latency	24208	271792	0.08906811090834167	1	779	5b2641a56fc0d1ce3cad560f98de3ab642d893c5f6c2be5bb57444732d364805				
702	request-selected-source-wrapped-contains-target-31-dense	graph-parameter	request-selected-source-wrapped-contains	success	1	successful-latency	91500	441583	0.20720906375471881	200	90493	6cea2d1b1fba9817e31904018fa5ce3734b41bb641feab5c7c6849206b05e3c1				
703	request-selected-source-wrapped-contains-target-32-zero	graph-parameter	request-selected-source-wrapped-contains	success	1	successful-latency	21750	277125	0.07848443843031123	0	147	805c8c7334c868e18e2be84be95b83cc60895722d739c2b164a68be4cd410c49				
704	request-selected-source-wrapped-contains-target-32-targeted	graph-parameter	request-selected-source-wrapped-contains	success	1	successful-latency	22125	286125	0.07732634338138926	4	2862	72e96499d86d64ae9da267f3b15791817d4250f06a8dfea9d09edd8c3c23a440				
705	request-selected-source-wrapped-contains-target-32-dense	graph-parameter	request-selected-source-wrapped-contains	success	1	successful-latency	86542	460667	0.18786238215457152	200	92864	0ad6a5ae10cb27d8dd28af205e0df8ebd79b3e1ca0079c8c876100ee108fc38d				
706	request-selected-source-wrapped-contains-target-33-zero	graph-parameter	request-selected-source-wrapped-contains	success	1	successful-latency	22375	258250	0.0866408518877057	0	147	805c8c7334c868e18e2be84be95b83cc60895722d739c2b164a68be4cd410c49				
707	request-selected-source-wrapped-contains-target-33-targeted	graph-parameter	request-selected-source-wrapped-contains	success	1	successful-latency	20875	279792	0.07460899525361697	4	2862	5436abb5d5a82ddf1b71cf6459ce0de5fe56d25b825b58b20bbe8cace9e3cde7				
708	request-selected-source-wrapped-contains-target-33-dense	graph-parameter	request-selected-source-wrapped-contains	success	1	successful-latency	68750	465292	0.1477566775272302	200	92578	e10f119cab32a77f2d8107211e2addcc69d3ab151ee08f60199ff7a8db9b6a1c				
709	request-selected-source-wrapped-contains-target-34-zero	graph-parameter	request-selected-source-wrapped-contains	success	1	successful-latency	23125	258459	0.0894726049392747	0	147	805c8c7334c868e18e2be84be95b83cc60895722d739c2b164a68be4cd410c49				
710	request-selected-source-wrapped-contains-target-34-targeted	graph-parameter	request-selected-source-wrapped-contains	success	1	successful-latency	23750	284291	0.08354116028998455	4	2883	e83a01bd4b4e8f51ba0c51a53e73f87ec8dd6170bd60b37ef57b4eb9aba8bcc7				
711	request-selected-source-wrapped-contains-target-34-dense	graph-parameter	request-selected-source-wrapped-contains	success	1	successful-latency	83375	439166	0.18984848553849798	200	94183	b06f89a813919b2f4278637c18773fe7508c48351caa08a76cefe1f54c9b7715				
712	request-selected-source-wrapped-contains-target-35-zero	graph-parameter	request-selected-source-wrapped-contains	success	1	successful-latency	28917	274625	0.10529631315430132	0	147	805c8c7334c868e18e2be84be95b83cc60895722d739c2b164a68be4cd410c49				
713	request-selected-source-wrapped-contains-target-35-targeted	graph-parameter	request-selected-source-wrapped-contains	success	1	successful-latency	25166	280667	0.08966497664492085	1	771	134378d176ef9559b3b9b40557762648c5aa55be889ba8cb2e7f752130b85ab7				
714	request-selected-source-wrapped-contains-target-35-dense	graph-parameter	request-selected-source-wrapped-contains	success	1	successful-latency	75500	437917	0.17240709997556614	200	91613	71eca3baa7c5adda9a19daaba5b66d08f4d30beebcfc1f6f8f3125a009484e93				
715	request-selected-source-wrapped-contains-target-36-zero	graph-parameter	request-selected-source-wrapped-contains	success	1	successful-latency	23084	263333	0.08766087045679805	0	147	805c8c7334c868e18e2be84be95b83cc60895722d739c2b164a68be4cd410c49				
716	request-selected-source-wrapped-contains-target-36-targeted	graph-parameter	request-selected-source-wrapped-contains	success	1	successful-latency	22125	282834	0.0782260972867477	1	795	6f5022183da52ea8cb963f17c4b86a6270dc9bfe0ca358e5ec7d6bdf4c95879f				
717	request-selected-source-wrapped-contains-target-36-dense	graph-parameter	request-selected-source-wrapped-contains	success	1	successful-latency	71167	430833	0.16518465391462586	200	91716	5d2df55fe9df550bd17a462dbec1bd958f7c0d5940c160537976ecc80d5cb22f				
718	request-selected-source-wrapped-contains-target-37-zero	graph-parameter	request-selected-source-wrapped-contains	success	1	successful-latency	22084	269708	0.08188114553517137	0	147	805c8c7334c868e18e2be84be95b83cc60895722d739c2b164a68be4cd410c49				
719	request-selected-source-wrapped-contains-target-37-targeted	graph-parameter	request-selected-source-wrapped-contains	success	1	successful-latency	37667	319792	0.1177859358583079	51	31472	b9433fbd59011f3771f14c8abacb0cbca913b3ccb9b85649a8f98d4c6f628703				
720	request-selected-source-wrapped-contains-target-37-dense	graph-parameter	request-selected-source-wrapped-contains	success	1	successful-latency	73083	407417	0.17938132183978578	200	91795	dbb6e258143695218279e10cbea2bf21ad0c5b1330a8fc3e3470b176ae0b6f42				
721	request-selected-source-wrapped-contains-target-38-zero	graph-parameter	request-selected-source-wrapped-contains	success	1	successful-latency	22709	263000	0.08634600760456274	0	147	805c8c7334c868e18e2be84be95b83cc60895722d739c2b164a68be4cd410c49				
722	request-selected-source-wrapped-contains-target-38-targeted	graph-parameter	request-selected-source-wrapped-contains	success	1	successful-latency	23125	272833	0.08475880850190409	1	801	6e224732564976ab3ad1b488a2dcb0c2a2f84050ab25d529f41b87f4de3c406c				
723	request-selected-source-wrapped-contains-target-38-dense	graph-parameter	request-selected-source-wrapped-contains	success	1	successful-latency	75375	419334	0.17974931677374123	200	92968	77adda61bf8a66745500e9e1b739302ae425b75af5d5199095bd9c0f56151e04				
724	request-selected-source-wrapped-contains-target-39-zero	graph-parameter	request-selected-source-wrapped-contains	success	1	successful-latency	24417	275375	0.08866817975487971	0	147	805c8c7334c868e18e2be84be95b83cc60895722d739c2b164a68be4cd410c49				
725	request-selected-source-wrapped-contains-target-39-targeted	graph-parameter	request-selected-source-wrapped-contains	success	1	successful-latency	22042	292250	0.07542172797262618	4	2855	db8e5b7500b38c30ff9ca554407e1c3f066cc32ce80520e31c63fe8f4f34048e				
726	request-selected-source-wrapped-contains-target-39-dense	graph-parameter	request-selected-source-wrapped-contains	success	1	successful-latency	74583	427167	0.17459916145207846	200	91298	153dc7ab9d3d22961d16bfae52d0b5cd4c7d97177e0e57e7c086294f37d00f0f				
727	request-selected-source-wrapped-contains-target-40-zero	graph-parameter	request-selected-source-wrapped-contains	success	1	successful-latency	41333	263917	0.15661363231622064	0	147	805c8c7334c868e18e2be84be95b83cc60895722d739c2b164a68be4cd410c49				
728	request-selected-source-wrapped-contains-target-40-targeted	graph-parameter	request-selected-source-wrapped-contains	success	1	successful-latency	29333	276250	0.10618280542986425	4	2911	6520445594f6fc1d080f2e441beea159540f21b52c555b515dbd7ba1fee2a37f				
729	request-selected-source-wrapped-contains-target-40-dense	graph-parameter	request-selected-source-wrapped-contains	success	1	successful-latency	75708	423291	0.17885568084367492	200	95189	6547ed796970ad3186785ae6dc7d6b1328d226d1878e5144fdb98c21fcba06f9				
730	request-selected-source-wrapped-contains-target-41-zero	graph-parameter	request-selected-source-wrapped-contains	success	1	successful-latency	21750	258542	0.08412559661486335	0	147	805c8c7334c868e18e2be84be95b83cc60895722d739c2b164a68be4cd410c49				
731	request-selected-source-wrapped-contains-target-41-targeted	graph-parameter	request-selected-source-wrapped-contains	success	1	successful-latency	32292	285292	0.11318929377620122	4	2883	42fd2fd2ff37d34c0cfb2146cde4be9387147a4cc07443bd58969c3f1e25556e				
732	request-selected-source-wrapped-contains-target-41-dense	graph-parameter	request-selected-source-wrapped-contains	success	1	successful-latency	84666	446167	0.1897630259521659	200	92146	1d23f5a918b6a408d8eae300e7aa799801aecc62fcc85667af567e3c95156cb9				
733	request-selected-source-wrapped-contains-target-42-zero	graph-parameter	request-selected-source-wrapped-contains	success	1	successful-latency	24417	266375	0.0916640075082121	0	147	805c8c7334c868e18e2be84be95b83cc60895722d739c2b164a68be4cd410c49				
734	request-selected-source-wrapped-contains-target-42-targeted	graph-parameter	request-selected-source-wrapped-contains	success	1	successful-latency	45958	337333	0.13623926505856232	63	39077	2d20a012ee335ff72d99f67135e1ac36defbca676c07a298d3df15c7c1e33f7d				
735	request-selected-source-wrapped-contains-target-42-dense	graph-parameter	request-selected-source-wrapped-contains	success	1	successful-latency	76542	429292	0.17829822125732603	200	93248	bd7a2cfc84011237aca413f8fd4b6ee9130043dc1530bc214cc965d935dc3d88				
736	request-selected-source-wrapped-contains-target-43-zero	graph-parameter	request-selected-source-wrapped-contains	success	1	successful-latency	24083	258917	0.0930143636763905	0	147	805c8c7334c868e18e2be84be95b83cc60895722d739c2b164a68be4cd410c49				
737	request-selected-source-wrapped-contains-target-43-targeted	graph-parameter	request-selected-source-wrapped-contains	success	1	successful-latency	20584	271125	0.07592070078377132	4	2743	a7aaae25732eb3fc39e7e9697120f6a4534e52262fb153e4201e51d7b31e4606				
738	request-selected-source-wrapped-contains-target-43-dense	graph-parameter	request-selected-source-wrapped-contains	success	1	successful-latency	69750	428625	0.16272965879265092	200	94063	f5c81d8aabcfe449e1a20e1133f0ce5a6c25cde54cfb7e82531ff93f87b6f89e				
739	request-selected-source-wrapped-contains-target-44-zero	graph-parameter	request-selected-source-wrapped-contains	success	1	successful-latency	24125	255833	0.09429979713328616	0	147	805c8c7334c868e18e2be84be95b83cc60895722d739c2b164a68be4cd410c49				
740	request-selected-source-wrapped-contains-target-44-targeted	graph-parameter	request-selected-source-wrapped-contains	success	1	successful-latency	21500	286375	0.07507638585770406	4	2890	b8c7750587d3cb95373de074cba017cf14e5d85811bfc8cc2b49fa06615dc14f				
741	request-selected-source-wrapped-contains-target-44-dense	graph-parameter	request-selected-source-wrapped-contains	success	1	successful-latency	79791	431167	0.18505822569909108	200	90517	901cb7ad5a7cef604f7264d87d81f85a7b3e521b0175839dd61f15fa140b58cf				
742	request-selected-source-wrapped-contains-target-45-zero	graph-parameter	request-selected-source-wrapped-contains	success	1	successful-latency	22875	264292	0.08655199552010655	0	147	805c8c7334c868e18e2be84be95b83cc60895722d739c2b164a68be4cd410c49				
743	request-selected-source-wrapped-contains-target-45-targeted	graph-parameter	request-selected-source-wrapped-contains	success	1	successful-latency	24666	283000	0.08715901060070672	1	807	7a2ea6e6b7c61f333c01be975226570ddf428683fdf6c4eb419e09457718acf9				
744	request-selected-source-wrapped-contains-target-45-dense	graph-parameter	request-selected-source-wrapped-contains	success	1	successful-latency	74542	419292	0.17778063974509412	200	92534	8ce2fca3adf975e2913f1d7a0f91465f04ef5e5cdbaaa1f51ca68901be616480				
745	request-selected-source-wrapped-contains-target-46-zero	graph-parameter	request-selected-source-wrapped-contains	success	1	successful-latency	25125	287625	0.08735332464146023	0	147	805c8c7334c868e18e2be84be95b83cc60895722d739c2b164a68be4cd410c49				
746	request-selected-source-wrapped-contains-target-46-targeted	graph-parameter	request-selected-source-wrapped-contains	success	1	successful-latency	39750	323666	0.12281178745991238	45	27605	5de372ca8e19ec486456452fc7bd2d9f18c4d7b0beb5e238b24073911e1d2e3a				
747	request-selected-source-wrapped-contains-target-46-dense	graph-parameter	request-selected-source-wrapped-contains	success	1	successful-latency	87208	454917	0.1917009036813309	200	96641	3ad39c9167b00424c5957087068cab90d47268c9063b8d9e565113275edd98c8				
748	request-selected-source-wrapped-contains-target-47-zero	graph-parameter	request-selected-source-wrapped-contains	success	1	successful-latency	20333	264041	0.07700697997659454	0	147	805c8c7334c868e18e2be84be95b83cc60895722d739c2b164a68be4cd410c49				
749	request-selected-source-wrapped-contains-target-47-targeted	graph-parameter	request-selected-source-wrapped-contains	success	1	successful-latency	41459	334791	0.12383546750061979	66	40159	fcfc173325ae104971344d6daea93c8089a472f712f938cfbd16c519ba82c551				
750	request-selected-source-wrapped-contains-target-47-dense	graph-parameter	request-selected-source-wrapped-contains	success	1	successful-latency	93292	430750	0.21658038305281485	200	97359	d162ad37d2e7b659e55cddb63b7d42e922fbd2396ae9679f7648226751bb7a13				
751	request-selected-source-wrapped-contains-target-48-zero	graph-parameter	request-selected-source-wrapped-contains	success	1	successful-latency	28875	265167	0.1088936406113883	0	147	805c8c7334c868e18e2be84be95b83cc60895722d739c2b164a68be4cd410c49				
752	request-selected-source-wrapped-contains-target-48-targeted	graph-parameter	request-selected-source-wrapped-contains	success	1	successful-latency	29459	289792	0.10165567027385158	10	6351	274597a5e0e535d6581734920f9ffbc39062a84a13ad9d85823a8f12df219dfd				
753	request-selected-source-wrapped-contains-target-48-dense	graph-parameter	request-selected-source-wrapped-contains	success	1	successful-latency	76292	443917	0.17186095598952056	200	97301	4abd067ea3c7496241f2623586a132809a81e33bd08c7645b717be3ee7ee2542				
754	request-selected-source-wrapped-contains-target-49-zero	graph-parameter	request-selected-source-wrapped-contains	success	1	successful-latency	23500	269125	0.08732001857872736	0	147	805c8c7334c868e18e2be84be95b83cc60895722d739c2b164a68be4cd410c49				
755	request-selected-source-wrapped-contains-target-49-targeted	graph-parameter	request-selected-source-wrapped-contains	success	1	successful-latency	23875	276333	0.08639938045763626	4	2598	d72c68d3fe0e8e0257e28136dfcba3f279a31d304b51dc9611dfa7b0f16169a8				
756	request-selected-source-wrapped-contains-target-49-dense	graph-parameter	request-selected-source-wrapped-contains	success	1	successful-latency	78042	425125	0.1835742428697442	200	95854	6848b85ce01299f2ea05bcca3edaa8c69792c61113aeaea43a401f01793bb61d				
757	request-selected-source-wrapped-contains-target-50-zero	graph-parameter	request-selected-source-wrapped-contains	success	1	successful-latency	23667	255542	0.09261491261710404	0	147	805c8c7334c868e18e2be84be95b83cc60895722d739c2b164a68be4cd410c49				
758	request-selected-source-wrapped-contains-target-50-targeted	graph-parameter	request-selected-source-wrapped-contains	success	1	successful-latency	21333	266125	0.08016157820573039	1	791	85dd6bfd8cfa28628294c822275e5bb7a279ea8142c47ff362a55c060e68da37				
759	request-selected-source-wrapped-contains-target-50-dense	graph-parameter	request-selected-source-wrapped-contains	success	1	successful-latency	75792	421334	0.17988579131995044	200	91564	fbf180fab82c32493738bb60bb29955d3f45810bb23806d614f71964200069bc				
760	request-selected-source-wrapped-contains-target-51-zero	graph-parameter	request-selected-source-wrapped-contains	success	1	successful-latency	23542	272833	0.08628721598926815	0	147	805c8c7334c868e18e2be84be95b83cc60895722d739c2b164a68be4cd410c49				
761	request-selected-source-wrapped-contains-target-51-targeted	graph-parameter	request-selected-source-wrapped-contains	success	1	successful-latency	21875	277625	0.07879333633498424	1	798	64ae9673d519a121b865dc50f576291bddc3c4c81c474d10cfb9d0da1dce7c60				
762	request-selected-source-wrapped-contains-target-51-dense	graph-parameter	request-selected-source-wrapped-contains	success	1	successful-latency	69791	425500	0.16402115158636899	200	94730	d508f1cb1d0c5646118a68e8a87c49c66a454661e438e3f033289c173598f51f				
763	request-selected-source-wrapped-contains-target-52-zero	graph-parameter	request-selected-source-wrapped-contains	success	1	successful-latency	22750	264541	0.085998011650368	0	147	805c8c7334c868e18e2be84be95b83cc60895722d739c2b164a68be4cd410c49				
764	request-selected-source-wrapped-contains-target-52-targeted	graph-parameter	request-selected-source-wrapped-contains	success	1	successful-latency	25834	295584	0.08739985926166505	1	792	6691abe0a1f608719107bf4ffc3fa52632123ab77cb7c2c3c6536cd32de533b1				
765	request-selected-source-wrapped-contains-target-52-dense	graph-parameter	request-selected-source-wrapped-contains	success	1	successful-latency	74208	409083	0.18140084041624804	200	96891	db4b9bfadbbb61a039e76484090eda57349ec9585a7c795f46793352fb739e7c				
766	request-selected-source-wrapped-contains-target-53-zero	graph-parameter	request-selected-source-wrapped-contains	success	1	successful-latency	22041	254584	0.08657653269647739	0	147	805c8c7334c868e18e2be84be95b83cc60895722d739c2b164a68be4cd410c49				
767	request-selected-source-wrapped-contains-target-53-targeted	graph-parameter	request-selected-source-wrapped-contains	success	1	successful-latency	23292	275708	0.08448068246115456	6	3910	d987ccd9722d9cd5492fcbb62423f1a89bb41e05ea0e3fb44e7cc793b9656b12				
768	request-selected-source-wrapped-contains-target-53-dense	graph-parameter	request-selected-source-wrapped-contains	success	1	successful-latency	72000	428041	0.1682081856644574	200	94720	c9e7b59e830a820a47234ca1fd54046d1c260db318e05adc24dc748ca7fe29c0				
769	request-selected-source-wrapped-contains-target-54-zero	graph-parameter	request-selected-source-wrapped-contains	success	1	successful-latency	21792	263250	0.08278062678062678	0	147	805c8c7334c868e18e2be84be95b83cc60895722d739c2b164a68be4cd410c49				
770	request-selected-source-wrapped-contains-target-54-targeted	graph-parameter	request-selected-source-wrapped-contains	success	1	successful-latency	26166	275875	0.09484730403262347	3	1869	5157205e66d4cebff8b628175c555fdb333564013eabc5f496e37f9a4ad2b606				
771	request-selected-source-wrapped-contains-target-54-dense	graph-parameter	request-selected-source-wrapped-contains	success	1	successful-latency	73834	442375	0.16690364509748518	200	92798	60b390f0b190e46f6fd1b4929641c7324c9142e0f18a85bc338e7b41ebe62db5				
772	request-selected-source-wrapped-contains-target-55-zero	graph-parameter	request-selected-source-wrapped-contains	success	1	successful-latency	21500	273917	0.07849092973418956	0	147	805c8c7334c868e18e2be84be95b83cc60895722d739c2b164a68be4cd410c49				
773	request-selected-source-wrapped-contains-target-55-targeted	graph-parameter	request-selected-source-wrapped-contains	success	1	successful-latency	24583	290125	0.0847324429125377	10	6054	f5c10be5db49f33f0b8307328bfb058b342da4d9241c33217038447620028ab5				
774	request-selected-source-wrapped-contains-target-55-dense	graph-parameter	request-selected-source-wrapped-contains	success	1	successful-latency	73084	444709	0.16434117591503658	200	96112	0f6d4800cdd86ccdf20aab2fe6bd2924f66d70c9fcca46057385e09ba151a798				
775	request-selected-source-wrapped-contains-target-56-zero	graph-parameter	request-selected-source-wrapped-contains	success	1	successful-latency	18209	271084	0.06717106136843193	0	147	805c8c7334c868e18e2be84be95b83cc60895722d739c2b164a68be4cd410c49				
776	request-selected-source-wrapped-contains-target-56-targeted	graph-parameter	request-selected-source-wrapped-contains	success	1	successful-latency	21542	280000	0.07693571428571429	1	802	7ebbe5301915ad5c39692b733c3f39851576d09270c89f830b9e80b342a866f6				
777	request-selected-source-wrapped-contains-target-56-dense	graph-parameter	request-selected-source-wrapped-contains	success	1	successful-latency	73708	447667	0.16464917003040205	200	93704	b778fc4edfb3c1031b90b2d3d121fd31958733afdc68d3f1cde538a17b738328				
778	request-selected-source-wrapped-contains-target-57-zero	graph-parameter	request-selected-source-wrapped-contains	success	1	successful-latency	19417	259458	0.07483677512352674	0	147	805c8c7334c868e18e2be84be95b83cc60895722d739c2b164a68be4cd410c49				
779	request-selected-source-wrapped-contains-target-57-targeted	graph-parameter	request-selected-source-wrapped-contains	success	1	successful-latency	21083	269917	0.0781091965307854	1	765	0812dc51126311be5cac082c5d39676905cd9a0811e6a08f17ec6343dc843471				
780	request-selected-source-wrapped-contains-target-57-dense	graph-parameter	request-selected-source-wrapped-contains	success	1	successful-latency	71750	422709	0.16973851988010666	200	99258	415f437224f091ed04a72fa493ee405ec437acfcfdf54dee50789c56e5356f10				
781	request-selected-source-wrapped-contains-target-58-zero	graph-parameter	request-selected-source-wrapped-contains	success	1	successful-latency	29584	262750	0.11259372026641294	0	147	805c8c7334c868e18e2be84be95b83cc60895722d739c2b164a68be4cd410c49				
782	request-selected-source-wrapped-contains-target-58-targeted	graph-parameter	request-selected-source-wrapped-contains	success	1	successful-latency	25791	315625	0.08171405940594059	12	7029	1df616dc12f8aa99df8ef1921ad6c878afdd2d37362d488527ffbb7ddbe7f6e3				
783	request-selected-source-wrapped-contains-target-58-dense	graph-parameter	request-selected-source-wrapped-contains	success	1	successful-latency	72667	430875	0.16864984044096315	200	94948	3f3fd3df372307937afdfd0915ce035266497833c5712760faf456eece659c97				
784	request-selected-source-wrapped-contains-target-59-zero	graph-parameter	request-selected-source-wrapped-contains	success	1	successful-latency	36084	258417	0.13963477634985313	0	147	805c8c7334c868e18e2be84be95b83cc60895722d739c2b164a68be4cd410c49				
785	request-selected-source-wrapped-contains-target-59-targeted	graph-parameter	request-selected-source-wrapped-contains	success	1	successful-latency	23375	286916	0.08146983786195262	11	6729	3d47749a3f582c73a2df58bf3f9b3beed9c001af5d9bd91af1d30abe76d3f524				
786	request-selected-source-wrapped-contains-target-59-dense	graph-parameter	request-selected-source-wrapped-contains	success	1	successful-latency	67167	420834	0.15960449963643622	200	89429	54106029dd8c0484e4d4612954bdb30eebd525f910018413d1ee09bf2ea5c8ac				
787	request-selected-source-wrapped-contains-target-60-zero	graph-parameter	request-selected-source-wrapped-contains	success	1	successful-latency	17500	258250	0.06776379477250725	0	147	805c8c7334c868e18e2be84be95b83cc60895722d739c2b164a68be4cd410c49				
788	request-selected-source-wrapped-contains-target-60-targeted	graph-parameter	request-selected-source-wrapped-contains	success	1	successful-latency	19833	281917	0.07035049323027699	13	7599	88379c6b80e2b23974c6b6a1e2c6fc3f3680ec705c71b7cecbc9a2228bf7fa26				
789	request-selected-source-wrapped-contains-target-60-dense	graph-parameter	request-selected-source-wrapped-contains	success	1	successful-latency	106125	433833	0.2446217784262608	200	94040	5d662b90e716477fff887768402c85462026d6042e22f1d7fafdb565b9f9efc8				
790	request-selected-source-wrapped-contains-target-61-zero	graph-parameter	request-selected-source-wrapped-contains	success	1	successful-latency	28958	267084	0.10842281828937712	0	147	805c8c7334c868e18e2be84be95b83cc60895722d739c2b164a68be4cd410c49				
791	request-selected-source-wrapped-contains-target-61-targeted	graph-parameter	request-selected-source-wrapped-contains	success	1	successful-latency	20666	289542	0.07137479191274496	8	5180	b6f5bd5828bd66e4f09f8198b509f3673986060cf32e2725dff13d9bcb4d6e9b				
792	request-selected-source-wrapped-contains-target-61-dense	graph-parameter	request-selected-source-wrapped-contains	success	1	successful-latency	71916	427167	0.16835570163425545	200	93638	00f9fdf9bf9dc94ccc0d67b35cb45c01a8e623cfaedfdb70da1cc1bfa69daf82				
793	request-selected-source-wrapped-contains-target-62-zero	graph-parameter	request-selected-source-wrapped-contains	success	1	successful-latency	25792	258542	0.09975942013289911	0	147	805c8c7334c868e18e2be84be95b83cc60895722d739c2b164a68be4cd410c49				
794	request-selected-source-wrapped-contains-target-62-targeted	graph-parameter	request-selected-source-wrapped-contains	success	1	successful-latency	17667	275667	0.06408819336373232	1	877	f04b3035acb1285487cb68f126c796fd316b35c6ce630f1e71efd88436bf28f2				
795	request-selected-source-wrapped-contains-target-62-dense	graph-parameter	request-selected-source-wrapped-contains	success	1	successful-latency	70708	440750	0.16042654566080544	200	97449	f19574ac46a01dafc16136d9e8c4835b8d40c72753078eb8a67a1d7d438dd937				
796	request-selected-source-wrapped-contains-target-63-zero	graph-parameter	request-selected-source-wrapped-contains	success	1	successful-latency	17625	257000	0.06857976653696499	0	147	805c8c7334c868e18e2be84be95b83cc60895722d739c2b164a68be4cd410c49				
797	request-selected-source-wrapped-contains-target-63-targeted	graph-parameter	request-selected-source-wrapped-contains	success	1	successful-latency	20666	286292	0.07218504184538863	1	778	1734729b6952d2a8eff267ca86b458aa4fd5e0c703c1fa60dd66478cd3c49356				
798	request-selected-source-wrapped-contains-target-63-dense	graph-parameter	request-selected-source-wrapped-contains	success	1	successful-latency	74250	418625	0.17736637802329053	200	91412	082721be4b0e9234c67505fe172c638dcb4ef8924db9c6264a191473dfc4e443				
799	contains-and-zero	boolean	contains-and	success	1	successful-latency	2017750	3668459	0.5500265915470228	0	84	425b336aa734c4a1ffbfb58aeaf5489b33f919170492c4bff859504736492e7f				
800	contains-and-targeted	boolean	contains-and	success	1	successful-latency	273006792	252906625	1.0794766329272711	100	39128	5566f3e5435fa412ab2f4774e56dabda7d68f200d3e5fa5a807441efaa9cc967				
801	contains-and-dense	boolean	contains-and	success	1	successful-latency	33843542	56282583	0.6013146553703834	100	33016	f423f156f37f1d1821c72754abc8b9469244d2306e06bb1b08b025ac1870cd10				
802	contains-and-or-zero	boolean	contains-and-or	success	1	successful-latency	1159000	3242292	0.3574631772832305	0	42	fa75ad2e5660fe7240fb4f08f615b532797db64460a5cecd38781db0303b22a7				
803	contains-and-or-targeted	boolean	contains-and-or	success	1	successful-latency	182171791	401383667	0.4538595014629731	13	3425	3da819d29786721ec4c05c4ab5ab23f86bad89be63c33540f03659264a81c75c				
804	contains-and-or-dense	boolean	contains-and-or	success	1	successful-latency	12829833	39219208	0.32713136379500574	0	42	fa75ad2e5660fe7240fb4f08f615b532797db64460a5cecd38781db0303b22a7				
805	pair-and-pair-zero	boolean	pair-and-pair	success	1	successful-latency	2073542	3947791	0.5252410778584783	0	147	805c8c7334c868e18e2be84be95b83cc60895722d739c2b164a68be4cd410c49				
806	pair-and-pair-targeted	boolean	pair-and-pair	success	1	successful-latency	49099291	19444167	2.525142424460765	0	147	805c8c7334c868e18e2be84be95b83cc60895722d739c2b164a68be4cd410c49				
807	pair-and-pair-dense	boolean	pair-and-pair	success	1	successful-latency	2230958	6547750	0.34072131648276127	100	43247	9c3a2ca5e42185247ab8a39f4e0e79457e3d42a18c7444b26b279bce7f4256c8				
808	exact-or-zero	exact	exact-or	success	1	successful-latency	1496750	66188041	0.022613601753223064	0	135	2353923ee345bb31a3e5b5684fd9597f5a309f18266c51232f6d903326d6ab83				
809	exact-or-targeted	exact	exact-or	success	1	successful-latency	10321125	129002208	0.08000735150207662	160	66388	1b3a15b55a43ca0fe50473ee96f1b903557ca6f865831d662e8204f23776f14c				
810	exact-or-dense	exact	exact-or	success	1	successful-latency	12749750	84901084	0.15017181641638402	160	66557	f745741d69ec1f4653ecb36ca7f9d1375ca51bf789ce0ad097327044d2479d91				
811	exact-and-contains-zero	exact	exact-and-contains	success	1	successful-latency	578541	3740791	0.1546573973258597	0	38	3406a04395ea8c76e7a93d7d2144d97d90dcdeb6e6f2115e0f079d29de8b90d0				
812	exact-and-contains-targeted	exact	exact-and-contains	success	1	successful-latency	458625	3630625	0.126321225684283	0	38	3406a04395ea8c76e7a93d7d2144d97d90dcdeb6e6f2115e0f079d29de8b90d0				
813	exact-and-contains-dense	exact	exact-and-contains	success	1	successful-latency	312334	3459792	0.09027536915513996	0	38	3406a04395ea8c76e7a93d7d2144d97d90dcdeb6e6f2115e0f079d29de8b90d0				
814	exact-or-node-zero	exact	exact-or-node	success	1	successful-latency	1425542	2242375	0.6357286359328836	0	38	3406a04395ea8c76e7a93d7d2144d97d90dcdeb6e6f2115e0f079d29de8b90d0				
815	exact-or-node-targeted	exact	exact-or-node	success	1	successful-latency	984500	431459	2.2817927079977474	20	16078	ec715169d6ed2f317801afa6bf47bbef20aad2fe96b8317e309e3eb857e2645e				
816	exact-or-node-dense	exact	exact-or-node	success	1	successful-latency	182375	374541	0.4869293348391765	20	16120	32aaaf993a0040f305192d8954a5b5435992cd3710e8da7587f3967e8aac0012				
817	four-or-keys-zero	projection	four-or-keys	success	1	successful-latency	1671417	3686250	0.45341932858596135	0	41	c09ba8cc1e1696501be0c1ca3c8a875cf1551cff0d06904cede3c163d4374315				
818	four-or-keys-targeted	projection	four-or-keys	success	1	successful-latency	3486625	5043291	0.691339246535645	5	2504	4586b241177414bf157d154f4460c1908226b13523ead2f0e56d9787823a6d3d				
819	four-or-keys-dense	projection	four-or-keys	success	1	successful-latency	265667	792125	0.33538519804323813	5	2504	4586b241177414bf157d154f4460c1908226b13523ead2f0e56d9787823a6d3d				
820	four-or-graph-id-zero	projection	four-or-graph-id	success	1	successful-latency	1062625	3831042	0.27737231802731477	0	169	2c4f3c024b63aa5490ade8d87563599fec8f2357055965a073d4e7b30883dcee				
821	four-or-graph-id-targeted	projection	four-or-graph-id	failed	1	time-to-failure	70695625	2033125	34.77190285889948	0	0	java.lang.IllegalStateException	java.lang.IllegalStateException	Unsafe expression reached parallel string projection	IllegalStateException	Unsafe expression reached parallel string projection
822	four-or-graph-id-dense	projection	four-or-graph-id	success	1	successful-latency	1260000	1808459	0.6967257759230372	200	96431	dbb4eaf2bbc93a64e64e2b59112434d00c19af07a7c51df316d03518405dfeb0				
823	single-distinct-zero	projection	single-distinct	success	1	successful-latency	717792	12661542	0.056690725347670924	0	52	49a026e323beb71e70addfd97b163cb2851f30cc7d78914fb454d79e4dac8372				
824	single-distinct-targeted	projection	single-distinct	success	1	successful-latency	13993750	57447875	0.24359038519701556	100	25693	8040fd66304f61f4842c83fdd1ba964f926b81308ca97ed2d7d16cebc7c87699				
825	single-distinct-dense	projection	single-distinct	success	1	successful-latency	28367458	48174333	0.5888500417846989	100	24151	399cc01a9b0038c71c2a6a4fbaa75dde0ece8edf56d4030a0396d09ff1871054				
826	ordered-projection-zero	projection	ordered-projection	success	1	successful-latency	2879292	3208500	0.8973950444132772	0	78	c37b5e51db6e6618f054d27841148d0a2c347ded5336815a9823b0bedec77add				
827	ordered-projection-targeted	projection	ordered-projection	success	1	successful-latency	865461667	1477175667	0.5858894688928016	100	35566	64f76829c6325a1d4e12839c8a38da690792a84fcb8c10154e5023f9f69d928c				
828	ordered-projection-dense	projection	ordered-projection	success	1	successful-latency	19205500	85016000	0.22590453561682508	100	31716	8c0aec315616762281471753324a16f5666670b56ce9bb5d7db3a5b1a47cf68f				
829	ordered-skip-zero	projection	ordered-skip	success	1	successful-latency	955041	4063916	0.23500510345194142	0	135	2353923ee345bb31a3e5b5684fd9597f5a309f18266c51232f6d903326d6ab83				
830	ordered-skip-targeted	projection	ordered-skip	success	1	successful-latency	815527375	4503192417	0.18109982862853094	200	81236	f04551bacd99fce9eb16c64e2a22769aceb91a8541e192e8d87cbce9eab3f6c0				
831	ordered-skip-dense	projection	ordered-skip	success	1	successful-latency	616078584	3497922750	0.1761269839363948	200	81473	51231efd9691686c665b1f21f2ed26191c51d8d3884d2c66e8b4aa7a0b6d3940				
832	distinct-skip-zero	projection	distinct-skip	success	1	successful-latency	747375	52825750	0.014147929750169189	0	78	c37b5e51db6e6618f054d27841148d0a2c347ded5336815a9823b0bedec77add				
833	distinct-skip-targeted	projection	distinct-skip	success	1	successful-latency	68522709	283515209	0.24168971125637215	200	62570	18727def011ce82c4ab7384b33b0efb288ccf39249ed2160dc6db28a46a56e7d				
834	distinct-skip-dense	projection	distinct-skip	success	1	successful-latency	322940333	610080042	0.5293409237602957	200	67827	f82ca621dc3c7f6105688705b9d19d222bee445d0c22bcc862c59b3368366a82				
835	large-limit-zero	projection	large-limit	success	1	successful-latency	1290250	3275792	0.39387421423582447	0	147	805c8c7334c868e18e2be84be95b83cc60895722d739c2b164a68be4cd410c49				
836	large-limit-targeted	projection	large-limit	success	1	successful-latency	181322042	31054083	5.8389114887082645	5000	2310859	b85c074c5c18e197766f6a291e76f304251e9fbd7247fbd0795b198f9af175e8				
837	large-limit-dense	projection	large-limit	success	1	successful-latency	10585500	11883959	0.8907385156747848	5000	2267620	1fa1afe705a7dcd36d98f199e1e987b405ad85c146dcb5a31d2ceb2e335edb25				
838	filtered-count-zero	aggregation	filtered-count	success	1	successful-latency	1776709	904500	1.9642996130458816	1	240	567be759d9023968e4cdf6991faedfb175b9264cd1aaba46e7eda3a4c148c754				
839	filtered-count-targeted	aggregation	filtered-count	success	1	successful-latency	20436500	85955375	0.23775709197941375	1	1539	b2dac09ee7afc71fe4fa08c8d65491f8c9a12c2bde96119e3d88f00ce15ec208				
840	filtered-count-dense	aggregation	filtered-count	success	1	successful-latency	17314292	88713958	0.19516987394475174	1	2595	8f53ddc9c25c3d9952709d8b91e90fd97e6e2df7be19d01de4cd283d146f22e7				
841	filtered-distinct-count-zero	aggregation	filtered-distinct-count	success	1	successful-latency	919708	1104958	0.8323465688288605	1	254	32150744f39db6b1c8f7098a88585f5ba574e66046898de74fb950547d6bb091				
842	filtered-distinct-count-targeted	aggregation	filtered-distinct-count	success	1	successful-latency	28156750	143484958	0.19623485550311134	1	940	d7e5ca7043b4e785d0b738dca12dd2dd93ac3fbafb9ed4c1235ddd123845584f				
843	filtered-distinct-count-dense	aggregation	filtered-distinct-count	success	1	successful-latency	48199375	95242917	0.5060678160455754	1	2608	477b21684b95cb422a1350ea9f77182a38e7dae3c678c88ac70af2499f6b24d4				
844	parameterized-four-or-zero	contains	parameterized-four-or	success	1	successful-latency	1020959	3354041	0.30439669640293604	0	147	805c8c7334c868e18e2be84be95b83cc60895722d739c2b164a68be4cd410c49				
845	parameterized-four-or-targeted	contains	parameterized-four-or	success	1	successful-latency	3095833	2161959	1.4319573127890028	200	87107	beae22173f7c31b84468f4c460cd94ad5f6200acb0ea7f432c48c9ae442b8758				
846	parameterized-four-or-dense	contains	parameterized-four-or	success	1	successful-latency	1143250	1578834	0.7241103244546292	200	84809	4c7094233f383e8303d3dd09cafc30963d2437cbba920fb62d171edc0ce308bc				
847	global-wide-four-properties-zero	global-wide	global-wide-four-properties	success	1	successful-latency	597792	2654750	0.22517826537338734	0	147	805c8c7334c868e18e2be84be95b83cc60895722d739c2b164a68be4cd410c49				
848	global-wide-four-properties-targeted	global-wide	global-wide-four-properties	success	1	successful-latency	1438291	5044458	0.28512300033026344	11	6277	ca01ade166f4156fe11d166c7832fed45bfbdf107060915eb0c8f2df36ef35ed				
849	global-wide-four-properties-dense	global-wide	global-wide-four-properties	success	1	successful-latency	875917	637666	1.3736297685622254	200	84412	8eceb0bb70ccfdd593dcb45e66de5d2b8ea8dae746bc99461d0899dc8d12c31a				
850	global-wide-class-pair-zero	global-wide	global-wide-class-pair	success	1	successful-latency	663667	2506666	0.2647608416917132	0	84	425b336aa734c4a1ffbfb58aeaf5489b33f919170492c4bff859504736492e7f				
851	global-wide-class-pair-targeted	global-wide	global-wide-class-pair	success	1	successful-latency	1470584	4968000	0.2960112721417069	1	548	293726158b0e5fab1ac11826253b0682c325d22e027a3b3fd202214984b341d6				
852	global-wide-class-pair-dense	global-wide	global-wide-class-pair	success	1	successful-latency	359417	470542	0.7638361719038895	200	60629	81d3eb1768219b0da6ffd7c3b85945b972fea0dcf7b73f3c4ab85cb548d7f0cf				
853	global-wide-name-pair-zero	global-wide	global-wide-name-pair	success	1	successful-latency	618459	2531875	0.24426916810664034	0	82	3ccae830dbdb8a07387e7c7e6dc034be54ba0aabd8aed60d7c03e33380639d25				
854	global-wide-name-pair-targeted	global-wide	global-wide-name-pair	success	1	successful-latency	1963875	6075750	0.3232316997901494	4	1103	58540b74d820ca24f3d68b0b7fb18b59338e9416511998c40901a1ea0e3da925				
855	global-wide-name-pair-dense	global-wide	global-wide-name-pair	success	1	successful-latency	379917	451417	0.8416098640503127	200	52008	cb35d833bb790432aec3a1d31677653b78a921e9c16abed9af2e31b673ab2819				
856	global-wide-caller-class-zero	global-wide	global-wide-caller-class	success	1	successful-latency	628667	2649375	0.2372887945270111	0	52	49a026e323beb71e70addfd97b163cb2851f30cc7d78914fb454d79e4dac8372				
857	global-wide-caller-class-targeted	global-wide	global-wide-caller-class	success	1	successful-latency	1511542	3875250	0.3900501903103026	2	690	71d6d516eb1b38878b6c3fb33515ffbef9ce1e392274e3672fadb25c6d59468c				
858	global-wide-caller-class-dense	global-wide	global-wide-caller-class	success	1	successful-latency	265917	427000	0.6227564402810305	200	45685	4acba209fd2966a95b338a6ca2bb4826cae6e1bc982fb1e8f624274f38af44fd				
859	global-wide-callee-class-zero	global-wide	global-wide-callee-class	success	1	successful-latency	632583	2446041	0.25861504365625926	0	52	4b6b439db49d0055828a93fdeb339f15977e31edc79e5cbecac39307b3c93d34				
860	global-wide-callee-class-targeted	global-wide	global-wide-callee-class	success	1	successful-latency	1367833	3311125	0.41310219336328285	13	3106	38accaa3de2bf6856772e7af245aab8ef28aa1b18d695c5c6636f16b84eda1fe				
861	global-wide-callee-class-dense	global-wide	global-wide-callee-class	success	1	successful-latency	248833	355417	0.700115638813	200	43370	4612b6fd3373ac72f1504e0f36e283689f5d39f8d1ee079417b1b2cce0b575a5				
862	global-wide-provenance-zero	global-wide	global-wide-provenance	success	1	successful-latency	629708	2563208	0.24567182998804624	0	173	21514b44bab7a7f1a700cdc7119f3ce1b4ea8304c84e402ddb5f9775b21dd8af				
863	global-wide-provenance-targeted	global-wide	global-wide-provenance	success	1	successful-latency	1792791	5059916	0.3543124036051191	5	3686	e03733885fccd27d09d67440e488d5be3f0db06077f0518c35fad38155449305				
864	global-wide-provenance-dense	global-wide	global-wide-provenance	success	1	successful-latency	514834	618833	0.8319433514373021	200	96838	0195b457e87cb89f9435db8fabc1571a1cc9b3c89510875ac7eb56a14bd74eaf				
865	global-wide-aliased-zero	global-wide	global-wide-aliased	success	1	successful-latency	667917	2701417	0.24724690782652214	0	127	204c1d27407857dc7d7e40edba750f7e94fe476df82ab2ae0618ecb2491bc113				
866	global-wide-aliased-targeted	global-wide	global-wide-aliased	success	1	successful-latency	2161125	5458750	0.39590107625372106	68	41116	ad659bfee58b6bedbfe40a71c4fad3a9ae4b1fcbbae0a4465fc1383dbba89f8d				
867	global-wide-aliased-dense	global-wide	global-wide-aliased	success	1	successful-latency	511375	541875	0.9437139561707035	200	80392	ff07e16e7d2fb977a5bd5b90d859a49a4a57c15852658928bd8ec41286ffb6d0				
868	global-wide-parameterized-zero	global-wide	global-wide-parameterized	success	1	successful-latency	657375	2636125	0.24937171037033526	0	147	805c8c7334c868e18e2be84be95b83cc60895722d739c2b164a68be4cd410c49				
869	global-wide-parameterized-targeted	global-wide	global-wide-parameterized	success	1	successful-latency	1274292	4576792	0.278424713205232	4	2598	d72c68d3fe0e8e0257e28136dfcba3f279a31d304b51dc9611dfa7b0f16169a8				
870	global-wide-parameterized-dense	global-wide	global-wide-parameterized	success	1	successful-latency	437875	518625	0.8442998312846469	200	84412	8eceb0bb70ccfdd593dcb45e66de5d2b8ea8dae746bc99461d0899dc8d12c31a				
871	global-wide-wrapped-case-insensitive-zero	global-wide	global-wide-wrapped-case-insensitive	success	1	successful-latency	481000	2785916	0.17265416473432796	0	147	805c8c7334c868e18e2be84be95b83cc60895722d739c2b164a68be4cd410c49				
872	global-wide-wrapped-case-insensitive-targeted	global-wide	global-wide-wrapped-case-insensitive	success	1	successful-latency	1167291	4605042	0.2534810757426317	5	3192	6be81ce87c99d083628d76b0dce1e105c3d7fae110ebf15207143c3be7df8eeb				
873	global-wide-wrapped-case-insensitive-dense	global-wide	global-wide-wrapped-case-insensitive	success	1	successful-latency	917667	729500	1.2579396847155586	200	84411	3bdee68309e62bee93f47848258ded90b1763d55841fa57d8b8fd21867653c44				
874	global-wide-wrapped-case-insensitive-distinct-zero	global-wide	global-wide-wrapped-case-insensitive-distinct	success	1	successful-latency	1473167	264119583	0.005577651544300673	0	147	805c8c7334c868e18e2be84be95b83cc60895722d739c2b164a68be4cd410c49				
875	global-wide-wrapped-case-insensitive-distinct-targeted	global-wide	global-wide-wrapped-case-insensitive-distinct	success	1	successful-latency	1094292	296896625	0.0036857677314452463	12	7358	3358c833e7c8859180e728fd0fbf286febcb246f2ecb508f1202b5ef6e3b8b9f				
876	global-wide-wrapped-case-insensitive-distinct-dense	global-wide	global-wide-wrapped-case-insensitive-distinct	success	1	successful-latency	7052709	332920167	0.02118438502405293	200	85721	1e662cf0935ee94c21b8eb0c4f6e3b4257d74ab515ccb1e7e31419b17919a9e7				
877	exact-name-in-zero	exact	exact-name-in	success	1	successful-latency	903375	131925333	0.0068476234204388935	0	82	3ccae830dbdb8a07387e7c7e6dc034be54ba0aabd8aed60d7c03e33380639d25				
878	exact-name-in-targeted	exact	exact-name-in	success	1	successful-latency	13210542	278838500	0.04737703724557405	200	73369	f54379b252d4a90f0bfaa5f48a582a6a60e4f5e85e57119e46e0558642579b35				
879	exact-name-in-dense	exact	exact-name-in	success	1	successful-latency	20801167	230721875	0.09015689127873115	200	71110	59d107d81e85fd0c600024baf9f6b93afe24ea646c8ecb5e5974378142c808d2				
880	positive-and-not-zero	boolean	positive-and-not	success	1	successful-latency	912584	3442291	0.26510948667617	0	147	805c8c7334c868e18e2be84be95b83cc60895722d739c2b164a68be4cd410c49				
881	positive-and-not-targeted	boolean	positive-and-not	success	1	successful-latency	4414250	3048917	1.4478091728964744	200	87107	beae22173f7c31b84468f4c460cd94ad5f6200acb0ea7f432c48c9ae442b8758				
882	positive-and-not-dense	boolean	positive-and-not	success	1	successful-latency	784917	1535917	0.5110412867361973	200	84809	4c7094233f383e8303d3dd09cafc30963d2437cbba920fb62d171edc0ce308bc				
883	global-six-or-zero	global	global-six-or	success	1	successful-latency	366757125	2695517250	0.1360618727259119	0	194	d2b17268d8269d7036af5c7df40521da6219ae5e057618f231fe2b805452fd98				
884	global-six-or-targeted	global	global-six-or	success	1	successful-latency	466446666	2543225250	0.18340753183383973	200	120594	b781b11457d29cff97574767540737dd860b84ebf0e19939eaeffc28acdad38a				
885	global-six-or-dense	global	global-six-or	success	1	successful-latency	229840250	2673008166	0.08598561460586275	200	99756	f98c7c38fe41cd80e40f61990a7d175a389186e90164587b23debd9446fb3a0f				
886	global-six-or-wrapped-zero	global	global-six-or-wrapped	success	1	successful-latency	55376334	2927134292	0.0189182758547656	0	194	d2b17268d8269d7036af5c7df40521da6219ae5e057618f231fe2b805452fd98				
887	global-six-or-wrapped-targeted	global	global-six-or-wrapped	success	1	successful-latency	96525250	3145230250	0.030689406602267037	200	111062	b5eb9ba04fb3f1d50f207e047b90f66987f59218b156ea64df2c01b808761387				
888	global-six-or-wrapped-dense	global	global-six-or-wrapped	success	1	successful-latency	65408833	3368096416	0.019420118939968017	200	101415	3061e81ef06781c8157aca6ad7dc22157f48cf001e213d7ce8a896a8df874f2d				
889	exists-guarded-contains-zero	global	exists-guarded-contains	success	1	successful-latency	1306625	1545375	0.8455067540241041	0	52	49a026e323beb71e70addfd97b163cb2851f30cc7d78914fb454d79e4dac8372				
890	exists-guarded-contains-targeted	global	exists-guarded-contains	success	1	successful-latency	2756541	4283416	0.643538007982414	200	47569	6d672184d145658672f30bc434f0679f120372b6de3f11b40778b762195a6128				
891	exists-guarded-contains-dense	global	exists-guarded-contains	success	1	successful-latency	1934958	1315417	1.4709844862883785	200	44089	10cfd88586219a05bc5cf60932a651831904916222c815e8a44abf3383cb6ad1				
892	regex-or-zero	regex	regex-or	success	1	successful-latency	15289373500	24873146666	0.6146939792261827	0	84	425b336aa734c4a1ffbfb58aeaf5489b33f919170492c4bff859504736492e7f				
893	regex-or-targeted	regex	regex-or	success	1	successful-latency	4782394541	7456730666	0.6413527261760965	100	30972	a7b9846908febb502abd47dcc7269165df8c94605a7dcdc63931103d82b581a2				
894	regex-or-dense	regex	regex-or	success	1	successful-latency	156836125	844375	185.74226498889712	100	30214	0740bcf1983553477a227138dc3b3ed095f06c984728dcc1bbffb3b71959a13b				
895	global-wide-distribution-broad-all-64	global-wide	global-wide-distribution-broad-all-64	success	1	successful-latency	771625	563791	1.368636604699259	200	84411	3bdee68309e62bee93f47848258ded90b1763d55841fa57d8b8fd21867653c44				
896	global-wide-distribution-localized-early	global-wide	global-wide-distribution-localized-early	success	1	successful-latency	440625	1333208	0.3304998169827964	200	87514	061ea2dc2c6b48e0062033a68c9330f5e3ae05832411ea3c936eda2bf17b38ee				
897	global-wide-distribution-localized-late	global-wide	global-wide-distribution-localized-late	success	1	successful-latency	1914500	4624208	0.41401684353298984	200	113169	a4f80afc105bb0a4b11b2222f95fb82babb9dcc4eb366b125a552fd58091dac9				
898	global-wide-distribution-localized-middle	global-wide	global-wide-distribution-localized-middle	success	1	successful-latency	1436500	2975709	0.4827420960853363	200	98559	c0cb93ca1d3016402e2a72f544861fd280085797fa3a16f1cbefb769ecfda4b3				
899	graph-id-in-literal-wrapped-contains-k02-group-00-zero	graph-id-set	graph-id-in-literal-wrapped-contains	success	1	successful-latency	418375	3057708	0.13682634182204448	0	147	805c8c7334c868e18e2be84be95b83cc60895722d739c2b164a68be4cd410c49				
900	graph-id-in-parameter-wrapped-contains-k02-group-00-zero	graph-id-set	graph-id-in-parameter-wrapped-contains	success	1	successful-latency	113458	321000	0.35345171339563863	0	147	805c8c7334c868e18e2be84be95b83cc60895722d739c2b164a68be4cd410c49				
901	request-selected-set-wrapped-contains-k02-group-00-zero	graph-set-reference	request-selected-set-wrapped-contains	success	1	successful-latency	66125	284667	0.23228895516515788	0	147	805c8c7334c868e18e2be84be95b83cc60895722d739c2b164a68be4cd410c49				
902	graph-id-in-literal-wrapped-contains-k02-group-00-targeted	graph-id-set	graph-id-in-literal-wrapped-contains	success	1	successful-latency	289708	3799333	0.07625233165926756	10	5730	00c81103244dc6d42abdc3894d771e5a24957dcf7e5ad4d8dc686b1d7e0cb89e				
903	graph-id-in-parameter-wrapped-contains-k02-group-00-targeted	graph-id-set	graph-id-in-parameter-wrapped-contains	success	1	successful-latency	61708	324334	0.19026065722372615	10	5730	00c81103244dc6d42abdc3894d771e5a24957dcf7e5ad4d8dc686b1d7e0cb89e				
904	request-selected-set-wrapped-contains-k02-group-00-targeted	graph-set-reference	request-selected-set-wrapped-contains	success	1	successful-latency	47584	289250	0.16450821089023338	10	5730	00c81103244dc6d42abdc3894d771e5a24957dcf7e5ad4d8dc686b1d7e0cb89e				
905	graph-id-in-literal-wrapped-contains-k02-group-00-dense	graph-id-set	graph-id-in-literal-wrapped-contains	success	1	successful-latency	1178542	17282542	0.06819263045910723	200	84411	3bdee68309e62bee93f47848258ded90b1763d55841fa57d8b8fd21867653c44				
906	graph-id-in-parameter-wrapped-contains-k02-group-00-dense	graph-id-set	graph-id-in-parameter-wrapped-contains	success	1	successful-latency	78625	467208	0.1682869300183216	200	84411	3bdee68309e62bee93f47848258ded90b1763d55841fa57d8b8fd21867653c44				
907	request-selected-set-wrapped-contains-k02-group-00-dense	graph-set-reference	request-selected-set-wrapped-contains	success	1	successful-latency	65375	432333	0.1512144573742925	200	84411	3bdee68309e62bee93f47848258ded90b1763d55841fa57d8b8fd21867653c44				
908	graph-id-in-literal-wrapped-contains-k02-group-01-zero	graph-id-set	graph-id-in-literal-wrapped-contains	success	1	successful-latency	66750	3139667	0.02126021644970629	0	147	805c8c7334c868e18e2be84be95b83cc60895722d739c2b164a68be4cd410c49				
909	graph-id-in-parameter-wrapped-contains-k02-group-01-zero	graph-id-set	graph-id-in-parameter-wrapped-contains	success	1	successful-latency	156209	288792	0.5409048727111554	0	147	805c8c7334c868e18e2be84be95b83cc60895722d739c2b164a68be4cd410c49				
910	request-selected-set-wrapped-contains-k02-group-01-zero	graph-set-reference	request-selected-set-wrapped-contains	success	1	successful-latency	32917	263834	0.12476405618684476	0	147	805c8c7334c868e18e2be84be95b83cc60895722d739c2b164a68be4cd410c49				
911	graph-id-in-literal-wrapped-contains-k02-group-01-targeted	graph-id-set	graph-id-in-literal-wrapped-contains	success	1	successful-latency	199500	4276042	0.04665529477961161	9	5751	0754b66fd035110585cc31e6af555127395a9cd85c413f0a859de6b596c3b70d				
912	graph-id-in-parameter-wrapped-contains-k02-group-01-targeted	graph-id-set	graph-id-in-parameter-wrapped-contains	success	1	successful-latency	36542	310125	0.11782990729544539	9	5751	0754b66fd035110585cc31e6af555127395a9cd85c413f0a859de6b596c3b70d				
913	request-selected-set-wrapped-contains-k02-group-01-targeted	graph-set-reference	request-selected-set-wrapped-contains	success	1	successful-latency	34166	309917	0.1102424197446413	9	5751	0754b66fd035110585cc31e6af555127395a9cd85c413f0a859de6b596c3b70d				
914	graph-id-in-literal-wrapped-contains-k02-group-01-dense	graph-id-set	graph-id-in-literal-wrapped-contains	success	1	successful-latency	1215416	17956042	0.06768841373839513	200	86930	a289774d080329d12351d967c614eae9b16190b55970a757b1f268e21aee3975				
915	graph-id-in-parameter-wrapped-contains-k02-group-01-dense	graph-id-set	graph-id-in-parameter-wrapped-contains	success	1	successful-latency	55084	459083	0.11998701759812495	200	86930	a289774d080329d12351d967c614eae9b16190b55970a757b1f268e21aee3975				
916	request-selected-set-wrapped-contains-k02-group-01-dense	graph-set-reference	request-selected-set-wrapped-contains	success	1	successful-latency	52209	422916	0.12345004681780779	200	86930	a289774d080329d12351d967c614eae9b16190b55970a757b1f268e21aee3975				
917	graph-id-in-literal-wrapped-contains-k02-group-02-zero	graph-id-set	graph-id-in-literal-wrapped-contains	success	1	successful-latency	46083	2893542	0.015926155556062433	0	147	805c8c7334c868e18e2be84be95b83cc60895722d739c2b164a68be4cd410c49				
918	graph-id-in-parameter-wrapped-contains-k02-group-02-zero	graph-id-set	graph-id-in-parameter-wrapped-contains	success	1	successful-latency	42708	299083	0.14279648124433686	0	147	805c8c7334c868e18e2be84be95b83cc60895722d739c2b164a68be4cd410c49				
919	request-selected-set-wrapped-contains-k02-group-02-zero	graph-set-reference	request-selected-set-wrapped-contains	success	1	successful-latency	31000	259958	0.11925003269758962	0	147	805c8c7334c868e18e2be84be95b83cc60895722d739c2b164a68be4cd410c49				
920	graph-id-in-literal-wrapped-contains-k02-group-02-targeted	graph-id-set	graph-id-in-literal-wrapped-contains	success	1	successful-latency	225042	4110167	0.0547525197881254	9	5762	527d81de9e8ca9f5fe9ad0166e1e1711fbccaf3c53281e7e95375f6d55e3a3c7				
921	graph-id-in-parameter-wrapped-contains-k02-group-02-targeted	graph-id-set	graph-id-in-parameter-wrapped-contains	success	1	successful-latency	37750	307292	0.12284732436900407	9	5762	527d81de9e8ca9f5fe9ad0166e1e1711fbccaf3c53281e7e95375f6d55e3a3c7				
922	request-selected-set-wrapped-contains-k02-group-02-targeted	graph-set-reference	request-selected-set-wrapped-contains	success	1	successful-latency	29833	333875	0.08935380007487832	9	5762	527d81de9e8ca9f5fe9ad0166e1e1711fbccaf3c53281e7e95375f6d55e3a3c7				
923	graph-id-in-literal-wrapped-contains-k02-group-02-dense	graph-id-set	graph-id-in-literal-wrapped-contains	success	1	successful-latency	1136083	16989709	0.06686889104457293	200	86152	85d9bac3392391ae56f1f03af81d888f398336c8e33a1ef1e42c5409f746f730				
924	graph-id-in-parameter-wrapped-contains-k02-group-02-dense	graph-id-set	graph-id-in-parameter-wrapped-contains	success	1	successful-latency	59250	460041	0.12879286846172405	200	86152	85d9bac3392391ae56f1f03af81d888f398336c8e33a1ef1e42c5409f746f730				
925	request-selected-set-wrapped-contains-k02-group-02-dense	graph-set-reference	request-selected-set-wrapped-contains	success	1	successful-latency	76417	419125	0.18232508201610498	200	86152	85d9bac3392391ae56f1f03af81d888f398336c8e33a1ef1e42c5409f746f730				
926	graph-id-in-literal-wrapped-contains-k02-group-03-zero	graph-id-set	graph-id-in-literal-wrapped-contains	success	1	successful-latency	54042	3126334	0.017286060926311776	0	147	805c8c7334c868e18e2be84be95b83cc60895722d739c2b164a68be4cd410c49				
927	graph-id-in-parameter-wrapped-contains-k02-group-03-zero	graph-id-set	graph-id-in-parameter-wrapped-contains	success	1	successful-latency	34917	290750	0.12009286328460878	0	147	805c8c7334c868e18e2be84be95b83cc60895722d739c2b164a68be4cd410c49				
928	request-selected-set-wrapped-contains-k02-group-03-zero	graph-set-reference	request-selected-set-wrapped-contains	success	1	successful-latency	32250	268542	0.12009294635476014	0	147	805c8c7334c868e18e2be84be95b83cc60895722d739c2b164a68be4cd410c49				
929	graph-id-in-literal-wrapped-contains-k02-group-03-targeted	graph-id-set	graph-id-in-literal-wrapped-contains	success	1	successful-latency	194291	4134417	0.046993566444797415	1	734	2c8962bfda6df26238f145f32f089e1ccdb69cc26ea9c2fde590f543638ba060				
930	graph-id-in-parameter-wrapped-contains-k02-group-03-targeted	graph-id-set	graph-id-in-parameter-wrapped-contains	success	1	successful-latency	41792	306542	0.13633368347567382	1	734	2c8962bfda6df26238f145f32f089e1ccdb69cc26ea9c2fde590f543638ba060				
931	request-selected-set-wrapped-contains-k02-group-03-targeted	graph-set-reference	request-selected-set-wrapped-contains	success	1	successful-latency	45542	270583	0.16831064774948906	1	734	2c8962bfda6df26238f145f32f089e1ccdb69cc26ea9c2fde590f543638ba060				
932	graph-id-in-literal-wrapped-contains-k02-group-03-dense	graph-id-set	graph-id-in-literal-wrapped-contains	success	1	successful-latency	1279416	20718917	0.06175110407556534	200	83941	f7f169fb4cd9a2408b058d9e03502907fe0d9372ba70f2f3749aeaffa464e292				
933	graph-id-in-parameter-wrapped-contains-k02-group-03-dense	graph-id-set	graph-id-in-parameter-wrapped-contains	success	1	successful-latency	64500	465292	0.13862262837100145	200	83941	f7f169fb4cd9a2408b058d9e03502907fe0d9372ba70f2f3749aeaffa464e292				
934	request-selected-set-wrapped-contains-k02-group-03-dense	graph-set-reference	request-selected-set-wrapped-contains	success	1	successful-latency	58875	421583	0.13965221557795263	200	83941	f7f169fb4cd9a2408b058d9e03502907fe0d9372ba70f2f3749aeaffa464e292				
935	graph-id-in-literal-wrapped-contains-k02-group-04-zero	graph-id-set	graph-id-in-literal-wrapped-contains	success	1	successful-latency	48250	3109166	0.015518631041250291	0	147	805c8c7334c868e18e2be84be95b83cc60895722d739c2b164a68be4cd410c49				
936	graph-id-in-parameter-wrapped-contains-k02-group-04-zero	graph-id-set	graph-id-in-parameter-wrapped-contains	success	1	successful-latency	31459	292792	0.10744487554304763	0	147	805c8c7334c868e18e2be84be95b83cc60895722d739c2b164a68be4cd410c49				
937	request-selected-set-wrapped-contains-k02-group-04-zero	graph-set-reference	request-selected-set-wrapped-contains	success	1	successful-latency	28916	264875	0.10916847569608305	0	147	805c8c7334c868e18e2be84be95b83cc60895722d739c2b164a68be4cd410c49				
938	graph-id-in-literal-wrapped-contains-k02-group-04-targeted	graph-id-set	graph-id-in-literal-wrapped-contains	success	1	successful-latency	171125	4172166	0.041015865619920204	2	1322	4b49b28d836e57c2c3f8d43a93acd00a93b169fcd603338f9ab350f541e9665c				
939	graph-id-in-parameter-wrapped-contains-k02-group-04-targeted	graph-id-set	graph-id-in-parameter-wrapped-contains	success	1	successful-latency	64084	296584	0.21607369244463626	2	1322	4b49b28d836e57c2c3f8d43a93acd00a93b169fcd603338f9ab350f541e9665c				
940	request-selected-set-wrapped-contains-k02-group-04-targeted	graph-set-reference	request-selected-set-wrapped-contains	success	1	successful-latency	28875	265417	0.10879107216191879	2	1322	4b49b28d836e57c2c3f8d43a93acd00a93b169fcd603338f9ab350f541e9665c				
941	graph-id-in-literal-wrapped-contains-k02-group-04-dense	graph-id-set	graph-id-in-literal-wrapped-contains	success	1	successful-latency	1223959	21166458	0.05782540470398968	200	85531	ed34441ff634f19c276911a1fa193106a9070fde1065b57fc7ec71132b8d5f66				
942	graph-id-in-parameter-wrapped-contains-k02-group-04-dense	graph-id-set	graph-id-in-parameter-wrapped-contains	success	1	successful-latency	54084	466625	0.115904634342352	200	85531	ed34441ff634f19c276911a1fa193106a9070fde1065b57fc7ec71132b8d5f66				
943	request-selected-set-wrapped-contains-k02-group-04-dense	graph-set-reference	request-selected-set-wrapped-contains	success	1	successful-latency	65834	418500	0.15730943847072879	200	85531	ed34441ff634f19c276911a1fa193106a9070fde1065b57fc7ec71132b8d5f66				
944	graph-id-in-literal-wrapped-contains-k02-group-05-zero	graph-id-set	graph-id-in-literal-wrapped-contains	success	1	successful-latency	67625	2978292	0.022705967044198486	0	147	805c8c7334c868e18e2be84be95b83cc60895722d739c2b164a68be4cd410c49				
945	graph-id-in-parameter-wrapped-contains-k02-group-05-zero	graph-id-set	graph-id-in-parameter-wrapped-contains	success	1	successful-latency	32500	281375	0.11550422034651266	0	147	805c8c7334c868e18e2be84be95b83cc60895722d739c2b164a68be4cd410c49				
946	request-selected-set-wrapped-contains-k02-group-05-zero	graph-set-reference	request-selected-set-wrapped-contains	success	1	successful-latency	35000	263125	0.1330166270783848	0	147	805c8c7334c868e18e2be84be95b83cc60895722d739c2b164a68be4cd410c49				
947	graph-id-in-literal-wrapped-contains-k02-group-05-targeted	graph-id-set	graph-id-in-literal-wrapped-contains	success	1	successful-latency	245583	4096083	0.059955572189333076	1	821	f3f4d5fb39ff9fde7dcf6d88e4f52bcc4c277ed98626ccca0b17c4ddbb20b035				
948	graph-id-in-parameter-wrapped-contains-k02-group-05-targeted	graph-id-set	graph-id-in-parameter-wrapped-contains	success	1	successful-latency	66459	303083	0.21927656780485874	1	821	f3f4d5fb39ff9fde7dcf6d88e4f52bcc4c277ed98626ccca0b17c4ddbb20b035				
949	request-selected-set-wrapped-contains-k02-group-05-targeted	graph-set-reference	request-selected-set-wrapped-contains	success	1	successful-latency	37375	275958	0.1354372766870321	1	821	f3f4d5fb39ff9fde7dcf6d88e4f52bcc4c277ed98626ccca0b17c4ddbb20b035				
950	graph-id-in-literal-wrapped-contains-k02-group-05-dense	graph-id-set	graph-id-in-literal-wrapped-contains	success	1	successful-latency	1163542	18883250	0.06161767704182278	200	86914	eec30bd784e53b80ccd384559e9d1f853b8152ad8db90ad1f27d391bf03fc0d8				
951	graph-id-in-parameter-wrapped-contains-k02-group-05-dense	graph-id-set	graph-id-in-parameter-wrapped-contains	success	1	successful-latency	44917	455209	0.0986733566339857	200	86914	eec30bd784e53b80ccd384559e9d1f853b8152ad8db90ad1f27d391bf03fc0d8				
952	request-selected-set-wrapped-contains-k02-group-05-dense	graph-set-reference	request-selected-set-wrapped-contains	success	1	successful-latency	57334	419250	0.1367537268932618	200	86914	eec30bd784e53b80ccd384559e9d1f853b8152ad8db90ad1f27d391bf03fc0d8				
953	graph-id-in-literal-wrapped-contains-k02-group-06-zero	graph-id-set	graph-id-in-literal-wrapped-contains	success	1	successful-latency	78833	3132958	0.02516248222925427	0	147	805c8c7334c868e18e2be84be95b83cc60895722d739c2b164a68be4cd410c49				
954	graph-id-in-parameter-wrapped-contains-k02-group-06-zero	graph-id-set	graph-id-in-parameter-wrapped-contains	success	1	successful-latency	35458	293416	0.12084548899855495	0	147	805c8c7334c868e18e2be84be95b83cc60895722d739c2b164a68be4cd410c49				
955	request-selected-set-wrapped-contains-k02-group-06-zero	graph-set-reference	request-selected-set-wrapped-contains	success	1	successful-latency	32333	250459	0.12909498161375715	0	147	805c8c7334c868e18e2be84be95b83cc60895722d739c2b164a68be4cd410c49				
956	graph-id-in-literal-wrapped-contains-k02-group-06-targeted	graph-id-set	graph-id-in-literal-wrapped-contains	success	1	successful-latency	182333	4051625	0.04500243729367846	2	1348	569ba2c2d8626f5c6804b713aa9f9bd5155648246e0bb082ab37cf407a3ccee9				
957	graph-id-in-parameter-wrapped-contains-k02-group-06-targeted	graph-id-set	graph-id-in-parameter-wrapped-contains	success	1	successful-latency	33625	293958	0.1143870893120786	2	1348	569ba2c2d8626f5c6804b713aa9f9bd5155648246e0bb082ab37cf407a3ccee9				
958	request-selected-set-wrapped-contains-k02-group-06-targeted	graph-set-reference	request-selected-set-wrapped-contains	success	1	successful-latency	29792	271250	0.10983225806451613	2	1348	569ba2c2d8626f5c6804b713aa9f9bd5155648246e0bb082ab37cf407a3ccee9				
959	graph-id-in-literal-wrapped-contains-k02-group-06-dense	graph-id-set	graph-id-in-literal-wrapped-contains	success	1	successful-latency	1233625	21069750	0.058549579373272105	200	85894	f22afa8ccaad259750ce50e850502822308b2565f707f284de32cd44d5ef328a				
960	graph-id-in-parameter-wrapped-contains-k02-group-06-dense	graph-id-set	graph-id-in-parameter-wrapped-contains	success	1	successful-latency	44917	458083	0.09805428273915426	200	85894	f22afa8ccaad259750ce50e850502822308b2565f707f284de32cd44d5ef328a				
961	request-selected-set-wrapped-contains-k02-group-06-dense	graph-set-reference	request-selected-set-wrapped-contains	success	1	successful-latency	40958	416291	0.09838790653653334	200	85894	f22afa8ccaad259750ce50e850502822308b2565f707f284de32cd44d5ef328a				
962	graph-id-in-literal-wrapped-contains-k02-group-07-zero	graph-id-set	graph-id-in-literal-wrapped-contains	success	1	successful-latency	53917	2836125	0.019010798184142096	0	147	805c8c7334c868e18e2be84be95b83cc60895722d739c2b164a68be4cd410c49				
963	graph-id-in-parameter-wrapped-contains-k02-group-07-zero	graph-id-set	graph-id-in-parameter-wrapped-contains	success	1	successful-latency	37667	282833	0.1331775287890734	0	147	805c8c7334c868e18e2be84be95b83cc60895722d739c2b164a68be4cd410c49				
964	request-selected-set-wrapped-contains-k02-group-07-zero	graph-set-reference	request-selected-set-wrapped-contains	success	1	successful-latency	28833	260125	0.11084286400768861	0	147	805c8c7334c868e18e2be84be95b83cc60895722d739c2b164a68be4cd410c49				
965	graph-id-in-literal-wrapped-contains-k02-group-07-targeted	graph-id-set	graph-id-in-literal-wrapped-contains	success	1	successful-latency	178625	3778417	0.04727508901214451	3	1887	cfce92c06f8a0a93444f0ec3592aad57c255799cc7a1286e673f5c8cc3173d20				
966	graph-id-in-parameter-wrapped-contains-k02-group-07-targeted	graph-id-set	graph-id-in-parameter-wrapped-contains	success	1	successful-latency	41292	298708	0.13823533350295272	3	1887	cfce92c06f8a0a93444f0ec3592aad57c255799cc7a1286e673f5c8cc3173d20				
967	request-selected-set-wrapped-contains-k02-group-07-targeted	graph-set-reference	request-selected-set-wrapped-contains	success	1	successful-latency	32334	264125	0.12241930903928064	3	1887	cfce92c06f8a0a93444f0ec3592aad57c255799cc7a1286e673f5c8cc3173d20				
968	graph-id-in-literal-wrapped-contains-k02-group-07-dense	graph-id-set	graph-id-in-literal-wrapped-contains	success	1	successful-latency	1162292	20087542	0.05786133514991531	200	88102	f384f54b9e0494c603dd9e83eb2ca0ad0386a359a2e1d6a356e225c072977e41				
969	graph-id-in-parameter-wrapped-contains-k02-group-07-dense	graph-id-set	graph-id-in-parameter-wrapped-contains	success	1	successful-latency	43917	474167	0.09261926705148187	200	88102	f384f54b9e0494c603dd9e83eb2ca0ad0386a359a2e1d6a356e225c072977e41				
970	request-selected-set-wrapped-contains-k02-group-07-dense	graph-set-reference	request-selected-set-wrapped-contains	success	1	successful-latency	42708	419708	0.10175645925262325	200	88102	f384f54b9e0494c603dd9e83eb2ca0ad0386a359a2e1d6a356e225c072977e41				
971	graph-id-in-literal-wrapped-contains-k02-group-08-zero	graph-id-set	graph-id-in-literal-wrapped-contains	success	1	successful-latency	52375	1994458	0.026260267200412343	0	147	805c8c7334c868e18e2be84be95b83cc60895722d739c2b164a68be4cd410c49				
972	graph-id-in-parameter-wrapped-contains-k02-group-08-zero	graph-id-set	graph-id-in-parameter-wrapped-contains	success	1	successful-latency	32583	293458	0.11103122082205971	0	147	805c8c7334c868e18e2be84be95b83cc60895722d739c2b164a68be4cd410c49				
973	request-selected-set-wrapped-contains-k02-group-08-zero	graph-set-reference	request-selected-set-wrapped-contains	success	1	successful-latency	27000	251334	0.10742677075127122	0	147	805c8c7334c868e18e2be84be95b83cc60895722d739c2b164a68be4cd410c49				
974	graph-id-in-literal-wrapped-contains-k02-group-08-targeted	graph-id-set	graph-id-in-literal-wrapped-contains	success	1	successful-latency	196792	2691417	0.07311836107150992	1	771	41ad9b5110585bc89df35b9d0a0c6bd66daaf6c239b4212552d078b2f2a28c34				
975	graph-id-in-parameter-wrapped-contains-k02-group-08-targeted	graph-id-set	graph-id-in-parameter-wrapped-contains	success	1	successful-latency	34459	289916	0.11885856592944163	1	771	41ad9b5110585bc89df35b9d0a0c6bd66daaf6c239b4212552d078b2f2a28c34				
976	request-selected-set-wrapped-contains-k02-group-08-targeted	graph-set-reference	request-selected-set-wrapped-contains	success	1	successful-latency	25417	275583	0.09222992710000254	1	771	41ad9b5110585bc89df35b9d0a0c6bd66daaf6c239b4212552d078b2f2a28c34				
977	graph-id-in-literal-wrapped-contains-k02-group-08-dense	graph-id-set	graph-id-in-literal-wrapped-contains	success	1	successful-latency	834750	12116250	0.06889507892293407	200	94237	51b180cd96740a311cc61165baa84cc05517b2f28ac6c70debc25f8e14514414				
978	graph-id-in-parameter-wrapped-contains-k02-group-08-dense	graph-id-set	graph-id-in-parameter-wrapped-contains	success	1	successful-latency	46708	454083	0.10286225205524101	200	94237	51b180cd96740a311cc61165baa84cc05517b2f28ac6c70debc25f8e14514414				
979	request-selected-set-wrapped-contains-k02-group-08-dense	graph-set-reference	request-selected-set-wrapped-contains	success	1	successful-latency	39125	417333	0.0937500748802515	200	94237	51b180cd96740a311cc61165baa84cc05517b2f28ac6c70debc25f8e14514414				
980	graph-id-in-literal-wrapped-contains-k02-group-09-zero	graph-id-set	graph-id-in-literal-wrapped-contains	success	1	successful-latency	53208	1965916	0.027065245920985435	0	147	805c8c7334c868e18e2be84be95b83cc60895722d739c2b164a68be4cd410c49				
981	graph-id-in-parameter-wrapped-contains-k02-group-09-zero	graph-id-set	graph-id-in-parameter-wrapped-contains	success	1	successful-latency	31709	283791	0.11173363496375854	0	147	805c8c7334c868e18e2be84be95b83cc60895722d739c2b164a68be4cd410c49				
982	request-selected-set-wrapped-contains-k02-group-09-zero	graph-set-reference	request-selected-set-wrapped-contains	success	1	successful-latency	33625	259500	0.1295761078998073	0	147	805c8c7334c868e18e2be84be95b83cc60895722d739c2b164a68be4cd410c49				
983	graph-id-in-literal-wrapped-contains-k02-group-09-targeted	graph-id-set	graph-id-in-literal-wrapped-contains	success	1	successful-latency	172208	2583042	0.06666867979692162	12	6781	abf0682228739bdef1eb0d4b5b1449d7697f9412e644bd07a974f6e04213652e				
984	graph-id-in-parameter-wrapped-contains-k02-group-09-targeted	graph-id-set	graph-id-in-parameter-wrapped-contains	success	1	successful-latency	35959	315083	0.11412548439617498	12	6781	abf0682228739bdef1eb0d4b5b1449d7697f9412e644bd07a974f6e04213652e				
985	request-selected-set-wrapped-contains-k02-group-09-targeted	graph-set-reference	request-selected-set-wrapped-contains	success	1	successful-latency	25208	278333	0.09056777313505765	12	6781	abf0682228739bdef1eb0d4b5b1449d7697f9412e644bd07a974f6e04213652e				
986	graph-id-in-literal-wrapped-contains-k02-group-09-dense	graph-id-set	graph-id-in-literal-wrapped-contains	success	1	successful-latency	866167	12364334	0.0700536721185306	200	95198	7d65fbc43e0cf8a1d4323c709e6963c32bdea3f389f5b683f619eee1fd79dc90				
987	graph-id-in-parameter-wrapped-contains-k02-group-09-dense	graph-id-set	graph-id-in-parameter-wrapped-contains	success	1	successful-latency	46500	442291	0.10513440246353645	200	95198	7d65fbc43e0cf8a1d4323c709e6963c32bdea3f389f5b683f619eee1fd79dc90				
988	request-selected-set-wrapped-contains-k02-group-09-dense	graph-set-reference	request-selected-set-wrapped-contains	success	1	successful-latency	40084	414458	0.09671426296512554	200	95198	7d65fbc43e0cf8a1d4323c709e6963c32bdea3f389f5b683f619eee1fd79dc90				
989	graph-id-in-literal-wrapped-contains-k02-group-10-zero	graph-id-set	graph-id-in-literal-wrapped-contains	success	1	successful-latency	49583	2045333	0.024242018292375864	0	147	805c8c7334c868e18e2be84be95b83cc60895722d739c2b164a68be4cd410c49				
990	graph-id-in-parameter-wrapped-contains-k02-group-10-zero	graph-id-set	graph-id-in-parameter-wrapped-contains	success	1	successful-latency	31417	283208	0.11093260077398943	0	147	805c8c7334c868e18e2be84be95b83cc60895722d739c2b164a68be4cd410c49				
991	request-selected-set-wrapped-contains-k02-group-10-zero	graph-set-reference	request-selected-set-wrapped-contains	success	1	successful-latency	29416	264250	0.11131882686849574	0	147	805c8c7334c868e18e2be84be95b83cc60895722d739c2b164a68be4cd410c49				
992	graph-id-in-literal-wrapped-contains-k02-group-10-targeted	graph-id-set	graph-id-in-literal-wrapped-contains	success	1	successful-latency	182125	2640542	0.06897258214412041	1	763	7811e1c0f64fb9174b112349d7a5f89fec8a71f59a6b66db3b1e97241f5dc93c				
993	graph-id-in-parameter-wrapped-contains-k02-group-10-targeted	graph-id-set	graph-id-in-parameter-wrapped-contains	success	1	successful-latency	33250	296792	0.11203132159896494	1	763	7811e1c0f64fb9174b112349d7a5f89fec8a71f59a6b66db3b1e97241f5dc93c				
994	request-selected-set-wrapped-contains-k02-group-10-targeted	graph-set-reference	request-selected-set-wrapped-contains	success	1	successful-latency	30750	262875	0.11697574893009986	1	763	7811e1c0f64fb9174b112349d7a5f89fec8a71f59a6b66db3b1e97241f5dc93c				
995	graph-id-in-literal-wrapped-contains-k02-group-10-dense	graph-id-set	graph-id-in-literal-wrapped-contains	success	1	successful-latency	853167	13293250	0.06418046753051361	200	91604	a93cd6116bda146e01916f4ab7d54aa664da5b5c2287de109c82d6c48fcd38f8				
996	graph-id-in-parameter-wrapped-contains-k02-group-10-dense	graph-id-set	graph-id-in-parameter-wrapped-contains	success	1	successful-latency	42750	456250	0.0936986301369863	200	91604	a93cd6116bda146e01916f4ab7d54aa664da5b5c2287de109c82d6c48fcd38f8				
997	request-selected-set-wrapped-contains-k02-group-10-dense	graph-set-reference	request-selected-set-wrapped-contains	success	1	successful-latency	47125	420958	0.11194703509613786	200	91604	a93cd6116bda146e01916f4ab7d54aa664da5b5c2287de109c82d6c48fcd38f8				
998	graph-id-in-literal-wrapped-contains-k02-group-11-zero	graph-id-set	graph-id-in-literal-wrapped-contains	success	1	successful-latency	47708	1979500	0.024101035615054306	0	147	805c8c7334c868e18e2be84be95b83cc60895722d739c2b164a68be4cd410c49				
999	graph-id-in-parameter-wrapped-contains-k02-group-11-zero	graph-id-set	graph-id-in-parameter-wrapped-contains	success	1	successful-latency	32709	287375	0.11381992170508917	0	147	805c8c7334c868e18e2be84be95b83cc60895722d739c2b164a68be4cd410c49				
1000	request-selected-set-wrapped-contains-k02-group-11-zero	graph-set-reference	request-selected-set-wrapped-contains	success	1	successful-latency	28583	262709	0.10880099273340464	0	147	805c8c7334c868e18e2be84be95b83cc60895722d739c2b164a68be4cd410c49				
1001	graph-id-in-literal-wrapped-contains-k02-group-11-targeted	graph-id-set	graph-id-in-literal-wrapped-contains	success	1	successful-latency	207417	2703250	0.0767287524276334	11	6331	43d88524d9da26840d520d8260a6801a2d864c2023e9806c3df4a5e673a5fd66				
1002	graph-id-in-parameter-wrapped-contains-k02-group-11-targeted	graph-id-set	graph-id-in-parameter-wrapped-contains	success	1	successful-latency	34000	304917	0.11150575402486579	11	6331	43d88524d9da26840d520d8260a6801a2d864c2023e9806c3df4a5e673a5fd66				
1003	request-selected-set-wrapped-contains-k02-group-11-targeted	graph-set-reference	request-selected-set-wrapped-contains	success	1	successful-latency	32625	285292	0.11435651893498591	11	6331	43d88524d9da26840d520d8260a6801a2d864c2023e9806c3df4a5e673a5fd66				
1004	graph-id-in-literal-wrapped-contains-k02-group-11-dense	graph-id-set	graph-id-in-literal-wrapped-contains	success	1	successful-latency	798292	11631875	0.06862969211756488	200	98397	b1cc908cf8cd6a2354b320afca9ad225990c59be93a53ddc3912afb3b0d46d7b				
1005	graph-id-in-parameter-wrapped-contains-k02-group-11-dense	graph-id-set	graph-id-in-parameter-wrapped-contains	success	1	successful-latency	61917	454291	0.13629369721169912	200	98397	b1cc908cf8cd6a2354b320afca9ad225990c59be93a53ddc3912afb3b0d46d7b				
1006	request-selected-set-wrapped-contains-k02-group-11-dense	graph-set-reference	request-selected-set-wrapped-contains	success	1	successful-latency	39334	431250	0.09120927536231883	200	98397	b1cc908cf8cd6a2354b320afca9ad225990c59be93a53ddc3912afb3b0d46d7b				
1007	graph-id-in-literal-wrapped-contains-k02-group-12-zero	graph-id-set	graph-id-in-literal-wrapped-contains	success	1	successful-latency	62459	2184000	0.028598443223443223	0	147	805c8c7334c868e18e2be84be95b83cc60895722d739c2b164a68be4cd410c49				
1008	graph-id-in-parameter-wrapped-contains-k02-group-12-zero	graph-id-set	graph-id-in-parameter-wrapped-contains	success	1	successful-latency	31208	296917	0.10510681436226285	0	147	805c8c7334c868e18e2be84be95b83cc60895722d739c2b164a68be4cd410c49				
1009	request-selected-set-wrapped-contains-k02-group-12-zero	graph-set-reference	request-selected-set-wrapped-contains	success	1	successful-latency	29458	303625	0.09702099629477151	0	147	805c8c7334c868e18e2be84be95b83cc60895722d739c2b164a68be4cd410c49				
1010	graph-id-in-literal-wrapped-contains-k02-group-12-targeted	graph-id-set	graph-id-in-literal-wrapped-contains	success	1	successful-latency	229875	2949583	0.07793474535213961	1	754	033650595463ffba6f1f515fc8a38ba023fdd37a0e2442442be40f2d8baee0b4				
1011	graph-id-in-parameter-wrapped-contains-k02-group-12-targeted	graph-id-set	graph-id-in-parameter-wrapped-contains	success	1	successful-latency	30584	328542	0.09309007676339708	1	754	033650595463ffba6f1f515fc8a38ba023fdd37a0e2442442be40f2d8baee0b4				
1012	request-selected-set-wrapped-contains-k02-group-12-targeted	graph-set-reference	request-selected-set-wrapped-contains	success	1	successful-latency	24584	286666	0.08575833897288133	1	754	033650595463ffba6f1f515fc8a38ba023fdd37a0e2442442be40f2d8baee0b4				
1013	graph-id-in-literal-wrapped-contains-k02-group-12-dense	graph-id-set	graph-id-in-literal-wrapped-contains	success	1	successful-latency	943542	15074709	0.06259105897168563	200	96144	13cc3d04be15c5d98101b6676211e0260c08571becd6cbc7be1dcfad1b7efce8				
1014	graph-id-in-parameter-wrapped-contains-k02-group-12-dense	graph-id-set	graph-id-in-parameter-wrapped-contains	success	1	successful-latency	49291	482500	0.10215751295336788	200	96144	13cc3d04be15c5d98101b6676211e0260c08571becd6cbc7be1dcfad1b7efce8				
1015	request-selected-set-wrapped-contains-k02-group-12-dense	graph-set-reference	request-selected-set-wrapped-contains	success	1	successful-latency	38458	435333	0.08834156840855162	200	96144	13cc3d04be15c5d98101b6676211e0260c08571becd6cbc7be1dcfad1b7efce8				
1016	graph-id-in-literal-wrapped-contains-k02-group-13-zero	graph-id-set	graph-id-in-literal-wrapped-contains	success	1	successful-latency	44458	2194917	0.020254980028857582	0	147	805c8c7334c868e18e2be84be95b83cc60895722d739c2b164a68be4cd410c49				
1017	graph-id-in-parameter-wrapped-contains-k02-group-13-zero	graph-id-set	graph-id-in-parameter-wrapped-contains	success	1	successful-latency	31250	297500	0.10504201680672269	0	147	805c8c7334c868e18e2be84be95b83cc60895722d739c2b164a68be4cd410c49				
1018	request-selected-set-wrapped-contains-k02-group-13-zero	graph-set-reference	request-selected-set-wrapped-contains	success	1	successful-latency	19833	267791	0.07406148825016524	0	147	805c8c7334c868e18e2be84be95b83cc60895722d739c2b164a68be4cd410c49				
1019	graph-id-in-literal-wrapped-contains-k02-group-13-targeted	graph-id-set	graph-id-in-literal-wrapped-contains	success	1	successful-latency	158166	2820667	0.0560739711564676	1	791	550bd45f802381cb65ea30928a856fc0c2bc207cbfc2a147aad4312130548c9a				
1020	graph-id-in-parameter-wrapped-contains-k02-group-13-targeted	graph-id-set	graph-id-in-parameter-wrapped-contains	success	1	successful-latency	33875	305542	0.11086855489588993	1	791	550bd45f802381cb65ea30928a856fc0c2bc207cbfc2a147aad4312130548c9a				
1021	request-selected-set-wrapped-contains-k02-group-13-targeted	graph-set-reference	request-selected-set-wrapped-contains	success	1	successful-latency	27708	273209	0.10141686401253253	1	791	550bd45f802381cb65ea30928a856fc0c2bc207cbfc2a147aad4312130548c9a				
1022	graph-id-in-literal-wrapped-contains-k02-group-13-dense	graph-id-set	graph-id-in-literal-wrapped-contains	success	1	successful-latency	937458	15580875	0.06016722424125731	200	96089	d0bdae62973cb737c05eda37d83d6fd7dea4520a7f87acdd4ed9a2fba1f97888				
1023	graph-id-in-parameter-wrapped-contains-k02-group-13-dense	graph-id-set	graph-id-in-parameter-wrapped-contains	success	1	successful-latency	39708	471125	0.08428336428760945	200	96089	d0bdae62973cb737c05eda37d83d6fd7dea4520a7f87acdd4ed9a2fba1f97888				
1024	request-selected-set-wrapped-contains-k02-group-13-dense	graph-set-reference	request-selected-set-wrapped-contains	success	1	successful-latency	40500	453292	0.08934638158185011	200	96089	d0bdae62973cb737c05eda37d83d6fd7dea4520a7f87acdd4ed9a2fba1f97888				
1025	graph-id-in-literal-wrapped-contains-k02-group-14-zero	graph-id-set	graph-id-in-literal-wrapped-contains	success	1	successful-latency	52041	2086250	0.024944757339724385	0	147	805c8c7334c868e18e2be84be95b83cc60895722d739c2b164a68be4cd410c49				
1026	graph-id-in-parameter-wrapped-contains-k02-group-14-zero	graph-id-set	graph-id-in-parameter-wrapped-contains	success	1	successful-latency	30916	293458	0.1053506805062394	0	147	805c8c7334c868e18e2be84be95b83cc60895722d739c2b164a68be4cd410c49				
1027	request-selected-set-wrapped-contains-k02-group-14-zero	graph-set-reference	request-selected-set-wrapped-contains	success	1	successful-latency	25459	271000	0.09394464944649447	0	147	805c8c7334c868e18e2be84be95b83cc60895722d739c2b164a68be4cd410c49				
1028	graph-id-in-literal-wrapped-contains-k02-group-14-targeted	graph-id-set	graph-id-in-literal-wrapped-contains	success	1	successful-latency	173500	2662542	0.06516329132085052	12	6370	8871e0dc77f7df7110f742adaac439b8d2f4e912a3a21e1793fda026e0955f9b				
1029	graph-id-in-parameter-wrapped-contains-k02-group-14-targeted	graph-id-set	graph-id-in-parameter-wrapped-contains	success	1	successful-latency	32000	318833	0.10036602233771284	12	6370	8871e0dc77f7df7110f742adaac439b8d2f4e912a3a21e1793fda026e0955f9b				
1030	request-selected-set-wrapped-contains-k02-group-14-targeted	graph-set-reference	request-selected-set-wrapped-contains	success	1	successful-latency	22750	296750	0.07666385846672283	12	6370	8871e0dc77f7df7110f742adaac439b8d2f4e912a3a21e1793fda026e0955f9b				
1031	graph-id-in-literal-wrapped-contains-k02-group-14-dense	graph-id-set	graph-id-in-literal-wrapped-contains	success	1	successful-latency	892042	13295917	0.06709142363027687	200	101142	3ec255435f1804ca883e61ce69218b0c9b6812e5f4d6241be813f3a04980ff78				
1032	graph-id-in-parameter-wrapped-contains-k02-group-14-dense	graph-id-set	graph-id-in-parameter-wrapped-contains	success	1	successful-latency	60125	490708	0.12252704255891488	200	101142	3ec255435f1804ca883e61ce69218b0c9b6812e5f4d6241be813f3a04980ff78				
1033	request-selected-set-wrapped-contains-k02-group-14-dense	graph-set-reference	request-selected-set-wrapped-contains	success	1	successful-latency	52958	462958	0.11439050626622717	200	101142	3ec255435f1804ca883e61ce69218b0c9b6812e5f4d6241be813f3a04980ff78				
1034	graph-id-in-literal-wrapped-contains-k02-group-15-zero	graph-id-set	graph-id-in-literal-wrapped-contains	success	1	successful-latency	85416	2193084	0.03894789255678305	0	147	805c8c7334c868e18e2be84be95b83cc60895722d739c2b164a68be4cd410c49				
1035	graph-id-in-parameter-wrapped-contains-k02-group-15-zero	graph-id-set	graph-id-in-parameter-wrapped-contains	success	1	successful-latency	39417	307875	0.12802923264311813	0	147	805c8c7334c868e18e2be84be95b83cc60895722d739c2b164a68be4cd410c49				
1036	request-selected-set-wrapped-contains-k02-group-15-zero	graph-set-reference	request-selected-set-wrapped-contains	success	1	successful-latency	31416	254500	0.12344204322200393	0	147	805c8c7334c868e18e2be84be95b83cc60895722d739c2b164a68be4cd410c49				
1037	graph-id-in-literal-wrapped-contains-k02-group-15-targeted	graph-id-set	graph-id-in-literal-wrapped-contains	success	1	successful-latency	271583	2921459	0.09296142783451693	10	5866	c85815e1257e7d89a547803b839a8fa3d5c32a25ad93fc4df95c67dd0df38386				
1038	graph-id-in-parameter-wrapped-contains-k02-group-15-targeted	graph-id-set	graph-id-in-parameter-wrapped-contains	success	1	successful-latency	39458	312292	0.1263496983592279	10	5866	c85815e1257e7d89a547803b839a8fa3d5c32a25ad93fc4df95c67dd0df38386				
1039	request-selected-set-wrapped-contains-k02-group-15-targeted	graph-set-reference	request-selected-set-wrapped-contains	success	1	successful-latency	65000	287666	0.22595649120855438	10	5866	c85815e1257e7d89a547803b839a8fa3d5c32a25ad93fc4df95c67dd0df38386				
1040	graph-id-in-literal-wrapped-contains-k02-group-15-dense	graph-id-set	graph-id-in-literal-wrapped-contains	success	1	successful-latency	938625	12389750	0.07575818721120281	200	95471	766b9ef7e8ecf0adce38af75461cc8c431950c6a78cf29871668bb82bbc59681				
1041	graph-id-in-parameter-wrapped-contains-k02-group-15-dense	graph-id-set	graph-id-in-parameter-wrapped-contains	success	1	successful-latency	72625	488667	0.14861858893684246	200	95471	766b9ef7e8ecf0adce38af75461cc8c431950c6a78cf29871668bb82bbc59681				
1042	request-selected-set-wrapped-contains-k02-group-15-dense	graph-set-reference	request-selected-set-wrapped-contains	success	1	successful-latency	42959	445875	0.09634763106251752	200	95471	766b9ef7e8ecf0adce38af75461cc8c431950c6a78cf29871668bb82bbc59681				
1043	graph-id-in-literal-wrapped-contains-k02-group-16-zero	graph-id-set	graph-id-in-literal-wrapped-contains	success	1	successful-latency	65375	2373167	0.02754757671921108	0	147	805c8c7334c868e18e2be84be95b83cc60895722d739c2b164a68be4cd410c49				
1044	graph-id-in-parameter-wrapped-contains-k02-group-16-zero	graph-id-set	graph-id-in-parameter-wrapped-contains	success	1	successful-latency	33291	291958	0.11402667506970181	0	147	805c8c7334c868e18e2be84be95b83cc60895722d739c2b164a68be4cd410c49				
1045	request-selected-set-wrapped-contains-k02-group-16-zero	graph-set-reference	request-selected-set-wrapped-contains	success	1	successful-latency	28291	268167	0.10549769360137526	0	147	805c8c7334c868e18e2be84be95b83cc60895722d739c2b164a68be4cd410c49				
1046	graph-id-in-literal-wrapped-contains-k02-group-16-targeted	graph-id-set	graph-id-in-literal-wrapped-contains	success	1	successful-latency	237084	3630958	0.06529516452682735	4	2862	72e96499d86d64ae9da267f3b15791817d4250f06a8dfea9d09edd8c3c23a440				
1047	graph-id-in-parameter-wrapped-contains-k02-group-16-targeted	graph-id-set	graph-id-in-parameter-wrapped-contains	success	1	successful-latency	30458	305625	0.09965807770961145	4	2862	72e96499d86d64ae9da267f3b15791817d4250f06a8dfea9d09edd8c3c23a440				
1048	request-selected-set-wrapped-contains-k02-group-16-targeted	graph-set-reference	request-selected-set-wrapped-contains	success	1	successful-latency	25833	312875	0.08256652017578905	4	2862	72e96499d86d64ae9da267f3b15791817d4250f06a8dfea9d09edd8c3c23a440				
1049	graph-id-in-literal-wrapped-contains-k02-group-16-dense	graph-id-set	graph-id-in-literal-wrapped-contains	success	1	successful-latency	1141292	25153417	0.04537323895198812	200	92864	0ad6a5ae10cb27d8dd28af205e0df8ebd79b3e1ca0079c8c876100ee108fc38d				
1050	graph-id-in-parameter-wrapped-contains-k02-group-16-dense	graph-id-set	graph-id-in-parameter-wrapped-contains	success	1	successful-latency	49417	486959	0.10148082282081243	200	92864	0ad6a5ae10cb27d8dd28af205e0df8ebd79b3e1ca0079c8c876100ee108fc38d				
1051	request-selected-set-wrapped-contains-k02-group-16-dense	graph-set-reference	request-selected-set-wrapped-contains	success	1	successful-latency	39792	474167	0.08391980040787318	200	92864	0ad6a5ae10cb27d8dd28af205e0df8ebd79b3e1ca0079c8c876100ee108fc38d				
1052	graph-id-in-literal-wrapped-contains-k02-group-17-zero	graph-id-set	graph-id-in-literal-wrapped-contains	success	1	successful-latency	61000	2466917	0.024727220251025875	0	147	805c8c7334c868e18e2be84be95b83cc60895722d739c2b164a68be4cd410c49				
1053	graph-id-in-parameter-wrapped-contains-k02-group-17-zero	graph-id-set	graph-id-in-parameter-wrapped-contains	success	1	successful-latency	28167	304875	0.09238868388683887	0	147	805c8c7334c868e18e2be84be95b83cc60895722d739c2b164a68be4cd410c49				
1054	request-selected-set-wrapped-contains-k02-group-17-zero	graph-set-reference	request-selected-set-wrapped-contains	success	1	successful-latency	24583	279167	0.0880584023183256	0	147	805c8c7334c868e18e2be84be95b83cc60895722d739c2b164a68be4cd410c49				
1055	graph-id-in-literal-wrapped-contains-k02-group-17-targeted	graph-id-set	graph-id-in-literal-wrapped-contains	success	1	successful-latency	219584	3766792	0.05829469745077509	4	2883	e83a01bd4b4e8f51ba0c51a53e73f87ec8dd6170bd60b37ef57b4eb9aba8bcc7				
1056	graph-id-in-parameter-wrapped-contains-k02-group-17-targeted	graph-id-set	graph-id-in-parameter-wrapped-contains	success	1	successful-latency	26833	305208	0.08791709260569841	4	2883	e83a01bd4b4e8f51ba0c51a53e73f87ec8dd6170bd60b37ef57b4eb9aba8bcc7				
1057	request-selected-set-wrapped-contains-k02-group-17-targeted	graph-set-reference	request-selected-set-wrapped-contains	success	1	successful-latency	47500	298375	0.1591956430666108	4	2883	e83a01bd4b4e8f51ba0c51a53e73f87ec8dd6170bd60b37ef57b4eb9aba8bcc7				
1058	graph-id-in-literal-wrapped-contains-k02-group-17-dense	graph-id-set	graph-id-in-literal-wrapped-contains	success	1	successful-latency	1118875	22724209	0.04923713736306509	200	94183	b06f89a813919b2f4278637c18773fe7508c48351caa08a76cefe1f54c9b7715				
1059	graph-id-in-parameter-wrapped-contains-k02-group-17-dense	graph-id-set	graph-id-in-parameter-wrapped-contains	success	1	successful-latency	101000	474292	0.21294898501345164	200	94183	b06f89a813919b2f4278637c18773fe7508c48351caa08a76cefe1f54c9b7715				
1060	request-selected-set-wrapped-contains-k02-group-17-dense	graph-set-reference	request-selected-set-wrapped-contains	success	1	successful-latency	73375	435833	0.16835576929695548	200	94183	b06f89a813919b2f4278637c18773fe7508c48351caa08a76cefe1f54c9b7715				
1061	graph-id-in-literal-wrapped-contains-k02-group-18-zero	graph-id-set	graph-id-in-literal-wrapped-contains	success	1	successful-latency	82208	2283208	0.03600548000882968	0	147	805c8c7334c868e18e2be84be95b83cc60895722d739c2b164a68be4cd410c49				
1062	graph-id-in-parameter-wrapped-contains-k02-group-18-zero	graph-id-set	graph-id-in-parameter-wrapped-contains	success	1	successful-latency	34667	292125	0.11867180145485666	0	147	805c8c7334c868e18e2be84be95b83cc60895722d739c2b164a68be4cd410c49				
1063	request-selected-set-wrapped-contains-k02-group-18-zero	graph-set-reference	request-selected-set-wrapped-contains	success	1	successful-latency	25584	268500	0.09528491620111731	0	147	805c8c7334c868e18e2be84be95b83cc60895722d739c2b164a68be4cd410c49				
1064	graph-id-in-literal-wrapped-contains-k02-group-18-targeted	graph-id-set	graph-id-in-literal-wrapped-contains	success	1	successful-latency	214166	3466125	0.06178830826932093	1	795	6f5022183da52ea8cb963f17c4b86a6270dc9bfe0ca358e5ec7d6bdf4c95879f				
1065	graph-id-in-parameter-wrapped-contains-k02-group-18-targeted	graph-id-set	graph-id-in-parameter-wrapped-contains	success	1	successful-latency	33250	309584	0.1074021913277172	1	795	6f5022183da52ea8cb963f17c4b86a6270dc9bfe0ca358e5ec7d6bdf4c95879f				
1066	request-selected-set-wrapped-contains-k02-group-18-targeted	graph-set-reference	request-selected-set-wrapped-contains	success	1	successful-latency	24083	283208	0.0850364396485975	1	795	6f5022183da52ea8cb963f17c4b86a6270dc9bfe0ca358e5ec7d6bdf4c95879f				
1067	graph-id-in-literal-wrapped-contains-k02-group-18-dense	graph-id-set	graph-id-in-literal-wrapped-contains	success	1	successful-latency	970084	19993083	0.048520980981272374	200	91716	5d2df55fe9df550bd17a462dbec1bd958f7c0d5940c160537976ecc80d5cb22f				
1068	graph-id-in-parameter-wrapped-contains-k02-group-18-dense	graph-id-set	graph-id-in-parameter-wrapped-contains	success	1	successful-latency	38375	475458	0.08071165066104682	200	91716	5d2df55fe9df550bd17a462dbec1bd958f7c0d5940c160537976ecc80d5cb22f				
1069	request-selected-set-wrapped-contains-k02-group-18-dense	graph-set-reference	request-selected-set-wrapped-contains	success	1	successful-latency	40292	441125	0.09133918957211674	200	91716	5d2df55fe9df550bd17a462dbec1bd958f7c0d5940c160537976ecc80d5cb22f				
1070	graph-id-in-literal-wrapped-contains-k02-group-19-zero	graph-id-set	graph-id-in-literal-wrapped-contains	success	1	successful-latency	52375	2400917	0.02181458167858364	0	147	805c8c7334c868e18e2be84be95b83cc60895722d739c2b164a68be4cd410c49				
1071	graph-id-in-parameter-wrapped-contains-k02-group-19-zero	graph-id-set	graph-id-in-parameter-wrapped-contains	success	1	successful-latency	30042	287333	0.10455464565504137	0	147	805c8c7334c868e18e2be84be95b83cc60895722d739c2b164a68be4cd410c49				
1072	request-selected-set-wrapped-contains-k02-group-19-zero	graph-set-reference	request-selected-set-wrapped-contains	success	1	successful-latency	25875	264792	0.09771820900933563	0	147	805c8c7334c868e18e2be84be95b83cc60895722d739c2b164a68be4cd410c49				
1073	graph-id-in-literal-wrapped-contains-k02-group-19-targeted	graph-id-set	graph-id-in-literal-wrapped-contains	success	1	successful-latency	212709	3700417	0.05748244049251747	1	801	6e224732564976ab3ad1b488a2dcb0c2a2f84050ab25d529f41b87f4de3c406c				
1074	graph-id-in-parameter-wrapped-contains-k02-group-19-targeted	graph-id-set	graph-id-in-parameter-wrapped-contains	success	1	successful-latency	30000	294334	0.10192502395238062	1	801	6e224732564976ab3ad1b488a2dcb0c2a2f84050ab25d529f41b87f4de3c406c				
1075	request-selected-set-wrapped-contains-k02-group-19-targeted	graph-set-reference	request-selected-set-wrapped-contains	success	1	successful-latency	35125	288750	0.12164502164502164	1	801	6e224732564976ab3ad1b488a2dcb0c2a2f84050ab25d529f41b87f4de3c406c				
1076	graph-id-in-literal-wrapped-contains-k02-group-19-dense	graph-id-set	graph-id-in-literal-wrapped-contains	success	1	successful-latency	1069833	21577292	0.04958143032962616	200	92968	77adda61bf8a66745500e9e1b739302ae425b75af5d5199095bd9c0f56151e04				
1077	graph-id-in-parameter-wrapped-contains-k02-group-19-dense	graph-id-set	graph-id-in-parameter-wrapped-contains	success	1	successful-latency	82584	523375	0.15779125865775018	200	92968	77adda61bf8a66745500e9e1b739302ae425b75af5d5199095bd9c0f56151e04				
1078	request-selected-set-wrapped-contains-k02-group-19-dense	graph-set-reference	request-selected-set-wrapped-contains	success	1	successful-latency	51750	460709	0.1123268701067268	200	92968	77adda61bf8a66745500e9e1b739302ae425b75af5d5199095bd9c0f56151e04				
1079	graph-id-in-literal-wrapped-contains-k02-group-20-zero	graph-id-set	graph-id-in-literal-wrapped-contains	success	1	successful-latency	69958	2465875	0.0283704567344249	0	147	805c8c7334c868e18e2be84be95b83cc60895722d739c2b164a68be4cd410c49				
1080	graph-id-in-parameter-wrapped-contains-k02-group-20-zero	graph-id-set	graph-id-in-parameter-wrapped-contains	success	1	successful-latency	34750	290833	0.11948437763252451	0	147	805c8c7334c868e18e2be84be95b83cc60895722d739c2b164a68be4cd410c49				
1081	request-selected-set-wrapped-contains-k02-group-20-zero	graph-set-reference	request-selected-set-wrapped-contains	success	1	successful-latency	34708	268250	0.12938676607642124	0	147	805c8c7334c868e18e2be84be95b83cc60895722d739c2b164a68be4cd410c49				
1082	graph-id-in-literal-wrapped-contains-k02-group-20-targeted	graph-id-set	graph-id-in-literal-wrapped-contains	success	1	successful-latency	259542	3887917	0.06675605472030395	4	2911	6520445594f6fc1d080f2e441beea159540f21b52c555b515dbd7ba1fee2a37f				
1083	graph-id-in-parameter-wrapped-contains-k02-group-20-targeted	graph-id-set	graph-id-in-parameter-wrapped-contains	success	1	successful-latency	50291	311666	0.16136184248522456	4	2911	6520445594f6fc1d080f2e441beea159540f21b52c555b515dbd7ba1fee2a37f				
1084	request-selected-set-wrapped-contains-k02-group-20-targeted	graph-set-reference	request-selected-set-wrapped-contains	success	1	successful-latency	37750	292791	0.12893155868862088	4	2911	6520445594f6fc1d080f2e441beea159540f21b52c555b515dbd7ba1fee2a37f				
1085	graph-id-in-literal-wrapped-contains-k02-group-20-dense	graph-id-set	graph-id-in-literal-wrapped-contains	success	1	successful-latency	1080666	24185209	0.044682929967650886	200	95189	6547ed796970ad3186785ae6dc7d6b1328d226d1878e5144fdb98c21fcba06f9				
1086	graph-id-in-parameter-wrapped-contains-k02-group-20-dense	graph-id-set	graph-id-in-parameter-wrapped-contains	success	1	successful-latency	51541	489625	0.10526627521062037	200	95189	6547ed796970ad3186785ae6dc7d6b1328d226d1878e5144fdb98c21fcba06f9				
1087	request-selected-set-wrapped-contains-k02-group-20-dense	graph-set-reference	request-selected-set-wrapped-contains	success	1	successful-latency	44416	444250	0.09997974113674733	200	95189	6547ed796970ad3186785ae6dc7d6b1328d226d1878e5144fdb98c21fcba06f9				
1088	graph-id-in-literal-wrapped-contains-k02-group-21-zero	graph-id-set	graph-id-in-literal-wrapped-contains	success	1	successful-latency	50042	2324708	0.02152614435877538	0	147	805c8c7334c868e18e2be84be95b83cc60895722d739c2b164a68be4cd410c49				
1089	graph-id-in-parameter-wrapped-contains-k02-group-21-zero	graph-id-set	graph-id-in-parameter-wrapped-contains	success	1	successful-latency	36667	286125	0.12815028396679773	0	147	805c8c7334c868e18e2be84be95b83cc60895722d739c2b164a68be4cd410c49				
1090	request-selected-set-wrapped-contains-k02-group-21-zero	graph-set-reference	request-selected-set-wrapped-contains	success	1	successful-latency	33625	263042	0.12783129690315614	0	147	805c8c7334c868e18e2be84be95b83cc60895722d739c2b164a68be4cd410c49				
1091	graph-id-in-literal-wrapped-contains-k02-group-21-targeted	graph-id-set	graph-id-in-literal-wrapped-contains	success	1	successful-latency	333250	3593208	0.09274442225443114	63	39077	2d20a012ee335ff72d99f67135e1ac36defbca676c07a298d3df15c7c1e33f7d				
1092	graph-id-in-parameter-wrapped-contains-k02-group-21-targeted	graph-id-set	graph-id-in-parameter-wrapped-contains	success	1	successful-latency	108125	363625	0.2973530422825713	63	39077	2d20a012ee335ff72d99f67135e1ac36defbca676c07a298d3df15c7c1e33f7d				
1093	request-selected-set-wrapped-contains-k02-group-21-targeted	graph-set-reference	request-selected-set-wrapped-contains	success	1	successful-latency	44375	338333	0.13115776468745288	63	39077	2d20a012ee335ff72d99f67135e1ac36defbca676c07a298d3df15c7c1e33f7d				
1094	graph-id-in-literal-wrapped-contains-k02-group-21-dense	graph-id-set	graph-id-in-literal-wrapped-contains	success	1	successful-latency	928958	18039000	0.0514972005100061	200	93248	bd7a2cfc84011237aca413f8fd4b6ee9130043dc1530bc214cc965d935dc3d88				
1095	graph-id-in-parameter-wrapped-contains-k02-group-21-dense	graph-id-set	graph-id-in-parameter-wrapped-contains	success	1	successful-latency	47750	460833	0.10361671147682566	200	93248	bd7a2cfc84011237aca413f8fd4b6ee9130043dc1530bc214cc965d935dc3d88				
1096	request-selected-set-wrapped-contains-k02-group-21-dense	graph-set-reference	request-selected-set-wrapped-contains	success	1	successful-latency	47500	439375	0.10810810810810811	200	93248	bd7a2cfc84011237aca413f8fd4b6ee9130043dc1530bc214cc965d935dc3d88				
1097	graph-id-in-literal-wrapped-contains-k02-group-22-zero	graph-id-set	graph-id-in-literal-wrapped-contains	success	1	successful-latency	52000	2353833	0.022091626721182003	0	147	805c8c7334c868e18e2be84be95b83cc60895722d739c2b164a68be4cd410c49				
1098	graph-id-in-parameter-wrapped-contains-k02-group-22-zero	graph-id-set	graph-id-in-parameter-wrapped-contains	success	1	successful-latency	26750	289334	0.09245370402372345	0	147	805c8c7334c868e18e2be84be95b83cc60895722d739c2b164a68be4cd410c49				
1099	request-selected-set-wrapped-contains-k02-group-22-zero	graph-set-reference	request-selected-set-wrapped-contains	success	1	successful-latency	56500	270959	0.20851863197015047	0	147	805c8c7334c868e18e2be84be95b83cc60895722d739c2b164a68be4cd410c49				
1100	graph-id-in-literal-wrapped-contains-k02-group-22-targeted	graph-id-set	graph-id-in-literal-wrapped-contains	success	1	successful-latency	252875	3565792	0.07091692392601699	5	3545	4491fecdbf798782a80b3c646f871b5d7a5bb168536f84f8e4718b2551f81515				
1101	graph-id-in-parameter-wrapped-contains-k02-group-22-targeted	graph-id-set	graph-id-in-parameter-wrapped-contains	success	1	successful-latency	86708	303500	0.2856935749588138	5	3545	4491fecdbf798782a80b3c646f871b5d7a5bb168536f84f8e4718b2551f81515				
1102	request-selected-set-wrapped-contains-k02-group-22-targeted	graph-set-reference	request-selected-set-wrapped-contains	success	1	successful-latency	128250	284584	0.45065780226576335	5	3545	4491fecdbf798782a80b3c646f871b5d7a5bb168536f84f8e4718b2551f81515				
1103	graph-id-in-literal-wrapped-contains-k02-group-22-dense	graph-id-set	graph-id-in-literal-wrapped-contains	success	1	successful-latency	934416	21853667	0.04275785844087402	200	90517	901cb7ad5a7cef604f7264d87d81f85a7b3e521b0175839dd61f15fa140b58cf				
1104	graph-id-in-parameter-wrapped-contains-k02-group-22-dense	graph-id-set	graph-id-in-parameter-wrapped-contains	success	1	successful-latency	78541	487208	0.16120630203116534	200	90517	901cb7ad5a7cef604f7264d87d81f85a7b3e521b0175839dd61f15fa140b58cf				
1105	request-selected-set-wrapped-contains-k02-group-22-dense	graph-set-reference	request-selected-set-wrapped-contains	success	1	successful-latency	67250	460583	0.1460105996096252	200	90517	901cb7ad5a7cef604f7264d87d81f85a7b3e521b0175839dd61f15fa140b58cf				
1106	graph-id-in-literal-wrapped-contains-k02-group-23-zero	graph-id-set	graph-id-in-literal-wrapped-contains	success	1	successful-latency	76750	2340083	0.03279798195192222	0	147	805c8c7334c868e18e2be84be95b83cc60895722d739c2b164a68be4cd410c49				
1107	graph-id-in-parameter-wrapped-contains-k02-group-23-zero	graph-id-set	graph-id-in-parameter-wrapped-contains	success	1	successful-latency	54833	296583	0.1848824780921361	0	147	805c8c7334c868e18e2be84be95b83cc60895722d739c2b164a68be4cd410c49				
1108	request-selected-set-wrapped-contains-k02-group-23-zero	graph-set-reference	request-selected-set-wrapped-contains	success	1	successful-latency	31167	269250	0.11575487465181059	0	147	805c8c7334c868e18e2be84be95b83cc60895722d739c2b164a68be4cd410c49				
1109	graph-id-in-literal-wrapped-contains-k02-group-23-targeted	graph-id-set	graph-id-in-literal-wrapped-contains	success	1	successful-latency	302542	3613125	0.08373416363950874	45	27605	5de372ca8e19ec486456452fc7bd2d9f18c4d7b0beb5e238b24073911e1d2e3a				
1110	graph-id-in-parameter-wrapped-contains-k02-group-23-targeted	graph-id-set	graph-id-in-parameter-wrapped-contains	success	1	successful-latency	39208	354458	0.11061395144135554	45	27605	5de372ca8e19ec486456452fc7bd2d9f18c4d7b0beb5e238b24073911e1d2e3a				
1111	request-selected-set-wrapped-contains-k02-group-23-targeted	graph-set-reference	request-selected-set-wrapped-contains	success	1	successful-latency	37375	340250	0.10984570168993388	45	27605	5de372ca8e19ec486456452fc7bd2d9f18c4d7b0beb5e238b24073911e1d2e3a				
1112	graph-id-in-literal-wrapped-contains-k02-group-23-dense	graph-id-set	graph-id-in-literal-wrapped-contains	success	1	successful-latency	1059666	21477667	0.049338040300187166	200	96641	3ad39c9167b00424c5957087068cab90d47268c9063b8d9e565113275edd98c8				
1113	graph-id-in-parameter-wrapped-contains-k02-group-23-dense	graph-id-set	graph-id-in-parameter-wrapped-contains	success	1	successful-latency	44958	496375	0.0905726517250063	200	96641	3ad39c9167b00424c5957087068cab90d47268c9063b8d9e565113275edd98c8				
1114	request-selected-set-wrapped-contains-k02-group-23-dense	graph-set-reference	request-selected-set-wrapped-contains	success	1	successful-latency	37292	458000	0.0814235807860262	200	96641	3ad39c9167b00424c5957087068cab90d47268c9063b8d9e565113275edd98c8				
1115	graph-id-in-literal-wrapped-contains-k02-group-24-zero	graph-id-set	graph-id-in-literal-wrapped-contains	success	1	successful-latency	46000	1927834	0.02386097558192251	0	147	805c8c7334c868e18e2be84be95b83cc60895722d739c2b164a68be4cd410c49				
1116	graph-id-in-parameter-wrapped-contains-k02-group-24-zero	graph-id-set	graph-id-in-parameter-wrapped-contains	success	1	successful-latency	27875	305709	0.091181483044333	0	147	805c8c7334c868e18e2be84be95b83cc60895722d739c2b164a68be4cd410c49				
1117	request-selected-set-wrapped-contains-k02-group-24-zero	graph-set-reference	request-selected-set-wrapped-contains	success	1	successful-latency	23333	262209	0.08898626668039618	0	147	805c8c7334c868e18e2be84be95b83cc60895722d739c2b164a68be4cd410c49				
1118	graph-id-in-literal-wrapped-contains-k02-group-24-targeted	graph-id-set	graph-id-in-literal-wrapped-contains	success	1	successful-latency	203666	3036458	0.06707354424134962	10	6351	274597a5e0e535d6581734920f9ffbc39062a84a13ad9d85823a8f12df219dfd				
1119	graph-id-in-parameter-wrapped-contains-k02-group-24-targeted	graph-id-set	graph-id-in-parameter-wrapped-contains	success	1	successful-latency	26083	322500	0.08087751937984496	10	6351	274597a5e0e535d6581734920f9ffbc39062a84a13ad9d85823a8f12df219dfd				
1120	request-selected-set-wrapped-contains-k02-group-24-targeted	graph-set-reference	request-selected-set-wrapped-contains	success	1	successful-latency	23792	290167	0.08199416198258244	10	6351	274597a5e0e535d6581734920f9ffbc39062a84a13ad9d85823a8f12df219dfd				
1121	graph-id-in-literal-wrapped-contains-k02-group-24-dense	graph-id-set	graph-id-in-literal-wrapped-contains	success	1	successful-latency	938917	12170708	0.0771456352415981	200	97301	4abd067ea3c7496241f2623586a132809a81e33bd08c7645b717be3ee7ee2542				
1122	graph-id-in-parameter-wrapped-contains-k02-group-24-dense	graph-id-set	graph-id-in-parameter-wrapped-contains	success	1	successful-latency	43250	482500	0.08963730569948186	200	97301	4abd067ea3c7496241f2623586a132809a81e33bd08c7645b717be3ee7ee2542				
1123	request-selected-set-wrapped-contains-k02-group-24-dense	graph-set-reference	request-selected-set-wrapped-contains	success	1	successful-latency	39666	443917	0.08935454150212765	200	97301	4abd067ea3c7496241f2623586a132809a81e33bd08c7645b717be3ee7ee2542				
1124	graph-id-in-literal-wrapped-contains-k02-group-25-zero	graph-id-set	graph-id-in-literal-wrapped-contains	success	1	successful-latency	45166	1868667	0.02417017050121825	0	147	805c8c7334c868e18e2be84be95b83cc60895722d739c2b164a68be4cd410c49				
1125	graph-id-in-parameter-wrapped-contains-k02-group-25-zero	graph-id-set	graph-id-in-parameter-wrapped-contains	success	1	successful-latency	48500	298292	0.16259235916484518	0	147	805c8c7334c868e18e2be84be95b83cc60895722d739c2b164a68be4cd410c49				
1126	request-selected-set-wrapped-contains-k02-group-25-zero	graph-set-reference	request-selected-set-wrapped-contains	success	1	successful-latency	25041	264750	0.09458356940509915	0	147	805c8c7334c868e18e2be84be95b83cc60895722d739c2b164a68be4cd410c49				
1127	graph-id-in-literal-wrapped-contains-k02-group-25-targeted	graph-id-set	graph-id-in-literal-wrapped-contains	success	1	successful-latency	224625	2965750	0.07573969484953216	11	6749	2381a85a5b438c2bf70fa3be382bc797869fcc97bf32160c293adfc9bc311b40				
1128	graph-id-in-parameter-wrapped-contains-k02-group-25-targeted	graph-id-set	graph-id-in-parameter-wrapped-contains	success	1	successful-latency	34417	315458	0.10910168707086206	11	6749	2381a85a5b438c2bf70fa3be382bc797869fcc97bf32160c293adfc9bc311b40				
1129	request-selected-set-wrapped-contains-k02-group-25-targeted	graph-set-reference	request-selected-set-wrapped-contains	success	1	successful-latency	47292	298000	0.1586979865771812	11	6749	2381a85a5b438c2bf70fa3be382bc797869fcc97bf32160c293adfc9bc311b40				
1130	graph-id-in-literal-wrapped-contains-k02-group-25-dense	graph-id-set	graph-id-in-literal-wrapped-contains	success	1	successful-latency	865542	11175000	0.07745342281879194	200	91564	fbf180fab82c32493738bb60bb29955d3f45810bb23806d614f71964200069bc				
1131	graph-id-in-parameter-wrapped-contains-k02-group-25-dense	graph-id-set	graph-id-in-parameter-wrapped-contains	success	1	successful-latency	42542	485208	0.08767786186542678	200	91564	fbf180fab82c32493738bb60bb29955d3f45810bb23806d614f71964200069bc				
1132	request-selected-set-wrapped-contains-k02-group-25-dense	graph-set-reference	request-selected-set-wrapped-contains	success	1	successful-latency	37167	435916	0.08526183943695574	200	91564	fbf180fab82c32493738bb60bb29955d3f45810bb23806d614f71964200069bc				
1133	graph-id-in-literal-wrapped-contains-k02-group-26-zero	graph-id-set	graph-id-in-literal-wrapped-contains	success	1	successful-latency	81084	1965208	0.041259754692633044	0	147	805c8c7334c868e18e2be84be95b83cc60895722d739c2b164a68be4cd410c49				
1134	graph-id-in-parameter-wrapped-contains-k02-group-26-zero	graph-id-set	graph-id-in-parameter-wrapped-contains	success	1	successful-latency	39250	297417	0.13196959151628856	0	147	805c8c7334c868e18e2be84be95b83cc60895722d739c2b164a68be4cd410c49				
1135	request-selected-set-wrapped-contains-k02-group-26-zero	graph-set-reference	request-selected-set-wrapped-contains	success	1	successful-latency	33208	255750	0.1298455522971652	0	147	805c8c7334c868e18e2be84be95b83cc60895722d739c2b164a68be4cd410c49				
1136	graph-id-in-literal-wrapped-contains-k02-group-26-targeted	graph-id-set	graph-id-in-literal-wrapped-contains	success	1	successful-latency	232875	3070375	0.07584578430973415	1	792	6691abe0a1f608719107bf4ffc3fa52632123ab77cb7c2c3c6536cd32de533b1				
1137	graph-id-in-parameter-wrapped-contains-k02-group-26-targeted	graph-id-set	graph-id-in-parameter-wrapped-contains	success	1	successful-latency	27417	298667	0.09179788861842789	1	792	6691abe0a1f608719107bf4ffc3fa52632123ab77cb7c2c3c6536cd32de533b1				
1138	request-selected-set-wrapped-contains-k02-group-26-targeted	graph-set-reference	request-selected-set-wrapped-contains	success	1	successful-latency	26250	293375	0.08947592671495526	1	792	6691abe0a1f608719107bf4ffc3fa52632123ab77cb7c2c3c6536cd32de533b1				
1139	graph-id-in-literal-wrapped-contains-k02-group-26-dense	graph-id-set	graph-id-in-literal-wrapped-contains	success	1	successful-latency	925000	12200375	0.07581734168007132	200	96891	db4b9bfadbbb61a039e76484090eda57349ec9585a7c795f46793352fb739e7c				
1140	graph-id-in-parameter-wrapped-contains-k02-group-26-dense	graph-id-set	graph-id-in-parameter-wrapped-contains	success	1	successful-latency	34750	462250	0.07517577068685775	200	96891	db4b9bfadbbb61a039e76484090eda57349ec9585a7c795f46793352fb739e7c				
1141	request-selected-set-wrapped-contains-k02-group-26-dense	graph-set-reference	request-selected-set-wrapped-contains	success	1	successful-latency	29125	418625	0.0695730068677217	200	96891	db4b9bfadbbb61a039e76484090eda57349ec9585a7c795f46793352fb739e7c				
1142	graph-id-in-literal-wrapped-contains-k02-group-27-zero	graph-id-set	graph-id-in-literal-wrapped-contains	success	1	successful-latency	46083	1857625	0.024807482672767646	0	147	805c8c7334c868e18e2be84be95b83cc60895722d739c2b164a68be4cd410c49				
1143	graph-id-in-parameter-wrapped-contains-k02-group-27-zero	graph-id-set	graph-id-in-parameter-wrapped-contains	success	1	successful-latency	36583	299542	0.122129784804802	0	147	805c8c7334c868e18e2be84be95b83cc60895722d739c2b164a68be4cd410c49				
1144	request-selected-set-wrapped-contains-k02-group-27-zero	graph-set-reference	request-selected-set-wrapped-contains	success	1	successful-latency	21375	258583	0.08266204661559344	0	147	805c8c7334c868e18e2be84be95b83cc60895722d739c2b164a68be4cd410c49				
1145	graph-id-in-literal-wrapped-contains-k02-group-27-targeted	graph-id-set	graph-id-in-literal-wrapped-contains	success	1	successful-latency	172459	2877750	0.05992841629745461	3	1869	5157205e66d4cebff8b628175c555fdb333564013eabc5f496e37f9a4ad2b606				
1146	graph-id-in-parameter-wrapped-contains-k02-group-27-targeted	graph-id-set	graph-id-in-parameter-wrapped-contains	success	1	successful-latency	46375	293375	0.15807413719642097	3	1869	5157205e66d4cebff8b628175c555fdb333564013eabc5f496e37f9a4ad2b606				
1147	request-selected-set-wrapped-contains-k02-group-27-targeted	graph-set-reference	request-selected-set-wrapped-contains	success	1	successful-latency	37625	288250	0.1305290546400694	3	1869	5157205e66d4cebff8b628175c555fdb333564013eabc5f496e37f9a4ad2b606				
1148	graph-id-in-literal-wrapped-contains-k02-group-27-dense	graph-id-set	graph-id-in-literal-wrapped-contains	success	1	successful-latency	935875	11415292	0.08198432418548733	200	92798	60b390f0b190e46f6fd1b4929641c7324c9142e0f18a85bc338e7b41ebe62db5				
1149	graph-id-in-parameter-wrapped-contains-k02-group-27-dense	graph-id-set	graph-id-in-parameter-wrapped-contains	success	1	successful-latency	52083	458125	0.11368731241473397	200	92798	60b390f0b190e46f6fd1b4929641c7324c9142e0f18a85bc338e7b41ebe62db5				
1150	request-selected-set-wrapped-contains-k02-group-27-dense	graph-set-reference	request-selected-set-wrapped-contains	success	1	successful-latency	42417	426792	0.09938564921554294	200	92798	60b390f0b190e46f6fd1b4929641c7324c9142e0f18a85bc338e7b41ebe62db5				
1151	graph-id-in-literal-wrapped-contains-k02-group-28-zero	graph-id-set	graph-id-in-literal-wrapped-contains	success	1	successful-latency	52167	1915042	0.027240655818514686	0	147	805c8c7334c868e18e2be84be95b83cc60895722d739c2b164a68be4cd410c49				
1152	graph-id-in-parameter-wrapped-contains-k02-group-28-zero	graph-id-set	graph-id-in-parameter-wrapped-contains	success	1	successful-latency	36166	293791	0.12310111609954015	0	147	805c8c7334c868e18e2be84be95b83cc60895722d739c2b164a68be4cd410c49				
1153	request-selected-set-wrapped-contains-k02-group-28-zero	graph-set-reference	request-selected-set-wrapped-contains	success	1	successful-latency	30125	269750	0.11167747914735866	0	147	805c8c7334c868e18e2be84be95b83cc60895722d739c2b164a68be4cd410c49				
1154	graph-id-in-literal-wrapped-contains-k02-group-28-targeted	graph-id-set	graph-id-in-literal-wrapped-contains	success	1	successful-latency	250542	3049125	0.08216849096052146	1	802	7ebbe5301915ad5c39692b733c3f39851576d09270c89f830b9e80b342a866f6				
1155	graph-id-in-parameter-wrapped-contains-k02-group-28-targeted	graph-id-set	graph-id-in-parameter-wrapped-contains	success	1	successful-latency	27625	293958	0.0939760101783248	1	802	7ebbe5301915ad5c39692b733c3f39851576d09270c89f830b9e80b342a866f6				
1156	request-selected-set-wrapped-contains-k02-group-28-targeted	graph-set-reference	request-selected-set-wrapped-contains	success	1	successful-latency	28292	286083	0.09889437680673091	1	802	7ebbe5301915ad5c39692b733c3f39851576d09270c89f830b9e80b342a866f6				
1157	graph-id-in-literal-wrapped-contains-k02-group-28-dense	graph-id-set	graph-id-in-literal-wrapped-contains	success	1	successful-latency	855917	12032000	0.07113671875	200	93704	b778fc4edfb3c1031b90b2d3d121fd31958733afdc68d3f1cde538a17b738328				
1158	graph-id-in-parameter-wrapped-contains-k02-group-28-dense	graph-id-set	graph-id-in-parameter-wrapped-contains	success	1	successful-latency	45542	477625	0.09535095524731746	200	93704	b778fc4edfb3c1031b90b2d3d121fd31958733afdc68d3f1cde538a17b738328				
1159	request-selected-set-wrapped-contains-k02-group-28-dense	graph-set-reference	request-selected-set-wrapped-contains	success	1	successful-latency	42625	439500	0.09698521046643914	200	93704	b778fc4edfb3c1031b90b2d3d121fd31958733afdc68d3f1cde538a17b738328				
1160	graph-id-in-literal-wrapped-contains-k02-group-29-zero	graph-id-set	graph-id-in-literal-wrapped-contains	success	1	successful-latency	53167	1956250	0.027178019169329073	0	147	805c8c7334c868e18e2be84be95b83cc60895722d739c2b164a68be4cd410c49				
1161	graph-id-in-parameter-wrapped-contains-k02-group-29-zero	graph-id-set	graph-id-in-parameter-wrapped-contains	success	1	successful-latency	30750	298125	0.10314465408805032	0	147	805c8c7334c868e18e2be84be95b83cc60895722d739c2b164a68be4cd410c49				
1162	request-selected-set-wrapped-contains-k02-group-29-zero	graph-set-reference	request-selected-set-wrapped-contains	success	1	successful-latency	27333	273417	0.09996818047158736	0	147	805c8c7334c868e18e2be84be95b83cc60895722d739c2b164a68be4cd410c49				
1163	graph-id-in-literal-wrapped-contains-k02-group-29-targeted	graph-id-set	graph-id-in-literal-wrapped-contains	success	1	successful-latency	228708	3128792	0.0730978601326007	12	7029	1df616dc12f8aa99df8ef1921ad6c878afdd2d37362d488527ffbb7ddbe7f6e3				
1164	graph-id-in-parameter-wrapped-contains-k02-group-29-targeted	graph-id-set	graph-id-in-parameter-wrapped-contains	success	1	successful-latency	31208	313500	0.09954704944178629	12	7029	1df616dc12f8aa99df8ef1921ad6c878afdd2d37362d488527ffbb7ddbe7f6e3				
1165	request-selected-set-wrapped-contains-k02-group-29-targeted	graph-set-reference	request-selected-set-wrapped-contains	success	1	successful-latency	30375	292417	0.1038756296658539	12	7029	1df616dc12f8aa99df8ef1921ad6c878afdd2d37362d488527ffbb7ddbe7f6e3				
1166	graph-id-in-literal-wrapped-contains-k02-group-29-dense	graph-id-set	graph-id-in-literal-wrapped-contains	success	1	successful-latency	1016083	13944250	0.07286752604119978	200	94948	3f3fd3df372307937afdfd0915ce035266497833c5712760faf456eece659c97				
1167	graph-id-in-parameter-wrapped-contains-k02-group-29-dense	graph-id-set	graph-id-in-parameter-wrapped-contains	success	1	successful-latency	42875	473333	0.09058104970496458	200	94948	3f3fd3df372307937afdfd0915ce035266497833c5712760faf456eece659c97				
1168	request-selected-set-wrapped-contains-k02-group-29-dense	graph-set-reference	request-selected-set-wrapped-contains	success	1	successful-latency	38625	444250	0.08694428812605515	200	94948	3f3fd3df372307937afdfd0915ce035266497833c5712760faf456eece659c97				
1169	graph-id-in-literal-wrapped-contains-k02-group-30-zero	graph-id-set	graph-id-in-literal-wrapped-contains	success	1	successful-latency	47750	1909083	0.02501200838308235	0	147	805c8c7334c868e18e2be84be95b83cc60895722d739c2b164a68be4cd410c49				
1170	graph-id-in-parameter-wrapped-contains-k02-group-30-zero	graph-id-set	graph-id-in-parameter-wrapped-contains	success	1	successful-latency	29000	287333	0.1009281913320085	0	147	805c8c7334c868e18e2be84be95b83cc60895722d739c2b164a68be4cd410c49				
1171	request-selected-set-wrapped-contains-k02-group-30-zero	graph-set-reference	request-selected-set-wrapped-contains	success	1	successful-latency	27708	264792	0.10464062358379407	0	147	805c8c7334c868e18e2be84be95b83cc60895722d739c2b164a68be4cd410c49				
1172	graph-id-in-literal-wrapped-contains-k02-group-30-targeted	graph-id-set	graph-id-in-literal-wrapped-contains	success	1	successful-latency	251167	3128333	0.08028780823524861	13	7599	88379c6b80e2b23974c6b6a1e2c6fc3f3680ec705c71b7cecbc9a2228bf7fa26				
1173	graph-id-in-parameter-wrapped-contains-k02-group-30-targeted	graph-id-set	graph-id-in-parameter-wrapped-contains	success	1	successful-latency	34000	310167	0.10961836687977766	13	7599	88379c6b80e2b23974c6b6a1e2c6fc3f3680ec705c71b7cecbc9a2228bf7fa26				
1174	request-selected-set-wrapped-contains-k02-group-30-targeted	graph-set-reference	request-selected-set-wrapped-contains	success	1	successful-latency	30166	304792	0.09897241397412006	13	7599	88379c6b80e2b23974c6b6a1e2c6fc3f3680ec705c71b7cecbc9a2228bf7fa26				
1175	graph-id-in-literal-wrapped-contains-k02-group-30-dense	graph-id-set	graph-id-in-literal-wrapped-contains	success	1	successful-latency	874417	11591958	0.07543307178994264	200	94040	5d662b90e716477fff887768402c85462026d6042e22f1d7fafdb565b9f9efc8				
1176	graph-id-in-parameter-wrapped-contains-k02-group-30-dense	graph-id-set	graph-id-in-parameter-wrapped-contains	success	1	successful-latency	40666	469500	0.08661554845580405	200	94040	5d662b90e716477fff887768402c85462026d6042e22f1d7fafdb565b9f9efc8				
1177	request-selected-set-wrapped-contains-k02-group-30-dense	graph-set-reference	request-selected-set-wrapped-contains	success	1	successful-latency	35583	429750	0.08279930191972076	200	94040	5d662b90e716477fff887768402c85462026d6042e22f1d7fafdb565b9f9efc8				
1178	graph-id-in-literal-wrapped-contains-k02-group-31-zero	graph-id-set	graph-id-in-literal-wrapped-contains	success	1	successful-latency	48709	1889083	0.025784467913797328	0	147	805c8c7334c868e18e2be84be95b83cc60895722d739c2b164a68be4cd410c49				
1179	graph-id-in-parameter-wrapped-contains-k02-group-31-zero	graph-id-set	graph-id-in-parameter-wrapped-contains	success	1	successful-latency	32791	294458	0.11136053359052904	0	147	805c8c7334c868e18e2be84be95b83cc60895722d739c2b164a68be4cd410c49				
1180	request-selected-set-wrapped-contains-k02-group-31-zero	graph-set-reference	request-selected-set-wrapped-contains	success	1	successful-latency	36417	260958	0.13955119214586256	0	147	805c8c7334c868e18e2be84be95b83cc60895722d739c2b164a68be4cd410c49				
1181	graph-id-in-literal-wrapped-contains-k02-group-31-targeted	graph-id-set	graph-id-in-literal-wrapped-contains	success	1	successful-latency	197459	2935875	0.06725729126750969	1	877	f04b3035acb1285487cb68f126c796fd316b35c6ce630f1e71efd88436bf28f2				
1182	graph-id-in-parameter-wrapped-contains-k02-group-31-targeted	graph-id-set	graph-id-in-parameter-wrapped-contains	success	1	successful-latency	30334	296416	0.10233590629385728	1	877	f04b3035acb1285487cb68f126c796fd316b35c6ce630f1e71efd88436bf28f2				
1183	request-selected-set-wrapped-contains-k02-group-31-targeted	graph-set-reference	request-selected-set-wrapped-contains	success	1	successful-latency	28708	290167	0.09893612988382552	1	877	f04b3035acb1285487cb68f126c796fd316b35c6ce630f1e71efd88436bf28f2				
1184	graph-id-in-literal-wrapped-contains-k02-group-31-dense	graph-id-set	graph-id-in-literal-wrapped-contains	success	1	successful-latency	911458	12245250	0.07443359670076152	200	97449	f19574ac46a01dafc16136d9e8c4835b8d40c72753078eb8a67a1d7d438dd937				
1185	graph-id-in-parameter-wrapped-contains-k02-group-31-dense	graph-id-set	graph-id-in-parameter-wrapped-contains	success	1	successful-latency	55042	470333	0.11702772291121397	200	97449	f19574ac46a01dafc16136d9e8c4835b8d40c72753078eb8a67a1d7d438dd937				
1186	request-selected-set-wrapped-contains-k02-group-31-dense	graph-set-reference	request-selected-set-wrapped-contains	success	1	successful-latency	45583	420208	0.10847723032403	200	97449	f19574ac46a01dafc16136d9e8c4835b8d40c72753078eb8a67a1d7d438dd937				
1187	graph-id-in-literal-wrapped-contains-k08-group-00-zero	graph-id-set	graph-id-in-literal-wrapped-contains	success	1	successful-latency	122209	8693917	0.014056839972132239	0	147	805c8c7334c868e18e2be84be95b83cc60895722d739c2b164a68be4cd410c49				
1188	graph-id-in-parameter-wrapped-contains-k08-group-00-zero	graph-id-set	graph-id-in-parameter-wrapped-contains	success	1	successful-latency	49125	356459	0.13781388602896827	0	147	805c8c7334c868e18e2be84be95b83cc60895722d739c2b164a68be4cd410c49				
1189	request-selected-set-wrapped-contains-k08-group-00-zero	graph-set-reference	request-selected-set-wrapped-contains	success	1	successful-latency	58750	320459	0.1833307849054013	0	147	805c8c7334c868e18e2be84be95b83cc60895722d739c2b164a68be4cd410c49				
1190	graph-id-in-literal-wrapped-contains-k08-group-00-targeted	graph-id-set	graph-id-in-literal-wrapped-contains	success	1	successful-latency	393333	10941292	0.03594941072772759	10	5730	00c81103244dc6d42abdc3894d771e5a24957dcf7e5ad4d8dc686b1d7e0cb89e				
1191	graph-id-in-parameter-wrapped-contains-k08-group-00-targeted	graph-id-set	graph-id-in-parameter-wrapped-contains	success	1	successful-latency	49209	403625	0.12191762155466089	10	5730	00c81103244dc6d42abdc3894d771e5a24957dcf7e5ad4d8dc686b1d7e0cb89e				
1192	request-selected-set-wrapped-contains-k08-group-00-targeted	graph-set-reference	request-selected-set-wrapped-contains	success	1	successful-latency	50542	365125	0.13842382745635057	10	5730	00c81103244dc6d42abdc3894d771e5a24957dcf7e5ad4d8dc686b1d7e0cb89e				
1193	graph-id-in-literal-wrapped-contains-k08-group-00-dense	graph-id-set	graph-id-in-literal-wrapped-contains	success	1	successful-latency	90375	519209	0.17406285330184953	200	84411	3bdee68309e62bee93f47848258ded90b1763d55841fa57d8b8fd21867653c44				
1194	graph-id-in-parameter-wrapped-contains-k08-group-00-dense	graph-id-set	graph-id-in-parameter-wrapped-contains	success	1	successful-latency	49125	466708	0.1052585342441098	200	84411	3bdee68309e62bee93f47848258ded90b1763d55841fa57d8b8fd21867653c44				
1195	request-selected-set-wrapped-contains-k08-group-00-dense	graph-set-reference	request-selected-set-wrapped-contains	success	1	successful-latency	50625	447875	0.11303377058331007	200	84411	3bdee68309e62bee93f47848258ded90b1763d55841fa57d8b8fd21867653c44				
1196	graph-id-in-literal-wrapped-contains-k08-group-01-zero	graph-id-set	graph-id-in-literal-wrapped-contains	success	1	successful-latency	90000	8444792	0.010657456098385846	0	147	805c8c7334c868e18e2be84be95b83cc60895722d739c2b164a68be4cd410c49				
1197	graph-id-in-parameter-wrapped-contains-k08-group-01-zero	graph-id-set	graph-id-in-parameter-wrapped-contains	success	1	successful-latency	47875	350625	0.13654188948306595	0	147	805c8c7334c868e18e2be84be95b83cc60895722d739c2b164a68be4cd410c49				
1198	request-selected-set-wrapped-contains-k08-group-01-zero	graph-set-reference	request-selected-set-wrapped-contains	success	1	successful-latency	43041	314250	0.13696420047732696	0	147	805c8c7334c868e18e2be84be95b83cc60895722d739c2b164a68be4cd410c49				
1199	graph-id-in-literal-wrapped-contains-k08-group-01-targeted	graph-id-set	graph-id-in-literal-wrapped-contains	success	1	successful-latency	385708	10994125	0.035083101201778225	2	1322	4b49b28d836e57c2c3f8d43a93acd00a93b169fcd603338f9ab350f541e9665c				
1200	graph-id-in-parameter-wrapped-contains-k08-group-01-targeted	graph-id-set	graph-id-in-parameter-wrapped-contains	success	1	successful-latency	41792	386750	0.10805946994182289	2	1322	4b49b28d836e57c2c3f8d43a93acd00a93b169fcd603338f9ab350f541e9665c				
1201	request-selected-set-wrapped-contains-k08-group-01-targeted	graph-set-reference	request-selected-set-wrapped-contains	success	1	successful-latency	42959	349500	0.12291559370529327	2	1322	4b49b28d836e57c2c3f8d43a93acd00a93b169fcd603338f9ab350f541e9665c				
1202	graph-id-in-literal-wrapped-contains-k08-group-01-dense	graph-id-set	graph-id-in-literal-wrapped-contains	success	1	successful-latency	71458	524417	0.1362617916657927	200	85531	ed34441ff634f19c276911a1fa193106a9070fde1065b57fc7ec71132b8d5f66				
1203	graph-id-in-parameter-wrapped-contains-k08-group-01-dense	graph-id-set	graph-id-in-parameter-wrapped-contains	success	1	successful-latency	43083	481125	0.08954637568199532	200	85531	ed34441ff634f19c276911a1fa193106a9070fde1065b57fc7ec71132b8d5f66				
1204	request-selected-set-wrapped-contains-k08-group-01-dense	graph-set-reference	request-selected-set-wrapped-contains	success	1	successful-latency	41875	437875	0.09563231515843562	200	85531	ed34441ff634f19c276911a1fa193106a9070fde1065b57fc7ec71132b8d5f66				
1205	graph-id-in-literal-wrapped-contains-k08-group-02-zero	graph-id-set	graph-id-in-literal-wrapped-contains	success	1	successful-latency	83125	5499792	0.015114207955500862	0	147	805c8c7334c868e18e2be84be95b83cc60895722d739c2b164a68be4cd410c49				
1206	graph-id-in-parameter-wrapped-contains-k08-group-02-zero	graph-id-set	graph-id-in-parameter-wrapped-contains	success	1	successful-latency	49167	363500	0.13525997248968363	0	147	805c8c7334c868e18e2be84be95b83cc60895722d739c2b164a68be4cd410c49				
1207	request-selected-set-wrapped-contains-k08-group-02-zero	graph-set-reference	request-selected-set-wrapped-contains	success	1	successful-latency	44125	323375	0.1364514882102822	0	147	805c8c7334c868e18e2be84be95b83cc60895722d739c2b164a68be4cd410c49				
1208	graph-id-in-literal-wrapped-contains-k08-group-02-targeted	graph-id-set	graph-id-in-literal-wrapped-contains	success	1	successful-latency	478917	7438000	0.06438787308416241	1	771	41ad9b5110585bc89df35b9d0a0c6bd66daaf6c239b4212552d078b2f2a28c34				
1209	graph-id-in-parameter-wrapped-contains-k08-group-02-targeted	graph-id-set	graph-id-in-parameter-wrapped-contains	success	1	successful-latency	76625	368125	0.20814940577249574	1	771	41ad9b5110585bc89df35b9d0a0c6bd66daaf6c239b4212552d078b2f2a28c34				
1210	request-selected-set-wrapped-contains-k08-group-02-targeted	graph-set-reference	request-selected-set-wrapped-contains	success	1	successful-latency	43167	350750	0.12307056307911618	1	771	41ad9b5110585bc89df35b9d0a0c6bd66daaf6c239b4212552d078b2f2a28c34				
1211	graph-id-in-literal-wrapped-contains-k08-group-02-dense	graph-id-set	graph-id-in-literal-wrapped-contains	success	1	successful-latency	89833	487667	0.18420971687647514	200	94237	51b180cd96740a311cc61165baa84cc05517b2f28ac6c70debc25f8e14514414				
1212	graph-id-in-parameter-wrapped-contains-k08-group-02-dense	graph-id-set	graph-id-in-parameter-wrapped-contains	success	1	successful-latency	53166	454833	0.11689125459234488	200	94237	51b180cd96740a311cc61165baa84cc05517b2f28ac6c70debc25f8e14514414				
1213	request-selected-set-wrapped-contains-k08-group-02-dense	graph-set-reference	request-selected-set-wrapped-contains	success	1	successful-latency	41875	418334	0.10009944207260227	200	94237	51b180cd96740a311cc61165baa84cc05517b2f28ac6c70debc25f8e14514414				
1214	graph-id-in-literal-wrapped-contains-k08-group-03-zero	graph-id-set	graph-id-in-literal-wrapped-contains	success	1	successful-latency	119667	5940000	0.020145959595959596	0	147	805c8c7334c868e18e2be84be95b83cc60895722d739c2b164a68be4cd410c49				
1215	graph-id-in-parameter-wrapped-contains-k08-group-03-zero	graph-id-set	graph-id-in-parameter-wrapped-contains	success	1	successful-latency	48209	332291	0.14508066724647975	0	147	805c8c7334c868e18e2be84be95b83cc60895722d739c2b164a68be4cd410c49				
1216	request-selected-set-wrapped-contains-k08-group-03-zero	graph-set-reference	request-selected-set-wrapped-contains	success	1	successful-latency	46125	310250	0.14867042707493958	0	147	805c8c7334c868e18e2be84be95b83cc60895722d739c2b164a68be4cd410c49				
1217	graph-id-in-literal-wrapped-contains-k08-group-03-targeted	graph-id-set	graph-id-in-literal-wrapped-contains	success	1	successful-latency	372625	7616167	0.04892552907518966	11	6471	f7053dac9cedfeddd8e106fa7637705f2074a663f1e92a91b4f90ae3e2987a4d				
1218	graph-id-in-parameter-wrapped-contains-k08-group-03-targeted	graph-id-set	graph-id-in-parameter-wrapped-contains	success	1	successful-latency	47584	386166	0.12322161971794514	11	6471	f7053dac9cedfeddd8e106fa7637705f2074a663f1e92a91b4f90ae3e2987a4d				
1219	request-selected-set-wrapped-contains-k08-group-03-targeted	graph-set-reference	request-selected-set-wrapped-contains	success	1	successful-latency	41833	368125	0.11363803056027165	11	6471	f7053dac9cedfeddd8e106fa7637705f2074a663f1e92a91b4f90ae3e2987a4d				
1220	graph-id-in-literal-wrapped-contains-k08-group-03-dense	graph-id-set	graph-id-in-literal-wrapped-contains	success	1	successful-latency	99208	494625	0.20057215061915593	200	96144	13cc3d04be15c5d98101b6676211e0260c08571becd6cbc7be1dcfad1b7efce8				
1221	graph-id-in-parameter-wrapped-contains-k08-group-03-dense	graph-id-set	graph-id-in-parameter-wrapped-contains	success	1	successful-latency	44125	448208	0.09844759575911184	200	96144	13cc3d04be15c5d98101b6676211e0260c08571becd6cbc7be1dcfad1b7efce8				
1222	request-selected-set-wrapped-contains-k08-group-03-dense	graph-set-reference	request-selected-set-wrapped-contains	success	1	successful-latency	42875	432500	0.09913294797687862	200	96144	13cc3d04be15c5d98101b6676211e0260c08571becd6cbc7be1dcfad1b7efce8				
1223	graph-id-in-literal-wrapped-contains-k08-group-04-zero	graph-id-set	graph-id-in-literal-wrapped-contains	success	1	successful-latency	134250	6663958	0.020145685191893466	0	147	805c8c7334c868e18e2be84be95b83cc60895722d739c2b164a68be4cd410c49				
1224	graph-id-in-parameter-wrapped-contains-k08-group-04-zero	graph-id-set	graph-id-in-parameter-wrapped-contains	success	1	successful-latency	55083	357542	0.1540602222955625	0	147	805c8c7334c868e18e2be84be95b83cc60895722d739c2b164a68be4cd410c49				
1225	request-selected-set-wrapped-contains-k08-group-04-zero	graph-set-reference	request-selected-set-wrapped-contains	success	1	successful-latency	52959	304875	0.17370725707257073	0	147	805c8c7334c868e18e2be84be95b83cc60895722d739c2b164a68be4cd410c49				
1226	graph-id-in-literal-wrapped-contains-k08-group-04-targeted	graph-id-set	graph-id-in-literal-wrapped-contains	success	1	successful-latency	461500	10039916	0.045966520038613866	4	2862	72e96499d86d64ae9da267f3b15791817d4250f06a8dfea9d09edd8c3c23a440				
1227	graph-id-in-parameter-wrapped-contains-k08-group-04-targeted	graph-id-set	graph-id-in-parameter-wrapped-contains	success	1	successful-latency	51834	404708	0.12807752750130957	4	2862	72e96499d86d64ae9da267f3b15791817d4250f06a8dfea9d09edd8c3c23a440				
1228	request-selected-set-wrapped-contains-k08-group-04-targeted	graph-set-reference	request-selected-set-wrapped-contains	success	1	successful-latency	42541	367250	0.11583662355343771	4	2862	72e96499d86d64ae9da267f3b15791817d4250f06a8dfea9d09edd8c3c23a440				
1229	graph-id-in-literal-wrapped-contains-k08-group-04-dense	graph-id-set	graph-id-in-literal-wrapped-contains	success	1	successful-latency	95667	492625	0.19419842679522964	200	92864	0ad6a5ae10cb27d8dd28af205e0df8ebd79b3e1ca0079c8c876100ee108fc38d				
1230	graph-id-in-parameter-wrapped-contains-k08-group-04-dense	graph-id-set	graph-id-in-parameter-wrapped-contains	success	1	successful-latency	40667	444667	0.09145495393181864	200	92864	0ad6a5ae10cb27d8dd28af205e0df8ebd79b3e1ca0079c8c876100ee108fc38d				
1231	request-selected-set-wrapped-contains-k08-group-04-dense	graph-set-reference	request-selected-set-wrapped-contains	success	1	successful-latency	38583	419417	0.09199197934275434	200	92864	0ad6a5ae10cb27d8dd28af205e0df8ebd79b3e1ca0079c8c876100ee108fc38d				
1232	graph-id-in-literal-wrapped-contains-k08-group-05-zero	graph-id-set	graph-id-in-literal-wrapped-contains	success	1	successful-latency	114625	6392375	0.01793151997497018	0	147	805c8c7334c868e18e2be84be95b83cc60895722d739c2b164a68be4cd410c49				
1233	graph-id-in-parameter-wrapped-contains-k08-group-05-zero	graph-id-set	graph-id-in-parameter-wrapped-contains	success	1	successful-latency	48708	345041	0.1411658324662866	0	147	805c8c7334c868e18e2be84be95b83cc60895722d739c2b164a68be4cd410c49				
1234	request-selected-set-wrapped-contains-k08-group-05-zero	graph-set-reference	request-selected-set-wrapped-contains	success	1	successful-latency	40542	303334	0.13365465130845866	0	147	805c8c7334c868e18e2be84be95b83cc60895722d739c2b164a68be4cd410c49				
1235	graph-id-in-literal-wrapped-contains-k08-group-05-targeted	graph-id-set	graph-id-in-literal-wrapped-contains	success	1	successful-latency	546292	9910042	0.05512509432351548	5	3569	2e8b431c58e14625230a8348815c48031083a65c269f458638b01cdf99fff211				
1236	graph-id-in-parameter-wrapped-contains-k08-group-05-targeted	graph-id-set	graph-id-in-parameter-wrapped-contains	success	1	successful-latency	46291	396208	0.11683509671687599	5	3569	2e8b431c58e14625230a8348815c48031083a65c269f458638b01cdf99fff211				
1237	request-selected-set-wrapped-contains-k08-group-05-targeted	graph-set-reference	request-selected-set-wrapped-contains	success	1	successful-latency	47084	364542	0.12915932869189284	5	3569	2e8b431c58e14625230a8348815c48031083a65c269f458638b01cdf99fff211				
1238	graph-id-in-literal-wrapped-contains-k08-group-05-dense	graph-id-set	graph-id-in-literal-wrapped-contains	success	1	successful-latency	85792	502042	0.1708861011628509	200	95189	6547ed796970ad3186785ae6dc7d6b1328d226d1878e5144fdb98c21fcba06f9				
1239	graph-id-in-parameter-wrapped-contains-k08-group-05-dense	graph-id-set	graph-id-in-parameter-wrapped-contains	success	1	successful-latency	63792	452375	0.14101575020723958	200	95189	6547ed796970ad3186785ae6dc7d6b1328d226d1878e5144fdb98c21fcba06f9				
1240	request-selected-set-wrapped-contains-k08-group-05-dense	graph-set-reference	request-selected-set-wrapped-contains	success	1	successful-latency	46000	418541	0.10990560064605379	200	95189	6547ed796970ad3186785ae6dc7d6b1328d226d1878e5144fdb98c21fcba06f9				
1241	graph-id-in-literal-wrapped-contains-k08-group-06-zero	graph-id-set	graph-id-in-literal-wrapped-contains	success	1	successful-latency	110166	5076250	0.021702240827382417	0	147	805c8c7334c868e18e2be84be95b83cc60895722d739c2b164a68be4cd410c49				
1242	graph-id-in-parameter-wrapped-contains-k08-group-06-zero	graph-id-set	graph-id-in-parameter-wrapped-contains	success	1	successful-latency	48583	350708	0.1385283483695838	0	147	805c8c7334c868e18e2be84be95b83cc60895722d739c2b164a68be4cd410c49				
1243	request-selected-set-wrapped-contains-k08-group-06-zero	graph-set-reference	request-selected-set-wrapped-contains	success	1	successful-latency	47000	316292	0.14859686618694118	0	147	805c8c7334c868e18e2be84be95b83cc60895722d739c2b164a68be4cd410c49				
1244	graph-id-in-literal-wrapped-contains-k08-group-06-targeted	graph-id-set	graph-id-in-literal-wrapped-contains	success	1	successful-latency	415792	7953958	0.052274854858423946	10	6351	274597a5e0e535d6581734920f9ffbc39062a84a13ad9d85823a8f12df219dfd				
1245	graph-id-in-parameter-wrapped-contains-k08-group-06-targeted	graph-id-set	graph-id-in-parameter-wrapped-contains	success	1	successful-latency	47959	395750	0.12118509159823121	10	6351	274597a5e0e535d6581734920f9ffbc39062a84a13ad9d85823a8f12df219dfd				
1246	request-selected-set-wrapped-contains-k08-group-06-targeted	graph-set-reference	request-selected-set-wrapped-contains	success	1	successful-latency	51375	361125	0.142263759086189	10	6351	274597a5e0e535d6581734920f9ffbc39062a84a13ad9d85823a8f12df219dfd				
1247	graph-id-in-literal-wrapped-contains-k08-group-06-dense	graph-id-set	graph-id-in-literal-wrapped-contains	success	1	successful-latency	92000	492334	0.18686501440079295	200	97301	4abd067ea3c7496241f2623586a132809a81e33bd08c7645b717be3ee7ee2542				
1248	graph-id-in-parameter-wrapped-contains-k08-group-06-dense	graph-id-set	graph-id-in-parameter-wrapped-contains	success	1	successful-latency	44166	450959	0.09793795001319411	200	97301	4abd067ea3c7496241f2623586a132809a81e33bd08c7645b717be3ee7ee2542				
1249	request-selected-set-wrapped-contains-k08-group-06-dense	graph-set-reference	request-selected-set-wrapped-contains	success	1	successful-latency	42625	419750	0.1015485407980941	200	97301	4abd067ea3c7496241f2623586a132809a81e33bd08c7645b717be3ee7ee2542				
1250	graph-id-in-literal-wrapped-contains-k08-group-07-zero	graph-id-set	graph-id-in-literal-wrapped-contains	success	1	successful-latency	96916	5142958	0.01884440821799439	0	147	805c8c7334c868e18e2be84be95b83cc60895722d739c2b164a68be4cd410c49				
1251	graph-id-in-parameter-wrapped-contains-k08-group-07-zero	graph-id-set	graph-id-in-parameter-wrapped-contains	success	1	successful-latency	50833	344375	0.14760943738656987	0	147	805c8c7334c868e18e2be84be95b83cc60895722d739c2b164a68be4cd410c49				
1252	request-selected-set-wrapped-contains-k08-group-07-zero	graph-set-reference	request-selected-set-wrapped-contains	success	1	successful-latency	44833	318625	0.14070772852098862	0	147	805c8c7334c868e18e2be84be95b83cc60895722d739c2b164a68be4cd410c49				
1253	graph-id-in-literal-wrapped-contains-k08-group-07-targeted	graph-id-set	graph-id-in-literal-wrapped-contains	success	1	successful-latency	469834	7973708	0.05892290011121551	5	3192	6be81ce87c99d083628d76b0dce1e105c3d7fae110ebf15207143c3be7df8eeb				
1254	graph-id-in-parameter-wrapped-contains-k08-group-07-targeted	graph-id-set	graph-id-in-parameter-wrapped-contains	success	1	successful-latency	49250	393583	0.12513243712253833	5	3192	6be81ce87c99d083628d76b0dce1e105c3d7fae110ebf15207143c3be7df8eeb				
1255	request-selected-set-wrapped-contains-k08-group-07-targeted	graph-set-reference	request-selected-set-wrapped-contains	success	1	successful-latency	43916	358000	0.12267039106145251	5	3192	6be81ce87c99d083628d76b0dce1e105c3d7fae110ebf15207143c3be7df8eeb				
1256	graph-id-in-literal-wrapped-contains-k08-group-07-dense	graph-id-set	graph-id-in-literal-wrapped-contains	success	1	successful-latency	96333	520291	0.18515215523620435	200	93704	b778fc4edfb3c1031b90b2d3d121fd31958733afdc68d3f1cde538a17b738328				
1257	graph-id-in-parameter-wrapped-contains-k08-group-07-dense	graph-id-set	graph-id-in-parameter-wrapped-contains	success	1	successful-latency	43875	447750	0.09798994974874371	200	93704	b778fc4edfb3c1031b90b2d3d121fd31958733afdc68d3f1cde538a17b738328				
1258	request-selected-set-wrapped-contains-k08-group-07-dense	graph-set-reference	request-selected-set-wrapped-contains	success	1	successful-latency	43167	420875	0.10256489456489457	200	93704	b778fc4edfb3c1031b90b2d3d121fd31958733afdc68d3f1cde538a17b738328				
1259	graph-id-in-literal-wrapped-contains-k64-group-00-zero	graph-id-set	graph-id-in-literal-wrapped-contains	success	1	successful-latency	529875	55679541	0.009516511639347027	0	147	805c8c7334c868e18e2be84be95b83cc60895722d739c2b164a68be4cd410c49				
1260	graph-id-in-parameter-wrapped-contains-k64-group-00-zero	graph-id-set	graph-id-in-parameter-wrapped-contains	success	1	successful-latency	182833	908541	0.20123802888367173	0	147	805c8c7334c868e18e2be84be95b83cc60895722d739c2b164a68be4cd410c49				
1261	graph-id-in-literal-wrapped-contains-k64-group-00-targeted	graph-id-set	graph-id-in-literal-wrapped-contains	success	1	successful-latency	1298708	62522792	0.02077175312324504	11	6277	ca01ade166f4156fe11d166c7832fed45bfbdf107060915eb0c8f2df36ef35ed				
1262	graph-id-in-parameter-wrapped-contains-k64-group-00-targeted	graph-id-set	graph-id-in-parameter-wrapped-contains	success	1	successful-latency	186917	1071375	0.17446458989616148	11	6277	ca01ade166f4156fe11d166c7832fed45bfbdf107060915eb0c8f2df36ef35ed				
1263	request-selected-set-wrapped-contains-k64-group-00-targeted	graph-set-reference	request-selected-set-wrapped-contains	success	1	successful-latency	174833	986750	0.17718064352672916	11	6277	ca01ade166f4156fe11d166c7832fed45bfbdf107060915eb0c8f2df36ef35ed				
1264	graph-id-in-literal-wrapped-contains-k64-group-00-dense	graph-id-set	graph-id-in-literal-wrapped-contains	success	1	successful-latency	107958	716167	0.15074417000504073	200	84411	3bdee68309e62bee93f47848258ded90b1763d55841fa57d8b8fd21867653c44				
1265	graph-id-in-parameter-wrapped-contains-k64-group-00-dense	graph-id-set	graph-id-in-parameter-wrapped-contains	success	1	successful-latency	70916	475667	0.14908749187982348	200	84411	3bdee68309e62bee93f47848258ded90b1763d55841fa57d8b8fd21867653c44				
1266	request-selected-set-wrapped-contains-k64-group-00-dense	graph-set-reference	request-selected-set-wrapped-contains	success	1	successful-latency	61292	461542	0.1327983152129167	200	84411	3bdee68309e62bee93f47848258ded90b1763d55841fa57d8b8fd21867653c44				
