index	id	outcome	oldMainMs	oldGoMs	mainMs	goMs	goDeltaMs
0	request-selected-set-wrapped-contains-k64-group-00-zero	success	183.979625	269.590417	170.05075	280.811166	11.220749
1	single-contains-unlabeled-zero	success	3.157708	1.21625	3.128708	1.183875	-0.032375
2	single-contains-unlabeled-targeted	success	19.758334	4.969875	18.235459	5.043083	0.073208
3	single-contains-unlabeled-dense	success	119.715042	14.456417	119.475167	15.676833	1.220416
4	class-contains-or-unlabeled-zero	success	2.647458	2.219459	3.263917	2.246458	0.026999
5	class-contains-or-unlabeled-targeted	success	114.324625	241.611375	143.249292	232.368209	-9.243166
6	class-contains-or-unlabeled-dense	success	81.968708	963.899958	86.12075	923.271542	-40.628416
7	name-contains-or-unlabeled-zero	success	1.575042	1.530875	1.423458	1.577041	0.046166
8	name-contains-or-unlabeled-targeted	success	20.254375	32.011042	25.414583	29.770666	-2.240376
9	name-contains-or-unlabeled-dense	success	1.10425	0.59725	0.9935	0.565417	-0.031833
10	four-contains-or-unlabeled-zero	success	1.612166	2.261291	1.772083	2.216416	-0.044875
11	four-contains-or-unlabeled-targeted	success	1.096875	0.721916	1.838792	0.753333	0.031417
12	four-contains-or-unlabeled-dense	success	4.247667	2.632917	4.499791	2.660334	0.027417
13	four-contains-or-labeled-zero	success	1.676583	2.226959	1.516875	2.3775	0.150541
14	four-contains-or-labeled-targeted	success	9.20725	11.473708	9.418708	11.821042	0.347334
15	four-contains-or-labeled-dense	success	0.826084	0.590166	0.811958	0.485625	-0.104541
16	starts-or-raw-zero	success	139.383625	218.783875	106.052083	219.648125	0.86425
17	starts-or-raw-targeted	success	40.468125	61.068916	20.67675	71.391625	10.322709
18	starts-or-raw-dense	success	0.631667	0.8915	0.582584	0.905333	0.013833
19	ends-or-raw-zero	success	140.554834	217.996791	180.573583	183.900459	-34.096332
20	ends-or-raw-targeted	success	22.771333	185.068625	22.94775	187.202958	2.134333
21	ends-or-raw-dense	success	1.959959	2.173583	1.826959	2.184541	0.010958
22	starts-or-wrapped-zero	success	122.135292	611.325875	133.611541	610.525709	-0.800166
23	starts-or-wrapped-targeted	success	191.902958	631.058667	183.095625	618.280125	-12.778542
24	starts-or-wrapped-dense	success	136.359542	595.069583	200.949833	597.541875	2.472292
25	ends-or-wrapped-zero	success	31.52675	613.545166	28.992584	624.001958	10.456792
26	ends-or-wrapped-targeted	success	30.278208	619.873916	30.8065	667.045959	47.172043
27	ends-or-wrapped-dense	success	144.326833	997.446833	146.707834	963.875	-33.571833
28	contains-or-wrapped-zero	success	0.937875	11.093875	0.875834	11.404417	0.310542
29	contains-or-wrapped-targeted	success	14.305417	267.02325	13.923375	263.963875	-3.059375
30	contains-or-wrapped-dense	success	115.385875	1119.389709	28.480208	1099.726333	-19.663376
31	graph-id-property-wrapped-contains-target-00-zero	success	1.232625	1.754	1.300708	1.953292	0.199292
32	graph-id-property-wrapped-contains-target-00-targeted	success	0.95275	2.223667	0.934917	2.526875	0.303208
33	graph-id-property-wrapped-contains-target-00-dense	success	2.680167	17.409417	2.869458	18.703541	1.294124
34	graph-id-property-wrapped-contains-target-01-zero	success	23.876833	14.181125	23.744916	14.367875	0.18675
35	graph-id-property-wrapped-contains-target-01-targeted	success	0.508125	2.164	0.465333	2.164666	0.000666
36	graph-id-property-wrapped-contains-target-01-dense	success	2.755167	19.384	2.744834	19.682292	0.298292
37	graph-id-property-wrapped-contains-target-02-zero	success	54.795125	13.325042	28.442	13.467042	0.142
38	graph-id-property-wrapped-contains-target-02-targeted	success	0.582875	2.393834	0.539417	2.423	0.029166
39	graph-id-property-wrapped-contains-target-02-dense	success	2.614708	17.914292	2.605209	17.987083	0.072791
40	graph-id-property-wrapped-contains-target-03-zero	success	85.764625	13.997	69.527167	13.917583	-0.079417
41	graph-id-property-wrapped-contains-target-03-targeted	success	0.515792	2.415959	0.458666	2.355833	-0.060126
42	graph-id-property-wrapped-contains-target-03-dense	success	2.845541	18.548708	2.656458	18.802834	0.254126
43	graph-id-property-wrapped-contains-target-04-zero	success	22.790417	13.023	32.1505	12.974875	-0.048125
44	graph-id-property-wrapped-contains-target-04-targeted	success	0.551875	2.234375	0.514709	2.232833	-0.001542
45	graph-id-property-wrapped-contains-target-04-dense	success	2.511958	17.122875	2.195833	17.27975	0.156875
46	graph-id-property-wrapped-contains-target-05-zero	success	22.073667	12.812959	21.497292	12.7425	-0.070459
47	graph-id-property-wrapped-contains-target-05-targeted	success	0.582	2.273708	0.542583	2.773417	0.499709
48	graph-id-property-wrapped-contains-target-05-dense	success	2.683625	17.802791	2.235334	17.627458	-0.175333
49	graph-id-property-wrapped-contains-target-06-zero	success	24.694709	14.621541	24.420916	15.1815	0.559959
50	graph-id-property-wrapped-contains-target-06-targeted	success	0.373917	2.375958	0.370042	2.470833	0.094875
51	graph-id-property-wrapped-contains-target-06-dense	success	2.317583	20.628625	2.346334	21.174667	0.546042
52	graph-id-property-wrapped-contains-target-07-zero	success	23.262875	14.243	23.246833	14.46325	0.22025
53	graph-id-property-wrapped-contains-target-07-targeted	success	0.466334	2.261292	0.501875	2.338417	0.077125
54	graph-id-property-wrapped-contains-target-07-dense	success	1.84325	20.337625	1.882042	20.19475	-0.142875
55	graph-id-property-wrapped-contains-target-08-zero	success	24.02675	14.46175	23.812458	14.271792	-0.189958
56	graph-id-property-wrapped-contains-target-08-targeted	success	0.395291	2.353292	0.613083	2.363083	0.009791
57	graph-id-property-wrapped-contains-target-08-dense	success	2.056583	21.101166	2.001792	21.385625	0.284459
58	graph-id-property-wrapped-contains-target-09-zero	success	24.204333	14.009958	23.281792	14.231917	0.221959
59	graph-id-property-wrapped-contains-target-09-targeted	success	0.383042	2.234208	0.524584	2.268834	0.034626
60	graph-id-property-wrapped-contains-target-09-dense	success	2.022916	19.850583	2.003292	20.133917	0.283334
61	graph-id-property-wrapped-contains-target-10-zero	success	22.259458	13.341958	23.062458	13.397125	0.055167
62	graph-id-property-wrapped-contains-target-10-targeted	success	0.480416	2.339208	0.46675	2.368875	0.029667
63	graph-id-property-wrapped-contains-target-10-dense	success	1.767625	18.634083	1.909167	18.754625	0.120542
64	graph-id-property-wrapped-contains-target-11-zero	success	21.101375	12.445083	21.660958	12.518	0.072917
65	graph-id-property-wrapped-contains-target-11-targeted	success	0.293416	2.245166	0.351208	2.157	-0.088166
66	graph-id-property-wrapped-contains-target-11-dense	success	1.567083	18.606875	1.795542	18.587917	-0.018958
67	graph-id-property-wrapped-contains-target-12-zero	success	24.361209	15.156583	24.101333	15.1355	-0.021083
68	graph-id-property-wrapped-contains-target-12-targeted	success	0.288875	2.35475	0.340625	2.332125	-0.022625
69	graph-id-property-wrapped-contains-target-12-dense	success	1.582708	20.8675	1.708458	21.110541	0.243041
70	graph-id-property-wrapped-contains-target-13-zero	success	23.622709	14.600917	23.316	15.261583	0.660666
71	graph-id-property-wrapped-contains-target-13-targeted	success	0.301208	2.206667	0.295334	2.334458	0.127791
72	graph-id-property-wrapped-contains-target-13-dense	success	1.675458	20.836459	1.787875	22.322625	1.486166
73	graph-id-property-wrapped-contains-target-14-zero	success	22.641334	14.054125	22.2565	14.602	0.547875
74	graph-id-property-wrapped-contains-target-14-targeted	success	0.29375	2.254625	0.328042	2.277459	0.022834
75	graph-id-property-wrapped-contains-target-14-dense	success	1.581208	20.014916	1.752459	20.270625	0.255709
76	graph-id-property-wrapped-contains-target-15-zero	success	21.196625	12.274792	20.846792	15.862417	3.587625
77	graph-id-property-wrapped-contains-target-15-targeted	success	0.277209	2.056333	0.296292	2.162875	0.106542
78	graph-id-property-wrapped-contains-target-15-dense	success	1.480208	16.520541	1.586625	16.93575	0.415209
79	graph-id-property-wrapped-contains-target-16-zero	success	12.736791	7.501042	12.76975	7.839625	0.338583
80	graph-id-property-wrapped-contains-target-16-targeted	success	0.314583	1.368	0.2825	1.411209	0.043209
81	graph-id-property-wrapped-contains-target-16-dense	success	1.22275	11.912041	1.312916	12.047625	0.135584
82	graph-id-property-wrapped-contains-target-17-zero	success	13.908917	8.638209	14.0955	8.789916	0.151707
83	graph-id-property-wrapped-contains-target-17-targeted	success	0.270542	1.509625	0.283583	1.546167	0.036542
84	graph-id-property-wrapped-contains-target-17-dense	success	1.253417	15.135208	1.322291	15.348209	0.213001
85	graph-id-property-wrapped-contains-target-18-zero	success	13.167333	7.961541	13.198583	8.105041	0.1435
86	graph-id-property-wrapped-contains-target-18-targeted	success	0.279333	1.463833	0.294458	1.515291	0.051458
87	graph-id-property-wrapped-contains-target-18-dense	success	1.226708	12.2085	1.2715	12.361958	0.153458
88	graph-id-property-wrapped-contains-target-19-zero	success	12.580958	7.445875	12.890708	7.524417	0.078542
89	graph-id-property-wrapped-contains-target-19-targeted	success	0.282167	1.397	0.291833	1.58175	0.18475
90	graph-id-property-wrapped-contains-target-19-dense	success	1.156792	11.282417	1.209	11.305958	0.023541
91	graph-id-property-wrapped-contains-target-20-zero	success	14.16725	8.526666	13.96625	8.73125	0.204584
92	graph-id-property-wrapped-contains-target-20-targeted	success	0.237542	1.450333	0.2665	1.561959	0.111626
93	graph-id-property-wrapped-contains-target-20-dense	success	1.29325	13.235375	1.368958	13.134125	-0.10125
94	graph-id-property-wrapped-contains-target-21-zero	success	13.556375	7.975208	13.392417	8.085875	0.110667
95	graph-id-property-wrapped-contains-target-21-targeted	success	0.244625	1.457333	0.229333	1.485625	0.028292
96	graph-id-property-wrapped-contains-target-21-dense	success	1.206541	12.469542	1.253625	12.503208	0.033666
97	graph-id-property-wrapped-contains-target-22-zero	success	13.27975	7.901334	13.436917	7.911584	0.01025
98	graph-id-property-wrapped-contains-target-22-targeted	success	0.28275	1.431292	0.324417	1.498541	0.067249
99	graph-id-property-wrapped-contains-target-22-dense	success	1.219125	11.538417	1.290792	11.61875	0.080333
100	graph-id-property-wrapped-contains-target-23-zero	success	13.057708	7.810375	12.597334	7.86875	0.058375
101	graph-id-property-wrapped-contains-target-23-targeted	success	0.28225	1.468958	0.437666	1.490875	0.021917
102	graph-id-property-wrapped-contains-target-23-dense	success	1.207	11.895291	1.335583	11.777542	-0.117749
103	graph-id-property-wrapped-contains-target-24-zero	success	14.751208	8.71625	14.6455	8.512166	-0.204084
104	graph-id-property-wrapped-contains-target-24-targeted	success	0.2855	1.609208	0.278042	1.658916	0.049708
105	graph-id-property-wrapped-contains-target-24-dense	success	1.276166	14.810667	1.379417	15.070417	0.25975
106	graph-id-property-wrapped-contains-target-25-zero	success	14.384291	8.6455	14.039125	8.724208	0.078708
107	graph-id-property-wrapped-contains-target-25-targeted	success	0.360458	1.536125	0.27875	1.593375	0.05725
108	graph-id-property-wrapped-contains-target-25-dense	success	1.279125	14.334834	1.258667	14.721542	0.386708
109	graph-id-property-wrapped-contains-target-26-zero	success	15.248417	9.067208	15.005583	9.352666	0.285458
110	graph-id-property-wrapped-contains-target-26-targeted	success	0.305417	1.617833	0.256083	1.632083	0.01425
111	graph-id-property-wrapped-contains-target-26-dense	success	1.287708	15.200583	1.30025	15.469084	0.268501
112	graph-id-property-wrapped-contains-target-27-zero	success	14.167416	8.243834	13.68175	8.53975	0.295916
113	graph-id-property-wrapped-contains-target-27-targeted	success	0.35225	1.528792	0.283041	1.555708	0.026916
114	graph-id-property-wrapped-contains-target-27-dense	success	1.203625	12.003791	1.28725	12.100792	0.097001
115	graph-id-property-wrapped-contains-target-28-zero	success	14.500375	8.406083	14.262542	8.488042	0.081959
116	graph-id-property-wrapped-contains-target-28-targeted	success	0.266709	1.462959	0.229375	1.480209	0.01725
117	graph-id-property-wrapped-contains-target-28-dense	success	1.193458	12.996458	1.183416	13.119625	0.123167
118	graph-id-property-wrapped-contains-target-29-zero	success	13.165417	7.869792	13.14175	8.017625	0.147833
119	graph-id-property-wrapped-contains-target-29-targeted	success	0.206875	1.430875	0.2285	1.480458	0.049583
120	graph-id-property-wrapped-contains-target-29-dense	success	1.151417	12.569375	1.310958	12.781083	0.211708
121	graph-id-property-wrapped-contains-target-30-zero	success	13.530083	7.997583	13.680292	8.206	0.208417
122	graph-id-property-wrapped-contains-target-30-targeted	success	0.264875	1.486	0.304375	1.543458	0.057458
123	graph-id-property-wrapped-contains-target-30-dense	success	1.13525	12.099625	1.207167	12.369291	0.269666
124	graph-id-property-wrapped-contains-target-31-zero	success	15.747833	10.267083	15.744792	10.101292	-0.165791
125	graph-id-property-wrapped-contains-target-31-targeted	success	0.249917	1.686292	0.233625	1.715584	0.029292
126	graph-id-property-wrapped-contains-target-31-dense	success	1.249333	17.131125	1.265541	17.410208	0.279083
127	graph-id-property-wrapped-contains-target-32-zero	success	21.010166	13.0105	20.798	13.10325	0.09275
128	graph-id-property-wrapped-contains-target-32-targeted	success	0.303416	2.2125	0.304417	2.340583	0.128083
129	graph-id-property-wrapped-contains-target-32-dense	success	1.406625	24.432916	1.450958	24.940917	0.508001
130	graph-id-property-wrapped-contains-target-33-zero	success	16.849666	10.467958	16.83475	10.434542	-0.033416
131	graph-id-property-wrapped-contains-target-33-targeted	success	0.245375	1.941792	0.26775	1.882417	-0.059375
132	graph-id-property-wrapped-contains-target-33-dense	success	1.186875	19.050334	1.205542	18.95025	-0.100084
133	graph-id-property-wrapped-contains-target-34-zero	success	19.703041	12.138375	19.650292	12.295375	0.157
134	graph-id-property-wrapped-contains-target-34-targeted	success	0.230458	2.149792	0.266666	2.243708	0.093916
135	graph-id-property-wrapped-contains-target-34-dense	success	1.329125	22.261	1.392667	22.411292	0.150292
136	graph-id-property-wrapped-contains-target-35-zero	success	19.444791	12.060375	19.555625	12.223041	0.162666
137	graph-id-property-wrapped-contains-target-35-targeted	success	0.203667	2.126625	0.226792	2.193958	0.067333
138	graph-id-property-wrapped-contains-target-35-dense	success	1.358416	22.786625	1.353417	23.073375	0.28675
139	graph-id-property-wrapped-contains-target-36-zero	success	18.129458	11.094583	18.058042	11.181334	0.086751
140	graph-id-property-wrapped-contains-target-36-targeted	success	0.212125	1.980125	0.211125	1.976875	-0.00325
141	graph-id-property-wrapped-contains-target-36-dense	success	1.198875	19.361375	1.255375	19.633625	0.27225
142	graph-id-property-wrapped-contains-target-37-zero	success	17.9965	10.778416	17.971084	10.836209	0.057793
143	graph-id-property-wrapped-contains-target-37-targeted	success	0.332708	2.120083	0.356708	2.085708	-0.034375
144	graph-id-property-wrapped-contains-target-37-dense	success	1.234667	19.1815	1.276125	19.602375	0.420875
145	graph-id-property-wrapped-contains-target-38-zero	success	19.098834	11.294625	19.04125	11.408083	0.113458
146	graph-id-property-wrapped-contains-target-38-targeted	success	0.233667	2.082	0.232416	2.046291	-0.035709
147	graph-id-property-wrapped-contains-target-38-dense	success	1.231	20.878	1.300333	21.305	0.427
148	graph-id-property-wrapped-contains-target-39-zero	success	19.649292	12.527583	19.589292	12.837167	0.309584
149	graph-id-property-wrapped-contains-target-39-targeted	success	0.243083	2.12675	0.250834	2.208708	0.081958
150	graph-id-property-wrapped-contains-target-39-dense	success	1.247	21.17625	1.271792	21.599375	0.423125
151	graph-id-property-wrapped-contains-target-40-zero	success	20.524458	12.574916	20.528709	12.730834	0.155918
152	graph-id-property-wrapped-contains-target-40-targeted	success	0.224583	2.214416	0.22025	2.29125	0.076834
153	graph-id-property-wrapped-contains-target-40-dense	success	1.324666	23.8615	1.456333	24.477833	0.616333
154	graph-id-property-wrapped-contains-target-41-zero	success	19.106334	11.090875	19.516042	11.333	0.242125
155	graph-id-property-wrapped-contains-target-41-targeted	success	0.21125	2.238917	0.264	2.313125	0.074208
156	graph-id-property-wrapped-contains-target-41-dense	success	1.346542	19.677583	1.494875	20.147417	0.469834
157	graph-id-property-wrapped-contains-target-42-zero	success	17.937	10.396875	18.191541	10.430458	0.033583
158	graph-id-property-wrapped-contains-target-42-targeted	success	0.393875	2.042666	0.441375	2.0565	0.013834
159	graph-id-property-wrapped-contains-target-42-dense	success	1.423417	17.5625	1.35975	17.9115	0.349
160	graph-id-property-wrapped-contains-target-43-zero	success	19.406084	11.443458	19.828083	11.503417	0.059959
161	graph-id-property-wrapped-contains-target-43-targeted	success	0.249334	2.030208	0.263	2.04825	0.018042
162	graph-id-property-wrapped-contains-target-43-dense	success	1.459625	19.342625	1.497708	20.13275	0.790125
163	graph-id-property-wrapped-contains-target-44-zero	success	19.819375	11.816042	19.630167	12.129	0.312958
164	graph-id-property-wrapped-contains-target-44-targeted	success	0.257459	2.103583	0.260708	2.152791	0.049208
165	graph-id-property-wrapped-contains-target-44-dense	success	1.359583	21.339542	1.355791	21.598	0.258458
166	graph-id-property-wrapped-contains-target-45-zero	success	20.413958	11.210375	19.314459	11.358209	0.147834
167	graph-id-property-wrapped-contains-target-45-targeted	success	0.223375	2.076792	0.234084	2.073791	-0.003001
168	graph-id-property-wrapped-contains-target-45-dense	success	1.421458	20.582084	1.447375	20.870125	0.288041
169	graph-id-property-wrapped-contains-target-46-zero	success	18.678416	11.596958	18.430417	11.611667	0.014709
170	graph-id-property-wrapped-contains-target-46-targeted	success	0.432916	2.111541	0.410209	2.163709	0.052168
171	graph-id-property-wrapped-contains-target-46-dense	success	1.318625	20.909292	1.36225	21.039833	0.130541
172	graph-id-property-wrapped-contains-target-47-zero	success	18.742959	11.174333	18.395084	11.389291	0.214958
173	graph-id-property-wrapped-contains-target-47-targeted	success	0.39475	2.123834	5.6885	2.243334	0.1195
174	graph-id-property-wrapped-contains-target-47-dense	success	1.316708	19.548625	2.70825	19.602375	0.05375
175	graph-id-property-wrapped-contains-target-48-zero	success	14.927417	8.299	15.061959	8.410084	0.111084
176	graph-id-property-wrapped-contains-target-48-targeted	success	0.301792	1.670584	0.375292	1.764958	0.094374
177	graph-id-property-wrapped-contains-target-48-dense	success	8.733666	11.939125	1.317375	12.04675	0.107625
178	graph-id-property-wrapped-contains-target-49-zero	success	16.066042	7.786917	14.352042	7.848959	0.062042
179	graph-id-property-wrapped-contains-target-49-targeted	success	0.657459	1.702125	0.595292	1.76675	0.064625
180	graph-id-property-wrapped-contains-target-49-dense	success	1.206084	10.967292	1.18525	11.138583	0.171291
181	graph-id-property-wrapped-contains-target-50-zero	success	14.011083	7.638417	14.611292	7.734791	0.096374
182	graph-id-property-wrapped-contains-target-50-targeted	success	0.25825	1.65925	0.46975	1.701208	0.041958
183	graph-id-property-wrapped-contains-target-50-dense	success	1.047834	10.834375	4.204666	11.129375	0.295
184	graph-id-property-wrapped-contains-target-51-zero	success	13.783792	7.311292	17.577666	7.403292	0.092
185	graph-id-property-wrapped-contains-target-51-targeted	success	0.296	1.6865	0.384	1.744875	0.058375
186	graph-id-property-wrapped-contains-target-51-dense	success	0.968834	9.798959	10.480375	9.8545	0.055541
187	graph-id-property-wrapped-contains-target-52-zero	success	15.4755	8.403041	15.942042	8.5345	0.131459
188	graph-id-property-wrapped-contains-target-52-targeted	success	0.293375	1.720791	0.425	1.968083	0.247292
189	graph-id-property-wrapped-contains-target-52-dense	success	1.019041	11.986584	1.184625	12.043959	0.057375
190	graph-id-property-wrapped-contains-target-53-zero	success	15.225584	8.612667	16.053541	8.758375	0.145708
191	graph-id-property-wrapped-contains-target-53-targeted	success	0.213166	1.718166	0.297958	1.792042	0.073876
192	graph-id-property-wrapped-contains-target-53-dense	success	0.978292	13.231792	1.088917	13.239833	0.008041
193	graph-id-property-wrapped-contains-target-54-zero	success	13.98225	7.794667	14.832208	7.656291	-0.138376
194	graph-id-property-wrapped-contains-target-54-targeted	success	0.216208	1.662167	0.247458	1.701375	0.039208
195	graph-id-property-wrapped-contains-target-54-dense	success	0.995084	11.2375	0.998875	11.344708	0.107208
196	graph-id-property-wrapped-contains-target-55-zero	success	14.006291	7.819291	14.315791	7.855917	0.036626
197	graph-id-property-wrapped-contains-target-55-targeted	success	0.228125	1.674291	0.259583	1.701083	0.026792
198	graph-id-property-wrapped-contains-target-55-dense	success	1.024791	11.687292	1.051542	11.750167	0.062875
199	graph-id-property-wrapped-contains-target-56-zero	success	15.307917	8.518166	15.6355	8.402833	-0.115333
200	graph-id-property-wrapped-contains-target-56-targeted	success	0.263875	1.730083	0.288458	1.733917	0.003834
201	graph-id-property-wrapped-contains-target-56-dense	success	1.00425	11.771958	0.969958	11.752667	-0.019291
202	graph-id-property-wrapped-contains-target-57-zero	success	14.640667	8.359625	14.790792	8.501708	0.142083
203	graph-id-property-wrapped-contains-target-57-targeted	success	0.181708	1.626958	0.187875	1.796041	0.169083
204	graph-id-property-wrapped-contains-target-57-dense	success	1.054709	11.797416	0.998958	11.91425	0.116834
205	graph-id-property-wrapped-contains-target-58-zero	success	16.357042	9.133875	16.451459	9.180958	0.047083
206	graph-id-property-wrapped-contains-target-58-targeted	success	0.228375	1.837583	0.212959	1.939959	0.102376
207	graph-id-property-wrapped-contains-target-58-dense	success	1.166542	13.460333	1.126208	13.578916	0.118583
208	graph-id-property-wrapped-contains-target-59-zero	success	13.800291	7.466375	13.607584	7.436584	-0.029791
209	graph-id-property-wrapped-contains-target-59-targeted	success	0.244291	1.612167	0.233542	1.727334	0.115167
210	graph-id-property-wrapped-contains-target-59-dense	success	0.910042	10.249875	0.909167	10.137583	-0.112292
211	graph-id-property-wrapped-contains-target-60-zero	success	14.2725	7.901625	14.27	7.849625	-0.052
212	graph-id-property-wrapped-contains-target-60-targeted	success	0.238583	1.720167	0.240625	1.710584	-0.009583
213	graph-id-property-wrapped-contains-target-60-dense	success	0.975	11.391625	0.998	11.386291	-0.005334
214	graph-id-property-wrapped-contains-target-61-zero	success	15.507166	8.291334	15.309958	8.501958	0.210624
215	graph-id-property-wrapped-contains-target-61-targeted	success	0.200917	1.776625	0.210125	1.921208	0.144583
216	graph-id-property-wrapped-contains-target-61-dense	success	1.044041	12.686291	1.076417	12.83275	0.146459
217	graph-id-property-wrapped-contains-target-62-zero	success	15.005167	8.099959	15.041208	8.239625	0.139666
218	graph-id-property-wrapped-contains-target-62-targeted	success	0.18225	1.685292	0.256417	1.795416	0.110124
219	graph-id-property-wrapped-contains-target-62-dense	success	1.017375	11.958417	1.069292	12.027084	0.068667
220	graph-id-property-wrapped-contains-target-63-zero	success	14.379875	7.751833	14.23275	7.72825	-0.023583
221	graph-id-property-wrapped-contains-target-63-targeted	success	0.214667	1.640084	0.22	1.642125	0.002041
222	graph-id-property-wrapped-contains-target-63-dense	success	0.983625	10.180583	1.003125	10.168875	-0.011708
223	graph-id-function-wrapped-contains-target-00-zero	success	0.429333	0.28375	0.417959	0.287333	0.003583
224	graph-id-function-wrapped-contains-target-00-targeted	success	0.070167	0.293792	0.064125	0.301167	0.007375
225	graph-id-function-wrapped-contains-target-00-dense	success	0.149833	0.461458	0.139041	0.470334	0.008876
226	graph-id-function-wrapped-contains-target-01-zero	success	0.067125	0.313541	0.079417	0.322083	0.008542
227	graph-id-function-wrapped-contains-target-01-targeted	success	0.048959	0.321167	0.052417	0.30425	-0.016917
228	graph-id-function-wrapped-contains-target-01-dense	success	0.145375	0.470416	0.128084	0.46125	-0.009166
229	graph-id-function-wrapped-contains-target-02-zero	success	0.072125	0.321375	0.062583	0.330625	0.00925
230	graph-id-function-wrapped-contains-target-02-targeted	success	0.059458	0.34225	0.056333	0.320125	-0.022125
231	graph-id-function-wrapped-contains-target-02-dense	success	0.127542	0.483625	0.120667	0.466167	-0.017458
232	graph-id-function-wrapped-contains-target-03-zero	success	0.051083	0.309167	0.048459	0.307375	-0.001792
233	graph-id-function-wrapped-contains-target-03-targeted	success	0.059708	0.301334	0.053708	0.304584	0.00325
234	graph-id-function-wrapped-contains-target-03-dense	success	0.137833	0.463792	0.124917	0.449041	-0.014751
235	graph-id-function-wrapped-contains-target-04-zero	success	0.06575	0.309917	0.049875	0.309375	-0.000542
236	graph-id-function-wrapped-contains-target-04-targeted	success	0.101041	0.321958	0.048542	0.318834	-0.003124
237	graph-id-function-wrapped-contains-target-04-dense	success	0.142458	0.457708	0.132792	0.450375	-0.007333
238	graph-id-function-wrapped-contains-target-05-zero	success	0.067042	0.322583	0.054417	0.314042	-0.008541
239	graph-id-function-wrapped-contains-target-05-targeted	success	0.060291	0.319459	0.053583	0.313125	-0.006334
240	graph-id-function-wrapped-contains-target-05-dense	success	0.138167	0.493083	0.127416	0.479875	-0.013208
241	graph-id-function-wrapped-contains-target-06-zero	success	0.065084	0.315125	0.062125	0.319291	0.004166
242	graph-id-function-wrapped-contains-target-06-targeted	success	0.059625	0.2925	0.052792	0.303625	0.011125
243	graph-id-function-wrapped-contains-target-06-dense	success	0.122209	0.456917	0.127375	0.45275	-0.004167
244	graph-id-function-wrapped-contains-target-07-zero	success	0.062875	0.314875	0.058167	0.33475	0.019875
245	graph-id-function-wrapped-contains-target-07-targeted	success	0.069917	0.293958	0.072417	0.3005	0.006542
246	graph-id-function-wrapped-contains-target-07-dense	success	0.1385	0.46575	0.1285	0.455709	-0.010041
247	graph-id-function-wrapped-contains-target-08-zero	success	0.071083	0.307083	0.057791	0.307833	0.00075
248	graph-id-function-wrapped-contains-target-08-targeted	success	0.05575	0.303334	0.052083	0.311542	0.008208
249	graph-id-function-wrapped-contains-target-08-dense	success	0.128667	0.448417	0.123958	0.448541	0.000124
250	graph-id-function-wrapped-contains-target-09-zero	success	0.062916	0.302042	0.051	0.333125	0.031083
251	graph-id-function-wrapped-contains-target-09-targeted	success	0.051875	0.283166	0.071458	0.311334	0.028168
252	graph-id-function-wrapped-contains-target-09-dense	success	0.118625	0.445917	0.128583	0.45825	0.012333
253	graph-id-function-wrapped-contains-target-10-zero	success	0.083125	0.316083	0.094	0.3115	-0.004583
254	graph-id-function-wrapped-contains-target-10-targeted	success	0.056	0.29775	0.053209	0.335542	0.037792
255	graph-id-function-wrapped-contains-target-10-dense	success	0.164917	0.462583	0.139333	0.472667	0.010084
256	graph-id-function-wrapped-contains-target-11-zero	success	0.06875	0.311833	0.170167	0.31625	0.004417
257	graph-id-function-wrapped-contains-target-11-targeted	success	0.061625	0.289125	0.0885	0.310042	0.020917
258	graph-id-function-wrapped-contains-target-11-dense	success	0.129916	0.448833	0.125917	0.465334	0.016501
259	graph-id-function-wrapped-contains-target-12-zero	success	0.059167	0.298542	0.056375	0.3105	0.011958
260	graph-id-function-wrapped-contains-target-12-targeted	success	0.041042	0.292542	0.043458	0.33825	0.045708
261	graph-id-function-wrapped-contains-target-12-dense	success	0.107042	0.447708	0.104209	0.456625	0.008917
262	graph-id-function-wrapped-contains-target-13-zero	success	0.061292	0.313583	0.038708	0.310542	-0.003041
263	graph-id-function-wrapped-contains-target-13-targeted	success	0.05075	0.30375	0.036084	0.298375	-0.005375
264	graph-id-function-wrapped-contains-target-13-dense	success	0.122292	0.462208	0.102459	0.462208	0.0
265	graph-id-function-wrapped-contains-target-14-zero	success	0.044084	0.323166	0.03875	0.313917	-0.009249
266	graph-id-function-wrapped-contains-target-14-targeted	success	0.037833	0.309542	0.0325	0.297875	-0.011667
267	graph-id-function-wrapped-contains-target-14-dense	success	0.103666	0.47425	0.096458	0.471375	-0.002875
268	graph-id-function-wrapped-contains-target-15-zero	success	0.043125	0.315625	0.0435	0.314292	-0.001333
269	graph-id-function-wrapped-contains-target-15-targeted	success	0.04125	0.304292	0.128125	0.308875	0.004583
270	graph-id-function-wrapped-contains-target-15-dense	success	0.10925	0.466292	0.121708	0.467375	0.001083
271	graph-id-function-wrapped-contains-target-16-zero	success	0.070875	0.342375	0.069166	0.307833	-0.034542
272	graph-id-function-wrapped-contains-target-16-targeted	success	0.054542	0.329291	0.065417	0.306292	-0.022999
273	graph-id-function-wrapped-contains-target-16-dense	success	0.143875	0.495791	0.110667	0.452	-0.043791
274	graph-id-function-wrapped-contains-target-17-zero	success	0.062708	0.307584	0.045	0.307666	8.2e-05
275	graph-id-function-wrapped-contains-target-17-targeted	success	0.042292	0.315041	0.036958	0.301666	-0.013375
276	graph-id-function-wrapped-contains-target-17-dense	success	0.111875	0.474875	0.100209	0.459417	-0.015458
277	graph-id-function-wrapped-contains-target-18-zero	success	0.043833	0.314708	0.039375	0.311041	-0.003667
278	graph-id-function-wrapped-contains-target-18-targeted	success	0.064458	0.321208	0.036875	0.334458	0.01325
279	graph-id-function-wrapped-contains-target-18-dense	success	0.116458	0.486417	0.096875	0.485	-0.001417
280	graph-id-function-wrapped-contains-target-19-zero	success	0.03775	0.32275	0.037166	0.315875	-0.006875
281	graph-id-function-wrapped-contains-target-19-targeted	success	0.043292	0.297875	0.034167	0.307791	0.009916
282	graph-id-function-wrapped-contains-target-19-dense	success	0.111125	0.449083	0.097417	0.452625	0.003542
283	graph-id-function-wrapped-contains-target-20-zero	success	0.0475	0.304625	0.034875	0.310375	0.00575
284	graph-id-function-wrapped-contains-target-20-targeted	success	0.033416	0.291583	0.030542	0.297	0.005417
285	graph-id-function-wrapped-contains-target-20-dense	success	0.112	0.452584	0.10575	0.460292	0.007708
286	graph-id-function-wrapped-contains-target-21-zero	success	0.06425	0.314167	0.063458	0.313709	-0.000458
287	graph-id-function-wrapped-contains-target-21-targeted	success	0.054833	0.29775	0.051958	0.291834	-0.005916
288	graph-id-function-wrapped-contains-target-21-dense	success	0.118958	0.451084	0.097708	0.44675	-0.004334
289	graph-id-function-wrapped-contains-target-22-zero	success	0.035666	0.306417	0.034459	0.315625	0.009208
290	graph-id-function-wrapped-contains-target-22-targeted	success	0.042	0.299375	0.034791	0.308	0.008625
291	graph-id-function-wrapped-contains-target-22-dense	success	0.107084	0.4595	0.093834	0.465875	0.006375
292	graph-id-function-wrapped-contains-target-23-zero	success	0.044667	0.304959	0.048042	0.30325	-0.001709
293	graph-id-function-wrapped-contains-target-23-targeted	success	0.101416	0.310541	0.22525	0.302583	-0.007958
294	graph-id-function-wrapped-contains-target-23-dense	success	0.112875	0.46675	0.164417	0.455209	-0.011541
295	graph-id-function-wrapped-contains-target-24-zero	success	0.047125	0.311334	0.076792	0.3075	-0.003834
296	graph-id-function-wrapped-contains-target-24-targeted	success	0.030209	0.304833	0.057375	0.296167	-0.008666
297	graph-id-function-wrapped-contains-target-24-dense	success	0.120416	0.460416	0.117667	0.461542	0.001126
298	graph-id-function-wrapped-contains-target-25-zero	success	0.041625	0.309917	0.05425	0.304709	-0.005208
299	graph-id-function-wrapped-contains-target-25-targeted	success	0.034167	0.337	0.052833	0.320792	-0.016208
300	graph-id-function-wrapped-contains-target-25-dense	success	0.107125	0.462125	0.113375	0.463917	0.001792
301	graph-id-function-wrapped-contains-target-26-zero	success	0.038583	0.321	0.052208	0.305791	-0.015209
302	graph-id-function-wrapped-contains-target-26-targeted	success	0.037959	0.300667	0.059333	0.302834	0.002167
303	graph-id-function-wrapped-contains-target-26-dense	success	0.1085	0.468041	0.118	0.448958	-0.019083
304	graph-id-function-wrapped-contains-target-27-zero	success	0.042125	0.309958	0.046792	0.309083	-0.000875
305	graph-id-function-wrapped-contains-target-27-targeted	success	0.041875	0.318	0.039917	0.313584	-0.004416
306	graph-id-function-wrapped-contains-target-27-dense	success	0.116959	0.466041	0.132958	0.452709	-0.013332
307	graph-id-function-wrapped-contains-target-28-zero	success	0.051041	0.327708	0.077417	0.331333	0.003625
308	graph-id-function-wrapped-contains-target-28-targeted	success	0.0475	0.317916	0.0595	0.3195	0.001584
309	graph-id-function-wrapped-contains-target-28-dense	success	0.139459	0.482667	0.099	0.4595	-0.023167
310	graph-id-function-wrapped-contains-target-29-zero	success	0.065625	0.339708	0.0365	0.311541	-0.028167
311	graph-id-function-wrapped-contains-target-29-targeted	success	0.090041	0.296209	0.0365	0.297625	0.001416
312	graph-id-function-wrapped-contains-target-29-dense	success	0.125375	0.490916	0.130208	0.468625	-0.022291
313	graph-id-function-wrapped-contains-target-30-zero	success	0.046583	0.318041	0.042542	0.313417	-0.004624
314	graph-id-function-wrapped-contains-target-30-targeted	success	0.04475	0.327125	0.03675	0.308416	-0.018709
315	graph-id-function-wrapped-contains-target-30-dense	success	0.136416	0.47125	0.110333	0.458125	-0.013125
316	graph-id-function-wrapped-contains-target-31-zero	success	0.051833	0.323583	0.04075	0.332417	0.008834
317	graph-id-function-wrapped-contains-target-31-targeted	success	0.040459	0.289292	0.14125	0.295417	0.006125
318	graph-id-function-wrapped-contains-target-31-dense	success	0.108208	0.454625	0.135333	0.452958	-0.001667
319	graph-id-function-wrapped-contains-target-32-zero	success	0.107334	0.309417	0.070375	0.3255	0.016083
320	graph-id-function-wrapped-contains-target-32-targeted	success	0.049667	0.314333	0.057542	0.328875	0.014542
321	graph-id-function-wrapped-contains-target-32-dense	success	0.111083	0.444083	0.113291	0.459167	0.015084
322	graph-id-function-wrapped-contains-target-33-zero	success	0.044708	0.305167	0.041334	0.31725	0.012083
323	graph-id-function-wrapped-contains-target-33-targeted	success	0.03925	0.298042	0.040709	0.313292	0.01525
324	graph-id-function-wrapped-contains-target-33-dense	success	0.103958	0.453583	0.112417	0.465333	0.01175
325	graph-id-function-wrapped-contains-target-34-zero	success	0.061375	0.30625	0.042291	0.303625	-0.002625
326	graph-id-function-wrapped-contains-target-34-targeted	success	0.041125	0.29675	0.058459	0.302334	0.005584
327	graph-id-function-wrapped-contains-target-34-dense	success	0.1065	0.461	0.13575	0.46225	0.00125
328	graph-id-function-wrapped-contains-target-35-zero	success	0.033709	0.313541	0.04725	0.309792	-0.003749
329	graph-id-function-wrapped-contains-target-35-targeted	success	0.031792	0.296709	0.038625	0.304	0.007291
330	graph-id-function-wrapped-contains-target-35-dense	success	0.115458	0.455916	0.106666	0.441709	-0.014207
331	graph-id-function-wrapped-contains-target-36-zero	success	0.036667	0.302709	0.095208	0.31025	0.007541
332	graph-id-function-wrapped-contains-target-36-targeted	success	0.03075	0.2965	0.044958	0.302459	0.005959
333	graph-id-function-wrapped-contains-target-36-dense	success	0.107541	0.478917	0.126375	0.455667	-0.02325
334	graph-id-function-wrapped-contains-target-37-zero	success	0.049	0.303042	0.047125	0.308916	0.005874
335	graph-id-function-wrapped-contains-target-37-targeted	success	0.069958	0.354959	0.062291	0.340041	-0.014918
336	graph-id-function-wrapped-contains-target-37-dense	success	0.13775	0.457458	0.115417	0.454625	-0.002833
337	graph-id-function-wrapped-contains-target-38-zero	success	0.050708	0.305417	0.049875	0.318083	0.012666
338	graph-id-function-wrapped-contains-target-38-targeted	success	0.035709	0.299792	0.035333	0.315541	0.015749
339	graph-id-function-wrapped-contains-target-38-dense	success	0.117709	0.460291	0.105792	0.454333	-0.005958
340	graph-id-function-wrapped-contains-target-39-zero	success	0.051292	0.327875	0.048041	0.313625	-0.01425
341	graph-id-function-wrapped-contains-target-39-targeted	success	0.080125	0.31775	0.093333	0.304208	-0.013542
342	graph-id-function-wrapped-contains-target-39-dense	success	0.126125	0.465333	0.120583	0.44875	-0.016583
343	graph-id-function-wrapped-contains-target-40-zero	success	0.047208	0.317125	0.133875	0.305625	-0.0115
344	graph-id-function-wrapped-contains-target-40-targeted	success	0.062375	0.310667	0.050083	0.302417	-0.00825
345	graph-id-function-wrapped-contains-target-40-dense	success	0.136375	0.457833	0.122917	0.466625	0.008792
346	graph-id-function-wrapped-contains-target-41-zero	success	0.121916	0.317125	0.045208	0.301917	-0.015208
347	graph-id-function-wrapped-contains-target-41-targeted	success	0.05125	0.309792	0.03475	0.319958	0.010166
348	graph-id-function-wrapped-contains-target-41-dense	success	0.112083	0.454084	0.111208	0.465125	0.011041
349	graph-id-function-wrapped-contains-target-42-zero	success	0.055334	0.333167	0.05075	0.297375	-0.035792
350	graph-id-function-wrapped-contains-target-42-targeted	success	0.085667	0.363916	0.076417	0.396833	0.032917
351	graph-id-function-wrapped-contains-target-42-dense	success	0.230167	0.464542	0.192167	0.472875	0.008333
352	graph-id-function-wrapped-contains-target-43-zero	success	0.103584	0.324958	0.079208	0.306417	-0.018541
353	graph-id-function-wrapped-contains-target-43-targeted	success	0.040375	0.320667	0.033167	0.299167	-0.0215
354	graph-id-function-wrapped-contains-target-43-dense	success	0.13075	0.479417	0.141625	0.468125	-0.011292
355	graph-id-function-wrapped-contains-target-44-zero	success	0.043208	0.303958	0.045083	0.326375	0.022417
356	graph-id-function-wrapped-contains-target-44-targeted	success	0.093083	0.303084	0.036583	0.306333	0.003249
357	graph-id-function-wrapped-contains-target-44-dense	success	0.108292	0.463542	0.101834	0.472666	0.009124
358	graph-id-function-wrapped-contains-target-45-zero	success	0.042833	0.314625	0.035541	0.31025	-0.004375
359	graph-id-function-wrapped-contains-target-45-targeted	success	0.037833	0.300542	0.028125	0.2935	-0.007042
360	graph-id-function-wrapped-contains-target-45-dense	success	0.106584	0.460875	0.106583	0.472917	0.012042
361	graph-id-function-wrapped-contains-target-46-zero	success	0.039209	0.305208	0.03425	0.297958	-0.00725
362	graph-id-function-wrapped-contains-target-46-targeted	success	0.049375	0.349042	0.055375	0.340708	-0.008334
363	graph-id-function-wrapped-contains-target-46-dense	success	0.105334	0.47375	0.099708	0.456834	-0.016916
364	graph-id-function-wrapped-contains-target-47-zero	success	0.038625	0.31475	0.036166	0.346958	0.032208
365	graph-id-function-wrapped-contains-target-47-targeted	success	0.060333	0.364333	0.086792	0.371666	0.007333
366	graph-id-function-wrapped-contains-target-47-dense	success	0.103167	0.489125	0.116083	0.453	-0.036125
367	graph-id-function-wrapped-contains-target-48-zero	success	0.035666	0.307958	0.044583	0.319125	0.011167
368	graph-id-function-wrapped-contains-target-48-targeted	success	0.030625	0.317792	0.055	0.326958	0.009166
369	graph-id-function-wrapped-contains-target-48-dense	success	0.102791	0.473875	0.116083	0.45275	-0.021125
370	graph-id-function-wrapped-contains-target-49-zero	success	0.039458	0.312666	0.049208	0.313042	0.000376
371	graph-id-function-wrapped-contains-target-49-targeted	success	0.027542	0.301917	0.03675	0.307	0.005083
372	graph-id-function-wrapped-contains-target-49-dense	success	0.107583	0.468583	0.111625	0.456208	-0.012375
373	graph-id-function-wrapped-contains-target-50-zero	success	0.036625	0.324208	0.041834	0.34275	0.018542
374	graph-id-function-wrapped-contains-target-50-targeted	success	0.03	0.306125	0.0335	0.314041	0.007916
375	graph-id-function-wrapped-contains-target-50-dense	success	0.155125	0.454666	0.121667	0.463292	0.008626
376	graph-id-function-wrapped-contains-target-51-zero	success	0.062583	0.318667	0.040333	0.319375	0.000708
377	graph-id-function-wrapped-contains-target-51-targeted	success	0.038166	0.296333	0.031125	0.2925	-0.003833
378	graph-id-function-wrapped-contains-target-51-dense	success	0.102583	0.45825	0.113292	0.451417	-0.006833
379	graph-id-function-wrapped-contains-target-52-zero	success	0.03475	0.325	0.036667	0.338291	0.013291
380	graph-id-function-wrapped-contains-target-52-targeted	success	0.027208	0.305958	0.036791	0.303958	-0.002
381	graph-id-function-wrapped-contains-target-52-dense	success	0.096584	0.472333	0.103334	0.447125	-0.025208
382	graph-id-function-wrapped-contains-target-53-zero	success	0.045375	0.33775	0.034417	0.329042	-0.008708
383	graph-id-function-wrapped-contains-target-53-targeted	success	0.043875	0.319333	0.046084	0.30425	-0.015083
384	graph-id-function-wrapped-contains-target-53-dense	success	0.136167	0.453	0.219375	0.467	0.014
385	graph-id-function-wrapped-contains-target-54-zero	success	0.099292	0.306083	0.06225	0.317708	0.011625
386	graph-id-function-wrapped-contains-target-54-targeted	success	0.058958	0.29875	0.098667	0.304	0.00525
387	graph-id-function-wrapped-contains-target-54-dense	success	0.159417	0.441209	0.096792	0.462583	0.021374
388	graph-id-function-wrapped-contains-target-55-zero	success	0.063375	0.30575	0.032917	0.324	0.01825
389	graph-id-function-wrapped-contains-target-55-targeted	success	0.039875	0.31825	0.032542	0.33175	0.0135
390	graph-id-function-wrapped-contains-target-55-dense	success	0.101	0.446834	0.091125	0.469041	0.022207
391	graph-id-function-wrapped-contains-target-56-zero	success	0.036334	0.330708	0.037666	0.314834	-0.015874
392	graph-id-function-wrapped-contains-target-56-targeted	success	0.025458	0.303667	0.026125	0.300333	-0.003334
393	graph-id-function-wrapped-contains-target-56-dense	success	0.100375	0.470917	0.094125	0.476541	0.005624
394	graph-id-function-wrapped-contains-target-57-zero	success	0.0435	0.310667	0.073458	0.316125	0.005458
395	graph-id-function-wrapped-contains-target-57-targeted	success	0.031625	0.296583	0.05225	0.303833	0.00725
396	graph-id-function-wrapped-contains-target-57-dense	success	0.098	0.479083	0.107708	0.453666	-0.025417
397	graph-id-function-wrapped-contains-target-58-zero	success	0.037416	0.329792	0.070292	0.316209	-0.013583
398	graph-id-function-wrapped-contains-target-58-targeted	success	0.041333	0.32525	0.061833	0.305167	-0.020083
399	graph-id-function-wrapped-contains-target-58-dense	success	0.109708	0.445417	0.115084	0.448083	0.002666
400	graph-id-function-wrapped-contains-target-59-zero	success	0.048333	0.31775	0.073125	0.31175	-0.006
401	graph-id-function-wrapped-contains-target-59-targeted	success	0.036667	0.30375	0.040833	0.314	0.01025
402	graph-id-function-wrapped-contains-target-59-dense	success	0.1105	0.444958	0.112291	0.440291	-0.004667
403	graph-id-function-wrapped-contains-target-60-zero	success	0.046833	0.316917	0.0585	0.34225	0.025333
404	graph-id-function-wrapped-contains-target-60-targeted	success	0.056667	0.31375	0.03775	0.318375	0.004625
405	graph-id-function-wrapped-contains-target-60-dense	success	0.114375	0.449083	0.101584	0.451542	0.002459
406	graph-id-function-wrapped-contains-target-61-zero	success	0.047625	0.312583	0.036166	0.31125	-0.001333
407	graph-id-function-wrapped-contains-target-61-targeted	success	0.026958	0.326167	0.035625	0.307625	-0.018542
408	graph-id-function-wrapped-contains-target-61-dense	success	0.100459	0.450542	0.114958	0.445541	-0.005001
409	graph-id-function-wrapped-contains-target-62-zero	success	0.03375	0.314292	0.037416	0.315417	0.001125
410	graph-id-function-wrapped-contains-target-62-targeted	success	0.02475	0.302584	0.028291	0.314334	0.01175
411	graph-id-function-wrapped-contains-target-62-dense	success	0.108042	0.454292	0.098625	0.458958	0.004666
412	graph-id-function-wrapped-contains-target-63-zero	success	0.033875	0.321	0.038042	0.327791	0.006791
413	graph-id-function-wrapped-contains-target-63-targeted	success	0.056916	0.30625	0.029708	0.303333	-0.002917
414	graph-id-function-wrapped-contains-target-63-dense	success	0.107917	0.475709	0.196167	0.456375	-0.019334
415	graph-id-parameter-wrapped-contains-target-00-zero	success	0.0685	0.316917	0.117	0.304	-0.012917
416	graph-id-parameter-wrapped-contains-target-00-targeted	success	0.115458	0.32	0.06	0.312666	-0.007334
417	graph-id-parameter-wrapped-contains-target-00-dense	success	0.156	0.512083	0.119625	0.477791	-0.034292
418	graph-id-parameter-wrapped-contains-target-01-zero	success	0.079667	0.309542	0.048292	0.301125	-0.008417
419	graph-id-parameter-wrapped-contains-target-01-targeted	success	0.076041	0.295042	0.036458	0.2835	-0.011542
420	graph-id-parameter-wrapped-contains-target-01-dense	success	0.127625	0.470583	0.111458	0.46425	-0.006333
421	graph-id-parameter-wrapped-contains-target-02-zero	success	0.071	0.29825	0.0505	0.307917	0.009667
422	graph-id-parameter-wrapped-contains-target-02-targeted	success	0.052375	0.310084	0.040083	0.3255	0.015416
423	graph-id-parameter-wrapped-contains-target-02-dense	success	0.111542	0.492625	0.103	0.483541	-0.009084
424	graph-id-parameter-wrapped-contains-target-03-zero	success	0.098791	0.301459	0.039292	0.296333	-0.005126
425	graph-id-parameter-wrapped-contains-target-03-targeted	success	0.041834	0.301208	0.031625	0.295667	-0.005541
426	graph-id-parameter-wrapped-contains-target-03-dense	success	0.108375	0.483083	0.105	0.464459	-0.018624
427	graph-id-parameter-wrapped-contains-target-04-zero	success	0.099166	0.309083	0.037959	0.301583	-0.0075
428	graph-id-parameter-wrapped-contains-target-04-targeted	success	0.054208	0.310959	0.03425	0.304709	-0.00625
429	graph-id-parameter-wrapped-contains-target-04-dense	success	0.108917	0.480667	0.103666	0.469208	-0.011459
430	graph-id-parameter-wrapped-contains-target-05-zero	success	0.079459	0.318167	0.033667	0.298792	-0.019375
431	graph-id-parameter-wrapped-contains-target-05-targeted	success	0.055167	0.3015	0.0335	0.308959	0.007459
432	graph-id-parameter-wrapped-contains-target-05-dense	success	0.119291	0.477875	0.109708	0.484375	0.0065
433	graph-id-parameter-wrapped-contains-target-06-zero	success	0.035708	0.30125	0.029041	0.286042	-0.015208
434	graph-id-parameter-wrapped-contains-target-06-targeted	success	0.037167	0.299125	0.040125	0.291083	-0.008042
435	graph-id-parameter-wrapped-contains-target-06-dense	success	0.099292	0.499834	0.1155	0.467625	-0.032209
436	graph-id-parameter-wrapped-contains-target-07-zero	success	0.041333	0.293958	0.041834	0.29925	0.005292
437	graph-id-parameter-wrapped-contains-target-07-targeted	success	0.028792	0.2995	0.027334	0.298209	-0.001291
438	graph-id-parameter-wrapped-contains-target-07-dense	success	0.137	0.490833	0.109125	0.459333	-0.0315
439	graph-id-parameter-wrapped-contains-target-08-zero	success	0.0295	0.30875	0.02925	0.298125	-0.010625
440	graph-id-parameter-wrapped-contains-target-08-targeted	success	0.028791	0.291458	0.046208	0.286959	-0.004499
441	graph-id-parameter-wrapped-contains-target-08-dense	success	0.096333	0.471667	0.098916	0.471	-0.000667
442	graph-id-parameter-wrapped-contains-target-09-zero	success	0.026667	0.300875	0.033042	0.302375	0.0015
443	graph-id-parameter-wrapped-contains-target-09-targeted	success	0.112	0.287	0.025833	0.301625	0.014625
444	graph-id-parameter-wrapped-contains-target-09-dense	success	0.128959	0.48425	0.109084	0.48375	-0.0005
445	graph-id-parameter-wrapped-contains-target-10-zero	success	0.036541	0.292625	0.074542	0.322917	0.030292
446	graph-id-parameter-wrapped-contains-target-10-targeted	success	0.031584	0.289292	0.03725	0.309125	0.019833
447	graph-id-parameter-wrapped-contains-target-10-dense	success	0.113125	0.457209	0.106666	0.485875	0.028666
448	graph-id-parameter-wrapped-contains-target-11-zero	success	0.029958	0.288792	0.031125	0.293875	0.005083
449	graph-id-parameter-wrapped-contains-target-11-targeted	success	0.045042	0.286333	0.027792	0.287791	0.001458
450	graph-id-parameter-wrapped-contains-target-11-dense	success	0.098833	0.448	0.096583	0.4795	0.0315
451	graph-id-parameter-wrapped-contains-target-12-zero	success	0.031792	0.2855	0.027542	0.308084	0.022584
452	graph-id-parameter-wrapped-contains-target-12-targeted	success	0.030375	0.303833	0.029	0.316542	0.012709
453	graph-id-parameter-wrapped-contains-target-12-dense	success	0.106792	0.483625	0.100875	0.478791	-0.004834
454	graph-id-parameter-wrapped-contains-target-13-zero	success	0.025833	0.297875	0.057792	0.2925	-0.005375
455	graph-id-parameter-wrapped-contains-target-13-targeted	success	0.036666	0.2975	0.040291	0.299334	0.001834
456	graph-id-parameter-wrapped-contains-target-13-dense	success	0.105667	0.498542	0.125542	0.47375	-0.024792
457	graph-id-parameter-wrapped-contains-target-14-zero	success	0.0325	0.308042	0.068667	0.300292	-0.00775
458	graph-id-parameter-wrapped-contains-target-14-targeted	success	0.031042	0.296083	0.040583	0.294417	-0.001666
459	graph-id-parameter-wrapped-contains-target-14-dense	success	0.098334	0.477959	0.120708	0.496583	0.018624
460	graph-id-parameter-wrapped-contains-target-15-zero	success	0.03125	0.300542	0.091	0.293792	-0.00675
461	graph-id-parameter-wrapped-contains-target-15-targeted	success	0.027334	0.294209	0.040541	0.296875	0.002666
462	graph-id-parameter-wrapped-contains-target-15-dense	success	0.107083	0.467584	0.097292	0.463583	-0.004001
463	graph-id-parameter-wrapped-contains-target-16-zero	success	0.02725	0.290333	0.033167	0.303167	0.012834
464	graph-id-parameter-wrapped-contains-target-16-targeted	success	0.033416	0.289916	0.102667	0.297125	0.007209
465	graph-id-parameter-wrapped-contains-target-16-dense	success	0.221041	0.460292	0.273417	0.45675	-0.003542
466	graph-id-parameter-wrapped-contains-target-17-zero	success	0.037542	0.298417	0.045458	0.298084	-0.000333
467	graph-id-parameter-wrapped-contains-target-17-targeted	success	0.033417	0.302375	0.037166	0.302125	-0.00025
468	graph-id-parameter-wrapped-contains-target-17-dense	success	0.109875	0.470417	0.115375	0.488667	0.01825
469	graph-id-parameter-wrapped-contains-target-18-zero	success	0.030584	0.292833	0.053292	0.2985	0.005667
470	graph-id-parameter-wrapped-contains-target-18-targeted	success	0.034583	0.302792	0.040459	0.319584	0.016792
471	graph-id-parameter-wrapped-contains-target-18-dense	success	0.103208	0.483084	0.109125	0.493375	0.010291
472	graph-id-parameter-wrapped-contains-target-19-zero	success	0.028917	0.290542	0.064041	0.287416	-0.003126
473	graph-id-parameter-wrapped-contains-target-19-targeted	success	0.0305	0.298625	0.059083	0.315875	0.01725
474	graph-id-parameter-wrapped-contains-target-19-dense	success	0.10125	0.468375	0.108584	0.489958	0.021583
475	graph-id-parameter-wrapped-contains-target-20-zero	success	0.02575	0.28375	0.04625	0.314167	0.030417
476	graph-id-parameter-wrapped-contains-target-20-targeted	success	0.028375	0.286875	0.054291	0.295	0.008125
477	graph-id-parameter-wrapped-contains-target-20-dense	success	0.100333	0.45225	0.107916	0.747875	0.295625
478	graph-id-parameter-wrapped-contains-target-21-zero	success	0.026375	0.292208	0.041791	0.30625	0.014042
479	graph-id-parameter-wrapped-contains-target-21-targeted	success	0.027709	0.298917	0.030125	0.291125	-0.007792
480	graph-id-parameter-wrapped-contains-target-21-dense	success	0.098958	0.459875	0.111708	0.457875	-0.002
481	graph-id-parameter-wrapped-contains-target-22-zero	success	0.032291	0.30475	0.0365	0.30275	-0.002
482	graph-id-parameter-wrapped-contains-target-22-targeted	success	0.032583	0.303042	0.041375	0.328875	0.025833
483	graph-id-parameter-wrapped-contains-target-22-dense	success	0.105041	0.473	0.109958	0.479958	0.006958
484	graph-id-parameter-wrapped-contains-target-23-zero	success	0.027	0.291292	0.046292	0.312084	0.020792
485	graph-id-parameter-wrapped-contains-target-23-targeted	success	0.03275	0.347333	0.040791	0.321458	-0.025875
486	graph-id-parameter-wrapped-contains-target-23-dense	success	0.095792	0.4705	0.104917	0.503875	0.033375
487	graph-id-parameter-wrapped-contains-target-24-zero	success	0.029041	0.290583	0.028667	0.307458	0.016875
488	graph-id-parameter-wrapped-contains-target-24-targeted	success	0.027333	0.298167	0.030334	0.308709	0.010542
489	graph-id-parameter-wrapped-contains-target-24-dense	success	0.213	0.456041	0.10375	0.47675	0.020709
490	graph-id-parameter-wrapped-contains-target-25-zero	success	0.026	0.302667	0.022375	0.312792	0.010125
491	graph-id-parameter-wrapped-contains-target-25-targeted	success	0.034	0.315958	0.035166	0.313792	-0.002166
492	graph-id-parameter-wrapped-contains-target-25-dense	success	0.106667	0.468167	0.105958	0.469958	0.001791
493	graph-id-parameter-wrapped-contains-target-26-zero	success	0.027875	0.2985	0.028042	0.298958	0.000458
494	graph-id-parameter-wrapped-contains-target-26-targeted	success	0.026458	0.299208	0.025542	0.293291	-0.005917
495	graph-id-parameter-wrapped-contains-target-26-dense	success	0.109083	0.45375	0.10425	0.460375	0.006625
496	graph-id-parameter-wrapped-contains-target-27-zero	success	0.0275	0.285416	0.030458	0.289375	0.003959
497	graph-id-parameter-wrapped-contains-target-27-targeted	success	0.036041	0.298541	0.031375	0.308875	0.010334
498	graph-id-parameter-wrapped-contains-target-27-dense	success	0.109291	0.464417	0.106	0.47075	0.006333
499	graph-id-parameter-wrapped-contains-target-28-zero	success	0.027	0.282041	0.022459	0.284416	0.002375
500	graph-id-parameter-wrapped-contains-target-28-targeted	success	0.03125	0.292708	0.029167	0.29575	0.003042
501	graph-id-parameter-wrapped-contains-target-28-dense	success	0.103417	0.468833	0.0975	0.450625	-0.018208
502	graph-id-parameter-wrapped-contains-target-29-zero	success	0.029083	0.297042	0.034292	0.291084	-0.005958
503	graph-id-parameter-wrapped-contains-target-29-targeted	success	0.044625	0.298417	0.025583	0.290333	-0.008084
504	graph-id-parameter-wrapped-contains-target-29-dense	success	0.108167	0.463542	0.092709	0.465708	0.002166
505	graph-id-parameter-wrapped-contains-target-30-zero	success	0.030625	0.298791	0.020042	0.290833	-0.007958
506	graph-id-parameter-wrapped-contains-target-30-targeted	success	0.031542	0.297709	0.025625	0.320042	0.022333
507	graph-id-parameter-wrapped-contains-target-30-dense	success	0.097834	0.473417	0.099583	0.478292	0.004875
508	graph-id-parameter-wrapped-contains-target-31-zero	success	0.02575	0.297208	0.0245	0.294458	-0.00275
509	graph-id-parameter-wrapped-contains-target-31-targeted	success	0.0255	0.285834	0.020292	0.291375	0.005541
510	graph-id-parameter-wrapped-contains-target-31-dense	success	0.099833	0.451042	0.120792	0.460125	0.009083
511	graph-id-parameter-wrapped-contains-target-32-zero	success	0.051542	0.291209	0.036291	0.297542	0.006333
512	graph-id-parameter-wrapped-contains-target-32-targeted	success	0.061292	0.294833	0.040959	0.300667	0.005834
513	graph-id-parameter-wrapped-contains-target-32-dense	success	0.119083	0.448875	0.092875	0.482958	0.034083
514	graph-id-parameter-wrapped-contains-target-33-zero	success	0.031333	0.299542	0.023292	0.294584	-0.004958
515	graph-id-parameter-wrapped-contains-target-33-targeted	success	0.066375	0.292792	0.022333	0.301292	0.0085
516	graph-id-parameter-wrapped-contains-target-33-dense	success	0.095792	0.472916	0.098458	0.464209	-0.008707
517	graph-id-parameter-wrapped-contains-target-34-zero	success	0.027084	0.312459	0.019875	0.294042	-0.018417
518	graph-id-parameter-wrapped-contains-target-34-targeted	success	0.02725	0.29425	0.058625	0.290875	-0.003375
519	graph-id-parameter-wrapped-contains-target-34-dense	success	0.0985	0.482834	0.097667	0.471292	-0.011542
520	graph-id-parameter-wrapped-contains-target-35-zero	success	0.02425	0.294541	0.027458	0.385833	0.091292
521	graph-id-parameter-wrapped-contains-target-35-targeted	success	0.02575	0.294083	0.024416	0.30125	0.007167
522	graph-id-parameter-wrapped-contains-target-35-dense	success	0.098208	0.458667	0.088875	0.484292	0.025625
523	graph-id-parameter-wrapped-contains-target-36-zero	success	0.025292	0.289375	0.020833	0.30675	0.017375
524	graph-id-parameter-wrapped-contains-target-36-targeted	success	0.0275	0.291625	0.022041	0.296833	0.005208
525	graph-id-parameter-wrapped-contains-target-36-dense	success	0.102958	0.449792	0.083541	0.459709	0.009917
526	graph-id-parameter-wrapped-contains-target-37-zero	success	0.0215	0.291167	0.0195	0.286708	-0.004459
527	graph-id-parameter-wrapped-contains-target-37-targeted	success	0.049333	0.339792	0.038083	0.459916	0.120124
528	graph-id-parameter-wrapped-contains-target-37-dense	success	0.101292	0.467	0.083083	0.454042	-0.012958
529	graph-id-parameter-wrapped-contains-target-38-zero	success	0.024542	0.290375	0.019833	0.290833	0.000458
530	graph-id-parameter-wrapped-contains-target-38-targeted	success	0.02775	0.318833	0.020291	0.287666	-0.031167
531	graph-id-parameter-wrapped-contains-target-38-dense	success	0.09675	0.524458	0.080083	0.454833	-0.069625
532	graph-id-parameter-wrapped-contains-target-39-zero	success	0.026667	0.293875	0.0205	0.291	-0.002875
533	graph-id-parameter-wrapped-contains-target-39-targeted	success	0.02625	0.296959	0.020458	0.292958	-0.004001
534	graph-id-parameter-wrapped-contains-target-39-dense	success	0.157125	0.446667	0.085083	0.48675	0.040083
535	graph-id-parameter-wrapped-contains-target-40-zero	success	0.025125	0.295084	0.019708	0.294042	-0.001042
536	graph-id-parameter-wrapped-contains-target-40-targeted	success	0.025875	0.296792	0.020084	0.297584	0.000792
537	graph-id-parameter-wrapped-contains-target-40-dense	success	0.102875	0.462292	0.086542	0.495333	0.033041
538	graph-id-parameter-wrapped-contains-target-41-zero	success	0.0265	0.309667	0.021083	0.28875	-0.020917
539	graph-id-parameter-wrapped-contains-target-41-targeted	success	0.0255	0.292875	0.019959	0.306667	0.013792
540	graph-id-parameter-wrapped-contains-target-41-dense	success	0.101708	0.47025	0.097084	0.663583	0.193333
541	graph-id-parameter-wrapped-contains-target-42-zero	success	0.034375	0.293125	0.024834	0.33625	0.043125
542	graph-id-parameter-wrapped-contains-target-42-targeted	success	0.057792	0.358	0.050542	0.387666	0.029666
543	graph-id-parameter-wrapped-contains-target-42-dense	success	0.101792	0.464709	0.082333	0.467458	0.002749
544	graph-id-parameter-wrapped-contains-target-43-zero	success	0.027541	0.290334	0.019792	0.297541	0.007207
545	graph-id-parameter-wrapped-contains-target-43-targeted	success	0.025208	0.294625	0.020375	0.298084	0.003459
546	graph-id-parameter-wrapped-contains-target-43-dense	success	0.090167	0.460375	0.07975	0.50475	0.044375
547	graph-id-parameter-wrapped-contains-target-44-zero	success	0.031708	0.282583	0.02025	0.287042	0.004459
548	graph-id-parameter-wrapped-contains-target-44-targeted	success	0.027125	0.287791	0.020542	0.301959	0.014168
549	graph-id-parameter-wrapped-contains-target-44-dense	success	0.111	0.453	0.0805	0.486291	0.033291
550	graph-id-parameter-wrapped-contains-target-45-zero	success	0.024583	0.290333	0.018417	0.286958	-0.003375
551	graph-id-parameter-wrapped-contains-target-45-targeted	success	0.027042	0.28625	0.020875	0.29425	0.008
552	graph-id-parameter-wrapped-contains-target-45-dense	success	0.105875	0.489959	0.082084	0.475041	-0.014918
553	graph-id-parameter-wrapped-contains-target-46-zero	success	0.025166	0.289166	0.018792	0.283792	-0.005374
554	graph-id-parameter-wrapped-contains-target-46-targeted	success	0.045833	0.339916	0.035083	0.326666	-0.01325
555	graph-id-parameter-wrapped-contains-target-46-dense	success	0.104417	0.472875	0.086	0.478125	0.00525
556	graph-id-parameter-wrapped-contains-target-47-zero	success	0.026792	0.309375	0.023041	0.302125	-0.00725
557	graph-id-parameter-wrapped-contains-target-47-targeted	success	0.055916	0.356458	0.047	0.341875	-0.014583
558	graph-id-parameter-wrapped-contains-target-47-dense	success	0.214708	0.475083	0.089583	0.461542	-0.013541
559	graph-id-parameter-wrapped-contains-target-48-zero	success	0.052625	0.307333	0.071542	0.29025	-0.017083
560	graph-id-parameter-wrapped-contains-target-48-targeted	success	0.038417	0.306625	0.025791	0.303625	-0.003
561	graph-id-parameter-wrapped-contains-target-48-dense	success	0.092375	0.491584	0.109375	0.459333	-0.032251
562	graph-id-parameter-wrapped-contains-target-49-zero	success	0.029042	0.312833	0.03425	0.302834	-0.009999
563	graph-id-parameter-wrapped-contains-target-49-targeted	success	0.025333	0.321125	0.029791	0.3025	-0.018625
564	graph-id-parameter-wrapped-contains-target-49-dense	success	0.091458	0.476958	0.090208	0.454958	-0.022
565	graph-id-parameter-wrapped-contains-target-50-zero	success	0.026125	0.295667	0.025042	0.29	-0.005667
566	graph-id-parameter-wrapped-contains-target-50-targeted	success	0.025083	0.300625	0.024125	0.553708	0.253083
567	graph-id-parameter-wrapped-contains-target-50-dense	success	0.09325	0.462917	0.109417	0.4665	0.003583
568	graph-id-parameter-wrapped-contains-target-51-zero	success	0.0245	0.321208	0.022625	0.300875	-0.020333
569	graph-id-parameter-wrapped-contains-target-51-targeted	success	0.022375	0.290166	0.034958	0.292834	0.002668
570	graph-id-parameter-wrapped-contains-target-51-dense	success	0.102042	0.454	0.099875	0.453875	-0.000125
571	graph-id-parameter-wrapped-contains-target-52-zero	success	0.024333	0.306666	0.042208	0.292167	-0.014499
572	graph-id-parameter-wrapped-contains-target-52-targeted	success	0.025292	0.293042	0.034708	0.293125	8.3e-05
573	graph-id-parameter-wrapped-contains-target-52-dense	success	0.092834	0.450375	0.091042	0.451458	0.001083
574	graph-id-parameter-wrapped-contains-target-53-zero	success	0.025125	0.294417	0.025875	0.297167	0.00275
575	graph-id-parameter-wrapped-contains-target-53-targeted	success	0.024125	0.297292	0.040167	0.300958	0.003666
576	graph-id-parameter-wrapped-contains-target-53-dense	success	0.09075	0.444208	0.089709	0.475459	0.031251
577	graph-id-parameter-wrapped-contains-target-54-zero	success	0.026125	0.297708	0.0275	0.287875	-0.009833
578	graph-id-parameter-wrapped-contains-target-54-targeted	success	0.022208	0.292792	0.0255	0.295333	0.002541
579	graph-id-parameter-wrapped-contains-target-54-dense	success	0.092833	0.449458	0.074917	0.456708	0.00725
580	graph-id-parameter-wrapped-contains-target-55-zero	success	0.024875	0.290667	0.024542	0.299958	0.009291
581	graph-id-parameter-wrapped-contains-target-55-targeted	success	0.025458	0.302625	0.0215	0.303375	0.00075
582	graph-id-parameter-wrapped-contains-target-55-dense	success	0.205125	0.454875	0.076917	0.4795	0.024625
583	graph-id-parameter-wrapped-contains-target-56-zero	success	0.023833	0.291125	0.023625	0.300167	0.009042
584	graph-id-parameter-wrapped-contains-target-56-targeted	success	0.025208	0.340333	0.020125	0.313541	-0.026792
585	graph-id-parameter-wrapped-contains-target-56-dense	success	0.090542	0.4635	0.078458	0.45725	-0.00625
586	graph-id-parameter-wrapped-contains-target-57-zero	success	0.026416	0.29025	0.031041	0.301458	0.011208
587	graph-id-parameter-wrapped-contains-target-57-targeted	success	0.02575	0.296667	0.020833	0.298125	0.001458
588	graph-id-parameter-wrapped-contains-target-57-dense	success	0.094625	0.46525	0.080958	0.463292	-0.001958
589	graph-id-parameter-wrapped-contains-target-58-zero	success	0.026125	0.287542	0.023375	0.28925	0.001708
590	graph-id-parameter-wrapped-contains-target-58-targeted	success	0.030125	0.306834	0.026667	0.302584	-0.00425
591	graph-id-parameter-wrapped-contains-target-58-dense	success	0.09175	0.459667	0.083916	0.474375	0.014708
592	graph-id-parameter-wrapped-contains-target-59-zero	success	0.0255	0.295291	0.0245	0.299292	0.004001
593	graph-id-parameter-wrapped-contains-target-59-targeted	success	0.027708	0.322084	0.025625	0.325791	0.003707
594	graph-id-parameter-wrapped-contains-target-59-dense	success	0.087959	0.457333	0.080125	0.473875	0.016542
595	graph-id-parameter-wrapped-contains-target-60-zero	success	0.025167	0.303	0.08425	0.307	0.004
596	graph-id-parameter-wrapped-contains-target-60-targeted	success	0.029833	0.295084	0.072667	0.325166	0.030082
597	graph-id-parameter-wrapped-contains-target-60-dense	success	0.090583	0.458667	0.079458	0.478833	0.020166
598	graph-id-parameter-wrapped-contains-target-61-zero	success	0.024417	0.290125	0.027	0.329	0.038875
599	graph-id-parameter-wrapped-contains-target-61-targeted	success	0.028667	0.298833	0.029667	0.29675	-0.002083
600	graph-id-parameter-wrapped-contains-target-61-dense	success	0.089959	0.470791	0.080834	0.467542	-0.003249
601	graph-id-parameter-wrapped-contains-target-62-zero	success	0.025792	0.303084	0.036709	0.288583	-0.014501
602	graph-id-parameter-wrapped-contains-target-62-targeted	success	0.02525	0.292959	0.027875	0.296542	0.003583
603	graph-id-parameter-wrapped-contains-target-62-dense	success	0.0955	0.452417	0.103167	0.460375	0.007958
604	graph-id-parameter-wrapped-contains-target-63-zero	success	0.023208	0.289791	0.03075	0.303459	0.013668
605	graph-id-parameter-wrapped-contains-target-63-targeted	success	0.024833	0.300666	0.026875	0.295542	-0.005124
606	graph-id-parameter-wrapped-contains-target-63-dense	success	0.095375	0.46925	0.086	0.460958	-0.008292
607	request-selected-source-wrapped-contains-target-00-zero	success	0.073833	0.262875	0.096166	0.265167	0.002292
608	request-selected-source-wrapped-contains-target-00-targeted	success	0.078166	0.292583	0.048208	0.285916	-0.006667
609	request-selected-source-wrapped-contains-target-00-dense	success	0.1625	0.439459	0.090333	0.4195	-0.019959
610	request-selected-source-wrapped-contains-target-01-zero	success	0.025792	0.264208	0.037208	0.263875	-0.000333
611	request-selected-source-wrapped-contains-target-01-targeted	success	0.020334	0.279666	0.029833	0.264583	-0.015083
612	request-selected-source-wrapped-contains-target-01-dense	success	0.085375	0.420125	0.087167	0.43575	0.015625
613	request-selected-source-wrapped-contains-target-02-zero	success	0.025375	0.256833	0.023042	0.261417	0.004584
614	request-selected-source-wrapped-contains-target-02-targeted	success	0.0255	0.284708	0.031041	0.28875	0.004042
615	request-selected-source-wrapped-contains-target-02-dense	success	0.081625	0.421833	0.084666	0.43325	0.011417
616	request-selected-source-wrapped-contains-target-03-zero	success	0.021958	0.249208	0.025209	0.260791	0.011583
617	request-selected-source-wrapped-contains-target-03-targeted	success	0.02425	0.278375	0.022667	0.28125	0.002875
618	request-selected-source-wrapped-contains-target-03-dense	success	0.084708	0.418	0.083667	0.419875	0.001875
619	request-selected-source-wrapped-contains-target-04-zero	success	0.122709	0.264833	0.025709	0.259208	-0.005625
620	request-selected-source-wrapped-contains-target-04-targeted	success	0.057083	0.288708	0.026041	0.286417	-0.002291
621	request-selected-source-wrapped-contains-target-04-dense	success	0.292458	0.424667	0.261542	0.430042	0.005375
622	request-selected-source-wrapped-contains-target-05-zero	success	0.045625	0.267416	0.034291	0.262	-0.005416
623	request-selected-source-wrapped-contains-target-05-targeted	success	0.054875	0.283917	0.029833	0.289625	0.005708
624	request-selected-source-wrapped-contains-target-05-dense	success	0.097959	0.43225	0.099209	0.454959	0.022709
625	request-selected-source-wrapped-contains-target-06-zero	success	0.03725	0.259209	0.027333	0.28775	0.028541
626	request-selected-source-wrapped-contains-target-06-targeted	success	0.04375	0.275584	0.024042	0.278916	0.003332
627	request-selected-source-wrapped-contains-target-06-dense	success	0.095875	0.425666	0.084042	0.426	0.000334
628	request-selected-source-wrapped-contains-target-07-zero	success	0.037	0.266875	0.0205	0.268667	0.001792
629	request-selected-source-wrapped-contains-target-07-targeted	success	0.038625	0.279875	0.027125	0.267333	-0.012542
630	request-selected-source-wrapped-contains-target-07-dense	success	0.117708	0.434625	0.10475	0.416167	-0.018458
631	request-selected-source-wrapped-contains-target-08-zero	success	0.029041	0.263667	0.02125	0.2685	0.004833
632	request-selected-source-wrapped-contains-target-08-targeted	success	0.024791	0.27225	0.024541	0.268125	-0.004125
633	request-selected-source-wrapped-contains-target-08-dense	success	0.085209	0.416959	0.073625	0.433042	0.016083
634	request-selected-source-wrapped-contains-target-09-zero	success	0.027458	0.269208	0.018583	0.282667	0.013459
635	request-selected-source-wrapped-contains-target-09-targeted	success	0.027	0.273958	0.034333	0.272875	-0.001083
636	request-selected-source-wrapped-contains-target-09-dense	success	0.078709	0.432333	0.083667	0.428666	-0.003667
637	request-selected-source-wrapped-contains-target-10-zero	success	0.035958	0.277292	0.029166	0.2745	-0.002792
638	request-selected-source-wrapped-contains-target-10-targeted	success	0.036333	0.286125	0.0355	0.292625	0.0065
639	request-selected-source-wrapped-contains-target-10-dense	success	0.078959	0.428542	0.08	0.427375	-0.001167
640	request-selected-source-wrapped-contains-target-11-zero	success	0.02375	0.267459	0.023875	0.264291	-0.003168
641	request-selected-source-wrapped-contains-target-11-targeted	success	0.024833	0.275	0.027417	0.277375	0.002375
642	request-selected-source-wrapped-contains-target-11-dense	success	0.072916	0.43475	0.087542	0.458583	0.023833
643	request-selected-source-wrapped-contains-target-12-zero	success	0.022208	0.269292	0.028542	0.277625	0.008333
644	request-selected-source-wrapped-contains-target-12-targeted	success	0.028333	0.27425	0.032291	0.266125	-0.008125
645	request-selected-source-wrapped-contains-target-12-dense	success	0.080125	0.448625	0.077583	0.457542	0.008917
646	request-selected-source-wrapped-contains-target-13-zero	success	0.023416	0.263541	0.02625	0.270375	0.006834
647	request-selected-source-wrapped-contains-target-13-targeted	success	0.023583	0.285375	0.027417	0.27975	-0.005625
648	request-selected-source-wrapped-contains-target-13-dense	success	0.075959	0.43625	0.076416	0.442	0.00575
649	request-selected-source-wrapped-contains-target-14-zero	success	0.023542	0.250084	0.022375	0.277791	0.027707
650	request-selected-source-wrapped-contains-target-14-targeted	success	0.027834	0.270334	0.024375	0.285584	0.01525
651	request-selected-source-wrapped-contains-target-14-dense	success	0.076417	0.432583	0.074542	0.431084	-0.001499
652	request-selected-source-wrapped-contains-target-15-zero	success	0.0255	0.265458	0.030334	0.273625	0.008167
653	request-selected-source-wrapped-contains-target-15-targeted	success	0.047208	0.273958	0.020333	0.268333	-0.005625
654	request-selected-source-wrapped-contains-target-15-dense	success	0.085667	0.418125	0.072875	0.431917	0.013792
655	request-selected-source-wrapped-contains-target-16-zero	success	0.027958	0.262583	0.021375	0.264583	0.002
656	request-selected-source-wrapped-contains-target-16-targeted	success	0.024209	0.274041	0.026208	0.273917	-0.000124
657	request-selected-source-wrapped-contains-target-16-dense	success	0.076042	0.423791	0.075125	0.438583	0.014792
658	request-selected-source-wrapped-contains-target-17-zero	success	0.021875	0.251833	0.019458	0.255709	0.003876
659	request-selected-source-wrapped-contains-target-17-targeted	success	0.026042	0.273417	0.024333	0.292167	0.01875
660	request-selected-source-wrapped-contains-target-17-dense	success	0.081375	0.418834	0.0785	0.424042	0.005208
661	request-selected-source-wrapped-contains-target-18-zero	success	0.0245	0.258334	0.023125	0.269042	0.010708
662	request-selected-source-wrapped-contains-target-18-targeted	success	0.033667	0.286	0.026792	0.293959	0.007959
663	request-selected-source-wrapped-contains-target-18-dense	success	0.135583	0.429375	0.07725	0.432709	0.003334
664	request-selected-source-wrapped-contains-target-19-zero	success	0.063584	0.265083	0.023125	0.268458	0.003375
665	request-selected-source-wrapped-contains-target-19-targeted	success	0.023292	0.278167	0.02475	0.29675	0.018583
666	request-selected-source-wrapped-contains-target-19-dense	success	0.076708	0.434083	0.075709	0.430125	-0.003958
667	request-selected-source-wrapped-contains-target-20-zero	success	0.021542	0.252458	0.022875	0.25775	0.005292
668	request-selected-source-wrapped-contains-target-20-targeted	success	0.023875	0.263542	0.021042	0.268292	0.00475
669	request-selected-source-wrapped-contains-target-20-dense	success	0.079042	0.406583	0.078042	0.436	0.029417
670	request-selected-source-wrapped-contains-target-21-zero	success	0.020666	0.254166	0.020667	0.258291	0.004125
671	request-selected-source-wrapped-contains-target-21-targeted	success	0.021084	0.277125	0.023958	0.275708	-0.001417
672	request-selected-source-wrapped-contains-target-21-dense	success	0.074208	0.414958	0.078041	0.427375	0.012417
673	request-selected-source-wrapped-contains-target-22-zero	success	0.02225	0.265875	0.02575	0.268208	0.002333
674	request-selected-source-wrapped-contains-target-22-targeted	success	0.02375	0.278667	0.022333	0.279416	0.000749
675	request-selected-source-wrapped-contains-target-22-dense	success	0.098208	0.440708	0.086417	0.445708	0.005
676	request-selected-source-wrapped-contains-target-23-zero	success	0.027375	0.265625	0.023584	0.263791	-0.001834
677	request-selected-source-wrapped-contains-target-23-targeted	success	0.028958	0.278417	0.027167	0.287416	0.008999
678	request-selected-source-wrapped-contains-target-23-dense	success	0.080875	0.416917	0.075375	0.436208	0.019291
679	request-selected-source-wrapped-contains-target-24-zero	success	0.083667	0.261667	0.036833	0.26025	-0.001417
680	request-selected-source-wrapped-contains-target-24-targeted	success	0.04925	0.269959	0.041667	0.28175	0.011791
681	request-selected-source-wrapped-contains-target-24-dense	success	0.079583	0.418167	0.081125	0.438792	0.020625
682	request-selected-source-wrapped-contains-target-25-zero	success	0.023542	0.260042	0.0245	0.260584	0.000542
683	request-selected-source-wrapped-contains-target-25-targeted	success	0.033542	0.294708	0.035125	0.302125	0.007417
684	request-selected-source-wrapped-contains-target-25-dense	success	0.077292	0.432209	0.069583	0.431041	-0.001168
685	request-selected-source-wrapped-contains-target-26-zero	success	0.027208	0.255583	0.025458	0.2705	0.014917
686	request-selected-source-wrapped-contains-target-26-targeted	success	0.04375	0.268333	0.048708	0.282875	0.014542
687	request-selected-source-wrapped-contains-target-26-dense	success	0.096958	0.425541	0.087833	0.454417	0.028876
688	request-selected-source-wrapped-contains-target-27-zero	success	0.03975	0.264833	0.027125	0.294	0.029167
689	request-selected-source-wrapped-contains-target-27-targeted	success	0.052958	0.311625	0.049	0.293542	-0.018083
690	request-selected-source-wrapped-contains-target-27-dense	success	0.1155	0.415041	0.078958	0.45275	0.037709
691	request-selected-source-wrapped-contains-target-28-zero	success	0.020541	0.257375	0.027208	0.273667	0.016292
692	request-selected-source-wrapped-contains-target-28-targeted	success	0.024667	0.277125	0.024833	0.28575	0.008625
693	request-selected-source-wrapped-contains-target-28-dense	success	0.079834	0.436792	0.08125	0.42775	-0.009042
694	request-selected-source-wrapped-contains-target-29-zero	success	0.022875	0.263583	0.020917	0.272125	0.008542
695	request-selected-source-wrapped-contains-target-29-targeted	success	0.024208	0.276208	0.024167	0.265458	-0.01075
696	request-selected-source-wrapped-contains-target-29-dense	success	0.074375	0.444375	0.074083	0.437583	-0.006792
697	request-selected-source-wrapped-contains-target-30-zero	success	0.022416	0.2535	0.021708	0.26025	0.00675
698	request-selected-source-wrapped-contains-target-30-targeted	success	0.040666	0.272583	0.027417	0.2825	0.009917
699	request-selected-source-wrapped-contains-target-30-dense	success	0.109333	0.420042	0.097042	0.42625	0.006208
700	request-selected-source-wrapped-contains-target-31-zero	success	0.027292	0.2655	0.038667	0.272791	0.007291
701	request-selected-source-wrapped-contains-target-31-targeted	success	0.024	0.280917	0.024208	0.271792	-0.009125
702	request-selected-source-wrapped-contains-target-31-dense	success	0.079667	0.421958	0.0915	0.441583	0.019625
703	request-selected-source-wrapped-contains-target-32-zero	success	0.022958	0.2645	0.02175	0.277125	0.012625
704	request-selected-source-wrapped-contains-target-32-targeted	success	0.022292	0.288417	0.022125	0.286125	-0.002292
705	request-selected-source-wrapped-contains-target-32-dense	success	0.072083	0.439458	0.086542	0.460667	0.021209
706	request-selected-source-wrapped-contains-target-33-zero	success	0.017375	0.264167	0.022375	0.25825	-0.005917
707	request-selected-source-wrapped-contains-target-33-targeted	success	0.022167	0.286834	0.020875	0.279792	-0.007042
708	request-selected-source-wrapped-contains-target-33-dense	success	0.075125	0.455708	0.06875	0.465292	0.009584
709	request-selected-source-wrapped-contains-target-34-zero	success	0.0245	0.272541	0.023125	0.258459	-0.014082
710	request-selected-source-wrapped-contains-target-34-targeted	success	0.037	0.298708	0.02375	0.284291	-0.014417
711	request-selected-source-wrapped-contains-target-34-dense	success	0.07375	0.438458	0.083375	0.439166	0.000708
712	request-selected-source-wrapped-contains-target-35-zero	success	0.028625	0.269917	0.028917	0.274625	0.004708
713	request-selected-source-wrapped-contains-target-35-targeted	success	0.046542	0.298875	0.025166	0.280667	-0.018208
714	request-selected-source-wrapped-contains-target-35-dense	success	0.080417	0.43725	0.0755	0.437917	0.000667
715	request-selected-source-wrapped-contains-target-36-zero	success	0.022834	0.270792	0.023084	0.263333	-0.007459
716	request-selected-source-wrapped-contains-target-36-targeted	success	0.025417	0.283541	0.022125	0.282834	-0.000707
717	request-selected-source-wrapped-contains-target-36-dense	success	0.075875	0.421667	0.071167	0.430833	0.009166
718	request-selected-source-wrapped-contains-target-37-zero	success	0.022833	0.263833	0.022084	0.269708	0.005875
719	request-selected-source-wrapped-contains-target-37-targeted	success	0.038834	0.319	0.037667	0.319792	0.000792
720	request-selected-source-wrapped-contains-target-37-dense	success	0.077083	0.420291	0.073083	0.407417	-0.012874
721	request-selected-source-wrapped-contains-target-38-zero	success	0.01975	0.2555	0.022709	0.263	0.0075
722	request-selected-source-wrapped-contains-target-38-targeted	success	0.027375	0.271208	0.023125	0.272833	0.001625
723	request-selected-source-wrapped-contains-target-38-dense	success	0.101833	0.4185	0.075375	0.419334	0.000834
724	request-selected-source-wrapped-contains-target-39-zero	success	0.027	0.252167	0.024417	0.275375	0.023208
725	request-selected-source-wrapped-contains-target-39-targeted	success	0.023458	0.26975	0.022042	0.29225	0.0225
726	request-selected-source-wrapped-contains-target-39-dense	success	0.073416	0.419958	0.074583	0.427167	0.007209
727	request-selected-source-wrapped-contains-target-40-zero	success	0.022125	0.259042	0.041333	0.263917	0.004875
728	request-selected-source-wrapped-contains-target-40-targeted	success	0.022375	0.282708	0.029333	0.27625	-0.006458
729	request-selected-source-wrapped-contains-target-40-dense	success	0.081916	0.412458	0.075708	0.423291	0.010833
730	request-selected-source-wrapped-contains-target-41-zero	success	0.021834	0.255458	0.02175	0.258542	0.003084
731	request-selected-source-wrapped-contains-target-41-targeted	success	0.021584	0.270083	0.032292	0.285292	0.015209
732	request-selected-source-wrapped-contains-target-41-dense	success	0.075791	0.421917	0.084666	0.446167	0.02425
733	request-selected-source-wrapped-contains-target-42-zero	success	0.025917	0.258042	0.024417	0.266375	0.008333
734	request-selected-source-wrapped-contains-target-42-targeted	success	0.04425	0.330792	0.045958	0.337333	0.006541
735	request-selected-source-wrapped-contains-target-42-dense	success	0.078334	0.416417	0.076542	0.429292	0.012875
736	request-selected-source-wrapped-contains-target-43-zero	success	0.021916	0.250333	0.024083	0.258917	0.008584
737	request-selected-source-wrapped-contains-target-43-targeted	success	0.022209	0.275708	0.020584	0.271125	-0.004583
738	request-selected-source-wrapped-contains-target-43-dense	success	0.094458	0.410542	0.06975	0.428625	0.018083
739	request-selected-source-wrapped-contains-target-44-zero	success	0.027791	0.269667	0.024125	0.255833	-0.013834
740	request-selected-source-wrapped-contains-target-44-targeted	success	0.029292	0.284916	0.0215	0.286375	0.001459
741	request-selected-source-wrapped-contains-target-44-dense	success	0.080959	0.428417	0.079791	0.431167	0.00275
742	request-selected-source-wrapped-contains-target-45-zero	success	0.021917	0.264041	0.022875	0.264292	0.000251
743	request-selected-source-wrapped-contains-target-45-targeted	success	0.020709	0.290208	0.024666	0.283	-0.007208
744	request-selected-source-wrapped-contains-target-45-dense	success	0.080292	0.429917	0.074542	0.419292	-0.010625
745	request-selected-source-wrapped-contains-target-46-zero	success	0.020875	0.260583	0.025125	0.287625	0.027042
746	request-selected-source-wrapped-contains-target-46-targeted	success	0.036042	0.325416	0.03975	0.323666	-0.00175
747	request-selected-source-wrapped-contains-target-46-dense	success	0.087834	0.450417	0.087208	0.454917	0.0045
748	request-selected-source-wrapped-contains-target-47-zero	success	0.021125	0.261042	0.020333	0.264041	0.002999
749	request-selected-source-wrapped-contains-target-47-targeted	success	0.045375	0.342542	0.041459	0.334791	-0.007751
750	request-selected-source-wrapped-contains-target-47-dense	success	0.084834	0.433541	0.093292	0.43075	-0.002791
751	request-selected-source-wrapped-contains-target-48-zero	success	0.027333	0.262375	0.028875	0.265167	0.002792
752	request-selected-source-wrapped-contains-target-48-targeted	success	0.024167	0.281875	0.029459	0.289792	0.007917
753	request-selected-source-wrapped-contains-target-48-dense	success	0.073417	0.428083	0.076292	0.443917	0.015834
754	request-selected-source-wrapped-contains-target-49-zero	success	0.020291	0.269125	0.0235	0.269125	0.0
755	request-selected-source-wrapped-contains-target-49-targeted	success	0.022667	0.296042	0.023875	0.276333	-0.019709
756	request-selected-source-wrapped-contains-target-49-dense	success	0.075708	0.430875	0.078042	0.425125	-0.00575
757	request-selected-source-wrapped-contains-target-50-zero	success	0.023833	0.259209	0.023667	0.255542	-0.003667
758	request-selected-source-wrapped-contains-target-50-targeted	success	0.022583	0.272541	0.021333	0.266125	-0.006416
759	request-selected-source-wrapped-contains-target-50-dense	success	0.068667	0.423291	0.075792	0.421334	-0.001957
760	request-selected-source-wrapped-contains-target-51-zero	success	0.022667	0.25925	0.023542	0.272833	0.013583
761	request-selected-source-wrapped-contains-target-51-targeted	success	0.021792	0.270041	0.021875	0.277625	0.007584
762	request-selected-source-wrapped-contains-target-51-dense	success	0.074459	0.417292	0.069791	0.4255	0.008208
763	request-selected-source-wrapped-contains-target-52-zero	success	0.02025	0.260125	0.02275	0.264541	0.004416
764	request-selected-source-wrapped-contains-target-52-targeted	success	0.023	0.271458	0.025834	0.295584	0.024126
765	request-selected-source-wrapped-contains-target-52-dense	success	0.075375	0.417625	0.074208	0.409083	-0.008542
766	request-selected-source-wrapped-contains-target-53-zero	success	0.022125	0.252	0.022041	0.254584	0.002584
767	request-selected-source-wrapped-contains-target-53-targeted	success	0.022209	0.290417	0.023292	0.275708	-0.014709
768	request-selected-source-wrapped-contains-target-53-dense	success	0.0765	0.421375	0.072	0.428041	0.006666
769	request-selected-source-wrapped-contains-target-54-zero	success	0.048125	0.261791	0.021792	0.26325	0.001459
770	request-selected-source-wrapped-contains-target-54-targeted	success	0.031625	0.281125	0.026166	0.275875	-0.00525
771	request-selected-source-wrapped-contains-target-54-dense	success	0.072417	0.420708	0.073834	0.442375	0.021667
772	request-selected-source-wrapped-contains-target-55-zero	success	0.022375	0.265166	0.0215	0.273917	0.008751
773	request-selected-source-wrapped-contains-target-55-targeted	success	0.028167	0.280334	0.024583	0.290125	0.009791
774	request-selected-source-wrapped-contains-target-55-dense	success	0.079792	0.4265	0.073084	0.444709	0.018209
775	request-selected-source-wrapped-contains-target-56-zero	success	0.0275	0.271584	0.018209	0.271084	-0.0005
776	request-selected-source-wrapped-contains-target-56-targeted	success	0.023625	0.270459	0.021542	0.28	0.009541
777	request-selected-source-wrapped-contains-target-56-dense	success	0.075792	0.408125	0.073708	0.447667	0.039542
778	request-selected-source-wrapped-contains-target-57-zero	success	0.026333	0.270542	0.019417	0.259458	-0.011084
779	request-selected-source-wrapped-contains-target-57-targeted	success	0.021792	0.273166	0.021083	0.269917	-0.003249
780	request-selected-source-wrapped-contains-target-57-dense	success	0.0765	0.419333	0.07175	0.422709	0.003376
781	request-selected-source-wrapped-contains-target-58-zero	success	0.035917	0.275417	0.029584	0.26275	-0.012667
782	request-selected-source-wrapped-contains-target-58-targeted	success	0.027833	0.284625	0.025791	0.315625	0.031
783	request-selected-source-wrapped-contains-target-58-dense	success	0.081375	0.424333	0.072667	0.430875	0.006542
784	request-selected-source-wrapped-contains-target-59-zero	success	0.047208	0.257416	0.036084	0.258417	0.001001
785	request-selected-source-wrapped-contains-target-59-targeted	success	0.027667	0.285958	0.023375	0.286916	0.000958
786	request-selected-source-wrapped-contains-target-59-dense	success	0.082708	0.431417	0.067167	0.420834	-0.010583
787	request-selected-source-wrapped-contains-target-60-zero	success	0.022666	0.258792	0.0175	0.25825	-0.000542
788	request-selected-source-wrapped-contains-target-60-targeted	success	0.024292	0.291792	0.019833	0.281917	-0.009875
789	request-selected-source-wrapped-contains-target-60-dense	success	0.089875	0.433167	0.106125	0.433833	0.000666
790	request-selected-source-wrapped-contains-target-61-zero	success	0.026709	0.264333	0.028958	0.267084	0.002751
791	request-selected-source-wrapped-contains-target-61-targeted	success	0.026541	0.321959	0.020666	0.289542	-0.032417
792	request-selected-source-wrapped-contains-target-61-dense	success	0.10675	0.417583	0.071916	0.427167	0.009584
793	request-selected-source-wrapped-contains-target-62-zero	success	0.030875	0.260042	0.025792	0.258542	-0.0015
794	request-selected-source-wrapped-contains-target-62-targeted	success	0.027208	0.279625	0.017667	0.275667	-0.003958
795	request-selected-source-wrapped-contains-target-62-dense	success	0.087209	0.419458	0.070708	0.44075	0.021292
796	request-selected-source-wrapped-contains-target-63-zero	success	0.025875	0.262292	0.017625	0.257	-0.005292
797	request-selected-source-wrapped-contains-target-63-targeted	success	0.022042	0.274333	0.020666	0.286292	0.011959
798	request-selected-source-wrapped-contains-target-63-dense	success	0.084459	0.411417	0.07425	0.418625	0.007208
799	contains-and-zero	success	2.250916	3.3855	2.01775	3.668459	0.282959
800	contains-and-targeted	success	260.855916	250.68825	273.006792	252.906625	2.218375
801	contains-and-dense	success	33.064125	59.224417	33.843542	56.282583	-2.941834
802	contains-and-or-zero	success	1.114125	2.978834	1.159	3.242292	0.263458
803	contains-and-or-targeted	success	192.190583	400.816541	182.171791	401.383667	0.567126
804	contains-and-or-dense	success	12.28875	38.210583	12.829833	39.219208	1.008625
805	pair-and-pair-zero	success	2.969125	4.1115	2.073542	3.947791	-0.163709
806	pair-and-pair-targeted	success	57.537083	19.032459	49.099291	19.444167	0.411708
807	pair-and-pair-dense	success	2.026333	5.957291	2.230958	6.54775	0.590459
808	exact-or-zero	success	1.720291	65.111209	1.49675	66.188041	1.076832
809	exact-or-targeted	success	10.270542	129.492333	10.321125	129.002208	-0.490125
810	exact-or-dense	success	12.6205	84.811875	12.74975	84.901084	0.089209
811	exact-and-contains-zero	success	0.438333	4.005708	0.578541	3.740791	-0.264917
812	exact-and-contains-targeted	success	0.421959	3.508	0.458625	3.630625	0.122625
813	exact-and-contains-dense	success	0.312125	3.311375	0.312334	3.459792	0.148417
814	exact-or-node-zero	success	1.470667	2.185542	1.425542	2.242375	0.056833
815	exact-or-node-targeted	success	1.072041	0.48125	0.9845	0.431459	-0.049791
816	exact-or-node-dense	success	0.228083	0.370917	0.182375	0.374541	0.003624
817	four-or-keys-zero	success	1.612334	3.783416	1.671417	3.68625	-0.097166
818	four-or-keys-targeted	success	3.09625	4.615792	3.486625	5.043291	0.427499
819	four-or-keys-dense	success	0.275375	0.766834	0.265667	0.792125	0.025291
820	four-or-graph-id-zero	success	1.268292	3.646	1.062625	3.831042	0.185042
821	four-or-graph-id-targeted	failed	197.893042	2.205625	70.695625	2.033125	-0.1725
822	four-or-graph-id-dense	success	1.629875	1.585333	1.26	1.808459	0.223126
823	single-distinct-zero	success	0.751667	12.456333	0.717792	12.661542	0.205209
824	single-distinct-targeted	success	10.287417	56.420333	13.99375	57.447875	1.027542
825	single-distinct-dense	success	40.940667	50.073916	28.367458	48.174333	-1.899583
826	ordered-projection-zero	success	2.838584	3.664958	2.879292	3.2085	-0.456458
827	ordered-projection-targeted	success	838.886291	1462.459125	865.461667	1477.175667	14.716542
828	ordered-projection-dense	success	19.254166	85.062375	19.2055	85.016	-0.046375
829	ordered-skip-zero	success	0.91975	4.075584	0.955041	4.063916	-0.011668
830	ordered-skip-targeted	success	833.667875	4746.892792	815.527375	4503.192417	-243.700375
831	ordered-skip-dense	success	613.232458	3719.767875	616.078584	3497.92275	-221.845125
832	distinct-skip-zero	success	0.756167	52.726333	0.747375	52.82575	0.099417
833	distinct-skip-targeted	success	71.2015	296.396334	68.522709	283.515209	-12.881125
834	distinct-skip-dense	success	148.652916	605.965708	322.940333	610.080042	4.114334
835	large-limit-zero	success	1.103791	3.226333	1.29025	3.275792	0.049459
836	large-limit-targeted	success	16.624	26.852625	181.322042	31.054083	4.201458
837	large-limit-dense	success	10.569834	10.372916	10.5855	11.883959	1.511043
838	filtered-count-zero	success	1.564	11055.763375	1.776709	0.9045	-11054.858875
839	filtered-count-targeted	success	24.88225	1958.953041	20.4365	85.955375	-1872.997666
840	filtered-count-dense	success	18.264583	885.804584	17.314292	88.713958	-797.090626
841	filtered-distinct-count-zero	success	0.672917	2.191333	0.919708	1.104958	-1.086375
842	filtered-distinct-count-targeted	success	30.581125	3567.049083	28.15675	143.484958	-3423.564125
843	filtered-distinct-count-dense	success	44.055833	3362.055875	48.199375	95.242917	-3266.812958
844	parameterized-four-or-zero	success	1.052875	3.413208	1.020959	3.354041	-0.059167
845	parameterized-four-or-targeted	success	1.567375	2.470833	3.095833	2.161959	-0.308874
846	parameterized-four-or-dense	success	1.22225	1.623417	1.14325	1.578834	-0.044583
847	global-wide-four-properties-zero	success	0.637542	2.582083	0.597792	2.65475	0.072667
848	global-wide-four-properties-targeted	success	1.559958	5.106584	1.438291	5.044458	-0.062126
849	global-wide-four-properties-dense	success	0.903833	0.660917	0.875917	0.637666	-0.023251
850	global-wide-class-pair-zero	success	0.624	2.526917	0.663667	2.506666	-0.020251
851	global-wide-class-pair-targeted	success	1.5435	5.293291	1.470584	4.968	-0.325291
852	global-wide-class-pair-dense	success	0.350417	0.499125	0.359417	0.470542	-0.028583
853	global-wide-name-pair-zero	success	0.569625	2.607041	0.618459	2.531875	-0.075166
854	global-wide-name-pair-targeted	success	2.055209	6.242917	1.963875	6.07575	-0.167167
855	global-wide-name-pair-dense	success	0.350083	0.436833	0.379917	0.451417	0.014584
856	global-wide-caller-class-zero	success	0.628791	2.521792	0.628667	2.649375	0.127583
857	global-wide-caller-class-targeted	success	1.584667	3.702208	1.511542	3.87525	0.173042
858	global-wide-caller-class-dense	success	0.274625	0.38525	0.265917	0.427	0.04175
859	global-wide-callee-class-zero	success	0.58075	2.504541	0.632583	2.446041	-0.0585
860	global-wide-callee-class-targeted	success	1.393125	3.398917	1.367833	3.311125	-0.087792
861	global-wide-callee-class-dense	success	0.281458	0.349917	0.248833	0.355417	0.0055
862	global-wide-provenance-zero	success	0.636583	2.543584	0.629708	2.563208	0.019624
863	global-wide-provenance-targeted	success	1.984708	5.264417	1.792791	5.059916	-0.204501
864	global-wide-provenance-dense	success	0.520209	0.608125	0.514834	0.618833	0.010708
865	global-wide-aliased-zero	success	0.674333	2.548125	0.667917	2.701417	0.153292
866	global-wide-aliased-targeted	success	2.270625	6.03925	2.161125	5.45875	-0.5805
867	global-wide-aliased-dense	success	0.532542	0.565	0.511375	0.541875	-0.023125
868	global-wide-parameterized-zero	success	0.624375	2.590667	0.657375	2.636125	0.045458
869	global-wide-parameterized-targeted	success	1.227875	5.302334	1.274292	4.576792	-0.725542
870	global-wide-parameterized-dense	success	0.481792	0.565625	0.437875	0.518625	-0.047
871	global-wide-wrapped-case-insensitive-zero	success	0.694959	2.691084	0.481	2.785916	0.094832
872	global-wide-wrapped-case-insensitive-targeted	success	1.420542	5.247916	1.167291	4.605042	-0.642874
873	global-wide-wrapped-case-insensitive-dense	success	0.981958	0.761541	0.917667	0.7295	-0.032041
874	global-wide-wrapped-case-insensitive-distinct-zero	success	1.289	264.673708	1.473167	264.119583	-0.554125
875	global-wide-wrapped-case-insensitive-distinct-targeted	success	1.194125	265.964792	1.094292	296.896625	30.931833
876	global-wide-wrapped-case-insensitive-distinct-dense	success	7.302875	318.086916	7.052709	332.920167	14.833251
877	exact-name-in-zero	success	0.928417	132.469833	0.903375	131.925333	-0.5445
878	exact-name-in-targeted	success	13.000083	274.339042	13.210542	278.8385	4.499458
879	exact-name-in-dense	success	21.478042	239.303708	20.801167	230.721875	-8.581833
880	positive-and-not-zero	success	0.904708	13.467209	0.912584	3.442291	-10.024918
881	positive-and-not-targeted	success	4.396958	8.886541	4.41425	3.048917	-5.837624
882	positive-and-not-dense	success	0.816458	4.525792	0.784917	1.535917	-2.989875
883	global-six-or-zero	success	335.426458	2627.679125	366.757125	2695.51725	67.838125
884	global-six-or-targeted	success	325.683042	2631.881292	466.446666	2543.22525	-88.656042
885	global-six-or-dense	success	273.491333	2753.065459	229.84025	2673.008166	-80.057293
886	global-six-or-wrapped-zero	success	54.547666	3142.100708	55.376334	2927.134292	-214.966416
887	global-six-or-wrapped-targeted	success	128.91175	3276.729125	96.52525	3145.23025	-131.498875
888	global-six-or-wrapped-dense	success	60.479209	3416.965708	65.408833	3368.096416	-48.869292
889	exists-guarded-contains-zero	success	1.148084	1.681625	1.306625	1.545375	-0.13625
890	exists-guarded-contains-targeted	success	2.718083	4.547875	2.756541	4.283416	-0.264459
891	exists-guarded-contains-dense	success	2.245416	1.248792	1.934958	1.315417	0.066625
892	regex-or-zero	success	14298.176375	24444.92275	15289.3735	24873.146666	428.223916
893	regex-or-targeted	success	4344.074583	7374.729917	4782.394541	7456.730666	82.000749
894	regex-or-dense	success	1.304958	0.825583	156.836125	0.844375	0.018792
895	global-wide-distribution-broad-all-64	success	0.501916	0.565917	0.771625	0.563791	-0.002126
896	global-wide-distribution-localized-early	success	0.453	1.305458	0.440625	1.333208	0.02775
897	global-wide-distribution-localized-late	success	1.890125	4.755416	1.9145	4.624208	-0.131208
898	global-wide-distribution-localized-middle	success	1.363917	2.845791	1.4365	2.975709	0.129918
899	graph-id-in-literal-wrapped-contains-k02-group-00-zero	success	0.418417	2.99875	0.418375	3.057708	0.058958
900	graph-id-in-parameter-wrapped-contains-k02-group-00-zero	success	0.088958	0.316792	0.113458	0.321	0.004208
901	request-selected-set-wrapped-contains-k02-group-00-zero	success	0.049042	0.257125	0.066125	0.284667	0.027542
902	graph-id-in-literal-wrapped-contains-k02-group-00-targeted	success	0.284042	3.689208	0.289708	3.799333	0.110125
903	graph-id-in-parameter-wrapped-contains-k02-group-00-targeted	success	0.055375	0.312625	0.061708	0.324334	0.011709
904	request-selected-set-wrapped-contains-k02-group-00-targeted	success	0.045	0.291208	0.047584	0.28925	-0.001958
905	graph-id-in-literal-wrapped-contains-k02-group-00-dense	success	1.212709	17.193458	1.178542	17.282542	0.089084
906	graph-id-in-parameter-wrapped-contains-k02-group-00-dense	success	0.083959	0.471166	0.078625	0.467208	-0.003958
907	request-selected-set-wrapped-contains-k02-group-00-dense	success	0.070917	0.425541	0.065375	0.432333	0.006792
908	graph-id-in-literal-wrapped-contains-k02-group-01-zero	success	0.062292	3.321125	0.06675	3.139667	-0.181458
909	graph-id-in-parameter-wrapped-contains-k02-group-01-zero	success	0.032375	0.371375	0.156209	0.288792	-0.082583
910	request-selected-set-wrapped-contains-k02-group-01-zero	success	0.031083	0.2565	0.032917	0.263834	0.007334
911	graph-id-in-literal-wrapped-contains-k02-group-01-targeted	success	0.202833	4.057417	0.1995	4.276042	0.218625
912	graph-id-in-parameter-wrapped-contains-k02-group-01-targeted	success	0.030833	0.300541	0.036542	0.310125	0.009584
913	request-selected-set-wrapped-contains-k02-group-01-targeted	success	0.034083	0.280959	0.034166	0.309917	0.028958
914	graph-id-in-literal-wrapped-contains-k02-group-01-dense	success	1.195209	19.030208	1.215416	17.956042	-1.074166
915	graph-id-in-parameter-wrapped-contains-k02-group-01-dense	success	0.075333	0.706	0.055084	0.459083	-0.246917
916	request-selected-set-wrapped-contains-k02-group-01-dense	success	0.098708	0.449417	0.052209	0.422916	-0.026501
917	graph-id-in-literal-wrapped-contains-k02-group-02-zero	success	0.06175	2.871333	0.046083	2.893542	0.022209
918	graph-id-in-parameter-wrapped-contains-k02-group-02-zero	success	0.04375	0.29825	0.042708	0.299083	0.000833
919	request-selected-set-wrapped-contains-k02-group-02-zero	success	0.030792	0.252292	0.031	0.259958	0.007666
920	graph-id-in-literal-wrapped-contains-k02-group-02-targeted	success	0.23225	3.97475	0.225042	4.110167	0.135417
921	graph-id-in-parameter-wrapped-contains-k02-group-02-targeted	success	0.030833	0.305625	0.03775	0.307292	0.001667
922	request-selected-set-wrapped-contains-k02-group-02-targeted	success	0.0285	0.295708	0.029833	0.333875	0.038167
923	graph-id-in-literal-wrapped-contains-k02-group-02-dense	success	1.120417	17.428916	1.136083	16.989709	-0.439207
924	graph-id-in-parameter-wrapped-contains-k02-group-02-dense	success	0.089334	0.453416	0.05925	0.460041	0.006625
925	request-selected-set-wrapped-contains-k02-group-02-dense	success	0.049209	0.408833	0.076417	0.419125	0.010292
926	graph-id-in-literal-wrapped-contains-k02-group-03-zero	success	0.052625	3.145416	0.054042	3.126334	-0.019082
927	graph-id-in-parameter-wrapped-contains-k02-group-03-zero	success	0.028417	0.286833	0.034917	0.29075	0.003917
928	request-selected-set-wrapped-contains-k02-group-03-zero	success	0.027416	0.268709	0.03225	0.268542	-0.000167
929	graph-id-in-literal-wrapped-contains-k02-group-03-targeted	success	0.20325	4.11225	0.194291	4.134417	0.022167
930	graph-id-in-parameter-wrapped-contains-k02-group-03-targeted	success	0.038583	0.288583	0.041792	0.306542	0.017959
931	request-selected-set-wrapped-contains-k02-group-03-targeted	success	0.033125	0.301917	0.045542	0.270583	-0.031334
932	graph-id-in-literal-wrapped-contains-k02-group-03-dense	success	1.242708	20.948833	1.279416	20.718917	-0.229916
933	graph-id-in-parameter-wrapped-contains-k02-group-03-dense	success	0.051541	0.541834	0.0645	0.465292	-0.076542
934	request-selected-set-wrapped-contains-k02-group-03-dense	success	0.044416	0.494167	0.058875	0.421583	-0.072584
935	graph-id-in-literal-wrapped-contains-k02-group-04-zero	success	0.055334	3.130875	0.04825	3.109166	-0.021709
936	graph-id-in-parameter-wrapped-contains-k02-group-04-zero	success	0.026	0.29375	0.031459	0.292792	-0.000958
937	request-selected-set-wrapped-contains-k02-group-04-zero	success	0.030875	0.264625	0.028916	0.264875	0.00025
938	graph-id-in-literal-wrapped-contains-k02-group-04-targeted	success	0.175458	3.98525	0.171125	4.172166	0.186916
939	graph-id-in-parameter-wrapped-contains-k02-group-04-targeted	success	0.027083	0.29875	0.064084	0.296584	-0.002166
940	request-selected-set-wrapped-contains-k02-group-04-targeted	success	0.028208	0.278333	0.028875	0.265417	-0.012916
941	graph-id-in-literal-wrapped-contains-k02-group-04-dense	success	1.234166	21.447625	1.223959	21.166458	-0.281167
942	graph-id-in-parameter-wrapped-contains-k02-group-04-dense	success	0.046959	0.458166	0.054084	0.466625	0.008459
943	request-selected-set-wrapped-contains-k02-group-04-dense	success	0.037791	0.412959	0.065834	0.4185	0.005541
944	graph-id-in-literal-wrapped-contains-k02-group-05-zero	success	0.061875	2.969083	0.067625	2.978292	0.009209
945	graph-id-in-parameter-wrapped-contains-k02-group-05-zero	success	0.036	0.301917	0.0325	0.281375	-0.020542
946	request-selected-set-wrapped-contains-k02-group-05-zero	success	0.026834	0.250125	0.035	0.263125	0.013
947	graph-id-in-literal-wrapped-contains-k02-group-05-targeted	success	0.240458	3.864667	0.245583	4.096083	0.231416
948	graph-id-in-parameter-wrapped-contains-k02-group-05-targeted	success	0.064709	0.299667	0.066459	0.303083	0.003416
949	request-selected-set-wrapped-contains-k02-group-05-targeted	success	0.045167	0.28325	0.037375	0.275958	-0.007292
950	graph-id-in-literal-wrapped-contains-k02-group-05-dense	success	1.207375	18.753625	1.163542	18.88325	0.129625
951	graph-id-in-parameter-wrapped-contains-k02-group-05-dense	success	0.095084	0.4615	0.044917	0.455209	-0.006291
952	request-selected-set-wrapped-contains-k02-group-05-dense	success	0.316666	0.468584	0.057334	0.41925	-0.049334
953	graph-id-in-literal-wrapped-contains-k02-group-06-zero	success	0.067041	3.270709	0.078833	3.132958	-0.137751
954	graph-id-in-parameter-wrapped-contains-k02-group-06-zero	success	0.035166	0.2975	0.035458	0.293416	-0.004084
955	request-selected-set-wrapped-contains-k02-group-06-zero	success	0.031208	0.263041	0.032333	0.250459	-0.012582
956	graph-id-in-literal-wrapped-contains-k02-group-06-targeted	success	0.192292	4.013083	0.182333	4.051625	0.038542
957	graph-id-in-parameter-wrapped-contains-k02-group-06-targeted	success	0.089541	0.302791	0.033625	0.293958	-0.008833
958	request-selected-set-wrapped-contains-k02-group-06-targeted	success	0.039916	0.27	0.029792	0.27125	0.00125
959	graph-id-in-literal-wrapped-contains-k02-group-06-dense	success	1.258916	20.86825	1.233625	21.06975	0.2015
960	graph-id-in-parameter-wrapped-contains-k02-group-06-dense	success	0.062375	0.44575	0.044917	0.458083	0.012333
961	request-selected-set-wrapped-contains-k02-group-06-dense	success	0.051042	0.412709	0.040958	0.416291	0.003582
962	graph-id-in-literal-wrapped-contains-k02-group-07-zero	success	0.064833	2.821042	0.053917	2.836125	0.015083
963	graph-id-in-parameter-wrapped-contains-k02-group-07-zero	success	0.029833	0.290292	0.037667	0.282833	-0.007459
964	request-selected-set-wrapped-contains-k02-group-07-zero	success	0.024625	0.249584	0.028833	0.260125	0.010541
965	graph-id-in-literal-wrapped-contains-k02-group-07-targeted	success	0.191917	3.726625	0.178625	3.778417	0.051792
966	graph-id-in-parameter-wrapped-contains-k02-group-07-targeted	success	0.039666	0.285209	0.041292	0.298708	0.013499
967	request-selected-set-wrapped-contains-k02-group-07-targeted	success	0.063792	0.271	0.032334	0.264125	-0.006875
968	graph-id-in-literal-wrapped-contains-k02-group-07-dense	success	1.179667	20.059292	1.162292	20.087542	0.02825
969	graph-id-in-parameter-wrapped-contains-k02-group-07-dense	success	0.063208	0.451791	0.043917	0.474167	0.022376
970	request-selected-set-wrapped-contains-k02-group-07-dense	success	0.0355	0.399958	0.042708	0.419708	0.01975
971	graph-id-in-literal-wrapped-contains-k02-group-08-zero	success	0.047667	2.017166	0.052375	1.994458	-0.022708
972	graph-id-in-parameter-wrapped-contains-k02-group-08-zero	success	0.027625	0.286166	0.032583	0.293458	0.007292
973	request-selected-set-wrapped-contains-k02-group-08-zero	success	0.023875	0.255792	0.027	0.251334	-0.004458
974	graph-id-in-literal-wrapped-contains-k02-group-08-targeted	success	0.202458	2.54425	0.196792	2.691417	0.147167
975	graph-id-in-parameter-wrapped-contains-k02-group-08-targeted	success	0.031625	0.300292	0.034459	0.289916	-0.010376
976	request-selected-set-wrapped-contains-k02-group-08-targeted	success	0.032375	0.266541	0.025417	0.275583	0.009042
977	graph-id-in-literal-wrapped-contains-k02-group-08-dense	success	0.803875	12.084125	0.83475	12.11625	0.032125
978	graph-id-in-parameter-wrapped-contains-k02-group-08-dense	success	0.041417	0.435083	0.046708	0.454083	0.019
979	request-selected-set-wrapped-contains-k02-group-08-dense	success	0.040625	0.402	0.039125	0.417333	0.015333
980	graph-id-in-literal-wrapped-contains-k02-group-09-zero	success	0.052667	1.95975	0.053208	1.965916	0.006166
981	graph-id-in-parameter-wrapped-contains-k02-group-09-zero	success	0.0325	0.274708	0.031709	0.283791	0.009083
982	request-selected-set-wrapped-contains-k02-group-09-zero	success	0.0275	0.254833	0.033625	0.2595	0.004667
983	graph-id-in-literal-wrapped-contains-k02-group-09-targeted	success	0.161375	2.39225	0.172208	2.583042	0.190792
984	graph-id-in-parameter-wrapped-contains-k02-group-09-targeted	success	0.040625	0.307167	0.035959	0.315083	0.007916
985	request-selected-set-wrapped-contains-k02-group-09-targeted	success	0.039292	0.281542	0.025208	0.278333	-0.003209
986	graph-id-in-literal-wrapped-contains-k02-group-09-dense	success	0.813459	12.344417	0.866167	12.364334	0.019917
987	graph-id-in-parameter-wrapped-contains-k02-group-09-dense	success	0.056084	0.436875	0.0465	0.442291	0.005416
988	request-selected-set-wrapped-contains-k02-group-09-dense	success	0.036541	0.401083	0.040084	0.414458	0.013375
989	graph-id-in-literal-wrapped-contains-k02-group-10-zero	success	0.096	2.0465	0.049583	2.045333	-0.001167
990	graph-id-in-parameter-wrapped-contains-k02-group-10-zero	success	0.038542	0.284708	0.031417	0.283208	-0.0015
991	request-selected-set-wrapped-contains-k02-group-10-zero	success	0.024959	0.24625	0.029416	0.26425	0.018
992	graph-id-in-literal-wrapped-contains-k02-group-10-targeted	success	0.330834	2.534083	0.182125	2.640542	0.106459
993	graph-id-in-parameter-wrapped-contains-k02-group-10-targeted	success	0.098083	0.28125	0.03325	0.296792	0.015542
994	request-selected-set-wrapped-contains-k02-group-10-targeted	success	0.025541	0.275917	0.03075	0.262875	-0.013042
995	graph-id-in-literal-wrapped-contains-k02-group-10-dense	success	0.837708	13.4235	0.853167	13.29325	-0.13025
996	graph-id-in-parameter-wrapped-contains-k02-group-10-dense	success	0.039667	0.429125	0.04275	0.45625	0.027125
997	request-selected-set-wrapped-contains-k02-group-10-dense	success	0.033625	0.400542	0.047125	0.420958	0.020416
998	graph-id-in-literal-wrapped-contains-k02-group-11-zero	success	0.041708	1.985833	0.047708	1.9795	-0.006333
999	graph-id-in-parameter-wrapped-contains-k02-group-11-zero	success	0.026	0.2825	0.032709	0.287375	0.004875
1000	request-selected-set-wrapped-contains-k02-group-11-zero	success	0.021083	0.251333	0.028583	0.262709	0.011376
1001	graph-id-in-literal-wrapped-contains-k02-group-11-targeted	success	0.224958	2.497583	0.207417	2.70325	0.205667
1002	graph-id-in-parameter-wrapped-contains-k02-group-11-targeted	success	0.0265	0.299292	0.034	0.304917	0.005625
1003	request-selected-set-wrapped-contains-k02-group-11-targeted	success	0.026541	0.274333	0.032625	0.285292	0.010959
1004	graph-id-in-literal-wrapped-contains-k02-group-11-dense	success	0.803333	11.623958	0.798292	11.631875	0.007917
1005	graph-id-in-parameter-wrapped-contains-k02-group-11-dense	success	0.044291	0.4305	0.061917	0.454291	0.023791
1006	request-selected-set-wrapped-contains-k02-group-11-dense	success	0.037167	0.404666	0.039334	0.43125	0.026584
1007	graph-id-in-literal-wrapped-contains-k02-group-12-zero	success	0.050334	2.171167	0.062459	2.184	0.012833
1008	graph-id-in-parameter-wrapped-contains-k02-group-12-zero	success	0.031833	0.283458	0.031208	0.296917	0.013459
1009	request-selected-set-wrapped-contains-k02-group-12-zero	success	0.025084	0.24975	0.029458	0.303625	0.053875
1010	graph-id-in-literal-wrapped-contains-k02-group-12-targeted	success	0.218292	2.773209	0.229875	2.949583	0.176374
1011	graph-id-in-parameter-wrapped-contains-k02-group-12-targeted	success	0.040958	0.284041	0.030584	0.328542	0.044501
1012	request-selected-set-wrapped-contains-k02-group-12-targeted	success	0.026833	0.272084	0.024584	0.286666	0.014582
1013	graph-id-in-literal-wrapped-contains-k02-group-12-dense	success	0.892542	15.0375	0.943542	15.074709	0.037209
1014	graph-id-in-parameter-wrapped-contains-k02-group-12-dense	success	0.042625	0.438083	0.049291	0.4825	0.044417
1015	request-selected-set-wrapped-contains-k02-group-12-dense	success	0.038	0.402625	0.038458	0.435333	0.032708
1016	graph-id-in-literal-wrapped-contains-k02-group-13-zero	success	0.043458	2.173583	0.044458	2.194917	0.021334
1017	graph-id-in-parameter-wrapped-contains-k02-group-13-zero	success	0.029417	0.29525	0.03125	0.2975	0.00225
1018	request-selected-set-wrapped-contains-k02-group-13-zero	success	0.02025	0.257167	0.019833	0.267791	0.010624
1019	graph-id-in-literal-wrapped-contains-k02-group-13-targeted	success	0.15375	2.619542	0.158166	2.820667	0.201125
1020	graph-id-in-parameter-wrapped-contains-k02-group-13-targeted	success	0.025958	0.284708	0.033875	0.305542	0.020834
1021	request-selected-set-wrapped-contains-k02-group-13-targeted	success	0.022334	0.270583	0.027708	0.273209	0.002626
1022	graph-id-in-literal-wrapped-contains-k02-group-13-dense	success	0.884167	15.572333	0.937458	15.580875	0.008542
1023	graph-id-in-parameter-wrapped-contains-k02-group-13-dense	success	0.034708	0.432	0.039708	0.471125	0.039125
1024	request-selected-set-wrapped-contains-k02-group-13-dense	success	0.030791	0.409	0.0405	0.453292	0.044292
1025	graph-id-in-literal-wrapped-contains-k02-group-14-zero	success	0.04025	2.041458	0.052041	2.08625	0.044792
1026	graph-id-in-parameter-wrapped-contains-k02-group-14-zero	success	0.023917	0.272041	0.030916	0.293458	0.021417
1027	request-selected-set-wrapped-contains-k02-group-14-zero	success	0.022667	0.260167	0.025459	0.271	0.010833
1028	graph-id-in-literal-wrapped-contains-k02-group-14-targeted	success	0.1775	2.581208	0.1735	2.662542	0.081334
1029	graph-id-in-parameter-wrapped-contains-k02-group-14-targeted	success	0.028125	0.308166	0.032	0.318833	0.010667
1030	request-selected-set-wrapped-contains-k02-group-14-targeted	success	0.025583	0.272541	0.02275	0.29675	0.024209
1031	graph-id-in-literal-wrapped-contains-k02-group-14-dense	success	0.798791	13.304542	0.892042	13.295917	-0.008625
1032	graph-id-in-parameter-wrapped-contains-k02-group-14-dense	success	0.041208	0.476666	0.060125	0.490708	0.014042
1033	request-selected-set-wrapped-contains-k02-group-14-dense	success	0.031625	0.398083	0.052958	0.462958	0.064875
1034	graph-id-in-literal-wrapped-contains-k02-group-15-zero	success	0.042292	2.201583	0.085416	2.193084	-0.008499
1035	graph-id-in-parameter-wrapped-contains-k02-group-15-zero	success	0.028459	0.286375	0.039417	0.307875	0.0215
1036	request-selected-set-wrapped-contains-k02-group-15-zero	success	0.025583	0.245417	0.031416	0.2545	0.009083
1037	graph-id-in-literal-wrapped-contains-k02-group-15-targeted	success	0.201042	2.840375	0.271583	2.921459	0.081084
1038	graph-id-in-parameter-wrapped-contains-k02-group-15-targeted	success	0.02875	0.302917	0.039458	0.312292	0.009375
1039	request-selected-set-wrapped-contains-k02-group-15-targeted	success	0.020167	0.289917	0.065	0.287666	-0.002251
1040	graph-id-in-literal-wrapped-contains-k02-group-15-dense	success	0.818	12.380958	0.938625	12.38975	0.008792
1041	graph-id-in-parameter-wrapped-contains-k02-group-15-dense	success	0.05425	0.432375	0.072625	0.488667	0.056292
1042	request-selected-set-wrapped-contains-k02-group-15-dense	success	0.038	0.404209	0.042959	0.445875	0.041666
1043	graph-id-in-literal-wrapped-contains-k02-group-16-zero	success	0.040208	2.342542	0.065375	2.373167	0.030625
1044	graph-id-in-parameter-wrapped-contains-k02-group-16-zero	success	0.028542	0.288666	0.033291	0.291958	0.003292
1045	request-selected-set-wrapped-contains-k02-group-16-zero	success	0.022292	0.2445	0.028291	0.268167	0.023667
1046	graph-id-in-literal-wrapped-contains-k02-group-16-targeted	success	0.23425	3.501541	0.237084	3.630958	0.129417
1047	graph-id-in-parameter-wrapped-contains-k02-group-16-targeted	success	0.031166	0.300791	0.030458	0.305625	0.004834
1048	request-selected-set-wrapped-contains-k02-group-16-targeted	success	0.022708	0.285958	0.025833	0.312875	0.026917
1049	graph-id-in-literal-wrapped-contains-k02-group-16-dense	success	1.073417	25.149125	1.141292	25.153417	0.004292
1050	graph-id-in-parameter-wrapped-contains-k02-group-16-dense	success	0.03375	0.528084	0.049417	0.486959	-0.041125
1051	request-selected-set-wrapped-contains-k02-group-16-dense	success	0.036416	0.420875	0.039792	0.474167	0.053292
1052	graph-id-in-literal-wrapped-contains-k02-group-17-zero	success	0.039292	2.466833	0.061	2.466917	8.4e-05
1053	graph-id-in-parameter-wrapped-contains-k02-group-17-zero	success	0.026	0.285833	0.028167	0.304875	0.019042
1054	request-selected-set-wrapped-contains-k02-group-17-zero	success	0.02025	0.253375	0.024583	0.279167	0.025792
1055	graph-id-in-literal-wrapped-contains-k02-group-17-targeted	success	0.224791	3.621083	0.219584	3.766792	0.145709
1056	graph-id-in-parameter-wrapped-contains-k02-group-17-targeted	success	0.026	0.293875	0.026833	0.305208	0.011333
1057	request-selected-set-wrapped-contains-k02-group-17-targeted	success	0.026458	0.288292	0.0475	0.298375	0.010083
1058	graph-id-in-literal-wrapped-contains-k02-group-17-dense	success	1.018625	22.494958	1.118875	22.724209	0.229251
1059	graph-id-in-parameter-wrapped-contains-k02-group-17-dense	success	0.043958	0.442042	0.101	0.474292	0.03225
1060	request-selected-set-wrapped-contains-k02-group-17-dense	success	0.036708	0.399833	0.073375	0.435833	0.036
1061	graph-id-in-literal-wrapped-contains-k02-group-18-zero	success	0.040875	2.26225	0.082208	2.283208	0.020958
1062	graph-id-in-parameter-wrapped-contains-k02-group-18-zero	success	0.027708	0.2765	0.034667	0.292125	0.015625
1063	request-selected-set-wrapped-contains-k02-group-18-zero	success	0.023917	0.252167	0.025584	0.2685	0.016333
1064	graph-id-in-literal-wrapped-contains-k02-group-18-targeted	success	0.195541	3.350417	0.214166	3.466125	0.115708
1065	graph-id-in-parameter-wrapped-contains-k02-group-18-targeted	success	0.027458	0.282875	0.03325	0.309584	0.026709
1066	request-selected-set-wrapped-contains-k02-group-18-targeted	success	0.021292	0.280958	0.024083	0.283208	0.00225
1067	graph-id-in-literal-wrapped-contains-k02-group-18-dense	success	0.907625	19.8735	0.970084	19.993083	0.119583
1068	graph-id-in-parameter-wrapped-contains-k02-group-18-dense	success	0.0395	0.439625	0.038375	0.475458	0.035833
1069	request-selected-set-wrapped-contains-k02-group-18-dense	success	0.043208	0.395041	0.040292	0.441125	0.046084
1070	graph-id-in-literal-wrapped-contains-k02-group-19-zero	success	0.033875	2.357	0.052375	2.400917	0.043917
1071	graph-id-in-parameter-wrapped-contains-k02-group-19-zero	success	0.032917	0.285375	0.030042	0.287333	0.001958
1072	request-selected-set-wrapped-contains-k02-group-19-zero	success	0.020583	0.258417	0.025875	0.264792	0.006375
1073	graph-id-in-literal-wrapped-contains-k02-group-19-targeted	success	0.2195	3.456542	0.212709	3.700417	0.243875
1074	graph-id-in-parameter-wrapped-contains-k02-group-19-targeted	success	0.054292	0.296083	0.03	0.294334	-0.001749
1075	request-selected-set-wrapped-contains-k02-group-19-targeted	success	0.031333	0.280083	0.035125	0.28875	0.008667
1076	graph-id-in-literal-wrapped-contains-k02-group-19-dense	success	0.989041	21.006041	1.069833	21.577292	0.571251
1077	graph-id-in-parameter-wrapped-contains-k02-group-19-dense	success	0.039125	0.447292	0.082584	0.523375	0.076083
1078	request-selected-set-wrapped-contains-k02-group-19-dense	success	0.033958	0.396584	0.05175	0.460709	0.064125
1079	graph-id-in-literal-wrapped-contains-k02-group-20-zero	success	0.036625	2.411583	0.069958	2.465875	0.054292
1080	graph-id-in-parameter-wrapped-contains-k02-group-20-zero	success	0.025375	0.2805	0.03475	0.290833	0.010333
1081	request-selected-set-wrapped-contains-k02-group-20-zero	success	0.023	0.258917	0.034708	0.26825	0.009333
1082	graph-id-in-literal-wrapped-contains-k02-group-20-targeted	success	0.21175	3.78125	0.259542	3.887917	0.106667
1083	graph-id-in-parameter-wrapped-contains-k02-group-20-targeted	success	0.028875	0.308	0.050291	0.311666	0.003666
1084	request-selected-set-wrapped-contains-k02-group-20-targeted	success	0.024791	0.288917	0.03775	0.292791	0.003874
1085	graph-id-in-literal-wrapped-contains-k02-group-20-dense	success	1.041167	24.102833	1.080666	24.185209	0.082376
1086	graph-id-in-parameter-wrapped-contains-k02-group-20-dense	success	0.038375	0.432917	0.051541	0.489625	0.056708
1087	request-selected-set-wrapped-contains-k02-group-20-dense	success	0.037875	0.395375	0.044416	0.44425	0.048875
1088	graph-id-in-literal-wrapped-contains-k02-group-21-zero	success	0.047334	2.255375	0.050042	2.324708	0.069333
1089	graph-id-in-parameter-wrapped-contains-k02-group-21-zero	success	0.0355	0.275125	0.036667	0.286125	0.011
1090	request-selected-set-wrapped-contains-k02-group-21-zero	success	0.037458	0.258042	0.033625	0.263042	0.005
1091	graph-id-in-literal-wrapped-contains-k02-group-21-targeted	success	0.289625	3.506208	0.33325	3.593208	0.087
1092	graph-id-in-parameter-wrapped-contains-k02-group-21-targeted	success	0.094458	0.358	0.108125	0.363625	0.005625
1093	request-selected-set-wrapped-contains-k02-group-21-targeted	success	0.028958	0.367875	0.044375	0.338333	-0.029542
1094	graph-id-in-literal-wrapped-contains-k02-group-21-dense	success	0.896625	17.930208	0.928958	18.039	0.108792
1095	graph-id-in-parameter-wrapped-contains-k02-group-21-dense	success	0.049625	0.438292	0.04775	0.460833	0.022541
1096	request-selected-set-wrapped-contains-k02-group-21-dense	success	0.043208	0.41625	0.0475	0.439375	0.023125
1097	graph-id-in-literal-wrapped-contains-k02-group-22-zero	success	0.037833	2.301417	0.052	2.353833	0.052416
1098	graph-id-in-parameter-wrapped-contains-k02-group-22-zero	success	0.025417	0.274208	0.02675	0.289334	0.015126
1099	request-selected-set-wrapped-contains-k02-group-22-zero	success	0.020542	0.252917	0.0565	0.270959	0.018042
1100	graph-id-in-literal-wrapped-contains-k02-group-22-targeted	success	0.251375	3.505459	0.252875	3.565792	0.060333
1101	graph-id-in-parameter-wrapped-contains-k02-group-22-targeted	success	0.030083	0.290291	0.086708	0.3035	0.013209
1102	request-selected-set-wrapped-contains-k02-group-22-targeted	success	0.032375	0.29375	0.12825	0.284584	-0.009166
1103	graph-id-in-literal-wrapped-contains-k02-group-22-dense	success	0.915917	21.543917	0.934416	21.853667	0.30975
1104	graph-id-in-parameter-wrapped-contains-k02-group-22-dense	success	0.039583	0.44	0.078541	0.487208	0.047208
1105	request-selected-set-wrapped-contains-k02-group-22-dense	success	0.029625	0.460666	0.06725	0.460583	-8.3e-05
1106	graph-id-in-literal-wrapped-contains-k02-group-23-zero	success	0.131292	2.353917	0.07675	2.340083	-0.013834
1107	graph-id-in-parameter-wrapped-contains-k02-group-23-zero	success	0.056417	0.313917	0.054833	0.296583	-0.017334
1108	request-selected-set-wrapped-contains-k02-group-23-zero	success	0.044792	0.283792	0.031167	0.26925	-0.014542
1109	graph-id-in-literal-wrapped-contains-k02-group-23-targeted	success	0.268417	3.733834	0.302542	3.613125	-0.120709
1110	graph-id-in-parameter-wrapped-contains-k02-group-23-targeted	success	0.066417	0.373167	0.039208	0.354458	-0.018709
1111	request-selected-set-wrapped-contains-k02-group-23-targeted	success	0.036625	0.334916	0.037375	0.34025	0.005334
1112	graph-id-in-literal-wrapped-contains-k02-group-23-dense	success	1.071042	21.254042	1.059666	21.477667	0.223625
1113	graph-id-in-parameter-wrapped-contains-k02-group-23-dense	success	0.04775	0.492458	0.044958	0.496375	0.003917
1114	request-selected-set-wrapped-contains-k02-group-23-dense	success	0.039958	0.447792	0.037292	0.458	0.010208
1115	graph-id-in-literal-wrapped-contains-k02-group-24-zero	success	0.047125	2.0835	0.046	1.927834	-0.155666
1116	graph-id-in-parameter-wrapped-contains-k02-group-24-zero	success	0.026792	0.92475	0.027875	0.305709	-0.619041
1117	request-selected-set-wrapped-contains-k02-group-24-zero	success	0.024458	0.41375	0.023333	0.262209	-0.151541
1118	graph-id-in-literal-wrapped-contains-k02-group-24-targeted	success	0.205916	3.515875	0.203666	3.036458	-0.479417
1119	graph-id-in-parameter-wrapped-contains-k02-group-24-targeted	success	0.023208	0.544833	0.026083	0.3225	-0.222333
1120	request-selected-set-wrapped-contains-k02-group-24-targeted	success	0.028625	0.449708	0.023792	0.290167	-0.159541
1121	graph-id-in-literal-wrapped-contains-k02-group-24-dense	success	0.901666	19.282541	0.938917	12.170708	-7.111833
1122	graph-id-in-parameter-wrapped-contains-k02-group-24-dense	success	0.036583	1.023875	0.04325	0.4825	-0.541375
1123	request-selected-set-wrapped-contains-k02-group-24-dense	success	0.026708	0.819792	0.039666	0.443917	-0.375875
1124	graph-id-in-literal-wrapped-contains-k02-group-25-zero	success	0.051667	2.241292	0.045166	1.868667	-0.372625
1125	graph-id-in-parameter-wrapped-contains-k02-group-25-zero	success	0.030916	0.548125	0.0485	0.298292	-0.249833
1126	request-selected-set-wrapped-contains-k02-group-25-zero	success	0.023458	0.425583	0.025041	0.26475	-0.160833
1127	graph-id-in-literal-wrapped-contains-k02-group-25-targeted	success	0.23475	3.593792	0.224625	2.96575	-0.628042
1128	graph-id-in-parameter-wrapped-contains-k02-group-25-targeted	success	0.032083	0.586375	0.034417	0.315458	-0.270917
1129	request-selected-set-wrapped-contains-k02-group-25-targeted	success	0.049625	0.479125	0.047292	0.298	-0.181125
1130	graph-id-in-literal-wrapped-contains-k02-group-25-dense	success	0.85025	12.97425	0.865542	11.175	-1.79925
1131	graph-id-in-parameter-wrapped-contains-k02-group-25-dense	success	0.037584	0.935542	0.042542	0.485208	-0.450334
1132	request-selected-set-wrapped-contains-k02-group-25-dense	success	0.030292	0.786125	0.037167	0.435916	-0.350209
1133	graph-id-in-literal-wrapped-contains-k02-group-26-zero	success	0.041667	5.692542	0.081084	1.965208	-3.727334
1134	graph-id-in-parameter-wrapped-contains-k02-group-26-zero	success	0.0225	1.308333	0.03925	0.297417	-1.010916
1135	request-selected-set-wrapped-contains-k02-group-26-zero	success	0.038541	1.048167	0.033208	0.25575	-0.792417
1136	graph-id-in-literal-wrapped-contains-k02-group-26-targeted	success	0.210334	4.304542	0.232875	3.070375	-1.234167
1137	graph-id-in-parameter-wrapped-contains-k02-group-26-targeted	success	0.022375	0.634458	0.027417	0.298667	-0.335791
1138	request-selected-set-wrapped-contains-k02-group-26-targeted	success	0.033125	0.474875	0.02625	0.293375	-0.1815
1139	graph-id-in-literal-wrapped-contains-k02-group-26-dense	success	0.85275	14.360625	0.925	12.200375	-2.16025
1140	graph-id-in-parameter-wrapped-contains-k02-group-26-dense	success	0.051334	0.971917	0.03475	0.46225	-0.509667
1141	request-selected-set-wrapped-contains-k02-group-26-dense	success	0.040791	0.803833	0.029125	0.418625	-0.385208
1142	graph-id-in-literal-wrapped-contains-k02-group-27-zero	success	0.05575	2.269333	0.046083	1.857625	-0.411708
1143	graph-id-in-parameter-wrapped-contains-k02-group-27-zero	success	0.028542	0.525333	0.036583	0.299542	-0.225791
1144	request-selected-set-wrapped-contains-k02-group-27-zero	success	0.026458	0.431792	0.021375	0.258583	-0.173209
1145	graph-id-in-literal-wrapped-contains-k02-group-27-targeted	success	0.185333	3.952125	0.172459	2.87775	-1.074375
1146	graph-id-in-parameter-wrapped-contains-k02-group-27-targeted	success	0.026792	1.258542	0.046375	0.293375	-0.965167
1147	request-selected-set-wrapped-contains-k02-group-27-targeted	success	0.023167	1.218	0.037625	0.28825	-0.92975
1148	graph-id-in-literal-wrapped-contains-k02-group-27-dense	success	0.876625	17.285666	0.935875	11.415292	-5.870374
1149	graph-id-in-parameter-wrapped-contains-k02-group-27-dense	success	0.037875	1.03	0.052083	0.458125	-0.571875
1150	request-selected-set-wrapped-contains-k02-group-27-dense	success	0.028083	0.8055	0.042417	0.426792	-0.378708
1151	graph-id-in-literal-wrapped-contains-k02-group-28-zero	success	0.055333	2.326167	0.052167	1.915042	-0.411125
1152	graph-id-in-parameter-wrapped-contains-k02-group-28-zero	success	0.039333	0.545083	0.036166	0.293791	-0.251292
1153	request-selected-set-wrapped-contains-k02-group-28-zero	success	0.022625	0.439042	0.030125	0.26975	-0.169292
1154	graph-id-in-literal-wrapped-contains-k02-group-28-targeted	success	0.232041	3.824125	0.250542	3.049125	-0.775
1155	graph-id-in-parameter-wrapped-contains-k02-group-28-targeted	success	0.02225	0.595541	0.027625	0.293958	-0.301583
1156	request-selected-set-wrapped-contains-k02-group-28-targeted	success	0.020084	0.443875	0.028292	0.286083	-0.157792
1157	graph-id-in-literal-wrapped-contains-k02-group-28-dense	success	0.803542	14.82	0.855917	12.032	-2.788
1158	graph-id-in-parameter-wrapped-contains-k02-group-28-dense	success	0.040208	2.057834	0.045542	0.477625	-1.580209
1159	request-selected-set-wrapped-contains-k02-group-28-dense	success	0.02925	1.79975	0.042625	0.4395	-1.36025
1160	graph-id-in-literal-wrapped-contains-k02-group-29-zero	success	0.047709	2.463708	0.053167	1.95625	-0.507458
1161	graph-id-in-parameter-wrapped-contains-k02-group-29-zero	success	0.030125	0.562125	0.03075	0.298125	-0.264
1162	request-selected-set-wrapped-contains-k02-group-29-zero	success	0.022625	0.442625	0.027333	0.273417	-0.169208
1163	graph-id-in-literal-wrapped-contains-k02-group-29-targeted	success	0.198667	3.7255	0.228708	3.128792	-0.596708
1164	graph-id-in-parameter-wrapped-contains-k02-group-29-targeted	success	0.032709	0.626916	0.031208	0.3135	-0.313416
1165	request-selected-set-wrapped-contains-k02-group-29-targeted	success	0.028375	0.489625	0.030375	0.292417	-0.197208
1166	graph-id-in-literal-wrapped-contains-k02-group-29-dense	success	0.956	16.000292	1.016083	13.94425	-2.056042
1167	graph-id-in-parameter-wrapped-contains-k02-group-29-dense	success	0.041291	0.966625	0.042875	0.473333	-0.493292
1168	request-selected-set-wrapped-contains-k02-group-29-dense	success	0.058167	0.792708	0.038625	0.44425	-0.348458
1169	graph-id-in-literal-wrapped-contains-k02-group-30-zero	success	0.057875	2.292708	0.04775	1.909083	-0.383625
1170	graph-id-in-parameter-wrapped-contains-k02-group-30-zero	success	0.039166	0.521042	0.029	0.287333	-0.233709
1171	request-selected-set-wrapped-contains-k02-group-30-zero	success	0.056583	0.591416	0.027708	0.264792	-0.326624
1172	graph-id-in-literal-wrapped-contains-k02-group-30-targeted	success	0.26475	7.9895	0.251167	3.128333	-4.861167
1173	graph-id-in-parameter-wrapped-contains-k02-group-30-targeted	success	0.035584	1.356	0.034	0.310167	-1.045833
1174	request-selected-set-wrapped-contains-k02-group-30-targeted	success	0.023875	1.137416	0.030166	0.304792	-0.832624
1175	graph-id-in-literal-wrapped-contains-k02-group-30-dense	success	0.822625	13.729458	0.874417	11.591958	-2.1375
1176	graph-id-in-parameter-wrapped-contains-k02-group-30-dense	success	0.037375	0.962042	0.040666	0.4695	-0.492542
1177	request-selected-set-wrapped-contains-k02-group-30-dense	success	0.036625	0.807542	0.035583	0.42975	-0.377792
1178	graph-id-in-literal-wrapped-contains-k02-group-31-zero	success	0.033584	2.288667	0.048709	1.889083	-0.399584
1179	graph-id-in-parameter-wrapped-contains-k02-group-31-zero	success	0.026291	0.546	0.032791	0.294458	-0.251542
1180	request-selected-set-wrapped-contains-k02-group-31-zero	success	0.023333	0.433542	0.036417	0.260958	-0.172584
1181	graph-id-in-literal-wrapped-contains-k02-group-31-targeted	success	0.1835	3.624916	0.197459	2.935875	-0.689041
1182	graph-id-in-parameter-wrapped-contains-k02-group-31-targeted	success	0.022375	0.646417	0.030334	0.296416	-0.350001
1183	request-selected-set-wrapped-contains-k02-group-31-targeted	success	0.019333	0.477	0.028708	0.290167	-0.186833
1184	graph-id-in-literal-wrapped-contains-k02-group-31-dense	success	0.831458	16.920292	0.911458	12.24525	-4.675042
1185	graph-id-in-parameter-wrapped-contains-k02-group-31-dense	success	0.032542	1.0625	0.055042	0.470333	-0.592167
1186	request-selected-set-wrapped-contains-k02-group-31-dense	success	0.03375	1.400625	0.045583	0.420208	-0.980417
1187	graph-id-in-literal-wrapped-contains-k08-group-00-zero	success	0.077792	9.480333	0.122209	8.693917	-0.786416
1188	graph-id-in-parameter-wrapped-contains-k08-group-00-zero	success	0.03375	0.645459	0.049125	0.356459	-0.289
1189	request-selected-set-wrapped-contains-k08-group-00-zero	success	0.032083	0.499166	0.05875	0.320459	-0.178707
1190	graph-id-in-literal-wrapped-contains-k08-group-00-targeted	success	0.364833	13.670125	0.393333	10.941292	-2.728833
1191	graph-id-in-parameter-wrapped-contains-k08-group-00-targeted	success	0.030625	0.761833	0.049209	0.403625	-0.358208
1192	request-selected-set-wrapped-contains-k08-group-00-targeted	success	0.028125	0.5725	0.050542	0.365125	-0.207375
1193	graph-id-in-literal-wrapped-contains-k08-group-00-dense	success	0.084625	0.890792	0.090375	0.519209	-0.371583
1194	graph-id-in-parameter-wrapped-contains-k08-group-00-dense	success	0.041375	1.021875	0.049125	0.466708	-0.555167
1195	request-selected-set-wrapped-contains-k08-group-00-dense	success	0.031334	0.82075	0.050625	0.447875	-0.372875
1196	graph-id-in-literal-wrapped-contains-k08-group-01-zero	success	0.073833	10.352875	0.09	8.444792	-1.908083
1197	graph-id-in-parameter-wrapped-contains-k08-group-01-zero	success	0.028375	0.477167	0.047875	0.350625	-0.126542
1198	request-selected-set-wrapped-contains-k08-group-01-zero	success	0.025125	0.31925	0.043041	0.31425	-0.005
1199	graph-id-in-literal-wrapped-contains-k08-group-01-targeted	success	0.366917	11.296583	0.385708	10.994125	-0.302458
1200	graph-id-in-parameter-wrapped-contains-k08-group-01-targeted	success	0.029	0.481042	0.041792	0.38675	-0.094292
1201	request-selected-set-wrapped-contains-k08-group-01-targeted	success	0.026917	0.420458	0.042959	0.3495	-0.070958
1202	graph-id-in-literal-wrapped-contains-k08-group-01-dense	success	0.090125	0.977083	0.071458	0.524417	-0.452666
1203	graph-id-in-parameter-wrapped-contains-k08-group-01-dense	success	0.03825	0.690792	0.043083	0.481125	-0.209667
1204	request-selected-set-wrapped-contains-k08-group-01-dense	success	0.058125	0.4755	0.041875	0.437875	-0.037625
1205	graph-id-in-literal-wrapped-contains-k08-group-02-zero	success	0.089834	5.78225	0.083125	5.499792	-0.282458
1206	graph-id-in-parameter-wrapped-contains-k08-group-02-zero	success	0.032167	0.454542	0.049167	0.3635	-0.091042
1207	request-selected-set-wrapped-contains-k08-group-02-zero	success	0.023375	0.427125	0.044125	0.323375	-0.10375
1208	graph-id-in-literal-wrapped-contains-k08-group-02-targeted	success	0.440792	7.323416	0.478917	7.438	0.114584
1209	graph-id-in-parameter-wrapped-contains-k08-group-02-targeted	success	0.027542	0.4275	0.076625	0.368125	-0.059375
1210	request-selected-set-wrapped-contains-k08-group-02-targeted	success	0.024833	0.406667	0.043167	0.35075	-0.055917
1211	graph-id-in-literal-wrapped-contains-k08-group-02-dense	success	0.080917	0.547166	0.089833	0.487667	-0.059499
1212	graph-id-in-parameter-wrapped-contains-k08-group-02-dense	success	0.031542	0.4955	0.053166	0.454833	-0.040667
1213	request-selected-set-wrapped-contains-k08-group-02-dense	success	0.028083	0.426916	0.041875	0.418334	-0.008582
1214	graph-id-in-literal-wrapped-contains-k08-group-03-zero	success	0.060333	6.200042	0.119667	5.94	-0.260042
1215	graph-id-in-parameter-wrapped-contains-k08-group-03-zero	success	0.023833	0.470917	0.048209	0.332291	-0.138626
1216	request-selected-set-wrapped-contains-k08-group-03-zero	success	0.028291	0.375125	0.046125	0.31025	-0.064875
1217	graph-id-in-literal-wrapped-contains-k08-group-03-targeted	success	0.320708	7.566584	0.372625	7.616167	0.049583
1218	graph-id-in-parameter-wrapped-contains-k08-group-03-targeted	success	0.03625	0.433625	0.047584	0.386166	-0.047459
1219	request-selected-set-wrapped-contains-k08-group-03-targeted	success	0.027084	0.383583	0.041833	0.368125	-0.015458
1220	graph-id-in-literal-wrapped-contains-k08-group-03-dense	success	0.08375	0.531	0.099208	0.494625	-0.036375
1221	graph-id-in-parameter-wrapped-contains-k08-group-03-dense	success	0.030291	0.489791	0.044125	0.448208	-0.041583
1222	request-selected-set-wrapped-contains-k08-group-03-dense	success	0.028125	0.43475	0.042875	0.4325	-0.00225
1223	graph-id-in-literal-wrapped-contains-k08-group-04-zero	success	0.060916	6.85875	0.13425	6.663958	-0.194792
1224	graph-id-in-parameter-wrapped-contains-k08-group-04-zero	success	0.024958	0.448458	0.055083	0.357542	-0.090916
1225	request-selected-set-wrapped-contains-k08-group-04-zero	success	0.026791	0.361667	0.052959	0.304875	-0.056792
1226	graph-id-in-literal-wrapped-contains-k08-group-04-targeted	success	0.430959	10.101416	0.4615	10.039916	-0.0615
1227	graph-id-in-parameter-wrapped-contains-k08-group-04-targeted	success	0.047209	0.445167	0.051834	0.404708	-0.040459
1228	request-selected-set-wrapped-contains-k08-group-04-targeted	success	0.037917	0.392375	0.042541	0.36725	-0.025125
1229	graph-id-in-literal-wrapped-contains-k08-group-04-dense	success	0.089875	0.580458	0.095667	0.492625	-0.087833
1230	graph-id-in-parameter-wrapped-contains-k08-group-04-dense	success	0.038	0.52375	0.040667	0.444667	-0.079083
1231	request-selected-set-wrapped-contains-k08-group-04-dense	success	0.036541	0.44025	0.038583	0.419417	-0.020833
1232	graph-id-in-literal-wrapped-contains-k08-group-05-zero	success	0.117208	6.571917	0.114625	6.392375	-0.179542
1233	graph-id-in-parameter-wrapped-contains-k08-group-05-zero	success	0.042041	0.36875	0.048708	0.345041	-0.023709
1234	request-selected-set-wrapped-contains-k08-group-05-zero	success	0.027084	0.35	0.040542	0.303334	-0.046666
1235	graph-id-in-literal-wrapped-contains-k08-group-05-targeted	success	0.563125	10.204125	0.546292	9.910042	-0.294083
1236	graph-id-in-parameter-wrapped-contains-k08-group-05-targeted	success	0.03275	0.443833	0.046291	0.396208	-0.047625
1237	request-selected-set-wrapped-contains-k08-group-05-targeted	success	0.027583	0.423875	0.047084	0.364542	-0.059333
1238	graph-id-in-literal-wrapped-contains-k08-group-05-dense	success	0.077917	0.544375	0.085792	0.502042	-0.042333
1239	graph-id-in-parameter-wrapped-contains-k08-group-05-dense	success	0.038125	0.504416	0.063792	0.452375	-0.052041
1240	request-selected-set-wrapped-contains-k08-group-05-dense	success	0.037041	0.482041	0.046	0.418541	-0.0635
1241	graph-id-in-literal-wrapped-contains-k08-group-06-zero	success	0.089541	5.259416	0.110166	5.07625	-0.183166
1242	graph-id-in-parameter-wrapped-contains-k08-group-06-zero	success	0.028958	0.411667	0.048583	0.350708	-0.060959
1243	request-selected-set-wrapped-contains-k08-group-06-zero	success	0.021917	0.339542	0.047	0.316292	-0.02325
1244	graph-id-in-literal-wrapped-contains-k08-group-06-targeted	success	0.445292	7.836958	0.415792	7.953958	0.117
1245	graph-id-in-parameter-wrapped-contains-k08-group-06-targeted	success	0.122542	0.450667	0.047959	0.39575	-0.054917
1246	request-selected-set-wrapped-contains-k08-group-06-targeted	success	0.033625	0.400166	0.051375	0.361125	-0.039041
1247	graph-id-in-literal-wrapped-contains-k08-group-06-dense	success	0.074416	0.558958	0.092	0.492334	-0.066624
1248	graph-id-in-parameter-wrapped-contains-k08-group-06-dense	success	0.812	0.561667	0.044166	0.450959	-0.110708
1249	request-selected-set-wrapped-contains-k08-group-06-dense	success	0.140667	0.505625	0.042625	0.41975	-0.085875
1250	graph-id-in-literal-wrapped-contains-k08-group-07-zero	success	0.101291	5.307583	0.096916	5.142958	-0.164625
1251	graph-id-in-parameter-wrapped-contains-k08-group-07-zero	success	0.052083	0.388208	0.050833	0.344375	-0.043833
1252	request-selected-set-wrapped-contains-k08-group-07-zero	success	0.036	0.344208	0.044833	0.318625	-0.025583
1253	graph-id-in-literal-wrapped-contains-k08-group-07-targeted	success	0.451333	8.055958	0.469834	7.973708	-0.08225
1254	graph-id-in-parameter-wrapped-contains-k08-group-07-targeted	success	0.037541	0.451292	0.04925	0.393583	-0.057709
1255	request-selected-set-wrapped-contains-k08-group-07-targeted	success	0.030833	0.398625	0.043916	0.358	-0.040625
1256	graph-id-in-literal-wrapped-contains-k08-group-07-dense	success	0.063667	0.556584	0.096333	0.520291	-0.036293
1257	graph-id-in-parameter-wrapped-contains-k08-group-07-dense	success	0.046125	0.502875	0.043875	0.44775	-0.055125
1258	request-selected-set-wrapped-contains-k08-group-07-dense	success	0.049625	0.442917	0.043167	0.420875	-0.022042
1259	graph-id-in-literal-wrapped-contains-k64-group-00-zero	success	0.304333	56.879583	0.529875	55.679541	-1.200042
1260	graph-id-in-parameter-wrapped-contains-k64-group-00-zero	success	0.113583	1.142791	0.182833	0.908541	-0.23425
1261	graph-id-in-literal-wrapped-contains-k64-group-00-targeted	success	1.069291	63.9845	1.298708	62.522792	-1.461708
1262	graph-id-in-parameter-wrapped-contains-k64-group-00-targeted	success	0.092625	1.255917	0.186917	1.071375	-0.184542
1263	request-selected-set-wrapped-contains-k64-group-00-targeted	success	0.0885	1.071292	0.174833	0.98675	-0.084542
1264	graph-id-in-literal-wrapped-contains-k64-group-00-dense	success	0.091792	0.761292	0.107958	0.716167	-0.045125
1265	graph-id-in-parameter-wrapped-contains-k64-group-00-dense	success	0.049625	0.481208	0.070916	0.475667	-0.005541
1266	request-selected-set-wrapped-contains-k64-group-00-dense	success	0.051208	0.449792	0.061292	0.461542	0.01175
