PeriodType: space bytes
Period: 524288
Time: 2026-09-08 15:24:07.025315 +0900 KST
Samples:
alloc_objects/count alloc_space/bytes[dflt] inuse_objects/count inuse_space/bytes
          1    1135664          1    1135664: 1 2 3 4 5 6 7 
                bytes:[950272]
          1    1180337          0          0: 1 2 3 4 5 6 7 
                bytes:[1007616]
       2979     524376          0          0: 8 9 10 11 12 4 5 6 7 
                bytes:[176]
          1    1085540          0          0: 1 2 3 4 5 6 7 
                bytes:[884736]
      32768     524296          0          0: 13 10 11 12 4 5 6 7 
                bytes:[16]
          1    1219212          0          0: 1 2 3 4 5 6 7 
                bytes:[1056768]
          1    1091750          0          0: 1 2 3 4 5 6 7 
                bytes:[892928]
          1    1441814          0          0: 1 2 3 4 5 6 7 
                bytes:[1327104]
       2185    1049056          0          0: 14 15 16 17 18 19 18 20 4 5 6 7 
                bytes:[480]
        585     524736          0          0: 8 9 10 11 12 4 5 6 7 
                bytes:[896]
          1    1684413          0          0: 1 2 3 4 5 6 7 
                bytes:[1605632]
       5461     524336          0          0: 8 21 10 11 12 4 5 6 7 
                bytes:[96]
      65537    1048592          0          0: 22 23 24 25 10 11 12 4 5 6 7 
                bytes:[16]
          1    1809795          0          0: 1 2 3 4 5 6 7 
                bytes:[1744896]
      10924    1573080          0          0: 8 9 10 11 12 4 5 6 7 
                bytes:[144]
      98305    1572888          0          0: 22 23 26 27 21 10 11 12 4 5 6 7 
                bytes:[16]
          1    1497802          0          0: 1 2 3 4 5 6 7 
                bytes:[1392640]
      32768     524296          0          0: 22 23 26 28 10 11 12 4 5 6 7 
                bytes:[16]
      32768     524296          0          0: 22 23 26 29 21 10 11 12 4 5 6 7 
                bytes:[16]
      98305    1572888          0          0: 22 23 26 30 21 10 11 12 4 5 6 7 
                bytes:[16]
       1820     524432          0          0: 8 9 10 11 12 4 5 6 7 
                bytes:[288]
       2521    1048992          0          0: 8 9 10 11 12 4 5 6 7 
                bytes:[416]
          1    1611848          0          0: 1 2 3 4 5 6 7 
                bytes:[1523712]
       3277    1048896          0          0: 8 31 10 11 12 4 5 6 7 
                bytes:[320]
       5462    1573296          0          0: 8 31 10 11 12 4 5 6 7 
                bytes:[288]
       1024     524544          0          0: 32 33 11 12 4 5 6 7 
                bytes:[512]
     131074    2097184          0          0: 22 23 34 35 31 10 11 12 4 5 6 7 
                bytes:[16]
          1    1648013          0          0: 1 2 3 4 5 6 7 
                bytes:[1564672]
     131074    2097184          0          0: 22 23 26 29 31 10 11 12 4 5 6 7 
                bytes:[16]
      98307    3145824          0          0: 8 21 10 11 12 4 5 6 7 
                bytes:[32]
      32768     524296          0          0: 22 23 26 36 10 11 12 4 5 6 7 
                bytes:[16]
      32770    2621640       6554     524328: 8 31 10 11 12 4 5 6 7 
                bytes:[80]
      24579    3146112       4096     524352: 32 37 11 12 4 5 6 7 
                bytes:[128]
       1170     524512          0          0: 8 9 10 11 12 4 5 6 7 
                bytes:[448]
          1    1640761          0          0: 1 2 3 4 5 6 7 
                bytes:[1556480]
     131074    2097184      32768     524296: 22 23 26 38 10 11 12 4 5 6 7 
                bytes:[16]
       3512    1573536          0          0: 14 15 16 17 18 19 18 20 4 5 6 7 
                bytes:[448]
       8939    3146784          0          0: 14 15 16 17 18 39 18 20 4 5 6 7 
                bytes:[352]
          2    3252572          0          0: 1 2 3 4 5 6 7 
                bytes:[1540096]
       9560    3671360          0          0: 14 15 16 17 18 39 18 20 4 5 6 7 
                bytes:[384]
       2521    1048992          0          0: 14 15 16 17 18 39 18 20 4 5 6 7 
                bytes:[416]
       8193    1048704          0          0: 8 31 10 11 12 4 5 6 7 
                bytes:[128]
       2521     524392          0          0: 8 31 10 11 12 4 5 6 7 
                bytes:[208]
          1    1669825          0          0: 1 2 3 4 5 6 7 
                bytes:[1589248]
       6554     524328          0          0: 14 15 16 17 18 19 18 20 4 5 6 7 
                bytes:[80]
     262148    4194368          0          0: 8 31 10 11 12 4 5 6 7 
                bytes:[16]
          1    1533154          0          0: 1 2 3 4 5 6 7 
                bytes:[1433600]
     131074    2097184          0          0: 22 23 26 40 31 10 11 12 4 5 6 7 
                bytes:[16]
     360453    5767256          0          0: 41 11 12 4 5 6 7 
                bytes:[16]
      16386    2097408       4096     524352: 8 9 10 11 12 4 5 6 7 
                bytes:[128]
        228     525440          0          0: 32 33 11 12 4 5 6 7 
                bytes:[2304]
       1170     524512          0          0: 8 31 10 11 12 4 5 6 7 
                bytes:[448]
       5042    1048784          0          0: 8 9 10 11 12 4 5 6 7 
                bytes:[208]
        745     524640          0          0: 8 9 10 11 12 4 5 6 7 
                bytes:[704]
          1    1554494          0          0: 1 2 3 4 5 6 7 
                bytes:[1458176]
       2341     524400          0          0: 8 9 10 11 12 4 5 6 7 
                bytes:[224]
     262148    4194368          0          0: 22 23 42 10 11 12 4 5 6 7 
                bytes:[16]
      18726    2097376          0          0: 8 31 10 11 12 4 5 6 7 
                bytes:[112]
      40962    2621600          0          0: 8 31 10 11 12 4 5 6 7 
                bytes:[64]
     163842    2621480          0          0: 22 23 26 43 10 11 12 4 5 6 7 
                bytes:[16]
      54618    5243360          0          0: 8 9 10 11 12 4 5 6 7 
                bytes:[96]
       6304    2622480          0          0: 14 15 16 17 18 19 18 20 4 5 6 7 
                bytes:[416]
          1    1619062          0          0: 1 2 3 4 5 6 7 
                bytes:[1531904]
      10924    2097536          0          0: 8 9 10 11 12 4 5 6 7 
                bytes:[192]
     447849   21496792      10923     524312: 8 9 10 11 12 4 5 6 7 
                bytes:[48]
       1638     524448          0          0: 8 9 10 11 12 4 5 6 7 
                bytes:[320]
      98305    1572888          0          0: 22 23 44 10 11 12 4 5 6 7 
                bytes:[16]
      65542    6292032          0          0: 14 15 16 17 18 19 18 20 4 5 6 7 
                bytes:[96]
     229379    3670072          0          0: 22 23 26 40 21 10 11 12 4 5 6 7 
                bytes:[16]
       6554    1048736          0          0: 8 31 10 11 12 4 5 6 7 
                bytes:[160]
     196611    3145776          0          0: 22 23 26 45 10 11 12 4 5 6 7 
                bytes:[16]
      32776    8390656       2048     524416: 14 15 16 17 18 39 18 20 4 5 6 7 
                bytes:[256]
        585     524736          0          0: 14 15 16 17 18 19 18 20 4 5 6 7 
                bytes:[896]
      19663    3146208          0          0: 8 9 10 11 12 4 5 6 7 
                bytes:[160]
     131074    2097184          0          0: 46 10 11 12 4 5 6 7 
                bytes:[16]
       1024     524544          0          0: 32 37 11 12 4 5 6 7 
                bytes:[512]
          1    1561627          0          0: 1 2 3 4 5 6 7 
                bytes:[1466368]
     102412   13108800          0          0: 14 15 16 17 18 19 18 20 4 5 6 7 
                bytes:[128]
     139272    8913440          0          0: 14 15 16 17 18 39 18 20 4 5 6 7 
                bytes:[64]
     114691    3670128          0          0: 8 31 10 11 12 4 5 6 7 
                bytes:[32]
     199620   35133192          0          0: 14 15 16 17 18 19 18 20 4 5 6 7 
                bytes:[176]
     491527    7864440          0          0: 22 23 26 29 9 10 11 12 4 5 6 7 
                bytes:[16]
      32771    3146016          0          0: 8 31 10 11 12 4 5 6 7 
                bytes:[96]
     491527    7864440          0          0: 47 11 12 4 5 6 7 
                bytes:[16]
      12292    4720320          0          0: 14 15 16 17 18 19 18 20 4 5 6 7 
                bytes:[384]
    1310740   20971840          0          0: 22 23 34 35 9 10 11 12 4 5 6 7 
                bytes:[16]
      13108    1048656          0          0: 8 21 10 11 12 4 5 6 7 
                bytes:[80]
      63208   14158800          0          0: 14 15 16 17 18 39 18 20 4 5 6 7 
                bytes:[224]
      21846    1048624          0          0: 8 21 10 11 12 4 5 6 7 
                bytes:[48]
          1    1604644          0          0: 1 2 3 4 5 6 7 
                bytes:[1515520]
      18726    2097376          0          0: 8 9 10 11 12 4 5 6 7 
                bytes:[112]
     156851   35134800       7023    1573200: 14 15 16 17 18 19 18 20 4 5 6 7 
                bytes:[224]
      49168   17307312          0          0: 14 15 16 17 18 19 18 20 4 5 6 7 
                bytes:[352]
     101611   32515777          0          0: 14 15 16 17 18 19 18 20 4 5 6 7 
                bytes:[320]
      34416   11013408       1638     524448: 14 15 16 17 18 39 18 20 4 5 6 7 
                bytes:[320]
     131074    2097184          0          0: 8 21 10 11 12 4 5 6 7 
                bytes:[16]
      63027   13109800       2521     524392: 14 15 16 17 18 39 18 20 4 5 6 7 
                bytes:[208]
    1540119   24641912      32768     524296: 22 23 26 40 9 10 11 12 4 5 6 7 
                bytes:[16]
     249074   39851968       3277     524368: 14 15 16 17 18 19 18 20 4 5 6 7 
                bytes:[160]
      75377   12060464       3277     524368: 14 15 16 17 18 39 18 20 4 5 6 7 
                bytes:[160]
     655370   10485920          0          0: 22 23 26 30 9 10 11 12 4 5 6 7 
                bytes:[16]
     120165   17303880       3641     524360: 14 15 16 17 18 39 18 20 4 5 6 7 
                bytes:[144]
     172042   11010720       8192     524320: 32 37 11 12 4 5 6 7 
                bytes:[64]
     114702   14681856          0          0: 14 15 16 17 18 39 18 20 4 5 6 7 
                bytes:[128]
     327685    5242960      32768     524296: 22 23 34 35 21 10 11 12 4 5 6 7 
                bytes:[16]
      48070   11536976          0          0: 14 15 16 17 18 39 18 20 4 5 6 7 
                bytes:[240]
     209252   43524536       2521     524392: 14 15 16 17 18 19 18 20 4 5 6 7 
                bytes:[208]
      18436    4719744          0          0: 32 33 11 12 4 5 6 7 
                bytes:[256]
     131094   23072544       5958    1048752: 14 15 16 17 18 39 18 20 4 5 6 7 
                bytes:[176]
    1933371   61867872      16384     524304: 48 49 50 51 16 17 18 19 18 20 4 5 6 7 
                bytes:[32]
     103784   19926592          0          0: 14 15 16 17 18 39 18 20 4 5 6 7 
                bytes:[192]
      80121   23075008          0          0: 14 15 16 17 18 39 18 20 4 5 6 7 
                bytes:[288]
      88951    9962536          0          0: 14 15 16 17 18 39 18 20 4 5 6 7 
                bytes:[112]
    1081360   17301768          0          0: 22 23 26 52 10 11 12 4 5 6 7 
                bytes:[16]
     134749   38807968          0          0: 14 15 16 17 18 19 18 20 4 5 6 7 
                bytes:[288]
     131074    2097184          0          0: 22 23 26 30 31 10 11 12 4 5 6 7 
                bytes:[16]
    2195489   35127832          0          0: 53 54 55 56 18 19 18 20 4 5 6 7 
                bytes:[16]
     884749   14155992          0          0: 22 23 26 57 10 11 12 4 5 6 7 
                bytes:[16]
     442381   14156208          0          0: 32 37 11 12 4 5 6 7 
                bytes:[32]
     786444   12583104      32768     524296: 58 11 12 4 5 6 7 
                bytes:[16]
     614437   39324000          0          0: 32 33 11 12 4 5 6 7 
                bytes:[64]
       2048     524416          0          0: 8 9 10 11 12 4 5 6 7 
                bytes:[256]
     225766   32510320      10924    1573080: 14 15 16 17 18 19 18 20 4 5 6 7 
                bytes:[144]
    2009816   48235600      21845     524300: 59 16 17 18 39 18 20 4 5 6 7 
                bytes:[24]
    2211907   70781040      81922    2621520: 48 51 16 17 18 19 18 20 4 5 6 7 
                bytes:[32]
     148582   35659744       2185     524408: 14 15 16 17 18 19 18 20 4 5 6 7 
                bytes:[240]
     933916   29885328          0          0: 32 33 11 12 4 5 6 7 
                bytes:[32]
    1671193   26739096          0          0: 32 33 11 12 4 5 6 7 
                bytes:[16]
      77843   19927808       2048     524416: 14 15 16 17 18 19 18 20 4 5 6 7 
                bytes:[256]
    2129985   68159520      32769    1048608: 48 51 16 17 18 39 18 20 4 5 6 7 
                bytes:[32]
    2228275   53478600      21845     524300: 59 16 17 18 19 18 20 4 5 6 7 
                bytes:[24]
    1572888   25166208          0          0: 22 23 60 10 11 12 4 5 6 7 
                bytes:[16]
     557073   17826336      16384     524304: 8 9 10 11 12 4 5 6 7 
                bytes:[32]
    2080831   66586608      32769    1048608: 48 49 50 51 16 17 18 39 18 20 4 5 6 7 
                bytes:[32]
    1474582   23593320      32768     524296: 22 23 61 10 11 12 4 5 6 7 
                bytes:[16]
     110605   14157504          0          0: 32 33 11 12 4 5 6 7 
                bytes:[128]
    1867804   29884872      32768     524296: 22 23 26 27 9 10 11 12 4 5 6 7 
                bytes:[16]
    1835036   29360576          0          0: 62 54 55 56 18 39 18 20 4 5 6 7 
                bytes:[16]
     563652   45092208          0          0: 14 15 16 17 18 39 18 20 4 5 6 7 
                bytes:[80]
     240342   46145792       2731     524384: 14 15 16 17 18 19 18 20 4 5 6 7 
                bytes:[192]
    5461583  262156000     120154    5767432: 63 11 12 4 5 6 7 
                bytes:[48]
     104865    8389248          0          0: 8 9 10 11 12 4 5 6 7 
                bytes:[80]
      87385    4194496          0          0: 8 31 10 11 12 4 5 6 7 
                bytes:[48]
    1409045   22544728      32768     524296: 8 9 10 11 12 4 5 6 7 
                bytes:[16]
      60861    6816472          0          0: 14 15 16 17 18 19 18 20 4 5 6 7 
                bytes:[112]
  100502523 3216080737    1654834   52954704: 48 49 64 65 66 49 50 51 16 17 18 19 18 20 4 5 6 7 
                bytes:[32]
     393222    6291552      32768     524296: 22 23 26 27 31 10 11 12 4 5 6 7 
                bytes:[16]
    1048592   16777472          0          0: 32 37 11 12 4 5 6 7 
                bytes:[16]
   69437511 2222000352    1048608   33555456: 48 49 64 65 66 49 50 51 16 17 18 39 18 20 4 5 6 7 
                bytes:[32]
     415099   39849536          0          0: 14 15 16 17 18 39 18 20 4 5 6 7 
                bytes:[96]
     270352   17302560          0          0: 8 9 10 11 12 4 5 6 7 
                bytes:[64]
          1    1540257          0          0: 1 2 3 4 5 6 7 
                bytes:[1441792]
          1    1212696          1    1212696: 67 68 69 70 71 72 
                bytes:[1048576]
       5461     524336          0          0: 73 74 75 76 77 78 79 80 69 70 71 72 
                bytes:[96]
       5461     524336          0          0: 81 82 75 76 77 78 79 80 69 70 71 72 
                bytes:[96]
          3     610467          0          0: 83 84 75 76 77 78 79 80 69 70 71 72 
                bytes:[163840]
         18     538754          0          0: 85 84 75 76 77 78 79 80 69 70 71 72 
                bytes:[28672]
          6     566314          0          0: 83 82 75 76 77 78 79 80 69 70 71 72 
                bytes:[81920]
       2341     524400          0          0: 86 74 75 76 77 78 79 80 69 70 71 72 
                bytes:[224]
       3641    1048864          0          0: 87 76 77 78 79 80 69 70 71 72 
                bytes:[288]
          4     596999          0          0: 88 89 90 91 92 76 77 78 79 80 69 70 71 72 
                bytes:[139264]
          1     924248          0          0: 93 90 91 92 76 77 78 79 80 69 70 71 72 
                bytes:[663552]
          1    1258606          0          0: 94 77 78 79 80 69 70 71 72 
                bytes:[1105920]
          3     610467          0          0: 83 82 75 76 95 78 79 80 69 70 71 72 
                bytes:[163840]
       5462    1573296          0          0: 87 76 95 78 79 80 69 70 71 72 
                bytes:[288]
       5461     524336          0          0: 73 74 75 76 95 78 79 80 69 70 71 72 
                bytes:[96]
          2     666237          0          0: 96 89 90 91 92 76 95 78 79 80 69 70 71 72 
                bytes:[262144]
          1     924248          0          0: 93 90 91 92 76 95 78 79 80 69 70 71 72 
                bytes:[663552]
      11705    2622000          0          0: 86 74 75 76 95 78 79 80 69 70 71 72 
                bytes:[224]
        108     526723          0          0: 83 82 75 76 95 78 79 80 69 70 71 72 
                bytes:[4864]
          1    1258606          0          0: 94 95 78 79 80 69 70 71 72 
                bytes:[1105920]
        585     524736          0          0: 97 98 99 70 71 72 
                bytes:[896]
      10923     524312          0          0: 100 101 102 5 6 7 
                bytes:[48]
        256     525312          0          0: 103 104 105 106 107 108 
                bytes:[2048]
      21845     524300          0          0: 109 110 111 102 5 6 7 
                bytes:[24]
       1820     524432          0          0: 112 113 114 115 111 102 5 6 7 
                bytes:[288]
        256     525312          0          0: 116 117 104 105 106 111 102 5 6 7 
                bytes:[2048]
        512     524800          0          0: 118 119 102 5 6 7 
                bytes:[1024]
       1820     524432          0          0: 120 121 119 102 5 6 7 
                bytes:[288]
         43     530455          0          0: 122 123 124 119 102 5 6 7 
                bytes:[12288]
          4     588125          0          0: 125 126 127 119 102 5 6 7 
                bytes:[122880]
       2341     524400          0          0: 128 117 104 105 106 107 108 
                bytes:[224]
       5461     524336          0          0: 129 130 131 132 104 105 106 107 108 
                bytes:[96]
         27     533881          0          0: 133 134 135 136 
                bytes:[19072]
        512     524800          0          0: 137 134 135 136 
                bytes:[1024]
      21845     524300          0          0: 129 138 139 140 
                bytes:[24]
        128     526338          0          0: 137 134 135 136 
                bytes:[4096]
      10923     524312          0          0: 141 142 143 144 145 146 147 5 6 7 
                bytes:[48]
        108     526723          0          0: 148 145 146 147 5 6 7 
                bytes:[4864]
       5461     524336          0          0: 149 143 144 145 146 147 5 6 7 
                bytes:[96]
         18     538754          0          0: 137 145 146 147 5 6 7 
                bytes:[28672]
      10923     524312          0          0: 150 151 143 152 153 146 147 5 6 7 
                bytes:[48]
       3641     524360          0          0: 154 143 155 139 156 153 146 147 5 6 7 
                bytes:[144]
          9    1185103          0          0: 97 98 99 70 71 72 
                bytes:[131072]
       4096     524352          0          0: 157 151 143 144 134 135 136 
                bytes:[128]
      16384     524304          0          0: 157 151 143 144 134 135 136 
                bytes:[32]
      23408    2621720          0          0: 158 159 160 161 162 134 135 136 
                bytes:[112]
      16384     524304          0          0: 141 142 143 144 134 135 136 
                bytes:[32]
       3641     524360          0          0: 157 151 143 144 134 135 136 
                bytes:[144]
       4096     524352          0          0: 163 151 143 144 134 135 136 
                bytes:[128]
       3641     524360          0          0: 141 142 143 144 134 135 136 
                bytes:[144]
         19     538038          0          0: 133 134 135 136 
                bytes:[27264]
       8193    1048704          0          0: 158 159 160 161 162 134 135 136 
                bytes:[128]
        256     525312          0          0: 137 134 135 136 
                bytes:[2048]
       6555    2097792          0          0: 8 9 164 165 166 134 135 136 
                bytes:[320]
       3641     524360          0          0: 158 159 160 161 167 168 135 136 
                bytes:[144]
      98313    9438048          0          0: 158 159 160 161 162 134 135 136 
                bytes:[96]
       3277     524368          0          0: 158 159 160 161 167 168 135 136 
                bytes:[160]
          3    1724522          0          0: 133 134 135 136 
                bytes:[573440]
         32     532522          0          0: 169 170 171 168 135 136 
                bytes:[16384]
          3    1626492          0          0: 133 134 135 136 
                bytes:[499712]
       8192     524320          0          0: 172 173 174 147 5 6 7 
                bytes:[64]
       6555    1573224          0          0: 8 9 164 165 166 134 135 136 
                bytes:[240]
          7     562015          0          0: 133 134 135 136 
                bytes:[73728]
         12    1141268          0          0: 133 134 135 136 
                bytes:[90112]
      12291    3146496          0          0: 154 143 175 135 136 
                bytes:[256]
     589837   14156100          0          0: 158 159 160 161 162 134 135 136 
                bytes:[24]
     573475   36702400          0          0: 158 159 160 161 162 134 135 136 
                bytes:[64]
     589851   28312848          0          0: 158 159 160 161 162 134 135 136 
                bytes:[48]
     278536    8913168          0          0: 158 159 160 161 162 134 135 136 
                bytes:[32]
     222839   17827152          0          0: 158 159 160 161 162 134 135 136 
                bytes:[80]
    1310740   20971840          0          0: 158 159 160 161 162 134 135 136 
                bytes:[16]
         20    1698942          0          0: 133 134 135 136 
                bytes:[81920]
          2    1917988          0          0: 133 134 135 136 
                bytes:[712704]
       1489     524464          0          0: 154 143 176 146 147 5 6 7 
                bytes:[352]
      16384     524304          0          0: 158 159 160 161 162 145 146 147 5 6 7 
                bytes:[32]
       2731     524384          0          0: 8 9 164 165 166 145 146 147 5 6 7 
                bytes:[192]
       2521     524392          0          0: 8 9 164 165 166 145 146 147 5 6 7 
                bytes:[208]
         13    1132628          0          0: 133 145 146 147 5 6 7 
                bytes:[81920]
       4096     524352          0          0: 154 143 152 153 146 147 5 6 7 
                bytes:[128]
       5461     524336          0          0: 163 151 143 155 139 156 153 146 147 5 6 7 
                bytes:[96]
          1     755487          0          0: 133 145 177 178 
                bytes:[409600]
         26     534594          0          0: 133 145 177 178 
                bytes:[20480]
      14044    1573032          0          0: 158 159 160 161 162 145 177 178 
                bytes:[112]
        512     524800          0          0: 137 145 177 178 
                bytes:[1024]
         19    1106965          0          0: 133 145 177 178 
                bytes:[57344]
      16385    1573008          0          0: 158 159 160 161 162 145 177 178 
                bytes:[96]
       4096     524352          0          0: 158 159 160 161 162 145 177 178 
                bytes:[128]
          1     834838          0          0: 133 145 177 178 
                bytes:[532480]
          1     797256          0          0: 133 145 177 178 
                bytes:[475136]
     147460    4718736          0          0: 158 159 160 161 162 145 177 178 
                bytes:[32]
     305841    7340200          0          0: 158 159 160 161 162 145 177 178 
                bytes:[24]
        745     524640          0          0: 8 9 164 165 166 145 177 178 
                bytes:[704]
     305848   14680736          0          0: 158 159 160 161 162 145 177 178 
                bytes:[48]
     104865    8389248          0          0: 158 159 160 161 162 145 177 178 
                bytes:[80]
     262160   16778240          0          0: 158 159 160 161 162 145 177 178 
                bytes:[64]
     655370   10485920          0          0: 158 159 160 161 162 145 177 178 
                bytes:[16]
      10923    1048672          0          0: 158 159 160 161 162 145 146 147 5 6 7 
                bytes:[96]
       8192     524320          0          0: 158 159 160 161 162 145 146 147 5 6 7 
                bytes:[64]
      32769    1572936          0          0: 158 159 160 161 162 145 146 147 5 6 7 
                bytes:[48]
          9     553482          0          0: 137 145 146 147 5 6 7 
                bytes:[57344]
         13     545034          0          0: 137 145 146 147 5 6 7 
                bytes:[40960]
       5043    2097984          0          0: 8 9 164 165 166 134 135 136 
                bytes:[416]
        258    2113578          0          0: 137 134 135 136 
                bytes:[8192]
        256     525312          0          0: 8 9 164 165 166 134 135 136 
                bytes:[2048]
          5    2375898          0          0: 133 134 135 136 
                bytes:[466944]
          6    2175005          0          0: 133 134 135 136 
                bytes:[360448]
      14044    1573032          0          0: 163 151 143 144 134 135 136 
                bytes:[112]
       8194    2097664          0          0: 8 9 164 165 166 134 135 136 
                bytes:[256]
          3    3406992          0          0: 133 134 135 136 
                bytes:[950272]
         39    1635103          0          0: 133 134 135 136 
                bytes:[40960]
          4    2670474          0          0: 133 134 135 136 
                bytes:[614400]
          3    1680569          0          0: 133 134 135 136 
                bytes:[540672]
      24579    3146112          0          0: 154 143 144 134 135 136 
                bytes:[128]
      70224    7865160          0          0: 154 143 144 134 135 136 
                bytes:[112]
         15    8240036          0          0: 133 134 135 136 
                bytes:[516096]
         33    1081685          0          0: 133 134 135 136 
                bytes:[32768]
          4    2488234          0          0: 133 134 135 136 
                bytes:[524288]
          6    3146781          0          0: 133 134 135 136 
                bytes:[458752]
          4    2504515          0          0: 133 134 135 136 
                bytes:[532480]
       1171    1049472          0          0: 8 9 164 165 166 134 135 136 
                bytes:[896]
          3    1713477          0          0: 133 134 135 136 
                bytes:[565248]
      29131    4194880          0          0: 154 143 144 134 135 136 
                bytes:[144]
          5    2391770          0          0: 133 134 135 136 
                bytes:[475136]
      21845     524300          0          0: 129 138 139 156 168 135 136 
                bytes:[24]
      10923    1048672          0          0: 179 139 156 168 135 136 
                bytes:[96]
      21847    2097344          0          0: 179 139 140 
                bytes:[96]
      19662    1572984          0          0: 129 138 139 140 
                bytes:[80]
          2    1791587          0          0: 133 134 135 136 
                bytes:[622592]
          3    3018945          0          0: 133 134 135 136 
                bytes:[778240]
          3    3145875          0          0: 133 134 135 136 
                bytes:[835584]
          2    1871516          0          0: 133 134 135 136 
                bytes:[679936]
       2732    1573728          0          0: 8 9 164 165 166 134 135 136 
                bytes:[576]
      32769    1572936          0          0: 150 151 143 144 134 135 136 
                bytes:[48]
       9364    2097600          0          0: 8 9 164 165 166 134 135 136 
                bytes:[224]
      65537    1048592          0          0: 150 151 143 144 134 135 136 
                bytes:[16]
       1092     524528          0          0: 8 9 164 165 166 134 135 136 
                bytes:[480]
        745     524640          0          0: 8 9 164 165 166 134 135 136 
                bytes:[704]
          4    2859474          0          0: 133 134 135 136 
                bytes:[704512]
       5461     524336          0          0: 149 143 176 146 147 5 6 7 
                bytes:[96]
       5461     524336          0          0: 154 143 144 145 146 147 5 6 7 
                bytes:[96]
       1820     524432          0          0: 180 144 145 146 147 5 6 7 
                bytes:[288]
       1820     524432          0          0: 181 145 146 147 5 6 7 
                bytes:[288]
       3641     524360          0          0: 8 9 164 165 166 145 146 147 5 6 7 
                bytes:[144]
          5    1294624          0          0: 137 145 146 147 5 6 7 
                bytes:[229376]
        228     525440          0          0: 182 153 146 147 5 6 7 
                bytes:[2304]
       6145    1573248          0          0: 154 143 155 139 140 
                bytes:[256]
          4     588125          0          0: 183 99 70 71 72 
                bytes:[122880]
       2341     524400          0          0: 184 99 70 71 72 
                bytes:[224]
       2341     524400          0          0: 185 186 187 174 147 5 6 7 
                bytes:[224]
       4097    1573440          0          0: 8 9 164 165 166 134 135 136 
                bytes:[384]
         43    1073343          0          0: 133 134 135 136 
                bytes:[24576]
      23835    4195008          0          0: 8 9 164 165 166 134 135 136 
                bytes:[176]
          6    3231588          0          0: 133 134 135 136 
                bytes:[491520]
          3    1562888          0          0: 133 134 135 136 
                bytes:[450560]
         12    5288410          0          0: 133 134 135 136 
                bytes:[409600]
        173    9962686          0          0: 137 134 135 136 
                bytes:[57344]
       9363    1048688          0          0: 157 151 143 144 134 135 136 
                bytes:[112]
         16     540842          0          0: 169 170 171 168 135 136 
                bytes:[32768]
          7    2980978          0          0: 133 134 135 136 
                bytes:[393216]
      98305    1572888          0          0: 157 151 143 144 134 135 136 
                bytes:[16]
         10    4563832          0          0: 133 134 135 136 
                bytes:[417792]
      38232    3670352          0          0: 149 143 175 135 136 
                bytes:[96]
      32771    3670408          0          0: 150 151 143 144 134 135 136 
                bytes:[112]
     131075    3145800          0          0: 141 142 143 144 134 135 136 
                bytes:[24]
      32771    3146016          0          0: 141 142 143 144 134 135 136 
                bytes:[96]
     262148    4194368          0          0: 188 189 134 135 136 
                bytes:[16]
     458759    7340144          0          0: 190 143 144 134 135 136 
                bytes:[16]
      65539    3145872          0          0: 141 142 143 144 134 135 136 
                bytes:[48]
        156    2124405          0          0: 137 134 135 136 
                bytes:[13568]
          7    3104852          0          0: 133 134 135 136 
                bytes:[442368]
          4    4292680          0          0: 133 134 135 136 
                bytes:[868352]
        281    8081319          0          0: 137 134 135 136 
                bytes:[28672]
          7    5824314          0          0: 133 134 135 136 
                bytes:[729088]
      49156    4719024          0          0: 191 168 135 136 
                bytes:[96]
          7    6002034          0          0: 133 134 135 136 
                bytes:[770048]
          7    5859648          0          0: 133 134 135 136 
                bytes:[737280]
          5    4218946          0          0: 133 134 135 136 
                bytes:[843776]
      27732    5768312          0          0: 8 9 164 165 166 134 135 136 
                bytes:[208]
      21848    3146160          0          0: 150 151 143 144 134 135 136 
                bytes:[144]
      32774    6292608          0          0: 8 9 164 165 166 134 135 136 
                bytes:[192]
       9104    2622160          0          0: 8 9 164 165 166 134 135 136 
                bytes:[288]
       5958    1048752          0          0: 150 151 143 144 134 135 136 
                bytes:[176]
      43208   15209456          0          0: 8 9 164 165 166 134 135 136 
                bytes:[352]
       5462    1573296          0          0: 154 143 144 134 135 136 
                bytes:[288]
       6145    1573248          0          0: 154 143 144 134 135 136 
                bytes:[256]
      60080    5767696          0          0: 157 151 143 144 134 135 136 
                bytes:[96]
      58991    9438624          0          0: 8 9 164 165 166 134 135 136 
                bytes:[160]
     109229    2621500          0          0: 157 151 143 144 134 135 136 
                bytes:[24]
      27309    2621680          0          0: 163 151 143 144 134 135 136 
                bytes:[96]
     507950   48763248          0          0: 8 9 164 165 166 134 135 136 
                bytes:[96]
     884749   14155992          0          0: 141 142 143 144 134 135 136 
                bytes:[16]
      49155    3145920          0          0: 150 151 143 144 134 135 136 
                bytes:[64]
      65537    1572900          0          0: 150 151 143 144 134 135 136 
                bytes:[24]
      20482    2621760          0          0: 150 151 143 144 134 135 136 
                bytes:[128]
      15295    3670856          0          0: 154 143 144 134 135 136 
                bytes:[240]
     273079   13107800          0          0: 192 144 134 135 136 
                bytes:[48]
    1267058   30409400          0          0: 190 143 144 134 135 136 
                bytes:[24]
      76462    3670184          0          0: 163 151 143 144 134 135 136 
                bytes:[48]
     151570   19401024          0          0: 8 9 164 165 166 134 135 136 
                bytes:[128]
       6554    1048736          0          0: 150 151 143 144 134 135 136 
                bytes:[160]
      98317   14157720          0          0: 8 9 164 165 166 134 135 136 
                bytes:[144]
      32771    3670408          0          0: 141 142 143 144 134 135 136 
                bytes:[112]
     243445   27265888          0          0: 8 9 164 165 166 134 135 136 
                bytes:[112]
    2097184   33554944          0          0: 188 193 134 135 136 
                bytes:[16]
      52436    8389888          0          0: 154 143 144 134 135 136 
                bytes:[160]
     436916   10486000          0          0: 109 194 134 135 136 
                bytes:[24]
     111419    8913576          0          0: 163 151 143 144 134 135 136 
                bytes:[80]
      57347    3670240          0          0: 157 151 143 144 134 135 136 
                bytes:[64]
      54615    2621560          0          0: 157 151 143 144 134 135 136 
                bytes:[48]
     327685    5242960          0          0: 195 189 134 135 136 
                bytes:[16]
      40962    2621600          0          0: 141 142 143 144 134 135 136 
                bytes:[64]
     229393   18351480          0          0: 154 143 144 134 135 136 
                bytes:[80]
     425990    6815848          0          0: 196 194 134 135 136 
                bytes:[16]
     360464   17302296          0          0: 197 134 135 136 
                bytes:[48]
     278553   26741136          0          0: 149 143 144 134 135 136 
                bytes:[96]
      63208   14158800          0          0: 154 143 144 134 135 136 
                bytes:[224]
     104865    8389248          0          0: 157 151 143 144 134 135 136 
                bytes:[80]
      98320   17304408          0          0: 154 143 144 134 135 136 
                bytes:[176]
     122887    7864800          0          0: 163 151 143 144 134 135 136 
                bytes:[64]
     125633   24121664          0          0: 154 143 144 134 135 136 
                bytes:[192]
     256706   24643792          0          0: 154 143 144 134 135 136 
                bytes:[96]
      43694    4194688          0          0: 150 151 143 144 134 135 136 
                bytes:[96]
     131082   10486560          0          0: 141 142 143 144 134 135 136 
                bytes:[80]
      88239   18353720          0          0: 154 143 144 134 135 136 
                bytes:[208]
      58986    4718952          0          0: 150 151 143 144 134 135 136 
                bytes:[80]
     404157   19399544          0          0: 154 143 144 134 135 136 
                bytes:[48]
     304097   87580146          0          0: 181 134 135 136 
                bytes:[288]
     278536    8913168          0          0: 154 143 144 134 135 136 
                bytes:[32]
    2129952   34079240          0          0: 198 143 144 134 135 136 
                bytes:[16]
     315023   90726738          0          0: 180 144 134 135 136 
                bytes:[288]
    2392100   38273608          0          0: 195 193 134 135 136 
                bytes:[16]
     845478   67638312          0          0: 8 9 164 165 166 134 135 136 
                bytes:[80]
   10682531  170920496          0          0: 8 9 164 165 166 134 135 136 
                bytes:[16]
    6914259  221256288          0          0: 8 9 164 165 166 134 135 136 
                bytes:[32]
    3244180  155720664          0          0: 8 9 164 165 166 134 135 136 
                bytes:[48]
    4063480  260062720          0          0: 8 9 164 165 166 134 135 136 
                bytes:[64]
   35979813  575677008          0          0: 199 193 134 135 136 
                bytes:[16]
         30  139120232          0          0: 137 134 135 136 
                bytes:[4636672]
        105  389125658          0          0: 137 134 135 136 
                bytes:[3702784]
        116  344270575          0          0: 137 134 135 136 
                bytes:[2957312]
        170  403200173          0          0: 137 134 135 136 
                bytes:[2359296]
        391    8018919          0          0: 137 134 135 136 
                bytes:[20480]
          4    4644402          0          0: 133 134 135 136 
                bytes:[983040]
        223  420422242          0          0: 137 134 135 136 
                bytes:[1884160]
          4    4492154          0          0: 133 134 135 136 
                bytes:[933888]
        219  329184952          0          0: 137 134 135 136 
                bytes:[1499136]
        220  263759015          0          0: 137 134 135 136 
                bytes:[1196032]
        216  205555195          0          0: 137 134 135 136 
                bytes:[950272]
        234   53726905          0          0: 137 134 135 136 
                bytes:[229376]
        290   23785197          0          0: 137 134 135 136 
                bytes:[81920]
        220  166057716          0          0: 137 134 135 136 
                bytes:[753664]
        222   31043950          0          0: 137 134 135 136 
                bytes:[139264]
          3    3331427          0          0: 133 134 135 136 
                bytes:[917504]
        201   21435484          0          0: 137 134 135 136 
                bytes:[106496]
          3    3445054          0          0: 133 134 135 136 
                bytes:[966656]
          8    7685834          0          0: 133 134 135 136 
                bytes:[901120]
         10    8340242          0          0: 133 134 135 136 
                bytes:[827392]
        229  137115120          0          0: 137 134 135 136 
                bytes:[598016]
        238  113210481          0          0: 137 134 135 136 
                bytes:[475136]
        216   81594178          0          0: 137 134 135 136 
                bytes:[376832]
        218   64436590          0          0: 137 134 135 136 
                bytes:[294912]
        206   37173151          0          0: 137 134 135 136 
                bytes:[180224]
        266   10900692          0          0: 137 134 135 136 
                bytes:[40960]
          4    4268036          0          0: 133 134 135 136 
                bytes:[860160]
         22   16702749          0          0: 133 134 135 136 
                bytes:[745472]
      14567    4195456          0          0: 154 143 175 135 136 
                bytes:[288]
       9833    3146688          0          0: 154 143 175 135 136 
                bytes:[320]
      21845     524300          0          0: 157 151 143 152 153 177 178 
                bytes:[24]
       2185     524408          0          0: 154 143 155 139 140 
                bytes:[240]
      21845     524300          0          0: 141 142 143 155 139 140 
                bytes:[24]
       2731     524384          0          0: 150 151 143 155 139 140 
                bytes:[192]
      16385    1573008          0          0: 149 143 155 139 140 
                bytes:[96]
      13111    4195584          0          0: 154 143 155 139 140 
                bytes:[320]
       1638     524448          0          0: 154 143 176 177 178 
                bytes:[320]
       2185     524408          0          0: 154 143 144 145 177 178 
                bytes:[240]
       1489     524464          0          0: 154 143 152 153 177 178 
                bytes:[352]
      10925    3146592          0          0: 154 143 155 139 140 
                bytes:[288]
          2    1780316          0          0: 133 145 177 178 
                bytes:[614400]
         32     532522          0          0: 200 153 177 178 
                bytes:[16384]
          3    1724522          0          0: 133 145 177 178 
                bytes:[573440]
          3    1680569          0          0: 133 145 177 178 
                bytes:[540672]
          3    1626492          0          0: 133 145 177 178 
                bytes:[499712]
          1     829411          0          0: 133 145 177 178 
                bytes:[524288]
          6     570634          0          0: 133 145 177 178 
                bytes:[90112]
      10923     524312          0          0: 201 202 203 145 177 178 
                bytes:[48]
          2    1871516          0          0: 133 145 177 178 
                bytes:[679936]
       9364    2097600          0          0: 8 9 164 165 166 145 177 178 
                bytes:[224]
       4097    1573440          0          0: 8 9 164 165 166 145 177 178 
                bytes:[384]
         11    1149950          0          0: 133 145 177 178 
                bytes:[98304]
        257    1052677          0          0: 137 145 177 178 
                bytes:[4096]
       1820     524432          0          0: 8 9 164 165 166 145 146 147 5 6 7 
                bytes:[288]
      14044    1573032          0          0: 8 9 164 165 166 145 146 147 5 6 7 
                bytes:[112]
          5    3953755          0          0: 137 145 146 147 5 6 7 
                bytes:[753664]
          7    4394715          0          0: 137 145 146 147 5 6 7 
                bytes:[598016]
          5    3766160          0          0: 133 145 146 147 5 6 7 
                bytes:[688128]
          3    1562888          0          0: 133 145 177 178 
                bytes:[450560]
          1     791966          0          0: 133 145 177 178 
                bytes:[466944]
          7    2980978          0          0: 133 145 177 178 
                bytes:[393216]
         10    4563832          0          0: 133 145 177 178 
                bytes:[417792]
          2    2146340          0          0: 133 145 177 178 
                bytes:[868352]
          3    3127590          0          0: 133 145 177 178 
                bytes:[827392]
          3    3001017          0          0: 133 145 177 178 
                bytes:[770048]
          3    3293928          0          0: 133 145 177 178 
                bytes:[901120]
          2    2109473          0          0: 133 145 177 178 
                bytes:[843776]
          2    2322201          0          0: 133 145 177 178 
                bytes:[983040]
          2    2296703          0          0: 133 145 177 178 
                bytes:[966656]
          2    2134018          0          0: 133 145 177 178 
                bytes:[860160]
          3    3369115          0          0: 133 145 177 178 
                bytes:[933888]
          2    2220951          0          0: 133 145 177 178 
                bytes:[917504]
       8194    2097664          0          0: 8 9 164 165 166 145 177 178 
                bytes:[256]
          0          0      -1024    -524544: 8 9 164 165 166 145 177 178 
                bytes:[512]
      22350    7866960      -2979   -1048928: 8 9 164 165 166 145 177 178 
                bytes:[352]
          2    2271328         -1   -1135664: 133 145 177 178 
                bytes:[950272]
         57    1616264        -18    -538754: 137 145 177 178 
                bytes:[28672]
         17     540843          0          0: 133 145 177 178 
                bytes:[32768]
         66    2725173          0          0: 133 145 177 178 
                bytes:[40960]
        194    1585184          0          0: 137 145 177 178 
                bytes:[8192]
          3    1615794          0          0: 133 145 177 178 
                bytes:[491520]
         80    3270208          0          0: 137 145 177 178 
                bytes:[40960]
         52    1069189          0          0: 137 145 177 178 
                bytes:[20480]
          9    4944022         -3   -1648007: 133 145 177 178 
                bytes:[516096]
          2     856739          0          0: 133 145 177 178 
                bytes:[565248]
          5    2360086          0          0: 133 145 177 178 
                bytes:[458752]
       3278    1048896          0          0: 8 9 164 165 166 145 177 178 
                bytes:[320]
      10926    3146592          0          0: 8 9 164 165 166 145 177 178 
                bytes:[288]
       2522    1048992          0          0: 8 9 164 165 166 145 177 178 
                bytes:[416]
       1822    1049152          0          0: 8 9 164 165 166 145 177 178 
                bytes:[576]
         16   74197457         -1   -4637341: 137 145 177 178 
                bytes:[4636672]
          1     895794          0          0: 133 145 177 178 
                bytes:[622592]
          2    2097250          0          0: 133 145 177 178 
                bytes:[835584]
          2    2012630          0          0: 133 145 177 178 
                bytes:[778240]
        127   22923444         -3    -619552: 137 145 177 178 
                bytes:[180224]
          5    3906432          0          0: 133 145 177 178 
                bytes:[737280]
      26815    4719384          0          0: 8 9 164 165 166 145 177 178 
                bytes:[176]
     107678   12059912      -4681    -524344: 8 9 164 165 166 145 177 178 
                bytes:[112]
    1212434   19398952     -32768    -524296: 195 193 145 177 178 
                bytes:[16]
      13656    2621920          0          0: 8 9 164 165 166 145 177 178 
                bytes:[192]
    1703962   27263392     -98305   -1572888: 188 193 145 177 178 
                bytes:[16]
      27732    5768312          0          0: 8 9 164 165 166 145 177 178 
                bytes:[208]
      94220   12060096      -4096    -524352: 8 9 164 165 166 145 177 178 
                bytes:[128]
     251244   24119456          0          0: 8 9 164 165 166 145 177 178 
                bytes:[96]
      80111   11535920      -3641    -524360: 8 9 164 165 166 145 177 178 
                bytes:[144]
    4505738  144183600     -65538   -2097216: 8 9 164 165 166 145 177 178 
                bytes:[32]
    1572936   75500928    -109231   -5243120: 8 9 164 165 166 145 177 178 
                bytes:[48]
     426017   34081320          0          0: 8 9 164 165 166 145 177 178 
                bytes:[80]
    6062172   96994760    -294916   -4718664: 8 9 164 165 166 145 177 178 
                bytes:[16]
       9832    1573104          0          0: 8 9 164 165 166 145 177 178 
                bytes:[160]
    2187398  139993440    -106502   -6816160: 8 9 164 165 166 145 177 178 
                bytes:[64]
   18940193  303043088    -851981  -13631696: 199 193 145 177 178 
                bytes:[16]
         14    1132628          0          0: 133 145 177 178 
                bytes:[81920]
         62  229769437         -1   -3705958: 137 145 177 178 
                bytes:[3702784]
         70  207749485         -3   -8903549: 137 145 177 178 
                bytes:[2957312]
        104  245737384        -12  -28629598: 137 145 177 178 
                bytes:[2359296]
        129  242178711         -7  -13562007: 137 145 177 178 
                bytes:[1884160]
        131  195602652         -5   -7951327: 137 145 177 178 
                bytes:[1499136]
        137  163850297         -5   -6660581: 137 145 177 178 
                bytes:[1196032]
        116   34274782         -9   -2741982: 137 145 177 178 
                bytes:[294912]
        158   36249478         -2    -647312: 137 145 177 178 
                bytes:[229376]
        133  126058711         -5   -5678320: 137 145 177 178 
                bytes:[950272]
        257     525313          0          0: 137 145 177 178 
                bytes:[2048]
          3    1917988          0          0: 133 145 177 178 
                bytes:[712704]
        143  107739829         -5   -3953755: 137 145 177 178 
                bytes:[753664]
        118    9627342          0          0: 137 145 177 178 
                bytes:[81920]
        119   71194390         -4   -2636829: 137 145 177 178 
                bytes:[598016]
         15   10807662          0          0: 133 145 177 178 
                bytes:[745472]
        126   59794268         -8   -3986284: 137 145 177 178 
                bytes:[475136]
        119   44840044         -1    -735082: 137 145 177 178 
                bytes:[376832]
          4    2912157          0          0: 133 145 177 178 
                bytes:[729088]
        150   20894966         -4    -596999: 137 145 177 178 
                bytes:[139264]
         97   10428074         -5    -579337: 137 145 177 178 
                bytes:[106496]
        145    8302239          0          0: 137 145 177 178 
                bytes:[57344]
          3    1906316          0          0: 133 145 177 178 
                bytes:[704512]
          3    1883080          0          0: 133 145 177 178 
                bytes:[688128]
       5462     524336          0          0: 8 9 164 165 166 145 146 147 5 6 7 
                bytes:[96]
      65539    3145872          0          0: 8 9 164 165 166 145 146 147 5 6 7 
                bytes:[48]
     180230    5767344          0          0: 8 9 164 165 166 145 146 147 5 6 7 
                bytes:[32]
      40963    2621600          0          0: 8 9 164 165 166 145 146 147 5 6 7 
                bytes:[64]
       6554     524328          0          0: 8 9 164 165 166 145 146 147 5 6 7 
                bytes:[80]
     655370   10485920          0          0: 199 193 145 146 147 5 6 7 
                bytes:[16]
      65537    1048592          0          0: 195 193 145 146 147 5 6 7 
                bytes:[16]
     327685    5242960          0          0: 8 9 164 165 166 145 146 147 5 6 7 
                bytes:[16]
          5   18529793          0          0: 137 145 146 147 5 6 7 
                bytes:[3702784]
          5   14839249          0          0: 137 145 146 147 5 6 7 
                bytes:[2957312]
          5   11929000          0          0: 137 145 146 147 5 6 7 
                bytes:[2359296]
          5    9687149          0          0: 137 145 146 147 5 6 7 
                bytes:[1884160]
          5    7951327          0          0: 137 145 146 147 5 6 7 
                bytes:[1499136]
          5    6660581          0          0: 137 145 146 147 5 6 7 
                bytes:[1196032]
          4    4542656          0          0: 137 145 146 147 5 6 7 
                bytes:[950272]
          7    3189028          0          0: 137 145 146 147 5 6 7 
                bytes:[475136]
          7    2056487          0          0: 137 145 146 147 5 6 7 
                bytes:[294912]
          4     596999          0          0: 137 145 146 147 5 6 7 
                bytes:[139264]
      16384     524304          0          0: 154 143 175 135 136 
                bytes:[32]
       1821     524432          0          0: 180 176 146 147 5 6 7 
                bytes:[288]
      65537    1048592          0          0: 157 151 143 155 139 140 
                bytes:[16]
         10    1176252          0          0: 169 170 171 168 135 136 
                bytes:[122880]
      32769     524296          0          0: 141 142 143 155 139 140 
                bytes:[16]
        820    1049857          0          0: 204 135 136 
                bytes:[1280]
       8193    1048704          0          0: 158 159 160 161 167 168 135 136 
                bytes:[128]
      65537    1048592          0          0: 141 142 143 175 135 136 
                bytes:[16]
      65537    1048592          0          0: 150 151 143 175 135 136 
                bytes:[16]
       3642    1048864          0          0: 180 155 139 156 153 146 147 5 6 7 
                bytes:[288]
         11     549248          0          0: 205 206 98 99 70 71 72 
                bytes:[49152]
       8193     524320          0          0: 207 124 119 102 5 6 7 
                bytes:[64]
      32769     524296          0          0: 208 209 210 130 138 139 156 168 135 136 
                bytes:[16]
      16385     524304          0          0: 141 142 143 155 139 140 
                bytes:[32]
        108     526724          0          0: 211 139 140 
                bytes:[4864]
       9364    2097600          0          0: 154 143 155 139 140 
                bytes:[224]
      65537    1048592          0          0: 129 138 139 140 
                bytes:[16]
      17480    4195264          0          0: 154 143 175 135 136 
                bytes:[240]
      19662    1572984          0          0: 163 151 143 175 135 136 
                bytes:[80]
       5462     524336          0          0: 163 151 143 175 135 136 
                bytes:[96]
       4096     524352          0          0: 150 151 143 175 135 136 
                bytes:[128]
       8192     524320          0          0: 154 143 175 135 136 
                bytes:[64]
      38233    3670352          0          0: 150 151 143 175 135 136 
                bytes:[96]
      32769    1048608          0          0: 157 151 143 155 139 140 
                bytes:[32]
      65537    1048592          0          0: 190 143 155 139 140 
                bytes:[16]
       8192     524320          0          0: 157 151 143 176 177 178 
                bytes:[64]
         43     530456          0          0: 169 170 171 153 177 178 
                bytes:[12288]
       4682     524344          0          0: 163 151 143 155 139 140 
                bytes:[112]
       9363    1048688          0          0: 154 143 155 139 140 
                bytes:[112]
      21847    1048624          0          0: 212 139 140 
                bytes:[48]
      21846     524300          0          0: 109 213 139 140 
                bytes:[24]
       5462     524336          0          0: 163 151 143 155 139 140 
                bytes:[96]
       8193     524320          0          0: 157 151 143 155 139 140 
                bytes:[64]
         26     534595          0          0: 169 170 171 153 177 178 
                bytes:[20480]
        512     524800          0          0: 214 215 216 117 104 105 106 107 108 
                bytes:[1024]
       8192     524320          0          0: 214 215 216 117 104 105 106 107 108 
                bytes:[64]
        256     525313          0          0: 214 215 216 117 104 105 106 107 108 
                bytes:[2048]
        193    1585184          0          0: 214 215 216 117 104 105 106 107 108 
                bytes:[8192]
         37     531489          0          0: 169 170 217 104 105 106 107 108 
                bytes:[14336]
       1025     524544          0          0: 214 215 216 117 104 105 106 107 108 
                bytes:[512]
        456    1578054          0          0: 214 215 216 117 104 105 106 107 108 
                bytes:[3456]
         29     533558          0          0: 169 170 217 104 105 106 107 108 
                bytes:[18432]
         26     534594          0          0: 169 170 217 104 105 106 107 108 
                bytes:[20480]
      26217    2097312          0          0: 157 151 143 175 135 136 
                bytes:[80]
          5    2391771          0          0: 218 168 135 136 
                bytes:[475136]
          7    3001424          0          0: 218 168 135 136 
                bytes:[401408]
      14045    1573032          0          0: 150 151 143 175 135 136 
                bytes:[112]
      45879    3670296          0          0: 141 142 143 175 135 136 
                bytes:[80]
      16386    1573008          0          0: 157 151 143 175 135 136 
                bytes:[96]
      32769    1048608          0          0: 150 151 143 175 135 136 
                bytes:[32]
      43692    1048600          0          0: 157 151 143 155 139 140 
                bytes:[24]
       6146    1573248          0          0: 219 220 221 168 135 136 
                bytes:[256]
         39     531101          0          0: 169 170 171 153 177 178 
                bytes:[13568]
      10923     524312          0          0: 205 222 223 224 225 99 70 71 72 
                bytes:[48]
         77     527752          0          0: 97 98 99 70 71 72 
                bytes:[6912]
      21846     524300          0          0: 205 222 226 99 70 71 72 
                bytes:[24]
          6     579338          0          0: 227 70 71 72 
                bytes:[106496]
       1024     524544          0          0: 205 222 98 99 70 71 72 
                bytes:[512]
          5     579337          0          0: 183 99 70 71 72 
                bytes:[106496]
      32769    1048608          0          0: 219 228 229 230 231 232 233 99 70 71 72 
                bytes:[32]
      32769     524296          0          0: 234 235 236 224 225 99 70 71 72 
                bytes:[16]
        911     524576          0          0: 205 222 98 99 70 71 72 
                bytes:[576]
      16384     524304          0          0: 97 237 225 99 70 71 72 
                bytes:[32]
         10     553483          0          0: 97 98 99 70 71 72 
                bytes:[57344]
        455     524864          0          0: 200 168 135 136 
                bytes:[1152]
         77    5620158          0          0: 169 170 171 168 135 136 
                bytes:[73728]
          5    1400313          0          0: 218 168 135 136 
                bytes:[319488]
          7     570634          0          0: 169 170 171 168 135 136 
                bytes:[90112]
      21846     524300          0          0: 141 142 143 175 135 136 
                bytes:[24]
         64     528395          0          0: 200 168 135 136 
                bytes:[8192]
        257    1052677          0          0: 200 168 135 136 
                bytes:[4096]
          2     705084          0          0: 218 168 135 136 
                bytes:[327680]
         74    1062978          0          0: 169 170 171 168 135 136 
                bytes:[14336]
      32769    1048608          0          0: 129 138 139 140 
                bytes:[32]
         10    1167442          0          0: 169 170 171 168 135 136 
                bytes:[114688]
      98306    1572888          0          0: 208 209 210 130 138 139 140 
                bytes:[16]
      65537    1048592          0          0: 238 239 240 241 130 138 139 156 168 135 136 
                bytes:[16]
          5    2281916          0          0: 218 168 135 136 
                bytes:[417792]
          4    1542003          0          0: 218 168 135 136 
                bytes:[434176]
          6     579338          0          0: 169 170 171 153 146 147 5 6 7 
                bytes:[106496]
      25211    5243920          0          0: 154 143 175 135 136 
                bytes:[208]
      14566    2097440          0          0: 154 143 175 135 136 
                bytes:[144]
       5462     524336          0          0: 154 143 175 135 136 
                bytes:[96]
      76463    3670184          0          0: 192 175 135 136 
                bytes:[48]
       6555    1048736          0          0: 154 143 175 135 136 
                bytes:[160]
      32769     524296          0          0: 157 151 143 175 135 136 
                bytes:[16]
      21070    4719600          0          0: 154 143 175 135 136 
                bytes:[224]
      16384     524304          0          0: 150 151 143 155 139 140 
                bytes:[32]
         98     526980          0          0: 242 139 140 
                bytes:[5376]
       5462    1048768          0          0: 154 143 155 139 140 
                bytes:[192]
      65537    1048592          0          0: 158 159 160 161 167 153 146 147 5 6 7 
                bytes:[16]
          7     562016          0          0: 169 170 171 153 146 147 5 6 7 
                bytes:[73728]
       8193     524320          0          0: 163 151 143 175 135 136 
                bytes:[64]
         12    4350011          0          0: 218 168 135 136 
                bytes:[360448]
         59    3904170          0          0: 169 170 171 168 135 136 
                bytes:[65536]
         17    1738012          0          0: 169 170 171 168 135 136 
                bytes:[106496]
         42    3397885          0          0: 169 170 171 168 135 136 
                bytes:[81920]
     753675   12058808          0          0: 158 159 160 161 167 168 135 136 
                bytes:[16]
     311305    9961776          0          0: 158 159 160 161 167 168 135 136 
                bytes:[32]
      21846     524300          0          0: 158 159 160 161 167 153 146 147 5 6 7 
                bytes:[24]
          5     579337          0          0: 169 170 171 153 177 178 
                bytes:[106496]
         13    1141268          0          0: 169 170 171 153 177 178 
                bytes:[90112]
         34    2230954          0          0: 169 170 171 153 177 178 
                bytes:[65536]
         15    1764377          0          0: 169 170 171 153 177 178 
                bytes:[122880]
          5     583721          0          0: 169 170 171 153 177 178 
                bytes:[114688]
     425990    6815848          0          0: 158 159 160 161 167 153 177 178 
                bytes:[16]
         62    5096829          0          0: 169 170 171 153 177 178 
                bytes:[81920]
      21846    1048624          0          0: 158 159 160 161 167 153 146 147 5 6 7 
                bytes:[48]
        512     524800          0          0: 200 168 135 136 
                bytes:[1024]
      16385     524304          0          0: 219 220 221 168 135 136 
                bytes:[32]
       4096     524352          0          0: 154 143 175 135 136 
                bytes:[128]
     209731   16778496          0          0: 158 159 160 161 167 168 135 136 
                bytes:[80]
      42135    4719096          0          0: 158 159 160 161 167 168 135 136 
                bytes:[112]
     319508   20448480          0          0: 158 159 160 161 167 168 135 136 
                bytes:[64]
      81927    7865040          0          0: 158 159 160 161 167 168 135 136 
                bytes:[96]
     524300   12583200          0          0: 158 159 160 161 167 168 135 136 
                bytes:[24]
     316772   15205048          0          0: 158 159 160 161 167 168 135 136 
                bytes:[48]
         86    1060912          0          0: 169 170 171 168 135 136 
                bytes:[12288]
     262150    6291600          0          0: 190 143 175 135 136 
                bytes:[24]
      10923     524312          0          0: 192 176 177 178 
                bytes:[48]
       5462     524336          0          0: 141 142 143 155 139 140 
                bytes:[96]
       3642     524360          0          0: 154 143 155 139 140 
                bytes:[144]
      43693    2097248          0          0: 192 155 139 140 
                bytes:[48]
       9832    1573104          0          0: 154 143 155 139 140 
                bytes:[160]
       8193     524320          0          0: 154 143 155 139 140 
                bytes:[64]
      32769     524296          0          0: 150 151 143 155 139 140 
                bytes:[16]
      65537    1048592          0          0: 243 139 140 
                bytes:[16]
          2     750356          0          0: 218 153 177 178 
                bytes:[401408]
          4    1439984          0          0: 218 153 177 178 
                bytes:[352256]
          3     647312          0          0: 218 153 177 178 
                bytes:[229376]
          2     786695          0          0: 218 153 177 178 
                bytes:[458752]
         19    1106965          0          0: 169 170 171 153 146 147 5 6 7 
                bytes:[57344]
         15    3189875          0          0: 218 153 177 178 
                bytes:[212992]
          4    1470165          0          0: 218 153 177 178 
                bytes:[376832]
          4    1450004          0          0: 218 153 177 178 
                bytes:[360448]
          9    2860009          0          0: 218 153 177 178 
                bytes:[344064]
          5    1400313         -2    -700156: 218 153 177 178 
                bytes:[319488]
      14045    1573032          0          0: 158 159 160 161 167 153 177 178 
                bytes:[112]
          2     710033          0          0: 218 153 177 178 
                bytes:[335872]
          6    2115253          0          0: 218 153 177 178 
                bytes:[327680]
         87    1600674          0          0: 169 170 171 153 177 178 
                bytes:[18432]
          3     675825          0          0: 218 153 177 178 
                bytes:[278528]
          8    1984424          0          0: 218 153 177 178 
                bytes:[253952]
      81923    2621520          0          0: 158 159 160 161 167 153 177 178 
                bytes:[32]
          3     652012          0          0: 218 153 177 178 
                bytes:[237568]
          3    1594514          0          0: 218 153 177 178 
                bytes:[475136]
          9    3700768          0          0: 218 153 177 178 
                bytes:[385024]
          2     760639          0          0: 218 153 177 178 
                bytes:[417792]
     240304    5767300          0          0: 158 159 160 161 167 153 177 178 
                bytes:[24]
     104865    8389248          0          0: 158 159 160 161 167 153 177 178 
                bytes:[80]
      27309    2621680          0          0: 158 159 160 161 167 153 177 178 
                bytes:[96]
          5    2344333          0          0: 218 153 177 178 
                bytes:[450560]
     163850   10486400          0          0: 158 159 160 161 167 153 177 178 
                bytes:[64]
          1     771002          0          0: 218 153 177 178 
                bytes:[434176]
        135    7748756          0          0: 169 170 171 153 177 178 
                bytes:[57344]
          5    2328639          0          0: 218 153 177 178 
                bytes:[442368]
     229386   11010552          0          0: 158 159 160 161 167 153 177 178 
                bytes:[48]
         13    5288411          0          0: 218 153 177 178 
                bytes:[409600]
      32769     524296          0          0: 219 244 229 230 231 232 233 99 70 71 72 
                bytes:[16]
        585     524736          0          0: 97 226 99 70 71 72 
                bytes:[896]
         11    2589248          0          0: 218 168 135 136 
                bytes:[229376]
         15    3189875          0          0: 218 168 135 136 
                bytes:[212992]
       1024     524544          0          0: 219 245 221 168 135 136 
                bytes:[512]
        513    1050625          0          0: 200 168 135 136 
                bytes:[2048]
          2     735083          0          0: 218 168 135 136 
                bytes:[376832]
      20482    2621760          0          0: 219 220 221 168 135 136 
                bytes:[128]
        294    1580942          0          0: 204 135 136 
                bytes:[5376]
          4    1439983          0          0: 218 168 135 136 
                bytes:[352256]
         12    4290014          0          0: 218 168 135 136 
                bytes:[344064]
        116    2134232          0          0: 169 170 171 168 135 136 
                bytes:[18432]
          9    3777436          0          0: 218 168 135 136 
                bytes:[409600]
      16385     524304          0          0: 141 142 143 175 135 136 
                bytes:[32]
          9     557738          0          0: 200 168 135 136 
                bytes:[65536]
      98305    1572888          0          0: 198 143 175 135 136 
                bytes:[16]
        228    3727659          0          0: 200 168 135 136 
                bytes:[16384]
      65537    1048592          0          0: 219 220 221 168 135 136 
                bytes:[16]
         99    3245056          0          0: 200 168 135 136 
                bytes:[32768]
          3    1615794          0          0: 218 168 135 136 
                bytes:[491520]
       8193     524320          0          0: 157 151 143 175 135 136 
                bytes:[64]
          9    3881065          0          0: 218 168 135 136 
                bytes:[442368]
         11    4440922          0          0: 218 168 135 136 
                bytes:[385024]
      32769     524296          0          0: 246 130 138 139 156 168 135 136 
                bytes:[16]
      32768     524296          0          0: 247 139 156 168 135 136 
                bytes:[16]
     163843    2621480          0          0: 246 130 138 139 140 
                bytes:[16]
     196611    3145776          0          0: 141 248 138 139 140 
                bytes:[16]
      81923    2621520          0          0: 249 241 130 138 139 140 
                bytes:[32]
      98306    1572888          0          0: 250 138 139 140 
                bytes:[16]
     163842    2621480          0          0: 251 252 253 241 130 138 139 140 
                bytes:[16]
      21846    1048624          0          0: 129 138 139 140 
                bytes:[48]
      98306    1572888          0          0: 238 239 240 241 130 138 139 140 
                bytes:[16]
       8193     524320          0          0: 129 138 139 156 168 135 136 
                bytes:[64]
      32769    1048608          0          0: 249 241 130 138 139 156 168 135 136 
                bytes:[32]
      49155    3145920          0          0: 129 138 139 140 
                bytes:[64]
          3    1573391          0          0: 218 168 135 136 
                bytes:[458752]
          7    3125777          0          0: 218 168 135 136 
                bytes:[450560]
        212   12176616          0          0: 169 170 171 168 135 136 
                bytes:[57344]
         52    1069189          0          0: 169 170 171 168 135 136 
                bytes:[20480]
          4    1490490          0          0: 218 168 135 136 
                bytes:[393216]
      32769     524296          0          0: 198 143 254 255 147 5 6 7 
                bytes:[16]
       8192     524320          0          0: 141 142 143 155 139 140 
                bytes:[64]
       6554     524328          0          0: 157 151 143 155 139 140 
                bytes:[80]
      10923     524312          0          0: 141 142 143 155 139 140 
                bytes:[48]
       2049     524416          0          0: 97 226 99 70 71 72 
                bytes:[256]
       8193     524320          0          0: 219 220 221 168 135 136 
                bytes:[64]
          2     675825          0          0: 218 168 135 136 
                bytes:[278528]
         15    3968848          0          0: 218 168 135 136 
                bytes:[253952]
        228     525441          0          0: 256 135 136 
                bytes:[2304]
        195     525633          0          0: 204 135 136 
                bytes:[2688]
      11917    2097504          0          0: 154 143 175 135 136 
                bytes:[176]
       8193    1573152          0          0: 154 143 175 135 136 
                bytes:[192]
      32769    1572936          0          0: 141 142 143 175 135 136 
                bytes:[48]
       6554     524328          0          0: 150 151 143 175 135 136 
                bytes:[80]
      43693    2097248          0          0: 157 151 143 175 135 136 
                bytes:[48]
      65537    1572900          0          0: 157 151 143 175 135 136 
                bytes:[24]
      16385    1048640          0          0: 141 142 143 175 135 136 
                bytes:[64]
     753676   12058808          0          0: 219 245 221 168 135 136 
                bytes:[16]
     213018   27266304          0          0: 219 245 221 168 135 136 
                bytes:[128]
         67    3295487          0          0: 169 170 171 168 135 136 
                bytes:[49152]
          5    1342042          0          0: 218 168 135 136 
                bytes:[270336]
      57358   14683649          0          0: 219 245 221 168 135 136 
                bytes:[256]
         15    3997425          0          0: 218 168 135 136 
                bytes:[262144]
     303122   19399840          0          0: 219 245 221 168 135 136 
                bytes:[64]
     376843   12058992          0          0: 219 245 221 168 135 136 
                bytes:[32]
         80    3270208          0          0: 169 170 171 168 135 136 
                bytes:[40960]
         24    5910597          0          0: 218 168 135 136 
                bytes:[245760]
          9    1927899          0          0: 218 168 135 136 
                bytes:[221184]
         25    5868109         -2    -652012: 218 168 135 136 
                bytes:[237568]
      30956    8915345          0          0: 180 175 135 136 
                bytes:[288]
      23408    2621720          0          0: 154 143 175 135 136 
                bytes:[112]
      65537    1048592          0          0: 190 143 175 135 136 
                bytes:[16]
       8193     524320          0          0: 150 151 143 175 135 136 
                bytes:[64]
      10923     524312          0          0: 163 151 143 175 135 136 
                bytes:[48]
       6554     524328          0          0: 154 143 175 135 136 
                bytes:[80]
       1821     524432          0          0: 180 152 153 177 178 
                bytes:[288]
      10923     524312          0          0: 163 151 143 155 139 140 
                bytes:[48]
      12747    3671024          0          0: 180 155 139 140 
                bytes:[288]
       9105    2622160          0          0: 257 139 140 
                bytes:[288]
      65537    1048592          0          0: 198 143 155 139 140 
                bytes:[16]
      15127    3146352          0          0: 154 143 155 139 140 
                bytes:[208]
       8193     524320          0          0: 150 151 143 155 139 140 
                bytes:[64]
         23    1098495          0          0: 169 170 171 153 177 178 
                bytes:[49152]
          5    1332475          0          0: 218 153 177 178 
                bytes:[262144]
      13108    1048656          0          0: 154 143 155 139 140 
                bytes:[80]
          5    1342041          0          0: 218 153 177 178 
                bytes:[270336]
          9    1927899          0          0: 218 153 177 178 
                bytes:[221184]
         13    3283665         -2    -656733: 218 153 177 178 
                bytes:[245760]
         53    2180138          0          0: 169 170 171 153 177 178 
                bytes:[40960]
          4    1510974          0          0: 218 153 146 147 5 6 7 
                bytes:[409600]
Locations
     1: 0x100d08887 M=1 github.com/johnsonlee/graphite/graphite-server/internal/store.(*Store).NodeIDs /Users/johnsonlee/.codex/benchmarks/graphite/regex-quoted-contains-profile-before-61828229-v1/source/internal/store/store.go:284 s=284
             github.com/johnsonlee/graphite/graphite-server/internal/store.(*Store).QueryNodeIDs /Users/johnsonlee/.codex/benchmarks/graphite/regex-quoted-contains-profile-before-61828229-v1/source/internal/store/query_order.go:13 s=11
             github.com/johnsonlee/graphite/graphite-server/internal/query.lazyGenericIDs /Users/johnsonlee/.codex/benchmarks/graphite/regex-quoted-contains-profile-before-61828229-v1/source/internal/query/lazy_filtered.go:202 s=200
     2: 0x100d09edb M=1 github.com/johnsonlee/graphite/graphite-server/internal/query.evaluator.lazyGenericNodes /Users/johnsonlee/.codex/benchmarks/graphite/regex-quoted-contains-profile-before-61828229-v1/source/internal/query/lazy_filtered.go:300 s=299
     3: 0x100d07d03 M=1 github.com/johnsonlee/graphite/graphite-server/internal/query.evaluator.lazyFiltered /Users/johnsonlee/.codex/benchmarks/graphite/regex-quoted-contains-profile-before-61828229-v1/source/internal/query/lazy_filtered.go:148 s=113
     4: 0x100cdcb8f M=1 github.com/johnsonlee/graphite/graphite-server/internal/query.evaluator.branch /Users/johnsonlee/.codex/benchmarks/graphite/regex-quoted-contains-profile-before-61828229-v1/source/internal/query/engine.go:195 s=173
     5: 0x100cdba13 M=1 github.com/johnsonlee/graphite/graphite-server/internal/query.executeSources /Users/johnsonlee/.codex/benchmarks/graphite/regex-quoted-contains-profile-before-61828229-v1/source/internal/query/engine.go:108 s=60
     6: 0x100cdb327 M=1 github.com/johnsonlee/graphite/graphite-server/internal/query.ExecuteCrossWithOptions /Users/johnsonlee/.codex/benchmarks/graphite/regex-quoted-contains-profile-before-61828229-v1/source/internal/query/engine.go:57 s=42
     7: 0x100d4a79f M=1 main.newWorker.func1 /Users/johnsonlee/.codex/benchmarks/graphite/regex-quoted-contains-profile-before-61828229-v1/source/cmd/graphite-benchmark-latency/main.go:49 s=46
     8: 0x100c9e8b3 M=1 github.com/johnsonlee/graphite/graphite-server/internal/store.(*decoder).method /Users/johnsonlee/.codex/benchmarks/graphite/regex-quoted-contains-profile-before-61828229-v1/source/internal/store/decode.go:198 s=195
     9: 0x100c9f533 M=1 github.com/johnsonlee/graphite/graphite-server/internal/store.(*decoder).node /Users/johnsonlee/.codex/benchmarks/graphite/regex-quoted-contains-profile-before-61828229-v1/source/internal/store/decode.go:314 s=279
    10: 0x100cabf6b M=1 github.com/johnsonlee/graphite/graphite-server/internal/store.(*Store).ProjectionCandidateNode /Users/johnsonlee/.codex/benchmarks/graphite/regex-quoted-contains-profile-before-61828229-v1/source/internal/store/projection_node.go:89 s=13
    11: 0x100d0a1db M=1 github.com/johnsonlee/graphite/graphite-server/internal/query.evaluator.lazyGenericNodes.func1 /Users/johnsonlee/.codex/benchmarks/graphite/regex-quoted-contains-profile-before-61828229-v1/source/internal/query/lazy_filtered.go:310 s=302
    12: 0x100d07def M=1 github.com/johnsonlee/graphite/graphite-server/internal/query.evaluator.lazyFiltered /Users/johnsonlee/.codex/benchmarks/graphite/regex-quoted-contains-profile-before-61828229-v1/source/internal/query/lazy_filtered.go:150 s=113
    13: 0x100c9f34f M=1 github.com/johnsonlee/graphite/graphite-server/internal/store.(*decoder).node /Users/johnsonlee/.codex/benchmarks/graphite/regex-quoted-contains-profile-before-61828229-v1/source/internal/store/decode.go:291 s=279
    14: 0x100cd0f1f M=1 github.com/johnsonlee/graphite/graphite-server/internal/javaregex.decodeJavaString /Users/johnsonlee/.codex/benchmarks/graphite/regex-quoted-contains-profile-before-61828229-v1/source/internal/javaregex/regex.go:139 s=138
    15: 0x100cd0d43 M=1 github.com/johnsonlee/graphite/graphite-server/internal/javaregex.(*Pattern).MatchesContext /Users/johnsonlee/.codex/benchmarks/graphite/regex-quoted-contains-profile-before-61828229-v1/source/internal/javaregex/regex.go:102 s=98
    16: 0x100d2728f M=1 github.com/johnsonlee/graphite/graphite-server/internal/query.evaluator.regexMatch /Users/johnsonlee/.codex/benchmarks/graphite/regex-quoted-contains-profile-before-61828229-v1/source/internal/query/regex.go:166 s=125
    17: 0x100ce4783 M=1 github.com/johnsonlee/graphite/graphite-server/internal/query.evaluator.binary /Users/johnsonlee/.codex/benchmarks/graphite/regex-quoted-contains-profile-before-61828229-v1/source/internal/query/eval.go:357 s=347
    18: 0x100ce299b M=1 github.com/johnsonlee/graphite/graphite-server/internal/query.evaluator.eval /Users/johnsonlee/.codex/benchmarks/graphite/regex-quoted-contains-profile-before-61828229-v1/source/internal/query/eval.go:162 s=82
    19: 0x100ce4807 M=1 github.com/johnsonlee/graphite/graphite-server/internal/query.evaluator.binary /Users/johnsonlee/.codex/benchmarks/graphite/regex-quoted-contains-profile-before-61828229-v1/source/internal/query/eval.go:359 s=347
    20: 0x100d0812b M=1 github.com/johnsonlee/graphite/graphite-server/internal/query.evaluator.lazyFiltered /Users/johnsonlee/.codex/benchmarks/graphite/regex-quoted-contains-profile-before-61828229-v1/source/internal/query/lazy_filtered.go:165 s=113
    21: 0x100c9f6ab M=1 github.com/johnsonlee/graphite/graphite-server/internal/store.(*decoder).node /Users/johnsonlee/.codex/benchmarks/graphite/regex-quoted-contains-profile-before-61828229-v1/source/internal/store/decode.go:325 s=279
    22: 0x100c9e01b M=1 github.com/johnsonlee/graphite/graphite-server/internal/store.(*decoder).bytes /Users/johnsonlee/.codex/benchmarks/graphite/regex-quoted-contains-profile-before-61828229-v1/source/internal/store/decode.go:95 s=87
    23: 0x100c9e23f M=1 github.com/johnsonlee/graphite/graphite-server/internal/store.(*decoder).scalarBytes /Users/johnsonlee/.codex/benchmarks/graphite/regex-quoted-contains-profile-before-61828229-v1/source/internal/store/decode.go:109 s=107
    24: 0x100c9e503 M=1 github.com/johnsonlee/graphite/graphite-server/internal/store.(*decoder).u8 /Users/johnsonlee/.codex/benchmarks/graphite/regex-quoted-contains-profile-before-61828229-v1/source/internal/store/decode.go:124 s=123
             github.com/johnsonlee/graphite/graphite-server/internal/store.(*decoder).optionalString /Users/johnsonlee/.codex/benchmarks/graphite/regex-quoted-contains-profile-before-61828229-v1/source/internal/store/decode.go:171 s=170
    25: 0x100c9f70f M=1 github.com/johnsonlee/graphite/graphite-server/internal/store.(*decoder).node /Users/johnsonlee/.codex/benchmarks/graphite/regex-quoted-contains-profile-before-61828229-v1/source/internal/store/decode.go:326 s=279
    26: 0x100c9e3d3 M=1 github.com/johnsonlee/graphite/graphite-server/internal/store.(*decoder).i32 /Users/johnsonlee/.codex/benchmarks/graphite/regex-quoted-contains-profile-before-61828229-v1/source/internal/store/decode.go:138 s=137
             github.com/johnsonlee/graphite/graphite-server/internal/store.(*decoder).str /Users/johnsonlee/.codex/benchmarks/graphite/regex-quoted-contains-profile-before-61828229-v1/source/internal/store/decode.go:160 s=159
    27: 0x100c9e8eb M=1 github.com/johnsonlee/graphite/graphite-server/internal/store.(*decoder).method /Users/johnsonlee/.codex/benchmarks/graphite/regex-quoted-contains-profile-before-61828229-v1/source/internal/store/decode.go:200 s=195
    28: 0x100c9f5ab M=1 github.com/johnsonlee/graphite/graphite-server/internal/store.(*decoder).node /Users/johnsonlee/.codex/benchmarks/graphite/regex-quoted-contains-profile-before-61828229-v1/source/internal/store/decode.go:317 s=279
    29: 0x100c9e867 M=1 github.com/johnsonlee/graphite/graphite-server/internal/store.(*decoder).method /Users/johnsonlee/.codex/benchmarks/graphite/regex-quoted-contains-profile-before-61828229-v1/source/internal/store/decode.go:196 s=195
    30: 0x100c9e933 M=1 github.com/johnsonlee/graphite/graphite-server/internal/store.(*decoder).method /Users/johnsonlee/.codex/benchmarks/graphite/regex-quoted-contains-profile-before-61828229-v1/source/internal/store/decode.go:202 s=195
    31: 0x100c9f643 M=1 github.com/johnsonlee/graphite/graphite-server/internal/store.(*decoder).node /Users/johnsonlee/.codex/benchmarks/graphite/regex-quoted-contains-profile-before-61828229-v1/source/internal/store/decode.go:323 s=279
    32: 0x100cac55b M=1 github.com/johnsonlee/graphite/graphite-server/internal/store.(*Store).ProjectionCandidateNode.func4 /Users/johnsonlee/.codex/benchmarks/graphite/regex-quoted-contains-profile-before-61828229-v1/source/internal/store/projection_node.go:97 s=93
    33: 0x100cabc9f M=1 github.com/johnsonlee/graphite/graphite-server/internal/store.(*Store).ProjectionCandidateNode /Users/johnsonlee/.codex/benchmarks/graphite/regex-quoted-contains-profile-before-61828229-v1/source/internal/store/projection_node.go:102 s=13
    34: 0x100c9e2a3 M=1 github.com/johnsonlee/graphite/graphite-server/internal/store.(*decoder).i32 /Users/johnsonlee/.codex/benchmarks/graphite/regex-quoted-contains-profile-before-61828229-v1/source/internal/store/decode.go:138 s=137
             github.com/johnsonlee/graphite/graphite-server/internal/store.(*decoder).count /Users/johnsonlee/.codex/benchmarks/graphite/regex-quoted-contains-profile-before-61828229-v1/source/internal/store/decode.go:152 s=151
    35: 0x100c9e89b M=1 github.com/johnsonlee/graphite/graphite-server/internal/store.(*decoder).method /Users/johnsonlee/.codex/benchmarks/graphite/regex-quoted-contains-profile-before-61828229-v1/source/internal/store/decode.go:197 s=195
    36: 0x100c9f5bb M=1 github.com/johnsonlee/graphite/graphite-server/internal/store.(*decoder).node /Users/johnsonlee/.codex/benchmarks/graphite/regex-quoted-contains-profile-before-61828229-v1/source/internal/store/decode.go:318 s=279
    37: 0x100cabd17 M=1 github.com/johnsonlee/graphite/graphite-server/internal/store.(*Store).ProjectionCandidateNode /Users/johnsonlee/.codex/benchmarks/graphite/regex-quoted-contains-profile-before-61828229-v1/source/internal/store/projection_node.go:103 s=13
    38: 0x100c9f633 M=1 github.com/johnsonlee/graphite/graphite-server/internal/store.(*decoder).node /Users/johnsonlee/.codex/benchmarks/graphite/regex-quoted-contains-profile-before-61828229-v1/source/internal/store/decode.go:322 s=279
    39: 0x100ce49fb M=1 github.com/johnsonlee/graphite/graphite-server/internal/query.evaluator.binary /Users/johnsonlee/.codex/benchmarks/graphite/regex-quoted-contains-profile-before-61828229-v1/source/internal/query/eval.go:366 s=347
    40: 0x100c9e857 M=1 github.com/johnsonlee/graphite/graphite-server/internal/store.(*decoder).method /Users/johnsonlee/.codex/benchmarks/graphite/regex-quoted-contains-profile-before-61828229-v1/source/internal/store/decode.go:196 s=195
    41: 0x100cabd8f M=1 github.com/johnsonlee/graphite/graphite-server/internal/store.(*Store).ProjectionCandidateNode /Users/johnsonlee/.codex/benchmarks/graphite/regex-quoted-contains-profile-before-61828229-v1/source/internal/store/projection_node.go:104 s=13
    42: 0x100c9f607 M=1 github.com/johnsonlee/graphite/graphite-server/internal/store.(*decoder).i32 /Users/johnsonlee/.codex/benchmarks/graphite/regex-quoted-contains-profile-before-61828229-v1/source/internal/store/decode.go:138 s=137
             github.com/johnsonlee/graphite/graphite-server/internal/store.(*decoder).node /Users/johnsonlee/.codex/benchmarks/graphite/regex-quoted-contains-profile-before-61828229-v1/source/internal/store/decode.go:321 s=279
    43: 0x100c9f59b M=1 github.com/johnsonlee/graphite/graphite-server/internal/store.(*decoder).node /Users/johnsonlee/.codex/benchmarks/graphite/regex-quoted-contains-profile-before-61828229-v1/source/internal/store/decode.go:316 s=279
    44: 0x100c9f5cf M=1 github.com/johnsonlee/graphite/graphite-server/internal/store.(*decoder).u8 /Users/johnsonlee/.codex/benchmarks/graphite/regex-quoted-contains-profile-before-61828229-v1/source/internal/store/decode.go:124 s=123
             github.com/johnsonlee/graphite/graphite-server/internal/store.(*decoder).node /Users/johnsonlee/.codex/benchmarks/graphite/regex-quoted-contains-profile-before-61828229-v1/source/internal/store/decode.go:319 s=279
    45: 0x100c9f36b M=1 github.com/johnsonlee/graphite/graphite-server/internal/store.(*decoder).node /Users/johnsonlee/.codex/benchmarks/graphite/regex-quoted-contains-profile-before-61828229-v1/source/internal/store/decode.go:293 s=279
    46: 0x100c9f36f M=1 github.com/johnsonlee/graphite/graphite-server/internal/store.(*decoder).node /Users/johnsonlee/.codex/benchmarks/graphite/regex-quoted-contains-profile-before-61828229-v1/source/internal/store/decode.go:293 s=279
    47: 0x100cabde3 M=1 github.com/johnsonlee/graphite/graphite-server/internal/store.(*Store).ProjectionCandidateNode /Users/johnsonlee/.codex/benchmarks/graphite/regex-quoted-contains-profile-before-61828229-v1/source/internal/store/projection_node.go:108 s=13
    48: 0x100cca057 M=1 github.com/johnsonlee/graphite/graphite-server/internal/javaregex.(*matcher).match /Users/johnsonlee/.codex/benchmarks/graphite/regex-quoted-contains-profile-before-61828229-v1/source/internal/javaregex/match.go:27 s=27
    49: 0x100ccb1cb M=1 github.com/johnsonlee/graphite/graphite-server/internal/javaregex.(*matcher).sequence /Users/johnsonlee/.codex/benchmarks/graphite/regex-quoted-contains-profile-before-61828229-v1/source/internal/javaregex/match.go:171 s=167
    50: 0x100cca45b M=1 github.com/johnsonlee/graphite/graphite-server/internal/javaregex.(*matcher).match /Users/johnsonlee/.codex/benchmarks/graphite/regex-quoted-contains-profile-before-61828229-v1/source/internal/javaregex/match.go:35 s=27
    51: 0x100cd0def M=1 github.com/johnsonlee/graphite/graphite-server/internal/javaregex.(*Pattern).MatchesContext /Users/johnsonlee/.codex/benchmarks/graphite/regex-quoted-contains-profile-before-61828229-v1/source/internal/javaregex/regex.go:108 s=98
    52: 0x100c9f513 M=1 github.com/johnsonlee/graphite/graphite-server/internal/store.(*decoder).node /Users/johnsonlee/.codex/benchmarks/graphite/regex-quoted-contains-profile-before-61828229-v1/source/internal/store/decode.go:312 s=279
    53: 0x100d24ef7 M=1 github.com/johnsonlee/graphite/graphite-server/internal/query.NodeProperty /Users/johnsonlee/.codex/benchmarks/graphite/regex-quoted-contains-profile-before-61828229-v1/source/internal/query/properties.go:24 s=9
    54: 0x100cd77e7 M=1 github.com/johnsonlee/graphite/graphite-server/internal/query.(*candidateSlot).property /Users/johnsonlee/.codex/benchmarks/graphite/regex-quoted-contains-profile-before-61828229-v1/source/internal/query/candidate.go:58 s=46
    55: 0x100ce1f7f M=1 github.com/johnsonlee/graphite/graphite-server/internal/query.evaluator.eval /Users/johnsonlee/.codex/benchmarks/graphite/regex-quoted-contains-profile-before-61828229-v1/source/internal/query/eval.go:97 s=82
    56: 0x100ce46cb M=1 github.com/johnsonlee/graphite/graphite-server/internal/query.evaluator.binary /Users/johnsonlee/.codex/benchmarks/graphite/regex-quoted-contains-profile-before-61828229-v1/source/internal/query/eval.go:349 s=347
    57: 0x100c9f523 M=1 github.com/johnsonlee/graphite/graphite-server/internal/store.(*decoder).node /Users/johnsonlee/.codex/benchmarks/graphite/regex-quoted-contains-profile-before-61828229-v1/source/internal/store/decode.go:313 s=279
    58: 0x100cac2db M=1 github.com/johnsonlee/graphite/graphite-server/internal/store.(*Store).ProjectionCandidateNode /Users/johnsonlee/.codex/benchmarks/graphite/regex-quoted-contains-profile-before-61828229-v1/source/internal/store/projection_node.go:115 s=13
    59: 0x100cd0db3 M=1 github.com/johnsonlee/graphite/graphite-server/internal/javaregex.(*Pattern).MatchesContext /Users/johnsonlee/.codex/benchmarks/graphite/regex-quoted-contains-profile-before-61828229-v1/source/internal/javaregex/regex.go:107 s=98
    60: 0x100c9f277 M=1 github.com/johnsonlee/graphite/graphite-server/internal/store.(*decoder).i32 /Users/johnsonlee/.codex/benchmarks/graphite/regex-quoted-contains-profile-before-61828229-v1/source/internal/store/decode.go:138 s=137
             github.com/johnsonlee/graphite/graphite-server/internal/store.(*decoder).node /Users/johnsonlee/.codex/benchmarks/graphite/regex-quoted-contains-profile-before-61828229-v1/source/internal/store/decode.go:280 s=279
    61: 0x100c9f2c3 M=1 github.com/johnsonlee/graphite/graphite-server/internal/store.(*decoder).u8 /Users/johnsonlee/.codex/benchmarks/graphite/regex-quoted-contains-profile-before-61828229-v1/source/internal/store/decode.go:124 s=123
             github.com/johnsonlee/graphite/graphite-server/internal/store.(*decoder).node /Users/johnsonlee/.codex/benchmarks/graphite/regex-quoted-contains-profile-before-61828229-v1/source/internal/store/decode.go:281 s=279
    62: 0x100d24ea7 M=1 github.com/johnsonlee/graphite/graphite-server/internal/query.NodeProperty /Users/johnsonlee/.codex/benchmarks/graphite/regex-quoted-contains-profile-before-61828229-v1/source/internal/query/properties.go:18 s=9
    63: 0x100cabebf M=1 bytes.NewReader /opt/homebrew/Cellar/go/1.22.0/libexec/src/bytes/reader.go:159 s=159
             github.com/johnsonlee/graphite/graphite-server/internal/store.(*Store).ProjectionCandidateNode /Users/johnsonlee/.codex/benchmarks/graphite/regex-quoted-contains-profile-before-61828229-v1/source/internal/store/projection_node.go:87 s=13
    64: 0x100ccb2cb M=1 github.com/johnsonlee/graphite/graphite-server/internal/javaregex.(*matcher).sequence.func1 /Users/johnsonlee/.codex/benchmarks/graphite/regex-quoted-contains-profile-before-61828229-v1/source/internal/javaregex/match.go:171 s=171
    65: 0x100ccbd23 M=1 github.com/johnsonlee/graphite/graphite-server/internal/javaregex.(*matcher).simpleRepeat /Users/johnsonlee/.codex/benchmarks/graphite/regex-quoted-contains-profile-before-61828229-v1/source/internal/javaregex/match.go:274 s=231
    66: 0x100cca34b M=1 github.com/johnsonlee/graphite/graphite-server/internal/javaregex.(*matcher).match /Users/johnsonlee/.codex/benchmarks/graphite/regex-quoted-contains-profile-before-61828229-v1/source/internal/javaregex/match.go:119 s=27
    67: 0x100bc4c8f M=1 runtime/pprof.StartCPUProfile /opt/homebrew/Cellar/go/1.22.0/libexec/src/runtime/pprof/pprof.go:833 s=811
    68: 0x100d4946f M=1 main.(*replay).profileMeasure /Users/johnsonlee/.codex/benchmarks/graphite/regex-quoted-contains-profile-before-61828229-v1/source/cmd/graphite-benchmark-latency/diagnostic_profile.go:47 s=30
    69: 0x100d4ba57 M=1 main.(*replay).run /Users/johnsonlee/.codex/benchmarks/graphite/regex-quoted-contains-profile-before-61828229-v1/source/cmd/graphite-benchmark-latency/main.go:184 s=172
    70: 0x100d4d0ab M=1 main.run /Users/johnsonlee/.codex/benchmarks/graphite/regex-quoted-contains-profile-before-61828229-v1/source/cmd/graphite-benchmark-latency/main.go:360 s=233
    71: 0x100d4e3ab M=1 main.main /Users/johnsonlee/.codex/benchmarks/graphite/regex-quoted-contains-profile-before-61828229-v1/source/cmd/graphite-benchmark-latency/main.go:398 s=397
    72: 0x100b0e10b M=1 runtime.main /opt/homebrew/Cellar/go/1.22.0/libexec/src/runtime/proc.go:271 s=146
    73: 0x100bc79ff M=1 runtime/pprof.allFrames /opt/homebrew/Cellar/go/1.22.0/libexec/src/runtime/pprof/proto.go:232 s=209
    74: 0x100bc8bc3 M=1 runtime/pprof.(*profileBuilder).appendLocsForStack /opt/homebrew/Cellar/go/1.22.0/libexec/src/runtime/pprof/proto.go:447 s=403
    75: 0x100bccae7 M=1 runtime/pprof.writeHeapProto /opt/homebrew/Cellar/go/1.22.0/libexec/src/runtime/pprof/protomem.go:46 s=15
    76: 0x100bc3747 M=1 runtime/pprof.writeHeapInternal /opt/homebrew/Cellar/go/1.22.0/libexec/src/runtime/pprof/pprof.go:612 s=581
    77: 0x100bc345b M=1 runtime/pprof.writeHeap /opt/homebrew/Cellar/go/1.22.0/libexec/src/runtime/pprof/pprof.go:572 s=571
    78: 0x100bc1b87 M=1 runtime/pprof.(*Profile).WriteTo /opt/homebrew/Cellar/go/1.22.0/libexec/src/runtime/pprof/pprof.go:369 s=364
    79: 0x100d48ec3 M=1 main.saveDiagnosticProfile /Users/johnsonlee/.codex/benchmarks/graphite/regex-quoted-contains-profile-before-61828229-v1/source/cmd/graphite-benchmark-latency/diagnostic_profile.go:23 s=18
    80: 0x100d4937f M=1 main.(*replay).profileMeasure /Users/johnsonlee/.codex/benchmarks/graphite/regex-quoted-contains-profile-before-61828229-v1/source/cmd/graphite-benchmark-latency/diagnostic_profile.go:39 s=30
    81: 0x100bc944b M=1 runtime/pprof.(*profileBuilder).emitLocation /opt/homebrew/Cellar/go/1.22.0/libexec/src/runtime/pprof/proto.go:606 s=582
    82: 0x100bc8af7 M=1 runtime/pprof.(*profileBuilder).appendLocsForStack /opt/homebrew/Cellar/go/1.22.0/libexec/src/runtime/pprof/proto.go:431 s=403
    83: 0x100bc9507 M=1 runtime/pprof.(*profileBuilder).emitLocation /opt/homebrew/Cellar/go/1.22.0/libexec/src/runtime/pprof/proto.go:602 s=582
    84: 0x100bc8cc7 M=1 runtime/pprof.(*profileBuilder).appendLocsForStack /opt/homebrew/Cellar/go/1.22.0/libexec/src/runtime/pprof/proto.go:463 s=403
    85: 0x100bc9df3 M=1 runtime/pprof.(*profileBuilder).stringIndex /opt/homebrew/Cellar/go/1.22.0/libexec/src/runtime/pprof/proto.go:138 s=133
             runtime/pprof.(*profileBuilder).emitLocation /opt/homebrew/Cellar/go/1.22.0/libexec/src/runtime/pprof/proto.go:644 s=582
    86: 0x100bc7884 M=1 runtime/pprof.allFrames /opt/homebrew/Cellar/go/1.22.0/libexec/src/runtime/pprof/proto.go:214 s=209
    87: 0x100bcc987 M=1 runtime/pprof.writeHeapProto /opt/homebrew/Cellar/go/1.22.0/libexec/src/runtime/pprof/protomem.go:29 s=15
    88: 0x100bb734f M=1 compress/flate.newDeflateFast /opt/homebrew/Cellar/go/1.22.0/libexec/src/compress/flate/deflatefast.go:64 s=63
             compress/flate.(*compressor).init /opt/homebrew/Cellar/go/1.22.0/libexec/src/compress/flate/deflate.go:585 s=568
    89: 0x100bc0c07 M=1 compress/flate.NewWriter /opt/homebrew/Cellar/go/1.22.0/libexec/src/compress/flate/deflate.go:667 s=665
             compress/gzip.(*Writer).Write /opt/homebrew/Cellar/go/1.22.0/libexec/src/compress/gzip/gzip.go:191 s=139
    90: 0x100bc5a23 M=1 runtime/pprof.(*profileBuilder).flush /opt/homebrew/Cellar/go/1.22.0/libexec/src/runtime/pprof/proto.go:146 s=143
    91: 0x100bc6013 M=1 runtime/pprof.(*profileBuilder).pbSample /opt/homebrew/Cellar/go/1.22.0/libexec/src/runtime/pprof/proto.go:168 s=160
    92: 0x100bcc927 M=1 runtime/pprof.writeHeapProto /opt/homebrew/Cellar/go/1.22.0/libexec/src/runtime/pprof/protomem.go:59 s=15
    93: 0x100bc0bf3 M=1 compress/flate.NewWriter /opt/homebrew/Cellar/go/1.22.0/libexec/src/compress/flate/deflate.go:666 s=665
             compress/gzip.(*Writer).Write /opt/homebrew/Cellar/go/1.22.0/libexec/src/compress/gzip/gzip.go:191 s=139
    94: 0x100bc358f M=1 runtime/pprof.writeHeapInternal /opt/homebrew/Cellar/go/1.22.0/libexec/src/runtime/pprof/pprof.go:602 s=581
    95: 0x100bc34bf M=1 runtime/pprof.writeAlloc /opt/homebrew/Cellar/go/1.22.0/libexec/src/runtime/pprof/pprof.go:578 s=577
    96: 0x100bb73cb M=1 compress/flate.(*compressor).init /opt/homebrew/Cellar/go/1.22.0/libexec/src/compress/flate/deflate.go:586 s=568
    97: 0x100d434f3 M=1 strings.(*Builder).WriteString /opt/homebrew/Cellar/go/1.22.0/libexec/src/strings/builder.go:116 s=114
             github.com/johnsonlee/graphite/graphite-server/internal/benchmarkcase.sequence /Users/johnsonlee/.codex/benchmarks/graphite/regex-quoted-contains-profile-before-61828229-v1/source/internal/benchmarkcase/canonical.go:48 s=44
    98: 0x100d42f0f M=1 github.com/johnsonlee/graphite/graphite-server/internal/benchmarkcase.CanonicalResult /Users/johnsonlee/.codex/benchmarks/graphite/regex-quoted-contains-profile-before-61828229-v1/source/internal/benchmarkcase/canonical.go:38 s=16
    99: 0x100d4bceb M=1 main.(*replay).run /Users/johnsonlee/.codex/benchmarks/graphite/regex-quoted-contains-profile-before-61828229-v1/source/cmd/graphite-benchmark-latency/main.go:209 s=172
   100: 0x100d22a9f M=1 github.com/johnsonlee/graphite/graphite-server/internal/query.evaluator.ordinaryBindResult /Users/johnsonlee/.codex/benchmarks/graphite/regex-quoted-contains-profile-before-61828229-v1/source/internal/query/ordinary_projection.go:233 s=231
   101: 0x100d221d7 M=1 github.com/johnsonlee/graphite/graphite-server/internal/query.evaluator.ordinaryProjection /Users/johnsonlee/.codex/benchmarks/graphite/regex-quoted-contains-profile-before-61828229-v1/source/internal/query/ordinary_projection.go:229 s=78
   102: 0x100cdc973 M=1 github.com/johnsonlee/graphite/graphite-server/internal/query.evaluator.branch /Users/johnsonlee/.codex/benchmarks/graphite/regex-quoted-contains-profile-before-61828229-v1/source/internal/query/engine.go:184 s=173
   103: 0x100d132ef M=1 github.com/johnsonlee/graphite/graphite-server/internal/query.evaluator.mainIndexNodeIDs /Users/johnsonlee/.codex/benchmarks/graphite/regex-quoted-contains-profile-before-61828229-v1/source/internal/query/main_string_postings.go:48 s=11
   104: 0x100d14653 M=1 github.com/johnsonlee/graphite/graphite-server/internal/query.evaluator.mainCandidateIterator /Users/johnsonlee/.codex/benchmarks/graphite/regex-quoted-contains-profile-before-61828229-v1/source/internal/query/main_string_source.go:102 s=27
   105: 0x100d2400f M=1 github.com/johnsonlee/graphite/graphite-server/internal/query.evaluator.ordinaryCandidateIterator /Users/johnsonlee/.codex/benchmarks/graphite/regex-quoted-contains-profile-before-61828229-v1/source/internal/query/ordinary_projection.go:334 s=332
   106: 0x100d23757 M=1 github.com/johnsonlee/graphite/graphite-server/internal/query.evaluator.ordinarySourceRows /Users/johnsonlee/.codex/benchmarks/graphite/regex-quoted-contains-profile-before-61828229-v1/source/internal/query/ordinary_projection.go:295 s=293
   107: 0x100d229a7 M=1 github.com/johnsonlee/graphite/graphite-server/internal/query.evaluator.ordinaryProjection.func1 /Users/johnsonlee/.codex/benchmarks/graphite/regex-quoted-contains-profile-before-61828229-v1/source/internal/query/ordinary_projection.go:203 s=197
   108: 0x100d3f21b M=1 github.com/johnsonlee/graphite/graphite-server/internal/query.runDistinctTasks[go.shape.[]map[string]interface {}].func1.1 /Users/johnsonlee/.codex/benchmarks/graphite/regex-quoted-contains-profile-before-61828229-v1/source/internal/query/indexed_distinct.go:232 s=229
   109: 0x100cd8df7 M=1 github.com/johnsonlee/graphite/graphite-server/internal/query.addProvenance /Users/johnsonlee/.codex/benchmarks/graphite/regex-quoted-contains-profile-before-61828229-v1/source/internal/query/cross.go:83 s=67
   110: 0x100d2396f M=1 github.com/johnsonlee/graphite/graphite-server/internal/query.evaluator.ordinarySourceRows /Users/johnsonlee/.codex/benchmarks/graphite/regex-quoted-contains-profile-before-61828229-v1/source/internal/query/ordinary_projection.go:304 s=293
   111: 0x100d21eeb M=1 github.com/johnsonlee/graphite/graphite-server/internal/query.evaluator.ordinaryProjection /Users/johnsonlee/.codex/benchmarks/graphite/regex-quoted-contains-profile-before-61828229-v1/source/internal/query/ordinary_projection.go:193 s=78
   112: 0x100d2a5f3 M=1 github.com/johnsonlee/graphite/graphite-server/internal/query.evaluator.cloneRow /Users/johnsonlee/.codex/benchmarks/graphite/regex-quoted-contains-profile-before-61828229-v1/source/internal/query/row_order.go:104 s=101
   113: 0x100cdfe6f M=1 github.com/johnsonlee/graphite/graphite-server/internal/query.evaluator.project.func1 /Users/johnsonlee/.codex/benchmarks/graphite/regex-quoted-contains-profile-before-61828229-v1/source/internal/query/engine.go:341 s=339
   114: 0x100cdf713 M=1 github.com/johnsonlee/graphite/graphite-server/internal/query.evaluator.project /Users/johnsonlee/.codex/benchmarks/graphite/regex-quoted-contains-profile-before-61828229-v1/source/internal/query/engine.go:421 s=311
   115: 0x100d23a37 M=1 github.com/johnsonlee/graphite/graphite-server/internal/query.evaluator.ordinarySourceRows /Users/johnsonlee/.codex/benchmarks/graphite/regex-quoted-contains-profile-before-61828229-v1/source/internal/query/ordinary_projection.go:327 s=293
   116: 0x100d1c5cb M=1 github.com/johnsonlee/graphite/graphite-server/internal/query.evaluator.stringIndexMatches /Users/johnsonlee/.codex/benchmarks/graphite/regex-quoted-contains-profile-before-61828229-v1/source/internal/query/ordinary_cache.go:103 s=44
   117: 0x100d12f0b M=1 github.com/johnsonlee/graphite/graphite-server/internal/query.evaluator.mainIndexNodeIDs /Users/johnsonlee/.codex/benchmarks/graphite/regex-quoted-contains-profile-before-61828229-v1/source/internal/query/main_string_postings.go:39 s=11
   118: 0x100d1d843 M=1 github.com/johnsonlee/graphite/graphite-server/internal/query.evaluator.ordinaryLeadingRows /Users/johnsonlee/.codex/benchmarks/graphite/regex-quoted-contains-profile-before-61828229-v1/source/internal/query/ordinary_leading.go:70 s=24
   119: 0x100d21c77 M=1 github.com/johnsonlee/graphite/graphite-server/internal/query.evaluator.ordinaryProjection /Users/johnsonlee/.codex/benchmarks/graphite/regex-quoted-contains-profile-before-61828229-v1/source/internal/query/ordinary_projection.go:169 s=78
   120: 0x100d1e46b M=1 github.com/johnsonlee/graphite/graphite-server/internal/query.evaluator.ordinaryRawRow /Users/johnsonlee/.codex/benchmarks/graphite/regex-quoted-contains-profile-before-61828229-v1/source/internal/query/ordinary_leading.go:129 s=118
   121: 0x100d1e0ef M=1 github.com/johnsonlee/graphite/graphite-server/internal/query.evaluator.ordinaryLeadingRows /Users/johnsonlee/.codex/benchmarks/graphite/regex-quoted-contains-profile-before-61828229-v1/source/internal/query/ordinary_leading.go:103 s=24
   122: 0x100ca7aa3 M=1 github.com/johnsonlee/graphite/graphite-server/internal/store.(*DistinctStringIndex).MainMappedProjectionRange /Users/johnsonlee/.codex/benchmarks/graphite/regex-quoted-contains-profile-before-61828229-v1/source/internal/store/main_posting_range.go:61 s=18
   123: 0x100d125cb M=1 github.com/johnsonlee/graphite/graphite-server/internal/query.evaluator.mainSelectedMappedIDs /Users/johnsonlee/.codex/benchmarks/graphite/regex-quoted-contains-profile-before-61828229-v1/source/internal/query/main_string_mapped.go:56 s=38
   124: 0x100d1deb3 M=1 github.com/johnsonlee/graphite/graphite-server/internal/query.evaluator.ordinaryLeadingRows /Users/johnsonlee/.codex/benchmarks/graphite/regex-quoted-contains-profile-before-61828229-v1/source/internal/query/ordinary_leading.go:90 s=24
   125: 0x100d1ea6f M=1 github.com/johnsonlee/graphite/graphite-server/internal/query.evaluator.mainExactMatches /Users/johnsonlee/.codex/benchmarks/graphite/regex-quoted-contains-profile-before-61828229-v1/source/internal/query/ordinary_parallel.go:57 s=13
   126: 0x100d204e7 M=1 github.com/johnsonlee/graphite/graphite-server/internal/query.evaluator.ordinaryExactMatches /Users/johnsonlee/.codex/benchmarks/graphite/regex-quoted-contains-profile-before-61828229-v1/source/internal/query/ordinary_parallel.go:249 s=247
   127: 0x100d1ddb7 M=1 github.com/johnsonlee/graphite/graphite-server/internal/query.evaluator.ordinaryLeadingRows /Users/johnsonlee/.codex/benchmarks/graphite/regex-quoted-contains-profile-before-61828229-v1/source/internal/query/ordinary_leading.go:87 s=24
   128: 0x100d1c3ff M=1 github.com/johnsonlee/graphite/graphite-server/internal/query.evaluator.stringIndexMatches /Users/johnsonlee/.codex/benchmarks/graphite/regex-quoted-contains-profile-before-61828229-v1/source/internal/query/ordinary_cache.go:87 s=44
   129: 0x100d3e713 M=1 github.com/johnsonlee/graphite/graphite-server/internal/query.key /Users/johnsonlee/.codex/benchmarks/graphite/regex-quoted-contains-profile-before-61828229-v1/source/internal/query/values.go:441 s=402
   130: 0x100d3e693 M=1 github.com/johnsonlee/graphite/graphite-server/internal/query.key /Users/johnsonlee/.codex/benchmarks/graphite/regex-quoted-contains-profile-before-61828229-v1/source/internal/query/values.go:440 s=402
   131: 0x100d1bcd3 M=1 github.com/johnsonlee/graphite/graphite-server/internal/query.mainNodeKey /Users/johnsonlee/.codex/benchmarks/graphite/regex-quoted-contains-profile-before-61828229-v1/source/internal/query/ordinary_cache.go:25 s=20
   132: 0x100d12cf7 M=1 github.com/johnsonlee/graphite/graphite-server/internal/query.evaluator.mainIndexNodeIDs /Users/johnsonlee/.codex/benchmarks/graphite/regex-quoted-contains-profile-before-61828229-v1/source/internal/query/main_string_postings.go:16 s=11
   133: 0x100cfcb9f M=1 github.com/johnsonlee/graphite/graphite-server/internal/store.(*Store).NodesOfKind /Users/johnsonlee/.codex/benchmarks/graphite/regex-quoted-contains-profile-before-61828229-v1/source/internal/store/store.go:285 s=285
             github.com/johnsonlee/graphite/graphite-server/internal/query.evaluator.distinctGenericRows /Users/johnsonlee/.codex/benchmarks/graphite/regex-quoted-contains-profile-before-61828229-v1/source/internal/query/indexed_distinct.go:478 s=462
   134: 0x100cfdfcb M=1 github.com/johnsonlee/graphite/graphite-server/internal/query.evaluator.distinctSourceHits /Users/johnsonlee/.codex/benchmarks/graphite/regex-quoted-contains-profile-before-61828229-v1/source/internal/query/indexed_distinct.go:669 s=527
   135: 0x100cfa273 M=1 github.com/johnsonlee/graphite/graphite-server/internal/query.evaluator.indexedDistinct.func4 /Users/johnsonlee/.codex/benchmarks/graphite/regex-quoted-contains-profile-before-61828229-v1/source/internal/query/indexed_distinct.go:171 s=167
   136: 0x100d3fd33 M=1 github.com/johnsonlee/graphite/graphite-server/internal/query.runDistinctTasks[go.shape.map[string]bool].func1.1 /Users/johnsonlee/.codex/benchmarks/graphite/regex-quoted-contains-profile-before-61828229-v1/source/internal/query/indexed_distinct.go:232 s=229
   137: 0x100cfd9b7 M=1 github.com/johnsonlee/graphite/graphite-server/internal/query.evaluator.distinctGenericRows /Users/johnsonlee/.codex/benchmarks/graphite/regex-quoted-contains-profile-before-61828229-v1/source/internal/query/indexed_distinct.go:481 s=462
   138: 0x100cfed4f M=1 github.com/johnsonlee/graphite/graphite-server/internal/query.evaluator.distinctRawRange /Users/johnsonlee/.codex/benchmarks/graphite/regex-quoted-contains-profile-before-61828229-v1/source/internal/query/indexed_distinct.go:721 s=678
   139: 0x100d00ed7 M=1 github.com/johnsonlee/graphite/graphite-server/internal/query.evaluator.distinctRawRows.func1 /Users/johnsonlee/.codex/benchmarks/graphite/regex-quoted-contains-profile-before-61828229-v1/source/internal/query/indexed_distinct.go:887 s=877
   140: 0x100d00d13 M=1 github.com/johnsonlee/graphite/graphite-server/internal/query.evaluator.distinctRawRows.func2 /Users/johnsonlee/.codex/benchmarks/graphite/regex-quoted-contains-profile-before-61828229-v1/source/internal/query/indexed_distinct.go:892 s=892
   141: 0x100b8dd0f M=1 fmt.Sprintf /opt/homebrew/Cellar/go/1.22.0/libexec/src/fmt/print.go:240 s=237
   142: 0x100d3e62f M=1 github.com/johnsonlee/graphite/graphite-server/internal/query.key /Users/johnsonlee/.codex/benchmarks/graphite/regex-quoted-contains-profile-before-61828229-v1/source/internal/query/values.go:453 s=402
   143: 0x100cf90bb M=1 github.com/johnsonlee/graphite/graphite-server/internal/query.distinctVisibleKey /Users/johnsonlee/.codex/benchmarks/graphite/regex-quoted-contains-profile-before-61828229-v1/source/internal/query/indexed_distinct.go:66 s=63
   144: 0x100cfce23 M=1 github.com/johnsonlee/graphite/graphite-server/internal/query.evaluator.distinctGenericRows /Users/johnsonlee/.codex/benchmarks/graphite/regex-quoted-contains-profile-before-61828229-v1/source/internal/query/indexed_distinct.go:512 s=462
   145: 0x100cfc4bf M=1 github.com/johnsonlee/graphite/graphite-server/internal/query.evaluator.distinctSourcePrefix /Users/johnsonlee/.codex/benchmarks/graphite/regex-quoted-contains-profile-before-61828229-v1/source/internal/query/indexed_distinct.go:435 s=408
   146: 0x100cf9647 M=1 github.com/johnsonlee/graphite/graphite-server/internal/query.evaluator.indexedDistinct /Users/johnsonlee/.codex/benchmarks/graphite/regex-quoted-contains-profile-before-61828229-v1/source/internal/query/indexed_distinct.go:122 s=68
   147: 0x100cdc9eb M=1 github.com/johnsonlee/graphite/graphite-server/internal/query.evaluator.branch /Users/johnsonlee/.codex/benchmarks/graphite/regex-quoted-contains-profile-before-61828229-v1/source/internal/query/engine.go:187 s=173
   148: 0x100cfcef3 M=1 github.com/johnsonlee/graphite/graphite-server/internal/query.evaluator.distinctGenericRows /Users/johnsonlee/.codex/benchmarks/graphite/regex-quoted-contains-profile-before-61828229-v1/source/internal/query/indexed_distinct.go:517 s=462
   149: 0x100d3de87 M=1 github.com/johnsonlee/graphite/graphite-server/internal/query.key /Users/johnsonlee/.codex/benchmarks/graphite/regex-quoted-contains-profile-before-61828229-v1/source/internal/query/values.go:445 s=402
   150: 0x100d3e107 M=1 strconv.quoteWith /opt/homebrew/Cellar/go/1.22.0/libexec/src/strconv/quote.go:24 s=23
             strconv.Quote /opt/homebrew/Cellar/go/1.22.0/libexec/src/strconv/quote.go:126 s=125
             github.com/johnsonlee/graphite/graphite-server/internal/query.key /Users/johnsonlee/.codex/benchmarks/graphite/regex-quoted-contains-profile-before-61828229-v1/source/internal/query/values.go:430 s=402
   151: 0x100d3e55b M=1 github.com/johnsonlee/graphite/graphite-server/internal/query.key /Users/johnsonlee/.codex/benchmarks/graphite/regex-quoted-contains-profile-before-61828229-v1/source/internal/query/values.go:452 s=402
   152: 0x100d0044f M=1 github.com/johnsonlee/graphite/graphite-server/internal/query.evaluator.distinctRawRows /Users/johnsonlee/.codex/benchmarks/graphite/regex-quoted-contains-profile-before-61828229-v1/source/internal/query/indexed_distinct.go:920 s=780
   153: 0x100cfc1eb M=1 github.com/johnsonlee/graphite/graphite-server/internal/query.evaluator.distinctSourcePrefix /Users/johnsonlee/.codex/benchmarks/graphite/regex-quoted-contains-profile-before-61828229-v1/source/internal/query/indexed_distinct.go:414 s=408
   154: 0x100d3e64f M=1 github.com/johnsonlee/graphite/graphite-server/internal/query.key /Users/johnsonlee/.codex/benchmarks/graphite/regex-quoted-contains-profile-before-61828229-v1/source/internal/query/values.go:453 s=402
   155: 0x100cfedd7 M=1 github.com/johnsonlee/graphite/graphite-server/internal/query.evaluator.distinctRawRange /Users/johnsonlee/.codex/benchmarks/graphite/regex-quoted-contains-profile-before-61828229-v1/source/internal/query/indexed_distinct.go:737 s=678
   156: 0x100d000fb M=1 github.com/johnsonlee/graphite/graphite-server/internal/query.evaluator.distinctRawRows /Users/johnsonlee/.codex/benchmarks/graphite/regex-quoted-contains-profile-before-61828229-v1/source/internal/query/indexed_distinct.go:894 s=780
   157: 0x100d3e153 M=1 github.com/johnsonlee/graphite/graphite-server/internal/query.key /Users/johnsonlee/.codex/benchmarks/graphite/regex-quoted-contains-profile-before-61828229-v1/source/internal/query/values.go:430 s=402
   158: 0x100b946fb M=1 strings.(*Builder).grow /opt/homebrew/Cellar/go/1.22.0/libexec/src/strings/builder.go:69 s=68
   159: 0x100b9480b M=1 strings.(*Builder).Grow /opt/homebrew/Cellar/go/1.22.0/libexec/src/strings/builder.go:83 s=77
   160: 0x100bce2c3 M=1 github.com/johnsonlee/graphite/graphite-server/internal/javastring.Case /Users/johnsonlee/.codex/benchmarks/graphite/regex-quoted-contains-profile-before-61828229-v1/source/internal/javastring/unicode.go:34 s=10
   161: 0x100cf8c43 M=1 github.com/johnsonlee/graphite/graphite-server/internal/query.evaluator.javaCase /Users/johnsonlee/.codex/benchmarks/graphite/regex-quoted-contains-profile-before-61828229-v1/source/internal/query/java_string.go:14 s=14
             github.com/johnsonlee/graphite/graphite-server/internal/query.evaluator.distinctAtomMatches /Users/johnsonlee/.codex/benchmarks/graphite/regex-quoted-contains-profile-before-61828229-v1/source/internal/query/indexed_distinct.go:50 s=44
   162: 0x100cfd3f7 M=1 github.com/johnsonlee/graphite/graphite-server/internal/query.evaluator.distinctGenericRows /Users/johnsonlee/.codex/benchmarks/graphite/regex-quoted-contains-profile-before-61828229-v1/source/internal/query/indexed_distinct.go:493 s=462
   163: 0x100d3e137 M=1 strconv.quoteWith /opt/homebrew/Cellar/go/1.22.0/libexec/src/strconv/quote.go:24 s=23
             strconv.Quote /opt/homebrew/Cellar/go/1.22.0/libexec/src/strconv/quote.go:126 s=125
             github.com/johnsonlee/graphite/graphite-server/internal/query.key /Users/johnsonlee/.codex/benchmarks/graphite/regex-quoted-contains-profile-before-61828229-v1/source/internal/query/values.go:430 s=402
   164: 0x100cb360b M=1 github.com/johnsonlee/graphite/graphite-server/internal/store.(*Store).Node /Users/johnsonlee/.codex/benchmarks/graphite/regex-quoted-contains-profile-before-61828229-v1/source/internal/store/store.go:306 s=286
   165: 0x100c9d0e7 M=1 github.com/johnsonlee/graphite/graphite-server/internal/store.(*Store).CandidateNode /Users/johnsonlee/.codex/benchmarks/graphite/regex-quoted-contains-profile-before-61828229-v1/source/internal/store/candidate_certificate.go:28 s=16
   166: 0x100cfcd63 M=1 github.com/johnsonlee/graphite/graphite-server/internal/query.evaluator.distinctGenericRows /Users/johnsonlee/.codex/benchmarks/graphite/regex-quoted-contains-profile-before-61828229-v1/source/internal/query/indexed_distinct.go:489 s=462
   167: 0x100d00bb7 M=1 github.com/johnsonlee/graphite/graphite-server/internal/query.evaluator.distinctRawRows /Users/johnsonlee/.codex/benchmarks/graphite/regex-quoted-contains-profile-before-61828229-v1/source/internal/query/indexed_distinct.go:806 s=780
   168: 0x100cfddf3 M=1 github.com/johnsonlee/graphite/graphite-server/internal/query.evaluator.distinctSourceHits /Users/johnsonlee/.codex/benchmarks/graphite/regex-quoted-contains-profile-before-61828229-v1/source/internal/query/indexed_distinct.go:571 s=527
   169: 0x100c99f3b M=1 github.com/johnsonlee/graphite/graphite-server/internal/store.(*CallSiteStringIndex).Directory /Users/johnsonlee/.codex/benchmarks/graphite/regex-quoted-contains-profile-before-61828229-v1/source/internal/store/callsite_index.go:345 s=336
   170: 0x100ca381b M=1 github.com/johnsonlee/graphite/graphite-server/internal/store.(*DistinctStringIndex).Directory /Users/johnsonlee/.codex/benchmarks/graphite/regex-quoted-contains-profile-before-61828229-v1/source/internal/store/distinct_projection.go:432 s=430
   171: 0x100cffbeb M=1 github.com/johnsonlee/graphite/graphite-server/internal/query.evaluator.distinctRawRows /Users/johnsonlee/.codex/benchmarks/graphite/regex-quoted-contains-profile-before-61828229-v1/source/internal/query/indexed_distinct.go:800 s=780
   172: 0x100d3fc0f M=1 github.com/johnsonlee/graphite/graphite-server/internal/query.runDistinctTasks[go.shape.map[string]bool].func1 /Users/johnsonlee/.codex/benchmarks/graphite/regex-quoted-contains-profile-before-61828229-v1/source/internal/query/indexed_distinct.go:229 s=227
   173: 0x100d418af M=1 github.com/johnsonlee/graphite/graphite-server/internal/query.runDistinctTasks[go.shape.map[string]bool] /Users/johnsonlee/.codex/benchmarks/graphite/regex-quoted-contains-profile-before-61828229-v1/source/internal/query/indexed_distinct.go:272 s=211
   174: 0x100cf9ec7 M=1 github.com/johnsonlee/graphite/graphite-server/internal/query.evaluator.indexedDistinct /Users/johnsonlee/.codex/benchmarks/graphite/regex-quoted-contains-profile-before-61828229-v1/source/internal/query/indexed_distinct.go:166 s=68
   175: 0x100cfdb6f M=1 github.com/johnsonlee/graphite/graphite-server/internal/query.evaluator.distinctSourceHits /Users/johnsonlee/.codex/benchmarks/graphite/regex-quoted-contains-profile-before-61828229-v1/source/internal/query/indexed_distinct.go:531 s=527
   176: 0x100cfc64b M=1 github.com/johnsonlee/graphite/graphite-server/internal/query.evaluator.distinctSourcePrefix /Users/johnsonlee/.codex/benchmarks/graphite/regex-quoted-contains-profile-before-61828229-v1/source/internal/query/indexed_distinct.go:440 s=408
   177: 0x100cfa45f M=1 github.com/johnsonlee/graphite/graphite-server/internal/query.evaluator.indexedDistinct.func2 /Users/johnsonlee/.codex/benchmarks/graphite/regex-quoted-contains-profile-before-61828229-v1/source/internal/query/indexed_distinct.go:129 s=125
   178: 0x100d3fa3f M=1 github.com/johnsonlee/graphite/graphite-server/internal/query.runDistinctTasks[go.shape.struct { github.com/johnsonlee/graphite/graphite-server/internal/query.rows []map[string]interface {}; github.com/johnsonlee/graphite/graphite-server/internal/query.known map[string]bool; github.com/johnsonlee/graphite/graphite-server/internal/query.index *github.com/johnsonlee/graphite/graphite-server/internal/store.DistinctStringIndex }].func1.1 /Users/johnsonlee/.codex/benchmarks/graphite/regex-quoted-contains-profile-before-61828229-v1/source/internal/query/indexed_distinct.go:232 s=229
   179: 0x100cfed17 M=1 github.com/johnsonlee/graphite/graphite-server/internal/query.evaluator.distinctRawRange /Users/johnsonlee/.codex/benchmarks/graphite/regex-quoted-contains-profile-before-61828229-v1/source/internal/query/indexed_distinct.go:713 s=678
   180: 0x100cf905b M=1 github.com/johnsonlee/graphite/graphite-server/internal/query.clone /Users/johnsonlee/.codex/benchmarks/graphite/regex-quoted-contains-profile-before-61828229-v1/source/internal/query/eval.go:72 s=69
             github.com/johnsonlee/graphite/graphite-server/internal/query.distinctVisibleKey /Users/johnsonlee/.codex/benchmarks/graphite/regex-quoted-contains-profile-before-61828229-v1/source/internal/query/indexed_distinct.go:64 s=63
   181: 0x100cfd533 M=1 github.com/johnsonlee/graphite/graphite-server/internal/query.evaluator.distinctGenericRows /Users/johnsonlee/.codex/benchmarks/graphite/regex-quoted-contains-profile-before-61828229-v1/source/internal/query/indexed_distinct.go:509 s=462
   182: 0x100d004db M=1 github.com/johnsonlee/graphite/graphite-server/internal/query.evaluator.distinctRawRows /Users/johnsonlee/.codex/benchmarks/graphite/regex-quoted-contains-profile-before-61828229-v1/source/internal/query/indexed_distinct.go:925 s=780
   183: 0x100d42f27 M=1 github.com/johnsonlee/graphite/graphite-server/internal/benchmarkcase.CanonicalResult /Users/johnsonlee/.codex/benchmarks/graphite/regex-quoted-contains-profile-before-61828229-v1/source/internal/benchmarkcase/canonical.go:38 s=16
   184: 0x100d42e5f M=1 github.com/johnsonlee/graphite/graphite-server/internal/benchmarkcase.CanonicalResult /Users/johnsonlee/.codex/benchmarks/graphite/regex-quoted-contains-profile-before-61828229-v1/source/internal/benchmarkcase/canonical.go:28 s=16
   185: 0x100cd8ca7 M=1 github.com/johnsonlee/graphite/graphite-server/internal/query.provenance /Users/johnsonlee/.codex/benchmarks/graphite/regex-quoted-contains-profile-before-61828229-v1/source/internal/query/cross.go:65 s=63
             github.com/johnsonlee/graphite/graphite-server/internal/query.addProvenance /Users/johnsonlee/.codex/benchmarks/graphite/regex-quoted-contains-profile-before-61828229-v1/source/internal/query/cross.go:68 s=67
   186: 0x100cfa137 M=1 github.com/johnsonlee/graphite/graphite-server/internal/query.evaluator.indexedDistinct.func5 /Users/johnsonlee/.codex/benchmarks/graphite/regex-quoted-contains-profile-before-61828229-v1/source/internal/query/indexed_distinct.go:175 s=172
   187: 0x100d4191b M=1 github.com/johnsonlee/graphite/graphite-server/internal/query.runDistinctTasks[go.shape.map[string]bool] /Users/johnsonlee/.codex/benchmarks/graphite/regex-quoted-contains-profile-before-61828229-v1/source/internal/query/indexed_distinct.go:279 s=211
   188: 0x100d24a87 M=1 github.com/johnsonlee/graphite/graphite-server/internal/query.NodeProperty /Users/johnsonlee/.codex/benchmarks/graphite/regex-quoted-contains-profile-before-61828229-v1/source/internal/query/properties.go:65 s=9
   189: 0x100cfd4f3 M=1 github.com/johnsonlee/graphite/graphite-server/internal/query.evaluator.distinctGenericRows /Users/johnsonlee/.codex/benchmarks/graphite/regex-quoted-contains-profile-before-61828229-v1/source/internal/query/indexed_distinct.go:507 s=462
   190: 0x100d3e597 M=1 strconv.quoteWith /opt/homebrew/Cellar/go/1.22.0/libexec/src/strconv/quote.go:24 s=23
             strconv.Quote /opt/homebrew/Cellar/go/1.22.0/libexec/src/strconv/quote.go:126 s=125
             github.com/johnsonlee/graphite/graphite-server/internal/query.key /Users/johnsonlee/.codex/benchmarks/graphite/regex-quoted-contains-profile-before-61828229-v1/source/internal/query/values.go:453 s=402
   191: 0x100cffd1f M=1 github.com/johnsonlee/graphite/graphite-server/internal/query.evaluator.distinctRawRows /Users/johnsonlee/.codex/benchmarks/graphite/regex-quoted-contains-profile-before-61828229-v1/source/internal/query/indexed_distinct.go:825 s=780
   192: 0x100cf8fe7 M=1 github.com/johnsonlee/graphite/graphite-server/internal/query.clone /Users/johnsonlee/.codex/benchmarks/graphite/regex-quoted-contains-profile-before-61828229-v1/source/internal/query/eval.go:70 s=69
             github.com/johnsonlee/graphite/graphite-server/internal/query.distinctVisibleKey /Users/johnsonlee/.codex/benchmarks/graphite/regex-quoted-contains-profile-before-61828229-v1/source/internal/query/indexed_distinct.go:64 s=63
   193: 0x100cfd35f M=1 github.com/johnsonlee/graphite/graphite-server/internal/query.evaluator.distinctGenericRows /Users/johnsonlee/.codex/benchmarks/graphite/regex-quoted-contains-profile-before-61828229-v1/source/internal/query/indexed_distinct.go:493 s=462
   194: 0x100cfce1b M=1 github.com/johnsonlee/graphite/graphite-server/internal/query.evaluator.distinctGenericRows /Users/johnsonlee/.codex/benchmarks/graphite/regex-quoted-contains-profile-before-61828229-v1/source/internal/query/indexed_distinct.go:511 s=462
   195: 0x100d24a3b M=1 github.com/johnsonlee/graphite/graphite-server/internal/query.NodeProperty /Users/johnsonlee/.codex/benchmarks/graphite/regex-quoted-contains-profile-before-61828229-v1/source/internal/query/properties.go:61 s=9
   196: 0x100cd8d87 M=1 github.com/johnsonlee/graphite/graphite-server/internal/query.addProvenance /Users/johnsonlee/.codex/benchmarks/graphite/regex-quoted-contains-profile-before-61828229-v1/source/internal/query/cross.go:78 s=67
   197: 0x100cfcdd7 M=1 github.com/johnsonlee/graphite/graphite-server/internal/query.evaluator.distinctGenericRows /Users/johnsonlee/.codex/benchmarks/graphite/regex-quoted-contains-profile-before-61828229-v1/source/internal/query/indexed_distinct.go:501 s=462
   198: 0x100d3e603 M=1 github.com/johnsonlee/graphite/graphite-server/internal/query.key /Users/johnsonlee/.codex/benchmarks/graphite/regex-quoted-contains-profile-before-61828229-v1/source/internal/query/values.go:453 s=402
   199: 0x100d253cf M=1 github.com/johnsonlee/graphite/graphite-server/internal/query.NodeProperty /Users/johnsonlee/.codex/benchmarks/graphite/regex-quoted-contains-profile-before-61828229-v1/source/internal/query/properties.go:52 s=9
   200: 0x100d00ad7 M=1 github.com/johnsonlee/graphite/graphite-server/internal/query.evaluator.distinctRawRows /Users/johnsonlee/.codex/benchmarks/graphite/regex-quoted-contains-profile-before-61828229-v1/source/internal/query/indexed_distinct.go:807 s=780
   201: 0x100b467ef M=1 internal/reflectlite.Swapper /opt/homebrew/Cellar/go/1.22.0/libexec/src/internal/reflectlite/swapper.go:68 s=17
   202: 0x100b7dca7 M=1 sort.SliceStable /opt/homebrew/Cellar/go/1.22.0/libexec/src/sort/slice.go:43 s=41
   203: 0x100cfcc4f M=1 github.com/johnsonlee/graphite/graphite-server/internal/query.evaluator.distinctGenericRows /Users/johnsonlee/.codex/benchmarks/graphite/regex-quoted-contains-profile-before-61828229-v1/source/internal/query/indexed_distinct.go:484 s=462
   204: 0x100cfdb87 M=1 github.com/johnsonlee/graphite/graphite-server/internal/query.evaluator.distinctSourceHits /Users/johnsonlee/.codex/benchmarks/graphite/regex-quoted-contains-profile-before-61828229-v1/source/internal/query/indexed_distinct.go:531 s=527
   205: 0x100d432d7 M=1 github.com/johnsonlee/graphite/graphite-server/internal/benchmarkcase.frame /Users/johnsonlee/.codex/benchmarks/graphite/regex-quoted-contains-profile-before-61828229-v1/source/internal/benchmarkcase/canonical.go:42 s=41
   206: 0x100d4352f M=1 github.com/johnsonlee/graphite/graphite-server/internal/benchmarkcase.sequence /Users/johnsonlee/.codex/benchmarks/graphite/regex-quoted-contains-profile-before-61828229-v1/source/internal/benchmarkcase/canonical.go:50 s=44
   207: 0x100d12617 M=1 github.com/johnsonlee/graphite/graphite-server/internal/query.evaluator.mainSelectedMappedIDs /Users/johnsonlee/.codex/benchmarks/graphite/regex-quoted-contains-profile-before-61828229-v1/source/internal/query/main_string_mapped.go:64 s=38
   208: 0x100cc3e0b M=1 math/big.nat.itoa /opt/homebrew/Cellar/go/1.22.0/libexec/src/math/big/natconv.go:279 s=263
   209: 0x100cc8403 M=1 math/big.(*Int).Text /opt/homebrew/Cellar/go/1.22.0/libexec/src/math/big/intconv.go:25 s=21
             math/big.(*Int).String /opt/homebrew/Cellar/go/1.22.0/libexec/src/math/big/intconv.go:40 s=39
             math/big.(*Rat).RatString /opt/homebrew/Cellar/go/1.22.0/libexec/src/math/big/ratconv.go:322 s=320
   210: 0x100d3e353 M=1 github.com/johnsonlee/graphite/graphite-server/internal/query.key /Users/johnsonlee/.codex/benchmarks/graphite/regex-quoted-contains-profile-before-61828229-v1/source/internal/query/values.go:416 s=402
   211: 0x100cfeecf M=1 github.com/johnsonlee/graphite/graphite-server/internal/query.evaluator.distinctRawRange /Users/johnsonlee/.codex/benchmarks/graphite/regex-quoted-contains-profile-before-61828229-v1/source/internal/query/indexed_distinct.go:744 s=678
   212: 0x100cfed8b M=1 github.com/johnsonlee/graphite/graphite-server/internal/query.evaluator.distinctRawRange /Users/johnsonlee/.codex/benchmarks/graphite/regex-quoted-contains-profile-before-61828229-v1/source/internal/query/indexed_distinct.go:725 s=678
   213: 0x100cfedcf M=1 github.com/johnsonlee/graphite/graphite-server/internal/query.evaluator.distinctRawRange /Users/johnsonlee/.codex/benchmarks/graphite/regex-quoted-contains-profile-before-61828229-v1/source/internal/query/indexed_distinct.go:736 s=678
   214: 0x100c9aa37 M=1 github.com/johnsonlee/graphite/graphite-server/internal/store.(*CallSiteStringIndex).TrigramStringIDs /Users/johnsonlee/.codex/benchmarks/graphite/regex-quoted-contains-profile-before-61828229-v1/source/internal/store/callsite_index.go:423 s=400
   215: 0x100ca9907 M=1 github.com/johnsonlee/graphite/graphite-server/internal/store.(*DistinctStringIndex).ProjectionTrigramStrings /Users/johnsonlee/.codex/benchmarks/graphite/regex-quoted-contains-profile-before-61828229-v1/source/internal/store/ordinary_projection.go:137 s=135
   216: 0x100d1c41b M=1 github.com/johnsonlee/graphite/graphite-server/internal/query.evaluator.stringIndexMatches /Users/johnsonlee/.codex/benchmarks/graphite/regex-quoted-contains-profile-before-61828229-v1/source/internal/query/ordinary_cache.go:88 s=44
   217: 0x100d12f33 M=1 github.com/johnsonlee/graphite/graphite-server/internal/query.evaluator.mainIndexNodeIDs /Users/johnsonlee/.codex/benchmarks/graphite/regex-quoted-contains-profile-before-61828229-v1/source/internal/query/main_string_postings.go:40 s=11
   218: 0x100cffa73 M=1 github.com/johnsonlee/graphite/graphite-server/internal/store.(*Store).NodesOfKind /Users/johnsonlee/.codex/benchmarks/graphite/regex-quoted-contains-profile-before-61828229-v1/source/internal/store/store.go:285 s=285
             github.com/johnsonlee/graphite/graphite-server/internal/query.evaluator.distinctRawRows /Users/johnsonlee/.codex/benchmarks/graphite/regex-quoted-contains-profile-before-61828229-v1/source/internal/query/indexed_distinct.go:781 s=780
   219: 0x100bce9ef M=1 github.com/johnsonlee/graphite/graphite-server/internal/javastring.UTF16 /Users/johnsonlee/.codex/benchmarks/graphite/regex-quoted-contains-profile-before-61828229-v1/source/internal/javastring/utf16.go:26 s=12
   220: 0x100cd8f83 M=1 github.com/johnsonlee/graphite/graphite-server/internal/query.javaUTF16 /Users/johnsonlee/.codex/benchmarks/graphite/regex-quoted-contains-profile-before-61828229-v1/source/internal/query/java_string.go:9 s=9
             github.com/johnsonlee/graphite/graphite-server/internal/query.evaluator.distinctStringTableID /Users/johnsonlee/.codex/benchmarks/graphite/regex-quoted-contains-profile-before-61828229-v1/source/internal/query/distinct_string_id.go:15 s=10
   221: 0x100d006bb M=1 github.com/johnsonlee/graphite/graphite-server/internal/query.evaluator.distinctRawRows /Users/johnsonlee/.codex/benchmarks/graphite/regex-quoted-contains-profile-before-61828229-v1/source/internal/query/indexed_distinct.go:844 s=780
   222: 0x100d43493 M=1 github.com/johnsonlee/graphite/graphite-server/internal/benchmarkcase.sequence /Users/johnsonlee/.codex/benchmarks/graphite/regex-quoted-contains-profile-before-61828229-v1/source/internal/benchmarkcase/canonical.go:48 s=44
   223: 0x100d43c23 M=1 github.com/johnsonlee/graphite/graphite-server/internal/benchmarkcase.canonicalValue /Users/johnsonlee/.codex/benchmarks/graphite/regex-quoted-contains-profile-before-61828229-v1/source/internal/benchmarkcase/canonical.go:124 s=61
   224: 0x100d43cd3 M=1 github.com/johnsonlee/graphite/graphite-server/internal/benchmarkcase.canonicalValue /Users/johnsonlee/.codex/benchmarks/graphite/regex-quoted-contains-profile-before-61828229-v1/source/internal/benchmarkcase/canonical.go:99 s=61
   225: 0x100d4305b M=1 github.com/johnsonlee/graphite/graphite-server/internal/benchmarkcase.CanonicalResult /Users/johnsonlee/.codex/benchmarks/graphite/regex-quoted-contains-profile-before-61828229-v1/source/internal/benchmarkcase/canonical.go:30 s=16
   226: 0x100d42e8f M=1 github.com/johnsonlee/graphite/graphite-server/internal/benchmarkcase.CanonicalResult /Users/johnsonlee/.codex/benchmarks/graphite/regex-quoted-contains-profile-before-61828229-v1/source/internal/benchmarkcase/canonical.go:36 s=16
   227: 0x100d4bd0b M=1 main.(*replay).run /Users/johnsonlee/.codex/benchmarks/graphite/regex-quoted-contains-profile-before-61828229-v1/source/cmd/graphite-benchmark-latency/main.go:215 s=172
   228: 0x100d435d7 M=1 github.com/johnsonlee/graphite/graphite-server/internal/benchmarkcase.javaLess /Users/johnsonlee/.codex/benchmarks/graphite/regex-quoted-contains-profile-before-61828229-v1/source/internal/benchmarkcase/canonical.go:53 s=52
   229: 0x100d4320b M=1 github.com/johnsonlee/graphite/graphite-server/internal/benchmarkcase.CanonicalResult.func1 /Users/johnsonlee/.codex/benchmarks/graphite/regex-quoted-contains-profile-before-61828229-v1/source/internal/benchmarkcase/canonical.go:27 s=27
   230: 0x100b7dfbf M=1 sort.insertionSort_func /opt/homebrew/Cellar/go/1.22.0/libexec/src/sort/zsortfunc.go:12 s=10
   231: 0x100b7e4bf M=1 sort.pdqsort_func /opt/homebrew/Cellar/go/1.22.0/libexec/src/sort/zsortfunc.go:73 s=61
   232: 0x100b7dbeb M=1 sort.Slice /opt/homebrew/Cellar/go/1.22.0/libexec/src/sort/slice.go:29 s=24
   233: 0x100d42e43 M=1 github.com/johnsonlee/graphite/graphite-server/internal/benchmarkcase.CanonicalResult /Users/johnsonlee/.codex/benchmarks/graphite/regex-quoted-contains-profile-before-61828229-v1/source/internal/benchmarkcase/canonical.go:27 s=16
   234: 0x100b7649f M=1 reflect.packEface /opt/homebrew/Cellar/go/1.22.0/libexec/src/reflect/value.go:134 s=119
   235: 0x100b78247 M=1 reflect.valueInterface /opt/homebrew/Cellar/go/1.22.0/libexec/src/reflect/value.go:1526 s=1499
   236: 0x100d43b9b M=1 reflect.Value.Interface /opt/homebrew/Cellar/go/1.22.0/libexec/src/reflect/value.go:1496 s=1495
             github.com/johnsonlee/graphite/graphite-server/internal/benchmarkcase.canonicalValue /Users/johnsonlee/.codex/benchmarks/graphite/regex-quoted-contains-profile-before-61828229-v1/source/internal/benchmarkcase/canonical.go:114 s=61
   237: 0x100d43efb M=1 github.com/johnsonlee/graphite/graphite-server/internal/benchmarkcase.canonicalValue /Users/johnsonlee/.codex/benchmarks/graphite/regex-quoted-contains-profile-before-61828229-v1/source/internal/benchmarkcase/canonical.go:110 s=61
   238: 0x100cbceb3 M=1 math/big.nat.make /opt/homebrew/Cellar/go/1.22.0/libexec/src/math/big/nat.go:67 s=61
             math/big.nat.set /opt/homebrew/Cellar/go/1.22.0/libexec/src/math/big/nat.go:97 s=96
             math/big.(*Int).Set /opt/homebrew/Cellar/go/1.22.0/libexec/src/math/big/int.go:98 s=96
             math/big.(*Int).Abs /opt/homebrew/Cellar/go/1.22.0/libexec/src/math/big/int.go:129 s=128
             math/big.(*Int).lehmerGCD /opt/homebrew/Cellar/go/1.22.0/libexec/src/math/big/int.go:766 s=763
   239: 0x100cc713f M=1 math/big.(*Rat).norm /opt/homebrew/Cellar/go/1.22.0/libexec/src/math/big/rat.go:444 s=430
   240: 0x100cc7c4b M=1 math/big.(*Rat).SetString /opt/homebrew/Cellar/go/1.22.0/libexec/src/math/big/ratconv.go:204 s=58
   241: 0x100d3e34f M=1 github.com/johnsonlee/graphite/graphite-server/internal/query.key /Users/johnsonlee/.codex/benchmarks/graphite/regex-quoted-contains-profile-before-61828229-v1/source/internal/query/values.go:415 s=402
   242: 0x100cfee73 M=1 github.com/johnsonlee/graphite/graphite-server/internal/query.evaluator.distinctRawRange /Users/johnsonlee/.codex/benchmarks/graphite/regex-quoted-contains-profile-before-61828229-v1/source/internal/query/indexed_distinct.go:741 s=678
   243: 0x100cff26f M=1 github.com/johnsonlee/graphite/graphite-server/internal/query.evaluator.distinctRawRange /Users/johnsonlee/.codex/benchmarks/graphite/regex-quoted-contains-profile-before-61828229-v1/source/internal/query/indexed_distinct.go:729 s=678
   244: 0x100d435eb M=1 github.com/johnsonlee/graphite/graphite-server/internal/benchmarkcase.javaLess /Users/johnsonlee/.codex/benchmarks/graphite/regex-quoted-contains-profile-before-61828229-v1/source/internal/benchmarkcase/canonical.go:53 s=52
   245: 0x100cd9043 M=1 github.com/johnsonlee/graphite/graphite-server/internal/query.javaUTF16 /Users/johnsonlee/.codex/benchmarks/graphite/regex-quoted-contains-profile-before-61828229-v1/source/internal/query/java_string.go:9 s=9
             github.com/johnsonlee/graphite/graphite-server/internal/query.evaluator.distinctStringTableID /Users/johnsonlee/.codex/benchmarks/graphite/regex-quoted-contains-profile-before-61828229-v1/source/internal/query/distinct_string_id.go:20 s=10
   246: 0x100d3e36f M=1 github.com/johnsonlee/graphite/graphite-server/internal/query.key /Users/johnsonlee/.codex/benchmarks/graphite/regex-quoted-contains-profile-before-61828229-v1/source/internal/query/values.go:416 s=402
   247: 0x100cff187 M=1 github.com/johnsonlee/graphite/graphite-server/internal/query.evaluator.distinctRawRange /Users/johnsonlee/.codex/benchmarks/graphite/regex-quoted-contains-profile-before-61828229-v1/source/internal/query/indexed_distinct.go:716 s=678
   248: 0x100d3e6fb M=1 github.com/johnsonlee/graphite/graphite-server/internal/query.key /Users/johnsonlee/.codex/benchmarks/graphite/regex-quoted-contains-profile-before-61828229-v1/source/internal/query/values.go:441 s=402
   249: 0x100cc7747 M=1 strings.NewReader /opt/homebrew/Cellar/go/1.22.0/libexec/src/strings/reader.go:160 s=160
             math/big.(*Rat).SetString /opt/homebrew/Cellar/go/1.22.0/libexec/src/math/big/ratconv.go:85 s=58
   250: 0x100d3e6cf M=1 github.com/johnsonlee/graphite/graphite-server/internal/query.key /Users/johnsonlee/.codex/benchmarks/graphite/regex-quoted-contains-profile-before-61828229-v1/source/internal/query/values.go:441 s=402
   251: 0x100cbe74f M=1 math/big.nat.make /opt/homebrew/Cellar/go/1.22.0/libexec/src/math/big/nat.go:67 s=61
             math/big.nat.setWord /opt/homebrew/Cellar/go/1.22.0/libexec/src/math/big/nat.go:79 s=75
             math/big.nat.mulAddWW /opt/homebrew/Cellar/go/1.22.0/libexec/src/math/big/nat.go:186 s=183
   252: 0x100cc3c8f M=1 math/big.nat.scan /opt/homebrew/Cellar/go/1.22.0/libexec/src/math/big/natconv.go:243 s=108
   253: 0x100cc77c3 M=1 math/big.(*Rat).SetString /opt/homebrew/Cellar/go/1.22.0/libexec/src/math/big/ratconv.go:96 s=58
   254: 0x100cfa663 M=1 github.com/johnsonlee/graphite/graphite-server/internal/query.evaluator.indexedDistinct.func1 /Users/johnsonlee/.codex/benchmarks/graphite/regex-quoted-contains-profile-before-61828229-v1/source/internal/query/indexed_distinct.go:106 s=100
   255: 0x100cf96a7 M=1 github.com/johnsonlee/graphite/graphite-server/internal/query.evaluator.indexedDistinct /Users/johnsonlee/.codex/benchmarks/graphite/regex-quoted-contains-profile-before-61828229-v1/source/internal/query/indexed_distinct.go:122 s=68
   256: 0x100cfdc87 M=1 github.com/johnsonlee/graphite/graphite-server/internal/query.evaluator.distinctSourceHits /Users/johnsonlee/.codex/benchmarks/graphite/regex-quoted-contains-profile-before-61828229-v1/source/internal/query/indexed_distinct.go:553 s=527
   257: 0x100cff357 M=1 github.com/johnsonlee/graphite/graphite-server/internal/query.evaluator.distinctRawRange /Users/johnsonlee/.codex/benchmarks/graphite/regex-quoted-contains-profile-before-61828229-v1/source/internal/query/indexed_distinct.go:734 s=678
Mappings
1: 0x100ad4000/0x100ddc000/0x0 /Users/johnsonlee/.codex/benchmarks/graphite/regex-quoted-contains-profile-before-61828229-v1/graphite-benchmark-profile  [FN]
