PeriodType: cpu nanoseconds
Period: 10000000
Time: 2026-09-08 15:24:07.049225 +0900 KST
Duration: 25.6
Samples:
samples/count cpu/nanoseconds
          1   10000000: 1 2 3 4 5 6 7 8 
        104 1040000000: 9 10 11 12 13 14 15 16 
          1   10000000: 17 18 19 5 6 7 8 
          3   30000000: 20 21 22 23 24 25 26 27 24 28 29 30 31 32 33 32 34 5 6 7 8 
         10  100000000: 35 36 27 24 28 29 30 31 32 33 32 34 5 6 7 8 
          4   40000000: 37 27 24 28 29 30 31 32 33 32 34 5 6 7 8 
          6   60000000: 38 39 22 23 24 25 26 27 24 28 29 30 31 32 40 32 34 5 6 7 8 
          1   10000000: 41 3 4 5 6 7 8 
         11  110000000: 42 27 24 28 29 30 31 32 33 32 34 5 6 7 8 
          7   70000000: 43 44 45 39 22 23 24 25 26 27 24 28 29 30 31 32 40 32 34 5 6 7 8 
          4   40000000: 46 47 30 31 32 33 32 34 5 6 7 8 
          1   10000000: 48 49 3 4 5 6 7 8 
          1   10000000: 50 51 52 53 30 31 32 40 32 34 5 6 7 8 
          1   10000000: 54 3 4 5 6 7 8 
          1   10000000: 55 56 3 4 5 6 7 8 
          2   20000000: 57 58 59 3 4 5 6 7 8 
          1   10000000: 60 61 32 33 32 34 5 6 7 8 
          2   20000000: 62 63 64 4 5 6 7 8 
          1   10000000: 65 40 32 34 5 6 7 8 
          1   10000000: 66 67 68 69 70 71 72 73 74 75 52 76 47 30 31 32 33 32 34 5 6 7 8 
          1   10000000: 77 52 76 47 30 31 32 33 32 34 5 6 7 8 
          2   20000000: 78 52 79 80 81 3 4 5 6 7 8 
          1   10000000: 82 24 25 26 27 24 28 29 30 31 32 33 32 34 5 6 7 8 
         17  170000000: 9 10 11 12 13 83 84 85 86 
          3   30000000: 87 88 47 30 31 32 33 32 34 5 6 7 8 
          1   10000000: 89 90 4 5 6 7 8 
          8   80000000: 91 27 24 28 29 30 31 32 40 32 34 5 6 7 8 
          1   10000000: 92 22 23 24 25 26 27 24 28 29 30 31 32 33 32 34 5 6 7 8 
          1   10000000: 93 94 95 3 4 5 6 7 8 
          3   30000000: 96 27 24 28 29 30 31 32 33 32 34 5 6 7 8 
          9   90000000: 97 22 23 24 25 26 27 24 28 29 30 31 32 33 32 34 5 6 7 8 
          1   10000000: 98 22 23 24 25 26 27 24 28 29 30 31 32 40 32 34 5 6 7 8 
          1   10000000: 99 100 80 81 3 4 5 6 7 8 
          1   10000000: 101 102 34 5 6 7 8 
          1   10000000: 103 104 75 22 23 24 25 26 27 24 28 29 30 31 32 33 32 34 5 6 7 8 
          1   10000000: 105 106 107 108 109 110 81 3 4 5 6 7 8 
          2   20000000: 111 90 4 5 6 7 8 
          2   20000000: 112 22 23 24 25 26 27 24 28 29 30 31 32 33 32 34 5 6 7 8 
          1   10000000: 113 32 34 5 6 7 8 
          2   20000000: 114 24 25 26 27 24 28 29 30 31 32 40 32 34 5 6 7 8 
          1   10000000: 115 52 116 108 117 81 3 4 5 6 7 8 
          1   10000000: 118 22 23 24 25 26 27 24 28 29 30 31 32 33 32 34 5 6 7 8 
          1   10000000: 119 44 45 39 22 120 3 4 5 6 7 8 
          2   20000000: 121 122 5 6 7 8 
          4   40000000: 123 22 23 24 25 26 27 24 28 29 30 31 32 33 32 34 5 6 7 8 
          5   50000000: 124 24 25 26 27 24 28 29 30 31 32 33 32 34 5 6 7 8 
          5   50000000: 112 22 23 24 25 26 27 24 28 29 30 31 32 40 32 34 5 6 7 8 
          1   10000000: 125 126 127 102 128 32 33 32 34 5 6 7 8 
          1   10000000: 129 130 131 61 32 33 32 34 5 6 7 8 
          1   10000000: 132 133 134 130 131 61 32 40 32 34 5 6 7 8 
          1   10000000: 135 126 136 2 3 4 5 6 7 8 
          4   40000000: 91 27 24 28 29 30 31 32 33 32 34 5 6 7 8 
          7   70000000: 137 5 6 7 8 
         37  370000000: 138 139 140 141 85 86 
         12  120000000: 142 22 23 24 25 26 27 24 28 29 30 31 32 33 32 34 5 6 7 8 
          9   90000000: 132 22 23 24 25 26 27 24 28 29 30 31 32 33 32 34 5 6 7 8 
          2   20000000: 143 27 24 28 29 30 31 32 40 32 34 5 6 7 8 
          1   10000000: 144 44 45 39 52 79 145 81 3 4 5 6 7 8 
          3   30000000: 146 26 27 24 28 29 30 31 32 33 32 34 5 6 7 8 
          1   10000000: 147 34 5 6 7 8 
          1   10000000: 148 109 100 80 81 3 4 5 6 7 8 
          1   10000000: 149 150 4 5 6 7 8 
          2   20000000: 151 152 4 5 6 7 8 
          4   40000000: 153 24 25 26 27 24 28 29 30 31 32 40 32 34 5 6 7 8 
          1   10000000: 154 155 106 107 108 156 81 3 4 5 6 7 8 
          4   40000000: 157 22 23 24 25 26 27 24 28 29 30 31 32 33 32 34 5 6 7 8 
          1   10000000: 158 102 40 32 34 5 6 7 8 
          8   80000000: 142 22 23 24 25 26 27 24 28 29 30 31 32 40 32 34 5 6 7 8 
          6   60000000: 159 22 23 24 25 26 27 24 28 29 30 31 32 33 32 34 5 6 7 8 
          4   40000000: 160 161 88 47 30 31 32 33 32 34 5 6 7 8 
          1   10000000: 162 24 25 26 27 24 28 29 30 31 32 33 32 34 5 6 7 8 
          1   10000000: 163 22 23 24 25 26 27 24 28 29 30 31 32 33 32 34 5 6 7 8 
          1   10000000: 164 165 4 5 6 7 8 
          2   20000000: 166 22 23 24 25 26 27 24 28 29 30 31 32 40 32 34 5 6 7 8 
          1   10000000: 167 168 67 68 69 70 71 72 73 74 75 22 23 29 30 31 32 33 32 34 5 6 7 8 
          1   10000000: 169 45 39 52 79 170 81 3 4 5 6 7 8 
          1   10000000: 20 21 52 79 145 81 3 4 5 6 7 8 
          2   20000000: 171 21 22 23 24 25 26 27 24 28 29 30 31 32 40 32 34 5 6 7 8 
          1   10000000: 172 116 108 109 173 81 3 4 5 6 7 8 
          1   10000000: 174 5 6 7 8 
          2   20000000: 175 22 23 24 25 26 27 24 28 29 30 31 32 40 32 34 5 6 7 8 
          8   80000000: 43 44 45 39 22 23 24 25 26 27 24 28 29 30 31 32 33 32 34 5 6 7 8 
          4   40000000: 176 22 23 24 25 26 27 24 28 29 30 31 32 40 32 34 5 6 7 8 
          2   20000000: 177 178 5 6 7 8 
          1   10000000: 179 126 127 102 61 32 40 32 34 5 6 7 8 
          4   40000000: 180 4 5 6 7 8 
          6   60000000: 181 22 23 24 25 26 27 24 28 29 30 31 32 33 32 34 5 6 7 8 
          1   10000000: 182 183 5 6 7 8 
          3   30000000: 158 102 184 61 32 33 32 34 5 6 7 8 
          1   10000000: 185 130 131 61 32 33 32 34 5 6 7 8 
          3   30000000: 186 39 22 23 24 25 26 27 24 28 29 30 31 32 33 32 34 5 6 7 8 
          2   20000000: 123 22 23 24 25 26 27 24 28 29 30 31 32 40 32 34 5 6 7 8 
          2   20000000: 187 45 39 22 23 24 25 26 27 24 28 29 30 31 32 33 32 34 5 6 7 8 
          4   40000000: 66 67 68 69 70 71 72 73 74 75 22 23 24 25 26 27 24 28 29 30 31 32 33 32 34 5 6 7 8 
          3   30000000: 188 27 24 28 29 30 31 32 40 32 34 5 6 7 8 
          2   20000000: 189 22 23 24 25 26 27 24 28 29 30 31 32 40 32 34 5 6 7 8 
          1   10000000: 190 107 108 109 100 170 81 3 4 5 6 7 8 
          2   20000000: 191 192 4 5 6 7 8 
          2   20000000: 193 51 22 23 24 25 26 27 24 28 29 30 31 32 33 32 34 5 6 7 8 
          1   10000000: 135 126 136 194 3 4 5 6 7 8 
          1   10000000: 195 52 76 47 30 31 32 40 32 34 5 6 7 8 
          1   10000000: 142 22 23 24 28 29 30 31 32 40 32 34 5 6 7 8 
          1   10000000: 196 197 81 3 4 5 6 7 8 
          3   30000000: 198 22 23 24 25 26 27 24 28 29 30 31 32 40 32 34 5 6 7 8 
          2   20000000: 199 19 5 6 7 8 
          3   30000000: 200 47 30 31 32 33 32 34 5 6 7 8 
          3   30000000: 189 22 23 24 25 26 27 24 28 29 30 31 32 33 32 34 5 6 7 8 
          1   10000000: 201 134 130 131 61 32 40 32 34 5 6 7 8 
          1   10000000: 202 203 59 3 4 5 6 7 8 
          1   10000000: 204 205 131 61 32 40 32 34 5 6 7 8 
          1   10000000: 206 24 25 26 27 24 28 29 30 31 32 40 32 34 5 6 7 8 
          1   10000000: 175 22 23 24 25 26 27 24 28 29 30 31 32 33 32 34 5 6 7 8 
          1   10000000: 207 208 63 64 4 5 6 7 8 
          1   10000000: 209 3 4 5 6 7 8 
          6   60000000: 42 27 24 28 29 30 31 32 40 32 34 5 6 7 8 
          1   10000000: 210 63 64 4 5 6 7 8 
          1   10000000: 177 152 4 5 6 7 8 
          1   10000000: 211 212 213 214 3 4 5 6 7 8 
          1   10000000: 215 216 68 69 70 71 72 73 74 75 22 23 24 25 26 27 24 28 29 30 31 32 33 32 34 5 6 7 8 
          1   10000000: 217 116 108 109 218 80 81 3 4 5 6 7 8 
          1   10000000: 164 219 131 61 32 40 32 34 5 6 7 8 
          5   50000000: 220 21 22 23 24 25 26 27 24 28 29 30 31 32 33 32 34 5 6 7 8 
          2   20000000: 221 102 33 32 34 5 6 7 8 
          5   50000000: 166 22 23 24 25 26 27 24 28 29 30 31 32 33 32 34 5 6 7 8 
          3   30000000: 222 27 24 28 29 30 31 32 33 32 34 5 6 7 8 
          1   10000000: 223 22 23 24 25 26 27 24 28 29 30 31 32 40 32 34 5 6 7 8 
          3   30000000: 224 45 39 22 23 24 25 26 27 24 28 29 30 31 32 33 32 34 5 6 7 8 
          1   10000000: 225 104 75 52 79 80 81 3 4 5 6 7 8 
          1   10000000: 226 227 
          3   30000000: 223 22 23 24 25 26 27 24 28 29 30 31 32 33 32 34 5 6 7 8 
          3   30000000: 228 36 27 24 28 29 30 31 32 33 32 34 5 6 7 8 
          1   10000000: 229 107 108 109 230 81 3 4 5 6 7 8 
          9   90000000: 231 26 27 24 28 29 30 31 32 40 32 34 5 6 7 8 
          4   40000000: 232 205 131 61 32 40 32 34 5 6 7 8 
          3   30000000: 231 26 27 24 28 29 30 31 32 33 32 34 5 6 7 8 
          1   10000000: 233 21 22 120 3 4 5 6 7 8 
          1   10000000: 234 116 108 109 100 145 81 3 4 5 6 7 8 
          1   10000000: 235 126 127 236 4 5 6 7 8 
          1   10000000: 237 150 4 5 6 7 8 
          1   10000000: 238 22 23 24 25 26 27 24 28 29 30 31 32 33 32 34 5 6 7 8 
          3   30000000: 239 21 22 23 24 25 26 27 24 28 29 30 31 32 33 32 34 5 6 7 8 
          1   10000000: 121 240 81 3 4 5 6 7 8 
          3   30000000: 241 39 22 23 24 25 26 27 24 28 29 30 31 32 40 32 34 5 6 7 8 
          1   10000000: 242 33 32 34 5 6 7 8 
          3   30000000: 35 36 27 24 28 29 30 31 32 40 32 34 5 6 7 8 
          4   40000000: 46 47 30 31 32 40 32 34 5 6 7 8 
          5   50000000: 97 22 23 24 25 26 27 24 28 29 30 31 32 40 32 34 5 6 7 8 
          2   20000000: 196 205 131 61 32 40 32 34 5 6 7 8 
          6   60000000: 243 25 26 27 24 28 29 30 31 32 40 32 34 5 6 7 8 
          1   10000000: 244 126 136 245 212 94 95 3 4 5 6 7 8 
          1   10000000: 246 247 47 30 31 32 33 32 34 5 6 7 8 
          7   70000000: 248 24 25 26 27 24 28 29 30 31 32 33 32 34 5 6 7 8 
          2   20000000: 87 88 47 30 31 32 40 32 34 5 6 7 8 
          4   40000000: 249 26 27 24 28 29 30 31 32 40 32 34 5 6 7 8 
          1   10000000: 175 250 251 95 3 4 5 6 7 8 
          2   20000000: 252 52 116 108 109 110 81 3 4 5 6 7 8 
          1   10000000: 253 165 4 5 6 7 8 
          5   50000000: 254 5 6 7 8 
          4   40000000: 144 44 45 39 22 23 24 25 26 27 24 28 29 30 31 32 33 32 34 5 6 7 8 
          4   40000000: 255 25 26 27 24 28 29 30 31 32 40 32 34 5 6 7 8 
          1   10000000: 55 219 131 61 32 33 32 34 5 6 7 8 
          7   70000000: 256 257 258 259 260 141 85 86 
          7   70000000: 261 25 26 27 24 28 29 30 31 32 33 32 34 5 6 7 8 
          3   30000000: 262 22 23 24 25 26 27 24 28 29 30 31 32 40 32 34 5 6 7 8 
          6   60000000: 195 22 23 24 25 26 27 24 28 29 30 31 32 33 32 34 5 6 7 8 
          1   10000000: 82 29 30 31 32 33 32 34 5 6 7 8 
          1   10000000: 263 264 265 266 3 4 5 6 7 8 
          1   10000000: 267 130 131 61 32 33 32 34 5 6 7 8 
          1   10000000: 268 269 31 32 33 32 34 5 6 7 8 
          1   10000000: 270 52 76 47 30 31 32 33 32 34 5 6 7 8 
          6   60000000: 243 25 26 27 24 28 29 30 31 32 33 32 34 5 6 7 8 
          1   10000000: 271 130 131 61 32 40 32 34 5 6 7 8 
          2   20000000: 272 24 25 26 27 24 28 29 30 31 32 33 32 34 5 6 7 8 
          1   10000000: 229 107 108 109 100 80 81 3 4 5 6 7 8 
          2   20000000: 142 250 251 214 3 4 5 6 7 8 
          1   10000000: 273 127 102 184 61 32 33 32 34 5 6 7 8 
          5   50000000: 198 22 23 24 25 26 27 24 28 29 30 31 32 33 32 34 5 6 7 8 
          1   10000000: 274 24 28 29 30 31 32 40 32 34 5 6 7 8 
          3   30000000: 275 5 6 7 8 
          1   10000000: 235 126 127 102 40 32 34 5 6 7 8 
          1   10000000: 276 130 131 61 32 40 32 34 5 6 7 8 
          1   10000000: 142 133 134 130 131 61 32 40 32 34 5 6 7 8 
          1   10000000: 277 45 39 22 120 3 4 5 6 7 8 
          2   20000000: 252 22 23 24 25 26 27 24 28 29 30 31 32 33 32 34 5 6 7 8 
          1   10000000: 278 19 5 6 7 8 
          2   20000000: 221 102 184 61 32 33 32 34 5 6 7 8 
          1   10000000: 279 161 88 47 30 31 32 40 32 34 5 6 7 8 
          4   40000000: 280 22 23 24 25 26 27 24 28 29 30 31 32 33 32 34 5 6 7 8 
          1   10000000: 148 109 218 80 81 3 4 5 6 7 8 
          1   10000000: 281 75 22 23 24 25 26 27 24 28 29 30 31 32 40 32 34 5 6 7 8 
          1   10000000: 282 21 52 76 47 30 31 32 33 32 34 5 6 7 8 
          1   10000000: 190 107 108 109 110 81 3 4 5 6 7 8 
          4   40000000: 283 2 3 4 5 6 7 8 
          3   30000000: 284 22 23 24 25 26 27 24 28 29 30 31 32 40 32 34 5 6 7 8 
          1   10000000: 144 44 45 39 133 285 130 131 61 32 33 32 34 5 6 7 8 
          1   10000000: 286 126 136 287 3 4 5 6 7 8 
          3   30000000: 146 26 27 24 28 29 30 31 32 40 32 34 5 6 7 8 
          1   10000000: 288 289 24 25 26 27 24 28 29 30 31 32 33 32 34 5 6 7 8 
          1   10000000: 290 33 32 34 5 6 7 8 
          1   10000000: 291 251 95 3 4 5 6 7 8 
          1   10000000: 292 293 4 5 6 7 8 
          1   10000000: 294 22 23 24 25 26 27 24 28 29 30 31 32 40 32 34 5 6 7 8 
          2   20000000: 159 22 23 24 28 29 30 31 32 33 32 34 5 6 7 8 
          1   10000000: 233 21 22 23 24 25 26 27 24 28 29 30 31 32 33 32 34 5 6 7 8 
          1   10000000: 295 52 116 108 117 81 3 4 5 6 7 8 
          1   10000000: 296 32 33 32 34 5 6 7 8 
          1   10000000: 297 130 131 61 32 33 32 34 5 6 7 8 
          3   30000000: 222 27 24 28 29 30 31 32 40 32 34 5 6 7 8 
          5   50000000: 277 45 39 22 23 24 25 26 27 24 28 29 30 31 32 33 32 34 5 6 7 8 
          1   10000000: 298 24 25 26 27 24 28 29 30 31 32 40 32 34 5 6 7 8 
          1   10000000: 299 21 52 76 47 30 31 32 33 32 34 5 6 7 8 
          2   20000000: 300 36 27 24 28 29 30 31 32 33 32 34 5 6 7 8 
          1   10000000: 301 302 303 304 305 69 306 307 308 309 22 23 29 30 31 32 40 32 34 5 6 7 8 
          2   20000000: 310 45 39 22 23 24 25 26 27 24 28 29 30 31 32 40 32 34 5 6 7 8 
          1   10000000: 311 22 23 24 25 26 27 24 28 29 30 31 32 33 32 34 5 6 7 8 
          2   20000000: 312 178 5 6 7 8 
          2   20000000: 313 27 24 28 29 30 31 32 40 32 34 5 6 7 8 
          1   10000000: 314 315 236 4 5 6 7 8 
          3   30000000: 316 22 23 24 25 26 27 24 28 29 30 31 32 33 32 34 5 6 7 8 
          1   10000000: 317 318 184 61 32 40 32 34 5 6 7 8 
          2   20000000: 249 26 27 24 28 29 30 31 32 33 32 34 5 6 7 8 
          1   10000000: 319 22 23 24 25 26 27 24 28 29 30 31 32 33 32 34 5 6 7 8 
          1   10000000: 320 3 4 5 6 7 8 
          2   20000000: 248 24 25 26 27 24 28 29 30 31 32 40 32 34 5 6 7 8 
          1   10000000: 321 122 5 6 7 8 
          3   30000000: 322 23 24 25 26 27 24 28 29 30 31 32 40 32 34 5 6 7 8 
          4   40000000: 323 88 47 30 31 32 33 32 34 5 6 7 8 
          3   30000000: 324 24 25 26 27 24 28 29 30 31 32 33 32 34 5 6 7 8 
          2   20000000: 300 36 27 24 28 29 30 31 32 40 32 34 5 6 7 8 
          1   10000000: 325 130 131 61 32 40 32 34 5 6 7 8 
          1   10000000: 195 22 23 29 30 31 32 40 32 34 5 6 7 8 
          1   10000000: 326 327 5 6 7 8 
          1   10000000: 66 67 68 69 70 71 72 73 74 75 22 120 3 4 5 6 7 8 
          3   30000000: 328 47 30 31 32 40 32 34 5 6 7 8 
          1   10000000: 329 24 25 26 27 24 28 29 30 31 32 33 32 34 5 6 7 8 
          1   10000000: 319 22 23 24 25 26 27 24 28 29 30 31 32 40 32 34 5 6 7 8 
          1   10000000: 330 22 23 24 25 26 27 24 28 29 30 31 32 40 32 34 5 6 7 8 
          2   20000000: 331 107 108 109 100 80 81 3 4 5 6 7 8 
          1   10000000: 332 5 6 7 8 
          1   10000000: 333 165 4 5 6 7 8 
          1   10000000: 334 127 102 34 5 6 7 8 
          5   50000000: 335 24 25 26 27 24 28 29 30 31 32 33 32 34 5 6 7 8 
          1   10000000: 336 219 131 61 32 33 32 34 5 6 7 8 
          1   10000000: 337 165 4 5 6 7 8 
          2   20000000: 338 339 3 4 5 6 7 8 
          5   50000000: 279 161 88 47 30 31 32 33 32 34 5 6 7 8 
          5   50000000: 340 22 23 24 25 26 27 24 28 29 30 31 32 40 32 34 5 6 7 8 
          6   60000000: 341 24 25 26 27 24 28 29 30 31 32 33 32 34 5 6 7 8 
          1   10000000: 284 22 120 3 4 5 6 7 8 
          3   30000000: 119 44 45 39 22 23 24 25 26 27 24 28 29 30 31 32 40 32 34 5 6 7 8 
          2   20000000: 232 205 131 61 32 33 32 34 5 6 7 8 
          4   40000000: 328 47 30 31 32 33 32 34 5 6 7 8 
          1   10000000: 342 52 116 108 109 218 80 81 3 4 5 6 7 8 
          2   20000000: 343 24 25 26 27 24 28 29 30 31 32 40 32 34 5 6 7 8 
          4   40000000: 344 289 24 25 26 27 24 28 29 30 31 32 33 32 34 5 6 7 8 
          3   30000000: 284 22 23 24 25 26 27 24 28 29 30 31 32 33 32 34 5 6 7 8 
          1   10000000: 345 24 25 26 27 24 28 29 30 31 32 40 32 34 5 6 7 8 
          2   20000000: 232 197 81 3 4 5 6 7 8 
          2   20000000: 121 346 3 4 5 6 7 8 
          1   10000000: 347 102 33 32 34 5 6 7 8 
          3   30000000: 348 184 61 32 33 32 34 5 6 7 8 
          1   10000000: 349 350 269 31 32 40 32 34 5 6 7 8 
          1   10000000: 351 56 3 4 5 6 7 8 
          1   10000000: 352 161 88 47 30 31 32 40 32 34 5 6 7 8 
          6   60000000: 353 36 27 24 28 29 30 31 32 33 32 34 5 6 7 8 
          2   20000000: 96 27 24 28 29 30 31 32 40 32 34 5 6 7 8 
          2   20000000: 124 24 25 26 27 24 28 29 30 31 32 40 32 34 5 6 7 8 
          5   50000000: 354 5 6 7 8 
          1   10000000: 355 178 5 6 7 8 
          1   10000000: 288 289 24 25 26 27 24 28 29 30 31 32 40 32 34 5 6 7 8 
          1   10000000: 48 315 356 269 31 32 33 32 34 5 6 7 8 
          1   10000000: 144 44 45 39 22 120 3 4 5 6 7 8 
          2   20000000: 186 39 22 23 24 25 26 27 24 28 29 30 31 32 40 32 34 5 6 7 8 
          1   10000000: 357 30 31 32 40 32 34 5 6 7 8 
          1   10000000: 115 22 23 24 25 26 27 24 28 29 30 31 32 33 32 34 5 6 7 8 
          1   10000000: 290 40 32 34 5 6 7 8 
          1   10000000: 358 51 52 116 108 156 81 3 4 5 6 7 8 
          1   10000000: 359 33 32 34 5 6 7 8 
          4   40000000: 241 39 22 23 24 25 26 27 24 28 29 30 31 32 33 32 34 5 6 7 8 
          3   30000000: 343 24 25 26 27 24 28 29 30 31 32 33 32 34 5 6 7 8 
          4   40000000: 360 22 23 24 25 26 27 24 28 29 30 31 32 40 32 34 5 6 7 8 
          1   10000000: 361 100 145 81 3 4 5 6 7 8 
          7   70000000: 119 44 45 39 22 23 24 25 26 27 24 28 29 30 31 32 33 32 34 5 6 7 8 
          2   20000000: 362 22 23 24 25 26 27 24 28 29 30 31 32 33 32 34 5 6 7 8 
          1   10000000: 255 28 29 30 31 32 40 32 34 5 6 7 8 
          2   20000000: 159 22 23 24 25 26 27 24 28 29 30 31 32 40 32 34 5 6 7 8 
          1   10000000: 363 178 5 6 7 8 
          1   10000000: 364 108 109 110 81 3 4 5 6 7 8 
          6   60000000: 365 22 23 24 25 26 27 24 28 29 30 31 32 40 32 34 5 6 7 8 
          1   10000000: 366 49 3 4 5 6 7 8 
          1   10000000: 367 21 52 76 47 30 31 32 33 32 34 5 6 7 8 
          3   30000000: 368 27 24 28 29 30 31 32 40 32 34 5 6 7 8 
          2   20000000: 66 67 68 69 70 71 72 73 74 75 22 23 24 25 26 27 24 28 29 30 31 32 40 32 34 5 6 7 8 
          1   10000000: 369 22 23 24 25 26 27 24 28 29 30 31 32 40 32 34 5 6 7 8 
          1   10000000: 370 52 116 108 109 100 80 81 3 4 5 6 7 8 
          4   40000000: 78 22 23 24 25 26 27 24 28 29 30 31 32 40 32 34 5 6 7 8 
          1   10000000: 371 130 131 61 32 40 32 34 5 6 7 8 
          1   10000000: 372 52 116 108 373 374 80 81 3 4 5 6 7 8 
          1   10000000: 375 22 23 24 25 26 27 24 28 29 30 31 32 40 32 34 5 6 7 8 
          1   10000000: 376 377 30 31 32 33 32 34 5 6 7 8 
          1   10000000: 20 21 22 23 24 25 26 27 24 28 29 30 31 32 40 32 34 5 6 7 8 
          2   20000000: 378 25 26 27 24 28 29 30 31 32 33 32 34 5 6 7 8 
          3   30000000: 379 25 26 27 24 28 29 30 31 32 33 32 34 5 6 7 8 
          1   10000000: 232 150 4 5 6 7 8 
          2   20000000: 380 21 52 53 30 31 32 40 32 34 5 6 7 8 
          1   10000000: 232 165 4 5 6 7 8 
          1   10000000: 381 90 4 5 6 7 8 
          5   50000000: 313 27 24 28 29 30 31 32 33 32 34 5 6 7 8 
          2   20000000: 382 33 32 34 5 6 7 8 
          5   50000000: 132 22 23 24 25 26 27 24 28 29 30 31 32 40 32 34 5 6 7 8 
          1   10000000: 182 56 3 4 5 6 7 8 
          1   10000000: 355 183 5 6 7 8 
          2   20000000: 383 150 4 5 6 7 8 
          1   10000000: 384 346 3 4 5 6 7 8 
          1   10000000: 298 24 25 26 27 24 28 29 30 31 32 33 32 34 5 6 7 8 
          1   10000000: 385 49 3 4 5 6 7 8 
          1   10000000: 386 150 4 5 6 7 8 
          1   10000000: 50 51 250 251 214 3 4 5 6 7 8 
          2   20000000: 348 184 61 32 40 32 34 5 6 7 8 
          2   20000000: 142 22 23 29 30 31 32 33 32 34 5 6 7 8 
          1   10000000: 387 184 61 32 40 32 34 5 6 7 8 
          1   10000000: 235 126 388 59 3 4 5 6 7 8 
          1   10000000: 389 390 391 74 75 22 23 24 25 26 27 24 28 29 30 31 32 40 32 34 5 6 7 8 
          2   20000000: 167 168 67 68 69 70 71 72 73 74 75 22 23 24 25 26 27 24 28 29 30 31 32 33 32 34 5 6 7 8 
          1   10000000: 392 245 212 393 214 3 4 5 6 7 8 
          1   10000000: 149 178 5 6 7 8 
          1   10000000: 235 126 136 245 212 213 214 3 4 5 6 7 8 
          6   60000000: 394 24 25 26 27 24 28 29 30 31 32 33 32 34 5 6 7 8 
          2   20000000: 395 45 39 22 23 24 25 26 27 24 28 29 30 31 32 33 32 34 5 6 7 8 
          2   20000000: 396 2 3 4 5 6 7 8 
          1   10000000: 50 51 52 116 108 109 218 80 81 3 4 5 6 7 8 
          2   20000000: 397 88 47 30 31 32 33 32 34 5 6 7 8 
          1   10000000: 364 108 373 374 80 81 3 4 5 6 7 8 
          1   10000000: 398 58 59 3 4 5 6 7 8 
          1   10000000: 386 327 5 6 7 8 
          1   10000000: 399 168 67 68 69 70 71 72 73 74 75 52 76 47 30 31 32 40 32 34 5 6 7 8 
          1   10000000: 204 327 5 6 7 8 
          1   10000000: 400 52 116 108 373 374 80 81 3 4 5 6 7 8 
          1   10000000: 132 250 251 95 3 4 5 6 7 8 
          1   10000000: 401 52 76 47 30 31 32 33 32 34 5 6 7 8 
          1   10000000: 402 45 39 22 23 24 25 26 27 24 28 29 30 31 32 33 32 34 5 6 7 8 
          3   30000000: 160 161 88 47 30 31 32 40 32 34 5 6 7 8 
          1   10000000: 403 31 32 40 32 34 5 6 7 8 
          1   10000000: 232 152 4 5 6 7 8 
          2   20000000: 404 36 27 24 28 29 30 31 32 33 32 34 5 6 7 8 
          1   10000000: 405 24 28 29 30 31 32 40 32 34 5 6 7 8 
          1   10000000: 406 29 30 31 32 40 32 34 5 6 7 8 
          1   10000000: 167 168 67 68 69 70 71 72 73 74 75 22 23 24 25 26 27 24 28 29 30 31 32 40 32 34 5 6 7 8 
          1   10000000: 407 56 3 4 5 6 7 8 
          2   20000000: 153 24 25 26 27 24 28 29 30 31 32 33 32 34 5 6 7 8 
          1   10000000: 408 21 250 251 95 3 4 5 6 7 8 
          1   10000000: 331 107 108 109 409 145 81 3 4 5 6 7 8 
          3   30000000: 239 21 22 23 24 25 26 27 24 28 29 30 31 32 40 32 34 5 6 7 8 
          3   30000000: 410 289 24 25 26 27 24 28 29 30 31 32 33 32 34 5 6 7 8 
          1   10000000: 411 45 39 22 120 3 4 5 6 7 8 
          1   10000000: 151 205 131 61 32 40 32 34 5 6 7 8 
          1   10000000: 412 32 40 32 34 5 6 7 8 
          1   10000000: 413 47 30 31 32 40 32 34 5 6 7 8 
          1   10000000: 48 414 2 3 4 5 6 7 8 
          2   20000000: 415 203 59 3 4 5 6 7 8 
          1   10000000: 361 100 170 81 3 4 5 6 7 8 
          2   20000000: 416 29 30 31 32 40 32 34 5 6 7 8 
          2   20000000: 292 165 4 5 6 7 8 
          1   10000000: 417 47 30 31 32 33 32 34 5 6 7 8 
          1   10000000: 166 265 266 3 4 5 6 7 8 
          1   10000000: 418 52 116 108 156 81 3 4 5 6 7 8 
          1   10000000: 232 183 5 6 7 8 
          1   10000000: 419 45 39 250 251 95 3 4 5 6 7 8 
          2   20000000: 420 102 33 32 34 5 6 7 8 
          3   30000000: 195 22 23 24 25 26 27 24 28 29 30 31 32 40 32 34 5 6 7 8 
          1   10000000: 421 95 3 4 5 6 7 8 
          2   20000000: 422 102 61 32 40 32 34 5 6 7 8 
          1   10000000: 381 339 3 4 5 6 7 8 
          1   10000000: 375 52 116 108 109 423 81 3 4 5 6 7 8 
          1   10000000: 386 424 3 4 5 6 7 8 
          1   10000000: 97 133 285 130 131 61 32 33 32 34 5 6 7 8 
          4   40000000: 425 22 23 24 25 26 27 24 28 29 30 31 32 33 32 34 5 6 7 8 
          1   10000000: 426 68 69 70 71 72 73 74 75 22 23 24 25 26 27 24 28 29 30 31 32 40 32 34 5 6 7 8 
          1   10000000: 427 428 3 4 5 6 7 8 
          1   10000000: 429 3 4 5 6 7 8 
          1   10000000: 232 56 3 4 5 6 7 8 
          1   10000000: 430 81 3 4 5 6 7 8 
          1   10000000: 431 80 81 3 4 5 6 7 8 
          3   30000000: 187 45 39 22 23 24 25 26 27 24 28 29 30 31 32 40 32 34 5 6 7 8 
          1   10000000: 432 26 27 24 28 29 30 31 32 33 32 34 5 6 7 8 
          1   10000000: 314 414 245 212 393 214 3 4 5 6 7 8 
          1   10000000: 138 139 433 434 69 
          8   80000000: 435 436 437 438 69 439 
         11  110000000: 440 438 69 439 
          5   50000000: 441 437 438 69 439 
          3   30000000: 442 436 437 443 69 439 
         33  330000000: 444 437 438 69 439 
         23  230000000: 445 437 438 69 439 
          5   50000000: 444 437 446 69 439 
          1   10000000: 447 448 437 443 69 439 
         34  340000000: 449 448 437 438 69 439 
          2   20000000: 450 448 437 443 69 439 
         13  130000000: 451 436 437 438 69 439 
          9   90000000: 442 436 437 438 69 439 
          2   20000000: 451 436 437 443 69 439 
          2   20000000: 452 437 438 69 439 
          3   30000000: 453 454 437 438 69 439 
          5   50000000: 455 436 437 438 69 439 
         14  140000000: 456 437 443 69 439 
          5   50000000: 457 437 438 69 439 
          8   80000000: 445 437 443 69 439 
          1   10000000: 458 448 437 438 69 439 
         42  420000000: 456 437 438 69 439 
          9   90000000: 459 448 437 438 69 439 
          1   10000000: 460 448 437 438 69 439 
          1   10000000: 461 437 438 69 439 
          8   80000000: 462 438 69 439 
          9   90000000: 456 437 446 69 439 
          4   40000000: 463 436 437 438 69 439 
          1   10000000: 464 465 466 69 467 468 469 470 5 6 7 8 
          5   50000000: 471 472 437 438 69 439 
          1   10000000: 473 448 437 446 69 439 
          2   20000000: 474 437 446 69 439 
          4   40000000: 475 437 438 69 439 
          2   20000000: 476 446 69 439 
          7   70000000: 447 448 437 438 69 439 
          6   60000000: 477 438 69 439 
          5   50000000: 478 436 437 438 69 439 
          1   10000000: 182 205 131 61 32 40 32 34 5 6 7 8 
          7   70000000: 479 454 437 438 69 439 
          2   20000000: 464 436 437 438 69 439 
          5   50000000: 480 437 438 69 439 
          1   10000000: 481 437 446 69 439 
          3   30000000: 482 437 438 69 439 
          1   10000000: 483 437 438 69 439 
          2   20000000: 449 448 437 446 69 439 
         26  260000000: 484 485 486 487 488 489 438 69 
          4   40000000: 484 485 486 487 488 489 446 69 
          2   20000000: 490 448 437 443 69 439 
          1   10000000: 355 152 4 5 6 7 8 
          2   20000000: 491 454 437 438 69 439 
          3   30000000: 473 448 437 443 69 439 
          4   40000000: 450 448 437 446 69 439 
          4   40000000: 492 448 437 438 69 439 
          2   20000000: 459 448 437 446 69 439 
          1   10000000: 493 494 495 496 141 85 86 
          6   60000000: 444 437 443 69 439 
          3   30000000: 473 448 437 438 69 439 
          1   10000000: 497 436 437 443 69 439 
          4   40000000: 479 454 437 446 69 439 
          4   40000000: 498 437 438 69 439 
          1   10000000: 499 500 141 85 86 
          2   20000000: 478 436 437 443 69 439 
          6   60000000: 501 438 69 439 
          1   10000000: 502 448 437 438 69 439 
          1   10000000: 503 466 69 467 468 469 504 24 25 26 27 24 28 29 30 31 32 40 32 34 5 6 7 8 
          2   20000000: 505 506 438 69 439 
          6   60000000: 507 436 437 438 69 439 
          5   50000000: 445 437 446 69 439 
          1   10000000: 508 509 469 504 24 25 26 27 24 28 29 30 31 32 33 32 34 5 6 7 8 
          1   10000000: 510 448 437 443 69 439 
          4   40000000: 511 437 438 69 439 
          1   10000000: 512 504 24 25 26 27 24 28 29 30 31 32 40 32 34 5 6 7 8 
          1   10000000: 513 494 495 496 141 85 86 
          1   10000000: 514 500 141 85 86 
          1   10000000: 502 448 437 446 69 439 
          5   50000000: 515 436 437 438 69 439 
          2   20000000: 516 448 437 438 69 439 
          1   10000000: 517 472 437 438 69 439 
          1   10000000: 518 454 437 446 69 439 
          4   40000000: 519 436 437 438 69 439 
          1   10000000: 520 437 438 69 439 
          4   40000000: 478 436 437 446 69 439 
          1   10000000: 521 522 472 437 446 69 439 
          2   20000000: 479 509 469 470 5 6 7 8 
          1   10000000: 523 437 438 69 439 
          1   10000000: 524 437 438 69 439 
          4   40000000: 525 448 437 438 69 439 
          2   20000000: 525 448 437 446 69 439 
          1   10000000: 507 436 437 446 69 439 
          8   80000000: 484 485 486 487 488 489 443 69 
          1   10000000: 526 22 23 24 25 26 27 24 28 29 30 31 32 33 32 34 5 6 7 8 
          4   40000000: 440 443 69 439 
          1   10000000: 527 437 438 69 439 
          5   50000000: 528 438 69 439 
          1   10000000: 529 454 437 438 69 439 
          2   20000000: 462 446 69 439 
          3   30000000: 530 437 438 69 439 
          9   90000000: 450 448 437 438 69 439 
          2   20000000: 531 438 69 439 
          1   10000000: 532 178 5 6 7 8 
          2   20000000: 533 448 437 438 69 439 
          7   70000000: 474 437 438 69 439 
          2   20000000: 442 436 437 446 69 439 
          1   10000000: 534 500 141 85 86 
          2   20000000: 481 437 443 69 439 
          2   20000000: 535 522 472 437 438 69 439 
          1   10000000: 311 52 116 108 109 218 80 81 3 4 5 6 7 8 
          1   10000000: 536 437 446 69 439 
          1   10000000: 464 436 437 446 69 439 
          2   20000000: 537 454 437 438 69 439 
          1   10000000: 490 448 437 438 69 439 
          1   10000000: 511 437 443 69 439 
          3   30000000: 538 448 437 438 69 439 
          1   10000000: 539 448 437 446 69 439 
          1   10000000: 540 541 542 489 438 69 439 
          1   10000000: 543 27 24 28 29 30 31 32 40 32 34 5 6 7 8 
          3   30000000: 544 437 438 69 439 
          4   40000000: 545 448 437 438 69 439 
          1   10000000: 546 437 438 69 439 
          1   10000000: 547 448 437 438 69 439 
          1   10000000: 548 448 437 438 69 439 
          1   10000000: 234 116 108 109 100 80 81 3 4 5 6 7 8 
          2   20000000: 441 437 443 69 439 
          2   20000000: 549 438 69 439 
          1   10000000: 480 437 443 69 439 
          1   10000000: 525 448 437 443 69 439 
          1   10000000: 550 374 170 81 3 4 5 6 7 8 
          1   10000000: 538 448 437 443 69 439 
          1   10000000: 551 465 466 69 467 552 553 19 5 6 7 8 
          3   30000000: 554 437 438 69 439 
          2   20000000: 555 448 437 443 69 439 
          6   60000000: 539 448 437 438 69 439 
          2   20000000: 455 436 437 443 69 439 
          1   10000000: 556 500 141 85 86 
          3   30000000: 557 438 69 439 
          1   10000000: 503 466 69 467 552 558 5 6 7 8 
          3   30000000: 449 448 437 443 69 439 
          1   10000000: 484 485 486 487 559 560 448 437 443 69 
          2   20000000: 561 437 446 69 439 
          1   10000000: 562 436 437 443 69 439 
          1   10000000: 457 437 446 69 439 
          5   50000000: 484 485 486 487 559 560 448 437 438 69 
          1   10000000: 563 564 565 141 566 15 16 
          1   10000000: 567 568 542 489 438 69 439 
          3   30000000: 569 448 437 438 69 439 
          7   70000000: 563 564 570 571 572 73 74 75 22 23 24 25 26 27 24 28 29 30 31 32 40 32 34 5 6 7 8 
          1   10000000: 563 564 570 571 572 73 74 75 22 23 24 28 29 30 31 32 40 32 34 5 6 7 8 
          5   50000000: 563 564 570 573 216 68 69 
          1   10000000: 574 575 576 577 578 69 579 580 581 
          1   10000000: 582 578 69 579 580 581 
          1   10000000: 376 377 30 31 32 40 32 34 5 6 7 8 
          1   10000000: 583 575 576 577 578 69 579 580 581 
          9   90000000: 563 564 584 68 69 
         23  230000000: 563 564 585 586 69 
         12  120000000: 563 564 570 571 572 73 74 75 22 23 24 25 26 27 24 28 29 30 31 32 33 32 34 5 6 7 8 
          1   10000000: 587 588 578 69 579 580 581 
          2   20000000: 563 564 570 571 572 73 74 75 52 76 47 30 31 32 33 32 34 5 6 7 8 
          4   40000000: 563 564 589 68 69 
          1   10000000: 590 580 581 
          1   10000000: 9 10 11 12 13 14 591 86 
          1   10000000: 592 593 580 581 
          1   10000000: 594 161 88 47 30 31 32 33 32 34 5 6 7 8 
          1   10000000: 595 339 3 4 5 6 7 8 
          1   10000000: 361 100 80 81 3 4 5 6 7 8 
          2   20000000: 37 27 24 28 29 30 31 32 40 32 34 5 6 7 8 
          3   30000000: 596 27 24 28 29 30 31 32 40 32 34 5 6 7 8 
          1   10000000: 597 250 251 214 3 4 5 6 7 8 
          3   30000000: 598 25 26 27 24 28 29 30 31 32 33 32 34 5 6 7 8 
          1   10000000: 599 32 34 5 6 7 8 
          2   20000000: 220 21 22 23 24 25 26 27 24 28 29 30 31 32 40 32 34 5 6 7 8 
          3   30000000: 277 45 39 22 23 24 25 26 27 24 28 29 30 31 32 40 32 34 5 6 7 8 
          2   20000000: 600 4 5 6 7 8 
          1   10000000: 397 88 47 30 31 32 40 32 34 5 6 7 8 
          1   10000000: 601 30 31 32 33 32 34 5 6 7 8 
          1   10000000: 602 4 5 6 7 8 
          2   20000000: 543 27 24 28 29 30 31 32 33 32 34 5 6 7 8 
          1   10000000: 43 44 45 39 52 79 80 81 3 4 5 6 7 8 
          1   10000000: 135 126 388 59 3 4 5 6 7 8 
          1   10000000: 603 269 31 32 33 32 34 5 6 7 8 
          1   10000000: 604 22 23 24 25 26 27 24 28 29 30 31 32 40 32 34 5 6 7 8 
          1   10000000: 605 27 24 28 29 30 31 32 40 32 34 5 6 7 8 
          1   10000000: 606 197 81 3 4 5 6 7 8 
          2   20000000: 360 22 23 24 25 26 27 24 28 29 30 31 32 33 32 34 5 6 7 8 
          1   10000000: 607 25 26 27 24 28 29 30 31 32 40 32 34 5 6 7 8 
          1   10000000: 50 51 52 116 108 109 409 80 81 3 4 5 6 7 8 
          1   10000000: 608 315 102 33 32 34 5 6 7 8 
          1   10000000: 196 424 3 4 5 6 7 8 
          1   10000000: 310 45 39 22 23 24 28 29 30 31 32 40 32 34 5 6 7 8 
          1   10000000: 334 609 3 4 5 6 7 8 
          1   10000000: 610 47 30 31 32 40 32 34 5 6 7 8 
          2   20000000: 611 23 24 25 26 27 24 28 29 30 31 32 40 32 34 5 6 7 8 
          3   30000000: 612 3 4 5 6 7 8 
          1   10000000: 613 614 214 3 4 5 6 7 8 
          1   10000000: 615 24 25 26 27 24 28 29 30 31 32 40 32 34 5 6 7 8 
          1   10000000: 335 24 25 26 27 24 28 29 30 31 32 40 32 34 5 6 7 8 
          1   10000000: 239 21 250 251 95 3 4 5 6 7 8 
          1   10000000: 310 45 39 22 23 24 25 26 27 24 28 29 30 31 32 33 32 34 5 6 7 8 
          4   40000000: 616 3 4 5 6 7 8 
          1   10000000: 244 126 136 245 212 393 95 3 4 5 6 7 8 
          1   10000000: 363 152 4 5 6 7 8 
          1   10000000: 617 106 107 108 373 374 145 81 3 4 5 6 7 8 
          3   30000000: 618 27 24 28 29 30 31 32 33 32 34 5 6 7 8 
          1   10000000: 115 52 53 30 31 32 33 32 34 5 6 7 8 
          1   10000000: 619 108 117 81 3 4 5 6 7 8 
          1   10000000: 65 61 32 40 32 34 5 6 7 8 
          1   10000000: 246 620 47 30 31 32 40 32 34 5 6 7 8 
          1   10000000: 149 219 131 61 32 33 32 34 5 6 7 8 
          2   20000000: 386 178 5 6 7 8 
          8   80000000: 621 45 39 22 23 24 25 26 27 24 28 29 30 31 32 33 32 34 5 6 7 8 
          4   40000000: 78 22 23 24 25 26 27 24 28 29 30 31 32 33 32 34 5 6 7 8 
          1   10000000: 622 120 3 4 5 6 7 8 
          2   20000000: 623 88 47 30 31 32 33 32 34 5 6 7 8 
          2   20000000: 624 52 116 108 109 409 80 81 3 4 5 6 7 8 
          1   10000000: 625 339 3 4 5 6 7 8 
          1   10000000: 135 126 127 102 184 61 32 40 32 34 5 6 7 8 
          1   10000000: 252 22 626 3 4 5 6 7 8 
          1   10000000: 627 184 61 32 40 32 34 5 6 7 8 
          1   10000000: 425 22 23 24 25 26 27 24 28 29 30 31 32 40 32 34 5 6 7 8 
          1   10000000: 38 39 22 23 24 25 26 27 24 28 29 30 31 32 33 32 34 5 6 7 8 
          1   10000000: 237 219 131 61 32 40 32 34 5 6 7 8 
          3   30000000: 280 22 23 24 25 26 27 24 28 29 30 31 32 40 32 34 5 6 7 8 
          1   10000000: 628 575 629 630 68 69 70 71 72 73 74 75 22 23 24 25 26 27 24 28 29 30 31 32 40 32 34 5 6 7 8 
          1   10000000: 82 24 25 26 27 24 28 29 30 31 32 40 32 34 5 6 7 8 
          1   10000000: 631 22 23 24 25 26 27 24 28 29 30 31 32 33 32 34 5 6 7 8 
          2   20000000: 224 45 39 22 23 24 25 26 27 24 28 29 30 31 32 40 32 34 5 6 7 8 
          1   10000000: 632 67 68 69 70 71 72 73 74 75 22 23 24 25 26 27 24 28 29 30 31 32 33 32 34 5 6 7 8 
          1   10000000: 1 245 633 214 3 4 5 6 7 8 
          1   10000000: 50 51 52 116 108 109 634 80 81 3 4 5 6 7 8 
          2   20000000: 635 636 216 68 69 70 71 72 73 74 75 22 23 24 25 26 27 24 28 29 30 31 32 40 32 34 5 6 7 8 
          1   10000000: 224 45 39 22 23 29 30 31 32 33 32 34 5 6 7 8 
          2   20000000: 206 24 25 26 27 24 28 29 30 31 32 33 32 34 5 6 7 8 
          1   10000000: 157 22 23 24 25 26 27 24 28 29 30 31 32 40 32 34 5 6 7 8 
          1   10000000: 637 52 116 108 156 81 3 4 5 6 7 8 
          1   10000000: 158 638 31 32 40 32 34 5 6 7 8 
          1   10000000: 55 165 4 5 6 7 8 
          1   10000000: 48 315 102 40 32 34 5 6 7 8 
          3   30000000: 618 27 24 28 29 30 31 32 40 32 34 5 6 7 8 
          1   10000000: 383 219 131 61 32 33 32 34 5 6 7 8 
          3   30000000: 621 45 39 22 23 24 25 26 27 24 28 29 30 31 32 40 32 34 5 6 7 8 
          1   10000000: 596 27 24 28 29 30 31 32 33 32 34 5 6 7 8 
          1   10000000: 347 102 184 61 32 40 32 34 5 6 7 8 
          1   10000000: 639 32 34 5 6 7 8 
          1   10000000: 640 641 30 31 32 40 32 34 5 6 7 8 
          1   10000000: 383 293 4 5 6 7 8 
          1   10000000: 642 5 6 7 8 
          2   20000000: 341 24 25 26 27 24 28 29 30 31 32 40 32 34 5 6 7 8 
          1   10000000: 351 219 131 61 32 40 32 34 5 6 7 8 
          1   10000000: 643 3 4 5 6 7 8 
          1   10000000: 644 21 22 23 24 28 29 30 31 32 33 32 34 5 6 7 8 
          1   10000000: 400 52 116 108 109 110 81 3 4 5 6 7 8 
          1   10000000: 322 626 3 4 5 6 7 8 
          1   10000000: 368 27 24 28 29 30 31 32 33 32 34 5 6 7 8 
          1   10000000: 645 251 95 3 4 5 6 7 8 
          1   10000000: 646 165 4 5 6 7 8 
          3   30000000: 353 36 27 24 28 29 30 31 32 40 32 34 5 6 7 8 
          1   10000000: 337 327 5 6 7 8 
          1   10000000: 58 59 3 4 5 6 7 8 
          2   20000000: 647 205 131 61 32 40 32 34 5 6 7 8 
          1   10000000: 135 126 609 3 4 5 6 7 8 
          2   20000000: 261 25 26 27 24 28 29 30 31 32 40 32 34 5 6 7 8 
          2   20000000: 648 24 25 26 27 24 28 29 30 31 32 40 32 34 5 6 7 8 
          1   10000000: 649 21 52 76 47 30 31 32 40 32 34 5 6 7 8 
          2   20000000: 48 315 102 34 5 6 7 8 
          1   10000000: 650 424 3 4 5 6 7 8 
          1   10000000: 135 126 136 245 212 393 95 3 4 5 6 7 8 
          2   20000000: 651 168 67 68 69 70 71 72 73 74 75 22 23 24 25 26 27 24 28 29 30 31 32 33 32 34 5 6 7 8 
          1   10000000: 420 102 184 61 32 40 32 34 5 6 7 8 
          4   40000000: 322 23 24 25 26 27 24 28 29 30 31 32 33 32 34 5 6 7 8 
          4   40000000: 394 24 25 26 27 24 28 29 30 31 32 40 32 34 5 6 7 8 
          1   10000000: 362 22 23 24 25 26 27 24 28 29 30 31 32 40 32 34 5 6 7 8 
          1   10000000: 369 22 23 24 25 26 27 24 28 29 30 31 32 33 32 34 5 6 7 8 
          1   10000000: 652 3 4 5 6 7 8 
          1   10000000: 344 289 24 25 26 27 24 28 29 30 31 32 40 32 34 5 6 7 8 
          2   20000000: 653 214 3 4 5 6 7 8 
          1   10000000: 407 183 5 6 7 8 
          3   30000000: 228 36 27 24 28 29 30 31 32 40 32 34 5 6 7 8 
          1   10000000: 654 305 69 306 307 308 309 22 23 24 25 26 27 24 28 29 30 31 32 40 32 34 5 6 7 8 
          2   20000000: 637 52 116 108 109 100 80 81 3 4 5 6 7 8 
          1   10000000: 655 656 216 68 69 70 71 72 73 74 75 22 23 24 25 26 27 24 28 29 30 31 32 40 32 34 5 6 7 8 
          1   10000000: 657 32 33 32 34 5 6 7 8 
          1   10000000: 280 250 251 95 3 4 5 6 7 8 
          1   10000000: 229 107 108 109 423 81 3 4 5 6 7 8 
          5   50000000: 316 22 23 24 25 26 27 24 28 29 30 31 32 40 32 34 5 6 7 8 
          1   10000000: 658 81 3 4 5 6 7 8 
          1   10000000: 659 194 3 4 5 6 7 8 
          1   10000000: 660 34 5 6 7 8 
          1   10000000: 273 136 245 633 214 3 4 5 6 7 8 
          1   10000000: 661 
          1   10000000: 662 250 251 95 3 4 5 6 7 8 
          1   10000000: 663 178 5 6 7 8 
          1   10000000: 594 161 88 47 30 31 32 40 32 34 5 6 7 8 
          1   10000000: 334 127 102 61 32 40 32 34 5 6 7 8 
          1   10000000: 664 27 24 28 29 30 31 32 40 32 34 5 6 7 8 
          1   10000000: 665 19 5 6 7 8 
          1   10000000: 365 22 23 24 25 26 27 24 28 29 30 31 32 33 32 34 5 6 7 8 
          1   10000000: 666 109 423 81 3 4 5 6 7 8 
          1   10000000: 667 668 81 3 4 5 6 7 8 
          1   10000000: 669 150 4 5 6 7 8 
          1   10000000: 670 21 52 79 170 81 3 4 5 6 7 8 
          1   10000000: 671 203 59 3 4 5 6 7 8 
          1   10000000: 359 40 32 34 5 6 7 8 
          1   10000000: 672 79 170 81 3 4 5 6 7 8 
          1   10000000: 673 108 109 634 80 81 3 4 5 6 7 8 
          3   30000000: 674 24 25 26 27 24 28 29 30 31 32 40 32 34 5 6 7 8 
          2   20000000: 417 47 30 31 32 40 32 34 5 6 7 8 
          1   10000000: 675 107 108 373 374 80 81 3 4 5 6 7 8 
          1   10000000: 224 45 39 22 23 24 28 29 30 31 32 40 32 34 5 6 7 8 
          1   10000000: 676 677 68 69 70 71 72 73 74 75 22 120 3 4 5 6 7 8 
          1   10000000: 99 230 81 3 4 5 6 7 8 
          1   10000000: 678 155 106 107 108 109 100 145 81 3 4 5 6 7 8 
          1   10000000: 679 18 19 5 6 7 8 
          1   10000000: 680 52 53 30 31 32 33 32 34 5 6 7 8 
          1   10000000: 132 133 285 130 131 61 32 33 32 34 5 6 7 8 
          1   10000000: 681 52 116 108 682 683 81 3 4 5 6 7 8 
          1   10000000: 149 165 4 5 6 7 8 
          1   10000000: 684 685 64 4 5 6 7 8 
          1   10000000: 686 45 39 22 23 24 25 26 27 24 28 29 30 31 32 40 32 34 5 6 7 8 
          1   10000000: 347 102 184 61 32 33 32 34 5 6 7 8 
          2   20000000: 648 24 25 26 27 24 28 29 30 31 32 33 32 34 5 6 7 8 
          1   10000000: 687 75 22 23 24 25 26 27 24 28 29 30 31 32 33 32 34 5 6 7 8 
          1   10000000: 43 44 45 39 133 285 130 131 61 32 33 32 34 5 6 7 8 
          1   10000000: 688 26 27 24 28 29 30 31 32 33 32 34 5 6 7 8 
          1   10000000: 689 22 23 24 25 26 27 24 28 29 30 31 32 40 32 34 5 6 7 8 
          2   20000000: 690 3 4 5 6 7 8 
          1   10000000: 691 3 4 5 6 7 8 
          1   10000000: 312 197 81 3 4 5 6 7 8 
          1   10000000: 347 102 61 32 33 32 34 5 6 7 8 
          4   40000000: 611 23 24 25 26 27 24 28 29 30 31 32 33 32 34 5 6 7 8 
          1   10000000: 692 197 81 3 4 5 6 7 8 
          1   10000000: 693 694 318 184 61 32 40 32 34 5 6 7 8 
          1   10000000: 673 108 373 374 80 81 3 4 5 6 7 8 
          1   10000000: 695 44 45 39 22 120 3 4 5 6 7 8 
          1   10000000: 132 52 116 108 117 81 3 4 5 6 7 8 
          1   10000000: 696 45 39 22 23 24 25 26 27 24 28 29 30 31 32 40 32 34 5 6 7 8 
          1   10000000: 316 52 116 108 373 374 80 81 3 4 5 6 7 8 
          1   10000000: 232 293 4 5 6 7 8 
          1   10000000: 48 315 102 128 32 33 32 34 5 6 7 8 
          1   10000000: 697 116 108 373 374 80 81 3 4 5 6 7 8 
          1   10000000: 698 52 116 108 109 409 80 81 3 4 5 6 7 8 
          1   10000000: 699 51 52 116 108 109 100 80 81 3 4 5 6 7 8 
          1   10000000: 229 107 108 109 110 81 3 4 5 6 7 8 
          1   10000000: 700 4 5 6 7 8 
          1   10000000: 399 168 67 68 69 70 71 72 73 74 75 22 23 24 25 26 27 24 28 29 30 31 32 33 32 34 5 6 7 8 
          1   10000000: 701 165 4 5 6 7 8 
          1   10000000: 112 250 251 95 3 4 5 6 7 8 
          1   10000000: 702 52 79 80 81 3 4 5 6 7 8 
          1   10000000: 608 315 102 40 32 34 5 6 7 8 
          1   10000000: 404 36 27 24 28 29 30 31 32 40 32 34 5 6 7 8 
          1   10000000: 703 633 95 3 4 5 6 7 8 
          1   10000000: 362 52 116 108 117 81 3 4 5 6 7 8 
          1   10000000: 704 33 32 34 5 6 7 8 
          1   10000000: 705 5 6 7 8 
          1   10000000: 77 22 23 24 25 26 27 24 28 29 30 31 32 33 32 34 5 6 7 8 
          1   10000000: 706 22 23 24 25 26 27 24 28 29 30 31 32 33 32 34 5 6 7 8 
          1   10000000: 158 356 269 31 32 40 32 34 5 6 7 8 
          1   10000000: 187 45 39 22 23 29 30 31 32 33 32 34 5 6 7 8 
          1   10000000: 149 205 131 61 32 33 32 34 5 6 7 8 
          2   20000000: 232 219 131 61 32 33 32 34 5 6 7 8 
          2   20000000: 193 51 22 23 24 25 26 27 24 28 29 30 31 32 40 32 34 5 6 7 8 
          1   10000000: 707 24 25 26 27 24 28 29 30 31 32 33 32 34 5 6 7 8 
          1   10000000: 181 22 23 24 25 26 27 24 28 29 30 31 32 40 32 34 5 6 7 8 
          1   10000000: 708 52 116 108 156 81 3 4 5 6 7 8 
          1   10000000: 709 414 194 3 4 5 6 7 8 
          1   10000000: 707 24 25 26 27 24 28 29 30 31 32 40 32 34 5 6 7 8 
          1   10000000: 188 27 24 28 29 30 31 32 33 32 34 5 6 7 8 
          2   20000000: 252 22 23 24 25 26 27 24 28 29 30 31 32 40 32 34 5 6 7 8 
          1   10000000: 314 414 2 3 4 5 6 7 8 
          1   10000000: 221 638 31 32 40 32 34 5 6 7 8 
          2   20000000: 121 668 81 3 4 5 6 7 8 
          1   10000000: 710 161 88 47 30 31 32 40 32 34 5 6 7 8 
          1   10000000: 711 130 131 61 32 33 32 34 5 6 7 8 
          1   10000000: 712 40 32 34 5 6 7 8 
          1   10000000: 713 656 216 68 69 70 71 72 73 74 75 22 23 24 25 26 27 24 28 29 30 31 32 40 32 34 5 6 7 8 
          1   10000000: 276 130 131 61 32 33 32 34 5 6 7 8 
          1   10000000: 714 33 32 34 5 6 7 8 
          1   10000000: 715 315 102 34 5 6 7 8 
          1   10000000: 689 22 23 24 25 26 27 24 28 29 30 31 32 33 32 34 5 6 7 8 
          1   10000000: 716 219 131 61 32 40 32 34 5 6 7 8 
          1   10000000: 717 3 4 5 6 7 8 
          2   20000000: 610 47 30 31 32 33 32 34 5 6 7 8 
          1   10000000: 718 719 5 6 7 8 
          1   10000000: 701 219 131 61 32 40 32 34 5 6 7 8 
          1   10000000: 720 31 32 33 32 34 5 6 7 8 
          1   10000000: 721 722 723 724 725 726 727 86 
          1   10000000: 728 269 31 32 40 32 34 5 6 7 8 
          1   10000000: 674 24 25 26 27 24 28 29 30 31 32 33 32 34 5 6 7 8 
          1   10000000: 171 21 22 23 24 25 26 27 24 28 29 30 31 32 33 32 34 5 6 7 8 
          1   10000000: 729 641 30 31 32 33 32 34 5 6 7 8 
          1   10000000: 710 161 88 47 30 31 32 33 32 34 5 6 7 8 
          1   10000000: 730 18 19 5 6 7 8 
          1   10000000: 321 90 4 5 6 7 8 
          1   10000000: 675 107 108 109 423 81 3 4 5 6 7 8 
          1   10000000: 731 2 3 4 5 6 7 8 
          1   10000000: 732 58 59 3 4 5 6 7 8 
          1   10000000: 621 45 39 133 285 130 131 61 32 33 32 34 5 6 7 8 
          1   10000000: 650 205 131 61 32 33 32 34 5 6 7 8 
          1   10000000: 672 53 30 31 32 33 32 34 5 6 7 8 
          2   20000000: 221 102 40 32 34 5 6 7 8 
         28  280000000: 733 734 104 75 22 23 24 25 26 27 24 28 29 30 31 32 33 32 34 5 6 7 8 
          4   40000000: 735 736 73 74 75 52 79 80 81 3 4 5 6 7 8 
         68  680000000: 735 736 73 74 75 22 23 24 25 26 27 24 28 29 30 31 32 40 32 34 5 6 7 8 
         41  410000000: 737 738 739 740 656 216 68 69 
        112 1120000000: 735 736 73 74 75 22 23 24 25 26 27 24 28 29 30 31 32 33 32 34 5 6 7 8 
         56  560000000: 737 738 739 740 573 216 68 69 
          4   40000000: 735 736 73 74 75 22 120 3 4 5 6 7 8 
          2   20000000: 735 736 73 74 75 22 23 24 28 29 30 31 32 40 32 34 5 6 7 8 
         18  180000000: 733 734 104 75 22 23 24 25 26 27 24 28 29 30 31 32 40 32 34 5 6 7 8 
          3   30000000: 735 736 73 74 75 250 251 214 3 4 5 6 7 8 
          2   20000000: 735 736 73 74 75 250 251 95 3 4 5 6 7 8 
          1   10000000: 733 734 104 75 22 23 24 28 29 30 31 32 33 32 34 5 6 7 8 
          1   10000000: 741 25 26 27 24 28 29 30 31 32 33 32 34 5 6 7 8 
          1   10000000: 735 736 73 74 264 52 116 108 373 374 80 81 3 4 5 6 7 8 
          2   20000000: 624 22 23 24 25 26 27 24 28 29 30 31 32 40 32 34 5 6 7 8 
          1   10000000: 334 127 236 4 5 6 7 8 
          1   10000000: 735 736 73 74 264 52 116 108 109 634 80 81 3 4 5 6 7 8 
          2   20000000: 735 736 73 74 75 22 23 29 30 31 32 33 32 34 5 6 7 8 
          1   10000000: 735 736 73 74 75 52 53 30 31 32 33 32 34 5 6 7 8 
          1   10000000: 379 25 26 27 24 28 29 30 31 32 40 32 34 5 6 7 8 
          2   20000000: 735 736 73 74 264 52 116 108 682 683 81 3 4 5 6 7 8 
          1   10000000: 742 52 116 108 117 81 3 4 5 6 7 8 
          2   20000000: 735 736 73 74 75 52 76 47 30 31 32 40 32 34 5 6 7 8 
          1   10000000: 253 178 5 6 7 8 
          2   20000000: 735 736 73 74 75 133 134 130 131 61 32 40 32 34 5 6 7 8 
          1   10000000: 655 656 216 68 69 70 71 72 73 74 75 22 120 3 4 5 6 7 8 
          1   10000000: 735 736 73 74 75 52 53 30 31 32 40 32 34 5 6 7 8 
          1   10000000: 733 734 104 75 22 120 3 4 5 6 7 8 
          6   60000000: 735 736 73 74 75 52 76 47 30 31 32 33 32 34 5 6 7 8 
          1   10000000: 743 36 27 24 28 29 30 31 32 33 32 34 5 6 7 8 
          1   10000000: 744 52 79 80 81 3 4 5 6 7 8 
          1   10000000: 735 736 73 74 264 52 116 108 156 81 3 4 5 6 7 8 
          1   10000000: 670 745 746 72 73 74 75 22 23 24 25 26 27 24 28 29 30 31 32 40 32 34 5 6 7 8 
          1   10000000: 747 24 25 26 27 24 28 29 30 31 32 33 32 34 5 6 7 8 
          1   10000000: 272 24 25 26 27 24 28 29 30 31 32 40 32 34 5 6 7 8 
          2   20000000: 735 736 73 74 264 52 116 108 109 409 80 81 3 4 5 6 7 8 
          1   10000000: 735 736 73 74 264 265 266 3 4 5 6 7 8 
          1   10000000: 234 79 80 81 3 4 5 6 7 8 
          1   10000000: 748 414 194 3 4 5 6 7 8 
          1   10000000: 234 116 108 373 374 80 81 3 4 5 6 7 8 
          1   10000000: 186 39 22 23 29 30 31 32 40 32 34 5 6 7 8 
          1   10000000: 484 485 749 750 751 752 443 69 
          2   20000000: 475 437 446 69 439 
          2   20000000: 460 448 437 446 69 439 
          1   10000000: 753 22 23 24 25 26 27 24 28 29 30 31 32 33 32 34 5 6 7 8 
          2   20000000: 452 437 443 69 439 
          1   10000000: 754 448 437 446 69 439 
          2   20000000: 755 472 437 438 69 439 
          1   10000000: 756 757 85 86 
          1   10000000: 758 469 504 24 25 26 27 24 28 29 30 31 32 33 32 34 5 6 7 8 
          1   10000000: 759 472 437 443 69 439 
          1   10000000: 511 437 446 69 439 
          1   10000000: 501 446 69 439 
          1   10000000: 604 22 23 24 25 26 27 24 28 29 30 31 32 33 32 34 5 6 7 8 
          1   10000000: 9 10 11 12 13 760 85 86 
          1   10000000: 256 257 761 762 260 141 85 86 
          1   10000000: 763 436 437 443 69 439 
          1   10000000: 182 197 81 3 4 5 6 7 8 
          1   10000000: 536 437 438 69 439 
          4   40000000: 521 522 472 437 438 69 439 
          1   10000000: 453 454 437 443 69 439 
          1   10000000: 764 509 469 504 24 25 26 27 24 28 29 30 31 32 33 32 34 5 6 7 8 
          1   10000000: 765 446 69 439 
          1   10000000: 766 318 184 61 32 40 32 34 5 6 7 8 
          1   10000000: 767 643 3 4 5 6 7 8 
          1   10000000: 435 465 466 69 467 468 469 470 5 6 7 8 
          1   10000000: 229 107 108 109 634 145 81 3 4 5 6 7 8 
          1   10000000: 768 448 437 438 69 439 
          1   10000000: 769 437 438 69 439 
          4   40000000: 770 448 437 438 69 439 
          1   10000000: 765 438 69 439 
          1   10000000: 452 437 446 69 439 
          1   10000000: 555 448 437 438 69 439 
          1   10000000: 771 437 438 69 439 
          1   10000000: 647 205 131 61 32 33 32 34 5 6 7 8 
          1   10000000: 510 448 437 438 69 439 
          1   10000000: 772 436 437 438 69 439 
          1   10000000: 277 45 39 250 251 95 3 4 5 6 7 8 
          1   10000000: 773 448 437 446 69 439 
          1   10000000: 774 436 437 438 69 439 
          1   10000000: 775 437 438 69 439 
          1   10000000: 554 437 443 69 439 
          1   10000000: 776 500 141 85 86 
          4   40000000: 563 564 777 141 85 86 
          1   10000000: 531 443 69 439 
          1   10000000: 544 437 443 69 439 
          1   10000000: 442 465 466 69 467 552 778 108 109 423 81 3 4 5 6 7 8 
          1   10000000: 779 437 443 69 439 
          1   10000000: 780 781 782 757 566 15 783 26 27 24 28 29 30 31 32 40 32 34 5 6 7 8 
          3   30000000: 480 437 446 69 439 
          1   10000000: 784 469 470 5 6 7 8 
          1   10000000: 435 436 437 446 69 439 
          1   10000000: 785 786 22 23 24 25 26 27 24 28 29 30 31 32 40 32 34 5 6 7 8 
          1   10000000: 518 454 437 438 69 439 
          1   10000000: 529 454 437 443 69 439 
          1   10000000: 770 448 437 443 69 439 
          1   10000000: 48 414 245 212 393 214 3 4 5 6 7 8 
          2   20000000: 787 522 472 437 438 69 439 
          1   10000000: 547 448 437 446 69 439 
          1   10000000: 788 789 790 542 489 438 69 439 
          1   10000000: 461 437 446 69 439 
          1   10000000: 791 4 5 6 7 8 
          1   10000000: 792 446 69 439 
          1   10000000: 501 443 69 439 
          1   10000000: 793 437 438 69 439 
          1   10000000: 794 580 581 
          1   10000000: 795 796 578 69 579 580 581 
          3   30000000: 563 564 570 571 580 581 
          1   10000000: 797 
          1   10000000: 798 576 577 578 69 579 580 581 
          1   10000000: 799 
          1   10000000: 800 578 69 579 580 581 
          1   10000000: 801 802 581 
          1   10000000: 563 564 570 571 572 73 74 75 52 79 145 81 3 4 5 6 7 8 
          1   10000000: 132 22 23 29 30 31 32 40 32 34 5 6 7 8 
          1   10000000: 803 3 4 5 6 7 8 
          1   10000000: 804 428 3 4 5 6 7 8 
          2   20000000: 323 88 47 30 31 32 40 32 34 5 6 7 8 
          1   10000000: 624 133 285 130 131 61 32 33 32 34 5 6 7 8 
          1   10000000: 20 21 52 76 47 30 31 32 40 32 34 5 6 7 8 
          1   10000000: 805 81 3 4 5 6 7 8 
          1   10000000: 255 25 26 27 24 28 29 30 31 32 33 32 34 5 6 7 8 
          1   10000000: 806 64 4 5 6 7 8 
          1   10000000: 807 107 108 156 81 3 4 5 6 7 8 
          1   10000000: 172 116 108 109 100 170 81 3 4 5 6 7 8 
          1   10000000: 611 120 3 4 5 6 7 8 
          1   10000000: 361 173 81 3 4 5 6 7 8 
          1   10000000: 253 150 4 5 6 7 8 
          1   10000000: 808 95 3 4 5 6 7 8 
          1   10000000: 809 68 69 70 71 72 73 74 75 22 23 24 25 26 27 24 28 29 30 31 32 40 32 34 5 6 7 8 
          1   10000000: 810 108 156 81 3 4 5 6 7 8 
          1   10000000: 811 414 428 3 4 5 6 7 8 
          1   10000000: 812 133 134 130 131 61 32 40 32 34 5 6 7 8 
          1   10000000: 813 25 26 27 24 28 29 30 31 32 33 32 34 5 6 7 8 
          1   10000000: 115 22 23 24 25 26 27 24 28 29 30 31 32 40 32 34 5 6 7 8 
          1   10000000: 814 19 5 6 7 8 
          1   10000000: 224 45 39 133 134 130 131 61 32 40 32 34 5 6 7 8 
          1   10000000: 340 22 23 24 25 26 27 24 28 29 30 31 32 33 32 34 5 6 7 8 
          1   10000000: 235 126 127 638 31 32 40 32 34 5 6 7 8 
          1   10000000: 20 815 266 3 4 5 6 7 8 
          1   10000000: 816 346 3 4 5 6 7 8 
          1   10000000: 262 22 23 24 25 26 27 24 28 29 30 31 32 33 32 34 5 6 7 8 
          1   10000000: 48 315 102 61 32 40 32 34 5 6 7 8 
          1   10000000: 310 45 39 133 134 130 131 61 32 40 32 34 5 6 7 8 
          1   10000000: 817 27 24 28 29 30 31 32 33 32 34 5 6 7 8 
          1   10000000: 698 22 23 24 25 26 27 24 28 29 30 31 32 33 32 34 5 6 7 8 
          1   10000000: 818 178 5 6 7 8 
          1   10000000: 812 22 23 24 25 26 27 24 28 29 30 31 32 40 32 34 5 6 7 8 
          1   10000000: 819 24 25 26 27 24 28 29 30 31 32 33 32 34 5 6 7 8 
          1   10000000: 233 21 22 23 24 25 26 27 24 28 29 30 31 32 40 32 34 5 6 7 8 
          1   10000000: 190 107 108 109 423 81 3 4 5 6 7 8 
          1   10000000: 820 95 3 4 5 6 7 8 
          1   10000000: 821 68 69 70 71 72 73 74 75 22 23 24 25 26 27 24 28 29 30 31 32 33 32 34 5 6 7 8 
          1   10000000: 655 656 216 68 69 70 71 72 73 74 75 22 23 24 25 26 27 24 28 29 30 31 32 33 32 34 5 6 7 8 
          1   10000000: 666 109 218 80 81 3 4 5 6 7 8 
          1   10000000: 50 51 22 23 24 25 26 27 24 28 29 30 31 32 33 32 34 5 6 7 8 
          1   10000000: 326 205 131 61 32 40 32 34 5 6 7 8 
          1   10000000: 277 45 39 22 23 24 28 29 30 31 32 40 32 34 5 6 7 8 
          1   10000000: 822 32 40 32 34 5 6 7 8 
          1   10000000: 360 133 134 130 131 61 32 40 32 34 5 6 7 8 
          1   10000000: 823 25 26 27 24 28 29 30 31 32 33 32 34 5 6 7 8 
          1   10000000: 824 47 30 31 32 40 32 34 5 6 7 8 
          1   10000000: 825 22 23 24 25 26 27 24 28 29 30 31 32 33 32 34 5 6 7 8 
          1   10000000: 826 64 4 5 6 7 8 
          1   10000000: 827 27 24 28 29 30 31 32 33 32 34 5 6 7 8 
          1   10000000: 828 214 3 4 5 6 7 8 
          1   10000000: 829 22 23 24 25 26 27 24 28 29 30 31 32 40 32 34 5 6 7 8 
          1   10000000: 733 734 104 75 22 23 29 30 31 32 40 32 34 5 6 7 8 
          1   10000000: 363 150 4 5 6 7 8 
          1   10000000: 617 106 107 108 682 683 81 3 4 5 6 7 8 
          1   10000000: 177 424 3 4 5 6 7 8 
          1   10000000: 830 19 5 6 7 8 
          1   10000000: 735 736 73 74 75 133 285 130 131 61 32 33 32 34 5 6 7 8 
          1   10000000: 221 102 61 32 33 32 34 5 6 7 8 
          1   10000000: 310 45 39 250 251 95 3 4 5 6 7 8 
          1   10000000: 9 10 11 12 13 831 832 69 
Locations
     1: 0x100cac928 M=1 github.com/johnsonlee/graphite/graphite-server/internal/store.(*Store).ProjectionCandidateNode.func1 /Users/johnsonlee/.codex/benchmarks/graphite/regex-quoted-contains-profile-before-61828229-v1/source/internal/store/projection_node.go:55 s=38
     2: 0x100cabbd3 M=1 github.com/johnsonlee/graphite/graphite-server/internal/store.(*Store).ProjectionCandidateNode.func2 /Users/johnsonlee/.codex/benchmarks/graphite/regex-quoted-contains-profile-before-61828229-v1/source/internal/store/projection_node.go:58 s=57
             github.com/johnsonlee/graphite/graphite-server/internal/store.(*Store).ProjectionCandidateNode /Users/johnsonlee/.codex/benchmarks/graphite/regex-quoted-contains-profile-before-61828229-v1/source/internal/store/projection_node.go:75 s=13
     3: 0x100d0a1db M=1 github.com/johnsonlee/graphite/graphite-server/internal/query.evaluator.lazyGenericNodes.func1 /Users/johnsonlee/.codex/benchmarks/graphite/regex-quoted-contains-profile-before-61828229-v1/source/internal/query/lazy_filtered.go:310 s=302
     4: 0x100d07def M=1 github.com/johnsonlee/graphite/graphite-server/internal/query.evaluator.lazyFiltered /Users/johnsonlee/.codex/benchmarks/graphite/regex-quoted-contains-profile-before-61828229-v1/source/internal/query/lazy_filtered.go:150 s=113
     5: 0x100cdcb8f M=1 github.com/johnsonlee/graphite/graphite-server/internal/query.evaluator.branch /Users/johnsonlee/.codex/benchmarks/graphite/regex-quoted-contains-profile-before-61828229-v1/source/internal/query/engine.go:195 s=173
     6: 0x100cdba13 M=1 github.com/johnsonlee/graphite/graphite-server/internal/query.executeSources /Users/johnsonlee/.codex/benchmarks/graphite/regex-quoted-contains-profile-before-61828229-v1/source/internal/query/engine.go:108 s=60
     7: 0x100cdb327 M=1 github.com/johnsonlee/graphite/graphite-server/internal/query.ExecuteCrossWithOptions /Users/johnsonlee/.codex/benchmarks/graphite/regex-quoted-contains-profile-before-61828229-v1/source/internal/query/engine.go:57 s=42
     8: 0x100d4a79f M=1 main.newWorker.func1 /Users/johnsonlee/.codex/benchmarks/graphite/regex-quoted-contains-profile-before-61828229-v1/source/cmd/graphite-benchmark-latency/main.go:49 s=46
     9: 0x100b2e63f M=1 runtime.pthread_cond_signal /opt/homebrew/Cellar/go/1.22.0/libexec/src/runtime/sys_darwin.go:528 s=527
    10: 0x100b09187 M=1 runtime.semawakeup /opt/homebrew/Cellar/go/1.22.0/libexec/src/runtime/os_darwin.go:84 s=77
    11: 0x100adf563 M=1 runtime.notewakeup /opt/homebrew/Cellar/go/1.22.0/libexec/src/runtime/lock_sema.go:163 s=144
    12: 0x100b13223 M=1 runtime.startm /opt/homebrew/Cellar/go/1.22.0/libexec/src/runtime/proc.go:2895 s=2809
    13: 0x100b13913 M=1 runtime.wakep /opt/homebrew/Cellar/go/1.22.0/libexec/src/runtime/proc.go:3006 s=2975
    14: 0x100b16bff M=1 runtime.goschedImpl /opt/homebrew/Cellar/go/1.22.0/libexec/src/runtime/proc.go:4062 s=4039
    15: 0x100b28dbb M=1 runtime.gopreempt_m /opt/homebrew/Cellar/go/1.22.0/libexec/src/runtime/proc.go:4082 s=4081
             runtime.newstack /opt/homebrew/Cellar/go/1.22.0/libexec/src/runtime/stack.go:1070 s=962
    16: 0x100b40c0f M=1 runtime.morestack /opt/homebrew/Cellar/go/1.22.0/libexec/src/runtime/asm_arm64.s:341 s=301
    17: 0x100b42cf4 M=1 runtime.strhash /opt/homebrew/Cellar/go/1.22.0/libexec/src/runtime/asm_arm64.s:585 s=584
    18: 0x100ae6553 M=1 runtime.mapassign_faststr /opt/homebrew/Cellar/go/1.22.0/libexec/src/runtime/map_faststr.go:215 s=203
    19: 0x100d080b3 M=1 github.com/johnsonlee/graphite/graphite-server/internal/query.evaluator.lazyFiltered /Users/johnsonlee/.codex/benchmarks/graphite/regex-quoted-contains-profile-before-61828229-v1/source/internal/query/lazy_filtered.go:164 s=113
    20: 0x100b43570 M=1 runtime.memclrNoHeapPointers /opt/homebrew/Cellar/go/1.22.0/libexec/src/runtime/memclr_arm64.s:12 s=11
    21: 0x100ae0d37 M=1 runtime.mallocgc /opt/homebrew/Cellar/go/1.22.0/libexec/src/runtime/malloc.go:1153 s=971
    22: 0x100ae12cb M=1 runtime.newobject /opt/homebrew/Cellar/go/1.22.0/libexec/src/runtime/malloc.go:1390 s=1389
    23: 0x100cca057 M=1 github.com/johnsonlee/graphite/graphite-server/internal/javaregex.(*matcher).match /Users/johnsonlee/.codex/benchmarks/graphite/regex-quoted-contains-profile-before-61828229-v1/source/internal/javaregex/match.go:27 s=27
    24: 0x100ccb1cb M=1 github.com/johnsonlee/graphite/graphite-server/internal/javaregex.(*matcher).sequence /Users/johnsonlee/.codex/benchmarks/graphite/regex-quoted-contains-profile-before-61828229-v1/source/internal/javaregex/match.go:171 s=167
    25: 0x100ccb2cb M=1 github.com/johnsonlee/graphite/graphite-server/internal/javaregex.(*matcher).sequence.func1 /Users/johnsonlee/.codex/benchmarks/graphite/regex-quoted-contains-profile-before-61828229-v1/source/internal/javaregex/match.go:171 s=171
    26: 0x100ccbd23 M=1 github.com/johnsonlee/graphite/graphite-server/internal/javaregex.(*matcher).simpleRepeat /Users/johnsonlee/.codex/benchmarks/graphite/regex-quoted-contains-profile-before-61828229-v1/source/internal/javaregex/match.go:274 s=231
    27: 0x100cca34b M=1 github.com/johnsonlee/graphite/graphite-server/internal/javaregex.(*matcher).match /Users/johnsonlee/.codex/benchmarks/graphite/regex-quoted-contains-profile-before-61828229-v1/source/internal/javaregex/match.go:119 s=27
    28: 0x100cca45b M=1 github.com/johnsonlee/graphite/graphite-server/internal/javaregex.(*matcher).match /Users/johnsonlee/.codex/benchmarks/graphite/regex-quoted-contains-profile-before-61828229-v1/source/internal/javaregex/match.go:35 s=27
    29: 0x100cd0def M=1 github.com/johnsonlee/graphite/graphite-server/internal/javaregex.(*Pattern).MatchesContext /Users/johnsonlee/.codex/benchmarks/graphite/regex-quoted-contains-profile-before-61828229-v1/source/internal/javaregex/regex.go:108 s=98
    30: 0x100d2728f M=1 github.com/johnsonlee/graphite/graphite-server/internal/query.evaluator.regexMatch /Users/johnsonlee/.codex/benchmarks/graphite/regex-quoted-contains-profile-before-61828229-v1/source/internal/query/regex.go:166 s=125
    31: 0x100ce4783 M=1 github.com/johnsonlee/graphite/graphite-server/internal/query.evaluator.binary /Users/johnsonlee/.codex/benchmarks/graphite/regex-quoted-contains-profile-before-61828229-v1/source/internal/query/eval.go:357 s=347
    32: 0x100ce299b M=1 github.com/johnsonlee/graphite/graphite-server/internal/query.evaluator.eval /Users/johnsonlee/.codex/benchmarks/graphite/regex-quoted-contains-profile-before-61828229-v1/source/internal/query/eval.go:162 s=82
    33: 0x100ce4807 M=1 github.com/johnsonlee/graphite/graphite-server/internal/query.evaluator.binary /Users/johnsonlee/.codex/benchmarks/graphite/regex-quoted-contains-profile-before-61828229-v1/source/internal/query/eval.go:359 s=347
    34: 0x100d0812b M=1 github.com/johnsonlee/graphite/graphite-server/internal/query.evaluator.lazyFiltered /Users/johnsonlee/.codex/benchmarks/graphite/regex-quoted-contains-profile-before-61828229-v1/source/internal/query/lazy_filtered.go:165 s=113
    35: 0x100cccb2c M=1 github.com/johnsonlee/graphite/graphite-server/internal/javaregex.(*parser).atom.func1 /Users/johnsonlee/.codex/benchmarks/graphite/regex-quoted-contains-profile-before-61828229-v1/source/internal/javaregex/parse.go:115 s=115
    36: 0x100ccbb93 M=1 github.com/johnsonlee/graphite/graphite-server/internal/javaregex.(*matcher).simpleRepeat /Users/johnsonlee/.codex/benchmarks/graphite/regex-quoted-contains-profile-before-61828229-v1/source/internal/javaregex/match.go:240 s=231
    37: 0x100ccbd00 M=1 github.com/johnsonlee/graphite/graphite-server/internal/javaregex.(*matcher).check /Users/johnsonlee/.codex/benchmarks/graphite/regex-quoted-contains-profile-before-61828229-v1/source/internal/javaregex/match.go:25 s=20
             github.com/johnsonlee/graphite/graphite-server/internal/javaregex.(*matcher).simpleRepeat /Users/johnsonlee/.codex/benchmarks/graphite/regex-quoted-contains-profile-before-61828229-v1/source/internal/javaregex/match.go:269 s=231
    38: 0x100ae8f20 M=1 runtime.heapSetType /opt/homebrew/Cellar/go/1.22.0/libexec/src/runtime/mbitmap_allocheaders.go:854 s=854
    39: 0x100ae0e7f M=1 runtime.mallocgc /opt/homebrew/Cellar/go/1.22.0/libexec/src/runtime/malloc.go:1183 s=971
    40: 0x100ce49fb M=1 github.com/johnsonlee/graphite/graphite-server/internal/query.evaluator.binary /Users/johnsonlee/.codex/benchmarks/graphite/regex-quoted-contains-profile-before-61828229-v1/source/internal/query/eval.go:366 s=347
    41: 0x100caba20 M=1 github.com/johnsonlee/graphite/graphite-server/internal/store.(*Store).ProjectionCandidateNode /Users/johnsonlee/.codex/benchmarks/graphite/regex-quoted-contains-profile-before-61828229-v1/source/internal/store/projection_node.go:13 s=13
    42: 0x100ccbd24 M=1 github.com/johnsonlee/graphite/graphite-server/internal/javaregex.(*matcher).simpleRepeat /Users/johnsonlee/.codex/benchmarks/graphite/regex-quoted-contains-profile-before-61828229-v1/source/internal/javaregex/match.go:274 s=231
    43: 0x100ae8c54 M=1 runtime.heapBitsSlice /opt/homebrew/Cellar/go/1.22.0/libexec/src/runtime/mbitmap_allocheaders.go:737 s=732
             runtime.(*mspan).heapBits /opt/homebrew/Cellar/go/1.22.0/libexec/src/runtime/mbitmap_allocheaders.go:724 s=708
    44: 0x100ae8dd3 M=1 runtime.(*mspan).writeHeapBitsSmall /opt/homebrew/Cellar/go/1.22.0/libexec/src/runtime/mbitmap_allocheaders.go:806 s=786
    45: 0x100ae904b M=1 runtime.heapSetType /opt/homebrew/Cellar/go/1.22.0/libexec/src/runtime/mbitmap_allocheaders.go:863 s=854
    46: 0x100cd0f5c M=1 github.com/johnsonlee/graphite/graphite-server/internal/javaregex.decodeJavaString /Users/johnsonlee/.codex/benchmarks/graphite/regex-quoted-contains-profile-before-61828229-v1/source/internal/javaregex/regex.go:157 s=138
    47: 0x100cd0d43 M=1 github.com/johnsonlee/graphite/graphite-server/internal/javaregex.(*Pattern).MatchesContext /Users/johnsonlee/.codex/benchmarks/graphite/regex-quoted-contains-profile-before-61828229-v1/source/internal/javaregex/regex.go:102 s=98
    48: 0x100b62178 M=1 sync/atomic.(*Value).Load /opt/homebrew/Cellar/go/1.22.0/libexec/src/sync/atomic/value.go:31 s=28
             context.(*cancelCtx).Done /opt/homebrew/Cellar/go/1.22.0/libexec/src/context/context.go:439 s=438
    49: 0x100cabae3 M=1 github.com/johnsonlee/graphite/graphite-server/internal/store.(*Store).ProjectionCandidateNode /Users/johnsonlee/.codex/benchmarks/graphite/regex-quoted-contains-profile-before-61828229-v1/source/internal/store/projection_node.go:23 s=13
    50: 0x100ae11d4 M=1 runtime.deductAssistCredit /opt/homebrew/Cellar/go/1.22.0/libexec/src/runtime/malloc.go:1356 s=1337
    51: 0x100ae0957 M=1 runtime.mallocgc /opt/homebrew/Cellar/go/1.22.0/libexec/src/runtime/malloc.go:1025 s=971
    52: 0x100b26caf M=1 runtime.makeslice /opt/homebrew/Cellar/go/1.22.0/libexec/src/runtime/slice.go:107 s=92
    53: 0x100cd0db3 M=1 github.com/johnsonlee/graphite/graphite-server/internal/javaregex.(*Pattern).MatchesContext /Users/johnsonlee/.codex/benchmarks/graphite/regex-quoted-contains-profile-before-61828229-v1/source/internal/javaregex/regex.go:107 s=98
    54: 0x100cabcc0 M=1 github.com/johnsonlee/graphite/graphite-server/internal/store.(*Store).ProjectionCandidateNode /Users/johnsonlee/.codex/benchmarks/graphite/regex-quoted-contains-profile-before-61828229-v1/source/internal/store/projection_node.go:102 s=13
    55: 0x100b43498 M=1 runtime.duffcopy /opt/homebrew/Cellar/go/1.22.0/libexec/src/runtime/duff_arm64.s:192 s=74
    56: 0x100cabf83 M=1 github.com/johnsonlee/graphite/graphite-server/internal/store.(*Store).ProjectionCandidateNode /Users/johnsonlee/.codex/benchmarks/graphite/regex-quoted-contains-profile-before-61828229-v1/source/internal/store/projection_node.go:89 s=13
    57: 0x100b4d2e4 M=1 sync.(*RWMutex).Unlock /opt/homebrew/Cellar/go/1.22.0/libexec/src/sync/rwmutex.go:219 s=197
    58: 0x100ca0feb M=1 github.com/johnsonlee/graphite/graphite-server/internal/store.(*Store).prepareProjectionOffsets /Users/johnsonlee/.codex/benchmarks/graphite/regex-quoted-contains-profile-before-61828229-v1/source/internal/store/distinct_projection.go:69 s=55
    59: 0x100caba43 M=1 github.com/johnsonlee/graphite/graphite-server/internal/store.(*Store).ProjectionCandidateNode /Users/johnsonlee/.codex/benchmarks/graphite/regex-quoted-contains-profile-before-61828229-v1/source/internal/store/projection_node.go:14 s=13
    60: 0x100ce1f58 M=1 github.com/johnsonlee/graphite/graphite-server/internal/query.evaluator.eval /Users/johnsonlee/.codex/benchmarks/graphite/regex-quoted-contains-profile-before-61828229-v1/source/internal/query/eval.go:95 s=82
    61: 0x100ce46cb M=1 github.com/johnsonlee/graphite/graphite-server/internal/query.evaluator.binary /Users/johnsonlee/.codex/benchmarks/graphite/regex-quoted-contains-profile-before-61828229-v1/source/internal/query/eval.go:349 s=347
    62: 0x100b49bb4 M=1 errors.Is /opt/homebrew/Cellar/go/1.22.0/libexec/src/errors/wrap.go:44 s=44
    63: 0x100d163e3 M=1 github.com/johnsonlee/graphite/graphite-server/internal/query.failMainStringRead /Users/johnsonlee/.codex/benchmarks/graphite/regex-quoted-contains-profile-before-61828229-v1/source/internal/query/main_string_source.go:210 s=209
    64: 0x100d0a233 M=1 github.com/johnsonlee/graphite/graphite-server/internal/query.evaluator.lazyGenericNodes.func1 /Users/johnsonlee/.codex/benchmarks/graphite/regex-quoted-contains-profile-before-61828229-v1/source/internal/query/lazy_filtered.go:311 s=302
    65: 0x100ce1900 M=1 github.com/johnsonlee/graphite/graphite-server/internal/query.evaluator.eval /Users/johnsonlee/.codex/benchmarks/graphite/regex-quoted-contains-profile-before-61828229-v1/source/internal/query/eval.go:82 s=82
    66: 0x100afd104 M=1 runtime.(*mheap).allocMSpanLocked /opt/homebrew/Cellar/go/1.22.0/libexec/src/runtime/mheap.go:1119 s=1107
    67: 0x100afd2eb M=1 runtime.(*mheap).allocSpan /opt/homebrew/Cellar/go/1.22.0/libexec/src/runtime/mheap.go:1260 s=1171
    68: 0x100afcd8b M=1 runtime.(*mheap).alloc.func1 /opt/homebrew/Cellar/go/1.22.0/libexec/src/runtime/mheap.go:964 s=958
    69: 0x100b40b0b M=1 runtime.systemstack /opt/homebrew/Cellar/go/1.22.0/libexec/src/runtime/asm_arm64.s:243 s=206
    70: 0x100afcce3 M=1 runtime.(*mheap).alloc /opt/homebrew/Cellar/go/1.22.0/libexec/src/runtime/mheap.go:958 s=953
    71: 0x100aea12b M=1 runtime.(*mcentral).grow /opt/homebrew/Cellar/go/1.22.0/libexec/src/runtime/mcentral.go:254 s=250
    72: 0x100ae9f7b M=1 runtime.(*mcentral).cacheSpan /opt/homebrew/Cellar/go/1.22.0/libexec/src/runtime/mcentral.go:170 s=81
    73: 0x100ae941b M=1 runtime.(*mcache).refill /opt/homebrew/Cellar/go/1.22.0/libexec/src/runtime/mcache.go:182 s=147
    74: 0x100ae06eb M=1 runtime.(*mcache).nextFree /opt/homebrew/Cellar/go/1.22.0/libexec/src/runtime/malloc.go:948 s=938
    75: 0x100ae0cdf M=1 runtime.mallocgc /opt/homebrew/Cellar/go/1.22.0/libexec/src/runtime/malloc.go:1149 s=971
    76: 0x100cd0f1f M=1 github.com/johnsonlee/graphite/graphite-server/internal/javaregex.decodeJavaString /Users/johnsonlee/.codex/benchmarks/graphite/regex-quoted-contains-profile-before-61828229-v1/source/internal/javaregex/regex.go:139 s=138
    77: 0x100ae0e58 M=1 runtime.mallocgc /opt/homebrew/Cellar/go/1.22.0/libexec/src/runtime/malloc.go:1279 s=971
    78: 0x100ae0b98 M=1 runtime.mallocgc /opt/homebrew/Cellar/go/1.22.0/libexec/src/runtime/malloc.go:1134 s=971
    79: 0x100c9e8b3 M=1 github.com/johnsonlee/graphite/graphite-server/internal/store.(*decoder).method /Users/johnsonlee/.codex/benchmarks/graphite/regex-quoted-contains-profile-before-61828229-v1/source/internal/store/decode.go:198 s=195
    80: 0x100c9f533 M=1 github.com/johnsonlee/graphite/graphite-server/internal/store.(*decoder).node /Users/johnsonlee/.codex/benchmarks/graphite/regex-quoted-contains-profile-before-61828229-v1/source/internal/store/decode.go:314 s=279
    81: 0x100cabf6b M=1 github.com/johnsonlee/graphite/graphite-server/internal/store.(*Store).ProjectionCandidateNode /Users/johnsonlee/.codex/benchmarks/graphite/regex-quoted-contains-profile-before-61828229-v1/source/internal/store/projection_node.go:89 s=13
    82: 0x100cca0ec M=1 github.com/johnsonlee/graphite/graphite-server/internal/javaregex.(*matcher).check /Users/johnsonlee/.codex/benchmarks/graphite/regex-quoted-contains-profile-before-61828229-v1/source/internal/javaregex/match.go:25 s=20
             github.com/johnsonlee/graphite/graphite-server/internal/javaregex.(*matcher).match /Users/johnsonlee/.codex/benchmarks/graphite/regex-quoted-contains-profile-before-61828229-v1/source/internal/javaregex/match.go:28 s=27
    83: 0x100b15f03 M=1 runtime.resetspinning /opt/homebrew/Cellar/go/1.22.0/libexec/src/runtime/proc.go:3750 s=3737
    84: 0x100b163db M=1 runtime.schedule /opt/homebrew/Cellar/go/1.22.0/libexec/src/runtime/proc.go:3886 s=3839
    85: 0x100b169ff M=1 runtime.park_m /opt/homebrew/Cellar/go/1.22.0/libexec/src/runtime/proc.go:4036 s=4007
    86: 0x100b40a73 M=1 runtime.mcall /opt/homebrew/Cellar/go/1.22.0/libexec/src/runtime/asm_arm64.s:192 s=166
    87: 0x100cd1174 M=1 github.com/johnsonlee/graphite/graphite-server/internal/javaregex.decodeJavaRune /Users/johnsonlee/.codex/benchmarks/graphite/regex-quoted-contains-profile-before-61828229-v1/source/internal/javaregex/regex.go:160 s=159
    88: 0x100cd0fcf M=1 github.com/johnsonlee/graphite/graphite-server/internal/javaregex.decodeJavaString /Users/johnsonlee/.codex/benchmarks/graphite/regex-quoted-contains-profile-before-61828229-v1/source/internal/javaregex/regex.go:146 s=138
    89: 0x100b43340 M=1 runtime.duffzero /opt/homebrew/Cellar/go/1.22.0/libexec/src/runtime/duff_arm64.s:68 s=7
    90: 0x100d0a1c7 M=1 github.com/johnsonlee/graphite/graphite-server/internal/query.evaluator.lazyGenericNodes.func1 /Users/johnsonlee/.codex/benchmarks/graphite/regex-quoted-contains-profile-before-61828229-v1/source/internal/query/lazy_filtered.go:310 s=302
    91: 0x100ccbc7c M=1 github.com/johnsonlee/graphite/graphite-server/internal/javaregex.(*matcher).simpleRepeat /Users/johnsonlee/.codex/benchmarks/graphite/regex-quoted-contains-profile-before-61828229-v1/source/internal/javaregex/match.go:268 s=231
    92: 0x100ae0880 M=1 runtime.mallocgc /opt/homebrew/Cellar/go/1.22.0/libexec/src/runtime/malloc.go:971 s=971
    93: 0x100cac620 M=1 github.com/johnsonlee/graphite/graphite-server/internal/store.(*Store).ProjectionCandidateNode.func3 /Users/johnsonlee/.codex/benchmarks/graphite/regex-quoted-contains-profile-before-61828229-v1/source/internal/store/projection_node.go:64 s=64
    94: 0x100cac487 M=1 github.com/johnsonlee/graphite/graphite-server/internal/store.(*Store).ProjectionCandidateNode.func4 /Users/johnsonlee/.codex/benchmarks/graphite/regex-quoted-contains-profile-before-61828229-v1/source/internal/store/projection_node.go:94 s=93
    95: 0x100cabc9f M=1 github.com/johnsonlee/graphite/graphite-server/internal/store.(*Store).ProjectionCandidateNode /Users/johnsonlee/.codex/benchmarks/graphite/regex-quoted-contains-profile-before-61828229-v1/source/internal/store/projection_node.go:102 s=13
    96: 0x100ccba98 M=1 github.com/johnsonlee/graphite/graphite-server/internal/javaregex.(*matcher).simpleRepeat /Users/johnsonlee/.codex/benchmarks/graphite/regex-quoted-contains-profile-before-61828229-v1/source/internal/javaregex/match.go:234 s=231
    97: 0x100ae0cc0 M=1 runtime.mallocgc /opt/homebrew/Cellar/go/1.22.0/libexec/src/runtime/malloc.go:1134 s=971
    98: 0x100ae089c M=1 runtime.mallocgc /opt/homebrew/Cellar/go/1.22.0/libexec/src/runtime/malloc.go:976 s=971
    99: 0x100c9e3f8 M=1 github.com/johnsonlee/graphite/graphite-server/internal/store.(*decoder).str /Users/johnsonlee/.codex/benchmarks/graphite/regex-quoted-contains-profile-before-61828229-v1/source/internal/store/decode.go:161 s=159
   100: 0x100c9e8eb M=1 github.com/johnsonlee/graphite/graphite-server/internal/store.(*decoder).method /Users/johnsonlee/.codex/benchmarks/graphite/regex-quoted-contains-profile-before-61828229-v1/source/internal/store/decode.go:200 s=195
   101: 0x100ce17f4 M=1 github.com/johnsonlee/graphite/graphite-server/internal/query.evaluator.check /Users/johnsonlee/.codex/benchmarks/graphite/regex-quoted-contains-profile-before-61828229-v1/source/internal/query/eval.go:60 s=60
   102: 0x100ce19af M=1 github.com/johnsonlee/graphite/graphite-server/internal/query.evaluator.eval /Users/johnsonlee/.codex/benchmarks/graphite/regex-quoted-contains-profile-before-61828229-v1/source/internal/query/eval.go:83 s=82
   103: 0x100ae7430 M=1 runtime.(*mspan).nextFreeIndex /opt/homebrew/Cellar/go/1.22.0/libexec/src/runtime/mbitmap.go:103 s=103
   104: 0x100ae06af M=1 runtime.(*mcache).nextFree /opt/homebrew/Cellar/go/1.22.0/libexec/src/runtime/malloc.go:941 s=938
   105: 0x100b99cc4 M=1 bytes.(*Reader).Read /opt/homebrew/Cellar/go/1.22.0/libexec/src/bytes/reader.go:46 s=39
   106: 0x100b6430f M=1 io.ReadAtLeast /opt/homebrew/Cellar/go/1.22.0/libexec/src/io/io.go:335 s=329
   107: 0x100c9e043 M=1 io.ReadFull /opt/homebrew/Cellar/go/1.22.0/libexec/src/io/io.go:354 s=353
             github.com/johnsonlee/graphite/graphite-server/internal/store.(*decoder).bytes /Users/johnsonlee/.codex/benchmarks/graphite/regex-quoted-contains-profile-before-61828229-v1/source/internal/store/decode.go:96 s=87
   108: 0x100c9e23f M=1 github.com/johnsonlee/graphite/graphite-server/internal/store.(*decoder).scalarBytes /Users/johnsonlee/.codex/benchmarks/graphite/regex-quoted-contains-profile-before-61828229-v1/source/internal/store/decode.go:109 s=107
   109: 0x100c9e3d3 M=1 github.com/johnsonlee/graphite/graphite-server/internal/store.(*decoder).i32 /Users/johnsonlee/.codex/benchmarks/graphite/regex-quoted-contains-profile-before-61828229-v1/source/internal/store/decode.go:138 s=137
             github.com/johnsonlee/graphite/graphite-server/internal/store.(*decoder).str /Users/johnsonlee/.codex/benchmarks/graphite/regex-quoted-contains-profile-before-61828229-v1/source/internal/store/decode.go:160 s=159
   110: 0x100c9f523 M=1 github.com/johnsonlee/graphite/graphite-server/internal/store.(*decoder).node /Users/johnsonlee/.codex/benchmarks/graphite/regex-quoted-contains-profile-before-61828229-v1/source/internal/store/decode.go:313 s=279
   111: 0x100b4331c M=1 runtime.duffzero /opt/homebrew/Cellar/go/1.22.0/libexec/src/runtime/duff_arm64.s:59 s=7
   112: 0x100ae0c38 M=1 runtime.nextFreeFast /opt/homebrew/Cellar/go/1.22.0/libexec/src/runtime/malloc.go:912 s=911
             runtime.mallocgc /opt/homebrew/Cellar/go/1.22.0/libexec/src/runtime/malloc.go:1147 s=971
   113: 0x100ce49dc M=1 github.com/johnsonlee/graphite/graphite-server/internal/query.evaluator.binary /Users/johnsonlee/.codex/benchmarks/graphite/regex-quoted-contains-profile-before-61828229-v1/source/internal/query/eval.go:366 s=347
   114: 0x100ccad20 M=1 github.com/johnsonlee/graphite/graphite-server/internal/javaregex.(*matcher).match /Users/johnsonlee/.codex/benchmarks/graphite/regex-quoted-contains-profile-before-61828229-v1/source/internal/javaregex/match.go:49 s=27
   115: 0x100ae1094 M=1 runtime.mallocgc /opt/homebrew/Cellar/go/1.22.0/libexec/src/runtime/malloc.go:1328 s=971
   116: 0x100c9e01b M=1 github.com/johnsonlee/graphite/graphite-server/internal/store.(*decoder).bytes /Users/johnsonlee/.codex/benchmarks/graphite/regex-quoted-contains-profile-before-61828229-v1/source/internal/store/decode.go:95 s=87
   117: 0x100c9f2c3 M=1 github.com/johnsonlee/graphite/graphite-server/internal/store.(*decoder).u8 /Users/johnsonlee/.codex/benchmarks/graphite/regex-quoted-contains-profile-before-61828229-v1/source/internal/store/decode.go:124 s=123
             github.com/johnsonlee/graphite/graphite-server/internal/store.(*decoder).node /Users/johnsonlee/.codex/benchmarks/graphite/regex-quoted-contains-profile-before-61828229-v1/source/internal/store/decode.go:281 s=279
   118: 0x100ae0c64 M=1 runtime.nextFreeFast /opt/homebrew/Cellar/go/1.22.0/libexec/src/runtime/malloc.go:916 s=911
             runtime.mallocgc /opt/homebrew/Cellar/go/1.22.0/libexec/src/runtime/malloc.go:1147 s=971
   119: 0x100ae8c1c M=1 runtime.(*mspan).heapBits /opt/homebrew/Cellar/go/1.22.0/libexec/src/runtime/mbitmap_allocheaders.go:722 s=708
   120: 0x100cabebf M=1 bytes.NewReader /opt/homebrew/Cellar/go/1.22.0/libexec/src/bytes/reader.go:159 s=159
             github.com/johnsonlee/graphite/graphite-server/internal/store.(*Store).ProjectionCandidateNode /Users/johnsonlee/.codex/benchmarks/graphite/regex-quoted-contains-profile-before-61828229-v1/source/internal/store/projection_node.go:87 s=13
   121: 0x100b4334c M=1 runtime.duffzero /opt/homebrew/Cellar/go/1.22.0/libexec/src/runtime/duff_arm64.s:71 s=7
   122: 0x100d07dcf M=1 github.com/johnsonlee/graphite/graphite-server/internal/query.evaluator.lazyFiltered /Users/johnsonlee/.codex/benchmarks/graphite/regex-quoted-contains-profile-before-61828229-v1/source/internal/query/lazy_filtered.go:150 s=113
   123: 0x100ae0ea4 M=1 runtime.mallocgc /opt/homebrew/Cellar/go/1.22.0/libexec/src/runtime/malloc.go:1276 s=971
   124: 0x100cca134 M=1 github.com/johnsonlee/graphite/graphite-server/internal/javaregex.(*matcher).match /Users/johnsonlee/.codex/benchmarks/graphite/regex-quoted-contains-profile-before-61828229-v1/source/internal/javaregex/match.go:44 s=27
   125: 0x100ad9ad0 M=1 runtime.chanrecv /opt/homebrew/Cellar/go/1.22.0/libexec/src/runtime/chan.go:484 s=457
   126: 0x100ada3cb M=1 runtime.selectnbrecv /opt/homebrew/Cellar/go/1.22.0/libexec/src/runtime/chan.go:714 s=713
   127: 0x100ce1853 M=1 github.com/johnsonlee/graphite/graphite-server/internal/query.evaluator.check /Users/johnsonlee/.codex/benchmarks/graphite/regex-quoted-contains-profile-before-61828229-v1/source/internal/query/eval.go:62 s=60
   128: 0x100ce472f M=1 github.com/johnsonlee/graphite/graphite-server/internal/query.evaluator.binary /Users/johnsonlee/.codex/benchmarks/graphite/regex-quoted-contains-profile-before-61828229-v1/source/internal/query/eval.go:353 s=347
   129: 0x100d2533c M=1 github.com/johnsonlee/graphite/graphite-server/internal/query.NodeProperty /Users/johnsonlee/.codex/benchmarks/graphite/regex-quoted-contains-profile-before-61828229-v1/source/internal/query/properties.go:49 s=9
   130: 0x100cd77e7 M=1 github.com/johnsonlee/graphite/graphite-server/internal/query.(*candidateSlot).property /Users/johnsonlee/.codex/benchmarks/graphite/regex-quoted-contains-profile-before-61828229-v1/source/internal/query/candidate.go:58 s=46
   131: 0x100ce1f7f M=1 github.com/johnsonlee/graphite/graphite-server/internal/query.evaluator.eval /Users/johnsonlee/.codex/benchmarks/graphite/regex-quoted-contains-profile-before-61828229-v1/source/internal/query/eval.go:97 s=82
   132: 0x100ae09a4 M=1 runtime.mallocgc /opt/homebrew/Cellar/go/1.22.0/libexec/src/runtime/malloc.go:1040 s=971
   133: 0x100ade427 M=1 runtime.convTstring /opt/homebrew/Cellar/go/1.22.0/libexec/src/runtime/iface.go:392 s=388
   134: 0x100d24ea7 M=1 github.com/johnsonlee/graphite/graphite-server/internal/query.NodeProperty /Users/johnsonlee/.codex/benchmarks/graphite/regex-quoted-contains-profile-before-61828229-v1/source/internal/query/properties.go:18 s=9
   135: 0x100ad9ac4 M=1 runtime.chanrecv /opt/homebrew/Cellar/go/1.22.0/libexec/src/runtime/chan.go:474 s=457
   136: 0x100cac7ff M=1 github.com/johnsonlee/graphite/graphite-server/internal/store.(*Store).ProjectionCandidateNode.func1 /Users/johnsonlee/.codex/benchmarks/graphite/regex-quoted-contains-profile-before-61828229-v1/source/internal/store/projection_node.go:43 s=38
   137: 0x100d08024 M=1 github.com/johnsonlee/graphite/graphite-server/internal/query.evaluator.lazyFiltered /Users/johnsonlee/.codex/benchmarks/graphite/regex-quoted-contains-profile-before-61828229-v1/source/internal/query/lazy_filtered.go:161 s=113
   138: 0x100b2e48f M=1 runtime.kevent /opt/homebrew/Cellar/go/1.22.0/libexec/src/runtime/sys_darwin.go:458 s=457
   139: 0x100b08c9f M=1 runtime.netpoll /opt/homebrew/Cellar/go/1.22.0/libexec/src/runtime/netpoll_kqueue.go:141 s=121
   140: 0x100b1492b M=1 runtime.findRunnable /opt/homebrew/Cellar/go/1.22.0/libexec/src/runtime/proc.go:3470 s=3139
   141: 0x100b16367 M=1 runtime.schedule /opt/homebrew/Cellar/go/1.22.0/libexec/src/runtime/proc.go:3868 s=3839
   142: 0x100ae0ecc M=1 runtime.mallocgc /opt/homebrew/Cellar/go/1.22.0/libexec/src/runtime/malloc.go:1223 s=971
   143: 0x100ccbab8 M=1 github.com/johnsonlee/graphite/graphite-server/internal/javaregex.(*matcher).check /Users/johnsonlee/.codex/benchmarks/graphite/regex-quoted-contains-profile-before-61828229-v1/source/internal/javaregex/match.go:21 s=20
             github.com/johnsonlee/graphite/graphite-server/internal/javaregex.(*matcher).simpleRepeat /Users/johnsonlee/.codex/benchmarks/graphite/regex-quoted-contains-profile-before-61828229-v1/source/internal/javaregex/match.go:235 s=231
   144: 0x100ae8c58 M=1 runtime.(*mspan).heapBits /opt/homebrew/Cellar/go/1.22.0/libexec/src/runtime/mbitmap_allocheaders.go:724 s=708
   145: 0x100c9f643 M=1 github.com/johnsonlee/graphite/graphite-server/internal/store.(*decoder).node /Users/johnsonlee/.codex/benchmarks/graphite/regex-quoted-contains-profile-before-61828229-v1/source/internal/store/decode.go:323 s=279
   146: 0x100ccb2a0 M=1 github.com/johnsonlee/graphite/graphite-server/internal/javaregex.(*matcher).sequence.func1 /Users/johnsonlee/.codex/benchmarks/graphite/regex-quoted-contains-profile-before-61828229-v1/source/internal/javaregex/match.go:171 s=171
   147: 0x100ce299c M=1 github.com/johnsonlee/graphite/graphite-server/internal/query.evaluator.eval /Users/johnsonlee/.codex/benchmarks/graphite/regex-quoted-contains-profile-before-61828229-v1/source/internal/query/eval.go:162 s=82
   148: 0x100c9e240 M=1 github.com/johnsonlee/graphite/graphite-server/internal/store.(*decoder).scalarBytes /Users/johnsonlee/.codex/benchmarks/graphite/regex-quoted-contains-profile-before-61828229-v1/source/internal/store/decode.go:109 s=107
   149: 0x100b434a8 M=1 runtime.duffcopy /opt/homebrew/Cellar/go/1.22.0/libexec/src/runtime/duff_arm64.s:198 s=74
   150: 0x100d0a21b M=1 github.com/johnsonlee/graphite/graphite-server/internal/query.evaluator.lazyGenericNodes.func1 /Users/johnsonlee/.codex/benchmarks/graphite/regex-quoted-contains-profile-before-61828229-v1/source/internal/query/lazy_filtered.go:310 s=302
   151: 0x100b434e0 M=1 runtime.duffcopy /opt/homebrew/Cellar/go/1.22.0/libexec/src/runtime/duff_arm64.s:219 s=74
   152: 0x100d0a1f7 M=1 github.com/johnsonlee/graphite/graphite-server/internal/query.evaluator.lazyGenericNodes.func1 /Users/johnsonlee/.codex/benchmarks/graphite/regex-quoted-contains-profile-before-61828229-v1/source/internal/query/lazy_filtered.go:310 s=302
   153: 0x100cca048 M=1 github.com/johnsonlee/graphite/graphite-server/internal/javaregex.(*matcher).match /Users/johnsonlee/.codex/benchmarks/graphite/regex-quoted-contains-profile-before-61828229-v1/source/internal/javaregex/match.go:27 s=27
   154: 0x100b4377c M=1 runtime.memmove /opt/homebrew/Cellar/go/1.22.0/libexec/src/runtime/memmove_arm64.s:68 s=29
   155: 0x100b99ca3 M=1 bytes.(*Reader).Read /opt/homebrew/Cellar/go/1.22.0/libexec/src/bytes/reader.go:44 s=39
   156: 0x100c9f277 M=1 github.com/johnsonlee/graphite/graphite-server/internal/store.(*decoder).i32 /Users/johnsonlee/.codex/benchmarks/graphite/regex-quoted-contains-profile-before-61828229-v1/source/internal/store/decode.go:138 s=137
             github.com/johnsonlee/graphite/graphite-server/internal/store.(*decoder).node /Users/johnsonlee/.codex/benchmarks/graphite/regex-quoted-contains-profile-before-61828229-v1/source/internal/store/decode.go:280 s=279
   157: 0x100ae097c M=1 runtime.mallocgc /opt/homebrew/Cellar/go/1.22.0/libexec/src/runtime/malloc.go:1032 s=971
   158: 0x100ce1840 M=1 github.com/johnsonlee/graphite/graphite-server/internal/query.evaluator.check /Users/johnsonlee/.codex/benchmarks/graphite/regex-quoted-contains-profile-before-61828229-v1/source/internal/query/eval.go:62 s=60
   159: 0x100ae0d58 M=1 runtime.mallocgc /opt/homebrew/Cellar/go/1.22.0/libexec/src/runtime/malloc.go:1158 s=971
   160: 0x100b65740 M=1 unicode/utf8.DecodeRuneInString /opt/homebrew/Cellar/go/1.22.0/libexec/src/unicode/utf8/utf8.go:199 s=199
   161: 0x100cd11cf M=1 github.com/johnsonlee/graphite/graphite-server/internal/javaregex.decodeJavaRune /Users/johnsonlee/.codex/benchmarks/graphite/regex-quoted-contains-profile-before-61828229-v1/source/internal/javaregex/regex.go:163 s=159
   162: 0x100cca08c M=1 github.com/johnsonlee/graphite/graphite-server/internal/javaregex.(*matcher).match /Users/johnsonlee/.codex/benchmarks/graphite/regex-quoted-contains-profile-before-61828229-v1/source/internal/javaregex/match.go:27 s=27
   163: 0x100ae0c14 M=1 runtime.makeSpanClass /opt/homebrew/Cellar/go/1.22.0/libexec/src/runtime/mheap.go:566 s=565
             runtime.mallocgc /opt/homebrew/Cellar/go/1.22.0/libexec/src/runtime/malloc.go:1145 s=971
   164: 0x100b43468 M=1 runtime.duffcopy /opt/homebrew/Cellar/go/1.22.0/libexec/src/runtime/duff_arm64.s:174 s=74
   165: 0x100d0a253 M=1 github.com/johnsonlee/graphite/graphite-server/internal/query.evaluator.lazyGenericNodes.func1 /Users/johnsonlee/.codex/benchmarks/graphite/regex-quoted-contains-profile-before-61828229-v1/source/internal/query/lazy_filtered.go:315 s=302
   166: 0x100ae0bf4 M=1 runtime.mallocgc /opt/homebrew/Cellar/go/1.22.0/libexec/src/runtime/malloc.go:1144 s=971
   167: 0x100aed1d0 M=1 runtime.(*fixalloc).alloc /opt/homebrew/Cellar/go/1.22.0/libexec/src/runtime/mfixalloc.go:74 s=74
   168: 0x100afd0ef M=1 runtime.(*mheap).allocMSpanLocked /opt/homebrew/Cellar/go/1.22.0/libexec/src/runtime/mheap.go:1119 s=1107
   169: 0x100ae8dcc M=1 runtime.(*mspan).writeHeapBitsSmall /opt/homebrew/Cellar/go/1.22.0/libexec/src/runtime/mbitmap_allocheaders.go:791 s=786
   170: 0x100c9f6ab M=1 github.com/johnsonlee/graphite/graphite-server/internal/store.(*decoder).node /Users/johnsonlee/.codex/benchmarks/graphite/regex-quoted-contains-profile-before-61828229-v1/source/internal/store/decode.go:325 s=279
   171: 0x100b43610 M=1 runtime.memclrNoHeapPointers /opt/homebrew/Cellar/go/1.22.0/libexec/src/runtime/memclr_arm64.s:83 s=11
   172: 0x100b26cb0 M=1 runtime.makeslice /opt/homebrew/Cellar/go/1.22.0/libexec/src/runtime/slice.go:107 s=92
   173: 0x100c9f633 M=1 github.com/johnsonlee/graphite/graphite-server/internal/store.(*decoder).node /Users/johnsonlee/.codex/benchmarks/graphite/regex-quoted-contains-profile-before-61828229-v1/source/internal/store/decode.go:322 s=279
   174: 0x100d07e34 M=1 github.com/johnsonlee/graphite/graphite-server/internal/query.evaluator.lazyFiltered /Users/johnsonlee/.codex/benchmarks/graphite/regex-quoted-contains-profile-before-61828229-v1/source/internal/query/lazy_filtered.go:150 s=113
   175: 0x100ae0fe8 M=1 runtime.mallocgc /opt/homebrew/Cellar/go/1.22.0/libexec/src/runtime/malloc.go:1286 s=971
   176: 0x100ae0bac M=1 runtime.mallocgc /opt/homebrew/Cellar/go/1.22.0/libexec/src/runtime/malloc.go:1139 s=971
   177: 0x100b43540 M=1 runtime.duffcopy /opt/homebrew/Cellar/go/1.22.0/libexec/src/runtime/duff_arm64.s:255 s=74
   178: 0x100d07edf M=1 github.com/johnsonlee/graphite/graphite-server/internal/query.evaluator.lazyFiltered /Users/johnsonlee/.codex/benchmarks/graphite/regex-quoted-contains-profile-before-61828229-v1/source/internal/query/lazy_filtered.go:156 s=113
   179: 0x100ad9a9c M=1 runtime.empty /opt/homebrew/Cellar/go/1.22.0/libexec/src/runtime/chan.go:432 s=430
             runtime.chanrecv /opt/homebrew/Cellar/go/1.22.0/libexec/src/runtime/chan.go:474 s=457
   180: 0x100d0a23c M=1 github.com/johnsonlee/graphite/graphite-server/internal/query.evaluator.lazyGenericNodes.func1 /Users/johnsonlee/.codex/benchmarks/graphite/regex-quoted-contains-profile-before-61828229-v1/source/internal/query/lazy_filtered.go:315 s=302
   181: 0x100ae0890 M=1 runtime.mallocgc /opt/homebrew/Cellar/go/1.22.0/libexec/src/runtime/malloc.go:972 s=971
   182: 0x100b43520 M=1 runtime.duffcopy /opt/homebrew/Cellar/go/1.22.0/libexec/src/runtime/duff_arm64.s:243 s=74
   183: 0x100d07e07 M=1 github.com/johnsonlee/graphite/graphite-server/internal/query.evaluator.lazyFiltered /Users/johnsonlee/.codex/benchmarks/graphite/regex-quoted-contains-profile-before-61828229-v1/source/internal/query/lazy_filtered.go:150 s=113
   184: 0x100ce1f43 M=1 github.com/johnsonlee/graphite/graphite-server/internal/query.evaluator.eval /Users/johnsonlee/.codex/benchmarks/graphite/regex-quoted-contains-profile-before-61828229-v1/source/internal/query/eval.go:94 s=82
   185: 0x100d24950 M=1 github.com/johnsonlee/graphite/graphite-server/internal/query.NodeProperty /Users/johnsonlee/.codex/benchmarks/graphite/regex-quoted-contains-profile-before-61828229-v1/source/internal/query/properties.go:9 s=9
   186: 0x100ae9054 M=1 runtime.heapSetType /opt/homebrew/Cellar/go/1.22.0/libexec/src/runtime/mbitmap_allocheaders.go:928 s=854
   187: 0x100ae8efc M=1 runtime.(*mspan).writeHeapBitsSmall /opt/homebrew/Cellar/go/1.22.0/libexec/src/runtime/mbitmap_allocheaders.go:798 s=786
   188: 0x100ccbbfc M=1 github.com/johnsonlee/graphite/graphite-server/internal/javaregex.(*matcher).simpleRepeat /Users/johnsonlee/.codex/benchmarks/graphite/regex-quoted-contains-profile-before-61828229-v1/source/internal/javaregex/match.go:248 s=231
   189: 0x100ae0f1c M=1 runtime.mallocgc /opt/homebrew/Cellar/go/1.22.0/libexec/src/runtime/malloc.go:1257 s=971
   190: 0x100b64308 M=1 io.ReadAtLeast /opt/homebrew/Cellar/go/1.22.0/libexec/src/io/io.go:335 s=329
   191: 0x100b43324 M=1 runtime.duffzero /opt/homebrew/Cellar/go/1.22.0/libexec/src/runtime/duff_arm64.s:61 s=7
   192: 0x100d0a0cf M=1 github.com/johnsonlee/graphite/graphite-server/internal/query.evaluator.lazyGenericNodes.func1 /Users/johnsonlee/.codex/benchmarks/graphite/regex-quoted-contains-profile-before-61828229-v1/source/internal/query/lazy_filtered.go:302 s=302
   193: 0x100ae118c M=1 runtime.deductAssistCredit /opt/homebrew/Cellar/go/1.22.0/libexec/src/runtime/malloc.go:1339 s=1337
   194: 0x100cabc23 M=1 github.com/johnsonlee/graphite/graphite-server/internal/store.(*Store).ProjectionCandidateNode /Users/johnsonlee/.codex/benchmarks/graphite/regex-quoted-contains-profile-before-61828229-v1/source/internal/store/projection_node.go:76 s=13
   195: 0x100ae1064 M=1 runtime.mallocgc /opt/homebrew/Cellar/go/1.22.0/libexec/src/runtime/malloc.go:1306 s=971
   196: 0x100b434d0 M=1 runtime.duffcopy /opt/homebrew/Cellar/go/1.22.0/libexec/src/runtime/duff_arm64.s:213 s=74
   197: 0x100c9fa13 M=1 github.com/johnsonlee/graphite/graphite-server/internal/store.(*decoder).node /Users/johnsonlee/.codex/benchmarks/graphite/regex-quoted-contains-profile-before-61828229-v1/source/internal/store/decode.go:356 s=279
   198: 0x100ae0e64 M=1 runtime.mallocgc /opt/homebrew/Cellar/go/1.22.0/libexec/src/runtime/malloc.go:1183 s=971
   199: 0x100ae686c M=1 runtime.mapassign_faststr /opt/homebrew/Cellar/go/1.22.0/libexec/src/runtime/map_faststr.go:294 s=203
   200: 0x100cd0fd8 M=1 github.com/johnsonlee/graphite/graphite-server/internal/javaregex.decodeJavaString /Users/johnsonlee/.codex/benchmarks/graphite/regex-quoted-contains-profile-before-61828229-v1/source/internal/javaregex/regex.go:147 s=138
   201: 0x100ade3e0 M=1 runtime.convTstring /opt/homebrew/Cellar/go/1.22.0/libexec/src/runtime/iface.go:388 s=388
   202: 0x100b4d14c M=1 sync/atomic.(*Int32).Add /opt/homebrew/Cellar/go/1.22.0/libexec/src/sync/atomic/type.go:88 s=88
             sync.(*RWMutex).Lock /opt/homebrew/Cellar/go/1.22.0/libexec/src/sync/rwmutex.go:148 s=140
   203: 0x100ca0d77 M=1 github.com/johnsonlee/graphite/graphite-server/internal/store.(*Store).prepareProjectionOffsets /Users/johnsonlee/.codex/benchmarks/graphite/regex-quoted-contains-profile-before-61828229-v1/source/internal/store/distinct_projection.go:56 s=55
   204: 0x100b43470 M=1 runtime.duffcopy /opt/homebrew/Cellar/go/1.22.0/libexec/src/runtime/duff_arm64.s:177 s=74
   205: 0x100cd77ab M=1 github.com/johnsonlee/graphite/graphite-server/internal/query.(*candidateSlot).property /Users/johnsonlee/.codex/benchmarks/graphite/regex-quoted-contains-profile-before-61828229-v1/source/internal/query/candidate.go:58 s=46
   206: 0x100ccace8 M=1 github.com/johnsonlee/graphite/graphite-server/internal/javaregex.(*matcher).check /Users/johnsonlee/.codex/benchmarks/graphite/regex-quoted-contains-profile-before-61828229-v1/source/internal/javaregex/match.go:25 s=20
             github.com/johnsonlee/graphite/graphite-server/internal/javaregex.(*matcher).match /Users/johnsonlee/.codex/benchmarks/graphite/regex-quoted-contains-profile-before-61828229-v1/source/internal/javaregex/match.go:48 s=27
   207: 0x100b49cfc M=1 errors.is /opt/homebrew/Cellar/go/1.22.0/libexec/src/errors/wrap.go:58 s=53
   208: 0x100b49c23 M=1 errors.Is /opt/homebrew/Cellar/go/1.22.0/libexec/src/errors/wrap.go:50 s=44
   209: 0x100cabfdc M=1 github.com/johnsonlee/graphite/graphite-server/internal/store.(*Store).ProjectionCandidateNode /Users/johnsonlee/.codex/benchmarks/graphite/regex-quoted-contains-profile-before-61828229-v1/source/internal/store/projection_node.go:90 s=13
   210: 0x100b49be4 M=1 internal/reflectlite.TypeOf /opt/homebrew/Cellar/go/1.22.0/libexec/src/internal/reflectlite/type.go:401 s=400
             errors.Is /opt/homebrew/Cellar/go/1.22.0/libexec/src/errors/wrap.go:49 s=44
   211: 0x100cac76c M=1 github.com/johnsonlee/graphite/graphite-server/internal/store.(*Store).ProjectionCandidateNode.func2 /Users/johnsonlee/.codex/benchmarks/graphite/regex-quoted-contains-profile-before-61828229-v1/source/internal/store/projection_node.go:62 s=57
   212: 0x100cac657 M=1 github.com/johnsonlee/graphite/graphite-server/internal/store.(*Store).ProjectionCandidateNode.func3 /Users/johnsonlee/.codex/benchmarks/graphite/regex-quoted-contains-profile-before-61828229-v1/source/internal/store/projection_node.go:65 s=64
   213: 0x100cac49b M=1 github.com/johnsonlee/graphite/graphite-server/internal/store.(*Store).ProjectionCandidateNode.func4 /Users/johnsonlee/.codex/benchmarks/graphite/regex-quoted-contains-profile-before-61828229-v1/source/internal/store/projection_node.go:94 s=93
   214: 0x100cabd17 M=1 github.com/johnsonlee/graphite/graphite-server/internal/store.(*Store).ProjectionCandidateNode /Users/johnsonlee/.codex/benchmarks/graphite/regex-quoted-contains-profile-before-61828229-v1/source/internal/store/projection_node.go:103 s=13
   215: 0x100afd8a8 M=1 runtime.(*mheap).initSpan /opt/homebrew/Cellar/go/1.22.0/libexec/src/runtime/mheap.go:1400 s=1377
   216: 0x100afd517 M=1 runtime.(*mheap).allocSpan /opt/homebrew/Cellar/go/1.22.0/libexec/src/runtime/mheap.go:1340 s=1171
   217: 0x100b26c98 M=1 runtime.makeslice /opt/homebrew/Cellar/go/1.22.0/libexec/src/runtime/slice.go:94 s=92
   218: 0x100c9e867 M=1 github.com/johnsonlee/graphite/graphite-server/internal/store.(*decoder).method /Users/johnsonlee/.codex/benchmarks/graphite/regex-quoted-contains-profile-before-61828229-v1/source/internal/store/decode.go:196 s=195
   219: 0x100cd77cf M=1 github.com/johnsonlee/graphite/graphite-server/internal/query.(*candidateSlot).property /Users/johnsonlee/.codex/benchmarks/graphite/regex-quoted-contains-profile-before-61828229-v1/source/internal/query/candidate.go:58 s=46
   220: 0x100b43578 M=1 runtime.memclrNoHeapPointers /opt/homebrew/Cellar/go/1.22.0/libexec/src/runtime/memclr_arm64.s:17 s=11
   221: 0x100ce17f0 M=1 github.com/johnsonlee/graphite/graphite-server/internal/query.evaluator.check /Users/johnsonlee/.codex/benchmarks/graphite/regex-quoted-contains-profile-before-61828229-v1/source/internal/query/eval.go:60 s=60
   222: 0x100ccbac4 M=1 github.com/johnsonlee/graphite/graphite-server/internal/javaregex.(*matcher).check /Users/johnsonlee/.codex/benchmarks/graphite/regex-quoted-contains-profile-before-61828229-v1/source/internal/javaregex/match.go:21 s=20
             github.com/johnsonlee/graphite/graphite-server/internal/javaregex.(*matcher).simpleRepeat /Users/johnsonlee/.codex/benchmarks/graphite/regex-quoted-contains-profile-before-61828229-v1/source/internal/javaregex/match.go:235 s=231
   223: 0x100ae0978 M=1 runtime.mallocgc /opt/homebrew/Cellar/go/1.22.0/libexec/src/runtime/malloc.go:1032 s=971
   224: 0x100ae8e7c M=1 runtime.(*mspan).writeHeapBitsSmall /opt/homebrew/Cellar/go/1.22.0/libexec/src/runtime/mbitmap_allocheaders.go:818 s=786
   225: 0x100ae7554 M=1 runtime.(*mspan).nextFreeIndex /opt/homebrew/Cellar/go/1.22.0/libexec/src/runtime/mbitmap.go:150 s=103
   226: 0x100b446e0 M=1 runtime.save_g /opt/homebrew/Cellar/go/1.22.0/libexec/src/runtime/tls_arm64.s:42 s=32
   227: 0x100b40af7 M=1 runtime.systemstack /opt/homebrew/Cellar/go/1.22.0/libexec/src/runtime/asm_arm64.s:236 s=206
   228: 0x100cccae0 M=1 github.com/johnsonlee/graphite/graphite-server/internal/javaregex.lineTerminator /Users/johnsonlee/.codex/benchmarks/graphite/regex-quoted-contains-profile-before-61828229-v1/source/internal/javaregex/match.go:193 s=192
             github.com/johnsonlee/graphite/graphite-server/internal/javaregex.(*parser).atom.func1 /Users/johnsonlee/.codex/benchmarks/graphite/regex-quoted-contains-profile-before-61828229-v1/source/internal/javaregex/parse.go:115 s=115
   229: 0x100b64348 M=1 io.ReadAtLeast /opt/homebrew/Cellar/go/1.22.0/libexec/src/io/io.go:335 s=329
   230: 0x100c9f5bb M=1 github.com/johnsonlee/graphite/graphite-server/internal/store.(*decoder).node /Users/johnsonlee/.codex/benchmarks/graphite/regex-quoted-contains-profile-before-61828229-v1/source/internal/store/decode.go:318 s=279
   231: 0x100ccb2cc M=1 github.com/johnsonlee/graphite/graphite-server/internal/javaregex.(*matcher).sequence.func1 /Users/johnsonlee/.codex/benchmarks/graphite/regex-quoted-contains-profile-before-61828229-v1/source/internal/javaregex/match.go:171 s=171
   232: 0x100b43560 M=1 runtime.duffcopy /opt/homebrew/Cellar/go/1.22.0/libexec/src/runtime/duff_arm64.s:267 s=74
   233: 0x100b43600 M=1 runtime.memclrNoHeapPointers /opt/homebrew/Cellar/go/1.22.0/libexec/src/runtime/memclr_arm64.s:78 s=11
   234: 0x100b26c60 M=1 runtime.makeslice /opt/homebrew/Cellar/go/1.22.0/libexec/src/runtime/slice.go:92 s=92
   235: 0x100ad9a70 M=1 runtime.chanrecv /opt/homebrew/Cellar/go/1.22.0/libexec/src/runtime/chan.go:457 s=457
   236: 0x100d0a157 M=1 github.com/johnsonlee/graphite/graphite-server/internal/query.evaluator.lazyGenericNodes.func1 /Users/johnsonlee/.codex/benchmarks/graphite/regex-quoted-contains-profile-before-61828229-v1/source/internal/query/lazy_filtered.go:306 s=302
   237: 0x100b43558 M=1 runtime.duffcopy /opt/homebrew/Cellar/go/1.22.0/libexec/src/runtime/duff_arm64.s:264 s=74
   238: 0x100ae0eb8 M=1 runtime.mallocgc /opt/homebrew/Cellar/go/1.22.0/libexec/src/runtime/malloc.go:1279 s=971
   239: 0x100b43644 M=1 runtime.memclrNoHeapPointers /opt/homebrew/Cellar/go/1.22.0/libexec/src/runtime/memclr_arm64.s:105 s=11
   240: 0x100c9f267 M=1 github.com/johnsonlee/graphite/graphite-server/internal/store.(*decoder).node /Users/johnsonlee/.codex/benchmarks/graphite/regex-quoted-contains-profile-before-61828229-v1/source/internal/store/decode.go:279 s=279
   241: 0x100ae8f10 M=1 runtime.heapSetType /opt/homebrew/Cellar/go/1.22.0/libexec/src/runtime/mbitmap_allocheaders.go:854 s=854
   242: 0x100ce197c M=1 github.com/johnsonlee/graphite/graphite-server/internal/query.evaluator.eval /Users/johnsonlee/.codex/benchmarks/graphite/regex-quoted-contains-profile-before-61828229-v1/source/internal/query/eval.go:83 s=82
   243: 0x100ccb1a8 M=1 github.com/johnsonlee/graphite/graphite-server/internal/javaregex.(*matcher).sequence /Users/johnsonlee/.codex/benchmarks/graphite/regex-quoted-contains-profile-before-61828229-v1/source/internal/javaregex/match.go:171 s=167
   244: 0x100ad9a80 M=1 runtime.chanrecv /opt/homebrew/Cellar/go/1.22.0/libexec/src/runtime/chan.go:457 s=457
   245: 0x100cac757 M=1 github.com/johnsonlee/graphite/graphite-server/internal/store.(*Store).ProjectionCandidateNode.func2 /Users/johnsonlee/.codex/benchmarks/graphite/regex-quoted-contains-profile-before-61828229-v1/source/internal/store/projection_node.go:58 s=57
   246: 0x100b62444 M=1 sync.(*Mutex).Lock /opt/homebrew/Cellar/go/1.22.0/libexec/src/sync/mutex.go:83 s=81
             context.(*cancelCtx).Err /opt/homebrew/Cellar/go/1.22.0/libexec/src/context/context.go:454 s=453
   247: 0x100cd0f8b M=1 github.com/johnsonlee/graphite/graphite-server/internal/javaregex.decodeJavaString /Users/johnsonlee/.codex/benchmarks/graphite/regex-quoted-contains-profile-before-61828229-v1/source/internal/javaregex/regex.go:142 s=138
   248: 0x100cca0a0 M=1 github.com/johnsonlee/graphite/graphite-server/internal/javaregex.(*matcher).check /Users/johnsonlee/.codex/benchmarks/graphite/regex-quoted-contains-profile-before-61828229-v1/source/internal/javaregex/match.go:21 s=20
             github.com/johnsonlee/graphite/graphite-server/internal/javaregex.(*matcher).match /Users/johnsonlee/.codex/benchmarks/graphite/regex-quoted-contains-profile-before-61828229-v1/source/internal/javaregex/match.go:28 s=27
   249: 0x100ccb270 M=1 github.com/johnsonlee/graphite/graphite-server/internal/javaregex.(*matcher).sequence.func1 /Users/johnsonlee/.codex/benchmarks/graphite/regex-quoted-contains-profile-before-61828229-v1/source/internal/javaregex/match.go:171 s=171
   250: 0x100b271af M=1 runtime.growslice /opt/homebrew/Cellar/go/1.22.0/libexec/src/runtime/slice.go:250 s=155
   251: 0x100cac55b M=1 github.com/johnsonlee/graphite/graphite-server/internal/store.(*Store).ProjectionCandidateNode.func4 /Users/johnsonlee/.codex/benchmarks/graphite/regex-quoted-contains-profile-before-61828229-v1/source/internal/store/projection_node.go:97 s=93
   252: 0x100ae0870 M=1 runtime.mallocgc /opt/homebrew/Cellar/go/1.22.0/libexec/src/runtime/malloc.go:971 s=971
   253: 0x100b43510 M=1 runtime.duffcopy /opt/homebrew/Cellar/go/1.22.0/libexec/src/runtime/duff_arm64.s:237 s=74
   254: 0x100d0802c M=1 github.com/johnsonlee/graphite/graphite-server/internal/query.evaluator.lazyFiltered /Users/johnsonlee/.codex/benchmarks/graphite/regex-quoted-contains-profile-before-61828229-v1/source/internal/query/lazy_filtered.go:161 s=113
   255: 0x100ccb1a0 M=1 github.com/johnsonlee/graphite/graphite-server/internal/javaregex.(*matcher).sequence /Users/johnsonlee/.codex/benchmarks/graphite/regex-quoted-contains-profile-before-61828229-v1/source/internal/javaregex/match.go:171 s=167
   256: 0x100b2e5bf M=1 runtime.pthread_cond_wait /opt/homebrew/Cellar/go/1.22.0/libexec/src/runtime/sys_darwin.go:507 s=506
   257: 0x100b09033 M=1 runtime.semasleep /opt/homebrew/Cellar/go/1.22.0/libexec/src/runtime/os_darwin.go:71 s=39
   258: 0x100adf657 M=1 runtime.notesleep /opt/homebrew/Cellar/go/1.22.0/libexec/src/runtime/lock_sema.go:183 s=167
   259: 0x100b12f93 M=1 runtime.mPark /opt/homebrew/Cellar/go/1.22.0/libexec/src/runtime/proc.go:1761 s=1759
             runtime.stopm /opt/homebrew/Cellar/go/1.22.0/libexec/src/runtime/proc.go:2782 s=2766
   260: 0x100b14f1f M=1 runtime.findRunnable /opt/homebrew/Cellar/go/1.22.0/libexec/src/runtime/proc.go:3512 s=3139
   261: 0x100ccb16c M=1 github.com/johnsonlee/graphite/graphite-server/internal/javaregex.(*matcher).sequence /Users/johnsonlee/.codex/benchmarks/graphite/regex-quoted-contains-profile-before-61828229-v1/source/internal/javaregex/match.go:167 s=167
   262: 0x100ae0d14 M=1 runtime.mallocgc /opt/homebrew/Cellar/go/1.22.0/libexec/src/runtime/malloc.go:1152 s=971
   263: 0x100ae0710 M=1 runtime.(*mcache).nextFree /opt/homebrew/Cellar/go/1.22.0/libexec/src/runtime/malloc.go:955 s=938
   264: 0x100ae0b2f M=1 runtime.mallocgc /opt/homebrew/Cellar/go/1.22.0/libexec/src/runtime/malloc.go:1120 s=971
   265: 0x100b27173 M=1 runtime.growslice /opt/homebrew/Cellar/go/1.22.0/libexec/src/runtime/slice.go:242 s=155
   266: 0x100cac2db M=1 github.com/johnsonlee/graphite/graphite-server/internal/store.(*Store).ProjectionCandidateNode /Users/johnsonlee/.codex/benchmarks/graphite/regex-quoted-contains-profile-before-61828229-v1/source/internal/store/projection_node.go:115 s=13
   267: 0x100d24ec0 M=1 github.com/johnsonlee/graphite/graphite-server/internal/query.NodeProperty /Users/johnsonlee/.codex/benchmarks/graphite/regex-quoted-contains-profile-before-61828229-v1/source/internal/query/properties.go:23 s=9
   268: 0x100d269c0 M=1 github.com/johnsonlee/graphite/graphite-server/internal/query.evaluator.compileRegex /Users/johnsonlee/.codex/benchmarks/graphite/regex-quoted-contains-profile-before-61828229-v1/source/internal/query/regex.go:75 s=75
   269: 0x100d27203 M=1 github.com/johnsonlee/graphite/graphite-server/internal/query.evaluator.regexMatch /Users/johnsonlee/.codex/benchmarks/graphite/regex-quoted-contains-profile-before-61828229-v1/source/internal/query/regex.go:126 s=125
   270: 0x100ae0ba0 M=1 runtime.mallocgc /opt/homebrew/Cellar/go/1.22.0/libexec/src/runtime/malloc.go:1135 s=971
   271: 0x100d24930 M=1 github.com/johnsonlee/graphite/graphite-server/internal/query.NodeProperty /Users/johnsonlee/.codex/benchmarks/graphite/regex-quoted-contains-profile-before-61828229-v1/source/internal/query/properties.go:9 s=9
   272: 0x100cca09c M=1 github.com/johnsonlee/graphite/graphite-server/internal/javaregex.(*matcher).check /Users/johnsonlee/.codex/benchmarks/graphite/regex-quoted-contains-profile-before-61828229-v1/source/internal/javaregex/match.go:22 s=20
             github.com/johnsonlee/graphite/graphite-server/internal/javaregex.(*matcher).match /Users/johnsonlee/.codex/benchmarks/graphite/regex-quoted-contains-profile-before-61828229-v1/source/internal/javaregex/match.go:28 s=27
   273: 0x100ada3cc M=1 runtime.selectnbrecv /opt/homebrew/Cellar/go/1.22.0/libexec/src/runtime/chan.go:714 s=713
   274: 0x100cca34c M=1 github.com/johnsonlee/graphite/graphite-server/internal/javaregex.(*matcher).match /Users/johnsonlee/.codex/benchmarks/graphite/regex-quoted-contains-profile-before-61828229-v1/source/internal/javaregex/match.go:119 s=27
   275: 0x100d0801c M=1 github.com/johnsonlee/graphite/graphite-server/internal/query.evaluator.lazyFiltered /Users/johnsonlee/.codex/benchmarks/graphite/regex-quoted-contains-profile-before-61828229-v1/source/internal/query/lazy_filtered.go:161 s=113
   276: 0x100d24d20 M=1 github.com/johnsonlee/graphite/graphite-server/internal/query.NodeProperty /Users/johnsonlee/.codex/benchmarks/graphite/regex-quoted-contains-profile-before-61828229-v1/source/internal/query/properties.go:15 s=9
   277: 0x100ae8de8 M=1 runtime.(*mspan).writeHeapBitsSmall /opt/homebrew/Cellar/go/1.22.0/libexec/src/runtime/mbitmap_allocheaders.go:810 s=786
   278: 0x100ae66e0 M=1 runtime.mapassign_faststr /opt/homebrew/Cellar/go/1.22.0/libexec/src/runtime/map_faststr.go:238 s=203
   279: 0x100b65770 M=1 unicode/utf8.DecodeRuneInString /opt/homebrew/Cellar/go/1.22.0/libexec/src/unicode/utf8/utf8.go:205 s=199
   280: 0x100ae0c18 M=1 runtime.bool2int /opt/homebrew/Cellar/go/1.22.0/libexec/src/runtime/stubs.go:371 s=368
             runtime.makeSpanClass /opt/homebrew/Cellar/go/1.22.0/libexec/src/runtime/mheap.go:566 s=565
             runtime.mallocgc /opt/homebrew/Cellar/go/1.22.0/libexec/src/runtime/malloc.go:1145 s=971
   281: 0x100ae06b8 M=1 runtime.(*mcache).nextFree /opt/homebrew/Cellar/go/1.22.0/libexec/src/runtime/malloc.go:942 s=938
   282: 0x100b436b0 M=1 runtime.memclrNoHeapPointers /opt/homebrew/Cellar/go/1.22.0/libexec/src/runtime/memclr_arm64.s:148 s=11
   283: 0x100cac7bc M=1 github.com/johnsonlee/graphite/graphite-server/internal/store.(*Store).ProjectionCandidateNode.func1 /Users/johnsonlee/.codex/benchmarks/graphite/regex-quoted-contains-profile-before-61828229-v1/source/internal/store/projection_node.go:38 s=38
   284: 0x100ae0c58 M=1 runtime.nextFreeFast /opt/homebrew/Cellar/go/1.22.0/libexec/src/runtime/malloc.go:915 s=911
             runtime.mallocgc /opt/homebrew/Cellar/go/1.22.0/libexec/src/runtime/malloc.go:1147 s=971
   285: 0x100d24ef7 M=1 github.com/johnsonlee/graphite/graphite-server/internal/query.NodeProperty /Users/johnsonlee/.codex/benchmarks/graphite/regex-quoted-contains-profile-before-61828229-v1/source/internal/query/properties.go:24 s=9
   286: 0x100ad9a98 M=1 runtime.empty /opt/homebrew/Cellar/go/1.22.0/libexec/src/runtime/chan.go:432 s=430
             runtime.chanrecv /opt/homebrew/Cellar/go/1.22.0/libexec/src/runtime/chan.go:474 s=457
   287: 0x100cabdf7 M=1 github.com/johnsonlee/graphite/graphite-server/internal/store.(*Store).ProjectionCandidateNode.func2 /Users/johnsonlee/.codex/benchmarks/graphite/regex-quoted-contains-profile-before-61828229-v1/source/internal/store/projection_node.go:58 s=57
             github.com/johnsonlee/graphite/graphite-server/internal/store.(*Store).ProjectionCandidateNode /Users/johnsonlee/.codex/benchmarks/graphite/regex-quoted-contains-profile-before-61828229-v1/source/internal/store/projection_node.go:108 s=13
   288: 0x100cd1400 M=1 github.com/johnsonlee/graphite/graphite-server/internal/javaregex.equalRune /Users/johnsonlee/.codex/benchmarks/graphite/regex-quoted-contains-profile-before-61828229-v1/source/internal/javaregex/unicode.go:59 s=59
   289: 0x100ccad17 M=1 github.com/johnsonlee/graphite/graphite-server/internal/javaregex.(*matcher).match /Users/johnsonlee/.codex/benchmarks/graphite/regex-quoted-contains-profile-before-61828229-v1/source/internal/javaregex/match.go:48 s=27
   290: 0x100ce294c M=1 github.com/johnsonlee/graphite/graphite-server/internal/query.evaluator.eval /Users/johnsonlee/.codex/benchmarks/graphite/regex-quoted-contains-profile-before-61828229-v1/source/internal/query/eval.go:162 s=82
   291: 0x100b27144 M=1 runtime.growslice /opt/homebrew/Cellar/go/1.22.0/libexec/src/runtime/slice.go:236 s=155
   292: 0x100b43548 M=1 runtime.duffcopy /opt/homebrew/Cellar/go/1.22.0/libexec/src/runtime/duff_arm64.s:258 s=74
   293: 0x100d0a0ef M=1 github.com/johnsonlee/graphite/graphite-server/internal/query.evaluator.lazyGenericNodes.func1 /Users/johnsonlee/.codex/benchmarks/graphite/regex-quoted-contains-profile-before-61828229-v1/source/internal/query/lazy_filtered.go:303 s=302
   294: 0x100ae0d60 M=1 runtime.add /opt/homebrew/Cellar/go/1.22.0/libexec/src/runtime/stubs.go:16 s=15
             runtime.mallocgc /opt/homebrew/Cellar/go/1.22.0/libexec/src/runtime/malloc.go:1157 s=971
   295: 0x100ae0a90 M=1 runtime.nextFreeFast /opt/homebrew/Cellar/go/1.22.0/libexec/src/runtime/malloc.go:912 s=911
             runtime.mallocgc /opt/homebrew/Cellar/go/1.22.0/libexec/src/runtime/malloc.go:1118 s=971
   296: 0x100ce4664 M=1 github.com/johnsonlee/graphite/graphite-server/internal/query.evaluator.binary /Users/johnsonlee/.codex/benchmarks/graphite/regex-quoted-contains-profile-before-61828229-v1/source/internal/query/eval.go:347 s=347
   297: 0x100d25740 M=1 github.com/johnsonlee/graphite/graphite-server/internal/query.NodeProperty /Users/johnsonlee/.codex/benchmarks/graphite/regex-quoted-contains-profile-before-61828229-v1/source/internal/query/properties.go:110 s=9
   298: 0x100cca090 M=1 github.com/johnsonlee/graphite/graphite-server/internal/javaregex.(*matcher).check /Users/johnsonlee/.codex/benchmarks/graphite/regex-quoted-contains-profile-before-61828229-v1/source/internal/javaregex/match.go:21 s=20
             github.com/johnsonlee/graphite/graphite-server/internal/javaregex.(*matcher).match /Users/johnsonlee/.codex/benchmarks/graphite/regex-quoted-contains-profile-before-61828229-v1/source/internal/javaregex/match.go:28 s=27
   299: 0x100b436e4 M=1 runtime.memclrNoHeapPointers /opt/homebrew/Cellar/go/1.22.0/libexec/src/runtime/memclr_arm64.s:171 s=11
   300: 0x100cccaf0 M=1 github.com/johnsonlee/graphite/graphite-server/internal/javaregex.lineTerminator /Users/johnsonlee/.codex/benchmarks/graphite/regex-quoted-contains-profile-before-61828229-v1/source/internal/javaregex/match.go:193 s=192
             github.com/johnsonlee/graphite/graphite-server/internal/javaregex.(*parser).atom.func1 /Users/johnsonlee/.codex/benchmarks/graphite/regex-quoted-contains-profile-before-61828229-v1/source/internal/javaregex/parse.go:115 s=115
   301: 0x100b2cf4c M=1 runtime.acquirem /opt/homebrew/Cellar/go/1.22.0/libexec/src/runtime/runtime1.go:581 s=579
             runtime.pcvalue /opt/homebrew/Cellar/go/1.22.0/libexec/src/runtime/symtab.go:929 s=846
   302: 0x100b2d81b M=1 runtime.pcdatavalue1 /opt/homebrew/Cellar/go/1.22.0/libexec/src/runtime/symtab.go:1073 s=1069
   303: 0x100b2db5f M=1 runtime.(*inlineUnwinder).resolveInternal /opt/homebrew/Cellar/go/1.22.0/libexec/src/runtime/symtabinl.go:69 s=64
             runtime.newInlineUnwinder /opt/homebrew/Cellar/go/1.22.0/libexec/src/runtime/symtabinl.go:61 s=54
   304: 0x100b35683 M=1 runtime.tracebackPCs /opt/homebrew/Cellar/go/1.22.0/libexec/src/runtime/traceback.go:627 s=619
   305: 0x100b372ff M=1 runtime.callers.func1 /opt/homebrew/Cellar/go/1.22.0/libexec/src/runtime/traceback.go:1104 s=1101
   306: 0x100b37227 M=1 runtime.callers /opt/homebrew/Cellar/go/1.22.0/libexec/src/runtime/traceback.go:1101 s=1096
   307: 0x100b03693 M=1 runtime.mProf_Malloc /opt/homebrew/Cellar/go/1.22.0/libexec/src/runtime/mprof.go:427 s=425
   308: 0x100ae141f M=1 runtime.profilealloc /opt/homebrew/Cellar/go/1.22.0/libexec/src/runtime/malloc.go:1426 s=1420
   309: 0x100ae0f57 M=1 runtime.mallocgc /opt/homebrew/Cellar/go/1.22.0/libexec/src/runtime/malloc.go:1267 s=971
   310: 0x100ae8d84 M=1 runtime.(*mspan).writeHeapBitsSmall /opt/homebrew/Cellar/go/1.22.0/libexec/src/runtime/mbitmap_allocheaders.go:792 s=786
   311: 0x100ae0950 M=1 runtime.mallocgc /opt/homebrew/Cellar/go/1.22.0/libexec/src/runtime/malloc.go:972 s=971
   312: 0x100b43480 M=1 runtime.duffcopy /opt/homebrew/Cellar/go/1.22.0/libexec/src/runtime/duff_arm64.s:183 s=74
   313: 0x100ccbb94 M=1 github.com/johnsonlee/graphite/graphite-server/internal/javaregex.(*matcher).simpleRepeat /Users/johnsonlee/.codex/benchmarks/graphite/regex-quoted-contains-profile-before-61828229-v1/source/internal/javaregex/match.go:240 s=231
   314: 0x100b62140 M=1 context.(*cancelCtx).Done /opt/homebrew/Cellar/go/1.22.0/libexec/src/context/context.go:438 s=438
   315: 0x100ce1847 M=1 github.com/johnsonlee/graphite/graphite-server/internal/query.evaluator.check /Users/johnsonlee/.codex/benchmarks/graphite/regex-quoted-contains-profile-before-61828229-v1/source/internal/query/eval.go:62 s=60
   316: 0x100ae09d4 M=1 runtime.mallocgc /opt/homebrew/Cellar/go/1.22.0/libexec/src/runtime/malloc.go:1059 s=971
   317: 0x100ae5d20 M=1 runtime.mapaccess1_faststr /opt/homebrew/Cellar/go/1.22.0/libexec/src/runtime/map_faststr.go:18 s=13
   318: 0x100ce27bb M=1 github.com/johnsonlee/graphite/graphite-server/internal/query.evaluator.eval /Users/johnsonlee/.codex/benchmarks/graphite/regex-quoted-contains-profile-before-61828229-v1/source/internal/query/eval.go:90 s=82
   319: 0x100ae0d54 M=1 runtime.mallocgc /opt/homebrew/Cellar/go/1.22.0/libexec/src/runtime/malloc.go:1155 s=971
   320: 0x100cabe74 M=1 github.com/johnsonlee/graphite/graphite-server/internal/store.(*Store).ProjectionCandidateNode /Users/johnsonlee/.codex/benchmarks/graphite/regex-quoted-contains-profile-before-61828229-v1/source/internal/store/projection_node.go:87 s=13
   321: 0x100b43310 M=1 runtime.duffzero /opt/homebrew/Cellar/go/1.22.0/libexec/src/runtime/duff_arm64.s:56 s=7
   322: 0x100ae12a0 M=1 runtime.newobject /opt/homebrew/Cellar/go/1.22.0/libexec/src/runtime/malloc.go:1389 s=1389
   323: 0x100cd1150 M=1 github.com/johnsonlee/graphite/graphite-server/internal/javaregex.decodeJavaRune /Users/johnsonlee/.codex/benchmarks/graphite/regex-quoted-contains-profile-before-61828229-v1/source/internal/javaregex/regex.go:159 s=159
   324: 0x100cca128 M=1 github.com/johnsonlee/graphite/graphite-server/internal/javaregex.(*matcher).match /Users/johnsonlee/.codex/benchmarks/graphite/regex-quoted-contains-profile-before-61828229-v1/source/internal/javaregex/match.go:44 s=27
   325: 0x100d24af4 M=1 github.com/johnsonlee/graphite/graphite-server/internal/query.NodeProperty /Users/johnsonlee/.codex/benchmarks/graphite/regex-quoted-contains-profile-before-61828229-v1/source/internal/query/properties.go:78 s=9
   326: 0x100b434a0 M=1 runtime.duffcopy /opt/homebrew/Cellar/go/1.22.0/libexec/src/runtime/duff_arm64.s:195 s=74
   327: 0x100d07e2b M=1 github.com/johnsonlee/graphite/graphite-server/internal/query.evaluator.lazyFiltered /Users/johnsonlee/.codex/benchmarks/graphite/regex-quoted-contains-profile-before-61828229-v1/source/internal/query/lazy_filtered.go:150 s=113
   328: 0x100cd1068 M=1 github.com/johnsonlee/graphite/graphite-server/internal/javaregex.decodeJavaString /Users/johnsonlee/.codex/benchmarks/graphite/regex-quoted-contains-profile-before-61828229-v1/source/internal/javaregex/regex.go:155 s=138
   329: 0x100cca14c M=1 github.com/johnsonlee/graphite/graphite-server/internal/javaregex.(*matcher).match /Users/johnsonlee/.codex/benchmarks/graphite/regex-quoted-contains-profile-before-61828229-v1/source/internal/javaregex/match.go:45 s=27
   330: 0x100ae0d5c M=1 runtime.mallocgc /opt/homebrew/Cellar/go/1.22.0/libexec/src/runtime/malloc.go:1183 s=971
   331: 0x100b6434c M=1 io.ReadAtLeast /opt/homebrew/Cellar/go/1.22.0/libexec/src/io/io.go:333 s=329
   332: 0x100d07fd4 M=1 github.com/johnsonlee/graphite/graphite-server/internal/query.evaluator.lazyFiltered /Users/johnsonlee/.codex/benchmarks/graphite/regex-quoted-contains-profile-before-61828229-v1/source/internal/query/lazy_filtered.go:161 s=113
   333: 0x100b43528 M=1 runtime.duffcopy /opt/homebrew/Cellar/go/1.22.0/libexec/src/runtime/duff_arm64.s:246 s=74
   334: 0x100ada3a0 M=1 runtime.selectnbrecv /opt/homebrew/Cellar/go/1.22.0/libexec/src/runtime/chan.go:713 s=713
   335: 0x100cca010 M=1 github.com/johnsonlee/graphite/graphite-server/internal/javaregex.(*matcher).match /Users/johnsonlee/.codex/benchmarks/graphite/regex-quoted-contains-profile-before-61828229-v1/source/internal/javaregex/match.go:27 s=27
   336: 0x100b43488 M=1 runtime.duffcopy /opt/homebrew/Cellar/go/1.22.0/libexec/src/runtime/duff_arm64.s:186 s=74
   337: 0x100b434b8 M=1 runtime.duffcopy /opt/homebrew/Cellar/go/1.22.0/libexec/src/runtime/duff_arm64.s:204 s=74
   338: 0x100b432e4 M=1 runtime.duffzero /opt/homebrew/Cellar/go/1.22.0/libexec/src/runtime/duff_arm64.s:45 s=7
   339: 0x100caba2b M=1 github.com/johnsonlee/graphite/graphite-server/internal/store.(*Store).ProjectionCandidateNode /Users/johnsonlee/.codex/benchmarks/graphite/regex-quoted-contains-profile-before-61828229-v1/source/internal/store/projection_node.go:13 s=13
   340: 0x100ae0cb0 M=1 runtime.(*mspan).base /opt/homebrew/Cellar/go/1.22.0/libexec/src/runtime/mheap.go:495 s=494
             runtime.nextFreeFast /opt/homebrew/Cellar/go/1.22.0/libexec/src/runtime/malloc.go:923 s=911
             runtime.mallocgc /opt/homebrew/Cellar/go/1.22.0/libexec/src/runtime/malloc.go:1147 s=971
   341: 0x100ccac68 M=1 github.com/johnsonlee/graphite/graphite-server/internal/javaregex.(*matcher).match /Users/johnsonlee/.codex/benchmarks/graphite/regex-quoted-contains-profile-before-61828229-v1/source/internal/javaregex/match.go:47 s=27
   342: 0x100ae0b08 M=1 runtime.(*mspan).base /opt/homebrew/Cellar/go/1.22.0/libexec/src/runtime/mheap.go:495 s=494
             runtime.nextFreeFast /opt/homebrew/Cellar/go/1.22.0/libexec/src/runtime/malloc.go:923 s=911
             runtime.mallocgc /opt/homebrew/Cellar/go/1.22.0/libexec/src/runtime/malloc.go:1118 s=971
   343: 0x100cca104 M=1 github.com/johnsonlee/graphite/graphite-server/internal/javaregex.(*matcher).match /Users/johnsonlee/.codex/benchmarks/graphite/regex-quoted-contains-profile-before-61828229-v1/source/internal/javaregex/match.go:31 s=27
   344: 0x100cd1410 M=1 github.com/johnsonlee/graphite/graphite-server/internal/javaregex.equalRune /Users/johnsonlee/.codex/benchmarks/graphite/regex-quoted-contains-profile-before-61828229-v1/source/internal/javaregex/unicode.go:59 s=59
   345: 0x100ccac74 M=1 github.com/johnsonlee/graphite/graphite-server/internal/javaregex.(*matcher).check /Users/johnsonlee/.codex/benchmarks/graphite/regex-quoted-contains-profile-before-61828229-v1/source/internal/javaregex/match.go:21 s=20
             github.com/johnsonlee/graphite/graphite-server/internal/javaregex.(*matcher).match /Users/johnsonlee/.codex/benchmarks/graphite/regex-quoted-contains-profile-before-61828229-v1/source/internal/javaregex/match.go:48 s=27
   346: 0x100cabc07 M=1 github.com/johnsonlee/graphite/graphite-server/internal/store.(*Store).ProjectionCandidateNode /Users/johnsonlee/.codex/benchmarks/graphite/regex-quoted-contains-profile-before-61828229-v1/source/internal/store/projection_node.go:75 s=13
   347: 0x100ce186c M=1 github.com/johnsonlee/graphite/graphite-server/internal/query.evaluator.check /Users/johnsonlee/.codex/benchmarks/graphite/regex-quoted-contains-profile-before-61828229-v1/source/internal/query/eval.go:68 s=60
   348: 0x100ce19c8 M=1 github.com/johnsonlee/graphite/graphite-server/internal/query.evaluator.eval /Users/johnsonlee/.codex/benchmarks/graphite/regex-quoted-contains-profile-before-61828229-v1/source/internal/query/eval.go:84 s=82
   349: 0x100ae633c M=1 runtime.mapaccess2_faststr /opt/homebrew/Cellar/go/1.22.0/libexec/src/runtime/map_faststr.go:153 s=108
   350: 0x100d26a27 M=1 github.com/johnsonlee/graphite/graphite-server/internal/query.evaluator.compileRegex /Users/johnsonlee/.codex/benchmarks/graphite/regex-quoted-contains-profile-before-61828229-v1/source/internal/query/regex.go:78 s=75
   351: 0x100b434d8 M=1 runtime.duffcopy /opt/homebrew/Cellar/go/1.22.0/libexec/src/runtime/duff_arm64.s:216 s=74
   352: 0x100b6574c M=1 unicode/utf8.DecodeRuneInString /opt/homebrew/Cellar/go/1.22.0/libexec/src/unicode/utf8/utf8.go:199 s=199
   353: 0x100cccad0 M=1 github.com/johnsonlee/graphite/graphite-server/internal/javaregex.(*parser).atom.func1 /Users/johnsonlee/.codex/benchmarks/graphite/regex-quoted-contains-profile-before-61828229-v1/source/internal/javaregex/parse.go:115 s=115
   354: 0x100d08014 M=1 github.com/johnsonlee/graphite/graphite-server/internal/query.evaluator.lazyFiltered /Users/johnsonlee/.codex/benchmarks/graphite/regex-quoted-contains-profile-before-61828229-v1/source/internal/query/lazy_filtered.go:161 s=113
   355: 0x100b43530 M=1 runtime.duffcopy /opt/homebrew/Cellar/go/1.22.0/libexec/src/runtime/duff_arm64.s:249 s=74
   356: 0x100d269f7 M=1 github.com/johnsonlee/graphite/graphite-server/internal/query.evaluator.compileRegex /Users/johnsonlee/.codex/benchmarks/graphite/regex-quoted-contains-profile-before-61828229-v1/source/internal/query/regex.go:76 s=75
   357: 0x100cd0d8c M=1 github.com/johnsonlee/graphite/graphite-server/internal/javaregex.(*Pattern).MatchesContext /Users/johnsonlee/.codex/benchmarks/graphite/regex-quoted-contains-profile-before-61828229-v1/source/internal/javaregex/regex.go:106 s=98
   358: 0x100ae117c M=1 runtime.deductAssistCredit /opt/homebrew/Cellar/go/1.22.0/libexec/src/runtime/malloc.go:1337 s=1337
   359: 0x100ce293c M=1 github.com/johnsonlee/graphite/graphite-server/internal/query.evaluator.eval /Users/johnsonlee/.codex/benchmarks/graphite/regex-quoted-contains-profile-before-61828229-v1/source/internal/query/eval.go:162 s=82
   360: 0x100ae0fa0 M=1 runtime.releasem /opt/homebrew/Cellar/go/1.22.0/libexec/src/runtime/runtime1.go:589 s=586
             runtime.mallocgc /opt/homebrew/Cellar/go/1.22.0/libexec/src/runtime/malloc.go:1271 s=971
   361: 0x100c9e3b0 M=1 github.com/johnsonlee/graphite/graphite-server/internal/store.(*decoder).str /Users/johnsonlee/.codex/benchmarks/graphite/regex-quoted-contains-profile-before-61828229-v1/source/internal/store/decode.go:159 s=159
   362: 0x100ae0ebc M=1 runtime.mallocgc /opt/homebrew/Cellar/go/1.22.0/libexec/src/runtime/malloc.go:1207 s=971
   363: 0x100b434c0 M=1 runtime.duffcopy /opt/homebrew/Cellar/go/1.22.0/libexec/src/runtime/duff_arm64.s:207 s=74
   364: 0x100c9df50 M=1 github.com/johnsonlee/graphite/graphite-server/internal/store.(*decoder).bytes /Users/johnsonlee/.codex/benchmarks/graphite/regex-quoted-contains-profile-before-61828229-v1/source/internal/store/decode.go:88 s=87
   365: 0x100ae0fec M=1 runtime.mallocgc /opt/homebrew/Cellar/go/1.22.0/libexec/src/runtime/malloc.go:1286 s=971
   366: 0x100b621ac M=1 context.(*cancelCtx).Done /opt/homebrew/Cellar/go/1.22.0/libexec/src/context/context.go:439 s=438
   367: 0x100b435f8 M=1 runtime.memclrNoHeapPointers /opt/homebrew/Cellar/go/1.22.0/libexec/src/runtime/memclr_arm64.s:72 s=11
   368: 0x100ccbb34 M=1 github.com/johnsonlee/graphite/graphite-server/internal/javaregex.(*matcher).check /Users/johnsonlee/.codex/benchmarks/graphite/regex-quoted-contains-profile-before-61828229-v1/source/internal/javaregex/match.go:25 s=20
             github.com/johnsonlee/graphite/graphite-server/internal/javaregex.(*matcher).simpleRepeat /Users/johnsonlee/.codex/benchmarks/graphite/regex-quoted-contains-profile-before-61828229-v1/source/internal/javaregex/match.go:235 s=231
   369: 0x100ae0c2c M=1 runtime.mallocgc /opt/homebrew/Cellar/go/1.22.0/libexec/src/runtime/malloc.go:1146 s=971
   370: 0x100ae09c4 M=1 runtime.mallocgc /opt/homebrew/Cellar/go/1.22.0/libexec/src/runtime/malloc.go:1025 s=971
   371: 0x100d25df8 M=1 github.com/johnsonlee/graphite/graphite-server/internal/query.NodeProperty /Users/johnsonlee/.codex/benchmarks/graphite/regex-quoted-contains-profile-before-61828229-v1/source/internal/query/properties.go:130 s=9
   372: 0x100ae0a08 M=1 runtime.mallocgc /opt/homebrew/Cellar/go/1.22.0/libexec/src/runtime/malloc.go:1102 s=971
   373: 0x100c9e2a3 M=1 github.com/johnsonlee/graphite/graphite-server/internal/store.(*decoder).i32 /Users/johnsonlee/.codex/benchmarks/graphite/regex-quoted-contains-profile-before-61828229-v1/source/internal/store/decode.go:138 s=137
             github.com/johnsonlee/graphite/graphite-server/internal/store.(*decoder).count /Users/johnsonlee/.codex/benchmarks/graphite/regex-quoted-contains-profile-before-61828229-v1/source/internal/store/decode.go:152 s=151
   374: 0x100c9e89b M=1 github.com/johnsonlee/graphite/graphite-server/internal/store.(*decoder).method /Users/johnsonlee/.codex/benchmarks/graphite/regex-quoted-contains-profile-before-61828229-v1/source/internal/store/decode.go:197 s=195
   375: 0x100ae0ec0 M=1 runtime.mallocgc /opt/homebrew/Cellar/go/1.22.0/libexec/src/runtime/malloc.go:1217 s=971
   376: 0x100b624ec M=1 sync.(*Mutex).Unlock /opt/homebrew/Cellar/go/1.22.0/libexec/src/sync/mutex.go:220 s=212
             context.(*cancelCtx).Err /opt/homebrew/Cellar/go/1.22.0/libexec/src/context/context.go:456 s=453
   377: 0x100cd0d2b M=1 github.com/johnsonlee/graphite/graphite-server/internal/javaregex.(*Pattern).MatchesContext /Users/johnsonlee/.codex/benchmarks/graphite/regex-quoted-contains-profile-before-61828229-v1/source/internal/javaregex/regex.go:99 s=98
   378: 0x100ccb1a4 M=1 github.com/johnsonlee/graphite/graphite-server/internal/javaregex.(*matcher).sequence /Users/johnsonlee/.codex/benchmarks/graphite/regex-quoted-contains-profile-before-61828229-v1/source/internal/javaregex/match.go:171 s=167
   379: 0x100ccb1cc M=1 github.com/johnsonlee/graphite/graphite-server/internal/javaregex.(*matcher).sequence /Users/johnsonlee/.codex/benchmarks/graphite/regex-quoted-contains-profile-before-61828229-v1/source/internal/javaregex/match.go:171 s=167
   380: 0x100b435c8 M=1 runtime.memclrNoHeapPointers /opt/homebrew/Cellar/go/1.22.0/libexec/src/runtime/memclr_arm64.s:54 s=11
   381: 0x100b432f8 M=1 runtime.duffzero /opt/homebrew/Cellar/go/1.22.0/libexec/src/runtime/duff_arm64.s:50 s=7
   382: 0x100ce1984 M=1 github.com/johnsonlee/graphite/graphite-server/internal/query.evaluator.eval /Users/johnsonlee/.codex/benchmarks/graphite/regex-quoted-contains-profile-before-61828229-v1/source/internal/query/eval.go:83 s=82
   383: 0x100b4354c M=1 runtime.duffcopy /opt/homebrew/Cellar/go/1.22.0/libexec/src/runtime/duff_arm64.s:259 s=74
   384: 0x100b43320 M=1 runtime.duffzero /opt/homebrew/Cellar/go/1.22.0/libexec/src/runtime/duff_arm64.s:60 s=7
   385: 0x100b621b4 M=1 context.(*cancelCtx).Done /opt/homebrew/Cellar/go/1.22.0/libexec/src/context/context.go:441 s=438
   386: 0x100b43500 M=1 runtime.duffcopy /opt/homebrew/Cellar/go/1.22.0/libexec/src/runtime/duff_arm64.s:231 s=74
   387: 0x100ce19a8 M=1 github.com/johnsonlee/graphite/graphite-server/internal/query.evaluator.eval /Users/johnsonlee/.codex/benchmarks/graphite/regex-quoted-contains-profile-before-61828229-v1/source/internal/query/eval.go:83 s=82
   388: 0x100ca0dc7 M=1 github.com/johnsonlee/graphite/graphite-server/internal/store.(*Store).prepareProjectionOffsets /Users/johnsonlee/.codex/benchmarks/graphite/regex-quoted-contains-profile-before-61828229-v1/source/internal/store/distinct_projection.go:62 s=55
   389: 0x100b06600 M=1 runtime.(*spanSet).push /opt/homebrew/Cellar/go/1.22.0/libexec/src/runtime/mspanset.go:74 s=74
   390: 0x100aea077 M=1 runtime.(*mcentral).uncacheSpan /opt/homebrew/Cellar/go/1.22.0/libexec/src/runtime/mcentral.go:244 s=204
   391: 0x100ae92f7 M=1 runtime.(*mcache).refill /opt/homebrew/Cellar/go/1.22.0/libexec/src/runtime/mcache.go:159 s=147
   392: 0x100cac860 M=1 github.com/johnsonlee/graphite/graphite-server/internal/store.(*Store).ProjectionCandidateNode.func1 /Users/johnsonlee/.codex/benchmarks/graphite/regex-quoted-contains-profile-before-61828229-v1/source/internal/store/projection_node.go:49 s=38
   393: 0x100cac523 M=1 github.com/johnsonlee/graphite/graphite-server/internal/store.(*Store).ProjectionCandidateNode.func4 /Users/johnsonlee/.codex/benchmarks/graphite/regex-quoted-contains-profile-before-61828229-v1/source/internal/store/projection_node.go:97 s=93
   394: 0x100cca060 M=1 github.com/johnsonlee/graphite/graphite-server/internal/javaregex.(*matcher).match /Users/johnsonlee/.codex/benchmarks/graphite/regex-quoted-contains-profile-before-61828229-v1/source/internal/javaregex/match.go:27 s=27
   395: 0x100ae8d94 M=1 runtime.readUintptr /opt/homebrew/Cellar/go/1.22.0/libexec/src/runtime/mbitmap.go:466 s=465
             runtime.(*mspan).writeHeapBitsSmall /opt/homebrew/Cellar/go/1.22.0/libexec/src/runtime/mbitmap_allocheaders.go:788 s=786
   396: 0x100cac7b8 M=1 github.com/johnsonlee/graphite/graphite-server/internal/store.(*Store).ProjectionCandidateNode.func1 /Users/johnsonlee/.codex/benchmarks/graphite/regex-quoted-contains-profile-before-61828229-v1/source/internal/store/projection_node.go:38 s=38
   397: 0x100cd11d0 M=1 github.com/johnsonlee/graphite/graphite-server/internal/javaregex.decodeJavaRune /Users/johnsonlee/.codex/benchmarks/graphite/regex-quoted-contains-profile-before-61828229-v1/source/internal/javaregex/regex.go:163 s=159
   398: 0x100b4d214 M=1 sync/atomic.(*Int32).Add /opt/homebrew/Cellar/go/1.22.0/libexec/src/sync/atomic/type.go:88 s=88
             sync.(*RWMutex).Unlock /opt/homebrew/Cellar/go/1.22.0/libexec/src/sync/rwmutex.go:205 s=197
   399: 0x100aed1d4 M=1 runtime.(*fixalloc).alloc /opt/homebrew/Cellar/go/1.22.0/libexec/src/runtime/mfixalloc.go:74 s=74
   400: 0x100ae0a68 M=1 runtime.releasem /opt/homebrew/Cellar/go/1.22.0/libexec/src/runtime/runtime1.go:589 s=586
             runtime.mallocgc /opt/homebrew/Cellar/go/1.22.0/libexec/src/runtime/malloc.go:1113 s=971
   401: 0x100ae09e8 M=1 runtime.mallocgc /opt/homebrew/Cellar/go/1.22.0/libexec/src/runtime/malloc.go:1060 s=971
   402: 0x100ae8eb0 M=1 runtime.(*mspan).writeHeapBitsSmall /opt/homebrew/Cellar/go/1.22.0/libexec/src/runtime/mbitmap_allocheaders.go:818 s=786
   403: 0x100d27180 M=1 github.com/johnsonlee/graphite/graphite-server/internal/query.evaluator.regexMatch /Users/johnsonlee/.codex/benchmarks/graphite/regex-quoted-contains-profile-before-61828229-v1/source/internal/query/regex.go:125 s=125
   404: 0x100cccb04 M=1 github.com/johnsonlee/graphite/graphite-server/internal/javaregex.lineTerminator /Users/johnsonlee/.codex/benchmarks/graphite/regex-quoted-contains-profile-before-61828229-v1/source/internal/javaregex/match.go:193 s=192
             github.com/johnsonlee/graphite/graphite-server/internal/javaregex.(*parser).atom.func1 /Users/johnsonlee/.codex/benchmarks/graphite/regex-quoted-contains-profile-before-61828229-v1/source/internal/javaregex/parse.go:115 s=115
   405: 0x100cca2fc M=1 github.com/johnsonlee/graphite/graphite-server/internal/javaregex.(*matcher).match /Users/johnsonlee/.codex/benchmarks/graphite/regex-quoted-contains-profile-before-61828229-v1/source/internal/javaregex/match.go:117 s=27
   406: 0x100cca01c M=1 github.com/johnsonlee/graphite/graphite-server/internal/javaregex.(*matcher).match /Users/johnsonlee/.codex/benchmarks/graphite/regex-quoted-contains-profile-before-61828229-v1/source/internal/javaregex/match.go:27 s=27
   407: 0x100b434b0 M=1 runtime.duffcopy /opt/homebrew/Cellar/go/1.22.0/libexec/src/runtime/duff_arm64.s:201 s=74
   408: 0x100b435b4 M=1 runtime.memclrNoHeapPointers /opt/homebrew/Cellar/go/1.22.0/libexec/src/runtime/memclr_arm64.s:43 s=11
   409: 0x100c9e933 M=1 github.com/johnsonlee/graphite/graphite-server/internal/store.(*decoder).method /Users/johnsonlee/.codex/benchmarks/graphite/regex-quoted-contains-profile-before-61828229-v1/source/internal/store/decode.go:202 s=195
   410: 0x100cd154c M=1 github.com/johnsonlee/graphite/graphite-server/internal/javaregex.equalRune /Users/johnsonlee/.codex/benchmarks/graphite/regex-quoted-contains-profile-before-61828229-v1/source/internal/javaregex/unicode.go:64 s=59
   411: 0x100ae8e88 M=1 runtime.(*mspan).writeHeapBitsSmall /opt/homebrew/Cellar/go/1.22.0/libexec/src/runtime/mbitmap_allocheaders.go:818 s=786
   412: 0x100ce4728 M=1 github.com/johnsonlee/graphite/graphite-server/internal/query.evaluator.binary /Users/johnsonlee/.codex/benchmarks/graphite/regex-quoted-contains-profile-before-61828229-v1/source/internal/query/eval.go:353 s=347
   413: 0x100cd0f84 M=1 github.com/johnsonlee/graphite/graphite-server/internal/javaregex.decodeJavaString /Users/johnsonlee/.codex/benchmarks/graphite/regex-quoted-contains-profile-before-61828229-v1/source/internal/javaregex/regex.go:142 s=138
   414: 0x100cac7f3 M=1 github.com/johnsonlee/graphite/graphite-server/internal/store.(*Store).ProjectionCandidateNode.func1 /Users/johnsonlee/.codex/benchmarks/graphite/regex-quoted-contains-profile-before-61828229-v1/source/internal/store/projection_node.go:43 s=38
   415: 0x100b4d0d8 M=1 sync.(*RWMutex).Lock /opt/homebrew/Cellar/go/1.22.0/libexec/src/sync/rwmutex.go:140 s=140
   416: 0x100cca0ac M=1 github.com/johnsonlee/graphite/graphite-server/internal/javaregex.(*matcher).check /Users/johnsonlee/.codex/benchmarks/graphite/regex-quoted-contains-profile-before-61828229-v1/source/internal/javaregex/match.go:23 s=20
             github.com/johnsonlee/graphite/graphite-server/internal/javaregex.(*matcher).match /Users/johnsonlee/.codex/benchmarks/graphite/regex-quoted-contains-profile-before-61828229-v1/source/internal/javaregex/match.go:28 s=27
   417: 0x100cd0fb4 M=1 github.com/johnsonlee/graphite/graphite-server/internal/javaregex.decodeJavaString /Users/johnsonlee/.codex/benchmarks/graphite/regex-quoted-contains-profile-before-61828229-v1/source/internal/javaregex/regex.go:146 s=138
   418: 0x100ae0a50 M=1 runtime.mallocgc /opt/homebrew/Cellar/go/1.22.0/libexec/src/runtime/malloc.go:1111 s=971
   419: 0x100ae8d70 M=1 runtime.(*mspan).writeHeapBitsSmall /opt/homebrew/Cellar/go/1.22.0/libexec/src/runtime/mbitmap_allocheaders.go:786 s=786
   420: 0x100ce183c M=1 github.com/johnsonlee/graphite/graphite-server/internal/query.evaluator.check /Users/johnsonlee/.codex/benchmarks/graphite/regex-quoted-contains-profile-before-61828229-v1/source/internal/query/eval.go:62 s=60
   421: 0x100cac58c M=1 github.com/johnsonlee/graphite/graphite-server/internal/store.(*Store).ProjectionCandidateNode.func4 /Users/johnsonlee/.codex/benchmarks/graphite/regex-quoted-contains-profile-before-61828229-v1/source/internal/store/projection_node.go:97 s=93
   422: 0x100ce1838 M=1 github.com/johnsonlee/graphite/graphite-server/internal/query.evaluator.check /Users/johnsonlee/.codex/benchmarks/graphite/regex-quoted-contains-profile-before-61828229-v1/source/internal/query/eval.go:62 s=60
   423: 0x100c9f513 M=1 github.com/johnsonlee/graphite/graphite-server/internal/store.(*decoder).node /Users/johnsonlee/.codex/benchmarks/graphite/regex-quoted-contains-profile-before-61828229-v1/source/internal/store/decode.go:312 s=279
   424: 0x100cabfaf M=1 github.com/johnsonlee/graphite/graphite-server/internal/store.(*Store).ProjectionCandidateNode /Users/johnsonlee/.codex/benchmarks/graphite/regex-quoted-contains-profile-before-61828229-v1/source/internal/store/projection_node.go:90 s=13
   425: 0x100ae0c70 M=1 runtime.nextFreeFast /opt/homebrew/Cellar/go/1.22.0/libexec/src/runtime/malloc.go:917 s=911
             runtime.mallocgc /opt/homebrew/Cellar/go/1.22.0/libexec/src/runtime/malloc.go:1147 s=971
   426: 0x100afd200 M=1 runtime.(*mheap).allocSpan /opt/homebrew/Cellar/go/1.22.0/libexec/src/runtime/mheap.go:1200 s=1171
   427: 0x100cac7ec M=1 github.com/johnsonlee/graphite/graphite-server/internal/store.(*Store).ProjectionCandidateNode.func1 /Users/johnsonlee/.codex/benchmarks/graphite/regex-quoted-contains-profile-before-61828229-v1/source/internal/store/projection_node.go:43 s=38
   428: 0x100cabda3 M=1 github.com/johnsonlee/graphite/graphite-server/internal/store.(*Store).ProjectionCandidateNode.func2 /Users/johnsonlee/.codex/benchmarks/graphite/regex-quoted-contains-profile-before-61828229-v1/source/internal/store/projection_node.go:58 s=57
             github.com/johnsonlee/graphite/graphite-server/internal/store.(*Store).ProjectionCandidateNode /Users/johnsonlee/.codex/benchmarks/graphite/regex-quoted-contains-profile-before-61828229-v1/source/internal/store/projection_node.go:104 s=13
   429: 0x100cabee0 M=1 bytes.NewReader /opt/homebrew/Cellar/go/1.22.0/libexec/src/bytes/reader.go:159 s=159
             github.com/johnsonlee/graphite/graphite-server/internal/store.(*Store).ProjectionCandidateNode /Users/johnsonlee/.codex/benchmarks/graphite/regex-quoted-contains-profile-before-61828229-v1/source/internal/store/projection_node.go:87 s=13
   430: 0x100c9f6a4 M=1 github.com/johnsonlee/graphite/graphite-server/internal/store.(*decoder).node /Users/johnsonlee/.codex/benchmarks/graphite/regex-quoted-contains-profile-before-61828229-v1/source/internal/store/decode.go:325 s=279
   431: 0x100c9e92c M=1 github.com/johnsonlee/graphite/graphite-server/internal/store.(*decoder).method /Users/johnsonlee/.codex/benchmarks/graphite/regex-quoted-contains-profile-before-61828229-v1/source/internal/store/decode.go:202 s=195
   432: 0x100ccb29c M=1 github.com/johnsonlee/graphite/graphite-server/internal/javaregex.(*matcher).sequence.func1 /Users/johnsonlee/.codex/benchmarks/graphite/regex-quoted-contains-profile-before-61828229-v1/source/internal/javaregex/match.go:171 s=171
   433: 0x100b10edb M=1 runtime.startTheWorldWithSema /opt/homebrew/Cellar/go/1.22.0/libexec/src/runtime/proc.go:1559 s=1554
   434: 0x100aee007 M=1 runtime.gcStart.func3 /opt/homebrew/Cellar/go/1.22.0/libexec/src/runtime/mgc.go:747 s=746
   435: 0x100ae77a4 M=1 runtime.spanOf /opt/homebrew/Cellar/go/1.22.0/libexec/src/runtime/mheap.go:690 s=672
             runtime.findObject /opt/homebrew/Cellar/go/1.22.0/libexec/src/runtime/mbitmap.go:305 s=304
   436: 0x100af407b M=1 runtime.scanobject /opt/homebrew/Cellar/go/1.22.0/libexec/src/runtime/mgcmark.go:1492 s=1395
   437: 0x100af38a3 M=1 runtime.gcDrain /opt/homebrew/Cellar/go/1.22.0/libexec/src/runtime/mgcmark.go:1242 s=1163
   438: 0x100aefa83 M=1 runtime.gcDrainMarkWorkerIdle /opt/homebrew/Cellar/go/1.22.0/libexec/src/runtime/mgcmark.go:1114 s=1113
             runtime.gcBgMarkWorker.func2 /opt/homebrew/Cellar/go/1.22.0/libexec/src/runtime/mgc.go:1406 s=1370
   439: 0x100aef743 M=1 runtime.gcBgMarkWorker /opt/homebrew/Cellar/go/1.22.0/libexec/src/runtime/mgc.go:1370 s=1276
   440: 0x100af382c M=1 runtime.(*gcWork).tryGetFast /opt/homebrew/Cellar/go/1.22.0/libexec/src/runtime/mgcwork.go:235 s=234
             runtime.gcDrain /opt/homebrew/Cellar/go/1.22.0/libexec/src/runtime/mgcmark.go:1227 s=1163
   441: 0x100af3ff8 M=1 runtime.typePointers.nextFast /opt/homebrew/Cellar/go/1.22.0/libexec/src/runtime/mbitmap_allocheaders.go:251 s=249
             runtime.scanobject /opt/homebrew/Cellar/go/1.22.0/libexec/src/runtime/mgcmark.go:1458 s=1395
   442: 0x100ae77cc M=1 runtime.findObject /opt/homebrew/Cellar/go/1.22.0/libexec/src/runtime/mbitmap.go:305 s=304
   443: 0x100aefaaf M=1 runtime.gcDrainMarkWorkerDedicated /opt/homebrew/Cellar/go/1.22.0/libexec/src/runtime/mgcmark.go:1124 s=1119
             runtime.gcBgMarkWorker.func2 /opt/homebrew/Cellar/go/1.22.0/libexec/src/runtime/mgc.go:1387 s=1370
   444: 0x100af4000 M=1 runtime.typePointers.nextFast /opt/homebrew/Cellar/go/1.22.0/libexec/src/runtime/mbitmap_allocheaders.go:257 s=249
             runtime.scanobject /opt/homebrew/Cellar/go/1.22.0/libexec/src/runtime/mgcmark.go:1458 s=1395
   445: 0x100af404c M=1 runtime.scanobject /opt/homebrew/Cellar/go/1.22.0/libexec/src/runtime/mgcmark.go:1482 s=1395
   446: 0x100aefb63 M=1 runtime.gcDrainMarkWorkerDedicated /opt/homebrew/Cellar/go/1.22.0/libexec/src/runtime/mgcmark.go:1124 s=1119
             runtime.gcBgMarkWorker.func2 /opt/homebrew/Cellar/go/1.22.0/libexec/src/runtime/mgc.go:1402 s=1370
   447: 0x100af4488 M=1 runtime.(*gcBits).bytep /opt/homebrew/Cellar/go/1.22.0/libexec/src/runtime/mheap.go:2091 s=2090
             runtime.(*gcBits).bitp /opt/homebrew/Cellar/go/1.22.0/libexec/src/runtime/mheap.go:2097 s=2096
             runtime.(*mspan).markBitsForIndex /opt/homebrew/Cellar/go/1.22.0/libexec/src/runtime/mbitmap.go:201 s=200
             runtime.greyobject /opt/homebrew/Cellar/go/1.22.0/libexec/src/runtime/mgcmark.go:1620 s=1615
   448: 0x100af4097 M=1 runtime.scanobject /opt/homebrew/Cellar/go/1.22.0/libexec/src/runtime/mgcmark.go:1493 s=1395
   449: 0x100af4524 M=1 runtime.(*mspan).base /opt/homebrew/Cellar/go/1.22.0/libexec/src/runtime/mheap.go:495 s=494
             runtime.greyobject /opt/homebrew/Cellar/go/1.22.0/libexec/src/runtime/mgcmark.go:1643 s=1615
   450: 0x100af4634 M=1 runtime.greyobject /opt/homebrew/Cellar/go/1.22.0/libexec/src/runtime/mgcmark.go:1665 s=1615
   451: 0x100ae78d4 M=1 runtime.findObject /opt/homebrew/Cellar/go/1.22.0/libexec/src/runtime/mbitmap.go:315 s=304
   452: 0x100af4044 M=1 runtime.scanobject /opt/homebrew/Cellar/go/1.22.0/libexec/src/runtime/mgcmark.go:1478 s=1395
   453: 0x100ae8348 M=1 runtime.typePointers.next /opt/homebrew/Cellar/go/1.22.0/libexec/src/runtime/mbitmap_allocheaders.go:277 s=275
   454: 0x100af402b M=1 runtime.scanobject /opt/homebrew/Cellar/go/1.22.0/libexec/src/runtime/mgcmark.go:1459 s=1395
   455: 0x100ae7868 M=1 runtime.(*mspan).divideByElemSize /opt/homebrew/Cellar/go/1.22.0/libexec/src/runtime/mbitmap.go:178 s=174
             runtime.(*mspan).objIndex /opt/homebrew/Cellar/go/1.22.0/libexec/src/runtime/mbitmap.go:191 s=190
             runtime.findObject /opt/homebrew/Cellar/go/1.22.0/libexec/src/runtime/mbitmap.go:334 s=304
   456: 0x100af3ff0 M=1 runtime.scanobject /opt/homebrew/Cellar/go/1.22.0/libexec/src/runtime/mgcmark.go:1474 s=1395
   457: 0x100af3ff4 M=1 runtime.typePointers.nextFast /opt/homebrew/Cellar/go/1.22.0/libexec/src/runtime/mbitmap_allocheaders.go:251 s=249
             runtime.scanobject /opt/homebrew/Cellar/go/1.22.0/libexec/src/runtime/mgcmark.go:1458 s=1395
   458: 0x100af45f8 M=1 runtime.(*gcWork).putFast /opt/homebrew/Cellar/go/1.22.0/libexec/src/runtime/mgcwork.go:153 s=152
             runtime.greyobject /opt/homebrew/Cellar/go/1.22.0/libexec/src/runtime/mgcmark.go:1662 s=1615
   459: 0x100af4564 M=1 runtime.greyobject /opt/homebrew/Cellar/go/1.22.0/libexec/src/runtime/mgcmark.go:1644 s=1615
   460: 0x100af4580 M=1 runtime.greyobject /opt/homebrew/Cellar/go/1.22.0/libexec/src/runtime/mgcmark.go:1645 s=1615
   461: 0x100af3fa8 M=1 runtime.spanOfUnchecked /opt/homebrew/Cellar/go/1.22.0/libexec/src/runtime/mheap.go:709 s=707
             runtime.scanobject /opt/homebrew/Cellar/go/1.22.0/libexec/src/runtime/mgcmark.go:1407 s=1395
   462: 0x100af3804 M=1 runtime.gcDrain /opt/homebrew/Cellar/go/1.22.0/libexec/src/runtime/mgcmark.go:1223 s=1163
   463: 0x100ae77c8 M=1 runtime.findObject /opt/homebrew/Cellar/go/1.22.0/libexec/src/runtime/mbitmap.go:305 s=304
   464: 0x100ae7780 M=1 runtime.findObject /opt/homebrew/Cellar/go/1.22.0/libexec/src/runtime/mbitmap.go:304 s=304
   465: 0x100b07cdb M=1 runtime.wbBufFlush1 /opt/homebrew/Cellar/go/1.22.0/libexec/src/runtime/mwbbuf.go:240 s=195
   466: 0x100b3a943 M=1 runtime.wbBufFlush.func1 /opt/homebrew/Cellar/go/1.22.0/libexec/src/runtime/mwbbuf.go:181 s=180
   467: 0x100b07bdb M=1 runtime.wbBufFlush /opt/homebrew/Cellar/go/1.22.0/libexec/src/runtime/mwbbuf.go:180 s=166
   468: 0x100ae881f M=1 runtime.(*wbBuf).get2 /opt/homebrew/Cellar/go/1.22.0/libexec/src/runtime/mwbbuf.go:144 s=142
             runtime.bulkBarrierPreWrite /opt/homebrew/Cellar/go/1.22.0/libexec/src/runtime/mbitmap_allocheaders.go:485 s=420
   469: 0x100ae7193 M=1 runtime.wbMove /opt/homebrew/Cellar/go/1.22.0/libexec/src/runtime/mbarrier.go:199 s=194
   470: 0x100d07eb7 M=1 github.com/johnsonlee/graphite/graphite-server/internal/query.evaluator.lazyFiltered /Users/johnsonlee/.codex/benchmarks/graphite/regex-quoted-contains-profile-before-61828229-v1/source/internal/query/lazy_filtered.go:156 s=113
   471: 0x100ae82ac M=1 runtime.(*mspan).typePointersOfUnchecked /opt/homebrew/Cellar/go/1.22.0/libexec/src/runtime/mbitmap_allocheaders.go:184 s=177
   472: 0x100af3fdb M=1 runtime.scanobject /opt/homebrew/Cellar/go/1.22.0/libexec/src/runtime/mgcmark.go:1446 s=1395
   473: 0x100af45cc M=1 runtime.greyobject /opt/homebrew/Cellar/go/1.22.0/libexec/src/runtime/mgcmark.go:1638 s=1615
   474: 0x100af4018 M=1 runtime.scanobject /opt/homebrew/Cellar/go/1.22.0/libexec/src/runtime/mgcmark.go:1458 s=1395
   475: 0x100af403c M=1 runtime.scanobject /opt/homebrew/Cellar/go/1.22.0/libexec/src/runtime/mgcmark.go:1478 s=1395
   476: 0x100af379c M=1 runtime.gcDrain /opt/homebrew/Cellar/go/1.22.0/libexec/src/runtime/mgcmark.go:1217 s=1163
   477: 0x100af37f0 M=1 runtime.gcDrain /opt/homebrew/Cellar/go/1.22.0/libexec/src/runtime/mgcmark.go:1217 s=1163
   478: 0x100ae7784 M=1 runtime.findObject /opt/homebrew/Cellar/go/1.22.0/libexec/src/runtime/mbitmap.go:304 s=304
   479: 0x100ae8358 M=1 runtime.typePointers.next /opt/homebrew/Cellar/go/1.22.0/libexec/src/runtime/mbitmap_allocheaders.go:277 s=275
   480: 0x100af407c M=1 runtime.scanobject /opt/homebrew/Cellar/go/1.22.0/libexec/src/runtime/mgcmark.go:1492 s=1395
   481: 0x100af40dc M=1 runtime.scanobject /opt/homebrew/Cellar/go/1.22.0/libexec/src/runtime/mgcmark.go:1499 s=1395
   482: 0x100af40ac M=1 runtime.scanobject /opt/homebrew/Cellar/go/1.22.0/libexec/src/runtime/mgcmark.go:1474 s=1395
   483: 0x100af4084 M=1 runtime.scanobject /opt/homebrew/Cellar/go/1.22.0/libexec/src/runtime/mgcmark.go:1493 s=1395
   484: 0x100b2deab M=1 runtime.pthread_kill /opt/homebrew/Cellar/go/1.22.0/libexec/src/runtime/sys_darwin.go:177 s=176
   485: 0x100b249db M=1 runtime.signalM /opt/homebrew/Cellar/go/1.22.0/libexec/src/runtime/os_darwin.go:475 s=474
             runtime.preemptM /opt/homebrew/Cellar/go/1.22.0/libexec/src/runtime/signal_unix.go:385 s=368
   486: 0x100b1c44b M=1 runtime.preemptone /opt/homebrew/Cellar/go/1.22.0/libexec/src/runtime/proc.go:6226 s=6205
   487: 0x100af57d7 M=1 runtime.(*gcControllerState).enlistWorker /opt/homebrew/Cellar/go/1.22.0/libexec/src/runtime/mgcpacer.go:723 s=691
   488: 0x100afb7df M=1 runtime.(*gcWork).balance /opt/homebrew/Cellar/go/1.22.0/libexec/src/runtime/mgcwork.go:304 s=288
   489: 0x100af380f M=1 runtime.gcDrain /opt/homebrew/Cellar/go/1.22.0/libexec/src/runtime/mgcmark.go:1224 s=1163
   490: 0x100af4574 M=1 runtime.greyobject /opt/homebrew/Cellar/go/1.22.0/libexec/src/runtime/mgcmark.go:1644 s=1615
   491: 0x100ae8374 M=1 runtime.typePointers.next /opt/homebrew/Cellar/go/1.22.0/libexec/src/runtime/mbitmap_allocheaders.go:288 s=275
   492: 0x100af4460 M=1 runtime.greyobject /opt/homebrew/Cellar/go/1.22.0/libexec/src/runtime/mgcmark.go:1615 s=1615
   493: 0x100af0c3c M=1 runtime.(*gcCPULimiterState).updateLocked /opt/homebrew/Cellar/go/1.22.0/libexec/src/runtime/mgclimit.go:214 s=178
   494: 0x100af0a07 M=1 runtime.(*gcCPULimiterState).update /opt/homebrew/Cellar/go/1.22.0/libexec/src/runtime/mgclimit.go:173 s=163
   495: 0x100af5897 M=1 runtime.(*gcControllerState).findRunnableGCWorker /opt/homebrew/Cellar/go/1.22.0/libexec/src/runtime/mgcpacer.go:744 s=731
   496: 0x100b14023 M=1 runtime.findRunnable /opt/homebrew/Cellar/go/1.22.0/libexec/src/runtime/proc.go:3178 s=3139
   497: 0x100ae7878 M=1 runtime.findObject /opt/homebrew/Cellar/go/1.22.0/libexec/src/runtime/mbitmap.go:334 s=304
   498: 0x100af4058 M=1 runtime.scanobject /opt/homebrew/Cellar/go/1.22.0/libexec/src/runtime/mgcmark.go:1458 s=1395
   499: 0x100b157a0 M=1 runtime.stealWork /opt/homebrew/Cellar/go/1.22.0/libexec/src/runtime/proc.go:3601 s=3544
   500: 0x100b143e3 M=1 runtime.findRunnable /opt/homebrew/Cellar/go/1.22.0/libexec/src/runtime/proc.go:3254 s=3139
   501: 0x100af38b4 M=1 runtime.gcDrain /opt/homebrew/Cellar/go/1.22.0/libexec/src/runtime/mgcmark.go:1248 s=1163
   502: 0x100af4500 M=1 runtime.markBits.setMarked /opt/homebrew/Cellar/go/1.22.0/libexec/src/runtime/mbitmap.go:219 s=215
             runtime.greyobject /opt/homebrew/Cellar/go/1.22.0/libexec/src/runtime/mgcmark.go:1640 s=1615
   503: 0x100b07cac M=1 runtime.wbBufFlush1 /opt/homebrew/Cellar/go/1.22.0/libexec/src/runtime/mwbbuf.go:230 s=195
   504: 0x100cca07b M=1 github.com/johnsonlee/graphite/graphite-server/internal/javaregex.(*matcher).match /Users/johnsonlee/.codex/benchmarks/graphite/regex-quoted-contains-profile-before-61828229-v1/source/internal/javaregex/match.go:27 s=27
   505: 0x100af2ce4 M=1 runtime/internal/atomic.(*Int64).Add /opt/homebrew/Cellar/go/1.22.0/libexec/src/runtime/internal/atomic/types.go:109 s=108
             runtime.gcFlushBgCredit /opt/homebrew/Cellar/go/1.22.0/libexec/src/runtime/mgcmark.go:769 s=763
   506: 0x100af390f M=1 runtime.gcDrain /opt/homebrew/Cellar/go/1.22.0/libexec/src/runtime/mgcmark.go:1250 s=1163
   507: 0x100ae788c M=1 runtime.findObject /opt/homebrew/Cellar/go/1.22.0/libexec/src/runtime/mbitmap.go:309 s=304
   508: 0x100ae8364 M=1 runtime.typePointers.next /opt/homebrew/Cellar/go/1.22.0/libexec/src/runtime/mbitmap_allocheaders.go:287 s=275
   509: 0x100ae87d3 M=1 runtime.bulkBarrierPreWrite /opt/homebrew/Cellar/go/1.22.0/libexec/src/runtime/mbitmap_allocheaders.go:480 s=420
   510: 0x100af4508 M=1 runtime.markBits.setMarked /opt/homebrew/Cellar/go/1.22.0/libexec/src/runtime/mbitmap.go:219 s=215
             runtime.greyobject /opt/homebrew/Cellar/go/1.22.0/libexec/src/runtime/mgcmark.go:1640 s=1615
   511: 0x100af4098 M=1 runtime.scanobject /opt/homebrew/Cellar/go/1.22.0/libexec/src/runtime/mgcmark.go:1458 s=1395
   512: 0x100ae7194 M=1 runtime.wbMove /opt/homebrew/Cellar/go/1.22.0/libexec/src/runtime/mbarrier.go:200 s=194
   513: 0x100af0c08 M=1 runtime.(*gcCPULimiterState).updateLocked /opt/homebrew/Cellar/go/1.22.0/libexec/src/runtime/mgclimit.go:219 s=178
   514: 0x100b155dc M=1 runtime.(*randomEnum).next /opt/homebrew/Cellar/go/1.22.0/libexec/src/runtime/proc.go:7108 s=7106
             runtime.stealWork /opt/homebrew/Cellar/go/1.22.0/libexec/src/runtime/proc.go:3553 s=3544
   515: 0x100ae78e0 M=1 runtime.findObject /opt/homebrew/Cellar/go/1.22.0/libexec/src/runtime/mbitmap.go:315 s=304
   516: 0x100af450c M=1 runtime.markBits.setMarked /opt/homebrew/Cellar/go/1.22.0/libexec/src/runtime/mbitmap.go:219 s=215
             runtime.greyobject /opt/homebrew/Cellar/go/1.22.0/libexec/src/runtime/mgcmark.go:1640 s=1615
   517: 0x100ae82a0 M=1 runtime.(*mspan).typePointersOfUnchecked /opt/homebrew/Cellar/go/1.22.0/libexec/src/runtime/mbitmap_allocheaders.go:177 s=177
   518: 0x100ae83a4 M=1 runtime.readUintptr /opt/homebrew/Cellar/go/1.22.0/libexec/src/runtime/mbitmap.go:466 s=465
             runtime.typePointers.next /opt/homebrew/Cellar/go/1.22.0/libexec/src/runtime/mbitmap_allocheaders.go:300 s=275
   519: 0x100ae77b0 M=1 runtime.spanOf /opt/homebrew/Cellar/go/1.22.0/libexec/src/runtime/mheap.go:694 s=672
             runtime.findObject /opt/homebrew/Cellar/go/1.22.0/libexec/src/runtime/mbitmap.go:305 s=304
   520: 0x100af4080 M=1 runtime.scanobject /opt/homebrew/Cellar/go/1.22.0/libexec/src/runtime/mgcmark.go:1493 s=1395
   521: 0x100ae8cf4 M=1 runtime.(*mspan).heapBitsSmallForAddr /opt/homebrew/Cellar/go/1.22.0/libexec/src/runtime/mbitmap_allocheaders.go:768 s=746
   522: 0x100ae82ff M=1 runtime.(*mspan).typePointersOfUnchecked /opt/homebrew/Cellar/go/1.22.0/libexec/src/runtime/mbitmap_allocheaders.go:190 s=177
   523: 0x100af3fac M=1 runtime.scanobject /opt/homebrew/Cellar/go/1.22.0/libexec/src/runtime/mgcmark.go:1419 s=1395
   524: 0x100af4054 M=1 runtime.scanobject /opt/homebrew/Cellar/go/1.22.0/libexec/src/runtime/mgcmark.go:1482 s=1395
   525: 0x100af44b0 M=1 runtime.greyobject /opt/homebrew/Cellar/go/1.22.0/libexec/src/runtime/mgcmark.go:1628 s=1615
   526: 0x100ae0f28 M=1 runtime.mallocgc /opt/homebrew/Cellar/go/1.22.0/libexec/src/runtime/malloc.go:1264 s=971
   527: 0x100af4064 M=1 runtime.scanobject /opt/homebrew/Cellar/go/1.22.0/libexec/src/runtime/mgcmark.go:1458 s=1395
   528: 0x100af38d0 M=1 runtime/internal/atomic.(*Int64).Add /opt/homebrew/Cellar/go/1.22.0/libexec/src/runtime/internal/atomic/types.go:109 s=108
             runtime.gcDrain /opt/homebrew/Cellar/go/1.22.0/libexec/src/runtime/mgcmark.go:1248 s=1163
   529: 0x100ae835c M=1 runtime.typePointers.next /opt/homebrew/Cellar/go/1.22.0/libexec/src/runtime/mbitmap_allocheaders.go:282 s=275
   530: 0x100af402c M=1 runtime.scanobject /opt/homebrew/Cellar/go/1.22.0/libexec/src/runtime/mgcmark.go:1459 s=1395
   531: 0x100af3894 M=1 runtime.gcDrain /opt/homebrew/Cellar/go/1.22.0/libexec/src/runtime/mgcmark.go:1238 s=1163
   532: 0x100b43518 M=1 runtime.duffcopy /opt/homebrew/Cellar/go/1.22.0/libexec/src/runtime/duff_arm64.s:240 s=74
   533: 0x100af446c M=1 runtime.greyobject /opt/homebrew/Cellar/go/1.22.0/libexec/src/runtime/mgcmark.go:1615 s=1615
   534: 0x100b157a4 M=1 runtime.stealWork /opt/homebrew/Cellar/go/1.22.0/libexec/src/runtime/proc.go:3601 s=3544
   535: 0x100ae8d5c M=1 runtime.(*mspan).heapBitsSmallForAddr /opt/homebrew/Cellar/go/1.22.0/libexec/src/runtime/mbitmap_allocheaders.go:776 s=746
   536: 0x100af40b0 M=1 runtime.scanobject /opt/homebrew/Cellar/go/1.22.0/libexec/src/runtime/mgcmark.go:1474 s=1395
   537: 0x100ae8428 M=1 runtime.typePointers.nextFast /opt/homebrew/Cellar/go/1.22.0/libexec/src/runtime/mbitmap_allocheaders.go:257 s=249
             runtime.typePointers.next /opt/homebrew/Cellar/go/1.22.0/libexec/src/runtime/mbitmap_allocheaders.go:278 s=275
   538: 0x100af44e8 M=1 runtime.markBits.isMarked /opt/homebrew/Cellar/go/1.22.0/libexec/src/runtime/mbitmap.go:211 s=210
             runtime.greyobject /opt/homebrew/Cellar/go/1.22.0/libexec/src/runtime/mgcmark.go:1637 s=1615
   539: 0x100af4550 M=1 runtime.greyobject /opt/homebrew/Cellar/go/1.22.0/libexec/src/runtime/mgcmark.go:1644 s=1615
   540: 0x100b4389c M=1 runtime.memmove /opt/homebrew/Cellar/go/1.22.0/libexec/src/runtime/memmove_arm64.s:172 s=29
   541: 0x100afbd37 M=1 runtime.handoff /opt/homebrew/Cellar/go/1.22.0/libexec/src/runtime/mgcwork.go:443 s=437
   542: 0x100afb783 M=1 runtime.(*gcWork).balance /opt/homebrew/Cellar/go/1.22.0/libexec/src/runtime/mgcwork.go:297 s=288
   543: 0x100ccbd48 M=1 github.com/johnsonlee/graphite/graphite-server/internal/javaregex.(*matcher).simpleRepeat /Users/johnsonlee/.codex/benchmarks/graphite/regex-quoted-contains-profile-before-61828229-v1/source/internal/javaregex/match.go:278 s=231
   544: 0x100af40d8 M=1 runtime.scanobject /opt/homebrew/Cellar/go/1.22.0/libexec/src/runtime/mgcmark.go:1498 s=1395
   545: 0x100af44b4 M=1 runtime.(*gcBits).bitp /opt/homebrew/Cellar/go/1.22.0/libexec/src/runtime/mheap.go:2097 s=2096
             runtime.(*mspan).markBitsForIndex /opt/homebrew/Cellar/go/1.22.0/libexec/src/runtime/mbitmap.go:201 s=200
             runtime.greyobject /opt/homebrew/Cellar/go/1.22.0/libexec/src/runtime/mgcmark.go:1620 s=1615
   546: 0x100af3f9c M=1 runtime.scanobject /opt/homebrew/Cellar/go/1.22.0/libexec/src/runtime/mgcmark.go:1412 s=1395
   547: 0x100af45a8 M=1 runtime.greyobject /opt/homebrew/Cellar/go/1.22.0/libexec/src/runtime/mgcmark.go:1650 s=1615
   548: 0x100af44a4 M=1 runtime.greyobject /opt/homebrew/Cellar/go/1.22.0/libexec/src/runtime/mgcmark.go:1622 s=1615
   549: 0x100af398c M=1 runtime.gcDrain /opt/homebrew/Cellar/go/1.22.0/libexec/src/runtime/mgcmark.go:1217 s=1163
   550: 0x100c9e2d0 M=1 github.com/johnsonlee/graphite/graphite-server/internal/store.(*decoder).count /Users/johnsonlee/.codex/benchmarks/graphite/regex-quoted-contains-profile-before-61828229-v1/source/internal/store/decode.go:153 s=151
   551: 0x100ae77ec M=1 runtime.(*mspan).base /opt/homebrew/Cellar/go/1.22.0/libexec/src/runtime/mheap.go:495 s=494
             runtime.findObject /opt/homebrew/Cellar/go/1.22.0/libexec/src/runtime/mbitmap.go:321 s=304
   552: 0x100b40313 M=1 gcWriteBarrier /opt/homebrew/Cellar/go/1.22.0/libexec/src/runtime/asm_arm64.s:1294 s=1250
   553: 0x100ae67c7 M=1 runtime.mapassign_faststr /opt/homebrew/Cellar/go/1.22.0/libexec/src/runtime/map_faststr.go:261 s=203
   554: 0x100af40a8 M=1 runtime.scanobject /opt/homebrew/Cellar/go/1.22.0/libexec/src/runtime/mgcmark.go:1482 s=1395
   555: 0x100af4470 M=1 runtime.greyobject /opt/homebrew/Cellar/go/1.22.0/libexec/src/runtime/mgcmark.go:1615 s=1615
   556: 0x100b15644 M=1 runtime.stealWork /opt/homebrew/Cellar/go/1.22.0/libexec/src/runtime/proc.go:3576 s=3544
   557: 0x100af385c M=1 runtime.gcDrain /opt/homebrew/Cellar/go/1.22.0/libexec/src/runtime/mgcmark.go:1228 s=1163
   558: 0x100d07e5f M=1 github.com/johnsonlee/graphite/graphite-server/internal/query.evaluator.lazyFiltered /Users/johnsonlee/.codex/benchmarks/graphite/regex-quoted-contains-profile-before-61828229-v1/source/internal/query/lazy_filtered.go:156 s=113
   559: 0x100afb307 M=1 runtime.(*gcWork).put /opt/homebrew/Cellar/go/1.22.0/libexec/src/runtime/mgcwork.go:144 s=113
   560: 0x100af4633 M=1 runtime.greyobject /opt/homebrew/Cellar/go/1.22.0/libexec/src/runtime/mgcmark.go:1663 s=1615
   561: 0x100af4068 M=1 runtime.scanobject /opt/homebrew/Cellar/go/1.22.0/libexec/src/runtime/mgcmark.go:1458 s=1395
   562: 0x100ae77d4 M=1 runtime/internal/atomic.(*Uint8).Load /opt/homebrew/Cellar/go/1.22.0/libexec/src/runtime/internal/atomic/types.go:124 s=123
             runtime.(*mSpanStateBox).get /opt/homebrew/Cellar/go/1.22.0/libexec/src/runtime/mheap.go:388 s=387
             runtime.findObject /opt/homebrew/Cellar/go/1.22.0/libexec/src/runtime/mbitmap.go:321 s=304
   563: 0x100b2e0cb M=1 runtime.usleep /opt/homebrew/Cellar/go/1.22.0/libexec/src/runtime/sys_darwin.go:302 s=301
   564: 0x100adf273 M=1 runtime.osyield /opt/homebrew/Cellar/go/1.22.0/libexec/src/runtime/os_darwin.go:362 s=361
             runtime.lock2 /opt/homebrew/Cellar/go/1.22.0/libexec/src/runtime/lock_sema.go:77 s=42
   565: 0x100b14257 M=1 runtime.lockWithRank /opt/homebrew/Cellar/go/1.22.0/libexec/src/runtime/lockrank_off.go:24 s=23
             runtime.lock /opt/homebrew/Cellar/go/1.22.0/libexec/src/runtime/lock_sema.go:39 s=38
             runtime.findRunnable /opt/homebrew/Cellar/go/1.22.0/libexec/src/runtime/proc.go:3214 s=3139
   566: 0x100b16c03 M=1 runtime.goschedImpl /opt/homebrew/Cellar/go/1.22.0/libexec/src/runtime/proc.go:4065 s=4039
   567: 0x100afba88 M=1 runtime.(*lfstack).pop /opt/homebrew/Cellar/go/1.22.0/libexec/src/runtime/lfstack.go:48 s=40
             runtime.getempty /opt/homebrew/Cellar/go/1.22.0/libexec/src/runtime/mgcwork.go:355 s=352
   568: 0x100afbcef M=1 runtime.handoff /opt/homebrew/Cellar/go/1.22.0/libexec/src/runtime/mgcwork.go:439 s=437
   569: 0x100af454c M=1 runtime.pageIndexOf /opt/homebrew/Cellar/go/1.22.0/libexec/src/runtime/mheap.go:735 s=733
             runtime.greyobject /opt/homebrew/Cellar/go/1.22.0/libexec/src/runtime/mgcmark.go:1643 s=1615
   570: 0x100aff01f M=1 runtime.lockWithRank /opt/homebrew/Cellar/go/1.22.0/libexec/src/runtime/lockrank_off.go:24 s=23
             runtime.lock /opt/homebrew/Cellar/go/1.22.0/libexec/src/runtime/lock_sema.go:39 s=38
             runtime.newMarkBits /opt/homebrew/Cellar/go/1.22.0/libexec/src/runtime/mheap.go:2154 s=2142
   571: 0x100af9f63 M=1 runtime.(*sweepLocked).sweep /opt/homebrew/Cellar/go/1.22.0/libexec/src/runtime/mgcsweep.go:668 s=499
   572: 0x100ae9e5f M=1 runtime.(*mcentral).cacheSpan /opt/homebrew/Cellar/go/1.22.0/libexec/src/runtime/mcentral.go:147 s=81
   573: 0x100afd907 M=1 runtime.(*mheap).initSpan /opt/homebrew/Cellar/go/1.22.0/libexec/src/runtime/mheap.go:1413 s=1377
   574: 0x100b02958 M=1 runtime.packPallocSum /opt/homebrew/Cellar/go/1.22.0/libexec/src/runtime/mpagealloc.go:1000 s=996
             runtime.(*pallocBits).summarize /opt/homebrew/Cellar/go/1.22.0/libexec/src/runtime/mpallocbits.go:224 s=136
   575: 0x100affb87 M=1 runtime.(*pageAlloc).update /opt/homebrew/Cellar/go/1.22.0/libexec/src/runtime/mpagealloc.go:497 s=485
   576: 0x100b01127 M=1 runtime.(*pageAlloc).free /opt/homebrew/Cellar/go/1.22.0/libexec/src/runtime/mpagealloc.go:972 s=936
   577: 0x100afe0f7 M=1 runtime.(*mheap).freeSpanLocked /opt/homebrew/Cellar/go/1.22.0/libexec/src/runtime/mheap.go:1640 s=1592
   578: 0x100afaa73 M=1 runtime.(*sweepLocked).sweep.(*mheap).freeSpan.func3 /opt/homebrew/Cellar/go/1.22.0/libexec/src/runtime/mheap.go:1567 s=1551
   579: 0x100afa23f M=1 runtime.(*mheap).freeSpan /opt/homebrew/Cellar/go/1.22.0/libexec/src/runtime/mheap.go:1551 s=1550
             runtime.(*sweepLocked).sweep /opt/homebrew/Cellar/go/1.22.0/libexec/src/runtime/mgcsweep.go:758 s=499
   580: 0x100af971f M=1 runtime.sweepone /opt/homebrew/Cellar/go/1.22.0/libexec/src/runtime/mgcsweep.go:390 s=353
   581: 0x100af945f M=1 runtime.bgsweep /opt/homebrew/Cellar/go/1.22.0/libexec/src/runtime/mgcsweep.go:299 s=271
   582: 0x100afdf78 M=1 runtime.(*mheap).freeSpanLocked /opt/homebrew/Cellar/go/1.22.0/libexec/src/runtime/mheap.go:1620 s=1592
   583: 0x100b029dc M=1 runtime.(*pallocBits).summarize /opt/homebrew/Cellar/go/1.22.0/libexec/src/runtime/mpallocbits.go:193 s=136
   584: 0x100afd18f M=1 runtime.lockWithRank /opt/homebrew/Cellar/go/1.22.0/libexec/src/runtime/lockrank_off.go:24 s=23
             runtime.lock /opt/homebrew/Cellar/go/1.22.0/libexec/src/runtime/lock_sema.go:39 s=38
             runtime.(*mheap).allocSpan /opt/homebrew/Cellar/go/1.22.0/libexec/src/runtime/mheap.go:1191 s=1171
   585: 0x100adf0ef M=1 runtime.lockWithRank /opt/homebrew/Cellar/go/1.22.0/libexec/src/runtime/lockrank_off.go:24 s=23
             runtime.lock /opt/homebrew/Cellar/go/1.22.0/libexec/src/runtime/lock_sema.go:39 s=38
   586: 0x100afaa63 M=1 runtime.(*sweepLocked).sweep.(*mheap).freeSpan.func3 /opt/homebrew/Cellar/go/1.22.0/libexec/src/runtime/mheap.go:1554 s=1551
   587: 0x100b07694 M=1 runtime.(*sysMemStat).add /opt/homebrew/Cellar/go/1.22.0/libexec/src/runtime/mstats.go:657 s=657
   588: 0x100afdf93 M=1 runtime.(*mheap).freeSpanLocked /opt/homebrew/Cellar/go/1.22.0/libexec/src/runtime/mheap.go:1621 s=1592
   589: 0x100afd253 M=1 runtime.lockWithRank /opt/homebrew/Cellar/go/1.22.0/libexec/src/runtime/lockrank_off.go:24 s=23
             runtime.lock /opt/homebrew/Cellar/go/1.22.0/libexec/src/runtime/lock_sema.go:39 s=38
             runtime.(*mheap).allocSpan /opt/homebrew/Cellar/go/1.22.0/libexec/src/runtime/mheap.go:1210 s=1171
   590: 0x100afa584 M=1 runtime.(*sweepLocked).sweep /opt/homebrew/Cellar/go/1.22.0/libexec/src/runtime/mgcsweep.go:641 s=499
   591: 0x100b16d4f M=1 runtime.gosched_m /opt/homebrew/Cellar/go/1.22.0/libexec/src/runtime/proc.go:4070 s=4069
   592: 0x100b067d8 M=1 runtime.(*spanSet).push /opt/homebrew/Cellar/go/1.22.0/libexec/src/runtime/mspanset.go:137 s=74
   593: 0x100afa207 M=1 runtime.(*sweepLocked).sweep /opt/homebrew/Cellar/go/1.22.0/libexec/src/runtime/mgcsweep.go:765 s=499
   594: 0x100b658bc M=1 unicode/utf8.DecodeRuneInString /opt/homebrew/Cellar/go/1.22.0/libexec/src/unicode/utf8/utf8.go:210 s=199
   595: 0x100b43308 M=1 runtime.duffzero /opt/homebrew/Cellar/go/1.22.0/libexec/src/runtime/duff_arm64.s:54 s=7
   596: 0x100ccbb88 M=1 github.com/johnsonlee/graphite/graphite-server/internal/javaregex.(*matcher).simpleRepeat /Users/johnsonlee/.codex/benchmarks/graphite/regex-quoted-contains-profile-before-61828229-v1/source/internal/javaregex/match.go:240 s=231
   597: 0x100ae0894 M=1 runtime.mallocgc /opt/homebrew/Cellar/go/1.22.0/libexec/src/runtime/malloc.go:972 s=971
   598: 0x100ccb150 M=1 github.com/johnsonlee/graphite/graphite-server/internal/javaregex.(*matcher).sequence /Users/johnsonlee/.codex/benchmarks/graphite/regex-quoted-contains-profile-before-61828229-v1/source/internal/javaregex/match.go:167 s=167
   599: 0x100ce487c M=1 github.com/johnsonlee/graphite/graphite-server/internal/query.evaluator.binary /Users/johnsonlee/.codex/benchmarks/graphite/regex-quoted-contains-profile-before-61828229-v1/source/internal/query/eval.go:360 s=347
   600: 0x100d0a1a4 M=1 github.com/johnsonlee/graphite/graphite-server/internal/query.evaluator.lazyGenericNodes.func1 /Users/johnsonlee/.codex/benchmarks/graphite/regex-quoted-contains-profile-before-61828229-v1/source/internal/query/lazy_filtered.go:309 s=302
   601: 0x100cd0d20 M=1 github.com/johnsonlee/graphite/graphite-server/internal/javaregex.(*Pattern).MatchesContext /Users/johnsonlee/.codex/benchmarks/graphite/regex-quoted-contains-profile-before-61828229-v1/source/internal/javaregex/regex.go:99 s=98
   602: 0x100d0a0ac M=1 github.com/johnsonlee/graphite/graphite-server/internal/query.evaluator.lazyGenericNodes.func1 /Users/johnsonlee/.codex/benchmarks/graphite/regex-quoted-contains-profile-before-61828229-v1/source/internal/query/lazy_filtered.go:302 s=302
   603: 0x100d269c8 M=1 github.com/johnsonlee/graphite/graphite-server/internal/query.evaluator.compileRegex /Users/johnsonlee/.codex/benchmarks/graphite/regex-quoted-contains-profile-before-61828229-v1/source/internal/query/regex.go:76 s=75
   604: 0x100ae0cbc M=1 runtime.mallocgc /opt/homebrew/Cellar/go/1.22.0/libexec/src/runtime/malloc.go:1147 s=971
   605: 0x100ccba2c M=1 github.com/johnsonlee/graphite/graphite-server/internal/javaregex.(*matcher).simpleRepeat /Users/johnsonlee/.codex/benchmarks/graphite/regex-quoted-contains-profile-before-61828229-v1/source/internal/javaregex/match.go:232 s=231
   606: 0x100b43460 M=1 runtime.duffcopy /opt/homebrew/Cellar/go/1.22.0/libexec/src/runtime/duff_arm64.s:171 s=74
   607: 0x100ccb168 M=1 github.com/johnsonlee/graphite/graphite-server/internal/javaregex.(*matcher).sequence /Users/johnsonlee/.codex/benchmarks/graphite/regex-quoted-contains-profile-before-61828229-v1/source/internal/javaregex/match.go:167 s=167
   608: 0x100b621d0 M=1 context.(*cancelCtx).Done /opt/homebrew/Cellar/go/1.22.0/libexec/src/context/context.go:441 s=438
   609: 0x100cabaef M=1 github.com/johnsonlee/graphite/graphite-server/internal/store.(*Store).ProjectionCandidateNode /Users/johnsonlee/.codex/benchmarks/graphite/regex-quoted-contains-profile-before-61828229-v1/source/internal/store/projection_node.go:23 s=13
   610: 0x100cd0f58 M=1 github.com/johnsonlee/graphite/graphite-server/internal/javaregex.decodeJavaString /Users/johnsonlee/.codex/benchmarks/graphite/regex-quoted-contains-profile-before-61828229-v1/source/internal/javaregex/regex.go:157 s=138
   611: 0x100ae12cc M=1 runtime.newobject /opt/homebrew/Cellar/go/1.22.0/libexec/src/runtime/malloc.go:1390 s=1389
   612: 0x100cabbe4 M=1 encoding/binary.bigEndian.Uint32 /opt/homebrew/Cellar/go/1.22.0/libexec/src/encoding/binary/binary.go:162 s=160
             github.com/johnsonlee/graphite/graphite-server/internal/store.(*Store).ProjectionCandidateNode.func2 /Users/johnsonlee/.codex/benchmarks/graphite/regex-quoted-contains-profile-before-61828229-v1/source/internal/store/projection_node.go:62 s=57
             github.com/johnsonlee/graphite/graphite-server/internal/store.(*Store).ProjectionCandidateNode /Users/johnsonlee/.codex/benchmarks/graphite/regex-quoted-contains-profile-before-61828229-v1/source/internal/store/projection_node.go:75 s=13
   613: 0x100cac674 M=1 github.com/johnsonlee/graphite/graphite-server/internal/store.(*Store).ProjectionCandidateNode.func3 /Users/johnsonlee/.codex/benchmarks/graphite/regex-quoted-contains-profile-before-61828229-v1/source/internal/store/projection_node.go:69 s=64
   614: 0x100cac5b3 M=1 github.com/johnsonlee/graphite/graphite-server/internal/store.(*Store).ProjectionCandidateNode.func4 /Users/johnsonlee/.codex/benchmarks/graphite/regex-quoted-contains-profile-before-61828229-v1/source/internal/store/projection_node.go:99 s=93
   615: 0x100cca138 M=1 github.com/johnsonlee/graphite/graphite-server/internal/javaregex.(*matcher).match /Users/johnsonlee/.codex/benchmarks/graphite/regex-quoted-contains-profile-before-61828229-v1/source/internal/javaregex/match.go:44 s=27
   616: 0x100cabc4c M=1 github.com/johnsonlee/graphite/graphite-server/internal/store.(*Store).ProjectionCandidateNode /Users/johnsonlee/.codex/benchmarks/graphite/regex-quoted-contains-profile-before-61828229-v1/source/internal/store/projection_node.go:92 s=13
   617: 0x100b99c40 M=1 bytes.(*Reader).Read /opt/homebrew/Cellar/go/1.22.0/libexec/src/bytes/reader.go:40 s=39
   618: 0x100ccba8c M=1 github.com/johnsonlee/graphite/graphite-server/internal/javaregex.(*matcher).simpleRepeat /Users/johnsonlee/.codex/benchmarks/graphite/regex-quoted-contains-profile-before-61828229-v1/source/internal/javaregex/match.go:262 s=231
   619: 0x100c9df58 M=1 github.com/johnsonlee/graphite/graphite-server/internal/store.(*decoder).bytes /Users/johnsonlee/.codex/benchmarks/graphite/regex-quoted-contains-profile-before-61828229-v1/source/internal/store/decode.go:91 s=87
   620: 0x100cd10e3 M=1 github.com/johnsonlee/graphite/graphite-server/internal/javaregex.decodeJavaString /Users/johnsonlee/.codex/benchmarks/graphite/regex-quoted-contains-profile-before-61828229-v1/source/internal/javaregex/regex.go:157 s=138
   621: 0x100ae8ebc M=1 runtime.(*mspan).writeHeapBitsSmall /opt/homebrew/Cellar/go/1.22.0/libexec/src/runtime/mbitmap_allocheaders.go:831 s=786
   622: 0x100ae12b0 M=1 runtime.newobject /opt/homebrew/Cellar/go/1.22.0/libexec/src/runtime/malloc.go:1389 s=1389
   623: 0x100cd11cc M=1 github.com/johnsonlee/graphite/graphite-server/internal/javaregex.decodeJavaRune /Users/johnsonlee/.codex/benchmarks/graphite/regex-quoted-contains-profile-before-61828229-v1/source/internal/javaregex/regex.go:163 s=159
   624: 0x100ae0970 M=1 runtime.mallocgc /opt/homebrew/Cellar/go/1.22.0/libexec/src/runtime/malloc.go:1029 s=971
   625: 0x100b4332c M=1 runtime.duffzero /opt/homebrew/Cellar/go/1.22.0/libexec/src/runtime/duff_arm64.s:63 s=7
   626: 0x100cabd8f M=1 github.com/johnsonlee/graphite/graphite-server/internal/store.(*Store).ProjectionCandidateNode /Users/johnsonlee/.codex/benchmarks/graphite/regex-quoted-contains-profile-before-61828229-v1/source/internal/store/projection_node.go:104 s=13
   627: 0x100ce1974 M=1 github.com/johnsonlee/graphite/graphite-server/internal/query.evaluator.eval /Users/johnsonlee/.codex/benchmarks/graphite/regex-quoted-contains-profile-before-61828229-v1/source/internal/query/eval.go:82 s=82
   628: 0x100b02854 M=1 runtime.(*pallocBits).summarize /opt/homebrew/Cellar/go/1.22.0/libexec/src/runtime/mpallocbits.go:140 s=136
   629: 0x100b02373 M=1 runtime.(*pageAlloc).allocToCache /opt/homebrew/Cellar/go/1.22.0/libexec/src/runtime/mpagecache.go:168 s=119
   630: 0x100afd197 M=1 runtime.(*mheap).allocSpan /opt/homebrew/Cellar/go/1.22.0/libexec/src/runtime/mheap.go:1192 s=1171
   631: 0x100ae0c4c M=1 runtime.nextFreeFast /opt/homebrew/Cellar/go/1.22.0/libexec/src/runtime/malloc.go:914 s=911
             runtime.mallocgc /opt/homebrew/Cellar/go/1.22.0/libexec/src/runtime/malloc.go:1147 s=971
   632: 0x100afd0b0 M=1 runtime.(*mheap).allocMSpanLocked /opt/homebrew/Cellar/go/1.22.0/libexec/src/runtime/mheap.go:1124 s=1107
   633: 0x100cac4e3 M=1 github.com/johnsonlee/graphite/graphite-server/internal/store.(*Store).ProjectionCandidateNode.func4 /Users/johnsonlee/.codex/benchmarks/graphite/regex-quoted-contains-profile-before-61828229-v1/source/internal/store/projection_node.go:95 s=93
   634: 0x100c9e857 M=1 github.com/johnsonlee/graphite/graphite-server/internal/store.(*decoder).method /Users/johnsonlee/.codex/benchmarks/graphite/regex-quoted-contains-profile-before-61828229-v1/source/internal/store/decode.go:196 s=195
   635: 0x100afe2f4 M=1 runtime/internal/atomic.(*Uint8).Store /opt/homebrew/Cellar/go/1.22.0/libexec/src/runtime/internal/atomic/types.go:131 s=130
             runtime.(*mSpanStateBox).set /opt/homebrew/Cellar/go/1.22.0/libexec/src/runtime/mheap.go:380 s=379
             runtime.(*mspan).init /opt/homebrew/Cellar/go/1.22.0/libexec/src/runtime/mheap.go:1696 s=1678
   636: 0x100afd7ef M=1 runtime.(*mheap).initSpan /opt/homebrew/Cellar/go/1.22.0/libexec/src/runtime/mheap.go:1380 s=1377
   637: 0x100ae0a8c M=1 runtime.mallocgc /opt/homebrew/Cellar/go/1.22.0/libexec/src/runtime/malloc.go:1117 s=971
   638: 0x100d272d7 M=1 github.com/johnsonlee/graphite/graphite-server/internal/query.evaluator.regexMatch /Users/johnsonlee/.codex/benchmarks/graphite/regex-quoted-contains-profile-before-61828229-v1/source/internal/query/regex.go:170 s=125
   639: 0x100ce4848 M=1 github.com/johnsonlee/graphite/graphite-server/internal/query.evaluator.binary /Users/johnsonlee/.codex/benchmarks/graphite/regex-quoted-contains-profile-before-61828229-v1/source/internal/query/eval.go:361 s=347
   640: 0x100b6244c M=1 sync.(*Mutex).Lock /opt/homebrew/Cellar/go/1.22.0/libexec/src/sync/mutex.go:83 s=81
             context.(*cancelCtx).Err /opt/homebrew/Cellar/go/1.22.0/libexec/src/context/context.go:454 s=453
   641: 0x100cd0e0b M=1 github.com/johnsonlee/graphite/graphite-server/internal/javaregex.(*Pattern).MatchesContext /Users/johnsonlee/.codex/benchmarks/graphite/regex-quoted-contains-profile-before-61828229-v1/source/internal/javaregex/regex.go:112 s=98
   642: 0x100d07e8c M=1 github.com/johnsonlee/graphite/graphite-server/internal/query.evaluator.lazyFiltered /Users/johnsonlee/.codex/benchmarks/graphite/regex-quoted-contains-profile-before-61828229-v1/source/internal/query/lazy_filtered.go:156 s=113
   643: 0x100cabfe3 M=1 github.com/johnsonlee/graphite/graphite-server/internal/store.(*Store).ProjectionCandidateNode /Users/johnsonlee/.codex/benchmarks/graphite/regex-quoted-contains-profile-before-61828229-v1/source/internal/store/projection_node.go:90 s=13
   644: 0x100b435e8 M=1 runtime.memclrNoHeapPointers /opt/homebrew/Cellar/go/1.22.0/libexec/src/runtime/memclr_arm64.s:67 s=11
   645: 0x100b27214 M=1 runtime.growslice /opt/homebrew/Cellar/go/1.22.0/libexec/src/runtime/slice.go:263 s=155
   646: 0x100b434b4 M=1 runtime.duffcopy /opt/homebrew/Cellar/go/1.22.0/libexec/src/runtime/duff_arm64.s:202 s=74
   647: 0x100b43550 M=1 runtime.duffcopy /opt/homebrew/Cellar/go/1.22.0/libexec/src/runtime/duff_arm64.s:261 s=74
   648: 0x100cca114 M=1 github.com/johnsonlee/graphite/graphite-server/internal/javaregex.(*matcher).match /Users/johnsonlee/.codex/benchmarks/graphite/regex-quoted-contains-profile-before-61828229-v1/source/internal/javaregex/match.go:43 s=27
   649: 0x100b43700 M=1 runtime.memclrNoHeapPointers /opt/homebrew/Cellar/go/1.22.0/libexec/src/runtime/memclr_arm64.s:180 s=11
   650: 0x100b43490 M=1 runtime.duffcopy /opt/homebrew/Cellar/go/1.22.0/libexec/src/runtime/duff_arm64.s:189 s=74
   651: 0x100aed1e8 M=1 runtime.(*fixalloc).alloc /opt/homebrew/Cellar/go/1.22.0/libexec/src/runtime/mfixalloc.go:75 s=74
   652: 0x100cabacc M=1 github.com/johnsonlee/graphite/graphite-server/internal/store.(*Store).ProjectionCandidateNode /Users/johnsonlee/.codex/benchmarks/graphite/regex-quoted-contains-profile-before-61828229-v1/source/internal/store/projection_node.go:19 s=13
   653: 0x100cac50c M=1 github.com/johnsonlee/graphite/graphite-server/internal/store.(*Store).ProjectionCandidateNode.func4 /Users/johnsonlee/.codex/benchmarks/graphite/regex-quoted-contains-profile-before-61828229-v1/source/internal/store/projection_node.go:96 s=93
   654: 0x100b3578c M=1 runtime.tracebackPCs /opt/homebrew/Cellar/go/1.22.0/libexec/src/runtime/traceback.go:627 s=619
   655: 0x100afef80 M=1 runtime.(*gcBitsArena).tryAlloc /opt/homebrew/Cellar/go/1.22.0/libexec/src/runtime/mheap.go:2127 s=2126
             runtime.newMarkBits /opt/homebrew/Cellar/go/1.22.0/libexec/src/runtime/mheap.go:2148 s=2142
   656: 0x100afd927 M=1 runtime.newAllocBits /opt/homebrew/Cellar/go/1.22.0/libexec/src/runtime/mheap.go:2199 s=2198
             runtime.(*mheap).initSpan /opt/homebrew/Cellar/go/1.22.0/libexec/src/runtime/mheap.go:1414 s=1377
   657: 0x100ce472c M=1 github.com/johnsonlee/graphite/graphite-server/internal/query.evaluator.binary /Users/johnsonlee/.codex/benchmarks/graphite/regex-quoted-contains-profile-before-61828229-v1/source/internal/query/eval.go:353 s=347
   658: 0x100c9f5fc M=1 github.com/johnsonlee/graphite/graphite-server/internal/store.(*decoder).i32 /Users/johnsonlee/.codex/benchmarks/graphite/regex-quoted-contains-profile-before-61828229-v1/source/internal/store/decode.go:138 s=137
             github.com/johnsonlee/graphite/graphite-server/internal/store.(*decoder).node /Users/johnsonlee/.codex/benchmarks/graphite/regex-quoted-contains-profile-before-61828229-v1/source/internal/store/decode.go:321 s=279
   659: 0x100cac7c4 M=1 github.com/johnsonlee/graphite/graphite-server/internal/store.(*Store).ProjectionCandidateNode.func1 /Users/johnsonlee/.codex/benchmarks/graphite/regex-quoted-contains-profile-before-61828229-v1/source/internal/store/projection_node.go:39 s=38
   660: 0x100ce196c M=1 github.com/johnsonlee/graphite/graphite-server/internal/query.evaluator.eval /Users/johnsonlee/.codex/benchmarks/graphite/regex-quoted-contains-profile-before-61828229-v1/source/internal/query/eval.go:82 s=82
   661: 0x100b40b18 M=1 runtime.systemstack /opt/homebrew/Cellar/go/1.22.0/libexec/src/runtime/asm_arm64.s:249 s=206
   662: 0x100ae0e98 M=1 runtime.mallocgc /opt/homebrew/Cellar/go/1.22.0/libexec/src/runtime/malloc.go:1288 s=971
   663: 0x100b43474 M=1 runtime.duffcopy /opt/homebrew/Cellar/go/1.22.0/libexec/src/runtime/duff_arm64.s:178 s=74
   664: 0x100ccbd0c M=1 github.com/johnsonlee/graphite/graphite-server/internal/javaregex.(*matcher).simpleRepeat /Users/johnsonlee/.codex/benchmarks/graphite/regex-quoted-contains-profile-before-61828229-v1/source/internal/javaregex/match.go:274 s=231
   665: 0x100ae65ec M=1 runtime.(*hmap).growing /opt/homebrew/Cellar/go/1.22.0/libexec/src/runtime/map.go:1118 s=1117
             runtime.mapassign_faststr /opt/homebrew/Cellar/go/1.22.0/libexec/src/runtime/map_faststr.go:226 s=203
   666: 0x100c9e0d0 M=1 github.com/johnsonlee/graphite/graphite-server/internal/store.(*decoder).scalarBytes /Users/johnsonlee/.codex/benchmarks/graphite/regex-quoted-contains-profile-before-61828229-v1/source/internal/store/decode.go:107 s=107
   667: 0x100b432d4 M=1 runtime.duffzero /opt/homebrew/Cellar/go/1.22.0/libexec/src/runtime/duff_arm64.s:41 s=7
   668: 0x100c9f2ab M=1 github.com/johnsonlee/graphite/graphite-server/internal/store.(*decoder).node /Users/johnsonlee/.codex/benchmarks/graphite/regex-quoted-contains-profile-before-61828229-v1/source/internal/store/decode.go:280 s=279
   669: 0x100b434f8 M=1 runtime.duffcopy /opt/homebrew/Cellar/go/1.22.0/libexec/src/runtime/duff_arm64.s:228 s=74
   670: 0x100b436e8 M=1 runtime.memclrNoHeapPointers /opt/homebrew/Cellar/go/1.22.0/libexec/src/runtime/memclr_arm64.s:174 s=11
   671: 0x100b4d108 M=1 sync.(*Mutex).Lock /opt/homebrew/Cellar/go/1.22.0/libexec/src/sync/mutex.go:83 s=81
             sync.(*RWMutex).Lock /opt/homebrew/Cellar/go/1.22.0/libexec/src/sync/rwmutex.go:146 s=140
   672: 0x100b26c78 M=1 runtime.makeslice /opt/homebrew/Cellar/go/1.22.0/libexec/src/runtime/slice.go:93 s=92
   673: 0x100c9e084 M=1 github.com/johnsonlee/graphite/graphite-server/internal/store.(*decoder).bytes /Users/johnsonlee/.codex/benchmarks/graphite/regex-quoted-contains-profile-before-61828229-v1/source/internal/store/decode.go:98 s=87
   674: 0x100cca10c M=1 github.com/johnsonlee/graphite/graphite-server/internal/javaregex.(*matcher).match /Users/johnsonlee/.codex/benchmarks/graphite/regex-quoted-contains-profile-before-61828229-v1/source/internal/javaregex/match.go:31 s=27
   675: 0x100b64270 M=1 io.ReadAtLeast /opt/homebrew/Cellar/go/1.22.0/libexec/src/io/io.go:329 s=329
   676: 0x100b07980 M=1 runtime.(*consistentHeapStats).release /opt/homebrew/Cellar/go/1.22.0/libexec/src/runtime/mstats.go:806 s=805
   677: 0x100afd747 M=1 runtime.(*mheap).allocSpan /opt/homebrew/Cellar/go/1.22.0/libexec/src/runtime/mheap.go:1369 s=1171
   678: 0x100b4376c M=1 runtime.memmove /opt/homebrew/Cellar/go/1.22.0/libexec/src/runtime/memmove_arm64.s:64 s=29
   679: 0x100b42cfc M=1 runtime.strhash /opt/homebrew/Cellar/go/1.22.0/libexec/src/runtime/asm_arm64.s:587 s=584
   680: 0x100ae09e4 M=1 runtime.mallocgc /opt/homebrew/Cellar/go/1.22.0/libexec/src/runtime/malloc.go:1060 s=971
   681: 0x100ae0958 M=1 runtime.acquirem /opt/homebrew/Cellar/go/1.22.0/libexec/src/runtime/runtime1.go:581 s=579
             runtime.mallocgc /opt/homebrew/Cellar/go/1.22.0/libexec/src/runtime/malloc.go:1028 s=971
   682: 0x100c9e503 M=1 github.com/johnsonlee/graphite/graphite-server/internal/store.(*decoder).u8 /Users/johnsonlee/.codex/benchmarks/graphite/regex-quoted-contains-profile-before-61828229-v1/source/internal/store/decode.go:124 s=123
             github.com/johnsonlee/graphite/graphite-server/internal/store.(*decoder).optionalString /Users/johnsonlee/.codex/benchmarks/graphite/regex-quoted-contains-profile-before-61828229-v1/source/internal/store/decode.go:171 s=170
   683: 0x100c9f70f M=1 github.com/johnsonlee/graphite/graphite-server/internal/store.(*decoder).node /Users/johnsonlee/.codex/benchmarks/graphite/regex-quoted-contains-profile-before-61828229-v1/source/internal/store/decode.go:326 s=279
   684: 0x100cf897c M=1 github.com/johnsonlee/graphite/graphite-server/internal/query.failProjectionRead /Users/johnsonlee/.codex/benchmarks/graphite/regex-quoted-contains-profile-before-61828229-v1/source/internal/query/indexed_distinct.go:24 s=24
   685: 0x100d163f3 M=1 github.com/johnsonlee/graphite/graphite-server/internal/query.failMainStringRead /Users/johnsonlee/.codex/benchmarks/graphite/regex-quoted-contains-profile-before-61828229-v1/source/internal/query/main_string_source.go:213 s=209
   686: 0x100ae8d90 M=1 runtime.(*mspan).writeHeapBitsSmall /opt/homebrew/Cellar/go/1.22.0/libexec/src/runtime/mbitmap_allocheaders.go:788 s=786
   687: 0x100ae0660 M=1 runtime.(*mcache).nextFree /opt/homebrew/Cellar/go/1.22.0/libexec/src/runtime/malloc.go:938 s=938
   688: 0x100ccb290 M=1 github.com/johnsonlee/graphite/graphite-server/internal/javaregex.(*matcher).sequence.func1 /Users/johnsonlee/.codex/benchmarks/graphite/regex-quoted-contains-profile-before-61828229-v1/source/internal/javaregex/match.go:171 s=171
   689: 0x100ae08ac M=1 runtime.mallocgc /opt/homebrew/Cellar/go/1.22.0/libexec/src/runtime/malloc.go:993 s=971
   690: 0x100cabb84 M=1 github.com/johnsonlee/graphite/graphite-server/internal/store.(*Store).ProjectionCandidateNode /Users/johnsonlee/.codex/benchmarks/graphite/regex-quoted-contains-profile-before-61828229-v1/source/internal/store/projection_node.go:57 s=13
   691: 0x100cabb78 M=1 github.com/johnsonlee/graphite/graphite-server/internal/store.(*Store).ProjectionCandidateNode /Users/johnsonlee/.codex/benchmarks/graphite/regex-quoted-contains-profile-before-61828229-v1/source/internal/store/projection_node.go:38 s=13
   692: 0x100b434e4 M=1 runtime.duffcopy /opt/homebrew/Cellar/go/1.22.0/libexec/src/runtime/duff_arm64.s:220 s=74
   693: 0x100ad69d0 M=1 memeqbody /opt/homebrew/Cellar/go/1.22.0/libexec/src/internal/bytealg/equal_arm64.s:34 s=33
   694: 0x100ae605b M=1 runtime.mapaccess1_faststr /opt/homebrew/Cellar/go/1.22.0/libexec/src/runtime/map_faststr.go:38 s=13
   695: 0x100ae8c28 M=1 runtime.(*mspan).base /opt/homebrew/Cellar/go/1.22.0/libexec/src/runtime/mheap.go:495 s=494
             runtime.(*mspan).heapBits /opt/homebrew/Cellar/go/1.22.0/libexec/src/runtime/mbitmap_allocheaders.go:724 s=708
   696: 0x100ae8ddc M=1 runtime.(*mspan).writeHeapBitsSmall /opt/homebrew/Cellar/go/1.22.0/libexec/src/runtime/mbitmap_allocheaders.go:807 s=786
   697: 0x100b26c88 M=1 runtime.makeslice /opt/homebrew/Cellar/go/1.22.0/libexec/src/runtime/slice.go:94 s=92
   698: 0x100ae0f30 M=1 runtime.mallocgc /opt/homebrew/Cellar/go/1.22.0/libexec/src/runtime/malloc.go:1264 s=971
   699: 0x100ae1170 M=1 runtime.deductAssistCredit /opt/homebrew/Cellar/go/1.22.0/libexec/src/runtime/malloc.go:1337 s=1337
   700: 0x100d0a264 M=1 github.com/johnsonlee/graphite/graphite-server/internal/query.evaluator.lazyGenericNodes.func1 /Users/johnsonlee/.codex/benchmarks/graphite/regex-quoted-contains-profile-before-61828229-v1/source/internal/query/lazy_filtered.go:315 s=302
   701: 0x100b43508 M=1 runtime.duffcopy /opt/homebrew/Cellar/go/1.22.0/libexec/src/runtime/duff_arm64.s:234 s=74
   702: 0x100ae10a0 M=1 runtime.mallocgc /opt/homebrew/Cellar/go/1.22.0/libexec/src/runtime/malloc.go:977 s=971
   703: 0x100cac730 M=1 github.com/johnsonlee/graphite/graphite-server/internal/store.(*Store).ProjectionCandidateNode.func2 /Users/johnsonlee/.codex/benchmarks/graphite/regex-quoted-contains-profile-before-61828229-v1/source/internal/store/projection_node.go:57 s=57
   704: 0x100ce194c M=1 github.com/johnsonlee/graphite/graphite-server/internal/query.evaluator.eval /Users/johnsonlee/.codex/benchmarks/graphite/regex-quoted-contains-profile-before-61828229-v1/source/internal/query/eval.go:82 s=82
   705: 0x100d07e10 M=1 github.com/johnsonlee/graphite/graphite-server/internal/query.evaluator.lazyFiltered /Users/johnsonlee/.codex/benchmarks/graphite/regex-quoted-contains-profile-before-61828229-v1/source/internal/query/lazy_filtered.go:150 s=113
   706: 0x100ae0f94 M=1 runtime.releasem /opt/homebrew/Cellar/go/1.22.0/libexec/src/runtime/runtime1.go:588 s=586
             runtime.mallocgc /opt/homebrew/Cellar/go/1.22.0/libexec/src/runtime/malloc.go:1271 s=971
   707: 0x100ccac84 M=1 github.com/johnsonlee/graphite/graphite-server/internal/javaregex.(*matcher).check /Users/johnsonlee/.codex/benchmarks/graphite/regex-quoted-contains-profile-before-61828229-v1/source/internal/javaregex/match.go:21 s=20
             github.com/johnsonlee/graphite/graphite-server/internal/javaregex.(*matcher).match /Users/johnsonlee/.codex/benchmarks/graphite/regex-quoted-contains-profile-before-61828229-v1/source/internal/javaregex/match.go:48 s=27
   708: 0x100ae0a38 M=1 runtime.mallocgc /opt/homebrew/Cellar/go/1.22.0/libexec/src/runtime/malloc.go:1107 s=971
   709: 0x100b6217c M=1 sync/atomic.(*Value).Load /opt/homebrew/Cellar/go/1.22.0/libexec/src/sync/atomic/value.go:31 s=28
             context.(*cancelCtx).Done /opt/homebrew/Cellar/go/1.22.0/libexec/src/context/context.go:439 s=438
   710: 0x100b658d8 M=1 unicode/utf8.DecodeRuneInString /opt/homebrew/Cellar/go/1.22.0/libexec/src/unicode/utf8/utf8.go:211 s=199
   711: 0x100d25300 M=1 github.com/johnsonlee/graphite/graphite-server/internal/query.NodeProperty /Users/johnsonlee/.codex/benchmarks/graphite/regex-quoted-contains-profile-before-61828229-v1/source/internal/query/properties.go:34 s=9
   712: 0x100ce2944 M=1 github.com/johnsonlee/graphite/graphite-server/internal/query.evaluator.eval /Users/johnsonlee/.codex/benchmarks/graphite/regex-quoted-contains-profile-before-61828229-v1/source/internal/query/eval.go:162 s=82
   713: 0x100afef50 M=1 runtime.newMarkBits /opt/homebrew/Cellar/go/1.22.0/libexec/src/runtime/mheap.go:2142 s=2142
   714: 0x100ce198c M=1 github.com/johnsonlee/graphite/graphite-server/internal/query.evaluator.eval /Users/johnsonlee/.codex/benchmarks/graphite/regex-quoted-contains-profile-before-61828229-v1/source/internal/query/eval.go:83 s=82
   715: 0x100b62174 M=1 sync/atomic.(*Value).Load /opt/homebrew/Cellar/go/1.22.0/libexec/src/sync/atomic/value.go:30 s=28
             context.(*cancelCtx).Done /opt/homebrew/Cellar/go/1.22.0/libexec/src/context/context.go:439 s=438
   716: 0x100b43538 M=1 runtime.duffcopy /opt/homebrew/Cellar/go/1.22.0/libexec/src/runtime/duff_arm64.s:252 s=74
   717: 0x100caba24 M=1 github.com/johnsonlee/graphite/graphite-server/internal/store.(*Store).ProjectionCandidateNode /Users/johnsonlee/.codex/benchmarks/graphite/regex-quoted-contains-profile-before-61828229-v1/source/internal/store/projection_node.go:13 s=13
   718: 0x100cdd984 M=1 github.com/johnsonlee/graphite/graphite-server/internal/query.evaluator.matches /Users/johnsonlee/.codex/benchmarks/graphite/regex-quoted-contains-profile-before-61828229-v1/source/internal/query/engine.go:244 s=244
   719: 0x100d0808b M=1 github.com/johnsonlee/graphite/graphite-server/internal/query.evaluator.lazyFiltered /Users/johnsonlee/.codex/benchmarks/graphite/regex-quoted-contains-profile-before-61828229-v1/source/internal/query/lazy_filtered.go:161 s=113
   720: 0x100d271f4 M=1 github.com/johnsonlee/graphite/graphite-server/internal/query.evaluator.regexMatch /Users/johnsonlee/.codex/benchmarks/graphite/regex-quoted-contains-profile-before-61828229-v1/source/internal/query/regex.go:126 s=125
   721: 0x100b2e12f M=1 runtime.write1 /opt/homebrew/Cellar/go/1.22.0/libexec/src/runtime/sys_darwin.go:315 s=314
   722: 0x100b3145b M=1 runtime.write /opt/homebrew/Cellar/go/1.22.0/libexec/src/runtime/time_nofake.go:31 s=27
   723: 0x100b08b1b M=1 runtime.netpollBreak /opt/homebrew/Cellar/go/1.22.0/libexec/src/runtime/netpoll_kqueue.go:104 s=96
   724: 0x100b15e67 M=1 runtime.wakeNetPoller /opt/homebrew/Cellar/go/1.22.0/libexec/src/runtime/proc.go:3726 s=3718
   725: 0x100b2f94f M=1 runtime.modtimer /opt/homebrew/Cellar/go/1.22.0/libexec/src/runtime/time.go:514 s=439
   726: 0x100b2e95b M=1 runtime.resettimer /opt/homebrew/Cellar/go/1.22.0/libexec/src/runtime/time.go:555 s=554
             runtime.resetForSleep /opt/homebrew/Cellar/go/1.22.0/libexec/src/runtime/time.go:204 s=202
   727: 0x100b168f7 M=1 runtime.park_m /opt/homebrew/Cellar/go/1.22.0/libexec/src/runtime/proc.go:4023 s=4007
   728: 0x100d26dd8 M=1 github.com/johnsonlee/graphite/graphite-server/internal/query.evaluator.compileRegex /Users/johnsonlee/.codex/benchmarks/graphite/regex-quoted-contains-profile-before-61828229-v1/source/internal/query/regex.go:81 s=75
   729: 0x100b624c0 M=1 sync.(*Mutex).Unlock /opt/homebrew/Cellar/go/1.22.0/libexec/src/sync/mutex.go:219 s=212
             context.(*cancelCtx).Err /opt/homebrew/Cellar/go/1.22.0/libexec/src/context/context.go:456 s=453
   730: 0x100b3fe08 M=1 aeshashbody /opt/homebrew/Cellar/go/1.22.0/libexec/src/runtime/asm_arm64.s:603 s=596
   731: 0x100cac84c M=1 github.com/johnsonlee/graphite/graphite-server/internal/store.(*Store).ProjectionCandidateNode.func1 /Users/johnsonlee/.codex/benchmarks/graphite/regex-quoted-contains-profile-before-61828229-v1/source/internal/store/projection_node.go:49 s=38
   732: 0x100b4d1f0 M=1 sync.(*RWMutex).Unlock /opt/homebrew/Cellar/go/1.22.0/libexec/src/sync/rwmutex.go:197 s=197
   733: 0x100ae741c M=1 runtime.(*mspan).refillAllocCache /opt/homebrew/Cellar/go/1.22.0/libexec/src/runtime/mbitmap.go:88 s=85
   734: 0x100ae753f M=1 runtime.(*mspan).nextFreeIndex /opt/homebrew/Cellar/go/1.22.0/libexec/src/runtime/mbitmap.go:147 s=103
   735: 0x100ae7414 M=1 runtime.(*gcBits).bytep /opt/homebrew/Cellar/go/1.22.0/libexec/src/runtime/mheap.go:2091 s=2090
             runtime.(*mspan).refillAllocCache /opt/homebrew/Cellar/go/1.22.0/libexec/src/runtime/mbitmap.go:86 s=85
   736: 0x100ae9ca3 M=1 runtime.(*mcentral).cacheSpan /opt/homebrew/Cellar/go/1.22.0/libexec/src/runtime/mcentral.go:191 s=81
   737: 0x100b2df4b M=1 runtime.mmap /opt/homebrew/Cellar/go/1.22.0/libexec/src/runtime/sys_darwin.go:237 s=228
   738: 0x100aea59b M=1 runtime.sysAllocOS /opt/homebrew/Cellar/go/1.22.0/libexec/src/runtime/mem_darwin.go:16 s=15
             runtime.sysAlloc /opt/homebrew/Cellar/go/1.22.0/libexec/src/runtime/mem.go:52 s=49
   739: 0x100aff433 M=1 runtime.newArenaMayUnlock /opt/homebrew/Cellar/go/1.22.0/libexec/src/runtime/mheap.go:2242 s=2238
   740: 0x100aff0c3 M=1 runtime.newMarkBits /opt/homebrew/Cellar/go/1.22.0/libexec/src/runtime/mheap.go:2164 s=2142
   741: 0x100ccb190 M=1 github.com/johnsonlee/graphite/graphite-server/internal/javaregex.(*matcher).sequence /Users/johnsonlee/.codex/benchmarks/graphite/regex-quoted-contains-profile-before-61828229-v1/source/internal/javaregex/match.go:171 s=167
   742: 0x100ae0a58 M=1 runtime.releasem /opt/homebrew/Cellar/go/1.22.0/libexec/src/runtime/runtime1.go:588 s=586
             runtime.mallocgc /opt/homebrew/Cellar/go/1.22.0/libexec/src/runtime/malloc.go:1113 s=971
   743: 0x100cccafc M=1 github.com/johnsonlee/graphite/graphite-server/internal/javaregex.lineTerminator /Users/johnsonlee/.codex/benchmarks/graphite/regex-quoted-contains-profile-before-61828229-v1/source/internal/javaregex/match.go:193 s=192
             github.com/johnsonlee/graphite/graphite-server/internal/javaregex.(*parser).atom.func1 /Users/johnsonlee/.codex/benchmarks/graphite/regex-quoted-contains-profile-before-61828229-v1/source/internal/javaregex/parse.go:115 s=115
   744: 0x100ae0968 M=1 runtime.acquirem /opt/homebrew/Cellar/go/1.22.0/libexec/src/runtime/runtime1.go:581 s=579
             runtime.mallocgc /opt/homebrew/Cellar/go/1.22.0/libexec/src/runtime/malloc.go:1028 s=971
   745: 0x100ae8be3 M=1 runtime.(*mspan).initHeapBits /opt/homebrew/Cellar/go/1.22.0/libexec/src/runtime/mbitmap_allocheaders.go:547 s=544
   746: 0x100aea15f M=1 runtime.(*mcentral).grow /opt/homebrew/Cellar/go/1.22.0/libexec/src/runtime/mcentral.go:263 s=250
   747: 0x100cca030 M=1 github.com/johnsonlee/graphite/graphite-server/internal/javaregex.(*matcher).check /Users/johnsonlee/.codex/benchmarks/graphite/regex-quoted-contains-profile-before-61828229-v1/source/internal/javaregex/match.go:22 s=20
             github.com/johnsonlee/graphite/graphite-server/internal/javaregex.(*matcher).match /Users/johnsonlee/.codex/benchmarks/graphite/regex-quoted-contains-profile-before-61828229-v1/source/internal/javaregex/match.go:28 s=27
   748: 0x100b621c4 M=1 context.(*cancelCtx).Done /opt/homebrew/Cellar/go/1.22.0/libexec/src/context/context.go:439 s=438
   749: 0x100b0c7df M=1 runtime.suspendG /opt/homebrew/Cellar/go/1.22.0/libexec/src/runtime/preempt.go:231 s=104
   750: 0x100af1b9b M=1 runtime.markroot.func1 /opt/homebrew/Cellar/go/1.22.0/libexec/src/runtime/mgcmark.go:233 s=215
   751: 0x100af188b M=1 runtime.markroot /opt/homebrew/Cellar/go/1.22.0/libexec/src/runtime/mgcmark.go:215 s=164
   752: 0x100af3b03 M=1 runtime.gcDrain /opt/homebrew/Cellar/go/1.22.0/libexec/src/runtime/mgcmark.go:1200 s=1163
   753: 0x100ae0994 M=1 runtime.getMCache /opt/homebrew/Cellar/go/1.22.0/libexec/src/runtime/mcache.go:137 s=126
             runtime.mallocgc /opt/homebrew/Cellar/go/1.22.0/libexec/src/runtime/malloc.go:1039 s=971
   754: 0x100af4614 M=1 runtime.(*gcWork).putFast /opt/homebrew/Cellar/go/1.22.0/libexec/src/runtime/mgcwork.go:158 s=152
             runtime.greyobject /opt/homebrew/Cellar/go/1.22.0/libexec/src/runtime/mgcmark.go:1662 s=1615
   755: 0x100ae8310 M=1 runtime.(*mspan).typePointersOfUnchecked /opt/homebrew/Cellar/go/1.22.0/libexec/src/runtime/mbitmap_allocheaders.go:190 s=177
   756: 0x100b13d7c M=1 runtime.execute /opt/homebrew/Cellar/go/1.22.0/libexec/src/runtime/proc.go:3096 s=3093
   757: 0x100b16517 M=1 runtime.schedule /opt/homebrew/Cellar/go/1.22.0/libexec/src/runtime/proc.go:3918 s=3839
   758: 0x100ae8678 M=1 runtime.bulkBarrierPreWrite /opt/homebrew/Cellar/go/1.22.0/libexec/src/runtime/mbitmap_allocheaders.go:428 s=420
   759: 0x100ae82c0 M=1 runtime.(*mspan).typePointersOfUnchecked /opt/homebrew/Cellar/go/1.22.0/libexec/src/runtime/mbitmap_allocheaders.go:195 s=177
   760: 0x100b164ff M=1 runtime.schedule /opt/homebrew/Cellar/go/1.22.0/libexec/src/runtime/proc.go:3909 s=3839
   761: 0x100adf30b M=1 runtime.lock2 /opt/homebrew/Cellar/go/1.22.0/libexec/src/runtime/lock_sema.go:95 s=42
   762: 0x100b12f5b M=1 runtime.lockWithRank /opt/homebrew/Cellar/go/1.22.0/libexec/src/runtime/lockrank_off.go:24 s=23
             runtime.lock /opt/homebrew/Cellar/go/1.22.0/libexec/src/runtime/lock_sema.go:39 s=38
             runtime.stopm /opt/homebrew/Cellar/go/1.22.0/libexec/src/runtime/proc.go:2779 s=2766
   763: 0x100ae77f0 M=1 runtime.findObject /opt/homebrew/Cellar/go/1.22.0/libexec/src/runtime/mbitmap.go:321 s=304
   764: 0x100ae838c M=1 runtime.typePointers.next /opt/homebrew/Cellar/go/1.22.0/libexec/src/runtime/mbitmap_allocheaders.go:295 s=275
   765: 0x100af38cc M=1 runtime/internal/atomic.(*Int64).Add /opt/homebrew/Cellar/go/1.22.0/libexec/src/runtime/internal/atomic/types.go:109 s=108
             runtime.gcDrain /opt/homebrew/Cellar/go/1.22.0/libexec/src/runtime/mgcmark.go:1248 s=1163
   766: 0x100ae608c M=1 runtime.mapaccess1_faststr /opt/homebrew/Cellar/go/1.22.0/libexec/src/runtime/map_faststr.go:39 s=13
   767: 0x100cac9ec M=1 sync.(*RWMutex).RUnlock /opt/homebrew/Cellar/go/1.22.0/libexec/src/sync/rwmutex.go:116 s=110
   768: 0x100af45c0 M=1 runtime.greyobject /opt/homebrew/Cellar/go/1.22.0/libexec/src/runtime/mgcmark.go:1652 s=1615
   769: 0x100af40a0 M=1 runtime.scanobject /opt/homebrew/Cellar/go/1.22.0/libexec/src/runtime/mgcmark.go:1458 s=1395
   770: 0x100af44f8 M=1 runtime.greyobject /opt/homebrew/Cellar/go/1.22.0/libexec/src/runtime/mgcmark.go:1640 s=1615
   771: 0x100af40cc M=1 runtime.scanobject /opt/homebrew/Cellar/go/1.22.0/libexec/src/runtime/mgcmark.go:1498 s=1395
   772: 0x100ae7870 M=1 runtime.(*mspan).divideByElemSize /opt/homebrew/Cellar/go/1.22.0/libexec/src/runtime/mbitmap.go:178 s=174
             runtime.(*mspan).objIndex /opt/homebrew/Cellar/go/1.22.0/libexec/src/runtime/mbitmap.go:191 s=190
             runtime.findObject /opt/homebrew/Cellar/go/1.22.0/libexec/src/runtime/mbitmap.go:334 s=304
   773: 0x100af456c M=1 runtime.pageIndexOf /opt/homebrew/Cellar/go/1.22.0/libexec/src/runtime/mheap.go:737 s=733
             runtime.greyobject /opt/homebrew/Cellar/go/1.22.0/libexec/src/runtime/mgcmark.go:1643 s=1615
   774: 0x100ae7880 M=1 runtime.findObject /opt/homebrew/Cellar/go/1.22.0/libexec/src/runtime/mbitmap.go:336 s=304
   775: 0x100af3f78 M=1 runtime.spanOfUnchecked /opt/homebrew/Cellar/go/1.22.0/libexec/src/runtime/mheap.go:709 s=707
             runtime.scanobject /opt/homebrew/Cellar/go/1.22.0/libexec/src/runtime/mgcmark.go:1407 s=1395
   776: 0x100b155b4 M=1 runtime.stealWork /opt/homebrew/Cellar/go/1.22.0/libexec/src/runtime/proc.go:3553 s=3544
   777: 0x100b1458f M=1 runtime.lockWithRank /opt/homebrew/Cellar/go/1.22.0/libexec/src/runtime/lockrank_off.go:24 s=23
             runtime.lock /opt/homebrew/Cellar/go/1.22.0/libexec/src/runtime/lock_sema.go:39 s=38
             runtime.findRunnable /opt/homebrew/Cellar/go/1.22.0/libexec/src/runtime/proc.go:3322 s=3139
   778: 0x100c9e05b M=1 github.com/johnsonlee/graphite/graphite-server/internal/store.(*decoder).bytes /Users/johnsonlee/.codex/benchmarks/graphite/regex-quoted-contains-profile-before-61828229-v1/source/internal/store/decode.go:96 s=87
   779: 0x100af4008 M=1 runtime.typePointers.nextFast /opt/homebrew/Cellar/go/1.22.0/libexec/src/runtime/mbitmap_allocheaders.go:262 s=249
             runtime.scanobject /opt/homebrew/Cellar/go/1.22.0/libexec/src/runtime/mgcmark.go:1458 s=1395
   780: 0x100add274 M=1 runtime.(*timeHistogram).record /opt/homebrew/Cellar/go/1.22.0/libexec/src/runtime/histogram.go:119 s=105
   781: 0x100b102d7 M=1 runtime.casgstatus /opt/homebrew/Cellar/go/1.22.0/libexec/src/runtime/proc.go:1196 s=1105
   782: 0x100b13dff M=1 runtime.execute /opt/homebrew/Cellar/go/1.22.0/libexec/src/runtime/proc.go:3107 s=3093
   783: 0x100ccb2ef M=1 github.com/johnsonlee/graphite/graphite-server/internal/javaregex.(*matcher).sequence.func1 /Users/johnsonlee/.codex/benchmarks/graphite/regex-quoted-contains-profile-before-61828229-v1/source/internal/javaregex/match.go:171 s=171
   784: 0x100ae87f4 M=1 runtime.(*wbBuf).get2 /opt/homebrew/Cellar/go/1.22.0/libexec/src/runtime/mwbbuf.go:143 s=142
             runtime.bulkBarrierPreWrite /opt/homebrew/Cellar/go/1.22.0/libexec/src/runtime/mbitmap_allocheaders.go:485 s=420
   785: 0x100af4bb8 M=1 runtime.gcmarknewobject /opt/homebrew/Cellar/go/1.22.0/libexec/src/runtime/mgcmark.go:1732 s=1721
   786: 0x100ae0edf M=1 runtime.mallocgc /opt/homebrew/Cellar/go/1.22.0/libexec/src/runtime/malloc.go:1224 s=971
   787: 0x100ae8cd8 M=1 runtime.(*mspan).heapBitsSmallForAddr /opt/homebrew/Cellar/go/1.22.0/libexec/src/runtime/mbitmap_allocheaders.go:766 s=746
   788: 0x100adef18 M=1 runtime.(*lfstack).push /opt/homebrew/Cellar/go/1.22.0/libexec/src/runtime/lfstack.go:34 s=24
   789: 0x100afbbe3 M=1 runtime.putfull /opt/homebrew/Cellar/go/1.22.0/libexec/src/runtime/mgcwork.go:420 s=418
   790: 0x100afbd3f M=1 runtime.handoff /opt/homebrew/Cellar/go/1.22.0/libexec/src/runtime/mgcwork.go:446 s=437
   791: 0x100d0a114 M=1 github.com/johnsonlee/graphite/graphite-server/internal/query.evaluator.lazyGenericNodes.func1 /Users/johnsonlee/.codex/benchmarks/graphite/regex-quoted-contains-profile-before-61828229-v1/source/internal/query/lazy_filtered.go:305 s=302
   792: 0x100af37b4 M=1 runtime.gcDrain /opt/homebrew/Cellar/go/1.22.0/libexec/src/runtime/mgcmark.go:1217 s=1163
   793: 0x100af3f5c M=1 runtime.scanobject /opt/homebrew/Cellar/go/1.22.0/libexec/src/runtime/mgcmark.go:1400 s=1395
   794: 0x100afa190 M=1 runtime.(*sweepLocked).sweep /opt/homebrew/Cellar/go/1.22.0/libexec/src/runtime/mgcsweep.go:750 s=499
   795: 0x100b076e0 M=1 runtime.(*sysMemStat).add /opt/homebrew/Cellar/go/1.22.0/libexec/src/runtime/mstats.go:659 s=657
   796: 0x100afdfb3 M=1 runtime.(*mheap).freeSpanLocked /opt/homebrew/Cellar/go/1.22.0/libexec/src/runtime/mheap.go:1623 s=1592
   797: 0x100b40af0 M=1 runtime.systemstack /opt/homebrew/Cellar/go/1.22.0/libexec/src/runtime/asm_arm64.s:235 s=206
   798: 0x100affbb8 M=1 runtime.(*pageAlloc).update /opt/homebrew/Cellar/go/1.22.0/libexec/src/runtime/mpagealloc.go:499 s=485
   799: 0x100b40ac8 M=1 runtime.systemstack /opt/homebrew/Cellar/go/1.22.0/libexec/src/runtime/asm_arm64.s:216 s=206
   800: 0x100afdecc M=1 runtime/internal/atomic.(*Uintptr).Add /opt/homebrew/Cellar/go/1.22.0/libexec/src/runtime/internal/atomic/types.go:420 s=419
             runtime.(*mheap).freeSpanLocked /opt/homebrew/Cellar/go/1.22.0/libexec/src/runtime/mheap.go:1608 s=1592
   801: 0x100af9510 M=1 runtime.(*sweepLocker).tryAcquire /opt/homebrew/Cellar/go/1.22.0/libexec/src/runtime/mgcsweep.go:341 s=336
   802: 0x100af96ff M=1 runtime.sweepone /opt/homebrew/Cellar/go/1.22.0/libexec/src/runtime/mgcsweep.go:387 s=353
   803: 0x100cabe7c M=1 github.com/johnsonlee/graphite/graphite-server/internal/store.(*Store).ProjectionCandidateNode /Users/johnsonlee/.codex/benchmarks/graphite/regex-quoted-contains-profile-before-61828229-v1/source/internal/store/projection_node.go:87 s=13
   804: 0x100cac8ec M=1 github.com/johnsonlee/graphite/graphite-server/internal/store.(*Store).ProjectionCandidateNode.func1 /Users/johnsonlee/.codex/benchmarks/graphite/regex-quoted-contains-profile-before-61828229-v1/source/internal/store/projection_node.go:49 s=38
   805: 0x100c9f230 M=1 github.com/johnsonlee/graphite/graphite-server/internal/store.(*decoder).node /Users/johnsonlee/.codex/benchmarks/graphite/regex-quoted-contains-profile-before-61828229-v1/source/internal/store/decode.go:279 s=279
   806: 0x100d163f4 M=1 github.com/johnsonlee/graphite/graphite-server/internal/query.failMainStringRead /Users/johnsonlee/.codex/benchmarks/graphite/regex-quoted-contains-profile-before-61828229-v1/source/internal/query/main_string_source.go:214 s=209
   807: 0x100b64290 M=1 io.ReadAtLeast /opt/homebrew/Cellar/go/1.22.0/libexec/src/io/io.go:329 s=329
   808: 0x100cac460 M=1 github.com/johnsonlee/graphite/graphite-server/internal/store.(*Store).ProjectionCandidateNode.func4 /Users/johnsonlee/.codex/benchmarks/graphite/regex-quoted-contains-profile-before-61828229-v1/source/internal/store/projection_node.go:93 s=93
   809: 0x100afd1c0 M=1 runtime.(*mheap).allocSpan /opt/homebrew/Cellar/go/1.22.0/libexec/src/runtime/mheap.go:1187 s=1171
   810: 0x100c9e08c M=1 github.com/johnsonlee/graphite/graphite-server/internal/store.(*decoder).bytes /Users/johnsonlee/.codex/benchmarks/graphite/regex-quoted-contains-profile-before-61828229-v1/source/internal/store/decode.go:98 s=87
   811: 0x100b6216c M=1 context.(*cancelCtx).Done /opt/homebrew/Cellar/go/1.22.0/libexec/src/context/context.go:439 s=438
   812: 0x100ae0d0c M=1 runtime.mallocgc /opt/homebrew/Cellar/go/1.22.0/libexec/src/runtime/malloc.go:1152 s=971
   813: 0x100ccb184 M=1 github.com/johnsonlee/graphite/graphite-server/internal/javaregex.(*matcher).sequence /Users/johnsonlee/.codex/benchmarks/graphite/regex-quoted-contains-profile-before-61828229-v1/source/internal/javaregex/match.go:171 s=167
   814: 0x100ae6728 M=1 runtime.mapassign_faststr /opt/homebrew/Cellar/go/1.22.0/libexec/src/runtime/map_faststr.go:250 s=203
   815: 0x100b2718f M=1 runtime.growslice /opt/homebrew/Cellar/go/1.22.0/libexec/src/runtime/slice.go:247 s=155
   816: 0x100b432d8 M=1 runtime.duffzero /opt/homebrew/Cellar/go/1.22.0/libexec/src/runtime/duff_arm64.s:42 s=7
   817: 0x100ccbc9c M=1 github.com/johnsonlee/graphite/graphite-server/internal/javaregex.(*matcher).check /Users/johnsonlee/.codex/benchmarks/graphite/regex-quoted-contains-profile-before-61828229-v1/source/internal/javaregex/match.go:22 s=20
             github.com/johnsonlee/graphite/graphite-server/internal/javaregex.(*matcher).simpleRepeat /Users/johnsonlee/.codex/benchmarks/graphite/regex-quoted-contains-profile-before-61828229-v1/source/internal/javaregex/match.go:269 s=231
   818: 0x100b434a4 M=1 runtime.duffcopy /opt/homebrew/Cellar/go/1.22.0/libexec/src/runtime/duff_arm64.s:196 s=74
   819: 0x100ccad18 M=1 github.com/johnsonlee/graphite/graphite-server/internal/javaregex.(*matcher).match /Users/johnsonlee/.codex/benchmarks/graphite/regex-quoted-contains-profile-before-61828229-v1/source/internal/javaregex/match.go:48 s=27
   820: 0x100cac4fc M=1 github.com/johnsonlee/graphite/graphite-server/internal/store.(*Store).ProjectionCandidateNode.func4 /Users/johnsonlee/.codex/benchmarks/graphite/regex-quoted-contains-profile-before-61828229-v1/source/internal/store/projection_node.go:96 s=93
   821: 0x100afd73c M=1 runtime.(*mheap).allocSpan /opt/homebrew/Cellar/go/1.22.0/libexec/src/runtime/mheap.go:1369 s=1171
   822: 0x100ce4674 M=1 github.com/johnsonlee/graphite/graphite-server/internal/query.evaluator.binary /Users/johnsonlee/.codex/benchmarks/graphite/regex-quoted-contains-profile-before-61828229-v1/source/internal/query/eval.go:348 s=347
   823: 0x100ccb1b0 M=1 github.com/johnsonlee/graphite/graphite-server/internal/javaregex.(*matcher).sequence /Users/johnsonlee/.codex/benchmarks/graphite/regex-quoted-contains-profile-before-61828229-v1/source/internal/javaregex/match.go:171 s=167
   824: 0x100cd1060 M=1 github.com/johnsonlee/graphite/graphite-server/internal/javaregex.decodeJavaString /Users/johnsonlee/.codex/benchmarks/graphite/regex-quoted-contains-profile-before-61828229-v1/source/internal/javaregex/regex.go:155 s=138
   825: 0x100ae0eb4 M=1 runtime.mallocgc /opt/homebrew/Cellar/go/1.22.0/libexec/src/runtime/malloc.go:1267 s=971
   826: 0x100d163d4 M=1 github.com/johnsonlee/graphite/graphite-server/internal/query.failMainStringRead /Users/johnsonlee/.codex/benchmarks/graphite/regex-quoted-contains-profile-before-61828229-v1/source/internal/query/main_string_source.go:210 s=209
   827: 0x100ccbca4 M=1 github.com/johnsonlee/graphite/graphite-server/internal/javaregex.(*matcher).check /Users/johnsonlee/.codex/benchmarks/graphite/regex-quoted-contains-profile-before-61828229-v1/source/internal/javaregex/match.go:23 s=20
             github.com/johnsonlee/graphite/graphite-server/internal/javaregex.(*matcher).simpleRepeat /Users/johnsonlee/.codex/benchmarks/graphite/regex-quoted-contains-profile-before-61828229-v1/source/internal/javaregex/match.go:269 s=231
   828: 0x100cac504 M=1 github.com/johnsonlee/graphite/graphite-server/internal/store.(*Store).ProjectionCandidateNode.func4 /Users/johnsonlee/.codex/benchmarks/graphite/regex-quoted-contains-profile-before-61828229-v1/source/internal/store/projection_node.go:96 s=93
   829: 0x100ae08b0 M=1 runtime.mallocgc /opt/homebrew/Cellar/go/1.22.0/libexec/src/runtime/malloc.go:993 s=971
   830: 0x100ae67bc M=1 runtime.mapassign_faststr /opt/homebrew/Cellar/go/1.22.0/libexec/src/runtime/map_faststr.go:261 s=203
   831: 0x100b0f9a3 M=1 runtime.ready /opt/homebrew/Cellar/go/1.22.0/libexec/src/runtime/proc.go:970 s=952
   832: 0x100ad9487 M=1 runtime.send.goready.func1 /opt/homebrew/Cellar/go/1.22.0/libexec/src/runtime/proc.go:413 s=412
Mappings
1: 0x100ad4000/0x100ddc000/0x0 /Users/johnsonlee/.codex/benchmarks/graphite/regex-quoted-contains-profile-before-61828229-v1/graphite-benchmark-profile  [FN]
