index	id	family	shape	outcome	samplesPerRuntime	measurementKind	mainLatencyNanos	goLatencyNanos	mainOverGoSingleSampleRatio	rowCount	responseBytes	digest	mainErrorClass	mainReferenceErrorMessage	goErrorClass	goErrorMessage
0	request-selected-set-wrapped-contains-k64-group-00-zero	graph-set-reference	request-selected-set-wrapped-contains	success	1	successful-latency	183979625	269590417	0.6824412642234238	0	147	805c8c7334c868e18e2be84be95b83cc60895722d739c2b164a68be4cd410c49				
1	single-contains-unlabeled-zero	contains	single-contains-unlabeled	success	1	successful-latency	3157708	1216250	2.5962655704008224	0	49	3ac63634ef061bbfd710d08a2153c866385b655741559497d76793f6c8d76e1a				
2	single-contains-unlabeled-targeted	contains	single-contains-unlabeled	success	1	successful-latency	19758334	4969875	3.975619909957494	200	46966	187a62814fc87275955331a4cde38a147e1075c02ad5783005edd39f361863c0				
3	single-contains-unlabeled-dense	contains	single-contains-unlabeled	success	1	successful-latency	119715042	14456417	8.281100496755178	200	43486	f04c68d9d3fe27750516e393271bda65227db7f5fdf116b9a10f7b3d7d4068ff				
4	class-contains-or-unlabeled-zero	contains	class-contains-or-unlabeled	success	1	successful-latency	2647458	2219459	1.1928393360724392	0	135	2353923ee345bb31a3e5b5684fd9597f5a309f18266c51232f6d903326d6ab83				
5	class-contains-or-unlabeled-targeted	contains	class-contains-or-unlabeled	success	1	successful-latency	114324625	241611375	0.4731756731238337	200	83519	53f0c918dbe233f05eefcdf3e11b20da968aac6c4c4aa519a060b127d565daba				
6	class-contains-or-unlabeled-dense	contains	class-contains-or-unlabeled	success	1	successful-latency	81968708	963899958	0.08503860522006579	200	84622	c137e7938bacc81b3aa1233c728d8500839ed0ca85735ef7a589c901721364e1				
7	name-contains-or-unlabeled-zero	contains	name-contains-or-unlabeled	success	1	successful-latency	1575042	1530875	1.0288508206091287	0	135	2353923ee345bb31a3e5b5684fd9597f5a309f18266c51232f6d903326d6ab83				
8	name-contains-or-unlabeled-targeted	contains	name-contains-or-unlabeled	success	1	successful-latency	20254375	32011042	0.632730887048288	0	135	2353923ee345bb31a3e5b5684fd9597f5a309f18266c51232f6d903326d6ab83				
9	name-contains-or-unlabeled-dense	contains	name-contains-or-unlabeled	success	1	successful-latency	1104250	597250	1.848890749267476	200	82000	2a7acbfb07e87af8a7af73cff4e8aed29a642ce9b7e5ca901f3385df7a2e2671				
10	four-contains-or-unlabeled-zero	contains	four-contains-or-unlabeled	success	1	successful-latency	1612166	2261291	0.7129405282203839	0	173	21514b44bab7a7f1a700cdc7119f3ce1b4ea8304c84e402ddb5f9775b21dd8af				
11	four-contains-or-unlabeled-targeted	contains	four-contains-or-unlabeled	success	1	successful-latency	1096875	721916	1.519394223150616	200	112015	9f09930cd4aa7572add3e43b8434a4721a3b0f6622af359dc299310f9bbd7e96				
12	four-contains-or-unlabeled-dense	contains	four-contains-or-unlabeled	success	1	successful-latency	4247667	2632917	1.6132931649573459	200	99187	4288f8530cba49c2f9780fe900f62e94fc14fc44b47b140457d983d5fcd2dd5c				
13	four-contains-or-labeled-zero	contains	four-contains-or-labeled	success	1	successful-latency	1676583	2226959	0.752857596390414	0	147	805c8c7334c868e18e2be84be95b83cc60895722d739c2b164a68be4cd410c49				
14	four-contains-or-labeled-targeted	contains	four-contains-or-labeled	success	1	successful-latency	9207250	11473708	0.8024650792925879	200	86272	94ef562421942882b2562b2b8a3d6905607c166fc039d3daec1c50e988a8c0eb				
15	four-contains-or-labeled-dense	contains	four-contains-or-labeled	success	1	successful-latency	826084	590166	1.3997485453245357	200	82009	e65f72b24be32eccca575f0ae4151e8dee6e89e2971db9727071b046e14b3ea4				
16	starts-or-raw-zero	contains	starts-or-raw	success	1	successful-latency	139383625	218783875	0.6370836287637743	0	84	425b336aa734c4a1ffbfb58aeaf5489b33f919170492c4bff859504736492e7f				
17	starts-or-raw-targeted	contains	starts-or-raw	success	1	successful-latency	40468125	61068916	0.6626632278850341	100	30972	a7b9846908febb502abd47dcc7269165df8c94605a7dcdc63931103d82b581a2				
18	starts-or-raw-dense	contains	starts-or-raw	success	1	successful-latency	631667	891500	0.7085440269209198	100	30214	0740bcf1983553477a227138dc3b3ed095f06c984728dcc1bbffb3b71959a13b				
19	ends-or-raw-zero	contains	ends-or-raw	success	1	successful-latency	140554834	217996791	0.6447564358871686	0	82	3ccae830dbdb8a07387e7c7e6dc034be54ba0aabd8aed60d7c03e33380639d25				
20	ends-or-raw-targeted	contains	ends-or-raw	success	1	successful-latency	22771333	185068625	0.12304264431639884	0	82	3ccae830dbdb8a07387e7c7e6dc034be54ba0aabd8aed60d7c03e33380639d25				
21	ends-or-raw-dense	contains	ends-or-raw	success	1	successful-latency	1959959	2173583	0.9017180388326556	100	26415	4293914be7e842e02606eeadfc7b0586191868e301451883db95dbd7efbd0963				
22	starts-or-wrapped-zero	wrapped	starts-or-wrapped	success	1	successful-latency	122135292	611325875	0.19978753884742734	0	84	425b336aa734c4a1ffbfb58aeaf5489b33f919170492c4bff859504736492e7f				
23	starts-or-wrapped-targeted	wrapped	starts-or-wrapped	success	1	successful-latency	191902958	631058667	0.3040968582402815	100	33663	4019ab262ff47d06b6a1a9ec26de3964105a48177a5693ae58c1ccbe789292d6				
24	starts-or-wrapped-dense	wrapped	starts-or-wrapped	success	1	successful-latency	136359542	595069583	0.22914890274268984	0	84	425b336aa734c4a1ffbfb58aeaf5489b33f919170492c4bff859504736492e7f				
25	ends-or-wrapped-zero	wrapped	ends-or-wrapped	success	1	successful-latency	31526750	613545166	0.051384562615884095	0	82	3ccae830dbdb8a07387e7c7e6dc034be54ba0aabd8aed60d7c03e33380639d25				
26	ends-or-wrapped-targeted	wrapped	ends-or-wrapped	success	1	successful-latency	30278208	619873916	0.048845752690132554	0	82	3ccae830dbdb8a07387e7c7e6dc034be54ba0aabd8aed60d7c03e33380639d25				
27	ends-or-wrapped-dense	wrapped	ends-or-wrapped	success	1	successful-latency	144326833	997446833	0.1446962667332465	100	27445	f69994db68ca9193f7b602b00273d35268080826366be899fd90877a4e6f4362				
28	contains-or-wrapped-zero	wrapped	contains-or-wrapped	success	1	successful-latency	937875	11093875	0.08453989250825343	0	147	805c8c7334c868e18e2be84be95b83cc60895722d739c2b164a68be4cd410c49				
29	contains-or-wrapped-targeted	wrapped	contains-or-wrapped	success	1	successful-latency	14305417	267023250	0.0535736757005242	200	85931	9b41620c5d38783d39c34332e17f7d0e079a6c8ce8e05707a2b9b976bc4a37fc				
30	contains-or-wrapped-dense	wrapped	contains-or-wrapped	success	1	successful-latency	115385875	1119389709	0.10307927084936244	200	86834	c9cfe78a2f725c44cb51d9d43076dc2a5602ac590ad0d35835c759432572a5cb				
31	graph-id-property-wrapped-contains-target-00-zero	graph-id	graph-id-property-wrapped-contains	success	1	successful-latency	1232625	1754000	0.7027508551881414	0	147	805c8c7334c868e18e2be84be95b83cc60895722d739c2b164a68be4cd410c49				
32	graph-id-property-wrapped-contains-target-00-targeted	graph-id	graph-id-property-wrapped-contains	success	1	successful-latency	952750	2223667	0.4284589374218352	10	5730	00c81103244dc6d42abdc3894d771e5a24957dcf7e5ad4d8dc686b1d7e0cb89e				
33	graph-id-property-wrapped-contains-target-00-dense	graph-id	graph-id-property-wrapped-contains	success	1	successful-latency	2680167	17409417	0.15394926780144333	200	84411	3bdee68309e62bee93f47848258ded90b1763d55841fa57d8b8fd21867653c44				
34	graph-id-property-wrapped-contains-target-01-zero	graph-id	graph-id-property-wrapped-contains	success	1	successful-latency	23876833	14181125	1.6837051362286137	0	147	805c8c7334c868e18e2be84be95b83cc60895722d739c2b164a68be4cd410c49				
35	graph-id-property-wrapped-contains-target-01-targeted	graph-id	graph-id-property-wrapped-contains	success	1	successful-latency	508125	2164000	0.23480822550831792	1	758	b33173a678013ac093c95f3fccc5cd5af96ea18082387e1fc872de4817e234b2				
36	graph-id-property-wrapped-contains-target-01-dense	graph-id	graph-id-property-wrapped-contains	success	1	successful-latency	2755167	19384000	0.14213614321089557	200	84093	d9daf98f04e06930dfeb91ddd4e8ae597b8f9154e54ac1018db6a25ea8ddd84f				
37	graph-id-property-wrapped-contains-target-02-zero	graph-id	graph-id-property-wrapped-contains	success	1	successful-latency	54795125	13325042	4.112191541309963	0	147	805c8c7334c868e18e2be84be95b83cc60895722d739c2b164a68be4cd410c49				
38	graph-id-property-wrapped-contains-target-02-targeted	graph-id	graph-id-property-wrapped-contains	success	1	successful-latency	582875	2393834	0.2434901501106593	9	5751	0754b66fd035110585cc31e6af555127395a9cd85c413f0a859de6b596c3b70d				
39	graph-id-property-wrapped-contains-target-02-dense	graph-id	graph-id-property-wrapped-contains	success	1	successful-latency	2614708	17914292	0.14595653570903053	200	86930	a289774d080329d12351d967c614eae9b16190b55970a757b1f268e21aee3975				
40	graph-id-property-wrapped-contains-target-03-zero	graph-id	graph-id-property-wrapped-contains	success	1	successful-latency	85764625	13997000	6.127357648067443	0	147	805c8c7334c868e18e2be84be95b83cc60895722d739c2b164a68be4cd410c49				
41	graph-id-property-wrapped-contains-target-03-targeted	graph-id	graph-id-property-wrapped-contains	success	1	successful-latency	515792	2415959	0.2134936892554882	2	1333	77f2da9b0b5a99e6332b957b281149f5e269d152177e36aaa74e86db4bc23bf9				
42	graph-id-property-wrapped-contains-target-03-dense	graph-id	graph-id-property-wrapped-contains	success	1	successful-latency	2845541	18548708	0.15340912154097203	200	85151	08fbf5fde8e917175e0dca625983535621218120265897bdd0781fe99669b859				
43	graph-id-property-wrapped-contains-target-04-zero	graph-id	graph-id-property-wrapped-contains	success	1	successful-latency	22790417	13023000	1.7500128234661751	0	147	805c8c7334c868e18e2be84be95b83cc60895722d739c2b164a68be4cd410c49				
44	graph-id-property-wrapped-contains-target-04-targeted	graph-id	graph-id-property-wrapped-contains	success	1	successful-latency	551875	2234375	0.246993006993007	9	5762	527d81de9e8ca9f5fe9ad0166e1e1711fbccaf3c53281e7e95375f6d55e3a3c7				
45	graph-id-property-wrapped-contains-target-04-dense	graph-id	graph-id-property-wrapped-contains	success	1	successful-latency	2511958	17122875	0.14670188271537343	200	86152	85d9bac3392391ae56f1f03af81d888f398336c8e33a1ef1e42c5409f746f730				
46	graph-id-property-wrapped-contains-target-05-zero	graph-id	graph-id-property-wrapped-contains	success	1	successful-latency	22073667	12812959	1.7227610733789127	0	147	805c8c7334c868e18e2be84be95b83cc60895722d739c2b164a68be4cd410c49				
47	graph-id-property-wrapped-contains-target-05-targeted	graph-id	graph-id-property-wrapped-contains	success	1	successful-latency	582000	2273708	0.2559695440223635	9	5751	48fbef6ae3373a73cfbd3690497aae4d0773c2f4ddadb5d217061398978bcac5				
48	graph-id-property-wrapped-contains-target-05-dense	graph-id	graph-id-property-wrapped-contains	success	1	successful-latency	2683625	17802791	0.15074181346059728	200	90860	57ae61ccbdbf1e83a9ab8de2923c4ac26bcc634ed53a2f1c1a3ee3682afe8cd8				
49	graph-id-property-wrapped-contains-target-06-zero	graph-id	graph-id-property-wrapped-contains	success	1	successful-latency	24694709	14621541	1.6889265638963773	0	147	805c8c7334c868e18e2be84be95b83cc60895722d739c2b164a68be4cd410c49				
50	graph-id-property-wrapped-contains-target-06-targeted	graph-id	graph-id-property-wrapped-contains	success	1	successful-latency	373917	2375958	0.15737525663332433	1	734	2c8962bfda6df26238f145f32f089e1ccdb69cc26ea9c2fde590f543638ba060				
51	graph-id-property-wrapped-contains-target-06-dense	graph-id	graph-id-property-wrapped-contains	success	1	successful-latency	2317583	20628625	0.11234791460894752	200	83941	f7f169fb4cd9a2408b058d9e03502907fe0d9372ba70f2f3749aeaffa464e292				
52	graph-id-property-wrapped-contains-target-07-zero	graph-id	graph-id-property-wrapped-contains	success	1	successful-latency	23262875	14243000	1.6332847714666854	0	147	805c8c7334c868e18e2be84be95b83cc60895722d739c2b164a68be4cd410c49				
53	graph-id-property-wrapped-contains-target-07-targeted	graph-id	graph-id-property-wrapped-contains	success	1	successful-latency	466334	2261292	0.20622458311443193	1	762	d5674d7adcd2d58f93c5f2849f690003bc45d523850181c23ceaa0aacd7e6709				
54	graph-id-property-wrapped-contains-target-07-dense	graph-id	graph-id-property-wrapped-contains	success	1	successful-latency	1843250	20337625	0.09063250994154923	200	84999	35604ee2a3d19ee64c97fa99f4be154714c60028f948c7a23f75b925d4520a5d				
55	graph-id-property-wrapped-contains-target-08-zero	graph-id	graph-id-property-wrapped-contains	success	1	successful-latency	24026750	14461750	1.6613998997355093	0	147	805c8c7334c868e18e2be84be95b83cc60895722d739c2b164a68be4cd410c49				
56	graph-id-property-wrapped-contains-target-08-targeted	graph-id	graph-id-property-wrapped-contains	success	1	successful-latency	395291	2353292	0.16797363013174735	2	1322	4b49b28d836e57c2c3f8d43a93acd00a93b169fcd603338f9ab350f541e9665c				
57	graph-id-property-wrapped-contains-target-08-dense	graph-id	graph-id-property-wrapped-contains	success	1	successful-latency	2056583	21101166	0.09746300275539276	200	85531	ed34441ff634f19c276911a1fa193106a9070fde1065b57fc7ec71132b8d5f66				
58	graph-id-property-wrapped-contains-target-09-zero	graph-id	graph-id-property-wrapped-contains	success	1	successful-latency	24204333	14009958	1.7276520743317003	0	147	805c8c7334c868e18e2be84be95b83cc60895722d739c2b164a68be4cd410c49				
59	graph-id-property-wrapped-contains-target-09-targeted	graph-id	graph-id-property-wrapped-contains	success	1	successful-latency	383042	2234208	0.17144419857058968	1	758	cd83129b7654f9c1ac40c94032a03833f5b559e4d6d903ce58c899d274674334				
60	graph-id-property-wrapped-contains-target-09-dense	graph-id	graph-id-property-wrapped-contains	success	1	successful-latency	2022916	19850583	0.10190713290385477	200	84710	8302a9dc08d5cf465b56333dad5757a62c24d743692acbdbf8e81919ebd097a0				
61	graph-id-property-wrapped-contains-target-10-zero	graph-id	graph-id-property-wrapped-contains	success	1	successful-latency	22259458	13341958	1.6683801582946072	0	147	805c8c7334c868e18e2be84be95b83cc60895722d739c2b164a68be4cd410c49				
62	graph-id-property-wrapped-contains-target-10-targeted	graph-id	graph-id-property-wrapped-contains	success	1	successful-latency	480416	2339208	0.20537549461185153	1	821	f3f4d5fb39ff9fde7dcf6d88e4f52bcc4c277ed98626ccca0b17c4ddbb20b035				
63	graph-id-property-wrapped-contains-target-10-dense	graph-id	graph-id-property-wrapped-contains	success	1	successful-latency	1767625	18634083	0.09485977925503498	200	86914	eec30bd784e53b80ccd384559e9d1f853b8152ad8db90ad1f27d391bf03fc0d8				
64	graph-id-property-wrapped-contains-target-11-zero	graph-id	graph-id-property-wrapped-contains	success	1	successful-latency	21101375	12445083	1.6955592019755914	0	147	805c8c7334c868e18e2be84be95b83cc60895722d739c2b164a68be4cd410c49				
65	graph-id-property-wrapped-contains-target-11-targeted	graph-id	graph-id-property-wrapped-contains	success	1	successful-latency	293416	2245166	0.13068788677540993	1	758	f8ea31527e372a7d8e0f896bc894b97d788067aa20d0af371a4239382f72a4d1				
66	graph-id-property-wrapped-contains-target-11-dense	graph-id	graph-id-property-wrapped-contains	success	1	successful-latency	1567083	18606875	0.08422064425111686	200	84862	36598e3ab73085dce50e849dda8b6a32b1088eab3f02f052e9536f16613b5d4b				
67	graph-id-property-wrapped-contains-target-12-zero	graph-id	graph-id-property-wrapped-contains	success	1	successful-latency	24361209	15156583	1.6073021867791706	0	147	805c8c7334c868e18e2be84be95b83cc60895722d739c2b164a68be4cd410c49				
68	graph-id-property-wrapped-contains-target-12-targeted	graph-id	graph-id-property-wrapped-contains	success	1	successful-latency	288875	2354750	0.12267756662066037	2	1348	569ba2c2d8626f5c6804b713aa9f9bd5155648246e0bb082ab37cf407a3ccee9				
69	graph-id-property-wrapped-contains-target-12-dense	graph-id	graph-id-property-wrapped-contains	success	1	successful-latency	1582708	20867500	0.07584559722055828	200	85894	f22afa8ccaad259750ce50e850502822308b2565f707f284de32cd44d5ef328a				
70	graph-id-property-wrapped-contains-target-13-zero	graph-id	graph-id-property-wrapped-contains	success	1	successful-latency	23622709	14600917	1.6178921501985115	0	147	805c8c7334c868e18e2be84be95b83cc60895722d739c2b164a68be4cd410c49				
71	graph-id-property-wrapped-contains-target-13-targeted	graph-id	graph-id-property-wrapped-contains	success	1	successful-latency	301208	2206667	0.1364990730363938	5	2824	ebb699b5b0554cc639408add00ca9d9aae37f3553c5e6ea606cb7e66e171933f				
72	graph-id-property-wrapped-contains-target-13-dense	graph-id	graph-id-property-wrapped-contains	success	1	successful-latency	1675458	20836459	0.08040991993889172	200	86344	2e714969993f2a86ba5c715dc52b2c7d6dbaed9b2320da2399ecdf29ec9f1e4e				
73	graph-id-property-wrapped-contains-target-14-zero	graph-id	graph-id-property-wrapped-contains	success	1	successful-latency	22641334	14054125	1.6110098636521306	0	147	805c8c7334c868e18e2be84be95b83cc60895722d739c2b164a68be4cd410c49				
74	graph-id-property-wrapped-contains-target-14-targeted	graph-id	graph-id-property-wrapped-contains	success	1	successful-latency	293750	2254625	0.13028774186394634	3	1887	cfce92c06f8a0a93444f0ec3592aad57c255799cc7a1286e673f5c8cc3173d20				
75	graph-id-property-wrapped-contains-target-14-dense	graph-id	graph-id-property-wrapped-contains	success	1	successful-latency	1581208	20014916	0.07900148069569715	200	88102	f384f54b9e0494c603dd9e83eb2ca0ad0386a359a2e1d6a356e225c072977e41				
76	graph-id-property-wrapped-contains-target-15-zero	graph-id	graph-id-property-wrapped-contains	success	1	successful-latency	21196625	12274792	1.7268418886446304	0	147	805c8c7334c868e18e2be84be95b83cc60895722d739c2b164a68be4cd410c49				
77	graph-id-property-wrapped-contains-target-15-targeted	graph-id	graph-id-property-wrapped-contains	success	1	successful-latency	277209	2056333	0.13480744607026196	1	765	ae20f86c5a0d43140079bdbb52041ad145178823d6189b8171bbe58dc0d82dcc				
78	graph-id-property-wrapped-contains-target-15-dense	graph-id	graph-id-property-wrapped-contains	success	1	successful-latency	1480208	16520541	0.08959803435008575	200	82358	6db1e45464dd1e42fc627a3ee68393b586d132e4817f87f1da72cb180e7925bb				
79	graph-id-property-wrapped-contains-target-16-zero	graph-id	graph-id-property-wrapped-contains	success	1	successful-latency	12736791	7501042	1.6980028907983717	0	147	805c8c7334c868e18e2be84be95b83cc60895722d739c2b164a68be4cd410c49				
80	graph-id-property-wrapped-contains-target-16-targeted	graph-id	graph-id-property-wrapped-contains	success	1	successful-latency	314583	1368000	0.22995833333333332	1	771	41ad9b5110585bc89df35b9d0a0c6bd66daaf6c239b4212552d078b2f2a28c34				
81	graph-id-property-wrapped-contains-target-16-dense	graph-id	graph-id-property-wrapped-contains	success	1	successful-latency	1222750	11912041	0.10264823635177213	200	94237	51b180cd96740a311cc61165baa84cc05517b2f28ac6c70debc25f8e14514414				
82	graph-id-property-wrapped-contains-target-17-zero	graph-id	graph-id-property-wrapped-contains	success	1	successful-latency	13908917	8638209	1.610162129672945	0	147	805c8c7334c868e18e2be84be95b83cc60895722d739c2b164a68be4cd410c49				
83	graph-id-property-wrapped-contains-target-17-targeted	graph-id	graph-id-property-wrapped-contains	success	1	successful-latency	270542	1509625	0.1792113935580028	5	2976	7d286938fe2f40cd4cb86cd26be11c3221bfff86202fa9b705bdc1c77967743f				
84	graph-id-property-wrapped-contains-target-17-dense	graph-id	graph-id-property-wrapped-contains	success	1	successful-latency	1253417	15135208	0.08281465309231296	200	92381	87c915d88746be4a40b85e67e7de71966365a455358cc138185e5c1f5bcf1251				
85	graph-id-property-wrapped-contains-target-18-zero	graph-id	graph-id-property-wrapped-contains	success	1	successful-latency	13167333	7961541	1.6538673857234423	0	147	805c8c7334c868e18e2be84be95b83cc60895722d739c2b164a68be4cd410c49				
86	graph-id-property-wrapped-contains-target-18-targeted	graph-id	graph-id-property-wrapped-contains	success	1	successful-latency	279333	1463833	0.1908229968855737	12	6781	abf0682228739bdef1eb0d4b5b1449d7697f9412e644bd07a974f6e04213652e				
87	graph-id-property-wrapped-contains-target-18-dense	graph-id	graph-id-property-wrapped-contains	success	1	successful-latency	1226708	12208500	0.10047982962689929	200	95198	7d65fbc43e0cf8a1d4323c709e6963c32bdea3f389f5b683f619eee1fd79dc90				
88	graph-id-property-wrapped-contains-target-19-zero	graph-id	graph-id-property-wrapped-contains	success	1	successful-latency	12580958	7445875	1.6896547417194083	0	147	805c8c7334c868e18e2be84be95b83cc60895722d739c2b164a68be4cd410c49				
89	graph-id-property-wrapped-contains-target-19-targeted	graph-id	graph-id-property-wrapped-contains	success	1	successful-latency	282167	1397000	0.20198067287043664	11	6327	72232d5a8299b69c619beb4cebd0967a4ca8f1378844d7914f795f7c5126cc48				
90	graph-id-property-wrapped-contains-target-19-dense	graph-id	graph-id-property-wrapped-contains	success	1	successful-latency	1156792	11282417	0.10253051274385622	200	96673	6ab8193cda24a8f589b0e7412ffcc3549afc3180a092c899437bb3ef2f8324ef				
91	graph-id-property-wrapped-contains-target-20-zero	graph-id	graph-id-property-wrapped-contains	success	1	successful-latency	14167250	8526666	1.661522803871994	0	147	805c8c7334c868e18e2be84be95b83cc60895722d739c2b164a68be4cd410c49				
92	graph-id-property-wrapped-contains-target-20-targeted	graph-id	graph-id-property-wrapped-contains	success	1	successful-latency	237542	1450333	0.16378445501826133	1	763	7811e1c0f64fb9174b112349d7a5f89fec8a71f59a6b66db3b1e97241f5dc93c				
93	graph-id-property-wrapped-contains-target-20-dense	graph-id	graph-id-property-wrapped-contains	success	1	successful-latency	1293250	13235375	0.09771162509562442	200	91604	a93cd6116bda146e01916f4ab7d54aa664da5b5c2287de109c82d6c48fcd38f8				
94	graph-id-property-wrapped-contains-target-21-zero	graph-id	graph-id-property-wrapped-contains	success	1	successful-latency	13556375	7975208	1.6998146004467847	0	147	805c8c7334c868e18e2be84be95b83cc60895722d739c2b164a68be4cd410c49				
95	graph-id-property-wrapped-contains-target-21-targeted	graph-id	graph-id-property-wrapped-contains	success	1	successful-latency	244625	1457333	0.167857998137694	1	765	1cf450577b12b3b6a7c19f53479709a92a169add0c4f9defecbc55254bf8d5b3				
96	graph-id-property-wrapped-contains-target-21-dense	graph-id	graph-id-property-wrapped-contains	success	1	successful-latency	1206541	12469542	0.09675904696419484	200	96334	eb6b03599a26f520b43896ee6af6cb6d2a3ec0783b66a0bcb29642b029a4b6eb				
97	graph-id-property-wrapped-contains-target-22-zero	graph-id	graph-id-property-wrapped-contains	success	1	successful-latency	13279750	7901334	1.6806972088510623	0	147	805c8c7334c868e18e2be84be95b83cc60895722d739c2b164a68be4cd410c49				
98	graph-id-property-wrapped-contains-target-22-targeted	graph-id	graph-id-property-wrapped-contains	success	1	successful-latency	282750	1431292	0.19754878808796528	11	6331	43d88524d9da26840d520d8260a6801a2d864c2023e9806c3df4a5e673a5fd66				
99	graph-id-property-wrapped-contains-target-22-dense	graph-id	graph-id-property-wrapped-contains	success	1	successful-latency	1219125	11538417	0.10565790783952426	200	98397	b1cc908cf8cd6a2354b320afca9ad225990c59be93a53ddc3912afb3b0d46d7b				
100	graph-id-property-wrapped-contains-target-23-zero	graph-id	graph-id-property-wrapped-contains	success	1	successful-latency	13057708	7810375	1.6718413648512396	0	147	805c8c7334c868e18e2be84be95b83cc60895722d739c2b164a68be4cd410c49				
101	graph-id-property-wrapped-contains-target-23-targeted	graph-id	graph-id-property-wrapped-contains	success	1	successful-latency	282250	1468958	0.1921430020463485	11	6135	718b52d4d32659cb9b39b84bdb87d6226a9be4436e73fa316936d1333dfa50c0				
102	graph-id-property-wrapped-contains-target-23-dense	graph-id	graph-id-property-wrapped-contains	success	1	successful-latency	1207000	11895291	0.1014687240522321	200	95056	d5aa9163a912371065002f30549de9cefea57af859f009a275e381b0a849633e				
103	graph-id-property-wrapped-contains-target-24-zero	graph-id	graph-id-property-wrapped-contains	success	1	successful-latency	14751208	8716250	1.6923800946507959	0	147	805c8c7334c868e18e2be84be95b83cc60895722d739c2b164a68be4cd410c49				
104	graph-id-property-wrapped-contains-target-24-targeted	graph-id	graph-id-property-wrapped-contains	success	1	successful-latency	285500	1609208	0.17741646822536303	1	754	033650595463ffba6f1f515fc8a38ba023fdd37a0e2442442be40f2d8baee0b4				
105	graph-id-property-wrapped-contains-target-24-dense	graph-id	graph-id-property-wrapped-contains	success	1	successful-latency	1276166	14810667	0.08616532935349908	200	96144	13cc3d04be15c5d98101b6676211e0260c08571becd6cbc7be1dcfad1b7efce8				
106	graph-id-property-wrapped-contains-target-25-zero	graph-id	graph-id-property-wrapped-contains	success	1	successful-latency	14384291	8645500	1.6637893701925857	0	147	805c8c7334c868e18e2be84be95b83cc60895722d739c2b164a68be4cd410c49				
107	graph-id-property-wrapped-contains-target-25-targeted	graph-id	graph-id-property-wrapped-contains	success	1	successful-latency	360458	1536125	0.23465408088534462	17	9434	57a7fb26e2c1557848eddaabb17076d92c9b2ef2e0ff6b92be3de4374fe1fa9b				
108	graph-id-property-wrapped-contains-target-25-dense	graph-id	graph-id-property-wrapped-contains	success	1	successful-latency	1279125	14334834	0.08923193669351176	200	90260	d606d19bfcb83b224b953bd70176bc52dc06d427ef6ab3d0cc311bc6ed6fc260				
109	graph-id-property-wrapped-contains-target-26-zero	graph-id	graph-id-property-wrapped-contains	success	1	successful-latency	15248417	9067208	1.6817102905326535	0	147	805c8c7334c868e18e2be84be95b83cc60895722d739c2b164a68be4cd410c49				
110	graph-id-property-wrapped-contains-target-26-targeted	graph-id	graph-id-property-wrapped-contains	success	1	successful-latency	305417	1617833	0.18878153678408094	1	791	550bd45f802381cb65ea30928a856fc0c2bc207cbfc2a147aad4312130548c9a				
111	graph-id-property-wrapped-contains-target-26-dense	graph-id	graph-id-property-wrapped-contains	success	1	successful-latency	1287708	15200583	0.0847143823365196	200	96089	d0bdae62973cb737c05eda37d83d6fd7dea4520a7f87acdd4ed9a2fba1f97888				
112	graph-id-property-wrapped-contains-target-27-zero	graph-id	graph-id-property-wrapped-contains	success	1	successful-latency	14167416	8243834	1.7185469770497561	0	147	805c8c7334c868e18e2be84be95b83cc60895722d739c2b164a68be4cd410c49				
113	graph-id-property-wrapped-contains-target-27-targeted	graph-id	graph-id-property-wrapped-contains	success	1	successful-latency	352250	1528792	0.23041067718826366	14	8030	e1858d468e2cee9daff29f91791894b539cc1c9bfb8d57bb0eaa364a24ec0f04				
114	graph-id-property-wrapped-contains-target-27-dense	graph-id	graph-id-property-wrapped-contains	success	1	successful-latency	1203625	12003791	0.10027040624082842	200	95559	bcb492a91a247979acd291eaea381c0db6d952c0baff29193145ae7356b00907				
115	graph-id-property-wrapped-contains-target-28-zero	graph-id	graph-id-property-wrapped-contains	success	1	successful-latency	14500375	8406083	1.724985941728151	0	147	805c8c7334c868e18e2be84be95b83cc60895722d739c2b164a68be4cd410c49				
116	graph-id-property-wrapped-contains-target-28-targeted	graph-id	graph-id-property-wrapped-contains	success	1	successful-latency	266709	1462959	0.18230791156826678	12	6370	8871e0dc77f7df7110f742adaac439b8d2f4e912a3a21e1793fda026e0955f9b				
117	graph-id-property-wrapped-contains-target-28-dense	graph-id	graph-id-property-wrapped-contains	success	1	successful-latency	1193458	12996458	0.09182948154027813	200	101142	3ec255435f1804ca883e61ce69218b0c9b6812e5f4d6241be813f3a04980ff78				
118	graph-id-property-wrapped-contains-target-29-zero	graph-id	graph-id-property-wrapped-contains	success	1	successful-latency	13165417	7869792	1.6729053321866703	0	147	805c8c7334c868e18e2be84be95b83cc60895722d739c2b164a68be4cd410c49				
119	graph-id-property-wrapped-contains-target-29-targeted	graph-id	graph-id-property-wrapped-contains	success	1	successful-latency	206875	1430875	0.14457936577269154	1	759	7c9cbf2db3468e4d9ec5f9ce37c29746bb3071949804d250165a0310edd3182c				
120	graph-id-property-wrapped-contains-target-29-dense	graph-id	graph-id-property-wrapped-contains	success	1	successful-latency	1151417	12569375	0.0916049525135498	200	96005	cb6245f16fc1df4cadc32295db3c94d74d99d6ac24ca00ba686085574c3842f9				
121	graph-id-property-wrapped-contains-target-30-zero	graph-id	graph-id-property-wrapped-contains	success	1	successful-latency	13530083	7997583	1.69177150146488	0	147	805c8c7334c868e18e2be84be95b83cc60895722d739c2b164a68be4cd410c49				
122	graph-id-property-wrapped-contains-target-30-targeted	graph-id	graph-id-property-wrapped-contains	success	1	successful-latency	264875	1486000	0.17824697173620457	10	5866	c85815e1257e7d89a547803b839a8fa3d5c32a25ad93fc4df95c67dd0df38386				
123	graph-id-property-wrapped-contains-target-30-dense	graph-id	graph-id-property-wrapped-contains	success	1	successful-latency	1135250	12099625	0.09382522185604926	200	95471	766b9ef7e8ecf0adce38af75461cc8c431950c6a78cf29871668bb82bbc59681				
124	graph-id-property-wrapped-contains-target-31-zero	graph-id	graph-id-property-wrapped-contains	success	1	successful-latency	15747833	10267083	1.5338176383691453	0	147	805c8c7334c868e18e2be84be95b83cc60895722d739c2b164a68be4cd410c49				
125	graph-id-property-wrapped-contains-target-31-targeted	graph-id	graph-id-property-wrapped-contains	success	1	successful-latency	249917	1686292	0.14820505582663027	1	779	5b2641a56fc0d1ce3cad560f98de3ab642d893c5f6c2be5bb57444732d364805				
126	graph-id-property-wrapped-contains-target-31-dense	graph-id	graph-id-property-wrapped-contains	success	1	successful-latency	1249333	17131125	0.072927668206262	200	90493	6cea2d1b1fba9817e31904018fa5ce3734b41bb641feab5c7c6849206b05e3c1				
127	graph-id-property-wrapped-contains-target-32-zero	graph-id	graph-id-property-wrapped-contains	success	1	successful-latency	21010166	13010500	1.6148623035240768	0	147	805c8c7334c868e18e2be84be95b83cc60895722d739c2b164a68be4cd410c49				
128	graph-id-property-wrapped-contains-target-32-targeted	graph-id	graph-id-property-wrapped-contains	success	1	successful-latency	303416	2212500	0.13713717514124293	4	2862	72e96499d86d64ae9da267f3b15791817d4250f06a8dfea9d09edd8c3c23a440				
129	graph-id-property-wrapped-contains-target-32-dense	graph-id	graph-id-property-wrapped-contains	success	1	successful-latency	1406625	24432916	0.05757090148388346	200	92864	0ad6a5ae10cb27d8dd28af205e0df8ebd79b3e1ca0079c8c876100ee108fc38d				
130	graph-id-property-wrapped-contains-target-33-zero	graph-id	graph-id-property-wrapped-contains	success	1	successful-latency	16849666	10467958	1.6096421097600888	0	147	805c8c7334c868e18e2be84be95b83cc60895722d739c2b164a68be4cd410c49				
131	graph-id-property-wrapped-contains-target-33-targeted	graph-id	graph-id-property-wrapped-contains	success	1	successful-latency	245375	1941792	0.1263652337634515	4	2862	5436abb5d5a82ddf1b71cf6459ce0de5fe56d25b825b58b20bbe8cace9e3cde7				
132	graph-id-property-wrapped-contains-target-33-dense	graph-id	graph-id-property-wrapped-contains	success	1	successful-latency	1186875	19050334	0.06230205727626613	200	92578	e10f119cab32a77f2d8107211e2addcc69d3ab151ee08f60199ff7a8db9b6a1c				
133	graph-id-property-wrapped-contains-target-34-zero	graph-id	graph-id-property-wrapped-contains	success	1	successful-latency	19703041	12138375	1.623202529168855	0	147	805c8c7334c868e18e2be84be95b83cc60895722d739c2b164a68be4cd410c49				
134	graph-id-property-wrapped-contains-target-34-targeted	graph-id	graph-id-property-wrapped-contains	success	1	successful-latency	230458	2149792	0.10720013843199715	4	2883	e83a01bd4b4e8f51ba0c51a53e73f87ec8dd6170bd60b37ef57b4eb9aba8bcc7				
135	graph-id-property-wrapped-contains-target-34-dense	graph-id	graph-id-property-wrapped-contains	success	1	successful-latency	1329125	22261000	0.059706437266969135	200	94183	b06f89a813919b2f4278637c18773fe7508c48351caa08a76cefe1f54c9b7715				
136	graph-id-property-wrapped-contains-target-35-zero	graph-id	graph-id-property-wrapped-contains	success	1	successful-latency	19444791	12060375	1.6122874288734803	0	147	805c8c7334c868e18e2be84be95b83cc60895722d739c2b164a68be4cd410c49				
137	graph-id-property-wrapped-contains-target-35-targeted	graph-id	graph-id-property-wrapped-contains	success	1	successful-latency	203667	2126625	0.09577005819079527	1	771	134378d176ef9559b3b9b40557762648c5aa55be889ba8cb2e7f752130b85ab7				
138	graph-id-property-wrapped-contains-target-35-dense	graph-id	graph-id-property-wrapped-contains	success	1	successful-latency	1358416	22786625	0.05961462041877637	200	91613	71eca3baa7c5adda9a19daaba5b66d08f4d30beebcfc1f6f8f3125a009484e93				
139	graph-id-property-wrapped-contains-target-36-zero	graph-id	graph-id-property-wrapped-contains	success	1	successful-latency	18129458	11094583	1.6340819659468049	0	147	805c8c7334c868e18e2be84be95b83cc60895722d739c2b164a68be4cd410c49				
140	graph-id-property-wrapped-contains-target-36-targeted	graph-id	graph-id-property-wrapped-contains	success	1	successful-latency	212125	1980125	0.10712707531090208	1	795	6f5022183da52ea8cb963f17c4b86a6270dc9bfe0ca358e5ec7d6bdf4c95879f				
141	graph-id-property-wrapped-contains-target-36-dense	graph-id	graph-id-property-wrapped-contains	success	1	successful-latency	1198875	19361375	0.061920963774525314	200	91716	5d2df55fe9df550bd17a462dbec1bd958f7c0d5940c160537976ecc80d5cb22f				
142	graph-id-property-wrapped-contains-target-37-zero	graph-id	graph-id-property-wrapped-contains	success	1	successful-latency	17996500	10778416	1.6696794779492645	0	147	805c8c7334c868e18e2be84be95b83cc60895722d739c2b164a68be4cd410c49				
143	graph-id-property-wrapped-contains-target-37-targeted	graph-id	graph-id-property-wrapped-contains	success	1	successful-latency	332708	2120083	0.1569315918291878	51	31472	b9433fbd59011f3771f14c8abacb0cbca913b3ccb9b85649a8f98d4c6f628703				
144	graph-id-property-wrapped-contains-target-37-dense	graph-id	graph-id-property-wrapped-contains	success	1	successful-latency	1234667	19181500	0.0643675937752522	200	91795	dbb6e258143695218279e10cbea2bf21ad0c5b1330a8fc3e3470b176ae0b6f42				
145	graph-id-property-wrapped-contains-target-38-zero	graph-id	graph-id-property-wrapped-contains	success	1	successful-latency	19098834	11294625	1.6909666323583121	0	147	805c8c7334c868e18e2be84be95b83cc60895722d739c2b164a68be4cd410c49				
146	graph-id-property-wrapped-contains-target-38-targeted	graph-id	graph-id-property-wrapped-contains	success	1	successful-latency	233667	2082000	0.11223198847262247	1	801	6e224732564976ab3ad1b488a2dcb0c2a2f84050ab25d529f41b87f4de3c406c				
147	graph-id-property-wrapped-contains-target-38-dense	graph-id	graph-id-property-wrapped-contains	success	1	successful-latency	1231000	20878000	0.05896158635884663	200	92968	77adda61bf8a66745500e9e1b739302ae425b75af5d5199095bd9c0f56151e04				
148	graph-id-property-wrapped-contains-target-39-zero	graph-id	graph-id-property-wrapped-contains	success	1	successful-latency	19649292	12527583	1.5684822842522776	0	147	805c8c7334c868e18e2be84be95b83cc60895722d739c2b164a68be4cd410c49				
149	graph-id-property-wrapped-contains-target-39-targeted	graph-id	graph-id-property-wrapped-contains	success	1	successful-latency	243083	2126750	0.11429787234042553	4	2855	db8e5b7500b38c30ff9ca554407e1c3f066cc32ce80520e31c63fe8f4f34048e				
150	graph-id-property-wrapped-contains-target-39-dense	graph-id	graph-id-property-wrapped-contains	success	1	successful-latency	1247000	21176250	0.05888672451449147	200	91298	153dc7ab9d3d22961d16bfae52d0b5cd4c7d97177e0e57e7c086294f37d00f0f				
151	graph-id-property-wrapped-contains-target-40-zero	graph-id	graph-id-property-wrapped-contains	success	1	successful-latency	20524458	12574916	1.6321745608479612	0	147	805c8c7334c868e18e2be84be95b83cc60895722d739c2b164a68be4cd410c49				
152	graph-id-property-wrapped-contains-target-40-targeted	graph-id	graph-id-property-wrapped-contains	success	1	successful-latency	224583	2214416	0.10141861330481716	4	2911	6520445594f6fc1d080f2e441beea159540f21b52c555b515dbd7ba1fee2a37f				
153	graph-id-property-wrapped-contains-target-40-dense	graph-id	graph-id-property-wrapped-contains	success	1	successful-latency	1324666	23861500	0.055514783228212815	200	95189	6547ed796970ad3186785ae6dc7d6b1328d226d1878e5144fdb98c21fcba06f9				
154	graph-id-property-wrapped-contains-target-41-zero	graph-id	graph-id-property-wrapped-contains	success	1	successful-latency	19106334	11090875	1.7227075411092452	0	147	805c8c7334c868e18e2be84be95b83cc60895722d739c2b164a68be4cd410c49				
155	graph-id-property-wrapped-contains-target-41-targeted	graph-id	graph-id-property-wrapped-contains	success	1	successful-latency	211250	2238917	0.09435365402111824	4	2883	42fd2fd2ff37d34c0cfb2146cde4be9387147a4cc07443bd58969c3f1e25556e				
156	graph-id-property-wrapped-contains-target-41-dense	graph-id	graph-id-property-wrapped-contains	success	1	successful-latency	1346542	19677583	0.06843025385790522	200	92146	1d23f5a918b6a408d8eae300e7aa799801aecc62fcc85667af567e3c95156cb9				
157	graph-id-property-wrapped-contains-target-42-zero	graph-id	graph-id-property-wrapped-contains	success	1	successful-latency	17937000	10396875	1.725229936880072	0	147	805c8c7334c868e18e2be84be95b83cc60895722d739c2b164a68be4cd410c49				
158	graph-id-property-wrapped-contains-target-42-targeted	graph-id	graph-id-property-wrapped-contains	success	1	successful-latency	393875	2042666	0.19282398590861158	63	39077	2d20a012ee335ff72d99f67135e1ac36defbca676c07a298d3df15c7c1e33f7d				
159	graph-id-property-wrapped-contains-target-42-dense	graph-id	graph-id-property-wrapped-contains	success	1	successful-latency	1423417	17562500	0.08104865480427047	200	93248	bd7a2cfc84011237aca413f8fd4b6ee9130043dc1530bc214cc965d935dc3d88				
160	graph-id-property-wrapped-contains-target-43-zero	graph-id	graph-id-property-wrapped-contains	success	1	successful-latency	19406084	11443458	1.6958234128180485	0	147	805c8c7334c868e18e2be84be95b83cc60895722d739c2b164a68be4cd410c49				
161	graph-id-property-wrapped-contains-target-43-targeted	graph-id	graph-id-property-wrapped-contains	success	1	successful-latency	249334	2030208	0.12281204684446126	4	2743	a7aaae25732eb3fc39e7e9697120f6a4534e52262fb153e4201e51d7b31e4606				
162	graph-id-property-wrapped-contains-target-43-dense	graph-id	graph-id-property-wrapped-contains	success	1	successful-latency	1459625	19342625	0.07546157773311533	200	94063	f5c81d8aabcfe449e1a20e1133f0ce5a6c25cde54cfb7e82531ff93f87b6f89e				
163	graph-id-property-wrapped-contains-target-44-zero	graph-id	graph-id-property-wrapped-contains	success	1	successful-latency	19819375	11816042	1.6773277380022853	0	147	805c8c7334c868e18e2be84be95b83cc60895722d739c2b164a68be4cd410c49				
164	graph-id-property-wrapped-contains-target-44-targeted	graph-id	graph-id-property-wrapped-contains	success	1	successful-latency	257459	2103583	0.1223907019594663	4	2890	b8c7750587d3cb95373de074cba017cf14e5d85811bfc8cc2b49fa06615dc14f				
165	graph-id-property-wrapped-contains-target-44-dense	graph-id	graph-id-property-wrapped-contains	success	1	successful-latency	1359583	21339542	0.06371191096791112	200	90517	901cb7ad5a7cef604f7264d87d81f85a7b3e521b0175839dd61f15fa140b58cf				
166	graph-id-property-wrapped-contains-target-45-zero	graph-id	graph-id-property-wrapped-contains	success	1	successful-latency	20413958	11210375	1.8209879687343198	0	147	805c8c7334c868e18e2be84be95b83cc60895722d739c2b164a68be4cd410c49				
167	graph-id-property-wrapped-contains-target-45-targeted	graph-id	graph-id-property-wrapped-contains	success	1	successful-latency	223375	2076792	0.10755771401276584	1	807	7a2ea6e6b7c61f333c01be975226570ddf428683fdf6c4eb419e09457718acf9				
168	graph-id-property-wrapped-contains-target-45-dense	graph-id	graph-id-property-wrapped-contains	success	1	successful-latency	1421458	20582084	0.06906288012428674	200	92534	8ce2fca3adf975e2913f1d7a0f91465f04ef5e5cdbaaa1f51ca68901be616480				
169	graph-id-property-wrapped-contains-target-46-zero	graph-id	graph-id-property-wrapped-contains	success	1	successful-latency	18678416	11596958	1.6106306498652492	0	147	805c8c7334c868e18e2be84be95b83cc60895722d739c2b164a68be4cd410c49				
170	graph-id-property-wrapped-contains-target-46-targeted	graph-id	graph-id-property-wrapped-contains	success	1	successful-latency	432916	2111541	0.20502372437949345	45	27605	5de372ca8e19ec486456452fc7bd2d9f18c4d7b0beb5e238b24073911e1d2e3a				
171	graph-id-property-wrapped-contains-target-46-dense	graph-id	graph-id-property-wrapped-contains	success	1	successful-latency	1318625	20909292	0.06306406740123004	200	96641	3ad39c9167b00424c5957087068cab90d47268c9063b8d9e565113275edd98c8				
172	graph-id-property-wrapped-contains-target-47-zero	graph-id	graph-id-property-wrapped-contains	success	1	successful-latency	18742959	11174333	1.6773223958870744	0	147	805c8c7334c868e18e2be84be95b83cc60895722d739c2b164a68be4cd410c49				
173	graph-id-property-wrapped-contains-target-47-targeted	graph-id	graph-id-property-wrapped-contains	success	1	successful-latency	394750	2123834	0.18586669202960307	66	40159	fcfc173325ae104971344d6daea93c8089a472f712f938cfbd16c519ba82c551				
174	graph-id-property-wrapped-contains-target-47-dense	graph-id	graph-id-property-wrapped-contains	success	1	successful-latency	1316708	19548625	0.06735553012040489	200	97359	d162ad37d2e7b659e55cddb63b7d42e922fbd2396ae9679f7648226751bb7a13				
175	graph-id-property-wrapped-contains-target-48-zero	graph-id	graph-id-property-wrapped-contains	success	1	successful-latency	14927417	8299000	1.7987006868297386	0	147	805c8c7334c868e18e2be84be95b83cc60895722d739c2b164a68be4cd410c49				
176	graph-id-property-wrapped-contains-target-48-targeted	graph-id	graph-id-property-wrapped-contains	success	1	successful-latency	301792	1670584	0.1806505988325041	10	6351	274597a5e0e535d6581734920f9ffbc39062a84a13ad9d85823a8f12df219dfd				
177	graph-id-property-wrapped-contains-target-48-dense	graph-id	graph-id-property-wrapped-contains	success	1	successful-latency	8733666	11939125	0.7315164218483348	200	97301	4abd067ea3c7496241f2623586a132809a81e33bd08c7645b717be3ee7ee2542				
178	graph-id-property-wrapped-contains-target-49-zero	graph-id	graph-id-property-wrapped-contains	success	1	successful-latency	16066042	7786917	2.0632096117115415	0	147	805c8c7334c868e18e2be84be95b83cc60895722d739c2b164a68be4cd410c49				
179	graph-id-property-wrapped-contains-target-49-targeted	graph-id	graph-id-property-wrapped-contains	success	1	successful-latency	657459	1702125	0.3862577660277594	4	2598	d72c68d3fe0e8e0257e28136dfcba3f279a31d304b51dc9611dfa7b0f16169a8				
180	graph-id-property-wrapped-contains-target-49-dense	graph-id	graph-id-property-wrapped-contains	success	1	successful-latency	1206084	10967292	0.10997099375123777	200	95854	6848b85ce01299f2ea05bcca3edaa8c69792c61113aeaea43a401f01793bb61d				
181	graph-id-property-wrapped-contains-target-50-zero	graph-id	graph-id-property-wrapped-contains	success	1	successful-latency	14011083	7638417	1.8342914507024164	0	147	805c8c7334c868e18e2be84be95b83cc60895722d739c2b164a68be4cd410c49				
182	graph-id-property-wrapped-contains-target-50-targeted	graph-id	graph-id-property-wrapped-contains	success	1	successful-latency	258250	1659250	0.15564260961277684	1	791	85dd6bfd8cfa28628294c822275e5bb7a279ea8142c47ff362a55c060e68da37				
183	graph-id-property-wrapped-contains-target-50-dense	graph-id	graph-id-property-wrapped-contains	success	1	successful-latency	1047834	10834375	0.09671383905393711	200	91564	fbf180fab82c32493738bb60bb29955d3f45810bb23806d614f71964200069bc				
184	graph-id-property-wrapped-contains-target-51-zero	graph-id	graph-id-property-wrapped-contains	success	1	successful-latency	13783792	7311292	1.8852744494406735	0	147	805c8c7334c868e18e2be84be95b83cc60895722d739c2b164a68be4cd410c49				
185	graph-id-property-wrapped-contains-target-51-targeted	graph-id	graph-id-property-wrapped-contains	success	1	successful-latency	296000	1686500	0.17551141417136082	1	798	64ae9673d519a121b865dc50f576291bddc3c4c81c474d10cfb9d0da1dce7c60				
186	graph-id-property-wrapped-contains-target-51-dense	graph-id	graph-id-property-wrapped-contains	success	1	successful-latency	968834	9798959	0.09887111477862087	200	94730	d508f1cb1d0c5646118a68e8a87c49c66a454661e438e3f033289c173598f51f				
187	graph-id-property-wrapped-contains-target-52-zero	graph-id	graph-id-property-wrapped-contains	success	1	successful-latency	15475500	8403041	1.8416547057190367	0	147	805c8c7334c868e18e2be84be95b83cc60895722d739c2b164a68be4cd410c49				
188	graph-id-property-wrapped-contains-target-52-targeted	graph-id	graph-id-property-wrapped-contains	success	1	successful-latency	293375	1720791	0.1704884555997794	1	792	6691abe0a1f608719107bf4ffc3fa52632123ab77cb7c2c3c6536cd32de533b1				
189	graph-id-property-wrapped-contains-target-52-dense	graph-id	graph-id-property-wrapped-contains	success	1	successful-latency	1019041	11986584	0.08501513024895166	200	96891	db4b9bfadbbb61a039e76484090eda57349ec9585a7c795f46793352fb739e7c				
190	graph-id-property-wrapped-contains-target-53-zero	graph-id	graph-id-property-wrapped-contains	success	1	successful-latency	15225584	8612667	1.767812920202302	0	147	805c8c7334c868e18e2be84be95b83cc60895722d739c2b164a68be4cd410c49				
191	graph-id-property-wrapped-contains-target-53-targeted	graph-id	graph-id-property-wrapped-contains	success	1	successful-latency	213166	1718166	0.12406600991987969	6	3910	d987ccd9722d9cd5492fcbb62423f1a89bb41e05ea0e3fb44e7cc793b9656b12				
192	graph-id-property-wrapped-contains-target-53-dense	graph-id	graph-id-property-wrapped-contains	success	1	successful-latency	978292	13231792	0.07393495907432644	200	94720	c9e7b59e830a820a47234ca1fd54046d1c260db318e05adc24dc748ca7fe29c0				
193	graph-id-property-wrapped-contains-target-54-zero	graph-id	graph-id-property-wrapped-contains	success	1	successful-latency	13982250	7794667	1.7938226225700213	0	147	805c8c7334c868e18e2be84be95b83cc60895722d739c2b164a68be4cd410c49				
194	graph-id-property-wrapped-contains-target-54-targeted	graph-id	graph-id-property-wrapped-contains	success	1	successful-latency	216208	1662167	0.13007597912845098	3	1869	5157205e66d4cebff8b628175c555fdb333564013eabc5f496e37f9a4ad2b606				
195	graph-id-property-wrapped-contains-target-54-dense	graph-id	graph-id-property-wrapped-contains	success	1	successful-latency	995084	11237500	0.08855030033370412	200	92798	60b390f0b190e46f6fd1b4929641c7324c9142e0f18a85bc338e7b41ebe62db5				
196	graph-id-property-wrapped-contains-target-55-zero	graph-id	graph-id-property-wrapped-contains	success	1	successful-latency	14006291	7819291	1.7912482090767565	0	147	805c8c7334c868e18e2be84be95b83cc60895722d739c2b164a68be4cd410c49				
197	graph-id-property-wrapped-contains-target-55-targeted	graph-id	graph-id-property-wrapped-contains	success	1	successful-latency	228125	1674291	0.1362517029596408	10	6054	f5c10be5db49f33f0b8307328bfb058b342da4d9241c33217038447620028ab5				
198	graph-id-property-wrapped-contains-target-55-dense	graph-id	graph-id-property-wrapped-contains	success	1	successful-latency	1024791	11687292	0.08768421290406708	200	96112	0f6d4800cdd86ccdf20aab2fe6bd2924f66d70c9fcca46057385e09ba151a798				
199	graph-id-property-wrapped-contains-target-56-zero	graph-id	graph-id-property-wrapped-contains	success	1	successful-latency	15307917	8518166	1.797090711779977	0	147	805c8c7334c868e18e2be84be95b83cc60895722d739c2b164a68be4cd410c49				
200	graph-id-property-wrapped-contains-target-56-targeted	graph-id	graph-id-property-wrapped-contains	success	1	successful-latency	263875	1730083	0.15252158422457188	1	802	7ebbe5301915ad5c39692b733c3f39851576d09270c89f830b9e80b342a866f6				
201	graph-id-property-wrapped-contains-target-56-dense	graph-id	graph-id-property-wrapped-contains	success	1	successful-latency	1004250	11771958	0.08530866318075549	200	93704	b778fc4edfb3c1031b90b2d3d121fd31958733afdc68d3f1cde538a17b738328				
202	graph-id-property-wrapped-contains-target-57-zero	graph-id	graph-id-property-wrapped-contains	success	1	successful-latency	14640667	8359625	1.7513545165004412	0	147	805c8c7334c868e18e2be84be95b83cc60895722d739c2b164a68be4cd410c49				
203	graph-id-property-wrapped-contains-target-57-targeted	graph-id	graph-id-property-wrapped-contains	success	1	successful-latency	181708	1626958	0.11168573497287576	1	765	0812dc51126311be5cac082c5d39676905cd9a0811e6a08f17ec6343dc843471				
204	graph-id-property-wrapped-contains-target-57-dense	graph-id	graph-id-property-wrapped-contains	success	1	successful-latency	1054709	11797416	0.08940169610023076	200	99258	415f437224f091ed04a72fa493ee405ec437acfcfdf54dee50789c56e5356f10				
205	graph-id-property-wrapped-contains-target-58-zero	graph-id	graph-id-property-wrapped-contains	success	1	successful-latency	16357042	9133875	1.7908108004543526	0	147	805c8c7334c868e18e2be84be95b83cc60895722d739c2b164a68be4cd410c49				
206	graph-id-property-wrapped-contains-target-58-targeted	graph-id	graph-id-property-wrapped-contains	success	1	successful-latency	228375	1837583	0.12428010054511823	12	7029	1df616dc12f8aa99df8ef1921ad6c878afdd2d37362d488527ffbb7ddbe7f6e3				
207	graph-id-property-wrapped-contains-target-58-dense	graph-id	graph-id-property-wrapped-contains	success	1	successful-latency	1166542	13460333	0.08666516645613448	200	94948	3f3fd3df372307937afdfd0915ce035266497833c5712760faf456eece659c97				
208	graph-id-property-wrapped-contains-target-59-zero	graph-id	graph-id-property-wrapped-contains	success	1	successful-latency	13800291	7466375	1.8483254591418192	0	147	805c8c7334c868e18e2be84be95b83cc60895722d739c2b164a68be4cd410c49				
209	graph-id-property-wrapped-contains-target-59-targeted	graph-id	graph-id-property-wrapped-contains	success	1	successful-latency	244291	1612167	0.1515295871953712	11	6729	3d47749a3f582c73a2df58bf3f9b3beed9c001af5d9bd91af1d30abe76d3f524				
210	graph-id-property-wrapped-contains-target-59-dense	graph-id	graph-id-property-wrapped-contains	success	1	successful-latency	910042	10249875	0.08878566811790388	200	89429	54106029dd8c0484e4d4612954bdb30eebd525f910018413d1ee09bf2ea5c8ac				
211	graph-id-property-wrapped-contains-target-60-zero	graph-id	graph-id-property-wrapped-contains	success	1	successful-latency	14272500	7901625	1.8062740259123915	0	147	805c8c7334c868e18e2be84be95b83cc60895722d739c2b164a68be4cd410c49				
212	graph-id-property-wrapped-contains-target-60-targeted	graph-id	graph-id-property-wrapped-contains	success	1	successful-latency	238583	1720167	0.13869757994427284	13	7599	88379c6b80e2b23974c6b6a1e2c6fc3f3680ec705c71b7cecbc9a2228bf7fa26				
213	graph-id-property-wrapped-contains-target-60-dense	graph-id	graph-id-property-wrapped-contains	success	1	successful-latency	975000	11391625	0.0855891938156321	200	94040	5d662b90e716477fff887768402c85462026d6042e22f1d7fafdb565b9f9efc8				
214	graph-id-property-wrapped-contains-target-61-zero	graph-id	graph-id-property-wrapped-contains	success	1	successful-latency	15507166	8291334	1.870286011876979	0	147	805c8c7334c868e18e2be84be95b83cc60895722d739c2b164a68be4cd410c49				
215	graph-id-property-wrapped-contains-target-61-targeted	graph-id	graph-id-property-wrapped-contains	success	1	successful-latency	200917	1776625	0.11308914374164497	8	5180	b6f5bd5828bd66e4f09f8198b509f3673986060cf32e2725dff13d9bcb4d6e9b				
216	graph-id-property-wrapped-contains-target-61-dense	graph-id	graph-id-property-wrapped-contains	success	1	successful-latency	1044041	12686291	0.08229678792643177	200	93638	00f9fdf9bf9dc94ccc0d67b35cb45c01a8e623cfaedfdb70da1cc1bfa69daf82				
217	graph-id-property-wrapped-contains-target-62-zero	graph-id	graph-id-property-wrapped-contains	success	1	successful-latency	15005167	8099959	1.8524991299338676	0	147	805c8c7334c868e18e2be84be95b83cc60895722d739c2b164a68be4cd410c49				
218	graph-id-property-wrapped-contains-target-62-targeted	graph-id	graph-id-property-wrapped-contains	success	1	successful-latency	182250	1685292	0.10814149714114824	1	877	f04b3035acb1285487cb68f126c796fd316b35c6ce630f1e71efd88436bf28f2				
219	graph-id-property-wrapped-contains-target-62-dense	graph-id	graph-id-property-wrapped-contains	success	1	successful-latency	1017375	11958417	0.08507605981627836	200	97449	f19574ac46a01dafc16136d9e8c4835b8d40c72753078eb8a67a1d7d438dd937				
220	graph-id-property-wrapped-contains-target-63-zero	graph-id	graph-id-property-wrapped-contains	success	1	successful-latency	14379875	7751833	1.8550289976577152	0	147	805c8c7334c868e18e2be84be95b83cc60895722d739c2b164a68be4cd410c49				
221	graph-id-property-wrapped-contains-target-63-targeted	graph-id	graph-id-property-wrapped-contains	success	1	successful-latency	214667	1640084	0.1308878081854344	1	778	1734729b6952d2a8eff267ca86b458aa4fd5e0c703c1fa60dd66478cd3c49356				
222	graph-id-property-wrapped-contains-target-63-dense	graph-id	graph-id-property-wrapped-contains	success	1	successful-latency	983625	10180583	0.09661774772623533	200	91412	082721be4b0e9234c67505fe172c638dcb4ef8924db9c6264a191473dfc4e443				
223	graph-id-function-wrapped-contains-target-00-zero	graph-id	graph-id-function-wrapped-contains	success	1	successful-latency	429333	283750	1.5130678414096916	0	147	805c8c7334c868e18e2be84be95b83cc60895722d739c2b164a68be4cd410c49				
224	graph-id-function-wrapped-contains-target-00-targeted	graph-id	graph-id-function-wrapped-contains	success	1	successful-latency	70167	293792	0.23883223505064807	10	5730	00c81103244dc6d42abdc3894d771e5a24957dcf7e5ad4d8dc686b1d7e0cb89e				
225	graph-id-function-wrapped-contains-target-00-dense	graph-id	graph-id-function-wrapped-contains	success	1	successful-latency	149833	461458	0.3246947717885485	200	84411	3bdee68309e62bee93f47848258ded90b1763d55841fa57d8b8fd21867653c44				
226	graph-id-function-wrapped-contains-target-01-zero	graph-id	graph-id-function-wrapped-contains	success	1	successful-latency	67125	313541	0.21408683393878314	0	147	805c8c7334c868e18e2be84be95b83cc60895722d739c2b164a68be4cd410c49				
227	graph-id-function-wrapped-contains-target-01-targeted	graph-id	graph-id-function-wrapped-contains	success	1	successful-latency	48959	321167	0.15244094193986307	1	758	b33173a678013ac093c95f3fccc5cd5af96ea18082387e1fc872de4817e234b2				
228	graph-id-function-wrapped-contains-target-01-dense	graph-id	graph-id-function-wrapped-contains	success	1	successful-latency	145375	470416	0.30903498180334005	200	84093	d9daf98f04e06930dfeb91ddd4e8ae597b8f9154e54ac1018db6a25ea8ddd84f				
229	graph-id-function-wrapped-contains-target-02-zero	graph-id	graph-id-function-wrapped-contains	success	1	successful-latency	72125	321375	0.22442629327110075	0	147	805c8c7334c868e18e2be84be95b83cc60895722d739c2b164a68be4cd410c49				
230	graph-id-function-wrapped-contains-target-02-targeted	graph-id	graph-id-function-wrapped-contains	success	1	successful-latency	59458	342250	0.17372680788897005	9	5751	0754b66fd035110585cc31e6af555127395a9cd85c413f0a859de6b596c3b70d				
231	graph-id-function-wrapped-contains-target-02-dense	graph-id	graph-id-function-wrapped-contains	success	1	successful-latency	127542	483625	0.26372085810286894	200	86930	a289774d080329d12351d967c614eae9b16190b55970a757b1f268e21aee3975				
232	graph-id-function-wrapped-contains-target-03-zero	graph-id	graph-id-function-wrapped-contains	success	1	successful-latency	51083	309167	0.16522785420177444	0	147	805c8c7334c868e18e2be84be95b83cc60895722d739c2b164a68be4cd410c49				
233	graph-id-function-wrapped-contains-target-03-targeted	graph-id	graph-id-function-wrapped-contains	success	1	successful-latency	59708	301334	0.19814557932393956	2	1333	77f2da9b0b5a99e6332b957b281149f5e269d152177e36aaa74e86db4bc23bf9				
234	graph-id-function-wrapped-contains-target-03-dense	graph-id	graph-id-function-wrapped-contains	success	1	successful-latency	137833	463792	0.29718710111429264	200	85151	08fbf5fde8e917175e0dca625983535621218120265897bdd0781fe99669b859				
235	graph-id-function-wrapped-contains-target-04-zero	graph-id	graph-id-function-wrapped-contains	success	1	successful-latency	65750	309917	0.21215357660276785	0	147	805c8c7334c868e18e2be84be95b83cc60895722d739c2b164a68be4cd410c49				
236	graph-id-function-wrapped-contains-target-04-targeted	graph-id	graph-id-function-wrapped-contains	success	1	successful-latency	101041	321958	0.31383286018673245	9	5762	527d81de9e8ca9f5fe9ad0166e1e1711fbccaf3c53281e7e95375f6d55e3a3c7				
237	graph-id-function-wrapped-contains-target-04-dense	graph-id	graph-id-function-wrapped-contains	success	1	successful-latency	142458	457708	0.3112421019514625	200	86152	85d9bac3392391ae56f1f03af81d888f398336c8e33a1ef1e42c5409f746f730				
238	graph-id-function-wrapped-contains-target-05-zero	graph-id	graph-id-function-wrapped-contains	success	1	successful-latency	67042	322583	0.2078286828506152	0	147	805c8c7334c868e18e2be84be95b83cc60895722d739c2b164a68be4cd410c49				
239	graph-id-function-wrapped-contains-target-05-targeted	graph-id	graph-id-function-wrapped-contains	success	1	successful-latency	60291	319459	0.18872844402568092	9	5751	48fbef6ae3373a73cfbd3690497aae4d0773c2f4ddadb5d217061398978bcac5				
240	graph-id-function-wrapped-contains-target-05-dense	graph-id	graph-id-function-wrapped-contains	success	1	successful-latency	138167	493083	0.2802104311038912	200	90860	57ae61ccbdbf1e83a9ab8de2923c4ac26bcc634ed53a2f1c1a3ee3682afe8cd8				
241	graph-id-function-wrapped-contains-target-06-zero	graph-id	graph-id-function-wrapped-contains	success	1	successful-latency	65084	315125	0.2065339151130504	0	147	805c8c7334c868e18e2be84be95b83cc60895722d739c2b164a68be4cd410c49				
242	graph-id-function-wrapped-contains-target-06-targeted	graph-id	graph-id-function-wrapped-contains	success	1	successful-latency	59625	292500	0.20384615384615384	1	734	2c8962bfda6df26238f145f32f089e1ccdb69cc26ea9c2fde590f543638ba060				
243	graph-id-function-wrapped-contains-target-06-dense	graph-id	graph-id-function-wrapped-contains	success	1	successful-latency	122209	456917	0.2674643315963293	200	83941	f7f169fb4cd9a2408b058d9e03502907fe0d9372ba70f2f3749aeaffa464e292				
244	graph-id-function-wrapped-contains-target-07-zero	graph-id	graph-id-function-wrapped-contains	success	1	successful-latency	62875	314875	0.19968241365621278	0	147	805c8c7334c868e18e2be84be95b83cc60895722d739c2b164a68be4cd410c49				
245	graph-id-function-wrapped-contains-target-07-targeted	graph-id	graph-id-function-wrapped-contains	success	1	successful-latency	69917	293958	0.23784690329911076	1	762	d5674d7adcd2d58f93c5f2849f690003bc45d523850181c23ceaa0aacd7e6709				
246	graph-id-function-wrapped-contains-target-07-dense	graph-id	graph-id-function-wrapped-contains	success	1	successful-latency	138500	465750	0.29736983360171765	200	84999	35604ee2a3d19ee64c97fa99f4be154714c60028f948c7a23f75b925d4520a5d				
247	graph-id-function-wrapped-contains-target-08-zero	graph-id	graph-id-function-wrapped-contains	success	1	successful-latency	71083	307083	0.23147813457599412	0	147	805c8c7334c868e18e2be84be95b83cc60895722d739c2b164a68be4cd410c49				
248	graph-id-function-wrapped-contains-target-08-targeted	graph-id	graph-id-function-wrapped-contains	success	1	successful-latency	55750	303334	0.18379080485537394	2	1322	4b49b28d836e57c2c3f8d43a93acd00a93b169fcd603338f9ab350f541e9665c				
249	graph-id-function-wrapped-contains-target-08-dense	graph-id	graph-id-function-wrapped-contains	success	1	successful-latency	128667	448417	0.2869360439055611	200	85531	ed34441ff634f19c276911a1fa193106a9070fde1065b57fc7ec71132b8d5f66				
250	graph-id-function-wrapped-contains-target-09-zero	graph-id	graph-id-function-wrapped-contains	success	1	successful-latency	62916	302042	0.2083021566537104	0	147	805c8c7334c868e18e2be84be95b83cc60895722d739c2b164a68be4cd410c49				
251	graph-id-function-wrapped-contains-target-09-targeted	graph-id	graph-id-function-wrapped-contains	success	1	successful-latency	51875	283166	0.18319642894980329	1	758	cd83129b7654f9c1ac40c94032a03833f5b559e4d6d903ce58c899d274674334				
252	graph-id-function-wrapped-contains-target-09-dense	graph-id	graph-id-function-wrapped-contains	success	1	successful-latency	118625	445917	0.2660248431883063	200	84710	8302a9dc08d5cf465b56333dad5757a62c24d743692acbdbf8e81919ebd097a0				
253	graph-id-function-wrapped-contains-target-10-zero	graph-id	graph-id-function-wrapped-contains	success	1	successful-latency	83125	316083	0.2629847223672263	0	147	805c8c7334c868e18e2be84be95b83cc60895722d739c2b164a68be4cd410c49				
254	graph-id-function-wrapped-contains-target-10-targeted	graph-id	graph-id-function-wrapped-contains	success	1	successful-latency	56000	297750	0.18807724601175482	1	821	f3f4d5fb39ff9fde7dcf6d88e4f52bcc4c277ed98626ccca0b17c4ddbb20b035				
255	graph-id-function-wrapped-contains-target-10-dense	graph-id	graph-id-function-wrapped-contains	success	1	successful-latency	164917	462583	0.3565133176100289	200	86914	eec30bd784e53b80ccd384559e9d1f853b8152ad8db90ad1f27d391bf03fc0d8				
256	graph-id-function-wrapped-contains-target-11-zero	graph-id	graph-id-function-wrapped-contains	success	1	successful-latency	68750	311833	0.2204705723897086	0	147	805c8c7334c868e18e2be84be95b83cc60895722d739c2b164a68be4cd410c49				
257	graph-id-function-wrapped-contains-target-11-targeted	graph-id	graph-id-function-wrapped-contains	success	1	successful-latency	61625	289125	0.21314310419368784	1	758	f8ea31527e372a7d8e0f896bc894b97d788067aa20d0af371a4239382f72a4d1				
258	graph-id-function-wrapped-contains-target-11-dense	graph-id	graph-id-function-wrapped-contains	success	1	successful-latency	129916	448833	0.2894528699984181	200	84862	36598e3ab73085dce50e849dda8b6a32b1088eab3f02f052e9536f16613b5d4b				
259	graph-id-function-wrapped-contains-target-12-zero	graph-id	graph-id-function-wrapped-contains	success	1	successful-latency	59167	298542	0.19818651981965688	0	147	805c8c7334c868e18e2be84be95b83cc60895722d739c2b164a68be4cd410c49				
260	graph-id-function-wrapped-contains-target-12-targeted	graph-id	graph-id-function-wrapped-contains	success	1	successful-latency	41042	292542	0.14029438507974923	2	1348	569ba2c2d8626f5c6804b713aa9f9bd5155648246e0bb082ab37cf407a3ccee9				
261	graph-id-function-wrapped-contains-target-12-dense	graph-id	graph-id-function-wrapped-contains	success	1	successful-latency	107042	447708	0.2390888704244731	200	85894	f22afa8ccaad259750ce50e850502822308b2565f707f284de32cd44d5ef328a				
262	graph-id-function-wrapped-contains-target-13-zero	graph-id	graph-id-function-wrapped-contains	success	1	successful-latency	61292	313583	0.1954570241371503	0	147	805c8c7334c868e18e2be84be95b83cc60895722d739c2b164a68be4cd410c49				
263	graph-id-function-wrapped-contains-target-13-targeted	graph-id	graph-id-function-wrapped-contains	success	1	successful-latency	50750	303750	0.16707818930041152	5	2824	ebb699b5b0554cc639408add00ca9d9aae37f3553c5e6ea606cb7e66e171933f				
264	graph-id-function-wrapped-contains-target-13-dense	graph-id	graph-id-function-wrapped-contains	success	1	successful-latency	122292	462208	0.26458217945167545	200	86344	2e714969993f2a86ba5c715dc52b2c7d6dbaed9b2320da2399ecdf29ec9f1e4e				
265	graph-id-function-wrapped-contains-target-14-zero	graph-id	graph-id-function-wrapped-contains	success	1	successful-latency	44084	323166	0.13641286521478127	0	147	805c8c7334c868e18e2be84be95b83cc60895722d739c2b164a68be4cd410c49				
266	graph-id-function-wrapped-contains-target-14-targeted	graph-id	graph-id-function-wrapped-contains	success	1	successful-latency	37833	309542	0.12222250938483308	3	1887	cfce92c06f8a0a93444f0ec3592aad57c255799cc7a1286e673f5c8cc3173d20				
267	graph-id-function-wrapped-contains-target-14-dense	graph-id	graph-id-function-wrapped-contains	success	1	successful-latency	103666	474250	0.2185893516078018	200	88102	f384f54b9e0494c603dd9e83eb2ca0ad0386a359a2e1d6a356e225c072977e41				
268	graph-id-function-wrapped-contains-target-15-zero	graph-id	graph-id-function-wrapped-contains	success	1	successful-latency	43125	315625	0.13663366336633664	0	147	805c8c7334c868e18e2be84be95b83cc60895722d739c2b164a68be4cd410c49				
269	graph-id-function-wrapped-contains-target-15-targeted	graph-id	graph-id-function-wrapped-contains	success	1	successful-latency	41250	304292	0.13556057996924006	1	765	ae20f86c5a0d43140079bdbb52041ad145178823d6189b8171bbe58dc0d82dcc				
270	graph-id-function-wrapped-contains-target-15-dense	graph-id	graph-id-function-wrapped-contains	success	1	successful-latency	109250	466292	0.2342952484709152	200	82358	6db1e45464dd1e42fc627a3ee68393b586d132e4817f87f1da72cb180e7925bb				
271	graph-id-function-wrapped-contains-target-16-zero	graph-id	graph-id-function-wrapped-contains	success	1	successful-latency	70875	342375	0.20700985761226726	0	147	805c8c7334c868e18e2be84be95b83cc60895722d739c2b164a68be4cd410c49				
272	graph-id-function-wrapped-contains-target-16-targeted	graph-id	graph-id-function-wrapped-contains	success	1	successful-latency	54542	329291	0.16563465141774297	1	771	41ad9b5110585bc89df35b9d0a0c6bd66daaf6c239b4212552d078b2f2a28c34				
273	graph-id-function-wrapped-contains-target-16-dense	graph-id	graph-id-function-wrapped-contains	success	1	successful-latency	143875	495791	0.2901928433553655	200	94237	51b180cd96740a311cc61165baa84cc05517b2f28ac6c70debc25f8e14514414				
274	graph-id-function-wrapped-contains-target-17-zero	graph-id	graph-id-function-wrapped-contains	success	1	successful-latency	62708	307584	0.20387276321265085	0	147	805c8c7334c868e18e2be84be95b83cc60895722d739c2b164a68be4cd410c49				
275	graph-id-function-wrapped-contains-target-17-targeted	graph-id	graph-id-function-wrapped-contains	success	1	successful-latency	42292	315041	0.13424284458213376	5	2976	7d286938fe2f40cd4cb86cd26be11c3221bfff86202fa9b705bdc1c77967743f				
276	graph-id-function-wrapped-contains-target-17-dense	graph-id	graph-id-function-wrapped-contains	success	1	successful-latency	111875	474875	0.23558831271387207	200	92381	87c915d88746be4a40b85e67e7de71966365a455358cc138185e5c1f5bcf1251				
277	graph-id-function-wrapped-contains-target-18-zero	graph-id	graph-id-function-wrapped-contains	success	1	successful-latency	43833	314708	0.13928149268528286	0	147	805c8c7334c868e18e2be84be95b83cc60895722d739c2b164a68be4cd410c49				
278	graph-id-function-wrapped-contains-target-18-targeted	graph-id	graph-id-function-wrapped-contains	success	1	successful-latency	64458	321208	0.20067370675699236	12	6781	abf0682228739bdef1eb0d4b5b1449d7697f9412e644bd07a974f6e04213652e				
279	graph-id-function-wrapped-contains-target-18-dense	graph-id	graph-id-function-wrapped-contains	success	1	successful-latency	116458	486417	0.23942008605784748	200	95198	7d65fbc43e0cf8a1d4323c709e6963c32bdea3f389f5b683f619eee1fd79dc90				
280	graph-id-function-wrapped-contains-target-19-zero	graph-id	graph-id-function-wrapped-contains	success	1	successful-latency	37750	322750	0.11696359411309062	0	147	805c8c7334c868e18e2be84be95b83cc60895722d739c2b164a68be4cd410c49				
281	graph-id-function-wrapped-contains-target-19-targeted	graph-id	graph-id-function-wrapped-contains	success	1	successful-latency	43292	297875	0.14533613092740244	11	6327	72232d5a8299b69c619beb4cebd0967a4ca8f1378844d7914f795f7c5126cc48				
282	graph-id-function-wrapped-contains-target-19-dense	graph-id	graph-id-function-wrapped-contains	success	1	successful-latency	111125	449083	0.24744868988583402	200	96673	6ab8193cda24a8f589b0e7412ffcc3549afc3180a092c899437bb3ef2f8324ef				
283	graph-id-function-wrapped-contains-target-20-zero	graph-id	graph-id-function-wrapped-contains	success	1	successful-latency	47500	304625	0.15592942141977842	0	147	805c8c7334c868e18e2be84be95b83cc60895722d739c2b164a68be4cd410c49				
284	graph-id-function-wrapped-contains-target-20-targeted	graph-id	graph-id-function-wrapped-contains	success	1	successful-latency	33416	291583	0.11460201726438098	1	763	7811e1c0f64fb9174b112349d7a5f89fec8a71f59a6b66db3b1e97241f5dc93c				
285	graph-id-function-wrapped-contains-target-20-dense	graph-id	graph-id-function-wrapped-contains	success	1	successful-latency	112000	452584	0.24746787336715395	200	91604	a93cd6116bda146e01916f4ab7d54aa664da5b5c2287de109c82d6c48fcd38f8				
286	graph-id-function-wrapped-contains-target-21-zero	graph-id	graph-id-function-wrapped-contains	success	1	successful-latency	64250	314167	0.20450906683388134	0	147	805c8c7334c868e18e2be84be95b83cc60895722d739c2b164a68be4cd410c49				
287	graph-id-function-wrapped-contains-target-21-targeted	graph-id	graph-id-function-wrapped-contains	success	1	successful-latency	54833	297750	0.18415785054575987	1	765	1cf450577b12b3b6a7c19f53479709a92a169add0c4f9defecbc55254bf8d5b3				
288	graph-id-function-wrapped-contains-target-21-dense	graph-id	graph-id-function-wrapped-contains	success	1	successful-latency	118958	451084	0.263715848932793	200	96334	eb6b03599a26f520b43896ee6af6cb6d2a3ec0783b66a0bcb29642b029a4b6eb				
289	graph-id-function-wrapped-contains-target-22-zero	graph-id	graph-id-function-wrapped-contains	success	1	successful-latency	35666	306417	0.11639693620132043	0	147	805c8c7334c868e18e2be84be95b83cc60895722d739c2b164a68be4cd410c49				
290	graph-id-function-wrapped-contains-target-22-targeted	graph-id	graph-id-function-wrapped-contains	success	1	successful-latency	42000	299375	0.14029227557411272	11	6331	43d88524d9da26840d520d8260a6801a2d864c2023e9806c3df4a5e673a5fd66				
291	graph-id-function-wrapped-contains-target-22-dense	graph-id	graph-id-function-wrapped-contains	success	1	successful-latency	107084	459500	0.23304461371055496	200	98397	b1cc908cf8cd6a2354b320afca9ad225990c59be93a53ddc3912afb3b0d46d7b				
292	graph-id-function-wrapped-contains-target-23-zero	graph-id	graph-id-function-wrapped-contains	success	1	successful-latency	44667	304959	0.1464688695857476	0	147	805c8c7334c868e18e2be84be95b83cc60895722d739c2b164a68be4cd410c49				
293	graph-id-function-wrapped-contains-target-23-targeted	graph-id	graph-id-function-wrapped-contains	success	1	successful-latency	101416	310541	0.326578455018822	11	6135	718b52d4d32659cb9b39b84bdb87d6226a9be4436e73fa316936d1333dfa50c0				
294	graph-id-function-wrapped-contains-target-23-dense	graph-id	graph-id-function-wrapped-contains	success	1	successful-latency	112875	466750	0.241831815747188	200	95056	d5aa9163a912371065002f30549de9cefea57af859f009a275e381b0a849633e				
295	graph-id-function-wrapped-contains-target-24-zero	graph-id	graph-id-function-wrapped-contains	success	1	successful-latency	47125	311334	0.15136477223817507	0	147	805c8c7334c868e18e2be84be95b83cc60895722d739c2b164a68be4cd410c49				
296	graph-id-function-wrapped-contains-target-24-targeted	graph-id	graph-id-function-wrapped-contains	success	1	successful-latency	30209	304833	0.09910016304009081	1	754	033650595463ffba6f1f515fc8a38ba023fdd37a0e2442442be40f2d8baee0b4				
297	graph-id-function-wrapped-contains-target-24-dense	graph-id	graph-id-function-wrapped-contains	success	1	successful-latency	120416	460416	0.2615373922713372	200	96144	13cc3d04be15c5d98101b6676211e0260c08571becd6cbc7be1dcfad1b7efce8				
298	graph-id-function-wrapped-contains-target-25-zero	graph-id	graph-id-function-wrapped-contains	success	1	successful-latency	41625	309917	0.13431015400897658	0	147	805c8c7334c868e18e2be84be95b83cc60895722d739c2b164a68be4cd410c49				
299	graph-id-function-wrapped-contains-target-25-targeted	graph-id	graph-id-function-wrapped-contains	success	1	successful-latency	34167	337000	0.10138575667655786	17	9434	57a7fb26e2c1557848eddaabb17076d92c9b2ef2e0ff6b92be3de4374fe1fa9b				
300	graph-id-function-wrapped-contains-target-25-dense	graph-id	graph-id-function-wrapped-contains	success	1	successful-latency	107125	462125	0.23180957533134974	200	90260	d606d19bfcb83b224b953bd70176bc52dc06d427ef6ab3d0cc311bc6ed6fc260				
301	graph-id-function-wrapped-contains-target-26-zero	graph-id	graph-id-function-wrapped-contains	success	1	successful-latency	38583	321000	0.120196261682243	0	147	805c8c7334c868e18e2be84be95b83cc60895722d739c2b164a68be4cd410c49				
302	graph-id-function-wrapped-contains-target-26-targeted	graph-id	graph-id-function-wrapped-contains	success	1	successful-latency	37959	300667	0.1262493057103041	1	791	550bd45f802381cb65ea30928a856fc0c2bc207cbfc2a147aad4312130548c9a				
303	graph-id-function-wrapped-contains-target-26-dense	graph-id	graph-id-function-wrapped-contains	success	1	successful-latency	108500	468041	0.23181729805722148	200	96089	d0bdae62973cb737c05eda37d83d6fd7dea4520a7f87acdd4ed9a2fba1f97888				
304	graph-id-function-wrapped-contains-target-27-zero	graph-id	graph-id-function-wrapped-contains	success	1	successful-latency	42125	309958	0.13590550977874422	0	147	805c8c7334c868e18e2be84be95b83cc60895722d739c2b164a68be4cd410c49				
305	graph-id-function-wrapped-contains-target-27-targeted	graph-id	graph-id-function-wrapped-contains	success	1	successful-latency	41875	318000	0.13168238993710693	14	8030	e1858d468e2cee9daff29f91791894b539cc1c9bfb8d57bb0eaa364a24ec0f04				
306	graph-id-function-wrapped-contains-target-27-dense	graph-id	graph-id-function-wrapped-contains	success	1	successful-latency	116959	466041	0.25096289811411443	200	95559	bcb492a91a247979acd291eaea381c0db6d952c0baff29193145ae7356b00907				
307	graph-id-function-wrapped-contains-target-28-zero	graph-id	graph-id-function-wrapped-contains	success	1	successful-latency	51041	327708	0.1557514616670939	0	147	805c8c7334c868e18e2be84be95b83cc60895722d739c2b164a68be4cd410c49				
308	graph-id-function-wrapped-contains-target-28-targeted	graph-id	graph-id-function-wrapped-contains	success	1	successful-latency	47500	317916	0.14941053611645844	12	6370	8871e0dc77f7df7110f742adaac439b8d2f4e912a3a21e1793fda026e0955f9b				
309	graph-id-function-wrapped-contains-target-28-dense	graph-id	graph-id-function-wrapped-contains	success	1	successful-latency	139459	482667	0.28893419272500503	200	101142	3ec255435f1804ca883e61ce69218b0c9b6812e5f4d6241be813f3a04980ff78				
310	graph-id-function-wrapped-contains-target-29-zero	graph-id	graph-id-function-wrapped-contains	success	1	successful-latency	65625	339708	0.19318061393903	0	147	805c8c7334c868e18e2be84be95b83cc60895722d739c2b164a68be4cd410c49				
311	graph-id-function-wrapped-contains-target-29-targeted	graph-id	graph-id-function-wrapped-contains	success	1	successful-latency	90041	296209	0.3039779344989518	1	759	7c9cbf2db3468e4d9ec5f9ce37c29746bb3071949804d250165a0310edd3182c				
312	graph-id-function-wrapped-contains-target-29-dense	graph-id	graph-id-function-wrapped-contains	success	1	successful-latency	125375	490916	0.2553899241418084	200	96005	cb6245f16fc1df4cadc32295db3c94d74d99d6ac24ca00ba686085574c3842f9				
313	graph-id-function-wrapped-contains-target-30-zero	graph-id	graph-id-function-wrapped-contains	success	1	successful-latency	46583	318041	0.14646853707540852	0	147	805c8c7334c868e18e2be84be95b83cc60895722d739c2b164a68be4cd410c49				
314	graph-id-function-wrapped-contains-target-30-targeted	graph-id	graph-id-function-wrapped-contains	success	1	successful-latency	44750	327125	0.13679786014520443	10	5866	c85815e1257e7d89a547803b839a8fa3d5c32a25ad93fc4df95c67dd0df38386				
315	graph-id-function-wrapped-contains-target-30-dense	graph-id	graph-id-function-wrapped-contains	success	1	successful-latency	136416	471250	0.2894769230769231	200	95471	766b9ef7e8ecf0adce38af75461cc8c431950c6a78cf29871668bb82bbc59681				
316	graph-id-function-wrapped-contains-target-31-zero	graph-id	graph-id-function-wrapped-contains	success	1	successful-latency	51833	323583	0.16018455852130675	0	147	805c8c7334c868e18e2be84be95b83cc60895722d739c2b164a68be4cd410c49				
317	graph-id-function-wrapped-contains-target-31-targeted	graph-id	graph-id-function-wrapped-contains	success	1	successful-latency	40459	289292	0.13985523277518908	1	779	5b2641a56fc0d1ce3cad560f98de3ab642d893c5f6c2be5bb57444732d364805				
318	graph-id-function-wrapped-contains-target-31-dense	graph-id	graph-id-function-wrapped-contains	success	1	successful-latency	108208	454625	0.23801594720923838	200	90493	6cea2d1b1fba9817e31904018fa5ce3734b41bb641feab5c7c6849206b05e3c1				
319	graph-id-function-wrapped-contains-target-32-zero	graph-id	graph-id-function-wrapped-contains	success	1	successful-latency	107334	309417	0.34689108872492463	0	147	805c8c7334c868e18e2be84be95b83cc60895722d739c2b164a68be4cd410c49				
320	graph-id-function-wrapped-contains-target-32-targeted	graph-id	graph-id-function-wrapped-contains	success	1	successful-latency	49667	314333	0.1580075906761301	4	2862	72e96499d86d64ae9da267f3b15791817d4250f06a8dfea9d09edd8c3c23a440				
321	graph-id-function-wrapped-contains-target-32-dense	graph-id	graph-id-function-wrapped-contains	success	1	successful-latency	111083	444083	0.2501401764985374	200	92864	0ad6a5ae10cb27d8dd28af205e0df8ebd79b3e1ca0079c8c876100ee108fc38d				
322	graph-id-function-wrapped-contains-target-33-zero	graph-id	graph-id-function-wrapped-contains	success	1	successful-latency	44708	305167	0.1465033899471437	0	147	805c8c7334c868e18e2be84be95b83cc60895722d739c2b164a68be4cd410c49				
323	graph-id-function-wrapped-contains-target-33-targeted	graph-id	graph-id-function-wrapped-contains	success	1	successful-latency	39250	298042	0.13169284865891384	4	2862	5436abb5d5a82ddf1b71cf6459ce0de5fe56d25b825b58b20bbe8cace9e3cde7				
324	graph-id-function-wrapped-contains-target-33-dense	graph-id	graph-id-function-wrapped-contains	success	1	successful-latency	103958	453583	0.22919289303170534	200	92578	e10f119cab32a77f2d8107211e2addcc69d3ab151ee08f60199ff7a8db9b6a1c				
325	graph-id-function-wrapped-contains-target-34-zero	graph-id	graph-id-function-wrapped-contains	success	1	successful-latency	61375	306250	0.2004081632653061	0	147	805c8c7334c868e18e2be84be95b83cc60895722d739c2b164a68be4cd410c49				
326	graph-id-function-wrapped-contains-target-34-targeted	graph-id	graph-id-function-wrapped-contains	success	1	successful-latency	41125	296750	0.13858466722830665	4	2883	e83a01bd4b4e8f51ba0c51a53e73f87ec8dd6170bd60b37ef57b4eb9aba8bcc7				
327	graph-id-function-wrapped-contains-target-34-dense	graph-id	graph-id-function-wrapped-contains	success	1	successful-latency	106500	461000	0.23101952277657267	200	94183	b06f89a813919b2f4278637c18773fe7508c48351caa08a76cefe1f54c9b7715				
328	graph-id-function-wrapped-contains-target-35-zero	graph-id	graph-id-function-wrapped-contains	success	1	successful-latency	33709	313541	0.1075106604877831	0	147	805c8c7334c868e18e2be84be95b83cc60895722d739c2b164a68be4cd410c49				
329	graph-id-function-wrapped-contains-target-35-targeted	graph-id	graph-id-function-wrapped-contains	success	1	successful-latency	31792	296709	0.10714875517763195	1	771	134378d176ef9559b3b9b40557762648c5aa55be889ba8cb2e7f752130b85ab7				
330	graph-id-function-wrapped-contains-target-35-dense	graph-id	graph-id-function-wrapped-contains	success	1	successful-latency	115458	455916	0.2532440186350117	200	91613	71eca3baa7c5adda9a19daaba5b66d08f4d30beebcfc1f6f8f3125a009484e93				
331	graph-id-function-wrapped-contains-target-36-zero	graph-id	graph-id-function-wrapped-contains	success	1	successful-latency	36667	302709	0.1211295336445233	0	147	805c8c7334c868e18e2be84be95b83cc60895722d739c2b164a68be4cd410c49				
332	graph-id-function-wrapped-contains-target-36-targeted	graph-id	graph-id-function-wrapped-contains	success	1	successful-latency	30750	296500	0.10370994940978077	1	795	6f5022183da52ea8cb963f17c4b86a6270dc9bfe0ca358e5ec7d6bdf4c95879f				
333	graph-id-function-wrapped-contains-target-36-dense	graph-id	graph-id-function-wrapped-contains	success	1	successful-latency	107541	478917	0.22455039182154737	200	91716	5d2df55fe9df550bd17a462dbec1bd958f7c0d5940c160537976ecc80d5cb22f				
334	graph-id-function-wrapped-contains-target-37-zero	graph-id	graph-id-function-wrapped-contains	success	1	successful-latency	49000	303042	0.16169375862091723	0	147	805c8c7334c868e18e2be84be95b83cc60895722d739c2b164a68be4cd410c49				
335	graph-id-function-wrapped-contains-target-37-targeted	graph-id	graph-id-function-wrapped-contains	success	1	successful-latency	69958	354959	0.19708755095658936	51	31472	b9433fbd59011f3771f14c8abacb0cbca913b3ccb9b85649a8f98d4c6f628703				
336	graph-id-function-wrapped-contains-target-37-dense	graph-id	graph-id-function-wrapped-contains	success	1	successful-latency	137750	457458	0.3011205400277184	200	91795	dbb6e258143695218279e10cbea2bf21ad0c5b1330a8fc3e3470b176ae0b6f42				
337	graph-id-function-wrapped-contains-target-38-zero	graph-id	graph-id-function-wrapped-contains	success	1	successful-latency	50708	305417	0.16602874103275195	0	147	805c8c7334c868e18e2be84be95b83cc60895722d739c2b164a68be4cd410c49				
338	graph-id-function-wrapped-contains-target-38-targeted	graph-id	graph-id-function-wrapped-contains	success	1	successful-latency	35709	299792	0.11911258472540961	1	801	6e224732564976ab3ad1b488a2dcb0c2a2f84050ab25d529f41b87f4de3c406c				
339	graph-id-function-wrapped-contains-target-38-dense	graph-id	graph-id-function-wrapped-contains	success	1	successful-latency	117709	460291	0.25572735508623895	200	92968	77adda61bf8a66745500e9e1b739302ae425b75af5d5199095bd9c0f56151e04				
340	graph-id-function-wrapped-contains-target-39-zero	graph-id	graph-id-function-wrapped-contains	success	1	successful-latency	51292	327875	0.15643766679374763	0	147	805c8c7334c868e18e2be84be95b83cc60895722d739c2b164a68be4cd410c49				
341	graph-id-function-wrapped-contains-target-39-targeted	graph-id	graph-id-function-wrapped-contains	success	1	successful-latency	80125	317750	0.2521636506687647	4	2855	db8e5b7500b38c30ff9ca554407e1c3f066cc32ce80520e31c63fe8f4f34048e				
342	graph-id-function-wrapped-contains-target-39-dense	graph-id	graph-id-function-wrapped-contains	success	1	successful-latency	126125	465333	0.2710424577668036	200	91298	153dc7ab9d3d22961d16bfae52d0b5cd4c7d97177e0e57e7c086294f37d00f0f				
343	graph-id-function-wrapped-contains-target-40-zero	graph-id	graph-id-function-wrapped-contains	success	1	successful-latency	47208	317125	0.14886243594797005	0	147	805c8c7334c868e18e2be84be95b83cc60895722d739c2b164a68be4cd410c49				
344	graph-id-function-wrapped-contains-target-40-targeted	graph-id	graph-id-function-wrapped-contains	success	1	successful-latency	62375	310667	0.20077768156901118	4	2911	6520445594f6fc1d080f2e441beea159540f21b52c555b515dbd7ba1fee2a37f				
345	graph-id-function-wrapped-contains-target-40-dense	graph-id	graph-id-function-wrapped-contains	success	1	successful-latency	136375	457833	0.29787062094693917	200	95189	6547ed796970ad3186785ae6dc7d6b1328d226d1878e5144fdb98c21fcba06f9				
346	graph-id-function-wrapped-contains-target-41-zero	graph-id	graph-id-function-wrapped-contains	success	1	successful-latency	121916	317125	0.38444146629877807	0	147	805c8c7334c868e18e2be84be95b83cc60895722d739c2b164a68be4cd410c49				
347	graph-id-function-wrapped-contains-target-41-targeted	graph-id	graph-id-function-wrapped-contains	success	1	successful-latency	51250	309792	0.16543358124160726	4	2883	42fd2fd2ff37d34c0cfb2146cde4be9387147a4cc07443bd58969c3f1e25556e				
348	graph-id-function-wrapped-contains-target-41-dense	graph-id	graph-id-function-wrapped-contains	success	1	successful-latency	112083	454084	0.24683318504946222	200	92146	1d23f5a918b6a408d8eae300e7aa799801aecc62fcc85667af567e3c95156cb9				
349	graph-id-function-wrapped-contains-target-42-zero	graph-id	graph-id-function-wrapped-contains	success	1	successful-latency	55334	333167	0.1660848763533003	0	147	805c8c7334c868e18e2be84be95b83cc60895722d739c2b164a68be4cd410c49				
350	graph-id-function-wrapped-contains-target-42-targeted	graph-id	graph-id-function-wrapped-contains	success	1	successful-latency	85667	363916	0.23540322492003649	63	39077	2d20a012ee335ff72d99f67135e1ac36defbca676c07a298d3df15c7c1e33f7d				
351	graph-id-function-wrapped-contains-target-42-dense	graph-id	graph-id-function-wrapped-contains	success	1	successful-latency	230167	464542	0.49547080780639857	200	93248	bd7a2cfc84011237aca413f8fd4b6ee9130043dc1530bc214cc965d935dc3d88				
352	graph-id-function-wrapped-contains-target-43-zero	graph-id	graph-id-function-wrapped-contains	success	1	successful-latency	103584	324958	0.31876119375426976	0	147	805c8c7334c868e18e2be84be95b83cc60895722d739c2b164a68be4cd410c49				
353	graph-id-function-wrapped-contains-target-43-targeted	graph-id	graph-id-function-wrapped-contains	success	1	successful-latency	40375	320667	0.1259094325265774	4	2743	a7aaae25732eb3fc39e7e9697120f6a4534e52262fb153e4201e51d7b31e4606				
354	graph-id-function-wrapped-contains-target-43-dense	graph-id	graph-id-function-wrapped-contains	success	1	successful-latency	130750	479417	0.27272708310301885	200	94063	f5c81d8aabcfe449e1a20e1133f0ce5a6c25cde54cfb7e82531ff93f87b6f89e				
355	graph-id-function-wrapped-contains-target-44-zero	graph-id	graph-id-function-wrapped-contains	success	1	successful-latency	43208	303958	0.14215121826041754	0	147	805c8c7334c868e18e2be84be95b83cc60895722d739c2b164a68be4cd410c49				
356	graph-id-function-wrapped-contains-target-44-targeted	graph-id	graph-id-function-wrapped-contains	success	1	successful-latency	93083	303084	0.30711947842842247	4	2890	b8c7750587d3cb95373de074cba017cf14e5d85811bfc8cc2b49fa06615dc14f				
357	graph-id-function-wrapped-contains-target-44-dense	graph-id	graph-id-function-wrapped-contains	success	1	successful-latency	108292	463542	0.23361852863386706	200	90517	901cb7ad5a7cef604f7264d87d81f85a7b3e521b0175839dd61f15fa140b58cf				
358	graph-id-function-wrapped-contains-target-45-zero	graph-id	graph-id-function-wrapped-contains	success	1	successful-latency	42833	314625	0.136139849026619	0	147	805c8c7334c868e18e2be84be95b83cc60895722d739c2b164a68be4cd410c49				
359	graph-id-function-wrapped-contains-target-45-targeted	graph-id	graph-id-function-wrapped-contains	success	1	successful-latency	37833	300542	0.12588257215297696	1	807	7a2ea6e6b7c61f333c01be975226570ddf428683fdf6c4eb419e09457718acf9				
360	graph-id-function-wrapped-contains-target-45-dense	graph-id	graph-id-function-wrapped-contains	success	1	successful-latency	106584	460875	0.23126444263628967	200	92534	8ce2fca3adf975e2913f1d7a0f91465f04ef5e5cdbaaa1f51ca68901be616480				
361	graph-id-function-wrapped-contains-target-46-zero	graph-id	graph-id-function-wrapped-contains	success	1	successful-latency	39209	305208	0.12846648842756414	0	147	805c8c7334c868e18e2be84be95b83cc60895722d739c2b164a68be4cd410c49				
362	graph-id-function-wrapped-contains-target-46-targeted	graph-id	graph-id-function-wrapped-contains	success	1	successful-latency	49375	349042	0.14145862102554993	45	27605	5de372ca8e19ec486456452fc7bd2d9f18c4d7b0beb5e238b24073911e1d2e3a				
363	graph-id-function-wrapped-contains-target-46-dense	graph-id	graph-id-function-wrapped-contains	success	1	successful-latency	105334	473750	0.22234089709762533	200	96641	3ad39c9167b00424c5957087068cab90d47268c9063b8d9e565113275edd98c8				
364	graph-id-function-wrapped-contains-target-47-zero	graph-id	graph-id-function-wrapped-contains	success	1	successful-latency	38625	314750	0.1227164416203336	0	147	805c8c7334c868e18e2be84be95b83cc60895722d739c2b164a68be4cd410c49				
365	graph-id-function-wrapped-contains-target-47-targeted	graph-id	graph-id-function-wrapped-contains	success	1	successful-latency	60333	364333	0.16559850466468862	66	40159	fcfc173325ae104971344d6daea93c8089a472f712f938cfbd16c519ba82c551				
366	graph-id-function-wrapped-contains-target-47-dense	graph-id	graph-id-function-wrapped-contains	success	1	successful-latency	103167	489125	0.21092154357270637	200	97359	d162ad37d2e7b659e55cddb63b7d42e922fbd2396ae9679f7648226751bb7a13				
367	graph-id-function-wrapped-contains-target-48-zero	graph-id	graph-id-function-wrapped-contains	success	1	successful-latency	35666	307958	0.11581449418427188	0	147	805c8c7334c868e18e2be84be95b83cc60895722d739c2b164a68be4cd410c49				
368	graph-id-function-wrapped-contains-target-48-targeted	graph-id	graph-id-function-wrapped-contains	success	1	successful-latency	30625	317792	0.0963680646460578	10	6351	274597a5e0e535d6581734920f9ffbc39062a84a13ad9d85823a8f12df219dfd				
369	graph-id-function-wrapped-contains-target-48-dense	graph-id	graph-id-function-wrapped-contains	success	1	successful-latency	102791	473875	0.21691585333685043	200	97301	4abd067ea3c7496241f2623586a132809a81e33bd08c7645b717be3ee7ee2542				
370	graph-id-function-wrapped-contains-target-49-zero	graph-id	graph-id-function-wrapped-contains	success	1	successful-latency	39458	312666	0.12619856332316273	0	147	805c8c7334c868e18e2be84be95b83cc60895722d739c2b164a68be4cd410c49				
371	graph-id-function-wrapped-contains-target-49-targeted	graph-id	graph-id-function-wrapped-contains	success	1	successful-latency	27542	301917	0.09122374692382343	4	2598	d72c68d3fe0e8e0257e28136dfcba3f279a31d304b51dc9611dfa7b0f16169a8				
372	graph-id-function-wrapped-contains-target-49-dense	graph-id	graph-id-function-wrapped-contains	success	1	successful-latency	107583	468583	0.22959219604637812	200	95854	6848b85ce01299f2ea05bcca3edaa8c69792c61113aeaea43a401f01793bb61d				
373	graph-id-function-wrapped-contains-target-50-zero	graph-id	graph-id-function-wrapped-contains	success	1	successful-latency	36625	324208	0.11296760104624191	0	147	805c8c7334c868e18e2be84be95b83cc60895722d739c2b164a68be4cd410c49				
374	graph-id-function-wrapped-contains-target-50-targeted	graph-id	graph-id-function-wrapped-contains	success	1	successful-latency	30000	306125	0.09799918334013884	1	791	85dd6bfd8cfa28628294c822275e5bb7a279ea8142c47ff362a55c060e68da37				
375	graph-id-function-wrapped-contains-target-50-dense	graph-id	graph-id-function-wrapped-contains	success	1	successful-latency	155125	454666	0.34118451786586196	200	91564	fbf180fab82c32493738bb60bb29955d3f45810bb23806d614f71964200069bc				
376	graph-id-function-wrapped-contains-target-51-zero	graph-id	graph-id-function-wrapped-contains	success	1	successful-latency	62583	318667	0.19638996193518626	0	147	805c8c7334c868e18e2be84be95b83cc60895722d739c2b164a68be4cd410c49				
377	graph-id-function-wrapped-contains-target-51-targeted	graph-id	graph-id-function-wrapped-contains	success	1	successful-latency	38166	296333	0.12879429560663172	1	798	64ae9673d519a121b865dc50f576291bddc3c4c81c474d10cfb9d0da1dce7c60				
378	graph-id-function-wrapped-contains-target-51-dense	graph-id	graph-id-function-wrapped-contains	success	1	successful-latency	102583	458250	0.22385815602836878	200	94730	d508f1cb1d0c5646118a68e8a87c49c66a454661e438e3f033289c173598f51f				
379	graph-id-function-wrapped-contains-target-52-zero	graph-id	graph-id-function-wrapped-contains	success	1	successful-latency	34750	325000	0.10692307692307693	0	147	805c8c7334c868e18e2be84be95b83cc60895722d739c2b164a68be4cd410c49				
380	graph-id-function-wrapped-contains-target-52-targeted	graph-id	graph-id-function-wrapped-contains	success	1	successful-latency	27208	305958	0.08892723837912393	1	792	6691abe0a1f608719107bf4ffc3fa52632123ab77cb7c2c3c6536cd32de533b1				
381	graph-id-function-wrapped-contains-target-52-dense	graph-id	graph-id-function-wrapped-contains	success	1	successful-latency	96584	472333	0.2044828542574836	200	96891	db4b9bfadbbb61a039e76484090eda57349ec9585a7c795f46793352fb739e7c				
382	graph-id-function-wrapped-contains-target-53-zero	graph-id	graph-id-function-wrapped-contains	success	1	successful-latency	45375	337750	0.13434492968171724	0	147	805c8c7334c868e18e2be84be95b83cc60895722d739c2b164a68be4cd410c49				
383	graph-id-function-wrapped-contains-target-53-targeted	graph-id	graph-id-function-wrapped-contains	success	1	successful-latency	43875	319333	0.13739575928576125	6	3910	d987ccd9722d9cd5492fcbb62423f1a89bb41e05ea0e3fb44e7cc793b9656b12				
384	graph-id-function-wrapped-contains-target-53-dense	graph-id	graph-id-function-wrapped-contains	success	1	successful-latency	136167	453000	0.3005894039735099	200	94720	c9e7b59e830a820a47234ca1fd54046d1c260db318e05adc24dc748ca7fe29c0				
385	graph-id-function-wrapped-contains-target-54-zero	graph-id	graph-id-function-wrapped-contains	success	1	successful-latency	99292	306083	0.32439567045539935	0	147	805c8c7334c868e18e2be84be95b83cc60895722d739c2b164a68be4cd410c49				
386	graph-id-function-wrapped-contains-target-54-targeted	graph-id	graph-id-function-wrapped-contains	success	1	successful-latency	58958	298750	0.1973489539748954	3	1869	5157205e66d4cebff8b628175c555fdb333564013eabc5f496e37f9a4ad2b606				
387	graph-id-function-wrapped-contains-target-54-dense	graph-id	graph-id-function-wrapped-contains	success	1	successful-latency	159417	441209	0.3613185587782661	200	92798	60b390f0b190e46f6fd1b4929641c7324c9142e0f18a85bc338e7b41ebe62db5				
388	graph-id-function-wrapped-contains-target-55-zero	graph-id	graph-id-function-wrapped-contains	success	1	successful-latency	63375	305750	0.2072771872444808	0	147	805c8c7334c868e18e2be84be95b83cc60895722d739c2b164a68be4cd410c49				
389	graph-id-function-wrapped-contains-target-55-targeted	graph-id	graph-id-function-wrapped-contains	success	1	successful-latency	39875	318250	0.12529457973291439	10	6054	f5c10be5db49f33f0b8307328bfb058b342da4d9241c33217038447620028ab5				
390	graph-id-function-wrapped-contains-target-55-dense	graph-id	graph-id-function-wrapped-contains	success	1	successful-latency	101000	446834	0.22603472430477536	200	96112	0f6d4800cdd86ccdf20aab2fe6bd2924f66d70c9fcca46057385e09ba151a798				
391	graph-id-function-wrapped-contains-target-56-zero	graph-id	graph-id-function-wrapped-contains	success	1	successful-latency	36334	330708	0.10986731497272519	0	147	805c8c7334c868e18e2be84be95b83cc60895722d739c2b164a68be4cd410c49				
392	graph-id-function-wrapped-contains-target-56-targeted	graph-id	graph-id-function-wrapped-contains	success	1	successful-latency	25458	303667	0.08383525374834934	1	802	7ebbe5301915ad5c39692b733c3f39851576d09270c89f830b9e80b342a866f6				
393	graph-id-function-wrapped-contains-target-56-dense	graph-id	graph-id-function-wrapped-contains	success	1	successful-latency	100375	470917	0.21314796450329887	200	93704	b778fc4edfb3c1031b90b2d3d121fd31958733afdc68d3f1cde538a17b738328				
394	graph-id-function-wrapped-contains-target-57-zero	graph-id	graph-id-function-wrapped-contains	success	1	successful-latency	43500	310667	0.1400213089900118	0	147	805c8c7334c868e18e2be84be95b83cc60895722d739c2b164a68be4cd410c49				
395	graph-id-function-wrapped-contains-target-57-targeted	graph-id	graph-id-function-wrapped-contains	success	1	successful-latency	31625	296583	0.10663119598898116	1	765	0812dc51126311be5cac082c5d39676905cd9a0811e6a08f17ec6343dc843471				
396	graph-id-function-wrapped-contains-target-57-dense	graph-id	graph-id-function-wrapped-contains	success	1	successful-latency	98000	479083	0.20455745664112482	200	99258	415f437224f091ed04a72fa493ee405ec437acfcfdf54dee50789c56e5356f10				
397	graph-id-function-wrapped-contains-target-58-zero	graph-id	graph-id-function-wrapped-contains	success	1	successful-latency	37416	329792	0.11345332815835436	0	147	805c8c7334c868e18e2be84be95b83cc60895722d739c2b164a68be4cd410c49				
398	graph-id-function-wrapped-contains-target-58-targeted	graph-id	graph-id-function-wrapped-contains	success	1	successful-latency	41333	325250	0.12708070714834743	12	7029	1df616dc12f8aa99df8ef1921ad6c878afdd2d37362d488527ffbb7ddbe7f6e3				
399	graph-id-function-wrapped-contains-target-58-dense	graph-id	graph-id-function-wrapped-contains	success	1	successful-latency	109708	445417	0.2463040252168193	200	94948	3f3fd3df372307937afdfd0915ce035266497833c5712760faf456eece659c97				
400	graph-id-function-wrapped-contains-target-59-zero	graph-id	graph-id-function-wrapped-contains	success	1	successful-latency	48333	317750	0.15211014948859167	0	147	805c8c7334c868e18e2be84be95b83cc60895722d739c2b164a68be4cd410c49				
401	graph-id-function-wrapped-contains-target-59-targeted	graph-id	graph-id-function-wrapped-contains	success	1	successful-latency	36667	303750	0.12071440329218107	11	6729	3d47749a3f582c73a2df58bf3f9b3beed9c001af5d9bd91af1d30abe76d3f524				
402	graph-id-function-wrapped-contains-target-59-dense	graph-id	graph-id-function-wrapped-contains	success	1	successful-latency	110500	444958	0.24833804538855353	200	89429	54106029dd8c0484e4d4612954bdb30eebd525f910018413d1ee09bf2ea5c8ac				
403	graph-id-function-wrapped-contains-target-60-zero	graph-id	graph-id-function-wrapped-contains	success	1	successful-latency	46833	316917	0.1477768627116879	0	147	805c8c7334c868e18e2be84be95b83cc60895722d739c2b164a68be4cd410c49				
404	graph-id-function-wrapped-contains-target-60-targeted	graph-id	graph-id-function-wrapped-contains	success	1	successful-latency	56667	313750	0.18061195219123505	13	7599	88379c6b80e2b23974c6b6a1e2c6fc3f3680ec705c71b7cecbc9a2228bf7fa26				
405	graph-id-function-wrapped-contains-target-60-dense	graph-id	graph-id-function-wrapped-contains	success	1	successful-latency	114375	449083	0.2546856594437999	200	94040	5d662b90e716477fff887768402c85462026d6042e22f1d7fafdb565b9f9efc8				
406	graph-id-function-wrapped-contains-target-61-zero	graph-id	graph-id-function-wrapped-contains	success	1	successful-latency	47625	312583	0.1523595333079534	0	147	805c8c7334c868e18e2be84be95b83cc60895722d739c2b164a68be4cd410c49				
407	graph-id-function-wrapped-contains-target-61-targeted	graph-id	graph-id-function-wrapped-contains	success	1	successful-latency	26958	326167	0.08265091195614517	8	5180	b6f5bd5828bd66e4f09f8198b509f3673986060cf32e2725dff13d9bcb4d6e9b				
408	graph-id-function-wrapped-contains-target-61-dense	graph-id	graph-id-function-wrapped-contains	success	1	successful-latency	100459	450542	0.22297366283276587	200	93638	00f9fdf9bf9dc94ccc0d67b35cb45c01a8e623cfaedfdb70da1cc1bfa69daf82				
409	graph-id-function-wrapped-contains-target-62-zero	graph-id	graph-id-function-wrapped-contains	success	1	successful-latency	33750	314292	0.1073842159520446	0	147	805c8c7334c868e18e2be84be95b83cc60895722d739c2b164a68be4cd410c49				
410	graph-id-function-wrapped-contains-target-62-targeted	graph-id	graph-id-function-wrapped-contains	success	1	successful-latency	24750	302584	0.08179546836580916	1	877	f04b3035acb1285487cb68f126c796fd316b35c6ce630f1e71efd88436bf28f2				
411	graph-id-function-wrapped-contains-target-62-dense	graph-id	graph-id-function-wrapped-contains	success	1	successful-latency	108042	454292	0.23782501122625976	200	97449	f19574ac46a01dafc16136d9e8c4835b8d40c72753078eb8a67a1d7d438dd937				
412	graph-id-function-wrapped-contains-target-63-zero	graph-id	graph-id-function-wrapped-contains	success	1	successful-latency	33875	321000	0.10552959501557632	0	147	805c8c7334c868e18e2be84be95b83cc60895722d739c2b164a68be4cd410c49				
413	graph-id-function-wrapped-contains-target-63-targeted	graph-id	graph-id-function-wrapped-contains	success	1	successful-latency	56916	306250	0.18584816326530612	1	778	1734729b6952d2a8eff267ca86b458aa4fd5e0c703c1fa60dd66478cd3c49356				
414	graph-id-function-wrapped-contains-target-63-dense	graph-id	graph-id-function-wrapped-contains	success	1	successful-latency	107917	475709	0.2268550731644766	200	91412	082721be4b0e9234c67505fe172c638dcb4ef8924db9c6264a191473dfc4e443				
415	graph-id-parameter-wrapped-contains-target-00-zero	graph-id	graph-id-parameter-wrapped-contains	success	1	successful-latency	68500	316917	0.21614492122543127	0	147	805c8c7334c868e18e2be84be95b83cc60895722d739c2b164a68be4cd410c49				
416	graph-id-parameter-wrapped-contains-target-00-targeted	graph-id	graph-id-parameter-wrapped-contains	success	1	successful-latency	115458	320000	0.36080625	10	5730	00c81103244dc6d42abdc3894d771e5a24957dcf7e5ad4d8dc686b1d7e0cb89e				
417	graph-id-parameter-wrapped-contains-target-00-dense	graph-id	graph-id-parameter-wrapped-contains	success	1	successful-latency	156000	512083	0.30463811530552665	200	84411	3bdee68309e62bee93f47848258ded90b1763d55841fa57d8b8fd21867653c44				
418	graph-id-parameter-wrapped-contains-target-01-zero	graph-id	graph-id-parameter-wrapped-contains	success	1	successful-latency	79667	309542	0.2573705668374566	0	147	805c8c7334c868e18e2be84be95b83cc60895722d739c2b164a68be4cd410c49				
419	graph-id-parameter-wrapped-contains-target-01-targeted	graph-id	graph-id-parameter-wrapped-contains	success	1	successful-latency	76041	295042	0.2577294080164858	1	758	b33173a678013ac093c95f3fccc5cd5af96ea18082387e1fc872de4817e234b2				
420	graph-id-parameter-wrapped-contains-target-01-dense	graph-id	graph-id-parameter-wrapped-contains	success	1	successful-latency	127625	470583	0.2712061421683316	200	84093	d9daf98f04e06930dfeb91ddd4e8ae597b8f9154e54ac1018db6a25ea8ddd84f				
421	graph-id-parameter-wrapped-contains-target-02-zero	graph-id	graph-id-parameter-wrapped-contains	success	1	successful-latency	71000	298250	0.23805532271584243	0	147	805c8c7334c868e18e2be84be95b83cc60895722d739c2b164a68be4cd410c49				
422	graph-id-parameter-wrapped-contains-target-02-targeted	graph-id	graph-id-parameter-wrapped-contains	success	1	successful-latency	52375	310084	0.16890584486784227	9	5751	0754b66fd035110585cc31e6af555127395a9cd85c413f0a859de6b596c3b70d				
423	graph-id-parameter-wrapped-contains-target-02-dense	graph-id	graph-id-parameter-wrapped-contains	success	1	successful-latency	111542	492625	0.22642375031717837	200	86930	a289774d080329d12351d967c614eae9b16190b55970a757b1f268e21aee3975				
424	graph-id-parameter-wrapped-contains-target-03-zero	graph-id	graph-id-parameter-wrapped-contains	success	1	successful-latency	98791	301459	0.3277095724460043	0	147	805c8c7334c868e18e2be84be95b83cc60895722d739c2b164a68be4cd410c49				
425	graph-id-parameter-wrapped-contains-target-03-targeted	graph-id	graph-id-parameter-wrapped-contains	success	1	successful-latency	41834	301208	0.13888741334891502	2	1333	77f2da9b0b5a99e6332b957b281149f5e269d152177e36aaa74e86db4bc23bf9				
426	graph-id-parameter-wrapped-contains-target-03-dense	graph-id	graph-id-parameter-wrapped-contains	success	1	successful-latency	108375	483083	0.22434033075061635	200	85151	08fbf5fde8e917175e0dca625983535621218120265897bdd0781fe99669b859				
427	graph-id-parameter-wrapped-contains-target-04-zero	graph-id	graph-id-parameter-wrapped-contains	success	1	successful-latency	99166	309083	0.32083938618429353	0	147	805c8c7334c868e18e2be84be95b83cc60895722d739c2b164a68be4cd410c49				
428	graph-id-parameter-wrapped-contains-target-04-targeted	graph-id	graph-id-parameter-wrapped-contains	success	1	successful-latency	54208	310959	0.1743252325869327	9	5762	527d81de9e8ca9f5fe9ad0166e1e1711fbccaf3c53281e7e95375f6d55e3a3c7				
429	graph-id-parameter-wrapped-contains-target-04-dense	graph-id	graph-id-parameter-wrapped-contains	success	1	successful-latency	108917	480667	0.22659554327632228	200	86152	85d9bac3392391ae56f1f03af81d888f398336c8e33a1ef1e42c5409f746f730				
430	graph-id-parameter-wrapped-contains-target-05-zero	graph-id	graph-id-parameter-wrapped-contains	success	1	successful-latency	79459	318167	0.2497399164589665	0	147	805c8c7334c868e18e2be84be95b83cc60895722d739c2b164a68be4cd410c49				
431	graph-id-parameter-wrapped-contains-target-05-targeted	graph-id	graph-id-parameter-wrapped-contains	success	1	successful-latency	55167	301500	0.18297512437810945	9	5751	48fbef6ae3373a73cfbd3690497aae4d0773c2f4ddadb5d217061398978bcac5				
432	graph-id-parameter-wrapped-contains-target-05-dense	graph-id	graph-id-parameter-wrapped-contains	success	1	successful-latency	119291	477875	0.24962804080565001	200	90860	57ae61ccbdbf1e83a9ab8de2923c4ac26bcc634ed53a2f1c1a3ee3682afe8cd8				
433	graph-id-parameter-wrapped-contains-target-06-zero	graph-id	graph-id-parameter-wrapped-contains	success	1	successful-latency	35708	301250	0.11853278008298755	0	147	805c8c7334c868e18e2be84be95b83cc60895722d739c2b164a68be4cd410c49				
434	graph-id-parameter-wrapped-contains-target-06-targeted	graph-id	graph-id-parameter-wrapped-contains	success	1	successful-latency	37167	299125	0.1242524028416214	1	734	2c8962bfda6df26238f145f32f089e1ccdb69cc26ea9c2fde590f543638ba060				
435	graph-id-parameter-wrapped-contains-target-06-dense	graph-id	graph-id-parameter-wrapped-contains	success	1	successful-latency	99292	499834	0.19864995178399228	200	83941	f7f169fb4cd9a2408b058d9e03502907fe0d9372ba70f2f3749aeaffa464e292				
436	graph-id-parameter-wrapped-contains-target-07-zero	graph-id	graph-id-parameter-wrapped-contains	success	1	successful-latency	41333	293958	0.14060852230590765	0	147	805c8c7334c868e18e2be84be95b83cc60895722d739c2b164a68be4cd410c49				
437	graph-id-parameter-wrapped-contains-target-07-targeted	graph-id	graph-id-parameter-wrapped-contains	success	1	successful-latency	28792	299500	0.09613355592654424	1	762	d5674d7adcd2d58f93c5f2849f690003bc45d523850181c23ceaa0aacd7e6709				
438	graph-id-parameter-wrapped-contains-target-07-dense	graph-id	graph-id-parameter-wrapped-contains	success	1	successful-latency	137000	490833	0.2791173372613496	200	84999	35604ee2a3d19ee64c97fa99f4be154714c60028f948c7a23f75b925d4520a5d				
439	graph-id-parameter-wrapped-contains-target-08-zero	graph-id	graph-id-parameter-wrapped-contains	success	1	successful-latency	29500	308750	0.09554655870445344	0	147	805c8c7334c868e18e2be84be95b83cc60895722d739c2b164a68be4cd410c49				
440	graph-id-parameter-wrapped-contains-target-08-targeted	graph-id	graph-id-parameter-wrapped-contains	success	1	successful-latency	28791	291458	0.09878267194587213	2	1322	4b49b28d836e57c2c3f8d43a93acd00a93b169fcd603338f9ab350f541e9665c				
441	graph-id-parameter-wrapped-contains-target-08-dense	graph-id	graph-id-parameter-wrapped-contains	success	1	successful-latency	96333	471667	0.2042394316329105	200	85531	ed34441ff634f19c276911a1fa193106a9070fde1065b57fc7ec71132b8d5f66				
442	graph-id-parameter-wrapped-contains-target-09-zero	graph-id	graph-id-parameter-wrapped-contains	success	1	successful-latency	26667	300875	0.08863149148317408	0	147	805c8c7334c868e18e2be84be95b83cc60895722d739c2b164a68be4cd410c49				
443	graph-id-parameter-wrapped-contains-target-09-targeted	graph-id	graph-id-parameter-wrapped-contains	success	1	successful-latency	112000	287000	0.3902439024390244	1	758	cd83129b7654f9c1ac40c94032a03833f5b559e4d6d903ce58c899d274674334				
444	graph-id-parameter-wrapped-contains-target-09-dense	graph-id	graph-id-parameter-wrapped-contains	success	1	successful-latency	128959	484250	0.26630665978316986	200	84710	8302a9dc08d5cf465b56333dad5757a62c24d743692acbdbf8e81919ebd097a0				
445	graph-id-parameter-wrapped-contains-target-10-zero	graph-id	graph-id-parameter-wrapped-contains	success	1	successful-latency	36541	292625	0.12487313114053823	0	147	805c8c7334c868e18e2be84be95b83cc60895722d739c2b164a68be4cd410c49				
446	graph-id-parameter-wrapped-contains-target-10-targeted	graph-id	graph-id-parameter-wrapped-contains	success	1	successful-latency	31584	289292	0.10917688702072646	1	821	f3f4d5fb39ff9fde7dcf6d88e4f52bcc4c277ed98626ccca0b17c4ddbb20b035				
447	graph-id-parameter-wrapped-contains-target-10-dense	graph-id	graph-id-parameter-wrapped-contains	success	1	successful-latency	113125	457209	0.24742513817532025	200	86914	eec30bd784e53b80ccd384559e9d1f853b8152ad8db90ad1f27d391bf03fc0d8				
448	graph-id-parameter-wrapped-contains-target-11-zero	graph-id	graph-id-parameter-wrapped-contains	success	1	successful-latency	29958	288792	0.10373556054184327	0	147	805c8c7334c868e18e2be84be95b83cc60895722d739c2b164a68be4cd410c49				
449	graph-id-parameter-wrapped-contains-target-11-targeted	graph-id	graph-id-parameter-wrapped-contains	success	1	successful-latency	45042	286333	0.15730635309237845	1	758	f8ea31527e372a7d8e0f896bc894b97d788067aa20d0af371a4239382f72a4d1				
450	graph-id-parameter-wrapped-contains-target-11-dense	graph-id	graph-id-parameter-wrapped-contains	success	1	successful-latency	98833	448000	0.220609375	200	84862	36598e3ab73085dce50e849dda8b6a32b1088eab3f02f052e9536f16613b5d4b				
451	graph-id-parameter-wrapped-contains-target-12-zero	graph-id	graph-id-parameter-wrapped-contains	success	1	successful-latency	31792	285500	0.11135551663747811	0	147	805c8c7334c868e18e2be84be95b83cc60895722d739c2b164a68be4cd410c49				
452	graph-id-parameter-wrapped-contains-target-12-targeted	graph-id	graph-id-parameter-wrapped-contains	success	1	successful-latency	30375	303833	0.09997268236169211	2	1348	569ba2c2d8626f5c6804b713aa9f9bd5155648246e0bb082ab37cf407a3ccee9				
453	graph-id-parameter-wrapped-contains-target-12-dense	graph-id	graph-id-parameter-wrapped-contains	success	1	successful-latency	106792	483625	0.2208157146549496	200	85894	f22afa8ccaad259750ce50e850502822308b2565f707f284de32cd44d5ef328a				
454	graph-id-parameter-wrapped-contains-target-13-zero	graph-id	graph-id-parameter-wrapped-contains	success	1	successful-latency	25833	297875	0.08672429710449014	0	147	805c8c7334c868e18e2be84be95b83cc60895722d739c2b164a68be4cd410c49				
455	graph-id-parameter-wrapped-contains-target-13-targeted	graph-id	graph-id-parameter-wrapped-contains	success	1	successful-latency	36666	297500	0.12324705882352942	5	2824	ebb699b5b0554cc639408add00ca9d9aae37f3553c5e6ea606cb7e66e171933f				
456	graph-id-parameter-wrapped-contains-target-13-dense	graph-id	graph-id-parameter-wrapped-contains	success	1	successful-latency	105667	498542	0.21195205218416904	200	86344	2e714969993f2a86ba5c715dc52b2c7d6dbaed9b2320da2399ecdf29ec9f1e4e				
457	graph-id-parameter-wrapped-contains-target-14-zero	graph-id	graph-id-parameter-wrapped-contains	success	1	successful-latency	32500	308042	0.10550509346128126	0	147	805c8c7334c868e18e2be84be95b83cc60895722d739c2b164a68be4cd410c49				
458	graph-id-parameter-wrapped-contains-target-14-targeted	graph-id	graph-id-parameter-wrapped-contains	success	1	successful-latency	31042	296083	0.10484222329549485	3	1887	cfce92c06f8a0a93444f0ec3592aad57c255799cc7a1286e673f5c8cc3173d20				
459	graph-id-parameter-wrapped-contains-target-14-dense	graph-id	graph-id-parameter-wrapped-contains	success	1	successful-latency	98334	477959	0.2057373121962344	200	88102	f384f54b9e0494c603dd9e83eb2ca0ad0386a359a2e1d6a356e225c072977e41				
460	graph-id-parameter-wrapped-contains-target-15-zero	graph-id	graph-id-parameter-wrapped-contains	success	1	successful-latency	31250	300542	0.10397881161368461	0	147	805c8c7334c868e18e2be84be95b83cc60895722d739c2b164a68be4cd410c49				
461	graph-id-parameter-wrapped-contains-target-15-targeted	graph-id	graph-id-parameter-wrapped-contains	success	1	successful-latency	27334	294209	0.09290674316557278	1	765	ae20f86c5a0d43140079bdbb52041ad145178823d6189b8171bbe58dc0d82dcc				
462	graph-id-parameter-wrapped-contains-target-15-dense	graph-id	graph-id-parameter-wrapped-contains	success	1	successful-latency	107083	467584	0.2290133965234054	200	82358	6db1e45464dd1e42fc627a3ee68393b586d132e4817f87f1da72cb180e7925bb				
463	graph-id-parameter-wrapped-contains-target-16-zero	graph-id	graph-id-parameter-wrapped-contains	success	1	successful-latency	27250	290333	0.09385774266101339	0	147	805c8c7334c868e18e2be84be95b83cc60895722d739c2b164a68be4cd410c49				
464	graph-id-parameter-wrapped-contains-target-16-targeted	graph-id	graph-id-parameter-wrapped-contains	success	1	successful-latency	33416	289916	0.11526097214365541	1	771	41ad9b5110585bc89df35b9d0a0c6bd66daaf6c239b4212552d078b2f2a28c34				
465	graph-id-parameter-wrapped-contains-target-16-dense	graph-id	graph-id-parameter-wrapped-contains	success	1	successful-latency	221041	460292	0.4802190783241942	200	94237	51b180cd96740a311cc61165baa84cc05517b2f28ac6c70debc25f8e14514414				
466	graph-id-parameter-wrapped-contains-target-17-zero	graph-id	graph-id-parameter-wrapped-contains	success	1	successful-latency	37542	298417	0.12580382484912053	0	147	805c8c7334c868e18e2be84be95b83cc60895722d739c2b164a68be4cd410c49				
467	graph-id-parameter-wrapped-contains-target-17-targeted	graph-id	graph-id-parameter-wrapped-contains	success	1	successful-latency	33417	302375	0.11051508887970235	5	2976	7d286938fe2f40cd4cb86cd26be11c3221bfff86202fa9b705bdc1c77967743f				
468	graph-id-parameter-wrapped-contains-target-17-dense	graph-id	graph-id-parameter-wrapped-contains	success	1	successful-latency	109875	470417	0.23356936505270856	200	92381	87c915d88746be4a40b85e67e7de71966365a455358cc138185e5c1f5bcf1251				
469	graph-id-parameter-wrapped-contains-target-18-zero	graph-id	graph-id-parameter-wrapped-contains	success	1	successful-latency	30584	292833	0.10444178081022289	0	147	805c8c7334c868e18e2be84be95b83cc60895722d739c2b164a68be4cd410c49				
470	graph-id-parameter-wrapped-contains-target-18-targeted	graph-id	graph-id-parameter-wrapped-contains	success	1	successful-latency	34583	302792	0.11421371766757378	12	6781	abf0682228739bdef1eb0d4b5b1449d7697f9412e644bd07a974f6e04213652e				
471	graph-id-parameter-wrapped-contains-target-18-dense	graph-id	graph-id-parameter-wrapped-contains	success	1	successful-latency	103208	483084	0.21364400394134353	200	95198	7d65fbc43e0cf8a1d4323c709e6963c32bdea3f389f5b683f619eee1fd79dc90				
472	graph-id-parameter-wrapped-contains-target-19-zero	graph-id	graph-id-parameter-wrapped-contains	success	1	successful-latency	28917	290542	0.09952777911627235	0	147	805c8c7334c868e18e2be84be95b83cc60895722d739c2b164a68be4cd410c49				
473	graph-id-parameter-wrapped-contains-target-19-targeted	graph-id	graph-id-parameter-wrapped-contains	success	1	successful-latency	30500	298625	0.10213478442863122	11	6327	72232d5a8299b69c619beb4cebd0967a4ca8f1378844d7914f795f7c5126cc48				
474	graph-id-parameter-wrapped-contains-target-19-dense	graph-id	graph-id-parameter-wrapped-contains	success	1	successful-latency	101250	468375	0.21617293835068055	200	96673	6ab8193cda24a8f589b0e7412ffcc3549afc3180a092c899437bb3ef2f8324ef				
475	graph-id-parameter-wrapped-contains-target-20-zero	graph-id	graph-id-parameter-wrapped-contains	success	1	successful-latency	25750	283750	0.0907488986784141	0	147	805c8c7334c868e18e2be84be95b83cc60895722d739c2b164a68be4cd410c49				
476	graph-id-parameter-wrapped-contains-target-20-targeted	graph-id	graph-id-parameter-wrapped-contains	success	1	successful-latency	28375	286875	0.09891067538126362	1	763	7811e1c0f64fb9174b112349d7a5f89fec8a71f59a6b66db3b1e97241f5dc93c				
477	graph-id-parameter-wrapped-contains-target-20-dense	graph-id	graph-id-parameter-wrapped-contains	success	1	successful-latency	100333	452250	0.221852957435047	200	91604	a93cd6116bda146e01916f4ab7d54aa664da5b5c2287de109c82d6c48fcd38f8				
478	graph-id-parameter-wrapped-contains-target-21-zero	graph-id	graph-id-parameter-wrapped-contains	success	1	successful-latency	26375	292208	0.09026104692547775	0	147	805c8c7334c868e18e2be84be95b83cc60895722d739c2b164a68be4cd410c49				
479	graph-id-parameter-wrapped-contains-target-21-targeted	graph-id	graph-id-parameter-wrapped-contains	success	1	successful-latency	27709	298917	0.09269797301592081	1	765	1cf450577b12b3b6a7c19f53479709a92a169add0c4f9defecbc55254bf8d5b3				
480	graph-id-parameter-wrapped-contains-target-21-dense	graph-id	graph-id-parameter-wrapped-contains	success	1	successful-latency	98958	459875	0.21518456102201686	200	96334	eb6b03599a26f520b43896ee6af6cb6d2a3ec0783b66a0bcb29642b029a4b6eb				
481	graph-id-parameter-wrapped-contains-target-22-zero	graph-id	graph-id-parameter-wrapped-contains	success	1	successful-latency	32291	304750	0.10595898277276457	0	147	805c8c7334c868e18e2be84be95b83cc60895722d739c2b164a68be4cd410c49				
482	graph-id-parameter-wrapped-contains-target-22-targeted	graph-id	graph-id-parameter-wrapped-contains	success	1	successful-latency	32583	303042	0.10751974973766013	11	6331	43d88524d9da26840d520d8260a6801a2d864c2023e9806c3df4a5e673a5fd66				
483	graph-id-parameter-wrapped-contains-target-22-dense	graph-id	graph-id-parameter-wrapped-contains	success	1	successful-latency	105041	473000	0.2220739957716702	200	98397	b1cc908cf8cd6a2354b320afca9ad225990c59be93a53ddc3912afb3b0d46d7b				
484	graph-id-parameter-wrapped-contains-target-23-zero	graph-id	graph-id-parameter-wrapped-contains	success	1	successful-latency	27000	291292	0.09269049613446301	0	147	805c8c7334c868e18e2be84be95b83cc60895722d739c2b164a68be4cd410c49				
485	graph-id-parameter-wrapped-contains-target-23-targeted	graph-id	graph-id-parameter-wrapped-contains	success	1	successful-latency	32750	347333	0.09428991774464275	11	6135	718b52d4d32659cb9b39b84bdb87d6226a9be4436e73fa316936d1333dfa50c0				
486	graph-id-parameter-wrapped-contains-target-23-dense	graph-id	graph-id-parameter-wrapped-contains	success	1	successful-latency	95792	470500	0.203596174282678	200	95056	d5aa9163a912371065002f30549de9cefea57af859f009a275e381b0a849633e				
487	graph-id-parameter-wrapped-contains-target-24-zero	graph-id	graph-id-parameter-wrapped-contains	success	1	successful-latency	29041	290583	0.09994046451444166	0	147	805c8c7334c868e18e2be84be95b83cc60895722d739c2b164a68be4cd410c49				
488	graph-id-parameter-wrapped-contains-target-24-targeted	graph-id	graph-id-parameter-wrapped-contains	success	1	successful-latency	27333	298167	0.09167010433750214	1	754	033650595463ffba6f1f515fc8a38ba023fdd37a0e2442442be40f2d8baee0b4				
489	graph-id-parameter-wrapped-contains-target-24-dense	graph-id	graph-id-parameter-wrapped-contains	success	1	successful-latency	213000	456041	0.4670632684341978	200	96144	13cc3d04be15c5d98101b6676211e0260c08571becd6cbc7be1dcfad1b7efce8				
490	graph-id-parameter-wrapped-contains-target-25-zero	graph-id	graph-id-parameter-wrapped-contains	success	1	successful-latency	26000	302667	0.08590298909362434	0	147	805c8c7334c868e18e2be84be95b83cc60895722d739c2b164a68be4cd410c49				
491	graph-id-parameter-wrapped-contains-target-25-targeted	graph-id	graph-id-parameter-wrapped-contains	success	1	successful-latency	34000	315958	0.10760923920267884	17	9434	57a7fb26e2c1557848eddaabb17076d92c9b2ef2e0ff6b92be3de4374fe1fa9b				
492	graph-id-parameter-wrapped-contains-target-25-dense	graph-id	graph-id-parameter-wrapped-contains	success	1	successful-latency	106667	468167	0.22783963841962376	200	90260	d606d19bfcb83b224b953bd70176bc52dc06d427ef6ab3d0cc311bc6ed6fc260				
493	graph-id-parameter-wrapped-contains-target-26-zero	graph-id	graph-id-parameter-wrapped-contains	success	1	successful-latency	27875	298500	0.09338358458961474	0	147	805c8c7334c868e18e2be84be95b83cc60895722d739c2b164a68be4cd410c49				
494	graph-id-parameter-wrapped-contains-target-26-targeted	graph-id	graph-id-parameter-wrapped-contains	success	1	successful-latency	26458	299208	0.08842678003261945	1	791	550bd45f802381cb65ea30928a856fc0c2bc207cbfc2a147aad4312130548c9a				
495	graph-id-parameter-wrapped-contains-target-26-dense	graph-id	graph-id-parameter-wrapped-contains	success	1	successful-latency	109083	453750	0.24040330578512398	200	96089	d0bdae62973cb737c05eda37d83d6fd7dea4520a7f87acdd4ed9a2fba1f97888				
496	graph-id-parameter-wrapped-contains-target-27-zero	graph-id	graph-id-parameter-wrapped-contains	success	1	successful-latency	27500	285416	0.09635059001597668	0	147	805c8c7334c868e18e2be84be95b83cc60895722d739c2b164a68be4cd410c49				
497	graph-id-parameter-wrapped-contains-target-27-targeted	graph-id	graph-id-parameter-wrapped-contains	success	1	successful-latency	36041	298541	0.12072378668256621	14	8030	e1858d468e2cee9daff29f91791894b539cc1c9bfb8d57bb0eaa364a24ec0f04				
498	graph-id-parameter-wrapped-contains-target-27-dense	graph-id	graph-id-parameter-wrapped-contains	success	1	successful-latency	109291	464417	0.23532945607072953	200	95559	bcb492a91a247979acd291eaea381c0db6d952c0baff29193145ae7356b00907				
499	graph-id-parameter-wrapped-contains-target-28-zero	graph-id	graph-id-parameter-wrapped-contains	success	1	successful-latency	27000	282041	0.09573076254870745	0	147	805c8c7334c868e18e2be84be95b83cc60895722d739c2b164a68be4cd410c49				
500	graph-id-parameter-wrapped-contains-target-28-targeted	graph-id	graph-id-parameter-wrapped-contains	success	1	successful-latency	31250	292708	0.10676168741544474	12	6370	8871e0dc77f7df7110f742adaac439b8d2f4e912a3a21e1793fda026e0955f9b				
501	graph-id-parameter-wrapped-contains-target-28-dense	graph-id	graph-id-parameter-wrapped-contains	success	1	successful-latency	103417	468833	0.22058387528181678	200	101142	3ec255435f1804ca883e61ce69218b0c9b6812e5f4d6241be813f3a04980ff78				
502	graph-id-parameter-wrapped-contains-target-29-zero	graph-id	graph-id-parameter-wrapped-contains	success	1	successful-latency	29083	297042	0.09790871324593828	0	147	805c8c7334c868e18e2be84be95b83cc60895722d739c2b164a68be4cd410c49				
503	graph-id-parameter-wrapped-contains-target-29-targeted	graph-id	graph-id-parameter-wrapped-contains	success	1	successful-latency	44625	298417	0.1495390678145012	1	759	7c9cbf2db3468e4d9ec5f9ce37c29746bb3071949804d250165a0310edd3182c				
504	graph-id-parameter-wrapped-contains-target-29-dense	graph-id	graph-id-parameter-wrapped-contains	success	1	successful-latency	108167	463542	0.2333488659064335	200	96005	cb6245f16fc1df4cadc32295db3c94d74d99d6ac24ca00ba686085574c3842f9				
505	graph-id-parameter-wrapped-contains-target-30-zero	graph-id	graph-id-parameter-wrapped-contains	success	1	successful-latency	30625	298791	0.10249639380034874	0	147	805c8c7334c868e18e2be84be95b83cc60895722d739c2b164a68be4cd410c49				
506	graph-id-parameter-wrapped-contains-target-30-targeted	graph-id	graph-id-parameter-wrapped-contains	success	1	successful-latency	31542	297709	0.10594909794463721	10	5866	c85815e1257e7d89a547803b839a8fa3d5c32a25ad93fc4df95c67dd0df38386				
507	graph-id-parameter-wrapped-contains-target-30-dense	graph-id	graph-id-parameter-wrapped-contains	success	1	successful-latency	97834	473417	0.206655020837866	200	95471	766b9ef7e8ecf0adce38af75461cc8c431950c6a78cf29871668bb82bbc59681				
508	graph-id-parameter-wrapped-contains-target-31-zero	graph-id	graph-id-parameter-wrapped-contains	success	1	successful-latency	25750	297208	0.08663965976689726	0	147	805c8c7334c868e18e2be84be95b83cc60895722d739c2b164a68be4cd410c49				
509	graph-id-parameter-wrapped-contains-target-31-targeted	graph-id	graph-id-parameter-wrapped-contains	success	1	successful-latency	25500	285834	0.08921261991225676	1	779	5b2641a56fc0d1ce3cad560f98de3ab642d893c5f6c2be5bb57444732d364805				
510	graph-id-parameter-wrapped-contains-target-31-dense	graph-id	graph-id-parameter-wrapped-contains	success	1	successful-latency	99833	451042	0.22133858931097325	200	90493	6cea2d1b1fba9817e31904018fa5ce3734b41bb641feab5c7c6849206b05e3c1				
511	graph-id-parameter-wrapped-contains-target-32-zero	graph-id	graph-id-parameter-wrapped-contains	success	1	successful-latency	51542	291209	0.17699315611811448	0	147	805c8c7334c868e18e2be84be95b83cc60895722d739c2b164a68be4cd410c49				
512	graph-id-parameter-wrapped-contains-target-32-targeted	graph-id	graph-id-parameter-wrapped-contains	success	1	successful-latency	61292	294833	0.2078871768085662	4	2862	72e96499d86d64ae9da267f3b15791817d4250f06a8dfea9d09edd8c3c23a440				
513	graph-id-parameter-wrapped-contains-target-32-dense	graph-id	graph-id-parameter-wrapped-contains	success	1	successful-latency	119083	448875	0.265292119186856	200	92864	0ad6a5ae10cb27d8dd28af205e0df8ebd79b3e1ca0079c8c876100ee108fc38d				
514	graph-id-parameter-wrapped-contains-target-33-zero	graph-id	graph-id-parameter-wrapped-contains	success	1	successful-latency	31333	299542	0.10460302728832685	0	147	805c8c7334c868e18e2be84be95b83cc60895722d739c2b164a68be4cd410c49				
515	graph-id-parameter-wrapped-contains-target-33-targeted	graph-id	graph-id-parameter-wrapped-contains	success	1	successful-latency	66375	292792	0.22669676767124786	4	2862	5436abb5d5a82ddf1b71cf6459ce0de5fe56d25b825b58b20bbe8cace9e3cde7				
516	graph-id-parameter-wrapped-contains-target-33-dense	graph-id	graph-id-parameter-wrapped-contains	success	1	successful-latency	95792	472916	0.20255605646668753	200	92578	e10f119cab32a77f2d8107211e2addcc69d3ab151ee08f60199ff7a8db9b6a1c				
517	graph-id-parameter-wrapped-contains-target-34-zero	graph-id	graph-id-parameter-wrapped-contains	success	1	successful-latency	27084	312459	0.08668017243862394	0	147	805c8c7334c868e18e2be84be95b83cc60895722d739c2b164a68be4cd410c49				
518	graph-id-parameter-wrapped-contains-target-34-targeted	graph-id	graph-id-parameter-wrapped-contains	success	1	successful-latency	27250	294250	0.09260832625318606	4	2883	e83a01bd4b4e8f51ba0c51a53e73f87ec8dd6170bd60b37ef57b4eb9aba8bcc7				
519	graph-id-parameter-wrapped-contains-target-34-dense	graph-id	graph-id-parameter-wrapped-contains	success	1	successful-latency	98500	482834	0.2040038605400614	200	94183	b06f89a813919b2f4278637c18773fe7508c48351caa08a76cefe1f54c9b7715				
520	graph-id-parameter-wrapped-contains-target-35-zero	graph-id	graph-id-parameter-wrapped-contains	success	1	successful-latency	24250	294541	0.08233149205034274	0	147	805c8c7334c868e18e2be84be95b83cc60895722d739c2b164a68be4cd410c49				
521	graph-id-parameter-wrapped-contains-target-35-targeted	graph-id	graph-id-parameter-wrapped-contains	success	1	successful-latency	25750	294083	0.08756031460506047	1	771	134378d176ef9559b3b9b40557762648c5aa55be889ba8cb2e7f752130b85ab7				
522	graph-id-parameter-wrapped-contains-target-35-dense	graph-id	graph-id-parameter-wrapped-contains	success	1	successful-latency	98208	458667	0.21411612346211958	200	91613	71eca3baa7c5adda9a19daaba5b66d08f4d30beebcfc1f6f8f3125a009484e93				
523	graph-id-parameter-wrapped-contains-target-36-zero	graph-id	graph-id-parameter-wrapped-contains	success	1	successful-latency	25292	289375	0.08740215982721382	0	147	805c8c7334c868e18e2be84be95b83cc60895722d739c2b164a68be4cd410c49				
524	graph-id-parameter-wrapped-contains-target-36-targeted	graph-id	graph-id-parameter-wrapped-contains	success	1	successful-latency	27500	291625	0.09429918559794256	1	795	6f5022183da52ea8cb963f17c4b86a6270dc9bfe0ca358e5ec7d6bdf4c95879f				
525	graph-id-parameter-wrapped-contains-target-36-dense	graph-id	graph-id-parameter-wrapped-contains	success	1	successful-latency	102958	449792	0.22890135885031304	200	91716	5d2df55fe9df550bd17a462dbec1bd958f7c0d5940c160537976ecc80d5cb22f				
526	graph-id-parameter-wrapped-contains-target-37-zero	graph-id	graph-id-parameter-wrapped-contains	success	1	successful-latency	21500	291167	0.07384078552857982	0	147	805c8c7334c868e18e2be84be95b83cc60895722d739c2b164a68be4cd410c49				
527	graph-id-parameter-wrapped-contains-target-37-targeted	graph-id	graph-id-parameter-wrapped-contains	success	1	successful-latency	49333	339792	0.14518587841973912	51	31472	b9433fbd59011f3771f14c8abacb0cbca913b3ccb9b85649a8f98d4c6f628703				
528	graph-id-parameter-wrapped-contains-target-37-dense	graph-id	graph-id-parameter-wrapped-contains	success	1	successful-latency	101292	467000	0.21689935760171306	200	91795	dbb6e258143695218279e10cbea2bf21ad0c5b1330a8fc3e3470b176ae0b6f42				
529	graph-id-parameter-wrapped-contains-target-38-zero	graph-id	graph-id-parameter-wrapped-contains	success	1	successful-latency	24542	290375	0.08451829530779165	0	147	805c8c7334c868e18e2be84be95b83cc60895722d739c2b164a68be4cd410c49				
530	graph-id-parameter-wrapped-contains-target-38-targeted	graph-id	graph-id-parameter-wrapped-contains	success	1	successful-latency	27750	318833	0.08703615999598537	1	801	6e224732564976ab3ad1b488a2dcb0c2a2f84050ab25d529f41b87f4de3c406c				
531	graph-id-parameter-wrapped-contains-target-38-dense	graph-id	graph-id-parameter-wrapped-contains	success	1	successful-latency	96750	524458	0.18447616396355856	200	92968	77adda61bf8a66745500e9e1b739302ae425b75af5d5199095bd9c0f56151e04				
532	graph-id-parameter-wrapped-contains-target-39-zero	graph-id	graph-id-parameter-wrapped-contains	success	1	successful-latency	26667	293875	0.0907426626967248	0	147	805c8c7334c868e18e2be84be95b83cc60895722d739c2b164a68be4cd410c49				
533	graph-id-parameter-wrapped-contains-target-39-targeted	graph-id	graph-id-parameter-wrapped-contains	success	1	successful-latency	26250	296959	0.08839604120434134	4	2855	db8e5b7500b38c30ff9ca554407e1c3f066cc32ce80520e31c63fe8f4f34048e				
534	graph-id-parameter-wrapped-contains-target-39-dense	graph-id	graph-id-parameter-wrapped-contains	success	1	successful-latency	157125	446667	0.3517721255431899	200	91298	153dc7ab9d3d22961d16bfae52d0b5cd4c7d97177e0e57e7c086294f37d00f0f				
535	graph-id-parameter-wrapped-contains-target-40-zero	graph-id	graph-id-parameter-wrapped-contains	success	1	successful-latency	25125	295084	0.08514524677718886	0	147	805c8c7334c868e18e2be84be95b83cc60895722d739c2b164a68be4cd410c49				
536	graph-id-parameter-wrapped-contains-target-40-targeted	graph-id	graph-id-parameter-wrapped-contains	success	1	successful-latency	25875	296792	0.08718226906385616	4	2911	6520445594f6fc1d080f2e441beea159540f21b52c555b515dbd7ba1fee2a37f				
537	graph-id-parameter-wrapped-contains-target-40-dense	graph-id	graph-id-parameter-wrapped-contains	success	1	successful-latency	102875	462292	0.2225325119188738	200	95189	6547ed796970ad3186785ae6dc7d6b1328d226d1878e5144fdb98c21fcba06f9				
538	graph-id-parameter-wrapped-contains-target-41-zero	graph-id	graph-id-parameter-wrapped-contains	success	1	successful-latency	26500	309667	0.08557579593563408	0	147	805c8c7334c868e18e2be84be95b83cc60895722d739c2b164a68be4cd410c49				
539	graph-id-parameter-wrapped-contains-target-41-targeted	graph-id	graph-id-parameter-wrapped-contains	success	1	successful-latency	25500	292875	0.08706786171574904	4	2883	42fd2fd2ff37d34c0cfb2146cde4be9387147a4cc07443bd58969c3f1e25556e				
540	graph-id-parameter-wrapped-contains-target-41-dense	graph-id	graph-id-parameter-wrapped-contains	success	1	successful-latency	101708	470250	0.2162849548112706	200	92146	1d23f5a918b6a408d8eae300e7aa799801aecc62fcc85667af567e3c95156cb9				
541	graph-id-parameter-wrapped-contains-target-42-zero	graph-id	graph-id-parameter-wrapped-contains	success	1	successful-latency	34375	293125	0.11727078891257996	0	147	805c8c7334c868e18e2be84be95b83cc60895722d739c2b164a68be4cd410c49				
542	graph-id-parameter-wrapped-contains-target-42-targeted	graph-id	graph-id-parameter-wrapped-contains	success	1	successful-latency	57792	358000	0.16143016759776535	63	39077	2d20a012ee335ff72d99f67135e1ac36defbca676c07a298d3df15c7c1e33f7d				
543	graph-id-parameter-wrapped-contains-target-42-dense	graph-id	graph-id-parameter-wrapped-contains	success	1	successful-latency	101792	464709	0.21904460640960258	200	93248	bd7a2cfc84011237aca413f8fd4b6ee9130043dc1530bc214cc965d935dc3d88				
544	graph-id-parameter-wrapped-contains-target-43-zero	graph-id	graph-id-parameter-wrapped-contains	success	1	successful-latency	27541	290334	0.09485971329572147	0	147	805c8c7334c868e18e2be84be95b83cc60895722d739c2b164a68be4cd410c49				
545	graph-id-parameter-wrapped-contains-target-43-targeted	graph-id	graph-id-parameter-wrapped-contains	success	1	successful-latency	25208	294625	0.08555960967331354	4	2743	a7aaae25732eb3fc39e7e9697120f6a4534e52262fb153e4201e51d7b31e4606				
546	graph-id-parameter-wrapped-contains-target-43-dense	graph-id	graph-id-parameter-wrapped-contains	success	1	successful-latency	90167	460375	0.19585555253869127	200	94063	f5c81d8aabcfe449e1a20e1133f0ce5a6c25cde54cfb7e82531ff93f87b6f89e				
547	graph-id-parameter-wrapped-contains-target-44-zero	graph-id	graph-id-parameter-wrapped-contains	success	1	successful-latency	31708	282583	0.11220774073458063	0	147	805c8c7334c868e18e2be84be95b83cc60895722d739c2b164a68be4cd410c49				
548	graph-id-parameter-wrapped-contains-target-44-targeted	graph-id	graph-id-parameter-wrapped-contains	success	1	successful-latency	27125	287791	0.09425242623987547	4	2890	b8c7750587d3cb95373de074cba017cf14e5d85811bfc8cc2b49fa06615dc14f				
549	graph-id-parameter-wrapped-contains-target-44-dense	graph-id	graph-id-parameter-wrapped-contains	success	1	successful-latency	111000	453000	0.24503311258278146	200	90517	901cb7ad5a7cef604f7264d87d81f85a7b3e521b0175839dd61f15fa140b58cf				
550	graph-id-parameter-wrapped-contains-target-45-zero	graph-id	graph-id-parameter-wrapped-contains	success	1	successful-latency	24583	290333	0.08467173900314466	0	147	805c8c7334c868e18e2be84be95b83cc60895722d739c2b164a68be4cd410c49				
551	graph-id-parameter-wrapped-contains-target-45-targeted	graph-id	graph-id-parameter-wrapped-contains	success	1	successful-latency	27042	286250	0.09446986899563319	1	807	7a2ea6e6b7c61f333c01be975226570ddf428683fdf6c4eb419e09457718acf9				
552	graph-id-parameter-wrapped-contains-target-45-dense	graph-id	graph-id-parameter-wrapped-contains	success	1	successful-latency	105875	489959	0.21608950953038927	200	92534	8ce2fca3adf975e2913f1d7a0f91465f04ef5e5cdbaaa1f51ca68901be616480				
553	graph-id-parameter-wrapped-contains-target-46-zero	graph-id	graph-id-parameter-wrapped-contains	success	1	successful-latency	25166	289166	0.08702959545728059	0	147	805c8c7334c868e18e2be84be95b83cc60895722d739c2b164a68be4cd410c49				
554	graph-id-parameter-wrapped-contains-target-46-targeted	graph-id	graph-id-parameter-wrapped-contains	success	1	successful-latency	45833	339916	0.1348362536626696	45	27605	5de372ca8e19ec486456452fc7bd2d9f18c4d7b0beb5e238b24073911e1d2e3a				
555	graph-id-parameter-wrapped-contains-target-46-dense	graph-id	graph-id-parameter-wrapped-contains	success	1	successful-latency	104417	472875	0.2208131112873381	200	96641	3ad39c9167b00424c5957087068cab90d47268c9063b8d9e565113275edd98c8				
556	graph-id-parameter-wrapped-contains-target-47-zero	graph-id	graph-id-parameter-wrapped-contains	success	1	successful-latency	26792	309375	0.08660040404040405	0	147	805c8c7334c868e18e2be84be95b83cc60895722d739c2b164a68be4cd410c49				
557	graph-id-parameter-wrapped-contains-target-47-targeted	graph-id	graph-id-parameter-wrapped-contains	success	1	successful-latency	55916	356458	0.1568656054850782	66	40159	fcfc173325ae104971344d6daea93c8089a472f712f938cfbd16c519ba82c551				
558	graph-id-parameter-wrapped-contains-target-47-dense	graph-id	graph-id-parameter-wrapped-contains	success	1	successful-latency	214708	475083	0.45193787190869805	200	97359	d162ad37d2e7b659e55cddb63b7d42e922fbd2396ae9679f7648226751bb7a13				
559	graph-id-parameter-wrapped-contains-target-48-zero	graph-id	graph-id-parameter-wrapped-contains	success	1	successful-latency	52625	307333	0.17123120523991892	0	147	805c8c7334c868e18e2be84be95b83cc60895722d739c2b164a68be4cd410c49				
560	graph-id-parameter-wrapped-contains-target-48-targeted	graph-id	graph-id-parameter-wrapped-contains	success	1	successful-latency	38417	306625	0.12528984916428862	10	6351	274597a5e0e535d6581734920f9ffbc39062a84a13ad9d85823a8f12df219dfd				
561	graph-id-parameter-wrapped-contains-target-48-dense	graph-id	graph-id-parameter-wrapped-contains	success	1	successful-latency	92375	491584	0.18791295078765785	200	97301	4abd067ea3c7496241f2623586a132809a81e33bd08c7645b717be3ee7ee2542				
562	graph-id-parameter-wrapped-contains-target-49-zero	graph-id	graph-id-parameter-wrapped-contains	success	1	successful-latency	29042	312833	0.09283547451835324	0	147	805c8c7334c868e18e2be84be95b83cc60895722d739c2b164a68be4cd410c49				
563	graph-id-parameter-wrapped-contains-target-49-targeted	graph-id	graph-id-parameter-wrapped-contains	success	1	successful-latency	25333	321125	0.0788882833787466	4	2598	d72c68d3fe0e8e0257e28136dfcba3f279a31d304b51dc9611dfa7b0f16169a8				
564	graph-id-parameter-wrapped-contains-target-49-dense	graph-id	graph-id-parameter-wrapped-contains	success	1	successful-latency	91458	476958	0.1917527329450392	200	95854	6848b85ce01299f2ea05bcca3edaa8c69792c61113aeaea43a401f01793bb61d				
565	graph-id-parameter-wrapped-contains-target-50-zero	graph-id	graph-id-parameter-wrapped-contains	success	1	successful-latency	26125	295667	0.0883595396172045	0	147	805c8c7334c868e18e2be84be95b83cc60895722d739c2b164a68be4cd410c49				
566	graph-id-parameter-wrapped-contains-target-50-targeted	graph-id	graph-id-parameter-wrapped-contains	success	1	successful-latency	25083	300625	0.08343617463617464	1	791	85dd6bfd8cfa28628294c822275e5bb7a279ea8142c47ff362a55c060e68da37				
567	graph-id-parameter-wrapped-contains-target-50-dense	graph-id	graph-id-parameter-wrapped-contains	success	1	successful-latency	93250	462917	0.20143999896309706	200	91564	fbf180fab82c32493738bb60bb29955d3f45810bb23806d614f71964200069bc				
568	graph-id-parameter-wrapped-contains-target-51-zero	graph-id	graph-id-parameter-wrapped-contains	success	1	successful-latency	24500	321208	0.0762745635227018	0	147	805c8c7334c868e18e2be84be95b83cc60895722d739c2b164a68be4cd410c49				
569	graph-id-parameter-wrapped-contains-target-51-targeted	graph-id	graph-id-parameter-wrapped-contains	success	1	successful-latency	22375	290166	0.07711103299490636	1	798	64ae9673d519a121b865dc50f576291bddc3c4c81c474d10cfb9d0da1dce7c60				
570	graph-id-parameter-wrapped-contains-target-51-dense	graph-id	graph-id-parameter-wrapped-contains	success	1	successful-latency	102042	454000	0.22476211453744493	200	94730	d508f1cb1d0c5646118a68e8a87c49c66a454661e438e3f033289c173598f51f				
571	graph-id-parameter-wrapped-contains-target-52-zero	graph-id	graph-id-parameter-wrapped-contains	success	1	successful-latency	24333	306666	0.07934691162372091	0	147	805c8c7334c868e18e2be84be95b83cc60895722d739c2b164a68be4cd410c49				
572	graph-id-parameter-wrapped-contains-target-52-targeted	graph-id	graph-id-parameter-wrapped-contains	success	1	successful-latency	25292	293042	0.08630844725329474	1	792	6691abe0a1f608719107bf4ffc3fa52632123ab77cb7c2c3c6536cd32de533b1				
573	graph-id-parameter-wrapped-contains-target-52-dense	graph-id	graph-id-parameter-wrapped-contains	success	1	successful-latency	92834	450375	0.20612600610602275	200	96891	db4b9bfadbbb61a039e76484090eda57349ec9585a7c795f46793352fb739e7c				
574	graph-id-parameter-wrapped-contains-target-53-zero	graph-id	graph-id-parameter-wrapped-contains	success	1	successful-latency	25125	294417	0.08533814283821926	0	147	805c8c7334c868e18e2be84be95b83cc60895722d739c2b164a68be4cd410c49				
575	graph-id-parameter-wrapped-contains-target-53-targeted	graph-id	graph-id-parameter-wrapped-contains	success	1	successful-latency	24125	297292	0.0811491732034498	6	3910	d987ccd9722d9cd5492fcbb62423f1a89bb41e05ea0e3fb44e7cc793b9656b12				
576	graph-id-parameter-wrapped-contains-target-53-dense	graph-id	graph-id-parameter-wrapped-contains	success	1	successful-latency	90750	444208	0.20429618557072363	200	94720	c9e7b59e830a820a47234ca1fd54046d1c260db318e05adc24dc748ca7fe29c0				
577	graph-id-parameter-wrapped-contains-target-54-zero	graph-id	graph-id-parameter-wrapped-contains	success	1	successful-latency	26125	297708	0.08775377215257904	0	147	805c8c7334c868e18e2be84be95b83cc60895722d739c2b164a68be4cd410c49				
578	graph-id-parameter-wrapped-contains-target-54-targeted	graph-id	graph-id-parameter-wrapped-contains	success	1	successful-latency	22208	292792	0.07584906691439657	3	1869	5157205e66d4cebff8b628175c555fdb333564013eabc5f496e37f9a4ad2b606				
579	graph-id-parameter-wrapped-contains-target-54-dense	graph-id	graph-id-parameter-wrapped-contains	success	1	successful-latency	92833	449458	0.20654432672240788	200	92798	60b390f0b190e46f6fd1b4929641c7324c9142e0f18a85bc338e7b41ebe62db5				
580	graph-id-parameter-wrapped-contains-target-55-zero	graph-id	graph-id-parameter-wrapped-contains	success	1	successful-latency	24875	290667	0.08557903029927717	0	147	805c8c7334c868e18e2be84be95b83cc60895722d739c2b164a68be4cd410c49				
581	graph-id-parameter-wrapped-contains-target-55-targeted	graph-id	graph-id-parameter-wrapped-contains	success	1	successful-latency	25458	302625	0.08412391573729863	10	6054	f5c10be5db49f33f0b8307328bfb058b342da4d9241c33217038447620028ab5				
582	graph-id-parameter-wrapped-contains-target-55-dense	graph-id	graph-id-parameter-wrapped-contains	success	1	successful-latency	205125	454875	0.45094806265457543	200	96112	0f6d4800cdd86ccdf20aab2fe6bd2924f66d70c9fcca46057385e09ba151a798				
583	graph-id-parameter-wrapped-contains-target-56-zero	graph-id	graph-id-parameter-wrapped-contains	success	1	successful-latency	23833	291125	0.08186517818806355	0	147	805c8c7334c868e18e2be84be95b83cc60895722d739c2b164a68be4cd410c49				
584	graph-id-parameter-wrapped-contains-target-56-targeted	graph-id	graph-id-parameter-wrapped-contains	success	1	successful-latency	25208	340333	0.07406863278024758	1	802	7ebbe5301915ad5c39692b733c3f39851576d09270c89f830b9e80b342a866f6				
585	graph-id-parameter-wrapped-contains-target-56-dense	graph-id	graph-id-parameter-wrapped-contains	success	1	successful-latency	90542	463500	0.19534412081984898	200	93704	b778fc4edfb3c1031b90b2d3d121fd31958733afdc68d3f1cde538a17b738328				
586	graph-id-parameter-wrapped-contains-target-57-zero	graph-id	graph-id-parameter-wrapped-contains	success	1	successful-latency	26416	290250	0.09101119724375538	0	147	805c8c7334c868e18e2be84be95b83cc60895722d739c2b164a68be4cd410c49				
587	graph-id-parameter-wrapped-contains-target-57-targeted	graph-id	graph-id-parameter-wrapped-contains	success	1	successful-latency	25750	296667	0.08679765528353339	1	765	0812dc51126311be5cac082c5d39676905cd9a0811e6a08f17ec6343dc843471				
588	graph-id-parameter-wrapped-contains-target-57-dense	graph-id	graph-id-parameter-wrapped-contains	success	1	successful-latency	94625	465250	0.20338527673293927	200	99258	415f437224f091ed04a72fa493ee405ec437acfcfdf54dee50789c56e5356f10				
589	graph-id-parameter-wrapped-contains-target-58-zero	graph-id	graph-id-parameter-wrapped-contains	success	1	successful-latency	26125	287542	0.09085629229816862	0	147	805c8c7334c868e18e2be84be95b83cc60895722d739c2b164a68be4cd410c49				
590	graph-id-parameter-wrapped-contains-target-58-targeted	graph-id	graph-id-parameter-wrapped-contains	success	1	successful-latency	30125	306834	0.09818012345437598	12	7029	1df616dc12f8aa99df8ef1921ad6c878afdd2d37362d488527ffbb7ddbe7f6e3				
591	graph-id-parameter-wrapped-contains-target-58-dense	graph-id	graph-id-parameter-wrapped-contains	success	1	successful-latency	91750	459667	0.19960101551775525	200	94948	3f3fd3df372307937afdfd0915ce035266497833c5712760faf456eece659c97				
592	graph-id-parameter-wrapped-contains-target-59-zero	graph-id	graph-id-parameter-wrapped-contains	success	1	successful-latency	25500	295291	0.08635549339465137	0	147	805c8c7334c868e18e2be84be95b83cc60895722d739c2b164a68be4cd410c49				
593	graph-id-parameter-wrapped-contains-target-59-targeted	graph-id	graph-id-parameter-wrapped-contains	success	1	successful-latency	27708	322084	0.08602724755032849	11	6729	3d47749a3f582c73a2df58bf3f9b3beed9c001af5d9bd91af1d30abe76d3f524				
594	graph-id-parameter-wrapped-contains-target-59-dense	graph-id	graph-id-parameter-wrapped-contains	success	1	successful-latency	87959	457333	0.1923303151095591	200	89429	54106029dd8c0484e4d4612954bdb30eebd525f910018413d1ee09bf2ea5c8ac				
595	graph-id-parameter-wrapped-contains-target-60-zero	graph-id	graph-id-parameter-wrapped-contains	success	1	successful-latency	25167	303000	0.08305940594059406	0	147	805c8c7334c868e18e2be84be95b83cc60895722d739c2b164a68be4cd410c49				
596	graph-id-parameter-wrapped-contains-target-60-targeted	graph-id	graph-id-parameter-wrapped-contains	success	1	successful-latency	29833	295084	0.10110002575537813	13	7599	88379c6b80e2b23974c6b6a1e2c6fc3f3680ec705c71b7cecbc9a2228bf7fa26				
597	graph-id-parameter-wrapped-contains-target-60-dense	graph-id	graph-id-parameter-wrapped-contains	success	1	successful-latency	90583	458667	0.19749186228789078	200	94040	5d662b90e716477fff887768402c85462026d6042e22f1d7fafdb565b9f9efc8				
598	graph-id-parameter-wrapped-contains-target-61-zero	graph-id	graph-id-parameter-wrapped-contains	success	1	successful-latency	24417	290125	0.08416027574321414	0	147	805c8c7334c868e18e2be84be95b83cc60895722d739c2b164a68be4cd410c49				
599	graph-id-parameter-wrapped-contains-target-61-targeted	graph-id	graph-id-parameter-wrapped-contains	success	1	successful-latency	28667	298833	0.09592983371983684	8	5180	b6f5bd5828bd66e4f09f8198b509f3673986060cf32e2725dff13d9bcb4d6e9b				
600	graph-id-parameter-wrapped-contains-target-61-dense	graph-id	graph-id-parameter-wrapped-contains	success	1	successful-latency	89959	470791	0.1910805431709612	200	93638	00f9fdf9bf9dc94ccc0d67b35cb45c01a8e623cfaedfdb70da1cc1bfa69daf82				
601	graph-id-parameter-wrapped-contains-target-62-zero	graph-id	graph-id-parameter-wrapped-contains	success	1	successful-latency	25792	303084	0.08509852054215993	0	147	805c8c7334c868e18e2be84be95b83cc60895722d739c2b164a68be4cd410c49				
602	graph-id-parameter-wrapped-contains-target-62-targeted	graph-id	graph-id-parameter-wrapped-contains	success	1	successful-latency	25250	292959	0.08618953505439328	1	877	f04b3035acb1285487cb68f126c796fd316b35c6ce630f1e71efd88436bf28f2				
603	graph-id-parameter-wrapped-contains-target-62-dense	graph-id	graph-id-parameter-wrapped-contains	success	1	successful-latency	95500	452417	0.2110884427419836	200	97449	f19574ac46a01dafc16136d9e8c4835b8d40c72753078eb8a67a1d7d438dd937				
604	graph-id-parameter-wrapped-contains-target-63-zero	graph-id	graph-id-parameter-wrapped-contains	success	1	successful-latency	23208	289791	0.08008530285619636	0	147	805c8c7334c868e18e2be84be95b83cc60895722d739c2b164a68be4cd410c49				
605	graph-id-parameter-wrapped-contains-target-63-targeted	graph-id	graph-id-parameter-wrapped-contains	success	1	successful-latency	24833	300666	0.08259330951953331	1	778	1734729b6952d2a8eff267ca86b458aa4fd5e0c703c1fa60dd66478cd3c49356				
606	graph-id-parameter-wrapped-contains-target-63-dense	graph-id	graph-id-parameter-wrapped-contains	success	1	successful-latency	95375	469250	0.20324986680873736	200	91412	082721be4b0e9234c67505fe172c638dcb4ef8924db9c6264a191473dfc4e443				
607	request-selected-source-wrapped-contains-target-00-zero	graph-parameter	request-selected-source-wrapped-contains	success	1	successful-latency	73833	262875	0.280867332382311	0	147	805c8c7334c868e18e2be84be95b83cc60895722d739c2b164a68be4cd410c49				
608	request-selected-source-wrapped-contains-target-00-targeted	graph-parameter	request-selected-source-wrapped-contains	success	1	successful-latency	78166	292583	0.2671583789898935	10	5730	00c81103244dc6d42abdc3894d771e5a24957dcf7e5ad4d8dc686b1d7e0cb89e				
609	request-selected-source-wrapped-contains-target-00-dense	graph-parameter	request-selected-source-wrapped-contains	success	1	successful-latency	162500	439459	0.36977283432584157	200	84411	3bdee68309e62bee93f47848258ded90b1763d55841fa57d8b8fd21867653c44				
610	request-selected-source-wrapped-contains-target-01-zero	graph-parameter	request-selected-source-wrapped-contains	success	1	successful-latency	25792	264208	0.09762005692484708	0	147	805c8c7334c868e18e2be84be95b83cc60895722d739c2b164a68be4cd410c49				
611	request-selected-source-wrapped-contains-target-01-targeted	graph-parameter	request-selected-source-wrapped-contains	success	1	successful-latency	20334	279666	0.07270815901825749	1	758	b33173a678013ac093c95f3fccc5cd5af96ea18082387e1fc872de4817e234b2				
612	request-selected-source-wrapped-contains-target-01-dense	graph-parameter	request-selected-source-wrapped-contains	success	1	successful-latency	85375	420125	0.20321332936626005	200	84093	d9daf98f04e06930dfeb91ddd4e8ae597b8f9154e54ac1018db6a25ea8ddd84f				
613	request-selected-source-wrapped-contains-target-02-zero	graph-parameter	request-selected-source-wrapped-contains	success	1	successful-latency	25375	256833	0.09879960908450239	0	147	805c8c7334c868e18e2be84be95b83cc60895722d739c2b164a68be4cd410c49				
614	request-selected-source-wrapped-contains-target-02-targeted	graph-parameter	request-selected-source-wrapped-contains	success	1	successful-latency	25500	284708	0.08956544951318544	9	5751	0754b66fd035110585cc31e6af555127395a9cd85c413f0a859de6b596c3b70d				
615	request-selected-source-wrapped-contains-target-02-dense	graph-parameter	request-selected-source-wrapped-contains	success	1	successful-latency	81625	421833	0.1935007455557057	200	86930	a289774d080329d12351d967c614eae9b16190b55970a757b1f268e21aee3975				
616	request-selected-source-wrapped-contains-target-03-zero	graph-parameter	request-selected-source-wrapped-contains	success	1	successful-latency	21958	249208	0.08811113607909858	0	147	805c8c7334c868e18e2be84be95b83cc60895722d739c2b164a68be4cd410c49				
617	request-selected-source-wrapped-contains-target-03-targeted	graph-parameter	request-selected-source-wrapped-contains	success	1	successful-latency	24250	278375	0.08711270767849125	2	1333	77f2da9b0b5a99e6332b957b281149f5e269d152177e36aaa74e86db4bc23bf9				
618	request-selected-source-wrapped-contains-target-03-dense	graph-parameter	request-selected-source-wrapped-contains	success	1	successful-latency	84708	418000	0.20265071770334928	200	85151	08fbf5fde8e917175e0dca625983535621218120265897bdd0781fe99669b859				
619	request-selected-source-wrapped-contains-target-04-zero	graph-parameter	request-selected-source-wrapped-contains	success	1	successful-latency	122709	264833	0.46334482485188777	0	147	805c8c7334c868e18e2be84be95b83cc60895722d739c2b164a68be4cd410c49				
620	request-selected-source-wrapped-contains-target-04-targeted	graph-parameter	request-selected-source-wrapped-contains	success	1	successful-latency	57083	288708	0.19771880238857253	9	5762	527d81de9e8ca9f5fe9ad0166e1e1711fbccaf3c53281e7e95375f6d55e3a3c7				
621	request-selected-source-wrapped-contains-target-04-dense	graph-parameter	request-selected-source-wrapped-contains	success	1	successful-latency	292458	424667	0.6886760685431174	200	86152	85d9bac3392391ae56f1f03af81d888f398336c8e33a1ef1e42c5409f746f730				
622	request-selected-source-wrapped-contains-target-05-zero	graph-parameter	request-selected-source-wrapped-contains	success	1	successful-latency	45625	267416	0.17061432375026175	0	147	805c8c7334c868e18e2be84be95b83cc60895722d739c2b164a68be4cd410c49				
623	request-selected-source-wrapped-contains-target-05-targeted	graph-parameter	request-selected-source-wrapped-contains	success	1	successful-latency	54875	283917	0.19327831725469063	9	5751	48fbef6ae3373a73cfbd3690497aae4d0773c2f4ddadb5d217061398978bcac5				
624	request-selected-source-wrapped-contains-target-05-dense	graph-parameter	request-selected-source-wrapped-contains	success	1	successful-latency	97959	432250	0.2266257952573742	200	90860	57ae61ccbdbf1e83a9ab8de2923c4ac26bcc634ed53a2f1c1a3ee3682afe8cd8				
625	request-selected-source-wrapped-contains-target-06-zero	graph-parameter	request-selected-source-wrapped-contains	success	1	successful-latency	37250	259209	0.14370642994649105	0	147	805c8c7334c868e18e2be84be95b83cc60895722d739c2b164a68be4cd410c49				
626	request-selected-source-wrapped-contains-target-06-targeted	graph-parameter	request-selected-source-wrapped-contains	success	1	successful-latency	43750	275584	0.1587537738039944	1	734	2c8962bfda6df26238f145f32f089e1ccdb69cc26ea9c2fde590f543638ba060				
627	request-selected-source-wrapped-contains-target-06-dense	graph-parameter	request-selected-source-wrapped-contains	success	1	successful-latency	95875	425666	0.22523527836378757	200	83941	f7f169fb4cd9a2408b058d9e03502907fe0d9372ba70f2f3749aeaffa464e292				
628	request-selected-source-wrapped-contains-target-07-zero	graph-parameter	request-selected-source-wrapped-contains	success	1	successful-latency	37000	266875	0.13864168618266978	0	147	805c8c7334c868e18e2be84be95b83cc60895722d739c2b164a68be4cd410c49				
629	request-selected-source-wrapped-contains-target-07-targeted	graph-parameter	request-selected-source-wrapped-contains	success	1	successful-latency	38625	279875	0.1380080393032604	1	762	d5674d7adcd2d58f93c5f2849f690003bc45d523850181c23ceaa0aacd7e6709				
630	request-selected-source-wrapped-contains-target-07-dense	graph-parameter	request-selected-source-wrapped-contains	success	1	successful-latency	117708	434625	0.27082657463330456	200	84999	35604ee2a3d19ee64c97fa99f4be154714c60028f948c7a23f75b925d4520a5d				
631	request-selected-source-wrapped-contains-target-08-zero	graph-parameter	request-selected-source-wrapped-contains	success	1	successful-latency	29041	263667	0.11014271789795461	0	147	805c8c7334c868e18e2be84be95b83cc60895722d739c2b164a68be4cd410c49				
632	request-selected-source-wrapped-contains-target-08-targeted	graph-parameter	request-selected-source-wrapped-contains	success	1	successful-latency	24791	272250	0.09105968778696051	2	1322	4b49b28d836e57c2c3f8d43a93acd00a93b169fcd603338f9ab350f541e9665c				
633	request-selected-source-wrapped-contains-target-08-dense	graph-parameter	request-selected-source-wrapped-contains	success	1	successful-latency	85209	416959	0.2043582222712545	200	85531	ed34441ff634f19c276911a1fa193106a9070fde1065b57fc7ec71132b8d5f66				
634	request-selected-source-wrapped-contains-target-09-zero	graph-parameter	request-selected-source-wrapped-contains	success	1	successful-latency	27458	269208	0.10199548304656622	0	147	805c8c7334c868e18e2be84be95b83cc60895722d739c2b164a68be4cd410c49				
635	request-selected-source-wrapped-contains-target-09-targeted	graph-parameter	request-selected-source-wrapped-contains	success	1	successful-latency	27000	273958	0.09855525299498463	1	758	cd83129b7654f9c1ac40c94032a03833f5b559e4d6d903ce58c899d274674334				
636	request-selected-source-wrapped-contains-target-09-dense	graph-parameter	request-selected-source-wrapped-contains	success	1	successful-latency	78709	432333	0.18205642409901626	200	84710	8302a9dc08d5cf465b56333dad5757a62c24d743692acbdbf8e81919ebd097a0				
637	request-selected-source-wrapped-contains-target-10-zero	graph-parameter	request-selected-source-wrapped-contains	success	1	successful-latency	35958	277292	0.1296755766484428	0	147	805c8c7334c868e18e2be84be95b83cc60895722d739c2b164a68be4cd410c49				
638	request-selected-source-wrapped-contains-target-10-targeted	graph-parameter	request-selected-source-wrapped-contains	success	1	successful-latency	36333	286125	0.1269829619921363	1	821	f3f4d5fb39ff9fde7dcf6d88e4f52bcc4c277ed98626ccca0b17c4ddbb20b035				
639	request-selected-source-wrapped-contains-target-10-dense	graph-parameter	request-selected-source-wrapped-contains	success	1	successful-latency	78959	428542	0.18425031852187185	200	86914	eec30bd784e53b80ccd384559e9d1f853b8152ad8db90ad1f27d391bf03fc0d8				
640	request-selected-source-wrapped-contains-target-11-zero	graph-parameter	request-selected-source-wrapped-contains	success	1	successful-latency	23750	267459	0.08879865699041722	0	147	805c8c7334c868e18e2be84be95b83cc60895722d739c2b164a68be4cd410c49				
641	request-selected-source-wrapped-contains-target-11-targeted	graph-parameter	request-selected-source-wrapped-contains	success	1	successful-latency	24833	275000	0.09030181818181818	1	758	f8ea31527e372a7d8e0f896bc894b97d788067aa20d0af371a4239382f72a4d1				
642	request-selected-source-wrapped-contains-target-11-dense	graph-parameter	request-selected-source-wrapped-contains	success	1	successful-latency	72916	434750	0.1677193789534215	200	84862	36598e3ab73085dce50e849dda8b6a32b1088eab3f02f052e9536f16613b5d4b				
643	request-selected-source-wrapped-contains-target-12-zero	graph-parameter	request-selected-source-wrapped-contains	success	1	successful-latency	22208	269292	0.0824681015403354	0	147	805c8c7334c868e18e2be84be95b83cc60895722d739c2b164a68be4cd410c49				
644	request-selected-source-wrapped-contains-target-12-targeted	graph-parameter	request-selected-source-wrapped-contains	success	1	successful-latency	28333	274250	0.10331084776663628	2	1348	569ba2c2d8626f5c6804b713aa9f9bd5155648246e0bb082ab37cf407a3ccee9				
645	request-selected-source-wrapped-contains-target-12-dense	graph-parameter	request-selected-source-wrapped-contains	success	1	successful-latency	80125	448625	0.1786012816940652	200	85894	f22afa8ccaad259750ce50e850502822308b2565f707f284de32cd44d5ef328a				
646	request-selected-source-wrapped-contains-target-13-zero	graph-parameter	request-selected-source-wrapped-contains	success	1	successful-latency	23416	263541	0.0888514500590041	0	147	805c8c7334c868e18e2be84be95b83cc60895722d739c2b164a68be4cd410c49				
647	request-selected-source-wrapped-contains-target-13-targeted	graph-parameter	request-selected-source-wrapped-contains	success	1	successful-latency	23583	285375	0.08263863337713535	5	2824	ebb699b5b0554cc639408add00ca9d9aae37f3553c5e6ea606cb7e66e171933f				
648	request-selected-source-wrapped-contains-target-13-dense	graph-parameter	request-selected-source-wrapped-contains	success	1	successful-latency	75959	436250	0.17411805157593124	200	86344	2e714969993f2a86ba5c715dc52b2c7d6dbaed9b2320da2399ecdf29ec9f1e4e				
649	request-selected-source-wrapped-contains-target-14-zero	graph-parameter	request-selected-source-wrapped-contains	success	1	successful-latency	23542	250084	0.09413637017961965	0	147	805c8c7334c868e18e2be84be95b83cc60895722d739c2b164a68be4cd410c49				
650	request-selected-source-wrapped-contains-target-14-targeted	graph-parameter	request-selected-source-wrapped-contains	success	1	successful-latency	27834	270334	0.10296152167318946	3	1887	cfce92c06f8a0a93444f0ec3592aad57c255799cc7a1286e673f5c8cc3173d20				
651	request-selected-source-wrapped-contains-target-14-dense	graph-parameter	request-selected-source-wrapped-contains	success	1	successful-latency	76417	432583	0.176652804201737	200	88102	f384f54b9e0494c603dd9e83eb2ca0ad0386a359a2e1d6a356e225c072977e41				
652	request-selected-source-wrapped-contains-target-15-zero	graph-parameter	request-selected-source-wrapped-contains	success	1	successful-latency	25500	265458	0.09606039373460208	0	147	805c8c7334c868e18e2be84be95b83cc60895722d739c2b164a68be4cd410c49				
653	request-selected-source-wrapped-contains-target-15-targeted	graph-parameter	request-selected-source-wrapped-contains	success	1	successful-latency	47208	273958	0.17231838456989756	1	765	ae20f86c5a0d43140079bdbb52041ad145178823d6189b8171bbe58dc0d82dcc				
654	request-selected-source-wrapped-contains-target-15-dense	graph-parameter	request-selected-source-wrapped-contains	success	1	successful-latency	85667	418125	0.20488370702541106	200	82358	6db1e45464dd1e42fc627a3ee68393b586d132e4817f87f1da72cb180e7925bb				
655	request-selected-source-wrapped-contains-target-16-zero	graph-parameter	request-selected-source-wrapped-contains	success	1	successful-latency	27958	262583	0.10647300091780504	0	147	805c8c7334c868e18e2be84be95b83cc60895722d739c2b164a68be4cd410c49				
656	request-selected-source-wrapped-contains-target-16-targeted	graph-parameter	request-selected-source-wrapped-contains	success	1	successful-latency	24209	274041	0.08834079572034842	1	771	41ad9b5110585bc89df35b9d0a0c6bd66daaf6c239b4212552d078b2f2a28c34				
657	request-selected-source-wrapped-contains-target-16-dense	graph-parameter	request-selected-source-wrapped-contains	success	1	successful-latency	76042	423791	0.17943278644426144	200	94237	51b180cd96740a311cc61165baa84cc05517b2f28ac6c70debc25f8e14514414				
658	request-selected-source-wrapped-contains-target-17-zero	graph-parameter	request-selected-source-wrapped-contains	success	1	successful-latency	21875	251833	0.08686311960704117	0	147	805c8c7334c868e18e2be84be95b83cc60895722d739c2b164a68be4cd410c49				
659	request-selected-source-wrapped-contains-target-17-targeted	graph-parameter	request-selected-source-wrapped-contains	success	1	successful-latency	26042	273417	0.09524645504851564	5	2976	7d286938fe2f40cd4cb86cd26be11c3221bfff86202fa9b705bdc1c77967743f				
660	request-selected-source-wrapped-contains-target-17-dense	graph-parameter	request-selected-source-wrapped-contains	success	1	successful-latency	81375	418834	0.19428938433842524	200	92381	87c915d88746be4a40b85e67e7de71966365a455358cc138185e5c1f5bcf1251				
661	request-selected-source-wrapped-contains-target-18-zero	graph-parameter	request-selected-source-wrapped-contains	success	1	successful-latency	24500	258334	0.09483846493299372	0	147	805c8c7334c868e18e2be84be95b83cc60895722d739c2b164a68be4cd410c49				
662	request-selected-source-wrapped-contains-target-18-targeted	graph-parameter	request-selected-source-wrapped-contains	success	1	successful-latency	33667	286000	0.11771678321678322	12	6781	abf0682228739bdef1eb0d4b5b1449d7697f9412e644bd07a974f6e04213652e				
663	request-selected-source-wrapped-contains-target-18-dense	graph-parameter	request-selected-source-wrapped-contains	success	1	successful-latency	135583	429375	0.3157682678311499	200	95198	7d65fbc43e0cf8a1d4323c709e6963c32bdea3f389f5b683f619eee1fd79dc90				
664	request-selected-source-wrapped-contains-target-19-zero	graph-parameter	request-selected-source-wrapped-contains	success	1	successful-latency	63584	265083	0.2398644952712924	0	147	805c8c7334c868e18e2be84be95b83cc60895722d739c2b164a68be4cd410c49				
665	request-selected-source-wrapped-contains-target-19-targeted	graph-parameter	request-selected-source-wrapped-contains	success	1	successful-latency	23292	278167	0.0837338720984157	11	6327	72232d5a8299b69c619beb4cebd0967a4ca8f1378844d7914f795f7c5126cc48				
666	request-selected-source-wrapped-contains-target-19-dense	graph-parameter	request-selected-source-wrapped-contains	success	1	successful-latency	76708	434083	0.17671274848358492	200	96673	6ab8193cda24a8f589b0e7412ffcc3549afc3180a092c899437bb3ef2f8324ef				
667	request-selected-source-wrapped-contains-target-20-zero	graph-parameter	request-selected-source-wrapped-contains	success	1	successful-latency	21542	252458	0.08532904483121945	0	147	805c8c7334c868e18e2be84be95b83cc60895722d739c2b164a68be4cd410c49				
668	request-selected-source-wrapped-contains-target-20-targeted	graph-parameter	request-selected-source-wrapped-contains	success	1	successful-latency	23875	263542	0.09059277079175236	1	763	7811e1c0f64fb9174b112349d7a5f89fec8a71f59a6b66db3b1e97241f5dc93c				
669	request-selected-source-wrapped-contains-target-20-dense	graph-parameter	request-selected-source-wrapped-contains	success	1	successful-latency	79042	406583	0.19440557032635403	200	91604	a93cd6116bda146e01916f4ab7d54aa664da5b5c2287de109c82d6c48fcd38f8				
670	request-selected-source-wrapped-contains-target-21-zero	graph-parameter	request-selected-source-wrapped-contains	success	1	successful-latency	20666	254166	0.08130906572869699	0	147	805c8c7334c868e18e2be84be95b83cc60895722d739c2b164a68be4cd410c49				
671	request-selected-source-wrapped-contains-target-21-targeted	graph-parameter	request-selected-source-wrapped-contains	success	1	successful-latency	21084	277125	0.07608119079837618	1	765	1cf450577b12b3b6a7c19f53479709a92a169add0c4f9defecbc55254bf8d5b3				
672	request-selected-source-wrapped-contains-target-21-dense	graph-parameter	request-selected-source-wrapped-contains	success	1	successful-latency	74208	414958	0.1788325565478916	200	96334	eb6b03599a26f520b43896ee6af6cb6d2a3ec0783b66a0bcb29642b029a4b6eb				
673	request-selected-source-wrapped-contains-target-22-zero	graph-parameter	request-selected-source-wrapped-contains	success	1	successful-latency	22250	265875	0.08368594264221908	0	147	805c8c7334c868e18e2be84be95b83cc60895722d739c2b164a68be4cd410c49				
674	request-selected-source-wrapped-contains-target-22-targeted	graph-parameter	request-selected-source-wrapped-contains	success	1	successful-latency	23750	278667	0.0852271707808962	11	6331	43d88524d9da26840d520d8260a6801a2d864c2023e9806c3df4a5e673a5fd66				
675	request-selected-source-wrapped-contains-target-22-dense	graph-parameter	request-selected-source-wrapped-contains	success	1	successful-latency	98208	440708	0.22284142788422265	200	98397	b1cc908cf8cd6a2354b320afca9ad225990c59be93a53ddc3912afb3b0d46d7b				
676	request-selected-source-wrapped-contains-target-23-zero	graph-parameter	request-selected-source-wrapped-contains	success	1	successful-latency	27375	265625	0.10305882352941176	0	147	805c8c7334c868e18e2be84be95b83cc60895722d739c2b164a68be4cd410c49				
677	request-selected-source-wrapped-contains-target-23-targeted	graph-parameter	request-selected-source-wrapped-contains	success	1	successful-latency	28958	278417	0.10400945344573069	11	6135	718b52d4d32659cb9b39b84bdb87d6226a9be4436e73fa316936d1333dfa50c0				
678	request-selected-source-wrapped-contains-target-23-dense	graph-parameter	request-selected-source-wrapped-contains	success	1	successful-latency	80875	416917	0.19398345474039197	200	95056	d5aa9163a912371065002f30549de9cefea57af859f009a275e381b0a849633e				
679	request-selected-source-wrapped-contains-target-24-zero	graph-parameter	request-selected-source-wrapped-contains	success	1	successful-latency	83667	261667	0.3197460894954274	0	147	805c8c7334c868e18e2be84be95b83cc60895722d739c2b164a68be4cd410c49				
680	request-selected-source-wrapped-contains-target-24-targeted	graph-parameter	request-selected-source-wrapped-contains	success	1	successful-latency	49250	269959	0.18243511051678218	1	754	033650595463ffba6f1f515fc8a38ba023fdd37a0e2442442be40f2d8baee0b4				
681	request-selected-source-wrapped-contains-target-24-dense	graph-parameter	request-selected-source-wrapped-contains	success	1	successful-latency	79583	418167	0.19031391764534264	200	96144	13cc3d04be15c5d98101b6676211e0260c08571becd6cbc7be1dcfad1b7efce8				
682	request-selected-source-wrapped-contains-target-25-zero	graph-parameter	request-selected-source-wrapped-contains	success	1	successful-latency	23542	260042	0.09053152952215411	0	147	805c8c7334c868e18e2be84be95b83cc60895722d739c2b164a68be4cd410c49				
683	request-selected-source-wrapped-contains-target-25-targeted	graph-parameter	request-selected-source-wrapped-contains	success	1	successful-latency	33542	294708	0.1138143518330008	17	9434	57a7fb26e2c1557848eddaabb17076d92c9b2ef2e0ff6b92be3de4374fe1fa9b				
684	request-selected-source-wrapped-contains-target-25-dense	graph-parameter	request-selected-source-wrapped-contains	success	1	successful-latency	77292	432209	0.17883014930276786	200	90260	d606d19bfcb83b224b953bd70176bc52dc06d427ef6ab3d0cc311bc6ed6fc260				
685	request-selected-source-wrapped-contains-target-26-zero	graph-parameter	request-selected-source-wrapped-contains	success	1	successful-latency	27208	255583	0.10645465465230473	0	147	805c8c7334c868e18e2be84be95b83cc60895722d739c2b164a68be4cd410c49				
686	request-selected-source-wrapped-contains-target-26-targeted	graph-parameter	request-selected-source-wrapped-contains	success	1	successful-latency	43750	268333	0.1630436807996035	1	791	550bd45f802381cb65ea30928a856fc0c2bc207cbfc2a147aad4312130548c9a				
687	request-selected-source-wrapped-contains-target-26-dense	graph-parameter	request-selected-source-wrapped-contains	success	1	successful-latency	96958	425541	0.22784643547860253	200	96089	d0bdae62973cb737c05eda37d83d6fd7dea4520a7f87acdd4ed9a2fba1f97888				
688	request-selected-source-wrapped-contains-target-27-zero	graph-parameter	request-selected-source-wrapped-contains	success	1	successful-latency	39750	264833	0.15009458791011693	0	147	805c8c7334c868e18e2be84be95b83cc60895722d739c2b164a68be4cd410c49				
689	request-selected-source-wrapped-contains-target-27-targeted	graph-parameter	request-selected-source-wrapped-contains	success	1	successful-latency	52958	311625	0.1699414360208584	14	8030	e1858d468e2cee9daff29f91791894b539cc1c9bfb8d57bb0eaa364a24ec0f04				
690	request-selected-source-wrapped-contains-target-27-dense	graph-parameter	request-selected-source-wrapped-contains	success	1	successful-latency	115500	415041	0.27828575972012404	200	95559	bcb492a91a247979acd291eaea381c0db6d952c0baff29193145ae7356b00907				
691	request-selected-source-wrapped-contains-target-28-zero	graph-parameter	request-selected-source-wrapped-contains	success	1	successful-latency	20541	257375	0.07980961631860126	0	147	805c8c7334c868e18e2be84be95b83cc60895722d739c2b164a68be4cd410c49				
692	request-selected-source-wrapped-contains-target-28-targeted	graph-parameter	request-selected-source-wrapped-contains	success	1	successful-latency	24667	277125	0.0890103743797925	12	6370	8871e0dc77f7df7110f742adaac439b8d2f4e912a3a21e1793fda026e0955f9b				
693	request-selected-source-wrapped-contains-target-28-dense	graph-parameter	request-selected-source-wrapped-contains	success	1	successful-latency	79834	436792	0.182773494020037	200	101142	3ec255435f1804ca883e61ce69218b0c9b6812e5f4d6241be813f3a04980ff78				
694	request-selected-source-wrapped-contains-target-29-zero	graph-parameter	request-selected-source-wrapped-contains	success	1	successful-latency	22875	263583	0.08678480782144524	0	147	805c8c7334c868e18e2be84be95b83cc60895722d739c2b164a68be4cd410c49				
695	request-selected-source-wrapped-contains-target-29-targeted	graph-parameter	request-selected-source-wrapped-contains	success	1	successful-latency	24208	276208	0.0876440943057406	1	759	7c9cbf2db3468e4d9ec5f9ce37c29746bb3071949804d250165a0310edd3182c				
696	request-selected-source-wrapped-contains-target-29-dense	graph-parameter	request-selected-source-wrapped-contains	success	1	successful-latency	74375	444375	0.16736990154711673	200	96005	cb6245f16fc1df4cadc32295db3c94d74d99d6ac24ca00ba686085574c3842f9				
697	request-selected-source-wrapped-contains-target-30-zero	graph-parameter	request-selected-source-wrapped-contains	success	1	successful-latency	22416	253500	0.08842603550295858	0	147	805c8c7334c868e18e2be84be95b83cc60895722d739c2b164a68be4cd410c49				
698	request-selected-source-wrapped-contains-target-30-targeted	graph-parameter	request-selected-source-wrapped-contains	success	1	successful-latency	40666	272583	0.14918758690013684	10	5866	c85815e1257e7d89a547803b839a8fa3d5c32a25ad93fc4df95c67dd0df38386				
699	request-selected-source-wrapped-contains-target-30-dense	graph-parameter	request-selected-source-wrapped-contains	success	1	successful-latency	109333	420042	0.2602906376029064	200	95471	766b9ef7e8ecf0adce38af75461cc8c431950c6a78cf29871668bb82bbc59681				
700	request-selected-source-wrapped-contains-target-31-zero	graph-parameter	request-selected-source-wrapped-contains	success	1	successful-latency	27292	265500	0.10279472693032016	0	147	805c8c7334c868e18e2be84be95b83cc60895722d739c2b164a68be4cd410c49				
701	request-selected-source-wrapped-contains-target-31-targeted	graph-parameter	request-selected-source-wrapped-contains	success	1	successful-latency	24000	280917	0.08543448776684928	1	779	5b2641a56fc0d1ce3cad560f98de3ab642d893c5f6c2be5bb57444732d364805				
702	request-selected-source-wrapped-contains-target-31-dense	graph-parameter	request-selected-source-wrapped-contains	success	1	successful-latency	79667	421958	0.18880315102450954	200	90493	6cea2d1b1fba9817e31904018fa5ce3734b41bb641feab5c7c6849206b05e3c1				
703	request-selected-source-wrapped-contains-target-32-zero	graph-parameter	request-selected-source-wrapped-contains	success	1	successful-latency	22958	264500	0.08679773156899812	0	147	805c8c7334c868e18e2be84be95b83cc60895722d739c2b164a68be4cd410c49				
704	request-selected-source-wrapped-contains-target-32-targeted	graph-parameter	request-selected-source-wrapped-contains	success	1	successful-latency	22292	288417	0.0772908670432048	4	2862	72e96499d86d64ae9da267f3b15791817d4250f06a8dfea9d09edd8c3c23a440				
705	request-selected-source-wrapped-contains-target-32-dense	graph-parameter	request-selected-source-wrapped-contains	success	1	successful-latency	72083	439458	0.1640270515043531	200	92864	0ad6a5ae10cb27d8dd28af205e0df8ebd79b3e1ca0079c8c876100ee108fc38d				
706	request-selected-source-wrapped-contains-target-33-zero	graph-parameter	request-selected-source-wrapped-contains	success	1	successful-latency	17375	264167	0.06577278766840673	0	147	805c8c7334c868e18e2be84be95b83cc60895722d739c2b164a68be4cd410c49				
707	request-selected-source-wrapped-contains-target-33-targeted	graph-parameter	request-selected-source-wrapped-contains	success	1	successful-latency	22167	286834	0.0772816332791789	4	2862	5436abb5d5a82ddf1b71cf6459ce0de5fe56d25b825b58b20bbe8cace9e3cde7				
708	request-selected-source-wrapped-contains-target-33-dense	graph-parameter	request-selected-source-wrapped-contains	success	1	successful-latency	75125	455708	0.16485337101828365	200	92578	e10f119cab32a77f2d8107211e2addcc69d3ab151ee08f60199ff7a8db9b6a1c				
709	request-selected-source-wrapped-contains-target-34-zero	graph-parameter	request-selected-source-wrapped-contains	success	1	successful-latency	24500	272541	0.08989473143490337	0	147	805c8c7334c868e18e2be84be95b83cc60895722d739c2b164a68be4cd410c49				
710	request-selected-source-wrapped-contains-target-34-targeted	graph-parameter	request-selected-source-wrapped-contains	success	1	successful-latency	37000	298708	0.12386678629296838	4	2883	e83a01bd4b4e8f51ba0c51a53e73f87ec8dd6170bd60b37ef57b4eb9aba8bcc7				
711	request-selected-source-wrapped-contains-target-34-dense	graph-parameter	request-selected-source-wrapped-contains	success	1	successful-latency	73750	438458	0.16820311181458658	200	94183	b06f89a813919b2f4278637c18773fe7508c48351caa08a76cefe1f54c9b7715				
712	request-selected-source-wrapped-contains-target-35-zero	graph-parameter	request-selected-source-wrapped-contains	success	1	successful-latency	28625	269917	0.10605111941819152	0	147	805c8c7334c868e18e2be84be95b83cc60895722d739c2b164a68be4cd410c49				
713	request-selected-source-wrapped-contains-target-35-targeted	graph-parameter	request-selected-source-wrapped-contains	success	1	successful-latency	46542	298875	0.15572396486825596	1	771	134378d176ef9559b3b9b40557762648c5aa55be889ba8cb2e7f752130b85ab7				
714	request-selected-source-wrapped-contains-target-35-dense	graph-parameter	request-selected-source-wrapped-contains	success	1	successful-latency	80417	437250	0.183915380217267	200	91613	71eca3baa7c5adda9a19daaba5b66d08f4d30beebcfc1f6f8f3125a009484e93				
715	request-selected-source-wrapped-contains-target-36-zero	graph-parameter	request-selected-source-wrapped-contains	success	1	successful-latency	22834	270792	0.084323022836716	0	147	805c8c7334c868e18e2be84be95b83cc60895722d739c2b164a68be4cd410c49				
716	request-selected-source-wrapped-contains-target-36-targeted	graph-parameter	request-selected-source-wrapped-contains	success	1	successful-latency	25417	283541	0.08964135698188269	1	795	6f5022183da52ea8cb963f17c4b86a6270dc9bfe0ca358e5ec7d6bdf4c95879f				
717	request-selected-source-wrapped-contains-target-36-dense	graph-parameter	request-selected-source-wrapped-contains	success	1	successful-latency	75875	421667	0.17994056921694132	200	91716	5d2df55fe9df550bd17a462dbec1bd958f7c0d5940c160537976ecc80d5cb22f				
718	request-selected-source-wrapped-contains-target-37-zero	graph-parameter	request-selected-source-wrapped-contains	success	1	successful-latency	22833	263833	0.08654338160882073	0	147	805c8c7334c868e18e2be84be95b83cc60895722d739c2b164a68be4cd410c49				
719	request-selected-source-wrapped-contains-target-37-targeted	graph-parameter	request-selected-source-wrapped-contains	success	1	successful-latency	38834	319000	0.12173667711598746	51	31472	b9433fbd59011f3771f14c8abacb0cbca913b3ccb9b85649a8f98d4c6f628703				
720	request-selected-source-wrapped-contains-target-37-dense	graph-parameter	request-selected-source-wrapped-contains	success	1	successful-latency	77083	420291	0.18340387969287947	200	91795	dbb6e258143695218279e10cbea2bf21ad0c5b1330a8fc3e3470b176ae0b6f42				
721	request-selected-source-wrapped-contains-target-38-zero	graph-parameter	request-selected-source-wrapped-contains	success	1	successful-latency	19750	255500	0.07729941291585127	0	147	805c8c7334c868e18e2be84be95b83cc60895722d739c2b164a68be4cd410c49				
722	request-selected-source-wrapped-contains-target-38-targeted	graph-parameter	request-selected-source-wrapped-contains	success	1	successful-latency	27375	271208	0.10093728798560514	1	801	6e224732564976ab3ad1b488a2dcb0c2a2f84050ab25d529f41b87f4de3c406c				
723	request-selected-source-wrapped-contains-target-38-dense	graph-parameter	request-selected-source-wrapped-contains	success	1	successful-latency	101833	418500	0.24332855436081244	200	92968	77adda61bf8a66745500e9e1b739302ae425b75af5d5199095bd9c0f56151e04				
724	request-selected-source-wrapped-contains-target-39-zero	graph-parameter	request-selected-source-wrapped-contains	success	1	successful-latency	27000	252167	0.10707190076417612	0	147	805c8c7334c868e18e2be84be95b83cc60895722d739c2b164a68be4cd410c49				
725	request-selected-source-wrapped-contains-target-39-targeted	graph-parameter	request-selected-source-wrapped-contains	success	1	successful-latency	23458	269750	0.08696200185356812	4	2855	db8e5b7500b38c30ff9ca554407e1c3f066cc32ce80520e31c63fe8f4f34048e				
726	request-selected-source-wrapped-contains-target-39-dense	graph-parameter	request-selected-source-wrapped-contains	success	1	successful-latency	73416	419958	0.17481748174817482	200	91298	153dc7ab9d3d22961d16bfae52d0b5cd4c7d97177e0e57e7c086294f37d00f0f				
727	request-selected-source-wrapped-contains-target-40-zero	graph-parameter	request-selected-source-wrapped-contains	success	1	successful-latency	22125	259042	0.08541086001497826	0	147	805c8c7334c868e18e2be84be95b83cc60895722d739c2b164a68be4cd410c49				
728	request-selected-source-wrapped-contains-target-40-targeted	graph-parameter	request-selected-source-wrapped-contains	success	1	successful-latency	22375	282708	0.0791452664940504	4	2911	6520445594f6fc1d080f2e441beea159540f21b52c555b515dbd7ba1fee2a37f				
729	request-selected-source-wrapped-contains-target-40-dense	graph-parameter	request-selected-source-wrapped-contains	success	1	successful-latency	81916	412458	0.1986044639696648	200	95189	6547ed796970ad3186785ae6dc7d6b1328d226d1878e5144fdb98c21fcba06f9				
730	request-selected-source-wrapped-contains-target-41-zero	graph-parameter	request-selected-source-wrapped-contains	success	1	successful-latency	21834	255458	0.08547001855490922	0	147	805c8c7334c868e18e2be84be95b83cc60895722d739c2b164a68be4cd410c49				
731	request-selected-source-wrapped-contains-target-41-targeted	graph-parameter	request-selected-source-wrapped-contains	success	1	successful-latency	21584	270083	0.07991617391690703	4	2883	42fd2fd2ff37d34c0cfb2146cde4be9387147a4cc07443bd58969c3f1e25556e				
732	request-selected-source-wrapped-contains-target-41-dense	graph-parameter	request-selected-source-wrapped-contains	success	1	successful-latency	75791	421917	0.17963485709274574	200	92146	1d23f5a918b6a408d8eae300e7aa799801aecc62fcc85667af567e3c95156cb9				
733	request-selected-source-wrapped-contains-target-42-zero	graph-parameter	request-selected-source-wrapped-contains	success	1	successful-latency	25917	258042	0.10043713814030274	0	147	805c8c7334c868e18e2be84be95b83cc60895722d739c2b164a68be4cd410c49				
734	request-selected-source-wrapped-contains-target-42-targeted	graph-parameter	request-selected-source-wrapped-contains	success	1	successful-latency	44250	330792	0.1337698614234927	63	39077	2d20a012ee335ff72d99f67135e1ac36defbca676c07a298d3df15c7c1e33f7d				
735	request-selected-source-wrapped-contains-target-42-dense	graph-parameter	request-selected-source-wrapped-contains	success	1	successful-latency	78334	416417	0.18811431809940515	200	93248	bd7a2cfc84011237aca413f8fd4b6ee9130043dc1530bc214cc965d935dc3d88				
736	request-selected-source-wrapped-contains-target-43-zero	graph-parameter	request-selected-source-wrapped-contains	success	1	successful-latency	21916	250333	0.08754738688067494	0	147	805c8c7334c868e18e2be84be95b83cc60895722d739c2b164a68be4cd410c49				
737	request-selected-source-wrapped-contains-target-43-targeted	graph-parameter	request-selected-source-wrapped-contains	success	1	successful-latency	22209	275708	0.08055261363471498	4	2743	a7aaae25732eb3fc39e7e9697120f6a4534e52262fb153e4201e51d7b31e4606				
738	request-selected-source-wrapped-contains-target-43-dense	graph-parameter	request-selected-source-wrapped-contains	success	1	successful-latency	94458	410542	0.23008120971788515	200	94063	f5c81d8aabcfe449e1a20e1133f0ce5a6c25cde54cfb7e82531ff93f87b6f89e				
739	request-selected-source-wrapped-contains-target-44-zero	graph-parameter	request-selected-source-wrapped-contains	success	1	successful-latency	27791	269667	0.10305673293358104	0	147	805c8c7334c868e18e2be84be95b83cc60895722d739c2b164a68be4cd410c49				
740	request-selected-source-wrapped-contains-target-44-targeted	graph-parameter	request-selected-source-wrapped-contains	success	1	successful-latency	29292	284916	0.10280924904182286	4	2890	b8c7750587d3cb95373de074cba017cf14e5d85811bfc8cc2b49fa06615dc14f				
741	request-selected-source-wrapped-contains-target-44-dense	graph-parameter	request-selected-source-wrapped-contains	success	1	successful-latency	80959	428417	0.18897242639764528	200	90517	901cb7ad5a7cef604f7264d87d81f85a7b3e521b0175839dd61f15fa140b58cf				
742	request-selected-source-wrapped-contains-target-45-zero	graph-parameter	request-selected-source-wrapped-contains	success	1	successful-latency	21917	264041	0.08300604830310444	0	147	805c8c7334c868e18e2be84be95b83cc60895722d739c2b164a68be4cd410c49				
743	request-selected-source-wrapped-contains-target-45-targeted	graph-parameter	request-selected-source-wrapped-contains	success	1	successful-latency	20709	290208	0.0713591630830301	1	807	7a2ea6e6b7c61f333c01be975226570ddf428683fdf6c4eb419e09457718acf9				
744	request-selected-source-wrapped-contains-target-45-dense	graph-parameter	request-selected-source-wrapped-contains	success	1	successful-latency	80292	429917	0.18676163073337412	200	92534	8ce2fca3adf975e2913f1d7a0f91465f04ef5e5cdbaaa1f51ca68901be616480				
745	request-selected-source-wrapped-contains-target-46-zero	graph-parameter	request-selected-source-wrapped-contains	success	1	successful-latency	20875	260583	0.08010883288625889	0	147	805c8c7334c868e18e2be84be95b83cc60895722d739c2b164a68be4cd410c49				
746	request-selected-source-wrapped-contains-target-46-targeted	graph-parameter	request-selected-source-wrapped-contains	success	1	successful-latency	36042	325416	0.11075669297145807	45	27605	5de372ca8e19ec486456452fc7bd2d9f18c4d7b0beb5e238b24073911e1d2e3a				
747	request-selected-source-wrapped-contains-target-46-dense	graph-parameter	request-selected-source-wrapped-contains	success	1	successful-latency	87834	450417	0.19500596114267446	200	96641	3ad39c9167b00424c5957087068cab90d47268c9063b8d9e565113275edd98c8				
748	request-selected-source-wrapped-contains-target-47-zero	graph-parameter	request-selected-source-wrapped-contains	success	1	successful-latency	21125	261042	0.08092567479562676	0	147	805c8c7334c868e18e2be84be95b83cc60895722d739c2b164a68be4cd410c49				
749	request-selected-source-wrapped-contains-target-47-targeted	graph-parameter	request-selected-source-wrapped-contains	success	1	successful-latency	45375	342542	0.13246550787932573	66	40159	fcfc173325ae104971344d6daea93c8089a472f712f938cfbd16c519ba82c551				
750	request-selected-source-wrapped-contains-target-47-dense	graph-parameter	request-selected-source-wrapped-contains	success	1	successful-latency	84834	433541	0.19567699479403333	200	97359	d162ad37d2e7b659e55cddb63b7d42e922fbd2396ae9679f7648226751bb7a13				
751	request-selected-source-wrapped-contains-target-48-zero	graph-parameter	request-selected-source-wrapped-contains	success	1	successful-latency	27333	262375	0.10417532158170557	0	147	805c8c7334c868e18e2be84be95b83cc60895722d739c2b164a68be4cd410c49				
752	request-selected-source-wrapped-contains-target-48-targeted	graph-parameter	request-selected-source-wrapped-contains	success	1	successful-latency	24167	281875	0.08573658536585366	10	6351	274597a5e0e535d6581734920f9ffbc39062a84a13ad9d85823a8f12df219dfd				
753	request-selected-source-wrapped-contains-target-48-dense	graph-parameter	request-selected-source-wrapped-contains	success	1	successful-latency	73417	428083	0.17150178820462386	200	97301	4abd067ea3c7496241f2623586a132809a81e33bd08c7645b717be3ee7ee2542				
754	request-selected-source-wrapped-contains-target-49-zero	graph-parameter	request-selected-source-wrapped-contains	success	1	successful-latency	20291	269125	0.07539619136089178	0	147	805c8c7334c868e18e2be84be95b83cc60895722d739c2b164a68be4cd410c49				
755	request-selected-source-wrapped-contains-target-49-targeted	graph-parameter	request-selected-source-wrapped-contains	success	1	successful-latency	22667	296042	0.0765668384891333	4	2598	d72c68d3fe0e8e0257e28136dfcba3f279a31d304b51dc9611dfa7b0f16169a8				
756	request-selected-source-wrapped-contains-target-49-dense	graph-parameter	request-selected-source-wrapped-contains	success	1	successful-latency	75708	430875	0.17570757180156657	200	95854	6848b85ce01299f2ea05bcca3edaa8c69792c61113aeaea43a401f01793bb61d				
757	request-selected-source-wrapped-contains-target-50-zero	graph-parameter	request-selected-source-wrapped-contains	success	1	successful-latency	23833	259209	0.09194510993059654	0	147	805c8c7334c868e18e2be84be95b83cc60895722d739c2b164a68be4cd410c49				
758	request-selected-source-wrapped-contains-target-50-targeted	graph-parameter	request-selected-source-wrapped-contains	success	1	successful-latency	22583	272541	0.08286092734671113	1	791	85dd6bfd8cfa28628294c822275e5bb7a279ea8142c47ff362a55c060e68da37				
759	request-selected-source-wrapped-contains-target-50-dense	graph-parameter	request-selected-source-wrapped-contains	success	1	successful-latency	68667	423291	0.16222173398442205	200	91564	fbf180fab82c32493738bb60bb29955d3f45810bb23806d614f71964200069bc				
760	request-selected-source-wrapped-contains-target-51-zero	graph-parameter	request-selected-source-wrapped-contains	success	1	successful-latency	22667	259250	0.08743297974927676	0	147	805c8c7334c868e18e2be84be95b83cc60895722d739c2b164a68be4cd410c49				
761	request-selected-source-wrapped-contains-target-51-targeted	graph-parameter	request-selected-source-wrapped-contains	success	1	successful-latency	21792	270041	0.08069885684025759	1	798	64ae9673d519a121b865dc50f576291bddc3c4c81c474d10cfb9d0da1dce7c60				
762	request-selected-source-wrapped-contains-target-51-dense	graph-parameter	request-selected-source-wrapped-contains	success	1	successful-latency	74459	417292	0.17843380654314006	200	94730	d508f1cb1d0c5646118a68e8a87c49c66a454661e438e3f033289c173598f51f				
763	request-selected-source-wrapped-contains-target-52-zero	graph-parameter	request-selected-source-wrapped-contains	success	1	successful-latency	20250	260125	0.07784718885151369	0	147	805c8c7334c868e18e2be84be95b83cc60895722d739c2b164a68be4cd410c49				
764	request-selected-source-wrapped-contains-target-52-targeted	graph-parameter	request-selected-source-wrapped-contains	success	1	successful-latency	23000	271458	0.08472765584362958	1	792	6691abe0a1f608719107bf4ffc3fa52632123ab77cb7c2c3c6536cd32de533b1				
765	request-selected-source-wrapped-contains-target-52-dense	graph-parameter	request-selected-source-wrapped-contains	success	1	successful-latency	75375	417625	0.1804848847650404	200	96891	db4b9bfadbbb61a039e76484090eda57349ec9585a7c795f46793352fb739e7c				
766	request-selected-source-wrapped-contains-target-53-zero	graph-parameter	request-selected-source-wrapped-contains	success	1	successful-latency	22125	252000	0.08779761904761904	0	147	805c8c7334c868e18e2be84be95b83cc60895722d739c2b164a68be4cd410c49				
767	request-selected-source-wrapped-contains-target-53-targeted	graph-parameter	request-selected-source-wrapped-contains	success	1	successful-latency	22209	290417	0.07647279601400744	6	3910	d987ccd9722d9cd5492fcbb62423f1a89bb41e05ea0e3fb44e7cc793b9656b12				
768	request-selected-source-wrapped-contains-target-53-dense	graph-parameter	request-selected-source-wrapped-contains	success	1	successful-latency	76500	421375	0.1815485019282112	200	94720	c9e7b59e830a820a47234ca1fd54046d1c260db318e05adc24dc748ca7fe29c0				
769	request-selected-source-wrapped-contains-target-54-zero	graph-parameter	request-selected-source-wrapped-contains	success	1	successful-latency	48125	261791	0.18382984900168456	0	147	805c8c7334c868e18e2be84be95b83cc60895722d739c2b164a68be4cd410c49				
770	request-selected-source-wrapped-contains-target-54-targeted	graph-parameter	request-selected-source-wrapped-contains	success	1	successful-latency	31625	281125	0.11249444197421075	3	1869	5157205e66d4cebff8b628175c555fdb333564013eabc5f496e37f9a4ad2b606				
771	request-selected-source-wrapped-contains-target-54-dense	graph-parameter	request-selected-source-wrapped-contains	success	1	successful-latency	72417	420708	0.1721312644399441	200	92798	60b390f0b190e46f6fd1b4929641c7324c9142e0f18a85bc338e7b41ebe62db5				
772	request-selected-source-wrapped-contains-target-55-zero	graph-parameter	request-selected-source-wrapped-contains	success	1	successful-latency	22375	265166	0.08438110466651079	0	147	805c8c7334c868e18e2be84be95b83cc60895722d739c2b164a68be4cd410c49				
773	request-selected-source-wrapped-contains-target-55-targeted	graph-parameter	request-selected-source-wrapped-contains	success	1	successful-latency	28167	280334	0.10047657437199911	10	6054	f5c10be5db49f33f0b8307328bfb058b342da4d9241c33217038447620028ab5				
774	request-selected-source-wrapped-contains-target-55-dense	graph-parameter	request-selected-source-wrapped-contains	success	1	successful-latency	79792	426500	0.18708558030480657	200	96112	0f6d4800cdd86ccdf20aab2fe6bd2924f66d70c9fcca46057385e09ba151a798				
775	request-selected-source-wrapped-contains-target-56-zero	graph-parameter	request-selected-source-wrapped-contains	success	1	successful-latency	27500	271584	0.10125780605632144	0	147	805c8c7334c868e18e2be84be95b83cc60895722d739c2b164a68be4cd410c49				
776	request-selected-source-wrapped-contains-target-56-targeted	graph-parameter	request-selected-source-wrapped-contains	success	1	successful-latency	23625	270459	0.08735150244584207	1	802	7ebbe5301915ad5c39692b733c3f39851576d09270c89f830b9e80b342a866f6				
777	request-selected-source-wrapped-contains-target-56-dense	graph-parameter	request-selected-source-wrapped-contains	success	1	successful-latency	75792	408125	0.18570781010719756	200	93704	b778fc4edfb3c1031b90b2d3d121fd31958733afdc68d3f1cde538a17b738328				
778	request-selected-source-wrapped-contains-target-57-zero	graph-parameter	request-selected-source-wrapped-contains	success	1	successful-latency	26333	270542	0.09733424015494821	0	147	805c8c7334c868e18e2be84be95b83cc60895722d739c2b164a68be4cd410c49				
779	request-selected-source-wrapped-contains-target-57-targeted	graph-parameter	request-selected-source-wrapped-contains	success	1	successful-latency	21792	273166	0.07977566754281279	1	765	0812dc51126311be5cac082c5d39676905cd9a0811e6a08f17ec6343dc843471				
780	request-selected-source-wrapped-contains-target-57-dense	graph-parameter	request-selected-source-wrapped-contains	success	1	successful-latency	76500	419333	0.18243257745037952	200	99258	415f437224f091ed04a72fa493ee405ec437acfcfdf54dee50789c56e5356f10				
781	request-selected-source-wrapped-contains-target-58-zero	graph-parameter	request-selected-source-wrapped-contains	success	1	successful-latency	35917	275417	0.1304095244665362	0	147	805c8c7334c868e18e2be84be95b83cc60895722d739c2b164a68be4cd410c49				
782	request-selected-source-wrapped-contains-target-58-targeted	graph-parameter	request-selected-source-wrapped-contains	success	1	successful-latency	27833	284625	0.097788317962231	12	7029	1df616dc12f8aa99df8ef1921ad6c878afdd2d37362d488527ffbb7ddbe7f6e3				
783	request-selected-source-wrapped-contains-target-58-dense	graph-parameter	request-selected-source-wrapped-contains	success	1	successful-latency	81375	424333	0.19177155677262905	200	94948	3f3fd3df372307937afdfd0915ce035266497833c5712760faf456eece659c97				
784	request-selected-source-wrapped-contains-target-59-zero	graph-parameter	request-selected-source-wrapped-contains	success	1	successful-latency	47208	257416	0.18339186375361283	0	147	805c8c7334c868e18e2be84be95b83cc60895722d739c2b164a68be4cd410c49				
785	request-selected-source-wrapped-contains-target-59-targeted	graph-parameter	request-selected-source-wrapped-contains	success	1	successful-latency	27667	285958	0.09675197056910455	11	6729	3d47749a3f582c73a2df58bf3f9b3beed9c001af5d9bd91af1d30abe76d3f524				
786	request-selected-source-wrapped-contains-target-59-dense	graph-parameter	request-selected-source-wrapped-contains	success	1	successful-latency	82708	431417	0.19171242672402802	200	89429	54106029dd8c0484e4d4612954bdb30eebd525f910018413d1ee09bf2ea5c8ac				
787	request-selected-source-wrapped-contains-target-60-zero	graph-parameter	request-selected-source-wrapped-contains	success	1	successful-latency	22666	258792	0.08758385112368235	0	147	805c8c7334c868e18e2be84be95b83cc60895722d739c2b164a68be4cd410c49				
788	request-selected-source-wrapped-contains-target-60-targeted	graph-parameter	request-selected-source-wrapped-contains	success	1	successful-latency	24292	291792	0.08325108296320667	13	7599	88379c6b80e2b23974c6b6a1e2c6fc3f3680ec705c71b7cecbc9a2228bf7fa26				
789	request-selected-source-wrapped-contains-target-60-dense	graph-parameter	request-selected-source-wrapped-contains	success	1	successful-latency	89875	433167	0.20748348789266033	200	94040	5d662b90e716477fff887768402c85462026d6042e22f1d7fafdb565b9f9efc8				
790	request-selected-source-wrapped-contains-target-61-zero	graph-parameter	request-selected-source-wrapped-contains	success	1	successful-latency	26709	264333	0.10104300257629581	0	147	805c8c7334c868e18e2be84be95b83cc60895722d739c2b164a68be4cd410c49				
791	request-selected-source-wrapped-contains-target-61-targeted	graph-parameter	request-selected-source-wrapped-contains	success	1	successful-latency	26541	321959	0.08243596234303126	8	5180	b6f5bd5828bd66e4f09f8198b509f3673986060cf32e2725dff13d9bcb4d6e9b				
792	request-selected-source-wrapped-contains-target-61-dense	graph-parameter	request-selected-source-wrapped-contains	success	1	successful-latency	106750	417583	0.2556378013472771	200	93638	00f9fdf9bf9dc94ccc0d67b35cb45c01a8e623cfaedfdb70da1cc1bfa69daf82				
793	request-selected-source-wrapped-contains-target-62-zero	graph-parameter	request-selected-source-wrapped-contains	success	1	successful-latency	30875	260042	0.11873082040593443	0	147	805c8c7334c868e18e2be84be95b83cc60895722d739c2b164a68be4cd410c49				
794	request-selected-source-wrapped-contains-target-62-targeted	graph-parameter	request-selected-source-wrapped-contains	success	1	successful-latency	27208	279625	0.09730174340634778	1	877	f04b3035acb1285487cb68f126c796fd316b35c6ce630f1e71efd88436bf28f2				
795	request-selected-source-wrapped-contains-target-62-dense	graph-parameter	request-selected-source-wrapped-contains	success	1	successful-latency	87209	419458	0.20790877751765374	200	97449	f19574ac46a01dafc16136d9e8c4835b8d40c72753078eb8a67a1d7d438dd937				
796	request-selected-source-wrapped-contains-target-63-zero	graph-parameter	request-selected-source-wrapped-contains	success	1	successful-latency	25875	262292	0.09864959663276043	0	147	805c8c7334c868e18e2be84be95b83cc60895722d739c2b164a68be4cd410c49				
797	request-selected-source-wrapped-contains-target-63-targeted	graph-parameter	request-selected-source-wrapped-contains	success	1	successful-latency	22042	274333	0.08034760674071292	1	778	1734729b6952d2a8eff267ca86b458aa4fd5e0c703c1fa60dd66478cd3c49356				
798	request-selected-source-wrapped-contains-target-63-dense	graph-parameter	request-selected-source-wrapped-contains	success	1	successful-latency	84459	411417	0.20528806539350586	200	91412	082721be4b0e9234c67505fe172c638dcb4ef8924db9c6264a191473dfc4e443				
799	contains-and-zero	boolean	contains-and	success	1	successful-latency	2250916	3385500	0.6648695909023777	0	84	425b336aa734c4a1ffbfb58aeaf5489b33f919170492c4bff859504736492e7f				
800	contains-and-targeted	boolean	contains-and	success	1	successful-latency	260855916	250688250	1.0405590050590723	100	39128	5566f3e5435fa412ab2f4774e56dabda7d68f200d3e5fa5a807441efaa9cc967				
801	contains-and-dense	boolean	contains-and	success	1	successful-latency	33064125	59224417	0.5582853605802485	100	33016	f423f156f37f1d1821c72754abc8b9469244d2306e06bb1b08b025ac1870cd10				
802	contains-and-or-zero	boolean	contains-and-or	success	1	successful-latency	1114125	2978834	0.374013791973638	0	42	fa75ad2e5660fe7240fb4f08f615b532797db64460a5cecd38781db0303b22a7				
803	contains-and-or-targeted	boolean	contains-and-or	success	1	successful-latency	192190583	400816541	0.479497633806485	13	3425	3da819d29786721ec4c05c4ab5ab23f86bad89be63c33540f03659264a81c75c				
804	contains-and-or-dense	boolean	contains-and-or	success	1	successful-latency	12288750	38210583	0.32160592786558634	0	42	fa75ad2e5660fe7240fb4f08f615b532797db64460a5cecd38781db0303b22a7				
805	pair-and-pair-zero	boolean	pair-and-pair	success	1	successful-latency	2969125	4111500	0.7221512829867445	0	147	805c8c7334c868e18e2be84be95b83cc60895722d739c2b164a68be4cd410c49				
806	pair-and-pair-targeted	boolean	pair-and-pair	success	1	successful-latency	57537083	19032459	3.0231029526978097	0	147	805c8c7334c868e18e2be84be95b83cc60895722d739c2b164a68be4cd410c49				
807	pair-and-pair-dense	boolean	pair-and-pair	success	1	successful-latency	2026333	5957291	0.3401433638209045	100	43247	9c3a2ca5e42185247ab8a39f4e0e79457e3d42a18c7444b26b279bce7f4256c8				
808	exact-or-zero	exact	exact-or	success	1	successful-latency	1720291	65111209	0.026420811814445038	0	135	2353923ee345bb31a3e5b5684fd9597f5a309f18266c51232f6d903326d6ab83				
809	exact-or-targeted	exact	exact-or	success	1	successful-latency	10270542	129492333	0.07931390038358488	160	66388	1b3a15b55a43ca0fe50473ee96f1b903557ca6f865831d662e8204f23776f14c				
810	exact-or-dense	exact	exact-or	success	1	successful-latency	12620500	84811875	0.1488058128652385	160	66557	f745741d69ec1f4653ecb36ca7f9d1375ca51bf789ce0ad097327044d2479d91				
811	exact-and-contains-zero	exact	exact-and-contains	success	1	successful-latency	438333	4005708	0.10942709753182209	0	38	3406a04395ea8c76e7a93d7d2144d97d90dcdeb6e6f2115e0f079d29de8b90d0				
812	exact-and-contains-targeted	exact	exact-and-contains	success	1	successful-latency	421959	3508000	0.12028477765108324	0	38	3406a04395ea8c76e7a93d7d2144d97d90dcdeb6e6f2115e0f079d29de8b90d0				
813	exact-and-contains-dense	exact	exact-and-contains	success	1	successful-latency	312125	3311375	0.09425842739043448	0	38	3406a04395ea8c76e7a93d7d2144d97d90dcdeb6e6f2115e0f079d29de8b90d0				
814	exact-or-node-zero	exact	exact-or-node	success	1	successful-latency	1470667	2185542	0.6729072239288927	0	38	3406a04395ea8c76e7a93d7d2144d97d90dcdeb6e6f2115e0f079d29de8b90d0				
815	exact-or-node-targeted	exact	exact-or-node	success	1	successful-latency	1072041	481250	2.2276176623376625	20	16078	ec715169d6ed2f317801afa6bf47bbef20aad2fe96b8317e309e3eb857e2645e				
816	exact-or-node-dense	exact	exact-or-node	success	1	successful-latency	228083	370917	0.614916544671719	20	16120	32aaaf993a0040f305192d8954a5b5435992cd3710e8da7587f3967e8aac0012				
817	four-or-keys-zero	projection	four-or-keys	success	1	successful-latency	1612334	3783416	0.4261582654405437	0	41	c09ba8cc1e1696501be0c1ca3c8a875cf1551cff0d06904cede3c163d4374315				
818	four-or-keys-targeted	projection	four-or-keys	success	1	successful-latency	3096250	4615792	0.670794957831722	5	2504	4586b241177414bf157d154f4460c1908226b13523ead2f0e56d9787823a6d3d				
819	four-or-keys-dense	projection	four-or-keys	success	1	successful-latency	275375	766834	0.3591064037327505	5	2504	4586b241177414bf157d154f4460c1908226b13523ead2f0e56d9787823a6d3d				
820	four-or-graph-id-zero	projection	four-or-graph-id	success	1	successful-latency	1268292	3646000	0.347858475041141	0	169	2c4f3c024b63aa5490ade8d87563599fec8f2357055965a073d4e7b30883dcee				
821	four-or-graph-id-targeted	projection	four-or-graph-id	failed	1	time-to-failure	197893042	2205625	89.7219799376594	0	0	java.lang.IllegalStateException	java.lang.IllegalStateException	Unsafe expression reached parallel string projection	IllegalStateException	Unsafe expression reached parallel string projection
822	four-or-graph-id-dense	projection	four-or-graph-id	success	1	successful-latency	1629875	1585333	1.0280963053188195	200	96431	dbb4eaf2bbc93a64e64e2b59112434d00c19af07a7c51df316d03518405dfeb0				
823	single-distinct-zero	projection	single-distinct	success	1	successful-latency	751667	12456333	0.060344163888361044	0	52	49a026e323beb71e70addfd97b163cb2851f30cc7d78914fb454d79e4dac8372				
824	single-distinct-targeted	projection	single-distinct	success	1	successful-latency	10287417	56420333	0.18233527618491724	100	25693	8040fd66304f61f4842c83fdd1ba964f926b81308ca97ed2d7d16cebc7c87699				
825	single-distinct-dense	projection	single-distinct	success	1	successful-latency	40940667	50073916	0.8176046586809788	100	24151	399cc01a9b0038c71c2a6a4fbaa75dde0ece8edf56d4030a0396d09ff1871054				
826	ordered-projection-zero	projection	ordered-projection	success	1	successful-latency	2838584	3664958	0.774520199140072	0	78	c37b5e51db6e6618f054d27841148d0a2c347ded5336815a9823b0bedec77add				
827	ordered-projection-targeted	projection	ordered-projection	success	1	successful-latency	838886291	1462459125	0.5736134956934267	100	35566	64f76829c6325a1d4e12839c8a38da690792a84fcb8c10154e5023f9f69d928c				
828	ordered-projection-dense	projection	ordered-projection	success	1	successful-latency	19254166	85062375	0.2263534964783196	100	31716	8c0aec315616762281471753324a16f5666670b56ce9bb5d7db3a5b1a47cf68f				
829	ordered-skip-zero	projection	ordered-skip	success	1	successful-latency	919750	4075584	0.22567317959831032	0	135	2353923ee345bb31a3e5b5684fd9597f5a309f18266c51232f6d903326d6ab83				
830	ordered-skip-targeted	projection	ordered-skip	success	1	successful-latency	833667875	4746892792	0.17562391053048243	200	81236	f04551bacd99fce9eb16c64e2a22769aceb91a8541e192e8d87cbce9eab3f6c0				
831	ordered-skip-dense	projection	ordered-skip	success	1	successful-latency	613232458	3719767875	0.16485772193513554	200	81473	51231efd9691686c665b1f21f2ed26191c51d8d3884d2c66e8b4aa7a0b6d3940				
832	distinct-skip-zero	projection	distinct-skip	success	1	successful-latency	756167	52726333	0.014341353873405155	0	78	c37b5e51db6e6618f054d27841148d0a2c347ded5336815a9823b0bedec77add				
833	distinct-skip-targeted	projection	distinct-skip	success	1	successful-latency	71201500	296396334	0.2402239563462347	200	62570	18727def011ce82c4ab7384b33b0efb288ccf39249ed2160dc6db28a46a56e7d				
834	distinct-skip-dense	projection	distinct-skip	success	1	successful-latency	148652916	605965708	0.24531572337753477	200	67827	f82ca621dc3c7f6105688705b9d19d222bee445d0c22bcc862c59b3368366a82				
835	large-limit-zero	projection	large-limit	success	1	successful-latency	1103791	3226333	0.34211936585591135	0	147	805c8c7334c868e18e2be84be95b83cc60895722d739c2b164a68be4cd410c49				
836	large-limit-targeted	projection	large-limit	success	1	successful-latency	16624000	26852625	0.6190828643382165	5000	2310859	b85c074c5c18e197766f6a291e76f304251e9fbd7247fbd0795b198f9af175e8				
837	large-limit-dense	projection	large-limit	success	1	successful-latency	10569834	10372916	1.0189838614329856	5000	2267620	1fa1afe705a7dcd36d98f199e1e987b405ad85c146dcb5a31d2ceb2e335edb25				
838	filtered-count-zero	aggregation	filtered-count	success	1	successful-latency	1564000	11055763375	0.0001414646774673757	1	240	567be759d9023968e4cdf6991faedfb175b9264cd1aaba46e7eda3a4c148c754				
839	filtered-count-targeted	aggregation	filtered-count	success	1	successful-latency	24882250	1958953041	0.01270181034421233	1	1539	b2dac09ee7afc71fe4fa08c8d65491f8c9a12c2bde96119e3d88f00ce15ec208				
840	filtered-count-dense	aggregation	filtered-count	success	1	successful-latency	18264583	885804584	0.02061920126617904	1	2595	8f53ddc9c25c3d9952709d8b91e90fd97e6e2df7be19d01de4cd283d146f22e7				
841	filtered-distinct-count-zero	aggregation	filtered-distinct-count	success	1	successful-latency	672917	2191333	0.30708112368133916	1	254	32150744f39db6b1c8f7098a88585f5ba574e66046898de74fb950547d6bb091				
842	filtered-distinct-count-targeted	aggregation	filtered-distinct-count	success	1	successful-latency	30581125	3567049083	0.00857322797876398	1	940	d7e5ca7043b4e785d0b738dca12dd2dd93ac3fbafb9ed4c1235ddd123845584f				
843	filtered-distinct-count-dense	aggregation	filtered-distinct-count	success	1	successful-latency	44055833	3362055875	0.01310383724660733	1	2608	477b21684b95cb422a1350ea9f77182a38e7dae3c678c88ac70af2499f6b24d4				
844	parameterized-four-or-zero	contains	parameterized-four-or	success	1	successful-latency	1052875	3413208	0.3084707993184125	0	147	805c8c7334c868e18e2be84be95b83cc60895722d739c2b164a68be4cd410c49				
845	parameterized-four-or-targeted	contains	parameterized-four-or	success	1	successful-latency	1567375	2470833	0.6343508444318171	200	87107	beae22173f7c31b84468f4c460cd94ad5f6200acb0ea7f432c48c9ae442b8758				
846	parameterized-four-or-dense	contains	parameterized-four-or	success	1	successful-latency	1222250	1623417	0.7528872741877164	200	84809	4c7094233f383e8303d3dd09cafc30963d2437cbba920fb62d171edc0ce308bc				
847	global-wide-four-properties-zero	global-wide	global-wide-four-properties	success	1	successful-latency	637542	2582083	0.24690995603162252	0	147	805c8c7334c868e18e2be84be95b83cc60895722d739c2b164a68be4cd410c49				
848	global-wide-four-properties-targeted	global-wide	global-wide-four-properties	success	1	successful-latency	1559958	5106584	0.30547974928053667	11	6277	ca01ade166f4156fe11d166c7832fed45bfbdf107060915eb0c8f2df36ef35ed				
849	global-wide-four-properties-dense	global-wide	global-wide-four-properties	success	1	successful-latency	903833	660917	1.3675438822121386	200	84412	8eceb0bb70ccfdd593dcb45e66de5d2b8ea8dae746bc99461d0899dc8d12c31a				
850	global-wide-class-pair-zero	global-wide	global-wide-class-pair	success	1	successful-latency	624000	2526917	0.24694123313112382	0	84	425b336aa734c4a1ffbfb58aeaf5489b33f919170492c4bff859504736492e7f				
851	global-wide-class-pair-targeted	global-wide	global-wide-class-pair	success	1	successful-latency	1543500	5293291	0.29159553102219393	1	548	293726158b0e5fab1ac11826253b0682c325d22e027a3b3fd202214984b341d6				
852	global-wide-class-pair-dense	global-wide	global-wide-class-pair	success	1	successful-latency	350417	499125	0.7020626095667418	200	60629	81d3eb1768219b0da6ffd7c3b85945b972fea0dcf7b73f3c4ab85cb548d7f0cf				
853	global-wide-name-pair-zero	global-wide	global-wide-name-pair	success	1	successful-latency	569625	2607041	0.21849483763393057	0	82	3ccae830dbdb8a07387e7c7e6dc034be54ba0aabd8aed60d7c03e33380639d25				
854	global-wide-name-pair-targeted	global-wide	global-wide-name-pair	success	1	successful-latency	2055209	6242917	0.32920652316857646	4	1103	58540b74d820ca24f3d68b0b7fb18b59338e9416511998c40901a1ea0e3da925				
855	global-wide-name-pair-dense	global-wide	global-wide-name-pair	success	1	successful-latency	350083	436833	0.801411523396813	200	52008	cb35d833bb790432aec3a1d31677653b78a921e9c16abed9af2e31b673ab2819				
856	global-wide-caller-class-zero	global-wide	global-wide-caller-class	success	1	successful-latency	628791	2521792	0.24934292756896684	0	52	49a026e323beb71e70addfd97b163cb2851f30cc7d78914fb454d79e4dac8372				
857	global-wide-caller-class-targeted	global-wide	global-wide-caller-class	success	1	successful-latency	1584667	3702208	0.4280329468252459	2	690	71d6d516eb1b38878b6c3fb33515ffbef9ce1e392274e3672fadb25c6d59468c				
858	global-wide-caller-class-dense	global-wide	global-wide-caller-class	success	1	successful-latency	274625	385250	0.7128487994808566	200	45685	4acba209fd2966a95b338a6ca2bb4826cae6e1bc982fb1e8f624274f38af44fd				
859	global-wide-callee-class-zero	global-wide	global-wide-callee-class	success	1	successful-latency	580750	2504541	0.23187881531985302	0	52	4b6b439db49d0055828a93fdeb339f15977e31edc79e5cbecac39307b3c93d34				
860	global-wide-callee-class-targeted	global-wide	global-wide-callee-class	success	1	successful-latency	1393125	3398917	0.4098732037293055	13	3106	38accaa3de2bf6856772e7af245aab8ef28aa1b18d695c5c6636f16b84eda1fe				
861	global-wide-callee-class-dense	global-wide	global-wide-callee-class	success	1	successful-latency	281458	349917	0.8043564616751973	200	43370	4612b6fd3373ac72f1504e0f36e283689f5d39f8d1ee079417b1b2cce0b575a5				
862	global-wide-provenance-zero	global-wide	global-wide-provenance	success	1	successful-latency	636583	2543584	0.2502700913356901	0	173	21514b44bab7a7f1a700cdc7119f3ce1b4ea8304c84e402ddb5f9775b21dd8af				
863	global-wide-provenance-targeted	global-wide	global-wide-provenance	success	1	successful-latency	1984708	5264417	0.3770043292543125	5	3686	e03733885fccd27d09d67440e488d5be3f0db06077f0518c35fad38155449305				
864	global-wide-provenance-dense	global-wide	global-wide-provenance	success	1	successful-latency	520209	608125	0.8554310380267215	200	96838	0195b457e87cb89f9435db8fabc1571a1cc9b3c89510875ac7eb56a14bd74eaf				
865	global-wide-aliased-zero	global-wide	global-wide-aliased	success	1	successful-latency	674333	2548125	0.2646389011528084	0	127	204c1d27407857dc7d7e40edba750f7e94fe476df82ab2ae0618ecb2491bc113				
866	global-wide-aliased-targeted	global-wide	global-wide-aliased	success	1	successful-latency	2270625	6039250	0.3759779773978557	68	41116	ad659bfee58b6bedbfe40a71c4fad3a9ae4b1fcbbae0a4465fc1383dbba89f8d				
867	global-wide-aliased-dense	global-wide	global-wide-aliased	success	1	successful-latency	532542	565000	0.9425522123893806	200	80392	ff07e16e7d2fb977a5bd5b90d859a49a4a57c15852658928bd8ec41286ffb6d0				
868	global-wide-parameterized-zero	global-wide	global-wide-parameterized	success	1	successful-latency	624375	2590667	0.24100936168175996	0	147	805c8c7334c868e18e2be84be95b83cc60895722d739c2b164a68be4cd410c49				
869	global-wide-parameterized-targeted	global-wide	global-wide-parameterized	success	1	successful-latency	1227875	5302334	0.2315725489944617	4	2598	d72c68d3fe0e8e0257e28136dfcba3f279a31d304b51dc9611dfa7b0f16169a8				
870	global-wide-parameterized-dense	global-wide	global-wide-parameterized	success	1	successful-latency	481792	565625	0.8517869613259669	200	84412	8eceb0bb70ccfdd593dcb45e66de5d2b8ea8dae746bc99461d0899dc8d12c31a				
871	global-wide-wrapped-case-insensitive-zero	global-wide	global-wide-wrapped-case-insensitive	success	1	successful-latency	694959	2691084	0.2582450046152405	0	147	805c8c7334c868e18e2be84be95b83cc60895722d739c2b164a68be4cd410c49				
872	global-wide-wrapped-case-insensitive-targeted	global-wide	global-wide-wrapped-case-insensitive	success	1	successful-latency	1420542	5247916	0.270686878372291	5	3192	6be81ce87c99d083628d76b0dce1e105c3d7fae110ebf15207143c3be7df8eeb				
873	global-wide-wrapped-case-insensitive-dense	global-wide	global-wide-wrapped-case-insensitive	success	1	successful-latency	981958	761541	1.2894354998614652	200	84411	3bdee68309e62bee93f47848258ded90b1763d55841fa57d8b8fd21867653c44				
874	global-wide-wrapped-case-insensitive-distinct-zero	global-wide	global-wide-wrapped-case-insensitive-distinct	success	1	successful-latency	1289000	264673708	0.004870147510080601	0	147	805c8c7334c868e18e2be84be95b83cc60895722d739c2b164a68be4cd410c49				
875	global-wide-wrapped-case-insensitive-distinct-targeted	global-wide	global-wide-wrapped-case-insensitive-distinct	success	1	successful-latency	1194125	265964792	0.004489786001449395	12	7358	3358c833e7c8859180e728fd0fbf286febcb246f2ecb508f1202b5ef6e3b8b9f				
876	global-wide-wrapped-case-insensitive-distinct-dense	global-wide	global-wide-wrapped-case-insensitive-distinct	success	1	successful-latency	7302875	318086916	0.022958740622956022	200	85721	1e662cf0935ee94c21b8eb0c4f6e3b4257d74ab515ccb1e7e31419b17919a9e7				
877	exact-name-in-zero	exact	exact-name-in	success	1	successful-latency	928417	132469833	0.007008516421999264	0	82	3ccae830dbdb8a07387e7c7e6dc034be54ba0aabd8aed60d7c03e33380639d25				
878	exact-name-in-targeted	exact	exact-name-in	success	1	successful-latency	13000083	274339042	0.04738692278439902	200	73369	f54379b252d4a90f0bfaa5f48a582a6a60e4f5e85e57119e46e0558642579b35				
879	exact-name-in-dense	exact	exact-name-in	success	1	successful-latency	21478042	239303708	0.08975223233899911	200	71110	59d107d81e85fd0c600024baf9f6b93afe24ea646c8ecb5e5974378142c808d2				
880	positive-and-not-zero	boolean	positive-and-not	success	1	successful-latency	904708	13467209	0.06717858169424712	0	147	805c8c7334c868e18e2be84be95b83cc60895722d739c2b164a68be4cd410c49				
881	positive-and-not-targeted	boolean	positive-and-not	success	1	successful-latency	4396958	8886541	0.4947884671887521	200	87107	beae22173f7c31b84468f4c460cd94ad5f6200acb0ea7f432c48c9ae442b8758				
882	positive-and-not-dense	boolean	positive-and-not	success	1	successful-latency	816458	4525792	0.18040113200076363	200	84809	4c7094233f383e8303d3dd09cafc30963d2437cbba920fb62d171edc0ce308bc				
883	global-six-or-zero	global	global-six-or	success	1	successful-latency	335426458	2627679125	0.12765122453830813	0	194	d2b17268d8269d7036af5c7df40521da6219ae5e057618f231fe2b805452fd98				
884	global-six-or-targeted	global	global-six-or	success	1	successful-latency	325683042	2631881292	0.12374533873923672	200	120594	b781b11457d29cff97574767540737dd860b84ebf0e19939eaeffc28acdad38a				
885	global-six-or-dense	global	global-six-or	success	1	successful-latency	273491333	2753065459	0.09934065755898905	200	99756	f98c7c38fe41cd80e40f61990a7d175a389186e90164587b23debd9446fb3a0f				
886	global-six-or-wrapped-zero	global	global-six-or-wrapped	success	1	successful-latency	54547666	3142100708	0.017360253877642423	0	194	d2b17268d8269d7036af5c7df40521da6219ae5e057618f231fe2b805452fd98				
887	global-six-or-wrapped-targeted	global	global-six-or-wrapped	success	1	successful-latency	128911750	3276729125	0.03934159495103215	200	111062	b5eb9ba04fb3f1d50f207e047b90f66987f59218b156ea64df2c01b808761387				
888	global-six-or-wrapped-dense	global	global-six-or-wrapped	success	1	successful-latency	60479209	3416965708	0.017699682750225598	200	101415	3061e81ef06781c8157aca6ad7dc22157f48cf001e213d7ce8a896a8df874f2d				
889	exists-guarded-contains-zero	global	exists-guarded-contains	success	1	successful-latency	1148084	1681625	0.6827229614212443	0	52	49a026e323beb71e70addfd97b163cb2851f30cc7d78914fb454d79e4dac8372				
890	exists-guarded-contains-targeted	global	exists-guarded-contains	success	1	successful-latency	2718083	4547875	0.59766000604678	200	47569	6d672184d145658672f30bc434f0679f120372b6de3f11b40778b762195a6128				
891	exists-guarded-contains-dense	global	exists-guarded-contains	success	1	successful-latency	2245416	1248792	1.7980704552879903	200	44089	10cfd88586219a05bc5cf60932a651831904916222c815e8a44abf3383cb6ad1				
892	regex-or-zero	regex	regex-or	success	1	successful-latency	14298176375	24444922750	0.5849139521212028	0	84	425b336aa734c4a1ffbfb58aeaf5489b33f919170492c4bff859504736492e7f				
893	regex-or-targeted	regex	regex-or	success	1	successful-latency	4344074583	7374729917	0.5890486339013139	100	30972	a7b9846908febb502abd47dcc7269165df8c94605a7dcdc63931103d82b581a2				
894	regex-or-dense	regex	regex-or	success	1	successful-latency	1304958	825583	1.5806502798628363	100	30214	0740bcf1983553477a227138dc3b3ed095f06c984728dcc1bbffb3b71959a13b				
895	global-wide-distribution-broad-all-64	global-wide	global-wide-distribution-broad-all-64	success	1	successful-latency	501916	565917	0.8869074440244771	200	84411	3bdee68309e62bee93f47848258ded90b1763d55841fa57d8b8fd21867653c44				
896	global-wide-distribution-localized-early	global-wide	global-wide-distribution-localized-early	success	1	successful-latency	453000	1305458	0.34700465277320297	200	87514	061ea2dc2c6b48e0062033a68c9330f5e3ae05832411ea3c936eda2bf17b38ee				
897	global-wide-distribution-localized-late	global-wide	global-wide-distribution-localized-late	success	1	successful-latency	1890125	4755416	0.3974678555987531	200	113169	a4f80afc105bb0a4b11b2222f95fb82babb9dcc4eb366b125a552fd58091dac9				
898	global-wide-distribution-localized-middle	global-wide	global-wide-distribution-localized-middle	success	1	successful-latency	1363917	2845791	0.47927518219011866	200	98559	c0cb93ca1d3016402e2a72f544861fd280085797fa3a16f1cbefb769ecfda4b3				
899	graph-id-in-literal-wrapped-contains-k02-group-00-zero	graph-id-set	graph-id-in-literal-wrapped-contains	success	1	successful-latency	418417	2998750	0.13953047102959568	0	147	805c8c7334c868e18e2be84be95b83cc60895722d739c2b164a68be4cd410c49				
900	graph-id-in-parameter-wrapped-contains-k02-group-00-zero	graph-id-set	graph-id-in-parameter-wrapped-contains	success	1	successful-latency	88958	316792	0.2808088588095659	0	147	805c8c7334c868e18e2be84be95b83cc60895722d739c2b164a68be4cd410c49				
901	request-selected-set-wrapped-contains-k02-group-00-zero	graph-set-reference	request-selected-set-wrapped-contains	success	1	successful-latency	49042	257125	0.19073213417598445	0	147	805c8c7334c868e18e2be84be95b83cc60895722d739c2b164a68be4cd410c49				
902	graph-id-in-literal-wrapped-contains-k02-group-00-targeted	graph-id-set	graph-id-in-literal-wrapped-contains	success	1	successful-latency	284042	3689208	0.07699267701902414	10	5730	00c81103244dc6d42abdc3894d771e5a24957dcf7e5ad4d8dc686b1d7e0cb89e				
903	graph-id-in-parameter-wrapped-contains-k02-group-00-targeted	graph-id-set	graph-id-in-parameter-wrapped-contains	success	1	successful-latency	55375	312625	0.17712914834066373	10	5730	00c81103244dc6d42abdc3894d771e5a24957dcf7e5ad4d8dc686b1d7e0cb89e				
904	request-selected-set-wrapped-contains-k02-group-00-targeted	graph-set-reference	request-selected-set-wrapped-contains	success	1	successful-latency	45000	291208	0.15452872173841378	10	5730	00c81103244dc6d42abdc3894d771e5a24957dcf7e5ad4d8dc686b1d7e0cb89e				
905	graph-id-in-literal-wrapped-contains-k02-group-00-dense	graph-id-set	graph-id-in-literal-wrapped-contains	success	1	successful-latency	1212709	17193458	0.07053316441637278	200	84411	3bdee68309e62bee93f47848258ded90b1763d55841fa57d8b8fd21867653c44				
906	graph-id-in-parameter-wrapped-contains-k02-group-00-dense	graph-id-set	graph-id-in-parameter-wrapped-contains	success	1	successful-latency	83959	471166	0.17819409719716617	200	84411	3bdee68309e62bee93f47848258ded90b1763d55841fa57d8b8fd21867653c44				
907	request-selected-set-wrapped-contains-k02-group-00-dense	graph-set-reference	request-selected-set-wrapped-contains	success	1	successful-latency	70917	425541	0.16665139199278095	200	84411	3bdee68309e62bee93f47848258ded90b1763d55841fa57d8b8fd21867653c44				
908	graph-id-in-literal-wrapped-contains-k02-group-01-zero	graph-id-set	graph-id-in-literal-wrapped-contains	success	1	successful-latency	62292	3321125	0.018756294930181792	0	147	805c8c7334c868e18e2be84be95b83cc60895722d739c2b164a68be4cd410c49				
909	graph-id-in-parameter-wrapped-contains-k02-group-01-zero	graph-id-set	graph-id-in-parameter-wrapped-contains	success	1	successful-latency	32375	371375	0.08717603500504881	0	147	805c8c7334c868e18e2be84be95b83cc60895722d739c2b164a68be4cd410c49				
910	request-selected-set-wrapped-contains-k02-group-01-zero	graph-set-reference	request-selected-set-wrapped-contains	success	1	successful-latency	31083	256500	0.1211812865497076	0	147	805c8c7334c868e18e2be84be95b83cc60895722d739c2b164a68be4cd410c49				
911	graph-id-in-literal-wrapped-contains-k02-group-01-targeted	graph-id-set	graph-id-in-literal-wrapped-contains	success	1	successful-latency	202833	4057417	0.049990671404985	9	5751	0754b66fd035110585cc31e6af555127395a9cd85c413f0a859de6b596c3b70d				
912	graph-id-in-parameter-wrapped-contains-k02-group-01-targeted	graph-id-set	graph-id-in-parameter-wrapped-contains	success	1	successful-latency	30833	300541	0.10259165970699505	9	5751	0754b66fd035110585cc31e6af555127395a9cd85c413f0a859de6b596c3b70d				
913	request-selected-set-wrapped-contains-k02-group-01-targeted	graph-set-reference	request-selected-set-wrapped-contains	success	1	successful-latency	34083	280959	0.12130951491142836	9	5751	0754b66fd035110585cc31e6af555127395a9cd85c413f0a859de6b596c3b70d				
914	graph-id-in-literal-wrapped-contains-k02-group-01-dense	graph-id-set	graph-id-in-literal-wrapped-contains	success	1	successful-latency	1195209	19030208	0.06280588210071061	200	86930	a289774d080329d12351d967c614eae9b16190b55970a757b1f268e21aee3975				
915	graph-id-in-parameter-wrapped-contains-k02-group-01-dense	graph-id-set	graph-id-in-parameter-wrapped-contains	success	1	successful-latency	75333	706000	0.10670396600566573	200	86930	a289774d080329d12351d967c614eae9b16190b55970a757b1f268e21aee3975				
916	request-selected-set-wrapped-contains-k02-group-01-dense	graph-set-reference	request-selected-set-wrapped-contains	success	1	successful-latency	98708	449417	0.2196356613123224	200	86930	a289774d080329d12351d967c614eae9b16190b55970a757b1f268e21aee3975				
917	graph-id-in-literal-wrapped-contains-k02-group-02-zero	graph-id-set	graph-id-in-literal-wrapped-contains	success	1	successful-latency	61750	2871333	0.02150569091080693	0	147	805c8c7334c868e18e2be84be95b83cc60895722d739c2b164a68be4cd410c49				
918	graph-id-in-parameter-wrapped-contains-k02-group-02-zero	graph-id-set	graph-id-in-parameter-wrapped-contains	success	1	successful-latency	43750	298250	0.14668901927912825	0	147	805c8c7334c868e18e2be84be95b83cc60895722d739c2b164a68be4cd410c49				
919	request-selected-set-wrapped-contains-k02-group-02-zero	graph-set-reference	request-selected-set-wrapped-contains	success	1	successful-latency	30792	252292	0.12204905427044853	0	147	805c8c7334c868e18e2be84be95b83cc60895722d739c2b164a68be4cd410c49				
920	graph-id-in-literal-wrapped-contains-k02-group-02-targeted	graph-id-set	graph-id-in-literal-wrapped-contains	success	1	successful-latency	232250	3974750	0.05843134788351469	9	5762	527d81de9e8ca9f5fe9ad0166e1e1711fbccaf3c53281e7e95375f6d55e3a3c7				
921	graph-id-in-parameter-wrapped-contains-k02-group-02-targeted	graph-id-set	graph-id-in-parameter-wrapped-contains	success	1	successful-latency	30833	305625	0.10088507157464213	9	5762	527d81de9e8ca9f5fe9ad0166e1e1711fbccaf3c53281e7e95375f6d55e3a3c7				
922	request-selected-set-wrapped-contains-k02-group-02-targeted	graph-set-reference	request-selected-set-wrapped-contains	success	1	successful-latency	28500	295708	0.09637886022698067	9	5762	527d81de9e8ca9f5fe9ad0166e1e1711fbccaf3c53281e7e95375f6d55e3a3c7				
923	graph-id-in-literal-wrapped-contains-k02-group-02-dense	graph-id-set	graph-id-in-literal-wrapped-contains	success	1	successful-latency	1120417	17428916	0.06428495036639112	200	86152	85d9bac3392391ae56f1f03af81d888f398336c8e33a1ef1e42c5409f746f730				
924	graph-id-in-parameter-wrapped-contains-k02-group-02-dense	graph-id-set	graph-id-in-parameter-wrapped-contains	success	1	successful-latency	89334	453416	0.19702436614499708	200	86152	85d9bac3392391ae56f1f03af81d888f398336c8e33a1ef1e42c5409f746f730				
925	request-selected-set-wrapped-contains-k02-group-02-dense	graph-set-reference	request-selected-set-wrapped-contains	success	1	successful-latency	49209	408833	0.12036454982841405	200	86152	85d9bac3392391ae56f1f03af81d888f398336c8e33a1ef1e42c5409f746f730				
926	graph-id-in-literal-wrapped-contains-k02-group-03-zero	graph-id-set	graph-id-in-literal-wrapped-contains	success	1	successful-latency	52625	3145416	0.016730696353042016	0	147	805c8c7334c868e18e2be84be95b83cc60895722d739c2b164a68be4cd410c49				
927	graph-id-in-parameter-wrapped-contains-k02-group-03-zero	graph-id-set	graph-id-in-parameter-wrapped-contains	success	1	successful-latency	28417	286833	0.09907158520811761	0	147	805c8c7334c868e18e2be84be95b83cc60895722d739c2b164a68be4cd410c49				
928	request-selected-set-wrapped-contains-k02-group-03-zero	graph-set-reference	request-selected-set-wrapped-contains	success	1	successful-latency	27416	268709	0.10202858854746212	0	147	805c8c7334c868e18e2be84be95b83cc60895722d739c2b164a68be4cd410c49				
929	graph-id-in-literal-wrapped-contains-k02-group-03-targeted	graph-id-set	graph-id-in-literal-wrapped-contains	success	1	successful-latency	203250	4112250	0.04942549699069852	1	734	2c8962bfda6df26238f145f32f089e1ccdb69cc26ea9c2fde590f543638ba060				
930	graph-id-in-parameter-wrapped-contains-k02-group-03-targeted	graph-id-set	graph-id-in-parameter-wrapped-contains	success	1	successful-latency	38583	288583	0.1336981041849312	1	734	2c8962bfda6df26238f145f32f089e1ccdb69cc26ea9c2fde590f543638ba060				
931	request-selected-set-wrapped-contains-k02-group-03-targeted	graph-set-reference	request-selected-set-wrapped-contains	success	1	successful-latency	33125	301917	0.10971558408436756	1	734	2c8962bfda6df26238f145f32f089e1ccdb69cc26ea9c2fde590f543638ba060				
932	graph-id-in-literal-wrapped-contains-k02-group-03-dense	graph-id-set	graph-id-in-literal-wrapped-contains	success	1	successful-latency	1242708	20948833	0.05932110872238086	200	83941	f7f169fb4cd9a2408b058d9e03502907fe0d9372ba70f2f3749aeaffa464e292				
933	graph-id-in-parameter-wrapped-contains-k02-group-03-dense	graph-id-set	graph-id-in-parameter-wrapped-contains	success	1	successful-latency	51541	541834	0.09512322962383313	200	83941	f7f169fb4cd9a2408b058d9e03502907fe0d9372ba70f2f3749aeaffa464e292				
934	request-selected-set-wrapped-contains-k02-group-03-dense	graph-set-reference	request-selected-set-wrapped-contains	success	1	successful-latency	44416	494167	0.08988054645494337	200	83941	f7f169fb4cd9a2408b058d9e03502907fe0d9372ba70f2f3749aeaffa464e292				
935	graph-id-in-literal-wrapped-contains-k02-group-04-zero	graph-id-set	graph-id-in-literal-wrapped-contains	success	1	successful-latency	55334	3130875	0.017673653531361043	0	147	805c8c7334c868e18e2be84be95b83cc60895722d739c2b164a68be4cd410c49				
936	graph-id-in-parameter-wrapped-contains-k02-group-04-zero	graph-id-set	graph-id-in-parameter-wrapped-contains	success	1	successful-latency	26000	293750	0.08851063829787234	0	147	805c8c7334c868e18e2be84be95b83cc60895722d739c2b164a68be4cd410c49				
937	request-selected-set-wrapped-contains-k02-group-04-zero	graph-set-reference	request-selected-set-wrapped-contains	success	1	successful-latency	30875	264625	0.11667453944260746	0	147	805c8c7334c868e18e2be84be95b83cc60895722d739c2b164a68be4cd410c49				
938	graph-id-in-literal-wrapped-contains-k02-group-04-targeted	graph-id-set	graph-id-in-literal-wrapped-contains	success	1	successful-latency	175458	3985250	0.04402684900570855	2	1322	4b49b28d836e57c2c3f8d43a93acd00a93b169fcd603338f9ab350f541e9665c				
939	graph-id-in-parameter-wrapped-contains-k02-group-04-targeted	graph-id-set	graph-id-in-parameter-wrapped-contains	success	1	successful-latency	27083	298750	0.09065439330543933	2	1322	4b49b28d836e57c2c3f8d43a93acd00a93b169fcd603338f9ab350f541e9665c				
940	request-selected-set-wrapped-contains-k02-group-04-targeted	graph-set-reference	request-selected-set-wrapped-contains	success	1	successful-latency	28208	278333	0.10134622915716067	2	1322	4b49b28d836e57c2c3f8d43a93acd00a93b169fcd603338f9ab350f541e9665c				
941	graph-id-in-literal-wrapped-contains-k02-group-04-dense	graph-id-set	graph-id-in-literal-wrapped-contains	success	1	successful-latency	1234166	21447625	0.05754324779550183	200	85531	ed34441ff634f19c276911a1fa193106a9070fde1065b57fc7ec71132b8d5f66				
942	graph-id-in-parameter-wrapped-contains-k02-group-04-dense	graph-id-set	graph-id-in-parameter-wrapped-contains	success	1	successful-latency	46959	458166	0.1024934194156703	200	85531	ed34441ff634f19c276911a1fa193106a9070fde1065b57fc7ec71132b8d5f66				
943	request-selected-set-wrapped-contains-k02-group-04-dense	graph-set-reference	request-selected-set-wrapped-contains	success	1	successful-latency	37791	412959	0.09151271675880657	200	85531	ed34441ff634f19c276911a1fa193106a9070fde1065b57fc7ec71132b8d5f66				
944	graph-id-in-literal-wrapped-contains-k02-group-05-zero	graph-id-set	graph-id-in-literal-wrapped-contains	success	1	successful-latency	61875	2969083	0.020839767699319958	0	147	805c8c7334c868e18e2be84be95b83cc60895722d739c2b164a68be4cd410c49				
945	graph-id-in-parameter-wrapped-contains-k02-group-05-zero	graph-id-set	graph-id-in-parameter-wrapped-contains	success	1	successful-latency	36000	301917	0.11923806874074663	0	147	805c8c7334c868e18e2be84be95b83cc60895722d739c2b164a68be4cd410c49				
946	request-selected-set-wrapped-contains-k02-group-05-zero	graph-set-reference	request-selected-set-wrapped-contains	success	1	successful-latency	26834	250125	0.1072823588205897	0	147	805c8c7334c868e18e2be84be95b83cc60895722d739c2b164a68be4cd410c49				
947	graph-id-in-literal-wrapped-contains-k02-group-05-targeted	graph-id-set	graph-id-in-literal-wrapped-contains	success	1	successful-latency	240458	3864667	0.06221959097640237	1	821	f3f4d5fb39ff9fde7dcf6d88e4f52bcc4c277ed98626ccca0b17c4ddbb20b035				
948	graph-id-in-parameter-wrapped-contains-k02-group-05-targeted	graph-id-set	graph-id-in-parameter-wrapped-contains	success	1	successful-latency	64709	299667	0.21593635602185093	1	821	f3f4d5fb39ff9fde7dcf6d88e4f52bcc4c277ed98626ccca0b17c4ddbb20b035				
949	request-selected-set-wrapped-contains-k02-group-05-targeted	graph-set-reference	request-selected-set-wrapped-contains	success	1	successful-latency	45167	283250	0.15945984112974404	1	821	f3f4d5fb39ff9fde7dcf6d88e4f52bcc4c277ed98626ccca0b17c4ddbb20b035				
950	graph-id-in-literal-wrapped-contains-k02-group-05-dense	graph-id-set	graph-id-in-literal-wrapped-contains	success	1	successful-latency	1207375	18753625	0.06438088636197002	200	86914	eec30bd784e53b80ccd384559e9d1f853b8152ad8db90ad1f27d391bf03fc0d8				
951	graph-id-in-parameter-wrapped-contains-k02-group-05-dense	graph-id-set	graph-id-in-parameter-wrapped-contains	success	1	successful-latency	95084	461500	0.20603250270855905	200	86914	eec30bd784e53b80ccd384559e9d1f853b8152ad8db90ad1f27d391bf03fc0d8				
952	request-selected-set-wrapped-contains-k02-group-05-dense	graph-set-reference	request-selected-set-wrapped-contains	success	1	successful-latency	316666	468584	0.6757934543219573	200	86914	eec30bd784e53b80ccd384559e9d1f853b8152ad8db90ad1f27d391bf03fc0d8				
953	graph-id-in-literal-wrapped-contains-k02-group-06-zero	graph-id-set	graph-id-in-literal-wrapped-contains	success	1	successful-latency	67041	3270709	0.02049739062692523	0	147	805c8c7334c868e18e2be84be95b83cc60895722d739c2b164a68be4cd410c49				
954	graph-id-in-parameter-wrapped-contains-k02-group-06-zero	graph-id-set	graph-id-in-parameter-wrapped-contains	success	1	successful-latency	35166	297500	0.11820504201680672	0	147	805c8c7334c868e18e2be84be95b83cc60895722d739c2b164a68be4cd410c49				
955	request-selected-set-wrapped-contains-k02-group-06-zero	graph-set-reference	request-selected-set-wrapped-contains	success	1	successful-latency	31208	263041	0.11864310126558217	0	147	805c8c7334c868e18e2be84be95b83cc60895722d739c2b164a68be4cd410c49				
956	graph-id-in-literal-wrapped-contains-k02-group-06-targeted	graph-id-set	graph-id-in-literal-wrapped-contains	success	1	successful-latency	192292	4013083	0.04791627783427355	2	1348	569ba2c2d8626f5c6804b713aa9f9bd5155648246e0bb082ab37cf407a3ccee9				
957	graph-id-in-parameter-wrapped-contains-k02-group-06-targeted	graph-id-set	graph-id-in-parameter-wrapped-contains	success	1	successful-latency	89541	302791	0.2957188291593872	2	1348	569ba2c2d8626f5c6804b713aa9f9bd5155648246e0bb082ab37cf407a3ccee9				
958	request-selected-set-wrapped-contains-k02-group-06-targeted	graph-set-reference	request-selected-set-wrapped-contains	success	1	successful-latency	39916	270000	0.14783703703703704	2	1348	569ba2c2d8626f5c6804b713aa9f9bd5155648246e0bb082ab37cf407a3ccee9				
959	graph-id-in-literal-wrapped-contains-k02-group-06-dense	graph-id-set	graph-id-in-literal-wrapped-contains	success	1	successful-latency	1258916	20868250	0.06032686018233441	200	85894	f22afa8ccaad259750ce50e850502822308b2565f707f284de32cd44d5ef328a				
960	graph-id-in-parameter-wrapped-contains-k02-group-06-dense	graph-id-set	graph-id-in-parameter-wrapped-contains	success	1	successful-latency	62375	445750	0.13993269770050476	200	85894	f22afa8ccaad259750ce50e850502822308b2565f707f284de32cd44d5ef328a				
961	request-selected-set-wrapped-contains-k02-group-06-dense	graph-set-reference	request-selected-set-wrapped-contains	success	1	successful-latency	51042	412709	0.12367551955494065	200	85894	f22afa8ccaad259750ce50e850502822308b2565f707f284de32cd44d5ef328a				
962	graph-id-in-literal-wrapped-contains-k02-group-07-zero	graph-id-set	graph-id-in-literal-wrapped-contains	success	1	successful-latency	64833	2821042	0.02298193362594389	0	147	805c8c7334c868e18e2be84be95b83cc60895722d739c2b164a68be4cd410c49				
963	graph-id-in-parameter-wrapped-contains-k02-group-07-zero	graph-id-set	graph-id-in-parameter-wrapped-contains	success	1	successful-latency	29833	290292	0.10276893610571425	0	147	805c8c7334c868e18e2be84be95b83cc60895722d739c2b164a68be4cd410c49				
964	request-selected-set-wrapped-contains-k02-group-07-zero	graph-set-reference	request-selected-set-wrapped-contains	success	1	successful-latency	24625	249584	0.09866417719084557	0	147	805c8c7334c868e18e2be84be95b83cc60895722d739c2b164a68be4cd410c49				
965	graph-id-in-literal-wrapped-contains-k02-group-07-targeted	graph-id-set	graph-id-in-literal-wrapped-contains	success	1	successful-latency	191917	3726625	0.05149887632911817	3	1887	cfce92c06f8a0a93444f0ec3592aad57c255799cc7a1286e673f5c8cc3173d20				
966	graph-id-in-parameter-wrapped-contains-k02-group-07-targeted	graph-id-set	graph-id-in-parameter-wrapped-contains	success	1	successful-latency	39666	285209	0.13907695759951474	3	1887	cfce92c06f8a0a93444f0ec3592aad57c255799cc7a1286e673f5c8cc3173d20				
967	request-selected-set-wrapped-contains-k02-group-07-targeted	graph-set-reference	request-selected-set-wrapped-contains	success	1	successful-latency	63792	271000	0.2353948339483395	3	1887	cfce92c06f8a0a93444f0ec3592aad57c255799cc7a1286e673f5c8cc3173d20				
968	graph-id-in-literal-wrapped-contains-k02-group-07-dense	graph-id-set	graph-id-in-literal-wrapped-contains	success	1	successful-latency	1179667	20059292	0.058809004824297885	200	88102	f384f54b9e0494c603dd9e83eb2ca0ad0386a359a2e1d6a356e225c072977e41				
969	graph-id-in-parameter-wrapped-contains-k02-group-07-dense	graph-id-set	graph-id-in-parameter-wrapped-contains	success	1	successful-latency	63208	451791	0.1399053987352559	200	88102	f384f54b9e0494c603dd9e83eb2ca0ad0386a359a2e1d6a356e225c072977e41				
970	request-selected-set-wrapped-contains-k02-group-07-dense	graph-set-reference	request-selected-set-wrapped-contains	success	1	successful-latency	35500	399958	0.0887593197285715	200	88102	f384f54b9e0494c603dd9e83eb2ca0ad0386a359a2e1d6a356e225c072977e41				
971	graph-id-in-literal-wrapped-contains-k02-group-08-zero	graph-id-set	graph-id-in-literal-wrapped-contains	success	1	successful-latency	47667	2017166	0.02363067789165592	0	147	805c8c7334c868e18e2be84be95b83cc60895722d739c2b164a68be4cd410c49				
972	graph-id-in-parameter-wrapped-contains-k02-group-08-zero	graph-id-set	graph-id-in-parameter-wrapped-contains	success	1	successful-latency	27625	286166	0.09653487835731708	0	147	805c8c7334c868e18e2be84be95b83cc60895722d739c2b164a68be4cd410c49				
973	request-selected-set-wrapped-contains-k02-group-08-zero	graph-set-reference	request-selected-set-wrapped-contains	success	1	successful-latency	23875	255792	0.093337555513855	0	147	805c8c7334c868e18e2be84be95b83cc60895722d739c2b164a68be4cd410c49				
974	graph-id-in-literal-wrapped-contains-k02-group-08-targeted	graph-id-set	graph-id-in-literal-wrapped-contains	success	1	successful-latency	202458	2544250	0.07957472732632406	1	771	41ad9b5110585bc89df35b9d0a0c6bd66daaf6c239b4212552d078b2f2a28c34				
975	graph-id-in-parameter-wrapped-contains-k02-group-08-targeted	graph-id-set	graph-id-in-parameter-wrapped-contains	success	1	successful-latency	31625	300292	0.10531416088340682	1	771	41ad9b5110585bc89df35b9d0a0c6bd66daaf6c239b4212552d078b2f2a28c34				
976	request-selected-set-wrapped-contains-k02-group-08-targeted	graph-set-reference	request-selected-set-wrapped-contains	success	1	successful-latency	32375	266541	0.12146348966950675	1	771	41ad9b5110585bc89df35b9d0a0c6bd66daaf6c239b4212552d078b2f2a28c34				
977	graph-id-in-literal-wrapped-contains-k02-group-08-dense	graph-id-set	graph-id-in-literal-wrapped-contains	success	1	successful-latency	803875	12084125	0.0665232277885242	200	94237	51b180cd96740a311cc61165baa84cc05517b2f28ac6c70debc25f8e14514414				
978	graph-id-in-parameter-wrapped-contains-k02-group-08-dense	graph-id-set	graph-id-in-parameter-wrapped-contains	success	1	successful-latency	41417	435083	0.09519333092766208	200	94237	51b180cd96740a311cc61165baa84cc05517b2f28ac6c70debc25f8e14514414				
979	request-selected-set-wrapped-contains-k02-group-08-dense	graph-set-reference	request-selected-set-wrapped-contains	success	1	successful-latency	40625	402000	0.10105721393034826	200	94237	51b180cd96740a311cc61165baa84cc05517b2f28ac6c70debc25f8e14514414				
980	graph-id-in-literal-wrapped-contains-k02-group-09-zero	graph-id-set	graph-id-in-literal-wrapped-contains	success	1	successful-latency	52667	1959750	0.0268743462176298	0	147	805c8c7334c868e18e2be84be95b83cc60895722d739c2b164a68be4cd410c49				
981	graph-id-in-parameter-wrapped-contains-k02-group-09-zero	graph-id-set	graph-id-in-parameter-wrapped-contains	success	1	successful-latency	32500	274708	0.11830743917177512	0	147	805c8c7334c868e18e2be84be95b83cc60895722d739c2b164a68be4cd410c49				
982	request-selected-set-wrapped-contains-k02-group-09-zero	graph-set-reference	request-selected-set-wrapped-contains	success	1	successful-latency	27500	254833	0.10791381022081127	0	147	805c8c7334c868e18e2be84be95b83cc60895722d739c2b164a68be4cd410c49				
983	graph-id-in-literal-wrapped-contains-k02-group-09-targeted	graph-id-set	graph-id-in-literal-wrapped-contains	success	1	successful-latency	161375	2392250	0.06745741456787543	12	6781	abf0682228739bdef1eb0d4b5b1449d7697f9412e644bd07a974f6e04213652e				
984	graph-id-in-parameter-wrapped-contains-k02-group-09-targeted	graph-id-set	graph-id-in-parameter-wrapped-contains	success	1	successful-latency	40625	307167	0.13225704584151293	12	6781	abf0682228739bdef1eb0d4b5b1449d7697f9412e644bd07a974f6e04213652e				
985	request-selected-set-wrapped-contains-k02-group-09-targeted	graph-set-reference	request-selected-set-wrapped-contains	success	1	successful-latency	39292	281542	0.13955999460116075	12	6781	abf0682228739bdef1eb0d4b5b1449d7697f9412e644bd07a974f6e04213652e				
986	graph-id-in-literal-wrapped-contains-k02-group-09-dense	graph-id-set	graph-id-in-literal-wrapped-contains	success	1	successful-latency	813459	12344417	0.06589691518036048	200	95198	7d65fbc43e0cf8a1d4323c709e6963c32bdea3f389f5b683f619eee1fd79dc90				
987	graph-id-in-parameter-wrapped-contains-k02-group-09-dense	graph-id-set	graph-id-in-parameter-wrapped-contains	success	1	successful-latency	56084	436875	0.12837539341917023	200	95198	7d65fbc43e0cf8a1d4323c709e6963c32bdea3f389f5b683f619eee1fd79dc90				
988	request-selected-set-wrapped-contains-k02-group-09-dense	graph-set-reference	request-selected-set-wrapped-contains	success	1	successful-latency	36541	401083	0.09110583096266857	200	95198	7d65fbc43e0cf8a1d4323c709e6963c32bdea3f389f5b683f619eee1fd79dc90				
989	graph-id-in-literal-wrapped-contains-k02-group-10-zero	graph-id-set	graph-id-in-literal-wrapped-contains	success	1	successful-latency	96000	2046500	0.046909357439530903	0	147	805c8c7334c868e18e2be84be95b83cc60895722d739c2b164a68be4cd410c49				
990	graph-id-in-parameter-wrapped-contains-k02-group-10-zero	graph-id-set	graph-id-in-parameter-wrapped-contains	success	1	successful-latency	38542	284708	0.13537378647596837	0	147	805c8c7334c868e18e2be84be95b83cc60895722d739c2b164a68be4cd410c49				
991	request-selected-set-wrapped-contains-k02-group-10-zero	graph-set-reference	request-selected-set-wrapped-contains	success	1	successful-latency	24959	246250	0.10135634517766498	0	147	805c8c7334c868e18e2be84be95b83cc60895722d739c2b164a68be4cd410c49				
992	graph-id-in-literal-wrapped-contains-k02-group-10-targeted	graph-id-set	graph-id-in-literal-wrapped-contains	success	1	successful-latency	330834	2534083	0.130553734822419	1	763	7811e1c0f64fb9174b112349d7a5f89fec8a71f59a6b66db3b1e97241f5dc93c				
993	graph-id-in-parameter-wrapped-contains-k02-group-10-targeted	graph-id-set	graph-id-in-parameter-wrapped-contains	success	1	successful-latency	98083	281250	0.3487395555555556	1	763	7811e1c0f64fb9174b112349d7a5f89fec8a71f59a6b66db3b1e97241f5dc93c				
994	request-selected-set-wrapped-contains-k02-group-10-targeted	graph-set-reference	request-selected-set-wrapped-contains	success	1	successful-latency	25541	275917	0.09256769245823926	1	763	7811e1c0f64fb9174b112349d7a5f89fec8a71f59a6b66db3b1e97241f5dc93c				
995	graph-id-in-literal-wrapped-contains-k02-group-10-dense	graph-id-set	graph-id-in-literal-wrapped-contains	success	1	successful-latency	837708	13423500	0.062406078891496256	200	91604	a93cd6116bda146e01916f4ab7d54aa664da5b5c2287de109c82d6c48fcd38f8				
996	graph-id-in-parameter-wrapped-contains-k02-group-10-dense	graph-id-set	graph-id-in-parameter-wrapped-contains	success	1	successful-latency	39667	429125	0.09243693562481795	200	91604	a93cd6116bda146e01916f4ab7d54aa664da5b5c2287de109c82d6c48fcd38f8				
997	request-selected-set-wrapped-contains-k02-group-10-dense	graph-set-reference	request-selected-set-wrapped-contains	success	1	successful-latency	33625	400542	0.0839487494445027	200	91604	a93cd6116bda146e01916f4ab7d54aa664da5b5c2287de109c82d6c48fcd38f8				
998	graph-id-in-literal-wrapped-contains-k02-group-11-zero	graph-id-set	graph-id-in-literal-wrapped-contains	success	1	successful-latency	41708	1985833	0.021002773143562425	0	147	805c8c7334c868e18e2be84be95b83cc60895722d739c2b164a68be4cd410c49				
999	graph-id-in-parameter-wrapped-contains-k02-group-11-zero	graph-id-set	graph-id-in-parameter-wrapped-contains	success	1	successful-latency	26000	282500	0.0920353982300885	0	147	805c8c7334c868e18e2be84be95b83cc60895722d739c2b164a68be4cd410c49				
1000	request-selected-set-wrapped-contains-k02-group-11-zero	graph-set-reference	request-selected-set-wrapped-contains	success	1	successful-latency	21083	251333	0.08388472663756849	0	147	805c8c7334c868e18e2be84be95b83cc60895722d739c2b164a68be4cd410c49				
1001	graph-id-in-literal-wrapped-contains-k02-group-11-targeted	graph-id-set	graph-id-in-literal-wrapped-contains	success	1	successful-latency	224958	2497583	0.09007027994665243	11	6331	43d88524d9da26840d520d8260a6801a2d864c2023e9806c3df4a5e673a5fd66				
1002	graph-id-in-parameter-wrapped-contains-k02-group-11-targeted	graph-id-set	graph-id-in-parameter-wrapped-contains	success	1	successful-latency	26500	299292	0.0885422931451559	11	6331	43d88524d9da26840d520d8260a6801a2d864c2023e9806c3df4a5e673a5fd66				
1003	request-selected-set-wrapped-contains-k02-group-11-targeted	graph-set-reference	request-selected-set-wrapped-contains	success	1	successful-latency	26541	274333	0.09674738365417213	11	6331	43d88524d9da26840d520d8260a6801a2d864c2023e9806c3df4a5e673a5fd66				
1004	graph-id-in-literal-wrapped-contains-k02-group-11-dense	graph-id-set	graph-id-in-literal-wrapped-contains	success	1	successful-latency	803333	11623958	0.06911010862220941	200	98397	b1cc908cf8cd6a2354b320afca9ad225990c59be93a53ddc3912afb3b0d46d7b				
1005	graph-id-in-parameter-wrapped-contains-k02-group-11-dense	graph-id-set	graph-id-in-parameter-wrapped-contains	success	1	successful-latency	44291	430500	0.10288269454123113	200	98397	b1cc908cf8cd6a2354b320afca9ad225990c59be93a53ddc3912afb3b0d46d7b				
1006	request-selected-set-wrapped-contains-k02-group-11-dense	graph-set-reference	request-selected-set-wrapped-contains	success	1	successful-latency	37167	404666	0.09184611506773488	200	98397	b1cc908cf8cd6a2354b320afca9ad225990c59be93a53ddc3912afb3b0d46d7b				
1007	graph-id-in-literal-wrapped-contains-k02-group-12-zero	graph-id-set	graph-id-in-literal-wrapped-contains	success	1	successful-latency	50334	2171167	0.023182924206198788	0	147	805c8c7334c868e18e2be84be95b83cc60895722d739c2b164a68be4cd410c49				
1008	graph-id-in-parameter-wrapped-contains-k02-group-12-zero	graph-id-set	graph-id-in-parameter-wrapped-contains	success	1	successful-latency	31833	283458	0.11230235167114705	0	147	805c8c7334c868e18e2be84be95b83cc60895722d739c2b164a68be4cd410c49				
1009	request-selected-set-wrapped-contains-k02-group-12-zero	graph-set-reference	request-selected-set-wrapped-contains	success	1	successful-latency	25084	249750	0.10043643643643643	0	147	805c8c7334c868e18e2be84be95b83cc60895722d739c2b164a68be4cd410c49				
1010	graph-id-in-literal-wrapped-contains-k02-group-12-targeted	graph-id-set	graph-id-in-literal-wrapped-contains	success	1	successful-latency	218292	2773209	0.07871458660346191	1	754	033650595463ffba6f1f515fc8a38ba023fdd37a0e2442442be40f2d8baee0b4				
1011	graph-id-in-parameter-wrapped-contains-k02-group-12-targeted	graph-id-set	graph-id-in-parameter-wrapped-contains	success	1	successful-latency	40958	284041	0.1441974926155027	1	754	033650595463ffba6f1f515fc8a38ba023fdd37a0e2442442be40f2d8baee0b4				
1012	request-selected-set-wrapped-contains-k02-group-12-targeted	graph-set-reference	request-selected-set-wrapped-contains	success	1	successful-latency	26833	272084	0.09862027903147558	1	754	033650595463ffba6f1f515fc8a38ba023fdd37a0e2442442be40f2d8baee0b4				
1013	graph-id-in-literal-wrapped-contains-k02-group-12-dense	graph-id-set	graph-id-in-literal-wrapped-contains	success	1	successful-latency	892542	15037500	0.05935441396508728	200	96144	13cc3d04be15c5d98101b6676211e0260c08571becd6cbc7be1dcfad1b7efce8				
1014	graph-id-in-parameter-wrapped-contains-k02-group-12-dense	graph-id-set	graph-id-in-parameter-wrapped-contains	success	1	successful-latency	42625	438083	0.09729891367617552	200	96144	13cc3d04be15c5d98101b6676211e0260c08571becd6cbc7be1dcfad1b7efce8				
1015	request-selected-set-wrapped-contains-k02-group-12-dense	graph-set-reference	request-selected-set-wrapped-contains	success	1	successful-latency	38000	402625	0.0943806271344303	200	96144	13cc3d04be15c5d98101b6676211e0260c08571becd6cbc7be1dcfad1b7efce8				
1016	graph-id-in-literal-wrapped-contains-k02-group-13-zero	graph-id-set	graph-id-in-literal-wrapped-contains	success	1	successful-latency	43458	2173583	0.019993715445878992	0	147	805c8c7334c868e18e2be84be95b83cc60895722d739c2b164a68be4cd410c49				
1017	graph-id-in-parameter-wrapped-contains-k02-group-13-zero	graph-id-set	graph-id-in-parameter-wrapped-contains	success	1	successful-latency	29417	295250	0.0996342082980525	0	147	805c8c7334c868e18e2be84be95b83cc60895722d739c2b164a68be4cd410c49				
1018	request-selected-set-wrapped-contains-k02-group-13-zero	graph-set-reference	request-selected-set-wrapped-contains	success	1	successful-latency	20250	257167	0.0787426069441258	0	147	805c8c7334c868e18e2be84be95b83cc60895722d739c2b164a68be4cd410c49				
1019	graph-id-in-literal-wrapped-contains-k02-group-13-targeted	graph-id-set	graph-id-in-literal-wrapped-contains	success	1	successful-latency	153750	2619542	0.05869346626242297	1	791	550bd45f802381cb65ea30928a856fc0c2bc207cbfc2a147aad4312130548c9a				
1020	graph-id-in-parameter-wrapped-contains-k02-group-13-targeted	graph-id-set	graph-id-in-parameter-wrapped-contains	success	1	successful-latency	25958	284708	0.09117411523385363	1	791	550bd45f802381cb65ea30928a856fc0c2bc207cbfc2a147aad4312130548c9a				
1021	request-selected-set-wrapped-contains-k02-group-13-targeted	graph-set-reference	request-selected-set-wrapped-contains	success	1	successful-latency	22334	270583	0.08254029262740084	1	791	550bd45f802381cb65ea30928a856fc0c2bc207cbfc2a147aad4312130548c9a				
1022	graph-id-in-literal-wrapped-contains-k02-group-13-dense	graph-id-set	graph-id-in-literal-wrapped-contains	success	1	successful-latency	884167	15572333	0.056778069156368544	200	96089	d0bdae62973cb737c05eda37d83d6fd7dea4520a7f87acdd4ed9a2fba1f97888				
1023	graph-id-in-parameter-wrapped-contains-k02-group-13-dense	graph-id-set	graph-id-in-parameter-wrapped-contains	success	1	successful-latency	34708	432000	0.08034259259259259	200	96089	d0bdae62973cb737c05eda37d83d6fd7dea4520a7f87acdd4ed9a2fba1f97888				
1024	request-selected-set-wrapped-contains-k02-group-13-dense	graph-set-reference	request-selected-set-wrapped-contains	success	1	successful-latency	30791	409000	0.07528361858190709	200	96089	d0bdae62973cb737c05eda37d83d6fd7dea4520a7f87acdd4ed9a2fba1f97888				
1025	graph-id-in-literal-wrapped-contains-k02-group-14-zero	graph-id-set	graph-id-in-literal-wrapped-contains	success	1	successful-latency	40250	2041458	0.019716300800702243	0	147	805c8c7334c868e18e2be84be95b83cc60895722d739c2b164a68be4cd410c49				
1026	graph-id-in-parameter-wrapped-contains-k02-group-14-zero	graph-id-set	graph-id-in-parameter-wrapped-contains	success	1	successful-latency	23917	272041	0.08791689487981591	0	147	805c8c7334c868e18e2be84be95b83cc60895722d739c2b164a68be4cd410c49				
1027	request-selected-set-wrapped-contains-k02-group-14-zero	graph-set-reference	request-selected-set-wrapped-contains	success	1	successful-latency	22667	260167	0.08712480829620974	0	147	805c8c7334c868e18e2be84be95b83cc60895722d739c2b164a68be4cd410c49				
1028	graph-id-in-literal-wrapped-contains-k02-group-14-targeted	graph-id-set	graph-id-in-literal-wrapped-contains	success	1	successful-latency	177500	2581208	0.06876625208042127	12	6370	8871e0dc77f7df7110f742adaac439b8d2f4e912a3a21e1793fda026e0955f9b				
1029	graph-id-in-parameter-wrapped-contains-k02-group-14-targeted	graph-id-set	graph-id-in-parameter-wrapped-contains	success	1	successful-latency	28125	308166	0.09126574638344269	12	6370	8871e0dc77f7df7110f742adaac439b8d2f4e912a3a21e1793fda026e0955f9b				
1030	request-selected-set-wrapped-contains-k02-group-14-targeted	graph-set-reference	request-selected-set-wrapped-contains	success	1	successful-latency	25583	272541	0.09386844548159727	12	6370	8871e0dc77f7df7110f742adaac439b8d2f4e912a3a21e1793fda026e0955f9b				
1031	graph-id-in-literal-wrapped-contains-k02-group-14-dense	graph-id-set	graph-id-in-literal-wrapped-contains	success	1	successful-latency	798791	13304542	0.06003897015019382	200	101142	3ec255435f1804ca883e61ce69218b0c9b6812e5f4d6241be813f3a04980ff78				
1032	graph-id-in-parameter-wrapped-contains-k02-group-14-dense	graph-id-set	graph-id-in-parameter-wrapped-contains	success	1	successful-latency	41208	476666	0.08645047056009869	200	101142	3ec255435f1804ca883e61ce69218b0c9b6812e5f4d6241be813f3a04980ff78				
1033	request-selected-set-wrapped-contains-k02-group-14-dense	graph-set-reference	request-selected-set-wrapped-contains	success	1	successful-latency	31625	398083	0.07944323168786409	200	101142	3ec255435f1804ca883e61ce69218b0c9b6812e5f4d6241be813f3a04980ff78				
1034	graph-id-in-literal-wrapped-contains-k02-group-15-zero	graph-id-set	graph-id-in-literal-wrapped-contains	success	1	successful-latency	42292	2201583	0.01920981402926894	0	147	805c8c7334c868e18e2be84be95b83cc60895722d739c2b164a68be4cd410c49				
1035	graph-id-in-parameter-wrapped-contains-k02-group-15-zero	graph-id-set	graph-id-in-parameter-wrapped-contains	success	1	successful-latency	28459	286375	0.09937669140113488	0	147	805c8c7334c868e18e2be84be95b83cc60895722d739c2b164a68be4cd410c49				
1036	request-selected-set-wrapped-contains-k02-group-15-zero	graph-set-reference	request-selected-set-wrapped-contains	success	1	successful-latency	25583	245417	0.10424298235248577	0	147	805c8c7334c868e18e2be84be95b83cc60895722d739c2b164a68be4cd410c49				
1037	graph-id-in-literal-wrapped-contains-k02-group-15-targeted	graph-id-set	graph-id-in-literal-wrapped-contains	success	1	successful-latency	201042	2840375	0.07078009065704352	10	5866	c85815e1257e7d89a547803b839a8fa3d5c32a25ad93fc4df95c67dd0df38386				
1038	graph-id-in-parameter-wrapped-contains-k02-group-15-targeted	graph-id-set	graph-id-in-parameter-wrapped-contains	success	1	successful-latency	28750	302917	0.09491048703110093	10	5866	c85815e1257e7d89a547803b839a8fa3d5c32a25ad93fc4df95c67dd0df38386				
1039	request-selected-set-wrapped-contains-k02-group-15-targeted	graph-set-reference	request-selected-set-wrapped-contains	success	1	successful-latency	20167	289917	0.0695612882307695	10	5866	c85815e1257e7d89a547803b839a8fa3d5c32a25ad93fc4df95c67dd0df38386				
1040	graph-id-in-literal-wrapped-contains-k02-group-15-dense	graph-id-set	graph-id-in-literal-wrapped-contains	success	1	successful-latency	818000	12380958	0.0660692007839781	200	95471	766b9ef7e8ecf0adce38af75461cc8c431950c6a78cf29871668bb82bbc59681				
1041	graph-id-in-parameter-wrapped-contains-k02-group-15-dense	graph-id-set	graph-id-in-parameter-wrapped-contains	success	1	successful-latency	54250	432375	0.12546978895634575	200	95471	766b9ef7e8ecf0adce38af75461cc8c431950c6a78cf29871668bb82bbc59681				
1042	request-selected-set-wrapped-contains-k02-group-15-dense	graph-set-reference	request-selected-set-wrapped-contains	success	1	successful-latency	38000	404209	0.09401077165525755	200	95471	766b9ef7e8ecf0adce38af75461cc8c431950c6a78cf29871668bb82bbc59681				
1043	graph-id-in-literal-wrapped-contains-k02-group-16-zero	graph-id-set	graph-id-in-literal-wrapped-contains	success	1	successful-latency	40208	2342542	0.01716426002180537	0	147	805c8c7334c868e18e2be84be95b83cc60895722d739c2b164a68be4cd410c49				
1044	graph-id-in-parameter-wrapped-contains-k02-group-16-zero	graph-id-set	graph-id-in-parameter-wrapped-contains	success	1	successful-latency	28542	288666	0.09887551703352664	0	147	805c8c7334c868e18e2be84be95b83cc60895722d739c2b164a68be4cd410c49				
1045	request-selected-set-wrapped-contains-k02-group-16-zero	graph-set-reference	request-selected-set-wrapped-contains	success	1	successful-latency	22292	244500	0.09117382413087935	0	147	805c8c7334c868e18e2be84be95b83cc60895722d739c2b164a68be4cd410c49				
1046	graph-id-in-literal-wrapped-contains-k02-group-16-targeted	graph-id-set	graph-id-in-literal-wrapped-contains	success	1	successful-latency	234250	3501541	0.06689911670318868	4	2862	72e96499d86d64ae9da267f3b15791817d4250f06a8dfea9d09edd8c3c23a440				
1047	graph-id-in-parameter-wrapped-contains-k02-group-16-targeted	graph-id-set	graph-id-in-parameter-wrapped-contains	success	1	successful-latency	31166	300791	0.10361347247756748	4	2862	72e96499d86d64ae9da267f3b15791817d4250f06a8dfea9d09edd8c3c23a440				
1048	request-selected-set-wrapped-contains-k02-group-16-targeted	graph-set-reference	request-selected-set-wrapped-contains	success	1	successful-latency	22708	285958	0.07941026304562208	4	2862	72e96499d86d64ae9da267f3b15791817d4250f06a8dfea9d09edd8c3c23a440				
1049	graph-id-in-literal-wrapped-contains-k02-group-16-dense	graph-id-set	graph-id-in-literal-wrapped-contains	success	1	successful-latency	1073417	25149125	0.042682081384541215	200	92864	0ad6a5ae10cb27d8dd28af205e0df8ebd79b3e1ca0079c8c876100ee108fc38d				
1050	graph-id-in-parameter-wrapped-contains-k02-group-16-dense	graph-id-set	graph-id-in-parameter-wrapped-contains	success	1	successful-latency	33750	528084	0.0639102869997955	200	92864	0ad6a5ae10cb27d8dd28af205e0df8ebd79b3e1ca0079c8c876100ee108fc38d				
1051	request-selected-set-wrapped-contains-k02-group-16-dense	graph-set-reference	request-selected-set-wrapped-contains	success	1	successful-latency	36416	420875	0.08652450252450253	200	92864	0ad6a5ae10cb27d8dd28af205e0df8ebd79b3e1ca0079c8c876100ee108fc38d				
1052	graph-id-in-literal-wrapped-contains-k02-group-17-zero	graph-id-set	graph-id-in-literal-wrapped-contains	success	1	successful-latency	39292	2466833	0.015928115117642742	0	147	805c8c7334c868e18e2be84be95b83cc60895722d739c2b164a68be4cd410c49				
1053	graph-id-in-parameter-wrapped-contains-k02-group-17-zero	graph-id-set	graph-id-in-parameter-wrapped-contains	success	1	successful-latency	26000	285833	0.09096220520373785	0	147	805c8c7334c868e18e2be84be95b83cc60895722d739c2b164a68be4cd410c49				
1054	request-selected-set-wrapped-contains-k02-group-17-zero	graph-set-reference	request-selected-set-wrapped-contains	success	1	successful-latency	20250	253375	0.07992106561420818	0	147	805c8c7334c868e18e2be84be95b83cc60895722d739c2b164a68be4cd410c49				
1055	graph-id-in-literal-wrapped-contains-k02-group-17-targeted	graph-id-set	graph-id-in-literal-wrapped-contains	success	1	successful-latency	224791	3621083	0.06207838925536918	4	2883	e83a01bd4b4e8f51ba0c51a53e73f87ec8dd6170bd60b37ef57b4eb9aba8bcc7				
1056	graph-id-in-parameter-wrapped-contains-k02-group-17-targeted	graph-id-set	graph-id-in-parameter-wrapped-contains	success	1	successful-latency	26000	293875	0.08847299021692896	4	2883	e83a01bd4b4e8f51ba0c51a53e73f87ec8dd6170bd60b37ef57b4eb9aba8bcc7				
1057	request-selected-set-wrapped-contains-k02-group-17-targeted	graph-set-reference	request-selected-set-wrapped-contains	success	1	successful-latency	26458	288292	0.09177500589679907	4	2883	e83a01bd4b4e8f51ba0c51a53e73f87ec8dd6170bd60b37ef57b4eb9aba8bcc7				
1058	graph-id-in-literal-wrapped-contains-k02-group-17-dense	graph-id-set	graph-id-in-literal-wrapped-contains	success	1	successful-latency	1018625	22494958	0.0452823694980893	200	94183	b06f89a813919b2f4278637c18773fe7508c48351caa08a76cefe1f54c9b7715				
1059	graph-id-in-parameter-wrapped-contains-k02-group-17-dense	graph-id-set	graph-id-in-parameter-wrapped-contains	success	1	successful-latency	43958	442042	0.09944303934920211	200	94183	b06f89a813919b2f4278637c18773fe7508c48351caa08a76cefe1f54c9b7715				
1060	request-selected-set-wrapped-contains-k02-group-17-dense	graph-set-reference	request-selected-set-wrapped-contains	success	1	successful-latency	36708	399833	0.09180832997776572	200	94183	b06f89a813919b2f4278637c18773fe7508c48351caa08a76cefe1f54c9b7715				
1061	graph-id-in-literal-wrapped-contains-k02-group-18-zero	graph-id-set	graph-id-in-literal-wrapped-contains	success	1	successful-latency	40875	2262250	0.018068294839208753	0	147	805c8c7334c868e18e2be84be95b83cc60895722d739c2b164a68be4cd410c49				
1062	graph-id-in-parameter-wrapped-contains-k02-group-18-zero	graph-id-set	graph-id-in-parameter-wrapped-contains	success	1	successful-latency	27708	276500	0.10020976491862568	0	147	805c8c7334c868e18e2be84be95b83cc60895722d739c2b164a68be4cd410c49				
1063	request-selected-set-wrapped-contains-k02-group-18-zero	graph-set-reference	request-selected-set-wrapped-contains	success	1	successful-latency	23917	252167	0.0948458759472889	0	147	805c8c7334c868e18e2be84be95b83cc60895722d739c2b164a68be4cd410c49				
1064	graph-id-in-literal-wrapped-contains-k02-group-18-targeted	graph-id-set	graph-id-in-literal-wrapped-contains	success	1	successful-latency	195541	3350417	0.058363182851567434	1	795	6f5022183da52ea8cb963f17c4b86a6270dc9bfe0ca358e5ec7d6bdf4c95879f				
1065	graph-id-in-parameter-wrapped-contains-k02-group-18-targeted	graph-id-set	graph-id-in-parameter-wrapped-contains	success	1	successful-latency	27458	282875	0.09706760936809544	1	795	6f5022183da52ea8cb963f17c4b86a6270dc9bfe0ca358e5ec7d6bdf4c95879f				
1066	request-selected-set-wrapped-contains-k02-group-18-targeted	graph-set-reference	request-selected-set-wrapped-contains	success	1	successful-latency	21292	280958	0.07578356907438122	1	795	6f5022183da52ea8cb963f17c4b86a6270dc9bfe0ca358e5ec7d6bdf4c95879f				
1067	graph-id-in-literal-wrapped-contains-k02-group-18-dense	graph-id-set	graph-id-in-literal-wrapped-contains	success	1	successful-latency	907625	19873500	0.0456701134676831	200	91716	5d2df55fe9df550bd17a462dbec1bd958f7c0d5940c160537976ecc80d5cb22f				
1068	graph-id-in-parameter-wrapped-contains-k02-group-18-dense	graph-id-set	graph-id-in-parameter-wrapped-contains	success	1	successful-latency	39500	439625	0.08984930338356553	200	91716	5d2df55fe9df550bd17a462dbec1bd958f7c0d5940c160537976ecc80d5cb22f				
1069	request-selected-set-wrapped-contains-k02-group-18-dense	graph-set-reference	request-selected-set-wrapped-contains	success	1	successful-latency	43208	395041	0.10937598882141347	200	91716	5d2df55fe9df550bd17a462dbec1bd958f7c0d5940c160537976ecc80d5cb22f				
1070	graph-id-in-literal-wrapped-contains-k02-group-19-zero	graph-id-set	graph-id-in-literal-wrapped-contains	success	1	successful-latency	33875	2357000	0.014372083156554943	0	147	805c8c7334c868e18e2be84be95b83cc60895722d739c2b164a68be4cd410c49				
1071	graph-id-in-parameter-wrapped-contains-k02-group-19-zero	graph-id-set	graph-id-in-parameter-wrapped-contains	success	1	successful-latency	32917	285375	0.11534647393780113	0	147	805c8c7334c868e18e2be84be95b83cc60895722d739c2b164a68be4cd410c49				
1072	request-selected-set-wrapped-contains-k02-group-19-zero	graph-set-reference	request-selected-set-wrapped-contains	success	1	successful-latency	20583	258417	0.07965033260195731	0	147	805c8c7334c868e18e2be84be95b83cc60895722d739c2b164a68be4cd410c49				
1073	graph-id-in-literal-wrapped-contains-k02-group-19-targeted	graph-id-set	graph-id-in-literal-wrapped-contains	success	1	successful-latency	219500	3456542	0.06350277242400064	1	801	6e224732564976ab3ad1b488a2dcb0c2a2f84050ab25d529f41b87f4de3c406c				
1074	graph-id-in-parameter-wrapped-contains-k02-group-19-targeted	graph-id-set	graph-id-in-parameter-wrapped-contains	success	1	successful-latency	54292	296083	0.18336750168027208	1	801	6e224732564976ab3ad1b488a2dcb0c2a2f84050ab25d529f41b87f4de3c406c				
1075	request-selected-set-wrapped-contains-k02-group-19-targeted	graph-set-reference	request-selected-set-wrapped-contains	success	1	successful-latency	31333	280083	0.1118704098427966	1	801	6e224732564976ab3ad1b488a2dcb0c2a2f84050ab25d529f41b87f4de3c406c				
1076	graph-id-in-literal-wrapped-contains-k02-group-19-dense	graph-id-set	graph-id-in-literal-wrapped-contains	success	1	successful-latency	989041	21006041	0.04708364608066794	200	92968	77adda61bf8a66745500e9e1b739302ae425b75af5d5199095bd9c0f56151e04				
1077	graph-id-in-parameter-wrapped-contains-k02-group-19-dense	graph-id-set	graph-id-in-parameter-wrapped-contains	success	1	successful-latency	39125	447292	0.0874708244278905	200	92968	77adda61bf8a66745500e9e1b739302ae425b75af5d5199095bd9c0f56151e04				
1078	request-selected-set-wrapped-contains-k02-group-19-dense	graph-set-reference	request-selected-set-wrapped-contains	success	1	successful-latency	33958	396584	0.08562624815928026	200	92968	77adda61bf8a66745500e9e1b739302ae425b75af5d5199095bd9c0f56151e04				
1079	graph-id-in-literal-wrapped-contains-k02-group-20-zero	graph-id-set	graph-id-in-literal-wrapped-contains	success	1	successful-latency	36625	2411583	0.015187119829589112	0	147	805c8c7334c868e18e2be84be95b83cc60895722d739c2b164a68be4cd410c49				
1080	graph-id-in-parameter-wrapped-contains-k02-group-20-zero	graph-id-set	graph-id-in-parameter-wrapped-contains	success	1	successful-latency	25375	280500	0.09046345811051694	0	147	805c8c7334c868e18e2be84be95b83cc60895722d739c2b164a68be4cd410c49				
1081	request-selected-set-wrapped-contains-k02-group-20-zero	graph-set-reference	request-selected-set-wrapped-contains	success	1	successful-latency	23000	258917	0.08883155605850523	0	147	805c8c7334c868e18e2be84be95b83cc60895722d739c2b164a68be4cd410c49				
1082	graph-id-in-literal-wrapped-contains-k02-group-20-targeted	graph-id-set	graph-id-in-literal-wrapped-contains	success	1	successful-latency	211750	3781250	0.056	4	2911	6520445594f6fc1d080f2e441beea159540f21b52c555b515dbd7ba1fee2a37f				
1083	graph-id-in-parameter-wrapped-contains-k02-group-20-targeted	graph-id-set	graph-id-in-parameter-wrapped-contains	success	1	successful-latency	28875	308000	0.09375	4	2911	6520445594f6fc1d080f2e441beea159540f21b52c555b515dbd7ba1fee2a37f				
1084	request-selected-set-wrapped-contains-k02-group-20-targeted	graph-set-reference	request-selected-set-wrapped-contains	success	1	successful-latency	24791	288917	0.08580665035286951	4	2911	6520445594f6fc1d080f2e441beea159540f21b52c555b515dbd7ba1fee2a37f				
1085	graph-id-in-literal-wrapped-contains-k02-group-20-dense	graph-id-set	graph-id-in-literal-wrapped-contains	success	1	successful-latency	1041167	24102833	0.0431968723344679	200	95189	6547ed796970ad3186785ae6dc7d6b1328d226d1878e5144fdb98c21fcba06f9				
1086	graph-id-in-parameter-wrapped-contains-k02-group-20-dense	graph-id-set	graph-id-in-parameter-wrapped-contains	success	1	successful-latency	38375	432917	0.0886428576378382	200	95189	6547ed796970ad3186785ae6dc7d6b1328d226d1878e5144fdb98c21fcba06f9				
1087	request-selected-set-wrapped-contains-k02-group-20-dense	graph-set-reference	request-selected-set-wrapped-contains	success	1	successful-latency	37875	395375	0.09579513120455264	200	95189	6547ed796970ad3186785ae6dc7d6b1328d226d1878e5144fdb98c21fcba06f9				
1088	graph-id-in-literal-wrapped-contains-k02-group-21-zero	graph-id-set	graph-id-in-literal-wrapped-contains	success	1	successful-latency	47334	2255375	0.02098719725101147	0	147	805c8c7334c868e18e2be84be95b83cc60895722d739c2b164a68be4cd410c49				
1089	graph-id-in-parameter-wrapped-contains-k02-group-21-zero	graph-id-set	graph-id-in-parameter-wrapped-contains	success	1	successful-latency	35500	275125	0.12903225806451613	0	147	805c8c7334c868e18e2be84be95b83cc60895722d739c2b164a68be4cd410c49				
1090	request-selected-set-wrapped-contains-k02-group-21-zero	graph-set-reference	request-selected-set-wrapped-contains	success	1	successful-latency	37458	258042	0.14516241542074546	0	147	805c8c7334c868e18e2be84be95b83cc60895722d739c2b164a68be4cd410c49				
1091	graph-id-in-literal-wrapped-contains-k02-group-21-targeted	graph-id-set	graph-id-in-literal-wrapped-contains	success	1	successful-latency	289625	3506208	0.08260348501857277	63	39077	2d20a012ee335ff72d99f67135e1ac36defbca676c07a298d3df15c7c1e33f7d				
1092	graph-id-in-parameter-wrapped-contains-k02-group-21-targeted	graph-id-set	graph-id-in-parameter-wrapped-contains	success	1	successful-latency	94458	358000	0.2638491620111732	63	39077	2d20a012ee335ff72d99f67135e1ac36defbca676c07a298d3df15c7c1e33f7d				
1093	request-selected-set-wrapped-contains-k02-group-21-targeted	graph-set-reference	request-selected-set-wrapped-contains	success	1	successful-latency	28958	367875	0.07871695548759769	63	39077	2d20a012ee335ff72d99f67135e1ac36defbca676c07a298d3df15c7c1e33f7d				
1094	graph-id-in-literal-wrapped-contains-k02-group-21-dense	graph-id-set	graph-id-in-literal-wrapped-contains	success	1	successful-latency	896625	17930208	0.05000639144844276	200	93248	bd7a2cfc84011237aca413f8fd4b6ee9130043dc1530bc214cc965d935dc3d88				
1095	graph-id-in-parameter-wrapped-contains-k02-group-21-dense	graph-id-set	graph-id-in-parameter-wrapped-contains	success	1	successful-latency	49625	438292	0.11322360435508748	200	93248	bd7a2cfc84011237aca413f8fd4b6ee9130043dc1530bc214cc965d935dc3d88				
1096	request-selected-set-wrapped-contains-k02-group-21-dense	graph-set-reference	request-selected-set-wrapped-contains	success	1	successful-latency	43208	416250	0.103803003003003	200	93248	bd7a2cfc84011237aca413f8fd4b6ee9130043dc1530bc214cc965d935dc3d88				
1097	graph-id-in-literal-wrapped-contains-k02-group-22-zero	graph-id-set	graph-id-in-literal-wrapped-contains	success	1	successful-latency	37833	2301417	0.01643900257971502	0	147	805c8c7334c868e18e2be84be95b83cc60895722d739c2b164a68be4cd410c49				
1098	graph-id-in-parameter-wrapped-contains-k02-group-22-zero	graph-id-set	graph-id-in-parameter-wrapped-contains	success	1	successful-latency	25417	274208	0.09269240868246004	0	147	805c8c7334c868e18e2be84be95b83cc60895722d739c2b164a68be4cd410c49				
1099	request-selected-set-wrapped-contains-k02-group-22-zero	graph-set-reference	request-selected-set-wrapped-contains	success	1	successful-latency	20542	252917	0.08122032129117457	0	147	805c8c7334c868e18e2be84be95b83cc60895722d739c2b164a68be4cd410c49				
1100	graph-id-in-literal-wrapped-contains-k02-group-22-targeted	graph-id-set	graph-id-in-literal-wrapped-contains	success	1	successful-latency	251375	3505459	0.07170958211178621	5	3545	4491fecdbf798782a80b3c646f871b5d7a5bb168536f84f8e4718b2551f81515				
1101	graph-id-in-parameter-wrapped-contains-k02-group-22-targeted	graph-id-set	graph-id-in-parameter-wrapped-contains	success	1	successful-latency	30083	290291	0.10363049491716932	5	3545	4491fecdbf798782a80b3c646f871b5d7a5bb168536f84f8e4718b2551f81515				
1102	request-selected-set-wrapped-contains-k02-group-22-targeted	graph-set-reference	request-selected-set-wrapped-contains	success	1	successful-latency	32375	293750	0.1102127659574468	5	3545	4491fecdbf798782a80b3c646f871b5d7a5bb168536f84f8e4718b2551f81515				
1103	graph-id-in-literal-wrapped-contains-k02-group-22-dense	graph-id-set	graph-id-in-literal-wrapped-contains	success	1	successful-latency	915917	21543917	0.04251394952923371	200	90517	901cb7ad5a7cef604f7264d87d81f85a7b3e521b0175839dd61f15fa140b58cf				
1104	graph-id-in-parameter-wrapped-contains-k02-group-22-dense	graph-id-set	graph-id-in-parameter-wrapped-contains	success	1	successful-latency	39583	440000	0.08996136363636363	200	90517	901cb7ad5a7cef604f7264d87d81f85a7b3e521b0175839dd61f15fa140b58cf				
1105	request-selected-set-wrapped-contains-k02-group-22-dense	graph-set-reference	request-selected-set-wrapped-contains	success	1	successful-latency	29625	460666	0.06430906557028303	200	90517	901cb7ad5a7cef604f7264d87d81f85a7b3e521b0175839dd61f15fa140b58cf				
1106	graph-id-in-literal-wrapped-contains-k02-group-23-zero	graph-id-set	graph-id-in-literal-wrapped-contains	success	1	successful-latency	131292	2353917	0.055775968311541996	0	147	805c8c7334c868e18e2be84be95b83cc60895722d739c2b164a68be4cd410c49				
1107	graph-id-in-parameter-wrapped-contains-k02-group-23-zero	graph-id-set	graph-id-in-parameter-wrapped-contains	success	1	successful-latency	56417	313917	0.17971947998993365	0	147	805c8c7334c868e18e2be84be95b83cc60895722d739c2b164a68be4cd410c49				
1108	request-selected-set-wrapped-contains-k02-group-23-zero	graph-set-reference	request-selected-set-wrapped-contains	success	1	successful-latency	44792	283792	0.15783390652308732	0	147	805c8c7334c868e18e2be84be95b83cc60895722d739c2b164a68be4cd410c49				
1109	graph-id-in-literal-wrapped-contains-k02-group-23-targeted	graph-id-set	graph-id-in-literal-wrapped-contains	success	1	successful-latency	268417	3733834	0.07188777005083782	45	27605	5de372ca8e19ec486456452fc7bd2d9f18c4d7b0beb5e238b24073911e1d2e3a				
1110	graph-id-in-parameter-wrapped-contains-k02-group-23-targeted	graph-id-set	graph-id-in-parameter-wrapped-contains	success	1	successful-latency	66417	373167	0.17798197589819034	45	27605	5de372ca8e19ec486456452fc7bd2d9f18c4d7b0beb5e238b24073911e1d2e3a				
1111	request-selected-set-wrapped-contains-k02-group-23-targeted	graph-set-reference	request-selected-set-wrapped-contains	success	1	successful-latency	36625	334916	0.10935577876243595	45	27605	5de372ca8e19ec486456452fc7bd2d9f18c4d7b0beb5e238b24073911e1d2e3a				
1112	graph-id-in-literal-wrapped-contains-k02-group-23-dense	graph-id-set	graph-id-in-literal-wrapped-contains	success	1	successful-latency	1071042	21254042	0.05039239124492179	200	96641	3ad39c9167b00424c5957087068cab90d47268c9063b8d9e565113275edd98c8				
1113	graph-id-in-parameter-wrapped-contains-k02-group-23-dense	graph-id-set	graph-id-in-parameter-wrapped-contains	success	1	successful-latency	47750	492458	0.09696258361119121	200	96641	3ad39c9167b00424c5957087068cab90d47268c9063b8d9e565113275edd98c8				
1114	request-selected-set-wrapped-contains-k02-group-23-dense	graph-set-reference	request-selected-set-wrapped-contains	success	1	successful-latency	39958	447792	0.08923339407582091	200	96641	3ad39c9167b00424c5957087068cab90d47268c9063b8d9e565113275edd98c8				
1115	graph-id-in-literal-wrapped-contains-k02-group-24-zero	graph-id-set	graph-id-in-literal-wrapped-contains	success	1	successful-latency	47125	2083500	0.02261819054475642	0	147	805c8c7334c868e18e2be84be95b83cc60895722d739c2b164a68be4cd410c49				
1116	graph-id-in-parameter-wrapped-contains-k02-group-24-zero	graph-id-set	graph-id-in-parameter-wrapped-contains	success	1	successful-latency	26792	924750	0.028972154636388213	0	147	805c8c7334c868e18e2be84be95b83cc60895722d739c2b164a68be4cd410c49				
1117	request-selected-set-wrapped-contains-k02-group-24-zero	graph-set-reference	request-selected-set-wrapped-contains	success	1	successful-latency	24458	413750	0.05911299093655589	0	147	805c8c7334c868e18e2be84be95b83cc60895722d739c2b164a68be4cd410c49				
1118	graph-id-in-literal-wrapped-contains-k02-group-24-targeted	graph-id-set	graph-id-in-literal-wrapped-contains	success	1	successful-latency	205916	3515875	0.058567497422405516	10	6351	274597a5e0e535d6581734920f9ffbc39062a84a13ad9d85823a8f12df219dfd				
1119	graph-id-in-parameter-wrapped-contains-k02-group-24-targeted	graph-id-set	graph-id-in-parameter-wrapped-contains	success	1	successful-latency	23208	544833	0.042596538755912364	10	6351	274597a5e0e535d6581734920f9ffbc39062a84a13ad9d85823a8f12df219dfd				
1120	request-selected-set-wrapped-contains-k02-group-24-targeted	graph-set-reference	request-selected-set-wrapped-contains	success	1	successful-latency	28625	449708	0.0636524144556023	10	6351	274597a5e0e535d6581734920f9ffbc39062a84a13ad9d85823a8f12df219dfd				
1121	graph-id-in-literal-wrapped-contains-k02-group-24-dense	graph-id-set	graph-id-in-literal-wrapped-contains	success	1	successful-latency	901666	19282541	0.04676074589961977	200	97301	4abd067ea3c7496241f2623586a132809a81e33bd08c7645b717be3ee7ee2542				
1122	graph-id-in-parameter-wrapped-contains-k02-group-24-dense	graph-id-set	graph-id-in-parameter-wrapped-contains	success	1	successful-latency	36583	1023875	0.03572994750335735	200	97301	4abd067ea3c7496241f2623586a132809a81e33bd08c7645b717be3ee7ee2542				
1123	request-selected-set-wrapped-contains-k02-group-24-dense	graph-set-reference	request-selected-set-wrapped-contains	success	1	successful-latency	26708	819792	0.03257899564767648	200	97301	4abd067ea3c7496241f2623586a132809a81e33bd08c7645b717be3ee7ee2542				
1124	graph-id-in-literal-wrapped-contains-k02-group-25-zero	graph-id-set	graph-id-in-literal-wrapped-contains	success	1	successful-latency	51667	2241292	0.023052328746098232	0	147	805c8c7334c868e18e2be84be95b83cc60895722d739c2b164a68be4cd410c49				
1125	graph-id-in-parameter-wrapped-contains-k02-group-25-zero	graph-id-set	graph-id-in-parameter-wrapped-contains	success	1	successful-latency	30916	548125	0.05640319270239453	0	147	805c8c7334c868e18e2be84be95b83cc60895722d739c2b164a68be4cd410c49				
1126	request-selected-set-wrapped-contains-k02-group-25-zero	graph-set-reference	request-selected-set-wrapped-contains	success	1	successful-latency	23458	425583	0.05511968288207001	0	147	805c8c7334c868e18e2be84be95b83cc60895722d739c2b164a68be4cd410c49				
1127	graph-id-in-literal-wrapped-contains-k02-group-25-targeted	graph-id-set	graph-id-in-literal-wrapped-contains	success	1	successful-latency	234750	3593792	0.06532097572703151	11	6749	2381a85a5b438c2bf70fa3be382bc797869fcc97bf32160c293adfc9bc311b40				
1128	graph-id-in-parameter-wrapped-contains-k02-group-25-targeted	graph-id-set	graph-id-in-parameter-wrapped-contains	success	1	successful-latency	32083	586375	0.05471413344702622	11	6749	2381a85a5b438c2bf70fa3be382bc797869fcc97bf32160c293adfc9bc311b40				
1129	request-selected-set-wrapped-contains-k02-group-25-targeted	graph-set-reference	request-selected-set-wrapped-contains	success	1	successful-latency	49625	479125	0.10357422384555179	11	6749	2381a85a5b438c2bf70fa3be382bc797869fcc97bf32160c293adfc9bc311b40				
1130	graph-id-in-literal-wrapped-contains-k02-group-25-dense	graph-id-set	graph-id-in-literal-wrapped-contains	success	1	successful-latency	850250	12974250	0.06553365319768002	200	91564	fbf180fab82c32493738bb60bb29955d3f45810bb23806d614f71964200069bc				
1131	graph-id-in-parameter-wrapped-contains-k02-group-25-dense	graph-id-set	graph-id-in-parameter-wrapped-contains	success	1	successful-latency	37584	935542	0.04017350370159758	200	91564	fbf180fab82c32493738bb60bb29955d3f45810bb23806d614f71964200069bc				
1132	request-selected-set-wrapped-contains-k02-group-25-dense	graph-set-reference	request-selected-set-wrapped-contains	success	1	successful-latency	30292	786125	0.03853331213229448	200	91564	fbf180fab82c32493738bb60bb29955d3f45810bb23806d614f71964200069bc				
1133	graph-id-in-literal-wrapped-contains-k02-group-26-zero	graph-id-set	graph-id-in-literal-wrapped-contains	success	1	successful-latency	41667	5692542	0.007319577088759292	0	147	805c8c7334c868e18e2be84be95b83cc60895722d739c2b164a68be4cd410c49				
1134	graph-id-in-parameter-wrapped-contains-k02-group-26-zero	graph-id-set	graph-id-in-parameter-wrapped-contains	success	1	successful-latency	22500	1308333	0.01719745661081697	0	147	805c8c7334c868e18e2be84be95b83cc60895722d739c2b164a68be4cd410c49				
1135	request-selected-set-wrapped-contains-k02-group-26-zero	graph-set-reference	request-selected-set-wrapped-contains	success	1	successful-latency	38541	1048167	0.03676990403246811	0	147	805c8c7334c868e18e2be84be95b83cc60895722d739c2b164a68be4cd410c49				
1136	graph-id-in-literal-wrapped-contains-k02-group-26-targeted	graph-id-set	graph-id-in-literal-wrapped-contains	success	1	successful-latency	210334	4304542	0.048863270471051275	1	792	6691abe0a1f608719107bf4ffc3fa52632123ab77cb7c2c3c6536cd32de533b1				
1137	graph-id-in-parameter-wrapped-contains-k02-group-26-targeted	graph-id-set	graph-id-in-parameter-wrapped-contains	success	1	successful-latency	22375	634458	0.03526632180538349	1	792	6691abe0a1f608719107bf4ffc3fa52632123ab77cb7c2c3c6536cd32de533b1				
1138	request-selected-set-wrapped-contains-k02-group-26-targeted	graph-set-reference	request-selected-set-wrapped-contains	success	1	successful-latency	33125	474875	0.06975519873650961	1	792	6691abe0a1f608719107bf4ffc3fa52632123ab77cb7c2c3c6536cd32de533b1				
1139	graph-id-in-literal-wrapped-contains-k02-group-26-dense	graph-id-set	graph-id-in-literal-wrapped-contains	success	1	successful-latency	852750	14360625	0.05938112025068547	200	96891	db4b9bfadbbb61a039e76484090eda57349ec9585a7c795f46793352fb739e7c				
1140	graph-id-in-parameter-wrapped-contains-k02-group-26-dense	graph-id-set	graph-id-in-parameter-wrapped-contains	success	1	successful-latency	51334	971917	0.05281726731809403	200	96891	db4b9bfadbbb61a039e76484090eda57349ec9585a7c795f46793352fb739e7c				
1141	request-selected-set-wrapped-contains-k02-group-26-dense	graph-set-reference	request-selected-set-wrapped-contains	success	1	successful-latency	40791	803833	0.0507456150717873	200	96891	db4b9bfadbbb61a039e76484090eda57349ec9585a7c795f46793352fb739e7c				
1142	graph-id-in-literal-wrapped-contains-k02-group-27-zero	graph-id-set	graph-id-in-literal-wrapped-contains	success	1	successful-latency	55750	2269333	0.024566689859972072	0	147	805c8c7334c868e18e2be84be95b83cc60895722d739c2b164a68be4cd410c49				
1143	graph-id-in-parameter-wrapped-contains-k02-group-27-zero	graph-id-set	graph-id-in-parameter-wrapped-contains	success	1	successful-latency	28542	525333	0.05433125274825682	0	147	805c8c7334c868e18e2be84be95b83cc60895722d739c2b164a68be4cd410c49				
1144	request-selected-set-wrapped-contains-k02-group-27-zero	graph-set-reference	request-selected-set-wrapped-contains	success	1	successful-latency	26458	431792	0.06127487308704191	0	147	805c8c7334c868e18e2be84be95b83cc60895722d739c2b164a68be4cd410c49				
1145	graph-id-in-literal-wrapped-contains-k02-group-27-targeted	graph-id-set	graph-id-in-literal-wrapped-contains	success	1	successful-latency	185333	3952125	0.046894518771546954	3	1869	5157205e66d4cebff8b628175c555fdb333564013eabc5f496e37f9a4ad2b606				
1146	graph-id-in-parameter-wrapped-contains-k02-group-27-targeted	graph-id-set	graph-id-in-parameter-wrapped-contains	success	1	successful-latency	26792	1258542	0.021288125465816793	3	1869	5157205e66d4cebff8b628175c555fdb333564013eabc5f496e37f9a4ad2b606				
1147	request-selected-set-wrapped-contains-k02-group-27-targeted	graph-set-reference	request-selected-set-wrapped-contains	success	1	successful-latency	23167	1218000	0.019020525451559935	3	1869	5157205e66d4cebff8b628175c555fdb333564013eabc5f496e37f9a4ad2b606				
1148	graph-id-in-literal-wrapped-contains-k02-group-27-dense	graph-id-set	graph-id-in-literal-wrapped-contains	success	1	successful-latency	876625	17285666	0.05071398463906453	200	92798	60b390f0b190e46f6fd1b4929641c7324c9142e0f18a85bc338e7b41ebe62db5				
1149	graph-id-in-parameter-wrapped-contains-k02-group-27-dense	graph-id-set	graph-id-in-parameter-wrapped-contains	success	1	successful-latency	37875	1030000	0.036771844660194175	200	92798	60b390f0b190e46f6fd1b4929641c7324c9142e0f18a85bc338e7b41ebe62db5				
1150	request-selected-set-wrapped-contains-k02-group-27-dense	graph-set-reference	request-selected-set-wrapped-contains	success	1	successful-latency	28083	805500	0.034864059590316576	200	92798	60b390f0b190e46f6fd1b4929641c7324c9142e0f18a85bc338e7b41ebe62db5				
1151	graph-id-in-literal-wrapped-contains-k02-group-28-zero	graph-id-set	graph-id-in-literal-wrapped-contains	success	1	successful-latency	55333	2326167	0.023787200145131453	0	147	805c8c7334c868e18e2be84be95b83cc60895722d739c2b164a68be4cd410c49				
1152	graph-id-in-parameter-wrapped-contains-k02-group-28-zero	graph-id-set	graph-id-in-parameter-wrapped-contains	success	1	successful-latency	39333	545083	0.07215965275013163	0	147	805c8c7334c868e18e2be84be95b83cc60895722d739c2b164a68be4cd410c49				
1153	request-selected-set-wrapped-contains-k02-group-28-zero	graph-set-reference	request-selected-set-wrapped-contains	success	1	successful-latency	22625	439042	0.05153265519016404	0	147	805c8c7334c868e18e2be84be95b83cc60895722d739c2b164a68be4cd410c49				
1154	graph-id-in-literal-wrapped-contains-k02-group-28-targeted	graph-id-set	graph-id-in-literal-wrapped-contains	success	1	successful-latency	232041	3824125	0.06067819435818651	1	802	7ebbe5301915ad5c39692b733c3f39851576d09270c89f830b9e80b342a866f6				
1155	graph-id-in-parameter-wrapped-contains-k02-group-28-targeted	graph-id-set	graph-id-in-parameter-wrapped-contains	success	1	successful-latency	22250	595541	0.037360987740558585	1	802	7ebbe5301915ad5c39692b733c3f39851576d09270c89f830b9e80b342a866f6				
1156	request-selected-set-wrapped-contains-k02-group-28-targeted	graph-set-reference	request-selected-set-wrapped-contains	success	1	successful-latency	20084	443875	0.04524697268375106	1	802	7ebbe5301915ad5c39692b733c3f39851576d09270c89f830b9e80b342a866f6				
1157	graph-id-in-literal-wrapped-contains-k02-group-28-dense	graph-id-set	graph-id-in-literal-wrapped-contains	success	1	successful-latency	803542	14820000	0.05422010796221322	200	93704	b778fc4edfb3c1031b90b2d3d121fd31958733afdc68d3f1cde538a17b738328				
1158	graph-id-in-parameter-wrapped-contains-k02-group-28-dense	graph-id-set	graph-id-in-parameter-wrapped-contains	success	1	successful-latency	40208	2057834	0.019538990997330204	200	93704	b778fc4edfb3c1031b90b2d3d121fd31958733afdc68d3f1cde538a17b738328				
1159	request-selected-set-wrapped-contains-k02-group-28-dense	graph-set-reference	request-selected-set-wrapped-contains	success	1	successful-latency	29250	1799750	0.016252257257952492	200	93704	b778fc4edfb3c1031b90b2d3d121fd31958733afdc68d3f1cde538a17b738328				
1160	graph-id-in-literal-wrapped-contains-k02-group-29-zero	graph-id-set	graph-id-in-literal-wrapped-contains	success	1	successful-latency	47709	2463708	0.01936471367548427	0	147	805c8c7334c868e18e2be84be95b83cc60895722d739c2b164a68be4cd410c49				
1161	graph-id-in-parameter-wrapped-contains-k02-group-29-zero	graph-id-set	graph-id-in-parameter-wrapped-contains	success	1	successful-latency	30125	562125	0.05359128307760729	0	147	805c8c7334c868e18e2be84be95b83cc60895722d739c2b164a68be4cd410c49				
1162	request-selected-set-wrapped-contains-k02-group-29-zero	graph-set-reference	request-selected-set-wrapped-contains	success	1	successful-latency	22625	442625	0.05111550409488845	0	147	805c8c7334c868e18e2be84be95b83cc60895722d739c2b164a68be4cd410c49				
1163	graph-id-in-literal-wrapped-contains-k02-group-29-targeted	graph-id-set	graph-id-in-literal-wrapped-contains	success	1	successful-latency	198667	3725500	0.05332626493088176	12	7029	1df616dc12f8aa99df8ef1921ad6c878afdd2d37362d488527ffbb7ddbe7f6e3				
1164	graph-id-in-parameter-wrapped-contains-k02-group-29-targeted	graph-id-set	graph-id-in-parameter-wrapped-contains	success	1	successful-latency	32709	626916	0.052174453993836495	12	7029	1df616dc12f8aa99df8ef1921ad6c878afdd2d37362d488527ffbb7ddbe7f6e3				
1165	request-selected-set-wrapped-contains-k02-group-29-targeted	graph-set-reference	request-selected-set-wrapped-contains	success	1	successful-latency	28375	489625	0.05795251467960173	12	7029	1df616dc12f8aa99df8ef1921ad6c878afdd2d37362d488527ffbb7ddbe7f6e3				
1166	graph-id-in-literal-wrapped-contains-k02-group-29-dense	graph-id-set	graph-id-in-literal-wrapped-contains	success	1	successful-latency	956000	16000292	0.059748909582400124	200	94948	3f3fd3df372307937afdfd0915ce035266497833c5712760faf456eece659c97				
1167	graph-id-in-parameter-wrapped-contains-k02-group-29-dense	graph-id-set	graph-id-in-parameter-wrapped-contains	success	1	successful-latency	41291	966625	0.04271666882193198	200	94948	3f3fd3df372307937afdfd0915ce035266497833c5712760faf456eece659c97				
1168	request-selected-set-wrapped-contains-k02-group-29-dense	graph-set-reference	request-selected-set-wrapped-contains	success	1	successful-latency	58167	792708	0.07337758670279598	200	94948	3f3fd3df372307937afdfd0915ce035266497833c5712760faf456eece659c97				
1169	graph-id-in-literal-wrapped-contains-k02-group-30-zero	graph-id-set	graph-id-in-literal-wrapped-contains	success	1	successful-latency	57875	2292708	0.02524307500126488	0	147	805c8c7334c868e18e2be84be95b83cc60895722d739c2b164a68be4cd410c49				
1170	graph-id-in-parameter-wrapped-contains-k02-group-30-zero	graph-id-set	graph-id-in-parameter-wrapped-contains	success	1	successful-latency	39166	521042	0.07516860445031302	0	147	805c8c7334c868e18e2be84be95b83cc60895722d739c2b164a68be4cd410c49				
1171	request-selected-set-wrapped-contains-k02-group-30-zero	graph-set-reference	request-selected-set-wrapped-contains	success	1	successful-latency	56583	591416	0.09567377277584645	0	147	805c8c7334c868e18e2be84be95b83cc60895722d739c2b164a68be4cd410c49				
1172	graph-id-in-literal-wrapped-contains-k02-group-30-targeted	graph-id-set	graph-id-in-literal-wrapped-contains	success	1	successful-latency	264750	7989500	0.03313724263095313	13	7599	88379c6b80e2b23974c6b6a1e2c6fc3f3680ec705c71b7cecbc9a2228bf7fa26				
1173	graph-id-in-parameter-wrapped-contains-k02-group-30-targeted	graph-id-set	graph-id-in-parameter-wrapped-contains	success	1	successful-latency	35584	1356000	0.026241887905604718	13	7599	88379c6b80e2b23974c6b6a1e2c6fc3f3680ec705c71b7cecbc9a2228bf7fa26				
1174	request-selected-set-wrapped-contains-k02-group-30-targeted	graph-set-reference	request-selected-set-wrapped-contains	success	1	successful-latency	23875	1137416	0.020990561061212432	13	7599	88379c6b80e2b23974c6b6a1e2c6fc3f3680ec705c71b7cecbc9a2228bf7fa26				
1175	graph-id-in-literal-wrapped-contains-k02-group-30-dense	graph-id-set	graph-id-in-literal-wrapped-contains	success	1	successful-latency	822625	13729458	0.059916786227103794	200	94040	5d662b90e716477fff887768402c85462026d6042e22f1d7fafdb565b9f9efc8				
1176	graph-id-in-parameter-wrapped-contains-k02-group-30-dense	graph-id-set	graph-id-in-parameter-wrapped-contains	success	1	successful-latency	37375	962042	0.03884965521255829	200	94040	5d662b90e716477fff887768402c85462026d6042e22f1d7fafdb565b9f9efc8				
1177	request-selected-set-wrapped-contains-k02-group-30-dense	graph-set-reference	request-selected-set-wrapped-contains	success	1	successful-latency	36625	807542	0.04535367819878099	200	94040	5d662b90e716477fff887768402c85462026d6042e22f1d7fafdb565b9f9efc8				
1178	graph-id-in-literal-wrapped-contains-k02-group-31-zero	graph-id-set	graph-id-in-literal-wrapped-contains	success	1	successful-latency	33584	2288667	0.014674043886681636	0	147	805c8c7334c868e18e2be84be95b83cc60895722d739c2b164a68be4cd410c49				
1179	graph-id-in-parameter-wrapped-contains-k02-group-31-zero	graph-id-set	graph-id-in-parameter-wrapped-contains	success	1	successful-latency	26291	546000	0.04815201465201465	0	147	805c8c7334c868e18e2be84be95b83cc60895722d739c2b164a68be4cd410c49				
1180	request-selected-set-wrapped-contains-k02-group-31-zero	graph-set-reference	request-selected-set-wrapped-contains	success	1	successful-latency	23333	433542	0.05381946847133611	0	147	805c8c7334c868e18e2be84be95b83cc60895722d739c2b164a68be4cd410c49				
1181	graph-id-in-literal-wrapped-contains-k02-group-31-targeted	graph-id-set	graph-id-in-literal-wrapped-contains	success	1	successful-latency	183500	3624916	0.05062186268592155	1	877	f04b3035acb1285487cb68f126c796fd316b35c6ce630f1e71efd88436bf28f2				
1182	graph-id-in-parameter-wrapped-contains-k02-group-31-targeted	graph-id-set	graph-id-in-parameter-wrapped-contains	success	1	successful-latency	22375	646417	0.03461387927607102	1	877	f04b3035acb1285487cb68f126c796fd316b35c6ce630f1e71efd88436bf28f2				
1183	request-selected-set-wrapped-contains-k02-group-31-targeted	graph-set-reference	request-selected-set-wrapped-contains	success	1	successful-latency	19333	477000	0.04053039832285115	1	877	f04b3035acb1285487cb68f126c796fd316b35c6ce630f1e71efd88436bf28f2				
1184	graph-id-in-literal-wrapped-contains-k02-group-31-dense	graph-id-set	graph-id-in-literal-wrapped-contains	success	1	successful-latency	831458	16920292	0.049139695697922946	200	97449	f19574ac46a01dafc16136d9e8c4835b8d40c72753078eb8a67a1d7d438dd937				
1185	graph-id-in-parameter-wrapped-contains-k02-group-31-dense	graph-id-set	graph-id-in-parameter-wrapped-contains	success	1	successful-latency	32542	1062500	0.030627764705882354	200	97449	f19574ac46a01dafc16136d9e8c4835b8d40c72753078eb8a67a1d7d438dd937				
1186	request-selected-set-wrapped-contains-k02-group-31-dense	graph-set-reference	request-selected-set-wrapped-contains	success	1	successful-latency	33750	1400625	0.024096385542168676	200	97449	f19574ac46a01dafc16136d9e8c4835b8d40c72753078eb8a67a1d7d438dd937				
1187	graph-id-in-literal-wrapped-contains-k08-group-00-zero	graph-id-set	graph-id-in-literal-wrapped-contains	success	1	successful-latency	77792	9480333	0.008205618937647022	0	147	805c8c7334c868e18e2be84be95b83cc60895722d739c2b164a68be4cd410c49				
1188	graph-id-in-parameter-wrapped-contains-k08-group-00-zero	graph-id-set	graph-id-in-parameter-wrapped-contains	success	1	successful-latency	33750	645459	0.05228837153095704	0	147	805c8c7334c868e18e2be84be95b83cc60895722d739c2b164a68be4cd410c49				
1189	request-selected-set-wrapped-contains-k08-group-00-zero	graph-set-reference	request-selected-set-wrapped-contains	success	1	successful-latency	32083	499166	0.06427320771046105	0	147	805c8c7334c868e18e2be84be95b83cc60895722d739c2b164a68be4cd410c49				
1190	graph-id-in-literal-wrapped-contains-k08-group-00-targeted	graph-id-set	graph-id-in-literal-wrapped-contains	success	1	successful-latency	364833	13670125	0.02668834410804583	10	5730	00c81103244dc6d42abdc3894d771e5a24957dcf7e5ad4d8dc686b1d7e0cb89e				
1191	graph-id-in-parameter-wrapped-contains-k08-group-00-targeted	graph-id-set	graph-id-in-parameter-wrapped-contains	success	1	successful-latency	30625	761833	0.04019909875261376	10	5730	00c81103244dc6d42abdc3894d771e5a24957dcf7e5ad4d8dc686b1d7e0cb89e				
1192	request-selected-set-wrapped-contains-k08-group-00-targeted	graph-set-reference	request-selected-set-wrapped-contains	success	1	successful-latency	28125	572500	0.04912663755458515	10	5730	00c81103244dc6d42abdc3894d771e5a24957dcf7e5ad4d8dc686b1d7e0cb89e				
1193	graph-id-in-literal-wrapped-contains-k08-group-00-dense	graph-id-set	graph-id-in-literal-wrapped-contains	success	1	successful-latency	84625	890792	0.094999730576835	200	84411	3bdee68309e62bee93f47848258ded90b1763d55841fa57d8b8fd21867653c44				
1194	graph-id-in-parameter-wrapped-contains-k08-group-00-dense	graph-id-set	graph-id-in-parameter-wrapped-contains	success	1	successful-latency	41375	1021875	0.04048929663608563	200	84411	3bdee68309e62bee93f47848258ded90b1763d55841fa57d8b8fd21867653c44				
1195	request-selected-set-wrapped-contains-k08-group-00-dense	graph-set-reference	request-selected-set-wrapped-contains	success	1	successful-latency	31334	820750	0.03817727688090161	200	84411	3bdee68309e62bee93f47848258ded90b1763d55841fa57d8b8fd21867653c44				
1196	graph-id-in-literal-wrapped-contains-k08-group-01-zero	graph-id-set	graph-id-in-literal-wrapped-contains	success	1	successful-latency	73833	10352875	0.00713164217669005	0	147	805c8c7334c868e18e2be84be95b83cc60895722d739c2b164a68be4cd410c49				
1197	graph-id-in-parameter-wrapped-contains-k08-group-01-zero	graph-id-set	graph-id-in-parameter-wrapped-contains	success	1	successful-latency	28375	477167	0.059465553988435914	0	147	805c8c7334c868e18e2be84be95b83cc60895722d739c2b164a68be4cd410c49				
1198	request-selected-set-wrapped-contains-k08-group-01-zero	graph-set-reference	request-selected-set-wrapped-contains	success	1	successful-latency	25125	319250	0.07870007830853563	0	147	805c8c7334c868e18e2be84be95b83cc60895722d739c2b164a68be4cd410c49				
1199	graph-id-in-literal-wrapped-contains-k08-group-01-targeted	graph-id-set	graph-id-in-literal-wrapped-contains	success	1	successful-latency	366917	11296583	0.03248035268717983	2	1322	4b49b28d836e57c2c3f8d43a93acd00a93b169fcd603338f9ab350f541e9665c				
1200	graph-id-in-parameter-wrapped-contains-k08-group-01-targeted	graph-id-set	graph-id-in-parameter-wrapped-contains	success	1	successful-latency	29000	481042	0.060285796250639234	2	1322	4b49b28d836e57c2c3f8d43a93acd00a93b169fcd603338f9ab350f541e9665c				
1201	request-selected-set-wrapped-contains-k08-group-01-targeted	graph-set-reference	request-selected-set-wrapped-contains	success	1	successful-latency	26917	420458	0.06401828482274091	2	1322	4b49b28d836e57c2c3f8d43a93acd00a93b169fcd603338f9ab350f541e9665c				
1202	graph-id-in-literal-wrapped-contains-k08-group-01-dense	graph-id-set	graph-id-in-literal-wrapped-contains	success	1	successful-latency	90125	977083	0.09223883743755648	200	85531	ed34441ff634f19c276911a1fa193106a9070fde1065b57fc7ec71132b8d5f66				
1203	graph-id-in-parameter-wrapped-contains-k08-group-01-dense	graph-id-set	graph-id-in-parameter-wrapped-contains	success	1	successful-latency	38250	690792	0.055371226070944655	200	85531	ed34441ff634f19c276911a1fa193106a9070fde1065b57fc7ec71132b8d5f66				
1204	request-selected-set-wrapped-contains-k08-group-01-dense	graph-set-reference	request-selected-set-wrapped-contains	success	1	successful-latency	58125	475500	0.1222397476340694	200	85531	ed34441ff634f19c276911a1fa193106a9070fde1065b57fc7ec71132b8d5f66				
1205	graph-id-in-literal-wrapped-contains-k08-group-02-zero	graph-id-set	graph-id-in-literal-wrapped-contains	success	1	successful-latency	89834	5782250	0.015536166717108392	0	147	805c8c7334c868e18e2be84be95b83cc60895722d739c2b164a68be4cd410c49				
1206	graph-id-in-parameter-wrapped-contains-k08-group-02-zero	graph-id-set	graph-id-in-parameter-wrapped-contains	success	1	successful-latency	32167	454542	0.07076793783632755	0	147	805c8c7334c868e18e2be84be95b83cc60895722d739c2b164a68be4cd410c49				
1207	request-selected-set-wrapped-contains-k08-group-02-zero	graph-set-reference	request-selected-set-wrapped-contains	success	1	successful-latency	23375	427125	0.05472636815920398	0	147	805c8c7334c868e18e2be84be95b83cc60895722d739c2b164a68be4cd410c49				
1208	graph-id-in-literal-wrapped-contains-k08-group-02-targeted	graph-id-set	graph-id-in-literal-wrapped-contains	success	1	successful-latency	440792	7323416	0.06018939795308637	1	771	41ad9b5110585bc89df35b9d0a0c6bd66daaf6c239b4212552d078b2f2a28c34				
1209	graph-id-in-parameter-wrapped-contains-k08-group-02-targeted	graph-id-set	graph-id-in-parameter-wrapped-contains	success	1	successful-latency	27542	427500	0.06442573099415205	1	771	41ad9b5110585bc89df35b9d0a0c6bd66daaf6c239b4212552d078b2f2a28c34				
1210	request-selected-set-wrapped-contains-k08-group-02-targeted	graph-set-reference	request-selected-set-wrapped-contains	success	1	successful-latency	24833	406667	0.061064704045324554	1	771	41ad9b5110585bc89df35b9d0a0c6bd66daaf6c239b4212552d078b2f2a28c34				
1211	graph-id-in-literal-wrapped-contains-k08-group-02-dense	graph-id-set	graph-id-in-literal-wrapped-contains	success	1	successful-latency	80917	547166	0.14788382319076843	200	94237	51b180cd96740a311cc61165baa84cc05517b2f28ac6c70debc25f8e14514414				
1212	graph-id-in-parameter-wrapped-contains-k08-group-02-dense	graph-id-set	graph-id-in-parameter-wrapped-contains	success	1	successful-latency	31542	495500	0.063656912209889	200	94237	51b180cd96740a311cc61165baa84cc05517b2f28ac6c70debc25f8e14514414				
1213	request-selected-set-wrapped-contains-k08-group-02-dense	graph-set-reference	request-selected-set-wrapped-contains	success	1	successful-latency	28083	426916	0.06578109042528273	200	94237	51b180cd96740a311cc61165baa84cc05517b2f28ac6c70debc25f8e14514414				
1214	graph-id-in-literal-wrapped-contains-k08-group-03-zero	graph-id-set	graph-id-in-literal-wrapped-contains	success	1	successful-latency	60333	6200042	0.009731063112153111	0	147	805c8c7334c868e18e2be84be95b83cc60895722d739c2b164a68be4cd410c49				
1215	graph-id-in-parameter-wrapped-contains-k08-group-03-zero	graph-id-set	graph-id-in-parameter-wrapped-contains	success	1	successful-latency	23833	470917	0.05060976775100495	0	147	805c8c7334c868e18e2be84be95b83cc60895722d739c2b164a68be4cd410c49				
1216	request-selected-set-wrapped-contains-k08-group-03-zero	graph-set-reference	request-selected-set-wrapped-contains	success	1	successful-latency	28291	375125	0.07541752749083638	0	147	805c8c7334c868e18e2be84be95b83cc60895722d739c2b164a68be4cd410c49				
1217	graph-id-in-literal-wrapped-contains-k08-group-03-targeted	graph-id-set	graph-id-in-literal-wrapped-contains	success	1	successful-latency	320708	7566584	0.04238478023900878	11	6471	f7053dac9cedfeddd8e106fa7637705f2074a663f1e92a91b4f90ae3e2987a4d				
1218	graph-id-in-parameter-wrapped-contains-k08-group-03-targeted	graph-id-set	graph-id-in-parameter-wrapped-contains	success	1	successful-latency	36250	433625	0.0835975785528971	11	6471	f7053dac9cedfeddd8e106fa7637705f2074a663f1e92a91b4f90ae3e2987a4d				
1219	request-selected-set-wrapped-contains-k08-group-03-targeted	graph-set-reference	request-selected-set-wrapped-contains	success	1	successful-latency	27084	383583	0.07060792579441738	11	6471	f7053dac9cedfeddd8e106fa7637705f2074a663f1e92a91b4f90ae3e2987a4d				
1220	graph-id-in-literal-wrapped-contains-k08-group-03-dense	graph-id-set	graph-id-in-literal-wrapped-contains	success	1	successful-latency	83750	531000	0.15772128060263654	200	96144	13cc3d04be15c5d98101b6676211e0260c08571becd6cbc7be1dcfad1b7efce8				
1221	graph-id-in-parameter-wrapped-contains-k08-group-03-dense	graph-id-set	graph-id-in-parameter-wrapped-contains	success	1	successful-latency	30291	489791	0.06184474602432466	200	96144	13cc3d04be15c5d98101b6676211e0260c08571becd6cbc7be1dcfad1b7efce8				
1222	request-selected-set-wrapped-contains-k08-group-03-dense	graph-set-reference	request-selected-set-wrapped-contains	success	1	successful-latency	28125	434750	0.06469235192639448	200	96144	13cc3d04be15c5d98101b6676211e0260c08571becd6cbc7be1dcfad1b7efce8				
1223	graph-id-in-literal-wrapped-contains-k08-group-04-zero	graph-id-set	graph-id-in-literal-wrapped-contains	success	1	successful-latency	60916	6858750	0.008881501731365045	0	147	805c8c7334c868e18e2be84be95b83cc60895722d739c2b164a68be4cd410c49				
1224	graph-id-in-parameter-wrapped-contains-k08-group-04-zero	graph-id-set	graph-id-in-parameter-wrapped-contains	success	1	successful-latency	24958	448458	0.055652926249503853	0	147	805c8c7334c868e18e2be84be95b83cc60895722d739c2b164a68be4cd410c49				
1225	request-selected-set-wrapped-contains-k08-group-04-zero	graph-set-reference	request-selected-set-wrapped-contains	success	1	successful-latency	26791	361667	0.0740764294226457	0	147	805c8c7334c868e18e2be84be95b83cc60895722d739c2b164a68be4cd410c49				
1226	graph-id-in-literal-wrapped-contains-k08-group-04-targeted	graph-id-set	graph-id-in-literal-wrapped-contains	success	1	successful-latency	430959	10101416	0.04266322662090147	4	2862	72e96499d86d64ae9da267f3b15791817d4250f06a8dfea9d09edd8c3c23a440				
1227	graph-id-in-parameter-wrapped-contains-k08-group-04-targeted	graph-id-set	graph-id-in-parameter-wrapped-contains	success	1	successful-latency	47209	445167	0.10604784271969846	4	2862	72e96499d86d64ae9da267f3b15791817d4250f06a8dfea9d09edd8c3c23a440				
1228	request-selected-set-wrapped-contains-k08-group-04-targeted	graph-set-reference	request-selected-set-wrapped-contains	success	1	successful-latency	37917	392375	0.09663459700541574	4	2862	72e96499d86d64ae9da267f3b15791817d4250f06a8dfea9d09edd8c3c23a440				
1229	graph-id-in-literal-wrapped-contains-k08-group-04-dense	graph-id-set	graph-id-in-literal-wrapped-contains	success	1	successful-latency	89875	580458	0.15483463058481406	200	92864	0ad6a5ae10cb27d8dd28af205e0df8ebd79b3e1ca0079c8c876100ee108fc38d				
1230	graph-id-in-parameter-wrapped-contains-k08-group-04-dense	graph-id-set	graph-id-in-parameter-wrapped-contains	success	1	successful-latency	38000	523750	0.07255369928400955	200	92864	0ad6a5ae10cb27d8dd28af205e0df8ebd79b3e1ca0079c8c876100ee108fc38d				
1231	request-selected-set-wrapped-contains-k08-group-04-dense	graph-set-reference	request-selected-set-wrapped-contains	success	1	successful-latency	36541	440250	0.08300056785917093	200	92864	0ad6a5ae10cb27d8dd28af205e0df8ebd79b3e1ca0079c8c876100ee108fc38d				
1232	graph-id-in-literal-wrapped-contains-k08-group-05-zero	graph-id-set	graph-id-in-literal-wrapped-contains	success	1	successful-latency	117208	6571917	0.017834674418438334	0	147	805c8c7334c868e18e2be84be95b83cc60895722d739c2b164a68be4cd410c49				
1233	graph-id-in-parameter-wrapped-contains-k08-group-05-zero	graph-id-set	graph-id-in-parameter-wrapped-contains	success	1	successful-latency	42041	368750	0.11400949152542372	0	147	805c8c7334c868e18e2be84be95b83cc60895722d739c2b164a68be4cd410c49				
1234	request-selected-set-wrapped-contains-k08-group-05-zero	graph-set-reference	request-selected-set-wrapped-contains	success	1	successful-latency	27084	350000	0.07738285714285714	0	147	805c8c7334c868e18e2be84be95b83cc60895722d739c2b164a68be4cd410c49				
1235	graph-id-in-literal-wrapped-contains-k08-group-05-targeted	graph-id-set	graph-id-in-literal-wrapped-contains	success	1	successful-latency	563125	10204125	0.055186015459434294	5	3569	2e8b431c58e14625230a8348815c48031083a65c269f458638b01cdf99fff211				
1236	graph-id-in-parameter-wrapped-contains-k08-group-05-targeted	graph-id-set	graph-id-in-parameter-wrapped-contains	success	1	successful-latency	32750	443833	0.07378901523771328	5	3569	2e8b431c58e14625230a8348815c48031083a65c269f458638b01cdf99fff211				
1237	request-selected-set-wrapped-contains-k08-group-05-targeted	graph-set-reference	request-selected-set-wrapped-contains	success	1	successful-latency	27583	423875	0.06507342966676496	5	3569	2e8b431c58e14625230a8348815c48031083a65c269f458638b01cdf99fff211				
1238	graph-id-in-literal-wrapped-contains-k08-group-05-dense	graph-id-set	graph-id-in-literal-wrapped-contains	success	1	successful-latency	77917	544375	0.14313111366245695	200	95189	6547ed796970ad3186785ae6dc7d6b1328d226d1878e5144fdb98c21fcba06f9				
1239	graph-id-in-parameter-wrapped-contains-k08-group-05-dense	graph-id-set	graph-id-in-parameter-wrapped-contains	success	1	successful-latency	38125	504416	0.07558245575080885	200	95189	6547ed796970ad3186785ae6dc7d6b1328d226d1878e5144fdb98c21fcba06f9				
1240	request-selected-set-wrapped-contains-k08-group-05-dense	graph-set-reference	request-selected-set-wrapped-contains	success	1	successful-latency	37041	482041	0.07684201136417856	200	95189	6547ed796970ad3186785ae6dc7d6b1328d226d1878e5144fdb98c21fcba06f9				
1241	graph-id-in-literal-wrapped-contains-k08-group-06-zero	graph-id-set	graph-id-in-literal-wrapped-contains	success	1	successful-latency	89541	5259416	0.0170248940186515	0	147	805c8c7334c868e18e2be84be95b83cc60895722d739c2b164a68be4cd410c49				
1242	graph-id-in-parameter-wrapped-contains-k08-group-06-zero	graph-id-set	graph-id-in-parameter-wrapped-contains	success	1	successful-latency	28958	411667	0.07034326287994909	0	147	805c8c7334c868e18e2be84be95b83cc60895722d739c2b164a68be4cd410c49				
1243	request-selected-set-wrapped-contains-k08-group-06-zero	graph-set-reference	request-selected-set-wrapped-contains	success	1	successful-latency	21917	339542	0.06454871562280955	0	147	805c8c7334c868e18e2be84be95b83cc60895722d739c2b164a68be4cd410c49				
1244	graph-id-in-literal-wrapped-contains-k08-group-06-targeted	graph-id-set	graph-id-in-literal-wrapped-contains	success	1	successful-latency	445292	7836958	0.056819495523645784	10	6351	274597a5e0e535d6581734920f9ffbc39062a84a13ad9d85823a8f12df219dfd				
1245	graph-id-in-parameter-wrapped-contains-k08-group-06-targeted	graph-id-set	graph-id-in-parameter-wrapped-contains	success	1	successful-latency	122542	450667	0.27191252077476274	10	6351	274597a5e0e535d6581734920f9ffbc39062a84a13ad9d85823a8f12df219dfd				
1246	request-selected-set-wrapped-contains-k08-group-06-targeted	graph-set-reference	request-selected-set-wrapped-contains	success	1	successful-latency	33625	400166	0.08402762853415832	10	6351	274597a5e0e535d6581734920f9ffbc39062a84a13ad9d85823a8f12df219dfd				
1247	graph-id-in-literal-wrapped-contains-k08-group-06-dense	graph-id-set	graph-id-in-literal-wrapped-contains	success	1	successful-latency	74416	558958	0.1331334375749162	200	97301	4abd067ea3c7496241f2623586a132809a81e33bd08c7645b717be3ee7ee2542				
1248	graph-id-in-parameter-wrapped-contains-k08-group-06-dense	graph-id-set	graph-id-in-parameter-wrapped-contains	success	1	successful-latency	812000	561667	1.4456964713967528	200	97301	4abd067ea3c7496241f2623586a132809a81e33bd08c7645b717be3ee7ee2542				
1249	request-selected-set-wrapped-contains-k08-group-06-dense	graph-set-reference	request-selected-set-wrapped-contains	success	1	successful-latency	140667	505625	0.27820420271940666	200	97301	4abd067ea3c7496241f2623586a132809a81e33bd08c7645b717be3ee7ee2542				
1250	graph-id-in-literal-wrapped-contains-k08-group-07-zero	graph-id-set	graph-id-in-literal-wrapped-contains	success	1	successful-latency	101291	5307583	0.019084204618184962	0	147	805c8c7334c868e18e2be84be95b83cc60895722d739c2b164a68be4cd410c49				
1251	graph-id-in-parameter-wrapped-contains-k08-group-07-zero	graph-id-set	graph-id-in-parameter-wrapped-contains	success	1	successful-latency	52083	388208	0.1341626138564893	0	147	805c8c7334c868e18e2be84be95b83cc60895722d739c2b164a68be4cd410c49				
1252	request-selected-set-wrapped-contains-k08-group-07-zero	graph-set-reference	request-selected-set-wrapped-contains	success	1	successful-latency	36000	344208	0.10458792358109051	0	147	805c8c7334c868e18e2be84be95b83cc60895722d739c2b164a68be4cd410c49				
1253	graph-id-in-literal-wrapped-contains-k08-group-07-targeted	graph-id-set	graph-id-in-literal-wrapped-contains	success	1	successful-latency	451333	8055958	0.05602474590855613	5	3192	6be81ce87c99d083628d76b0dce1e105c3d7fae110ebf15207143c3be7df8eeb				
1254	graph-id-in-parameter-wrapped-contains-k08-group-07-targeted	graph-id-set	graph-id-in-parameter-wrapped-contains	success	1	successful-latency	37541	451292	0.08318560931724914	5	3192	6be81ce87c99d083628d76b0dce1e105c3d7fae110ebf15207143c3be7df8eeb				
1255	request-selected-set-wrapped-contains-k08-group-07-targeted	graph-set-reference	request-selected-set-wrapped-contains	success	1	successful-latency	30833	398625	0.07734838507369081	5	3192	6be81ce87c99d083628d76b0dce1e105c3d7fae110ebf15207143c3be7df8eeb				
1256	graph-id-in-literal-wrapped-contains-k08-group-07-dense	graph-id-set	graph-id-in-literal-wrapped-contains	success	1	successful-latency	63667	556584	0.11438884337314763	200	93704	b778fc4edfb3c1031b90b2d3d121fd31958733afdc68d3f1cde538a17b738328				
1257	graph-id-in-parameter-wrapped-contains-k08-group-07-dense	graph-id-set	graph-id-in-parameter-wrapped-contains	success	1	successful-latency	46125	502875	0.09172259507829977	200	93704	b778fc4edfb3c1031b90b2d3d121fd31958733afdc68d3f1cde538a17b738328				
1258	request-selected-set-wrapped-contains-k08-group-07-dense	graph-set-reference	request-selected-set-wrapped-contains	success	1	successful-latency	49625	442917	0.11204130796514923	200	93704	b778fc4edfb3c1031b90b2d3d121fd31958733afdc68d3f1cde538a17b738328				
1259	graph-id-in-literal-wrapped-contains-k64-group-00-zero	graph-id-set	graph-id-in-literal-wrapped-contains	success	1	successful-latency	304333	56879583	0.005350478747356498	0	147	805c8c7334c868e18e2be84be95b83cc60895722d739c2b164a68be4cd410c49				
1260	graph-id-in-parameter-wrapped-contains-k64-group-00-zero	graph-id-set	graph-id-in-parameter-wrapped-contains	success	1	successful-latency	113583	1142791	0.09939087724702067	0	147	805c8c7334c868e18e2be84be95b83cc60895722d739c2b164a68be4cd410c49				
1261	graph-id-in-literal-wrapped-contains-k64-group-00-targeted	graph-id-set	graph-id-in-literal-wrapped-contains	success	1	successful-latency	1069291	63984500	0.016711719244504528	11	6277	ca01ade166f4156fe11d166c7832fed45bfbdf107060915eb0c8f2df36ef35ed				
1262	graph-id-in-parameter-wrapped-contains-k64-group-00-targeted	graph-id-set	graph-id-in-parameter-wrapped-contains	success	1	successful-latency	92625	1255917	0.07375089277396515	11	6277	ca01ade166f4156fe11d166c7832fed45bfbdf107060915eb0c8f2df36ef35ed				
1263	request-selected-set-wrapped-contains-k64-group-00-targeted	graph-set-reference	request-selected-set-wrapped-contains	success	1	successful-latency	88500	1071292	0.082610530088902	11	6277	ca01ade166f4156fe11d166c7832fed45bfbdf107060915eb0c8f2df36ef35ed				
1264	graph-id-in-literal-wrapped-contains-k64-group-00-dense	graph-id-set	graph-id-in-literal-wrapped-contains	success	1	successful-latency	91792	761292	0.12057397161667271	200	84411	3bdee68309e62bee93f47848258ded90b1763d55841fa57d8b8fd21867653c44				
1265	graph-id-in-parameter-wrapped-contains-k64-group-00-dense	graph-id-set	graph-id-in-parameter-wrapped-contains	success	1	successful-latency	49625	481208	0.10312588319396186	200	84411	3bdee68309e62bee93f47848258ded90b1763d55841fa57d8b8fd21867653c44				
1266	request-selected-set-wrapped-contains-k64-group-00-dense	graph-set-reference	request-selected-set-wrapped-contains	success	1	successful-latency	51208	449792	0.11384817871371657	200	84411	3bdee68309e62bee93f47848258ded90b1763d55841fa57d8b8fd21867653c44				
